Election,OfficeName,VoteFor,CandidateID,CanFirstName,CanLastName,CanAffilCommit,County,Votes,PartyName,PartyAbbrev
GP 2004,UNITED STATES SENATOR,1,7356,JACK,RYAN,,BROWN,125,REPUBLICAN,REP
GP 2004,UNITED STATES SENATOR,1,7356,JACK,RYAN,,CLAY,312,REPUBLICAN,REP
GP 2004,UNITED STATES SENATOR,1,7356,JACK,RYAN,,HARDIN,200,REPUBLICAN,REP
GP 2004,UNITED STATES SENATOR,1,7356,JACK,RYAN,,JERSEY,418,REPUBLICAN,REP
GP 2004,UNITED STATES SENATOR,1,7356,JACK,RYAN,,LOGAN,1122,REPUBLICAN,REP
GP 2004,UNITED STATES SENATOR,1,7356,JACK,RYAN,,RICHLAND,348,REPUBLICAN,REP
GP 2004,UNITED STATES SENATOR,1,7356,JACK,RYAN,,SCHUYLER,213,REPUBLICAN,REP
GP 2004,UNITED STATES SENATOR,1,7356,JACK,RYAN,,WASHINGTON,376,REPUBLICAN,REP
GP 2004,UNITED STATES SENATOR,1,7356,JACK,RYAN,,BOND,262,REPUBLICAN,REP
GP 2004,UNITED STATES SENATOR,1,7356,JACK,RYAN,,CLINTON,364,REPUBLICAN,REP
GP 2004,UNITED STATES SENATOR,1,7356,JACK,RYAN,,JASPER,146,REPUBLICAN,REP
GP 2004,UNITED STATES SENATOR,1,7356,JACK,RYAN,,MARSHALL,456,REPUBLICAN,REP
GP 2004,UNITED STATES SENATOR,1,7356,JACK,RYAN,,EDGAR,621,REPUBLICAN,REP
GP 2004,UNITED STATES SENATOR,1,7356,JACK,RYAN,,FORD,609,REPUBLICAN,REP
GP 2004,UNITED STATES SENATOR,1,7356,JACK,RYAN,,GREENE,323,REPUBLICAN,REP
GP 2004,UNITED STATES SENATOR,1,7356,JACK,RYAN,,IROQUOIS,1201,REPUBLICAN,REP
GP 2004,UNITED STATES SENATOR,1,7356,JACK,RYAN,,JOHNSON,544,REPUBLICAN,REP
GP 2004,UNITED STATES SENATOR,1,7356,JACK,RYAN,,LIVINGSTON,2028,REPUBLICAN,REP
GP 2004,UNITED STATES SENATOR,1,7356,JACK,RYAN,,MENARD,1280,REPUBLICAN,REP
GP 2004,UNITED STATES SENATOR,1,7356,JACK,RYAN,,MERCER,452,REPUBLICAN,REP
GP 2004,UNITED STATES SENATOR,1,7356,JACK,RYAN,,PERRY,289,REPUBLICAN,REP
GP 2004,UNITED STATES SENATOR,1,7356,JACK,RYAN,,PIATT,693,REPUBLICAN,REP
GP 2004,UNITED STATES SENATOR,1,7356,JACK,RYAN,,STARK,242,REPUBLICAN,REP
GP 2004,UNITED STATES SENATOR,1,7356,JACK,RYAN,,WILLIAMSON,860,REPUBLICAN,REP
GP 2004,UNITED STATES SENATOR,1,7356,JACK,RYAN,,WOODFORD,1841,REPUBLICAN,REP
GP 2004,UNITED STATES SENATOR,1,7356,JACK,RYAN,,FULTON,927,REPUBLICAN,REP
GP 2004,UNITED STATES SENATOR,1,7356,JACK,RYAN,,HAMILTON,219,REPUBLICAN,REP
GP 2004,UNITED STATES SENATOR,1,7356,JACK,RYAN,,HANCOCK,715,REPUBLICAN,REP
GP 2004,UNITED STATES SENATOR,1,7356,JACK,RYAN,,MACOUPIN,929,REPUBLICAN,REP
GP 2004,UNITED STATES SENATOR,1,7356,JACK,RYAN,,MASON,317,REPUBLICAN,REP
GP 2004,UNITED STATES SENATOR,1,7356,JACK,RYAN,,MONROE,286,REPUBLICAN,REP
GP 2004,UNITED STATES SENATOR,1,7356,JACK,RYAN,,SHELBY,482,REPUBLICAN,REP
GP 2004,UNITED STATES SENATOR,1,7356,JACK,RYAN,,BUREAU,1134,REPUBLICAN,REP
GP 2004,UNITED STATES SENATOR,1,7356,JACK,RYAN,,WARREN,620,REPUBLICAN,REP
GP 2004,UNITED STATES SENATOR,1,7356,JACK,RYAN,,DOUGLAS,894,REPUBLICAN,REP
GP 2004,UNITED STATES SENATOR,1,7356,JACK,RYAN,,COLES,1139,REPUBLICAN,REP
GP 2004,UNITED STATES SENATOR,1,7356,JACK,RYAN,,EDWARDS,227,REPUBLICAN,REP
GP 2004,UNITED STATES SENATOR,1,7356,JACK,RYAN,,PIKE,433,REPUBLICAN,REP
GP 2004,UNITED STATES SENATOR,1,7356,JACK,RYAN,,HENDERSON,166,REPUBLICAN,REP
GP 2004,UNITED STATES SENATOR,1,7356,JACK,RYAN,,JACKSON,592,REPUBLICAN,REP
GP 2004,UNITED STATES SENATOR,1,7356,JACK,RYAN,,ROCK ISLAND,1254,REPUBLICAN,REP
GP 2004,UNITED STATES SENATOR,1,7356,JACK,RYAN,,LEE,1328,REPUBLICAN,REP
GP 2004,UNITED STATES SENATOR,1,7356,JACK,RYAN,,CASS,388,REPUBLICAN,REP
GP 2004,UNITED STATES SENATOR,1,7356,JACK,RYAN,,WHITE,357,REPUBLICAN,REP
GP 2004,UNITED STATES SENATOR,1,7356,JACK,RYAN,,CRAWFORD,398,REPUBLICAN,REP
GP 2004,UNITED STATES SENATOR,1,7356,JACK,RYAN,,WHITESIDE,971,REPUBLICAN,REP
GP 2004,UNITED STATES SENATOR,1,7356,JACK,RYAN,,MORGAN,2209,REPUBLICAN,REP
GP 2004,UNITED STATES SENATOR,1,7356,JACK,RYAN,,OGLE,2576,REPUBLICAN,REP
GP 2004,UNITED STATES SENATOR,1,7356,JACK,RYAN,,FRANKLIN,415,REPUBLICAN,REP
GP 2004,UNITED STATES SENATOR,1,7356,JACK,RYAN,,FAYETTE,468,REPUBLICAN,REP
GP 2004,UNITED STATES SENATOR,1,7356,JACK,RYAN,,RANDOLPH,258,REPUBLICAN,REP
GP 2004,UNITED STATES SENATOR,1,7356,JACK,RYAN,,MARION,603,REPUBLICAN,REP
GP 2004,UNITED STATES SENATOR,1,7356,JACK,RYAN,,SALINE,714,REPUBLICAN,REP
GP 2004,UNITED STATES SENATOR,1,7356,JACK,RYAN,,MASSAC,497,REPUBLICAN,REP
GP 2004,UNITED STATES SENATOR,1,7356,JACK,RYAN,,WILL,12980,REPUBLICAN,REP
GP 2004,UNITED STATES SENATOR,1,7356,JACK,RYAN,,CLARK,243,REPUBLICAN,REP
GP 2004,UNITED STATES SENATOR,1,7356,JACK,RYAN,,CALHOUN,92,REPUBLICAN,REP
GP 2004,UNITED STATES SENATOR,1,7356,JACK,RYAN,,STEPHENSON,2378,REPUBLICAN,REP
GP 2004,UNITED STATES SENATOR,1,7356,JACK,RYAN,,GALLATIN,110,REPUBLICAN,REP
GP 2004,UNITED STATES SENATOR,1,7356,JACK,RYAN,,MONTGOMERY,663,REPUBLICAN,REP
GP 2004,UNITED STATES SENATOR,1,7356,JACK,RYAN,,JEFFERSON,330,REPUBLICAN,REP
GP 2004,UNITED STATES SENATOR,1,7356,JACK,RYAN,,PUTNAM,307,REPUBLICAN,REP
GP 2004,UNITED STATES SENATOR,1,7356,JACK,RYAN,,WABASH,273,REPUBLICAN,REP
GP 2004,UNITED STATES SENATOR,1,7356,JACK,RYAN,,MADISON,2670,REPUBLICAN,REP
GP 2004,UNITED STATES SENATOR,1,7356,JACK,RYAN,,GRUNDY,1438,REPUBLICAN,REP
GP 2004,UNITED STATES SENATOR,1,7356,JACK,RYAN,,JoDAVIESS,1404,REPUBLICAN,REP
GP 2004,UNITED STATES SENATOR,1,7356,JACK,RYAN,,TAZEWELL,3485,REPUBLICAN,REP
GP 2004,UNITED STATES SENATOR,1,7356,JACK,RYAN,,SANGAMON,6554,REPUBLICAN,REP
GP 2004,UNITED STATES SENATOR,1,7356,JACK,RYAN,,EFFINGHAM,912,REPUBLICAN,REP
GP 2004,UNITED STATES SENATOR,1,7356,JACK,RYAN,,LAKE,15829,REPUBLICAN,REP
GP 2004,UNITED STATES SENATOR,1,7356,JACK,RYAN,,LaSALLE,2082,REPUBLICAN,REP
GP 2004,UNITED STATES SENATOR,1,7356,JACK,RYAN,,HENRY,902,REPUBLICAN,REP
GP 2004,UNITED STATES SENATOR,1,7356,JACK,RYAN,,McDONOUGH,1763,REPUBLICAN,REP
GP 2004,UNITED STATES SENATOR,1,7356,JACK,RYAN,,CHAMPAIGN,5406,REPUBLICAN,REP
GP 2004,UNITED STATES SENATOR,1,7356,JACK,RYAN,,SCOTT,279,REPUBLICAN,REP
GP 2004,UNITED STATES SENATOR,1,7356,JACK,RYAN,,CARROLL,692,REPUBLICAN,REP
GP 2004,UNITED STATES SENATOR,1,7356,JACK,RYAN,,MACON,3262,REPUBLICAN,REP
GP 2004,UNITED STATES SENATOR,1,7356,JACK,RYAN,,POPE,180,REPUBLICAN,REP
GP 2004,UNITED STATES SENATOR,1,7356,JACK,RYAN,,KNOX,1085,REPUBLICAN,REP
GP 2004,UNITED STATES SENATOR,1,7356,JACK,RYAN,,MOULTRIE,471,REPUBLICAN,REP
GP 2004,UNITED STATES SENATOR,1,7356,JACK,RYAN,,PEORIA,4997,REPUBLICAN,REP
GP 2004,UNITED STATES SENATOR,1,7356,JACK,RYAN,,ADAMS,2608,REPUBLICAN,REP
GP 2004,UNITED STATES SENATOR,1,7356,JACK,RYAN,,CUMBERLAND,316,REPUBLICAN,REP
GP 2004,UNITED STATES SENATOR,1,7356,JACK,RYAN,,WAYNE,506,REPUBLICAN,REP
GP 2004,UNITED STATES SENATOR,1,7356,JACK,RYAN,,KENDALL,1758,REPUBLICAN,REP
GP 2004,UNITED STATES SENATOR,1,7356,JACK,RYAN,,KANKAKEE,2060,REPUBLICAN,REP
GP 2004,UNITED STATES SENATOR,1,7356,JACK,RYAN,,BOONE,2532,REPUBLICAN,REP
GP 2004,UNITED STATES SENATOR,1,7356,JACK,RYAN,,WINNEBAGO,7397,REPUBLICAN,REP
GP 2004,UNITED STATES SENATOR,1,7356,JACK,RYAN,,CHRISTIAN,729,REPUBLICAN,REP
GP 2004,UNITED STATES SENATOR,1,7356,JACK,RYAN,,LAWRENCE,222,REPUBLICAN,REP
GP 2004,UNITED STATES SENATOR,1,7356,JACK,RYAN,,McHENRY,10690,REPUBLICAN,REP
GP 2004,UNITED STATES SENATOR,1,7356,JACK,RYAN,,DeWITT,1531,REPUBLICAN,REP
GP 2004,UNITED STATES SENATOR,1,7356,JACK,RYAN,,KANE,6959,REPUBLICAN,REP
GP 2004,UNITED STATES SENATOR,1,7356,JACK,RYAN,,DeKALB,2385,REPUBLICAN,REP
GP 2004,UNITED STATES SENATOR,1,7356,JACK,RYAN,,COOK,50326,REPUBLICAN,REP
GP 2004,UNITED STATES SENATOR,1,7356,JACK,RYAN,,McLEAN,6824,REPUBLICAN,REP
GP 2004,UNITED STATES SENATOR,1,7356,JACK,RYAN,,UNION,272,REPUBLICAN,REP
GP 2004,UNITED STATES SENATOR,1,7356,JACK,RYAN,,ST. CLAIR,2396,REPUBLICAN,REP
GP 2004,UNITED STATES SENATOR,1,7356,JACK,RYAN,,VERMILION,1956,REPUBLICAN,REP
GP 2004,UNITED STATES SENATOR,1,7356,JACK,RYAN,,ALEXANDER,115,REPUBLICAN,REP
GP 2004,UNITED STATES SENATOR,1,7356,JACK,RYAN,,PULASKI,249,REPUBLICAN,REP
GP 2004,UNITED STATES SENATOR,1,7356,JACK,RYAN,,DuPAGE,25332,REPUBLICAN,REP
GP 2004,29TH REPRESENTATIVE,1,7357,"HAROLD ""NOONIE""",WARD,,COOK,1546,DEMOCRATIC,DEM
GP 2004,22ND REPRESENTATIVE,1,7358,DARLEEN A.,CONNERS,,COOK,1584,REPUBLICAN,REP
GP 2004,114TH REPRESENTATIVE,1,7359,JOE W.,"LEWIS, JR.",,MADISON,142,DEMOCRATIC,DEM
GP 2004,114TH REPRESENTATIVE,1,7359,JOE W.,"LEWIS, JR.",,ST. CLAIR,3970,DEMOCRATIC,DEM
GP 2004,11TH SENATE,1,7360,JEFFREY P.,MALINOWSKI,,COOK,4798,REPUBLICAN,REP
GP 2004,7TH CONGRESS,1,7361,DANNY K.,DAVIS,,COOK,84950,DEMOCRATIC,DEM
GP 2004,33RD REPRESENTATIVE,1,7362,GEORGE C,ROBY,,COOK,4754,DEMOCRATIC,DEM
GP 2004,6TH CIRCUIT- De La MAR VACANCY,1,7363,TRACI,NALLY,,CHAMPAIGN,2150,REPUBLICAN,REP
GP 2004,70TH REPRESENTATIVE,1,7364,ROBERT W.,PRITCHARD,,OGLE,1188,REPUBLICAN,REP
GP 2004,70TH REPRESENTATIVE,1,7364,ROBERT W.,PRITCHARD,,LaSALLE,288,REPUBLICAN,REP
GP 2004,70TH REPRESENTATIVE,1,7364,ROBERT W.,PRITCHARD,,DeKALB,4697,REPUBLICAN,REP
GP 2004,55TH REPRESENTATIVE,1,7365,JOHN J.,MILLNER,,KANE,1855,REPUBLICAN,REP
GP 2004,55TH REPRESENTATIVE,1,7365,JOHN J.,MILLNER,,COOK,557,REPUBLICAN,REP
GP 2004,55TH REPRESENTATIVE,1,7365,JOHN J.,MILLNER,,DuPAGE,4836,REPUBLICAN,REP
GP 2004,75TH REPRESENTATIVE,1,7366,DOUG,HAYSE,,IROQUOIS,159,REPUBLICAN,REP
GP 2004,75TH REPRESENTATIVE,1,7366,DOUG,HAYSE,,LIVINGSTON,30,REPUBLICAN,REP
GP 2004,75TH REPRESENTATIVE,1,7366,DOUG,HAYSE,,WILL,1203,REPUBLICAN,REP
GP 2004,75TH REPRESENTATIVE,1,7366,DOUG,HAYSE,,GRUNDY,3205,REPUBLICAN,REP
GP 2004,75TH REPRESENTATIVE,1,7366,DOUG,HAYSE,,LaSALLE,532,REPUBLICAN,REP
GP 2004,75TH REPRESENTATIVE,1,7366,DOUG,HAYSE,,KANKAKEE,1019,REPUBLICAN,REP
GP 2004,32ND REPRESENTATIVE,1,7367,"MILTON ""MILT""",PATTERSON,,COOK,8990,DEMOCRATIC,DEM
GP 2004,1ST SUBCIRCUIT - A VACANCY,1,7368,LaGUINA,CLAY-CLARK,,COOK,14615,DEMOCRATIC,DEM
GP 2004,5TH SUBCIRCUIT - COX VACANCY,1,7369,"EDWARD (""ED"")",WASHINGTON II,,COOK,22518,DEMOCRATIC,DEM
GP 2004,COOK CIRCUIT- ORLANDO VACANCY,1,7370,AMY MARIE,CORRIGAN,,COOK,74760,DEMOCRATIC,DEM
GP 2004,41ST REPRESENTATIVE,1,7373,"ROBERT A. ""BOB""",BIGGINS,,COOK,2617,REPUBLICAN,REP
GP 2004,41ST REPRESENTATIVE,1,7373,"ROBERT A. ""BOB""",BIGGINS,,DuPAGE,7853,REPUBLICAN,REP
GP 2004,103RD REPRESENTATIVE,1,7375,DEBORAH FRANK,FEINEN,,CHAMPAIGN,4165,REPUBLICAN,REP
GP 2004,45TH REPRESENTATIVE,1,7376,ROGER A.,JENISCH,,DuPAGE,8238,REPUBLICAN,REP
GP 2004,28TH REPRESENTATIVE,1,7377,ARVIN,BODDIE,,COOK,3066,DEMOCRATIC,DEM
GP 2004,46TH REPRESENTATIVE,1,7378,LEE A.,DANIELS,,DuPAGE,8796,REPUBLICAN,REP
GP 2004,10TH SUBCIRCUIT - FLEMING VACANCY,1,7379,JAMES MICHAEL,McGING,,COOK,14796,DEMOCRATIC,DEM
GP 2004,14TH CONGRESS,1,7380,J. DENNIS,HASTERT,,BUREAU,42,REPUBLICAN,REP
GP 2004,14TH CONGRESS,1,7380,J. DENNIS,HASTERT,,LEE,2870,REPUBLICAN,REP
GP 2004,14TH CONGRESS,1,7380,J. DENNIS,HASTERT,,WHITESIDE,460,REPUBLICAN,REP
GP 2004,14TH CONGRESS,1,7380,J. DENNIS,HASTERT,,HENRY,1473,REPUBLICAN,REP
GP 2004,14TH CONGRESS,1,7380,J. DENNIS,HASTERT,,KENDALL,6272,REPUBLICAN,REP
GP 2004,14TH CONGRESS,1,7380,J. DENNIS,HASTERT,,KANE,32318,REPUBLICAN,REP
GP 2004,14TH CONGRESS,1,7380,J. DENNIS,HASTERT,,DeKALB,6712,REPUBLICAN,REP
GP 2004,14TH CONGRESS,1,7380,J. DENNIS,HASTERT,,DuPAGE,4021,REPUBLICAN,REP
GP 2004,62ND REPRESENTATIVE,1,7381,ROBERT W.,CHURCHILL,,LAKE,6511,REPUBLICAN,REP
GP 2004,58TH REPRESENTATIVE,1,7382,DAVID L.,WASSERMAN,,LAKE,2009,REPUBLICAN,REP
GP 2004,58TH REPRESENTATIVE,1,7382,DAVID L.,WASSERMAN,,COOK,751,REPUBLICAN,REP
GP 2004,COOK CIRCUIT- FOREMAN VACANCY,1,7386,MARGARET ANN,CAREY,,COOK,104183,DEMOCRATIC,DEM
GP 2004,3RD APPELLATE - HOMER VACANCY,1,7387,JIM,WRIGHT,,MARSHALL,998,REPUBLICAN,REP
GP 2004,3RD APPELLATE - HOMER VACANCY,1,7387,JIM,WRIGHT,,IROQUOIS,2530,REPUBLICAN,REP
GP 2004,3RD APPELLATE - HOMER VACANCY,1,7387,JIM,WRIGHT,,MERCER,1113,REPUBLICAN,REP
GP 2004,3RD APPELLATE - HOMER VACANCY,1,7387,JIM,WRIGHT,,STARK,436,REPUBLICAN,REP
GP 2004,3RD APPELLATE - HOMER VACANCY,1,7387,JIM,WRIGHT,,FULTON,1697,REPUBLICAN,REP
GP 2004,3RD APPELLATE - HOMER VACANCY,1,7387,JIM,WRIGHT,,HANCOCK,1752,REPUBLICAN,REP
GP 2004,3RD APPELLATE - HOMER VACANCY,1,7387,JIM,WRIGHT,,BUREAU,2255,REPUBLICAN,REP
GP 2004,3RD APPELLATE - HOMER VACANCY,1,7387,JIM,WRIGHT,,WARREN,1945,REPUBLICAN,REP
GP 2004,3RD APPELLATE - HOMER VACANCY,1,7387,JIM,WRIGHT,,HENDERSON,411,REPUBLICAN,REP
GP 2004,3RD APPELLATE - HOMER VACANCY,1,7387,JIM,WRIGHT,,ROCK ISLAND,3594,REPUBLICAN,REP
GP 2004,3RD APPELLATE - HOMER VACANCY,1,7387,JIM,WRIGHT,,WHITESIDE,2297,REPUBLICAN,REP
GP 2004,3RD APPELLATE - HOMER VACANCY,1,7387,JIM,WRIGHT,,WILL,31099,REPUBLICAN,REP
GP 2004,3RD APPELLATE - HOMER VACANCY,1,7387,JIM,WRIGHT,,PUTNAM,508,REPUBLICAN,REP
GP 2004,3RD APPELLATE - HOMER VACANCY,1,7387,JIM,WRIGHT,,GRUNDY,3278,REPUBLICAN,REP
GP 2004,3RD APPELLATE - HOMER VACANCY,1,7387,JIM,WRIGHT,,TAZEWELL,8920,REPUBLICAN,REP
GP 2004,3RD APPELLATE - HOMER VACANCY,1,7387,JIM,WRIGHT,,LaSALLE,4792,REPUBLICAN,REP
GP 2004,3RD APPELLATE - HOMER VACANCY,1,7387,JIM,WRIGHT,,HENRY,2520,REPUBLICAN,REP
GP 2004,3RD APPELLATE - HOMER VACANCY,1,7387,JIM,WRIGHT,,McDONOUGH,3040,REPUBLICAN,REP
GP 2004,3RD APPELLATE - HOMER VACANCY,1,7387,JIM,WRIGHT,,KNOX,3083,REPUBLICAN,REP
GP 2004,3RD APPELLATE - HOMER VACANCY,1,7387,JIM,WRIGHT,,PEORIA,10464,REPUBLICAN,REP
GP 2004,3RD APPELLATE - HOMER VACANCY,1,7387,JIM,WRIGHT,,KANKAKEE,3628,REPUBLICAN,REP
GP 2004,10TH CONGRESS,1,7388,MARK STEVEN,KIRK,,LAKE,13499,REPUBLICAN,REP
GP 2004,10TH CONGRESS,1,7388,MARK STEVEN,KIRK,,COOK,24265,REPUBLICAN,REP
GP 2004,12TH CONGRESS,1,7389,JERRY F.,COSTELLO,,PERRY,2639,DEMOCRATIC,DEM
GP 2004,12TH CONGRESS,1,7389,JERRY F.,COSTELLO,,WILLIAMSON,3000,DEMOCRATIC,DEM
GP 2004,12TH CONGRESS,1,7389,JERRY F.,COSTELLO,,MONROE,950,DEMOCRATIC,DEM
GP 2004,12TH CONGRESS,1,7389,JERRY F.,COSTELLO,,JACKSON,4160,DEMOCRATIC,DEM
GP 2004,12TH CONGRESS,1,7389,JERRY F.,COSTELLO,,FRANKLIN,6087,DEMOCRATIC,DEM
GP 2004,12TH CONGRESS,1,7389,JERRY F.,COSTELLO,,RANDOLPH,3420,DEMOCRATIC,DEM
GP 2004,12TH CONGRESS,1,7389,JERRY F.,COSTELLO,,MADISON,10052,DEMOCRATIC,DEM
GP 2004,12TH CONGRESS,1,7389,JERRY F.,COSTELLO,,UNION,3952,DEMOCRATIC,DEM
GP 2004,12TH CONGRESS,1,7389,JERRY F.,COSTELLO,,ST. CLAIR,20670,DEMOCRATIC,DEM
GP 2004,12TH CONGRESS,1,7389,JERRY F.,COSTELLO,,ALEXANDER,1059,DEMOCRATIC,DEM
GP 2004,12TH CONGRESS,1,7389,JERRY F.,COSTELLO,,PULASKI,408,DEMOCRATIC,DEM
GP 2004,5TH SUPREME - HARRISON II VACANCY,1,7390,GORDON E.,MAAG,,CLAY,757,DEMOCRATIC,DEM
GP 2004,5TH SUPREME - HARRISON II VACANCY,1,7390,GORDON E.,MAAG,,HARDIN,415,DEMOCRATIC,DEM
GP 2004,5TH SUPREME - HARRISON II VACANCY,1,7390,GORDON E.,MAAG,,RICHLAND,853,DEMOCRATIC,DEM
GP 2004,5TH SUPREME - HARRISON II VACANCY,1,7390,GORDON E.,MAAG,,WASHINGTON,973,DEMOCRATIC,DEM
GP 2004,5TH SUPREME - HARRISON II VACANCY,1,7390,GORDON E.,MAAG,,BOND,701,DEMOCRATIC,DEM
GP 2004,5TH SUPREME - HARRISON II VACANCY,1,7390,GORDON E.,MAAG,,CLINTON,1034,DEMOCRATIC,DEM
GP 2004,5TH SUPREME - HARRISON II VACANCY,1,7390,GORDON E.,MAAG,,JASPER,633,DEMOCRATIC,DEM
GP 2004,5TH SUPREME - HARRISON II VACANCY,1,7390,GORDON E.,MAAG,,JOHNSON,787,DEMOCRATIC,DEM
GP 2004,5TH SUPREME - HARRISON II VACANCY,1,7390,GORDON E.,MAAG,,PERRY,1991,DEMOCRATIC,DEM
GP 2004,5TH SUPREME - HARRISON II VACANCY,1,7390,GORDON E.,MAAG,,WILLIAMSON,2893,DEMOCRATIC,DEM
GP 2004,5TH SUPREME - HARRISON II VACANCY,1,7390,GORDON E.,MAAG,,HAMILTON,1016,DEMOCRATIC,DEM
GP 2004,5TH SUPREME - HARRISON II VACANCY,1,7390,GORDON E.,MAAG,,MONROE,1056,DEMOCRATIC,DEM
GP 2004,5TH SUPREME - HARRISON II VACANCY,1,7390,GORDON E.,MAAG,,SHELBY,1818,DEMOCRATIC,DEM
GP 2004,5TH SUPREME - HARRISON II VACANCY,1,7390,GORDON E.,MAAG,,EDWARDS,167,DEMOCRATIC,DEM
GP 2004,5TH SUPREME - HARRISON II VACANCY,1,7390,GORDON E.,MAAG,,JACKSON,4363,DEMOCRATIC,DEM
GP 2004,5TH SUPREME - HARRISON II VACANCY,1,7390,GORDON E.,MAAG,,WHITE,1056,DEMOCRATIC,DEM
GP 2004,5TH SUPREME - HARRISON II VACANCY,1,7390,GORDON E.,MAAG,,CRAWFORD,736,DEMOCRATIC,DEM
GP 2004,5TH SUPREME - HARRISON II VACANCY,1,7390,GORDON E.,MAAG,,FRANKLIN,5254,DEMOCRATIC,DEM
GP 2004,5TH SUPREME - HARRISON II VACANCY,1,7390,GORDON E.,MAAG,,FAYETTE,1096,DEMOCRATIC,DEM
GP 2004,5TH SUPREME - HARRISON II VACANCY,1,7390,GORDON E.,MAAG,,RANDOLPH,3149,DEMOCRATIC,DEM
GP 2004,5TH SUPREME - HARRISON II VACANCY,1,7390,GORDON E.,MAAG,,MARION,3114,DEMOCRATIC,DEM
GP 2004,5TH SUPREME - HARRISON II VACANCY,1,7390,GORDON E.,MAAG,,SALINE,2606,DEMOCRATIC,DEM
GP 2004,5TH SUPREME - HARRISON II VACANCY,1,7390,GORDON E.,MAAG,,MASSAC,720,DEMOCRATIC,DEM
GP 2004,5TH SUPREME - HARRISON II VACANCY,1,7390,GORDON E.,MAAG,,GALLATIN,1030,DEMOCRATIC,DEM
GP 2004,5TH SUPREME - HARRISON II VACANCY,1,7390,GORDON E.,MAAG,,MONTGOMERY,1795,DEMOCRATIC,DEM
GP 2004,5TH SUPREME - HARRISON II VACANCY,1,7390,GORDON E.,MAAG,,JEFFERSON,1896,DEMOCRATIC,DEM
GP 2004,5TH SUPREME - HARRISON II VACANCY,1,7390,GORDON E.,MAAG,,WABASH,801,DEMOCRATIC,DEM
GP 2004,5TH SUPREME - HARRISON II VACANCY,1,7390,GORDON E.,MAAG,,MADISON,17775,DEMOCRATIC,DEM
GP 2004,5TH SUPREME - HARRISON II VACANCY,1,7390,GORDON E.,MAAG,,EFFINGHAM,2172,DEMOCRATIC,DEM
GP 2004,5TH SUPREME - HARRISON II VACANCY,1,7390,GORDON E.,MAAG,,POPE,414,DEMOCRATIC,DEM
GP 2004,5TH SUPREME - HARRISON II VACANCY,1,7390,GORDON E.,MAAG,,WAYNE,672,DEMOCRATIC,DEM
GP 2004,5TH SUPREME - HARRISON II VACANCY,1,7390,GORDON E.,MAAG,,CHRISTIAN,3364,DEMOCRATIC,DEM
GP 2004,5TH SUPREME - HARRISON II VACANCY,1,7390,GORDON E.,MAAG,,LAWRENCE,567,DEMOCRATIC,DEM
GP 2004,5TH SUPREME - HARRISON II VACANCY,1,7390,GORDON E.,MAAG,,UNION,3030,DEMOCRATIC,DEM
GP 2004,5TH SUPREME - HARRISON II VACANCY,1,7390,GORDON E.,MAAG,,ST. CLAIR,18203,DEMOCRATIC,DEM
GP 2004,5TH SUPREME - HARRISON II VACANCY,1,7390,GORDON E.,MAAG,,ALEXANDER,895,DEMOCRATIC,DEM
GP 2004,5TH SUPREME - HARRISON II VACANCY,1,7390,GORDON E.,MAAG,,PULASKI,368,DEMOCRATIC,DEM
GP 2004,20TH CIRCUIT- KUEHN VACANCY,1,7391,JOHN,BARICEVIC,,WASHINGTON,999,DEMOCRATIC,DEM
GP 2004,20TH CIRCUIT- KUEHN VACANCY,1,7391,JOHN,BARICEVIC,,PERRY,1986,DEMOCRATIC,DEM
GP 2004,20TH CIRCUIT- KUEHN VACANCY,1,7391,JOHN,BARICEVIC,,MONROE,1005,DEMOCRATIC,DEM
GP 2004,20TH CIRCUIT- KUEHN VACANCY,1,7391,JOHN,BARICEVIC,,RANDOLPH,3127,DEMOCRATIC,DEM
GP 2004,20TH CIRCUIT- KUEHN VACANCY,1,7391,JOHN,BARICEVIC,,ST. CLAIR,18142,DEMOCRATIC,DEM
GP 2004,115TH REPRESENTATIVE,1,7392,MIKE,BOST,,WASHINGTON,1218,REPUBLICAN,REP
GP 2004,115TH REPRESENTATIVE,1,7392,MIKE,BOST,,CLINTON,173,REPUBLICAN,REP
GP 2004,115TH REPRESENTATIVE,1,7392,MIKE,BOST,,PERRY,795,REPUBLICAN,REP
GP 2004,115TH REPRESENTATIVE,1,7392,MIKE,BOST,,JACKSON,2391,REPUBLICAN,REP
GP 2004,115TH REPRESENTATIVE,1,7392,MIKE,BOST,,UNION,446,REPUBLICAN,REP
GP 2004,73RD REPRESENTATIVE,1,7393,DAVID R.,LEITCH,,MARSHALL,1069,REPUBLICAN,REP
GP 2004,73RD REPRESENTATIVE,1,7393,DAVID R.,LEITCH,,WOODFORD,2429,REPUBLICAN,REP
GP 2004,73RD REPRESENTATIVE,1,7393,DAVID R.,LEITCH,,BUREAU,180,REPUBLICAN,REP
GP 2004,73RD REPRESENTATIVE,1,7393,DAVID R.,LEITCH,,PEORIA,6677,REPUBLICAN,REP
GP 2004,16TH CIRCUIT- JENSEN VACANCY,1,7394,JAMES C.,HALLOCK,,KENDALL,1660,REPUBLICAN,REP
GP 2004,16TH CIRCUIT- JENSEN VACANCY,1,7394,JAMES C.,HALLOCK,,KANE,10742,REPUBLICAN,REP
GP 2004,16TH CIRCUIT- JENSEN VACANCY,1,7394,JAMES C.,HALLOCK,,DeKALB,2402,REPUBLICAN,REP
GP 2004,81ST REPRESENTATIVE,1,7395,RENÉE,KOSEL,,WILL,9371,REPUBLICAN,REP
GP 2004,81ST REPRESENTATIVE,1,7395,RENÉE,KOSEL,,COOK,948,REPUBLICAN,REP
GP 2004,5TH APPELLATE - RARICK VACANCY,1,7396,JAMES K.,DONOVAN,,CLAY,778,DEMOCRATIC,DEM
GP 2004,5TH APPELLATE - RARICK VACANCY,1,7396,JAMES K.,DONOVAN,,HARDIN,419,DEMOCRATIC,DEM
GP 2004,5TH APPELLATE - RARICK VACANCY,1,7396,JAMES K.,DONOVAN,,RICHLAND,830,DEMOCRATIC,DEM
GP 2004,5TH APPELLATE - RARICK VACANCY,1,7396,JAMES K.,DONOVAN,,WASHINGTON,984,DEMOCRATIC,DEM
GP 2004,5TH APPELLATE - RARICK VACANCY,1,7396,JAMES K.,DONOVAN,,BOND,678,DEMOCRATIC,DEM
GP 2004,5TH APPELLATE - RARICK VACANCY,1,7396,JAMES K.,DONOVAN,,CLINTON,1047,DEMOCRATIC,DEM
GP 2004,5TH APPELLATE - RARICK VACANCY,1,7396,JAMES K.,DONOVAN,,JASPER,640,DEMOCRATIC,DEM
GP 2004,5TH APPELLATE - RARICK VACANCY,1,7396,JAMES K.,DONOVAN,,JOHNSON,788,DEMOCRATIC,DEM
GP 2004,5TH APPELLATE - RARICK VACANCY,1,7396,JAMES K.,DONOVAN,,PERRY,2022,DEMOCRATIC,DEM
GP 2004,5TH APPELLATE - RARICK VACANCY,1,7396,JAMES K.,DONOVAN,,WILLIAMSON,3092,DEMOCRATIC,DEM
GP 2004,5TH APPELLATE - RARICK VACANCY,1,7396,JAMES K.,DONOVAN,,HAMILTON,1001,DEMOCRATIC,DEM
GP 2004,5TH APPELLATE - RARICK VACANCY,1,7396,JAMES K.,DONOVAN,,MONROE,998,DEMOCRATIC,DEM
GP 2004,5TH APPELLATE - RARICK VACANCY,1,7396,JAMES K.,DONOVAN,,SHELBY,1837,DEMOCRATIC,DEM
GP 2004,5TH APPELLATE - RARICK VACANCY,1,7396,JAMES K.,DONOVAN,,EDWARDS,190,DEMOCRATIC,DEM
GP 2004,5TH APPELLATE - RARICK VACANCY,1,7396,JAMES K.,DONOVAN,,JACKSON,4329,DEMOCRATIC,DEM
GP 2004,5TH APPELLATE - RARICK VACANCY,1,7396,JAMES K.,DONOVAN,,WHITE,1076,DEMOCRATIC,DEM
GP 2004,5TH APPELLATE - RARICK VACANCY,1,7396,JAMES K.,DONOVAN,,CRAWFORD,748,DEMOCRATIC,DEM
GP 2004,5TH APPELLATE - RARICK VACANCY,1,7396,JAMES K.,DONOVAN,,FRANKLIN,5233,DEMOCRATIC,DEM
GP 2004,5TH APPELLATE - RARICK VACANCY,1,7396,JAMES K.,DONOVAN,,FAYETTE,1088,DEMOCRATIC,DEM
GP 2004,5TH APPELLATE - RARICK VACANCY,1,7396,JAMES K.,DONOVAN,,RANDOLPH,3169,DEMOCRATIC,DEM
GP 2004,5TH APPELLATE - RARICK VACANCY,1,7396,JAMES K.,DONOVAN,,MARION,3225,DEMOCRATIC,DEM
GP 2004,5TH APPELLATE - RARICK VACANCY,1,7396,JAMES K.,DONOVAN,,SALINE,2608,DEMOCRATIC,DEM
GP 2004,5TH APPELLATE - RARICK VACANCY,1,7396,JAMES K.,DONOVAN,,MASSAC,712,DEMOCRATIC,DEM
GP 2004,5TH APPELLATE - RARICK VACANCY,1,7396,JAMES K.,DONOVAN,,GALLATIN,1060,DEMOCRATIC,DEM
GP 2004,5TH APPELLATE - RARICK VACANCY,1,7396,JAMES K.,DONOVAN,,MONTGOMERY,1900,DEMOCRATIC,DEM
GP 2004,5TH APPELLATE - RARICK VACANCY,1,7396,JAMES K.,DONOVAN,,JEFFERSON,1888,DEMOCRATIC,DEM
GP 2004,5TH APPELLATE - RARICK VACANCY,1,7396,JAMES K.,DONOVAN,,WABASH,858,DEMOCRATIC,DEM
GP 2004,5TH APPELLATE - RARICK VACANCY,1,7396,JAMES K.,DONOVAN,,MADISON,17616,DEMOCRATIC,DEM
GP 2004,5TH APPELLATE - RARICK VACANCY,1,7396,JAMES K.,DONOVAN,,EFFINGHAM,2242,DEMOCRATIC,DEM
GP 2004,5TH APPELLATE - RARICK VACANCY,1,7396,JAMES K.,DONOVAN,,POPE,415,DEMOCRATIC,DEM
GP 2004,5TH APPELLATE - RARICK VACANCY,1,7396,JAMES K.,DONOVAN,,WAYNE,680,DEMOCRATIC,DEM
GP 2004,5TH APPELLATE - RARICK VACANCY,1,7396,JAMES K.,DONOVAN,,CHRISTIAN,3457,DEMOCRATIC,DEM
GP 2004,5TH APPELLATE - RARICK VACANCY,1,7396,JAMES K.,DONOVAN,,LAWRENCE,569,DEMOCRATIC,DEM
GP 2004,5TH APPELLATE - RARICK VACANCY,1,7396,JAMES K.,DONOVAN,,UNION,3025,DEMOCRATIC,DEM
GP 2004,5TH APPELLATE - RARICK VACANCY,1,7396,JAMES K.,DONOVAN,,ST. CLAIR,18710,DEMOCRATIC,DEM
GP 2004,5TH APPELLATE - RARICK VACANCY,1,7396,JAMES K.,DONOVAN,,ALEXANDER,797,DEMOCRATIC,DEM
GP 2004,5TH APPELLATE - RARICK VACANCY,1,7396,JAMES K.,DONOVAN,,PULASKI,402,DEMOCRATIC,DEM
GP 2004,94TH REPRESENTATIVE,1,7397,"RICHARD P. ""RICH""",MYERS,,MERCER,235,REPUBLICAN,REP
GP 2004,94TH REPRESENTATIVE,1,7397,"RICHARD P. ""RICH""",MYERS,,FULTON,527,REPUBLICAN,REP
GP 2004,94TH REPRESENTATIVE,1,7397,"RICHARD P. ""RICH""",MYERS,,HANCOCK,1805,REPUBLICAN,REP
GP 2004,94TH REPRESENTATIVE,1,7397,"RICHARD P. ""RICH""",MYERS,,MASON,773,REPUBLICAN,REP
GP 2004,94TH REPRESENTATIVE,1,7397,"RICHARD P. ""RICH""",MYERS,,WARREN,2061,REPUBLICAN,REP
GP 2004,94TH REPRESENTATIVE,1,7397,"RICHARD P. ""RICH""",MYERS,,HENDERSON,447,REPUBLICAN,REP
GP 2004,94TH REPRESENTATIVE,1,7397,"RICHARD P. ""RICH""",MYERS,,McDONOUGH,3676,REPUBLICAN,REP
GP 2004,16TH CIRCUIT- ENGEL VACANCY,1,7398,ELLEN,PAULING,,DeKALB,3523,REPUBLICAN,REP
GP 2004,77TH REPRESENTATIVE,1,7399,"ANGELO ""SKIP""",SAVIANO,,COOK,4290,REPUBLICAN,REP
GP 2004,77TH REPRESENTATIVE,1,7399,"ANGELO ""SKIP""",SAVIANO,,DuPAGE,577,REPUBLICAN,REP
GP 2004,13TH CONGRESS,1,7400,JUDY,BIGGERT,,WILL,11831,REPUBLICAN,REP
GP 2004,13TH CONGRESS,1,7400,JUDY,BIGGERT,,COOK,4987,REPUBLICAN,REP
GP 2004,13TH CONGRESS,1,7400,JUDY,BIGGERT,,DuPAGE,30043,REPUBLICAN,REP
GP 2004,95TH REPRESENTATIVE,1,7401,"RANDALL M. ""RANDY""",HULTGREN,,KANE,2088,REPUBLICAN,REP
GP 2004,95TH REPRESENTATIVE,1,7401,"RANDALL M. ""RANDY""",HULTGREN,,DuPAGE,8281,REPUBLICAN,REP
GP 2004,52ND REPRESENTATIVE,1,7402,MARK H.,"BEAUBIEN, JR.",,LAKE,4258,REPUBLICAN,REP
GP 2004,52ND REPRESENTATIVE,1,7402,MARK H.,"BEAUBIEN, JR.",,McHENRY,5348,REPUBLICAN,REP
GP 2004,52ND REPRESENTATIVE,1,7402,MARK H.,"BEAUBIEN, JR.",,COOK,701,REPUBLICAN,REP
GP 2004,3RD REPRESENTATIVE,1,7403,WAYNE A.,STRNAD,,COOK,1140,DEMOCRATIC,DEM
GP 2004,39TH REPRESENTATIVE,1,7404,PEDRO,"De JESUS, JR.",,COOK,2836,DEMOCRATIC,DEM
GP 2004,17TH REPRESENTATIVE,1,7405,ELIZABETH,COULSON,,COOK,7333,REPUBLICAN,REP
GP 2004,UNITED STATES SENATOR,1,7406,BARACK,OBAMA,,BROWN,29,DEMOCRATIC,DEM
GP 2004,UNITED STATES SENATOR,1,7406,BARACK,OBAMA,,CLAY,101,DEMOCRATIC,DEM
GP 2004,UNITED STATES SENATOR,1,7406,BARACK,OBAMA,,HARDIN,52,DEMOCRATIC,DEM
GP 2004,UNITED STATES SENATOR,1,7406,BARACK,OBAMA,,JERSEY,192,DEMOCRATIC,DEM
GP 2004,UNITED STATES SENATOR,1,7406,BARACK,OBAMA,,LOGAN,268,DEMOCRATIC,DEM
GP 2004,UNITED STATES SENATOR,1,7406,BARACK,OBAMA,,RICHLAND,63,DEMOCRATIC,DEM
GP 2004,UNITED STATES SENATOR,1,7406,BARACK,OBAMA,,SCHUYLER,60,DEMOCRATIC,DEM
GP 2004,UNITED STATES SENATOR,1,7406,BARACK,OBAMA,,WASHINGTON,125,DEMOCRATIC,DEM
GP 2004,UNITED STATES SENATOR,1,7406,BARACK,OBAMA,,BOND,142,DEMOCRATIC,DEM
GP 2004,UNITED STATES SENATOR,1,7406,BARACK,OBAMA,,CLINTON,155,DEMOCRATIC,DEM
GP 2004,UNITED STATES SENATOR,1,7406,BARACK,OBAMA,,JASPER,32,DEMOCRATIC,DEM
GP 2004,UNITED STATES SENATOR,1,7406,BARACK,OBAMA,,MARSHALL,174,DEMOCRATIC,DEM
GP 2004,UNITED STATES SENATOR,1,7406,BARACK,OBAMA,,EDGAR,141,DEMOCRATIC,DEM
GP 2004,UNITED STATES SENATOR,1,7406,BARACK,OBAMA,,FORD,111,DEMOCRATIC,DEM
GP 2004,UNITED STATES SENATOR,1,7406,BARACK,OBAMA,,GREENE,160,DEMOCRATIC,DEM
GP 2004,UNITED STATES SENATOR,1,7406,BARACK,OBAMA,,IROQUOIS,320,DEMOCRATIC,DEM
GP 2004,UNITED STATES SENATOR,1,7406,BARACK,OBAMA,,JOHNSON,160,DEMOCRATIC,DEM
GP 2004,UNITED STATES SENATOR,1,7406,BARACK,OBAMA,,LIVINGSTON,480,DEMOCRATIC,DEM
GP 2004,UNITED STATES SENATOR,1,7406,BARACK,OBAMA,,MENARD,151,DEMOCRATIC,DEM
GP 2004,UNITED STATES SENATOR,1,7406,BARACK,OBAMA,,MERCER,151,DEMOCRATIC,DEM
GP 2004,UNITED STATES SENATOR,1,7406,BARACK,OBAMA,,PERRY,319,DEMOCRATIC,DEM
GP 2004,UNITED STATES SENATOR,1,7406,BARACK,OBAMA,,PIATT,296,DEMOCRATIC,DEM
GP 2004,UNITED STATES SENATOR,1,7406,BARACK,OBAMA,,STARK,72,DEMOCRATIC,DEM
GP 2004,UNITED STATES SENATOR,1,7406,BARACK,OBAMA,,WILLIAMSON,885,DEMOCRATIC,DEM
GP 2004,UNITED STATES SENATOR,1,7406,BARACK,OBAMA,,WOODFORD,369,DEMOCRATIC,DEM
GP 2004,UNITED STATES SENATOR,1,7406,BARACK,OBAMA,,FULTON,948,DEMOCRATIC,DEM
GP 2004,UNITED STATES SENATOR,1,7406,BARACK,OBAMA,,HAMILTON,137,DEMOCRATIC,DEM
GP 2004,UNITED STATES SENATOR,1,7406,BARACK,OBAMA,,HANCOCK,184,DEMOCRATIC,DEM
GP 2004,UNITED STATES SENATOR,1,7406,BARACK,OBAMA,,MACOUPIN,1111,DEMOCRATIC,DEM
GP 2004,UNITED STATES SENATOR,1,7406,BARACK,OBAMA,,MASON,274,DEMOCRATIC,DEM
GP 2004,UNITED STATES SENATOR,1,7406,BARACK,OBAMA,,MONROE,130,DEMOCRATIC,DEM
GP 2004,UNITED STATES SENATOR,1,7406,BARACK,OBAMA,,SHELBY,323,DEMOCRATIC,DEM
GP 2004,UNITED STATES SENATOR,1,7406,BARACK,OBAMA,,BUREAU,518,DEMOCRATIC,DEM
GP 2004,UNITED STATES SENATOR,1,7406,BARACK,OBAMA,,WARREN,132,DEMOCRATIC,DEM
GP 2004,UNITED STATES SENATOR,1,7406,BARACK,OBAMA,,DOUGLAS,162,DEMOCRATIC,DEM
GP 2004,UNITED STATES SENATOR,1,7406,BARACK,OBAMA,,COLES,759,DEMOCRATIC,DEM
GP 2004,UNITED STATES SENATOR,1,7406,BARACK,OBAMA,,EDWARDS,21,DEMOCRATIC,DEM
GP 2004,UNITED STATES SENATOR,1,7406,BARACK,OBAMA,,PIKE,84,DEMOCRATIC,DEM
GP 2004,UNITED STATES SENATOR,1,7406,BARACK,OBAMA,,HENDERSON,30,DEMOCRATIC,DEM
GP 2004,UNITED STATES SENATOR,1,7406,BARACK,OBAMA,,JACKSON,2791,DEMOCRATIC,DEM
GP 2004,UNITED STATES SENATOR,1,7406,BARACK,OBAMA,,ROCK ISLAND,2386,DEMOCRATIC,DEM
GP 2004,UNITED STATES SENATOR,1,7406,BARACK,OBAMA,,LEE,461,DEMOCRATIC,DEM
GP 2004,UNITED STATES SENATOR,1,7406,BARACK,OBAMA,,CASS,183,DEMOCRATIC,DEM
GP 2004,UNITED STATES SENATOR,1,7406,BARACK,OBAMA,,WHITE,183,DEMOCRATIC,DEM
GP 2004,UNITED STATES SENATOR,1,7406,BARACK,OBAMA,,CRAWFORD,77,DEMOCRATIC,DEM
GP 2004,UNITED STATES SENATOR,1,7406,BARACK,OBAMA,,WHITESIDE,537,DEMOCRATIC,DEM
GP 2004,UNITED STATES SENATOR,1,7406,BARACK,OBAMA,,MORGAN,390,DEMOCRATIC,DEM
GP 2004,UNITED STATES SENATOR,1,7406,BARACK,OBAMA,,OGLE,590,DEMOCRATIC,DEM
GP 2004,UNITED STATES SENATOR,1,7406,BARACK,OBAMA,,FRANKLIN,1054,DEMOCRATIC,DEM
GP 2004,UNITED STATES SENATOR,1,7406,BARACK,OBAMA,,FAYETTE,151,DEMOCRATIC,DEM
GP 2004,UNITED STATES SENATOR,1,7406,BARACK,OBAMA,,RANDOLPH,558,DEMOCRATIC,DEM
GP 2004,UNITED STATES SENATOR,1,7406,BARACK,OBAMA,,MARION,548,DEMOCRATIC,DEM
GP 2004,UNITED STATES SENATOR,1,7406,BARACK,OBAMA,,SALINE,644,DEMOCRATIC,DEM
GP 2004,UNITED STATES SENATOR,1,7406,BARACK,OBAMA,,MASSAC,166,DEMOCRATIC,DEM
GP 2004,UNITED STATES SENATOR,1,7406,BARACK,OBAMA,,WILL,19648,DEMOCRATIC,DEM
GP 2004,UNITED STATES SENATOR,1,7406,BARACK,OBAMA,,CLARK,79,DEMOCRATIC,DEM
GP 2004,UNITED STATES SENATOR,1,7406,BARACK,OBAMA,,CALHOUN,30,DEMOCRATIC,DEM
GP 2004,UNITED STATES SENATOR,1,7406,BARACK,OBAMA,,STEPHENSON,651,DEMOCRATIC,DEM
GP 2004,UNITED STATES SENATOR,1,7406,BARACK,OBAMA,,GALLATIN,366,DEMOCRATIC,DEM
GP 2004,UNITED STATES SENATOR,1,7406,BARACK,OBAMA,,MONTGOMERY,349,DEMOCRATIC,DEM
GP 2004,UNITED STATES SENATOR,1,7406,BARACK,OBAMA,,JEFFERSON,575,DEMOCRATIC,DEM
GP 2004,UNITED STATES SENATOR,1,7406,BARACK,OBAMA,,PUTNAM,160,DEMOCRATIC,DEM
GP 2004,UNITED STATES SENATOR,1,7406,BARACK,OBAMA,,WABASH,43,DEMOCRATIC,DEM
GP 2004,UNITED STATES SENATOR,1,7406,BARACK,OBAMA,,MADISON,4593,DEMOCRATIC,DEM
GP 2004,UNITED STATES SENATOR,1,7406,BARACK,OBAMA,,GRUNDY,890,DEMOCRATIC,DEM
GP 2004,UNITED STATES SENATOR,1,7406,BARACK,OBAMA,,JoDAVIESS,258,DEMOCRATIC,DEM
GP 2004,UNITED STATES SENATOR,1,7406,BARACK,OBAMA,,TAZEWELL,1470,DEMOCRATIC,DEM
GP 2004,UNITED STATES SENATOR,1,7406,BARACK,OBAMA,,SANGAMON,5548,DEMOCRATIC,DEM
GP 2004,UNITED STATES SENATOR,1,7406,BARACK,OBAMA,,EFFINGHAM,417,DEMOCRATIC,DEM
GP 2004,UNITED STATES SENATOR,1,7406,BARACK,OBAMA,,LAKE,29644,DEMOCRATIC,DEM
GP 2004,UNITED STATES SENATOR,1,7406,BARACK,OBAMA,,LaSALLE,2137,DEMOCRATIC,DEM
GP 2004,UNITED STATES SENATOR,1,7406,BARACK,OBAMA,,HENRY,248,DEMOCRATIC,DEM
GP 2004,UNITED STATES SENATOR,1,7406,BARACK,OBAMA,,McDONOUGH,966,DEMOCRATIC,DEM
GP 2004,UNITED STATES SENATOR,1,7406,BARACK,OBAMA,,CHAMPAIGN,7354,DEMOCRATIC,DEM
GP 2004,UNITED STATES SENATOR,1,7406,BARACK,OBAMA,,SCOTT,37,DEMOCRATIC,DEM
GP 2004,UNITED STATES SENATOR,1,7406,BARACK,OBAMA,,CARROLL,109,DEMOCRATIC,DEM
GP 2004,UNITED STATES SENATOR,1,7406,BARACK,OBAMA,,MACON,2937,DEMOCRATIC,DEM
GP 2004,UNITED STATES SENATOR,1,7406,BARACK,OBAMA,,POPE,57,DEMOCRATIC,DEM
GP 2004,UNITED STATES SENATOR,1,7406,BARACK,OBAMA,,KNOX,690,DEMOCRATIC,DEM
GP 2004,UNITED STATES SENATOR,1,7406,BARACK,OBAMA,,MOULTRIE,159,DEMOCRATIC,DEM
GP 2004,UNITED STATES SENATOR,1,7406,BARACK,OBAMA,,PEORIA,4614,DEMOCRATIC,DEM
GP 2004,UNITED STATES SENATOR,1,7406,BARACK,OBAMA,,ADAMS,743,DEMOCRATIC,DEM
GP 2004,UNITED STATES SENATOR,1,7406,BARACK,OBAMA,,CUMBERLAND,138,DEMOCRATIC,DEM
GP 2004,UNITED STATES SENATOR,1,7406,BARACK,OBAMA,,WAYNE,60,DEMOCRATIC,DEM
GP 2004,UNITED STATES SENATOR,1,7406,BARACK,OBAMA,,KENDALL,1516,DEMOCRATIC,DEM
GP 2004,UNITED STATES SENATOR,1,7406,BARACK,OBAMA,,KANKAKEE,3122,DEMOCRATIC,DEM
GP 2004,UNITED STATES SENATOR,1,7406,BARACK,OBAMA,,BOONE,528,DEMOCRATIC,DEM
GP 2004,UNITED STATES SENATOR,1,7406,BARACK,OBAMA,,WINNEBAGO,6753,DEMOCRATIC,DEM
GP 2004,UNITED STATES SENATOR,1,7406,BARACK,OBAMA,,CHRISTIAN,693,DEMOCRATIC,DEM
GP 2004,UNITED STATES SENATOR,1,7406,BARACK,OBAMA,,LAWRENCE,38,DEMOCRATIC,DEM
GP 2004,UNITED STATES SENATOR,1,7406,BARACK,OBAMA,,McHENRY,8301,DEMOCRATIC,DEM
GP 2004,UNITED STATES SENATOR,1,7406,BARACK,OBAMA,,DeWITT,229,DEMOCRATIC,DEM
GP 2004,UNITED STATES SENATOR,1,7406,BARACK,OBAMA,,KANE,12090,DEMOCRATIC,DEM
GP 2004,UNITED STATES SENATOR,1,7406,BARACK,OBAMA,,DeKALB,2996,DEMOCRATIC,DEM
GP 2004,UNITED STATES SENATOR,1,7406,BARACK,OBAMA,,COOK,464917,DEMOCRATIC,DEM
GP 2004,UNITED STATES SENATOR,1,7406,BARACK,OBAMA,,McLEAN,2824,DEMOCRATIC,DEM
GP 2004,UNITED STATES SENATOR,1,7406,BARACK,OBAMA,,UNION,639,DEMOCRATIC,DEM
GP 2004,UNITED STATES SENATOR,1,7406,BARACK,OBAMA,,ST. CLAIR,8305,DEMOCRATIC,DEM
GP 2004,UNITED STATES SENATOR,1,7406,BARACK,OBAMA,,VERMILION,1063,DEMOCRATIC,DEM
GP 2004,UNITED STATES SENATOR,1,7406,BARACK,OBAMA,,ALEXANDER,400,DEMOCRATIC,DEM
GP 2004,UNITED STATES SENATOR,1,7406,BARACK,OBAMA,,PULASKI,175,DEMOCRATIC,DEM
GP 2004,UNITED STATES SENATOR,1,7406,BARACK,OBAMA,,DuPAGE,35824,DEMOCRATIC,DEM
GP 2004,74TH REPRESENTATIVE,1,7407,DONALD L.,MOFFITT,,STARK,481,REPUBLICAN,REP
GP 2004,74TH REPRESENTATIVE,1,7407,DONALD L.,MOFFITT,,BUREAU,1570,REPUBLICAN,REP
GP 2004,74TH REPRESENTATIVE,1,7407,DONALD L.,MOFFITT,,HENRY,828,REPUBLICAN,REP
GP 2004,74TH REPRESENTATIVE,1,7407,DONALD L.,MOFFITT,,KNOX,3532,REPUBLICAN,REP
GP 2004,89TH REPRESENTATIVE,1,7408,JIM,SACIA,,OGLE,1727,REPUBLICAN,REP
GP 2004,89TH REPRESENTATIVE,1,7408,JIM,SACIA,,STEPHENSON,5699,REPUBLICAN,REP
GP 2004,89TH REPRESENTATIVE,1,7408,JIM,SACIA,,JoDAVIESS,4040,REPUBLICAN,REP
GP 2004,89TH REPRESENTATIVE,1,7408,JIM,SACIA,,CARROLL,679,REPUBLICAN,REP
GP 2004,89TH REPRESENTATIVE,1,7408,JIM,SACIA,,WINNEBAGO,1870,REPUBLICAN,REP
GP 2004,85TH REPRESENTATIVE,1,7409,BRENT,HASSERT,,WILL,5213,REPUBLICAN,REP
GP 2004,1ST SUBCIRCUIT - A VACANCY,1,7410,MELANIE R.,NUBY,,COOK,13855,DEMOCRATIC,DEM
GP 2004,66TH REPRESENTATIVE,1,7411,CAROLYN H.,KRAUSE,,COOK,6953,REPUBLICAN,REP
GP 2004,93RD REPRESENTATIVE,1,7412,ART,TENHOUSE,,BROWN,329,REPUBLICAN,REP
GP 2004,93RD REPRESENTATIVE,1,7412,ART,TENHOUSE,,SCHUYLER,535,REPUBLICAN,REP
GP 2004,93RD REPRESENTATIVE,1,7412,ART,TENHOUSE,,HANCOCK,121,REPUBLICAN,REP
GP 2004,93RD REPRESENTATIVE,1,7412,ART,TENHOUSE,,PIKE,185,REPUBLICAN,REP
GP 2004,93RD REPRESENTATIVE,1,7412,ART,TENHOUSE,,CASS,799,REPUBLICAN,REP
GP 2004,93RD REPRESENTATIVE,1,7412,ART,TENHOUSE,,SCOTT,629,REPUBLICAN,REP
GP 2004,93RD REPRESENTATIVE,1,7412,ART,TENHOUSE,,ADAMS,7803,REPUBLICAN,REP
GP 2004,49TH REPRESENTATIVE,1,7413,TIMOTHY L.,SCHMITZ,,KANE,11521,REPUBLICAN,REP
GP 2004,UNITED STATES SENATOR,1,7414,STEVEN J.,RAUSCHENBERGER,,BROWN,27,REPUBLICAN,REP
GP 2004,UNITED STATES SENATOR,1,7414,STEVEN J.,RAUSCHENBERGER,,CLAY,184,REPUBLICAN,REP
GP 2004,UNITED STATES SENATOR,1,7414,STEVEN J.,RAUSCHENBERGER,,HARDIN,27,REPUBLICAN,REP
GP 2004,UNITED STATES SENATOR,1,7414,STEVEN J.,RAUSCHENBERGER,,JERSEY,107,REPUBLICAN,REP
GP 2004,UNITED STATES SENATOR,1,7414,STEVEN J.,RAUSCHENBERGER,,LOGAN,164,REPUBLICAN,REP
GP 2004,UNITED STATES SENATOR,1,7414,STEVEN J.,RAUSCHENBERGER,,RICHLAND,197,REPUBLICAN,REP
GP 2004,UNITED STATES SENATOR,1,7414,STEVEN J.,RAUSCHENBERGER,,SCHUYLER,61,REPUBLICAN,REP
GP 2004,UNITED STATES SENATOR,1,7414,STEVEN J.,RAUSCHENBERGER,,WASHINGTON,437,REPUBLICAN,REP
GP 2004,UNITED STATES SENATOR,1,7414,STEVEN J.,RAUSCHENBERGER,,BOND,469,REPUBLICAN,REP
GP 2004,UNITED STATES SENATOR,1,7414,STEVEN J.,RAUSCHENBERGER,,CLINTON,381,REPUBLICAN,REP
GP 2004,UNITED STATES SENATOR,1,7414,STEVEN J.,RAUSCHENBERGER,,JASPER,149,REPUBLICAN,REP
GP 2004,UNITED STATES SENATOR,1,7414,STEVEN J.,RAUSCHENBERGER,,MARSHALL,123,REPUBLICAN,REP
GP 2004,UNITED STATES SENATOR,1,7414,STEVEN J.,RAUSCHENBERGER,,EDGAR,393,REPUBLICAN,REP
GP 2004,UNITED STATES SENATOR,1,7414,STEVEN J.,RAUSCHENBERGER,,FORD,183,REPUBLICAN,REP
GP 2004,UNITED STATES SENATOR,1,7414,STEVEN J.,RAUSCHENBERGER,,GREENE,51,REPUBLICAN,REP
GP 2004,UNITED STATES SENATOR,1,7414,STEVEN J.,RAUSCHENBERGER,,IROQUOIS,483,REPUBLICAN,REP
GP 2004,UNITED STATES SENATOR,1,7414,STEVEN J.,RAUSCHENBERGER,,JOHNSON,125,REPUBLICAN,REP
GP 2004,UNITED STATES SENATOR,1,7414,STEVEN J.,RAUSCHENBERGER,,LIVINGSTON,1325,REPUBLICAN,REP
GP 2004,UNITED STATES SENATOR,1,7414,STEVEN J.,RAUSCHENBERGER,,MENARD,191,REPUBLICAN,REP
GP 2004,UNITED STATES SENATOR,1,7414,STEVEN J.,RAUSCHENBERGER,,MERCER,144,REPUBLICAN,REP
GP 2004,UNITED STATES SENATOR,1,7414,STEVEN J.,RAUSCHENBERGER,,PERRY,254,REPUBLICAN,REP
GP 2004,UNITED STATES SENATOR,1,7414,STEVEN J.,RAUSCHENBERGER,,PIATT,199,REPUBLICAN,REP
GP 2004,UNITED STATES SENATOR,1,7414,STEVEN J.,RAUSCHENBERGER,,STARK,54,REPUBLICAN,REP
GP 2004,UNITED STATES SENATOR,1,7414,STEVEN J.,RAUSCHENBERGER,,WILLIAMSON,237,REPUBLICAN,REP
GP 2004,UNITED STATES SENATOR,1,7414,STEVEN J.,RAUSCHENBERGER,,WOODFORD,680,REPUBLICAN,REP
GP 2004,UNITED STATES SENATOR,1,7414,STEVEN J.,RAUSCHENBERGER,,FULTON,144,REPUBLICAN,REP
GP 2004,UNITED STATES SENATOR,1,7414,STEVEN J.,RAUSCHENBERGER,,HAMILTON,71,REPUBLICAN,REP
GP 2004,UNITED STATES SENATOR,1,7414,STEVEN J.,RAUSCHENBERGER,,HANCOCK,209,REPUBLICAN,REP
GP 2004,UNITED STATES SENATOR,1,7414,STEVEN J.,RAUSCHENBERGER,,MACOUPIN,176,REPUBLICAN,REP
GP 2004,UNITED STATES SENATOR,1,7414,STEVEN J.,RAUSCHENBERGER,,MASON,54,REPUBLICAN,REP
GP 2004,UNITED STATES SENATOR,1,7414,STEVEN J.,RAUSCHENBERGER,,MONROE,355,REPUBLICAN,REP
GP 2004,UNITED STATES SENATOR,1,7414,STEVEN J.,RAUSCHENBERGER,,SHELBY,189,REPUBLICAN,REP
GP 2004,UNITED STATES SENATOR,1,7414,STEVEN J.,RAUSCHENBERGER,,BUREAU,297,REPUBLICAN,REP
GP 2004,UNITED STATES SENATOR,1,7414,STEVEN J.,RAUSCHENBERGER,,WARREN,90,REPUBLICAN,REP
GP 2004,UNITED STATES SENATOR,1,7414,STEVEN J.,RAUSCHENBERGER,,DOUGLAS,316,REPUBLICAN,REP
GP 2004,UNITED STATES SENATOR,1,7414,STEVEN J.,RAUSCHENBERGER,,COLES,610,REPUBLICAN,REP
GP 2004,UNITED STATES SENATOR,1,7414,STEVEN J.,RAUSCHENBERGER,,EDWARDS,248,REPUBLICAN,REP
GP 2004,UNITED STATES SENATOR,1,7414,STEVEN J.,RAUSCHENBERGER,,PIKE,137,REPUBLICAN,REP
GP 2004,UNITED STATES SENATOR,1,7414,STEVEN J.,RAUSCHENBERGER,,HENDERSON,28,REPUBLICAN,REP
GP 2004,UNITED STATES SENATOR,1,7414,STEVEN J.,RAUSCHENBERGER,,JACKSON,740,REPUBLICAN,REP
GP 2004,UNITED STATES SENATOR,1,7414,STEVEN J.,RAUSCHENBERGER,,ROCK ISLAND,235,REPUBLICAN,REP
GP 2004,UNITED STATES SENATOR,1,7414,STEVEN J.,RAUSCHENBERGER,,LEE,564,REPUBLICAN,REP
GP 2004,UNITED STATES SENATOR,1,7414,STEVEN J.,RAUSCHENBERGER,,CASS,85,REPUBLICAN,REP
GP 2004,UNITED STATES SENATOR,1,7414,STEVEN J.,RAUSCHENBERGER,,WHITE,124,REPUBLICAN,REP
GP 2004,UNITED STATES SENATOR,1,7414,STEVEN J.,RAUSCHENBERGER,,CRAWFORD,324,REPUBLICAN,REP
GP 2004,UNITED STATES SENATOR,1,7414,STEVEN J.,RAUSCHENBERGER,,WHITESIDE,522,REPUBLICAN,REP
GP 2004,UNITED STATES SENATOR,1,7414,STEVEN J.,RAUSCHENBERGER,,MORGAN,292,REPUBLICAN,REP
GP 2004,UNITED STATES SENATOR,1,7414,STEVEN J.,RAUSCHENBERGER,,OGLE,1073,REPUBLICAN,REP
GP 2004,UNITED STATES SENATOR,1,7414,STEVEN J.,RAUSCHENBERGER,,FRANKLIN,148,REPUBLICAN,REP
GP 2004,UNITED STATES SENATOR,1,7414,STEVEN J.,RAUSCHENBERGER,,FAYETTE,594,REPUBLICAN,REP
GP 2004,UNITED STATES SENATOR,1,7414,STEVEN J.,RAUSCHENBERGER,,RANDOLPH,173,REPUBLICAN,REP
GP 2004,UNITED STATES SENATOR,1,7414,STEVEN J.,RAUSCHENBERGER,,MARION,343,REPUBLICAN,REP
GP 2004,UNITED STATES SENATOR,1,7414,STEVEN J.,RAUSCHENBERGER,,SALINE,90,REPUBLICAN,REP
GP 2004,UNITED STATES SENATOR,1,7414,STEVEN J.,RAUSCHENBERGER,,MASSAC,90,REPUBLICAN,REP
GP 2004,UNITED STATES SENATOR,1,7414,STEVEN J.,RAUSCHENBERGER,,WILL,6038,REPUBLICAN,REP
GP 2004,UNITED STATES SENATOR,1,7414,STEVEN J.,RAUSCHENBERGER,,CLARK,474,REPUBLICAN,REP
GP 2004,UNITED STATES SENATOR,1,7414,STEVEN J.,RAUSCHENBERGER,,CALHOUN,19,REPUBLICAN,REP
GP 2004,UNITED STATES SENATOR,1,7414,STEVEN J.,RAUSCHENBERGER,,STEPHENSON,997,REPUBLICAN,REP
GP 2004,UNITED STATES SENATOR,1,7414,STEVEN J.,RAUSCHENBERGER,,GALLATIN,5,REPUBLICAN,REP
GP 2004,UNITED STATES SENATOR,1,7414,STEVEN J.,RAUSCHENBERGER,,MONTGOMERY,144,REPUBLICAN,REP
GP 2004,UNITED STATES SENATOR,1,7414,STEVEN J.,RAUSCHENBERGER,,JEFFERSON,485,REPUBLICAN,REP
GP 2004,UNITED STATES SENATOR,1,7414,STEVEN J.,RAUSCHENBERGER,,PUTNAM,62,REPUBLICAN,REP
GP 2004,UNITED STATES SENATOR,1,7414,STEVEN J.,RAUSCHENBERGER,,WABASH,142,REPUBLICAN,REP
GP 2004,UNITED STATES SENATOR,1,7414,STEVEN J.,RAUSCHENBERGER,,MADISON,1229,REPUBLICAN,REP
GP 2004,UNITED STATES SENATOR,1,7414,STEVEN J.,RAUSCHENBERGER,,GRUNDY,414,REPUBLICAN,REP
GP 2004,UNITED STATES SENATOR,1,7414,STEVEN J.,RAUSCHENBERGER,,JoDAVIESS,1047,REPUBLICAN,REP
GP 2004,UNITED STATES SENATOR,1,7414,STEVEN J.,RAUSCHENBERGER,,TAZEWELL,1340,REPUBLICAN,REP
GP 2004,UNITED STATES SENATOR,1,7414,STEVEN J.,RAUSCHENBERGER,,SANGAMON,1451,REPUBLICAN,REP
GP 2004,UNITED STATES SENATOR,1,7414,STEVEN J.,RAUSCHENBERGER,,EFFINGHAM,450,REPUBLICAN,REP
GP 2004,UNITED STATES SENATOR,1,7414,STEVEN J.,RAUSCHENBERGER,,LAKE,8659,REPUBLICAN,REP
GP 2004,UNITED STATES SENATOR,1,7414,STEVEN J.,RAUSCHENBERGER,,LaSALLE,879,REPUBLICAN,REP
GP 2004,UNITED STATES SENATOR,1,7414,STEVEN J.,RAUSCHENBERGER,,HENRY,410,REPUBLICAN,REP
GP 2004,UNITED STATES SENATOR,1,7414,STEVEN J.,RAUSCHENBERGER,,McDONOUGH,411,REPUBLICAN,REP
GP 2004,UNITED STATES SENATOR,1,7414,STEVEN J.,RAUSCHENBERGER,,CHAMPAIGN,2560,REPUBLICAN,REP
GP 2004,UNITED STATES SENATOR,1,7414,STEVEN J.,RAUSCHENBERGER,,SCOTT,49,REPUBLICAN,REP
GP 2004,UNITED STATES SENATOR,1,7414,STEVEN J.,RAUSCHENBERGER,,CARROLL,312,REPUBLICAN,REP
GP 2004,UNITED STATES SENATOR,1,7414,STEVEN J.,RAUSCHENBERGER,,MACON,544,REPUBLICAN,REP
GP 2004,UNITED STATES SENATOR,1,7414,STEVEN J.,RAUSCHENBERGER,,POPE,48,REPUBLICAN,REP
GP 2004,UNITED STATES SENATOR,1,7414,STEVEN J.,RAUSCHENBERGER,,KNOX,308,REPUBLICAN,REP
GP 2004,UNITED STATES SENATOR,1,7414,STEVEN J.,RAUSCHENBERGER,,MOULTRIE,142,REPUBLICAN,REP
GP 2004,UNITED STATES SENATOR,1,7414,STEVEN J.,RAUSCHENBERGER,,PEORIA,1972,REPUBLICAN,REP
GP 2004,UNITED STATES SENATOR,1,7414,STEVEN J.,RAUSCHENBERGER,,ADAMS,531,REPUBLICAN,REP
GP 2004,UNITED STATES SENATOR,1,7414,STEVEN J.,RAUSCHENBERGER,,CUMBERLAND,155,REPUBLICAN,REP
GP 2004,UNITED STATES SENATOR,1,7414,STEVEN J.,RAUSCHENBERGER,,WAYNE,279,REPUBLICAN,REP
GP 2004,UNITED STATES SENATOR,1,7414,STEVEN J.,RAUSCHENBERGER,,KENDALL,1205,REPUBLICAN,REP
GP 2004,UNITED STATES SENATOR,1,7414,STEVEN J.,RAUSCHENBERGER,,KANKAKEE,380,REPUBLICAN,REP
GP 2004,UNITED STATES SENATOR,1,7414,STEVEN J.,RAUSCHENBERGER,,BOONE,919,REPUBLICAN,REP
GP 2004,UNITED STATES SENATOR,1,7414,STEVEN J.,RAUSCHENBERGER,,WINNEBAGO,3651,REPUBLICAN,REP
GP 2004,UNITED STATES SENATOR,1,7414,STEVEN J.,RAUSCHENBERGER,,CHRISTIAN,125,REPUBLICAN,REP
GP 2004,UNITED STATES SENATOR,1,7414,STEVEN J.,RAUSCHENBERGER,,LAWRENCE,129,REPUBLICAN,REP
GP 2004,UNITED STATES SENATOR,1,7414,STEVEN J.,RAUSCHENBERGER,,McHENRY,5026,REPUBLICAN,REP
GP 2004,UNITED STATES SENATOR,1,7414,STEVEN J.,RAUSCHENBERGER,,DeWITT,160,REPUBLICAN,REP
GP 2004,UNITED STATES SENATOR,1,7414,STEVEN J.,RAUSCHENBERGER,,KANE,13803,REPUBLICAN,REP
GP 2004,UNITED STATES SENATOR,1,7414,STEVEN J.,RAUSCHENBERGER,,DeKALB,2240,REPUBLICAN,REP
GP 2004,UNITED STATES SENATOR,1,7414,STEVEN J.,RAUSCHENBERGER,,COOK,32955,REPUBLICAN,REP
GP 2004,UNITED STATES SENATOR,1,7414,STEVEN J.,RAUSCHENBERGER,,McLEAN,2214,REPUBLICAN,REP
GP 2004,UNITED STATES SENATOR,1,7414,STEVEN J.,RAUSCHENBERGER,,UNION,141,REPUBLICAN,REP
GP 2004,UNITED STATES SENATOR,1,7414,STEVEN J.,RAUSCHENBERGER,,ST. CLAIR,702,REPUBLICAN,REP
GP 2004,UNITED STATES SENATOR,1,7414,STEVEN J.,RAUSCHENBERGER,,VERMILION,403,REPUBLICAN,REP
GP 2004,UNITED STATES SENATOR,1,7414,STEVEN J.,RAUSCHENBERGER,,ALEXANDER,11,REPUBLICAN,REP
GP 2004,UNITED STATES SENATOR,1,7414,STEVEN J.,RAUSCHENBERGER,,PULASKI,26,REPUBLICAN,REP
GP 2004,UNITED STATES SENATOR,1,7414,STEVEN J.,RAUSCHENBERGER,,DuPAGE,22043,REPUBLICAN,REP
GP 2004,3RD SENATE,1,7415,MATTIE,HUNTER,,COOK,20539,DEMOCRATIC,DEM
GP 2004,53RD REPRESENTATIVE,1,7416,SIDNEY H.,MATHIAS,,LAKE,281,REPUBLICAN,REP
GP 2004,53RD REPRESENTATIVE,1,7416,SIDNEY H.,MATHIAS,,COOK,5265,REPUBLICAN,REP
GP 2004,42ND REPRESENTATIVE,1,7417,SANDRA M.,PIHOS,,DuPAGE,9310,REPUBLICAN,REP
GP 2004,69TH REPRESENTATIVE,1,7418,RONALD A.,WAIT,,BOONE,5991,REPUBLICAN,REP
GP 2004,69TH REPRESENTATIVE,1,7418,RONALD A.,WAIT,,WINNEBAGO,5338,REPUBLICAN,REP
GP 2004,69TH REPRESENTATIVE,1,7418,RONALD A.,WAIT,,DeKALB,728,REPUBLICAN,REP
GP 2004,10TH SUBCIRCUIT - A VACANCY,1,7420,PEGGY,CHIAMPAS,,COOK,11262,DEMOCRATIC,DEM
GP 2004,71ST REPRESENTATIVE,1,7421,"STEVEN M. ""STEVE""",HARING,,ROCK ISLAND,1550,REPUBLICAN,REP
GP 2004,71ST REPRESENTATIVE,1,7421,"STEVEN M. ""STEVE""",HARING,,WHITESIDE,846,REPUBLICAN,REP
GP 2004,71ST REPRESENTATIVE,1,7421,"STEVEN M. ""STEVE""",HARING,,HENRY,1034,REPUBLICAN,REP
GP 2004,71ST REPRESENTATIVE,1,7421,"STEVEN M. ""STEVE""",HARING,,CARROLL,944,REPUBLICAN,REP
GP 2004,1ST SUBCIRCUIT - A VACANCY,1,7424,ORVILLE E.,HAMBRIGHT,,COOK,13899,DEMOCRATIC,DEM
GP 2004,5TH SUBCIRCUIT - COX VACANCY,1,7426,DAVID B.,ATKINS,,COOK,10860,DEMOCRATIC,DEM
GP 2004,UNITED STATES SENATOR,1,7427,JIM,OBERWEIS,,BROWN,63,REPUBLICAN,REP
GP 2004,UNITED STATES SENATOR,1,7427,JIM,OBERWEIS,,CLAY,149,REPUBLICAN,REP
GP 2004,UNITED STATES SENATOR,1,7427,JIM,OBERWEIS,,HARDIN,85,REPUBLICAN,REP
GP 2004,UNITED STATES SENATOR,1,7427,JIM,OBERWEIS,,JERSEY,174,REPUBLICAN,REP
GP 2004,UNITED STATES SENATOR,1,7427,JIM,OBERWEIS,,LOGAN,428,REPUBLICAN,REP
GP 2004,UNITED STATES SENATOR,1,7427,JIM,OBERWEIS,,RICHLAND,262,REPUBLICAN,REP
GP 2004,UNITED STATES SENATOR,1,7427,JIM,OBERWEIS,,SCHUYLER,100,REPUBLICAN,REP
GP 2004,UNITED STATES SENATOR,1,7427,JIM,OBERWEIS,,WASHINGTON,212,REPUBLICAN,REP
GP 2004,UNITED STATES SENATOR,1,7427,JIM,OBERWEIS,,BOND,94,REPUBLICAN,REP
GP 2004,UNITED STATES SENATOR,1,7427,JIM,OBERWEIS,,CLINTON,345,REPUBLICAN,REP
GP 2004,UNITED STATES SENATOR,1,7427,JIM,OBERWEIS,,JASPER,95,REPUBLICAN,REP
GP 2004,UNITED STATES SENATOR,1,7427,JIM,OBERWEIS,,MARSHALL,173,REPUBLICAN,REP
GP 2004,UNITED STATES SENATOR,1,7427,JIM,OBERWEIS,,EDGAR,271,REPUBLICAN,REP
GP 2004,UNITED STATES SENATOR,1,7427,JIM,OBERWEIS,,FORD,230,REPUBLICAN,REP
GP 2004,UNITED STATES SENATOR,1,7427,JIM,OBERWEIS,,GREENE,113,REPUBLICAN,REP
GP 2004,UNITED STATES SENATOR,1,7427,JIM,OBERWEIS,,IROQUOIS,634,REPUBLICAN,REP
GP 2004,UNITED STATES SENATOR,1,7427,JIM,OBERWEIS,,JOHNSON,503,REPUBLICAN,REP
GP 2004,UNITED STATES SENATOR,1,7427,JIM,OBERWEIS,,LIVINGSTON,912,REPUBLICAN,REP
GP 2004,UNITED STATES SENATOR,1,7427,JIM,OBERWEIS,,MENARD,532,REPUBLICAN,REP
GP 2004,UNITED STATES SENATOR,1,7427,JIM,OBERWEIS,,MERCER,224,REPUBLICAN,REP
GP 2004,UNITED STATES SENATOR,1,7427,JIM,OBERWEIS,,PERRY,259,REPUBLICAN,REP
GP 2004,UNITED STATES SENATOR,1,7427,JIM,OBERWEIS,,PIATT,296,REPUBLICAN,REP
GP 2004,UNITED STATES SENATOR,1,7427,JIM,OBERWEIS,,STARK,79,REPUBLICAN,REP
GP 2004,UNITED STATES SENATOR,1,7427,JIM,OBERWEIS,,WILLIAMSON,821,REPUBLICAN,REP
GP 2004,UNITED STATES SENATOR,1,7427,JIM,OBERWEIS,,WOODFORD,705,REPUBLICAN,REP
GP 2004,UNITED STATES SENATOR,1,7427,JIM,OBERWEIS,,FULTON,296,REPUBLICAN,REP
GP 2004,UNITED STATES SENATOR,1,7427,JIM,OBERWEIS,,HAMILTON,162,REPUBLICAN,REP
GP 2004,UNITED STATES SENATOR,1,7427,JIM,OBERWEIS,,HANCOCK,276,REPUBLICAN,REP
GP 2004,UNITED STATES SENATOR,1,7427,JIM,OBERWEIS,,MACOUPIN,358,REPUBLICAN,REP
GP 2004,UNITED STATES SENATOR,1,7427,JIM,OBERWEIS,,MASON,134,REPUBLICAN,REP
GP 2004,UNITED STATES SENATOR,1,7427,JIM,OBERWEIS,,MONROE,234,REPUBLICAN,REP
GP 2004,UNITED STATES SENATOR,1,7427,JIM,OBERWEIS,,SHELBY,174,REPUBLICAN,REP
GP 2004,UNITED STATES SENATOR,1,7427,JIM,OBERWEIS,,BUREAU,403,REPUBLICAN,REP
GP 2004,UNITED STATES SENATOR,1,7427,JIM,OBERWEIS,,WARREN,336,REPUBLICAN,REP
GP 2004,UNITED STATES SENATOR,1,7427,JIM,OBERWEIS,,DOUGLAS,542,REPUBLICAN,REP
GP 2004,UNITED STATES SENATOR,1,7427,JIM,OBERWEIS,,COLES,489,REPUBLICAN,REP
GP 2004,UNITED STATES SENATOR,1,7427,JIM,OBERWEIS,,EDWARDS,199,REPUBLICAN,REP
GP 2004,UNITED STATES SENATOR,1,7427,JIM,OBERWEIS,,PIKE,220,REPUBLICAN,REP
GP 2004,UNITED STATES SENATOR,1,7427,JIM,OBERWEIS,,HENDERSON,57,REPUBLICAN,REP
GP 2004,UNITED STATES SENATOR,1,7427,JIM,OBERWEIS,,JACKSON,507,REPUBLICAN,REP
GP 2004,UNITED STATES SENATOR,1,7427,JIM,OBERWEIS,,ROCK ISLAND,772,REPUBLICAN,REP
GP 2004,UNITED STATES SENATOR,1,7427,JIM,OBERWEIS,,LEE,438,REPUBLICAN,REP
GP 2004,UNITED STATES SENATOR,1,7427,JIM,OBERWEIS,,CASS,123,REPUBLICAN,REP
GP 2004,UNITED STATES SENATOR,1,7427,JIM,OBERWEIS,,WHITE,228,REPUBLICAN,REP
GP 2004,UNITED STATES SENATOR,1,7427,JIM,OBERWEIS,,CRAWFORD,182,REPUBLICAN,REP
GP 2004,UNITED STATES SENATOR,1,7427,JIM,OBERWEIS,,WHITESIDE,362,REPUBLICAN,REP
GP 2004,UNITED STATES SENATOR,1,7427,JIM,OBERWEIS,,MORGAN,630,REPUBLICAN,REP
GP 2004,UNITED STATES SENATOR,1,7427,JIM,OBERWEIS,,OGLE,1246,REPUBLICAN,REP
GP 2004,UNITED STATES SENATOR,1,7427,JIM,OBERWEIS,,FRANKLIN,461,REPUBLICAN,REP
GP 2004,UNITED STATES SENATOR,1,7427,JIM,OBERWEIS,,FAYETTE,194,REPUBLICAN,REP
GP 2004,UNITED STATES SENATOR,1,7427,JIM,OBERWEIS,,RANDOLPH,155,REPUBLICAN,REP
GP 2004,UNITED STATES SENATOR,1,7427,JIM,OBERWEIS,,MARION,282,REPUBLICAN,REP
GP 2004,UNITED STATES SENATOR,1,7427,JIM,OBERWEIS,,SALINE,491,REPUBLICAN,REP
GP 2004,UNITED STATES SENATOR,1,7427,JIM,OBERWEIS,,MASSAC,307,REPUBLICAN,REP
GP 2004,UNITED STATES SENATOR,1,7427,JIM,OBERWEIS,,WILL,11873,REPUBLICAN,REP
GP 2004,UNITED STATES SENATOR,1,7427,JIM,OBERWEIS,,CLARK,125,REPUBLICAN,REP
GP 2004,UNITED STATES SENATOR,1,7427,JIM,OBERWEIS,,CALHOUN,31,REPUBLICAN,REP
GP 2004,UNITED STATES SENATOR,1,7427,JIM,OBERWEIS,,STEPHENSON,1010,REPUBLICAN,REP
GP 2004,UNITED STATES SENATOR,1,7427,JIM,OBERWEIS,,GALLATIN,36,REPUBLICAN,REP
GP 2004,UNITED STATES SENATOR,1,7427,JIM,OBERWEIS,,MONTGOMERY,256,REPUBLICAN,REP
GP 2004,UNITED STATES SENATOR,1,7427,JIM,OBERWEIS,,JEFFERSON,367,REPUBLICAN,REP
GP 2004,UNITED STATES SENATOR,1,7427,JIM,OBERWEIS,,PUTNAM,80,REPUBLICAN,REP
GP 2004,UNITED STATES SENATOR,1,7427,JIM,OBERWEIS,,WABASH,175,REPUBLICAN,REP
GP 2004,UNITED STATES SENATOR,1,7427,JIM,OBERWEIS,,MADISON,1937,REPUBLICAN,REP
GP 2004,UNITED STATES SENATOR,1,7427,JIM,OBERWEIS,,GRUNDY,1359,REPUBLICAN,REP
GP 2004,UNITED STATES SENATOR,1,7427,JIM,OBERWEIS,,JoDAVIESS,532,REPUBLICAN,REP
GP 2004,UNITED STATES SENATOR,1,7427,JIM,OBERWEIS,,TAZEWELL,1467,REPUBLICAN,REP
GP 2004,UNITED STATES SENATOR,1,7427,JIM,OBERWEIS,,SANGAMON,2194,REPUBLICAN,REP
GP 2004,UNITED STATES SENATOR,1,7427,JIM,OBERWEIS,,EFFINGHAM,516,REPUBLICAN,REP
GP 2004,UNITED STATES SENATOR,1,7427,JIM,OBERWEIS,,LAKE,11569,REPUBLICAN,REP
GP 2004,UNITED STATES SENATOR,1,7427,JIM,OBERWEIS,,LaSALLE,1659,REPUBLICAN,REP
GP 2004,UNITED STATES SENATOR,1,7427,JIM,OBERWEIS,,HENRY,523,REPUBLICAN,REP
GP 2004,UNITED STATES SENATOR,1,7427,JIM,OBERWEIS,,McDONOUGH,570,REPUBLICAN,REP
GP 2004,UNITED STATES SENATOR,1,7427,JIM,OBERWEIS,,CHAMPAIGN,2579,REPUBLICAN,REP
GP 2004,UNITED STATES SENATOR,1,7427,JIM,OBERWEIS,,SCOTT,130,REPUBLICAN,REP
GP 2004,UNITED STATES SENATOR,1,7427,JIM,OBERWEIS,,CARROLL,272,REPUBLICAN,REP
GP 2004,UNITED STATES SENATOR,1,7427,JIM,OBERWEIS,,MACON,792,REPUBLICAN,REP
GP 2004,UNITED STATES SENATOR,1,7427,JIM,OBERWEIS,,POPE,158,REPUBLICAN,REP
GP 2004,UNITED STATES SENATOR,1,7427,JIM,OBERWEIS,,KNOX,731,REPUBLICAN,REP
GP 2004,UNITED STATES SENATOR,1,7427,JIM,OBERWEIS,,MOULTRIE,174,REPUBLICAN,REP
GP 2004,UNITED STATES SENATOR,1,7427,JIM,OBERWEIS,,PEORIA,1575,REPUBLICAN,REP
GP 2004,UNITED STATES SENATOR,1,7427,JIM,OBERWEIS,,ADAMS,1374,REPUBLICAN,REP
GP 2004,UNITED STATES SENATOR,1,7427,JIM,OBERWEIS,,CUMBERLAND,109,REPUBLICAN,REP
GP 2004,UNITED STATES SENATOR,1,7427,JIM,OBERWEIS,,WAYNE,307,REPUBLICAN,REP
GP 2004,UNITED STATES SENATOR,1,7427,JIM,OBERWEIS,,KENDALL,2427,REPUBLICAN,REP
GP 2004,UNITED STATES SENATOR,1,7427,JIM,OBERWEIS,,KANKAKEE,880,REPUBLICAN,REP
GP 2004,UNITED STATES SENATOR,1,7427,JIM,OBERWEIS,,BOONE,1562,REPUBLICAN,REP
GP 2004,UNITED STATES SENATOR,1,7427,JIM,OBERWEIS,,WINNEBAGO,3211,REPUBLICAN,REP
GP 2004,UNITED STATES SENATOR,1,7427,JIM,OBERWEIS,,CHRISTIAN,189,REPUBLICAN,REP
GP 2004,UNITED STATES SENATOR,1,7427,JIM,OBERWEIS,,LAWRENCE,198,REPUBLICAN,REP
GP 2004,UNITED STATES SENATOR,1,7427,JIM,OBERWEIS,,McHENRY,9503,REPUBLICAN,REP
GP 2004,UNITED STATES SENATOR,1,7427,JIM,OBERWEIS,,DeWITT,468,REPUBLICAN,REP
GP 2004,UNITED STATES SENATOR,1,7427,JIM,OBERWEIS,,KANE,10032,REPUBLICAN,REP
GP 2004,UNITED STATES SENATOR,1,7427,JIM,OBERWEIS,,DeKALB,2930,REPUBLICAN,REP
GP 2004,UNITED STATES SENATOR,1,7427,JIM,OBERWEIS,,COOK,32310,REPUBLICAN,REP
GP 2004,UNITED STATES SENATOR,1,7427,JIM,OBERWEIS,,McLEAN,2928,REPUBLICAN,REP
GP 2004,UNITED STATES SENATOR,1,7427,JIM,OBERWEIS,,UNION,314,REPUBLICAN,REP
GP 2004,UNITED STATES SENATOR,1,7427,JIM,OBERWEIS,,ST. CLAIR,2491,REPUBLICAN,REP
GP 2004,UNITED STATES SENATOR,1,7427,JIM,OBERWEIS,,VERMILION,816,REPUBLICAN,REP
GP 2004,UNITED STATES SENATOR,1,7427,JIM,OBERWEIS,,ALEXANDER,43,REPUBLICAN,REP
GP 2004,UNITED STATES SENATOR,1,7427,JIM,OBERWEIS,,PULASKI,129,REPUBLICAN,REP
GP 2004,UNITED STATES SENATOR,1,7427,JIM,OBERWEIS,,DuPAGE,22866,REPUBLICAN,REP
GP 2004,UNITED STATES SENATOR,1,7428,MARIA,PAPPAS,,BROWN,24,DEMOCRATIC,DEM
GP 2004,UNITED STATES SENATOR,1,7428,MARIA,PAPPAS,,CLAY,29,DEMOCRATIC,DEM
GP 2004,UNITED STATES SENATOR,1,7428,MARIA,PAPPAS,,HARDIN,29,DEMOCRATIC,DEM
GP 2004,UNITED STATES SENATOR,1,7428,MARIA,PAPPAS,,JERSEY,16,DEMOCRATIC,DEM
GP 2004,UNITED STATES SENATOR,1,7428,MARIA,PAPPAS,,LOGAN,43,DEMOCRATIC,DEM
GP 2004,UNITED STATES SENATOR,1,7428,MARIA,PAPPAS,,RICHLAND,19,DEMOCRATIC,DEM
GP 2004,UNITED STATES SENATOR,1,7428,MARIA,PAPPAS,,SCHUYLER,31,DEMOCRATIC,DEM
GP 2004,UNITED STATES SENATOR,1,7428,MARIA,PAPPAS,,WASHINGTON,24,DEMOCRATIC,DEM
GP 2004,UNITED STATES SENATOR,1,7428,MARIA,PAPPAS,,BOND,14,DEMOCRATIC,DEM
GP 2004,UNITED STATES SENATOR,1,7428,MARIA,PAPPAS,,CLINTON,22,DEMOCRATIC,DEM
GP 2004,UNITED STATES SENATOR,1,7428,MARIA,PAPPAS,,JASPER,9,DEMOCRATIC,DEM
GP 2004,UNITED STATES SENATOR,1,7428,MARIA,PAPPAS,,MARSHALL,39,DEMOCRATIC,DEM
GP 2004,UNITED STATES SENATOR,1,7428,MARIA,PAPPAS,,EDGAR,30,DEMOCRATIC,DEM
GP 2004,UNITED STATES SENATOR,1,7428,MARIA,PAPPAS,,FORD,22,DEMOCRATIC,DEM
GP 2004,UNITED STATES SENATOR,1,7428,MARIA,PAPPAS,,GREENE,39,DEMOCRATIC,DEM
GP 2004,UNITED STATES SENATOR,1,7428,MARIA,PAPPAS,,IROQUOIS,82,DEMOCRATIC,DEM
GP 2004,UNITED STATES SENATOR,1,7428,MARIA,PAPPAS,,JOHNSON,47,DEMOCRATIC,DEM
GP 2004,UNITED STATES SENATOR,1,7428,MARIA,PAPPAS,,LIVINGSTON,105,DEMOCRATIC,DEM
GP 2004,UNITED STATES SENATOR,1,7428,MARIA,PAPPAS,,MENARD,7,DEMOCRATIC,DEM
GP 2004,UNITED STATES SENATOR,1,7428,MARIA,PAPPAS,,MERCER,170,DEMOCRATIC,DEM
GP 2004,UNITED STATES SENATOR,1,7428,MARIA,PAPPAS,,PERRY,71,DEMOCRATIC,DEM
GP 2004,UNITED STATES SENATOR,1,7428,MARIA,PAPPAS,,PIATT,77,DEMOCRATIC,DEM
GP 2004,UNITED STATES SENATOR,1,7428,MARIA,PAPPAS,,STARK,14,DEMOCRATIC,DEM
GP 2004,UNITED STATES SENATOR,1,7428,MARIA,PAPPAS,,WILLIAMSON,125,DEMOCRATIC,DEM
GP 2004,UNITED STATES SENATOR,1,7428,MARIA,PAPPAS,,WOODFORD,85,DEMOCRATIC,DEM
GP 2004,UNITED STATES SENATOR,1,7428,MARIA,PAPPAS,,FULTON,301,DEMOCRATIC,DEM
GP 2004,UNITED STATES SENATOR,1,7428,MARIA,PAPPAS,,HAMILTON,41,DEMOCRATIC,DEM
GP 2004,UNITED STATES SENATOR,1,7428,MARIA,PAPPAS,,HANCOCK,128,DEMOCRATIC,DEM
GP 2004,UNITED STATES SENATOR,1,7428,MARIA,PAPPAS,,MACOUPIN,181,DEMOCRATIC,DEM
GP 2004,UNITED STATES SENATOR,1,7428,MARIA,PAPPAS,,MASON,53,DEMOCRATIC,DEM
GP 2004,UNITED STATES SENATOR,1,7428,MARIA,PAPPAS,,MONROE,20,DEMOCRATIC,DEM
GP 2004,UNITED STATES SENATOR,1,7428,MARIA,PAPPAS,,SHELBY,127,DEMOCRATIC,DEM
GP 2004,UNITED STATES SENATOR,1,7428,MARIA,PAPPAS,,BUREAU,223,DEMOCRATIC,DEM
GP 2004,UNITED STATES SENATOR,1,7428,MARIA,PAPPAS,,WARREN,75,DEMOCRATIC,DEM
GP 2004,UNITED STATES SENATOR,1,7428,MARIA,PAPPAS,,DOUGLAS,53,DEMOCRATIC,DEM
GP 2004,UNITED STATES SENATOR,1,7428,MARIA,PAPPAS,,COLES,118,DEMOCRATIC,DEM
GP 2004,UNITED STATES SENATOR,1,7428,MARIA,PAPPAS,,EDWARDS,8,DEMOCRATIC,DEM
GP 2004,UNITED STATES SENATOR,1,7428,MARIA,PAPPAS,,PIKE,78,DEMOCRATIC,DEM
GP 2004,UNITED STATES SENATOR,1,7428,MARIA,PAPPAS,,HENDERSON,17,DEMOCRATIC,DEM
GP 2004,UNITED STATES SENATOR,1,7428,MARIA,PAPPAS,,JACKSON,205,DEMOCRATIC,DEM
GP 2004,UNITED STATES SENATOR,1,7428,MARIA,PAPPAS,,ROCK ISLAND,1465,DEMOCRATIC,DEM
GP 2004,UNITED STATES SENATOR,1,7428,MARIA,PAPPAS,,LEE,130,DEMOCRATIC,DEM
GP 2004,UNITED STATES SENATOR,1,7428,MARIA,PAPPAS,,CASS,30,DEMOCRATIC,DEM
GP 2004,UNITED STATES SENATOR,1,7428,MARIA,PAPPAS,,WHITE,27,DEMOCRATIC,DEM
GP 2004,UNITED STATES SENATOR,1,7428,MARIA,PAPPAS,,CRAWFORD,25,DEMOCRATIC,DEM
GP 2004,UNITED STATES SENATOR,1,7428,MARIA,PAPPAS,,WHITESIDE,222,DEMOCRATIC,DEM
GP 2004,UNITED STATES SENATOR,1,7428,MARIA,PAPPAS,,MORGAN,40,DEMOCRATIC,DEM
GP 2004,UNITED STATES SENATOR,1,7428,MARIA,PAPPAS,,OGLE,137,DEMOCRATIC,DEM
GP 2004,UNITED STATES SENATOR,1,7428,MARIA,PAPPAS,,FRANKLIN,263,DEMOCRATIC,DEM
GP 2004,UNITED STATES SENATOR,1,7428,MARIA,PAPPAS,,FAYETTE,19,DEMOCRATIC,DEM
GP 2004,UNITED STATES SENATOR,1,7428,MARIA,PAPPAS,,RANDOLPH,67,DEMOCRATIC,DEM
GP 2004,UNITED STATES SENATOR,1,7428,MARIA,PAPPAS,,MARION,63,DEMOCRATIC,DEM
GP 2004,UNITED STATES SENATOR,1,7428,MARIA,PAPPAS,,SALINE,126,DEMOCRATIC,DEM
GP 2004,UNITED STATES SENATOR,1,7428,MARIA,PAPPAS,,MASSAC,63,DEMOCRATIC,DEM
GP 2004,UNITED STATES SENATOR,1,7428,MARIA,PAPPAS,,WILL,3302,DEMOCRATIC,DEM
GP 2004,UNITED STATES SENATOR,1,7428,MARIA,PAPPAS,,CLARK,26,DEMOCRATIC,DEM
GP 2004,UNITED STATES SENATOR,1,7428,MARIA,PAPPAS,,CALHOUN,4,DEMOCRATIC,DEM
GP 2004,UNITED STATES SENATOR,1,7428,MARIA,PAPPAS,,STEPHENSON,204,DEMOCRATIC,DEM
GP 2004,UNITED STATES SENATOR,1,7428,MARIA,PAPPAS,,GALLATIN,52,DEMOCRATIC,DEM
GP 2004,UNITED STATES SENATOR,1,7428,MARIA,PAPPAS,,MONTGOMERY,51,DEMOCRATIC,DEM
GP 2004,UNITED STATES SENATOR,1,7428,MARIA,PAPPAS,,JEFFERSON,50,DEMOCRATIC,DEM
GP 2004,UNITED STATES SENATOR,1,7428,MARIA,PAPPAS,,PUTNAM,65,DEMOCRATIC,DEM
GP 2004,UNITED STATES SENATOR,1,7428,MARIA,PAPPAS,,WABASH,39,DEMOCRATIC,DEM
GP 2004,UNITED STATES SENATOR,1,7428,MARIA,PAPPAS,,MADISON,624,DEMOCRATIC,DEM
GP 2004,UNITED STATES SENATOR,1,7428,MARIA,PAPPAS,,GRUNDY,309,DEMOCRATIC,DEM
GP 2004,UNITED STATES SENATOR,1,7428,MARIA,PAPPAS,,JoDAVIESS,100,DEMOCRATIC,DEM
GP 2004,UNITED STATES SENATOR,1,7428,MARIA,PAPPAS,,TAZEWELL,399,DEMOCRATIC,DEM
GP 2004,UNITED STATES SENATOR,1,7428,MARIA,PAPPAS,,SANGAMON,287,DEMOCRATIC,DEM
GP 2004,UNITED STATES SENATOR,1,7428,MARIA,PAPPAS,,EFFINGHAM,146,DEMOCRATIC,DEM
GP 2004,UNITED STATES SENATOR,1,7428,MARIA,PAPPAS,,LAKE,2914,DEMOCRATIC,DEM
GP 2004,UNITED STATES SENATOR,1,7428,MARIA,PAPPAS,,LaSALLE,516,DEMOCRATIC,DEM
GP 2004,UNITED STATES SENATOR,1,7428,MARIA,PAPPAS,,HENRY,253,DEMOCRATIC,DEM
GP 2004,UNITED STATES SENATOR,1,7428,MARIA,PAPPAS,,McDONOUGH,90,DEMOCRATIC,DEM
GP 2004,UNITED STATES SENATOR,1,7428,MARIA,PAPPAS,,CHAMPAIGN,517,DEMOCRATIC,DEM
GP 2004,UNITED STATES SENATOR,1,7428,MARIA,PAPPAS,,SCOTT,16,DEMOCRATIC,DEM
GP 2004,UNITED STATES SENATOR,1,7428,MARIA,PAPPAS,,CARROLL,62,DEMOCRATIC,DEM
GP 2004,UNITED STATES SENATOR,1,7428,MARIA,PAPPAS,,MACON,544,DEMOCRATIC,DEM
GP 2004,UNITED STATES SENATOR,1,7428,MARIA,PAPPAS,,POPE,35,DEMOCRATIC,DEM
GP 2004,UNITED STATES SENATOR,1,7428,MARIA,PAPPAS,,KNOX,193,DEMOCRATIC,DEM
GP 2004,UNITED STATES SENATOR,1,7428,MARIA,PAPPAS,,MOULTRIE,46,DEMOCRATIC,DEM
GP 2004,UNITED STATES SENATOR,1,7428,MARIA,PAPPAS,,PEORIA,574,DEMOCRATIC,DEM
GP 2004,UNITED STATES SENATOR,1,7428,MARIA,PAPPAS,,ADAMS,839,DEMOCRATIC,DEM
GP 2004,UNITED STATES SENATOR,1,7428,MARIA,PAPPAS,,CUMBERLAND,47,DEMOCRATIC,DEM
GP 2004,UNITED STATES SENATOR,1,7428,MARIA,PAPPAS,,WAYNE,16,DEMOCRATIC,DEM
GP 2004,UNITED STATES SENATOR,1,7428,MARIA,PAPPAS,,KENDALL,221,DEMOCRATIC,DEM
GP 2004,UNITED STATES SENATOR,1,7428,MARIA,PAPPAS,,KANKAKEE,487,DEMOCRATIC,DEM
GP 2004,UNITED STATES SENATOR,1,7428,MARIA,PAPPAS,,BOONE,199,DEMOCRATIC,DEM
GP 2004,UNITED STATES SENATOR,1,7428,MARIA,PAPPAS,,WINNEBAGO,1157,DEMOCRATIC,DEM
GP 2004,UNITED STATES SENATOR,1,7428,MARIA,PAPPAS,,CHRISTIAN,195,DEMOCRATIC,DEM
GP 2004,UNITED STATES SENATOR,1,7428,MARIA,PAPPAS,,LAWRENCE,14,DEMOCRATIC,DEM
GP 2004,UNITED STATES SENATOR,1,7428,MARIA,PAPPAS,,McHENRY,1991,DEMOCRATIC,DEM
GP 2004,UNITED STATES SENATOR,1,7428,MARIA,PAPPAS,,DeWITT,104,DEMOCRATIC,DEM
GP 2004,UNITED STATES SENATOR,1,7428,MARIA,PAPPAS,,KANE,1264,DEMOCRATIC,DEM
GP 2004,UNITED STATES SENATOR,1,7428,MARIA,PAPPAS,,DeKALB,294,DEMOCRATIC,DEM
GP 2004,UNITED STATES SENATOR,1,7428,MARIA,PAPPAS,,COOK,44508,DEMOCRATIC,DEM
GP 2004,UNITED STATES SENATOR,1,7428,MARIA,PAPPAS,,McLEAN,438,DEMOCRATIC,DEM
GP 2004,UNITED STATES SENATOR,1,7428,MARIA,PAPPAS,,UNION,234,DEMOCRATIC,DEM
GP 2004,UNITED STATES SENATOR,1,7428,MARIA,PAPPAS,,ST. CLAIR,436,DEMOCRATIC,DEM
GP 2004,UNITED STATES SENATOR,1,7428,MARIA,PAPPAS,,VERMILION,249,DEMOCRATIC,DEM
GP 2004,UNITED STATES SENATOR,1,7428,MARIA,PAPPAS,,ALEXANDER,53,DEMOCRATIC,DEM
GP 2004,UNITED STATES SENATOR,1,7428,MARIA,PAPPAS,,PULASKI,22,DEMOCRATIC,DEM
GP 2004,UNITED STATES SENATOR,1,7428,MARIA,PAPPAS,,DuPAGE,5323,DEMOCRATIC,DEM
GP 2004,12TH SUBCIRCUIT - SMITH VACANCY,1,7429,KAY MARIE,HANLON,,COOK,10619,REPUBLICAN,REP
GP 2004,UNITED STATES SENATOR,1,7430,M. BLAIR,HULL,,BROWN,60,DEMOCRATIC,DEM
GP 2004,UNITED STATES SENATOR,1,7430,M. BLAIR,HULL,,CLAY,514,DEMOCRATIC,DEM
GP 2004,UNITED STATES SENATOR,1,7430,M. BLAIR,HULL,,HARDIN,154,DEMOCRATIC,DEM
GP 2004,UNITED STATES SENATOR,1,7430,M. BLAIR,HULL,,JERSEY,391,DEMOCRATIC,DEM
GP 2004,UNITED STATES SENATOR,1,7430,M. BLAIR,HULL,,LOGAN,240,DEMOCRATIC,DEM
GP 2004,UNITED STATES SENATOR,1,7430,M. BLAIR,HULL,,RICHLAND,574,DEMOCRATIC,DEM
GP 2004,UNITED STATES SENATOR,1,7430,M. BLAIR,HULL,,SCHUYLER,128,DEMOCRATIC,DEM
GP 2004,UNITED STATES SENATOR,1,7430,M. BLAIR,HULL,,WASHINGTON,540,DEMOCRATIC,DEM
GP 2004,UNITED STATES SENATOR,1,7430,M. BLAIR,HULL,,BOND,349,DEMOCRATIC,DEM
GP 2004,UNITED STATES SENATOR,1,7430,M. BLAIR,HULL,,CLINTON,428,DEMOCRATIC,DEM
GP 2004,UNITED STATES SENATOR,1,7430,M. BLAIR,HULL,,JASPER,334,DEMOCRATIC,DEM
GP 2004,UNITED STATES SENATOR,1,7430,M. BLAIR,HULL,,MARSHALL,233,DEMOCRATIC,DEM
GP 2004,UNITED STATES SENATOR,1,7430,M. BLAIR,HULL,,EDGAR,285,DEMOCRATIC,DEM
GP 2004,UNITED STATES SENATOR,1,7430,M. BLAIR,HULL,,FORD,100,DEMOCRATIC,DEM
GP 2004,UNITED STATES SENATOR,1,7430,M. BLAIR,HULL,,GREENE,569,DEMOCRATIC,DEM
GP 2004,UNITED STATES SENATOR,1,7430,M. BLAIR,HULL,,IROQUOIS,197,DEMOCRATIC,DEM
GP 2004,UNITED STATES SENATOR,1,7430,M. BLAIR,HULL,,JOHNSON,255,DEMOCRATIC,DEM
GP 2004,UNITED STATES SENATOR,1,7430,M. BLAIR,HULL,,LIVINGSTON,388,DEMOCRATIC,DEM
GP 2004,UNITED STATES SENATOR,1,7430,M. BLAIR,HULL,,MENARD,76,DEMOCRATIC,DEM
GP 2004,UNITED STATES SENATOR,1,7430,M. BLAIR,HULL,,MERCER,561,DEMOCRATIC,DEM
GP 2004,UNITED STATES SENATOR,1,7430,M. BLAIR,HULL,,PERRY,622,DEMOCRATIC,DEM
GP 2004,UNITED STATES SENATOR,1,7430,M. BLAIR,HULL,,PIATT,250,DEMOCRATIC,DEM
GP 2004,UNITED STATES SENATOR,1,7430,M. BLAIR,HULL,,STARK,74,DEMOCRATIC,DEM
GP 2004,UNITED STATES SENATOR,1,7430,M. BLAIR,HULL,,WILLIAMSON,743,DEMOCRATIC,DEM
GP 2004,UNITED STATES SENATOR,1,7430,M. BLAIR,HULL,,WOODFORD,369,DEMOCRATIC,DEM
GP 2004,UNITED STATES SENATOR,1,7430,M. BLAIR,HULL,,FULTON,1873,DEMOCRATIC,DEM
GP 2004,UNITED STATES SENATOR,1,7430,M. BLAIR,HULL,,HAMILTON,412,DEMOCRATIC,DEM
GP 2004,UNITED STATES SENATOR,1,7430,M. BLAIR,HULL,,HANCOCK,348,DEMOCRATIC,DEM
GP 2004,UNITED STATES SENATOR,1,7430,M. BLAIR,HULL,,MACOUPIN,2273,DEMOCRATIC,DEM
GP 2004,UNITED STATES SENATOR,1,7430,M. BLAIR,HULL,,MASON,805,DEMOCRATIC,DEM
GP 2004,UNITED STATES SENATOR,1,7430,M. BLAIR,HULL,,MONROE,351,DEMOCRATIC,DEM
GP 2004,UNITED STATES SENATOR,1,7430,M. BLAIR,HULL,,SHELBY,567,DEMOCRATIC,DEM
GP 2004,UNITED STATES SENATOR,1,7430,M. BLAIR,HULL,,BUREAU,804,DEMOCRATIC,DEM
GP 2004,UNITED STATES SENATOR,1,7430,M. BLAIR,HULL,,WARREN,308,DEMOCRATIC,DEM
GP 2004,UNITED STATES SENATOR,1,7430,M. BLAIR,HULL,,DOUGLAS,188,DEMOCRATIC,DEM
GP 2004,UNITED STATES SENATOR,1,7430,M. BLAIR,HULL,,COLES,559,DEMOCRATIC,DEM
GP 2004,UNITED STATES SENATOR,1,7430,M. BLAIR,HULL,,EDWARDS,117,DEMOCRATIC,DEM
GP 2004,UNITED STATES SENATOR,1,7430,M. BLAIR,HULL,,PIKE,384,DEMOCRATIC,DEM
GP 2004,UNITED STATES SENATOR,1,7430,M. BLAIR,HULL,,HENDERSON,159,DEMOCRATIC,DEM
GP 2004,UNITED STATES SENATOR,1,7430,M. BLAIR,HULL,,JACKSON,1009,DEMOCRATIC,DEM
GP 2004,UNITED STATES SENATOR,1,7430,M. BLAIR,HULL,,ROCK ISLAND,4010,DEMOCRATIC,DEM
GP 2004,UNITED STATES SENATOR,1,7430,M. BLAIR,HULL,,LEE,496,DEMOCRATIC,DEM
GP 2004,UNITED STATES SENATOR,1,7430,M. BLAIR,HULL,,CASS,199,DEMOCRATIC,DEM
GP 2004,UNITED STATES SENATOR,1,7430,M. BLAIR,HULL,,WHITE,422,DEMOCRATIC,DEM
GP 2004,UNITED STATES SENATOR,1,7430,M. BLAIR,HULL,,CRAWFORD,330,DEMOCRATIC,DEM
GP 2004,UNITED STATES SENATOR,1,7430,M. BLAIR,HULL,,WHITESIDE,912,DEMOCRATIC,DEM
GP 2004,UNITED STATES SENATOR,1,7430,M. BLAIR,HULL,,MORGAN,169,DEMOCRATIC,DEM
GP 2004,UNITED STATES SENATOR,1,7430,M. BLAIR,HULL,,OGLE,755,DEMOCRATIC,DEM
GP 2004,UNITED STATES SENATOR,1,7430,M. BLAIR,HULL,,FRANKLIN,1581,DEMOCRATIC,DEM
GP 2004,UNITED STATES SENATOR,1,7430,M. BLAIR,HULL,,FAYETTE,417,DEMOCRATIC,DEM
GP 2004,UNITED STATES SENATOR,1,7430,M. BLAIR,HULL,,RANDOLPH,1360,DEMOCRATIC,DEM
GP 2004,UNITED STATES SENATOR,1,7430,M. BLAIR,HULL,,MARION,1440,DEMOCRATIC,DEM
GP 2004,UNITED STATES SENATOR,1,7430,M. BLAIR,HULL,,SALINE,844,DEMOCRATIC,DEM
GP 2004,UNITED STATES SENATOR,1,7430,M. BLAIR,HULL,,MASSAC,332,DEMOCRATIC,DEM
GP 2004,UNITED STATES SENATOR,1,7430,M. BLAIR,HULL,,WILL,4445,DEMOCRATIC,DEM
GP 2004,UNITED STATES SENATOR,1,7430,M. BLAIR,HULL,,CLARK,344,DEMOCRATIC,DEM
GP 2004,UNITED STATES SENATOR,1,7430,M. BLAIR,HULL,,CALHOUN,84,DEMOCRATIC,DEM
GP 2004,UNITED STATES SENATOR,1,7430,M. BLAIR,HULL,,STEPHENSON,776,DEMOCRATIC,DEM
GP 2004,UNITED STATES SENATOR,1,7430,M. BLAIR,HULL,,GALLATIN,314,DEMOCRATIC,DEM
GP 2004,UNITED STATES SENATOR,1,7430,M. BLAIR,HULL,,MONTGOMERY,570,DEMOCRATIC,DEM
GP 2004,UNITED STATES SENATOR,1,7430,M. BLAIR,HULL,,JEFFERSON,764,DEMOCRATIC,DEM
GP 2004,UNITED STATES SENATOR,1,7430,M. BLAIR,HULL,,PUTNAM,263,DEMOCRATIC,DEM
GP 2004,UNITED STATES SENATOR,1,7430,M. BLAIR,HULL,,WABASH,473,DEMOCRATIC,DEM
GP 2004,UNITED STATES SENATOR,1,7430,M. BLAIR,HULL,,MADISON,5082,DEMOCRATIC,DEM
GP 2004,UNITED STATES SENATOR,1,7430,M. BLAIR,HULL,,GRUNDY,491,DEMOCRATIC,DEM
GP 2004,UNITED STATES SENATOR,1,7430,M. BLAIR,HULL,,JoDAVIESS,266,DEMOCRATIC,DEM
GP 2004,UNITED STATES SENATOR,1,7430,M. BLAIR,HULL,,TAZEWELL,2351,DEMOCRATIC,DEM
GP 2004,UNITED STATES SENATOR,1,7430,M. BLAIR,HULL,,SANGAMON,1507,DEMOCRATIC,DEM
GP 2004,UNITED STATES SENATOR,1,7430,M. BLAIR,HULL,,EFFINGHAM,656,DEMOCRATIC,DEM
GP 2004,UNITED STATES SENATOR,1,7430,M. BLAIR,HULL,,LAKE,4735,DEMOCRATIC,DEM
GP 2004,UNITED STATES SENATOR,1,7430,M. BLAIR,HULL,,LaSALLE,1210,DEMOCRATIC,DEM
GP 2004,UNITED STATES SENATOR,1,7430,M. BLAIR,HULL,,HENRY,817,DEMOCRATIC,DEM
GP 2004,UNITED STATES SENATOR,1,7430,M. BLAIR,HULL,,McDONOUGH,308,DEMOCRATIC,DEM
GP 2004,UNITED STATES SENATOR,1,7430,M. BLAIR,HULL,,CHAMPAIGN,1034,DEMOCRATIC,DEM
GP 2004,UNITED STATES SENATOR,1,7430,M. BLAIR,HULL,,SCOTT,90,DEMOCRATIC,DEM
GP 2004,UNITED STATES SENATOR,1,7430,M. BLAIR,HULL,,CARROLL,284,DEMOCRATIC,DEM
GP 2004,UNITED STATES SENATOR,1,7430,M. BLAIR,HULL,,MACON,2079,DEMOCRATIC,DEM
GP 2004,UNITED STATES SENATOR,1,7430,M. BLAIR,HULL,,POPE,141,DEMOCRATIC,DEM
GP 2004,UNITED STATES SENATOR,1,7430,M. BLAIR,HULL,,KNOX,912,DEMOCRATIC,DEM
GP 2004,UNITED STATES SENATOR,1,7430,M. BLAIR,HULL,,MOULTRIE,291,DEMOCRATIC,DEM
GP 2004,UNITED STATES SENATOR,1,7430,M. BLAIR,HULL,,PEORIA,2643,DEMOCRATIC,DEM
GP 2004,UNITED STATES SENATOR,1,7430,M. BLAIR,HULL,,ADAMS,1138,DEMOCRATIC,DEM
GP 2004,UNITED STATES SENATOR,1,7430,M. BLAIR,HULL,,CUMBERLAND,255,DEMOCRATIC,DEM
GP 2004,UNITED STATES SENATOR,1,7430,M. BLAIR,HULL,,WAYNE,348,DEMOCRATIC,DEM
GP 2004,UNITED STATES SENATOR,1,7430,M. BLAIR,HULL,,KENDALL,379,DEMOCRATIC,DEM
GP 2004,UNITED STATES SENATOR,1,7430,M. BLAIR,HULL,,KANKAKEE,763,DEMOCRATIC,DEM
GP 2004,UNITED STATES SENATOR,1,7430,M. BLAIR,HULL,,BOONE,976,DEMOCRATIC,DEM
GP 2004,UNITED STATES SENATOR,1,7430,M. BLAIR,HULL,,WINNEBAGO,6871,DEMOCRATIC,DEM
GP 2004,UNITED STATES SENATOR,1,7430,M. BLAIR,HULL,,CHRISTIAN,781,DEMOCRATIC,DEM
GP 2004,UNITED STATES SENATOR,1,7430,M. BLAIR,HULL,,LAWRENCE,409,DEMOCRATIC,DEM
GP 2004,UNITED STATES SENATOR,1,7430,M. BLAIR,HULL,,McHENRY,2079,DEMOCRATIC,DEM
GP 2004,UNITED STATES SENATOR,1,7430,M. BLAIR,HULL,,DeWITT,430,DEMOCRATIC,DEM
GP 2004,UNITED STATES SENATOR,1,7430,M. BLAIR,HULL,,KANE,2242,DEMOCRATIC,DEM
GP 2004,UNITED STATES SENATOR,1,7430,M. BLAIR,HULL,,DeKALB,694,DEMOCRATIC,DEM
GP 2004,UNITED STATES SENATOR,1,7430,M. BLAIR,HULL,,COOK,37003,DEMOCRATIC,DEM
GP 2004,UNITED STATES SENATOR,1,7430,M. BLAIR,HULL,,McLEAN,1391,DEMOCRATIC,DEM
GP 2004,UNITED STATES SENATOR,1,7430,M. BLAIR,HULL,,UNION,1099,DEMOCRATIC,DEM
GP 2004,UNITED STATES SENATOR,1,7430,M. BLAIR,HULL,,ST. CLAIR,5942,DEMOCRATIC,DEM
GP 2004,UNITED STATES SENATOR,1,7430,M. BLAIR,HULL,,VERMILION,891,DEMOCRATIC,DEM
GP 2004,UNITED STATES SENATOR,1,7430,M. BLAIR,HULL,,ALEXANDER,285,DEMOCRATIC,DEM
GP 2004,UNITED STATES SENATOR,1,7430,M. BLAIR,HULL,,PULASKI,177,DEMOCRATIC,DEM
GP 2004,UNITED STATES SENATOR,1,7430,M. BLAIR,HULL,,DuPAGE,5512,DEMOCRATIC,DEM
GP 2004,90TH REPRESENTATIVE,1,7432,JERRY L.,MITCHELL,,LEE,2794,REPUBLICAN,REP
GP 2004,90TH REPRESENTATIVE,1,7432,JERRY L.,MITCHELL,,WHITESIDE,1677,REPUBLICAN,REP
GP 2004,90TH REPRESENTATIVE,1,7432,JERRY L.,MITCHELL,,OGLE,2209,REPUBLICAN,REP
GP 2004,90TH REPRESENTATIVE,1,7432,JERRY L.,MITCHELL,,HENRY,790,REPUBLICAN,REP
GP 2004,COOK CIRCUIT- O'MALLEY VACANCY,1,7433,TIMOTHY MICHAEL,KELLY,,COOK,75381,DEMOCRATIC,DEM
GP 2004,18TH CIRCUIT- MEHLING VACANCY,1,7434,KENNETH,POPEJOY,,DuPAGE,20557,REPUBLICAN,REP
GP 2004,UNITED STATES SENATOR,1,7435,ANDY,McKENNA,,BROWN,68,REPUBLICAN,REP
GP 2004,UNITED STATES SENATOR,1,7435,ANDY,McKENNA,,CLAY,112,REPUBLICAN,REP
GP 2004,UNITED STATES SENATOR,1,7435,ANDY,McKENNA,,HARDIN,117,REPUBLICAN,REP
GP 2004,UNITED STATES SENATOR,1,7435,ANDY,McKENNA,,JERSEY,95,REPUBLICAN,REP
GP 2004,UNITED STATES SENATOR,1,7435,ANDY,McKENNA,,LOGAN,441,REPUBLICAN,REP
GP 2004,UNITED STATES SENATOR,1,7435,ANDY,McKENNA,,RICHLAND,103,REPUBLICAN,REP
GP 2004,UNITED STATES SENATOR,1,7435,ANDY,McKENNA,,SCHUYLER,113,REPUBLICAN,REP
GP 2004,UNITED STATES SENATOR,1,7435,ANDY,McKENNA,,WASHINGTON,100,REPUBLICAN,REP
GP 2004,UNITED STATES SENATOR,1,7435,ANDY,McKENNA,,BOND,61,REPUBLICAN,REP
GP 2004,UNITED STATES SENATOR,1,7435,ANDY,McKENNA,,CLINTON,121,REPUBLICAN,REP
GP 2004,UNITED STATES SENATOR,1,7435,ANDY,McKENNA,,JASPER,69,REPUBLICAN,REP
GP 2004,UNITED STATES SENATOR,1,7435,ANDY,McKENNA,,MARSHALL,285,REPUBLICAN,REP
GP 2004,UNITED STATES SENATOR,1,7435,ANDY,McKENNA,,EDGAR,166,REPUBLICAN,REP
GP 2004,UNITED STATES SENATOR,1,7435,ANDY,McKENNA,,FORD,235,REPUBLICAN,REP
GP 2004,UNITED STATES SENATOR,1,7435,ANDY,McKENNA,,GREENE,94,REPUBLICAN,REP
GP 2004,UNITED STATES SENATOR,1,7435,ANDY,McKENNA,,IROQUOIS,399,REPUBLICAN,REP
GP 2004,UNITED STATES SENATOR,1,7435,ANDY,McKENNA,,JOHNSON,243,REPUBLICAN,REP
GP 2004,UNITED STATES SENATOR,1,7435,ANDY,McKENNA,,LIVINGSTON,942,REPUBLICAN,REP
GP 2004,UNITED STATES SENATOR,1,7435,ANDY,McKENNA,,MENARD,483,REPUBLICAN,REP
GP 2004,UNITED STATES SENATOR,1,7435,ANDY,McKENNA,,MERCER,326,REPUBLICAN,REP
GP 2004,UNITED STATES SENATOR,1,7435,ANDY,McKENNA,,PERRY,93,REPUBLICAN,REP
GP 2004,UNITED STATES SENATOR,1,7435,ANDY,McKENNA,,PIATT,258,REPUBLICAN,REP
GP 2004,UNITED STATES SENATOR,1,7435,ANDY,McKENNA,,STARK,73,REPUBLICAN,REP
GP 2004,UNITED STATES SENATOR,1,7435,ANDY,McKENNA,,WILLIAMSON,307,REPUBLICAN,REP
GP 2004,UNITED STATES SENATOR,1,7435,ANDY,McKENNA,,WOODFORD,1089,REPUBLICAN,REP
GP 2004,UNITED STATES SENATOR,1,7435,ANDY,McKENNA,,FULTON,467,REPUBLICAN,REP
GP 2004,UNITED STATES SENATOR,1,7435,ANDY,McKENNA,,HAMILTON,95,REPUBLICAN,REP
GP 2004,UNITED STATES SENATOR,1,7435,ANDY,McKENNA,,HANCOCK,351,REPUBLICAN,REP
GP 2004,UNITED STATES SENATOR,1,7435,ANDY,McKENNA,,MACOUPIN,292,REPUBLICAN,REP
GP 2004,UNITED STATES SENATOR,1,7435,ANDY,McKENNA,,MASON,223,REPUBLICAN,REP
GP 2004,UNITED STATES SENATOR,1,7435,ANDY,McKENNA,,MONROE,258,REPUBLICAN,REP
GP 2004,UNITED STATES SENATOR,1,7435,ANDY,McKENNA,,SHELBY,302,REPUBLICAN,REP
GP 2004,UNITED STATES SENATOR,1,7435,ANDY,McKENNA,,BUREAU,586,REPUBLICAN,REP
GP 2004,UNITED STATES SENATOR,1,7435,ANDY,McKENNA,,WARREN,717,REPUBLICAN,REP
GP 2004,UNITED STATES SENATOR,1,7435,ANDY,McKENNA,,DOUGLAS,269,REPUBLICAN,REP
GP 2004,UNITED STATES SENATOR,1,7435,ANDY,McKENNA,,COLES,357,REPUBLICAN,REP
GP 2004,UNITED STATES SENATOR,1,7435,ANDY,McKENNA,,EDWARDS,44,REPUBLICAN,REP
GP 2004,UNITED STATES SENATOR,1,7435,ANDY,McKENNA,,PIKE,221,REPUBLICAN,REP
GP 2004,UNITED STATES SENATOR,1,7435,ANDY,McKENNA,,HENDERSON,131,REPUBLICAN,REP
GP 2004,UNITED STATES SENATOR,1,7435,ANDY,McKENNA,,JACKSON,234,REPUBLICAN,REP
GP 2004,UNITED STATES SENATOR,1,7435,ANDY,McKENNA,,ROCK ISLAND,1107,REPUBLICAN,REP
GP 2004,UNITED STATES SENATOR,1,7435,ANDY,McKENNA,,LEE,400,REPUBLICAN,REP
GP 2004,UNITED STATES SENATOR,1,7435,ANDY,McKENNA,,CASS,147,REPUBLICAN,REP
GP 2004,UNITED STATES SENATOR,1,7435,ANDY,McKENNA,,WHITE,107,REPUBLICAN,REP
GP 2004,UNITED STATES SENATOR,1,7435,ANDY,McKENNA,,CRAWFORD,92,REPUBLICAN,REP
GP 2004,UNITED STATES SENATOR,1,7435,ANDY,McKENNA,,WHITESIDE,531,REPUBLICAN,REP
GP 2004,UNITED STATES SENATOR,1,7435,ANDY,McKENNA,,MORGAN,744,REPUBLICAN,REP
GP 2004,UNITED STATES SENATOR,1,7435,ANDY,McKENNA,,OGLE,1045,REPUBLICAN,REP
GP 2004,UNITED STATES SENATOR,1,7435,ANDY,McKENNA,,FRANKLIN,190,REPUBLICAN,REP
GP 2004,UNITED STATES SENATOR,1,7435,ANDY,McKENNA,,FAYETTE,163,REPUBLICAN,REP
GP 2004,UNITED STATES SENATOR,1,7435,ANDY,McKENNA,,RANDOLPH,177,REPUBLICAN,REP
GP 2004,UNITED STATES SENATOR,1,7435,ANDY,McKENNA,,MARION,171,REPUBLICAN,REP
GP 2004,UNITED STATES SENATOR,1,7435,ANDY,McKENNA,,SALINE,173,REPUBLICAN,REP
GP 2004,UNITED STATES SENATOR,1,7435,ANDY,McKENNA,,MASSAC,426,REPUBLICAN,REP
GP 2004,UNITED STATES SENATOR,1,7435,ANDY,McKENNA,,WILL,5026,REPUBLICAN,REP
GP 2004,UNITED STATES SENATOR,1,7435,ANDY,McKENNA,,CLARK,99,REPUBLICAN,REP
GP 2004,UNITED STATES SENATOR,1,7435,ANDY,McKENNA,,CALHOUN,16,REPUBLICAN,REP
GP 2004,UNITED STATES SENATOR,1,7435,ANDY,McKENNA,,STEPHENSON,896,REPUBLICAN,REP
GP 2004,UNITED STATES SENATOR,1,7435,ANDY,McKENNA,,GALLATIN,23,REPUBLICAN,REP
GP 2004,UNITED STATES SENATOR,1,7435,ANDY,McKENNA,,MONTGOMERY,210,REPUBLICAN,REP
GP 2004,UNITED STATES SENATOR,1,7435,ANDY,McKENNA,,JEFFERSON,194,REPUBLICAN,REP
GP 2004,UNITED STATES SENATOR,1,7435,ANDY,McKENNA,,PUTNAM,62,REPUBLICAN,REP
GP 2004,UNITED STATES SENATOR,1,7435,ANDY,McKENNA,,WABASH,64,REPUBLICAN,REP
GP 2004,UNITED STATES SENATOR,1,7435,ANDY,McKENNA,,MADISON,917,REPUBLICAN,REP
GP 2004,UNITED STATES SENATOR,1,7435,ANDY,McKENNA,,GRUNDY,390,REPUBLICAN,REP
GP 2004,UNITED STATES SENATOR,1,7435,ANDY,McKENNA,,JoDAVIESS,474,REPUBLICAN,REP
GP 2004,UNITED STATES SENATOR,1,7435,ANDY,McKENNA,,TAZEWELL,2362,REPUBLICAN,REP
GP 2004,UNITED STATES SENATOR,1,7435,ANDY,McKENNA,,SANGAMON,2583,REPUBLICAN,REP
GP 2004,UNITED STATES SENATOR,1,7435,ANDY,McKENNA,,EFFINGHAM,349,REPUBLICAN,REP
GP 2004,UNITED STATES SENATOR,1,7435,ANDY,McKENNA,,LaSALLE,993,REPUBLICAN,REP
GP 2004,UNITED STATES SENATOR,1,7435,ANDY,McKENNA,,HENRY,579,REPUBLICAN,REP
GP 2004,UNITED STATES SENATOR,1,7435,ANDY,McKENNA,,McDONOUGH,471,REPUBLICAN,REP
GP 2004,UNITED STATES SENATOR,1,7435,ANDY,McKENNA,,CHAMPAIGN,1823,REPUBLICAN,REP
GP 2004,UNITED STATES SENATOR,1,7435,ANDY,McKENNA,,SCOTT,132,REPUBLICAN,REP
GP 2004,UNITED STATES SENATOR,1,7435,ANDY,McKENNA,,CARROLL,298,REPUBLICAN,REP
GP 2004,UNITED STATES SENATOR,1,7435,ANDY,McKENNA,,MACON,1434,REPUBLICAN,REP
GP 2004,UNITED STATES SENATOR,1,7435,ANDY,McKENNA,,POPE,145,REPUBLICAN,REP
GP 2004,UNITED STATES SENATOR,1,7435,ANDY,McKENNA,,KNOX,652,REPUBLICAN,REP
GP 2004,UNITED STATES SENATOR,1,7435,ANDY,McKENNA,,MOULTRIE,233,REPUBLICAN,REP
GP 2004,UNITED STATES SENATOR,1,7435,ANDY,McKENNA,,PEORIA,2439,REPUBLICAN,REP
GP 2004,UNITED STATES SENATOR,1,7435,ANDY,McKENNA,,ADAMS,2161,REPUBLICAN,REP
GP 2004,UNITED STATES SENATOR,1,7435,ANDY,McKENNA,,CUMBERLAND,122,REPUBLICAN,REP
GP 2004,UNITED STATES SENATOR,1,7435,ANDY,McKENNA,,WAYNE,334,REPUBLICAN,REP
GP 2004,UNITED STATES SENATOR,1,7435,ANDY,McKENNA,,KENDALL,889,REPUBLICAN,REP
GP 2004,UNITED STATES SENATOR,1,7435,ANDY,McKENNA,,KANKAKEE,671,REPUBLICAN,REP
GP 2004,UNITED STATES SENATOR,1,7435,ANDY,McKENNA,,BOONE,929,REPUBLICAN,REP
GP 2004,UNITED STATES SENATOR,1,7435,ANDY,McKENNA,,WINNEBAGO,2921,REPUBLICAN,REP
GP 2004,UNITED STATES SENATOR,1,7435,ANDY,McKENNA,,CHRISTIAN,295,REPUBLICAN,REP
GP 2004,UNITED STATES SENATOR,1,7435,ANDY,McKENNA,,LAWRENCE,143,REPUBLICAN,REP
GP 2004,UNITED STATES SENATOR,1,7435,ANDY,McKENNA,,McHENRY,3472,REPUBLICAN,REP
GP 2004,UNITED STATES SENATOR,1,7435,ANDY,McKENNA,,DeWITT,489,REPUBLICAN,REP
GP 2004,UNITED STATES SENATOR,1,7435,ANDY,McKENNA,,LAKE,6590,REPUBLICAN,REP
GP 2004,UNITED STATES SENATOR,1,7435,ANDY,McKENNA,,KANE,2614,REPUBLICAN,REP
GP 2004,UNITED STATES SENATOR,1,7435,ANDY,McKENNA,,DeKALB,899,REPUBLICAN,REP
GP 2004,UNITED STATES SENATOR,1,7435,ANDY,McKENNA,,COOK,17923,REPUBLICAN,REP
GP 2004,UNITED STATES SENATOR,1,7435,ANDY,McKENNA,,McLEAN,2948,REPUBLICAN,REP
GP 2004,UNITED STATES SENATOR,1,7435,ANDY,McKENNA,,UNION,102,REPUBLICAN,REP
GP 2004,UNITED STATES SENATOR,1,7435,ANDY,McKENNA,,ST. CLAIR,2129,REPUBLICAN,REP
GP 2004,UNITED STATES SENATOR,1,7435,ANDY,McKENNA,,VERMILION,809,REPUBLICAN,REP
GP 2004,UNITED STATES SENATOR,1,7435,ANDY,McKENNA,,ALEXANDER,43,REPUBLICAN,REP
GP 2004,UNITED STATES SENATOR,1,7435,ANDY,McKENNA,,PULASKI,102,REPUBLICAN,REP
GP 2004,UNITED STATES SENATOR,1,7435,ANDY,McKENNA,,DuPAGE,11376,REPUBLICAN,REP
GP 2004,56TH REPRESENTATIVE,1,7436,PAUL,FROEHLICH,,COOK,3172,REPUBLICAN,REP
GP 2004,56TH REPRESENTATIVE,1,7436,PAUL,FROEHLICH,,DuPAGE,1274,REPUBLICAN,REP
GP 2004,109TH REPRESENTATIVE,1,7437,ROGER L.,EDDY,,EDGAR,1402,REPUBLICAN,REP
GP 2004,109TH REPRESENTATIVE,1,7437,ROGER L.,EDDY,,SHELBY,505,REPUBLICAN,REP
GP 2004,109TH REPRESENTATIVE,1,7437,ROGER L.,EDDY,,CRAWFORD,1125,REPUBLICAN,REP
GP 2004,109TH REPRESENTATIVE,1,7437,ROGER L.,EDDY,,CLARK,1080,REPUBLICAN,REP
GP 2004,109TH REPRESENTATIVE,1,7437,ROGER L.,EDDY,,WABASH,453,REPUBLICAN,REP
GP 2004,109TH REPRESENTATIVE,1,7437,ROGER L.,EDDY,,EFFINGHAM,530,REPUBLICAN,REP
GP 2004,109TH REPRESENTATIVE,1,7437,ROGER L.,EDDY,,CUMBERLAND,759,REPUBLICAN,REP
GP 2004,109TH REPRESENTATIVE,1,7437,ROGER L.,EDDY,,LAWRENCE,766,REPUBLICAN,REP
GP 2004,84TH REPRESENTATIVE,1,7438,TOM,CROSS,,WILL,5968,REPUBLICAN,REP
GP 2004,84TH REPRESENTATIVE,1,7438,TOM,CROSS,,KENDALL,1673,REPUBLICAN,REP
GP 2004,84TH REPRESENTATIVE,1,7438,TOM,CROSS,,DuPAGE,238,REPUBLICAN,REP
GP 2004,COOK CIRCUIT- SIRACUSA VACANCY,1,7440,TIMOTHY PATRICK,MURPHY,,COOK,154711,DEMOCRATIC,DEM
GP 2004,8TH SUBCIRCUIT - A VACANCY,1,7443,MARY LANE,MIKVA,,COOK,30443,DEMOCRATIC,DEM
GP 2004,24TH REPRESENTATIVE,1,7444,FRANK,AGUILAR,,COOK,3100,REPUBLICAN,REP
GP 2004,59TH REPRESENTATIVE,1,7446,PAUL S.,TULLY,,LAKE,3609,REPUBLICAN,REP
GP 2004,59TH REPRESENTATIVE,1,7446,PAUL S.,TULLY,,COOK,427,REPUBLICAN,REP
GP 2004,48TH REPRESENTATIVE,1,7447,"JAMES H. ""JIM""",MEYER,,WILL,620,REPUBLICAN,REP
GP 2004,48TH REPRESENTATIVE,1,7447,"JAMES H. ""JIM""",MEYER,,DuPAGE,7819,REPUBLICAN,REP
GP 2004,10TH REPRESENTATIVE,1,7448,DAVID J.,YOUNG,,COOK,4401,DEMOCRATIC,DEM
GP 2004,51ST REPRESENTATIVE,1,7449,ED,"SULLIVAN, JR.",,LAKE,7036,REPUBLICAN,REP
GP 2004,51ST REPRESENTATIVE,1,7449,ED,"SULLIVAN, JR.",,COOK,23,REPUBLICAN,REP
GP 2004,50TH REPRESENTATIVE,1,7450,PATRICIA REID,LINDNER,,LaSALLE,453,REPUBLICAN,REP
GP 2004,50TH REPRESENTATIVE,1,7450,PATRICIA REID,LINDNER,,KENDALL,4398,REPUBLICAN,REP
GP 2004,50TH REPRESENTATIVE,1,7450,PATRICIA REID,LINDNER,,KANE,8187,REPUBLICAN,REP
GP 2004,47TH REPRESENTATIVE,1,7452,"PATRICIA R. ""PATTI""",BELLOCK,,DuPAGE,9666,REPUBLICAN,REP
GP 2004,88TH REPRESENTATIVE,1,7453,DAN,BRADY,,McLEAN,9648,REPUBLICAN,REP
GP 2004,14TH SENATE,1,7454,EMIL,"JONES, JR.",,COOK,39792,DEMOCRATIC,DEM
GP 2004,82ND REPRESENTATIVE,1,7455,EILEEN,LYONS,,WILL,31,REPUBLICAN,REP
GP 2004,82ND REPRESENTATIVE,1,7455,EILEEN,LYONS,,COOK,5050,REPUBLICAN,REP
GP 2004,82ND REPRESENTATIVE,1,7455,EILEEN,LYONS,,DuPAGE,4506,REPUBLICAN,REP
GP 2004,8TH CIRCUIT- WELCH VACANCY,1,7456,MARK A.,DRUMMOND,,BROWN,222,REPUBLICAN,REP
GP 2004,8TH CIRCUIT- WELCH VACANCY,1,7456,MARK A.,DRUMMOND,,SCHUYLER,326,REPUBLICAN,REP
GP 2004,8TH CIRCUIT- WELCH VACANCY,1,7456,MARK A.,DRUMMOND,,MENARD,1571,REPUBLICAN,REP
GP 2004,8TH CIRCUIT- WELCH VACANCY,1,7456,MARK A.,DRUMMOND,,MASON,435,REPUBLICAN,REP
GP 2004,8TH CIRCUIT- WELCH VACANCY,1,7456,MARK A.,DRUMMOND,,PIKE,555,REPUBLICAN,REP
GP 2004,8TH CIRCUIT- WELCH VACANCY,1,7456,MARK A.,DRUMMOND,,CASS,550,REPUBLICAN,REP
GP 2004,8TH CIRCUIT- WELCH VACANCY,1,7456,MARK A.,DRUMMOND,,CALHOUN,124,REPUBLICAN,REP
GP 2004,8TH CIRCUIT- WELCH VACANCY,1,7456,MARK A.,DRUMMOND,,ADAMS,5479,REPUBLICAN,REP
GP 2004,108TH REPRESENTATIVE,1,7457,DAVID B.,REIS,,CLAY,1047,REPUBLICAN,REP
GP 2004,108TH REPRESENTATIVE,1,7457,DAVID B.,REIS,,RICHLAND,1599,REPUBLICAN,REP
GP 2004,108TH REPRESENTATIVE,1,7457,DAVID B.,REIS,,JASPER,606,REPUBLICAN,REP
GP 2004,108TH REPRESENTATIVE,1,7457,DAVID B.,REIS,,HAMILTON,161,REPUBLICAN,REP
GP 2004,108TH REPRESENTATIVE,1,7457,DAVID B.,REIS,,EDWARDS,1010,REPUBLICAN,REP
GP 2004,108TH REPRESENTATIVE,1,7457,DAVID B.,REIS,,WHITE,572,REPUBLICAN,REP
GP 2004,108TH REPRESENTATIVE,1,7457,DAVID B.,REIS,,WABASH,403,REPUBLICAN,REP
GP 2004,108TH REPRESENTATIVE,1,7457,DAVID B.,REIS,,EFFINGHAM,1449,REPUBLICAN,REP
GP 2004,108TH REPRESENTATIVE,1,7457,DAVID B.,REIS,,WAYNE,1649,REPUBLICAN,REP
GP 2004,110TH REPRESENTATIVE,1,7458,CHAPIN,ROSE,,EDGAR,153,REPUBLICAN,REP
GP 2004,110TH REPRESENTATIVE,1,7458,CHAPIN,ROSE,,PIATT,1540,REPUBLICAN,REP
GP 2004,110TH REPRESENTATIVE,1,7458,CHAPIN,ROSE,,DOUGLAS,2057,REPUBLICAN,REP
GP 2004,110TH REPRESENTATIVE,1,7458,CHAPIN,ROSE,,COLES,2707,REPUBLICAN,REP
GP 2004,110TH REPRESENTATIVE,1,7458,CHAPIN,ROSE,,CHAMPAIGN,1583,REPUBLICAN,REP
GP 2004,110TH REPRESENTATIVE,1,7458,CHAPIN,ROSE,,DeWITT,0,REPUBLICAN,REP
GP 2004,30TH REPRESENTATIVE,1,7459,"WILLIAM ""WILL""",DAVIS,,COOK,11486,DEMOCRATIC,DEM
GP 2004,8TH SUBCIRCUIT - GARDNER VACANCY,1,7461,SHERYL ANN,PETHERS,,COOK,11956,DEMOCRATIC,DEM
GP 2004,19TH REPRESENTATIVE,1,7462,JOSEPH M.,LYONS,,COOK,9710,DEMOCRATIC,DEM
GP 2004,19TH CIRCUIT- JOHNSON VACANCY,1,7463,VICTORIA A.,ROSSETTI,,LAKE,37100,REPUBLICAN,REP
GP 2004,19TH CIRCUIT- JOHNSON VACANCY,1,7463,VICTORIA A.,ROSSETTI,,McHENRY,24900,REPUBLICAN,REP
GP 2004,100TH REPRESENTATIVE,1,7465,RICH,BRAUER,,LOGAN,2189,REPUBLICAN,REP
GP 2004,100TH REPRESENTATIVE,1,7465,RICH,BRAUER,,MENARD,2760,REPUBLICAN,REP
GP 2004,100TH REPRESENTATIVE,1,7465,RICH,BRAUER,,SANGAMON,6788,REPUBLICAN,REP
GP 2004,43RD REPRESENTATIVE,1,7466,RUTH,MUNSON,,KANE,3615,REPUBLICAN,REP
GP 2004,43RD REPRESENTATIVE,1,7466,RUTH,MUNSON,,COOK,755,REPUBLICAN,REP
GP 2004,106TH REPRESENTATIVE,1,7467,KEITH P.,SOMMER,,LIVINGSTON,2462,REPUBLICAN,REP
GP 2004,106TH REPRESENTATIVE,1,7467,KEITH P.,SOMMER,,WOODFORD,2277,REPUBLICAN,REP
GP 2004,106TH REPRESENTATIVE,1,7467,KEITH P.,SOMMER,,TAZEWELL,3332,REPUBLICAN,REP
GP 2004,106TH REPRESENTATIVE,1,7467,KEITH P.,SOMMER,,LaSALLE,152,REPUBLICAN,REP
GP 2004,106TH REPRESENTATIVE,1,7467,KEITH P.,SOMMER,,McLEAN,4451,REPUBLICAN,REP
GP 2004,20TH REPRESENTATIVE,1,7468,MICHAEL P.,McAULIFFE,,COOK,3833,REPUBLICAN,REP
GP 2004,3RD CONGRESS,1,7469,WILLIAM O.,LIPINSKI,,COOK,74420,DEMOCRATIC,DEM
GP 2004,99TH REPRESENTATIVE,1,7470,RAYMOND,POE,,SANGAMON,5608,REPUBLICAN,REP
GP 2004,2ND SENATE,1,7472,MIGUEL,DEL VALLE,,COOK,14241,DEMOCRATIC,DEM
GP 2004,33RD REPRESENTATIVE,1,7473,MARLOW H.,COLVIN,,COOK,11392,DEMOCRATIC,DEM
GP 2004,23RD SENATE,1,7474,CAROLE,PANKAU,,DuPAGE,10247,REPUBLICAN,REP
GP 2004,96TH REPRESENTATIVE,1,7475,JOE,DUNN,,WILL,1411,REPUBLICAN,REP
GP 2004,96TH REPRESENTATIVE,1,7475,JOE,DUNN,,DuPAGE,5030,REPUBLICAN,REP
GP 2004,65TH REPRESENTATIVE,1,7476,ROSEMARY,MULLIGAN,,COOK,4918,REPUBLICAN,REP
GP 2004,COOK CIRCUIT- ORLANDO VACANCY,1,7478,ANNIE,O'DONNELL,,COOK,99710,DEMOCRATIC,DEM
GP 2004,UNITED STATES SENATOR,1,7481,JOHN,BORLING,,BROWN,3,REPUBLICAN,REP
GP 2004,UNITED STATES SENATOR,1,7481,JOHN,BORLING,,CLAY,28,REPUBLICAN,REP
GP 2004,UNITED STATES SENATOR,1,7481,JOHN,BORLING,,HARDIN,11,REPUBLICAN,REP
GP 2004,UNITED STATES SENATOR,1,7481,JOHN,BORLING,,JERSEY,9,REPUBLICAN,REP
GP 2004,UNITED STATES SENATOR,1,7481,JOHN,BORLING,,LOGAN,51,REPUBLICAN,REP
GP 2004,UNITED STATES SENATOR,1,7481,JOHN,BORLING,,RICHLAND,37,REPUBLICAN,REP
GP 2004,UNITED STATES SENATOR,1,7481,JOHN,BORLING,,SCHUYLER,15,REPUBLICAN,REP
GP 2004,UNITED STATES SENATOR,1,7481,JOHN,BORLING,,WASHINGTON,18,REPUBLICAN,REP
GP 2004,UNITED STATES SENATOR,1,7481,JOHN,BORLING,,BOND,6,REPUBLICAN,REP
GP 2004,UNITED STATES SENATOR,1,7481,JOHN,BORLING,,CLINTON,22,REPUBLICAN,REP
GP 2004,UNITED STATES SENATOR,1,7481,JOHN,BORLING,,JASPER,10,REPUBLICAN,REP
GP 2004,UNITED STATES SENATOR,1,7481,JOHN,BORLING,,MARSHALL,25,REPUBLICAN,REP
GP 2004,UNITED STATES SENATOR,1,7481,JOHN,BORLING,,EDGAR,13,REPUBLICAN,REP
GP 2004,UNITED STATES SENATOR,1,7481,JOHN,BORLING,,FORD,11,REPUBLICAN,REP
GP 2004,UNITED STATES SENATOR,1,7481,JOHN,BORLING,,GREENE,10,REPUBLICAN,REP
GP 2004,UNITED STATES SENATOR,1,7481,JOHN,BORLING,,IROQUOIS,23,REPUBLICAN,REP
GP 2004,UNITED STATES SENATOR,1,7481,JOHN,BORLING,,JOHNSON,30,REPUBLICAN,REP
GP 2004,UNITED STATES SENATOR,1,7481,JOHN,BORLING,,LIVINGSTON,153,REPUBLICAN,REP
GP 2004,UNITED STATES SENATOR,1,7481,JOHN,BORLING,,MENARD,55,REPUBLICAN,REP
GP 2004,UNITED STATES SENATOR,1,7481,JOHN,BORLING,,MERCER,50,REPUBLICAN,REP
GP 2004,UNITED STATES SENATOR,1,7481,JOHN,BORLING,,PERRY,10,REPUBLICAN,REP
GP 2004,UNITED STATES SENATOR,1,7481,JOHN,BORLING,,PIATT,17,REPUBLICAN,REP
GP 2004,UNITED STATES SENATOR,1,7481,JOHN,BORLING,,STARK,12,REPUBLICAN,REP
GP 2004,UNITED STATES SENATOR,1,7481,JOHN,BORLING,,WILLIAMSON,42,REPUBLICAN,REP
GP 2004,UNITED STATES SENATOR,1,7481,JOHN,BORLING,,WOODFORD,162,REPUBLICAN,REP
GP 2004,UNITED STATES SENATOR,1,7481,JOHN,BORLING,,FULTON,54,REPUBLICAN,REP
GP 2004,UNITED STATES SENATOR,1,7481,JOHN,BORLING,,HAMILTON,19,REPUBLICAN,REP
GP 2004,UNITED STATES SENATOR,1,7481,JOHN,BORLING,,HANCOCK,45,REPUBLICAN,REP
GP 2004,UNITED STATES SENATOR,1,7481,JOHN,BORLING,,MACOUPIN,64,REPUBLICAN,REP
GP 2004,UNITED STATES SENATOR,1,7481,JOHN,BORLING,,MASON,16,REPUBLICAN,REP
GP 2004,UNITED STATES SENATOR,1,7481,JOHN,BORLING,,MONROE,14,REPUBLICAN,REP
GP 2004,UNITED STATES SENATOR,1,7481,JOHN,BORLING,,SHELBY,3,REPUBLICAN,REP
GP 2004,UNITED STATES SENATOR,1,7481,JOHN,BORLING,,BUREAU,53,REPUBLICAN,REP
GP 2004,UNITED STATES SENATOR,1,7481,JOHN,BORLING,,WARREN,54,REPUBLICAN,REP
GP 2004,UNITED STATES SENATOR,1,7481,JOHN,BORLING,,DOUGLAS,11,REPUBLICAN,REP
GP 2004,UNITED STATES SENATOR,1,7481,JOHN,BORLING,,COLES,23,REPUBLICAN,REP
GP 2004,UNITED STATES SENATOR,1,7481,JOHN,BORLING,,EDWARDS,26,REPUBLICAN,REP
GP 2004,UNITED STATES SENATOR,1,7481,JOHN,BORLING,,PIKE,19,REPUBLICAN,REP
GP 2004,UNITED STATES SENATOR,1,7481,JOHN,BORLING,,HENDERSON,13,REPUBLICAN,REP
GP 2004,UNITED STATES SENATOR,1,7481,JOHN,BORLING,,JACKSON,36,REPUBLICAN,REP
GP 2004,UNITED STATES SENATOR,1,7481,JOHN,BORLING,,ROCK ISLAND,234,REPUBLICAN,REP
GP 2004,UNITED STATES SENATOR,1,7481,JOHN,BORLING,,LEE,57,REPUBLICAN,REP
GP 2004,UNITED STATES SENATOR,1,7481,JOHN,BORLING,,CASS,18,REPUBLICAN,REP
GP 2004,UNITED STATES SENATOR,1,7481,JOHN,BORLING,,WHITE,22,REPUBLICAN,REP
GP 2004,UNITED STATES SENATOR,1,7481,JOHN,BORLING,,CRAWFORD,24,REPUBLICAN,REP
GP 2004,UNITED STATES SENATOR,1,7481,JOHN,BORLING,,WHITESIDE,46,REPUBLICAN,REP
GP 2004,UNITED STATES SENATOR,1,7481,JOHN,BORLING,,MORGAN,75,REPUBLICAN,REP
GP 2004,UNITED STATES SENATOR,1,7481,JOHN,BORLING,,OGLE,269,REPUBLICAN,REP
GP 2004,UNITED STATES SENATOR,1,7481,JOHN,BORLING,,FRANKLIN,35,REPUBLICAN,REP
GP 2004,UNITED STATES SENATOR,1,7481,JOHN,BORLING,,FAYETTE,18,REPUBLICAN,REP
GP 2004,UNITED STATES SENATOR,1,7481,JOHN,BORLING,,RANDOLPH,9,REPUBLICAN,REP
GP 2004,UNITED STATES SENATOR,1,7481,JOHN,BORLING,,MARION,31,REPUBLICAN,REP
GP 2004,UNITED STATES SENATOR,1,7481,JOHN,BORLING,,SALINE,29,REPUBLICAN,REP
GP 2004,UNITED STATES SENATOR,1,7481,JOHN,BORLING,,MASSAC,38,REPUBLICAN,REP
GP 2004,UNITED STATES SENATOR,1,7481,JOHN,BORLING,,WILL,566,REPUBLICAN,REP
GP 2004,UNITED STATES SENATOR,1,7481,JOHN,BORLING,,CLARK,24,REPUBLICAN,REP
GP 2004,UNITED STATES SENATOR,1,7481,JOHN,BORLING,,CALHOUN,4,REPUBLICAN,REP
GP 2004,UNITED STATES SENATOR,1,7481,JOHN,BORLING,,STEPHENSON,91,REPUBLICAN,REP
GP 2004,UNITED STATES SENATOR,1,7481,JOHN,BORLING,,GALLATIN,9,REPUBLICAN,REP
GP 2004,UNITED STATES SENATOR,1,7481,JOHN,BORLING,,MONTGOMERY,26,REPUBLICAN,REP
GP 2004,UNITED STATES SENATOR,1,7481,JOHN,BORLING,,JEFFERSON,29,REPUBLICAN,REP
GP 2004,UNITED STATES SENATOR,1,7481,JOHN,BORLING,,PUTNAM,10,REPUBLICAN,REP
GP 2004,UNITED STATES SENATOR,1,7481,JOHN,BORLING,,WABASH,17,REPUBLICAN,REP
GP 2004,UNITED STATES SENATOR,1,7481,JOHN,BORLING,,MADISON,173,REPUBLICAN,REP
GP 2004,UNITED STATES SENATOR,1,7481,JOHN,BORLING,,GRUNDY,38,REPUBLICAN,REP
GP 2004,UNITED STATES SENATOR,1,7481,JOHN,BORLING,,JoDAVIESS,57,REPUBLICAN,REP
GP 2004,UNITED STATES SENATOR,1,7481,JOHN,BORLING,,TAZEWELL,332,REPUBLICAN,REP
GP 2004,UNITED STATES SENATOR,1,7481,JOHN,BORLING,,SANGAMON,255,REPUBLICAN,REP
GP 2004,UNITED STATES SENATOR,1,7481,JOHN,BORLING,,EFFINGHAM,39,REPUBLICAN,REP
GP 2004,UNITED STATES SENATOR,1,7481,JOHN,BORLING,,LAKE,749,REPUBLICAN,REP
GP 2004,UNITED STATES SENATOR,1,7481,JOHN,BORLING,,LaSALLE,115,REPUBLICAN,REP
GP 2004,UNITED STATES SENATOR,1,7481,JOHN,BORLING,,HENRY,133,REPUBLICAN,REP
GP 2004,UNITED STATES SENATOR,1,7481,JOHN,BORLING,,McDONOUGH,59,REPUBLICAN,REP
GP 2004,UNITED STATES SENATOR,1,7481,JOHN,BORLING,,CHAMPAIGN,172,REPUBLICAN,REP
GP 2004,UNITED STATES SENATOR,1,7481,JOHN,BORLING,,SCOTT,16,REPUBLICAN,REP
GP 2004,UNITED STATES SENATOR,1,7481,JOHN,BORLING,,CARROLL,33,REPUBLICAN,REP
GP 2004,UNITED STATES SENATOR,1,7481,JOHN,BORLING,,MACON,29,REPUBLICAN,REP
GP 2004,UNITED STATES SENATOR,1,7481,JOHN,BORLING,,POPE,19,REPUBLICAN,REP
GP 2004,UNITED STATES SENATOR,1,7481,JOHN,BORLING,,KNOX,117,REPUBLICAN,REP
GP 2004,UNITED STATES SENATOR,1,7481,JOHN,BORLING,,MOULTRIE,6,REPUBLICAN,REP
GP 2004,UNITED STATES SENATOR,1,7481,JOHN,BORLING,,PEORIA,475,REPUBLICAN,REP
GP 2004,UNITED STATES SENATOR,1,7481,JOHN,BORLING,,ADAMS,203,REPUBLICAN,REP
GP 2004,UNITED STATES SENATOR,1,7481,JOHN,BORLING,,CUMBERLAND,10,REPUBLICAN,REP
GP 2004,UNITED STATES SENATOR,1,7481,JOHN,BORLING,,WAYNE,34,REPUBLICAN,REP
GP 2004,UNITED STATES SENATOR,1,7481,JOHN,BORLING,,KENDALL,103,REPUBLICAN,REP
GP 2004,UNITED STATES SENATOR,1,7481,JOHN,BORLING,,KANKAKEE,66,REPUBLICAN,REP
GP 2004,UNITED STATES SENATOR,1,7481,JOHN,BORLING,,BOONE,366,REPUBLICAN,REP
GP 2004,UNITED STATES SENATOR,1,7481,JOHN,BORLING,,WINNEBAGO,1746,REPUBLICAN,REP
GP 2004,UNITED STATES SENATOR,1,7481,JOHN,BORLING,,CHRISTIAN,25,REPUBLICAN,REP
GP 2004,UNITED STATES SENATOR,1,7481,JOHN,BORLING,,LAWRENCE,29,REPUBLICAN,REP
GP 2004,UNITED STATES SENATOR,1,7481,JOHN,BORLING,,McHENRY,514,REPUBLICAN,REP
GP 2004,UNITED STATES SENATOR,1,7481,JOHN,BORLING,,DeWITT,59,REPUBLICAN,REP
GP 2004,UNITED STATES SENATOR,1,7481,JOHN,BORLING,,KANE,419,REPUBLICAN,REP
GP 2004,UNITED STATES SENATOR,1,7481,JOHN,BORLING,,DeKALB,152,REPUBLICAN,REP
GP 2004,UNITED STATES SENATOR,1,7481,JOHN,BORLING,,COOK,1967,REPUBLICAN,REP
GP 2004,UNITED STATES SENATOR,1,7481,JOHN,BORLING,,McLEAN,490,REPUBLICAN,REP
GP 2004,UNITED STATES SENATOR,1,7481,JOHN,BORLING,,UNION,21,REPUBLICAN,REP
GP 2004,UNITED STATES SENATOR,1,7481,JOHN,BORLING,,ST. CLAIR,213,REPUBLICAN,REP
GP 2004,UNITED STATES SENATOR,1,7481,JOHN,BORLING,,VERMILION,44,REPUBLICAN,REP
GP 2004,UNITED STATES SENATOR,1,7481,JOHN,BORLING,,ALEXANDER,8,REPUBLICAN,REP
GP 2004,UNITED STATES SENATOR,1,7481,JOHN,BORLING,,PULASKI,15,REPUBLICAN,REP
GP 2004,UNITED STATES SENATOR,1,7481,JOHN,BORLING,,DuPAGE,1135,REPUBLICAN,REP
GP 2004,2ND REPRESENTATIVE,1,7482,EDWARD J.,ACEVEDO,,COOK,7910,DEMOCRATIC,DEM
GP 2004,25TH REPRESENTATIVE,1,7483,BARBARA FLYNN,CURRIE,,COOK,17006,DEMOCRATIC,DEM
GP 2004,COOK CIRCUIT- FOREMAN VACANCY,1,7484,RICHARD FREDERICK,JOHNSON,,COOK,63120,DEMOCRATIC,DEM
GP 2004,97TH REPRESENTATIVE,1,7485,JIM,WATSON,,JERSEY,973,REPUBLICAN,REP
GP 2004,97TH REPRESENTATIVE,1,7485,JIM,WATSON,,GREENE,708,REPUBLICAN,REP
GP 2004,97TH REPRESENTATIVE,1,7485,JIM,WATSON,,MACOUPIN,521,REPUBLICAN,REP
GP 2004,97TH REPRESENTATIVE,1,7485,JIM,WATSON,,PIKE,1018,REPUBLICAN,REP
GP 2004,97TH REPRESENTATIVE,1,7485,JIM,WATSON,,MORGAN,4443,REPUBLICAN,REP
GP 2004,97TH REPRESENTATIVE,1,7485,JIM,WATSON,,CALHOUN,199,REPUBLICAN,REP
GP 2004,97TH REPRESENTATIVE,1,7485,JIM,WATSON,,MADISON,292,REPUBLICAN,REP
GP 2004,87TH REPRESENTATIVE,1,7486,BILL,MITCHELL,,LOGAN,1784,REPUBLICAN,REP
GP 2004,87TH REPRESENTATIVE,1,7486,BILL,MITCHELL,,TAZEWELL,3071,REPUBLICAN,REP
GP 2004,87TH REPRESENTATIVE,1,7486,BILL,MITCHELL,,SANGAMON,742,REPUBLICAN,REP
GP 2004,87TH REPRESENTATIVE,1,7486,BILL,MITCHELL,,MACON,2507,REPUBLICAN,REP
GP 2004,87TH REPRESENTATIVE,1,7486,BILL,MITCHELL,,CHRISTIAN,355,REPUBLICAN,REP
GP 2004,87TH REPRESENTATIVE,1,7486,BILL,MITCHELL,,DeWITT,2944,REPUBLICAN,REP
GP 2004,87TH REPRESENTATIVE,1,7486,BILL,MITCHELL,,McLEAN,676,REPUBLICAN,REP
GP 2004,75TH REPRESENTATIVE,1,7487,DON,GOBLE,,IROQUOIS,46,REPUBLICAN,REP
GP 2004,75TH REPRESENTATIVE,1,7487,DON,GOBLE,,LIVINGSTON,5,REPUBLICAN,REP
GP 2004,75TH REPRESENTATIVE,1,7487,DON,GOBLE,,WILL,356,REPUBLICAN,REP
GP 2004,75TH REPRESENTATIVE,1,7487,DON,GOBLE,,GRUNDY,702,REPUBLICAN,REP
GP 2004,75TH REPRESENTATIVE,1,7487,DON,GOBLE,,LaSALLE,161,REPUBLICAN,REP
GP 2004,75TH REPRESENTATIVE,1,7487,DON,GOBLE,,KANKAKEE,246,REPUBLICAN,REP
GP 2004,16TH CIRCUIT- JENSEN VACANCY,1,7488,ROBERT L.,JANES,,KENDALL,1042,REPUBLICAN,REP
GP 2004,16TH CIRCUIT- JENSEN VACANCY,1,7488,ROBERT L.,JANES,,KANE,6982,REPUBLICAN,REP
GP 2004,16TH CIRCUIT- JENSEN VACANCY,1,7488,ROBERT L.,JANES,,DeKALB,1233,REPUBLICAN,REP
GP 2004,5TH SENATE,1,7489,RICKEY R.,HENDON,,COOK,24748,DEMOCRATIC,DEM
GP 2004,COOK CIRCUIT- FOREMAN VACANCY,1,7490,PATRICK T.,MURPHY,,COOK,170714,DEMOCRATIC,DEM
GP 2004,111TH REPRESENTATIVE,1,7491,STEVE,DAVIS,,JERSEY,117,DEMOCRATIC,DEM
GP 2004,111TH REPRESENTATIVE,1,7491,STEVE,DAVIS,,MADISON,8041,DEMOCRATIC,DEM
GP 2004,6TH REPRESENTATIVE,1,7492,PATRICIA A.,BAILEY,,COOK,9239,DEMOCRATIC,DEM
GP 2004,10TH SUBCIRCUIT - A VACANCY,1,7493,CLARE ELIZABETH,McWILLIAMS,,COOK,13585,DEMOCRATIC,DEM
GP 2004,64TH REPRESENTATIVE,1,7495,MICHAEL W.,TRYON,,McHENRY,9648,REPUBLICAN,REP
GP 2004,63RD REPRESENTATIVE,1,7496,PERRY,MOY,,McHENRY,9658,REPUBLICAN,REP
GP 2004,39TH REPRESENTATIVE,1,7497,"MARIA ANTONIA ""TONI""",BERRIOS,,COOK,6054,DEMOCRATIC,DEM
GP 2004,17TH CONGRESS,1,7498,ANDREA LANE,ZINGA,,JERSEY,152,REPUBLICAN,REP
GP 2004,17TH CONGRESS,1,7498,ANDREA LANE,ZINGA,,GREENE,263,REPUBLICAN,REP
GP 2004,17TH CONGRESS,1,7498,ANDREA LANE,ZINGA,,MERCER,1221,REPUBLICAN,REP
GP 2004,17TH CONGRESS,1,7498,ANDREA LANE,ZINGA,,FULTON,1789,REPUBLICAN,REP
GP 2004,17TH CONGRESS,1,7498,ANDREA LANE,ZINGA,,HANCOCK,1736,REPUBLICAN,REP
GP 2004,17TH CONGRESS,1,7498,ANDREA LANE,ZINGA,,MACOUPIN,1800,REPUBLICAN,REP
GP 2004,17TH CONGRESS,1,7498,ANDREA LANE,ZINGA,,SHELBY,50,REPUBLICAN,REP
GP 2004,17TH CONGRESS,1,7498,ANDREA LANE,ZINGA,,WARREN,1822,REPUBLICAN,REP
GP 2004,17TH CONGRESS,1,7498,ANDREA LANE,ZINGA,,PIKE,220,REPUBLICAN,REP
GP 2004,17TH CONGRESS,1,7498,ANDREA LANE,ZINGA,,HENDERSON,228,REPUBLICAN,REP
GP 2004,17TH CONGRESS,1,7498,ANDREA LANE,ZINGA,,ROCK ISLAND,3546,REPUBLICAN,REP
GP 2004,17TH CONGRESS,1,7498,ANDREA LANE,ZINGA,,WHITESIDE,923,REPUBLICAN,REP
GP 2004,17TH CONGRESS,1,7498,ANDREA LANE,ZINGA,,FAYETTE,85,REPUBLICAN,REP
GP 2004,17TH CONGRESS,1,7498,ANDREA LANE,ZINGA,,CALHOUN,156,REPUBLICAN,REP
GP 2004,17TH CONGRESS,1,7498,ANDREA LANE,ZINGA,,MONTGOMERY,360,REPUBLICAN,REP
GP 2004,17TH CONGRESS,1,7498,ANDREA LANE,ZINGA,,MADISON,89,REPUBLICAN,REP
GP 2004,17TH CONGRESS,1,7498,ANDREA LANE,ZINGA,,SANGAMON,966,REPUBLICAN,REP
GP 2004,17TH CONGRESS,1,7498,ANDREA LANE,ZINGA,,HENRY,639,REPUBLICAN,REP
GP 2004,17TH CONGRESS,1,7498,ANDREA LANE,ZINGA,,McDONOUGH,3401,REPUBLICAN,REP
GP 2004,17TH CONGRESS,1,7498,ANDREA LANE,ZINGA,,MACON,2561,REPUBLICAN,REP
GP 2004,17TH CONGRESS,1,7498,ANDREA LANE,ZINGA,,KNOX,2415,REPUBLICAN,REP
GP 2004,17TH CONGRESS,1,7498,ANDREA LANE,ZINGA,,ADAMS,5607,REPUBLICAN,REP
GP 2004,17TH CONGRESS,1,7498,ANDREA LANE,ZINGA,,CHRISTIAN,131,REPUBLICAN,REP
GP 2004,54TH REPRESENTATIVE,1,7499,"SUZANNE ""SUZIE""",BASSI,,COOK,3847,REPUBLICAN,REP
GP 2004,18TH CONGRESS,1,7500,RAY,LaHOOD,,BROWN,321,REPUBLICAN,REP
GP 2004,18TH CONGRESS,1,7500,RAY,LaHOOD,,LOGAN,2739,REPUBLICAN,REP
GP 2004,18TH CONGRESS,1,7500,RAY,LaHOOD,,SCHUYLER,533,REPUBLICAN,REP
GP 2004,18TH CONGRESS,1,7500,RAY,LaHOOD,,MARSHALL,790,REPUBLICAN,REP
GP 2004,18TH CONGRESS,1,7500,RAY,LaHOOD,,MENARD,2744,REPUBLICAN,REP
GP 2004,18TH CONGRESS,1,7500,RAY,LaHOOD,,STARK,480,REPUBLICAN,REP
GP 2004,18TH CONGRESS,1,7500,RAY,LaHOOD,,WOODFORD,4527,REPUBLICAN,REP
GP 2004,18TH CONGRESS,1,7500,RAY,LaHOOD,,MASON,801,REPUBLICAN,REP
GP 2004,18TH CONGRESS,1,7500,RAY,LaHOOD,,BUREAU,272,REPUBLICAN,REP
GP 2004,18TH CONGRESS,1,7500,RAY,LaHOOD,,PIKE,888,REPUBLICAN,REP
GP 2004,18TH CONGRESS,1,7500,RAY,LaHOOD,,CASS,806,REPUBLICAN,REP
GP 2004,18TH CONGRESS,1,7500,RAY,LaHOOD,,MORGAN,4273,REPUBLICAN,REP
GP 2004,18TH CONGRESS,1,7500,RAY,LaHOOD,,PUTNAM,547,REPUBLICAN,REP
GP 2004,18TH CONGRESS,1,7500,RAY,LaHOOD,,TAZEWELL,9725,REPUBLICAN,REP
GP 2004,18TH CONGRESS,1,7500,RAY,LaHOOD,,SANGAMON,6661,REPUBLICAN,REP
GP 2004,18TH CONGRESS,1,7500,RAY,LaHOOD,,SCOTT,682,REPUBLICAN,REP
GP 2004,18TH CONGRESS,1,7500,RAY,LaHOOD,,MACON,1990,REPUBLICAN,REP
GP 2004,18TH CONGRESS,1,7500,RAY,LaHOOD,,KNOX,546,REPUBLICAN,REP
GP 2004,18TH CONGRESS,1,7500,RAY,LaHOOD,,PEORIA,11505,REPUBLICAN,REP
GP 2004,18TH CONGRESS,1,7500,RAY,LaHOOD,,ADAMS,1196,REPUBLICAN,REP
GP 2004,8TH SENATE,1,7501,IRA I.,SILVERSTEIN,,COOK,24401,DEMOCRATIC,DEM
GP 2004,29TH REPRESENTATIVE,1,7502,SHERYL E.,TILLMAN,,COOK,5807,DEMOCRATIC,DEM
GP 2004,3RD REPRESENTATIVE,1,7503,"WILLIAM ""WILLIE""",DELGADO,,COOK,3753,DEMOCRATIC,DEM
GP 2004,71ST REPRESENTATIVE,1,7504,MIKE,BOLAND,,ROCK ISLAND,3888,DEMOCRATIC,DEM
GP 2004,71ST REPRESENTATIVE,1,7504,MIKE,BOLAND,,WHITESIDE,623,DEMOCRATIC,DEM
GP 2004,71ST REPRESENTATIVE,1,7504,MIKE,BOLAND,,HENRY,961,DEMOCRATIC,DEM
GP 2004,71ST REPRESENTATIVE,1,7504,MIKE,BOLAND,,CARROLL,512,DEMOCRATIC,DEM
GP 2004,13TH SUBCIRCUIT - A VACANCY,1,7505,ROBERT KEVIN,REARDON,,COOK,1657,REPUBLICAN,REP
GP 2004,61ST REPRESENTATIVE,1,7506,JoANN D.,OSMOND,,LAKE,9156,REPUBLICAN,REP
GP 2004,8TH SUBCIRCUIT - GARDNER VACANCY,1,7508,BRIAN M.,COLLINS,,COOK,7130,DEMOCRATIC,DEM
GP 2004,117TH REPRESENTATIVE,1,7509,JOHN,BRADLEY,,WILLIAMSON,3649,DEMOCRATIC,DEM
GP 2004,117TH REPRESENTATIVE,1,7509,JOHN,BRADLEY,,HAMILTON,665,DEMOCRATIC,DEM
GP 2004,117TH REPRESENTATIVE,1,7509,JOHN,BRADLEY,,FRANKLIN,6133,DEMOCRATIC,DEM
GP 2004,38TH SENATE,1,7510,GARY G.,DAHL,,IROQUOIS,202,REPUBLICAN,REP
GP 2004,38TH SENATE,1,7510,GARY G.,DAHL,,LIVINGSTON,190,REPUBLICAN,REP
GP 2004,38TH SENATE,1,7510,GARY G.,DAHL,,BUREAU,703,REPUBLICAN,REP
GP 2004,38TH SENATE,1,7510,GARY G.,DAHL,,WILL,1461,REPUBLICAN,REP
GP 2004,38TH SENATE,1,7510,GARY G.,DAHL,,PUTNAM,545,REPUBLICAN,REP
GP 2004,38TH SENATE,1,7510,GARY G.,DAHL,,GRUNDY,3279,REPUBLICAN,REP
GP 2004,38TH SENATE,1,7510,GARY G.,DAHL,,LaSALLE,3985,REPUBLICAN,REP
GP 2004,38TH SENATE,1,7510,GARY G.,DAHL,,KANKAKEE,1182,REPUBLICAN,REP
GP 2004,5TH CONGRESS,1,7511,RAHM,EMANUEL,,COOK,60821,DEMOCRATIC,DEM
GP 2004,40TH REPRESENTATIVE,1,7513,RICHARD T.,BRADLEY,,COOK,6543,DEMOCRATIC,DEM
GP 2004,27TH REPRESENTATIVE,1,7514,MONIQUE D.,DAVIS,,COOK,18239,DEMOCRATIC,DEM
GP 2004,11TH SENATE,1,7515,LOUIS S.,VIVERITO,,COOK,25180,DEMOCRATIC,DEM
GP 2004,26TH SENATE,1,7516,WILLIAM E.,PETERSON,,LAKE,11499,REPUBLICAN,REP
GP 2004,26TH SENATE,1,7516,WILLIAM E.,PETERSON,,McHENRY,5292,REPUBLICAN,REP
GP 2004,26TH SENATE,1,7516,WILLIAM E.,PETERSON,,COOK,697,REPUBLICAN,REP
GP 2004,UNITED STATES SENATOR,1,7517,DANIEL W.,HYNES,,BROWN,181,DEMOCRATIC,DEM
GP 2004,UNITED STATES SENATOR,1,7517,DANIEL W.,HYNES,,CLAY,663,DEMOCRATIC,DEM
GP 2004,UNITED STATES SENATOR,1,7517,DANIEL W.,HYNES,,HARDIN,450,DEMOCRATIC,DEM
GP 2004,UNITED STATES SENATOR,1,7517,DANIEL W.,HYNES,,JERSEY,627,DEMOCRATIC,DEM
GP 2004,UNITED STATES SENATOR,1,7517,DANIEL W.,HYNES,,LOGAN,527,DEMOCRATIC,DEM
GP 2004,UNITED STATES SENATOR,1,7517,DANIEL W.,HYNES,,RICHLAND,396,DEMOCRATIC,DEM
GP 2004,UNITED STATES SENATOR,1,7517,DANIEL W.,HYNES,,SCHUYLER,211,DEMOCRATIC,DEM
GP 2004,UNITED STATES SENATOR,1,7517,DANIEL W.,HYNES,,WASHINGTON,643,DEMOCRATIC,DEM
GP 2004,UNITED STATES SENATOR,1,7517,DANIEL W.,HYNES,,BOND,450,DEMOCRATIC,DEM
GP 2004,UNITED STATES SENATOR,1,7517,DANIEL W.,HYNES,,CLINTON,668,DEMOCRATIC,DEM
GP 2004,UNITED STATES SENATOR,1,7517,DANIEL W.,HYNES,,JASPER,468,DEMOCRATIC,DEM
GP 2004,UNITED STATES SENATOR,1,7517,DANIEL W.,HYNES,,MARSHALL,299,DEMOCRATIC,DEM
GP 2004,UNITED STATES SENATOR,1,7517,DANIEL W.,HYNES,,EDGAR,320,DEMOCRATIC,DEM
GP 2004,UNITED STATES SENATOR,1,7517,DANIEL W.,HYNES,,FORD,178,DEMOCRATIC,DEM
GP 2004,UNITED STATES SENATOR,1,7517,DANIEL W.,HYNES,,GREENE,788,DEMOCRATIC,DEM
GP 2004,UNITED STATES SENATOR,1,7517,DANIEL W.,HYNES,,IROQUOIS,307,DEMOCRATIC,DEM
GP 2004,UNITED STATES SENATOR,1,7517,DANIEL W.,HYNES,,JOHNSON,583,DEMOCRATIC,DEM
GP 2004,UNITED STATES SENATOR,1,7517,DANIEL W.,HYNES,,LIVINGSTON,678,DEMOCRATIC,DEM
GP 2004,UNITED STATES SENATOR,1,7517,DANIEL W.,HYNES,,MENARD,351,DEMOCRATIC,DEM
GP 2004,UNITED STATES SENATOR,1,7517,DANIEL W.,HYNES,,MERCER,1029,DEMOCRATIC,DEM
GP 2004,UNITED STATES SENATOR,1,7517,DANIEL W.,HYNES,,PERRY,1688,DEMOCRATIC,DEM
GP 2004,UNITED STATES SENATOR,1,7517,DANIEL W.,HYNES,,PIATT,384,DEMOCRATIC,DEM
GP 2004,UNITED STATES SENATOR,1,7517,DANIEL W.,HYNES,,STARK,131,DEMOCRATIC,DEM
GP 2004,UNITED STATES SENATOR,1,7517,DANIEL W.,HYNES,,WILLIAMSON,2581,DEMOCRATIC,DEM
GP 2004,UNITED STATES SENATOR,1,7517,DANIEL W.,HYNES,,WOODFORD,750,DEMOCRATIC,DEM
GP 2004,UNITED STATES SENATOR,1,7517,DANIEL W.,HYNES,,FULTON,3012,DEMOCRATIC,DEM
GP 2004,UNITED STATES SENATOR,1,7517,DANIEL W.,HYNES,,HAMILTON,1011,DEMOCRATIC,DEM
GP 2004,UNITED STATES SENATOR,1,7517,DANIEL W.,HYNES,,HANCOCK,286,DEMOCRATIC,DEM
GP 2004,UNITED STATES SENATOR,1,7517,DANIEL W.,HYNES,,MACOUPIN,3062,DEMOCRATIC,DEM
GP 2004,UNITED STATES SENATOR,1,7517,DANIEL W.,HYNES,,MASON,906,DEMOCRATIC,DEM
GP 2004,UNITED STATES SENATOR,1,7517,DANIEL W.,HYNES,,MONROE,733,DEMOCRATIC,DEM
GP 2004,UNITED STATES SENATOR,1,7517,DANIEL W.,HYNES,,SHELBY,1421,DEMOCRATIC,DEM
GP 2004,UNITED STATES SENATOR,1,7517,DANIEL W.,HYNES,,BUREAU,1213,DEMOCRATIC,DEM
GP 2004,UNITED STATES SENATOR,1,7517,DANIEL W.,HYNES,,WARREN,433,DEMOCRATIC,DEM
GP 2004,UNITED STATES SENATOR,1,7517,DANIEL W.,HYNES,,DOUGLAS,424,DEMOCRATIC,DEM
GP 2004,UNITED STATES SENATOR,1,7517,DANIEL W.,HYNES,,COLES,861,DEMOCRATIC,DEM
GP 2004,UNITED STATES SENATOR,1,7517,DANIEL W.,HYNES,,EDWARDS,85,DEMOCRATIC,DEM
GP 2004,UNITED STATES SENATOR,1,7517,DANIEL W.,HYNES,,PIKE,610,DEMOCRATIC,DEM
GP 2004,UNITED STATES SENATOR,1,7517,DANIEL W.,HYNES,,HENDERSON,204,DEMOCRATIC,DEM
GP 2004,UNITED STATES SENATOR,1,7517,DANIEL W.,HYNES,,JACKSON,2298,DEMOCRATIC,DEM
GP 2004,UNITED STATES SENATOR,1,7517,DANIEL W.,HYNES,,ROCK ISLAND,6095,DEMOCRATIC,DEM
GP 2004,UNITED STATES SENATOR,1,7517,DANIEL W.,HYNES,,LEE,602,DEMOCRATIC,DEM
GP 2004,UNITED STATES SENATOR,1,7517,DANIEL W.,HYNES,,CASS,737,DEMOCRATIC,DEM
GP 2004,UNITED STATES SENATOR,1,7517,DANIEL W.,HYNES,,WHITE,734,DEMOCRATIC,DEM
GP 2004,UNITED STATES SENATOR,1,7517,DANIEL W.,HYNES,,CRAWFORD,441,DEMOCRATIC,DEM
GP 2004,UNITED STATES SENATOR,1,7517,DANIEL W.,HYNES,,WHITESIDE,1118,DEMOCRATIC,DEM
GP 2004,UNITED STATES SENATOR,1,7517,DANIEL W.,HYNES,,MORGAN,688,DEMOCRATIC,DEM
GP 2004,UNITED STATES SENATOR,1,7517,DANIEL W.,HYNES,,OGLE,819,DEMOCRATIC,DEM
GP 2004,UNITED STATES SENATOR,1,7517,DANIEL W.,HYNES,,FRANKLIN,3885,DEMOCRATIC,DEM
GP 2004,UNITED STATES SENATOR,1,7517,DANIEL W.,HYNES,,FAYETTE,838,DEMOCRATIC,DEM
GP 2004,UNITED STATES SENATOR,1,7517,DANIEL W.,HYNES,,RANDOLPH,2270,DEMOCRATIC,DEM
GP 2004,UNITED STATES SENATOR,1,7517,DANIEL W.,HYNES,,MARION,1860,DEMOCRATIC,DEM
GP 2004,UNITED STATES SENATOR,1,7517,DANIEL W.,HYNES,,SALINE,2525,DEMOCRATIC,DEM
GP 2004,UNITED STATES SENATOR,1,7517,DANIEL W.,HYNES,,MASSAC,370,DEMOCRATIC,DEM
GP 2004,UNITED STATES SENATOR,1,7517,DANIEL W.,HYNES,,WILL,9529,DEMOCRATIC,DEM
GP 2004,UNITED STATES SENATOR,1,7517,DANIEL W.,HYNES,,CLARK,348,DEMOCRATIC,DEM
GP 2004,UNITED STATES SENATOR,1,7517,DANIEL W.,HYNES,,CALHOUN,461,DEMOCRATIC,DEM
GP 2004,UNITED STATES SENATOR,1,7517,DANIEL W.,HYNES,,STEPHENSON,901,DEMOCRATIC,DEM
GP 2004,UNITED STATES SENATOR,1,7517,DANIEL W.,HYNES,,GALLATIN,886,DEMOCRATIC,DEM
GP 2004,UNITED STATES SENATOR,1,7517,DANIEL W.,HYNES,,MONTGOMERY,1654,DEMOCRATIC,DEM
GP 2004,UNITED STATES SENATOR,1,7517,DANIEL W.,HYNES,,JEFFERSON,1260,DEMOCRATIC,DEM
GP 2004,UNITED STATES SENATOR,1,7517,DANIEL W.,HYNES,,PUTNAM,560,DEMOCRATIC,DEM
GP 2004,UNITED STATES SENATOR,1,7517,DANIEL W.,HYNES,,WABASH,327,DEMOCRATIC,DEM
GP 2004,UNITED STATES SENATOR,1,7517,DANIEL W.,HYNES,,MADISON,10758,DEMOCRATIC,DEM
GP 2004,UNITED STATES SENATOR,1,7517,DANIEL W.,HYNES,,GRUNDY,1103,DEMOCRATIC,DEM
GP 2004,UNITED STATES SENATOR,1,7517,DANIEL W.,HYNES,,JoDAVIESS,465,DEMOCRATIC,DEM
GP 2004,UNITED STATES SENATOR,1,7517,DANIEL W.,HYNES,,TAZEWELL,3682,DEMOCRATIC,DEM
GP 2004,UNITED STATES SENATOR,1,7517,DANIEL W.,HYNES,,SANGAMON,5317,DEMOCRATIC,DEM
GP 2004,UNITED STATES SENATOR,1,7517,DANIEL W.,HYNES,,EFFINGHAM,1551,DEMOCRATIC,DEM
GP 2004,UNITED STATES SENATOR,1,7517,DANIEL W.,HYNES,,LAKE,6001,DEMOCRATIC,DEM
GP 2004,UNITED STATES SENATOR,1,7517,DANIEL W.,HYNES,,LaSALLE,3506,DEMOCRATIC,DEM
GP 2004,UNITED STATES SENATOR,1,7517,DANIEL W.,HYNES,,HENRY,1260,DEMOCRATIC,DEM
GP 2004,UNITED STATES SENATOR,1,7517,DANIEL W.,HYNES,,McDONOUGH,227,DEMOCRATIC,DEM
GP 2004,UNITED STATES SENATOR,1,7517,DANIEL W.,HYNES,,CHAMPAIGN,2187,DEMOCRATIC,DEM
GP 2004,UNITED STATES SENATOR,1,7517,DANIEL W.,HYNES,,SCOTT,199,DEMOCRATIC,DEM
GP 2004,UNITED STATES SENATOR,1,7517,DANIEL W.,HYNES,,CARROLL,362,DEMOCRATIC,DEM
GP 2004,UNITED STATES SENATOR,1,7517,DANIEL W.,HYNES,,MACON,4350,DEMOCRATIC,DEM
GP 2004,UNITED STATES SENATOR,1,7517,DANIEL W.,HYNES,,POPE,297,DEMOCRATIC,DEM
GP 2004,UNITED STATES SENATOR,1,7517,DANIEL W.,HYNES,,KNOX,1695,DEMOCRATIC,DEM
GP 2004,UNITED STATES SENATOR,1,7517,DANIEL W.,HYNES,,MOULTRIE,456,DEMOCRATIC,DEM
GP 2004,UNITED STATES SENATOR,1,7517,DANIEL W.,HYNES,,PEORIA,5476,DEMOCRATIC,DEM
GP 2004,UNITED STATES SENATOR,1,7517,DANIEL W.,HYNES,,ADAMS,1870,DEMOCRATIC,DEM
GP 2004,UNITED STATES SENATOR,1,7517,DANIEL W.,HYNES,,CUMBERLAND,491,DEMOCRATIC,DEM
GP 2004,UNITED STATES SENATOR,1,7517,DANIEL W.,HYNES,,WAYNE,494,DEMOCRATIC,DEM
GP 2004,UNITED STATES SENATOR,1,7517,DANIEL W.,HYNES,,KENDALL,798,DEMOCRATIC,DEM
GP 2004,UNITED STATES SENATOR,1,7517,DANIEL W.,HYNES,,KANKAKEE,1809,DEMOCRATIC,DEM
GP 2004,UNITED STATES SENATOR,1,7517,DANIEL W.,HYNES,,BOONE,887,DEMOCRATIC,DEM
GP 2004,UNITED STATES SENATOR,1,7517,DANIEL W.,HYNES,,WINNEBAGO,5661,DEMOCRATIC,DEM
GP 2004,UNITED STATES SENATOR,1,7517,DANIEL W.,HYNES,,CHRISTIAN,2694,DEMOCRATIC,DEM
GP 2004,UNITED STATES SENATOR,1,7517,DANIEL W.,HYNES,,LAWRENCE,280,DEMOCRATIC,DEM
GP 2004,UNITED STATES SENATOR,1,7517,DANIEL W.,HYNES,,McHENRY,3777,DEMOCRATIC,DEM
GP 2004,UNITED STATES SENATOR,1,7517,DANIEL W.,HYNES,,DeWITT,624,DEMOCRATIC,DEM
GP 2004,UNITED STATES SENATOR,1,7517,DANIEL W.,HYNES,,KANE,3706,DEMOCRATIC,DEM
GP 2004,UNITED STATES SENATOR,1,7517,DANIEL W.,HYNES,,DeKALB,964,DEMOCRATIC,DEM
GP 2004,UNITED STATES SENATOR,1,7517,DANIEL W.,HYNES,,COOK,122998,DEMOCRATIC,DEM
GP 2004,UNITED STATES SENATOR,1,7517,DANIEL W.,HYNES,,McLEAN,2975,DEMOCRATIC,DEM
GP 2004,UNITED STATES SENATOR,1,7517,DANIEL W.,HYNES,,UNION,2031,DEMOCRATIC,DEM
GP 2004,UNITED STATES SENATOR,1,7517,DANIEL W.,HYNES,,ST. CLAIR,9005,DEMOCRATIC,DEM
GP 2004,UNITED STATES SENATOR,1,7517,DANIEL W.,HYNES,,VERMILION,1613,DEMOCRATIC,DEM
GP 2004,UNITED STATES SENATOR,1,7517,DANIEL W.,HYNES,,ALEXANDER,607,DEMOCRATIC,DEM
GP 2004,UNITED STATES SENATOR,1,7517,DANIEL W.,HYNES,,PULASKI,182,DEMOCRATIC,DEM
GP 2004,UNITED STATES SENATOR,1,7517,DANIEL W.,HYNES,,DuPAGE,11541,DEMOCRATIC,DEM
GP 2004,29TH REPRESENTATIVE,1,7518,DAVID E.,MILLER,,COOK,10225,DEMOCRATIC,DEM
GP 2004,COOK CIRCUIT- FOREMAN VACANCY,1,7521,JAMES C.,MURRAY,,COOK,161717,DEMOCRATIC,DEM
GP 2004,COOK CIRCUIT- O'MALLEY VACANCY,1,7522,WILLIAM JAMES,HADDAD,,COOK,122498,DEMOCRATIC,DEM
GP 2004,COOK CIRCUIT- ORLANDO VACANCY,1,7523,LAURENCE J.,DUNFORD,,COOK,121031,DEMOCRATIC,DEM
GP 2004,COOK CIRCUIT- SALYERS VACANCY,1,7524,MICHELLE,JORDAN,,COOK,262136,DEMOCRATIC,DEM
GP 2004,COOK CIRCUIT- SIRACUSA VACANCY,1,7525,LISA R.,CURCIO,,COOK,145972,DEMOCRATIC,DEM
GP 2004,36TH REPRESENTATIVE,1,7526,JAMES D.,BROSNAHAN,,COOK,11926,DEMOCRATIC,DEM
GP 2004,1ST SUBCIRCUIT - McGAUGHEY VACANCY,1,7527,PENELOPE,MORRIS,,COOK,18774,DEMOCRATIC,DEM
GP 2004,12TH REPRESENTATIVE,1,7529,SARA,FEIGENHOLTZ,,COOK,12379,DEMOCRATIC,DEM
GP 2004,4TH CONGRESS,1,7530,LUIS V.,GUTIERREZ,,COOK,37382,DEMOCRATIC,DEM
GP 2004,11TH SUBCIRCUIT - SMITH VACANCY,1,7531,PAULA MARIE,DALEO,,COOK,19164,DEMOCRATIC,DEM
GP 2004,6TH CIRCUIT- De La MAR VACANCY,1,7532,BRIAN L.,McPHETERS,,CHAMPAIGN,2130,REPUBLICAN,REP
GP 2004,20TH REPRESENTATIVE,1,7533,RALPH C.,CAPPARELLI,,COOK,11205,DEMOCRATIC,DEM
GP 2004,15TH CIRCUIT- MAGDICH VACANCY,1,7534,JOHN E.,PAYNE,,LEE,2795,REPUBLICAN,REP
GP 2004,15TH CIRCUIT- MAGDICH VACANCY,1,7534,JOHN E.,PAYNE,,OGLE,5758,REPUBLICAN,REP
GP 2004,15TH CIRCUIT- MAGDICH VACANCY,1,7534,JOHN E.,PAYNE,,STEPHENSON,4704,REPUBLICAN,REP
GP 2004,15TH CIRCUIT- MAGDICH VACANCY,1,7534,JOHN E.,PAYNE,,JoDAVIESS,3580,REPUBLICAN,REP
GP 2004,15TH CIRCUIT- MAGDICH VACANCY,1,7534,JOHN E.,PAYNE,,CARROLL,1419,REPUBLICAN,REP
GP 2004,17TH SENATE,1,7535,DONNE E.,TROTTER,,COOK,41242,DEMOCRATIC,DEM
GP 2004,4TH SUBCIRCUIT - A VACANCY,1,7536,THOMAS J.,HENNELLY,,COOK,7265,REPUBLICAN,REP
GP 2004,23RD REPRESENTATIVE,1,7537,DANIEL J.,BURKE,,COOK,6969,DEMOCRATIC,DEM
GP 2004,5TH REPRESENTATIVE,1,7538,"KENNETH ""KEN""",DUNKIN,,COOK,10030,DEMOCRATIC,DEM
GP 2004,5TH SUPREME - HARRISON II VACANCY,1,7539,LLOYD A.,KARMEIER,,CLAY,831,REPUBLICAN,REP
GP 2004,5TH SUPREME - HARRISON II VACANCY,1,7539,LLOYD A.,KARMEIER,,HARDIN,375,REPUBLICAN,REP
GP 2004,5TH SUPREME - HARRISON II VACANCY,1,7539,LLOYD A.,KARMEIER,,RICHLAND,1360,REPUBLICAN,REP
GP 2004,5TH SUPREME - HARRISON II VACANCY,1,7539,LLOYD A.,KARMEIER,,WASHINGTON,1199,REPUBLICAN,REP
GP 2004,5TH SUPREME - HARRISON II VACANCY,1,7539,LLOYD A.,KARMEIER,,BOND,834,REPUBLICAN,REP
GP 2004,5TH SUPREME - HARRISON II VACANCY,1,7539,LLOYD A.,KARMEIER,,CLINTON,1024,REPUBLICAN,REP
GP 2004,5TH SUPREME - HARRISON II VACANCY,1,7539,LLOYD A.,KARMEIER,,JASPER,428,REPUBLICAN,REP
GP 2004,5TH SUPREME - HARRISON II VACANCY,1,7539,LLOYD A.,KARMEIER,,JOHNSON,1199,REPUBLICAN,REP
GP 2004,5TH SUPREME - HARRISON II VACANCY,1,7539,LLOYD A.,KARMEIER,,PERRY,790,REPUBLICAN,REP
GP 2004,5TH SUPREME - HARRISON II VACANCY,1,7539,LLOYD A.,KARMEIER,,WILLIAMSON,2145,REPUBLICAN,REP
GP 2004,5TH SUPREME - HARRISON II VACANCY,1,7539,LLOYD A.,KARMEIER,,HAMILTON,466,REPUBLICAN,REP
GP 2004,5TH SUPREME - HARRISON II VACANCY,1,7539,LLOYD A.,KARMEIER,,MONROE,1100,REPUBLICAN,REP
GP 2004,5TH SUPREME - HARRISON II VACANCY,1,7539,LLOYD A.,KARMEIER,,SHELBY,910,REPUBLICAN,REP
GP 2004,5TH SUPREME - HARRISON II VACANCY,1,7539,LLOYD A.,KARMEIER,,EDWARDS,796,REPUBLICAN,REP
GP 2004,5TH SUPREME - HARRISON II VACANCY,1,7539,LLOYD A.,KARMEIER,,JACKSON,2055,REPUBLICAN,REP
GP 2004,5TH SUPREME - HARRISON II VACANCY,1,7539,LLOYD A.,KARMEIER,,WHITE,759,REPUBLICAN,REP
GP 2004,5TH SUPREME - HARRISON II VACANCY,1,7539,LLOYD A.,KARMEIER,,CRAWFORD,938,REPUBLICAN,REP
GP 2004,5TH SUPREME - HARRISON II VACANCY,1,7539,LLOYD A.,KARMEIER,,FRANKLIN,1079,REPUBLICAN,REP
GP 2004,5TH SUPREME - HARRISON II VACANCY,1,7539,LLOYD A.,KARMEIER,,FAYETTE,1359,REPUBLICAN,REP
GP 2004,5TH SUPREME - HARRISON II VACANCY,1,7539,LLOYD A.,KARMEIER,,RANDOLPH,864,REPUBLICAN,REP
GP 2004,5TH SUPREME - HARRISON II VACANCY,1,7539,LLOYD A.,KARMEIER,,MARION,1355,REPUBLICAN,REP
GP 2004,5TH SUPREME - HARRISON II VACANCY,1,7539,LLOYD A.,KARMEIER,,SALINE,1445,REPUBLICAN,REP
GP 2004,5TH SUPREME - HARRISON II VACANCY,1,7539,LLOYD A.,KARMEIER,,MASSAC,1174,REPUBLICAN,REP
GP 2004,5TH SUPREME - HARRISON II VACANCY,1,7539,LLOYD A.,KARMEIER,,GALLATIN,180,REPUBLICAN,REP
GP 2004,5TH SUPREME - HARRISON II VACANCY,1,7539,LLOYD A.,KARMEIER,,MONTGOMERY,1304,REPUBLICAN,REP
GP 2004,5TH SUPREME - HARRISON II VACANCY,1,7539,LLOYD A.,KARMEIER,,JEFFERSON,1185,REPUBLICAN,REP
GP 2004,5TH SUPREME - HARRISON II VACANCY,1,7539,LLOYD A.,KARMEIER,,WABASH,787,REPUBLICAN,REP
GP 2004,5TH SUPREME - HARRISON II VACANCY,1,7539,LLOYD A.,KARMEIER,,MADISON,6339,REPUBLICAN,REP
GP 2004,5TH SUPREME - HARRISON II VACANCY,1,7539,LLOYD A.,KARMEIER,,EFFINGHAM,2132,REPUBLICAN,REP
GP 2004,5TH SUPREME - HARRISON II VACANCY,1,7539,LLOYD A.,KARMEIER,,POPE,436,REPUBLICAN,REP
GP 2004,5TH SUPREME - HARRISON II VACANCY,1,7539,LLOYD A.,KARMEIER,,WAYNE,1297,REPUBLICAN,REP
GP 2004,5TH SUPREME - HARRISON II VACANCY,1,7539,LLOYD A.,KARMEIER,,CHRISTIAN,1283,REPUBLICAN,REP
GP 2004,5TH SUPREME - HARRISON II VACANCY,1,7539,LLOYD A.,KARMEIER,,LAWRENCE,682,REPUBLICAN,REP
GP 2004,5TH SUPREME - HARRISON II VACANCY,1,7539,LLOYD A.,KARMEIER,,UNION,758,REPUBLICAN,REP
GP 2004,5TH SUPREME - HARRISON II VACANCY,1,7539,LLOYD A.,KARMEIER,,ST. CLAIR,7340,REPUBLICAN,REP
GP 2004,5TH SUPREME - HARRISON II VACANCY,1,7539,LLOYD A.,KARMEIER,,ALEXANDER,215,REPUBLICAN,REP
GP 2004,5TH SUPREME - HARRISON II VACANCY,1,7539,LLOYD A.,KARMEIER,,PULASKI,523,REPUBLICAN,REP
GP 2004,50TH SENATE,1,7540,LARRY K.,BOMKE,,LOGAN,2352,REPUBLICAN,REP
GP 2004,50TH SENATE,1,7540,LARRY K.,BOMKE,,MENARD,2827,REPUBLICAN,REP
GP 2004,50TH SENATE,1,7540,LARRY K.,BOMKE,,SANGAMON,12580,REPUBLICAN,REP
GP 2004,"14TH CIRCUIT- CONWAY, JR. VACANCY",1,7541,JAMES G.,"CONWAY, JR.",,MERCER,1422,DEMOCRATIC,DEM
GP 2004,4TH SUBCIRCUIT - A VACANCY,1,7543,DEIRDRE ANN,McGUIRE,,COOK,11076,DEMOCRATIC,DEM
GP 2004,8TH SUBCIRCUIT - GARDNER VACANCY,1,7544,JOHN H.,EHRLICH,,COOK,8531,DEMOCRATIC,DEM
GP 2004,23RD SENATE,1,7546,DENNIS M.,REBOLETTI,,DuPAGE,8626,REPUBLICAN,REP
GP 2004,18TH CIRCUIT- MEHLING VACANCY,1,7547,PATRICK J.,LESTON,,DuPAGE,8244,REPUBLICAN,REP
GP 2004,28TH SENATE,1,7548,"KATHLEEN L. ""KAY""",WOJCIK,,KANE,1705,REPUBLICAN,REP
GP 2004,28TH SENATE,1,7548,"KATHLEEN L. ""KAY""",WOJCIK,,COOK,4391,REPUBLICAN,REP
GP 2004,28TH SENATE,1,7548,"KATHLEEN L. ""KAY""",WOJCIK,,DuPAGE,6031,REPUBLICAN,REP
GP 2004,31ST REPRESENTATIVE,1,7549,MARY E.,FLOWERS,,COOK,15972,DEMOCRATIC,DEM
GP 2004,83RD REPRESENTATIVE,1,7550,LINDA,CHAPA LaVIA,,KANE,911,DEMOCRATIC,DEM
GP 2004,18TH CIRCUIT- MEHLING VACANCY,1,7551,MARK W.,DWYER,,DuPAGE,13917,REPUBLICAN,REP
GP 2004,20TH SENATE,1,7552,IRIS Y.,MARTINEZ,,COOK,14164,DEMOCRATIC,DEM
GP 2004,COOK CIRCUIT- SALYERS VACANCY,1,7553,KATHLEEN ANN,PANOZZO,,COOK,87972,DEMOCRATIC,DEM
GP 2004,116TH REPRESENTATIVE,1,7557,DAN,REITZ,,PERRY,490,DEMOCRATIC,DEM
GP 2004,116TH REPRESENTATIVE,1,7557,DAN,REITZ,,MONROE,1235,DEMOCRATIC,DEM
GP 2004,116TH REPRESENTATIVE,1,7557,DAN,REITZ,,RANDOLPH,4188,DEMOCRATIC,DEM
GP 2004,116TH REPRESENTATIVE,1,7557,DAN,REITZ,,ST. CLAIR,2827,DEMOCRATIC,DEM
GP 2004,1ST CONGRESS,1,7558,BOBBY L.,RUSH,,COOK,102540,DEMOCRATIC,DEM
GP 2004,10TH REPRESENTATIVE,1,7559,ANNAZETTE R.,COLLINS,,COOK,8499,DEMOCRATIC,DEM
GP 2004,18TH CIRCUIT- MEHLING VACANCY,1,7560,RICHARD D.,RUSSO,,DuPAGE,17053,REPUBLICAN,REP
GP 2004,6TH CONGRESS,1,7561,HENRY J.,HYDE,,COOK,7239,REPUBLICAN,REP
GP 2004,6TH CONGRESS,1,7561,HENRY J.,HYDE,,DuPAGE,43344,REPUBLICAN,REP
GP 2004,53RD SENATE,1,7562,DAN,RUTHERFORD,,FORD,1310,REPUBLICAN,REP
GP 2004,53RD SENATE,1,7562,DAN,RUTHERFORD,,IROQUOIS,2383,REPUBLICAN,REP
GP 2004,53RD SENATE,1,7562,DAN,RUTHERFORD,,LIVINGSTON,5713,REPUBLICAN,REP
GP 2004,53RD SENATE,1,7562,DAN,RUTHERFORD,,WOODFORD,2277,REPUBLICAN,REP
GP 2004,53RD SENATE,1,7562,DAN,RUTHERFORD,,TAZEWELL,3210,REPUBLICAN,REP
GP 2004,53RD SENATE,1,7562,DAN,RUTHERFORD,,LaSALLE,170,REPUBLICAN,REP
GP 2004,53RD SENATE,1,7562,DAN,RUTHERFORD,,CHAMPAIGN,3218,REPUBLICAN,REP
GP 2004,53RD SENATE,1,7562,DAN,RUTHERFORD,,McLEAN,5369,REPUBLICAN,REP
GP 2004,53RD SENATE,1,7562,DAN,RUTHERFORD,,VERMILION,542,REPUBLICAN,REP
GP 2004,11TH REPRESENTATIVE,1,7563,JOHN A.,FRITCHEY,,COOK,11849,DEMOCRATIC,DEM
GP 2004,5TH SUBCIRCUIT - COX VACANCY,1,7564,DIANE M.,SHELLEY,,COOK,7818,DEMOCRATIC,DEM
GP 2004,10TH SUBCIRCUIT - FLEMING VACANCY,1,7565,AURELIA MARIE,PUCINSKI,,COOK,16077,DEMOCRATIC,DEM
GP 2004,15TH REPRESENTATIVE,1,7566,JOHN C.,D'AMICO,,COOK,8660,DEMOCRATIC,DEM
GP 2004,29TH SENATE,1,7567,SUSAN,GARRETT,,LAKE,8650,DEMOCRATIC,DEM
GP 2004,29TH SENATE,1,7567,SUSAN,GARRETT,,COOK,9735,DEMOCRATIC,DEM
GP 2004,9TH REPRESENTATIVE,1,7568,ARTHUR L.,TURNER,,COOK,8525,DEMOCRATIC,DEM
GP 2004,59TH REPRESENTATIVE,1,7569,KATHLEEN A.,RYG,,LAKE,4712,DEMOCRATIC,DEM
GP 2004,59TH REPRESENTATIVE,1,7569,KATHLEEN A.,RYG,,COOK,873,DEMOCRATIC,DEM
GP 2004,101ST REPRESENTATIVE,1,7570,"ROBERT ""BOB""",FLIDER,,SHELBY,500,DEMOCRATIC,DEM
GP 2004,101ST REPRESENTATIVE,1,7570,"ROBERT ""BOB""",FLIDER,,MACON,6437,DEMOCRATIC,DEM
GP 2004,101ST REPRESENTATIVE,1,7570,"ROBERT ""BOB""",FLIDER,,MOULTRIE,850,DEMOCRATIC,DEM
GP 2004,24TH REPRESENTATIVE,1,7571,ISMAEL,VARGAS,,COOK,964,DEMOCRATIC,DEM
GP 2004,75TH REPRESENTATIVE,1,7573,CAREEN M.,GORDON,,IROQUOIS,75,DEMOCRATIC,DEM
GP 2004,75TH REPRESENTATIVE,1,7573,CAREEN M.,GORDON,,LIVINGSTON,24,DEMOCRATIC,DEM
GP 2004,75TH REPRESENTATIVE,1,7573,CAREEN M.,GORDON,,WILL,1330,DEMOCRATIC,DEM
GP 2004,75TH REPRESENTATIVE,1,7573,CAREEN M.,GORDON,,GRUNDY,2570,DEMOCRATIC,DEM
GP 2004,75TH REPRESENTATIVE,1,7573,CAREEN M.,GORDON,,LaSALLE,851,DEMOCRATIC,DEM
GP 2004,75TH REPRESENTATIVE,1,7573,CAREEN M.,GORDON,,KANKAKEE,992,DEMOCRATIC,DEM
GP 2004,41ST SENATE,1,7574,CHRISTINE,RADOGNO,,WILL,9275,REPUBLICAN,REP
GP 2004,41ST SENATE,1,7574,CHRISTINE,RADOGNO,,COOK,5987,REPUBLICAN,REP
GP 2004,41ST SENATE,1,7574,CHRISTINE,RADOGNO,,DuPAGE,4534,REPUBLICAN,REP
GP 2004,8TH REPRESENTATIVE,1,7575,CALVIN,GILES,,COOK,11334,DEMOCRATIC,DEM
GP 2004,28TH REPRESENTATIVE,1,7576,"ROBERT ""BOB""",RITA,,COOK,9739,DEMOCRATIC,DEM
GP 2004,9TH SUBCIRCUIT - HIMEL VACANCY,1,7577,TIMOTHY D.,NIMROD,,COOK,5494,DEMOCRATIC,DEM
GP 2004,8TH CONGRESS,1,7578,PHILIP,CRANE,,LAKE,20333,REPUBLICAN,REP
GP 2004,8TH CONGRESS,1,7578,PHILIP,CRANE,,McHENRY,7445,REPUBLICAN,REP
GP 2004,8TH CONGRESS,1,7578,PHILIP,CRANE,,COOK,7634,REPUBLICAN,REP
GP 2004,63RD REPRESENTATIVE,1,7579,JACK D.,FRANKS,,McHENRY,6678,DEMOCRATIC,DEM
GP 2004,47TH SENATE,1,7580,JOHN M.,SULLIVAN,,BROWN,313,DEMOCRATIC,DEM
GP 2004,47TH SENATE,1,7580,JOHN M.,SULLIVAN,,SCHUYLER,429,DEMOCRATIC,DEM
GP 2004,47TH SENATE,1,7580,JOHN M.,SULLIVAN,,MERCER,185,DEMOCRATIC,DEM
GP 2004,47TH SENATE,1,7580,JOHN M.,SULLIVAN,,FULTON,899,DEMOCRATIC,DEM
GP 2004,47TH SENATE,1,7580,JOHN M.,SULLIVAN,,HANCOCK,1028,DEMOCRATIC,DEM
GP 2004,47TH SENATE,1,7580,JOHN M.,SULLIVAN,,MASON,1974,DEMOCRATIC,DEM
GP 2004,47TH SENATE,1,7580,JOHN M.,SULLIVAN,,WARREN,991,DEMOCRATIC,DEM
GP 2004,47TH SENATE,1,7580,JOHN M.,SULLIVAN,,PIKE,188,DEMOCRATIC,DEM
GP 2004,47TH SENATE,1,7580,JOHN M.,SULLIVAN,,HENDERSON,431,DEMOCRATIC,DEM
GP 2004,47TH SENATE,1,7580,JOHN M.,SULLIVAN,,CASS,1136,DEMOCRATIC,DEM
GP 2004,47TH SENATE,1,7580,JOHN M.,SULLIVAN,,McDONOUGH,1561,DEMOCRATIC,DEM
GP 2004,47TH SENATE,1,7580,JOHN M.,SULLIVAN,,SCOTT,318,DEMOCRATIC,DEM
GP 2004,47TH SENATE,1,7580,JOHN M.,SULLIVAN,,ADAMS,4786,DEMOCRATIC,DEM
GP 2004,4TH SUBCIRCUIT - A VACANCY,1,7581,BILL,KUNKLE,,COOK,7916,REPUBLICAN,REP
GP 2004,COOK CIRCUIT- SIRACUSA VACANCY,1,7583,JOHN NOONAN,FARRELL,,COOK,31664,DEMOCRATIC,DEM
GP 2004,43RD REPRESENTATIVE,1,7584,DANIEL B.,RICH,,KANE,703,DEMOCRATIC,DEM
GP 2004,43RD REPRESENTATIVE,1,7584,DANIEL B.,RICH,,COOK,278,DEMOCRATIC,DEM
GP 2004,18TH CIRCUIT- MEHLING VACANCY,1,7585,STAN,AUSTIN,,DuPAGE,17203,REPUBLICAN,REP
GP 2004,107TH REPRESENTATIVE,1,7586,KURT M.,GRANBERG,,CLINTON,847,DEMOCRATIC,DEM
GP 2004,107TH REPRESENTATIVE,1,7586,KURT M.,GRANBERG,,FAYETTE,63,DEMOCRATIC,DEM
GP 2004,107TH REPRESENTATIVE,1,7586,KURT M.,GRANBERG,,MARION,3798,DEMOCRATIC,DEM
GP 2004,107TH REPRESENTATIVE,1,7586,KURT M.,GRANBERG,,JEFFERSON,2301,DEMOCRATIC,DEM
GP 2004,80TH REPRESENTATIVE,1,7587,GEORGE,SCULLY,,WILL,2110,DEMOCRATIC,DEM
GP 2004,80TH REPRESENTATIVE,1,7587,GEORGE,SCULLY,,COOK,6707,DEMOCRATIC,DEM
GP 2004,16TH CIRCUIT- ENGEL VACANCY,1,7588,ROBBIN J.,STUCKERT,,DeKALB,4993,REPUBLICAN,REP
GP 2004,12TH SUBCIRCUIT - SMITH VACANCY,1,7589,ROGER G.,FEIN,,COOK,7306,REPUBLICAN,REP
GP 2004,22ND REPRESENTATIVE,1,7590,MICHAEL J.,MADIGAN,,COOK,13318,DEMOCRATIC,DEM
GP 2004,60TH REPRESENTATIVE,1,7591,EDDIE,WASHINGTON,,LAKE,4436,DEMOCRATIC,DEM
GP 2004,4TH REPRESENTATIVE,1,7592,CYNTHIA,SOTO,,COOK,2936,DEMOCRATIC,DEM
GP 2004,9TH SUBCIRCUIT - HIMEL VACANCY,1,7593,JEANNE R. CLEVELAND,BERNSTEIN,,COOK,14585,DEMOCRATIC,DEM
GP 2004,56TH SENATE,1,7594,"WILLIAM R. ""BILL""",HAINE,,JERSEY,122,DEMOCRATIC,DEM
GP 2004,56TH SENATE,1,7594,"WILLIAM R. ""BILL""",HAINE,,MADISON,14517,DEMOCRATIC,DEM
GP 2004,56TH SENATE,1,7594,"WILLIAM R. ""BILL""",HAINE,,ST. CLAIR,1309,DEMOCRATIC,DEM
GP 2004,108TH REPRESENTATIVE,1,7595,BILL,GRUNLOH,,CLAY,1371,DEMOCRATIC,DEM
GP 2004,108TH REPRESENTATIVE,1,7595,BILL,GRUNLOH,,RICHLAND,1089,DEMOCRATIC,DEM
GP 2004,108TH REPRESENTATIVE,1,7595,BILL,GRUNLOH,,JASPER,786,DEMOCRATIC,DEM
GP 2004,108TH REPRESENTATIVE,1,7595,BILL,GRUNLOH,,HAMILTON,261,DEMOCRATIC,DEM
GP 2004,108TH REPRESENTATIVE,1,7595,BILL,GRUNLOH,,EDWARDS,249,DEMOCRATIC,DEM
GP 2004,108TH REPRESENTATIVE,1,7595,BILL,GRUNLOH,,WHITE,725,DEMOCRATIC,DEM
GP 2004,108TH REPRESENTATIVE,1,7595,BILL,GRUNLOH,,WABASH,485,DEMOCRATIC,DEM
GP 2004,108TH REPRESENTATIVE,1,7595,BILL,GRUNLOH,,EFFINGHAM,2122,DEMOCRATIC,DEM
GP 2004,108TH REPRESENTATIVE,1,7595,BILL,GRUNLOH,,WAYNE,813,DEMOCRATIC,DEM
GP 2004,UNITED STATES SENATOR,1,7596,GERY,CHICO,,BROWN,1,DEMOCRATIC,DEM
GP 2004,UNITED STATES SENATOR,1,7596,GERY,CHICO,,CLAY,15,DEMOCRATIC,DEM
GP 2004,UNITED STATES SENATOR,1,7596,GERY,CHICO,,HARDIN,7,DEMOCRATIC,DEM
GP 2004,UNITED STATES SENATOR,1,7596,GERY,CHICO,,JERSEY,7,DEMOCRATIC,DEM
GP 2004,UNITED STATES SENATOR,1,7596,GERY,CHICO,,LOGAN,13,DEMOCRATIC,DEM
GP 2004,UNITED STATES SENATOR,1,7596,GERY,CHICO,,RICHLAND,9,DEMOCRATIC,DEM
GP 2004,UNITED STATES SENATOR,1,7596,GERY,CHICO,,SCHUYLER,4,DEMOCRATIC,DEM
GP 2004,UNITED STATES SENATOR,1,7596,GERY,CHICO,,WASHINGTON,9,DEMOCRATIC,DEM
GP 2004,UNITED STATES SENATOR,1,7596,GERY,CHICO,,BOND,6,DEMOCRATIC,DEM
GP 2004,UNITED STATES SENATOR,1,7596,GERY,CHICO,,CLINTON,9,DEMOCRATIC,DEM
GP 2004,UNITED STATES SENATOR,1,7596,GERY,CHICO,,JASPER,3,DEMOCRATIC,DEM
GP 2004,UNITED STATES SENATOR,1,7596,GERY,CHICO,,MARSHALL,3,DEMOCRATIC,DEM
GP 2004,UNITED STATES SENATOR,1,7596,GERY,CHICO,,EDGAR,8,DEMOCRATIC,DEM
GP 2004,UNITED STATES SENATOR,1,7596,GERY,CHICO,,FORD,3,DEMOCRATIC,DEM
GP 2004,UNITED STATES SENATOR,1,7596,GERY,CHICO,,GREENE,17,DEMOCRATIC,DEM
GP 2004,UNITED STATES SENATOR,1,7596,GERY,CHICO,,IROQUOIS,8,DEMOCRATIC,DEM
GP 2004,UNITED STATES SENATOR,1,7596,GERY,CHICO,,JOHNSON,11,DEMOCRATIC,DEM
GP 2004,UNITED STATES SENATOR,1,7596,GERY,CHICO,,LIVINGSTON,25,DEMOCRATIC,DEM
GP 2004,UNITED STATES SENATOR,1,7596,GERY,CHICO,,MENARD,4,DEMOCRATIC,DEM
GP 2004,UNITED STATES SENATOR,1,7596,GERY,CHICO,,MERCER,24,DEMOCRATIC,DEM
GP 2004,UNITED STATES SENATOR,1,7596,GERY,CHICO,,PERRY,13,DEMOCRATIC,DEM
GP 2004,UNITED STATES SENATOR,1,7596,GERY,CHICO,,PIATT,3,DEMOCRATIC,DEM
GP 2004,UNITED STATES SENATOR,1,7596,GERY,CHICO,,STARK,1,DEMOCRATIC,DEM
GP 2004,UNITED STATES SENATOR,1,7596,GERY,CHICO,,WILLIAMSON,22,DEMOCRATIC,DEM
GP 2004,UNITED STATES SENATOR,1,7596,GERY,CHICO,,WOODFORD,26,DEMOCRATIC,DEM
GP 2004,UNITED STATES SENATOR,1,7596,GERY,CHICO,,FULTON,31,DEMOCRATIC,DEM
GP 2004,UNITED STATES SENATOR,1,7596,GERY,CHICO,,HAMILTON,7,DEMOCRATIC,DEM
GP 2004,UNITED STATES SENATOR,1,7596,GERY,CHICO,,HANCOCK,11,DEMOCRATIC,DEM
GP 2004,UNITED STATES SENATOR,1,7596,GERY,CHICO,,MACOUPIN,58,DEMOCRATIC,DEM
GP 2004,UNITED STATES SENATOR,1,7596,GERY,CHICO,,MASON,9,DEMOCRATIC,DEM
GP 2004,UNITED STATES SENATOR,1,7596,GERY,CHICO,,MONROE,13,DEMOCRATIC,DEM
GP 2004,UNITED STATES SENATOR,1,7596,GERY,CHICO,,SHELBY,13,DEMOCRATIC,DEM
GP 2004,UNITED STATES SENATOR,1,7596,GERY,CHICO,,BUREAU,65,DEMOCRATIC,DEM
GP 2004,UNITED STATES SENATOR,1,7596,GERY,CHICO,,WARREN,11,DEMOCRATIC,DEM
GP 2004,UNITED STATES SENATOR,1,7596,GERY,CHICO,,DOUGLAS,0,DEMOCRATIC,DEM
GP 2004,UNITED STATES SENATOR,1,7596,GERY,CHICO,,COLES,12,DEMOCRATIC,DEM
GP 2004,UNITED STATES SENATOR,1,7596,GERY,CHICO,,EDWARDS,4,DEMOCRATIC,DEM
GP 2004,UNITED STATES SENATOR,1,7596,GERY,CHICO,,PIKE,13,DEMOCRATIC,DEM
GP 2004,UNITED STATES SENATOR,1,7596,GERY,CHICO,,HENDERSON,5,DEMOCRATIC,DEM
GP 2004,UNITED STATES SENATOR,1,7596,GERY,CHICO,,JACKSON,51,DEMOCRATIC,DEM
GP 2004,UNITED STATES SENATOR,1,7596,GERY,CHICO,,ROCK ISLAND,648,DEMOCRATIC,DEM
GP 2004,UNITED STATES SENATOR,1,7596,GERY,CHICO,,LEE,19,DEMOCRATIC,DEM
GP 2004,UNITED STATES SENATOR,1,7596,GERY,CHICO,,CASS,6,DEMOCRATIC,DEM
GP 2004,UNITED STATES SENATOR,1,7596,GERY,CHICO,,WHITE,5,DEMOCRATIC,DEM
GP 2004,UNITED STATES SENATOR,1,7596,GERY,CHICO,,CRAWFORD,12,DEMOCRATIC,DEM
GP 2004,UNITED STATES SENATOR,1,7596,GERY,CHICO,,WHITESIDE,66,DEMOCRATIC,DEM
GP 2004,UNITED STATES SENATOR,1,7596,GERY,CHICO,,MORGAN,7,DEMOCRATIC,DEM
GP 2004,UNITED STATES SENATOR,1,7596,GERY,CHICO,,OGLE,38,DEMOCRATIC,DEM
GP 2004,UNITED STATES SENATOR,1,7596,GERY,CHICO,,FRANKLIN,34,DEMOCRATIC,DEM
GP 2004,UNITED STATES SENATOR,1,7596,GERY,CHICO,,FAYETTE,7,DEMOCRATIC,DEM
GP 2004,UNITED STATES SENATOR,1,7596,GERY,CHICO,,RANDOLPH,19,DEMOCRATIC,DEM
GP 2004,UNITED STATES SENATOR,1,7596,GERY,CHICO,,MARION,22,DEMOCRATIC,DEM
GP 2004,UNITED STATES SENATOR,1,7596,GERY,CHICO,,SALINE,30,DEMOCRATIC,DEM
GP 2004,UNITED STATES SENATOR,1,7596,GERY,CHICO,,MASSAC,8,DEMOCRATIC,DEM
GP 2004,UNITED STATES SENATOR,1,7596,GERY,CHICO,,WILL,1765,DEMOCRATIC,DEM
GP 2004,UNITED STATES SENATOR,1,7596,GERY,CHICO,,CLARK,7,DEMOCRATIC,DEM
GP 2004,UNITED STATES SENATOR,1,7596,GERY,CHICO,,CALHOUN,3,DEMOCRATIC,DEM
GP 2004,UNITED STATES SENATOR,1,7596,GERY,CHICO,,STEPHENSON,35,DEMOCRATIC,DEM
GP 2004,UNITED STATES SENATOR,1,7596,GERY,CHICO,,GALLATIN,10,DEMOCRATIC,DEM
GP 2004,UNITED STATES SENATOR,1,7596,GERY,CHICO,,MONTGOMERY,20,DEMOCRATIC,DEM
GP 2004,UNITED STATES SENATOR,1,7596,GERY,CHICO,,JEFFERSON,19,DEMOCRATIC,DEM
GP 2004,UNITED STATES SENATOR,1,7596,GERY,CHICO,,PUTNAM,18,DEMOCRATIC,DEM
GP 2004,UNITED STATES SENATOR,1,7596,GERY,CHICO,,WABASH,9,DEMOCRATIC,DEM
GP 2004,UNITED STATES SENATOR,1,7596,GERY,CHICO,,MADISON,138,DEMOCRATIC,DEM
GP 2004,UNITED STATES SENATOR,1,7596,GERY,CHICO,,GRUNDY,89,DEMOCRATIC,DEM
GP 2004,UNITED STATES SENATOR,1,7596,GERY,CHICO,,JoDAVIESS,21,DEMOCRATIC,DEM
GP 2004,UNITED STATES SENATOR,1,7596,GERY,CHICO,,TAZEWELL,52,DEMOCRATIC,DEM
GP 2004,UNITED STATES SENATOR,1,7596,GERY,CHICO,,SANGAMON,77,DEMOCRATIC,DEM
GP 2004,UNITED STATES SENATOR,1,7596,GERY,CHICO,,EFFINGHAM,24,DEMOCRATIC,DEM
GP 2004,UNITED STATES SENATOR,1,7596,GERY,CHICO,,LAKE,1714,DEMOCRATIC,DEM
GP 2004,UNITED STATES SENATOR,1,7596,GERY,CHICO,,LaSALLE,176,DEMOCRATIC,DEM
GP 2004,UNITED STATES SENATOR,1,7596,GERY,CHICO,,HENRY,40,DEMOCRATIC,DEM
GP 2004,UNITED STATES SENATOR,1,7596,GERY,CHICO,,McDONOUGH,7,DEMOCRATIC,DEM
GP 2004,UNITED STATES SENATOR,1,7596,GERY,CHICO,,CHAMPAIGN,133,DEMOCRATIC,DEM
GP 2004,UNITED STATES SENATOR,1,7596,GERY,CHICO,,SCOTT,2,DEMOCRATIC,DEM
GP 2004,UNITED STATES SENATOR,1,7596,GERY,CHICO,,CARROLL,7,DEMOCRATIC,DEM
GP 2004,UNITED STATES SENATOR,1,7596,GERY,CHICO,,MACON,38,DEMOCRATIC,DEM
GP 2004,UNITED STATES SENATOR,1,7596,GERY,CHICO,,POPE,5,DEMOCRATIC,DEM
GP 2004,UNITED STATES SENATOR,1,7596,GERY,CHICO,,KNOX,37,DEMOCRATIC,DEM
GP 2004,UNITED STATES SENATOR,1,7596,GERY,CHICO,,MOULTRIE,5,DEMOCRATIC,DEM
GP 2004,UNITED STATES SENATOR,1,7596,GERY,CHICO,,PEORIA,126,DEMOCRATIC,DEM
GP 2004,UNITED STATES SENATOR,1,7596,GERY,CHICO,,ADAMS,32,DEMOCRATIC,DEM
GP 2004,UNITED STATES SENATOR,1,7596,GERY,CHICO,,CUMBERLAND,8,DEMOCRATIC,DEM
GP 2004,UNITED STATES SENATOR,1,7596,GERY,CHICO,,WAYNE,8,DEMOCRATIC,DEM
GP 2004,UNITED STATES SENATOR,1,7596,GERY,CHICO,,KENDALL,153,DEMOCRATIC,DEM
GP 2004,UNITED STATES SENATOR,1,7596,GERY,CHICO,,KANKAKEE,188,DEMOCRATIC,DEM
GP 2004,UNITED STATES SENATOR,1,7596,GERY,CHICO,,BOONE,59,DEMOCRATIC,DEM
GP 2004,UNITED STATES SENATOR,1,7596,GERY,CHICO,,WINNEBAGO,326,DEMOCRATIC,DEM
GP 2004,UNITED STATES SENATOR,1,7596,GERY,CHICO,,CHRISTIAN,28,DEMOCRATIC,DEM
GP 2004,UNITED STATES SENATOR,1,7596,GERY,CHICO,,LAWRENCE,5,DEMOCRATIC,DEM
GP 2004,UNITED STATES SENATOR,1,7596,GERY,CHICO,,McHENRY,552,DEMOCRATIC,DEM
GP 2004,UNITED STATES SENATOR,1,7596,GERY,CHICO,,DeWITT,16,DEMOCRATIC,DEM
GP 2004,UNITED STATES SENATOR,1,7596,GERY,CHICO,,KANE,1683,DEMOCRATIC,DEM
GP 2004,UNITED STATES SENATOR,1,7596,GERY,CHICO,,DeKALB,171,DEMOCRATIC,DEM
GP 2004,UNITED STATES SENATOR,1,7596,GERY,CHICO,,COOK,40382,DEMOCRATIC,DEM
GP 2004,UNITED STATES SENATOR,1,7596,GERY,CHICO,,McLEAN,111,DEMOCRATIC,DEM
GP 2004,UNITED STATES SENATOR,1,7596,GERY,CHICO,,UNION,29,DEMOCRATIC,DEM
GP 2004,UNITED STATES SENATOR,1,7596,GERY,CHICO,,ST. CLAIR,388,DEMOCRATIC,DEM
GP 2004,UNITED STATES SENATOR,1,7596,GERY,CHICO,,VERMILION,30,DEMOCRATIC,DEM
GP 2004,UNITED STATES SENATOR,1,7596,GERY,CHICO,,ALEXANDER,24,DEMOCRATIC,DEM
GP 2004,UNITED STATES SENATOR,1,7596,GERY,CHICO,,PULASKI,4,DEMOCRATIC,DEM
GP 2004,UNITED STATES SENATOR,1,7596,GERY,CHICO,,DuPAGE,3184,DEMOCRATIC,DEM
GP 2004,9TH CONGRESS,1,7597,JANICE D.,SCHAKOWSKY,,COOK,70736,DEMOCRATIC,DEM
GP 2004,54TH REPRESENTATIVE,1,7598,"PATRICIA A. ""PAT""",SUTARIK,,COOK,3449,REPUBLICAN,REP
GP 2004,7TH REPRESENTATIVE,1,7599,KAREN A.,YARBROUGH,,COOK,14066,DEMOCRATIC,DEM
GP 2004,"1ST CIRCUIT- WATT, JR. VACANCY",1,7600,PATRICK M.,McCANN,,JACKSON,2613,DEMOCRATIC,DEM
GP 2004,78TH REPRESENTATIVE,1,7601,DEBORAH L.,GRAHAM,,COOK,13852,DEMOCRATIC,DEM
GP 2004,92ND REPRESENTATIVE,1,7602,RICCA,SLONE,,PEORIA,7052,DEMOCRATIC,DEM
GP 2004,16TH CIRCUIT- JENSEN VACANCY,1,7603,ROBERT B.,SPENCE,,KENDALL,2991,REPUBLICAN,REP
GP 2004,16TH CIRCUIT- JENSEN VACANCY,1,7603,ROBERT B.,SPENCE,,KANE,13428,REPUBLICAN,REP
GP 2004,16TH CIRCUIT- JENSEN VACANCY,1,7603,ROBERT B.,SPENCE,,DeKALB,3427,REPUBLICAN,REP
GP 2004,98TH REPRESENTATIVE,1,7604,GARY,HANNIG,,MACOUPIN,5527,DEMOCRATIC,DEM
GP 2004,98TH REPRESENTATIVE,1,7604,GARY,HANNIG,,SHELBY,66,DEMOCRATIC,DEM
GP 2004,98TH REPRESENTATIVE,1,7604,GARY,HANNIG,,FAYETTE,195,DEMOCRATIC,DEM
GP 2004,98TH REPRESENTATIVE,1,7604,GARY,HANNIG,,MONTGOMERY,2593,DEMOCRATIC,DEM
GP 2004,98TH REPRESENTATIVE,1,7604,GARY,HANNIG,,MADISON,416,DEMOCRATIC,DEM
GP 2004,98TH REPRESENTATIVE,1,7604,GARY,HANNIG,,CHRISTIAN,3522,DEMOCRATIC,DEM
GP 2004,6TH CIRCUIT- De La MAR VACANCY,1,7605,HEIDI,LADD,,CHAMPAIGN,9332,REPUBLICAN,REP
GP 2004,114TH REPRESENTATIVE,1,7606,WYVETTER H.,YOUNGE,,MADISON,562,DEMOCRATIC,DEM
GP 2004,114TH REPRESENTATIVE,1,7606,WYVETTER H.,YOUNGE,,ST. CLAIR,7689,DEMOCRATIC,DEM
GP 2004,59TH SENATE,1,7607,GARY,FORBY,,HARDIN,588,DEMOCRATIC,DEM
GP 2004,59TH SENATE,1,7607,GARY,FORBY,,JOHNSON,1001,DEMOCRATIC,DEM
GP 2004,59TH SENATE,1,7607,GARY,FORBY,,WILLIAMSON,3993,DEMOCRATIC,DEM
GP 2004,59TH SENATE,1,7607,GARY,FORBY,,HAMILTON,1032,DEMOCRATIC,DEM
GP 2004,59TH SENATE,1,7607,GARY,FORBY,,WHITE,544,DEMOCRATIC,DEM
GP 2004,59TH SENATE,1,7607,GARY,FORBY,,FRANKLIN,6267,DEMOCRATIC,DEM
GP 2004,59TH SENATE,1,7607,GARY,FORBY,,SALINE,3614,DEMOCRATIC,DEM
GP 2004,59TH SENATE,1,7607,GARY,FORBY,,MASSAC,848,DEMOCRATIC,DEM
GP 2004,59TH SENATE,1,7607,GARY,FORBY,,GALLATIN,1521,DEMOCRATIC,DEM
GP 2004,59TH SENATE,1,7607,GARY,FORBY,,POPE,499,DEMOCRATIC,DEM
GP 2004,59TH SENATE,1,7607,GARY,FORBY,,UNION,2163,DEMOCRATIC,DEM
GP 2004,59TH SENATE,1,7607,GARY,FORBY,,ALEXANDER,1033,DEMOCRATIC,DEM
GP 2004,59TH SENATE,1,7607,GARY,FORBY,,PULASKI,420,DEMOCRATIC,DEM
GP 2004,72ND REPRESENTATIVE,1,7608,PATRICK,VERSCHOORE,,MERCER,1022,DEMOCRATIC,DEM
GP 2004,72ND REPRESENTATIVE,1,7608,PATRICK,VERSCHOORE,,ROCK ISLAND,5409,DEMOCRATIC,DEM
GP 2004,18TH REPRESENTATIVE,1,7609,JULIE,HAMOS,,COOK,15619,DEMOCRATIC,DEM
GP 2004,103RD REPRESENTATIVE,1,7610,NAOMI D.,JAKOBSSON,,CHAMPAIGN,6975,DEMOCRATIC,DEM
GP 2004,17TH REPRESENTATIVE,1,7611,MICHELE,BROMBERG,,COOK,12724,DEMOCRATIC,DEM
GP 2004,12TH SUBCIRCUIT - SMITH VACANCY,1,7612,ELLEN L.,FLANNIGAN,,COOK,20341,DEMOCRATIC,DEM
GP 2004,71ST REPRESENTATIVE,1,7613,DENNIS,AHERN,,ROCK ISLAND,2224,DEMOCRATIC,DEM
GP 2004,71ST REPRESENTATIVE,1,7613,DENNIS,AHERN,,WHITESIDE,86,DEMOCRATIC,DEM
GP 2004,71ST REPRESENTATIVE,1,7613,DENNIS,AHERN,,HENRY,336,DEMOCRATIC,DEM
GP 2004,71ST REPRESENTATIVE,1,7613,DENNIS,AHERN,,CARROLL,84,DEMOCRATIC,DEM
GP 2004,79TH REPRESENTATIVE,1,7614,ANN,BERNARD,,IROQUOIS,39,DEMOCRATIC,DEM
GP 2004,79TH REPRESENTATIVE,1,7614,ANN,BERNARD,,WILL,964,DEMOCRATIC,DEM
GP 2004,79TH REPRESENTATIVE,1,7614,ANN,BERNARD,,KANKAKEE,2036,DEMOCRATIC,DEM
GP 2004,35TH REPRESENTATIVE,1,7615,KEVIN CAREY,JOYCE,,COOK,15977,DEMOCRATIC,DEM
GP 2004,113TH REPRESENTATIVE,1,7616,"THOMAS ""TOM""",HOLBROOK,,MADISON,1666,DEMOCRATIC,DEM
GP 2004,113TH REPRESENTATIVE,1,7616,"THOMAS ""TOM""",HOLBROOK,,ST. CLAIR,6056,DEMOCRATIC,DEM
GP 2004,COOK CIRCUIT- FOREMAN VACANCY,1,7618,MARY THERESE,QUINN,,COOK,82535,DEMOCRATIC,DEM
GP 2004,79TH REPRESENTATIVE,1,7619,LISA M.,DUGAN,,IROQUOIS,111,DEMOCRATIC,DEM
GP 2004,79TH REPRESENTATIVE,1,7619,LISA M.,DUGAN,,WILL,2144,DEMOCRATIC,DEM
GP 2004,79TH REPRESENTATIVE,1,7619,LISA M.,DUGAN,,KANKAKEE,3263,DEMOCRATIC,DEM
GP 2004,10TH SUBCIRCUIT - A VACANCY,1,7620,BONNIE THERESE,KENNEDY,,COOK,7790,DEMOCRATIC,DEM
GP 2004,16TH REPRESENTATIVE,1,7621,LOU,LANG,,COOK,8545,DEMOCRATIC,DEM
GP 2004,112TH REPRESENTATIVE,1,7622,JAY C.,HOFFMAN,,MADISON,6488,DEMOCRATIC,DEM
GP 2004,112TH REPRESENTATIVE,1,7622,JAY C.,HOFFMAN,,ST. CLAIR,1351,DEMOCRATIC,DEM
GP 2004,76TH REPRESENTATIVE,1,7623,FRANK J.,MAUTINO,,LIVINGSTON,173,DEMOCRATIC,DEM
GP 2004,76TH REPRESENTATIVE,1,7623,FRANK J.,MAUTINO,,BUREAU,1911,DEMOCRATIC,DEM
GP 2004,76TH REPRESENTATIVE,1,7623,FRANK J.,MAUTINO,,PUTNAM,1106,DEMOCRATIC,DEM
GP 2004,76TH REPRESENTATIVE,1,7623,FRANK J.,MAUTINO,,LaSALLE,5650,DEMOCRATIC,DEM
GP 2004,COOK CIRCUIT- SALYERS VACANCY,1,7624,PATRICK DENNIS,RILEY,,COOK,103096,DEMOCRATIC,DEM
GP 2004,72ND REPRESENTATIVE,1,7625,CLARENCE M.,DARROW,,MERCER,662,DEMOCRATIC,DEM
GP 2004,72ND REPRESENTATIVE,1,7625,CLARENCE M.,DARROW,,ROCK ISLAND,4147,DEMOCRATIC,DEM
GP 2004,9TH SUBCIRCUIT - HIMEL VACANCY,1,7626,MICHAEL ALAN,STROM,,COOK,5050,DEMOCRATIC,DEM
GP 2004,38TH REPRESENTATIVE,1,7627,ROBIN,KELLY,,COOK,16028,DEMOCRATIC,DEM
GP 2004,34TH REPRESENTATIVE,1,7628,"CONSTANCE A. ""CONNIE""",HOWARD,,COOK,17825,DEMOCRATIC,DEM
GP 2004,9TH SUBCIRCUIT - HIMEL VACANCY,1,7629,SIOBHAN MAURA,MURPHY,,COOK,3820,DEMOCRATIC,DEM
GP 2004,58TH REPRESENTATIVE,1,7630,KAREN,MAY,,LAKE,8318,DEMOCRATIC,DEM
GP 2004,58TH REPRESENTATIVE,1,7630,KAREN,MAY,,COOK,2735,DEMOCRATIC,DEM
GP 2004,"1ST CIRCUIT- WATT, JR. VACANCY",1,7631,W. CHARLES,GRACE,,JACKSON,3752,DEMOCRATIC,DEM
GP 2004,13TH REPRESENTATIVE,1,7632,LARRY,McKEON,,COOK,11193,DEMOCRATIC,DEM
GP 2004,COOK CIRCUIT- ORLANDO VACANCY,1,7633,CHARLES,FITZGERALD,,COOK,85441,DEMOCRATIC,DEM
GP 2004,26TH REPRESENTATIVE,1,7637,"LOVANA S. ""LOU""",JONES,,COOK,15823,DEMOCRATIC,DEM
GP 2004,86TH REPRESENTATIVE,1,7639,JACK,McGUIRE,,WILL,7187,DEMOCRATIC,DEM
GP 2004,67TH REPRESENTATIVE,1,7640,"CHARLES E. ""CHUCK""",JEFFERSON,,WINNEBAGO,6235,DEMOCRATIC,DEM
GP 2004,8TH SUBCIRCUIT - GARDNER VACANCY,1,7641,JON F.,ERICKSON,,COOK,11903,DEMOCRATIC,DEM
GP 2004,1ST REPRESENTATIVE,1,7643,SUSANA,MENDOZA,,COOK,3888,DEMOCRATIC,DEM
GP 2004,4TH SUBCIRCUIT - A VACANCY,1,7644,MARK L.,LeFEVOUR,,COOK,9824,DEMOCRATIC,DEM
GP 2004,13TH SUBCIRCUIT - A VACANCY,1,7645,THOMAS J.,KELLEY,,COOK,9973,REPUBLICAN,REP
GP 2004,37TH REPRESENTATIVE,1,7646,KEVIN A.,McCARTHY,,WILL,788,DEMOCRATIC,DEM
GP 2004,37TH REPRESENTATIVE,1,7646,KEVIN A.,McCARTHY,,COOK,7909,DEMOCRATIC,DEM
GP 2004,21ST REPRESENTATIVE,1,7647,ROBERT S.,MOLARO,,COOK,13367,DEMOCRATIC,DEM
GP 2004,8TH CIRCUIT- WELCH VACANCY,1,7649,ALAN D.,TUCKER,,BROWN,240,DEMOCRATIC,DEM
GP 2004,8TH CIRCUIT- WELCH VACANCY,1,7649,ALAN D.,TUCKER,,SCHUYLER,348,DEMOCRATIC,DEM
GP 2004,8TH CIRCUIT- WELCH VACANCY,1,7649,ALAN D.,TUCKER,,MENARD,502,DEMOCRATIC,DEM
GP 2004,8TH CIRCUIT- WELCH VACANCY,1,7649,ALAN D.,TUCKER,,MASON,1868,DEMOCRATIC,DEM
GP 2004,8TH CIRCUIT- WELCH VACANCY,1,7649,ALAN D.,TUCKER,,PIKE,955,DEMOCRATIC,DEM
GP 2004,8TH CIRCUIT- WELCH VACANCY,1,7649,ALAN D.,TUCKER,,CASS,975,DEMOCRATIC,DEM
GP 2004,8TH CIRCUIT- WELCH VACANCY,1,7649,ALAN D.,TUCKER,,CALHOUN,432,DEMOCRATIC,DEM
GP 2004,8TH CIRCUIT- WELCH VACANCY,1,7649,ALAN D.,TUCKER,,ADAMS,4053,DEMOCRATIC,DEM
GP 2004,57TH REPRESENTATIVE,1,7655,ELAINE,NEKRITZ,,COOK,6320,DEMOCRATIC,DEM
GP 2004,UNITED STATES SENATOR,1,7656,CHIRINJEEV,KATHURIA,,BROWN,1,REPUBLICAN,REP
GP 2004,UNITED STATES SENATOR,1,7656,CHIRINJEEV,KATHURIA,,CLAY,4,REPUBLICAN,REP
GP 2004,UNITED STATES SENATOR,1,7656,CHIRINJEEV,KATHURIA,,HARDIN,3,REPUBLICAN,REP
GP 2004,UNITED STATES SENATOR,1,7656,CHIRINJEEV,KATHURIA,,JERSEY,4,REPUBLICAN,REP
GP 2004,UNITED STATES SENATOR,1,7656,CHIRINJEEV,KATHURIA,,LOGAN,18,REPUBLICAN,REP
GP 2004,UNITED STATES SENATOR,1,7656,CHIRINJEEV,KATHURIA,,RICHLAND,12,REPUBLICAN,REP
GP 2004,UNITED STATES SENATOR,1,7656,CHIRINJEEV,KATHURIA,,SCHUYLER,2,REPUBLICAN,REP
GP 2004,UNITED STATES SENATOR,1,7656,CHIRINJEEV,KATHURIA,,WASHINGTON,5,REPUBLICAN,REP
GP 2004,UNITED STATES SENATOR,1,7656,CHIRINJEEV,KATHURIA,,BOND,6,REPUBLICAN,REP
GP 2004,UNITED STATES SENATOR,1,7656,CHIRINJEEV,KATHURIA,,CLINTON,7,REPUBLICAN,REP
GP 2004,UNITED STATES SENATOR,1,7656,CHIRINJEEV,KATHURIA,,JASPER,2,REPUBLICAN,REP
GP 2004,UNITED STATES SENATOR,1,7656,CHIRINJEEV,KATHURIA,,MARSHALL,7,REPUBLICAN,REP
GP 2004,UNITED STATES SENATOR,1,7656,CHIRINJEEV,KATHURIA,,EDGAR,17,REPUBLICAN,REP
GP 2004,UNITED STATES SENATOR,1,7656,CHIRINJEEV,KATHURIA,,FORD,9,REPUBLICAN,REP
GP 2004,UNITED STATES SENATOR,1,7656,CHIRINJEEV,KATHURIA,,GREENE,0,REPUBLICAN,REP
GP 2004,UNITED STATES SENATOR,1,7656,CHIRINJEEV,KATHURIA,,IROQUOIS,15,REPUBLICAN,REP
GP 2004,UNITED STATES SENATOR,1,7656,CHIRINJEEV,KATHURIA,,JOHNSON,6,REPUBLICAN,REP
GP 2004,UNITED STATES SENATOR,1,7656,CHIRINJEEV,KATHURIA,,LIVINGSTON,29,REPUBLICAN,REP
GP 2004,UNITED STATES SENATOR,1,7656,CHIRINJEEV,KATHURIA,,MENARD,20,REPUBLICAN,REP
GP 2004,UNITED STATES SENATOR,1,7656,CHIRINJEEV,KATHURIA,,MERCER,12,REPUBLICAN,REP
GP 2004,UNITED STATES SENATOR,1,7656,CHIRINJEEV,KATHURIA,,PERRY,1,REPUBLICAN,REP
GP 2004,UNITED STATES SENATOR,1,7656,CHIRINJEEV,KATHURIA,,PIATT,9,REPUBLICAN,REP
GP 2004,UNITED STATES SENATOR,1,7656,CHIRINJEEV,KATHURIA,,STARK,5,REPUBLICAN,REP
GP 2004,UNITED STATES SENATOR,1,7656,CHIRINJEEV,KATHURIA,,WILLIAMSON,9,REPUBLICAN,REP
GP 2004,UNITED STATES SENATOR,1,7656,CHIRINJEEV,KATHURIA,,WOODFORD,56,REPUBLICAN,REP
GP 2004,UNITED STATES SENATOR,1,7656,CHIRINJEEV,KATHURIA,,FULTON,9,REPUBLICAN,REP
GP 2004,UNITED STATES SENATOR,1,7656,CHIRINJEEV,KATHURIA,,HAMILTON,5,REPUBLICAN,REP
GP 2004,UNITED STATES SENATOR,1,7656,CHIRINJEEV,KATHURIA,,HANCOCK,20,REPUBLICAN,REP
GP 2004,UNITED STATES SENATOR,1,7656,CHIRINJEEV,KATHURIA,,MACOUPIN,12,REPUBLICAN,REP
GP 2004,UNITED STATES SENATOR,1,7656,CHIRINJEEV,KATHURIA,,MASON,3,REPUBLICAN,REP
GP 2004,UNITED STATES SENATOR,1,7656,CHIRINJEEV,KATHURIA,,MONROE,10,REPUBLICAN,REP
GP 2004,UNITED STATES SENATOR,1,7656,CHIRINJEEV,KATHURIA,,SHELBY,4,REPUBLICAN,REP
GP 2004,UNITED STATES SENATOR,1,7656,CHIRINJEEV,KATHURIA,,BUREAU,17,REPUBLICAN,REP
GP 2004,UNITED STATES SENATOR,1,7656,CHIRINJEEV,KATHURIA,,WARREN,20,REPUBLICAN,REP
GP 2004,UNITED STATES SENATOR,1,7656,CHIRINJEEV,KATHURIA,,DOUGLAS,6,REPUBLICAN,REP
GP 2004,UNITED STATES SENATOR,1,7656,CHIRINJEEV,KATHURIA,,COLES,12,REPUBLICAN,REP
GP 2004,UNITED STATES SENATOR,1,7656,CHIRINJEEV,KATHURIA,,EDWARDS,9,REPUBLICAN,REP
GP 2004,UNITED STATES SENATOR,1,7656,CHIRINJEEV,KATHURIA,,PIKE,13,REPUBLICAN,REP
GP 2004,UNITED STATES SENATOR,1,7656,CHIRINJEEV,KATHURIA,,HENDERSON,4,REPUBLICAN,REP
GP 2004,UNITED STATES SENATOR,1,7656,CHIRINJEEV,KATHURIA,,JACKSON,24,REPUBLICAN,REP
GP 2004,UNITED STATES SENATOR,1,7656,CHIRINJEEV,KATHURIA,,ROCK ISLAND,56,REPUBLICAN,REP
GP 2004,UNITED STATES SENATOR,1,7656,CHIRINJEEV,KATHURIA,,LEE,15,REPUBLICAN,REP
GP 2004,UNITED STATES SENATOR,1,7656,CHIRINJEEV,KATHURIA,,CASS,2,REPUBLICAN,REP
GP 2004,UNITED STATES SENATOR,1,7656,CHIRINJEEV,KATHURIA,,WHITE,6,REPUBLICAN,REP
GP 2004,UNITED STATES SENATOR,1,7656,CHIRINJEEV,KATHURIA,,CRAWFORD,2,REPUBLICAN,REP
GP 2004,UNITED STATES SENATOR,1,7656,CHIRINJEEV,KATHURIA,,WHITESIDE,19,REPUBLICAN,REP
GP 2004,UNITED STATES SENATOR,1,7656,CHIRINJEEV,KATHURIA,,MORGAN,37,REPUBLICAN,REP
GP 2004,UNITED STATES SENATOR,1,7656,CHIRINJEEV,KATHURIA,,OGLE,36,REPUBLICAN,REP
GP 2004,UNITED STATES SENATOR,1,7656,CHIRINJEEV,KATHURIA,,FRANKLIN,4,REPUBLICAN,REP
GP 2004,UNITED STATES SENATOR,1,7656,CHIRINJEEV,KATHURIA,,FAYETTE,9,REPUBLICAN,REP
GP 2004,UNITED STATES SENATOR,1,7656,CHIRINJEEV,KATHURIA,,RANDOLPH,12,REPUBLICAN,REP
GP 2004,UNITED STATES SENATOR,1,7656,CHIRINJEEV,KATHURIA,,MARION,11,REPUBLICAN,REP
GP 2004,UNITED STATES SENATOR,1,7656,CHIRINJEEV,KATHURIA,,SALINE,9,REPUBLICAN,REP
GP 2004,UNITED STATES SENATOR,1,7656,CHIRINJEEV,KATHURIA,,MASSAC,11,REPUBLICAN,REP
GP 2004,UNITED STATES SENATOR,1,7656,CHIRINJEEV,KATHURIA,,WILL,228,REPUBLICAN,REP
GP 2004,UNITED STATES SENATOR,1,7656,CHIRINJEEV,KATHURIA,,CLARK,4,REPUBLICAN,REP
GP 2004,UNITED STATES SENATOR,1,7656,CHIRINJEEV,KATHURIA,,CALHOUN,1,REPUBLICAN,REP
GP 2004,UNITED STATES SENATOR,1,7656,CHIRINJEEV,KATHURIA,,STEPHENSON,40,REPUBLICAN,REP
GP 2004,UNITED STATES SENATOR,1,7656,CHIRINJEEV,KATHURIA,,GALLATIN,3,REPUBLICAN,REP
GP 2004,UNITED STATES SENATOR,1,7656,CHIRINJEEV,KATHURIA,,MONTGOMERY,15,REPUBLICAN,REP
GP 2004,UNITED STATES SENATOR,1,7656,CHIRINJEEV,KATHURIA,,JEFFERSON,11,REPUBLICAN,REP
GP 2004,UNITED STATES SENATOR,1,7656,CHIRINJEEV,KATHURIA,,PUTNAM,1,REPUBLICAN,REP
GP 2004,UNITED STATES SENATOR,1,7656,CHIRINJEEV,KATHURIA,,WABASH,9,REPUBLICAN,REP
GP 2004,UNITED STATES SENATOR,1,7656,CHIRINJEEV,KATHURIA,,MADISON,79,REPUBLICAN,REP
GP 2004,UNITED STATES SENATOR,1,7656,CHIRINJEEV,KATHURIA,,GRUNDY,18,REPUBLICAN,REP
GP 2004,UNITED STATES SENATOR,1,7656,CHIRINJEEV,KATHURIA,,JoDAVIESS,66,REPUBLICAN,REP
GP 2004,UNITED STATES SENATOR,1,7656,CHIRINJEEV,KATHURIA,,TAZEWELL,38,REPUBLICAN,REP
GP 2004,UNITED STATES SENATOR,1,7656,CHIRINJEEV,KATHURIA,,SANGAMON,78,REPUBLICAN,REP
GP 2004,UNITED STATES SENATOR,1,7656,CHIRINJEEV,KATHURIA,,EFFINGHAM,15,REPUBLICAN,REP
GP 2004,UNITED STATES SENATOR,1,7656,CHIRINJEEV,KATHURIA,,LAKE,348,REPUBLICAN,REP
GP 2004,UNITED STATES SENATOR,1,7656,CHIRINJEEV,KATHURIA,,LaSALLE,35,REPUBLICAN,REP
GP 2004,UNITED STATES SENATOR,1,7656,CHIRINJEEV,KATHURIA,,HENRY,37,REPUBLICAN,REP
GP 2004,UNITED STATES SENATOR,1,7656,CHIRINJEEV,KATHURIA,,McDONOUGH,39,REPUBLICAN,REP
GP 2004,UNITED STATES SENATOR,1,7656,CHIRINJEEV,KATHURIA,,CHAMPAIGN,154,REPUBLICAN,REP
GP 2004,UNITED STATES SENATOR,1,7656,CHIRINJEEV,KATHURIA,,SCOTT,4,REPUBLICAN,REP
GP 2004,UNITED STATES SENATOR,1,7656,CHIRINJEEV,KATHURIA,,CARROLL,10,REPUBLICAN,REP
GP 2004,UNITED STATES SENATOR,1,7656,CHIRINJEEV,KATHURIA,,MACON,9,REPUBLICAN,REP
GP 2004,UNITED STATES SENATOR,1,7656,CHIRINJEEV,KATHURIA,,POPE,5,REPUBLICAN,REP
GP 2004,UNITED STATES SENATOR,1,7656,CHIRINJEEV,KATHURIA,,KNOX,23,REPUBLICAN,REP
GP 2004,UNITED STATES SENATOR,1,7656,CHIRINJEEV,KATHURIA,,MOULTRIE,3,REPUBLICAN,REP
GP 2004,UNITED STATES SENATOR,1,7656,CHIRINJEEV,KATHURIA,,PEORIA,50,REPUBLICAN,REP
GP 2004,UNITED STATES SENATOR,1,7656,CHIRINJEEV,KATHURIA,,ADAMS,66,REPUBLICAN,REP
GP 2004,UNITED STATES SENATOR,1,7656,CHIRINJEEV,KATHURIA,,CUMBERLAND,3,REPUBLICAN,REP
GP 2004,UNITED STATES SENATOR,1,7656,CHIRINJEEV,KATHURIA,,WAYNE,8,REPUBLICAN,REP
GP 2004,UNITED STATES SENATOR,1,7656,CHIRINJEEV,KATHURIA,,KENDALL,33,REPUBLICAN,REP
GP 2004,UNITED STATES SENATOR,1,7656,CHIRINJEEV,KATHURIA,,KANKAKEE,23,REPUBLICAN,REP
GP 2004,UNITED STATES SENATOR,1,7656,CHIRINJEEV,KATHURIA,,BOONE,35,REPUBLICAN,REP
GP 2004,UNITED STATES SENATOR,1,7656,CHIRINJEEV,KATHURIA,,WINNEBAGO,67,REPUBLICAN,REP
GP 2004,UNITED STATES SENATOR,1,7656,CHIRINJEEV,KATHURIA,,CHRISTIAN,11,REPUBLICAN,REP
GP 2004,UNITED STATES SENATOR,1,7656,CHIRINJEEV,KATHURIA,,LAWRENCE,4,REPUBLICAN,REP
GP 2004,UNITED STATES SENATOR,1,7656,CHIRINJEEV,KATHURIA,,McHENRY,199,REPUBLICAN,REP
GP 2004,UNITED STATES SENATOR,1,7656,CHIRINJEEV,KATHURIA,,DeWITT,17,REPUBLICAN,REP
GP 2004,UNITED STATES SENATOR,1,7656,CHIRINJEEV,KATHURIA,,KANE,172,REPUBLICAN,REP
GP 2004,UNITED STATES SENATOR,1,7656,CHIRINJEEV,KATHURIA,,DeKALB,44,REPUBLICAN,REP
GP 2004,UNITED STATES SENATOR,1,7656,CHIRINJEEV,KATHURIA,,COOK,1145,REPUBLICAN,REP
GP 2004,UNITED STATES SENATOR,1,7656,CHIRINJEEV,KATHURIA,,McLEAN,108,REPUBLICAN,REP
GP 2004,UNITED STATES SENATOR,1,7656,CHIRINJEEV,KATHURIA,,UNION,1,REPUBLICAN,REP
GP 2004,UNITED STATES SENATOR,1,7656,CHIRINJEEV,KATHURIA,,ST. CLAIR,75,REPUBLICAN,REP
GP 2004,UNITED STATES SENATOR,1,7656,CHIRINJEEV,KATHURIA,,VERMILION,24,REPUBLICAN,REP
GP 2004,UNITED STATES SENATOR,1,7656,CHIRINJEEV,KATHURIA,,ALEXANDER,6,REPUBLICAN,REP
GP 2004,UNITED STATES SENATOR,1,7656,CHIRINJEEV,KATHURIA,,PULASKI,3,REPUBLICAN,REP
GP 2004,UNITED STATES SENATOR,1,7656,CHIRINJEEV,KATHURIA,,DuPAGE,1087,REPUBLICAN,REP
GP 2004,14TH REPRESENTATIVE,1,7657,HARRY,OSTERMAN,,COOK,11949,DEMOCRATIC,DEM
GP 2004,16TH REPRESENTATIVE,1,7658,MICHAEL CHARLES,MOSES,,COOK,5304,DEMOCRATIC,DEM
GP 2004,1ST SUBCIRCUIT - A VACANCY,1,7660,ROBERT,BALANOFF,,COOK,19498,DEMOCRATIC,DEM
GP 2004,32ND REPRESENTATIVE,1,7661,CHARLES G.,MORROW III,,COOK,5994,DEMOCRATIC,DEM
GP 2004,9TH SUBCIRCUIT - HIMEL VACANCY,1,7662,HENRY M.,SINGER,,COOK,12210,DEMOCRATIC,DEM
GP 2004,15TH CONGRESS,1,7663,RALPH L.,"LANGENHEIM, JR",,EDGAR,162,DEMOCRATIC,DEM
GP 2004,15TH CONGRESS,1,7663,RALPH L.,"LANGENHEIM, JR",,FORD,94,DEMOCRATIC,DEM
GP 2004,15TH CONGRESS,1,7663,RALPH L.,"LANGENHEIM, JR",,IROQUOIS,243,DEMOCRATIC,DEM
GP 2004,15TH CONGRESS,1,7663,RALPH L.,"LANGENHEIM, JR",,LIVINGSTON,368,DEMOCRATIC,DEM
GP 2004,15TH CONGRESS,1,7663,RALPH L.,"LANGENHEIM, JR",,PIATT,231,DEMOCRATIC,DEM
GP 2004,15TH CONGRESS,1,7663,RALPH L.,"LANGENHEIM, JR",,DOUGLAS,178,DEMOCRATIC,DEM
GP 2004,15TH CONGRESS,1,7663,RALPH L.,"LANGENHEIM, JR",,COLES,462,DEMOCRATIC,DEM
GP 2004,15TH CONGRESS,1,7663,RALPH L.,"LANGENHEIM, JR",,EDWARDS,5,DEMOCRATIC,DEM
GP 2004,15TH CONGRESS,1,7663,RALPH L.,"LANGENHEIM, JR",,WHITE,80,DEMOCRATIC,DEM
GP 2004,15TH CONGRESS,1,7663,RALPH L.,"LANGENHEIM, JR",,CRAWFORD,124,DEMOCRATIC,DEM
GP 2004,15TH CONGRESS,1,7663,RALPH L.,"LANGENHEIM, JR",,SALINE,171,DEMOCRATIC,DEM
GP 2004,15TH CONGRESS,1,7663,RALPH L.,"LANGENHEIM, JR",,CLARK,121,DEMOCRATIC,DEM
GP 2004,15TH CONGRESS,1,7663,RALPH L.,"LANGENHEIM, JR",,GALLATIN,29,DEMOCRATIC,DEM
GP 2004,15TH CONGRESS,1,7663,RALPH L.,"LANGENHEIM, JR",,WABASH,115,DEMOCRATIC,DEM
GP 2004,15TH CONGRESS,1,7663,RALPH L.,"LANGENHEIM, JR",,CHAMPAIGN,2315,DEMOCRATIC,DEM
GP 2004,15TH CONGRESS,1,7663,RALPH L.,"LANGENHEIM, JR",,MACON,404,DEMOCRATIC,DEM
GP 2004,15TH CONGRESS,1,7663,RALPH L.,"LANGENHEIM, JR",,MOULTRIE,211,DEMOCRATIC,DEM
GP 2004,15TH CONGRESS,1,7663,RALPH L.,"LANGENHEIM, JR",,CUMBERLAND,197,DEMOCRATIC,DEM
GP 2004,15TH CONGRESS,1,7663,RALPH L.,"LANGENHEIM, JR",,LAWRENCE,84,DEMOCRATIC,DEM
GP 2004,15TH CONGRESS,1,7663,RALPH L.,"LANGENHEIM, JR",,DeWITT,192,DEMOCRATIC,DEM
GP 2004,15TH CONGRESS,1,7663,RALPH L.,"LANGENHEIM, JR",,McLEAN,766,DEMOCRATIC,DEM
GP 2004,15TH CONGRESS,1,7663,RALPH L.,"LANGENHEIM, JR",,VERMILION,1013,DEMOCRATIC,DEM
GP 2004,70TH REPRESENTATIVE,1,7664,JOSEPH M.,WIEGAND,,OGLE,1035,REPUBLICAN,REP
GP 2004,70TH REPRESENTATIVE,1,7664,JOSEPH M.,WIEGAND,,LaSALLE,313,REPUBLICAN,REP
GP 2004,70TH REPRESENTATIVE,1,7664,JOSEPH M.,WIEGAND,,DeKALB,3582,REPUBLICAN,REP
GP 2004,COOK CIRCUIT- ORLANDO VACANCY,1,7665,DENISE Y.,STANIEC,,COOK,54159,DEMOCRATIC,DEM
GP 2004,5TH CIRCUIT- COCHONOUR VACANCY,1,7666,KENNETH R.,"GANO, JR.",,CUMBERLAND,169,DEMOCRATIC,DEM
GP 2004,118TH REPRESENTATIVE,1,7667,BRANDON W.,PHELPS,,HARDIN,716,DEMOCRATIC,DEM
GP 2004,118TH REPRESENTATIVE,1,7667,BRANDON W.,PHELPS,,JOHNSON,1048,DEMOCRATIC,DEM
GP 2004,118TH REPRESENTATIVE,1,7667,BRANDON W.,PHELPS,,HAMILTON,305,DEMOCRATIC,DEM
GP 2004,118TH REPRESENTATIVE,1,7667,BRANDON W.,PHELPS,,WHITE,563,DEMOCRATIC,DEM
GP 2004,118TH REPRESENTATIVE,1,7667,BRANDON W.,PHELPS,,SALINE,3803,DEMOCRATIC,DEM
GP 2004,118TH REPRESENTATIVE,1,7667,BRANDON W.,PHELPS,,MASSAC,933,DEMOCRATIC,DEM
GP 2004,118TH REPRESENTATIVE,1,7667,BRANDON W.,PHELPS,,GALLATIN,1624,DEMOCRATIC,DEM
GP 2004,118TH REPRESENTATIVE,1,7667,BRANDON W.,PHELPS,,POPE,532,DEMOCRATIC,DEM
GP 2004,118TH REPRESENTATIVE,1,7667,BRANDON W.,PHELPS,,UNION,2227,DEMOCRATIC,DEM
GP 2004,118TH REPRESENTATIVE,1,7667,BRANDON W.,PHELPS,,ALEXANDER,1224,DEMOCRATIC,DEM
GP 2004,118TH REPRESENTATIVE,1,7667,BRANDON W.,PHELPS,,PULASKI,562,DEMOCRATIC,DEM
GP 2004,4TH CIRCUIT - DUKE VACANCY,1,7668,ALAN,BUCK,,CLAY,876,DEMOCRATIC,DEM
GP 2004,COOK CIRCUIT- SIRACUSA VACANCY,1,7670,MARY LOU RYAN,NORWELL,,COOK,35738,DEMOCRATIC,DEM
GP 2004,44TH REPRESENTATIVE,1,7672,TERRY R.,PARKE,,COOK,2748,REPUBLICAN,REP
GP 2004,BROWN/CASS/MORGAN/SCOTT- SUPERINTENDENT OF SCHOOLS,1,7673,STEPHEN,BREESE,,BROWN,188,DEMOCRATIC,DEM
GP 2004,BROWN/CASS/MORGAN/SCOTT- SUPERINTENDENT OF SCHOOLS,1,7673,STEPHEN,BREESE,,GREENE,0,DEMOCRATIC,DEM
GP 2004,BROWN/CASS/MORGAN/SCOTT- SUPERINTENDENT OF SCHOOLS,1,7673,STEPHEN,BREESE,,MENARD,0,DEMOCRATIC,DEM
GP 2004,BROWN/CASS/MORGAN/SCOTT- SUPERINTENDENT OF SCHOOLS,1,7673,STEPHEN,BREESE,,MACOUPIN,0,DEMOCRATIC,DEM
GP 2004,BROWN/CASS/MORGAN/SCOTT- SUPERINTENDENT OF SCHOOLS,1,7673,STEPHEN,BREESE,,PIKE,27,DEMOCRATIC,DEM
GP 2004,BROWN/CASS/MORGAN/SCOTT- SUPERINTENDENT OF SCHOOLS,1,7673,STEPHEN,BREESE,,CASS,831,DEMOCRATIC,DEM
GP 2004,BROWN/CASS/MORGAN/SCOTT- SUPERINTENDENT OF SCHOOLS,1,7673,STEPHEN,BREESE,,MORGAN,943,DEMOCRATIC,DEM
GP 2004,BROWN/CASS/MORGAN/SCOTT- SUPERINTENDENT OF SCHOOLS,1,7673,STEPHEN,BREESE,,SANGAMON,13,DEMOCRATIC,DEM
GP 2004,BROWN/CASS/MORGAN/SCOTT- SUPERINTENDENT OF SCHOOLS,1,7673,STEPHEN,BREESE,,SCOTT,270,DEMOCRATIC,DEM
GP 2004,5TH SUBCIRCUIT - COX VACANCY,1,7674,GINGER,MANCE,,COOK,2808,DEMOCRATIC,DEM
GP 2004,8TH REPRESENTATIVE,1,7675,JAMES T.,SMITH,,COOK,4021,DEMOCRATIC,DEM
GP 2004,11TH SUBCIRCUIT - SMITH VACANCY,1,7676,LAWRENCE,ANDOLINO,,COOK,19200,DEMOCRATIC,DEM
GP 2004,2ND CONGRESS,1,7679,JESSE L.,JACKSON JR.,,WILL,1611,DEMOCRATIC,DEM
GP 2004,2ND CONGRESS,1,7679,JESSE L.,JACKSON JR.,,COOK,104895,DEMOCRATIC,DEM
GP 2004,13TH SUBCIRCUIT - A VACANCY,1,7680,JAMES E.,MACHOLL,,COOK,1524,REPUBLICAN,REP
GP 2004,11TH CONGRESS,1,7681,TARI,RENNER,,LIVINGSTON,12,DEMOCRATIC,DEM
GP 2004,11TH CONGRESS,1,7681,TARI,RENNER,,WOODFORD,72,DEMOCRATIC,DEM
GP 2004,11TH CONGRESS,1,7681,TARI,RENNER,,BUREAU,1378,DEMOCRATIC,DEM
GP 2004,11TH CONGRESS,1,7681,TARI,RENNER,,WILL,18403,DEMOCRATIC,DEM
GP 2004,11TH CONGRESS,1,7681,TARI,RENNER,,GRUNDY,2339,DEMOCRATIC,DEM
GP 2004,11TH CONGRESS,1,7681,TARI,RENNER,,LaSALLE,6151,DEMOCRATIC,DEM
GP 2004,11TH CONGRESS,1,7681,TARI,RENNER,,KANKAKEE,4842,DEMOCRATIC,DEM
GP 2004,11TH CONGRESS,1,7681,TARI,RENNER,,McLEAN,3548,DEMOCRATIC,DEM
GP 2004,5TH CIRCUIT- COCHONOUR VACANCY,1,7682,JOHN L.,BARGER,,CUMBERLAND,546,DEMOCRATIC,DEM
GP 2004,19TH CONGRESS,1,7683,JOHN M.,SHIMKUS,,CLAY,995,REPUBLICAN,REP
GP 2004,19TH CONGRESS,1,7683,JOHN M.,SHIMKUS,,HARDIN,469,REPUBLICAN,REP
GP 2004,19TH CONGRESS,1,7683,JOHN M.,SHIMKUS,,JERSEY,856,REPUBLICAN,REP
GP 2004,19TH CONGRESS,1,7683,JOHN M.,SHIMKUS,,RICHLAND,1520,REPUBLICAN,REP
GP 2004,19TH CONGRESS,1,7683,JOHN M.,SHIMKUS,,WASHINGTON,1261,REPUBLICAN,REP
GP 2004,19TH CONGRESS,1,7683,JOHN M.,SHIMKUS,,BOND,951,REPUBLICAN,REP
GP 2004,19TH CONGRESS,1,7683,JOHN M.,SHIMKUS,,CLINTON,1308,REPUBLICAN,REP
GP 2004,19TH CONGRESS,1,7683,JOHN M.,SHIMKUS,,JASPER,589,REPUBLICAN,REP
GP 2004,19TH CONGRESS,1,7683,JOHN M.,SHIMKUS,,GREENE,338,REPUBLICAN,REP
GP 2004,19TH CONGRESS,1,7683,JOHN M.,SHIMKUS,,JOHNSON,1557,REPUBLICAN,REP
GP 2004,19TH CONGRESS,1,7683,JOHN M.,SHIMKUS,,WILLIAMSON,189,REPUBLICAN,REP
GP 2004,19TH CONGRESS,1,7683,JOHN M.,SHIMKUS,,HAMILTON,622,REPUBLICAN,REP
GP 2004,19TH CONGRESS,1,7683,JOHN M.,SHIMKUS,,SHELBY,1100,REPUBLICAN,REP
GP 2004,19TH CONGRESS,1,7683,JOHN M.,SHIMKUS,,EDWARDS,876,REPUBLICAN,REP
GP 2004,19TH CONGRESS,1,7683,JOHN M.,SHIMKUS,,WHITE,693,REPUBLICAN,REP
GP 2004,19TH CONGRESS,1,7683,JOHN M.,SHIMKUS,,FAYETTE,1437,REPUBLICAN,REP
GP 2004,19TH CONGRESS,1,7683,JOHN M.,SHIMKUS,,MARION,1636,REPUBLICAN,REP
GP 2004,19TH CONGRESS,1,7683,JOHN M.,SHIMKUS,,SALINE,1539,REPUBLICAN,REP
GP 2004,19TH CONGRESS,1,7683,JOHN M.,SHIMKUS,,MASSAC,1560,REPUBLICAN,REP
GP 2004,19TH CONGRESS,1,7683,JOHN M.,SHIMKUS,,GALLATIN,167,REPUBLICAN,REP
GP 2004,19TH CONGRESS,1,7683,JOHN M.,SHIMKUS,,MONTGOMERY,651,REPUBLICAN,REP
GP 2004,19TH CONGRESS,1,7683,JOHN M.,SHIMKUS,,JEFFERSON,1480,REPUBLICAN,REP
GP 2004,19TH CONGRESS,1,7683,JOHN M.,SHIMKUS,,WABASH,173,REPUBLICAN,REP
GP 2004,19TH CONGRESS,1,7683,JOHN M.,SHIMKUS,,MADISON,5480,REPUBLICAN,REP
GP 2004,19TH CONGRESS,1,7683,JOHN M.,SHIMKUS,,SANGAMON,5000,REPUBLICAN,REP
GP 2004,19TH CONGRESS,1,7683,JOHN M.,SHIMKUS,,EFFINGHAM,2497,REPUBLICAN,REP
GP 2004,19TH CONGRESS,1,7683,JOHN M.,SHIMKUS,,POPE,571,REPUBLICAN,REP
GP 2004,19TH CONGRESS,1,7683,JOHN M.,SHIMKUS,,WAYNE,1691,REPUBLICAN,REP
GP 2004,19TH CONGRESS,1,7683,JOHN M.,SHIMKUS,,CHRISTIAN,1278,REPUBLICAN,REP
GP 2004,19TH CONGRESS,1,7683,JOHN M.,SHIMKUS,,LAWRENCE,408,REPUBLICAN,REP
GP 2004,COOK CIRCUIT- SIRACUSA VACANCY,1,7684,MARY BETH,DUFFY,,COOK,60761,DEMOCRATIC,DEM
GP 2004,17TH CONGRESS,1,7689,LANE A.,EVANS,,JERSEY,159,DEMOCRATIC,DEM
GP 2004,17TH CONGRESS,1,7689,LANE A.,EVANS,,GREENE,346,DEMOCRATIC,DEM
GP 2004,17TH CONGRESS,1,7689,LANE A.,EVANS,,MERCER,1279,DEMOCRATIC,DEM
GP 2004,17TH CONGRESS,1,7689,LANE A.,EVANS,,FULTON,6025,DEMOCRATIC,DEM
GP 2004,17TH CONGRESS,1,7689,LANE A.,EVANS,,HANCOCK,656,DEMOCRATIC,DEM
GP 2004,17TH CONGRESS,1,7689,LANE A.,EVANS,,MACOUPIN,5742,DEMOCRATIC,DEM
GP 2004,17TH CONGRESS,1,7689,LANE A.,EVANS,,SHELBY,189,DEMOCRATIC,DEM
GP 2004,17TH CONGRESS,1,7689,LANE A.,EVANS,,WARREN,651,DEMOCRATIC,DEM
GP 2004,17TH CONGRESS,1,7689,LANE A.,EVANS,,PIKE,248,DEMOCRATIC,DEM
GP 2004,17TH CONGRESS,1,7689,LANE A.,EVANS,,HENDERSON,388,DEMOCRATIC,DEM
GP 2004,17TH CONGRESS,1,7689,LANE A.,EVANS,,ROCK ISLAND,11356,DEMOCRATIC,DEM
GP 2004,17TH CONGRESS,1,7689,LANE A.,EVANS,,WHITESIDE,1002,DEMOCRATIC,DEM
GP 2004,17TH CONGRESS,1,7689,LANE A.,EVANS,,FAYETTE,131,DEMOCRATIC,DEM
GP 2004,17TH CONGRESS,1,7689,LANE A.,EVANS,,CALHOUN,336,DEMOCRATIC,DEM
GP 2004,17TH CONGRESS,1,7689,LANE A.,EVANS,,MONTGOMERY,1244,DEMOCRATIC,DEM
GP 2004,17TH CONGRESS,1,7689,LANE A.,EVANS,,MADISON,322,DEMOCRATIC,DEM
GP 2004,17TH CONGRESS,1,7689,LANE A.,EVANS,,SANGAMON,1262,DEMOCRATIC,DEM
GP 2004,17TH CONGRESS,1,7689,LANE A.,EVANS,,HENRY,1106,DEMOCRATIC,DEM
GP 2004,17TH CONGRESS,1,7689,LANE A.,EVANS,,McDONOUGH,1603,DEMOCRATIC,DEM
GP 2004,17TH CONGRESS,1,7689,LANE A.,EVANS,,MACON,5119,DEMOCRATIC,DEM
GP 2004,17TH CONGRESS,1,7689,LANE A.,EVANS,,KNOX,2773,DEMOCRATIC,DEM
GP 2004,17TH CONGRESS,1,7689,LANE A.,EVANS,,ADAMS,4039,DEMOCRATIC,DEM
GP 2004,17TH CONGRESS,1,7689,LANE A.,EVANS,,CHRISTIAN,352,DEMOCRATIC,DEM
GP 2004,4TH SUBCIRCUIT - A VACANCY,1,7690,EDWARD J.,BARRETT,,COOK,9855,DEMOCRATIC,DEM
GP 2004,21ST REPRESENTATIVE,1,7691,MARTIN J.,RYAN,,COOK,3159,REPUBLICAN,REP
GP 2004,5TH CIRCUIT- COCHONOUR VACANCY,1,7692,MILLARD S.,EVERHART,,CUMBERLAND,683,REPUBLICAN,REP
GP 2004,COOK CIRCUIT- O'MALLEY VACANCY,1,7693,KATHLEEN MARIE,BURKE,,COOK,129348,DEMOCRATIC,DEM
GP 2004,COOK CIRCUIT- SALYERS VACANCY,1,7696,JEANNE MARIE,REYNOLDS,,COOK,79739,DEMOCRATIC,DEM
GP 2004,3RD CIRCUIT - O'NEILL VACANCY,1,7703,DANIEL J.,STACK,,BOND,737,DEMOCRATIC,DEM
GP 2004,3RD CIRCUIT - O'NEILL VACANCY,1,7703,DANIEL J.,STACK,,MADISON,18180,DEMOCRATIC,DEM
GP 2004,2ND CONGRESS,1,7705,ANTHONY W.,WILLIAMS,,WILL,78,DEMOCRATIC,DEM
GP 2004,2ND CONGRESS,1,7705,ANTHONY W.,WILLIAMS,,COOK,5081,DEMOCRATIC,DEM
GP 2004,6TH CONGRESS,1,7706,TOM,BERRY,,COOK,2898,DEMOCRATIC,DEM
GP 2004,6TH CONGRESS,1,7706,TOM,BERRY,,DuPAGE,10007,DEMOCRATIC,DEM
GP 2004,8TH CIRCUIT- WELCH VACANCY,1,7708,MRS. ANITA,RODRIGUEZ,,BROWN,87,REPUBLICAN,REP
GP 2004,8TH CIRCUIT- WELCH VACANCY,1,7708,MRS. ANITA,RODRIGUEZ,,SCHUYLER,152,REPUBLICAN,REP
GP 2004,8TH CIRCUIT- WELCH VACANCY,1,7708,MRS. ANITA,RODRIGUEZ,,MENARD,901,REPUBLICAN,REP
GP 2004,8TH CIRCUIT- WELCH VACANCY,1,7708,MRS. ANITA,RODRIGUEZ,,MASON,299,REPUBLICAN,REP
GP 2004,8TH CIRCUIT- WELCH VACANCY,1,7708,MRS. ANITA,RODRIGUEZ,,PIKE,600,REPUBLICAN,REP
GP 2004,8TH CIRCUIT- WELCH VACANCY,1,7708,MRS. ANITA,RODRIGUEZ,,CASS,213,REPUBLICAN,REP
GP 2004,8TH CIRCUIT- WELCH VACANCY,1,7708,MRS. ANITA,RODRIGUEZ,,CALHOUN,47,REPUBLICAN,REP
GP 2004,8TH CIRCUIT- WELCH VACANCY,1,7708,MRS. ANITA,RODRIGUEZ,,ADAMS,2573,REPUBLICAN,REP
GP 2004,32ND SENATE,1,7709,PAMELA J.,ALTHOFF,,McHENRY,21268,REPUBLICAN,REP
GP 2004,2ND CONGRESS,1,7710,EVERETT DRAYDEN,SHUMPERT,,WILL,17,DEMOCRATIC,DEM
GP 2004,2ND CONGRESS,1,7710,EVERETT DRAYDEN,SHUMPERT,,COOK,1499,DEMOCRATIC,DEM
GP 2004,COOK CIRCUIT- SIRACUSA VACANCY,1,7711,EDWIN JON,BELZ,,COOK,21676,DEMOCRATIC,DEM
GP 2004,8TH CONGRESS,1,7712,DAVID W.,PHELPS,,LAKE,9027,REPUBLICAN,REP
GP 2004,8TH CONGRESS,1,7712,DAVID W.,PHELPS,,McHENRY,3993,REPUBLICAN,REP
GP 2004,8TH CONGRESS,1,7712,DAVID W.,PHELPS,,COOK,3126,REPUBLICAN,REP
GP 2004,5TH CONGRESS,1,7713,BRUCE,BEST,,COOK,10148,REPUBLICAN,REP
GP 2004,59TH SENATE,1,7715,RON,SUMMERS,,HARDIN,464,REPUBLICAN,REP
GP 2004,59TH SENATE,1,7715,RON,SUMMERS,,JOHNSON,1347,REPUBLICAN,REP
GP 2004,59TH SENATE,1,7715,RON,SUMMERS,,WILLIAMSON,2294,REPUBLICAN,REP
GP 2004,59TH SENATE,1,7715,RON,SUMMERS,,HAMILTON,380,REPUBLICAN,REP
GP 2004,59TH SENATE,1,7715,RON,SUMMERS,,WHITE,290,REPUBLICAN,REP
GP 2004,59TH SENATE,1,7715,RON,SUMMERS,,FRANKLIN,1303,REPUBLICAN,REP
GP 2004,59TH SENATE,1,7715,RON,SUMMERS,,SALINE,1581,REPUBLICAN,REP
GP 2004,59TH SENATE,1,7715,RON,SUMMERS,,MASSAC,1331,REPUBLICAN,REP
GP 2004,59TH SENATE,1,7715,RON,SUMMERS,,GALLATIN,192,REPUBLICAN,REP
GP 2004,59TH SENATE,1,7715,RON,SUMMERS,,POPE,522,REPUBLICAN,REP
GP 2004,59TH SENATE,1,7715,RON,SUMMERS,,UNION,440,REPUBLICAN,REP
GP 2004,59TH SENATE,1,7715,RON,SUMMERS,,ALEXANDER,238,REPUBLICAN,REP
GP 2004,59TH SENATE,1,7715,RON,SUMMERS,,PULASKI,522,REPUBLICAN,REP
GP 2004,105TH REPRESENTATIVE,1,7716,SHANE,CULTRA,,FORD,1296,REPUBLICAN,REP
GP 2004,105TH REPRESENTATIVE,1,7716,SHANE,CULTRA,,IROQUOIS,2355,REPUBLICAN,REP
GP 2004,105TH REPRESENTATIVE,1,7716,SHANE,CULTRA,,LIVINGSTON,2630,REPUBLICAN,REP
GP 2004,105TH REPRESENTATIVE,1,7716,SHANE,CULTRA,,CHAMPAIGN,3060,REPUBLICAN,REP
GP 2004,105TH REPRESENTATIVE,1,7716,SHANE,CULTRA,,McLEAN,692,REPUBLICAN,REP
GP 2004,105TH REPRESENTATIVE,1,7716,SHANE,CULTRA,,VERMILION,521,REPUBLICAN,REP
GP 2004,12TH CONGRESS,1,7717,KENNETH CHARLES,WIEZER,,PERRY,163,DEMOCRATIC,DEM
GP 2004,12TH CONGRESS,1,7717,KENNETH CHARLES,WIEZER,,WILLIAMSON,319,DEMOCRATIC,DEM
GP 2004,12TH CONGRESS,1,7717,KENNETH CHARLES,WIEZER,,MONROE,108,DEMOCRATIC,DEM
GP 2004,12TH CONGRESS,1,7717,KENNETH CHARLES,WIEZER,,JACKSON,435,DEMOCRATIC,DEM
GP 2004,12TH CONGRESS,1,7717,KENNETH CHARLES,WIEZER,,FRANKLIN,656,DEMOCRATIC,DEM
GP 2004,12TH CONGRESS,1,7717,KENNETH CHARLES,WIEZER,,RANDOLPH,260,DEMOCRATIC,DEM
GP 2004,12TH CONGRESS,1,7717,KENNETH CHARLES,WIEZER,,MADISON,1042,DEMOCRATIC,DEM
GP 2004,12TH CONGRESS,1,7717,KENNETH CHARLES,WIEZER,,UNION,324,DEMOCRATIC,DEM
GP 2004,12TH CONGRESS,1,7717,KENNETH CHARLES,WIEZER,,ST. CLAIR,2835,DEMOCRATIC,DEM
GP 2004,12TH CONGRESS,1,7717,KENNETH CHARLES,WIEZER,,ALEXANDER,92,DEMOCRATIC,DEM
GP 2004,12TH CONGRESS,1,7717,KENNETH CHARLES,WIEZER,,PULASKI,31,DEMOCRATIC,DEM
GP 2004,5TH CIRCUIT- WALLER VACANCY,1,7718,WILLIAM R.,TAPELLA,,COLES,2013,DEMOCRATIC,DEM
GP 2004,9TH REPRESENTATIVE,1,7719,MARY,COLLINS,,COOK,5239,DEMOCRATIC,DEM
GP 2004,12TH CONGRESS,1,7720,ERIN R.,ZWEIGART,,PERRY,835,REPUBLICAN,REP
GP 2004,12TH CONGRESS,1,7720,ERIN R.,ZWEIGART,,WILLIAMSON,2022,REPUBLICAN,REP
GP 2004,12TH CONGRESS,1,7720,ERIN R.,ZWEIGART,,MONROE,1070,REPUBLICAN,REP
GP 2004,12TH CONGRESS,1,7720,ERIN R.,ZWEIGART,,JACKSON,2030,REPUBLICAN,REP
GP 2004,12TH CONGRESS,1,7720,ERIN R.,ZWEIGART,,FRANKLIN,1171,REPUBLICAN,REP
GP 2004,12TH CONGRESS,1,7720,ERIN R.,ZWEIGART,,RANDOLPH,822,REPUBLICAN,REP
GP 2004,12TH CONGRESS,1,7720,ERIN R.,ZWEIGART,,MADISON,1739,REPUBLICAN,REP
GP 2004,12TH CONGRESS,1,7720,ERIN R.,ZWEIGART,,UNION,783,REPUBLICAN,REP
GP 2004,12TH CONGRESS,1,7720,ERIN R.,ZWEIGART,,ST. CLAIR,7541,REPUBLICAN,REP
GP 2004,12TH CONGRESS,1,7720,ERIN R.,ZWEIGART,,ALEXANDER,238,REPUBLICAN,REP
GP 2004,12TH CONGRESS,1,7720,ERIN R.,ZWEIGART,,PULASKI,463,REPUBLICAN,REP
GP 2004,10TH CONGRESS,1,7721,LEE,GOODMAN,,LAKE,16344,DEMOCRATIC,DEM
GP 2004,10TH CONGRESS,1,7721,LEE,GOODMAN,,COOK,18144,DEMOCRATIC,DEM
GP 2004,36TH REPRESENTATIVE,1,7722,JASON E.,TABOUR,,COOK,3338,REPUBLICAN,REP
GP 2004,68TH REPRESENTATIVE,1,7723,DAVE,WINTERS,,WINNEBAGO,8025,REPUBLICAN,REP
GP 2004,"14TH CIRCUIT- CONWAY, JR. VACANCY",1,7724,THOMAS E.,CADY,,MERCER,807,REPUBLICAN,REP
GP 2004,104TH REPRESENTATIVE,1,7726,"WILLIAM B. ""BILL""",BLACK,,CHAMPAIGN,3537,REPUBLICAN,REP
GP 2004,104TH REPRESENTATIVE,1,7726,"WILLIAM B. ""BILL""",BLACK,,VERMILION,3622,REPUBLICAN,REP
GP 2004,PRAIRIE DUPONT LEVEE AND SANITARY DISTRICT,5,7727,STEVE R.,FOUTCH,,MONROE,1,DEMOCRATIC,DEM
GP 2004,PRAIRIE DUPONT LEVEE AND SANITARY DISTRICT,5,7727,STEVE R.,FOUTCH,,ST. CLAIR,347,DEMOCRATIC,DEM
GP 2004,PRAIRIE DUPONT LEVEE AND SANITARY DISTRICT,5,7728,JULE G.,LEVIN,,MONROE,1,DEMOCRATIC,DEM
GP 2004,PRAIRIE DUPONT LEVEE AND SANITARY DISTRICT,5,7728,JULE G.,LEVIN,,ST. CLAIR,349,DEMOCRATIC,DEM
GP 2004,PRAIRIE DUPONT LEVEE AND SANITARY DISTRICT,5,7729,MICHAEL H.,LINDHORST,,MONROE,1,DEMOCRATIC,DEM
GP 2004,PRAIRIE DUPONT LEVEE AND SANITARY DISTRICT,5,7729,MICHAEL H.,LINDHORST,,ST. CLAIR,341,DEMOCRATIC,DEM
GP 2004,PRAIRIE DUPONT LEVEE AND SANITARY DISTRICT,5,7730,DAVID E.,WALSTER,,MONROE,1,DEMOCRATIC,DEM
GP 2004,PRAIRIE DUPONT LEVEE AND SANITARY DISTRICT,5,7730,DAVID E.,WALSTER,,ST. CLAIR,352,DEMOCRATIC,DEM
GP 2004,PRAIRIE DUPONT LEVEE AND SANITARY DISTRICT,5,7731,MICHAEL E.,SULLIVAN,,MONROE,1,DEMOCRATIC,DEM
GP 2004,PRAIRIE DUPONT LEVEE AND SANITARY DISTRICT,5,7731,MICHAEL E.,SULLIVAN,,ST. CLAIR,377,DEMOCRATIC,DEM
GP 2004,19TH CONGRESS,1,7732,TIM,BAGWELL,,CLAY,649,DEMOCRATIC,DEM
GP 2004,19TH CONGRESS,1,7732,TIM,BAGWELL,,HARDIN,289,DEMOCRATIC,DEM
GP 2004,19TH CONGRESS,1,7732,TIM,BAGWELL,,JERSEY,503,DEMOCRATIC,DEM
GP 2004,19TH CONGRESS,1,7732,TIM,BAGWELL,,RICHLAND,553,DEMOCRATIC,DEM
GP 2004,19TH CONGRESS,1,7732,TIM,BAGWELL,,WASHINGTON,1121,DEMOCRATIC,DEM
GP 2004,19TH CONGRESS,1,7732,TIM,BAGWELL,,BOND,372,DEMOCRATIC,DEM
GP 2004,19TH CONGRESS,1,7732,TIM,BAGWELL,,CLINTON,1097,DEMOCRATIC,DEM
GP 2004,19TH CONGRESS,1,7732,TIM,BAGWELL,,JASPER,659,DEMOCRATIC,DEM
GP 2004,19TH CONGRESS,1,7732,TIM,BAGWELL,,GREENE,368,DEMOCRATIC,DEM
GP 2004,19TH CONGRESS,1,7732,TIM,BAGWELL,,JOHNSON,852,DEMOCRATIC,DEM
GP 2004,19TH CONGRESS,1,7732,TIM,BAGWELL,,WILLIAMSON,99,DEMOCRATIC,DEM
GP 2004,19TH CONGRESS,1,7732,TIM,BAGWELL,,HAMILTON,960,DEMOCRATIC,DEM
GP 2004,19TH CONGRESS,1,7732,TIM,BAGWELL,,SHELBY,1679,DEMOCRATIC,DEM
GP 2004,19TH CONGRESS,1,7732,TIM,BAGWELL,,EDWARDS,134,DEMOCRATIC,DEM
GP 2004,19TH CONGRESS,1,7732,TIM,BAGWELL,,WHITE,841,DEMOCRATIC,DEM
GP 2004,19TH CONGRESS,1,7732,TIM,BAGWELL,,FAYETTE,511,DEMOCRATIC,DEM
GP 2004,19TH CONGRESS,1,7732,TIM,BAGWELL,,MARION,3238,DEMOCRATIC,DEM
GP 2004,19TH CONGRESS,1,7732,TIM,BAGWELL,,SALINE,1208,DEMOCRATIC,DEM
GP 2004,19TH CONGRESS,1,7732,TIM,BAGWELL,,MASSAC,736,DEMOCRATIC,DEM
GP 2004,19TH CONGRESS,1,7732,TIM,BAGWELL,,GALLATIN,581,DEMOCRATIC,DEM
GP 2004,19TH CONGRESS,1,7732,TIM,BAGWELL,,MONTGOMERY,793,DEMOCRATIC,DEM
GP 2004,19TH CONGRESS,1,7732,TIM,BAGWELL,,JEFFERSON,1884,DEMOCRATIC,DEM
GP 2004,19TH CONGRESS,1,7732,TIM,BAGWELL,,WABASH,79,DEMOCRATIC,DEM
GP 2004,19TH CONGRESS,1,7732,TIM,BAGWELL,,MADISON,7389,DEMOCRATIC,DEM
GP 2004,19TH CONGRESS,1,7732,TIM,BAGWELL,,SANGAMON,1833,DEMOCRATIC,DEM
GP 2004,19TH CONGRESS,1,7732,TIM,BAGWELL,,EFFINGHAM,1433,DEMOCRATIC,DEM
GP 2004,19TH CONGRESS,1,7732,TIM,BAGWELL,,POPE,444,DEMOCRATIC,DEM
GP 2004,19TH CONGRESS,1,7732,TIM,BAGWELL,,WAYNE,750,DEMOCRATIC,DEM
GP 2004,19TH CONGRESS,1,7732,TIM,BAGWELL,,CHRISTIAN,1494,DEMOCRATIC,DEM
GP 2004,19TH CONGRESS,1,7732,TIM,BAGWELL,,LAWRENCE,246,DEMOCRATIC,DEM
GP 2004,7TH CONGRESS,1,7733,ROBERT,DALLAS,,COOK,3191,DEMOCRATIC,DEM
GP 2004,91ST REPRESENTATIVE,1,7734,MICHAEL K.,SMITH,,FULTON,3333,DEMOCRATIC,DEM
GP 2004,91ST REPRESENTATIVE,1,7734,MICHAEL K.,SMITH,,TAZEWELL,3062,DEMOCRATIC,DEM
GP 2004,91ST REPRESENTATIVE,1,7734,MICHAEL K.,SMITH,,PEORIA,635,DEMOCRATIC,DEM
GP 2004,15TH CONGRESS,1,7735,TIM,JOHNSON,,EDGAR,1462,REPUBLICAN,REP
GP 2004,15TH CONGRESS,1,7735,TIM,JOHNSON,,FORD,1331,REPUBLICAN,REP
GP 2004,15TH CONGRESS,1,7735,TIM,JOHNSON,,IROQUOIS,2857,REPUBLICAN,REP
GP 2004,15TH CONGRESS,1,7735,TIM,JOHNSON,,LIVINGSTON,5495,REPUBLICAN,REP
GP 2004,15TH CONGRESS,1,7735,TIM,JOHNSON,,PIATT,1548,REPUBLICAN,REP
GP 2004,15TH CONGRESS,1,7735,TIM,JOHNSON,,DOUGLAS,2131,REPUBLICAN,REP
GP 2004,15TH CONGRESS,1,7735,TIM,JOHNSON,,COLES,2658,REPUBLICAN,REP
GP 2004,15TH CONGRESS,1,7735,TIM,JOHNSON,,EDWARDS,88,REPUBLICAN,REP
GP 2004,15TH CONGRESS,1,7735,TIM,JOHNSON,,WHITE,222,REPUBLICAN,REP
GP 2004,15TH CONGRESS,1,7735,TIM,JOHNSON,,CRAWFORD,1111,REPUBLICAN,REP
GP 2004,15TH CONGRESS,1,7735,TIM,JOHNSON,,SALINE,218,REPUBLICAN,REP
GP 2004,15TH CONGRESS,1,7735,TIM,JOHNSON,,CLARK,1021,REPUBLICAN,REP
GP 2004,15TH CONGRESS,1,7735,TIM,JOHNSON,,GALLATIN,44,REPUBLICAN,REP
GP 2004,15TH CONGRESS,1,7735,TIM,JOHNSON,,WABASH,641,REPUBLICAN,REP
GP 2004,15TH CONGRESS,1,7735,TIM,JOHNSON,,CHAMPAIGN,12451,REPUBLICAN,REP
GP 2004,15TH CONGRESS,1,7735,TIM,JOHNSON,,MACON,1266,REPUBLICAN,REP
GP 2004,15TH CONGRESS,1,7735,TIM,JOHNSON,,MOULTRIE,1078,REPUBLICAN,REP
GP 2004,15TH CONGRESS,1,7735,TIM,JOHNSON,,CUMBERLAND,767,REPUBLICAN,REP
GP 2004,15TH CONGRESS,1,7735,TIM,JOHNSON,,LAWRENCE,374,REPUBLICAN,REP
GP 2004,15TH CONGRESS,1,7735,TIM,JOHNSON,,DeWITT,2994,REPUBLICAN,REP
GP 2004,15TH CONGRESS,1,7735,TIM,JOHNSON,,McLEAN,9311,REPUBLICAN,REP
GP 2004,15TH CONGRESS,1,7735,TIM,JOHNSON,,VERMILION,4082,REPUBLICAN,REP
GP 2004,44TH SENATE,1,7736,WILLIAM E.,BRADY,,LOGAN,1771,REPUBLICAN,REP
GP 2004,44TH SENATE,1,7736,WILLIAM E.,BRADY,,TAZEWELL,3102,REPUBLICAN,REP
GP 2004,44TH SENATE,1,7736,WILLIAM E.,BRADY,,SANGAMON,716,REPUBLICAN,REP
GP 2004,44TH SENATE,1,7736,WILLIAM E.,BRADY,,MACON,2427,REPUBLICAN,REP
GP 2004,44TH SENATE,1,7736,WILLIAM E.,BRADY,,CHRISTIAN,354,REPUBLICAN,REP
GP 2004,44TH SENATE,1,7736,WILLIAM E.,BRADY,,DeWITT,2942,REPUBLICAN,REP
GP 2004,44TH SENATE,1,7736,WILLIAM E.,BRADY,,McLEAN,10147,REPUBLICAN,REP
GP 2004,11TH CONGRESS,1,7737,"GERALD C. ""JERRY""",WELLER,,LIVINGSTON,40,REPUBLICAN,REP
GP 2004,11TH CONGRESS,1,7737,"GERALD C. ""JERRY""",WELLER,,WOODFORD,364,REPUBLICAN,REP
GP 2004,11TH CONGRESS,1,7737,"GERALD C. ""JERRY""",WELLER,,BUREAU,2212,REPUBLICAN,REP
GP 2004,11TH CONGRESS,1,7737,"GERALD C. ""JERRY""",WELLER,,WILL,22429,REPUBLICAN,REP
GP 2004,11TH CONGRESS,1,7737,"GERALD C. ""JERRY""",WELLER,,GRUNDY,3754,REPUBLICAN,REP
GP 2004,11TH CONGRESS,1,7737,"GERALD C. ""JERRY""",WELLER,,LaSALLE,5675,REPUBLICAN,REP
GP 2004,11TH CONGRESS,1,7737,"GERALD C. ""JERRY""",WELLER,,KANKAKEE,4113,REPUBLICAN,REP
GP 2004,11TH CONGRESS,1,7737,"GERALD C. ""JERRY""",WELLER,,McLEAN,5791,REPUBLICAN,REP
GP 2004,5TH SUBCIRCUIT - COX VACANCY,1,7738,JACKIE MARIE,PORTMAN,,COOK,4527,DEMOCRATIC,DEM
GP 2004,4TH CIRCUIT - DUKE VACANCY,1,7739,WM. ROBIN,TODD,,CLAY,975,REPUBLICAN,REP
GP 2004,74TH REPRESENTATIVE,1,7740,RICK E.,CHILDERS,,STARK,267,DEMOCRATIC,DEM
GP 2004,74TH REPRESENTATIVE,1,7740,RICK E.,CHILDERS,,BUREAU,739,DEMOCRATIC,DEM
GP 2004,74TH REPRESENTATIVE,1,7740,RICK E.,CHILDERS,,HENRY,804,DEMOCRATIC,DEM
GP 2004,74TH REPRESENTATIVE,1,7740,RICK E.,CHILDERS,,KNOX,3377,DEMOCRATIC,DEM
GP 2004,5TH CIRCUIT- WALLER VACANCY,1,7742,TERESA K.,RIGHTER,,COLES,2540,REPUBLICAN,REP
GP 2004,13TH CONGRESS,1,7746,GLORIA SCHOR,ANDERSEN,,WILL,11009,DEMOCRATIC,DEM
GP 2004,13TH CONGRESS,1,7746,GLORIA SCHOR,ANDERSEN,,COOK,5158,DEMOCRATIC,DEM
GP 2004,13TH CONGRESS,1,7746,GLORIA SCHOR,ANDERSEN,,DuPAGE,21469,DEMOCRATIC,DEM
GP 2004,111TH REPRESENTATIVE,1,7748,LARRY D.,RUDDER,,JERSEY,58,REPUBLICAN,REP
GP 2004,111TH REPRESENTATIVE,1,7748,LARRY D.,RUDDER,,MADISON,2442,REPUBLICAN,REP
GP 2004,43RD REPRESENTATIVE,1,7750,MICHAEL J.,NOLAND,,KANE,977,DEMOCRATIC,DEM
GP 2004,43RD REPRESENTATIVE,1,7750,MICHAEL J.,NOLAND,,COOK,510,DEMOCRATIC,DEM
GP 2004,4TH CIRCUIT - HUBER VACANCY,1,7751,KELLY D.,LONG,,MONTGOMERY,2423,DEMOCRATIC,DEM
GP 2004,8TH CONGRESS,1,7752,WILLIAM C.,SCHEURER,,LAKE,3905,DEMOCRATIC,DEM
GP 2004,8TH CONGRESS,1,7752,WILLIAM C.,SCHEURER,,McHENRY,1526,DEMOCRATIC,DEM
GP 2004,8TH CONGRESS,1,7752,WILLIAM C.,SCHEURER,,COOK,2087,DEMOCRATIC,DEM
GP 2004,35TH SENATE,1,7753,J. BRADLEY,BURZYNSKI,,OGLE,2095,REPUBLICAN,REP
GP 2004,35TH SENATE,1,7753,J. BRADLEY,BURZYNSKI,,LaSALLE,536,REPUBLICAN,REP
GP 2004,35TH SENATE,1,7753,J. BRADLEY,BURZYNSKI,,BOONE,5875,REPUBLICAN,REP
GP 2004,35TH SENATE,1,7753,J. BRADLEY,BURZYNSKI,,WINNEBAGO,5374,REPUBLICAN,REP
GP 2004,35TH SENATE,1,7753,J. BRADLEY,BURZYNSKI,,DeKALB,8360,REPUBLICAN,REP
GP 2004,15TH CONGRESS,1,7754,DAVID,GILL,,EDGAR,437,DEMOCRATIC,DEM
GP 2004,15TH CONGRESS,1,7754,DAVID,GILL,,FORD,282,DEMOCRATIC,DEM
GP 2004,15TH CONGRESS,1,7754,DAVID,GILL,,IROQUOIS,581,DEMOCRATIC,DEM
GP 2004,15TH CONGRESS,1,7754,DAVID,GILL,,LIVINGSTON,781,DEMOCRATIC,DEM
GP 2004,15TH CONGRESS,1,7754,DAVID,GILL,,PIATT,497,DEMOCRATIC,DEM
GP 2004,15TH CONGRESS,1,7754,DAVID,GILL,,DOUGLAS,574,DEMOCRATIC,DEM
GP 2004,15TH CONGRESS,1,7754,DAVID,GILL,,COLES,1543,DEMOCRATIC,DEM
GP 2004,15TH CONGRESS,1,7754,DAVID,GILL,,EDWARDS,18,DEMOCRATIC,DEM
GP 2004,15TH CONGRESS,1,7754,DAVID,GILL,,WHITE,237,DEMOCRATIC,DEM
GP 2004,15TH CONGRESS,1,7754,DAVID,GILL,,CRAWFORD,779,DEMOCRATIC,DEM
GP 2004,15TH CONGRESS,1,7754,DAVID,GILL,,SALINE,352,DEMOCRATIC,DEM
GP 2004,15TH CONGRESS,1,7754,DAVID,GILL,,CLARK,548,DEMOCRATIC,DEM
GP 2004,15TH CONGRESS,1,7754,DAVID,GILL,,GALLATIN,165,DEMOCRATIC,DEM
GP 2004,15TH CONGRESS,1,7754,DAVID,GILL,,WABASH,632,DEMOCRATIC,DEM
GP 2004,15TH CONGRESS,1,7754,DAVID,GILL,,CHAMPAIGN,5534,DEMOCRATIC,DEM
GP 2004,15TH CONGRESS,1,7754,DAVID,GILL,,MACON,895,DEMOCRATIC,DEM
GP 2004,15TH CONGRESS,1,7754,DAVID,GILL,,MOULTRIE,604,DEMOCRATIC,DEM
GP 2004,15TH CONGRESS,1,7754,DAVID,GILL,,CUMBERLAND,686,DEMOCRATIC,DEM
GP 2004,15TH CONGRESS,1,7754,DAVID,GILL,,LAWRENCE,367,DEMOCRATIC,DEM
GP 2004,15TH CONGRESS,1,7754,DAVID,GILL,,DeWITT,957,DEMOCRATIC,DEM
GP 2004,15TH CONGRESS,1,7754,DAVID,GILL,,McLEAN,2411,DEMOCRATIC,DEM
GP 2004,15TH CONGRESS,1,7754,DAVID,GILL,,VERMILION,2443,DEMOCRATIC,DEM
GP 2004,54TH REPRESENTATIVE,1,7755,WARREN R.,KOSTKA,,COOK,1326,REPUBLICAN,REP
GP 2004,19TH REPRESENTATIVE,1,7757,JEFFREY K.,HOLEWINSKI,,COOK,4139,DEMOCRATIC,DEM
GP 2004,91ST REPRESENTATIVE,1,7758,MARVIN,BAINTER,,FULTON,2200,DEMOCRATIC,DEM
GP 2004,91ST REPRESENTATIVE,1,7758,MARVIN,BAINTER,,TAZEWELL,1249,DEMOCRATIC,DEM
GP 2004,91ST REPRESENTATIVE,1,7758,MARVIN,BAINTER,,PEORIA,286,DEMOCRATIC,DEM
GP 2004,4TH CIRCUIT - DUKE VACANCY,1,7759,MARK,TUNGATE,,CLAY,717,DEMOCRATIC,DEM
GP 2004,1ST CONGRESS,1,7760,RAYMOND G.,WARDINGLEY,,COOK,7190,REPUBLICAN,REP
GP 2004,50TH REPRESENTATIVE,1,7761,MICHAEL L.,LOGAN,,LaSALLE,329,DEMOCRATIC,DEM
GP 2004,50TH REPRESENTATIVE,1,7761,MICHAEL L.,LOGAN,,KENDALL,511,DEMOCRATIC,DEM
GP 2004,50TH REPRESENTATIVE,1,7761,MICHAEL L.,LOGAN,,KANE,812,DEMOCRATIC,DEM
GP 2004,115TH REPRESENTATIVE,1,7762,RICH,WHITNEY,,WASHINGTON,2,GREEN,GRN
GP 2004,115TH REPRESENTATIVE,1,7762,RICH,WHITNEY,,CLINTON,0,GREEN,GRN
GP 2004,115TH REPRESENTATIVE,1,7762,RICH,WHITNEY,,PERRY,1,GREEN,GRN
GP 2004,115TH REPRESENTATIVE,1,7762,RICH,WHITNEY,,JACKSON,30,GREEN,GRN
GP 2004,115TH REPRESENTATIVE,1,7762,RICH,WHITNEY,,UNION,0,GREEN,GRN
GP 2004,117TH REPRESENTATIVE,1,7763,LESLIE,DONELSON,,WILLIAMSON,2207,REPUBLICAN,REP
GP 2004,117TH REPRESENTATIVE,1,7763,LESLIE,DONELSON,,HAMILTON,354,REPUBLICAN,REP
GP 2004,117TH REPRESENTATIVE,1,7763,LESLIE,DONELSON,,FRANKLIN,1191,REPUBLICAN,REP
GP 2004,102ND REPRESENTATIVE,1,7764,RON,STEPHENS,,BOND,935,REPUBLICAN,REP
GP 2004,102ND REPRESENTATIVE,1,7764,RON,STEPHENS,,CLINTON,335,REPUBLICAN,REP
GP 2004,102ND REPRESENTATIVE,1,7764,RON,STEPHENS,,SHELBY,220,REPUBLICAN,REP
GP 2004,102ND REPRESENTATIVE,1,7764,RON,STEPHENS,,FAYETTE,1418,REPUBLICAN,REP
GP 2004,102ND REPRESENTATIVE,1,7764,RON,STEPHENS,,MADISON,1526,REPUBLICAN,REP
GP 2004,102ND REPRESENTATIVE,1,7764,RON,STEPHENS,,EFFINGHAM,459,REPUBLICAN,REP
GP 2004,102ND REPRESENTATIVE,1,7764,RON,STEPHENS,,ST. CLAIR,1739,REPUBLICAN,REP
GP 2004,51ST REPRESENTATIVE,1,7765,NANCY,SHEPHERDSON,,LAKE,4807,DEMOCRATIC,DEM
GP 2004,51ST REPRESENTATIVE,1,7765,NANCY,SHEPHERDSON,,COOK,44,DEMOCRATIC,DEM
GP 2004,79TH REPRESENTATIVE,1,7766,KAY M.,PANGLE,,IROQUOIS,225,REPUBLICAN,REP
GP 2004,79TH REPRESENTATIVE,1,7766,KAY M.,PANGLE,,WILL,1910,REPUBLICAN,REP
GP 2004,79TH REPRESENTATIVE,1,7766,KAY M.,PANGLE,,KANKAKEE,2664,REPUBLICAN,REP
GP 2004,8TH CONGRESS,1,7767,MELISSA,BEAN,,LAKE,14776,DEMOCRATIC,DEM
GP 2004,8TH CONGRESS,1,7767,MELISSA,BEAN,,McHENRY,4536,DEMOCRATIC,DEM
GP 2004,8TH CONGRESS,1,7767,MELISSA,BEAN,,COOK,7428,DEMOCRATIC,DEM
GP 2004,9TH SUBCIRCUIT - HIMEL VACANCY,1,7768,RICHARD H.,MARCUS,,COOK,5604,DEMOCRATIC,DEM
GP 2004,70TH REPRESENTATIVE,1,7769,BOB,BROWN,,OGLE,792,DEMOCRATIC,DEM
GP 2004,70TH REPRESENTATIVE,1,7769,BOB,BROWN,,LaSALLE,239,DEMOCRATIC,DEM
GP 2004,70TH REPRESENTATIVE,1,7769,BOB,BROWN,,DeKALB,3866,DEMOCRATIC,DEM
GP 2004,18TH CONGRESS,1,7770,STEVE,WATERWORTH,,BROWN,137,DEMOCRATIC,DEM
GP 2004,18TH CONGRESS,1,7770,STEVE,WATERWORTH,,LOGAN,772,DEMOCRATIC,DEM
GP 2004,18TH CONGRESS,1,7770,STEVE,WATERWORTH,,SCHUYLER,326,DEMOCRATIC,DEM
GP 2004,18TH CONGRESS,1,7770,STEVE,WATERWORTH,,MARSHALL,555,DEMOCRATIC,DEM
GP 2004,18TH CONGRESS,1,7770,STEVE,WATERWORTH,,MENARD,299,DEMOCRATIC,DEM
GP 2004,18TH CONGRESS,1,7770,STEVE,WATERWORTH,,STARK,151,DEMOCRATIC,DEM
GP 2004,18TH CONGRESS,1,7770,STEVE,WATERWORTH,,WOODFORD,689,DEMOCRATIC,DEM
GP 2004,18TH CONGRESS,1,7770,STEVE,WATERWORTH,,MASON,899,DEMOCRATIC,DEM
GP 2004,18TH CONGRESS,1,7770,STEVE,WATERWORTH,,BUREAU,965,DEMOCRATIC,DEM
GP 2004,18TH CONGRESS,1,7770,STEVE,WATERWORTH,,PIKE,373,DEMOCRATIC,DEM
GP 2004,18TH CONGRESS,1,7770,STEVE,WATERWORTH,,CASS,437,DEMOCRATIC,DEM
GP 2004,18TH CONGRESS,1,7770,STEVE,WATERWORTH,,MORGAN,517,DEMOCRATIC,DEM
GP 2004,18TH CONGRESS,1,7770,STEVE,WATERWORTH,,PUTNAM,452,DEMOCRATIC,DEM
GP 2004,18TH CONGRESS,1,7770,STEVE,WATERWORTH,,TAZEWELL,2843,DEMOCRATIC,DEM
GP 2004,18TH CONGRESS,1,7770,STEVE,WATERWORTH,,SANGAMON,2532,DEMOCRATIC,DEM
GP 2004,18TH CONGRESS,1,7770,STEVE,WATERWORTH,,SCOTT,279,DEMOCRATIC,DEM
GP 2004,18TH CONGRESS,1,7770,STEVE,WATERWORTH,,MACON,2160,DEMOCRATIC,DEM
GP 2004,18TH CONGRESS,1,7770,STEVE,WATERWORTH,,KNOX,161,DEMOCRATIC,DEM
GP 2004,18TH CONGRESS,1,7770,STEVE,WATERWORTH,,PEORIA,10739,DEMOCRATIC,DEM
GP 2004,18TH CONGRESS,1,7770,STEVE,WATERWORTH,,ADAMS,552,DEMOCRATIC,DEM
GP 2004,5TH CIRCUIT- COCHONOUR VACANCY,1,7771,BRIAN R.,REED,,CUMBERLAND,319,DEMOCRATIC,DEM
GP 2004,7TH CIRCUIT- BONE VACANCY,1,7772,RICHARD T.,MITCHELL,,MORGAN,3835,REPUBLICAN,REP
GP 2004,16TH CIRCUIT- JENSEN VACANCY,1,7773,SHARI D.,GOGGIN-WARD,,KENDALL,2563,DEMOCRATIC,DEM
GP 2004,16TH CIRCUIT- JENSEN VACANCY,1,7773,SHARI D.,GOGGIN-WARD,,KANE,17473,DEMOCRATIC,DEM
GP 2004,16TH CIRCUIT- JENSEN VACANCY,1,7773,SHARI D.,GOGGIN-WARD,,DeKALB,3869,DEMOCRATIC,DEM
GP 2004,8TH REPRESENTATIVE,1,7775,GLENN L.,HARRIS,,COOK,1330,REPUBLICAN,REP
GP 2004,3RD APPELLATE - HOMER VACANCY,1,7776,SUSAN D.,LYONS,,MARSHALL,259,DEMOCRATIC,DEM
GP 2004,3RD APPELLATE - HOMER VACANCY,1,7776,SUSAN D.,LYONS,,IROQUOIS,204,DEMOCRATIC,DEM
GP 2004,3RD APPELLATE - HOMER VACANCY,1,7776,SUSAN D.,LYONS,,MERCER,572,DEMOCRATIC,DEM
GP 2004,3RD APPELLATE - HOMER VACANCY,1,7776,SUSAN D.,LYONS,,STARK,110,DEMOCRATIC,DEM
GP 2004,3RD APPELLATE - HOMER VACANCY,1,7776,SUSAN D.,LYONS,,FULTON,1757,DEMOCRATIC,DEM
GP 2004,3RD APPELLATE - HOMER VACANCY,1,7776,SUSAN D.,LYONS,,HANCOCK,335,DEMOCRATIC,DEM
GP 2004,3RD APPELLATE - HOMER VACANCY,1,7776,SUSAN D.,LYONS,,BUREAU,850,DEMOCRATIC,DEM
GP 2004,3RD APPELLATE - HOMER VACANCY,1,7776,SUSAN D.,LYONS,,WARREN,339,DEMOCRATIC,DEM
GP 2004,3RD APPELLATE - HOMER VACANCY,1,7776,SUSAN D.,LYONS,,HENDERSON,182,DEMOCRATIC,DEM
GP 2004,3RD APPELLATE - HOMER VACANCY,1,7776,SUSAN D.,LYONS,,ROCK ISLAND,5114,DEMOCRATIC,DEM
GP 2004,3RD APPELLATE - HOMER VACANCY,1,7776,SUSAN D.,LYONS,,WHITESIDE,1005,DEMOCRATIC,DEM
GP 2004,3RD APPELLATE - HOMER VACANCY,1,7776,SUSAN D.,LYONS,,WILL,12645,DEMOCRATIC,DEM
GP 2004,3RD APPELLATE - HOMER VACANCY,1,7776,SUSAN D.,LYONS,,PUTNAM,424,DEMOCRATIC,DEM
GP 2004,3RD APPELLATE - HOMER VACANCY,1,7776,SUSAN D.,LYONS,,GRUNDY,317,DEMOCRATIC,DEM
GP 2004,3RD APPELLATE - HOMER VACANCY,1,7776,SUSAN D.,LYONS,,TAZEWELL,3196,DEMOCRATIC,DEM
GP 2004,3RD APPELLATE - HOMER VACANCY,1,7776,SUSAN D.,LYONS,,LaSALLE,1845,DEMOCRATIC,DEM
GP 2004,3RD APPELLATE - HOMER VACANCY,1,7776,SUSAN D.,LYONS,,HENRY,990,DEMOCRATIC,DEM
GP 2004,3RD APPELLATE - HOMER VACANCY,1,7776,SUSAN D.,LYONS,,McDONOUGH,447,DEMOCRATIC,DEM
GP 2004,3RD APPELLATE - HOMER VACANCY,1,7776,SUSAN D.,LYONS,,KNOX,1273,DEMOCRATIC,DEM
GP 2004,3RD APPELLATE - HOMER VACANCY,1,7776,SUSAN D.,LYONS,,PEORIA,4372,DEMOCRATIC,DEM
GP 2004,3RD APPELLATE - HOMER VACANCY,1,7776,SUSAN D.,LYONS,,KANKAKEE,1020,DEMOCRATIC,DEM
GP 2004,16TH CONGRESS,1,7778,DONALD A.,MANZULLO,,WHITESIDE,1027,REPUBLICAN,REP
GP 2004,16TH CONGRESS,1,7778,DONALD A.,MANZULLO,,OGLE,6244,REPUBLICAN,REP
GP 2004,16TH CONGRESS,1,7778,DONALD A.,MANZULLO,,STEPHENSON,4339,REPUBLICAN,REP
GP 2004,16TH CONGRESS,1,7778,DONALD A.,MANZULLO,,JoDAVIESS,2651,REPUBLICAN,REP
GP 2004,16TH CONGRESS,1,7778,DONALD A.,MANZULLO,,CARROLL,1606,REPUBLICAN,REP
GP 2004,16TH CONGRESS,1,7778,DONALD A.,MANZULLO,,BOONE,6239,REPUBLICAN,REP
GP 2004,16TH CONGRESS,1,7778,DONALD A.,MANZULLO,,WINNEBAGO,19012,REPUBLICAN,REP
GP 2004,16TH CONGRESS,1,7778,DONALD A.,MANZULLO,,McHENRY,16587,REPUBLICAN,REP
GP 2004,16TH CONGRESS,1,7778,DONALD A.,MANZULLO,,DeKALB,1802,REPUBLICAN,REP
GP 2004,8TH SUBCIRCUIT - A VACANCY,1,7779,"JOHN R. ""JACK""",DUFFY,,COOK,8923,DEMOCRATIC,DEM
GP 2004,"14TH CIRCUIT- CONWAY, JR. VACANCY",1,7781,JAMES L.,NEPPL,,MERCER,560,DEMOCRATIC,DEM
GP 2004,60TH REPRESENTATIVE,1,7784,SUSAN,TENZI,,LAKE,1291,REPUBLICAN,REP
GP 2004,COOK CIRCUIT- O'MALLEY VACANCY,1,7789,MICHAEL J. (YAKOV),FOX,,COOK,33421,DEMOCRATIC,DEM
GP 2004,15TH REPRESENTATIVE,1,7790,"WILLIAM C. ""BILL""",MICELI,,COOK,2014,REPUBLICAN,REP
GP 2004,8TH SENATE,1,7791,JOSEPH R.,HEDRICK,,COOK,5175,REPUBLICAN,REP
GP 2004,"14TH CIRCUIT- CONWAY, JR. VACANCY",1,7792,MARK A.,APPLETON,,MERCER,500,REPUBLICAN,REP
GP 2004,1ST SUBCIRCUIT - McGAUGHEY VACANCY,1,7793,LEROY K.,"MARTIN, JR.",,COOK,41065,DEMOCRATIC,DEM
GP 2004,46TH REPRESENTATIVE,1,7794,JOE,VOSICKY,,DuPAGE,4982,DEMOCRATIC,DEM
GP 2004,64TH REPRESENTATIVE,1,7795,PAULA E.,YENSEN,,McHENRY,5462,DEMOCRATIC,DEM
GP 2004,35TH REPRESENTATIVE,1,7796,RICHARD A.,MADONIA,,COOK,3071,REPUBLICAN,REP
GP 2004,6TH CONGRESS,1,7798,CHRISTINE,CEGELIS,,COOK,4302,DEMOCRATIC,DEM
GP 2004,6TH CONGRESS,1,7798,CHRISTINE,CEGELIS,,DuPAGE,18951,DEMOCRATIC,DEM
GP 2004,62ND REPRESENTATIVE,1,7799,FERNANDO J.,SALAZAR,,LAKE,3490,REPUBLICAN,REP
GP 2004,47TH SENATE,1,7804,GARY A.,SPECKHART,,BROWN,290,REPUBLICAN,REP
GP 2004,47TH SENATE,1,7804,GARY A.,SPECKHART,,SCHUYLER,457,REPUBLICAN,REP
GP 2004,47TH SENATE,1,7804,GARY A.,SPECKHART,,MERCER,219,REPUBLICAN,REP
GP 2004,47TH SENATE,1,7804,GARY A.,SPECKHART,,FULTON,493,REPUBLICAN,REP
GP 2004,47TH SENATE,1,7804,GARY A.,SPECKHART,,HANCOCK,1680,REPUBLICAN,REP
GP 2004,47TH SENATE,1,7804,GARY A.,SPECKHART,,MASON,711,REPUBLICAN,REP
GP 2004,47TH SENATE,1,7804,GARY A.,SPECKHART,,WARREN,1785,REPUBLICAN,REP
GP 2004,47TH SENATE,1,7804,GARY A.,SPECKHART,,PIKE,169,REPUBLICAN,REP
GP 2004,47TH SENATE,1,7804,GARY A.,SPECKHART,,HENDERSON,397,REPUBLICAN,REP
GP 2004,47TH SENATE,1,7804,GARY A.,SPECKHART,,CASS,695,REPUBLICAN,REP
GP 2004,47TH SENATE,1,7804,GARY A.,SPECKHART,,McDONOUGH,3089,REPUBLICAN,REP
GP 2004,47TH SENATE,1,7804,GARY A.,SPECKHART,,SCOTT,575,REPUBLICAN,REP
GP 2004,47TH SENATE,1,7804,GARY A.,SPECKHART,,ADAMS,6891,REPUBLICAN,REP
GP 2004,COOK CIRCUIT- O'MALLEY VACANCY,1,7806,BARBARA ANNE,BAILEY,,COOK,87962,DEMOCRATIC,DEM
GP 2004,10TH SUBCIRCUIT - A VACANCY,1,7807,JAMES E.,SNYDER,,COOK,5281,DEMOCRATIC,DEM
GP 2004,COOK CIRCUIT- O'MALLEY VACANCY,1,7808,THOMAS G.,O'BRIEN,,COOK,37656,DEMOCRATIC,DEM
GP 2004,UNITED STATES SENATOR,1,7809,JONATHAN C.,WRIGHT,,BROWN,13,REPUBLICAN,REP
GP 2004,UNITED STATES SENATOR,1,7809,JONATHAN C.,WRIGHT,,CLAY,140,REPUBLICAN,REP
GP 2004,UNITED STATES SENATOR,1,7809,JONATHAN C.,WRIGHT,,HARDIN,11,REPUBLICAN,REP
GP 2004,UNITED STATES SENATOR,1,7809,JONATHAN C.,WRIGHT,,JERSEY,179,REPUBLICAN,REP
GP 2004,UNITED STATES SENATOR,1,7809,JONATHAN C.,WRIGHT,,LOGAN,2151,REPUBLICAN,REP
GP 2004,UNITED STATES SENATOR,1,7809,JONATHAN C.,WRIGHT,,RICHLAND,464,REPUBLICAN,REP
GP 2004,UNITED STATES SENATOR,1,7809,JONATHAN C.,WRIGHT,,SCHUYLER,22,REPUBLICAN,REP
GP 2004,UNITED STATES SENATOR,1,7809,JONATHAN C.,WRIGHT,,WASHINGTON,39,REPUBLICAN,REP
GP 2004,UNITED STATES SENATOR,1,7809,JONATHAN C.,WRIGHT,,BOND,22,REPUBLICAN,REP
GP 2004,UNITED STATES SENATOR,1,7809,JONATHAN C.,WRIGHT,,CLINTON,29,REPUBLICAN,REP
GP 2004,UNITED STATES SENATOR,1,7809,JONATHAN C.,WRIGHT,,JASPER,114,REPUBLICAN,REP
GP 2004,UNITED STATES SENATOR,1,7809,JONATHAN C.,WRIGHT,,MARSHALL,56,REPUBLICAN,REP
GP 2004,UNITED STATES SENATOR,1,7809,JONATHAN C.,WRIGHT,,EDGAR,32,REPUBLICAN,REP
GP 2004,UNITED STATES SENATOR,1,7809,JONATHAN C.,WRIGHT,,FORD,68,REPUBLICAN,REP
GP 2004,UNITED STATES SENATOR,1,7809,JONATHAN C.,WRIGHT,,GREENE,43,REPUBLICAN,REP
GP 2004,UNITED STATES SENATOR,1,7809,JONATHAN C.,WRIGHT,,IROQUOIS,128,REPUBLICAN,REP
GP 2004,UNITED STATES SENATOR,1,7809,JONATHAN C.,WRIGHT,,JOHNSON,80,REPUBLICAN,REP
GP 2004,UNITED STATES SENATOR,1,7809,JONATHAN C.,WRIGHT,,LIVINGSTON,249,REPUBLICAN,REP
GP 2004,UNITED STATES SENATOR,1,7809,JONATHAN C.,WRIGHT,,MENARD,101,REPUBLICAN,REP
GP 2004,UNITED STATES SENATOR,1,7809,JONATHAN C.,WRIGHT,,MERCER,32,REPUBLICAN,REP
GP 2004,UNITED STATES SENATOR,1,7809,JONATHAN C.,WRIGHT,,PERRY,30,REPUBLICAN,REP
GP 2004,UNITED STATES SENATOR,1,7809,JONATHAN C.,WRIGHT,,PIATT,70,REPUBLICAN,REP
GP 2004,UNITED STATES SENATOR,1,7809,JONATHAN C.,WRIGHT,,STARK,17,REPUBLICAN,REP
GP 2004,UNITED STATES SENATOR,1,7809,JONATHAN C.,WRIGHT,,WILLIAMSON,176,REPUBLICAN,REP
GP 2004,UNITED STATES SENATOR,1,7809,JONATHAN C.,WRIGHT,,WOODFORD,218,REPUBLICAN,REP
GP 2004,UNITED STATES SENATOR,1,7809,JONATHAN C.,WRIGHT,,FULTON,74,REPUBLICAN,REP
GP 2004,UNITED STATES SENATOR,1,7809,JONATHAN C.,WRIGHT,,HAMILTON,33,REPUBLICAN,REP
GP 2004,UNITED STATES SENATOR,1,7809,JONATHAN C.,WRIGHT,,HANCOCK,115,REPUBLICAN,REP
GP 2004,UNITED STATES SENATOR,1,7809,JONATHAN C.,WRIGHT,,MACOUPIN,157,REPUBLICAN,REP
GP 2004,UNITED STATES SENATOR,1,7809,JONATHAN C.,WRIGHT,,MASON,61,REPUBLICAN,REP
GP 2004,UNITED STATES SENATOR,1,7809,JONATHAN C.,WRIGHT,,MONROE,25,REPUBLICAN,REP
GP 2004,UNITED STATES SENATOR,1,7809,JONATHAN C.,WRIGHT,,SHELBY,66,REPUBLICAN,REP
GP 2004,UNITED STATES SENATOR,1,7809,JONATHAN C.,WRIGHT,,BUREAU,147,REPUBLICAN,REP
GP 2004,UNITED STATES SENATOR,1,7809,JONATHAN C.,WRIGHT,,WARREN,139,REPUBLICAN,REP
GP 2004,UNITED STATES SENATOR,1,7809,JONATHAN C.,WRIGHT,,DOUGLAS,77,REPUBLICAN,REP
GP 2004,UNITED STATES SENATOR,1,7809,JONATHAN C.,WRIGHT,,COLES,111,REPUBLICAN,REP
GP 2004,UNITED STATES SENATOR,1,7809,JONATHAN C.,WRIGHT,,EDWARDS,74,REPUBLICAN,REP
GP 2004,UNITED STATES SENATOR,1,7809,JONATHAN C.,WRIGHT,,PIKE,86,REPUBLICAN,REP
GP 2004,UNITED STATES SENATOR,1,7809,JONATHAN C.,WRIGHT,,HENDERSON,23,REPUBLICAN,REP
GP 2004,UNITED STATES SENATOR,1,7809,JONATHAN C.,WRIGHT,,JACKSON,114,REPUBLICAN,REP
GP 2004,UNITED STATES SENATOR,1,7809,JONATHAN C.,WRIGHT,,ROCK ISLAND,78,REPUBLICAN,REP
GP 2004,UNITED STATES SENATOR,1,7809,JONATHAN C.,WRIGHT,,LEE,59,REPUBLICAN,REP
GP 2004,UNITED STATES SENATOR,1,7809,JONATHAN C.,WRIGHT,,CASS,24,REPUBLICAN,REP
GP 2004,UNITED STATES SENATOR,1,7809,JONATHAN C.,WRIGHT,,WHITE,34,REPUBLICAN,REP
GP 2004,UNITED STATES SENATOR,1,7809,JONATHAN C.,WRIGHT,,CRAWFORD,65,REPUBLICAN,REP
GP 2004,UNITED STATES SENATOR,1,7809,JONATHAN C.,WRIGHT,,WHITESIDE,51,REPUBLICAN,REP
GP 2004,UNITED STATES SENATOR,1,7809,JONATHAN C.,WRIGHT,,MORGAN,101,REPUBLICAN,REP
GP 2004,UNITED STATES SENATOR,1,7809,JONATHAN C.,WRIGHT,,OGLE,287,REPUBLICAN,REP
GP 2004,UNITED STATES SENATOR,1,7809,JONATHAN C.,WRIGHT,,FRANKLIN,100,REPUBLICAN,REP
GP 2004,UNITED STATES SENATOR,1,7809,JONATHAN C.,WRIGHT,,FAYETTE,51,REPUBLICAN,REP
GP 2004,UNITED STATES SENATOR,1,7809,JONATHAN C.,WRIGHT,,RANDOLPH,74,REPUBLICAN,REP
GP 2004,UNITED STATES SENATOR,1,7809,JONATHAN C.,WRIGHT,,MARION,107,REPUBLICAN,REP
GP 2004,UNITED STATES SENATOR,1,7809,JONATHAN C.,WRIGHT,,SALINE,98,REPUBLICAN,REP
GP 2004,UNITED STATES SENATOR,1,7809,JONATHAN C.,WRIGHT,,MASSAC,88,REPUBLICAN,REP
GP 2004,UNITED STATES SENATOR,1,7809,JONATHAN C.,WRIGHT,,WILL,503,REPUBLICAN,REP
GP 2004,UNITED STATES SENATOR,1,7809,JONATHAN C.,WRIGHT,,CLARK,56,REPUBLICAN,REP
GP 2004,UNITED STATES SENATOR,1,7809,JONATHAN C.,WRIGHT,,CALHOUN,8,REPUBLICAN,REP
GP 2004,UNITED STATES SENATOR,1,7809,JONATHAN C.,WRIGHT,,STEPHENSON,74,REPUBLICAN,REP
GP 2004,UNITED STATES SENATOR,1,7809,JONATHAN C.,WRIGHT,,GALLATIN,7,REPUBLICAN,REP
GP 2004,UNITED STATES SENATOR,1,7809,JONATHAN C.,WRIGHT,,MONTGOMERY,136,REPUBLICAN,REP
GP 2004,UNITED STATES SENATOR,1,7809,JONATHAN C.,WRIGHT,,JEFFERSON,82,REPUBLICAN,REP
GP 2004,UNITED STATES SENATOR,1,7809,JONATHAN C.,WRIGHT,,PUTNAM,31,REPUBLICAN,REP
GP 2004,UNITED STATES SENATOR,1,7809,JONATHAN C.,WRIGHT,,WABASH,51,REPUBLICAN,REP
GP 2004,UNITED STATES SENATOR,1,7809,JONATHAN C.,WRIGHT,,MADISON,343,REPUBLICAN,REP
GP 2004,UNITED STATES SENATOR,1,7809,JONATHAN C.,WRIGHT,,GRUNDY,177,REPUBLICAN,REP
GP 2004,UNITED STATES SENATOR,1,7809,JONATHAN C.,WRIGHT,,JoDAVIESS,94,REPUBLICAN,REP
GP 2004,UNITED STATES SENATOR,1,7809,JONATHAN C.,WRIGHT,,TAZEWELL,723,REPUBLICAN,REP
GP 2004,UNITED STATES SENATOR,1,7809,JONATHAN C.,WRIGHT,,SANGAMON,352,REPUBLICAN,REP
GP 2004,UNITED STATES SENATOR,1,7809,JONATHAN C.,WRIGHT,,EFFINGHAM,119,REPUBLICAN,REP
GP 2004,UNITED STATES SENATOR,1,7809,JONATHAN C.,WRIGHT,,LAKE,307,REPUBLICAN,REP
GP 2004,UNITED STATES SENATOR,1,7809,JONATHAN C.,WRIGHT,,LaSALLE,172,REPUBLICAN,REP
GP 2004,UNITED STATES SENATOR,1,7809,JONATHAN C.,WRIGHT,,HENRY,57,REPUBLICAN,REP
GP 2004,UNITED STATES SENATOR,1,7809,JONATHAN C.,WRIGHT,,McDONOUGH,183,REPUBLICAN,REP
GP 2004,UNITED STATES SENATOR,1,7809,JONATHAN C.,WRIGHT,,CHAMPAIGN,380,REPUBLICAN,REP
GP 2004,UNITED STATES SENATOR,1,7809,JONATHAN C.,WRIGHT,,SCOTT,36,REPUBLICAN,REP
GP 2004,UNITED STATES SENATOR,1,7809,JONATHAN C.,WRIGHT,,CARROLL,24,REPUBLICAN,REP
GP 2004,UNITED STATES SENATOR,1,7809,JONATHAN C.,WRIGHT,,MACON,226,REPUBLICAN,REP
GP 2004,UNITED STATES SENATOR,1,7809,JONATHAN C.,WRIGHT,,POPE,22,REPUBLICAN,REP
GP 2004,UNITED STATES SENATOR,1,7809,JONATHAN C.,WRIGHT,,KNOX,361,REPUBLICAN,REP
GP 2004,UNITED STATES SENATOR,1,7809,JONATHAN C.,WRIGHT,,MOULTRIE,67,REPUBLICAN,REP
GP 2004,UNITED STATES SENATOR,1,7809,JONATHAN C.,WRIGHT,,PEORIA,386,REPUBLICAN,REP
GP 2004,UNITED STATES SENATOR,1,7809,JONATHAN C.,WRIGHT,,ADAMS,363,REPUBLICAN,REP
GP 2004,UNITED STATES SENATOR,1,7809,JONATHAN C.,WRIGHT,,CUMBERLAND,38,REPUBLICAN,REP
GP 2004,UNITED STATES SENATOR,1,7809,JONATHAN C.,WRIGHT,,WAYNE,151,REPUBLICAN,REP
GP 2004,UNITED STATES SENATOR,1,7809,JONATHAN C.,WRIGHT,,KENDALL,57,REPUBLICAN,REP
GP 2004,UNITED STATES SENATOR,1,7809,JONATHAN C.,WRIGHT,,KANKAKEE,161,REPUBLICAN,REP
GP 2004,UNITED STATES SENATOR,1,7809,JONATHAN C.,WRIGHT,,BOONE,94,REPUBLICAN,REP
GP 2004,UNITED STATES SENATOR,1,7809,JONATHAN C.,WRIGHT,,WINNEBAGO,472,REPUBLICAN,REP
GP 2004,UNITED STATES SENATOR,1,7809,JONATHAN C.,WRIGHT,,CHRISTIAN,67,REPUBLICAN,REP
GP 2004,UNITED STATES SENATOR,1,7809,JONATHAN C.,WRIGHT,,LAWRENCE,47,REPUBLICAN,REP
GP 2004,UNITED STATES SENATOR,1,7809,JONATHAN C.,WRIGHT,,McHENRY,212,REPUBLICAN,REP
GP 2004,UNITED STATES SENATOR,1,7809,JONATHAN C.,WRIGHT,,DeWITT,212,REPUBLICAN,REP
GP 2004,UNITED STATES SENATOR,1,7809,JONATHAN C.,WRIGHT,,KANE,235,REPUBLICAN,REP
GP 2004,UNITED STATES SENATOR,1,7809,JONATHAN C.,WRIGHT,,DeKALB,94,REPUBLICAN,REP
GP 2004,UNITED STATES SENATOR,1,7809,JONATHAN C.,WRIGHT,,COOK,1272,REPUBLICAN,REP
GP 2004,UNITED STATES SENATOR,1,7809,JONATHAN C.,WRIGHT,,McLEAN,711,REPUBLICAN,REP
GP 2004,UNITED STATES SENATOR,1,7809,JONATHAN C.,WRIGHT,,UNION,25,REPUBLICAN,REP
GP 2004,UNITED STATES SENATOR,1,7809,JONATHAN C.,WRIGHT,,ST. CLAIR,253,REPUBLICAN,REP
GP 2004,UNITED STATES SENATOR,1,7809,JONATHAN C.,WRIGHT,,VERMILION,114,REPUBLICAN,REP
GP 2004,UNITED STATES SENATOR,1,7809,JONATHAN C.,WRIGHT,,ALEXANDER,4,REPUBLICAN,REP
GP 2004,UNITED STATES SENATOR,1,7809,JONATHAN C.,WRIGHT,,PULASKI,18,REPUBLICAN,REP
GP 2004,UNITED STATES SENATOR,1,7809,JONATHAN C.,WRIGHT,,DuPAGE,609,REPUBLICAN,REP
GP 2004,8TH REPRESENTATIVE,1,7810,JULIE,SAMUELS,,COOK,4,GREEN,GRN
GP 2004,2ND CONGRESS,1,7811,MELVIN (MEL) J.,REYNOLDS,,WILL,64,DEMOCRATIC,DEM
GP 2004,2ND CONGRESS,1,7811,MELVIN (MEL) J.,REYNOLDS,,COOK,7039,DEMOCRATIC,DEM
GP 2004,COOK CIRCUIT- ORLANDO VACANCY,1,7812,MICHAEL PATRICK,CASEY,,COOK,39374,DEMOCRATIC,DEM
GP 2004,3RD CONGRESS,1,7813,RYAN,CHLADA,,COOK,17201,REPUBLICAN,REP
GP 2004,24TH REPRESENTATIVE,1,7814,MICHELLE,CHAVEZ,,COOK,2107,DEMOCRATIC,DEM
GP 2004,38TH REPRESENTATIVE,1,7815,JONATHAN J.,JORDAN,,COOK,3580,DEMOCRATIC,DEM
GP 2004,15TH REPRESENTATIVE,1,7818,DENNIS M.,FLEMING,,COOK,6015,DEMOCRATIC,DEM
GP 2004,18TH REPRESENTATIVE,1,7819,JULIANNE E.,CURTIS,,COOK,3813,REPUBLICAN,REP
GP 2004,UNITED STATES SENATOR,1,7820,NORM,HILL,,BROWN,6,REPUBLICAN,REP
GP 2004,UNITED STATES SENATOR,1,7820,NORM,HILL,,CLAY,25,REPUBLICAN,REP
GP 2004,UNITED STATES SENATOR,1,7820,NORM,HILL,,HARDIN,24,REPUBLICAN,REP
GP 2004,UNITED STATES SENATOR,1,7820,NORM,HILL,,JERSEY,12,REPUBLICAN,REP
GP 2004,UNITED STATES SENATOR,1,7820,NORM,HILL,,LOGAN,33,REPUBLICAN,REP
GP 2004,UNITED STATES SENATOR,1,7820,NORM,HILL,,RICHLAND,37,REPUBLICAN,REP
GP 2004,UNITED STATES SENATOR,1,7820,NORM,HILL,,WASHINGTON,20,REPUBLICAN,REP
GP 2004,UNITED STATES SENATOR,1,7820,NORM,HILL,,BOND,10,REPUBLICAN,REP
GP 2004,UNITED STATES SENATOR,1,7820,NORM,HILL,,CLINTON,19,REPUBLICAN,REP
GP 2004,UNITED STATES SENATOR,1,7820,NORM,HILL,,JASPER,11,REPUBLICAN,REP
GP 2004,UNITED STATES SENATOR,1,7820,NORM,HILL,,MARSHALL,10,REPUBLICAN,REP
GP 2004,UNITED STATES SENATOR,1,7820,NORM,HILL,,EDGAR,17,REPUBLICAN,REP
GP 2004,UNITED STATES SENATOR,1,7820,NORM,HILL,,FORD,6,REPUBLICAN,REP
GP 2004,UNITED STATES SENATOR,1,7820,NORM,HILL,,GREENE,16,REPUBLICAN,REP
GP 2004,UNITED STATES SENATOR,1,7820,NORM,HILL,,IROQUOIS,13,REPUBLICAN,REP
GP 2004,UNITED STATES SENATOR,1,7820,NORM,HILL,,JOHNSON,58,REPUBLICAN,REP
GP 2004,UNITED STATES SENATOR,1,7820,NORM,HILL,,LIVINGSTON,62,REPUBLICAN,REP
GP 2004,UNITED STATES SENATOR,1,7820,NORM,HILL,,MENARD,32,REPUBLICAN,REP
GP 2004,UNITED STATES SENATOR,1,7820,NORM,HILL,,MERCER,14,REPUBLICAN,REP
GP 2004,UNITED STATES SENATOR,1,7820,NORM,HILL,,PERRY,46,REPUBLICAN,REP
GP 2004,UNITED STATES SENATOR,1,7820,NORM,HILL,,PIATT,15,REPUBLICAN,REP
GP 2004,UNITED STATES SENATOR,1,7820,NORM,HILL,,STARK,5,REPUBLICAN,REP
GP 2004,UNITED STATES SENATOR,1,7820,NORM,HILL,,WILLIAMSON,24,REPUBLICAN,REP
GP 2004,UNITED STATES SENATOR,1,7820,NORM,HILL,,WOODFORD,45,REPUBLICAN,REP
GP 2004,UNITED STATES SENATOR,1,7820,NORM,HILL,,FULTON,32,REPUBLICAN,REP
GP 2004,UNITED STATES SENATOR,1,7820,NORM,HILL,,HAMILTON,19,REPUBLICAN,REP
GP 2004,UNITED STATES SENATOR,1,7820,NORM,HILL,,HANCOCK,55,REPUBLICAN,REP
GP 2004,UNITED STATES SENATOR,1,7820,NORM,HILL,,MACOUPIN,42,REPUBLICAN,REP
GP 2004,UNITED STATES SENATOR,1,7820,NORM,HILL,,MASON,8,REPUBLICAN,REP
GP 2004,UNITED STATES SENATOR,1,7820,NORM,HILL,,MONROE,15,REPUBLICAN,REP
GP 2004,UNITED STATES SENATOR,1,7820,NORM,HILL,,SHELBY,6,REPUBLICAN,REP
GP 2004,UNITED STATES SENATOR,1,7820,NORM,HILL,,BUREAU,16,REPUBLICAN,REP
GP 2004,UNITED STATES SENATOR,1,7820,NORM,HILL,,WARREN,40,REPUBLICAN,REP
GP 2004,UNITED STATES SENATOR,1,7820,NORM,HILL,,DOUGLAS,24,REPUBLICAN,REP
GP 2004,UNITED STATES SENATOR,1,7820,NORM,HILL,,COLES,19,REPUBLICAN,REP
GP 2004,UNITED STATES SENATOR,1,7820,NORM,HILL,,EDWARDS,49,REPUBLICAN,REP
GP 2004,UNITED STATES SENATOR,1,7820,NORM,HILL,,PIKE,21,REPUBLICAN,REP
GP 2004,UNITED STATES SENATOR,1,7820,NORM,HILL,,HENDERSON,10,REPUBLICAN,REP
GP 2004,UNITED STATES SENATOR,1,7820,NORM,HILL,,JACKSON,35,REPUBLICAN,REP
GP 2004,UNITED STATES SENATOR,1,7820,NORM,HILL,,ROCK ISLAND,51,REPUBLICAN,REP
GP 2004,UNITED STATES SENATOR,1,7820,NORM,HILL,,LEE,31,REPUBLICAN,REP
GP 2004,UNITED STATES SENATOR,1,7820,NORM,HILL,,CASS,10,REPUBLICAN,REP
GP 2004,UNITED STATES SENATOR,1,7820,NORM,HILL,,WHITE,36,REPUBLICAN,REP
GP 2004,UNITED STATES SENATOR,1,7820,NORM,HILL,,CRAWFORD,27,REPUBLICAN,REP
GP 2004,UNITED STATES SENATOR,1,7820,NORM,HILL,,WHITESIDE,32,REPUBLICAN,REP
GP 2004,UNITED STATES SENATOR,1,7820,NORM,HILL,,MORGAN,60,REPUBLICAN,REP
GP 2004,UNITED STATES SENATOR,1,7820,NORM,HILL,,OGLE,54,REPUBLICAN,REP
GP 2004,UNITED STATES SENATOR,1,7820,NORM,HILL,,FRANKLIN,30,REPUBLICAN,REP
GP 2004,UNITED STATES SENATOR,1,7820,NORM,HILL,,FAYETTE,19,REPUBLICAN,REP
GP 2004,UNITED STATES SENATOR,1,7820,NORM,HILL,,RANDOLPH,13,REPUBLICAN,REP
GP 2004,UNITED STATES SENATOR,1,7820,NORM,HILL,,MARION,26,REPUBLICAN,REP
GP 2004,UNITED STATES SENATOR,1,7820,NORM,HILL,,SALINE,40,REPUBLICAN,REP
GP 2004,UNITED STATES SENATOR,1,7820,NORM,HILL,,MASSAC,82,REPUBLICAN,REP
GP 2004,UNITED STATES SENATOR,1,7820,NORM,HILL,,WILL,171,REPUBLICAN,REP
GP 2004,UNITED STATES SENATOR,1,7820,NORM,HILL,,CLARK,31,REPUBLICAN,REP
GP 2004,UNITED STATES SENATOR,1,7820,NORM,HILL,,CALHOUN,8,REPUBLICAN,REP
GP 2004,UNITED STATES SENATOR,1,7820,NORM,HILL,,STEPHENSON,66,REPUBLICAN,REP
GP 2004,UNITED STATES SENATOR,1,7820,NORM,HILL,,GALLATIN,3,REPUBLICAN,REP
GP 2004,UNITED STATES SENATOR,1,7820,NORM,HILL,,MONTGOMERY,33,REPUBLICAN,REP
GP 2004,UNITED STATES SENATOR,1,7820,NORM,HILL,,JEFFERSON,23,REPUBLICAN,REP
GP 2004,UNITED STATES SENATOR,1,7820,NORM,HILL,,PUTNAM,5,REPUBLICAN,REP
GP 2004,UNITED STATES SENATOR,1,7820,NORM,HILL,,WABASH,49,REPUBLICAN,REP
GP 2004,UNITED STATES SENATOR,1,7820,NORM,HILL,,MADISON,120,REPUBLICAN,REP
GP 2004,UNITED STATES SENATOR,1,7820,NORM,HILL,,GRUNDY,26,REPUBLICAN,REP
GP 2004,UNITED STATES SENATOR,1,7820,NORM,HILL,,JoDAVIESS,102,REPUBLICAN,REP
GP 2004,UNITED STATES SENATOR,1,7820,NORM,HILL,,TAZEWELL,111,REPUBLICAN,REP
GP 2004,UNITED STATES SENATOR,1,7820,NORM,HILL,,SANGAMON,97,REPUBLICAN,REP
GP 2004,UNITED STATES SENATOR,1,7820,NORM,HILL,,EFFINGHAM,31,REPUBLICAN,REP
GP 2004,UNITED STATES SENATOR,1,7820,NORM,HILL,,LAKE,292,REPUBLICAN,REP
GP 2004,UNITED STATES SENATOR,1,7820,NORM,HILL,,LaSALLE,69,REPUBLICAN,REP
GP 2004,UNITED STATES SENATOR,1,7820,NORM,HILL,,HENRY,38,REPUBLICAN,REP
GP 2004,UNITED STATES SENATOR,1,7820,NORM,HILL,,McDONOUGH,91,REPUBLICAN,REP
GP 2004,UNITED STATES SENATOR,1,7820,NORM,HILL,,CHAMPAIGN,90,REPUBLICAN,REP
GP 2004,UNITED STATES SENATOR,1,7820,NORM,HILL,,SCOTT,11,REPUBLICAN,REP
GP 2004,UNITED STATES SENATOR,1,7820,NORM,HILL,,CARROLL,12,REPUBLICAN,REP
GP 2004,UNITED STATES SENATOR,1,7820,NORM,HILL,,MACON,38,REPUBLICAN,REP
GP 2004,UNITED STATES SENATOR,1,7820,NORM,HILL,,POPE,19,REPUBLICAN,REP
GP 2004,UNITED STATES SENATOR,1,7820,NORM,HILL,,KNOX,68,REPUBLICAN,REP
GP 2004,UNITED STATES SENATOR,1,7820,NORM,HILL,,MOULTRIE,15,REPUBLICAN,REP
GP 2004,UNITED STATES SENATOR,1,7820,NORM,HILL,,PEORIA,71,REPUBLICAN,REP
GP 2004,UNITED STATES SENATOR,1,7820,NORM,HILL,,ADAMS,165,REPUBLICAN,REP
GP 2004,UNITED STATES SENATOR,1,7820,NORM,HILL,,CUMBERLAND,14,REPUBLICAN,REP
GP 2004,UNITED STATES SENATOR,1,7820,NORM,HILL,,WAYNE,25,REPUBLICAN,REP
GP 2004,UNITED STATES SENATOR,1,7820,NORM,HILL,,KENDALL,36,REPUBLICAN,REP
GP 2004,UNITED STATES SENATOR,1,7820,NORM,HILL,,KANKAKEE,35,REPUBLICAN,REP
GP 2004,UNITED STATES SENATOR,1,7820,NORM,HILL,,BOONE,44,REPUBLICAN,REP
GP 2004,UNITED STATES SENATOR,1,7820,NORM,HILL,,WINNEBAGO,130,REPUBLICAN,REP
GP 2004,UNITED STATES SENATOR,1,7820,NORM,HILL,,CHRISTIAN,18,REPUBLICAN,REP
GP 2004,UNITED STATES SENATOR,1,7820,NORM,HILL,,LAWRENCE,34,REPUBLICAN,REP
GP 2004,UNITED STATES SENATOR,1,7820,NORM,HILL,,McHENRY,155,REPUBLICAN,REP
GP 2004,UNITED STATES SENATOR,1,7820,NORM,HILL,,DeWITT,46,REPUBLICAN,REP
GP 2004,UNITED STATES SENATOR,1,7820,NORM,HILL,,SCHUYLER,10,REPUBLICAN,REP
GP 2004,UNITED STATES SENATOR,1,7820,NORM,HILL,,KANE,147,REPUBLICAN,REP
GP 2004,UNITED STATES SENATOR,1,7820,NORM,HILL,,DeKALB,49,REPUBLICAN,REP
GP 2004,UNITED STATES SENATOR,1,7820,NORM,HILL,,COOK,794,REPUBLICAN,REP
GP 2004,UNITED STATES SENATOR,1,7820,NORM,HILL,,McLEAN,111,REPUBLICAN,REP
GP 2004,UNITED STATES SENATOR,1,7820,NORM,HILL,,UNION,31,REPUBLICAN,REP
GP 2004,UNITED STATES SENATOR,1,7820,NORM,HILL,,ST. CLAIR,136,REPUBLICAN,REP
GP 2004,UNITED STATES SENATOR,1,7820,NORM,HILL,,VERMILION,28,REPUBLICAN,REP
GP 2004,UNITED STATES SENATOR,1,7820,NORM,HILL,,ALEXANDER,15,REPUBLICAN,REP
GP 2004,UNITED STATES SENATOR,1,7820,NORM,HILL,,PULASKI,28,REPUBLICAN,REP
GP 2004,UNITED STATES SENATOR,1,7820,NORM,HILL,,DuPAGE,434,REPUBLICAN,REP
GP 2004,19TH REPRESENTATIVE,1,7821,ROMAN,WIEWIORA,,COOK,1566,REPUBLICAN,REP
GP 2004,15TH REPRESENTATIVE,1,7823,ROBERT S.,KLICH,,COOK,1069,REPUBLICAN,REP
GP 2004,40TH REPRESENTATIVE,1,7824,THOMAS G.,CZACHOROWSKI,,COOK,549,REPUBLICAN,REP
GP 2004,16TH REPRESENTATIVE,1,7825,THOMAS T.,MORRIS,,COOK,2030,REPUBLICAN,REP
GP 2004,62ND REPRESENTATIVE,1,7826,SHARYN I.,ELMAN,,LAKE,5168,DEMOCRATIC,DEM
GP 2004,3RD APPELLATE - HOMER VACANCY,1,7827,MARY K.,O'BRIEN,,MARSHALL,438,DEMOCRATIC,DEM
GP 2004,3RD APPELLATE - HOMER VACANCY,1,7827,MARY K.,O'BRIEN,,IROQUOIS,674,DEMOCRATIC,DEM
GP 2004,3RD APPELLATE - HOMER VACANCY,1,7827,MARY K.,O'BRIEN,,MERCER,1110,DEMOCRATIC,DEM
GP 2004,3RD APPELLATE - HOMER VACANCY,1,7827,MARY K.,O'BRIEN,,STARK,147,DEMOCRATIC,DEM
GP 2004,3RD APPELLATE - HOMER VACANCY,1,7827,MARY K.,O'BRIEN,,FULTON,3953,DEMOCRATIC,DEM
GP 2004,3RD APPELLATE - HOMER VACANCY,1,7827,MARY K.,O'BRIEN,,HANCOCK,577,DEMOCRATIC,DEM
GP 2004,3RD APPELLATE - HOMER VACANCY,1,7827,MARY K.,O'BRIEN,,BUREAU,1704,DEMOCRATIC,DEM
GP 2004,3RD APPELLATE - HOMER VACANCY,1,7827,MARY K.,O'BRIEN,,WARREN,582,DEMOCRATIC,DEM
GP 2004,3RD APPELLATE - HOMER VACANCY,1,7827,MARY K.,O'BRIEN,,HENDERSON,222,DEMOCRATIC,DEM
GP 2004,3RD APPELLATE - HOMER VACANCY,1,7827,MARY K.,O'BRIEN,,ROCK ISLAND,8285,DEMOCRATIC,DEM
GP 2004,3RD APPELLATE - HOMER VACANCY,1,7827,MARY K.,O'BRIEN,,WHITESIDE,1550,DEMOCRATIC,DEM
GP 2004,3RD APPELLATE - HOMER VACANCY,1,7827,MARY K.,O'BRIEN,,WILL,20096,DEMOCRATIC,DEM
GP 2004,3RD APPELLATE - HOMER VACANCY,1,7827,MARY K.,O'BRIEN,,PUTNAM,584,DEMOCRATIC,DEM
GP 2004,3RD APPELLATE - HOMER VACANCY,1,7827,MARY K.,O'BRIEN,,GRUNDY,2577,DEMOCRATIC,DEM
GP 2004,3RD APPELLATE - HOMER VACANCY,1,7827,MARY K.,O'BRIEN,,TAZEWELL,4190,DEMOCRATIC,DEM
GP 2004,3RD APPELLATE - HOMER VACANCY,1,7827,MARY K.,O'BRIEN,,LaSALLE,5288,DEMOCRATIC,DEM
GP 2004,3RD APPELLATE - HOMER VACANCY,1,7827,MARY K.,O'BRIEN,,HENRY,1454,DEMOCRATIC,DEM
GP 2004,3RD APPELLATE - HOMER VACANCY,1,7827,MARY K.,O'BRIEN,,McDONOUGH,896,DEMOCRATIC,DEM
GP 2004,3RD APPELLATE - HOMER VACANCY,1,7827,MARY K.,O'BRIEN,,KNOX,2145,DEMOCRATIC,DEM
GP 2004,3RD APPELLATE - HOMER VACANCY,1,7827,MARY K.,O'BRIEN,,PEORIA,8233,DEMOCRATIC,DEM
GP 2004,3RD APPELLATE - HOMER VACANCY,1,7827,MARY K.,O'BRIEN,,KANKAKEE,5040,DEMOCRATIC,DEM
GP 2004,47TH REPRESENTATIVE,1,7828,JAMES,CAVALLO,,DuPAGE,6486,DEMOCRATIC,DEM
GP 2004,48TH REPRESENTATIVE,1,7829,GUY,ROSENTHAL,,WILL,520,DEMOCRATIC,DEM
GP 2004,48TH REPRESENTATIVE,1,7829,GUY,ROSENTHAL,,DuPAGE,5225,DEMOCRATIC,DEM
GP 2004,82ND REPRESENTATIVE,1,7830,KIM,SAVAGE,,WILL,20,DEMOCRATIC,DEM
GP 2004,82ND REPRESENTATIVE,1,7830,KIM,SAVAGE,,COOK,4506,DEMOCRATIC,DEM
GP 2004,82ND REPRESENTATIVE,1,7830,KIM,SAVAGE,,DuPAGE,3030,DEMOCRATIC,DEM
GP 2004,"1ST CIRCUIT- WATT, JR. VACANCY",1,7831,P. MICHAEL,KIMMEL,,JACKSON,2145,REPUBLICAN,REP
GP 2004,6TH REPRESENTATIVE,1,7832,AARON,PATTERSON,,COOK,1916,DEMOCRATIC,DEM
GP 2004,7TH CONGRESS,1,7833,ANITA,RIVKIN-CAROTHERS,,COOK,15190,DEMOCRATIC,DEM
GP 2004,28TH REPRESENTATIVE,1,7835,BRENDA,WILLIAMS,,COOK,2757,DEMOCRATIC,DEM
GP 2004,24TH REPRESENTATIVE,1,7836,"ELIZABETH ""LISA""",HERNANDEZ,,COOK,1538,DEMOCRATIC,DEM
GP 2004,92ND REPRESENTATIVE,1,7837,AARON,SCHOCK,,PEORIA,4221,REPUBLICAN,REP
GP 2004,107TH REPRESENTATIVE,1,7838,"WAYNE ""WEINER""",STEEVENS,,CLINTON,646,REPUBLICAN,REP
GP 2004,107TH REPRESENTATIVE,1,7838,"WAYNE ""WEINER""",STEEVENS,,FAYETTE,47,REPUBLICAN,REP
GP 2004,107TH REPRESENTATIVE,1,7838,"WAYNE ""WEINER""",STEEVENS,,MARION,1112,REPUBLICAN,REP
GP 2004,107TH REPRESENTATIVE,1,7838,"WAYNE ""WEINER""",STEEVENS,,JEFFERSON,1125,REPUBLICAN,REP
GP 2004,COOK CIRCUIT- SALYERS VACANCY,1,7840,WILLIAM BURNETT,RAINES,,COOK,42341,DEMOCRATIC,DEM
GP 2004,7TH CONGRESS,1,7842,ANTONIO,DAVIS-FAIRMAN,,COOK,6780,REPUBLICAN,REP
GP 2004,COOK CIRCUIT- SIRACUSA VACANCY,1,7844,SUSAN PATRICIA,MALONE,,COOK,93926,DEMOCRATIC,DEM
GP 2004,COOK CIRCUIT- SIRACUSA VACANCY,1,7848,TERRENCE J.,McCONVILLE,,COOK,20708,DEMOCRATIC,DEM
GP 2004,114TH REPRESENTATIVE,1,7849,LINDA,LEHR,,MADISON,5,REPUBLICAN,REP
GP 2004,114TH REPRESENTATIVE,1,7849,LINDA,LEHR,,ST. CLAIR,2084,REPUBLICAN,REP
GP 2004,5TH CONGRESS,1,7850,MARK ARNOLD,FREDRICKSON,,COOK,12255,DEMOCRATIC,DEM
GP 2004,32ND SENATE,1,7852,PATRICK,OUIMET,,McHENRY,10978,DEMOCRATIC,DEM
GP 2004,38TH SENATE,1,7854,PAT,WELCH,,IROQUOIS,78,DEMOCRATIC,DEM
GP 2004,38TH SENATE,1,7854,PAT,WELCH,,LIVINGSTON,232,DEMOCRATIC,DEM
GP 2004,38TH SENATE,1,7854,PAT,WELCH,,BUREAU,1830,DEMOCRATIC,DEM
GP 2004,38TH SENATE,1,7854,PAT,WELCH,,WILL,1408,DEMOCRATIC,DEM
GP 2004,38TH SENATE,1,7854,PAT,WELCH,,PUTNAM,979,DEMOCRATIC,DEM
GP 2004,38TH SENATE,1,7854,PAT,WELCH,,GRUNDY,2653,DEMOCRATIC,DEM
GP 2004,38TH SENATE,1,7854,PAT,WELCH,,LaSALLE,6526,DEMOCRATIC,DEM
GP 2004,38TH SENATE,1,7854,PAT,WELCH,,KANKAKEE,1058,DEMOCRATIC,DEM
GP 2004,COOK CIRCUIT- SALYERS VACANCY,1,7855,JOHN JOSEPH,COYNE,,COOK,108906,REPUBLICAN,REP
GP 2004,16TH CONGRESS,1,7857,JOHN H.,KUTSCH,,WHITESIDE,417,DEMOCRATIC,DEM
GP 2004,16TH CONGRESS,1,7857,JOHN H.,KUTSCH,,OGLE,1983,DEMOCRATIC,DEM
GP 2004,16TH CONGRESS,1,7857,JOHN H.,KUTSCH,,STEPHENSON,1899,DEMOCRATIC,DEM
GP 2004,16TH CONGRESS,1,7857,JOHN H.,KUTSCH,,JoDAVIESS,1132,DEMOCRATIC,DEM
GP 2004,16TH CONGRESS,1,7857,JOHN H.,KUTSCH,,CARROLL,709,DEMOCRATIC,DEM
GP 2004,16TH CONGRESS,1,7857,JOHN H.,KUTSCH,,BOONE,2313,DEMOCRATIC,DEM
GP 2004,16TH CONGRESS,1,7857,JOHN H.,KUTSCH,,WINNEBAGO,16491,DEMOCRATIC,DEM
GP 2004,16TH CONGRESS,1,7857,JOHN H.,KUTSCH,,McHENRY,8534,DEMOCRATIC,DEM
GP 2004,16TH CONGRESS,1,7857,JOHN H.,KUTSCH,,DeKALB,663,DEMOCRATIC,DEM
GP 2004,106TH REPRESENTATIVE,1,7858,"SCOTT ""LASSIE""",CRAWFORD,,LIVINGSTON,555,DEMOCRATIC,DEM
GP 2004,106TH REPRESENTATIVE,1,7858,"SCOTT ""LASSIE""",CRAWFORD,,WOODFORD,511,DEMOCRATIC,DEM
GP 2004,106TH REPRESENTATIVE,1,7858,"SCOTT ""LASSIE""",CRAWFORD,,TAZEWELL,1515,DEMOCRATIC,DEM
GP 2004,106TH REPRESENTATIVE,1,7858,"SCOTT ""LASSIE""",CRAWFORD,,LaSALLE,93,DEMOCRATIC,DEM
GP 2004,106TH REPRESENTATIVE,1,7858,"SCOTT ""LASSIE""",CRAWFORD,,McLEAN,1527,DEMOCRATIC,DEM
GP 2004,58TH REPRESENTATIVE,1,7860,MARC P.,BROWN,,LAKE,2203,REPUBLICAN,REP
GP 2004,58TH REPRESENTATIVE,1,7860,MARC P.,BROWN,,COOK,639,REPUBLICAN,REP
GP 2004,33RD REPRESENTATIVE,1,7861,DERRICK,PRINCE,,COOK,5652,DEMOCRATIC,DEM
GP 2004,UNITED STATES SENATOR,1,7862,JOYCE,WASHINGTON,,BROWN,3,DEMOCRATIC,DEM
GP 2004,UNITED STATES SENATOR,1,7862,JOYCE,WASHINGTON,,CLAY,34,DEMOCRATIC,DEM
GP 2004,UNITED STATES SENATOR,1,7862,JOYCE,WASHINGTON,,HARDIN,11,DEMOCRATIC,DEM
GP 2004,UNITED STATES SENATOR,1,7862,JOYCE,WASHINGTON,,JERSEY,25,DEMOCRATIC,DEM
GP 2004,UNITED STATES SENATOR,1,7862,JOYCE,WASHINGTON,,LOGAN,7,DEMOCRATIC,DEM
GP 2004,UNITED STATES SENATOR,1,7862,JOYCE,WASHINGTON,,RICHLAND,30,DEMOCRATIC,DEM
GP 2004,UNITED STATES SENATOR,1,7862,JOYCE,WASHINGTON,,SCHUYLER,3,DEMOCRATIC,DEM
GP 2004,UNITED STATES SENATOR,1,7862,JOYCE,WASHINGTON,,WASHINGTON,22,DEMOCRATIC,DEM
GP 2004,UNITED STATES SENATOR,1,7862,JOYCE,WASHINGTON,,BOND,15,DEMOCRATIC,DEM
GP 2004,UNITED STATES SENATOR,1,7862,JOYCE,WASHINGTON,,CLINTON,8,DEMOCRATIC,DEM
GP 2004,UNITED STATES SENATOR,1,7862,JOYCE,WASHINGTON,,JASPER,16,DEMOCRATIC,DEM
GP 2004,UNITED STATES SENATOR,1,7862,JOYCE,WASHINGTON,,MARSHALL,11,DEMOCRATIC,DEM
GP 2004,UNITED STATES SENATOR,1,7862,JOYCE,WASHINGTON,,EDGAR,19,DEMOCRATIC,DEM
GP 2004,UNITED STATES SENATOR,1,7862,JOYCE,WASHINGTON,,FORD,10,DEMOCRATIC,DEM
GP 2004,UNITED STATES SENATOR,1,7862,JOYCE,WASHINGTON,,GREENE,20,DEMOCRATIC,DEM
GP 2004,UNITED STATES SENATOR,1,7862,JOYCE,WASHINGTON,,IROQUOIS,19,DEMOCRATIC,DEM
GP 2004,UNITED STATES SENATOR,1,7862,JOYCE,WASHINGTON,,JOHNSON,10,DEMOCRATIC,DEM
GP 2004,UNITED STATES SENATOR,1,7862,JOYCE,WASHINGTON,,LIVINGSTON,21,DEMOCRATIC,DEM
GP 2004,UNITED STATES SENATOR,1,7862,JOYCE,WASHINGTON,,MENARD,3,DEMOCRATIC,DEM
GP 2004,UNITED STATES SENATOR,1,7862,JOYCE,WASHINGTON,,MERCER,22,DEMOCRATIC,DEM
GP 2004,UNITED STATES SENATOR,1,7862,JOYCE,WASHINGTON,,PERRY,23,DEMOCRATIC,DEM
GP 2004,UNITED STATES SENATOR,1,7862,JOYCE,WASHINGTON,,PIATT,6,DEMOCRATIC,DEM
GP 2004,UNITED STATES SENATOR,1,7862,JOYCE,WASHINGTON,,STARK,3,DEMOCRATIC,DEM
GP 2004,UNITED STATES SENATOR,1,7862,JOYCE,WASHINGTON,,WILLIAMSON,36,DEMOCRATIC,DEM
GP 2004,UNITED STATES SENATOR,1,7862,JOYCE,WASHINGTON,,WOODFORD,22,DEMOCRATIC,DEM
GP 2004,UNITED STATES SENATOR,1,7862,JOYCE,WASHINGTON,,FULTON,74,DEMOCRATIC,DEM
GP 2004,UNITED STATES SENATOR,1,7862,JOYCE,WASHINGTON,,HAMILTON,10,DEMOCRATIC,DEM
GP 2004,UNITED STATES SENATOR,1,7862,JOYCE,WASHINGTON,,HANCOCK,14,DEMOCRATIC,DEM
GP 2004,UNITED STATES SENATOR,1,7862,JOYCE,WASHINGTON,,MACOUPIN,79,DEMOCRATIC,DEM
GP 2004,UNITED STATES SENATOR,1,7862,JOYCE,WASHINGTON,,MASON,28,DEMOCRATIC,DEM
GP 2004,UNITED STATES SENATOR,1,7862,JOYCE,WASHINGTON,,MONROE,9,DEMOCRATIC,DEM
GP 2004,UNITED STATES SENATOR,1,7862,JOYCE,WASHINGTON,,SHELBY,21,DEMOCRATIC,DEM
GP 2004,UNITED STATES SENATOR,1,7862,JOYCE,WASHINGTON,,BUREAU,33,DEMOCRATIC,DEM
GP 2004,UNITED STATES SENATOR,1,7862,JOYCE,WASHINGTON,,WARREN,12,DEMOCRATIC,DEM
GP 2004,UNITED STATES SENATOR,1,7862,JOYCE,WASHINGTON,,DOUGLAS,7,DEMOCRATIC,DEM
GP 2004,UNITED STATES SENATOR,1,7862,JOYCE,WASHINGTON,,COLES,19,DEMOCRATIC,DEM
GP 2004,UNITED STATES SENATOR,1,7862,JOYCE,WASHINGTON,,EDWARDS,9,DEMOCRATIC,DEM
GP 2004,UNITED STATES SENATOR,1,7862,JOYCE,WASHINGTON,,PIKE,17,DEMOCRATIC,DEM
GP 2004,UNITED STATES SENATOR,1,7862,JOYCE,WASHINGTON,,HENDERSON,8,DEMOCRATIC,DEM
GP 2004,UNITED STATES SENATOR,1,7862,JOYCE,WASHINGTON,,JACKSON,63,DEMOCRATIC,DEM
GP 2004,UNITED STATES SENATOR,1,7862,JOYCE,WASHINGTON,,ROCK ISLAND,216,DEMOCRATIC,DEM
GP 2004,UNITED STATES SENATOR,1,7862,JOYCE,WASHINGTON,,LEE,37,DEMOCRATIC,DEM
GP 2004,UNITED STATES SENATOR,1,7862,JOYCE,WASHINGTON,,CASS,15,DEMOCRATIC,DEM
GP 2004,UNITED STATES SENATOR,1,7862,JOYCE,WASHINGTON,,WHITE,35,DEMOCRATIC,DEM
GP 2004,UNITED STATES SENATOR,1,7862,JOYCE,WASHINGTON,,CRAWFORD,20,DEMOCRATIC,DEM
GP 2004,UNITED STATES SENATOR,1,7862,JOYCE,WASHINGTON,,WHITESIDE,58,DEMOCRATIC,DEM
GP 2004,UNITED STATES SENATOR,1,7862,JOYCE,WASHINGTON,,MORGAN,17,DEMOCRATIC,DEM
GP 2004,UNITED STATES SENATOR,1,7862,JOYCE,WASHINGTON,,OGLE,31,DEMOCRATIC,DEM
GP 2004,UNITED STATES SENATOR,1,7862,JOYCE,WASHINGTON,,FRANKLIN,68,DEMOCRATIC,DEM
GP 2004,UNITED STATES SENATOR,1,7862,JOYCE,WASHINGTON,,FAYETTE,17,DEMOCRATIC,DEM
GP 2004,UNITED STATES SENATOR,1,7862,JOYCE,WASHINGTON,,RANDOLPH,38,DEMOCRATIC,DEM
GP 2004,UNITED STATES SENATOR,1,7862,JOYCE,WASHINGTON,,MARION,53,DEMOCRATIC,DEM
GP 2004,UNITED STATES SENATOR,1,7862,JOYCE,WASHINGTON,,SALINE,39,DEMOCRATIC,DEM
GP 2004,UNITED STATES SENATOR,1,7862,JOYCE,WASHINGTON,,MASSAC,21,DEMOCRATIC,DEM
GP 2004,UNITED STATES SENATOR,1,7862,JOYCE,WASHINGTON,,WILL,365,DEMOCRATIC,DEM
GP 2004,UNITED STATES SENATOR,1,7862,JOYCE,WASHINGTON,,CLARK,35,DEMOCRATIC,DEM
GP 2004,UNITED STATES SENATOR,1,7862,JOYCE,WASHINGTON,,CALHOUN,2,DEMOCRATIC,DEM
GP 2004,UNITED STATES SENATOR,1,7862,JOYCE,WASHINGTON,,STEPHENSON,58,DEMOCRATIC,DEM
GP 2004,UNITED STATES SENATOR,1,7862,JOYCE,WASHINGTON,,GALLATIN,30,DEMOCRATIC,DEM
GP 2004,UNITED STATES SENATOR,1,7862,JOYCE,WASHINGTON,,MONTGOMERY,35,DEMOCRATIC,DEM
GP 2004,UNITED STATES SENATOR,1,7862,JOYCE,WASHINGTON,,JEFFERSON,20,DEMOCRATIC,DEM
GP 2004,UNITED STATES SENATOR,1,7862,JOYCE,WASHINGTON,,PUTNAM,19,DEMOCRATIC,DEM
GP 2004,UNITED STATES SENATOR,1,7862,JOYCE,WASHINGTON,,WABASH,51,DEMOCRATIC,DEM
GP 2004,UNITED STATES SENATOR,1,7862,JOYCE,WASHINGTON,,MADISON,188,DEMOCRATIC,DEM
GP 2004,UNITED STATES SENATOR,1,7862,JOYCE,WASHINGTON,,GRUNDY,24,DEMOCRATIC,DEM
GP 2004,UNITED STATES SENATOR,1,7862,JOYCE,WASHINGTON,,JoDAVIESS,42,DEMOCRATIC,DEM
GP 2004,UNITED STATES SENATOR,1,7862,JOYCE,WASHINGTON,,TAZEWELL,90,DEMOCRATIC,DEM
GP 2004,UNITED STATES SENATOR,1,7862,JOYCE,WASHINGTON,,SANGAMON,152,DEMOCRATIC,DEM
GP 2004,UNITED STATES SENATOR,1,7862,JOYCE,WASHINGTON,,EFFINGHAM,52,DEMOCRATIC,DEM
GP 2004,UNITED STATES SENATOR,1,7862,JOYCE,WASHINGTON,,LAKE,371,DEMOCRATIC,DEM
GP 2004,UNITED STATES SENATOR,1,7862,JOYCE,WASHINGTON,,LaSALLE,69,DEMOCRATIC,DEM
GP 2004,UNITED STATES SENATOR,1,7862,JOYCE,WASHINGTON,,HENRY,33,DEMOCRATIC,DEM
GP 2004,UNITED STATES SENATOR,1,7862,JOYCE,WASHINGTON,,McDONOUGH,23,DEMOCRATIC,DEM
GP 2004,UNITED STATES SENATOR,1,7862,JOYCE,WASHINGTON,,CHAMPAIGN,164,DEMOCRATIC,DEM
GP 2004,UNITED STATES SENATOR,1,7862,JOYCE,WASHINGTON,,SCOTT,2,DEMOCRATIC,DEM
GP 2004,UNITED STATES SENATOR,1,7862,JOYCE,WASHINGTON,,CARROLL,15,DEMOCRATIC,DEM
GP 2004,UNITED STATES SENATOR,1,7862,JOYCE,WASHINGTON,,MACON,136,DEMOCRATIC,DEM
GP 2004,UNITED STATES SENATOR,1,7862,JOYCE,WASHINGTON,,POPE,8,DEMOCRATIC,DEM
GP 2004,UNITED STATES SENATOR,1,7862,JOYCE,WASHINGTON,,KNOX,56,DEMOCRATIC,DEM
GP 2004,UNITED STATES SENATOR,1,7862,JOYCE,WASHINGTON,,MOULTRIE,9,DEMOCRATIC,DEM
GP 2004,UNITED STATES SENATOR,1,7862,JOYCE,WASHINGTON,,PEORIA,217,DEMOCRATIC,DEM
GP 2004,UNITED STATES SENATOR,1,7862,JOYCE,WASHINGTON,,ADAMS,87,DEMOCRATIC,DEM
GP 2004,UNITED STATES SENATOR,1,7862,JOYCE,WASHINGTON,,CUMBERLAND,25,DEMOCRATIC,DEM
GP 2004,UNITED STATES SENATOR,1,7862,JOYCE,WASHINGTON,,WAYNE,13,DEMOCRATIC,DEM
GP 2004,UNITED STATES SENATOR,1,7862,JOYCE,WASHINGTON,,KENDALL,24,DEMOCRATIC,DEM
GP 2004,UNITED STATES SENATOR,1,7862,JOYCE,WASHINGTON,,KANKAKEE,119,DEMOCRATIC,DEM
GP 2004,UNITED STATES SENATOR,1,7862,JOYCE,WASHINGTON,,WINNEBAGO,325,DEMOCRATIC,DEM
GP 2004,UNITED STATES SENATOR,1,7862,JOYCE,WASHINGTON,,CHRISTIAN,46,DEMOCRATIC,DEM
GP 2004,UNITED STATES SENATOR,1,7862,JOYCE,WASHINGTON,,LAWRENCE,28,DEMOCRATIC,DEM
GP 2004,UNITED STATES SENATOR,1,7862,JOYCE,WASHINGTON,,McHENRY,168,DEMOCRATIC,DEM
GP 2004,UNITED STATES SENATOR,1,7862,JOYCE,WASHINGTON,,DeWITT,31,DEMOCRATIC,DEM
GP 2004,UNITED STATES SENATOR,1,7862,JOYCE,WASHINGTON,,BOONE,43,DEMOCRATIC,DEM
GP 2004,UNITED STATES SENATOR,1,7862,JOYCE,WASHINGTON,,KANE,210,DEMOCRATIC,DEM
GP 2004,UNITED STATES SENATOR,1,7862,JOYCE,WASHINGTON,,DeKALB,40,DEMOCRATIC,DEM
GP 2004,UNITED STATES SENATOR,1,7862,JOYCE,WASHINGTON,,COOK,7171,DEMOCRATIC,DEM
GP 2004,UNITED STATES SENATOR,1,7862,JOYCE,WASHINGTON,,McLEAN,173,DEMOCRATIC,DEM
GP 2004,UNITED STATES SENATOR,1,7862,JOYCE,WASHINGTON,,UNION,52,DEMOCRATIC,DEM
GP 2004,UNITED STATES SENATOR,1,7862,JOYCE,WASHINGTON,,ST. CLAIR,390,DEMOCRATIC,DEM
GP 2004,UNITED STATES SENATOR,1,7862,JOYCE,WASHINGTON,,VERMILION,64,DEMOCRATIC,DEM
GP 2004,UNITED STATES SENATOR,1,7862,JOYCE,WASHINGTON,,ALEXANDER,28,DEMOCRATIC,DEM
GP 2004,UNITED STATES SENATOR,1,7862,JOYCE,WASHINGTON,,PULASKI,20,DEMOCRATIC,DEM
GP 2004,UNITED STATES SENATOR,1,7862,JOYCE,WASHINGTON,,DuPAGE,585,DEMOCRATIC,DEM
GP 2004,28TH REPRESENTATIVE,1,7863,LADONNA,THOMAS,,COOK,896,DEMOCRATIC,DEM
GP 2004,27TH REPRESENTATIVE,1,7864,JeROME,BROWN,,COOK,4195,DEMOCRATIC,DEM
GP 2004,99TH REPRESENTATIVE,1,7865,"CAROL J. ""C.J.""",HIGGASON,,SANGAMON,4518,DEMOCRATIC,DEM
GP 2004,12TH SUBCIRCUIT - SMITH VACANCY,1,7866,ATHENA FRENTZAS,BUBARIS,,COOK,4856,REPUBLICAN,REP
GP 2004,32ND REPRESENTATIVE,1,7867,EROLD,ELYSEE,,COOK,360,DEMOCRATIC,DEM
GP 2004,COOK CIRCUIT- ORLANDO VACANCY,1,7868,PATRICK D.,FLANAGAN,,COOK,89655,DEMOCRATIC,DEM
GP 2004,28TH REPRESENTATIVE,1,7871,"KATRINA ""KI-KI""",GINES,,COOK,750,DEMOCRATIC,DEM
GP 2004,6TH REPRESENTATIVE,1,7872,JERRY,WASHINGTON,,COOK,2352,DEMOCRATIC,DEM
GP 2004,10TH SUBCIRCUIT - FLEMING VACANCY,1,7873,CAROLYN,QUINN,,COOK,11069,DEMOCRATIC,DEM
GP 2004,4TH CONGRESS,1,7874,TONY,CISNEROS,,COOK,3296,REPUBLICAN,REP
GP 2004,4TH CONGRESS,1,7875,JAKE,WITMER,,COOK,42,LIBERTARIAN,LIB
GP 2004,UNITED STATES SENATOR,1,7876,NANCY,SKINNER,,BROWN,6,DEMOCRATIC,DEM
GP 2004,UNITED STATES SENATOR,1,7876,NANCY,SKINNER,,CLAY,91,DEMOCRATIC,DEM
GP 2004,UNITED STATES SENATOR,1,7876,NANCY,SKINNER,,HARDIN,24,DEMOCRATIC,DEM
GP 2004,UNITED STATES SENATOR,1,7876,NANCY,SKINNER,,JERSEY,60,DEMOCRATIC,DEM
GP 2004,UNITED STATES SENATOR,1,7876,NANCY,SKINNER,,LOGAN,30,DEMOCRATIC,DEM
GP 2004,UNITED STATES SENATOR,1,7876,NANCY,SKINNER,,RICHLAND,40,DEMOCRATIC,DEM
GP 2004,UNITED STATES SENATOR,1,7876,NANCY,SKINNER,,SCHUYLER,9,DEMOCRATIC,DEM
GP 2004,UNITED STATES SENATOR,1,7876,NANCY,SKINNER,,WASHINGTON,39,DEMOCRATIC,DEM
GP 2004,UNITED STATES SENATOR,1,7876,NANCY,SKINNER,,BOND,33,DEMOCRATIC,DEM
GP 2004,UNITED STATES SENATOR,1,7876,NANCY,SKINNER,,CLINTON,28,DEMOCRATIC,DEM
GP 2004,UNITED STATES SENATOR,1,7876,NANCY,SKINNER,,JASPER,29,DEMOCRATIC,DEM
GP 2004,UNITED STATES SENATOR,1,7876,NANCY,SKINNER,,MARSHALL,22,DEMOCRATIC,DEM
GP 2004,UNITED STATES SENATOR,1,7876,NANCY,SKINNER,,EDGAR,36,DEMOCRATIC,DEM
GP 2004,UNITED STATES SENATOR,1,7876,NANCY,SKINNER,,FORD,17,DEMOCRATIC,DEM
GP 2004,UNITED STATES SENATOR,1,7876,NANCY,SKINNER,,GREENE,75,DEMOCRATIC,DEM
GP 2004,UNITED STATES SENATOR,1,7876,NANCY,SKINNER,,IROQUOIS,38,DEMOCRATIC,DEM
GP 2004,UNITED STATES SENATOR,1,7876,NANCY,SKINNER,,JOHNSON,20,DEMOCRATIC,DEM
GP 2004,UNITED STATES SENATOR,1,7876,NANCY,SKINNER,,LIVINGSTON,61,DEMOCRATIC,DEM
GP 2004,UNITED STATES SENATOR,1,7876,NANCY,SKINNER,,MENARD,16,DEMOCRATIC,DEM
GP 2004,UNITED STATES SENATOR,1,7876,NANCY,SKINNER,,MERCER,50,DEMOCRATIC,DEM
GP 2004,UNITED STATES SENATOR,1,7876,NANCY,SKINNER,,PERRY,37,DEMOCRATIC,DEM
GP 2004,UNITED STATES SENATOR,1,7876,NANCY,SKINNER,,PIATT,25,DEMOCRATIC,DEM
GP 2004,UNITED STATES SENATOR,1,7876,NANCY,SKINNER,,STARK,5,DEMOCRATIC,DEM
GP 2004,UNITED STATES SENATOR,1,7876,NANCY,SKINNER,,WILLIAMSON,57,DEMOCRATIC,DEM
GP 2004,UNITED STATES SENATOR,1,7876,NANCY,SKINNER,,WOODFORD,47,DEMOCRATIC,DEM
GP 2004,UNITED STATES SENATOR,1,7876,NANCY,SKINNER,,FULTON,200,DEMOCRATIC,DEM
GP 2004,UNITED STATES SENATOR,1,7876,NANCY,SKINNER,,HAMILTON,40,DEMOCRATIC,DEM
GP 2004,UNITED STATES SENATOR,1,7876,NANCY,SKINNER,,HANCOCK,36,DEMOCRATIC,DEM
GP 2004,UNITED STATES SENATOR,1,7876,NANCY,SKINNER,,MACOUPIN,223,DEMOCRATIC,DEM
GP 2004,UNITED STATES SENATOR,1,7876,NANCY,SKINNER,,MASON,44,DEMOCRATIC,DEM
GP 2004,UNITED STATES SENATOR,1,7876,NANCY,SKINNER,,MONROE,29,DEMOCRATIC,DEM
GP 2004,UNITED STATES SENATOR,1,7876,NANCY,SKINNER,,SHELBY,63,DEMOCRATIC,DEM
GP 2004,UNITED STATES SENATOR,1,7876,NANCY,SKINNER,,BUREAU,102,DEMOCRATIC,DEM
GP 2004,UNITED STATES SENATOR,1,7876,NANCY,SKINNER,,WARREN,25,DEMOCRATIC,DEM
GP 2004,UNITED STATES SENATOR,1,7876,NANCY,SKINNER,,DOUGLAS,25,DEMOCRATIC,DEM
GP 2004,UNITED STATES SENATOR,1,7876,NANCY,SKINNER,,COLES,68,DEMOCRATIC,DEM
GP 2004,UNITED STATES SENATOR,1,7876,NANCY,SKINNER,,EDWARDS,27,DEMOCRATIC,DEM
GP 2004,UNITED STATES SENATOR,1,7876,NANCY,SKINNER,,PIKE,60,DEMOCRATIC,DEM
GP 2004,UNITED STATES SENATOR,1,7876,NANCY,SKINNER,,HENDERSON,13,DEMOCRATIC,DEM
GP 2004,UNITED STATES SENATOR,1,7876,NANCY,SKINNER,,JACKSON,130,DEMOCRATIC,DEM
GP 2004,UNITED STATES SENATOR,1,7876,NANCY,SKINNER,,ROCK ISLAND,284,DEMOCRATIC,DEM
GP 2004,UNITED STATES SENATOR,1,7876,NANCY,SKINNER,,LEE,73,DEMOCRATIC,DEM
GP 2004,UNITED STATES SENATOR,1,7876,NANCY,SKINNER,,CASS,26,DEMOCRATIC,DEM
GP 2004,UNITED STATES SENATOR,1,7876,NANCY,SKINNER,,WHITE,60,DEMOCRATIC,DEM
GP 2004,UNITED STATES SENATOR,1,7876,NANCY,SKINNER,,CRAWFORD,49,DEMOCRATIC,DEM
GP 2004,UNITED STATES SENATOR,1,7876,NANCY,SKINNER,,WHITESIDE,119,DEMOCRATIC,DEM
GP 2004,UNITED STATES SENATOR,1,7876,NANCY,SKINNER,,MORGAN,38,DEMOCRATIC,DEM
GP 2004,UNITED STATES SENATOR,1,7876,NANCY,SKINNER,,OGLE,58,DEMOCRATIC,DEM
GP 2004,UNITED STATES SENATOR,1,7876,NANCY,SKINNER,,FRANKLIN,132,DEMOCRATIC,DEM
GP 2004,UNITED STATES SENATOR,1,7876,NANCY,SKINNER,,FAYETTE,54,DEMOCRATIC,DEM
GP 2004,UNITED STATES SENATOR,1,7876,NANCY,SKINNER,,RANDOLPH,99,DEMOCRATIC,DEM
GP 2004,UNITED STATES SENATOR,1,7876,NANCY,SKINNER,,MARION,120,DEMOCRATIC,DEM
GP 2004,UNITED STATES SENATOR,1,7876,NANCY,SKINNER,,SALINE,81,DEMOCRATIC,DEM
GP 2004,UNITED STATES SENATOR,1,7876,NANCY,SKINNER,,MASSAC,16,DEMOCRATIC,DEM
GP 2004,UNITED STATES SENATOR,1,7876,NANCY,SKINNER,,WILL,657,DEMOCRATIC,DEM
GP 2004,UNITED STATES SENATOR,1,7876,NANCY,SKINNER,,CLARK,50,DEMOCRATIC,DEM
GP 2004,UNITED STATES SENATOR,1,7876,NANCY,SKINNER,,CALHOUN,12,DEMOCRATIC,DEM
GP 2004,UNITED STATES SENATOR,1,7876,NANCY,SKINNER,,STEPHENSON,53,DEMOCRATIC,DEM
GP 2004,UNITED STATES SENATOR,1,7876,NANCY,SKINNER,,GALLATIN,72,DEMOCRATIC,DEM
GP 2004,UNITED STATES SENATOR,1,7876,NANCY,SKINNER,,MONTGOMERY,78,DEMOCRATIC,DEM
GP 2004,UNITED STATES SENATOR,1,7876,NANCY,SKINNER,,JEFFERSON,52,DEMOCRATIC,DEM
GP 2004,UNITED STATES SENATOR,1,7876,NANCY,SKINNER,,PUTNAM,44,DEMOCRATIC,DEM
GP 2004,UNITED STATES SENATOR,1,7876,NANCY,SKINNER,,WABASH,104,DEMOCRATIC,DEM
GP 2004,UNITED STATES SENATOR,1,7876,NANCY,SKINNER,,MADISON,371,DEMOCRATIC,DEM
GP 2004,UNITED STATES SENATOR,1,7876,NANCY,SKINNER,,GRUNDY,58,DEMOCRATIC,DEM
GP 2004,UNITED STATES SENATOR,1,7876,NANCY,SKINNER,,JoDAVIESS,72,DEMOCRATIC,DEM
GP 2004,UNITED STATES SENATOR,1,7876,NANCY,SKINNER,,TAZEWELL,176,DEMOCRATIC,DEM
GP 2004,UNITED STATES SENATOR,1,7876,NANCY,SKINNER,,SANGAMON,186,DEMOCRATIC,DEM
GP 2004,UNITED STATES SENATOR,1,7876,NANCY,SKINNER,,EFFINGHAM,108,DEMOCRATIC,DEM
GP 2004,UNITED STATES SENATOR,1,7876,NANCY,SKINNER,,LAKE,737,DEMOCRATIC,DEM
GP 2004,UNITED STATES SENATOR,1,7876,NANCY,SKINNER,,LaSALLE,214,DEMOCRATIC,DEM
GP 2004,UNITED STATES SENATOR,1,7876,NANCY,SKINNER,,HENRY,63,DEMOCRATIC,DEM
GP 2004,UNITED STATES SENATOR,1,7876,NANCY,SKINNER,,McDONOUGH,44,DEMOCRATIC,DEM
GP 2004,UNITED STATES SENATOR,1,7876,NANCY,SKINNER,,CHAMPAIGN,227,DEMOCRATIC,DEM
GP 2004,UNITED STATES SENATOR,1,7876,NANCY,SKINNER,,SCOTT,11,DEMOCRATIC,DEM
GP 2004,UNITED STATES SENATOR,1,7876,NANCY,SKINNER,,CARROLL,24,DEMOCRATIC,DEM
GP 2004,UNITED STATES SENATOR,1,7876,NANCY,SKINNER,,MACON,152,DEMOCRATIC,DEM
GP 2004,UNITED STATES SENATOR,1,7876,NANCY,SKINNER,,POPE,6,DEMOCRATIC,DEM
GP 2004,UNITED STATES SENATOR,1,7876,NANCY,SKINNER,,KNOX,144,DEMOCRATIC,DEM
GP 2004,UNITED STATES SENATOR,1,7876,NANCY,SKINNER,,MOULTRIE,23,DEMOCRATIC,DEM
GP 2004,UNITED STATES SENATOR,1,7876,NANCY,SKINNER,,PEORIA,169,DEMOCRATIC,DEM
GP 2004,UNITED STATES SENATOR,1,7876,NANCY,SKINNER,,ADAMS,136,DEMOCRATIC,DEM
GP 2004,UNITED STATES SENATOR,1,7876,NANCY,SKINNER,,CUMBERLAND,42,DEMOCRATIC,DEM
GP 2004,UNITED STATES SENATOR,1,7876,NANCY,SKINNER,,WAYNE,24,DEMOCRATIC,DEM
GP 2004,UNITED STATES SENATOR,1,7876,NANCY,SKINNER,,KENDALL,63,DEMOCRATIC,DEM
GP 2004,UNITED STATES SENATOR,1,7876,NANCY,SKINNER,,KANKAKEE,127,DEMOCRATIC,DEM
GP 2004,UNITED STATES SENATOR,1,7876,NANCY,SKINNER,,BOONE,85,DEMOCRATIC,DEM
GP 2004,UNITED STATES SENATOR,1,7876,NANCY,SKINNER,,WINNEBAGO,383,DEMOCRATIC,DEM
GP 2004,UNITED STATES SENATOR,1,7876,NANCY,SKINNER,,CHRISTIAN,107,DEMOCRATIC,DEM
GP 2004,UNITED STATES SENATOR,1,7876,NANCY,SKINNER,,LAWRENCE,36,DEMOCRATIC,DEM
GP 2004,UNITED STATES SENATOR,1,7876,NANCY,SKINNER,,McHENRY,630,DEMOCRATIC,DEM
GP 2004,UNITED STATES SENATOR,1,7876,NANCY,SKINNER,,DeWITT,52,DEMOCRATIC,DEM
GP 2004,UNITED STATES SENATOR,1,7876,NANCY,SKINNER,,KANE,411,DEMOCRATIC,DEM
GP 2004,UNITED STATES SENATOR,1,7876,NANCY,SKINNER,,DeKALB,130,DEMOCRATIC,DEM
GP 2004,UNITED STATES SENATOR,1,7876,NANCY,SKINNER,,COOK,4765,DEMOCRATIC,DEM
GP 2004,UNITED STATES SENATOR,1,7876,NANCY,SKINNER,,McLEAN,204,DEMOCRATIC,DEM
GP 2004,UNITED STATES SENATOR,1,7876,NANCY,SKINNER,,UNION,115,DEMOCRATIC,DEM
GP 2004,UNITED STATES SENATOR,1,7876,NANCY,SKINNER,,ST. CLAIR,391,DEMOCRATIC,DEM
GP 2004,UNITED STATES SENATOR,1,7876,NANCY,SKINNER,,VERMILION,126,DEMOCRATIC,DEM
GP 2004,UNITED STATES SENATOR,1,7876,NANCY,SKINNER,,ALEXANDER,32,DEMOCRATIC,DEM
GP 2004,UNITED STATES SENATOR,1,7876,NANCY,SKINNER,,PULASKI,14,DEMOCRATIC,DEM
GP 2004,UNITED STATES SENATOR,1,7876,NANCY,SKINNER,,DuPAGE,1129,DEMOCRATIC,DEM
GP 2004,COOK CIRCUIT- O'MALLEY VACANCY,1,7877,BRIDGET HEALY,RYAN,,COOK,40277,DEMOCRATIC,DEM
GP 2004,COOK CIRCUIT- O'MALLEY VACANCY,1,7878,DAVID G.,McDERMOTT,,COOK,48224,DEMOCRATIC,DEM
GP 2004,13TH SUBCIRCUIT - A VACANCY,1,7879,JOHN J.,SCOTILLO,,COOK,5978,REPUBLICAN,REP
GP 2004,99TH REPRESENTATIVE,1,7881,JIM,DUNHAM,,SANGAMON,2390,DEMOCRATIC,DEM
GP 2004,15TH CIRCUIT- ANDERSON VACANCY,1,7882,STEPHEN S.,SCHMELZLE,,STEPHENSON,1899,REPUBLICAN,REP
GP 2004,20TH CIRCUIT- KARMEIER VACANCY,1,7883,DENNIS G.,HATCH,,WASHINGTON,867,DEMOCRATIC,DEM
GP 2004,15TH SUBCIRCUIT - LANIGAN VACANCY,1,7884,ANGELO J.,TOSCAS,,COOK,3404,REPUBLICAN,REP
GP 2004,15TH SUBCIRCUIT - LANIGAN VACANCY,1,7885,JIM,RYAN,,COOK,16641,DEMOCRATIC,DEM
GP 2004,15TH SUBCIRCUIT - LANIGAN VACANCY,1,7886,ROBERT A.,DAWCZAK,,COOK,3526,DEMOCRATIC,DEM
GP 2004,14TH CIRCUIT- DUNAGAN VACANCY,1,7887,JOHN L.,HAUPTMAN,,WHITESIDE,2335,REPUBLICAN,REP
GP 2004,11TH CIRCUIT - FREESE VACANCY,1,7888,SCOTT D.,DRAZEWSKI,,LOGAN,3306,REPUBLICAN,REP
GP 2004,11TH CIRCUIT - FREESE VACANCY,1,7888,SCOTT D.,DRAZEWSKI,,FORD,1123,REPUBLICAN,REP
GP 2004,11TH CIRCUIT - FREESE VACANCY,1,7888,SCOTT D.,DRAZEWSKI,,LIVINGSTON,4553,REPUBLICAN,REP
GP 2004,11TH CIRCUIT - FREESE VACANCY,1,7888,SCOTT D.,DRAZEWSKI,,WOODFORD,4247,REPUBLICAN,REP
GP 2004,11TH CIRCUIT - FREESE VACANCY,1,7888,SCOTT D.,DRAZEWSKI,,McLEAN,14316,REPUBLICAN,REP
GP 2004,15TH SUBCIRCUIT - LANIGAN VACANCY,1,7889,ANNA HELEN,DEMACOPOULOS,,COOK,9021,DEMOCRATIC,DEM
GP 2004,15TH CIRCUIT- ANDERSON VACANCY,1,7891,THERESA L.,URSIN,,STEPHENSON,3288,REPUBLICAN,REP
GP 2004,15TH SUBCIRCUIT - LANIGAN VACANCY,1,7892,BERNADETTE GARRISON,BARRETT,,COOK,11281,DEMOCRATIC,DEM
GP 2004,19TH CIRCUIT- GOSHGARIAN VACANCY,1,7893,FRED,FOREMAN,,LAKE,37386,REPUBLICAN,REP
GP 2004,15TH SUBCIRCUIT - LANIGAN VACANCY,1,7894,ANTHONY C.,SCREMENTI,,COOK,5751,REPUBLICAN,REP
GP 2004,2ND CIRCUIT- BAKER VACANCY,1,7895,PAUL W.,LAMAR,,HARDIN,657,DEMOCRATIC,DEM
GP 2004,2ND CIRCUIT- BAKER VACANCY,1,7896,EDWARD K.,DOWNEY,,HARDIN,473,REPUBLICAN,REP
GP 2004,14TH CIRCUIT- DUNAGAN VACANCY,1,7897,THOMAS H.,SENNEFF,,WHITESIDE,2382,DEMOCRATIC,DEM
GP 2004,20TH CIRCUIT- KARMEIER VACANCY,1,7898,KEVIN J.,STINE,,WASHINGTON,1031,REPUBLICAN,REP
GP 2004,20TH CIRCUIT- KARMEIER VACANCY,1,7899,BRIAN K.,TRENTMAN,,WASHINGTON,667,DEMOCRATIC,DEM
GP 2004,15TH CIRCUIT- ANDERSON VACANCY,1,7900,ROBERT K.,SLATTERY,,STEPHENSON,745,REPUBLICAN,REP
GP 2004,7TH CIRCUIT- CARMODY VACANCY,1,7902,CHARLES M.,COLBURN,,JERSEY,878,REPUBLICAN,REP
GP 2004,7TH CIRCUIT- CARMODY VACANCY,1,7902,CHARLES M.,COLBURN,,GREENE,563,REPUBLICAN,REP
GP 2004,7TH CIRCUIT- CARMODY VACANCY,1,7902,CHARLES M.,COLBURN,,MACOUPIN,1724,REPUBLICAN,REP
GP 2004,7TH CIRCUIT- CARMODY VACANCY,1,7902,CHARLES M.,COLBURN,,MORGAN,3955,REPUBLICAN,REP
GP 2004,7TH CIRCUIT- CARMODY VACANCY,1,7902,CHARLES M.,COLBURN,,SANGAMON,12604,REPUBLICAN,REP
GP 2004,7TH CIRCUIT- CARMODY VACANCY,1,7902,CHARLES M.,COLBURN,,SCOTT,550,REPUBLICAN,REP
GP 2004,15TH SUBCIRCUIT - LANIGAN VACANCY,1,7903,CATHERINE D.,SANDERS,,COOK,6652,REPUBLICAN,REP
GP 2004,7TH CIRCUIT- CARMODY VACANCY,1,7904,PATRICK J.,LONDRIGAN,,JERSEY,1061,DEMOCRATIC,DEM
GP 2004,7TH CIRCUIT- CARMODY VACANCY,1,7904,PATRICK J.,LONDRIGAN,,GREENE,1311,DEMOCRATIC,DEM
GP 2004,7TH CIRCUIT- CARMODY VACANCY,1,7904,PATRICK J.,LONDRIGAN,,MACOUPIN,5791,DEMOCRATIC,DEM
GP 2004,7TH CIRCUIT- CARMODY VACANCY,1,7904,PATRICK J.,LONDRIGAN,,MORGAN,1162,DEMOCRATIC,DEM
GP 2004,7TH CIRCUIT- CARMODY VACANCY,1,7904,PATRICK J.,LONDRIGAN,,SANGAMON,11131,DEMOCRATIC,DEM
GP 2004,7TH CIRCUIT- CARMODY VACANCY,1,7904,PATRICK J.,LONDRIGAN,,SCOTT,277,DEMOCRATIC,DEM
GP 2004,PRESIDENT,1,7906,JOHN,EDWARDS,,BROWN,57,DEMOCRATIC,DEM
GP 2004,PRESIDENT,1,7906,JOHN,EDWARDS,,CLAY,279,DEMOCRATIC,DEM
GP 2004,PRESIDENT,1,7906,JOHN,EDWARDS,,HARDIN,108,DEMOCRATIC,DEM
GP 2004,PRESIDENT,1,7906,JOHN,EDWARDS,,JERSEY,196,DEMOCRATIC,DEM
GP 2004,PRESIDENT,1,7906,JOHN,EDWARDS,,LOGAN,156,DEMOCRATIC,DEM
GP 2004,PRESIDENT,1,7906,JOHN,EDWARDS,,RICHLAND,189,DEMOCRATIC,DEM
GP 2004,PRESIDENT,1,7906,JOHN,EDWARDS,,SCHUYLER,51,DEMOCRATIC,DEM
GP 2004,PRESIDENT,1,7906,JOHN,EDWARDS,,WASHINGTON,219,DEMOCRATIC,DEM
GP 2004,PRESIDENT,1,7906,JOHN,EDWARDS,,BOND,176,DEMOCRATIC,DEM
GP 2004,PRESIDENT,1,7906,JOHN,EDWARDS,,CLINTON,187,DEMOCRATIC,DEM
GP 2004,PRESIDENT,1,7906,JOHN,EDWARDS,,JASPER,152,DEMOCRATIC,DEM
GP 2004,PRESIDENT,1,7906,JOHN,EDWARDS,,MARSHALL,104,DEMOCRATIC,DEM
GP 2004,PRESIDENT,1,7906,JOHN,EDWARDS,,EDGAR,155,DEMOCRATIC,DEM
GP 2004,PRESIDENT,1,7906,JOHN,EDWARDS,,FORD,54,DEMOCRATIC,DEM
GP 2004,PRESIDENT,1,7906,JOHN,EDWARDS,,GREENE,318,DEMOCRATIC,DEM
GP 2004,PRESIDENT,1,7906,JOHN,EDWARDS,,IROQUOIS,141,DEMOCRATIC,DEM
GP 2004,PRESIDENT,1,7906,JOHN,EDWARDS,,JOHNSON,170,DEMOCRATIC,DEM
GP 2004,PRESIDENT,1,7906,JOHN,EDWARDS,,LIVINGSTON,240,DEMOCRATIC,DEM
GP 2004,PRESIDENT,1,7906,JOHN,EDWARDS,,MENARD,94,DEMOCRATIC,DEM
GP 2004,PRESIDENT,1,7906,JOHN,EDWARDS,,MERCER,379,DEMOCRATIC,DEM
GP 2004,PRESIDENT,1,7906,JOHN,EDWARDS,,PERRY,440,DEMOCRATIC,DEM
GP 2004,PRESIDENT,1,7906,JOHN,EDWARDS,,PIATT,185,DEMOCRATIC,DEM
GP 2004,PRESIDENT,1,7906,JOHN,EDWARDS,,STARK,37,DEMOCRATIC,DEM
GP 2004,PRESIDENT,1,7906,JOHN,EDWARDS,,WILLIAMSON,797,DEMOCRATIC,DEM
GP 2004,PRESIDENT,1,7906,JOHN,EDWARDS,,WOODFORD,225,DEMOCRATIC,DEM
GP 2004,PRESIDENT,1,7906,JOHN,EDWARDS,,FULTON,910,DEMOCRATIC,DEM
GP 2004,PRESIDENT,1,7906,JOHN,EDWARDS,,HAMILTON,302,DEMOCRATIC,DEM
GP 2004,PRESIDENT,1,7906,JOHN,EDWARDS,,HANCOCK,195,DEMOCRATIC,DEM
GP 2004,PRESIDENT,1,7906,JOHN,EDWARDS,,MACOUPIN,1101,DEMOCRATIC,DEM
GP 2004,PRESIDENT,1,7906,JOHN,EDWARDS,,MASON,345,DEMOCRATIC,DEM
GP 2004,PRESIDENT,1,7906,JOHN,EDWARDS,,MONROE,197,DEMOCRATIC,DEM
GP 2004,PRESIDENT,1,7906,JOHN,EDWARDS,,SHELBY,457,DEMOCRATIC,DEM
GP 2004,PRESIDENT,1,7906,JOHN,EDWARDS,,BUREAU,441,DEMOCRATIC,DEM
GP 2004,PRESIDENT,1,7906,JOHN,EDWARDS,,WARREN,188,DEMOCRATIC,DEM
GP 2004,PRESIDENT,1,7906,JOHN,EDWARDS,,DOUGLAS,166,DEMOCRATIC,DEM
GP 2004,PRESIDENT,1,7906,JOHN,EDWARDS,,COLES,359,DEMOCRATIC,DEM
GP 2004,PRESIDENT,1,7906,JOHN,EDWARDS,,EDWARDS,49,DEMOCRATIC,DEM
GP 2004,PRESIDENT,1,7906,JOHN,EDWARDS,,PIKE,192,DEMOCRATIC,DEM
GP 2004,PRESIDENT,1,7906,JOHN,EDWARDS,,HENDERSON,61,DEMOCRATIC,DEM
GP 2004,PRESIDENT,1,7906,JOHN,EDWARDS,,JACKSON,1034,DEMOCRATIC,DEM
GP 2004,PRESIDENT,1,7906,JOHN,EDWARDS,,ROCK ISLAND,2426,DEMOCRATIC,DEM
GP 2004,PRESIDENT,1,7906,JOHN,EDWARDS,,LEE,214,DEMOCRATIC,DEM
GP 2004,PRESIDENT,1,7906,JOHN,EDWARDS,,CASS,184,DEMOCRATIC,DEM
GP 2004,PRESIDENT,1,7906,JOHN,EDWARDS,,WHITE,245,DEMOCRATIC,DEM
GP 2004,PRESIDENT,1,7906,JOHN,EDWARDS,,CRAWFORD,167,DEMOCRATIC,DEM
GP 2004,PRESIDENT,1,7906,JOHN,EDWARDS,,WHITESIDE,414,DEMOCRATIC,DEM
GP 2004,PRESIDENT,1,7906,JOHN,EDWARDS,,MORGAN,181,DEMOCRATIC,DEM
GP 2004,PRESIDENT,1,7906,JOHN,EDWARDS,,OGLE,378,DEMOCRATIC,DEM
GP 2004,PRESIDENT,1,7906,JOHN,EDWARDS,,FRANKLIN,1138,DEMOCRATIC,DEM
GP 2004,PRESIDENT,1,7906,JOHN,EDWARDS,,FAYETTE,241,DEMOCRATIC,DEM
GP 2004,PRESIDENT,1,7906,JOHN,EDWARDS,,RANDOLPH,738,DEMOCRATIC,DEM
GP 2004,PRESIDENT,1,7906,JOHN,EDWARDS,,MARION,635,DEMOCRATIC,DEM
GP 2004,PRESIDENT,1,7906,JOHN,EDWARDS,,SALINE,704,DEMOCRATIC,DEM
GP 2004,PRESIDENT,1,7906,JOHN,EDWARDS,,MASSAC,108,DEMOCRATIC,DEM
GP 2004,PRESIDENT,1,7906,JOHN,EDWARDS,,WILL,4286,DEMOCRATIC,DEM
GP 2004,PRESIDENT,1,7906,JOHN,EDWARDS,,CLARK,161,DEMOCRATIC,DEM
GP 2004,PRESIDENT,1,7906,JOHN,EDWARDS,,CALHOUN,83,DEMOCRATIC,DEM
GP 2004,PRESIDENT,1,7906,JOHN,EDWARDS,,STEPHENSON,417,DEMOCRATIC,DEM
GP 2004,PRESIDENT,1,7906,JOHN,EDWARDS,,GALLATIN,306,DEMOCRATIC,DEM
GP 2004,PRESIDENT,1,7906,JOHN,EDWARDS,,MONTGOMERY,435,DEMOCRATIC,DEM
GP 2004,PRESIDENT,1,7906,JOHN,EDWARDS,,JEFFERSON,485,DEMOCRATIC,DEM
GP 2004,PRESIDENT,1,7906,JOHN,EDWARDS,,PUTNAM,202,DEMOCRATIC,DEM
GP 2004,PRESIDENT,1,7906,JOHN,EDWARDS,,WABASH,237,DEMOCRATIC,DEM
GP 2004,PRESIDENT,1,7906,JOHN,EDWARDS,,MADISON,3077,DEMOCRATIC,DEM
GP 2004,PRESIDENT,1,7906,JOHN,EDWARDS,,GRUNDY,349,DEMOCRATIC,DEM
GP 2004,PRESIDENT,1,7906,JOHN,EDWARDS,,JoDAVIESS,173,DEMOCRATIC,DEM
GP 2004,PRESIDENT,1,7906,JOHN,EDWARDS,,TAZEWELL,1086,DEMOCRATIC,DEM
GP 2004,PRESIDENT,1,7906,JOHN,EDWARDS,,SANGAMON,1620,DEMOCRATIC,DEM
GP 2004,PRESIDENT,1,7906,JOHN,EDWARDS,,EFFINGHAM,586,DEMOCRATIC,DEM
GP 2004,PRESIDENT,1,7906,JOHN,EDWARDS,,LAKE,4454,DEMOCRATIC,DEM
GP 2004,PRESIDENT,1,7906,JOHN,EDWARDS,,LaSALLE,942,DEMOCRATIC,DEM
GP 2004,PRESIDENT,1,7906,JOHN,EDWARDS,,HENRY,415,DEMOCRATIC,DEM
GP 2004,PRESIDENT,1,7906,JOHN,EDWARDS,,McDONOUGH,253,DEMOCRATIC,DEM
GP 2004,PRESIDENT,1,7906,JOHN,EDWARDS,,CHAMPAIGN,1249,DEMOCRATIC,DEM
GP 2004,PRESIDENT,1,7906,JOHN,EDWARDS,,SCOTT,62,DEMOCRATIC,DEM
GP 2004,PRESIDENT,1,7906,JOHN,EDWARDS,,CARROLL,135,DEMOCRATIC,DEM
GP 2004,PRESIDENT,1,7906,JOHN,EDWARDS,,MACON,1285,DEMOCRATIC,DEM
GP 2004,PRESIDENT,1,7906,JOHN,EDWARDS,,POPE,73,DEMOCRATIC,DEM
GP 2004,PRESIDENT,1,7906,JOHN,EDWARDS,,KNOX,560,DEMOCRATIC,DEM
GP 2004,PRESIDENT,1,7906,JOHN,EDWARDS,,MOULTRIE,174,DEMOCRATIC,DEM
GP 2004,PRESIDENT,1,7906,JOHN,EDWARDS,,PEORIA,1501,DEMOCRATIC,DEM
GP 2004,PRESIDENT,1,7906,JOHN,EDWARDS,,ADAMS,665,DEMOCRATIC,DEM
GP 2004,PRESIDENT,1,7906,JOHN,EDWARDS,,CUMBERLAND,204,DEMOCRATIC,DEM
GP 2004,PRESIDENT,1,7906,JOHN,EDWARDS,,WAYNE,154,DEMOCRATIC,DEM
GP 2004,PRESIDENT,1,7906,JOHN,EDWARDS,,KENDALL,377,DEMOCRATIC,DEM
GP 2004,PRESIDENT,1,7906,JOHN,EDWARDS,,KANKAKEE,760,DEMOCRATIC,DEM
GP 2004,PRESIDENT,1,7906,JOHN,EDWARDS,,BOONE,352,DEMOCRATIC,DEM
GP 2004,PRESIDENT,1,7906,JOHN,EDWARDS,,WINNEBAGO,2386,DEMOCRATIC,DEM
GP 2004,PRESIDENT,1,7906,JOHN,EDWARDS,,CHRISTIAN,798,DEMOCRATIC,DEM
GP 2004,PRESIDENT,1,7906,JOHN,EDWARDS,,LAWRENCE,128,DEMOCRATIC,DEM
GP 2004,PRESIDENT,1,7906,JOHN,EDWARDS,,McHENRY,2237,DEMOCRATIC,DEM
GP 2004,PRESIDENT,1,7906,JOHN,EDWARDS,,DeWITT,240,DEMOCRATIC,DEM
GP 2004,PRESIDENT,1,7906,JOHN,EDWARDS,,KANE,2402,DEMOCRATIC,DEM
GP 2004,PRESIDENT,1,7906,JOHN,EDWARDS,,DeKALB,615,DEMOCRATIC,DEM
GP 2004,PRESIDENT,1,7906,JOHN,EDWARDS,,COOK,64916,DEMOCRATIC,DEM
GP 2004,PRESIDENT,1,7906,JOHN,EDWARDS,,McLEAN,1145,DEMOCRATIC,DEM
GP 2004,PRESIDENT,1,7906,JOHN,EDWARDS,,UNION,873,DEMOCRATIC,DEM
GP 2004,PRESIDENT,1,7906,JOHN,EDWARDS,,ST. CLAIR,2757,DEMOCRATIC,DEM
GP 2004,PRESIDENT,1,7906,JOHN,EDWARDS,,VERMILION,521,DEMOCRATIC,DEM
GP 2004,PRESIDENT,1,7906,JOHN,EDWARDS,,ALEXANDER,203,DEMOCRATIC,DEM
GP 2004,PRESIDENT,1,7906,JOHN,EDWARDS,,PULASKI,103,DEMOCRATIC,DEM
GP 2004,PRESIDENT,1,7906,JOHN,EDWARDS,,DuPAGE,6645,DEMOCRATIC,DEM
GP 2004,PRESIDENT,1,7907,WESLEY K.,CLARK,,BROWN,6,DEMOCRATIC,DEM
GP 2004,PRESIDENT,1,7907,WESLEY K.,CLARK,,CLAY,47,DEMOCRATIC,DEM
GP 2004,PRESIDENT,1,7907,WESLEY K.,CLARK,,HARDIN,15,DEMOCRATIC,DEM
GP 2004,PRESIDENT,1,7907,WESLEY K.,CLARK,,JERSEY,29,DEMOCRATIC,DEM
GP 2004,PRESIDENT,1,7907,WESLEY K.,CLARK,,LOGAN,33,DEMOCRATIC,DEM
GP 2004,PRESIDENT,1,7907,WESLEY K.,CLARK,,RICHLAND,44,DEMOCRATIC,DEM
GP 2004,PRESIDENT,1,7907,WESLEY K.,CLARK,,SCHUYLER,7,DEMOCRATIC,DEM
GP 2004,PRESIDENT,1,7907,WESLEY K.,CLARK,,WASHINGTON,26,DEMOCRATIC,DEM
GP 2004,PRESIDENT,1,7907,WESLEY K.,CLARK,,BOND,17,DEMOCRATIC,DEM
GP 2004,PRESIDENT,1,7907,WESLEY K.,CLARK,,CLINTON,10,DEMOCRATIC,DEM
GP 2004,PRESIDENT,1,7907,WESLEY K.,CLARK,,JASPER,18,DEMOCRATIC,DEM
GP 2004,PRESIDENT,1,7907,WESLEY K.,CLARK,,MARSHALL,9,DEMOCRATIC,DEM
GP 2004,PRESIDENT,1,7907,WESLEY K.,CLARK,,EDGAR,26,DEMOCRATIC,DEM
GP 2004,PRESIDENT,1,7907,WESLEY K.,CLARK,,FORD,9,DEMOCRATIC,DEM
GP 2004,PRESIDENT,1,7907,WESLEY K.,CLARK,,GREENE,38,DEMOCRATIC,DEM
GP 2004,PRESIDENT,1,7907,WESLEY K.,CLARK,,IROQUOIS,9,DEMOCRATIC,DEM
GP 2004,PRESIDENT,1,7907,WESLEY K.,CLARK,,JOHNSON,19,DEMOCRATIC,DEM
GP 2004,PRESIDENT,1,7907,WESLEY K.,CLARK,,LIVINGSTON,21,DEMOCRATIC,DEM
GP 2004,PRESIDENT,1,7907,WESLEY K.,CLARK,,MENARD,10,DEMOCRATIC,DEM
GP 2004,PRESIDENT,1,7907,WESLEY K.,CLARK,,MERCER,31,DEMOCRATIC,DEM
GP 2004,PRESIDENT,1,7907,WESLEY K.,CLARK,,PERRY,50,DEMOCRATIC,DEM
GP 2004,PRESIDENT,1,7907,WESLEY K.,CLARK,,PIATT,12,DEMOCRATIC,DEM
GP 2004,PRESIDENT,1,7907,WESLEY K.,CLARK,,STARK,4,DEMOCRATIC,DEM
GP 2004,PRESIDENT,1,7907,WESLEY K.,CLARK,,WILLIAMSON,77,DEMOCRATIC,DEM
GP 2004,PRESIDENT,1,7907,WESLEY K.,CLARK,,WOODFORD,29,DEMOCRATIC,DEM
GP 2004,PRESIDENT,1,7907,WESLEY K.,CLARK,,FULTON,184,DEMOCRATIC,DEM
GP 2004,PRESIDENT,1,7907,WESLEY K.,CLARK,,HAMILTON,25,DEMOCRATIC,DEM
GP 2004,PRESIDENT,1,7907,WESLEY K.,CLARK,,HANCOCK,21,DEMOCRATIC,DEM
GP 2004,PRESIDENT,1,7907,WESLEY K.,CLARK,,MACOUPIN,138,DEMOCRATIC,DEM
GP 2004,PRESIDENT,1,7907,WESLEY K.,CLARK,,MASON,39,DEMOCRATIC,DEM
GP 2004,PRESIDENT,1,7907,WESLEY K.,CLARK,,MONROE,12,DEMOCRATIC,DEM
GP 2004,PRESIDENT,1,7907,WESLEY K.,CLARK,,SHELBY,63,DEMOCRATIC,DEM
GP 2004,PRESIDENT,1,7907,WESLEY K.,CLARK,,BUREAU,49,DEMOCRATIC,DEM
GP 2004,PRESIDENT,1,7907,WESLEY K.,CLARK,,WARREN,7,DEMOCRATIC,DEM
GP 2004,PRESIDENT,1,7907,WESLEY K.,CLARK,,DOUGLAS,10,DEMOCRATIC,DEM
GP 2004,PRESIDENT,1,7907,WESLEY K.,CLARK,,COLES,53,DEMOCRATIC,DEM
GP 2004,PRESIDENT,1,7907,WESLEY K.,CLARK,,EDWARDS,3,DEMOCRATIC,DEM
GP 2004,PRESIDENT,1,7907,WESLEY K.,CLARK,,PIKE,20,DEMOCRATIC,DEM
GP 2004,PRESIDENT,1,7907,WESLEY K.,CLARK,,HENDERSON,3,DEMOCRATIC,DEM
GP 2004,PRESIDENT,1,7907,WESLEY K.,CLARK,,JACKSON,129,DEMOCRATIC,DEM
GP 2004,PRESIDENT,1,7907,WESLEY K.,CLARK,,ROCK ISLAND,204,DEMOCRATIC,DEM
GP 2004,PRESIDENT,1,7907,WESLEY K.,CLARK,,LEE,22,DEMOCRATIC,DEM
GP 2004,PRESIDENT,1,7907,WESLEY K.,CLARK,,CASS,31,DEMOCRATIC,DEM
GP 2004,PRESIDENT,1,7907,WESLEY K.,CLARK,,WHITE,43,DEMOCRATIC,DEM
GP 2004,PRESIDENT,1,7907,WESLEY K.,CLARK,,CRAWFORD,28,DEMOCRATIC,DEM
GP 2004,PRESIDENT,1,7907,WESLEY K.,CLARK,,WHITESIDE,21,DEMOCRATIC,DEM
GP 2004,PRESIDENT,1,7907,WESLEY K.,CLARK,,MORGAN,19,DEMOCRATIC,DEM
GP 2004,PRESIDENT,1,7907,WESLEY K.,CLARK,,OGLE,45,DEMOCRATIC,DEM
GP 2004,PRESIDENT,1,7907,WESLEY K.,CLARK,,FRANKLIN,152,DEMOCRATIC,DEM
GP 2004,PRESIDENT,1,7907,WESLEY K.,CLARK,,FAYETTE,27,DEMOCRATIC,DEM
GP 2004,PRESIDENT,1,7907,WESLEY K.,CLARK,,RANDOLPH,81,DEMOCRATIC,DEM
GP 2004,PRESIDENT,1,7907,WESLEY K.,CLARK,,MARION,98,DEMOCRATIC,DEM
GP 2004,PRESIDENT,1,7907,WESLEY K.,CLARK,,SALINE,95,DEMOCRATIC,DEM
GP 2004,PRESIDENT,1,7907,WESLEY K.,CLARK,,MASSAC,14,DEMOCRATIC,DEM
GP 2004,PRESIDENT,1,7907,WESLEY K.,CLARK,,WILL,619,DEMOCRATIC,DEM
GP 2004,PRESIDENT,1,7907,WESLEY K.,CLARK,,CLARK,20,DEMOCRATIC,DEM
GP 2004,PRESIDENT,1,7907,WESLEY K.,CLARK,,CALHOUN,5,DEMOCRATIC,DEM
GP 2004,PRESIDENT,1,7907,WESLEY K.,CLARK,,STEPHENSON,50,DEMOCRATIC,DEM
GP 2004,PRESIDENT,1,7907,WESLEY K.,CLARK,,GALLATIN,53,DEMOCRATIC,DEM
GP 2004,PRESIDENT,1,7907,WESLEY K.,CLARK,,MONTGOMERY,40,DEMOCRATIC,DEM
GP 2004,PRESIDENT,1,7907,WESLEY K.,CLARK,,JEFFERSON,41,DEMOCRATIC,DEM
GP 2004,PRESIDENT,1,7907,WESLEY K.,CLARK,,PUTNAM,28,DEMOCRATIC,DEM
GP 2004,PRESIDENT,1,7907,WESLEY K.,CLARK,,WABASH,43,DEMOCRATIC,DEM
GP 2004,PRESIDENT,1,7907,WESLEY K.,CLARK,,MADISON,313,DEMOCRATIC,DEM
GP 2004,PRESIDENT,1,7907,WESLEY K.,CLARK,,GRUNDY,49,DEMOCRATIC,DEM
GP 2004,PRESIDENT,1,7907,WESLEY K.,CLARK,,JoDAVIESS,28,DEMOCRATIC,DEM
GP 2004,PRESIDENT,1,7907,WESLEY K.,CLARK,,TAZEWELL,138,DEMOCRATIC,DEM
GP 2004,PRESIDENT,1,7907,WESLEY K.,CLARK,,SANGAMON,200,DEMOCRATIC,DEM
GP 2004,PRESIDENT,1,7907,WESLEY K.,CLARK,,EFFINGHAM,80,DEMOCRATIC,DEM
GP 2004,PRESIDENT,1,7907,WESLEY K.,CLARK,,LAKE,647,DEMOCRATIC,DEM
GP 2004,PRESIDENT,1,7907,WESLEY K.,CLARK,,LaSALLE,104,DEMOCRATIC,DEM
GP 2004,PRESIDENT,1,7907,WESLEY K.,CLARK,,HENRY,28,DEMOCRATIC,DEM
GP 2004,PRESIDENT,1,7907,WESLEY K.,CLARK,,McDONOUGH,26,DEMOCRATIC,DEM
GP 2004,PRESIDENT,1,7907,WESLEY K.,CLARK,,CHAMPAIGN,190,DEMOCRATIC,DEM
GP 2004,PRESIDENT,1,7907,WESLEY K.,CLARK,,SCOTT,9,DEMOCRATIC,DEM
GP 2004,PRESIDENT,1,7907,WESLEY K.,CLARK,,CARROLL,10,DEMOCRATIC,DEM
GP 2004,PRESIDENT,1,7907,WESLEY K.,CLARK,,MACON,170,DEMOCRATIC,DEM
GP 2004,PRESIDENT,1,7907,WESLEY K.,CLARK,,POPE,12,DEMOCRATIC,DEM
GP 2004,PRESIDENT,1,7907,WESLEY K.,CLARK,,KNOX,55,DEMOCRATIC,DEM
GP 2004,PRESIDENT,1,7907,WESLEY K.,CLARK,,MOULTRIE,10,DEMOCRATIC,DEM
GP 2004,PRESIDENT,1,7907,WESLEY K.,CLARK,,PEORIA,186,DEMOCRATIC,DEM
GP 2004,PRESIDENT,1,7907,WESLEY K.,CLARK,,ADAMS,68,DEMOCRATIC,DEM
GP 2004,PRESIDENT,1,7907,WESLEY K.,CLARK,,CUMBERLAND,30,DEMOCRATIC,DEM
GP 2004,PRESIDENT,1,7907,WESLEY K.,CLARK,,WAYNE,14,DEMOCRATIC,DEM
GP 2004,PRESIDENT,1,7907,WESLEY K.,CLARK,,KENDALL,55,DEMOCRATIC,DEM
GP 2004,PRESIDENT,1,7907,WESLEY K.,CLARK,,KANKAKEE,126,DEMOCRATIC,DEM
GP 2004,PRESIDENT,1,7907,WESLEY K.,CLARK,,BOONE,44,DEMOCRATIC,DEM
GP 2004,PRESIDENT,1,7907,WESLEY K.,CLARK,,WINNEBAGO,312,DEMOCRATIC,DEM
GP 2004,PRESIDENT,1,7907,WESLEY K.,CLARK,,CHRISTIAN,89,DEMOCRATIC,DEM
GP 2004,PRESIDENT,1,7907,WESLEY K.,CLARK,,LAWRENCE,15,DEMOCRATIC,DEM
GP 2004,PRESIDENT,1,7907,WESLEY K.,CLARK,,McHENRY,300,DEMOCRATIC,DEM
GP 2004,PRESIDENT,1,7907,WESLEY K.,CLARK,,DeWITT,35,DEMOCRATIC,DEM
GP 2004,PRESIDENT,1,7907,WESLEY K.,CLARK,,KANE,380,DEMOCRATIC,DEM
GP 2004,PRESIDENT,1,7907,WESLEY K.,CLARK,,DeKALB,99,DEMOCRATIC,DEM
GP 2004,PRESIDENT,1,7907,WESLEY K.,CLARK,,COOK,10695,DEMOCRATIC,DEM
GP 2004,PRESIDENT,1,7907,WESLEY K.,CLARK,,McLEAN,122,DEMOCRATIC,DEM
GP 2004,PRESIDENT,1,7907,WESLEY K.,CLARK,,UNION,87,DEMOCRATIC,DEM
GP 2004,PRESIDENT,1,7907,WESLEY K.,CLARK,,ST. CLAIR,319,DEMOCRATIC,DEM
GP 2004,PRESIDENT,1,7907,WESLEY K.,CLARK,,VERMILION,81,DEMOCRATIC,DEM
GP 2004,PRESIDENT,1,7907,WESLEY K.,CLARK,,ALEXANDER,36,DEMOCRATIC,DEM
GP 2004,PRESIDENT,1,7907,WESLEY K.,CLARK,,PULASKI,9,DEMOCRATIC,DEM
GP 2004,PRESIDENT,1,7907,WESLEY K.,CLARK,,DuPAGE,1002,DEMOCRATIC,DEM
GP 2004,PRESIDENT,1,7908,GEORGE W.,BUSH,,BROWN,294,REPUBLICAN,REP
GP 2004,PRESIDENT,1,7908,GEORGE W.,BUSH,,CLAY,969,REPUBLICAN,REP
GP 2004,PRESIDENT,1,7908,GEORGE W.,BUSH,,HARDIN,488,REPUBLICAN,REP
GP 2004,PRESIDENT,1,7908,GEORGE W.,BUSH,,JERSEY,890,REPUBLICAN,REP
GP 2004,PRESIDENT,1,7908,GEORGE W.,BUSH,,LOGAN,3414,REPUBLICAN,REP
GP 2004,PRESIDENT,1,7908,GEORGE W.,BUSH,,RICHLAND,1468,REPUBLICAN,REP
GP 2004,PRESIDENT,1,7908,GEORGE W.,BUSH,,SCHUYLER,520,REPUBLICAN,REP
GP 2004,PRESIDENT,1,7908,GEORGE W.,BUSH,,WASHINGTON,1215,REPUBLICAN,REP
GP 2004,PRESIDENT,1,7908,GEORGE W.,BUSH,,BOND,791,REPUBLICAN,REP
GP 2004,PRESIDENT,1,7908,GEORGE W.,BUSH,,CLINTON,1241,REPUBLICAN,REP
GP 2004,PRESIDENT,1,7908,GEORGE W.,BUSH,,JASPER,595,REPUBLICAN,REP
GP 2004,PRESIDENT,1,7908,GEORGE W.,BUSH,,MARSHALL,892,REPUBLICAN,REP
GP 2004,PRESIDENT,1,7908,GEORGE W.,BUSH,,EDGAR,1363,REPUBLICAN,REP
GP 2004,PRESIDENT,1,7908,GEORGE W.,BUSH,,FORD,1275,REPUBLICAN,REP
GP 2004,PRESIDENT,1,7908,GEORGE W.,BUSH,,GREENE,630,REPUBLICAN,REP
GP 2004,PRESIDENT,1,7908,GEORGE W.,BUSH,,IROQUOIS,2708,REPUBLICAN,REP
GP 2004,PRESIDENT,1,7908,GEORGE W.,BUSH,,JOHNSON,1572,REPUBLICAN,REP
GP 2004,PRESIDENT,1,7908,GEORGE W.,BUSH,,LIVINGSTON,4983,REPUBLICAN,REP
GP 2004,PRESIDENT,1,7908,GEORGE W.,BUSH,,MENARD,2362,REPUBLICAN,REP
GP 2004,PRESIDENT,1,7908,GEORGE W.,BUSH,,MERCER,1123,REPUBLICAN,REP
GP 2004,PRESIDENT,1,7908,GEORGE W.,BUSH,,PERRY,961,REPUBLICAN,REP
GP 2004,PRESIDENT,1,7908,GEORGE W.,BUSH,,PIATT,1423,REPUBLICAN,REP
GP 2004,PRESIDENT,1,7908,GEORGE W.,BUSH,,STARK,417,REPUBLICAN,REP
GP 2004,PRESIDENT,1,7908,GEORGE W.,BUSH,,WILLIAMSON,2276,REPUBLICAN,REP
GP 2004,PRESIDENT,1,7908,GEORGE W.,BUSH,,WOODFORD,4450,REPUBLICAN,REP
GP 2004,PRESIDENT,1,7908,GEORGE W.,BUSH,,FULTON,1939,REPUBLICAN,REP
GP 2004,PRESIDENT,1,7908,GEORGE W.,BUSH,,HAMILTON,681,REPUBLICAN,REP
GP 2004,PRESIDENT,1,7908,GEORGE W.,BUSH,,HANCOCK,1674,REPUBLICAN,REP
GP 2004,PRESIDENT,1,7908,GEORGE W.,BUSH,,MACOUPIN,2023,REPUBLICAN,REP
GP 2004,PRESIDENT,1,7908,GEORGE W.,BUSH,,MASON,741,REPUBLICAN,REP
GP 2004,PRESIDENT,1,7908,GEORGE W.,BUSH,,MONROE,1084,REPUBLICAN,REP
GP 2004,PRESIDENT,1,7908,GEORGE W.,BUSH,,SHELBY,1146,REPUBLICAN,REP
GP 2004,PRESIDENT,1,7908,GEORGE W.,BUSH,,BUREAU,2506,REPUBLICAN,REP
GP 2004,PRESIDENT,1,7908,GEORGE W.,BUSH,,WARREN,1777,REPUBLICAN,REP
GP 2004,PRESIDENT,1,7908,GEORGE W.,BUSH,,DOUGLAS,1972,REPUBLICAN,REP
GP 2004,PRESIDENT,1,7908,GEORGE W.,BUSH,,COLES,2588,REPUBLICAN,REP
GP 2004,PRESIDENT,1,7908,GEORGE W.,BUSH,,EDWARDS,969,REPUBLICAN,REP
GP 2004,PRESIDENT,1,7908,GEORGE W.,BUSH,,PIKE,1111,REPUBLICAN,REP
GP 2004,PRESIDENT,1,7908,GEORGE W.,BUSH,,HENDERSON,359,REPUBLICAN,REP
GP 2004,PRESIDENT,1,7908,GEORGE W.,BUSH,,JACKSON,2081,REPUBLICAN,REP
GP 2004,PRESIDENT,1,7908,GEORGE W.,BUSH,,ROCK ISLAND,3619,REPUBLICAN,REP
GP 2004,PRESIDENT,1,7908,GEORGE W.,BUSH,,LEE,2561,REPUBLICAN,REP
GP 2004,PRESIDENT,1,7908,GEORGE W.,BUSH,,CASS,746,REPUBLICAN,REP
GP 2004,PRESIDENT,1,7908,GEORGE W.,BUSH,,WHITE,919,REPUBLICAN,REP
GP 2004,PRESIDENT,1,7908,GEORGE W.,BUSH,,CRAWFORD,1090,REPUBLICAN,REP
GP 2004,PRESIDENT,1,7908,GEORGE W.,BUSH,,WHITESIDE,2277,REPUBLICAN,REP
GP 2004,PRESIDENT,1,7908,GEORGE W.,BUSH,,MORGAN,3647,REPUBLICAN,REP
GP 2004,PRESIDENT,1,7908,GEORGE W.,BUSH,,OGLE,5881,REPUBLICAN,REP
GP 2004,PRESIDENT,1,7908,GEORGE W.,BUSH,,FRANKLIN,1376,REPUBLICAN,REP
GP 2004,PRESIDENT,1,7908,GEORGE W.,BUSH,,FAYETTE,1420,REPUBLICAN,REP
GP 2004,PRESIDENT,1,7908,GEORGE W.,BUSH,,RANDOLPH,807,REPUBLICAN,REP
GP 2004,PRESIDENT,1,7908,GEORGE W.,BUSH,,MARION,1574,REPUBLICAN,REP
GP 2004,PRESIDENT,1,7908,GEORGE W.,BUSH,,SALINE,1652,REPUBLICAN,REP
GP 2004,PRESIDENT,1,7908,GEORGE W.,BUSH,,MASSAC,1685,REPUBLICAN,REP
GP 2004,PRESIDENT,1,7908,GEORGE W.,BUSH,,WILL,35050,REPUBLICAN,REP
GP 2004,PRESIDENT,1,7908,GEORGE W.,BUSH,,CLARK,998,REPUBLICAN,REP
GP 2004,PRESIDENT,1,7908,GEORGE W.,BUSH,,CALHOUN,177,REPUBLICAN,REP
GP 2004,PRESIDENT,1,7908,GEORGE W.,BUSH,,STEPHENSON,4388,REPUBLICAN,REP
GP 2004,PRESIDENT,1,7908,GEORGE W.,BUSH,,GALLATIN,189,REPUBLICAN,REP
GP 2004,PRESIDENT,1,7908,GEORGE W.,BUSH,,MONTGOMERY,1274,REPUBLICAN,REP
GP 2004,PRESIDENT,1,7908,GEORGE W.,BUSH,,JEFFERSON,1514,REPUBLICAN,REP
GP 2004,PRESIDENT,1,7908,GEORGE W.,BUSH,,PUTNAM,514,REPUBLICAN,REP
GP 2004,PRESIDENT,1,7908,GEORGE W.,BUSH,,WABASH,822,REPUBLICAN,REP
GP 2004,PRESIDENT,1,7908,GEORGE W.,BUSH,,MADISON,7527,REPUBLICAN,REP
GP 2004,PRESIDENT,1,7908,GEORGE W.,BUSH,,GRUNDY,3601,REPUBLICAN,REP
GP 2004,PRESIDENT,1,7908,GEORGE W.,BUSH,,JoDAVIESS,3007,REPUBLICAN,REP
GP 2004,PRESIDENT,1,7908,GEORGE W.,BUSH,,TAZEWELL,8993,REPUBLICAN,REP
GP 2004,PRESIDENT,1,7908,GEORGE W.,BUSH,,SANGAMON,10766,REPUBLICAN,REP
GP 2004,PRESIDENT,1,7908,GEORGE W.,BUSH,,EFFINGHAM,2266,REPUBLICAN,REP
GP 2004,PRESIDENT,1,7908,GEORGE W.,BUSH,,LAKE,40187,REPUBLICAN,REP
GP 2004,PRESIDENT,1,7908,GEORGE W.,BUSH,,LaSALLE,5673,REPUBLICAN,REP
GP 2004,PRESIDENT,1,7908,GEORGE W.,BUSH,,HENRY,2606,REPUBLICAN,REP
GP 2004,PRESIDENT,1,7908,GEORGE W.,BUSH,,McDONOUGH,3255,REPUBLICAN,REP
GP 2004,PRESIDENT,1,7908,GEORGE W.,BUSH,,CHAMPAIGN,11533,REPUBLICAN,REP
GP 2004,PRESIDENT,1,7908,GEORGE W.,BUSH,,SCOTT,656,REPUBLICAN,REP
GP 2004,PRESIDENT,1,7908,GEORGE W.,BUSH,,CARROLL,1496,REPUBLICAN,REP
GP 2004,PRESIDENT,1,7908,GEORGE W.,BUSH,,MACON,6142,REPUBLICAN,REP
GP 2004,PRESIDENT,1,7908,GEORGE W.,BUSH,,POPE,595,REPUBLICAN,REP
GP 2004,PRESIDENT,1,7908,GEORGE W.,BUSH,,KNOX,3089,REPUBLICAN,REP
GP 2004,PRESIDENT,1,7908,GEORGE W.,BUSH,,MOULTRIE,1017,REPUBLICAN,REP
GP 2004,PRESIDENT,1,7908,GEORGE W.,BUSH,,PEORIA,11450,REPUBLICAN,REP
GP 2004,PRESIDENT,1,7908,GEORGE W.,BUSH,,ADAMS,7676,REPUBLICAN,REP
GP 2004,PRESIDENT,1,7908,GEORGE W.,BUSH,,CUMBERLAND,777,REPUBLICAN,REP
GP 2004,PRESIDENT,1,7908,GEORGE W.,BUSH,,WAYNE,1749,REPUBLICAN,REP
GP 2004,PRESIDENT,1,7908,GEORGE W.,BUSH,,KENDALL,5189,REPUBLICAN,REP
GP 2004,PRESIDENT,1,7908,GEORGE W.,BUSH,,KANKAKEE,3976,REPUBLICAN,REP
GP 2004,PRESIDENT,1,7908,GEORGE W.,BUSH,,BOONE,5664,REPUBLICAN,REP
GP 2004,PRESIDENT,1,7908,GEORGE W.,BUSH,,WINNEBAGO,18396,REPUBLICAN,REP
GP 2004,PRESIDENT,1,7908,GEORGE W.,BUSH,,CHRISTIAN,1300,REPUBLICAN,REP
GP 2004,PRESIDENT,1,7908,GEORGE W.,BUSH,,LAWRENCE,818,REPUBLICAN,REP
GP 2004,PRESIDENT,1,7908,GEORGE W.,BUSH,,McHENRY,26751,REPUBLICAN,REP
GP 2004,PRESIDENT,1,7908,GEORGE W.,BUSH,,DeWITT,2763,REPUBLICAN,REP
GP 2004,PRESIDENT,1,7908,GEORGE W.,BUSH,,KANE,24932,REPUBLICAN,REP
GP 2004,PRESIDENT,1,7908,GEORGE W.,BUSH,,DeKALB,7635,REPUBLICAN,REP
GP 2004,PRESIDENT,1,7908,GEORGE W.,BUSH,,COOK,111237,REPUBLICAN,REP
GP 2004,PRESIDENT,1,7908,GEORGE W.,BUSH,,McLEAN,15179,REPUBLICAN,REP
GP 2004,PRESIDENT,1,7908,GEORGE W.,BUSH,,UNION,917,REPUBLICAN,REP
GP 2004,PRESIDENT,1,7908,GEORGE W.,BUSH,,ST. CLAIR,8360,REPUBLICAN,REP
GP 2004,PRESIDENT,1,7908,GEORGE W.,BUSH,,VERMILION,4003,REPUBLICAN,REP
GP 2004,PRESIDENT,1,7908,GEORGE W.,BUSH,,ALEXANDER,258,REPUBLICAN,REP
GP 2004,PRESIDENT,1,7908,GEORGE W.,BUSH,,PULASKI,548,REPUBLICAN,REP
GP 2004,PRESIDENT,1,7908,GEORGE W.,BUSH,,DuPAGE,76437,REPUBLICAN,REP
GP 2004,PRESIDENT,1,7909,JOE,LIEBERMAN,,BROWN,4,DEMOCRATIC,DEM
GP 2004,PRESIDENT,1,7909,JOE,LIEBERMAN,,CLAY,49,DEMOCRATIC,DEM
GP 2004,PRESIDENT,1,7909,JOE,LIEBERMAN,,HARDIN,21,DEMOCRATIC,DEM
GP 2004,PRESIDENT,1,7909,JOE,LIEBERMAN,,JERSEY,12,DEMOCRATIC,DEM
GP 2004,PRESIDENT,1,7909,JOE,LIEBERMAN,,LOGAN,18,DEMOCRATIC,DEM
GP 2004,PRESIDENT,1,7909,JOE,LIEBERMAN,,RICHLAND,18,DEMOCRATIC,DEM
GP 2004,PRESIDENT,1,7909,JOE,LIEBERMAN,,SCHUYLER,8,DEMOCRATIC,DEM
GP 2004,PRESIDENT,1,7909,JOE,LIEBERMAN,,WASHINGTON,20,DEMOCRATIC,DEM
GP 2004,PRESIDENT,1,7909,JOE,LIEBERMAN,,BOND,8,DEMOCRATIC,DEM
GP 2004,PRESIDENT,1,7909,JOE,LIEBERMAN,,CLINTON,12,DEMOCRATIC,DEM
GP 2004,PRESIDENT,1,7909,JOE,LIEBERMAN,,JASPER,18,DEMOCRATIC,DEM
GP 2004,PRESIDENT,1,7909,JOE,LIEBERMAN,,MARSHALL,12,DEMOCRATIC,DEM
GP 2004,PRESIDENT,1,7909,JOE,LIEBERMAN,,EDGAR,14,DEMOCRATIC,DEM
GP 2004,PRESIDENT,1,7909,JOE,LIEBERMAN,,FORD,3,DEMOCRATIC,DEM
GP 2004,PRESIDENT,1,7909,JOE,LIEBERMAN,,GREENE,35,DEMOCRATIC,DEM
GP 2004,PRESIDENT,1,7909,JOE,LIEBERMAN,,IROQUOIS,16,DEMOCRATIC,DEM
GP 2004,PRESIDENT,1,7909,JOE,LIEBERMAN,,JOHNSON,14,DEMOCRATIC,DEM
GP 2004,PRESIDENT,1,7909,JOE,LIEBERMAN,,LIVINGSTON,29,DEMOCRATIC,DEM
GP 2004,PRESIDENT,1,7909,JOE,LIEBERMAN,,MENARD,13,DEMOCRATIC,DEM
GP 2004,PRESIDENT,1,7909,JOE,LIEBERMAN,,MERCER,25,DEMOCRATIC,DEM
GP 2004,PRESIDENT,1,7909,JOE,LIEBERMAN,,PERRY,51,DEMOCRATIC,DEM
GP 2004,PRESIDENT,1,7909,JOE,LIEBERMAN,,PIATT,14,DEMOCRATIC,DEM
GP 2004,PRESIDENT,1,7909,JOE,LIEBERMAN,,STARK,3,DEMOCRATIC,DEM
GP 2004,PRESIDENT,1,7909,JOE,LIEBERMAN,,WILLIAMSON,116,DEMOCRATIC,DEM
GP 2004,PRESIDENT,1,7909,JOE,LIEBERMAN,,WOODFORD,32,DEMOCRATIC,DEM
GP 2004,PRESIDENT,1,7909,JOE,LIEBERMAN,,FULTON,187,DEMOCRATIC,DEM
GP 2004,PRESIDENT,1,7909,JOE,LIEBERMAN,,HAMILTON,33,DEMOCRATIC,DEM
GP 2004,PRESIDENT,1,7909,JOE,LIEBERMAN,,HANCOCK,8,DEMOCRATIC,DEM
GP 2004,PRESIDENT,1,7909,JOE,LIEBERMAN,,MACOUPIN,146,DEMOCRATIC,DEM
GP 2004,PRESIDENT,1,7909,JOE,LIEBERMAN,,MASON,64,DEMOCRATIC,DEM
GP 2004,PRESIDENT,1,7909,JOE,LIEBERMAN,,MONROE,14,DEMOCRATIC,DEM
GP 2004,PRESIDENT,1,7909,JOE,LIEBERMAN,,SHELBY,63,DEMOCRATIC,DEM
GP 2004,PRESIDENT,1,7909,JOE,LIEBERMAN,,BUREAU,52,DEMOCRATIC,DEM
GP 2004,PRESIDENT,1,7909,JOE,LIEBERMAN,,WARREN,11,DEMOCRATIC,DEM
GP 2004,PRESIDENT,1,7909,JOE,LIEBERMAN,,DOUGLAS,8,DEMOCRATIC,DEM
GP 2004,PRESIDENT,1,7909,JOE,LIEBERMAN,,COLES,32,DEMOCRATIC,DEM
GP 2004,PRESIDENT,1,7909,JOE,LIEBERMAN,,EDWARDS,2,DEMOCRATIC,DEM
GP 2004,PRESIDENT,1,7909,JOE,LIEBERMAN,,PIKE,15,DEMOCRATIC,DEM
GP 2004,PRESIDENT,1,7909,JOE,LIEBERMAN,,HENDERSON,3,DEMOCRATIC,DEM
GP 2004,PRESIDENT,1,7909,JOE,LIEBERMAN,,JACKSON,139,DEMOCRATIC,DEM
GP 2004,PRESIDENT,1,7909,JOE,LIEBERMAN,,ROCK ISLAND,263,DEMOCRATIC,DEM
GP 2004,PRESIDENT,1,7909,JOE,LIEBERMAN,,LEE,25,DEMOCRATIC,DEM
GP 2004,PRESIDENT,1,7909,JOE,LIEBERMAN,,CASS,24,DEMOCRATIC,DEM
GP 2004,PRESIDENT,1,7909,JOE,LIEBERMAN,,WHITE,32,DEMOCRATIC,DEM
GP 2004,PRESIDENT,1,7909,JOE,LIEBERMAN,,CRAWFORD,15,DEMOCRATIC,DEM
GP 2004,PRESIDENT,1,7909,JOE,LIEBERMAN,,WHITESIDE,25,DEMOCRATIC,DEM
GP 2004,PRESIDENT,1,7909,JOE,LIEBERMAN,,MORGAN,26,DEMOCRATIC,DEM
GP 2004,PRESIDENT,1,7909,JOE,LIEBERMAN,,OGLE,38,DEMOCRATIC,DEM
GP 2004,PRESIDENT,1,7909,JOE,LIEBERMAN,,FRANKLIN,193,DEMOCRATIC,DEM
GP 2004,PRESIDENT,1,7909,JOE,LIEBERMAN,,FAYETTE,23,DEMOCRATIC,DEM
GP 2004,PRESIDENT,1,7909,JOE,LIEBERMAN,,RANDOLPH,88,DEMOCRATIC,DEM
GP 2004,PRESIDENT,1,7909,JOE,LIEBERMAN,,MARION,84,DEMOCRATIC,DEM
GP 2004,PRESIDENT,1,7909,JOE,LIEBERMAN,,SALINE,172,DEMOCRATIC,DEM
GP 2004,PRESIDENT,1,7909,JOE,LIEBERMAN,,MASSAC,19,DEMOCRATIC,DEM
GP 2004,PRESIDENT,1,7909,JOE,LIEBERMAN,,WILL,730,DEMOCRATIC,DEM
GP 2004,PRESIDENT,1,7909,JOE,LIEBERMAN,,CLARK,20,DEMOCRATIC,DEM
GP 2004,PRESIDENT,1,7909,JOE,LIEBERMAN,,CALHOUN,3,DEMOCRATIC,DEM
GP 2004,PRESIDENT,1,7909,JOE,LIEBERMAN,,STEPHENSON,27,DEMOCRATIC,DEM
GP 2004,PRESIDENT,1,7909,JOE,LIEBERMAN,,GALLATIN,54,DEMOCRATIC,DEM
GP 2004,PRESIDENT,1,7909,JOE,LIEBERMAN,,MONTGOMERY,44,DEMOCRATIC,DEM
GP 2004,PRESIDENT,1,7909,JOE,LIEBERMAN,,JEFFERSON,48,DEMOCRATIC,DEM
GP 2004,PRESIDENT,1,7909,JOE,LIEBERMAN,,PUTNAM,26,DEMOCRATIC,DEM
GP 2004,PRESIDENT,1,7909,JOE,LIEBERMAN,,WABASH,34,DEMOCRATIC,DEM
GP 2004,PRESIDENT,1,7909,JOE,LIEBERMAN,,MADISON,301,DEMOCRATIC,DEM
GP 2004,PRESIDENT,1,7909,JOE,LIEBERMAN,,GRUNDY,40,DEMOCRATIC,DEM
GP 2004,PRESIDENT,1,7909,JOE,LIEBERMAN,,JoDAVIESS,13,DEMOCRATIC,DEM
GP 2004,PRESIDENT,1,7909,JOE,LIEBERMAN,,TAZEWELL,140,DEMOCRATIC,DEM
GP 2004,PRESIDENT,1,7909,JOE,LIEBERMAN,,SANGAMON,239,DEMOCRATIC,DEM
GP 2004,PRESIDENT,1,7909,JOE,LIEBERMAN,,EFFINGHAM,64,DEMOCRATIC,DEM
GP 2004,PRESIDENT,1,7909,JOE,LIEBERMAN,,LAKE,1278,DEMOCRATIC,DEM
GP 2004,PRESIDENT,1,7909,JOE,LIEBERMAN,,LaSALLE,101,DEMOCRATIC,DEM
GP 2004,PRESIDENT,1,7909,JOE,LIEBERMAN,,HENRY,24,DEMOCRATIC,DEM
GP 2004,PRESIDENT,1,7909,JOE,LIEBERMAN,,McDONOUGH,17,DEMOCRATIC,DEM
GP 2004,PRESIDENT,1,7909,JOE,LIEBERMAN,,CHAMPAIGN,148,DEMOCRATIC,DEM
GP 2004,PRESIDENT,1,7909,JOE,LIEBERMAN,,SCOTT,8,DEMOCRATIC,DEM
GP 2004,PRESIDENT,1,7909,JOE,LIEBERMAN,,CARROLL,7,DEMOCRATIC,DEM
GP 2004,PRESIDENT,1,7909,JOE,LIEBERMAN,,MACON,254,DEMOCRATIC,DEM
GP 2004,PRESIDENT,1,7909,JOE,LIEBERMAN,,POPE,18,DEMOCRATIC,DEM
GP 2004,PRESIDENT,1,7909,JOE,LIEBERMAN,,KNOX,48,DEMOCRATIC,DEM
GP 2004,PRESIDENT,1,7909,JOE,LIEBERMAN,,MOULTRIE,23,DEMOCRATIC,DEM
GP 2004,PRESIDENT,1,7909,JOE,LIEBERMAN,,PEORIA,241,DEMOCRATIC,DEM
GP 2004,PRESIDENT,1,7909,JOE,LIEBERMAN,,ADAMS,83,DEMOCRATIC,DEM
GP 2004,PRESIDENT,1,7909,JOE,LIEBERMAN,,CUMBERLAND,20,DEMOCRATIC,DEM
GP 2004,PRESIDENT,1,7909,JOE,LIEBERMAN,,WAYNE,14,DEMOCRATIC,DEM
GP 2004,PRESIDENT,1,7909,JOE,LIEBERMAN,,KENDALL,42,DEMOCRATIC,DEM
GP 2004,PRESIDENT,1,7909,JOE,LIEBERMAN,,KANKAKEE,106,DEMOCRATIC,DEM
GP 2004,PRESIDENT,1,7909,JOE,LIEBERMAN,,BOONE,53,DEMOCRATIC,DEM
GP 2004,PRESIDENT,1,7909,JOE,LIEBERMAN,,WINNEBAGO,1294,DEMOCRATIC,DEM
GP 2004,PRESIDENT,1,7909,JOE,LIEBERMAN,,CHRISTIAN,121,DEMOCRATIC,DEM
GP 2004,PRESIDENT,1,7909,JOE,LIEBERMAN,,LAWRENCE,31,DEMOCRATIC,DEM
GP 2004,PRESIDENT,1,7909,JOE,LIEBERMAN,,McHENRY,264,DEMOCRATIC,DEM
GP 2004,PRESIDENT,1,7909,JOE,LIEBERMAN,,DeWITT,28,DEMOCRATIC,DEM
GP 2004,PRESIDENT,1,7909,JOE,LIEBERMAN,,KANE,335,DEMOCRATIC,DEM
GP 2004,PRESIDENT,1,7909,JOE,LIEBERMAN,,DeKALB,82,DEMOCRATIC,DEM
GP 2004,PRESIDENT,1,7909,JOE,LIEBERMAN,,COOK,13873,DEMOCRATIC,DEM
GP 2004,PRESIDENT,1,7909,JOE,LIEBERMAN,,McLEAN,100,DEMOCRATIC,DEM
GP 2004,PRESIDENT,1,7909,JOE,LIEBERMAN,,UNION,129,DEMOCRATIC,DEM
GP 2004,PRESIDENT,1,7909,JOE,LIEBERMAN,,ST. CLAIR,373,DEMOCRATIC,DEM
GP 2004,PRESIDENT,1,7909,JOE,LIEBERMAN,,VERMILION,56,DEMOCRATIC,DEM
GP 2004,PRESIDENT,1,7909,JOE,LIEBERMAN,,ALEXANDER,29,DEMOCRATIC,DEM
GP 2004,PRESIDENT,1,7909,JOE,LIEBERMAN,,PULASKI,6,DEMOCRATIC,DEM
GP 2004,PRESIDENT,1,7909,JOE,LIEBERMAN,,DuPAGE,996,DEMOCRATIC,DEM
GP 2004,16TH DEMOCRATIC DELEGATE,4,7910,GWYN,GULLEY,DEAN,WHITESIDE,160,DEMOCRATIC,DEM
GP 2004,16TH DEMOCRATIC DELEGATE,4,7910,GWYN,GULLEY,DEAN,OGLE,124,DEMOCRATIC,DEM
GP 2004,16TH DEMOCRATIC DELEGATE,4,7910,GWYN,GULLEY,DEAN,STEPHENSON,501,DEMOCRATIC,DEM
GP 2004,16TH DEMOCRATIC DELEGATE,4,7910,GWYN,GULLEY,DEAN,JoDAVIESS,241,DEMOCRATIC,DEM
GP 2004,16TH DEMOCRATIC DELEGATE,4,7910,GWYN,GULLEY,DEAN,CARROLL,68,DEMOCRATIC,DEM
GP 2004,16TH DEMOCRATIC DELEGATE,4,7910,GWYN,GULLEY,DEAN,BOONE,179,DEMOCRATIC,DEM
GP 2004,16TH DEMOCRATIC DELEGATE,4,7910,GWYN,GULLEY,DEAN,WINNEBAGO,2132,DEMOCRATIC,DEM
GP 2004,16TH DEMOCRATIC DELEGATE,4,7910,GWYN,GULLEY,DEAN,McHENRY,661,DEMOCRATIC,DEM
GP 2004,16TH DEMOCRATIC DELEGATE,4,7910,GWYN,GULLEY,DEAN,DeKALB,39,DEMOCRATIC,DEM
GP 2004,16TH DEMOCRATIC DELEGATE,4,7911,CHARLES,BOX,DEAN,WHITESIDE,157,DEMOCRATIC,DEM
GP 2004,16TH DEMOCRATIC DELEGATE,4,7911,CHARLES,BOX,DEAN,OGLE,358,DEMOCRATIC,DEM
GP 2004,16TH DEMOCRATIC DELEGATE,4,7911,CHARLES,BOX,DEAN,STEPHENSON,689,DEMOCRATIC,DEM
GP 2004,16TH DEMOCRATIC DELEGATE,4,7911,CHARLES,BOX,DEAN,JoDAVIESS,218,DEMOCRATIC,DEM
GP 2004,16TH DEMOCRATIC DELEGATE,4,7911,CHARLES,BOX,DEAN,CARROLL,62,DEMOCRATIC,DEM
GP 2004,16TH DEMOCRATIC DELEGATE,4,7911,CHARLES,BOX,DEAN,BOONE,434,DEMOCRATIC,DEM
GP 2004,16TH DEMOCRATIC DELEGATE,4,7911,CHARLES,BOX,DEAN,WINNEBAGO,6402,DEMOCRATIC,DEM
GP 2004,16TH DEMOCRATIC DELEGATE,4,7911,CHARLES,BOX,DEAN,McHENRY,531,DEMOCRATIC,DEM
GP 2004,16TH DEMOCRATIC DELEGATE,4,7911,CHARLES,BOX,DEAN,DeKALB,53,DEMOCRATIC,DEM
GP 2004,16TH DEMOCRATIC DELEGATE,4,7912,JEANIE L.,KAUFMANN,DEAN,WHITESIDE,167,DEMOCRATIC,DEM
GP 2004,16TH DEMOCRATIC DELEGATE,4,7912,JEANIE L.,KAUFMANN,DEAN,OGLE,183,DEMOCRATIC,DEM
GP 2004,16TH DEMOCRATIC DELEGATE,4,7912,JEANIE L.,KAUFMANN,DEAN,STEPHENSON,448,DEMOCRATIC,DEM
GP 2004,16TH DEMOCRATIC DELEGATE,4,7912,JEANIE L.,KAUFMANN,DEAN,JoDAVIESS,224,DEMOCRATIC,DEM
GP 2004,16TH DEMOCRATIC DELEGATE,4,7912,JEANIE L.,KAUFMANN,DEAN,CARROLL,69,DEMOCRATIC,DEM
GP 2004,16TH DEMOCRATIC DELEGATE,4,7912,JEANIE L.,KAUFMANN,DEAN,BOONE,169,DEMOCRATIC,DEM
GP 2004,16TH DEMOCRATIC DELEGATE,4,7912,JEANIE L.,KAUFMANN,DEAN,WINNEBAGO,932,DEMOCRATIC,DEM
GP 2004,16TH DEMOCRATIC DELEGATE,4,7912,JEANIE L.,KAUFMANN,DEAN,McHENRY,761,DEMOCRATIC,DEM
GP 2004,16TH DEMOCRATIC DELEGATE,4,7912,JEANIE L.,KAUFMANN,DEAN,DeKALB,56,DEMOCRATIC,DEM
GP 2004,16TH DEMOCRATIC DELEGATE,4,7913,THOMAS O.,MEYER,DEAN,WHITESIDE,140,DEMOCRATIC,DEM
GP 2004,16TH DEMOCRATIC DELEGATE,4,7913,THOMAS O.,MEYER,DEAN,OGLE,146,DEMOCRATIC,DEM
GP 2004,16TH DEMOCRATIC DELEGATE,4,7913,THOMAS O.,MEYER,DEAN,STEPHENSON,380,DEMOCRATIC,DEM
GP 2004,16TH DEMOCRATIC DELEGATE,4,7913,THOMAS O.,MEYER,DEAN,JoDAVIESS,169,DEMOCRATIC,DEM
GP 2004,16TH DEMOCRATIC DELEGATE,4,7913,THOMAS O.,MEYER,DEAN,CARROLL,70,DEMOCRATIC,DEM
GP 2004,16TH DEMOCRATIC DELEGATE,4,7913,THOMAS O.,MEYER,DEAN,BOONE,177,DEMOCRATIC,DEM
GP 2004,16TH DEMOCRATIC DELEGATE,4,7913,THOMAS O.,MEYER,DEAN,WINNEBAGO,1645,DEMOCRATIC,DEM
GP 2004,16TH DEMOCRATIC DELEGATE,4,7913,THOMAS O.,MEYER,DEAN,McHENRY,639,DEMOCRATIC,DEM
GP 2004,16TH DEMOCRATIC DELEGATE,4,7913,THOMAS O.,MEYER,DEAN,DeKALB,44,DEMOCRATIC,DEM
GP 2004,16TH DEMOCRATIC ALTERNATE DELEGATE,1,7914,JAY,FERRARO,DEAN,WHITESIDE,56,DEMOCRATIC,DEM
GP 2004,16TH DEMOCRATIC ALTERNATE DELEGATE,1,7914,JAY,FERRARO,DEAN,OGLE,140,DEMOCRATIC,DEM
GP 2004,16TH DEMOCRATIC ALTERNATE DELEGATE,1,7914,JAY,FERRARO,DEAN,STEPHENSON,172,DEMOCRATIC,DEM
GP 2004,16TH DEMOCRATIC ALTERNATE DELEGATE,1,7914,JAY,FERRARO,DEAN,JoDAVIESS,97,DEMOCRATIC,DEM
GP 2004,16TH DEMOCRATIC ALTERNATE DELEGATE,1,7914,JAY,FERRARO,DEAN,CARROLL,48,DEMOCRATIC,DEM
GP 2004,16TH DEMOCRATIC ALTERNATE DELEGATE,1,7914,JAY,FERRARO,DEAN,BOONE,174,DEMOCRATIC,DEM
GP 2004,16TH DEMOCRATIC ALTERNATE DELEGATE,1,7914,JAY,FERRARO,DEAN,WINNEBAGO,1150,DEMOCRATIC,DEM
GP 2004,16TH DEMOCRATIC ALTERNATE DELEGATE,1,7914,JAY,FERRARO,DEAN,McHENRY,583,DEMOCRATIC,DEM
GP 2004,16TH DEMOCRATIC ALTERNATE DELEGATE,1,7914,JAY,FERRARO,DEAN,DeKALB,38,DEMOCRATIC,DEM
GP 2004,PRESIDENT,1,7915,HOWARD,DEAN,,BROWN,8,DEMOCRATIC,DEM
GP 2004,PRESIDENT,1,7915,HOWARD,DEAN,,CLAY,82,DEMOCRATIC,DEM
GP 2004,PRESIDENT,1,7915,HOWARD,DEAN,,HARDIN,36,DEMOCRATIC,DEM
GP 2004,PRESIDENT,1,7915,HOWARD,DEAN,,JERSEY,46,DEMOCRATIC,DEM
GP 2004,PRESIDENT,1,7915,HOWARD,DEAN,,LOGAN,49,DEMOCRATIC,DEM
GP 2004,PRESIDENT,1,7915,HOWARD,DEAN,,RICHLAND,64,DEMOCRATIC,DEM
GP 2004,PRESIDENT,1,7915,HOWARD,DEAN,,SCHUYLER,14,DEMOCRATIC,DEM
GP 2004,PRESIDENT,1,7915,HOWARD,DEAN,,WASHINGTON,51,DEMOCRATIC,DEM
GP 2004,PRESIDENT,1,7915,HOWARD,DEAN,,BOND,29,DEMOCRATIC,DEM
GP 2004,PRESIDENT,1,7915,HOWARD,DEAN,,CLINTON,37,DEMOCRATIC,DEM
GP 2004,PRESIDENT,1,7915,HOWARD,DEAN,,JASPER,44,DEMOCRATIC,DEM
GP 2004,PRESIDENT,1,7915,HOWARD,DEAN,,MARSHALL,23,DEMOCRATIC,DEM
GP 2004,PRESIDENT,1,7915,HOWARD,DEAN,,EDGAR,36,DEMOCRATIC,DEM
GP 2004,PRESIDENT,1,7915,HOWARD,DEAN,,FORD,17,DEMOCRATIC,DEM
GP 2004,PRESIDENT,1,7915,HOWARD,DEAN,,GREENE,65,DEMOCRATIC,DEM
GP 2004,PRESIDENT,1,7915,HOWARD,DEAN,,IROQUOIS,30,DEMOCRATIC,DEM
GP 2004,PRESIDENT,1,7915,HOWARD,DEAN,,JOHNSON,40,DEMOCRATIC,DEM
GP 2004,PRESIDENT,1,7915,HOWARD,DEAN,,LIVINGSTON,71,DEMOCRATIC,DEM
GP 2004,PRESIDENT,1,7915,HOWARD,DEAN,,MENARD,22,DEMOCRATIC,DEM
GP 2004,PRESIDENT,1,7915,HOWARD,DEAN,,MERCER,100,DEMOCRATIC,DEM
GP 2004,PRESIDENT,1,7915,HOWARD,DEAN,,PERRY,93,DEMOCRATIC,DEM
GP 2004,PRESIDENT,1,7915,HOWARD,DEAN,,PIATT,50,DEMOCRATIC,DEM
GP 2004,PRESIDENT,1,7915,HOWARD,DEAN,,STARK,15,DEMOCRATIC,DEM
GP 2004,PRESIDENT,1,7915,HOWARD,DEAN,,WILLIAMSON,159,DEMOCRATIC,DEM
GP 2004,PRESIDENT,1,7915,HOWARD,DEAN,,WOODFORD,78,DEMOCRATIC,DEM
GP 2004,PRESIDENT,1,7915,HOWARD,DEAN,,FULTON,233,DEMOCRATIC,DEM
GP 2004,PRESIDENT,1,7915,HOWARD,DEAN,,HAMILTON,52,DEMOCRATIC,DEM
GP 2004,PRESIDENT,1,7915,HOWARD,DEAN,,HANCOCK,46,DEMOCRATIC,DEM
GP 2004,PRESIDENT,1,7915,HOWARD,DEAN,,MACOUPIN,284,DEMOCRATIC,DEM
GP 2004,PRESIDENT,1,7915,HOWARD,DEAN,,MASON,88,DEMOCRATIC,DEM
GP 2004,PRESIDENT,1,7915,HOWARD,DEAN,,MONROE,40,DEMOCRATIC,DEM
GP 2004,PRESIDENT,1,7915,HOWARD,DEAN,,SHELBY,105,DEMOCRATIC,DEM
GP 2004,PRESIDENT,1,7915,HOWARD,DEAN,,BUREAU,153,DEMOCRATIC,DEM
GP 2004,PRESIDENT,1,7915,HOWARD,DEAN,,WARREN,52,DEMOCRATIC,DEM
GP 2004,PRESIDENT,1,7915,HOWARD,DEAN,,DOUGLAS,20,DEMOCRATIC,DEM
GP 2004,PRESIDENT,1,7915,HOWARD,DEAN,,COLES,68,DEMOCRATIC,DEM
GP 2004,PRESIDENT,1,7915,HOWARD,DEAN,,EDWARDS,7,DEMOCRATIC,DEM
GP 2004,PRESIDENT,1,7915,HOWARD,DEAN,,PIKE,36,DEMOCRATIC,DEM
GP 2004,PRESIDENT,1,7915,HOWARD,DEAN,,HENDERSON,18,DEMOCRATIC,DEM
GP 2004,PRESIDENT,1,7915,HOWARD,DEAN,,JACKSON,274,DEMOCRATIC,DEM
GP 2004,PRESIDENT,1,7915,HOWARD,DEAN,,ROCK ISLAND,673,DEMOCRATIC,DEM
GP 2004,PRESIDENT,1,7915,HOWARD,DEAN,,LEE,79,DEMOCRATIC,DEM
GP 2004,PRESIDENT,1,7915,HOWARD,DEAN,,CASS,43,DEMOCRATIC,DEM
GP 2004,PRESIDENT,1,7915,HOWARD,DEAN,,WHITE,61,DEMOCRATIC,DEM
GP 2004,PRESIDENT,1,7915,HOWARD,DEAN,,CRAWFORD,43,DEMOCRATIC,DEM
GP 2004,PRESIDENT,1,7915,HOWARD,DEAN,,WHITESIDE,140,DEMOCRATIC,DEM
GP 2004,PRESIDENT,1,7915,HOWARD,DEAN,,MORGAN,43,DEMOCRATIC,DEM
GP 2004,PRESIDENT,1,7915,HOWARD,DEAN,,OGLE,106,DEMOCRATIC,DEM
GP 2004,PRESIDENT,1,7915,HOWARD,DEAN,,FRANKLIN,281,DEMOCRATIC,DEM
GP 2004,PRESIDENT,1,7915,HOWARD,DEAN,,FAYETTE,35,DEMOCRATIC,DEM
GP 2004,PRESIDENT,1,7915,HOWARD,DEAN,,RANDOLPH,158,DEMOCRATIC,DEM
GP 2004,PRESIDENT,1,7915,HOWARD,DEAN,,MARION,152,DEMOCRATIC,DEM
GP 2004,PRESIDENT,1,7915,HOWARD,DEAN,,SALINE,155,DEMOCRATIC,DEM
GP 2004,PRESIDENT,1,7915,HOWARD,DEAN,,MASSAC,27,DEMOCRATIC,DEM
GP 2004,PRESIDENT,1,7915,HOWARD,DEAN,,WILL,1667,DEMOCRATIC,DEM
GP 2004,PRESIDENT,1,7915,HOWARD,DEAN,,CLARK,37,DEMOCRATIC,DEM
GP 2004,PRESIDENT,1,7915,HOWARD,DEAN,,CALHOUN,7,DEMOCRATIC,DEM
GP 2004,PRESIDENT,1,7915,HOWARD,DEAN,,STEPHENSON,89,DEMOCRATIC,DEM
GP 2004,PRESIDENT,1,7915,HOWARD,DEAN,,GALLATIN,69,DEMOCRATIC,DEM
GP 2004,PRESIDENT,1,7915,HOWARD,DEAN,,MONTGOMERY,97,DEMOCRATIC,DEM
GP 2004,PRESIDENT,1,7915,HOWARD,DEAN,,JEFFERSON,98,DEMOCRATIC,DEM
GP 2004,PRESIDENT,1,7915,HOWARD,DEAN,,PUTNAM,46,DEMOCRATIC,DEM
GP 2004,PRESIDENT,1,7915,HOWARD,DEAN,,WABASH,57,DEMOCRATIC,DEM
GP 2004,PRESIDENT,1,7915,HOWARD,DEAN,,MADISON,662,DEMOCRATIC,DEM
GP 2004,PRESIDENT,1,7915,HOWARD,DEAN,,GRUNDY,121,DEMOCRATIC,DEM
GP 2004,PRESIDENT,1,7915,HOWARD,DEAN,,JoDAVIESS,48,DEMOCRATIC,DEM
GP 2004,PRESIDENT,1,7915,HOWARD,DEAN,,TAZEWELL,303,DEMOCRATIC,DEM
GP 2004,PRESIDENT,1,7915,HOWARD,DEAN,,SANGAMON,398,DEMOCRATIC,DEM
GP 2004,PRESIDENT,1,7915,HOWARD,DEAN,,EFFINGHAM,159,DEMOCRATIC,DEM
GP 2004,PRESIDENT,1,7915,HOWARD,DEAN,,LAKE,1600,DEMOCRATIC,DEM
GP 2004,PRESIDENT,1,7915,HOWARD,DEAN,,LaSALLE,302,DEMOCRATIC,DEM
GP 2004,PRESIDENT,1,7915,HOWARD,DEAN,,HENRY,135,DEMOCRATIC,DEM
GP 2004,PRESIDENT,1,7915,HOWARD,DEAN,,McDONOUGH,50,DEMOCRATIC,DEM
GP 2004,PRESIDENT,1,7915,HOWARD,DEAN,,CHAMPAIGN,553,DEMOCRATIC,DEM
GP 2004,PRESIDENT,1,7915,HOWARD,DEAN,,SCOTT,11,DEMOCRATIC,DEM
GP 2004,PRESIDENT,1,7915,HOWARD,DEAN,,CARROLL,47,DEMOCRATIC,DEM
GP 2004,PRESIDENT,1,7915,HOWARD,DEAN,,MACON,301,DEMOCRATIC,DEM
GP 2004,PRESIDENT,1,7915,HOWARD,DEAN,,POPE,21,DEMOCRATIC,DEM
GP 2004,PRESIDENT,1,7915,HOWARD,DEAN,,KNOX,170,DEMOCRATIC,DEM
GP 2004,PRESIDENT,1,7915,HOWARD,DEAN,,MOULTRIE,40,DEMOCRATIC,DEM
GP 2004,PRESIDENT,1,7915,HOWARD,DEAN,,PEORIA,424,DEMOCRATIC,DEM
GP 2004,PRESIDENT,1,7915,HOWARD,DEAN,,ADAMS,125,DEMOCRATIC,DEM
GP 2004,PRESIDENT,1,7915,HOWARD,DEAN,,CUMBERLAND,30,DEMOCRATIC,DEM
GP 2004,PRESIDENT,1,7915,HOWARD,DEAN,,WAYNE,50,DEMOCRATIC,DEM
GP 2004,PRESIDENT,1,7915,HOWARD,DEAN,,KENDALL,139,DEMOCRATIC,DEM
GP 2004,PRESIDENT,1,7915,HOWARD,DEAN,,KANKAKEE,294,DEMOCRATIC,DEM
GP 2004,PRESIDENT,1,7915,HOWARD,DEAN,,BOONE,117,DEMOCRATIC,DEM
GP 2004,PRESIDENT,1,7915,HOWARD,DEAN,,WINNEBAGO,747,DEMOCRATIC,DEM
GP 2004,PRESIDENT,1,7915,HOWARD,DEAN,,CHRISTIAN,174,DEMOCRATIC,DEM
GP 2004,PRESIDENT,1,7915,HOWARD,DEAN,,LAWRENCE,42,DEMOCRATIC,DEM
GP 2004,PRESIDENT,1,7915,HOWARD,DEAN,,McHENRY,713,DEMOCRATIC,DEM
GP 2004,PRESIDENT,1,7915,HOWARD,DEAN,,DeWITT,48,DEMOCRATIC,DEM
GP 2004,PRESIDENT,1,7915,HOWARD,DEAN,,KANE,816,DEMOCRATIC,DEM
GP 2004,PRESIDENT,1,7915,HOWARD,DEAN,,DeKALB,238,DEMOCRATIC,DEM
GP 2004,PRESIDENT,1,7915,HOWARD,DEAN,,COOK,27695,DEMOCRATIC,DEM
GP 2004,PRESIDENT,1,7915,HOWARD,DEAN,,McLEAN,247,DEMOCRATIC,DEM
GP 2004,PRESIDENT,1,7915,HOWARD,DEAN,,UNION,181,DEMOCRATIC,DEM
GP 2004,PRESIDENT,1,7915,HOWARD,DEAN,,ST. CLAIR,689,DEMOCRATIC,DEM
GP 2004,PRESIDENT,1,7915,HOWARD,DEAN,,VERMILION,117,DEMOCRATIC,DEM
GP 2004,PRESIDENT,1,7915,HOWARD,DEAN,,ALEXANDER,45,DEMOCRATIC,DEM
GP 2004,PRESIDENT,1,7915,HOWARD,DEAN,,PULASKI,29,DEMOCRATIC,DEM
GP 2004,PRESIDENT,1,7915,HOWARD,DEAN,,DuPAGE,2564,DEMOCRATIC,DEM
GP 2004,9TH DEMOCRATIC DELEGATE,6,7916,JOE,MOORE,DEAN,COOK,8611,DEMOCRATIC,DEM
GP 2004,9TH DEMOCRATIC DELEGATE,6,7917,MARY ANN,SMITH,DEAN,COOK,8477,DEMOCRATIC,DEM
GP 2004,9TH DEMOCRATIC DELEGATE,6,7918,JAMES F.,DOUGHERTY,DEAN,COOK,5896,DEMOCRATIC,DEM
GP 2004,9TH DEMOCRATIC DELEGATE,6,7919,DEBRA,SHORE,DEAN,COOK,6552,DEMOCRATIC,DEM
GP 2004,9TH DEMOCRATIC DELEGATE,6,7920,WILLIAM A.,MAROVITZ,DEAN,COOK,7159,DEMOCRATIC,DEM
GP 2004,9TH DEMOCRATIC DELEGATE,6,7921,ANN P.,KALAYIL,DEAN,COOK,5241,DEMOCRATIC,DEM
GP 2004,1ST DEMOCRATIC DELEGATE,8,7922,ROLAND W.,BURRIS,DEAN,COOK,41502,DEMOCRATIC,DEM
GP 2004,1ST DEMOCRATIC DELEGATE,8,7923,JACQUELINE Y.,COLLINS,DEAN,COOK,16629,DEMOCRATIC,DEM
GP 2004,1ST DEMOCRATIC DELEGATE,8,7924,TED,THOMAS,DEAN,COOK,9548,DEMOCRATIC,DEM
GP 2004,1ST DEMOCRATIC DELEGATE,8,7925,JOAN PATRICIA,MURPHY,DEAN,COOK,12417,DEMOCRATIC,DEM
GP 2004,1ST DEMOCRATIC DELEGATE,8,7926,ALAN MORA,DOBRY,DEAN,COOK,7685,DEMOCRATIC,DEM
GP 2004,1ST DEMOCRATIC DELEGATE,8,7927,SHIRLEY A.,COLEMAN,DEAN,COOK,23090,DEMOCRATIC,DEM
GP 2004,1ST DEMOCRATIC DELEGATE,8,7928,JAMAAL R.,BUCHANAN,DEAN,COOK,8903,DEMOCRATIC,DEM
GP 2004,1ST DEMOCRATIC DELEGATE,8,7929,DELMARIE L.,COBB,DEAN,COOK,8685,DEMOCRATIC,DEM
GP 2004,9TH DEMOCRATIC ALTERNATE DELEGATE,1,7930,AMY V.,PRZYBYLO,DEAN,COOK,5960,DEMOCRATIC,DEM
GP 2004,3RD DEMOCRATIC DELEGATE,6,7932,FRED G.,LEBED,DEAN,COOK,5613,DEMOCRATIC,DEM
GP 2004,3RD DEMOCRATIC DELEGATE,6,7933,MARION,MURPHY,DEAN,COOK,8664,DEMOCRATIC,DEM
GP 2004,3RD DEMOCRATIC DELEGATE,6,7934,JOSEPH M.,BURNS,DEAN,COOK,6131,DEMOCRATIC,DEM
GP 2004,3RD DEMOCRATIC DELEGATE,6,7935,PATRICIA E.,BOLIVAR,DEAN,COOK,6677,DEMOCRATIC,DEM
GP 2004,3RD DEMOCRATIC DELEGATE,6,7936,DAVID A.,BONOMA,DEAN,COOK,5029,DEMOCRATIC,DEM
GP 2004,3RD DEMOCRATIC DELEGATE,6,7937,RACHEL M.,OSTENDORF,DEAN,COOK,4864,DEMOCRATIC,DEM
GP 2004,7TH REPUBLICAN DELEGATE,2,7938,ELOISE,GERSON,BUSH,COOK,6896,REPUBLICAN,REP
GP 2004,7TH REPUBLICAN DELEGATE,2,7939,CAROL SMITH,DONOVAN,BUSH,COOK,7036,REPUBLICAN,REP
GP 2004,3RD DEMOCRATIC ALTERNATE DELEGATE,1,7940,SHEILA M.,MURPHY,DEAN,COOK,13559,DEMOCRATIC,DEM
GP 2004,12TH REPUBLICAN DELEGATE,3,7941,TRACY,BOST,BUSH,PERRY,909,REPUBLICAN,REP
GP 2004,12TH REPUBLICAN DELEGATE,3,7941,TRACY,BOST,BUSH,WILLIAMSON,2037,REPUBLICAN,REP
GP 2004,12TH REPUBLICAN DELEGATE,3,7941,TRACY,BOST,BUSH,MONROE,1035,REPUBLICAN,REP
GP 2004,12TH REPUBLICAN DELEGATE,3,7941,TRACY,BOST,BUSH,JACKSON,2244,REPUBLICAN,REP
GP 2004,12TH REPUBLICAN DELEGATE,3,7941,TRACY,BOST,BUSH,FRANKLIN,1217,REPUBLICAN,REP
GP 2004,12TH REPUBLICAN DELEGATE,3,7941,TRACY,BOST,BUSH,RANDOLPH,810,REPUBLICAN,REP
GP 2004,12TH REPUBLICAN DELEGATE,3,7941,TRACY,BOST,BUSH,MADISON,1588,REPUBLICAN,REP
GP 2004,12TH REPUBLICAN DELEGATE,3,7941,TRACY,BOST,BUSH,UNION,861,REPUBLICAN,REP
GP 2004,12TH REPUBLICAN DELEGATE,3,7941,TRACY,BOST,BUSH,ST. CLAIR,7245,REPUBLICAN,REP
GP 2004,12TH REPUBLICAN DELEGATE,3,7941,TRACY,BOST,BUSH,ALEXANDER,229,REPUBLICAN,REP
GP 2004,12TH REPUBLICAN DELEGATE,3,7941,TRACY,BOST,BUSH,PULASKI,497,REPUBLICAN,REP
GP 2004,12TH REPUBLICAN DELEGATE,3,7942,MARY MARGARET,McGLYNN,BUSH,PERRY,787,REPUBLICAN,REP
GP 2004,12TH REPUBLICAN DELEGATE,3,7942,MARY MARGARET,McGLYNN,BUSH,WILLIAMSON,1854,REPUBLICAN,REP
GP 2004,12TH REPUBLICAN DELEGATE,3,7942,MARY MARGARET,McGLYNN,BUSH,MONROE,1032,REPUBLICAN,REP
GP 2004,12TH REPUBLICAN DELEGATE,3,7942,MARY MARGARET,McGLYNN,BUSH,JACKSON,1916,REPUBLICAN,REP
GP 2004,12TH REPUBLICAN DELEGATE,3,7942,MARY MARGARET,McGLYNN,BUSH,FRANKLIN,1132,REPUBLICAN,REP
GP 2004,12TH REPUBLICAN DELEGATE,3,7942,MARY MARGARET,McGLYNN,BUSH,RANDOLPH,759,REPUBLICAN,REP
GP 2004,12TH REPUBLICAN DELEGATE,3,7942,MARY MARGARET,McGLYNN,BUSH,MADISON,1571,REPUBLICAN,REP
GP 2004,12TH REPUBLICAN DELEGATE,3,7942,MARY MARGARET,McGLYNN,BUSH,UNION,778,REPUBLICAN,REP
GP 2004,12TH REPUBLICAN DELEGATE,3,7942,MARY MARGARET,McGLYNN,BUSH,ST. CLAIR,7481,REPUBLICAN,REP
GP 2004,12TH REPUBLICAN DELEGATE,3,7942,MARY MARGARET,McGLYNN,BUSH,ALEXANDER,215,REPUBLICAN,REP
GP 2004,12TH REPUBLICAN DELEGATE,3,7942,MARY MARGARET,McGLYNN,BUSH,PULASKI,468,REPUBLICAN,REP
GP 2004,12TH REPUBLICAN DELEGATE,3,7943,GLORIA M.,CAMPOS,BUSH,PERRY,790,REPUBLICAN,REP
GP 2004,12TH REPUBLICAN DELEGATE,3,7943,GLORIA M.,CAMPOS,BUSH,WILLIAMSON,1823,REPUBLICAN,REP
GP 2004,12TH REPUBLICAN DELEGATE,3,7943,GLORIA M.,CAMPOS,BUSH,MONROE,1022,REPUBLICAN,REP
GP 2004,12TH REPUBLICAN DELEGATE,3,7943,GLORIA M.,CAMPOS,BUSH,JACKSON,1939,REPUBLICAN,REP
GP 2004,12TH REPUBLICAN DELEGATE,3,7943,GLORIA M.,CAMPOS,BUSH,FRANKLIN,1122,REPUBLICAN,REP
GP 2004,12TH REPUBLICAN DELEGATE,3,7943,GLORIA M.,CAMPOS,BUSH,RANDOLPH,739,REPUBLICAN,REP
GP 2004,12TH REPUBLICAN DELEGATE,3,7943,GLORIA M.,CAMPOS,BUSH,MADISON,1568,REPUBLICAN,REP
GP 2004,12TH REPUBLICAN DELEGATE,3,7943,GLORIA M.,CAMPOS,BUSH,UNION,777,REPUBLICAN,REP
GP 2004,12TH REPUBLICAN DELEGATE,3,7943,GLORIA M.,CAMPOS,BUSH,ST. CLAIR,7175,REPUBLICAN,REP
GP 2004,12TH REPUBLICAN DELEGATE,3,7943,GLORIA M.,CAMPOS,BUSH,ALEXANDER,203,REPUBLICAN,REP
GP 2004,12TH REPUBLICAN DELEGATE,3,7943,GLORIA M.,CAMPOS,BUSH,PULASKI,464,REPUBLICAN,REP
GP 2004,4TH DEMOCRATIC DELEGATE,4,7944,JULIA,MORALES,DEAN,COOK,4304,DEMOCRATIC,DEM
GP 2004,4TH DEMOCRATIC DELEGATE,4,7945,RICARDO,MUÑOZ,DEAN,COOK,6245,DEMOCRATIC,DEM
GP 2004,4TH DEMOCRATIC DELEGATE,4,7946,CYBRINA,BONILLA,DEAN,COOK,1882,DEMOCRATIC,DEM
GP 2004,4TH DEMOCRATIC DELEGATE,4,7947,JUAN,ELIAS,DEAN,COOK,2178,DEMOCRATIC,DEM
GP 2004,10TH DEMOCRATIC DELEGATE,5,7948,CARMEN A.,CORBETT,DEAN,LAKE,1546,DEMOCRATIC,DEM
GP 2004,10TH DEMOCRATIC DELEGATE,5,7948,CARMEN A.,CORBETT,DEAN,COOK,1738,DEMOCRATIC,DEM
GP 2004,10TH DEMOCRATIC DELEGATE,5,7949,CHRISTOPHER J.,DUNN,DEAN,LAKE,1638,DEMOCRATIC,DEM
GP 2004,10TH DEMOCRATIC DELEGATE,5,7949,CHRISTOPHER J.,DUNN,DEAN,COOK,1554,DEMOCRATIC,DEM
GP 2004,10TH DEMOCRATIC DELEGATE,5,7950,PATRICIA E.,CONLON,DEAN,LAKE,1885,DEMOCRATIC,DEM
GP 2004,10TH DEMOCRATIC DELEGATE,5,7950,PATRICIA E.,CONLON,DEAN,COOK,1799,DEMOCRATIC,DEM
GP 2004,10TH DEMOCRATIC DELEGATE,5,7951,TIMOTHY J.,LEAHY,DEAN,LAKE,1543,DEMOCRATIC,DEM
GP 2004,10TH DEMOCRATIC DELEGATE,5,7951,TIMOTHY J.,LEAHY,DEAN,COOK,1468,DEMOCRATIC,DEM
GP 2004,10TH DEMOCRATIC DELEGATE,5,7952,CAROL,JAVENS,DEAN,LAKE,1130,DEMOCRATIC,DEM
GP 2004,10TH DEMOCRATIC DELEGATE,5,7952,CAROL,JAVENS,DEAN,COOK,1292,DEMOCRATIC,DEM
GP 2004,7TH REPUBLICAN ALTERNATE DELEGATE,2,7953,PETER,GARZA,BUSH,COOK,6695,REPUBLICAN,REP
GP 2004,7TH REPUBLICAN ALTERNATE DELEGATE,2,7954,RICHARD R.,GORDON,BUSH,COOK,6774,REPUBLICAN,REP
GP 2004,2ND DEMOCRATIC DELEGATE,8,7955,DEBORAH,SIMS,DEAN,WILL,327,DEMOCRATIC,DEM
GP 2004,2ND DEMOCRATIC DELEGATE,8,7955,DEBORAH,SIMS,DEAN,COOK,16634,DEMOCRATIC,DEM
GP 2004,2ND DEMOCRATIC DELEGATE,8,7956,JAMES T.,MEEKS,DEAN,WILL,659,DEMOCRATIC,DEM
GP 2004,2ND DEMOCRATIC DELEGATE,8,7956,JAMES T.,MEEKS,DEAN,COOK,35643,DEMOCRATIC,DEM
GP 2004,2ND DEMOCRATIC DELEGATE,8,7957,MICHELLE MARKIEWICZ,QUALKINBUSH,DEAN,WILL,105,DEMOCRATIC,DEM
GP 2004,2ND DEMOCRATIC DELEGATE,8,7957,MICHELLE MARKIEWICZ,QUALKINBUSH,DEAN,COOK,7115,DEMOCRATIC,DEM
GP 2004,2ND DEMOCRATIC DELEGATE,8,7958,DAVID E.,MILLER,DEAN,WILL,170,DEMOCRATIC,DEM
GP 2004,2ND DEMOCRATIC DELEGATE,8,7958,DAVID E.,MILLER,DEAN,COOK,13595,DEMOCRATIC,DEM
GP 2004,2ND DEMOCRATIC DELEGATE,8,7959,SANDI S.,JACKSON,DEAN,WILL,272,DEMOCRATIC,DEM
GP 2004,2ND DEMOCRATIC DELEGATE,8,7959,SANDI S.,JACKSON,DEAN,COOK,12617,DEMOCRATIC,DEM
GP 2004,2ND DEMOCRATIC DELEGATE,8,7960,"WILLIAM ""WILL""",DAVIS,DEAN,WILL,240,DEMOCRATIC,DEM
GP 2004,2ND DEMOCRATIC DELEGATE,8,7960,"WILLIAM ""WILL""",DAVIS,DEAN,COOK,13500,DEMOCRATIC,DEM
GP 2004,2ND DEMOCRATIC DELEGATE,8,7961,DORIAN M.,MORLEY,DEAN,WILL,144,DEMOCRATIC,DEM
GP 2004,2ND DEMOCRATIC DELEGATE,8,7961,DORIAN M.,MORLEY,DEAN,COOK,9278,DEMOCRATIC,DEM
GP 2004,2ND DEMOCRATIC DELEGATE,8,7962,MICHAEL,HARTT,DEAN,WILL,103,DEMOCRATIC,DEM
GP 2004,2ND DEMOCRATIC DELEGATE,8,7962,MICHAEL,HARTT,DEAN,COOK,5520,DEMOCRATIC,DEM
GP 2004,4TH DEMOCRATIC ALTERNATE DELEGATE,1,7963,"PROCO ""JOE""",MORENO,DEAN,COOK,5002,DEMOCRATIC,DEM
GP 2004,14TH REPUBLICAN DELEGATE,4,7964,DALLAS,INGEMUNSON,BUSH,BUREAU,36,REPUBLICAN,REP
GP 2004,14TH REPUBLICAN DELEGATE,4,7964,DALLAS,INGEMUNSON,BUSH,LEE,2393,REPUBLICAN,REP
GP 2004,14TH REPUBLICAN DELEGATE,4,7964,DALLAS,INGEMUNSON,BUSH,WHITESIDE,401,REPUBLICAN,REP
GP 2004,14TH REPUBLICAN DELEGATE,4,7964,DALLAS,INGEMUNSON,BUSH,HENRY,1542,REPUBLICAN,REP
GP 2004,14TH REPUBLICAN DELEGATE,4,7964,DALLAS,INGEMUNSON,BUSH,KENDALL,5605,REPUBLICAN,REP
GP 2004,14TH REPUBLICAN DELEGATE,4,7964,DALLAS,INGEMUNSON,BUSH,KANE,24817,REPUBLICAN,REP
GP 2004,14TH REPUBLICAN DELEGATE,4,7964,DALLAS,INGEMUNSON,BUSH,DeKALB,5188,REPUBLICAN,REP
GP 2004,14TH REPUBLICAN DELEGATE,4,7964,DALLAS,INGEMUNSON,BUSH,DuPAGE,3447,REPUBLICAN,REP
GP 2004,14TH REPUBLICAN DELEGATE,4,7965,JO ANN,ARMENTA,BUSH,BUREAU,37,REPUBLICAN,REP
GP 2004,14TH REPUBLICAN DELEGATE,4,7965,JO ANN,ARMENTA,BUSH,LEE,2440,REPUBLICAN,REP
GP 2004,14TH REPUBLICAN DELEGATE,4,7965,JO ANN,ARMENTA,BUSH,WHITESIDE,398,REPUBLICAN,REP
GP 2004,14TH REPUBLICAN DELEGATE,4,7965,JO ANN,ARMENTA,BUSH,HENRY,1571,REPUBLICAN,REP
GP 2004,14TH REPUBLICAN DELEGATE,4,7965,JO ANN,ARMENTA,BUSH,KENDALL,5200,REPUBLICAN,REP
GP 2004,14TH REPUBLICAN DELEGATE,4,7965,JO ANN,ARMENTA,BUSH,KANE,25107,REPUBLICAN,REP
GP 2004,14TH REPUBLICAN DELEGATE,4,7965,JO ANN,ARMENTA,BUSH,DeKALB,5188,REPUBLICAN,REP
GP 2004,14TH REPUBLICAN DELEGATE,4,7965,JO ANN,ARMENTA,BUSH,DuPAGE,3532,REPUBLICAN,REP
GP 2004,14TH REPUBLICAN DELEGATE,4,7966,JERRY D.,BOOSE,BUSH,BUREAU,36,REPUBLICAN,REP
GP 2004,14TH REPUBLICAN DELEGATE,4,7966,JERRY D.,BOOSE,BUSH,LEE,2411,REPUBLICAN,REP
GP 2004,14TH REPUBLICAN DELEGATE,4,7966,JERRY D.,BOOSE,BUSH,WHITESIDE,400,REPUBLICAN,REP
GP 2004,14TH REPUBLICAN DELEGATE,4,7966,JERRY D.,BOOSE,BUSH,HENRY,1550,REPUBLICAN,REP
GP 2004,14TH REPUBLICAN DELEGATE,4,7966,JERRY D.,BOOSE,BUSH,KENDALL,5139,REPUBLICAN,REP
GP 2004,14TH REPUBLICAN DELEGATE,4,7966,JERRY D.,BOOSE,BUSH,KANE,25161,REPUBLICAN,REP
GP 2004,14TH REPUBLICAN DELEGATE,4,7966,JERRY D.,BOOSE,BUSH,DeKALB,5099,REPUBLICAN,REP
GP 2004,14TH REPUBLICAN DELEGATE,4,7966,JERRY D.,BOOSE,BUSH,DuPAGE,3435,REPUBLICAN,REP
GP 2004,14TH REPUBLICAN DELEGATE,4,7967,RAFAEL,CABALLERO,BUSH,BUREAU,36,REPUBLICAN,REP
GP 2004,14TH REPUBLICAN DELEGATE,4,7967,RAFAEL,CABALLERO,BUSH,LEE,2374,REPUBLICAN,REP
GP 2004,14TH REPUBLICAN DELEGATE,4,7967,RAFAEL,CABALLERO,BUSH,WHITESIDE,398,REPUBLICAN,REP
GP 2004,14TH REPUBLICAN DELEGATE,4,7967,RAFAEL,CABALLERO,BUSH,HENRY,1504,REPUBLICAN,REP
GP 2004,14TH REPUBLICAN DELEGATE,4,7967,RAFAEL,CABALLERO,BUSH,KENDALL,5091,REPUBLICAN,REP
GP 2004,14TH REPUBLICAN DELEGATE,4,7967,RAFAEL,CABALLERO,BUSH,KANE,24297,REPUBLICAN,REP
GP 2004,14TH REPUBLICAN DELEGATE,4,7967,RAFAEL,CABALLERO,BUSH,DeKALB,4993,REPUBLICAN,REP
GP 2004,14TH REPUBLICAN DELEGATE,4,7967,RAFAEL,CABALLERO,BUSH,DuPAGE,3434,REPUBLICAN,REP
GP 2004,2ND DEMOCRATIC ALTERNATE DELEGATE,1,7968,MARCELLUS,BARNES,DEAN,WILL,198,DEMOCRATIC,DEM
GP 2004,2ND DEMOCRATIC ALTERNATE DELEGATE,1,7968,MARCELLUS,BARNES,DEAN,COOK,13471,DEMOCRATIC,DEM
GP 2004,10TH DEMOCRATIC ALTERNATE DELEGATE,1,7969,STEVEN P.,BIRENBERG,DEAN,LAKE,1199,DEMOCRATIC,DEM
GP 2004,10TH DEMOCRATIC ALTERNATE DELEGATE,1,7969,STEVEN P.,BIRENBERG,DEAN,COOK,1583,DEMOCRATIC,DEM
GP 2004,5TH DEMOCRATIC DELEGATE,6,7970,JOSEPH,BERRIOS,DEAN,COOK,9491,DEMOCRATIC,DEM
GP 2004,5TH DEMOCRATIC DELEGATE,6,7971,SARA,FEIGENHOLTZ,DEAN,COOK,9100,DEMOCRATIC,DEM
GP 2004,5TH DEMOCRATIC DELEGATE,6,7972,GENE,SCHULTER,DEAN,COOK,10234,DEMOCRATIC,DEM
GP 2004,5TH DEMOCRATIC DELEGATE,6,7973,PAMELA,CULLERTON,DEAN,COOK,6901,DEMOCRATIC,DEM
GP 2004,5TH DEMOCRATIC DELEGATE,6,7974,DAVID K.,IGASAKI,DEAN,COOK,4849,DEMOCRATIC,DEM
GP 2004,5TH DEMOCRATIC DELEGATE,6,7975,FRANCES SARRA,JOHNS,DEAN,COOK,4307,DEMOCRATIC,DEM
GP 2004,12TH REPUBLICAN ALTERNATE DELEGATE,3,7976,GARY L.,GRAHAM,BUSH,PERRY,818,REPUBLICAN,REP
GP 2004,12TH REPUBLICAN ALTERNATE DELEGATE,3,7976,GARY L.,GRAHAM,BUSH,WILLIAMSON,1881,REPUBLICAN,REP
GP 2004,12TH REPUBLICAN ALTERNATE DELEGATE,3,7976,GARY L.,GRAHAM,BUSH,MONROE,1015,REPUBLICAN,REP
GP 2004,12TH REPUBLICAN ALTERNATE DELEGATE,3,7976,GARY L.,GRAHAM,BUSH,JACKSON,2036,REPUBLICAN,REP
GP 2004,12TH REPUBLICAN ALTERNATE DELEGATE,3,7976,GARY L.,GRAHAM,BUSH,FRANKLIN,1175,REPUBLICAN,REP
GP 2004,12TH REPUBLICAN ALTERNATE DELEGATE,3,7976,GARY L.,GRAHAM,BUSH,RANDOLPH,787,REPUBLICAN,REP
GP 2004,12TH REPUBLICAN ALTERNATE DELEGATE,3,7976,GARY L.,GRAHAM,BUSH,MADISON,1589,REPUBLICAN,REP
GP 2004,12TH REPUBLICAN ALTERNATE DELEGATE,3,7976,GARY L.,GRAHAM,BUSH,UNION,803,REPUBLICAN,REP
GP 2004,12TH REPUBLICAN ALTERNATE DELEGATE,3,7976,GARY L.,GRAHAM,BUSH,ST. CLAIR,7395,REPUBLICAN,REP
GP 2004,12TH REPUBLICAN ALTERNATE DELEGATE,3,7976,GARY L.,GRAHAM,BUSH,ALEXANDER,210,REPUBLICAN,REP
GP 2004,12TH REPUBLICAN ALTERNATE DELEGATE,3,7976,GARY L.,GRAHAM,BUSH,PULASKI,474,REPUBLICAN,REP
GP 2004,12TH REPUBLICAN ALTERNATE DELEGATE,3,7977,DEBRA DETMERS,FANSLER,BUSH,PERRY,786,REPUBLICAN,REP
GP 2004,12TH REPUBLICAN ALTERNATE DELEGATE,3,7977,DEBRA DETMERS,FANSLER,BUSH,WILLIAMSON,1778,REPUBLICAN,REP
GP 2004,12TH REPUBLICAN ALTERNATE DELEGATE,3,7977,DEBRA DETMERS,FANSLER,BUSH,MONROE,999,REPUBLICAN,REP
GP 2004,12TH REPUBLICAN ALTERNATE DELEGATE,3,7977,DEBRA DETMERS,FANSLER,BUSH,JACKSON,1965,REPUBLICAN,REP
GP 2004,12TH REPUBLICAN ALTERNATE DELEGATE,3,7977,DEBRA DETMERS,FANSLER,BUSH,FRANKLIN,1130,REPUBLICAN,REP
GP 2004,12TH REPUBLICAN ALTERNATE DELEGATE,3,7977,DEBRA DETMERS,FANSLER,BUSH,RANDOLPH,762,REPUBLICAN,REP
GP 2004,12TH REPUBLICAN ALTERNATE DELEGATE,3,7977,DEBRA DETMERS,FANSLER,BUSH,MADISON,1519,REPUBLICAN,REP
GP 2004,12TH REPUBLICAN ALTERNATE DELEGATE,3,7977,DEBRA DETMERS,FANSLER,BUSH,UNION,779,REPUBLICAN,REP
GP 2004,12TH REPUBLICAN ALTERNATE DELEGATE,3,7977,DEBRA DETMERS,FANSLER,BUSH,ST. CLAIR,7141,REPUBLICAN,REP
GP 2004,12TH REPUBLICAN ALTERNATE DELEGATE,3,7977,DEBRA DETMERS,FANSLER,BUSH,ALEXANDER,191,REPUBLICAN,REP
GP 2004,12TH REPUBLICAN ALTERNATE DELEGATE,3,7977,DEBRA DETMERS,FANSLER,BUSH,PULASKI,455,REPUBLICAN,REP
GP 2004,12TH REPUBLICAN ALTERNATE DELEGATE,3,7978,GEORGE W.,OBERNAGEL III,BUSH,PERRY,801,REPUBLICAN,REP
GP 2004,12TH REPUBLICAN ALTERNATE DELEGATE,3,7978,GEORGE W.,OBERNAGEL III,BUSH,WILLIAMSON,1762,REPUBLICAN,REP
GP 2004,12TH REPUBLICAN ALTERNATE DELEGATE,3,7978,GEORGE W.,OBERNAGEL III,BUSH,MONROE,1115,REPUBLICAN,REP
GP 2004,12TH REPUBLICAN ALTERNATE DELEGATE,3,7978,GEORGE W.,OBERNAGEL III,BUSH,JACKSON,1964,REPUBLICAN,REP
GP 2004,12TH REPUBLICAN ALTERNATE DELEGATE,3,7978,GEORGE W.,OBERNAGEL III,BUSH,FRANKLIN,1141,REPUBLICAN,REP
GP 2004,12TH REPUBLICAN ALTERNATE DELEGATE,3,7978,GEORGE W.,OBERNAGEL III,BUSH,RANDOLPH,766,REPUBLICAN,REP
GP 2004,12TH REPUBLICAN ALTERNATE DELEGATE,3,7978,GEORGE W.,OBERNAGEL III,BUSH,MADISON,1503,REPUBLICAN,REP
GP 2004,12TH REPUBLICAN ALTERNATE DELEGATE,3,7978,GEORGE W.,OBERNAGEL III,BUSH,UNION,777,REPUBLICAN,REP
GP 2004,12TH REPUBLICAN ALTERNATE DELEGATE,3,7978,GEORGE W.,OBERNAGEL III,BUSH,ST. CLAIR,7227,REPUBLICAN,REP
GP 2004,12TH REPUBLICAN ALTERNATE DELEGATE,3,7978,GEORGE W.,OBERNAGEL III,BUSH,ALEXANDER,178,REPUBLICAN,REP
GP 2004,12TH REPUBLICAN ALTERNATE DELEGATE,3,7978,GEORGE W.,OBERNAGEL III,BUSH,PULASKI,447,REPUBLICAN,REP
GP 2004,5TH DEMOCRATIC ALTERNATE DELEGATE,1,7979,GERALDINE M.,McPARTLIN,DEAN,COOK,7578,DEMOCRATIC,DEM
GP 2004,16TH REPUBLICAN DELEGATE,4,7980,DONALD A.,MANZULLO,BUSH,WHITESIDE,1020,REPUBLICAN,REP
GP 2004,16TH REPUBLICAN DELEGATE,4,7980,DONALD A.,MANZULLO,BUSH,OGLE,5975,REPUBLICAN,REP
GP 2004,16TH REPUBLICAN DELEGATE,4,7980,DONALD A.,MANZULLO,BUSH,STEPHENSON,5202,REPUBLICAN,REP
GP 2004,16TH REPUBLICAN DELEGATE,4,7980,DONALD A.,MANZULLO,BUSH,JoDAVIESS,3602,REPUBLICAN,REP
GP 2004,16TH REPUBLICAN DELEGATE,4,7980,DONALD A.,MANZULLO,BUSH,CARROLL,1498,REPUBLICAN,REP
GP 2004,16TH REPUBLICAN DELEGATE,4,7980,DONALD A.,MANZULLO,BUSH,BOONE,5740,REPUBLICAN,REP
GP 2004,16TH REPUBLICAN DELEGATE,4,7980,DONALD A.,MANZULLO,BUSH,WINNEBAGO,18197,REPUBLICAN,REP
GP 2004,16TH REPUBLICAN DELEGATE,4,7980,DONALD A.,MANZULLO,BUSH,McHENRY,15718,REPUBLICAN,REP
GP 2004,16TH REPUBLICAN DELEGATE,4,7980,DONALD A.,MANZULLO,BUSH,DeKALB,1589,REPUBLICAN,REP
GP 2004,16TH REPUBLICAN DELEGATE,4,7981,J. BRADLEY,BURZYNSKI,BUSH,WHITESIDE,952,REPUBLICAN,REP
GP 2004,16TH REPUBLICAN DELEGATE,4,7981,J. BRADLEY,BURZYNSKI,BUSH,OGLE,5321,REPUBLICAN,REP
GP 2004,16TH REPUBLICAN DELEGATE,4,7981,J. BRADLEY,BURZYNSKI,BUSH,STEPHENSON,4182,REPUBLICAN,REP
GP 2004,16TH REPUBLICAN DELEGATE,4,7981,J. BRADLEY,BURZYNSKI,BUSH,JoDAVIESS,2838,REPUBLICAN,REP
GP 2004,16TH REPUBLICAN DELEGATE,4,7981,J. BRADLEY,BURZYNSKI,BUSH,CARROLL,1355,REPUBLICAN,REP
GP 2004,16TH REPUBLICAN DELEGATE,4,7981,J. BRADLEY,BURZYNSKI,BUSH,BOONE,5335,REPUBLICAN,REP
GP 2004,16TH REPUBLICAN DELEGATE,4,7981,J. BRADLEY,BURZYNSKI,BUSH,WINNEBAGO,16516,REPUBLICAN,REP
GP 2004,16TH REPUBLICAN DELEGATE,4,7981,J. BRADLEY,BURZYNSKI,BUSH,McHENRY,13791,REPUBLICAN,REP
GP 2004,16TH REPUBLICAN DELEGATE,4,7981,J. BRADLEY,BURZYNSKI,BUSH,DeKALB,1711,REPUBLICAN,REP
GP 2004,16TH REPUBLICAN DELEGATE,4,7982,RONALD A.,WAIT,BUSH,WHITESIDE,956,REPUBLICAN,REP
GP 2004,16TH REPUBLICAN DELEGATE,4,7982,RONALD A.,WAIT,BUSH,OGLE,5144,REPUBLICAN,REP
GP 2004,16TH REPUBLICAN DELEGATE,4,7982,RONALD A.,WAIT,BUSH,STEPHENSON,4185,REPUBLICAN,REP
GP 2004,16TH REPUBLICAN DELEGATE,4,7982,RONALD A.,WAIT,BUSH,JoDAVIESS,2833,REPUBLICAN,REP
GP 2004,16TH REPUBLICAN DELEGATE,4,7982,RONALD A.,WAIT,BUSH,CARROLL,1365,REPUBLICAN,REP
GP 2004,16TH REPUBLICAN DELEGATE,4,7982,RONALD A.,WAIT,BUSH,BOONE,5579,REPUBLICAN,REP
GP 2004,16TH REPUBLICAN DELEGATE,4,7982,RONALD A.,WAIT,BUSH,WINNEBAGO,16451,REPUBLICAN,REP
GP 2004,16TH REPUBLICAN DELEGATE,4,7982,RONALD A.,WAIT,BUSH,McHENRY,13762,REPUBLICAN,REP
GP 2004,16TH REPUBLICAN DELEGATE,4,7982,RONALD A.,WAIT,BUSH,DeKALB,1545,REPUBLICAN,REP
GP 2004,16TH REPUBLICAN DELEGATE,4,7983,DAVE,SYVERSON,BUSH,WHITESIDE,965,REPUBLICAN,REP
GP 2004,16TH REPUBLICAN DELEGATE,4,7983,DAVE,SYVERSON,BUSH,OGLE,5402,REPUBLICAN,REP
GP 2004,16TH REPUBLICAN DELEGATE,4,7983,DAVE,SYVERSON,BUSH,STEPHENSON,4436,REPUBLICAN,REP
GP 2004,16TH REPUBLICAN DELEGATE,4,7983,DAVE,SYVERSON,BUSH,JoDAVIESS,2886,REPUBLICAN,REP
GP 2004,16TH REPUBLICAN DELEGATE,4,7983,DAVE,SYVERSON,BUSH,CARROLL,1395,REPUBLICAN,REP
GP 2004,16TH REPUBLICAN DELEGATE,4,7983,DAVE,SYVERSON,BUSH,BOONE,5541,REPUBLICAN,REP
GP 2004,16TH REPUBLICAN DELEGATE,4,7983,DAVE,SYVERSON,BUSH,WINNEBAGO,17343,REPUBLICAN,REP
GP 2004,16TH REPUBLICAN DELEGATE,4,7983,DAVE,SYVERSON,BUSH,McHENRY,13732,REPUBLICAN,REP
GP 2004,16TH REPUBLICAN DELEGATE,4,7983,DAVE,SYVERSON,BUSH,DeKALB,1561,REPUBLICAN,REP
GP 2004,11TH REPUBLICAN DELEGATE,4,7984,RENÉE,KOSEL,BUSH,LIVINGSTON,31,REPUBLICAN,REP
GP 2004,11TH REPUBLICAN DELEGATE,4,7984,RENÉE,KOSEL,BUSH,WOODFORD,312,REPUBLICAN,REP
GP 2004,11TH REPUBLICAN DELEGATE,4,7984,RENÉE,KOSEL,BUSH,BUREAU,1874,REPUBLICAN,REP
GP 2004,11TH REPUBLICAN DELEGATE,4,7984,RENÉE,KOSEL,BUSH,WILL,19565,REPUBLICAN,REP
GP 2004,11TH REPUBLICAN DELEGATE,4,7984,RENÉE,KOSEL,BUSH,GRUNDY,3045,REPUBLICAN,REP
GP 2004,11TH REPUBLICAN DELEGATE,4,7984,RENÉE,KOSEL,BUSH,LaSALLE,4230,REPUBLICAN,REP
GP 2004,11TH REPUBLICAN DELEGATE,4,7984,RENÉE,KOSEL,BUSH,KANKAKEE,3557,REPUBLICAN,REP
GP 2004,11TH REPUBLICAN DELEGATE,4,7984,RENÉE,KOSEL,BUSH,McLEAN,4963,REPUBLICAN,REP
GP 2004,11TH REPUBLICAN DELEGATE,4,7985,"BARBARA J. ""BOBBIE""",PETERSON,BUSH,LIVINGSTON,29,REPUBLICAN,REP
GP 2004,11TH REPUBLICAN DELEGATE,4,7985,"BARBARA J. ""BOBBIE""",PETERSON,BUSH,WOODFORD,310,REPUBLICAN,REP
GP 2004,11TH REPUBLICAN DELEGATE,4,7985,"BARBARA J. ""BOBBIE""",PETERSON,BUSH,BUREAU,1889,REPUBLICAN,REP
GP 2004,11TH REPUBLICAN DELEGATE,4,7985,"BARBARA J. ""BOBBIE""",PETERSON,BUSH,WILL,17387,REPUBLICAN,REP
GP 2004,11TH REPUBLICAN DELEGATE,4,7985,"BARBARA J. ""BOBBIE""",PETERSON,BUSH,GRUNDY,3095,REPUBLICAN,REP
GP 2004,11TH REPUBLICAN DELEGATE,4,7985,"BARBARA J. ""BOBBIE""",PETERSON,BUSH,LaSALLE,4327,REPUBLICAN,REP
GP 2004,11TH REPUBLICAN DELEGATE,4,7985,"BARBARA J. ""BOBBIE""",PETERSON,BUSH,KANKAKEE,3594,REPUBLICAN,REP
GP 2004,11TH REPUBLICAN DELEGATE,4,7985,"BARBARA J. ""BOBBIE""",PETERSON,BUSH,McLEAN,5009,REPUBLICAN,REP
GP 2004,11TH REPUBLICAN DELEGATE,4,7986,BARBARA A.,REYES,BUSH,LIVINGSTON,31,REPUBLICAN,REP
GP 2004,11TH REPUBLICAN DELEGATE,4,7986,BARBARA A.,REYES,BUSH,WOODFORD,316,REPUBLICAN,REP
GP 2004,11TH REPUBLICAN DELEGATE,4,7986,BARBARA A.,REYES,BUSH,BUREAU,1908,REPUBLICAN,REP
GP 2004,11TH REPUBLICAN DELEGATE,4,7986,BARBARA A.,REYES,BUSH,WILL,17307,REPUBLICAN,REP
GP 2004,11TH REPUBLICAN DELEGATE,4,7986,BARBARA A.,REYES,BUSH,GRUNDY,3058,REPUBLICAN,REP
GP 2004,11TH REPUBLICAN DELEGATE,4,7986,BARBARA A.,REYES,BUSH,LaSALLE,4253,REPUBLICAN,REP
GP 2004,11TH REPUBLICAN DELEGATE,4,7986,BARBARA A.,REYES,BUSH,KANKAKEE,3573,REPUBLICAN,REP
GP 2004,11TH REPUBLICAN DELEGATE,4,7986,BARBARA A.,REYES,BUSH,McLEAN,5047,REPUBLICAN,REP
GP 2004,11TH REPUBLICAN DELEGATE,4,7987,ROBERT F.,VICKREY,BUSH,LIVINGSTON,32,REPUBLICAN,REP
GP 2004,11TH REPUBLICAN DELEGATE,4,7987,ROBERT F.,VICKREY,BUSH,WOODFORD,309,REPUBLICAN,REP
GP 2004,11TH REPUBLICAN DELEGATE,4,7987,ROBERT F.,VICKREY,BUSH,BUREAU,1926,REPUBLICAN,REP
GP 2004,11TH REPUBLICAN DELEGATE,4,7987,ROBERT F.,VICKREY,BUSH,WILL,17173,REPUBLICAN,REP
GP 2004,11TH REPUBLICAN DELEGATE,4,7987,ROBERT F.,VICKREY,BUSH,GRUNDY,3103,REPUBLICAN,REP
GP 2004,11TH REPUBLICAN DELEGATE,4,7987,ROBERT F.,VICKREY,BUSH,LaSALLE,4545,REPUBLICAN,REP
GP 2004,11TH REPUBLICAN DELEGATE,4,7987,ROBERT F.,VICKREY,BUSH,KANKAKEE,3613,REPUBLICAN,REP
GP 2004,11TH REPUBLICAN DELEGATE,4,7987,ROBERT F.,VICKREY,BUSH,McLEAN,5009,REPUBLICAN,REP
GP 2004,14TH REPUBLICAN ALTERNATE DELEGATE,4,7988,CHRISTINE J.,JOHNSON,BUSH,BUREAU,35,REPUBLICAN,REP
GP 2004,14TH REPUBLICAN ALTERNATE DELEGATE,4,7988,CHRISTINE J.,JOHNSON,BUSH,LEE,2450,REPUBLICAN,REP
GP 2004,14TH REPUBLICAN ALTERNATE DELEGATE,4,7988,CHRISTINE J.,JOHNSON,BUSH,WHITESIDE,409,REPUBLICAN,REP
GP 2004,14TH REPUBLICAN ALTERNATE DELEGATE,4,7988,CHRISTINE J.,JOHNSON,BUSH,HENRY,1587,REPUBLICAN,REP
GP 2004,14TH REPUBLICAN ALTERNATE DELEGATE,4,7988,CHRISTINE J.,JOHNSON,BUSH,KENDALL,5247,REPUBLICAN,REP
GP 2004,14TH REPUBLICAN ALTERNATE DELEGATE,4,7988,CHRISTINE J.,JOHNSON,BUSH,KANE,25162,REPUBLICAN,REP
GP 2004,14TH REPUBLICAN ALTERNATE DELEGATE,4,7988,CHRISTINE J.,JOHNSON,BUSH,DeKALB,5581,REPUBLICAN,REP
GP 2004,14TH REPUBLICAN ALTERNATE DELEGATE,4,7988,CHRISTINE J.,JOHNSON,BUSH,DuPAGE,3499,REPUBLICAN,REP
GP 2004,14TH REPUBLICAN ALTERNATE DELEGATE,4,7989,MARVIN V.,WILLIAMS,BUSH,BUREAU,33,REPUBLICAN,REP
GP 2004,14TH REPUBLICAN ALTERNATE DELEGATE,4,7989,MARVIN V.,WILLIAMS,BUSH,LEE,2492,REPUBLICAN,REP
GP 2004,14TH REPUBLICAN ALTERNATE DELEGATE,4,7989,MARVIN V.,WILLIAMS,BUSH,WHITESIDE,402,REPUBLICAN,REP
GP 2004,14TH REPUBLICAN ALTERNATE DELEGATE,4,7989,MARVIN V.,WILLIAMS,BUSH,HENRY,1567,REPUBLICAN,REP
GP 2004,14TH REPUBLICAN ALTERNATE DELEGATE,4,7989,MARVIN V.,WILLIAMS,BUSH,KENDALL,4996,REPUBLICAN,REP
GP 2004,14TH REPUBLICAN ALTERNATE DELEGATE,4,7989,MARVIN V.,WILLIAMS,BUSH,KANE,23642,REPUBLICAN,REP
GP 2004,14TH REPUBLICAN ALTERNATE DELEGATE,4,7989,MARVIN V.,WILLIAMS,BUSH,DeKALB,5025,REPUBLICAN,REP
GP 2004,14TH REPUBLICAN ALTERNATE DELEGATE,4,7989,MARVIN V.,WILLIAMS,BUSH,DuPAGE,3408,REPUBLICAN,REP
GP 2004,14TH REPUBLICAN ALTERNATE DELEGATE,4,7990,SANDRA T.,PARGA,BUSH,BUREAU,34,REPUBLICAN,REP
GP 2004,14TH REPUBLICAN ALTERNATE DELEGATE,4,7990,SANDRA T.,PARGA,BUSH,LEE,2381,REPUBLICAN,REP
GP 2004,14TH REPUBLICAN ALTERNATE DELEGATE,4,7990,SANDRA T.,PARGA,BUSH,WHITESIDE,401,REPUBLICAN,REP
GP 2004,14TH REPUBLICAN ALTERNATE DELEGATE,4,7990,SANDRA T.,PARGA,BUSH,HENRY,1527,REPUBLICAN,REP
GP 2004,14TH REPUBLICAN ALTERNATE DELEGATE,4,7990,SANDRA T.,PARGA,BUSH,KENDALL,4983,REPUBLICAN,REP
GP 2004,14TH REPUBLICAN ALTERNATE DELEGATE,4,7990,SANDRA T.,PARGA,BUSH,KANE,23482,REPUBLICAN,REP
GP 2004,14TH REPUBLICAN ALTERNATE DELEGATE,4,7990,SANDRA T.,PARGA,BUSH,DeKALB,4979,REPUBLICAN,REP
GP 2004,14TH REPUBLICAN ALTERNATE DELEGATE,4,7990,SANDRA T.,PARGA,BUSH,DuPAGE,3401,REPUBLICAN,REP
GP 2004,14TH REPUBLICAN ALTERNATE DELEGATE,4,7991,NABI R.,FAKRODDIN,BUSH,BUREAU,33,REPUBLICAN,REP
GP 2004,14TH REPUBLICAN ALTERNATE DELEGATE,4,7991,NABI R.,FAKRODDIN,BUSH,LEE,2340,REPUBLICAN,REP
GP 2004,14TH REPUBLICAN ALTERNATE DELEGATE,4,7991,NABI R.,FAKRODDIN,BUSH,WHITESIDE,395,REPUBLICAN,REP
GP 2004,14TH REPUBLICAN ALTERNATE DELEGATE,4,7991,NABI R.,FAKRODDIN,BUSH,HENRY,1485,REPUBLICAN,REP
GP 2004,14TH REPUBLICAN ALTERNATE DELEGATE,4,7991,NABI R.,FAKRODDIN,BUSH,KENDALL,4874,REPUBLICAN,REP
GP 2004,14TH REPUBLICAN ALTERNATE DELEGATE,4,7991,NABI R.,FAKRODDIN,BUSH,KANE,23093,REPUBLICAN,REP
GP 2004,14TH REPUBLICAN ALTERNATE DELEGATE,4,7991,NABI R.,FAKRODDIN,BUSH,DeKALB,4895,REPUBLICAN,REP
GP 2004,14TH REPUBLICAN ALTERNATE DELEGATE,4,7991,NABI R.,FAKRODDIN,BUSH,DuPAGE,3332,REPUBLICAN,REP
GP 2004,8TH DEMOCRATIC DELEGATE,4,7992,MARIA G.,MARTINEZ,DEAN,LAKE,1552,DEMOCRATIC,DEM
GP 2004,8TH DEMOCRATIC DELEGATE,4,7992,MARIA G.,MARTINEZ,DEAN,McHENRY,451,DEMOCRATIC,DEM
GP 2004,8TH DEMOCRATIC DELEGATE,4,7992,MARIA G.,MARTINEZ,DEAN,COOK,887,DEMOCRATIC,DEM
GP 2004,8TH DEMOCRATIC DELEGATE,4,7993,AMOS,AYALA,DEAN,LAKE,969,DEMOCRATIC,DEM
GP 2004,8TH DEMOCRATIC DELEGATE,4,7993,AMOS,AYALA,DEAN,McHENRY,248,DEMOCRATIC,DEM
GP 2004,8TH DEMOCRATIC DELEGATE,4,7993,AMOS,AYALA,DEAN,COOK,533,DEMOCRATIC,DEM
GP 2004,8TH DEMOCRATIC DELEGATE,4,7994,NANCY J.,SHEPHERDSON,DEAN,LAKE,1383,DEMOCRATIC,DEM
GP 2004,8TH DEMOCRATIC DELEGATE,4,7994,NANCY J.,SHEPHERDSON,DEAN,McHENRY,408,DEMOCRATIC,DEM
GP 2004,8TH DEMOCRATIC DELEGATE,4,7994,NANCY J.,SHEPHERDSON,DEAN,COOK,669,DEMOCRATIC,DEM
GP 2004,8TH DEMOCRATIC DELEGATE,4,7995,JAMES C.,STELMASEK,DEAN,LAKE,936,DEMOCRATIC,DEM
GP 2004,8TH DEMOCRATIC DELEGATE,4,7995,JAMES C.,STELMASEK,DEAN,McHENRY,300,DEMOCRATIC,DEM
GP 2004,8TH DEMOCRATIC DELEGATE,4,7995,JAMES C.,STELMASEK,DEAN,COOK,493,DEMOCRATIC,DEM
GP 2004,7TH DEMOCRATIC DELEGATE,8,7996,ROBERT J.,BAREN,DEAN,COOK,10608,DEMOCRATIC,DEM
GP 2004,7TH DEMOCRATIC DELEGATE,8,7997,DEBORAH L.,GRAHAM,DEAN,COOK,15620,DEMOCRATIC,DEM
GP 2004,7TH DEMOCRATIC DELEGATE,8,7998,THOMAS  E.,SIMMONS,DEAN,COOK,9556,DEMOCRATIC,DEM
GP 2004,7TH DEMOCRATIC DELEGATE,8,7999,ANNA ELEANOR,ROOSEVELT,DEAN,COOK,10091,DEMOCRATIC,DEM
GP 2004,7TH DEMOCRATIC DELEGATE,8,8000,ERIC EMMETT,DAVIS,DEAN,COOK,9007,DEMOCRATIC,DEM
GP 2004,7TH DEMOCRATIC DELEGATE,8,8001,BARBARA,BURCHJOLLA,DEAN,COOK,8496,DEMOCRATIC,DEM
GP 2004,7TH DEMOCRATIC DELEGATE,8,8002,VINCENT R.,WILLIAMS,DEAN,COOK,10437,DEMOCRATIC,DEM
GP 2004,7TH DEMOCRATIC DELEGATE,8,8003,CAMILLE Y.,LILLY,DEAN,COOK,10674,DEMOCRATIC,DEM
GP 2004,16TH REPUBLICAN ALTERNATE DELEGATE,4,8004,DAVE,WINTERS,BUSH,WHITESIDE,966,REPUBLICAN,REP
GP 2004,16TH REPUBLICAN ALTERNATE DELEGATE,4,8004,DAVE,WINTERS,BUSH,OGLE,5412,REPUBLICAN,REP
GP 2004,16TH REPUBLICAN ALTERNATE DELEGATE,4,8004,DAVE,WINTERS,BUSH,STEPHENSON,4542,REPUBLICAN,REP
GP 2004,16TH REPUBLICAN ALTERNATE DELEGATE,4,8004,DAVE,WINTERS,BUSH,JoDAVIESS,3037,REPUBLICAN,REP
GP 2004,16TH REPUBLICAN ALTERNATE DELEGATE,4,8004,DAVE,WINTERS,BUSH,CARROLL,1391,REPUBLICAN,REP
GP 2004,16TH REPUBLICAN ALTERNATE DELEGATE,4,8004,DAVE,WINTERS,BUSH,BOONE,5503,REPUBLICAN,REP
GP 2004,16TH REPUBLICAN ALTERNATE DELEGATE,4,8004,DAVE,WINTERS,BUSH,WINNEBAGO,18084,REPUBLICAN,REP
GP 2004,16TH REPUBLICAN ALTERNATE DELEGATE,4,8004,DAVE,WINTERS,BUSH,McHENRY,13988,REPUBLICAN,REP
GP 2004,16TH REPUBLICAN ALTERNATE DELEGATE,4,8004,DAVE,WINTERS,BUSH,DeKALB,1555,REPUBLICAN,REP
GP 2004,16TH REPUBLICAN ALTERNATE DELEGATE,4,8005,WILLIAM W.,LeFEW,BUSH,WHITESIDE,946,REPUBLICAN,REP
GP 2004,16TH REPUBLICAN ALTERNATE DELEGATE,4,8005,WILLIAM W.,LeFEW,BUSH,OGLE,4791,REPUBLICAN,REP
GP 2004,16TH REPUBLICAN ALTERNATE DELEGATE,4,8005,WILLIAM W.,LeFEW,BUSH,STEPHENSON,3966,REPUBLICAN,REP
GP 2004,16TH REPUBLICAN ALTERNATE DELEGATE,4,8005,WILLIAM W.,LeFEW,BUSH,JoDAVIESS,2699,REPUBLICAN,REP
GP 2004,16TH REPUBLICAN ALTERNATE DELEGATE,4,8005,WILLIAM W.,LeFEW,BUSH,CARROLL,1355,REPUBLICAN,REP
GP 2004,16TH REPUBLICAN ALTERNATE DELEGATE,4,8005,WILLIAM W.,LeFEW,BUSH,BOONE,5119,REPUBLICAN,REP
GP 2004,16TH REPUBLICAN ALTERNATE DELEGATE,4,8005,WILLIAM W.,LeFEW,BUSH,WINNEBAGO,15725,REPUBLICAN,REP
GP 2004,16TH REPUBLICAN ALTERNATE DELEGATE,4,8005,WILLIAM W.,LeFEW,BUSH,McHENRY,14332,REPUBLICAN,REP
GP 2004,16TH REPUBLICAN ALTERNATE DELEGATE,4,8005,WILLIAM W.,LeFEW,BUSH,DeKALB,1449,REPUBLICAN,REP
GP 2004,16TH REPUBLICAN ALTERNATE DELEGATE,4,8006,GLORIA CARDENAS,CUDIA,BUSH,WHITESIDE,951,REPUBLICAN,REP
GP 2004,16TH REPUBLICAN ALTERNATE DELEGATE,4,8006,GLORIA CARDENAS,CUDIA,BUSH,OGLE,4922,REPUBLICAN,REP
GP 2004,16TH REPUBLICAN ALTERNATE DELEGATE,4,8006,GLORIA CARDENAS,CUDIA,BUSH,STEPHENSON,4061,REPUBLICAN,REP
GP 2004,16TH REPUBLICAN ALTERNATE DELEGATE,4,8006,GLORIA CARDENAS,CUDIA,BUSH,JoDAVIESS,2751,REPUBLICAN,REP
GP 2004,16TH REPUBLICAN ALTERNATE DELEGATE,4,8006,GLORIA CARDENAS,CUDIA,BUSH,CARROLL,1372,REPUBLICAN,REP
GP 2004,16TH REPUBLICAN ALTERNATE DELEGATE,4,8006,GLORIA CARDENAS,CUDIA,BUSH,BOONE,5193,REPUBLICAN,REP
GP 2004,16TH REPUBLICAN ALTERNATE DELEGATE,4,8006,GLORIA CARDENAS,CUDIA,BUSH,WINNEBAGO,16261,REPUBLICAN,REP
GP 2004,16TH REPUBLICAN ALTERNATE DELEGATE,4,8006,GLORIA CARDENAS,CUDIA,BUSH,McHENRY,13879,REPUBLICAN,REP
GP 2004,16TH REPUBLICAN ALTERNATE DELEGATE,4,8006,GLORIA CARDENAS,CUDIA,BUSH,DeKALB,1479,REPUBLICAN,REP
GP 2004,16TH REPUBLICAN ALTERNATE DELEGATE,4,8007,"ROBERT L. ""BOB""",TURNER,BUSH,WHITESIDE,975,REPUBLICAN,REP
GP 2004,16TH REPUBLICAN ALTERNATE DELEGATE,4,8007,"ROBERT L. ""BOB""",TURNER,BUSH,OGLE,4906,REPUBLICAN,REP
GP 2004,16TH REPUBLICAN ALTERNATE DELEGATE,4,8007,"ROBERT L. ""BOB""",TURNER,BUSH,STEPHENSON,4125,REPUBLICAN,REP
GP 2004,16TH REPUBLICAN ALTERNATE DELEGATE,4,8007,"ROBERT L. ""BOB""",TURNER,BUSH,JoDAVIESS,2822,REPUBLICAN,REP
GP 2004,16TH REPUBLICAN ALTERNATE DELEGATE,4,8007,"ROBERT L. ""BOB""",TURNER,BUSH,CARROLL,1379,REPUBLICAN,REP
GP 2004,16TH REPUBLICAN ALTERNATE DELEGATE,4,8007,"ROBERT L. ""BOB""",TURNER,BUSH,BOONE,5483,REPUBLICAN,REP
GP 2004,16TH REPUBLICAN ALTERNATE DELEGATE,4,8007,"ROBERT L. ""BOB""",TURNER,BUSH,WINNEBAGO,15951,REPUBLICAN,REP
GP 2004,16TH REPUBLICAN ALTERNATE DELEGATE,4,8007,"ROBERT L. ""BOB""",TURNER,BUSH,McHENRY,13897,REPUBLICAN,REP
GP 2004,16TH REPUBLICAN ALTERNATE DELEGATE,4,8007,"ROBERT L. ""BOB""",TURNER,BUSH,DeKALB,1496,REPUBLICAN,REP
GP 2004,8TH DEMOCRATIC ALTERNATE DELEGATE,1,8008,WILLIAM,BLAISDELL,DEAN,LAKE,1221,DEMOCRATIC,DEM
GP 2004,8TH DEMOCRATIC ALTERNATE DELEGATE,1,8008,WILLIAM,BLAISDELL,DEAN,McHENRY,372,DEMOCRATIC,DEM
GP 2004,8TH DEMOCRATIC ALTERNATE DELEGATE,1,8008,WILLIAM,BLAISDELL,DEAN,COOK,709,DEMOCRATIC,DEM
GP 2004,11TH DEMOCRATIC DELEGATE,5,8009,DANIEL L.,VERA,DEAN,LIVINGSTON,1,DEMOCRATIC,DEM
GP 2004,11TH DEMOCRATIC DELEGATE,5,8009,DANIEL L.,VERA,DEAN,WOODFORD,24,DEMOCRATIC,DEM
GP 2004,11TH DEMOCRATIC DELEGATE,5,8009,DANIEL L.,VERA,DEAN,BUREAU,101,DEMOCRATIC,DEM
GP 2004,11TH DEMOCRATIC DELEGATE,5,8009,DANIEL L.,VERA,DEAN,WILL,2016,DEMOCRATIC,DEM
GP 2004,11TH DEMOCRATIC DELEGATE,5,8009,DANIEL L.,VERA,DEAN,GRUNDY,163,DEMOCRATIC,DEM
GP 2004,11TH DEMOCRATIC DELEGATE,5,8009,DANIEL L.,VERA,DEAN,LaSALLE,378,DEMOCRATIC,DEM
GP 2004,11TH DEMOCRATIC DELEGATE,5,8009,DANIEL L.,VERA,DEAN,KANKAKEE,384,DEMOCRATIC,DEM
GP 2004,11TH DEMOCRATIC DELEGATE,5,8009,DANIEL L.,VERA,DEAN,McLEAN,174,DEMOCRATIC,DEM
GP 2004,11TH DEMOCRATIC DELEGATE,5,8010,CARYL,WADLEY-FOY,DEAN,LIVINGSTON,3,DEMOCRATIC,DEM
GP 2004,11TH DEMOCRATIC DELEGATE,5,8010,CARYL,WADLEY-FOY,DEAN,WOODFORD,29,DEMOCRATIC,DEM
GP 2004,11TH DEMOCRATIC DELEGATE,5,8010,CARYL,WADLEY-FOY,DEAN,BUREAU,103,DEMOCRATIC,DEM
GP 2004,11TH DEMOCRATIC DELEGATE,5,8010,CARYL,WADLEY-FOY,DEAN,WILL,1295,DEMOCRATIC,DEM
GP 2004,11TH DEMOCRATIC DELEGATE,5,8010,CARYL,WADLEY-FOY,DEAN,GRUNDY,150,DEMOCRATIC,DEM
GP 2004,11TH DEMOCRATIC DELEGATE,5,8010,CARYL,WADLEY-FOY,DEAN,LaSALLE,274,DEMOCRATIC,DEM
GP 2004,11TH DEMOCRATIC DELEGATE,5,8010,CARYL,WADLEY-FOY,DEAN,KANKAKEE,967,DEMOCRATIC,DEM
GP 2004,11TH DEMOCRATIC DELEGATE,5,8010,CARYL,WADLEY-FOY,DEAN,McLEAN,211,DEMOCRATIC,DEM
GP 2004,11TH DEMOCRATIC DELEGATE,5,8011,RALPH,PORTWOOD,DEAN,LIVINGSTON,2,DEMOCRATIC,DEM
GP 2004,11TH DEMOCRATIC DELEGATE,5,8011,RALPH,PORTWOOD,DEAN,WOODFORD,24,DEMOCRATIC,DEM
GP 2004,11TH DEMOCRATIC DELEGATE,5,8011,RALPH,PORTWOOD,DEAN,BUREAU,94,DEMOCRATIC,DEM
GP 2004,11TH DEMOCRATIC DELEGATE,5,8011,RALPH,PORTWOOD,DEAN,WILL,1114,DEMOCRATIC,DEM
GP 2004,11TH DEMOCRATIC DELEGATE,5,8011,RALPH,PORTWOOD,DEAN,GRUNDY,145,DEMOCRATIC,DEM
GP 2004,11TH DEMOCRATIC DELEGATE,5,8011,RALPH,PORTWOOD,DEAN,LaSALLE,280,DEMOCRATIC,DEM
GP 2004,11TH DEMOCRATIC DELEGATE,5,8011,RALPH,PORTWOOD,DEAN,KANKAKEE,350,DEMOCRATIC,DEM
GP 2004,11TH DEMOCRATIC DELEGATE,5,8011,RALPH,PORTWOOD,DEAN,McLEAN,175,DEMOCRATIC,DEM
GP 2004,11TH DEMOCRATIC DELEGATE,5,8012,JESSICA E.,HORN,DEAN,LIVINGSTON,1,DEMOCRATIC,DEM
GP 2004,11TH DEMOCRATIC DELEGATE,5,8012,JESSICA E.,HORN,DEAN,WOODFORD,31,DEMOCRATIC,DEM
GP 2004,11TH DEMOCRATIC DELEGATE,5,8012,JESSICA E.,HORN,DEAN,BUREAU,130,DEMOCRATIC,DEM
GP 2004,11TH DEMOCRATIC DELEGATE,5,8012,JESSICA E.,HORN,DEAN,WILL,2266,DEMOCRATIC,DEM
GP 2004,11TH DEMOCRATIC DELEGATE,5,8012,JESSICA E.,HORN,DEAN,GRUNDY,226,DEMOCRATIC,DEM
GP 2004,11TH DEMOCRATIC DELEGATE,5,8012,JESSICA E.,HORN,DEAN,LaSALLE,490,DEMOCRATIC,DEM
GP 2004,11TH DEMOCRATIC DELEGATE,5,8012,JESSICA E.,HORN,DEAN,KANKAKEE,716,DEMOCRATIC,DEM
GP 2004,11TH DEMOCRATIC DELEGATE,5,8012,JESSICA E.,HORN,DEAN,McLEAN,297,DEMOCRATIC,DEM
GP 2004,11TH DEMOCRATIC DELEGATE,5,8013,TODD P.,DIETTERLE,DEAN,LIVINGSTON,1,DEMOCRATIC,DEM
GP 2004,11TH DEMOCRATIC DELEGATE,5,8013,TODD P.,DIETTERLE,DEAN,WOODFORD,20,DEMOCRATIC,DEM
GP 2004,11TH DEMOCRATIC DELEGATE,5,8013,TODD P.,DIETTERLE,DEAN,BUREAU,87,DEMOCRATIC,DEM
GP 2004,11TH DEMOCRATIC DELEGATE,5,8013,TODD P.,DIETTERLE,DEAN,WILL,1003,DEMOCRATIC,DEM
GP 2004,11TH DEMOCRATIC DELEGATE,5,8013,TODD P.,DIETTERLE,DEAN,GRUNDY,140,DEMOCRATIC,DEM
GP 2004,11TH DEMOCRATIC DELEGATE,5,8013,TODD P.,DIETTERLE,DEAN,LaSALLE,258,DEMOCRATIC,DEM
GP 2004,11TH DEMOCRATIC DELEGATE,5,8013,TODD P.,DIETTERLE,DEAN,KANKAKEE,355,DEMOCRATIC,DEM
GP 2004,11TH DEMOCRATIC DELEGATE,5,8013,TODD P.,DIETTERLE,DEAN,McLEAN,147,DEMOCRATIC,DEM
GP 2004,7TH DEMOCRATIC ALTERNATE DELEGATE,1,8014,ELIZABETH L.,GRACIE,DEAN,COOK,10289,DEMOCRATIC,DEM
GP 2004,18TH REPUBLICAN DELEGATE,4,8015,MARYALICE,ERICKSON,BUSH,BROWN,275,REPUBLICAN,REP
GP 2004,18TH REPUBLICAN DELEGATE,4,8015,MARYALICE,ERICKSON,BUSH,LOGAN,2914,REPUBLICAN,REP
GP 2004,18TH REPUBLICAN DELEGATE,4,8015,MARYALICE,ERICKSON,BUSH,SCHUYLER,475,REPUBLICAN,REP
GP 2004,18TH REPUBLICAN DELEGATE,4,8015,MARYALICE,ERICKSON,BUSH,MARSHALL,936,REPUBLICAN,REP
GP 2004,18TH REPUBLICAN DELEGATE,4,8015,MARYALICE,ERICKSON,BUSH,MENARD,2062,REPUBLICAN,REP
GP 2004,18TH REPUBLICAN DELEGATE,4,8015,MARYALICE,ERICKSON,BUSH,STARK,412,REPUBLICAN,REP
GP 2004,18TH REPUBLICAN DELEGATE,4,8015,MARYALICE,ERICKSON,BUSH,WOODFORD,3774,REPUBLICAN,REP
GP 2004,18TH REPUBLICAN DELEGATE,4,8015,MARYALICE,ERICKSON,BUSH,MASON,693,REPUBLICAN,REP
GP 2004,18TH REPUBLICAN DELEGATE,4,8015,MARYALICE,ERICKSON,BUSH,BUREAU,233,REPUBLICAN,REP
GP 2004,18TH REPUBLICAN DELEGATE,4,8015,MARYALICE,ERICKSON,BUSH,PIKE,788,REPUBLICAN,REP
GP 2004,18TH REPUBLICAN DELEGATE,4,8015,MARYALICE,ERICKSON,BUSH,CASS,701,REPUBLICAN,REP
GP 2004,18TH REPUBLICAN DELEGATE,4,8015,MARYALICE,ERICKSON,BUSH,MORGAN,3292,REPUBLICAN,REP
GP 2004,18TH REPUBLICAN DELEGATE,4,8015,MARYALICE,ERICKSON,BUSH,PUTNAM,485,REPUBLICAN,REP
GP 2004,18TH REPUBLICAN DELEGATE,4,8015,MARYALICE,ERICKSON,BUSH,TAZEWELL,8556,REPUBLICAN,REP
GP 2004,18TH REPUBLICAN DELEGATE,4,8015,MARYALICE,ERICKSON,BUSH,SANGAMON,5980,REPUBLICAN,REP
GP 2004,18TH REPUBLICAN DELEGATE,4,8015,MARYALICE,ERICKSON,BUSH,SCOTT,532,REPUBLICAN,REP
GP 2004,18TH REPUBLICAN DELEGATE,4,8015,MARYALICE,ERICKSON,BUSH,MACON,1831,REPUBLICAN,REP
GP 2004,18TH REPUBLICAN DELEGATE,4,8015,MARYALICE,ERICKSON,BUSH,KNOX,493,REPUBLICAN,REP
GP 2004,18TH REPUBLICAN DELEGATE,4,8015,MARYALICE,ERICKSON,BUSH,PEORIA,10375,REPUBLICAN,REP
GP 2004,18TH REPUBLICAN DELEGATE,4,8015,MARYALICE,ERICKSON,BUSH,ADAMS,1035,REPUBLICAN,REP
GP 2004,18TH REPUBLICAN DELEGATE,4,8016,CHARLES G.,OWENS,BUSH,BROWN,272,REPUBLICAN,REP
GP 2004,18TH REPUBLICAN DELEGATE,4,8016,CHARLES G.,OWENS,BUSH,LOGAN,2907,REPUBLICAN,REP
GP 2004,18TH REPUBLICAN DELEGATE,4,8016,CHARLES G.,OWENS,BUSH,SCHUYLER,467,REPUBLICAN,REP
GP 2004,18TH REPUBLICAN DELEGATE,4,8016,CHARLES G.,OWENS,BUSH,MARSHALL,999,REPUBLICAN,REP
GP 2004,18TH REPUBLICAN DELEGATE,4,8016,CHARLES G.,OWENS,BUSH,MENARD,2053,REPUBLICAN,REP
GP 2004,18TH REPUBLICAN DELEGATE,4,8016,CHARLES G.,OWENS,BUSH,STARK,413,REPUBLICAN,REP
GP 2004,18TH REPUBLICAN DELEGATE,4,8016,CHARLES G.,OWENS,BUSH,WOODFORD,3797,REPUBLICAN,REP
GP 2004,18TH REPUBLICAN DELEGATE,4,8016,CHARLES G.,OWENS,BUSH,MASON,686,REPUBLICAN,REP
GP 2004,18TH REPUBLICAN DELEGATE,4,8016,CHARLES G.,OWENS,BUSH,BUREAU,240,REPUBLICAN,REP
GP 2004,18TH REPUBLICAN DELEGATE,4,8016,CHARLES G.,OWENS,BUSH,PIKE,811,REPUBLICAN,REP
GP 2004,18TH REPUBLICAN DELEGATE,4,8016,CHARLES G.,OWENS,BUSH,CASS,704,REPUBLICAN,REP
GP 2004,18TH REPUBLICAN DELEGATE,4,8016,CHARLES G.,OWENS,BUSH,MORGAN,3344,REPUBLICAN,REP
GP 2004,18TH REPUBLICAN DELEGATE,4,8016,CHARLES G.,OWENS,BUSH,PUTNAM,477,REPUBLICAN,REP
GP 2004,18TH REPUBLICAN DELEGATE,4,8016,CHARLES G.,OWENS,BUSH,TAZEWELL,8573,REPUBLICAN,REP
GP 2004,18TH REPUBLICAN DELEGATE,4,8016,CHARLES G.,OWENS,BUSH,SANGAMON,5936,REPUBLICAN,REP
GP 2004,18TH REPUBLICAN DELEGATE,4,8016,CHARLES G.,OWENS,BUSH,SCOTT,533,REPUBLICAN,REP
GP 2004,18TH REPUBLICAN DELEGATE,4,8016,CHARLES G.,OWENS,BUSH,MACON,1851,REPUBLICAN,REP
GP 2004,18TH REPUBLICAN DELEGATE,4,8016,CHARLES G.,OWENS,BUSH,KNOX,484,REPUBLICAN,REP
GP 2004,18TH REPUBLICAN DELEGATE,4,8016,CHARLES G.,OWENS,BUSH,PEORIA,10142,REPUBLICAN,REP
GP 2004,18TH REPUBLICAN DELEGATE,4,8016,CHARLES G.,OWENS,BUSH,ADAMS,1038,REPUBLICAN,REP
GP 2004,18TH REPUBLICAN DELEGATE,4,8017,CARLA L.,BENDER,BUSH,BROWN,264,REPUBLICAN,REP
GP 2004,18TH REPUBLICAN DELEGATE,4,8017,CARLA L.,BENDER,BUSH,LOGAN,3816,REPUBLICAN,REP
GP 2004,18TH REPUBLICAN DELEGATE,4,8017,CARLA L.,BENDER,BUSH,SCHUYLER,467,REPUBLICAN,REP
GP 2004,18TH REPUBLICAN DELEGATE,4,8017,CARLA L.,BENDER,BUSH,MARSHALL,904,REPUBLICAN,REP
GP 2004,18TH REPUBLICAN DELEGATE,4,8017,CARLA L.,BENDER,BUSH,MENARD,2025,REPUBLICAN,REP
GP 2004,18TH REPUBLICAN DELEGATE,4,8017,CARLA L.,BENDER,BUSH,STARK,405,REPUBLICAN,REP
GP 2004,18TH REPUBLICAN DELEGATE,4,8017,CARLA L.,BENDER,BUSH,WOODFORD,3749,REPUBLICAN,REP
GP 2004,18TH REPUBLICAN DELEGATE,4,8017,CARLA L.,BENDER,BUSH,MASON,693,REPUBLICAN,REP
GP 2004,18TH REPUBLICAN DELEGATE,4,8017,CARLA L.,BENDER,BUSH,BUREAU,227,REPUBLICAN,REP
GP 2004,18TH REPUBLICAN DELEGATE,4,8017,CARLA L.,BENDER,BUSH,PIKE,784,REPUBLICAN,REP
GP 2004,18TH REPUBLICAN DELEGATE,4,8017,CARLA L.,BENDER,BUSH,CASS,681,REPUBLICAN,REP
GP 2004,18TH REPUBLICAN DELEGATE,4,8017,CARLA L.,BENDER,BUSH,MORGAN,3259,REPUBLICAN,REP
GP 2004,18TH REPUBLICAN DELEGATE,4,8017,CARLA L.,BENDER,BUSH,PUTNAM,455,REPUBLICAN,REP
GP 2004,18TH REPUBLICAN DELEGATE,4,8017,CARLA L.,BENDER,BUSH,TAZEWELL,8451,REPUBLICAN,REP
GP 2004,18TH REPUBLICAN DELEGATE,4,8017,CARLA L.,BENDER,BUSH,SANGAMON,5764,REPUBLICAN,REP
GP 2004,18TH REPUBLICAN DELEGATE,4,8017,CARLA L.,BENDER,BUSH,SCOTT,511,REPUBLICAN,REP
GP 2004,18TH REPUBLICAN DELEGATE,4,8017,CARLA L.,BENDER,BUSH,MACON,1828,REPUBLICAN,REP
GP 2004,18TH REPUBLICAN DELEGATE,4,8017,CARLA L.,BENDER,BUSH,KNOX,478,REPUBLICAN,REP
GP 2004,18TH REPUBLICAN DELEGATE,4,8017,CARLA L.,BENDER,BUSH,PEORIA,9933,REPUBLICAN,REP
GP 2004,18TH REPUBLICAN DELEGATE,4,8017,CARLA L.,BENDER,BUSH,ADAMS,1021,REPUBLICAN,REP
GP 2004,18TH REPUBLICAN DELEGATE,4,8018,DEMETRA,DeMONTE,BUSH,BROWN,267,REPUBLICAN,REP
GP 2004,18TH REPUBLICAN DELEGATE,4,8018,DEMETRA,DeMONTE,BUSH,LOGAN,2832,REPUBLICAN,REP
GP 2004,18TH REPUBLICAN DELEGATE,4,8018,DEMETRA,DeMONTE,BUSH,SCHUYLER,456,REPUBLICAN,REP
GP 2004,18TH REPUBLICAN DELEGATE,4,8018,DEMETRA,DeMONTE,BUSH,MARSHALL,899,REPUBLICAN,REP
GP 2004,18TH REPUBLICAN DELEGATE,4,8018,DEMETRA,DeMONTE,BUSH,MENARD,1953,REPUBLICAN,REP
GP 2004,18TH REPUBLICAN DELEGATE,4,8018,DEMETRA,DeMONTE,BUSH,STARK,394,REPUBLICAN,REP
GP 2004,18TH REPUBLICAN DELEGATE,4,8018,DEMETRA,DeMONTE,BUSH,WOODFORD,3674,REPUBLICAN,REP
GP 2004,18TH REPUBLICAN DELEGATE,4,8018,DEMETRA,DeMONTE,BUSH,MASON,665,REPUBLICAN,REP
GP 2004,18TH REPUBLICAN DELEGATE,4,8018,DEMETRA,DeMONTE,BUSH,BUREAU,223,REPUBLICAN,REP
GP 2004,18TH REPUBLICAN DELEGATE,4,8018,DEMETRA,DeMONTE,BUSH,PIKE,771,REPUBLICAN,REP
GP 2004,18TH REPUBLICAN DELEGATE,4,8018,DEMETRA,DeMONTE,BUSH,CASS,688,REPUBLICAN,REP
GP 2004,18TH REPUBLICAN DELEGATE,4,8018,DEMETRA,DeMONTE,BUSH,MORGAN,3175,REPUBLICAN,REP
GP 2004,18TH REPUBLICAN DELEGATE,4,8018,DEMETRA,DeMONTE,BUSH,PUTNAM,451,REPUBLICAN,REP
GP 2004,18TH REPUBLICAN DELEGATE,4,8018,DEMETRA,DeMONTE,BUSH,TAZEWELL,8383,REPUBLICAN,REP
GP 2004,18TH REPUBLICAN DELEGATE,4,8018,DEMETRA,DeMONTE,BUSH,SANGAMON,5612,REPUBLICAN,REP
GP 2004,18TH REPUBLICAN DELEGATE,4,8018,DEMETRA,DeMONTE,BUSH,SCOTT,505,REPUBLICAN,REP
GP 2004,18TH REPUBLICAN DELEGATE,4,8018,DEMETRA,DeMONTE,BUSH,MACON,1790,REPUBLICAN,REP
GP 2004,18TH REPUBLICAN DELEGATE,4,8018,DEMETRA,DeMONTE,BUSH,KNOX,473,REPUBLICAN,REP
GP 2004,18TH REPUBLICAN DELEGATE,4,8018,DEMETRA,DeMONTE,BUSH,PEORIA,9786,REPUBLICAN,REP
GP 2004,18TH REPUBLICAN DELEGATE,4,8018,DEMETRA,DeMONTE,BUSH,ADAMS,986,REPUBLICAN,REP
GP 2004,11TH DEMOCRATIC ALTERNATE DELEGATE,1,8019,SUSIE A.,BARBER,DEAN,LIVINGSTON,6,DEMOCRATIC,DEM
GP 2004,11TH DEMOCRATIC ALTERNATE DELEGATE,1,8019,SUSIE A.,BARBER,DEAN,WOODFORD,11,DEMOCRATIC,DEM
GP 2004,11TH DEMOCRATIC ALTERNATE DELEGATE,1,8019,SUSIE A.,BARBER,DEAN,BUREAU,138,DEMOCRATIC,DEM
GP 2004,11TH DEMOCRATIC ALTERNATE DELEGATE,1,8019,SUSIE A.,BARBER,DEAN,WILL,2587,DEMOCRATIC,DEM
GP 2004,11TH DEMOCRATIC ALTERNATE DELEGATE,1,8019,SUSIE A.,BARBER,DEAN,GRUNDY,215,DEMOCRATIC,DEM
GP 2004,11TH DEMOCRATIC ALTERNATE DELEGATE,1,8019,SUSIE A.,BARBER,DEAN,LaSALLE,539,DEMOCRATIC,DEM
GP 2004,11TH DEMOCRATIC ALTERNATE DELEGATE,1,8019,SUSIE A.,BARBER,DEAN,KANKAKEE,574,DEMOCRATIC,DEM
GP 2004,11TH DEMOCRATIC ALTERNATE DELEGATE,1,8019,SUSIE A.,BARBER,DEAN,McLEAN,255,DEMOCRATIC,DEM
GP 2004,11TH REPUBLICAN ALTERNATE DELEGATE,4,8020,DOUG,HAYSE,BUSH,LIVINGSTON,37,REPUBLICAN,REP
GP 2004,11TH REPUBLICAN ALTERNATE DELEGATE,4,8020,DOUG,HAYSE,BUSH,WOODFORD,299,REPUBLICAN,REP
GP 2004,11TH REPUBLICAN ALTERNATE DELEGATE,4,8020,DOUG,HAYSE,BUSH,BUREAU,1857,REPUBLICAN,REP
GP 2004,11TH REPUBLICAN ALTERNATE DELEGATE,4,8020,DOUG,HAYSE,BUSH,WILL,17201,REPUBLICAN,REP
GP 2004,11TH REPUBLICAN ALTERNATE DELEGATE,4,8020,DOUG,HAYSE,BUSH,GRUNDY,3558,REPUBLICAN,REP
GP 2004,11TH REPUBLICAN ALTERNATE DELEGATE,4,8020,DOUG,HAYSE,BUSH,LaSALLE,4293,REPUBLICAN,REP
GP 2004,11TH REPUBLICAN ALTERNATE DELEGATE,4,8020,DOUG,HAYSE,BUSH,KANKAKEE,3670,REPUBLICAN,REP
GP 2004,11TH REPUBLICAN ALTERNATE DELEGATE,4,8020,DOUG,HAYSE,BUSH,McLEAN,4924,REPUBLICAN,REP
GP 2004,11TH REPUBLICAN ALTERNATE DELEGATE,4,8021,CHRIS,BROWN,BUSH,LIVINGSTON,33,REPUBLICAN,REP
GP 2004,11TH REPUBLICAN ALTERNATE DELEGATE,4,8021,CHRIS,BROWN,BUSH,WOODFORD,297,REPUBLICAN,REP
GP 2004,11TH REPUBLICAN ALTERNATE DELEGATE,4,8021,CHRIS,BROWN,BUSH,BUREAU,1864,REPUBLICAN,REP
GP 2004,11TH REPUBLICAN ALTERNATE DELEGATE,4,8021,CHRIS,BROWN,BUSH,WILL,16574,REPUBLICAN,REP
GP 2004,11TH REPUBLICAN ALTERNATE DELEGATE,4,8021,CHRIS,BROWN,BUSH,GRUNDY,3095,REPUBLICAN,REP
GP 2004,11TH REPUBLICAN ALTERNATE DELEGATE,4,8021,CHRIS,BROWN,BUSH,LaSALLE,4129,REPUBLICAN,REP
GP 2004,11TH REPUBLICAN ALTERNATE DELEGATE,4,8021,CHRIS,BROWN,BUSH,KANKAKEE,3504,REPUBLICAN,REP
GP 2004,11TH REPUBLICAN ALTERNATE DELEGATE,4,8021,CHRIS,BROWN,BUSH,McLEAN,4916,REPUBLICAN,REP
GP 2004,11TH REPUBLICAN ALTERNATE DELEGATE,4,8022,JACKIE,HOLLENBECK,BUSH,LIVINGSTON,31,REPUBLICAN,REP
GP 2004,11TH REPUBLICAN ALTERNATE DELEGATE,4,8022,JACKIE,HOLLENBECK,BUSH,WOODFORD,290,REPUBLICAN,REP
GP 2004,11TH REPUBLICAN ALTERNATE DELEGATE,4,8022,JACKIE,HOLLENBECK,BUSH,BUREAU,1883,REPUBLICAN,REP
GP 2004,11TH REPUBLICAN ALTERNATE DELEGATE,4,8022,JACKIE,HOLLENBECK,BUSH,WILL,17157,REPUBLICAN,REP
GP 2004,11TH REPUBLICAN ALTERNATE DELEGATE,4,8022,JACKIE,HOLLENBECK,BUSH,GRUNDY,2987,REPUBLICAN,REP
GP 2004,11TH REPUBLICAN ALTERNATE DELEGATE,4,8022,JACKIE,HOLLENBECK,BUSH,LaSALLE,4387,REPUBLICAN,REP
GP 2004,11TH REPUBLICAN ALTERNATE DELEGATE,4,8022,JACKIE,HOLLENBECK,BUSH,KANKAKEE,3520,REPUBLICAN,REP
GP 2004,11TH REPUBLICAN ALTERNATE DELEGATE,4,8022,JACKIE,HOLLENBECK,BUSH,McLEAN,4970,REPUBLICAN,REP
GP 2004,11TH REPUBLICAN ALTERNATE DELEGATE,4,8023,RICHARD J.,KAVANAGH,BUSH,LIVINGSTON,33,REPUBLICAN,REP
GP 2004,11TH REPUBLICAN ALTERNATE DELEGATE,4,8023,RICHARD J.,KAVANAGH,BUSH,WOODFORD,289,REPUBLICAN,REP
GP 2004,11TH REPUBLICAN ALTERNATE DELEGATE,4,8023,RICHARD J.,KAVANAGH,BUSH,BUREAU,1859,REPUBLICAN,REP
GP 2004,11TH REPUBLICAN ALTERNATE DELEGATE,4,8023,RICHARD J.,KAVANAGH,BUSH,WILL,17528,REPUBLICAN,REP
GP 2004,11TH REPUBLICAN ALTERNATE DELEGATE,4,8023,RICHARD J.,KAVANAGH,BUSH,GRUNDY,2977,REPUBLICAN,REP
GP 2004,11TH REPUBLICAN ALTERNATE DELEGATE,4,8023,RICHARD J.,KAVANAGH,BUSH,LaSALLE,4154,REPUBLICAN,REP
GP 2004,11TH REPUBLICAN ALTERNATE DELEGATE,4,8023,RICHARD J.,KAVANAGH,BUSH,KANKAKEE,3521,REPUBLICAN,REP
GP 2004,11TH REPUBLICAN ALTERNATE DELEGATE,4,8023,RICHARD J.,KAVANAGH,BUSH,McLEAN,4942,REPUBLICAN,REP
GP 2004,5TH REPUBLICAN DELEGATE,2,8024,G. A.,FINCH,BUSH,COOK,10261,REPUBLICAN,REP
GP 2004,5TH REPUBLICAN DELEGATE,2,8025,E. SUZANNE,DAVIS,BUSH,COOK,10283,REPUBLICAN,REP
GP 2004,6TH DEMOCRATIC DELEGATE,4,8026,GAYL,FERRARO,DEAN,COOK,651,DEMOCRATIC,DEM
GP 2004,6TH DEMOCRATIC DELEGATE,4,8026,GAYL,FERRARO,DEAN,DuPAGE,3238,DEMOCRATIC,DEM
GP 2004,6TH DEMOCRATIC DELEGATE,4,8027,JAMES M.,WALL,DEAN,COOK,508,DEMOCRATIC,DEM
GP 2004,6TH DEMOCRATIC DELEGATE,4,8027,JAMES M.,WALL,DEAN,DuPAGE,2458,DEMOCRATIC,DEM
GP 2004,6TH DEMOCRATIC DELEGATE,4,8028,ANA MARIA,MENCINI,DEAN,COOK,694,DEMOCRATIC,DEM
GP 2004,6TH DEMOCRATIC DELEGATE,4,8028,ANA MARIA,MENCINI,DEAN,DuPAGE,3209,DEMOCRATIC,DEM
GP 2004,PRESIDENT,1,8030,DENNIS J.,KUCINICH,,BROWN,4,DEMOCRATIC,DEM
GP 2004,PRESIDENT,1,8030,DENNIS J.,KUCINICH,,CLAY,10,DEMOCRATIC,DEM
GP 2004,PRESIDENT,1,8030,DENNIS J.,KUCINICH,,HARDIN,5,DEMOCRATIC,DEM
GP 2004,PRESIDENT,1,8030,DENNIS J.,KUCINICH,,JERSEY,12,DEMOCRATIC,DEM
GP 2004,PRESIDENT,1,8030,DENNIS J.,KUCINICH,,LOGAN,27,DEMOCRATIC,DEM
GP 2004,PRESIDENT,1,8030,DENNIS J.,KUCINICH,,RICHLAND,6,DEMOCRATIC,DEM
GP 2004,PRESIDENT,1,8030,DENNIS J.,KUCINICH,,SCHUYLER,7,DEMOCRATIC,DEM
GP 2004,PRESIDENT,1,8030,DENNIS J.,KUCINICH,,WASHINGTON,14,DEMOCRATIC,DEM
GP 2004,PRESIDENT,1,8030,DENNIS J.,KUCINICH,,BOND,12,DEMOCRATIC,DEM
GP 2004,PRESIDENT,1,8030,DENNIS J.,KUCINICH,,CLINTON,21,DEMOCRATIC,DEM
GP 2004,PRESIDENT,1,8030,DENNIS J.,KUCINICH,,JASPER,10,DEMOCRATIC,DEM
GP 2004,PRESIDENT,1,8030,DENNIS J.,KUCINICH,,MARSHALL,24,DEMOCRATIC,DEM
GP 2004,PRESIDENT,1,8030,DENNIS J.,KUCINICH,,EDGAR,10,DEMOCRATIC,DEM
GP 2004,PRESIDENT,1,8030,DENNIS J.,KUCINICH,,FORD,20,DEMOCRATIC,DEM
GP 2004,PRESIDENT,1,8030,DENNIS J.,KUCINICH,,GREENE,13,DEMOCRATIC,DEM
GP 2004,PRESIDENT,1,8030,DENNIS J.,KUCINICH,,IROQUOIS,21,DEMOCRATIC,DEM
GP 2004,PRESIDENT,1,8030,DENNIS J.,KUCINICH,,JOHNSON,8,DEMOCRATIC,DEM
GP 2004,PRESIDENT,1,8030,DENNIS J.,KUCINICH,,LIVINGSTON,36,DEMOCRATIC,DEM
GP 2004,PRESIDENT,1,8030,DENNIS J.,KUCINICH,,MENARD,20,DEMOCRATIC,DEM
GP 2004,PRESIDENT,1,8030,DENNIS J.,KUCINICH,,MERCER,15,DEMOCRATIC,DEM
GP 2004,PRESIDENT,1,8030,DENNIS J.,KUCINICH,,PERRY,18,DEMOCRATIC,DEM
GP 2004,PRESIDENT,1,8030,DENNIS J.,KUCINICH,,PIATT,31,DEMOCRATIC,DEM
GP 2004,PRESIDENT,1,8030,DENNIS J.,KUCINICH,,STARK,5,DEMOCRATIC,DEM
GP 2004,PRESIDENT,1,8030,DENNIS J.,KUCINICH,,WILLIAMSON,38,DEMOCRATIC,DEM
GP 2004,PRESIDENT,1,8030,DENNIS J.,KUCINICH,,WOODFORD,61,DEMOCRATIC,DEM
GP 2004,PRESIDENT,1,8030,DENNIS J.,KUCINICH,,FULTON,122,DEMOCRATIC,DEM
GP 2004,PRESIDENT,1,8030,DENNIS J.,KUCINICH,,HAMILTON,7,DEMOCRATIC,DEM
GP 2004,PRESIDENT,1,8030,DENNIS J.,KUCINICH,,HANCOCK,18,DEMOCRATIC,DEM
GP 2004,PRESIDENT,1,8030,DENNIS J.,KUCINICH,,MACOUPIN,83,DEMOCRATIC,DEM
GP 2004,PRESIDENT,1,8030,DENNIS J.,KUCINICH,,MASON,16,DEMOCRATIC,DEM
GP 2004,PRESIDENT,1,8030,DENNIS J.,KUCINICH,,MONROE,16,DEMOCRATIC,DEM
GP 2004,PRESIDENT,1,8030,DENNIS J.,KUCINICH,,SHELBY,44,DEMOCRATIC,DEM
GP 2004,PRESIDENT,1,8030,DENNIS J.,KUCINICH,,BUREAU,46,DEMOCRATIC,DEM
GP 2004,PRESIDENT,1,8030,DENNIS J.,KUCINICH,,WARREN,21,DEMOCRATIC,DEM
GP 2004,PRESIDENT,1,8030,DENNIS J.,KUCINICH,,DOUGLAS,14,DEMOCRATIC,DEM
GP 2004,PRESIDENT,1,8030,DENNIS J.,KUCINICH,,COLES,77,DEMOCRATIC,DEM
GP 2004,PRESIDENT,1,8030,DENNIS J.,KUCINICH,,EDWARDS,2,DEMOCRATIC,DEM
GP 2004,PRESIDENT,1,8030,DENNIS J.,KUCINICH,,PIKE,7,DEMOCRATIC,DEM
GP 2004,PRESIDENT,1,8030,DENNIS J.,KUCINICH,,HENDERSON,10,DEMOCRATIC,DEM
GP 2004,PRESIDENT,1,8030,DENNIS J.,KUCINICH,,JACKSON,220,DEMOCRATIC,DEM
GP 2004,PRESIDENT,1,8030,DENNIS J.,KUCINICH,,ROCK ISLAND,245,DEMOCRATIC,DEM
GP 2004,PRESIDENT,1,8030,DENNIS J.,KUCINICH,,LEE,52,DEMOCRATIC,DEM
GP 2004,PRESIDENT,1,8030,DENNIS J.,KUCINICH,,CASS,11,DEMOCRATIC,DEM
GP 2004,PRESIDENT,1,8030,DENNIS J.,KUCINICH,,WHITE,10,DEMOCRATIC,DEM
GP 2004,PRESIDENT,1,8030,DENNIS J.,KUCINICH,,CRAWFORD,9,DEMOCRATIC,DEM
GP 2004,PRESIDENT,1,8030,DENNIS J.,KUCINICH,,WHITESIDE,59,DEMOCRATIC,DEM
GP 2004,PRESIDENT,1,8030,DENNIS J.,KUCINICH,,MORGAN,31,DEMOCRATIC,DEM
GP 2004,PRESIDENT,1,8030,DENNIS J.,KUCINICH,,OGLE,82,DEMOCRATIC,DEM
GP 2004,PRESIDENT,1,8030,DENNIS J.,KUCINICH,,FRANKLIN,40,DEMOCRATIC,DEM
GP 2004,PRESIDENT,1,8030,DENNIS J.,KUCINICH,,FAYETTE,17,DEMOCRATIC,DEM
GP 2004,PRESIDENT,1,8030,DENNIS J.,KUCINICH,,RANDOLPH,16,DEMOCRATIC,DEM
GP 2004,PRESIDENT,1,8030,DENNIS J.,KUCINICH,,MARION,27,DEMOCRATIC,DEM
GP 2004,PRESIDENT,1,8030,DENNIS J.,KUCINICH,,SALINE,35,DEMOCRATIC,DEM
GP 2004,PRESIDENT,1,8030,DENNIS J.,KUCINICH,,MASSAC,7,DEMOCRATIC,DEM
GP 2004,PRESIDENT,1,8030,DENNIS J.,KUCINICH,,WILL,686,DEMOCRATIC,DEM
GP 2004,PRESIDENT,1,8030,DENNIS J.,KUCINICH,,CLARK,18,DEMOCRATIC,DEM
GP 2004,PRESIDENT,1,8030,DENNIS J.,KUCINICH,,CALHOUN,5,DEMOCRATIC,DEM
GP 2004,PRESIDENT,1,8030,DENNIS J.,KUCINICH,,STEPHENSON,55,DEMOCRATIC,DEM
GP 2004,PRESIDENT,1,8030,DENNIS J.,KUCINICH,,GALLATIN,14,DEMOCRATIC,DEM
GP 2004,PRESIDENT,1,8030,DENNIS J.,KUCINICH,,MONTGOMERY,29,DEMOCRATIC,DEM
GP 2004,PRESIDENT,1,8030,DENNIS J.,KUCINICH,,JEFFERSON,19,DEMOCRATIC,DEM
GP 2004,PRESIDENT,1,8030,DENNIS J.,KUCINICH,,PUTNAM,16,DEMOCRATIC,DEM
GP 2004,PRESIDENT,1,8030,DENNIS J.,KUCINICH,,WABASH,14,DEMOCRATIC,DEM
GP 2004,PRESIDENT,1,8030,DENNIS J.,KUCINICH,,MADISON,280,DEMOCRATIC,DEM
GP 2004,PRESIDENT,1,8030,DENNIS J.,KUCINICH,,GRUNDY,29,DEMOCRATIC,DEM
GP 2004,PRESIDENT,1,8030,DENNIS J.,KUCINICH,,JoDAVIESS,33,DEMOCRATIC,DEM
GP 2004,PRESIDENT,1,8030,DENNIS J.,KUCINICH,,TAZEWELL,222,DEMOCRATIC,DEM
GP 2004,PRESIDENT,1,8030,DENNIS J.,KUCINICH,,SANGAMON,492,DEMOCRATIC,DEM
GP 2004,PRESIDENT,1,8030,DENNIS J.,KUCINICH,,EFFINGHAM,25,DEMOCRATIC,DEM
GP 2004,PRESIDENT,1,8030,DENNIS J.,KUCINICH,,LAKE,877,DEMOCRATIC,DEM
GP 2004,PRESIDENT,1,8030,DENNIS J.,KUCINICH,,LaSALLE,100,DEMOCRATIC,DEM
GP 2004,PRESIDENT,1,8030,DENNIS J.,KUCINICH,,HENRY,30,DEMOCRATIC,DEM
GP 2004,PRESIDENT,1,8030,DENNIS J.,KUCINICH,,McDONOUGH,55,DEMOCRATIC,DEM
GP 2004,PRESIDENT,1,8030,DENNIS J.,KUCINICH,,CHAMPAIGN,1612,DEMOCRATIC,DEM
GP 2004,PRESIDENT,1,8030,DENNIS J.,KUCINICH,,SCOTT,5,DEMOCRATIC,DEM
GP 2004,PRESIDENT,1,8030,DENNIS J.,KUCINICH,,CARROLL,18,DEMOCRATIC,DEM
GP 2004,PRESIDENT,1,8030,DENNIS J.,KUCINICH,,MACON,238,DEMOCRATIC,DEM
GP 2004,PRESIDENT,1,8030,DENNIS J.,KUCINICH,,POPE,8,DEMOCRATIC,DEM
GP 2004,PRESIDENT,1,8030,DENNIS J.,KUCINICH,,KNOX,144,DEMOCRATIC,DEM
GP 2004,PRESIDENT,1,8030,DENNIS J.,KUCINICH,,MOULTRIE,10,DEMOCRATIC,DEM
GP 2004,PRESIDENT,1,8030,DENNIS J.,KUCINICH,,PEORIA,370,DEMOCRATIC,DEM
GP 2004,PRESIDENT,1,8030,DENNIS J.,KUCINICH,,ADAMS,29,DEMOCRATIC,DEM
GP 2004,PRESIDENT,1,8030,DENNIS J.,KUCINICH,,CUMBERLAND,12,DEMOCRATIC,DEM
GP 2004,PRESIDENT,1,8030,DENNIS J.,KUCINICH,,WAYNE,7,DEMOCRATIC,DEM
GP 2004,PRESIDENT,1,8030,DENNIS J.,KUCINICH,,KENDALL,61,DEMOCRATIC,DEM
GP 2004,PRESIDENT,1,8030,DENNIS J.,KUCINICH,,KANKAKEE,93,DEMOCRATIC,DEM
GP 2004,PRESIDENT,1,8030,DENNIS J.,KUCINICH,,BOONE,50,DEMOCRATIC,DEM
GP 2004,PRESIDENT,1,8030,DENNIS J.,KUCINICH,,WINNEBAGO,663,DEMOCRATIC,DEM
GP 2004,PRESIDENT,1,8030,DENNIS J.,KUCINICH,,CHRISTIAN,46,DEMOCRATIC,DEM
GP 2004,PRESIDENT,1,8030,DENNIS J.,KUCINICH,,LAWRENCE,5,DEMOCRATIC,DEM
GP 2004,PRESIDENT,1,8030,DENNIS J.,KUCINICH,,McHENRY,357,DEMOCRATIC,DEM
GP 2004,PRESIDENT,1,8030,DENNIS J.,KUCINICH,,DeWITT,30,DEMOCRATIC,DEM
GP 2004,PRESIDENT,1,8030,DENNIS J.,KUCINICH,,KANE,680,DEMOCRATIC,DEM
GP 2004,PRESIDENT,1,8030,DENNIS J.,KUCINICH,,DeKALB,236,DEMOCRATIC,DEM
GP 2004,PRESIDENT,1,8030,DENNIS J.,KUCINICH,,COOK,16064,DEMOCRATIC,DEM
GP 2004,PRESIDENT,1,8030,DENNIS J.,KUCINICH,,McLEAN,553,DEMOCRATIC,DEM
GP 2004,PRESIDENT,1,8030,DENNIS J.,KUCINICH,,UNION,39,DEMOCRATIC,DEM
GP 2004,PRESIDENT,1,8030,DENNIS J.,KUCINICH,,ST. CLAIR,187,DEMOCRATIC,DEM
GP 2004,PRESIDENT,1,8030,DENNIS J.,KUCINICH,,VERMILION,69,DEMOCRATIC,DEM
GP 2004,PRESIDENT,1,8030,DENNIS J.,KUCINICH,,ALEXANDER,11,DEMOCRATIC,DEM
GP 2004,PRESIDENT,1,8030,DENNIS J.,KUCINICH,,PULASKI,5,DEMOCRATIC,DEM
GP 2004,PRESIDENT,1,8030,DENNIS J.,KUCINICH,,DuPAGE,1690,DEMOCRATIC,DEM
GP 2004,6TH DEMOCRATIC ALTERNATE DELEGATE,1,8031,EDWARD,WEILAND,DEAN,COOK,581,DEMOCRATIC,DEM
GP 2004,6TH DEMOCRATIC ALTERNATE DELEGATE,1,8031,EDWARD,WEILAND,DEAN,DuPAGE,1994,DEMOCRATIC,DEM
GP 2004,14TH DEMOCRATIC DELEGATE,4,8032,LINDA,CHAPA LAVIA,DEAN,BUREAU,5,DEMOCRATIC,DEM
GP 2004,14TH DEMOCRATIC DELEGATE,4,8032,LINDA,CHAPA LAVIA,DEAN,LEE,188,DEMOCRATIC,DEM
GP 2004,14TH DEMOCRATIC DELEGATE,4,8032,LINDA,CHAPA LAVIA,DEAN,WHITESIDE,81,DEMOCRATIC,DEM
GP 2004,14TH DEMOCRATIC DELEGATE,4,8032,LINDA,CHAPA LAVIA,DEAN,HENRY,161,DEMOCRATIC,DEM
GP 2004,14TH DEMOCRATIC DELEGATE,4,8032,LINDA,CHAPA LAVIA,DEAN,KENDALL,699,DEMOCRATIC,DEM
GP 2004,14TH DEMOCRATIC DELEGATE,4,8032,LINDA,CHAPA LAVIA,DEAN,KANE,5148,DEMOCRATIC,DEM
GP 2004,14TH DEMOCRATIC DELEGATE,4,8032,LINDA,CHAPA LAVIA,DEAN,DeKALB,404,DEMOCRATIC,DEM
GP 2004,14TH DEMOCRATIC DELEGATE,4,8032,LINDA,CHAPA LAVIA,DEAN,DuPAGE,351,DEMOCRATIC,DEM
GP 2004,14TH DEMOCRATIC DELEGATE,4,8033,MARK A.,GUETHLE,DEAN,BUREAU,3,DEMOCRATIC,DEM
GP 2004,14TH DEMOCRATIC DELEGATE,4,8033,MARK A.,GUETHLE,DEAN,LEE,146,DEMOCRATIC,DEM
GP 2004,14TH DEMOCRATIC DELEGATE,4,8033,MARK A.,GUETHLE,DEAN,WHITESIDE,66,DEMOCRATIC,DEM
GP 2004,14TH DEMOCRATIC DELEGATE,4,8033,MARK A.,GUETHLE,DEAN,HENRY,148,DEMOCRATIC,DEM
GP 2004,14TH DEMOCRATIC DELEGATE,4,8033,MARK A.,GUETHLE,DEAN,KENDALL,293,DEMOCRATIC,DEM
GP 2004,14TH DEMOCRATIC DELEGATE,4,8033,MARK A.,GUETHLE,DEAN,KANE,1569,DEMOCRATIC,DEM
GP 2004,14TH DEMOCRATIC DELEGATE,4,8033,MARK A.,GUETHLE,DEAN,DeKALB,234,DEMOCRATIC,DEM
GP 2004,14TH DEMOCRATIC DELEGATE,4,8033,MARK A.,GUETHLE,DEAN,DuPAGE,148,DEMOCRATIC,DEM
GP 2004,14TH DEMOCRATIC DELEGATE,4,8034,MARY LOU,KEARNS,DEAN,BUREAU,5,DEMOCRATIC,DEM
GP 2004,14TH DEMOCRATIC DELEGATE,4,8034,MARY LOU,KEARNS,DEAN,LEE,258,DEMOCRATIC,DEM
GP 2004,14TH DEMOCRATIC DELEGATE,4,8034,MARY LOU,KEARNS,DEAN,WHITESIDE,97,DEMOCRATIC,DEM
GP 2004,14TH DEMOCRATIC DELEGATE,4,8034,MARY LOU,KEARNS,DEAN,HENRY,194,DEMOCRATIC,DEM
GP 2004,14TH DEMOCRATIC DELEGATE,4,8034,MARY LOU,KEARNS,DEAN,KENDALL,739,DEMOCRATIC,DEM
GP 2004,14TH DEMOCRATIC DELEGATE,4,8034,MARY LOU,KEARNS,DEAN,KANE,5388,DEMOCRATIC,DEM
GP 2004,14TH DEMOCRATIC DELEGATE,4,8034,MARY LOU,KEARNS,DEAN,DeKALB,620,DEMOCRATIC,DEM
GP 2004,14TH DEMOCRATIC DELEGATE,4,8034,MARY LOU,KEARNS,DEAN,DuPAGE,356,DEMOCRATIC,DEM
GP 2004,14TH DEMOCRATIC DELEGATE,4,8035,ERIC,RODRIGUEZ,DEAN,BUREAU,3,DEMOCRATIC,DEM
GP 2004,14TH DEMOCRATIC DELEGATE,4,8035,ERIC,RODRIGUEZ,DEAN,LEE,143,DEMOCRATIC,DEM
GP 2004,14TH DEMOCRATIC DELEGATE,4,8035,ERIC,RODRIGUEZ,DEAN,WHITESIDE,68,DEMOCRATIC,DEM
GP 2004,14TH DEMOCRATIC DELEGATE,4,8035,ERIC,RODRIGUEZ,DEAN,HENRY,140,DEMOCRATIC,DEM
GP 2004,14TH DEMOCRATIC DELEGATE,4,8035,ERIC,RODRIGUEZ,DEAN,KENDALL,304,DEMOCRATIC,DEM
GP 2004,14TH DEMOCRATIC DELEGATE,4,8035,ERIC,RODRIGUEZ,DEAN,KANE,1969,DEMOCRATIC,DEM
GP 2004,14TH DEMOCRATIC DELEGATE,4,8035,ERIC,RODRIGUEZ,DEAN,DeKALB,285,DEMOCRATIC,DEM
GP 2004,14TH DEMOCRATIC DELEGATE,4,8035,ERIC,RODRIGUEZ,DEAN,DuPAGE,300,DEMOCRATIC,DEM
GP 2004,18TH REPUBLICAN ALTERNATE DELEGATE,4,8036,JIM,WATSON,BUSH,BROWN,264,REPUBLICAN,REP
GP 2004,18TH REPUBLICAN ALTERNATE DELEGATE,4,8036,JIM,WATSON,BUSH,LOGAN,2986,REPUBLICAN,REP
GP 2004,18TH REPUBLICAN ALTERNATE DELEGATE,4,8036,JIM,WATSON,BUSH,SCHUYLER,462,REPUBLICAN,REP
GP 2004,18TH REPUBLICAN ALTERNATE DELEGATE,4,8036,JIM,WATSON,BUSH,MARSHALL,913,REPUBLICAN,REP
GP 2004,18TH REPUBLICAN ALTERNATE DELEGATE,4,8036,JIM,WATSON,BUSH,MENARD,1989,REPUBLICAN,REP
GP 2004,18TH REPUBLICAN ALTERNATE DELEGATE,4,8036,JIM,WATSON,BUSH,STARK,399,REPUBLICAN,REP
GP 2004,18TH REPUBLICAN ALTERNATE DELEGATE,4,8036,JIM,WATSON,BUSH,WOODFORD,3681,REPUBLICAN,REP
GP 2004,18TH REPUBLICAN ALTERNATE DELEGATE,4,8036,JIM,WATSON,BUSH,MASON,705,REPUBLICAN,REP
GP 2004,18TH REPUBLICAN ALTERNATE DELEGATE,4,8036,JIM,WATSON,BUSH,BUREAU,234,REPUBLICAN,REP
GP 2004,18TH REPUBLICAN ALTERNATE DELEGATE,4,8036,JIM,WATSON,BUSH,PIKE,899,REPUBLICAN,REP
GP 2004,18TH REPUBLICAN ALTERNATE DELEGATE,4,8036,JIM,WATSON,BUSH,CASS,737,REPUBLICAN,REP
GP 2004,18TH REPUBLICAN ALTERNATE DELEGATE,4,8036,JIM,WATSON,BUSH,MORGAN,4284,REPUBLICAN,REP
GP 2004,18TH REPUBLICAN ALTERNATE DELEGATE,4,8036,JIM,WATSON,BUSH,PUTNAM,467,REPUBLICAN,REP
GP 2004,18TH REPUBLICAN ALTERNATE DELEGATE,4,8036,JIM,WATSON,BUSH,TAZEWELL,8698,REPUBLICAN,REP
GP 2004,18TH REPUBLICAN ALTERNATE DELEGATE,4,8036,JIM,WATSON,BUSH,SANGAMON,5818,REPUBLICAN,REP
GP 2004,18TH REPUBLICAN ALTERNATE DELEGATE,4,8036,JIM,WATSON,BUSH,SCOTT,621,REPUBLICAN,REP
GP 2004,18TH REPUBLICAN ALTERNATE DELEGATE,4,8036,JIM,WATSON,BUSH,MACON,1846,REPUBLICAN,REP
GP 2004,18TH REPUBLICAN ALTERNATE DELEGATE,4,8036,JIM,WATSON,BUSH,KNOX,505,REPUBLICAN,REP
GP 2004,18TH REPUBLICAN ALTERNATE DELEGATE,4,8036,JIM,WATSON,BUSH,PEORIA,10109,REPUBLICAN,REP
GP 2004,18TH REPUBLICAN ALTERNATE DELEGATE,4,8036,JIM,WATSON,BUSH,ADAMS,1046,REPUBLICAN,REP
GP 2004,18TH REPUBLICAN ALTERNATE DELEGATE,4,8037,ANNETTE,MILLS,BUSH,BROWN,245,REPUBLICAN,REP
GP 2004,18TH REPUBLICAN ALTERNATE DELEGATE,4,8037,ANNETTE,MILLS,BUSH,LOGAN,2890,REPUBLICAN,REP
GP 2004,18TH REPUBLICAN ALTERNATE DELEGATE,4,8037,ANNETTE,MILLS,BUSH,SCHUYLER,461,REPUBLICAN,REP
GP 2004,18TH REPUBLICAN ALTERNATE DELEGATE,4,8037,ANNETTE,MILLS,BUSH,MARSHALL,910,REPUBLICAN,REP
GP 2004,18TH REPUBLICAN ALTERNATE DELEGATE,4,8037,ANNETTE,MILLS,BUSH,MENARD,1927,REPUBLICAN,REP
GP 2004,18TH REPUBLICAN ALTERNATE DELEGATE,4,8037,ANNETTE,MILLS,BUSH,STARK,393,REPUBLICAN,REP
GP 2004,18TH REPUBLICAN ALTERNATE DELEGATE,4,8037,ANNETTE,MILLS,BUSH,WOODFORD,3593,REPUBLICAN,REP
GP 2004,18TH REPUBLICAN ALTERNATE DELEGATE,4,8037,ANNETTE,MILLS,BUSH,MASON,699,REPUBLICAN,REP
GP 2004,18TH REPUBLICAN ALTERNATE DELEGATE,4,8037,ANNETTE,MILLS,BUSH,BUREAU,227,REPUBLICAN,REP
GP 2004,18TH REPUBLICAN ALTERNATE DELEGATE,4,8037,ANNETTE,MILLS,BUSH,PIKE,767,REPUBLICAN,REP
GP 2004,18TH REPUBLICAN ALTERNATE DELEGATE,4,8037,ANNETTE,MILLS,BUSH,CASS,679,REPUBLICAN,REP
GP 2004,18TH REPUBLICAN ALTERNATE DELEGATE,4,8037,ANNETTE,MILLS,BUSH,MORGAN,3241,REPUBLICAN,REP
GP 2004,18TH REPUBLICAN ALTERNATE DELEGATE,4,8037,ANNETTE,MILLS,BUSH,PUTNAM,455,REPUBLICAN,REP
GP 2004,18TH REPUBLICAN ALTERNATE DELEGATE,4,8037,ANNETTE,MILLS,BUSH,TAZEWELL,8534,REPUBLICAN,REP
GP 2004,18TH REPUBLICAN ALTERNATE DELEGATE,4,8037,ANNETTE,MILLS,BUSH,SANGAMON,5615,REPUBLICAN,REP
GP 2004,18TH REPUBLICAN ALTERNATE DELEGATE,4,8037,ANNETTE,MILLS,BUSH,SCOTT,514,REPUBLICAN,REP
GP 2004,18TH REPUBLICAN ALTERNATE DELEGATE,4,8037,ANNETTE,MILLS,BUSH,MACON,1786,REPUBLICAN,REP
GP 2004,18TH REPUBLICAN ALTERNATE DELEGATE,4,8037,ANNETTE,MILLS,BUSH,KNOX,488,REPUBLICAN,REP
GP 2004,18TH REPUBLICAN ALTERNATE DELEGATE,4,8037,ANNETTE,MILLS,BUSH,PEORIA,9925,REPUBLICAN,REP
GP 2004,18TH REPUBLICAN ALTERNATE DELEGATE,4,8037,ANNETTE,MILLS,BUSH,ADAMS,1002,REPUBLICAN,REP
GP 2004,18TH REPUBLICAN ALTERNATE DELEGATE,4,8038,CAROL L.,CHILIGIRIS,BUSH,BROWN,244,REPUBLICAN,REP
GP 2004,18TH REPUBLICAN ALTERNATE DELEGATE,4,8038,CAROL L.,CHILIGIRIS,BUSH,LOGAN,2817,REPUBLICAN,REP
GP 2004,18TH REPUBLICAN ALTERNATE DELEGATE,4,8038,CAROL L.,CHILIGIRIS,BUSH,SCHUYLER,450,REPUBLICAN,REP
GP 2004,18TH REPUBLICAN ALTERNATE DELEGATE,4,8038,CAROL L.,CHILIGIRIS,BUSH,MARSHALL,881,REPUBLICAN,REP
GP 2004,18TH REPUBLICAN ALTERNATE DELEGATE,4,8038,CAROL L.,CHILIGIRIS,BUSH,MENARD,1883,REPUBLICAN,REP
GP 2004,18TH REPUBLICAN ALTERNATE DELEGATE,4,8038,CAROL L.,CHILIGIRIS,BUSH,STARK,387,REPUBLICAN,REP
GP 2004,18TH REPUBLICAN ALTERNATE DELEGATE,4,8038,CAROL L.,CHILIGIRIS,BUSH,WOODFORD,3542,REPUBLICAN,REP
GP 2004,18TH REPUBLICAN ALTERNATE DELEGATE,4,8038,CAROL L.,CHILIGIRIS,BUSH,MASON,675,REPUBLICAN,REP
GP 2004,18TH REPUBLICAN ALTERNATE DELEGATE,4,8038,CAROL L.,CHILIGIRIS,BUSH,BUREAU,227,REPUBLICAN,REP
GP 2004,18TH REPUBLICAN ALTERNATE DELEGATE,4,8038,CAROL L.,CHILIGIRIS,BUSH,PIKE,754,REPUBLICAN,REP
GP 2004,18TH REPUBLICAN ALTERNATE DELEGATE,4,8038,CAROL L.,CHILIGIRIS,BUSH,CASS,677,REPUBLICAN,REP
GP 2004,18TH REPUBLICAN ALTERNATE DELEGATE,4,8038,CAROL L.,CHILIGIRIS,BUSH,MORGAN,3220,REPUBLICAN,REP
GP 2004,18TH REPUBLICAN ALTERNATE DELEGATE,4,8038,CAROL L.,CHILIGIRIS,BUSH,PUTNAM,455,REPUBLICAN,REP
GP 2004,18TH REPUBLICAN ALTERNATE DELEGATE,4,8038,CAROL L.,CHILIGIRIS,BUSH,TAZEWELL,8396,REPUBLICAN,REP
GP 2004,18TH REPUBLICAN ALTERNATE DELEGATE,4,8038,CAROL L.,CHILIGIRIS,BUSH,SANGAMON,5527,REPUBLICAN,REP
GP 2004,18TH REPUBLICAN ALTERNATE DELEGATE,4,8038,CAROL L.,CHILIGIRIS,BUSH,SCOTT,504,REPUBLICAN,REP
GP 2004,18TH REPUBLICAN ALTERNATE DELEGATE,4,8038,CAROL L.,CHILIGIRIS,BUSH,MACON,1857,REPUBLICAN,REP
GP 2004,18TH REPUBLICAN ALTERNATE DELEGATE,4,8038,CAROL L.,CHILIGIRIS,BUSH,KNOX,483,REPUBLICAN,REP
GP 2004,18TH REPUBLICAN ALTERNATE DELEGATE,4,8038,CAROL L.,CHILIGIRIS,BUSH,PEORIA,9624,REPUBLICAN,REP
GP 2004,18TH REPUBLICAN ALTERNATE DELEGATE,4,8038,CAROL L.,CHILIGIRIS,BUSH,ADAMS,976,REPUBLICAN,REP
GP 2004,18TH REPUBLICAN ALTERNATE DELEGATE,4,8039,IRV,SMITH,BUSH,BROWN,243,REPUBLICAN,REP
GP 2004,18TH REPUBLICAN ALTERNATE DELEGATE,4,8039,IRV,SMITH,BUSH,LOGAN,2927,REPUBLICAN,REP
GP 2004,18TH REPUBLICAN ALTERNATE DELEGATE,4,8039,IRV,SMITH,BUSH,SCHUYLER,455,REPUBLICAN,REP
GP 2004,18TH REPUBLICAN ALTERNATE DELEGATE,4,8039,IRV,SMITH,BUSH,MARSHALL,870,REPUBLICAN,REP
GP 2004,18TH REPUBLICAN ALTERNATE DELEGATE,4,8039,IRV,SMITH,BUSH,MENARD,1986,REPUBLICAN,REP
GP 2004,18TH REPUBLICAN ALTERNATE DELEGATE,4,8039,IRV,SMITH,BUSH,STARK,386,REPUBLICAN,REP
GP 2004,18TH REPUBLICAN ALTERNATE DELEGATE,4,8039,IRV,SMITH,BUSH,WOODFORD,3550,REPUBLICAN,REP
GP 2004,18TH REPUBLICAN ALTERNATE DELEGATE,4,8039,IRV,SMITH,BUSH,MASON,690,REPUBLICAN,REP
GP 2004,18TH REPUBLICAN ALTERNATE DELEGATE,4,8039,IRV,SMITH,BUSH,BUREAU,228,REPUBLICAN,REP
GP 2004,18TH REPUBLICAN ALTERNATE DELEGATE,4,8039,IRV,SMITH,BUSH,PIKE,759,REPUBLICAN,REP
GP 2004,18TH REPUBLICAN ALTERNATE DELEGATE,4,8039,IRV,SMITH,BUSH,CASS,689,REPUBLICAN,REP
GP 2004,18TH REPUBLICAN ALTERNATE DELEGATE,4,8039,IRV,SMITH,BUSH,MORGAN,3272,REPUBLICAN,REP
GP 2004,18TH REPUBLICAN ALTERNATE DELEGATE,4,8039,IRV,SMITH,BUSH,PUTNAM,457,REPUBLICAN,REP
GP 2004,18TH REPUBLICAN ALTERNATE DELEGATE,4,8039,IRV,SMITH,BUSH,TAZEWELL,8425,REPUBLICAN,REP
GP 2004,18TH REPUBLICAN ALTERNATE DELEGATE,4,8039,IRV,SMITH,BUSH,SANGAMON,5998,REPUBLICAN,REP
GP 2004,18TH REPUBLICAN ALTERNATE DELEGATE,4,8039,IRV,SMITH,BUSH,SCOTT,511,REPUBLICAN,REP
GP 2004,18TH REPUBLICAN ALTERNATE DELEGATE,4,8039,IRV,SMITH,BUSH,MACON,1785,REPUBLICAN,REP
GP 2004,18TH REPUBLICAN ALTERNATE DELEGATE,4,8039,IRV,SMITH,BUSH,KNOX,487,REPUBLICAN,REP
GP 2004,18TH REPUBLICAN ALTERNATE DELEGATE,4,8039,IRV,SMITH,BUSH,PEORIA,9592,REPUBLICAN,REP
GP 2004,18TH REPUBLICAN ALTERNATE DELEGATE,4,8039,IRV,SMITH,BUSH,ADAMS,965,REPUBLICAN,REP
GP 2004,17TH REPUBLICAN DELEGATE,3,8040,THOMAS G.,GETZ,BUSH,JERSEY,150,REPUBLICAN,REP
GP 2004,17TH REPUBLICAN DELEGATE,3,8040,THOMAS G.,GETZ,BUSH,GREENE,281,REPUBLICAN,REP
GP 2004,17TH REPUBLICAN DELEGATE,3,8040,THOMAS G.,GETZ,BUSH,MERCER,1152,REPUBLICAN,REP
GP 2004,17TH REPUBLICAN DELEGATE,3,8040,THOMAS G.,GETZ,BUSH,FULTON,1782,REPUBLICAN,REP
GP 2004,17TH REPUBLICAN DELEGATE,3,8040,THOMAS G.,GETZ,BUSH,HANCOCK,1607,REPUBLICAN,REP
GP 2004,17TH REPUBLICAN DELEGATE,3,8040,THOMAS G.,GETZ,BUSH,MACOUPIN,1729,REPUBLICAN,REP
GP 2004,17TH REPUBLICAN DELEGATE,3,8040,THOMAS G.,GETZ,BUSH,SHELBY,59,REPUBLICAN,REP
GP 2004,17TH REPUBLICAN DELEGATE,3,8040,THOMAS G.,GETZ,BUSH,WARREN,1812,REPUBLICAN,REP
GP 2004,17TH REPUBLICAN DELEGATE,3,8040,THOMAS G.,GETZ,BUSH,PIKE,229,REPUBLICAN,REP
GP 2004,17TH REPUBLICAN DELEGATE,3,8040,THOMAS G.,GETZ,BUSH,HENDERSON,397,REPUBLICAN,REP
GP 2004,17TH REPUBLICAN DELEGATE,3,8040,THOMAS G.,GETZ,BUSH,ROCK ISLAND,3696,REPUBLICAN,REP
GP 2004,17TH REPUBLICAN DELEGATE,3,8040,THOMAS G.,GETZ,BUSH,WHITESIDE,902,REPUBLICAN,REP
GP 2004,17TH REPUBLICAN DELEGATE,3,8040,THOMAS G.,GETZ,BUSH,FAYETTE,84,REPUBLICAN,REP
GP 2004,17TH REPUBLICAN DELEGATE,3,8040,THOMAS G.,GETZ,BUSH,CALHOUN,151,REPUBLICAN,REP
GP 2004,17TH REPUBLICAN DELEGATE,3,8040,THOMAS G.,GETZ,BUSH,MONTGOMERY,522,REPUBLICAN,REP
GP 2004,17TH REPUBLICAN DELEGATE,3,8040,THOMAS G.,GETZ,BUSH,MADISON,78,REPUBLICAN,REP
GP 2004,17TH REPUBLICAN DELEGATE,3,8040,THOMAS G.,GETZ,BUSH,SANGAMON,934,REPUBLICAN,REP
GP 2004,17TH REPUBLICAN DELEGATE,3,8040,THOMAS G.,GETZ,BUSH,HENRY,774,REPUBLICAN,REP
GP 2004,17TH REPUBLICAN DELEGATE,3,8040,THOMAS G.,GETZ,BUSH,McDONOUGH,2958,REPUBLICAN,REP
GP 2004,17TH REPUBLICAN DELEGATE,3,8040,THOMAS G.,GETZ,BUSH,MACON,2609,REPUBLICAN,REP
GP 2004,17TH REPUBLICAN DELEGATE,3,8040,THOMAS G.,GETZ,BUSH,KNOX,2462,REPUBLICAN,REP
GP 2004,17TH REPUBLICAN DELEGATE,3,8040,THOMAS G.,GETZ,BUSH,ADAMS,5138,REPUBLICAN,REP
GP 2004,17TH REPUBLICAN DELEGATE,3,8040,THOMAS G.,GETZ,BUSH,CHRISTIAN,141,REPUBLICAN,REP
GP 2004,17TH REPUBLICAN DELEGATE,3,8041,REGAN E.,RAMSEY,BUSH,JERSEY,150,REPUBLICAN,REP
GP 2004,17TH REPUBLICAN DELEGATE,3,8041,REGAN E.,RAMSEY,BUSH,GREENE,283,REPUBLICAN,REP
GP 2004,17TH REPUBLICAN DELEGATE,3,8041,REGAN E.,RAMSEY,BUSH,MERCER,1116,REPUBLICAN,REP
GP 2004,17TH REPUBLICAN DELEGATE,3,8041,REGAN E.,RAMSEY,BUSH,FULTON,1781,REPUBLICAN,REP
GP 2004,17TH REPUBLICAN DELEGATE,3,8041,REGAN E.,RAMSEY,BUSH,HANCOCK,1753,REPUBLICAN,REP
GP 2004,17TH REPUBLICAN DELEGATE,3,8041,REGAN E.,RAMSEY,BUSH,MACOUPIN,1718,REPUBLICAN,REP
GP 2004,17TH REPUBLICAN DELEGATE,3,8041,REGAN E.,RAMSEY,BUSH,SHELBY,56,REPUBLICAN,REP
GP 2004,17TH REPUBLICAN DELEGATE,3,8041,REGAN E.,RAMSEY,BUSH,WARREN,1811,REPUBLICAN,REP
GP 2004,17TH REPUBLICAN DELEGATE,3,8041,REGAN E.,RAMSEY,BUSH,PIKE,227,REPUBLICAN,REP
GP 2004,17TH REPUBLICAN DELEGATE,3,8041,REGAN E.,RAMSEY,BUSH,HENDERSON,392,REPUBLICAN,REP
GP 2004,17TH REPUBLICAN DELEGATE,3,8041,REGAN E.,RAMSEY,BUSH,ROCK ISLAND,3345,REPUBLICAN,REP
GP 2004,17TH REPUBLICAN DELEGATE,3,8041,REGAN E.,RAMSEY,BUSH,WHITESIDE,879,REPUBLICAN,REP
GP 2004,17TH REPUBLICAN DELEGATE,3,8041,REGAN E.,RAMSEY,BUSH,FAYETTE,83,REPUBLICAN,REP
GP 2004,17TH REPUBLICAN DELEGATE,3,8041,REGAN E.,RAMSEY,BUSH,CALHOUN,151,REPUBLICAN,REP
GP 2004,17TH REPUBLICAN DELEGATE,3,8041,REGAN E.,RAMSEY,BUSH,MONTGOMERY,522,REPUBLICAN,REP
GP 2004,17TH REPUBLICAN DELEGATE,3,8041,REGAN E.,RAMSEY,BUSH,MADISON,76,REPUBLICAN,REP
GP 2004,17TH REPUBLICAN DELEGATE,3,8041,REGAN E.,RAMSEY,BUSH,SANGAMON,916,REPUBLICAN,REP
GP 2004,17TH REPUBLICAN DELEGATE,3,8041,REGAN E.,RAMSEY,BUSH,HENRY,746,REPUBLICAN,REP
GP 2004,17TH REPUBLICAN DELEGATE,3,8041,REGAN E.,RAMSEY,BUSH,McDONOUGH,3013,REPUBLICAN,REP
GP 2004,17TH REPUBLICAN DELEGATE,3,8041,REGAN E.,RAMSEY,BUSH,MACON,2569,REPUBLICAN,REP
GP 2004,17TH REPUBLICAN DELEGATE,3,8041,REGAN E.,RAMSEY,BUSH,KNOX,2448,REPUBLICAN,REP
GP 2004,17TH REPUBLICAN DELEGATE,3,8041,REGAN E.,RAMSEY,BUSH,ADAMS,5034,REPUBLICAN,REP
GP 2004,17TH REPUBLICAN DELEGATE,3,8041,REGAN E.,RAMSEY,BUSH,CHRISTIAN,143,REPUBLICAN,REP
GP 2004,17TH REPUBLICAN DELEGATE,3,8042,D. KAY,LONG,BUSH,JERSEY,147,REPUBLICAN,REP
GP 2004,17TH REPUBLICAN DELEGATE,3,8042,D. KAY,LONG,BUSH,GREENE,282,REPUBLICAN,REP
GP 2004,17TH REPUBLICAN DELEGATE,3,8042,D. KAY,LONG,BUSH,MERCER,1116,REPUBLICAN,REP
GP 2004,17TH REPUBLICAN DELEGATE,3,8042,D. KAY,LONG,BUSH,FULTON,1775,REPUBLICAN,REP
GP 2004,17TH REPUBLICAN DELEGATE,3,8042,D. KAY,LONG,BUSH,HANCOCK,1567,REPUBLICAN,REP
GP 2004,17TH REPUBLICAN DELEGATE,3,8042,D. KAY,LONG,BUSH,MACOUPIN,1796,REPUBLICAN,REP
GP 2004,17TH REPUBLICAN DELEGATE,3,8042,D. KAY,LONG,BUSH,SHELBY,55,REPUBLICAN,REP
GP 2004,17TH REPUBLICAN DELEGATE,3,8042,D. KAY,LONG,BUSH,WARREN,1803,REPUBLICAN,REP
GP 2004,17TH REPUBLICAN DELEGATE,3,8042,D. KAY,LONG,BUSH,PIKE,227,REPUBLICAN,REP
GP 2004,17TH REPUBLICAN DELEGATE,3,8042,D. KAY,LONG,BUSH,HENDERSON,392,REPUBLICAN,REP
GP 2004,17TH REPUBLICAN DELEGATE,3,8042,D. KAY,LONG,BUSH,ROCK ISLAND,3333,REPUBLICAN,REP
GP 2004,17TH REPUBLICAN DELEGATE,3,8042,D. KAY,LONG,BUSH,WHITESIDE,869,REPUBLICAN,REP
GP 2004,17TH REPUBLICAN DELEGATE,3,8042,D. KAY,LONG,BUSH,FAYETTE,84,REPUBLICAN,REP
GP 2004,17TH REPUBLICAN DELEGATE,3,8042,D. KAY,LONG,BUSH,CALHOUN,161,REPUBLICAN,REP
GP 2004,17TH REPUBLICAN DELEGATE,3,8042,D. KAY,LONG,BUSH,MONTGOMERY,525,REPUBLICAN,REP
GP 2004,17TH REPUBLICAN DELEGATE,3,8042,D. KAY,LONG,BUSH,MADISON,80,REPUBLICAN,REP
GP 2004,17TH REPUBLICAN DELEGATE,3,8042,D. KAY,LONG,BUSH,SANGAMON,914,REPUBLICAN,REP
GP 2004,17TH REPUBLICAN DELEGATE,3,8042,D. KAY,LONG,BUSH,HENRY,739,REPUBLICAN,REP
GP 2004,17TH REPUBLICAN DELEGATE,3,8042,D. KAY,LONG,BUSH,McDONOUGH,2970,REPUBLICAN,REP
GP 2004,17TH REPUBLICAN DELEGATE,3,8042,D. KAY,LONG,BUSH,MACON,2571,REPUBLICAN,REP
GP 2004,17TH REPUBLICAN DELEGATE,3,8042,D. KAY,LONG,BUSH,KNOX,2423,REPUBLICAN,REP
GP 2004,17TH REPUBLICAN DELEGATE,3,8042,D. KAY,LONG,BUSH,ADAMS,4953,REPUBLICAN,REP
GP 2004,17TH REPUBLICAN DELEGATE,3,8042,D. KAY,LONG,BUSH,CHRISTIAN,137,REPUBLICAN,REP
GP 2004,12TH DEMOCRATIC DELEGATE,6,8043,ELAINE,BROOMFIELD,DEAN,PERRY,207,DEMOCRATIC,DEM
GP 2004,12TH DEMOCRATIC DELEGATE,6,8043,ELAINE,BROOMFIELD,DEAN,WILLIAMSON,977,DEMOCRATIC,DEM
GP 2004,12TH DEMOCRATIC DELEGATE,6,8043,ELAINE,BROOMFIELD,DEAN,MONROE,251,DEMOCRATIC,DEM
GP 2004,12TH DEMOCRATIC DELEGATE,6,8043,ELAINE,BROOMFIELD,DEAN,JACKSON,1239,DEMOCRATIC,DEM
GP 2004,12TH DEMOCRATIC DELEGATE,6,8043,ELAINE,BROOMFIELD,DEAN,FRANKLIN,517,DEMOCRATIC,DEM
GP 2004,12TH DEMOCRATIC DELEGATE,6,8043,ELAINE,BROOMFIELD,DEAN,RANDOLPH,880,DEMOCRATIC,DEM
GP 2004,12TH DEMOCRATIC DELEGATE,6,8043,ELAINE,BROOMFIELD,DEAN,MADISON,1196,DEMOCRATIC,DEM
GP 2004,12TH DEMOCRATIC DELEGATE,6,8043,ELAINE,BROOMFIELD,DEAN,UNION,348,DEMOCRATIC,DEM
GP 2004,12TH DEMOCRATIC DELEGATE,6,8043,ELAINE,BROOMFIELD,DEAN,ST. CLAIR,1524,DEMOCRATIC,DEM
GP 2004,12TH DEMOCRATIC DELEGATE,6,8043,ELAINE,BROOMFIELD,DEAN,ALEXANDER,348,DEMOCRATIC,DEM
GP 2004,12TH DEMOCRATIC DELEGATE,6,8043,ELAINE,BROOMFIELD,DEAN,PULASKI,118,DEMOCRATIC,DEM
GP 2004,12TH DEMOCRATIC DELEGATE,6,8044,DAN,DONOHOO,DEAN,PERRY,157,DEMOCRATIC,DEM
GP 2004,12TH DEMOCRATIC DELEGATE,6,8044,DAN,DONOHOO,DEAN,WILLIAMSON,701,DEMOCRATIC,DEM
GP 2004,12TH DEMOCRATIC DELEGATE,6,8044,DAN,DONOHOO,DEAN,MONROE,160,DEMOCRATIC,DEM
GP 2004,12TH DEMOCRATIC DELEGATE,6,8044,DAN,DONOHOO,DEAN,JACKSON,757,DEMOCRATIC,DEM
GP 2004,12TH DEMOCRATIC DELEGATE,6,8044,DAN,DONOHOO,DEAN,FRANKLIN,406,DEMOCRATIC,DEM
GP 2004,12TH DEMOCRATIC DELEGATE,6,8044,DAN,DONOHOO,DEAN,RANDOLPH,613,DEMOCRATIC,DEM
GP 2004,12TH DEMOCRATIC DELEGATE,6,8044,DAN,DONOHOO,DEAN,MADISON,3676,DEMOCRATIC,DEM
GP 2004,12TH DEMOCRATIC DELEGATE,6,8044,DAN,DONOHOO,DEAN,UNION,219,DEMOCRATIC,DEM
GP 2004,12TH DEMOCRATIC DELEGATE,6,8044,DAN,DONOHOO,DEAN,ST. CLAIR,1131,DEMOCRATIC,DEM
GP 2004,12TH DEMOCRATIC DELEGATE,6,8044,DAN,DONOHOO,DEAN,ALEXANDER,221,DEMOCRATIC,DEM
GP 2004,12TH DEMOCRATIC DELEGATE,6,8044,DAN,DONOHOO,DEAN,PULASKI,63,DEMOCRATIC,DEM
GP 2004,12TH DEMOCRATIC DELEGATE,6,8045,MAUREEN M.,KASSIMALI,DEAN,PERRY,134,DEMOCRATIC,DEM
GP 2004,12TH DEMOCRATIC DELEGATE,6,8045,MAUREEN M.,KASSIMALI,DEAN,WILLIAMSON,734,DEMOCRATIC,DEM
GP 2004,12TH DEMOCRATIC DELEGATE,6,8045,MAUREEN M.,KASSIMALI,DEAN,MONROE,154,DEMOCRATIC,DEM
GP 2004,12TH DEMOCRATIC DELEGATE,6,8045,MAUREEN M.,KASSIMALI,DEAN,JACKSON,949,DEMOCRATIC,DEM
GP 2004,12TH DEMOCRATIC DELEGATE,6,8045,MAUREEN M.,KASSIMALI,DEAN,FRANKLIN,352,DEMOCRATIC,DEM
GP 2004,12TH DEMOCRATIC DELEGATE,6,8045,MAUREEN M.,KASSIMALI,DEAN,RANDOLPH,541,DEMOCRATIC,DEM
GP 2004,12TH DEMOCRATIC DELEGATE,6,8045,MAUREEN M.,KASSIMALI,DEAN,MADISON,756,DEMOCRATIC,DEM
GP 2004,12TH DEMOCRATIC DELEGATE,6,8045,MAUREEN M.,KASSIMALI,DEAN,UNION,208,DEMOCRATIC,DEM
GP 2004,12TH DEMOCRATIC DELEGATE,6,8045,MAUREEN M.,KASSIMALI,DEAN,ST. CLAIR,951,DEMOCRATIC,DEM
GP 2004,12TH DEMOCRATIC DELEGATE,6,8045,MAUREEN M.,KASSIMALI,DEAN,ALEXANDER,204,DEMOCRATIC,DEM
GP 2004,12TH DEMOCRATIC DELEGATE,6,8045,MAUREEN M.,KASSIMALI,DEAN,PULASKI,81,DEMOCRATIC,DEM
GP 2004,12TH DEMOCRATIC DELEGATE,6,8046,"THOMAS ""TOM""",HOLBROOK,DEAN,PERRY,224,DEMOCRATIC,DEM
GP 2004,12TH DEMOCRATIC DELEGATE,6,8046,"THOMAS ""TOM""",HOLBROOK,DEAN,WILLIAMSON,797,DEMOCRATIC,DEM
GP 2004,12TH DEMOCRATIC DELEGATE,6,8046,"THOMAS ""TOM""",HOLBROOK,DEAN,MONROE,285,DEMOCRATIC,DEM
GP 2004,12TH DEMOCRATIC DELEGATE,6,8046,"THOMAS ""TOM""",HOLBROOK,DEAN,JACKSON,877,DEMOCRATIC,DEM
GP 2004,12TH DEMOCRATIC DELEGATE,6,8046,"THOMAS ""TOM""",HOLBROOK,DEAN,FRANKLIN,513,DEMOCRATIC,DEM
GP 2004,12TH DEMOCRATIC DELEGATE,6,8046,"THOMAS ""TOM""",HOLBROOK,DEAN,RANDOLPH,807,DEMOCRATIC,DEM
GP 2004,12TH DEMOCRATIC DELEGATE,6,8046,"THOMAS ""TOM""",HOLBROOK,DEAN,MADISON,2784,DEMOCRATIC,DEM
GP 2004,12TH DEMOCRATIC DELEGATE,6,8046,"THOMAS ""TOM""",HOLBROOK,DEAN,UNION,348,DEMOCRATIC,DEM
GP 2004,12TH DEMOCRATIC DELEGATE,6,8046,"THOMAS ""TOM""",HOLBROOK,DEAN,ST. CLAIR,4903,DEMOCRATIC,DEM
GP 2004,12TH DEMOCRATIC DELEGATE,6,8046,"THOMAS ""TOM""",HOLBROOK,DEAN,ALEXANDER,238,DEMOCRATIC,DEM
GP 2004,12TH DEMOCRATIC DELEGATE,6,8046,"THOMAS ""TOM""",HOLBROOK,DEAN,PULASKI,72,DEMOCRATIC,DEM
GP 2004,12TH DEMOCRATIC DELEGATE,6,8047,MARY,WHITE,DEAN,PERRY,197,DEMOCRATIC,DEM
GP 2004,12TH DEMOCRATIC DELEGATE,6,8047,MARY,WHITE,DEAN,WILLIAMSON,818,DEMOCRATIC,DEM
GP 2004,12TH DEMOCRATIC DELEGATE,6,8047,MARY,WHITE,DEAN,MONROE,200,DEMOCRATIC,DEM
GP 2004,12TH DEMOCRATIC DELEGATE,6,8047,MARY,WHITE,DEAN,JACKSON,1022,DEMOCRATIC,DEM
GP 2004,12TH DEMOCRATIC DELEGATE,6,8047,MARY,WHITE,DEAN,FRANKLIN,521,DEMOCRATIC,DEM
GP 2004,12TH DEMOCRATIC DELEGATE,6,8047,MARY,WHITE,DEAN,RANDOLPH,700,DEMOCRATIC,DEM
GP 2004,12TH DEMOCRATIC DELEGATE,6,8047,MARY,WHITE,DEAN,MADISON,1394,DEMOCRATIC,DEM
GP 2004,12TH DEMOCRATIC DELEGATE,6,8047,MARY,WHITE,DEAN,UNION,322,DEMOCRATIC,DEM
GP 2004,12TH DEMOCRATIC DELEGATE,6,8047,MARY,WHITE,DEAN,ST. CLAIR,1541,DEMOCRATIC,DEM
GP 2004,12TH DEMOCRATIC DELEGATE,6,8047,MARY,WHITE,DEAN,ALEXANDER,242,DEMOCRATIC,DEM
GP 2004,12TH DEMOCRATIC DELEGATE,6,8047,MARY,WHITE,DEAN,PULASKI,101,DEMOCRATIC,DEM
GP 2004,12TH DEMOCRATIC DELEGATE,6,8048,ROBERT G.,PAUTLER,DEAN,PERRY,177,DEMOCRATIC,DEM
GP 2004,12TH DEMOCRATIC DELEGATE,6,8048,ROBERT G.,PAUTLER,DEAN,WILLIAMSON,589,DEMOCRATIC,DEM
GP 2004,12TH DEMOCRATIC DELEGATE,6,8048,ROBERT G.,PAUTLER,DEAN,MONROE,199,DEMOCRATIC,DEM
GP 2004,12TH DEMOCRATIC DELEGATE,6,8048,ROBERT G.,PAUTLER,DEAN,JACKSON,806,DEMOCRATIC,DEM
GP 2004,12TH DEMOCRATIC DELEGATE,6,8048,ROBERT G.,PAUTLER,DEAN,FRANKLIN,388,DEMOCRATIC,DEM
GP 2004,12TH DEMOCRATIC DELEGATE,6,8048,ROBERT G.,PAUTLER,DEAN,RANDOLPH,1162,DEMOCRATIC,DEM
GP 2004,12TH DEMOCRATIC DELEGATE,6,8048,ROBERT G.,PAUTLER,DEAN,MADISON,661,DEMOCRATIC,DEM
GP 2004,12TH DEMOCRATIC DELEGATE,6,8048,ROBERT G.,PAUTLER,DEAN,UNION,241,DEMOCRATIC,DEM
GP 2004,12TH DEMOCRATIC DELEGATE,6,8048,ROBERT G.,PAUTLER,DEAN,ST. CLAIR,987,DEMOCRATIC,DEM
GP 2004,12TH DEMOCRATIC DELEGATE,6,8048,ROBERT G.,PAUTLER,DEAN,ALEXANDER,187,DEMOCRATIC,DEM
GP 2004,12TH DEMOCRATIC DELEGATE,6,8048,ROBERT G.,PAUTLER,DEAN,PULASKI,61,DEMOCRATIC,DEM
GP 2004,15TH DEMOCRATIC DELEGATE,5,8049,MIKE H.,BRODY,DEAN,EDGAR,140,DEMOCRATIC,DEM
GP 2004,15TH DEMOCRATIC DELEGATE,5,8049,MIKE H.,BRODY,DEAN,FORD,31,DEMOCRATIC,DEM
GP 2004,15TH DEMOCRATIC DELEGATE,5,8049,MIKE H.,BRODY,DEAN,IROQUOIS,86,DEMOCRATIC,DEM
GP 2004,15TH DEMOCRATIC DELEGATE,5,8049,MIKE H.,BRODY,DEAN,LIVINGSTON,325,DEMOCRATIC,DEM
GP 2004,15TH DEMOCRATIC DELEGATE,5,8049,MIKE H.,BRODY,DEAN,PIATT,258,DEMOCRATIC,DEM
GP 2004,15TH DEMOCRATIC DELEGATE,5,8049,MIKE H.,BRODY,DEAN,DOUGLAS,60,DEMOCRATIC,DEM
GP 2004,15TH DEMOCRATIC DELEGATE,5,8049,MIKE H.,BRODY,DEAN,COLES,170,DEMOCRATIC,DEM
GP 2004,15TH DEMOCRATIC DELEGATE,5,8049,MIKE H.,BRODY,DEAN,EDWARDS,3,DEMOCRATIC,DEM
GP 2004,15TH DEMOCRATIC DELEGATE,5,8049,MIKE H.,BRODY,DEAN,WHITE,33,DEMOCRATIC,DEM
GP 2004,15TH DEMOCRATIC DELEGATE,5,8049,MIKE H.,BRODY,DEAN,CRAWFORD,98,DEMOCRATIC,DEM
GP 2004,15TH DEMOCRATIC DELEGATE,5,8049,MIKE H.,BRODY,DEAN,SALINE,225,DEMOCRATIC,DEM
GP 2004,15TH DEMOCRATIC DELEGATE,5,8049,MIKE H.,BRODY,DEAN,CLARK,135,DEMOCRATIC,DEM
GP 2004,15TH DEMOCRATIC DELEGATE,5,8049,MIKE H.,BRODY,DEAN,GALLATIN,74,DEMOCRATIC,DEM
GP 2004,15TH DEMOCRATIC DELEGATE,5,8049,MIKE H.,BRODY,DEAN,WABASH,178,DEMOCRATIC,DEM
GP 2004,15TH DEMOCRATIC DELEGATE,5,8049,MIKE H.,BRODY,DEAN,CHAMPAIGN,1557,DEMOCRATIC,DEM
GP 2004,15TH DEMOCRATIC DELEGATE,5,8049,MIKE H.,BRODY,DEAN,MACON,110,DEMOCRATIC,DEM
GP 2004,15TH DEMOCRATIC DELEGATE,5,8049,MIKE H.,BRODY,DEAN,MOULTRIE,92,DEMOCRATIC,DEM
GP 2004,15TH DEMOCRATIC DELEGATE,5,8049,MIKE H.,BRODY,DEAN,CUMBERLAND,95,DEMOCRATIC,DEM
GP 2004,15TH DEMOCRATIC DELEGATE,5,8049,MIKE H.,BRODY,DEAN,LAWRENCE,53,DEMOCRATIC,DEM
GP 2004,15TH DEMOCRATIC DELEGATE,5,8049,MIKE H.,BRODY,DEAN,DeWITT,295,DEMOCRATIC,DEM
GP 2004,15TH DEMOCRATIC DELEGATE,5,8049,MIKE H.,BRODY,DEAN,McLEAN,251,DEMOCRATIC,DEM
GP 2004,15TH DEMOCRATIC DELEGATE,5,8049,MIKE H.,BRODY,DEAN,VERMILION,277,DEMOCRATIC,DEM
GP 2004,15TH DEMOCRATIC DELEGATE,5,8050,LYNN F.,FOSTER,DEAN,EDGAR,144,DEMOCRATIC,DEM
GP 2004,15TH DEMOCRATIC DELEGATE,5,8050,LYNN F.,FOSTER,DEAN,FORD,33,DEMOCRATIC,DEM
GP 2004,15TH DEMOCRATIC DELEGATE,5,8050,LYNN F.,FOSTER,DEAN,IROQUOIS,76,DEMOCRATIC,DEM
GP 2004,15TH DEMOCRATIC DELEGATE,5,8050,LYNN F.,FOSTER,DEAN,LIVINGSTON,263,DEMOCRATIC,DEM
GP 2004,15TH DEMOCRATIC DELEGATE,5,8050,LYNN F.,FOSTER,DEAN,PIATT,256,DEMOCRATIC,DEM
GP 2004,15TH DEMOCRATIC DELEGATE,5,8050,LYNN F.,FOSTER,DEAN,DOUGLAS,69,DEMOCRATIC,DEM
GP 2004,15TH DEMOCRATIC DELEGATE,5,8050,LYNN F.,FOSTER,DEAN,COLES,132,DEMOCRATIC,DEM
GP 2004,15TH DEMOCRATIC DELEGATE,5,8050,LYNN F.,FOSTER,DEAN,EDWARDS,4,DEMOCRATIC,DEM
GP 2004,15TH DEMOCRATIC DELEGATE,5,8050,LYNN F.,FOSTER,DEAN,WHITE,29,DEMOCRATIC,DEM
GP 2004,15TH DEMOCRATIC DELEGATE,5,8050,LYNN F.,FOSTER,DEAN,CRAWFORD,75,DEMOCRATIC,DEM
GP 2004,15TH DEMOCRATIC DELEGATE,5,8050,LYNN F.,FOSTER,DEAN,SALINE,205,DEMOCRATIC,DEM
GP 2004,15TH DEMOCRATIC DELEGATE,5,8050,LYNN F.,FOSTER,DEAN,CLARK,118,DEMOCRATIC,DEM
GP 2004,15TH DEMOCRATIC DELEGATE,5,8050,LYNN F.,FOSTER,DEAN,GALLATIN,74,DEMOCRATIC,DEM
GP 2004,15TH DEMOCRATIC DELEGATE,5,8050,LYNN F.,FOSTER,DEAN,WABASH,167,DEMOCRATIC,DEM
GP 2004,15TH DEMOCRATIC DELEGATE,5,8050,LYNN F.,FOSTER,DEAN,CHAMPAIGN,1577,DEMOCRATIC,DEM
GP 2004,15TH DEMOCRATIC DELEGATE,5,8050,LYNN F.,FOSTER,DEAN,MACON,113,DEMOCRATIC,DEM
GP 2004,15TH DEMOCRATIC DELEGATE,5,8050,LYNN F.,FOSTER,DEAN,MOULTRIE,74,DEMOCRATIC,DEM
GP 2004,15TH DEMOCRATIC DELEGATE,5,8050,LYNN F.,FOSTER,DEAN,CUMBERLAND,70,DEMOCRATIC,DEM
GP 2004,15TH DEMOCRATIC DELEGATE,5,8050,LYNN F.,FOSTER,DEAN,LAWRENCE,40,DEMOCRATIC,DEM
GP 2004,15TH DEMOCRATIC DELEGATE,5,8050,LYNN F.,FOSTER,DEAN,DeWITT,248,DEMOCRATIC,DEM
GP 2004,15TH DEMOCRATIC DELEGATE,5,8050,LYNN F.,FOSTER,DEAN,McLEAN,229,DEMOCRATIC,DEM
GP 2004,15TH DEMOCRATIC DELEGATE,5,8050,LYNN F.,FOSTER,DEAN,VERMILION,1537,DEMOCRATIC,DEM
GP 2004,15TH DEMOCRATIC DELEGATE,5,8051,DON,DUNAVAN,DEAN,EDGAR,100,DEMOCRATIC,DEM
GP 2004,15TH DEMOCRATIC DELEGATE,5,8051,DON,DUNAVAN,DEAN,FORD,28,DEMOCRATIC,DEM
GP 2004,15TH DEMOCRATIC DELEGATE,5,8051,DON,DUNAVAN,DEAN,IROQUOIS,41,DEMOCRATIC,DEM
GP 2004,15TH DEMOCRATIC DELEGATE,5,8051,DON,DUNAVAN,DEAN,LIVINGSTON,210,DEMOCRATIC,DEM
GP 2004,15TH DEMOCRATIC DELEGATE,5,8051,DON,DUNAVAN,DEAN,PIATT,199,DEMOCRATIC,DEM
GP 2004,15TH DEMOCRATIC DELEGATE,5,8051,DON,DUNAVAN,DEAN,DOUGLAS,45,DEMOCRATIC,DEM
GP 2004,15TH DEMOCRATIC DELEGATE,5,8051,DON,DUNAVAN,DEAN,COLES,102,DEMOCRATIC,DEM
GP 2004,15TH DEMOCRATIC DELEGATE,5,8051,DON,DUNAVAN,DEAN,EDWARDS,3,DEMOCRATIC,DEM
GP 2004,15TH DEMOCRATIC DELEGATE,5,8051,DON,DUNAVAN,DEAN,WHITE,26,DEMOCRATIC,DEM
GP 2004,15TH DEMOCRATIC DELEGATE,5,8051,DON,DUNAVAN,DEAN,CRAWFORD,65,DEMOCRATIC,DEM
GP 2004,15TH DEMOCRATIC DELEGATE,5,8051,DON,DUNAVAN,DEAN,SALINE,181,DEMOCRATIC,DEM
GP 2004,15TH DEMOCRATIC DELEGATE,5,8051,DON,DUNAVAN,DEAN,CLARK,88,DEMOCRATIC,DEM
GP 2004,15TH DEMOCRATIC DELEGATE,5,8051,DON,DUNAVAN,DEAN,GALLATIN,63,DEMOCRATIC,DEM
GP 2004,15TH DEMOCRATIC DELEGATE,5,8051,DON,DUNAVAN,DEAN,WABASH,125,DEMOCRATIC,DEM
GP 2004,15TH DEMOCRATIC DELEGATE,5,8051,DON,DUNAVAN,DEAN,CHAMPAIGN,1051,DEMOCRATIC,DEM
GP 2004,15TH DEMOCRATIC DELEGATE,5,8051,DON,DUNAVAN,DEAN,MACON,82,DEMOCRATIC,DEM
GP 2004,15TH DEMOCRATIC DELEGATE,5,8051,DON,DUNAVAN,DEAN,MOULTRIE,59,DEMOCRATIC,DEM
GP 2004,15TH DEMOCRATIC DELEGATE,5,8051,DON,DUNAVAN,DEAN,CUMBERLAND,56,DEMOCRATIC,DEM
GP 2004,15TH DEMOCRATIC DELEGATE,5,8051,DON,DUNAVAN,DEAN,LAWRENCE,43,DEMOCRATIC,DEM
GP 2004,15TH DEMOCRATIC DELEGATE,5,8051,DON,DUNAVAN,DEAN,DeWITT,190,DEMOCRATIC,DEM
GP 2004,15TH DEMOCRATIC DELEGATE,5,8051,DON,DUNAVAN,DEAN,McLEAN,163,DEMOCRATIC,DEM
GP 2004,15TH DEMOCRATIC DELEGATE,5,8051,DON,DUNAVAN,DEAN,VERMILION,545,DEMOCRATIC,DEM
GP 2004,15TH DEMOCRATIC DELEGATE,5,8052,DANIELLE J.,WAIN,DEAN,EDGAR,77,DEMOCRATIC,DEM
GP 2004,15TH DEMOCRATIC DELEGATE,5,8052,DANIELLE J.,WAIN,DEAN,FORD,28,DEMOCRATIC,DEM
GP 2004,15TH DEMOCRATIC DELEGATE,5,8052,DANIELLE J.,WAIN,DEAN,IROQUOIS,57,DEMOCRATIC,DEM
GP 2004,15TH DEMOCRATIC DELEGATE,5,8052,DANIELLE J.,WAIN,DEAN,LIVINGSTON,186,DEMOCRATIC,DEM
GP 2004,15TH DEMOCRATIC DELEGATE,5,8052,DANIELLE J.,WAIN,DEAN,PIATT,196,DEMOCRATIC,DEM
GP 2004,15TH DEMOCRATIC DELEGATE,5,8052,DANIELLE J.,WAIN,DEAN,DOUGLAS,30,DEMOCRATIC,DEM
GP 2004,15TH DEMOCRATIC DELEGATE,5,8052,DANIELLE J.,WAIN,DEAN,COLES,107,DEMOCRATIC,DEM
GP 2004,15TH DEMOCRATIC DELEGATE,5,8052,DANIELLE J.,WAIN,DEAN,EDWARDS,3,DEMOCRATIC,DEM
GP 2004,15TH DEMOCRATIC DELEGATE,5,8052,DANIELLE J.,WAIN,DEAN,WHITE,27,DEMOCRATIC,DEM
GP 2004,15TH DEMOCRATIC DELEGATE,5,8052,DANIELLE J.,WAIN,DEAN,CRAWFORD,74,DEMOCRATIC,DEM
GP 2004,15TH DEMOCRATIC DELEGATE,5,8052,DANIELLE J.,WAIN,DEAN,CLARK,98,DEMOCRATIC,DEM
GP 2004,15TH DEMOCRATIC DELEGATE,5,8052,DANIELLE J.,WAIN,DEAN,GALLATIN,61,DEMOCRATIC,DEM
GP 2004,15TH DEMOCRATIC DELEGATE,5,8052,DANIELLE J.,WAIN,DEAN,WABASH,131,DEMOCRATIC,DEM
GP 2004,15TH DEMOCRATIC DELEGATE,5,8052,DANIELLE J.,WAIN,DEAN,CHAMPAIGN,1158,DEMOCRATIC,DEM
GP 2004,15TH DEMOCRATIC DELEGATE,5,8052,DANIELLE J.,WAIN,DEAN,MACON,87,DEMOCRATIC,DEM
GP 2004,15TH DEMOCRATIC DELEGATE,5,8052,DANIELLE J.,WAIN,DEAN,MOULTRIE,60,DEMOCRATIC,DEM
GP 2004,15TH DEMOCRATIC DELEGATE,5,8052,DANIELLE J.,WAIN,DEAN,CUMBERLAND,50,DEMOCRATIC,DEM
GP 2004,15TH DEMOCRATIC DELEGATE,5,8052,DANIELLE J.,WAIN,DEAN,LAWRENCE,29,DEMOCRATIC,DEM
GP 2004,15TH DEMOCRATIC DELEGATE,5,8052,DANIELLE J.,WAIN,DEAN,DeWITT,189,DEMOCRATIC,DEM
GP 2004,15TH DEMOCRATIC DELEGATE,5,8052,DANIELLE J.,WAIN,DEAN,SALINE,166,DEMOCRATIC,DEM
GP 2004,15TH DEMOCRATIC DELEGATE,5,8052,DANIELLE J.,WAIN,DEAN,McLEAN,170,DEMOCRATIC,DEM
GP 2004,15TH DEMOCRATIC DELEGATE,5,8052,DANIELLE J.,WAIN,DEAN,VERMILION,219,DEMOCRATIC,DEM
GP 2004,15TH DEMOCRATIC DELEGATE,5,8053,JAYNE E.,ZELLER,DEAN,EDGAR,91,DEMOCRATIC,DEM
GP 2004,15TH DEMOCRATIC DELEGATE,5,8053,JAYNE E.,ZELLER,DEAN,FORD,29,DEMOCRATIC,DEM
GP 2004,15TH DEMOCRATIC DELEGATE,5,8053,JAYNE E.,ZELLER,DEAN,IROQUOIS,74,DEMOCRATIC,DEM
GP 2004,15TH DEMOCRATIC DELEGATE,5,8053,JAYNE E.,ZELLER,DEAN,LIVINGSTON,273,DEMOCRATIC,DEM
GP 2004,15TH DEMOCRATIC DELEGATE,5,8053,JAYNE E.,ZELLER,DEAN,PIATT,218,DEMOCRATIC,DEM
GP 2004,15TH DEMOCRATIC DELEGATE,5,8053,JAYNE E.,ZELLER,DEAN,DOUGLAS,37,DEMOCRATIC,DEM
GP 2004,15TH DEMOCRATIC DELEGATE,5,8053,JAYNE E.,ZELLER,DEAN,COLES,128,DEMOCRATIC,DEM
GP 2004,15TH DEMOCRATIC DELEGATE,5,8053,JAYNE E.,ZELLER,DEAN,EDWARDS,5,DEMOCRATIC,DEM
GP 2004,15TH DEMOCRATIC DELEGATE,5,8053,JAYNE E.,ZELLER,DEAN,WHITE,23,DEMOCRATIC,DEM
GP 2004,15TH DEMOCRATIC DELEGATE,5,8053,JAYNE E.,ZELLER,DEAN,CRAWFORD,71,DEMOCRATIC,DEM
GP 2004,15TH DEMOCRATIC DELEGATE,5,8053,JAYNE E.,ZELLER,DEAN,SALINE,174,DEMOCRATIC,DEM
GP 2004,15TH DEMOCRATIC DELEGATE,5,8053,JAYNE E.,ZELLER,DEAN,CLARK,118,DEMOCRATIC,DEM
GP 2004,15TH DEMOCRATIC DELEGATE,5,8053,JAYNE E.,ZELLER,DEAN,GALLATIN,66,DEMOCRATIC,DEM
GP 2004,15TH DEMOCRATIC DELEGATE,5,8053,JAYNE E.,ZELLER,DEAN,WABASH,127,DEMOCRATIC,DEM
GP 2004,15TH DEMOCRATIC DELEGATE,5,8053,JAYNE E.,ZELLER,DEAN,CHAMPAIGN,1196,DEMOCRATIC,DEM
GP 2004,15TH DEMOCRATIC DELEGATE,5,8053,JAYNE E.,ZELLER,DEAN,MACON,98,DEMOCRATIC,DEM
GP 2004,15TH DEMOCRATIC DELEGATE,5,8053,JAYNE E.,ZELLER,DEAN,MOULTRIE,57,DEMOCRATIC,DEM
GP 2004,15TH DEMOCRATIC DELEGATE,5,8053,JAYNE E.,ZELLER,DEAN,CUMBERLAND,71,DEMOCRATIC,DEM
GP 2004,15TH DEMOCRATIC DELEGATE,5,8053,JAYNE E.,ZELLER,DEAN,LAWRENCE,32,DEMOCRATIC,DEM
GP 2004,15TH DEMOCRATIC DELEGATE,5,8053,JAYNE E.,ZELLER,DEAN,DeWITT,213,DEMOCRATIC,DEM
GP 2004,15TH DEMOCRATIC DELEGATE,5,8053,JAYNE E.,ZELLER,DEAN,McLEAN,310,DEMOCRATIC,DEM
GP 2004,15TH DEMOCRATIC DELEGATE,5,8053,JAYNE E.,ZELLER,DEAN,VERMILION,251,DEMOCRATIC,DEM
GP 2004,5TH REPUBLICAN ALTERNATE DELEGATE,2,8054,"ANGELO ""SKIP""",SAVIANO,BUSH,COOK,10844,REPUBLICAN,REP
GP 2004,5TH REPUBLICAN ALTERNATE DELEGATE,2,8055,DONNA GENEVA,ROEHRI,BUSH,COOK,10202,REPUBLICAN,REP
GP 2004,12TH DEMOCRATIC ALTERNATE DELEGATE,1,8056,TYJUAN J.,CRATIC,DEAN,PERRY,93,DEMOCRATIC,DEM
GP 2004,12TH DEMOCRATIC ALTERNATE DELEGATE,1,8056,TYJUAN J.,CRATIC,DEAN,WILLIAMSON,261,DEMOCRATIC,DEM
GP 2004,12TH DEMOCRATIC ALTERNATE DELEGATE,1,8056,TYJUAN J.,CRATIC,DEAN,MONROE,61,DEMOCRATIC,DEM
GP 2004,12TH DEMOCRATIC ALTERNATE DELEGATE,1,8056,TYJUAN J.,CRATIC,DEAN,JACKSON,473,DEMOCRATIC,DEM
GP 2004,12TH DEMOCRATIC ALTERNATE DELEGATE,1,8056,TYJUAN J.,CRATIC,DEAN,FRANKLIN,256,DEMOCRATIC,DEM
GP 2004,12TH DEMOCRATIC ALTERNATE DELEGATE,1,8056,TYJUAN J.,CRATIC,DEAN,RANDOLPH,204,DEMOCRATIC,DEM
GP 2004,12TH DEMOCRATIC ALTERNATE DELEGATE,1,8056,TYJUAN J.,CRATIC,DEAN,MADISON,473,DEMOCRATIC,DEM
GP 2004,12TH DEMOCRATIC ALTERNATE DELEGATE,1,8056,TYJUAN J.,CRATIC,DEAN,UNION,169,DEMOCRATIC,DEM
GP 2004,12TH DEMOCRATIC ALTERNATE DELEGATE,1,8056,TYJUAN J.,CRATIC,DEAN,ST. CLAIR,985,DEMOCRATIC,DEM
GP 2004,12TH DEMOCRATIC ALTERNATE DELEGATE,1,8056,TYJUAN J.,CRATIC,DEAN,ALEXANDER,111,DEMOCRATIC,DEM
GP 2004,12TH DEMOCRATIC ALTERNATE DELEGATE,1,8056,TYJUAN J.,CRATIC,DEAN,PULASKI,39,DEMOCRATIC,DEM
GP 2004,15TH DEMOCRATIC ALTERNATE DELEGATE,1,8057,NICOLE,ROBERTS,DEAN,EDGAR,61,DEMOCRATIC,DEM
GP 2004,15TH DEMOCRATIC ALTERNATE DELEGATE,1,8057,NICOLE,ROBERTS,DEAN,FORD,17,DEMOCRATIC,DEM
GP 2004,15TH DEMOCRATIC ALTERNATE DELEGATE,1,8057,NICOLE,ROBERTS,DEAN,IROQUOIS,51,DEMOCRATIC,DEM
GP 2004,15TH DEMOCRATIC ALTERNATE DELEGATE,1,8057,NICOLE,ROBERTS,DEAN,LIVINGSTON,133,DEMOCRATIC,DEM
GP 2004,15TH DEMOCRATIC ALTERNATE DELEGATE,1,8057,NICOLE,ROBERTS,DEAN,PIATT,108,DEMOCRATIC,DEM
GP 2004,15TH DEMOCRATIC ALTERNATE DELEGATE,1,8057,NICOLE,ROBERTS,DEAN,DOUGLAS,40,DEMOCRATIC,DEM
GP 2004,15TH DEMOCRATIC ALTERNATE DELEGATE,1,8057,NICOLE,ROBERTS,DEAN,COLES,95,DEMOCRATIC,DEM
GP 2004,15TH DEMOCRATIC ALTERNATE DELEGATE,1,8057,NICOLE,ROBERTS,DEAN,EDWARDS,1,DEMOCRATIC,DEM
GP 2004,15TH DEMOCRATIC ALTERNATE DELEGATE,1,8057,NICOLE,ROBERTS,DEAN,WHITE,28,DEMOCRATIC,DEM
GP 2004,15TH DEMOCRATIC ALTERNATE DELEGATE,1,8057,NICOLE,ROBERTS,DEAN,CRAWFORD,50,DEMOCRATIC,DEM
GP 2004,15TH DEMOCRATIC ALTERNATE DELEGATE,1,8057,NICOLE,ROBERTS,DEAN,SALINE,80,DEMOCRATIC,DEM
GP 2004,15TH DEMOCRATIC ALTERNATE DELEGATE,1,8057,NICOLE,ROBERTS,DEAN,CLARK,82,DEMOCRATIC,DEM
GP 2004,15TH DEMOCRATIC ALTERNATE DELEGATE,1,8057,NICOLE,ROBERTS,DEAN,GALLATIN,29,DEMOCRATIC,DEM
GP 2004,15TH DEMOCRATIC ALTERNATE DELEGATE,1,8057,NICOLE,ROBERTS,DEAN,WABASH,83,DEMOCRATIC,DEM
GP 2004,15TH DEMOCRATIC ALTERNATE DELEGATE,1,8057,NICOLE,ROBERTS,DEAN,CHAMPAIGN,908,DEMOCRATIC,DEM
GP 2004,15TH DEMOCRATIC ALTERNATE DELEGATE,1,8057,NICOLE,ROBERTS,DEAN,MACON,80,DEMOCRATIC,DEM
GP 2004,15TH DEMOCRATIC ALTERNATE DELEGATE,1,8057,NICOLE,ROBERTS,DEAN,MOULTRIE,55,DEMOCRATIC,DEM
GP 2004,15TH DEMOCRATIC ALTERNATE DELEGATE,1,8057,NICOLE,ROBERTS,DEAN,CUMBERLAND,65,DEMOCRATIC,DEM
GP 2004,15TH DEMOCRATIC ALTERNATE DELEGATE,1,8057,NICOLE,ROBERTS,DEAN,LAWRENCE,36,DEMOCRATIC,DEM
GP 2004,15TH DEMOCRATIC ALTERNATE DELEGATE,1,8057,NICOLE,ROBERTS,DEAN,DeWITT,104,DEMOCRATIC,DEM
GP 2004,15TH DEMOCRATIC ALTERNATE DELEGATE,1,8057,NICOLE,ROBERTS,DEAN,McLEAN,184,DEMOCRATIC,DEM
GP 2004,15TH DEMOCRATIC ALTERNATE DELEGATE,1,8057,NICOLE,ROBERTS,DEAN,VERMILION,253,DEMOCRATIC,DEM
GP 2004,19TH REPUBLICAN DELEGATE,4,8058,DAVID S.,LUECHTEFELD,BUSH,CLAY,797,REPUBLICAN,REP
GP 2004,19TH REPUBLICAN DELEGATE,4,8058,DAVID S.,LUECHTEFELD,BUSH,HARDIN,355,REPUBLICAN,REP
GP 2004,19TH REPUBLICAN DELEGATE,4,8058,DAVID S.,LUECHTEFELD,BUSH,JERSEY,686,REPUBLICAN,REP
GP 2004,19TH REPUBLICAN DELEGATE,4,8058,DAVID S.,LUECHTEFELD,BUSH,RICHLAND,1166,REPUBLICAN,REP
GP 2004,19TH REPUBLICAN DELEGATE,4,8058,DAVID S.,LUECHTEFELD,BUSH,WASHINGTON,1261,REPUBLICAN,REP
GP 2004,19TH REPUBLICAN DELEGATE,4,8058,DAVID S.,LUECHTEFELD,BUSH,BOND,790,REPUBLICAN,REP
GP 2004,19TH REPUBLICAN DELEGATE,4,8058,DAVID S.,LUECHTEFELD,BUSH,CLINTON,1209,REPUBLICAN,REP
GP 2004,19TH REPUBLICAN DELEGATE,4,8058,DAVID S.,LUECHTEFELD,BUSH,JASPER,494,REPUBLICAN,REP
GP 2004,19TH REPUBLICAN DELEGATE,4,8058,DAVID S.,LUECHTEFELD,BUSH,GREENE,293,REPUBLICAN,REP
GP 2004,19TH REPUBLICAN DELEGATE,4,8058,DAVID S.,LUECHTEFELD,BUSH,JOHNSON,1299,REPUBLICAN,REP
GP 2004,19TH REPUBLICAN DELEGATE,4,8058,DAVID S.,LUECHTEFELD,BUSH,WILLIAMSON,177,REPUBLICAN,REP
GP 2004,19TH REPUBLICAN DELEGATE,4,8058,DAVID S.,LUECHTEFELD,BUSH,HAMILTON,508,REPUBLICAN,REP
GP 2004,19TH REPUBLICAN DELEGATE,4,8058,DAVID S.,LUECHTEFELD,BUSH,SHELBY,951,REPUBLICAN,REP
GP 2004,19TH REPUBLICAN DELEGATE,4,8058,DAVID S.,LUECHTEFELD,BUSH,EDWARDS,647,REPUBLICAN,REP
GP 2004,19TH REPUBLICAN DELEGATE,4,8058,DAVID S.,LUECHTEFELD,BUSH,WHITE,526,REPUBLICAN,REP
GP 2004,19TH REPUBLICAN DELEGATE,4,8058,DAVID S.,LUECHTEFELD,BUSH,FAYETTE,1283,REPUBLICAN,REP
GP 2004,19TH REPUBLICAN DELEGATE,4,8058,DAVID S.,LUECHTEFELD,BUSH,MARION,1383,REPUBLICAN,REP
GP 2004,19TH REPUBLICAN DELEGATE,4,8058,DAVID S.,LUECHTEFELD,BUSH,SALINE,1223,REPUBLICAN,REP
GP 2004,19TH REPUBLICAN DELEGATE,4,8058,DAVID S.,LUECHTEFELD,BUSH,MASSAC,1103,REPUBLICAN,REP
GP 2004,19TH REPUBLICAN DELEGATE,4,8058,DAVID S.,LUECHTEFELD,BUSH,GALLATIN,127,REPUBLICAN,REP
GP 2004,19TH REPUBLICAN DELEGATE,4,8058,DAVID S.,LUECHTEFELD,BUSH,MONTGOMERY,773,REPUBLICAN,REP
GP 2004,19TH REPUBLICAN DELEGATE,4,8058,DAVID S.,LUECHTEFELD,BUSH,JEFFERSON,1155,REPUBLICAN,REP
GP 2004,19TH REPUBLICAN DELEGATE,4,8058,DAVID S.,LUECHTEFELD,BUSH,WABASH,153,REPUBLICAN,REP
GP 2004,19TH REPUBLICAN DELEGATE,4,8058,DAVID S.,LUECHTEFELD,BUSH,MADISON,4398,REPUBLICAN,REP
GP 2004,19TH REPUBLICAN DELEGATE,4,8058,DAVID S.,LUECHTEFELD,BUSH,SANGAMON,4191,REPUBLICAN,REP
GP 2004,19TH REPUBLICAN DELEGATE,4,8058,DAVID S.,LUECHTEFELD,BUSH,EFFINGHAM,2075,REPUBLICAN,REP
GP 2004,19TH REPUBLICAN DELEGATE,4,8058,DAVID S.,LUECHTEFELD,BUSH,POPE,484,REPUBLICAN,REP
GP 2004,19TH REPUBLICAN DELEGATE,4,8058,DAVID S.,LUECHTEFELD,BUSH,WAYNE,1331,REPUBLICAN,REP
GP 2004,19TH REPUBLICAN DELEGATE,4,8058,DAVID S.,LUECHTEFELD,BUSH,CHRISTIAN,1086,REPUBLICAN,REP
GP 2004,19TH REPUBLICAN DELEGATE,4,8058,DAVID S.,LUECHTEFELD,BUSH,LAWRENCE,329,REPUBLICAN,REP
GP 2004,19TH REPUBLICAN DELEGATE,4,8059,JOHN O.,JONES,BUSH,CLAY,967,REPUBLICAN,REP
GP 2004,19TH REPUBLICAN DELEGATE,4,8059,JOHN O.,JONES,BUSH,HARDIN,343,REPUBLICAN,REP
GP 2004,19TH REPUBLICAN DELEGATE,4,8059,JOHN O.,JONES,BUSH,JERSEY,692,REPUBLICAN,REP
GP 2004,19TH REPUBLICAN DELEGATE,4,8059,JOHN O.,JONES,BUSH,RICHLAND,1415,REPUBLICAN,REP
GP 2004,19TH REPUBLICAN DELEGATE,4,8059,JOHN O.,JONES,BUSH,WASHINGTON,1017,REPUBLICAN,REP
GP 2004,19TH REPUBLICAN DELEGATE,4,8059,JOHN O.,JONES,BUSH,BOND,754,REPUBLICAN,REP
GP 2004,19TH REPUBLICAN DELEGATE,4,8059,JOHN O.,JONES,BUSH,CLINTON,1139,REPUBLICAN,REP
GP 2004,19TH REPUBLICAN DELEGATE,4,8059,JOHN O.,JONES,BUSH,JASPER,552,REPUBLICAN,REP
GP 2004,19TH REPUBLICAN DELEGATE,4,8059,JOHN O.,JONES,BUSH,GREENE,289,REPUBLICAN,REP
GP 2004,19TH REPUBLICAN DELEGATE,4,8059,JOHN O.,JONES,BUSH,JOHNSON,1146,REPUBLICAN,REP
GP 2004,19TH REPUBLICAN DELEGATE,4,8059,JOHN O.,JONES,BUSH,WILLIAMSON,159,REPUBLICAN,REP
GP 2004,19TH REPUBLICAN DELEGATE,4,8059,JOHN O.,JONES,BUSH,HAMILTON,678,REPUBLICAN,REP
GP 2004,19TH REPUBLICAN DELEGATE,4,8059,JOHN O.,JONES,BUSH,SHELBY,953,REPUBLICAN,REP
GP 2004,19TH REPUBLICAN DELEGATE,4,8059,JOHN O.,JONES,BUSH,EDWARDS,914,REPUBLICAN,REP
GP 2004,19TH REPUBLICAN DELEGATE,4,8059,JOHN O.,JONES,BUSH,WHITE,659,REPUBLICAN,REP
GP 2004,19TH REPUBLICAN DELEGATE,4,8059,JOHN O.,JONES,BUSH,FAYETTE,1273,REPUBLICAN,REP
GP 2004,19TH REPUBLICAN DELEGATE,4,8059,JOHN O.,JONES,BUSH,MARION,1517,REPUBLICAN,REP
GP 2004,19TH REPUBLICAN DELEGATE,4,8059,JOHN O.,JONES,BUSH,SALINE,1167,REPUBLICAN,REP
GP 2004,19TH REPUBLICAN DELEGATE,4,8059,JOHN O.,JONES,BUSH,MASSAC,987,REPUBLICAN,REP
GP 2004,19TH REPUBLICAN DELEGATE,4,8059,JOHN O.,JONES,BUSH,GALLATIN,123,REPUBLICAN,REP
GP 2004,19TH REPUBLICAN DELEGATE,4,8059,JOHN O.,JONES,BUSH,MONTGOMERY,753,REPUBLICAN,REP
GP 2004,19TH REPUBLICAN DELEGATE,4,8059,JOHN O.,JONES,BUSH,JEFFERSON,1495,REPUBLICAN,REP
GP 2004,19TH REPUBLICAN DELEGATE,4,8059,JOHN O.,JONES,BUSH,WABASH,191,REPUBLICAN,REP
GP 2004,19TH REPUBLICAN DELEGATE,4,8059,JOHN O.,JONES,BUSH,MADISON,3972,REPUBLICAN,REP
GP 2004,19TH REPUBLICAN DELEGATE,4,8059,JOHN O.,JONES,BUSH,SANGAMON,4129,REPUBLICAN,REP
GP 2004,19TH REPUBLICAN DELEGATE,4,8059,JOHN O.,JONES,BUSH,EFFINGHAM,2177,REPUBLICAN,REP
GP 2004,19TH REPUBLICAN DELEGATE,4,8059,JOHN O.,JONES,BUSH,POPE,456,REPUBLICAN,REP
GP 2004,19TH REPUBLICAN DELEGATE,4,8059,JOHN O.,JONES,BUSH,WAYNE,1697,REPUBLICAN,REP
GP 2004,19TH REPUBLICAN DELEGATE,4,8059,JOHN O.,JONES,BUSH,CHRISTIAN,1106,REPUBLICAN,REP
GP 2004,19TH REPUBLICAN DELEGATE,4,8059,JOHN O.,JONES,BUSH,LAWRENCE,366,REPUBLICAN,REP
GP 2004,19TH REPUBLICAN DELEGATE,4,8060,"ROBERT C. ""BOB""",WINCHESTER,BUSH,CLAY,797,REPUBLICAN,REP
GP 2004,19TH REPUBLICAN DELEGATE,4,8060,"ROBERT C. ""BOB""",WINCHESTER,BUSH,HARDIN,489,REPUBLICAN,REP
GP 2004,19TH REPUBLICAN DELEGATE,4,8060,"ROBERT C. ""BOB""",WINCHESTER,BUSH,JERSEY,688,REPUBLICAN,REP
GP 2004,19TH REPUBLICAN DELEGATE,4,8060,"ROBERT C. ""BOB""",WINCHESTER,BUSH,RICHLAND,1158,REPUBLICAN,REP
GP 2004,19TH REPUBLICAN DELEGATE,4,8060,"ROBERT C. ""BOB""",WINCHESTER,BUSH,WASHINGTON,974,REPUBLICAN,REP
GP 2004,19TH REPUBLICAN DELEGATE,4,8060,"ROBERT C. ""BOB""",WINCHESTER,BUSH,BOND,760,REPUBLICAN,REP
GP 2004,19TH REPUBLICAN DELEGATE,4,8060,"ROBERT C. ""BOB""",WINCHESTER,BUSH,CLINTON,1061,REPUBLICAN,REP
GP 2004,19TH REPUBLICAN DELEGATE,4,8060,"ROBERT C. ""BOB""",WINCHESTER,BUSH,JASPER,495,REPUBLICAN,REP
GP 2004,19TH REPUBLICAN DELEGATE,4,8060,"ROBERT C. ""BOB""",WINCHESTER,BUSH,GREENE,299,REPUBLICAN,REP
GP 2004,19TH REPUBLICAN DELEGATE,4,8060,"ROBERT C. ""BOB""",WINCHESTER,BUSH,JOHNSON,1197,REPUBLICAN,REP
GP 2004,19TH REPUBLICAN DELEGATE,4,8060,"ROBERT C. ""BOB""",WINCHESTER,BUSH,WILLIAMSON,157,REPUBLICAN,REP
GP 2004,19TH REPUBLICAN DELEGATE,4,8060,"ROBERT C. ""BOB""",WINCHESTER,BUSH,HAMILTON,478,REPUBLICAN,REP
GP 2004,19TH REPUBLICAN DELEGATE,4,8060,"ROBERT C. ""BOB""",WINCHESTER,BUSH,SHELBY,950,REPUBLICAN,REP
GP 2004,19TH REPUBLICAN DELEGATE,4,8060,"ROBERT C. ""BOB""",WINCHESTER,BUSH,EDWARDS,644,REPUBLICAN,REP
GP 2004,19TH REPUBLICAN DELEGATE,4,8060,"ROBERT C. ""BOB""",WINCHESTER,BUSH,WHITE,530,REPUBLICAN,REP
GP 2004,19TH REPUBLICAN DELEGATE,4,8060,"ROBERT C. ""BOB""",WINCHESTER,BUSH,FAYETTE,1249,REPUBLICAN,REP
GP 2004,19TH REPUBLICAN DELEGATE,4,8060,"ROBERT C. ""BOB""",WINCHESTER,BUSH,MARION,1331,REPUBLICAN,REP
GP 2004,19TH REPUBLICAN DELEGATE,4,8060,"ROBERT C. ""BOB""",WINCHESTER,BUSH,SALINE,1294,REPUBLICAN,REP
GP 2004,19TH REPUBLICAN DELEGATE,4,8060,"ROBERT C. ""BOB""",WINCHESTER,BUSH,MASSAC,1265,REPUBLICAN,REP
GP 2004,19TH REPUBLICAN DELEGATE,4,8060,"ROBERT C. ""BOB""",WINCHESTER,BUSH,GALLATIN,140,REPUBLICAN,REP
GP 2004,19TH REPUBLICAN DELEGATE,4,8060,"ROBERT C. ""BOB""",WINCHESTER,BUSH,MONTGOMERY,742,REPUBLICAN,REP
GP 2004,19TH REPUBLICAN DELEGATE,4,8060,"ROBERT C. ""BOB""",WINCHESTER,BUSH,JEFFERSON,1079,REPUBLICAN,REP
GP 2004,19TH REPUBLICAN DELEGATE,4,8060,"ROBERT C. ""BOB""",WINCHESTER,BUSH,WABASH,151,REPUBLICAN,REP
GP 2004,19TH REPUBLICAN DELEGATE,4,8060,"ROBERT C. ""BOB""",WINCHESTER,BUSH,MADISON,4077,REPUBLICAN,REP
GP 2004,19TH REPUBLICAN DELEGATE,4,8060,"ROBERT C. ""BOB""",WINCHESTER,BUSH,SANGAMON,4103,REPUBLICAN,REP
GP 2004,19TH REPUBLICAN DELEGATE,4,8060,"ROBERT C. ""BOB""",WINCHESTER,BUSH,EFFINGHAM,1999,REPUBLICAN,REP
GP 2004,19TH REPUBLICAN DELEGATE,4,8060,"ROBERT C. ""BOB""",WINCHESTER,BUSH,POPE,499,REPUBLICAN,REP
GP 2004,19TH REPUBLICAN DELEGATE,4,8060,"ROBERT C. ""BOB""",WINCHESTER,BUSH,WAYNE,1327,REPUBLICAN,REP
GP 2004,19TH REPUBLICAN DELEGATE,4,8060,"ROBERT C. ""BOB""",WINCHESTER,BUSH,CHRISTIAN,1088,REPUBLICAN,REP
GP 2004,19TH REPUBLICAN DELEGATE,4,8060,"ROBERT C. ""BOB""",WINCHESTER,BUSH,LAWRENCE,327,REPUBLICAN,REP
GP 2004,19TH REPUBLICAN DELEGATE,4,8061,"WILLIAM ""BILL""",CELLINI,BUSH,CLAY,780,REPUBLICAN,REP
GP 2004,19TH REPUBLICAN DELEGATE,4,8061,"WILLIAM ""BILL""",CELLINI,BUSH,HARDIN,336,REPUBLICAN,REP
GP 2004,19TH REPUBLICAN DELEGATE,4,8061,"WILLIAM ""BILL""",CELLINI,BUSH,JERSEY,672,REPUBLICAN,REP
GP 2004,19TH REPUBLICAN DELEGATE,4,8061,"WILLIAM ""BILL""",CELLINI,BUSH,RICHLAND,1146,REPUBLICAN,REP
GP 2004,19TH REPUBLICAN DELEGATE,4,8061,"WILLIAM ""BILL""",CELLINI,BUSH,WASHINGTON,966,REPUBLICAN,REP
GP 2004,19TH REPUBLICAN DELEGATE,4,8061,"WILLIAM ""BILL""",CELLINI,BUSH,BOND,743,REPUBLICAN,REP
GP 2004,19TH REPUBLICAN DELEGATE,4,8061,"WILLIAM ""BILL""",CELLINI,BUSH,CLINTON,1046,REPUBLICAN,REP
GP 2004,19TH REPUBLICAN DELEGATE,4,8061,"WILLIAM ""BILL""",CELLINI,BUSH,JASPER,482,REPUBLICAN,REP
GP 2004,19TH REPUBLICAN DELEGATE,4,8061,"WILLIAM ""BILL""",CELLINI,BUSH,GREENE,292,REPUBLICAN,REP
GP 2004,19TH REPUBLICAN DELEGATE,4,8061,"WILLIAM ""BILL""",CELLINI,BUSH,JOHNSON,1096,REPUBLICAN,REP
GP 2004,19TH REPUBLICAN DELEGATE,4,8061,"WILLIAM ""BILL""",CELLINI,BUSH,WILLIAMSON,149,REPUBLICAN,REP
GP 2004,19TH REPUBLICAN DELEGATE,4,8061,"WILLIAM ""BILL""",CELLINI,BUSH,HAMILTON,448,REPUBLICAN,REP
GP 2004,19TH REPUBLICAN DELEGATE,4,8061,"WILLIAM ""BILL""",CELLINI,BUSH,SHELBY,928,REPUBLICAN,REP
GP 2004,19TH REPUBLICAN DELEGATE,4,8061,"WILLIAM ""BILL""",CELLINI,BUSH,EDWARDS,637,REPUBLICAN,REP
GP 2004,19TH REPUBLICAN DELEGATE,4,8061,"WILLIAM ""BILL""",CELLINI,BUSH,WHITE,514,REPUBLICAN,REP
GP 2004,19TH REPUBLICAN DELEGATE,4,8061,"WILLIAM ""BILL""",CELLINI,BUSH,FAYETTE,1231,REPUBLICAN,REP
GP 2004,19TH REPUBLICAN DELEGATE,4,8061,"WILLIAM ""BILL""",CELLINI,BUSH,MARION,1321,REPUBLICAN,REP
GP 2004,19TH REPUBLICAN DELEGATE,4,8061,"WILLIAM ""BILL""",CELLINI,BUSH,SALINE,1105,REPUBLICAN,REP
GP 2004,19TH REPUBLICAN DELEGATE,4,8061,"WILLIAM ""BILL""",CELLINI,BUSH,MASSAC,952,REPUBLICAN,REP
GP 2004,19TH REPUBLICAN DELEGATE,4,8061,"WILLIAM ""BILL""",CELLINI,BUSH,GALLATIN,117,REPUBLICAN,REP
GP 2004,19TH REPUBLICAN DELEGATE,4,8061,"WILLIAM ""BILL""",CELLINI,BUSH,MONTGOMERY,749,REPUBLICAN,REP
GP 2004,19TH REPUBLICAN DELEGATE,4,8061,"WILLIAM ""BILL""",CELLINI,BUSH,JEFFERSON,1045,REPUBLICAN,REP
GP 2004,19TH REPUBLICAN DELEGATE,4,8061,"WILLIAM ""BILL""",CELLINI,BUSH,WABASH,151,REPUBLICAN,REP
GP 2004,19TH REPUBLICAN DELEGATE,4,8061,"WILLIAM ""BILL""",CELLINI,BUSH,MADISON,3898,REPUBLICAN,REP
GP 2004,19TH REPUBLICAN DELEGATE,4,8061,"WILLIAM ""BILL""",CELLINI,BUSH,SANGAMON,4377,REPUBLICAN,REP
GP 2004,19TH REPUBLICAN DELEGATE,4,8061,"WILLIAM ""BILL""",CELLINI,BUSH,EFFINGHAM,1931,REPUBLICAN,REP
GP 2004,19TH REPUBLICAN DELEGATE,4,8061,"WILLIAM ""BILL""",CELLINI,BUSH,POPE,444,REPUBLICAN,REP
GP 2004,19TH REPUBLICAN DELEGATE,4,8061,"WILLIAM ""BILL""",CELLINI,BUSH,WAYNE,1308,REPUBLICAN,REP
GP 2004,19TH REPUBLICAN DELEGATE,4,8061,"WILLIAM ""BILL""",CELLINI,BUSH,CHRISTIAN,1087,REPUBLICAN,REP
GP 2004,19TH REPUBLICAN DELEGATE,4,8061,"WILLIAM ""BILL""",CELLINI,BUSH,LAWRENCE,308,REPUBLICAN,REP
GP 2004,3RD DEMOCRATIC DELEGATE,6,8062,MARJORIE D.,ZAMORA,KUCINICH,COOK,4593,DEMOCRATIC,DEM
GP 2004,3RD DEMOCRATIC DELEGATE,6,8063,MICHAEL,FOERSTEL,KUCINICH,COOK,2772,DEMOCRATIC,DEM
GP 2004,3RD DEMOCRATIC DELEGATE,6,8064,"THERESA M. ""TERI""",PLUTA,KUCINICH,COOK,4295,DEMOCRATIC,DEM
GP 2004,3RD DEMOCRATIC DELEGATE,6,8065,CARL J.,HOLMGREN,KUCINICH,COOK,2672,DEMOCRATIC,DEM
GP 2004,3RD DEMOCRATIC DELEGATE,6,8066,"PAMELA M. ""PAM""",PAXTON,KUCINICH,COOK,4138,DEMOCRATIC,DEM
GP 2004,3RD DEMOCRATIC DELEGATE,6,8067,TIMOTHY A.,PROROK,KUCINICH,COOK,2557,DEMOCRATIC,DEM
GP 2004,4TH DEMOCRATIC DELEGATE,4,8068,LORA,CHAMBERLAIN,KUCINICH,COOK,2787,DEMOCRATIC,DEM
GP 2004,4TH DEMOCRATIC DELEGATE,4,8069,RICHARD A.,PARDO,KUCINICH,COOK,2152,DEMOCRATIC,DEM
GP 2004,4TH DEMOCRATIC DELEGATE,4,8070,"PETER L. ""PETE""",PAULSEN,KUCINICH,COOK,2081,DEMOCRATIC,DEM
GP 2004,4TH DEMOCRATIC DELEGATE,4,8071,ANN,FILMER,KUCINICH,COOK,2143,DEMOCRATIC,DEM
GP 2004,3RD DEMOCRATIC ALTERNATE DELEGATE,1,8072,GAIL E.,SCHLESINGER,KUCINICH,COOK,3363,DEMOCRATIC,DEM
GP 2004,4TH DEMOCRATIC ALTERNATE DELEGATE,1,8073,"LEONARD ""LENNY""",BRODY,KUCINICH,COOK,3040,DEMOCRATIC,DEM
GP 2004,14TH DEMOCRATIC ALTERNATE DELEGATE,1,8074,DOUG,HENK,DEAN,BUREAU,4,DEMOCRATIC,DEM
GP 2004,14TH DEMOCRATIC ALTERNATE DELEGATE,1,8074,DOUG,HENK,DEAN,LEE,93,DEMOCRATIC,DEM
GP 2004,14TH DEMOCRATIC ALTERNATE DELEGATE,1,8074,DOUG,HENK,DEAN,WHITESIDE,37,DEMOCRATIC,DEM
GP 2004,14TH DEMOCRATIC ALTERNATE DELEGATE,1,8074,DOUG,HENK,DEAN,HENRY,80,DEMOCRATIC,DEM
GP 2004,14TH DEMOCRATIC ALTERNATE DELEGATE,1,8074,DOUG,HENK,DEAN,KENDALL,194,DEMOCRATIC,DEM
GP 2004,14TH DEMOCRATIC ALTERNATE DELEGATE,1,8074,DOUG,HENK,DEAN,KANE,1239,DEMOCRATIC,DEM
GP 2004,14TH DEMOCRATIC ALTERNATE DELEGATE,1,8074,DOUG,HENK,DEAN,DeKALB,237,DEMOCRATIC,DEM
GP 2004,14TH DEMOCRATIC ALTERNATE DELEGATE,1,8074,DOUG,HENK,DEAN,DuPAGE,177,DEMOCRATIC,DEM
GP 2004,17TH REPUBLICAN ALTERNATE DELEGATE,3,8075,TIMOTHY B.,ZOLLINGER,BUSH,JERSEY,139,REPUBLICAN,REP
GP 2004,17TH REPUBLICAN ALTERNATE DELEGATE,3,8075,TIMOTHY B.,ZOLLINGER,BUSH,GREENE,285,REPUBLICAN,REP
GP 2004,17TH REPUBLICAN ALTERNATE DELEGATE,3,8075,TIMOTHY B.,ZOLLINGER,BUSH,MERCER,1071,REPUBLICAN,REP
GP 2004,17TH REPUBLICAN ALTERNATE DELEGATE,3,8075,TIMOTHY B.,ZOLLINGER,BUSH,FULTON,1768,REPUBLICAN,REP
GP 2004,17TH REPUBLICAN ALTERNATE DELEGATE,3,8075,TIMOTHY B.,ZOLLINGER,BUSH,HANCOCK,1603,REPUBLICAN,REP
GP 2004,17TH REPUBLICAN ALTERNATE DELEGATE,3,8075,TIMOTHY B.,ZOLLINGER,BUSH,MACOUPIN,1748,REPUBLICAN,REP
GP 2004,17TH REPUBLICAN ALTERNATE DELEGATE,3,8075,TIMOTHY B.,ZOLLINGER,BUSH,SHELBY,57,REPUBLICAN,REP
GP 2004,17TH REPUBLICAN ALTERNATE DELEGATE,3,8075,TIMOTHY B.,ZOLLINGER,BUSH,WARREN,1782,REPUBLICAN,REP
GP 2004,17TH REPUBLICAN ALTERNATE DELEGATE,3,8075,TIMOTHY B.,ZOLLINGER,BUSH,PIKE,226,REPUBLICAN,REP
GP 2004,17TH REPUBLICAN ALTERNATE DELEGATE,3,8075,TIMOTHY B.,ZOLLINGER,BUSH,HENDERSON,372,REPUBLICAN,REP
GP 2004,17TH REPUBLICAN ALTERNATE DELEGATE,3,8075,TIMOTHY B.,ZOLLINGER,BUSH,ROCK ISLAND,3451,REPUBLICAN,REP
GP 2004,17TH REPUBLICAN ALTERNATE DELEGATE,3,8075,TIMOTHY B.,ZOLLINGER,BUSH,WHITESIDE,916,REPUBLICAN,REP
GP 2004,17TH REPUBLICAN ALTERNATE DELEGATE,3,8075,TIMOTHY B.,ZOLLINGER,BUSH,FAYETTE,79,REPUBLICAN,REP
GP 2004,17TH REPUBLICAN ALTERNATE DELEGATE,3,8075,TIMOTHY B.,ZOLLINGER,BUSH,CALHOUN,141,REPUBLICAN,REP
GP 2004,17TH REPUBLICAN ALTERNATE DELEGATE,3,8075,TIMOTHY B.,ZOLLINGER,BUSH,MONTGOMERY,496,REPUBLICAN,REP
GP 2004,17TH REPUBLICAN ALTERNATE DELEGATE,3,8075,TIMOTHY B.,ZOLLINGER,BUSH,MADISON,76,REPUBLICAN,REP
GP 2004,17TH REPUBLICAN ALTERNATE DELEGATE,3,8075,TIMOTHY B.,ZOLLINGER,BUSH,SANGAMON,903,REPUBLICAN,REP
GP 2004,17TH REPUBLICAN ALTERNATE DELEGATE,3,8075,TIMOTHY B.,ZOLLINGER,BUSH,HENRY,767,REPUBLICAN,REP
GP 2004,17TH REPUBLICAN ALTERNATE DELEGATE,3,8075,TIMOTHY B.,ZOLLINGER,BUSH,McDONOUGH,2892,REPUBLICAN,REP
GP 2004,17TH REPUBLICAN ALTERNATE DELEGATE,3,8075,TIMOTHY B.,ZOLLINGER,BUSH,MACON,2568,REPUBLICAN,REP
GP 2004,17TH REPUBLICAN ALTERNATE DELEGATE,3,8075,TIMOTHY B.,ZOLLINGER,BUSH,KNOX,2451,REPUBLICAN,REP
GP 2004,17TH REPUBLICAN ALTERNATE DELEGATE,3,8075,TIMOTHY B.,ZOLLINGER,BUSH,ADAMS,5008,REPUBLICAN,REP
GP 2004,17TH REPUBLICAN ALTERNATE DELEGATE,3,8075,TIMOTHY B.,ZOLLINGER,BUSH,CHRISTIAN,136,REPUBLICAN,REP
GP 2004,17TH REPUBLICAN ALTERNATE DELEGATE,3,8076,CANDICE D.,TREES,BUSH,JERSEY,140,REPUBLICAN,REP
GP 2004,17TH REPUBLICAN ALTERNATE DELEGATE,3,8076,CANDICE D.,TREES,BUSH,GREENE,286,REPUBLICAN,REP
GP 2004,17TH REPUBLICAN ALTERNATE DELEGATE,3,8076,CANDICE D.,TREES,BUSH,MERCER,1061,REPUBLICAN,REP
GP 2004,17TH REPUBLICAN ALTERNATE DELEGATE,3,8076,CANDICE D.,TREES,BUSH,FULTON,1740,REPUBLICAN,REP
GP 2004,17TH REPUBLICAN ALTERNATE DELEGATE,3,8076,CANDICE D.,TREES,BUSH,HANCOCK,1576,REPUBLICAN,REP
GP 2004,17TH REPUBLICAN ALTERNATE DELEGATE,3,8076,CANDICE D.,TREES,BUSH,MACOUPIN,1719,REPUBLICAN,REP
GP 2004,17TH REPUBLICAN ALTERNATE DELEGATE,3,8076,CANDICE D.,TREES,BUSH,SHELBY,55,REPUBLICAN,REP
GP 2004,17TH REPUBLICAN ALTERNATE DELEGATE,3,8076,CANDICE D.,TREES,BUSH,WARREN,1782,REPUBLICAN,REP
GP 2004,17TH REPUBLICAN ALTERNATE DELEGATE,3,8076,CANDICE D.,TREES,BUSH,PIKE,226,REPUBLICAN,REP
GP 2004,17TH REPUBLICAN ALTERNATE DELEGATE,3,8076,CANDICE D.,TREES,BUSH,HENDERSON,376,REPUBLICAN,REP
GP 2004,17TH REPUBLICAN ALTERNATE DELEGATE,3,8076,CANDICE D.,TREES,BUSH,ROCK ISLAND,3310,REPUBLICAN,REP
GP 2004,17TH REPUBLICAN ALTERNATE DELEGATE,3,8076,CANDICE D.,TREES,BUSH,WHITESIDE,871,REPUBLICAN,REP
GP 2004,17TH REPUBLICAN ALTERNATE DELEGATE,3,8076,CANDICE D.,TREES,BUSH,FAYETTE,82,REPUBLICAN,REP
GP 2004,17TH REPUBLICAN ALTERNATE DELEGATE,3,8076,CANDICE D.,TREES,BUSH,CALHOUN,140,REPUBLICAN,REP
GP 2004,17TH REPUBLICAN ALTERNATE DELEGATE,3,8076,CANDICE D.,TREES,BUSH,MONTGOMERY,489,REPUBLICAN,REP
GP 2004,17TH REPUBLICAN ALTERNATE DELEGATE,3,8076,CANDICE D.,TREES,BUSH,MADISON,71,REPUBLICAN,REP
GP 2004,17TH REPUBLICAN ALTERNATE DELEGATE,3,8076,CANDICE D.,TREES,BUSH,SANGAMON,980,REPUBLICAN,REP
GP 2004,17TH REPUBLICAN ALTERNATE DELEGATE,3,8076,CANDICE D.,TREES,BUSH,HENRY,746,REPUBLICAN,REP
GP 2004,17TH REPUBLICAN ALTERNATE DELEGATE,3,8076,CANDICE D.,TREES,BUSH,McDONOUGH,2897,REPUBLICAN,REP
GP 2004,17TH REPUBLICAN ALTERNATE DELEGATE,3,8076,CANDICE D.,TREES,BUSH,MACON,2539,REPUBLICAN,REP
GP 2004,17TH REPUBLICAN ALTERNATE DELEGATE,3,8076,CANDICE D.,TREES,BUSH,KNOX,2440,REPUBLICAN,REP
GP 2004,17TH REPUBLICAN ALTERNATE DELEGATE,3,8076,CANDICE D.,TREES,BUSH,ADAMS,4938,REPUBLICAN,REP
GP 2004,17TH REPUBLICAN ALTERNATE DELEGATE,3,8076,CANDICE D.,TREES,BUSH,CHRISTIAN,140,REPUBLICAN,REP
GP 2004,17TH REPUBLICAN ALTERNATE DELEGATE,3,8077,NORINE K.,HAMMOND,BUSH,JERSEY,136,REPUBLICAN,REP
GP 2004,17TH REPUBLICAN ALTERNATE DELEGATE,3,8077,NORINE K.,HAMMOND,BUSH,GREENE,273,REPUBLICAN,REP
GP 2004,17TH REPUBLICAN ALTERNATE DELEGATE,3,8077,NORINE K.,HAMMOND,BUSH,MERCER,1043,REPUBLICAN,REP
GP 2004,17TH REPUBLICAN ALTERNATE DELEGATE,3,8077,NORINE K.,HAMMOND,BUSH,FULTON,1729,REPUBLICAN,REP
GP 2004,17TH REPUBLICAN ALTERNATE DELEGATE,3,8077,NORINE K.,HAMMOND,BUSH,HANCOCK,1580,REPUBLICAN,REP
GP 2004,17TH REPUBLICAN ALTERNATE DELEGATE,3,8077,NORINE K.,HAMMOND,BUSH,MACOUPIN,1683,REPUBLICAN,REP
GP 2004,17TH REPUBLICAN ALTERNATE DELEGATE,3,8077,NORINE K.,HAMMOND,BUSH,SHELBY,55,REPUBLICAN,REP
GP 2004,17TH REPUBLICAN ALTERNATE DELEGATE,3,8077,NORINE K.,HAMMOND,BUSH,WARREN,1790,REPUBLICAN,REP
GP 2004,17TH REPUBLICAN ALTERNATE DELEGATE,3,8077,NORINE K.,HAMMOND,BUSH,PIKE,231,REPUBLICAN,REP
GP 2004,17TH REPUBLICAN ALTERNATE DELEGATE,3,8077,NORINE K.,HAMMOND,BUSH,HENDERSON,372,REPUBLICAN,REP
GP 2004,17TH REPUBLICAN ALTERNATE DELEGATE,3,8077,NORINE K.,HAMMOND,BUSH,ROCK ISLAND,3251,REPUBLICAN,REP
GP 2004,17TH REPUBLICAN ALTERNATE DELEGATE,3,8077,NORINE K.,HAMMOND,BUSH,WHITESIDE,865,REPUBLICAN,REP
GP 2004,17TH REPUBLICAN ALTERNATE DELEGATE,3,8077,NORINE K.,HAMMOND,BUSH,FAYETTE,79,REPUBLICAN,REP
GP 2004,17TH REPUBLICAN ALTERNATE DELEGATE,3,8077,NORINE K.,HAMMOND,BUSH,CALHOUN,133,REPUBLICAN,REP
GP 2004,17TH REPUBLICAN ALTERNATE DELEGATE,3,8077,NORINE K.,HAMMOND,BUSH,MONTGOMERY,479,REPUBLICAN,REP
GP 2004,17TH REPUBLICAN ALTERNATE DELEGATE,3,8077,NORINE K.,HAMMOND,BUSH,MADISON,75,REPUBLICAN,REP
GP 2004,17TH REPUBLICAN ALTERNATE DELEGATE,3,8077,NORINE K.,HAMMOND,BUSH,SANGAMON,868,REPUBLICAN,REP
GP 2004,17TH REPUBLICAN ALTERNATE DELEGATE,3,8077,NORINE K.,HAMMOND,BUSH,HENRY,743,REPUBLICAN,REP
GP 2004,17TH REPUBLICAN ALTERNATE DELEGATE,3,8077,NORINE K.,HAMMOND,BUSH,McDONOUGH,3085,REPUBLICAN,REP
GP 2004,17TH REPUBLICAN ALTERNATE DELEGATE,3,8077,NORINE K.,HAMMOND,BUSH,MACON,2513,REPUBLICAN,REP
GP 2004,17TH REPUBLICAN ALTERNATE DELEGATE,3,8077,NORINE K.,HAMMOND,BUSH,KNOX,2401,REPUBLICAN,REP
GP 2004,17TH REPUBLICAN ALTERNATE DELEGATE,3,8077,NORINE K.,HAMMOND,BUSH,ADAMS,4901,REPUBLICAN,REP
GP 2004,17TH REPUBLICAN ALTERNATE DELEGATE,3,8077,NORINE K.,HAMMOND,BUSH,CHRISTIAN,136,REPUBLICAN,REP
GP 2004,6TH REPUBLICAN DELEGATE,4,8078,BARBARA A.,MURPHY,BUSH,COOK,6672,REPUBLICAN,REP
GP 2004,6TH REPUBLICAN DELEGATE,4,8078,BARBARA A.,MURPHY,BUSH,DuPAGE,39735,REPUBLICAN,REP
GP 2004,6TH REPUBLICAN DELEGATE,4,8079,RONALD C.,SMITH,BUSH,COOK,6459,REPUBLICAN,REP
GP 2004,6TH REPUBLICAN DELEGATE,4,8079,RONALD C.,SMITH,BUSH,DuPAGE,38230,REPUBLICAN,REP
GP 2004,6TH REPUBLICAN DELEGATE,4,8080,PAUL,HINDS,BUSH,COOK,6479,REPUBLICAN,REP
GP 2004,6TH REPUBLICAN DELEGATE,4,8080,PAUL,HINDS,BUSH,DuPAGE,38708,REPUBLICAN,REP
GP 2004,6TH REPUBLICAN DELEGATE,4,8081,YOLANDA,CAMPUZANO,BUSH,COOK,6417,REPUBLICAN,REP
GP 2004,6TH REPUBLICAN DELEGATE,4,8081,YOLANDA,CAMPUZANO,BUSH,DuPAGE,38333,REPUBLICAN,REP
GP 2004,19TH REPUBLICAN ALTERNATE DELEGATE,4,8082,ROBIN L.,LONG,BUSH,CLAY,842,REPUBLICAN,REP
GP 2004,19TH REPUBLICAN ALTERNATE DELEGATE,4,8082,ROBIN L.,LONG,BUSH,HARDIN,394,REPUBLICAN,REP
GP 2004,19TH REPUBLICAN ALTERNATE DELEGATE,4,8082,ROBIN L.,LONG,BUSH,JERSEY,674,REPUBLICAN,REP
GP 2004,19TH REPUBLICAN ALTERNATE DELEGATE,4,8082,ROBIN L.,LONG,BUSH,RICHLAND,1267,REPUBLICAN,REP
GP 2004,19TH REPUBLICAN ALTERNATE DELEGATE,4,8082,ROBIN L.,LONG,BUSH,WASHINGTON,1012,REPUBLICAN,REP
GP 2004,19TH REPUBLICAN ALTERNATE DELEGATE,4,8082,ROBIN L.,LONG,BUSH,BOND,764,REPUBLICAN,REP
GP 2004,19TH REPUBLICAN ALTERNATE DELEGATE,4,8082,ROBIN L.,LONG,BUSH,CLINTON,1086,REPUBLICAN,REP
GP 2004,19TH REPUBLICAN ALTERNATE DELEGATE,4,8082,ROBIN L.,LONG,BUSH,JASPER,490,REPUBLICAN,REP
GP 2004,19TH REPUBLICAN ALTERNATE DELEGATE,4,8082,ROBIN L.,LONG,BUSH,GREENE,295,REPUBLICAN,REP
GP 2004,19TH REPUBLICAN ALTERNATE DELEGATE,4,8082,ROBIN L.,LONG,BUSH,JOHNSON,1160,REPUBLICAN,REP
GP 2004,19TH REPUBLICAN ALTERNATE DELEGATE,4,8082,ROBIN L.,LONG,BUSH,WILLIAMSON,164,REPUBLICAN,REP
GP 2004,19TH REPUBLICAN ALTERNATE DELEGATE,4,8082,ROBIN L.,LONG,BUSH,HAMILTON,462,REPUBLICAN,REP
GP 2004,19TH REPUBLICAN ALTERNATE DELEGATE,4,8082,ROBIN L.,LONG,BUSH,SHELBY,926,REPUBLICAN,REP
GP 2004,19TH REPUBLICAN ALTERNATE DELEGATE,4,8082,ROBIN L.,LONG,BUSH,EDWARDS,685,REPUBLICAN,REP
GP 2004,19TH REPUBLICAN ALTERNATE DELEGATE,4,8082,ROBIN L.,LONG,BUSH,WHITE,537,REPUBLICAN,REP
GP 2004,19TH REPUBLICAN ALTERNATE DELEGATE,4,8082,ROBIN L.,LONG,BUSH,FAYETTE,1281,REPUBLICAN,REP
GP 2004,19TH REPUBLICAN ALTERNATE DELEGATE,4,8082,ROBIN L.,LONG,BUSH,MARION,1371,REPUBLICAN,REP
GP 2004,19TH REPUBLICAN ALTERNATE DELEGATE,4,8082,ROBIN L.,LONG,BUSH,SALINE,1118,REPUBLICAN,REP
GP 2004,19TH REPUBLICAN ALTERNATE DELEGATE,4,8082,ROBIN L.,LONG,BUSH,MASSAC,1047,REPUBLICAN,REP
GP 2004,19TH REPUBLICAN ALTERNATE DELEGATE,4,8082,ROBIN L.,LONG,BUSH,GALLATIN,127,REPUBLICAN,REP
GP 2004,19TH REPUBLICAN ALTERNATE DELEGATE,4,8082,ROBIN L.,LONG,BUSH,MONTGOMERY,715,REPUBLICAN,REP
GP 2004,19TH REPUBLICAN ALTERNATE DELEGATE,4,8082,ROBIN L.,LONG,BUSH,JEFFERSON,1110,REPUBLICAN,REP
GP 2004,19TH REPUBLICAN ALTERNATE DELEGATE,4,8082,ROBIN L.,LONG,BUSH,WABASH,163,REPUBLICAN,REP
GP 2004,19TH REPUBLICAN ALTERNATE DELEGATE,4,8082,ROBIN L.,LONG,BUSH,MADISON,4250,REPUBLICAN,REP
GP 2004,19TH REPUBLICAN ALTERNATE DELEGATE,4,8082,ROBIN L.,LONG,BUSH,SANGAMON,4283,REPUBLICAN,REP
GP 2004,19TH REPUBLICAN ALTERNATE DELEGATE,4,8082,ROBIN L.,LONG,BUSH,EFFINGHAM,1925,REPUBLICAN,REP
GP 2004,19TH REPUBLICAN ALTERNATE DELEGATE,4,8082,ROBIN L.,LONG,BUSH,POPE,469,REPUBLICAN,REP
GP 2004,19TH REPUBLICAN ALTERNATE DELEGATE,4,8082,ROBIN L.,LONG,BUSH,WAYNE,1342,REPUBLICAN,REP
GP 2004,19TH REPUBLICAN ALTERNATE DELEGATE,4,8082,ROBIN L.,LONG,BUSH,CHRISTIAN,1074,REPUBLICAN,REP
GP 2004,19TH REPUBLICAN ALTERNATE DELEGATE,4,8082,ROBIN L.,LONG,BUSH,LAWRENCE,336,REPUBLICAN,REP
GP 2004,19TH REPUBLICAN ALTERNATE DELEGATE,4,8083,"SHEOW H. ""SHOWAY""",CHANG,BUSH,CLAY,799,REPUBLICAN,REP
GP 2004,19TH REPUBLICAN ALTERNATE DELEGATE,4,8083,"SHEOW H. ""SHOWAY""",CHANG,BUSH,HARDIN,375,REPUBLICAN,REP
GP 2004,19TH REPUBLICAN ALTERNATE DELEGATE,4,8083,"SHEOW H. ""SHOWAY""",CHANG,BUSH,JERSEY,627,REPUBLICAN,REP
GP 2004,19TH REPUBLICAN ALTERNATE DELEGATE,4,8083,"SHEOW H. ""SHOWAY""",CHANG,BUSH,RICHLAND,1178,REPUBLICAN,REP
GP 2004,19TH REPUBLICAN ALTERNATE DELEGATE,4,8083,"SHEOW H. ""SHOWAY""",CHANG,BUSH,WASHINGTON,964,REPUBLICAN,REP
GP 2004,19TH REPUBLICAN ALTERNATE DELEGATE,4,8083,"SHEOW H. ""SHOWAY""",CHANG,BUSH,BOND,735,REPUBLICAN,REP
GP 2004,19TH REPUBLICAN ALTERNATE DELEGATE,4,8083,"SHEOW H. ""SHOWAY""",CHANG,BUSH,CLINTON,1029,REPUBLICAN,REP
GP 2004,19TH REPUBLICAN ALTERNATE DELEGATE,4,8083,"SHEOW H. ""SHOWAY""",CHANG,BUSH,JASPER,474,REPUBLICAN,REP
GP 2004,19TH REPUBLICAN ALTERNATE DELEGATE,4,8083,"SHEOW H. ""SHOWAY""",CHANG,BUSH,GREENE,277,REPUBLICAN,REP
GP 2004,19TH REPUBLICAN ALTERNATE DELEGATE,4,8083,"SHEOW H. ""SHOWAY""",CHANG,BUSH,JOHNSON,1064,REPUBLICAN,REP
GP 2004,19TH REPUBLICAN ALTERNATE DELEGATE,4,8083,"SHEOW H. ""SHOWAY""",CHANG,BUSH,WILLIAMSON,146,REPUBLICAN,REP
GP 2004,19TH REPUBLICAN ALTERNATE DELEGATE,4,8083,"SHEOW H. ""SHOWAY""",CHANG,BUSH,HAMILTON,409,REPUBLICAN,REP
GP 2004,19TH REPUBLICAN ALTERNATE DELEGATE,4,8083,"SHEOW H. ""SHOWAY""",CHANG,BUSH,SHELBY,893,REPUBLICAN,REP
GP 2004,19TH REPUBLICAN ALTERNATE DELEGATE,4,8083,"SHEOW H. ""SHOWAY""",CHANG,BUSH,EDWARDS,651,REPUBLICAN,REP
GP 2004,19TH REPUBLICAN ALTERNATE DELEGATE,4,8083,"SHEOW H. ""SHOWAY""",CHANG,BUSH,WHITE,513,REPUBLICAN,REP
GP 2004,19TH REPUBLICAN ALTERNATE DELEGATE,4,8083,"SHEOW H. ""SHOWAY""",CHANG,BUSH,FAYETTE,1229,REPUBLICAN,REP
GP 2004,19TH REPUBLICAN ALTERNATE DELEGATE,4,8083,"SHEOW H. ""SHOWAY""",CHANG,BUSH,MARION,1299,REPUBLICAN,REP
GP 2004,19TH REPUBLICAN ALTERNATE DELEGATE,4,8083,"SHEOW H. ""SHOWAY""",CHANG,BUSH,SALINE,1051,REPUBLICAN,REP
GP 2004,19TH REPUBLICAN ALTERNATE DELEGATE,4,8083,"SHEOW H. ""SHOWAY""",CHANG,BUSH,MASSAC,905,REPUBLICAN,REP
GP 2004,19TH REPUBLICAN ALTERNATE DELEGATE,4,8083,"SHEOW H. ""SHOWAY""",CHANG,BUSH,GALLATIN,114,REPUBLICAN,REP
GP 2004,19TH REPUBLICAN ALTERNATE DELEGATE,4,8083,"SHEOW H. ""SHOWAY""",CHANG,BUSH,MONTGOMERY,694,REPUBLICAN,REP
GP 2004,19TH REPUBLICAN ALTERNATE DELEGATE,4,8083,"SHEOW H. ""SHOWAY""",CHANG,BUSH,JEFFERSON,1024,REPUBLICAN,REP
GP 2004,19TH REPUBLICAN ALTERNATE DELEGATE,4,8083,"SHEOW H. ""SHOWAY""",CHANG,BUSH,WABASH,155,REPUBLICAN,REP
GP 2004,19TH REPUBLICAN ALTERNATE DELEGATE,4,8083,"SHEOW H. ""SHOWAY""",CHANG,BUSH,MADISON,3753,REPUBLICAN,REP
GP 2004,19TH REPUBLICAN ALTERNATE DELEGATE,4,8083,"SHEOW H. ""SHOWAY""",CHANG,BUSH,SANGAMON,3959,REPUBLICAN,REP
GP 2004,19TH REPUBLICAN ALTERNATE DELEGATE,4,8083,"SHEOW H. ""SHOWAY""",CHANG,BUSH,EFFINGHAM,1801,REPUBLICAN,REP
GP 2004,19TH REPUBLICAN ALTERNATE DELEGATE,4,8083,"SHEOW H. ""SHOWAY""",CHANG,BUSH,POPE,438,REPUBLICAN,REP
GP 2004,19TH REPUBLICAN ALTERNATE DELEGATE,4,8083,"SHEOW H. ""SHOWAY""",CHANG,BUSH,WAYNE,1287,REPUBLICAN,REP
GP 2004,19TH REPUBLICAN ALTERNATE DELEGATE,4,8083,"SHEOW H. ""SHOWAY""",CHANG,BUSH,CHRISTIAN,1058,REPUBLICAN,REP
GP 2004,19TH REPUBLICAN ALTERNATE DELEGATE,4,8083,"SHEOW H. ""SHOWAY""",CHANG,BUSH,LAWRENCE,301,REPUBLICAN,REP
GP 2004,19TH REPUBLICAN ALTERNATE DELEGATE,4,8084,LANE,HARVEY,BUSH,CLAY,840,REPUBLICAN,REP
GP 2004,19TH REPUBLICAN ALTERNATE DELEGATE,4,8084,LANE,HARVEY,BUSH,HARDIN,377,REPUBLICAN,REP
GP 2004,19TH REPUBLICAN ALTERNATE DELEGATE,4,8084,LANE,HARVEY,BUSH,JERSEY,636,REPUBLICAN,REP
GP 2004,19TH REPUBLICAN ALTERNATE DELEGATE,4,8084,LANE,HARVEY,BUSH,RICHLAND,1223,REPUBLICAN,REP
GP 2004,19TH REPUBLICAN ALTERNATE DELEGATE,4,8084,LANE,HARVEY,BUSH,WASHINGTON,982,REPUBLICAN,REP
GP 2004,19TH REPUBLICAN ALTERNATE DELEGATE,4,8084,LANE,HARVEY,BUSH,BOND,732,REPUBLICAN,REP
GP 2004,19TH REPUBLICAN ALTERNATE DELEGATE,4,8084,LANE,HARVEY,BUSH,CLINTON,1040,REPUBLICAN,REP
GP 2004,19TH REPUBLICAN ALTERNATE DELEGATE,4,8084,LANE,HARVEY,BUSH,JASPER,489,REPUBLICAN,REP
GP 2004,19TH REPUBLICAN ALTERNATE DELEGATE,4,8084,LANE,HARVEY,BUSH,GREENE,288,REPUBLICAN,REP
GP 2004,19TH REPUBLICAN ALTERNATE DELEGATE,4,8084,LANE,HARVEY,BUSH,JOHNSON,1091,REPUBLICAN,REP
GP 2004,19TH REPUBLICAN ALTERNATE DELEGATE,4,8084,LANE,HARVEY,BUSH,WILLIAMSON,146,REPUBLICAN,REP
GP 2004,19TH REPUBLICAN ALTERNATE DELEGATE,4,8084,LANE,HARVEY,BUSH,HAMILTON,447,REPUBLICAN,REP
GP 2004,19TH REPUBLICAN ALTERNATE DELEGATE,4,8084,LANE,HARVEY,BUSH,SHELBY,915,REPUBLICAN,REP
GP 2004,19TH REPUBLICAN ALTERNATE DELEGATE,4,8084,LANE,HARVEY,BUSH,EDWARDS,710,REPUBLICAN,REP
GP 2004,19TH REPUBLICAN ALTERNATE DELEGATE,4,8084,LANE,HARVEY,BUSH,WHITE,562,REPUBLICAN,REP
GP 2004,19TH REPUBLICAN ALTERNATE DELEGATE,4,8084,LANE,HARVEY,BUSH,FAYETTE,1243,REPUBLICAN,REP
GP 2004,19TH REPUBLICAN ALTERNATE DELEGATE,4,8084,LANE,HARVEY,BUSH,MARION,1331,REPUBLICAN,REP
GP 2004,19TH REPUBLICAN ALTERNATE DELEGATE,4,8084,LANE,HARVEY,BUSH,SALINE,1058,REPUBLICAN,REP
GP 2004,19TH REPUBLICAN ALTERNATE DELEGATE,4,8084,LANE,HARVEY,BUSH,MASSAC,942,REPUBLICAN,REP
GP 2004,19TH REPUBLICAN ALTERNATE DELEGATE,4,8084,LANE,HARVEY,BUSH,GALLATIN,120,REPUBLICAN,REP
GP 2004,19TH REPUBLICAN ALTERNATE DELEGATE,4,8084,LANE,HARVEY,BUSH,MONTGOMERY,697,REPUBLICAN,REP
GP 2004,19TH REPUBLICAN ALTERNATE DELEGATE,4,8084,LANE,HARVEY,BUSH,JEFFERSON,1097,REPUBLICAN,REP
GP 2004,19TH REPUBLICAN ALTERNATE DELEGATE,4,8084,LANE,HARVEY,BUSH,WABASH,159,REPUBLICAN,REP
GP 2004,19TH REPUBLICAN ALTERNATE DELEGATE,4,8084,LANE,HARVEY,BUSH,MADISON,3845,REPUBLICAN,REP
GP 2004,19TH REPUBLICAN ALTERNATE DELEGATE,4,8084,LANE,HARVEY,BUSH,SANGAMON,4034,REPUBLICAN,REP
GP 2004,19TH REPUBLICAN ALTERNATE DELEGATE,4,8084,LANE,HARVEY,BUSH,EFFINGHAM,1888,REPUBLICAN,REP
GP 2004,19TH REPUBLICAN ALTERNATE DELEGATE,4,8084,LANE,HARVEY,BUSH,POPE,447,REPUBLICAN,REP
GP 2004,19TH REPUBLICAN ALTERNATE DELEGATE,4,8084,LANE,HARVEY,BUSH,WAYNE,1449,REPUBLICAN,REP
GP 2004,19TH REPUBLICAN ALTERNATE DELEGATE,4,8084,LANE,HARVEY,BUSH,CHRISTIAN,1068,REPUBLICAN,REP
GP 2004,19TH REPUBLICAN ALTERNATE DELEGATE,4,8084,LANE,HARVEY,BUSH,LAWRENCE,320,REPUBLICAN,REP
GP 2004,19TH REPUBLICAN ALTERNATE DELEGATE,4,8085,RODNEY L.,DAVIS,BUSH,CLAY,830,REPUBLICAN,REP
GP 2004,19TH REPUBLICAN ALTERNATE DELEGATE,4,8085,RODNEY L.,DAVIS,BUSH,HARDIN,394,REPUBLICAN,REP
GP 2004,19TH REPUBLICAN ALTERNATE DELEGATE,4,8085,RODNEY L.,DAVIS,BUSH,JERSEY,655,REPUBLICAN,REP
GP 2004,19TH REPUBLICAN ALTERNATE DELEGATE,4,8085,RODNEY L.,DAVIS,BUSH,RICHLAND,1229,REPUBLICAN,REP
GP 2004,19TH REPUBLICAN ALTERNATE DELEGATE,4,8085,RODNEY L.,DAVIS,BUSH,WASHINGTON,984,REPUBLICAN,REP
GP 2004,19TH REPUBLICAN ALTERNATE DELEGATE,4,8085,RODNEY L.,DAVIS,BUSH,BOND,761,REPUBLICAN,REP
GP 2004,19TH REPUBLICAN ALTERNATE DELEGATE,4,8085,RODNEY L.,DAVIS,BUSH,CLINTON,1065,REPUBLICAN,REP
GP 2004,19TH REPUBLICAN ALTERNATE DELEGATE,4,8085,RODNEY L.,DAVIS,BUSH,JASPER,494,REPUBLICAN,REP
GP 2004,19TH REPUBLICAN ALTERNATE DELEGATE,4,8085,RODNEY L.,DAVIS,BUSH,GREENE,287,REPUBLICAN,REP
GP 2004,19TH REPUBLICAN ALTERNATE DELEGATE,4,8085,RODNEY L.,DAVIS,BUSH,JOHNSON,1136,REPUBLICAN,REP
GP 2004,19TH REPUBLICAN ALTERNATE DELEGATE,4,8085,RODNEY L.,DAVIS,BUSH,WILLIAMSON,149,REPUBLICAN,REP
GP 2004,19TH REPUBLICAN ALTERNATE DELEGATE,4,8085,RODNEY L.,DAVIS,BUSH,HAMILTON,455,REPUBLICAN,REP
GP 2004,19TH REPUBLICAN ALTERNATE DELEGATE,4,8085,RODNEY L.,DAVIS,BUSH,SHELBY,932,REPUBLICAN,REP
GP 2004,19TH REPUBLICAN ALTERNATE DELEGATE,4,8085,RODNEY L.,DAVIS,BUSH,EDWARDS,677,REPUBLICAN,REP
GP 2004,19TH REPUBLICAN ALTERNATE DELEGATE,4,8085,RODNEY L.,DAVIS,BUSH,WHITE,544,REPUBLICAN,REP
GP 2004,19TH REPUBLICAN ALTERNATE DELEGATE,4,8085,RODNEY L.,DAVIS,BUSH,FAYETTE,1271,REPUBLICAN,REP
GP 2004,19TH REPUBLICAN ALTERNATE DELEGATE,4,8085,RODNEY L.,DAVIS,BUSH,MARION,1327,REPUBLICAN,REP
GP 2004,19TH REPUBLICAN ALTERNATE DELEGATE,4,8085,RODNEY L.,DAVIS,BUSH,SALINE,1102,REPUBLICAN,REP
GP 2004,19TH REPUBLICAN ALTERNATE DELEGATE,4,8085,RODNEY L.,DAVIS,BUSH,MASSAC,1006,REPUBLICAN,REP
GP 2004,19TH REPUBLICAN ALTERNATE DELEGATE,4,8085,RODNEY L.,DAVIS,BUSH,GALLATIN,116,REPUBLICAN,REP
GP 2004,19TH REPUBLICAN ALTERNATE DELEGATE,4,8085,RODNEY L.,DAVIS,BUSH,MONTGOMERY,750,REPUBLICAN,REP
GP 2004,19TH REPUBLICAN ALTERNATE DELEGATE,4,8085,RODNEY L.,DAVIS,BUSH,JEFFERSON,1090,REPUBLICAN,REP
GP 2004,19TH REPUBLICAN ALTERNATE DELEGATE,4,8085,RODNEY L.,DAVIS,BUSH,WABASH,153,REPUBLICAN,REP
GP 2004,19TH REPUBLICAN ALTERNATE DELEGATE,4,8085,RODNEY L.,DAVIS,BUSH,MADISON,3928,REPUBLICAN,REP
GP 2004,19TH REPUBLICAN ALTERNATE DELEGATE,4,8085,RODNEY L.,DAVIS,BUSH,SANGAMON,4160,REPUBLICAN,REP
GP 2004,19TH REPUBLICAN ALTERNATE DELEGATE,4,8085,RODNEY L.,DAVIS,BUSH,EFFINGHAM,1906,REPUBLICAN,REP
GP 2004,19TH REPUBLICAN ALTERNATE DELEGATE,4,8085,RODNEY L.,DAVIS,BUSH,POPE,466,REPUBLICAN,REP
GP 2004,19TH REPUBLICAN ALTERNATE DELEGATE,4,8085,RODNEY L.,DAVIS,BUSH,WAYNE,1326,REPUBLICAN,REP
GP 2004,19TH REPUBLICAN ALTERNATE DELEGATE,4,8085,RODNEY L.,DAVIS,BUSH,CHRISTIAN,1220,REPUBLICAN,REP
GP 2004,19TH REPUBLICAN ALTERNATE DELEGATE,4,8085,RODNEY L.,DAVIS,BUSH,LAWRENCE,324,REPUBLICAN,REP
GP 2004,13TH DEMOCRATIC DELEGATE,4,8086,RICHARD,KLAU,DEAN,WILL,728,DEMOCRATIC,DEM
GP 2004,13TH DEMOCRATIC DELEGATE,4,8086,RICHARD,KLAU,DEAN,COOK,644,DEMOCRATIC,DEM
GP 2004,13TH DEMOCRATIC DELEGATE,4,8086,RICHARD,KLAU,DEAN,DuPAGE,1482,DEMOCRATIC,DEM
GP 2004,13TH DEMOCRATIC DELEGATE,4,8087,"KATHRYN ""TINKER"" K.",HARVEY,DEAN,WILL,1003,DEMOCRATIC,DEM
GP 2004,13TH DEMOCRATIC DELEGATE,4,8087,"KATHRYN ""TINKER"" K.",HARVEY,DEAN,COOK,758,DEMOCRATIC,DEM
GP 2004,13TH DEMOCRATIC DELEGATE,4,8087,"KATHRYN ""TINKER"" K.",HARVEY,DEAN,DuPAGE,2456,DEMOCRATIC,DEM
GP 2004,13TH DEMOCRATIC DELEGATE,4,8088,RAYMOND L.,HARRIS,DEAN,WILL,902,DEMOCRATIC,DEM
GP 2004,13TH DEMOCRATIC DELEGATE,4,8088,RAYMOND L.,HARRIS,DEAN,COOK,628,DEMOCRATIC,DEM
GP 2004,13TH DEMOCRATIC DELEGATE,4,8088,RAYMOND L.,HARRIS,DEAN,DuPAGE,1704,DEMOCRATIC,DEM
GP 2004,13TH DEMOCRATIC DELEGATE,4,8089,BETH ANN,MAY,DEAN,WILL,1312,DEMOCRATIC,DEM
GP 2004,13TH DEMOCRATIC DELEGATE,4,8089,BETH ANN,MAY,DEAN,COOK,749,DEMOCRATIC,DEM
GP 2004,13TH DEMOCRATIC DELEGATE,4,8089,BETH ANN,MAY,DEAN,DuPAGE,2056,DEMOCRATIC,DEM
GP 2004,19TH DEMOCRATIC DELEGATE,5,8090,HAROLD DEAN,BYERS,DEAN,CLAY,295,DEMOCRATIC,DEM
GP 2004,19TH DEMOCRATIC DELEGATE,5,8090,HAROLD DEAN,BYERS,DEAN,HARDIN,106,DEMOCRATIC,DEM
GP 2004,19TH DEMOCRATIC DELEGATE,5,8090,HAROLD DEAN,BYERS,DEAN,JERSEY,249,DEMOCRATIC,DEM
GP 2004,19TH DEMOCRATIC DELEGATE,5,8090,HAROLD DEAN,BYERS,DEAN,RICHLAND,217,DEMOCRATIC,DEM
GP 2004,19TH DEMOCRATIC DELEGATE,5,8090,HAROLD DEAN,BYERS,DEAN,WASHINGTON,106,DEMOCRATIC,DEM
GP 2004,19TH DEMOCRATIC DELEGATE,5,8090,HAROLD DEAN,BYERS,DEAN,BOND,182,DEMOCRATIC,DEM
GP 2004,19TH DEMOCRATIC DELEGATE,5,8090,HAROLD DEAN,BYERS,DEAN,CLINTON,128,DEMOCRATIC,DEM
GP 2004,19TH DEMOCRATIC DELEGATE,5,8090,HAROLD DEAN,BYERS,DEAN,JASPER,109,DEMOCRATIC,DEM
GP 2004,19TH DEMOCRATIC DELEGATE,5,8090,HAROLD DEAN,BYERS,DEAN,GREENE,173,DEMOCRATIC,DEM
GP 2004,19TH DEMOCRATIC DELEGATE,5,8090,HAROLD DEAN,BYERS,DEAN,JOHNSON,113,DEMOCRATIC,DEM
GP 2004,19TH DEMOCRATIC DELEGATE,5,8090,HAROLD DEAN,BYERS,DEAN,WILLIAMSON,37,DEMOCRATIC,DEM
GP 2004,19TH DEMOCRATIC DELEGATE,5,8090,HAROLD DEAN,BYERS,DEAN,HAMILTON,180,DEMOCRATIC,DEM
GP 2004,19TH DEMOCRATIC DELEGATE,5,8090,HAROLD DEAN,BYERS,DEAN,SHELBY,284,DEMOCRATIC,DEM
GP 2004,19TH DEMOCRATIC DELEGATE,5,8090,HAROLD DEAN,BYERS,DEAN,EDWARDS,18,DEMOCRATIC,DEM
GP 2004,19TH DEMOCRATIC DELEGATE,5,8090,HAROLD DEAN,BYERS,DEAN,WHITE,122,DEMOCRATIC,DEM
GP 2004,19TH DEMOCRATIC DELEGATE,5,8090,HAROLD DEAN,BYERS,DEAN,FAYETTE,207,DEMOCRATIC,DEM
GP 2004,19TH DEMOCRATIC DELEGATE,5,8090,HAROLD DEAN,BYERS,DEAN,MARION,421,DEMOCRATIC,DEM
GP 2004,19TH DEMOCRATIC DELEGATE,5,8090,HAROLD DEAN,BYERS,DEAN,SALINE,625,DEMOCRATIC,DEM
GP 2004,19TH DEMOCRATIC DELEGATE,5,8090,HAROLD DEAN,BYERS,DEAN,MASSAC,82,DEMOCRATIC,DEM
GP 2004,19TH DEMOCRATIC DELEGATE,5,8090,HAROLD DEAN,BYERS,DEAN,GALLATIN,347,DEMOCRATIC,DEM
GP 2004,19TH DEMOCRATIC DELEGATE,5,8090,HAROLD DEAN,BYERS,DEAN,MONTGOMERY,289,DEMOCRATIC,DEM
GP 2004,19TH DEMOCRATIC DELEGATE,5,8090,HAROLD DEAN,BYERS,DEAN,JEFFERSON,214,DEMOCRATIC,DEM
GP 2004,19TH DEMOCRATIC DELEGATE,5,8090,HAROLD DEAN,BYERS,DEAN,WABASH,32,DEMOCRATIC,DEM
GP 2004,19TH DEMOCRATIC DELEGATE,5,8090,HAROLD DEAN,BYERS,DEAN,MADISON,1431,DEMOCRATIC,DEM
GP 2004,19TH DEMOCRATIC DELEGATE,5,8090,HAROLD DEAN,BYERS,DEAN,SANGAMON,822,DEMOCRATIC,DEM
GP 2004,19TH DEMOCRATIC DELEGATE,5,8090,HAROLD DEAN,BYERS,DEAN,EFFINGHAM,823,DEMOCRATIC,DEM
GP 2004,19TH DEMOCRATIC DELEGATE,5,8090,HAROLD DEAN,BYERS,DEAN,POPE,54,DEMOCRATIC,DEM
GP 2004,19TH DEMOCRATIC DELEGATE,5,8090,HAROLD DEAN,BYERS,DEAN,WAYNE,124,DEMOCRATIC,DEM
GP 2004,19TH DEMOCRATIC DELEGATE,5,8090,HAROLD DEAN,BYERS,DEAN,CHRISTIAN,698,DEMOCRATIC,DEM
GP 2004,19TH DEMOCRATIC DELEGATE,5,8090,HAROLD DEAN,BYERS,DEAN,LAWRENCE,35,DEMOCRATIC,DEM
GP 2004,19TH DEMOCRATIC DELEGATE,5,8091,JEANNINE,RICHARDS,DEAN,CLAY,201,DEMOCRATIC,DEM
GP 2004,19TH DEMOCRATIC DELEGATE,5,8091,JEANNINE,RICHARDS,DEAN,HARDIN,89,DEMOCRATIC,DEM
GP 2004,19TH DEMOCRATIC DELEGATE,5,8091,JEANNINE,RICHARDS,DEAN,JERSEY,225,DEMOCRATIC,DEM
GP 2004,19TH DEMOCRATIC DELEGATE,5,8091,JEANNINE,RICHARDS,DEAN,RICHLAND,169,DEMOCRATIC,DEM
GP 2004,19TH DEMOCRATIC DELEGATE,5,8091,JEANNINE,RICHARDS,DEAN,WASHINGTON,91,DEMOCRATIC,DEM
GP 2004,19TH DEMOCRATIC DELEGATE,5,8091,JEANNINE,RICHARDS,DEAN,BOND,119,DEMOCRATIC,DEM
GP 2004,19TH DEMOCRATIC DELEGATE,5,8091,JEANNINE,RICHARDS,DEAN,CLINTON,66,DEMOCRATIC,DEM
GP 2004,19TH DEMOCRATIC DELEGATE,5,8091,JEANNINE,RICHARDS,DEAN,JASPER,74,DEMOCRATIC,DEM
GP 2004,19TH DEMOCRATIC DELEGATE,5,8091,JEANNINE,RICHARDS,DEAN,GREENE,150,DEMOCRATIC,DEM
GP 2004,19TH DEMOCRATIC DELEGATE,5,8091,JEANNINE,RICHARDS,DEAN,JOHNSON,82,DEMOCRATIC,DEM
GP 2004,19TH DEMOCRATIC DELEGATE,5,8091,JEANNINE,RICHARDS,DEAN,WILLIAMSON,33,DEMOCRATIC,DEM
GP 2004,19TH DEMOCRATIC DELEGATE,5,8091,JEANNINE,RICHARDS,DEAN,HAMILTON,166,DEMOCRATIC,DEM
GP 2004,19TH DEMOCRATIC DELEGATE,5,8091,JEANNINE,RICHARDS,DEAN,SHELBY,204,DEMOCRATIC,DEM
GP 2004,19TH DEMOCRATIC DELEGATE,5,8091,JEANNINE,RICHARDS,DEAN,EDWARDS,24,DEMOCRATIC,DEM
GP 2004,19TH DEMOCRATIC DELEGATE,5,8091,JEANNINE,RICHARDS,DEAN,WHITE,88,DEMOCRATIC,DEM
GP 2004,19TH DEMOCRATIC DELEGATE,5,8091,JEANNINE,RICHARDS,DEAN,FAYETTE,166,DEMOCRATIC,DEM
GP 2004,19TH DEMOCRATIC DELEGATE,5,8091,JEANNINE,RICHARDS,DEAN,MARION,410,DEMOCRATIC,DEM
GP 2004,19TH DEMOCRATIC DELEGATE,5,8091,JEANNINE,RICHARDS,DEAN,SALINE,549,DEMOCRATIC,DEM
GP 2004,19TH DEMOCRATIC DELEGATE,5,8091,JEANNINE,RICHARDS,DEAN,MASSAC,74,DEMOCRATIC,DEM
GP 2004,19TH DEMOCRATIC DELEGATE,5,8091,JEANNINE,RICHARDS,DEAN,GALLATIN,303,DEMOCRATIC,DEM
GP 2004,19TH DEMOCRATIC DELEGATE,5,8091,JEANNINE,RICHARDS,DEAN,MONTGOMERY,225,DEMOCRATIC,DEM
GP 2004,19TH DEMOCRATIC DELEGATE,5,8091,JEANNINE,RICHARDS,DEAN,JEFFERSON,191,DEMOCRATIC,DEM
GP 2004,19TH DEMOCRATIC DELEGATE,5,8091,JEANNINE,RICHARDS,DEAN,WABASH,27,DEMOCRATIC,DEM
GP 2004,19TH DEMOCRATIC DELEGATE,5,8091,JEANNINE,RICHARDS,DEAN,MADISON,890,DEMOCRATIC,DEM
GP 2004,19TH DEMOCRATIC DELEGATE,5,8091,JEANNINE,RICHARDS,DEAN,SANGAMON,797,DEMOCRATIC,DEM
GP 2004,19TH DEMOCRATIC DELEGATE,5,8091,JEANNINE,RICHARDS,DEAN,EFFINGHAM,698,DEMOCRATIC,DEM
GP 2004,19TH DEMOCRATIC DELEGATE,5,8091,JEANNINE,RICHARDS,DEAN,POPE,43,DEMOCRATIC,DEM
GP 2004,19TH DEMOCRATIC DELEGATE,5,8091,JEANNINE,RICHARDS,DEAN,WAYNE,86,DEMOCRATIC,DEM
GP 2004,19TH DEMOCRATIC DELEGATE,5,8091,JEANNINE,RICHARDS,DEAN,CHRISTIAN,632,DEMOCRATIC,DEM
GP 2004,19TH DEMOCRATIC DELEGATE,5,8091,JEANNINE,RICHARDS,DEAN,LAWRENCE,35,DEMOCRATIC,DEM
GP 2004,19TH DEMOCRATIC DELEGATE,5,8092,LARRY A.,DOUGLAS,DEAN,CLAY,178,DEMOCRATIC,DEM
GP 2004,19TH DEMOCRATIC DELEGATE,5,8092,LARRY A.,DOUGLAS,DEAN,HARDIN,98,DEMOCRATIC,DEM
GP 2004,19TH DEMOCRATIC DELEGATE,5,8092,LARRY A.,DOUGLAS,DEAN,JERSEY,202,DEMOCRATIC,DEM
GP 2004,19TH DEMOCRATIC DELEGATE,5,8092,LARRY A.,DOUGLAS,DEAN,RICHLAND,171,DEMOCRATIC,DEM
GP 2004,19TH DEMOCRATIC DELEGATE,5,8092,LARRY A.,DOUGLAS,DEAN,WASHINGTON,94,DEMOCRATIC,DEM
GP 2004,19TH DEMOCRATIC DELEGATE,5,8092,LARRY A.,DOUGLAS,DEAN,BOND,110,DEMOCRATIC,DEM
GP 2004,19TH DEMOCRATIC DELEGATE,5,8092,LARRY A.,DOUGLAS,DEAN,CLINTON,62,DEMOCRATIC,DEM
GP 2004,19TH DEMOCRATIC DELEGATE,5,8092,LARRY A.,DOUGLAS,DEAN,JASPER,84,DEMOCRATIC,DEM
GP 2004,19TH DEMOCRATIC DELEGATE,5,8092,LARRY A.,DOUGLAS,DEAN,GREENE,139,DEMOCRATIC,DEM
GP 2004,19TH DEMOCRATIC DELEGATE,5,8092,LARRY A.,DOUGLAS,DEAN,JOHNSON,130,DEMOCRATIC,DEM
GP 2004,19TH DEMOCRATIC DELEGATE,5,8092,LARRY A.,DOUGLAS,DEAN,WILLIAMSON,34,DEMOCRATIC,DEM
GP 2004,19TH DEMOCRATIC DELEGATE,5,8092,LARRY A.,DOUGLAS,DEAN,HAMILTON,223,DEMOCRATIC,DEM
GP 2004,19TH DEMOCRATIC DELEGATE,5,8092,LARRY A.,DOUGLAS,DEAN,SHELBY,181,DEMOCRATIC,DEM
GP 2004,19TH DEMOCRATIC DELEGATE,5,8092,LARRY A.,DOUGLAS,DEAN,EDWARDS,20,DEMOCRATIC,DEM
GP 2004,19TH DEMOCRATIC DELEGATE,5,8092,LARRY A.,DOUGLAS,DEAN,WHITE,79,DEMOCRATIC,DEM
GP 2004,19TH DEMOCRATIC DELEGATE,5,8092,LARRY A.,DOUGLAS,DEAN,FAYETTE,143,DEMOCRATIC,DEM
GP 2004,19TH DEMOCRATIC DELEGATE,5,8092,LARRY A.,DOUGLAS,DEAN,MARION,245,DEMOCRATIC,DEM
GP 2004,19TH DEMOCRATIC DELEGATE,5,8092,LARRY A.,DOUGLAS,DEAN,SALINE,574,DEMOCRATIC,DEM
GP 2004,19TH DEMOCRATIC DELEGATE,5,8092,LARRY A.,DOUGLAS,DEAN,MASSAC,316,DEMOCRATIC,DEM
GP 2004,19TH DEMOCRATIC DELEGATE,5,8092,LARRY A.,DOUGLAS,DEAN,GALLATIN,309,DEMOCRATIC,DEM
GP 2004,19TH DEMOCRATIC DELEGATE,5,8092,LARRY A.,DOUGLAS,DEAN,MONTGOMERY,238,DEMOCRATIC,DEM
GP 2004,19TH DEMOCRATIC DELEGATE,5,8092,LARRY A.,DOUGLAS,DEAN,JEFFERSON,174,DEMOCRATIC,DEM
GP 2004,19TH DEMOCRATIC DELEGATE,5,8092,LARRY A.,DOUGLAS,DEAN,WABASH,29,DEMOCRATIC,DEM
GP 2004,19TH DEMOCRATIC DELEGATE,5,8092,LARRY A.,DOUGLAS,DEAN,MADISON,587,DEMOCRATIC,DEM
GP 2004,19TH DEMOCRATIC DELEGATE,5,8092,LARRY A.,DOUGLAS,DEAN,SANGAMON,645,DEMOCRATIC,DEM
GP 2004,19TH DEMOCRATIC DELEGATE,5,8092,LARRY A.,DOUGLAS,DEAN,EFFINGHAM,653,DEMOCRATIC,DEM
GP 2004,19TH DEMOCRATIC DELEGATE,5,8092,LARRY A.,DOUGLAS,DEAN,POPE,55,DEMOCRATIC,DEM
GP 2004,19TH DEMOCRATIC DELEGATE,5,8092,LARRY A.,DOUGLAS,DEAN,WAYNE,79,DEMOCRATIC,DEM
GP 2004,19TH DEMOCRATIC DELEGATE,5,8092,LARRY A.,DOUGLAS,DEAN,CHRISTIAN,541,DEMOCRATIC,DEM
GP 2004,19TH DEMOCRATIC DELEGATE,5,8092,LARRY A.,DOUGLAS,DEAN,LAWRENCE,31,DEMOCRATIC,DEM
GP 2004,19TH DEMOCRATIC DELEGATE,5,8093,DOROTHY L.,SMITH,DEAN,CLAY,214,DEMOCRATIC,DEM
GP 2004,19TH DEMOCRATIC DELEGATE,5,8093,DOROTHY L.,SMITH,DEAN,HARDIN,86,DEMOCRATIC,DEM
GP 2004,19TH DEMOCRATIC DELEGATE,5,8093,DOROTHY L.,SMITH,DEAN,JERSEY,197,DEMOCRATIC,DEM
GP 2004,19TH DEMOCRATIC DELEGATE,5,8093,DOROTHY L.,SMITH,DEAN,RICHLAND,177,DEMOCRATIC,DEM
GP 2004,19TH DEMOCRATIC DELEGATE,5,8093,DOROTHY L.,SMITH,DEAN,WASHINGTON,85,DEMOCRATIC,DEM
GP 2004,19TH DEMOCRATIC DELEGATE,5,8093,DOROTHY L.,SMITH,DEAN,BOND,111,DEMOCRATIC,DEM
GP 2004,19TH DEMOCRATIC DELEGATE,5,8093,DOROTHY L.,SMITH,DEAN,CLINTON,56,DEMOCRATIC,DEM
GP 2004,19TH DEMOCRATIC DELEGATE,5,8093,DOROTHY L.,SMITH,DEAN,JASPER,61,DEMOCRATIC,DEM
GP 2004,19TH DEMOCRATIC DELEGATE,5,8093,DOROTHY L.,SMITH,DEAN,GREENE,133,DEMOCRATIC,DEM
GP 2004,19TH DEMOCRATIC DELEGATE,5,8093,DOROTHY L.,SMITH,DEAN,JOHNSON,82,DEMOCRATIC,DEM
GP 2004,19TH DEMOCRATIC DELEGATE,5,8093,DOROTHY L.,SMITH,DEAN,WILLIAMSON,38,DEMOCRATIC,DEM
GP 2004,19TH DEMOCRATIC DELEGATE,5,8093,DOROTHY L.,SMITH,DEAN,HAMILTON,241,DEMOCRATIC,DEM
GP 2004,19TH DEMOCRATIC DELEGATE,5,8093,DOROTHY L.,SMITH,DEAN,SHELBY,193,DEMOCRATIC,DEM
GP 2004,19TH DEMOCRATIC DELEGATE,5,8093,DOROTHY L.,SMITH,DEAN,EDWARDS,24,DEMOCRATIC,DEM
GP 2004,19TH DEMOCRATIC DELEGATE,5,8093,DOROTHY L.,SMITH,DEAN,WHITE,110,DEMOCRATIC,DEM
GP 2004,19TH DEMOCRATIC DELEGATE,5,8093,DOROTHY L.,SMITH,DEAN,FAYETTE,151,DEMOCRATIC,DEM
GP 2004,19TH DEMOCRATIC DELEGATE,5,8093,DOROTHY L.,SMITH,DEAN,MARION,267,DEMOCRATIC,DEM
GP 2004,19TH DEMOCRATIC DELEGATE,5,8093,DOROTHY L.,SMITH,DEAN,SALINE,560,DEMOCRATIC,DEM
GP 2004,19TH DEMOCRATIC DELEGATE,5,8093,DOROTHY L.,SMITH,DEAN,MASSAC,74,DEMOCRATIC,DEM
GP 2004,19TH DEMOCRATIC DELEGATE,5,8093,DOROTHY L.,SMITH,DEAN,GALLATIN,310,DEMOCRATIC,DEM
GP 2004,19TH DEMOCRATIC DELEGATE,5,8093,DOROTHY L.,SMITH,DEAN,MONTGOMERY,221,DEMOCRATIC,DEM
GP 2004,19TH DEMOCRATIC DELEGATE,5,8093,DOROTHY L.,SMITH,DEAN,JEFFERSON,187,DEMOCRATIC,DEM
GP 2004,19TH DEMOCRATIC DELEGATE,5,8093,DOROTHY L.,SMITH,DEAN,WABASH,28,DEMOCRATIC,DEM
GP 2004,19TH DEMOCRATIC DELEGATE,5,8093,DOROTHY L.,SMITH,DEAN,MADISON,716,DEMOCRATIC,DEM
GP 2004,19TH DEMOCRATIC DELEGATE,5,8093,DOROTHY L.,SMITH,DEAN,SANGAMON,703,DEMOCRATIC,DEM
GP 2004,19TH DEMOCRATIC DELEGATE,5,8093,DOROTHY L.,SMITH,DEAN,EFFINGHAM,626,DEMOCRATIC,DEM
GP 2004,19TH DEMOCRATIC DELEGATE,5,8093,DOROTHY L.,SMITH,DEAN,POPE,45,DEMOCRATIC,DEM
GP 2004,19TH DEMOCRATIC DELEGATE,5,8093,DOROTHY L.,SMITH,DEAN,WAYNE,94,DEMOCRATIC,DEM
GP 2004,19TH DEMOCRATIC DELEGATE,5,8093,DOROTHY L.,SMITH,DEAN,CHRISTIAN,580,DEMOCRATIC,DEM
GP 2004,19TH DEMOCRATIC DELEGATE,5,8093,DOROTHY L.,SMITH,DEAN,LAWRENCE,35,DEMOCRATIC,DEM
GP 2004,19TH DEMOCRATIC DELEGATE,5,8094,MICHAEL,HOFFMANN,DEAN,CLAY,171,DEMOCRATIC,DEM
GP 2004,19TH DEMOCRATIC DELEGATE,5,8094,MICHAEL,HOFFMANN,DEAN,HARDIN,68,DEMOCRATIC,DEM
GP 2004,19TH DEMOCRATIC DELEGATE,5,8094,MICHAEL,HOFFMANN,DEAN,JERSEY,209,DEMOCRATIC,DEM
GP 2004,19TH DEMOCRATIC DELEGATE,5,8094,MICHAEL,HOFFMANN,DEAN,RICHLAND,153,DEMOCRATIC,DEM
GP 2004,19TH DEMOCRATIC DELEGATE,5,8094,MICHAEL,HOFFMANN,DEAN,WASHINGTON,110,DEMOCRATIC,DEM
GP 2004,19TH DEMOCRATIC DELEGATE,5,8094,MICHAEL,HOFFMANN,DEAN,BOND,117,DEMOCRATIC,DEM
GP 2004,19TH DEMOCRATIC DELEGATE,5,8094,MICHAEL,HOFFMANN,DEAN,CLINTON,97,DEMOCRATIC,DEM
GP 2004,19TH DEMOCRATIC DELEGATE,5,8094,MICHAEL,HOFFMANN,DEAN,JASPER,90,DEMOCRATIC,DEM
GP 2004,19TH DEMOCRATIC DELEGATE,5,8094,MICHAEL,HOFFMANN,DEAN,GREENE,141,DEMOCRATIC,DEM
GP 2004,19TH DEMOCRATIC DELEGATE,5,8094,MICHAEL,HOFFMANN,DEAN,JOHNSON,86,DEMOCRATIC,DEM
GP 2004,19TH DEMOCRATIC DELEGATE,5,8094,MICHAEL,HOFFMANN,DEAN,WILLIAMSON,30,DEMOCRATIC,DEM
GP 2004,19TH DEMOCRATIC DELEGATE,5,8094,MICHAEL,HOFFMANN,DEAN,HAMILTON,127,DEMOCRATIC,DEM
GP 2004,19TH DEMOCRATIC DELEGATE,5,8094,MICHAEL,HOFFMANN,DEAN,SHELBY,187,DEMOCRATIC,DEM
GP 2004,19TH DEMOCRATIC DELEGATE,5,8094,MICHAEL,HOFFMANN,DEAN,EDWARDS,16,DEMOCRATIC,DEM
GP 2004,19TH DEMOCRATIC DELEGATE,5,8094,MICHAEL,HOFFMANN,DEAN,WHITE,80,DEMOCRATIC,DEM
GP 2004,19TH DEMOCRATIC DELEGATE,5,8094,MICHAEL,HOFFMANN,DEAN,FAYETTE,161,DEMOCRATIC,DEM
GP 2004,19TH DEMOCRATIC DELEGATE,5,8094,MICHAEL,HOFFMANN,DEAN,MARION,257,DEMOCRATIC,DEM
GP 2004,19TH DEMOCRATIC DELEGATE,5,8094,MICHAEL,HOFFMANN,DEAN,SALINE,512,DEMOCRATIC,DEM
GP 2004,19TH DEMOCRATIC DELEGATE,5,8094,MICHAEL,HOFFMANN,DEAN,MASSAC,67,DEMOCRATIC,DEM
GP 2004,19TH DEMOCRATIC DELEGATE,5,8094,MICHAEL,HOFFMANN,DEAN,GALLATIN,273,DEMOCRATIC,DEM
GP 2004,19TH DEMOCRATIC DELEGATE,5,8094,MICHAEL,HOFFMANN,DEAN,MONTGOMERY,224,DEMOCRATIC,DEM
GP 2004,19TH DEMOCRATIC DELEGATE,5,8094,MICHAEL,HOFFMANN,DEAN,JEFFERSON,198,DEMOCRATIC,DEM
GP 2004,19TH DEMOCRATIC DELEGATE,5,8094,MICHAEL,HOFFMANN,DEAN,WABASH,28,DEMOCRATIC,DEM
GP 2004,19TH DEMOCRATIC DELEGATE,5,8094,MICHAEL,HOFFMANN,DEAN,MADISON,1118,DEMOCRATIC,DEM
GP 2004,19TH DEMOCRATIC DELEGATE,5,8094,MICHAEL,HOFFMANN,DEAN,SANGAMON,635,DEMOCRATIC,DEM
GP 2004,19TH DEMOCRATIC DELEGATE,5,8094,MICHAEL,HOFFMANN,DEAN,EFFINGHAM,608,DEMOCRATIC,DEM
GP 2004,19TH DEMOCRATIC DELEGATE,5,8094,MICHAEL,HOFFMANN,DEAN,POPE,35,DEMOCRATIC,DEM
GP 2004,19TH DEMOCRATIC DELEGATE,5,8094,MICHAEL,HOFFMANN,DEAN,WAYNE,80,DEMOCRATIC,DEM
GP 2004,19TH DEMOCRATIC DELEGATE,5,8094,MICHAEL,HOFFMANN,DEAN,CHRISTIAN,541,DEMOCRATIC,DEM
GP 2004,19TH DEMOCRATIC DELEGATE,5,8094,MICHAEL,HOFFMANN,DEAN,LAWRENCE,24,DEMOCRATIC,DEM
GP 2004,13TH REPUBLICAN DELEGATE,4,8095,JUDY,BIGGERT,BUSH,WILL,10762,REPUBLICAN,REP
GP 2004,13TH REPUBLICAN DELEGATE,4,8095,JUDY,BIGGERT,BUSH,COOK,5093,REPUBLICAN,REP
GP 2004,13TH REPUBLICAN DELEGATE,4,8095,JUDY,BIGGERT,BUSH,DuPAGE,29089,REPUBLICAN,REP
GP 2004,13TH REPUBLICAN DELEGATE,4,8096,BRENT,HASSERT,BUSH,WILL,10520,REPUBLICAN,REP
GP 2004,13TH REPUBLICAN DELEGATE,4,8096,BRENT,HASSERT,BUSH,COOK,4741,REPUBLICAN,REP
GP 2004,13TH REPUBLICAN DELEGATE,4,8096,BRENT,HASSERT,BUSH,DuPAGE,27311,REPUBLICAN,REP
GP 2004,13TH REPUBLICAN DELEGATE,4,8097,"JOHN E. ""JACK""",PARTELOW,BUSH,WILL,9518,REPUBLICAN,REP
GP 2004,13TH REPUBLICAN DELEGATE,4,8097,"JOHN E. ""JACK""",PARTELOW,BUSH,COOK,4616,REPUBLICAN,REP
GP 2004,13TH REPUBLICAN DELEGATE,4,8097,"JOHN E. ""JACK""",PARTELOW,BUSH,DuPAGE,26731,REPUBLICAN,REP
GP 2004,13TH REPUBLICAN DELEGATE,4,8098,"ROBERT J. ""BOB""",SCHILLERSTROM,BUSH,WILL,9502,REPUBLICAN,REP
GP 2004,13TH REPUBLICAN DELEGATE,4,8098,"ROBERT J. ""BOB""",SCHILLERSTROM,BUSH,COOK,4614,REPUBLICAN,REP
GP 2004,13TH REPUBLICAN DELEGATE,4,8098,"ROBERT J. ""BOB""",SCHILLERSTROM,BUSH,DuPAGE,27148,REPUBLICAN,REP
GP 2004,19TH DEMOCRATIC ALTERNATE DELEGATE,1,8099,"MARCINA ""MARCY"" M.",BECK,DEAN,CLAY,205,DEMOCRATIC,DEM
GP 2004,19TH DEMOCRATIC ALTERNATE DELEGATE,1,8099,"MARCINA ""MARCY"" M.",BECK,DEAN,HARDIN,48,DEMOCRATIC,DEM
GP 2004,19TH DEMOCRATIC ALTERNATE DELEGATE,1,8099,"MARCINA ""MARCY"" M.",BECK,DEAN,JERSEY,84,DEMOCRATIC,DEM
GP 2004,19TH DEMOCRATIC ALTERNATE DELEGATE,1,8099,"MARCINA ""MARCY"" M.",BECK,DEAN,RICHLAND,154,DEMOCRATIC,DEM
GP 2004,19TH DEMOCRATIC ALTERNATE DELEGATE,1,8099,"MARCINA ""MARCY"" M.",BECK,DEAN,WASHINGTON,98,DEMOCRATIC,DEM
GP 2004,19TH DEMOCRATIC ALTERNATE DELEGATE,1,8099,"MARCINA ""MARCY"" M.",BECK,DEAN,BOND,102,DEMOCRATIC,DEM
GP 2004,19TH DEMOCRATIC ALTERNATE DELEGATE,1,8099,"MARCINA ""MARCY"" M.",BECK,DEAN,CLINTON,73,DEMOCRATIC,DEM
GP 2004,19TH DEMOCRATIC ALTERNATE DELEGATE,1,8099,"MARCINA ""MARCY"" M.",BECK,DEAN,JASPER,59,DEMOCRATIC,DEM
GP 2004,19TH DEMOCRATIC ALTERNATE DELEGATE,1,8099,"MARCINA ""MARCY"" M.",BECK,DEAN,GREENE,105,DEMOCRATIC,DEM
GP 2004,19TH DEMOCRATIC ALTERNATE DELEGATE,1,8099,"MARCINA ""MARCY"" M.",BECK,DEAN,JOHNSON,82,DEMOCRATIC,DEM
GP 2004,19TH DEMOCRATIC ALTERNATE DELEGATE,1,8099,"MARCINA ""MARCY"" M.",BECK,DEAN,WILLIAMSON,23,DEMOCRATIC,DEM
GP 2004,19TH DEMOCRATIC ALTERNATE DELEGATE,1,8099,"MARCINA ""MARCY"" M.",BECK,DEAN,HAMILTON,147,DEMOCRATIC,DEM
GP 2004,19TH DEMOCRATIC ALTERNATE DELEGATE,1,8099,"MARCINA ""MARCY"" M.",BECK,DEAN,SHELBY,171,DEMOCRATIC,DEM
GP 2004,19TH DEMOCRATIC ALTERNATE DELEGATE,1,8099,"MARCINA ""MARCY"" M.",BECK,DEAN,EDWARDS,20,DEMOCRATIC,DEM
GP 2004,19TH DEMOCRATIC ALTERNATE DELEGATE,1,8099,"MARCINA ""MARCY"" M.",BECK,DEAN,WHITE,91,DEMOCRATIC,DEM
GP 2004,19TH DEMOCRATIC ALTERNATE DELEGATE,1,8099,"MARCINA ""MARCY"" M.",BECK,DEAN,FAYETTE,140,DEMOCRATIC,DEM
GP 2004,19TH DEMOCRATIC ALTERNATE DELEGATE,1,8099,"MARCINA ""MARCY"" M.",BECK,DEAN,MARION,289,DEMOCRATIC,DEM
GP 2004,19TH DEMOCRATIC ALTERNATE DELEGATE,1,8099,"MARCINA ""MARCY"" M.",BECK,DEAN,SALINE,244,DEMOCRATIC,DEM
GP 2004,19TH DEMOCRATIC ALTERNATE DELEGATE,1,8099,"MARCINA ""MARCY"" M.",BECK,DEAN,MASSAC,100,DEMOCRATIC,DEM
GP 2004,19TH DEMOCRATIC ALTERNATE DELEGATE,1,8099,"MARCINA ""MARCY"" M.",BECK,DEAN,GALLATIN,147,DEMOCRATIC,DEM
GP 2004,19TH DEMOCRATIC ALTERNATE DELEGATE,1,8099,"MARCINA ""MARCY"" M.",BECK,DEAN,MONTGOMERY,98,DEMOCRATIC,DEM
GP 2004,19TH DEMOCRATIC ALTERNATE DELEGATE,1,8099,"MARCINA ""MARCY"" M.",BECK,DEAN,JEFFERSON,189,DEMOCRATIC,DEM
GP 2004,19TH DEMOCRATIC ALTERNATE DELEGATE,1,8099,"MARCINA ""MARCY"" M.",BECK,DEAN,WABASH,22,DEMOCRATIC,DEM
GP 2004,19TH DEMOCRATIC ALTERNATE DELEGATE,1,8099,"MARCINA ""MARCY"" M.",BECK,DEAN,MADISON,597,DEMOCRATIC,DEM
GP 2004,19TH DEMOCRATIC ALTERNATE DELEGATE,1,8099,"MARCINA ""MARCY"" M.",BECK,DEAN,SANGAMON,308,DEMOCRATIC,DEM
GP 2004,19TH DEMOCRATIC ALTERNATE DELEGATE,1,8099,"MARCINA ""MARCY"" M.",BECK,DEAN,EFFINGHAM,360,DEMOCRATIC,DEM
GP 2004,19TH DEMOCRATIC ALTERNATE DELEGATE,1,8099,"MARCINA ""MARCY"" M.",BECK,DEAN,POPE,33,DEMOCRATIC,DEM
GP 2004,19TH DEMOCRATIC ALTERNATE DELEGATE,1,8099,"MARCINA ""MARCY"" M.",BECK,DEAN,WAYNE,80,DEMOCRATIC,DEM
GP 2004,19TH DEMOCRATIC ALTERNATE DELEGATE,1,8099,"MARCINA ""MARCY"" M.",BECK,DEAN,CHRISTIAN,489,DEMOCRATIC,DEM
GP 2004,19TH DEMOCRATIC ALTERNATE DELEGATE,1,8099,"MARCINA ""MARCY"" M.",BECK,DEAN,LAWRENCE,22,DEMOCRATIC,DEM
GP 2004,2ND DEMOCRATIC DELEGATE,8,8100,"BERNARD J. ""BERNIE""",GRAY,KUCINICH,WILL,105,DEMOCRATIC,DEM
GP 2004,2ND DEMOCRATIC DELEGATE,8,8100,"BERNARD J. ""BERNIE""",GRAY,KUCINICH,COOK,7087,DEMOCRATIC,DEM
GP 2004,2ND DEMOCRATIC DELEGATE,8,8101,HEATHER,POPPE,KUCINICH,WILL,71,DEMOCRATIC,DEM
GP 2004,2ND DEMOCRATIC DELEGATE,8,8101,HEATHER,POPPE,KUCINICH,COOK,5361,DEMOCRATIC,DEM
GP 2004,2ND DEMOCRATIC DELEGATE,8,8102,JOHN,SCHLITT,KUCINICH,WILL,48,DEMOCRATIC,DEM
GP 2004,2ND DEMOCRATIC DELEGATE,8,8102,JOHN,SCHLITT,KUCINICH,COOK,3482,DEMOCRATIC,DEM
GP 2004,2ND DEMOCRATIC DELEGATE,8,8103,KATHERINE FELT,ARMSTRONG,KUCINICH,WILL,70,DEMOCRATIC,DEM
GP 2004,2ND DEMOCRATIC DELEGATE,8,8103,KATHERINE FELT,ARMSTRONG,KUCINICH,COOK,5395,DEMOCRATIC,DEM
GP 2004,2ND DEMOCRATIC DELEGATE,8,8104,GARY,KUZMINSKI,KUCINICH,WILL,44,DEMOCRATIC,DEM
GP 2004,2ND DEMOCRATIC DELEGATE,8,8104,GARY,KUZMINSKI,KUCINICH,COOK,3397,DEMOCRATIC,DEM
GP 2004,2ND DEMOCRATIC DELEGATE,8,8105,BERNADETTE,MAUNE,KUCINICH,WILL,79,DEMOCRATIC,DEM
GP 2004,2ND DEMOCRATIC DELEGATE,8,8105,BERNADETTE,MAUNE,KUCINICH,COOK,4365,DEMOCRATIC,DEM
GP 2004,2ND DEMOCRATIC DELEGATE,8,8106,MARC,O'CONNOR,KUCINICH,WILL,73,DEMOCRATIC,DEM
GP 2004,2ND DEMOCRATIC DELEGATE,8,8106,MARC,O'CONNOR,KUCINICH,COOK,4180,DEMOCRATIC,DEM
GP 2004,13TH DEMOCRATIC ALTERNATE DELEGATE,1,8107,CAROL ANN,KRUCHKO,DEAN,WILL,745,DEMOCRATIC,DEM
GP 2004,13TH DEMOCRATIC ALTERNATE DELEGATE,1,8107,CAROL ANN,KRUCHKO,DEAN,COOK,520,DEMOCRATIC,DEM
GP 2004,13TH DEMOCRATIC ALTERNATE DELEGATE,1,8107,CAROL ANN,KRUCHKO,DEAN,DuPAGE,1481,DEMOCRATIC,DEM
GP 2004,9TH REPUBLICAN DELEGATE,2,8108,HAROLD B.,SMITH,BUSH,COOK,16930,REPUBLICAN,REP
GP 2004,9TH REPUBLICAN DELEGATE,2,8109,BRIAN G.,DOHERTY,BUSH,COOK,17459,REPUBLICAN,REP
GP 2004,17TH DEMOCRATIC DELEGATE,5,8110,MIKE,BOLAND,DEAN,JERSEY,56,DEMOCRATIC,DEM
GP 2004,17TH DEMOCRATIC DELEGATE,5,8110,MIKE,BOLAND,DEAN,GREENE,134,DEMOCRATIC,DEM
GP 2004,17TH DEMOCRATIC DELEGATE,5,8110,MIKE,BOLAND,DEAN,MERCER,964,DEMOCRATIC,DEM
GP 2004,17TH DEMOCRATIC DELEGATE,5,8110,MIKE,BOLAND,DEAN,FULTON,739,DEMOCRATIC,DEM
GP 2004,17TH DEMOCRATIC DELEGATE,5,8110,MIKE,BOLAND,DEAN,HANCOCK,318,DEMOCRATIC,DEM
GP 2004,17TH DEMOCRATIC DELEGATE,5,8110,MIKE,BOLAND,DEAN,MACOUPIN,593,DEMOCRATIC,DEM
GP 2004,17TH DEMOCRATIC DELEGATE,5,8110,MIKE,BOLAND,DEAN,SHELBY,27,DEMOCRATIC,DEM
GP 2004,17TH DEMOCRATIC DELEGATE,5,8110,MIKE,BOLAND,DEAN,WARREN,220,DEMOCRATIC,DEM
GP 2004,17TH DEMOCRATIC DELEGATE,5,8110,MIKE,BOLAND,DEAN,PIKE,81,DEMOCRATIC,DEM
GP 2004,17TH DEMOCRATIC DELEGATE,5,8110,MIKE,BOLAND,DEAN,HENDERSON,141,DEMOCRATIC,DEM
GP 2004,17TH DEMOCRATIC DELEGATE,5,8110,MIKE,BOLAND,DEAN,ROCK ISLAND,6572,DEMOCRATIC,DEM
GP 2004,17TH DEMOCRATIC DELEGATE,5,8110,MIKE,BOLAND,DEAN,WHITESIDE,520,DEMOCRATIC,DEM
GP 2004,17TH DEMOCRATIC DELEGATE,5,8110,MIKE,BOLAND,DEAN,FAYETTE,31,DEMOCRATIC,DEM
GP 2004,17TH DEMOCRATIC DELEGATE,5,8110,MIKE,BOLAND,DEAN,CALHOUN,139,DEMOCRATIC,DEM
GP 2004,17TH DEMOCRATIC DELEGATE,5,8110,MIKE,BOLAND,DEAN,MONTGOMERY,410,DEMOCRATIC,DEM
GP 2004,17TH DEMOCRATIC DELEGATE,5,8110,MIKE,BOLAND,DEAN,MADISON,44,DEMOCRATIC,DEM
GP 2004,17TH DEMOCRATIC DELEGATE,5,8110,MIKE,BOLAND,DEAN,SANGAMON,486,DEMOCRATIC,DEM
GP 2004,17TH DEMOCRATIC DELEGATE,5,8110,MIKE,BOLAND,DEAN,HENRY,578,DEMOCRATIC,DEM
GP 2004,17TH DEMOCRATIC DELEGATE,5,8110,MIKE,BOLAND,DEAN,McDONOUGH,134,DEMOCRATIC,DEM
GP 2004,17TH DEMOCRATIC DELEGATE,5,8110,MIKE,BOLAND,DEAN,MACON,625,DEMOCRATIC,DEM
GP 2004,17TH DEMOCRATIC DELEGATE,5,8110,MIKE,BOLAND,DEAN,KNOX,513,DEMOCRATIC,DEM
GP 2004,17TH DEMOCRATIC DELEGATE,5,8110,MIKE,BOLAND,DEAN,ADAMS,444,DEMOCRATIC,DEM
GP 2004,17TH DEMOCRATIC DELEGATE,5,8110,MIKE,BOLAND,DEAN,CHRISTIAN,125,DEMOCRATIC,DEM
GP 2004,17TH DEMOCRATIC DELEGATE,5,8111,GRACIELA,HERNANDEZ,DEAN,JERSEY,54,DEMOCRATIC,DEM
GP 2004,17TH DEMOCRATIC DELEGATE,5,8111,GRACIELA,HERNANDEZ,DEAN,GREENE,74,DEMOCRATIC,DEM
GP 2004,17TH DEMOCRATIC DELEGATE,5,8111,GRACIELA,HERNANDEZ,DEAN,MERCER,402,DEMOCRATIC,DEM
GP 2004,17TH DEMOCRATIC DELEGATE,5,8111,GRACIELA,HERNANDEZ,DEAN,FULTON,329,DEMOCRATIC,DEM
GP 2004,17TH DEMOCRATIC DELEGATE,5,8111,GRACIELA,HERNANDEZ,DEAN,HANCOCK,207,DEMOCRATIC,DEM
GP 2004,17TH DEMOCRATIC DELEGATE,5,8111,GRACIELA,HERNANDEZ,DEAN,MACOUPIN,351,DEMOCRATIC,DEM
GP 2004,17TH DEMOCRATIC DELEGATE,5,8111,GRACIELA,HERNANDEZ,DEAN,SHELBY,14,DEMOCRATIC,DEM
GP 2004,17TH DEMOCRATIC DELEGATE,5,8111,GRACIELA,HERNANDEZ,DEAN,WARREN,130,DEMOCRATIC,DEM
GP 2004,17TH DEMOCRATIC DELEGATE,5,8111,GRACIELA,HERNANDEZ,DEAN,PIKE,55,DEMOCRATIC,DEM
GP 2004,17TH DEMOCRATIC DELEGATE,5,8111,GRACIELA,HERNANDEZ,DEAN,HENDERSON,95,DEMOCRATIC,DEM
GP 2004,17TH DEMOCRATIC DELEGATE,5,8111,GRACIELA,HERNANDEZ,DEAN,ROCK ISLAND,1731,DEMOCRATIC,DEM
GP 2004,17TH DEMOCRATIC DELEGATE,5,8111,GRACIELA,HERNANDEZ,DEAN,WHITESIDE,281,DEMOCRATIC,DEM
GP 2004,17TH DEMOCRATIC DELEGATE,5,8111,GRACIELA,HERNANDEZ,DEAN,FAYETTE,21,DEMOCRATIC,DEM
GP 2004,17TH DEMOCRATIC DELEGATE,5,8111,GRACIELA,HERNANDEZ,DEAN,CALHOUN,75,DEMOCRATIC,DEM
GP 2004,17TH DEMOCRATIC DELEGATE,5,8111,GRACIELA,HERNANDEZ,DEAN,MONTGOMERY,303,DEMOCRATIC,DEM
GP 2004,17TH DEMOCRATIC DELEGATE,5,8111,GRACIELA,HERNANDEZ,DEAN,MADISON,20,DEMOCRATIC,DEM
GP 2004,17TH DEMOCRATIC DELEGATE,5,8111,GRACIELA,HERNANDEZ,DEAN,SANGAMON,335,DEMOCRATIC,DEM
GP 2004,17TH DEMOCRATIC DELEGATE,5,8111,GRACIELA,HERNANDEZ,DEAN,HENRY,182,DEMOCRATIC,DEM
GP 2004,17TH DEMOCRATIC DELEGATE,5,8111,GRACIELA,HERNANDEZ,DEAN,McDONOUGH,96,DEMOCRATIC,DEM
GP 2004,17TH DEMOCRATIC DELEGATE,5,8111,GRACIELA,HERNANDEZ,DEAN,MACON,297,DEMOCRATIC,DEM
GP 2004,17TH DEMOCRATIC DELEGATE,5,8111,GRACIELA,HERNANDEZ,DEAN,KNOX,302,DEMOCRATIC,DEM
GP 2004,17TH DEMOCRATIC DELEGATE,5,8111,GRACIELA,HERNANDEZ,DEAN,ADAMS,236,DEMOCRATIC,DEM
GP 2004,17TH DEMOCRATIC DELEGATE,5,8111,GRACIELA,HERNANDEZ,DEAN,CHRISTIAN,80,DEMOCRATIC,DEM
GP 2004,17TH DEMOCRATIC DELEGATE,5,8112,DON,JOHNSTON,DEAN,JERSEY,57,DEMOCRATIC,DEM
GP 2004,17TH DEMOCRATIC DELEGATE,5,8112,DON,JOHNSTON,DEAN,GREENE,99,DEMOCRATIC,DEM
GP 2004,17TH DEMOCRATIC DELEGATE,5,8112,DON,JOHNSTON,DEAN,MERCER,542,DEMOCRATIC,DEM
GP 2004,17TH DEMOCRATIC DELEGATE,5,8112,DON,JOHNSTON,DEAN,FULTON,532,DEMOCRATIC,DEM
GP 2004,17TH DEMOCRATIC DELEGATE,5,8112,DON,JOHNSTON,DEAN,HANCOCK,261,DEMOCRATIC,DEM
GP 2004,17TH DEMOCRATIC DELEGATE,5,8112,DON,JOHNSTON,DEAN,MACOUPIN,516,DEMOCRATIC,DEM
GP 2004,17TH DEMOCRATIC DELEGATE,5,8112,DON,JOHNSTON,DEAN,SHELBY,24,DEMOCRATIC,DEM
GP 2004,17TH DEMOCRATIC DELEGATE,5,8112,DON,JOHNSTON,DEAN,WARREN,154,DEMOCRATIC,DEM
GP 2004,17TH DEMOCRATIC DELEGATE,5,8112,DON,JOHNSTON,DEAN,PIKE,82,DEMOCRATIC,DEM
GP 2004,17TH DEMOCRATIC DELEGATE,5,8112,DON,JOHNSTON,DEAN,HENDERSON,116,DEMOCRATIC,DEM
GP 2004,17TH DEMOCRATIC DELEGATE,5,8112,DON,JOHNSTON,DEAN,ROCK ISLAND,2266,DEMOCRATIC,DEM
GP 2004,17TH DEMOCRATIC DELEGATE,5,8112,DON,JOHNSTON,DEAN,WHITESIDE,276,DEMOCRATIC,DEM
GP 2004,17TH DEMOCRATIC DELEGATE,5,8112,DON,JOHNSTON,DEAN,FAYETTE,26,DEMOCRATIC,DEM
GP 2004,17TH DEMOCRATIC DELEGATE,5,8112,DON,JOHNSTON,DEAN,CALHOUN,109,DEMOCRATIC,DEM
GP 2004,17TH DEMOCRATIC DELEGATE,5,8112,DON,JOHNSTON,DEAN,MONTGOMERY,370,DEMOCRATIC,DEM
GP 2004,17TH DEMOCRATIC DELEGATE,5,8112,DON,JOHNSTON,DEAN,MADISON,38,DEMOCRATIC,DEM
GP 2004,17TH DEMOCRATIC DELEGATE,5,8112,DON,JOHNSTON,DEAN,SANGAMON,340,DEMOCRATIC,DEM
GP 2004,17TH DEMOCRATIC DELEGATE,5,8112,DON,JOHNSTON,DEAN,HENRY,230,DEMOCRATIC,DEM
GP 2004,17TH DEMOCRATIC DELEGATE,5,8112,DON,JOHNSTON,DEAN,McDONOUGH,113,DEMOCRATIC,DEM
GP 2004,17TH DEMOCRATIC DELEGATE,5,8112,DON,JOHNSTON,DEAN,MACON,446,DEMOCRATIC,DEM
GP 2004,17TH DEMOCRATIC DELEGATE,5,8112,DON,JOHNSTON,DEAN,KNOX,380,DEMOCRATIC,DEM
GP 2004,17TH DEMOCRATIC DELEGATE,5,8112,DON,JOHNSTON,DEAN,ADAMS,396,DEMOCRATIC,DEM
GP 2004,17TH DEMOCRATIC DELEGATE,5,8112,DON,JOHNSTON,DEAN,CHRISTIAN,95,DEMOCRATIC,DEM
GP 2004,17TH DEMOCRATIC DELEGATE,5,8113,"MARY K. ""KAYT""",NORRIS,DEAN,JERSEY,53,DEMOCRATIC,DEM
GP 2004,17TH DEMOCRATIC DELEGATE,5,8113,"MARY K. ""KAYT""",NORRIS,DEAN,GREENE,104,DEMOCRATIC,DEM
GP 2004,17TH DEMOCRATIC DELEGATE,5,8113,"MARY K. ""KAYT""",NORRIS,DEAN,MERCER,472,DEMOCRATIC,DEM
GP 2004,17TH DEMOCRATIC DELEGATE,5,8113,"MARY K. ""KAYT""",NORRIS,DEAN,FULTON,606,DEMOCRATIC,DEM
GP 2004,17TH DEMOCRATIC DELEGATE,5,8113,"MARY K. ""KAYT""",NORRIS,DEAN,HANCOCK,236,DEMOCRATIC,DEM
GP 2004,17TH DEMOCRATIC DELEGATE,5,8113,"MARY K. ""KAYT""",NORRIS,DEAN,MACOUPIN,527,DEMOCRATIC,DEM
GP 2004,17TH DEMOCRATIC DELEGATE,5,8113,"MARY K. ""KAYT""",NORRIS,DEAN,SHELBY,28,DEMOCRATIC,DEM
GP 2004,17TH DEMOCRATIC DELEGATE,5,8113,"MARY K. ""KAYT""",NORRIS,DEAN,WARREN,158,DEMOCRATIC,DEM
GP 2004,17TH DEMOCRATIC DELEGATE,5,8113,"MARY K. ""KAYT""",NORRIS,DEAN,PIKE,68,DEMOCRATIC,DEM
GP 2004,17TH DEMOCRATIC DELEGATE,5,8113,"MARY K. ""KAYT""",NORRIS,DEAN,HENDERSON,101,DEMOCRATIC,DEM
GP 2004,17TH DEMOCRATIC DELEGATE,5,8113,"MARY K. ""KAYT""",NORRIS,DEAN,ROCK ISLAND,1445,DEMOCRATIC,DEM
GP 2004,17TH DEMOCRATIC DELEGATE,5,8113,"MARY K. ""KAYT""",NORRIS,DEAN,WHITESIDE,237,DEMOCRATIC,DEM
GP 2004,17TH DEMOCRATIC DELEGATE,5,8113,"MARY K. ""KAYT""",NORRIS,DEAN,FAYETTE,25,DEMOCRATIC,DEM
GP 2004,17TH DEMOCRATIC DELEGATE,5,8113,"MARY K. ""KAYT""",NORRIS,DEAN,CALHOUN,98,DEMOCRATIC,DEM
GP 2004,17TH DEMOCRATIC DELEGATE,5,8113,"MARY K. ""KAYT""",NORRIS,DEAN,MONTGOMERY,345,DEMOCRATIC,DEM
GP 2004,17TH DEMOCRATIC DELEGATE,5,8113,"MARY K. ""KAYT""",NORRIS,DEAN,MADISON,38,DEMOCRATIC,DEM
GP 2004,17TH DEMOCRATIC DELEGATE,5,8113,"MARY K. ""KAYT""",NORRIS,DEAN,SANGAMON,403,DEMOCRATIC,DEM
GP 2004,17TH DEMOCRATIC DELEGATE,5,8113,"MARY K. ""KAYT""",NORRIS,DEAN,HENRY,194,DEMOCRATIC,DEM
GP 2004,17TH DEMOCRATIC DELEGATE,5,8113,"MARY K. ""KAYT""",NORRIS,DEAN,McDONOUGH,110,DEMOCRATIC,DEM
GP 2004,17TH DEMOCRATIC DELEGATE,5,8113,"MARY K. ""KAYT""",NORRIS,DEAN,MACON,500,DEMOCRATIC,DEM
GP 2004,17TH DEMOCRATIC DELEGATE,5,8113,"MARY K. ""KAYT""",NORRIS,DEAN,KNOX,364,DEMOCRATIC,DEM
GP 2004,17TH DEMOCRATIC DELEGATE,5,8113,"MARY K. ""KAYT""",NORRIS,DEAN,ADAMS,692,DEMOCRATIC,DEM
GP 2004,17TH DEMOCRATIC DELEGATE,5,8113,"MARY K. ""KAYT""",NORRIS,DEAN,CHRISTIAN,103,DEMOCRATIC,DEM
GP 2004,17TH DEMOCRATIC DELEGATE,5,8114,NORM M.,WINICK,DEAN,JERSEY,41,DEMOCRATIC,DEM
GP 2004,17TH DEMOCRATIC DELEGATE,5,8114,NORM M.,WINICK,DEAN,GREENE,62,DEMOCRATIC,DEM
GP 2004,17TH DEMOCRATIC DELEGATE,5,8114,NORM M.,WINICK,DEAN,MERCER,398,DEMOCRATIC,DEM
GP 2004,17TH DEMOCRATIC DELEGATE,5,8114,NORM M.,WINICK,DEAN,FULTON,345,DEMOCRATIC,DEM
GP 2004,17TH DEMOCRATIC DELEGATE,5,8114,NORM M.,WINICK,DEAN,HANCOCK,191,DEMOCRATIC,DEM
GP 2004,17TH DEMOCRATIC DELEGATE,5,8114,NORM M.,WINICK,DEAN,MACOUPIN,345,DEMOCRATIC,DEM
GP 2004,17TH DEMOCRATIC DELEGATE,5,8114,NORM M.,WINICK,DEAN,SHELBY,14,DEMOCRATIC,DEM
GP 2004,17TH DEMOCRATIC DELEGATE,5,8114,NORM M.,WINICK,DEAN,WARREN,117,DEMOCRATIC,DEM
GP 2004,17TH DEMOCRATIC DELEGATE,5,8114,NORM M.,WINICK,DEAN,PIKE,38,DEMOCRATIC,DEM
GP 2004,17TH DEMOCRATIC DELEGATE,5,8114,NORM M.,WINICK,DEAN,HENDERSON,88,DEMOCRATIC,DEM
GP 2004,17TH DEMOCRATIC DELEGATE,5,8114,NORM M.,WINICK,DEAN,ROCK ISLAND,1072,DEMOCRATIC,DEM
GP 2004,17TH DEMOCRATIC DELEGATE,5,8114,NORM M.,WINICK,DEAN,WHITESIDE,175,DEMOCRATIC,DEM
GP 2004,17TH DEMOCRATIC DELEGATE,5,8114,NORM M.,WINICK,DEAN,FAYETTE,13,DEMOCRATIC,DEM
GP 2004,17TH DEMOCRATIC DELEGATE,5,8114,NORM M.,WINICK,DEAN,CALHOUN,84,DEMOCRATIC,DEM
GP 2004,17TH DEMOCRATIC DELEGATE,5,8114,NORM M.,WINICK,DEAN,MONTGOMERY,305,DEMOCRATIC,DEM
GP 2004,17TH DEMOCRATIC DELEGATE,5,8114,NORM M.,WINICK,DEAN,MADISON,20,DEMOCRATIC,DEM
GP 2004,17TH DEMOCRATIC DELEGATE,5,8114,NORM M.,WINICK,DEAN,SANGAMON,250,DEMOCRATIC,DEM
GP 2004,17TH DEMOCRATIC DELEGATE,5,8114,NORM M.,WINICK,DEAN,HENRY,145,DEMOCRATIC,DEM
GP 2004,17TH DEMOCRATIC DELEGATE,5,8114,NORM M.,WINICK,DEAN,McDONOUGH,60,DEMOCRATIC,DEM
GP 2004,17TH DEMOCRATIC DELEGATE,5,8114,NORM M.,WINICK,DEAN,MACON,282,DEMOCRATIC,DEM
GP 2004,17TH DEMOCRATIC DELEGATE,5,8114,NORM M.,WINICK,DEAN,KNOX,584,DEMOCRATIC,DEM
GP 2004,17TH DEMOCRATIC DELEGATE,5,8114,NORM M.,WINICK,DEAN,ADAMS,187,DEMOCRATIC,DEM
GP 2004,17TH DEMOCRATIC DELEGATE,5,8114,NORM M.,WINICK,DEAN,CHRISTIAN,70,DEMOCRATIC,DEM
GP 2004,6TH DEMOCRATIC DELEGATE,4,8115,JANICE,RINEHART,KUCINICH,COOK,418,DEMOCRATIC,DEM
GP 2004,6TH DEMOCRATIC DELEGATE,4,8115,JANICE,RINEHART,KUCINICH,DuPAGE,1753,DEMOCRATIC,DEM
GP 2004,6TH DEMOCRATIC DELEGATE,4,8116,WILLIAM B.,DUCOTE,KUCINICH,COOK,294,DEMOCRATIC,DEM
GP 2004,6TH DEMOCRATIC DELEGATE,4,8116,WILLIAM B.,DUCOTE,KUCINICH,DuPAGE,1176,DEMOCRATIC,DEM
GP 2004,6TH DEMOCRATIC DELEGATE,4,8117,NADINE,STACHON,KUCINICH,COOK,318,DEMOCRATIC,DEM
GP 2004,6TH DEMOCRATIC DELEGATE,4,8117,NADINE,STACHON,KUCINICH,DuPAGE,1290,DEMOCRATIC,DEM
GP 2004,6TH DEMOCRATIC DELEGATE,4,8118,"EDWARD C. ""ED""",WORDEN,KUCINICH,COOK,312,DEMOCRATIC,DEM
GP 2004,6TH DEMOCRATIC DELEGATE,4,8118,"EDWARD C. ""ED""",WORDEN,KUCINICH,DuPAGE,1264,DEMOCRATIC,DEM
GP 2004,18TH DEMOCRATIC DELEGATE,5,8119,BARBARA J.,GROSS,DEAN,BROWN,63,DEMOCRATIC,DEM
GP 2004,18TH DEMOCRATIC DELEGATE,5,8119,BARBARA J.,GROSS,DEAN,LOGAN,272,DEMOCRATIC,DEM
GP 2004,18TH DEMOCRATIC DELEGATE,5,8119,BARBARA J.,GROSS,DEAN,SCHUYLER,21,DEMOCRATIC,DEM
GP 2004,18TH DEMOCRATIC DELEGATE,5,8119,BARBARA J.,GROSS,DEAN,MARSHALL,213,DEMOCRATIC,DEM
GP 2004,18TH DEMOCRATIC DELEGATE,5,8119,BARBARA J.,GROSS,DEAN,MENARD,124,DEMOCRATIC,DEM
GP 2004,18TH DEMOCRATIC DELEGATE,5,8119,BARBARA J.,GROSS,DEAN,STARK,85,DEMOCRATIC,DEM
GP 2004,18TH DEMOCRATIC DELEGATE,5,8119,BARBARA J.,GROSS,DEAN,WOODFORD,389,DEMOCRATIC,DEM
GP 2004,18TH DEMOCRATIC DELEGATE,5,8119,BARBARA J.,GROSS,DEAN,MASON,581,DEMOCRATIC,DEM
GP 2004,18TH DEMOCRATIC DELEGATE,5,8119,BARBARA J.,GROSS,DEAN,BUREAU,81,DEMOCRATIC,DEM
GP 2004,18TH DEMOCRATIC DELEGATE,5,8119,BARBARA J.,GROSS,DEAN,PIKE,166,DEMOCRATIC,DEM
GP 2004,18TH DEMOCRATIC DELEGATE,5,8119,BARBARA J.,GROSS,DEAN,CASS,350,DEMOCRATIC,DEM
GP 2004,18TH DEMOCRATIC DELEGATE,5,8119,BARBARA J.,GROSS,DEAN,MORGAN,842,DEMOCRATIC,DEM
GP 2004,18TH DEMOCRATIC DELEGATE,5,8119,BARBARA J.,GROSS,DEAN,PUTNAM,275,DEMOCRATIC,DEM
GP 2004,18TH DEMOCRATIC DELEGATE,5,8119,BARBARA J.,GROSS,DEAN,TAZEWELL,1695,DEMOCRATIC,DEM
GP 2004,18TH DEMOCRATIC DELEGATE,5,8119,BARBARA J.,GROSS,DEAN,SANGAMON,1179,DEMOCRATIC,DEM
GP 2004,18TH DEMOCRATIC DELEGATE,5,8119,BARBARA J.,GROSS,DEAN,SCOTT,106,DEMOCRATIC,DEM
GP 2004,18TH DEMOCRATIC DELEGATE,5,8119,BARBARA J.,GROSS,DEAN,MACON,198,DEMOCRATIC,DEM
GP 2004,18TH DEMOCRATIC DELEGATE,5,8119,BARBARA J.,GROSS,DEAN,KNOX,92,DEMOCRATIC,DEM
GP 2004,18TH DEMOCRATIC DELEGATE,5,8119,BARBARA J.,GROSS,DEAN,PEORIA,898,DEMOCRATIC,DEM
GP 2004,18TH DEMOCRATIC DELEGATE,5,8119,BARBARA J.,GROSS,DEAN,ADAMS,83,DEMOCRATIC,DEM
GP 2004,18TH DEMOCRATIC DELEGATE,5,8120,BILL,EDLEY,DEAN,BROWN,52,DEMOCRATIC,DEM
GP 2004,18TH DEMOCRATIC DELEGATE,5,8120,BILL,EDLEY,DEAN,LOGAN,208,DEMOCRATIC,DEM
GP 2004,18TH DEMOCRATIC DELEGATE,5,8120,BILL,EDLEY,DEAN,SCHUYLER,36,DEMOCRATIC,DEM
GP 2004,18TH DEMOCRATIC DELEGATE,5,8120,BILL,EDLEY,DEAN,MARSHALL,144,DEMOCRATIC,DEM
GP 2004,18TH DEMOCRATIC DELEGATE,5,8120,BILL,EDLEY,DEAN,MENARD,89,DEMOCRATIC,DEM
GP 2004,18TH DEMOCRATIC DELEGATE,5,8120,BILL,EDLEY,DEAN,STARK,59,DEMOCRATIC,DEM
GP 2004,18TH DEMOCRATIC DELEGATE,5,8120,BILL,EDLEY,DEAN,WOODFORD,307,DEMOCRATIC,DEM
GP 2004,18TH DEMOCRATIC DELEGATE,5,8120,BILL,EDLEY,DEAN,MASON,425,DEMOCRATIC,DEM
GP 2004,18TH DEMOCRATIC DELEGATE,5,8120,BILL,EDLEY,DEAN,BUREAU,75,DEMOCRATIC,DEM
GP 2004,18TH DEMOCRATIC DELEGATE,5,8120,BILL,EDLEY,DEAN,PIKE,108,DEMOCRATIC,DEM
GP 2004,18TH DEMOCRATIC DELEGATE,5,8120,BILL,EDLEY,DEAN,CASS,183,DEMOCRATIC,DEM
GP 2004,18TH DEMOCRATIC DELEGATE,5,8120,BILL,EDLEY,DEAN,MORGAN,261,DEMOCRATIC,DEM
GP 2004,18TH DEMOCRATIC DELEGATE,5,8120,BILL,EDLEY,DEAN,PUTNAM,198,DEMOCRATIC,DEM
GP 2004,18TH DEMOCRATIC DELEGATE,5,8120,BILL,EDLEY,DEAN,TAZEWELL,1188,DEMOCRATIC,DEM
GP 2004,18TH DEMOCRATIC DELEGATE,5,8120,BILL,EDLEY,DEAN,SANGAMON,796,DEMOCRATIC,DEM
GP 2004,18TH DEMOCRATIC DELEGATE,5,8120,BILL,EDLEY,DEAN,SCOTT,28,DEMOCRATIC,DEM
GP 2004,18TH DEMOCRATIC DELEGATE,5,8120,BILL,EDLEY,DEAN,MACON,143,DEMOCRATIC,DEM
GP 2004,18TH DEMOCRATIC DELEGATE,5,8120,BILL,EDLEY,DEAN,KNOX,68,DEMOCRATIC,DEM
GP 2004,18TH DEMOCRATIC DELEGATE,5,8120,BILL,EDLEY,DEAN,PEORIA,677,DEMOCRATIC,DEM
GP 2004,18TH DEMOCRATIC DELEGATE,5,8120,BILL,EDLEY,DEAN,ADAMS,76,DEMOCRATIC,DEM
GP 2004,18TH DEMOCRATIC DELEGATE,5,8121,DORIS M.,CLARK,DEAN,BROWN,50,DEMOCRATIC,DEM
GP 2004,18TH DEMOCRATIC DELEGATE,5,8121,DORIS M.,CLARK,DEAN,LOGAN,228,DEMOCRATIC,DEM
GP 2004,18TH DEMOCRATIC DELEGATE,5,8121,DORIS M.,CLARK,DEAN,SCHUYLER,18,DEMOCRATIC,DEM
GP 2004,18TH DEMOCRATIC DELEGATE,5,8121,DORIS M.,CLARK,DEAN,MARSHALL,190,DEMOCRATIC,DEM
GP 2004,18TH DEMOCRATIC DELEGATE,5,8121,DORIS M.,CLARK,DEAN,MENARD,99,DEMOCRATIC,DEM
GP 2004,18TH DEMOCRATIC DELEGATE,5,8121,DORIS M.,CLARK,DEAN,STARK,77,DEMOCRATIC,DEM
GP 2004,18TH DEMOCRATIC DELEGATE,5,8121,DORIS M.,CLARK,DEAN,WOODFORD,365,DEMOCRATIC,DEM
GP 2004,18TH DEMOCRATIC DELEGATE,5,8121,DORIS M.,CLARK,DEAN,MASON,575,DEMOCRATIC,DEM
GP 2004,18TH DEMOCRATIC DELEGATE,5,8121,DORIS M.,CLARK,DEAN,BUREAU,88,DEMOCRATIC,DEM
GP 2004,18TH DEMOCRATIC DELEGATE,5,8121,DORIS M.,CLARK,DEAN,PIKE,119,DEMOCRATIC,DEM
GP 2004,18TH DEMOCRATIC DELEGATE,5,8121,DORIS M.,CLARK,DEAN,CASS,195,DEMOCRATIC,DEM
GP 2004,18TH DEMOCRATIC DELEGATE,5,8121,DORIS M.,CLARK,DEAN,MORGAN,315,DEMOCRATIC,DEM
GP 2004,18TH DEMOCRATIC DELEGATE,5,8121,DORIS M.,CLARK,DEAN,PUTNAM,242,DEMOCRATIC,DEM
GP 2004,18TH DEMOCRATIC DELEGATE,5,8121,DORIS M.,CLARK,DEAN,TAZEWELL,1599,DEMOCRATIC,DEM
GP 2004,18TH DEMOCRATIC DELEGATE,5,8121,DORIS M.,CLARK,DEAN,SANGAMON,964,DEMOCRATIC,DEM
GP 2004,18TH DEMOCRATIC DELEGATE,5,8121,DORIS M.,CLARK,DEAN,SCOTT,34,DEMOCRATIC,DEM
GP 2004,18TH DEMOCRATIC DELEGATE,5,8121,DORIS M.,CLARK,DEAN,MACON,182,DEMOCRATIC,DEM
GP 2004,18TH DEMOCRATIC DELEGATE,5,8121,DORIS M.,CLARK,DEAN,KNOX,95,DEMOCRATIC,DEM
GP 2004,18TH DEMOCRATIC DELEGATE,5,8121,DORIS M.,CLARK,DEAN,PEORIA,845,DEMOCRATIC,DEM
GP 2004,18TH DEMOCRATIC DELEGATE,5,8121,DORIS M.,CLARK,DEAN,ADAMS,73,DEMOCRATIC,DEM
GP 2004,18TH DEMOCRATIC DELEGATE,5,8122,VICTOR,OSUNA,DEAN,BROWN,40,DEMOCRATIC,DEM
GP 2004,18TH DEMOCRATIC DELEGATE,5,8122,VICTOR,OSUNA,DEAN,LOGAN,179,DEMOCRATIC,DEM
GP 2004,18TH DEMOCRATIC DELEGATE,5,8122,VICTOR,OSUNA,DEAN,SCHUYLER,10,DEMOCRATIC,DEM
GP 2004,18TH DEMOCRATIC DELEGATE,5,8122,VICTOR,OSUNA,DEAN,MARSHALL,134,DEMOCRATIC,DEM
GP 2004,18TH DEMOCRATIC DELEGATE,5,8122,VICTOR,OSUNA,DEAN,MENARD,77,DEMOCRATIC,DEM
GP 2004,18TH DEMOCRATIC DELEGATE,5,8122,VICTOR,OSUNA,DEAN,STARK,58,DEMOCRATIC,DEM
GP 2004,18TH DEMOCRATIC DELEGATE,5,8122,VICTOR,OSUNA,DEAN,WOODFORD,266,DEMOCRATIC,DEM
GP 2004,18TH DEMOCRATIC DELEGATE,5,8122,VICTOR,OSUNA,DEAN,MASON,327,DEMOCRATIC,DEM
GP 2004,18TH DEMOCRATIC DELEGATE,5,8122,VICTOR,OSUNA,DEAN,BUREAU,61,DEMOCRATIC,DEM
GP 2004,18TH DEMOCRATIC DELEGATE,5,8122,VICTOR,OSUNA,DEAN,PIKE,69,DEMOCRATIC,DEM
GP 2004,18TH DEMOCRATIC DELEGATE,5,8122,VICTOR,OSUNA,DEAN,CASS,124,DEMOCRATIC,DEM
GP 2004,18TH DEMOCRATIC DELEGATE,5,8122,VICTOR,OSUNA,DEAN,MORGAN,188,DEMOCRATIC,DEM
GP 2004,18TH DEMOCRATIC DELEGATE,5,8122,VICTOR,OSUNA,DEAN,PUTNAM,165,DEMOCRATIC,DEM
GP 2004,18TH DEMOCRATIC DELEGATE,5,8122,VICTOR,OSUNA,DEAN,TAZEWELL,962,DEMOCRATIC,DEM
GP 2004,18TH DEMOCRATIC DELEGATE,5,8122,VICTOR,OSUNA,DEAN,SANGAMON,680,DEMOCRATIC,DEM
GP 2004,18TH DEMOCRATIC DELEGATE,5,8122,VICTOR,OSUNA,DEAN,SCOTT,16,DEMOCRATIC,DEM
GP 2004,18TH DEMOCRATIC DELEGATE,5,8122,VICTOR,OSUNA,DEAN,MACON,103,DEMOCRATIC,DEM
GP 2004,18TH DEMOCRATIC DELEGATE,5,8122,VICTOR,OSUNA,DEAN,KNOX,56,DEMOCRATIC,DEM
GP 2004,18TH DEMOCRATIC DELEGATE,5,8122,VICTOR,OSUNA,DEAN,ADAMS,27,DEMOCRATIC,DEM
GP 2004,18TH DEMOCRATIC DELEGATE,5,8122,VICTOR,OSUNA,DEAN,PEORIA,583,DEMOCRATIC,DEM
GP 2004,18TH DEMOCRATIC DELEGATE,5,8123,JANET LYNN,SULLIVAN,DEAN,BROWN,57,DEMOCRATIC,DEM
GP 2004,18TH DEMOCRATIC DELEGATE,5,8123,JANET LYNN,SULLIVAN,DEAN,LOGAN,233,DEMOCRATIC,DEM
GP 2004,18TH DEMOCRATIC DELEGATE,5,8123,JANET LYNN,SULLIVAN,DEAN,SCHUYLER,42,DEMOCRATIC,DEM
GP 2004,18TH DEMOCRATIC DELEGATE,5,8123,JANET LYNN,SULLIVAN,DEAN,MARSHALL,185,DEMOCRATIC,DEM
GP 2004,18TH DEMOCRATIC DELEGATE,5,8123,JANET LYNN,SULLIVAN,DEAN,MENARD,99,DEMOCRATIC,DEM
GP 2004,18TH DEMOCRATIC DELEGATE,5,8123,JANET LYNN,SULLIVAN,DEAN,STARK,73,DEMOCRATIC,DEM
GP 2004,18TH DEMOCRATIC DELEGATE,5,8123,JANET LYNN,SULLIVAN,DEAN,WOODFORD,349,DEMOCRATIC,DEM
GP 2004,18TH DEMOCRATIC DELEGATE,5,8123,JANET LYNN,SULLIVAN,DEAN,MASON,570,DEMOCRATIC,DEM
GP 2004,18TH DEMOCRATIC DELEGATE,5,8123,JANET LYNN,SULLIVAN,DEAN,BUREAU,87,DEMOCRATIC,DEM
GP 2004,18TH DEMOCRATIC DELEGATE,5,8123,JANET LYNN,SULLIVAN,DEAN,PIKE,132,DEMOCRATIC,DEM
GP 2004,18TH DEMOCRATIC DELEGATE,5,8123,JANET LYNN,SULLIVAN,DEAN,CASS,236,DEMOCRATIC,DEM
GP 2004,18TH DEMOCRATIC DELEGATE,5,8123,JANET LYNN,SULLIVAN,DEAN,MORGAN,272,DEMOCRATIC,DEM
GP 2004,18TH DEMOCRATIC DELEGATE,5,8123,JANET LYNN,SULLIVAN,DEAN,PUTNAM,231,DEMOCRATIC,DEM
GP 2004,18TH DEMOCRATIC DELEGATE,5,8123,JANET LYNN,SULLIVAN,DEAN,TAZEWELL,1494,DEMOCRATIC,DEM
GP 2004,18TH DEMOCRATIC DELEGATE,5,8123,JANET LYNN,SULLIVAN,DEAN,SANGAMON,906,DEMOCRATIC,DEM
GP 2004,18TH DEMOCRATIC DELEGATE,5,8123,JANET LYNN,SULLIVAN,DEAN,SCOTT,30,DEMOCRATIC,DEM
GP 2004,18TH DEMOCRATIC DELEGATE,5,8123,JANET LYNN,SULLIVAN,DEAN,MACON,179,DEMOCRATIC,DEM
GP 2004,18TH DEMOCRATIC DELEGATE,5,8123,JANET LYNN,SULLIVAN,DEAN,KNOX,77,DEMOCRATIC,DEM
GP 2004,18TH DEMOCRATIC DELEGATE,5,8123,JANET LYNN,SULLIVAN,DEAN,PEORIA,936,DEMOCRATIC,DEM
GP 2004,18TH DEMOCRATIC DELEGATE,5,8123,JANET LYNN,SULLIVAN,DEAN,ADAMS,82,DEMOCRATIC,DEM
GP 2004,6TH REPUBLICAN ALTERNATE DELEGATE,4,8124,PETER J.,ROSKAM,BUSH,COOK,6361,REPUBLICAN,REP
GP 2004,6TH REPUBLICAN ALTERNATE DELEGATE,4,8124,PETER J.,ROSKAM,BUSH,DuPAGE,39182,REPUBLICAN,REP
GP 2004,6TH REPUBLICAN ALTERNATE DELEGATE,4,8125,GEOFFREY C.,MOORE,BUSH,COOK,6347,REPUBLICAN,REP
GP 2004,6TH REPUBLICAN ALTERNATE DELEGATE,4,8125,GEOFFREY C.,MOORE,BUSH,DuPAGE,37856,REPUBLICAN,REP
GP 2004,6TH REPUBLICAN ALTERNATE DELEGATE,4,8126,CHERYL,AXLEY,BUSH,COOK,6412,REPUBLICAN,REP
GP 2004,6TH REPUBLICAN ALTERNATE DELEGATE,4,8126,CHERYL,AXLEY,BUSH,DuPAGE,38039,REPUBLICAN,REP
GP 2004,6TH REPUBLICAN ALTERNATE DELEGATE,4,8127,"HENRY ""HANK""",GIANVECCHIO,BUSH,COOK,6302,REPUBLICAN,REP
GP 2004,6TH REPUBLICAN ALTERNATE DELEGATE,4,8127,"HENRY ""HANK""",GIANVECCHIO,BUSH,DuPAGE,38028,REPUBLICAN,REP
GP 2004,17TH DEMOCRATIC ALTERNATE DELEGATE,1,8128,JEANETTE,HUNTER,DEAN,JERSEY,18,DEMOCRATIC,DEM
GP 2004,17TH DEMOCRATIC ALTERNATE DELEGATE,1,8128,JEANETTE,HUNTER,DEAN,GREENE,68,DEMOCRATIC,DEM
GP 2004,17TH DEMOCRATIC ALTERNATE DELEGATE,1,8128,JEANETTE,HUNTER,DEAN,MERCER,223,DEMOCRATIC,DEM
GP 2004,17TH DEMOCRATIC ALTERNATE DELEGATE,1,8128,JEANETTE,HUNTER,DEAN,FULTON,379,DEMOCRATIC,DEM
GP 2004,17TH DEMOCRATIC ALTERNATE DELEGATE,1,8128,JEANETTE,HUNTER,DEAN,HANCOCK,119,DEMOCRATIC,DEM
GP 2004,17TH DEMOCRATIC ALTERNATE DELEGATE,1,8128,JEANETTE,HUNTER,DEAN,MACOUPIN,485,DEMOCRATIC,DEM
GP 2004,17TH DEMOCRATIC ALTERNATE DELEGATE,1,8128,JEANETTE,HUNTER,DEAN,SHELBY,19,DEMOCRATIC,DEM
GP 2004,17TH DEMOCRATIC ALTERNATE DELEGATE,1,8128,JEANETTE,HUNTER,DEAN,WARREN,100,DEMOCRATIC,DEM
GP 2004,17TH DEMOCRATIC ALTERNATE DELEGATE,1,8128,JEANETTE,HUNTER,DEAN,PIKE,40,DEMOCRATIC,DEM
GP 2004,17TH DEMOCRATIC ALTERNATE DELEGATE,1,8128,JEANETTE,HUNTER,DEAN,HENDERSON,41,DEMOCRATIC,DEM
GP 2004,17TH DEMOCRATIC ALTERNATE DELEGATE,1,8128,JEANETTE,HUNTER,DEAN,ROCK ISLAND,1454,DEMOCRATIC,DEM
GP 2004,17TH DEMOCRATIC ALTERNATE DELEGATE,1,8128,JEANETTE,HUNTER,DEAN,WHITESIDE,158,DEMOCRATIC,DEM
GP 2004,17TH DEMOCRATIC ALTERNATE DELEGATE,1,8128,JEANETTE,HUNTER,DEAN,FAYETTE,17,DEMOCRATIC,DEM
GP 2004,17TH DEMOCRATIC ALTERNATE DELEGATE,1,8128,JEANETTE,HUNTER,DEAN,CALHOUN,34,DEMOCRATIC,DEM
GP 2004,17TH DEMOCRATIC ALTERNATE DELEGATE,1,8128,JEANETTE,HUNTER,DEAN,MONTGOMERY,126,DEMOCRATIC,DEM
GP 2004,17TH DEMOCRATIC ALTERNATE DELEGATE,1,8128,JEANETTE,HUNTER,DEAN,MADISON,32,DEMOCRATIC,DEM
GP 2004,17TH DEMOCRATIC ALTERNATE DELEGATE,1,8128,JEANETTE,HUNTER,DEAN,SANGAMON,311,DEMOCRATIC,DEM
GP 2004,17TH DEMOCRATIC ALTERNATE DELEGATE,1,8128,JEANETTE,HUNTER,DEAN,HENRY,144,DEMOCRATIC,DEM
GP 2004,17TH DEMOCRATIC ALTERNATE DELEGATE,1,8128,JEANETTE,HUNTER,DEAN,McDONOUGH,85,DEMOCRATIC,DEM
GP 2004,17TH DEMOCRATIC ALTERNATE DELEGATE,1,8128,JEANETTE,HUNTER,DEAN,MACON,421,DEMOCRATIC,DEM
GP 2004,17TH DEMOCRATIC ALTERNATE DELEGATE,1,8128,JEANETTE,HUNTER,DEAN,KNOX,266,DEMOCRATIC,DEM
GP 2004,17TH DEMOCRATIC ALTERNATE DELEGATE,1,8128,JEANETTE,HUNTER,DEAN,ADAMS,298,DEMOCRATIC,DEM
GP 2004,17TH DEMOCRATIC ALTERNATE DELEGATE,1,8128,JEANETTE,HUNTER,DEAN,CHRISTIAN,66,DEMOCRATIC,DEM
GP 2004,6TH DEMOCRATIC ALTERNATE DELEGATE,1,8129,GARY T.,KLEPPE,KUCINICH,COOK,413,DEMOCRATIC,DEM
GP 2004,6TH DEMOCRATIC ALTERNATE DELEGATE,1,8129,GARY T.,KLEPPE,KUCINICH,DuPAGE,1321,DEMOCRATIC,DEM
GP 2004,18TH DEMOCRATIC ALTERNATE DELEGATE,1,8130,MICHAEL P.,EHRAT,DEAN,BROWN,18,DEMOCRATIC,DEM
GP 2004,18TH DEMOCRATIC ALTERNATE DELEGATE,1,8130,MICHAEL P.,EHRAT,DEAN,LOGAN,110,DEMOCRATIC,DEM
GP 2004,18TH DEMOCRATIC ALTERNATE DELEGATE,1,8130,MICHAEL P.,EHRAT,DEAN,SCHUYLER,21,DEMOCRATIC,DEM
GP 2004,18TH DEMOCRATIC ALTERNATE DELEGATE,1,8130,MICHAEL P.,EHRAT,DEAN,MARSHALL,70,DEMOCRATIC,DEM
GP 2004,18TH DEMOCRATIC ALTERNATE DELEGATE,1,8130,MICHAEL P.,EHRAT,DEAN,MENARD,45,DEMOCRATIC,DEM
GP 2004,18TH DEMOCRATIC ALTERNATE DELEGATE,1,8130,MICHAEL P.,EHRAT,DEAN,STARK,32,DEMOCRATIC,DEM
GP 2004,18TH DEMOCRATIC ALTERNATE DELEGATE,1,8130,MICHAEL P.,EHRAT,DEAN,WOODFORD,135,DEMOCRATIC,DEM
GP 2004,18TH DEMOCRATIC ALTERNATE DELEGATE,1,8130,MICHAEL P.,EHRAT,DEAN,MASON,201,DEMOCRATIC,DEM
GP 2004,18TH DEMOCRATIC ALTERNATE DELEGATE,1,8130,MICHAEL P.,EHRAT,DEAN,BUREAU,109,DEMOCRATIC,DEM
GP 2004,18TH DEMOCRATIC ALTERNATE DELEGATE,1,8130,MICHAEL P.,EHRAT,DEAN,PIKE,61,DEMOCRATIC,DEM
GP 2004,18TH DEMOCRATIC ALTERNATE DELEGATE,1,8130,MICHAEL P.,EHRAT,DEAN,CASS,95,DEMOCRATIC,DEM
GP 2004,18TH DEMOCRATIC ALTERNATE DELEGATE,1,8130,MICHAEL P.,EHRAT,DEAN,MORGAN,157,DEMOCRATIC,DEM
GP 2004,18TH DEMOCRATIC ALTERNATE DELEGATE,1,8130,MICHAEL P.,EHRAT,DEAN,PUTNAM,137,DEMOCRATIC,DEM
GP 2004,18TH DEMOCRATIC ALTERNATE DELEGATE,1,8130,MICHAEL P.,EHRAT,DEAN,TAZEWELL,786,DEMOCRATIC,DEM
GP 2004,18TH DEMOCRATIC ALTERNATE DELEGATE,1,8130,MICHAEL P.,EHRAT,DEAN,SANGAMON,380,DEMOCRATIC,DEM
GP 2004,18TH DEMOCRATIC ALTERNATE DELEGATE,1,8130,MICHAEL P.,EHRAT,DEAN,SCOTT,24,DEMOCRATIC,DEM
GP 2004,18TH DEMOCRATIC ALTERNATE DELEGATE,1,8130,MICHAEL P.,EHRAT,DEAN,MACON,148,DEMOCRATIC,DEM
GP 2004,18TH DEMOCRATIC ALTERNATE DELEGATE,1,8130,MICHAEL P.,EHRAT,DEAN,KNOX,49,DEMOCRATIC,DEM
GP 2004,18TH DEMOCRATIC ALTERNATE DELEGATE,1,8130,MICHAEL P.,EHRAT,DEAN,PEORIA,1000,DEMOCRATIC,DEM
GP 2004,18TH DEMOCRATIC ALTERNATE DELEGATE,1,8130,MICHAEL P.,EHRAT,DEAN,ADAMS,49,DEMOCRATIC,DEM
GP 2004,9TH REPUBLICAN ALTERNATE DELEGATE,2,8131,DAVE,SULLIVAN,BUSH,COOK,16678,REPUBLICAN,REP
GP 2004,9TH REPUBLICAN ALTERNATE DELEGATE,2,8132,ROSEMARY,MULLIGAN,BUSH,COOK,16451,REPUBLICAN,REP
GP 2004,8TH DEMOCRATIC ALTERNATE DELEGATE,1,8133,IAIN,ABERNATHY,KUCINICH,LAKE,835,DEMOCRATIC,DEM
GP 2004,8TH DEMOCRATIC ALTERNATE DELEGATE,1,8133,IAIN,ABERNATHY,KUCINICH,McHENRY,225,DEMOCRATIC,DEM
GP 2004,8TH DEMOCRATIC ALTERNATE DELEGATE,1,8133,IAIN,ABERNATHY,KUCINICH,COOK,447,DEMOCRATIC,DEM
GP 2004,13TH REPUBLICAN ALTERNATE DELEGATE,4,8134,KIRK W.,DILLARD,BUSH,WILL,9761,REPUBLICAN,REP
GP 2004,13TH REPUBLICAN ALTERNATE DELEGATE,4,8134,KIRK W.,DILLARD,BUSH,COOK,4793,REPUBLICAN,REP
GP 2004,13TH REPUBLICAN ALTERNATE DELEGATE,4,8134,KIRK W.,DILLARD,BUSH,DuPAGE,27934,REPUBLICAN,REP
GP 2004,13TH REPUBLICAN ALTERNATE DELEGATE,4,8135,PATRICIA R.,BELLOCK,BUSH,WILL,9422,REPUBLICAN,REP
GP 2004,13TH REPUBLICAN ALTERNATE DELEGATE,4,8135,PATRICIA R.,BELLOCK,BUSH,COOK,4611,REPUBLICAN,REP
GP 2004,13TH REPUBLICAN ALTERNATE DELEGATE,4,8135,PATRICIA R.,BELLOCK,BUSH,DuPAGE,27473,REPUBLICAN,REP
GP 2004,13TH REPUBLICAN ALTERNATE DELEGATE,4,8136,ROGER C.,CLAAR,BUSH,WILL,9763,REPUBLICAN,REP
GP 2004,13TH REPUBLICAN ALTERNATE DELEGATE,4,8136,ROGER C.,CLAAR,BUSH,COOK,4522,REPUBLICAN,REP
GP 2004,13TH REPUBLICAN ALTERNATE DELEGATE,4,8136,ROGER C.,CLAAR,BUSH,DuPAGE,26381,REPUBLICAN,REP
GP 2004,13TH REPUBLICAN ALTERNATE DELEGATE,4,8137,MARY F.,BONKOWSKI,BUSH,WILL,9401,REPUBLICAN,REP
GP 2004,13TH REPUBLICAN ALTERNATE DELEGATE,4,8137,MARY F.,BONKOWSKI,BUSH,COOK,4585,REPUBLICAN,REP
GP 2004,13TH REPUBLICAN ALTERNATE DELEGATE,4,8137,MARY F.,BONKOWSKI,BUSH,DuPAGE,26637,REPUBLICAN,REP
GP 2004,15TH REPUBLICAN DELEGATE,4,8138,DAN,RUTHERFORD,BUSH,EDGAR,1240,REPUBLICAN,REP
GP 2004,15TH REPUBLICAN DELEGATE,4,8138,DAN,RUTHERFORD,BUSH,FORD,1287,REPUBLICAN,REP
GP 2004,15TH REPUBLICAN DELEGATE,4,8138,DAN,RUTHERFORD,BUSH,IROQUOIS,2685,REPUBLICAN,REP
GP 2004,15TH REPUBLICAN DELEGATE,4,8138,DAN,RUTHERFORD,BUSH,LIVINGSTON,5795,REPUBLICAN,REP
GP 2004,15TH REPUBLICAN DELEGATE,4,8138,DAN,RUTHERFORD,BUSH,PIATT,1363,REPUBLICAN,REP
GP 2004,15TH REPUBLICAN DELEGATE,4,8138,DAN,RUTHERFORD,BUSH,DOUGLAS,1749,REPUBLICAN,REP
GP 2004,15TH REPUBLICAN DELEGATE,4,8138,DAN,RUTHERFORD,BUSH,COLES,2332,REPUBLICAN,REP
GP 2004,15TH REPUBLICAN DELEGATE,4,8138,DAN,RUTHERFORD,BUSH,EDWARDS,79,REPUBLICAN,REP
GP 2004,15TH REPUBLICAN DELEGATE,4,8138,DAN,RUTHERFORD,BUSH,WHITE,211,REPUBLICAN,REP
GP 2004,15TH REPUBLICAN DELEGATE,4,8138,DAN,RUTHERFORD,BUSH,CRAWFORD,1010,REPUBLICAN,REP
GP 2004,15TH REPUBLICAN DELEGATE,4,8138,DAN,RUTHERFORD,BUSH,SALINE,204,REPUBLICAN,REP
GP 2004,15TH REPUBLICAN DELEGATE,4,8138,DAN,RUTHERFORD,BUSH,CLARK,911,REPUBLICAN,REP
GP 2004,15TH REPUBLICAN DELEGATE,4,8138,DAN,RUTHERFORD,BUSH,GALLATIN,39,REPUBLICAN,REP
GP 2004,15TH REPUBLICAN DELEGATE,4,8138,DAN,RUTHERFORD,BUSH,WABASH,567,REPUBLICAN,REP
GP 2004,15TH REPUBLICAN DELEGATE,4,8138,DAN,RUTHERFORD,BUSH,CHAMPAIGN,11300,REPUBLICAN,REP
GP 2004,15TH REPUBLICAN DELEGATE,4,8138,DAN,RUTHERFORD,BUSH,MACON,1177,REPUBLICAN,REP
GP 2004,15TH REPUBLICAN DELEGATE,4,8138,DAN,RUTHERFORD,BUSH,MOULTRIE,906,REPUBLICAN,REP
GP 2004,15TH REPUBLICAN DELEGATE,4,8138,DAN,RUTHERFORD,BUSH,CUMBERLAND,676,REPUBLICAN,REP
GP 2004,15TH REPUBLICAN DELEGATE,4,8138,DAN,RUTHERFORD,BUSH,LAWRENCE,327,REPUBLICAN,REP
GP 2004,15TH REPUBLICAN DELEGATE,4,8138,DAN,RUTHERFORD,BUSH,DeWITT,2573,REPUBLICAN,REP
GP 2004,15TH REPUBLICAN DELEGATE,4,8138,DAN,RUTHERFORD,BUSH,McLEAN,8830,REPUBLICAN,REP
GP 2004,15TH REPUBLICAN DELEGATE,4,8138,DAN,RUTHERFORD,BUSH,VERMILION,3418,REPUBLICAN,REP
GP 2004,15TH REPUBLICAN DELEGATE,4,8139,BILL,BRADY,BUSH,EDGAR,1247,REPUBLICAN,REP
GP 2004,15TH REPUBLICAN DELEGATE,4,8139,BILL,BRADY,BUSH,FORD,1189,REPUBLICAN,REP
GP 2004,15TH REPUBLICAN DELEGATE,4,8139,BILL,BRADY,BUSH,IROQUOIS,2415,REPUBLICAN,REP
GP 2004,15TH REPUBLICAN DELEGATE,4,8139,BILL,BRADY,BUSH,LIVINGSTON,4891,REPUBLICAN,REP
GP 2004,15TH REPUBLICAN DELEGATE,4,8139,BILL,BRADY,BUSH,PIATT,1351,REPUBLICAN,REP
GP 2004,15TH REPUBLICAN DELEGATE,4,8139,BILL,BRADY,BUSH,DOUGLAS,1727,REPUBLICAN,REP
GP 2004,15TH REPUBLICAN DELEGATE,4,8139,BILL,BRADY,BUSH,COLES,2305,REPUBLICAN,REP
GP 2004,15TH REPUBLICAN DELEGATE,4,8139,BILL,BRADY,BUSH,EDWARDS,70,REPUBLICAN,REP
GP 2004,15TH REPUBLICAN DELEGATE,4,8139,BILL,BRADY,BUSH,WHITE,209,REPUBLICAN,REP
GP 2004,15TH REPUBLICAN DELEGATE,4,8139,BILL,BRADY,BUSH,CRAWFORD,995,REPUBLICAN,REP
GP 2004,15TH REPUBLICAN DELEGATE,4,8139,BILL,BRADY,BUSH,SALINE,197,REPUBLICAN,REP
GP 2004,15TH REPUBLICAN DELEGATE,4,8139,BILL,BRADY,BUSH,CLARK,890,REPUBLICAN,REP
GP 2004,15TH REPUBLICAN DELEGATE,4,8139,BILL,BRADY,BUSH,GALLATIN,41,REPUBLICAN,REP
GP 2004,15TH REPUBLICAN DELEGATE,4,8139,BILL,BRADY,BUSH,WABASH,563,REPUBLICAN,REP
GP 2004,15TH REPUBLICAN DELEGATE,4,8139,BILL,BRADY,BUSH,CHAMPAIGN,11012,REPUBLICAN,REP
GP 2004,15TH REPUBLICAN DELEGATE,4,8139,BILL,BRADY,BUSH,MACON,1183,REPUBLICAN,REP
GP 2004,15TH REPUBLICAN DELEGATE,4,8139,BILL,BRADY,BUSH,MOULTRIE,903,REPUBLICAN,REP
GP 2004,15TH REPUBLICAN DELEGATE,4,8139,BILL,BRADY,BUSH,CUMBERLAND,669,REPUBLICAN,REP
GP 2004,15TH REPUBLICAN DELEGATE,4,8139,BILL,BRADY,BUSH,LAWRENCE,324,REPUBLICAN,REP
GP 2004,15TH REPUBLICAN DELEGATE,4,8139,BILL,BRADY,BUSH,DeWITT,2787,REPUBLICAN,REP
GP 2004,15TH REPUBLICAN DELEGATE,4,8139,BILL,BRADY,BUSH,McLEAN,9020,REPUBLICAN,REP
GP 2004,15TH REPUBLICAN DELEGATE,4,8139,BILL,BRADY,BUSH,VERMILION,3384,REPUBLICAN,REP
GP 2004,15TH REPUBLICAN DELEGATE,4,8140,"WILLIAM B. ""BILL""",BLACK,BUSH,EDGAR,1465,REPUBLICAN,REP
GP 2004,15TH REPUBLICAN DELEGATE,4,8140,"WILLIAM B. ""BILL""",BLACK,BUSH,FORD,1198,REPUBLICAN,REP
GP 2004,15TH REPUBLICAN DELEGATE,4,8140,"WILLIAM B. ""BILL""",BLACK,BUSH,IROQUOIS,2608,REPUBLICAN,REP
GP 2004,15TH REPUBLICAN DELEGATE,4,8140,"WILLIAM B. ""BILL""",BLACK,BUSH,LIVINGSTON,4579,REPUBLICAN,REP
GP 2004,15TH REPUBLICAN DELEGATE,4,8140,"WILLIAM B. ""BILL""",BLACK,BUSH,PIATT,1330,REPUBLICAN,REP
GP 2004,15TH REPUBLICAN DELEGATE,4,8140,"WILLIAM B. ""BILL""",BLACK,BUSH,DOUGLAS,1784,REPUBLICAN,REP
GP 2004,15TH REPUBLICAN DELEGATE,4,8140,"WILLIAM B. ""BILL""",BLACK,BUSH,COLES,2322,REPUBLICAN,REP
GP 2004,15TH REPUBLICAN DELEGATE,4,8140,"WILLIAM B. ""BILL""",BLACK,BUSH,EDWARDS,74,REPUBLICAN,REP
GP 2004,15TH REPUBLICAN DELEGATE,4,8140,"WILLIAM B. ""BILL""",BLACK,BUSH,WHITE,209,REPUBLICAN,REP
GP 2004,15TH REPUBLICAN DELEGATE,4,8140,"WILLIAM B. ""BILL""",BLACK,BUSH,CRAWFORD,992,REPUBLICAN,REP
GP 2004,15TH REPUBLICAN DELEGATE,4,8140,"WILLIAM B. ""BILL""",BLACK,BUSH,SALINE,194,REPUBLICAN,REP
GP 2004,15TH REPUBLICAN DELEGATE,4,8140,"WILLIAM B. ""BILL""",BLACK,BUSH,CLARK,936,REPUBLICAN,REP
GP 2004,15TH REPUBLICAN DELEGATE,4,8140,"WILLIAM B. ""BILL""",BLACK,BUSH,GALLATIN,40,REPUBLICAN,REP
GP 2004,15TH REPUBLICAN DELEGATE,4,8140,"WILLIAM B. ""BILL""",BLACK,BUSH,WABASH,556,REPUBLICAN,REP
GP 2004,15TH REPUBLICAN DELEGATE,4,8140,"WILLIAM B. ""BILL""",BLACK,BUSH,CHAMPAIGN,11517,REPUBLICAN,REP
GP 2004,15TH REPUBLICAN DELEGATE,4,8140,"WILLIAM B. ""BILL""",BLACK,BUSH,MACON,1138,REPUBLICAN,REP
GP 2004,15TH REPUBLICAN DELEGATE,4,8140,"WILLIAM B. ""BILL""",BLACK,BUSH,MOULTRIE,893,REPUBLICAN,REP
GP 2004,15TH REPUBLICAN DELEGATE,4,8140,"WILLIAM B. ""BILL""",BLACK,BUSH,CUMBERLAND,672,REPUBLICAN,REP
GP 2004,15TH REPUBLICAN DELEGATE,4,8140,"WILLIAM B. ""BILL""",BLACK,BUSH,LAWRENCE,312,REPUBLICAN,REP
GP 2004,15TH REPUBLICAN DELEGATE,4,8140,"WILLIAM B. ""BILL""",BLACK,BUSH,DeWITT,2420,REPUBLICAN,REP
GP 2004,15TH REPUBLICAN DELEGATE,4,8140,"WILLIAM B. ""BILL""",BLACK,BUSH,McLEAN,8003,REPUBLICAN,REP
GP 2004,15TH REPUBLICAN DELEGATE,4,8140,"WILLIAM B. ""BILL""",BLACK,BUSH,VERMILION,4070,REPUBLICAN,REP
GP 2004,15TH REPUBLICAN DELEGATE,4,8141,ERIKA N. L.,HAROLD,BUSH,EDGAR,1228,REPUBLICAN,REP
GP 2004,15TH REPUBLICAN DELEGATE,4,8141,ERIKA N. L.,HAROLD,BUSH,FORD,1172,REPUBLICAN,REP
GP 2004,15TH REPUBLICAN DELEGATE,4,8141,ERIKA N. L.,HAROLD,BUSH,IROQUOIS,2373,REPUBLICAN,REP
GP 2004,15TH REPUBLICAN DELEGATE,4,8141,ERIKA N. L.,HAROLD,BUSH,LIVINGSTON,4561,REPUBLICAN,REP
GP 2004,15TH REPUBLICAN DELEGATE,4,8141,ERIKA N. L.,HAROLD,BUSH,PIATT,1321,REPUBLICAN,REP
GP 2004,15TH REPUBLICAN DELEGATE,4,8141,ERIKA N. L.,HAROLD,BUSH,DOUGLAS,1737,REPUBLICAN,REP
GP 2004,15TH REPUBLICAN DELEGATE,4,8141,ERIKA N. L.,HAROLD,BUSH,COLES,2284,REPUBLICAN,REP
GP 2004,15TH REPUBLICAN DELEGATE,4,8141,ERIKA N. L.,HAROLD,BUSH,EDWARDS,70,REPUBLICAN,REP
GP 2004,15TH REPUBLICAN DELEGATE,4,8141,ERIKA N. L.,HAROLD,BUSH,WHITE,206,REPUBLICAN,REP
GP 2004,15TH REPUBLICAN DELEGATE,4,8141,ERIKA N. L.,HAROLD,BUSH,CRAWFORD,982,REPUBLICAN,REP
GP 2004,15TH REPUBLICAN DELEGATE,4,8141,ERIKA N. L.,HAROLD,BUSH,SALINE,192,REPUBLICAN,REP
GP 2004,15TH REPUBLICAN DELEGATE,4,8141,ERIKA N. L.,HAROLD,BUSH,CLARK,887,REPUBLICAN,REP
GP 2004,15TH REPUBLICAN DELEGATE,4,8141,ERIKA N. L.,HAROLD,BUSH,GALLATIN,39,REPUBLICAN,REP
GP 2004,15TH REPUBLICAN DELEGATE,4,8141,ERIKA N. L.,HAROLD,BUSH,WABASH,558,REPUBLICAN,REP
GP 2004,15TH REPUBLICAN DELEGATE,4,8141,ERIKA N. L.,HAROLD,BUSH,CHAMPAIGN,11298,REPUBLICAN,REP
GP 2004,15TH REPUBLICAN DELEGATE,4,8141,ERIKA N. L.,HAROLD,BUSH,MACON,1138,REPUBLICAN,REP
GP 2004,15TH REPUBLICAN DELEGATE,4,8141,ERIKA N. L.,HAROLD,BUSH,MOULTRIE,897,REPUBLICAN,REP
GP 2004,15TH REPUBLICAN DELEGATE,4,8141,ERIKA N. L.,HAROLD,BUSH,CUMBERLAND,665,REPUBLICAN,REP
GP 2004,15TH REPUBLICAN DELEGATE,4,8141,ERIKA N. L.,HAROLD,BUSH,LAWRENCE,318,REPUBLICAN,REP
GP 2004,15TH REPUBLICAN DELEGATE,4,8141,ERIKA N. L.,HAROLD,BUSH,DeWITT,2444,REPUBLICAN,REP
GP 2004,15TH REPUBLICAN DELEGATE,4,8141,ERIKA N. L.,HAROLD,BUSH,McLEAN,8043,REPUBLICAN,REP
GP 2004,15TH REPUBLICAN DELEGATE,4,8141,ERIKA N. L.,HAROLD,BUSH,VERMILION,3388,REPUBLICAN,REP
GP 2004,1ST REPUBLICAN DELEGATE,2,8142,MAUREEN,MURPHY,BUSH,COOK,7720,REPUBLICAN,REP
GP 2004,1ST REPUBLICAN DELEGATE,2,8143,LORI S.,YOKOYAMA,BUSH,COOK,6881,REPUBLICAN,REP
GP 2004,5TH DEMOCRATIC DELEGATE,6,8144,"MARGARET J. ""PEGGY""",BELL,KUCINICH,COOK,8291,DEMOCRATIC,DEM
GP 2004,5TH DEMOCRATIC DELEGATE,6,8145,JAMES C.,SORRELS,KUCINICH,COOK,5105,DEMOCRATIC,DEM
GP 2004,5TH DEMOCRATIC DELEGATE,6,8146,MARY ELLEN,McDONAGH,KUCINICH,COOK,7064,DEMOCRATIC,DEM
GP 2004,5TH DEMOCRATIC DELEGATE,6,8147,JASON F.,KEPPE,KUCINICH,COOK,4204,DEMOCRATIC,DEM
GP 2004,5TH DEMOCRATIC DELEGATE,6,8148,"JACQUELINE L. ""JACKIE""",McKAY,KUCINICH,COOK,5998,DEMOCRATIC,DEM
GP 2004,5TH DEMOCRATIC DELEGATE,6,8149,DANIEL,BIRKHAHN-ROMMELFANGER,KUCINICH,COOK,4330,DEMOCRATIC,DEM
GP 2004,7TH DEMOCRATIC DELEGATE,8,8150,RICHARD,BREYER,KUCINICH,COOK,3149,DEMOCRATIC,DEM
GP 2004,7TH DEMOCRATIC DELEGATE,8,8151,MARY JEAN,CRAVENS,KUCINICH,COOK,3722,DEMOCRATIC,DEM
GP 2004,7TH DEMOCRATIC DELEGATE,8,8152,BABAK,BAKHTIARI,KUCINICH,COOK,2771,DEMOCRATIC,DEM
GP 2004,7TH DEMOCRATIC DELEGATE,8,8153,LESLIE,ROBERTS,KUCINICH,COOK,3866,DEMOCRATIC,DEM
GP 2004,7TH DEMOCRATIC DELEGATE,8,8154,BRUCE,SAMUELS,KUCINICH,COOK,3264,DEMOCRATIC,DEM
GP 2004,7TH DEMOCRATIC DELEGATE,8,8155,MARGO,DUMELLE,KUCINICH,COOK,2772,DEMOCRATIC,DEM
GP 2004,7TH DEMOCRATIC DELEGATE,8,8156,MARY,O'KIERSEY,KUCINICH,COOK,3408,DEMOCRATIC,DEM
GP 2004,7TH DEMOCRATIC DELEGATE,8,8157,BARBARA A.,MULLARKEY,KUCINICH,COOK,4461,DEMOCRATIC,DEM
GP 2004,1ST REPUBLICAN ALTERNATE DELEGATE,2,8158,PATRICK E.,REA,BUSH,COOK,7193,REPUBLICAN,REP
GP 2004,1ST REPUBLICAN ALTERNATE DELEGATE,2,8159,WILLIAM F.,MAHAR,BUSH,COOK,7255,REPUBLICAN,REP
GP 2004,2ND REPUBLICAN DELEGATE,2,8160,CHRISTOPHER ALAN,BULLOCK,BUSH,WILL,203,REPUBLICAN,REP
GP 2004,2ND REPUBLICAN DELEGATE,2,8160,CHRISTOPHER ALAN,BULLOCK,BUSH,COOK,9155,REPUBLICAN,REP
GP 2004,2ND REPUBLICAN DELEGATE,2,8161,JUDY A.,DIEKELMAN,BUSH,WILL,216,REPUBLICAN,REP
GP 2004,2ND REPUBLICAN DELEGATE,2,8161,JUDY A.,DIEKELMAN,BUSH,COOK,9085,REPUBLICAN,REP
GP 2004,9TH DEMOCRATIC DELEGATE,6,8162,"ELIZABETH T. ""BETH""",BOWMAN,KUCINICH,COOK,7768,DEMOCRATIC,DEM
GP 2004,9TH DEMOCRATIC DELEGATE,6,8163,RALPH,INTAGLIATA,KUCINICH,COOK,4788,DEMOCRATIC,DEM
GP 2004,9TH DEMOCRATIC DELEGATE,6,8164,SohYOON,ATAC,KUCINICH,COOK,5131,DEMOCRATIC,DEM
GP 2004,9TH DEMOCRATIC DELEGATE,6,8165,DAVID,BLATT,KUCINICH,COOK,4907,DEMOCRATIC,DEM
GP 2004,9TH DEMOCRATIC DELEGATE,6,8166,CHERYL,ANGELACCIO,KUCINICH,COOK,5254,DEMOCRATIC,DEM
GP 2004,9TH DEMOCRATIC DELEGATE,6,8167,GLENN W.,FRITZ,KUCINICH,COOK,4196,DEMOCRATIC,DEM
GP 2004,15TH REPUBLICAN ALTERNATE DELEGATE,4,8168,DALE A.,RIGHTER,BUSH,EDGAR,1511,REPUBLICAN,REP
GP 2004,15TH REPUBLICAN ALTERNATE DELEGATE,4,8168,DALE A.,RIGHTER,BUSH,FORD,1164,REPUBLICAN,REP
GP 2004,15TH REPUBLICAN ALTERNATE DELEGATE,4,8168,DALE A.,RIGHTER,BUSH,IROQUOIS,2393,REPUBLICAN,REP
GP 2004,15TH REPUBLICAN ALTERNATE DELEGATE,4,8168,DALE A.,RIGHTER,BUSH,LIVINGSTON,4642,REPUBLICAN,REP
GP 2004,15TH REPUBLICAN ALTERNATE DELEGATE,4,8168,DALE A.,RIGHTER,BUSH,PIATT,1350,REPUBLICAN,REP
GP 2004,15TH REPUBLICAN ALTERNATE DELEGATE,4,8168,DALE A.,RIGHTER,BUSH,DOUGLAS,1877,REPUBLICAN,REP
GP 2004,15TH REPUBLICAN ALTERNATE DELEGATE,4,8168,DALE A.,RIGHTER,BUSH,COLES,2591,REPUBLICAN,REP
GP 2004,15TH REPUBLICAN ALTERNATE DELEGATE,4,8168,DALE A.,RIGHTER,BUSH,EDWARDS,81,REPUBLICAN,REP
GP 2004,15TH REPUBLICAN ALTERNATE DELEGATE,4,8168,DALE A.,RIGHTER,BUSH,WHITE,212,REPUBLICAN,REP
GP 2004,15TH REPUBLICAN ALTERNATE DELEGATE,4,8168,DALE A.,RIGHTER,BUSH,CRAWFORD,1064,REPUBLICAN,REP
GP 2004,15TH REPUBLICAN ALTERNATE DELEGATE,4,8168,DALE A.,RIGHTER,BUSH,SALINE,181,REPUBLICAN,REP
GP 2004,15TH REPUBLICAN ALTERNATE DELEGATE,4,8168,DALE A.,RIGHTER,BUSH,CLARK,1076,REPUBLICAN,REP
GP 2004,15TH REPUBLICAN ALTERNATE DELEGATE,4,8168,DALE A.,RIGHTER,BUSH,GALLATIN,38,REPUBLICAN,REP
GP 2004,15TH REPUBLICAN ALTERNATE DELEGATE,4,8168,DALE A.,RIGHTER,BUSH,WABASH,605,REPUBLICAN,REP
GP 2004,15TH REPUBLICAN ALTERNATE DELEGATE,4,8168,DALE A.,RIGHTER,BUSH,CHAMPAIGN,11081,REPUBLICAN,REP
GP 2004,15TH REPUBLICAN ALTERNATE DELEGATE,4,8168,DALE A.,RIGHTER,BUSH,MACON,1153,REPUBLICAN,REP
GP 2004,15TH REPUBLICAN ALTERNATE DELEGATE,4,8168,DALE A.,RIGHTER,BUSH,MOULTRIE,972,REPUBLICAN,REP
GP 2004,15TH REPUBLICAN ALTERNATE DELEGATE,4,8168,DALE A.,RIGHTER,BUSH,CUMBERLAND,734,REPUBLICAN,REP
GP 2004,15TH REPUBLICAN ALTERNATE DELEGATE,4,8168,DALE A.,RIGHTER,BUSH,LAWRENCE,336,REPUBLICAN,REP
GP 2004,15TH REPUBLICAN ALTERNATE DELEGATE,4,8168,DALE A.,RIGHTER,BUSH,DeWITT,2491,REPUBLICAN,REP
GP 2004,15TH REPUBLICAN ALTERNATE DELEGATE,4,8168,DALE A.,RIGHTER,BUSH,McLEAN,7929,REPUBLICAN,REP
GP 2004,15TH REPUBLICAN ALTERNATE DELEGATE,4,8168,DALE A.,RIGHTER,BUSH,VERMILION,3617,REPUBLICAN,REP
GP 2004,15TH REPUBLICAN ALTERNATE DELEGATE,4,8169,L. FRED,WELCH,BUSH,EDGAR,1203,REPUBLICAN,REP
GP 2004,15TH REPUBLICAN ALTERNATE DELEGATE,4,8169,L. FRED,WELCH,BUSH,FORD,1141,REPUBLICAN,REP
GP 2004,15TH REPUBLICAN ALTERNATE DELEGATE,4,8169,L. FRED,WELCH,BUSH,IROQUOIS,2352,REPUBLICAN,REP
GP 2004,15TH REPUBLICAN ALTERNATE DELEGATE,4,8169,L. FRED,WELCH,BUSH,LIVINGSTON,4581,REPUBLICAN,REP
GP 2004,15TH REPUBLICAN ALTERNATE DELEGATE,4,8169,L. FRED,WELCH,BUSH,PIATT,1256,REPUBLICAN,REP
GP 2004,15TH REPUBLICAN ALTERNATE DELEGATE,4,8169,L. FRED,WELCH,BUSH,DOUGLAS,1669,REPUBLICAN,REP
GP 2004,15TH REPUBLICAN ALTERNATE DELEGATE,4,8169,L. FRED,WELCH,BUSH,COLES,2207,REPUBLICAN,REP
GP 2004,15TH REPUBLICAN ALTERNATE DELEGATE,4,8169,L. FRED,WELCH,BUSH,EDWARDS,79,REPUBLICAN,REP
GP 2004,15TH REPUBLICAN ALTERNATE DELEGATE,4,8169,L. FRED,WELCH,BUSH,WHITE,206,REPUBLICAN,REP
GP 2004,15TH REPUBLICAN ALTERNATE DELEGATE,4,8169,L. FRED,WELCH,BUSH,CRAWFORD,975,REPUBLICAN,REP
GP 2004,15TH REPUBLICAN ALTERNATE DELEGATE,4,8169,L. FRED,WELCH,BUSH,SALINE,174,REPUBLICAN,REP
GP 2004,15TH REPUBLICAN ALTERNATE DELEGATE,4,8169,L. FRED,WELCH,BUSH,CLARK,856,REPUBLICAN,REP
GP 2004,15TH REPUBLICAN ALTERNATE DELEGATE,4,8169,L. FRED,WELCH,BUSH,GALLATIN,38,REPUBLICAN,REP
GP 2004,15TH REPUBLICAN ALTERNATE DELEGATE,4,8169,L. FRED,WELCH,BUSH,WABASH,557,REPUBLICAN,REP
GP 2004,15TH REPUBLICAN ALTERNATE DELEGATE,4,8169,L. FRED,WELCH,BUSH,CHAMPAIGN,11085,REPUBLICAN,REP
GP 2004,15TH REPUBLICAN ALTERNATE DELEGATE,4,8169,L. FRED,WELCH,BUSH,MACON,1116,REPUBLICAN,REP
GP 2004,15TH REPUBLICAN ALTERNATE DELEGATE,4,8169,L. FRED,WELCH,BUSH,MOULTRIE,847,REPUBLICAN,REP
GP 2004,15TH REPUBLICAN ALTERNATE DELEGATE,4,8169,L. FRED,WELCH,BUSH,CUMBERLAND,645,REPUBLICAN,REP
GP 2004,15TH REPUBLICAN ALTERNATE DELEGATE,4,8169,L. FRED,WELCH,BUSH,LAWRENCE,302,REPUBLICAN,REP
GP 2004,15TH REPUBLICAN ALTERNATE DELEGATE,4,8169,L. FRED,WELCH,BUSH,DeWITT,2454,REPUBLICAN,REP
GP 2004,15TH REPUBLICAN ALTERNATE DELEGATE,4,8169,L. FRED,WELCH,BUSH,McLEAN,7792,REPUBLICAN,REP
GP 2004,15TH REPUBLICAN ALTERNATE DELEGATE,4,8169,L. FRED,WELCH,BUSH,VERMILION,3385,REPUBLICAN,REP
GP 2004,15TH REPUBLICAN ALTERNATE DELEGATE,4,8170,CONNIE L.,NORD,BUSH,EDGAR,1195,REPUBLICAN,REP
GP 2004,15TH REPUBLICAN ALTERNATE DELEGATE,4,8170,CONNIE L.,NORD,BUSH,FORD,1153,REPUBLICAN,REP
GP 2004,15TH REPUBLICAN ALTERNATE DELEGATE,4,8170,CONNIE L.,NORD,BUSH,IROQUOIS,2384,REPUBLICAN,REP
GP 2004,15TH REPUBLICAN ALTERNATE DELEGATE,4,8170,CONNIE L.,NORD,BUSH,LIVINGSTON,4638,REPUBLICAN,REP
GP 2004,15TH REPUBLICAN ALTERNATE DELEGATE,4,8170,CONNIE L.,NORD,BUSH,PIATT,1255,REPUBLICAN,REP
GP 2004,15TH REPUBLICAN ALTERNATE DELEGATE,4,8170,CONNIE L.,NORD,BUSH,DOUGLAS,1679,REPUBLICAN,REP
GP 2004,15TH REPUBLICAN ALTERNATE DELEGATE,4,8170,CONNIE L.,NORD,BUSH,COLES,2222,REPUBLICAN,REP
GP 2004,15TH REPUBLICAN ALTERNATE DELEGATE,4,8170,CONNIE L.,NORD,BUSH,EDWARDS,76,REPUBLICAN,REP
GP 2004,15TH REPUBLICAN ALTERNATE DELEGATE,4,8170,CONNIE L.,NORD,BUSH,WHITE,209,REPUBLICAN,REP
GP 2004,15TH REPUBLICAN ALTERNATE DELEGATE,4,8170,CONNIE L.,NORD,BUSH,CRAWFORD,972,REPUBLICAN,REP
GP 2004,15TH REPUBLICAN ALTERNATE DELEGATE,4,8170,CONNIE L.,NORD,BUSH,SALINE,172,REPUBLICAN,REP
GP 2004,15TH REPUBLICAN ALTERNATE DELEGATE,4,8170,CONNIE L.,NORD,BUSH,CLARK,861,REPUBLICAN,REP
GP 2004,15TH REPUBLICAN ALTERNATE DELEGATE,4,8170,CONNIE L.,NORD,BUSH,GALLATIN,39,REPUBLICAN,REP
GP 2004,15TH REPUBLICAN ALTERNATE DELEGATE,4,8170,CONNIE L.,NORD,BUSH,WABASH,567,REPUBLICAN,REP
GP 2004,15TH REPUBLICAN ALTERNATE DELEGATE,4,8170,CONNIE L.,NORD,BUSH,CHAMPAIGN,10906,REPUBLICAN,REP
GP 2004,15TH REPUBLICAN ALTERNATE DELEGATE,4,8170,CONNIE L.,NORD,BUSH,MACON,1116,REPUBLICAN,REP
GP 2004,15TH REPUBLICAN ALTERNATE DELEGATE,4,8170,CONNIE L.,NORD,BUSH,MOULTRIE,844,REPUBLICAN,REP
GP 2004,15TH REPUBLICAN ALTERNATE DELEGATE,4,8170,CONNIE L.,NORD,BUSH,CUMBERLAND,646,REPUBLICAN,REP
GP 2004,15TH REPUBLICAN ALTERNATE DELEGATE,4,8170,CONNIE L.,NORD,BUSH,LAWRENCE,307,REPUBLICAN,REP
GP 2004,15TH REPUBLICAN ALTERNATE DELEGATE,4,8170,CONNIE L.,NORD,BUSH,DeWITT,2560,REPUBLICAN,REP
GP 2004,15TH REPUBLICAN ALTERNATE DELEGATE,4,8170,CONNIE L.,NORD,BUSH,McLEAN,8357,REPUBLICAN,REP
GP 2004,15TH REPUBLICAN ALTERNATE DELEGATE,4,8170,CONNIE L.,NORD,BUSH,VERMILION,3417,REPUBLICAN,REP
GP 2004,15TH REPUBLICAN ALTERNATE DELEGATE,4,8171,DAVID A.,ALBIN,BUSH,EDGAR,1241,REPUBLICAN,REP
GP 2004,15TH REPUBLICAN ALTERNATE DELEGATE,4,8171,DAVID A.,ALBIN,BUSH,FORD,1139,REPUBLICAN,REP
GP 2004,15TH REPUBLICAN ALTERNATE DELEGATE,4,8171,DAVID A.,ALBIN,BUSH,IROQUOIS,2339,REPUBLICAN,REP
GP 2004,15TH REPUBLICAN ALTERNATE DELEGATE,4,8171,DAVID A.,ALBIN,BUSH,LIVINGSTON,4536,REPUBLICAN,REP
GP 2004,15TH REPUBLICAN ALTERNATE DELEGATE,4,8171,DAVID A.,ALBIN,BUSH,PIATT,1250,REPUBLICAN,REP
GP 2004,15TH REPUBLICAN ALTERNATE DELEGATE,4,8171,DAVID A.,ALBIN,BUSH,DOUGLAS,1757,REPUBLICAN,REP
GP 2004,15TH REPUBLICAN ALTERNATE DELEGATE,4,8171,DAVID A.,ALBIN,BUSH,COLES,2219,REPUBLICAN,REP
GP 2004,15TH REPUBLICAN ALTERNATE DELEGATE,4,8171,DAVID A.,ALBIN,BUSH,EDWARDS,81,REPUBLICAN,REP
GP 2004,15TH REPUBLICAN ALTERNATE DELEGATE,4,8171,DAVID A.,ALBIN,BUSH,WHITE,205,REPUBLICAN,REP
GP 2004,15TH REPUBLICAN ALTERNATE DELEGATE,4,8171,DAVID A.,ALBIN,BUSH,CRAWFORD,967,REPUBLICAN,REP
GP 2004,15TH REPUBLICAN ALTERNATE DELEGATE,4,8171,DAVID A.,ALBIN,BUSH,SALINE,172,REPUBLICAN,REP
GP 2004,15TH REPUBLICAN ALTERNATE DELEGATE,4,8171,DAVID A.,ALBIN,BUSH,CLARK,851,REPUBLICAN,REP
GP 2004,15TH REPUBLICAN ALTERNATE DELEGATE,4,8171,DAVID A.,ALBIN,BUSH,GALLATIN,38,REPUBLICAN,REP
GP 2004,15TH REPUBLICAN ALTERNATE DELEGATE,4,8171,DAVID A.,ALBIN,BUSH,WABASH,559,REPUBLICAN,REP
GP 2004,15TH REPUBLICAN ALTERNATE DELEGATE,4,8171,DAVID A.,ALBIN,BUSH,CHAMPAIGN,10899,REPUBLICAN,REP
GP 2004,15TH REPUBLICAN ALTERNATE DELEGATE,4,8171,DAVID A.,ALBIN,BUSH,MACON,1113,REPUBLICAN,REP
GP 2004,15TH REPUBLICAN ALTERNATE DELEGATE,4,8171,DAVID A.,ALBIN,BUSH,MOULTRIE,846,REPUBLICAN,REP
GP 2004,15TH REPUBLICAN ALTERNATE DELEGATE,4,8171,DAVID A.,ALBIN,BUSH,CUMBERLAND,660,REPUBLICAN,REP
GP 2004,15TH REPUBLICAN ALTERNATE DELEGATE,4,8171,DAVID A.,ALBIN,BUSH,LAWRENCE,303,REPUBLICAN,REP
GP 2004,15TH REPUBLICAN ALTERNATE DELEGATE,4,8171,DAVID A.,ALBIN,BUSH,DeWITT,2443,REPUBLICAN,REP
GP 2004,15TH REPUBLICAN ALTERNATE DELEGATE,4,8171,DAVID A.,ALBIN,BUSH,McLEAN,7730,REPUBLICAN,REP
GP 2004,15TH REPUBLICAN ALTERNATE DELEGATE,4,8171,DAVID A.,ALBIN,BUSH,VERMILION,3421,REPUBLICAN,REP
GP 2004,9TH DEMOCRATIC ALTERNATE DELEGATE,1,8172,DAWN,DOERING-SUTER,KUCINICH,COOK,4890,DEMOCRATIC,DEM
GP 2004,5TH DEMOCRATIC ALTERNATE DELEGATE,1,8173,ROBIN,FLANAGAN,KUCINICH,COOK,8811,DEMOCRATIC,DEM
GP 2004,2ND REPUBLICAN ALTERNATE DELEGATE,2,8174,ADRIANO S.,"OLIVAR, JR.",BUSH,WILL,199,REPUBLICAN,REP
GP 2004,2ND REPUBLICAN ALTERNATE DELEGATE,2,8174,ADRIANO S.,"OLIVAR, JR.",BUSH,COOK,8540,REPUBLICAN,REP
GP 2004,2ND REPUBLICAN ALTERNATE DELEGATE,2,8175,"PATRICE J. ""PAT""",BARR,BUSH,WILL,219,REPUBLICAN,REP
GP 2004,2ND REPUBLICAN ALTERNATE DELEGATE,2,8175,"PATRICE J. ""PAT""",BARR,BUSH,COOK,8847,REPUBLICAN,REP
GP 2004,8TH DEMOCRATIC DELEGATE,4,8176,ERIC,ANGELL,KUCINICH,LAKE,593,DEMOCRATIC,DEM
GP 2004,8TH DEMOCRATIC DELEGATE,4,8176,ERIC,ANGELL,KUCINICH,McHENRY,233,DEMOCRATIC,DEM
GP 2004,8TH DEMOCRATIC DELEGATE,4,8176,ERIC,ANGELL,KUCINICH,COOK,495,DEMOCRATIC,DEM
GP 2004,8TH DEMOCRATIC DELEGATE,4,8177,JENNIFER,ROGERS,KUCINICH,LAKE,1098,DEMOCRATIC,DEM
GP 2004,8TH DEMOCRATIC DELEGATE,4,8177,JENNIFER,ROGERS,KUCINICH,McHENRY,344,DEMOCRATIC,DEM
GP 2004,8TH DEMOCRATIC DELEGATE,4,8177,JENNIFER,ROGERS,KUCINICH,COOK,676,DEMOCRATIC,DEM
GP 2004,8TH DEMOCRATIC DELEGATE,4,8178,SEENU,GARIMELLA,KUCINICH,LAKE,428,DEMOCRATIC,DEM
GP 2004,8TH DEMOCRATIC DELEGATE,4,8178,SEENU,GARIMELLA,KUCINICH,McHENRY,178,DEMOCRATIC,DEM
GP 2004,8TH DEMOCRATIC DELEGATE,4,8178,SEENU,GARIMELLA,KUCINICH,COOK,327,DEMOCRATIC,DEM
GP 2004,8TH DEMOCRATIC DELEGATE,4,8179,SALLY,BROWN,KUCINICH,LAKE,1037,DEMOCRATIC,DEM
GP 2004,8TH DEMOCRATIC DELEGATE,4,8179,SALLY,BROWN,KUCINICH,McHENRY,314,DEMOCRATIC,DEM
GP 2004,8TH DEMOCRATIC DELEGATE,4,8179,SALLY,BROWN,KUCINICH,COOK,539,DEMOCRATIC,DEM
GP 2004,8TH REPUBLICAN DELEGATE,4,8180,ADELINE JAY,GEO-KARIS,BUSH,LAKE,23090,REPUBLICAN,REP
GP 2004,8TH REPUBLICAN DELEGATE,4,8180,ADELINE JAY,GEO-KARIS,BUSH,McHENRY,8394,REPUBLICAN,REP
GP 2004,8TH REPUBLICAN DELEGATE,4,8180,ADELINE JAY,GEO-KARIS,BUSH,COOK,8592,REPUBLICAN,REP
GP 2004,8TH REPUBLICAN DELEGATE,4,8181,GILBERT G.,RUIZ,BUSH,LAKE,17890,REPUBLICAN,REP
GP 2004,8TH REPUBLICAN DELEGATE,4,8181,GILBERT G.,RUIZ,BUSH,McHENRY,7942,REPUBLICAN,REP
GP 2004,8TH REPUBLICAN DELEGATE,4,8181,GILBERT G.,RUIZ,BUSH,COOK,8254,REPUBLICAN,REP
GP 2004,8TH REPUBLICAN DELEGATE,4,8182,RICHARD E.,MACK,BUSH,LAKE,18867,REPUBLICAN,REP
GP 2004,8TH REPUBLICAN DELEGATE,4,8182,RICHARD E.,MACK,BUSH,McHENRY,8488,REPUBLICAN,REP
GP 2004,8TH REPUBLICAN DELEGATE,4,8182,RICHARD E.,MACK,BUSH,COOK,8396,REPUBLICAN,REP
GP 2004,8TH REPUBLICAN DELEGATE,4,8183,ROBERT W.,CHURCHILL,BUSH,LAKE,21247,REPUBLICAN,REP
GP 2004,8TH REPUBLICAN DELEGATE,4,8183,ROBERT W.,CHURCHILL,BUSH,McHENRY,8215,REPUBLICAN,REP
GP 2004,8TH REPUBLICAN DELEGATE,4,8183,ROBERT W.,CHURCHILL,BUSH,COOK,8312,REPUBLICAN,REP
GP 2004,4TH REPUBLICAN DELEGATE,2,8184,RAMIRO,GONZALEZ,BUSH,COOK,3890,REPUBLICAN,REP
GP 2004,4TH REPUBLICAN DELEGATE,2,8185,FRANCISCO,PEREZ,BUSH,COOK,3394,REPUBLICAN,REP
GP 2004,10TH REPUBLICAN DELEGATE,4,8186,THOMAS G.,ADAMS,BUSH,LAKE,10873,REPUBLICAN,REP
GP 2004,10TH REPUBLICAN DELEGATE,4,8186,THOMAS G.,ADAMS,BUSH,COOK,22624,REPUBLICAN,REP
GP 2004,10TH REPUBLICAN DELEGATE,4,8187,MARK W.,PETERSON,BUSH,LAKE,11036,REPUBLICAN,REP
GP 2004,10TH REPUBLICAN DELEGATE,4,8187,MARK W.,PETERSON,BUSH,COOK,22594,REPUBLICAN,REP
GP 2004,10TH REPUBLICAN DELEGATE,4,8188,RICHARD S.,WILLIAMSON,BUSH,LAKE,10554,REPUBLICAN,REP
GP 2004,10TH REPUBLICAN DELEGATE,4,8188,RICHARD S.,WILLIAMSON,BUSH,COOK,22394,REPUBLICAN,REP
GP 2004,10TH REPUBLICAN DELEGATE,4,8189,SHEILA A.,WEINBERG,BUSH,LAKE,10903,REPUBLICAN,REP
GP 2004,10TH REPUBLICAN DELEGATE,4,8189,SHEILA A.,WEINBERG,BUSH,COOK,22512,REPUBLICAN,REP
GP 2004,10TH DEMOCRATIC DELEGATE,5,8190,"JUDITH ""JUDY""",GALLAGHER,KUCINICH,LAKE,1514,DEMOCRATIC,DEM
GP 2004,10TH DEMOCRATIC DELEGATE,5,8190,"JUDITH ""JUDY""",GALLAGHER,KUCINICH,COOK,1439,DEMOCRATIC,DEM
GP 2004,10TH DEMOCRATIC DELEGATE,5,8191,SCOTT L.,ROOS,KUCINICH,LAKE,738,DEMOCRATIC,DEM
GP 2004,10TH DEMOCRATIC DELEGATE,5,8191,SCOTT L.,ROOS,KUCINICH,COOK,785,DEMOCRATIC,DEM
GP 2004,10TH DEMOCRATIC DELEGATE,5,8192,LAURA,BERNSTEIN,KUCINICH,LAKE,1716,DEMOCRATIC,DEM
GP 2004,10TH DEMOCRATIC DELEGATE,5,8192,LAURA,BERNSTEIN,KUCINICH,COOK,1255,DEMOCRATIC,DEM
GP 2004,10TH DEMOCRATIC DELEGATE,5,8193,"FREDRICK E. ""FRED""",DOWNEY,KUCINICH,LAKE,775,DEMOCRATIC,DEM
GP 2004,10TH DEMOCRATIC DELEGATE,5,8193,"FREDRICK E. ""FRED""",DOWNEY,KUCINICH,COOK,708,DEMOCRATIC,DEM
GP 2004,10TH DEMOCRATIC DELEGATE,5,8194,KRISTI,SMITH,KUCINICH,LAKE,842,DEMOCRATIC,DEM
GP 2004,10TH DEMOCRATIC DELEGATE,5,8194,KRISTI,SMITH,KUCINICH,COOK,842,DEMOCRATIC,DEM
GP 2004,3RD REPUBLICAN DELEGATE,2,8195,WILLIAM A.,O'CONNOR,BUSH,COOK,18629,REPUBLICAN,REP
GP 2004,3RD REPUBLICAN DELEGATE,2,8196,PATRICIA M.,PAVLICH,BUSH,COOK,17632,REPUBLICAN,REP
GP 2004,11TH DEMOCRATIC DELEGATE,5,8197,DIEGO,ALVARADO,KUCINICH,LIVINGSTON,1,DEMOCRATIC,DEM
GP 2004,11TH DEMOCRATIC DELEGATE,5,8197,DIEGO,ALVARADO,KUCINICH,WOODFORD,23,DEMOCRATIC,DEM
GP 2004,11TH DEMOCRATIC DELEGATE,5,8197,DIEGO,ALVARADO,KUCINICH,BUREAU,71,DEMOCRATIC,DEM
GP 2004,11TH DEMOCRATIC DELEGATE,5,8197,DIEGO,ALVARADO,KUCINICH,WILL,1396,DEMOCRATIC,DEM
GP 2004,11TH DEMOCRATIC DELEGATE,5,8197,DIEGO,ALVARADO,KUCINICH,GRUNDY,102,DEMOCRATIC,DEM
GP 2004,11TH DEMOCRATIC DELEGATE,5,8197,DIEGO,ALVARADO,KUCINICH,LaSALLE,305,DEMOCRATIC,DEM
GP 2004,11TH DEMOCRATIC DELEGATE,5,8197,DIEGO,ALVARADO,KUCINICH,KANKAKEE,282,DEMOCRATIC,DEM
GP 2004,11TH DEMOCRATIC DELEGATE,5,8197,DIEGO,ALVARADO,KUCINICH,McLEAN,365,DEMOCRATIC,DEM
GP 2004,11TH DEMOCRATIC DELEGATE,5,8198,MELODY,JUSTUS,KUCINICH,LIVINGSTON,0,DEMOCRATIC,DEM
GP 2004,11TH DEMOCRATIC DELEGATE,5,8198,MELODY,JUSTUS,KUCINICH,WOODFORD,27,DEMOCRATIC,DEM
GP 2004,11TH DEMOCRATIC DELEGATE,5,8198,MELODY,JUSTUS,KUCINICH,BUREAU,80,DEMOCRATIC,DEM
GP 2004,11TH DEMOCRATIC DELEGATE,5,8198,MELODY,JUSTUS,KUCINICH,WILL,1124,DEMOCRATIC,DEM
GP 2004,11TH DEMOCRATIC DELEGATE,5,8198,MELODY,JUSTUS,KUCINICH,GRUNDY,108,DEMOCRATIC,DEM
GP 2004,11TH DEMOCRATIC DELEGATE,5,8198,MELODY,JUSTUS,KUCINICH,LaSALLE,221,DEMOCRATIC,DEM
GP 2004,11TH DEMOCRATIC DELEGATE,5,8198,MELODY,JUSTUS,KUCINICH,KANKAKEE,325,DEMOCRATIC,DEM
GP 2004,11TH DEMOCRATIC DELEGATE,5,8198,MELODY,JUSTUS,KUCINICH,McLEAN,348,DEMOCRATIC,DEM
GP 2004,11TH DEMOCRATIC DELEGATE,5,8199,JONATHAN,LAESCH,KUCINICH,LIVINGSTON,2,DEMOCRATIC,DEM
GP 2004,11TH DEMOCRATIC DELEGATE,5,8199,JONATHAN,LAESCH,KUCINICH,WOODFORD,29,DEMOCRATIC,DEM
GP 2004,11TH DEMOCRATIC DELEGATE,5,8199,JONATHAN,LAESCH,KUCINICH,BUREAU,62,DEMOCRATIC,DEM
GP 2004,11TH DEMOCRATIC DELEGATE,5,8199,JONATHAN,LAESCH,KUCINICH,WILL,752,DEMOCRATIC,DEM
GP 2004,11TH DEMOCRATIC DELEGATE,5,8199,JONATHAN,LAESCH,KUCINICH,GRUNDY,70,DEMOCRATIC,DEM
GP 2004,11TH DEMOCRATIC DELEGATE,5,8199,JONATHAN,LAESCH,KUCINICH,LaSALLE,156,DEMOCRATIC,DEM
GP 2004,11TH DEMOCRATIC DELEGATE,5,8199,JONATHAN,LAESCH,KUCINICH,KANKAKEE,213,DEMOCRATIC,DEM
GP 2004,11TH DEMOCRATIC DELEGATE,5,8199,JONATHAN,LAESCH,KUCINICH,McLEAN,345,DEMOCRATIC,DEM
GP 2004,11TH DEMOCRATIC DELEGATE,5,8200,SUSAN,BURT,KUCINICH,LIVINGSTON,1,DEMOCRATIC,DEM
GP 2004,11TH DEMOCRATIC DELEGATE,5,8200,SUSAN,BURT,KUCINICH,WOODFORD,24,DEMOCRATIC,DEM
GP 2004,11TH DEMOCRATIC DELEGATE,5,8200,SUSAN,BURT,KUCINICH,BUREAU,102,DEMOCRATIC,DEM
GP 2004,11TH DEMOCRATIC DELEGATE,5,8200,SUSAN,BURT,KUCINICH,WILL,1726,DEMOCRATIC,DEM
GP 2004,11TH DEMOCRATIC DELEGATE,5,8200,SUSAN,BURT,KUCINICH,GRUNDY,176,DEMOCRATIC,DEM
GP 2004,11TH DEMOCRATIC DELEGATE,5,8200,SUSAN,BURT,KUCINICH,LaSALLE,333,DEMOCRATIC,DEM
GP 2004,11TH DEMOCRATIC DELEGATE,5,8200,SUSAN,BURT,KUCINICH,KANKAKEE,435,DEMOCRATIC,DEM
GP 2004,11TH DEMOCRATIC DELEGATE,5,8200,SUSAN,BURT,KUCINICH,McLEAN,424,DEMOCRATIC,DEM
GP 2004,11TH DEMOCRATIC DELEGATE,5,8201,MICHAEL A.,STRAITH,KUCINICH,LIVINGSTON,2,DEMOCRATIC,DEM
GP 2004,11TH DEMOCRATIC DELEGATE,5,8201,MICHAEL A.,STRAITH,KUCINICH,WOODFORD,21,DEMOCRATIC,DEM
GP 2004,11TH DEMOCRATIC DELEGATE,5,8201,MICHAEL A.,STRAITH,KUCINICH,BUREAU,62,DEMOCRATIC,DEM
GP 2004,11TH DEMOCRATIC DELEGATE,5,8201,MICHAEL A.,STRAITH,KUCINICH,WILL,801,DEMOCRATIC,DEM
GP 2004,11TH DEMOCRATIC DELEGATE,5,8201,MICHAEL A.,STRAITH,KUCINICH,GRUNDY,78,DEMOCRATIC,DEM
GP 2004,11TH DEMOCRATIC DELEGATE,5,8201,MICHAEL A.,STRAITH,KUCINICH,LaSALLE,223,DEMOCRATIC,DEM
GP 2004,11TH DEMOCRATIC DELEGATE,5,8201,MICHAEL A.,STRAITH,KUCINICH,KANKAKEE,219,DEMOCRATIC,DEM
GP 2004,11TH DEMOCRATIC DELEGATE,5,8201,MICHAEL A.,STRAITH,KUCINICH,McLEAN,246,DEMOCRATIC,DEM
GP 2004,6TH DEMOCRATIC DELEGATE,4,8202,MICHAEL,FEDANZO,DEAN,COOK,340,DEMOCRATIC,DEM
GP 2004,6TH DEMOCRATIC DELEGATE,4,8202,MICHAEL,FEDANZO,DEAN,DuPAGE,1529,DEMOCRATIC,DEM
GP 2004,11TH DEMOCRATIC ALTERNATE DELEGATE,1,8203,MEREDITH,SCHROEER,KUCINICH,LIVINGSTON,1,DEMOCRATIC,DEM
GP 2004,11TH DEMOCRATIC ALTERNATE DELEGATE,1,8203,MEREDITH,SCHROEER,KUCINICH,WOODFORD,8,DEMOCRATIC,DEM
GP 2004,11TH DEMOCRATIC ALTERNATE DELEGATE,1,8203,MEREDITH,SCHROEER,KUCINICH,BUREAU,58,DEMOCRATIC,DEM
GP 2004,11TH DEMOCRATIC ALTERNATE DELEGATE,1,8203,MEREDITH,SCHROEER,KUCINICH,WILL,996,DEMOCRATIC,DEM
GP 2004,11TH DEMOCRATIC ALTERNATE DELEGATE,1,8203,MEREDITH,SCHROEER,KUCINICH,GRUNDY,77,DEMOCRATIC,DEM
GP 2004,11TH DEMOCRATIC ALTERNATE DELEGATE,1,8203,MEREDITH,SCHROEER,KUCINICH,LaSALLE,254,DEMOCRATIC,DEM
GP 2004,11TH DEMOCRATIC ALTERNATE DELEGATE,1,8203,MEREDITH,SCHROEER,KUCINICH,KANKAKEE,199,DEMOCRATIC,DEM
GP 2004,11TH DEMOCRATIC ALTERNATE DELEGATE,1,8203,MEREDITH,SCHROEER,KUCINICH,McLEAN,385,DEMOCRATIC,DEM
GP 2004,8TH REPUBLICAN ALTERNATE DELEGATE,4,8204,BETTY RAE,KAISER,BUSH,LAKE,20700,REPUBLICAN,REP
GP 2004,8TH REPUBLICAN ALTERNATE DELEGATE,4,8204,BETTY RAE,KAISER,BUSH,McHENRY,8419,REPUBLICAN,REP
GP 2004,8TH REPUBLICAN ALTERNATE DELEGATE,4,8204,BETTY RAE,KAISER,BUSH,COOK,8605,REPUBLICAN,REP
GP 2004,8TH REPUBLICAN ALTERNATE DELEGATE,4,8205,PETE M.,PATEL,BUSH,LAKE,18054,REPUBLICAN,REP
GP 2004,8TH REPUBLICAN ALTERNATE DELEGATE,4,8205,PETE M.,PATEL,BUSH,McHENRY,7967,REPUBLICAN,REP
GP 2004,8TH REPUBLICAN ALTERNATE DELEGATE,4,8205,PETE M.,PATEL,BUSH,COOK,8149,REPUBLICAN,REP
GP 2004,8TH REPUBLICAN ALTERNATE DELEGATE,4,8206,RONALD M.,HAMELBERG,BUSH,LAKE,18062,REPUBLICAN,REP
GP 2004,8TH REPUBLICAN ALTERNATE DELEGATE,4,8206,RONALD M.,HAMELBERG,BUSH,McHENRY,8027,REPUBLICAN,REP
GP 2004,8TH REPUBLICAN ALTERNATE DELEGATE,4,8206,RONALD M.,HAMELBERG,BUSH,COOK,8264,REPUBLICAN,REP
GP 2004,8TH REPUBLICAN ALTERNATE DELEGATE,4,8207,FERNANDO J.,SALAZAR,BUSH,LAKE,18360,REPUBLICAN,REP
GP 2004,8TH REPUBLICAN ALTERNATE DELEGATE,4,8207,FERNANDO J.,SALAZAR,BUSH,McHENRY,7754,REPUBLICAN,REP
GP 2004,8TH REPUBLICAN ALTERNATE DELEGATE,4,8207,FERNANDO J.,SALAZAR,BUSH,COOK,8035,REPUBLICAN,REP
GP 2004,4TH REPUBLICAN ALTERNATE DELEGATE,2,8208,JAMIE POTASH,CURRY,BUSH,COOK,3157,REPUBLICAN,REP
GP 2004,4TH REPUBLICAN ALTERNATE DELEGATE,2,8209,PETER M.,FRIEDMAN,BUSH,COOK,3047,REPUBLICAN,REP
GP 2004,10TH REPUBLICAN ALTERNATE DELEGATE,4,8210,SIDNEY H.,MATHIAS,BUSH,LAKE,10645,REPUBLICAN,REP
GP 2004,10TH REPUBLICAN ALTERNATE DELEGATE,4,8210,SIDNEY H.,MATHIAS,BUSH,COOK,22480,REPUBLICAN,REP
GP 2004,10TH REPUBLICAN ALTERNATE DELEGATE,4,8211,ENNY M.,SKOIEN,BUSH,LAKE,9987,REPUBLICAN,REP
GP 2004,10TH REPUBLICAN ALTERNATE DELEGATE,4,8211,ENNY M.,SKOIEN,BUSH,COOK,21949,REPUBLICAN,REP
GP 2004,10TH REPUBLICAN ALTERNATE DELEGATE,4,8212,RUTH,O'CONNELL,BUSH,LAKE,10866,REPUBLICAN,REP
GP 2004,10TH REPUBLICAN ALTERNATE DELEGATE,4,8212,RUTH,O'CONNELL,BUSH,COOK,22656,REPUBLICAN,REP
GP 2004,10TH REPUBLICAN ALTERNATE DELEGATE,4,8213,TORRIE MARK,NEWSOME,BUSH,LAKE,10185,REPUBLICAN,REP
GP 2004,10TH REPUBLICAN ALTERNATE DELEGATE,4,8213,TORRIE MARK,NEWSOME,BUSH,COOK,21995,REPUBLICAN,REP
GP 2004,3RD REPUBLICAN ALTERNATE DELEGATE,2,8214,TONY,PERAICA,BUSH,COOK,17945,REPUBLICAN,REP
GP 2004,3RD REPUBLICAN ALTERNATE DELEGATE,2,8215,MARY ROB,CLARKE,BUSH,COOK,17417,REPUBLICAN,REP
GP 2004,13TH DEMOCRATIC DELEGATE,4,8216,"GERALDINE S. ""GERI""",PERRY,KUCINICH,WILL,575,DEMOCRATIC,DEM
GP 2004,13TH DEMOCRATIC DELEGATE,4,8216,"GERALDINE S. ""GERI""",PERRY,KUCINICH,COOK,477,DEMOCRATIC,DEM
GP 2004,13TH DEMOCRATIC DELEGATE,4,8216,"GERALDINE S. ""GERI""",PERRY,KUCINICH,DuPAGE,1218,DEMOCRATIC,DEM
GP 2004,13TH DEMOCRATIC DELEGATE,4,8217,JONATHAN F.,BLETZER,KUCINICH,WILL,308,DEMOCRATIC,DEM
GP 2004,13TH DEMOCRATIC DELEGATE,4,8217,JONATHAN F.,BLETZER,KUCINICH,COOK,277,DEMOCRATIC,DEM
GP 2004,13TH DEMOCRATIC DELEGATE,4,8217,JONATHAN F.,BLETZER,KUCINICH,DuPAGE,895,DEMOCRATIC,DEM
GP 2004,13TH DEMOCRATIC DELEGATE,4,8218,KATHRYN F.,VLAHOS,KUCINICH,WILL,593,DEMOCRATIC,DEM
GP 2004,13TH DEMOCRATIC DELEGATE,4,8218,KATHRYN F.,VLAHOS,KUCINICH,COOK,440,DEMOCRATIC,DEM
GP 2004,13TH DEMOCRATIC DELEGATE,4,8218,KATHRYN F.,VLAHOS,KUCINICH,DuPAGE,1367,DEMOCRATIC,DEM
GP 2004,13TH DEMOCRATIC DELEGATE,4,8219,PAUL H.,KREFFT,KUCINICH,WILL,376,DEMOCRATIC,DEM
GP 2004,13TH DEMOCRATIC DELEGATE,4,8219,PAUL H.,KREFFT,KUCINICH,COOK,256,DEMOCRATIC,DEM
GP 2004,13TH DEMOCRATIC DELEGATE,4,8219,PAUL H.,KREFFT,KUCINICH,DuPAGE,865,DEMOCRATIC,DEM
GP 2004,14TH DEMOCRATIC DELEGATE,4,8220,GERALDINE,SOLOMON,KUCINICH,BUREAU,0,DEMOCRATIC,DEM
GP 2004,14TH DEMOCRATIC DELEGATE,4,8220,GERALDINE,SOLOMON,KUCINICH,LEE,87,DEMOCRATIC,DEM
GP 2004,14TH DEMOCRATIC DELEGATE,4,8220,GERALDINE,SOLOMON,KUCINICH,WHITESIDE,21,DEMOCRATIC,DEM
GP 2004,14TH DEMOCRATIC DELEGATE,4,8220,GERALDINE,SOLOMON,KUCINICH,HENRY,47,DEMOCRATIC,DEM
GP 2004,14TH DEMOCRATIC DELEGATE,4,8220,GERALDINE,SOLOMON,KUCINICH,KENDALL,141,DEMOCRATIC,DEM
GP 2004,14TH DEMOCRATIC DELEGATE,4,8220,GERALDINE,SOLOMON,KUCINICH,KANE,1143,DEMOCRATIC,DEM
GP 2004,14TH DEMOCRATIC DELEGATE,4,8220,GERALDINE,SOLOMON,KUCINICH,DeKALB,246,DEMOCRATIC,DEM
GP 2004,14TH DEMOCRATIC DELEGATE,4,8220,GERALDINE,SOLOMON,KUCINICH,DuPAGE,100,DEMOCRATIC,DEM
GP 2004,14TH DEMOCRATIC DELEGATE,4,8221,JOHN M.,BARR,KUCINICH,BUREAU,2,DEMOCRATIC,DEM
GP 2004,14TH DEMOCRATIC DELEGATE,4,8221,JOHN M.,BARR,KUCINICH,LEE,134,DEMOCRATIC,DEM
GP 2004,14TH DEMOCRATIC DELEGATE,4,8221,JOHN M.,BARR,KUCINICH,WHITESIDE,37,DEMOCRATIC,DEM
GP 2004,14TH DEMOCRATIC DELEGATE,4,8221,JOHN M.,BARR,KUCINICH,HENRY,72,DEMOCRATIC,DEM
GP 2004,14TH DEMOCRATIC DELEGATE,4,8221,JOHN M.,BARR,KUCINICH,KENDALL,252,DEMOCRATIC,DEM
GP 2004,14TH DEMOCRATIC DELEGATE,4,8221,JOHN M.,BARR,KUCINICH,KANE,1499,DEMOCRATIC,DEM
GP 2004,14TH DEMOCRATIC DELEGATE,4,8221,JOHN M.,BARR,KUCINICH,DeKALB,286,DEMOCRATIC,DEM
GP 2004,14TH DEMOCRATIC DELEGATE,4,8221,JOHN M.,BARR,KUCINICH,DuPAGE,133,DEMOCRATIC,DEM
GP 2004,14TH DEMOCRATIC DELEGATE,4,8222,SHOSHANA,FANIZZA,KUCINICH,BUREAU,1,DEMOCRATIC,DEM
GP 2004,14TH DEMOCRATIC DELEGATE,4,8222,SHOSHANA,FANIZZA,KUCINICH,LEE,73,DEMOCRATIC,DEM
GP 2004,14TH DEMOCRATIC DELEGATE,4,8222,SHOSHANA,FANIZZA,KUCINICH,WHITESIDE,13,DEMOCRATIC,DEM
GP 2004,14TH DEMOCRATIC DELEGATE,4,8222,SHOSHANA,FANIZZA,KUCINICH,HENRY,21,DEMOCRATIC,DEM
GP 2004,14TH DEMOCRATIC DELEGATE,4,8222,SHOSHANA,FANIZZA,KUCINICH,KENDALL,89,DEMOCRATIC,DEM
GP 2004,14TH DEMOCRATIC DELEGATE,4,8222,SHOSHANA,FANIZZA,KUCINICH,KANE,704,DEMOCRATIC,DEM
GP 2004,14TH DEMOCRATIC DELEGATE,4,8222,SHOSHANA,FANIZZA,KUCINICH,DeKALB,221,DEMOCRATIC,DEM
GP 2004,14TH DEMOCRATIC DELEGATE,4,8222,SHOSHANA,FANIZZA,KUCINICH,DuPAGE,88,DEMOCRATIC,DEM
GP 2004,14TH DEMOCRATIC DELEGATE,4,8223,STEPHEN,BRUESEWITZ,KUCINICH,BUREAU,0,DEMOCRATIC,DEM
GP 2004,14TH DEMOCRATIC DELEGATE,4,8223,STEPHEN,BRUESEWITZ,KUCINICH,LEE,65,DEMOCRATIC,DEM
GP 2004,14TH DEMOCRATIC DELEGATE,4,8223,STEPHEN,BRUESEWITZ,KUCINICH,WHITESIDE,12,DEMOCRATIC,DEM
GP 2004,14TH DEMOCRATIC DELEGATE,4,8223,STEPHEN,BRUESEWITZ,KUCINICH,HENRY,32,DEMOCRATIC,DEM
GP 2004,14TH DEMOCRATIC DELEGATE,4,8223,STEPHEN,BRUESEWITZ,KUCINICH,KENDALL,72,DEMOCRATIC,DEM
GP 2004,14TH DEMOCRATIC DELEGATE,4,8223,STEPHEN,BRUESEWITZ,KUCINICH,KANE,754,DEMOCRATIC,DEM
GP 2004,14TH DEMOCRATIC DELEGATE,4,8223,STEPHEN,BRUESEWITZ,KUCINICH,DeKALB,206,DEMOCRATIC,DEM
GP 2004,14TH DEMOCRATIC DELEGATE,4,8223,STEPHEN,BRUESEWITZ,KUCINICH,DuPAGE,90,DEMOCRATIC,DEM
GP 2004,10TH DEMOCRATIC ALTERNATE DELEGATE,1,8224,JAMES J.,PRENDERGAST,KUCINICH,LAKE,698,DEMOCRATIC,DEM
GP 2004,10TH DEMOCRATIC ALTERNATE DELEGATE,1,8224,JAMES J.,PRENDERGAST,KUCINICH,COOK,918,DEMOCRATIC,DEM
GP 2004,13TH DEMOCRATIC ALTERNATE DELEGATE,1,8231,JENNIFER ANN,JACKSON,KUCINICH,WILL,650,DEMOCRATIC,DEM
GP 2004,13TH DEMOCRATIC ALTERNATE DELEGATE,1,8231,JENNIFER ANN,JACKSON,KUCINICH,COOK,423,DEMOCRATIC,DEM
GP 2004,13TH DEMOCRATIC ALTERNATE DELEGATE,1,8231,JENNIFER ANN,JACKSON,KUCINICH,DuPAGE,1175,DEMOCRATIC,DEM
GP 2004,14TH DEMOCRATIC ALTERNATE DELEGATE,1,8232,ADAM,GALANT,KUCINICH,BUREAU,0,DEMOCRATIC,DEM
GP 2004,14TH DEMOCRATIC ALTERNATE DELEGATE,1,8232,ADAM,GALANT,KUCINICH,LEE,64,DEMOCRATIC,DEM
GP 2004,14TH DEMOCRATIC ALTERNATE DELEGATE,1,8232,ADAM,GALANT,KUCINICH,WHITESIDE,14,DEMOCRATIC,DEM
GP 2004,14TH DEMOCRATIC ALTERNATE DELEGATE,1,8232,ADAM,GALANT,KUCINICH,HENRY,40,DEMOCRATIC,DEM
GP 2004,14TH DEMOCRATIC ALTERNATE DELEGATE,1,8232,ADAM,GALANT,KUCINICH,KENDALL,110,DEMOCRATIC,DEM
GP 2004,14TH DEMOCRATIC ALTERNATE DELEGATE,1,8232,ADAM,GALANT,KUCINICH,KANE,999,DEMOCRATIC,DEM
GP 2004,14TH DEMOCRATIC ALTERNATE DELEGATE,1,8232,ADAM,GALANT,KUCINICH,DeKALB,239,DEMOCRATIC,DEM
GP 2004,14TH DEMOCRATIC ALTERNATE DELEGATE,1,8232,ADAM,GALANT,KUCINICH,DuPAGE,103,DEMOCRATIC,DEM
GP 2004,12TH DEMOCRATIC ALTERNATE DELEGATE,1,8233,THOMAS E.,PROST,KUCINICH,PERRY,57,DEMOCRATIC,DEM
GP 2004,12TH DEMOCRATIC ALTERNATE DELEGATE,1,8233,THOMAS E.,PROST,KUCINICH,WILLIAMSON,126,DEMOCRATIC,DEM
GP 2004,12TH DEMOCRATIC ALTERNATE DELEGATE,1,8233,THOMAS E.,PROST,KUCINICH,MONROE,48,DEMOCRATIC,DEM
GP 2004,12TH DEMOCRATIC ALTERNATE DELEGATE,1,8233,THOMAS E.,PROST,KUCINICH,JACKSON,338,DEMOCRATIC,DEM
GP 2004,12TH DEMOCRATIC ALTERNATE DELEGATE,1,8233,THOMAS E.,PROST,KUCINICH,FRANKLIN,132,DEMOCRATIC,DEM
GP 2004,12TH DEMOCRATIC ALTERNATE DELEGATE,1,8233,THOMAS E.,PROST,KUCINICH,RANDOLPH,192,DEMOCRATIC,DEM
GP 2004,12TH DEMOCRATIC ALTERNATE DELEGATE,1,8233,THOMAS E.,PROST,KUCINICH,MADISON,418,DEMOCRATIC,DEM
GP 2004,12TH DEMOCRATIC ALTERNATE DELEGATE,1,8233,THOMAS E.,PROST,KUCINICH,UNION,93,DEMOCRATIC,DEM
GP 2004,12TH DEMOCRATIC ALTERNATE DELEGATE,1,8233,THOMAS E.,PROST,KUCINICH,ST. CLAIR,684,DEMOCRATIC,DEM
GP 2004,12TH DEMOCRATIC ALTERNATE DELEGATE,1,8233,THOMAS E.,PROST,KUCINICH,ALEXANDER,56,DEMOCRATIC,DEM
GP 2004,12TH DEMOCRATIC ALTERNATE DELEGATE,1,8233,THOMAS E.,PROST,KUCINICH,PULASKI,29,DEMOCRATIC,DEM
GP 2004,16TH DEMOCRATIC DELEGATE,4,8234,ALLEN,PENTICOFF,KUCINICH,WHITESIDE,43,DEMOCRATIC,DEM
GP 2004,16TH DEMOCRATIC DELEGATE,4,8234,ALLEN,PENTICOFF,KUCINICH,OGLE,76,DEMOCRATIC,DEM
GP 2004,16TH DEMOCRATIC DELEGATE,4,8234,ALLEN,PENTICOFF,KUCINICH,STEPHENSON,225,DEMOCRATIC,DEM
GP 2004,16TH DEMOCRATIC DELEGATE,4,8234,ALLEN,PENTICOFF,KUCINICH,JoDAVIESS,111,DEMOCRATIC,DEM
GP 2004,16TH DEMOCRATIC DELEGATE,4,8234,ALLEN,PENTICOFF,KUCINICH,CARROLL,21,DEMOCRATIC,DEM
GP 2004,16TH DEMOCRATIC DELEGATE,4,8234,ALLEN,PENTICOFF,KUCINICH,BOONE,53,DEMOCRATIC,DEM
GP 2004,16TH DEMOCRATIC DELEGATE,4,8234,ALLEN,PENTICOFF,KUCINICH,WINNEBAGO,719,DEMOCRATIC,DEM
GP 2004,16TH DEMOCRATIC DELEGATE,4,8234,ALLEN,PENTICOFF,KUCINICH,McHENRY,258,DEMOCRATIC,DEM
GP 2004,16TH DEMOCRATIC DELEGATE,4,8234,ALLEN,PENTICOFF,KUCINICH,DeKALB,28,DEMOCRATIC,DEM
GP 2004,16TH DEMOCRATIC DELEGATE,4,8235,"SUSAN J. ""SUE""",WEST,KUCINICH,WHITESIDE,95,DEMOCRATIC,DEM
GP 2004,16TH DEMOCRATIC DELEGATE,4,8235,"SUSAN J. ""SUE""",WEST,KUCINICH,OGLE,163,DEMOCRATIC,DEM
GP 2004,16TH DEMOCRATIC DELEGATE,4,8235,"SUSAN J. ""SUE""",WEST,KUCINICH,STEPHENSON,325,DEMOCRATIC,DEM
GP 2004,16TH DEMOCRATIC DELEGATE,4,8235,"SUSAN J. ""SUE""",WEST,KUCINICH,JoDAVIESS,171,DEMOCRATIC,DEM
GP 2004,16TH DEMOCRATIC DELEGATE,4,8235,"SUSAN J. ""SUE""",WEST,KUCINICH,CARROLL,48,DEMOCRATIC,DEM
GP 2004,16TH DEMOCRATIC DELEGATE,4,8235,"SUSAN J. ""SUE""",WEST,KUCINICH,BOONE,180,DEMOCRATIC,DEM
GP 2004,16TH DEMOCRATIC DELEGATE,4,8235,"SUSAN J. ""SUE""",WEST,KUCINICH,WINNEBAGO,1456,DEMOCRATIC,DEM
GP 2004,16TH DEMOCRATIC DELEGATE,4,8235,"SUSAN J. ""SUE""",WEST,KUCINICH,McHENRY,587,DEMOCRATIC,DEM
GP 2004,16TH DEMOCRATIC DELEGATE,4,8235,"SUSAN J. ""SUE""",WEST,KUCINICH,DeKALB,49,DEMOCRATIC,DEM
GP 2004,16TH DEMOCRATIC DELEGATE,4,8236,JAMES,SABATHNE,KUCINICH,WHITESIDE,36,DEMOCRATIC,DEM
GP 2004,16TH DEMOCRATIC DELEGATE,4,8236,JAMES,SABATHNE,KUCINICH,OGLE,64,DEMOCRATIC,DEM
GP 2004,16TH DEMOCRATIC DELEGATE,4,8236,JAMES,SABATHNE,KUCINICH,STEPHENSON,117,DEMOCRATIC,DEM
GP 2004,16TH DEMOCRATIC DELEGATE,4,8236,JAMES,SABATHNE,KUCINICH,JoDAVIESS,87,DEMOCRATIC,DEM
GP 2004,16TH DEMOCRATIC DELEGATE,4,8236,JAMES,SABATHNE,KUCINICH,CARROLL,25,DEMOCRATIC,DEM
GP 2004,16TH DEMOCRATIC DELEGATE,4,8236,JAMES,SABATHNE,KUCINICH,BOONE,64,DEMOCRATIC,DEM
GP 2004,16TH DEMOCRATIC DELEGATE,4,8236,JAMES,SABATHNE,KUCINICH,WINNEBAGO,576,DEMOCRATIC,DEM
GP 2004,16TH DEMOCRATIC DELEGATE,4,8236,JAMES,SABATHNE,KUCINICH,McHENRY,255,DEMOCRATIC,DEM
GP 2004,16TH DEMOCRATIC DELEGATE,4,8236,JAMES,SABATHNE,KUCINICH,DeKALB,26,DEMOCRATIC,DEM
GP 2004,16TH DEMOCRATIC DELEGATE,4,8237,ALYSON,CONN,KUCINICH,WHITESIDE,51,DEMOCRATIC,DEM
GP 2004,16TH DEMOCRATIC DELEGATE,4,8237,ALYSON,CONN,KUCINICH,OGLE,109,DEMOCRATIC,DEM
GP 2004,16TH DEMOCRATIC DELEGATE,4,8237,ALYSON,CONN,KUCINICH,STEPHENSON,177,DEMOCRATIC,DEM
GP 2004,16TH DEMOCRATIC DELEGATE,4,8237,ALYSON,CONN,KUCINICH,JoDAVIESS,82,DEMOCRATIC,DEM
GP 2004,16TH DEMOCRATIC DELEGATE,4,8237,ALYSON,CONN,KUCINICH,CARROLL,22,DEMOCRATIC,DEM
GP 2004,16TH DEMOCRATIC DELEGATE,4,8237,ALYSON,CONN,KUCINICH,BOONE,69,DEMOCRATIC,DEM
GP 2004,16TH DEMOCRATIC DELEGATE,4,8237,ALYSON,CONN,KUCINICH,WINNEBAGO,650,DEMOCRATIC,DEM
GP 2004,16TH DEMOCRATIC DELEGATE,4,8237,ALYSON,CONN,KUCINICH,McHENRY,340,DEMOCRATIC,DEM
GP 2004,16TH DEMOCRATIC DELEGATE,4,8237,ALYSON,CONN,KUCINICH,DeKALB,28,DEMOCRATIC,DEM
GP 2004,15TH DEMOCRATIC DELEGATE,5,8238,ADAM,ZMICK,KUCINICH,EDGAR,39,DEMOCRATIC,DEM
GP 2004,15TH DEMOCRATIC DELEGATE,5,8238,ADAM,ZMICK,KUCINICH,FORD,23,DEMOCRATIC,DEM
GP 2004,15TH DEMOCRATIC DELEGATE,5,8238,ADAM,ZMICK,KUCINICH,IROQUOIS,35,DEMOCRATIC,DEM
GP 2004,15TH DEMOCRATIC DELEGATE,5,8238,ADAM,ZMICK,KUCINICH,LIVINGSTON,114,DEMOCRATIC,DEM
GP 2004,15TH DEMOCRATIC DELEGATE,5,8238,ADAM,ZMICK,KUCINICH,PIATT,96,DEMOCRATIC,DEM
GP 2004,15TH DEMOCRATIC DELEGATE,5,8238,ADAM,ZMICK,KUCINICH,DOUGLAS,22,DEMOCRATIC,DEM
GP 2004,15TH DEMOCRATIC DELEGATE,5,8238,ADAM,ZMICK,KUCINICH,COLES,88,DEMOCRATIC,DEM
GP 2004,15TH DEMOCRATIC DELEGATE,5,8238,ADAM,ZMICK,KUCINICH,EDWARDS,0,DEMOCRATIC,DEM
GP 2004,15TH DEMOCRATIC DELEGATE,5,8238,ADAM,ZMICK,KUCINICH,WHITE,16,DEMOCRATIC,DEM
GP 2004,15TH DEMOCRATIC DELEGATE,5,8238,ADAM,ZMICK,KUCINICH,CRAWFORD,20,DEMOCRATIC,DEM
GP 2004,15TH DEMOCRATIC DELEGATE,5,8238,ADAM,ZMICK,KUCINICH,SALINE,50,DEMOCRATIC,DEM
GP 2004,15TH DEMOCRATIC DELEGATE,5,8238,ADAM,ZMICK,KUCINICH,CLARK,42,DEMOCRATIC,DEM
GP 2004,15TH DEMOCRATIC DELEGATE,5,8238,ADAM,ZMICK,KUCINICH,GALLATIN,19,DEMOCRATIC,DEM
GP 2004,15TH DEMOCRATIC DELEGATE,5,8238,ADAM,ZMICK,KUCINICH,WABASH,49,DEMOCRATIC,DEM
GP 2004,15TH DEMOCRATIC DELEGATE,5,8238,ADAM,ZMICK,KUCINICH,CHAMPAIGN,1748,DEMOCRATIC,DEM
GP 2004,15TH DEMOCRATIC DELEGATE,5,8238,ADAM,ZMICK,KUCINICH,MACON,52,DEMOCRATIC,DEM
GP 2004,15TH DEMOCRATIC DELEGATE,5,8238,ADAM,ZMICK,KUCINICH,MOULTRIE,22,DEMOCRATIC,DEM
GP 2004,15TH DEMOCRATIC DELEGATE,5,8238,ADAM,ZMICK,KUCINICH,CUMBERLAND,22,DEMOCRATIC,DEM
GP 2004,15TH DEMOCRATIC DELEGATE,5,8238,ADAM,ZMICK,KUCINICH,LAWRENCE,19,DEMOCRATIC,DEM
GP 2004,15TH DEMOCRATIC DELEGATE,5,8238,ADAM,ZMICK,KUCINICH,DeWITT,93,DEMOCRATIC,DEM
GP 2004,15TH DEMOCRATIC DELEGATE,5,8238,ADAM,ZMICK,KUCINICH,McLEAN,242,DEMOCRATIC,DEM
GP 2004,15TH DEMOCRATIC DELEGATE,5,8238,ADAM,ZMICK,KUCINICH,VERMILION,111,DEMOCRATIC,DEM
GP 2004,15TH DEMOCRATIC DELEGATE,5,8239,SARA,BOKHARI,KUCINICH,EDGAR,58,DEMOCRATIC,DEM
GP 2004,15TH DEMOCRATIC DELEGATE,5,8239,SARA,BOKHARI,KUCINICH,FORD,28,DEMOCRATIC,DEM
GP 2004,15TH DEMOCRATIC DELEGATE,5,8239,SARA,BOKHARI,KUCINICH,IROQUOIS,52,DEMOCRATIC,DEM
GP 2004,15TH DEMOCRATIC DELEGATE,5,8239,SARA,BOKHARI,KUCINICH,LIVINGSTON,127,DEMOCRATIC,DEM
GP 2004,15TH DEMOCRATIC DELEGATE,5,8239,SARA,BOKHARI,KUCINICH,PIATT,171,DEMOCRATIC,DEM
GP 2004,15TH DEMOCRATIC DELEGATE,5,8239,SARA,BOKHARI,KUCINICH,DOUGLAS,31,DEMOCRATIC,DEM
GP 2004,15TH DEMOCRATIC DELEGATE,5,8239,SARA,BOKHARI,KUCINICH,COLES,113,DEMOCRATIC,DEM
GP 2004,15TH DEMOCRATIC DELEGATE,5,8239,SARA,BOKHARI,KUCINICH,EDWARDS,4,DEMOCRATIC,DEM
GP 2004,15TH DEMOCRATIC DELEGATE,5,8239,SARA,BOKHARI,KUCINICH,WHITE,17,DEMOCRATIC,DEM
GP 2004,15TH DEMOCRATIC DELEGATE,5,8239,SARA,BOKHARI,KUCINICH,CRAWFORD,32,DEMOCRATIC,DEM
GP 2004,15TH DEMOCRATIC DELEGATE,5,8239,SARA,BOKHARI,KUCINICH,SALINE,75,DEMOCRATIC,DEM
GP 2004,15TH DEMOCRATIC DELEGATE,5,8239,SARA,BOKHARI,KUCINICH,CLARK,61,DEMOCRATIC,DEM
GP 2004,15TH DEMOCRATIC DELEGATE,5,8239,SARA,BOKHARI,KUCINICH,GALLATIN,24,DEMOCRATIC,DEM
GP 2004,15TH DEMOCRATIC DELEGATE,5,8239,SARA,BOKHARI,KUCINICH,WABASH,72,DEMOCRATIC,DEM
GP 2004,15TH DEMOCRATIC DELEGATE,5,8239,SARA,BOKHARI,KUCINICH,CHAMPAIGN,1992,DEMOCRATIC,DEM
GP 2004,15TH DEMOCRATIC DELEGATE,5,8239,SARA,BOKHARI,KUCINICH,MACON,74,DEMOCRATIC,DEM
GP 2004,15TH DEMOCRATIC DELEGATE,5,8239,SARA,BOKHARI,KUCINICH,MOULTRIE,37,DEMOCRATIC,DEM
GP 2004,15TH DEMOCRATIC DELEGATE,5,8239,SARA,BOKHARI,KUCINICH,CUMBERLAND,37,DEMOCRATIC,DEM
GP 2004,15TH DEMOCRATIC DELEGATE,5,8239,SARA,BOKHARI,KUCINICH,LAWRENCE,20,DEMOCRATIC,DEM
GP 2004,15TH DEMOCRATIC DELEGATE,5,8239,SARA,BOKHARI,KUCINICH,DeWITT,126,DEMOCRATIC,DEM
GP 2004,15TH DEMOCRATIC DELEGATE,5,8239,SARA,BOKHARI,KUCINICH,McLEAN,288,DEMOCRATIC,DEM
GP 2004,15TH DEMOCRATIC DELEGATE,5,8239,SARA,BOKHARI,KUCINICH,VERMILION,156,DEMOCRATIC,DEM
GP 2004,15TH DEMOCRATIC DELEGATE,5,8240,ALAN,LANGRALL,KUCINICH,EDGAR,41,DEMOCRATIC,DEM
GP 2004,15TH DEMOCRATIC DELEGATE,5,8240,ALAN,LANGRALL,KUCINICH,FORD,27,DEMOCRATIC,DEM
GP 2004,15TH DEMOCRATIC DELEGATE,5,8240,ALAN,LANGRALL,KUCINICH,IROQUOIS,40,DEMOCRATIC,DEM
GP 2004,15TH DEMOCRATIC DELEGATE,5,8240,ALAN,LANGRALL,KUCINICH,LIVINGSTON,96,DEMOCRATIC,DEM
GP 2004,15TH DEMOCRATIC DELEGATE,5,8240,ALAN,LANGRALL,KUCINICH,PIATT,92,DEMOCRATIC,DEM
GP 2004,15TH DEMOCRATIC DELEGATE,5,8240,ALAN,LANGRALL,KUCINICH,DOUGLAS,29,DEMOCRATIC,DEM
GP 2004,15TH DEMOCRATIC DELEGATE,5,8240,ALAN,LANGRALL,KUCINICH,COLES,89,DEMOCRATIC,DEM
GP 2004,15TH DEMOCRATIC DELEGATE,5,8240,ALAN,LANGRALL,KUCINICH,EDWARDS,1,DEMOCRATIC,DEM
GP 2004,15TH DEMOCRATIC DELEGATE,5,8240,ALAN,LANGRALL,KUCINICH,WHITE,11,DEMOCRATIC,DEM
GP 2004,15TH DEMOCRATIC DELEGATE,5,8240,ALAN,LANGRALL,KUCINICH,CRAWFORD,17,DEMOCRATIC,DEM
GP 2004,15TH DEMOCRATIC DELEGATE,5,8240,ALAN,LANGRALL,KUCINICH,SALINE,54,DEMOCRATIC,DEM
GP 2004,15TH DEMOCRATIC DELEGATE,5,8240,ALAN,LANGRALL,KUCINICH,CLARK,43,DEMOCRATIC,DEM
GP 2004,15TH DEMOCRATIC DELEGATE,5,8240,ALAN,LANGRALL,KUCINICH,GALLATIN,18,DEMOCRATIC,DEM
GP 2004,15TH DEMOCRATIC DELEGATE,5,8240,ALAN,LANGRALL,KUCINICH,WABASH,47,DEMOCRATIC,DEM
GP 2004,15TH DEMOCRATIC DELEGATE,5,8240,ALAN,LANGRALL,KUCINICH,CHAMPAIGN,1539,DEMOCRATIC,DEM
GP 2004,15TH DEMOCRATIC DELEGATE,5,8240,ALAN,LANGRALL,KUCINICH,MACON,72,DEMOCRATIC,DEM
GP 2004,15TH DEMOCRATIC DELEGATE,5,8240,ALAN,LANGRALL,KUCINICH,MOULTRIE,22,DEMOCRATIC,DEM
GP 2004,15TH DEMOCRATIC DELEGATE,5,8240,ALAN,LANGRALL,KUCINICH,CUMBERLAND,33,DEMOCRATIC,DEM
GP 2004,15TH DEMOCRATIC DELEGATE,5,8240,ALAN,LANGRALL,KUCINICH,LAWRENCE,21,DEMOCRATIC,DEM
GP 2004,15TH DEMOCRATIC DELEGATE,5,8240,ALAN,LANGRALL,KUCINICH,DeWITT,77,DEMOCRATIC,DEM
GP 2004,15TH DEMOCRATIC DELEGATE,5,8240,ALAN,LANGRALL,KUCINICH,McLEAN,234,DEMOCRATIC,DEM
GP 2004,15TH DEMOCRATIC DELEGATE,5,8240,ALAN,LANGRALL,KUCINICH,VERMILION,116,DEMOCRATIC,DEM
GP 2004,15TH DEMOCRATIC DELEGATE,5,8241,VALERIE,BRANDT,KUCINICH,EDGAR,47,DEMOCRATIC,DEM
GP 2004,15TH DEMOCRATIC DELEGATE,5,8241,VALERIE,BRANDT,KUCINICH,FORD,28,DEMOCRATIC,DEM
GP 2004,15TH DEMOCRATIC DELEGATE,5,8241,VALERIE,BRANDT,KUCINICH,IROQUOIS,48,DEMOCRATIC,DEM
GP 2004,15TH DEMOCRATIC DELEGATE,5,8241,VALERIE,BRANDT,KUCINICH,LIVINGSTON,145,DEMOCRATIC,DEM
GP 2004,15TH DEMOCRATIC DELEGATE,5,8241,VALERIE,BRANDT,KUCINICH,PIATT,146,DEMOCRATIC,DEM
GP 2004,15TH DEMOCRATIC DELEGATE,5,8241,VALERIE,BRANDT,KUCINICH,DOUGLAS,26,DEMOCRATIC,DEM
GP 2004,15TH DEMOCRATIC DELEGATE,5,8241,VALERIE,BRANDT,KUCINICH,COLES,102,DEMOCRATIC,DEM
GP 2004,15TH DEMOCRATIC DELEGATE,5,8241,VALERIE,BRANDT,KUCINICH,EDWARDS,2,DEMOCRATIC,DEM
GP 2004,15TH DEMOCRATIC DELEGATE,5,8241,VALERIE,BRANDT,KUCINICH,WHITE,12,DEMOCRATIC,DEM
GP 2004,15TH DEMOCRATIC DELEGATE,5,8241,VALERIE,BRANDT,KUCINICH,CRAWFORD,36,DEMOCRATIC,DEM
GP 2004,15TH DEMOCRATIC DELEGATE,5,8241,VALERIE,BRANDT,KUCINICH,SALINE,76,DEMOCRATIC,DEM
GP 2004,15TH DEMOCRATIC DELEGATE,5,8241,VALERIE,BRANDT,KUCINICH,CLARK,64,DEMOCRATIC,DEM
GP 2004,15TH DEMOCRATIC DELEGATE,5,8241,VALERIE,BRANDT,KUCINICH,GALLATIN,17,DEMOCRATIC,DEM
GP 2004,15TH DEMOCRATIC DELEGATE,5,8241,VALERIE,BRANDT,KUCINICH,WABASH,62,DEMOCRATIC,DEM
GP 2004,15TH DEMOCRATIC DELEGATE,5,8241,VALERIE,BRANDT,KUCINICH,CHAMPAIGN,1792,DEMOCRATIC,DEM
GP 2004,15TH DEMOCRATIC DELEGATE,5,8241,VALERIE,BRANDT,KUCINICH,MACON,64,DEMOCRATIC,DEM
GP 2004,15TH DEMOCRATIC DELEGATE,5,8241,VALERIE,BRANDT,KUCINICH,MOULTRIE,39,DEMOCRATIC,DEM
GP 2004,15TH DEMOCRATIC DELEGATE,5,8241,VALERIE,BRANDT,KUCINICH,CUMBERLAND,26,DEMOCRATIC,DEM
GP 2004,15TH DEMOCRATIC DELEGATE,5,8241,VALERIE,BRANDT,KUCINICH,LAWRENCE,23,DEMOCRATIC,DEM
GP 2004,15TH DEMOCRATIC DELEGATE,5,8241,VALERIE,BRANDT,KUCINICH,DeWITT,114,DEMOCRATIC,DEM
GP 2004,15TH DEMOCRATIC DELEGATE,5,8241,VALERIE,BRANDT,KUCINICH,McLEAN,289,DEMOCRATIC,DEM
GP 2004,15TH DEMOCRATIC DELEGATE,5,8241,VALERIE,BRANDT,KUCINICH,VERMILION,172,DEMOCRATIC,DEM
GP 2004,15TH DEMOCRATIC DELEGATE,5,8242,DEBRA,DEHM,KUCINICH,EDGAR,40,DEMOCRATIC,DEM
GP 2004,15TH DEMOCRATIC DELEGATE,5,8242,DEBRA,DEHM,KUCINICH,FORD,33,DEMOCRATIC,DEM
GP 2004,15TH DEMOCRATIC DELEGATE,5,8242,DEBRA,DEHM,KUCINICH,IROQUOIS,41,DEMOCRATIC,DEM
GP 2004,15TH DEMOCRATIC DELEGATE,5,8242,DEBRA,DEHM,KUCINICH,LIVINGSTON,126,DEMOCRATIC,DEM
GP 2004,15TH DEMOCRATIC DELEGATE,5,8242,DEBRA,DEHM,KUCINICH,PIATT,138,DEMOCRATIC,DEM
GP 2004,15TH DEMOCRATIC DELEGATE,5,8242,DEBRA,DEHM,KUCINICH,DOUGLAS,25,DEMOCRATIC,DEM
GP 2004,15TH DEMOCRATIC DELEGATE,5,8242,DEBRA,DEHM,KUCINICH,COLES,92,DEMOCRATIC,DEM
GP 2004,15TH DEMOCRATIC DELEGATE,5,8242,DEBRA,DEHM,KUCINICH,EDWARDS,1,DEMOCRATIC,DEM
GP 2004,15TH DEMOCRATIC DELEGATE,5,8242,DEBRA,DEHM,KUCINICH,WHITE,12,DEMOCRATIC,DEM
GP 2004,15TH DEMOCRATIC DELEGATE,5,8242,DEBRA,DEHM,KUCINICH,CRAWFORD,24,DEMOCRATIC,DEM
GP 2004,15TH DEMOCRATIC DELEGATE,5,8242,DEBRA,DEHM,KUCINICH,SALINE,73,DEMOCRATIC,DEM
GP 2004,15TH DEMOCRATIC DELEGATE,5,8242,DEBRA,DEHM,KUCINICH,CLARK,41,DEMOCRATIC,DEM
GP 2004,15TH DEMOCRATIC DELEGATE,5,8242,DEBRA,DEHM,KUCINICH,GALLATIN,16,DEMOCRATIC,DEM
GP 2004,15TH DEMOCRATIC DELEGATE,5,8242,DEBRA,DEHM,KUCINICH,WABASH,60,DEMOCRATIC,DEM
GP 2004,15TH DEMOCRATIC DELEGATE,5,8242,DEBRA,DEHM,KUCINICH,CHAMPAIGN,1645,DEMOCRATIC,DEM
GP 2004,15TH DEMOCRATIC DELEGATE,5,8242,DEBRA,DEHM,KUCINICH,MACON,58,DEMOCRATIC,DEM
GP 2004,15TH DEMOCRATIC DELEGATE,5,8242,DEBRA,DEHM,KUCINICH,MOULTRIE,30,DEMOCRATIC,DEM
GP 2004,15TH DEMOCRATIC DELEGATE,5,8242,DEBRA,DEHM,KUCINICH,CUMBERLAND,31,DEMOCRATIC,DEM
GP 2004,15TH DEMOCRATIC DELEGATE,5,8242,DEBRA,DEHM,KUCINICH,LAWRENCE,15,DEMOCRATIC,DEM
GP 2004,15TH DEMOCRATIC DELEGATE,5,8242,DEBRA,DEHM,KUCINICH,DeWITT,101,DEMOCRATIC,DEM
GP 2004,15TH DEMOCRATIC DELEGATE,5,8242,DEBRA,DEHM,KUCINICH,McLEAN,255,DEMOCRATIC,DEM
GP 2004,15TH DEMOCRATIC DELEGATE,5,8242,DEBRA,DEHM,KUCINICH,VERMILION,135,DEMOCRATIC,DEM
GP 2004,16TH DEMOCRATIC ALTERNATE DELEGATE,1,8243,CHRISTOPHER D.,SIMS,KUCINICH,WHITESIDE,31,DEMOCRATIC,DEM
GP 2004,16TH DEMOCRATIC ALTERNATE DELEGATE,1,8243,CHRISTOPHER D.,SIMS,KUCINICH,OGLE,86,DEMOCRATIC,DEM
GP 2004,16TH DEMOCRATIC ALTERNATE DELEGATE,1,8243,CHRISTOPHER D.,SIMS,KUCINICH,STEPHENSON,85,DEMOCRATIC,DEM
GP 2004,16TH DEMOCRATIC ALTERNATE DELEGATE,1,8243,CHRISTOPHER D.,SIMS,KUCINICH,JoDAVIESS,58,DEMOCRATIC,DEM
GP 2004,16TH DEMOCRATIC ALTERNATE DELEGATE,1,8243,CHRISTOPHER D.,SIMS,KUCINICH,CARROLL,25,DEMOCRATIC,DEM
GP 2004,16TH DEMOCRATIC ALTERNATE DELEGATE,1,8243,CHRISTOPHER D.,SIMS,KUCINICH,BOONE,60,DEMOCRATIC,DEM
GP 2004,16TH DEMOCRATIC ALTERNATE DELEGATE,1,8243,CHRISTOPHER D.,SIMS,KUCINICH,WINNEBAGO,745,DEMOCRATIC,DEM
GP 2004,16TH DEMOCRATIC ALTERNATE DELEGATE,1,8243,CHRISTOPHER D.,SIMS,KUCINICH,McHENRY,255,DEMOCRATIC,DEM
GP 2004,16TH DEMOCRATIC ALTERNATE DELEGATE,1,8243,CHRISTOPHER D.,SIMS,KUCINICH,DeKALB,29,DEMOCRATIC,DEM
GP 2004,15TH DEMOCRATIC ALTERNATE DELEGATE,1,8244,LINDA,EVANS,KUCINICH,EDGAR,68,DEMOCRATIC,DEM
GP 2004,15TH DEMOCRATIC ALTERNATE DELEGATE,1,8244,LINDA,EVANS,KUCINICH,FORD,39,DEMOCRATIC,DEM
GP 2004,15TH DEMOCRATIC ALTERNATE DELEGATE,1,8244,LINDA,EVANS,KUCINICH,IROQUOIS,45,DEMOCRATIC,DEM
GP 2004,15TH DEMOCRATIC ALTERNATE DELEGATE,1,8244,LINDA,EVANS,KUCINICH,LIVINGSTON,172,DEMOCRATIC,DEM
GP 2004,15TH DEMOCRATIC ALTERNATE DELEGATE,1,8244,LINDA,EVANS,KUCINICH,PIATT,88,DEMOCRATIC,DEM
GP 2004,15TH DEMOCRATIC ALTERNATE DELEGATE,1,8244,LINDA,EVANS,KUCINICH,DOUGLAS,42,DEMOCRATIC,DEM
GP 2004,15TH DEMOCRATIC ALTERNATE DELEGATE,1,8244,LINDA,EVANS,KUCINICH,COLES,118,DEMOCRATIC,DEM
GP 2004,15TH DEMOCRATIC ALTERNATE DELEGATE,1,8244,LINDA,EVANS,KUCINICH,EDWARDS,5,DEMOCRATIC,DEM
GP 2004,15TH DEMOCRATIC ALTERNATE DELEGATE,1,8244,LINDA,EVANS,KUCINICH,WHITE,29,DEMOCRATIC,DEM
GP 2004,15TH DEMOCRATIC ALTERNATE DELEGATE,1,8244,LINDA,EVANS,KUCINICH,CRAWFORD,36,DEMOCRATIC,DEM
GP 2004,15TH DEMOCRATIC ALTERNATE DELEGATE,1,8244,LINDA,EVANS,KUCINICH,SALINE,70,DEMOCRATIC,DEM
GP 2004,15TH DEMOCRATIC ALTERNATE DELEGATE,1,8244,LINDA,EVANS,KUCINICH,CLARK,92,DEMOCRATIC,DEM
GP 2004,15TH DEMOCRATIC ALTERNATE DELEGATE,1,8244,LINDA,EVANS,KUCINICH,GALLATIN,21,DEMOCRATIC,DEM
GP 2004,15TH DEMOCRATIC ALTERNATE DELEGATE,1,8244,LINDA,EVANS,KUCINICH,WABASH,107,DEMOCRATIC,DEM
GP 2004,15TH DEMOCRATIC ALTERNATE DELEGATE,1,8244,LINDA,EVANS,KUCINICH,CHAMPAIGN,2043,DEMOCRATIC,DEM
GP 2004,15TH DEMOCRATIC ALTERNATE DELEGATE,1,8244,LINDA,EVANS,KUCINICH,MACON,112,DEMOCRATIC,DEM
GP 2004,15TH DEMOCRATIC ALTERNATE DELEGATE,1,8244,LINDA,EVANS,KUCINICH,MOULTRIE,51,DEMOCRATIC,DEM
GP 2004,15TH DEMOCRATIC ALTERNATE DELEGATE,1,8244,LINDA,EVANS,KUCINICH,CUMBERLAND,78,DEMOCRATIC,DEM
GP 2004,15TH DEMOCRATIC ALTERNATE DELEGATE,1,8244,LINDA,EVANS,KUCINICH,LAWRENCE,45,DEMOCRATIC,DEM
GP 2004,15TH DEMOCRATIC ALTERNATE DELEGATE,1,8244,LINDA,EVANS,KUCINICH,DeWITT,184,DEMOCRATIC,DEM
GP 2004,15TH DEMOCRATIC ALTERNATE DELEGATE,1,8244,LINDA,EVANS,KUCINICH,McLEAN,316,DEMOCRATIC,DEM
GP 2004,15TH DEMOCRATIC ALTERNATE DELEGATE,1,8244,LINDA,EVANS,KUCINICH,VERMILION,322,DEMOCRATIC,DEM
GP 2004,19TH DEMOCRATIC DELEGATE,5,8245,LORI,KRUEGER,KUCINICH,CLAY,90,DEMOCRATIC,DEM
GP 2004,19TH DEMOCRATIC DELEGATE,5,8245,LORI,KRUEGER,KUCINICH,HARDIN,43,DEMOCRATIC,DEM
GP 2004,19TH DEMOCRATIC DELEGATE,5,8245,LORI,KRUEGER,KUCINICH,JERSEY,106,DEMOCRATIC,DEM
GP 2004,19TH DEMOCRATIC DELEGATE,5,8245,LORI,KRUEGER,KUCINICH,RICHLAND,61,DEMOCRATIC,DEM
GP 2004,19TH DEMOCRATIC DELEGATE,5,8245,LORI,KRUEGER,KUCINICH,WASHINGTON,77,DEMOCRATIC,DEM
GP 2004,19TH DEMOCRATIC DELEGATE,5,8245,LORI,KRUEGER,KUCINICH,BOND,63,DEMOCRATIC,DEM
GP 2004,19TH DEMOCRATIC DELEGATE,5,8245,LORI,KRUEGER,KUCINICH,CLINTON,50,DEMOCRATIC,DEM
GP 2004,19TH DEMOCRATIC DELEGATE,5,8245,LORI,KRUEGER,KUCINICH,JASPER,35,DEMOCRATIC,DEM
GP 2004,19TH DEMOCRATIC DELEGATE,5,8245,LORI,KRUEGER,KUCINICH,GREENE,76,DEMOCRATIC,DEM
GP 2004,19TH DEMOCRATIC DELEGATE,5,8245,LORI,KRUEGER,KUCINICH,JOHNSON,44,DEMOCRATIC,DEM
GP 2004,19TH DEMOCRATIC DELEGATE,5,8245,LORI,KRUEGER,KUCINICH,WILLIAMSON,28,DEMOCRATIC,DEM
GP 2004,19TH DEMOCRATIC DELEGATE,5,8245,LORI,KRUEGER,KUCINICH,HAMILTON,85,DEMOCRATIC,DEM
GP 2004,19TH DEMOCRATIC DELEGATE,5,8245,LORI,KRUEGER,KUCINICH,SHELBY,127,DEMOCRATIC,DEM
GP 2004,19TH DEMOCRATIC DELEGATE,5,8245,LORI,KRUEGER,KUCINICH,EDWARDS,15,DEMOCRATIC,DEM
GP 2004,19TH DEMOCRATIC DELEGATE,5,8245,LORI,KRUEGER,KUCINICH,WHITE,35,DEMOCRATIC,DEM
GP 2004,19TH DEMOCRATIC DELEGATE,5,8245,LORI,KRUEGER,KUCINICH,FAYETTE,74,DEMOCRATIC,DEM
GP 2004,19TH DEMOCRATIC DELEGATE,5,8245,LORI,KRUEGER,KUCINICH,MARION,162,DEMOCRATIC,DEM
GP 2004,19TH DEMOCRATIC DELEGATE,5,8245,LORI,KRUEGER,KUCINICH,SALINE,224,DEMOCRATIC,DEM
GP 2004,19TH DEMOCRATIC DELEGATE,5,8245,LORI,KRUEGER,KUCINICH,MASSAC,120,DEMOCRATIC,DEM
GP 2004,19TH DEMOCRATIC DELEGATE,5,8245,LORI,KRUEGER,KUCINICH,GALLATIN,136,DEMOCRATIC,DEM
GP 2004,19TH DEMOCRATIC DELEGATE,5,8245,LORI,KRUEGER,KUCINICH,MONTGOMERY,126,DEMOCRATIC,DEM
GP 2004,19TH DEMOCRATIC DELEGATE,5,8245,LORI,KRUEGER,KUCINICH,JEFFERSON,95,DEMOCRATIC,DEM
GP 2004,19TH DEMOCRATIC DELEGATE,5,8245,LORI,KRUEGER,KUCINICH,WABASH,14,DEMOCRATIC,DEM
GP 2004,19TH DEMOCRATIC DELEGATE,5,8245,LORI,KRUEGER,KUCINICH,MADISON,507,DEMOCRATIC,DEM
GP 2004,19TH DEMOCRATIC DELEGATE,5,8245,LORI,KRUEGER,KUCINICH,SANGAMON,564,DEMOCRATIC,DEM
GP 2004,19TH DEMOCRATIC DELEGATE,5,8245,LORI,KRUEGER,KUCINICH,EFFINGHAM,329,DEMOCRATIC,DEM
GP 2004,19TH DEMOCRATIC DELEGATE,5,8245,LORI,KRUEGER,KUCINICH,POPE,24,DEMOCRATIC,DEM
GP 2004,19TH DEMOCRATIC DELEGATE,5,8245,LORI,KRUEGER,KUCINICH,WAYNE,27,DEMOCRATIC,DEM
GP 2004,19TH DEMOCRATIC DELEGATE,5,8245,LORI,KRUEGER,KUCINICH,CHRISTIAN,327,DEMOCRATIC,DEM
GP 2004,19TH DEMOCRATIC DELEGATE,5,8245,LORI,KRUEGER,KUCINICH,LAWRENCE,19,DEMOCRATIC,DEM
GP 2004,19TH DEMOCRATIC DELEGATE,5,8246,JESSE,STALLINGS,KUCINICH,CLAY,71,DEMOCRATIC,DEM
GP 2004,19TH DEMOCRATIC DELEGATE,5,8246,JESSE,STALLINGS,KUCINICH,HARDIN,34,DEMOCRATIC,DEM
GP 2004,19TH DEMOCRATIC DELEGATE,5,8246,JESSE,STALLINGS,KUCINICH,JERSEY,63,DEMOCRATIC,DEM
GP 2004,19TH DEMOCRATIC DELEGATE,5,8246,JESSE,STALLINGS,KUCINICH,RICHLAND,47,DEMOCRATIC,DEM
GP 2004,19TH DEMOCRATIC DELEGATE,5,8246,JESSE,STALLINGS,KUCINICH,WASHINGTON,51,DEMOCRATIC,DEM
GP 2004,19TH DEMOCRATIC DELEGATE,5,8246,JESSE,STALLINGS,KUCINICH,BOND,50,DEMOCRATIC,DEM
GP 2004,19TH DEMOCRATIC DELEGATE,5,8246,JESSE,STALLINGS,KUCINICH,CLINTON,43,DEMOCRATIC,DEM
GP 2004,19TH DEMOCRATIC DELEGATE,5,8246,JESSE,STALLINGS,KUCINICH,JASPER,35,DEMOCRATIC,DEM
GP 2004,19TH DEMOCRATIC DELEGATE,5,8246,JESSE,STALLINGS,KUCINICH,GREENE,45,DEMOCRATIC,DEM
GP 2004,19TH DEMOCRATIC DELEGATE,5,8246,JESSE,STALLINGS,KUCINICH,JOHNSON,24,DEMOCRATIC,DEM
GP 2004,19TH DEMOCRATIC DELEGATE,5,8246,JESSE,STALLINGS,KUCINICH,WILLIAMSON,22,DEMOCRATIC,DEM
GP 2004,19TH DEMOCRATIC DELEGATE,5,8246,JESSE,STALLINGS,KUCINICH,HAMILTON,73,DEMOCRATIC,DEM
GP 2004,19TH DEMOCRATIC DELEGATE,5,8246,JESSE,STALLINGS,KUCINICH,SHELBY,85,DEMOCRATIC,DEM
GP 2004,19TH DEMOCRATIC DELEGATE,5,8246,JESSE,STALLINGS,KUCINICH,EDWARDS,5,DEMOCRATIC,DEM
GP 2004,19TH DEMOCRATIC DELEGATE,5,8246,JESSE,STALLINGS,KUCINICH,WHITE,49,DEMOCRATIC,DEM
GP 2004,19TH DEMOCRATIC DELEGATE,5,8246,JESSE,STALLINGS,KUCINICH,FAYETTE,51,DEMOCRATIC,DEM
GP 2004,19TH DEMOCRATIC DELEGATE,5,8246,JESSE,STALLINGS,KUCINICH,MARION,117,DEMOCRATIC,DEM
GP 2004,19TH DEMOCRATIC DELEGATE,5,8246,JESSE,STALLINGS,KUCINICH,SALINE,215,DEMOCRATIC,DEM
GP 2004,19TH DEMOCRATIC DELEGATE,5,8246,JESSE,STALLINGS,KUCINICH,MASSAC,39,DEMOCRATIC,DEM
GP 2004,19TH DEMOCRATIC DELEGATE,5,8246,JESSE,STALLINGS,KUCINICH,GALLATIN,106,DEMOCRATIC,DEM
GP 2004,19TH DEMOCRATIC DELEGATE,5,8246,JESSE,STALLINGS,KUCINICH,MONTGOMERY,97,DEMOCRATIC,DEM
GP 2004,19TH DEMOCRATIC DELEGATE,5,8246,JESSE,STALLINGS,KUCINICH,JEFFERSON,95,DEMOCRATIC,DEM
GP 2004,19TH DEMOCRATIC DELEGATE,5,8246,JESSE,STALLINGS,KUCINICH,WABASH,10,DEMOCRATIC,DEM
GP 2004,19TH DEMOCRATIC DELEGATE,5,8246,JESSE,STALLINGS,KUCINICH,MADISON,345,DEMOCRATIC,DEM
GP 2004,19TH DEMOCRATIC DELEGATE,5,8246,JESSE,STALLINGS,KUCINICH,SANGAMON,388,DEMOCRATIC,DEM
GP 2004,19TH DEMOCRATIC DELEGATE,5,8246,JESSE,STALLINGS,KUCINICH,EFFINGHAM,229,DEMOCRATIC,DEM
GP 2004,19TH DEMOCRATIC DELEGATE,5,8246,JESSE,STALLINGS,KUCINICH,POPE,21,DEMOCRATIC,DEM
GP 2004,19TH DEMOCRATIC DELEGATE,5,8246,JESSE,STALLINGS,KUCINICH,WAYNE,40,DEMOCRATIC,DEM
GP 2004,19TH DEMOCRATIC DELEGATE,5,8246,JESSE,STALLINGS,KUCINICH,CHRISTIAN,185,DEMOCRATIC,DEM
GP 2004,19TH DEMOCRATIC DELEGATE,5,8246,JESSE,STALLINGS,KUCINICH,LAWRENCE,15,DEMOCRATIC,DEM
GP 2004,19TH DEMOCRATIC DELEGATE,5,8247,"MARGARET ""PEGGY""",JENKINS,KUCINICH,CLAY,131,DEMOCRATIC,DEM
GP 2004,19TH DEMOCRATIC DELEGATE,5,8247,"MARGARET ""PEGGY""",JENKINS,KUCINICH,HARDIN,60,DEMOCRATIC,DEM
GP 2004,19TH DEMOCRATIC DELEGATE,5,8247,"MARGARET ""PEGGY""",JENKINS,KUCINICH,JERSEY,105,DEMOCRATIC,DEM
GP 2004,19TH DEMOCRATIC DELEGATE,5,8247,"MARGARET ""PEGGY""",JENKINS,KUCINICH,RICHLAND,83,DEMOCRATIC,DEM
GP 2004,19TH DEMOCRATIC DELEGATE,5,8247,"MARGARET ""PEGGY""",JENKINS,KUCINICH,WASHINGTON,65,DEMOCRATIC,DEM
GP 2004,19TH DEMOCRATIC DELEGATE,5,8247,"MARGARET ""PEGGY""",JENKINS,KUCINICH,BOND,67,DEMOCRATIC,DEM
GP 2004,19TH DEMOCRATIC DELEGATE,5,8247,"MARGARET ""PEGGY""",JENKINS,KUCINICH,CLINTON,52,DEMOCRATIC,DEM
GP 2004,19TH DEMOCRATIC DELEGATE,5,8247,"MARGARET ""PEGGY""",JENKINS,KUCINICH,JASPER,48,DEMOCRATIC,DEM
GP 2004,19TH DEMOCRATIC DELEGATE,5,8247,"MARGARET ""PEGGY""",JENKINS,KUCINICH,GREENE,80,DEMOCRATIC,DEM
GP 2004,19TH DEMOCRATIC DELEGATE,5,8247,"MARGARET ""PEGGY""",JENKINS,KUCINICH,JOHNSON,54,DEMOCRATIC,DEM
GP 2004,19TH DEMOCRATIC DELEGATE,5,8247,"MARGARET ""PEGGY""",JENKINS,KUCINICH,WILLIAMSON,42,DEMOCRATIC,DEM
GP 2004,19TH DEMOCRATIC DELEGATE,5,8247,"MARGARET ""PEGGY""",JENKINS,KUCINICH,HAMILTON,87,DEMOCRATIC,DEM
GP 2004,19TH DEMOCRATIC DELEGATE,5,8247,"MARGARET ""PEGGY""",JENKINS,KUCINICH,SHELBY,131,DEMOCRATIC,DEM
GP 2004,19TH DEMOCRATIC DELEGATE,5,8247,"MARGARET ""PEGGY""",JENKINS,KUCINICH,EDWARDS,16,DEMOCRATIC,DEM
GP 2004,19TH DEMOCRATIC DELEGATE,5,8247,"MARGARET ""PEGGY""",JENKINS,KUCINICH,WHITE,44,DEMOCRATIC,DEM
GP 2004,19TH DEMOCRATIC DELEGATE,5,8247,"MARGARET ""PEGGY""",JENKINS,KUCINICH,FAYETTE,88,DEMOCRATIC,DEM
GP 2004,19TH DEMOCRATIC DELEGATE,5,8247,"MARGARET ""PEGGY""",JENKINS,KUCINICH,MARION,217,DEMOCRATIC,DEM
GP 2004,19TH DEMOCRATIC DELEGATE,5,8247,"MARGARET ""PEGGY""",JENKINS,KUCINICH,SALINE,265,DEMOCRATIC,DEM
GP 2004,19TH DEMOCRATIC DELEGATE,5,8247,"MARGARET ""PEGGY""",JENKINS,KUCINICH,MASSAC,52,DEMOCRATIC,DEM
GP 2004,19TH DEMOCRATIC DELEGATE,5,8247,"MARGARET ""PEGGY""",JENKINS,KUCINICH,GALLATIN,157,DEMOCRATIC,DEM
GP 2004,19TH DEMOCRATIC DELEGATE,5,8247,"MARGARET ""PEGGY""",JENKINS,KUCINICH,MONTGOMERY,141,DEMOCRATIC,DEM
GP 2004,19TH DEMOCRATIC DELEGATE,5,8247,"MARGARET ""PEGGY""",JENKINS,KUCINICH,JEFFERSON,115,DEMOCRATIC,DEM
GP 2004,19TH DEMOCRATIC DELEGATE,5,8247,"MARGARET ""PEGGY""",JENKINS,KUCINICH,WABASH,18,DEMOCRATIC,DEM
GP 2004,19TH DEMOCRATIC DELEGATE,5,8247,"MARGARET ""PEGGY""",JENKINS,KUCINICH,MADISON,565,DEMOCRATIC,DEM
GP 2004,19TH DEMOCRATIC DELEGATE,5,8247,"MARGARET ""PEGGY""",JENKINS,KUCINICH,SANGAMON,582,DEMOCRATIC,DEM
GP 2004,19TH DEMOCRATIC DELEGATE,5,8247,"MARGARET ""PEGGY""",JENKINS,KUCINICH,EFFINGHAM,337,DEMOCRATIC,DEM
GP 2004,19TH DEMOCRATIC DELEGATE,5,8247,"MARGARET ""PEGGY""",JENKINS,KUCINICH,POPE,21,DEMOCRATIC,DEM
GP 2004,19TH DEMOCRATIC DELEGATE,5,8247,"MARGARET ""PEGGY""",JENKINS,KUCINICH,WAYNE,38,DEMOCRATIC,DEM
GP 2004,19TH DEMOCRATIC DELEGATE,5,8247,"MARGARET ""PEGGY""",JENKINS,KUCINICH,CHRISTIAN,341,DEMOCRATIC,DEM
GP 2004,19TH DEMOCRATIC DELEGATE,5,8247,"MARGARET ""PEGGY""",JENKINS,KUCINICH,LAWRENCE,26,DEMOCRATIC,DEM
GP 2004,19TH DEMOCRATIC DELEGATE,5,8248,STANLEY I.,MEINERT,KUCINICH,CLAY,57,DEMOCRATIC,DEM
GP 2004,19TH DEMOCRATIC DELEGATE,5,8248,STANLEY I.,MEINERT,KUCINICH,HARDIN,26,DEMOCRATIC,DEM
GP 2004,19TH DEMOCRATIC DELEGATE,5,8248,STANLEY I.,MEINERT,KUCINICH,JERSEY,56,DEMOCRATIC,DEM
GP 2004,19TH DEMOCRATIC DELEGATE,5,8248,STANLEY I.,MEINERT,KUCINICH,RICHLAND,45,DEMOCRATIC,DEM
GP 2004,19TH DEMOCRATIC DELEGATE,5,8248,STANLEY I.,MEINERT,KUCINICH,WASHINGTON,80,DEMOCRATIC,DEM
GP 2004,19TH DEMOCRATIC DELEGATE,5,8248,STANLEY I.,MEINERT,KUCINICH,BOND,46,DEMOCRATIC,DEM
GP 2004,19TH DEMOCRATIC DELEGATE,5,8248,STANLEY I.,MEINERT,KUCINICH,CLINTON,36,DEMOCRATIC,DEM
GP 2004,19TH DEMOCRATIC DELEGATE,5,8248,STANLEY I.,MEINERT,KUCINICH,JASPER,37,DEMOCRATIC,DEM
GP 2004,19TH DEMOCRATIC DELEGATE,5,8248,STANLEY I.,MEINERT,KUCINICH,GREENE,45,DEMOCRATIC,DEM
GP 2004,19TH DEMOCRATIC DELEGATE,5,8248,STANLEY I.,MEINERT,KUCINICH,JOHNSON,19,DEMOCRATIC,DEM
GP 2004,19TH DEMOCRATIC DELEGATE,5,8248,STANLEY I.,MEINERT,KUCINICH,WILLIAMSON,21,DEMOCRATIC,DEM
GP 2004,19TH DEMOCRATIC DELEGATE,5,8248,STANLEY I.,MEINERT,KUCINICH,HAMILTON,37,DEMOCRATIC,DEM
GP 2004,19TH DEMOCRATIC DELEGATE,5,8248,STANLEY I.,MEINERT,KUCINICH,SHELBY,71,DEMOCRATIC,DEM
GP 2004,19TH DEMOCRATIC DELEGATE,5,8248,STANLEY I.,MEINERT,KUCINICH,EDWARDS,4,DEMOCRATIC,DEM
GP 2004,19TH DEMOCRATIC DELEGATE,5,8248,STANLEY I.,MEINERT,KUCINICH,WHITE,28,DEMOCRATIC,DEM
GP 2004,19TH DEMOCRATIC DELEGATE,5,8248,STANLEY I.,MEINERT,KUCINICH,FAYETTE,36,DEMOCRATIC,DEM
GP 2004,19TH DEMOCRATIC DELEGATE,5,8248,STANLEY I.,MEINERT,KUCINICH,MARION,105,DEMOCRATIC,DEM
GP 2004,19TH DEMOCRATIC DELEGATE,5,8248,STANLEY I.,MEINERT,KUCINICH,SALINE,143,DEMOCRATIC,DEM
GP 2004,19TH DEMOCRATIC DELEGATE,5,8248,STANLEY I.,MEINERT,KUCINICH,MASSAC,25,DEMOCRATIC,DEM
GP 2004,19TH DEMOCRATIC DELEGATE,5,8248,STANLEY I.,MEINERT,KUCINICH,GALLATIN,84,DEMOCRATIC,DEM
GP 2004,19TH DEMOCRATIC DELEGATE,5,8248,STANLEY I.,MEINERT,KUCINICH,MONTGOMERY,88,DEMOCRATIC,DEM
GP 2004,19TH DEMOCRATIC DELEGATE,5,8248,STANLEY I.,MEINERT,KUCINICH,JEFFERSON,58,DEMOCRATIC,DEM
GP 2004,19TH DEMOCRATIC DELEGATE,5,8248,STANLEY I.,MEINERT,KUCINICH,WABASH,9,DEMOCRATIC,DEM
GP 2004,19TH DEMOCRATIC DELEGATE,5,8248,STANLEY I.,MEINERT,KUCINICH,MADISON,245,DEMOCRATIC,DEM
GP 2004,19TH DEMOCRATIC DELEGATE,5,8248,STANLEY I.,MEINERT,KUCINICH,SANGAMON,341,DEMOCRATIC,DEM
GP 2004,19TH DEMOCRATIC DELEGATE,5,8248,STANLEY I.,MEINERT,KUCINICH,EFFINGHAM,207,DEMOCRATIC,DEM
GP 2004,19TH DEMOCRATIC DELEGATE,5,8248,STANLEY I.,MEINERT,KUCINICH,POPE,12,DEMOCRATIC,DEM
GP 2004,19TH DEMOCRATIC DELEGATE,5,8248,STANLEY I.,MEINERT,KUCINICH,WAYNE,25,DEMOCRATIC,DEM
GP 2004,19TH DEMOCRATIC DELEGATE,5,8248,STANLEY I.,MEINERT,KUCINICH,CHRISTIAN,145,DEMOCRATIC,DEM
GP 2004,19TH DEMOCRATIC DELEGATE,5,8248,STANLEY I.,MEINERT,KUCINICH,LAWRENCE,5,DEMOCRATIC,DEM
GP 2004,19TH DEMOCRATIC DELEGATE,5,8249,"T. L. ""TIM""",THORNTON,KUCINICH,CLAY,74,DEMOCRATIC,DEM
GP 2004,19TH DEMOCRATIC DELEGATE,5,8249,"T. L. ""TIM""",THORNTON,KUCINICH,HARDIN,41,DEMOCRATIC,DEM
GP 2004,19TH DEMOCRATIC DELEGATE,5,8249,"T. L. ""TIM""",THORNTON,KUCINICH,JERSEY,76,DEMOCRATIC,DEM
GP 2004,19TH DEMOCRATIC DELEGATE,5,8249,"T. L. ""TIM""",THORNTON,KUCINICH,RICHLAND,46,DEMOCRATIC,DEM
GP 2004,19TH DEMOCRATIC DELEGATE,5,8249,"T. L. ""TIM""",THORNTON,KUCINICH,WASHINGTON,44,DEMOCRATIC,DEM
GP 2004,19TH DEMOCRATIC DELEGATE,5,8249,"T. L. ""TIM""",THORNTON,KUCINICH,BOND,50,DEMOCRATIC,DEM
GP 2004,19TH DEMOCRATIC DELEGATE,5,8249,"T. L. ""TIM""",THORNTON,KUCINICH,CLINTON,31,DEMOCRATIC,DEM
GP 2004,19TH DEMOCRATIC DELEGATE,5,8249,"T. L. ""TIM""",THORNTON,KUCINICH,JASPER,30,DEMOCRATIC,DEM
GP 2004,19TH DEMOCRATIC DELEGATE,5,8249,"T. L. ""TIM""",THORNTON,KUCINICH,GREENE,67,DEMOCRATIC,DEM
GP 2004,19TH DEMOCRATIC DELEGATE,5,8249,"T. L. ""TIM""",THORNTON,KUCINICH,JOHNSON,40,DEMOCRATIC,DEM
GP 2004,19TH DEMOCRATIC DELEGATE,5,8249,"T. L. ""TIM""",THORNTON,KUCINICH,WILLIAMSON,21,DEMOCRATIC,DEM
GP 2004,19TH DEMOCRATIC DELEGATE,5,8249,"T. L. ""TIM""",THORNTON,KUCINICH,HAMILTON,57,DEMOCRATIC,DEM
GP 2004,19TH DEMOCRATIC DELEGATE,5,8249,"T. L. ""TIM""",THORNTON,KUCINICH,SHELBY,103,DEMOCRATIC,DEM
GP 2004,19TH DEMOCRATIC DELEGATE,5,8249,"T. L. ""TIM""",THORNTON,KUCINICH,EDWARDS,10,DEMOCRATIC,DEM
GP 2004,19TH DEMOCRATIC DELEGATE,5,8249,"T. L. ""TIM""",THORNTON,KUCINICH,WHITE,32,DEMOCRATIC,DEM
GP 2004,19TH DEMOCRATIC DELEGATE,5,8249,"T. L. ""TIM""",THORNTON,KUCINICH,FAYETTE,60,DEMOCRATIC,DEM
GP 2004,19TH DEMOCRATIC DELEGATE,5,8249,"T. L. ""TIM""",THORNTON,KUCINICH,MARION,125,DEMOCRATIC,DEM
GP 2004,19TH DEMOCRATIC DELEGATE,5,8249,"T. L. ""TIM""",THORNTON,KUCINICH,SALINE,217,DEMOCRATIC,DEM
GP 2004,19TH DEMOCRATIC DELEGATE,5,8249,"T. L. ""TIM""",THORNTON,KUCINICH,MASSAC,26,DEMOCRATIC,DEM
GP 2004,19TH DEMOCRATIC DELEGATE,5,8249,"T. L. ""TIM""",THORNTON,KUCINICH,GALLATIN,116,DEMOCRATIC,DEM
GP 2004,19TH DEMOCRATIC DELEGATE,5,8249,"T. L. ""TIM""",THORNTON,KUCINICH,MONTGOMERY,133,DEMOCRATIC,DEM
GP 2004,19TH DEMOCRATIC DELEGATE,5,8249,"T. L. ""TIM""",THORNTON,KUCINICH,JEFFERSON,89,DEMOCRATIC,DEM
GP 2004,19TH DEMOCRATIC DELEGATE,5,8249,"T. L. ""TIM""",THORNTON,KUCINICH,WABASH,12,DEMOCRATIC,DEM
GP 2004,19TH DEMOCRATIC DELEGATE,5,8249,"T. L. ""TIM""",THORNTON,KUCINICH,MADISON,316,DEMOCRATIC,DEM
GP 2004,19TH DEMOCRATIC DELEGATE,5,8249,"T. L. ""TIM""",THORNTON,KUCINICH,SANGAMON,478,DEMOCRATIC,DEM
GP 2004,19TH DEMOCRATIC DELEGATE,5,8249,"T. L. ""TIM""",THORNTON,KUCINICH,EFFINGHAM,245,DEMOCRATIC,DEM
GP 2004,19TH DEMOCRATIC DELEGATE,5,8249,"T. L. ""TIM""",THORNTON,KUCINICH,POPE,19,DEMOCRATIC,DEM
GP 2004,19TH DEMOCRATIC DELEGATE,5,8249,"T. L. ""TIM""",THORNTON,KUCINICH,WAYNE,26,DEMOCRATIC,DEM
GP 2004,19TH DEMOCRATIC DELEGATE,5,8249,"T. L. ""TIM""",THORNTON,KUCINICH,CHRISTIAN,194,DEMOCRATIC,DEM
GP 2004,19TH DEMOCRATIC DELEGATE,5,8249,"T. L. ""TIM""",THORNTON,KUCINICH,LAWRENCE,10,DEMOCRATIC,DEM
GP 2004,18TH DEMOCRATIC DELEGATE,5,8250,CHARLES,HERSHEY,KUCINICH,BROWN,19,DEMOCRATIC,DEM
GP 2004,18TH DEMOCRATIC DELEGATE,5,8250,CHARLES,HERSHEY,KUCINICH,LOGAN,112,DEMOCRATIC,DEM
GP 2004,18TH DEMOCRATIC DELEGATE,5,8250,CHARLES,HERSHEY,KUCINICH,SCHUYLER,15,DEMOCRATIC,DEM
GP 2004,18TH DEMOCRATIC DELEGATE,5,8250,CHARLES,HERSHEY,KUCINICH,MARSHALL,87,DEMOCRATIC,DEM
GP 2004,18TH DEMOCRATIC DELEGATE,5,8250,CHARLES,HERSHEY,KUCINICH,MENARD,47,DEMOCRATIC,DEM
GP 2004,18TH DEMOCRATIC DELEGATE,5,8250,CHARLES,HERSHEY,KUCINICH,STARK,32,DEMOCRATIC,DEM
GP 2004,18TH DEMOCRATIC DELEGATE,5,8250,CHARLES,HERSHEY,KUCINICH,WOODFORD,198,DEMOCRATIC,DEM
GP 2004,18TH DEMOCRATIC DELEGATE,5,8250,CHARLES,HERSHEY,KUCINICH,MASON,201,DEMOCRATIC,DEM
GP 2004,18TH DEMOCRATIC DELEGATE,5,8250,CHARLES,HERSHEY,KUCINICH,BUREAU,39,DEMOCRATIC,DEM
GP 2004,18TH DEMOCRATIC DELEGATE,5,8250,CHARLES,HERSHEY,KUCINICH,PIKE,47,DEMOCRATIC,DEM
GP 2004,18TH DEMOCRATIC DELEGATE,5,8250,CHARLES,HERSHEY,KUCINICH,CASS,73,DEMOCRATIC,DEM
GP 2004,18TH DEMOCRATIC DELEGATE,5,8250,CHARLES,HERSHEY,KUCINICH,MORGAN,96,DEMOCRATIC,DEM
GP 2004,18TH DEMOCRATIC DELEGATE,5,8250,CHARLES,HERSHEY,KUCINICH,PUTNAM,111,DEMOCRATIC,DEM
GP 2004,18TH DEMOCRATIC DELEGATE,5,8250,CHARLES,HERSHEY,KUCINICH,TAZEWELL,719,DEMOCRATIC,DEM
GP 2004,18TH DEMOCRATIC DELEGATE,5,8250,CHARLES,HERSHEY,KUCINICH,SANGAMON,529,DEMOCRATIC,DEM
GP 2004,18TH DEMOCRATIC DELEGATE,5,8250,CHARLES,HERSHEY,KUCINICH,SCOTT,13,DEMOCRATIC,DEM
GP 2004,18TH DEMOCRATIC DELEGATE,5,8250,CHARLES,HERSHEY,KUCINICH,MACON,105,DEMOCRATIC,DEM
GP 2004,18TH DEMOCRATIC DELEGATE,5,8250,CHARLES,HERSHEY,KUCINICH,KNOX,35,DEMOCRATIC,DEM
GP 2004,18TH DEMOCRATIC DELEGATE,5,8250,CHARLES,HERSHEY,KUCINICH,PEORIA,510,DEMOCRATIC,DEM
GP 2004,18TH DEMOCRATIC DELEGATE,5,8250,CHARLES,HERSHEY,KUCINICH,ADAMS,12,DEMOCRATIC,DEM
GP 2004,18TH DEMOCRATIC DELEGATE,5,8251,HELEN F.,MARTIN,KUCINICH,BROWN,17,DEMOCRATIC,DEM
GP 2004,18TH DEMOCRATIC DELEGATE,5,8251,HELEN F.,MARTIN,KUCINICH,LOGAN,126,DEMOCRATIC,DEM
GP 2004,18TH DEMOCRATIC DELEGATE,5,8251,HELEN F.,MARTIN,KUCINICH,SCHUYLER,11,DEMOCRATIC,DEM
GP 2004,18TH DEMOCRATIC DELEGATE,5,8251,HELEN F.,MARTIN,KUCINICH,MARSHALL,108,DEMOCRATIC,DEM
GP 2004,18TH DEMOCRATIC DELEGATE,5,8251,HELEN F.,MARTIN,KUCINICH,MENARD,56,DEMOCRATIC,DEM
GP 2004,18TH DEMOCRATIC DELEGATE,5,8251,HELEN F.,MARTIN,KUCINICH,STARK,44,DEMOCRATIC,DEM
GP 2004,18TH DEMOCRATIC DELEGATE,5,8251,HELEN F.,MARTIN,KUCINICH,WOODFORD,212,DEMOCRATIC,DEM
GP 2004,18TH DEMOCRATIC DELEGATE,5,8251,HELEN F.,MARTIN,KUCINICH,MASON,247,DEMOCRATIC,DEM
GP 2004,18TH DEMOCRATIC DELEGATE,5,8251,HELEN F.,MARTIN,KUCINICH,BUREAU,37,DEMOCRATIC,DEM
GP 2004,18TH DEMOCRATIC DELEGATE,5,8251,HELEN F.,MARTIN,KUCINICH,PIKE,45,DEMOCRATIC,DEM
GP 2004,18TH DEMOCRATIC DELEGATE,5,8251,HELEN F.,MARTIN,KUCINICH,CASS,70,DEMOCRATIC,DEM
GP 2004,18TH DEMOCRATIC DELEGATE,5,8251,HELEN F.,MARTIN,KUCINICH,MORGAN,116,DEMOCRATIC,DEM
GP 2004,18TH DEMOCRATIC DELEGATE,5,8251,HELEN F.,MARTIN,KUCINICH,PUTNAM,116,DEMOCRATIC,DEM
GP 2004,18TH DEMOCRATIC DELEGATE,5,8251,HELEN F.,MARTIN,KUCINICH,TAZEWELL,826,DEMOCRATIC,DEM
GP 2004,18TH DEMOCRATIC DELEGATE,5,8251,HELEN F.,MARTIN,KUCINICH,SANGAMON,622,DEMOCRATIC,DEM
GP 2004,18TH DEMOCRATIC DELEGATE,5,8251,HELEN F.,MARTIN,KUCINICH,SCOTT,13,DEMOCRATIC,DEM
GP 2004,18TH DEMOCRATIC DELEGATE,5,8251,HELEN F.,MARTIN,KUCINICH,MACON,105,DEMOCRATIC,DEM
GP 2004,18TH DEMOCRATIC DELEGATE,5,8251,HELEN F.,MARTIN,KUCINICH,KNOX,47,DEMOCRATIC,DEM
GP 2004,18TH DEMOCRATIC DELEGATE,5,8251,HELEN F.,MARTIN,KUCINICH,PEORIA,608,DEMOCRATIC,DEM
GP 2004,18TH DEMOCRATIC DELEGATE,5,8251,HELEN F.,MARTIN,KUCINICH,ADAMS,16,DEMOCRATIC,DEM
GP 2004,18TH DEMOCRATIC DELEGATE,5,8252,HARRY,ELGER,KUCINICH,BROWN,16,DEMOCRATIC,DEM
GP 2004,18TH DEMOCRATIC DELEGATE,5,8252,HARRY,ELGER,KUCINICH,LOGAN,79,DEMOCRATIC,DEM
GP 2004,18TH DEMOCRATIC DELEGATE,5,8252,HARRY,ELGER,KUCINICH,SCHUYLER,9,DEMOCRATIC,DEM
GP 2004,18TH DEMOCRATIC DELEGATE,5,8252,HARRY,ELGER,KUCINICH,MARSHALL,76,DEMOCRATIC,DEM
GP 2004,18TH DEMOCRATIC DELEGATE,5,8252,HARRY,ELGER,KUCINICH,MENARD,34,DEMOCRATIC,DEM
GP 2004,18TH DEMOCRATIC DELEGATE,5,8252,HARRY,ELGER,KUCINICH,STARK,29,DEMOCRATIC,DEM
GP 2004,18TH DEMOCRATIC DELEGATE,5,8252,HARRY,ELGER,KUCINICH,WOODFORD,160,DEMOCRATIC,DEM
GP 2004,18TH DEMOCRATIC DELEGATE,5,8252,HARRY,ELGER,KUCINICH,MASON,177,DEMOCRATIC,DEM
GP 2004,18TH DEMOCRATIC DELEGATE,5,8252,HARRY,ELGER,KUCINICH,BUREAU,40,DEMOCRATIC,DEM
GP 2004,18TH DEMOCRATIC DELEGATE,5,8252,HARRY,ELGER,KUCINICH,PIKE,41,DEMOCRATIC,DEM
GP 2004,18TH DEMOCRATIC DELEGATE,5,8252,HARRY,ELGER,KUCINICH,CASS,50,DEMOCRATIC,DEM
GP 2004,18TH DEMOCRATIC DELEGATE,5,8252,HARRY,ELGER,KUCINICH,MORGAN,84,DEMOCRATIC,DEM
GP 2004,18TH DEMOCRATIC DELEGATE,5,8252,HARRY,ELGER,KUCINICH,PUTNAM,94,DEMOCRATIC,DEM
GP 2004,18TH DEMOCRATIC DELEGATE,5,8252,HARRY,ELGER,KUCINICH,TAZEWELL,581,DEMOCRATIC,DEM
GP 2004,18TH DEMOCRATIC DELEGATE,5,8252,HARRY,ELGER,KUCINICH,SANGAMON,452,DEMOCRATIC,DEM
GP 2004,18TH DEMOCRATIC DELEGATE,5,8252,HARRY,ELGER,KUCINICH,SCOTT,12,DEMOCRATIC,DEM
GP 2004,18TH DEMOCRATIC DELEGATE,5,8252,HARRY,ELGER,KUCINICH,MACON,88,DEMOCRATIC,DEM
GP 2004,18TH DEMOCRATIC DELEGATE,5,8252,HARRY,ELGER,KUCINICH,KNOX,25,DEMOCRATIC,DEM
GP 2004,18TH DEMOCRATIC DELEGATE,5,8252,HARRY,ELGER,KUCINICH,PEORIA,557,DEMOCRATIC,DEM
GP 2004,18TH DEMOCRATIC DELEGATE,5,8252,HARRY,ELGER,KUCINICH,ADAMS,16,DEMOCRATIC,DEM
GP 2004,18TH DEMOCRATIC DELEGATE,5,8253,BETTY,KAY,KUCINICH,BROWN,17,DEMOCRATIC,DEM
GP 2004,18TH DEMOCRATIC DELEGATE,5,8253,BETTY,KAY,KUCINICH,LOGAN,112,DEMOCRATIC,DEM
GP 2004,18TH DEMOCRATIC DELEGATE,5,8253,BETTY,KAY,KUCINICH,SCHUYLER,14,DEMOCRATIC,DEM
GP 2004,18TH DEMOCRATIC DELEGATE,5,8253,BETTY,KAY,KUCINICH,MARSHALL,107,DEMOCRATIC,DEM
GP 2004,18TH DEMOCRATIC DELEGATE,5,8253,BETTY,KAY,KUCINICH,MENARD,51,DEMOCRATIC,DEM
GP 2004,18TH DEMOCRATIC DELEGATE,5,8253,BETTY,KAY,KUCINICH,STARK,42,DEMOCRATIC,DEM
GP 2004,18TH DEMOCRATIC DELEGATE,5,8253,BETTY,KAY,KUCINICH,WOODFORD,210,DEMOCRATIC,DEM
GP 2004,18TH DEMOCRATIC DELEGATE,5,8253,BETTY,KAY,KUCINICH,MASON,254,DEMOCRATIC,DEM
GP 2004,18TH DEMOCRATIC DELEGATE,5,8253,BETTY,KAY,KUCINICH,BUREAU,47,DEMOCRATIC,DEM
GP 2004,18TH DEMOCRATIC DELEGATE,5,8253,BETTY,KAY,KUCINICH,PIKE,44,DEMOCRATIC,DEM
GP 2004,18TH DEMOCRATIC DELEGATE,5,8253,BETTY,KAY,KUCINICH,CASS,78,DEMOCRATIC,DEM
GP 2004,18TH DEMOCRATIC DELEGATE,5,8253,BETTY,KAY,KUCINICH,MORGAN,115,DEMOCRATIC,DEM
GP 2004,18TH DEMOCRATIC DELEGATE,5,8253,BETTY,KAY,KUCINICH,PUTNAM,123,DEMOCRATIC,DEM
GP 2004,18TH DEMOCRATIC DELEGATE,5,8253,BETTY,KAY,KUCINICH,TAZEWELL,786,DEMOCRATIC,DEM
GP 2004,18TH DEMOCRATIC DELEGATE,5,8253,BETTY,KAY,KUCINICH,SANGAMON,555,DEMOCRATIC,DEM
GP 2004,18TH DEMOCRATIC DELEGATE,5,8253,BETTY,KAY,KUCINICH,SCOTT,18,DEMOCRATIC,DEM
GP 2004,18TH DEMOCRATIC DELEGATE,5,8253,BETTY,KAY,KUCINICH,MACON,104,DEMOCRATIC,DEM
GP 2004,18TH DEMOCRATIC DELEGATE,5,8253,BETTY,KAY,KUCINICH,KNOX,41,DEMOCRATIC,DEM
GP 2004,18TH DEMOCRATIC DELEGATE,5,8253,BETTY,KAY,KUCINICH,PEORIA,647,DEMOCRATIC,DEM
GP 2004,18TH DEMOCRATIC DELEGATE,5,8253,BETTY,KAY,KUCINICH,ADAMS,18,DEMOCRATIC,DEM
GP 2004,18TH DEMOCRATIC DELEGATE,5,8254,CAROL ALICE,EDMAN,KUCINICH,BROWN,16,DEMOCRATIC,DEM
GP 2004,18TH DEMOCRATIC DELEGATE,5,8254,CAROL ALICE,EDMAN,KUCINICH,LOGAN,79,DEMOCRATIC,DEM
GP 2004,18TH DEMOCRATIC DELEGATE,5,8254,CAROL ALICE,EDMAN,KUCINICH,SCHUYLER,16,DEMOCRATIC,DEM
GP 2004,18TH DEMOCRATIC DELEGATE,5,8254,CAROL ALICE,EDMAN,KUCINICH,MARSHALL,102,DEMOCRATIC,DEM
GP 2004,18TH DEMOCRATIC DELEGATE,5,8254,CAROL ALICE,EDMAN,KUCINICH,MENARD,49,DEMOCRATIC,DEM
GP 2004,18TH DEMOCRATIC DELEGATE,5,8254,CAROL ALICE,EDMAN,KUCINICH,STARK,32,DEMOCRATIC,DEM
GP 2004,18TH DEMOCRATIC DELEGATE,5,8254,CAROL ALICE,EDMAN,KUCINICH,WOODFORD,203,DEMOCRATIC,DEM
GP 2004,18TH DEMOCRATIC DELEGATE,5,8254,CAROL ALICE,EDMAN,KUCINICH,MASON,200,DEMOCRATIC,DEM
GP 2004,18TH DEMOCRATIC DELEGATE,5,8254,CAROL ALICE,EDMAN,KUCINICH,BUREAU,33,DEMOCRATIC,DEM
GP 2004,18TH DEMOCRATIC DELEGATE,5,8254,CAROL ALICE,EDMAN,KUCINICH,PIKE,35,DEMOCRATIC,DEM
GP 2004,18TH DEMOCRATIC DELEGATE,5,8254,CAROL ALICE,EDMAN,KUCINICH,CASS,48,DEMOCRATIC,DEM
GP 2004,18TH DEMOCRATIC DELEGATE,5,8254,CAROL ALICE,EDMAN,KUCINICH,MORGAN,74,DEMOCRATIC,DEM
GP 2004,18TH DEMOCRATIC DELEGATE,5,8254,CAROL ALICE,EDMAN,KUCINICH,PUTNAM,96,DEMOCRATIC,DEM
GP 2004,18TH DEMOCRATIC DELEGATE,5,8254,CAROL ALICE,EDMAN,KUCINICH,TAZEWELL,610,DEMOCRATIC,DEM
GP 2004,18TH DEMOCRATIC DELEGATE,5,8254,CAROL ALICE,EDMAN,KUCINICH,SANGAMON,491,DEMOCRATIC,DEM
GP 2004,18TH DEMOCRATIC DELEGATE,5,8254,CAROL ALICE,EDMAN,KUCINICH,SCOTT,14,DEMOCRATIC,DEM
GP 2004,18TH DEMOCRATIC DELEGATE,5,8254,CAROL ALICE,EDMAN,KUCINICH,MACON,93,DEMOCRATIC,DEM
GP 2004,18TH DEMOCRATIC DELEGATE,5,8254,CAROL ALICE,EDMAN,KUCINICH,KNOX,27,DEMOCRATIC,DEM
GP 2004,18TH DEMOCRATIC DELEGATE,5,8254,CAROL ALICE,EDMAN,KUCINICH,PEORIA,426,DEMOCRATIC,DEM
GP 2004,18TH DEMOCRATIC DELEGATE,5,8254,CAROL ALICE,EDMAN,KUCINICH,ADAMS,12,DEMOCRATIC,DEM
GP 2004,19TH DEMOCRATIC ALTERNATE DELEGATE,1,8255,AMBER,WILLIAMS,KUCINICH,CLAY,100,DEMOCRATIC,DEM
GP 2004,19TH DEMOCRATIC ALTERNATE DELEGATE,1,8255,AMBER,WILLIAMS,KUCINICH,HARDIN,31,DEMOCRATIC,DEM
GP 2004,19TH DEMOCRATIC ALTERNATE DELEGATE,1,8255,AMBER,WILLIAMS,KUCINICH,JERSEY,33,DEMOCRATIC,DEM
GP 2004,19TH DEMOCRATIC ALTERNATE DELEGATE,1,8255,AMBER,WILLIAMS,KUCINICH,RICHLAND,54,DEMOCRATIC,DEM
GP 2004,19TH DEMOCRATIC ALTERNATE DELEGATE,1,8255,AMBER,WILLIAMS,KUCINICH,WASHINGTON,51,DEMOCRATIC,DEM
GP 2004,19TH DEMOCRATIC ALTERNATE DELEGATE,1,8255,AMBER,WILLIAMS,KUCINICH,BOND,44,DEMOCRATIC,DEM
GP 2004,19TH DEMOCRATIC ALTERNATE DELEGATE,1,8255,AMBER,WILLIAMS,KUCINICH,CLINTON,38,DEMOCRATIC,DEM
GP 2004,19TH DEMOCRATIC ALTERNATE DELEGATE,1,8255,AMBER,WILLIAMS,KUCINICH,JASPER,38,DEMOCRATIC,DEM
GP 2004,19TH DEMOCRATIC ALTERNATE DELEGATE,1,8255,AMBER,WILLIAMS,KUCINICH,GREENE,58,DEMOCRATIC,DEM
GP 2004,19TH DEMOCRATIC ALTERNATE DELEGATE,1,8255,AMBER,WILLIAMS,KUCINICH,JOHNSON,37,DEMOCRATIC,DEM
GP 2004,19TH DEMOCRATIC ALTERNATE DELEGATE,1,8255,AMBER,WILLIAMS,KUCINICH,WILLIAMSON,9,DEMOCRATIC,DEM
GP 2004,19TH DEMOCRATIC ALTERNATE DELEGATE,1,8255,AMBER,WILLIAMS,KUCINICH,HAMILTON,57,DEMOCRATIC,DEM
GP 2004,19TH DEMOCRATIC ALTERNATE DELEGATE,1,8255,AMBER,WILLIAMS,KUCINICH,SHELBY,89,DEMOCRATIC,DEM
GP 2004,19TH DEMOCRATIC ALTERNATE DELEGATE,1,8255,AMBER,WILLIAMS,KUCINICH,EDWARDS,5,DEMOCRATIC,DEM
GP 2004,19TH DEMOCRATIC ALTERNATE DELEGATE,1,8255,AMBER,WILLIAMS,KUCINICH,WHITE,38,DEMOCRATIC,DEM
GP 2004,19TH DEMOCRATIC ALTERNATE DELEGATE,1,8255,AMBER,WILLIAMS,KUCINICH,FAYETTE,52,DEMOCRATIC,DEM
GP 2004,19TH DEMOCRATIC ALTERNATE DELEGATE,1,8255,AMBER,WILLIAMS,KUCINICH,MARION,160,DEMOCRATIC,DEM
GP 2004,19TH DEMOCRATIC ALTERNATE DELEGATE,1,8255,AMBER,WILLIAMS,KUCINICH,SALINE,108,DEMOCRATIC,DEM
GP 2004,19TH DEMOCRATIC ALTERNATE DELEGATE,1,8255,AMBER,WILLIAMS,KUCINICH,MASSAC,39,DEMOCRATIC,DEM
GP 2004,19TH DEMOCRATIC ALTERNATE DELEGATE,1,8255,AMBER,WILLIAMS,KUCINICH,GALLATIN,65,DEMOCRATIC,DEM
GP 2004,19TH DEMOCRATIC ALTERNATE DELEGATE,1,8255,AMBER,WILLIAMS,KUCINICH,MONTGOMERY,44,DEMOCRATIC,DEM
GP 2004,19TH DEMOCRATIC ALTERNATE DELEGATE,1,8255,AMBER,WILLIAMS,KUCINICH,JEFFERSON,113,DEMOCRATIC,DEM
GP 2004,19TH DEMOCRATIC ALTERNATE DELEGATE,1,8255,AMBER,WILLIAMS,KUCINICH,WABASH,15,DEMOCRATIC,DEM
GP 2004,19TH DEMOCRATIC ALTERNATE DELEGATE,1,8255,AMBER,WILLIAMS,KUCINICH,MADISON,354,DEMOCRATIC,DEM
GP 2004,19TH DEMOCRATIC ALTERNATE DELEGATE,1,8255,AMBER,WILLIAMS,KUCINICH,SANGAMON,256,DEMOCRATIC,DEM
GP 2004,19TH DEMOCRATIC ALTERNATE DELEGATE,1,8255,AMBER,WILLIAMS,KUCINICH,EFFINGHAM,145,DEMOCRATIC,DEM
GP 2004,19TH DEMOCRATIC ALTERNATE DELEGATE,1,8255,AMBER,WILLIAMS,KUCINICH,POPE,23,DEMOCRATIC,DEM
GP 2004,19TH DEMOCRATIC ALTERNATE DELEGATE,1,8255,AMBER,WILLIAMS,KUCINICH,WAYNE,29,DEMOCRATIC,DEM
GP 2004,19TH DEMOCRATIC ALTERNATE DELEGATE,1,8255,AMBER,WILLIAMS,KUCINICH,CHRISTIAN,150,DEMOCRATIC,DEM
GP 2004,19TH DEMOCRATIC ALTERNATE DELEGATE,1,8255,AMBER,WILLIAMS,KUCINICH,LAWRENCE,8,DEMOCRATIC,DEM
GP 2004,18TH DEMOCRATIC ALTERNATE DELEGATE,1,8256,JAMES E.,HICKMAN,KUCINICH,BROWN,16,DEMOCRATIC,DEM
GP 2004,18TH DEMOCRATIC ALTERNATE DELEGATE,1,8256,JAMES E.,HICKMAN,KUCINICH,LOGAN,81,DEMOCRATIC,DEM
GP 2004,18TH DEMOCRATIC ALTERNATE DELEGATE,1,8256,JAMES E.,HICKMAN,KUCINICH,SCHUYLER,20,DEMOCRATIC,DEM
GP 2004,18TH DEMOCRATIC ALTERNATE DELEGATE,1,8256,JAMES E.,HICKMAN,KUCINICH,MARSHALL,44,DEMOCRATIC,DEM
GP 2004,18TH DEMOCRATIC ALTERNATE DELEGATE,1,8256,JAMES E.,HICKMAN,KUCINICH,MENARD,43,DEMOCRATIC,DEM
GP 2004,18TH DEMOCRATIC ALTERNATE DELEGATE,1,8256,JAMES E.,HICKMAN,KUCINICH,STARK,15,DEMOCRATIC,DEM
GP 2004,18TH DEMOCRATIC ALTERNATE DELEGATE,1,8256,JAMES E.,HICKMAN,KUCINICH,WOODFORD,119,DEMOCRATIC,DEM
GP 2004,18TH DEMOCRATIC ALTERNATE DELEGATE,1,8256,JAMES E.,HICKMAN,KUCINICH,MASON,218,DEMOCRATIC,DEM
GP 2004,18TH DEMOCRATIC ALTERNATE DELEGATE,1,8256,JAMES E.,HICKMAN,KUCINICH,BUREAU,57,DEMOCRATIC,DEM
GP 2004,18TH DEMOCRATIC ALTERNATE DELEGATE,1,8256,JAMES E.,HICKMAN,KUCINICH,PIKE,44,DEMOCRATIC,DEM
GP 2004,18TH DEMOCRATIC ALTERNATE DELEGATE,1,8256,JAMES E.,HICKMAN,KUCINICH,CASS,88,DEMOCRATIC,DEM
GP 2004,18TH DEMOCRATIC ALTERNATE DELEGATE,1,8256,JAMES E.,HICKMAN,KUCINICH,MORGAN,138,DEMOCRATIC,DEM
GP 2004,18TH DEMOCRATIC ALTERNATE DELEGATE,1,8256,JAMES E.,HICKMAN,KUCINICH,PUTNAM,72,DEMOCRATIC,DEM
GP 2004,18TH DEMOCRATIC ALTERNATE DELEGATE,1,8256,JAMES E.,HICKMAN,KUCINICH,TAZEWELL,743,DEMOCRATIC,DEM
GP 2004,18TH DEMOCRATIC ALTERNATE DELEGATE,1,8256,JAMES E.,HICKMAN,KUCINICH,SANGAMON,476,DEMOCRATIC,DEM
GP 2004,18TH DEMOCRATIC ALTERNATE DELEGATE,1,8256,JAMES E.,HICKMAN,KUCINICH,SCOTT,32,DEMOCRATIC,DEM
GP 2004,18TH DEMOCRATIC ALTERNATE DELEGATE,1,8256,JAMES E.,HICKMAN,KUCINICH,MACON,146,DEMOCRATIC,DEM
GP 2004,18TH DEMOCRATIC ALTERNATE DELEGATE,1,8256,JAMES E.,HICKMAN,KUCINICH,KNOX,30,DEMOCRATIC,DEM
GP 2004,18TH DEMOCRATIC ALTERNATE DELEGATE,1,8256,JAMES E.,HICKMAN,KUCINICH,PEORIA,733,DEMOCRATIC,DEM
GP 2004,18TH DEMOCRATIC ALTERNATE DELEGATE,1,8256,JAMES E.,HICKMAN,KUCINICH,ADAMS,34,DEMOCRATIC,DEM
GP 2004,12TH DEMOCRATIC DELEGATE,6,8257,R. WILLIAM,ROWLEY,KUCINICH,PERRY,75,DEMOCRATIC,DEM
GP 2004,12TH DEMOCRATIC DELEGATE,6,8257,R. WILLIAM,ROWLEY,KUCINICH,WILLIAMSON,293,DEMOCRATIC,DEM
GP 2004,12TH DEMOCRATIC DELEGATE,6,8257,R. WILLIAM,ROWLEY,KUCINICH,MONROE,64,DEMOCRATIC,DEM
GP 2004,12TH DEMOCRATIC DELEGATE,6,8257,R. WILLIAM,ROWLEY,KUCINICH,JACKSON,514,DEMOCRATIC,DEM
GP 2004,12TH DEMOCRATIC DELEGATE,6,8257,R. WILLIAM,ROWLEY,KUCINICH,FRANKLIN,161,DEMOCRATIC,DEM
GP 2004,12TH DEMOCRATIC DELEGATE,6,8257,R. WILLIAM,ROWLEY,KUCINICH,RANDOLPH,283,DEMOCRATIC,DEM
GP 2004,12TH DEMOCRATIC DELEGATE,6,8257,R. WILLIAM,ROWLEY,KUCINICH,MADISON,471,DEMOCRATIC,DEM
GP 2004,12TH DEMOCRATIC DELEGATE,6,8257,R. WILLIAM,ROWLEY,KUCINICH,UNION,131,DEMOCRATIC,DEM
GP 2004,12TH DEMOCRATIC DELEGATE,6,8257,R. WILLIAM,ROWLEY,KUCINICH,ST. CLAIR,615,DEMOCRATIC,DEM
GP 2004,12TH DEMOCRATIC DELEGATE,6,8257,R. WILLIAM,ROWLEY,KUCINICH,ALEXANDER,84,DEMOCRATIC,DEM
GP 2004,12TH DEMOCRATIC DELEGATE,6,8257,R. WILLIAM,ROWLEY,KUCINICH,PULASKI,37,DEMOCRATIC,DEM
GP 2004,12TH DEMOCRATIC DELEGATE,6,8258,JILL,BERUBE,KUCINICH,PERRY,70,DEMOCRATIC,DEM
GP 2004,12TH DEMOCRATIC DELEGATE,6,8258,JILL,BERUBE,KUCINICH,WILLIAMSON,318,DEMOCRATIC,DEM
GP 2004,12TH DEMOCRATIC DELEGATE,6,8258,JILL,BERUBE,KUCINICH,MONROE,74,DEMOCRATIC,DEM
GP 2004,12TH DEMOCRATIC DELEGATE,6,8258,JILL,BERUBE,KUCINICH,JACKSON,702,DEMOCRATIC,DEM
GP 2004,12TH DEMOCRATIC DELEGATE,6,8258,JILL,BERUBE,KUCINICH,FRANKLIN,172,DEMOCRATIC,DEM
GP 2004,12TH DEMOCRATIC DELEGATE,6,8258,JILL,BERUBE,KUCINICH,RANDOLPH,252,DEMOCRATIC,DEM
GP 2004,12TH DEMOCRATIC DELEGATE,6,8258,JILL,BERUBE,KUCINICH,MADISON,463,DEMOCRATIC,DEM
GP 2004,12TH DEMOCRATIC DELEGATE,6,8258,JILL,BERUBE,KUCINICH,UNION,149,DEMOCRATIC,DEM
GP 2004,12TH DEMOCRATIC DELEGATE,6,8258,JILL,BERUBE,KUCINICH,ST. CLAIR,573,DEMOCRATIC,DEM
GP 2004,12TH DEMOCRATIC DELEGATE,6,8258,JILL,BERUBE,KUCINICH,ALEXANDER,80,DEMOCRATIC,DEM
GP 2004,12TH DEMOCRATIC DELEGATE,6,8258,JILL,BERUBE,KUCINICH,PULASKI,42,DEMOCRATIC,DEM
GP 2004,12TH DEMOCRATIC DELEGATE,6,8259,RICHARD HUGH,WORTHEN,KUCINICH,PERRY,65,DEMOCRATIC,DEM
GP 2004,12TH DEMOCRATIC DELEGATE,6,8259,RICHARD HUGH,WORTHEN,KUCINICH,WILLIAMSON,298,DEMOCRATIC,DEM
GP 2004,12TH DEMOCRATIC DELEGATE,6,8259,RICHARD HUGH,WORTHEN,KUCINICH,MONROE,64,DEMOCRATIC,DEM
GP 2004,12TH DEMOCRATIC DELEGATE,6,8259,RICHARD HUGH,WORTHEN,KUCINICH,JACKSON,590,DEMOCRATIC,DEM
GP 2004,12TH DEMOCRATIC DELEGATE,6,8259,RICHARD HUGH,WORTHEN,KUCINICH,FRANKLIN,189,DEMOCRATIC,DEM
GP 2004,12TH DEMOCRATIC DELEGATE,6,8259,RICHARD HUGH,WORTHEN,KUCINICH,RANDOLPH,258,DEMOCRATIC,DEM
GP 2004,12TH DEMOCRATIC DELEGATE,6,8259,RICHARD HUGH,WORTHEN,KUCINICH,MADISON,891,DEMOCRATIC,DEM
GP 2004,12TH DEMOCRATIC DELEGATE,6,8259,RICHARD HUGH,WORTHEN,KUCINICH,UNION,123,DEMOCRATIC,DEM
GP 2004,12TH DEMOCRATIC DELEGATE,6,8259,RICHARD HUGH,WORTHEN,KUCINICH,ST. CLAIR,491,DEMOCRATIC,DEM
GP 2004,12TH DEMOCRATIC DELEGATE,6,8259,RICHARD HUGH,WORTHEN,KUCINICH,ALEXANDER,75,DEMOCRATIC,DEM
GP 2004,12TH DEMOCRATIC DELEGATE,6,8259,RICHARD HUGH,WORTHEN,KUCINICH,PULASKI,32,DEMOCRATIC,DEM
GP 2004,12TH DEMOCRATIC DELEGATE,6,8260,HEATHER A.,HOWLEY,KUCINICH,PERRY,69,DEMOCRATIC,DEM
GP 2004,12TH DEMOCRATIC DELEGATE,6,8260,HEATHER A.,HOWLEY,KUCINICH,WILLIAMSON,359,DEMOCRATIC,DEM
GP 2004,12TH DEMOCRATIC DELEGATE,6,8260,HEATHER A.,HOWLEY,KUCINICH,MONROE,74,DEMOCRATIC,DEM
GP 2004,12TH DEMOCRATIC DELEGATE,6,8260,HEATHER A.,HOWLEY,KUCINICH,JACKSON,602,DEMOCRATIC,DEM
GP 2004,12TH DEMOCRATIC DELEGATE,6,8260,HEATHER A.,HOWLEY,KUCINICH,FRANKLIN,212,DEMOCRATIC,DEM
GP 2004,12TH DEMOCRATIC DELEGATE,6,8260,HEATHER A.,HOWLEY,KUCINICH,RANDOLPH,313,DEMOCRATIC,DEM
GP 2004,12TH DEMOCRATIC DELEGATE,6,8260,HEATHER A.,HOWLEY,KUCINICH,MADISON,526,DEMOCRATIC,DEM
GP 2004,12TH DEMOCRATIC DELEGATE,6,8260,HEATHER A.,HOWLEY,KUCINICH,UNION,145,DEMOCRATIC,DEM
GP 2004,12TH DEMOCRATIC DELEGATE,6,8260,HEATHER A.,HOWLEY,KUCINICH,ST. CLAIR,637,DEMOCRATIC,DEM
GP 2004,12TH DEMOCRATIC DELEGATE,6,8260,HEATHER A.,HOWLEY,KUCINICH,ALEXANDER,92,DEMOCRATIC,DEM
GP 2004,12TH DEMOCRATIC DELEGATE,6,8260,HEATHER A.,HOWLEY,KUCINICH,PULASKI,48,DEMOCRATIC,DEM
GP 2004,12TH DEMOCRATIC DELEGATE,6,8261,"MICHAEL ""MIKE""",STEINMANN,KUCINICH,PERRY,91,DEMOCRATIC,DEM
GP 2004,12TH DEMOCRATIC DELEGATE,6,8261,"MICHAEL ""MIKE""",STEINMANN,KUCINICH,WILLIAMSON,333,DEMOCRATIC,DEM
GP 2004,12TH DEMOCRATIC DELEGATE,6,8261,"MICHAEL ""MIKE""",STEINMANN,KUCINICH,MONROE,79,DEMOCRATIC,DEM
GP 2004,12TH DEMOCRATIC DELEGATE,6,8261,"MICHAEL ""MIKE""",STEINMANN,KUCINICH,JACKSON,531,DEMOCRATIC,DEM
GP 2004,12TH DEMOCRATIC DELEGATE,6,8261,"MICHAEL ""MIKE""",STEINMANN,KUCINICH,FRANKLIN,244,DEMOCRATIC,DEM
GP 2004,12TH DEMOCRATIC DELEGATE,6,8261,"MICHAEL ""MIKE""",STEINMANN,KUCINICH,RANDOLPH,330,DEMOCRATIC,DEM
GP 2004,12TH DEMOCRATIC DELEGATE,6,8261,"MICHAEL ""MIKE""",STEINMANN,KUCINICH,MADISON,550,DEMOCRATIC,DEM
GP 2004,12TH DEMOCRATIC DELEGATE,6,8261,"MICHAEL ""MIKE""",STEINMANN,KUCINICH,UNION,166,DEMOCRATIC,DEM
GP 2004,12TH DEMOCRATIC DELEGATE,6,8261,"MICHAEL ""MIKE""",STEINMANN,KUCINICH,ST. CLAIR,686,DEMOCRATIC,DEM
GP 2004,12TH DEMOCRATIC DELEGATE,6,8261,"MICHAEL ""MIKE""",STEINMANN,KUCINICH,ALEXANDER,86,DEMOCRATIC,DEM
GP 2004,12TH DEMOCRATIC DELEGATE,6,8261,"MICHAEL ""MIKE""",STEINMANN,KUCINICH,PULASKI,43,DEMOCRATIC,DEM
GP 2004,12TH DEMOCRATIC DELEGATE,6,8262,KAMI J.,WHITEHURST,KUCINICH,PERRY,61,DEMOCRATIC,DEM
GP 2004,12TH DEMOCRATIC DELEGATE,6,8262,KAMI J.,WHITEHURST,KUCINICH,WILLIAMSON,340,DEMOCRATIC,DEM
GP 2004,12TH DEMOCRATIC DELEGATE,6,8262,KAMI J.,WHITEHURST,KUCINICH,MONROE,48,DEMOCRATIC,DEM
GP 2004,12TH DEMOCRATIC DELEGATE,6,8262,KAMI J.,WHITEHURST,KUCINICH,JACKSON,554,DEMOCRATIC,DEM
GP 2004,12TH DEMOCRATIC DELEGATE,6,8262,KAMI J.,WHITEHURST,KUCINICH,FRANKLIN,139,DEMOCRATIC,DEM
GP 2004,12TH DEMOCRATIC DELEGATE,6,8262,KAMI J.,WHITEHURST,KUCINICH,RANDOLPH,241,DEMOCRATIC,DEM
GP 2004,12TH DEMOCRATIC DELEGATE,6,8262,KAMI J.,WHITEHURST,KUCINICH,MADISON,296,DEMOCRATIC,DEM
GP 2004,12TH DEMOCRATIC DELEGATE,6,8262,KAMI J.,WHITEHURST,KUCINICH,UNION,92,DEMOCRATIC,DEM
GP 2004,12TH DEMOCRATIC DELEGATE,6,8262,KAMI J.,WHITEHURST,KUCINICH,ST. CLAIR,398,DEMOCRATIC,DEM
GP 2004,12TH DEMOCRATIC DELEGATE,6,8262,KAMI J.,WHITEHURST,KUCINICH,ALEXANDER,81,DEMOCRATIC,DEM
GP 2004,12TH DEMOCRATIC DELEGATE,6,8262,KAMI J.,WHITEHURST,KUCINICH,PULASKI,40,DEMOCRATIC,DEM
GP 2004,16TH DEMOCRATIC DELEGATE,4,8263,JAMES,VIGGIANO,"LaROUCHE, JR.",WHITESIDE,24,DEMOCRATIC,DEM
GP 2004,16TH DEMOCRATIC DELEGATE,4,8263,JAMES,VIGGIANO,"LaROUCHE, JR.",OGLE,31,DEMOCRATIC,DEM
GP 2004,16TH DEMOCRATIC DELEGATE,4,8263,JAMES,VIGGIANO,"LaROUCHE, JR.",STEPHENSON,80,DEMOCRATIC,DEM
GP 2004,16TH DEMOCRATIC DELEGATE,4,8263,JAMES,VIGGIANO,"LaROUCHE, JR.",JoDAVIESS,45,DEMOCRATIC,DEM
GP 2004,16TH DEMOCRATIC DELEGATE,4,8263,JAMES,VIGGIANO,"LaROUCHE, JR.",CARROLL,7,DEMOCRATIC,DEM
GP 2004,16TH DEMOCRATIC DELEGATE,4,8263,JAMES,VIGGIANO,"LaROUCHE, JR.",BOONE,34,DEMOCRATIC,DEM
GP 2004,16TH DEMOCRATIC DELEGATE,4,8263,JAMES,VIGGIANO,"LaROUCHE, JR.",WINNEBAGO,274,DEMOCRATIC,DEM
GP 2004,16TH DEMOCRATIC DELEGATE,4,8263,JAMES,VIGGIANO,"LaROUCHE, JR.",McHENRY,131,DEMOCRATIC,DEM
GP 2004,16TH DEMOCRATIC DELEGATE,4,8263,JAMES,VIGGIANO,"LaROUCHE, JR.",DeKALB,9,DEMOCRATIC,DEM
GP 2004,13TH DEMOCRATIC DELEGATE,4,8264,GEORGE M.,LAURENCE,"LaROUCHE, JR.",WILL,209,DEMOCRATIC,DEM
GP 2004,13TH DEMOCRATIC DELEGATE,4,8264,GEORGE M.,LAURENCE,"LaROUCHE, JR.",COOK,117,DEMOCRATIC,DEM
GP 2004,13TH DEMOCRATIC DELEGATE,4,8264,GEORGE M.,LAURENCE,"LaROUCHE, JR.",DuPAGE,262,DEMOCRATIC,DEM
GP 2004,13TH DEMOCRATIC DELEGATE,4,8265,JOSEPHINE B.,LAURENCE,"LaROUCHE, JR.",WILL,191,DEMOCRATIC,DEM
GP 2004,13TH DEMOCRATIC DELEGATE,4,8265,JOSEPHINE B.,LAURENCE,"LaROUCHE, JR.",COOK,142,DEMOCRATIC,DEM
GP 2004,13TH DEMOCRATIC DELEGATE,4,8265,JOSEPHINE B.,LAURENCE,"LaROUCHE, JR.",DuPAGE,320,DEMOCRATIC,DEM
GP 2004,PRESIDENT,1,8266,LYNDON H.,"LaROUCHE, JR.",,BROWN,2,DEMOCRATIC,DEM
GP 2004,PRESIDENT,1,8266,LYNDON H.,"LaROUCHE, JR.",,CLAY,6,DEMOCRATIC,DEM
GP 2004,PRESIDENT,1,8266,LYNDON H.,"LaROUCHE, JR.",,HARDIN,1,DEMOCRATIC,DEM
GP 2004,PRESIDENT,1,8266,LYNDON H.,"LaROUCHE, JR.",,JERSEY,2,DEMOCRATIC,DEM
GP 2004,PRESIDENT,1,8266,LYNDON H.,"LaROUCHE, JR.",,LOGAN,3,DEMOCRATIC,DEM
GP 2004,PRESIDENT,1,8266,LYNDON H.,"LaROUCHE, JR.",,RICHLAND,2,DEMOCRATIC,DEM
GP 2004,PRESIDENT,1,8266,LYNDON H.,"LaROUCHE, JR.",,SCHUYLER,0,DEMOCRATIC,DEM
GP 2004,PRESIDENT,1,8266,LYNDON H.,"LaROUCHE, JR.",,WASHINGTON,5,DEMOCRATIC,DEM
GP 2004,PRESIDENT,1,8266,LYNDON H.,"LaROUCHE, JR.",,BOND,3,DEMOCRATIC,DEM
GP 2004,PRESIDENT,1,8266,LYNDON H.,"LaROUCHE, JR.",,CLINTON,4,DEMOCRATIC,DEM
GP 2004,PRESIDENT,1,8266,LYNDON H.,"LaROUCHE, JR.",,JASPER,0,DEMOCRATIC,DEM
GP 2004,PRESIDENT,1,8266,LYNDON H.,"LaROUCHE, JR.",,MARSHALL,1,DEMOCRATIC,DEM
GP 2004,PRESIDENT,1,8266,LYNDON H.,"LaROUCHE, JR.",,EDGAR,3,DEMOCRATIC,DEM
GP 2004,PRESIDENT,1,8266,LYNDON H.,"LaROUCHE, JR.",,FORD,1,DEMOCRATIC,DEM
GP 2004,PRESIDENT,1,8266,LYNDON H.,"LaROUCHE, JR.",,GREENE,10,DEMOCRATIC,DEM
GP 2004,PRESIDENT,1,8266,LYNDON H.,"LaROUCHE, JR.",,IROQUOIS,3,DEMOCRATIC,DEM
GP 2004,PRESIDENT,1,8266,LYNDON H.,"LaROUCHE, JR.",,JOHNSON,0,DEMOCRATIC,DEM
GP 2004,PRESIDENT,1,8266,LYNDON H.,"LaROUCHE, JR.",,LIVINGSTON,1,DEMOCRATIC,DEM
GP 2004,PRESIDENT,1,8266,LYNDON H.,"LaROUCHE, JR.",,MENARD,3,DEMOCRATIC,DEM
GP 2004,PRESIDENT,1,8266,LYNDON H.,"LaROUCHE, JR.",,MERCER,8,DEMOCRATIC,DEM
GP 2004,PRESIDENT,1,8266,LYNDON H.,"LaROUCHE, JR.",,PERRY,5,DEMOCRATIC,DEM
GP 2004,PRESIDENT,1,8266,LYNDON H.,"LaROUCHE, JR.",,PIATT,7,DEMOCRATIC,DEM
GP 2004,PRESIDENT,1,8266,LYNDON H.,"LaROUCHE, JR.",,STARK,0,DEMOCRATIC,DEM
GP 2004,PRESIDENT,1,8266,LYNDON H.,"LaROUCHE, JR.",,WILLIAMSON,13,DEMOCRATIC,DEM
GP 2004,PRESIDENT,1,8266,LYNDON H.,"LaROUCHE, JR.",,WOODFORD,6,DEMOCRATIC,DEM
GP 2004,PRESIDENT,1,8266,LYNDON H.,"LaROUCHE, JR.",,FULTON,23,DEMOCRATIC,DEM
GP 2004,PRESIDENT,1,8266,LYNDON H.,"LaROUCHE, JR.",,HAMILTON,11,DEMOCRATIC,DEM
GP 2004,PRESIDENT,1,8266,LYNDON H.,"LaROUCHE, JR.",,HANCOCK,2,DEMOCRATIC,DEM
GP 2004,PRESIDENT,1,8266,LYNDON H.,"LaROUCHE, JR.",,MACOUPIN,32,DEMOCRATIC,DEM
GP 2004,PRESIDENT,1,8266,LYNDON H.,"LaROUCHE, JR.",,MASON,6,DEMOCRATIC,DEM
GP 2004,PRESIDENT,1,8266,LYNDON H.,"LaROUCHE, JR.",,MONROE,3,DEMOCRATIC,DEM
GP 2004,PRESIDENT,1,8266,LYNDON H.,"LaROUCHE, JR.",,SHELBY,11,DEMOCRATIC,DEM
GP 2004,PRESIDENT,1,8266,LYNDON H.,"LaROUCHE, JR.",,BUREAU,12,DEMOCRATIC,DEM
GP 2004,PRESIDENT,1,8266,LYNDON H.,"LaROUCHE, JR.",,WARREN,0,DEMOCRATIC,DEM
GP 2004,PRESIDENT,1,8266,LYNDON H.,"LaROUCHE, JR.",,DOUGLAS,3,DEMOCRATIC,DEM
GP 2004,PRESIDENT,1,8266,LYNDON H.,"LaROUCHE, JR.",,COLES,3,DEMOCRATIC,DEM
GP 2004,PRESIDENT,1,8266,LYNDON H.,"LaROUCHE, JR.",,EDWARDS,0,DEMOCRATIC,DEM
GP 2004,PRESIDENT,1,8266,LYNDON H.,"LaROUCHE, JR.",,PIKE,3,DEMOCRATIC,DEM
GP 2004,PRESIDENT,1,8266,LYNDON H.,"LaROUCHE, JR.",,HENDERSON,0,DEMOCRATIC,DEM
GP 2004,PRESIDENT,1,8266,LYNDON H.,"LaROUCHE, JR.",,JACKSON,19,DEMOCRATIC,DEM
GP 2004,PRESIDENT,1,8266,LYNDON H.,"LaROUCHE, JR.",,ROCK ISLAND,43,DEMOCRATIC,DEM
GP 2004,PRESIDENT,1,8266,LYNDON H.,"LaROUCHE, JR.",,LEE,2,DEMOCRATIC,DEM
GP 2004,PRESIDENT,1,8266,LYNDON H.,"LaROUCHE, JR.",,CASS,4,DEMOCRATIC,DEM
GP 2004,PRESIDENT,1,8266,LYNDON H.,"LaROUCHE, JR.",,WHITE,3,DEMOCRATIC,DEM
GP 2004,PRESIDENT,1,8266,LYNDON H.,"LaROUCHE, JR.",,CRAWFORD,2,DEMOCRATIC,DEM
GP 2004,PRESIDENT,1,8266,LYNDON H.,"LaROUCHE, JR.",,WHITESIDE,1,DEMOCRATIC,DEM
GP 2004,PRESIDENT,1,8266,LYNDON H.,"LaROUCHE, JR.",,MORGAN,0,DEMOCRATIC,DEM
GP 2004,PRESIDENT,1,8266,LYNDON H.,"LaROUCHE, JR.",,OGLE,5,DEMOCRATIC,DEM
GP 2004,PRESIDENT,1,8266,LYNDON H.,"LaROUCHE, JR.",,FRANKLIN,29,DEMOCRATIC,DEM
GP 2004,PRESIDENT,1,8266,LYNDON H.,"LaROUCHE, JR.",,FAYETTE,3,DEMOCRATIC,DEM
GP 2004,PRESIDENT,1,8266,LYNDON H.,"LaROUCHE, JR.",,RANDOLPH,14,DEMOCRATIC,DEM
GP 2004,PRESIDENT,1,8266,LYNDON H.,"LaROUCHE, JR.",,MARION,12,DEMOCRATIC,DEM
GP 2004,PRESIDENT,1,8266,LYNDON H.,"LaROUCHE, JR.",,SALINE,20,DEMOCRATIC,DEM
GP 2004,PRESIDENT,1,8266,LYNDON H.,"LaROUCHE, JR.",,MASSAC,1,DEMOCRATIC,DEM
GP 2004,PRESIDENT,1,8266,LYNDON H.,"LaROUCHE, JR.",,WILL,68,DEMOCRATIC,DEM
GP 2004,PRESIDENT,1,8266,LYNDON H.,"LaROUCHE, JR.",,CLARK,4,DEMOCRATIC,DEM
GP 2004,PRESIDENT,1,8266,LYNDON H.,"LaROUCHE, JR.",,CALHOUN,0,DEMOCRATIC,DEM
GP 2004,PRESIDENT,1,8266,LYNDON H.,"LaROUCHE, JR.",,STEPHENSON,7,DEMOCRATIC,DEM
GP 2004,PRESIDENT,1,8266,LYNDON H.,"LaROUCHE, JR.",,GALLATIN,8,DEMOCRATIC,DEM
GP 2004,PRESIDENT,1,8266,LYNDON H.,"LaROUCHE, JR.",,MONTGOMERY,10,DEMOCRATIC,DEM
GP 2004,PRESIDENT,1,8266,LYNDON H.,"LaROUCHE, JR.",,JEFFERSON,2,DEMOCRATIC,DEM
GP 2004,PRESIDENT,1,8266,LYNDON H.,"LaROUCHE, JR.",,PUTNAM,2,DEMOCRATIC,DEM
GP 2004,PRESIDENT,1,8266,LYNDON H.,"LaROUCHE, JR.",,WABASH,6,DEMOCRATIC,DEM
GP 2004,PRESIDENT,1,8266,LYNDON H.,"LaROUCHE, JR.",,MADISON,74,DEMOCRATIC,DEM
GP 2004,PRESIDENT,1,8266,LYNDON H.,"LaROUCHE, JR.",,GRUNDY,8,DEMOCRATIC,DEM
GP 2004,PRESIDENT,1,8266,LYNDON H.,"LaROUCHE, JR.",,JoDAVIESS,5,DEMOCRATIC,DEM
GP 2004,PRESIDENT,1,8266,LYNDON H.,"LaROUCHE, JR.",,TAZEWELL,22,DEMOCRATIC,DEM
GP 2004,PRESIDENT,1,8266,LYNDON H.,"LaROUCHE, JR.",,SANGAMON,30,DEMOCRATIC,DEM
GP 2004,PRESIDENT,1,8266,LYNDON H.,"LaROUCHE, JR.",,EFFINGHAM,5,DEMOCRATIC,DEM
GP 2004,PRESIDENT,1,8266,LYNDON H.,"LaROUCHE, JR.",,LAKE,66,DEMOCRATIC,DEM
GP 2004,PRESIDENT,1,8266,LYNDON H.,"LaROUCHE, JR.",,LaSALLE,19,DEMOCRATIC,DEM
GP 2004,PRESIDENT,1,8266,LYNDON H.,"LaROUCHE, JR.",,HENRY,5,DEMOCRATIC,DEM
GP 2004,PRESIDENT,1,8266,LYNDON H.,"LaROUCHE, JR.",,McDONOUGH,3,DEMOCRATIC,DEM
GP 2004,PRESIDENT,1,8266,LYNDON H.,"LaROUCHE, JR.",,CHAMPAIGN,10,DEMOCRATIC,DEM
GP 2004,PRESIDENT,1,8266,LYNDON H.,"LaROUCHE, JR.",,SCOTT,0,DEMOCRATIC,DEM
GP 2004,PRESIDENT,1,8266,LYNDON H.,"LaROUCHE, JR.",,CARROLL,0,DEMOCRATIC,DEM
GP 2004,PRESIDENT,1,8266,LYNDON H.,"LaROUCHE, JR.",,MACON,17,DEMOCRATIC,DEM
GP 2004,PRESIDENT,1,8266,LYNDON H.,"LaROUCHE, JR.",,POPE,2,DEMOCRATIC,DEM
GP 2004,PRESIDENT,1,8266,LYNDON H.,"LaROUCHE, JR.",,KNOX,3,DEMOCRATIC,DEM
GP 2004,PRESIDENT,1,8266,LYNDON H.,"LaROUCHE, JR.",,MOULTRIE,1,DEMOCRATIC,DEM
GP 2004,PRESIDENT,1,8266,LYNDON H.,"LaROUCHE, JR.",,PEORIA,29,DEMOCRATIC,DEM
GP 2004,PRESIDENT,1,8266,LYNDON H.,"LaROUCHE, JR.",,ADAMS,5,DEMOCRATIC,DEM
GP 2004,PRESIDENT,1,8266,LYNDON H.,"LaROUCHE, JR.",,CUMBERLAND,3,DEMOCRATIC,DEM
GP 2004,PRESIDENT,1,8266,LYNDON H.,"LaROUCHE, JR.",,WAYNE,1,DEMOCRATIC,DEM
GP 2004,PRESIDENT,1,8266,LYNDON H.,"LaROUCHE, JR.",,KENDALL,4,DEMOCRATIC,DEM
GP 2004,PRESIDENT,1,8266,LYNDON H.,"LaROUCHE, JR.",,KANKAKEE,25,DEMOCRATIC,DEM
GP 2004,PRESIDENT,1,8266,LYNDON H.,"LaROUCHE, JR.",,BOONE,4,DEMOCRATIC,DEM
GP 2004,PRESIDENT,1,8266,LYNDON H.,"LaROUCHE, JR.",,WINNEBAGO,48,DEMOCRATIC,DEM
GP 2004,PRESIDENT,1,8266,LYNDON H.,"LaROUCHE, JR.",,CHRISTIAN,18,DEMOCRATIC,DEM
GP 2004,PRESIDENT,1,8266,LYNDON H.,"LaROUCHE, JR.",,LAWRENCE,3,DEMOCRATIC,DEM
GP 2004,PRESIDENT,1,8266,LYNDON H.,"LaROUCHE, JR.",,McHENRY,43,DEMOCRATIC,DEM
GP 2004,PRESIDENT,1,8266,LYNDON H.,"LaROUCHE, JR.",,DeWITT,1,DEMOCRATIC,DEM
GP 2004,PRESIDENT,1,8266,LYNDON H.,"LaROUCHE, JR.",,KANE,57,DEMOCRATIC,DEM
GP 2004,PRESIDENT,1,8266,LYNDON H.,"LaROUCHE, JR.",,DeKALB,6,DEMOCRATIC,DEM
GP 2004,PRESIDENT,1,8266,LYNDON H.,"LaROUCHE, JR.",,COOK,2624,DEMOCRATIC,DEM
GP 2004,PRESIDENT,1,8266,LYNDON H.,"LaROUCHE, JR.",,McLEAN,6,DEMOCRATIC,DEM
GP 2004,PRESIDENT,1,8266,LYNDON H.,"LaROUCHE, JR.",,UNION,19,DEMOCRATIC,DEM
GP 2004,PRESIDENT,1,8266,LYNDON H.,"LaROUCHE, JR.",,ST. CLAIR,89,DEMOCRATIC,DEM
GP 2004,PRESIDENT,1,8266,LYNDON H.,"LaROUCHE, JR.",,VERMILION,7,DEMOCRATIC,DEM
GP 2004,PRESIDENT,1,8266,LYNDON H.,"LaROUCHE, JR.",,ALEXANDER,7,DEMOCRATIC,DEM
GP 2004,PRESIDENT,1,8266,LYNDON H.,"LaROUCHE, JR.",,PULASKI,5,DEMOCRATIC,DEM
GP 2004,PRESIDENT,1,8266,LYNDON H.,"LaROUCHE, JR.",,DuPAGE,126,DEMOCRATIC,DEM
GP 2004,5TH DEMOCRATIC DELEGATE,6,8267,RONALD R.,BETTAG,"LaROUCHE, JR.",COOK,1013,DEMOCRATIC,DEM
GP 2004,5TH DEMOCRATIC DELEGATE,6,8268,JUDITH A.,CLARK,"LaROUCHE, JR.",COOK,1856,DEMOCRATIC,DEM
GP 2004,5TH DEMOCRATIC DELEGATE,6,8269,DONALD S.,CLARK,"LaROUCHE, JR.",COOK,1140,DEMOCRATIC,DEM
GP 2004,5TH DEMOCRATIC DELEGATE,6,8270,MINDY R.,PECHENUK,"LaROUCHE, JR.",COOK,832,DEMOCRATIC,DEM
GP 2004,5TH DEMOCRATIC DELEGATE,6,8271,GERALD,PECHENUK,"LaROUCHE, JR.",COOK,638,DEMOCRATIC,DEM
GP 2004,5TH DEMOCRATIC DELEGATE,6,8272,ALLISON,MERRIAM,"LaROUCHE, JR.",COOK,749,DEMOCRATIC,DEM
GP 2004,5TH DEMOCRATIC DELEGATE,6,8273,GARY,GENAZZIO,"LaROUCHE, JR.",COOK,681,DEMOCRATIC,DEM
GP 2004,9TH DEMOCRATIC DELEGATE,6,8274,VERN,SHIPLEY,"LaROUCHE, JR.",COOK,735,DEMOCRATIC,DEM
GP 2004,9TH DEMOCRATIC DELEGATE,6,8275,SUSAN D.,WAKEFIELD,"LaROUCHE, JR.",COOK,957,DEMOCRATIC,DEM
GP 2004,9TH DEMOCRATIC DELEGATE,6,8276,ANTHONY E.,DeFRANCO,"LaROUCHE, JR.",COOK,814,DEMOCRATIC,DEM
GP 2004,9TH DEMOCRATIC DELEGATE,6,8277,DOUGLAS E.,HEITZ,"LaROUCHE, JR.",COOK,496,DEMOCRATIC,DEM
GP 2004,9TH DEMOCRATIC DELEGATE,6,8278,PAMELA SUE,CONNELLY,"LaROUCHE, JR.",COOK,960,DEMOCRATIC,DEM
GP 2004,9TH DEMOCRATIC DELEGATE,6,8279,RICHARD J.,CONNELLY,"LaROUCHE, JR.",COOK,757,DEMOCRATIC,DEM
GP 2004,16TH DEMOCRATIC DELEGATE,4,8281,GREG,TUITE,CLARK,WHITESIDE,55,DEMOCRATIC,DEM
GP 2004,16TH DEMOCRATIC DELEGATE,4,8281,GREG,TUITE,CLARK,OGLE,204,DEMOCRATIC,DEM
GP 2004,16TH DEMOCRATIC DELEGATE,4,8281,GREG,TUITE,CLARK,STEPHENSON,375,DEMOCRATIC,DEM
GP 2004,16TH DEMOCRATIC DELEGATE,4,8281,GREG,TUITE,CLARK,JoDAVIESS,102,DEMOCRATIC,DEM
GP 2004,16TH DEMOCRATIC DELEGATE,4,8281,GREG,TUITE,CLARK,CARROLL,20,DEMOCRATIC,DEM
GP 2004,16TH DEMOCRATIC DELEGATE,4,8281,GREG,TUITE,CLARK,BOONE,234,DEMOCRATIC,DEM
GP 2004,16TH DEMOCRATIC DELEGATE,4,8281,GREG,TUITE,CLARK,WINNEBAGO,2745,DEMOCRATIC,DEM
GP 2004,16TH DEMOCRATIC DELEGATE,4,8281,GREG,TUITE,CLARK,McHENRY,251,DEMOCRATIC,DEM
GP 2004,16TH DEMOCRATIC DELEGATE,4,8281,GREG,TUITE,CLARK,DeKALB,29,DEMOCRATIC,DEM
GP 2004,16TH DEMOCRATIC DELEGATE,4,8282,ANDREA,AZAR,CLARK,WHITESIDE,69,DEMOCRATIC,DEM
GP 2004,16TH DEMOCRATIC DELEGATE,4,8282,ANDREA,AZAR,CLARK,OGLE,71,DEMOCRATIC,DEM
GP 2004,16TH DEMOCRATIC DELEGATE,4,8282,ANDREA,AZAR,CLARK,STEPHENSON,247,DEMOCRATIC,DEM
GP 2004,16TH DEMOCRATIC DELEGATE,4,8282,ANDREA,AZAR,CLARK,JoDAVIESS,109,DEMOCRATIC,DEM
GP 2004,16TH DEMOCRATIC DELEGATE,4,8282,ANDREA,AZAR,CLARK,CARROLL,16,DEMOCRATIC,DEM
GP 2004,16TH DEMOCRATIC DELEGATE,4,8282,ANDREA,AZAR,CLARK,BOONE,78,DEMOCRATIC,DEM
GP 2004,16TH DEMOCRATIC DELEGATE,4,8282,ANDREA,AZAR,CLARK,WINNEBAGO,460,DEMOCRATIC,DEM
GP 2004,16TH DEMOCRATIC DELEGATE,4,8282,ANDREA,AZAR,CLARK,McHENRY,376,DEMOCRATIC,DEM
GP 2004,16TH DEMOCRATIC DELEGATE,4,8282,ANDREA,AZAR,CLARK,DeKALB,30,DEMOCRATIC,DEM
GP 2004,16TH DEMOCRATIC DELEGATE,4,8283,REGGIE,TAYLOR,CLARK,WHITESIDE,46,DEMOCRATIC,DEM
GP 2004,16TH DEMOCRATIC DELEGATE,4,8283,REGGIE,TAYLOR,CLARK,OGLE,60,DEMOCRATIC,DEM
GP 2004,16TH DEMOCRATIC DELEGATE,4,8283,REGGIE,TAYLOR,CLARK,STEPHENSON,227,DEMOCRATIC,DEM
GP 2004,16TH DEMOCRATIC DELEGATE,4,8283,REGGIE,TAYLOR,CLARK,JoDAVIESS,89,DEMOCRATIC,DEM
GP 2004,16TH DEMOCRATIC DELEGATE,4,8283,REGGIE,TAYLOR,CLARK,CARROLL,17,DEMOCRATIC,DEM
GP 2004,16TH DEMOCRATIC DELEGATE,4,8283,REGGIE,TAYLOR,CLARK,BOONE,68,DEMOCRATIC,DEM
GP 2004,16TH DEMOCRATIC DELEGATE,4,8283,REGGIE,TAYLOR,CLARK,WINNEBAGO,838,DEMOCRATIC,DEM
GP 2004,16TH DEMOCRATIC DELEGATE,4,8283,REGGIE,TAYLOR,CLARK,McHENRY,256,DEMOCRATIC,DEM
GP 2004,16TH DEMOCRATIC DELEGATE,4,8283,REGGIE,TAYLOR,CLARK,DeKALB,25,DEMOCRATIC,DEM
GP 2004,16TH DEMOCRATIC DELEGATE,4,8284,LOU,COOK,CLARK,WHITESIDE,48,DEMOCRATIC,DEM
GP 2004,16TH DEMOCRATIC DELEGATE,4,8284,LOU,COOK,CLARK,OGLE,73,DEMOCRATIC,DEM
GP 2004,16TH DEMOCRATIC DELEGATE,4,8284,LOU,COOK,CLARK,STEPHENSON,259,DEMOCRATIC,DEM
GP 2004,16TH DEMOCRATIC DELEGATE,4,8284,LOU,COOK,CLARK,JoDAVIESS,86,DEMOCRATIC,DEM
GP 2004,16TH DEMOCRATIC DELEGATE,4,8284,LOU,COOK,CLARK,CARROLL,26,DEMOCRATIC,DEM
GP 2004,16TH DEMOCRATIC DELEGATE,4,8284,LOU,COOK,CLARK,BOONE,63,DEMOCRATIC,DEM
GP 2004,16TH DEMOCRATIC DELEGATE,4,8284,LOU,COOK,CLARK,WINNEBAGO,455,DEMOCRATIC,DEM
GP 2004,16TH DEMOCRATIC DELEGATE,4,8284,LOU,COOK,CLARK,McHENRY,288,DEMOCRATIC,DEM
GP 2004,16TH DEMOCRATIC DELEGATE,4,8284,LOU,COOK,CLARK,DeKALB,30,DEMOCRATIC,DEM
GP 2004,16TH DEMOCRATIC ALTERNATE DELEGATE,1,8285,DOUG,AURAND,CLARK,WHITESIDE,30,DEMOCRATIC,DEM
GP 2004,16TH DEMOCRATIC ALTERNATE DELEGATE,1,8285,DOUG,AURAND,CLARK,OGLE,210,DEMOCRATIC,DEM
GP 2004,16TH DEMOCRATIC ALTERNATE DELEGATE,1,8285,DOUG,AURAND,CLARK,STEPHENSON,207,DEMOCRATIC,DEM
GP 2004,16TH DEMOCRATIC ALTERNATE DELEGATE,1,8285,DOUG,AURAND,CLARK,JoDAVIESS,58,DEMOCRATIC,DEM
GP 2004,16TH DEMOCRATIC ALTERNATE DELEGATE,1,8285,DOUG,AURAND,CLARK,CARROLL,19,DEMOCRATIC,DEM
GP 2004,16TH DEMOCRATIC ALTERNATE DELEGATE,1,8285,DOUG,AURAND,CLARK,BOONE,189,DEMOCRATIC,DEM
GP 2004,16TH DEMOCRATIC ALTERNATE DELEGATE,1,8285,DOUG,AURAND,CLARK,WINNEBAGO,3020,DEMOCRATIC,DEM
GP 2004,16TH DEMOCRATIC ALTERNATE DELEGATE,1,8285,DOUG,AURAND,CLARK,McHENRY,185,DEMOCRATIC,DEM
GP 2004,16TH DEMOCRATIC ALTERNATE DELEGATE,1,8285,DOUG,AURAND,CLARK,DeKALB,26,DEMOCRATIC,DEM
GP 2004,8TH REPUBLICAN DELEGATE,4,8286,GUY GLENN,GARRISON,UNCOMMITTED,LAKE,3926,REPUBLICAN,REP
GP 2004,8TH REPUBLICAN DELEGATE,4,8286,GUY GLENN,GARRISON,UNCOMMITTED,McHENRY,1833,REPUBLICAN,REP
GP 2004,8TH REPUBLICAN DELEGATE,4,8286,GUY GLENN,GARRISON,UNCOMMITTED,COOK,1399,REPUBLICAN,REP
GP 2004,8TH REPUBLICAN DELEGATE,4,8287,KEN,RECA,UNCOMMITTED,LAKE,3283,REPUBLICAN,REP
GP 2004,8TH REPUBLICAN DELEGATE,4,8287,KEN,RECA,UNCOMMITTED,McHENRY,1569,REPUBLICAN,REP
GP 2004,8TH REPUBLICAN DELEGATE,4,8287,KEN,RECA,UNCOMMITTED,COOK,1291,REPUBLICAN,REP
GP 2004,8TH REPUBLICAN DELEGATE,4,8288,RON P.,COLANGELO,UNCOMMITTED,LAKE,3834,REPUBLICAN,REP
GP 2004,8TH REPUBLICAN DELEGATE,4,8288,RON P.,COLANGELO,UNCOMMITTED,McHENRY,1571,REPUBLICAN,REP
GP 2004,8TH REPUBLICAN DELEGATE,4,8288,RON P.,COLANGELO,UNCOMMITTED,COOK,1358,REPUBLICAN,REP
GP 2004,8TH REPUBLICAN DELEGATE,4,8289,KENNETH W.,ARNOLD,UNCOMMITTED,LAKE,4594,REPUBLICAN,REP
GP 2004,8TH REPUBLICAN DELEGATE,4,8289,KENNETH W.,ARNOLD,UNCOMMITTED,McHENRY,2042,REPUBLICAN,REP
GP 2004,8TH REPUBLICAN DELEGATE,4,8289,KENNETH W.,ARNOLD,UNCOMMITTED,COOK,1402,REPUBLICAN,REP
GP 2004,8TH REPUBLICAN ALTERNATE DELEGATE,4,8290,RICHARD E.,CONLEY,UNCOMMITTED,LAKE,4140,REPUBLICAN,REP
GP 2004,8TH REPUBLICAN ALTERNATE DELEGATE,4,8290,RICHARD E.,CONLEY,UNCOMMITTED,McHENRY,1855,REPUBLICAN,REP
GP 2004,8TH REPUBLICAN ALTERNATE DELEGATE,4,8290,RICHARD E.,CONLEY,UNCOMMITTED,COOK,1490,REPUBLICAN,REP
GP 2004,8TH REPUBLICAN ALTERNATE DELEGATE,4,8291,CHRISTINE,BORELAND,UNCOMMITTED,LAKE,4465,REPUBLICAN,REP
GP 2004,8TH REPUBLICAN ALTERNATE DELEGATE,4,8291,CHRISTINE,BORELAND,UNCOMMITTED,McHENRY,1854,REPUBLICAN,REP
GP 2004,8TH REPUBLICAN ALTERNATE DELEGATE,4,8291,CHRISTINE,BORELAND,UNCOMMITTED,COOK,1504,REPUBLICAN,REP
GP 2004,8TH REPUBLICAN ALTERNATE DELEGATE,4,8292,LINDA,WEBB,UNCOMMITTED,LAKE,4990,REPUBLICAN,REP
GP 2004,8TH REPUBLICAN ALTERNATE DELEGATE,4,8292,LINDA,WEBB,UNCOMMITTED,McHENRY,2029,REPUBLICAN,REP
GP 2004,8TH REPUBLICAN ALTERNATE DELEGATE,4,8292,LINDA,WEBB,UNCOMMITTED,COOK,1595,REPUBLICAN,REP
GP 2004,8TH REPUBLICAN ALTERNATE DELEGATE,4,8293,GLENN R.,STEWART,UNCOMMITTED,LAKE,4028,REPUBLICAN,REP
GP 2004,8TH REPUBLICAN ALTERNATE DELEGATE,4,8293,GLENN R.,STEWART,UNCOMMITTED,McHENRY,1740,REPUBLICAN,REP
GP 2004,8TH REPUBLICAN ALTERNATE DELEGATE,4,8293,GLENN R.,STEWART,UNCOMMITTED,COOK,1412,REPUBLICAN,REP
GP 2004,1ST DEMOCRATIC DELEGATE,8,8294,CINDY S.,KRENZELAK,KUCINICH,COOK,3394,DEMOCRATIC,DEM
GP 2004,1ST DEMOCRATIC DELEGATE,8,8295,"JOSHUA T. ""ISAIAH""",GEORGY,KUCINICH,COOK,3543,DEMOCRATIC,DEM
GP 2004,1ST DEMOCRATIC DELEGATE,8,8296,LISA,HASSENSTAB,KUCINICH,COOK,3111,DEMOCRATIC,DEM
GP 2004,1ST DEMOCRATIC DELEGATE,8,8297,NICK,BERVEILER,KUCINICH,COOK,2293,DEMOCRATIC,DEM
GP 2004,1ST DEMOCRATIC DELEGATE,8,8298,KATHY,THOMA,KUCINICH,COOK,3713,DEMOCRATIC,DEM
GP 2004,1ST DEMOCRATIC DELEGATE,8,8299,THOMAS,McDOUGAL,KUCINICH,COOK,3459,DEMOCRATIC,DEM
GP 2004,1ST DEMOCRATIC DELEGATE,8,8300,STEVEN,CASILLAS,KUCINICH,COOK,2728,DEMOCRATIC,DEM
GP 2004,17TH DEMOCRATIC DELEGATE,5,8301,GLORIA,FERGUSON,KUCINICH,JERSEY,29,DEMOCRATIC,DEM
GP 2004,17TH DEMOCRATIC DELEGATE,5,8301,GLORIA,FERGUSON,KUCINICH,GREENE,64,DEMOCRATIC,DEM
GP 2004,17TH DEMOCRATIC DELEGATE,5,8301,GLORIA,FERGUSON,KUCINICH,MERCER,209,DEMOCRATIC,DEM
GP 2004,17TH DEMOCRATIC DELEGATE,5,8301,GLORIA,FERGUSON,KUCINICH,FULTON,381,DEMOCRATIC,DEM
GP 2004,17TH DEMOCRATIC DELEGATE,5,8301,GLORIA,FERGUSON,KUCINICH,HANCOCK,123,DEMOCRATIC,DEM
GP 2004,17TH DEMOCRATIC DELEGATE,5,8301,GLORIA,FERGUSON,KUCINICH,MACOUPIN,343,DEMOCRATIC,DEM
GP 2004,17TH DEMOCRATIC DELEGATE,5,8301,GLORIA,FERGUSON,KUCINICH,SHELBY,11,DEMOCRATIC,DEM
GP 2004,17TH DEMOCRATIC DELEGATE,5,8301,GLORIA,FERGUSON,KUCINICH,WARREN,80,DEMOCRATIC,DEM
GP 2004,17TH DEMOCRATIC DELEGATE,5,8301,GLORIA,FERGUSON,KUCINICH,PIKE,33,DEMOCRATIC,DEM
GP 2004,17TH DEMOCRATIC DELEGATE,5,8301,GLORIA,FERGUSON,KUCINICH,HENDERSON,55,DEMOCRATIC,DEM
GP 2004,17TH DEMOCRATIC DELEGATE,5,8301,GLORIA,FERGUSON,KUCINICH,ROCK ISLAND,807,DEMOCRATIC,DEM
GP 2004,17TH DEMOCRATIC DELEGATE,5,8301,GLORIA,FERGUSON,KUCINICH,WHITESIDE,152,DEMOCRATIC,DEM
GP 2004,17TH DEMOCRATIC DELEGATE,5,8301,GLORIA,FERGUSON,KUCINICH,FAYETTE,15,DEMOCRATIC,DEM
GP 2004,17TH DEMOCRATIC DELEGATE,5,8301,GLORIA,FERGUSON,KUCINICH,CALHOUN,47,DEMOCRATIC,DEM
GP 2004,17TH DEMOCRATIC DELEGATE,5,8301,GLORIA,FERGUSON,KUCINICH,MONTGOMERY,176,DEMOCRATIC,DEM
GP 2004,17TH DEMOCRATIC DELEGATE,5,8301,GLORIA,FERGUSON,KUCINICH,MADISON,23,DEMOCRATIC,DEM
GP 2004,17TH DEMOCRATIC DELEGATE,5,8301,GLORIA,FERGUSON,KUCINICH,SANGAMON,281,DEMOCRATIC,DEM
GP 2004,17TH DEMOCRATIC DELEGATE,5,8301,GLORIA,FERGUSON,KUCINICH,HENRY,84,DEMOCRATIC,DEM
GP 2004,17TH DEMOCRATIC DELEGATE,5,8301,GLORIA,FERGUSON,KUCINICH,McDONOUGH,114,DEMOCRATIC,DEM
GP 2004,17TH DEMOCRATIC DELEGATE,5,8301,GLORIA,FERGUSON,KUCINICH,MACON,427,DEMOCRATIC,DEM
GP 2004,17TH DEMOCRATIC DELEGATE,5,8301,GLORIA,FERGUSON,KUCINICH,KNOX,275,DEMOCRATIC,DEM
GP 2004,17TH DEMOCRATIC DELEGATE,5,8301,GLORIA,FERGUSON,KUCINICH,ADAMS,201,DEMOCRATIC,DEM
GP 2004,17TH DEMOCRATIC DELEGATE,5,8301,GLORIA,FERGUSON,KUCINICH,CHRISTIAN,61,DEMOCRATIC,DEM
GP 2004,17TH DEMOCRATIC DELEGATE,5,8302,DAVID,AMOR,KUCINICH,JERSEY,19,DEMOCRATIC,DEM
GP 2004,17TH DEMOCRATIC DELEGATE,5,8302,DAVID,AMOR,KUCINICH,GREENE,31,DEMOCRATIC,DEM
GP 2004,17TH DEMOCRATIC DELEGATE,5,8302,DAVID,AMOR,KUCINICH,MERCER,146,DEMOCRATIC,DEM
GP 2004,17TH DEMOCRATIC DELEGATE,5,8302,DAVID,AMOR,KUCINICH,FULTON,242,DEMOCRATIC,DEM
GP 2004,17TH DEMOCRATIC DELEGATE,5,8302,DAVID,AMOR,KUCINICH,HANCOCK,90,DEMOCRATIC,DEM
GP 2004,17TH DEMOCRATIC DELEGATE,5,8302,DAVID,AMOR,KUCINICH,MACOUPIN,216,DEMOCRATIC,DEM
GP 2004,17TH DEMOCRATIC DELEGATE,5,8302,DAVID,AMOR,KUCINICH,SHELBY,8,DEMOCRATIC,DEM
GP 2004,17TH DEMOCRATIC DELEGATE,5,8302,DAVID,AMOR,KUCINICH,WARREN,63,DEMOCRATIC,DEM
GP 2004,17TH DEMOCRATIC DELEGATE,5,8302,DAVID,AMOR,KUCINICH,PIKE,13,DEMOCRATIC,DEM
GP 2004,17TH DEMOCRATIC DELEGATE,5,8302,DAVID,AMOR,KUCINICH,HENDERSON,42,DEMOCRATIC,DEM
GP 2004,17TH DEMOCRATIC DELEGATE,5,8302,DAVID,AMOR,KUCINICH,ROCK ISLAND,464,DEMOCRATIC,DEM
GP 2004,17TH DEMOCRATIC DELEGATE,5,8302,DAVID,AMOR,KUCINICH,WHITESIDE,99,DEMOCRATIC,DEM
GP 2004,17TH DEMOCRATIC DELEGATE,5,8302,DAVID,AMOR,KUCINICH,FAYETTE,19,DEMOCRATIC,DEM
GP 2004,17TH DEMOCRATIC DELEGATE,5,8302,DAVID,AMOR,KUCINICH,CALHOUN,37,DEMOCRATIC,DEM
GP 2004,17TH DEMOCRATIC DELEGATE,5,8302,DAVID,AMOR,KUCINICH,MONTGOMERY,142,DEMOCRATIC,DEM
GP 2004,17TH DEMOCRATIC DELEGATE,5,8302,DAVID,AMOR,KUCINICH,MADISON,16,DEMOCRATIC,DEM
GP 2004,17TH DEMOCRATIC DELEGATE,5,8302,DAVID,AMOR,KUCINICH,SANGAMON,155,DEMOCRATIC,DEM
GP 2004,17TH DEMOCRATIC DELEGATE,5,8302,DAVID,AMOR,KUCINICH,HENRY,48,DEMOCRATIC,DEM
GP 2004,17TH DEMOCRATIC DELEGATE,5,8302,DAVID,AMOR,KUCINICH,McDONOUGH,67,DEMOCRATIC,DEM
GP 2004,17TH DEMOCRATIC DELEGATE,5,8302,DAVID,AMOR,KUCINICH,MACON,233,DEMOCRATIC,DEM
GP 2004,17TH DEMOCRATIC DELEGATE,5,8302,DAVID,AMOR,KUCINICH,KNOX,261,DEMOCRATIC,DEM
GP 2004,17TH DEMOCRATIC DELEGATE,5,8302,DAVID,AMOR,KUCINICH,ADAMS,88,DEMOCRATIC,DEM
GP 2004,17TH DEMOCRATIC DELEGATE,5,8302,DAVID,AMOR,KUCINICH,CHRISTIAN,51,DEMOCRATIC,DEM
GP 2004,17TH DEMOCRATIC DELEGATE,5,8303,KAREN,GOURD,KUCINICH,JERSEY,27,DEMOCRATIC,DEM
GP 2004,17TH DEMOCRATIC DELEGATE,5,8303,KAREN,GOURD,KUCINICH,GREENE,54,DEMOCRATIC,DEM
GP 2004,17TH DEMOCRATIC DELEGATE,5,8303,KAREN,GOURD,KUCINICH,MERCER,193,DEMOCRATIC,DEM
GP 2004,17TH DEMOCRATIC DELEGATE,5,8303,KAREN,GOURD,KUCINICH,FULTON,323,DEMOCRATIC,DEM
GP 2004,17TH DEMOCRATIC DELEGATE,5,8303,KAREN,GOURD,KUCINICH,HANCOCK,112,DEMOCRATIC,DEM
GP 2004,17TH DEMOCRATIC DELEGATE,5,8303,KAREN,GOURD,KUCINICH,MACOUPIN,276,DEMOCRATIC,DEM
GP 2004,17TH DEMOCRATIC DELEGATE,5,8303,KAREN,GOURD,KUCINICH,SHELBY,13,DEMOCRATIC,DEM
GP 2004,17TH DEMOCRATIC DELEGATE,5,8303,KAREN,GOURD,KUCINICH,WARREN,85,DEMOCRATIC,DEM
GP 2004,17TH DEMOCRATIC DELEGATE,5,8303,KAREN,GOURD,KUCINICH,PIKE,15,DEMOCRATIC,DEM
GP 2004,17TH DEMOCRATIC DELEGATE,5,8303,KAREN,GOURD,KUCINICH,HENDERSON,39,DEMOCRATIC,DEM
GP 2004,17TH DEMOCRATIC DELEGATE,5,8303,KAREN,GOURD,KUCINICH,ROCK ISLAND,633,DEMOCRATIC,DEM
GP 2004,17TH DEMOCRATIC DELEGATE,5,8303,KAREN,GOURD,KUCINICH,WHITESIDE,97,DEMOCRATIC,DEM
GP 2004,17TH DEMOCRATIC DELEGATE,5,8303,KAREN,GOURD,KUCINICH,FAYETTE,15,DEMOCRATIC,DEM
GP 2004,17TH DEMOCRATIC DELEGATE,5,8303,KAREN,GOURD,KUCINICH,CALHOUN,39,DEMOCRATIC,DEM
GP 2004,17TH DEMOCRATIC DELEGATE,5,8303,KAREN,GOURD,KUCINICH,MONTGOMERY,151,DEMOCRATIC,DEM
GP 2004,17TH DEMOCRATIC DELEGATE,5,8303,KAREN,GOURD,KUCINICH,MADISON,15,DEMOCRATIC,DEM
GP 2004,17TH DEMOCRATIC DELEGATE,5,8303,KAREN,GOURD,KUCINICH,SANGAMON,209,DEMOCRATIC,DEM
GP 2004,17TH DEMOCRATIC DELEGATE,5,8303,KAREN,GOURD,KUCINICH,HENRY,57,DEMOCRATIC,DEM
GP 2004,17TH DEMOCRATIC DELEGATE,5,8303,KAREN,GOURD,KUCINICH,McDONOUGH,100,DEMOCRATIC,DEM
GP 2004,17TH DEMOCRATIC DELEGATE,5,8303,KAREN,GOURD,KUCINICH,MACON,322,DEMOCRATIC,DEM
GP 2004,17TH DEMOCRATIC DELEGATE,5,8303,KAREN,GOURD,KUCINICH,KNOX,261,DEMOCRATIC,DEM
GP 2004,17TH DEMOCRATIC DELEGATE,5,8303,KAREN,GOURD,KUCINICH,ADAMS,159,DEMOCRATIC,DEM
GP 2004,17TH DEMOCRATIC DELEGATE,5,8303,KAREN,GOURD,KUCINICH,CHRISTIAN,36,DEMOCRATIC,DEM
GP 2004,17TH DEMOCRATIC DELEGATE,5,8304,JAMES,DICE,KUCINICH,JERSEY,18,DEMOCRATIC,DEM
GP 2004,17TH DEMOCRATIC DELEGATE,5,8304,JAMES,DICE,KUCINICH,GREENE,27,DEMOCRATIC,DEM
GP 2004,17TH DEMOCRATIC DELEGATE,5,8304,JAMES,DICE,KUCINICH,MERCER,139,DEMOCRATIC,DEM
GP 2004,17TH DEMOCRATIC DELEGATE,5,8304,JAMES,DICE,KUCINICH,FULTON,226,DEMOCRATIC,DEM
GP 2004,17TH DEMOCRATIC DELEGATE,5,8304,JAMES,DICE,KUCINICH,HANCOCK,100,DEMOCRATIC,DEM
GP 2004,17TH DEMOCRATIC DELEGATE,5,8304,JAMES,DICE,KUCINICH,MACOUPIN,196,DEMOCRATIC,DEM
GP 2004,17TH DEMOCRATIC DELEGATE,5,8304,JAMES,DICE,KUCINICH,SHELBY,7,DEMOCRATIC,DEM
GP 2004,17TH DEMOCRATIC DELEGATE,5,8304,JAMES,DICE,KUCINICH,WARREN,59,DEMOCRATIC,DEM
GP 2004,17TH DEMOCRATIC DELEGATE,5,8304,JAMES,DICE,KUCINICH,PIKE,9,DEMOCRATIC,DEM
GP 2004,17TH DEMOCRATIC DELEGATE,5,8304,JAMES,DICE,KUCINICH,HENDERSON,41,DEMOCRATIC,DEM
GP 2004,17TH DEMOCRATIC DELEGATE,5,8304,JAMES,DICE,KUCINICH,ROCK ISLAND,451,DEMOCRATIC,DEM
GP 2004,17TH DEMOCRATIC DELEGATE,5,8304,JAMES,DICE,KUCINICH,WHITESIDE,80,DEMOCRATIC,DEM
GP 2004,17TH DEMOCRATIC DELEGATE,5,8304,JAMES,DICE,KUCINICH,FAYETTE,11,DEMOCRATIC,DEM
GP 2004,17TH DEMOCRATIC DELEGATE,5,8304,JAMES,DICE,KUCINICH,CALHOUN,38,DEMOCRATIC,DEM
GP 2004,17TH DEMOCRATIC DELEGATE,5,8304,JAMES,DICE,KUCINICH,MONTGOMERY,132,DEMOCRATIC,DEM
GP 2004,17TH DEMOCRATIC DELEGATE,5,8304,JAMES,DICE,KUCINICH,MADISON,16,DEMOCRATIC,DEM
GP 2004,17TH DEMOCRATIC DELEGATE,5,8304,JAMES,DICE,KUCINICH,SANGAMON,170,DEMOCRATIC,DEM
GP 2004,17TH DEMOCRATIC DELEGATE,5,8304,JAMES,DICE,KUCINICH,HENRY,38,DEMOCRATIC,DEM
GP 2004,17TH DEMOCRATIC DELEGATE,5,8304,JAMES,DICE,KUCINICH,McDONOUGH,76,DEMOCRATIC,DEM
GP 2004,17TH DEMOCRATIC DELEGATE,5,8304,JAMES,DICE,KUCINICH,MACON,244,DEMOCRATIC,DEM
GP 2004,17TH DEMOCRATIC DELEGATE,5,8304,JAMES,DICE,KUCINICH,KNOX,208,DEMOCRATIC,DEM
GP 2004,17TH DEMOCRATIC DELEGATE,5,8304,JAMES,DICE,KUCINICH,ADAMS,94,DEMOCRATIC,DEM
GP 2004,17TH DEMOCRATIC DELEGATE,5,8304,JAMES,DICE,KUCINICH,CHRISTIAN,30,DEMOCRATIC,DEM
GP 2004,17TH DEMOCRATIC DELEGATE,5,8305,VINCENT G.,THOMAS,KUCINICH,JERSEY,24,DEMOCRATIC,DEM
GP 2004,17TH DEMOCRATIC DELEGATE,5,8305,VINCENT G.,THOMAS,KUCINICH,GREENE,38,DEMOCRATIC,DEM
GP 2004,17TH DEMOCRATIC DELEGATE,5,8305,VINCENT G.,THOMAS,KUCINICH,MERCER,200,DEMOCRATIC,DEM
GP 2004,17TH DEMOCRATIC DELEGATE,5,8305,VINCENT G.,THOMAS,KUCINICH,FULTON,219,DEMOCRATIC,DEM
GP 2004,17TH DEMOCRATIC DELEGATE,5,8305,VINCENT G.,THOMAS,KUCINICH,HANCOCK,106,DEMOCRATIC,DEM
GP 2004,17TH DEMOCRATIC DELEGATE,5,8305,VINCENT G.,THOMAS,KUCINICH,MACOUPIN,255,DEMOCRATIC,DEM
GP 2004,17TH DEMOCRATIC DELEGATE,5,8305,VINCENT G.,THOMAS,KUCINICH,SHELBY,6,DEMOCRATIC,DEM
GP 2004,17TH DEMOCRATIC DELEGATE,5,8305,VINCENT G.,THOMAS,KUCINICH,WARREN,58,DEMOCRATIC,DEM
GP 2004,17TH DEMOCRATIC DELEGATE,5,8305,VINCENT G.,THOMAS,KUCINICH,PIKE,15,DEMOCRATIC,DEM
GP 2004,17TH DEMOCRATIC DELEGATE,5,8305,VINCENT G.,THOMAS,KUCINICH,HENDERSON,54,DEMOCRATIC,DEM
GP 2004,17TH DEMOCRATIC DELEGATE,5,8305,VINCENT G.,THOMAS,KUCINICH,ROCK ISLAND,1209,DEMOCRATIC,DEM
GP 2004,17TH DEMOCRATIC DELEGATE,5,8305,VINCENT G.,THOMAS,KUCINICH,WHITESIDE,89,DEMOCRATIC,DEM
GP 2004,17TH DEMOCRATIC DELEGATE,5,8305,VINCENT G.,THOMAS,KUCINICH,FAYETTE,9,DEMOCRATIC,DEM
GP 2004,17TH DEMOCRATIC DELEGATE,5,8305,VINCENT G.,THOMAS,KUCINICH,CALHOUN,41,DEMOCRATIC,DEM
GP 2004,17TH DEMOCRATIC DELEGATE,5,8305,VINCENT G.,THOMAS,KUCINICH,MONTGOMERY,154,DEMOCRATIC,DEM
GP 2004,17TH DEMOCRATIC DELEGATE,5,8305,VINCENT G.,THOMAS,KUCINICH,MADISON,12,DEMOCRATIC,DEM
GP 2004,17TH DEMOCRATIC DELEGATE,5,8305,VINCENT G.,THOMAS,KUCINICH,SANGAMON,142,DEMOCRATIC,DEM
GP 2004,17TH DEMOCRATIC DELEGATE,5,8305,VINCENT G.,THOMAS,KUCINICH,HENRY,51,DEMOCRATIC,DEM
GP 2004,17TH DEMOCRATIC DELEGATE,5,8305,VINCENT G.,THOMAS,KUCINICH,McDONOUGH,73,DEMOCRATIC,DEM
GP 2004,17TH DEMOCRATIC DELEGATE,5,8305,VINCENT G.,THOMAS,KUCINICH,MACON,223,DEMOCRATIC,DEM
GP 2004,17TH DEMOCRATIC DELEGATE,5,8305,VINCENT G.,THOMAS,KUCINICH,KNOX,180,DEMOCRATIC,DEM
GP 2004,17TH DEMOCRATIC DELEGATE,5,8305,VINCENT G.,THOMAS,KUCINICH,ADAMS,88,DEMOCRATIC,DEM
GP 2004,17TH DEMOCRATIC DELEGATE,5,8305,VINCENT G.,THOMAS,KUCINICH,CHRISTIAN,39,DEMOCRATIC,DEM
GP 2004,17TH DEMOCRATIC ALTERNATE DELEGATE,1,8306,AMANDA L.,HICKS,KUCINICH,JERSEY,10,DEMOCRATIC,DEM
GP 2004,17TH DEMOCRATIC ALTERNATE DELEGATE,1,8306,AMANDA L.,HICKS,KUCINICH,GREENE,42,DEMOCRATIC,DEM
GP 2004,17TH DEMOCRATIC ALTERNATE DELEGATE,1,8306,AMANDA L.,HICKS,KUCINICH,MERCER,67,DEMOCRATIC,DEM
GP 2004,17TH DEMOCRATIC ALTERNATE DELEGATE,1,8306,AMANDA L.,HICKS,KUCINICH,FULTON,231,DEMOCRATIC,DEM
GP 2004,17TH DEMOCRATIC ALTERNATE DELEGATE,1,8306,AMANDA L.,HICKS,KUCINICH,HANCOCK,43,DEMOCRATIC,DEM
GP 2004,17TH DEMOCRATIC ALTERNATE DELEGATE,1,8306,AMANDA L.,HICKS,KUCINICH,MACOUPIN,276,DEMOCRATIC,DEM
GP 2004,17TH DEMOCRATIC ALTERNATE DELEGATE,1,8306,AMANDA L.,HICKS,KUCINICH,SHELBY,12,DEMOCRATIC,DEM
GP 2004,17TH DEMOCRATIC ALTERNATE DELEGATE,1,8306,AMANDA L.,HICKS,KUCINICH,WARREN,49,DEMOCRATIC,DEM
GP 2004,17TH DEMOCRATIC ALTERNATE DELEGATE,1,8306,AMANDA L.,HICKS,KUCINICH,PIKE,10,DEMOCRATIC,DEM
GP 2004,17TH DEMOCRATIC ALTERNATE DELEGATE,1,8306,AMANDA L.,HICKS,KUCINICH,HENDERSON,20,DEMOCRATIC,DEM
GP 2004,17TH DEMOCRATIC ALTERNATE DELEGATE,1,8306,AMANDA L.,HICKS,KUCINICH,ROCK ISLAND,537,DEMOCRATIC,DEM
GP 2004,17TH DEMOCRATIC ALTERNATE DELEGATE,1,8306,AMANDA L.,HICKS,KUCINICH,WHITESIDE,83,DEMOCRATIC,DEM
GP 2004,17TH DEMOCRATIC ALTERNATE DELEGATE,1,8306,AMANDA L.,HICKS,KUCINICH,FAYETTE,23,DEMOCRATIC,DEM
GP 2004,17TH DEMOCRATIC ALTERNATE DELEGATE,1,8306,AMANDA L.,HICKS,KUCINICH,CALHOUN,19,DEMOCRATIC,DEM
GP 2004,17TH DEMOCRATIC ALTERNATE DELEGATE,1,8306,AMANDA L.,HICKS,KUCINICH,MONTGOMERY,58,DEMOCRATIC,DEM
GP 2004,17TH DEMOCRATIC ALTERNATE DELEGATE,1,8306,AMANDA L.,HICKS,KUCINICH,MADISON,18,DEMOCRATIC,DEM
GP 2004,17TH DEMOCRATIC ALTERNATE DELEGATE,1,8306,AMANDA L.,HICKS,KUCINICH,SANGAMON,137,DEMOCRATIC,DEM
GP 2004,17TH DEMOCRATIC ALTERNATE DELEGATE,1,8306,AMANDA L.,HICKS,KUCINICH,HENRY,48,DEMOCRATIC,DEM
GP 2004,17TH DEMOCRATIC ALTERNATE DELEGATE,1,8306,AMANDA L.,HICKS,KUCINICH,McDONOUGH,79,DEMOCRATIC,DEM
GP 2004,17TH DEMOCRATIC ALTERNATE DELEGATE,1,8306,AMANDA L.,HICKS,KUCINICH,MACON,272,DEMOCRATIC,DEM
GP 2004,17TH DEMOCRATIC ALTERNATE DELEGATE,1,8306,AMANDA L.,HICKS,KUCINICH,KNOX,191,DEMOCRATIC,DEM
GP 2004,17TH DEMOCRATIC ALTERNATE DELEGATE,1,8306,AMANDA L.,HICKS,KUCINICH,ADAMS,136,DEMOCRATIC,DEM
GP 2004,17TH DEMOCRATIC ALTERNATE DELEGATE,1,8306,AMANDA L.,HICKS,KUCINICH,CHRISTIAN,39,DEMOCRATIC,DEM
GP 2004,18TH DEMOCRATIC DELEGATE,5,8323,SANDRA,HEBERT,GEPHARDT,BROWN,10,DEMOCRATIC,DEM
GP 2004,18TH DEMOCRATIC DELEGATE,5,8323,SANDRA,HEBERT,GEPHARDT,LOGAN,136,DEMOCRATIC,DEM
GP 2004,18TH DEMOCRATIC DELEGATE,5,8323,SANDRA,HEBERT,GEPHARDT,SCHUYLER,10,DEMOCRATIC,DEM
GP 2004,18TH DEMOCRATIC DELEGATE,5,8323,SANDRA,HEBERT,GEPHARDT,MARSHALL,11,DEMOCRATIC,DEM
GP 2004,18TH DEMOCRATIC DELEGATE,5,8323,SANDRA,HEBERT,GEPHARDT,MENARD,28,DEMOCRATIC,DEM
GP 2004,18TH DEMOCRATIC DELEGATE,5,8323,SANDRA,HEBERT,GEPHARDT,STARK,8,DEMOCRATIC,DEM
GP 2004,18TH DEMOCRATIC DELEGATE,5,8323,SANDRA,HEBERT,GEPHARDT,WOODFORD,57,DEMOCRATIC,DEM
GP 2004,18TH DEMOCRATIC DELEGATE,5,8323,SANDRA,HEBERT,GEPHARDT,MASON,196,DEMOCRATIC,DEM
GP 2004,18TH DEMOCRATIC DELEGATE,5,8323,SANDRA,HEBERT,GEPHARDT,BUREAU,32,DEMOCRATIC,DEM
GP 2004,18TH DEMOCRATIC DELEGATE,5,8323,SANDRA,HEBERT,GEPHARDT,PIKE,103,DEMOCRATIC,DEM
GP 2004,18TH DEMOCRATIC DELEGATE,5,8323,SANDRA,HEBERT,GEPHARDT,CASS,116,DEMOCRATIC,DEM
GP 2004,18TH DEMOCRATIC DELEGATE,5,8323,SANDRA,HEBERT,GEPHARDT,MORGAN,125,DEMOCRATIC,DEM
GP 2004,18TH DEMOCRATIC DELEGATE,5,8323,SANDRA,HEBERT,GEPHARDT,PUTNAM,95,DEMOCRATIC,DEM
GP 2004,18TH DEMOCRATIC DELEGATE,5,8323,SANDRA,HEBERT,GEPHARDT,TAZEWELL,1048,DEMOCRATIC,DEM
GP 2004,18TH DEMOCRATIC DELEGATE,5,8323,SANDRA,HEBERT,GEPHARDT,SANGAMON,749,DEMOCRATIC,DEM
GP 2004,18TH DEMOCRATIC DELEGATE,5,8323,SANDRA,HEBERT,GEPHARDT,SCOTT,16,DEMOCRATIC,DEM
GP 2004,18TH DEMOCRATIC DELEGATE,5,8323,SANDRA,HEBERT,GEPHARDT,MACON,91,DEMOCRATIC,DEM
GP 2004,18TH DEMOCRATIC DELEGATE,5,8323,SANDRA,HEBERT,GEPHARDT,KNOX,46,DEMOCRATIC,DEM
GP 2004,18TH DEMOCRATIC DELEGATE,5,8323,SANDRA,HEBERT,GEPHARDT,PEORIA,398,DEMOCRATIC,DEM
GP 2004,18TH DEMOCRATIC DELEGATE,5,8323,SANDRA,HEBERT,GEPHARDT,ADAMS,31,DEMOCRATIC,DEM
GP 2004,3RD DEMOCRATIC ALTERNATE DELEGATE,1,8325,LINDA D.,STEVANOVICH,GEPHARDT,COOK,3308,DEMOCRATIC,DEM
GP 2004,11TH DEMOCRATIC DELEGATE,5,8327,F. MICHAEL,"KELLEHER, JR.",GEPHARDT,LIVINGSTON,3,DEMOCRATIC,DEM
GP 2004,11TH DEMOCRATIC DELEGATE,5,8327,F. MICHAEL,"KELLEHER, JR.",GEPHARDT,WOODFORD,18,DEMOCRATIC,DEM
GP 2004,11TH DEMOCRATIC DELEGATE,5,8327,F. MICHAEL,"KELLEHER, JR.",GEPHARDT,BUREAU,78,DEMOCRATIC,DEM
GP 2004,11TH DEMOCRATIC DELEGATE,5,8327,F. MICHAEL,"KELLEHER, JR.",GEPHARDT,WILL,909,DEMOCRATIC,DEM
GP 2004,11TH DEMOCRATIC DELEGATE,5,8327,F. MICHAEL,"KELLEHER, JR.",GEPHARDT,GRUNDY,130,DEMOCRATIC,DEM
GP 2004,11TH DEMOCRATIC DELEGATE,5,8327,F. MICHAEL,"KELLEHER, JR.",GEPHARDT,LaSALLE,241,DEMOCRATIC,DEM
GP 2004,11TH DEMOCRATIC DELEGATE,5,8327,F. MICHAEL,"KELLEHER, JR.",GEPHARDT,KANKAKEE,348,DEMOCRATIC,DEM
GP 2004,11TH DEMOCRATIC DELEGATE,5,8327,F. MICHAEL,"KELLEHER, JR.",GEPHARDT,McLEAN,475,DEMOCRATIC,DEM
GP 2004,11TH DEMOCRATIC DELEGATE,5,8331,"MARY ""KELLY""",REFFETT,GEPHARDT,LIVINGSTON,2,DEMOCRATIC,DEM
GP 2004,11TH DEMOCRATIC DELEGATE,5,8331,"MARY ""KELLY""",REFFETT,GEPHARDT,WOODFORD,6,DEMOCRATIC,DEM
GP 2004,11TH DEMOCRATIC DELEGATE,5,8331,"MARY ""KELLY""",REFFETT,GEPHARDT,BUREAU,92,DEMOCRATIC,DEM
GP 2004,11TH DEMOCRATIC DELEGATE,5,8331,"MARY ""KELLY""",REFFETT,GEPHARDT,WILL,1233,DEMOCRATIC,DEM
GP 2004,11TH DEMOCRATIC DELEGATE,5,8331,"MARY ""KELLY""",REFFETT,GEPHARDT,GRUNDY,199,DEMOCRATIC,DEM
GP 2004,11TH DEMOCRATIC DELEGATE,5,8331,"MARY ""KELLY""",REFFETT,GEPHARDT,LaSALLE,372,DEMOCRATIC,DEM
GP 2004,11TH DEMOCRATIC DELEGATE,5,8331,"MARY ""KELLY""",REFFETT,GEPHARDT,KANKAKEE,451,DEMOCRATIC,DEM
GP 2004,11TH DEMOCRATIC DELEGATE,5,8331,"MARY ""KELLY""",REFFETT,GEPHARDT,McLEAN,180,DEMOCRATIC,DEM
GP 2004,15TH DEMOCRATIC DELEGATE,5,8334,AMY L.,GIRARDI,GEPHARDT,EDGAR,74,DEMOCRATIC,DEM
GP 2004,15TH DEMOCRATIC DELEGATE,5,8334,AMY L.,GIRARDI,GEPHARDT,FORD,25,DEMOCRATIC,DEM
GP 2004,15TH DEMOCRATIC DELEGATE,5,8334,AMY L.,GIRARDI,GEPHARDT,IROQUOIS,59,DEMOCRATIC,DEM
GP 2004,15TH DEMOCRATIC DELEGATE,5,8334,AMY L.,GIRARDI,GEPHARDT,LIVINGSTON,172,DEMOCRATIC,DEM
GP 2004,15TH DEMOCRATIC DELEGATE,5,8334,AMY L.,GIRARDI,GEPHARDT,PIATT,32,DEMOCRATIC,DEM
GP 2004,15TH DEMOCRATIC DELEGATE,5,8334,AMY L.,GIRARDI,GEPHARDT,DOUGLAS,35,DEMOCRATIC,DEM
GP 2004,15TH DEMOCRATIC DELEGATE,5,8334,AMY L.,GIRARDI,GEPHARDT,COLES,88,DEMOCRATIC,DEM
GP 2004,15TH DEMOCRATIC DELEGATE,5,8334,AMY L.,GIRARDI,GEPHARDT,EDWARDS,1,DEMOCRATIC,DEM
GP 2004,15TH DEMOCRATIC DELEGATE,5,8334,AMY L.,GIRARDI,GEPHARDT,WHITE,14,DEMOCRATIC,DEM
GP 2004,15TH DEMOCRATIC DELEGATE,5,8334,AMY L.,GIRARDI,GEPHARDT,CRAWFORD,46,DEMOCRATIC,DEM
GP 2004,15TH DEMOCRATIC DELEGATE,5,8334,AMY L.,GIRARDI,GEPHARDT,SALINE,36,DEMOCRATIC,DEM
GP 2004,15TH DEMOCRATIC DELEGATE,5,8334,AMY L.,GIRARDI,GEPHARDT,CLARK,89,DEMOCRATIC,DEM
GP 2004,15TH DEMOCRATIC DELEGATE,5,8334,AMY L.,GIRARDI,GEPHARDT,GALLATIN,5,DEMOCRATIC,DEM
GP 2004,15TH DEMOCRATIC DELEGATE,5,8334,AMY L.,GIRARDI,GEPHARDT,WABASH,77,DEMOCRATIC,DEM
GP 2004,15TH DEMOCRATIC DELEGATE,5,8334,AMY L.,GIRARDI,GEPHARDT,CHAMPAIGN,785,DEMOCRATIC,DEM
GP 2004,15TH DEMOCRATIC DELEGATE,5,8334,AMY L.,GIRARDI,GEPHARDT,MACON,107,DEMOCRATIC,DEM
GP 2004,15TH DEMOCRATIC DELEGATE,5,8334,AMY L.,GIRARDI,GEPHARDT,MOULTRIE,58,DEMOCRATIC,DEM
GP 2004,15TH DEMOCRATIC DELEGATE,5,8334,AMY L.,GIRARDI,GEPHARDT,CUMBERLAND,49,DEMOCRATIC,DEM
GP 2004,15TH DEMOCRATIC DELEGATE,5,8334,AMY L.,GIRARDI,GEPHARDT,LAWRENCE,29,DEMOCRATIC,DEM
GP 2004,15TH DEMOCRATIC DELEGATE,5,8334,AMY L.,GIRARDI,GEPHARDT,DeWITT,221,DEMOCRATIC,DEM
GP 2004,15TH DEMOCRATIC DELEGATE,5,8334,AMY L.,GIRARDI,GEPHARDT,McLEAN,160,DEMOCRATIC,DEM
GP 2004,15TH DEMOCRATIC DELEGATE,5,8334,AMY L.,GIRARDI,GEPHARDT,VERMILION,177,DEMOCRATIC,DEM
GP 2004,15TH DEMOCRATIC DELEGATE,5,8337,LORNA SUE,GIBSON,GEPHARDT,EDGAR,81,DEMOCRATIC,DEM
GP 2004,15TH DEMOCRATIC DELEGATE,5,8337,LORNA SUE,GIBSON,GEPHARDT,FORD,19,DEMOCRATIC,DEM
GP 2004,15TH DEMOCRATIC DELEGATE,5,8337,LORNA SUE,GIBSON,GEPHARDT,IROQUOIS,37,DEMOCRATIC,DEM
GP 2004,15TH DEMOCRATIC DELEGATE,5,8337,LORNA SUE,GIBSON,GEPHARDT,LIVINGSTON,181,DEMOCRATIC,DEM
GP 2004,15TH DEMOCRATIC DELEGATE,5,8337,LORNA SUE,GIBSON,GEPHARDT,PIATT,21,DEMOCRATIC,DEM
GP 2004,15TH DEMOCRATIC DELEGATE,5,8337,LORNA SUE,GIBSON,GEPHARDT,DOUGLAS,40,DEMOCRATIC,DEM
GP 2004,15TH DEMOCRATIC DELEGATE,5,8337,LORNA SUE,GIBSON,GEPHARDT,COLES,70,DEMOCRATIC,DEM
GP 2004,15TH DEMOCRATIC DELEGATE,5,8337,LORNA SUE,GIBSON,GEPHARDT,EDWARDS,4,DEMOCRATIC,DEM
GP 2004,15TH DEMOCRATIC DELEGATE,5,8337,LORNA SUE,GIBSON,GEPHARDT,WHITE,15,DEMOCRATIC,DEM
GP 2004,15TH DEMOCRATIC DELEGATE,5,8337,LORNA SUE,GIBSON,GEPHARDT,CRAWFORD,34,DEMOCRATIC,DEM
GP 2004,15TH DEMOCRATIC DELEGATE,5,8337,LORNA SUE,GIBSON,GEPHARDT,SALINE,22,DEMOCRATIC,DEM
GP 2004,15TH DEMOCRATIC DELEGATE,5,8337,LORNA SUE,GIBSON,GEPHARDT,CLARK,91,DEMOCRATIC,DEM
GP 2004,15TH DEMOCRATIC DELEGATE,5,8337,LORNA SUE,GIBSON,GEPHARDT,GALLATIN,7,DEMOCRATIC,DEM
GP 2004,15TH DEMOCRATIC DELEGATE,5,8337,LORNA SUE,GIBSON,GEPHARDT,WABASH,87,DEMOCRATIC,DEM
GP 2004,15TH DEMOCRATIC DELEGATE,5,8337,LORNA SUE,GIBSON,GEPHARDT,CHAMPAIGN,739,DEMOCRATIC,DEM
GP 2004,15TH DEMOCRATIC DELEGATE,5,8337,LORNA SUE,GIBSON,GEPHARDT,MACON,71,DEMOCRATIC,DEM
GP 2004,15TH DEMOCRATIC DELEGATE,5,8337,LORNA SUE,GIBSON,GEPHARDT,MOULTRIE,45,DEMOCRATIC,DEM
GP 2004,15TH DEMOCRATIC DELEGATE,5,8337,LORNA SUE,GIBSON,GEPHARDT,CUMBERLAND,60,DEMOCRATIC,DEM
GP 2004,15TH DEMOCRATIC DELEGATE,5,8337,LORNA SUE,GIBSON,GEPHARDT,LAWRENCE,27,DEMOCRATIC,DEM
GP 2004,15TH DEMOCRATIC DELEGATE,5,8337,LORNA SUE,GIBSON,GEPHARDT,DeWITT,166,DEMOCRATIC,DEM
GP 2004,15TH DEMOCRATIC DELEGATE,5,8337,LORNA SUE,GIBSON,GEPHARDT,McLEAN,97,DEMOCRATIC,DEM
GP 2004,15TH DEMOCRATIC DELEGATE,5,8337,LORNA SUE,GIBSON,GEPHARDT,VERMILION,184,DEMOCRATIC,DEM
GP 2004,1ST DEMOCRATIC DELEGATE,8,8340,JACKIE,DALY,GEPHARDT,COOK,3242,DEMOCRATIC,DEM
GP 2004,1ST DEMOCRATIC DELEGATE,8,8341,LESTER,CONEY,GEPHARDT,COOK,1321,DEMOCRATIC,DEM
GP 2004,1ST DEMOCRATIC DELEGATE,8,8342,SHARON,DAVENPORT,GEPHARDT,COOK,3196,DEMOCRATIC,DEM
GP 2004,1ST DEMOCRATIC DELEGATE,8,8343,ROBERT E.,INGERSOLL,GEPHARDT,COOK,1265,DEMOCRATIC,DEM
GP 2004,1ST DEMOCRATIC DELEGATE,8,8344,ROY,MURRAY,GEPHARDT,COOK,1706,DEMOCRATIC,DEM
GP 2004,1ST DEMOCRATIC DELEGATE,8,8345,KATIE,BARNES,GEPHARDT,COOK,1975,DEMOCRATIC,DEM
GP 2004,1ST DEMOCRATIC DELEGATE,8,8346,DOROTHY,GARY,GEPHARDT,COOK,2793,DEMOCRATIC,DEM
GP 2004,9TH DEMOCRATIC DELEGATE,6,8360,FRED,SHAREEF,GEPHARDT,COOK,1157,DEMOCRATIC,DEM
GP 2004,1ST DEMOCRATIC ALTERNATE DELEGATE,1,8361,JEAN L.,HART,GEPHARDT,COOK,9241,DEMOCRATIC,DEM
GP 2004,14TH DEMOCRATIC DELEGATE,4,8364,CHRISTINE,ADELMAN,GEPHARDT,BUREAU,1,DEMOCRATIC,DEM
GP 2004,14TH DEMOCRATIC DELEGATE,4,8364,CHRISTINE,ADELMAN,GEPHARDT,LEE,118,DEMOCRATIC,DEM
GP 2004,14TH DEMOCRATIC DELEGATE,4,8364,CHRISTINE,ADELMAN,GEPHARDT,WHITESIDE,60,DEMOCRATIC,DEM
GP 2004,14TH DEMOCRATIC DELEGATE,4,8364,CHRISTINE,ADELMAN,GEPHARDT,HENRY,89,DEMOCRATIC,DEM
GP 2004,14TH DEMOCRATIC DELEGATE,4,8364,CHRISTINE,ADELMAN,GEPHARDT,KENDALL,211,DEMOCRATIC,DEM
GP 2004,14TH DEMOCRATIC DELEGATE,4,8364,CHRISTINE,ADELMAN,GEPHARDT,KANE,1290,DEMOCRATIC,DEM
GP 2004,14TH DEMOCRATIC DELEGATE,4,8364,CHRISTINE,ADELMAN,GEPHARDT,DeKALB,104,DEMOCRATIC,DEM
GP 2004,14TH DEMOCRATIC DELEGATE,4,8364,CHRISTINE,ADELMAN,GEPHARDT,DuPAGE,104,DEMOCRATIC,DEM
GP 2004,14TH DEMOCRATIC DELEGATE,4,8365,DOUG,LONGMUIR,GEPHARDT,BUREAU,1,DEMOCRATIC,DEM
GP 2004,14TH DEMOCRATIC DELEGATE,4,8365,DOUG,LONGMUIR,GEPHARDT,LEE,91,DEMOCRATIC,DEM
GP 2004,14TH DEMOCRATIC DELEGATE,4,8365,DOUG,LONGMUIR,GEPHARDT,WHITESIDE,40,DEMOCRATIC,DEM
GP 2004,14TH DEMOCRATIC DELEGATE,4,8365,DOUG,LONGMUIR,GEPHARDT,HENRY,78,DEMOCRATIC,DEM
GP 2004,14TH DEMOCRATIC DELEGATE,4,8365,DOUG,LONGMUIR,GEPHARDT,KENDALL,117,DEMOCRATIC,DEM
GP 2004,14TH DEMOCRATIC DELEGATE,4,8365,DOUG,LONGMUIR,GEPHARDT,KANE,609,DEMOCRATIC,DEM
GP 2004,14TH DEMOCRATIC DELEGATE,4,8365,DOUG,LONGMUIR,GEPHARDT,DeKALB,83,DEMOCRATIC,DEM
GP 2004,14TH DEMOCRATIC DELEGATE,4,8365,DOUG,LONGMUIR,GEPHARDT,DuPAGE,62,DEMOCRATIC,DEM
GP 2004,14TH DEMOCRATIC DELEGATE,4,8366,RACHEL,ALVAREZ,GEPHARDT,BUREAU,1,DEMOCRATIC,DEM
GP 2004,14TH DEMOCRATIC DELEGATE,4,8366,RACHEL,ALVAREZ,GEPHARDT,LEE,96,DEMOCRATIC,DEM
GP 2004,14TH DEMOCRATIC DELEGATE,4,8366,RACHEL,ALVAREZ,GEPHARDT,WHITESIDE,49,DEMOCRATIC,DEM
GP 2004,14TH DEMOCRATIC DELEGATE,4,8366,RACHEL,ALVAREZ,GEPHARDT,HENRY,80,DEMOCRATIC,DEM
GP 2004,14TH DEMOCRATIC DELEGATE,4,8366,RACHEL,ALVAREZ,GEPHARDT,KENDALL,166,DEMOCRATIC,DEM
GP 2004,14TH DEMOCRATIC DELEGATE,4,8366,RACHEL,ALVAREZ,GEPHARDT,KANE,1098,DEMOCRATIC,DEM
GP 2004,14TH DEMOCRATIC DELEGATE,4,8366,RACHEL,ALVAREZ,GEPHARDT,DeKALB,121,DEMOCRATIC,DEM
GP 2004,14TH DEMOCRATIC DELEGATE,4,8366,RACHEL,ALVAREZ,GEPHARDT,DuPAGE,177,DEMOCRATIC,DEM
GP 2004,14TH DEMOCRATIC ALTERNATE DELEGATE,1,8368,ERNESTO,ALVAREZ,GEPHARDT,BUREAU,0,DEMOCRATIC,DEM
GP 2004,14TH DEMOCRATIC ALTERNATE DELEGATE,1,8368,ERNESTO,ALVAREZ,GEPHARDT,LEE,39,DEMOCRATIC,DEM
GP 2004,14TH DEMOCRATIC ALTERNATE DELEGATE,1,8368,ERNESTO,ALVAREZ,GEPHARDT,WHITESIDE,26,DEMOCRATIC,DEM
GP 2004,14TH DEMOCRATIC ALTERNATE DELEGATE,1,8368,ERNESTO,ALVAREZ,GEPHARDT,HENRY,37,DEMOCRATIC,DEM
GP 2004,14TH DEMOCRATIC ALTERNATE DELEGATE,1,8368,ERNESTO,ALVAREZ,GEPHARDT,KENDALL,129,DEMOCRATIC,DEM
GP 2004,14TH DEMOCRATIC ALTERNATE DELEGATE,1,8368,ERNESTO,ALVAREZ,GEPHARDT,KANE,1412,DEMOCRATIC,DEM
GP 2004,14TH DEMOCRATIC ALTERNATE DELEGATE,1,8368,ERNESTO,ALVAREZ,GEPHARDT,DeKALB,105,DEMOCRATIC,DEM
GP 2004,14TH DEMOCRATIC ALTERNATE DELEGATE,1,8368,ERNESTO,ALVAREZ,GEPHARDT,DuPAGE,202,DEMOCRATIC,DEM
GP 2004,10TH DEMOCRATIC DELEGATE,5,8371,LETICIA,CHILDS,GEPHARDT,LAKE,858,DEMOCRATIC,DEM
GP 2004,10TH DEMOCRATIC DELEGATE,5,8371,LETICIA,CHILDS,GEPHARDT,COOK,760,DEMOCRATIC,DEM
GP 2004,10TH DEMOCRATIC DELEGATE,5,8373,ADAIR L.,SCHWARTZ,GEPHARDT,LAKE,1135,DEMOCRATIC,DEM
GP 2004,10TH DEMOCRATIC DELEGATE,5,8373,ADAIR L.,SCHWARTZ,GEPHARDT,COOK,808,DEMOCRATIC,DEM
GP 2004,17TH DEMOCRATIC DELEGATE,5,8381,PAT,O'BRIEN,GEPHARDT,JERSEY,30,DEMOCRATIC,DEM
GP 2004,17TH DEMOCRATIC DELEGATE,5,8381,PAT,O'BRIEN,GEPHARDT,GREENE,133,DEMOCRATIC,DEM
GP 2004,17TH DEMOCRATIC DELEGATE,5,8381,PAT,O'BRIEN,GEPHARDT,MERCER,218,DEMOCRATIC,DEM
GP 2004,17TH DEMOCRATIC DELEGATE,5,8381,PAT,O'BRIEN,GEPHARDT,FULTON,752,DEMOCRATIC,DEM
GP 2004,17TH DEMOCRATIC DELEGATE,5,8381,PAT,O'BRIEN,GEPHARDT,HANCOCK,89,DEMOCRATIC,DEM
GP 2004,17TH DEMOCRATIC DELEGATE,5,8381,PAT,O'BRIEN,GEPHARDT,MACOUPIN,816,DEMOCRATIC,DEM
GP 2004,17TH DEMOCRATIC DELEGATE,5,8381,PAT,O'BRIEN,GEPHARDT,SHELBY,20,DEMOCRATIC,DEM
GP 2004,17TH DEMOCRATIC DELEGATE,5,8381,PAT,O'BRIEN,GEPHARDT,WARREN,180,DEMOCRATIC,DEM
GP 2004,17TH DEMOCRATIC DELEGATE,5,8381,PAT,O'BRIEN,GEPHARDT,PIKE,73,DEMOCRATIC,DEM
GP 2004,17TH DEMOCRATIC DELEGATE,5,8381,PAT,O'BRIEN,GEPHARDT,HENDERSON,19,DEMOCRATIC,DEM
GP 2004,17TH DEMOCRATIC DELEGATE,5,8381,PAT,O'BRIEN,GEPHARDT,ROCK ISLAND,2833,DEMOCRATIC,DEM
GP 2004,17TH DEMOCRATIC DELEGATE,5,8381,PAT,O'BRIEN,GEPHARDT,WHITESIDE,307,DEMOCRATIC,DEM
GP 2004,17TH DEMOCRATIC DELEGATE,5,8381,PAT,O'BRIEN,GEPHARDT,FAYETTE,48,DEMOCRATIC,DEM
GP 2004,17TH DEMOCRATIC DELEGATE,5,8381,PAT,O'BRIEN,GEPHARDT,CALHOUN,54,DEMOCRATIC,DEM
GP 2004,17TH DEMOCRATIC DELEGATE,5,8381,PAT,O'BRIEN,GEPHARDT,MONTGOMERY,97,DEMOCRATIC,DEM
GP 2004,17TH DEMOCRATIC DELEGATE,5,8381,PAT,O'BRIEN,GEPHARDT,MADISON,61,DEMOCRATIC,DEM
GP 2004,17TH DEMOCRATIC DELEGATE,5,8381,PAT,O'BRIEN,GEPHARDT,SANGAMON,449,DEMOCRATIC,DEM
GP 2004,17TH DEMOCRATIC DELEGATE,5,8381,PAT,O'BRIEN,GEPHARDT,HENRY,249,DEMOCRATIC,DEM
GP 2004,17TH DEMOCRATIC DELEGATE,5,8381,PAT,O'BRIEN,GEPHARDT,McDONOUGH,157,DEMOCRATIC,DEM
GP 2004,17TH DEMOCRATIC DELEGATE,5,8381,PAT,O'BRIEN,GEPHARDT,MACON,551,DEMOCRATIC,DEM
GP 2004,17TH DEMOCRATIC DELEGATE,5,8381,PAT,O'BRIEN,GEPHARDT,KNOX,454,DEMOCRATIC,DEM
GP 2004,17TH DEMOCRATIC DELEGATE,5,8381,PAT,O'BRIEN,GEPHARDT,ADAMS,495,DEMOCRATIC,DEM
GP 2004,17TH DEMOCRATIC DELEGATE,5,8381,PAT,O'BRIEN,GEPHARDT,CHRISTIAN,113,DEMOCRATIC,DEM
GP 2004,17TH DEMOCRATIC DELEGATE,5,8383,MIKE,SHAMPINE,GEPHARDT,JERSEY,16,DEMOCRATIC,DEM
GP 2004,17TH DEMOCRATIC DELEGATE,5,8383,MIKE,SHAMPINE,GEPHARDT,GREENE,107,DEMOCRATIC,DEM
GP 2004,17TH DEMOCRATIC DELEGATE,5,8383,MIKE,SHAMPINE,GEPHARDT,MERCER,37,DEMOCRATIC,DEM
GP 2004,17TH DEMOCRATIC DELEGATE,5,8383,MIKE,SHAMPINE,GEPHARDT,FULTON,231,DEMOCRATIC,DEM
GP 2004,17TH DEMOCRATIC DELEGATE,5,8383,MIKE,SHAMPINE,GEPHARDT,HANCOCK,25,DEMOCRATIC,DEM
GP 2004,17TH DEMOCRATIC DELEGATE,5,8383,MIKE,SHAMPINE,GEPHARDT,MACOUPIN,479,DEMOCRATIC,DEM
GP 2004,17TH DEMOCRATIC DELEGATE,5,8383,MIKE,SHAMPINE,GEPHARDT,SHELBY,7,DEMOCRATIC,DEM
GP 2004,17TH DEMOCRATIC DELEGATE,5,8383,MIKE,SHAMPINE,GEPHARDT,WARREN,98,DEMOCRATIC,DEM
GP 2004,17TH DEMOCRATIC DELEGATE,5,8383,MIKE,SHAMPINE,GEPHARDT,PIKE,59,DEMOCRATIC,DEM
GP 2004,17TH DEMOCRATIC DELEGATE,5,8383,MIKE,SHAMPINE,GEPHARDT,HENDERSON,8,DEMOCRATIC,DEM
GP 2004,17TH DEMOCRATIC DELEGATE,5,8383,MIKE,SHAMPINE,GEPHARDT,ROCK ISLAND,713,DEMOCRATIC,DEM
GP 2004,17TH DEMOCRATIC DELEGATE,5,8383,MIKE,SHAMPINE,GEPHARDT,WHITESIDE,147,DEMOCRATIC,DEM
GP 2004,17TH DEMOCRATIC DELEGATE,5,8383,MIKE,SHAMPINE,GEPHARDT,FAYETTE,36,DEMOCRATIC,DEM
GP 2004,17TH DEMOCRATIC DELEGATE,5,8383,MIKE,SHAMPINE,GEPHARDT,CALHOUN,24,DEMOCRATIC,DEM
GP 2004,17TH DEMOCRATIC DELEGATE,5,8383,MIKE,SHAMPINE,GEPHARDT,MONTGOMERY,42,DEMOCRATIC,DEM
GP 2004,17TH DEMOCRATIC DELEGATE,5,8383,MIKE,SHAMPINE,GEPHARDT,MADISON,32,DEMOCRATIC,DEM
GP 2004,17TH DEMOCRATIC DELEGATE,5,8383,MIKE,SHAMPINE,GEPHARDT,SANGAMON,192,DEMOCRATIC,DEM
GP 2004,17TH DEMOCRATIC DELEGATE,5,8383,MIKE,SHAMPINE,GEPHARDT,HENRY,74,DEMOCRATIC,DEM
GP 2004,17TH DEMOCRATIC DELEGATE,5,8383,MIKE,SHAMPINE,GEPHARDT,McDONOUGH,38,DEMOCRATIC,DEM
GP 2004,17TH DEMOCRATIC DELEGATE,5,8383,MIKE,SHAMPINE,GEPHARDT,MACON,425,DEMOCRATIC,DEM
GP 2004,17TH DEMOCRATIC DELEGATE,5,8383,MIKE,SHAMPINE,GEPHARDT,KNOX,186,DEMOCRATIC,DEM
GP 2004,17TH DEMOCRATIC DELEGATE,5,8383,MIKE,SHAMPINE,GEPHARDT,ADAMS,171,DEMOCRATIC,DEM
GP 2004,17TH DEMOCRATIC DELEGATE,5,8383,MIKE,SHAMPINE,GEPHARDT,CHRISTIAN,68,DEMOCRATIC,DEM
GP 2004,17TH DEMOCRATIC DELEGATE,5,8385,CHARLES E.,"CASH, JR.",GEPHARDT,JERSEY,16,DEMOCRATIC,DEM
GP 2004,17TH DEMOCRATIC DELEGATE,5,8385,CHARLES E.,"CASH, JR.",GEPHARDT,GREENE,106,DEMOCRATIC,DEM
GP 2004,17TH DEMOCRATIC DELEGATE,5,8385,CHARLES E.,"CASH, JR.",GEPHARDT,MERCER,46,DEMOCRATIC,DEM
GP 2004,17TH DEMOCRATIC DELEGATE,5,8385,CHARLES E.,"CASH, JR.",GEPHARDT,FULTON,292,DEMOCRATIC,DEM
GP 2004,17TH DEMOCRATIC DELEGATE,5,8385,CHARLES E.,"CASH, JR.",GEPHARDT,HANCOCK,25,DEMOCRATIC,DEM
GP 2004,17TH DEMOCRATIC DELEGATE,5,8385,CHARLES E.,"CASH, JR.",GEPHARDT,MACOUPIN,567,DEMOCRATIC,DEM
GP 2004,17TH DEMOCRATIC DELEGATE,5,8385,CHARLES E.,"CASH, JR.",GEPHARDT,SHELBY,13,DEMOCRATIC,DEM
GP 2004,17TH DEMOCRATIC DELEGATE,5,8385,CHARLES E.,"CASH, JR.",GEPHARDT,WARREN,106,DEMOCRATIC,DEM
GP 2004,17TH DEMOCRATIC DELEGATE,5,8385,CHARLES E.,"CASH, JR.",GEPHARDT,PIKE,69,DEMOCRATIC,DEM
GP 2004,17TH DEMOCRATIC DELEGATE,5,8385,CHARLES E.,"CASH, JR.",GEPHARDT,HENDERSON,5,DEMOCRATIC,DEM
GP 2004,17TH DEMOCRATIC DELEGATE,5,8385,CHARLES E.,"CASH, JR.",GEPHARDT,ROCK ISLAND,733,DEMOCRATIC,DEM
GP 2004,17TH DEMOCRATIC DELEGATE,5,8385,CHARLES E.,"CASH, JR.",GEPHARDT,WHITESIDE,143,DEMOCRATIC,DEM
GP 2004,17TH DEMOCRATIC DELEGATE,5,8385,CHARLES E.,"CASH, JR.",GEPHARDT,FAYETTE,31,DEMOCRATIC,DEM
GP 2004,17TH DEMOCRATIC DELEGATE,5,8385,CHARLES E.,"CASH, JR.",GEPHARDT,CALHOUN,28,DEMOCRATIC,DEM
GP 2004,17TH DEMOCRATIC DELEGATE,5,8385,CHARLES E.,"CASH, JR.",GEPHARDT,MONTGOMERY,41,DEMOCRATIC,DEM
GP 2004,17TH DEMOCRATIC DELEGATE,5,8385,CHARLES E.,"CASH, JR.",GEPHARDT,MADISON,35,DEMOCRATIC,DEM
GP 2004,17TH DEMOCRATIC DELEGATE,5,8385,CHARLES E.,"CASH, JR.",GEPHARDT,SANGAMON,255,DEMOCRATIC,DEM
GP 2004,17TH DEMOCRATIC DELEGATE,5,8385,CHARLES E.,"CASH, JR.",GEPHARDT,HENRY,108,DEMOCRATIC,DEM
GP 2004,17TH DEMOCRATIC DELEGATE,5,8385,CHARLES E.,"CASH, JR.",GEPHARDT,McDONOUGH,63,DEMOCRATIC,DEM
GP 2004,17TH DEMOCRATIC DELEGATE,5,8385,CHARLES E.,"CASH, JR.",GEPHARDT,MACON,245,DEMOCRATIC,DEM
GP 2004,17TH DEMOCRATIC DELEGATE,5,8385,CHARLES E.,"CASH, JR.",GEPHARDT,KNOX,276,DEMOCRATIC,DEM
GP 2004,17TH DEMOCRATIC DELEGATE,5,8385,CHARLES E.,"CASH, JR.",GEPHARDT,ADAMS,221,DEMOCRATIC,DEM
GP 2004,17TH DEMOCRATIC DELEGATE,5,8385,CHARLES E.,"CASH, JR.",GEPHARDT,CHRISTIAN,64,DEMOCRATIC,DEM
GP 2004,8TH DEMOCRATIC DELEGATE,4,8390,MARY TAPIA,BARTHEL,GEPHARDT,LAKE,658,DEMOCRATIC,DEM
GP 2004,8TH DEMOCRATIC DELEGATE,4,8390,MARY TAPIA,BARTHEL,GEPHARDT,McHENRY,199,DEMOCRATIC,DEM
GP 2004,8TH DEMOCRATIC DELEGATE,4,8390,MARY TAPIA,BARTHEL,GEPHARDT,COOK,497,DEMOCRATIC,DEM
GP 2004,7TH DEMOCRATIC DELEGATE,8,8392,SUSAN S.,PRITZKER,GEPHARDT,COOK,2919,DEMOCRATIC,DEM
GP 2004,7TH DEMOCRATIC DELEGATE,8,8393,REANETTA,HUNT,GEPHARDT,COOK,2061,DEMOCRATIC,DEM
GP 2004,7TH DEMOCRATIC DELEGATE,8,8396,PETER A.,FOSCO,GEPHARDT,COOK,1185,DEMOCRATIC,DEM
GP 2004,7TH DEMOCRATIC DELEGATE,8,8398,JAVIER,RAMIREZ,GEPHARDT,COOK,1862,DEMOCRATIC,DEM
GP 2004,16TH DEMOCRATIC DELEGATE,4,8403,THOMAS W.,Dal SANTO,GEPHARDT,WHITESIDE,95,DEMOCRATIC,DEM
GP 2004,16TH DEMOCRATIC DELEGATE,4,8403,THOMAS W.,Dal SANTO,GEPHARDT,OGLE,61,DEMOCRATIC,DEM
GP 2004,16TH DEMOCRATIC DELEGATE,4,8403,THOMAS W.,Dal SANTO,GEPHARDT,STEPHENSON,26,DEMOCRATIC,DEM
GP 2004,16TH DEMOCRATIC DELEGATE,4,8403,THOMAS W.,Dal SANTO,GEPHARDT,JoDAVIESS,149,DEMOCRATIC,DEM
GP 2004,16TH DEMOCRATIC DELEGATE,4,8403,THOMAS W.,Dal SANTO,GEPHARDT,CARROLL,14,DEMOCRATIC,DEM
GP 2004,16TH DEMOCRATIC DELEGATE,4,8403,THOMAS W.,Dal SANTO,GEPHARDT,BOONE,115,DEMOCRATIC,DEM
GP 2004,16TH DEMOCRATIC DELEGATE,4,8403,THOMAS W.,Dal SANTO,GEPHARDT,WINNEBAGO,845,DEMOCRATIC,DEM
GP 2004,16TH DEMOCRATIC DELEGATE,4,8403,THOMAS W.,Dal SANTO,GEPHARDT,McHENRY,259,DEMOCRATIC,DEM
GP 2004,16TH DEMOCRATIC DELEGATE,4,8403,THOMAS W.,Dal SANTO,GEPHARDT,DeKALB,26,DEMOCRATIC,DEM
GP 2004,16TH DEMOCRATIC ALTERNATE DELEGATE,1,8406,JAMES A.,ANDERSON,GEPHARDT,WHITESIDE,40,DEMOCRATIC,DEM
GP 2004,16TH DEMOCRATIC ALTERNATE DELEGATE,1,8406,JAMES A.,ANDERSON,GEPHARDT,OGLE,67,DEMOCRATIC,DEM
GP 2004,16TH DEMOCRATIC ALTERNATE DELEGATE,1,8406,JAMES A.,ANDERSON,GEPHARDT,STEPHENSON,76,DEMOCRATIC,DEM
GP 2004,16TH DEMOCRATIC ALTERNATE DELEGATE,1,8406,JAMES A.,ANDERSON,GEPHARDT,JoDAVIESS,43,DEMOCRATIC,DEM
GP 2004,16TH DEMOCRATIC ALTERNATE DELEGATE,1,8406,JAMES A.,ANDERSON,GEPHARDT,CARROLL,27,DEMOCRATIC,DEM
GP 2004,16TH DEMOCRATIC ALTERNATE DELEGATE,1,8406,JAMES A.,ANDERSON,GEPHARDT,BOONE,67,DEMOCRATIC,DEM
GP 2004,16TH DEMOCRATIC ALTERNATE DELEGATE,1,8406,JAMES A.,ANDERSON,GEPHARDT,WINNEBAGO,377,DEMOCRATIC,DEM
GP 2004,16TH DEMOCRATIC ALTERNATE DELEGATE,1,8406,JAMES A.,ANDERSON,GEPHARDT,McHENRY,234,DEMOCRATIC,DEM
GP 2004,16TH DEMOCRATIC ALTERNATE DELEGATE,1,8406,JAMES A.,ANDERSON,GEPHARDT,DeKALB,25,DEMOCRATIC,DEM
GP 2004,PRESIDENT,1,8407,CAROL MOSELEY,BRAUN,,BROWN,5,DEMOCRATIC,DEM
GP 2004,PRESIDENT,1,8407,CAROL MOSELEY,BRAUN,,CLAY,44,DEMOCRATIC,DEM
GP 2004,PRESIDENT,1,8407,CAROL MOSELEY,BRAUN,,HARDIN,16,DEMOCRATIC,DEM
GP 2004,PRESIDENT,1,8407,CAROL MOSELEY,BRAUN,,JERSEY,9,DEMOCRATIC,DEM
GP 2004,PRESIDENT,1,8407,CAROL MOSELEY,BRAUN,,LOGAN,24,DEMOCRATIC,DEM
GP 2004,PRESIDENT,1,8407,CAROL MOSELEY,BRAUN,,RICHLAND,27,DEMOCRATIC,DEM
GP 2004,PRESIDENT,1,8407,CAROL MOSELEY,BRAUN,,SCHUYLER,6,DEMOCRATIC,DEM
GP 2004,PRESIDENT,1,8407,CAROL MOSELEY,BRAUN,,WASHINGTON,32,DEMOCRATIC,DEM
GP 2004,PRESIDENT,1,8407,CAROL MOSELEY,BRAUN,,BOND,14,DEMOCRATIC,DEM
GP 2004,PRESIDENT,1,8407,CAROL MOSELEY,BRAUN,,CLINTON,12,DEMOCRATIC,DEM
GP 2004,PRESIDENT,1,8407,CAROL MOSELEY,BRAUN,,JASPER,16,DEMOCRATIC,DEM
GP 2004,PRESIDENT,1,8407,CAROL MOSELEY,BRAUN,,MARSHALL,12,DEMOCRATIC,DEM
GP 2004,PRESIDENT,1,8407,CAROL MOSELEY,BRAUN,,EDGAR,20,DEMOCRATIC,DEM
GP 2004,PRESIDENT,1,8407,CAROL MOSELEY,BRAUN,,FORD,3,DEMOCRATIC,DEM
GP 2004,PRESIDENT,1,8407,CAROL MOSELEY,BRAUN,,GREENE,41,DEMOCRATIC,DEM
GP 2004,PRESIDENT,1,8407,CAROL MOSELEY,BRAUN,,IROQUOIS,17,DEMOCRATIC,DEM
GP 2004,PRESIDENT,1,8407,CAROL MOSELEY,BRAUN,,JOHNSON,12,DEMOCRATIC,DEM
GP 2004,PRESIDENT,1,8407,CAROL MOSELEY,BRAUN,,LIVINGSTON,47,DEMOCRATIC,DEM
GP 2004,PRESIDENT,1,8407,CAROL MOSELEY,BRAUN,,MENARD,11,DEMOCRATIC,DEM
GP 2004,PRESIDENT,1,8407,CAROL MOSELEY,BRAUN,,MERCER,20,DEMOCRATIC,DEM
GP 2004,PRESIDENT,1,8407,CAROL MOSELEY,BRAUN,,PERRY,43,DEMOCRATIC,DEM
GP 2004,PRESIDENT,1,8407,CAROL MOSELEY,BRAUN,,PIATT,13,DEMOCRATIC,DEM
GP 2004,PRESIDENT,1,8407,CAROL MOSELEY,BRAUN,,STARK,4,DEMOCRATIC,DEM
GP 2004,PRESIDENT,1,8407,CAROL MOSELEY,BRAUN,,WILLIAMSON,80,DEMOCRATIC,DEM
GP 2004,PRESIDENT,1,8407,CAROL MOSELEY,BRAUN,,WOODFORD,30,DEMOCRATIC,DEM
GP 2004,PRESIDENT,1,8407,CAROL MOSELEY,BRAUN,,FULTON,127,DEMOCRATIC,DEM
GP 2004,PRESIDENT,1,8407,CAROL MOSELEY,BRAUN,,HAMILTON,33,DEMOCRATIC,DEM
GP 2004,PRESIDENT,1,8407,CAROL MOSELEY,BRAUN,,HANCOCK,9,DEMOCRATIC,DEM
GP 2004,PRESIDENT,1,8407,CAROL MOSELEY,BRAUN,,MACOUPIN,109,DEMOCRATIC,DEM
GP 2004,PRESIDENT,1,8407,CAROL MOSELEY,BRAUN,,MASON,67,DEMOCRATIC,DEM
GP 2004,PRESIDENT,1,8407,CAROL MOSELEY,BRAUN,,MONROE,6,DEMOCRATIC,DEM
GP 2004,PRESIDENT,1,8407,CAROL MOSELEY,BRAUN,,SHELBY,56,DEMOCRATIC,DEM
GP 2004,PRESIDENT,1,8407,CAROL MOSELEY,BRAUN,,BUREAU,37,DEMOCRATIC,DEM
GP 2004,PRESIDENT,1,8407,CAROL MOSELEY,BRAUN,,WARREN,9,DEMOCRATIC,DEM
GP 2004,PRESIDENT,1,8407,CAROL MOSELEY,BRAUN,,DOUGLAS,18,DEMOCRATIC,DEM
GP 2004,PRESIDENT,1,8407,CAROL MOSELEY,BRAUN,,COLES,34,DEMOCRATIC,DEM
GP 2004,PRESIDENT,1,8407,CAROL MOSELEY,BRAUN,,EDWARDS,5,DEMOCRATIC,DEM
GP 2004,PRESIDENT,1,8407,CAROL MOSELEY,BRAUN,,PIKE,11,DEMOCRATIC,DEM
GP 2004,PRESIDENT,1,8407,CAROL MOSELEY,BRAUN,,HENDERSON,3,DEMOCRATIC,DEM
GP 2004,PRESIDENT,1,8407,CAROL MOSELEY,BRAUN,,JACKSON,137,DEMOCRATIC,DEM
GP 2004,PRESIDENT,1,8407,CAROL MOSELEY,BRAUN,,ROCK ISLAND,181,DEMOCRATIC,DEM
GP 2004,PRESIDENT,1,8407,CAROL MOSELEY,BRAUN,,LEE,36,DEMOCRATIC,DEM
GP 2004,PRESIDENT,1,8407,CAROL MOSELEY,BRAUN,,CASS,24,DEMOCRATIC,DEM
GP 2004,PRESIDENT,1,8407,CAROL MOSELEY,BRAUN,,WHITE,27,DEMOCRATIC,DEM
GP 2004,PRESIDENT,1,8407,CAROL MOSELEY,BRAUN,,CRAWFORD,14,DEMOCRATIC,DEM
GP 2004,PRESIDENT,1,8407,CAROL MOSELEY,BRAUN,,WHITESIDE,33,DEMOCRATIC,DEM
GP 2004,PRESIDENT,1,8407,CAROL MOSELEY,BRAUN,,MORGAN,25,DEMOCRATIC,DEM
GP 2004,PRESIDENT,1,8407,CAROL MOSELEY,BRAUN,,OGLE,33,DEMOCRATIC,DEM
GP 2004,PRESIDENT,1,8407,CAROL MOSELEY,BRAUN,,FRANKLIN,141,DEMOCRATIC,DEM
GP 2004,PRESIDENT,1,8407,CAROL MOSELEY,BRAUN,,FAYETTE,30,DEMOCRATIC,DEM
GP 2004,PRESIDENT,1,8407,CAROL MOSELEY,BRAUN,,RANDOLPH,75,DEMOCRATIC,DEM
GP 2004,PRESIDENT,1,8407,CAROL MOSELEY,BRAUN,,MARION,83,DEMOCRATIC,DEM
GP 2004,PRESIDENT,1,8407,CAROL MOSELEY,BRAUN,,SALINE,106,DEMOCRATIC,DEM
GP 2004,PRESIDENT,1,8407,CAROL MOSELEY,BRAUN,,MASSAC,21,DEMOCRATIC,DEM
GP 2004,PRESIDENT,1,8407,CAROL MOSELEY,BRAUN,,WILL,1069,DEMOCRATIC,DEM
GP 2004,PRESIDENT,1,8407,CAROL MOSELEY,BRAUN,,CLARK,12,DEMOCRATIC,DEM
GP 2004,PRESIDENT,1,8407,CAROL MOSELEY,BRAUN,,CALHOUN,4,DEMOCRATIC,DEM
GP 2004,PRESIDENT,1,8407,CAROL MOSELEY,BRAUN,,STEPHENSON,67,DEMOCRATIC,DEM
GP 2004,PRESIDENT,1,8407,CAROL MOSELEY,BRAUN,,GALLATIN,53,DEMOCRATIC,DEM
GP 2004,PRESIDENT,1,8407,CAROL MOSELEY,BRAUN,,MONTGOMERY,40,DEMOCRATIC,DEM
GP 2004,PRESIDENT,1,8407,CAROL MOSELEY,BRAUN,,JEFFERSON,57,DEMOCRATIC,DEM
GP 2004,PRESIDENT,1,8407,CAROL MOSELEY,BRAUN,,PUTNAM,36,DEMOCRATIC,DEM
GP 2004,PRESIDENT,1,8407,CAROL MOSELEY,BRAUN,,WABASH,34,DEMOCRATIC,DEM
GP 2004,PRESIDENT,1,8407,CAROL MOSELEY,BRAUN,,MADISON,316,DEMOCRATIC,DEM
GP 2004,PRESIDENT,1,8407,CAROL MOSELEY,BRAUN,,GRUNDY,38,DEMOCRATIC,DEM
GP 2004,PRESIDENT,1,8407,CAROL MOSELEY,BRAUN,,JoDAVIESS,13,DEMOCRATIC,DEM
GP 2004,PRESIDENT,1,8407,CAROL MOSELEY,BRAUN,,TAZEWELL,106,DEMOCRATIC,DEM
GP 2004,PRESIDENT,1,8407,CAROL MOSELEY,BRAUN,,SANGAMON,332,DEMOCRATIC,DEM
GP 2004,PRESIDENT,1,8407,CAROL MOSELEY,BRAUN,,EFFINGHAM,85,DEMOCRATIC,DEM
GP 2004,PRESIDENT,1,8407,CAROL MOSELEY,BRAUN,,LAKE,987,DEMOCRATIC,DEM
GP 2004,PRESIDENT,1,8407,CAROL MOSELEY,BRAUN,,LaSALLE,133,DEMOCRATIC,DEM
GP 2004,PRESIDENT,1,8407,CAROL MOSELEY,BRAUN,,HENRY,18,DEMOCRATIC,DEM
GP 2004,PRESIDENT,1,8407,CAROL MOSELEY,BRAUN,,McDONOUGH,27,DEMOCRATIC,DEM
GP 2004,PRESIDENT,1,8407,CAROL MOSELEY,BRAUN,,CHAMPAIGN,285,DEMOCRATIC,DEM
GP 2004,PRESIDENT,1,8407,CAROL MOSELEY,BRAUN,,SCOTT,4,DEMOCRATIC,DEM
GP 2004,PRESIDENT,1,8407,CAROL MOSELEY,BRAUN,,CARROLL,1,DEMOCRATIC,DEM
GP 2004,PRESIDENT,1,8407,CAROL MOSELEY,BRAUN,,MACON,200,DEMOCRATIC,DEM
GP 2004,PRESIDENT,1,8407,CAROL MOSELEY,BRAUN,,POPE,12,DEMOCRATIC,DEM
GP 2004,PRESIDENT,1,8407,CAROL MOSELEY,BRAUN,,KNOX,54,DEMOCRATIC,DEM
GP 2004,PRESIDENT,1,8407,CAROL MOSELEY,BRAUN,,MOULTRIE,23,DEMOCRATIC,DEM
GP 2004,PRESIDENT,1,8407,CAROL MOSELEY,BRAUN,,PEORIA,379,DEMOCRATIC,DEM
GP 2004,PRESIDENT,1,8407,CAROL MOSELEY,BRAUN,,ADAMS,60,DEMOCRATIC,DEM
GP 2004,PRESIDENT,1,8407,CAROL MOSELEY,BRAUN,,CUMBERLAND,27,DEMOCRATIC,DEM
GP 2004,PRESIDENT,1,8407,CAROL MOSELEY,BRAUN,,WAYNE,24,DEMOCRATIC,DEM
GP 2004,PRESIDENT,1,8407,CAROL MOSELEY,BRAUN,,KENDALL,56,DEMOCRATIC,DEM
GP 2004,PRESIDENT,1,8407,CAROL MOSELEY,BRAUN,,KANKAKEE,308,DEMOCRATIC,DEM
GP 2004,PRESIDENT,1,8407,CAROL MOSELEY,BRAUN,,BOONE,50,DEMOCRATIC,DEM
GP 2004,PRESIDENT,1,8407,CAROL MOSELEY,BRAUN,,WINNEBAGO,587,DEMOCRATIC,DEM
GP 2004,PRESIDENT,1,8407,CAROL MOSELEY,BRAUN,,CHRISTIAN,118,DEMOCRATIC,DEM
GP 2004,PRESIDENT,1,8407,CAROL MOSELEY,BRAUN,,LAWRENCE,19,DEMOCRATIC,DEM
GP 2004,PRESIDENT,1,8407,CAROL MOSELEY,BRAUN,,McHENRY,219,DEMOCRATIC,DEM
GP 2004,PRESIDENT,1,8407,CAROL MOSELEY,BRAUN,,DeWITT,34,DEMOCRATIC,DEM
GP 2004,PRESIDENT,1,8407,CAROL MOSELEY,BRAUN,,KANE,470,DEMOCRATIC,DEM
GP 2004,PRESIDENT,1,8407,CAROL MOSELEY,BRAUN,,DeKALB,74,DEMOCRATIC,DEM
GP 2004,PRESIDENT,1,8407,CAROL MOSELEY,BRAUN,,COOK,42469,DEMOCRATIC,DEM
GP 2004,PRESIDENT,1,8407,CAROL MOSELEY,BRAUN,,McLEAN,169,DEMOCRATIC,DEM
GP 2004,PRESIDENT,1,8407,CAROL MOSELEY,BRAUN,,UNION,81,DEMOCRATIC,DEM
GP 2004,PRESIDENT,1,8407,CAROL MOSELEY,BRAUN,,ST. CLAIR,908,DEMOCRATIC,DEM
GP 2004,PRESIDENT,1,8407,CAROL MOSELEY,BRAUN,,VERMILION,123,DEMOCRATIC,DEM
GP 2004,PRESIDENT,1,8407,CAROL MOSELEY,BRAUN,,ALEXANDER,65,DEMOCRATIC,DEM
GP 2004,PRESIDENT,1,8407,CAROL MOSELEY,BRAUN,,PULASKI,29,DEMOCRATIC,DEM
GP 2004,PRESIDENT,1,8407,CAROL MOSELEY,BRAUN,,DuPAGE,926,DEMOCRATIC,DEM
GP 2004,3RD DEMOCRATIC DELEGATE,6,8408,ALFREDO A.,PEDROZA,BRAUN,COOK,2882,DEMOCRATIC,DEM
GP 2004,3RD DEMOCRATIC DELEGATE,6,8409,JOHN,FITZGERALD,BRAUN,COOK,4380,DEMOCRATIC,DEM
GP 2004,3RD DEMOCRATIC DELEGATE,6,8410,ROBERT K.,GORMAN,BRAUN,COOK,1467,DEMOCRATIC,DEM
GP 2004,3RD DEMOCRATIC DELEGATE,6,8411,ELIZABETH,PEDROZA,BRAUN,COOK,2593,DEMOCRATIC,DEM
GP 2004,6TH DEMOCRATIC DELEGATE,4,8412,"ROSANNA ""ROSIE""",FITZPATRICK,BRAUN,COOK,512,DEMOCRATIC,DEM
GP 2004,6TH DEMOCRATIC DELEGATE,4,8412,"ROSANNA ""ROSIE""",FITZPATRICK,BRAUN,DuPAGE,2288,DEMOCRATIC,DEM
GP 2004,6TH DEMOCRATIC DELEGATE,4,8413,WILLIAM,KEES,BRAUN,COOK,172,DEMOCRATIC,DEM
GP 2004,6TH DEMOCRATIC DELEGATE,4,8413,WILLIAM,KEES,BRAUN,DuPAGE,760,DEMOCRATIC,DEM
GP 2004,6TH DEMOCRATIC DELEGATE,4,8414,MARCIA SASMAN,De La  ROSA,BRAUN,COOK,285,DEMOCRATIC,DEM
GP 2004,6TH DEMOCRATIC DELEGATE,4,8414,MARCIA SASMAN,De La  ROSA,BRAUN,DuPAGE,1361,DEMOCRATIC,DEM
GP 2004,16TH DEMOCRATIC DELEGATE,4,8415,WILLIAM,ROSE,BRAUN,WHITESIDE,56,DEMOCRATIC,DEM
GP 2004,16TH DEMOCRATIC DELEGATE,4,8415,WILLIAM,ROSE,BRAUN,OGLE,39,DEMOCRATIC,DEM
GP 2004,16TH DEMOCRATIC DELEGATE,4,8415,WILLIAM,ROSE,BRAUN,STEPHENSON,20,DEMOCRATIC,DEM
GP 2004,16TH DEMOCRATIC DELEGATE,4,8415,WILLIAM,ROSE,BRAUN,JoDAVIESS,14,DEMOCRATIC,DEM
GP 2004,16TH DEMOCRATIC DELEGATE,4,8415,WILLIAM,ROSE,BRAUN,CARROLL,9,DEMOCRATIC,DEM
GP 2004,16TH DEMOCRATIC DELEGATE,4,8415,WILLIAM,ROSE,BRAUN,BOONE,59,DEMOCRATIC,DEM
GP 2004,16TH DEMOCRATIC DELEGATE,4,8415,WILLIAM,ROSE,BRAUN,WINNEBAGO,343,DEMOCRATIC,DEM
GP 2004,16TH DEMOCRATIC DELEGATE,4,8415,WILLIAM,ROSE,BRAUN,McHENRY,195,DEMOCRATIC,DEM
GP 2004,16TH DEMOCRATIC DELEGATE,4,8415,WILLIAM,ROSE,BRAUN,DeKALB,10,DEMOCRATIC,DEM
GP 2004,16TH DEMOCRATIC DELEGATE,4,8416,NANCY,GDOWSKI,BRAUN,WHITESIDE,7,DEMOCRATIC,DEM
GP 2004,16TH DEMOCRATIC DELEGATE,4,8416,NANCY,GDOWSKI,BRAUN,OGLE,57,DEMOCRATIC,DEM
GP 2004,16TH DEMOCRATIC DELEGATE,4,8416,NANCY,GDOWSKI,BRAUN,STEPHENSON,36,DEMOCRATIC,DEM
GP 2004,16TH DEMOCRATIC DELEGATE,4,8416,NANCY,GDOWSKI,BRAUN,JoDAVIESS,4,DEMOCRATIC,DEM
GP 2004,16TH DEMOCRATIC DELEGATE,4,8416,NANCY,GDOWSKI,BRAUN,BOONE,89,DEMOCRATIC,DEM
GP 2004,16TH DEMOCRATIC DELEGATE,4,8416,NANCY,GDOWSKI,BRAUN,WINNEBAGO,642,DEMOCRATIC,DEM
GP 2004,16TH DEMOCRATIC DELEGATE,4,8416,NANCY,GDOWSKI,BRAUN,McHENRY,326,DEMOCRATIC,DEM
GP 2004,16TH DEMOCRATIC DELEGATE,4,8416,NANCY,GDOWSKI,BRAUN,CARROLL,9,DEMOCRATIC,DEM
GP 2004,16TH DEMOCRATIC DELEGATE,4,8416,NANCY,GDOWSKI,BRAUN,DeKALB,23,DEMOCRATIC,DEM
GP 2004,16TH DEMOCRATIC DELEGATE,4,8417,CHARLES E.,JEFFERSON,BRAUN,WHITESIDE,3,DEMOCRATIC,DEM
GP 2004,16TH DEMOCRATIC DELEGATE,4,8417,CHARLES E.,JEFFERSON,BRAUN,OGLE,68,DEMOCRATIC,DEM
GP 2004,16TH DEMOCRATIC DELEGATE,4,8417,CHARLES E.,JEFFERSON,BRAUN,STEPHENSON,43,DEMOCRATIC,DEM
GP 2004,16TH DEMOCRATIC DELEGATE,4,8417,CHARLES E.,JEFFERSON,BRAUN,JoDAVIESS,7,DEMOCRATIC,DEM
GP 2004,16TH DEMOCRATIC DELEGATE,4,8417,CHARLES E.,JEFFERSON,BRAUN,CARROLL,9,DEMOCRATIC,DEM
GP 2004,16TH DEMOCRATIC DELEGATE,4,8417,CHARLES E.,JEFFERSON,BRAUN,BOONE,98,DEMOCRATIC,DEM
GP 2004,16TH DEMOCRATIC DELEGATE,4,8417,CHARLES E.,JEFFERSON,BRAUN,WINNEBAGO,3089,DEMOCRATIC,DEM
GP 2004,16TH DEMOCRATIC DELEGATE,4,8417,CHARLES E.,JEFFERSON,BRAUN,McHENRY,159,DEMOCRATIC,DEM
GP 2004,16TH DEMOCRATIC DELEGATE,4,8417,CHARLES E.,JEFFERSON,BRAUN,DeKALB,10,DEMOCRATIC,DEM
GP 2004,16TH DEMOCRATIC DELEGATE,4,8418,SIDELLA V.,HUGHES,BRAUN,WHITESIDE,2,DEMOCRATIC,DEM
GP 2004,16TH DEMOCRATIC DELEGATE,4,8418,SIDELLA V.,HUGHES,BRAUN,OGLE,25,DEMOCRATIC,DEM
GP 2004,16TH DEMOCRATIC DELEGATE,4,8418,SIDELLA V.,HUGHES,BRAUN,STEPHENSON,51,DEMOCRATIC,DEM
GP 2004,16TH DEMOCRATIC DELEGATE,4,8418,SIDELLA V.,HUGHES,BRAUN,JoDAVIESS,6,DEMOCRATIC,DEM
GP 2004,16TH DEMOCRATIC DELEGATE,4,8418,SIDELLA V.,HUGHES,BRAUN,CARROLL,6,DEMOCRATIC,DEM
GP 2004,16TH DEMOCRATIC DELEGATE,4,8418,SIDELLA V.,HUGHES,BRAUN,BOONE,50,DEMOCRATIC,DEM
GP 2004,16TH DEMOCRATIC DELEGATE,4,8418,SIDELLA V.,HUGHES,BRAUN,WINNEBAGO,437,DEMOCRATIC,DEM
GP 2004,16TH DEMOCRATIC DELEGATE,4,8418,SIDELLA V.,HUGHES,BRAUN,McHENRY,168,DEMOCRATIC,DEM
GP 2004,16TH DEMOCRATIC DELEGATE,4,8418,SIDELLA V.,HUGHES,BRAUN,DeKALB,8,DEMOCRATIC,DEM
GP 2004,1ST DEMOCRATIC DELEGATE,8,8419,TODD,STROGER,BRAUN,COOK,17302,DEMOCRATIC,DEM
GP 2004,1ST DEMOCRATIC DELEGATE,8,8420,"LOVANA ""LOU",JONES,BRAUN,COOK,9078,DEMOCRATIC,DEM
GP 2004,1ST DEMOCRATIC DELEGATE,8,8421,MARLOW H.,COLVIN,BRAUN,COOK,5512,DEMOCRATIC,DEM
GP 2004,1ST DEMOCRATIC DELEGATE,8,8422,FREDDRENNA M.,LYLE,BRAUN,COOK,8887,DEMOCRATIC,DEM
GP 2004,1ST DEMOCRATIC DELEGATE,8,8423,LUCIOUS,HALL,BRAUN,COOK,6629,DEMOCRATIC,DEM
GP 2004,1ST DEMOCRATIC DELEGATE,8,8425,WILLIAM K.,CROSBY,BRAUN,COOK,5895,DEMOCRATIC,DEM
GP 2004,1ST DEMOCRATIC DELEGATE,8,8426,MARY,FLOWERS,BRAUN,COOK,11975,DEMOCRATIC,DEM
GP 2004,16TH DEMOCRATIC ALTERNATE DELEGATE,1,8427,JOSEPH E.,GDOWSKI,BRAUN,WHITESIDE,15,DEMOCRATIC,DEM
GP 2004,16TH DEMOCRATIC ALTERNATE DELEGATE,1,8427,JOSEPH E.,GDOWSKI,BRAUN,OGLE,40,DEMOCRATIC,DEM
GP 2004,16TH DEMOCRATIC ALTERNATE DELEGATE,1,8427,JOSEPH E.,GDOWSKI,BRAUN,STEPHENSON,50,DEMOCRATIC,DEM
GP 2004,16TH DEMOCRATIC ALTERNATE DELEGATE,1,8427,JOSEPH E.,GDOWSKI,BRAUN,JoDAVIESS,12,DEMOCRATIC,DEM
GP 2004,16TH DEMOCRATIC ALTERNATE DELEGATE,1,8427,JOSEPH E.,GDOWSKI,BRAUN,CARROLL,5,DEMOCRATIC,DEM
GP 2004,16TH DEMOCRATIC ALTERNATE DELEGATE,1,8427,JOSEPH E.,GDOWSKI,BRAUN,BOONE,65,DEMOCRATIC,DEM
GP 2004,16TH DEMOCRATIC ALTERNATE DELEGATE,1,8427,JOSEPH E.,GDOWSKI,BRAUN,WINNEBAGO,393,DEMOCRATIC,DEM
GP 2004,16TH DEMOCRATIC ALTERNATE DELEGATE,1,8427,JOSEPH E.,GDOWSKI,BRAUN,McHENRY,213,DEMOCRATIC,DEM
GP 2004,16TH DEMOCRATIC ALTERNATE DELEGATE,1,8427,JOSEPH E.,GDOWSKI,BRAUN,DeKALB,15,DEMOCRATIC,DEM
GP 2004,1ST DEMOCRATIC ALTERNATE DELEGATE,1,8428,IRENE H.,BRODIE,BRAUN,COOK,20620,DEMOCRATIC,DEM
GP 2004,13TH DEMOCRATIC DELEGATE,4,8429,NORMAN W.,LATHROP,BRAUN,WILL,441,DEMOCRATIC,DEM
GP 2004,13TH DEMOCRATIC DELEGATE,4,8429,NORMAN W.,LATHROP,BRAUN,COOK,143,DEMOCRATIC,DEM
GP 2004,13TH DEMOCRATIC DELEGATE,4,8429,NORMAN W.,LATHROP,BRAUN,DuPAGE,588,DEMOCRATIC,DEM
GP 2004,13TH DEMOCRATIC DELEGATE,4,8430,GAY E.,BRUHN,BRAUN,WILL,516,DEMOCRATIC,DEM
GP 2004,13TH DEMOCRATIC DELEGATE,4,8430,GAY E.,BRUHN,BRAUN,COOK,115,DEMOCRATIC,DEM
GP 2004,13TH DEMOCRATIC DELEGATE,4,8430,GAY E.,BRUHN,BRAUN,DuPAGE,504,DEMOCRATIC,DEM
GP 2004,13TH DEMOCRATIC DELEGATE,4,8431,MARK,SHIRKY,BRAUN,WILL,520,DEMOCRATIC,DEM
GP 2004,13TH DEMOCRATIC DELEGATE,4,8431,MARK,SHIRKY,BRAUN,COOK,133,DEMOCRATIC,DEM
GP 2004,13TH DEMOCRATIC DELEGATE,4,8431,MARK,SHIRKY,BRAUN,DuPAGE,550,DEMOCRATIC,DEM
GP 2004,13TH DEMOCRATIC DELEGATE,4,8432,BONNIE,GRABENHOFER,BRAUN,WILL,355,DEMOCRATIC,DEM
GP 2004,13TH DEMOCRATIC DELEGATE,4,8432,BONNIE,GRABENHOFER,BRAUN,COOK,200,DEMOCRATIC,DEM
GP 2004,13TH DEMOCRATIC DELEGATE,4,8432,BONNIE,GRABENHOFER,BRAUN,DuPAGE,823,DEMOCRATIC,DEM
GP 2004,13TH DEMOCRATIC ALTERNATE DELEGATE,1,8433,KAIYA,IVERSON,BRAUN,WILL,593,DEMOCRATIC,DEM
GP 2004,13TH DEMOCRATIC ALTERNATE DELEGATE,1,8433,KAIYA,IVERSON,BRAUN,COOK,129,DEMOCRATIC,DEM
GP 2004,13TH DEMOCRATIC ALTERNATE DELEGATE,1,8433,KAIYA,IVERSON,BRAUN,DuPAGE,602,DEMOCRATIC,DEM
GP 2004,5TH DEMOCRATIC DELEGATE,6,8435,ANN,WILLIAMS,GEPHARDT,COOK,1576,DEMOCRATIC,DEM
GP 2004,5TH DEMOCRATIC DELEGATE,6,8437,WILLIAM B.,KAPLAN,GEPHARDT,COOK,1380,DEMOCRATIC,DEM
GP 2004,5TH DEMOCRATIC DELEGATE,6,8438,TEREE E.,FOSTER,GEPHARDT,COOK,958,DEMOCRATIC,DEM
GP 2004,5TH DEMOCRATIC DELEGATE,6,8439,DAVID R.,BROWN,GEPHARDT,COOK,1083,DEMOCRATIC,DEM
GP 2004,4TH DEMOCRATIC DELEGATE,4,8441,AARON,DELVALLE,GEPHARDT,COOK,999,DEMOCRATIC,DEM
GP 2004,4TH DEMOCRATIC DELEGATE,4,8442,IRMA,ARANDA,GEPHARDT,COOK,891,DEMOCRATIC,DEM
GP 2004,4TH DEMOCRATIC DELEGATE,4,8443,LIZVETH,MELENDEZ,GEPHARDT,COOK,674,DEMOCRATIC,DEM
GP 2004,5TH DEMOCRATIC ALTERNATE DELEGATE,1,8444,SARAH,ALIPOURIAN,GEPHARDT,COOK,2661,DEMOCRATIC,DEM
GP 2004,6TH DEMOCRATIC DELEGATE,4,8447,COLLEEN,ZUMERCHIK,GEPHARDT,COOK,273,DEMOCRATIC,DEM
GP 2004,6TH DEMOCRATIC DELEGATE,4,8447,COLLEEN,ZUMERCHIK,GEPHARDT,DuPAGE,1002,DEMOCRATIC,DEM
GP 2004,4TH DEMOCRATIC ALTERNATE DELEGATE,1,8449,FRANCISCO,CISNEROS,GEPHARDT,COOK,4984,DEMOCRATIC,DEM
GP 2004,PRESIDENT,1,8465,ALFRED C.,SHARPTON,,BROWN,1,DEMOCRATIC,DEM
GP 2004,PRESIDENT,1,8465,ALFRED C.,SHARPTON,,CLAY,17,DEMOCRATIC,DEM
GP 2004,PRESIDENT,1,8465,ALFRED C.,SHARPTON,,HARDIN,6,DEMOCRATIC,DEM
GP 2004,PRESIDENT,1,8465,ALFRED C.,SHARPTON,,JERSEY,13,DEMOCRATIC,DEM
GP 2004,PRESIDENT,1,8465,ALFRED C.,SHARPTON,,LOGAN,5,DEMOCRATIC,DEM
GP 2004,PRESIDENT,1,8465,ALFRED C.,SHARPTON,,RICHLAND,9,DEMOCRATIC,DEM
GP 2004,PRESIDENT,1,8465,ALFRED C.,SHARPTON,,SCHUYLER,5,DEMOCRATIC,DEM
GP 2004,PRESIDENT,1,8465,ALFRED C.,SHARPTON,,WASHINGTON,16,DEMOCRATIC,DEM
GP 2004,PRESIDENT,1,8465,ALFRED C.,SHARPTON,,BOND,11,DEMOCRATIC,DEM
GP 2004,PRESIDENT,1,8465,ALFRED C.,SHARPTON,,CLINTON,7,DEMOCRATIC,DEM
GP 2004,PRESIDENT,1,8465,ALFRED C.,SHARPTON,,JASPER,4,DEMOCRATIC,DEM
GP 2004,PRESIDENT,1,8465,ALFRED C.,SHARPTON,,MARSHALL,7,DEMOCRATIC,DEM
GP 2004,PRESIDENT,1,8465,ALFRED C.,SHARPTON,,EDGAR,5,DEMOCRATIC,DEM
GP 2004,PRESIDENT,1,8465,ALFRED C.,SHARPTON,,FORD,3,DEMOCRATIC,DEM
GP 2004,PRESIDENT,1,8465,ALFRED C.,SHARPTON,,GREENE,12,DEMOCRATIC,DEM
GP 2004,PRESIDENT,1,8465,ALFRED C.,SHARPTON,,IROQUOIS,14,DEMOCRATIC,DEM
GP 2004,PRESIDENT,1,8465,ALFRED C.,SHARPTON,,JOHNSON,10,DEMOCRATIC,DEM
GP 2004,PRESIDENT,1,8465,ALFRED C.,SHARPTON,,LIVINGSTON,11,DEMOCRATIC,DEM
GP 2004,PRESIDENT,1,8465,ALFRED C.,SHARPTON,,MENARD,2,DEMOCRATIC,DEM
GP 2004,PRESIDENT,1,8465,ALFRED C.,SHARPTON,,MERCER,10,DEMOCRATIC,DEM
GP 2004,PRESIDENT,1,8465,ALFRED C.,SHARPTON,,PERRY,13,DEMOCRATIC,DEM
GP 2004,PRESIDENT,1,8465,ALFRED C.,SHARPTON,,PIATT,6,DEMOCRATIC,DEM
GP 2004,PRESIDENT,1,8465,ALFRED C.,SHARPTON,,STARK,1,DEMOCRATIC,DEM
GP 2004,PRESIDENT,1,8465,ALFRED C.,SHARPTON,,WILLIAMSON,32,DEMOCRATIC,DEM
GP 2004,PRESIDENT,1,8465,ALFRED C.,SHARPTON,,WOODFORD,10,DEMOCRATIC,DEM
GP 2004,PRESIDENT,1,8465,ALFRED C.,SHARPTON,,FULTON,40,DEMOCRATIC,DEM
GP 2004,PRESIDENT,1,8465,ALFRED C.,SHARPTON,,HAMILTON,17,DEMOCRATIC,DEM
GP 2004,PRESIDENT,1,8465,ALFRED C.,SHARPTON,,HANCOCK,4,DEMOCRATIC,DEM
GP 2004,PRESIDENT,1,8465,ALFRED C.,SHARPTON,,MACOUPIN,58,DEMOCRATIC,DEM
GP 2004,PRESIDENT,1,8465,ALFRED C.,SHARPTON,,MASON,20,DEMOCRATIC,DEM
GP 2004,PRESIDENT,1,8465,ALFRED C.,SHARPTON,,MONROE,5,DEMOCRATIC,DEM
GP 2004,PRESIDENT,1,8465,ALFRED C.,SHARPTON,,SHELBY,12,DEMOCRATIC,DEM
GP 2004,PRESIDENT,1,8465,ALFRED C.,SHARPTON,,BUREAU,17,DEMOCRATIC,DEM
GP 2004,PRESIDENT,1,8465,ALFRED C.,SHARPTON,,WARREN,5,DEMOCRATIC,DEM
GP 2004,PRESIDENT,1,8465,ALFRED C.,SHARPTON,,DOUGLAS,3,DEMOCRATIC,DEM
GP 2004,PRESIDENT,1,8465,ALFRED C.,SHARPTON,,COLES,15,DEMOCRATIC,DEM
GP 2004,PRESIDENT,1,8465,ALFRED C.,SHARPTON,,EDWARDS,2,DEMOCRATIC,DEM
GP 2004,PRESIDENT,1,8465,ALFRED C.,SHARPTON,,PIKE,8,DEMOCRATIC,DEM
GP 2004,PRESIDENT,1,8465,ALFRED C.,SHARPTON,,HENDERSON,4,DEMOCRATIC,DEM
GP 2004,PRESIDENT,1,8465,ALFRED C.,SHARPTON,,JACKSON,148,DEMOCRATIC,DEM
GP 2004,PRESIDENT,1,8465,ALFRED C.,SHARPTON,,ROCK ISLAND,151,DEMOCRATIC,DEM
GP 2004,PRESIDENT,1,8465,ALFRED C.,SHARPTON,,LEE,17,DEMOCRATIC,DEM
GP 2004,PRESIDENT,1,8465,ALFRED C.,SHARPTON,,CASS,8,DEMOCRATIC,DEM
GP 2004,PRESIDENT,1,8465,ALFRED C.,SHARPTON,,WHITE,9,DEMOCRATIC,DEM
GP 2004,PRESIDENT,1,8465,ALFRED C.,SHARPTON,,CRAWFORD,5,DEMOCRATIC,DEM
GP 2004,PRESIDENT,1,8465,ALFRED C.,SHARPTON,,WHITESIDE,23,DEMOCRATIC,DEM
GP 2004,PRESIDENT,1,8465,ALFRED C.,SHARPTON,,MORGAN,13,DEMOCRATIC,DEM
GP 2004,PRESIDENT,1,8465,ALFRED C.,SHARPTON,,OGLE,8,DEMOCRATIC,DEM
GP 2004,PRESIDENT,1,8465,ALFRED C.,SHARPTON,,FRANKLIN,83,DEMOCRATIC,DEM
GP 2004,PRESIDENT,1,8465,ALFRED C.,SHARPTON,,FAYETTE,6,DEMOCRATIC,DEM
GP 2004,PRESIDENT,1,8465,ALFRED C.,SHARPTON,,RANDOLPH,50,DEMOCRATIC,DEM
GP 2004,PRESIDENT,1,8465,ALFRED C.,SHARPTON,,MARION,40,DEMOCRATIC,DEM
GP 2004,PRESIDENT,1,8465,ALFRED C.,SHARPTON,,SALINE,68,DEMOCRATIC,DEM
GP 2004,PRESIDENT,1,8465,ALFRED C.,SHARPTON,,MASSAC,8,DEMOCRATIC,DEM
GP 2004,PRESIDENT,1,8465,ALFRED C.,SHARPTON,,WILL,698,DEMOCRATIC,DEM
GP 2004,PRESIDENT,1,8465,ALFRED C.,SHARPTON,,CLARK,4,DEMOCRATIC,DEM
GP 2004,PRESIDENT,1,8465,ALFRED C.,SHARPTON,,CALHOUN,3,DEMOCRATIC,DEM
GP 2004,PRESIDENT,1,8465,ALFRED C.,SHARPTON,,STEPHENSON,27,DEMOCRATIC,DEM
GP 2004,PRESIDENT,1,8465,ALFRED C.,SHARPTON,,GALLATIN,23,DEMOCRATIC,DEM
GP 2004,PRESIDENT,1,8465,ALFRED C.,SHARPTON,,MONTGOMERY,19,DEMOCRATIC,DEM
GP 2004,PRESIDENT,1,8465,ALFRED C.,SHARPTON,,JEFFERSON,30,DEMOCRATIC,DEM
GP 2004,PRESIDENT,1,8465,ALFRED C.,SHARPTON,,PUTNAM,7,DEMOCRATIC,DEM
GP 2004,PRESIDENT,1,8465,ALFRED C.,SHARPTON,,WABASH,15,DEMOCRATIC,DEM
GP 2004,PRESIDENT,1,8465,ALFRED C.,SHARPTON,,MADISON,274,DEMOCRATIC,DEM
GP 2004,PRESIDENT,1,8465,ALFRED C.,SHARPTON,,GRUNDY,16,DEMOCRATIC,DEM
GP 2004,PRESIDENT,1,8465,ALFRED C.,SHARPTON,,JoDAVIESS,8,DEMOCRATIC,DEM
GP 2004,PRESIDENT,1,8465,ALFRED C.,SHARPTON,,TAZEWELL,30,DEMOCRATIC,DEM
GP 2004,PRESIDENT,1,8465,ALFRED C.,SHARPTON,,SANGAMON,219,DEMOCRATIC,DEM
GP 2004,PRESIDENT,1,8465,ALFRED C.,SHARPTON,,EFFINGHAM,26,DEMOCRATIC,DEM
GP 2004,PRESIDENT,1,8465,ALFRED C.,SHARPTON,,LAKE,549,DEMOCRATIC,DEM
GP 2004,PRESIDENT,1,8465,ALFRED C.,SHARPTON,,LaSALLE,46,DEMOCRATIC,DEM
GP 2004,PRESIDENT,1,8465,ALFRED C.,SHARPTON,,HENRY,15,DEMOCRATIC,DEM
GP 2004,PRESIDENT,1,8465,ALFRED C.,SHARPTON,,McDONOUGH,24,DEMOCRATIC,DEM
GP 2004,PRESIDENT,1,8465,ALFRED C.,SHARPTON,,CHAMPAIGN,234,DEMOCRATIC,DEM
GP 2004,PRESIDENT,1,8465,ALFRED C.,SHARPTON,,SCOTT,0,DEMOCRATIC,DEM
GP 2004,PRESIDENT,1,8465,ALFRED C.,SHARPTON,,CARROLL,5,DEMOCRATIC,DEM
GP 2004,PRESIDENT,1,8465,ALFRED C.,SHARPTON,,MACON,208,DEMOCRATIC,DEM
GP 2004,PRESIDENT,1,8465,ALFRED C.,SHARPTON,,POPE,5,DEMOCRATIC,DEM
GP 2004,PRESIDENT,1,8465,ALFRED C.,SHARPTON,,KNOX,21,DEMOCRATIC,DEM
GP 2004,PRESIDENT,1,8465,ALFRED C.,SHARPTON,,MOULTRIE,4,DEMOCRATIC,DEM
GP 2004,PRESIDENT,1,8465,ALFRED C.,SHARPTON,,PEORIA,228,DEMOCRATIC,DEM
GP 2004,PRESIDENT,1,8465,ALFRED C.,SHARPTON,,ADAMS,22,DEMOCRATIC,DEM
GP 2004,PRESIDENT,1,8465,ALFRED C.,SHARPTON,,CUMBERLAND,4,DEMOCRATIC,DEM
GP 2004,PRESIDENT,1,8465,ALFRED C.,SHARPTON,,WAYNE,8,DEMOCRATIC,DEM
GP 2004,PRESIDENT,1,8465,ALFRED C.,SHARPTON,,KENDALL,32,DEMOCRATIC,DEM
GP 2004,PRESIDENT,1,8465,ALFRED C.,SHARPTON,,KANKAKEE,150,DEMOCRATIC,DEM
GP 2004,PRESIDENT,1,8465,ALFRED C.,SHARPTON,,BOONE,16,DEMOCRATIC,DEM
GP 2004,PRESIDENT,1,8465,ALFRED C.,SHARPTON,,WINNEBAGO,267,DEMOCRATIC,DEM
GP 2004,PRESIDENT,1,8465,ALFRED C.,SHARPTON,,CHRISTIAN,41,DEMOCRATIC,DEM
GP 2004,PRESIDENT,1,8465,ALFRED C.,SHARPTON,,LAWRENCE,5,DEMOCRATIC,DEM
GP 2004,PRESIDENT,1,8465,ALFRED C.,SHARPTON,,McHENRY,122,DEMOCRATIC,DEM
GP 2004,PRESIDENT,1,8465,ALFRED C.,SHARPTON,,DeWITT,6,DEMOCRATIC,DEM
GP 2004,PRESIDENT,1,8465,ALFRED C.,SHARPTON,,KANE,330,DEMOCRATIC,DEM
GP 2004,PRESIDENT,1,8465,ALFRED C.,SHARPTON,,DeKALB,84,DEMOCRATIC,DEM
GP 2004,PRESIDENT,1,8465,ALFRED C.,SHARPTON,,COOK,29371,DEMOCRATIC,DEM
GP 2004,PRESIDENT,1,8465,ALFRED C.,SHARPTON,,McLEAN,117,DEMOCRATIC,DEM
GP 2004,PRESIDENT,1,8465,ALFRED C.,SHARPTON,,UNION,49,DEMOCRATIC,DEM
GP 2004,PRESIDENT,1,8465,ALFRED C.,SHARPTON,,ST. CLAIR,833,DEMOCRATIC,DEM
GP 2004,PRESIDENT,1,8465,ALFRED C.,SHARPTON,,VERMILION,55,DEMOCRATIC,DEM
GP 2004,PRESIDENT,1,8465,ALFRED C.,SHARPTON,,ALEXANDER,65,DEMOCRATIC,DEM
GP 2004,PRESIDENT,1,8465,ALFRED C.,SHARPTON,,PULASKI,18,DEMOCRATIC,DEM
GP 2004,PRESIDENT,1,8465,ALFRED C.,SHARPTON,,DuPAGE,713,DEMOCRATIC,DEM
GP 2004,9TH DEMOCRATIC DELEGATE,6,8466,LAURA,TUCKER,EDWARDS,COOK,4997,DEMOCRATIC,DEM
GP 2004,9TH DEMOCRATIC DELEGATE,6,8467,RANDOLPH G.,JUE,EDWARDS,COOK,3639,DEMOCRATIC,DEM
GP 2004,9TH DEMOCRATIC DELEGATE,6,8468,KELLY M.,CASSIDY,EDWARDS,COOK,4515,DEMOCRATIC,DEM
GP 2004,9TH DEMOCRATIC DELEGATE,6,8469,TIMOTHY W.,BURNS,EDWARDS,COOK,4050,DEMOCRATIC,DEM
GP 2004,9TH DEMOCRATIC DELEGATE,6,8470,DIANE GOLDSTICK,MEAGHER,EDWARDS,COOK,3606,DEMOCRATIC,DEM
GP 2004,9TH DEMOCRATIC DELEGATE,6,8471,JAMES E.,MALACKOWSKI,EDWARDS,COOK,3433,DEMOCRATIC,DEM
GP 2004,2ND DEMOCRATIC DELEGATE,8,8472,LARRY,WILLIAMS,EDWARDS,WILL,163,DEMOCRATIC,DEM
GP 2004,2ND DEMOCRATIC DELEGATE,8,8472,LARRY,WILLIAMS,EDWARDS,COOK,5939,DEMOCRATIC,DEM
GP 2004,2ND DEMOCRATIC DELEGATE,8,8473,BERTHA M.,SCOTT,EDWARDS,WILL,190,DEMOCRATIC,DEM
GP 2004,2ND DEMOCRATIC DELEGATE,8,8473,BERTHA M.,SCOTT,EDWARDS,COOK,5630,DEMOCRATIC,DEM
GP 2004,2ND DEMOCRATIC DELEGATE,8,8474,JAMES E.,YOUNG,EDWARDS,WILL,185,DEMOCRATIC,DEM
GP 2004,2ND DEMOCRATIC DELEGATE,8,8474,JAMES E.,YOUNG,EDWARDS,COOK,5058,DEMOCRATIC,DEM
GP 2004,2ND DEMOCRATIC DELEGATE,8,8475,HENRIETTA,BATTLE,EDWARDS,WILL,142,DEMOCRATIC,DEM
GP 2004,2ND DEMOCRATIC DELEGATE,8,8475,HENRIETTA,BATTLE,EDWARDS,COOK,4691,DEMOCRATIC,DEM
GP 2004,2ND DEMOCRATIC DELEGATE,8,8476,JEREMY,ALEXANDER,EDWARDS,WILL,102,DEMOCRATIC,DEM
GP 2004,2ND DEMOCRATIC DELEGATE,8,8476,JEREMY,ALEXANDER,EDWARDS,COOK,3284,DEMOCRATIC,DEM
GP 2004,2ND DEMOCRATIC DELEGATE,8,8477,ARCHIA LAKISKA,LUCAS,EDWARDS,WILL,72,DEMOCRATIC,DEM
GP 2004,2ND DEMOCRATIC DELEGATE,8,8477,ARCHIA LAKISKA,LUCAS,EDWARDS,COOK,2707,DEMOCRATIC,DEM
GP 2004,2ND DEMOCRATIC DELEGATE,8,8478,LAWRENCE N.,HILL,EDWARDS,WILL,114,DEMOCRATIC,DEM
GP 2004,2ND DEMOCRATIC DELEGATE,8,8478,LAWRENCE N.,HILL,EDWARDS,COOK,3221,DEMOCRATIC,DEM
GP 2004,2ND DEMOCRATIC DELEGATE,8,8479,NATHER L.,JONES,EDWARDS,WILL,88,DEMOCRATIC,DEM
GP 2004,2ND DEMOCRATIC DELEGATE,8,8479,NATHER L.,JONES,EDWARDS,COOK,2898,DEMOCRATIC,DEM
GP 2004,1ST DEMOCRATIC DELEGATE,8,8486,JOSEPH,YOUNG,EDWARDS,COOK,4702,DEMOCRATIC,DEM
GP 2004,1ST DEMOCRATIC DELEGATE,8,8487,MADELINE L.,HAITHCOCK,EDWARDS,COOK,6145,DEMOCRATIC,DEM
GP 2004,1ST DEMOCRATIC DELEGATE,8,8488,JERRY,"WASHINGTON,  JR.",EDWARDS,COOK,8966,DEMOCRATIC,DEM
GP 2004,1ST DEMOCRATIC DELEGATE,8,8489,BRENDA  J.,HUNTER,EDWARDS,COOK,4640,DEMOCRATIC,DEM
GP 2004,1ST DEMOCRATIC DELEGATE,8,8490,HOWARD,WARD,EDWARDS,COOK,3361,DEMOCRATIC,DEM
GP 2004,1ST DEMOCRATIC DELEGATE,8,8491,PATRICIA A.,BOYD,EDWARDS,COOK,5792,DEMOCRATIC,DEM
GP 2004,1ST DEMOCRATIC DELEGATE,8,8492,JOHN C.,CORRIGAN,EDWARDS,COOK,3245,DEMOCRATIC,DEM
GP 2004,1ST DEMOCRATIC DELEGATE,8,8493,DOROTHY A.,BANKS,EDWARDS,COOK,6762,DEMOCRATIC,DEM
GP 2004,3RD DEMOCRATIC DELEGATE,6,8494,THOMAS J.,DART,EDWARDS,COOK,6362,DEMOCRATIC,DEM
GP 2004,3RD DEMOCRATIC DELEGATE,6,8495,TERRIE,PICKERILL,EDWARDS,COOK,4310,DEMOCRATIC,DEM
GP 2004,3RD DEMOCRATIC DELEGATE,6,8496,PAUL D.,NEWMAN,EDWARDS,COOK,5318,DEMOCRATIC,DEM
GP 2004,3RD DEMOCRATIC DELEGATE,6,8497,DOLORES J.,FOERTSCH,EDWARDS,COOK,4659,DEMOCRATIC,DEM
GP 2004,3RD DEMOCRATIC DELEGATE,6,8498,ALVAN HUI TONG,LEUNG,EDWARDS,COOK,3974,DEMOCRATIC,DEM
GP 2004,3RD DEMOCRATIC DELEGATE,6,8499,ANGELA V.,VENEGAS,EDWARDS,COOK,5112,DEMOCRATIC,DEM
GP 2004,11TH DEMOCRATIC DELEGATE,5,8500,DEAN J.,DEVERT,EDWARDS,LIVINGSTON,5,DEMOCRATIC,DEM
GP 2004,11TH DEMOCRATIC DELEGATE,5,8500,DEAN J.,DEVERT,EDWARDS,WOODFORD,19,DEMOCRATIC,DEM
GP 2004,11TH DEMOCRATIC DELEGATE,5,8500,DEAN J.,DEVERT,EDWARDS,BUREAU,345,DEMOCRATIC,DEM
GP 2004,11TH DEMOCRATIC DELEGATE,5,8500,DEAN J.,DEVERT,EDWARDS,WILL,2277,DEMOCRATIC,DEM
GP 2004,11TH DEMOCRATIC DELEGATE,5,8500,DEAN J.,DEVERT,EDWARDS,GRUNDY,280,DEMOCRATIC,DEM
GP 2004,11TH DEMOCRATIC DELEGATE,5,8500,DEAN J.,DEVERT,EDWARDS,LaSALLE,687,DEMOCRATIC,DEM
GP 2004,11TH DEMOCRATIC DELEGATE,5,8500,DEAN J.,DEVERT,EDWARDS,KANKAKEE,632,DEMOCRATIC,DEM
GP 2004,11TH DEMOCRATIC DELEGATE,5,8500,DEAN J.,DEVERT,EDWARDS,McLEAN,477,DEMOCRATIC,DEM
GP 2004,11TH DEMOCRATIC DELEGATE,5,8501,BETTY A.,SUAREZ,EDWARDS,LIVINGSTON,6,DEMOCRATIC,DEM
GP 2004,11TH DEMOCRATIC DELEGATE,5,8501,BETTY A.,SUAREZ,EDWARDS,WOODFORD,20,DEMOCRATIC,DEM
GP 2004,11TH DEMOCRATIC DELEGATE,5,8501,BETTY A.,SUAREZ,EDWARDS,BUREAU,324,DEMOCRATIC,DEM
GP 2004,11TH DEMOCRATIC DELEGATE,5,8501,BETTY A.,SUAREZ,EDWARDS,WILL,3134,DEMOCRATIC,DEM
GP 2004,11TH DEMOCRATIC DELEGATE,5,8501,BETTY A.,SUAREZ,EDWARDS,GRUNDY,361,DEMOCRATIC,DEM
GP 2004,11TH DEMOCRATIC DELEGATE,5,8501,BETTY A.,SUAREZ,EDWARDS,LaSALLE,877,DEMOCRATIC,DEM
GP 2004,11TH DEMOCRATIC DELEGATE,5,8501,BETTY A.,SUAREZ,EDWARDS,KANKAKEE,844,DEMOCRATIC,DEM
GP 2004,11TH DEMOCRATIC DELEGATE,5,8501,BETTY A.,SUAREZ,EDWARDS,McLEAN,581,DEMOCRATIC,DEM
GP 2004,11TH DEMOCRATIC DELEGATE,5,8502,WARREN C.,DORRIS,EDWARDS,LIVINGSTON,5,DEMOCRATIC,DEM
GP 2004,11TH DEMOCRATIC DELEGATE,5,8502,WARREN C.,DORRIS,EDWARDS,WOODFORD,22,DEMOCRATIC,DEM
GP 2004,11TH DEMOCRATIC DELEGATE,5,8502,WARREN C.,DORRIS,EDWARDS,BUREAU,180,DEMOCRATIC,DEM
GP 2004,11TH DEMOCRATIC DELEGATE,5,8502,WARREN C.,DORRIS,EDWARDS,WILL,3670,DEMOCRATIC,DEM
GP 2004,11TH DEMOCRATIC DELEGATE,5,8502,WARREN C.,DORRIS,EDWARDS,GRUNDY,320,DEMOCRATIC,DEM
GP 2004,11TH DEMOCRATIC DELEGATE,5,8502,WARREN C.,DORRIS,EDWARDS,LaSALLE,554,DEMOCRATIC,DEM
GP 2004,11TH DEMOCRATIC DELEGATE,5,8502,WARREN C.,DORRIS,EDWARDS,KANKAKEE,665,DEMOCRATIC,DEM
GP 2004,11TH DEMOCRATIC DELEGATE,5,8502,WARREN C.,DORRIS,EDWARDS,McLEAN,498,DEMOCRATIC,DEM
GP 2004,11TH DEMOCRATIC DELEGATE,5,8503,JODEEN M.,BERNARD,EDWARDS,LIVINGSTON,6,DEMOCRATIC,DEM
GP 2004,11TH DEMOCRATIC DELEGATE,5,8503,JODEEN M.,BERNARD,EDWARDS,WOODFORD,20,DEMOCRATIC,DEM
GP 2004,11TH DEMOCRATIC DELEGATE,5,8503,JODEEN M.,BERNARD,EDWARDS,BUREAU,214,DEMOCRATIC,DEM
GP 2004,11TH DEMOCRATIC DELEGATE,5,8503,JODEEN M.,BERNARD,EDWARDS,WILL,2194,DEMOCRATIC,DEM
GP 2004,11TH DEMOCRATIC DELEGATE,5,8503,JODEEN M.,BERNARD,EDWARDS,GRUNDY,309,DEMOCRATIC,DEM
GP 2004,11TH DEMOCRATIC DELEGATE,5,8503,JODEEN M.,BERNARD,EDWARDS,LaSALLE,945,DEMOCRATIC,DEM
GP 2004,11TH DEMOCRATIC DELEGATE,5,8503,JODEEN M.,BERNARD,EDWARDS,KANKAKEE,728,DEMOCRATIC,DEM
GP 2004,11TH DEMOCRATIC DELEGATE,5,8503,JODEEN M.,BERNARD,EDWARDS,McLEAN,492,DEMOCRATIC,DEM
GP 2004,11TH DEMOCRATIC DELEGATE,5,8504,THOMAS D.,WHALEN,EDWARDS,LIVINGSTON,2,DEMOCRATIC,DEM
GP 2004,11TH DEMOCRATIC DELEGATE,5,8504,THOMAS D.,WHALEN,EDWARDS,WOODFORD,21,DEMOCRATIC,DEM
GP 2004,11TH DEMOCRATIC DELEGATE,5,8504,THOMAS D.,WHALEN,EDWARDS,BUREAU,240,DEMOCRATIC,DEM
GP 2004,11TH DEMOCRATIC DELEGATE,5,8504,THOMAS D.,WHALEN,EDWARDS,WILL,2923,DEMOCRATIC,DEM
GP 2004,11TH DEMOCRATIC DELEGATE,5,8504,THOMAS D.,WHALEN,EDWARDS,GRUNDY,358,DEMOCRATIC,DEM
GP 2004,11TH DEMOCRATIC DELEGATE,5,8504,THOMAS D.,WHALEN,EDWARDS,LaSALLE,997,DEMOCRATIC,DEM
GP 2004,11TH DEMOCRATIC DELEGATE,5,8504,THOMAS D.,WHALEN,EDWARDS,KANKAKEE,859,DEMOCRATIC,DEM
GP 2004,11TH DEMOCRATIC DELEGATE,5,8504,THOMAS D.,WHALEN,EDWARDS,McLEAN,881,DEMOCRATIC,DEM
GP 2004,4TH DEMOCRATIC DELEGATE,4,8505,VILMA,COLOM,EDWARDS,COOK,4142,DEMOCRATIC,DEM
GP 2004,4TH DEMOCRATIC DELEGATE,4,8506,"MIGUEL A. ""MICKEY""",MANTILLA,EDWARDS,COOK,2052,DEMOCRATIC,DEM
GP 2004,4TH DEMOCRATIC DELEGATE,4,8507,GLORIA,CHEVERE,EDWARDS,COOK,2867,DEMOCRATIC,DEM
GP 2004,4TH DEMOCRATIC DELEGATE,4,8508,GARY,MEDINA,EDWARDS,COOK,2894,DEMOCRATIC,DEM
GP 2004,2ND DEMOCRATIC ALTERNATE DELEGATE,1,8509,CHESTER,"WILSON, JR.",EDWARDS,WILL,148,DEMOCRATIC,DEM
GP 2004,2ND DEMOCRATIC ALTERNATE DELEGATE,1,8509,CHESTER,"WILSON, JR.",EDWARDS,COOK,12242,DEMOCRATIC,DEM
GP 2004,1ST DEMOCRATIC ALTERNATE DELEGATE,1,8510,THELMA JEAN,QUINCE,EDWARDS,COOK,10701,DEMOCRATIC,DEM
GP 2004,3RD DEMOCRATIC ALTERNATE DELEGATE,1,8511,CRISTINA,DE LA ROSA,EDWARDS,COOK,9680,DEMOCRATIC,DEM
GP 2004,9TH DEMOCRATIC ALTERNATE DELEGATE,1,8512,ALICIA RENEÉ,PARDO,EDWARDS,COOK,5750,DEMOCRATIC,DEM
GP 2004,5TH DEMOCRATIC ALTERNATE DELEGATE,1,8513,RENAE,OGLETREE,EDWARD,COOK,5740,DEMOCRATIC,DEM
GP 2004,4TH DEMOCRATIC ALTERNATE DELEGATE,1,8514,NICHOLAS J.,DELGADO,EDWARDS,COOK,4800,DEMOCRATIC,DEM
GP 2004,6TH DEMOCRATIC DELEGATE,4,8515,TERRELL,BARNES,EDWARDS,COOK,831,DEMOCRATIC,DEM
GP 2004,6TH DEMOCRATIC DELEGATE,4,8515,TERRELL,BARNES,EDWARDS,DuPAGE,2684,DEMOCRATIC,DEM
GP 2004,6TH DEMOCRATIC DELEGATE,4,8516,KAREN A. MCNULTY,ENRIGHT,EDWARDS,COOK,892,DEMOCRATIC,DEM
GP 2004,6TH DEMOCRATIC DELEGATE,4,8516,KAREN A. MCNULTY,ENRIGHT,EDWARDS,DuPAGE,3640,DEMOCRATIC,DEM
GP 2004,6TH DEMOCRATIC DELEGATE,4,8517,ANTHONY,PUCCIO,EDWARDS,COOK,717,DEMOCRATIC,DEM
GP 2004,6TH DEMOCRATIC DELEGATE,4,8517,ANTHONY,PUCCIO,EDWARDS,DuPAGE,3168,DEMOCRATIC,DEM
GP 2004,6TH DEMOCRATIC DELEGATE,4,8518,PATRICIA,PUCCIO,EDWARDS,COOK,731,DEMOCRATIC,DEM
GP 2004,6TH DEMOCRATIC DELEGATE,4,8518,PATRICIA,PUCCIO,EDWARDS,DuPAGE,3558,DEMOCRATIC,DEM
GP 2004,11TH DEMOCRATIC ALTERNATE DELEGATE,1,8519,HOLLY A.,FLANAGAN,EDWARDS,LIVINGSTON,7,DEMOCRATIC,DEM
GP 2004,11TH DEMOCRATIC ALTERNATE DELEGATE,1,8519,HOLLY A.,FLANAGAN,EDWARDS,WOODFORD,26,DEMOCRATIC,DEM
GP 2004,11TH DEMOCRATIC ALTERNATE DELEGATE,1,8519,HOLLY A.,FLANAGAN,EDWARDS,BUREAU,329,DEMOCRATIC,DEM
GP 2004,11TH DEMOCRATIC ALTERNATE DELEGATE,1,8519,HOLLY A.,FLANAGAN,EDWARDS,WILL,3629,DEMOCRATIC,DEM
GP 2004,11TH DEMOCRATIC ALTERNATE DELEGATE,1,8519,HOLLY A.,FLANAGAN,EDWARDS,GRUNDY,412,DEMOCRATIC,DEM
GP 2004,11TH DEMOCRATIC ALTERNATE DELEGATE,1,8519,HOLLY A.,FLANAGAN,EDWARDS,LaSALLE,1069,DEMOCRATIC,DEM
GP 2004,11TH DEMOCRATIC ALTERNATE DELEGATE,1,8519,HOLLY A.,FLANAGAN,EDWARDS,KANKAKEE,823,DEMOCRATIC,DEM
GP 2004,11TH DEMOCRATIC ALTERNATE DELEGATE,1,8519,HOLLY A.,FLANAGAN,EDWARDS,McLEAN,633,DEMOCRATIC,DEM
GP 2004,14TH DEMOCRATIC DELEGATE,4,8520,JEFF K.,KOWALSKI,EDWARDS,BUREAU,4,DEMOCRATIC,DEM
GP 2004,14TH DEMOCRATIC DELEGATE,4,8520,JEFF K.,KOWALSKI,EDWARDS,LEE,262,DEMOCRATIC,DEM
GP 2004,14TH DEMOCRATIC DELEGATE,4,8520,JEFF K.,KOWALSKI,EDWARDS,WHITESIDE,98,DEMOCRATIC,DEM
GP 2004,14TH DEMOCRATIC DELEGATE,4,8520,JEFF K.,KOWALSKI,EDWARDS,HENRY,277,DEMOCRATIC,DEM
GP 2004,14TH DEMOCRATIC DELEGATE,4,8520,JEFF K.,KOWALSKI,EDWARDS,KENDALL,463,DEMOCRATIC,DEM
GP 2004,14TH DEMOCRATIC DELEGATE,4,8520,JEFF K.,KOWALSKI,EDWARDS,KANE,2408,DEMOCRATIC,DEM
GP 2004,14TH DEMOCRATIC DELEGATE,4,8520,JEFF K.,KOWALSKI,EDWARDS,DeKALB,557,DEMOCRATIC,DEM
GP 2004,14TH DEMOCRATIC DELEGATE,4,8520,JEFF K.,KOWALSKI,EDWARDS,DuPAGE,331,DEMOCRATIC,DEM
GP 2004,14TH DEMOCRATIC DELEGATE,4,8521,ANGELITA M.,GREVISKES,EDWARDS,BUREAU,4,DEMOCRATIC,DEM
GP 2004,14TH DEMOCRATIC DELEGATE,4,8521,ANGELITA M.,GREVISKES,EDWARDS,LEE,247,DEMOCRATIC,DEM
GP 2004,14TH DEMOCRATIC DELEGATE,4,8521,ANGELITA M.,GREVISKES,EDWARDS,WHITESIDE,92,DEMOCRATIC,DEM
GP 2004,14TH DEMOCRATIC DELEGATE,4,8521,ANGELITA M.,GREVISKES,EDWARDS,HENRY,222,DEMOCRATIC,DEM
GP 2004,14TH DEMOCRATIC DELEGATE,4,8521,ANGELITA M.,GREVISKES,EDWARDS,KENDALL,381,DEMOCRATIC,DEM
GP 2004,14TH DEMOCRATIC DELEGATE,4,8521,ANGELITA M.,GREVISKES,EDWARDS,KANE,2072,DEMOCRATIC,DEM
GP 2004,14TH DEMOCRATIC DELEGATE,4,8521,ANGELITA M.,GREVISKES,EDWARDS,DeKALB,423,DEMOCRATIC,DEM
GP 2004,14TH DEMOCRATIC DELEGATE,4,8521,ANGELITA M.,GREVISKES,EDWARDS,DuPAGE,295,DEMOCRATIC,DEM
GP 2004,14TH DEMOCRATIC DELEGATE,4,8522,PAUL L.,GREVISKES,EDWARDS,BUREAU,2,DEMOCRATIC,DEM
GP 2004,14TH DEMOCRATIC DELEGATE,4,8522,PAUL L.,GREVISKES,EDWARDS,LEE,234,DEMOCRATIC,DEM
GP 2004,14TH DEMOCRATIC DELEGATE,4,8522,PAUL L.,GREVISKES,EDWARDS,WHITESIDE,92,DEMOCRATIC,DEM
GP 2004,14TH DEMOCRATIC DELEGATE,4,8522,PAUL L.,GREVISKES,EDWARDS,HENRY,252,DEMOCRATIC,DEM
GP 2004,14TH DEMOCRATIC DELEGATE,4,8522,PAUL L.,GREVISKES,EDWARDS,KENDALL,359,DEMOCRATIC,DEM
GP 2004,14TH DEMOCRATIC DELEGATE,4,8522,PAUL L.,GREVISKES,EDWARDS,KANE,2046,DEMOCRATIC,DEM
GP 2004,14TH DEMOCRATIC DELEGATE,4,8522,PAUL L.,GREVISKES,EDWARDS,DeKALB,415,DEMOCRATIC,DEM
GP 2004,14TH DEMOCRATIC DELEGATE,4,8522,PAUL L.,GREVISKES,EDWARDS,DuPAGE,257,DEMOCRATIC,DEM
GP 2004,14TH DEMOCRATIC DELEGATE,4,8523,MARY F.,KOWALSKI,EDWARDS,BUREAU,3,DEMOCRATIC,DEM
GP 2004,14TH DEMOCRATIC DELEGATE,4,8523,MARY F.,KOWALSKI,EDWARDS,LEE,295,DEMOCRATIC,DEM
GP 2004,14TH DEMOCRATIC DELEGATE,4,8523,MARY F.,KOWALSKI,EDWARDS,WHITESIDE,108,DEMOCRATIC,DEM
GP 2004,14TH DEMOCRATIC DELEGATE,4,8523,MARY F.,KOWALSKI,EDWARDS,HENRY,284,DEMOCRATIC,DEM
GP 2004,14TH DEMOCRATIC DELEGATE,4,8523,MARY F.,KOWALSKI,EDWARDS,KENDALL,516,DEMOCRATIC,DEM
GP 2004,14TH DEMOCRATIC DELEGATE,4,8523,MARY F.,KOWALSKI,EDWARDS,KANE,2853,DEMOCRATIC,DEM
GP 2004,14TH DEMOCRATIC DELEGATE,4,8523,MARY F.,KOWALSKI,EDWARDS,DeKALB,590,DEMOCRATIC,DEM
GP 2004,14TH DEMOCRATIC DELEGATE,4,8523,MARY F.,KOWALSKI,EDWARDS,DuPAGE,381,DEMOCRATIC,DEM
GP 2004,8TH DEMOCRATIC DELEGATE,4,8524,JACK D.,FRANKS,EDWARDS,LAKE,2134,DEMOCRATIC,DEM
GP 2004,8TH DEMOCRATIC DELEGATE,4,8524,JACK D.,FRANKS,EDWARDS,McHENRY,2264,DEMOCRATIC,DEM
GP 2004,8TH DEMOCRATIC DELEGATE,4,8524,JACK D.,FRANKS,EDWARDS,COOK,1083,DEMOCRATIC,DEM
GP 2004,8TH DEMOCRATIC DELEGATE,4,8525,MARTHA B.,SWANSON,EDWARDS,LAKE,2199,DEMOCRATIC,DEM
GP 2004,8TH DEMOCRATIC DELEGATE,4,8525,MARTHA B.,SWANSON,EDWARDS,McHENRY,935,DEMOCRATIC,DEM
GP 2004,8TH DEMOCRATIC DELEGATE,4,8525,MARTHA B.,SWANSON,EDWARDS,COOK,1225,DEMOCRATIC,DEM
GP 2004,8TH DEMOCRATIC DELEGATE,4,8526,CARLOS JORGE,ACOSTA,EDWARDS,LAKE,1882,DEMOCRATIC,DEM
GP 2004,8TH DEMOCRATIC DELEGATE,4,8526,CARLOS JORGE,ACOSTA,EDWARDS,McHENRY,807,DEMOCRATIC,DEM
GP 2004,8TH DEMOCRATIC DELEGATE,4,8526,CARLOS JORGE,ACOSTA,EDWARDS,COOK,1012,DEMOCRATIC,DEM
GP 2004,8TH DEMOCRATIC DELEGATE,4,8527,MARY THERESE,RIGGS,EDWARDS,LAKE,2116,DEMOCRATIC,DEM
GP 2004,8TH DEMOCRATIC DELEGATE,4,8527,MARY THERESE,RIGGS,EDWARDS,McHENRY,907,DEMOCRATIC,DEM
GP 2004,8TH DEMOCRATIC DELEGATE,4,8527,MARY THERESE,RIGGS,EDWARDS,COOK,853,DEMOCRATIC,DEM
GP 2004,15TH DEMOCRATIC DELEGATE,5,8528,LA SHUNDA F.,HAMBRICK,EDWARDS,EDGAR,129,DEMOCRATIC,DEM
GP 2004,15TH DEMOCRATIC DELEGATE,5,8528,LA SHUNDA F.,HAMBRICK,EDWARDS,FORD,37,DEMOCRATIC,DEM
GP 2004,15TH DEMOCRATIC DELEGATE,5,8528,LA SHUNDA F.,HAMBRICK,EDWARDS,IROQUOIS,92,DEMOCRATIC,DEM
GP 2004,15TH DEMOCRATIC DELEGATE,5,8528,LA SHUNDA F.,HAMBRICK,EDWARDS,LIVINGSTON,236,DEMOCRATIC,DEM
GP 2004,15TH DEMOCRATIC DELEGATE,5,8528,LA SHUNDA F.,HAMBRICK,EDWARDS,PIATT,85,DEMOCRATIC,DEM
GP 2004,15TH DEMOCRATIC DELEGATE,5,8528,LA SHUNDA F.,HAMBRICK,EDWARDS,DOUGLAS,107,DEMOCRATIC,DEM
GP 2004,15TH DEMOCRATIC DELEGATE,5,8528,LA SHUNDA F.,HAMBRICK,EDWARDS,COLES,265,DEMOCRATIC,DEM
GP 2004,15TH DEMOCRATIC DELEGATE,5,8528,LA SHUNDA F.,HAMBRICK,EDWARDS,EDWARDS,7,DEMOCRATIC,DEM
GP 2004,15TH DEMOCRATIC DELEGATE,5,8528,LA SHUNDA F.,HAMBRICK,EDWARDS,WHITE,49,DEMOCRATIC,DEM
GP 2004,15TH DEMOCRATIC DELEGATE,5,8528,LA SHUNDA F.,HAMBRICK,EDWARDS,CRAWFORD,119,DEMOCRATIC,DEM
GP 2004,15TH DEMOCRATIC DELEGATE,5,8528,LA SHUNDA F.,HAMBRICK,EDWARDS,SALINE,78,DEMOCRATIC,DEM
GP 2004,15TH DEMOCRATIC DELEGATE,5,8528,LA SHUNDA F.,HAMBRICK,EDWARDS,CLARK,152,DEMOCRATIC,DEM
GP 2004,15TH DEMOCRATIC DELEGATE,5,8528,LA SHUNDA F.,HAMBRICK,EDWARDS,GALLATIN,15,DEMOCRATIC,DEM
GP 2004,15TH DEMOCRATIC DELEGATE,5,8528,LA SHUNDA F.,HAMBRICK,EDWARDS,WABASH,171,DEMOCRATIC,DEM
GP 2004,15TH DEMOCRATIC DELEGATE,5,8528,LA SHUNDA F.,HAMBRICK,EDWARDS,CHAMPAIGN,1924,DEMOCRATIC,DEM
GP 2004,15TH DEMOCRATIC DELEGATE,5,8528,LA SHUNDA F.,HAMBRICK,EDWARDS,MACON,174,DEMOCRATIC,DEM
GP 2004,15TH DEMOCRATIC DELEGATE,5,8528,LA SHUNDA F.,HAMBRICK,EDWARDS,MOULTRIE,111,DEMOCRATIC,DEM
GP 2004,15TH DEMOCRATIC DELEGATE,5,8528,LA SHUNDA F.,HAMBRICK,EDWARDS,CUMBERLAND,144,DEMOCRATIC,DEM
GP 2004,15TH DEMOCRATIC DELEGATE,5,8528,LA SHUNDA F.,HAMBRICK,EDWARDS,LAWRENCE,30,DEMOCRATIC,DEM
GP 2004,15TH DEMOCRATIC DELEGATE,5,8528,LA SHUNDA F.,HAMBRICK,EDWARDS,DeWITT,226,DEMOCRATIC,DEM
GP 2004,15TH DEMOCRATIC DELEGATE,5,8528,LA SHUNDA F.,HAMBRICK,EDWARDS,McLEAN,392,DEMOCRATIC,DEM
GP 2004,15TH DEMOCRATIC DELEGATE,5,8528,LA SHUNDA F.,HAMBRICK,EDWARDS,VERMILION,309,DEMOCRATIC,DEM
GP 2004,15TH DEMOCRATIC DELEGATE,5,8529,JOSHUA T.,HARTKE,EDWARDS,EDGAR,174,DEMOCRATIC,DEM
GP 2004,15TH DEMOCRATIC DELEGATE,5,8529,JOSHUA T.,HARTKE,EDWARDS,FORD,57,DEMOCRATIC,DEM
GP 2004,15TH DEMOCRATIC DELEGATE,5,8529,JOSHUA T.,HARTKE,EDWARDS,IROQUOIS,129,DEMOCRATIC,DEM
GP 2004,15TH DEMOCRATIC DELEGATE,5,8529,JOSHUA T.,HARTKE,EDWARDS,LIVINGSTON,288,DEMOCRATIC,DEM
GP 2004,15TH DEMOCRATIC DELEGATE,5,8529,JOSHUA T.,HARTKE,EDWARDS,PIATT,108,DEMOCRATIC,DEM
GP 2004,15TH DEMOCRATIC DELEGATE,5,8529,JOSHUA T.,HARTKE,EDWARDS,DOUGLAS,161,DEMOCRATIC,DEM
GP 2004,15TH DEMOCRATIC DELEGATE,5,8529,JOSHUA T.,HARTKE,EDWARDS,COLES,410,DEMOCRATIC,DEM
GP 2004,15TH DEMOCRATIC DELEGATE,5,8529,JOSHUA T.,HARTKE,EDWARDS,EDWARDS,8,DEMOCRATIC,DEM
GP 2004,15TH DEMOCRATIC DELEGATE,5,8529,JOSHUA T.,HARTKE,EDWARDS,WHITE,79,DEMOCRATIC,DEM
GP 2004,15TH DEMOCRATIC DELEGATE,5,8529,JOSHUA T.,HARTKE,EDWARDS,CRAWFORD,212,DEMOCRATIC,DEM
GP 2004,15TH DEMOCRATIC DELEGATE,5,8529,JOSHUA T.,HARTKE,EDWARDS,SALINE,93,DEMOCRATIC,DEM
GP 2004,15TH DEMOCRATIC DELEGATE,5,8529,JOSHUA T.,HARTKE,EDWARDS,CLARK,200,DEMOCRATIC,DEM
GP 2004,15TH DEMOCRATIC DELEGATE,5,8529,JOSHUA T.,HARTKE,EDWARDS,GALLATIN,24,DEMOCRATIC,DEM
GP 2004,15TH DEMOCRATIC DELEGATE,5,8529,JOSHUA T.,HARTKE,EDWARDS,WABASH,232,DEMOCRATIC,DEM
GP 2004,15TH DEMOCRATIC DELEGATE,5,8529,JOSHUA T.,HARTKE,EDWARDS,CHAMPAIGN,1728,DEMOCRATIC,DEM
GP 2004,15TH DEMOCRATIC DELEGATE,5,8529,JOSHUA T.,HARTKE,EDWARDS,MACON,243,DEMOCRATIC,DEM
GP 2004,15TH DEMOCRATIC DELEGATE,5,8529,JOSHUA T.,HARTKE,EDWARDS,MOULTRIE,154,DEMOCRATIC,DEM
GP 2004,15TH DEMOCRATIC DELEGATE,5,8529,JOSHUA T.,HARTKE,EDWARDS,CUMBERLAND,252,DEMOCRATIC,DEM
GP 2004,15TH DEMOCRATIC DELEGATE,5,8529,JOSHUA T.,HARTKE,EDWARDS,LAWRENCE,106,DEMOCRATIC,DEM
GP 2004,15TH DEMOCRATIC DELEGATE,5,8529,JOSHUA T.,HARTKE,EDWARDS,DeWITT,286,DEMOCRATIC,DEM
GP 2004,15TH DEMOCRATIC DELEGATE,5,8529,JOSHUA T.,HARTKE,EDWARDS,McLEAN,520,DEMOCRATIC,DEM
GP 2004,15TH DEMOCRATIC DELEGATE,5,8529,JOSHUA T.,HARTKE,EDWARDS,VERMILION,438,DEMOCRATIC,DEM
GP 2004,15TH DEMOCRATIC DELEGATE,5,8530,LEIGH ANNE,DORRIS,EDWARDS,EDGAR,164,DEMOCRATIC,DEM
GP 2004,15TH DEMOCRATIC DELEGATE,5,8530,LEIGH ANNE,DORRIS,EDWARDS,FORD,41,DEMOCRATIC,DEM
GP 2004,15TH DEMOCRATIC DELEGATE,5,8530,LEIGH ANNE,DORRIS,EDWARDS,IROQUOIS,111,DEMOCRATIC,DEM
GP 2004,15TH DEMOCRATIC DELEGATE,5,8530,LEIGH ANNE,DORRIS,EDWARDS,LIVINGSTON,298,DEMOCRATIC,DEM
GP 2004,15TH DEMOCRATIC DELEGATE,5,8530,LEIGH ANNE,DORRIS,EDWARDS,PIATT,96,DEMOCRATIC,DEM
GP 2004,15TH DEMOCRATIC DELEGATE,5,8530,LEIGH ANNE,DORRIS,EDWARDS,DOUGLAS,139,DEMOCRATIC,DEM
GP 2004,15TH DEMOCRATIC DELEGATE,5,8530,LEIGH ANNE,DORRIS,EDWARDS,COLES,329,DEMOCRATIC,DEM
GP 2004,15TH DEMOCRATIC DELEGATE,5,8530,LEIGH ANNE,DORRIS,EDWARDS,EDWARDS,6,DEMOCRATIC,DEM
GP 2004,15TH DEMOCRATIC DELEGATE,5,8530,LEIGH ANNE,DORRIS,EDWARDS,WHITE,54,DEMOCRATIC,DEM
GP 2004,15TH DEMOCRATIC DELEGATE,5,8530,LEIGH ANNE,DORRIS,EDWARDS,CRAWFORD,138,DEMOCRATIC,DEM
GP 2004,15TH DEMOCRATIC DELEGATE,5,8530,LEIGH ANNE,DORRIS,EDWARDS,SALINE,78,DEMOCRATIC,DEM
GP 2004,15TH DEMOCRATIC DELEGATE,5,8530,LEIGH ANNE,DORRIS,EDWARDS,CLARK,172,DEMOCRATIC,DEM
GP 2004,15TH DEMOCRATIC DELEGATE,5,8530,LEIGH ANNE,DORRIS,EDWARDS,GALLATIN,19,DEMOCRATIC,DEM
GP 2004,15TH DEMOCRATIC DELEGATE,5,8530,LEIGH ANNE,DORRIS,EDWARDS,WABASH,195,DEMOCRATIC,DEM
GP 2004,15TH DEMOCRATIC DELEGATE,5,8530,LEIGH ANNE,DORRIS,EDWARDS,CHAMPAIGN,1763,DEMOCRATIC,DEM
GP 2004,15TH DEMOCRATIC DELEGATE,5,8530,LEIGH ANNE,DORRIS,EDWARDS,MACON,229,DEMOCRATIC,DEM
GP 2004,15TH DEMOCRATIC DELEGATE,5,8530,LEIGH ANNE,DORRIS,EDWARDS,MOULTRIE,138,DEMOCRATIC,DEM
GP 2004,15TH DEMOCRATIC DELEGATE,5,8530,LEIGH ANNE,DORRIS,EDWARDS,CUMBERLAND,165,DEMOCRATIC,DEM
GP 2004,15TH DEMOCRATIC DELEGATE,5,8530,LEIGH ANNE,DORRIS,EDWARDS,LAWRENCE,55,DEMOCRATIC,DEM
GP 2004,15TH DEMOCRATIC DELEGATE,5,8530,LEIGH ANNE,DORRIS,EDWARDS,DeWITT,276,DEMOCRATIC,DEM
GP 2004,15TH DEMOCRATIC DELEGATE,5,8530,LEIGH ANNE,DORRIS,EDWARDS,McLEAN,535,DEMOCRATIC,DEM
GP 2004,15TH DEMOCRATIC DELEGATE,5,8530,LEIGH ANNE,DORRIS,EDWARDS,VERMILION,407,DEMOCRATIC,DEM
GP 2004,15TH DEMOCRATIC DELEGATE,5,8531,JAMES H.,"HAYES, JR.",EDWARDS,EDGAR,191,DEMOCRATIC,DEM
GP 2004,15TH DEMOCRATIC DELEGATE,5,8531,JAMES H.,"HAYES, JR.",EDWARDS,FORD,63,DEMOCRATIC,DEM
GP 2004,15TH DEMOCRATIC DELEGATE,5,8531,JAMES H.,"HAYES, JR.",EDWARDS,IROQUOIS,175,DEMOCRATIC,DEM
GP 2004,15TH DEMOCRATIC DELEGATE,5,8531,JAMES H.,"HAYES, JR.",EDWARDS,LIVINGSTON,364,DEMOCRATIC,DEM
GP 2004,15TH DEMOCRATIC DELEGATE,5,8531,JAMES H.,"HAYES, JR.",EDWARDS,PIATT,107,DEMOCRATIC,DEM
GP 2004,15TH DEMOCRATIC DELEGATE,5,8531,JAMES H.,"HAYES, JR.",EDWARDS,DOUGLAS,172,DEMOCRATIC,DEM
GP 2004,15TH DEMOCRATIC DELEGATE,5,8531,JAMES H.,"HAYES, JR.",EDWARDS,COLES,412,DEMOCRATIC,DEM
GP 2004,15TH DEMOCRATIC DELEGATE,5,8531,JAMES H.,"HAYES, JR.",EDWARDS,EDWARDS,8,DEMOCRATIC,DEM
GP 2004,15TH DEMOCRATIC DELEGATE,5,8531,JAMES H.,"HAYES, JR.",EDWARDS,WHITE,83,DEMOCRATIC,DEM
GP 2004,15TH DEMOCRATIC DELEGATE,5,8531,JAMES H.,"HAYES, JR.",EDWARDS,CRAWFORD,187,DEMOCRATIC,DEM
GP 2004,15TH DEMOCRATIC DELEGATE,5,8531,JAMES H.,"HAYES, JR.",EDWARDS,SALINE,98,DEMOCRATIC,DEM
GP 2004,15TH DEMOCRATIC DELEGATE,5,8531,JAMES H.,"HAYES, JR.",EDWARDS,CLARK,198,DEMOCRATIC,DEM
GP 2004,15TH DEMOCRATIC DELEGATE,5,8531,JAMES H.,"HAYES, JR.",EDWARDS,GALLATIN,23,DEMOCRATIC,DEM
GP 2004,15TH DEMOCRATIC DELEGATE,5,8531,JAMES H.,"HAYES, JR.",EDWARDS,WABASH,243,DEMOCRATIC,DEM
GP 2004,15TH DEMOCRATIC DELEGATE,5,8531,JAMES H.,"HAYES, JR.",EDWARDS,CHAMPAIGN,2092,DEMOCRATIC,DEM
GP 2004,15TH DEMOCRATIC DELEGATE,5,8531,JAMES H.,"HAYES, JR.",EDWARDS,MACON,295,DEMOCRATIC,DEM
GP 2004,15TH DEMOCRATIC DELEGATE,5,8531,JAMES H.,"HAYES, JR.",EDWARDS,MOULTRIE,170,DEMOCRATIC,DEM
GP 2004,15TH DEMOCRATIC DELEGATE,5,8531,JAMES H.,"HAYES, JR.",EDWARDS,CUMBERLAND,216,DEMOCRATIC,DEM
GP 2004,15TH DEMOCRATIC DELEGATE,5,8531,JAMES H.,"HAYES, JR.",EDWARDS,LAWRENCE,91,DEMOCRATIC,DEM
GP 2004,15TH DEMOCRATIC DELEGATE,5,8531,JAMES H.,"HAYES, JR.",EDWARDS,DeWITT,355,DEMOCRATIC,DEM
GP 2004,15TH DEMOCRATIC DELEGATE,5,8531,JAMES H.,"HAYES, JR.",EDWARDS,McLEAN,556,DEMOCRATIC,DEM
GP 2004,15TH DEMOCRATIC DELEGATE,5,8531,JAMES H.,"HAYES, JR.",EDWARDS,VERMILION,655,DEMOCRATIC,DEM
GP 2004,15TH DEMOCRATIC DELEGATE,5,8532,RITA R.,MENDIOLA,EDWARDS,EDGAR,49,DEMOCRATIC,DEM
GP 2004,15TH DEMOCRATIC DELEGATE,5,8532,RITA R.,MENDIOLA,EDWARDS,FORD,40,DEMOCRATIC,DEM
GP 2004,15TH DEMOCRATIC DELEGATE,5,8532,RITA R.,MENDIOLA,EDWARDS,IROQUOIS,104,DEMOCRATIC,DEM
GP 2004,15TH DEMOCRATIC DELEGATE,5,8532,RITA R.,MENDIOLA,EDWARDS,LIVINGSTON,85,DEMOCRATIC,DEM
GP 2004,15TH DEMOCRATIC DELEGATE,5,8532,RITA R.,MENDIOLA,EDWARDS,PIATT,91,DEMOCRATIC,DEM
GP 2004,15TH DEMOCRATIC DELEGATE,5,8532,RITA R.,MENDIOLA,EDWARDS,DOUGLAS,127,DEMOCRATIC,DEM
GP 2004,15TH DEMOCRATIC DELEGATE,5,8532,RITA R.,MENDIOLA,EDWARDS,COLES,308,DEMOCRATIC,DEM
GP 2004,15TH DEMOCRATIC DELEGATE,5,8532,RITA R.,MENDIOLA,EDWARDS,EDWARDS,3,DEMOCRATIC,DEM
GP 2004,15TH DEMOCRATIC DELEGATE,5,8532,RITA R.,MENDIOLA,EDWARDS,WHITE,49,DEMOCRATIC,DEM
GP 2004,15TH DEMOCRATIC DELEGATE,5,8532,RITA R.,MENDIOLA,EDWARDS,CRAWFORD,134,DEMOCRATIC,DEM
GP 2004,15TH DEMOCRATIC DELEGATE,5,8532,RITA R.,MENDIOLA,EDWARDS,SALINE,71,DEMOCRATIC,DEM
GP 2004,15TH DEMOCRATIC DELEGATE,5,8532,RITA R.,MENDIOLA,EDWARDS,CLARK,48,DEMOCRATIC,DEM
GP 2004,15TH DEMOCRATIC DELEGATE,5,8532,RITA R.,MENDIOLA,EDWARDS,GALLATIN,19,DEMOCRATIC,DEM
GP 2004,15TH DEMOCRATIC DELEGATE,5,8532,RITA R.,MENDIOLA,EDWARDS,WABASH,71,DEMOCRATIC,DEM
GP 2004,15TH DEMOCRATIC DELEGATE,5,8532,RITA R.,MENDIOLA,EDWARDS,CHAMPAIGN,611,DEMOCRATIC,DEM
GP 2004,15TH DEMOCRATIC DELEGATE,5,8532,RITA R.,MENDIOLA,EDWARDS,MACON,208,DEMOCRATIC,DEM
GP 2004,15TH DEMOCRATIC DELEGATE,5,8532,RITA R.,MENDIOLA,EDWARDS,MOULTRIE,131,DEMOCRATIC,DEM
GP 2004,15TH DEMOCRATIC DELEGATE,5,8532,RITA R.,MENDIOLA,EDWARDS,CUMBERLAND,155,DEMOCRATIC,DEM
GP 2004,15TH DEMOCRATIC DELEGATE,5,8532,RITA R.,MENDIOLA,EDWARDS,LAWRENCE,52,DEMOCRATIC,DEM
GP 2004,15TH DEMOCRATIC DELEGATE,5,8532,RITA R.,MENDIOLA,EDWARDS,DeWITT,81,DEMOCRATIC,DEM
GP 2004,15TH DEMOCRATIC DELEGATE,5,8532,RITA R.,MENDIOLA,EDWARDS,McLEAN,497,DEMOCRATIC,DEM
GP 2004,15TH DEMOCRATIC DELEGATE,5,8532,RITA R.,MENDIOLA,EDWARDS,VERMILION,356,DEMOCRATIC,DEM
GP 2004,6TH DEMOCRATIC ALTERNATE DELEGATE,1,8533,JAY,SETHI,EDWARDS,COOK,839,DEMOCRATIC,DEM
GP 2004,6TH DEMOCRATIC ALTERNATE DELEGATE,1,8533,JAY,SETHI,EDWARDS,DuPAGE,2713,DEMOCRATIC,DEM
GP 2004,14TH DEMOCRATIC ALTERNATE DELEGATE,1,8534,JAMES J.,SHERIDAN,EDWARDS,BUREAU,4,DEMOCRATIC,DEM
GP 2004,14TH DEMOCRATIC ALTERNATE DELEGATE,1,8534,JAMES J.,SHERIDAN,EDWARDS,LEE,329,DEMOCRATIC,DEM
GP 2004,14TH DEMOCRATIC ALTERNATE DELEGATE,1,8534,JAMES J.,SHERIDAN,EDWARDS,WHITESIDE,68,DEMOCRATIC,DEM
GP 2004,14TH DEMOCRATIC ALTERNATE DELEGATE,1,8534,JAMES J.,SHERIDAN,EDWARDS,HENRY,169,DEMOCRATIC,DEM
GP 2004,14TH DEMOCRATIC ALTERNATE DELEGATE,1,8534,JAMES J.,SHERIDAN,EDWARDS,KENDALL,357,DEMOCRATIC,DEM
GP 2004,14TH DEMOCRATIC ALTERNATE DELEGATE,1,8534,JAMES J.,SHERIDAN,EDWARDS,KANE,2060,DEMOCRATIC,DEM
GP 2004,14TH DEMOCRATIC ALTERNATE DELEGATE,1,8534,JAMES J.,SHERIDAN,EDWARDS,DeKALB,481,DEMOCRATIC,DEM
GP 2004,14TH DEMOCRATIC ALTERNATE DELEGATE,1,8534,JAMES J.,SHERIDAN,EDWARDS,DuPAGE,290,DEMOCRATIC,DEM
GP 2004,8TH DEMOCRATIC ALTERNATE DELEGATE,1,8535,MICHAEL J.,LACKEY,EDWARDS,LAKE,2654,DEMOCRATIC,DEM
GP 2004,8TH DEMOCRATIC ALTERNATE DELEGATE,1,8535,MICHAEL J.,LACKEY,EDWARDS,McHENRY,989,DEMOCRATIC,DEM
GP 2004,8TH DEMOCRATIC ALTERNATE DELEGATE,1,8535,MICHAEL J.,LACKEY,EDWARDS,COOK,1215,DEMOCRATIC,DEM
GP 2004,18TH DEMOCRATIC DELEGATE,5,8536,CHAUNTELLE A.,BIAGI,EDWARDS,BROWN,26,DEMOCRATIC,DEM
GP 2004,18TH DEMOCRATIC DELEGATE,5,8536,CHAUNTELLE A.,BIAGI,EDWARDS,LOGAN,67,DEMOCRATIC,DEM
GP 2004,18TH DEMOCRATIC DELEGATE,5,8536,CHAUNTELLE A.,BIAGI,EDWARDS,SCHUYLER,34,DEMOCRATIC,DEM
GP 2004,18TH DEMOCRATIC DELEGATE,5,8536,CHAUNTELLE A.,BIAGI,EDWARDS,MARSHALL,48,DEMOCRATIC,DEM
GP 2004,18TH DEMOCRATIC DELEGATE,5,8536,CHAUNTELLE A.,BIAGI,EDWARDS,MENARD,47,DEMOCRATIC,DEM
GP 2004,18TH DEMOCRATIC DELEGATE,5,8536,CHAUNTELLE A.,BIAGI,EDWARDS,STARK,18,DEMOCRATIC,DEM
GP 2004,18TH DEMOCRATIC DELEGATE,5,8536,CHAUNTELLE A.,BIAGI,EDWARDS,WOODFORD,121,DEMOCRATIC,DEM
GP 2004,18TH DEMOCRATIC DELEGATE,5,8536,CHAUNTELLE A.,BIAGI,EDWARDS,MASON,303,DEMOCRATIC,DEM
GP 2004,18TH DEMOCRATIC DELEGATE,5,8536,CHAUNTELLE A.,BIAGI,EDWARDS,BUREAU,153,DEMOCRATIC,DEM
GP 2004,18TH DEMOCRATIC DELEGATE,5,8536,CHAUNTELLE A.,BIAGI,EDWARDS,PIKE,131,DEMOCRATIC,DEM
GP 2004,18TH DEMOCRATIC DELEGATE,5,8536,CHAUNTELLE A.,BIAGI,EDWARDS,CASS,166,DEMOCRATIC,DEM
GP 2004,18TH DEMOCRATIC DELEGATE,5,8536,CHAUNTELLE A.,BIAGI,EDWARDS,MORGAN,155,DEMOCRATIC,DEM
GP 2004,18TH DEMOCRATIC DELEGATE,5,8536,CHAUNTELLE A.,BIAGI,EDWARDS,PUTNAM,341,DEMOCRATIC,DEM
GP 2004,18TH DEMOCRATIC DELEGATE,5,8536,CHAUNTELLE A.,BIAGI,EDWARDS,TAZEWELL,1505,DEMOCRATIC,DEM
GP 2004,18TH DEMOCRATIC DELEGATE,5,8536,CHAUNTELLE A.,BIAGI,EDWARDS,SANGAMON,488,DEMOCRATIC,DEM
GP 2004,18TH DEMOCRATIC DELEGATE,5,8536,CHAUNTELLE A.,BIAGI,EDWARDS,SCOTT,29,DEMOCRATIC,DEM
GP 2004,18TH DEMOCRATIC DELEGATE,5,8536,CHAUNTELLE A.,BIAGI,EDWARDS,MACON,248,DEMOCRATIC,DEM
GP 2004,18TH DEMOCRATIC DELEGATE,5,8536,CHAUNTELLE A.,BIAGI,EDWARDS,KNOX,84,DEMOCRATIC,DEM
GP 2004,18TH DEMOCRATIC DELEGATE,5,8536,CHAUNTELLE A.,BIAGI,EDWARDS,PEORIA,1012,DEMOCRATIC,DEM
GP 2004,18TH DEMOCRATIC DELEGATE,5,8536,CHAUNTELLE A.,BIAGI,EDWARDS,ADAMS,53,DEMOCRATIC,DEM
GP 2004,18TH DEMOCRATIC DELEGATE,5,8537,FRANK J.,MAUTINO,EDWARDS,BROWN,24,DEMOCRATIC,DEM
GP 2004,18TH DEMOCRATIC DELEGATE,5,8537,FRANK J.,MAUTINO,EDWARDS,LOGAN,59,DEMOCRATIC,DEM
GP 2004,18TH DEMOCRATIC DELEGATE,5,8537,FRANK J.,MAUTINO,EDWARDS,SCHUYLER,36,DEMOCRATIC,DEM
GP 2004,18TH DEMOCRATIC DELEGATE,5,8537,FRANK J.,MAUTINO,EDWARDS,MARSHALL,85,DEMOCRATIC,DEM
GP 2004,18TH DEMOCRATIC DELEGATE,5,8537,FRANK J.,MAUTINO,EDWARDS,MENARD,58,DEMOCRATIC,DEM
GP 2004,18TH DEMOCRATIC DELEGATE,5,8537,FRANK J.,MAUTINO,EDWARDS,STARK,27,DEMOCRATIC,DEM
GP 2004,18TH DEMOCRATIC DELEGATE,5,8537,FRANK J.,MAUTINO,EDWARDS,WOODFORD,140,DEMOCRATIC,DEM
GP 2004,18TH DEMOCRATIC DELEGATE,5,8537,FRANK J.,MAUTINO,EDWARDS,MASON,312,DEMOCRATIC,DEM
GP 2004,18TH DEMOCRATIC DELEGATE,5,8537,FRANK J.,MAUTINO,EDWARDS,BUREAU,643,DEMOCRATIC,DEM
GP 2004,18TH DEMOCRATIC DELEGATE,5,8537,FRANK J.,MAUTINO,EDWARDS,PIKE,135,DEMOCRATIC,DEM
GP 2004,18TH DEMOCRATIC DELEGATE,5,8537,FRANK J.,MAUTINO,EDWARDS,CASS,185,DEMOCRATIC,DEM
GP 2004,18TH DEMOCRATIC DELEGATE,5,8537,FRANK J.,MAUTINO,EDWARDS,MORGAN,190,DEMOCRATIC,DEM
GP 2004,18TH DEMOCRATIC DELEGATE,5,8537,FRANK J.,MAUTINO,EDWARDS,PUTNAM,531,DEMOCRATIC,DEM
GP 2004,18TH DEMOCRATIC DELEGATE,5,8537,FRANK J.,MAUTINO,EDWARDS,TAZEWELL,1643,DEMOCRATIC,DEM
GP 2004,18TH DEMOCRATIC DELEGATE,5,8537,FRANK J.,MAUTINO,EDWARDS,SANGAMON,497,DEMOCRATIC,DEM
GP 2004,18TH DEMOCRATIC DELEGATE,5,8537,FRANK J.,MAUTINO,EDWARDS,SCOTT,36,DEMOCRATIC,DEM
GP 2004,18TH DEMOCRATIC DELEGATE,5,8537,FRANK J.,MAUTINO,EDWARDS,MACON,287,DEMOCRATIC,DEM
GP 2004,18TH DEMOCRATIC DELEGATE,5,8537,FRANK J.,MAUTINO,EDWARDS,KNOX,78,DEMOCRATIC,DEM
GP 2004,18TH DEMOCRATIC DELEGATE,5,8537,FRANK J.,MAUTINO,EDWARDS,PEORIA,1264,DEMOCRATIC,DEM
GP 2004,18TH DEMOCRATIC DELEGATE,5,8537,FRANK J.,MAUTINO,EDWARDS,ADAMS,69,DEMOCRATIC,DEM
GP 2004,18TH DEMOCRATIC DELEGATE,5,8538,CAREY L.,MAYER,EDWARDS,BROWN,27,DEMOCRATIC,DEM
GP 2004,18TH DEMOCRATIC DELEGATE,5,8538,CAREY L.,MAYER,EDWARDS,LOGAN,63,DEMOCRATIC,DEM
GP 2004,18TH DEMOCRATIC DELEGATE,5,8538,CAREY L.,MAYER,EDWARDS,SCHUYLER,42,DEMOCRATIC,DEM
GP 2004,18TH DEMOCRATIC DELEGATE,5,8538,CAREY L.,MAYER,EDWARDS,MARSHALL,48,DEMOCRATIC,DEM
GP 2004,18TH DEMOCRATIC DELEGATE,5,8538,CAREY L.,MAYER,EDWARDS,MENARD,51,DEMOCRATIC,DEM
GP 2004,18TH DEMOCRATIC DELEGATE,5,8538,CAREY L.,MAYER,EDWARDS,STARK,18,DEMOCRATIC,DEM
GP 2004,18TH DEMOCRATIC DELEGATE,5,8538,CAREY L.,MAYER,EDWARDS,WOODFORD,131,DEMOCRATIC,DEM
GP 2004,18TH DEMOCRATIC DELEGATE,5,8538,CAREY L.,MAYER,EDWARDS,MASON,126,DEMOCRATIC,DEM
GP 2004,18TH DEMOCRATIC DELEGATE,5,8538,CAREY L.,MAYER,EDWARDS,BUREAU,190,DEMOCRATIC,DEM
GP 2004,18TH DEMOCRATIC DELEGATE,5,8538,CAREY L.,MAYER,EDWARDS,PIKE,39,DEMOCRATIC,DEM
GP 2004,18TH DEMOCRATIC DELEGATE,5,8538,CAREY L.,MAYER,EDWARDS,CASS,57,DEMOCRATIC,DEM
GP 2004,18TH DEMOCRATIC DELEGATE,5,8538,CAREY L.,MAYER,EDWARDS,MORGAN,65,DEMOCRATIC,DEM
GP 2004,18TH DEMOCRATIC DELEGATE,5,8538,CAREY L.,MAYER,EDWARDS,PUTNAM,161,DEMOCRATIC,DEM
GP 2004,18TH DEMOCRATIC DELEGATE,5,8538,CAREY L.,MAYER,EDWARDS,TAZEWELL,408,DEMOCRATIC,DEM
GP 2004,18TH DEMOCRATIC DELEGATE,5,8538,CAREY L.,MAYER,EDWARDS,SANGAMON,417,DEMOCRATIC,DEM
GP 2004,18TH DEMOCRATIC DELEGATE,5,8538,CAREY L.,MAYER,EDWARDS,SCOTT,42,DEMOCRATIC,DEM
GP 2004,18TH DEMOCRATIC DELEGATE,5,8538,CAREY L.,MAYER,EDWARDS,MACON,314,DEMOCRATIC,DEM
GP 2004,18TH DEMOCRATIC DELEGATE,5,8538,CAREY L.,MAYER,EDWARDS,KNOX,12,DEMOCRATIC,DEM
GP 2004,18TH DEMOCRATIC DELEGATE,5,8538,CAREY L.,MAYER,EDWARDS,PEORIA,1262,DEMOCRATIC,DEM
GP 2004,18TH DEMOCRATIC DELEGATE,5,8538,CAREY L.,MAYER,EDWARDS,ADAMS,87,DEMOCRATIC,DEM
GP 2004,18TH DEMOCRATIC DELEGATE,5,8539,MARTIN,CLINCH,EDWARDS,BROWN,24,DEMOCRATIC,DEM
GP 2004,18TH DEMOCRATIC DELEGATE,5,8539,MARTIN,CLINCH,EDWARDS,LOGAN,54,DEMOCRATIC,DEM
GP 2004,18TH DEMOCRATIC DELEGATE,5,8539,MARTIN,CLINCH,EDWARDS,SCHUYLER,37,DEMOCRATIC,DEM
GP 2004,18TH DEMOCRATIC DELEGATE,5,8539,MARTIN,CLINCH,EDWARDS,MARSHALL,44,DEMOCRATIC,DEM
GP 2004,18TH DEMOCRATIC DELEGATE,5,8539,MARTIN,CLINCH,EDWARDS,MENARD,50,DEMOCRATIC,DEM
GP 2004,18TH DEMOCRATIC DELEGATE,5,8539,MARTIN,CLINCH,EDWARDS,STARK,13,DEMOCRATIC,DEM
GP 2004,18TH DEMOCRATIC DELEGATE,5,8539,MARTIN,CLINCH,EDWARDS,WOODFORD,128,DEMOCRATIC,DEM
GP 2004,18TH DEMOCRATIC DELEGATE,5,8539,MARTIN,CLINCH,EDWARDS,MASON,103,DEMOCRATIC,DEM
GP 2004,18TH DEMOCRATIC DELEGATE,5,8539,MARTIN,CLINCH,EDWARDS,BUREAU,205,DEMOCRATIC,DEM
GP 2004,18TH DEMOCRATIC DELEGATE,5,8539,MARTIN,CLINCH,EDWARDS,PIKE,35,DEMOCRATIC,DEM
GP 2004,18TH DEMOCRATIC DELEGATE,5,8539,MARTIN,CLINCH,EDWARDS,CASS,47,DEMOCRATIC,DEM
GP 2004,18TH DEMOCRATIC DELEGATE,5,8539,MARTIN,CLINCH,EDWARDS,MORGAN,45,DEMOCRATIC,DEM
GP 2004,18TH DEMOCRATIC DELEGATE,5,8539,MARTIN,CLINCH,EDWARDS,PUTNAM,55,DEMOCRATIC,DEM
GP 2004,18TH DEMOCRATIC DELEGATE,5,8539,MARTIN,CLINCH,EDWARDS,TAZEWELL,404,DEMOCRATIC,DEM
GP 2004,18TH DEMOCRATIC DELEGATE,5,8539,MARTIN,CLINCH,EDWARDS,SANGAMON,379,DEMOCRATIC,DEM
GP 2004,18TH DEMOCRATIC DELEGATE,5,8539,MARTIN,CLINCH,EDWARDS,SCOTT,37,DEMOCRATIC,DEM
GP 2004,18TH DEMOCRATIC DELEGATE,5,8539,MARTIN,CLINCH,EDWARDS,MACON,288,DEMOCRATIC,DEM
GP 2004,18TH DEMOCRATIC DELEGATE,5,8539,MARTIN,CLINCH,EDWARDS,KNOX,11,DEMOCRATIC,DEM
GP 2004,18TH DEMOCRATIC DELEGATE,5,8539,MARTIN,CLINCH,EDWARDS,PEORIA,1327,DEMOCRATIC,DEM
GP 2004,18TH DEMOCRATIC DELEGATE,5,8539,MARTIN,CLINCH,EDWARDS,ADAMS,68,DEMOCRATIC,DEM
GP 2004,18TH DEMOCRATIC DELEGATE,5,8540,MARY R.,CRUZ,EDWARDS,BROWN,21,DEMOCRATIC,DEM
GP 2004,18TH DEMOCRATIC DELEGATE,5,8540,MARY R.,CRUZ,EDWARDS,LOGAN,58,DEMOCRATIC,DEM
GP 2004,18TH DEMOCRATIC DELEGATE,5,8540,MARY R.,CRUZ,EDWARDS,SCHUYLER,34,DEMOCRATIC,DEM
GP 2004,18TH DEMOCRATIC DELEGATE,5,8540,MARY R.,CRUZ,EDWARDS,MARSHALL,55,DEMOCRATIC,DEM
GP 2004,18TH DEMOCRATIC DELEGATE,5,8540,MARY R.,CRUZ,EDWARDS,MENARD,49,DEMOCRATIC,DEM
GP 2004,18TH DEMOCRATIC DELEGATE,5,8540,MARY R.,CRUZ,EDWARDS,STARK,16,DEMOCRATIC,DEM
GP 2004,18TH DEMOCRATIC DELEGATE,5,8540,MARY R.,CRUZ,EDWARDS,WOODFORD,115,DEMOCRATIC,DEM
GP 2004,18TH DEMOCRATIC DELEGATE,5,8540,MARY R.,CRUZ,EDWARDS,MASON,98,DEMOCRATIC,DEM
GP 2004,18TH DEMOCRATIC DELEGATE,5,8540,MARY R.,CRUZ,EDWARDS,BUREAU,285,DEMOCRATIC,DEM
GP 2004,18TH DEMOCRATIC DELEGATE,5,8540,MARY R.,CRUZ,EDWARDS,PIKE,35,DEMOCRATIC,DEM
GP 2004,18TH DEMOCRATIC DELEGATE,5,8540,MARY R.,CRUZ,EDWARDS,CASS,51,DEMOCRATIC,DEM
GP 2004,18TH DEMOCRATIC DELEGATE,5,8540,MARY R.,CRUZ,EDWARDS,MORGAN,54,DEMOCRATIC,DEM
GP 2004,18TH DEMOCRATIC DELEGATE,5,8540,MARY R.,CRUZ,EDWARDS,PUTNAM,56,DEMOCRATIC,DEM
GP 2004,18TH DEMOCRATIC DELEGATE,5,8540,MARY R.,CRUZ,EDWARDS,TAZEWELL,403,DEMOCRATIC,DEM
GP 2004,18TH DEMOCRATIC DELEGATE,5,8540,MARY R.,CRUZ,EDWARDS,SANGAMON,445,DEMOCRATIC,DEM
GP 2004,18TH DEMOCRATIC DELEGATE,5,8540,MARY R.,CRUZ,EDWARDS,SCOTT,40,DEMOCRATIC,DEM
GP 2004,18TH DEMOCRATIC DELEGATE,5,8540,MARY R.,CRUZ,EDWARDS,MACON,349,DEMOCRATIC,DEM
GP 2004,18TH DEMOCRATIC DELEGATE,5,8540,MARY R.,CRUZ,EDWARDS,KNOX,15,DEMOCRATIC,DEM
GP 2004,18TH DEMOCRATIC DELEGATE,5,8540,MARY R.,CRUZ,EDWARDS,PEORIA,1401,DEMOCRATIC,DEM
GP 2004,18TH DEMOCRATIC DELEGATE,5,8540,MARY R.,CRUZ,EDWARDS,ADAMS,75,DEMOCRATIC,DEM
GP 2004,10TH DEMOCRATIC DELEGATE,5,8541,DEBORAH L.,KARTON,EDWARDS,LAKE,2224,DEMOCRATIC,DEM
GP 2004,10TH DEMOCRATIC DELEGATE,5,8541,DEBORAH L.,KARTON,EDWARDS,COOK,2579,DEMOCRATIC,DEM
GP 2004,10TH DEMOCRATIC DELEGATE,5,8542,JOSE ANTONIO,FIGUEROA,EDWARDS,LAKE,2770,DEMOCRATIC,DEM
GP 2004,10TH DEMOCRATIC DELEGATE,5,8542,JOSE ANTONIO,FIGUEROA,EDWARDS,COOK,2367,DEMOCRATIC,DEM
GP 2004,10TH DEMOCRATIC DELEGATE,5,8543,SHEILA H.,GUTMAN,EDWARDS,LAKE,2767,DEMOCRATIC,DEM
GP 2004,10TH DEMOCRATIC DELEGATE,5,8543,SHEILA H.,GUTMAN,EDWARDS,COOK,2515,DEMOCRATIC,DEM
GP 2004,10TH DEMOCRATIC DELEGATE,5,8544,MATHEW H.,MARCUS,EDWARDS,LAKE,2093,DEMOCRATIC,DEM
GP 2004,10TH DEMOCRATIC DELEGATE,5,8544,MATHEW H.,MARCUS,EDWARDS,COOK,1680,DEMOCRATIC,DEM
GP 2004,10TH DEMOCRATIC DELEGATE,5,8545,MARGARET S.,CORBOY,EDWARDS,LAKE,1998,DEMOCRATIC,DEM
GP 2004,10TH DEMOCRATIC DELEGATE,5,8545,MARGARET S.,CORBOY,EDWARDS,COOK,1873,DEMOCRATIC,DEM
GP 2004,17TH DEMOCRATIC DELEGATE,5,8552,DENNIS A.,VANDERGINST,EDWARDS,JERSEY,16,DEMOCRATIC,DEM
GP 2004,17TH DEMOCRATIC DELEGATE,5,8552,DENNIS A.,VANDERGINST,EDWARDS,GREENE,133,DEMOCRATIC,DEM
GP 2004,17TH DEMOCRATIC DELEGATE,5,8552,DENNIS A.,VANDERGINST,EDWARDS,MERCER,196,DEMOCRATIC,DEM
GP 2004,17TH DEMOCRATIC DELEGATE,5,8552,DENNIS A.,VANDERGINST,EDWARDS,FULTON,733,DEMOCRATIC,DEM
GP 2004,17TH DEMOCRATIC DELEGATE,5,8552,DENNIS A.,VANDERGINST,EDWARDS,HANCOCK,96,DEMOCRATIC,DEM
GP 2004,17TH DEMOCRATIC DELEGATE,5,8552,DENNIS A.,VANDERGINST,EDWARDS,MACOUPIN,868,DEMOCRATIC,DEM
GP 2004,17TH DEMOCRATIC DELEGATE,5,8552,DENNIS A.,VANDERGINST,EDWARDS,SHELBY,28,DEMOCRATIC,DEM
GP 2004,17TH DEMOCRATIC DELEGATE,5,8552,DENNIS A.,VANDERGINST,EDWARDS,WARREN,234,DEMOCRATIC,DEM
GP 2004,17TH DEMOCRATIC DELEGATE,5,8552,DENNIS A.,VANDERGINST,EDWARDS,PIKE,86,DEMOCRATIC,DEM
GP 2004,17TH DEMOCRATIC DELEGATE,5,8552,DENNIS A.,VANDERGINST,EDWARDS,HENDERSON,23,DEMOCRATIC,DEM
GP 2004,17TH DEMOCRATIC DELEGATE,5,8552,DENNIS A.,VANDERGINST,EDWARDS,ROCK ISLAND,3470,DEMOCRATIC,DEM
GP 2004,17TH DEMOCRATIC DELEGATE,5,8552,DENNIS A.,VANDERGINST,EDWARDS,WHITESIDE,307,DEMOCRATIC,DEM
GP 2004,17TH DEMOCRATIC DELEGATE,5,8552,DENNIS A.,VANDERGINST,EDWARDS,FAYETTE,52,DEMOCRATIC,DEM
GP 2004,17TH DEMOCRATIC DELEGATE,5,8552,DENNIS A.,VANDERGINST,EDWARDS,CALHOUN,41,DEMOCRATIC,DEM
GP 2004,17TH DEMOCRATIC DELEGATE,5,8552,DENNIS A.,VANDERGINST,EDWARDS,MONTGOMERY,91,DEMOCRATIC,DEM
GP 2004,17TH DEMOCRATIC DELEGATE,5,8552,DENNIS A.,VANDERGINST,EDWARDS,MADISON,52,DEMOCRATIC,DEM
GP 2004,17TH DEMOCRATIC DELEGATE,5,8552,DENNIS A.,VANDERGINST,EDWARDS,SANGAMON,157,DEMOCRATIC,DEM
GP 2004,17TH DEMOCRATIC DELEGATE,5,8552,DENNIS A.,VANDERGINST,EDWARDS,HENRY,277,DEMOCRATIC,DEM
GP 2004,17TH DEMOCRATIC DELEGATE,5,8552,DENNIS A.,VANDERGINST,EDWARDS,McDONOUGH,189,DEMOCRATIC,DEM
GP 2004,17TH DEMOCRATIC DELEGATE,5,8552,DENNIS A.,VANDERGINST,EDWARDS,MACON,614,DEMOCRATIC,DEM
GP 2004,17TH DEMOCRATIC DELEGATE,5,8552,DENNIS A.,VANDERGINST,EDWARDS,KNOX,506,DEMOCRATIC,DEM
GP 2004,17TH DEMOCRATIC DELEGATE,5,8552,DENNIS A.,VANDERGINST,EDWARDS,ADAMS,276,DEMOCRATIC,DEM
GP 2004,17TH DEMOCRATIC DELEGATE,5,8552,DENNIS A.,VANDERGINST,EDWARDS,CHRISTIAN,136,DEMOCRATIC,DEM
GP 2004,17TH DEMOCRATIC DELEGATE,5,8553,M. EVA,SAVALA,EDWARDS,JERSEY,22,DEMOCRATIC,DEM
GP 2004,17TH DEMOCRATIC DELEGATE,5,8553,M. EVA,SAVALA,EDWARDS,GREENE,139,DEMOCRATIC,DEM
GP 2004,17TH DEMOCRATIC DELEGATE,5,8553,M. EVA,SAVALA,EDWARDS,MERCER,160,DEMOCRATIC,DEM
GP 2004,17TH DEMOCRATIC DELEGATE,5,8553,M. EVA,SAVALA,EDWARDS,FULTON,724,DEMOCRATIC,DEM
GP 2004,17TH DEMOCRATIC DELEGATE,5,8553,M. EVA,SAVALA,EDWARDS,HANCOCK,100,DEMOCRATIC,DEM
GP 2004,17TH DEMOCRATIC DELEGATE,5,8553,M. EVA,SAVALA,EDWARDS,MACOUPIN,794,DEMOCRATIC,DEM
GP 2004,17TH DEMOCRATIC DELEGATE,5,8553,M. EVA,SAVALA,EDWARDS,SHELBY,25,DEMOCRATIC,DEM
GP 2004,17TH DEMOCRATIC DELEGATE,5,8553,M. EVA,SAVALA,EDWARDS,WARREN,222,DEMOCRATIC,DEM
GP 2004,17TH DEMOCRATIC DELEGATE,5,8553,M. EVA,SAVALA,EDWARDS,PIKE,87,DEMOCRATIC,DEM
GP 2004,17TH DEMOCRATIC DELEGATE,5,8553,M. EVA,SAVALA,EDWARDS,HENDERSON,27,DEMOCRATIC,DEM
GP 2004,17TH DEMOCRATIC DELEGATE,5,8553,M. EVA,SAVALA,EDWARDS,ROCK ISLAND,2897,DEMOCRATIC,DEM
GP 2004,17TH DEMOCRATIC DELEGATE,5,8553,M. EVA,SAVALA,EDWARDS,WHITESIDE,305,DEMOCRATIC,DEM
GP 2004,17TH DEMOCRATIC DELEGATE,5,8553,M. EVA,SAVALA,EDWARDS,FAYETTE,52,DEMOCRATIC,DEM
GP 2004,17TH DEMOCRATIC DELEGATE,5,8553,M. EVA,SAVALA,EDWARDS,CALHOUN,39,DEMOCRATIC,DEM
GP 2004,17TH DEMOCRATIC DELEGATE,5,8553,M. EVA,SAVALA,EDWARDS,MONTGOMERY,90,DEMOCRATIC,DEM
GP 2004,17TH DEMOCRATIC DELEGATE,5,8553,M. EVA,SAVALA,EDWARDS,MADISON,58,DEMOCRATIC,DEM
GP 2004,17TH DEMOCRATIC DELEGATE,5,8553,M. EVA,SAVALA,EDWARDS,SANGAMON,150,DEMOCRATIC,DEM
GP 2004,17TH DEMOCRATIC DELEGATE,5,8553,M. EVA,SAVALA,EDWARDS,HENRY,263,DEMOCRATIC,DEM
GP 2004,17TH DEMOCRATIC DELEGATE,5,8553,M. EVA,SAVALA,EDWARDS,McDONOUGH,191,DEMOCRATIC,DEM
GP 2004,17TH DEMOCRATIC DELEGATE,5,8553,M. EVA,SAVALA,EDWARDS,MACON,597,DEMOCRATIC,DEM
GP 2004,17TH DEMOCRATIC DELEGATE,5,8553,M. EVA,SAVALA,EDWARDS,KNOX,460,DEMOCRATIC,DEM
GP 2004,17TH DEMOCRATIC DELEGATE,5,8553,M. EVA,SAVALA,EDWARDS,ADAMS,400,DEMOCRATIC,DEM
GP 2004,17TH DEMOCRATIC DELEGATE,5,8553,M. EVA,SAVALA,EDWARDS,CHRISTIAN,138,DEMOCRATIC,DEM
GP 2004,17TH DEMOCRATIC DELEGATE,5,8554,ROBIN A.,JOHNSON,EDWARDS,JERSEY,21,DEMOCRATIC,DEM
GP 2004,17TH DEMOCRATIC DELEGATE,5,8554,ROBIN A.,JOHNSON,EDWARDS,GREENE,143,DEMOCRATIC,DEM
GP 2004,17TH DEMOCRATIC DELEGATE,5,8554,ROBIN A.,JOHNSON,EDWARDS,MERCER,169,DEMOCRATIC,DEM
GP 2004,17TH DEMOCRATIC DELEGATE,5,8554,ROBIN A.,JOHNSON,EDWARDS,FULTON,857,DEMOCRATIC,DEM
GP 2004,17TH DEMOCRATIC DELEGATE,5,8554,ROBIN A.,JOHNSON,EDWARDS,HANCOCK,107,DEMOCRATIC,DEM
GP 2004,17TH DEMOCRATIC DELEGATE,5,8554,ROBIN A.,JOHNSON,EDWARDS,MACOUPIN,987,DEMOCRATIC,DEM
GP 2004,17TH DEMOCRATIC DELEGATE,5,8554,ROBIN A.,JOHNSON,EDWARDS,SHELBY,26,DEMOCRATIC,DEM
GP 2004,17TH DEMOCRATIC DELEGATE,5,8554,ROBIN A.,JOHNSON,EDWARDS,WARREN,307,DEMOCRATIC,DEM
GP 2004,17TH DEMOCRATIC DELEGATE,5,8554,ROBIN A.,JOHNSON,EDWARDS,PIKE,104,DEMOCRATIC,DEM
GP 2004,17TH DEMOCRATIC DELEGATE,5,8554,ROBIN A.,JOHNSON,EDWARDS,HENDERSON,33,DEMOCRATIC,DEM
GP 2004,17TH DEMOCRATIC DELEGATE,5,8554,ROBIN A.,JOHNSON,EDWARDS,ROCK ISLAND,2648,DEMOCRATIC,DEM
GP 2004,17TH DEMOCRATIC DELEGATE,5,8554,ROBIN A.,JOHNSON,EDWARDS,WHITESIDE,325,DEMOCRATIC,DEM
GP 2004,17TH DEMOCRATIC DELEGATE,5,8554,ROBIN A.,JOHNSON,EDWARDS,FAYETTE,55,DEMOCRATIC,DEM
GP 2004,17TH DEMOCRATIC DELEGATE,5,8554,ROBIN A.,JOHNSON,EDWARDS,CALHOUN,43,DEMOCRATIC,DEM
GP 2004,17TH DEMOCRATIC DELEGATE,5,8554,ROBIN A.,JOHNSON,EDWARDS,MONTGOMERY,101,DEMOCRATIC,DEM
GP 2004,17TH DEMOCRATIC DELEGATE,5,8554,ROBIN A.,JOHNSON,EDWARDS,MADISON,66,DEMOCRATIC,DEM
GP 2004,17TH DEMOCRATIC DELEGATE,5,8554,ROBIN A.,JOHNSON,EDWARDS,SANGAMON,147,DEMOCRATIC,DEM
GP 2004,17TH DEMOCRATIC DELEGATE,5,8554,ROBIN A.,JOHNSON,EDWARDS,HENRY,276,DEMOCRATIC,DEM
GP 2004,17TH DEMOCRATIC DELEGATE,5,8554,ROBIN A.,JOHNSON,EDWARDS,McDONOUGH,244,DEMOCRATIC,DEM
GP 2004,17TH DEMOCRATIC DELEGATE,5,8554,ROBIN A.,JOHNSON,EDWARDS,MACON,765,DEMOCRATIC,DEM
GP 2004,17TH DEMOCRATIC DELEGATE,5,8554,ROBIN A.,JOHNSON,EDWARDS,KNOX,584,DEMOCRATIC,DEM
GP 2004,17TH DEMOCRATIC DELEGATE,5,8554,ROBIN A.,JOHNSON,EDWARDS,ADAMS,506,DEMOCRATIC,DEM
GP 2004,17TH DEMOCRATIC DELEGATE,5,8554,ROBIN A.,JOHNSON,EDWARDS,CHRISTIAN,157,DEMOCRATIC,DEM
GP 2004,17TH DEMOCRATIC DELEGATE,5,8555,LYNDA,FAINTER,EDWARDS,JERSEY,17,DEMOCRATIC,DEM
GP 2004,17TH DEMOCRATIC DELEGATE,5,8555,LYNDA,FAINTER,EDWARDS,GREENE,40,DEMOCRATIC,DEM
GP 2004,17TH DEMOCRATIC DELEGATE,5,8555,LYNDA,FAINTER,EDWARDS,MERCER,134,DEMOCRATIC,DEM
GP 2004,17TH DEMOCRATIC DELEGATE,5,8555,LYNDA,FAINTER,EDWARDS,FULTON,788,DEMOCRATIC,DEM
GP 2004,17TH DEMOCRATIC DELEGATE,5,8555,LYNDA,FAINTER,EDWARDS,HANCOCK,94,DEMOCRATIC,DEM
GP 2004,17TH DEMOCRATIC DELEGATE,5,8555,LYNDA,FAINTER,EDWARDS,MACOUPIN,870,DEMOCRATIC,DEM
GP 2004,17TH DEMOCRATIC DELEGATE,5,8555,LYNDA,FAINTER,EDWARDS,SHELBY,23,DEMOCRATIC,DEM
GP 2004,17TH DEMOCRATIC DELEGATE,5,8555,LYNDA,FAINTER,EDWARDS,WARREN,57,DEMOCRATIC,DEM
GP 2004,17TH DEMOCRATIC DELEGATE,5,8555,LYNDA,FAINTER,EDWARDS,PIKE,23,DEMOCRATIC,DEM
GP 2004,17TH DEMOCRATIC DELEGATE,5,8555,LYNDA,FAINTER,EDWARDS,HENDERSON,30,DEMOCRATIC,DEM
GP 2004,17TH DEMOCRATIC DELEGATE,5,8555,LYNDA,FAINTER,EDWARDS,ROCK ISLAND,2446,DEMOCRATIC,DEM
GP 2004,17TH DEMOCRATIC DELEGATE,5,8555,LYNDA,FAINTER,EDWARDS,WHITESIDE,68,DEMOCRATIC,DEM
GP 2004,17TH DEMOCRATIC DELEGATE,5,8555,LYNDA,FAINTER,EDWARDS,FAYETTE,17,DEMOCRATIC,DEM
GP 2004,17TH DEMOCRATIC DELEGATE,5,8555,LYNDA,FAINTER,EDWARDS,CALHOUN,39,DEMOCRATIC,DEM
GP 2004,17TH DEMOCRATIC DELEGATE,5,8555,LYNDA,FAINTER,EDWARDS,MONTGOMERY,90,DEMOCRATIC,DEM
GP 2004,17TH DEMOCRATIC DELEGATE,5,8555,LYNDA,FAINTER,EDWARDS,MADISON,54,DEMOCRATIC,DEM
GP 2004,17TH DEMOCRATIC DELEGATE,5,8555,LYNDA,FAINTER,EDWARDS,SANGAMON,129,DEMOCRATIC,DEM
GP 2004,17TH DEMOCRATIC DELEGATE,5,8555,LYNDA,FAINTER,EDWARDS,HENRY,270,DEMOCRATIC,DEM
GP 2004,17TH DEMOCRATIC DELEGATE,5,8555,LYNDA,FAINTER,EDWARDS,McDONOUGH,208,DEMOCRATIC,DEM
GP 2004,17TH DEMOCRATIC DELEGATE,5,8555,LYNDA,FAINTER,EDWARDS,MACON,643,DEMOCRATIC,DEM
GP 2004,17TH DEMOCRATIC DELEGATE,5,8555,LYNDA,FAINTER,EDWARDS,KNOX,294,DEMOCRATIC,DEM
GP 2004,17TH DEMOCRATIC DELEGATE,5,8555,LYNDA,FAINTER,EDWARDS,ADAMS,453,DEMOCRATIC,DEM
GP 2004,17TH DEMOCRATIC DELEGATE,5,8555,LYNDA,FAINTER,EDWARDS,CHRISTIAN,44,DEMOCRATIC,DEM
GP 2004,17TH DEMOCRATIC DELEGATE,5,8556,DAVID M.,CAMPBELL,EDWARDS,JERSEY,22,DEMOCRATIC,DEM
GP 2004,17TH DEMOCRATIC DELEGATE,5,8556,DAVID M.,CAMPBELL,EDWARDS,GREENE,41,DEMOCRATIC,DEM
GP 2004,17TH DEMOCRATIC DELEGATE,5,8556,DAVID M.,CAMPBELL,EDWARDS,MERCER,156,DEMOCRATIC,DEM
GP 2004,17TH DEMOCRATIC DELEGATE,5,8556,DAVID M.,CAMPBELL,EDWARDS,FULTON,924,DEMOCRATIC,DEM
GP 2004,17TH DEMOCRATIC DELEGATE,5,8556,DAVID M.,CAMPBELL,EDWARDS,HANCOCK,96,DEMOCRATIC,DEM
GP 2004,17TH DEMOCRATIC DELEGATE,5,8556,DAVID M.,CAMPBELL,EDWARDS,MACOUPIN,1031,DEMOCRATIC,DEM
GP 2004,17TH DEMOCRATIC DELEGATE,5,8556,DAVID M.,CAMPBELL,EDWARDS,SHELBY,40,DEMOCRATIC,DEM
GP 2004,17TH DEMOCRATIC DELEGATE,5,8556,DAVID M.,CAMPBELL,EDWARDS,WARREN,56,DEMOCRATIC,DEM
GP 2004,17TH DEMOCRATIC DELEGATE,5,8556,DAVID M.,CAMPBELL,EDWARDS,PIKE,30,DEMOCRATIC,DEM
GP 2004,17TH DEMOCRATIC DELEGATE,5,8556,DAVID M.,CAMPBELL,EDWARDS,HENDERSON,36,DEMOCRATIC,DEM
GP 2004,17TH DEMOCRATIC DELEGATE,5,8556,DAVID M.,CAMPBELL,EDWARDS,ROCK ISLAND,3051,DEMOCRATIC,DEM
GP 2004,17TH DEMOCRATIC DELEGATE,5,8556,DAVID M.,CAMPBELL,EDWARDS,WHITESIDE,73,DEMOCRATIC,DEM
GP 2004,17TH DEMOCRATIC DELEGATE,5,8556,DAVID M.,CAMPBELL,EDWARDS,FAYETTE,18,DEMOCRATIC,DEM
GP 2004,17TH DEMOCRATIC DELEGATE,5,8556,DAVID M.,CAMPBELL,EDWARDS,CALHOUN,39,DEMOCRATIC,DEM
GP 2004,17TH DEMOCRATIC DELEGATE,5,8556,DAVID M.,CAMPBELL,EDWARDS,MONTGOMERY,100,DEMOCRATIC,DEM
GP 2004,17TH DEMOCRATIC DELEGATE,5,8556,DAVID M.,CAMPBELL,EDWARDS,MADISON,62,DEMOCRATIC,DEM
GP 2004,17TH DEMOCRATIC DELEGATE,5,8556,DAVID M.,CAMPBELL,EDWARDS,SANGAMON,135,DEMOCRATIC,DEM
GP 2004,17TH DEMOCRATIC DELEGATE,5,8556,DAVID M.,CAMPBELL,EDWARDS,HENRY,90,DEMOCRATIC,DEM
GP 2004,17TH DEMOCRATIC DELEGATE,5,8556,DAVID M.,CAMPBELL,EDWARDS,McDONOUGH,236,DEMOCRATIC,DEM
GP 2004,17TH DEMOCRATIC DELEGATE,5,8556,DAVID M.,CAMPBELL,EDWARDS,MACON,778,DEMOCRATIC,DEM
GP 2004,17TH DEMOCRATIC DELEGATE,5,8556,DAVID M.,CAMPBELL,EDWARDS,KNOX,296,DEMOCRATIC,DEM
GP 2004,17TH DEMOCRATIC DELEGATE,5,8556,DAVID M.,CAMPBELL,EDWARDS,ADAMS,546,DEMOCRATIC,DEM
GP 2004,17TH DEMOCRATIC DELEGATE,5,8556,DAVID M.,CAMPBELL,EDWARDS,CHRISTIAN,45,DEMOCRATIC,DEM
GP 2004,18TH DEMOCRATIC ALTERNATE DELEGATE,1,8557,NICHOLAS K.,YELVERTON,EDWARDS,BROWN,34,DEMOCRATIC,DEM
GP 2004,18TH DEMOCRATIC ALTERNATE DELEGATE,1,8557,NICHOLAS K.,YELVERTON,EDWARDS,LOGAN,112,DEMOCRATIC,DEM
GP 2004,18TH DEMOCRATIC ALTERNATE DELEGATE,1,8557,NICHOLAS K.,YELVERTON,EDWARDS,SCHUYLER,36,DEMOCRATIC,DEM
GP 2004,18TH DEMOCRATIC ALTERNATE DELEGATE,1,8557,NICHOLAS K.,YELVERTON,EDWARDS,MARSHALL,77,DEMOCRATIC,DEM
GP 2004,18TH DEMOCRATIC ALTERNATE DELEGATE,1,8557,NICHOLAS K.,YELVERTON,EDWARDS,MENARD,70,DEMOCRATIC,DEM
GP 2004,18TH DEMOCRATIC ALTERNATE DELEGATE,1,8557,NICHOLAS K.,YELVERTON,EDWARDS,STARK,33,DEMOCRATIC,DEM
GP 2004,18TH DEMOCRATIC ALTERNATE DELEGATE,1,8557,NICHOLAS K.,YELVERTON,EDWARDS,WOODFORD,183,DEMOCRATIC,DEM
GP 2004,18TH DEMOCRATIC ALTERNATE DELEGATE,1,8557,NICHOLAS K.,YELVERTON,EDWARDS,MASON,259,DEMOCRATIC,DEM
GP 2004,18TH DEMOCRATIC ALTERNATE DELEGATE,1,8557,NICHOLAS K.,YELVERTON,EDWARDS,BUREAU,200,DEMOCRATIC,DEM
GP 2004,18TH DEMOCRATIC ALTERNATE DELEGATE,1,8557,NICHOLAS K.,YELVERTON,EDWARDS,PIKE,85,DEMOCRATIC,DEM
GP 2004,18TH DEMOCRATIC ALTERNATE DELEGATE,1,8557,NICHOLAS K.,YELVERTON,EDWARDS,CASS,131,DEMOCRATIC,DEM
GP 2004,18TH DEMOCRATIC ALTERNATE DELEGATE,1,8557,NICHOLAS K.,YELVERTON,EDWARDS,MORGAN,122,DEMOCRATIC,DEM
GP 2004,18TH DEMOCRATIC ALTERNATE DELEGATE,1,8557,NICHOLAS K.,YELVERTON,EDWARDS,PUTNAM,146,DEMOCRATIC,DEM
GP 2004,18TH DEMOCRATIC ALTERNATE DELEGATE,1,8557,NICHOLAS K.,YELVERTON,EDWARDS,TAZEWELL,958,DEMOCRATIC,DEM
GP 2004,18TH DEMOCRATIC ALTERNATE DELEGATE,1,8557,NICHOLAS K.,YELVERTON,EDWARDS,SANGAMON,602,DEMOCRATIC,DEM
GP 2004,18TH DEMOCRATIC ALTERNATE DELEGATE,1,8557,NICHOLAS K.,YELVERTON,EDWARDS,SCOTT,42,DEMOCRATIC,DEM
GP 2004,18TH DEMOCRATIC ALTERNATE DELEGATE,1,8557,NICHOLAS K.,YELVERTON,EDWARDS,MACON,312,DEMOCRATIC,DEM
GP 2004,18TH DEMOCRATIC ALTERNATE DELEGATE,1,8557,NICHOLAS K.,YELVERTON,EDWARDS,KNOX,39,DEMOCRATIC,DEM
GP 2004,18TH DEMOCRATIC ALTERNATE DELEGATE,1,8557,NICHOLAS K.,YELVERTON,EDWARDS,PEORIA,1258,DEMOCRATIC,DEM
GP 2004,18TH DEMOCRATIC ALTERNATE DELEGATE,1,8557,NICHOLAS K.,YELVERTON,EDWARDS,ADAMS,69,DEMOCRATIC,DEM
GP 2004,7TH DEMOCRATIC DELEGATE,8,8558,DARLENA,WILLIAMS-BURNETT,EDWARDS,COOK,9898,DEMOCRATIC,DEM
GP 2004,7TH DEMOCRATIC DELEGATE,8,8559,LARRY R.,ROGERS,EDWARDS,COOK,7646,DEMOCRATIC,DEM
GP 2004,7TH DEMOCRATIC DELEGATE,8,8560,GABRIELLA S.,PEHANICH,EDWARDS,COOK,3295,DEMOCRATIC,DEM
GP 2004,7TH DEMOCRATIC DELEGATE,8,8561,AJAY NIRANJAN,SHAH,EDWARDS,COOK,3132,DEMOCRATIC,DEM
GP 2004,7TH DEMOCRATIC DELEGATE,8,8562,MERCEDES A.,LAING,EDWARDS,COOK,3513,DEMOCRATIC,DEM
GP 2004,7TH DEMOCRATIC DELEGATE,8,8563,FRANK M.,BASS,EDWARDS,COOK,3626,DEMOCRATIC,DEM
GP 2004,7TH DEMOCRATIC DELEGATE,8,8564,TANIA IRENE,LOPEZ,EDWARDS,COOK,3828,DEMOCRATIC,DEM
GP 2004,7TH DEMOCRATIC DELEGATE,8,8565,KEITH A.,ROMERO,EDWARDS,COOK,2851,DEMOCRATIC,DEM
GP 2004,7TH DEMOCRATIC ALTERNATE DELEGATE,1,8566,PATRICE M.,BALL-REED,EDWARDS,COOK,8647,DEMOCRATIC,DEM
GP 2004,12TH DEMOCRATIC ALTERNATE DELEGATE,1,8567,NATHANIEL O.,BROWN,EDWARDS,PERRY,347,DEMOCRATIC,DEM
GP 2004,12TH DEMOCRATIC ALTERNATE DELEGATE,1,8567,NATHANIEL O.,BROWN,EDWARDS,WILLIAMSON,559,DEMOCRATIC,DEM
GP 2004,12TH DEMOCRATIC ALTERNATE DELEGATE,1,8567,NATHANIEL O.,BROWN,EDWARDS,MONROE,150,DEMOCRATIC,DEM
GP 2004,12TH DEMOCRATIC ALTERNATE DELEGATE,1,8567,NATHANIEL O.,BROWN,EDWARDS,JACKSON,947,DEMOCRATIC,DEM
GP 2004,12TH DEMOCRATIC ALTERNATE DELEGATE,1,8567,NATHANIEL O.,BROWN,EDWARDS,FRANKLIN,951,DEMOCRATIC,DEM
GP 2004,12TH DEMOCRATIC ALTERNATE DELEGATE,1,8567,NATHANIEL O.,BROWN,EDWARDS,RANDOLPH,678,DEMOCRATIC,DEM
GP 2004,12TH DEMOCRATIC ALTERNATE DELEGATE,1,8567,NATHANIEL O.,BROWN,EDWARDS,MADISON,1451,DEMOCRATIC,DEM
GP 2004,12TH DEMOCRATIC ALTERNATE DELEGATE,1,8567,NATHANIEL O.,BROWN,EDWARDS,UNION,701,DEMOCRATIC,DEM
GP 2004,12TH DEMOCRATIC ALTERNATE DELEGATE,1,8567,NATHANIEL O.,BROWN,EDWARDS,ST. CLAIR,2942,DEMOCRATIC,DEM
GP 2004,12TH DEMOCRATIC ALTERNATE DELEGATE,1,8567,NATHANIEL O.,BROWN,EDWARDS,ALEXANDER,165,DEMOCRATIC,DEM
GP 2004,12TH DEMOCRATIC ALTERNATE DELEGATE,1,8567,NATHANIEL O.,BROWN,EDWARDS,PULASKI,91,DEMOCRATIC,DEM
GP 2004,13TH DEMOCRATIC DELEGATE,4,8568,CYNTHIA D.,TAYLOR,EDWARDS,WILL,1545,DEMOCRATIC,DEM
GP 2004,13TH DEMOCRATIC DELEGATE,4,8568,CYNTHIA D.,TAYLOR,EDWARDS,COOK,748,DEMOCRATIC,DEM
GP 2004,13TH DEMOCRATIC DELEGATE,4,8568,CYNTHIA D.,TAYLOR,EDWARDS,DuPAGE,3284,DEMOCRATIC,DEM
GP 2004,13TH DEMOCRATIC DELEGATE,4,8569,EUGENE,TENNER,EDWARDS,WILL,1120,DEMOCRATIC,DEM
GP 2004,13TH DEMOCRATIC DELEGATE,4,8569,EUGENE,TENNER,EDWARDS,COOK,625,DEMOCRATIC,DEM
GP 2004,13TH DEMOCRATIC DELEGATE,4,8569,EUGENE,TENNER,EDWARDS,DuPAGE,2490,DEMOCRATIC,DEM
GP 2004,13TH DEMOCRATIC DELEGATE,4,8570,MARY M.,CARROLL,EDWARDS,WILL,1565,DEMOCRATIC,DEM
GP 2004,13TH DEMOCRATIC DELEGATE,4,8570,MARY M.,CARROLL,EDWARDS,COOK,817,DEMOCRATIC,DEM
GP 2004,13TH DEMOCRATIC DELEGATE,4,8570,MARY M.,CARROLL,EDWARDS,DuPAGE,3284,DEMOCRATIC,DEM
GP 2004,13TH DEMOCRATIC DELEGATE,4,8571,ANKIT A.,MAHADEVIA,EDWARDS,WILL,877,DEMOCRATIC,DEM
GP 2004,13TH DEMOCRATIC DELEGATE,4,8571,ANKIT A.,MAHADEVIA,EDWARDS,COOK,508,DEMOCRATIC,DEM
GP 2004,13TH DEMOCRATIC DELEGATE,4,8571,ANKIT A.,MAHADEVIA,EDWARDS,DuPAGE,2035,DEMOCRATIC,DEM
GP 2004,15TH DEMOCRATIC ALTERNATE DELEGATE,1,8572,BETTY J.,KINSER,EDWARDS,EDGAR,108,DEMOCRATIC,DEM
GP 2004,15TH DEMOCRATIC ALTERNATE DELEGATE,1,8572,BETTY J.,KINSER,EDWARDS,FORD,42,DEMOCRATIC,DEM
GP 2004,15TH DEMOCRATIC ALTERNATE DELEGATE,1,8572,BETTY J.,KINSER,EDWARDS,IROQUOIS,117,DEMOCRATIC,DEM
GP 2004,15TH DEMOCRATIC ALTERNATE DELEGATE,1,8572,BETTY J.,KINSER,EDWARDS,LIVINGSTON,195,DEMOCRATIC,DEM
GP 2004,15TH DEMOCRATIC ALTERNATE DELEGATE,1,8572,BETTY J.,KINSER,EDWARDS,PIATT,149,DEMOCRATIC,DEM
GP 2004,15TH DEMOCRATIC ALTERNATE DELEGATE,1,8572,BETTY J.,KINSER,EDWARDS,DOUGLAS,135,DEMOCRATIC,DEM
GP 2004,15TH DEMOCRATIC ALTERNATE DELEGATE,1,8572,BETTY J.,KINSER,EDWARDS,COLES,310,DEMOCRATIC,DEM
GP 2004,15TH DEMOCRATIC ALTERNATE DELEGATE,1,8572,BETTY J.,KINSER,EDWARDS,EDWARDS,4,DEMOCRATIC,DEM
GP 2004,15TH DEMOCRATIC ALTERNATE DELEGATE,1,8572,BETTY J.,KINSER,EDWARDS,WHITE,60,DEMOCRATIC,DEM
GP 2004,15TH DEMOCRATIC ALTERNATE DELEGATE,1,8572,BETTY J.,KINSER,EDWARDS,CRAWFORD,137,DEMOCRATIC,DEM
GP 2004,15TH DEMOCRATIC ALTERNATE DELEGATE,1,8572,BETTY J.,KINSER,EDWARDS,SALINE,121,DEMOCRATIC,DEM
GP 2004,15TH DEMOCRATIC ALTERNATE DELEGATE,1,8572,BETTY J.,KINSER,EDWARDS,CLARK,134,DEMOCRATIC,DEM
GP 2004,15TH DEMOCRATIC ALTERNATE DELEGATE,1,8572,BETTY J.,KINSER,EDWARDS,GALLATIN,30,DEMOCRATIC,DEM
GP 2004,15TH DEMOCRATIC ALTERNATE DELEGATE,1,8572,BETTY J.,KINSER,EDWARDS,WABASH,164,DEMOCRATIC,DEM
GP 2004,15TH DEMOCRATIC ALTERNATE DELEGATE,1,8572,BETTY J.,KINSER,EDWARDS,CHAMPAIGN,1153,DEMOCRATIC,DEM
GP 2004,15TH DEMOCRATIC ALTERNATE DELEGATE,1,8572,BETTY J.,KINSER,EDWARDS,MACON,246,DEMOCRATIC,DEM
GP 2004,15TH DEMOCRATIC ALTERNATE DELEGATE,1,8572,BETTY J.,KINSER,EDWARDS,MOULTRIE,151,DEMOCRATIC,DEM
GP 2004,15TH DEMOCRATIC ALTERNATE DELEGATE,1,8572,BETTY J.,KINSER,EDWARDS,CUMBERLAND,176,DEMOCRATIC,DEM
GP 2004,15TH DEMOCRATIC ALTERNATE DELEGATE,1,8572,BETTY J.,KINSER,EDWARDS,LAWRENCE,70,DEMOCRATIC,DEM
GP 2004,15TH DEMOCRATIC ALTERNATE DELEGATE,1,8572,BETTY J.,KINSER,EDWARDS,DeWITT,188,DEMOCRATIC,DEM
GP 2004,15TH DEMOCRATIC ALTERNATE DELEGATE,1,8572,BETTY J.,KINSER,EDWARDS,McLEAN,575,DEMOCRATIC,DEM
GP 2004,15TH DEMOCRATIC ALTERNATE DELEGATE,1,8572,BETTY J.,KINSER,EDWARDS,VERMILION,467,DEMOCRATIC,DEM
GP 2004,10TH DEMOCRATIC ALTERNATE DELEGATE,1,8573,MUHAMMAD A.,SHAMAILEH,EDWARDS,LAKE,1268,DEMOCRATIC,DEM
GP 2004,10TH DEMOCRATIC ALTERNATE DELEGATE,1,8573,MUHAMMAD A.,SHAMAILEH,EDWARDS,COOK,1769,DEMOCRATIC,DEM
GP 2004,19TH DEMOCRATIC DELEGATE,5,8574,MICHAEL C.,HOERNER,EDWARDS,CLAY,242,DEMOCRATIC,DEM
GP 2004,19TH DEMOCRATIC DELEGATE,5,8574,MICHAEL C.,HOERNER,EDWARDS,HARDIN,91,DEMOCRATIC,DEM
GP 2004,19TH DEMOCRATIC DELEGATE,5,8574,MICHAEL C.,HOERNER,EDWARDS,JERSEY,97,DEMOCRATIC,DEM
GP 2004,19TH DEMOCRATIC DELEGATE,5,8574,MICHAEL C.,HOERNER,EDWARDS,RICHLAND,191,DEMOCRATIC,DEM
GP 2004,19TH DEMOCRATIC DELEGATE,5,8574,MICHAEL C.,HOERNER,EDWARDS,WASHINGTON,153,DEMOCRATIC,DEM
GP 2004,19TH DEMOCRATIC DELEGATE,5,8574,MICHAEL C.,HOERNER,EDWARDS,BOND,171,DEMOCRATIC,DEM
GP 2004,19TH DEMOCRATIC DELEGATE,5,8574,MICHAEL C.,HOERNER,EDWARDS,CLINTON,165,DEMOCRATIC,DEM
GP 2004,19TH DEMOCRATIC DELEGATE,5,8574,MICHAEL C.,HOERNER,EDWARDS,JASPER,145,DEMOCRATIC,DEM
GP 2004,19TH DEMOCRATIC DELEGATE,5,8574,MICHAEL C.,HOERNER,EDWARDS,GREENE,189,DEMOCRATIC,DEM
GP 2004,19TH DEMOCRATIC DELEGATE,5,8574,MICHAEL C.,HOERNER,EDWARDS,JOHNSON,124,DEMOCRATIC,DEM
GP 2004,19TH DEMOCRATIC DELEGATE,5,8574,MICHAEL C.,HOERNER,EDWARDS,WILLIAMSON,26,DEMOCRATIC,DEM
GP 2004,19TH DEMOCRATIC DELEGATE,5,8574,MICHAEL C.,HOERNER,EDWARDS,HAMILTON,187,DEMOCRATIC,DEM
GP 2004,19TH DEMOCRATIC DELEGATE,5,8574,MICHAEL C.,HOERNER,EDWARDS,SHELBY,365,DEMOCRATIC,DEM
GP 2004,19TH DEMOCRATIC DELEGATE,5,8574,MICHAEL C.,HOERNER,EDWARDS,EDWARDS,42,DEMOCRATIC,DEM
GP 2004,19TH DEMOCRATIC DELEGATE,5,8574,MICHAEL C.,HOERNER,EDWARDS,WHITE,161,DEMOCRATIC,DEM
GP 2004,19TH DEMOCRATIC DELEGATE,5,8574,MICHAEL C.,HOERNER,EDWARDS,FAYETTE,184,DEMOCRATIC,DEM
GP 2004,19TH DEMOCRATIC DELEGATE,5,8574,MICHAEL C.,HOERNER,EDWARDS,MARION,506,DEMOCRATIC,DEM
GP 2004,19TH DEMOCRATIC DELEGATE,5,8574,MICHAEL C.,HOERNER,EDWARDS,SALINE,286,DEMOCRATIC,DEM
GP 2004,19TH DEMOCRATIC DELEGATE,5,8574,MICHAEL C.,HOERNER,EDWARDS,MASSAC,85,DEMOCRATIC,DEM
GP 2004,19TH DEMOCRATIC DELEGATE,5,8574,MICHAEL C.,HOERNER,EDWARDS,GALLATIN,128,DEMOCRATIC,DEM
GP 2004,19TH DEMOCRATIC DELEGATE,5,8574,MICHAEL C.,HOERNER,EDWARDS,MONTGOMERY,88,DEMOCRATIC,DEM
GP 2004,19TH DEMOCRATIC DELEGATE,5,8574,MICHAEL C.,HOERNER,EDWARDS,JEFFERSON,355,DEMOCRATIC,DEM
GP 2004,19TH DEMOCRATIC DELEGATE,5,8574,MICHAEL C.,HOERNER,EDWARDS,WABASH,31,DEMOCRATIC,DEM
GP 2004,19TH DEMOCRATIC DELEGATE,5,8574,MICHAEL C.,HOERNER,EDWARDS,MADISON,1424,DEMOCRATIC,DEM
GP 2004,19TH DEMOCRATIC DELEGATE,5,8574,MICHAEL C.,HOERNER,EDWARDS,SANGAMON,322,DEMOCRATIC,DEM
GP 2004,19TH DEMOCRATIC DELEGATE,5,8574,MICHAEL C.,HOERNER,EDWARDS,EFFINGHAM,278,DEMOCRATIC,DEM
GP 2004,19TH DEMOCRATIC DELEGATE,5,8574,MICHAEL C.,HOERNER,EDWARDS,POPE,77,DEMOCRATIC,DEM
GP 2004,19TH DEMOCRATIC DELEGATE,5,8574,MICHAEL C.,HOERNER,EDWARDS,WAYNE,115,DEMOCRATIC,DEM
GP 2004,19TH DEMOCRATIC DELEGATE,5,8574,MICHAEL C.,HOERNER,EDWARDS,CHRISTIAN,671,DEMOCRATIC,DEM
GP 2004,19TH DEMOCRATIC DELEGATE,5,8574,MICHAEL C.,HOERNER,EDWARDS,LAWRENCE,35,DEMOCRATIC,DEM
GP 2004,19TH DEMOCRATIC DELEGATE,5,8575,GWEN M.,MONTGOMERY,EDWARDS,CLAY,264,DEMOCRATIC,DEM
GP 2004,19TH DEMOCRATIC DELEGATE,5,8575,GWEN M.,MONTGOMERY,EDWARDS,HARDIN,102,DEMOCRATIC,DEM
GP 2004,19TH DEMOCRATIC DELEGATE,5,8575,GWEN M.,MONTGOMERY,EDWARDS,JERSEY,101,DEMOCRATIC,DEM
GP 2004,19TH DEMOCRATIC DELEGATE,5,8575,GWEN M.,MONTGOMERY,EDWARDS,RICHLAND,213,DEMOCRATIC,DEM
GP 2004,19TH DEMOCRATIC DELEGATE,5,8575,GWEN M.,MONTGOMERY,EDWARDS,WASHINGTON,175,DEMOCRATIC,DEM
GP 2004,19TH DEMOCRATIC DELEGATE,5,8575,GWEN M.,MONTGOMERY,EDWARDS,BOND,196,DEMOCRATIC,DEM
GP 2004,19TH DEMOCRATIC DELEGATE,5,8575,GWEN M.,MONTGOMERY,EDWARDS,CLINTON,149,DEMOCRATIC,DEM
GP 2004,19TH DEMOCRATIC DELEGATE,5,8575,GWEN M.,MONTGOMERY,EDWARDS,JASPER,142,DEMOCRATIC,DEM
GP 2004,19TH DEMOCRATIC DELEGATE,5,8575,GWEN M.,MONTGOMERY,EDWARDS,GREENE,225,DEMOCRATIC,DEM
GP 2004,19TH DEMOCRATIC DELEGATE,5,8575,GWEN M.,MONTGOMERY,EDWARDS,JOHNSON,154,DEMOCRATIC,DEM
GP 2004,19TH DEMOCRATIC DELEGATE,5,8575,GWEN M.,MONTGOMERY,EDWARDS,WILLIAMSON,33,DEMOCRATIC,DEM
GP 2004,19TH DEMOCRATIC DELEGATE,5,8575,GWEN M.,MONTGOMERY,EDWARDS,HAMILTON,222,DEMOCRATIC,DEM
GP 2004,19TH DEMOCRATIC DELEGATE,5,8575,GWEN M.,MONTGOMERY,EDWARDS,SHELBY,410,DEMOCRATIC,DEM
GP 2004,19TH DEMOCRATIC DELEGATE,5,8575,GWEN M.,MONTGOMERY,EDWARDS,EDWARDS,43,DEMOCRATIC,DEM
GP 2004,19TH DEMOCRATIC DELEGATE,5,8575,GWEN M.,MONTGOMERY,EDWARDS,WHITE,164,DEMOCRATIC,DEM
GP 2004,19TH DEMOCRATIC DELEGATE,5,8575,GWEN M.,MONTGOMERY,EDWARDS,FAYETTE,202,DEMOCRATIC,DEM
GP 2004,19TH DEMOCRATIC DELEGATE,5,8575,GWEN M.,MONTGOMERY,EDWARDS,MARION,574,DEMOCRATIC,DEM
GP 2004,19TH DEMOCRATIC DELEGATE,5,8575,GWEN M.,MONTGOMERY,EDWARDS,SALINE,282,DEMOCRATIC,DEM
GP 2004,19TH DEMOCRATIC DELEGATE,5,8575,GWEN M.,MONTGOMERY,EDWARDS,MASSAC,95,DEMOCRATIC,DEM
GP 2004,19TH DEMOCRATIC DELEGATE,5,8575,GWEN M.,MONTGOMERY,EDWARDS,GALLATIN,126,DEMOCRATIC,DEM
GP 2004,19TH DEMOCRATIC DELEGATE,5,8575,GWEN M.,MONTGOMERY,EDWARDS,MONTGOMERY,89,DEMOCRATIC,DEM
GP 2004,19TH DEMOCRATIC DELEGATE,5,8575,GWEN M.,MONTGOMERY,EDWARDS,JEFFERSON,386,DEMOCRATIC,DEM
GP 2004,19TH DEMOCRATIC DELEGATE,5,8575,GWEN M.,MONTGOMERY,EDWARDS,WABASH,46,DEMOCRATIC,DEM
GP 2004,19TH DEMOCRATIC DELEGATE,5,8575,GWEN M.,MONTGOMERY,EDWARDS,MADISON,1591,DEMOCRATIC,DEM
GP 2004,19TH DEMOCRATIC DELEGATE,5,8575,GWEN M.,MONTGOMERY,EDWARDS,SANGAMON,374,DEMOCRATIC,DEM
GP 2004,19TH DEMOCRATIC DELEGATE,5,8575,GWEN M.,MONTGOMERY,EDWARDS,EFFINGHAM,269,DEMOCRATIC,DEM
GP 2004,19TH DEMOCRATIC DELEGATE,5,8575,GWEN M.,MONTGOMERY,EDWARDS,POPE,83,DEMOCRATIC,DEM
GP 2004,19TH DEMOCRATIC DELEGATE,5,8575,GWEN M.,MONTGOMERY,EDWARDS,WAYNE,148,DEMOCRATIC,DEM
GP 2004,19TH DEMOCRATIC DELEGATE,5,8575,GWEN M.,MONTGOMERY,EDWARDS,CHRISTIAN,859,DEMOCRATIC,DEM
GP 2004,19TH DEMOCRATIC DELEGATE,5,8575,GWEN M.,MONTGOMERY,EDWARDS,LAWRENCE,41,DEMOCRATIC,DEM
GP 2004,19TH DEMOCRATIC DELEGATE,5,8576,NEIL J.,CALDERON,EDWARDS,CLAY,219,DEMOCRATIC,DEM
GP 2004,19TH DEMOCRATIC DELEGATE,5,8576,NEIL J.,CALDERON,EDWARDS,HARDIN,91,DEMOCRATIC,DEM
GP 2004,19TH DEMOCRATIC DELEGATE,5,8576,NEIL J.,CALDERON,EDWARDS,JERSEY,76,DEMOCRATIC,DEM
GP 2004,19TH DEMOCRATIC DELEGATE,5,8576,NEIL J.,CALDERON,EDWARDS,RICHLAND,171,DEMOCRATIC,DEM
GP 2004,19TH DEMOCRATIC DELEGATE,5,8576,NEIL J.,CALDERON,EDWARDS,WASHINGTON,150,DEMOCRATIC,DEM
GP 2004,19TH DEMOCRATIC DELEGATE,5,8576,NEIL J.,CALDERON,EDWARDS,BOND,157,DEMOCRATIC,DEM
GP 2004,19TH DEMOCRATIC DELEGATE,5,8576,NEIL J.,CALDERON,EDWARDS,CLINTON,129,DEMOCRATIC,DEM
GP 2004,19TH DEMOCRATIC DELEGATE,5,8576,NEIL J.,CALDERON,EDWARDS,JASPER,127,DEMOCRATIC,DEM
GP 2004,19TH DEMOCRATIC DELEGATE,5,8576,NEIL J.,CALDERON,EDWARDS,GREENE,175,DEMOCRATIC,DEM
GP 2004,19TH DEMOCRATIC DELEGATE,5,8576,NEIL J.,CALDERON,EDWARDS,JOHNSON,108,DEMOCRATIC,DEM
GP 2004,19TH DEMOCRATIC DELEGATE,5,8576,NEIL J.,CALDERON,EDWARDS,WILLIAMSON,23,DEMOCRATIC,DEM
GP 2004,19TH DEMOCRATIC DELEGATE,5,8576,NEIL J.,CALDERON,EDWARDS,HAMILTON,169,DEMOCRATIC,DEM
GP 2004,19TH DEMOCRATIC DELEGATE,5,8576,NEIL J.,CALDERON,EDWARDS,SHELBY,335,DEMOCRATIC,DEM
GP 2004,19TH DEMOCRATIC DELEGATE,5,8576,NEIL J.,CALDERON,EDWARDS,EDWARDS,40,DEMOCRATIC,DEM
GP 2004,19TH DEMOCRATIC DELEGATE,5,8576,NEIL J.,CALDERON,EDWARDS,WHITE,134,DEMOCRATIC,DEM
GP 2004,19TH DEMOCRATIC DELEGATE,5,8576,NEIL J.,CALDERON,EDWARDS,FAYETTE,155,DEMOCRATIC,DEM
GP 2004,19TH DEMOCRATIC DELEGATE,5,8576,NEIL J.,CALDERON,EDWARDS,MARION,450,DEMOCRATIC,DEM
GP 2004,19TH DEMOCRATIC DELEGATE,5,8576,NEIL J.,CALDERON,EDWARDS,SALINE,257,DEMOCRATIC,DEM
GP 2004,19TH DEMOCRATIC DELEGATE,5,8576,NEIL J.,CALDERON,EDWARDS,MASSAC,75,DEMOCRATIC,DEM
GP 2004,19TH DEMOCRATIC DELEGATE,5,8576,NEIL J.,CALDERON,EDWARDS,GALLATIN,113,DEMOCRATIC,DEM
GP 2004,19TH DEMOCRATIC DELEGATE,5,8576,NEIL J.,CALDERON,EDWARDS,MONTGOMERY,68,DEMOCRATIC,DEM
GP 2004,19TH DEMOCRATIC DELEGATE,5,8576,NEIL J.,CALDERON,EDWARDS,JEFFERSON,344,DEMOCRATIC,DEM
GP 2004,19TH DEMOCRATIC DELEGATE,5,8576,NEIL J.,CALDERON,EDWARDS,WABASH,31,DEMOCRATIC,DEM
GP 2004,19TH DEMOCRATIC DELEGATE,5,8576,NEIL J.,CALDERON,EDWARDS,MADISON,1238,DEMOCRATIC,DEM
GP 2004,19TH DEMOCRATIC DELEGATE,5,8576,NEIL J.,CALDERON,EDWARDS,SANGAMON,288,DEMOCRATIC,DEM
GP 2004,19TH DEMOCRATIC DELEGATE,5,8576,NEIL J.,CALDERON,EDWARDS,EFFINGHAM,235,DEMOCRATIC,DEM
GP 2004,19TH DEMOCRATIC DELEGATE,5,8576,NEIL J.,CALDERON,EDWARDS,POPE,70,DEMOCRATIC,DEM
GP 2004,19TH DEMOCRATIC DELEGATE,5,8576,NEIL J.,CALDERON,EDWARDS,WAYNE,95,DEMOCRATIC,DEM
GP 2004,19TH DEMOCRATIC DELEGATE,5,8576,NEIL J.,CALDERON,EDWARDS,CHRISTIAN,636,DEMOCRATIC,DEM
GP 2004,19TH DEMOCRATIC DELEGATE,5,8576,NEIL J.,CALDERON,EDWARDS,LAWRENCE,38,DEMOCRATIC,DEM
GP 2004,19TH DEMOCRATIC DELEGATE,5,8577,CHARLENE R.,LAMBERT,EDWARDS,CLAY,245,DEMOCRATIC,DEM
GP 2004,19TH DEMOCRATIC DELEGATE,5,8577,CHARLENE R.,LAMBERT,EDWARDS,HARDIN,113,DEMOCRATIC,DEM
GP 2004,19TH DEMOCRATIC DELEGATE,5,8577,CHARLENE R.,LAMBERT,EDWARDS,JERSEY,88,DEMOCRATIC,DEM
GP 2004,19TH DEMOCRATIC DELEGATE,5,8577,CHARLENE R.,LAMBERT,EDWARDS,RICHLAND,197,DEMOCRATIC,DEM
GP 2004,19TH DEMOCRATIC DELEGATE,5,8577,CHARLENE R.,LAMBERT,EDWARDS,WASHINGTON,195,DEMOCRATIC,DEM
GP 2004,19TH DEMOCRATIC DELEGATE,5,8577,CHARLENE R.,LAMBERT,EDWARDS,BOND,175,DEMOCRATIC,DEM
GP 2004,19TH DEMOCRATIC DELEGATE,5,8577,CHARLENE R.,LAMBERT,EDWARDS,CLINTON,157,DEMOCRATIC,DEM
GP 2004,19TH DEMOCRATIC DELEGATE,5,8577,CHARLENE R.,LAMBERT,EDWARDS,JASPER,154,DEMOCRATIC,DEM
GP 2004,19TH DEMOCRATIC DELEGATE,5,8577,CHARLENE R.,LAMBERT,EDWARDS,GREENE,193,DEMOCRATIC,DEM
GP 2004,19TH DEMOCRATIC DELEGATE,5,8577,CHARLENE R.,LAMBERT,EDWARDS,JOHNSON,128,DEMOCRATIC,DEM
GP 2004,19TH DEMOCRATIC DELEGATE,5,8577,CHARLENE R.,LAMBERT,EDWARDS,WILLIAMSON,27,DEMOCRATIC,DEM
GP 2004,19TH DEMOCRATIC DELEGATE,5,8577,CHARLENE R.,LAMBERT,EDWARDS,HAMILTON,231,DEMOCRATIC,DEM
GP 2004,19TH DEMOCRATIC DELEGATE,5,8577,CHARLENE R.,LAMBERT,EDWARDS,SHELBY,392,DEMOCRATIC,DEM
GP 2004,19TH DEMOCRATIC DELEGATE,5,8577,CHARLENE R.,LAMBERT,EDWARDS,EDWARDS,50,DEMOCRATIC,DEM
GP 2004,19TH DEMOCRATIC DELEGATE,5,8577,CHARLENE R.,LAMBERT,EDWARDS,WHITE,159,DEMOCRATIC,DEM
GP 2004,19TH DEMOCRATIC DELEGATE,5,8577,CHARLENE R.,LAMBERT,EDWARDS,FAYETTE,191,DEMOCRATIC,DEM
GP 2004,19TH DEMOCRATIC DELEGATE,5,8577,CHARLENE R.,LAMBERT,EDWARDS,MARION,562,DEMOCRATIC,DEM
GP 2004,19TH DEMOCRATIC DELEGATE,5,8577,CHARLENE R.,LAMBERT,EDWARDS,SALINE,295,DEMOCRATIC,DEM
GP 2004,19TH DEMOCRATIC DELEGATE,5,8577,CHARLENE R.,LAMBERT,EDWARDS,MASSAC,99,DEMOCRATIC,DEM
GP 2004,19TH DEMOCRATIC DELEGATE,5,8577,CHARLENE R.,LAMBERT,EDWARDS,GALLATIN,120,DEMOCRATIC,DEM
GP 2004,19TH DEMOCRATIC DELEGATE,5,8577,CHARLENE R.,LAMBERT,EDWARDS,MONTGOMERY,82,DEMOCRATIC,DEM
GP 2004,19TH DEMOCRATIC DELEGATE,5,8577,CHARLENE R.,LAMBERT,EDWARDS,JEFFERSON,366,DEMOCRATIC,DEM
GP 2004,19TH DEMOCRATIC DELEGATE,5,8577,CHARLENE R.,LAMBERT,EDWARDS,WABASH,35,DEMOCRATIC,DEM
GP 2004,19TH DEMOCRATIC DELEGATE,5,8577,CHARLENE R.,LAMBERT,EDWARDS,MADISON,1539,DEMOCRATIC,DEM
GP 2004,19TH DEMOCRATIC DELEGATE,5,8577,CHARLENE R.,LAMBERT,EDWARDS,SANGAMON,303,DEMOCRATIC,DEM
GP 2004,19TH DEMOCRATIC DELEGATE,5,8577,CHARLENE R.,LAMBERT,EDWARDS,EFFINGHAM,254,DEMOCRATIC,DEM
GP 2004,19TH DEMOCRATIC DELEGATE,5,8577,CHARLENE R.,LAMBERT,EDWARDS,POPE,76,DEMOCRATIC,DEM
GP 2004,19TH DEMOCRATIC DELEGATE,5,8577,CHARLENE R.,LAMBERT,EDWARDS,WAYNE,138,DEMOCRATIC,DEM
GP 2004,19TH DEMOCRATIC DELEGATE,5,8577,CHARLENE R.,LAMBERT,EDWARDS,CHRISTIAN,760,DEMOCRATIC,DEM
GP 2004,19TH DEMOCRATIC DELEGATE,5,8577,CHARLENE R.,LAMBERT,EDWARDS,LAWRENCE,43,DEMOCRATIC,DEM
GP 2004,19TH DEMOCRATIC DELEGATE,5,8578,GIOVANNI RAY,RANDAZZO,EDWARDS,CLAY,184,DEMOCRATIC,DEM
GP 2004,19TH DEMOCRATIC DELEGATE,5,8578,GIOVANNI RAY,RANDAZZO,EDWARDS,HARDIN,75,DEMOCRATIC,DEM
GP 2004,19TH DEMOCRATIC DELEGATE,5,8578,GIOVANNI RAY,RANDAZZO,EDWARDS,JERSEY,62,DEMOCRATIC,DEM
GP 2004,19TH DEMOCRATIC DELEGATE,5,8578,GIOVANNI RAY,RANDAZZO,EDWARDS,RICHLAND,160,DEMOCRATIC,DEM
GP 2004,19TH DEMOCRATIC DELEGATE,5,8578,GIOVANNI RAY,RANDAZZO,EDWARDS,WASHINGTON,132,DEMOCRATIC,DEM
GP 2004,19TH DEMOCRATIC DELEGATE,5,8578,GIOVANNI RAY,RANDAZZO,EDWARDS,BOND,164,DEMOCRATIC,DEM
GP 2004,19TH DEMOCRATIC DELEGATE,5,8578,GIOVANNI RAY,RANDAZZO,EDWARDS,CLINTON,113,DEMOCRATIC,DEM
GP 2004,19TH DEMOCRATIC DELEGATE,5,8578,GIOVANNI RAY,RANDAZZO,EDWARDS,JASPER,97,DEMOCRATIC,DEM
GP 2004,19TH DEMOCRATIC DELEGATE,5,8578,GIOVANNI RAY,RANDAZZO,EDWARDS,GREENE,164,DEMOCRATIC,DEM
GP 2004,19TH DEMOCRATIC DELEGATE,5,8578,GIOVANNI RAY,RANDAZZO,EDWARDS,JOHNSON,100,DEMOCRATIC,DEM
GP 2004,19TH DEMOCRATIC DELEGATE,5,8578,GIOVANNI RAY,RANDAZZO,EDWARDS,WILLIAMSON,21,DEMOCRATIC,DEM
GP 2004,19TH DEMOCRATIC DELEGATE,5,8578,GIOVANNI RAY,RANDAZZO,EDWARDS,HAMILTON,158,DEMOCRATIC,DEM
GP 2004,19TH DEMOCRATIC DELEGATE,5,8578,GIOVANNI RAY,RANDAZZO,EDWARDS,SHELBY,286,DEMOCRATIC,DEM
GP 2004,19TH DEMOCRATIC DELEGATE,5,8578,GIOVANNI RAY,RANDAZZO,EDWARDS,EDWARDS,35,DEMOCRATIC,DEM
GP 2004,19TH DEMOCRATIC DELEGATE,5,8578,GIOVANNI RAY,RANDAZZO,EDWARDS,WHITE,114,DEMOCRATIC,DEM
GP 2004,19TH DEMOCRATIC DELEGATE,5,8578,GIOVANNI RAY,RANDAZZO,EDWARDS,FAYETTE,155,DEMOCRATIC,DEM
GP 2004,19TH DEMOCRATIC DELEGATE,5,8578,GIOVANNI RAY,RANDAZZO,EDWARDS,MARION,393,DEMOCRATIC,DEM
GP 2004,19TH DEMOCRATIC DELEGATE,5,8578,GIOVANNI RAY,RANDAZZO,EDWARDS,SALINE,241,DEMOCRATIC,DEM
GP 2004,19TH DEMOCRATIC DELEGATE,5,8578,GIOVANNI RAY,RANDAZZO,EDWARDS,MASSAC,47,DEMOCRATIC,DEM
GP 2004,19TH DEMOCRATIC DELEGATE,5,8578,GIOVANNI RAY,RANDAZZO,EDWARDS,GALLATIN,103,DEMOCRATIC,DEM
GP 2004,19TH DEMOCRATIC DELEGATE,5,8578,GIOVANNI RAY,RANDAZZO,EDWARDS,MONTGOMERY,59,DEMOCRATIC,DEM
GP 2004,19TH DEMOCRATIC DELEGATE,5,8578,GIOVANNI RAY,RANDAZZO,EDWARDS,JEFFERSON,175,DEMOCRATIC,DEM
GP 2004,19TH DEMOCRATIC DELEGATE,5,8578,GIOVANNI RAY,RANDAZZO,EDWARDS,WABASH,28,DEMOCRATIC,DEM
GP 2004,19TH DEMOCRATIC DELEGATE,5,8578,GIOVANNI RAY,RANDAZZO,EDWARDS,MADISON,1150,DEMOCRATIC,DEM
GP 2004,19TH DEMOCRATIC DELEGATE,5,8578,GIOVANNI RAY,RANDAZZO,EDWARDS,SANGAMON,293,DEMOCRATIC,DEM
GP 2004,19TH DEMOCRATIC DELEGATE,5,8578,GIOVANNI RAY,RANDAZZO,EDWARDS,EFFINGHAM,192,DEMOCRATIC,DEM
GP 2004,19TH DEMOCRATIC DELEGATE,5,8578,GIOVANNI RAY,RANDAZZO,EDWARDS,POPE,69,DEMOCRATIC,DEM
GP 2004,19TH DEMOCRATIC DELEGATE,5,8578,GIOVANNI RAY,RANDAZZO,EDWARDS,WAYNE,89,DEMOCRATIC,DEM
GP 2004,19TH DEMOCRATIC DELEGATE,5,8578,GIOVANNI RAY,RANDAZZO,EDWARDS,CHRISTIAN,613,DEMOCRATIC,DEM
GP 2004,19TH DEMOCRATIC DELEGATE,5,8578,GIOVANNI RAY,RANDAZZO,EDWARDS,LAWRENCE,16,DEMOCRATIC,DEM
GP 2004,17TH DEMOCRATIC ALTERNATE DELEGATE,1,8579,ROXANE,ZAMORA,EDWARDS,JERSEY,28,DEMOCRATIC,DEM
GP 2004,17TH DEMOCRATIC ALTERNATE DELEGATE,1,8579,ROXANE,ZAMORA,EDWARDS,GREENE,94,DEMOCRATIC,DEM
GP 2004,17TH DEMOCRATIC ALTERNATE DELEGATE,1,8579,ROXANE,ZAMORA,EDWARDS,MERCER,262,DEMOCRATIC,DEM
GP 2004,17TH DEMOCRATIC ALTERNATE DELEGATE,1,8579,ROXANE,ZAMORA,EDWARDS,FULTON,681,DEMOCRATIC,DEM
GP 2004,17TH DEMOCRATIC ALTERNATE DELEGATE,1,8579,ROXANE,ZAMORA,EDWARDS,HANCOCK,130,DEMOCRATIC,DEM
GP 2004,17TH DEMOCRATIC ALTERNATE DELEGATE,1,8579,ROXANE,ZAMORA,EDWARDS,MACOUPIN,940,DEMOCRATIC,DEM
GP 2004,17TH DEMOCRATIC ALTERNATE DELEGATE,1,8579,ROXANE,ZAMORA,EDWARDS,SHELBY,27,DEMOCRATIC,DEM
GP 2004,17TH DEMOCRATIC ALTERNATE DELEGATE,1,8579,ROXANE,ZAMORA,EDWARDS,WARREN,153,DEMOCRATIC,DEM
GP 2004,17TH DEMOCRATIC ALTERNATE DELEGATE,1,8579,ROXANE,ZAMORA,EDWARDS,PIKE,67,DEMOCRATIC,DEM
GP 2004,17TH DEMOCRATIC ALTERNATE DELEGATE,1,8579,ROXANE,ZAMORA,EDWARDS,HENDERSON,44,DEMOCRATIC,DEM
GP 2004,17TH DEMOCRATIC ALTERNATE DELEGATE,1,8579,ROXANE,ZAMORA,EDWARDS,ROCK ISLAND,2278,DEMOCRATIC,DEM
GP 2004,17TH DEMOCRATIC ALTERNATE DELEGATE,1,8579,ROXANE,ZAMORA,EDWARDS,WHITESIDE,191,DEMOCRATIC,DEM
GP 2004,17TH DEMOCRATIC ALTERNATE DELEGATE,1,8579,ROXANE,ZAMORA,EDWARDS,FAYETTE,35,DEMOCRATIC,DEM
GP 2004,17TH DEMOCRATIC ALTERNATE DELEGATE,1,8579,ROXANE,ZAMORA,EDWARDS,CALHOUN,61,DEMOCRATIC,DEM
GP 2004,17TH DEMOCRATIC ALTERNATE DELEGATE,1,8579,ROXANE,ZAMORA,EDWARDS,MONTGOMERY,193,DEMOCRATIC,DEM
GP 2004,17TH DEMOCRATIC ALTERNATE DELEGATE,1,8579,ROXANE,ZAMORA,EDWARDS,MADISON,57,DEMOCRATIC,DEM
GP 2004,17TH DEMOCRATIC ALTERNATE DELEGATE,1,8579,ROXANE,ZAMORA,EDWARDS,SANGAMON,208,DEMOCRATIC,DEM
GP 2004,17TH DEMOCRATIC ALTERNATE DELEGATE,1,8579,ROXANE,ZAMORA,EDWARDS,HENRY,150,DEMOCRATIC,DEM
GP 2004,17TH DEMOCRATIC ALTERNATE DELEGATE,1,8579,ROXANE,ZAMORA,EDWARDS,McDONOUGH,189,DEMOCRATIC,DEM
GP 2004,17TH DEMOCRATIC ALTERNATE DELEGATE,1,8579,ROXANE,ZAMORA,EDWARDS,MACON,602,DEMOCRATIC,DEM
GP 2004,17TH DEMOCRATIC ALTERNATE DELEGATE,1,8579,ROXANE,ZAMORA,EDWARDS,KNOX,400,DEMOCRATIC,DEM
GP 2004,17TH DEMOCRATIC ALTERNATE DELEGATE,1,8579,ROXANE,ZAMORA,EDWARDS,ADAMS,391,DEMOCRATIC,DEM
GP 2004,17TH DEMOCRATIC ALTERNATE DELEGATE,1,8579,ROXANE,ZAMORA,EDWARDS,CHRISTIAN,87,DEMOCRATIC,DEM
GP 2004,13TH DEMOCRATIC ALTERNATE DELEGATE,1,8580,MEGHAN M.,STANLEY,EDWARDS,WILL,1264,DEMOCRATIC,DEM
GP 2004,13TH DEMOCRATIC ALTERNATE DELEGATE,1,8580,MEGHAN M.,STANLEY,EDWARDS,COOK,1005,DEMOCRATIC,DEM
GP 2004,13TH DEMOCRATIC ALTERNATE DELEGATE,1,8580,MEGHAN M.,STANLEY,EDWARDS,DuPAGE,2607,DEMOCRATIC,DEM
GP 2004,19TH DEMOCRATIC ALTERNATE DELEGATE,1,8581,VIRGINIA LEE,HYERS,EDWARDS,CLAY,217,DEMOCRATIC,DEM
GP 2004,19TH DEMOCRATIC ALTERNATE DELEGATE,1,8581,VIRGINIA LEE,HYERS,EDWARDS,HARDIN,138,DEMOCRATIC,DEM
GP 2004,19TH DEMOCRATIC ALTERNATE DELEGATE,1,8581,VIRGINIA LEE,HYERS,EDWARDS,JERSEY,132,DEMOCRATIC,DEM
GP 2004,19TH DEMOCRATIC ALTERNATE DELEGATE,1,8581,VIRGINIA LEE,HYERS,EDWARDS,RICHLAND,169,DEMOCRATIC,DEM
GP 2004,19TH DEMOCRATIC ALTERNATE DELEGATE,1,8581,VIRGINIA LEE,HYERS,EDWARDS,WASHINGTON,168,DEMOCRATIC,DEM
GP 2004,19TH DEMOCRATIC ALTERNATE DELEGATE,1,8581,VIRGINIA LEE,HYERS,EDWARDS,BOND,155,DEMOCRATIC,DEM
GP 2004,19TH DEMOCRATIC ALTERNATE DELEGATE,1,8581,VIRGINIA LEE,HYERS,EDWARDS,CLINTON,151,DEMOCRATIC,DEM
GP 2004,19TH DEMOCRATIC ALTERNATE DELEGATE,1,8581,VIRGINIA LEE,HYERS,EDWARDS,JASPER,135,DEMOCRATIC,DEM
GP 2004,19TH DEMOCRATIC ALTERNATE DELEGATE,1,8581,VIRGINIA LEE,HYERS,EDWARDS,GREENE,166,DEMOCRATIC,DEM
GP 2004,19TH DEMOCRATIC ALTERNATE DELEGATE,1,8581,VIRGINIA LEE,HYERS,EDWARDS,JOHNSON,131,DEMOCRATIC,DEM
GP 2004,19TH DEMOCRATIC ALTERNATE DELEGATE,1,8581,VIRGINIA LEE,HYERS,EDWARDS,WILLIAMSON,36,DEMOCRATIC,DEM
GP 2004,19TH DEMOCRATIC ALTERNATE DELEGATE,1,8581,VIRGINIA LEE,HYERS,EDWARDS,HAMILTON,175,DEMOCRATIC,DEM
GP 2004,19TH DEMOCRATIC ALTERNATE DELEGATE,1,8581,VIRGINIA LEE,HYERS,EDWARDS,SHELBY,345,DEMOCRATIC,DEM
GP 2004,19TH DEMOCRATIC ALTERNATE DELEGATE,1,8581,VIRGINIA LEE,HYERS,EDWARDS,EDWARDS,45,DEMOCRATIC,DEM
GP 2004,19TH DEMOCRATIC ALTERNATE DELEGATE,1,8581,VIRGINIA LEE,HYERS,EDWARDS,WHITE,159,DEMOCRATIC,DEM
GP 2004,19TH DEMOCRATIC ALTERNATE DELEGATE,1,8581,VIRGINIA LEE,HYERS,EDWARDS,FAYETTE,154,DEMOCRATIC,DEM
GP 2004,19TH DEMOCRATIC ALTERNATE DELEGATE,1,8581,VIRGINIA LEE,HYERS,EDWARDS,MARION,527,DEMOCRATIC,DEM
GP 2004,19TH DEMOCRATIC ALTERNATE DELEGATE,1,8581,VIRGINIA LEE,HYERS,EDWARDS,SALINE,436,DEMOCRATIC,DEM
GP 2004,19TH DEMOCRATIC ALTERNATE DELEGATE,1,8581,VIRGINIA LEE,HYERS,EDWARDS,MASSAC,83,DEMOCRATIC,DEM
GP 2004,19TH DEMOCRATIC ALTERNATE DELEGATE,1,8581,VIRGINIA LEE,HYERS,EDWARDS,GALLATIN,177,DEMOCRATIC,DEM
GP 2004,19TH DEMOCRATIC ALTERNATE DELEGATE,1,8581,VIRGINIA LEE,HYERS,EDWARDS,MONTGOMERY,137,DEMOCRATIC,DEM
GP 2004,19TH DEMOCRATIC ALTERNATE DELEGATE,1,8581,VIRGINIA LEE,HYERS,EDWARDS,JEFFERSON,381,DEMOCRATIC,DEM
GP 2004,19TH DEMOCRATIC ALTERNATE DELEGATE,1,8581,VIRGINIA LEE,HYERS,EDWARDS,WABASH,35,DEMOCRATIC,DEM
GP 2004,19TH DEMOCRATIC ALTERNATE DELEGATE,1,8581,VIRGINIA LEE,HYERS,EDWARDS,MADISON,1258,DEMOCRATIC,DEM
GP 2004,19TH DEMOCRATIC ALTERNATE DELEGATE,1,8581,VIRGINIA LEE,HYERS,EDWARDS,SANGAMON,408,DEMOCRATIC,DEM
GP 2004,19TH DEMOCRATIC ALTERNATE DELEGATE,1,8581,VIRGINIA LEE,HYERS,EDWARDS,EFFINGHAM,415,DEMOCRATIC,DEM
GP 2004,19TH DEMOCRATIC ALTERNATE DELEGATE,1,8581,VIRGINIA LEE,HYERS,EDWARDS,POPE,86,DEMOCRATIC,DEM
GP 2004,19TH DEMOCRATIC ALTERNATE DELEGATE,1,8581,VIRGINIA LEE,HYERS,EDWARDS,WAYNE,139,DEMOCRATIC,DEM
GP 2004,19TH DEMOCRATIC ALTERNATE DELEGATE,1,8581,VIRGINIA LEE,HYERS,EDWARDS,CHRISTIAN,551,DEMOCRATIC,DEM
GP 2004,19TH DEMOCRATIC ALTERNATE DELEGATE,1,8581,VIRGINIA LEE,HYERS,EDWARDS,LAWRENCE,43,DEMOCRATIC,DEM
GP 2004,16TH DEMOCRATIC DELEGATE,4,8582,NANCY L.,JOHNSON,EDWARDS,WHITESIDE,54,DEMOCRATIC,DEM
GP 2004,16TH DEMOCRATIC DELEGATE,4,8582,NANCY L.,JOHNSON,EDWARDS,OGLE,359,DEMOCRATIC,DEM
GP 2004,16TH DEMOCRATIC DELEGATE,4,8582,NANCY L.,JOHNSON,EDWARDS,STEPHENSON,197,DEMOCRATIC,DEM
GP 2004,16TH DEMOCRATIC DELEGATE,4,8582,NANCY L.,JOHNSON,EDWARDS,JoDAVIESS,94,DEMOCRATIC,DEM
GP 2004,16TH DEMOCRATIC DELEGATE,4,8582,NANCY L.,JOHNSON,EDWARDS,CARROLL,124,DEMOCRATIC,DEM
GP 2004,16TH DEMOCRATIC DELEGATE,4,8582,NANCY L.,JOHNSON,EDWARDS,BOONE,328,DEMOCRATIC,DEM
GP 2004,16TH DEMOCRATIC DELEGATE,4,8582,NANCY L.,JOHNSON,EDWARDS,WINNEBAGO,2800,DEMOCRATIC,DEM
GP 2004,16TH DEMOCRATIC DELEGATE,4,8582,NANCY L.,JOHNSON,EDWARDS,McHENRY,1416,DEMOCRATIC,DEM
GP 2004,16TH DEMOCRATIC DELEGATE,4,8582,NANCY L.,JOHNSON,EDWARDS,DeKALB,115,DEMOCRATIC,DEM
GP 2004,16TH DEMOCRATIC DELEGATE,4,8583,JEFFERY A.,"HOLT, JR.",EDWARDS,WHITESIDE,46,DEMOCRATIC,DEM
GP 2004,16TH DEMOCRATIC DELEGATE,4,8583,JEFFERY A.,"HOLT, JR.",EDWARDS,OGLE,326,DEMOCRATIC,DEM
GP 2004,16TH DEMOCRATIC DELEGATE,4,8583,JEFFERY A.,"HOLT, JR.",EDWARDS,STEPHENSON,172,DEMOCRATIC,DEM
GP 2004,16TH DEMOCRATIC DELEGATE,4,8583,JEFFERY A.,"HOLT, JR.",EDWARDS,JoDAVIESS,76,DEMOCRATIC,DEM
GP 2004,16TH DEMOCRATIC DELEGATE,4,8583,JEFFERY A.,"HOLT, JR.",EDWARDS,CARROLL,117,DEMOCRATIC,DEM
GP 2004,16TH DEMOCRATIC DELEGATE,4,8583,JEFFERY A.,"HOLT, JR.",EDWARDS,BOONE,317,DEMOCRATIC,DEM
GP 2004,16TH DEMOCRATIC DELEGATE,4,8583,JEFFERY A.,"HOLT, JR.",EDWARDS,WINNEBAGO,2385,DEMOCRATIC,DEM
GP 2004,16TH DEMOCRATIC DELEGATE,4,8583,JEFFERY A.,"HOLT, JR.",EDWARDS,McHENRY,1297,DEMOCRATIC,DEM
GP 2004,16TH DEMOCRATIC DELEGATE,4,8583,JEFFERY A.,"HOLT, JR.",EDWARDS,DeKALB,108,DEMOCRATIC,DEM
GP 2004,16TH DEMOCRATIC DELEGATE,4,8584,SUSAN W.,COOLING,EDWARDS,WHITESIDE,46,DEMOCRATIC,DEM
GP 2004,16TH DEMOCRATIC DELEGATE,4,8584,SUSAN W.,COOLING,EDWARDS,OGLE,316,DEMOCRATIC,DEM
GP 2004,16TH DEMOCRATIC DELEGATE,4,8584,SUSAN W.,COOLING,EDWARDS,STEPHENSON,151,DEMOCRATIC,DEM
GP 2004,16TH DEMOCRATIC DELEGATE,4,8584,SUSAN W.,COOLING,EDWARDS,JoDAVIESS,64,DEMOCRATIC,DEM
GP 2004,16TH DEMOCRATIC DELEGATE,4,8584,SUSAN W.,COOLING,EDWARDS,CARROLL,114,DEMOCRATIC,DEM
GP 2004,16TH DEMOCRATIC DELEGATE,4,8584,SUSAN W.,COOLING,EDWARDS,BOONE,321,DEMOCRATIC,DEM
GP 2004,16TH DEMOCRATIC DELEGATE,4,8584,SUSAN W.,COOLING,EDWARDS,WINNEBAGO,2228,DEMOCRATIC,DEM
GP 2004,16TH DEMOCRATIC DELEGATE,4,8584,SUSAN W.,COOLING,EDWARDS,McHENRY,1388,DEMOCRATIC,DEM
GP 2004,16TH DEMOCRATIC DELEGATE,4,8584,SUSAN W.,COOLING,EDWARDS,DeKALB,128,DEMOCRATIC,DEM
GP 2004,16TH DEMOCRATIC DELEGATE,4,8585,CHRISTOPHER M.,REMHOF,EDWARDS,WHITESIDE,47,DEMOCRATIC,DEM
GP 2004,16TH DEMOCRATIC DELEGATE,4,8585,CHRISTOPHER M.,REMHOF,EDWARDS,OGLE,349,DEMOCRATIC,DEM
GP 2004,16TH DEMOCRATIC DELEGATE,4,8585,CHRISTOPHER M.,REMHOF,EDWARDS,STEPHENSON,130,DEMOCRATIC,DEM
GP 2004,16TH DEMOCRATIC DELEGATE,4,8585,CHRISTOPHER M.,REMHOF,EDWARDS,JoDAVIESS,77,DEMOCRATIC,DEM
GP 2004,16TH DEMOCRATIC DELEGATE,4,8585,CHRISTOPHER M.,REMHOF,EDWARDS,CARROLL,96,DEMOCRATIC,DEM
GP 2004,16TH DEMOCRATIC DELEGATE,4,8585,CHRISTOPHER M.,REMHOF,EDWARDS,BOONE,227,DEMOCRATIC,DEM
GP 2004,16TH DEMOCRATIC DELEGATE,4,8585,CHRISTOPHER M.,REMHOF,EDWARDS,WINNEBAGO,1611,DEMOCRATIC,DEM
GP 2004,16TH DEMOCRATIC DELEGATE,4,8585,CHRISTOPHER M.,REMHOF,EDWARDS,McHENRY,1039,DEMOCRATIC,DEM
GP 2004,16TH DEMOCRATIC DELEGATE,4,8585,CHRISTOPHER M.,REMHOF,EDWARDS,DeKALB,81,DEMOCRATIC,DEM
GP 2004,16TH DEMOCRATIC ALTERNATE DELEGATE,1,8586,FRANK,PERRECONE,EDWARDS,WHITESIDE,98,DEMOCRATIC,DEM
GP 2004,16TH DEMOCRATIC ALTERNATE DELEGATE,1,8586,FRANK,PERRECONE,EDWARDS,OGLE,312,DEMOCRATIC,DEM
GP 2004,16TH DEMOCRATIC ALTERNATE DELEGATE,1,8586,FRANK,PERRECONE,EDWARDS,STEPHENSON,306,DEMOCRATIC,DEM
GP 2004,16TH DEMOCRATIC ALTERNATE DELEGATE,1,8586,FRANK,PERRECONE,EDWARDS,JoDAVIESS,118,DEMOCRATIC,DEM
GP 2004,16TH DEMOCRATIC ALTERNATE DELEGATE,1,8586,FRANK,PERRECONE,EDWARDS,CARROLL,109,DEMOCRATIC,DEM
GP 2004,16TH DEMOCRATIC ALTERNATE DELEGATE,1,8586,FRANK,PERRECONE,EDWARDS,BOONE,330,DEMOCRATIC,DEM
GP 2004,16TH DEMOCRATIC ALTERNATE DELEGATE,1,8586,FRANK,PERRECONE,EDWARDS,WINNEBAGO,2717,DEMOCRATIC,DEM
GP 2004,16TH DEMOCRATIC ALTERNATE DELEGATE,1,8586,FRANK,PERRECONE,EDWARDS,McHENRY,1181,DEMOCRATIC,DEM
GP 2004,16TH DEMOCRATIC ALTERNATE DELEGATE,1,8586,FRANK,PERRECONE,EDWARDS,DeKALB,105,DEMOCRATIC,DEM
GP 2004,12TH DEMOCRATIC DELEGATE,6,8587,MEREDITH,RHOADS,CLARK,PERRY,84,DEMOCRATIC,DEM
GP 2004,12TH DEMOCRATIC DELEGATE,6,8587,MEREDITH,RHOADS,CLARK,WILLIAMSON,81,DEMOCRATIC,DEM
GP 2004,12TH DEMOCRATIC DELEGATE,6,8587,MEREDITH,RHOADS,CLARK,MONROE,9,DEMOCRATIC,DEM
GP 2004,12TH DEMOCRATIC DELEGATE,6,8587,MEREDITH,RHOADS,CLARK,JACKSON,78,DEMOCRATIC,DEM
GP 2004,12TH DEMOCRATIC DELEGATE,6,8587,MEREDITH,RHOADS,CLARK,FRANKLIN,302,DEMOCRATIC,DEM
GP 2004,12TH DEMOCRATIC DELEGATE,6,8587,MEREDITH,RHOADS,CLARK,RANDOLPH,48,DEMOCRATIC,DEM
GP 2004,12TH DEMOCRATIC DELEGATE,6,8587,MEREDITH,RHOADS,CLARK,MADISON,149,DEMOCRATIC,DEM
GP 2004,12TH DEMOCRATIC DELEGATE,6,8587,MEREDITH,RHOADS,CLARK,UNION,134,DEMOCRATIC,DEM
GP 2004,12TH DEMOCRATIC DELEGATE,6,8587,MEREDITH,RHOADS,CLARK,ST. CLAIR,478,DEMOCRATIC,DEM
GP 2004,12TH DEMOCRATIC DELEGATE,6,8587,MEREDITH,RHOADS,CLARK,ALEXANDER,22,DEMOCRATIC,DEM
GP 2004,12TH DEMOCRATIC DELEGATE,6,8587,MEREDITH,RHOADS,CLARK,PULASKI,10,DEMOCRATIC,DEM
GP 2004,15TH DEMOCRATIC DELEGATE,5,8588,KEVIN,SANDEFUR,CLARK,EDGAR,17,DEMOCRATIC,DEM
GP 2004,15TH DEMOCRATIC DELEGATE,5,8588,KEVIN,SANDEFUR,CLARK,FORD,11,DEMOCRATIC,DEM
GP 2004,15TH DEMOCRATIC DELEGATE,5,8588,KEVIN,SANDEFUR,CLARK,IROQUOIS,20,DEMOCRATIC,DEM
GP 2004,15TH DEMOCRATIC DELEGATE,5,8588,KEVIN,SANDEFUR,CLARK,LIVINGSTON,6,DEMOCRATIC,DEM
GP 2004,15TH DEMOCRATIC DELEGATE,5,8588,KEVIN,SANDEFUR,CLARK,PIATT,14,DEMOCRATIC,DEM
GP 2004,15TH DEMOCRATIC DELEGATE,5,8588,KEVIN,SANDEFUR,CLARK,DOUGLAS,15,DEMOCRATIC,DEM
GP 2004,15TH DEMOCRATIC DELEGATE,5,8588,KEVIN,SANDEFUR,CLARK,COLES,77,DEMOCRATIC,DEM
GP 2004,15TH DEMOCRATIC DELEGATE,5,8588,KEVIN,SANDEFUR,CLARK,EDWARDS,0,DEMOCRATIC,DEM
GP 2004,15TH DEMOCRATIC DELEGATE,5,8588,KEVIN,SANDEFUR,CLARK,WHITE,17,DEMOCRATIC,DEM
GP 2004,15TH DEMOCRATIC DELEGATE,5,8588,KEVIN,SANDEFUR,CLARK,CRAWFORD,47,DEMOCRATIC,DEM
GP 2004,15TH DEMOCRATIC DELEGATE,5,8588,KEVIN,SANDEFUR,CLARK,SALINE,14,DEMOCRATIC,DEM
GP 2004,15TH DEMOCRATIC DELEGATE,5,8588,KEVIN,SANDEFUR,CLARK,CLARK,14,DEMOCRATIC,DEM
GP 2004,15TH DEMOCRATIC DELEGATE,5,8588,KEVIN,SANDEFUR,CLARK,GALLATIN,4,DEMOCRATIC,DEM
GP 2004,15TH DEMOCRATIC DELEGATE,5,8588,KEVIN,SANDEFUR,CLARK,WABASH,9,DEMOCRATIC,DEM
GP 2004,15TH DEMOCRATIC DELEGATE,5,8588,KEVIN,SANDEFUR,CLARK,CHAMPAIGN,157,DEMOCRATIC,DEM
GP 2004,15TH DEMOCRATIC DELEGATE,5,8588,KEVIN,SANDEFUR,CLARK,MACON,55,DEMOCRATIC,DEM
GP 2004,15TH DEMOCRATIC DELEGATE,5,8588,KEVIN,SANDEFUR,CLARK,MOULTRIE,23,DEMOCRATIC,DEM
GP 2004,15TH DEMOCRATIC DELEGATE,5,8588,KEVIN,SANDEFUR,CLARK,CUMBERLAND,39,DEMOCRATIC,DEM
GP 2004,15TH DEMOCRATIC DELEGATE,5,8588,KEVIN,SANDEFUR,CLARK,LAWRENCE,21,DEMOCRATIC,DEM
GP 2004,15TH DEMOCRATIC DELEGATE,5,8588,KEVIN,SANDEFUR,CLARK,DeWITT,15,DEMOCRATIC,DEM
GP 2004,15TH DEMOCRATIC DELEGATE,5,8588,KEVIN,SANDEFUR,CLARK,McLEAN,90,DEMOCRATIC,DEM
GP 2004,15TH DEMOCRATIC DELEGATE,5,8588,KEVIN,SANDEFUR,CLARK,VERMILION,122,DEMOCRATIC,DEM
GP 2004,15TH DEMOCRATIC DELEGATE,5,8589,CAROLYN,BROWN-HODGE,CLARK,EDGAR,90,DEMOCRATIC,DEM
GP 2004,15TH DEMOCRATIC DELEGATE,5,8589,CAROLYN,BROWN-HODGE,CLARK,FORD,16,DEMOCRATIC,DEM
GP 2004,15TH DEMOCRATIC DELEGATE,5,8589,CAROLYN,BROWN-HODGE,CLARK,IROQUOIS,39,DEMOCRATIC,DEM
GP 2004,15TH DEMOCRATIC DELEGATE,5,8589,CAROLYN,BROWN-HODGE,CLARK,LIVINGSTON,19,DEMOCRATIC,DEM
GP 2004,15TH DEMOCRATIC DELEGATE,5,8589,CAROLYN,BROWN-HODGE,CLARK,PIATT,24,DEMOCRATIC,DEM
GP 2004,15TH DEMOCRATIC DELEGATE,5,8589,CAROLYN,BROWN-HODGE,CLARK,DOUGLAS,72,DEMOCRATIC,DEM
GP 2004,15TH DEMOCRATIC DELEGATE,5,8589,CAROLYN,BROWN-HODGE,CLARK,COLES,286,DEMOCRATIC,DEM
GP 2004,15TH DEMOCRATIC DELEGATE,5,8589,CAROLYN,BROWN-HODGE,CLARK,EDWARDS,0,DEMOCRATIC,DEM
GP 2004,15TH DEMOCRATIC DELEGATE,5,8589,CAROLYN,BROWN-HODGE,CLARK,WHITE,21,DEMOCRATIC,DEM
GP 2004,15TH DEMOCRATIC DELEGATE,5,8589,CAROLYN,BROWN-HODGE,CLARK,CRAWFORD,57,DEMOCRATIC,DEM
GP 2004,15TH DEMOCRATIC DELEGATE,5,8589,CAROLYN,BROWN-HODGE,CLARK,SALINE,13,DEMOCRATIC,DEM
GP 2004,15TH DEMOCRATIC DELEGATE,5,8589,CAROLYN,BROWN-HODGE,CLARK,CLARK,69,DEMOCRATIC,DEM
GP 2004,15TH DEMOCRATIC DELEGATE,5,8589,CAROLYN,BROWN-HODGE,CLARK,GALLATIN,5,DEMOCRATIC,DEM
GP 2004,15TH DEMOCRATIC DELEGATE,5,8589,CAROLYN,BROWN-HODGE,CLARK,WABASH,10,DEMOCRATIC,DEM
GP 2004,15TH DEMOCRATIC DELEGATE,5,8589,CAROLYN,BROWN-HODGE,CLARK,CHAMPAIGN,246,DEMOCRATIC,DEM
GP 2004,15TH DEMOCRATIC DELEGATE,5,8589,CAROLYN,BROWN-HODGE,CLARK,MACON,78,DEMOCRATIC,DEM
GP 2004,15TH DEMOCRATIC DELEGATE,5,8589,CAROLYN,BROWN-HODGE,CLARK,MOULTRIE,41,DEMOCRATIC,DEM
GP 2004,15TH DEMOCRATIC DELEGATE,5,8589,CAROLYN,BROWN-HODGE,CLARK,CUMBERLAND,88,DEMOCRATIC,DEM
GP 2004,15TH DEMOCRATIC DELEGATE,5,8589,CAROLYN,BROWN-HODGE,CLARK,LAWRENCE,18,DEMOCRATIC,DEM
GP 2004,15TH DEMOCRATIC DELEGATE,5,8589,CAROLYN,BROWN-HODGE,CLARK,DeWITT,26,DEMOCRATIC,DEM
GP 2004,15TH DEMOCRATIC DELEGATE,5,8589,CAROLYN,BROWN-HODGE,CLARK,McLEAN,141,DEMOCRATIC,DEM
GP 2004,15TH DEMOCRATIC DELEGATE,5,8589,CAROLYN,BROWN-HODGE,CLARK,VERMILION,307,DEMOCRATIC,DEM
GP 2004,15TH DEMOCRATIC DELEGATE,5,8590,DANIEL K.,CEDUSKY,CLARK,EDGAR,15,DEMOCRATIC,DEM
GP 2004,15TH DEMOCRATIC DELEGATE,5,8590,DANIEL K.,CEDUSKY,CLARK,FORD,8,DEMOCRATIC,DEM
GP 2004,15TH DEMOCRATIC DELEGATE,5,8590,DANIEL K.,CEDUSKY,CLARK,IROQUOIS,21,DEMOCRATIC,DEM
GP 2004,15TH DEMOCRATIC DELEGATE,5,8590,DANIEL K.,CEDUSKY,CLARK,LIVINGSTON,2,DEMOCRATIC,DEM
GP 2004,15TH DEMOCRATIC DELEGATE,5,8590,DANIEL K.,CEDUSKY,CLARK,PIATT,12,DEMOCRATIC,DEM
GP 2004,15TH DEMOCRATIC DELEGATE,5,8590,DANIEL K.,CEDUSKY,CLARK,DOUGLAS,20,DEMOCRATIC,DEM
GP 2004,15TH DEMOCRATIC DELEGATE,5,8590,DANIEL K.,CEDUSKY,CLARK,COLES,76,DEMOCRATIC,DEM
GP 2004,15TH DEMOCRATIC DELEGATE,5,8590,DANIEL K.,CEDUSKY,CLARK,EDWARDS,0,DEMOCRATIC,DEM
GP 2004,15TH DEMOCRATIC DELEGATE,5,8590,DANIEL K.,CEDUSKY,CLARK,WHITE,4,DEMOCRATIC,DEM
GP 2004,15TH DEMOCRATIC DELEGATE,5,8590,DANIEL K.,CEDUSKY,CLARK,CRAWFORD,34,DEMOCRATIC,DEM
GP 2004,15TH DEMOCRATIC DELEGATE,5,8590,DANIEL K.,CEDUSKY,CLARK,SALINE,16,DEMOCRATIC,DEM
GP 2004,15TH DEMOCRATIC DELEGATE,5,8590,DANIEL K.,CEDUSKY,CLARK,CLARK,11,DEMOCRATIC,DEM
GP 2004,15TH DEMOCRATIC DELEGATE,5,8590,DANIEL K.,CEDUSKY,CLARK,GALLATIN,2,DEMOCRATIC,DEM
GP 2004,15TH DEMOCRATIC DELEGATE,5,8590,DANIEL K.,CEDUSKY,CLARK,WABASH,8,DEMOCRATIC,DEM
GP 2004,15TH DEMOCRATIC DELEGATE,5,8590,DANIEL K.,CEDUSKY,CLARK,CHAMPAIGN,168,DEMOCRATIC,DEM
GP 2004,15TH DEMOCRATIC DELEGATE,5,8590,DANIEL K.,CEDUSKY,CLARK,MACON,45,DEMOCRATIC,DEM
GP 2004,15TH DEMOCRATIC DELEGATE,5,8590,DANIEL K.,CEDUSKY,CLARK,MOULTRIE,18,DEMOCRATIC,DEM
GP 2004,15TH DEMOCRATIC DELEGATE,5,8590,DANIEL K.,CEDUSKY,CLARK,CUMBERLAND,39,DEMOCRATIC,DEM
GP 2004,15TH DEMOCRATIC DELEGATE,5,8590,DANIEL K.,CEDUSKY,CLARK,LAWRENCE,4,DEMOCRATIC,DEM
GP 2004,15TH DEMOCRATIC DELEGATE,5,8590,DANIEL K.,CEDUSKY,CLARK,DeWITT,10,DEMOCRATIC,DEM
GP 2004,15TH DEMOCRATIC DELEGATE,5,8590,DANIEL K.,CEDUSKY,CLARK,McLEAN,58,DEMOCRATIC,DEM
GP 2004,15TH DEMOCRATIC DELEGATE,5,8590,DANIEL K.,CEDUSKY,CLARK,VERMILION,88,DEMOCRATIC,DEM
GP 2004,15TH DEMOCRATIC DELEGATE,5,8591,BECKY,PHILLIPS,CLARK,EDGAR,23,DEMOCRATIC,DEM
GP 2004,15TH DEMOCRATIC DELEGATE,5,8591,BECKY,PHILLIPS,CLARK,FORD,18,DEMOCRATIC,DEM
GP 2004,15TH DEMOCRATIC DELEGATE,5,8591,BECKY,PHILLIPS,CLARK,IROQUOIS,33,DEMOCRATIC,DEM
GP 2004,15TH DEMOCRATIC DELEGATE,5,8591,BECKY,PHILLIPS,CLARK,LIVINGSTON,8,DEMOCRATIC,DEM
GP 2004,15TH DEMOCRATIC DELEGATE,5,8591,BECKY,PHILLIPS,CLARK,PIATT,19,DEMOCRATIC,DEM
GP 2004,15TH DEMOCRATIC DELEGATE,5,8591,BECKY,PHILLIPS,CLARK,DOUGLAS,32,DEMOCRATIC,DEM
GP 2004,15TH DEMOCRATIC DELEGATE,5,8591,BECKY,PHILLIPS,CLARK,COLES,108,DEMOCRATIC,DEM
GP 2004,15TH DEMOCRATIC DELEGATE,5,8591,BECKY,PHILLIPS,CLARK,EDWARDS,1,DEMOCRATIC,DEM
GP 2004,15TH DEMOCRATIC DELEGATE,5,8591,BECKY,PHILLIPS,CLARK,WHITE,17,DEMOCRATIC,DEM
GP 2004,15TH DEMOCRATIC DELEGATE,5,8591,BECKY,PHILLIPS,CLARK,CRAWFORD,74,DEMOCRATIC,DEM
GP 2004,15TH DEMOCRATIC DELEGATE,5,8591,BECKY,PHILLIPS,CLARK,SALINE,33,DEMOCRATIC,DEM
GP 2004,15TH DEMOCRATIC DELEGATE,5,8591,BECKY,PHILLIPS,CLARK,CLARK,19,DEMOCRATIC,DEM
GP 2004,15TH DEMOCRATIC DELEGATE,5,8591,BECKY,PHILLIPS,CLARK,GALLATIN,3,DEMOCRATIC,DEM
GP 2004,15TH DEMOCRATIC DELEGATE,5,8591,BECKY,PHILLIPS,CLARK,WABASH,16,DEMOCRATIC,DEM
GP 2004,15TH DEMOCRATIC DELEGATE,5,8591,BECKY,PHILLIPS,CLARK,CHAMPAIGN,145,DEMOCRATIC,DEM
GP 2004,15TH DEMOCRATIC DELEGATE,5,8591,BECKY,PHILLIPS,CLARK,MACON,81,DEMOCRATIC,DEM
GP 2004,15TH DEMOCRATIC DELEGATE,5,8591,BECKY,PHILLIPS,CLARK,MOULTRIE,33,DEMOCRATIC,DEM
GP 2004,15TH DEMOCRATIC DELEGATE,5,8591,BECKY,PHILLIPS,CLARK,CUMBERLAND,71,DEMOCRATIC,DEM
GP 2004,15TH DEMOCRATIC DELEGATE,5,8591,BECKY,PHILLIPS,CLARK,LAWRENCE,34,DEMOCRATIC,DEM
GP 2004,15TH DEMOCRATIC DELEGATE,5,8591,BECKY,PHILLIPS,CLARK,DeWITT,19,DEMOCRATIC,DEM
GP 2004,15TH DEMOCRATIC DELEGATE,5,8591,BECKY,PHILLIPS,CLARK,McLEAN,101,DEMOCRATIC,DEM
GP 2004,15TH DEMOCRATIC DELEGATE,5,8591,BECKY,PHILLIPS,CLARK,VERMILION,155,DEMOCRATIC,DEM
GP 2004,15TH DEMOCRATIC DELEGATE,5,8592,NANCY,MICKENBECKER,CLARK,EDGAR,15,DEMOCRATIC,DEM
GP 2004,15TH DEMOCRATIC DELEGATE,5,8592,NANCY,MICKENBECKER,CLARK,FORD,8,DEMOCRATIC,DEM
GP 2004,15TH DEMOCRATIC DELEGATE,5,8592,NANCY,MICKENBECKER,CLARK,IROQUOIS,21,DEMOCRATIC,DEM
GP 2004,15TH DEMOCRATIC DELEGATE,5,8592,NANCY,MICKENBECKER,CLARK,LIVINGSTON,13,DEMOCRATIC,DEM
GP 2004,15TH DEMOCRATIC DELEGATE,5,8592,NANCY,MICKENBECKER,CLARK,PIATT,12,DEMOCRATIC,DEM
GP 2004,15TH DEMOCRATIC DELEGATE,5,8592,NANCY,MICKENBECKER,CLARK,DOUGLAS,14,DEMOCRATIC,DEM
GP 2004,15TH DEMOCRATIC DELEGATE,5,8592,NANCY,MICKENBECKER,CLARK,COLES,70,DEMOCRATIC,DEM
GP 2004,15TH DEMOCRATIC DELEGATE,5,8592,NANCY,MICKENBECKER,CLARK,EDWARDS,0,DEMOCRATIC,DEM
GP 2004,15TH DEMOCRATIC DELEGATE,5,8592,NANCY,MICKENBECKER,CLARK,WHITE,15,DEMOCRATIC,DEM
GP 2004,15TH DEMOCRATIC DELEGATE,5,8592,NANCY,MICKENBECKER,CLARK,CRAWFORD,32,DEMOCRATIC,DEM
GP 2004,15TH DEMOCRATIC DELEGATE,5,8592,NANCY,MICKENBECKER,CLARK,SALINE,11,DEMOCRATIC,DEM
GP 2004,15TH DEMOCRATIC DELEGATE,5,8592,NANCY,MICKENBECKER,CLARK,CLARK,12,DEMOCRATIC,DEM
GP 2004,15TH DEMOCRATIC DELEGATE,5,8592,NANCY,MICKENBECKER,CLARK,GALLATIN,3,DEMOCRATIC,DEM
GP 2004,15TH DEMOCRATIC DELEGATE,5,8592,NANCY,MICKENBECKER,CLARK,WABASH,10,DEMOCRATIC,DEM
GP 2004,15TH DEMOCRATIC DELEGATE,5,8592,NANCY,MICKENBECKER,CLARK,CHAMPAIGN,175,DEMOCRATIC,DEM
GP 2004,15TH DEMOCRATIC DELEGATE,5,8592,NANCY,MICKENBECKER,CLARK,MACON,51,DEMOCRATIC,DEM
GP 2004,15TH DEMOCRATIC DELEGATE,5,8592,NANCY,MICKENBECKER,CLARK,MOULTRIE,21,DEMOCRATIC,DEM
GP 2004,15TH DEMOCRATIC DELEGATE,5,8592,NANCY,MICKENBECKER,CLARK,CUMBERLAND,32,DEMOCRATIC,DEM
GP 2004,15TH DEMOCRATIC DELEGATE,5,8592,NANCY,MICKENBECKER,CLARK,LAWRENCE,9,DEMOCRATIC,DEM
GP 2004,15TH DEMOCRATIC DELEGATE,5,8592,NANCY,MICKENBECKER,CLARK,DeWITT,12,DEMOCRATIC,DEM
GP 2004,15TH DEMOCRATIC DELEGATE,5,8592,NANCY,MICKENBECKER,CLARK,McLEAN,81,DEMOCRATIC,DEM
GP 2004,15TH DEMOCRATIC DELEGATE,5,8592,NANCY,MICKENBECKER,CLARK,VERMILION,134,DEMOCRATIC,DEM
GP 2004,18TH DEMOCRATIC DELEGATE,5,8593,G. ALLEN,MAYER,CLARK,BROWN,9,DEMOCRATIC,DEM
GP 2004,18TH DEMOCRATIC DELEGATE,5,8593,G. ALLEN,MAYER,CLARK,SCHUYLER,11,DEMOCRATIC,DEM
GP 2004,18TH DEMOCRATIC DELEGATE,5,8593,G. ALLEN,MAYER,CLARK,MARSHALL,14,DEMOCRATIC,DEM
GP 2004,18TH DEMOCRATIC DELEGATE,5,8593,G. ALLEN,MAYER,CLARK,MENARD,10,DEMOCRATIC,DEM
GP 2004,18TH DEMOCRATIC DELEGATE,5,8593,G. ALLEN,MAYER,CLARK,STARK,2,DEMOCRATIC,DEM
GP 2004,18TH DEMOCRATIC DELEGATE,5,8593,G. ALLEN,MAYER,CLARK,WOODFORD,21,DEMOCRATIC,DEM
GP 2004,18TH DEMOCRATIC DELEGATE,5,8593,G. ALLEN,MAYER,CLARK,MASON,17,DEMOCRATIC,DEM
GP 2004,18TH DEMOCRATIC DELEGATE,5,8593,G. ALLEN,MAYER,CLARK,BUREAU,31,DEMOCRATIC,DEM
GP 2004,18TH DEMOCRATIC DELEGATE,5,8593,G. ALLEN,MAYER,CLARK,PIKE,8,DEMOCRATIC,DEM
GP 2004,18TH DEMOCRATIC DELEGATE,5,8593,G. ALLEN,MAYER,CLARK,CASS,14,DEMOCRATIC,DEM
GP 2004,18TH DEMOCRATIC DELEGATE,5,8593,G. ALLEN,MAYER,CLARK,MORGAN,14,DEMOCRATIC,DEM
GP 2004,18TH DEMOCRATIC DELEGATE,5,8593,G. ALLEN,MAYER,CLARK,PUTNAM,9,DEMOCRATIC,DEM
GP 2004,18TH DEMOCRATIC DELEGATE,5,8593,G. ALLEN,MAYER,CLARK,TAZEWELL,74,DEMOCRATIC,DEM
GP 2004,18TH DEMOCRATIC DELEGATE,5,8593,G. ALLEN,MAYER,CLARK,SANGAMON,105,DEMOCRATIC,DEM
GP 2004,18TH DEMOCRATIC DELEGATE,5,8593,G. ALLEN,MAYER,CLARK,SCOTT,13,DEMOCRATIC,DEM
GP 2004,18TH DEMOCRATIC DELEGATE,5,8593,G. ALLEN,MAYER,CLARK,MACON,70,DEMOCRATIC,DEM
GP 2004,18TH DEMOCRATIC DELEGATE,5,8593,G. ALLEN,MAYER,CLARK,KNOX,4,DEMOCRATIC,DEM
GP 2004,18TH DEMOCRATIC DELEGATE,5,8593,G. ALLEN,MAYER,CLARK,PEORIA,449,DEMOCRATIC,DEM
GP 2004,18TH DEMOCRATIC DELEGATE,5,8593,G. ALLEN,MAYER,CLARK,ADAMS,22,DEMOCRATIC,DEM
GP 2004,18TH DEMOCRATIC DELEGATE,5,8593,G. ALLEN,MAYER,CLARK,LOGAN,18,DEMOCRATIC,DEM
GP 2004,18TH DEMOCRATIC DELEGATE,5,8594,BARBARA,Van AUKEN,CLARK,BROWN,4,DEMOCRATIC,DEM
GP 2004,18TH DEMOCRATIC DELEGATE,5,8594,BARBARA,Van AUKEN,CLARK,LOGAN,19,DEMOCRATIC,DEM
GP 2004,18TH DEMOCRATIC DELEGATE,5,8594,BARBARA,Van AUKEN,CLARK,SCHUYLER,12,DEMOCRATIC,DEM
GP 2004,18TH DEMOCRATIC DELEGATE,5,8594,BARBARA,Van AUKEN,CLARK,MARSHALL,18,DEMOCRATIC,DEM
GP 2004,18TH DEMOCRATIC DELEGATE,5,8594,BARBARA,Van AUKEN,CLARK,MENARD,4,DEMOCRATIC,DEM
GP 2004,18TH DEMOCRATIC DELEGATE,5,8594,BARBARA,Van AUKEN,CLARK,STARK,5,DEMOCRATIC,DEM
GP 2004,18TH DEMOCRATIC DELEGATE,5,8594,BARBARA,Van AUKEN,CLARK,WOODFORD,26,DEMOCRATIC,DEM
GP 2004,18TH DEMOCRATIC DELEGATE,5,8594,BARBARA,Van AUKEN,CLARK,MASON,25,DEMOCRATIC,DEM
GP 2004,18TH DEMOCRATIC DELEGATE,5,8594,BARBARA,Van AUKEN,CLARK,BUREAU,29,DEMOCRATIC,DEM
GP 2004,18TH DEMOCRATIC DELEGATE,5,8594,BARBARA,Van AUKEN,CLARK,PIKE,7,DEMOCRATIC,DEM
GP 2004,18TH DEMOCRATIC DELEGATE,5,8594,BARBARA,Van AUKEN,CLARK,CASS,19,DEMOCRATIC,DEM
GP 2004,18TH DEMOCRATIC DELEGATE,5,8594,BARBARA,Van AUKEN,CLARK,MORGAN,20,DEMOCRATIC,DEM
GP 2004,18TH DEMOCRATIC DELEGATE,5,8594,BARBARA,Van AUKEN,CLARK,PUTNAM,8,DEMOCRATIC,DEM
GP 2004,18TH DEMOCRATIC DELEGATE,5,8594,BARBARA,Van AUKEN,CLARK,TAZEWELL,95,DEMOCRATIC,DEM
GP 2004,18TH DEMOCRATIC DELEGATE,5,8594,BARBARA,Van AUKEN,CLARK,SANGAMON,105,DEMOCRATIC,DEM
GP 2004,18TH DEMOCRATIC DELEGATE,5,8594,BARBARA,Van AUKEN,CLARK,SCOTT,15,DEMOCRATIC,DEM
GP 2004,18TH DEMOCRATIC DELEGATE,5,8594,BARBARA,Van AUKEN,CLARK,MACON,83,DEMOCRATIC,DEM
GP 2004,18TH DEMOCRATIC DELEGATE,5,8594,BARBARA,Van AUKEN,CLARK,KNOX,5,DEMOCRATIC,DEM
GP 2004,18TH DEMOCRATIC DELEGATE,5,8594,BARBARA,Van AUKEN,CLARK,PEORIA,545,DEMOCRATIC,DEM
GP 2004,18TH DEMOCRATIC DELEGATE,5,8594,BARBARA,Van AUKEN,CLARK,ADAMS,11,DEMOCRATIC,DEM
GP 2004,18TH DEMOCRATIC DELEGATE,5,8595,CHRIS,RYAN,CLARK,BROWN,5,DEMOCRATIC,DEM
GP 2004,18TH DEMOCRATIC DELEGATE,5,8595,CHRIS,RYAN,CLARK,LOGAN,28,DEMOCRATIC,DEM
GP 2004,18TH DEMOCRATIC DELEGATE,5,8595,CHRIS,RYAN,CLARK,SCHUYLER,16,DEMOCRATIC,DEM
GP 2004,18TH DEMOCRATIC DELEGATE,5,8595,CHRIS,RYAN,CLARK,MARSHALL,21,DEMOCRATIC,DEM
GP 2004,18TH DEMOCRATIC DELEGATE,5,8595,CHRIS,RYAN,CLARK,MENARD,15,DEMOCRATIC,DEM
GP 2004,18TH DEMOCRATIC DELEGATE,5,8595,CHRIS,RYAN,CLARK,STARK,6,DEMOCRATIC,DEM
GP 2004,18TH DEMOCRATIC DELEGATE,5,8595,CHRIS,RYAN,CLARK,WOODFORD,30,DEMOCRATIC,DEM
GP 2004,18TH DEMOCRATIC DELEGATE,5,8595,CHRIS,RYAN,CLARK,MASON,26,DEMOCRATIC,DEM
GP 2004,18TH DEMOCRATIC DELEGATE,5,8595,CHRIS,RYAN,CLARK,BUREAU,94,DEMOCRATIC,DEM
GP 2004,18TH DEMOCRATIC DELEGATE,5,8595,CHRIS,RYAN,CLARK,PIKE,7,DEMOCRATIC,DEM
GP 2004,18TH DEMOCRATIC DELEGATE,5,8595,CHRIS,RYAN,CLARK,CASS,19,DEMOCRATIC,DEM
GP 2004,18TH DEMOCRATIC DELEGATE,5,8595,CHRIS,RYAN,CLARK,MORGAN,29,DEMOCRATIC,DEM
GP 2004,18TH DEMOCRATIC DELEGATE,5,8595,CHRIS,RYAN,CLARK,PUTNAM,22,DEMOCRATIC,DEM
GP 2004,18TH DEMOCRATIC DELEGATE,5,8595,CHRIS,RYAN,CLARK,TAZEWELL,97,DEMOCRATIC,DEM
GP 2004,18TH DEMOCRATIC DELEGATE,5,8595,CHRIS,RYAN,CLARK,SANGAMON,121,DEMOCRATIC,DEM
GP 2004,18TH DEMOCRATIC DELEGATE,5,8595,CHRIS,RYAN,CLARK,SCOTT,20,DEMOCRATIC,DEM
GP 2004,18TH DEMOCRATIC DELEGATE,5,8595,CHRIS,RYAN,CLARK,MACON,86,DEMOCRATIC,DEM
GP 2004,18TH DEMOCRATIC DELEGATE,5,8595,CHRIS,RYAN,CLARK,KNOX,5,DEMOCRATIC,DEM
GP 2004,18TH DEMOCRATIC DELEGATE,5,8595,CHRIS,RYAN,CLARK,PEORIA,520,DEMOCRATIC,DEM
GP 2004,18TH DEMOCRATIC DELEGATE,5,8595,CHRIS,RYAN,CLARK,ADAMS,27,DEMOCRATIC,DEM
GP 2004,18TH DEMOCRATIC DELEGATE,5,8596,JOYCE A.,HARANT,CLARK,BROWN,6,DEMOCRATIC,DEM
GP 2004,18TH DEMOCRATIC DELEGATE,5,8596,JOYCE A.,HARANT,CLARK,LOGAN,17,DEMOCRATIC,DEM
GP 2004,18TH DEMOCRATIC DELEGATE,5,8596,JOYCE A.,HARANT,CLARK,SCHUYLER,10,DEMOCRATIC,DEM
GP 2004,18TH DEMOCRATIC DELEGATE,5,8596,JOYCE A.,HARANT,CLARK,MARSHALL,10,DEMOCRATIC,DEM
GP 2004,18TH DEMOCRATIC DELEGATE,5,8596,JOYCE A.,HARANT,CLARK,MENARD,4,DEMOCRATIC,DEM
GP 2004,18TH DEMOCRATIC DELEGATE,5,8596,JOYCE A.,HARANT,CLARK,STARK,5,DEMOCRATIC,DEM
GP 2004,18TH DEMOCRATIC DELEGATE,5,8596,JOYCE A.,HARANT,CLARK,WOODFORD,23,DEMOCRATIC,DEM
GP 2004,18TH DEMOCRATIC DELEGATE,5,8596,JOYCE A.,HARANT,CLARK,MASON,16,DEMOCRATIC,DEM
GP 2004,18TH DEMOCRATIC DELEGATE,5,8596,JOYCE A.,HARANT,CLARK,BUREAU,28,DEMOCRATIC,DEM
GP 2004,18TH DEMOCRATIC DELEGATE,5,8596,JOYCE A.,HARANT,CLARK,PIKE,4,DEMOCRATIC,DEM
GP 2004,18TH DEMOCRATIC DELEGATE,5,8596,JOYCE A.,HARANT,CLARK,CASS,15,DEMOCRATIC,DEM
GP 2004,18TH DEMOCRATIC DELEGATE,5,8596,JOYCE A.,HARANT,CLARK,MORGAN,11,DEMOCRATIC,DEM
GP 2004,18TH DEMOCRATIC DELEGATE,5,8596,JOYCE A.,HARANT,CLARK,PUTNAM,2,DEMOCRATIC,DEM
GP 2004,18TH DEMOCRATIC DELEGATE,5,8596,JOYCE A.,HARANT,CLARK,TAZEWELL,108,DEMOCRATIC,DEM
GP 2004,18TH DEMOCRATIC DELEGATE,5,8596,JOYCE A.,HARANT,CLARK,SANGAMON,89,DEMOCRATIC,DEM
GP 2004,18TH DEMOCRATIC DELEGATE,5,8596,JOYCE A.,HARANT,CLARK,SCOTT,15,DEMOCRATIC,DEM
GP 2004,18TH DEMOCRATIC DELEGATE,5,8596,JOYCE A.,HARANT,CLARK,MACON,64,DEMOCRATIC,DEM
GP 2004,18TH DEMOCRATIC DELEGATE,5,8596,JOYCE A.,HARANT,CLARK,KNOX,3,DEMOCRATIC,DEM
GP 2004,18TH DEMOCRATIC DELEGATE,5,8596,JOYCE A.,HARANT,CLARK,PEORIA,675,DEMOCRATIC,DEM
GP 2004,18TH DEMOCRATIC DELEGATE,5,8596,JOYCE A.,HARANT,CLARK,ADAMS,12,DEMOCRATIC,DEM
GP 2004,18TH DEMOCRATIC DELEGATE,5,8597,SHARON V.,EARP,CLARK,BROWN,6,DEMOCRATIC,DEM
GP 2004,18TH DEMOCRATIC DELEGATE,5,8597,SHARON V.,EARP,CLARK,LOGAN,15,DEMOCRATIC,DEM
GP 2004,18TH DEMOCRATIC DELEGATE,5,8597,SHARON V.,EARP,CLARK,SCHUYLER,12,DEMOCRATIC,DEM
GP 2004,18TH DEMOCRATIC DELEGATE,5,8597,SHARON V.,EARP,CLARK,MARSHALL,14,DEMOCRATIC,DEM
GP 2004,18TH DEMOCRATIC DELEGATE,5,8597,SHARON V.,EARP,CLARK,MENARD,7,DEMOCRATIC,DEM
GP 2004,18TH DEMOCRATIC DELEGATE,5,8597,SHARON V.,EARP,CLARK,STARK,7,DEMOCRATIC,DEM
GP 2004,18TH DEMOCRATIC DELEGATE,5,8597,SHARON V.,EARP,CLARK,WOODFORD,22,DEMOCRATIC,DEM
GP 2004,18TH DEMOCRATIC DELEGATE,5,8597,SHARON V.,EARP,CLARK,MASON,16,DEMOCRATIC,DEM
GP 2004,18TH DEMOCRATIC DELEGATE,5,8597,SHARON V.,EARP,CLARK,BUREAU,27,DEMOCRATIC,DEM
GP 2004,18TH DEMOCRATIC DELEGATE,5,8597,SHARON V.,EARP,CLARK,PIKE,6,DEMOCRATIC,DEM
GP 2004,18TH DEMOCRATIC DELEGATE,5,8597,SHARON V.,EARP,CLARK,CASS,12,DEMOCRATIC,DEM
GP 2004,18TH DEMOCRATIC DELEGATE,5,8597,SHARON V.,EARP,CLARK,MORGAN,13,DEMOCRATIC,DEM
GP 2004,18TH DEMOCRATIC DELEGATE,5,8597,SHARON V.,EARP,CLARK,PUTNAM,2,DEMOCRATIC,DEM
GP 2004,18TH DEMOCRATIC DELEGATE,5,8597,SHARON V.,EARP,CLARK,TAZEWELL,63,DEMOCRATIC,DEM
GP 2004,18TH DEMOCRATIC DELEGATE,5,8597,SHARON V.,EARP,CLARK,SANGAMON,79,DEMOCRATIC,DEM
GP 2004,18TH DEMOCRATIC DELEGATE,5,8597,SHARON V.,EARP,CLARK,SCOTT,11,DEMOCRATIC,DEM
GP 2004,18TH DEMOCRATIC DELEGATE,5,8597,SHARON V.,EARP,CLARK,MACON,74,DEMOCRATIC,DEM
GP 2004,18TH DEMOCRATIC DELEGATE,5,8597,SHARON V.,EARP,CLARK,KNOX,5,DEMOCRATIC,DEM
GP 2004,18TH DEMOCRATIC DELEGATE,5,8597,SHARON V.,EARP,CLARK,PEORIA,337,DEMOCRATIC,DEM
GP 2004,18TH DEMOCRATIC DELEGATE,5,8597,SHARON V.,EARP,CLARK,ADAMS,12,DEMOCRATIC,DEM
GP 2004,15TH DEMOCRATIC ALTERNATE DELEGATE,1,8598,WANDA,CIULLA,CLARK,EDGAR,101,DEMOCRATIC,DEM
GP 2004,15TH DEMOCRATIC ALTERNATE DELEGATE,1,8598,WANDA,CIULLA,CLARK,FORD,9,DEMOCRATIC,DEM
GP 2004,15TH DEMOCRATIC ALTERNATE DELEGATE,1,8598,WANDA,CIULLA,CLARK,IROQUOIS,13,DEMOCRATIC,DEM
GP 2004,15TH DEMOCRATIC ALTERNATE DELEGATE,1,8598,WANDA,CIULLA,CLARK,LIVINGSTON,34,DEMOCRATIC,DEM
GP 2004,15TH DEMOCRATIC ALTERNATE DELEGATE,1,8598,WANDA,CIULLA,CLARK,PIATT,27,DEMOCRATIC,DEM
GP 2004,15TH DEMOCRATIC ALTERNATE DELEGATE,1,8598,WANDA,CIULLA,CLARK,DOUGLAS,18,DEMOCRATIC,DEM
GP 2004,15TH DEMOCRATIC ALTERNATE DELEGATE,1,8598,WANDA,CIULLA,CLARK,COLES,69,DEMOCRATIC,DEM
GP 2004,15TH DEMOCRATIC ALTERNATE DELEGATE,1,8598,WANDA,CIULLA,CLARK,EDWARDS,0,DEMOCRATIC,DEM
GP 2004,15TH DEMOCRATIC ALTERNATE DELEGATE,1,8598,WANDA,CIULLA,CLARK,WHITE,11,DEMOCRATIC,DEM
GP 2004,15TH DEMOCRATIC ALTERNATE DELEGATE,1,8598,WANDA,CIULLA,CLARK,CRAWFORD,38,DEMOCRATIC,DEM
GP 2004,15TH DEMOCRATIC ALTERNATE DELEGATE,1,8598,WANDA,CIULLA,CLARK,SALINE,20,DEMOCRATIC,DEM
GP 2004,15TH DEMOCRATIC ALTERNATE DELEGATE,1,8598,WANDA,CIULLA,CLARK,CLARK,51,DEMOCRATIC,DEM
GP 2004,15TH DEMOCRATIC ALTERNATE DELEGATE,1,8598,WANDA,CIULLA,CLARK,GALLATIN,9,DEMOCRATIC,DEM
GP 2004,15TH DEMOCRATIC ALTERNATE DELEGATE,1,8598,WANDA,CIULLA,CLARK,WABASH,36,DEMOCRATIC,DEM
GP 2004,15TH DEMOCRATIC ALTERNATE DELEGATE,1,8598,WANDA,CIULLA,CLARK,CHAMPAIGN,273,DEMOCRATIC,DEM
GP 2004,15TH DEMOCRATIC ALTERNATE DELEGATE,1,8598,WANDA,CIULLA,CLARK,MACON,52,DEMOCRATIC,DEM
GP 2004,15TH DEMOCRATIC ALTERNATE DELEGATE,1,8598,WANDA,CIULLA,CLARK,MOULTRIE,12,DEMOCRATIC,DEM
GP 2004,15TH DEMOCRATIC ALTERNATE DELEGATE,1,8598,WANDA,CIULLA,CLARK,CUMBERLAND,43,DEMOCRATIC,DEM
GP 2004,15TH DEMOCRATIC ALTERNATE DELEGATE,1,8598,WANDA,CIULLA,CLARK,LAWRENCE,11,DEMOCRATIC,DEM
GP 2004,15TH DEMOCRATIC ALTERNATE DELEGATE,1,8598,WANDA,CIULLA,CLARK,DeWITT,32,DEMOCRATIC,DEM
GP 2004,15TH DEMOCRATIC ALTERNATE DELEGATE,1,8598,WANDA,CIULLA,CLARK,McLEAN,93,DEMOCRATIC,DEM
GP 2004,15TH DEMOCRATIC ALTERNATE DELEGATE,1,8598,WANDA,CIULLA,CLARK,VERMILION,86,DEMOCRATIC,DEM
GP 2004,19TH DEMOCRATIC DELEGATE,5,8599,DAVID R.,PICCIOLI,CLARK,CLAY,85,DEMOCRATIC,DEM
GP 2004,19TH DEMOCRATIC DELEGATE,5,8599,DAVID R.,PICCIOLI,CLARK,HARDIN,31,DEMOCRATIC,DEM
GP 2004,19TH DEMOCRATIC DELEGATE,5,8599,DAVID R.,PICCIOLI,CLARK,JERSEY,20,DEMOCRATIC,DEM
GP 2004,19TH DEMOCRATIC DELEGATE,5,8599,DAVID R.,PICCIOLI,CLARK,RICHLAND,25,DEMOCRATIC,DEM
GP 2004,19TH DEMOCRATIC DELEGATE,5,8599,DAVID R.,PICCIOLI,CLARK,WASHINGTON,61,DEMOCRATIC,DEM
GP 2004,19TH DEMOCRATIC DELEGATE,5,8599,DAVID R.,PICCIOLI,CLARK,BOND,13,DEMOCRATIC,DEM
GP 2004,19TH DEMOCRATIC DELEGATE,5,8599,DAVID R.,PICCIOLI,CLARK,CLINTON,31,DEMOCRATIC,DEM
GP 2004,19TH DEMOCRATIC DELEGATE,5,8599,DAVID R.,PICCIOLI,CLARK,JASPER,29,DEMOCRATIC,DEM
GP 2004,19TH DEMOCRATIC DELEGATE,5,8599,DAVID R.,PICCIOLI,CLARK,GREENE,72,DEMOCRATIC,DEM
GP 2004,19TH DEMOCRATIC DELEGATE,5,8599,DAVID R.,PICCIOLI,CLARK,JOHNSON,33,DEMOCRATIC,DEM
GP 2004,19TH DEMOCRATIC DELEGATE,5,8599,DAVID R.,PICCIOLI,CLARK,WILLIAMSON,2,DEMOCRATIC,DEM
GP 2004,19TH DEMOCRATIC DELEGATE,5,8599,DAVID R.,PICCIOLI,CLARK,HAMILTON,61,DEMOCRATIC,DEM
GP 2004,19TH DEMOCRATIC DELEGATE,5,8599,DAVID R.,PICCIOLI,CLARK,SHELBY,87,DEMOCRATIC,DEM
GP 2004,19TH DEMOCRATIC DELEGATE,5,8599,DAVID R.,PICCIOLI,CLARK,EDWARDS,4,DEMOCRATIC,DEM
GP 2004,19TH DEMOCRATIC DELEGATE,5,8599,DAVID R.,PICCIOLI,CLARK,WHITE,45,DEMOCRATIC,DEM
GP 2004,19TH DEMOCRATIC DELEGATE,5,8599,DAVID R.,PICCIOLI,CLARK,FAYETTE,59,DEMOCRATIC,DEM
GP 2004,19TH DEMOCRATIC DELEGATE,5,8599,DAVID R.,PICCIOLI,CLARK,MARION,116,DEMOCRATIC,DEM
GP 2004,19TH DEMOCRATIC DELEGATE,5,8599,DAVID R.,PICCIOLI,CLARK,SALINE,40,DEMOCRATIC,DEM
GP 2004,19TH DEMOCRATIC DELEGATE,5,8599,DAVID R.,PICCIOLI,CLARK,MASSAC,18,DEMOCRATIC,DEM
GP 2004,19TH DEMOCRATIC DELEGATE,5,8599,DAVID R.,PICCIOLI,CLARK,GALLATIN,31,DEMOCRATIC,DEM
GP 2004,19TH DEMOCRATIC DELEGATE,5,8599,DAVID R.,PICCIOLI,CLARK,MONTGOMERY,18,DEMOCRATIC,DEM
GP 2004,19TH DEMOCRATIC DELEGATE,5,8599,DAVID R.,PICCIOLI,CLARK,JEFFERSON,58,DEMOCRATIC,DEM
GP 2004,19TH DEMOCRATIC DELEGATE,5,8599,DAVID R.,PICCIOLI,CLARK,WABASH,10,DEMOCRATIC,DEM
GP 2004,19TH DEMOCRATIC DELEGATE,5,8599,DAVID R.,PICCIOLI,CLARK,MADISON,393,DEMOCRATIC,DEM
GP 2004,19TH DEMOCRATIC DELEGATE,5,8599,DAVID R.,PICCIOLI,CLARK,SANGAMON,83,DEMOCRATIC,DEM
GP 2004,19TH DEMOCRATIC DELEGATE,5,8599,DAVID R.,PICCIOLI,CLARK,EFFINGHAM,57,DEMOCRATIC,DEM
GP 2004,19TH DEMOCRATIC DELEGATE,5,8599,DAVID R.,PICCIOLI,CLARK,POPE,23,DEMOCRATIC,DEM
GP 2004,19TH DEMOCRATIC DELEGATE,5,8599,DAVID R.,PICCIOLI,CLARK,WAYNE,23,DEMOCRATIC,DEM
GP 2004,19TH DEMOCRATIC DELEGATE,5,8599,DAVID R.,PICCIOLI,CLARK,CHRISTIAN,260,DEMOCRATIC,DEM
GP 2004,19TH DEMOCRATIC DELEGATE,5,8599,DAVID R.,PICCIOLI,CLARK,LAWRENCE,10,DEMOCRATIC,DEM
GP 2004,19TH DEMOCRATIC DELEGATE,5,8600,MICHELLE S.,PAUL,CLARK,CLAY,32,DEMOCRATIC,DEM
GP 2004,19TH DEMOCRATIC DELEGATE,5,8600,MICHELLE S.,PAUL,CLARK,HARDIN,15,DEMOCRATIC,DEM
GP 2004,19TH DEMOCRATIC DELEGATE,5,8600,MICHELLE S.,PAUL,CLARK,JERSEY,21,DEMOCRATIC,DEM
GP 2004,19TH DEMOCRATIC DELEGATE,5,8600,MICHELLE S.,PAUL,CLARK,RICHLAND,26,DEMOCRATIC,DEM
GP 2004,19TH DEMOCRATIC DELEGATE,5,8600,MICHELLE S.,PAUL,CLARK,WASHINGTON,53,DEMOCRATIC,DEM
GP 2004,19TH DEMOCRATIC DELEGATE,5,8600,MICHELLE S.,PAUL,CLARK,BOND,18,DEMOCRATIC,DEM
GP 2004,19TH DEMOCRATIC DELEGATE,5,8600,MICHELLE S.,PAUL,CLARK,CLINTON,43,DEMOCRATIC,DEM
GP 2004,19TH DEMOCRATIC DELEGATE,5,8600,MICHELLE S.,PAUL,CLARK,JASPER,42,DEMOCRATIC,DEM
GP 2004,19TH DEMOCRATIC DELEGATE,5,8600,MICHELLE S.,PAUL,CLARK,GREENE,14,DEMOCRATIC,DEM
GP 2004,19TH DEMOCRATIC DELEGATE,5,8600,MICHELLE S.,PAUL,CLARK,JOHNSON,38,DEMOCRATIC,DEM
GP 2004,19TH DEMOCRATIC DELEGATE,5,8600,MICHELLE S.,PAUL,CLARK,WILLIAMSON,5,DEMOCRATIC,DEM
GP 2004,19TH DEMOCRATIC DELEGATE,5,8600,MICHELLE S.,PAUL,CLARK,HAMILTON,29,DEMOCRATIC,DEM
GP 2004,19TH DEMOCRATIC DELEGATE,5,8600,MICHELLE S.,PAUL,CLARK,SHELBY,124,DEMOCRATIC,DEM
GP 2004,19TH DEMOCRATIC DELEGATE,5,8600,MICHELLE S.,PAUL,CLARK,EDWARDS,6,DEMOCRATIC,DEM
GP 2004,19TH DEMOCRATIC DELEGATE,5,8600,MICHELLE S.,PAUL,CLARK,WHITE,54,DEMOCRATIC,DEM
GP 2004,19TH DEMOCRATIC DELEGATE,5,8600,MICHELLE S.,PAUL,CLARK,FAYETTE,11,DEMOCRATIC,DEM
GP 2004,19TH DEMOCRATIC DELEGATE,5,8600,MICHELLE S.,PAUL,CLARK,MARION,180,DEMOCRATIC,DEM
GP 2004,19TH DEMOCRATIC DELEGATE,5,8600,MICHELLE S.,PAUL,CLARK,SALINE,55,DEMOCRATIC,DEM
GP 2004,19TH DEMOCRATIC DELEGATE,5,8600,MICHELLE S.,PAUL,CLARK,MASSAC,23,DEMOCRATIC,DEM
GP 2004,19TH DEMOCRATIC DELEGATE,5,8600,MICHELLE S.,PAUL,CLARK,GALLATIN,27,DEMOCRATIC,DEM
GP 2004,19TH DEMOCRATIC DELEGATE,5,8600,MICHELLE S.,PAUL,CLARK,MONTGOMERY,20,DEMOCRATIC,DEM
GP 2004,19TH DEMOCRATIC DELEGATE,5,8600,MICHELLE S.,PAUL,CLARK,JEFFERSON,113,DEMOCRATIC,DEM
GP 2004,19TH DEMOCRATIC DELEGATE,5,8600,MICHELLE S.,PAUL,CLARK,WABASH,2,DEMOCRATIC,DEM
GP 2004,19TH DEMOCRATIC DELEGATE,5,8600,MICHELLE S.,PAUL,CLARK,MADISON,397,DEMOCRATIC,DEM
GP 2004,19TH DEMOCRATIC DELEGATE,5,8600,MICHELLE S.,PAUL,CLARK,SANGAMON,81,DEMOCRATIC,DEM
GP 2004,19TH DEMOCRATIC DELEGATE,5,8600,MICHELLE S.,PAUL,CLARK,EFFINGHAM,63,DEMOCRATIC,DEM
GP 2004,19TH DEMOCRATIC DELEGATE,5,8600,MICHELLE S.,PAUL,CLARK,POPE,23,DEMOCRATIC,DEM
GP 2004,19TH DEMOCRATIC DELEGATE,5,8600,MICHELLE S.,PAUL,CLARK,WAYNE,40,DEMOCRATIC,DEM
GP 2004,19TH DEMOCRATIC DELEGATE,5,8600,MICHELLE S.,PAUL,CLARK,CHRISTIAN,66,DEMOCRATIC,DEM
GP 2004,19TH DEMOCRATIC DELEGATE,5,8600,MICHELLE S.,PAUL,CLARK,LAWRENCE,17,DEMOCRATIC,DEM
GP 2004,19TH DEMOCRATIC DELEGATE,5,8601,MICHAEL G.,GRADY,CLARK,CLAY,32,DEMOCRATIC,DEM
GP 2004,19TH DEMOCRATIC DELEGATE,5,8601,MICHAEL G.,GRADY,CLARK,HARDIN,8,DEMOCRATIC,DEM
GP 2004,19TH DEMOCRATIC DELEGATE,5,8601,MICHAEL G.,GRADY,CLARK,JERSEY,23,DEMOCRATIC,DEM
GP 2004,19TH DEMOCRATIC DELEGATE,5,8601,MICHAEL G.,GRADY,CLARK,RICHLAND,27,DEMOCRATIC,DEM
GP 2004,19TH DEMOCRATIC DELEGATE,5,8601,MICHAEL G.,GRADY,CLARK,WASHINGTON,56,DEMOCRATIC,DEM
GP 2004,19TH DEMOCRATIC DELEGATE,5,8601,MICHAEL G.,GRADY,CLARK,BOND,14,DEMOCRATIC,DEM
GP 2004,19TH DEMOCRATIC DELEGATE,5,8601,MICHAEL G.,GRADY,CLARK,CLINTON,49,DEMOCRATIC,DEM
GP 2004,19TH DEMOCRATIC DELEGATE,5,8601,MICHAEL G.,GRADY,CLARK,JASPER,43,DEMOCRATIC,DEM
GP 2004,19TH DEMOCRATIC DELEGATE,5,8601,MICHAEL G.,GRADY,CLARK,GREENE,15,DEMOCRATIC,DEM
GP 2004,19TH DEMOCRATIC DELEGATE,5,8601,MICHAEL G.,GRADY,CLARK,JOHNSON,35,DEMOCRATIC,DEM
GP 2004,19TH DEMOCRATIC DELEGATE,5,8601,MICHAEL G.,GRADY,CLARK,WILLIAMSON,4,DEMOCRATIC,DEM
GP 2004,19TH DEMOCRATIC DELEGATE,5,8601,MICHAEL G.,GRADY,CLARK,HAMILTON,33,DEMOCRATIC,DEM
GP 2004,19TH DEMOCRATIC DELEGATE,5,8601,MICHAEL G.,GRADY,CLARK,SHELBY,108,DEMOCRATIC,DEM
GP 2004,19TH DEMOCRATIC DELEGATE,5,8601,MICHAEL G.,GRADY,CLARK,EDWARDS,2,DEMOCRATIC,DEM
GP 2004,19TH DEMOCRATIC DELEGATE,5,8601,MICHAEL G.,GRADY,CLARK,WHITE,52,DEMOCRATIC,DEM
GP 2004,19TH DEMOCRATIC DELEGATE,5,8601,MICHAEL G.,GRADY,CLARK,FAYETTE,11,DEMOCRATIC,DEM
GP 2004,19TH DEMOCRATIC DELEGATE,5,8601,MICHAEL G.,GRADY,CLARK,MARION,178,DEMOCRATIC,DEM
GP 2004,19TH DEMOCRATIC DELEGATE,5,8601,MICHAEL G.,GRADY,CLARK,SALINE,47,DEMOCRATIC,DEM
GP 2004,19TH DEMOCRATIC DELEGATE,5,8601,MICHAEL G.,GRADY,CLARK,MASSAC,22,DEMOCRATIC,DEM
GP 2004,19TH DEMOCRATIC DELEGATE,5,8601,MICHAEL G.,GRADY,CLARK,GALLATIN,27,DEMOCRATIC,DEM
GP 2004,19TH DEMOCRATIC DELEGATE,5,8601,MICHAEL G.,GRADY,CLARK,MONTGOMERY,17,DEMOCRATIC,DEM
GP 2004,19TH DEMOCRATIC DELEGATE,5,8601,MICHAEL G.,GRADY,CLARK,JEFFERSON,100,DEMOCRATIC,DEM
GP 2004,19TH DEMOCRATIC DELEGATE,5,8601,MICHAEL G.,GRADY,CLARK,WABASH,3,DEMOCRATIC,DEM
GP 2004,19TH DEMOCRATIC DELEGATE,5,8601,MICHAEL G.,GRADY,CLARK,MADISON,280,DEMOCRATIC,DEM
GP 2004,19TH DEMOCRATIC DELEGATE,5,8601,MICHAEL G.,GRADY,CLARK,SANGAMON,93,DEMOCRATIC,DEM
GP 2004,19TH DEMOCRATIC DELEGATE,5,8601,MICHAEL G.,GRADY,CLARK,EFFINGHAM,54,DEMOCRATIC,DEM
GP 2004,19TH DEMOCRATIC DELEGATE,5,8601,MICHAEL G.,GRADY,CLARK,POPE,17,DEMOCRATIC,DEM
GP 2004,19TH DEMOCRATIC DELEGATE,5,8601,MICHAEL G.,GRADY,CLARK,WAYNE,41,DEMOCRATIC,DEM
GP 2004,19TH DEMOCRATIC DELEGATE,5,8601,MICHAEL G.,GRADY,CLARK,CHRISTIAN,47,DEMOCRATIC,DEM
GP 2004,19TH DEMOCRATIC DELEGATE,5,8601,MICHAEL G.,GRADY,CLARK,LAWRENCE,17,DEMOCRATIC,DEM
GP 2004,19TH DEMOCRATIC DELEGATE,5,8602,CATHERINE A.,COPLEY,CLARK,CLAY,21,DEMOCRATIC,DEM
GP 2004,19TH DEMOCRATIC DELEGATE,5,8602,CATHERINE A.,COPLEY,CLARK,HARDIN,12,DEMOCRATIC,DEM
GP 2004,19TH DEMOCRATIC DELEGATE,5,8602,CATHERINE A.,COPLEY,CLARK,JERSEY,24,DEMOCRATIC,DEM
GP 2004,19TH DEMOCRATIC DELEGATE,5,8602,CATHERINE A.,COPLEY,CLARK,RICHLAND,26,DEMOCRATIC,DEM
GP 2004,19TH DEMOCRATIC DELEGATE,5,8602,CATHERINE A.,COPLEY,CLARK,WASHINGTON,61,DEMOCRATIC,DEM
GP 2004,19TH DEMOCRATIC DELEGATE,5,8602,CATHERINE A.,COPLEY,CLARK,BOND,15,DEMOCRATIC,DEM
GP 2004,19TH DEMOCRATIC DELEGATE,5,8602,CATHERINE A.,COPLEY,CLARK,CLINTON,33,DEMOCRATIC,DEM
GP 2004,19TH DEMOCRATIC DELEGATE,5,8602,CATHERINE A.,COPLEY,CLARK,JASPER,36,DEMOCRATIC,DEM
GP 2004,19TH DEMOCRATIC DELEGATE,5,8602,CATHERINE A.,COPLEY,CLARK,GREENE,19,DEMOCRATIC,DEM
GP 2004,19TH DEMOCRATIC DELEGATE,5,8602,CATHERINE A.,COPLEY,CLARK,JOHNSON,45,DEMOCRATIC,DEM
GP 2004,19TH DEMOCRATIC DELEGATE,5,8602,CATHERINE A.,COPLEY,CLARK,WILLIAMSON,2,DEMOCRATIC,DEM
GP 2004,19TH DEMOCRATIC DELEGATE,5,8602,CATHERINE A.,COPLEY,CLARK,HAMILTON,38,DEMOCRATIC,DEM
GP 2004,19TH DEMOCRATIC DELEGATE,5,8602,CATHERINE A.,COPLEY,CLARK,SHELBY,132,DEMOCRATIC,DEM
GP 2004,19TH DEMOCRATIC DELEGATE,5,8602,CATHERINE A.,COPLEY,CLARK,EDWARDS,3,DEMOCRATIC,DEM
GP 2004,19TH DEMOCRATIC DELEGATE,5,8602,CATHERINE A.,COPLEY,CLARK,WHITE,54,DEMOCRATIC,DEM
GP 2004,19TH DEMOCRATIC DELEGATE,5,8602,CATHERINE A.,COPLEY,CLARK,FAYETTE,8,DEMOCRATIC,DEM
GP 2004,19TH DEMOCRATIC DELEGATE,5,8602,CATHERINE A.,COPLEY,CLARK,MARION,133,DEMOCRATIC,DEM
GP 2004,19TH DEMOCRATIC DELEGATE,5,8602,CATHERINE A.,COPLEY,CLARK,SALINE,43,DEMOCRATIC,DEM
GP 2004,19TH DEMOCRATIC DELEGATE,5,8602,CATHERINE A.,COPLEY,CLARK,MASSAC,48,DEMOCRATIC,DEM
GP 2004,19TH DEMOCRATIC DELEGATE,5,8602,CATHERINE A.,COPLEY,CLARK,GALLATIN,31,DEMOCRATIC,DEM
GP 2004,19TH DEMOCRATIC DELEGATE,5,8602,CATHERINE A.,COPLEY,CLARK,MONTGOMERY,16,DEMOCRATIC,DEM
GP 2004,19TH DEMOCRATIC DELEGATE,5,8602,CATHERINE A.,COPLEY,CLARK,JEFFERSON,88,DEMOCRATIC,DEM
GP 2004,19TH DEMOCRATIC DELEGATE,5,8602,CATHERINE A.,COPLEY,CLARK,WABASH,3,DEMOCRATIC,DEM
GP 2004,19TH DEMOCRATIC DELEGATE,5,8602,CATHERINE A.,COPLEY,CLARK,MADISON,496,DEMOCRATIC,DEM
GP 2004,19TH DEMOCRATIC DELEGATE,5,8602,CATHERINE A.,COPLEY,CLARK,SANGAMON,72,DEMOCRATIC,DEM
GP 2004,19TH DEMOCRATIC DELEGATE,5,8602,CATHERINE A.,COPLEY,CLARK,EFFINGHAM,61,DEMOCRATIC,DEM
GP 2004,19TH DEMOCRATIC DELEGATE,5,8602,CATHERINE A.,COPLEY,CLARK,POPE,22,DEMOCRATIC,DEM
GP 2004,19TH DEMOCRATIC DELEGATE,5,8602,CATHERINE A.,COPLEY,CLARK,WAYNE,50,DEMOCRATIC,DEM
GP 2004,19TH DEMOCRATIC DELEGATE,5,8602,CATHERINE A.,COPLEY,CLARK,CHRISTIAN,48,DEMOCRATIC,DEM
GP 2004,19TH DEMOCRATIC DELEGATE,5,8602,CATHERINE A.,COPLEY,CLARK,LAWRENCE,21,DEMOCRATIC,DEM
GP 2004,19TH DEMOCRATIC DELEGATE,5,8603,JOHN,COSTELLO,CLARK,CLAY,43,DEMOCRATIC,DEM
GP 2004,19TH DEMOCRATIC DELEGATE,5,8603,JOHN,COSTELLO,CLARK,HARDIN,27,DEMOCRATIC,DEM
GP 2004,19TH DEMOCRATIC DELEGATE,5,8603,JOHN,COSTELLO,CLARK,JERSEY,79,DEMOCRATIC,DEM
GP 2004,19TH DEMOCRATIC DELEGATE,5,8603,JOHN,COSTELLO,CLARK,RICHLAND,42,DEMOCRATIC,DEM
GP 2004,19TH DEMOCRATIC DELEGATE,5,8603,JOHN,COSTELLO,CLARK,WASHINGTON,191,DEMOCRATIC,DEM
GP 2004,19TH DEMOCRATIC DELEGATE,5,8603,JOHN,COSTELLO,CLARK,BOND,71,DEMOCRATIC,DEM
GP 2004,19TH DEMOCRATIC DELEGATE,5,8603,JOHN,COSTELLO,CLARK,CLINTON,209,DEMOCRATIC,DEM
GP 2004,19TH DEMOCRATIC DELEGATE,5,8603,JOHN,COSTELLO,CLARK,JASPER,46,DEMOCRATIC,DEM
GP 2004,19TH DEMOCRATIC DELEGATE,5,8603,JOHN,COSTELLO,CLARK,GREENE,41,DEMOCRATIC,DEM
GP 2004,19TH DEMOCRATIC DELEGATE,5,8603,JOHN,COSTELLO,CLARK,JOHNSON,119,DEMOCRATIC,DEM
GP 2004,19TH DEMOCRATIC DELEGATE,5,8603,JOHN,COSTELLO,CLARK,WILLIAMSON,14,DEMOCRATIC,DEM
GP 2004,19TH DEMOCRATIC DELEGATE,5,8603,JOHN,COSTELLO,CLARK,HAMILTON,102,DEMOCRATIC,DEM
GP 2004,19TH DEMOCRATIC DELEGATE,5,8603,JOHN,COSTELLO,CLARK,SHELBY,128,DEMOCRATIC,DEM
GP 2004,19TH DEMOCRATIC DELEGATE,5,8603,JOHN,COSTELLO,CLARK,EDWARDS,1,DEMOCRATIC,DEM
GP 2004,19TH DEMOCRATIC DELEGATE,5,8603,JOHN,COSTELLO,CLARK,WHITE,74,DEMOCRATIC,DEM
GP 2004,19TH DEMOCRATIC DELEGATE,5,8603,JOHN,COSTELLO,CLARK,FAYETTE,43,DEMOCRATIC,DEM
GP 2004,19TH DEMOCRATIC DELEGATE,5,8603,JOHN,COSTELLO,CLARK,MARION,456,DEMOCRATIC,DEM
GP 2004,19TH DEMOCRATIC DELEGATE,5,8603,JOHN,COSTELLO,CLARK,SALINE,126,DEMOCRATIC,DEM
GP 2004,19TH DEMOCRATIC DELEGATE,5,8603,JOHN,COSTELLO,CLARK,MASSAC,83,DEMOCRATIC,DEM
GP 2004,19TH DEMOCRATIC DELEGATE,5,8603,JOHN,COSTELLO,CLARK,GALLATIN,43,DEMOCRATIC,DEM
GP 2004,19TH DEMOCRATIC DELEGATE,5,8603,JOHN,COSTELLO,CLARK,MONTGOMERY,42,DEMOCRATIC,DEM
GP 2004,19TH DEMOCRATIC DELEGATE,5,8603,JOHN,COSTELLO,CLARK,JEFFERSON,292,DEMOCRATIC,DEM
GP 2004,19TH DEMOCRATIC DELEGATE,5,8603,JOHN,COSTELLO,CLARK,WABASH,3,DEMOCRATIC,DEM
GP 2004,19TH DEMOCRATIC DELEGATE,5,8603,JOHN,COSTELLO,CLARK,MADISON,1519,DEMOCRATIC,DEM
GP 2004,19TH DEMOCRATIC DELEGATE,5,8603,JOHN,COSTELLO,CLARK,SANGAMON,92,DEMOCRATIC,DEM
GP 2004,19TH DEMOCRATIC DELEGATE,5,8603,JOHN,COSTELLO,CLARK,EFFINGHAM,85,DEMOCRATIC,DEM
GP 2004,19TH DEMOCRATIC DELEGATE,5,8603,JOHN,COSTELLO,CLARK,POPE,39,DEMOCRATIC,DEM
GP 2004,19TH DEMOCRATIC DELEGATE,5,8603,JOHN,COSTELLO,CLARK,WAYNE,76,DEMOCRATIC,DEM
GP 2004,19TH DEMOCRATIC DELEGATE,5,8603,JOHN,COSTELLO,CLARK,CHRISTIAN,84,DEMOCRATIC,DEM
GP 2004,19TH DEMOCRATIC DELEGATE,5,8603,JOHN,COSTELLO,CLARK,LAWRENCE,21,DEMOCRATIC,DEM
GP 2004,18TH DEMOCRATIC ALTERNATE DELEGATE,1,8604,DAVID A.,JOENS,CLARK,BROWN,10,DEMOCRATIC,DEM
GP 2004,18TH DEMOCRATIC ALTERNATE DELEGATE,1,8604,DAVID A.,JOENS,CLARK,LOGAN,52,DEMOCRATIC,DEM
GP 2004,18TH DEMOCRATIC ALTERNATE DELEGATE,1,8604,DAVID A.,JOENS,CLARK,SCHUYLER,17,DEMOCRATIC,DEM
GP 2004,18TH DEMOCRATIC ALTERNATE DELEGATE,1,8604,DAVID A.,JOENS,CLARK,MARSHALL,34,DEMOCRATIC,DEM
GP 2004,18TH DEMOCRATIC ALTERNATE DELEGATE,1,8604,DAVID A.,JOENS,CLARK,MENARD,10,DEMOCRATIC,DEM
GP 2004,18TH DEMOCRATIC ALTERNATE DELEGATE,1,8604,DAVID A.,JOENS,CLARK,STARK,14,DEMOCRATIC,DEM
GP 2004,18TH DEMOCRATIC ALTERNATE DELEGATE,1,8604,DAVID A.,JOENS,CLARK,WOODFORD,48,DEMOCRATIC,DEM
GP 2004,18TH DEMOCRATIC ALTERNATE DELEGATE,1,8604,DAVID A.,JOENS,CLARK,MASON,68,DEMOCRATIC,DEM
GP 2004,18TH DEMOCRATIC ALTERNATE DELEGATE,1,8604,DAVID A.,JOENS,CLARK,BUREAU,35,DEMOCRATIC,DEM
GP 2004,18TH DEMOCRATIC ALTERNATE DELEGATE,1,8604,DAVID A.,JOENS,CLARK,PIKE,22,DEMOCRATIC,DEM
GP 2004,18TH DEMOCRATIC ALTERNATE DELEGATE,1,8604,DAVID A.,JOENS,CLARK,CASS,55,DEMOCRATIC,DEM
GP 2004,18TH DEMOCRATIC ALTERNATE DELEGATE,1,8604,DAVID A.,JOENS,CLARK,MORGAN,45,DEMOCRATIC,DEM
GP 2004,18TH DEMOCRATIC ALTERNATE DELEGATE,1,8604,DAVID A.,JOENS,CLARK,PUTNAM,44,DEMOCRATIC,DEM
GP 2004,18TH DEMOCRATIC ALTERNATE DELEGATE,1,8604,DAVID A.,JOENS,CLARK,TAZEWELL,282,DEMOCRATIC,DEM
GP 2004,18TH DEMOCRATIC ALTERNATE DELEGATE,1,8604,DAVID A.,JOENS,CLARK,SANGAMON,201,DEMOCRATIC,DEM
GP 2004,18TH DEMOCRATIC ALTERNATE DELEGATE,1,8604,DAVID A.,JOENS,CLARK,SCOTT,8,DEMOCRATIC,DEM
GP 2004,18TH DEMOCRATIC ALTERNATE DELEGATE,1,8604,DAVID A.,JOENS,CLARK,MACON,75,DEMOCRATIC,DEM
GP 2004,18TH DEMOCRATIC ALTERNATE DELEGATE,1,8604,DAVID A.,JOENS,CLARK,KNOX,20,DEMOCRATIC,DEM
GP 2004,18TH DEMOCRATIC ALTERNATE DELEGATE,1,8604,DAVID A.,JOENS,CLARK,PEORIA,449,DEMOCRATIC,DEM
GP 2004,18TH DEMOCRATIC ALTERNATE DELEGATE,1,8604,DAVID A.,JOENS,CLARK,ADAMS,28,DEMOCRATIC,DEM
GP 2004,17TH DEMOCRATIC DELEGATE,5,8605,DAVID,ANDICH,CLARK,JERSEY,1,DEMOCRATIC,DEM
GP 2004,17TH DEMOCRATIC DELEGATE,5,8605,DAVID,ANDICH,CLARK,GREENE,6,DEMOCRATIC,DEM
GP 2004,17TH DEMOCRATIC DELEGATE,5,8605,DAVID,ANDICH,CLARK,MERCER,31,DEMOCRATIC,DEM
GP 2004,17TH DEMOCRATIC DELEGATE,5,8605,DAVID,ANDICH,CLARK,FULTON,222,DEMOCRATIC,DEM
GP 2004,17TH DEMOCRATIC DELEGATE,5,8605,DAVID,ANDICH,CLARK,HANCOCK,12,DEMOCRATIC,DEM
GP 2004,17TH DEMOCRATIC DELEGATE,5,8605,DAVID,ANDICH,CLARK,MACOUPIN,183,DEMOCRATIC,DEM
GP 2004,17TH DEMOCRATIC DELEGATE,5,8605,DAVID,ANDICH,CLARK,SHELBY,9,DEMOCRATIC,DEM
GP 2004,17TH DEMOCRATIC DELEGATE,5,8605,DAVID,ANDICH,CLARK,WARREN,4,DEMOCRATIC,DEM
GP 2004,17TH DEMOCRATIC DELEGATE,5,8605,DAVID,ANDICH,CLARK,PIKE,0,DEMOCRATIC,DEM
GP 2004,17TH DEMOCRATIC DELEGATE,5,8605,DAVID,ANDICH,CLARK,HENDERSON,5,DEMOCRATIC,DEM
GP 2004,17TH DEMOCRATIC DELEGATE,5,8605,DAVID,ANDICH,CLARK,ROCK ISLAND,398,DEMOCRATIC,DEM
GP 2004,17TH DEMOCRATIC DELEGATE,5,8605,DAVID,ANDICH,CLARK,WHITESIDE,8,DEMOCRATIC,DEM
GP 2004,17TH DEMOCRATIC DELEGATE,5,8605,DAVID,ANDICH,CLARK,FAYETTE,1,DEMOCRATIC,DEM
GP 2004,17TH DEMOCRATIC DELEGATE,5,8605,DAVID,ANDICH,CLARK,CALHOUN,7,DEMOCRATIC,DEM
GP 2004,17TH DEMOCRATIC DELEGATE,5,8605,DAVID,ANDICH,CLARK,MONTGOMERY,16,DEMOCRATIC,DEM
GP 2004,17TH DEMOCRATIC DELEGATE,5,8605,DAVID,ANDICH,CLARK,MADISON,13,DEMOCRATIC,DEM
GP 2004,17TH DEMOCRATIC DELEGATE,5,8605,DAVID,ANDICH,CLARK,SANGAMON,34,DEMOCRATIC,DEM
GP 2004,17TH DEMOCRATIC DELEGATE,5,8605,DAVID,ANDICH,CLARK,HENRY,11,DEMOCRATIC,DEM
GP 2004,17TH DEMOCRATIC DELEGATE,5,8605,DAVID,ANDICH,CLARK,McDONOUGH,35,DEMOCRATIC,DEM
GP 2004,17TH DEMOCRATIC DELEGATE,5,8605,DAVID,ANDICH,CLARK,MACON,181,DEMOCRATIC,DEM
GP 2004,17TH DEMOCRATIC DELEGATE,5,8605,DAVID,ANDICH,CLARK,KNOX,36,DEMOCRATIC,DEM
GP 2004,17TH DEMOCRATIC DELEGATE,5,8605,DAVID,ANDICH,CLARK,ADAMS,101,DEMOCRATIC,DEM
GP 2004,17TH DEMOCRATIC DELEGATE,5,8605,DAVID,ANDICH,CLARK,CHRISTIAN,4,DEMOCRATIC,DEM
GP 2004,17TH DEMOCRATIC DELEGATE,5,8606,STUART,LEFSTEIN,CLARK,JERSEY,2,DEMOCRATIC,DEM
GP 2004,17TH DEMOCRATIC DELEGATE,5,8606,STUART,LEFSTEIN,CLARK,GREENE,7,DEMOCRATIC,DEM
GP 2004,17TH DEMOCRATIC DELEGATE,5,8606,STUART,LEFSTEIN,CLARK,MERCER,43,DEMOCRATIC,DEM
GP 2004,17TH DEMOCRATIC DELEGATE,5,8606,STUART,LEFSTEIN,CLARK,FULTON,226,DEMOCRATIC,DEM
GP 2004,17TH DEMOCRATIC DELEGATE,5,8606,STUART,LEFSTEIN,CLARK,HANCOCK,11,DEMOCRATIC,DEM
GP 2004,17TH DEMOCRATIC DELEGATE,5,8606,STUART,LEFSTEIN,CLARK,MACOUPIN,157,DEMOCRATIC,DEM
GP 2004,17TH DEMOCRATIC DELEGATE,5,8606,STUART,LEFSTEIN,CLARK,SHELBY,7,DEMOCRATIC,DEM
GP 2004,17TH DEMOCRATIC DELEGATE,5,8606,STUART,LEFSTEIN,CLARK,WARREN,4,DEMOCRATIC,DEM
GP 2004,17TH DEMOCRATIC DELEGATE,5,8606,STUART,LEFSTEIN,CLARK,PIKE,2,DEMOCRATIC,DEM
GP 2004,17TH DEMOCRATIC DELEGATE,5,8606,STUART,LEFSTEIN,CLARK,HENDERSON,4,DEMOCRATIC,DEM
GP 2004,17TH DEMOCRATIC DELEGATE,5,8606,STUART,LEFSTEIN,CLARK,ROCK ISLAND,505,DEMOCRATIC,DEM
GP 2004,17TH DEMOCRATIC DELEGATE,5,8606,STUART,LEFSTEIN,CLARK,WHITESIDE,8,DEMOCRATIC,DEM
GP 2004,17TH DEMOCRATIC DELEGATE,5,8606,STUART,LEFSTEIN,CLARK,FAYETTE,3,DEMOCRATIC,DEM
GP 2004,17TH DEMOCRATIC DELEGATE,5,8606,STUART,LEFSTEIN,CLARK,CALHOUN,4,DEMOCRATIC,DEM
GP 2004,17TH DEMOCRATIC DELEGATE,5,8606,STUART,LEFSTEIN,CLARK,MONTGOMERY,11,DEMOCRATIC,DEM
GP 2004,17TH DEMOCRATIC DELEGATE,5,8606,STUART,LEFSTEIN,CLARK,MADISON,15,DEMOCRATIC,DEM
GP 2004,17TH DEMOCRATIC DELEGATE,5,8606,STUART,LEFSTEIN,CLARK,SANGAMON,39,DEMOCRATIC,DEM
GP 2004,17TH DEMOCRATIC DELEGATE,5,8606,STUART,LEFSTEIN,CLARK,HENRY,17,DEMOCRATIC,DEM
GP 2004,17TH DEMOCRATIC DELEGATE,5,8606,STUART,LEFSTEIN,CLARK,McDONOUGH,29,DEMOCRATIC,DEM
GP 2004,17TH DEMOCRATIC DELEGATE,5,8606,STUART,LEFSTEIN,CLARK,MACON,148,DEMOCRATIC,DEM
GP 2004,17TH DEMOCRATIC DELEGATE,5,8606,STUART,LEFSTEIN,CLARK,KNOX,35,DEMOCRATIC,DEM
GP 2004,17TH DEMOCRATIC DELEGATE,5,8606,STUART,LEFSTEIN,CLARK,ADAMS,70,DEMOCRATIC,DEM
GP 2004,17TH DEMOCRATIC DELEGATE,5,8606,STUART,LEFSTEIN,CLARK,CHRISTIAN,5,DEMOCRATIC,DEM
GP 2004,17TH DEMOCRATIC DELEGATE,5,8607,MATT,O'BRIEN,CLARK,JERSEY,6,DEMOCRATIC,DEM
GP 2004,17TH DEMOCRATIC DELEGATE,5,8607,MATT,O'BRIEN,CLARK,GREENE,8,DEMOCRATIC,DEM
GP 2004,17TH DEMOCRATIC DELEGATE,5,8607,MATT,O'BRIEN,CLARK,MERCER,61,DEMOCRATIC,DEM
GP 2004,17TH DEMOCRATIC DELEGATE,5,8607,MATT,O'BRIEN,CLARK,FULTON,479,DEMOCRATIC,DEM
GP 2004,17TH DEMOCRATIC DELEGATE,5,8607,MATT,O'BRIEN,CLARK,HANCOCK,22,DEMOCRATIC,DEM
GP 2004,17TH DEMOCRATIC DELEGATE,5,8607,MATT,O'BRIEN,CLARK,MACOUPIN,379,DEMOCRATIC,DEM
GP 2004,17TH DEMOCRATIC DELEGATE,5,8607,MATT,O'BRIEN,CLARK,SHELBY,11,DEMOCRATIC,DEM
GP 2004,17TH DEMOCRATIC DELEGATE,5,8607,MATT,O'BRIEN,CLARK,WARREN,11,DEMOCRATIC,DEM
GP 2004,17TH DEMOCRATIC DELEGATE,5,8607,MATT,O'BRIEN,CLARK,PIKE,6,DEMOCRATIC,DEM
GP 2004,17TH DEMOCRATIC DELEGATE,5,8607,MATT,O'BRIEN,CLARK,HENDERSON,6,DEMOCRATIC,DEM
GP 2004,17TH DEMOCRATIC DELEGATE,5,8607,MATT,O'BRIEN,CLARK,ROCK ISLAND,272,DEMOCRATIC,DEM
GP 2004,17TH DEMOCRATIC DELEGATE,5,8607,MATT,O'BRIEN,CLARK,WHITESIDE,24,DEMOCRATIC,DEM
GP 2004,17TH DEMOCRATIC DELEGATE,5,8607,MATT,O'BRIEN,CLARK,FAYETTE,5,DEMOCRATIC,DEM
GP 2004,17TH DEMOCRATIC DELEGATE,5,8607,MATT,O'BRIEN,CLARK,CALHOUN,8,DEMOCRATIC,DEM
GP 2004,17TH DEMOCRATIC DELEGATE,5,8607,MATT,O'BRIEN,CLARK,MONTGOMERY,17,DEMOCRATIC,DEM
GP 2004,17TH DEMOCRATIC DELEGATE,5,8607,MATT,O'BRIEN,CLARK,MADISON,28,DEMOCRATIC,DEM
GP 2004,17TH DEMOCRATIC DELEGATE,5,8607,MATT,O'BRIEN,CLARK,SANGAMON,70,DEMOCRATIC,DEM
GP 2004,17TH DEMOCRATIC DELEGATE,5,8607,MATT,O'BRIEN,CLARK,HENRY,17,DEMOCRATIC,DEM
GP 2004,17TH DEMOCRATIC DELEGATE,5,8607,MATT,O'BRIEN,CLARK,McDONOUGH,83,DEMOCRATIC,DEM
GP 2004,17TH DEMOCRATIC DELEGATE,5,8607,MATT,O'BRIEN,CLARK,MACON,351,DEMOCRATIC,DEM
GP 2004,17TH DEMOCRATIC DELEGATE,5,8607,MATT,O'BRIEN,CLARK,KNOX,87,DEMOCRATIC,DEM
GP 2004,17TH DEMOCRATIC DELEGATE,5,8607,MATT,O'BRIEN,CLARK,ADAMS,265,DEMOCRATIC,DEM
GP 2004,17TH DEMOCRATIC DELEGATE,5,8607,MATT,O'BRIEN,CLARK,CHRISTIAN,12,DEMOCRATIC,DEM
GP 2004,17TH DEMOCRATIC DELEGATE,5,8608,SUZANNE,GOLDEN,CLARK,JERSEY,6,DEMOCRATIC,DEM
GP 2004,17TH DEMOCRATIC DELEGATE,5,8608,SUZANNE,GOLDEN,CLARK,GREENE,7,DEMOCRATIC,DEM
GP 2004,17TH DEMOCRATIC DELEGATE,5,8608,SUZANNE,GOLDEN,CLARK,MERCER,46,DEMOCRATIC,DEM
GP 2004,17TH DEMOCRATIC DELEGATE,5,8608,SUZANNE,GOLDEN,CLARK,FULTON,386,DEMOCRATIC,DEM
GP 2004,17TH DEMOCRATIC DELEGATE,5,8608,SUZANNE,GOLDEN,CLARK,HANCOCK,18,DEMOCRATIC,DEM
GP 2004,17TH DEMOCRATIC DELEGATE,5,8608,SUZANNE,GOLDEN,CLARK,MACOUPIN,314,DEMOCRATIC,DEM
GP 2004,17TH DEMOCRATIC DELEGATE,5,8608,SUZANNE,GOLDEN,CLARK,SHELBY,11,DEMOCRATIC,DEM
GP 2004,17TH DEMOCRATIC DELEGATE,5,8608,SUZANNE,GOLDEN,CLARK,WARREN,6,DEMOCRATIC,DEM
GP 2004,17TH DEMOCRATIC DELEGATE,5,8608,SUZANNE,GOLDEN,CLARK,PIKE,1,DEMOCRATIC,DEM
GP 2004,17TH DEMOCRATIC DELEGATE,5,8608,SUZANNE,GOLDEN,CLARK,HENDERSON,5,DEMOCRATIC,DEM
GP 2004,17TH DEMOCRATIC DELEGATE,5,8608,SUZANNE,GOLDEN,CLARK,ROCK ISLAND,370,DEMOCRATIC,DEM
GP 2004,17TH DEMOCRATIC DELEGATE,5,8608,SUZANNE,GOLDEN,CLARK,WHITESIDE,13,DEMOCRATIC,DEM
GP 2004,17TH DEMOCRATIC DELEGATE,5,8608,SUZANNE,GOLDEN,CLARK,FAYETTE,2,DEMOCRATIC,DEM
GP 2004,17TH DEMOCRATIC DELEGATE,5,8608,SUZANNE,GOLDEN,CLARK,CALHOUN,8,DEMOCRATIC,DEM
GP 2004,17TH DEMOCRATIC DELEGATE,5,8608,SUZANNE,GOLDEN,CLARK,MONTGOMERY,15,DEMOCRATIC,DEM
GP 2004,17TH DEMOCRATIC DELEGATE,5,8608,SUZANNE,GOLDEN,CLARK,MADISON,20,DEMOCRATIC,DEM
GP 2004,17TH DEMOCRATIC DELEGATE,5,8608,SUZANNE,GOLDEN,CLARK,SANGAMON,54,DEMOCRATIC,DEM
GP 2004,17TH DEMOCRATIC DELEGATE,5,8608,SUZANNE,GOLDEN,CLARK,HENRY,15,DEMOCRATIC,DEM
GP 2004,17TH DEMOCRATIC DELEGATE,5,8608,SUZANNE,GOLDEN,CLARK,McDONOUGH,61,DEMOCRATIC,DEM
GP 2004,17TH DEMOCRATIC DELEGATE,5,8608,SUZANNE,GOLDEN,CLARK,MACON,289,DEMOCRATIC,DEM
GP 2004,17TH DEMOCRATIC DELEGATE,5,8608,SUZANNE,GOLDEN,CLARK,KNOX,67,DEMOCRATIC,DEM
GP 2004,17TH DEMOCRATIC DELEGATE,5,8608,SUZANNE,GOLDEN,CLARK,ADAMS,174,DEMOCRATIC,DEM
GP 2004,17TH DEMOCRATIC DELEGATE,5,8608,SUZANNE,GOLDEN,CLARK,CHRISTIAN,7,DEMOCRATIC,DEM
GP 2004,17TH DEMOCRATIC DELEGATE,5,8609,SONIA,CERVANTES,CLARK,JERSEY,7,DEMOCRATIC,DEM
GP 2004,17TH DEMOCRATIC DELEGATE,5,8609,SONIA,CERVANTES,CLARK,GREENE,6,DEMOCRATIC,DEM
GP 2004,17TH DEMOCRATIC DELEGATE,5,8609,SONIA,CERVANTES,CLARK,MERCER,32,DEMOCRATIC,DEM
GP 2004,17TH DEMOCRATIC DELEGATE,5,8609,SONIA,CERVANTES,CLARK,FULTON,239,DEMOCRATIC,DEM
GP 2004,17TH DEMOCRATIC DELEGATE,5,8609,SONIA,CERVANTES,CLARK,HANCOCK,14,DEMOCRATIC,DEM
GP 2004,17TH DEMOCRATIC DELEGATE,5,8609,SONIA,CERVANTES,CLARK,MACOUPIN,225,DEMOCRATIC,DEM
GP 2004,17TH DEMOCRATIC DELEGATE,5,8609,SONIA,CERVANTES,CLARK,SHELBY,11,DEMOCRATIC,DEM
GP 2004,17TH DEMOCRATIC DELEGATE,5,8609,SONIA,CERVANTES,CLARK,WARREN,6,DEMOCRATIC,DEM
GP 2004,17TH DEMOCRATIC DELEGATE,5,8609,SONIA,CERVANTES,CLARK,PIKE,2,DEMOCRATIC,DEM
GP 2004,17TH DEMOCRATIC DELEGATE,5,8609,SONIA,CERVANTES,CLARK,HENDERSON,5,DEMOCRATIC,DEM
GP 2004,17TH DEMOCRATIC DELEGATE,5,8609,SONIA,CERVANTES,CLARK,ROCK ISLAND,223,DEMOCRATIC,DEM
GP 2004,17TH DEMOCRATIC DELEGATE,5,8609,SONIA,CERVANTES,CLARK,WHITESIDE,32,DEMOCRATIC,DEM
GP 2004,17TH DEMOCRATIC DELEGATE,5,8609,SONIA,CERVANTES,CLARK,FAYETTE,3,DEMOCRATIC,DEM
GP 2004,17TH DEMOCRATIC DELEGATE,5,8609,SONIA,CERVANTES,CLARK,CALHOUN,5,DEMOCRATIC,DEM
GP 2004,17TH DEMOCRATIC DELEGATE,5,8609,SONIA,CERVANTES,CLARK,MONTGOMERY,24,DEMOCRATIC,DEM
GP 2004,17TH DEMOCRATIC DELEGATE,5,8609,SONIA,CERVANTES,CLARK,MADISON,17,DEMOCRATIC,DEM
GP 2004,17TH DEMOCRATIC DELEGATE,5,8609,SONIA,CERVANTES,CLARK,SANGAMON,38,DEMOCRATIC,DEM
GP 2004,17TH DEMOCRATIC DELEGATE,5,8609,SONIA,CERVANTES,CLARK,HENRY,12,DEMOCRATIC,DEM
GP 2004,17TH DEMOCRATIC DELEGATE,5,8609,SONIA,CERVANTES,CLARK,McDONOUGH,42,DEMOCRATIC,DEM
GP 2004,17TH DEMOCRATIC DELEGATE,5,8609,SONIA,CERVANTES,CLARK,MACON,177,DEMOCRATIC,DEM
GP 2004,17TH DEMOCRATIC DELEGATE,5,8609,SONIA,CERVANTES,CLARK,KNOX,69,DEMOCRATIC,DEM
GP 2004,17TH DEMOCRATIC DELEGATE,5,8609,SONIA,CERVANTES,CLARK,ADAMS,94,DEMOCRATIC,DEM
GP 2004,17TH DEMOCRATIC DELEGATE,5,8609,SONIA,CERVANTES,CLARK,CHRISTIAN,3,DEMOCRATIC,DEM
GP 2004,19TH DEMOCRATIC ALTERNATE DELEGATE,1,8610,NATALIE A.,ENRIETTO,CLARK,CLAY,62,DEMOCRATIC,DEM
GP 2004,19TH DEMOCRATIC ALTERNATE DELEGATE,1,8610,NATALIE A.,ENRIETTO,CLARK,HARDIN,66,DEMOCRATIC,DEM
GP 2004,19TH DEMOCRATIC ALTERNATE DELEGATE,1,8610,NATALIE A.,ENRIETTO,CLARK,JERSEY,39,DEMOCRATIC,DEM
GP 2004,19TH DEMOCRATIC ALTERNATE DELEGATE,1,8610,NATALIE A.,ENRIETTO,CLARK,RICHLAND,44,DEMOCRATIC,DEM
GP 2004,19TH DEMOCRATIC ALTERNATE DELEGATE,1,8610,NATALIE A.,ENRIETTO,CLARK,WASHINGTON,43,DEMOCRATIC,DEM
GP 2004,19TH DEMOCRATIC ALTERNATE DELEGATE,1,8610,NATALIE A.,ENRIETTO,CLARK,BOND,29,DEMOCRATIC,DEM
GP 2004,19TH DEMOCRATIC ALTERNATE DELEGATE,1,8610,NATALIE A.,ENRIETTO,CLARK,CLINTON,22,DEMOCRATIC,DEM
GP 2004,19TH DEMOCRATIC ALTERNATE DELEGATE,1,8610,NATALIE A.,ENRIETTO,CLARK,JASPER,25,DEMOCRATIC,DEM
GP 2004,19TH DEMOCRATIC ALTERNATE DELEGATE,1,8610,NATALIE A.,ENRIETTO,CLARK,GREENE,30,DEMOCRATIC,DEM
GP 2004,19TH DEMOCRATIC ALTERNATE DELEGATE,1,8610,NATALIE A.,ENRIETTO,CLARK,JOHNSON,27,DEMOCRATIC,DEM
GP 2004,19TH DEMOCRATIC ALTERNATE DELEGATE,1,8610,NATALIE A.,ENRIETTO,CLARK,WILLIAMSON,10,DEMOCRATIC,DEM
GP 2004,19TH DEMOCRATIC ALTERNATE DELEGATE,1,8610,NATALIE A.,ENRIETTO,CLARK,HAMILTON,28,DEMOCRATIC,DEM
GP 2004,19TH DEMOCRATIC ALTERNATE DELEGATE,1,8610,NATALIE A.,ENRIETTO,CLARK,SHELBY,71,DEMOCRATIC,DEM
GP 2004,19TH DEMOCRATIC ALTERNATE DELEGATE,1,8610,NATALIE A.,ENRIETTO,CLARK,EDWARDS,6,DEMOCRATIC,DEM
GP 2004,19TH DEMOCRATIC ALTERNATE DELEGATE,1,8610,NATALIE A.,ENRIETTO,CLARK,WHITE,28,DEMOCRATIC,DEM
GP 2004,19TH DEMOCRATIC ALTERNATE DELEGATE,1,8610,NATALIE A.,ENRIETTO,CLARK,FAYETTE,27,DEMOCRATIC,DEM
GP 2004,19TH DEMOCRATIC ALTERNATE DELEGATE,1,8610,NATALIE A.,ENRIETTO,CLARK,MARION,114,DEMOCRATIC,DEM
GP 2004,19TH DEMOCRATIC ALTERNATE DELEGATE,1,8610,NATALIE A.,ENRIETTO,CLARK,SALINE,94,DEMOCRATIC,DEM
GP 2004,19TH DEMOCRATIC ALTERNATE DELEGATE,1,8610,NATALIE A.,ENRIETTO,CLARK,MASSAC,19,DEMOCRATIC,DEM
GP 2004,19TH DEMOCRATIC ALTERNATE DELEGATE,1,8610,NATALIE A.,ENRIETTO,CLARK,GALLATIN,52,DEMOCRATIC,DEM
GP 2004,19TH DEMOCRATIC ALTERNATE DELEGATE,1,8610,NATALIE A.,ENRIETTO,CLARK,MONTGOMERY,29,DEMOCRATIC,DEM
GP 2004,19TH DEMOCRATIC ALTERNATE DELEGATE,1,8610,NATALIE A.,ENRIETTO,CLARK,JEFFERSON,70,DEMOCRATIC,DEM
GP 2004,19TH DEMOCRATIC ALTERNATE DELEGATE,1,8610,NATALIE A.,ENRIETTO,CLARK,WABASH,8,DEMOCRATIC,DEM
GP 2004,19TH DEMOCRATIC ALTERNATE DELEGATE,1,8610,NATALIE A.,ENRIETTO,CLARK,MADISON,245,DEMOCRATIC,DEM
GP 2004,19TH DEMOCRATIC ALTERNATE DELEGATE,1,8610,NATALIE A.,ENRIETTO,CLARK,SANGAMON,148,DEMOCRATIC,DEM
GP 2004,19TH DEMOCRATIC ALTERNATE DELEGATE,1,8610,NATALIE A.,ENRIETTO,CLARK,EFFINGHAM,124,DEMOCRATIC,DEM
GP 2004,19TH DEMOCRATIC ALTERNATE DELEGATE,1,8610,NATALIE A.,ENRIETTO,CLARK,POPE,19,DEMOCRATIC,DEM
GP 2004,19TH DEMOCRATIC ALTERNATE DELEGATE,1,8610,NATALIE A.,ENRIETTO,CLARK,WAYNE,24,DEMOCRATIC,DEM
GP 2004,19TH DEMOCRATIC ALTERNATE DELEGATE,1,8610,NATALIE A.,ENRIETTO,CLARK,CHRISTIAN,125,DEMOCRATIC,DEM
GP 2004,19TH DEMOCRATIC ALTERNATE DELEGATE,1,8610,NATALIE A.,ENRIETTO,CLARK,LAWRENCE,14,DEMOCRATIC,DEM
GP 2004,9TH DEMOCRATIC DELEGATE,6,8611,THOMAS M.,TUNNEY,CLARK,COOK,2893,DEMOCRATIC,DEM
GP 2004,9TH DEMOCRATIC DELEGATE,6,8612,"JAY ""J. B.""",PRITZKER,CLARK,COOK,2799,DEMOCRATIC,DEM
GP 2004,9TH DEMOCRATIC DELEGATE,6,8613,RONALD D.,JOLLY,CLARK,COOK,1153,DEMOCRATIC,DEM
GP 2004,9TH DEMOCRATIC DELEGATE,6,8614,LORI,GOLDSTEIN,CLARK,COOK,2434,DEMOCRATIC,DEM
GP 2004,9TH DEMOCRATIC DELEGATE,6,8615,PATRICIA,CHERRY,CLARK,COOK,2550,DEMOCRATIC,DEM
GP 2004,9TH DEMOCRATIC DELEGATE,6,8616,ADELAIDE M.,ROWE,CLARK,COOK,1375,DEMOCRATIC,DEM
GP 2004,14TH DEMOCRATIC DELEGATE,4,8617,BILL,SARTO,CLARK,BUREAU,0,DEMOCRATIC,DEM
GP 2004,14TH DEMOCRATIC DELEGATE,4,8617,BILL,SARTO,CLARK,LEE,16,DEMOCRATIC,DEM
GP 2004,14TH DEMOCRATIC DELEGATE,4,8617,BILL,SARTO,CLARK,WHITESIDE,4,DEMOCRATIC,DEM
GP 2004,14TH DEMOCRATIC DELEGATE,4,8617,BILL,SARTO,CLARK,KENDALL,59,DEMOCRATIC,DEM
GP 2004,14TH DEMOCRATIC DELEGATE,4,8617,BILL,SARTO,CLARK,HENRY,50,DEMOCRATIC,DEM
GP 2004,14TH DEMOCRATIC DELEGATE,4,8617,BILL,SARTO,CLARK,KANE,559,DEMOCRATIC,DEM
GP 2004,14TH DEMOCRATIC DELEGATE,4,8617,BILL,SARTO,CLARK,DeKALB,117,DEMOCRATIC,DEM
GP 2004,14TH DEMOCRATIC DELEGATE,4,8617,BILL,SARTO,CLARK,DuPAGE,95,DEMOCRATIC,DEM
GP 2004,14TH DEMOCRATIC DELEGATE,4,8618,FRAN,ST. GEORGE,CLARK,BUREAU,0,DEMOCRATIC,DEM
GP 2004,14TH DEMOCRATIC DELEGATE,4,8618,FRAN,ST. GEORGE,CLARK,LEE,11,DEMOCRATIC,DEM
GP 2004,14TH DEMOCRATIC DELEGATE,4,8618,FRAN,ST. GEORGE,CLARK,WHITESIDE,7,DEMOCRATIC,DEM
GP 2004,14TH DEMOCRATIC DELEGATE,4,8618,FRAN,ST. GEORGE,CLARK,HENRY,44,DEMOCRATIC,DEM
GP 2004,14TH DEMOCRATIC DELEGATE,4,8618,FRAN,ST. GEORGE,CLARK,KENDALL,35,DEMOCRATIC,DEM
GP 2004,14TH DEMOCRATIC DELEGATE,4,8618,FRAN,ST. GEORGE,CLARK,KANE,221,DEMOCRATIC,DEM
GP 2004,14TH DEMOCRATIC DELEGATE,4,8618,FRAN,ST. GEORGE,CLARK,DeKALB,100,DEMOCRATIC,DEM
GP 2004,14TH DEMOCRATIC DELEGATE,4,8618,FRAN,ST. GEORGE,CLARK,DuPAGE,74,DEMOCRATIC,DEM
GP 2004,14TH DEMOCRATIC DELEGATE,4,8619,STEVEN J.,TSCHANNEN,CLARK,BUREAU,0,DEMOCRATIC,DEM
GP 2004,14TH DEMOCRATIC DELEGATE,4,8619,STEVEN J.,TSCHANNEN,CLARK,LEE,18,DEMOCRATIC,DEM
GP 2004,14TH DEMOCRATIC DELEGATE,4,8619,STEVEN J.,TSCHANNEN,CLARK,WHITESIDE,5,DEMOCRATIC,DEM
GP 2004,14TH DEMOCRATIC DELEGATE,4,8619,STEVEN J.,TSCHANNEN,CLARK,HENRY,12,DEMOCRATIC,DEM
GP 2004,14TH DEMOCRATIC DELEGATE,4,8619,STEVEN J.,TSCHANNEN,CLARK,KENDALL,41,DEMOCRATIC,DEM
GP 2004,14TH DEMOCRATIC DELEGATE,4,8619,STEVEN J.,TSCHANNEN,CLARK,KANE,192,DEMOCRATIC,DEM
GP 2004,14TH DEMOCRATIC DELEGATE,4,8619,STEVEN J.,TSCHANNEN,CLARK,DeKALB,110,DEMOCRATIC,DEM
GP 2004,14TH DEMOCRATIC DELEGATE,4,8619,STEVEN J.,TSCHANNEN,CLARK,DuPAGE,63,DEMOCRATIC,DEM
GP 2004,14TH DEMOCRATIC DELEGATE,4,8620,MARY ANNE,CUMMINGS,CLARK,BUREAU,1,DEMOCRATIC,DEM
GP 2004,14TH DEMOCRATIC DELEGATE,4,8620,MARY ANNE,CUMMINGS,CLARK,LEE,27,DEMOCRATIC,DEM
GP 2004,14TH DEMOCRATIC DELEGATE,4,8620,MARY ANNE,CUMMINGS,CLARK,WHITESIDE,9,DEMOCRATIC,DEM
GP 2004,14TH DEMOCRATIC DELEGATE,4,8620,MARY ANNE,CUMMINGS,CLARK,HENRY,27,DEMOCRATIC,DEM
GP 2004,14TH DEMOCRATIC DELEGATE,4,8620,MARY ANNE,CUMMINGS,CLARK,KENDALL,72,DEMOCRATIC,DEM
GP 2004,14TH DEMOCRATIC DELEGATE,4,8620,MARY ANNE,CUMMINGS,CLARK,KANE,524,DEMOCRATIC,DEM
GP 2004,14TH DEMOCRATIC DELEGATE,4,8620,MARY ANNE,CUMMINGS,CLARK,DeKALB,199,DEMOCRATIC,DEM
GP 2004,14TH DEMOCRATIC DELEGATE,4,8620,MARY ANNE,CUMMINGS,CLARK,DuPAGE,137,DEMOCRATIC,DEM
GP 2004,17TH DEMOCRATIC ALTERNATE DELEGATE,1,8621,MARY,RISELING,CLARK,JERSEY,11,DEMOCRATIC,DEM
GP 2004,17TH DEMOCRATIC ALTERNATE DELEGATE,1,8621,MARY,RISELING,CLARK,GREENE,24,DEMOCRATIC,DEM
GP 2004,17TH DEMOCRATIC ALTERNATE DELEGATE,1,8621,MARY,RISELING,CLARK,MERCER,50,DEMOCRATIC,DEM
GP 2004,17TH DEMOCRATIC ALTERNATE DELEGATE,1,8621,MARY,RISELING,CLARK,FULTON,281,DEMOCRATIC,DEM
GP 2004,17TH DEMOCRATIC ALTERNATE DELEGATE,1,8621,MARY,RISELING,CLARK,HANCOCK,31,DEMOCRATIC,DEM
GP 2004,17TH DEMOCRATIC ALTERNATE DELEGATE,1,8621,MARY,RISELING,CLARK,MACOUPIN,245,DEMOCRATIC,DEM
GP 2004,17TH DEMOCRATIC ALTERNATE DELEGATE,1,8621,MARY,RISELING,CLARK,SHELBY,7,DEMOCRATIC,DEM
GP 2004,17TH DEMOCRATIC ALTERNATE DELEGATE,1,8621,MARY,RISELING,CLARK,WARREN,33,DEMOCRATIC,DEM
GP 2004,17TH DEMOCRATIC ALTERNATE DELEGATE,1,8621,MARY,RISELING,CLARK,PIKE,11,DEMOCRATIC,DEM
GP 2004,17TH DEMOCRATIC ALTERNATE DELEGATE,1,8621,MARY,RISELING,CLARK,HENDERSON,9,DEMOCRATIC,DEM
GP 2004,17TH DEMOCRATIC ALTERNATE DELEGATE,1,8621,MARY,RISELING,CLARK,ROCK ISLAND,359,DEMOCRATIC,DEM
GP 2004,17TH DEMOCRATIC ALTERNATE DELEGATE,1,8621,MARY,RISELING,CLARK,WHITESIDE,38,DEMOCRATIC,DEM
GP 2004,17TH DEMOCRATIC ALTERNATE DELEGATE,1,8621,MARY,RISELING,CLARK,FAYETTE,6,DEMOCRATIC,DEM
GP 2004,17TH DEMOCRATIC ALTERNATE DELEGATE,1,8621,MARY,RISELING,CLARK,CALHOUN,9,DEMOCRATIC,DEM
GP 2004,17TH DEMOCRATIC ALTERNATE DELEGATE,1,8621,MARY,RISELING,CLARK,MONTGOMERY,42,DEMOCRATIC,DEM
GP 2004,17TH DEMOCRATIC ALTERNATE DELEGATE,1,8621,MARY,RISELING,CLARK,MADISON,16,DEMOCRATIC,DEM
GP 2004,17TH DEMOCRATIC ALTERNATE DELEGATE,1,8621,MARY,RISELING,CLARK,SANGAMON,88,DEMOCRATIC,DEM
GP 2004,17TH DEMOCRATIC ALTERNATE DELEGATE,1,8621,MARY,RISELING,CLARK,HENRY,42,DEMOCRATIC,DEM
GP 2004,17TH DEMOCRATIC ALTERNATE DELEGATE,1,8621,MARY,RISELING,CLARK,McDONOUGH,41,DEMOCRATIC,DEM
GP 2004,17TH DEMOCRATIC ALTERNATE DELEGATE,1,8621,MARY,RISELING,CLARK,MACON,211,DEMOCRATIC,DEM
GP 2004,17TH DEMOCRATIC ALTERNATE DELEGATE,1,8621,MARY,RISELING,CLARK,KNOX,126,DEMOCRATIC,DEM
GP 2004,17TH DEMOCRATIC ALTERNATE DELEGATE,1,8621,MARY,RISELING,CLARK,ADAMS,113,DEMOCRATIC,DEM
GP 2004,17TH DEMOCRATIC ALTERNATE DELEGATE,1,8621,MARY,RISELING,CLARK,CHRISTIAN,18,DEMOCRATIC,DEM
GP 2004,9TH DEMOCRATIC ALTERNATE DELEGATE,1,8622,JENNIFER A.,KUHN,CLARK,COOK,3024,DEMOCRATIC,DEM
GP 2004,13TH DEMOCRATIC DELEGATE,4,8623,KYLE R.,HASTINGS,CLARK,WILL,331,DEMOCRATIC,DEM
GP 2004,13TH DEMOCRATIC DELEGATE,4,8623,KYLE R.,HASTINGS,CLARK,COOK,253,DEMOCRATIC,DEM
GP 2004,13TH DEMOCRATIC DELEGATE,4,8623,KYLE R.,HASTINGS,CLARK,DuPAGE,612,DEMOCRATIC,DEM
GP 2004,13TH DEMOCRATIC DELEGATE,4,8624,DAVID,VAUGHT,CLARK,WILL,345,DEMOCRATIC,DEM
GP 2004,13TH DEMOCRATIC DELEGATE,4,8624,DAVID,VAUGHT,CLARK,COOK,169,DEMOCRATIC,DEM
GP 2004,13TH DEMOCRATIC DELEGATE,4,8624,DAVID,VAUGHT,CLARK,DuPAGE,658,DEMOCRATIC,DEM
GP 2004,13TH DEMOCRATIC DELEGATE,4,8625,LORETTA,VALENTIN,CLARK,WILL,414,DEMOCRATIC,DEM
GP 2004,13TH DEMOCRATIC DELEGATE,4,8625,LORETTA,VALENTIN,CLARK,COOK,179,DEMOCRATIC,DEM
GP 2004,13TH DEMOCRATIC DELEGATE,4,8625,LORETTA,VALENTIN,CLARK,DuPAGE,806,DEMOCRATIC,DEM
GP 2004,13TH DEMOCRATIC DELEGATE,4,8626,MICHELLE,KOSIK,CLARK,WILL,489,DEMOCRATIC,DEM
GP 2004,13TH DEMOCRATIC DELEGATE,4,8626,MICHELLE,KOSIK,CLARK,COOK,258,DEMOCRATIC,DEM
GP 2004,13TH DEMOCRATIC DELEGATE,4,8626,MICHELLE,KOSIK,CLARK,DuPAGE,1113,DEMOCRATIC,DEM
GP 2004,14TH DEMOCRATIC ALTERNATE DELEGATE,1,8627,RICH,OSBORNE,CLARK,BUREAU,0,DEMOCRATIC,DEM
GP 2004,14TH DEMOCRATIC ALTERNATE DELEGATE,1,8627,RICH,OSBORNE,CLARK,LEE,55,DEMOCRATIC,DEM
GP 2004,14TH DEMOCRATIC ALTERNATE DELEGATE,1,8627,RICH,OSBORNE,CLARK,WHITESIDE,18,DEMOCRATIC,DEM
GP 2004,14TH DEMOCRATIC ALTERNATE DELEGATE,1,8627,RICH,OSBORNE,CLARK,HENRY,33,DEMOCRATIC,DEM
GP 2004,14TH DEMOCRATIC ALTERNATE DELEGATE,1,8627,RICH,OSBORNE,CLARK,KENDALL,115,DEMOCRATIC,DEM
GP 2004,14TH DEMOCRATIC ALTERNATE DELEGATE,1,8627,RICH,OSBORNE,CLARK,KANE,698,DEMOCRATIC,DEM
GP 2004,14TH DEMOCRATIC ALTERNATE DELEGATE,1,8627,RICH,OSBORNE,CLARK,DeKALB,146,DEMOCRATIC,DEM
GP 2004,14TH DEMOCRATIC ALTERNATE DELEGATE,1,8627,RICH,OSBORNE,CLARK,DuPAGE,90,DEMOCRATIC,DEM
GP 2004,13TH DEMOCRATIC ALTERNATE DELEGATE,1,8628,MICHELLE M.,BURKE,CLARK,WILL,815,DEMOCRATIC,DEM
GP 2004,13TH DEMOCRATIC ALTERNATE DELEGATE,1,8628,MICHELLE M.,BURKE,CLARK,COOK,640,DEMOCRATIC,DEM
GP 2004,13TH DEMOCRATIC ALTERNATE DELEGATE,1,8628,MICHELLE M.,BURKE,CLARK,DuPAGE,1071,DEMOCRATIC,DEM
GP 2004,8TH DEMOCRATIC DELEGATE,4,8629,BILL,GENTES,CLARK,LAKE,593,DEMOCRATIC,DEM
GP 2004,8TH DEMOCRATIC DELEGATE,4,8629,BILL,GENTES,CLARK,McHENRY,158,DEMOCRATIC,DEM
GP 2004,8TH DEMOCRATIC DELEGATE,4,8629,BILL,GENTES,CLARK,COOK,232,DEMOCRATIC,DEM
GP 2004,8TH DEMOCRATIC DELEGATE,4,8630,THOMAS C.,BOYD,CLARK,LAKE,730,DEMOCRATIC,DEM
GP 2004,8TH DEMOCRATIC DELEGATE,4,8630,THOMAS C.,BOYD,CLARK,McHENRY,241,DEMOCRATIC,DEM
GP 2004,8TH DEMOCRATIC DELEGATE,4,8630,THOMAS C.,BOYD,CLARK,COOK,220,DEMOCRATIC,DEM
GP 2004,8TH DEMOCRATIC DELEGATE,4,8631,PAMELA,NELSON,CLARK,LAKE,732,DEMOCRATIC,DEM
GP 2004,8TH DEMOCRATIC DELEGATE,4,8631,PAMELA,NELSON,CLARK,McHENRY,279,DEMOCRATIC,DEM
GP 2004,8TH DEMOCRATIC DELEGATE,4,8631,PAMELA,NELSON,CLARK,COOK,288,DEMOCRATIC,DEM
GP 2004,8TH DEMOCRATIC DELEGATE,4,8632,JULIE,LUCAS,CLARK,LAKE,705,DEMOCRATIC,DEM
GP 2004,8TH DEMOCRATIC DELEGATE,4,8632,JULIE,LUCAS,CLARK,McHENRY,210,DEMOCRATIC,DEM
GP 2004,8TH DEMOCRATIC DELEGATE,4,8632,JULIE,LUCAS,CLARK,COOK,250,DEMOCRATIC,DEM
GP 2004,5TH DEMOCRATIC DELEGATE,6,8633,MARGARET,LAURINO,CLARK,COOK,6310,DEMOCRATIC,DEM
GP 2004,5TH DEMOCRATIC DELEGATE,6,8634,JOHN L.,BOROVICKA,CLARK,COOK,2900,DEMOCRATIC,DEM
GP 2004,5TH DEMOCRATIC DELEGATE,6,8635,MARILYN,KATZ,CLARK,COOK,2237,DEMOCRATIC,DEM
GP 2004,5TH DEMOCRATIC DELEGATE,6,8636,CHARLES R.,BERNARDINI,CLARK,COOK,1889,DEMOCRATIC,DEM
GP 2004,5TH DEMOCRATIC DELEGATE,6,8637,GAIL,MORSE,CLARK,COOK,2019,DEMOCRATIC,DEM
GP 2004,5TH DEMOCRATIC DELEGATE,6,8638,JOHN A.,FRITCHEY,CLARK,COOK,3987,DEMOCRATIC,DEM
GP 2004,8TH DEMOCRATIC ALTERNATE DELEGATE,1,8639,STEVE,ECK,CLARK,LAKE,771,DEMOCRATIC,DEM
GP 2004,8TH DEMOCRATIC ALTERNATE DELEGATE,1,8639,STEVE,ECK,CLARK,McHENRY,204,DEMOCRATIC,DEM
GP 2004,8TH DEMOCRATIC ALTERNATE DELEGATE,1,8639,STEVE,ECK,CLARK,COOK,375,DEMOCRATIC,DEM
GP 2004,11TH DEMOCRATIC DELEGATE,5,8640,SCOTT,PYLES,CLARK,LIVINGSTON,0,DEMOCRATIC,DEM
GP 2004,11TH DEMOCRATIC DELEGATE,5,8640,SCOTT,PYLES,CLARK,WOODFORD,3,DEMOCRATIC,DEM
GP 2004,11TH DEMOCRATIC DELEGATE,5,8640,SCOTT,PYLES,CLARK,BUREAU,48,DEMOCRATIC,DEM
GP 2004,11TH DEMOCRATIC DELEGATE,5,8640,SCOTT,PYLES,CLARK,WILL,883,DEMOCRATIC,DEM
GP 2004,11TH DEMOCRATIC DELEGATE,5,8640,SCOTT,PYLES,CLARK,GRUNDY,99,DEMOCRATIC,DEM
GP 2004,11TH DEMOCRATIC DELEGATE,5,8640,SCOTT,PYLES,CLARK,LaSALLE,140,DEMOCRATIC,DEM
GP 2004,11TH DEMOCRATIC DELEGATE,5,8640,SCOTT,PYLES,CLARK,KANKAKEE,195,DEMOCRATIC,DEM
GP 2004,11TH DEMOCRATIC DELEGATE,5,8640,SCOTT,PYLES,CLARK,McLEAN,88,DEMOCRATIC,DEM
GP 2004,11TH DEMOCRATIC DELEGATE,5,8641,CHARLES J.,SQUIRES,CLARK,LIVINGSTON,0,DEMOCRATIC,DEM
GP 2004,11TH DEMOCRATIC DELEGATE,5,8641,CHARLES J.,SQUIRES,CLARK,WOODFORD,1,DEMOCRATIC,DEM
GP 2004,11TH DEMOCRATIC DELEGATE,5,8641,CHARLES J.,SQUIRES,CLARK,BUREAU,44,DEMOCRATIC,DEM
GP 2004,11TH DEMOCRATIC DELEGATE,5,8641,CHARLES J.,SQUIRES,CLARK,WILL,543,DEMOCRATIC,DEM
GP 2004,11TH DEMOCRATIC DELEGATE,5,8641,CHARLES J.,SQUIRES,CLARK,GRUNDY,65,DEMOCRATIC,DEM
GP 2004,11TH DEMOCRATIC DELEGATE,5,8641,CHARLES J.,SQUIRES,CLARK,LaSALLE,106,DEMOCRATIC,DEM
GP 2004,11TH DEMOCRATIC DELEGATE,5,8641,CHARLES J.,SQUIRES,CLARK,KANKAKEE,185,DEMOCRATIC,DEM
GP 2004,11TH DEMOCRATIC DELEGATE,5,8641,CHARLES J.,SQUIRES,CLARK,McLEAN,84,DEMOCRATIC,DEM
GP 2004,11TH DEMOCRATIC DELEGATE,5,8642,ROB,POZZI,CLARK,LIVINGSTON,0,DEMOCRATIC,DEM
GP 2004,11TH DEMOCRATIC DELEGATE,5,8642,ROB,POZZI,CLARK,WOODFORD,1,DEMOCRATIC,DEM
GP 2004,11TH DEMOCRATIC DELEGATE,5,8642,ROB,POZZI,CLARK,BUREAU,192,DEMOCRATIC,DEM
GP 2004,11TH DEMOCRATIC DELEGATE,5,8642,ROB,POZZI,CLARK,WILL,1001,DEMOCRATIC,DEM
GP 2004,11TH DEMOCRATIC DELEGATE,5,8642,ROB,POZZI,CLARK,GRUNDY,75,DEMOCRATIC,DEM
GP 2004,11TH DEMOCRATIC DELEGATE,5,8642,ROB,POZZI,CLARK,LaSALLE,307,DEMOCRATIC,DEM
GP 2004,11TH DEMOCRATIC DELEGATE,5,8642,ROB,POZZI,CLARK,KANKAKEE,170,DEMOCRATIC,DEM
GP 2004,11TH DEMOCRATIC DELEGATE,5,8642,ROB,POZZI,CLARK,McLEAN,90,DEMOCRATIC,DEM
GP 2004,11TH DEMOCRATIC DELEGATE,5,8643,LINDA,DRANE,CLARK,LIVINGSTON,0,DEMOCRATIC,DEM
GP 2004,11TH DEMOCRATIC DELEGATE,5,8643,LINDA,DRANE,CLARK,WOODFORD,2,DEMOCRATIC,DEM
GP 2004,11TH DEMOCRATIC DELEGATE,5,8643,LINDA,DRANE,CLARK,BUREAU,49,DEMOCRATIC,DEM
GP 2004,11TH DEMOCRATIC DELEGATE,5,8643,LINDA,DRANE,CLARK,WILL,1127,DEMOCRATIC,DEM
GP 2004,11TH DEMOCRATIC DELEGATE,5,8643,LINDA,DRANE,CLARK,GRUNDY,120,DEMOCRATIC,DEM
GP 2004,11TH DEMOCRATIC DELEGATE,5,8643,LINDA,DRANE,CLARK,LaSALLE,192,DEMOCRATIC,DEM
GP 2004,11TH DEMOCRATIC DELEGATE,5,8643,LINDA,DRANE,CLARK,KANKAKEE,412,DEMOCRATIC,DEM
GP 2004,11TH DEMOCRATIC DELEGATE,5,8643,LINDA,DRANE,CLARK,McLEAN,207,DEMOCRATIC,DEM
GP 2004,11TH DEMOCRATIC DELEGATE,5,8644,JEANINE,ABELS,CLARK,LIVINGSTON,0,DEMOCRATIC,DEM
GP 2004,11TH DEMOCRATIC DELEGATE,5,8644,JEANINE,ABELS,CLARK,WOODFORD,2,DEMOCRATIC,DEM
GP 2004,11TH DEMOCRATIC DELEGATE,5,8644,JEANINE,ABELS,CLARK,BUREAU,41,DEMOCRATIC,DEM
GP 2004,11TH DEMOCRATIC DELEGATE,5,8644,JEANINE,ABELS,CLARK,WILL,631,DEMOCRATIC,DEM
GP 2004,11TH DEMOCRATIC DELEGATE,5,8644,JEANINE,ABELS,CLARK,GRUNDY,73,DEMOCRATIC,DEM
GP 2004,11TH DEMOCRATIC DELEGATE,5,8644,JEANINE,ABELS,CLARK,LaSALLE,134,DEMOCRATIC,DEM
GP 2004,11TH DEMOCRATIC DELEGATE,5,8644,JEANINE,ABELS,CLARK,KANKAKEE,196,DEMOCRATIC,DEM
GP 2004,11TH DEMOCRATIC DELEGATE,5,8644,JEANINE,ABELS,CLARK,McLEAN,128,DEMOCRATIC,DEM
GP 2004,7TH DEMOCRATIC DELEGATE,8,8645,VI,DALEY,CLARK,COOK,2124,DEMOCRATIC,DEM
GP 2004,7TH DEMOCRATIC DELEGATE,8,8646,THOMAS,GARY,CLARK,COOK,2222,DEMOCRATIC,DEM
GP 2004,7TH DEMOCRATIC DELEGATE,8,8647,BETTYLU K.,SALTZMAN,CLARK,COOK,1394,DEMOCRATIC,DEM
GP 2004,7TH DEMOCRATIC DELEGATE,8,8648,TED,TETZLAFF,CLARK,COOK,1166,DEMOCRATIC,DEM
GP 2004,7TH DEMOCRATIC DELEGATE,8,8649,JUDY,KLUTZNICK,CLARK,COOK,1729,DEMOCRATIC,DEM
GP 2004,7TH DEMOCRATIC DELEGATE,8,8650,ROBERT C.,HOWARD,CLARK,COOK,4211,DEMOCRATIC,DEM
GP 2004,7TH DEMOCRATIC DELEGATE,8,8651,BETTE CERF,HILL,CLARK,COOK,2190,DEMOCRATIC,DEM
GP 2004,7TH DEMOCRATIC DELEGATE,8,8652,ROBERT L.,FOGEL,CLARK,COOK,1587,DEMOCRATIC,DEM
GP 2004,5TH DEMOCRATIC ALTERNATE DELEGATE,1,8653,MARGARET,CUSHING,CLARK,COOK,4475,DEMOCRATIC,DEM
GP 2004,10TH DEMOCRATIC DELEGATE,5,8654,LAUREN BETH,GASH,CLARK,LAKE,4022,DEMOCRATIC,DEM
GP 2004,10TH DEMOCRATIC DELEGATE,5,8654,LAUREN BETH,GASH,CLARK,COOK,948,DEMOCRATIC,DEM
GP 2004,10TH DEMOCRATIC DELEGATE,5,8655,HAROLD,KATZ,CLARK,LAKE,1471,DEMOCRATIC,DEM
GP 2004,10TH DEMOCRATIC DELEGATE,5,8655,HAROLD,KATZ,CLARK,COOK,626,DEMOCRATIC,DEM
GP 2004,10TH DEMOCRATIC DELEGATE,5,8656,PATRICE,BRANDT,CLARK,LAKE,702,DEMOCRATIC,DEM
GP 2004,10TH DEMOCRATIC DELEGATE,5,8656,PATRICE,BRANDT,CLARK,COOK,465,DEMOCRATIC,DEM
GP 2004,10TH DEMOCRATIC DELEGATE,5,8657,DAVID C.,JACOBSON,CLARK,LAKE,1074,DEMOCRATIC,DEM
GP 2004,10TH DEMOCRATIC DELEGATE,5,8657,DAVID C.,JACOBSON,CLARK,COOK,491,DEMOCRATIC,DEM
GP 2004,10TH DEMOCRATIC DELEGATE,5,8658,DIANNE,ROCHESTER,CLARK,LAKE,802,DEMOCRATIC,DEM
GP 2004,10TH DEMOCRATIC DELEGATE,5,8658,DIANNE,ROCHESTER,CLARK,COOK,465,DEMOCRATIC,DEM
GP 2004,7TH DEMOCRATIC ALTERNATE DELEGATE,1,8659,EILEEN,FEIN,CLARK,COOK,3361,DEMOCRATIC,DEM
GP 2004,4TH DEMOCRATIC DELEGATE,4,8660,EDWIN,CARDONA,CLARK,COOK,1140,DEMOCRATIC,DEM
GP 2004,4TH DEMOCRATIC DELEGATE,4,8661,MARITZA,GARCIA,CLARK,COOK,1770,DEMOCRATIC,DEM
GP 2004,4TH DEMOCRATIC DELEGATE,4,8662,LUIS,SILVA,CLARK,COOK,1783,DEMOCRATIC,DEM
GP 2004,4TH DEMOCRATIC DELEGATE,4,8663,AMARILIS,PEREZ,CLARK,COOK,875,DEMOCRATIC,DEM
GP 2004,10TH DEMOCRATIC ALTERNATE DELEGATE,1,8664,DANIEL M.,PIERCE,CLARK,LAKE,1691,DEMOCRATIC,DEM
GP 2004,10TH DEMOCRATIC ALTERNATE DELEGATE,1,8664,DANIEL M.,PIERCE,CLARK,COOK,845,DEMOCRATIC,DEM
GP 2004,12TH DEMOCRATIC DELEGATE,6,8665,MARK,VON NIDA,CLARK,PERRY,79,DEMOCRATIC,DEM
GP 2004,12TH DEMOCRATIC DELEGATE,6,8665,MARK,VON NIDA,CLARK,WILLIAMSON,64,DEMOCRATIC,DEM
GP 2004,12TH DEMOCRATIC DELEGATE,6,8665,MARK,VON NIDA,CLARK,MONROE,6,DEMOCRATIC,DEM
GP 2004,12TH DEMOCRATIC DELEGATE,6,8665,MARK,VON NIDA,CLARK,JACKSON,74,DEMOCRATIC,DEM
GP 2004,12TH DEMOCRATIC DELEGATE,6,8665,MARK,VON NIDA,CLARK,FRANKLIN,227,DEMOCRATIC,DEM
GP 2004,12TH DEMOCRATIC DELEGATE,6,8665,MARK,VON NIDA,CLARK,RANDOLPH,98,DEMOCRATIC,DEM
GP 2004,12TH DEMOCRATIC DELEGATE,6,8665,MARK,VON NIDA,CLARK,MADISON,2267,DEMOCRATIC,DEM
GP 2004,12TH DEMOCRATIC DELEGATE,6,8665,MARK,VON NIDA,CLARK,UNION,138,DEMOCRATIC,DEM
GP 2004,12TH DEMOCRATIC DELEGATE,6,8665,MARK,VON NIDA,CLARK,ST. CLAIR,607,DEMOCRATIC,DEM
GP 2004,12TH DEMOCRATIC DELEGATE,6,8665,MARK,VON NIDA,CLARK,ALEXANDER,46,DEMOCRATIC,DEM
GP 2004,12TH DEMOCRATIC DELEGATE,6,8665,MARK,VON NIDA,CLARK,PULASKI,12,DEMOCRATIC,DEM
GP 2004,12TH DEMOCRATIC DELEGATE,6,8666,KEVIN,KERN,CLARK,PERRY,492,DEMOCRATIC,DEM
GP 2004,12TH DEMOCRATIC DELEGATE,6,8666,KEVIN,KERN,CLARK,WILLIAMSON,101,DEMOCRATIC,DEM
GP 2004,12TH DEMOCRATIC DELEGATE,6,8666,KEVIN,KERN,CLARK,MONROE,22,DEMOCRATIC,DEM
GP 2004,12TH DEMOCRATIC DELEGATE,6,8666,KEVIN,KERN,CLARK,JACKSON,98,DEMOCRATIC,DEM
GP 2004,12TH DEMOCRATIC DELEGATE,6,8666,KEVIN,KERN,CLARK,FRANKLIN,352,DEMOCRATIC,DEM
GP 2004,12TH DEMOCRATIC DELEGATE,6,8666,KEVIN,KERN,CLARK,RANDOLPH,118,DEMOCRATIC,DEM
GP 2004,12TH DEMOCRATIC DELEGATE,6,8666,KEVIN,KERN,CLARK,MADISON,229,DEMOCRATIC,DEM
GP 2004,12TH DEMOCRATIC DELEGATE,6,8666,KEVIN,KERN,CLARK,UNION,188,DEMOCRATIC,DEM
GP 2004,12TH DEMOCRATIC DELEGATE,6,8666,KEVIN,KERN,CLARK,ST. CLAIR,1311,DEMOCRATIC,DEM
GP 2004,12TH DEMOCRATIC DELEGATE,6,8666,KEVIN,KERN,CLARK,ALEXANDER,35,DEMOCRATIC,DEM
GP 2004,12TH DEMOCRATIC DELEGATE,6,8666,KEVIN,KERN,CLARK,PULASKI,26,DEMOCRATIC,DEM
GP 2004,12TH DEMOCRATIC DELEGATE,6,8667,KERRY,MILLER,CLARK,PERRY,110,DEMOCRATIC,DEM
GP 2004,12TH DEMOCRATIC DELEGATE,6,8667,KERRY,MILLER,CLARK,WILLIAMSON,78,DEMOCRATIC,DEM
GP 2004,12TH DEMOCRATIC DELEGATE,6,8667,KERRY,MILLER,CLARK,MONROE,16,DEMOCRATIC,DEM
GP 2004,12TH DEMOCRATIC DELEGATE,6,8667,KERRY,MILLER,CLARK,JACKSON,82,DEMOCRATIC,DEM
GP 2004,12TH DEMOCRATIC DELEGATE,6,8667,KERRY,MILLER,CLARK,FRANKLIN,301,DEMOCRATIC,DEM
GP 2004,12TH DEMOCRATIC DELEGATE,6,8667,KERRY,MILLER,CLARK,RANDOLPH,64,DEMOCRATIC,DEM
GP 2004,12TH DEMOCRATIC DELEGATE,6,8667,KERRY,MILLER,CLARK,MADISON,445,DEMOCRATIC,DEM
GP 2004,12TH DEMOCRATIC DELEGATE,6,8667,KERRY,MILLER,CLARK,UNION,188,DEMOCRATIC,DEM
GP 2004,12TH DEMOCRATIC DELEGATE,6,8667,KERRY,MILLER,CLARK,ST. CLAIR,834,DEMOCRATIC,DEM
GP 2004,12TH DEMOCRATIC DELEGATE,6,8667,KERRY,MILLER,CLARK,ALEXANDER,34,DEMOCRATIC,DEM
GP 2004,12TH DEMOCRATIC DELEGATE,6,8667,KERRY,MILLER,CLARK,PULASKI,11,DEMOCRATIC,DEM
GP 2004,12TH DEMOCRATIC DELEGATE,6,8668,KAREN,SANDEFUR,CLARK,PERRY,97,DEMOCRATIC,DEM
GP 2004,12TH DEMOCRATIC DELEGATE,6,8668,KAREN,SANDEFUR,CLARK,WILLIAMSON,76,DEMOCRATIC,DEM
GP 2004,12TH DEMOCRATIC DELEGATE,6,8668,KAREN,SANDEFUR,CLARK,MONROE,10,DEMOCRATIC,DEM
GP 2004,12TH DEMOCRATIC DELEGATE,6,8668,KAREN,SANDEFUR,CLARK,JACKSON,72,DEMOCRATIC,DEM
GP 2004,12TH DEMOCRATIC DELEGATE,6,8668,KAREN,SANDEFUR,CLARK,FRANKLIN,250,DEMOCRATIC,DEM
GP 2004,12TH DEMOCRATIC DELEGATE,6,8668,KAREN,SANDEFUR,CLARK,RANDOLPH,44,DEMOCRATIC,DEM
GP 2004,12TH DEMOCRATIC DELEGATE,6,8668,KAREN,SANDEFUR,CLARK,MADISON,192,DEMOCRATIC,DEM
GP 2004,12TH DEMOCRATIC DELEGATE,6,8668,KAREN,SANDEFUR,CLARK,UNION,129,DEMOCRATIC,DEM
GP 2004,12TH DEMOCRATIC DELEGATE,6,8668,KAREN,SANDEFUR,CLARK,ST. CLAIR,673,DEMOCRATIC,DEM
GP 2004,12TH DEMOCRATIC DELEGATE,6,8668,KAREN,SANDEFUR,CLARK,ALEXANDER,19,DEMOCRATIC,DEM
GP 2004,12TH DEMOCRATIC DELEGATE,6,8668,KAREN,SANDEFUR,CLARK,PULASKI,7,DEMOCRATIC,DEM
GP 2004,12TH DEMOCRATIC DELEGATE,6,8669,BARBARA KAY,McCALLEY,CLARK,PERRY,105,DEMOCRATIC,DEM
GP 2004,12TH DEMOCRATIC DELEGATE,6,8669,BARBARA KAY,McCALLEY,CLARK,WILLIAMSON,88,DEMOCRATIC,DEM
GP 2004,12TH DEMOCRATIC DELEGATE,6,8669,BARBARA KAY,McCALLEY,CLARK,MONROE,13,DEMOCRATIC,DEM
GP 2004,12TH DEMOCRATIC DELEGATE,6,8669,BARBARA KAY,McCALLEY,CLARK,JACKSON,67,DEMOCRATIC,DEM
GP 2004,12TH DEMOCRATIC DELEGATE,6,8669,BARBARA KAY,McCALLEY,CLARK,FRANKLIN,294,DEMOCRATIC,DEM
GP 2004,12TH DEMOCRATIC DELEGATE,6,8669,BARBARA KAY,McCALLEY,CLARK,RANDOLPH,55,DEMOCRATIC,DEM
GP 2004,12TH DEMOCRATIC DELEGATE,6,8669,BARBARA KAY,McCALLEY,CLARK,MADISON,346,DEMOCRATIC,DEM
GP 2004,12TH DEMOCRATIC DELEGATE,6,8669,BARBARA KAY,McCALLEY,CLARK,UNION,173,DEMOCRATIC,DEM
GP 2004,12TH DEMOCRATIC DELEGATE,6,8669,BARBARA KAY,McCALLEY,CLARK,ST. CLAIR,866,DEMOCRATIC,DEM
GP 2004,12TH DEMOCRATIC DELEGATE,6,8669,BARBARA KAY,McCALLEY,CLARK,ALEXANDER,48,DEMOCRATIC,DEM
GP 2004,12TH DEMOCRATIC DELEGATE,6,8669,BARBARA KAY,McCALLEY,CLARK,PULASKI,8,DEMOCRATIC,DEM
GP 2004,12TH DEMOCRATIC ALTERNATE DELEGATE,1,8670,KYLE,SIMPSON,CLARK,PERRY,115,DEMOCRATIC,DEM
GP 2004,12TH DEMOCRATIC ALTERNATE DELEGATE,1,8670,KYLE,SIMPSON,CLARK,WILLIAMSON,171,DEMOCRATIC,DEM
GP 2004,12TH DEMOCRATIC ALTERNATE DELEGATE,1,8670,KYLE,SIMPSON,CLARK,MONROE,31,DEMOCRATIC,DEM
GP 2004,12TH DEMOCRATIC ALTERNATE DELEGATE,1,8670,KYLE,SIMPSON,CLARK,JACKSON,248,DEMOCRATIC,DEM
GP 2004,12TH DEMOCRATIC ALTERNATE DELEGATE,1,8670,KYLE,SIMPSON,CLARK,FRANKLIN,334,DEMOCRATIC,DEM
GP 2004,12TH DEMOCRATIC ALTERNATE DELEGATE,1,8670,KYLE,SIMPSON,CLARK,RANDOLPH,143,DEMOCRATIC,DEM
GP 2004,12TH DEMOCRATIC ALTERNATE DELEGATE,1,8670,KYLE,SIMPSON,CLARK,MADISON,510,DEMOCRATIC,DEM
GP 2004,12TH DEMOCRATIC ALTERNATE DELEGATE,1,8670,KYLE,SIMPSON,CLARK,UNION,142,DEMOCRATIC,DEM
GP 2004,12TH DEMOCRATIC ALTERNATE DELEGATE,1,8670,KYLE,SIMPSON,CLARK,ST. CLAIR,789,DEMOCRATIC,DEM
GP 2004,12TH DEMOCRATIC ALTERNATE DELEGATE,1,8670,KYLE,SIMPSON,CLARK,ALEXANDER,83,DEMOCRATIC,DEM
GP 2004,12TH DEMOCRATIC ALTERNATE DELEGATE,1,8670,KYLE,SIMPSON,CLARK,PULASKI,25,DEMOCRATIC,DEM
GP 2004,4TH DEMOCRATIC ALTERNATE DELEGATE,1,8671,DAVID L.,CAMERON,CLARK,COOK,1445,DEMOCRATIC,DEM
GP 2004,PRESIDENT,1,8672,JOHN F.,KERRY,,BROWN,217,DEMOCRATIC,DEM
GP 2004,PRESIDENT,1,8672,JOHN F.,KERRY,,CLAY,902,DEMOCRATIC,DEM
GP 2004,PRESIDENT,1,8672,JOHN F.,KERRY,,HARDIN,498,DEMOCRATIC,DEM
GP 2004,PRESIDENT,1,8672,JOHN F.,KERRY,,JERSEY,999,DEMOCRATIC,DEM
GP 2004,PRESIDENT,1,8672,JOHN F.,KERRY,,LOGAN,815,DEMOCRATIC,DEM
GP 2004,PRESIDENT,1,8672,JOHN F.,KERRY,,RICHLAND,786,DEMOCRATIC,DEM
GP 2004,PRESIDENT,1,8672,JOHN F.,KERRY,,SCHUYLER,343,DEMOCRATIC,DEM
GP 2004,PRESIDENT,1,8672,JOHN F.,KERRY,,WASHINGTON,1038,DEMOCRATIC,DEM
GP 2004,PRESIDENT,1,8672,JOHN F.,KERRY,,BOND,735,DEMOCRATIC,DEM
GP 2004,PRESIDENT,1,8672,JOHN F.,KERRY,,CLINTON,1040,DEMOCRATIC,DEM
GP 2004,PRESIDENT,1,8672,JOHN F.,KERRY,,JASPER,603,DEMOCRATIC,DEM
GP 2004,PRESIDENT,1,8672,JOHN F.,KERRY,,MARSHALL,587,DEMOCRATIC,DEM
GP 2004,PRESIDENT,1,8672,JOHN F.,KERRY,,EDGAR,584,DEMOCRATIC,DEM
GP 2004,PRESIDENT,1,8672,JOHN F.,KERRY,,FORD,326,DEMOCRATIC,DEM
GP 2004,PRESIDENT,1,8672,JOHN F.,KERRY,,GREENE,1126,DEMOCRATIC,DEM
GP 2004,PRESIDENT,1,8672,JOHN F.,KERRY,,IROQUOIS,724,DEMOCRATIC,DEM
GP 2004,PRESIDENT,1,8672,JOHN F.,KERRY,,JOHNSON,775,DEMOCRATIC,DEM
GP 2004,PRESIDENT,1,8672,JOHN F.,KERRY,,LIVINGSTON,1296,DEMOCRATIC,DEM
GP 2004,PRESIDENT,1,8672,JOHN F.,KERRY,,MENARD,428,DEMOCRATIC,DEM
GP 2004,PRESIDENT,1,8672,JOHN F.,KERRY,,MERCER,1418,DEMOCRATIC,DEM
GP 2004,PRESIDENT,1,8672,JOHN F.,KERRY,,PERRY,1972,DEMOCRATIC,DEM
GP 2004,PRESIDENT,1,8672,JOHN F.,KERRY,,PIATT,702,DEMOCRATIC,DEM
GP 2004,PRESIDENT,1,8672,JOHN F.,KERRY,,STARK,226,DEMOCRATIC,DEM
GP 2004,PRESIDENT,1,8672,JOHN F.,KERRY,,WILLIAMSON,2992,DEMOCRATIC,DEM
GP 2004,PRESIDENT,1,8672,JOHN F.,KERRY,,WOODFORD,1208,DEMOCRATIC,DEM
GP 2004,PRESIDENT,1,8672,JOHN F.,KERRY,,FULTON,4553,DEMOCRATIC,DEM
GP 2004,PRESIDENT,1,8672,JOHN F.,KERRY,,HAMILTON,1107,DEMOCRATIC,DEM
GP 2004,PRESIDENT,1,8672,JOHN F.,KERRY,,HANCOCK,738,DEMOCRATIC,DEM
GP 2004,PRESIDENT,1,8672,JOHN F.,KERRY,,MACOUPIN,4986,DEMOCRATIC,DEM
GP 2004,PRESIDENT,1,8672,JOHN F.,KERRY,,MASON,1391,DEMOCRATIC,DEM
GP 2004,PRESIDENT,1,8672,JOHN F.,KERRY,,MONROE,993,DEMOCRATIC,DEM
GP 2004,PRESIDENT,1,8672,JOHN F.,KERRY,,SHELBY,1664,DEMOCRATIC,DEM
GP 2004,PRESIDENT,1,8672,JOHN F.,KERRY,,BUREAU,2171,DEMOCRATIC,DEM
GP 2004,PRESIDENT,1,8672,JOHN F.,KERRY,,WARREN,751,DEMOCRATIC,DEM
GP 2004,PRESIDENT,1,8672,JOHN F.,KERRY,,DOUGLAS,614,DEMOCRATIC,DEM
GP 2004,PRESIDENT,1,8672,JOHN F.,KERRY,,COLES,1759,DEMOCRATIC,DEM
GP 2004,PRESIDENT,1,8672,JOHN F.,KERRY,,EDWARDS,198,DEMOCRATIC,DEM
GP 2004,PRESIDENT,1,8672,JOHN F.,KERRY,,PIKE,970,DEMOCRATIC,DEM
GP 2004,PRESIDENT,1,8672,JOHN F.,KERRY,,HENDERSON,340,DEMOCRATIC,DEM
GP 2004,PRESIDENT,1,8672,JOHN F.,KERRY,,JACKSON,4276,DEMOCRATIC,DEM
GP 2004,PRESIDENT,1,8672,JOHN F.,KERRY,,ROCK ISLAND,11322,DEMOCRATIC,DEM
GP 2004,PRESIDENT,1,8672,JOHN F.,KERRY,,LEE,1357,DEMOCRATIC,DEM
GP 2004,PRESIDENT,1,8672,JOHN F.,KERRY,,CASS,848,DEMOCRATIC,DEM
GP 2004,PRESIDENT,1,8672,JOHN F.,KERRY,,WHITE,1037,DEMOCRATIC,DEM
GP 2004,PRESIDENT,1,8672,JOHN F.,KERRY,,CRAWFORD,686,DEMOCRATIC,DEM
GP 2004,PRESIDENT,1,8672,JOHN F.,KERRY,,WHITESIDE,2342,DEMOCRATIC,DEM
GP 2004,PRESIDENT,1,8672,JOHN F.,KERRY,,MORGAN,995,DEMOCRATIC,DEM
GP 2004,PRESIDENT,1,8672,JOHN F.,KERRY,,OGLE,1740,DEMOCRATIC,DEM
GP 2004,PRESIDENT,1,8672,JOHN F.,KERRY,,FRANKLIN,4624,DEMOCRATIC,DEM
GP 2004,PRESIDENT,1,8672,JOHN F.,KERRY,,FAYETTE,1122,DEMOCRATIC,DEM
GP 2004,PRESIDENT,1,8672,JOHN F.,KERRY,,RANDOLPH,2975,DEMOCRATIC,DEM
GP 2004,PRESIDENT,1,8672,JOHN F.,KERRY,,MARION,2910,DEMOCRATIC,DEM
GP 2004,PRESIDENT,1,8672,JOHN F.,KERRY,,SALINE,2697,DEMOCRATIC,DEM
GP 2004,PRESIDENT,1,8672,JOHN F.,KERRY,,MASSAC,776,DEMOCRATIC,DEM
GP 2004,PRESIDENT,1,8672,JOHN F.,KERRY,,WILL,29434,DEMOCRATIC,DEM
GP 2004,PRESIDENT,1,8672,JOHN F.,KERRY,,CLARK,623,DEMOCRATIC,DEM
GP 2004,PRESIDENT,1,8672,JOHN F.,KERRY,,CALHOUN,476,DEMOCRATIC,DEM
GP 2004,PRESIDENT,1,8672,JOHN F.,KERRY,,STEPHENSON,1988,DEMOCRATIC,DEM
GP 2004,PRESIDENT,1,8672,JOHN F.,KERRY,,GALLATIN,1098,DEMOCRATIC,DEM
GP 2004,PRESIDENT,1,8672,JOHN F.,KERRY,,MONTGOMERY,2057,DEMOCRATIC,DEM
GP 2004,PRESIDENT,1,8672,JOHN F.,KERRY,,JEFFERSON,1926,DEMOCRATIC,DEM
GP 2004,PRESIDENT,1,8672,JOHN F.,KERRY,,PUTNAM,775,DEMOCRATIC,DEM
GP 2004,PRESIDENT,1,8672,JOHN F.,KERRY,,WABASH,679,DEMOCRATIC,DEM
GP 2004,PRESIDENT,1,8672,JOHN F.,KERRY,,MADISON,16151,DEMOCRATIC,DEM
GP 2004,PRESIDENT,1,8672,JOHN F.,KERRY,,GRUNDY,2311,DEMOCRATIC,DEM
GP 2004,PRESIDENT,1,8672,JOHN F.,KERRY,,JoDAVIESS,1001,DEMOCRATIC,DEM
GP 2004,PRESIDENT,1,8672,JOHN F.,KERRY,,TAZEWELL,6085,DEMOCRATIC,DEM
GP 2004,PRESIDENT,1,8672,JOHN F.,KERRY,,SANGAMON,9219,DEMOCRATIC,DEM
GP 2004,PRESIDENT,1,8672,JOHN F.,KERRY,,EFFINGHAM,1823,DEMOCRATIC,DEM
GP 2004,PRESIDENT,1,8672,JOHN F.,KERRY,,LAKE,35285,DEMOCRATIC,DEM
GP 2004,PRESIDENT,1,8672,JOHN F.,KERRY,,LaSALLE,6066,DEMOCRATIC,DEM
GP 2004,PRESIDENT,1,8672,JOHN F.,KERRY,,HENRY,2102,DEMOCRATIC,DEM
GP 2004,PRESIDENT,1,8672,JOHN F.,KERRY,,McDONOUGH,1221,DEMOCRATIC,DEM
GP 2004,PRESIDENT,1,8672,JOHN F.,KERRY,,CHAMPAIGN,7338,DEMOCRATIC,DEM
GP 2004,PRESIDENT,1,8672,JOHN F.,KERRY,,SCOTT,268,DEMOCRATIC,DEM
GP 2004,PRESIDENT,1,8672,JOHN F.,KERRY,,CARROLL,638,DEMOCRATIC,DEM
GP 2004,PRESIDENT,1,8672,JOHN F.,KERRY,,MACON,7402,DEMOCRATIC,DEM
GP 2004,PRESIDENT,1,8672,JOHN F.,KERRY,,POPE,382,DEMOCRATIC,DEM
GP 2004,PRESIDENT,1,8672,JOHN F.,KERRY,,KNOX,2790,DEMOCRATIC,DEM
GP 2004,PRESIDENT,1,8672,JOHN F.,KERRY,,MOULTRIE,681,DEMOCRATIC,DEM
GP 2004,PRESIDENT,1,8672,JOHN F.,KERRY,,PEORIA,10386,DEMOCRATIC,DEM
GP 2004,PRESIDENT,1,8672,JOHN F.,KERRY,,ADAMS,3888,DEMOCRATIC,DEM
GP 2004,PRESIDENT,1,8672,JOHN F.,KERRY,,CUMBERLAND,678,DEMOCRATIC,DEM
GP 2004,PRESIDENT,1,8672,JOHN F.,KERRY,,WAYNE,651,DEMOCRATIC,DEM
GP 2004,PRESIDENT,1,8672,JOHN F.,KERRY,,KENDALL,2404,DEMOCRATIC,DEM
GP 2004,PRESIDENT,1,8672,JOHN F.,KERRY,,KANKAKEE,4681,DEMOCRATIC,DEM
GP 2004,PRESIDENT,1,8672,JOHN F.,KERRY,,BOONE,2111,DEMOCRATIC,DEM
GP 2004,PRESIDENT,1,8672,JOHN F.,KERRY,,WINNEBAGO,15541,DEMOCRATIC,DEM
GP 2004,PRESIDENT,1,8672,JOHN F.,KERRY,,CHRISTIAN,2963,DEMOCRATIC,DEM
GP 2004,PRESIDENT,1,8672,JOHN F.,KERRY,,LAWRENCE,583,DEMOCRATIC,DEM
GP 2004,PRESIDENT,1,8672,JOHN F.,KERRY,,McHENRY,13325,DEMOCRATIC,DEM
GP 2004,PRESIDENT,1,8672,JOHN F.,KERRY,,DeWITT,1089,DEMOCRATIC,DEM
GP 2004,PRESIDENT,1,8672,JOHN F.,KERRY,,KANE,16112,DEMOCRATIC,DEM
GP 2004,PRESIDENT,1,8672,JOHN F.,KERRY,,DeKALB,3856,DEMOCRATIC,DEM
GP 2004,PRESIDENT,1,8672,JOHN F.,KERRY,,COOK,492441,DEMOCRATIC,DEM
GP 2004,PRESIDENT,1,8672,JOHN F.,KERRY,,McLEAN,5733,DEMOCRATIC,DEM
GP 2004,PRESIDENT,1,8672,JOHN F.,KERRY,,UNION,2593,DEMOCRATIC,DEM
GP 2004,PRESIDENT,1,8672,JOHN F.,KERRY,,ST. CLAIR,17873,DEMOCRATIC,DEM
GP 2004,PRESIDENT,1,8672,JOHN F.,KERRY,,VERMILION,2965,DEMOCRATIC,DEM
GP 2004,PRESIDENT,1,8672,JOHN F.,KERRY,,ALEXANDER,911,DEMOCRATIC,DEM
GP 2004,PRESIDENT,1,8672,JOHN F.,KERRY,,PULASKI,383,DEMOCRATIC,DEM
GP 2004,PRESIDENT,1,8672,JOHN F.,KERRY,,DuPAGE,47962,DEMOCRATIC,DEM
GP 2004,2ND DEMOCRATIC DELEGATE,8,8673,AL,RILEY,CLARK,WILL,81,DEMOCRATIC,DEM
GP 2004,2ND DEMOCRATIC DELEGATE,8,8673,AL,RILEY,CLARK,COOK,2402,DEMOCRATIC,DEM
GP 2004,2ND DEMOCRATIC DELEGATE,8,8674,JOHNNY,HOLMES,CLARK,WILL,74,DEMOCRATIC,DEM
GP 2004,2ND DEMOCRATIC DELEGATE,8,8674,JOHNNY,HOLMES,CLARK,COOK,2008,DEMOCRATIC,DEM
GP 2004,2ND DEMOCRATIC DELEGATE,8,8675,KEVIN,McCAFFREY,CLARK,WILL,39,DEMOCRATIC,DEM
GP 2004,2ND DEMOCRATIC DELEGATE,8,8675,KEVIN,McCAFFREY,CLARK,COOK,1534,DEMOCRATIC,DEM
GP 2004,2ND DEMOCRATIC DELEGATE,8,8676,PAUL,LYNCH,CLARK,WILL,71,DEMOCRATIC,DEM
GP 2004,2ND DEMOCRATIC DELEGATE,8,8676,PAUL,LYNCH,CLARK,COOK,1642,DEMOCRATIC,DEM
GP 2004,2ND DEMOCRATIC DELEGATE,8,8677,BARBARA J.,MOORE,CLARK,WILL,184,DEMOCRATIC,DEM
GP 2004,2ND DEMOCRATIC DELEGATE,8,8677,BARBARA J.,MOORE,CLARK,COOK,5987,DEMOCRATIC,DEM
GP 2004,2ND DEMOCRATIC DELEGATE,8,8678,HARRIET,SALK,CLARK,WILL,35,DEMOCRATIC,DEM
GP 2004,2ND DEMOCRATIC DELEGATE,8,8678,HARRIET,SALK,CLARK,COOK,1096,DEMOCRATIC,DEM
GP 2004,2ND DEMOCRATIC DELEGATE,8,8679,MYRTLE,MARTIN,CLARK,WILL,63,DEMOCRATIC,DEM
GP 2004,2ND DEMOCRATIC DELEGATE,8,8679,MYRTLE,MARTIN,CLARK,COOK,1612,DEMOCRATIC,DEM
GP 2004,2ND DEMOCRATIC DELEGATE,8,8680,KAREN,OLSON,CLARK,WILL,91,DEMOCRATIC,DEM
GP 2004,2ND DEMOCRATIC DELEGATE,8,8680,KAREN,OLSON,CLARK,COOK,2131,DEMOCRATIC,DEM
GP 2004,6TH DEMOCRATIC DELEGATE,4,8681,BRENT,CHRISTENSEN,CLARK,COOK,228,DEMOCRATIC,DEM
GP 2004,6TH DEMOCRATIC DELEGATE,4,8681,BRENT,CHRISTENSEN,CLARK,DuPAGE,1219,DEMOCRATIC,DEM
GP 2004,6TH DEMOCRATIC DELEGATE,4,8682,KYLE,BADGER,CLARK,COOK,170,DEMOCRATIC,DEM
GP 2004,6TH DEMOCRATIC DELEGATE,4,8682,KYLE,BADGER,CLARK,DuPAGE,823,DEMOCRATIC,DEM
GP 2004,6TH DEMOCRATIC DELEGATE,4,8683,KAVITHA C.,JOSEPH,CLARK,COOK,171,DEMOCRATIC,DEM
GP 2004,6TH DEMOCRATIC DELEGATE,4,8683,KAVITHA C.,JOSEPH,CLARK,DuPAGE,735,DEMOCRATIC,DEM
GP 2004,6TH DEMOCRATIC DELEGATE,4,8684,MAUREEN A.,FLOOD,CLARK,COOK,273,DEMOCRATIC,DEM
GP 2004,6TH DEMOCRATIC DELEGATE,4,8684,MAUREEN A.,FLOOD,CLARK,DuPAGE,1182,DEMOCRATIC,DEM
GP 2004,6TH DEMOCRATIC ALTERNATE DELEGATE,1,8685,PETER,O'MALLEY,CLARK,COOK,888,DEMOCRATIC,DEM
GP 2004,6TH DEMOCRATIC ALTERNATE DELEGATE,1,8685,PETER,O'MALLEY,CLARK,DuPAGE,2968,DEMOCRATIC,DEM
GP 2004,2ND DEMOCRATIC DELEGATE,8,8686,FREDERICK,YOUNG,KERRY,WILL,817,DEMOCRATIC,DEM
GP 2004,2ND DEMOCRATIC DELEGATE,8,8686,FREDERICK,YOUNG,KERRY,COOK,26836,DEMOCRATIC,DEM
GP 2004,2ND DEMOCRATIC DELEGATE,8,8687,SHARON,LATIKER,KERRY,WILL,824,DEMOCRATIC,DEM
GP 2004,2ND DEMOCRATIC DELEGATE,8,8687,SHARON,LATIKER,KERRY,COOK,24196,DEMOCRATIC,DEM
GP 2004,2ND DEMOCRATIC DELEGATE,8,8688,KURT,ELLING,KERRY,WILL,757,DEMOCRATIC,DEM
GP 2004,2ND DEMOCRATIC DELEGATE,8,8688,KURT,ELLING,KERRY,COOK,20910,DEMOCRATIC,DEM
GP 2004,2ND DEMOCRATIC DELEGATE,8,8689,LISA,DUNBAR,KERRY,WILL,1023,DEMOCRATIC,DEM
GP 2004,2ND DEMOCRATIC DELEGATE,8,8689,LISA,DUNBAR,KERRY,COOK,24907,DEMOCRATIC,DEM
GP 2004,2ND DEMOCRATIC DELEGATE,8,8690,JONATHAN D,KARMEL,KERRY,WILL,770,DEMOCRATIC,DEM
GP 2004,2ND DEMOCRATIC DELEGATE,8,8690,JONATHAN D,KARMEL,KERRY,COOK,19480,DEMOCRATIC,DEM
GP 2004,2ND DEMOCRATIC DELEGATE,8,8691,THU ANH,VO,KERRY,WILL,731,DEMOCRATIC,DEM
GP 2004,2ND DEMOCRATIC DELEGATE,8,8691,THU ANH,VO,KERRY,COOK,17583,DEMOCRATIC,DEM
GP 2004,2ND DEMOCRATIC DELEGATE,8,8692,GREGORY ARLEN,DIEPHOUSE,KERRY,WILL,697,DEMOCRATIC,DEM
GP 2004,2ND DEMOCRATIC DELEGATE,8,8692,GREGORY ARLEN,DIEPHOUSE,KERRY,COOK,16743,DEMOCRATIC,DEM
GP 2004,2ND DEMOCRATIC DELEGATE,8,8693,EDONNA,BRAZZLE,KERRY,WILL,556,DEMOCRATIC,DEM
GP 2004,2ND DEMOCRATIC DELEGATE,8,8693,EDONNA,BRAZZLE,KERRY,COOK,16895,DEMOCRATIC,DEM
GP 2004,1ST DEMOCRATIC DELEGATE,8,8694,MARK,SMITH,CLARK,COOK,2077,DEMOCRATIC,DEM
GP 2004,1ST DEMOCRATIC DELEGATE,8,8695,KWAME,RAOUL,CLARK,COOK,2231,DEMOCRATIC,DEM
GP 2004,1ST DEMOCRATIC DELEGATE,8,8696,WILLIAM G.,McLAIN,CLARK,COOK,1442,DEMOCRATIC,DEM
GP 2004,1ST DEMOCRATIC DELEGATE,8,8697,JOE,MURPHY,CLARK,COOK,2634,DEMOCRATIC,DEM
GP 2004,1ST DEMOCRATIC DELEGATE,8,8698,DEBORAH,TELMAN,CLARK,COOK,2635,DEMOCRATIC,DEM
GP 2004,1ST DEMOCRATIC DELEGATE,8,8699,COLETTE,McCOOL,CLARK,COOK,1388,DEMOCRATIC,DEM
GP 2004,1ST DEMOCRATIC DELEGATE,8,8700,LESLIE,KENNEDY,CLARK,COOK,2119,DEMOCRATIC,DEM
GP 2004,3RD DEMOCRATIC DELEGATE,6,8701,LISA,BENIGNO-PRAZNOWSKI,KERRY,COOK,25997,DEMOCRATIC,DEM
GP 2004,3RD DEMOCRATIC DELEGATE,6,8702,JAMES M.,RYAN,KERRY,COOK,29695,DEMOCRATIC,DEM
GP 2004,3RD DEMOCRATIC DELEGATE,6,8703,NORA E.,ROWLEY,KERRY,COOK,27379,DEMOCRATIC,DEM
GP 2004,3RD DEMOCRATIC DELEGATE,6,8704,MARTIN,JOYCE,KERRY,COOK,28127,DEMOCRATIC,DEM
GP 2004,3RD DEMOCRATIC DELEGATE,6,8705,VIRGINIA L.,REYES,KERRY,COOK,26756,DEMOCRATIC,DEM
GP 2004,3RD DEMOCRATIC DELEGATE,6,8706,MATTHEW J.,O'SHEA,KERRY,COOK,26548,DEMOCRATIC,DEM
GP 2004,4TH DEMOCRATIC DELEGATE,4,8707,GUILLERMO,MONTES de OCA,KERRY,COOK,9211,DEMOCRATIC,DEM
GP 2004,4TH DEMOCRATIC DELEGATE,4,8708,ALYX,PATTISON,KERRY,COOK,9787,DEMOCRATIC,DEM
GP 2004,4TH DEMOCRATIC DELEGATE,4,8709,FABIAN,PADILLA,KERRY,COOK,10592,DEMOCRATIC,DEM
GP 2004,4TH DEMOCRATIC DELEGATE,4,8710,BLANCA,VARGAS,KERRY,COOK,11778,DEMOCRATIC,DEM
GP 2004,2ND DEMOCRATIC ALTERNATE DELEGATE,1,8711,GILBERT,DELGADO,KERRY,WILL,866,DEMOCRATIC,DEM
GP 2004,2ND DEMOCRATIC ALTERNATE DELEGATE,1,8711,GILBERT,DELGADO,KERRY,COOK,44719,DEMOCRATIC,DEM
GP 2004,3RD DEMOCRATIC DELEGATE,6,8712,MICHAEL B.,STILLMAN,CLARK,COOK,1486,DEMOCRATIC,DEM
GP 2004,3RD DEMOCRATIC DELEGATE,6,8713,JOHN D.,CARR,CLARK,COOK,1938,DEMOCRATIC,DEM
GP 2004,3RD DEMOCRATIC DELEGATE,6,8714,RON,PRATL,CLARK,COOK,1338,DEMOCRATIC,DEM
GP 2004,3RD DEMOCRATIC DELEGATE,6,8715,HOLLIE,BUSH,CLARK,COOK,1663,DEMOCRATIC,DEM
GP 2004,3RD DEMOCRATIC DELEGATE,6,8716,MARY,NEWMAN,CLARK,COOK,1789,DEMOCRATIC,DEM
GP 2004,3RD DEMOCRATIC DELEGATE,6,8717,LISA,FORDE,CLARK,COOK,1517,DEMOCRATIC,DEM
GP 2004,3RD DEMOCRATIC ALTERNATE DELEGATE,1,8718,TAMIE,SEPULVEDA,KERRY,COOK,35164,DEMOCRATIC,DEM
GP 2004,4TH DEMOCRATIC ALTERNATE DELEGATE,1,8719,GARY,KLEIN,KERRY,COOK,16515,DEMOCRATIC,DEM
GP 2004,5TH DEMOCRATIC DELEGATE,6,8720,DAISY,CINTRON,KERRY,COOK,25199,DEMOCRATIC,DEM
GP 2004,5TH DEMOCRATIC DELEGATE,6,8721,MIKE,QUIGLEY,KERRY,COOK,26666,DEMOCRATIC,DEM
GP 2004,5TH DEMOCRATIC DELEGATE,6,8722,DEGEE,WILHELM,KERRY,COOK,25370,DEMOCRATIC,DEM
GP 2004,5TH DEMOCRATIC DELEGATE,6,8723,WILLIAM  S,SINGER,KERRY,COOK,25315,DEMOCRATIC,DEM
GP 2004,5TH DEMOCRATIC DELEGATE,6,8724,CYNTHIA,ROSARIO,KERRY,COOK,26801,DEMOCRATIC,DEM
GP 2004,5TH DEMOCRATIC DELEGATE,6,8725,DAVID,WEINSTEIN,KERRY,COOK,23204,DEMOCRATIC,DEM
GP 2004,1ST DEMOCRATIC DELEGATE,8,8726,LORI,PORTER,KERRY,COOK,22273,DEMOCRATIC,DEM
GP 2004,1ST DEMOCRATIC DELEGATE,8,8727,KEN,BROADY,KERRY,COOK,19698,DEMOCRATIC,DEM
GP 2004,1ST DEMOCRATIC DELEGATE,8,8728,KIMBERLY,FARRIS,KERRY,COOK,22940,DEMOCRATIC,DEM
GP 2004,1ST DEMOCRATIC DELEGATE,8,8729,CRAIG,McLENDON,KERRY,COOK,21528,DEMOCRATIC,DEM
GP 2004,1ST DEMOCRATIC DELEGATE,8,8730,BEVERLY A,HOWARD,KERRY,COOK,24141,DEMOCRATIC,DEM
GP 2004,1ST DEMOCRATIC DELEGATE,8,8731,CARLTON E,HULL,KERRY,COOK,25351,DEMOCRATIC,DEM
GP 2004,1ST DEMOCRATIC DELEGATE,8,8732,CELIZA,BRAGANCA,KERRY,COOK,19025,DEMOCRATIC,DEM
GP 2004,1ST DEMOCRATIC DELEGATE,8,8733,DONALD,HEARD,KERRY,COOK,23655,DEMOCRATIC,DEM
GP 2004,6TH DEMOCRATIC DELEGATE,4,8734,"ROBERT J. ""BOB""",WAGNER,KERRY,COOK,3695,DEMOCRATIC,DEM
GP 2004,6TH DEMOCRATIC DELEGATE,4,8734,"ROBERT J. ""BOB""",WAGNER,KERRY,DuPAGE,20016,DEMOCRATIC,DEM
GP 2004,6TH DEMOCRATIC DELEGATE,4,8735,NANCY,YOUNG,KERRY,COOK,4050,DEMOCRATIC,DEM
GP 2004,6TH DEMOCRATIC DELEGATE,4,8735,NANCY,YOUNG,KERRY,DuPAGE,21307,DEMOCRATIC,DEM
GP 2004,6TH DEMOCRATIC DELEGATE,4,8736,STEVEN,STAWARZ,KERRY,COOK,3686,DEMOCRATIC,DEM
GP 2004,6TH DEMOCRATIC DELEGATE,4,8736,STEVEN,STAWARZ,KERRY,DuPAGE,19215,DEMOCRATIC,DEM
GP 2004,6TH DEMOCRATIC DELEGATE,4,8737,LORI,CHALLINOR,KERRY,COOK,3774,DEMOCRATIC,DEM
GP 2004,6TH DEMOCRATIC DELEGATE,4,8737,LORI,CHALLINOR,KERRY,DuPAGE,19853,DEMOCRATIC,DEM
GP 2004,8TH DEMOCRATIC DELEGATE,4,8738,MICHAEL,LENEHAN,KERRY,LAKE,10265,DEMOCRATIC,DEM
GP 2004,8TH DEMOCRATIC DELEGATE,4,8738,MICHAEL,LENEHAN,KERRY,McHENRY,3483,DEMOCRATIC,DEM
GP 2004,8TH DEMOCRATIC DELEGATE,4,8738,MICHAEL,LENEHAN,KERRY,COOK,4883,DEMOCRATIC,DEM
GP 2004,8TH DEMOCRATIC DELEGATE,4,8739,KATHLEEN BERGAN,SCHMIDT,KERRY,LAKE,11216,DEMOCRATIC,DEM
GP 2004,8TH DEMOCRATIC DELEGATE,4,8739,KATHLEEN BERGAN,SCHMIDT,KERRY,McHENRY,3761,DEMOCRATIC,DEM
GP 2004,8TH DEMOCRATIC DELEGATE,4,8739,KATHLEEN BERGAN,SCHMIDT,KERRY,COOK,5024,DEMOCRATIC,DEM
GP 2004,8TH DEMOCRATIC DELEGATE,4,8740,BRADLEY A,POWELL,KERRY,LAKE,10532,DEMOCRATIC,DEM
GP 2004,8TH DEMOCRATIC DELEGATE,4,8740,BRADLEY A,POWELL,KERRY,McHENRY,3715,DEMOCRATIC,DEM
GP 2004,8TH DEMOCRATIC DELEGATE,4,8740,BRADLEY A,POWELL,KERRY,COOK,4903,DEMOCRATIC,DEM
GP 2004,8TH DEMOCRATIC DELEGATE,4,8741,BONNIE,BERGER-NEEL,KERRY,LAKE,10191,DEMOCRATIC,DEM
GP 2004,8TH DEMOCRATIC DELEGATE,4,8741,BONNIE,BERGER-NEEL,KERRY,McHENRY,3684,DEMOCRATIC,DEM
GP 2004,8TH DEMOCRATIC DELEGATE,4,8741,BONNIE,BERGER-NEEL,KERRY,COOK,4907,DEMOCRATIC,DEM
GP 2004,1ST DEMOCRATIC ALTERNATE DELEGATE,1,8742,TANYA,BAKER,KERRY,COOK,52010,DEMOCRATIC,DEM
GP 2004,6TH DEMOCRATIC ALTERNATE DELEGATE,1,8743,JEFFREY J,TOWNSEND,KERRY,COOK,4889,DEMOCRATIC,DEM
GP 2004,6TH DEMOCRATIC ALTERNATE DELEGATE,1,8743,JEFFREY J,TOWNSEND,KERRY,DuPAGE,20935,DEMOCRATIC,DEM
GP 2004,8TH DEMOCRATIC ALTERNATE DELEGATE,1,8744,RICHARD E.,GARLING,KERRY,LAKE,11875,DEMOCRATIC,DEM
GP 2004,8TH DEMOCRATIC ALTERNATE DELEGATE,1,8744,RICHARD E.,GARLING,KERRY,McHENRY,4124,DEMOCRATIC,DEM
GP 2004,8TH DEMOCRATIC ALTERNATE DELEGATE,1,8744,RICHARD E.,GARLING,KERRY,COOK,6547,DEMOCRATIC,DEM
GP 2004,5TH DEMOCRATIC ALTERNATE DELEGATE,1,8745,SHANNA S,JAFRI,KERRY,COOK,34748,DEMOCRATIC,DEM
GP 2004,9TH DEMOCRATIC DELEGATE,6,8746,SELMA,D'SOUZA,KERRY,COOK,33183,DEMOCRATIC,DEM
GP 2004,9TH DEMOCRATIC DELEGATE,6,8747,HOWARD,LEARNER,KERRY,COOK,34472,DEMOCRATIC,DEM
GP 2004,9TH DEMOCRATIC DELEGATE,6,8748,MADHURI,KOMMAREDDI,KERRY,COOK,32098,DEMOCRATIC,DEM
GP 2004,9TH DEMOCRATIC DELEGATE,6,8749,MYRON M.,CHERRY,KERRY,COOK,33468,DEMOCRATIC,DEM
GP 2004,9TH DEMOCRATIC DELEGATE,6,8750,DARLENE,SOWELL,KERRY,COOK,32867,DEMOCRATIC,DEM
GP 2004,9TH DEMOCRATIC DELEGATE,6,8751,DAVID ERNESTO,MUNAR,KERRY,COOK,30492,DEMOCRATIC,DEM
GP 2004,10TH DEMOCRATIC DELEGATE,5,8752,WENDY,ABRAMS,KERRY,LAKE,15112,DEMOCRATIC,DEM
GP 2004,10TH DEMOCRATIC DELEGATE,5,8752,WENDY,ABRAMS,KERRY,COOK,16465,DEMOCRATIC,DEM
GP 2004,10TH DEMOCRATIC DELEGATE,5,8753,OSCAR A,DAVID,KERRY,LAKE,10668,DEMOCRATIC,DEM
GP 2004,10TH DEMOCRATIC DELEGATE,5,8753,OSCAR A,DAVID,KERRY,COOK,15811,DEMOCRATIC,DEM
GP 2004,10TH DEMOCRATIC DELEGATE,5,8754,ELLEN BETH,GILL,KERRY,LAKE,11339,DEMOCRATIC,DEM
GP 2004,10TH DEMOCRATIC DELEGATE,5,8754,ELLEN BETH,GILL,KERRY,COOK,16234,DEMOCRATIC,DEM
GP 2004,10TH DEMOCRATIC DELEGATE,5,8755,PAUL,PARK,KERRY,LAKE,10250,DEMOCRATIC,DEM
GP 2004,10TH DEMOCRATIC DELEGATE,5,8755,PAUL,PARK,KERRY,COOK,15224,DEMOCRATIC,DEM
GP 2004,10TH DEMOCRATIC DELEGATE,5,8756,GILA J,BRONNER,KERRY,LAKE,9967,DEMOCRATIC,DEM
GP 2004,10TH DEMOCRATIC DELEGATE,5,8756,GILA J,BRONNER,KERRY,COOK,14600,DEMOCRATIC,DEM
GP 2004,10TH DEMOCRATIC ALTERNATE DELEGATE,1,8757,MICHAEL R,McHUGH,KERRY,LAKE,12987,DEMOCRATIC,DEM
GP 2004,10TH DEMOCRATIC ALTERNATE DELEGATE,1,8757,MICHAEL R,McHUGH,KERRY,COOK,18440,DEMOCRATIC,DEM
GP 2004,9TH DEMOCRATIC ALTERNATE DELEGATE,1,8758,AMY,GALIBOIS,KERRY,COOK,42854,DEMOCRATIC,DEM
GP 2004,15TH DEMOCRATIC DELEGATE,5,8759,PATRICIA,AVERY,KERRY,EDGAR,285,DEMOCRATIC,DEM
GP 2004,15TH DEMOCRATIC DELEGATE,5,8759,PATRICIA,AVERY,KERRY,FORD,279,DEMOCRATIC,DEM
GP 2004,15TH DEMOCRATIC DELEGATE,5,8759,PATRICIA,AVERY,KERRY,IROQUOIS,582,DEMOCRATIC,DEM
GP 2004,15TH DEMOCRATIC DELEGATE,5,8759,PATRICIA,AVERY,KERRY,LIVINGSTON,509,DEMOCRATIC,DEM
GP 2004,15TH DEMOCRATIC DELEGATE,5,8759,PATRICIA,AVERY,KERRY,PIATT,412,DEMOCRATIC,DEM
GP 2004,15TH DEMOCRATIC DELEGATE,5,8759,PATRICIA,AVERY,KERRY,DOUGLAS,492,DEMOCRATIC,DEM
GP 2004,15TH DEMOCRATIC DELEGATE,5,8759,PATRICIA,AVERY,KERRY,COLES,1502,DEMOCRATIC,DEM
GP 2004,15TH DEMOCRATIC DELEGATE,5,8759,PATRICIA,AVERY,KERRY,EDWARDS,7,DEMOCRATIC,DEM
GP 2004,15TH DEMOCRATIC DELEGATE,5,8759,PATRICIA,AVERY,KERRY,WHITE,209,DEMOCRATIC,DEM
GP 2004,15TH DEMOCRATIC DELEGATE,5,8759,PATRICIA,AVERY,KERRY,CRAWFORD,570,DEMOCRATIC,DEM
GP 2004,15TH DEMOCRATIC DELEGATE,5,8759,PATRICIA,AVERY,KERRY,SALINE,376,DEMOCRATIC,DEM
GP 2004,15TH DEMOCRATIC DELEGATE,5,8759,PATRICIA,AVERY,KERRY,CLARK,279,DEMOCRATIC,DEM
GP 2004,15TH DEMOCRATIC DELEGATE,5,8759,PATRICIA,AVERY,KERRY,GALLATIN,57,DEMOCRATIC,DEM
GP 2004,15TH DEMOCRATIC DELEGATE,5,8759,PATRICIA,AVERY,KERRY,WABASH,263,DEMOCRATIC,DEM
GP 2004,15TH DEMOCRATIC DELEGATE,5,8759,PATRICIA,AVERY,KERRY,CHAMPAIGN,4775,DEMOCRATIC,DEM
GP 2004,15TH DEMOCRATIC DELEGATE,5,8759,PATRICIA,AVERY,KERRY,MOULTRIE,544,DEMOCRATIC,DEM
GP 2004,15TH DEMOCRATIC DELEGATE,5,8759,PATRICIA,AVERY,KERRY,CUMBERLAND,487,DEMOCRATIC,DEM
GP 2004,15TH DEMOCRATIC DELEGATE,5,8759,PATRICIA,AVERY,KERRY,LAWRENCE,269,DEMOCRATIC,DEM
GP 2004,15TH DEMOCRATIC DELEGATE,5,8759,PATRICIA,AVERY,KERRY,DeWITT,396,DEMOCRATIC,DEM
GP 2004,15TH DEMOCRATIC DELEGATE,5,8759,PATRICIA,AVERY,KERRY,MACON,885,DEMOCRATIC,DEM
GP 2004,15TH DEMOCRATIC DELEGATE,5,8759,PATRICIA,AVERY,KERRY,McLEAN,2375,DEMOCRATIC,DEM
GP 2004,15TH DEMOCRATIC DELEGATE,5,8759,PATRICIA,AVERY,KERRY,VERMILION,2072,DEMOCRATIC,DEM
GP 2004,15TH DEMOCRATIC DELEGATE,5,8760,MICHAEL,FRERICHS,KERRY,EDGAR,292,DEMOCRATIC,DEM
GP 2004,15TH DEMOCRATIC DELEGATE,5,8760,MICHAEL,FRERICHS,KERRY,FORD,278,DEMOCRATIC,DEM
GP 2004,15TH DEMOCRATIC DELEGATE,5,8760,MICHAEL,FRERICHS,KERRY,IROQUOIS,599,DEMOCRATIC,DEM
GP 2004,15TH DEMOCRATIC DELEGATE,5,8760,MICHAEL,FRERICHS,KERRY,LIVINGSTON,487,DEMOCRATIC,DEM
GP 2004,15TH DEMOCRATIC DELEGATE,5,8760,MICHAEL,FRERICHS,KERRY,PIATT,378,DEMOCRATIC,DEM
GP 2004,15TH DEMOCRATIC DELEGATE,5,8760,MICHAEL,FRERICHS,KERRY,DOUGLAS,509,DEMOCRATIC,DEM
GP 2004,15TH DEMOCRATIC DELEGATE,5,8760,MICHAEL,FRERICHS,KERRY,COLES,1466,DEMOCRATIC,DEM
GP 2004,15TH DEMOCRATIC DELEGATE,5,8760,MICHAEL,FRERICHS,KERRY,EDWARDS,12,DEMOCRATIC,DEM
GP 2004,15TH DEMOCRATIC DELEGATE,5,8760,MICHAEL,FRERICHS,KERRY,WHITE,197,DEMOCRATIC,DEM
GP 2004,15TH DEMOCRATIC DELEGATE,5,8760,MICHAEL,FRERICHS,KERRY,CRAWFORD,566,DEMOCRATIC,DEM
GP 2004,15TH DEMOCRATIC DELEGATE,5,8760,MICHAEL,FRERICHS,KERRY,SALINE,346,DEMOCRATIC,DEM
GP 2004,15TH DEMOCRATIC DELEGATE,5,8760,MICHAEL,FRERICHS,KERRY,CLARK,282,DEMOCRATIC,DEM
GP 2004,15TH DEMOCRATIC DELEGATE,5,8760,MICHAEL,FRERICHS,KERRY,GALLATIN,53,DEMOCRATIC,DEM
GP 2004,15TH DEMOCRATIC DELEGATE,5,8760,MICHAEL,FRERICHS,KERRY,WABASH,250,DEMOCRATIC,DEM
GP 2004,15TH DEMOCRATIC DELEGATE,5,8760,MICHAEL,FRERICHS,KERRY,CHAMPAIGN,4636,DEMOCRATIC,DEM
GP 2004,15TH DEMOCRATIC DELEGATE,5,8760,MICHAEL,FRERICHS,KERRY,MACON,905,DEMOCRATIC,DEM
GP 2004,15TH DEMOCRATIC DELEGATE,5,8760,MICHAEL,FRERICHS,KERRY,MOULTRIE,539,DEMOCRATIC,DEM
GP 2004,15TH DEMOCRATIC DELEGATE,5,8760,MICHAEL,FRERICHS,KERRY,CUMBERLAND,491,DEMOCRATIC,DEM
GP 2004,15TH DEMOCRATIC DELEGATE,5,8760,MICHAEL,FRERICHS,KERRY,LAWRENCE,267,DEMOCRATIC,DEM
GP 2004,15TH DEMOCRATIC DELEGATE,5,8760,MICHAEL,FRERICHS,KERRY,DeWITT,380,DEMOCRATIC,DEM
GP 2004,15TH DEMOCRATIC DELEGATE,5,8760,MICHAEL,FRERICHS,KERRY,McLEAN,2254,DEMOCRATIC,DEM
GP 2004,15TH DEMOCRATIC DELEGATE,5,8760,MICHAEL,FRERICHS,KERRY,VERMILION,2123,DEMOCRATIC,DEM
GP 2004,15TH DEMOCRATIC DELEGATE,5,8761,GERRIE,PARR,KERRY,EDGAR,286,DEMOCRATIC,DEM
GP 2004,15TH DEMOCRATIC DELEGATE,5,8761,GERRIE,PARR,KERRY,FORD,269,DEMOCRATIC,DEM
GP 2004,15TH DEMOCRATIC DELEGATE,5,8761,GERRIE,PARR,KERRY,IROQUOIS,555,DEMOCRATIC,DEM
GP 2004,15TH DEMOCRATIC DELEGATE,5,8761,GERRIE,PARR,KERRY,LIVINGSTON,479,DEMOCRATIC,DEM
GP 2004,15TH DEMOCRATIC DELEGATE,5,8761,GERRIE,PARR,KERRY,PIATT,369,DEMOCRATIC,DEM
GP 2004,15TH DEMOCRATIC DELEGATE,5,8761,GERRIE,PARR,KERRY,DOUGLAS,477,DEMOCRATIC,DEM
GP 2004,15TH DEMOCRATIC DELEGATE,5,8761,GERRIE,PARR,KERRY,COLES,1422,DEMOCRATIC,DEM
GP 2004,15TH DEMOCRATIC DELEGATE,5,8761,GERRIE,PARR,KERRY,EDWARDS,10,DEMOCRATIC,DEM
GP 2004,15TH DEMOCRATIC DELEGATE,5,8761,GERRIE,PARR,KERRY,WHITE,193,DEMOCRATIC,DEM
GP 2004,15TH DEMOCRATIC DELEGATE,5,8761,GERRIE,PARR,KERRY,CRAWFORD,549,DEMOCRATIC,DEM
GP 2004,15TH DEMOCRATIC DELEGATE,5,8761,GERRIE,PARR,KERRY,SALINE,341,DEMOCRATIC,DEM
GP 2004,15TH DEMOCRATIC DELEGATE,5,8761,GERRIE,PARR,KERRY,CLARK,283,DEMOCRATIC,DEM
GP 2004,15TH DEMOCRATIC DELEGATE,5,8761,GERRIE,PARR,KERRY,GALLATIN,53,DEMOCRATIC,DEM
GP 2004,15TH DEMOCRATIC DELEGATE,5,8761,GERRIE,PARR,KERRY,WABASH,259,DEMOCRATIC,DEM
GP 2004,15TH DEMOCRATIC DELEGATE,5,8761,GERRIE,PARR,KERRY,CHAMPAIGN,4668,DEMOCRATIC,DEM
GP 2004,15TH DEMOCRATIC DELEGATE,5,8761,GERRIE,PARR,KERRY,MACON,861,DEMOCRATIC,DEM
GP 2004,15TH DEMOCRATIC DELEGATE,5,8761,GERRIE,PARR,KERRY,MOULTRIE,523,DEMOCRATIC,DEM
GP 2004,15TH DEMOCRATIC DELEGATE,5,8761,GERRIE,PARR,KERRY,CUMBERLAND,464,DEMOCRATIC,DEM
GP 2004,15TH DEMOCRATIC DELEGATE,5,8761,GERRIE,PARR,KERRY,LAWRENCE,257,DEMOCRATIC,DEM
GP 2004,15TH DEMOCRATIC DELEGATE,5,8761,GERRIE,PARR,KERRY,DeWITT,381,DEMOCRATIC,DEM
GP 2004,15TH DEMOCRATIC DELEGATE,5,8761,GERRIE,PARR,KERRY,McLEAN,2198,DEMOCRATIC,DEM
GP 2004,15TH DEMOCRATIC DELEGATE,5,8761,GERRIE,PARR,KERRY,VERMILION,1964,DEMOCRATIC,DEM
GP 2004,15TH DEMOCRATIC DELEGATE,5,8762,TODD A,LEE,KERRY,EDGAR,288,DEMOCRATIC,DEM
GP 2004,15TH DEMOCRATIC DELEGATE,5,8762,TODD A,LEE,KERRY,FORD,277,DEMOCRATIC,DEM
GP 2004,15TH DEMOCRATIC DELEGATE,5,8762,TODD A,LEE,KERRY,IROQUOIS,569,DEMOCRATIC,DEM
GP 2004,15TH DEMOCRATIC DELEGATE,5,8762,TODD A,LEE,KERRY,LIVINGSTON,484,DEMOCRATIC,DEM
GP 2004,15TH DEMOCRATIC DELEGATE,5,8762,TODD A,LEE,KERRY,PIATT,362,DEMOCRATIC,DEM
GP 2004,15TH DEMOCRATIC DELEGATE,5,8762,TODD A,LEE,KERRY,DOUGLAS,477,DEMOCRATIC,DEM
GP 2004,15TH DEMOCRATIC DELEGATE,5,8762,TODD A,LEE,KERRY,COLES,1425,DEMOCRATIC,DEM
GP 2004,15TH DEMOCRATIC DELEGATE,5,8762,TODD A,LEE,KERRY,EDWARDS,10,DEMOCRATIC,DEM
GP 2004,15TH DEMOCRATIC DELEGATE,5,8762,TODD A,LEE,KERRY,WHITE,202,DEMOCRATIC,DEM
GP 2004,15TH DEMOCRATIC DELEGATE,5,8762,TODD A,LEE,KERRY,CRAWFORD,578,DEMOCRATIC,DEM
GP 2004,15TH DEMOCRATIC DELEGATE,5,8762,TODD A,LEE,KERRY,SALINE,349,DEMOCRATIC,DEM
GP 2004,15TH DEMOCRATIC DELEGATE,5,8762,TODD A,LEE,KERRY,CLARK,294,DEMOCRATIC,DEM
GP 2004,15TH DEMOCRATIC DELEGATE,5,8762,TODD A,LEE,KERRY,GALLATIN,53,DEMOCRATIC,DEM
GP 2004,15TH DEMOCRATIC DELEGATE,5,8762,TODD A,LEE,KERRY,WABASH,247,DEMOCRATIC,DEM
GP 2004,15TH DEMOCRATIC DELEGATE,5,8762,TODD A,LEE,KERRY,CHAMPAIGN,4081,DEMOCRATIC,DEM
GP 2004,15TH DEMOCRATIC DELEGATE,5,8762,TODD A,LEE,KERRY,MACON,891,DEMOCRATIC,DEM
GP 2004,15TH DEMOCRATIC DELEGATE,5,8762,TODD A,LEE,KERRY,MOULTRIE,544,DEMOCRATIC,DEM
GP 2004,15TH DEMOCRATIC DELEGATE,5,8762,TODD A,LEE,KERRY,CUMBERLAND,511,DEMOCRATIC,DEM
GP 2004,15TH DEMOCRATIC DELEGATE,5,8762,TODD A,LEE,KERRY,LAWRENCE,271,DEMOCRATIC,DEM
GP 2004,15TH DEMOCRATIC DELEGATE,5,8762,TODD A,LEE,KERRY,DeWITT,377,DEMOCRATIC,DEM
GP 2004,15TH DEMOCRATIC DELEGATE,5,8762,TODD A,LEE,KERRY,McLEAN,2234,DEMOCRATIC,DEM
GP 2004,15TH DEMOCRATIC DELEGATE,5,8762,TODD A,LEE,KERRY,VERMILION,2358,DEMOCRATIC,DEM
GP 2004,15TH DEMOCRATIC DELEGATE,5,8763,JUANITA,GUTIERREZ,KERRY,EDGAR,267,DEMOCRATIC,DEM
GP 2004,15TH DEMOCRATIC DELEGATE,5,8763,JUANITA,GUTIERREZ,KERRY,FORD,250,DEMOCRATIC,DEM
GP 2004,15TH DEMOCRATIC DELEGATE,5,8763,JUANITA,GUTIERREZ,KERRY,IROQUOIS,538,DEMOCRATIC,DEM
GP 2004,15TH DEMOCRATIC DELEGATE,5,8763,JUANITA,GUTIERREZ,KERRY,LIVINGSTON,462,DEMOCRATIC,DEM
GP 2004,15TH DEMOCRATIC DELEGATE,5,8763,JUANITA,GUTIERREZ,KERRY,PIATT,343,DEMOCRATIC,DEM
GP 2004,15TH DEMOCRATIC DELEGATE,5,8763,JUANITA,GUTIERREZ,KERRY,DOUGLAS,442,DEMOCRATIC,DEM
GP 2004,15TH DEMOCRATIC DELEGATE,5,8763,JUANITA,GUTIERREZ,KERRY,COLES,1370,DEMOCRATIC,DEM
GP 2004,15TH DEMOCRATIC DELEGATE,5,8763,JUANITA,GUTIERREZ,KERRY,EDWARDS,10,DEMOCRATIC,DEM
GP 2004,15TH DEMOCRATIC DELEGATE,5,8763,JUANITA,GUTIERREZ,KERRY,WHITE,183,DEMOCRATIC,DEM
GP 2004,15TH DEMOCRATIC DELEGATE,5,8763,JUANITA,GUTIERREZ,KERRY,CRAWFORD,511,DEMOCRATIC,DEM
GP 2004,15TH DEMOCRATIC DELEGATE,5,8763,JUANITA,GUTIERREZ,KERRY,SALINE,313,DEMOCRATIC,DEM
GP 2004,15TH DEMOCRATIC DELEGATE,5,8763,JUANITA,GUTIERREZ,KERRY,CLARK,273,DEMOCRATIC,DEM
GP 2004,15TH DEMOCRATIC DELEGATE,5,8763,JUANITA,GUTIERREZ,KERRY,GALLATIN,50,DEMOCRATIC,DEM
GP 2004,15TH DEMOCRATIC DELEGATE,5,8763,JUANITA,GUTIERREZ,KERRY,WABASH,240,DEMOCRATIC,DEM
GP 2004,15TH DEMOCRATIC DELEGATE,5,8763,JUANITA,GUTIERREZ,KERRY,CHAMPAIGN,4115,DEMOCRATIC,DEM
GP 2004,15TH DEMOCRATIC DELEGATE,5,8763,JUANITA,GUTIERREZ,KERRY,MACON,825,DEMOCRATIC,DEM
GP 2004,15TH DEMOCRATIC DELEGATE,5,8763,JUANITA,GUTIERREZ,KERRY,MOULTRIE,517,DEMOCRATIC,DEM
GP 2004,15TH DEMOCRATIC DELEGATE,5,8763,JUANITA,GUTIERREZ,KERRY,CUMBERLAND,437,DEMOCRATIC,DEM
GP 2004,15TH DEMOCRATIC DELEGATE,5,8763,JUANITA,GUTIERREZ,KERRY,LAWRENCE,237,DEMOCRATIC,DEM
GP 2004,15TH DEMOCRATIC DELEGATE,5,8763,JUANITA,GUTIERREZ,KERRY,DeWITT,369,DEMOCRATIC,DEM
GP 2004,15TH DEMOCRATIC DELEGATE,5,8763,JUANITA,GUTIERREZ,KERRY,McLEAN,2195,DEMOCRATIC,DEM
GP 2004,15TH DEMOCRATIC DELEGATE,5,8763,JUANITA,GUTIERREZ,KERRY,VERMILION,1825,DEMOCRATIC,DEM
GP 2004,15TH DEMOCRATIC ALTERNATE DELEGATE,1,8764,LAUREN,KIDWELL,KERRY,EDGAR,418,DEMOCRATIC,DEM
GP 2004,15TH DEMOCRATIC ALTERNATE DELEGATE,1,8764,LAUREN,KIDWELL,KERRY,FORD,274,DEMOCRATIC,DEM
GP 2004,15TH DEMOCRATIC ALTERNATE DELEGATE,1,8764,LAUREN,KIDWELL,KERRY,IROQUOIS,597,DEMOCRATIC,DEM
GP 2004,15TH DEMOCRATIC ALTERNATE DELEGATE,1,8764,LAUREN,KIDWELL,KERRY,LIVINGSTON,908,DEMOCRATIC,DEM
GP 2004,15TH DEMOCRATIC ALTERNATE DELEGATE,1,8764,LAUREN,KIDWELL,KERRY,PIATT,553,DEMOCRATIC,DEM
GP 2004,15TH DEMOCRATIC ALTERNATE DELEGATE,1,8764,LAUREN,KIDWELL,KERRY,DOUGLAS,518,DEMOCRATIC,DEM
GP 2004,15TH DEMOCRATIC ALTERNATE DELEGATE,1,8764,LAUREN,KIDWELL,KERRY,COLES,1575,DEMOCRATIC,DEM
GP 2004,15TH DEMOCRATIC ALTERNATE DELEGATE,1,8764,LAUREN,KIDWELL,KERRY,EDWARDS,19,DEMOCRATIC,DEM
GP 2004,15TH DEMOCRATIC ALTERNATE DELEGATE,1,8764,LAUREN,KIDWELL,KERRY,WHITE,208,DEMOCRATIC,DEM
GP 2004,15TH DEMOCRATIC ALTERNATE DELEGATE,1,8764,LAUREN,KIDWELL,KERRY,CRAWFORD,591,DEMOCRATIC,DEM
GP 2004,15TH DEMOCRATIC ALTERNATE DELEGATE,1,8764,LAUREN,KIDWELL,KERRY,SALINE,491,DEMOCRATIC,DEM
GP 2004,15TH DEMOCRATIC ALTERNATE DELEGATE,1,8764,LAUREN,KIDWELL,KERRY,CLARK,449,DEMOCRATIC,DEM
GP 2004,15TH DEMOCRATIC ALTERNATE DELEGATE,1,8764,LAUREN,KIDWELL,KERRY,GALLATIN,97,DEMOCRATIC,DEM
GP 2004,15TH DEMOCRATIC ALTERNATE DELEGATE,1,8764,LAUREN,KIDWELL,KERRY,WABASH,432,DEMOCRATIC,DEM
GP 2004,15TH DEMOCRATIC ALTERNATE DELEGATE,1,8764,LAUREN,KIDWELL,KERRY,CHAMPAIGN,6182,DEMOCRATIC,DEM
GP 2004,15TH DEMOCRATIC ALTERNATE DELEGATE,1,8764,LAUREN,KIDWELL,KERRY,MACON,951,DEMOCRATIC,DEM
GP 2004,15TH DEMOCRATIC ALTERNATE DELEGATE,1,8764,LAUREN,KIDWELL,KERRY,MOULTRIE,601,DEMOCRATIC,DEM
GP 2004,15TH DEMOCRATIC ALTERNATE DELEGATE,1,8764,LAUREN,KIDWELL,KERRY,CUMBERLAND,533,DEMOCRATIC,DEM
GP 2004,15TH DEMOCRATIC ALTERNATE DELEGATE,1,8764,LAUREN,KIDWELL,KERRY,LAWRENCE,302,DEMOCRATIC,DEM
GP 2004,15TH DEMOCRATIC ALTERNATE DELEGATE,1,8764,LAUREN,KIDWELL,KERRY,DeWITT,798,DEMOCRATIC,DEM
GP 2004,15TH DEMOCRATIC ALTERNATE DELEGATE,1,8764,LAUREN,KIDWELL,KERRY,McLEAN,2486,DEMOCRATIC,DEM
GP 2004,15TH DEMOCRATIC ALTERNATE DELEGATE,1,8764,LAUREN,KIDWELL,KERRY,VERMILION,2416,DEMOCRATIC,DEM
GP 2004,7TH DEMOCRATIC DELEGATE,8,8765,LAURA,PERNA,KERRY,COOK,26275,DEMOCRATIC,DEM
GP 2004,7TH DEMOCRATIC DELEGATE,8,8766,VICTOR,JOHNSON,KERRY,COOK,27509,DEMOCRATIC,DEM
GP 2004,7TH DEMOCRATIC DELEGATE,8,8767,LISA,ELLMAN,KERRY,COOK,28258,DEMOCRATIC,DEM
GP 2004,7TH DEMOCRATIC DELEGATE,8,8768,CARL,HARPER,KERRY,COOK,27036,DEMOCRATIC,DEM
GP 2004,7TH DEMOCRATIC DELEGATE,8,8769,AUDRA,WILSON,KERRY,COOK,27122,DEMOCRATIC,DEM
GP 2004,7TH DEMOCRATIC DELEGATE,8,8770,DAVID,MANDIVILLE,KERRY,COOK,25109,DEMOCRATIC,DEM
GP 2004,7TH DEMOCRATIC DELEGATE,8,8771,KIMBERLY,JOHNSON,KERRY,COOK,29351,DEMOCRATIC,DEM
GP 2004,7TH DEMOCRATIC DELEGATE,8,8772,MIKE,KEATING,KERRY,COOK,23642,DEMOCRATIC,DEM
GP 2004,16TH DEMOCRATIC DELEGATE,4,8773,DOUGLAS P.,SCOTT,KERRY,WHITESIDE,321,DEMOCRATIC,DEM
GP 2004,16TH DEMOCRATIC DELEGATE,4,8773,DOUGLAS P.,SCOTT,KERRY,OGLE,1456,DEMOCRATIC,DEM
GP 2004,16TH DEMOCRATIC DELEGATE,4,8773,DOUGLAS P.,SCOTT,KERRY,STEPHENSON,943,DEMOCRATIC,DEM
GP 2004,16TH DEMOCRATIC DELEGATE,4,8773,DOUGLAS P.,SCOTT,KERRY,JoDAVIESS,454,DEMOCRATIC,DEM
GP 2004,16TH DEMOCRATIC DELEGATE,4,8773,DOUGLAS P.,SCOTT,KERRY,CARROLL,544,DEMOCRATIC,DEM
GP 2004,16TH DEMOCRATIC DELEGATE,4,8773,DOUGLAS P.,SCOTT,KERRY,BOONE,1815,DEMOCRATIC,DEM
GP 2004,16TH DEMOCRATIC DELEGATE,4,8773,DOUGLAS P.,SCOTT,KERRY,WINNEBAGO,13287,DEMOCRATIC,DEM
GP 2004,16TH DEMOCRATIC DELEGATE,4,8773,DOUGLAS P.,SCOTT,KERRY,McHENRY,6586,DEMOCRATIC,DEM
GP 2004,16TH DEMOCRATIC DELEGATE,4,8773,DOUGLAS P.,SCOTT,KERRY,DeKALB,516,DEMOCRATIC,DEM
GP 2004,16TH DEMOCRATIC DELEGATE,4,8774,LINDA,McNEELY,KERRY,WHITESIDE,328,DEMOCRATIC,DEM
GP 2004,16TH DEMOCRATIC DELEGATE,4,8774,LINDA,McNEELY,KERRY,OGLE,1350,DEMOCRATIC,DEM
GP 2004,16TH DEMOCRATIC DELEGATE,4,8774,LINDA,McNEELY,KERRY,STEPHENSON,875,DEMOCRATIC,DEM
GP 2004,16TH DEMOCRATIC DELEGATE,4,8774,LINDA,McNEELY,KERRY,JoDAVIESS,487,DEMOCRATIC,DEM
GP 2004,16TH DEMOCRATIC DELEGATE,4,8774,LINDA,McNEELY,KERRY,CARROLL,534,DEMOCRATIC,DEM
GP 2004,16TH DEMOCRATIC DELEGATE,4,8774,LINDA,McNEELY,KERRY,BOONE,1666,DEMOCRATIC,DEM
GP 2004,16TH DEMOCRATIC DELEGATE,4,8774,LINDA,McNEELY,KERRY,WINNEBAGO,10906,DEMOCRATIC,DEM
GP 2004,16TH DEMOCRATIC DELEGATE,4,8774,LINDA,McNEELY,KERRY,McHENRY,6988,DEMOCRATIC,DEM
GP 2004,16TH DEMOCRATIC DELEGATE,4,8774,LINDA,McNEELY,KERRY,DeKALB,527,DEMOCRATIC,DEM
GP 2004,16TH DEMOCRATIC DELEGATE,4,8775,KURT,BRUNNER,KERRY,WHITESIDE,307,DEMOCRATIC,DEM
GP 2004,16TH DEMOCRATIC DELEGATE,4,8775,KURT,BRUNNER,KERRY,OGLE,1255,DEMOCRATIC,DEM
GP 2004,16TH DEMOCRATIC DELEGATE,4,8775,KURT,BRUNNER,KERRY,STEPHENSON,785,DEMOCRATIC,DEM
GP 2004,16TH DEMOCRATIC DELEGATE,4,8775,KURT,BRUNNER,KERRY,JoDAVIESS,461,DEMOCRATIC,DEM
GP 2004,16TH DEMOCRATIC DELEGATE,4,8775,KURT,BRUNNER,KERRY,CARROLL,590,DEMOCRATIC,DEM
GP 2004,16TH DEMOCRATIC DELEGATE,4,8775,KURT,BRUNNER,KERRY,BOONE,1544,DEMOCRATIC,DEM
GP 2004,16TH DEMOCRATIC DELEGATE,4,8775,KURT,BRUNNER,KERRY,WINNEBAGO,9261,DEMOCRATIC,DEM
GP 2004,16TH DEMOCRATIC DELEGATE,4,8775,KURT,BRUNNER,KERRY,McHENRY,6451,DEMOCRATIC,DEM
GP 2004,16TH DEMOCRATIC DELEGATE,4,8775,KURT,BRUNNER,KERRY,DeKALB,469,DEMOCRATIC,DEM
GP 2004,16TH DEMOCRATIC DELEGATE,4,8776,MARTHA PULIDO,LOGEMANN,KERRY,WHITESIDE,269,DEMOCRATIC,DEM
GP 2004,16TH DEMOCRATIC DELEGATE,4,8776,MARTHA PULIDO,LOGEMANN,KERRY,OGLE,822,DEMOCRATIC,DEM
GP 2004,16TH DEMOCRATIC DELEGATE,4,8776,MARTHA PULIDO,LOGEMANN,KERRY,STEPHENSON,665,DEMOCRATIC,DEM
GP 2004,16TH DEMOCRATIC DELEGATE,4,8776,MARTHA PULIDO,LOGEMANN,KERRY,JoDAVIESS,393,DEMOCRATIC,DEM
GP 2004,16TH DEMOCRATIC DELEGATE,4,8776,MARTHA PULIDO,LOGEMANN,KERRY,CARROLL,426,DEMOCRATIC,DEM
GP 2004,16TH DEMOCRATIC DELEGATE,4,8776,MARTHA PULIDO,LOGEMANN,KERRY,BOONE,1416,DEMOCRATIC,DEM
GP 2004,16TH DEMOCRATIC DELEGATE,4,8776,MARTHA PULIDO,LOGEMANN,KERRY,WINNEBAGO,8351,DEMOCRATIC,DEM
GP 2004,16TH DEMOCRATIC DELEGATE,4,8776,MARTHA PULIDO,LOGEMANN,KERRY,McHENRY,5747,DEMOCRATIC,DEM
GP 2004,16TH DEMOCRATIC DELEGATE,4,8776,MARTHA PULIDO,LOGEMANN,KERRY,DeKALB,414,DEMOCRATIC,DEM
GP 2004,7TH DEMOCRATIC ALTERNATE DELEGATE,1,8777,CATHERINE,RANDLE,KERRY,COOK,42443,DEMOCRATIC,DEM
GP 2004,16TH DEMOCRATIC ALTERNATE DELEGATE,1,8778,STEVE,BLAND JR.,KERRY,WHITESIDE,557,DEMOCRATIC,DEM
GP 2004,16TH DEMOCRATIC ALTERNATE DELEGATE,1,8778,STEVE,BLAND JR.,KERRY,OGLE,1354,DEMOCRATIC,DEM
GP 2004,16TH DEMOCRATIC ALTERNATE DELEGATE,1,8778,STEVE,BLAND JR.,KERRY,STEPHENSON,1530,DEMOCRATIC,DEM
GP 2004,16TH DEMOCRATIC ALTERNATE DELEGATE,1,8778,STEVE,BLAND JR.,KERRY,JoDAVIESS,772,DEMOCRATIC,DEM
GP 2004,16TH DEMOCRATIC ALTERNATE DELEGATE,1,8778,STEVE,BLAND JR.,KERRY,CARROLL,551,DEMOCRATIC,DEM
GP 2004,16TH DEMOCRATIC ALTERNATE DELEGATE,1,8778,STEVE,BLAND JR.,KERRY,BOONE,1662,DEMOCRATIC,DEM
GP 2004,16TH DEMOCRATIC ALTERNATE DELEGATE,1,8778,STEVE,BLAND JR.,KERRY,WINNEBAGO,11502,DEMOCRATIC,DEM
GP 2004,16TH DEMOCRATIC ALTERNATE DELEGATE,1,8778,STEVE,BLAND JR.,KERRY,McHENRY,6870,DEMOCRATIC,DEM
GP 2004,16TH DEMOCRATIC ALTERNATE DELEGATE,1,8778,STEVE,BLAND JR.,KERRY,DeKALB,493,DEMOCRATIC,DEM
GP 2004,17TH DEMOCRATIC DELEGATE,5,8779,PAUL L,MANGIERI,KERRY,JERSEY,118,DEMOCRATIC,DEM
GP 2004,17TH DEMOCRATIC DELEGATE,5,8779,PAUL L,MANGIERI,KERRY,GREENE,159,DEMOCRATIC,DEM
GP 2004,17TH DEMOCRATIC DELEGATE,5,8779,PAUL L,MANGIERI,KERRY,MERCER,588,DEMOCRATIC,DEM
GP 2004,17TH DEMOCRATIC DELEGATE,5,8779,PAUL L,MANGIERI,KERRY,FULTON,3344,DEMOCRATIC,DEM
GP 2004,17TH DEMOCRATIC DELEGATE,5,8779,PAUL L,MANGIERI,KERRY,HANCOCK,344,DEMOCRATIC,DEM
GP 2004,17TH DEMOCRATIC DELEGATE,5,8779,PAUL L,MANGIERI,KERRY,MACOUPIN,3301,DEMOCRATIC,DEM
GP 2004,17TH DEMOCRATIC DELEGATE,5,8779,PAUL L,MANGIERI,KERRY,SHELBY,110,DEMOCRATIC,DEM
GP 2004,17TH DEMOCRATIC DELEGATE,5,8779,PAUL L,MANGIERI,KERRY,WARREN,309,DEMOCRATIC,DEM
GP 2004,17TH DEMOCRATIC DELEGATE,5,8779,PAUL L,MANGIERI,KERRY,PIKE,111,DEMOCRATIC,DEM
GP 2004,17TH DEMOCRATIC DELEGATE,5,8779,PAUL L,MANGIERI,KERRY,HENDERSON,176,DEMOCRATIC,DEM
GP 2004,17TH DEMOCRATIC DELEGATE,5,8779,PAUL L,MANGIERI,KERRY,ROCK ISLAND,4001,DEMOCRATIC,DEM
GP 2004,17TH DEMOCRATIC DELEGATE,5,8779,PAUL L,MANGIERI,KERRY,WHITESIDE,441,DEMOCRATIC,DEM
GP 2004,17TH DEMOCRATIC DELEGATE,5,8779,PAUL L,MANGIERI,KERRY,FAYETTE,84,DEMOCRATIC,DEM
GP 2004,17TH DEMOCRATIC DELEGATE,5,8779,PAUL L,MANGIERI,KERRY,CALHOUN,233,DEMOCRATIC,DEM
GP 2004,17TH DEMOCRATIC DELEGATE,5,8779,PAUL L,MANGIERI,KERRY,MONTGOMERY,557,DEMOCRATIC,DEM
GP 2004,17TH DEMOCRATIC DELEGATE,5,8779,PAUL L,MANGIERI,KERRY,MADISON,146,DEMOCRATIC,DEM
GP 2004,17TH DEMOCRATIC DELEGATE,5,8779,PAUL L,MANGIERI,KERRY,SANGAMON,709,DEMOCRATIC,DEM
GP 2004,17TH DEMOCRATIC DELEGATE,5,8779,PAUL L,MANGIERI,KERRY,HENRY,410,DEMOCRATIC,DEM
GP 2004,17TH DEMOCRATIC DELEGATE,5,8779,PAUL L,MANGIERI,KERRY,McDONOUGH,954,DEMOCRATIC,DEM
GP 2004,17TH DEMOCRATIC DELEGATE,5,8779,PAUL L,MANGIERI,KERRY,MACON,3118,DEMOCRATIC,DEM
GP 2004,17TH DEMOCRATIC DELEGATE,5,8779,PAUL L,MANGIERI,KERRY,KNOX,1749,DEMOCRATIC,DEM
GP 2004,17TH DEMOCRATIC DELEGATE,5,8779,PAUL L,MANGIERI,KERRY,ADAMS,2239,DEMOCRATIC,DEM
GP 2004,17TH DEMOCRATIC DELEGATE,5,8779,PAUL L,MANGIERI,KERRY,CHRISTIAN,204,DEMOCRATIC,DEM
GP 2004,17TH DEMOCRATIC DELEGATE,5,8780,"PATRICIA ""PAT""",VERONDA,KERRY,JERSEY,109,DEMOCRATIC,DEM
GP 2004,17TH DEMOCRATIC DELEGATE,5,8780,"PATRICIA ""PAT""",VERONDA,KERRY,GREENE,174,DEMOCRATIC,DEM
GP 2004,17TH DEMOCRATIC DELEGATE,5,8780,"PATRICIA ""PAT""",VERONDA,KERRY,MERCER,631,DEMOCRATIC,DEM
GP 2004,17TH DEMOCRATIC DELEGATE,5,8780,"PATRICIA ""PAT""",VERONDA,KERRY,FULTON,3516,DEMOCRATIC,DEM
GP 2004,17TH DEMOCRATIC DELEGATE,5,8780,"PATRICIA ""PAT""",VERONDA,KERRY,HANCOCK,335,DEMOCRATIC,DEM
GP 2004,17TH DEMOCRATIC DELEGATE,5,8780,"PATRICIA ""PAT""",VERONDA,KERRY,MACOUPIN,3543,DEMOCRATIC,DEM
GP 2004,17TH DEMOCRATIC DELEGATE,5,8780,"PATRICIA ""PAT""",VERONDA,KERRY,SHELBY,117,DEMOCRATIC,DEM
GP 2004,17TH DEMOCRATIC DELEGATE,5,8780,"PATRICIA ""PAT""",VERONDA,KERRY,WARREN,272,DEMOCRATIC,DEM
GP 2004,17TH DEMOCRATIC DELEGATE,5,8780,"PATRICIA ""PAT""",VERONDA,KERRY,PIKE,110,DEMOCRATIC,DEM
GP 2004,17TH DEMOCRATIC DELEGATE,5,8780,"PATRICIA ""PAT""",VERONDA,KERRY,HENDERSON,174,DEMOCRATIC,DEM
GP 2004,17TH DEMOCRATIC DELEGATE,5,8780,"PATRICIA ""PAT""",VERONDA,KERRY,ROCK ISLAND,6083,DEMOCRATIC,DEM
GP 2004,17TH DEMOCRATIC DELEGATE,5,8780,"PATRICIA ""PAT""",VERONDA,KERRY,WHITESIDE,484,DEMOCRATIC,DEM
GP 2004,17TH DEMOCRATIC DELEGATE,5,8780,"PATRICIA ""PAT""",VERONDA,KERRY,FAYETTE,83,DEMOCRATIC,DEM
GP 2004,17TH DEMOCRATIC DELEGATE,5,8780,"PATRICIA ""PAT""",VERONDA,KERRY,CALHOUN,221,DEMOCRATIC,DEM
GP 2004,17TH DEMOCRATIC DELEGATE,5,8780,"PATRICIA ""PAT""",VERONDA,KERRY,MONTGOMERY,599,DEMOCRATIC,DEM
GP 2004,17TH DEMOCRATIC DELEGATE,5,8780,"PATRICIA ""PAT""",VERONDA,KERRY,MADISON,144,DEMOCRATIC,DEM
GP 2004,17TH DEMOCRATIC DELEGATE,5,8780,"PATRICIA ""PAT""",VERONDA,KERRY,SANGAMON,871,DEMOCRATIC,DEM
GP 2004,17TH DEMOCRATIC DELEGATE,5,8780,"PATRICIA ""PAT""",VERONDA,KERRY,HENRY,468,DEMOCRATIC,DEM
GP 2004,17TH DEMOCRATIC DELEGATE,5,8780,"PATRICIA ""PAT""",VERONDA,KERRY,McDONOUGH,1031,DEMOCRATIC,DEM
GP 2004,17TH DEMOCRATIC DELEGATE,5,8780,"PATRICIA ""PAT""",VERONDA,KERRY,MACON,3488,DEMOCRATIC,DEM
GP 2004,17TH DEMOCRATIC DELEGATE,5,8780,"PATRICIA ""PAT""",VERONDA,KERRY,KNOX,1372,DEMOCRATIC,DEM
GP 2004,17TH DEMOCRATIC DELEGATE,5,8780,"PATRICIA ""PAT""",VERONDA,KERRY,ADAMS,2253,DEMOCRATIC,DEM
GP 2004,17TH DEMOCRATIC DELEGATE,5,8780,"PATRICIA ""PAT""",VERONDA,KERRY,CHRISTIAN,218,DEMOCRATIC,DEM
GP 2004,17TH DEMOCRATIC DELEGATE,5,8781,"JOSE ""JOE""",MORENO,KERRY,JERSEY,109,DEMOCRATIC,DEM
GP 2004,17TH DEMOCRATIC DELEGATE,5,8781,"JOSE ""JOE""",MORENO,KERRY,GREENE,167,DEMOCRATIC,DEM
GP 2004,17TH DEMOCRATIC DELEGATE,5,8781,"JOSE ""JOE""",MORENO,KERRY,MERCER,541,DEMOCRATIC,DEM
GP 2004,17TH DEMOCRATIC DELEGATE,5,8781,"JOSE ""JOE""",MORENO,KERRY,FULTON,3464,DEMOCRATIC,DEM
GP 2004,17TH DEMOCRATIC DELEGATE,5,8781,"JOSE ""JOE""",MORENO,KERRY,HANCOCK,317,DEMOCRATIC,DEM
GP 2004,17TH DEMOCRATIC DELEGATE,5,8781,"JOSE ""JOE""",MORENO,KERRY,MACOUPIN,3569,DEMOCRATIC,DEM
GP 2004,17TH DEMOCRATIC DELEGATE,5,8781,"JOSE ""JOE""",MORENO,KERRY,SHELBY,120,DEMOCRATIC,DEM
GP 2004,17TH DEMOCRATIC DELEGATE,5,8781,"JOSE ""JOE""",MORENO,KERRY,WARREN,275,DEMOCRATIC,DEM
GP 2004,17TH DEMOCRATIC DELEGATE,5,8781,"JOSE ""JOE""",MORENO,KERRY,PIKE,119,DEMOCRATIC,DEM
GP 2004,17TH DEMOCRATIC DELEGATE,5,8781,"JOSE ""JOE""",MORENO,KERRY,HENDERSON,179,DEMOCRATIC,DEM
GP 2004,17TH DEMOCRATIC DELEGATE,5,8781,"JOSE ""JOE""",MORENO,KERRY,ROCK ISLAND,5895,DEMOCRATIC,DEM
GP 2004,17TH DEMOCRATIC DELEGATE,5,8781,"JOSE ""JOE""",MORENO,KERRY,WHITESIDE,493,DEMOCRATIC,DEM
GP 2004,17TH DEMOCRATIC DELEGATE,5,8781,"JOSE ""JOE""",MORENO,KERRY,FAYETTE,90,DEMOCRATIC,DEM
GP 2004,17TH DEMOCRATIC DELEGATE,5,8781,"JOSE ""JOE""",MORENO,KERRY,CALHOUN,205,DEMOCRATIC,DEM
GP 2004,17TH DEMOCRATIC DELEGATE,5,8781,"JOSE ""JOE""",MORENO,KERRY,MONTGOMERY,602,DEMOCRATIC,DEM
GP 2004,17TH DEMOCRATIC DELEGATE,5,8781,"JOSE ""JOE""",MORENO,KERRY,MADISON,145,DEMOCRATIC,DEM
GP 2004,17TH DEMOCRATIC DELEGATE,5,8781,"JOSE ""JOE""",MORENO,KERRY,SANGAMON,839,DEMOCRATIC,DEM
GP 2004,17TH DEMOCRATIC DELEGATE,5,8781,"JOSE ""JOE""",MORENO,KERRY,HENRY,473,DEMOCRATIC,DEM
GP 2004,17TH DEMOCRATIC DELEGATE,5,8781,"JOSE ""JOE""",MORENO,KERRY,McDONOUGH,1020,DEMOCRATIC,DEM
GP 2004,17TH DEMOCRATIC DELEGATE,5,8781,"JOSE ""JOE""",MORENO,KERRY,MACON,3407,DEMOCRATIC,DEM
GP 2004,17TH DEMOCRATIC DELEGATE,5,8781,"JOSE ""JOE""",MORENO,KERRY,KNOX,1393,DEMOCRATIC,DEM
GP 2004,17TH DEMOCRATIC DELEGATE,5,8781,"JOSE ""JOE""",MORENO,KERRY,ADAMS,2267,DEMOCRATIC,DEM
GP 2004,17TH DEMOCRATIC DELEGATE,5,8781,"JOSE ""JOE""",MORENO,KERRY,CHRISTIAN,212,DEMOCRATIC,DEM
GP 2004,17TH DEMOCRATIC DELEGATE,5,8782,MARGARET,WALKER,KERRY,JERSEY,106,DEMOCRATIC,DEM
GP 2004,17TH DEMOCRATIC DELEGATE,5,8782,MARGARET,WALKER,KERRY,GREENE,172,DEMOCRATIC,DEM
GP 2004,17TH DEMOCRATIC DELEGATE,5,8782,MARGARET,WALKER,KERRY,MERCER,536,DEMOCRATIC,DEM
GP 2004,17TH DEMOCRATIC DELEGATE,5,8782,MARGARET,WALKER,KERRY,FULTON,3649,DEMOCRATIC,DEM
GP 2004,17TH DEMOCRATIC DELEGATE,5,8782,MARGARET,WALKER,KERRY,HANCOCK,345,DEMOCRATIC,DEM
GP 2004,17TH DEMOCRATIC DELEGATE,5,8782,MARGARET,WALKER,KERRY,MACOUPIN,3737,DEMOCRATIC,DEM
GP 2004,17TH DEMOCRATIC DELEGATE,5,8782,MARGARET,WALKER,KERRY,SHELBY,119,DEMOCRATIC,DEM
GP 2004,17TH DEMOCRATIC DELEGATE,5,8782,MARGARET,WALKER,KERRY,WARREN,287,DEMOCRATIC,DEM
GP 2004,17TH DEMOCRATIC DELEGATE,5,8782,MARGARET,WALKER,KERRY,PIKE,126,DEMOCRATIC,DEM
GP 2004,17TH DEMOCRATIC DELEGATE,5,8782,MARGARET,WALKER,KERRY,HENDERSON,183,DEMOCRATIC,DEM
GP 2004,17TH DEMOCRATIC DELEGATE,5,8782,MARGARET,WALKER,KERRY,ROCK ISLAND,4648,DEMOCRATIC,DEM
GP 2004,17TH DEMOCRATIC DELEGATE,5,8782,MARGARET,WALKER,KERRY,WHITESIDE,489,DEMOCRATIC,DEM
GP 2004,17TH DEMOCRATIC DELEGATE,5,8782,MARGARET,WALKER,KERRY,FAYETTE,92,DEMOCRATIC,DEM
GP 2004,17TH DEMOCRATIC DELEGATE,5,8782,MARGARET,WALKER,KERRY,CALHOUN,212,DEMOCRATIC,DEM
GP 2004,17TH DEMOCRATIC DELEGATE,5,8782,MARGARET,WALKER,KERRY,MONTGOMERY,602,DEMOCRATIC,DEM
GP 2004,17TH DEMOCRATIC DELEGATE,5,8782,MARGARET,WALKER,KERRY,MADISON,145,DEMOCRATIC,DEM
GP 2004,17TH DEMOCRATIC DELEGATE,5,8782,MARGARET,WALKER,KERRY,SANGAMON,915,DEMOCRATIC,DEM
GP 2004,17TH DEMOCRATIC DELEGATE,5,8782,MARGARET,WALKER,KERRY,HENRY,451,DEMOCRATIC,DEM
GP 2004,17TH DEMOCRATIC DELEGATE,5,8782,MARGARET,WALKER,KERRY,McDONOUGH,1070,DEMOCRATIC,DEM
GP 2004,17TH DEMOCRATIC DELEGATE,5,8782,MARGARET,WALKER,KERRY,MACON,3788,DEMOCRATIC,DEM
GP 2004,17TH DEMOCRATIC DELEGATE,5,8782,MARGARET,WALKER,KERRY,KNOX,1433,DEMOCRATIC,DEM
GP 2004,17TH DEMOCRATIC DELEGATE,5,8782,MARGARET,WALKER,KERRY,ADAMS,2450,DEMOCRATIC,DEM
GP 2004,17TH DEMOCRATIC DELEGATE,5,8782,MARGARET,WALKER,KERRY,CHRISTIAN,221,DEMOCRATIC,DEM
GP 2004,17TH DEMOCRATIC DELEGATE,5,8783,PORTER,McNEIL,KERRY,JERSEY,97,DEMOCRATIC,DEM
GP 2004,17TH DEMOCRATIC DELEGATE,5,8783,PORTER,McNEIL,KERRY,GREENE,168,DEMOCRATIC,DEM
GP 2004,17TH DEMOCRATIC DELEGATE,5,8783,PORTER,McNEIL,KERRY,MERCER,466,DEMOCRATIC,DEM
GP 2004,17TH DEMOCRATIC DELEGATE,5,8783,PORTER,McNEIL,KERRY,FULTON,3456,DEMOCRATIC,DEM
GP 2004,17TH DEMOCRATIC DELEGATE,5,8783,PORTER,McNEIL,KERRY,HANCOCK,313,DEMOCRATIC,DEM
GP 2004,17TH DEMOCRATIC DELEGATE,5,8783,PORTER,McNEIL,KERRY,MACOUPIN,3511,DEMOCRATIC,DEM
GP 2004,17TH DEMOCRATIC DELEGATE,5,8783,PORTER,McNEIL,KERRY,SHELBY,120,DEMOCRATIC,DEM
GP 2004,17TH DEMOCRATIC DELEGATE,5,8783,PORTER,McNEIL,KERRY,WARREN,263,DEMOCRATIC,DEM
GP 2004,17TH DEMOCRATIC DELEGATE,5,8783,PORTER,McNEIL,KERRY,PIKE,116,DEMOCRATIC,DEM
GP 2004,17TH DEMOCRATIC DELEGATE,5,8783,PORTER,McNEIL,KERRY,HENDERSON,172,DEMOCRATIC,DEM
GP 2004,17TH DEMOCRATIC DELEGATE,5,8783,PORTER,McNEIL,KERRY,ROCK ISLAND,4542,DEMOCRATIC,DEM
GP 2004,17TH DEMOCRATIC DELEGATE,5,8783,PORTER,McNEIL,KERRY,WHITESIDE,449,DEMOCRATIC,DEM
GP 2004,17TH DEMOCRATIC DELEGATE,5,8783,PORTER,McNEIL,KERRY,FAYETTE,89,DEMOCRATIC,DEM
GP 2004,17TH DEMOCRATIC DELEGATE,5,8783,PORTER,McNEIL,KERRY,CALHOUN,207,DEMOCRATIC,DEM
GP 2004,17TH DEMOCRATIC DELEGATE,5,8783,PORTER,McNEIL,KERRY,MADISON,137,DEMOCRATIC,DEM
GP 2004,17TH DEMOCRATIC DELEGATE,5,8783,PORTER,McNEIL,KERRY,SANGAMON,839,DEMOCRATIC,DEM
GP 2004,17TH DEMOCRATIC DELEGATE,5,8783,PORTER,McNEIL,KERRY,HENRY,413,DEMOCRATIC,DEM
GP 2004,17TH DEMOCRATIC DELEGATE,5,8783,PORTER,McNEIL,KERRY,McDONOUGH,977,DEMOCRATIC,DEM
GP 2004,17TH DEMOCRATIC DELEGATE,5,8783,PORTER,McNEIL,KERRY,MACON,3398,DEMOCRATIC,DEM
GP 2004,17TH DEMOCRATIC DELEGATE,5,8783,PORTER,McNEIL,KERRY,KNOX,1341,DEMOCRATIC,DEM
GP 2004,17TH DEMOCRATIC DELEGATE,5,8783,PORTER,McNEIL,KERRY,ADAMS,2300,DEMOCRATIC,DEM
GP 2004,17TH DEMOCRATIC DELEGATE,5,8783,PORTER,McNEIL,KERRY,CHRISTIAN,213,DEMOCRATIC,DEM
GP 2004,17TH DEMOCRATIC DELEGATE,5,8783,PORTER,McNEIL,KERRY,MONTGOMERY,584,DEMOCRATIC,DEM
GP 2004,17TH DEMOCRATIC ALTERNATE DELEGATE,1,8784,JOAN,C.SCOTT,KERRY,JERSEY,168,DEMOCRATIC,DEM
GP 2004,17TH DEMOCRATIC ALTERNATE DELEGATE,1,8784,JOAN,C.SCOTT,KERRY,GREENE,402,DEMOCRATIC,DEM
GP 2004,17TH DEMOCRATIC ALTERNATE DELEGATE,1,8784,JOAN,C.SCOTT,KERRY,MERCER,1154,DEMOCRATIC,DEM
GP 2004,17TH DEMOCRATIC ALTERNATE DELEGATE,1,8784,JOAN,C.SCOTT,KERRY,FULTON,4466,DEMOCRATIC,DEM
GP 2004,17TH DEMOCRATIC ALTERNATE DELEGATE,1,8784,JOAN,C.SCOTT,KERRY,HANCOCK,619,DEMOCRATIC,DEM
GP 2004,17TH DEMOCRATIC ALTERNATE DELEGATE,1,8784,JOAN,C.SCOTT,KERRY,MACOUPIN,4061,DEMOCRATIC,DEM
GP 2004,17TH DEMOCRATIC ALTERNATE DELEGATE,1,8784,JOAN,C.SCOTT,KERRY,SHELBY,129,DEMOCRATIC,DEM
GP 2004,17TH DEMOCRATIC ALTERNATE DELEGATE,1,8784,JOAN,C.SCOTT,KERRY,WARREN,621,DEMOCRATIC,DEM
GP 2004,17TH DEMOCRATIC ALTERNATE DELEGATE,1,8784,JOAN,C.SCOTT,KERRY,PIKE,251,DEMOCRATIC,DEM
GP 2004,17TH DEMOCRATIC ALTERNATE DELEGATE,1,8784,JOAN,C.SCOTT,KERRY,HENDERSON,299,DEMOCRATIC,DEM
GP 2004,17TH DEMOCRATIC ALTERNATE DELEGATE,1,8784,JOAN,C.SCOTT,KERRY,ROCK ISLAND,8392,DEMOCRATIC,DEM
GP 2004,17TH DEMOCRATIC ALTERNATE DELEGATE,1,8784,JOAN,C.SCOTT,KERRY,WHITESIDE,1042,DEMOCRATIC,DEM
GP 2004,17TH DEMOCRATIC ALTERNATE DELEGATE,1,8784,JOAN,C.SCOTT,KERRY,FAYETTE,147,DEMOCRATIC,DEM
GP 2004,17TH DEMOCRATIC ALTERNATE DELEGATE,1,8784,JOAN,C.SCOTT,KERRY,CALHOUN,379,DEMOCRATIC,DEM
GP 2004,17TH DEMOCRATIC ALTERNATE DELEGATE,1,8784,JOAN,C.SCOTT,KERRY,MONTGOMERY,970,DEMOCRATIC,DEM
GP 2004,17TH DEMOCRATIC ALTERNATE DELEGATE,1,8784,JOAN,C.SCOTT,KERRY,MADISON,213,DEMOCRATIC,DEM
GP 2004,17TH DEMOCRATIC ALTERNATE DELEGATE,1,8784,JOAN,C.SCOTT,KERRY,SANGAMON,1481,DEMOCRATIC,DEM
GP 2004,17TH DEMOCRATIC ALTERNATE DELEGATE,1,8784,JOAN,C.SCOTT,KERRY,HENRY,869,DEMOCRATIC,DEM
GP 2004,17TH DEMOCRATIC ALTERNATE DELEGATE,1,8784,JOAN,C.SCOTT,KERRY,McDONOUGH,1115,DEMOCRATIC,DEM
GP 2004,17TH DEMOCRATIC ALTERNATE DELEGATE,1,8784,JOAN,C.SCOTT,KERRY,MACON,3878,DEMOCRATIC,DEM
GP 2004,17TH DEMOCRATIC ALTERNATE DELEGATE,1,8784,JOAN,C.SCOTT,KERRY,KNOX,2231,DEMOCRATIC,DEM
GP 2004,17TH DEMOCRATIC ALTERNATE DELEGATE,1,8784,JOAN,C.SCOTT,KERRY,ADAMS,2843,DEMOCRATIC,DEM
GP 2004,17TH DEMOCRATIC ALTERNATE DELEGATE,1,8784,JOAN,C.SCOTT,KERRY,CHRISTIAN,426,DEMOCRATIC,DEM
GP 2004,12TH DEMOCRATIC DELEGATE,6,8785,STEVE,DAVIS,KERRY,PERRY,1402,DEMOCRATIC,DEM
GP 2004,12TH DEMOCRATIC DELEGATE,6,8785,STEVE,DAVIS,KERRY,WILLIAMSON,1534,DEMOCRATIC,DEM
GP 2004,12TH DEMOCRATIC DELEGATE,6,8785,STEVE,DAVIS,KERRY,MONROE,529,DEMOCRATIC,DEM
GP 2004,12TH DEMOCRATIC DELEGATE,6,8785,STEVE,DAVIS,KERRY,JACKSON,2058,DEMOCRATIC,DEM
GP 2004,12TH DEMOCRATIC DELEGATE,6,8785,STEVE,DAVIS,KERRY,FRANKLIN,3429,DEMOCRATIC,DEM
GP 2004,12TH DEMOCRATIC DELEGATE,6,8785,STEVE,DAVIS,KERRY,RANDOLPH,1173,DEMOCRATIC,DEM
GP 2004,12TH DEMOCRATIC DELEGATE,6,8785,STEVE,DAVIS,KERRY,MADISON,6284,DEMOCRATIC,DEM
GP 2004,12TH DEMOCRATIC DELEGATE,6,8785,STEVE,DAVIS,KERRY,UNION,1957,DEMOCRATIC,DEM
GP 2004,12TH DEMOCRATIC DELEGATE,6,8785,STEVE,DAVIS,KERRY,ST. CLAIR,11817,DEMOCRATIC,DEM
GP 2004,12TH DEMOCRATIC DELEGATE,6,8785,STEVE,DAVIS,KERRY,ALEXANDER,378,DEMOCRATIC,DEM
GP 2004,12TH DEMOCRATIC DELEGATE,6,8785,STEVE,DAVIS,KERRY,PULASKI,119,DEMOCRATIC,DEM
GP 2004,12TH DEMOCRATIC DELEGATE,6,8786,DIANNE,MEEKS,KERRY,PERRY,1409,DEMOCRATIC,DEM
GP 2004,12TH DEMOCRATIC DELEGATE,6,8786,DIANNE,MEEKS,KERRY,WILLIAMSON,1472,DEMOCRATIC,DEM
GP 2004,12TH DEMOCRATIC DELEGATE,6,8786,DIANNE,MEEKS,KERRY,MONROE,531,DEMOCRATIC,DEM
GP 2004,12TH DEMOCRATIC DELEGATE,6,8786,DIANNE,MEEKS,KERRY,JACKSON,2362,DEMOCRATIC,DEM
GP 2004,12TH DEMOCRATIC DELEGATE,6,8786,DIANNE,MEEKS,KERRY,FRANKLIN,3384,DEMOCRATIC,DEM
GP 2004,12TH DEMOCRATIC DELEGATE,6,8786,DIANNE,MEEKS,KERRY,RANDOLPH,1136,DEMOCRATIC,DEM
GP 2004,12TH DEMOCRATIC DELEGATE,6,8786,DIANNE,MEEKS,KERRY,MADISON,4518,DEMOCRATIC,DEM
GP 2004,12TH DEMOCRATIC DELEGATE,6,8786,DIANNE,MEEKS,KERRY,UNION,1945,DEMOCRATIC,DEM
GP 2004,12TH DEMOCRATIC DELEGATE,6,8786,DIANNE,MEEKS,KERRY,ST. CLAIR,12064,DEMOCRATIC,DEM
GP 2004,12TH DEMOCRATIC DELEGATE,6,8786,DIANNE,MEEKS,KERRY,ALEXANDER,336,DEMOCRATIC,DEM
GP 2004,12TH DEMOCRATIC DELEGATE,6,8786,DIANNE,MEEKS,KERRY,PULASKI,135,DEMOCRATIC,DEM
GP 2004,12TH DEMOCRATIC DELEGATE,6,8787,CHARLES,SUAREZ,KERRY,PERRY,1322,DEMOCRATIC,DEM
GP 2004,12TH DEMOCRATIC DELEGATE,6,8787,CHARLES,SUAREZ,KERRY,WILLIAMSON,1345,DEMOCRATIC,DEM
GP 2004,12TH DEMOCRATIC DELEGATE,6,8787,CHARLES,SUAREZ,KERRY,MONROE,514,DEMOCRATIC,DEM
GP 2004,12TH DEMOCRATIC DELEGATE,6,8787,CHARLES,SUAREZ,KERRY,JACKSON,2030,DEMOCRATIC,DEM
GP 2004,12TH DEMOCRATIC DELEGATE,6,8787,CHARLES,SUAREZ,KERRY,FRANKLIN,3292,DEMOCRATIC,DEM
GP 2004,12TH DEMOCRATIC DELEGATE,6,8787,CHARLES,SUAREZ,KERRY,RANDOLPH,1085,DEMOCRATIC,DEM
GP 2004,12TH DEMOCRATIC DELEGATE,6,8787,CHARLES,SUAREZ,KERRY,MADISON,4102,DEMOCRATIC,DEM
GP 2004,12TH DEMOCRATIC DELEGATE,6,8787,CHARLES,SUAREZ,KERRY,UNION,1883,DEMOCRATIC,DEM
GP 2004,12TH DEMOCRATIC DELEGATE,6,8787,CHARLES,SUAREZ,KERRY,ST. CLAIR,13725,DEMOCRATIC,DEM
GP 2004,12TH DEMOCRATIC DELEGATE,6,8787,CHARLES,SUAREZ,KERRY,ALEXANDER,287,DEMOCRATIC,DEM
GP 2004,12TH DEMOCRATIC DELEGATE,6,8787,CHARLES,SUAREZ,KERRY,PULASKI,116,DEMOCRATIC,DEM
GP 2004,12TH DEMOCRATIC DELEGATE,6,8788,TONI,PERRIN,KERRY,PERRY,1328,DEMOCRATIC,DEM
GP 2004,12TH DEMOCRATIC DELEGATE,6,8788,TONI,PERRIN,KERRY,WILLIAMSON,1338,DEMOCRATIC,DEM
GP 2004,12TH DEMOCRATIC DELEGATE,6,8788,TONI,PERRIN,KERRY,MONROE,495,DEMOCRATIC,DEM
GP 2004,12TH DEMOCRATIC DELEGATE,6,8788,TONI,PERRIN,KERRY,JACKSON,1969,DEMOCRATIC,DEM
GP 2004,12TH DEMOCRATIC DELEGATE,6,8788,TONI,PERRIN,KERRY,FRANKLIN,3272,DEMOCRATIC,DEM
GP 2004,12TH DEMOCRATIC DELEGATE,6,8788,TONI,PERRIN,KERRY,RANDOLPH,1056,DEMOCRATIC,DEM
GP 2004,12TH DEMOCRATIC DELEGATE,6,8788,TONI,PERRIN,KERRY,MADISON,4164,DEMOCRATIC,DEM
GP 2004,12TH DEMOCRATIC DELEGATE,6,8788,TONI,PERRIN,KERRY,UNION,1855,DEMOCRATIC,DEM
GP 2004,12TH DEMOCRATIC DELEGATE,6,8788,TONI,PERRIN,KERRY,ST. CLAIR,12506,DEMOCRATIC,DEM
GP 2004,12TH DEMOCRATIC DELEGATE,6,8788,TONI,PERRIN,KERRY,ALEXANDER,284,DEMOCRATIC,DEM
GP 2004,12TH DEMOCRATIC DELEGATE,6,8788,TONI,PERRIN,KERRY,PULASKI,117,DEMOCRATIC,DEM
GP 2004,12TH DEMOCRATIC DELEGATE,6,8789,RICHARD,MARTIN,KERRY,PERRY,1401,DEMOCRATIC,DEM
GP 2004,12TH DEMOCRATIC DELEGATE,6,8789,RICHARD,MARTIN,KERRY,WILLIAMSON,1336,DEMOCRATIC,DEM
GP 2004,12TH DEMOCRATIC DELEGATE,6,8789,RICHARD,MARTIN,KERRY,MONROE,482,DEMOCRATIC,DEM
GP 2004,12TH DEMOCRATIC DELEGATE,6,8789,RICHARD,MARTIN,KERRY,JACKSON,1984,DEMOCRATIC,DEM
GP 2004,12TH DEMOCRATIC DELEGATE,6,8789,RICHARD,MARTIN,KERRY,FRANKLIN,3404,DEMOCRATIC,DEM
GP 2004,12TH DEMOCRATIC DELEGATE,6,8789,RICHARD,MARTIN,KERRY,RANDOLPH,1096,DEMOCRATIC,DEM
GP 2004,12TH DEMOCRATIC DELEGATE,6,8789,RICHARD,MARTIN,KERRY,MADISON,4226,DEMOCRATIC,DEM
GP 2004,12TH DEMOCRATIC DELEGATE,6,8789,RICHARD,MARTIN,KERRY,UNION,1941,DEMOCRATIC,DEM
GP 2004,12TH DEMOCRATIC DELEGATE,6,8789,RICHARD,MARTIN,KERRY,ST. CLAIR,11593,DEMOCRATIC,DEM
GP 2004,12TH DEMOCRATIC DELEGATE,6,8789,RICHARD,MARTIN,KERRY,ALEXANDER,298,DEMOCRATIC,DEM
GP 2004,12TH DEMOCRATIC DELEGATE,6,8789,RICHARD,MARTIN,KERRY,PULASKI,120,DEMOCRATIC,DEM
GP 2004,12TH DEMOCRATIC DELEGATE,6,8790,MARILYN,RIDGWAY,KERRY,PERRY,1390,DEMOCRATIC,DEM
GP 2004,12TH DEMOCRATIC DELEGATE,6,8790,MARILYN,RIDGWAY,KERRY,WILLIAMSON,1335,DEMOCRATIC,DEM
GP 2004,12TH DEMOCRATIC DELEGATE,6,8790,MARILYN,RIDGWAY,KERRY,MONROE,470,DEMOCRATIC,DEM
GP 2004,12TH DEMOCRATIC DELEGATE,6,8790,MARILYN,RIDGWAY,KERRY,JACKSON,1926,DEMOCRATIC,DEM
GP 2004,12TH DEMOCRATIC DELEGATE,6,8790,MARILYN,RIDGWAY,KERRY,FRANKLIN,3352,DEMOCRATIC,DEM
GP 2004,12TH DEMOCRATIC DELEGATE,6,8790,MARILYN,RIDGWAY,KERRY,RANDOLPH,1013,DEMOCRATIC,DEM
GP 2004,12TH DEMOCRATIC DELEGATE,6,8790,MARILYN,RIDGWAY,KERRY,MADISON,4163,DEMOCRATIC,DEM
GP 2004,12TH DEMOCRATIC DELEGATE,6,8790,MARILYN,RIDGWAY,KERRY,UNION,1931,DEMOCRATIC,DEM
GP 2004,12TH DEMOCRATIC DELEGATE,6,8790,MARILYN,RIDGWAY,KERRY,ST. CLAIR,11400,DEMOCRATIC,DEM
GP 2004,12TH DEMOCRATIC DELEGATE,6,8790,MARILYN,RIDGWAY,KERRY,ALEXANDER,270,DEMOCRATIC,DEM
GP 2004,12TH DEMOCRATIC DELEGATE,6,8790,MARILYN,RIDGWAY,KERRY,PULASKI,120,DEMOCRATIC,DEM
GP 2004,18TH DEMOCRATIC DELEGATE,5,8791,RICCA,SLONE,KERRY,BROWN,105,DEMOCRATIC,DEM
GP 2004,18TH DEMOCRATIC DELEGATE,5,8791,RICCA,SLONE,KERRY,LOGAN,373,DEMOCRATIC,DEM
GP 2004,18TH DEMOCRATIC DELEGATE,5,8791,RICCA,SLONE,KERRY,SCHUYLER,273,DEMOCRATIC,DEM
GP 2004,18TH DEMOCRATIC DELEGATE,5,8791,RICCA,SLONE,KERRY,MARSHALL,287,DEMOCRATIC,DEM
GP 2004,18TH DEMOCRATIC DELEGATE,5,8791,RICCA,SLONE,KERRY,MENARD,227,DEMOCRATIC,DEM
GP 2004,18TH DEMOCRATIC DELEGATE,5,8791,RICCA,SLONE,KERRY,STARK,112,DEMOCRATIC,DEM
GP 2004,18TH DEMOCRATIC DELEGATE,5,8791,RICCA,SLONE,KERRY,WOODFORD,550,DEMOCRATIC,DEM
GP 2004,18TH DEMOCRATIC DELEGATE,5,8791,RICCA,SLONE,KERRY,MASON,465,DEMOCRATIC,DEM
GP 2004,18TH DEMOCRATIC DELEGATE,5,8791,RICCA,SLONE,KERRY,BUREAU,486,DEMOCRATIC,DEM
GP 2004,18TH DEMOCRATIC DELEGATE,5,8791,RICCA,SLONE,KERRY,PIKE,288,DEMOCRATIC,DEM
GP 2004,18TH DEMOCRATIC DELEGATE,5,8791,RICCA,SLONE,KERRY,CASS,336,DEMOCRATIC,DEM
GP 2004,18TH DEMOCRATIC DELEGATE,5,8791,RICCA,SLONE,KERRY,MORGAN,295,DEMOCRATIC,DEM
GP 2004,18TH DEMOCRATIC DELEGATE,5,8791,RICCA,SLONE,KERRY,PUTNAM,210,DEMOCRATIC,DEM
GP 2004,18TH DEMOCRATIC DELEGATE,5,8791,RICCA,SLONE,KERRY,TAZEWELL,2688,DEMOCRATIC,DEM
GP 2004,18TH DEMOCRATIC DELEGATE,5,8791,RICCA,SLONE,KERRY,SANGAMON,2494,DEMOCRATIC,DEM
GP 2004,18TH DEMOCRATIC DELEGATE,5,8791,RICCA,SLONE,KERRY,SCOTT,168,DEMOCRATIC,DEM
GP 2004,18TH DEMOCRATIC DELEGATE,5,8791,RICCA,SLONE,KERRY,MACON,1542,DEMOCRATIC,DEM
GP 2004,18TH DEMOCRATIC DELEGATE,5,8791,RICCA,SLONE,KERRY,KNOX,128,DEMOCRATIC,DEM
GP 2004,18TH DEMOCRATIC DELEGATE,5,8791,RICCA,SLONE,KERRY,PEORIA,9509,DEMOCRATIC,DEM
GP 2004,18TH DEMOCRATIC DELEGATE,5,8791,RICCA,SLONE,KERRY,ADAMS,306,DEMOCRATIC,DEM
GP 2004,18TH DEMOCRATIC DELEGATE,5,8792,RICK,ORR,KERRY,BROWN,115,DEMOCRATIC,DEM
GP 2004,18TH DEMOCRATIC DELEGATE,5,8792,RICK,ORR,KERRY,LOGAN,362,DEMOCRATIC,DEM
GP 2004,18TH DEMOCRATIC DELEGATE,5,8792,RICK,ORR,KERRY,SCHUYLER,293,DEMOCRATIC,DEM
GP 2004,18TH DEMOCRATIC DELEGATE,5,8792,RICK,ORR,KERRY,MARSHALL,243,DEMOCRATIC,DEM
GP 2004,18TH DEMOCRATIC DELEGATE,5,8792,RICK,ORR,KERRY,MENARD,231,DEMOCRATIC,DEM
GP 2004,18TH DEMOCRATIC DELEGATE,5,8792,RICK,ORR,KERRY,STARK,100,DEMOCRATIC,DEM
GP 2004,18TH DEMOCRATIC DELEGATE,5,8792,RICK,ORR,KERRY,WOODFORD,483,DEMOCRATIC,DEM
GP 2004,18TH DEMOCRATIC DELEGATE,5,8792,RICK,ORR,KERRY,MASON,463,DEMOCRATIC,DEM
GP 2004,18TH DEMOCRATIC DELEGATE,5,8792,RICK,ORR,KERRY,BUREAU,493,DEMOCRATIC,DEM
GP 2004,18TH DEMOCRATIC DELEGATE,5,8792,RICK,ORR,KERRY,PIKE,367,DEMOCRATIC,DEM
GP 2004,18TH DEMOCRATIC DELEGATE,5,8792,RICK,ORR,KERRY,CASS,353,DEMOCRATIC,DEM
GP 2004,18TH DEMOCRATIC DELEGATE,5,8792,RICK,ORR,KERRY,MORGAN,348,DEMOCRATIC,DEM
GP 2004,18TH DEMOCRATIC DELEGATE,5,8792,RICK,ORR,KERRY,PUTNAM,212,DEMOCRATIC,DEM
GP 2004,18TH DEMOCRATIC DELEGATE,5,8792,RICK,ORR,KERRY,TAZEWELL,2417,DEMOCRATIC,DEM
GP 2004,18TH DEMOCRATIC DELEGATE,5,8792,RICK,ORR,KERRY,SANGAMON,2502,DEMOCRATIC,DEM
GP 2004,18TH DEMOCRATIC DELEGATE,5,8792,RICK,ORR,KERRY,SCOTT,195,DEMOCRATIC,DEM
GP 2004,18TH DEMOCRATIC DELEGATE,5,8792,RICK,ORR,KERRY,MACON,1589,DEMOCRATIC,DEM
GP 2004,18TH DEMOCRATIC DELEGATE,5,8792,RICK,ORR,KERRY,KNOX,121,DEMOCRATIC,DEM
GP 2004,18TH DEMOCRATIC DELEGATE,5,8792,RICK,ORR,KERRY,PEORIA,7919,DEMOCRATIC,DEM
GP 2004,18TH DEMOCRATIC DELEGATE,5,8792,RICK,ORR,KERRY,ADAMS,372,DEMOCRATIC,DEM
GP 2004,18TH DEMOCRATIC DELEGATE,5,8793,RENA K,WELCH,KERRY,BROWN,105,DEMOCRATIC,DEM
GP 2004,18TH DEMOCRATIC DELEGATE,5,8793,RENA K,WELCH,KERRY,LOGAN,376,DEMOCRATIC,DEM
GP 2004,18TH DEMOCRATIC DELEGATE,5,8793,RENA K,WELCH,KERRY,SCHUYLER,283,DEMOCRATIC,DEM
GP 2004,18TH DEMOCRATIC DELEGATE,5,8793,RENA K,WELCH,KERRY,MARSHALL,260,DEMOCRATIC,DEM
GP 2004,18TH DEMOCRATIC DELEGATE,5,8793,RENA K,WELCH,KERRY,MENARD,236,DEMOCRATIC,DEM
GP 2004,18TH DEMOCRATIC DELEGATE,5,8793,RENA K,WELCH,KERRY,STARK,105,DEMOCRATIC,DEM
GP 2004,18TH DEMOCRATIC DELEGATE,5,8793,RENA K,WELCH,KERRY,WOODFORD,469,DEMOCRATIC,DEM
GP 2004,18TH DEMOCRATIC DELEGATE,5,8793,RENA K,WELCH,KERRY,MASON,475,DEMOCRATIC,DEM
GP 2004,18TH DEMOCRATIC DELEGATE,5,8793,RENA K,WELCH,KERRY,BUREAU,601,DEMOCRATIC,DEM
GP 2004,18TH DEMOCRATIC DELEGATE,5,8793,RENA K,WELCH,KERRY,PIKE,302,DEMOCRATIC,DEM
GP 2004,18TH DEMOCRATIC DELEGATE,5,8793,RENA K,WELCH,KERRY,CASS,451,DEMOCRATIC,DEM
GP 2004,18TH DEMOCRATIC DELEGATE,5,8793,RENA K,WELCH,KERRY,MORGAN,355,DEMOCRATIC,DEM
GP 2004,18TH DEMOCRATIC DELEGATE,5,8793,RENA K,WELCH,KERRY,PUTNAM,261,DEMOCRATIC,DEM
GP 2004,18TH DEMOCRATIC DELEGATE,5,8793,RENA K,WELCH,KERRY,TAZEWELL,2396,DEMOCRATIC,DEM
GP 2004,18TH DEMOCRATIC DELEGATE,5,8793,RENA K,WELCH,KERRY,SANGAMON,2447,DEMOCRATIC,DEM
GP 2004,18TH DEMOCRATIC DELEGATE,5,8793,RENA K,WELCH,KERRY,SCOTT,185,DEMOCRATIC,DEM
GP 2004,18TH DEMOCRATIC DELEGATE,5,8793,RENA K,WELCH,KERRY,MACON,1612,DEMOCRATIC,DEM
GP 2004,18TH DEMOCRATIC DELEGATE,5,8793,RENA K,WELCH,KERRY,KNOX,128,DEMOCRATIC,DEM
GP 2004,18TH DEMOCRATIC DELEGATE,5,8793,RENA K,WELCH,KERRY,PEORIA,8121,DEMOCRATIC,DEM
GP 2004,18TH DEMOCRATIC DELEGATE,5,8793,RENA K,WELCH,KERRY,ADAMS,342,DEMOCRATIC,DEM
GP 2004,18TH DEMOCRATIC DELEGATE,5,8794,LARRY D,IVORY,KERRY,BROWN,106,DEMOCRATIC,DEM
GP 2004,18TH DEMOCRATIC DELEGATE,5,8794,LARRY D,IVORY,KERRY,LOGAN,351,DEMOCRATIC,DEM
GP 2004,18TH DEMOCRATIC DELEGATE,5,8794,LARRY D,IVORY,KERRY,SCHUYLER,276,DEMOCRATIC,DEM
GP 2004,18TH DEMOCRATIC DELEGATE,5,8794,LARRY D,IVORY,KERRY,MARSHALL,240,DEMOCRATIC,DEM
GP 2004,18TH DEMOCRATIC DELEGATE,5,8794,LARRY D,IVORY,KERRY,MENARD,220,DEMOCRATIC,DEM
GP 2004,18TH DEMOCRATIC DELEGATE,5,8794,LARRY D,IVORY,KERRY,STARK,96,DEMOCRATIC,DEM
GP 2004,18TH DEMOCRATIC DELEGATE,5,8794,LARRY D,IVORY,KERRY,WOODFORD,457,DEMOCRATIC,DEM
GP 2004,18TH DEMOCRATIC DELEGATE,5,8794,LARRY D,IVORY,KERRY,MASON,462,DEMOCRATIC,DEM
GP 2004,18TH DEMOCRATIC DELEGATE,5,8794,LARRY D,IVORY,KERRY,BUREAU,515,DEMOCRATIC,DEM
GP 2004,18TH DEMOCRATIC DELEGATE,5,8794,LARRY D,IVORY,KERRY,PIKE,295,DEMOCRATIC,DEM
GP 2004,18TH DEMOCRATIC DELEGATE,5,8794,LARRY D,IVORY,KERRY,CASS,343,DEMOCRATIC,DEM
GP 2004,18TH DEMOCRATIC DELEGATE,5,8794,LARRY D,IVORY,KERRY,MORGAN,314,DEMOCRATIC,DEM
GP 2004,18TH DEMOCRATIC DELEGATE,5,8794,LARRY D,IVORY,KERRY,PUTNAM,218,DEMOCRATIC,DEM
GP 2004,18TH DEMOCRATIC DELEGATE,5,8794,LARRY D,IVORY,KERRY,TAZEWELL,2317,DEMOCRATIC,DEM
GP 2004,18TH DEMOCRATIC DELEGATE,5,8794,LARRY D,IVORY,KERRY,SANGAMON,2310,DEMOCRATIC,DEM
GP 2004,18TH DEMOCRATIC DELEGATE,5,8794,LARRY D,IVORY,KERRY,SCOTT,183,DEMOCRATIC,DEM
GP 2004,18TH DEMOCRATIC DELEGATE,5,8794,LARRY D,IVORY,KERRY,MACON,1585,DEMOCRATIC,DEM
GP 2004,18TH DEMOCRATIC DELEGATE,5,8794,LARRY D,IVORY,KERRY,KNOX,117,DEMOCRATIC,DEM
GP 2004,18TH DEMOCRATIC DELEGATE,5,8794,LARRY D,IVORY,KERRY,PEORIA,8024,DEMOCRATIC,DEM
GP 2004,18TH DEMOCRATIC DELEGATE,5,8794,LARRY D,IVORY,KERRY,ADAMS,341,DEMOCRATIC,DEM
GP 2004,18TH DEMOCRATIC DELEGATE,5,8795,SHIRLEY A,McCOMBS,KERRY,BROWN,110,DEMOCRATIC,DEM
GP 2004,18TH DEMOCRATIC DELEGATE,5,8795,SHIRLEY A,McCOMBS,KERRY,LOGAN,362,DEMOCRATIC,DEM
GP 2004,18TH DEMOCRATIC DELEGATE,5,8795,SHIRLEY A,McCOMBS,KERRY,SCHUYLER,311,DEMOCRATIC,DEM
GP 2004,18TH DEMOCRATIC DELEGATE,5,8795,SHIRLEY A,McCOMBS,KERRY,MARSHALL,255,DEMOCRATIC,DEM
GP 2004,18TH DEMOCRATIC DELEGATE,5,8795,SHIRLEY A,McCOMBS,KERRY,MENARD,276,DEMOCRATIC,DEM
GP 2004,18TH DEMOCRATIC DELEGATE,5,8795,SHIRLEY A,McCOMBS,KERRY,STARK,109,DEMOCRATIC,DEM
GP 2004,18TH DEMOCRATIC DELEGATE,5,8795,SHIRLEY A,McCOMBS,KERRY,WOODFORD,488,DEMOCRATIC,DEM
GP 2004,18TH DEMOCRATIC DELEGATE,5,8795,SHIRLEY A,McCOMBS,KERRY,MASON,506,DEMOCRATIC,DEM
GP 2004,18TH DEMOCRATIC DELEGATE,5,8795,SHIRLEY A,McCOMBS,KERRY,BUREAU,527,DEMOCRATIC,DEM
GP 2004,18TH DEMOCRATIC DELEGATE,5,8795,SHIRLEY A,McCOMBS,KERRY,PIKE,308,DEMOCRATIC,DEM
GP 2004,18TH DEMOCRATIC DELEGATE,5,8795,SHIRLEY A,McCOMBS,KERRY,CASS,412,DEMOCRATIC,DEM
GP 2004,18TH DEMOCRATIC DELEGATE,5,8795,SHIRLEY A,McCOMBS,KERRY,MORGAN,357,DEMOCRATIC,DEM
GP 2004,18TH DEMOCRATIC DELEGATE,5,8795,SHIRLEY A,McCOMBS,KERRY,PUTNAM,225,DEMOCRATIC,DEM
GP 2004,18TH DEMOCRATIC DELEGATE,5,8795,SHIRLEY A,McCOMBS,KERRY,TAZEWELL,2404,DEMOCRATIC,DEM
GP 2004,18TH DEMOCRATIC DELEGATE,5,8795,SHIRLEY A,McCOMBS,KERRY,SANGAMON,2587,DEMOCRATIC,DEM
GP 2004,18TH DEMOCRATIC DELEGATE,5,8795,SHIRLEY A,McCOMBS,KERRY,SCOTT,179,DEMOCRATIC,DEM
GP 2004,18TH DEMOCRATIC DELEGATE,5,8795,SHIRLEY A,McCOMBS,KERRY,MACON,1610,DEMOCRATIC,DEM
GP 2004,18TH DEMOCRATIC DELEGATE,5,8795,SHIRLEY A,McCOMBS,KERRY,KNOX,126,DEMOCRATIC,DEM
GP 2004,18TH DEMOCRATIC DELEGATE,5,8795,SHIRLEY A,McCOMBS,KERRY,PEORIA,7994,DEMOCRATIC,DEM
GP 2004,18TH DEMOCRATIC DELEGATE,5,8795,SHIRLEY A,McCOMBS,KERRY,ADAMS,361,DEMOCRATIC,DEM
GP 2004,14TH DEMOCRATIC DELEGATE,4,8796,JUAN R.,THOMAS,KERRY,BUREAU,29,DEMOCRATIC,DEM
GP 2004,14TH DEMOCRATIC DELEGATE,4,8796,JUAN R.,THOMAS,KERRY,LEE,564,DEMOCRATIC,DEM
GP 2004,14TH DEMOCRATIC DELEGATE,4,8796,JUAN R.,THOMAS,KERRY,WHITESIDE,173,DEMOCRATIC,DEM
GP 2004,14TH DEMOCRATIC DELEGATE,4,8796,JUAN R.,THOMAS,KERRY,HENRY,510,DEMOCRATIC,DEM
GP 2004,14TH DEMOCRATIC DELEGATE,4,8796,JUAN R.,THOMAS,KERRY,KENDALL,918,DEMOCRATIC,DEM
GP 2004,14TH DEMOCRATIC DELEGATE,4,8796,JUAN R.,THOMAS,KERRY,KANE,5842,DEMOCRATIC,DEM
GP 2004,14TH DEMOCRATIC DELEGATE,4,8796,JUAN R.,THOMAS,KERRY,DeKALB,2332,DEMOCRATIC,DEM
GP 2004,14TH DEMOCRATIC DELEGATE,4,8796,JUAN R.,THOMAS,KERRY,DuPAGE,1651,DEMOCRATIC,DEM
GP 2004,14TH DEMOCRATIC DELEGATE,4,8797,SHARON U.,THOMPSON,KERRY,BUREAU,30,DEMOCRATIC,DEM
GP 2004,14TH DEMOCRATIC DELEGATE,4,8797,SHARON U.,THOMPSON,KERRY,LEE,815,DEMOCRATIC,DEM
GP 2004,14TH DEMOCRATIC DELEGATE,4,8797,SHARON U.,THOMPSON,KERRY,WHITESIDE,189,DEMOCRATIC,DEM
GP 2004,14TH DEMOCRATIC DELEGATE,4,8797,SHARON U.,THOMPSON,KERRY,HENRY,556,DEMOCRATIC,DEM
GP 2004,14TH DEMOCRATIC DELEGATE,4,8797,SHARON U.,THOMPSON,KERRY,KENDALL,1040,DEMOCRATIC,DEM
GP 2004,14TH DEMOCRATIC DELEGATE,4,8797,SHARON U.,THOMPSON,KERRY,KANE,6491,DEMOCRATIC,DEM
GP 2004,14TH DEMOCRATIC DELEGATE,4,8797,SHARON U.,THOMPSON,KERRY,DeKALB,2657,DEMOCRATIC,DEM
GP 2004,14TH DEMOCRATIC DELEGATE,4,8797,SHARON U.,THOMPSON,KERRY,DuPAGE,1806,DEMOCRATIC,DEM
GP 2004,14TH DEMOCRATIC DELEGATE,4,8798,LEONARD,MANDELL,KERRY,BUREAU,31,DEMOCRATIC,DEM
GP 2004,14TH DEMOCRATIC DELEGATE,4,8798,LEONARD,MANDELL,KERRY,LEE,581,DEMOCRATIC,DEM
GP 2004,14TH DEMOCRATIC DELEGATE,4,8798,LEONARD,MANDELL,KERRY,WHITESIDE,183,DEMOCRATIC,DEM
GP 2004,14TH DEMOCRATIC DELEGATE,4,8798,LEONARD,MANDELL,KERRY,HENRY,517,DEMOCRATIC,DEM
GP 2004,14TH DEMOCRATIC DELEGATE,4,8798,LEONARD,MANDELL,KERRY,KENDALL,903,DEMOCRATIC,DEM
GP 2004,14TH DEMOCRATIC DELEGATE,4,8798,LEONARD,MANDELL,KERRY,KANE,5234,DEMOCRATIC,DEM
GP 2004,14TH DEMOCRATIC DELEGATE,4,8798,LEONARD,MANDELL,KERRY,DeKALB,2488,DEMOCRATIC,DEM
GP 2004,14TH DEMOCRATIC DELEGATE,4,8798,LEONARD,MANDELL,KERRY,DuPAGE,1600,DEMOCRATIC,DEM
GP 2004,14TH DEMOCRATIC DELEGATE,4,8799,"MARY K. ""MOLLY""",HOWIESON,KERRY,BUREAU,30,DEMOCRATIC,DEM
GP 2004,14TH DEMOCRATIC DELEGATE,4,8799,"MARY K. ""MOLLY""",HOWIESON,KERRY,LEE,563,DEMOCRATIC,DEM
GP 2004,14TH DEMOCRATIC DELEGATE,4,8799,"MARY K. ""MOLLY""",HOWIESON,KERRY,WHITESIDE,180,DEMOCRATIC,DEM
GP 2004,14TH DEMOCRATIC DELEGATE,4,8799,"MARY K. ""MOLLY""",HOWIESON,KERRY,HENRY,502,DEMOCRATIC,DEM
GP 2004,14TH DEMOCRATIC DELEGATE,4,8799,"MARY K. ""MOLLY""",HOWIESON,KERRY,KENDALL,906,DEMOCRATIC,DEM
GP 2004,14TH DEMOCRATIC DELEGATE,4,8799,"MARY K. ""MOLLY""",HOWIESON,KERRY,KANE,5339,DEMOCRATIC,DEM
GP 2004,14TH DEMOCRATIC DELEGATE,4,8799,"MARY K. ""MOLLY""",HOWIESON,KERRY,DeKALB,2375,DEMOCRATIC,DEM
GP 2004,14TH DEMOCRATIC DELEGATE,4,8799,"MARY K. ""MOLLY""",HOWIESON,KERRY,DuPAGE,1706,DEMOCRATIC,DEM
GP 2004,11TH DEMOCRATIC DELEGATE,5,8800,PAT,WELCH,KERRY,LIVINGSTON,5,DEMOCRATIC,DEM
GP 2004,11TH DEMOCRATIC DELEGATE,5,8800,PAT,WELCH,KERRY,WOODFORD,50,DEMOCRATIC,DEM
GP 2004,11TH DEMOCRATIC DELEGATE,5,8800,PAT,WELCH,KERRY,BUREAU,1018,DEMOCRATIC,DEM
GP 2004,11TH DEMOCRATIC DELEGATE,5,8800,PAT,WELCH,KERRY,WILL,13387,DEMOCRATIC,DEM
GP 2004,11TH DEMOCRATIC DELEGATE,5,8800,PAT,WELCH,KERRY,GRUNDY,1818,DEMOCRATIC,DEM
GP 2004,11TH DEMOCRATIC DELEGATE,5,8800,PAT,WELCH,KERRY,LaSALLE,5644,DEMOCRATIC,DEM
GP 2004,11TH DEMOCRATIC DELEGATE,5,8800,PAT,WELCH,KERRY,KANKAKEE,3344,DEMOCRATIC,DEM
GP 2004,11TH DEMOCRATIC DELEGATE,5,8800,PAT,WELCH,KERRY,McLEAN,2210,DEMOCRATIC,DEM
GP 2004,11TH DEMOCRATIC DELEGATE,5,8801,MARY JANE,WILKINSON,KERRY,LIVINGSTON,3,DEMOCRATIC,DEM
GP 2004,11TH DEMOCRATIC DELEGATE,5,8801,MARY JANE,WILKINSON,KERRY,WOODFORD,41,DEMOCRATIC,DEM
GP 2004,11TH DEMOCRATIC DELEGATE,5,8801,MARY JANE,WILKINSON,KERRY,BUREAU,963,DEMOCRATIC,DEM
GP 2004,11TH DEMOCRATIC DELEGATE,5,8801,MARY JANE,WILKINSON,KERRY,WILL,12120,DEMOCRATIC,DEM
GP 2004,11TH DEMOCRATIC DELEGATE,5,8801,MARY JANE,WILKINSON,KERRY,GRUNDY,1803,DEMOCRATIC,DEM
GP 2004,11TH DEMOCRATIC DELEGATE,5,8801,MARY JANE,WILKINSON,KERRY,LaSALLE,5702,DEMOCRATIC,DEM
GP 2004,11TH DEMOCRATIC DELEGATE,5,8801,MARY JANE,WILKINSON,KERRY,KANKAKEE,3565,DEMOCRATIC,DEM
GP 2004,11TH DEMOCRATIC DELEGATE,5,8801,MARY JANE,WILKINSON,KERRY,McLEAN,2344,DEMOCRATIC,DEM
GP 2004,11TH DEMOCRATIC DELEGATE,5,8802,DAVID B,FOREMAN,KERRY,LIVINGSTON,4,DEMOCRATIC,DEM
GP 2004,11TH DEMOCRATIC DELEGATE,5,8802,DAVID B,FOREMAN,KERRY,WOODFORD,38,DEMOCRATIC,DEM
GP 2004,11TH DEMOCRATIC DELEGATE,5,8802,DAVID B,FOREMAN,KERRY,BUREAU,955,DEMOCRATIC,DEM
GP 2004,11TH DEMOCRATIC DELEGATE,5,8802,DAVID B,FOREMAN,KERRY,WILL,11971,DEMOCRATIC,DEM
GP 2004,11TH DEMOCRATIC DELEGATE,5,8802,DAVID B,FOREMAN,KERRY,GRUNDY,1777,DEMOCRATIC,DEM
GP 2004,11TH DEMOCRATIC DELEGATE,5,8802,DAVID B,FOREMAN,KERRY,LaSALLE,4290,DEMOCRATIC,DEM
GP 2004,11TH DEMOCRATIC DELEGATE,5,8802,DAVID B,FOREMAN,KERRY,KANKAKEE,3518,DEMOCRATIC,DEM
GP 2004,11TH DEMOCRATIC DELEGATE,5,8802,DAVID B,FOREMAN,KERRY,McLEAN,2251,DEMOCRATIC,DEM
GP 2004,11TH DEMOCRATIC DELEGATE,5,8803,MARIA,BALESTRI,KERRY,LIVINGSTON,4,DEMOCRATIC,DEM
GP 2004,11TH DEMOCRATIC DELEGATE,5,8803,MARIA,BALESTRI,KERRY,WOODFORD,36,DEMOCRATIC,DEM
GP 2004,11TH DEMOCRATIC DELEGATE,5,8803,MARIA,BALESTRI,KERRY,BUREAU,1028,DEMOCRATIC,DEM
GP 2004,11TH DEMOCRATIC DELEGATE,5,8803,MARIA,BALESTRI,KERRY,WILL,12417,DEMOCRATIC,DEM
GP 2004,11TH DEMOCRATIC DELEGATE,5,8803,MARIA,BALESTRI,KERRY,GRUNDY,1811,DEMOCRATIC,DEM
GP 2004,11TH DEMOCRATIC DELEGATE,5,8803,MARIA,BALESTRI,KERRY,LaSALLE,4868,DEMOCRATIC,DEM
GP 2004,11TH DEMOCRATIC DELEGATE,5,8803,MARIA,BALESTRI,KERRY,KANKAKEE,3551,DEMOCRATIC,DEM
GP 2004,11TH DEMOCRATIC DELEGATE,5,8803,MARIA,BALESTRI,KERRY,McLEAN,2243,DEMOCRATIC,DEM
GP 2004,11TH DEMOCRATIC DELEGATE,5,8804,JAMES R,WASSER,KERRY,LIVINGSTON,4,DEMOCRATIC,DEM
GP 2004,11TH DEMOCRATIC DELEGATE,5,8804,JAMES R,WASSER,KERRY,WOODFORD,31,DEMOCRATIC,DEM
GP 2004,11TH DEMOCRATIC DELEGATE,5,8804,JAMES R,WASSER,KERRY,BUREAU,921,DEMOCRATIC,DEM
GP 2004,11TH DEMOCRATIC DELEGATE,5,8804,JAMES R,WASSER,KERRY,WILL,11557,DEMOCRATIC,DEM
GP 2004,11TH DEMOCRATIC DELEGATE,5,8804,JAMES R,WASSER,KERRY,GRUNDY,1764,DEMOCRATIC,DEM
GP 2004,11TH DEMOCRATIC DELEGATE,5,8804,JAMES R,WASSER,KERRY,LaSALLE,4138,DEMOCRATIC,DEM
GP 2004,11TH DEMOCRATIC DELEGATE,5,8804,JAMES R,WASSER,KERRY,KANKAKEE,3853,DEMOCRATIC,DEM
GP 2004,11TH DEMOCRATIC DELEGATE,5,8804,JAMES R,WASSER,KERRY,McLEAN,2107,DEMOCRATIC,DEM
GP 2004,18TH DEMOCRATIC ALTERNATE DELEGATE,1,8805,STEVEN W,PRECKWINKLE,KERRY,BROWN,159,DEMOCRATIC,DEM
GP 2004,18TH DEMOCRATIC ALTERNATE DELEGATE,1,8805,STEVEN W,PRECKWINKLE,KERRY,LOGAN,639,DEMOCRATIC,DEM
GP 2004,18TH DEMOCRATIC ALTERNATE DELEGATE,1,8805,STEVEN W,PRECKWINKLE,KERRY,SCHUYLER,285,DEMOCRATIC,DEM
GP 2004,18TH DEMOCRATIC ALTERNATE DELEGATE,1,8805,STEVEN W,PRECKWINKLE,KERRY,MARSHALL,437,DEMOCRATIC,DEM
GP 2004,18TH DEMOCRATIC ALTERNATE DELEGATE,1,8805,STEVEN W,PRECKWINKLE,KERRY,MENARD,376,DEMOCRATIC,DEM
GP 2004,18TH DEMOCRATIC ALTERNATE DELEGATE,1,8805,STEVEN W,PRECKWINKLE,KERRY,STARK,178,DEMOCRATIC,DEM
GP 2004,18TH DEMOCRATIC ALTERNATE DELEGATE,1,8805,STEVEN W,PRECKWINKLE,KERRY,WOODFORD,853,DEMOCRATIC,DEM
GP 2004,18TH DEMOCRATIC ALTERNATE DELEGATE,1,8805,STEVEN W,PRECKWINKLE,KERRY,MASON,955,DEMOCRATIC,DEM
GP 2004,18TH DEMOCRATIC ALTERNATE DELEGATE,1,8805,STEVEN W,PRECKWINKLE,KERRY,BUREAU,638,DEMOCRATIC,DEM
GP 2004,18TH DEMOCRATIC ALTERNATE DELEGATE,1,8805,STEVEN W,PRECKWINKLE,KERRY,PIKE,521,DEMOCRATIC,DEM
GP 2004,18TH DEMOCRATIC ALTERNATE DELEGATE,1,8805,STEVEN W,PRECKWINKLE,KERRY,CASS,633,DEMOCRATIC,DEM
GP 2004,18TH DEMOCRATIC ALTERNATE DELEGATE,1,8805,STEVEN W,PRECKWINKLE,KERRY,MORGAN,740,DEMOCRATIC,DEM
GP 2004,18TH DEMOCRATIC ALTERNATE DELEGATE,1,8805,STEVEN W,PRECKWINKLE,KERRY,PUTNAM,516,DEMOCRATIC,DEM
GP 2004,18TH DEMOCRATIC ALTERNATE DELEGATE,1,8805,STEVEN W,PRECKWINKLE,KERRY,TAZEWELL,4718,DEMOCRATIC,DEM
GP 2004,18TH DEMOCRATIC ALTERNATE DELEGATE,1,8805,STEVEN W,PRECKWINKLE,KERRY,SANGAMON,3359,DEMOCRATIC,DEM
GP 2004,18TH DEMOCRATIC ALTERNATE DELEGATE,1,8805,STEVEN W,PRECKWINKLE,KERRY,SCOTT,200,DEMOCRATIC,DEM
GP 2004,18TH DEMOCRATIC ALTERNATE DELEGATE,1,8805,STEVEN W,PRECKWINKLE,KERRY,MACON,1662,DEMOCRATIC,DEM
GP 2004,18TH DEMOCRATIC ALTERNATE DELEGATE,1,8805,STEVEN W,PRECKWINKLE,KERRY,KNOX,234,DEMOCRATIC,DEM
GP 2004,18TH DEMOCRATIC ALTERNATE DELEGATE,1,8805,STEVEN W,PRECKWINKLE,KERRY,PEORIA,8990,DEMOCRATIC,DEM
GP 2004,18TH DEMOCRATIC ALTERNATE DELEGATE,1,8805,STEVEN W,PRECKWINKLE,KERRY,ADAMS,396,DEMOCRATIC,DEM
GP 2004,12TH DEMOCRATIC ALTERNATE DELEGATE,1,8806,ROBERT,HALSEY,KERRY,PERRY,1460,DEMOCRATIC,DEM
GP 2004,12TH DEMOCRATIC ALTERNATE DELEGATE,1,8806,ROBERT,HALSEY,KERRY,WILLIAMSON,2042,DEMOCRATIC,DEM
GP 2004,12TH DEMOCRATIC ALTERNATE DELEGATE,1,8806,ROBERT,HALSEY,KERRY,MONROE,765,DEMOCRATIC,DEM
GP 2004,12TH DEMOCRATIC ALTERNATE DELEGATE,1,8806,ROBERT,HALSEY,KERRY,JACKSON,3168,DEMOCRATIC,DEM
GP 2004,12TH DEMOCRATIC ALTERNATE DELEGATE,1,8806,ROBERT,HALSEY,KERRY,FRANKLIN,3459,DEMOCRATIC,DEM
GP 2004,12TH DEMOCRATIC ALTERNATE DELEGATE,1,8806,ROBERT,HALSEY,KERRY,RANDOLPH,1802,DEMOCRATIC,DEM
GP 2004,12TH DEMOCRATIC ALTERNATE DELEGATE,1,8806,ROBERT,HALSEY,KERRY,MADISON,5916,DEMOCRATIC,DEM
GP 2004,12TH DEMOCRATIC ALTERNATE DELEGATE,1,8806,ROBERT,HALSEY,KERRY,UNION,2016,DEMOCRATIC,DEM
GP 2004,12TH DEMOCRATIC ALTERNATE DELEGATE,1,8806,ROBERT,HALSEY,KERRY,ST. CLAIR,13605,DEMOCRATIC,DEM
GP 2004,12TH DEMOCRATIC ALTERNATE DELEGATE,1,8806,ROBERT,HALSEY,KERRY,ALEXANDER,524,DEMOCRATIC,DEM
GP 2004,12TH DEMOCRATIC ALTERNATE DELEGATE,1,8806,ROBERT,HALSEY,KERRY,PULASKI,250,DEMOCRATIC,DEM
GP 2004,14TH DEMOCRATIC ALTERNATE DELEGATE,1,8807,WILLIAM S.,HICKS,KERRY,BUREAU,33,DEMOCRATIC,DEM
GP 2004,14TH DEMOCRATIC ALTERNATE DELEGATE,1,8807,WILLIAM S.,HICKS,KERRY,LEE,1054,DEMOCRATIC,DEM
GP 2004,14TH DEMOCRATIC ALTERNATE DELEGATE,1,8807,WILLIAM S.,HICKS,KERRY,WHITESIDE,372,DEMOCRATIC,DEM
GP 2004,14TH DEMOCRATIC ALTERNATE DELEGATE,1,8807,WILLIAM S.,HICKS,KERRY,HENRY,798,DEMOCRATIC,DEM
GP 2004,14TH DEMOCRATIC ALTERNATE DELEGATE,1,8807,WILLIAM S.,HICKS,KERRY,KENDALL,1892,DEMOCRATIC,DEM
GP 2004,14TH DEMOCRATIC ALTERNATE DELEGATE,1,8807,WILLIAM S.,HICKS,KERRY,KANE,12468,DEMOCRATIC,DEM
GP 2004,14TH DEMOCRATIC ALTERNATE DELEGATE,1,8807,WILLIAM S.,HICKS,KERRY,DeKALB,2769,DEMOCRATIC,DEM
GP 2004,14TH DEMOCRATIC ALTERNATE DELEGATE,1,8807,WILLIAM S.,HICKS,KERRY,DuPAGE,1793,DEMOCRATIC,DEM
GP 2004,11TH DEMOCRATIC ALTERNATE DELEGATE,1,8808,CAROL M,WASSER,KERRY,LIVINGSTON,9,DEMOCRATIC,DEM
GP 2004,11TH DEMOCRATIC ALTERNATE DELEGATE,1,8808,CAROL M,WASSER,KERRY,WOODFORD,90,DEMOCRATIC,DEM
GP 2004,11TH DEMOCRATIC ALTERNATE DELEGATE,1,8808,CAROL M,WASSER,KERRY,BUREAU,1026,DEMOCRATIC,DEM
GP 2004,11TH DEMOCRATIC ALTERNATE DELEGATE,1,8808,CAROL M,WASSER,KERRY,WILL,13921,DEMOCRATIC,DEM
GP 2004,11TH DEMOCRATIC ALTERNATE DELEGATE,1,8808,CAROL M,WASSER,KERRY,GRUNDY,1927,DEMOCRATIC,DEM
GP 2004,11TH DEMOCRATIC ALTERNATE DELEGATE,1,8808,CAROL M,WASSER,KERRY,LaSALLE,5063,DEMOCRATIC,DEM
GP 2004,11TH DEMOCRATIC ALTERNATE DELEGATE,1,8808,CAROL M,WASSER,KERRY,KANKAKEE,4258,DEMOCRATIC,DEM
GP 2004,11TH DEMOCRATIC ALTERNATE DELEGATE,1,8808,CAROL M,WASSER,KERRY,McLEAN,2600,DEMOCRATIC,DEM
GP 2004,13TH DEMOCRATIC DELEGATE,4,8809,KALESHIA,PAGE,KERRY,WILL,6854,DEMOCRATIC,DEM
GP 2004,13TH DEMOCRATIC DELEGATE,4,8809,KALESHIA,PAGE,KERRY,COOK,3337,DEMOCRATIC,DEM
GP 2004,13TH DEMOCRATIC DELEGATE,4,8809,KALESHIA,PAGE,KERRY,DuPAGE,16377,DEMOCRATIC,DEM
GP 2004,13TH DEMOCRATIC DELEGATE,4,8810,ALONZO,DeCARLO,KERRY,WILL,6915,DEMOCRATIC,DEM
GP 2004,13TH DEMOCRATIC DELEGATE,4,8810,ALONZO,DeCARLO,KERRY,COOK,3429,DEMOCRATIC,DEM
GP 2004,13TH DEMOCRATIC DELEGATE,4,8810,ALONZO,DeCARLO,KERRY,DuPAGE,16417,DEMOCRATIC,DEM
GP 2004,13TH DEMOCRATIC DELEGATE,4,8811,CAROL,HILL,KERRY,WILL,7854,DEMOCRATIC,DEM
GP 2004,13TH DEMOCRATIC DELEGATE,4,8811,CAROL,HILL,KERRY,COOK,3371,DEMOCRATIC,DEM
GP 2004,13TH DEMOCRATIC DELEGATE,4,8811,CAROL,HILL,KERRY,DuPAGE,16922,DEMOCRATIC,DEM
GP 2004,13TH DEMOCRATIC DELEGATE,4,8812,MOHAMMAD H,ASIM,KERRY,WILL,5881,DEMOCRATIC,DEM
GP 2004,13TH DEMOCRATIC DELEGATE,4,8812,MOHAMMAD H,ASIM,KERRY,COOK,2921,DEMOCRATIC,DEM
GP 2004,13TH DEMOCRATIC DELEGATE,4,8812,MOHAMMAD H,ASIM,KERRY,DuPAGE,14370,DEMOCRATIC,DEM
GP 2004,13TH DEMOCRATIC ALTERNATE DELEGATE,1,8813,MAGGIE,DECARLO,KERRY,WILL,8204,DEMOCRATIC,DEM
GP 2004,13TH DEMOCRATIC ALTERNATE DELEGATE,1,8813,MAGGIE,DECARLO,KERRY,COOK,4628,DEMOCRATIC,DEM
GP 2004,13TH DEMOCRATIC ALTERNATE DELEGATE,1,8813,MAGGIE,DECARLO,KERRY,DuPAGE,17758,DEMOCRATIC,DEM
GP 2004,19TH DEMOCRATIC DELEGATE,5,8814,KURT,GRANBERG,KERRY,CLAY,342,DEMOCRATIC,DEM
GP 2004,19TH DEMOCRATIC DELEGATE,5,8814,KURT,GRANBERG,KERRY,HARDIN,236,DEMOCRATIC,DEM
GP 2004,19TH DEMOCRATIC DELEGATE,5,8814,KURT,GRANBERG,KERRY,JERSEY,427,DEMOCRATIC,DEM
GP 2004,19TH DEMOCRATIC DELEGATE,5,8814,KURT,GRANBERG,KERRY,RICHLAND,348,DEMOCRATIC,DEM
GP 2004,19TH DEMOCRATIC DELEGATE,5,8814,KURT,GRANBERG,KERRY,WASHINGTON,822,DEMOCRATIC,DEM
GP 2004,19TH DEMOCRATIC DELEGATE,5,8814,KURT,GRANBERG,KERRY,BOND,437,DEMOCRATIC,DEM
GP 2004,19TH DEMOCRATIC DELEGATE,5,8814,KURT,GRANBERG,KERRY,CLINTON,1023,DEMOCRATIC,DEM
GP 2004,19TH DEMOCRATIC DELEGATE,5,8814,KURT,GRANBERG,KERRY,JASPER,462,DEMOCRATIC,DEM
GP 2004,19TH DEMOCRATIC DELEGATE,5,8814,KURT,GRANBERG,KERRY,GREENE,177,DEMOCRATIC,DEM
GP 2004,19TH DEMOCRATIC DELEGATE,5,8814,KURT,GRANBERG,KERRY,JOHNSON,546,DEMOCRATIC,DEM
GP 2004,19TH DEMOCRATIC DELEGATE,5,8814,KURT,GRANBERG,KERRY,WILLIAMSON,90,DEMOCRATIC,DEM
GP 2004,19TH DEMOCRATIC DELEGATE,5,8814,KURT,GRANBERG,KERRY,HAMILTON,556,DEMOCRATIC,DEM
GP 2004,19TH DEMOCRATIC DELEGATE,5,8814,KURT,GRANBERG,KERRY,SHELBY,1119,DEMOCRATIC,DEM
GP 2004,19TH DEMOCRATIC DELEGATE,5,8814,KURT,GRANBERG,KERRY,EDWARDS,98,DEMOCRATIC,DEM
GP 2004,19TH DEMOCRATIC DELEGATE,5,8814,KURT,GRANBERG,KERRY,WHITE,554,DEMOCRATIC,DEM
GP 2004,19TH DEMOCRATIC DELEGATE,5,8814,KURT,GRANBERG,KERRY,FAYETTE,584,DEMOCRATIC,DEM
GP 2004,19TH DEMOCRATIC DELEGATE,5,8814,KURT,GRANBERG,KERRY,MARION,2985,DEMOCRATIC,DEM
GP 2004,19TH DEMOCRATIC DELEGATE,5,8814,KURT,GRANBERG,KERRY,SALINE,944,DEMOCRATIC,DEM
GP 2004,19TH DEMOCRATIC DELEGATE,5,8814,KURT,GRANBERG,KERRY,MASSAC,393,DEMOCRATIC,DEM
GP 2004,19TH DEMOCRATIC DELEGATE,5,8814,KURT,GRANBERG,KERRY,GALLATIN,362,DEMOCRATIC,DEM
GP 2004,19TH DEMOCRATIC DELEGATE,5,8814,KURT,GRANBERG,KERRY,MONTGOMERY,408,DEMOCRATIC,DEM
GP 2004,19TH DEMOCRATIC DELEGATE,5,8814,KURT,GRANBERG,KERRY,JEFFERSON,1628,DEMOCRATIC,DEM
GP 2004,19TH DEMOCRATIC DELEGATE,5,8814,KURT,GRANBERG,KERRY,WABASH,22,DEMOCRATIC,DEM
GP 2004,19TH DEMOCRATIC DELEGATE,5,8814,KURT,GRANBERG,KERRY,MADISON,5284,DEMOCRATIC,DEM
GP 2004,19TH DEMOCRATIC DELEGATE,5,8814,KURT,GRANBERG,KERRY,SANGAMON,1703,DEMOCRATIC,DEM
GP 2004,19TH DEMOCRATIC DELEGATE,5,8814,KURT,GRANBERG,KERRY,EFFINGHAM,864,DEMOCRATIC,DEM
GP 2004,19TH DEMOCRATIC DELEGATE,5,8814,KURT,GRANBERG,KERRY,POPE,292,DEMOCRATIC,DEM
GP 2004,19TH DEMOCRATIC DELEGATE,5,8814,KURT,GRANBERG,KERRY,WAYNE,510,DEMOCRATIC,DEM
GP 2004,19TH DEMOCRATIC DELEGATE,5,8814,KURT,GRANBERG,KERRY,CHRISTIAN,978,DEMOCRATIC,DEM
GP 2004,19TH DEMOCRATIC DELEGATE,5,8814,KURT,GRANBERG,KERRY,LAWRENCE,146,DEMOCRATIC,DEM
GP 2004,19TH DEMOCRATIC DELEGATE,5,8815,ELLEN,SINCLAIR,KERRY,CLAY,342,DEMOCRATIC,DEM
GP 2004,19TH DEMOCRATIC DELEGATE,5,8815,ELLEN,SINCLAIR,KERRY,HARDIN,236,DEMOCRATIC,DEM
GP 2004,19TH DEMOCRATIC DELEGATE,5,8815,ELLEN,SINCLAIR,KERRY,JERSEY,467,DEMOCRATIC,DEM
GP 2004,19TH DEMOCRATIC DELEGATE,5,8815,ELLEN,SINCLAIR,KERRY,RICHLAND,369,DEMOCRATIC,DEM
GP 2004,19TH DEMOCRATIC DELEGATE,5,8815,ELLEN,SINCLAIR,KERRY,WASHINGTON,766,DEMOCRATIC,DEM
GP 2004,19TH DEMOCRATIC DELEGATE,5,8815,ELLEN,SINCLAIR,KERRY,BOND,353,DEMOCRATIC,DEM
GP 2004,19TH DEMOCRATIC DELEGATE,5,8815,ELLEN,SINCLAIR,KERRY,CLINTON,833,DEMOCRATIC,DEM
GP 2004,19TH DEMOCRATIC DELEGATE,5,8815,ELLEN,SINCLAIR,KERRY,JASPER,475,DEMOCRATIC,DEM
GP 2004,19TH DEMOCRATIC DELEGATE,5,8815,ELLEN,SINCLAIR,KERRY,GREENE,193,DEMOCRATIC,DEM
GP 2004,19TH DEMOCRATIC DELEGATE,5,8815,ELLEN,SINCLAIR,KERRY,JOHNSON,578,DEMOCRATIC,DEM
GP 2004,19TH DEMOCRATIC DELEGATE,5,8815,ELLEN,SINCLAIR,KERRY,WILLIAMSON,90,DEMOCRATIC,DEM
GP 2004,19TH DEMOCRATIC DELEGATE,5,8815,ELLEN,SINCLAIR,KERRY,HAMILTON,580,DEMOCRATIC,DEM
GP 2004,19TH DEMOCRATIC DELEGATE,5,8815,ELLEN,SINCLAIR,KERRY,SHELBY,1191,DEMOCRATIC,DEM
GP 2004,19TH DEMOCRATIC DELEGATE,5,8815,ELLEN,SINCLAIR,KERRY,EDWARDS,99,DEMOCRATIC,DEM
GP 2004,19TH DEMOCRATIC DELEGATE,5,8815,ELLEN,SINCLAIR,KERRY,WHITE,585,DEMOCRATIC,DEM
GP 2004,19TH DEMOCRATIC DELEGATE,5,8815,ELLEN,SINCLAIR,KERRY,FAYETTE,457,DEMOCRATIC,DEM
GP 2004,19TH DEMOCRATIC DELEGATE,5,8815,ELLEN,SINCLAIR,KERRY,MARION,2464,DEMOCRATIC,DEM
GP 2004,19TH DEMOCRATIC DELEGATE,5,8815,ELLEN,SINCLAIR,KERRY,SALINE,966,DEMOCRATIC,DEM
GP 2004,19TH DEMOCRATIC DELEGATE,5,8815,ELLEN,SINCLAIR,KERRY,MASSAC,461,DEMOCRATIC,DEM
GP 2004,19TH DEMOCRATIC DELEGATE,5,8815,ELLEN,SINCLAIR,KERRY,GALLATIN,364,DEMOCRATIC,DEM
GP 2004,19TH DEMOCRATIC DELEGATE,5,8815,ELLEN,SINCLAIR,KERRY,MONTGOMERY,410,DEMOCRATIC,DEM
GP 2004,19TH DEMOCRATIC DELEGATE,5,8815,ELLEN,SINCLAIR,KERRY,JEFFERSON,1365,DEMOCRATIC,DEM
GP 2004,19TH DEMOCRATIC DELEGATE,5,8815,ELLEN,SINCLAIR,KERRY,WABASH,23,DEMOCRATIC,DEM
GP 2004,19TH DEMOCRATIC DELEGATE,5,8815,ELLEN,SINCLAIR,KERRY,MADISON,5969,DEMOCRATIC,DEM
GP 2004,19TH DEMOCRATIC DELEGATE,5,8815,ELLEN,SINCLAIR,KERRY,SANGAMON,1691,DEMOCRATIC,DEM
GP 2004,19TH DEMOCRATIC DELEGATE,5,8815,ELLEN,SINCLAIR,KERRY,EFFINGHAM,872,DEMOCRATIC,DEM
GP 2004,19TH DEMOCRATIC DELEGATE,5,8815,ELLEN,SINCLAIR,KERRY,POPE,305,DEMOCRATIC,DEM
GP 2004,19TH DEMOCRATIC DELEGATE,5,8815,ELLEN,SINCLAIR,KERRY,WAYNE,516,DEMOCRATIC,DEM
GP 2004,19TH DEMOCRATIC DELEGATE,5,8815,ELLEN,SINCLAIR,KERRY,CHRISTIAN,1015,DEMOCRATIC,DEM
GP 2004,19TH DEMOCRATIC DELEGATE,5,8815,ELLEN,SINCLAIR,KERRY,LAWRENCE,159,DEMOCRATIC,DEM
GP 2004,19TH DEMOCRATIC DELEGATE,5,8816,STEPHEN J,SCATES,KERRY,CLAY,328,DEMOCRATIC,DEM
GP 2004,19TH DEMOCRATIC DELEGATE,5,8816,STEPHEN J,SCATES,KERRY,HARDIN,250,DEMOCRATIC,DEM
GP 2004,19TH DEMOCRATIC DELEGATE,5,8816,STEPHEN J,SCATES,KERRY,JERSEY,420,DEMOCRATIC,DEM
GP 2004,19TH DEMOCRATIC DELEGATE,5,8816,STEPHEN J,SCATES,KERRY,RICHLAND,349,DEMOCRATIC,DEM
GP 2004,19TH DEMOCRATIC DELEGATE,5,8816,STEPHEN J,SCATES,KERRY,WASHINGTON,734,DEMOCRATIC,DEM
GP 2004,19TH DEMOCRATIC DELEGATE,5,8816,STEPHEN J,SCATES,KERRY,BOND,346,DEMOCRATIC,DEM
GP 2004,19TH DEMOCRATIC DELEGATE,5,8816,STEPHEN J,SCATES,KERRY,CLINTON,809,DEMOCRATIC,DEM
GP 2004,19TH DEMOCRATIC DELEGATE,5,8816,STEPHEN J,SCATES,KERRY,JASPER,474,DEMOCRATIC,DEM
GP 2004,19TH DEMOCRATIC DELEGATE,5,8816,STEPHEN J,SCATES,KERRY,GREENE,175,DEMOCRATIC,DEM
GP 2004,19TH DEMOCRATIC DELEGATE,5,8816,STEPHEN J,SCATES,KERRY,JOHNSON,558,DEMOCRATIC,DEM
GP 2004,19TH DEMOCRATIC DELEGATE,5,8816,STEPHEN J,SCATES,KERRY,WILLIAMSON,85,DEMOCRATIC,DEM
GP 2004,19TH DEMOCRATIC DELEGATE,5,8816,STEPHEN J,SCATES,KERRY,HAMILTON,637,DEMOCRATIC,DEM
GP 2004,19TH DEMOCRATIC DELEGATE,5,8816,STEPHEN J,SCATES,KERRY,SHELBY,1104,DEMOCRATIC,DEM
GP 2004,19TH DEMOCRATIC DELEGATE,5,8816,STEPHEN J,SCATES,KERRY,EDWARDS,98,DEMOCRATIC,DEM
GP 2004,19TH DEMOCRATIC DELEGATE,5,8816,STEPHEN J,SCATES,KERRY,WHITE,617,DEMOCRATIC,DEM
GP 2004,19TH DEMOCRATIC DELEGATE,5,8816,STEPHEN J,SCATES,KERRY,FAYETTE,443,DEMOCRATIC,DEM
GP 2004,19TH DEMOCRATIC DELEGATE,5,8816,STEPHEN J,SCATES,KERRY,MARION,2175,DEMOCRATIC,DEM
GP 2004,19TH DEMOCRATIC DELEGATE,5,8816,STEPHEN J,SCATES,KERRY,SALINE,1056,DEMOCRATIC,DEM
GP 2004,19TH DEMOCRATIC DELEGATE,5,8816,STEPHEN J,SCATES,KERRY,MASSAC,415,DEMOCRATIC,DEM
GP 2004,19TH DEMOCRATIC DELEGATE,5,8816,STEPHEN J,SCATES,KERRY,GALLATIN,556,DEMOCRATIC,DEM
GP 2004,19TH DEMOCRATIC DELEGATE,5,8816,STEPHEN J,SCATES,KERRY,MONTGOMERY,397,DEMOCRATIC,DEM
GP 2004,19TH DEMOCRATIC DELEGATE,5,8816,STEPHEN J,SCATES,KERRY,JEFFERSON,1291,DEMOCRATIC,DEM
GP 2004,19TH DEMOCRATIC DELEGATE,5,8816,STEPHEN J,SCATES,KERRY,WABASH,22,DEMOCRATIC,DEM
GP 2004,19TH DEMOCRATIC DELEGATE,5,8816,STEPHEN J,SCATES,KERRY,MADISON,5607,DEMOCRATIC,DEM
GP 2004,19TH DEMOCRATIC DELEGATE,5,8816,STEPHEN J,SCATES,KERRY,SANGAMON,1600,DEMOCRATIC,DEM
GP 2004,19TH DEMOCRATIC DELEGATE,5,8816,STEPHEN J,SCATES,KERRY,EFFINGHAM,824,DEMOCRATIC,DEM
GP 2004,19TH DEMOCRATIC DELEGATE,5,8816,STEPHEN J,SCATES,KERRY,POPE,299,DEMOCRATIC,DEM
GP 2004,19TH DEMOCRATIC DELEGATE,5,8816,STEPHEN J,SCATES,KERRY,WAYNE,510,DEMOCRATIC,DEM
GP 2004,19TH DEMOCRATIC DELEGATE,5,8816,STEPHEN J,SCATES,KERRY,CHRISTIAN,985,DEMOCRATIC,DEM
GP 2004,19TH DEMOCRATIC DELEGATE,5,8816,STEPHEN J,SCATES,KERRY,LAWRENCE,152,DEMOCRATIC,DEM
GP 2004,19TH DEMOCRATIC DELEGATE,5,8817,SAUNDRA,HUDSON,KERRY,CLAY,329,DEMOCRATIC,DEM
GP 2004,19TH DEMOCRATIC DELEGATE,5,8817,SAUNDRA,HUDSON,KERRY,HARDIN,247,DEMOCRATIC,DEM
GP 2004,19TH DEMOCRATIC DELEGATE,5,8817,SAUNDRA,HUDSON,KERRY,JERSEY,432,DEMOCRATIC,DEM
GP 2004,19TH DEMOCRATIC DELEGATE,5,8817,SAUNDRA,HUDSON,KERRY,RICHLAND,359,DEMOCRATIC,DEM
GP 2004,19TH DEMOCRATIC DELEGATE,5,8817,SAUNDRA,HUDSON,KERRY,WASHINGTON,731,DEMOCRATIC,DEM
GP 2004,19TH DEMOCRATIC DELEGATE,5,8817,SAUNDRA,HUDSON,KERRY,BOND,358,DEMOCRATIC,DEM
GP 2004,19TH DEMOCRATIC DELEGATE,5,8817,SAUNDRA,HUDSON,KERRY,CLINTON,804,DEMOCRATIC,DEM
GP 2004,19TH DEMOCRATIC DELEGATE,5,8817,SAUNDRA,HUDSON,KERRY,JASPER,465,DEMOCRATIC,DEM
GP 2004,19TH DEMOCRATIC DELEGATE,5,8817,SAUNDRA,HUDSON,KERRY,GREENE,181,DEMOCRATIC,DEM
GP 2004,19TH DEMOCRATIC DELEGATE,5,8817,SAUNDRA,HUDSON,KERRY,JOHNSON,573,DEMOCRATIC,DEM
GP 2004,19TH DEMOCRATIC DELEGATE,5,8817,SAUNDRA,HUDSON,KERRY,WILLIAMSON,95,DEMOCRATIC,DEM
GP 2004,19TH DEMOCRATIC DELEGATE,5,8817,SAUNDRA,HUDSON,KERRY,HAMILTON,572,DEMOCRATIC,DEM
GP 2004,19TH DEMOCRATIC DELEGATE,5,8817,SAUNDRA,HUDSON,KERRY,SHELBY,1161,DEMOCRATIC,DEM
GP 2004,19TH DEMOCRATIC DELEGATE,5,8817,SAUNDRA,HUDSON,KERRY,EDWARDS,100,DEMOCRATIC,DEM
GP 2004,19TH DEMOCRATIC DELEGATE,5,8817,SAUNDRA,HUDSON,KERRY,WHITE,567,DEMOCRATIC,DEM
GP 2004,19TH DEMOCRATIC DELEGATE,5,8817,SAUNDRA,HUDSON,KERRY,FAYETTE,447,DEMOCRATIC,DEM
GP 2004,19TH DEMOCRATIC DELEGATE,5,8817,SAUNDRA,HUDSON,KERRY,MARION,2193,DEMOCRATIC,DEM
GP 2004,19TH DEMOCRATIC DELEGATE,5,8817,SAUNDRA,HUDSON,KERRY,SALINE,951,DEMOCRATIC,DEM
GP 2004,19TH DEMOCRATIC DELEGATE,5,8817,SAUNDRA,HUDSON,KERRY,MASSAC,457,DEMOCRATIC,DEM
GP 2004,19TH DEMOCRATIC DELEGATE,5,8817,SAUNDRA,HUDSON,KERRY,GALLATIN,367,DEMOCRATIC,DEM
GP 2004,19TH DEMOCRATIC DELEGATE,5,8817,SAUNDRA,HUDSON,KERRY,MONTGOMERY,412,DEMOCRATIC,DEM
GP 2004,19TH DEMOCRATIC DELEGATE,5,8817,SAUNDRA,HUDSON,KERRY,JEFFERSON,1322,DEMOCRATIC,DEM
GP 2004,19TH DEMOCRATIC DELEGATE,5,8817,SAUNDRA,HUDSON,KERRY,WABASH,23,DEMOCRATIC,DEM
GP 2004,19TH DEMOCRATIC DELEGATE,5,8817,SAUNDRA,HUDSON,KERRY,MADISON,4550,DEMOCRATIC,DEM
GP 2004,19TH DEMOCRATIC DELEGATE,5,8817,SAUNDRA,HUDSON,KERRY,SANGAMON,1674,DEMOCRATIC,DEM
GP 2004,19TH DEMOCRATIC DELEGATE,5,8817,SAUNDRA,HUDSON,KERRY,EFFINGHAM,815,DEMOCRATIC,DEM
GP 2004,19TH DEMOCRATIC DELEGATE,5,8817,SAUNDRA,HUDSON,KERRY,POPE,287,DEMOCRATIC,DEM
GP 2004,19TH DEMOCRATIC DELEGATE,5,8817,SAUNDRA,HUDSON,KERRY,WAYNE,506,DEMOCRATIC,DEM
GP 2004,19TH DEMOCRATIC DELEGATE,5,8817,SAUNDRA,HUDSON,KERRY,CHRISTIAN,998,DEMOCRATIC,DEM
GP 2004,19TH DEMOCRATIC DELEGATE,5,8817,SAUNDRA,HUDSON,KERRY,LAWRENCE,163,DEMOCRATIC,DEM
GP 2004,19TH DEMOCRATIC DELEGATE,5,8818,"GERALD ""JERRY""",PRINCE,KERRY,CLAY,346,DEMOCRATIC,DEM
GP 2004,19TH DEMOCRATIC DELEGATE,5,8818,"GERALD ""JERRY""",PRINCE,KERRY,HARDIN,248,DEMOCRATIC,DEM
GP 2004,19TH DEMOCRATIC DELEGATE,5,8818,"GERALD ""JERRY""",PRINCE,KERRY,JERSEY,399,DEMOCRATIC,DEM
GP 2004,19TH DEMOCRATIC DELEGATE,5,8818,"GERALD ""JERRY""",PRINCE,KERRY,RICHLAND,345,DEMOCRATIC,DEM
GP 2004,19TH DEMOCRATIC DELEGATE,5,8818,"GERALD ""JERRY""",PRINCE,KERRY,WASHINGTON,755,DEMOCRATIC,DEM
GP 2004,19TH DEMOCRATIC DELEGATE,5,8818,"GERALD ""JERRY""",PRINCE,KERRY,BOND,354,DEMOCRATIC,DEM
GP 2004,19TH DEMOCRATIC DELEGATE,5,8818,"GERALD ""JERRY""",PRINCE,KERRY,CLINTON,795,DEMOCRATIC,DEM
GP 2004,19TH DEMOCRATIC DELEGATE,5,8818,"GERALD ""JERRY""",PRINCE,KERRY,JASPER,455,DEMOCRATIC,DEM
GP 2004,19TH DEMOCRATIC DELEGATE,5,8818,"GERALD ""JERRY""",PRINCE,KERRY,GREENE,187,DEMOCRATIC,DEM
GP 2004,19TH DEMOCRATIC DELEGATE,5,8818,"GERALD ""JERRY""",PRINCE,KERRY,JOHNSON,596,DEMOCRATIC,DEM
GP 2004,19TH DEMOCRATIC DELEGATE,5,8818,"GERALD ""JERRY""",PRINCE,KERRY,WILLIAMSON,88,DEMOCRATIC,DEM
GP 2004,19TH DEMOCRATIC DELEGATE,5,8818,"GERALD ""JERRY""",PRINCE,KERRY,HAMILTON,898,DEMOCRATIC,DEM
GP 2004,19TH DEMOCRATIC DELEGATE,5,8818,"GERALD ""JERRY""",PRINCE,KERRY,SHELBY,1133,DEMOCRATIC,DEM
GP 2004,19TH DEMOCRATIC DELEGATE,5,8818,"GERALD ""JERRY""",PRINCE,KERRY,EDWARDS,100,DEMOCRATIC,DEM
GP 2004,19TH DEMOCRATIC DELEGATE,5,8818,"GERALD ""JERRY""",PRINCE,KERRY,WHITE,564,DEMOCRATIC,DEM
GP 2004,19TH DEMOCRATIC DELEGATE,5,8818,"GERALD ""JERRY""",PRINCE,KERRY,FAYETTE,459,DEMOCRATIC,DEM
GP 2004,19TH DEMOCRATIC DELEGATE,5,8818,"GERALD ""JERRY""",PRINCE,KERRY,MARION,2224,DEMOCRATIC,DEM
GP 2004,19TH DEMOCRATIC DELEGATE,5,8818,"GERALD ""JERRY""",PRINCE,KERRY,SALINE,978,DEMOCRATIC,DEM
GP 2004,19TH DEMOCRATIC DELEGATE,5,8818,"GERALD ""JERRY""",PRINCE,KERRY,MASSAC,441,DEMOCRATIC,DEM
GP 2004,19TH DEMOCRATIC DELEGATE,5,8818,"GERALD ""JERRY""",PRINCE,KERRY,GALLATIN,344,DEMOCRATIC,DEM
GP 2004,19TH DEMOCRATIC DELEGATE,5,8818,"GERALD ""JERRY""",PRINCE,KERRY,MONTGOMERY,391,DEMOCRATIC,DEM
GP 2004,19TH DEMOCRATIC DELEGATE,5,8818,"GERALD ""JERRY""",PRINCE,KERRY,JEFFERSON,1334,DEMOCRATIC,DEM
GP 2004,19TH DEMOCRATIC DELEGATE,5,8818,"GERALD ""JERRY""",PRINCE,KERRY,WABASH,25,DEMOCRATIC,DEM
GP 2004,19TH DEMOCRATIC DELEGATE,5,8818,"GERALD ""JERRY""",PRINCE,KERRY,MADISON,4087,DEMOCRATIC,DEM
GP 2004,19TH DEMOCRATIC DELEGATE,5,8818,"GERALD ""JERRY""",PRINCE,KERRY,SANGAMON,1539,DEMOCRATIC,DEM
GP 2004,19TH DEMOCRATIC DELEGATE,5,8818,"GERALD ""JERRY""",PRINCE,KERRY,EFFINGHAM,829,DEMOCRATIC,DEM
GP 2004,19TH DEMOCRATIC DELEGATE,5,8818,"GERALD ""JERRY""",PRINCE,KERRY,POPE,296,DEMOCRATIC,DEM
GP 2004,19TH DEMOCRATIC DELEGATE,5,8818,"GERALD ""JERRY""",PRINCE,KERRY,WAYNE,512,DEMOCRATIC,DEM
GP 2004,19TH DEMOCRATIC DELEGATE,5,8818,"GERALD ""JERRY""",PRINCE,KERRY,CHRISTIAN,993,DEMOCRATIC,DEM
GP 2004,19TH DEMOCRATIC DELEGATE,5,8818,"GERALD ""JERRY""",PRINCE,KERRY,LAWRENCE,156,DEMOCRATIC,DEM
GP 2004,11TH DEMOCRATIC DELEGATE,5,8819,MARCIA E.,KOEN,BRAUN,LIVINGSTON,0,DEMOCRATIC,DEM
GP 2004,11TH DEMOCRATIC DELEGATE,5,8819,MARCIA E.,KOEN,BRAUN,WOODFORD,4,DEMOCRATIC,DEM
GP 2004,11TH DEMOCRATIC DELEGATE,5,8819,MARCIA E.,KOEN,BRAUN,BUREAU,87,DEMOCRATIC,DEM
GP 2004,11TH DEMOCRATIC DELEGATE,5,8819,MARCIA E.,KOEN,BRAUN,WILL,1369,DEMOCRATIC,DEM
GP 2004,11TH DEMOCRATIC DELEGATE,5,8819,MARCIA E.,KOEN,BRAUN,GRUNDY,171,DEMOCRATIC,DEM
GP 2004,11TH DEMOCRATIC DELEGATE,5,8819,MARCIA E.,KOEN,BRAUN,LaSALLE,259,DEMOCRATIC,DEM
GP 2004,11TH DEMOCRATIC DELEGATE,5,8819,MARCIA E.,KOEN,BRAUN,KANKAKEE,623,DEMOCRATIC,DEM
GP 2004,11TH DEMOCRATIC DELEGATE,5,8819,MARCIA E.,KOEN,BRAUN,McLEAN,274,DEMOCRATIC,DEM
GP 2004,11TH DEMOCRATIC DELEGATE,5,8820,FRANCESCA,KING,BRAUN,LIVINGSTON,1,DEMOCRATIC,DEM
GP 2004,11TH DEMOCRATIC DELEGATE,5,8820,FRANCESCA,KING,BRAUN,WOODFORD,5,DEMOCRATIC,DEM
GP 2004,11TH DEMOCRATIC DELEGATE,5,8820,FRANCESCA,KING,BRAUN,BUREAU,60,DEMOCRATIC,DEM
GP 2004,11TH DEMOCRATIC DELEGATE,5,8820,FRANCESCA,KING,BRAUN,WILL,1245,DEMOCRATIC,DEM
GP 2004,11TH DEMOCRATIC DELEGATE,5,8820,FRANCESCA,KING,BRAUN,GRUNDY,110,DEMOCRATIC,DEM
GP 2004,11TH DEMOCRATIC DELEGATE,5,8820,FRANCESCA,KING,BRAUN,LaSALLE,159,DEMOCRATIC,DEM
GP 2004,11TH DEMOCRATIC DELEGATE,5,8820,FRANCESCA,KING,BRAUN,KANKAKEE,555,DEMOCRATIC,DEM
GP 2004,11TH DEMOCRATIC DELEGATE,5,8820,FRANCESCA,KING,BRAUN,McLEAN,234,DEMOCRATIC,DEM
GP 2004,4TH DEMOCRATIC DELEGATE,4,8822,MIKE,FLORES,BRAUN,COOK,1672,DEMOCRATIC,DEM
GP 2004,4TH DEMOCRATIC DELEGATE,4,8823,AVIVA,PATT,BRAUN,COOK,458,DEMOCRATIC,DEM
GP 2004,4TH DEMOCRATIC DELEGATE,4,8824,JESSE RUBEN,JUAREZ,BRAUN,COOK,1257,DEMOCRATIC,DEM
GP 2004,4TH DEMOCRATIC DELEGATE,4,8825,SALLY,JOHNSON,BRAUN,COOK,975,DEMOCRATIC,DEM
GP 2004,19TH DEMOCRATIC ALTERNATE DELEGATE,1,8826,SUSAN R.,SHEA,KERRY,CLAY,625,DEMOCRATIC,DEM
GP 2004,19TH DEMOCRATIC ALTERNATE DELEGATE,1,8826,SUSAN R.,SHEA,KERRY,HARDIN,70,DEMOCRATIC,DEM
GP 2004,19TH DEMOCRATIC ALTERNATE DELEGATE,1,8826,SUSAN R.,SHEA,KERRY,JERSEY,627,DEMOCRATIC,DEM
GP 2004,19TH DEMOCRATIC ALTERNATE DELEGATE,1,8826,SUSAN R.,SHEA,KERRY,RICHLAND,607,DEMOCRATIC,DEM
GP 2004,19TH DEMOCRATIC ALTERNATE DELEGATE,1,8826,SUSAN R.,SHEA,KERRY,WASHINGTON,810,DEMOCRATIC,DEM
GP 2004,19TH DEMOCRATIC ALTERNATE DELEGATE,1,8826,SUSAN R.,SHEA,KERRY,BOND,596,DEMOCRATIC,DEM
GP 2004,19TH DEMOCRATIC ALTERNATE DELEGATE,1,8826,SUSAN R.,SHEA,KERRY,CLINTON,875,DEMOCRATIC,DEM
GP 2004,19TH DEMOCRATIC ALTERNATE DELEGATE,1,8826,SUSAN R.,SHEA,KERRY,JASPER,466,DEMOCRATIC,DEM
GP 2004,19TH DEMOCRATIC ALTERNATE DELEGATE,1,8826,SUSAN R.,SHEA,KERRY,GREENE,424,DEMOCRATIC,DEM
GP 2004,19TH DEMOCRATIC ALTERNATE DELEGATE,1,8826,SUSAN R.,SHEA,KERRY,JOHNSON,631,DEMOCRATIC,DEM
GP 2004,19TH DEMOCRATIC ALTERNATE DELEGATE,1,8826,SUSAN R.,SHEA,KERRY,WILLIAMSON,132,DEMOCRATIC,DEM
GP 2004,19TH DEMOCRATIC ALTERNATE DELEGATE,1,8826,SUSAN R.,SHEA,KERRY,HAMILTON,750,DEMOCRATIC,DEM
GP 2004,19TH DEMOCRATIC ALTERNATE DELEGATE,1,8826,SUSAN R.,SHEA,KERRY,SHELBY,1209,DEMOCRATIC,DEM
GP 2004,19TH DEMOCRATIC ALTERNATE DELEGATE,1,8826,SUSAN R.,SHEA,KERRY,EDWARDS,140,DEMOCRATIC,DEM
GP 2004,19TH DEMOCRATIC ALTERNATE DELEGATE,1,8826,SUSAN R.,SHEA,KERRY,WHITE,606,DEMOCRATIC,DEM
GP 2004,19TH DEMOCRATIC ALTERNATE DELEGATE,1,8826,SUSAN R.,SHEA,KERRY,FAYETTE,743,DEMOCRATIC,DEM
GP 2004,19TH DEMOCRATIC ALTERNATE DELEGATE,1,8826,SUSAN R.,SHEA,KERRY,MARION,2496,DEMOCRATIC,DEM
GP 2004,19TH DEMOCRATIC ALTERNATE DELEGATE,1,8826,SUSAN R.,SHEA,KERRY,SALINE,1457,DEMOCRATIC,DEM
GP 2004,19TH DEMOCRATIC ALTERNATE DELEGATE,1,8826,SUSAN R.,SHEA,KERRY,MASSAC,582,DEMOCRATIC,DEM
GP 2004,19TH DEMOCRATIC ALTERNATE DELEGATE,1,8826,SUSAN R.,SHEA,KERRY,GALLATIN,673,DEMOCRATIC,DEM
GP 2004,19TH DEMOCRATIC ALTERNATE DELEGATE,1,8826,SUSAN R.,SHEA,KERRY,MONTGOMERY,644,DEMOCRATIC,DEM
GP 2004,19TH DEMOCRATIC ALTERNATE DELEGATE,1,8826,SUSAN R.,SHEA,KERRY,JEFFERSON,1504,DEMOCRATIC,DEM
GP 2004,19TH DEMOCRATIC ALTERNATE DELEGATE,1,8826,SUSAN R.,SHEA,KERRY,WABASH,54,DEMOCRATIC,DEM
GP 2004,19TH DEMOCRATIC ALTERNATE DELEGATE,1,8826,SUSAN R.,SHEA,KERRY,MADISON,6476,DEMOCRATIC,DEM
GP 2004,19TH DEMOCRATIC ALTERNATE DELEGATE,1,8826,SUSAN R.,SHEA,KERRY,SANGAMON,2465,DEMOCRATIC,DEM
GP 2004,19TH DEMOCRATIC ALTERNATE DELEGATE,1,8826,SUSAN R.,SHEA,KERRY,EFFINGHAM,1383,DEMOCRATIC,DEM
GP 2004,19TH DEMOCRATIC ALTERNATE DELEGATE,1,8826,SUSAN R.,SHEA,KERRY,POPE,306,DEMOCRATIC,DEM
GP 2004,19TH DEMOCRATIC ALTERNATE DELEGATE,1,8826,SUSAN R.,SHEA,KERRY,WAYNE,513,DEMOCRATIC,DEM
GP 2004,19TH DEMOCRATIC ALTERNATE DELEGATE,1,8826,SUSAN R.,SHEA,KERRY,CHRISTIAN,1939,DEMOCRATIC,DEM
GP 2004,19TH DEMOCRATIC ALTERNATE DELEGATE,1,8826,SUSAN R.,SHEA,KERRY,LAWRENCE,182,DEMOCRATIC,DEM
GP 2004,10TH DEMOCRATIC DELEGATE,5,8827,MIKE,CRAWLEY,BRAUN,LAKE,450,DEMOCRATIC,DEM
GP 2004,10TH DEMOCRATIC DELEGATE,5,8827,MIKE,CRAWLEY,BRAUN,COOK,219,DEMOCRATIC,DEM
GP 2004,10TH DEMOCRATIC DELEGATE,5,8828,PAT,JONES,BRAUN,LAKE,1786,DEMOCRATIC,DEM
GP 2004,10TH DEMOCRATIC DELEGATE,5,8828,PAT,JONES,BRAUN,COOK,354,DEMOCRATIC,DEM
GP 2004,10TH DEMOCRATIC DELEGATE,5,8829,SAM,CUNNINGHAM,BRAUN,LAKE,1663,DEMOCRATIC,DEM
GP 2004,10TH DEMOCRATIC DELEGATE,5,8829,SAM,CUNNINGHAM,BRAUN,COOK,268,DEMOCRATIC,DEM
GP 2004,10TH DEMOCRATIC DELEGATE,5,8830,AUDREY,NIXON,BRAUN,LAKE,1933,DEMOCRATIC,DEM
GP 2004,10TH DEMOCRATIC DELEGATE,5,8830,AUDREY,NIXON,BRAUN,COOK,292,DEMOCRATIC,DEM
GP 2004,10TH DEMOCRATIC DELEGATE,5,8831,MARY R.,CUNNINGHAM,BRAUN,LAKE,1585,DEMOCRATIC,DEM
GP 2004,10TH DEMOCRATIC DELEGATE,5,8831,MARY R.,CUNNINGHAM,BRAUN,COOK,487,DEMOCRATIC,DEM
GP 2004,10TH DEMOCRATIC ALTERNATE DELEGATE,1,8832,MARIO,BARTOLETTI,BRAUN,LAKE,1017,DEMOCRATIC,DEM
GP 2004,10TH DEMOCRATIC ALTERNATE DELEGATE,1,8832,MARIO,BARTOLETTI,BRAUN,COOK,518,DEMOCRATIC,DEM
GP 2004,7TH DEMOCRATIC DELEGATE,8,8834,CHRISTINE K.,COOK,BRAUN,COOK,4514,DEMOCRATIC,DEM
GP 2004,7TH DEMOCRATIC DELEGATE,8,8835,MICHAEL J.,FITZGERALD,BRAUN,COOK,6574,DEMOCRATIC,DEM
GP 2004,7TH DEMOCRATIC DELEGATE,8,8836,BOBBIE L.,STEELE,BRAUN,COOK,9074,DEMOCRATIC,DEM
GP 2004,7TH DEMOCRATIC DELEGATE,8,8837,CALVIN,GILES,BRAUN,COOK,5579,DEMOCRATIC,DEM
GP 2004,7TH DEMOCRATIC DELEGATE,8,8838,JOYCE,WASHINGTON,BRAUN,COOK,8090,DEMOCRATIC,DEM
GP 2004,7TH DEMOCRATIC DELEGATE,8,8839,JOHN,TROELSTRUP,BRAUN,COOK,3857,DEMOCRATIC,DEM
GP 2004,7TH DEMOCRATIC DELEGATE,8,8840,MATTIE,HUNTER,BRAUN,COOK,5703,DEMOCRATIC,DEM
GP 2004,4TH DEMOCRATIC ALTERNATE DELEGATE,1,8841,WILLIAM,BENNETT,BRAUN,COOK,1954,DEMOCRATIC,DEM
GP 2004,14TH DEMOCRATIC DELEGATE,4,8842,AVIS MILLER,PATTERSON,BRAUN,BUREAU,0,DEMOCRATIC,DEM
GP 2004,14TH DEMOCRATIC DELEGATE,4,8842,AVIS MILLER,PATTERSON,BRAUN,LEE,8,DEMOCRATIC,DEM
GP 2004,14TH DEMOCRATIC DELEGATE,4,8842,AVIS MILLER,PATTERSON,BRAUN,WHITESIDE,1,DEMOCRATIC,DEM
GP 2004,14TH DEMOCRATIC DELEGATE,4,8842,AVIS MILLER,PATTERSON,BRAUN,HENRY,6,DEMOCRATIC,DEM
GP 2004,14TH DEMOCRATIC DELEGATE,4,8842,AVIS MILLER,PATTERSON,BRAUN,KENDALL,27,DEMOCRATIC,DEM
GP 2004,14TH DEMOCRATIC DELEGATE,4,8842,AVIS MILLER,PATTERSON,BRAUN,KANE,420,DEMOCRATIC,DEM
GP 2004,14TH DEMOCRATIC DELEGATE,4,8842,AVIS MILLER,PATTERSON,BRAUN,DeKALB,106,DEMOCRATIC,DEM
GP 2004,14TH DEMOCRATIC DELEGATE,4,8842,AVIS MILLER,PATTERSON,BRAUN,DuPAGE,51,DEMOCRATIC,DEM
GP 2004,14TH DEMOCRATIC DELEGATE,4,8843,SHERMAN,BLAIR,BRAUN,BUREAU,1,DEMOCRATIC,DEM
GP 2004,14TH DEMOCRATIC DELEGATE,4,8843,SHERMAN,BLAIR,BRAUN,LEE,10,DEMOCRATIC,DEM
GP 2004,14TH DEMOCRATIC DELEGATE,4,8843,SHERMAN,BLAIR,BRAUN,WHITESIDE,2,DEMOCRATIC,DEM
GP 2004,14TH DEMOCRATIC DELEGATE,4,8843,SHERMAN,BLAIR,BRAUN,HENRY,16,DEMOCRATIC,DEM
GP 2004,14TH DEMOCRATIC DELEGATE,4,8843,SHERMAN,BLAIR,BRAUN,KENDALL,28,DEMOCRATIC,DEM
GP 2004,14TH DEMOCRATIC DELEGATE,4,8843,SHERMAN,BLAIR,BRAUN,KANE,234,DEMOCRATIC,DEM
GP 2004,14TH DEMOCRATIC DELEGATE,4,8843,SHERMAN,BLAIR,BRAUN,DeKALB,124,DEMOCRATIC,DEM
GP 2004,14TH DEMOCRATIC DELEGATE,4,8843,SHERMAN,BLAIR,BRAUN,DuPAGE,64,DEMOCRATIC,DEM
GP 2004,14TH DEMOCRATIC DELEGATE,4,8844,CHRISTINE,ZOLLERS,BRAUN,BUREAU,1,DEMOCRATIC,DEM
GP 2004,14TH DEMOCRATIC DELEGATE,4,8844,CHRISTINE,ZOLLERS,BRAUN,LEE,11,DEMOCRATIC,DEM
GP 2004,14TH DEMOCRATIC DELEGATE,4,8844,CHRISTINE,ZOLLERS,BRAUN,WHITESIDE,1,DEMOCRATIC,DEM
GP 2004,14TH DEMOCRATIC DELEGATE,4,8844,CHRISTINE,ZOLLERS,BRAUN,HENRY,9,DEMOCRATIC,DEM
GP 2004,14TH DEMOCRATIC DELEGATE,4,8844,CHRISTINE,ZOLLERS,BRAUN,KENDALL,36,DEMOCRATIC,DEM
GP 2004,14TH DEMOCRATIC DELEGATE,4,8844,CHRISTINE,ZOLLERS,BRAUN,KANE,328,DEMOCRATIC,DEM
GP 2004,14TH DEMOCRATIC DELEGATE,4,8844,CHRISTINE,ZOLLERS,BRAUN,DeKALB,137,DEMOCRATIC,DEM
GP 2004,14TH DEMOCRATIC DELEGATE,4,8844,CHRISTINE,ZOLLERS,BRAUN,DuPAGE,77,DEMOCRATIC,DEM
GP 2004,7TH DEMOCRATIC ALTERNATE DELEGATE,1,8845,TUMIA,ROMERO,BRAUN,COOK,7610,DEMOCRATIC,DEM
GP 2004,5TH DEMOCRATIC DELEGATE,6,8847,M. BLAIR,HULL,BRAUN,COOK,2746,DEMOCRATIC,DEM
GP 2004,5TH DEMOCRATIC DELEGATE,6,8848,MARY,BENNETT,BRAUN,COOK,910,DEMOCRATIC,DEM
GP 2004,5TH DEMOCRATIC DELEGATE,6,8850,NANCY,SKINNER,BRAUN,COOK,1694,DEMOCRATIC,DEM
GP 2004,5TH DEMOCRATIC DELEGATE,6,8851,BRIAN,O'CONNOR,BRAUN,COOK,1963,DEMOCRATIC,DEM
GP 2004,9TH DEMOCRATIC DELEGATE,6,8852,DEON,LOPEZ,BRAUN,COOK,1401,DEMOCRATIC,DEM
GP 2004,9TH DEMOCRATIC DELEGATE,6,8853,HIMAL P.,AGARWAL,BRAUN,COOK,856,DEMOCRATIC,DEM
GP 2004,9TH DEMOCRATIC DELEGATE,6,8854,KAREN,BOEHNING,BRAUN,COOK,1024,DEMOCRATIC,DEM
GP 2004,9TH DEMOCRATIC DELEGATE,6,8855,MICHAEL J.,HARRINGTON,BRAUN,COOK,1641,DEMOCRATIC,DEM
GP 2004,9TH DEMOCRATIC DELEGATE,6,8856,AUDREY,AVILA,BRAUN,COOK,3293,DEMOCRATIC,DEM
GP 2004,9TH DEMOCRATIC DELEGATE,6,8857,MOTI,AGARWAL,BRAUN,COOK,1885,DEMOCRATIC,DEM
GP 2004,2ND DEMOCRATIC DELEGATE,8,8858,WILLIAM M.,BEAVERS,BRAUN,WILL,142,DEMOCRATIC,DEM
GP 2004,2ND DEMOCRATIC DELEGATE,8,8858,WILLIAM M.,BEAVERS,BRAUN,COOK,12878,DEMOCRATIC,DEM
GP 2004,2ND DEMOCRATIC DELEGATE,8,8859,DOROTHY,JAMES,BRAUN,WILL,163,DEMOCRATIC,DEM
GP 2004,2ND DEMOCRATIC DELEGATE,8,8859,DOROTHY,JAMES,BRAUN,COOK,11192,DEMOCRATIC,DEM
GP 2004,2ND DEMOCRATIC DELEGATE,8,8861,DIANE,PHILLIPS,BRAUN,WILL,144,DEMOCRATIC,DEM
GP 2004,2ND DEMOCRATIC DELEGATE,8,8861,DIANE,PHILLIPS,BRAUN,COOK,8889,DEMOCRATIC,DEM
GP 2004,2ND DEMOCRATIC DELEGATE,8,8862,DONNE,TROTTER,BRAUN,WILL,181,DEMOCRATIC,DEM
GP 2004,2ND DEMOCRATIC DELEGATE,8,8862,DONNE,TROTTER,BRAUN,COOK,13742,DEMOCRATIC,DEM
GP 2004,2ND DEMOCRATIC DELEGATE,8,8863,DOROTHY,BROWN,BRAUN,WILL,352,DEMOCRATIC,DEM
GP 2004,2ND DEMOCRATIC DELEGATE,8,8863,DOROTHY,BROWN,BRAUN,COOK,23128,DEMOCRATIC,DEM
GP 2004,2ND DEMOCRATIC DELEGATE,8,8864,WILLIAM,SHAW,BRAUN,WILL,220,DEMOCRATIC,DEM
GP 2004,2ND DEMOCRATIC DELEGATE,8,8864,WILLIAM,SHAW,BRAUN,COOK,23673,DEMOCRATIC,DEM
GP 2004,2ND DEMOCRATIC DELEGATE,8,8865,CARRIE,AUSTIN,BRAUN,WILL,167,DEMOCRATIC,DEM
GP 2004,2ND DEMOCRATIC DELEGATE,8,8865,CARRIE,AUSTIN,BRAUN,COOK,20154,DEMOCRATIC,DEM
GP 2004,9TH DEMOCRATIC ALTERNATE DELEGATE,1,8866,BEATRICE,TURNER,BRAUN,COOK,3062,DEMOCRATIC,DEM
GP 2004,2ND DEMOCRATIC ALTERNATE DELEGATE,1,8867,CALVIN,JORDAN,BRAUN,WILL,347,DEMOCRATIC,DEM
GP 2004,2ND DEMOCRATIC ALTERNATE DELEGATE,1,8867,CALVIN,JORDAN,BRAUN,COOK,25531,DEMOCRATIC,DEM
GP 2004,8TH DEMOCRATIC DELEGATE,4,8868,DARWIN,AIROLA,BRAUN,LAKE,256,DEMOCRATIC,DEM
GP 2004,8TH DEMOCRATIC DELEGATE,4,8868,DARWIN,AIROLA,BRAUN,McHENRY,57,DEMOCRATIC,DEM
GP 2004,8TH DEMOCRATIC DELEGATE,4,8868,DARWIN,AIROLA,BRAUN,COOK,136,DEMOCRATIC,DEM
GP 2004,8TH DEMOCRATIC DELEGATE,4,8869,CAROLYN HAMEEDAH,CARR,BRAUN,LAKE,405,DEMOCRATIC,DEM
GP 2004,8TH DEMOCRATIC DELEGATE,4,8869,CAROLYN HAMEEDAH,CARR,BRAUN,McHENRY,119,DEMOCRATIC,DEM
GP 2004,8TH DEMOCRATIC DELEGATE,4,8869,CAROLYN HAMEEDAH,CARR,BRAUN,COOK,191,DEMOCRATIC,DEM
GP 2004,8TH DEMOCRATIC DELEGATE,4,8870,KATHRYN,JOHNSON,BRAUN,LAKE,705,DEMOCRATIC,DEM
GP 2004,8TH DEMOCRATIC DELEGATE,4,8870,KATHRYN,JOHNSON,BRAUN,McHENRY,182,DEMOCRATIC,DEM
GP 2004,8TH DEMOCRATIC DELEGATE,4,8870,KATHRYN,JOHNSON,BRAUN,COOK,219,DEMOCRATIC,DEM
GP 2004,4TH DEMOCRATIC DELEGATE,4,8871,ANGELINA,BECERRA,LIEBERMAN,COOK,935,DEMOCRATIC,DEM
GP 2004,4TH DEMOCRATIC DELEGATE,4,8872,PEDRO,FERRAL,LIEBERMAN,COOK,564,DEMOCRATIC,DEM
GP 2004,4TH DEMOCRATIC DELEGATE,4,8873,ROBERT,NEWGARD,LIEBERMAN,COOK,545,DEMOCRATIC,DEM
GP 2004,3RD DEMOCRATIC DELEGATE,6,8874,LENORE,GOODFRIEND,LIEBERMAN,COOK,4508,DEMOCRATIC,DEM
GP 2004,3RD DEMOCRATIC DELEGATE,6,8875,CHRISTOPHER,JUTTON,LIEBERMAN,COOK,3988,DEMOCRATIC,DEM
GP 2004,3RD DEMOCRATIC DELEGATE,6,8876,"JOHN ""JACK""",NEVEN,LIEBERMAN,COOK,4314,DEMOCRATIC,DEM
GP 2004,3RD DEMOCRATIC DELEGATE,6,8877,MARY JO,NOONAN,LIEBERMAN,COOK,4934,DEMOCRATIC,DEM
GP 2004,3RD DEMOCRATIC DELEGATE,6,8878,DAVID,TOPPS,LIEBERMAN,COOK,3910,DEMOCRATIC,DEM
GP 2004,3RD DEMOCRATIC DELEGATE,6,8879,DIANE,VIVERITO,LIEBERMAN,COOK,4978,DEMOCRATIC,DEM
GP 2004,10TH DEMOCRATIC DELEGATE,5,8880,SANDRA,KIFERBAUM,LIEBERMAN,LAKE,835,DEMOCRATIC,DEM
GP 2004,10TH DEMOCRATIC DELEGATE,5,8880,SANDRA,KIFERBAUM,LIEBERMAN,COOK,1033,DEMOCRATIC,DEM
GP 2004,13TH DEMOCRATIC DELEGATE,4,8881,PAULA,BELMONT,LIEBERMAN,WILL,346,DEMOCRATIC,DEM
GP 2004,13TH DEMOCRATIC DELEGATE,4,8881,PAULA,BELMONT,LIEBERMAN,COOK,233,DEMOCRATIC,DEM
GP 2004,13TH DEMOCRATIC DELEGATE,4,8881,PAULA,BELMONT,LIEBERMAN,DuPAGE,803,DEMOCRATIC,DEM
GP 2004,13TH DEMOCRATIC DELEGATE,4,8882,JOE,CAMARDO,LIEBERMAN,WILL,320,DEMOCRATIC,DEM
GP 2004,13TH DEMOCRATIC DELEGATE,4,8882,JOE,CAMARDO,LIEBERMAN,COOK,201,DEMOCRATIC,DEM
GP 2004,13TH DEMOCRATIC DELEGATE,4,8882,JOE,CAMARDO,LIEBERMAN,DuPAGE,670,DEMOCRATIC,DEM
GP 2004,13TH DEMOCRATIC DELEGATE,4,8883,ROBERT,JONES,LIEBERMAN,WILL,339,DEMOCRATIC,DEM
GP 2004,13TH DEMOCRATIC DELEGATE,4,8883,ROBERT,JONES,LIEBERMAN,COOK,174,DEMOCRATIC,DEM
GP 2004,13TH DEMOCRATIC DELEGATE,4,8883,ROBERT,JONES,LIEBERMAN,DuPAGE,608,DEMOCRATIC,DEM
GP 2004,3RD DEMOCRATIC ALTERNATE DELEGATE,1,8884,LAURA LEE,NIECIAK,LIEBERMAN,COOK,5652,DEMOCRATIC,DEM
GP 2004,8TH DEMOCRATIC DELEGATE,4,8885,PHILLIP,LEVSKY,LIEBERMAN,LAKE,600,DEMOCRATIC,DEM
GP 2004,8TH DEMOCRATIC DELEGATE,4,8885,PHILLIP,LEVSKY,LIEBERMAN,McHENRY,121,DEMOCRATIC,DEM
GP 2004,8TH DEMOCRATIC DELEGATE,4,8885,PHILLIP,LEVSKY,LIEBERMAN,COOK,182,DEMOCRATIC,DEM
GP 2004,8TH DEMOCRATIC DELEGATE,4,8886,CHRISTINE,O'MALLEY,LIEBERMAN,LAKE,1614,DEMOCRATIC,DEM
GP 2004,8TH DEMOCRATIC DELEGATE,4,8886,CHRISTINE,O'MALLEY,LIEBERMAN,McHENRY,382,DEMOCRATIC,DEM
GP 2004,8TH DEMOCRATIC DELEGATE,4,8886,CHRISTINE,O'MALLEY,LIEBERMAN,COOK,357,DEMOCRATIC,DEM
GP 2004,8TH DEMOCRATIC DELEGATE,4,8887,MICHAEL,ZIMMERMAN,LIEBERMAN,LAKE,625,DEMOCRATIC,DEM
GP 2004,8TH DEMOCRATIC DELEGATE,4,8887,MICHAEL,ZIMMERMAN,LIEBERMAN,McHENRY,175,DEMOCRATIC,DEM
GP 2004,8TH DEMOCRATIC DELEGATE,4,8887,MICHAEL,ZIMMERMAN,LIEBERMAN,COOK,214,DEMOCRATIC,DEM
GP 2004,8TH DEMOCRATIC DELEGATE,4,8888,SHARON,ZIMMERMAN,LIEBERMAN,LAKE,558,DEMOCRATIC,DEM
GP 2004,8TH DEMOCRATIC DELEGATE,4,8888,SHARON,ZIMMERMAN,LIEBERMAN,McHENRY,178,DEMOCRATIC,DEM
GP 2004,8TH DEMOCRATIC DELEGATE,4,8888,SHARON,ZIMMERMAN,LIEBERMAN,COOK,199,DEMOCRATIC,DEM
GP 2004,13TH DEMOCRATIC DELEGATE,4,8889,SUSAN,PELOZI,LIEBERMAN,WILL,515,DEMOCRATIC,DEM
GP 2004,13TH DEMOCRATIC DELEGATE,4,8889,SUSAN,PELOZI,LIEBERMAN,COOK,239,DEMOCRATIC,DEM
GP 2004,13TH DEMOCRATIC DELEGATE,4,8889,SUSAN,PELOZI,LIEBERMAN,DuPAGE,958,DEMOCRATIC,DEM
GP 2004,8TH DEMOCRATIC ALTERNATE DELEGATE,1,8890,GERARD J.,HOUSE,LIEBERMAN,LAKE,835,DEMOCRATIC,DEM
GP 2004,8TH DEMOCRATIC ALTERNATE DELEGATE,1,8890,GERARD J.,HOUSE,LIEBERMAN,McHENRY,183,DEMOCRATIC,DEM
GP 2004,8TH DEMOCRATIC ALTERNATE DELEGATE,1,8890,GERARD J.,HOUSE,LIEBERMAN,COOK,419,DEMOCRATIC,DEM
GP 2004,15TH DEMOCRATIC DELEGATE,5,8891,DAVID,BRAUN,LIEBERMAN,EDGAR,9,DEMOCRATIC,DEM
GP 2004,15TH DEMOCRATIC DELEGATE,5,8891,DAVID,BRAUN,LIEBERMAN,FORD,13,DEMOCRATIC,DEM
GP 2004,15TH DEMOCRATIC DELEGATE,5,8891,DAVID,BRAUN,LIEBERMAN,IROQUOIS,35,DEMOCRATIC,DEM
GP 2004,15TH DEMOCRATIC DELEGATE,5,8891,DAVID,BRAUN,LIEBERMAN,LIVINGSTON,11,DEMOCRATIC,DEM
GP 2004,15TH DEMOCRATIC DELEGATE,5,8891,DAVID,BRAUN,LIEBERMAN,PIATT,15,DEMOCRATIC,DEM
GP 2004,15TH DEMOCRATIC DELEGATE,5,8891,DAVID,BRAUN,LIEBERMAN,DOUGLAS,40,DEMOCRATIC,DEM
GP 2004,15TH DEMOCRATIC DELEGATE,5,8891,DAVID,BRAUN,LIEBERMAN,COLES,88,DEMOCRATIC,DEM
GP 2004,15TH DEMOCRATIC DELEGATE,5,8891,DAVID,BRAUN,LIEBERMAN,EDWARDS,0,DEMOCRATIC,DEM
GP 2004,15TH DEMOCRATIC DELEGATE,5,8891,DAVID,BRAUN,LIEBERMAN,WHITE,23,DEMOCRATIC,DEM
GP 2004,15TH DEMOCRATIC DELEGATE,5,8891,DAVID,BRAUN,LIEBERMAN,CRAWFORD,49,DEMOCRATIC,DEM
GP 2004,15TH DEMOCRATIC DELEGATE,5,8891,DAVID,BRAUN,LIEBERMAN,SALINE,21,DEMOCRATIC,DEM
GP 2004,15TH DEMOCRATIC DELEGATE,5,8891,DAVID,BRAUN,LIEBERMAN,CLARK,9,DEMOCRATIC,DEM
GP 2004,15TH DEMOCRATIC DELEGATE,5,8891,DAVID,BRAUN,LIEBERMAN,GALLATIN,5,DEMOCRATIC,DEM
GP 2004,15TH DEMOCRATIC DELEGATE,5,8891,DAVID,BRAUN,LIEBERMAN,WABASH,13,DEMOCRATIC,DEM
GP 2004,15TH DEMOCRATIC DELEGATE,5,8891,DAVID,BRAUN,LIEBERMAN,CHAMPAIGN,128,DEMOCRATIC,DEM
GP 2004,15TH DEMOCRATIC DELEGATE,5,8891,DAVID,BRAUN,LIEBERMAN,MACON,75,DEMOCRATIC,DEM
GP 2004,15TH DEMOCRATIC DELEGATE,5,8891,DAVID,BRAUN,LIEBERMAN,MOULTRIE,41,DEMOCRATIC,DEM
GP 2004,15TH DEMOCRATIC DELEGATE,5,8891,DAVID,BRAUN,LIEBERMAN,CUMBERLAND,54,DEMOCRATIC,DEM
GP 2004,15TH DEMOCRATIC DELEGATE,5,8891,DAVID,BRAUN,LIEBERMAN,LAWRENCE,35,DEMOCRATIC,DEM
GP 2004,15TH DEMOCRATIC DELEGATE,5,8891,DAVID,BRAUN,LIEBERMAN,DeWITT,20,DEMOCRATIC,DEM
GP 2004,15TH DEMOCRATIC DELEGATE,5,8891,DAVID,BRAUN,LIEBERMAN,McLEAN,136,DEMOCRATIC,DEM
GP 2004,15TH DEMOCRATIC DELEGATE,5,8891,DAVID,BRAUN,LIEBERMAN,VERMILION,154,DEMOCRATIC,DEM
GP 2004,15TH DEMOCRATIC DELEGATE,5,8892,ALLISON,GETTY,LIEBERMAN,EDGAR,6,DEMOCRATIC,DEM
GP 2004,15TH DEMOCRATIC DELEGATE,5,8892,ALLISON,GETTY,LIEBERMAN,FORD,7,DEMOCRATIC,DEM
GP 2004,15TH DEMOCRATIC DELEGATE,5,8892,ALLISON,GETTY,LIEBERMAN,IROQUOIS,28,DEMOCRATIC,DEM
GP 2004,15TH DEMOCRATIC DELEGATE,5,8892,ALLISON,GETTY,LIEBERMAN,LIVINGSTON,7,DEMOCRATIC,DEM
GP 2004,15TH DEMOCRATIC DELEGATE,5,8892,ALLISON,GETTY,LIEBERMAN,PIATT,10,DEMOCRATIC,DEM
GP 2004,15TH DEMOCRATIC DELEGATE,5,8892,ALLISON,GETTY,LIEBERMAN,DOUGLAS,27,DEMOCRATIC,DEM
GP 2004,15TH DEMOCRATIC DELEGATE,5,8892,ALLISON,GETTY,LIEBERMAN,COLES,55,DEMOCRATIC,DEM
GP 2004,15TH DEMOCRATIC DELEGATE,5,8892,ALLISON,GETTY,LIEBERMAN,EDWARDS,0,DEMOCRATIC,DEM
GP 2004,15TH DEMOCRATIC DELEGATE,5,8892,ALLISON,GETTY,LIEBERMAN,WHITE,19,DEMOCRATIC,DEM
GP 2004,15TH DEMOCRATIC DELEGATE,5,8892,ALLISON,GETTY,LIEBERMAN,CRAWFORD,26,DEMOCRATIC,DEM
GP 2004,15TH DEMOCRATIC DELEGATE,5,8892,ALLISON,GETTY,LIEBERMAN,SALINE,16,DEMOCRATIC,DEM
GP 2004,15TH DEMOCRATIC DELEGATE,5,8892,ALLISON,GETTY,LIEBERMAN,CLARK,10,DEMOCRATIC,DEM
GP 2004,15TH DEMOCRATIC DELEGATE,5,8892,ALLISON,GETTY,LIEBERMAN,GALLATIN,4,DEMOCRATIC,DEM
GP 2004,15TH DEMOCRATIC DELEGATE,5,8892,ALLISON,GETTY,LIEBERMAN,WABASH,10,DEMOCRATIC,DEM
GP 2004,15TH DEMOCRATIC DELEGATE,5,8892,ALLISON,GETTY,LIEBERMAN,CHAMPAIGN,130,DEMOCRATIC,DEM
GP 2004,15TH DEMOCRATIC DELEGATE,5,8892,ALLISON,GETTY,LIEBERMAN,MACON,63,DEMOCRATIC,DEM
GP 2004,15TH DEMOCRATIC DELEGATE,5,8892,ALLISON,GETTY,LIEBERMAN,MOULTRIE,25,DEMOCRATIC,DEM
GP 2004,15TH DEMOCRATIC DELEGATE,5,8892,ALLISON,GETTY,LIEBERMAN,CUMBERLAND,33,DEMOCRATIC,DEM
GP 2004,15TH DEMOCRATIC DELEGATE,5,8892,ALLISON,GETTY,LIEBERMAN,LAWRENCE,20,DEMOCRATIC,DEM
GP 2004,15TH DEMOCRATIC DELEGATE,5,8892,ALLISON,GETTY,LIEBERMAN,DeWITT,11,DEMOCRATIC,DEM
GP 2004,15TH DEMOCRATIC DELEGATE,5,8892,ALLISON,GETTY,LIEBERMAN,McLEAN,117,DEMOCRATIC,DEM
GP 2004,15TH DEMOCRATIC DELEGATE,5,8892,ALLISON,GETTY,LIEBERMAN,VERMILION,89,DEMOCRATIC,DEM
GP 2004,15TH DEMOCRATIC DELEGATE,5,8893,DOROTHEA,KILGORE,LIEBERMAN,EDGAR,3,DEMOCRATIC,DEM
GP 2004,15TH DEMOCRATIC DELEGATE,5,8893,DOROTHEA,KILGORE,LIEBERMAN,FORD,7,DEMOCRATIC,DEM
GP 2004,15TH DEMOCRATIC DELEGATE,5,8893,DOROTHEA,KILGORE,LIEBERMAN,IROQUOIS,31,DEMOCRATIC,DEM
GP 2004,15TH DEMOCRATIC DELEGATE,5,8893,DOROTHEA,KILGORE,LIEBERMAN,LIVINGSTON,8,DEMOCRATIC,DEM
GP 2004,15TH DEMOCRATIC DELEGATE,5,8893,DOROTHEA,KILGORE,LIEBERMAN,PIATT,14,DEMOCRATIC,DEM
GP 2004,15TH DEMOCRATIC DELEGATE,5,8893,DOROTHEA,KILGORE,LIEBERMAN,DOUGLAS,20,DEMOCRATIC,DEM
GP 2004,15TH DEMOCRATIC DELEGATE,5,8893,DOROTHEA,KILGORE,LIEBERMAN,COLES,61,DEMOCRATIC,DEM
GP 2004,15TH DEMOCRATIC DELEGATE,5,8893,DOROTHEA,KILGORE,LIEBERMAN,EDWARDS,1,DEMOCRATIC,DEM
GP 2004,15TH DEMOCRATIC DELEGATE,5,8893,DOROTHEA,KILGORE,LIEBERMAN,WHITE,11,DEMOCRATIC,DEM
GP 2004,15TH DEMOCRATIC DELEGATE,5,8893,DOROTHEA,KILGORE,LIEBERMAN,CRAWFORD,26,DEMOCRATIC,DEM
GP 2004,15TH DEMOCRATIC DELEGATE,5,8893,DOROTHEA,KILGORE,LIEBERMAN,SALINE,12,DEMOCRATIC,DEM
GP 2004,15TH DEMOCRATIC DELEGATE,5,8893,DOROTHEA,KILGORE,LIEBERMAN,CLARK,6,DEMOCRATIC,DEM
GP 2004,15TH DEMOCRATIC DELEGATE,5,8893,DOROTHEA,KILGORE,LIEBERMAN,GALLATIN,0,DEMOCRATIC,DEM
GP 2004,15TH DEMOCRATIC DELEGATE,5,8893,DOROTHEA,KILGORE,LIEBERMAN,WABASH,12,DEMOCRATIC,DEM
GP 2004,15TH DEMOCRATIC DELEGATE,5,8893,DOROTHEA,KILGORE,LIEBERMAN,CHAMPAIGN,121,DEMOCRATIC,DEM
GP 2004,15TH DEMOCRATIC DELEGATE,5,8893,DOROTHEA,KILGORE,LIEBERMAN,MACON,61,DEMOCRATIC,DEM
GP 2004,15TH DEMOCRATIC DELEGATE,5,8893,DOROTHEA,KILGORE,LIEBERMAN,MOULTRIE,18,DEMOCRATIC,DEM
GP 2004,15TH DEMOCRATIC DELEGATE,5,8893,DOROTHEA,KILGORE,LIEBERMAN,CUMBERLAND,20,DEMOCRATIC,DEM
GP 2004,15TH DEMOCRATIC DELEGATE,5,8893,DOROTHEA,KILGORE,LIEBERMAN,LAWRENCE,17,DEMOCRATIC,DEM
GP 2004,15TH DEMOCRATIC DELEGATE,5,8893,DOROTHEA,KILGORE,LIEBERMAN,DeWITT,14,DEMOCRATIC,DEM
GP 2004,15TH DEMOCRATIC DELEGATE,5,8893,DOROTHEA,KILGORE,LIEBERMAN,McLEAN,98,DEMOCRATIC,DEM
GP 2004,15TH DEMOCRATIC DELEGATE,5,8893,DOROTHEA,KILGORE,LIEBERMAN,VERMILION,99,DEMOCRATIC,DEM
GP 2004,15TH DEMOCRATIC DELEGATE,5,8894,SUSAN,WONSOVER,LIEBERMAN,EDGAR,8,DEMOCRATIC,DEM
GP 2004,15TH DEMOCRATIC DELEGATE,5,8894,SUSAN,WONSOVER,LIEBERMAN,FORD,7,DEMOCRATIC,DEM
GP 2004,15TH DEMOCRATIC DELEGATE,5,8894,SUSAN,WONSOVER,LIEBERMAN,IROQUOIS,29,DEMOCRATIC,DEM
GP 2004,15TH DEMOCRATIC DELEGATE,5,8894,SUSAN,WONSOVER,LIEBERMAN,LIVINGSTON,7,DEMOCRATIC,DEM
GP 2004,15TH DEMOCRATIC DELEGATE,5,8894,SUSAN,WONSOVER,LIEBERMAN,PIATT,15,DEMOCRATIC,DEM
GP 2004,15TH DEMOCRATIC DELEGATE,5,8894,SUSAN,WONSOVER,LIEBERMAN,DOUGLAS,25,DEMOCRATIC,DEM
GP 2004,15TH DEMOCRATIC DELEGATE,5,8894,SUSAN,WONSOVER,LIEBERMAN,COLES,44,DEMOCRATIC,DEM
GP 2004,15TH DEMOCRATIC DELEGATE,5,8894,SUSAN,WONSOVER,LIEBERMAN,EDWARDS,0,DEMOCRATIC,DEM
GP 2004,15TH DEMOCRATIC DELEGATE,5,8894,SUSAN,WONSOVER,LIEBERMAN,WHITE,13,DEMOCRATIC,DEM
GP 2004,15TH DEMOCRATIC DELEGATE,5,8894,SUSAN,WONSOVER,LIEBERMAN,CRAWFORD,23,DEMOCRATIC,DEM
GP 2004,15TH DEMOCRATIC DELEGATE,5,8894,SUSAN,WONSOVER,LIEBERMAN,SALINE,14,DEMOCRATIC,DEM
GP 2004,15TH DEMOCRATIC DELEGATE,5,8894,SUSAN,WONSOVER,LIEBERMAN,CLARK,5,DEMOCRATIC,DEM
GP 2004,15TH DEMOCRATIC DELEGATE,5,8894,SUSAN,WONSOVER,LIEBERMAN,GALLATIN,4,DEMOCRATIC,DEM
GP 2004,15TH DEMOCRATIC DELEGATE,5,8894,SUSAN,WONSOVER,LIEBERMAN,WABASH,9,DEMOCRATIC,DEM
GP 2004,15TH DEMOCRATIC DELEGATE,5,8894,SUSAN,WONSOVER,LIEBERMAN,CHAMPAIGN,103,DEMOCRATIC,DEM
GP 2004,15TH DEMOCRATIC DELEGATE,5,8894,SUSAN,WONSOVER,LIEBERMAN,MACON,55,DEMOCRATIC,DEM
GP 2004,15TH DEMOCRATIC DELEGATE,5,8894,SUSAN,WONSOVER,LIEBERMAN,MOULTRIE,25,DEMOCRATIC,DEM
GP 2004,15TH DEMOCRATIC DELEGATE,5,8894,SUSAN,WONSOVER,LIEBERMAN,CUMBERLAND,27,DEMOCRATIC,DEM
GP 2004,15TH DEMOCRATIC DELEGATE,5,8894,SUSAN,WONSOVER,LIEBERMAN,LAWRENCE,17,DEMOCRATIC,DEM
GP 2004,15TH DEMOCRATIC DELEGATE,5,8894,SUSAN,WONSOVER,LIEBERMAN,DeWITT,18,DEMOCRATIC,DEM
GP 2004,15TH DEMOCRATIC DELEGATE,5,8894,SUSAN,WONSOVER,LIEBERMAN,McLEAN,84,DEMOCRATIC,DEM
GP 2004,15TH DEMOCRATIC DELEGATE,5,8894,SUSAN,WONSOVER,LIEBERMAN,VERMILION,88,DEMOCRATIC,DEM
GP 2004,15TH DEMOCRATIC DELEGATE,5,8895,MICHAEL,"WOODS, JR.",LIEBERMAN,EDGAR,17,DEMOCRATIC,DEM
GP 2004,15TH DEMOCRATIC DELEGATE,5,8895,MICHAEL,"WOODS, JR.",LIEBERMAN,FORD,13,DEMOCRATIC,DEM
GP 2004,15TH DEMOCRATIC DELEGATE,5,8895,MICHAEL,"WOODS, JR.",LIEBERMAN,IROQUOIS,43,DEMOCRATIC,DEM
GP 2004,15TH DEMOCRATIC DELEGATE,5,8895,MICHAEL,"WOODS, JR.",LIEBERMAN,LIVINGSTON,20,DEMOCRATIC,DEM
GP 2004,15TH DEMOCRATIC DELEGATE,5,8895,MICHAEL,"WOODS, JR.",LIEBERMAN,PIATT,16,DEMOCRATIC,DEM
GP 2004,15TH DEMOCRATIC DELEGATE,5,8895,MICHAEL,"WOODS, JR.",LIEBERMAN,DOUGLAS,98,DEMOCRATIC,DEM
GP 2004,15TH DEMOCRATIC DELEGATE,5,8895,MICHAEL,"WOODS, JR.",LIEBERMAN,COLES,105,DEMOCRATIC,DEM
GP 2004,15TH DEMOCRATIC DELEGATE,5,8895,MICHAEL,"WOODS, JR.",LIEBERMAN,EDWARDS,0,DEMOCRATIC,DEM
GP 2004,15TH DEMOCRATIC DELEGATE,5,8895,MICHAEL,"WOODS, JR.",LIEBERMAN,WHITE,28,DEMOCRATIC,DEM
GP 2004,15TH DEMOCRATIC DELEGATE,5,8895,MICHAEL,"WOODS, JR.",LIEBERMAN,CRAWFORD,49,DEMOCRATIC,DEM
GP 2004,15TH DEMOCRATIC DELEGATE,5,8895,MICHAEL,"WOODS, JR.",LIEBERMAN,SALINE,20,DEMOCRATIC,DEM
GP 2004,15TH DEMOCRATIC DELEGATE,5,8895,MICHAEL,"WOODS, JR.",LIEBERMAN,CLARK,12,DEMOCRATIC,DEM
GP 2004,15TH DEMOCRATIC DELEGATE,5,8895,MICHAEL,"WOODS, JR.",LIEBERMAN,GALLATIN,6,DEMOCRATIC,DEM
GP 2004,15TH DEMOCRATIC DELEGATE,5,8895,MICHAEL,"WOODS, JR.",LIEBERMAN,WABASH,18,DEMOCRATIC,DEM
GP 2004,15TH DEMOCRATIC DELEGATE,5,8895,MICHAEL,"WOODS, JR.",LIEBERMAN,CHAMPAIGN,213,DEMOCRATIC,DEM
GP 2004,15TH DEMOCRATIC DELEGATE,5,8895,MICHAEL,"WOODS, JR.",LIEBERMAN,MACON,79,DEMOCRATIC,DEM
GP 2004,15TH DEMOCRATIC DELEGATE,5,8895,MICHAEL,"WOODS, JR.",LIEBERMAN,MOULTRIE,43,DEMOCRATIC,DEM
GP 2004,15TH DEMOCRATIC DELEGATE,5,8895,MICHAEL,"WOODS, JR.",LIEBERMAN,CUMBERLAND,61,DEMOCRATIC,DEM
GP 2004,15TH DEMOCRATIC DELEGATE,5,8895,MICHAEL,"WOODS, JR.",LIEBERMAN,LAWRENCE,41,DEMOCRATIC,DEM
GP 2004,15TH DEMOCRATIC DELEGATE,5,8895,MICHAEL,"WOODS, JR.",LIEBERMAN,DeWITT,30,DEMOCRATIC,DEM
GP 2004,15TH DEMOCRATIC DELEGATE,5,8895,MICHAEL,"WOODS, JR.",LIEBERMAN,McLEAN,139,DEMOCRATIC,DEM
GP 2004,15TH DEMOCRATIC DELEGATE,5,8895,MICHAEL,"WOODS, JR.",LIEBERMAN,VERMILION,238,DEMOCRATIC,DEM
GP 2004,16TH DEMOCRATIC DELEGATE,4,8896,SHERYL,CROWLEY,LIEBERMAN,WHITESIDE,7,DEMOCRATIC,DEM
GP 2004,16TH DEMOCRATIC DELEGATE,4,8896,SHERYL,CROWLEY,LIEBERMAN,OGLE,54,DEMOCRATIC,DEM
GP 2004,16TH DEMOCRATIC DELEGATE,4,8896,SHERYL,CROWLEY,LIEBERMAN,STEPHENSON,28,DEMOCRATIC,DEM
GP 2004,16TH DEMOCRATIC DELEGATE,4,8896,SHERYL,CROWLEY,LIEBERMAN,JoDAVIESS,13,DEMOCRATIC,DEM
GP 2004,16TH DEMOCRATIC DELEGATE,4,8896,SHERYL,CROWLEY,LIEBERMAN,CARROLL,19,DEMOCRATIC,DEM
GP 2004,16TH DEMOCRATIC DELEGATE,4,8896,SHERYL,CROWLEY,LIEBERMAN,BOONE,91,DEMOCRATIC,DEM
GP 2004,16TH DEMOCRATIC DELEGATE,4,8896,SHERYL,CROWLEY,LIEBERMAN,WINNEBAGO,623,DEMOCRATIC,DEM
GP 2004,16TH DEMOCRATIC DELEGATE,4,8896,SHERYL,CROWLEY,LIEBERMAN,McHENRY,362,DEMOCRATIC,DEM
GP 2004,16TH DEMOCRATIC DELEGATE,4,8896,SHERYL,CROWLEY,LIEBERMAN,DeKALB,21,DEMOCRATIC,DEM
GP 2004,16TH DEMOCRATIC DELEGATE,4,8897,STEVE,FAIVRE,LIEBERMAN,WHITESIDE,2,DEMOCRATIC,DEM
GP 2004,16TH DEMOCRATIC DELEGATE,4,8897,STEVE,FAIVRE,LIEBERMAN,OGLE,78,DEMOCRATIC,DEM
GP 2004,16TH DEMOCRATIC DELEGATE,4,8897,STEVE,FAIVRE,LIEBERMAN,STEPHENSON,15,DEMOCRATIC,DEM
GP 2004,16TH DEMOCRATIC DELEGATE,4,8897,STEVE,FAIVRE,LIEBERMAN,JoDAVIESS,13,DEMOCRATIC,DEM
GP 2004,16TH DEMOCRATIC DELEGATE,4,8897,STEVE,FAIVRE,LIEBERMAN,CARROLL,13,DEMOCRATIC,DEM
GP 2004,16TH DEMOCRATIC DELEGATE,4,8897,STEVE,FAIVRE,LIEBERMAN,BOONE,60,DEMOCRATIC,DEM
GP 2004,16TH DEMOCRATIC DELEGATE,4,8897,STEVE,FAIVRE,LIEBERMAN,WINNEBAGO,378,DEMOCRATIC,DEM
GP 2004,16TH DEMOCRATIC DELEGATE,4,8897,STEVE,FAIVRE,LIEBERMAN,McHENRY,189,DEMOCRATIC,DEM
GP 2004,16TH DEMOCRATIC DELEGATE,4,8897,STEVE,FAIVRE,LIEBERMAN,DeKALB,50,DEMOCRATIC,DEM
GP 2004,16TH DEMOCRATIC DELEGATE,4,8898,ROSEMARY,HOELTING,LIEBERMAN,WHITESIDE,2,DEMOCRATIC,DEM
GP 2004,16TH DEMOCRATIC DELEGATE,4,8898,ROSEMARY,HOELTING,LIEBERMAN,OGLE,44,DEMOCRATIC,DEM
GP 2004,16TH DEMOCRATIC DELEGATE,4,8898,ROSEMARY,HOELTING,LIEBERMAN,STEPHENSON,16,DEMOCRATIC,DEM
GP 2004,16TH DEMOCRATIC DELEGATE,4,8898,ROSEMARY,HOELTING,LIEBERMAN,JoDAVIESS,12,DEMOCRATIC,DEM
GP 2004,16TH DEMOCRATIC DELEGATE,4,8898,ROSEMARY,HOELTING,LIEBERMAN,CARROLL,15,DEMOCRATIC,DEM
GP 2004,16TH DEMOCRATIC DELEGATE,4,8898,ROSEMARY,HOELTING,LIEBERMAN,BOONE,60,DEMOCRATIC,DEM
GP 2004,16TH DEMOCRATIC DELEGATE,4,8898,ROSEMARY,HOELTING,LIEBERMAN,WINNEBAGO,399,DEMOCRATIC,DEM
GP 2004,16TH DEMOCRATIC DELEGATE,4,8898,ROSEMARY,HOELTING,LIEBERMAN,McHENRY,275,DEMOCRATIC,DEM
GP 2004,16TH DEMOCRATIC DELEGATE,4,8898,ROSEMARY,HOELTING,LIEBERMAN,DeKALB,12,DEMOCRATIC,DEM
GP 2004,16TH DEMOCRATIC DELEGATE,4,8899,EARL,"JURSICH, JR.",LIEBERMAN,WHITESIDE,2,DEMOCRATIC,DEM
GP 2004,16TH DEMOCRATIC DELEGATE,4,8899,EARL,"JURSICH, JR.",LIEBERMAN,OGLE,34,DEMOCRATIC,DEM
GP 2004,16TH DEMOCRATIC DELEGATE,4,8899,EARL,"JURSICH, JR.",LIEBERMAN,STEPHENSON,16,DEMOCRATIC,DEM
GP 2004,16TH DEMOCRATIC DELEGATE,4,8899,EARL,"JURSICH, JR.",LIEBERMAN,JoDAVIESS,5,DEMOCRATIC,DEM
GP 2004,16TH DEMOCRATIC DELEGATE,4,8899,EARL,"JURSICH, JR.",LIEBERMAN,CARROLL,11,DEMOCRATIC,DEM
GP 2004,16TH DEMOCRATIC DELEGATE,4,8899,EARL,"JURSICH, JR.",LIEBERMAN,BOONE,48,DEMOCRATIC,DEM
GP 2004,16TH DEMOCRATIC DELEGATE,4,8899,EARL,"JURSICH, JR.",LIEBERMAN,WINNEBAGO,312,DEMOCRATIC,DEM
GP 2004,16TH DEMOCRATIC DELEGATE,4,8899,EARL,"JURSICH, JR.",LIEBERMAN,McHENRY,174,DEMOCRATIC,DEM
GP 2004,16TH DEMOCRATIC DELEGATE,4,8899,EARL,"JURSICH, JR.",LIEBERMAN,DeKALB,24,DEMOCRATIC,DEM
GP 2004,9TH DEMOCRATIC DELEGATE,6,8900,ARTHUR,BERMAN,LIEBERMAN,COOK,3564,DEMOCRATIC,DEM
GP 2004,9TH DEMOCRATIC DELEGATE,6,8901,ANN M.,COCONATE,LIEBERMAN,COOK,2020,DEMOCRATIC,DEM
GP 2004,9TH DEMOCRATIC DELEGATE,6,8902,BENITA,KAPNICK,LIEBERMAN,COOK,1848,DEMOCRATIC,DEM
GP 2004,9TH DEMOCRATIC DELEGATE,6,8903,IRA,SILVERSTEIN,LIEBERMAN,COOK,3535,DEMOCRATIC,DEM
GP 2004,9TH DEMOCRATIC DELEGATE,6,8904,BERNARD,STONE,LIEBERMAN,COOK,3340,DEMOCRATIC,DEM
GP 2004,9TH DEMOCRATIC DELEGATE,6,8905,DEBRA F.,HARTMAN,LIEBERMAN,COOK,2090,DEMOCRATIC,DEM
GP 2004,7TH DEMOCRATIC DELEGATE,8,8906,NATHANIEL,BENSON,LIEBERMAN,COOK,1509,DEMOCRATIC,DEM
GP 2004,7TH DEMOCRATIC DELEGATE,8,8907,DESIREE,GRODE,LIEBERMAN,COOK,1392,DEMOCRATIC,DEM
GP 2004,7TH DEMOCRATIC DELEGATE,8,8908,ALISSA,KRINSKY,LIEBERMAN,COOK,1381,DEMOCRATIC,DEM
GP 2004,7TH DEMOCRATIC DELEGATE,8,8909,DANIEL,LOGAN,LIEBERMAN,COOK,1262,DEMOCRATIC,DEM
GP 2004,7TH DEMOCRATIC DELEGATE,8,8910,ANDREW,MAY,LIEBERMAN,COOK,1081,DEMOCRATIC,DEM
GP 2004,7TH DEMOCRATIC DELEGATE,8,8911,MIRIAM,MOORE-HUNTER,LIEBERMAN,COOK,2250,DEMOCRATIC,DEM
GP 2004,7TH DEMOCRATIC DELEGATE,8,8912,BARTON,MOY,LIEBERMAN,COOK,1004,DEMOCRATIC,DEM
GP 2004,7TH DEMOCRATIC DELEGATE,8,8913,BETTY,WONG,LIEBERMAN,COOK,4756,DEMOCRATIC,DEM
GP 2004,9TH DEMOCRATIC ALTERNATE DELEGATE,1,8914,DEBORAH ROSENBERG,ALEXANDER,LIEBERMAN,COOK,5403,DEMOCRATIC,DEM
GP 2004,16TH DEMOCRATIC ALTERNATE DELEGATE,1,8915,JASON,JANCZAK,LIEBERMAN,WHITESIDE,14,DEMOCRATIC,DEM
GP 2004,16TH DEMOCRATIC ALTERNATE DELEGATE,1,8915,JASON,JANCZAK,LIEBERMAN,OGLE,42,DEMOCRATIC,DEM
GP 2004,16TH DEMOCRATIC ALTERNATE DELEGATE,1,8915,JASON,JANCZAK,LIEBERMAN,STEPHENSON,48,DEMOCRATIC,DEM
GP 2004,16TH DEMOCRATIC ALTERNATE DELEGATE,1,8915,JASON,JANCZAK,LIEBERMAN,JoDAVIESS,28,DEMOCRATIC,DEM
GP 2004,16TH DEMOCRATIC ALTERNATE DELEGATE,1,8915,JASON,JANCZAK,LIEBERMAN,CARROLL,12,DEMOCRATIC,DEM
GP 2004,16TH DEMOCRATIC ALTERNATE DELEGATE,1,8915,JASON,JANCZAK,LIEBERMAN,BOONE,49,DEMOCRATIC,DEM
GP 2004,16TH DEMOCRATIC ALTERNATE DELEGATE,1,8915,JASON,JANCZAK,LIEBERMAN,WINNEBAGO,370,DEMOCRATIC,DEM
GP 2004,16TH DEMOCRATIC ALTERNATE DELEGATE,1,8915,JASON,JANCZAK,LIEBERMAN,McHENRY,259,DEMOCRATIC,DEM
GP 2004,16TH DEMOCRATIC ALTERNATE DELEGATE,1,8915,JASON,JANCZAK,LIEBERMAN,DeKALB,17,DEMOCRATIC,DEM
GP 2004,7TH DEMOCRATIC ALTERNATE DELEGATE,1,8916,ETHEL,TRIPLETT,LIEBERMAN,COOK,3003,DEMOCRATIC,DEM
GP 2004,12TH DEMOCRATIC DELEGATE,6,8917,BARBARA,GOLDENHERSH,LIEBERMAN,PERRY,95,DEMOCRATIC,DEM
GP 2004,12TH DEMOCRATIC DELEGATE,6,8917,BARBARA,GOLDENHERSH,LIEBERMAN,WILLIAMSON,86,DEMOCRATIC,DEM
GP 2004,12TH DEMOCRATIC DELEGATE,6,8917,BARBARA,GOLDENHERSH,LIEBERMAN,MONROE,18,DEMOCRATIC,DEM
GP 2004,12TH DEMOCRATIC DELEGATE,6,8917,BARBARA,GOLDENHERSH,LIEBERMAN,JACKSON,93,DEMOCRATIC,DEM
GP 2004,12TH DEMOCRATIC DELEGATE,6,8917,BARBARA,GOLDENHERSH,LIEBERMAN,FRANKLIN,310,DEMOCRATIC,DEM
GP 2004,12TH DEMOCRATIC DELEGATE,6,8917,BARBARA,GOLDENHERSH,LIEBERMAN,RANDOLPH,59,DEMOCRATIC,DEM
GP 2004,12TH DEMOCRATIC DELEGATE,6,8917,BARBARA,GOLDENHERSH,LIEBERMAN,MADISON,244,DEMOCRATIC,DEM
GP 2004,12TH DEMOCRATIC DELEGATE,6,8917,BARBARA,GOLDENHERSH,LIEBERMAN,UNION,187,DEMOCRATIC,DEM
GP 2004,12TH DEMOCRATIC DELEGATE,6,8917,BARBARA,GOLDENHERSH,LIEBERMAN,ST. CLAIR,1442,DEMOCRATIC,DEM
GP 2004,12TH DEMOCRATIC DELEGATE,6,8917,BARBARA,GOLDENHERSH,LIEBERMAN,ALEXANDER,19,DEMOCRATIC,DEM
GP 2004,12TH DEMOCRATIC DELEGATE,6,8917,BARBARA,GOLDENHERSH,LIEBERMAN,PULASKI,7,DEMOCRATIC,DEM
GP 2004,12TH DEMOCRATIC DELEGATE,6,8918,SAMUEL,GOLDMAN,LIEBERMAN,PERRY,126,DEMOCRATIC,DEM
GP 2004,12TH DEMOCRATIC DELEGATE,6,8918,SAMUEL,GOLDMAN,LIEBERMAN,WILLIAMSON,105,DEMOCRATIC,DEM
GP 2004,12TH DEMOCRATIC DELEGATE,6,8918,SAMUEL,GOLDMAN,LIEBERMAN,MONROE,7,DEMOCRATIC,DEM
GP 2004,12TH DEMOCRATIC DELEGATE,6,8918,SAMUEL,GOLDMAN,LIEBERMAN,JACKSON,256,DEMOCRATIC,DEM
GP 2004,12TH DEMOCRATIC DELEGATE,6,8918,SAMUEL,GOLDMAN,LIEBERMAN,FRANKLIN,306,DEMOCRATIC,DEM
GP 2004,12TH DEMOCRATIC DELEGATE,6,8918,SAMUEL,GOLDMAN,LIEBERMAN,RANDOLPH,53,DEMOCRATIC,DEM
GP 2004,12TH DEMOCRATIC DELEGATE,6,8918,SAMUEL,GOLDMAN,LIEBERMAN,MADISON,204,DEMOCRATIC,DEM
GP 2004,12TH DEMOCRATIC DELEGATE,6,8918,SAMUEL,GOLDMAN,LIEBERMAN,UNION,196,DEMOCRATIC,DEM
GP 2004,12TH DEMOCRATIC DELEGATE,6,8918,SAMUEL,GOLDMAN,LIEBERMAN,ST. CLAIR,666,DEMOCRATIC,DEM
GP 2004,12TH DEMOCRATIC DELEGATE,6,8918,SAMUEL,GOLDMAN,LIEBERMAN,ALEXANDER,20,DEMOCRATIC,DEM
GP 2004,12TH DEMOCRATIC DELEGATE,6,8918,SAMUEL,GOLDMAN,LIEBERMAN,PULASKI,6,DEMOCRATIC,DEM
GP 2004,12TH DEMOCRATIC DELEGATE,6,8919,CATHERINE,HUNTER,LIEBERMAN,PERRY,80,DEMOCRATIC,DEM
GP 2004,12TH DEMOCRATIC DELEGATE,6,8919,CATHERINE,HUNTER,LIEBERMAN,WILLIAMSON,82,DEMOCRATIC,DEM
GP 2004,12TH DEMOCRATIC DELEGATE,6,8919,CATHERINE,HUNTER,LIEBERMAN,MONROE,18,DEMOCRATIC,DEM
GP 2004,12TH DEMOCRATIC DELEGATE,6,8919,CATHERINE,HUNTER,LIEBERMAN,JACKSON,100,DEMOCRATIC,DEM
GP 2004,12TH DEMOCRATIC DELEGATE,6,8919,CATHERINE,HUNTER,LIEBERMAN,FRANKLIN,319,DEMOCRATIC,DEM
GP 2004,12TH DEMOCRATIC DELEGATE,6,8919,CATHERINE,HUNTER,LIEBERMAN,RANDOLPH,51,DEMOCRATIC,DEM
GP 2004,12TH DEMOCRATIC DELEGATE,6,8919,CATHERINE,HUNTER,LIEBERMAN,MADISON,252,DEMOCRATIC,DEM
GP 2004,12TH DEMOCRATIC DELEGATE,6,8919,CATHERINE,HUNTER,LIEBERMAN,UNION,206,DEMOCRATIC,DEM
GP 2004,12TH DEMOCRATIC DELEGATE,6,8919,CATHERINE,HUNTER,LIEBERMAN,ST. CLAIR,778,DEMOCRATIC,DEM
GP 2004,12TH DEMOCRATIC DELEGATE,6,8919,CATHERINE,HUNTER,LIEBERMAN,ALEXANDER,16,DEMOCRATIC,DEM
GP 2004,12TH DEMOCRATIC DELEGATE,6,8919,CATHERINE,HUNTER,LIEBERMAN,PULASKI,4,DEMOCRATIC,DEM
GP 2004,12TH DEMOCRATIC DELEGATE,6,8920,DOUGLAS N.,McEWEN,LIEBERMAN,PERRY,67,DEMOCRATIC,DEM
GP 2004,12TH DEMOCRATIC DELEGATE,6,8920,DOUGLAS N.,McEWEN,LIEBERMAN,WILLIAMSON,72,DEMOCRATIC,DEM
GP 2004,12TH DEMOCRATIC DELEGATE,6,8920,DOUGLAS N.,McEWEN,LIEBERMAN,MONROE,12,DEMOCRATIC,DEM
GP 2004,12TH DEMOCRATIC DELEGATE,6,8920,DOUGLAS N.,McEWEN,LIEBERMAN,JACKSON,117,DEMOCRATIC,DEM
GP 2004,12TH DEMOCRATIC DELEGATE,6,8920,DOUGLAS N.,McEWEN,LIEBERMAN,FRANKLIN,262,DEMOCRATIC,DEM
GP 2004,12TH DEMOCRATIC DELEGATE,6,8920,DOUGLAS N.,McEWEN,LIEBERMAN,RANDOLPH,28,DEMOCRATIC,DEM
GP 2004,12TH DEMOCRATIC DELEGATE,6,8920,DOUGLAS N.,McEWEN,LIEBERMAN,MADISON,143,DEMOCRATIC,DEM
GP 2004,12TH DEMOCRATIC DELEGATE,6,8920,DOUGLAS N.,McEWEN,LIEBERMAN,UNION,183,DEMOCRATIC,DEM
GP 2004,12TH DEMOCRATIC DELEGATE,6,8920,DOUGLAS N.,McEWEN,LIEBERMAN,ST. CLAIR,516,DEMOCRATIC,DEM
GP 2004,12TH DEMOCRATIC DELEGATE,6,8920,DOUGLAS N.,McEWEN,LIEBERMAN,ALEXANDER,16,DEMOCRATIC,DEM
GP 2004,12TH DEMOCRATIC DELEGATE,6,8920,DOUGLAS N.,McEWEN,LIEBERMAN,PULASKI,3,DEMOCRATIC,DEM
GP 2004,12TH DEMOCRATIC DELEGATE,6,8921,DONALD,MELTZER,LIEBERMAN,PERRY,77,DEMOCRATIC,DEM
GP 2004,12TH DEMOCRATIC DELEGATE,6,8921,DONALD,MELTZER,LIEBERMAN,WILLIAMSON,69,DEMOCRATIC,DEM
GP 2004,12TH DEMOCRATIC DELEGATE,6,8921,DONALD,MELTZER,LIEBERMAN,MONROE,12,DEMOCRATIC,DEM
GP 2004,12TH DEMOCRATIC DELEGATE,6,8921,DONALD,MELTZER,LIEBERMAN,JACKSON,108,DEMOCRATIC,DEM
GP 2004,12TH DEMOCRATIC DELEGATE,6,8921,DONALD,MELTZER,LIEBERMAN,FRANKLIN,276,DEMOCRATIC,DEM
GP 2004,12TH DEMOCRATIC DELEGATE,6,8921,DONALD,MELTZER,LIEBERMAN,RANDOLPH,48,DEMOCRATIC,DEM
GP 2004,12TH DEMOCRATIC DELEGATE,6,8921,DONALD,MELTZER,LIEBERMAN,MADISON,222,DEMOCRATIC,DEM
GP 2004,12TH DEMOCRATIC DELEGATE,6,8921,DONALD,MELTZER,LIEBERMAN,UNION,169,DEMOCRATIC,DEM
GP 2004,12TH DEMOCRATIC DELEGATE,6,8921,DONALD,MELTZER,LIEBERMAN,ST. CLAIR,687,DEMOCRATIC,DEM
GP 2004,12TH DEMOCRATIC DELEGATE,6,8921,DONALD,MELTZER,LIEBERMAN,ALEXANDER,13,DEMOCRATIC,DEM
GP 2004,12TH DEMOCRATIC DELEGATE,6,8921,DONALD,MELTZER,LIEBERMAN,PULASKI,3,DEMOCRATIC,DEM
GP 2004,12TH DEMOCRATIC DELEGATE,6,8922,SUSAN,PEARLMAN,LIEBERMAN,PERRY,110,DEMOCRATIC,DEM
GP 2004,12TH DEMOCRATIC DELEGATE,6,8922,SUSAN,PEARLMAN,LIEBERMAN,WILLIAMSON,109,DEMOCRATIC,DEM
GP 2004,12TH DEMOCRATIC DELEGATE,6,8922,SUSAN,PEARLMAN,LIEBERMAN,MONROE,19,DEMOCRATIC,DEM
GP 2004,12TH DEMOCRATIC DELEGATE,6,8922,SUSAN,PEARLMAN,LIEBERMAN,JACKSON,217,DEMOCRATIC,DEM
GP 2004,12TH DEMOCRATIC DELEGATE,6,8922,SUSAN,PEARLMAN,LIEBERMAN,FRANKLIN,356,DEMOCRATIC,DEM
GP 2004,12TH DEMOCRATIC DELEGATE,6,8922,SUSAN,PEARLMAN,LIEBERMAN,RANDOLPH,51,DEMOCRATIC,DEM
GP 2004,12TH DEMOCRATIC DELEGATE,6,8922,SUSAN,PEARLMAN,LIEBERMAN,MADISON,275,DEMOCRATIC,DEM
GP 2004,12TH DEMOCRATIC DELEGATE,6,8922,SUSAN,PEARLMAN,LIEBERMAN,UNION,228,DEMOCRATIC,DEM
GP 2004,12TH DEMOCRATIC DELEGATE,6,8922,SUSAN,PEARLMAN,LIEBERMAN,ST. CLAIR,834,DEMOCRATIC,DEM
GP 2004,12TH DEMOCRATIC DELEGATE,6,8922,SUSAN,PEARLMAN,LIEBERMAN,ALEXANDER,29,DEMOCRATIC,DEM
GP 2004,12TH DEMOCRATIC DELEGATE,6,8922,SUSAN,PEARLMAN,LIEBERMAN,PULASKI,6,DEMOCRATIC,DEM
GP 2004,12TH DEMOCRATIC ALTERNATE DELEGATE,1,8923,JACK,WIDES,LIEBERMAN,PERRY,73,DEMOCRATIC,DEM
GP 2004,12TH DEMOCRATIC ALTERNATE DELEGATE,1,8923,JACK,WIDES,LIEBERMAN,WILLIAMSON,194,DEMOCRATIC,DEM
GP 2004,12TH DEMOCRATIC ALTERNATE DELEGATE,1,8923,JACK,WIDES,LIEBERMAN,MONROE,28,DEMOCRATIC,DEM
GP 2004,12TH DEMOCRATIC ALTERNATE DELEGATE,1,8923,JACK,WIDES,LIEBERMAN,JACKSON,389,DEMOCRATIC,DEM
GP 2004,12TH DEMOCRATIC ALTERNATE DELEGATE,1,8923,JACK,WIDES,LIEBERMAN,FRANKLIN,303,DEMOCRATIC,DEM
GP 2004,12TH DEMOCRATIC ALTERNATE DELEGATE,1,8923,JACK,WIDES,LIEBERMAN,RANDOLPH,130,DEMOCRATIC,DEM
GP 2004,12TH DEMOCRATIC ALTERNATE DELEGATE,1,8923,JACK,WIDES,LIEBERMAN,MADISON,305,DEMOCRATIC,DEM
GP 2004,12TH DEMOCRATIC ALTERNATE DELEGATE,1,8923,JACK,WIDES,LIEBERMAN,UNION,172,DEMOCRATIC,DEM
GP 2004,12TH DEMOCRATIC ALTERNATE DELEGATE,1,8923,JACK,WIDES,LIEBERMAN,ST. CLAIR,637,DEMOCRATIC,DEM
GP 2004,12TH DEMOCRATIC ALTERNATE DELEGATE,1,8923,JACK,WIDES,LIEBERMAN,ALEXANDER,58,DEMOCRATIC,DEM
GP 2004,12TH DEMOCRATIC ALTERNATE DELEGATE,1,8923,JACK,WIDES,LIEBERMAN,PULASKI,19,DEMOCRATIC,DEM
GP 2004,14TH DEMOCRATIC DELEGATE,4,8924,MARK,BLACKMAN,LIEBERMAN,BUREAU,0,DEMOCRATIC,DEM
GP 2004,14TH DEMOCRATIC DELEGATE,4,8924,MARK,BLACKMAN,LIEBERMAN,LEE,24,DEMOCRATIC,DEM
GP 2004,14TH DEMOCRATIC DELEGATE,4,8924,MARK,BLACKMAN,LIEBERMAN,WHITESIDE,4,DEMOCRATIC,DEM
GP 2004,14TH DEMOCRATIC DELEGATE,4,8924,MARK,BLACKMAN,LIEBERMAN,HENRY,12,DEMOCRATIC,DEM
GP 2004,14TH DEMOCRATIC DELEGATE,4,8924,MARK,BLACKMAN,LIEBERMAN,KENDALL,36,DEMOCRATIC,DEM
GP 2004,14TH DEMOCRATIC DELEGATE,4,8924,MARK,BLACKMAN,LIEBERMAN,KANE,253,DEMOCRATIC,DEM
GP 2004,14TH DEMOCRATIC DELEGATE,4,8924,MARK,BLACKMAN,LIEBERMAN,DeKALB,119,DEMOCRATIC,DEM
GP 2004,14TH DEMOCRATIC DELEGATE,4,8924,MARK,BLACKMAN,LIEBERMAN,DuPAGE,72,DEMOCRATIC,DEM
GP 2004,14TH DEMOCRATIC DELEGATE,4,8925,MARVIN,TEPPER,LIEBERMAN,BUREAU,1,DEMOCRATIC,DEM
GP 2004,14TH DEMOCRATIC DELEGATE,4,8925,MARVIN,TEPPER,LIEBERMAN,LEE,10,DEMOCRATIC,DEM
GP 2004,14TH DEMOCRATIC DELEGATE,4,8925,MARVIN,TEPPER,LIEBERMAN,WHITESIDE,3,DEMOCRATIC,DEM
GP 2004,14TH DEMOCRATIC DELEGATE,4,8925,MARVIN,TEPPER,LIEBERMAN,HENRY,13,DEMOCRATIC,DEM
GP 2004,14TH DEMOCRATIC DELEGATE,4,8925,MARVIN,TEPPER,LIEBERMAN,KENDALL,29,DEMOCRATIC,DEM
GP 2004,14TH DEMOCRATIC DELEGATE,4,8925,MARVIN,TEPPER,LIEBERMAN,KANE,124,DEMOCRATIC,DEM
GP 2004,14TH DEMOCRATIC DELEGATE,4,8925,MARVIN,TEPPER,LIEBERMAN,DeKALB,85,DEMOCRATIC,DEM
GP 2004,14TH DEMOCRATIC DELEGATE,4,8925,MARVIN,TEPPER,LIEBERMAN,DuPAGE,62,DEMOCRATIC,DEM
GP 2004,14TH DEMOCRATIC DELEGATE,4,8926,LOIS,TROY,LIEBERMAN,BUREAU,0,DEMOCRATIC,DEM
GP 2004,14TH DEMOCRATIC DELEGATE,4,8926,LOIS,TROY,LIEBERMAN,LEE,14,DEMOCRATIC,DEM
GP 2004,14TH DEMOCRATIC DELEGATE,4,8926,LOIS,TROY,LIEBERMAN,WHITESIDE,3,DEMOCRATIC,DEM
GP 2004,14TH DEMOCRATIC DELEGATE,4,8926,LOIS,TROY,LIEBERMAN,HENRY,14,DEMOCRATIC,DEM
GP 2004,14TH DEMOCRATIC DELEGATE,4,8926,LOIS,TROY,LIEBERMAN,KENDALL,28,DEMOCRATIC,DEM
GP 2004,14TH DEMOCRATIC DELEGATE,4,8926,LOIS,TROY,LIEBERMAN,KANE,172,DEMOCRATIC,DEM
GP 2004,14TH DEMOCRATIC DELEGATE,4,8926,LOIS,TROY,LIEBERMAN,DeKALB,77,DEMOCRATIC,DEM
GP 2004,14TH DEMOCRATIC DELEGATE,4,8926,LOIS,TROY,LIEBERMAN,DuPAGE,66,DEMOCRATIC,DEM
GP 2004,14TH DEMOCRATIC DELEGATE,4,8927,CAROLYN,YAROM,LIEBERMAN,BUREAU,0,DEMOCRATIC,DEM
GP 2004,14TH DEMOCRATIC DELEGATE,4,8927,CAROLYN,YAROM,LIEBERMAN,LEE,11,DEMOCRATIC,DEM
GP 2004,14TH DEMOCRATIC DELEGATE,4,8927,CAROLYN,YAROM,LIEBERMAN,WHITESIDE,3,DEMOCRATIC,DEM
GP 2004,14TH DEMOCRATIC DELEGATE,4,8927,CAROLYN,YAROM,LIEBERMAN,HENRY,12,DEMOCRATIC,DEM
GP 2004,14TH DEMOCRATIC DELEGATE,4,8927,CAROLYN,YAROM,LIEBERMAN,KENDALL,25,DEMOCRATIC,DEM
GP 2004,14TH DEMOCRATIC DELEGATE,4,8927,CAROLYN,YAROM,LIEBERMAN,KANE,173,DEMOCRATIC,DEM
GP 2004,14TH DEMOCRATIC DELEGATE,4,8927,CAROLYN,YAROM,LIEBERMAN,DeKALB,79,DEMOCRATIC,DEM
GP 2004,14TH DEMOCRATIC DELEGATE,4,8927,CAROLYN,YAROM,LIEBERMAN,DuPAGE,56,DEMOCRATIC,DEM
GP 2004,18TH DEMOCRATIC DELEGATE,5,8928,ANTHONY,DelGIORNO,LIEBERMAN,BROWN,5,DEMOCRATIC,DEM
GP 2004,18TH DEMOCRATIC DELEGATE,5,8928,ANTHONY,DelGIORNO,LIEBERMAN,LOGAN,11,DEMOCRATIC,DEM
GP 2004,18TH DEMOCRATIC DELEGATE,5,8928,ANTHONY,DelGIORNO,LIEBERMAN,SCHUYLER,10,DEMOCRATIC,DEM
GP 2004,18TH DEMOCRATIC DELEGATE,5,8928,ANTHONY,DelGIORNO,LIEBERMAN,MARSHALL,11,DEMOCRATIC,DEM
GP 2004,18TH DEMOCRATIC DELEGATE,5,8928,ANTHONY,DelGIORNO,LIEBERMAN,MENARD,9,DEMOCRATIC,DEM
GP 2004,18TH DEMOCRATIC DELEGATE,5,8928,ANTHONY,DelGIORNO,LIEBERMAN,STARK,4,DEMOCRATIC,DEM
GP 2004,18TH DEMOCRATIC DELEGATE,5,8928,ANTHONY,DelGIORNO,LIEBERMAN,WOODFORD,15,DEMOCRATIC,DEM
GP 2004,18TH DEMOCRATIC DELEGATE,5,8928,ANTHONY,DelGIORNO,LIEBERMAN,MASON,25,DEMOCRATIC,DEM
GP 2004,18TH DEMOCRATIC DELEGATE,5,8928,ANTHONY,DelGIORNO,LIEBERMAN,BUREAU,46,DEMOCRATIC,DEM
GP 2004,18TH DEMOCRATIC DELEGATE,5,8928,ANTHONY,DelGIORNO,LIEBERMAN,PIKE,5,DEMOCRATIC,DEM
GP 2004,18TH DEMOCRATIC DELEGATE,5,8928,ANTHONY,DelGIORNO,LIEBERMAN,CASS,11,DEMOCRATIC,DEM
GP 2004,18TH DEMOCRATIC DELEGATE,5,8928,ANTHONY,DelGIORNO,LIEBERMAN,MORGAN,18,DEMOCRATIC,DEM
GP 2004,18TH DEMOCRATIC DELEGATE,5,8928,ANTHONY,DelGIORNO,LIEBERMAN,PUTNAM,16,DEMOCRATIC,DEM
GP 2004,18TH DEMOCRATIC DELEGATE,5,8928,ANTHONY,DelGIORNO,LIEBERMAN,TAZEWELL,66,DEMOCRATIC,DEM
GP 2004,18TH DEMOCRATIC DELEGATE,5,8928,ANTHONY,DelGIORNO,LIEBERMAN,SANGAMON,129,DEMOCRATIC,DEM
GP 2004,18TH DEMOCRATIC DELEGATE,5,8928,ANTHONY,DelGIORNO,LIEBERMAN,SCOTT,9,DEMOCRATIC,DEM
GP 2004,18TH DEMOCRATIC DELEGATE,5,8928,ANTHONY,DelGIORNO,LIEBERMAN,MACON,93,DEMOCRATIC,DEM
GP 2004,18TH DEMOCRATIC DELEGATE,5,8928,ANTHONY,DelGIORNO,LIEBERMAN,KNOX,5,DEMOCRATIC,DEM
GP 2004,18TH DEMOCRATIC DELEGATE,5,8928,ANTHONY,DelGIORNO,LIEBERMAN,PEORIA,329,DEMOCRATIC,DEM
GP 2004,18TH DEMOCRATIC DELEGATE,5,8928,ANTHONY,DelGIORNO,LIEBERMAN,ADAMS,14,DEMOCRATIC,DEM
GP 2004,18TH DEMOCRATIC DELEGATE,5,8929,KARN,HAUBRICH,LIEBERMAN,BROWN,3,DEMOCRATIC,DEM
GP 2004,18TH DEMOCRATIC DELEGATE,5,8929,KARN,HAUBRICH,LIEBERMAN,LOGAN,3,DEMOCRATIC,DEM
GP 2004,18TH DEMOCRATIC DELEGATE,5,8929,KARN,HAUBRICH,LIEBERMAN,SCHUYLER,10,DEMOCRATIC,DEM
GP 2004,18TH DEMOCRATIC DELEGATE,5,8929,KARN,HAUBRICH,LIEBERMAN,MARSHALL,10,DEMOCRATIC,DEM
GP 2004,18TH DEMOCRATIC DELEGATE,5,8929,KARN,HAUBRICH,LIEBERMAN,MENARD,8,DEMOCRATIC,DEM
GP 2004,18TH DEMOCRATIC DELEGATE,5,8929,KARN,HAUBRICH,LIEBERMAN,WOODFORD,19,DEMOCRATIC,DEM
GP 2004,18TH DEMOCRATIC DELEGATE,5,8929,KARN,HAUBRICH,LIEBERMAN,MASON,24,DEMOCRATIC,DEM
GP 2004,18TH DEMOCRATIC DELEGATE,5,8929,KARN,HAUBRICH,LIEBERMAN,BUREAU,17,DEMOCRATIC,DEM
GP 2004,18TH DEMOCRATIC DELEGATE,5,8929,KARN,HAUBRICH,LIEBERMAN,PIKE,4,DEMOCRATIC,DEM
GP 2004,18TH DEMOCRATIC DELEGATE,5,8929,KARN,HAUBRICH,LIEBERMAN,CASS,11,DEMOCRATIC,DEM
GP 2004,18TH DEMOCRATIC DELEGATE,5,8929,KARN,HAUBRICH,LIEBERMAN,MORGAN,10,DEMOCRATIC,DEM
GP 2004,18TH DEMOCRATIC DELEGATE,5,8929,KARN,HAUBRICH,LIEBERMAN,PUTNAM,11,DEMOCRATIC,DEM
GP 2004,18TH DEMOCRATIC DELEGATE,5,8929,KARN,HAUBRICH,LIEBERMAN,TAZEWELL,47,DEMOCRATIC,DEM
GP 2004,18TH DEMOCRATIC DELEGATE,5,8929,KARN,HAUBRICH,LIEBERMAN,SANGAMON,72,DEMOCRATIC,DEM
GP 2004,18TH DEMOCRATIC DELEGATE,5,8929,KARN,HAUBRICH,LIEBERMAN,SCOTT,8,DEMOCRATIC,DEM
GP 2004,18TH DEMOCRATIC DELEGATE,5,8929,KARN,HAUBRICH,LIEBERMAN,MACON,73,DEMOCRATIC,DEM
GP 2004,18TH DEMOCRATIC DELEGATE,5,8929,KARN,HAUBRICH,LIEBERMAN,KNOX,3,DEMOCRATIC,DEM
GP 2004,18TH DEMOCRATIC DELEGATE,5,8929,KARN,HAUBRICH,LIEBERMAN,PEORIA,245,DEMOCRATIC,DEM
GP 2004,18TH DEMOCRATIC DELEGATE,5,8929,KARN,HAUBRICH,LIEBERMAN,ADAMS,34,DEMOCRATIC,DEM
GP 2004,18TH DEMOCRATIC DELEGATE,5,8929,KARN,HAUBRICH,LIEBERMAN,STARK,2,DEMOCRATIC,DEM
GP 2004,18TH DEMOCRATIC DELEGATE,5,8930,JACQUELINE,PETTY,LIEBERMAN,BROWN,4,DEMOCRATIC,DEM
GP 2004,18TH DEMOCRATIC DELEGATE,5,8930,JACQUELINE,PETTY,LIEBERMAN,LOGAN,6,DEMOCRATIC,DEM
GP 2004,18TH DEMOCRATIC DELEGATE,5,8930,JACQUELINE,PETTY,LIEBERMAN,SCHUYLER,9,DEMOCRATIC,DEM
GP 2004,18TH DEMOCRATIC DELEGATE,5,8930,JACQUELINE,PETTY,LIEBERMAN,MARSHALL,13,DEMOCRATIC,DEM
GP 2004,18TH DEMOCRATIC DELEGATE,5,8930,JACQUELINE,PETTY,LIEBERMAN,MENARD,10,DEMOCRATIC,DEM
GP 2004,18TH DEMOCRATIC DELEGATE,5,8930,JACQUELINE,PETTY,LIEBERMAN,STARK,6,DEMOCRATIC,DEM
GP 2004,18TH DEMOCRATIC DELEGATE,5,8930,JACQUELINE,PETTY,LIEBERMAN,WOODFORD,23,DEMOCRATIC,DEM
GP 2004,18TH DEMOCRATIC DELEGATE,5,8930,JACQUELINE,PETTY,LIEBERMAN,MASON,30,DEMOCRATIC,DEM
GP 2004,18TH DEMOCRATIC DELEGATE,5,8930,JACQUELINE,PETTY,LIEBERMAN,BUREAU,36,DEMOCRATIC,DEM
GP 2004,18TH DEMOCRATIC DELEGATE,5,8930,JACQUELINE,PETTY,LIEBERMAN,PIKE,13,DEMOCRATIC,DEM
GP 2004,18TH DEMOCRATIC DELEGATE,5,8930,JACQUELINE,PETTY,LIEBERMAN,CASS,13,DEMOCRATIC,DEM
GP 2004,18TH DEMOCRATIC DELEGATE,5,8930,JACQUELINE,PETTY,LIEBERMAN,MORGAN,10,DEMOCRATIC,DEM
GP 2004,18TH DEMOCRATIC DELEGATE,5,8930,JACQUELINE,PETTY,LIEBERMAN,PUTNAM,9,DEMOCRATIC,DEM
GP 2004,18TH DEMOCRATIC DELEGATE,5,8930,JACQUELINE,PETTY,LIEBERMAN,TAZEWELL,69,DEMOCRATIC,DEM
GP 2004,18TH DEMOCRATIC DELEGATE,5,8930,JACQUELINE,PETTY,LIEBERMAN,SANGAMON,112,DEMOCRATIC,DEM
GP 2004,18TH DEMOCRATIC DELEGATE,5,8930,JACQUELINE,PETTY,LIEBERMAN,SCOTT,20,DEMOCRATIC,DEM
GP 2004,18TH DEMOCRATIC DELEGATE,5,8930,JACQUELINE,PETTY,LIEBERMAN,MACON,109,DEMOCRATIC,DEM
GP 2004,18TH DEMOCRATIC DELEGATE,5,8930,JACQUELINE,PETTY,LIEBERMAN,KNOX,1,DEMOCRATIC,DEM
GP 2004,18TH DEMOCRATIC DELEGATE,5,8930,JACQUELINE,PETTY,LIEBERMAN,PEORIA,856,DEMOCRATIC,DEM
GP 2004,18TH DEMOCRATIC DELEGATE,5,8930,JACQUELINE,PETTY,LIEBERMAN,ADAMS,15,DEMOCRATIC,DEM
GP 2004,18TH DEMOCRATIC DELEGATE,5,8931,MARK,ROSENBERG,LIEBERMAN,BROWN,4,DEMOCRATIC,DEM
GP 2004,18TH DEMOCRATIC DELEGATE,5,8931,MARK,ROSENBERG,LIEBERMAN,LOGAN,8,DEMOCRATIC,DEM
GP 2004,18TH DEMOCRATIC DELEGATE,5,8931,MARK,ROSENBERG,LIEBERMAN,SCHUYLER,11,DEMOCRATIC,DEM
GP 2004,18TH DEMOCRATIC DELEGATE,5,8931,MARK,ROSENBERG,LIEBERMAN,MARSHALL,9,DEMOCRATIC,DEM
GP 2004,18TH DEMOCRATIC DELEGATE,5,8931,MARK,ROSENBERG,LIEBERMAN,MENARD,8,DEMOCRATIC,DEM
GP 2004,18TH DEMOCRATIC DELEGATE,5,8931,MARK,ROSENBERG,LIEBERMAN,STARK,3,DEMOCRATIC,DEM
GP 2004,18TH DEMOCRATIC DELEGATE,5,8931,MARK,ROSENBERG,LIEBERMAN,WOODFORD,18,DEMOCRATIC,DEM
GP 2004,18TH DEMOCRATIC DELEGATE,5,8931,MARK,ROSENBERG,LIEBERMAN,MASON,27,DEMOCRATIC,DEM
GP 2004,18TH DEMOCRATIC DELEGATE,5,8931,MARK,ROSENBERG,LIEBERMAN,BUREAU,41,DEMOCRATIC,DEM
GP 2004,18TH DEMOCRATIC DELEGATE,5,8931,MARK,ROSENBERG,LIEBERMAN,PIKE,5,DEMOCRATIC,DEM
GP 2004,18TH DEMOCRATIC DELEGATE,5,8931,MARK,ROSENBERG,LIEBERMAN,CASS,10,DEMOCRATIC,DEM
GP 2004,18TH DEMOCRATIC DELEGATE,5,8931,MARK,ROSENBERG,LIEBERMAN,MORGAN,14,DEMOCRATIC,DEM
GP 2004,18TH DEMOCRATIC DELEGATE,5,8931,MARK,ROSENBERG,LIEBERMAN,PUTNAM,11,DEMOCRATIC,DEM
GP 2004,18TH DEMOCRATIC DELEGATE,5,8931,MARK,ROSENBERG,LIEBERMAN,TAZEWELL,66,DEMOCRATIC,DEM
GP 2004,18TH DEMOCRATIC DELEGATE,5,8931,MARK,ROSENBERG,LIEBERMAN,SANGAMON,84,DEMOCRATIC,DEM
GP 2004,18TH DEMOCRATIC DELEGATE,5,8931,MARK,ROSENBERG,LIEBERMAN,SCOTT,16,DEMOCRATIC,DEM
GP 2004,18TH DEMOCRATIC DELEGATE,5,8931,MARK,ROSENBERG,LIEBERMAN,MACON,103,DEMOCRATIC,DEM
GP 2004,18TH DEMOCRATIC DELEGATE,5,8931,MARK,ROSENBERG,LIEBERMAN,KNOX,3,DEMOCRATIC,DEM
GP 2004,18TH DEMOCRATIC DELEGATE,5,8931,MARK,ROSENBERG,LIEBERMAN,PEORIA,436,DEMOCRATIC,DEM
GP 2004,18TH DEMOCRATIC DELEGATE,5,8931,MARK,ROSENBERG,LIEBERMAN,ADAMS,22,DEMOCRATIC,DEM
GP 2004,18TH DEMOCRATIC DELEGATE,5,8932,CHRISTINE,WITT,LIEBERMAN,BROWN,2,DEMOCRATIC,DEM
GP 2004,18TH DEMOCRATIC DELEGATE,5,8932,CHRISTINE,WITT,LIEBERMAN,LOGAN,11,DEMOCRATIC,DEM
GP 2004,18TH DEMOCRATIC DELEGATE,5,8932,CHRISTINE,WITT,LIEBERMAN,SCHUYLER,12,DEMOCRATIC,DEM
GP 2004,18TH DEMOCRATIC DELEGATE,5,8932,CHRISTINE,WITT,LIEBERMAN,MARSHALL,10,DEMOCRATIC,DEM
GP 2004,18TH DEMOCRATIC DELEGATE,5,8932,CHRISTINE,WITT,LIEBERMAN,MENARD,6,DEMOCRATIC,DEM
GP 2004,18TH DEMOCRATIC DELEGATE,5,8932,CHRISTINE,WITT,LIEBERMAN,STARK,7,DEMOCRATIC,DEM
GP 2004,18TH DEMOCRATIC DELEGATE,5,8932,CHRISTINE,WITT,LIEBERMAN,WOODFORD,13,DEMOCRATIC,DEM
GP 2004,18TH DEMOCRATIC DELEGATE,5,8932,CHRISTINE,WITT,LIEBERMAN,MASON,29,DEMOCRATIC,DEM
GP 2004,18TH DEMOCRATIC DELEGATE,5,8932,CHRISTINE,WITT,LIEBERMAN,BUREAU,27,DEMOCRATIC,DEM
GP 2004,18TH DEMOCRATIC DELEGATE,5,8932,CHRISTINE,WITT,LIEBERMAN,PIKE,4,DEMOCRATIC,DEM
GP 2004,18TH DEMOCRATIC DELEGATE,5,8932,CHRISTINE,WITT,LIEBERMAN,CASS,14,DEMOCRATIC,DEM
GP 2004,18TH DEMOCRATIC DELEGATE,5,8932,CHRISTINE,WITT,LIEBERMAN,MORGAN,11,DEMOCRATIC,DEM
GP 2004,18TH DEMOCRATIC DELEGATE,5,8932,CHRISTINE,WITT,LIEBERMAN,PUTNAM,9,DEMOCRATIC,DEM
GP 2004,18TH DEMOCRATIC DELEGATE,5,8932,CHRISTINE,WITT,LIEBERMAN,TAZEWELL,98,DEMOCRATIC,DEM
GP 2004,18TH DEMOCRATIC DELEGATE,5,8932,CHRISTINE,WITT,LIEBERMAN,SANGAMON,95,DEMOCRATIC,DEM
GP 2004,18TH DEMOCRATIC DELEGATE,5,8932,CHRISTINE,WITT,LIEBERMAN,SCOTT,10,DEMOCRATIC,DEM
GP 2004,18TH DEMOCRATIC DELEGATE,5,8932,CHRISTINE,WITT,LIEBERMAN,MACON,110,DEMOCRATIC,DEM
GP 2004,18TH DEMOCRATIC DELEGATE,5,8932,CHRISTINE,WITT,LIEBERMAN,KNOX,0,DEMOCRATIC,DEM
GP 2004,18TH DEMOCRATIC DELEGATE,5,8932,CHRISTINE,WITT,LIEBERMAN,PEORIA,368,DEMOCRATIC,DEM
GP 2004,18TH DEMOCRATIC DELEGATE,5,8932,CHRISTINE,WITT,LIEBERMAN,ADAMS,28,DEMOCRATIC,DEM
GP 2004,10TH DEMOCRATIC DELEGATE,5,8933,ADAM,HECHT,LIEBERMAN,LAKE,630,DEMOCRATIC,DEM
GP 2004,10TH DEMOCRATIC DELEGATE,5,8933,ADAM,HECHT,LIEBERMAN,COOK,744,DEMOCRATIC,DEM
GP 2004,10TH DEMOCRATIC DELEGATE,5,8934,BRAD,JACOB,LIEBERMAN,LAKE,803,DEMOCRATIC,DEM
GP 2004,10TH DEMOCRATIC DELEGATE,5,8934,BRAD,JACOB,LIEBERMAN,COOK,881,DEMOCRATIC,DEM
GP 2004,10TH DEMOCRATIC DELEGATE,5,8935,BARBARA,MEHLER,LIEBERMAN,LAKE,636,DEMOCRATIC,DEM
GP 2004,10TH DEMOCRATIC DELEGATE,5,8935,BARBARA,MEHLER,LIEBERMAN,COOK,718,DEMOCRATIC,DEM
GP 2004,10TH DEMOCRATIC DELEGATE,5,8936,EILEEN,RICHARDS,LIEBERMAN,LAKE,647,DEMOCRATIC,DEM
GP 2004,10TH DEMOCRATIC DELEGATE,5,8936,EILEEN,RICHARDS,LIEBERMAN,COOK,673,DEMOCRATIC,DEM
GP 2004,10TH DEMOCRATIC DELEGATE,5,8937,GAYLA,RUUFFEER,LIEBERMAN,LAKE,258,DEMOCRATIC,DEM
GP 2004,10TH DEMOCRATIC DELEGATE,5,8937,GAYLA,RUUFFEER,LIEBERMAN,COOK,215,DEMOCRATIC,DEM
GP 2004,14TH DEMOCRATIC ALTERNATE DELEGATE,1,8938,BRIAN,POLLOCK,LIEBERMAN,BUREAU,0,DEMOCRATIC,DEM
GP 2004,14TH DEMOCRATIC ALTERNATE DELEGATE,1,8938,BRIAN,POLLOCK,LIEBERMAN,LEE,55,DEMOCRATIC,DEM
GP 2004,14TH DEMOCRATIC ALTERNATE DELEGATE,1,8938,BRIAN,POLLOCK,LIEBERMAN,WHITESIDE,16,DEMOCRATIC,DEM
GP 2004,14TH DEMOCRATIC ALTERNATE DELEGATE,1,8938,BRIAN,POLLOCK,LIEBERMAN,HENRY,36,DEMOCRATIC,DEM
GP 2004,14TH DEMOCRATIC ALTERNATE DELEGATE,1,8938,BRIAN,POLLOCK,LIEBERMAN,KENDALL,136,DEMOCRATIC,DEM
GP 2004,14TH DEMOCRATIC ALTERNATE DELEGATE,1,8938,BRIAN,POLLOCK,LIEBERMAN,KANE,817,DEMOCRATIC,DEM
GP 2004,14TH DEMOCRATIC ALTERNATE DELEGATE,1,8938,BRIAN,POLLOCK,LIEBERMAN,DeKALB,121,DEMOCRATIC,DEM
GP 2004,14TH DEMOCRATIC ALTERNATE DELEGATE,1,8938,BRIAN,POLLOCK,LIEBERMAN,DuPAGE,77,DEMOCRATIC,DEM
GP 2004,2ND DEMOCRATIC DELEGATE,8,8939,LAMAR,BRITT,LIEBERMAN,WILL,20,DEMOCRATIC,DEM
GP 2004,2ND DEMOCRATIC DELEGATE,8,8939,LAMAR,BRITT,LIEBERMAN,COOK,1261,DEMOCRATIC,DEM
GP 2004,2ND DEMOCRATIC DELEGATE,8,8940,JERRY,DOSS,LIEBERMAN,WILL,27,DEMOCRATIC,DEM
GP 2004,2ND DEMOCRATIC DELEGATE,8,8940,JERRY,DOSS,LIEBERMAN,COOK,1069,DEMOCRATIC,DEM
GP 2004,2ND DEMOCRATIC DELEGATE,8,8941,SHIRLEY,DOSS,LIEBERMAN,WILL,44,DEMOCRATIC,DEM
GP 2004,2ND DEMOCRATIC DELEGATE,8,8941,SHIRLEY,DOSS,LIEBERMAN,COOK,1879,DEMOCRATIC,DEM
GP 2004,2ND DEMOCRATIC DELEGATE,8,8942,MARC,HAMILTON,LIEBERMAN,WILL,21,DEMOCRATIC,DEM
GP 2004,2ND DEMOCRATIC DELEGATE,8,8942,MARC,HAMILTON,LIEBERMAN,COOK,1074,DEMOCRATIC,DEM
GP 2004,2ND DEMOCRATIC DELEGATE,8,8943,MYRA,HANDY,LIEBERMAN,WILL,16,DEMOCRATIC,DEM
GP 2004,2ND DEMOCRATIC DELEGATE,8,8943,MYRA,HANDY,LIEBERMAN,COOK,891,DEMOCRATIC,DEM
GP 2004,2ND DEMOCRATIC DELEGATE,8,8944,JANET,WILLIAMS,LIEBERMAN,WILL,46,DEMOCRATIC,DEM
GP 2004,2ND DEMOCRATIC DELEGATE,8,8944,JANET,WILLIAMS,LIEBERMAN,COOK,1847,DEMOCRATIC,DEM
GP 2004,10TH DEMOCRATIC ALTERNATE DELEGATE,1,8945,ROBERT,SCHWIMMER,LIEBERMAN,LAKE,1516,DEMOCRATIC,DEM
GP 2004,10TH DEMOCRATIC ALTERNATE DELEGATE,1,8945,ROBERT,SCHWIMMER,LIEBERMAN,COOK,1681,DEMOCRATIC,DEM
GP 2004,5TH DEMOCRATIC DELEGATE,6,8946,BARRETT,PEDERSEN,EDWARDS,COOK,5156,DEMOCRATIC,DEM
GP 2004,5TH DEMOCRATIC DELEGATE,6,8947,JUDITH,GOLD,EDWARDS,COOK,4557,DEMOCRATIC,DEM
GP 2004,5TH DEMOCRATIC DELEGATE,6,8948,MICHAEL,BAUER,EDWARDS,COOK,4472,DEMOCRATIC,DEM
GP 2004,5TH DEMOCRATIC DELEGATE,6,8949,CYNTHIA,RAMIREZ,EDWARDS,COOK,5562,DEMOCRATIC,DEM
GP 2004,5TH DEMOCRATIC DELEGATE,6,8950,"RUDYARD ""RUDY"" E.",URIAN,EDWARDS,COOK,3082,DEMOCRATIC,DEM
GP 2004,5TH DEMOCRATIC DELEGATE,6,8951,MARGARET,MELL,EDWARDS,COOK,6733,DEMOCRATIC,DEM
GP 2004,12TH DEMOCRATIC DELEGATE,6,8952,CARL E.,OFFICER,EDWARDS,PERRY,351,DEMOCRATIC,DEM
GP 2004,12TH DEMOCRATIC DELEGATE,6,8952,CARL E.,OFFICER,EDWARDS,WILLIAMSON,510,DEMOCRATIC,DEM
GP 2004,12TH DEMOCRATIC DELEGATE,6,8952,CARL E.,OFFICER,EDWARDS,MONROE,218,DEMOCRATIC,DEM
GP 2004,12TH DEMOCRATIC DELEGATE,6,8952,CARL E.,OFFICER,EDWARDS,JACKSON,1328,DEMOCRATIC,DEM
GP 2004,12TH DEMOCRATIC DELEGATE,6,8952,CARL E.,OFFICER,EDWARDS,FRANKLIN,973,DEMOCRATIC,DEM
GP 2004,12TH DEMOCRATIC DELEGATE,6,8952,CARL E.,OFFICER,EDWARDS,MADISON,1895,DEMOCRATIC,DEM
GP 2004,12TH DEMOCRATIC DELEGATE,6,8952,CARL E.,OFFICER,EDWARDS,RANDOLPH,820,DEMOCRATIC,DEM
GP 2004,12TH DEMOCRATIC DELEGATE,6,8952,CARL E.,OFFICER,EDWARDS,UNION,697,DEMOCRATIC,DEM
GP 2004,12TH DEMOCRATIC DELEGATE,6,8952,CARL E.,OFFICER,EDWARDS,ST. CLAIR,6832,DEMOCRATIC,DEM
GP 2004,12TH DEMOCRATIC DELEGATE,6,8952,CARL E.,OFFICER,EDWARDS,ALEXANDER,150,DEMOCRATIC,DEM
GP 2004,12TH DEMOCRATIC DELEGATE,6,8952,CARL E.,OFFICER,EDWARDS,PULASKI,113,DEMOCRATIC,DEM
GP 2004,12TH DEMOCRATIC DELEGATE,6,8953,IRMA G.,GOLLIDAY,EDWARDS,PERRY,319,DEMOCRATIC,DEM
GP 2004,12TH DEMOCRATIC DELEGATE,6,8953,IRMA G.,GOLLIDAY,EDWARDS,WILLIAMSON,432,DEMOCRATIC,DEM
GP 2004,12TH DEMOCRATIC DELEGATE,6,8953,IRMA G.,GOLLIDAY,EDWARDS,MONROE,231,DEMOCRATIC,DEM
GP 2004,12TH DEMOCRATIC DELEGATE,6,8953,IRMA G.,GOLLIDAY,EDWARDS,JACKSON,1266,DEMOCRATIC,DEM
GP 2004,12TH DEMOCRATIC DELEGATE,6,8953,IRMA G.,GOLLIDAY,EDWARDS,FRANKLIN,932,DEMOCRATIC,DEM
GP 2004,12TH DEMOCRATIC DELEGATE,6,8953,IRMA G.,GOLLIDAY,EDWARDS,RANDOLPH,716,DEMOCRATIC,DEM
GP 2004,12TH DEMOCRATIC DELEGATE,6,8953,IRMA G.,GOLLIDAY,EDWARDS,MADISON,1239,DEMOCRATIC,DEM
GP 2004,12TH DEMOCRATIC DELEGATE,6,8953,IRMA G.,GOLLIDAY,EDWARDS,UNION,650,DEMOCRATIC,DEM
GP 2004,12TH DEMOCRATIC DELEGATE,6,8953,IRMA G.,GOLLIDAY,EDWARDS,ST. CLAIR,3992,DEMOCRATIC,DEM
GP 2004,12TH DEMOCRATIC DELEGATE,6,8953,IRMA G.,GOLLIDAY,EDWARDS,ALEXANDER,87,DEMOCRATIC,DEM
GP 2004,12TH DEMOCRATIC DELEGATE,6,8953,IRMA G.,GOLLIDAY,EDWARDS,PULASKI,95,DEMOCRATIC,DEM
GP 2004,12TH DEMOCRATIC DELEGATE,6,8954,KREY,LEESMAN,EDWARDS,PERRY,271,DEMOCRATIC,DEM
GP 2004,12TH DEMOCRATIC DELEGATE,6,8954,KREY,LEESMAN,EDWARDS,WILLIAMSON,392,DEMOCRATIC,DEM
GP 2004,12TH DEMOCRATIC DELEGATE,6,8954,KREY,LEESMAN,EDWARDS,MONROE,209,DEMOCRATIC,DEM
GP 2004,12TH DEMOCRATIC DELEGATE,6,8954,KREY,LEESMAN,EDWARDS,JACKSON,1103,DEMOCRATIC,DEM
GP 2004,12TH DEMOCRATIC DELEGATE,6,8954,KREY,LEESMAN,EDWARDS,FRANKLIN,853,DEMOCRATIC,DEM
GP 2004,12TH DEMOCRATIC DELEGATE,6,8954,KREY,LEESMAN,EDWARDS,RANDOLPH,663,DEMOCRATIC,DEM
GP 2004,12TH DEMOCRATIC DELEGATE,6,8954,KREY,LEESMAN,EDWARDS,MADISON,1045,DEMOCRATIC,DEM
GP 2004,12TH DEMOCRATIC DELEGATE,6,8954,KREY,LEESMAN,EDWARDS,UNION,635,DEMOCRATIC,DEM
GP 2004,12TH DEMOCRATIC DELEGATE,6,8954,KREY,LEESMAN,EDWARDS,ST. CLAIR,2011,DEMOCRATIC,DEM
GP 2004,12TH DEMOCRATIC DELEGATE,6,8954,KREY,LEESMAN,EDWARDS,ALEXANDER,85,DEMOCRATIC,DEM
GP 2004,12TH DEMOCRATIC DELEGATE,6,8954,KREY,LEESMAN,EDWARDS,PULASKI,87,DEMOCRATIC,DEM
GP 2004,12TH DEMOCRATIC DELEGATE,6,8955,CARYOLN K.,BROWN,EDWARDS,PERRY,374,DEMOCRATIC,DEM
GP 2004,12TH DEMOCRATIC DELEGATE,6,8955,CARYOLN K.,BROWN,EDWARDS,WILLIAMSON,491,DEMOCRATIC,DEM
GP 2004,12TH DEMOCRATIC DELEGATE,6,8955,CARYOLN K.,BROWN,EDWARDS,MONROE,279,DEMOCRATIC,DEM
GP 2004,12TH DEMOCRATIC DELEGATE,6,8955,CARYOLN K.,BROWN,EDWARDS,JACKSON,1558,DEMOCRATIC,DEM
GP 2004,12TH DEMOCRATIC DELEGATE,6,8955,CARYOLN K.,BROWN,EDWARDS,FRANKLIN,1040,DEMOCRATIC,DEM
GP 2004,12TH DEMOCRATIC DELEGATE,6,8955,CARYOLN K.,BROWN,EDWARDS,RANDOLPH,1030,DEMOCRATIC,DEM
GP 2004,12TH DEMOCRATIC DELEGATE,6,8955,CARYOLN K.,BROWN,EDWARDS,MADISON,1783,DEMOCRATIC,DEM
GP 2004,12TH DEMOCRATIC DELEGATE,6,8955,CARYOLN K.,BROWN,EDWARDS,UNION,748,DEMOCRATIC,DEM
GP 2004,12TH DEMOCRATIC DELEGATE,6,8955,CARYOLN K.,BROWN,EDWARDS,ST. CLAIR,2883,DEMOCRATIC,DEM
GP 2004,12TH DEMOCRATIC DELEGATE,6,8955,CARYOLN K.,BROWN,EDWARDS,ALEXANDER,127,DEMOCRATIC,DEM
GP 2004,12TH DEMOCRATIC DELEGATE,6,8955,CARYOLN K.,BROWN,EDWARDS,PULASKI,131,DEMOCRATIC,DEM
GP 2004,12TH DEMOCRATIC DELEGATE,6,8956,REX,CARR,EDWARDS,PERRY,341,DEMOCRATIC,DEM
GP 2004,12TH DEMOCRATIC DELEGATE,6,8956,REX,CARR,EDWARDS,WILLIAMSON,403,DEMOCRATIC,DEM
GP 2004,12TH DEMOCRATIC DELEGATE,6,8956,REX,CARR,EDWARDS,MONROE,274,DEMOCRATIC,DEM
GP 2004,12TH DEMOCRATIC DELEGATE,6,8956,REX,CARR,EDWARDS,JACKSON,1284,DEMOCRATIC,DEM
GP 2004,12TH DEMOCRATIC DELEGATE,6,8956,REX,CARR,EDWARDS,FRANKLIN,942,DEMOCRATIC,DEM
GP 2004,12TH DEMOCRATIC DELEGATE,6,8956,REX,CARR,EDWARDS,RANDOLPH,815,DEMOCRATIC,DEM
GP 2004,12TH DEMOCRATIC DELEGATE,6,8956,REX,CARR,EDWARDS,MADISON,1697,DEMOCRATIC,DEM
GP 2004,12TH DEMOCRATIC DELEGATE,6,8956,REX,CARR,EDWARDS,UNION,642,DEMOCRATIC,DEM
GP 2004,12TH DEMOCRATIC DELEGATE,6,8956,REX,CARR,EDWARDS,ST. CLAIR,3950,DEMOCRATIC,DEM
GP 2004,12TH DEMOCRATIC DELEGATE,6,8956,REX,CARR,EDWARDS,ALEXANDER,72,DEMOCRATIC,DEM
GP 2004,12TH DEMOCRATIC DELEGATE,6,8956,REX,CARR,EDWARDS,PULASKI,97,DEMOCRATIC,DEM
GP 2004,12TH DEMOCRATIC DELEGATE,6,8957,PAULA,JOHNSON,EDWARDS,PERRY,317,DEMOCRATIC,DEM
GP 2004,12TH DEMOCRATIC DELEGATE,6,8957,PAULA,JOHNSON,EDWARDS,WILLIAMSON,411,DEMOCRATIC,DEM
GP 2004,12TH DEMOCRATIC DELEGATE,6,8957,PAULA,JOHNSON,EDWARDS,MONROE,94,DEMOCRATIC,DEM
GP 2004,12TH DEMOCRATIC DELEGATE,6,8957,PAULA,JOHNSON,EDWARDS,JACKSON,439,DEMOCRATIC,DEM
GP 2004,12TH DEMOCRATIC DELEGATE,6,8957,PAULA,JOHNSON,EDWARDS,FRANKLIN,1094,DEMOCRATIC,DEM
GP 2004,12TH DEMOCRATIC DELEGATE,6,8957,PAULA,JOHNSON,EDWARDS,RANDOLPH,265,DEMOCRATIC,DEM
GP 2004,12TH DEMOCRATIC DELEGATE,6,8957,PAULA,JOHNSON,EDWARDS,MADISON,963,DEMOCRATIC,DEM
GP 2004,12TH DEMOCRATIC DELEGATE,6,8957,PAULA,JOHNSON,EDWARDS,UNION,713,DEMOCRATIC,DEM
GP 2004,12TH DEMOCRATIC DELEGATE,6,8957,PAULA,JOHNSON,EDWARDS,ST. CLAIR,2718,DEMOCRATIC,DEM
GP 2004,12TH DEMOCRATIC DELEGATE,6,8957,PAULA,JOHNSON,EDWARDS,ALEXANDER,88,DEMOCRATIC,DEM
GP 2004,12TH DEMOCRATIC DELEGATE,6,8957,PAULA,JOHNSON,EDWARDS,PULASKI,49,DEMOCRATIC,DEM
GP 2004,13TH DEMOCRATIC DELEGATE,4,8960,EDWARD F.,BUETTNER,GEPHARDT,WILL,293,DEMOCRATIC,DEM
GP 2004,13TH DEMOCRATIC DELEGATE,4,8960,EDWARD F.,BUETTNER,GEPHARDT,COOK,247,DEMOCRATIC,DEM
GP 2004,13TH DEMOCRATIC DELEGATE,4,8960,EDWARD F.,BUETTNER,GEPHARDT,DuPAGE,538,DEMOCRATIC,DEM
GP 2004,13TH DEMOCRATIC DELEGATE,4,8961,REGINA,RICE,GEPHARDT,WILL,456,DEMOCRATIC,DEM
GP 2004,13TH DEMOCRATIC DELEGATE,4,8961,REGINA,RICE,GEPHARDT,COOK,172,DEMOCRATIC,DEM
GP 2004,13TH DEMOCRATIC DELEGATE,4,8961,REGINA,RICE,GEPHARDT,DuPAGE,708,DEMOCRATIC,DEM
GP 2004,UNITED STATES SENATOR,1,8962,ESTELLA JOHNSON,HUNT,,STARK,0,DEMOCRATIC,DEM
GP 2004,UNITED STATES SENATOR,1,8962,ESTELLA JOHNSON,HUNT,,WILLIAMSON,0,DEMOCRATIC,DEM
GP 2004,UNITED STATES SENATOR,1,8962,ESTELLA JOHNSON,HUNT,,WOODFORD,0,DEMOCRATIC,DEM
GP 2004,UNITED STATES SENATOR,1,8962,ESTELLA JOHNSON,HUNT,,PIATT,1,DEMOCRATIC,DEM
GP 2004,UNITED STATES SENATOR,1,8962,ESTELLA JOHNSON,HUNT,,MENARD,0,DEMOCRATIC,DEM
GP 2004,UNITED STATES SENATOR,1,8962,ESTELLA JOHNSON,HUNT,,WASHINGTON,0,DEMOCRATIC,DEM
GP 2004,UNITED STATES SENATOR,1,8962,ESTELLA JOHNSON,HUNT,,FULTON,0,DEMOCRATIC,DEM
GP 2004,UNITED STATES SENATOR,1,8962,ESTELLA JOHNSON,HUNT,,HAMILTON,0,DEMOCRATIC,DEM
GP 2004,UNITED STATES SENATOR,1,8962,ESTELLA JOHNSON,HUNT,,HANCOCK,0,DEMOCRATIC,DEM
GP 2004,UNITED STATES SENATOR,1,8962,ESTELLA JOHNSON,HUNT,,MACOUPIN,0,DEMOCRATIC,DEM
GP 2004,UNITED STATES SENATOR,1,8962,ESTELLA JOHNSON,HUNT,,MASON,0,DEMOCRATIC,DEM
GP 2004,UNITED STATES SENATOR,1,8962,ESTELLA JOHNSON,HUNT,,MONROE,0,DEMOCRATIC,DEM
GP 2004,UNITED STATES SENATOR,1,8962,ESTELLA JOHNSON,HUNT,,SHELBY,0,DEMOCRATIC,DEM
GP 2004,UNITED STATES SENATOR,1,8962,ESTELLA JOHNSON,HUNT,,BUREAU,0,DEMOCRATIC,DEM
GP 2004,UNITED STATES SENATOR,1,8962,ESTELLA JOHNSON,HUNT,,WARREN,0,DEMOCRATIC,DEM
GP 2004,UNITED STATES SENATOR,1,8962,ESTELLA JOHNSON,HUNT,,DOUGLAS,0,DEMOCRATIC,DEM
GP 2004,UNITED STATES SENATOR,1,8962,ESTELLA JOHNSON,HUNT,,COLES,0,DEMOCRATIC,DEM
GP 2004,UNITED STATES SENATOR,1,8962,ESTELLA JOHNSON,HUNT,,EDWARDS,0,DEMOCRATIC,DEM
GP 2004,UNITED STATES SENATOR,1,8962,ESTELLA JOHNSON,HUNT,,PIKE,0,DEMOCRATIC,DEM
GP 2004,UNITED STATES SENATOR,1,8962,ESTELLA JOHNSON,HUNT,,HENDERSON,0,DEMOCRATIC,DEM
GP 2004,UNITED STATES SENATOR,1,8962,ESTELLA JOHNSON,HUNT,,JACKSON,0,DEMOCRATIC,DEM
GP 2004,UNITED STATES SENATOR,1,8962,ESTELLA JOHNSON,HUNT,,ROCK ISLAND,0,DEMOCRATIC,DEM
GP 2004,UNITED STATES SENATOR,1,8962,ESTELLA JOHNSON,HUNT,,LEE,0,DEMOCRATIC,DEM
GP 2004,UNITED STATES SENATOR,1,8962,ESTELLA JOHNSON,HUNT,,CASS,0,DEMOCRATIC,DEM
GP 2004,UNITED STATES SENATOR,1,8962,ESTELLA JOHNSON,HUNT,,WHITE,0,DEMOCRATIC,DEM
GP 2004,UNITED STATES SENATOR,1,8962,ESTELLA JOHNSON,HUNT,,CRAWFORD,0,DEMOCRATIC,DEM
GP 2004,UNITED STATES SENATOR,1,8962,ESTELLA JOHNSON,HUNT,,WHITESIDE,0,DEMOCRATIC,DEM
GP 2004,UNITED STATES SENATOR,1,8962,ESTELLA JOHNSON,HUNT,,MORGAN,1,DEMOCRATIC,DEM
GP 2004,UNITED STATES SENATOR,1,8962,ESTELLA JOHNSON,HUNT,,OGLE,0,DEMOCRATIC,DEM
GP 2004,UNITED STATES SENATOR,1,8962,ESTELLA JOHNSON,HUNT,,FRANKLIN,0,DEMOCRATIC,DEM
GP 2004,UNITED STATES SENATOR,1,8962,ESTELLA JOHNSON,HUNT,,FAYETTE,0,DEMOCRATIC,DEM
GP 2004,UNITED STATES SENATOR,1,8962,ESTELLA JOHNSON,HUNT,,RANDOLPH,0,DEMOCRATIC,DEM
GP 2004,UNITED STATES SENATOR,1,8962,ESTELLA JOHNSON,HUNT,,MARION,0,DEMOCRATIC,DEM
GP 2004,UNITED STATES SENATOR,1,8962,ESTELLA JOHNSON,HUNT,,SALINE,0,DEMOCRATIC,DEM
GP 2004,UNITED STATES SENATOR,1,8962,ESTELLA JOHNSON,HUNT,,MASSAC,0,DEMOCRATIC,DEM
GP 2004,UNITED STATES SENATOR,1,8962,ESTELLA JOHNSON,HUNT,,WILL,2,DEMOCRATIC,DEM
GP 2004,UNITED STATES SENATOR,1,8962,ESTELLA JOHNSON,HUNT,,CLARK,0,DEMOCRATIC,DEM
GP 2004,UNITED STATES SENATOR,1,8962,ESTELLA JOHNSON,HUNT,,CALHOUN,0,DEMOCRATIC,DEM
GP 2004,UNITED STATES SENATOR,1,8962,ESTELLA JOHNSON,HUNT,,STEPHENSON,0,DEMOCRATIC,DEM
GP 2004,UNITED STATES SENATOR,1,8962,ESTELLA JOHNSON,HUNT,,GALLATIN,0,DEMOCRATIC,DEM
GP 2004,UNITED STATES SENATOR,1,8962,ESTELLA JOHNSON,HUNT,,MONTGOMERY,0,DEMOCRATIC,DEM
GP 2004,UNITED STATES SENATOR,1,8962,ESTELLA JOHNSON,HUNT,,JEFFERSON,0,DEMOCRATIC,DEM
GP 2004,UNITED STATES SENATOR,1,8962,ESTELLA JOHNSON,HUNT,,PUTNAM,0,DEMOCRATIC,DEM
GP 2004,UNITED STATES SENATOR,1,8962,ESTELLA JOHNSON,HUNT,,WABASH,0,DEMOCRATIC,DEM
GP 2004,UNITED STATES SENATOR,1,8962,ESTELLA JOHNSON,HUNT,,MADISON,0,DEMOCRATIC,DEM
GP 2004,UNITED STATES SENATOR,1,8962,ESTELLA JOHNSON,HUNT,,GRUNDY,0,DEMOCRATIC,DEM
GP 2004,UNITED STATES SENATOR,1,8962,ESTELLA JOHNSON,HUNT,,JoDAVIESS,0,DEMOCRATIC,DEM
GP 2004,UNITED STATES SENATOR,1,8962,ESTELLA JOHNSON,HUNT,,TAZEWELL,0,DEMOCRATIC,DEM
GP 2004,UNITED STATES SENATOR,1,8962,ESTELLA JOHNSON,HUNT,,SANGAMON,0,DEMOCRATIC,DEM
GP 2004,UNITED STATES SENATOR,1,8962,ESTELLA JOHNSON,HUNT,,EFFINGHAM,0,DEMOCRATIC,DEM
GP 2004,UNITED STATES SENATOR,1,8962,ESTELLA JOHNSON,HUNT,,LAKE,0,DEMOCRATIC,DEM
GP 2004,UNITED STATES SENATOR,1,8962,ESTELLA JOHNSON,HUNT,,LaSALLE,0,DEMOCRATIC,DEM
GP 2004,UNITED STATES SENATOR,1,8962,ESTELLA JOHNSON,HUNT,,HENRY,0,DEMOCRATIC,DEM
GP 2004,UNITED STATES SENATOR,1,8962,ESTELLA JOHNSON,HUNT,,McDONOUGH,0,DEMOCRATIC,DEM
GP 2004,UNITED STATES SENATOR,1,8962,ESTELLA JOHNSON,HUNT,,CHAMPAIGN,0,DEMOCRATIC,DEM
GP 2004,UNITED STATES SENATOR,1,8962,ESTELLA JOHNSON,HUNT,,SCOTT,0,DEMOCRATIC,DEM
GP 2004,UNITED STATES SENATOR,1,8962,ESTELLA JOHNSON,HUNT,,CARROLL,0,DEMOCRATIC,DEM
GP 2004,UNITED STATES SENATOR,1,8962,ESTELLA JOHNSON,HUNT,,MACON,0,DEMOCRATIC,DEM
GP 2004,UNITED STATES SENATOR,1,8962,ESTELLA JOHNSON,HUNT,,POPE,0,DEMOCRATIC,DEM
GP 2004,UNITED STATES SENATOR,1,8962,ESTELLA JOHNSON,HUNT,,KNOX,0,DEMOCRATIC,DEM
GP 2004,UNITED STATES SENATOR,1,8962,ESTELLA JOHNSON,HUNT,,MOULTRIE,0,DEMOCRATIC,DEM
GP 2004,UNITED STATES SENATOR,1,8962,ESTELLA JOHNSON,HUNT,,PEORIA,0,DEMOCRATIC,DEM
GP 2004,UNITED STATES SENATOR,1,8962,ESTELLA JOHNSON,HUNT,,ADAMS,0,DEMOCRATIC,DEM
GP 2004,UNITED STATES SENATOR,1,8962,ESTELLA JOHNSON,HUNT,,CUMBERLAND,0,DEMOCRATIC,DEM
GP 2004,UNITED STATES SENATOR,1,8962,ESTELLA JOHNSON,HUNT,,WAYNE,0,DEMOCRATIC,DEM
GP 2004,UNITED STATES SENATOR,1,8962,ESTELLA JOHNSON,HUNT,,KENDALL,0,DEMOCRATIC,DEM
GP 2004,UNITED STATES SENATOR,1,8962,ESTELLA JOHNSON,HUNT,,KANKAKEE,0,DEMOCRATIC,DEM
GP 2004,UNITED STATES SENATOR,1,8962,ESTELLA JOHNSON,HUNT,,BOONE,0,DEMOCRATIC,DEM
GP 2004,UNITED STATES SENATOR,1,8962,ESTELLA JOHNSON,HUNT,,WINNEBAGO,0,DEMOCRATIC,DEM
GP 2004,UNITED STATES SENATOR,1,8962,ESTELLA JOHNSON,HUNT,,CHRISTIAN,0,DEMOCRATIC,DEM
GP 2004,UNITED STATES SENATOR,1,8962,ESTELLA JOHNSON,HUNT,,LAWRENCE,0,DEMOCRATIC,DEM
GP 2004,UNITED STATES SENATOR,1,8962,ESTELLA JOHNSON,HUNT,,McHENRY,0,DEMOCRATIC,DEM
GP 2004,UNITED STATES SENATOR,1,8962,ESTELLA JOHNSON,HUNT,,DeWITT,0,DEMOCRATIC,DEM
GP 2004,UNITED STATES SENATOR,1,8962,ESTELLA JOHNSON,HUNT,,LOGAN,0,DEMOCRATIC,DEM
GP 2004,UNITED STATES SENATOR,1,8962,ESTELLA JOHNSON,HUNT,,SCHUYLER,0,DEMOCRATIC,DEM
GP 2004,UNITED STATES SENATOR,1,8962,ESTELLA JOHNSON,HUNT,,KANE,0,DEMOCRATIC,DEM
GP 2004,UNITED STATES SENATOR,1,8962,ESTELLA JOHNSON,HUNT,,DeKALB,0,DEMOCRATIC,DEM
GP 2004,UNITED STATES SENATOR,1,8962,ESTELLA JOHNSON,HUNT,,McLEAN,0,DEMOCRATIC,DEM
GP 2004,UNITED STATES SENATOR,1,8962,ESTELLA JOHNSON,HUNT,,UNION,0,DEMOCRATIC,DEM
GP 2004,UNITED STATES SENATOR,1,8962,ESTELLA JOHNSON,HUNT,,ST. CLAIR,0,DEMOCRATIC,DEM
GP 2004,UNITED STATES SENATOR,1,8962,ESTELLA JOHNSON,HUNT,,GREENE,0,DEMOCRATIC,DEM
GP 2004,UNITED STATES SENATOR,1,8962,ESTELLA JOHNSON,HUNT,,VERMILION,0,DEMOCRATIC,DEM
GP 2004,UNITED STATES SENATOR,1,8962,ESTELLA JOHNSON,HUNT,,ALEXANDER,0,DEMOCRATIC,DEM
GP 2004,UNITED STATES SENATOR,1,8962,ESTELLA JOHNSON,HUNT,,PULASKI,0,DEMOCRATIC,DEM
GP 2004,UNITED STATES SENATOR,1,8962,ESTELLA JOHNSON,HUNT,,DuPAGE,4,DEMOCRATIC,DEM
GP 2004,UNITED STATES SENATOR,1,8962,ESTELLA JOHNSON,HUNT,,COOK,2,DEMOCRATIC,DEM
GP 2004,13TH CONGRESS,1,8963,BOB,HART,,WILL,41,REPUBLICAN,REP
GP 2004,13TH CONGRESS,1,8963,BOB,HART,,DuPAGE,189,REPUBLICAN,REP
GP 2004,13TH CONGRESS,1,8963,BOB,HART,,COOK,1,REPUBLICAN,REP
GP 2004,107TH REPRESENTATIVE,1,8964,BUTCH,MATHUS,,JEFFERSON,49,REPUBLICAN,REP
GP 2004,107TH REPRESENTATIVE,1,8964,BUTCH,MATHUS,,FAYETTE,0,REPUBLICAN,REP
GP 2004,53RD REPRESENTATIVE,1,8965,ROB,SHERMAN,,LAKE,6,DEMOCRATIC,DEM
GP 2004,53RD REPRESENTATIVE,1,8965,ROB,SHERMAN,,COOK,9,DEMOCRATIC,DEM
