Election,OfficeName,BallotGroup,VoteFor,CandidateID,OfficeSequence,CanFirstName,CanAffilCommit,CanLastName,County,PartyName,Votes,ID,PartyAbbrev
GP 2020,1ST REPRESENTATIVE,J,1,25950,2001,ALICIA ELENA,,MARTINEZ,COOK,DEMOCRATIC,4842,1,DEM
GP 2020,1ST REPRESENTATIVE,J,1,25530,2001,AARON M.,,ORTIZ,COOK,DEMOCRATIC,6643,2,DEM
GP 2020,2ND REPRESENTATIVE,J,1,25466,2002,BOBBY,,MARTINEZ OLSON,COOK,DEMOCRATIC,4428,3,DEM
GP 2020,2ND REPRESENTATIVE,J,1,25848,2002,KENNETH M.,,KOZLAR,COOK,DEMOCRATIC,715,4,DEM
GP 2020,2ND REPRESENTATIVE,J,1,25535,2002,THERESA,,MAH,COOK,DEMOCRATIC,10580,5,DEM
GP 2020,3RD REPRESENTATIVE,J,1,25968,2003,NIDIA,,CARRANZA,COOK,DEMOCRATIC,5922,6,DEM
GP 2020,3RD REPRESENTATIVE,J,1,25634,2003,EVA DINA,,DELGADO,COOK,DEMOCRATIC,6302,7,DEM
GP 2020,4TH REPRESENTATIVE,J,1,25513,2004,DELIA C.,,RAMIREZ,COOK,DEMOCRATIC,16136,8,DEM
GP 2020,5TH REPRESENTATIVE,J,1,25539,2005,LAMONT J.,,ROBINSON,COOK,DEMOCRATIC,18079,9,DEM
GP 2020,6TH REPRESENTATIVE,J,1,26000,2006,SONYA MARIE,,HARPER,COOK,DEMOCRATIC,12954,10,DEM
GP 2020,7TH REPRESENTATIVE,J,1,25544,2007,"EMANUEL ""CHRIS""",,WELCH,COOK,DEMOCRATIC,19406,11,DEM
GP 2020,8TH REPRESENTATIVE,J,1,25552,2008,LA SHAWN K.,,FORD,COOK,DEMOCRATIC,18036,12,DEM
GP 2020,9TH REPRESENTATIVE,J,1,26007,2009,"NICOLE L. ""NIKKI""",,HARVEY,COOK,DEMOCRATIC,1494,13,DEM
GP 2020,9TH REPRESENTATIVE,J,1,25615,2009,LAKESIA,,COLLINS,COOK,DEMOCRATIC,8040,14,DEM
GP 2020,9TH REPRESENTATIVE,J,1,25605,2009,"TYJUAN ""TY""",,CRATIC,COOK,DEMOCRATIC,1557,15,DEM
GP 2020,9TH REPRESENTATIVE,J,1,25641,2009,TRINA,,MANGRUM,COOK,DEMOCRATIC,1850,16,DEM
GP 2020,9TH REPRESENTATIVE,J,1,25453,2009,AARON,,TURNER,COOK,DEMOCRATIC,2603,17,DEM
GP 2020,9TH REPRESENTATIVE,J,1,25947,2009,MAURICE,,EDWARDS,COOK,DEMOCRATIC,704,18,DEM
GP 2020,9TH REPRESENTATIVE,J,1,25972,2009,SANDRA,,SCHNELLER,COOK,DEMOCRATIC,1161,19,DEM
GP 2020,10TH REPRESENTATIVE,J,1,25452,2010,GERARD C.,,MOORER,COOK,DEMOCRATIC,5872,20,DEM
GP 2020,10TH REPRESENTATIVE,J,1,25996,2010,GINA,,ZUCCARO,COOK,DEMOCRATIC,4237,21,DEM
GP 2020,10TH REPRESENTATIVE,J,1,25461,2010,"JAWAHARIAL ""OMAR""",,WILLIAMS,COOK,DEMOCRATIC,8334,22,DEM
GP 2020,11TH REPRESENTATIVE,J,1,25555,2011,ANN M.,,WILLIAMS,COOK,DEMOCRATIC,23890,23,DEM
GP 2020,12TH REPRESENTATIVE,J,1,25741,2012,RYAN,,PODGES,COOK,DEMOCRATIC,1061,24,DEM
GP 2020,12TH REPRESENTATIVE,J,1,25978,2012,"JAMES A. ""JIMMY""",,GARFIELD,COOK,DEMOCRATIC,1652,25,DEM
GP 2020,12TH REPRESENTATIVE,J,1,25993,2012,MARTY,,MALONE,COOK,DEMOCRATIC,741,26,DEM
GP 2020,12TH REPRESENTATIVE,J,1,25974,2012,"JONATHAN A. ""YONI""",,PIZER,COOK,DEMOCRATIC,11168,27,DEM
GP 2020,12TH REPRESENTATIVE,J,1,25854,2012,MARGARET,,CROKE,COOK,DEMOCRATIC,12380,28,DEM
GP 2020,13TH REPRESENTATIVE,J,1,25567,2013,GREG,,HARRIS,COOK,DEMOCRATIC,24229,29,DEM
GP 2020,14TH REPRESENTATIVE,J,1,25683,2014,KELLY M.,,CASSIDY,COOK,DEMOCRATIC,22873,30,DEM
GP 2020,15TH REPRESENTATIVE,J,1,25495,2015,JOHN C.,,D'AMICO,COOK,DEMOCRATIC,14179,31,DEM
GP 2020,16TH REPRESENTATIVE,J,1,25572,2016,"YEHIEL ""MARK""",,KALISH,COOK,DEMOCRATIC,5799,32,DEM
GP 2020,16TH REPRESENTATIVE,J,1,25937,2016,KEVIN,,OLICKAL,COOK,DEMOCRATIC,4407,33,DEM
GP 2020,16TH REPRESENTATIVE,J,1,26657,2016,BRIAN LEE,,O'DONNELL,COOK,REPUBLICAN,75,34,REP
GP 2020,16TH REPRESENTATIVE,J,1,25614,2016,DENYSE WANG,,STONEBACK,COOK,DEMOCRATIC,7749,35,DEM
GP 2020,17TH REPRESENTATIVE,J,1,25577,2017,JENNIFER,,GONG-GERSHOWITZ,COOK,DEMOCRATIC,21489,36,DEM
GP 2020,17TH REPRESENTATIVE,J,1,25617,2017,YESOE,,YOON,COOK,REPUBLICAN,2238,37,REP
GP 2020,18TH REPRESENTATIVE,J,1,25582,2018,ROBYN,,GABEL,COOK,DEMOCRATIC,23991,38,DEM
GP 2020,19TH REPRESENTATIVE,J,1,25736,2019,JOE,,DUPLECHIN,COOK,DEMOCRATIC,3865,39,DEM
GP 2020,19TH REPRESENTATIVE,J,1,25807,2019,"PATRICIA D. ""PATTI VASQUEZ""",,BONNIN,COOK,DEMOCRATIC,5979,40,DEM
GP 2020,19TH REPRESENTATIVE,J,1,25589,2019,LINDSEY,,LaPOINTE,COOK,DEMOCRATIC,7295,41,DEM
GP 2020,19TH REPRESENTATIVE,J,1,25935,2019,JEFF,,MUEHLFELDER,COOK,REPUBLICAN,1861,42,REP
GP 2020,20TH REPRESENTATIVE,J,1,25878,2020,R. CARY,,CAPPARELLI,COOK,DEMOCRATIC,4905,43,DEM
GP 2020,20TH REPRESENTATIVE,J,1,26004,2020,MICHELLE,,DARBRO,COOK,DEMOCRATIC,9921,44,DEM
GP 2020,20TH REPRESENTATIVE,J,1,25682,2020,BRAD,,STEPHENS,COOK,REPUBLICAN,3705,45,REP
GP 2020,21ST REPRESENTATIVE,J,1,25911,2021,EDGAR,,"GONZALEZ, JR.",COOK,DEMOCRATIC,9048,46,DEM
GP 2020,22ND REPRESENTATIVE,J,1,26658,2022,RICHARD,,MAYERS,COOK,REPUBLICAN,1,47,REP
GP 2020,22ND REPRESENTATIVE,J,1,25600,2022,MICHAEL J.,,MADIGAN,COOK,DEMOCRATIC,13740,48,DEM
GP 2020,23RD REPRESENTATIVE,J,1,25613,2023,MICHAEL J.,,ZALEWSKI,COOK,DEMOCRATIC,9868,49,DEM
GP 2020,24TH REPRESENTATIVE,J,1,25616,2024,"ELIZABETH ""LISA""",,HERNANDEZ,COOK,DEMOCRATIC,9998,50,DEM
GP 2020,25TH REPRESENTATIVE,J,1,25620,2025,CURTIS J.,,TARVER II,COOK,DEMOCRATIC,17806,51,DEM
GP 2020,26TH REPRESENTATIVE,J,1,25627,2026,KAM,,BUCKNER,COOK,DEMOCRATIC,17378,52,DEM
GP 2020,27TH REPRESENTATIVE,J,1,26659,2027,MARLO,,BARNETT,COOK,DEMOCRATIC,3,53,DEM
GP 2020,27TH REPRESENTATIVE,J,1,25632,2027,JUSTIN Q.,,SLAUGHTER,COOK,DEMOCRATIC,20194,54,DEM
GP 2020,28TH REPRESENTATIVE,J,1,25638,2028,"ROBERT ""BOB""",,RITA,COOK,DEMOCRATIC,15391,55,DEM
GP 2020,29TH REPRESENTATIVE,J,1,25804,2029,DeANDRE,,TILLMAN,WILL,DEMOCRATIC,1114,56,DEM
GP 2020,29TH REPRESENTATIVE,J,1,25804,2029,DeANDRE,,TILLMAN,COOK,DEMOCRATIC,7939,57,DEM
GP 2020,29TH REPRESENTATIVE,J,1,25643,2029,THADDEUS,,JONES,WILL,DEMOCRATIC,1642,58,DEM
GP 2020,29TH REPRESENTATIVE,J,1,25643,2029,THADDEUS,,JONES,COOK,DEMOCRATIC,9178,59,DEM
GP 2020,30TH REPRESENTATIVE,J,1,25449,2030,"WILLIAM ""WILL""",,DAVIS,COOK,DEMOCRATIC,13535,60,DEM
GP 2020,31ST REPRESENTATIVE,J,1,25958,2031,SAMANTHA,,SIMPSON,COOK,DEMOCRATIC,5287,61,DEM
GP 2020,31ST REPRESENTATIVE,J,1,25646,2031,MARY E.,,FLOWERS,COOK,DEMOCRATIC,13449,62,DEM
GP 2020,32ND REPRESENTATIVE,J,1,25877,2032,RICKY,,GANDHI,COOK,DEMOCRATIC,5708,63,DEM
GP 2020,32ND REPRESENTATIVE,J,1,25998,2032,ANDR╔,,THAPEDI,COOK,DEMOCRATIC,7824,64,DEM
GP 2020,33RD REPRESENTATIVE,J,1,25467,2033,MARCUS C.,,"EVANS, JR.",COOK,DEMOCRATIC,18735,65,DEM
GP 2020,34TH REPRESENTATIVE,J,1,25649,2034,"NICHOLAS ""NICK""",,SMITH,KANKAKEE,DEMOCRATIC,1047,66,DEM
GP 2020,34TH REPRESENTATIVE,J,1,25649,2034,"NICHOLAS ""NICK""",,SMITH,WILL,DEMOCRATIC,1143,67,DEM
GP 2020,34TH REPRESENTATIVE,J,1,25649,2034,"NICHOLAS ""NICK""",,SMITH,COOK,DEMOCRATIC,14455,68,DEM
GP 2020,35TH REPRESENTATIVE,J,1,25654,2035,FRANCES ANN,,HURLEY,COOK,DEMOCRATIC,19330,69,DEM
GP 2020,35TH REPRESENTATIVE,J,1,25511,2035,HERBERT,,HEBEIN,COOK,REPUBLICAN,2234,70,REP
GP 2020,36TH REPRESENTATIVE,J,1,25659,2036,KELLY M.,,BURKE,COOK,DEMOCRATIC,16745,71,DEM
GP 2020,37TH REPRESENTATIVE,J,1,25651,2037,MICHELLE,,FADELEY,WILL,DEMOCRATIC,7854,72,DEM
GP 2020,37TH REPRESENTATIVE,J,1,25651,2037,MICHELLE,,FADELEY,COOK,DEMOCRATIC,3215,73,DEM
GP 2020,37TH REPRESENTATIVE,J,1,25476,2037,TIM,,OZINGA,WILL,REPUBLICAN,4907,74,REP
GP 2020,37TH REPRESENTATIVE,J,1,25476,2037,TIM,,OZINGA,COOK,REPUBLICAN,955,75,REP
GP 2020,38TH REPRESENTATIVE,J,1,25473,2038,DEBBIE,,MEYERS-MARTIN,WILL,DEMOCRATIC,994,76,DEM
GP 2020,38TH REPRESENTATIVE,J,1,25473,2038,DEBBIE,,MEYERS-MARTIN,COOK,DEMOCRATIC,18582,77,DEM
GP 2020,38TH REPRESENTATIVE,J,1,25895,2038,MAX,,SOLOMON,WILL,REPUBLICAN,344,78,REP
GP 2020,38TH REPRESENTATIVE,J,1,25895,2038,MAX,,SOLOMON,COOK,REPUBLICAN,1067,79,REP
GP 2020,39TH REPRESENTATIVE,J,1,25663,2039,WILL,,GUZZARDI,COOK,DEMOCRATIC,13687,80,DEM
GP 2020,40TH REPRESENTATIVE,J,1,25941,2040,SYAMALA,,KRISHNAMSETTY,COOK,DEMOCRATIC,6287,81,DEM
GP 2020,40TH REPRESENTATIVE,J,1,25668,2040,JAIME M.,,"ANDRADE, JR.",COOK,DEMOCRATIC,11687,82,DEM
GP 2020,41ST REPRESENTATIVE,J,1,25863,2041,DENIKA,,McMILLEN,WILL,DEMOCRATIC,1350,83,DEM
GP 2020,41ST REPRESENTATIVE,J,1,25863,2041,DENIKA,,McMILLEN,DuPAGE,DEMOCRATIC,3014,84,DEM
GP 2020,41ST REPRESENTATIVE,J,1,26003,2041,JANET YANG,,ROHR,WILL,DEMOCRATIC,3143,85,DEM
GP 2020,41ST REPRESENTATIVE,J,1,26003,2041,JANET YANG,,ROHR,DuPAGE,DEMOCRATIC,7103,86,DEM
GP 2020,41ST REPRESENTATIVE,J,1,25647,2041,GRANT,,WEHRLI,WILL,REPUBLICAN,1990,87,REP
GP 2020,41ST REPRESENTATIVE,J,1,25647,2041,GRANT,,WEHRLI,DuPAGE,REPUBLICAN,3987,88,REP
GP 2020,42ND REPRESENTATIVE,J,1,25670,2042,KEN,,MEJIA-BEAL,DuPAGE,DEMOCRATIC,12381,89,DEM
GP 2020,42ND REPRESENTATIVE,J,1,25587,2042,AMY L.,,GRANT,DuPAGE,REPUBLICAN,7316,90,REP
GP 2020,43RD REPRESENTATIVE,J,1,25676,2043,ANNA,,MOELLER,KANE,DEMOCRATIC,5038,91,DEM
GP 2020,43RD REPRESENTATIVE,J,1,25676,2043,ANNA,,MOELLER,COOK,DEMOCRATIC,1698,92,DEM
GP 2020,44TH REPRESENTATIVE,J,1,25681,2044,FRED,,CRESPO,COOK,DEMOCRATIC,9311,93,DEM
GP 2020,45TH REPRESENTATIVE,J,1,25596,2045,"ALFREDO ""AL""",,MANZO,DuPAGE,REPUBLICAN,533,94,REP
GP 2020,45TH REPRESENTATIVE,J,1,25596,2045,"ALFREDO ""AL""",,MANZO,COOK,REPUBLICAN,20,95,REP
GP 2020,45TH REPRESENTATIVE,J,1,25963,2045,RANDY,,RAMEY,DuPAGE,REPUBLICAN,1936,96,REP
GP 2020,45TH REPRESENTATIVE,J,1,25963,2045,RANDY,,RAMEY,COOK,REPUBLICAN,94,97,REP
GP 2020,45TH REPRESENTATIVE,J,1,25685,2045,DIANE,,PAPPAS,DuPAGE,DEMOCRATIC,8358,98,DEM
GP 2020,45TH REPRESENTATIVE,J,1,25685,2045,DIANE,,PAPPAS,COOK,DEMOCRATIC,815,99,DEM
GP 2020,45TH REPRESENTATIVE,J,1,25625,2045,MICHAEL E.,,CAMERER,DuPAGE,REPUBLICAN,2102,100,REP
GP 2020,45TH REPRESENTATIVE,J,1,25625,2045,MICHAEL E.,,CAMERER,COOK,REPUBLICAN,265,101,REP
GP 2020,46TH REPRESENTATIVE,J,1,25688,2046,DEB,,CONROY,DuPAGE,DEMOCRATIC,9367,102,DEM
GP 2020,47TH REPRESENTATIVE,J,1,25694,2047,JENNIFER,,ZORDANI,DuPAGE,DEMOCRATIC,11355,103,DEM
GP 2020,47TH REPRESENTATIVE,J,1,25694,2047,JENNIFER,,ZORDANI,COOK,DEMOCRATIC,1161,104,DEM
GP 2020,47TH REPRESENTATIVE,J,1,25618,2047,DEANNE MARIE,,MAZZOCHI,DuPAGE,REPUBLICAN,4165,105,REP
GP 2020,47TH REPRESENTATIVE,J,1,25618,2047,DEANNE MARIE,,MAZZOCHI,COOK,REPUBLICAN,170,106,REP
GP 2020,48TH REPRESENTATIVE,J,1,25701,2048,TERRA COSTA,,HOWARD,DuPAGE,DEMOCRATIC,14366,107,DEM
GP 2020,48TH REPRESENTATIVE,J,1,25554,2048,PETER,,BREEN,DuPAGE,REPUBLICAN,5559,108,REP
GP 2020,49TH REPRESENTATIVE,J,1,25648,2049,MAURA,,HIRSCHAUER,KANE,DEMOCRATIC,7156,109,DEM
GP 2020,49TH REPRESENTATIVE,J,1,25648,2049,MAURA,,HIRSCHAUER,DuPAGE,DEMOCRATIC,3485,110,DEM
GP 2020,49TH REPRESENTATIVE,J,1,25648,2049,MAURA,,HIRSCHAUER,COOK,DEMOCRATIC,566,111,DEM
GP 2020,49TH REPRESENTATIVE,J,1,25529,2049,LAURA,,CURTIS,KANE,REPUBLICAN,3805,112,REP
GP 2020,49TH REPRESENTATIVE,J,1,25529,2049,LAURA,,CURTIS,DuPAGE,REPUBLICAN,1251,113,REP
GP 2020,49TH REPRESENTATIVE,J,1,25529,2049,LAURA,,CURTIS,COOK,REPUBLICAN,180,114,REP
GP 2020,50TH REPRESENTATIVE,J,1,25661,2050,KEITH R.,,WHEELER,KANE,REPUBLICAN,4555,115,REP
GP 2020,50TH REPRESENTATIVE,J,1,25661,2050,KEITH R.,,WHEELER,KENDALL,REPUBLICAN,3004,116,REP
GP 2020,51ST REPRESENTATIVE,J,1,25707,2051,MARY,,EDLY-ALLEN,COOK,DEMOCRATIC,52,117,DEM
GP 2020,51ST REPRESENTATIVE,J,1,25707,2051,MARY,,EDLY-ALLEN,LAKE,DEMOCRATIC,13543,118,DEM
GP 2020,51ST REPRESENTATIVE,J,1,25551,2051,CHRIS,,BOS,COOK,REPUBLICAN,10,119,REP
GP 2020,51ST REPRESENTATIVE,J,1,25551,2051,CHRIS,,BOS,LAKE,REPUBLICAN,5434,120,REP
GP 2020,52ND REPRESENTATIVE,J,1,25946,2052,MARTIN,,McLAUGHLIN,KANE,REPUBLICAN,440,121,REP
GP 2020,52ND REPRESENTATIVE,J,1,25946,2052,MARTIN,,McLAUGHLIN,McHENRY,REPUBLICAN,3969,122,REP
GP 2020,52ND REPRESENTATIVE,J,1,25946,2052,MARTIN,,McLAUGHLIN,COOK,REPUBLICAN,1173,123,REP
GP 2020,52ND REPRESENTATIVE,J,1,25946,2052,MARTIN,,McLAUGHLIN,LAKE,REPUBLICAN,944,124,REP
GP 2020,53RD REPRESENTATIVE,J,1,25711,2053,MARK L.,,WALKER,COOK,DEMOCRATIC,13861,125,DEM
GP 2020,54TH REPRESENTATIVE,J,1,25738,2054,RYAN,,HUFFMAN,COOK,DEMOCRATIC,2725,126,DEM
GP 2020,54TH REPRESENTATIVE,J,1,25702,2054,MAGGIE,,TREVOR,COOK,DEMOCRATIC,11273,127,DEM
GP 2020,54TH REPRESENTATIVE,J,1,25532,2054,"THOMAS R. ""TOM""",,MORRISON,COOK,REPUBLICAN,4690,128,REP
GP 2020,55TH REPRESENTATIVE,J,1,25715,2055,MARTIN J.,,MOYLAN,COOK,DEMOCRATIC,11698,129,DEM
GP 2020,56TH REPRESENTATIVE,J,1,25729,2056,MICHELLE,,MUSSMAN,DuPAGE,DEMOCRATIC,1717,130,DEM
GP 2020,56TH REPRESENTATIVE,J,1,25729,2056,MICHELLE,,MUSSMAN,COOK,DEMOCRATIC,9513,131,DEM
GP 2020,57TH REPRESENTATIVE,J,1,25724,2057,JONATHAN,,CARROLL,COOK,DEMOCRATIC,10592,132,DEM
GP 2020,57TH REPRESENTATIVE,J,1,25724,2057,JONATHAN,,CARROLL,LAKE,DEMOCRATIC,541,133,DEM
GP 2020,58TH REPRESENTATIVE,J,1,25677,2058,BOB,,MORGAN,COOK,DEMOCRATIC,1627,134,DEM
GP 2020,58TH REPRESENTATIVE,J,1,25677,2058,BOB,,MORGAN,LAKE,DEMOCRATIC,15114,135,DEM
GP 2020,59TH REPRESENTATIVE,J,1,25722,2059,DANIEL,,DIDECH,COOK,DEMOCRATIC,1367,136,DEM
GP 2020,59TH REPRESENTATIVE,J,1,25722,2059,DANIEL,,DIDECH,LAKE,DEMOCRATIC,10729,137,DEM
GP 2020,60TH REPRESENTATIVE,J,1,25965,2060,DIANA,,BURDETTE,LAKE,DEMOCRATIC,1639,138,DEM
GP 2020,60TH REPRESENTATIVE,J,1,26640,2060,MARK B.,,LUND,LAKE,REPUBLICAN,229,139,REP
GP 2020,60TH REPRESENTATIVE,J,1,25732,2060,RITA,,MAYFIELD,LAKE,DEMOCRATIC,7020,140,DEM
GP 2020,61ST REPRESENTATIVE,J,1,25737,2061,JOYCE,,MASON,LAKE,DEMOCRATIC,10009,141,DEM
GP 2020,61ST REPRESENTATIVE,J,1,25939,2061,DAN,,YOST,LAKE,REPUBLICAN,4424,142,REP
GP 2020,62ND REPRESENTATIVE,J,1,25739,2062,SAM,,YINGLING,LAKE,DEMOCRATIC,9762,143,DEM
GP 2020,62ND REPRESENTATIVE,J,1,25906,2062,JIM,,WALSH,LAKE,REPUBLICAN,2992,144,REP
GP 2020,63RD REPRESENTATIVE,J,1,25849,2063,PETER,,JANKO,McHENRY,DEMOCRATIC,3076,145,DEM
GP 2020,63RD REPRESENTATIVE,J,1,25569,2063,BRIAN,,SAGER,McHENRY,DEMOCRATIC,5984,146,DEM
GP 2020,63RD REPRESENTATIVE,J,1,25940,2063,STEVEN,,REICK,McHENRY,REPUBLICAN,7836,147,REP
GP 2020,64TH REPRESENTATIVE,J,1,25908,2064,LESLIE,,ARMSTRONG-McLEOD,McHENRY,DEMOCRATIC,4808,148,DEM
GP 2020,64TH REPRESENTATIVE,J,1,25908,2064,LESLIE,,ARMSTRONG-McLEOD,LAKE,DEMOCRATIC,4812,149,DEM
GP 2020,64TH REPRESENTATIVE,J,1,25640,2064,TOM,,WEBER,McHENRY,REPUBLICAN,4093,150,REP
GP 2020,64TH REPRESENTATIVE,J,1,25640,2064,TOM,,WEBER,LAKE,REPUBLICAN,2966,151,REP
GP 2020,65TH REPRESENTATIVE,J,1,25838,2065,"MOHAMMAD ""MO""",,IQBAL,KANE,DEMOCRATIC,3977,152,DEM
GP 2020,65TH REPRESENTATIVE,J,1,25838,2065,"MOHAMMAD ""MO""",,IQBAL,McHENRY,DEMOCRATIC,276,153,DEM
GP 2020,65TH REPRESENTATIVE,J,1,25746,2065,MARTHA,,PASCHKE,KANE,DEMOCRATIC,7617,154,DEM
GP 2020,65TH REPRESENTATIVE,J,1,25746,2065,MARTHA,,PASCHKE,McHENRY,DEMOCRATIC,680,155,DEM
GP 2020,65TH REPRESENTATIVE,J,1,25689,2065,DAN,,UGASTE,KANE,REPUBLICAN,6175,156,REP
GP 2020,65TH REPRESENTATIVE,J,1,25689,2065,DAN,,UGASTE,McHENRY,REPUBLICAN,645,157,REP
GP 2020,66TH REPRESENTATIVE,J,1,25710,2066,JIM,,MALONE,KANE,DEMOCRATIC,862,158,DEM
GP 2020,66TH REPRESENTATIVE,J,1,25710,2066,JIM,,MALONE,McHENRY,DEMOCRATIC,1330,159,DEM
GP 2020,66TH REPRESENTATIVE,J,1,25487,2066,CAROLYN,,SCHOFIELD,KANE,REPUBLICAN,440,160,REP
GP 2020,66TH REPRESENTATIVE,J,1,25487,2066,CAROLYN,,SCHOFIELD,McHENRY,REPUBLICAN,1283,161,REP
GP 2020,66TH REPRESENTATIVE,J,1,25504,2066,SUZANNE M,,NESS,KANE,DEMOCRATIC,2432,162,DEM
GP 2020,66TH REPRESENTATIVE,J,1,25504,2066,SUZANNE M,,NESS,McHENRY,DEMOCRATIC,5174,163,DEM
GP 2020,66TH REPRESENTATIVE,J,1,25497,2066,ALLEN,,SKILLICORN,KANE,REPUBLICAN,1245,164,REP
GP 2020,66TH REPRESENTATIVE,J,1,25497,2066,ALLEN,,SKILLICORN,McHENRY,REPUBLICAN,2726,165,REP
GP 2020,67TH REPRESENTATIVE,J,1,25749,2067,MAURICE A.,,WEST II,WINNEBAGO,DEMOCRATIC,6750,166,DEM
GP 2020,68TH REPRESENTATIVE,J,1,25501,2068,DAVE,,VELLA,WINNEBAGO,DEMOCRATIC,9833,167,DEM
GP 2020,68TH REPRESENTATIVE,J,1,25553,2068,JOHN M.,,CABELLO,WINNEBAGO,REPUBLICAN,7248,168,REP
GP 2020,69TH REPRESENTATIVE,J,1,25673,2069,JOE,,SOSNOWSKI,BOONE,REPUBLICAN,2496,169,REP
GP 2020,69TH REPRESENTATIVE,J,1,25673,2069,JOE,,SOSNOWSKI,WINNEBAGO,REPUBLICAN,5010,170,REP
GP 2020,70TH REPRESENTATIVE,J,1,25753,2070,PAUL,,STODDARD,BOONE,DEMOCRATIC,581,171,DEM
GP 2020,70TH REPRESENTATIVE,J,1,25753,2070,PAUL,,STODDARD,KANE,DEMOCRATIC,1622,172,DEM
GP 2020,70TH REPRESENTATIVE,J,1,25753,2070,PAUL,,STODDARD,DeKALB,DEMOCRATIC,7155,173,DEM
GP 2020,70TH REPRESENTATIVE,J,1,25598,2070,JEFF,,KEICHER,BOONE,REPUBLICAN,407,174,REP
GP 2020,70TH REPRESENTATIVE,J,1,25598,2070,JEFF,,KEICHER,KANE,REPUBLICAN,1684,175,REP
GP 2020,70TH REPRESENTATIVE,J,1,25598,2070,JEFF,,KEICHER,DeKALB,REPUBLICAN,3427,176,REP
GP 2020,71ST REPRESENTATIVE,J,1,25755,2071,JOAN,,PADILLA,WHITESIDE,DEMOCRATIC,3696,177,DEM
GP 2020,71ST REPRESENTATIVE,J,1,25755,2071,JOAN,,PADILLA,CARROLL,DEMOCRATIC,354,178,DEM
GP 2020,71ST REPRESENTATIVE,J,1,25755,2071,JOAN,,PADILLA,HENRY,DEMOCRATIC,558,179,DEM
GP 2020,71ST REPRESENTATIVE,J,1,25755,2071,JOAN,,PADILLA,ROCK ISLAND,DEMOCRATIC,3436,180,DEM
GP 2020,71ST REPRESENTATIVE,J,1,25509,2071,TONY M.,,McCOMBIE,WHITESIDE,REPUBLICAN,2368,181,REP
GP 2020,71ST REPRESENTATIVE,J,1,25509,2071,TONY M.,,McCOMBIE,CARROLL,REPUBLICAN,275,182,REP
GP 2020,71ST REPRESENTATIVE,J,1,25509,2071,TONY M.,,McCOMBIE,HENRY,REPUBLICAN,354,183,REP
GP 2020,71ST REPRESENTATIVE,J,1,25509,2071,TONY M.,,McCOMBIE,ROCK ISLAND,REPUBLICAN,1640,184,REP
GP 2020,72ND REPRESENTATIVE,J,1,25764,2072,MICHAEL W.,,HALPIN,ROCK ISLAND,DEMOCRATIC,10245,185,DEM
GP 2020,72ND REPRESENTATIVE,J,1,25961,2072,GLEN,,EVANS SR.,ROCK ISLAND,REPUBLICAN,2771,186,REP
GP 2020,73RD REPRESENTATIVE,J,1,25631,2073,RYAN,,SPAIN,STARK,REPUBLICAN,429,187,REP
GP 2020,73RD REPRESENTATIVE,J,1,25631,2073,RYAN,,SPAIN,MARSHALL,REPUBLICAN,1389,188,REP
GP 2020,73RD REPRESENTATIVE,J,1,25631,2073,RYAN,,SPAIN,WOODFORD,REPUBLICAN,1179,189,REP
GP 2020,73RD REPRESENTATIVE,J,1,25631,2073,RYAN,,SPAIN,BUREAU,REPUBLICAN,332,190,REP
GP 2020,73RD REPRESENTATIVE,J,1,25631,2073,RYAN,,SPAIN,LaSALLE,REPUBLICAN,122,191,REP
GP 2020,73RD REPRESENTATIVE,J,1,25631,2073,RYAN,,SPAIN,PEORIA,REPUBLICAN,3054,192,REP
GP 2020,74TH REPRESENTATIVE,J,1,25865,2074,CHRISTOPHER,,DEMINK,LEE,DEMOCRATIC,167,193,DEM
GP 2020,74TH REPRESENTATIVE,J,1,25865,2074,CHRISTOPHER,,DEMINK,HENRY,DEMOCRATIC,2324,194,DEM
GP 2020,74TH REPRESENTATIVE,J,1,25865,2074,CHRISTOPHER,,DEMINK,BUREAU,DEMOCRATIC,984,195,DEM
GP 2020,74TH REPRESENTATIVE,J,1,25865,2074,CHRISTOPHER,,DEMINK,KNOX,DEMOCRATIC,2588,196,DEM
GP 2020,74TH REPRESENTATIVE,J,1,25865,2074,CHRISTOPHER,,DEMINK,MERCER,DEMOCRATIC,1124,197,DEM
GP 2020,74TH REPRESENTATIVE,J,1,25635,2074,DAN,,SWANSON,LEE,REPUBLICAN,149,198,REP
GP 2020,74TH REPRESENTATIVE,J,1,25635,2074,DAN,,SWANSON,HENRY,REPUBLICAN,2456,199,REP
GP 2020,74TH REPRESENTATIVE,J,1,25635,2074,DAN,,SWANSON,BUREAU,REPUBLICAN,1054,200,REP
GP 2020,74TH REPRESENTATIVE,J,1,25635,2074,DAN,,SWANSON,KNOX,REPUBLICAN,2028,201,REP
GP 2020,74TH REPRESENTATIVE,J,1,25635,2074,DAN,,SWANSON,MERCER,REPUBLICAN,1234,202,REP
GP 2020,75TH REPRESENTATIVE,J,1,25655,2075,DAVID ALLEN,,WELTER,KENDALL,REPUBLICAN,2579,203,REP
GP 2020,75TH REPRESENTATIVE,J,1,25655,2075,DAVID ALLEN,,WELTER,LaSALLE,REPUBLICAN,724,204,REP
GP 2020,75TH REPRESENTATIVE,J,1,25655,2075,DAVID ALLEN,,WELTER,GRUNDY,REPUBLICAN,2153,205,REP
GP 2020,75TH REPRESENTATIVE,J,1,25655,2075,DAVID ALLEN,,WELTER,WILL,REPUBLICAN,1233,206,REP
GP 2020,76TH REPRESENTATIVE,J,1,25760,2076,LANCE,,YEDNOCK,LIVINGSTON,DEMOCRATIC,82,207,DEM
GP 2020,76TH REPRESENTATIVE,J,1,25760,2076,LANCE,,YEDNOCK,BUREAU,DEMOCRATIC,1072,208,DEM
GP 2020,76TH REPRESENTATIVE,J,1,25760,2076,LANCE,,YEDNOCK,PUTNAM,DEMOCRATIC,554,209,DEM
GP 2020,76TH REPRESENTATIVE,J,1,25760,2076,LANCE,,YEDNOCK,LaSALLE,DEMOCRATIC,7445,210,DEM
GP 2020,76TH REPRESENTATIVE,J,1,25791,2076,TRAVIS S,,BREEDEN,LIVINGSTON,REPUBLICAN,93,211,REP
GP 2020,76TH REPRESENTATIVE,J,1,25791,2076,TRAVIS S,,BREEDEN,BUREAU,REPUBLICAN,389,212,REP
GP 2020,76TH REPRESENTATIVE,J,1,25791,2076,TRAVIS S,,BREEDEN,PUTNAM,REPUBLICAN,344,213,REP
GP 2020,76TH REPRESENTATIVE,J,1,25791,2076,TRAVIS S,,BREEDEN,LaSALLE,REPUBLICAN,3294,214,REP
GP 2020,77TH REPRESENTATIVE,J,1,25756,2077,KATHLEEN,,WILLIS,DuPAGE,DEMOCRATIC,2644,215,DEM
GP 2020,77TH REPRESENTATIVE,J,1,25756,2077,KATHLEEN,,WILLIS,COOK,DEMOCRATIC,4294,216,DEM
GP 2020,77TH REPRESENTATIVE,J,1,25927,2077,ANTHONY,,AIRDO,DuPAGE,REPUBLICAN,875,217,REP
GP 2020,77TH REPRESENTATIVE,J,1,25927,2077,ANTHONY,,AIRDO,COOK,REPUBLICAN,700,218,REP
GP 2020,78TH REPRESENTATIVE,J,1,25752,2078,CAMILLE,,LILLY,COOK,DEMOCRATIC,20529,219,DEM
GP 2020,79TH REPRESENTATIVE,J,1,25823,2079,ROBERT S.,,ELLINGTON-SNIPES,GRUNDY,DEMOCRATIC,226,220,DEM
GP 2020,79TH REPRESENTATIVE,J,1,25823,2079,ROBERT S.,,ELLINGTON-SNIPES,KANKAKEE,DEMOCRATIC,3063,221,DEM
GP 2020,79TH REPRESENTATIVE,J,1,25823,2079,ROBERT S.,,ELLINGTON-SNIPES,WILL,DEMOCRATIC,151,222,DEM
GP 2020,79TH REPRESENTATIVE,J,1,25944,2079,CHARLENE,,EADS,GRUNDY,DEMOCRATIC,359,223,DEM
GP 2020,79TH REPRESENTATIVE,J,1,25944,2079,CHARLENE,,EADS,KANKAKEE,DEMOCRATIC,3776,224,DEM
GP 2020,79TH REPRESENTATIVE,J,1,25944,2079,CHARLENE,,EADS,WILL,DEMOCRATIC,259,225,DEM
GP 2020,79TH REPRESENTATIVE,J,1,25938,2079,JACKIE,,HAAS,GRUNDY,REPUBLICAN,359,226,REP
GP 2020,79TH REPRESENTATIVE,J,1,25938,2079,JACKIE,,HAAS,KANKAKEE,REPUBLICAN,5733,227,REP
GP 2020,79TH REPRESENTATIVE,J,1,25938,2079,JACKIE,,HAAS,WILL,REPUBLICAN,649,228,REP
GP 2020,80TH REPRESENTATIVE,J,1,25748,2080,ANTHONY,,DeLUCA,WILL,DEMOCRATIC,4677,229,DEM
GP 2020,80TH REPRESENTATIVE,J,1,25748,2080,ANTHONY,,DeLUCA,COOK,DEMOCRATIC,9579,230,DEM
GP 2020,81ST REPRESENTATIVE,J,1,25740,2081,ANNE,,STAVA-MURRAY,WILL,DEMOCRATIC,488,231,DEM
GP 2020,81ST REPRESENTATIVE,J,1,25740,2081,ANNE,,STAVA-MURRAY,DuPAGE,DEMOCRATIC,13267,232,DEM
GP 2020,81ST REPRESENTATIVE,J,1,25566,2081,LAURA,,HOIS,WILL,REPUBLICAN,184,233,REP
GP 2020,81ST REPRESENTATIVE,J,1,25566,2081,LAURA,,HOIS,DuPAGE,REPUBLICAN,4573,234,REP
GP 2020,82ND REPRESENTATIVE,J,1,25918,2082,KASSEM,,MOUKAHAL,WILL,DEMOCRATIC,2174,235,DEM
GP 2020,82ND REPRESENTATIVE,J,1,25918,2082,KASSEM,,MOUKAHAL,DuPAGE,DEMOCRATIC,3500,236,DEM
GP 2020,82ND REPRESENTATIVE,J,1,25918,2082,KASSEM,,MOUKAHAL,COOK,DEMOCRATIC,6364,237,DEM
GP 2020,82ND REPRESENTATIVE,J,1,25720,2082,JIM,,DURKIN,WILL,REPUBLICAN,1472,238,REP
GP 2020,82ND REPRESENTATIVE,J,1,25720,2082,JIM,,DURKIN,DuPAGE,REPUBLICAN,1824,239,REP
GP 2020,82ND REPRESENTATIVE,J,1,25720,2082,JIM,,DURKIN,COOK,REPUBLICAN,1808,240,REP
GP 2020,83RD REPRESENTATIVE,J,1,25905,2083,JUAN,,THOMAS,KANE,DEMOCRATIC,2053,241,DEM
GP 2020,83RD REPRESENTATIVE,J,1,25735,2083,BARBARA,,HERNANDEZ,KANE,DEMOCRATIC,5340,242,DEM
GP 2020,83RD REPRESENTATIVE,J,1,25862,2083,DONALD R,,WALTER,KANE,REPUBLICAN,1443,243,REP
GP 2020,84TH REPRESENTATIVE,J,1,25731,2084,STEPHANIE A.,,KIFOWIT,KANE,DEMOCRATIC,1041,244,DEM
GP 2020,84TH REPRESENTATIVE,J,1,25731,2084,STEPHANIE A.,,KIFOWIT,WILL,DEMOCRATIC,2842,245,DEM
GP 2020,84TH REPRESENTATIVE,J,1,25731,2084,STEPHANIE A.,,KIFOWIT,KENDALL,DEMOCRATIC,2069,246,DEM
GP 2020,84TH REPRESENTATIVE,J,1,25731,2084,STEPHANIE A.,,KIFOWIT,DuPAGE,DEMOCRATIC,4792,247,DEM
GP 2020,85TH REPRESENTATIVE,J,1,25543,2085,"DAGMARA ""DEE""",,AVELAR,WILL,DEMOCRATIC,8992,248,DEM
GP 2020,85TH REPRESENTATIVE,J,1,25543,2085,"DAGMARA ""DEE""",,AVELAR,DuPAGE,DEMOCRATIC,1666,249,DEM
GP 2020,85TH REPRESENTATIVE,J,1,25885,2085,RON,,DOWEIDT,WILL,REPUBLICAN,2608,250,REP
GP 2020,85TH REPRESENTATIVE,J,1,25885,2085,RON,,DOWEIDT,DuPAGE,REPUBLICAN,393,251,REP
GP 2020,86TH REPRESENTATIVE,J,1,25725,2086,"LAWRENCE ""LARRY""",,"WALSH, JR.",WILL,DEMOCRATIC,10392,252,DEM
GP 2020,87TH REPRESENTATIVE,J,1,25464,2087,TIM,,BUTLER,LOGAN,REPUBLICAN,3948,253,REP
GP 2020,87TH REPRESENTATIVE,J,1,25464,2087,TIM,,BUTLER,MENARD,REPUBLICAN,1028,254,REP
GP 2020,87TH REPRESENTATIVE,J,1,25464,2087,TIM,,BUTLER,SANGAMON,REPUBLICAN,2714,255,REP
GP 2020,87TH REPRESENTATIVE,J,1,25464,2087,TIM,,BUTLER,TAZEWELL,REPUBLICAN,1342,256,REP
GP 2020,88TH REPRESENTATIVE,J,1,25812,2088,KARLA,,BAILEY-SMITH,TAZEWELL,DEMOCRATIC,3660,257,DEM
GP 2020,88TH REPRESENTATIVE,J,1,25812,2088,KARLA,,BAILEY-SMITH,McLEAN,DEMOCRATIC,5167,258,DEM
GP 2020,88TH REPRESENTATIVE,J,1,25624,2088,KEITH P.,,SOMMER,TAZEWELL,REPUBLICAN,3887,259,REP
GP 2020,88TH REPRESENTATIVE,J,1,25624,2088,KEITH P.,,SOMMER,McLEAN,REPUBLICAN,3083,260,REP
GP 2020,89TH REPRESENTATIVE,J,1,25565,2089,ANDREW S.,,CHESNEY,WHITESIDE,REPUBLICAN,120,261,REP
GP 2020,89TH REPRESENTATIVE,J,1,25565,2089,ANDREW S.,,CHESNEY,CARROLL,REPUBLICAN,852,262,REP
GP 2020,89TH REPRESENTATIVE,J,1,25565,2089,ANDREW S.,,CHESNEY,STEPHENSON,REPUBLICAN,2685,263,REP
GP 2020,89TH REPRESENTATIVE,J,1,25565,2089,ANDREW S.,,CHESNEY,OGLE,REPUBLICAN,1164,264,REP
GP 2020,89TH REPRESENTATIVE,J,1,25565,2089,ANDREW S.,,CHESNEY,WINNEBAGO,REPUBLICAN,1606,265,REP
GP 2020,89TH REPRESENTATIVE,J,1,25565,2089,ANDREW S.,,CHESNEY,JoDAVIESS,REPUBLICAN,1888,266,REP
GP 2020,90TH REPRESENTATIVE,J,1,25924,2090,SETH,,WIGGINS,LEE,DEMOCRATIC,1931,267,DEM
GP 2020,90TH REPRESENTATIVE,J,1,25924,2090,SETH,,WIGGINS,OGLE,DEMOCRATIC,2739,268,DEM
GP 2020,90TH REPRESENTATIVE,J,1,25924,2090,SETH,,WIGGINS,DeKALB,DEMOCRATIC,1800,269,DEM
GP 2020,90TH REPRESENTATIVE,J,1,25924,2090,SETH,,WIGGINS,WINNEBAGO,DEMOCRATIC,0,270,DEM
GP 2020,90TH REPRESENTATIVE,J,1,25924,2090,SETH,,WIGGINS,LaSALLE,DEMOCRATIC,585,271,DEM
GP 2020,90TH REPRESENTATIVE,J,1,25574,2090,TOM,,DEMMER,LEE,REPUBLICAN,1812,272,REP
GP 2020,90TH REPRESENTATIVE,J,1,25574,2090,TOM,,DEMMER,OGLE,REPUBLICAN,4315,273,REP
GP 2020,90TH REPRESENTATIVE,J,1,25574,2090,TOM,,DEMMER,DeKALB,REPUBLICAN,1427,274,REP
GP 2020,90TH REPRESENTATIVE,J,1,25574,2090,TOM,,DEMMER,WINNEBAGO,REPUBLICAN,0,275,REP
GP 2020,90TH REPRESENTATIVE,J,1,25574,2090,TOM,,DEMMER,LaSALLE,REPUBLICAN,584,276,REP
GP 2020,91ST REPRESENTATIVE,J,1,25956,2091,JOSH,,GRYS,FULTON,DEMOCRATIC,2522,277,DEM
GP 2020,91ST REPRESENTATIVE,J,1,25956,2091,JOSH,,GRYS,TAZEWELL,DEMOCRATIC,4203,278,DEM
GP 2020,91ST REPRESENTATIVE,J,1,25956,2091,JOSH,,GRYS,PEORIA,DEMOCRATIC,895,279,DEM
GP 2020,91ST REPRESENTATIVE,J,1,25583,2091,MARK A.,,LUFT,FULTON,REPUBLICAN,1106,280,REP
GP 2020,91ST REPRESENTATIVE,J,1,25583,2091,MARK A.,,LUFT,TAZEWELL,REPUBLICAN,2781,281,REP
GP 2020,91ST REPRESENTATIVE,J,1,25583,2091,MARK A.,,LUFT,PEORIA,REPUBLICAN,643,282,REP
GP 2020,92ND REPRESENTATIVE,J,1,25719,2092,JEHAN,,GORDON-BOOTH,PEORIA,DEMOCRATIC,10123,283,DEM
GP 2020,93RD REPRESENTATIVE,J,1,25811,2093,EMILIANO,,VERA,McDONOUGH,DEMOCRATIC,931,284,DEM
GP 2020,93RD REPRESENTATIVE,J,1,25811,2093,EMILIANO,,VERA,MASON,DEMOCRATIC,215,285,DEM
GP 2020,93RD REPRESENTATIVE,J,1,25811,2093,EMILIANO,,VERA,CASS,DEMOCRATIC,201,286,DEM
GP 2020,93RD REPRESENTATIVE,J,1,25811,2093,EMILIANO,,VERA,FULTON,DEMOCRATIC,134,287,DEM
GP 2020,93RD REPRESENTATIVE,J,1,25811,2093,EMILIANO,,VERA,WARREN,DEMOCRATIC,67,288,DEM
GP 2020,93RD REPRESENTATIVE,J,1,25811,2093,EMILIANO,,VERA,KNOX,DEMOCRATIC,540,289,DEM
GP 2020,93RD REPRESENTATIVE,J,1,25811,2093,EMILIANO,,VERA,SCHUYLER,DEMOCRATIC,79,290,DEM
GP 2020,93RD REPRESENTATIVE,J,1,25811,2093,EMILIANO,,VERA,BROWN,DEMOCRATIC,48,291,DEM
GP 2020,93RD REPRESENTATIVE,J,1,25919,2093,SCOTT,,STOLL,McDONOUGH,DEMOCRATIC,1043,292,DEM
GP 2020,93RD REPRESENTATIVE,J,1,25919,2093,SCOTT,,STOLL,MASON,DEMOCRATIC,823,293,DEM
GP 2020,93RD REPRESENTATIVE,J,1,25919,2093,SCOTT,,STOLL,CASS,DEMOCRATIC,494,294,DEM
GP 2020,93RD REPRESENTATIVE,J,1,25919,2093,SCOTT,,STOLL,FULTON,DEMOCRATIC,405,295,DEM
GP 2020,93RD REPRESENTATIVE,J,1,25919,2093,SCOTT,,STOLL,WARREN,DEMOCRATIC,145,296,DEM
GP 2020,93RD REPRESENTATIVE,J,1,25919,2093,SCOTT,,STOLL,KNOX,DEMOCRATIC,755,297,DEM
GP 2020,93RD REPRESENTATIVE,J,1,25919,2093,SCOTT,,STOLL,SCHUYLER,DEMOCRATIC,380,298,DEM
GP 2020,93RD REPRESENTATIVE,J,1,25919,2093,SCOTT,,STOLL,BROWN,DEMOCRATIC,140,299,DEM
GP 2020,93RD REPRESENTATIVE,J,1,25593,2093,NORINE K.,,HAMMOND,McDONOUGH,REPUBLICAN,1621,300,REP
GP 2020,93RD REPRESENTATIVE,J,1,25593,2093,NORINE K.,,HAMMOND,MASON,REPUBLICAN,1068,301,REP
GP 2020,93RD REPRESENTATIVE,J,1,25593,2093,NORINE K.,,HAMMOND,CASS,REPUBLICAN,668,302,REP
GP 2020,93RD REPRESENTATIVE,J,1,25593,2093,NORINE K.,,HAMMOND,FULTON,REPUBLICAN,530,303,REP
GP 2020,93RD REPRESENTATIVE,J,1,25593,2093,NORINE K.,,HAMMOND,WARREN,REPUBLICAN,267,304,REP
GP 2020,93RD REPRESENTATIVE,J,1,25593,2093,NORINE K.,,HAMMOND,KNOX,REPUBLICAN,533,305,REP
GP 2020,93RD REPRESENTATIVE,J,1,25593,2093,NORINE K.,,HAMMOND,SCHUYLER,REPUBLICAN,671,306,REP
GP 2020,93RD REPRESENTATIVE,J,1,25593,2093,NORINE K.,,HAMMOND,BROWN,REPUBLICAN,783,307,REP
GP 2020,94TH REPRESENTATIVE,J,1,25847,2094,ANGEL,,SMITH,ADAMS,DEMOCRATIC,3203,308,DEM
GP 2020,94TH REPRESENTATIVE,J,1,25847,2094,ANGEL,,SMITH,HENDERSON,DEMOCRATIC,472,309,DEM
GP 2020,94TH REPRESENTATIVE,J,1,25847,2094,ANGEL,,SMITH,WARREN,DEMOCRATIC,864,310,DEM
GP 2020,94TH REPRESENTATIVE,J,1,25847,2094,ANGEL,,SMITH,HANCOCK,DEMOCRATIC,1038,311,DEM
GP 2020,94TH REPRESENTATIVE,J,1,25579,2094,RANDY E.,,FRESE,ADAMS,REPUBLICAN,8694,312,REP
GP 2020,94TH REPRESENTATIVE,J,1,25579,2094,RANDY E.,,FRESE,HENDERSON,REPUBLICAN,600,313,REP
GP 2020,94TH REPRESENTATIVE,J,1,25579,2094,RANDY E.,,FRESE,WARREN,REPUBLICAN,1243,314,REP
GP 2020,94TH REPRESENTATIVE,J,1,25579,2094,RANDY E.,,FRESE,HANCOCK,REPUBLICAN,2740,315,REP
GP 2020,95TH REPRESENTATIVE,J,1,25861,2095,LAWRENCE L.,,OLIVER,MACOUPIN,REPUBLICAN,402,316,REP
GP 2020,95TH REPRESENTATIVE,J,1,25861,2095,LAWRENCE L.,,OLIVER,MONTGOMERY,REPUBLICAN,398,317,REP
GP 2020,95TH REPRESENTATIVE,J,1,25861,2095,LAWRENCE L.,,OLIVER,CHRISTIAN,REPUBLICAN,239,318,REP
GP 2020,95TH REPRESENTATIVE,J,1,25861,2095,LAWRENCE L.,,OLIVER,MADISON,REPUBLICAN,142,319,REP
GP 2020,95TH REPRESENTATIVE,J,1,25914,2095,CHASE,,WILHELM,MACOUPIN,DEMOCRATIC,2862,320,DEM
GP 2020,95TH REPRESENTATIVE,J,1,25914,2095,CHASE,,WILHELM,MONTGOMERY,DEMOCRATIC,1468,321,DEM
GP 2020,95TH REPRESENTATIVE,J,1,25914,2095,CHASE,,WILHELM,CHRISTIAN,DEMOCRATIC,1362,322,DEM
GP 2020,95TH REPRESENTATIVE,J,1,25914,2095,CHASE,,WILHELM,MADISON,DEMOCRATIC,657,323,DEM
GP 2020,95TH REPRESENTATIVE,J,1,25549,2095,AVERY,,BOURNE,MACOUPIN,REPUBLICAN,2221,324,REP
GP 2020,95TH REPRESENTATIVE,J,1,25549,2095,AVERY,,BOURNE,MONTGOMERY,REPUBLICAN,1978,325,REP
GP 2020,95TH REPRESENTATIVE,J,1,25549,2095,AVERY,,BOURNE,CHRISTIAN,REPUBLICAN,2010,326,REP
GP 2020,95TH REPRESENTATIVE,J,1,25549,2095,AVERY,,BOURNE,MADISON,REPUBLICAN,756,327,REP
GP 2020,96TH REPRESENTATIVE,J,1,26637,2096,GARY,,PIERCE,MACON,REPUBLICAN,7,328,REP
GP 2020,96TH REPRESENTATIVE,J,1,26637,2096,GARY,,PIERCE,CHRISTIAN,REPUBLICAN,0,329,REP
GP 2020,96TH REPRESENTATIVE,J,1,26637,2096,GARY,,PIERCE,SANGAMON,REPUBLICAN,20,330,REP
GP 2020,96TH REPRESENTATIVE,J,1,25713,2096,SUE,,SCHERER,MACON,DEMOCRATIC,3793,331,DEM
GP 2020,96TH REPRESENTATIVE,J,1,25713,2096,SUE,,SCHERER,CHRISTIAN,DEMOCRATIC,355,332,DEM
GP 2020,96TH REPRESENTATIVE,J,1,25713,2096,SUE,,SCHERER,SANGAMON,DEMOCRATIC,2614,333,DEM
GP 2020,97TH REPRESENTATIVE,J,1,25709,2097,HARRY,,BENTON,WILL,DEMOCRATIC,9156,334,DEM
GP 2020,97TH REPRESENTATIVE,J,1,25709,2097,HARRY,,BENTON,KENDALL,DEMOCRATIC,2612,335,DEM
GP 2020,97TH REPRESENTATIVE,J,1,25503,2097,MARK,,BATINICK,WILL,REPUBLICAN,4376,336,REP
GP 2020,97TH REPRESENTATIVE,J,1,25503,2097,MARK,,BATINICK,KENDALL,REPUBLICAN,2042,337,REP
GP 2020,98TH REPRESENTATIVE,J,1,25704,2098,NATALIE A.,,MANLEY,WILL,DEMOCRATIC,12895,338,DEM
GP 2020,99TH REPRESENTATIVE,J,1,25457,2099,MIKE,,MURPHY,SANGAMON,REPUBLICAN,6217,339,REP
GP 2020,100TH REPRESENTATIVE,J,1,25570,2100,"CHRISTOPHER ""C.D.""",,DAVIDSMEYER,GREENE,REPUBLICAN,1208,340,REP
GP 2020,100TH REPRESENTATIVE,J,1,25570,2100,"CHRISTOPHER ""C.D.""",,DAVIDSMEYER,MORGAN,REPUBLICAN,2373,341,REP
GP 2020,100TH REPRESENTATIVE,J,1,25570,2100,"CHRISTOPHER ""C.D.""",,DAVIDSMEYER,JERSEY,REPUBLICAN,1446,342,REP
GP 2020,100TH REPRESENTATIVE,J,1,25570,2100,"CHRISTOPHER ""C.D.""",,DAVIDSMEYER,MACOUPIN,REPUBLICAN,460,343,REP
GP 2020,100TH REPRESENTATIVE,J,1,25570,2100,"CHRISTOPHER ""C.D.""",,DAVIDSMEYER,SANGAMON,REPUBLICAN,56,344,REP
GP 2020,100TH REPRESENTATIVE,J,1,25570,2100,"CHRISTOPHER ""C.D.""",,DAVIDSMEYER,SCOTT,REPUBLICAN,1199,345,REP
GP 2020,100TH REPRESENTATIVE,J,1,25570,2100,"CHRISTOPHER ""C.D.""",,DAVIDSMEYER,MADISON,REPUBLICAN,340,346,REP
GP 2020,100TH REPRESENTATIVE,J,1,25570,2100,"CHRISTOPHER ""C.D.""",,DAVIDSMEYER,CALHOUN,REPUBLICAN,280,347,REP
GP 2020,100TH REPRESENTATIVE,J,1,25570,2100,"CHRISTOPHER ""C.D.""",,DAVIDSMEYER,PIKE,REPUBLICAN,1957,348,REP
GP 2020,101ST REPRESENTATIVE,J,1,25560,2101,DAN,,CAULKINS,PIATT,REPUBLICAN,1896,349,REP
GP 2020,101ST REPRESENTATIVE,J,1,25560,2101,DAN,,CAULKINS,DeWITT,REPUBLICAN,2200,350,REP
GP 2020,101ST REPRESENTATIVE,J,1,25560,2101,DAN,,CAULKINS,MACON,REPUBLICAN,4474,351,REP
GP 2020,101ST REPRESENTATIVE,J,1,25560,2101,DAN,,CAULKINS,McLEAN,REPUBLICAN,1349,352,REP
GP 2020,101ST REPRESENTATIVE,J,1,25560,2101,DAN,,CAULKINS,CHAMPAIGN,REPUBLICAN,1569,353,REP
GP 2020,102ND REPRESENTATIVE,J,1,25667,2102,BRAD,,HALBROOK,SHELBY,REPUBLICAN,3003,354,REP
GP 2020,102ND REPRESENTATIVE,J,1,25667,2102,BRAD,,HALBROOK,MACON,REPUBLICAN,286,355,REP
GP 2020,102ND REPRESENTATIVE,J,1,25667,2102,BRAD,,HALBROOK,MOULTRIE,REPUBLICAN,1460,356,REP
GP 2020,102ND REPRESENTATIVE,J,1,25667,2102,BRAD,,HALBROOK,EDGAR,REPUBLICAN,1665,357,REP
GP 2020,102ND REPRESENTATIVE,J,1,25667,2102,BRAD,,HALBROOK,DOUGLAS,REPUBLICAN,2432,358,REP
GP 2020,102ND REPRESENTATIVE,J,1,25667,2102,BRAD,,HALBROOK,VERMILION,REPUBLICAN,321,359,REP
GP 2020,102ND REPRESENTATIVE,J,1,25667,2102,BRAD,,HALBROOK,CHAMPAIGN,REPUBLICAN,2201,360,REP
GP 2020,103RD REPRESENTATIVE,J,1,25698,2103,CAROL,,AMMONS,CHAMPAIGN,DEMOCRATIC,12799,361,DEM
GP 2020,104TH REPRESENTATIVE,J,1,25692,2104,CYNTHIA E.,,CUNNINGHAM,VERMILION,DEMOCRATIC,3384,362,DEM
GP 2020,104TH REPRESENTATIVE,J,1,25692,2104,CYNTHIA E.,,CUNNINGHAM,CHAMPAIGN,DEMOCRATIC,4429,363,DEM
GP 2020,104TH REPRESENTATIVE,J,1,25611,2104,MIKE,,MARRON,VERMILION,REPUBLICAN,5059,364,REP
GP 2020,104TH REPRESENTATIVE,J,1,25611,2104,MIKE,,MARRON,CHAMPAIGN,REPUBLICAN,2315,365,REP
GP 2020,105TH REPRESENTATIVE,J,1,25897,2105,DAVID PAUL,,BLUMENSHINE,LIVINGSTON,REPUBLICAN,141,366,REP
GP 2020,105TH REPRESENTATIVE,J,1,25897,2105,DAVID PAUL,,BLUMENSHINE,McLEAN,REPUBLICAN,3060,367,REP
GP 2020,105TH REPRESENTATIVE,J,1,25904,2105,CHEMBERLY,,CUMMINGS,LIVINGSTON,DEMOCRATIC,204,368,DEM
GP 2020,105TH REPRESENTATIVE,J,1,25904,2105,CHEMBERLY,,CUMMINGS,McLEAN,DEMOCRATIC,10078,369,DEM
GP 2020,105TH REPRESENTATIVE,J,1,25447,2105,DAN,,BRADY,LIVINGSTON,REPUBLICAN,582,370,REP
GP 2020,105TH REPRESENTATIVE,J,1,25447,2105,DAN,,BRADY,McLEAN,REPUBLICAN,5056,371,REP
GP 2020,106TH REPRESENTATIVE,J,1,25541,2106,THOMAS M.,,BENNETT,IROQUOIS,REPUBLICAN,3169,372,REP
GP 2020,106TH REPRESENTATIVE,J,1,25541,2106,THOMAS M.,,BENNETT,FORD,REPUBLICAN,1906,373,REP
GP 2020,106TH REPRESENTATIVE,J,1,25541,2106,THOMAS M.,,BENNETT,LIVINGSTON,REPUBLICAN,3135,374,REP
GP 2020,106TH REPRESENTATIVE,J,1,25541,2106,THOMAS M.,,BENNETT,WOODFORD,REPUBLICAN,1971,375,REP
GP 2020,106TH REPRESENTATIVE,J,1,25541,2106,THOMAS M.,,BENNETT,VERMILION,REPUBLICAN,1942,376,REP
GP 2020,107TH REPRESENTATIVE,J,1,25933,2107,DAVID J.,,SEILER,BOND,DEMOCRATIC,935,377,DEM
GP 2020,107TH REPRESENTATIVE,J,1,25933,2107,DAVID J.,,SEILER,CLINTON,DEMOCRATIC,98,378,DEM
GP 2020,107TH REPRESENTATIVE,J,1,25933,2107,DAVID J.,,SEILER,EFFINGHAM,DEMOCRATIC,1219,379,DEM
GP 2020,107TH REPRESENTATIVE,J,1,25933,2107,DAVID J.,,SEILER,MARION,DEMOCRATIC,2198,380,DEM
GP 2020,107TH REPRESENTATIVE,J,1,25933,2107,DAVID J.,,SEILER,FAYETTE,DEMOCRATIC,705,381,DEM
GP 2020,107TH REPRESENTATIVE,J,1,25873,2107,BLAINE,,WILHOUR,BOND,REPUBLICAN,1239,382,REP
GP 2020,107TH REPRESENTATIVE,J,1,25873,2107,BLAINE,,WILHOUR,CLINTON,REPUBLICAN,284,383,REP
GP 2020,107TH REPRESENTATIVE,J,1,25873,2107,BLAINE,,WILHOUR,EFFINGHAM,REPUBLICAN,4234,384,REP
GP 2020,107TH REPRESENTATIVE,J,1,25873,2107,BLAINE,,WILHOUR,MARION,REPUBLICAN,4088,385,REP
GP 2020,107TH REPRESENTATIVE,J,1,25873,2107,BLAINE,,WILHOUR,FAYETTE,REPUBLICAN,2615,386,REP
GP 2020,108TH REPRESENTATIVE,J,1,25658,2108,KACIE,,WEICHERDING,WASHINGTON,DEMOCRATIC,373,387,DEM
GP 2020,108TH REPRESENTATIVE,J,1,25658,2108,KACIE,,WEICHERDING,MADISON,DEMOCRATIC,3308,388,DEM
GP 2020,108TH REPRESENTATIVE,J,1,25658,2108,KACIE,,WEICHERDING,CLINTON,DEMOCRATIC,1183,389,DEM
GP 2020,108TH REPRESENTATIVE,J,1,25658,2108,KACIE,,WEICHERDING,ST. CLAIR,DEMOCRATIC,1512,390,DEM
GP 2020,108TH REPRESENTATIVE,J,1,25520,2108,CHARLES,,MEIER,WASHINGTON,REPUBLICAN,1669,391,REP
GP 2020,108TH REPRESENTATIVE,J,1,25520,2108,CHARLES,,MEIER,MADISON,REPUBLICAN,3700,392,REP
GP 2020,108TH REPRESENTATIVE,J,1,25520,2108,CHARLES,,MEIER,CLINTON,REPUBLICAN,3071,393,REP
GP 2020,108TH REPRESENTATIVE,J,1,25520,2108,CHARLES,,MEIER,ST. CLAIR,REPUBLICAN,1394,394,REP
GP 2020,109TH REPRESENTATIVE,J,1,25496,2109,ANDREW R. (ANDY),,HIRES,RICHLAND,REPUBLICAN,2567,395,REP
GP 2020,109TH REPRESENTATIVE,J,1,25496,2109,ANDREW R. (ANDY),,HIRES,JASPER,REPUBLICAN,960,396,REP
GP 2020,109TH REPRESENTATIVE,J,1,25496,2109,ANDREW R. (ANDY),,HIRES,LAWRENCE,REPUBLICAN,610,397,REP
GP 2020,109TH REPRESENTATIVE,J,1,25496,2109,ANDREW R. (ANDY),,HIRES,CLAY,REPUBLICAN,781,398,REP
GP 2020,109TH REPRESENTATIVE,J,1,25496,2109,ANDREW R. (ANDY),,HIRES,EDWARDS,REPUBLICAN,582,399,REP
GP 2020,109TH REPRESENTATIVE,J,1,25496,2109,ANDREW R. (ANDY),,HIRES,WABASH,REPUBLICAN,1075,400,REP
GP 2020,109TH REPRESENTATIVE,J,1,25496,2109,ANDREW R. (ANDY),,HIRES,EFFINGHAM,REPUBLICAN,200,401,REP
GP 2020,109TH REPRESENTATIVE,J,1,25496,2109,ANDREW R. (ANDY),,HIRES,WHITE,REPUBLICAN,681,402,REP
GP 2020,109TH REPRESENTATIVE,J,1,25496,2109,ANDREW R. (ANDY),,HIRES,WAYNE,REPUBLICAN,990,403,REP
GP 2020,109TH REPRESENTATIVE,J,1,25994,2109,JOHN,,SPENCER,RICHLAND,DEMOCRATIC,661,404,DEM
GP 2020,109TH REPRESENTATIVE,J,1,25994,2109,JOHN,,SPENCER,JASPER,DEMOCRATIC,416,405,DEM
GP 2020,109TH REPRESENTATIVE,J,1,25994,2109,JOHN,,SPENCER,LAWRENCE,DEMOCRATIC,314,406,DEM
GP 2020,109TH REPRESENTATIVE,J,1,25994,2109,JOHN,,SPENCER,CLAY,DEMOCRATIC,411,407,DEM
GP 2020,109TH REPRESENTATIVE,J,1,25994,2109,JOHN,,SPENCER,EDWARDS,DEMOCRATIC,184,408,DEM
GP 2020,109TH REPRESENTATIVE,J,1,25994,2109,JOHN,,SPENCER,WABASH,DEMOCRATIC,438,409,DEM
GP 2020,109TH REPRESENTATIVE,J,1,25994,2109,JOHN,,SPENCER,EFFINGHAM,DEMOCRATIC,272,410,DEM
GP 2020,109TH REPRESENTATIVE,J,1,25994,2109,JOHN,,SPENCER,WHITE,DEMOCRATIC,658,411,DEM
GP 2020,109TH REPRESENTATIVE,J,1,25994,2109,JOHN,,SPENCER,WAYNE,DEMOCRATIC,460,412,DEM
GP 2020,109TH REPRESENTATIVE,J,1,25588,2109,ADAM M,,NIEMERG,JASPER,REPUBLICAN,1225,413,REP
GP 2020,109TH REPRESENTATIVE,J,1,25588,2109,ADAM M,,NIEMERG,LAWRENCE,REPUBLICAN,552,414,REP
GP 2020,109TH REPRESENTATIVE,J,1,25588,2109,ADAM M,,NIEMERG,CLAY,REPUBLICAN,1960,415,REP
GP 2020,109TH REPRESENTATIVE,J,1,25588,2109,ADAM M,,NIEMERG,EDWARDS,REPUBLICAN,760,416,REP
GP 2020,109TH REPRESENTATIVE,J,1,25588,2109,ADAM M,,NIEMERG,WABASH,REPUBLICAN,923,417,REP
GP 2020,109TH REPRESENTATIVE,J,1,25588,2109,ADAM M,,NIEMERG,EFFINGHAM,REPUBLICAN,1648,418,REP
GP 2020,109TH REPRESENTATIVE,J,1,25588,2109,ADAM M,,NIEMERG,WHITE,REPUBLICAN,1164,419,REP
GP 2020,109TH REPRESENTATIVE,J,1,25588,2109,ADAM M,,NIEMERG,WAYNE,REPUBLICAN,2520,420,REP
GP 2020,109TH REPRESENTATIVE,J,1,25588,2109,ADAM M,,NIEMERG,RICHLAND,REPUBLICAN,845,421,REP
GP 2020,110TH REPRESENTATIVE,J,1,25675,2110,CHRIS,,MILLER,LAWRENCE,REPUBLICAN,532,422,REP
GP 2020,110TH REPRESENTATIVE,J,1,25675,2110,CHRIS,,MILLER,CLARK,REPUBLICAN,2227,423,REP
GP 2020,110TH REPRESENTATIVE,J,1,25675,2110,CHRIS,,MILLER,EDGAR,REPUBLICAN,226,424,REP
GP 2020,110TH REPRESENTATIVE,J,1,25675,2110,CHRIS,,MILLER,CRAWFORD,REPUBLICAN,2466,425,REP
GP 2020,110TH REPRESENTATIVE,J,1,25675,2110,CHRIS,,MILLER,COLES,REPUBLICAN,4195,426,REP
GP 2020,110TH REPRESENTATIVE,J,1,25675,2110,CHRIS,,MILLER,CUMBERLAND,REPUBLICAN,1705,427,REP
GP 2020,111TH REPRESENTATIVE,J,1,25686,2111,MONICA J.,,BRISTOW,JERSEY,DEMOCRATIC,171,428,DEM
GP 2020,111TH REPRESENTATIVE,J,1,25686,2111,MONICA J.,,BRISTOW,MADISON,DEMOCRATIC,8268,429,DEM
GP 2020,111TH REPRESENTATIVE,J,1,25562,2111,AMY,,ELIK,JERSEY,REPUBLICAN,109,430,REP
GP 2020,111TH REPRESENTATIVE,J,1,25562,2111,AMY,,ELIK,MADISON,REPUBLICAN,4482,431,REP
GP 2020,112TH REPRESENTATIVE,J,1,25679,2112,KATIE,,STUART,MADISON,DEMOCRATIC,9569,432,DEM
GP 2020,112TH REPRESENTATIVE,J,1,25679,2112,KATIE,,STUART,ST. CLAIR,DEMOCRATIC,1990,433,DEM
GP 2020,113TH REPRESENTATIVE,J,1,25866,2113,JAY,,HOFFMAN,MADISON,DEMOCRATIC,1073,434,DEM
GP 2020,113TH REPRESENTATIVE,J,1,25866,2113,JAY,,HOFFMAN,ST. CLAIR,DEMOCRATIC,9464,435,DEM
GP 2020,114TH REPRESENTATIVE,J,1,25671,2114,LaTOYA N.,,GREENWOOD,ST. CLAIR,DEMOCRATIC,11019,436,DEM
GP 2020,114TH REPRESENTATIVE,J,1,25540,2114,DAVE,,BARNES,ST. CLAIR,REPUBLICAN,2734,437,REP
GP 2020,115TH REPRESENTATIVE,J,1,25612,2115,JOHNNIE RAY,,SMITH II,PERRY,REPUBLICAN,102,438,REP
GP 2020,115TH REPRESENTATIVE,J,1,25612,2115,JOHNNIE RAY,,SMITH II,WASHINGTON,REPUBLICAN,133,439,REP
GP 2020,115TH REPRESENTATIVE,J,1,25612,2115,JOHNNIE RAY,,SMITH II,JEFFERSON,REPUBLICAN,552,440,REP
GP 2020,115TH REPRESENTATIVE,J,1,25612,2115,JOHNNIE RAY,,SMITH II,JACKSON,REPUBLICAN,138,441,REP
GP 2020,115TH REPRESENTATIVE,J,1,25612,2115,JOHNNIE RAY,,SMITH II,UNION,REPUBLICAN,67,442,REP
GP 2020,115TH REPRESENTATIVE,J,1,25571,2115,JOHN R.,,HOWARD,PERRY,REPUBLICAN,147,443,REP
GP 2020,115TH REPRESENTATIVE,J,1,25571,2115,JOHN R.,,HOWARD,WASHINGTON,REPUBLICAN,159,444,REP
GP 2020,115TH REPRESENTATIVE,J,1,25571,2115,JOHN R.,,HOWARD,JEFFERSON,REPUBLICAN,2051,445,REP
GP 2020,115TH REPRESENTATIVE,J,1,25571,2115,JOHN R.,,HOWARD,JACKSON,REPUBLICAN,330,446,REP
GP 2020,115TH REPRESENTATIVE,J,1,25571,2115,JOHN R.,,HOWARD,UNION,REPUBLICAN,139,447,REP
GP 2020,115TH REPRESENTATIVE,J,1,25626,2115,CLIFFORD,,LINDEMANN,PERRY,REPUBLICAN,65,448,REP
GP 2020,115TH REPRESENTATIVE,J,1,25626,2115,CLIFFORD,,LINDEMANN,WASHINGTON,REPUBLICAN,60,449,REP
GP 2020,115TH REPRESENTATIVE,J,1,25626,2115,CLIFFORD,,LINDEMANN,JEFFERSON,REPUBLICAN,1196,450,REP
GP 2020,115TH REPRESENTATIVE,J,1,25626,2115,CLIFFORD,,LINDEMANN,JACKSON,REPUBLICAN,186,451,REP
GP 2020,115TH REPRESENTATIVE,J,1,25626,2115,CLIFFORD,,LINDEMANN,UNION,REPUBLICAN,66,452,REP
GP 2020,115TH REPRESENTATIVE,J,1,25794,2115,ZACHARY A.,,MEYER,PERRY,REPUBLICAN,300,453,REP
GP 2020,115TH REPRESENTATIVE,J,1,25794,2115,ZACHARY A.,,MEYER,WASHINGTON,REPUBLICAN,97,454,REP
GP 2020,115TH REPRESENTATIVE,J,1,25794,2115,ZACHARY A.,,MEYER,JEFFERSON,REPUBLICAN,298,455,REP
GP 2020,115TH REPRESENTATIVE,J,1,25794,2115,ZACHARY A.,,MEYER,JACKSON,REPUBLICAN,287,456,REP
GP 2020,115TH REPRESENTATIVE,J,1,25794,2115,ZACHARY A.,,MEYER,UNION,REPUBLICAN,165,457,REP
GP 2020,115TH REPRESENTATIVE,J,1,25932,2115,PAUL,,JACOBS,PERRY,REPUBLICAN,349,458,REP
GP 2020,115TH REPRESENTATIVE,J,1,25932,2115,PAUL,,JACOBS,WASHINGTON,REPUBLICAN,102,459,REP
GP 2020,115TH REPRESENTATIVE,J,1,25932,2115,PAUL,,JACOBS,JEFFERSON,REPUBLICAN,724,460,REP
GP 2020,115TH REPRESENTATIVE,J,1,25932,2115,PAUL,,JACOBS,JACKSON,REPUBLICAN,1431,461,REP
GP 2020,115TH REPRESENTATIVE,J,1,25932,2115,PAUL,,JACOBS,UNION,REPUBLICAN,683,462,REP
GP 2020,116TH REPRESENTATIVE,J,1,25578,2116,DAVID M,,HOLDER,PERRY,REPUBLICAN,289,463,REP
GP 2020,116TH REPRESENTATIVE,J,1,25578,2116,DAVID M,,HOLDER,RANDOLPH,REPUBLICAN,874,464,REP
GP 2020,116TH REPRESENTATIVE,J,1,25578,2116,DAVID M,,HOLDER,ST. CLAIR,REPUBLICAN,240,465,REP
GP 2020,116TH REPRESENTATIVE,J,1,25578,2116,DAVID M,,HOLDER,MONROE,REPUBLICAN,533,466,REP
GP 2020,116TH REPRESENTATIVE,J,1,25766,2116,KEVIN,,SCHMIDT,PERRY,REPUBLICAN,219,467,REP
GP 2020,116TH REPRESENTATIVE,J,1,25766,2116,KEVIN,,SCHMIDT,RANDOLPH,REPUBLICAN,300,468,REP
GP 2020,116TH REPRESENTATIVE,J,1,25766,2116,KEVIN,,SCHMIDT,ST. CLAIR,REPUBLICAN,643,469,REP
GP 2020,116TH REPRESENTATIVE,J,1,25766,2116,KEVIN,,SCHMIDT,MONROE,REPUBLICAN,1067,470,REP
GP 2020,116TH REPRESENTATIVE,J,1,25665,2116,NATHAN,,REITZ,PERRY,DEMOCRATIC,544,471,DEM
GP 2020,116TH REPRESENTATIVE,J,1,25665,2116,NATHAN,,REITZ,RANDOLPH,DEMOCRATIC,1553,472,DEM
GP 2020,116TH REPRESENTATIVE,J,1,25665,2116,NATHAN,,REITZ,ST. CLAIR,DEMOCRATIC,1549,473,DEM
GP 2020,116TH REPRESENTATIVE,J,1,25665,2116,NATHAN,,REITZ,MONROE,DEMOCRATIC,2249,474,DEM
GP 2020,116TH REPRESENTATIVE,J,1,25526,2116,DAVID,,FRIESS,PERRY,REPUBLICAN,308,475,REP
GP 2020,116TH REPRESENTATIVE,J,1,25526,2116,DAVID,,FRIESS,RANDOLPH,REPUBLICAN,1130,476,REP
GP 2020,116TH REPRESENTATIVE,J,1,25526,2116,DAVID,,FRIESS,ST. CLAIR,REPUBLICAN,487,477,REP
GP 2020,116TH REPRESENTATIVE,J,1,25526,2116,DAVID,,FRIESS,MONROE,REPUBLICAN,1031,478,REP
GP 2020,117TH REPRESENTATIVE,J,1,25884,2117,TIMOTHY CECIL,,ARVIEW,WILLIAMSON,REPUBLICAN,752,479,REP
GP 2020,117TH REPRESENTATIVE,J,1,25884,2117,TIMOTHY CECIL,,ARVIEW,HAMILTON,REPUBLICAN,43,480,REP
GP 2020,117TH REPRESENTATIVE,J,1,25884,2117,TIMOTHY CECIL,,ARVIEW,FRANKLIN,REPUBLICAN,778,481,REP
GP 2020,117TH REPRESENTATIVE,J,1,25538,2117,DAVE,,SEVERIN,WILLIAMSON,REPUBLICAN,5157,482,REP
GP 2020,117TH REPRESENTATIVE,J,1,25538,2117,DAVE,,SEVERIN,HAMILTON,REPUBLICAN,376,483,REP
GP 2020,117TH REPRESENTATIVE,J,1,25538,2117,DAVE,,SEVERIN,FRANKLIN,REPUBLICAN,3805,484,REP
GP 2020,118TH REPRESENTATIVE,J,1,25696,2118,PATRICK,,WINDHORST,PULASKI,REPUBLICAN,935,485,REP
GP 2020,118TH REPRESENTATIVE,J,1,25696,2118,PATRICK,,WINDHORST,GALLATIN,REPUBLICAN,422,486,REP
GP 2020,118TH REPRESENTATIVE,J,1,25696,2118,PATRICK,,WINDHORST,HARDIN,REPUBLICAN,504,487,REP
GP 2020,118TH REPRESENTATIVE,J,1,25696,2118,PATRICK,,WINDHORST,ALEXANDER,REPUBLICAN,238,488,REP
GP 2020,118TH REPRESENTATIVE,J,1,25696,2118,PATRICK,,WINDHORST,JACKSON,REPUBLICAN,213,489,REP
GP 2020,118TH REPRESENTATIVE,J,1,25696,2118,PATRICK,,WINDHORST,UNION,REPUBLICAN,679,490,REP
GP 2020,118TH REPRESENTATIVE,J,1,25696,2118,PATRICK,,WINDHORST,POPE,REPUBLICAN,574,491,REP
GP 2020,118TH REPRESENTATIVE,J,1,25696,2118,PATRICK,,WINDHORST,MASSAC,REPUBLICAN,1703,492,REP
GP 2020,118TH REPRESENTATIVE,J,1,25696,2118,PATRICK,,WINDHORST,SALINE,REPUBLICAN,2506,493,REP
GP 2020,118TH REPRESENTATIVE,J,1,25696,2118,PATRICK,,WINDHORST,JOHNSON,REPUBLICAN,2761,494,REP
GP 2020,118TH REPRESENTATIVE,J,1,25696,2118,PATRICK,,WINDHORST,HAMILTON,REPUBLICAN,792,495,REP
GP 2020,1ST SENATE,J,1,25561,101,"FROYLAN ""FROY""",,JIMENEZ,COOK,DEMOCRATIC,9864,496,DEM
GP 2020,1ST SENATE,J,1,25507,101,"ANTONIO ""TONY""",,MUNOZ,COOK,DEMOCRATIC,15912,497,DEM
GP 2020,4TH SENATE,J,1,25510,104,KIMBERLY A.,,LIGHTFORD,COOK,DEMOCRATIC,37910,498,DEM
GP 2020,7TH SENATE,J,1,25491,107,HEATHER A.,,STEANS,COOK,DEMOCRATIC,47121,499,DEM
GP 2020,10TH SENATE,J,1,25779,110,"DANIEL ""DANNY""",,O'TOOLE,COOK,DEMOCRATIC,14568,500,DEM
GP 2020,10TH SENATE,J,1,25451,110,ROBERT,,MARTWICK,COOK,DEMOCRATIC,17407,501,DEM
GP 2020,10TH SENATE,J,1,25934,110,ANTHONY,,BECKMAN,COOK,REPUBLICAN,5084,502,REP
GP 2020,13TH SENATE,J,1,25815,113,KEN,,THOMAS,COOK,DEMOCRATIC,18997,503,DEM
GP 2020,13TH SENATE,J,1,25468,113,ROBERT,,PETERS,COOK,DEMOCRATIC,21646,504,DEM
GP 2020,16TH SENATE,J,1,25969,116,"JACQUELINE ""JACQUI""",,COLLINS,COOK,DEMOCRATIC,27750,505,DEM
GP 2020,19TH SENATE,J,1,26646,119,AUGUST,,DEUSER,WILL,REPUBLICAN,272,506,REP
GP 2020,19TH SENATE,J,1,26646,119,AUGUST,,DEUSER,COOK,REPUBLICAN,27,507,REP
GP 2020,19TH SENATE,J,1,25444,119,MICHAEL E.,,HASTINGS,WILL,DEMOCRATIC,8922,508,DEM
GP 2020,19TH SENATE,J,1,25444,119,MICHAEL E.,,HASTINGS,COOK,DEMOCRATIC,21800,509,DEM
GP 2020,22ND SENATE,J,1,25887,122,RAE,,YAWER,KANE,DEMOCRATIC,816,510,DEM
GP 2020,22ND SENATE,J,1,25887,122,RAE,,YAWER,COOK,DEMOCRATIC,2320,511,DEM
GP 2020,22ND SENATE,J,1,25542,122,CRISTINA,,CASTRO,KANE,DEMOCRATIC,4460,512,DEM
GP 2020,22ND SENATE,J,1,25542,122,CRISTINA,,CASTRO,COOK,DEMOCRATIC,9378,513,DEM
GP 2020,25TH SENATE,J,1,25967,125,BETH,,GONCHER,KANE,REPUBLICAN,3631,514,REP
GP 2020,25TH SENATE,J,1,25967,125,BETH,,GONCHER,KENDALL,REPUBLICAN,1283,515,REP
GP 2020,25TH SENATE,J,1,25967,125,BETH,,GONCHER,DuPAGE,REPUBLICAN,444,516,REP
GP 2020,25TH SENATE,J,1,25967,125,BETH,,GONCHER,COOK,REPUBLICAN,83,517,REP
GP 2020,25TH SENATE,J,1,25522,125,KARINA,,VILLA,KANE,DEMOCRATIC,14411,518,DEM
GP 2020,25TH SENATE,J,1,25522,125,KARINA,,VILLA,KENDALL,DEMOCRATIC,4233,519,DEM
GP 2020,25TH SENATE,J,1,25522,125,KARINA,,VILLA,DuPAGE,DEMOCRATIC,3681,520,DEM
GP 2020,25TH SENATE,J,1,25522,125,KARINA,,VILLA,COOK,DEMOCRATIC,593,521,DEM
GP 2020,25TH SENATE,J,1,25730,125,JEANETTE,,WARD,KANE,REPUBLICAN,5299,522,REP
GP 2020,25TH SENATE,J,1,25730,125,JEANETTE,,WARD,KENDALL,REPUBLICAN,1732,523,REP
GP 2020,25TH SENATE,J,1,25730,125,JEANETTE,,WARD,DuPAGE,REPUBLICAN,896,524,REP
GP 2020,25TH SENATE,J,1,25730,125,JEANETTE,,WARD,COOK,REPUBLICAN,113,525,REP
GP 2020,28TH SENATE,J,1,26648,128,PETER,,DOMBROWSKI,DuPAGE,REPUBLICAN,3,526,REP
GP 2020,28TH SENATE,J,1,26648,128,PETER,,DOMBROWSKI,COOK,REPUBLICAN,343,527,REP
GP 2020,28TH SENATE,J,1,25455,128,LAURA,,MURPHY,DuPAGE,DEMOCRATIC,1671,528,DEM
GP 2020,28TH SENATE,J,1,25455,128,LAURA,,MURPHY,COOK,DEMOCRATIC,20781,529,DEM
GP 2020,31ST SENATE,J,1,25460,131,MELINDA,,BUSH,LAKE,DEMOCRATIC,20121,530,DEM
GP 2020,31ST SENATE,J,1,25900,131,CHRISTOPHER,,KASPERSKI,LAKE,REPUBLICAN,7219,531,REP
GP 2020,34TH SENATE,J,1,25515,134,STEVE,,STADELMAN,WINNEBAGO,DEMOCRATIC,17581,532,DEM
GP 2020,37TH SENATE,J,1,25450,137,WIN,,STOLLER,LEE,REPUBLICAN,135,533,REP
GP 2020,37TH SENATE,J,1,25450,137,WIN,,STOLLER,HENRY,REPUBLICAN,2233,534,REP
GP 2020,37TH SENATE,J,1,25450,137,WIN,,STOLLER,STARK,REPUBLICAN,417,535,REP
GP 2020,37TH SENATE,J,1,25450,137,WIN,,STOLLER,MARSHALL,REPUBLICAN,1269,536,REP
GP 2020,37TH SENATE,J,1,25450,137,WIN,,STOLLER,WOODFORD,REPUBLICAN,1158,537,REP
GP 2020,37TH SENATE,J,1,25450,137,WIN,,STOLLER,BUREAU,REPUBLICAN,1318,538,REP
GP 2020,37TH SENATE,J,1,25450,137,WIN,,STOLLER,KNOX,REPUBLICAN,1870,539,REP
GP 2020,37TH SENATE,J,1,25450,137,WIN,,STOLLER,MERCER,REPUBLICAN,1084,540,REP
GP 2020,37TH SENATE,J,1,25450,137,WIN,,STOLLER,LaSALLE,REPUBLICAN,121,541,REP
GP 2020,37TH SENATE,J,1,25450,137,WIN,,STOLLER,PEORIA,REPUBLICAN,2897,542,REP
GP 2020,40TH SENATE,J,1,25948,140,LORI,,WILCOX,GRUNDY,DEMOCRATIC,80,543,DEM
GP 2020,40TH SENATE,J,1,25948,140,LORI,,WILCOX,KANKAKEE,DEMOCRATIC,1119,544,DEM
GP 2020,40TH SENATE,J,1,25948,140,LORI,,WILCOX,WILL,DEMOCRATIC,1460,545,DEM
GP 2020,40TH SENATE,J,1,25948,140,LORI,,WILCOX,COOK,DEMOCRATIC,3815,546,DEM
GP 2020,40TH SENATE,J,1,25995,140,MONICA M.,,GORDON,GRUNDY,DEMOCRATIC,29,547,DEM
GP 2020,40TH SENATE,J,1,25995,140,MONICA M.,,GORDON,KANKAKEE,DEMOCRATIC,1044,548,DEM
GP 2020,40TH SENATE,J,1,25995,140,MONICA M.,,GORDON,WILL,DEMOCRATIC,929,549,DEM
GP 2020,40TH SENATE,J,1,25995,140,MONICA M.,,GORDON,COOK,DEMOCRATIC,2809,550,DEM
GP 2020,40TH SENATE,J,1,25943,140,MARTA,,PERALES,GRUNDY,DEMOCRATIC,21,551,DEM
GP 2020,40TH SENATE,J,1,25943,140,MARTA,,PERALES,KANKAKEE,DEMOCRATIC,460,552,DEM
GP 2020,40TH SENATE,J,1,25943,140,MARTA,,PERALES,WILL,DEMOCRATIC,461,553,DEM
GP 2020,40TH SENATE,J,1,25943,140,MARTA,,PERALES,COOK,DEMOCRATIC,750,554,DEM
GP 2020,40TH SENATE,J,1,25443,140,PATRICK J.,,JOYCE,GRUNDY,DEMOCRATIC,617,555,DEM
GP 2020,40TH SENATE,J,1,25443,140,PATRICK J.,,JOYCE,KANKAKEE,DEMOCRATIC,4722,556,DEM
GP 2020,40TH SENATE,J,1,25443,140,PATRICK J.,,JOYCE,WILL,DEMOCRATIC,2736,557,DEM
GP 2020,40TH SENATE,J,1,25443,140,PATRICK J.,,JOYCE,COOK,DEMOCRATIC,3312,558,DEM
GP 2020,40TH SENATE,J,1,25891,140,ERIC M.,,WALLACE,GRUNDY,REPUBLICAN,361,559,REP
GP 2020,40TH SENATE,J,1,25891,140,ERIC M.,,WALLACE,KANKAKEE,REPUBLICAN,5490,560,REP
GP 2020,40TH SENATE,J,1,25891,140,ERIC M.,,WALLACE,WILL,REPUBLICAN,2730,561,REP
GP 2020,40TH SENATE,J,1,25891,140,ERIC M.,,WALLACE,COOK,REPUBLICAN,532,562,REP
GP 2020,43RD SENATE,J,1,25528,143,JOHN,,CONNOR,WILL,DEMOCRATIC,18908,563,DEM
GP 2020,43RD SENATE,J,1,25528,143,JOHN,,CONNOR,DuPAGE,DEMOCRATIC,1697,564,DEM
GP 2020,43RD SENATE,J,1,25890,143,BEN,,BIERLY,WILL,REPUBLICAN,5463,565,REP
GP 2020,43RD SENATE,J,1,25890,143,BEN,,BIERLY,DuPAGE,REPUBLICAN,393,566,REP
GP 2020,46TH SENATE,J,1,25474,146,DAVE,,KOEHLER,FULTON,DEMOCRATIC,2678,567,DEM
GP 2020,46TH SENATE,J,1,25474,146,DAVE,,KOEHLER,TAZEWELL,DEMOCRATIC,4476,568,DEM
GP 2020,46TH SENATE,J,1,25474,146,DAVE,,KOEHLER,PEORIA,DEMOCRATIC,10708,569,DEM
GP 2020,46TH SENATE,J,1,25922,146,MARY,,BURRESS,FULTON,REPUBLICAN,1108,570,REP
GP 2020,46TH SENATE,J,1,25922,146,MARY,,BURRESS,TAZEWELL,REPUBLICAN,2787,571,REP
GP 2020,46TH SENATE,J,1,25922,146,MARY,,BURRESS,PEORIA,REPUBLICAN,2822,572,REP
GP 2020,49TH SENATE,J,1,25991,149,MICHAEL,,CROWNER,WILL,DEMOCRATIC,4576,573,DEM
GP 2020,49TH SENATE,J,1,25991,149,MICHAEL,,CROWNER,KENDALL,DEMOCRATIC,538,574,DEM
GP 2020,49TH SENATE,J,1,25973,149,LARRY E.,,HUG,WILL,DEMOCRATIC,4787,575,DEM
GP 2020,49TH SENATE,J,1,25973,149,LARRY E.,,HUG,KENDALL,DEMOCRATIC,416,576,DEM
GP 2020,49TH SENATE,J,1,25537,149,MEG,,LOUGHRAN CAPPEL,WILL,DEMOCRATIC,13352,577,DEM
GP 2020,49TH SENATE,J,1,25537,149,MEG,,LOUGHRAN CAPPEL,KENDALL,DEMOCRATIC,1807,578,DEM
GP 2020,49TH SENATE,J,1,25892,149,THOMAS,,McCULLAGH,WILL,REPUBLICAN,7850,579,REP
GP 2020,49TH SENATE,J,1,25892,149,THOMAS,,McCULLAGH,KENDALL,REPUBLICAN,1992,580,REP
GP 2020,52ND SENATE,J,1,25499,152,SCOTT,,BENNETT,VERMILION,DEMOCRATIC,3503,581,DEM
GP 2020,52ND SENATE,J,1,25499,152,SCOTT,,BENNETT,CHAMPAIGN,DEMOCRATIC,17676,582,DEM
GP 2020,55TH SENATE,J,1,25917,155,JEFFREY E. (JEFF),,FLEMING,RICHLAND,REPUBLICAN,1448,583,REP
GP 2020,55TH SENATE,J,1,25917,155,JEFFREY E. (JEFF),,FLEMING,JASPER,REPUBLICAN,307,584,REP
GP 2020,55TH SENATE,J,1,25917,155,JEFFREY E. (JEFF),,FLEMING,LAWRENCE,REPUBLICAN,429,585,REP
GP 2020,55TH SENATE,J,1,25917,155,JEFFREY E. (JEFF),,FLEMING,CLAY,REPUBLICAN,175,586,REP
GP 2020,55TH SENATE,J,1,25917,155,JEFFREY E. (JEFF),,FLEMING,EDWARDS,REPUBLICAN,123,587,REP
GP 2020,55TH SENATE,J,1,25917,155,JEFFREY E. (JEFF),,FLEMING,CLARK,REPUBLICAN,703,588,REP
GP 2020,55TH SENATE,J,1,25917,155,JEFFREY E. (JEFF),,FLEMING,WHITE,REPUBLICAN,214,589,REP
GP 2020,55TH SENATE,J,1,25917,155,JEFFREY E. (JEFF),,FLEMING,WAYNE,REPUBLICAN,457,590,REP
GP 2020,55TH SENATE,J,1,25917,155,JEFFREY E. (JEFF),,FLEMING,EDGAR,REPUBLICAN,74,591,REP
GP 2020,55TH SENATE,J,1,25917,155,JEFFREY E. (JEFF),,FLEMING,CRAWFORD,REPUBLICAN,898,592,REP
GP 2020,55TH SENATE,J,1,25917,155,JEFFREY E. (JEFF),,FLEMING,COLES,REPUBLICAN,1578,593,REP
GP 2020,55TH SENATE,J,1,25917,155,JEFFREY E. (JEFF),,FLEMING,CUMBERLAND,REPUBLICAN,408,594,REP
GP 2020,55TH SENATE,J,1,25917,155,JEFFREY E. (JEFF),,FLEMING,WABASH,REPUBLICAN,357,595,REP
GP 2020,55TH SENATE,J,1,25917,155,JEFFREY E. (JEFF),,FLEMING,EFFINGHAM,REPUBLICAN,153,596,REP
GP 2020,55TH SENATE,J,1,25437,155,DARREN,,BAILEY,RICHLAND,REPUBLICAN,1926,597,REP
GP 2020,55TH SENATE,J,1,25437,155,DARREN,,BAILEY,JASPER,REPUBLICAN,1868,598,REP
GP 2020,55TH SENATE,J,1,25437,155,DARREN,,BAILEY,LAWRENCE,REPUBLICAN,1341,599,REP
GP 2020,55TH SENATE,J,1,25437,155,DARREN,,BAILEY,CLAY,REPUBLICAN,2618,600,REP
GP 2020,55TH SENATE,J,1,25437,155,DARREN,,BAILEY,EDWARDS,REPUBLICAN,1256,601,REP
GP 2020,55TH SENATE,J,1,25437,155,DARREN,,BAILEY,CLARK,REPUBLICAN,1532,602,REP
GP 2020,55TH SENATE,J,1,25437,155,DARREN,,BAILEY,WHITE,REPUBLICAN,1691,603,REP
GP 2020,55TH SENATE,J,1,25437,155,DARREN,,BAILEY,WAYNE,REPUBLICAN,3168,604,REP
GP 2020,55TH SENATE,J,1,25437,155,DARREN,,BAILEY,EDGAR,REPUBLICAN,148,605,REP
GP 2020,55TH SENATE,J,1,25437,155,DARREN,,BAILEY,CRAWFORD,REPUBLICAN,1643,606,REP
GP 2020,55TH SENATE,J,1,25437,155,DARREN,,BAILEY,COLES,REPUBLICAN,2670,607,REP
GP 2020,55TH SENATE,J,1,25437,155,DARREN,,BAILEY,CUMBERLAND,REPUBLICAN,1345,608,REP
GP 2020,55TH SENATE,J,1,25437,155,DARREN,,BAILEY,WABASH,REPUBLICAN,1697,609,REP
GP 2020,55TH SENATE,J,1,25437,155,DARREN,,BAILEY,EFFINGHAM,REPUBLICAN,1669,610,REP
GP 2020,58TH SENATE,J,1,25454,158,TERRI,,BRYANT,PERRY,REPUBLICAN,1656,611,REP
GP 2020,58TH SENATE,J,1,25454,158,TERRI,,BRYANT,WASHINGTON,REPUBLICAN,508,612,REP
GP 2020,58TH SENATE,J,1,25454,158,TERRI,,BRYANT,RANDOLPH,REPUBLICAN,2042,613,REP
GP 2020,58TH SENATE,J,1,25454,158,TERRI,,BRYANT,JEFFERSON,REPUBLICAN,4483,614,REP
GP 2020,58TH SENATE,J,1,25454,158,TERRI,,BRYANT,ST. CLAIR,REPUBLICAN,1204,615,REP
GP 2020,58TH SENATE,J,1,25454,158,TERRI,,BRYANT,MONROE,REPUBLICAN,2462,616,REP
GP 2020,58TH SENATE,J,1,25454,158,TERRI,,BRYANT,JACKSON,REPUBLICAN,2214,617,REP
GP 2020,58TH SENATE,J,1,25454,158,TERRI,,BRYANT,UNION,REPUBLICAN,1059,618,REP
GP 2020,1ST CONGRESS,F,1,25971,1,ROBERT,,"EMMONS, JR.",WILL,DEMOCRATIC,1695,619,DEM
GP 2020,1ST CONGRESS,F,1,25971,1,ROBERT,,"EMMONS, JR.",COOK,DEMOCRATIC,11933,620,DEM
GP 2020,1ST CONGRESS,F,1,25992,1,SARAH,,GAD,WILL,DEMOCRATIC,3023,621,DEM
GP 2020,1ST CONGRESS,F,1,25992,1,SARAH,,GAD,COOK,DEMOCRATIC,10760,622,DEM
GP 2020,1ST CONGRESS,F,1,25957,1,AMEENA NUUR,,MATTHEWS,WILL,DEMOCRATIC,1141,623,DEM
GP 2020,1ST CONGRESS,F,1,25957,1,AMEENA NUUR,,MATTHEWS,COOK,DEMOCRATIC,9268,624,DEM
GP 2020,1ST CONGRESS,F,1,26653,1,RICHARD,,MAYERS,COOK,REPUBLICAN,1,625,REP
GP 2020,1ST CONGRESS,F,1,25824,1,BOBBY L.,,RUSH,WILL,DEMOCRATIC,4302,626,DEM
GP 2020,1ST CONGRESS,F,1,25824,1,BOBBY L.,,RUSH,COOK,DEMOCRATIC,90561,627,DEM
GP 2020,1ST CONGRESS,F,1,25875,1,PHILANISE,,WHITE,WILL,REPUBLICAN,5044,628,REP
GP 2020,1ST CONGRESS,F,1,25875,1,PHILANISE,,WHITE,COOK,REPUBLICAN,5090,629,REP
GP 2020,2ND CONGRESS,F,1,25813,2,MARCUS,,LEWIS,KANKAKEE,DEMOCRATIC,1355,630,DEM
GP 2020,2ND CONGRESS,F,1,25813,2,MARCUS,,LEWIS,WILL,DEMOCRATIC,1054,631,DEM
GP 2020,2ND CONGRESS,F,1,25813,2,MARCUS,,LEWIS,COOK,DEMOCRATIC,14533,632,DEM
GP 2020,2ND CONGRESS,F,1,25780,2,ROBIN,,KELLY,KANKAKEE,DEMOCRATIC,7013,633,DEM
GP 2020,2ND CONGRESS,F,1,25780,2,ROBIN,,KELLY,WILL,DEMOCRATIC,5308,634,DEM
GP 2020,2ND CONGRESS,F,1,25780,2,ROBIN,,KELLY,COOK,DEMOCRATIC,82446,635,DEM
GP 2020,2ND CONGRESS,F,1,25831,2,THERESA J.,,RABORN,KANKAKEE,REPUBLICAN,6986,636,REP
GP 2020,2ND CONGRESS,F,1,25831,2,THERESA J.,,RABORN,WILL,REPUBLICAN,2283,637,REP
GP 2020,2ND CONGRESS,F,1,25831,2,THERESA J.,,RABORN,COOK,REPUBLICAN,2912,638,REP
GP 2020,3RD CONGRESS,F,1,25472,3,RUSH,,DARWISH,WILL,DEMOCRATIC,496,639,DEM
GP 2020,3RD CONGRESS,F,1,25472,3,RUSH,,DARWISH,DuPAGE,DEMOCRATIC,9,640,DEM
GP 2020,3RD CONGRESS,F,1,25472,3,RUSH,,DARWISH,COOK,DEMOCRATIC,5846,641,DEM
GP 2020,3RD CONGRESS,F,1,25623,3,DANIEL WILLIAM,,LIPINSKI,WILL,DEMOCRATIC,3642,642,DEM
GP 2020,3RD CONGRESS,F,1,25623,3,DANIEL WILLIAM,,LIPINSKI,DuPAGE,DEMOCRATIC,43,643,DEM
GP 2020,3RD CONGRESS,F,1,25623,3,DANIEL WILLIAM,,LIPINSKI,COOK,DEMOCRATIC,45883,644,DEM
GP 2020,3RD CONGRESS,F,1,25883,3,ARTHUR J.,,JONES,WILL,REPUBLICAN,325,645,REP
GP 2020,3RD CONGRESS,F,1,25883,3,ARTHUR J.,,JONES,DuPAGE,REPUBLICAN,4,646,REP
GP 2020,3RD CONGRESS,F,1,25883,3,ARTHUR J.,,JONES,COOK,REPUBLICAN,1379,647,REP
GP 2020,3RD CONGRESS,F,1,25953,3,CATHERINE A.,,O'SHEA,WILL,REPUBLICAN,823,648,REP
GP 2020,3RD CONGRESS,F,1,25953,3,CATHERINE A.,,O'SHEA,DuPAGE,REPUBLICAN,11,649,REP
GP 2020,3RD CONGRESS,F,1,25953,3,CATHERINE A.,,O'SHEA,COOK,REPUBLICAN,4707,650,REP
GP 2020,3RD CONGRESS,F,1,25881,3,CHARLES M.,,HUGHES,WILL,DEMOCRATIC,281,651,DEM
GP 2020,3RD CONGRESS,F,1,25881,3,CHARLES M.,,HUGHES,DuPAGE,DEMOCRATIC,3,652,DEM
GP 2020,3RD CONGRESS,F,1,25881,3,CHARLES M.,,HUGHES,COOK,DEMOCRATIC,2265,653,DEM
GP 2020,3RD CONGRESS,F,1,26652,3,RICHARD,,MAYERS,DuPAGE,REPUBLICAN,0,654,REP
GP 2020,3RD CONGRESS,F,1,26652,3,RICHARD,,MAYERS,WILL,REPUBLICAN,0,655,REP
GP 2020,3RD CONGRESS,F,1,26652,3,RICHARD,,MAYERS,COOK,REPUBLICAN,2,656,REP
GP 2020,3RD CONGRESS,F,1,25662,3,MARIE,,NEWMAN,WILL,DEMOCRATIC,5264,657,DEM
GP 2020,3RD CONGRESS,F,1,25662,3,MARIE,,NEWMAN,DuPAGE,DEMOCRATIC,98,658,DEM
GP 2020,3RD CONGRESS,F,1,25662,3,MARIE,,NEWMAN,COOK,DEMOCRATIC,47022,659,DEM
GP 2020,3RD CONGRESS,F,1,25463,3,MIKE,,FRICILONE,WILL,REPUBLICAN,3217,660,REP
GP 2020,3RD CONGRESS,F,1,25463,3,MIKE,,FRICILONE,DuPAGE,REPUBLICAN,22,661,REP
GP 2020,3RD CONGRESS,F,1,25463,3,MIKE,,FRICILONE,COOK,REPUBLICAN,6565,662,REP
GP 2020,4TH CONGRESS,F,1,25534,4,"JESUS ""CHUY""",,GARCIA,COOK,DEMOCRATIC,88874,663,DEM
GP 2020,4TH CONGRESS,F,1,25959,4,CHRISTOPHER,,LASKY,COOK,REPUBLICAN,4059,664,REP
GP 2020,5TH CONGRESS,F,1,25907,5,KIMBALL,,LADIEN,DuPAGE,REPUBLICAN,438,665,REP
GP 2020,5TH CONGRESS,F,1,25907,5,KIMBALL,,LADIEN,COOK,REPUBLICAN,1555,666,REP
GP 2020,5TH CONGRESS,F,1,26647,5,RICHARD,,MAYERS,DuPAGE,REPUBLICAN,0,667,REP
GP 2020,5TH CONGRESS,F,1,26647,5,RICHARD,,MAYERS,COOK,REPUBLICAN,0,668,REP
GP 2020,5TH CONGRESS,F,1,25633,5,MIKE,,QUIGLEY,DuPAGE,DEMOCRATIC,6392,669,DEM
GP 2020,5TH CONGRESS,F,1,25633,5,MIKE,,QUIGLEY,COOK,DEMOCRATIC,91473,670,DEM
GP 2020,5TH CONGRESS,F,1,25790,5,TOMMY,,HANSON,DuPAGE,REPUBLICAN,1936,671,REP
GP 2020,5TH CONGRESS,F,1,25790,5,TOMMY,,HANSON,COOK,REPUBLICAN,7828,672,REP
GP 2020,5TH CONGRESS,F,1,25717,5,BRIAN,,BURNS,DuPAGE,DEMOCRATIC,1507,673,DEM
GP 2020,5TH CONGRESS,F,1,25717,5,BRIAN,,BURNS,COOK,DEMOCRATIC,30933,674,DEM
GP 2020,6TH CONGRESS,F,1,25777,6,GORDON (JAY),,KINZLER,KANE,REPUBLICAN,1974,675,REP
GP 2020,6TH CONGRESS,F,1,25777,6,GORDON (JAY),,KINZLER,McHENRY,REPUBLICAN,1695,676,REP
GP 2020,6TH CONGRESS,F,1,25777,6,GORDON (JAY),,KINZLER,DuPAGE,REPUBLICAN,5862,677,REP
GP 2020,6TH CONGRESS,F,1,25777,6,GORDON (JAY),,KINZLER,COOK,REPUBLICAN,1379,678,REP
GP 2020,6TH CONGRESS,F,1,25777,6,GORDON (JAY),,KINZLER,LAKE,REPUBLICAN,1107,679,REP
GP 2020,6TH CONGRESS,F,1,26642,6,RICHARD,,MAYERS,DuPAGE,REPUBLICAN,1,680,REP
GP 2020,6TH CONGRESS,F,1,26642,6,RICHARD,,MAYERS,LAKE,REPUBLICAN,0,681,REP
GP 2020,6TH CONGRESS,F,1,26642,6,RICHARD,,MAYERS,COOK,REPUBLICAN,0,682,REP
GP 2020,6TH CONGRESS,F,1,26642,6,RICHARD,,MAYERS,McHENRY,REPUBLICAN,0,683,REP
GP 2020,6TH CONGRESS,F,1,25693,6,SEAN,,CASTEN,KANE,DEMOCRATIC,9908,684,DEM
GP 2020,6TH CONGRESS,F,1,25693,6,SEAN,,CASTEN,McHENRY,DEMOCRATIC,9137,685,DEM
GP 2020,6TH CONGRESS,F,1,25693,6,SEAN,,CASTEN,DuPAGE,DEMOCRATIC,45165,686,DEM
GP 2020,6TH CONGRESS,F,1,25693,6,SEAN,,CASTEN,COOK,DEMOCRATIC,11553,687,DEM
GP 2020,6TH CONGRESS,F,1,25693,6,SEAN,,CASTEN,LAKE,DEMOCRATIC,7146,688,DEM
GP 2020,6TH CONGRESS,F,1,25734,6,JEANNE,,IVES,KANE,REPUBLICAN,3629,689,REP
GP 2020,6TH CONGRESS,F,1,25734,6,JEANNE,,IVES,McHENRY,REPUBLICAN,3604,690,REP
GP 2020,6TH CONGRESS,F,1,25734,6,JEANNE,,IVES,DuPAGE,REPUBLICAN,15492,691,REP
GP 2020,6TH CONGRESS,F,1,25734,6,JEANNE,,IVES,COOK,REPUBLICAN,3552,692,REP
GP 2020,6TH CONGRESS,F,1,25734,6,JEANNE,,IVES,LAKE,REPUBLICAN,2867,693,REP
GP 2020,7TH CONGRESS,F,1,25920,7,KINA,,COLLINS,COOK,DEMOCRATIC,18399,694,DEM
GP 2020,7TH CONGRESS,F,1,25949,7,ANTHONY,,CLARK,COOK,DEMOCRATIC,17206,695,DEM
GP 2020,7TH CONGRESS,F,1,25977,7,KRISTINE,,SCHANBACHER,COOK,DEMOCRATIC,17187,696,DEM
GP 2020,7TH CONGRESS,F,1,25440,7,DANNY K.,,DAVIS,COOK,DEMOCRATIC,79813,697,DEM
GP 2020,7TH CONGRESS,F,1,25876,7,CRAIG,,CAMERON,COOK,REPUBLICAN,3799,698,REP
GP 2020,8TH CONGRESS,F,1,25839,8,WILLIAM,,OLSON,KANE,DEMOCRATIC,961,699,DEM
GP 2020,8TH CONGRESS,F,1,25839,8,WILLIAM,,OLSON,DuPAGE,DEMOCRATIC,2953,700,DEM
GP 2020,8TH CONGRESS,F,1,25839,8,WILLIAM,,OLSON,COOK,DEMOCRATIC,4527,701,DEM
GP 2020,8TH CONGRESS,F,1,25913,8,INAM,,HUSSAIN,KANE,DEMOCRATIC,410,702,DEM
GP 2020,8TH CONGRESS,F,1,25913,8,INAM,,HUSSAIN,DuPAGE,DEMOCRATIC,2155,703,DEM
GP 2020,8TH CONGRESS,F,1,25913,8,INAM,,HUSSAIN,COOK,DEMOCRATIC,1998,704,DEM
GP 2020,8TH CONGRESS,F,1,26649,8,RICHARD,,MAYERS,DuPAGE,REPUBLICAN,2,705,REP
GP 2020,8TH CONGRESS,F,1,26649,8,RICHARD,,MAYERS,COOK,REPUBLICAN,0,706,REP
GP 2020,8TH CONGRESS,F,1,26650,8,JOSEPH J,,HANTSCH,DuPAGE,REPUBLICAN,202,707,REP
GP 2020,8TH CONGRESS,F,1,26650,8,JOSEPH J,,HANTSCH,COOK,REPUBLICAN,9,708,REP
GP 2020,8TH CONGRESS,F,1,25805,8,RAJA,,KRISHNAMOORTHI,KANE,DEMOCRATIC,4604,709,DEM
GP 2020,8TH CONGRESS,F,1,25805,8,RAJA,,KRISHNAMOORTHI,DuPAGE,DEMOCRATIC,18025,710,DEM
GP 2020,8TH CONGRESS,F,1,25805,8,RAJA,,KRISHNAMOORTHI,COOK,DEMOCRATIC,29200,711,DEM
GP 2020,9TH CONGRESS,F,1,26654,9,ANDREW,,HELDUT,COOK,DEMOCRATIC,355,712,DEM
GP 2020,9TH CONGRESS,F,1,26655,9,RICHARD,,MAYERS,COOK,REPUBLICAN,1,713,REP
GP 2020,9TH CONGRESS,F,1,25799,9,JANICE D.,,SCHAKOWSKY,COOK,DEMOCRATIC,127467,714,DEM
GP 2020,9TH CONGRESS,F,1,25471,9,SARGIS,,SANGARI,COOK,REPUBLICAN,11808,715,REP
GP 2020,10TH CONGRESS,F,1,26639,10,ADAM,,BROAD,COOK,DEMOCRATIC,17,716,DEM
GP 2020,10TH CONGRESS,F,1,26639,10,ADAM,,BROAD,LAKE,DEMOCRATIC,98,717,DEM
GP 2020,10TH CONGRESS,F,1,25716,10,BRAD,,SCHNEIDER,COOK,DEMOCRATIC,20018,718,DEM
GP 2020,10TH CONGRESS,F,1,25716,10,BRAD,,SCHNEIDER,LAKE,DEMOCRATIC,59108,719,DEM
GP 2020,10TH CONGRESS,F,1,25869,10,VALERIE RAMIREZ,,MUKHERJEE,COOK,REPUBLICAN,3020,720,REP
GP 2020,10TH CONGRESS,F,1,25869,10,VALERIE RAMIREZ,,MUKHERJEE,LAKE,REPUBLICAN,11857,721,REP
GP 2020,11TH CONGRESS,F,1,25446,11,RACHEL,,VENTURA,KANE,DEMOCRATIC,3302,722,DEM
GP 2020,11TH CONGRESS,F,1,25446,11,RACHEL,,VENTURA,WILL,DEMOCRATIC,16689,723,DEM
GP 2020,11TH CONGRESS,F,1,25446,11,RACHEL,,VENTURA,KENDALL,DEMOCRATIC,1857,724,DEM
GP 2020,11TH CONGRESS,F,1,25446,11,RACHEL,,VENTURA,DuPAGE,DEMOCRATIC,10333,725,DEM
GP 2020,11TH CONGRESS,F,1,25446,11,RACHEL,,VENTURA,COOK,DEMOCRATIC,241,726,DEM
GP 2020,11TH CONGRESS,F,1,25945,11,KRISHNA K.,,BANSAL,KANE,REPUBLICAN,1089,727,REP
GP 2020,11TH CONGRESS,F,1,25945,11,KRISHNA K.,,BANSAL,WILL,REPUBLICAN,4333,728,REP
GP 2020,11TH CONGRESS,F,1,25945,11,KRISHNA K.,,BANSAL,KENDALL,REPUBLICAN,769,729,REP
GP 2020,11TH CONGRESS,F,1,25945,11,KRISHNA K.,,BANSAL,DuPAGE,REPUBLICAN,4313,730,REP
GP 2020,11TH CONGRESS,F,1,25945,11,KRISHNA K.,,BANSAL,COOK,REPUBLICAN,99,731,REP
GP 2020,11TH CONGRESS,F,1,26651,11,RICHARD,,MAYERS,DuPAGE,REPUBLICAN,0,732,REP
GP 2020,11TH CONGRESS,F,1,26651,11,RICHARD,,MAYERS,WILL,REPUBLICAN,0,733,REP
GP 2020,11TH CONGRESS,F,1,26651,11,RICHARD,,MAYERS,KENDALL,REPUBLICAN,0,734,REP
GP 2020,11TH CONGRESS,F,1,26651,11,RICHARD,,MAYERS,COOK,REPUBLICAN,0,735,REP
GP 2020,11TH CONGRESS,F,1,25637,11,BILL,,FOSTER,KANE,DEMOCRATIC,6466,736,DEM
GP 2020,11TH CONGRESS,F,1,25637,11,BILL,,FOSTER,WILL,DEMOCRATIC,20138,737,DEM
GP 2020,11TH CONGRESS,F,1,25637,11,BILL,,FOSTER,KENDALL,DEMOCRATIC,2656,738,DEM
GP 2020,11TH CONGRESS,F,1,25637,11,BILL,,FOSTER,DuPAGE,DEMOCRATIC,16398,739,DEM
GP 2020,11TH CONGRESS,F,1,25637,11,BILL,,FOSTER,COOK,DEMOCRATIC,458,740,DEM
GP 2020,11TH CONGRESS,F,1,25921,11,RICK,,LAIB,KANE,REPUBLICAN,1155,741,REP
GP 2020,11TH CONGRESS,F,1,25921,11,RICK,,LAIB,WILL,REPUBLICAN,6439,742,REP
GP 2020,11TH CONGRESS,F,1,25921,11,RICK,,LAIB,KENDALL,REPUBLICAN,1008,743,REP
GP 2020,11TH CONGRESS,F,1,25921,11,RICK,,LAIB,DuPAGE,REPUBLICAN,3709,744,REP
GP 2020,11TH CONGRESS,F,1,25921,11,RICK,,LAIB,COOK,REPUBLICAN,163,745,REP
GP 2020,12TH CONGRESS,F,1,25806,12,JOEL D.,,FUNK,PERRY,DEMOCRATIC,503,746,DEM
GP 2020,12TH CONGRESS,F,1,25806,12,JOEL D.,,FUNK,RANDOLPH,DEMOCRATIC,759,747,DEM
GP 2020,12TH CONGRESS,F,1,25806,12,JOEL D.,,FUNK,WILLIAMSON,DEMOCRATIC,1249,748,DEM
GP 2020,12TH CONGRESS,F,1,25806,12,JOEL D.,,FUNK,JEFFERSON,DEMOCRATIC,712,749,DEM
GP 2020,12TH CONGRESS,F,1,25806,12,JOEL D.,,FUNK,PULASKI,DEMOCRATIC,129,750,DEM
GP 2020,12TH CONGRESS,F,1,25806,12,JOEL D.,,FUNK,UNION,DEMOCRATIC,393,751,DEM
GP 2020,12TH CONGRESS,F,1,25806,12,JOEL D.,,FUNK,MADISON,DEMOCRATIC,4039,752,DEM
GP 2020,12TH CONGRESS,F,1,25806,12,JOEL D.,,FUNK,ST. CLAIR,DEMOCRATIC,15033,753,DEM
GP 2020,12TH CONGRESS,F,1,25806,12,JOEL D.,,FUNK,MONROE,DEMOCRATIC,1234,754,DEM
GP 2020,12TH CONGRESS,F,1,25806,12,JOEL D.,,FUNK,FRANKLIN,DEMOCRATIC,855,755,DEM
GP 2020,12TH CONGRESS,F,1,25806,12,JOEL D.,,FUNK,ALEXANDER,DEMOCRATIC,141,756,DEM
GP 2020,12TH CONGRESS,F,1,25806,12,JOEL D.,,FUNK,JACKSON,DEMOCRATIC,1601,757,DEM
GP 2020,12TH CONGRESS,F,1,25798,12,RAYMOND C.,,LENZI,PERRY,DEMOCRATIC,676,758,DEM
GP 2020,12TH CONGRESS,F,1,25798,12,RAYMOND C.,,LENZI,RANDOLPH,DEMOCRATIC,727,759,DEM
GP 2020,12TH CONGRESS,F,1,25798,12,RAYMOND C.,,LENZI,FRANKLIN,DEMOCRATIC,1428,760,DEM
GP 2020,12TH CONGRESS,F,1,25798,12,RAYMOND C.,,LENZI,ALEXANDER,DEMOCRATIC,294,761,DEM
GP 2020,12TH CONGRESS,F,1,25798,12,RAYMOND C.,,LENZI,JACKSON,DEMOCRATIC,4230,762,DEM
GP 2020,12TH CONGRESS,F,1,25798,12,RAYMOND C.,,LENZI,UNION,DEMOCRATIC,903,763,DEM
GP 2020,12TH CONGRESS,F,1,25798,12,RAYMOND C.,,LENZI,WILLIAMSON,DEMOCRATIC,2556,764,DEM
GP 2020,12TH CONGRESS,F,1,25798,12,RAYMOND C.,,LENZI,JEFFERSON,DEMOCRATIC,1066,765,DEM
GP 2020,12TH CONGRESS,F,1,25798,12,RAYMOND C.,,LENZI,PULASKI,DEMOCRATIC,194,766,DEM
GP 2020,12TH CONGRESS,F,1,25798,12,RAYMOND C.,,LENZI,MADISON,DEMOCRATIC,4235,767,DEM
GP 2020,12TH CONGRESS,F,1,25798,12,RAYMOND C.,,LENZI,ST. CLAIR,DEMOCRATIC,9816,768,DEM
GP 2020,12TH CONGRESS,F,1,25798,12,RAYMOND C.,,LENZI,MONROE,DEMOCRATIC,890,769,DEM
GP 2020,12TH CONGRESS,F,1,25441,12,MIKE,,BOST,PERRY,REPUBLICAN,1811,770,REP
GP 2020,12TH CONGRESS,F,1,25441,12,MIKE,,BOST,RANDOLPH,REPUBLICAN,2173,771,REP
GP 2020,12TH CONGRESS,F,1,25441,12,MIKE,,BOST,WILLIAMSON,REPUBLICAN,5862,772,REP
GP 2020,12TH CONGRESS,F,1,25441,12,MIKE,,BOST,JEFFERSON,REPUBLICAN,4667,773,REP
GP 2020,12TH CONGRESS,F,1,25441,12,MIKE,,BOST,PULASKI,REPUBLICAN,918,774,REP
GP 2020,12TH CONGRESS,F,1,25441,12,MIKE,,BOST,MADISON,REPUBLICAN,4122,775,REP
GP 2020,12TH CONGRESS,F,1,25441,12,MIKE,,BOST,ST. CLAIR,REPUBLICAN,9005,776,REP
GP 2020,12TH CONGRESS,F,1,25441,12,MIKE,,BOST,MONROE,REPUBLICAN,2570,777,REP
GP 2020,12TH CONGRESS,F,1,25441,12,MIKE,,BOST,FRANKLIN,REPUBLICAN,4325,778,REP
GP 2020,12TH CONGRESS,F,1,25441,12,MIKE,,BOST,ALEXANDER,REPUBLICAN,250,779,REP
GP 2020,12TH CONGRESS,F,1,25441,12,MIKE,,BOST,JACKSON,REPUBLICAN,2642,780,REP
GP 2020,12TH CONGRESS,F,1,25441,12,MIKE,,BOST,UNION,REPUBLICAN,1877,781,REP
GP 2020,13TH CONGRESS,F,1,25985,13,STEFANIE,,SMITH,GREENE,DEMOCRATIC,203,782,DEM
GP 2020,13TH CONGRESS,F,1,25985,13,STEFANIE,,SMITH,PIATT,DEMOCRATIC,241,783,DEM
GP 2020,13TH CONGRESS,F,1,25985,13,STEFANIE,,SMITH,DeWITT,DEMOCRATIC,196,784,DEM
GP 2020,13TH CONGRESS,F,1,25985,13,STEFANIE,,SMITH,JERSEY,DEMOCRATIC,320,785,DEM
GP 2020,13TH CONGRESS,F,1,25985,13,STEFANIE,,SMITH,MACON,DEMOCRATIC,1671,786,DEM
GP 2020,13TH CONGRESS,F,1,25985,13,STEFANIE,,SMITH,CALHOUN,DEMOCRATIC,71,787,DEM
GP 2020,13TH CONGRESS,F,1,25985,13,STEFANIE,,SMITH,McLEAN,DEMOCRATIC,1743,788,DEM
GP 2020,13TH CONGRESS,F,1,25985,13,STEFANIE,,SMITH,CHAMPAIGN,DEMOCRATIC,4751,789,DEM
GP 2020,13TH CONGRESS,F,1,25985,13,STEFANIE,,SMITH,MACOUPIN,DEMOCRATIC,833,790,DEM
GP 2020,13TH CONGRESS,F,1,25985,13,STEFANIE,,SMITH,MONTGOMERY,DEMOCRATIC,345,791,DEM
GP 2020,13TH CONGRESS,F,1,25985,13,STEFANIE,,SMITH,BOND,DEMOCRATIC,77,792,DEM
GP 2020,13TH CONGRESS,F,1,25985,13,STEFANIE,,SMITH,CHRISTIAN,DEMOCRATIC,398,793,DEM
GP 2020,13TH CONGRESS,F,1,25985,13,STEFANIE,,SMITH,SANGAMON,DEMOCRATIC,1277,794,DEM
GP 2020,13TH CONGRESS,F,1,25985,13,STEFANIE,,SMITH,MADISON,DEMOCRATIC,2885,795,DEM
GP 2020,13TH CONGRESS,F,1,25584,13,BETSY DIRKSEN,,LONDRIGAN,DeWITT,DEMOCRATIC,666,796,DEM
GP 2020,13TH CONGRESS,F,1,25584,13,BETSY DIRKSEN,,LONDRIGAN,JERSEY,DEMOCRATIC,919,797,DEM
GP 2020,13TH CONGRESS,F,1,25584,13,BETSY DIRKSEN,,LONDRIGAN,MACON,DEMOCRATIC,5429,798,DEM
GP 2020,13TH CONGRESS,F,1,25584,13,BETSY DIRKSEN,,LONDRIGAN,MACOUPIN,DEMOCRATIC,2800,799,DEM
GP 2020,13TH CONGRESS,F,1,25584,13,BETSY DIRKSEN,,LONDRIGAN,MONTGOMERY,DEMOCRATIC,1240,800,DEM
GP 2020,13TH CONGRESS,F,1,25584,13,BETSY DIRKSEN,,LONDRIGAN,BOND,DEMOCRATIC,198,801,DEM
GP 2020,13TH CONGRESS,F,1,25584,13,BETSY DIRKSEN,,LONDRIGAN,McLEAN,DEMOCRATIC,3936,802,DEM
GP 2020,13TH CONGRESS,F,1,25584,13,BETSY DIRKSEN,,LONDRIGAN,CHAMPAIGN,DEMOCRATIC,15666,803,DEM
GP 2020,13TH CONGRESS,F,1,25584,13,BETSY DIRKSEN,,LONDRIGAN,CHRISTIAN,DEMOCRATIC,1461,804,DEM
GP 2020,13TH CONGRESS,F,1,25584,13,BETSY DIRKSEN,,LONDRIGAN,SANGAMON,DEMOCRATIC,7450,805,DEM
GP 2020,13TH CONGRESS,F,1,25584,13,BETSY DIRKSEN,,LONDRIGAN,MADISON,DEMOCRATIC,7186,806,DEM
GP 2020,13TH CONGRESS,F,1,25584,13,BETSY DIRKSEN,,LONDRIGAN,CALHOUN,DEMOCRATIC,255,807,DEM
GP 2020,13TH CONGRESS,F,1,25584,13,BETSY DIRKSEN,,LONDRIGAN,GREENE,DEMOCRATIC,574,808,DEM
GP 2020,13TH CONGRESS,F,1,25584,13,BETSY DIRKSEN,,LONDRIGAN,PIATT,DEMOCRATIC,986,809,DEM
GP 2020,13TH CONGRESS,F,1,25469,13,RODNEY,,DAVIS,GREENE,REPUBLICAN,1209,810,REP
GP 2020,13TH CONGRESS,F,1,25469,13,RODNEY,,DAVIS,PIATT,REPUBLICAN,1926,811,REP
GP 2020,13TH CONGRESS,F,1,25469,13,RODNEY,,DAVIS,DeWITT,REPUBLICAN,2197,812,REP
GP 2020,13TH CONGRESS,F,1,25469,13,RODNEY,,DAVIS,JERSEY,REPUBLICAN,1583,813,REP
GP 2020,13TH CONGRESS,F,1,25469,13,RODNEY,,DAVIS,MACON,REPUBLICAN,7134,814,REP
GP 2020,13TH CONGRESS,F,1,25469,13,RODNEY,,DAVIS,MACOUPIN,REPUBLICAN,2982,815,REP
GP 2020,13TH CONGRESS,F,1,25469,13,RODNEY,,DAVIS,McLEAN,REPUBLICAN,2138,816,REP
GP 2020,13TH CONGRESS,F,1,25469,13,RODNEY,,DAVIS,CHAMPAIGN,REPUBLICAN,3778,817,REP
GP 2020,13TH CONGRESS,F,1,25469,13,RODNEY,,DAVIS,MONTGOMERY,REPUBLICAN,2307,818,REP
GP 2020,13TH CONGRESS,F,1,25469,13,RODNEY,,DAVIS,BOND,REPUBLICAN,337,819,REP
GP 2020,13TH CONGRESS,F,1,25469,13,RODNEY,,DAVIS,CHRISTIAN,REPUBLICAN,2621,820,REP
GP 2020,13TH CONGRESS,F,1,25469,13,RODNEY,,DAVIS,SANGAMON,REPUBLICAN,3076,821,REP
GP 2020,13TH CONGRESS,F,1,25469,13,RODNEY,,DAVIS,MADISON,REPUBLICAN,5095,822,REP
GP 2020,13TH CONGRESS,F,1,25469,13,RODNEY,,DAVIS,CALHOUN,REPUBLICAN,285,823,REP
GP 2020,14TH CONGRESS,F,1,25787,14,SUE,,REZIN,KANE,REPUBLICAN,3373,824,REP
GP 2020,14TH CONGRESS,F,1,25787,14,SUE,,REZIN,McHENRY,REPUBLICAN,3247,825,REP
GP 2020,14TH CONGRESS,F,1,25787,14,SUE,,REZIN,WILL,REPUBLICAN,1244,826,REP
GP 2020,14TH CONGRESS,F,1,25787,14,SUE,,REZIN,DeKALB,REPUBLICAN,617,827,REP
GP 2020,14TH CONGRESS,F,1,25787,14,SUE,,REZIN,KENDALL,REPUBLICAN,1897,828,REP
GP 2020,14TH CONGRESS,F,1,25787,14,SUE,,REZIN,DuPAGE,REPUBLICAN,181,829,REP
GP 2020,14TH CONGRESS,F,1,25787,14,SUE,,REZIN,LAKE,REPUBLICAN,1320,830,REP
GP 2020,14TH CONGRESS,F,1,25826,14,ANTHONY,,CATELLA,KANE,REPUBLICAN,283,831,REP
GP 2020,14TH CONGRESS,F,1,25826,14,ANTHONY,,CATELLA,McHENRY,REPUBLICAN,410,832,REP
GP 2020,14TH CONGRESS,F,1,25826,14,ANTHONY,,CATELLA,WILL,REPUBLICAN,110,833,REP
GP 2020,14TH CONGRESS,F,1,25826,14,ANTHONY,,CATELLA,DeKALB,REPUBLICAN,44,834,REP
GP 2020,14TH CONGRESS,F,1,25826,14,ANTHONY,,CATELLA,KENDALL,REPUBLICAN,135,835,REP
GP 2020,14TH CONGRESS,F,1,25826,14,ANTHONY,,CATELLA,DuPAGE,REPUBLICAN,15,836,REP
GP 2020,14TH CONGRESS,F,1,25826,14,ANTHONY,,CATELLA,LAKE,REPUBLICAN,121,837,REP
GP 2020,14TH CONGRESS,F,1,25518,14,CATALINA,,LAUF,KANE,REPUBLICAN,2132,838,REP
GP 2020,14TH CONGRESS,F,1,25518,14,CATALINA,,LAUF,McHENRY,REPUBLICAN,4763,839,REP
GP 2020,14TH CONGRESS,F,1,25518,14,CATALINA,,LAUF,WILL,REPUBLICAN,892,840,REP
GP 2020,14TH CONGRESS,F,1,25518,14,CATALINA,,LAUF,DeKALB,REPUBLICAN,427,841,REP
GP 2020,14TH CONGRESS,F,1,25518,14,CATALINA,,LAUF,KENDALL,REPUBLICAN,1328,842,REP
GP 2020,14TH CONGRESS,F,1,25518,14,CATALINA,,LAUF,DuPAGE,REPUBLICAN,71,843,REP
GP 2020,14TH CONGRESS,F,1,25518,14,CATALINA,,LAUF,LAKE,REPUBLICAN,838,844,REP
GP 2020,14TH CONGRESS,F,1,26641,14,RICHARD,,MAYERS,WILL,REPUBLICAN,0,845,REP
GP 2020,14TH CONGRESS,F,1,26641,14,RICHARD,,MAYERS,KENDALL,REPUBLICAN,0,846,REP
GP 2020,14TH CONGRESS,F,1,26641,14,RICHARD,,MAYERS,LAKE,REPUBLICAN,0,847,REP
GP 2020,14TH CONGRESS,F,1,26641,14,RICHARD,,MAYERS,McHENRY,REPUBLICAN,0,848,REP
GP 2020,14TH CONGRESS,F,1,26641,14,RICHARD,,MAYERS,DuPAGE,REPUBLICAN,0,849,REP
GP 2020,14TH CONGRESS,F,1,26641,14,RICHARD,,MAYERS,DeKALB,REPUBLICAN,0,850,REP
GP 2020,14TH CONGRESS,F,1,25644,14,LAUREN,,UNDERWOOD,KANE,DEMOCRATIC,20998,851,DEM
GP 2020,14TH CONGRESS,F,1,25644,14,LAUREN,,UNDERWOOD,McHENRY,DEMOCRATIC,19722,852,DEM
GP 2020,14TH CONGRESS,F,1,25644,14,LAUREN,,UNDERWOOD,WILL,DEMOCRATIC,12358,853,DEM
GP 2020,14TH CONGRESS,F,1,25644,14,LAUREN,,UNDERWOOD,DeKALB,DEMOCRATIC,3663,854,DEM
GP 2020,14TH CONGRESS,F,1,25644,14,LAUREN,,UNDERWOOD,KENDALL,DEMOCRATIC,8679,855,DEM
GP 2020,14TH CONGRESS,F,1,25644,14,LAUREN,,UNDERWOOD,DuPAGE,DEMOCRATIC,2045,856,DEM
GP 2020,14TH CONGRESS,F,1,25644,14,LAUREN,,UNDERWOOD,LAKE,DEMOCRATIC,10242,857,DEM
GP 2020,14TH CONGRESS,F,1,25502,14,JIM,,OBERWEIS,KANE,REPUBLICAN,3644,858,REP
GP 2020,14TH CONGRESS,F,1,25502,14,JIM,,OBERWEIS,McHENRY,REPUBLICAN,4072,859,REP
GP 2020,14TH CONGRESS,F,1,25502,14,JIM,,OBERWEIS,WILL,REPUBLICAN,1152,860,REP
GP 2020,14TH CONGRESS,F,1,25502,14,JIM,,OBERWEIS,DeKALB,REPUBLICAN,544,861,REP
GP 2020,14TH CONGRESS,F,1,25502,14,JIM,,OBERWEIS,KENDALL,REPUBLICAN,1766,862,REP
GP 2020,14TH CONGRESS,F,1,25502,14,JIM,,OBERWEIS,DuPAGE,REPUBLICAN,221,863,REP
GP 2020,14TH CONGRESS,F,1,25502,14,JIM,,OBERWEIS,LAKE,REPUBLICAN,1934,864,REP
GP 2020,14TH CONGRESS,F,1,25795,14,JERRY,,EVANS,KANE,REPUBLICAN,679,865,REP
GP 2020,14TH CONGRESS,F,1,25795,14,JERRY,,EVANS,McHENRY,REPUBLICAN,749,866,REP
GP 2020,14TH CONGRESS,F,1,25795,14,JERRY,,EVANS,WILL,REPUBLICAN,282,867,REP
GP 2020,14TH CONGRESS,F,1,25795,14,JERRY,,EVANS,DeKALB,REPUBLICAN,160,868,REP
GP 2020,14TH CONGRESS,F,1,25795,14,JERRY,,EVANS,KENDALL,REPUBLICAN,383,869,REP
GP 2020,14TH CONGRESS,F,1,25795,14,JERRY,,EVANS,DuPAGE,REPUBLICAN,103,870,REP
GP 2020,14TH CONGRESS,F,1,25795,14,JERRY,,EVANS,LAKE,REPUBLICAN,253,871,REP
GP 2020,14TH CONGRESS,F,1,25768,14,TED,,GRADEL,KANE,REPUBLICAN,1821,872,REP
GP 2020,14TH CONGRESS,F,1,25768,14,TED,,GRADEL,McHENRY,REPUBLICAN,2032,873,REP
GP 2020,14TH CONGRESS,F,1,25768,14,TED,,GRADEL,WILL,REPUBLICAN,1174,874,REP
GP 2020,14TH CONGRESS,F,1,25768,14,TED,,GRADEL,DeKALB,REPUBLICAN,318,875,REP
GP 2020,14TH CONGRESS,F,1,25768,14,TED,,GRADEL,KENDALL,REPUBLICAN,735,876,REP
GP 2020,14TH CONGRESS,F,1,25768,14,TED,,GRADEL,DuPAGE,REPUBLICAN,102,877,REP
GP 2020,14TH CONGRESS,F,1,25768,14,TED,,GRADEL,LAKE,REPUBLICAN,797,878,REP
GP 2020,14TH CONGRESS,F,1,25767,14,"JAMES T. ""JIM""",,MARTER,KANE,REPUBLICAN,1629,879,REP
GP 2020,14TH CONGRESS,F,1,25767,14,"JAMES T. ""JIM""",,MARTER,McHENRY,REPUBLICAN,1524,880,REP
GP 2020,14TH CONGRESS,F,1,25767,14,"JAMES T. ""JIM""",,MARTER,WILL,REPUBLICAN,523,881,REP
GP 2020,14TH CONGRESS,F,1,25767,14,"JAMES T. ""JIM""",,MARTER,DeKALB,REPUBLICAN,364,882,REP
GP 2020,14TH CONGRESS,F,1,25767,14,"JAMES T. ""JIM""",,MARTER,KENDALL,REPUBLICAN,1050,883,REP
GP 2020,14TH CONGRESS,F,1,25767,14,"JAMES T. ""JIM""",,MARTER,DuPAGE,REPUBLICAN,107,884,REP
GP 2020,14TH CONGRESS,F,1,25767,14,"JAMES T. ""JIM""",,MARTER,LAKE,REPUBLICAN,527,885,REP
GP 2020,15TH CONGRESS,F,1,25871,15,CRAIG,,MORTON,POPE,DEMOCRATIC,25,886,DEM
GP 2020,15TH CONGRESS,F,1,25871,15,CRAIG,,MORTON,MASSAC,DEMOCRATIC,86,887,DEM
GP 2020,15TH CONGRESS,F,1,25871,15,CRAIG,,MORTON,WASHINGTON,DEMOCRATIC,103,888,DEM
GP 2020,15TH CONGRESS,F,1,25871,15,CRAIG,,MORTON,SALINE,DEMOCRATIC,210,889,DEM
GP 2020,15TH CONGRESS,F,1,25871,15,CRAIG,,MORTON,RICHLAND,DEMOCRATIC,96,890,DEM
GP 2020,15TH CONGRESS,F,1,25871,15,CRAIG,,MORTON,JASPER,DEMOCRATIC,90,891,DEM
GP 2020,15TH CONGRESS,F,1,25871,15,CRAIG,,MORTON,WHITE,DEMOCRATIC,113,892,DEM
GP 2020,15TH CONGRESS,F,1,25871,15,CRAIG,,MORTON,WAYNE,DEMOCRATIC,81,893,DEM
GP 2020,15TH CONGRESS,F,1,25871,15,CRAIG,,MORTON,FAYETTE,DEMOCRATIC,168,894,DEM
GP 2020,15TH CONGRESS,F,1,25871,15,CRAIG,,MORTON,CUMBERLAND,DEMOCRATIC,104,895,DEM
GP 2020,15TH CONGRESS,F,1,25871,15,CRAIG,,MORTON,VERMILION,DEMOCRATIC,752,896,DEM
GP 2020,15TH CONGRESS,F,1,25871,15,CRAIG,,MORTON,WABASH,DEMOCRATIC,53,897,DEM
GP 2020,15TH CONGRESS,F,1,25871,15,CRAIG,,MORTON,EFFINGHAM,DEMOCRATIC,297,898,DEM
GP 2020,15TH CONGRESS,F,1,25871,15,CRAIG,,MORTON,MARION,DEMOCRATIC,1366,899,DEM
GP 2020,15TH CONGRESS,F,1,25871,15,CRAIG,,MORTON,CHAMPAIGN,DEMOCRATIC,339,900,DEM
GP 2020,15TH CONGRESS,F,1,25871,15,CRAIG,,MORTON,DOUGLAS,DEMOCRATIC,101,901,DEM
GP 2020,15TH CONGRESS,F,1,25871,15,CRAIG,,MORTON,MADISON,DEMOCRATIC,676,902,DEM
GP 2020,15TH CONGRESS,F,1,25871,15,CRAIG,,MORTON,GALLATIN,DEMOCRATIC,97,903,DEM
GP 2020,15TH CONGRESS,F,1,25871,15,CRAIG,,MORTON,HARDIN,DEMOCRATIC,37,904,DEM
GP 2020,15TH CONGRESS,F,1,25871,15,CRAIG,,MORTON,COLES,DEMOCRATIC,358,905,DEM
GP 2020,15TH CONGRESS,F,1,25871,15,CRAIG,,MORTON,CLINTON,DEMOCRATIC,237,906,DEM
GP 2020,15TH CONGRESS,F,1,25871,15,CRAIG,,MORTON,MOULTRIE,DEMOCRATIC,63,907,DEM
GP 2020,15TH CONGRESS,F,1,25871,15,CRAIG,,MORTON,FORD,DEMOCRATIC,37,908,DEM
GP 2020,15TH CONGRESS,F,1,25871,15,CRAIG,,MORTON,CLARK,DEMOCRATIC,176,909,DEM
GP 2020,15TH CONGRESS,F,1,25871,15,CRAIG,,MORTON,EDGAR,DEMOCRATIC,114,910,DEM
GP 2020,15TH CONGRESS,F,1,25871,15,CRAIG,,MORTON,CRAWFORD,DEMOCRATIC,110,911,DEM
GP 2020,15TH CONGRESS,F,1,25871,15,CRAIG,,MORTON,BOND,DEMOCRATIC,105,912,DEM
GP 2020,15TH CONGRESS,F,1,25871,15,CRAIG,,MORTON,LAWRENCE,DEMOCRATIC,98,913,DEM
GP 2020,15TH CONGRESS,F,1,25871,15,CRAIG,,MORTON,SHELBY,DEMOCRATIC,213,914,DEM
GP 2020,15TH CONGRESS,F,1,25871,15,CRAIG,,MORTON,JOHNSON,DEMOCRATIC,80,915,DEM
GP 2020,15TH CONGRESS,F,1,25871,15,CRAIG,,MORTON,CLAY,DEMOCRATIC,84,916,DEM
GP 2020,15TH CONGRESS,F,1,25871,15,CRAIG,,MORTON,EDWARDS,DEMOCRATIC,24,917,DEM
GP 2020,15TH CONGRESS,F,1,25871,15,CRAIG,,MORTON,HAMILTON,DEMOCRATIC,83,918,DEM
GP 2020,15TH CONGRESS,F,1,25874,15,KEVIN,,GAITHER,POPE,DEMOCRATIC,57,919,DEM
GP 2020,15TH CONGRESS,F,1,25874,15,KEVIN,,GAITHER,MASSAC,DEMOCRATIC,131,920,DEM
GP 2020,15TH CONGRESS,F,1,25874,15,KEVIN,,GAITHER,WASHINGTON,DEMOCRATIC,138,921,DEM
GP 2020,15TH CONGRESS,F,1,25874,15,KEVIN,,GAITHER,SALINE,DEMOCRATIC,235,922,DEM
GP 2020,15TH CONGRESS,F,1,25874,15,KEVIN,,GAITHER,RICHLAND,DEMOCRATIC,179,923,DEM
GP 2020,15TH CONGRESS,F,1,25874,15,KEVIN,,GAITHER,JASPER,DEMOCRATIC,148,924,DEM
GP 2020,15TH CONGRESS,F,1,25874,15,KEVIN,,GAITHER,WHITE,DEMOCRATIC,154,925,DEM
GP 2020,15TH CONGRESS,F,1,25874,15,KEVIN,,GAITHER,WAYNE,DEMOCRATIC,139,926,DEM
GP 2020,15TH CONGRESS,F,1,25874,15,KEVIN,,GAITHER,FAYETTE,DEMOCRATIC,198,927,DEM
GP 2020,15TH CONGRESS,F,1,25874,15,KEVIN,,GAITHER,CUMBERLAND,DEMOCRATIC,103,928,DEM
GP 2020,15TH CONGRESS,F,1,25874,15,KEVIN,,GAITHER,VERMILION,DEMOCRATIC,702,929,DEM
GP 2020,15TH CONGRESS,F,1,25874,15,KEVIN,,GAITHER,WABASH,DEMOCRATIC,124,930,DEM
GP 2020,15TH CONGRESS,F,1,25874,15,KEVIN,,GAITHER,EFFINGHAM,DEMOCRATIC,344,931,DEM
GP 2020,15TH CONGRESS,F,1,25874,15,KEVIN,,GAITHER,MARION,DEMOCRATIC,298,932,DEM
GP 2020,15TH CONGRESS,F,1,25874,15,KEVIN,,GAITHER,CHAMPAIGN,DEMOCRATIC,399,933,DEM
GP 2020,15TH CONGRESS,F,1,25874,15,KEVIN,,GAITHER,DOUGLAS,DEMOCRATIC,146,934,DEM
GP 2020,15TH CONGRESS,F,1,25874,15,KEVIN,,GAITHER,MADISON,DEMOCRATIC,842,935,DEM
GP 2020,15TH CONGRESS,F,1,25874,15,KEVIN,,GAITHER,GALLATIN,DEMOCRATIC,113,936,DEM
GP 2020,15TH CONGRESS,F,1,25874,15,KEVIN,,GAITHER,HARDIN,DEMOCRATIC,66,937,DEM
GP 2020,15TH CONGRESS,F,1,25874,15,KEVIN,,GAITHER,COLES,DEMOCRATIC,695,938,DEM
GP 2020,15TH CONGRESS,F,1,25874,15,KEVIN,,GAITHER,CLINTON,DEMOCRATIC,313,939,DEM
GP 2020,15TH CONGRESS,F,1,25874,15,KEVIN,,GAITHER,MOULTRIE,DEMOCRATIC,399,940,DEM
GP 2020,15TH CONGRESS,F,1,25874,15,KEVIN,,GAITHER,FORD,DEMOCRATIC,30,941,DEM
GP 2020,15TH CONGRESS,F,1,25874,15,KEVIN,,GAITHER,CLARK,DEMOCRATIC,185,942,DEM
GP 2020,15TH CONGRESS,F,1,25874,15,KEVIN,,GAITHER,EDGAR,DEMOCRATIC,185,943,DEM
GP 2020,15TH CONGRESS,F,1,25874,15,KEVIN,,GAITHER,CRAWFORD,DEMOCRATIC,183,944,DEM
GP 2020,15TH CONGRESS,F,1,25874,15,KEVIN,,GAITHER,BOND,DEMOCRATIC,145,945,DEM
GP 2020,15TH CONGRESS,F,1,25874,15,KEVIN,,GAITHER,LAWRENCE,DEMOCRATIC,242,946,DEM
GP 2020,15TH CONGRESS,F,1,25874,15,KEVIN,,GAITHER,SHELBY,DEMOCRATIC,328,947,DEM
GP 2020,15TH CONGRESS,F,1,25874,15,KEVIN,,GAITHER,JOHNSON,DEMOCRATIC,111,948,DEM
GP 2020,15TH CONGRESS,F,1,25874,15,KEVIN,,GAITHER,CLAY,DEMOCRATIC,126,949,DEM
GP 2020,15TH CONGRESS,F,1,25874,15,KEVIN,,GAITHER,EDWARDS,DEMOCRATIC,81,950,DEM
GP 2020,15TH CONGRESS,F,1,25874,15,KEVIN,,GAITHER,HAMILTON,DEMOCRATIC,114,951,DEM
GP 2020,15TH CONGRESS,F,1,25936,15,JOHN W.,,"HURSEY, JR",POPE,DEMOCRATIC,21,952,DEM
GP 2020,15TH CONGRESS,F,1,25936,15,JOHN W.,,"HURSEY, JR",MASSAC,DEMOCRATIC,46,953,DEM
GP 2020,15TH CONGRESS,F,1,25936,15,JOHN W.,,"HURSEY, JR",WASHINGTON,DEMOCRATIC,48,954,DEM
GP 2020,15TH CONGRESS,F,1,25936,15,JOHN W.,,"HURSEY, JR",SALINE,DEMOCRATIC,83,955,DEM
GP 2020,15TH CONGRESS,F,1,25936,15,JOHN W.,,"HURSEY, JR",MARION,DEMOCRATIC,106,956,DEM
GP 2020,15TH CONGRESS,F,1,25936,15,JOHN W.,,"HURSEY, JR",CHAMPAIGN,DEMOCRATIC,178,957,DEM
GP 2020,15TH CONGRESS,F,1,25936,15,JOHN W.,,"HURSEY, JR",WHITE,DEMOCRATIC,58,958,DEM
GP 2020,15TH CONGRESS,F,1,25936,15,JOHN W.,,"HURSEY, JR",WAYNE,DEMOCRATIC,48,959,DEM
GP 2020,15TH CONGRESS,F,1,25936,15,JOHN W.,,"HURSEY, JR",FAYETTE,DEMOCRATIC,46,960,DEM
GP 2020,15TH CONGRESS,F,1,25936,15,JOHN W.,,"HURSEY, JR",COLES,DEMOCRATIC,146,961,DEM
GP 2020,15TH CONGRESS,F,1,25936,15,JOHN W.,,"HURSEY, JR",CLINTON,DEMOCRATIC,96,962,DEM
GP 2020,15TH CONGRESS,F,1,25936,15,JOHN W.,,"HURSEY, JR",CUMBERLAND,DEMOCRATIC,22,963,DEM
GP 2020,15TH CONGRESS,F,1,25936,15,JOHN W.,,"HURSEY, JR",VERMILION,DEMOCRATIC,274,964,DEM
GP 2020,15TH CONGRESS,F,1,25936,15,JOHN W.,,"HURSEY, JR",WABASH,DEMOCRATIC,25,965,DEM
GP 2020,15TH CONGRESS,F,1,25936,15,JOHN W.,,"HURSEY, JR",EFFINGHAM,DEMOCRATIC,77,966,DEM
GP 2020,15TH CONGRESS,F,1,25936,15,JOHN W.,,"HURSEY, JR",CRAWFORD,DEMOCRATIC,60,967,DEM
GP 2020,15TH CONGRESS,F,1,25936,15,JOHN W.,,"HURSEY, JR",BOND,DEMOCRATIC,46,968,DEM
GP 2020,15TH CONGRESS,F,1,25936,15,JOHN W.,,"HURSEY, JR",DOUGLAS,DEMOCRATIC,47,969,DEM
GP 2020,15TH CONGRESS,F,1,25936,15,JOHN W.,,"HURSEY, JR",MADISON,DEMOCRATIC,285,970,DEM
GP 2020,15TH CONGRESS,F,1,25936,15,JOHN W.,,"HURSEY, JR",GALLATIN,DEMOCRATIC,48,971,DEM
GP 2020,15TH CONGRESS,F,1,25936,15,JOHN W.,,"HURSEY, JR",HARDIN,DEMOCRATIC,17,972,DEM
GP 2020,15TH CONGRESS,F,1,25936,15,JOHN W.,,"HURSEY, JR",EDWARDS,DEMOCRATIC,4,973,DEM
GP 2020,15TH CONGRESS,F,1,25936,15,JOHN W.,,"HURSEY, JR",HAMILTON,DEMOCRATIC,47,974,DEM
GP 2020,15TH CONGRESS,F,1,25936,15,JOHN W.,,"HURSEY, JR",MOULTRIE,DEMOCRATIC,19,975,DEM
GP 2020,15TH CONGRESS,F,1,25936,15,JOHN W.,,"HURSEY, JR",FORD,DEMOCRATIC,16,976,DEM
GP 2020,15TH CONGRESS,F,1,25936,15,JOHN W.,,"HURSEY, JR",CLARK,DEMOCRATIC,89,977,DEM
GP 2020,15TH CONGRESS,F,1,25936,15,JOHN W.,,"HURSEY, JR",EDGAR,DEMOCRATIC,48,978,DEM
GP 2020,15TH CONGRESS,F,1,25936,15,JOHN W.,,"HURSEY, JR",RICHLAND,DEMOCRATIC,44,979,DEM
GP 2020,15TH CONGRESS,F,1,25936,15,JOHN W.,,"HURSEY, JR",JASPER,DEMOCRATIC,24,980,DEM
GP 2020,15TH CONGRESS,F,1,25936,15,JOHN W.,,"HURSEY, JR",LAWRENCE,DEMOCRATIC,36,981,DEM
GP 2020,15TH CONGRESS,F,1,25936,15,JOHN W.,,"HURSEY, JR",SHELBY,DEMOCRATIC,72,982,DEM
GP 2020,15TH CONGRESS,F,1,25936,15,JOHN W.,,"HURSEY, JR",JOHNSON,DEMOCRATIC,33,983,DEM
GP 2020,15TH CONGRESS,F,1,25936,15,JOHN W.,,"HURSEY, JR",CLAY,DEMOCRATIC,35,984,DEM
GP 2020,15TH CONGRESS,F,1,25687,15,DARREN E.,,DUNCAN,POPE,REPUBLICAN,212,985,REP
GP 2020,15TH CONGRESS,F,1,25687,15,DARREN E.,,DUNCAN,MASSAC,REPUBLICAN,450,986,REP
GP 2020,15TH CONGRESS,F,1,25687,15,DARREN E.,,DUNCAN,WASHINGTON,REPUBLICAN,395,987,REP
GP 2020,15TH CONGRESS,F,1,25687,15,DARREN E.,,DUNCAN,SALINE,REPUBLICAN,969,988,REP
GP 2020,15TH CONGRESS,F,1,25687,15,DARREN E.,,DUNCAN,RICHLAND,REPUBLICAN,921,989,REP
GP 2020,15TH CONGRESS,F,1,25687,15,DARREN E.,,DUNCAN,CHAMPAIGN,REPUBLICAN,805,990,REP
GP 2020,15TH CONGRESS,F,1,25687,15,DARREN E.,,DUNCAN,WHITE,REPUBLICAN,454,991,REP
GP 2020,15TH CONGRESS,F,1,25687,15,DARREN E.,,DUNCAN,WAYNE,REPUBLICAN,910,992,REP
GP 2020,15TH CONGRESS,F,1,25687,15,DARREN E.,,DUNCAN,FAYETTE,REPUBLICAN,317,993,REP
GP 2020,15TH CONGRESS,F,1,25687,15,DARREN E.,,DUNCAN,CLINTON,REPUBLICAN,656,994,REP
GP 2020,15TH CONGRESS,F,1,25687,15,DARREN E.,,DUNCAN,CUMBERLAND,REPUBLICAN,259,995,REP
GP 2020,15TH CONGRESS,F,1,25687,15,DARREN E.,,DUNCAN,VERMILION,REPUBLICAN,2941,996,REP
GP 2020,15TH CONGRESS,F,1,25687,15,DARREN E.,,DUNCAN,WABASH,REPUBLICAN,438,997,REP
GP 2020,15TH CONGRESS,F,1,25687,15,DARREN E.,,DUNCAN,EFFINGHAM,REPUBLICAN,566,998,REP
GP 2020,15TH CONGRESS,F,1,25687,15,DARREN E.,,DUNCAN,MARION,REPUBLICAN,1027,999,REP
GP 2020,15TH CONGRESS,F,1,25687,15,DARREN E.,,DUNCAN,BOND,REPUBLICAN,156,1000,REP
GP 2020,15TH CONGRESS,F,1,25687,15,DARREN E.,,DUNCAN,DOUGLAS,REPUBLICAN,249,1001,REP
GP 2020,15TH CONGRESS,F,1,25687,15,DARREN E.,,DUNCAN,MADISON,REPUBLICAN,903,1002,REP
GP 2020,15TH CONGRESS,F,1,25687,15,DARREN E.,,DUNCAN,GALLATIN,REPUBLICAN,152,1003,REP
GP 2020,15TH CONGRESS,F,1,25687,15,DARREN E.,,DUNCAN,HARDIN,REPUBLICAN,269,1004,REP
GP 2020,15TH CONGRESS,F,1,25687,15,DARREN E.,,DUNCAN,COLES,REPUBLICAN,638,1005,REP
GP 2020,15TH CONGRESS,F,1,25687,15,DARREN E.,,DUNCAN,HAMILTON,REPUBLICAN,376,1006,REP
GP 2020,15TH CONGRESS,F,1,25687,15,DARREN E.,,DUNCAN,MOULTRIE,REPUBLICAN,202,1007,REP
GP 2020,15TH CONGRESS,F,1,25687,15,DARREN E.,,DUNCAN,FORD,REPUBLICAN,237,1008,REP
GP 2020,15TH CONGRESS,F,1,25687,15,DARREN E.,,DUNCAN,CLARK,REPUBLICAN,270,1009,REP
GP 2020,15TH CONGRESS,F,1,25687,15,DARREN E.,,DUNCAN,EDGAR,REPUBLICAN,259,1010,REP
GP 2020,15TH CONGRESS,F,1,25687,15,DARREN E.,,DUNCAN,CRAWFORD,REPUBLICAN,482,1011,REP
GP 2020,15TH CONGRESS,F,1,25687,15,DARREN E.,,DUNCAN,JASPER,REPUBLICAN,381,1012,REP
GP 2020,15TH CONGRESS,F,1,25687,15,DARREN E.,,DUNCAN,LAWRENCE,REPUBLICAN,432,1013,REP
GP 2020,15TH CONGRESS,F,1,25687,15,DARREN E.,,DUNCAN,SHELBY,REPUBLICAN,353,1014,REP
GP 2020,15TH CONGRESS,F,1,25687,15,DARREN E.,,DUNCAN,JOHNSON,REPUBLICAN,823,1015,REP
GP 2020,15TH CONGRESS,F,1,25687,15,DARREN E.,,DUNCAN,CLAY,REPUBLICAN,556,1016,REP
GP 2020,15TH CONGRESS,F,1,25687,15,DARREN E.,,DUNCAN,EDWARDS,REPUBLICAN,251,1017,REP
GP 2020,15TH CONGRESS,F,1,25744,15,KERRY A.,,WOLFF,POPE,REPUBLICAN,47,1018,REP
GP 2020,15TH CONGRESS,F,1,25744,15,KERRY A.,,WOLFF,MASSAC,REPUBLICAN,199,1019,REP
GP 2020,15TH CONGRESS,F,1,25744,15,KERRY A.,,WOLFF,WASHINGTON,REPUBLICAN,409,1020,REP
GP 2020,15TH CONGRESS,F,1,25744,15,KERRY A.,,WOLFF,SALINE,REPUBLICAN,276,1021,REP
GP 2020,15TH CONGRESS,F,1,25744,15,KERRY A.,,WOLFF,RICHLAND,REPUBLICAN,328,1022,REP
GP 2020,15TH CONGRESS,F,1,25744,15,KERRY A.,,WOLFF,JASPER,REPUBLICAN,258,1023,REP
GP 2020,15TH CONGRESS,F,1,25744,15,KERRY A.,,WOLFF,WHITE,REPUBLICAN,296,1024,REP
GP 2020,15TH CONGRESS,F,1,25744,15,KERRY A.,,WOLFF,WAYNE,REPUBLICAN,354,1025,REP
GP 2020,15TH CONGRESS,F,1,25744,15,KERRY A.,,WOLFF,FAYETTE,REPUBLICAN,579,1026,REP
GP 2020,15TH CONGRESS,F,1,25744,15,KERRY A.,,WOLFF,CUMBERLAND,REPUBLICAN,190,1027,REP
GP 2020,15TH CONGRESS,F,1,25744,15,KERRY A.,,WOLFF,VERMILION,REPUBLICAN,345,1028,REP
GP 2020,15TH CONGRESS,F,1,25744,15,KERRY A.,,WOLFF,WABASH,REPUBLICAN,308,1029,REP
GP 2020,15TH CONGRESS,F,1,25744,15,KERRY A.,,WOLFF,EFFINGHAM,REPUBLICAN,2189,1030,REP
GP 2020,15TH CONGRESS,F,1,25744,15,KERRY A.,,WOLFF,MARION,REPUBLICAN,834,1031,REP
GP 2020,15TH CONGRESS,F,1,25744,15,KERRY A.,,WOLFF,CHAMPAIGN,REPUBLICAN,297,1032,REP
GP 2020,15TH CONGRESS,F,1,25744,15,KERRY A.,,WOLFF,DOUGLAS,REPUBLICAN,124,1033,REP
GP 2020,15TH CONGRESS,F,1,25744,15,KERRY A.,,WOLFF,MADISON,REPUBLICAN,531,1034,REP
GP 2020,15TH CONGRESS,F,1,25744,15,KERRY A.,,WOLFF,GALLATIN,REPUBLICAN,80,1035,REP
GP 2020,15TH CONGRESS,F,1,25744,15,KERRY A.,,WOLFF,HARDIN,REPUBLICAN,64,1036,REP
GP 2020,15TH CONGRESS,F,1,25744,15,KERRY A.,,WOLFF,COLES,REPUBLICAN,276,1037,REP
GP 2020,15TH CONGRESS,F,1,25744,15,KERRY A.,,WOLFF,CLINTON,REPUBLICAN,522,1038,REP
GP 2020,15TH CONGRESS,F,1,25744,15,KERRY A.,,WOLFF,MOULTRIE,REPUBLICAN,99,1039,REP
GP 2020,15TH CONGRESS,F,1,25744,15,KERRY A.,,WOLFF,FORD,REPUBLICAN,103,1040,REP
GP 2020,15TH CONGRESS,F,1,25744,15,KERRY A.,,WOLFF,CLARK,REPUBLICAN,160,1041,REP
GP 2020,15TH CONGRESS,F,1,25744,15,KERRY A.,,WOLFF,EDGAR,REPUBLICAN,126,1042,REP
GP 2020,15TH CONGRESS,F,1,25744,15,KERRY A.,,WOLFF,CRAWFORD,REPUBLICAN,241,1043,REP
GP 2020,15TH CONGRESS,F,1,25744,15,KERRY A.,,WOLFF,BOND,REPUBLICAN,122,1044,REP
GP 2020,15TH CONGRESS,F,1,25744,15,KERRY A.,,WOLFF,LAWRENCE,REPUBLICAN,401,1045,REP
GP 2020,15TH CONGRESS,F,1,25744,15,KERRY A.,,WOLFF,SHELBY,REPUBLICAN,400,1046,REP
GP 2020,15TH CONGRESS,F,1,25744,15,KERRY A.,,WOLFF,JOHNSON,REPUBLICAN,422,1047,REP
GP 2020,15TH CONGRESS,F,1,25744,15,KERRY A.,,WOLFF,CLAY,REPUBLICAN,330,1048,REP
GP 2020,15TH CONGRESS,F,1,25744,15,KERRY A.,,WOLFF,EDWARDS,REPUBLICAN,138,1049,REP
GP 2020,15TH CONGRESS,F,1,25744,15,KERRY A.,,WOLFF,HAMILTON,REPUBLICAN,160,1050,REP
GP 2020,15TH CONGRESS,F,1,25979,15,CHUCK,,ELLINGTON,POPE,REPUBLICAN,27,1051,REP
GP 2020,15TH CONGRESS,F,1,25979,15,CHUCK,,ELLINGTON,MASSAC,REPUBLICAN,154,1052,REP
GP 2020,15TH CONGRESS,F,1,25979,15,CHUCK,,ELLINGTON,WASHINGTON,REPUBLICAN,141,1053,REP
GP 2020,15TH CONGRESS,F,1,25979,15,CHUCK,,ELLINGTON,SALINE,REPUBLICAN,156,1054,REP
GP 2020,15TH CONGRESS,F,1,25979,15,CHUCK,,ELLINGTON,RICHLAND,REPUBLICAN,204,1055,REP
GP 2020,15TH CONGRESS,F,1,25979,15,CHUCK,,ELLINGTON,JASPER,REPUBLICAN,94,1056,REP
GP 2020,15TH CONGRESS,F,1,25979,15,CHUCK,,ELLINGTON,WHITE,REPUBLICAN,81,1057,REP
GP 2020,15TH CONGRESS,F,1,25979,15,CHUCK,,ELLINGTON,WAYNE,REPUBLICAN,189,1058,REP
GP 2020,15TH CONGRESS,F,1,25979,15,CHUCK,,ELLINGTON,FAYETTE,REPUBLICAN,132,1059,REP
GP 2020,15TH CONGRESS,F,1,25979,15,CHUCK,,ELLINGTON,CUMBERLAND,REPUBLICAN,92,1060,REP
GP 2020,15TH CONGRESS,F,1,25979,15,CHUCK,,ELLINGTON,VERMILION,REPUBLICAN,266,1061,REP
GP 2020,15TH CONGRESS,F,1,25979,15,CHUCK,,ELLINGTON,WABASH,REPUBLICAN,178,1062,REP
GP 2020,15TH CONGRESS,F,1,25979,15,CHUCK,,ELLINGTON,EFFINGHAM,REPUBLICAN,164,1063,REP
GP 2020,15TH CONGRESS,F,1,25979,15,CHUCK,,ELLINGTON,MARION,REPUBLICAN,279,1064,REP
GP 2020,15TH CONGRESS,F,1,25979,15,CHUCK,,ELLINGTON,CHAMPAIGN,REPUBLICAN,268,1065,REP
GP 2020,15TH CONGRESS,F,1,25979,15,CHUCK,,ELLINGTON,DOUGLAS,REPUBLICAN,812,1066,REP
GP 2020,15TH CONGRESS,F,1,25979,15,CHUCK,,ELLINGTON,MADISON,REPUBLICAN,311,1067,REP
GP 2020,15TH CONGRESS,F,1,25979,15,CHUCK,,ELLINGTON,GALLATIN,REPUBLICAN,40,1068,REP
GP 2020,15TH CONGRESS,F,1,25979,15,CHUCK,,ELLINGTON,HARDIN,REPUBLICAN,33,1069,REP
GP 2020,15TH CONGRESS,F,1,25979,15,CHUCK,,ELLINGTON,COLES,REPUBLICAN,293,1070,REP
GP 2020,15TH CONGRESS,F,1,25979,15,CHUCK,,ELLINGTON,CLINTON,REPUBLICAN,230,1071,REP
GP 2020,15TH CONGRESS,F,1,25979,15,CHUCK,,ELLINGTON,MOULTRIE,REPUBLICAN,378,1072,REP
GP 2020,15TH CONGRESS,F,1,25979,15,CHUCK,,ELLINGTON,FORD,REPUBLICAN,51,1073,REP
GP 2020,15TH CONGRESS,F,1,25979,15,CHUCK,,ELLINGTON,CLARK,REPUBLICAN,214,1074,REP
GP 2020,15TH CONGRESS,F,1,25979,15,CHUCK,,ELLINGTON,EDGAR,REPUBLICAN,253,1075,REP
GP 2020,15TH CONGRESS,F,1,25979,15,CHUCK,,ELLINGTON,CRAWFORD,REPUBLICAN,186,1076,REP
GP 2020,15TH CONGRESS,F,1,25979,15,CHUCK,,ELLINGTON,BOND,REPUBLICAN,51,1077,REP
GP 2020,15TH CONGRESS,F,1,25979,15,CHUCK,,ELLINGTON,LAWRENCE,REPUBLICAN,172,1078,REP
GP 2020,15TH CONGRESS,F,1,25979,15,CHUCK,,ELLINGTON,SHELBY,REPUBLICAN,166,1079,REP
GP 2020,15TH CONGRESS,F,1,25979,15,CHUCK,,ELLINGTON,JOHNSON,REPUBLICAN,334,1080,REP
GP 2020,15TH CONGRESS,F,1,25979,15,CHUCK,,ELLINGTON,CLAY,REPUBLICAN,115,1081,REP
GP 2020,15TH CONGRESS,F,1,25979,15,CHUCK,,ELLINGTON,EDWARDS,REPUBLICAN,50,1082,REP
GP 2020,15TH CONGRESS,F,1,25979,15,CHUCK,,ELLINGTON,HAMILTON,REPUBLICAN,86,1083,REP
GP 2020,15TH CONGRESS,F,1,25898,15,ERIKA C.,,WEAVER,POPE,DEMOCRATIC,76,1084,DEM
GP 2020,15TH CONGRESS,F,1,25898,15,ERIKA C.,,WEAVER,MASSAC,DEMOCRATIC,337,1085,DEM
GP 2020,15TH CONGRESS,F,1,25898,15,ERIKA C.,,WEAVER,WASHINGTON,DEMOCRATIC,248,1086,DEM
GP 2020,15TH CONGRESS,F,1,25898,15,ERIKA C.,,WEAVER,SALINE,DEMOCRATIC,572,1087,DEM
GP 2020,15TH CONGRESS,F,1,25898,15,ERIKA C.,,WEAVER,RICHLAND,DEMOCRATIC,342,1088,DEM
GP 2020,15TH CONGRESS,F,1,25898,15,ERIKA C.,,WEAVER,CHAMPAIGN,DEMOCRATIC,1842,1089,DEM
GP 2020,15TH CONGRESS,F,1,25898,15,ERIKA C.,,WEAVER,WHITE,DEMOCRATIC,325,1090,DEM
GP 2020,15TH CONGRESS,F,1,25898,15,ERIKA C.,,WEAVER,WAYNE,DEMOCRATIC,230,1091,DEM
GP 2020,15TH CONGRESS,F,1,25898,15,ERIKA C.,,WEAVER,FAYETTE,DEMOCRATIC,291,1092,DEM
GP 2020,15TH CONGRESS,F,1,25898,15,ERIKA C.,,WEAVER,CLINTON,DEMOCRATIC,682,1093,DEM
GP 2020,15TH CONGRESS,F,1,25898,15,ERIKA C.,,WEAVER,CUMBERLAND,DEMOCRATIC,275,1094,DEM
GP 2020,15TH CONGRESS,F,1,25898,15,ERIKA C.,,WEAVER,VERMILION,DEMOCRATIC,2291,1095,DEM
GP 2020,15TH CONGRESS,F,1,25898,15,ERIKA C.,,WEAVER,WABASH,DEMOCRATIC,261,1096,DEM
GP 2020,15TH CONGRESS,F,1,25898,15,ERIKA C.,,WEAVER,EFFINGHAM,DEMOCRATIC,744,1097,DEM
GP 2020,15TH CONGRESS,F,1,25898,15,ERIKA C.,,WEAVER,MARION,DEMOCRATIC,759,1098,DEM
GP 2020,15TH CONGRESS,F,1,25898,15,ERIKA C.,,WEAVER,BOND,DEMOCRATIC,386,1099,DEM
GP 2020,15TH CONGRESS,F,1,25898,15,ERIKA C.,,WEAVER,DOUGLAS,DEMOCRATIC,428,1100,DEM
GP 2020,15TH CONGRESS,F,1,25898,15,ERIKA C.,,WEAVER,MADISON,DEMOCRATIC,2158,1101,DEM
GP 2020,15TH CONGRESS,F,1,25898,15,ERIKA C.,,WEAVER,GALLATIN,DEMOCRATIC,167,1102,DEM
GP 2020,15TH CONGRESS,F,1,25898,15,ERIKA C.,,WEAVER,HARDIN,DEMOCRATIC,82,1103,DEM
GP 2020,15TH CONGRESS,F,1,25898,15,ERIKA C.,,WEAVER,COLES,DEMOCRATIC,1828,1104,DEM
GP 2020,15TH CONGRESS,F,1,25898,15,ERIKA C.,,WEAVER,HAMILTON,DEMOCRATIC,217,1105,DEM
GP 2020,15TH CONGRESS,F,1,25898,15,ERIKA C.,,WEAVER,MOULTRIE,DEMOCRATIC,260,1106,DEM
GP 2020,15TH CONGRESS,F,1,25898,15,ERIKA C.,,WEAVER,FORD,DEMOCRATIC,139,1107,DEM
GP 2020,15TH CONGRESS,F,1,25898,15,ERIKA C.,,WEAVER,CLARK,DEMOCRATIC,470,1108,DEM
GP 2020,15TH CONGRESS,F,1,25898,15,ERIKA C.,,WEAVER,EDGAR,DEMOCRATIC,348,1109,DEM
GP 2020,15TH CONGRESS,F,1,25898,15,ERIKA C.,,WEAVER,CRAWFORD,DEMOCRATIC,533,1110,DEM
GP 2020,15TH CONGRESS,F,1,25898,15,ERIKA C.,,WEAVER,JASPER,DEMOCRATIC,164,1111,DEM
GP 2020,15TH CONGRESS,F,1,25898,15,ERIKA C.,,WEAVER,LAWRENCE,DEMOCRATIC,271,1112,DEM
GP 2020,15TH CONGRESS,F,1,25898,15,ERIKA C.,,WEAVER,SHELBY,DEMOCRATIC,542,1113,DEM
GP 2020,15TH CONGRESS,F,1,25898,15,ERIKA C.,,WEAVER,JOHNSON,DEMOCRATIC,234,1114,DEM
GP 2020,15TH CONGRESS,F,1,25898,15,ERIKA C.,,WEAVER,CLAY,DEMOCRATIC,187,1115,DEM
GP 2020,15TH CONGRESS,F,1,25898,15,ERIKA C.,,WEAVER,EDWARDS,DEMOCRATIC,89,1116,DEM
GP 2020,15TH CONGRESS,F,1,25684,15,MARY,,MILLER,POPE,REPUBLICAN,262,1117,REP
GP 2020,15TH CONGRESS,F,1,25684,15,MARY,,MILLER,MASSAC,REPUBLICAN,718,1118,REP
GP 2020,15TH CONGRESS,F,1,25684,15,MARY,,MILLER,WASHINGTON,REPUBLICAN,1171,1119,REP
GP 2020,15TH CONGRESS,F,1,25684,15,MARY,,MILLER,SALINE,REPUBLICAN,1045,1120,REP
GP 2020,15TH CONGRESS,F,1,25684,15,MARY,,MILLER,RICHLAND,REPUBLICAN,1508,1121,REP
GP 2020,15TH CONGRESS,F,1,25684,15,MARY,,MILLER,JASPER,REPUBLICAN,1290,1122,REP
GP 2020,15TH CONGRESS,F,1,25684,15,MARY,,MILLER,WHITE,REPUBLICAN,1001,1123,REP
GP 2020,15TH CONGRESS,F,1,25684,15,MARY,,MILLER,WAYNE,REPUBLICAN,1906,1124,REP
GP 2020,15TH CONGRESS,F,1,25684,15,MARY,,MILLER,FAYETTE,REPUBLICAN,1632,1125,REP
GP 2020,15TH CONGRESS,F,1,25684,15,MARY,,MILLER,CUMBERLAND,REPUBLICAN,1253,1126,REP
GP 2020,15TH CONGRESS,F,1,25684,15,MARY,,MILLER,VERMILION,REPUBLICAN,4211,1127,REP
GP 2020,15TH CONGRESS,F,1,25684,15,MARY,,MILLER,WABASH,REPUBLICAN,994,1128,REP
GP 2020,15TH CONGRESS,F,1,25684,15,MARY,,MILLER,EFFINGHAM,REPUBLICAN,3289,1129,REP
GP 2020,15TH CONGRESS,F,1,25684,15,MARY,,MILLER,MARION,REPUBLICAN,1986,1130,REP
GP 2020,15TH CONGRESS,F,1,25684,15,MARY,,MILLER,CHAMPAIGN,REPUBLICAN,2779,1131,REP
GP 2020,15TH CONGRESS,F,1,25684,15,MARY,,MILLER,DOUGLAS,REPUBLICAN,1441,1132,REP
GP 2020,15TH CONGRESS,F,1,25684,15,MARY,,MILLER,MADISON,REPUBLICAN,2591,1133,REP
GP 2020,15TH CONGRESS,F,1,25684,15,MARY,,MILLER,GALLATIN,REPUBLICAN,167,1134,REP
GP 2020,15TH CONGRESS,F,1,25684,15,MARY,,MILLER,HARDIN,REPUBLICAN,132,1135,REP
GP 2020,15TH CONGRESS,F,1,25684,15,MARY,,MILLER,COLES,REPUBLICAN,3270,1136,REP
GP 2020,15TH CONGRESS,F,1,25684,15,MARY,,MILLER,CLINTON,REPUBLICAN,1928,1137,REP
GP 2020,15TH CONGRESS,F,1,25684,15,MARY,,MILLER,MOULTRIE,REPUBLICAN,856,1138,REP
GP 2020,15TH CONGRESS,F,1,25684,15,MARY,,MILLER,FORD,REPUBLICAN,445,1139,REP
GP 2020,15TH CONGRESS,F,1,25684,15,MARY,,MILLER,CLARK,REPUBLICAN,1699,1140,REP
GP 2020,15TH CONGRESS,F,1,25684,15,MARY,,MILLER,EDGAR,REPUBLICAN,1433,1141,REP
GP 2020,15TH CONGRESS,F,1,25684,15,MARY,,MILLER,CRAWFORD,REPUBLICAN,1658,1142,REP
GP 2020,15TH CONGRESS,F,1,25684,15,MARY,,MILLER,BOND,REPUBLICAN,629,1143,REP
GP 2020,15TH CONGRESS,F,1,25684,15,MARY,,MILLER,LAWRENCE,REPUBLICAN,713,1144,REP
GP 2020,15TH CONGRESS,F,1,25684,15,MARY,,MILLER,SHELBY,REPUBLICAN,2249,1145,REP
GP 2020,15TH CONGRESS,F,1,25684,15,MARY,,MILLER,JOHNSON,REPUBLICAN,981,1146,REP
GP 2020,15TH CONGRESS,F,1,25684,15,MARY,,MILLER,CLAY,REPUBLICAN,1549,1147,REP
GP 2020,15TH CONGRESS,F,1,25684,15,MARY,,MILLER,EDWARDS,REPUBLICAN,840,1148,REP
GP 2020,15TH CONGRESS,F,1,25684,15,MARY,,MILLER,HAMILTON,REPUBLICAN,503,1149,REP
GP 2020,16TH CONGRESS,F,1,25590,16,DANI,,BRZOZOWSKI,IROQUOIS,DEMOCRATIC,1003,1150,DEM
GP 2020,16TH CONGRESS,F,1,25590,16,DANI,,BRZOZOWSKI,BOONE,DEMOCRATIC,3579,1151,DEM
GP 2020,16TH CONGRESS,F,1,25590,16,DANI,,BRZOZOWSKI,LEE,DEMOCRATIC,2106,1152,DEM
GP 2020,16TH CONGRESS,F,1,25590,16,DANI,,BRZOZOWSKI,FORD,DEMOCRATIC,312,1153,DEM
GP 2020,16TH CONGRESS,F,1,25590,16,DANI,,BRZOZOWSKI,GRUNDY,DEMOCRATIC,3388,1154,DEM
GP 2020,16TH CONGRESS,F,1,25590,16,DANI,,BRZOZOWSKI,STARK,DEMOCRATIC,60,1155,DEM
GP 2020,16TH CONGRESS,F,1,25590,16,DANI,,BRZOZOWSKI,WINNEBAGO,DEMOCRATIC,16287,1156,DEM
GP 2020,16TH CONGRESS,F,1,25590,16,DANI,,BRZOZOWSKI,LaSALLE,DEMOCRATIC,8479,1157,DEM
GP 2020,16TH CONGRESS,F,1,25590,16,DANI,,BRZOZOWSKI,LIVINGSTON,DEMOCRATIC,1470,1158,DEM
GP 2020,16TH CONGRESS,F,1,25590,16,DANI,,BRZOZOWSKI,BUREAU,DEMOCRATIC,2273,1159,DEM
GP 2020,16TH CONGRESS,F,1,25590,16,DANI,,BRZOZOWSKI,PUTNAM,DEMOCRATIC,509,1160,DEM
GP 2020,16TH CONGRESS,F,1,25590,16,DANI,,BRZOZOWSKI,OGLE,DEMOCRATIC,3515,1161,DEM
GP 2020,16TH CONGRESS,F,1,25590,16,DANI,,BRZOZOWSKI,WILL,DEMOCRATIC,1967,1162,DEM
GP 2020,16TH CONGRESS,F,1,25590,16,DANI,,BRZOZOWSKI,DeKALB,DEMOCRATIC,5863,1163,DEM
GP 2020,16TH CONGRESS,F,1,25527,16,ADAM,,KINZINGER,PUTNAM,REPUBLICAN,388,1164,REP
GP 2020,16TH CONGRESS,F,1,25527,16,ADAM,,KINZINGER,OGLE,REPUBLICAN,5506,1165,REP
GP 2020,16TH CONGRESS,F,1,25527,16,ADAM,,KINZINGER,WILL,REPUBLICAN,1665,1166,REP
GP 2020,16TH CONGRESS,F,1,25527,16,ADAM,,KINZINGER,DeKALB,REPUBLICAN,2450,1167,REP
GP 2020,16TH CONGRESS,F,1,25527,16,ADAM,,KINZINGER,WINNEBAGO,REPUBLICAN,13027,1168,REP
GP 2020,16TH CONGRESS,F,1,25527,16,ADAM,,KINZINGER,LaSALLE,REPUBLICAN,4902,1169,REP
GP 2020,16TH CONGRESS,F,1,25527,16,ADAM,,KINZINGER,LIVINGSTON,REPUBLICAN,3903,1170,REP
GP 2020,16TH CONGRESS,F,1,25527,16,ADAM,,KINZINGER,BUREAU,REPUBLICAN,1776,1171,REP
GP 2020,16TH CONGRESS,F,1,25527,16,ADAM,,KINZINGER,IROQUOIS,REPUBLICAN,3127,1172,REP
GP 2020,16TH CONGRESS,F,1,25527,16,ADAM,,KINZINGER,BOONE,REPUBLICAN,2909,1173,REP
GP 2020,16TH CONGRESS,F,1,25527,16,ADAM,,KINZINGER,LEE,REPUBLICAN,1956,1174,REP
GP 2020,16TH CONGRESS,F,1,25527,16,ADAM,,KINZINGER,FORD,REPUBLICAN,1057,1175,REP
GP 2020,16TH CONGRESS,F,1,25527,16,ADAM,,KINZINGER,GRUNDY,REPUBLICAN,2544,1176,REP
GP 2020,16TH CONGRESS,F,1,25527,16,ADAM,,KINZINGER,STARK,REPUBLICAN,86,1177,REP
GP 2020,17TH CONGRESS,F,1,25899,17,WILLIAM W,,FAWELL,WHITESIDE,REPUBLICAN,719,1178,REP
GP 2020,17TH CONGRESS,F,1,25899,17,WILLIAM W,,FAWELL,PEORIA,REPUBLICAN,629,1179,REP
GP 2020,17TH CONGRESS,F,1,25899,17,WILLIAM W,,FAWELL,ROCK ISLAND,REPUBLICAN,1331,1180,REP
GP 2020,17TH CONGRESS,F,1,25899,17,WILLIAM W,,FAWELL,TAZEWELL,REPUBLICAN,950,1181,REP
GP 2020,17TH CONGRESS,F,1,25899,17,WILLIAM W,,FAWELL,KNOX,REPUBLICAN,754,1182,REP
GP 2020,17TH CONGRESS,F,1,25899,17,WILLIAM W,,FAWELL,WINNEBAGO,REPUBLICAN,1477,1183,REP
GP 2020,17TH CONGRESS,F,1,25899,17,WILLIAM W,,FAWELL,MERCER,REPUBLICAN,307,1184,REP
GP 2020,17TH CONGRESS,F,1,25899,17,WILLIAM W,,FAWELL,JoDAVIESS,REPUBLICAN,678,1185,REP
GP 2020,17TH CONGRESS,F,1,25899,17,WILLIAM W,,FAWELL,CARROLL,REPUBLICAN,404,1186,REP
GP 2020,17TH CONGRESS,F,1,25899,17,WILLIAM W,,FAWELL,STEPHENSON,REPUBLICAN,1090,1187,REP
GP 2020,17TH CONGRESS,F,1,25899,17,WILLIAM W,,FAWELL,FULTON,REPUBLICAN,691,1188,REP
GP 2020,17TH CONGRESS,F,1,25899,17,WILLIAM W,,FAWELL,HENRY,REPUBLICAN,721,1189,REP
GP 2020,17TH CONGRESS,F,1,25899,17,WILLIAM W,,FAWELL,HENDERSON,REPUBLICAN,203,1190,REP
GP 2020,17TH CONGRESS,F,1,25899,17,WILLIAM W,,FAWELL,WARREN,REPUBLICAN,469,1191,REP
GP 2020,17TH CONGRESS,F,1,26636,17,SPANKY,,EDWARDS,WHITESIDE,DEMOCRATIC,3,1192,DEM
GP 2020,17TH CONGRESS,F,1,26636,17,SPANKY,,EDWARDS,CARROLL,DEMOCRATIC,0,1193,DEM
GP 2020,17TH CONGRESS,F,1,26636,17,SPANKY,,EDWARDS,FULTON,DEMOCRATIC,2,1194,DEM
GP 2020,17TH CONGRESS,F,1,26636,17,SPANKY,,EDWARDS,HENRY,DEMOCRATIC,10,1195,DEM
GP 2020,17TH CONGRESS,F,1,26636,17,SPANKY,,EDWARDS,HENDERSON,DEMOCRATIC,0,1196,DEM
GP 2020,17TH CONGRESS,F,1,26636,17,SPANKY,,EDWARDS,WINNEBAGO,DEMOCRATIC,5,1197,DEM
GP 2020,17TH CONGRESS,F,1,26636,17,SPANKY,,EDWARDS,PEORIA,DEMOCRATIC,121,1198,DEM
GP 2020,17TH CONGRESS,F,1,26636,17,SPANKY,,EDWARDS,WARREN,DEMOCRATIC,0,1199,DEM
GP 2020,17TH CONGRESS,F,1,26636,17,SPANKY,,EDWARDS,ROCK ISLAND,DEMOCRATIC,24,1200,DEM
GP 2020,17TH CONGRESS,F,1,26636,17,SPANKY,,EDWARDS,TAZEWELL,DEMOCRATIC,3,1201,DEM
GP 2020,17TH CONGRESS,F,1,26636,17,SPANKY,,EDWARDS,MERCER,DEMOCRATIC,5,1202,DEM
GP 2020,17TH CONGRESS,F,1,26636,17,SPANKY,,EDWARDS,JoDAVIESS,DEMOCRATIC,0,1203,DEM
GP 2020,17TH CONGRESS,F,1,26636,17,SPANKY,,EDWARDS,KNOX,DEMOCRATIC,16,1204,DEM
GP 2020,17TH CONGRESS,F,1,25591,17,CHERI,,BUSTOS,WHITESIDE,DEMOCRATIC,4384,1205,DEM
GP 2020,17TH CONGRESS,F,1,25591,17,CHERI,,BUSTOS,CARROLL,DEMOCRATIC,986,1206,DEM
GP 2020,17TH CONGRESS,F,1,25591,17,CHERI,,BUSTOS,STEPHENSON,DEMOCRATIC,3401,1207,DEM
GP 2020,17TH CONGRESS,F,1,25591,17,CHERI,,BUSTOS,FULTON,DEMOCRATIC,3237,1208,DEM
GP 2020,17TH CONGRESS,F,1,25591,17,CHERI,,BUSTOS,HENRY,DEMOCRATIC,3178,1209,DEM
GP 2020,17TH CONGRESS,F,1,25591,17,CHERI,,BUSTOS,HENDERSON,DEMOCRATIC,540,1210,DEM
GP 2020,17TH CONGRESS,F,1,25591,17,CHERI,,BUSTOS,JoDAVIESS,DEMOCRATIC,2311,1211,DEM
GP 2020,17TH CONGRESS,F,1,25591,17,CHERI,,BUSTOS,PEORIA,DEMOCRATIC,7571,1212,DEM
GP 2020,17TH CONGRESS,F,1,25591,17,CHERI,,BUSTOS,WARREN,DEMOCRATIC,1142,1213,DEM
GP 2020,17TH CONGRESS,F,1,25591,17,CHERI,,BUSTOS,ROCK ISLAND,DEMOCRATIC,14196,1214,DEM
GP 2020,17TH CONGRESS,F,1,25591,17,CHERI,,BUSTOS,TAZEWELL,DEMOCRATIC,3215,1215,DEM
GP 2020,17TH CONGRESS,F,1,25591,17,CHERI,,BUSTOS,KNOX,DEMOCRATIC,4230,1216,DEM
GP 2020,17TH CONGRESS,F,1,25591,17,CHERI,,BUSTOS,WINNEBAGO,DEMOCRATIC,6701,1217,DEM
GP 2020,17TH CONGRESS,F,1,25591,17,CHERI,,BUSTOS,MERCER,DEMOCRATIC,1296,1218,DEM
GP 2020,17TH CONGRESS,F,1,25448,17,ESTHER JOY,,KING,WARREN,REPUBLICAN,1078,1219,REP
GP 2020,17TH CONGRESS,F,1,25448,17,ESTHER JOY,,KING,ROCK ISLAND,REPUBLICAN,3389,1220,REP
GP 2020,17TH CONGRESS,F,1,25448,17,ESTHER JOY,,KING,TAZEWELL,REPUBLICAN,1115,1221,REP
GP 2020,17TH CONGRESS,F,1,25448,17,ESTHER JOY,,KING,KNOX,REPUBLICAN,1841,1222,REP
GP 2020,17TH CONGRESS,F,1,25448,17,ESTHER JOY,,KING,WINNEBAGO,REPUBLICAN,1413,1223,REP
GP 2020,17TH CONGRESS,F,1,25448,17,ESTHER JOY,,KING,MERCER,REPUBLICAN,937,1224,REP
GP 2020,17TH CONGRESS,F,1,25448,17,ESTHER JOY,,KING,HENRY,REPUBLICAN,2064,1225,REP
GP 2020,17TH CONGRESS,F,1,25448,17,ESTHER JOY,,KING,HENDERSON,REPUBLICAN,417,1226,REP
GP 2020,17TH CONGRESS,F,1,25448,17,ESTHER JOY,,KING,JoDAVIESS,REPUBLICAN,1211,1227,REP
GP 2020,17TH CONGRESS,F,1,25448,17,ESTHER JOY,,KING,PEORIA,REPUBLICAN,960,1228,REP
GP 2020,17TH CONGRESS,F,1,25448,17,ESTHER JOY,,KING,WHITESIDE,REPUBLICAN,1736,1229,REP
GP 2020,17TH CONGRESS,F,1,25448,17,ESTHER JOY,,KING,CARROLL,REPUBLICAN,685,1230,REP
GP 2020,17TH CONGRESS,F,1,25448,17,ESTHER JOY,,KING,STEPHENSON,REPUBLICAN,1612,1231,REP
GP 2020,17TH CONGRESS,F,1,25448,17,ESTHER JOY,,KING,FULTON,REPUBLICAN,1006,1232,REP
GP 2020,18TH CONGRESS,F,1,25516,18,DARIN,,LaHOOD,MORGAN,REPUBLICAN,2383,1233,REP
GP 2020,18TH CONGRESS,F,1,25516,18,DARIN,,LaHOOD,McDONOUGH,REPUBLICAN,1701,1234,REP
GP 2020,18TH CONGRESS,F,1,25516,18,DARIN,,LaHOOD,MASON,REPUBLICAN,1098,1235,REP
GP 2020,18TH CONGRESS,F,1,25516,18,DARIN,,LaHOOD,CASS,REPUBLICAN,691,1236,REP
GP 2020,18TH CONGRESS,F,1,25516,18,DARIN,,LaHOOD,LOGAN,REPUBLICAN,4102,1237,REP
GP 2020,18TH CONGRESS,F,1,25516,18,DARIN,,LaHOOD,ADAMS,REPUBLICAN,8746,1238,REP
GP 2020,18TH CONGRESS,F,1,25516,18,DARIN,,LaHOOD,PEORIA,REPUBLICAN,4358,1239,REP
GP 2020,18TH CONGRESS,F,1,25516,18,DARIN,,LaHOOD,TAZEWELL,REPUBLICAN,6094,1240,REP
GP 2020,18TH CONGRESS,F,1,25516,18,DARIN,,LaHOOD,McLEAN,REPUBLICAN,9866,1241,REP
GP 2020,18TH CONGRESS,F,1,25516,18,DARIN,,LaHOOD,HANCOCK,REPUBLICAN,2746,1242,REP
GP 2020,18TH CONGRESS,F,1,25516,18,DARIN,,LaHOOD,SCHUYLER,REPUBLICAN,708,1243,REP
GP 2020,18TH CONGRESS,F,1,25516,18,DARIN,,LaHOOD,BROWN,REPUBLICAN,835,1244,REP
GP 2020,18TH CONGRESS,F,1,25516,18,DARIN,,LaHOOD,PIKE,REPUBLICAN,1972,1245,REP
GP 2020,18TH CONGRESS,F,1,25516,18,DARIN,,LaHOOD,MENARD,REPUBLICAN,1067,1246,REP
GP 2020,18TH CONGRESS,F,1,25516,18,DARIN,,LaHOOD,STARK,REPUBLICAN,345,1247,REP
GP 2020,18TH CONGRESS,F,1,25516,18,DARIN,,LaHOOD,MARSHALL,REPUBLICAN,1411,1248,REP
GP 2020,18TH CONGRESS,F,1,25516,18,DARIN,,LaHOOD,WOODFORD,REPUBLICAN,3256,1249,REP
GP 2020,18TH CONGRESS,F,1,25516,18,DARIN,,LaHOOD,SANGAMON,REPUBLICAN,7017,1250,REP
GP 2020,18TH CONGRESS,F,1,25516,18,DARIN,,LaHOOD,SCOTT,REPUBLICAN,1146,1251,REP
GP 2020,UNITED STATES SENATOR,A,1,25778,2,TOM,,TARTER,KANE,REPUBLICAN,3656,1252,REP
GP 2020,UNITED STATES SENATOR,A,1,25778,2,TOM,,TARTER,CLARK,REPUBLICAN,223,1253,REP
GP 2020,UNITED STATES SENATOR,A,1,25778,2,TOM,,TARTER,MONTGOMERY,REPUBLICAN,350,1254,REP
GP 2020,UNITED STATES SENATOR,A,1,25778,2,TOM,,TARTER,GRUNDY,REPUBLICAN,407,1255,REP
GP 2020,UNITED STATES SENATOR,A,1,25778,2,TOM,,TARTER,STARK,REPUBLICAN,76,1256,REP
GP 2020,UNITED STATES SENATOR,A,1,25778,2,TOM,,TARTER,EDGAR,REPUBLICAN,326,1257,REP
GP 2020,UNITED STATES SENATOR,A,1,25778,2,TOM,,TARTER,FULTON,REPUBLICAN,420,1258,REP
GP 2020,UNITED STATES SENATOR,A,1,25778,2,TOM,,TARTER,HAMILTON,REPUBLICAN,220,1259,REP
GP 2020,UNITED STATES SENATOR,A,1,25778,2,TOM,,TARTER,MOULTRIE,REPUBLICAN,341,1260,REP
GP 2020,UNITED STATES SENATOR,A,1,25778,2,TOM,,TARTER,FORD,REPUBLICAN,304,1261,REP
GP 2020,UNITED STATES SENATOR,A,1,25778,2,TOM,,TARTER,MENARD,REPUBLICAN,217,1262,REP
GP 2020,UNITED STATES SENATOR,A,1,25778,2,TOM,,TARTER,HENRY,REPUBLICAN,453,1263,REP
GP 2020,UNITED STATES SENATOR,A,1,25778,2,TOM,,TARTER,JEFFERSON,REPUBLICAN,359,1264,REP
GP 2020,UNITED STATES SENATOR,A,1,25778,2,TOM,,TARTER,MACOUPIN,REPUBLICAN,508,1265,REP
GP 2020,UNITED STATES SENATOR,A,1,25778,2,TOM,,TARTER,CLAY,REPUBLICAN,318,1266,REP
GP 2020,UNITED STATES SENATOR,A,1,25778,2,TOM,,TARTER,BOONE,REPUBLICAN,321,1267,REP
GP 2020,UNITED STATES SENATOR,A,1,25778,2,TOM,,TARTER,LEE,REPUBLICAN,265,1268,REP
GP 2020,UNITED STATES SENATOR,A,1,25778,2,TOM,,TARTER,EDWARDS,REPUBLICAN,134,1269,REP
GP 2020,UNITED STATES SENATOR,A,1,25778,2,TOM,,TARTER,MACON,REPUBLICAN,2332,1270,REP
GP 2020,UNITED STATES SENATOR,A,1,25778,2,TOM,,TARTER,WILLIAMSON,REPUBLICAN,873,1271,REP
GP 2020,UNITED STATES SENATOR,A,1,25778,2,TOM,,TARTER,LOGAN,REPUBLICAN,633,1272,REP
GP 2020,UNITED STATES SENATOR,A,1,25778,2,TOM,,TARTER,STEPHENSON,REPUBLICAN,417,1273,REP
GP 2020,UNITED STATES SENATOR,A,1,25778,2,TOM,,TARTER,JOHNSON,REPUBLICAN,275,1274,REP
GP 2020,UNITED STATES SENATOR,A,1,25778,2,TOM,,TARTER,ADAMS,REPUBLICAN,1198,1275,REP
GP 2020,UNITED STATES SENATOR,A,1,25778,2,TOM,,TARTER,CASS,REPUBLICAN,135,1276,REP
GP 2020,UNITED STATES SENATOR,A,1,25778,2,TOM,,TARTER,DeWITT,REPUBLICAN,426,1277,REP
GP 2020,UNITED STATES SENATOR,A,1,25778,2,TOM,,TARTER,IROQUOIS,REPUBLICAN,560,1278,REP
GP 2020,UNITED STATES SENATOR,A,1,25778,2,TOM,,TARTER,LAWRENCE,REPUBLICAN,215,1279,REP
GP 2020,UNITED STATES SENATOR,A,1,25778,2,TOM,,TARTER,SHELBY,REPUBLICAN,643,1280,REP
GP 2020,UNITED STATES SENATOR,A,1,25778,2,TOM,,TARTER,JERSEY,REPUBLICAN,258,1281,REP
GP 2020,UNITED STATES SENATOR,A,1,25778,2,TOM,,TARTER,SALINE,REPUBLICAN,216,1282,REP
GP 2020,UNITED STATES SENATOR,A,1,25778,2,TOM,,TARTER,RICHLAND,REPUBLICAN,270,1283,REP
GP 2020,UNITED STATES SENATOR,A,1,25778,2,TOM,,TARTER,RANDOLPH,REPUBLICAN,256,1284,REP
GP 2020,UNITED STATES SENATOR,A,1,25778,2,TOM,,TARTER,JASPER,REPUBLICAN,202,1285,REP
GP 2020,UNITED STATES SENATOR,A,1,25778,2,TOM,,TARTER,MASON,REPUBLICAN,216,1286,REP
GP 2020,UNITED STATES SENATOR,A,1,25778,2,TOM,,TARTER,PIATT,REPUBLICAN,380,1287,REP
GP 2020,UNITED STATES SENATOR,A,1,25778,2,TOM,,TARTER,MORGAN,REPUBLICAN,437,1288,REP
GP 2020,UNITED STATES SENATOR,A,1,25778,2,TOM,,TARTER,POPE,REPUBLICAN,81,1289,REP
GP 2020,UNITED STATES SENATOR,A,1,25778,2,TOM,,TARTER,MASSAC,REPUBLICAN,242,1290,REP
GP 2020,UNITED STATES SENATOR,A,1,25778,2,TOM,,TARTER,PERRY,REPUBLICAN,132,1291,REP
GP 2020,UNITED STATES SENATOR,A,1,25778,2,TOM,,TARTER,WASHINGTON,REPUBLICAN,289,1292,REP
GP 2020,UNITED STATES SENATOR,A,1,25778,2,TOM,,TARTER,McDONOUGH,REPUBLICAN,400,1293,REP
GP 2020,UNITED STATES SENATOR,A,1,25778,2,TOM,,TARTER,WAYNE,REPUBLICAN,362,1294,REP
GP 2020,UNITED STATES SENATOR,A,1,25778,2,TOM,,TARTER,PEORIA,REPUBLICAN,1081,1295,REP
GP 2020,UNITED STATES SENATOR,A,1,25778,2,TOM,,TARTER,FAYETTE,REPUBLICAN,601,1296,REP
GP 2020,UNITED STATES SENATOR,A,1,25778,2,TOM,,TARTER,WHITESIDE,REPUBLICAN,313,1297,REP
GP 2020,UNITED STATES SENATOR,A,1,25778,2,TOM,,TARTER,GREENE,REPUBLICAN,178,1298,REP
GP 2020,UNITED STATES SENATOR,A,1,25778,2,TOM,,TARTER,CARROLL,REPUBLICAN,132,1299,REP
GP 2020,UNITED STATES SENATOR,A,1,25778,2,TOM,,TARTER,LAKE,REPUBLICAN,1735,1300,REP
GP 2020,UNITED STATES SENATOR,A,1,25778,2,TOM,,TARTER,LaSALLE,REPUBLICAN,678,1301,REP
GP 2020,UNITED STATES SENATOR,A,1,25778,2,TOM,,TARTER,WHITE,REPUBLICAN,194,1302,REP
GP 2020,UNITED STATES SENATOR,A,1,25778,2,TOM,,TARTER,JoDAVIESS,REPUBLICAN,259,1303,REP
GP 2020,UNITED STATES SENATOR,A,1,25778,2,TOM,,TARTER,BROWN,REPUBLICAN,129,1304,REP
GP 2020,UNITED STATES SENATOR,A,1,25778,2,TOM,,TARTER,PIKE,REPUBLICAN,317,1305,REP
GP 2020,UNITED STATES SENATOR,A,1,25778,2,TOM,,TARTER,JACKSON,REPUBLICAN,265,1306,REP
GP 2020,UNITED STATES SENATOR,A,1,25778,2,TOM,,TARTER,HANCOCK,REPUBLICAN,437,1307,REP
GP 2020,UNITED STATES SENATOR,A,1,25778,2,TOM,,TARTER,COOK,REPUBLICAN,7683,1308,REP
GP 2020,UNITED STATES SENATOR,A,1,25778,2,TOM,,TARTER,UNION,REPUBLICAN,221,1309,REP
GP 2020,UNITED STATES SENATOR,A,1,25778,2,TOM,,TARTER,CHAMPAIGN,REPUBLICAN,1440,1310,REP
GP 2020,UNITED STATES SENATOR,A,1,25778,2,TOM,,TARTER,SCHUYLER,REPUBLICAN,112,1311,REP
GP 2020,UNITED STATES SENATOR,A,1,25778,2,TOM,,TARTER,KENDALL,REPUBLICAN,1242,1312,REP
GP 2020,UNITED STATES SENATOR,A,1,25778,2,TOM,,TARTER,EFFINGHAM,REPUBLICAN,1122,1313,REP
GP 2020,UNITED STATES SENATOR,A,1,25778,2,TOM,,TARTER,MERCER,REPUBLICAN,188,1314,REP
GP 2020,UNITED STATES SENATOR,A,1,25778,2,TOM,,TARTER,ALEXANDER,REPUBLICAN,26,1315,REP
GP 2020,UNITED STATES SENATOR,A,1,25778,2,TOM,,TARTER,MARION,REPUBLICAN,466,1316,REP
GP 2020,UNITED STATES SENATOR,A,1,25778,2,TOM,,TARTER,DuPAGE,REPUBLICAN,3917,1317,REP
GP 2020,UNITED STATES SENATOR,A,1,25778,2,TOM,,TARTER,FRANKLIN,REPUBLICAN,493,1318,REP
GP 2020,UNITED STATES SENATOR,A,1,25778,2,TOM,,TARTER,WABASH,REPUBLICAN,168,1319,REP
GP 2020,UNITED STATES SENATOR,A,1,25778,2,TOM,,TARTER,KNOX,REPUBLICAN,417,1320,REP
GP 2020,UNITED STATES SENATOR,A,1,25778,2,TOM,,TARTER,WILL,REPUBLICAN,4773,1321,REP
GP 2020,UNITED STATES SENATOR,A,1,25778,2,TOM,,TARTER,DeKALB,REPUBLICAN,809,1322,REP
GP 2020,UNITED STATES SENATOR,A,1,25778,2,TOM,,TARTER,WINNEBAGO,REPUBLICAN,2212,1323,REP
GP 2020,UNITED STATES SENATOR,A,1,25778,2,TOM,,TARTER,OGLE,REPUBLICAN,742,1324,REP
GP 2020,UNITED STATES SENATOR,A,1,25778,2,TOM,,TARTER,ST. CLAIR,REPUBLICAN,1226,1325,REP
GP 2020,UNITED STATES SENATOR,A,1,25778,2,TOM,,TARTER,CUMBERLAND,REPUBLICAN,385,1326,REP
GP 2020,UNITED STATES SENATOR,A,1,25778,2,TOM,,TARTER,VERMILION,REPUBLICAN,1122,1327,REP
GP 2020,UNITED STATES SENATOR,A,1,25778,2,TOM,,TARTER,MONROE,REPUBLICAN,336,1328,REP
GP 2020,UNITED STATES SENATOR,A,1,25778,2,TOM,,TARTER,McLEAN,REPUBLICAN,1998,1329,REP
GP 2020,UNITED STATES SENATOR,A,1,25778,2,TOM,,TARTER,HARDIN,REPUBLICAN,51,1330,REP
GP 2020,UNITED STATES SENATOR,A,1,25778,2,TOM,,TARTER,McHENRY,REPUBLICAN,2549,1331,REP
GP 2020,UNITED STATES SENATOR,A,1,25778,2,TOM,,TARTER,COLES,REPUBLICAN,598,1332,REP
GP 2020,UNITED STATES SENATOR,A,1,25778,2,TOM,,TARTER,TAZEWELL,REPUBLICAN,1366,1333,REP
GP 2020,UNITED STATES SENATOR,A,1,25778,2,TOM,,TARTER,CLINTON,REPUBLICAN,399,1334,REP
GP 2020,UNITED STATES SENATOR,A,1,25778,2,TOM,,TARTER,CALHOUN,REPUBLICAN,42,1335,REP
GP 2020,UNITED STATES SENATOR,A,1,25778,2,TOM,,TARTER,WARREN,REPUBLICAN,222,1336,REP
GP 2020,UNITED STATES SENATOR,A,1,25778,2,TOM,,TARTER,PULASKI,REPUBLICAN,80,1337,REP
GP 2020,UNITED STATES SENATOR,A,1,25778,2,TOM,,TARTER,ROCK ISLAND,REPUBLICAN,582,1338,REP
GP 2020,UNITED STATES SENATOR,A,1,25778,2,TOM,,TARTER,MADISON,REPUBLICAN,1803,1339,REP
GP 2020,UNITED STATES SENATOR,A,1,25778,2,TOM,,TARTER,GALLATIN,REPUBLICAN,62,1340,REP
GP 2020,UNITED STATES SENATOR,A,1,25778,2,TOM,,TARTER,PUTNAM,REPUBLICAN,59,1341,REP
GP 2020,UNITED STATES SENATOR,A,1,25778,2,TOM,,TARTER,HENDERSON,REPUBLICAN,173,1342,REP
GP 2020,UNITED STATES SENATOR,A,1,25778,2,TOM,,TARTER,CHRISTIAN,REPUBLICAN,344,1343,REP
GP 2020,UNITED STATES SENATOR,A,1,25778,2,TOM,,TARTER,DOUGLAS,REPUBLICAN,330,1344,REP
GP 2020,UNITED STATES SENATOR,A,1,25778,2,TOM,,TARTER,SANGAMON,REPUBLICAN,3311,1345,REP
GP 2020,UNITED STATES SENATOR,A,1,25778,2,TOM,,TARTER,BUREAU,REPUBLICAN,358,1346,REP
GP 2020,UNITED STATES SENATOR,A,1,25778,2,TOM,,TARTER,SCOTT,REPUBLICAN,168,1347,REP
GP 2020,UNITED STATES SENATOR,A,1,25778,2,TOM,,TARTER,MARSHALL,REPUBLICAN,145,1348,REP
GP 2020,UNITED STATES SENATOR,A,1,25778,2,TOM,,TARTER,KANKAKEE,REPUBLICAN,965,1349,REP
GP 2020,UNITED STATES SENATOR,A,1,25778,2,TOM,,TARTER,LIVINGSTON,REPUBLICAN,583,1350,REP
GP 2020,UNITED STATES SENATOR,A,1,25778,2,TOM,,TARTER,WOODFORD,REPUBLICAN,531,1351,REP
GP 2020,UNITED STATES SENATOR,A,1,25778,2,TOM,,TARTER,CRAWFORD,REPUBLICAN,306,1352,REP
GP 2020,UNITED STATES SENATOR,A,1,25778,2,TOM,,TARTER,BOND,REPUBLICAN,219,1353,REP
GP 2020,UNITED STATES SENATOR,A,1,25868,2,CASEY,,CHLEBEK,WARREN,REPUBLICAN,80,1354,REP
GP 2020,UNITED STATES SENATOR,A,1,25868,2,CASEY,,CHLEBEK,PULASKI,REPUBLICAN,39,1355,REP
GP 2020,UNITED STATES SENATOR,A,1,25868,2,CASEY,,CHLEBEK,ROCK ISLAND,REPUBLICAN,314,1356,REP
GP 2020,UNITED STATES SENATOR,A,1,25868,2,CASEY,,CHLEBEK,MADISON,REPUBLICAN,641,1357,REP
GP 2020,UNITED STATES SENATOR,A,1,25868,2,CASEY,,CHLEBEK,GALLATIN,REPUBLICAN,13,1358,REP
GP 2020,UNITED STATES SENATOR,A,1,25868,2,CASEY,,CHLEBEK,PUTNAM,REPUBLICAN,13,1359,REP
GP 2020,UNITED STATES SENATOR,A,1,25868,2,CASEY,,CHLEBEK,HENDERSON,REPUBLICAN,19,1360,REP
GP 2020,UNITED STATES SENATOR,A,1,25868,2,CASEY,,CHLEBEK,CHRISTIAN,REPUBLICAN,121,1361,REP
GP 2020,UNITED STATES SENATOR,A,1,25868,2,CASEY,,CHLEBEK,DOUGLAS,REPUBLICAN,111,1362,REP
GP 2020,UNITED STATES SENATOR,A,1,25868,2,CASEY,,CHLEBEK,SANGAMON,REPUBLICAN,264,1363,REP
GP 2020,UNITED STATES SENATOR,A,1,25868,2,CASEY,,CHLEBEK,BUREAU,REPUBLICAN,64,1364,REP
GP 2020,UNITED STATES SENATOR,A,1,25868,2,CASEY,,CHLEBEK,SCOTT,REPUBLICAN,33,1365,REP
GP 2020,UNITED STATES SENATOR,A,1,25868,2,CASEY,,CHLEBEK,MARSHALL,REPUBLICAN,49,1366,REP
GP 2020,UNITED STATES SENATOR,A,1,25868,2,CASEY,,CHLEBEK,KANKAKEE,REPUBLICAN,331,1367,REP
GP 2020,UNITED STATES SENATOR,A,1,25868,2,CASEY,,CHLEBEK,LIVINGSTON,REPUBLICAN,144,1368,REP
GP 2020,UNITED STATES SENATOR,A,1,25868,2,CASEY,,CHLEBEK,WOODFORD,REPUBLICAN,135,1369,REP
GP 2020,UNITED STATES SENATOR,A,1,25868,2,CASEY,,CHLEBEK,CRAWFORD,REPUBLICAN,113,1370,REP
GP 2020,UNITED STATES SENATOR,A,1,25868,2,CASEY,,CHLEBEK,BOND,REPUBLICAN,58,1371,REP
GP 2020,UNITED STATES SENATOR,A,1,25868,2,CASEY,,CHLEBEK,KANE,REPUBLICAN,1221,1372,REP
GP 2020,UNITED STATES SENATOR,A,1,25868,2,CASEY,,CHLEBEK,CLARK,REPUBLICAN,107,1373,REP
GP 2020,UNITED STATES SENATOR,A,1,25868,2,CASEY,,CHLEBEK,MONTGOMERY,REPUBLICAN,84,1374,REP
GP 2020,UNITED STATES SENATOR,A,1,25868,2,CASEY,,CHLEBEK,GRUNDY,REPUBLICAN,155,1375,REP
GP 2020,UNITED STATES SENATOR,A,1,25868,2,CASEY,,CHLEBEK,STARK,REPUBLICAN,20,1376,REP
GP 2020,UNITED STATES SENATOR,A,1,25868,2,CASEY,,CHLEBEK,EDGAR,REPUBLICAN,89,1377,REP
GP 2020,UNITED STATES SENATOR,A,1,25868,2,CASEY,,CHLEBEK,FULTON,REPUBLICAN,77,1378,REP
GP 2020,UNITED STATES SENATOR,A,1,25868,2,CASEY,,CHLEBEK,HAMILTON,REPUBLICAN,42,1379,REP
GP 2020,UNITED STATES SENATOR,A,1,25868,2,CASEY,,CHLEBEK,MOULTRIE,REPUBLICAN,58,1380,REP
GP 2020,UNITED STATES SENATOR,A,1,25868,2,CASEY,,CHLEBEK,FORD,REPUBLICAN,86,1381,REP
GP 2020,UNITED STATES SENATOR,A,1,25868,2,CASEY,,CHLEBEK,MENARD,REPUBLICAN,40,1382,REP
GP 2020,UNITED STATES SENATOR,A,1,25868,2,CASEY,,CHLEBEK,HENRY,REPUBLICAN,130,1383,REP
GP 2020,UNITED STATES SENATOR,A,1,25868,2,CASEY,,CHLEBEK,JEFFERSON,REPUBLICAN,227,1384,REP
GP 2020,UNITED STATES SENATOR,A,1,25868,2,CASEY,,CHLEBEK,MACOUPIN,REPUBLICAN,135,1385,REP
GP 2020,UNITED STATES SENATOR,A,1,25868,2,CASEY,,CHLEBEK,CLAY,REPUBLICAN,85,1386,REP
GP 2020,UNITED STATES SENATOR,A,1,25868,2,CASEY,,CHLEBEK,BOONE,REPUBLICAN,125,1387,REP
GP 2020,UNITED STATES SENATOR,A,1,25868,2,CASEY,,CHLEBEK,LEE,REPUBLICAN,76,1388,REP
GP 2020,UNITED STATES SENATOR,A,1,25868,2,CASEY,,CHLEBEK,EDWARDS,REPUBLICAN,57,1389,REP
GP 2020,UNITED STATES SENATOR,A,1,25868,2,CASEY,,CHLEBEK,MACON,REPUBLICAN,285,1390,REP
GP 2020,UNITED STATES SENATOR,A,1,25868,2,CASEY,,CHLEBEK,WILLIAMSON,REPUBLICAN,219,1391,REP
GP 2020,UNITED STATES SENATOR,A,1,25868,2,CASEY,,CHLEBEK,LOGAN,REPUBLICAN,155,1392,REP
GP 2020,UNITED STATES SENATOR,A,1,25868,2,CASEY,,CHLEBEK,STEPHENSON,REPUBLICAN,143,1393,REP
GP 2020,UNITED STATES SENATOR,A,1,25868,2,CASEY,,CHLEBEK,JOHNSON,REPUBLICAN,120,1394,REP
GP 2020,UNITED STATES SENATOR,A,1,25868,2,CASEY,,CHLEBEK,ADAMS,REPUBLICAN,277,1395,REP
GP 2020,UNITED STATES SENATOR,A,1,25868,2,CASEY,,CHLEBEK,CASS,REPUBLICAN,25,1396,REP
GP 2020,UNITED STATES SENATOR,A,1,25868,2,CASEY,,CHLEBEK,DeWITT,REPUBLICAN,83,1397,REP
GP 2020,UNITED STATES SENATOR,A,1,25868,2,CASEY,,CHLEBEK,IROQUOIS,REPUBLICAN,160,1398,REP
GP 2020,UNITED STATES SENATOR,A,1,25868,2,CASEY,,CHLEBEK,LAWRENCE,REPUBLICAN,95,1399,REP
GP 2020,UNITED STATES SENATOR,A,1,25868,2,CASEY,,CHLEBEK,SHELBY,REPUBLICAN,109,1400,REP
GP 2020,UNITED STATES SENATOR,A,1,25868,2,CASEY,,CHLEBEK,JERSEY,REPUBLICAN,48,1401,REP
GP 2020,UNITED STATES SENATOR,A,1,25868,2,CASEY,,CHLEBEK,SALINE,REPUBLICAN,111,1402,REP
GP 2020,UNITED STATES SENATOR,A,1,25868,2,CASEY,,CHLEBEK,RICHLAND,REPUBLICAN,134,1403,REP
GP 2020,UNITED STATES SENATOR,A,1,25868,2,CASEY,,CHLEBEK,RANDOLPH,REPUBLICAN,74,1404,REP
GP 2020,UNITED STATES SENATOR,A,1,25868,2,CASEY,,CHLEBEK,JASPER,REPUBLICAN,106,1405,REP
GP 2020,UNITED STATES SENATOR,A,1,25868,2,CASEY,,CHLEBEK,MASON,REPUBLICAN,39,1406,REP
GP 2020,UNITED STATES SENATOR,A,1,25868,2,CASEY,,CHLEBEK,PIATT,REPUBLICAN,76,1407,REP
GP 2020,UNITED STATES SENATOR,A,1,25868,2,CASEY,,CHLEBEK,MORGAN,REPUBLICAN,74,1408,REP
GP 2020,UNITED STATES SENATOR,A,1,25868,2,CASEY,,CHLEBEK,POPE,REPUBLICAN,15,1409,REP
GP 2020,UNITED STATES SENATOR,A,1,25868,2,CASEY,,CHLEBEK,MASSAC,REPUBLICAN,54,1410,REP
GP 2020,UNITED STATES SENATOR,A,1,25868,2,CASEY,,CHLEBEK,PERRY,REPUBLICAN,66,1411,REP
GP 2020,UNITED STATES SENATOR,A,1,25868,2,CASEY,,CHLEBEK,WASHINGTON,REPUBLICAN,110,1412,REP
GP 2020,UNITED STATES SENATOR,A,1,25868,2,CASEY,,CHLEBEK,McDONOUGH,REPUBLICAN,51,1413,REP
GP 2020,UNITED STATES SENATOR,A,1,25868,2,CASEY,,CHLEBEK,WAYNE,REPUBLICAN,145,1414,REP
GP 2020,UNITED STATES SENATOR,A,1,25868,2,CASEY,,CHLEBEK,PEORIA,REPUBLICAN,283,1415,REP
GP 2020,UNITED STATES SENATOR,A,1,25868,2,CASEY,,CHLEBEK,FAYETTE,REPUBLICAN,89,1416,REP
GP 2020,UNITED STATES SENATOR,A,1,25868,2,CASEY,,CHLEBEK,WHITESIDE,REPUBLICAN,127,1417,REP
GP 2020,UNITED STATES SENATOR,A,1,25868,2,CASEY,,CHLEBEK,GREENE,REPUBLICAN,35,1418,REP
GP 2020,UNITED STATES SENATOR,A,1,25868,2,CASEY,,CHLEBEK,CARROLL,REPUBLICAN,59,1419,REP
GP 2020,UNITED STATES SENATOR,A,1,25868,2,CASEY,,CHLEBEK,LAKE,REPUBLICAN,789,1420,REP
GP 2020,UNITED STATES SENATOR,A,1,25868,2,CASEY,,CHLEBEK,LaSALLE,REPUBLICAN,252,1421,REP
GP 2020,UNITED STATES SENATOR,A,1,25868,2,CASEY,,CHLEBEK,WHITE,REPUBLICAN,63,1422,REP
GP 2020,UNITED STATES SENATOR,A,1,25868,2,CASEY,,CHLEBEK,JoDAVIESS,REPUBLICAN,121,1423,REP
GP 2020,UNITED STATES SENATOR,A,1,25868,2,CASEY,,CHLEBEK,BROWN,REPUBLICAN,19,1424,REP
GP 2020,UNITED STATES SENATOR,A,1,25868,2,CASEY,,CHLEBEK,PIKE,REPUBLICAN,53,1425,REP
GP 2020,UNITED STATES SENATOR,A,1,25868,2,CASEY,,CHLEBEK,JACKSON,REPUBLICAN,102,1426,REP
GP 2020,UNITED STATES SENATOR,A,1,25868,2,CASEY,,CHLEBEK,HANCOCK,REPUBLICAN,105,1427,REP
GP 2020,UNITED STATES SENATOR,A,1,25868,2,CASEY,,CHLEBEK,COOK,REPUBLICAN,7269,1428,REP
GP 2020,UNITED STATES SENATOR,A,1,25868,2,CASEY,,CHLEBEK,UNION,REPUBLICAN,62,1429,REP
GP 2020,UNITED STATES SENATOR,A,1,25868,2,CASEY,,CHLEBEK,CHAMPAIGN,REPUBLICAN,344,1430,REP
GP 2020,UNITED STATES SENATOR,A,1,25868,2,CASEY,,CHLEBEK,SCHUYLER,REPUBLICAN,18,1431,REP
GP 2020,UNITED STATES SENATOR,A,1,25868,2,CASEY,,CHLEBEK,KENDALL,REPUBLICAN,534,1432,REP
GP 2020,UNITED STATES SENATOR,A,1,25868,2,CASEY,,CHLEBEK,EFFINGHAM,REPUBLICAN,182,1433,REP
GP 2020,UNITED STATES SENATOR,A,1,25868,2,CASEY,,CHLEBEK,MERCER,REPUBLICAN,56,1434,REP
GP 2020,UNITED STATES SENATOR,A,1,25868,2,CASEY,,CHLEBEK,ALEXANDER,REPUBLICAN,11,1435,REP
GP 2020,UNITED STATES SENATOR,A,1,25868,2,CASEY,,CHLEBEK,MARION,REPUBLICAN,158,1436,REP
GP 2020,UNITED STATES SENATOR,A,1,25868,2,CASEY,,CHLEBEK,DuPAGE,REPUBLICAN,2285,1437,REP
GP 2020,UNITED STATES SENATOR,A,1,25868,2,CASEY,,CHLEBEK,FRANKLIN,REPUBLICAN,182,1438,REP
GP 2020,UNITED STATES SENATOR,A,1,25868,2,CASEY,,CHLEBEK,WABASH,REPUBLICAN,105,1439,REP
GP 2020,UNITED STATES SENATOR,A,1,25868,2,CASEY,,CHLEBEK,KNOX,REPUBLICAN,127,1440,REP
GP 2020,UNITED STATES SENATOR,A,1,25868,2,CASEY,,CHLEBEK,WILL,REPUBLICAN,2069,1441,REP
GP 2020,UNITED STATES SENATOR,A,1,25868,2,CASEY,,CHLEBEK,DeKALB,REPUBLICAN,215,1442,REP
GP 2020,UNITED STATES SENATOR,A,1,25868,2,CASEY,,CHLEBEK,WINNEBAGO,REPUBLICAN,778,1443,REP
GP 2020,UNITED STATES SENATOR,A,1,25868,2,CASEY,,CHLEBEK,OGLE,REPUBLICAN,231,1444,REP
GP 2020,UNITED STATES SENATOR,A,1,25868,2,CASEY,,CHLEBEK,ST. CLAIR,REPUBLICAN,322,1445,REP
GP 2020,UNITED STATES SENATOR,A,1,25868,2,CASEY,,CHLEBEK,CUMBERLAND,REPUBLICAN,74,1446,REP
GP 2020,UNITED STATES SENATOR,A,1,25868,2,CASEY,,CHLEBEK,VERMILION,REPUBLICAN,289,1447,REP
GP 2020,UNITED STATES SENATOR,A,1,25868,2,CASEY,,CHLEBEK,MONROE,REPUBLICAN,107,1448,REP
GP 2020,UNITED STATES SENATOR,A,1,25868,2,CASEY,,CHLEBEK,McLEAN,REPUBLICAN,501,1449,REP
GP 2020,UNITED STATES SENATOR,A,1,25868,2,CASEY,,CHLEBEK,HARDIN,REPUBLICAN,23,1450,REP
GP 2020,UNITED STATES SENATOR,A,1,25868,2,CASEY,,CHLEBEK,McHENRY,REPUBLICAN,861,1451,REP
GP 2020,UNITED STATES SENATOR,A,1,25868,2,CASEY,,CHLEBEK,COLES,REPUBLICAN,181,1452,REP
GP 2020,UNITED STATES SENATOR,A,1,25868,2,CASEY,,CHLEBEK,TAZEWELL,REPUBLICAN,293,1453,REP
GP 2020,UNITED STATES SENATOR,A,1,25868,2,CASEY,,CHLEBEK,CLINTON,REPUBLICAN,134,1454,REP
GP 2020,UNITED STATES SENATOR,A,1,25868,2,CASEY,,CHLEBEK,CALHOUN,REPUBLICAN,17,1455,REP
GP 2020,UNITED STATES SENATOR,A,1,25912,2,PEGGY,,HUBBARD,WILLIAMSON,REPUBLICAN,1189,1456,REP
GP 2020,UNITED STATES SENATOR,A,1,25912,2,PEGGY,,HUBBARD,LOGAN,REPUBLICAN,905,1457,REP
GP 2020,UNITED STATES SENATOR,A,1,25912,2,PEGGY,,HUBBARD,STEPHENSON,REPUBLICAN,544,1458,REP
GP 2020,UNITED STATES SENATOR,A,1,25912,2,PEGGY,,HUBBARD,JOHNSON,REPUBLICAN,631,1459,REP
GP 2020,UNITED STATES SENATOR,A,1,25912,2,PEGGY,,HUBBARD,ADAMS,REPUBLICAN,1781,1460,REP
GP 2020,UNITED STATES SENATOR,A,1,25912,2,PEGGY,,HUBBARD,JEFFERSON,REPUBLICAN,1320,1461,REP
GP 2020,UNITED STATES SENATOR,A,1,25912,2,PEGGY,,HUBBARD,DeWITT,REPUBLICAN,473,1462,REP
GP 2020,UNITED STATES SENATOR,A,1,25912,2,PEGGY,,HUBBARD,IROQUOIS,REPUBLICAN,630,1463,REP
GP 2020,UNITED STATES SENATOR,A,1,25912,2,PEGGY,,HUBBARD,LAWRENCE,REPUBLICAN,411,1464,REP
GP 2020,UNITED STATES SENATOR,A,1,25912,2,PEGGY,,HUBBARD,SHELBY,REPUBLICAN,952,1465,REP
GP 2020,UNITED STATES SENATOR,A,1,25912,2,PEGGY,,HUBBARD,JERSEY,REPUBLICAN,490,1466,REP
GP 2020,UNITED STATES SENATOR,A,1,25912,2,PEGGY,,HUBBARD,MACON,REPUBLICAN,1793,1467,REP
GP 2020,UNITED STATES SENATOR,A,1,25912,2,PEGGY,,HUBBARD,RICHLAND,REPUBLICAN,885,1468,REP
GP 2020,UNITED STATES SENATOR,A,1,25912,2,PEGGY,,HUBBARD,RANDOLPH,REPUBLICAN,703,1469,REP
GP 2020,UNITED STATES SENATOR,A,1,25912,2,PEGGY,,HUBBARD,JASPER,REPUBLICAN,566,1470,REP
GP 2020,UNITED STATES SENATOR,A,1,25912,2,PEGGY,,HUBBARD,MASON,REPUBLICAN,183,1471,REP
GP 2020,UNITED STATES SENATOR,A,1,25912,2,PEGGY,,HUBBARD,PIATT,REPUBLICAN,468,1472,REP
GP 2020,UNITED STATES SENATOR,A,1,25912,2,PEGGY,,HUBBARD,CASS,REPUBLICAN,148,1473,REP
GP 2020,UNITED STATES SENATOR,A,1,25912,2,PEGGY,,HUBBARD,POPE,REPUBLICAN,122,1474,REP
GP 2020,UNITED STATES SENATOR,A,1,25912,2,PEGGY,,HUBBARD,MASSAC,REPUBLICAN,323,1475,REP
GP 2020,UNITED STATES SENATOR,A,1,25912,2,PEGGY,,HUBBARD,PERRY,REPUBLICAN,536,1476,REP
GP 2020,UNITED STATES SENATOR,A,1,25912,2,PEGGY,,HUBBARD,WASHINGTON,REPUBLICAN,553,1477,REP
GP 2020,UNITED STATES SENATOR,A,1,25912,2,PEGGY,,HUBBARD,McDONOUGH,REPUBLICAN,358,1478,REP
GP 2020,UNITED STATES SENATOR,A,1,25912,2,PEGGY,,HUBBARD,SALINE,REPUBLICAN,631,1479,REP
GP 2020,UNITED STATES SENATOR,A,1,25912,2,PEGGY,,HUBBARD,PEORIA,REPUBLICAN,1358,1480,REP
GP 2020,UNITED STATES SENATOR,A,1,25912,2,PEGGY,,HUBBARD,FAYETTE,REPUBLICAN,804,1481,REP
GP 2020,UNITED STATES SENATOR,A,1,25912,2,PEGGY,,HUBBARD,WHITESIDE,REPUBLICAN,738,1482,REP
GP 2020,UNITED STATES SENATOR,A,1,25912,2,PEGGY,,HUBBARD,GREENE,REPUBLICAN,293,1483,REP
GP 2020,UNITED STATES SENATOR,A,1,25912,2,PEGGY,,HUBBARD,CARROLL,REPUBLICAN,286,1484,REP
GP 2020,UNITED STATES SENATOR,A,1,25912,2,PEGGY,,HUBBARD,MORGAN,REPUBLICAN,592,1485,REP
GP 2020,UNITED STATES SENATOR,A,1,25912,2,PEGGY,,HUBBARD,LaSALLE,REPUBLICAN,1250,1486,REP
GP 2020,UNITED STATES SENATOR,A,1,25912,2,PEGGY,,HUBBARD,WHITE,REPUBLICAN,350,1487,REP
GP 2020,UNITED STATES SENATOR,A,1,25912,2,PEGGY,,HUBBARD,JoDAVIESS,REPUBLICAN,404,1488,REP
GP 2020,UNITED STATES SENATOR,A,1,25912,2,PEGGY,,HUBBARD,BROWN,REPUBLICAN,162,1489,REP
GP 2020,UNITED STATES SENATOR,A,1,25912,2,PEGGY,,HUBBARD,PIKE,REPUBLICAN,361,1490,REP
GP 2020,UNITED STATES SENATOR,A,1,25912,2,PEGGY,,HUBBARD,WAYNE,REPUBLICAN,759,1491,REP
GP 2020,UNITED STATES SENATOR,A,1,25912,2,PEGGY,,HUBBARD,HANCOCK,REPUBLICAN,619,1492,REP
GP 2020,UNITED STATES SENATOR,A,1,25912,2,PEGGY,,HUBBARD,COOK,REPUBLICAN,12254,1493,REP
GP 2020,UNITED STATES SENATOR,A,1,25912,2,PEGGY,,HUBBARD,UNION,REPUBLICAN,365,1494,REP
GP 2020,UNITED STATES SENATOR,A,1,25912,2,PEGGY,,HUBBARD,CHAMPAIGN,REPUBLICAN,2063,1495,REP
GP 2020,UNITED STATES SENATOR,A,1,25912,2,PEGGY,,HUBBARD,SCHUYLER,REPUBLICAN,116,1496,REP
GP 2020,UNITED STATES SENATOR,A,1,25912,2,PEGGY,,HUBBARD,LAKE,REPUBLICAN,2652,1497,REP
GP 2020,UNITED STATES SENATOR,A,1,25912,2,PEGGY,,HUBBARD,EFFINGHAM,REPUBLICAN,1738,1498,REP
GP 2020,UNITED STATES SENATOR,A,1,25912,2,PEGGY,,HUBBARD,MERCER,REPUBLICAN,248,1499,REP
GP 2020,UNITED STATES SENATOR,A,1,25912,2,PEGGY,,HUBBARD,ALEXANDER,REPUBLICAN,62,1500,REP
GP 2020,UNITED STATES SENATOR,A,1,25912,2,PEGGY,,HUBBARD,MARION,REPUBLICAN,1272,1501,REP
GP 2020,UNITED STATES SENATOR,A,1,25912,2,PEGGY,,HUBBARD,DuPAGE,REPUBLICAN,7041,1502,REP
GP 2020,UNITED STATES SENATOR,A,1,25912,2,PEGGY,,HUBBARD,JACKSON,REPUBLICAN,683,1503,REP
GP 2020,UNITED STATES SENATOR,A,1,25912,2,PEGGY,,HUBBARD,WABASH,REPUBLICAN,489,1504,REP
GP 2020,UNITED STATES SENATOR,A,1,25912,2,PEGGY,,HUBBARD,KNOX,REPUBLICAN,572,1505,REP
GP 2020,UNITED STATES SENATOR,A,1,25912,2,PEGGY,,HUBBARD,WILL,REPUBLICAN,5627,1506,REP
GP 2020,UNITED STATES SENATOR,A,1,25912,2,PEGGY,,HUBBARD,DeKALB,REPUBLICAN,874,1507,REP
GP 2020,UNITED STATES SENATOR,A,1,25912,2,PEGGY,,HUBBARD,WINNEBAGO,REPUBLICAN,2947,1508,REP
GP 2020,UNITED STATES SENATOR,A,1,25912,2,PEGGY,,HUBBARD,KENDALL,REPUBLICAN,1864,1509,REP
GP 2020,UNITED STATES SENATOR,A,1,25912,2,PEGGY,,HUBBARD,ST. CLAIR,REPUBLICAN,3347,1510,REP
GP 2020,UNITED STATES SENATOR,A,1,25912,2,PEGGY,,HUBBARD,CUMBERLAND,REPUBLICAN,515,1511,REP
GP 2020,UNITED STATES SENATOR,A,1,25912,2,PEGGY,,HUBBARD,VERMILION,REPUBLICAN,1954,1512,REP
GP 2020,UNITED STATES SENATOR,A,1,25912,2,PEGGY,,HUBBARD,MONROE,REPUBLICAN,905,1513,REP
GP 2020,UNITED STATES SENATOR,A,1,25912,2,PEGGY,,HUBBARD,McLEAN,REPUBLICAN,3186,1514,REP
GP 2020,UNITED STATES SENATOR,A,1,25912,2,PEGGY,,HUBBARD,FRANKLIN,REPUBLICAN,1099,1515,REP
GP 2020,UNITED STATES SENATOR,A,1,25912,2,PEGGY,,HUBBARD,McHENRY,REPUBLICAN,3343,1516,REP
GP 2020,UNITED STATES SENATOR,A,1,25912,2,PEGGY,,HUBBARD,COLES,REPUBLICAN,1142,1517,REP
GP 2020,UNITED STATES SENATOR,A,1,25912,2,PEGGY,,HUBBARD,TAZEWELL,REPUBLICAN,2273,1518,REP
GP 2020,UNITED STATES SENATOR,A,1,25912,2,PEGGY,,HUBBARD,CLINTON,REPUBLICAN,1339,1519,REP
GP 2020,UNITED STATES SENATOR,A,1,25912,2,PEGGY,,HUBBARD,CALHOUN,REPUBLICAN,72,1520,REP
GP 2020,UNITED STATES SENATOR,A,1,25912,2,PEGGY,,HUBBARD,OGLE,REPUBLICAN,1258,1521,REP
GP 2020,UNITED STATES SENATOR,A,1,25912,2,PEGGY,,HUBBARD,PULASKI,REPUBLICAN,227,1522,REP
GP 2020,UNITED STATES SENATOR,A,1,25912,2,PEGGY,,HUBBARD,ROCK ISLAND,REPUBLICAN,1263,1523,REP
GP 2020,UNITED STATES SENATOR,A,1,25912,2,PEGGY,,HUBBARD,MADISON,REPUBLICAN,4371,1524,REP
GP 2020,UNITED STATES SENATOR,A,1,25912,2,PEGGY,,HUBBARD,GALLATIN,REPUBLICAN,119,1525,REP
GP 2020,UNITED STATES SENATOR,A,1,25912,2,PEGGY,,HUBBARD,PUTNAM,REPUBLICAN,81,1526,REP
GP 2020,UNITED STATES SENATOR,A,1,25912,2,PEGGY,,HUBBARD,HARDIN,REPUBLICAN,209,1527,REP
GP 2020,UNITED STATES SENATOR,A,1,25912,2,PEGGY,,HUBBARD,CHRISTIAN,REPUBLICAN,899,1528,REP
GP 2020,UNITED STATES SENATOR,A,1,25912,2,PEGGY,,HUBBARD,DOUGLAS,REPUBLICAN,827,1529,REP
GP 2020,UNITED STATES SENATOR,A,1,25912,2,PEGGY,,HUBBARD,SANGAMON,REPUBLICAN,1729,1530,REP
GP 2020,UNITED STATES SENATOR,A,1,25912,2,PEGGY,,HUBBARD,BUREAU,REPUBLICAN,372,1531,REP
GP 2020,UNITED STATES SENATOR,A,1,25912,2,PEGGY,,HUBBARD,SCOTT,REPUBLICAN,287,1532,REP
GP 2020,UNITED STATES SENATOR,A,1,25912,2,PEGGY,,HUBBARD,WARREN,REPUBLICAN,366,1533,REP
GP 2020,UNITED STATES SENATOR,A,1,25912,2,PEGGY,,HUBBARD,KANKAKEE,REPUBLICAN,1274,1534,REP
GP 2020,UNITED STATES SENATOR,A,1,25912,2,PEGGY,,HUBBARD,LIVINGSTON,REPUBLICAN,761,1535,REP
GP 2020,UNITED STATES SENATOR,A,1,25912,2,PEGGY,,HUBBARD,WOODFORD,REPUBLICAN,712,1536,REP
GP 2020,UNITED STATES SENATOR,A,1,25912,2,PEGGY,,HUBBARD,CRAWFORD,REPUBLICAN,749,1537,REP
GP 2020,UNITED STATES SENATOR,A,1,25912,2,PEGGY,,HUBBARD,BOND,REPUBLICAN,412,1538,REP
GP 2020,UNITED STATES SENATOR,A,1,25912,2,PEGGY,,HUBBARD,HENDERSON,REPUBLICAN,139,1539,REP
GP 2020,UNITED STATES SENATOR,A,1,25912,2,PEGGY,,HUBBARD,CLARK,REPUBLICAN,604,1540,REP
GP 2020,UNITED STATES SENATOR,A,1,25912,2,PEGGY,,HUBBARD,MONTGOMERY,REPUBLICAN,553,1541,REP
GP 2020,UNITED STATES SENATOR,A,1,25912,2,PEGGY,,HUBBARD,GRUNDY,REPUBLICAN,478,1542,REP
GP 2020,UNITED STATES SENATOR,A,1,25912,2,PEGGY,,HUBBARD,STARK,REPUBLICAN,66,1543,REP
GP 2020,UNITED STATES SENATOR,A,1,25912,2,PEGGY,,HUBBARD,EDGAR,REPUBLICAN,441,1544,REP
GP 2020,UNITED STATES SENATOR,A,1,25912,2,PEGGY,,HUBBARD,MARSHALL,REPUBLICAN,304,1545,REP
GP 2020,UNITED STATES SENATOR,A,1,25912,2,PEGGY,,HUBBARD,HAMILTON,REPUBLICAN,214,1546,REP
GP 2020,UNITED STATES SENATOR,A,1,25912,2,PEGGY,,HUBBARD,MOULTRIE,REPUBLICAN,393,1547,REP
GP 2020,UNITED STATES SENATOR,A,1,25912,2,PEGGY,,HUBBARD,FORD,REPUBLICAN,457,1548,REP
GP 2020,UNITED STATES SENATOR,A,1,25912,2,PEGGY,,HUBBARD,MENARD,REPUBLICAN,201,1549,REP
GP 2020,UNITED STATES SENATOR,A,1,25912,2,PEGGY,,HUBBARD,HENRY,REPUBLICAN,618,1550,REP
GP 2020,UNITED STATES SENATOR,A,1,25912,2,PEGGY,,HUBBARD,KANE,REPUBLICAN,4735,1551,REP
GP 2020,UNITED STATES SENATOR,A,1,25912,2,PEGGY,,HUBBARD,MACOUPIN,REPUBLICAN,820,1552,REP
GP 2020,UNITED STATES SENATOR,A,1,25912,2,PEGGY,,HUBBARD,CLAY,REPUBLICAN,712,1553,REP
GP 2020,UNITED STATES SENATOR,A,1,25912,2,PEGGY,,HUBBARD,BOONE,REPUBLICAN,761,1554,REP
GP 2020,UNITED STATES SENATOR,A,1,25912,2,PEGGY,,HUBBARD,LEE,REPUBLICAN,534,1555,REP
GP 2020,UNITED STATES SENATOR,A,1,25912,2,PEGGY,,HUBBARD,EDWARDS,REPUBLICAN,275,1556,REP
GP 2020,UNITED STATES SENATOR,A,1,25912,2,PEGGY,,HUBBARD,FULTON,REPUBLICAN,355,1557,REP
GP 2020,UNITED STATES SENATOR,A,1,25982,2,ROBERT,,MARSHALL,WHITESIDE,REPUBLICAN,361,1558,REP
GP 2020,UNITED STATES SENATOR,A,1,25982,2,ROBERT,,MARSHALL,GREENE,REPUBLICAN,232,1559,REP
GP 2020,UNITED STATES SENATOR,A,1,25982,2,ROBERT,,MARSHALL,CARROLL,REPUBLICAN,139,1560,REP
GP 2020,UNITED STATES SENATOR,A,1,25982,2,ROBERT,,MARSHALL,MORGAN,REPUBLICAN,332,1561,REP
GP 2020,UNITED STATES SENATOR,A,1,25982,2,ROBERT,,MARSHALL,POPE,REPUBLICAN,95,1562,REP
GP 2020,UNITED STATES SENATOR,A,1,25982,2,ROBERT,,MARSHALL,MASSAC,REPUBLICAN,300,1563,REP
GP 2020,UNITED STATES SENATOR,A,1,25982,2,ROBERT,,MARSHALL,JoDAVIESS,REPUBLICAN,255,1564,REP
GP 2020,UNITED STATES SENATOR,A,1,25982,2,ROBERT,,MARSHALL,BROWN,REPUBLICAN,156,1565,REP
GP 2020,UNITED STATES SENATOR,A,1,25982,2,ROBERT,,MARSHALL,PIKE,REPUBLICAN,394,1566,REP
GP 2020,UNITED STATES SENATOR,A,1,25982,2,ROBERT,,MARSHALL,WAYNE,REPUBLICAN,725,1567,REP
GP 2020,UNITED STATES SENATOR,A,1,25982,2,ROBERT,,MARSHALL,PEORIA,REPUBLICAN,1094,1568,REP
GP 2020,UNITED STATES SENATOR,A,1,25982,2,ROBERT,,MARSHALL,FAYETTE,REPUBLICAN,407,1569,REP
GP 2020,UNITED STATES SENATOR,A,1,25982,2,ROBERT,,MARSHALL,UNION,REPUBLICAN,402,1570,REP
GP 2020,UNITED STATES SENATOR,A,1,25982,2,ROBERT,,MARSHALL,CHAMPAIGN,REPUBLICAN,1227,1571,REP
GP 2020,UNITED STATES SENATOR,A,1,25982,2,ROBERT,,MARSHALL,SCHUYLER,REPUBLICAN,126,1572,REP
GP 2020,UNITED STATES SENATOR,A,1,25982,2,ROBERT,,MARSHALL,LAKE,REPUBLICAN,1599,1573,REP
GP 2020,UNITED STATES SENATOR,A,1,25982,2,ROBERT,,MARSHALL,LaSALLE,REPUBLICAN,1033,1574,REP
GP 2020,UNITED STATES SENATOR,A,1,25982,2,ROBERT,,MARSHALL,WHITE,REPUBLICAN,360,1575,REP
GP 2020,UNITED STATES SENATOR,A,1,25982,2,ROBERT,,MARSHALL,ALEXANDER,REPUBLICAN,51,1576,REP
GP 2020,UNITED STATES SENATOR,A,1,25982,2,ROBERT,,MARSHALL,MARION,REPUBLICAN,842,1577,REP
GP 2020,UNITED STATES SENATOR,A,1,25982,2,ROBERT,,MARSHALL,DuPAGE,REPUBLICAN,4466,1578,REP
GP 2020,UNITED STATES SENATOR,A,1,25982,2,ROBERT,,MARSHALL,JACKSON,REPUBLICAN,574,1579,REP
GP 2020,UNITED STATES SENATOR,A,1,25982,2,ROBERT,,MARSHALL,HANCOCK,REPUBLICAN,536,1580,REP
GP 2020,UNITED STATES SENATOR,A,1,25982,2,ROBERT,,MARSHALL,COOK,REPUBLICAN,8861,1581,REP
GP 2020,UNITED STATES SENATOR,A,1,25982,2,ROBERT,,MARSHALL,WILL,REPUBLICAN,3545,1582,REP
GP 2020,UNITED STATES SENATOR,A,1,25982,2,ROBERT,,MARSHALL,DeKALB,REPUBLICAN,755,1583,REP
GP 2020,UNITED STATES SENATOR,A,1,25982,2,ROBERT,,MARSHALL,WINNEBAGO,REPUBLICAN,2277,1584,REP
GP 2020,UNITED STATES SENATOR,A,1,25982,2,ROBERT,,MARSHALL,KENDALL,REPUBLICAN,1370,1585,REP
GP 2020,UNITED STATES SENATOR,A,1,25982,2,ROBERT,,MARSHALL,EFFINGHAM,REPUBLICAN,998,1586,REP
GP 2020,UNITED STATES SENATOR,A,1,25982,2,ROBERT,,MARSHALL,MERCER,REPUBLICAN,214,1587,REP
GP 2020,UNITED STATES SENATOR,A,1,25982,2,ROBERT,,MARSHALL,VERMILION,REPUBLICAN,1209,1588,REP
GP 2020,UNITED STATES SENATOR,A,1,25982,2,ROBERT,,MARSHALL,MONROE,REPUBLICAN,344,1589,REP
GP 2020,UNITED STATES SENATOR,A,1,25982,2,ROBERT,,MARSHALL,McLEAN,REPUBLICAN,1740,1590,REP
GP 2020,UNITED STATES SENATOR,A,1,25982,2,ROBERT,,MARSHALL,FRANKLIN,REPUBLICAN,866,1591,REP
GP 2020,UNITED STATES SENATOR,A,1,25982,2,ROBERT,,MARSHALL,WABASH,REPUBLICAN,424,1592,REP
GP 2020,UNITED STATES SENATOR,A,1,25982,2,ROBERT,,MARSHALL,KNOX,REPUBLICAN,407,1593,REP
GP 2020,UNITED STATES SENATOR,A,1,25982,2,ROBERT,,MARSHALL,TAZEWELL,REPUBLICAN,1540,1594,REP
GP 2020,UNITED STATES SENATOR,A,1,25982,2,ROBERT,,MARSHALL,CLINTON,REPUBLICAN,590,1595,REP
GP 2020,UNITED STATES SENATOR,A,1,25982,2,ROBERT,,MARSHALL,CALHOUN,REPUBLICAN,49,1596,REP
GP 2020,UNITED STATES SENATOR,A,1,25982,2,ROBERT,,MARSHALL,OGLE,REPUBLICAN,886,1597,REP
GP 2020,UNITED STATES SENATOR,A,1,25982,2,ROBERT,,MARSHALL,ST. CLAIR,REPUBLICAN,1195,1598,REP
GP 2020,UNITED STATES SENATOR,A,1,25982,2,ROBERT,,MARSHALL,CUMBERLAND,REPUBLICAN,313,1599,REP
GP 2020,UNITED STATES SENATOR,A,1,25982,2,ROBERT,,MARSHALL,MADISON,REPUBLICAN,2109,1600,REP
GP 2020,UNITED STATES SENATOR,A,1,25982,2,ROBERT,,MARSHALL,GALLATIN,REPUBLICAN,83,1601,REP
GP 2020,UNITED STATES SENATOR,A,1,25982,2,ROBERT,,MARSHALL,PUTNAM,REPUBLICAN,73,1602,REP
GP 2020,UNITED STATES SENATOR,A,1,25982,2,ROBERT,,MARSHALL,HARDIN,REPUBLICAN,64,1603,REP
GP 2020,UNITED STATES SENATOR,A,1,25982,2,ROBERT,,MARSHALL,McHENRY,REPUBLICAN,2180,1604,REP
GP 2020,UNITED STATES SENATOR,A,1,25982,2,ROBERT,,MARSHALL,COLES,REPUBLICAN,773,1605,REP
GP 2020,UNITED STATES SENATOR,A,1,25982,2,ROBERT,,MARSHALL,SANGAMON,REPUBLICAN,875,1606,REP
GP 2020,UNITED STATES SENATOR,A,1,25982,2,ROBERT,,MARSHALL,BUREAU,REPUBLICAN,327,1607,REP
GP 2020,UNITED STATES SENATOR,A,1,25982,2,ROBERT,,MARSHALL,SCOTT,REPUBLICAN,193,1608,REP
GP 2020,UNITED STATES SENATOR,A,1,25982,2,ROBERT,,MARSHALL,WARREN,REPUBLICAN,254,1609,REP
GP 2020,UNITED STATES SENATOR,A,1,25982,2,ROBERT,,MARSHALL,PULASKI,REPUBLICAN,178,1610,REP
GP 2020,UNITED STATES SENATOR,A,1,25982,2,ROBERT,,MARSHALL,ROCK ISLAND,REPUBLICAN,714,1611,REP
GP 2020,UNITED STATES SENATOR,A,1,25982,2,ROBERT,,MARSHALL,WOODFORD,REPUBLICAN,655,1612,REP
GP 2020,UNITED STATES SENATOR,A,1,25982,2,ROBERT,,MARSHALL,CRAWFORD,REPUBLICAN,560,1613,REP
GP 2020,UNITED STATES SENATOR,A,1,25982,2,ROBERT,,MARSHALL,BOND,REPUBLICAN,187,1614,REP
GP 2020,UNITED STATES SENATOR,A,1,25982,2,ROBERT,,MARSHALL,HENDERSON,REPUBLICAN,94,1615,REP
GP 2020,UNITED STATES SENATOR,A,1,25982,2,ROBERT,,MARSHALL,CHRISTIAN,REPUBLICAN,281,1616,REP
GP 2020,UNITED STATES SENATOR,A,1,25982,2,ROBERT,,MARSHALL,DOUGLAS,REPUBLICAN,363,1617,REP
GP 2020,UNITED STATES SENATOR,A,1,25982,2,ROBERT,,MARSHALL,GRUNDY,REPUBLICAN,454,1618,REP
GP 2020,UNITED STATES SENATOR,A,1,25982,2,ROBERT,,MARSHALL,STARK,REPUBLICAN,74,1619,REP
GP 2020,UNITED STATES SENATOR,A,1,25982,2,ROBERT,,MARSHALL,EDGAR,REPUBLICAN,349,1620,REP
GP 2020,UNITED STATES SENATOR,A,1,25982,2,ROBERT,,MARSHALL,MARSHALL,REPUBLICAN,351,1621,REP
GP 2020,UNITED STATES SENATOR,A,1,25982,2,ROBERT,,MARSHALL,KANKAKEE,REPUBLICAN,1434,1622,REP
GP 2020,UNITED STATES SENATOR,A,1,25982,2,ROBERT,,MARSHALL,LIVINGSTON,REPUBLICAN,819,1623,REP
GP 2020,UNITED STATES SENATOR,A,1,25982,2,ROBERT,,MARSHALL,FORD,REPUBLICAN,257,1624,REP
GP 2020,UNITED STATES SENATOR,A,1,25982,2,ROBERT,,MARSHALL,MENARD,REPUBLICAN,111,1625,REP
GP 2020,UNITED STATES SENATOR,A,1,25982,2,ROBERT,,MARSHALL,HENRY,REPUBLICAN,414,1626,REP
GP 2020,UNITED STATES SENATOR,A,1,25982,2,ROBERT,,MARSHALL,KANE,REPUBLICAN,2787,1627,REP
GP 2020,UNITED STATES SENATOR,A,1,25982,2,ROBERT,,MARSHALL,CLARK,REPUBLICAN,453,1628,REP
GP 2020,UNITED STATES SENATOR,A,1,25982,2,ROBERT,,MARSHALL,MONTGOMERY,REPUBLICAN,383,1629,REP
GP 2020,UNITED STATES SENATOR,A,1,25982,2,ROBERT,,MARSHALL,BOONE,REPUBLICAN,553,1630,REP
GP 2020,UNITED STATES SENATOR,A,1,25982,2,ROBERT,,MARSHALL,LEE,REPUBLICAN,373,1631,REP
GP 2020,UNITED STATES SENATOR,A,1,25982,2,ROBERT,,MARSHALL,EDWARDS,REPUBLICAN,266,1632,REP
GP 2020,UNITED STATES SENATOR,A,1,25982,2,ROBERT,,MARSHALL,FULTON,REPUBLICAN,392,1633,REP
GP 2020,UNITED STATES SENATOR,A,1,25982,2,ROBERT,,MARSHALL,HAMILTON,REPUBLICAN,229,1634,REP
GP 2020,UNITED STATES SENATOR,A,1,25982,2,ROBERT,,MARSHALL,MOULTRIE,REPUBLICAN,247,1635,REP
GP 2020,UNITED STATES SENATOR,A,1,25982,2,ROBERT,,MARSHALL,STEPHENSON,REPUBLICAN,335,1636,REP
GP 2020,UNITED STATES SENATOR,A,1,25982,2,ROBERT,,MARSHALL,JOHNSON,REPUBLICAN,661,1637,REP
GP 2020,UNITED STATES SENATOR,A,1,25982,2,ROBERT,,MARSHALL,ADAMS,REPUBLICAN,1320,1638,REP
GP 2020,UNITED STATES SENATOR,A,1,25982,2,ROBERT,,MARSHALL,JEFFERSON,REPUBLICAN,1058,1639,REP
GP 2020,UNITED STATES SENATOR,A,1,25982,2,ROBERT,,MARSHALL,MACOUPIN,REPUBLICAN,506,1640,REP
GP 2020,UNITED STATES SENATOR,A,1,25982,2,ROBERT,,MARSHALL,CLAY,REPUBLICAN,482,1641,REP
GP 2020,UNITED STATES SENATOR,A,1,25982,2,ROBERT,,MARSHALL,LAWRENCE,REPUBLICAN,365,1642,REP
GP 2020,UNITED STATES SENATOR,A,1,25982,2,ROBERT,,MARSHALL,SHELBY,REPUBLICAN,427,1643,REP
GP 2020,UNITED STATES SENATOR,A,1,25982,2,ROBERT,,MARSHALL,JERSEY,REPUBLICAN,322,1644,REP
GP 2020,UNITED STATES SENATOR,A,1,25982,2,ROBERT,,MARSHALL,MACON,REPUBLICAN,809,1645,REP
GP 2020,UNITED STATES SENATOR,A,1,25982,2,ROBERT,,MARSHALL,WILLIAMSON,REPUBLICAN,1048,1646,REP
GP 2020,UNITED STATES SENATOR,A,1,25982,2,ROBERT,,MARSHALL,LOGAN,REPUBLICAN,555,1647,REP
GP 2020,UNITED STATES SENATOR,A,1,25982,2,ROBERT,,MARSHALL,JASPER,REPUBLICAN,428,1648,REP
GP 2020,UNITED STATES SENATOR,A,1,25982,2,ROBERT,,MARSHALL,MASON,REPUBLICAN,165,1649,REP
GP 2020,UNITED STATES SENATOR,A,1,25982,2,ROBERT,,MARSHALL,PIATT,REPUBLICAN,313,1650,REP
GP 2020,UNITED STATES SENATOR,A,1,25982,2,ROBERT,,MARSHALL,CASS,REPUBLICAN,79,1651,REP
GP 2020,UNITED STATES SENATOR,A,1,25982,2,ROBERT,,MARSHALL,DeWITT,REPUBLICAN,336,1652,REP
GP 2020,UNITED STATES SENATOR,A,1,25982,2,ROBERT,,MARSHALL,IROQUOIS,REPUBLICAN,503,1653,REP
GP 2020,UNITED STATES SENATOR,A,1,25982,2,ROBERT,,MARSHALL,PERRY,REPUBLICAN,398,1654,REP
GP 2020,UNITED STATES SENATOR,A,1,25982,2,ROBERT,,MARSHALL,WASHINGTON,REPUBLICAN,393,1655,REP
GP 2020,UNITED STATES SENATOR,A,1,25982,2,ROBERT,,MARSHALL,McDONOUGH,REPUBLICAN,313,1656,REP
GP 2020,UNITED STATES SENATOR,A,1,25982,2,ROBERT,,MARSHALL,SALINE,REPUBLICAN,494,1657,REP
GP 2020,UNITED STATES SENATOR,A,1,25982,2,ROBERT,,MARSHALL,RICHLAND,REPUBLICAN,664,1658,REP
GP 2020,UNITED STATES SENATOR,A,1,25982,2,ROBERT,,MARSHALL,RANDOLPH,REPUBLICAN,389,1659,REP
GP 2020,UNITED STATES SENATOR,A,1,26644,2,RICHARD,,MAYERS,McHENRY,REPUBLICAN,0,1660,REP
GP 2020,UNITED STATES SENATOR,A,1,26644,2,RICHARD,,MAYERS,KANKAKEE,REPUBLICAN,0,1661,REP
GP 2020,UNITED STATES SENATOR,A,1,26644,2,RICHARD,,MAYERS,LOGAN,REPUBLICAN,0,1662,REP
GP 2020,UNITED STATES SENATOR,A,1,26644,2,RICHARD,,MAYERS,BUREAU,REPUBLICAN,0,1663,REP
GP 2020,UNITED STATES SENATOR,A,1,26644,2,RICHARD,,MAYERS,ADAMS,REPUBLICAN,0,1664,REP
GP 2020,UNITED STATES SENATOR,A,1,26644,2,RICHARD,,MAYERS,HAMILTON,REPUBLICAN,0,1665,REP
GP 2020,UNITED STATES SENATOR,A,1,26644,2,RICHARD,,MAYERS,PIKE,REPUBLICAN,0,1666,REP
GP 2020,UNITED STATES SENATOR,A,1,26644,2,RICHARD,,MAYERS,DeWITT,REPUBLICAN,0,1667,REP
GP 2020,UNITED STATES SENATOR,A,1,26644,2,RICHARD,,MAYERS,WAYNE,REPUBLICAN,0,1668,REP
GP 2020,UNITED STATES SENATOR,A,1,26644,2,RICHARD,,MAYERS,JACKSON,REPUBLICAN,0,1669,REP
GP 2020,UNITED STATES SENATOR,A,1,26644,2,RICHARD,,MAYERS,PEORIA,REPUBLICAN,0,1670,REP
GP 2020,UNITED STATES SENATOR,A,1,26644,2,RICHARD,,MAYERS,FAYETTE,REPUBLICAN,0,1671,REP
GP 2020,UNITED STATES SENATOR,A,1,26644,2,RICHARD,,MAYERS,TAZEWELL,REPUBLICAN,0,1672,REP
GP 2020,UNITED STATES SENATOR,A,1,26644,2,RICHARD,,MAYERS,WASHINGTON,REPUBLICAN,0,1673,REP
GP 2020,UNITED STATES SENATOR,A,1,26644,2,RICHARD,,MAYERS,MASSAC,REPUBLICAN,0,1674,REP
GP 2020,UNITED STATES SENATOR,A,1,26644,2,RICHARD,,MAYERS,MORGAN,REPUBLICAN,0,1675,REP
GP 2020,UNITED STATES SENATOR,A,1,26644,2,RICHARD,,MAYERS,PERRY,REPUBLICAN,0,1676,REP
GP 2020,UNITED STATES SENATOR,A,1,26644,2,RICHARD,,MAYERS,EDWARDS,REPUBLICAN,0,1677,REP
GP 2020,UNITED STATES SENATOR,A,1,26644,2,RICHARD,,MAYERS,BROWN,REPUBLICAN,0,1678,REP
GP 2020,UNITED STATES SENATOR,A,1,26644,2,RICHARD,,MAYERS,CLAY,REPUBLICAN,0,1679,REP
GP 2020,UNITED STATES SENATOR,A,1,26644,2,RICHARD,,MAYERS,EDGAR,REPUBLICAN,0,1680,REP
GP 2020,UNITED STATES SENATOR,A,1,26644,2,RICHARD,,MAYERS,LIVINGSTON,REPUBLICAN,0,1681,REP
GP 2020,UNITED STATES SENATOR,A,1,26644,2,RICHARD,,MAYERS,GALLATIN,REPUBLICAN,0,1682,REP
GP 2020,UNITED STATES SENATOR,A,1,26644,2,RICHARD,,MAYERS,ST. CLAIR,REPUBLICAN,0,1683,REP
GP 2020,UNITED STATES SENATOR,A,1,26644,2,RICHARD,,MAYERS,WINNEBAGO,REPUBLICAN,0,1684,REP
GP 2020,UNITED STATES SENATOR,A,1,26644,2,RICHARD,,MAYERS,SCHUYLER,REPUBLICAN,0,1685,REP
GP 2020,UNITED STATES SENATOR,A,1,26644,2,RICHARD,,MAYERS,UNION,REPUBLICAN,0,1686,REP
GP 2020,UNITED STATES SENATOR,A,1,26644,2,RICHARD,,MAYERS,JoDAVIESS,REPUBLICAN,0,1687,REP
GP 2020,UNITED STATES SENATOR,A,1,26644,2,RICHARD,,MAYERS,KNOX,REPUBLICAN,0,1688,REP
GP 2020,UNITED STATES SENATOR,A,1,26644,2,RICHARD,,MAYERS,VERMILION,REPUBLICAN,0,1689,REP
GP 2020,UNITED STATES SENATOR,A,1,26644,2,RICHARD,,MAYERS,COOK,REPUBLICAN,4,1690,REP
GP 2020,UNITED STATES SENATOR,A,1,26644,2,RICHARD,,MAYERS,ALEXANDER,REPUBLICAN,0,1691,REP
GP 2020,UNITED STATES SENATOR,A,1,26644,2,RICHARD,,MAYERS,GRUNDY,REPUBLICAN,0,1692,REP
GP 2020,UNITED STATES SENATOR,A,1,26644,2,RICHARD,,MAYERS,McLEAN,REPUBLICAN,0,1693,REP
GP 2020,UNITED STATES SENATOR,A,1,26644,2,RICHARD,,MAYERS,LAKE,REPUBLICAN,0,1694,REP
GP 2020,UNITED STATES SENATOR,A,1,26644,2,RICHARD,,MAYERS,CHAMPAIGN,REPUBLICAN,0,1695,REP
GP 2020,UNITED STATES SENATOR,A,1,26644,2,RICHARD,,MAYERS,CLINTON,REPUBLICAN,0,1696,REP
GP 2020,UNITED STATES SENATOR,A,1,26644,2,RICHARD,,MAYERS,DeKALB,REPUBLICAN,0,1697,REP
GP 2020,UNITED STATES SENATOR,A,1,26644,2,RICHARD,,MAYERS,EFFINGHAM,REPUBLICAN,0,1698,REP
GP 2020,UNITED STATES SENATOR,A,1,26644,2,RICHARD,,MAYERS,WILL,REPUBLICAN,0,1699,REP
GP 2020,UNITED STATES SENATOR,A,1,26644,2,RICHARD,,MAYERS,KENDALL,REPUBLICAN,0,1700,REP
GP 2020,UNITED STATES SENATOR,A,1,26644,2,RICHARD,,MAYERS,MONROE,REPUBLICAN,0,1701,REP
GP 2020,UNITED STATES SENATOR,A,1,26644,2,RICHARD,,MAYERS,MACON,REPUBLICAN,0,1702,REP
GP 2020,UNITED STATES SENATOR,A,1,26644,2,RICHARD,,MAYERS,MACOUPIN,REPUBLICAN,0,1703,REP
GP 2020,UNITED STATES SENATOR,A,1,26644,2,RICHARD,,MAYERS,BOONE,REPUBLICAN,0,1704,REP
GP 2020,UNITED STATES SENATOR,A,1,26644,2,RICHARD,,MAYERS,BOND,REPUBLICAN,0,1705,REP
GP 2020,UNITED STATES SENATOR,A,1,26644,2,RICHARD,,MAYERS,DuPAGE,REPUBLICAN,3,1706,REP
GP 2020,UNITED STATES SENATOR,A,1,26644,2,RICHARD,,MAYERS,OGLE,REPUBLICAN,0,1707,REP
GP 2020,UNITED STATES SENATOR,A,1,26644,2,RICHARD,,MAYERS,MARSHALL,REPUBLICAN,0,1708,REP
GP 2020,UNITED STATES SENATOR,A,1,26644,2,RICHARD,,MAYERS,PIATT,REPUBLICAN,0,1709,REP
GP 2020,UNITED STATES SENATOR,A,1,26644,2,RICHARD,,MAYERS,SHELBY,REPUBLICAN,0,1710,REP
GP 2020,UNITED STATES SENATOR,A,1,26644,2,RICHARD,,MAYERS,STARK,REPUBLICAN,0,1711,REP
GP 2020,UNITED STATES SENATOR,A,1,26644,2,RICHARD,,MAYERS,WOODFORD,REPUBLICAN,0,1712,REP
GP 2020,UNITED STATES SENATOR,A,1,26644,2,RICHARD,,MAYERS,RANDOLPH,REPUBLICAN,0,1713,REP
GP 2020,UNITED STATES SENATOR,A,1,26644,2,RICHARD,,MAYERS,SANGAMON,REPUBLICAN,0,1714,REP
GP 2020,UNITED STATES SENATOR,A,1,26644,2,RICHARD,,MAYERS,HENRY,REPUBLICAN,0,1715,REP
GP 2020,UNITED STATES SENATOR,A,1,26644,2,RICHARD,,MAYERS,MASON,REPUBLICAN,0,1716,REP
GP 2020,UNITED STATES SENATOR,A,1,26644,2,RICHARD,,MAYERS,COLES,REPUBLICAN,0,1717,REP
GP 2020,UNITED STATES SENATOR,A,1,26644,2,RICHARD,,MAYERS,RICHLAND,REPUBLICAN,0,1718,REP
GP 2020,UNITED STATES SENATOR,A,1,26644,2,RICHARD,,MAYERS,HENDERSON,REPUBLICAN,0,1719,REP
GP 2020,UNITED STATES SENATOR,A,1,25585,2,RICHARD J.,,DURBIN,WHITESIDE,DEMOCRATIC,3292,1720,DEM
GP 2020,UNITED STATES SENATOR,A,1,25585,2,RICHARD J.,,DURBIN,GREENE,DEMOCRATIC,768,1721,DEM
GP 2020,UNITED STATES SENATOR,A,1,25585,2,RICHARD J.,,DURBIN,CARROLL,DEMOCRATIC,943,1722,DEM
GP 2020,UNITED STATES SENATOR,A,1,25585,2,RICHARD J.,,DURBIN,MORGAN,DEMOCRATIC,1581,1723,DEM
GP 2020,UNITED STATES SENATOR,A,1,25585,2,RICHARD J.,,DURBIN,POPE,DEMOCRATIC,197,1724,DEM
GP 2020,UNITED STATES SENATOR,A,1,25585,2,RICHARD J.,,DURBIN,MASSAC,DEMOCRATIC,652,1725,DEM
GP 2020,UNITED STATES SENATOR,A,1,25585,2,RICHARD J.,,DURBIN,JoDAVIESS,DEMOCRATIC,2217,1726,DEM
GP 2020,UNITED STATES SENATOR,A,1,25585,2,RICHARD J.,,DURBIN,BROWN,DEMOCRATIC,196,1727,DEM
GP 2020,UNITED STATES SENATOR,A,1,25585,2,RICHARD J.,,DURBIN,PIKE,DEMOCRATIC,577,1728,DEM
GP 2020,UNITED STATES SENATOR,A,1,25585,2,RICHARD J.,,DURBIN,WAYNE,DEMOCRATIC,464,1729,DEM
GP 2020,UNITED STATES SENATOR,A,1,25585,2,RICHARD J.,,DURBIN,PEORIA,DEMOCRATIC,17036,1730,DEM
GP 2020,UNITED STATES SENATOR,A,1,25585,2,RICHARD J.,,DURBIN,FAYETTE,DEMOCRATIC,685,1731,DEM
GP 2020,UNITED STATES SENATOR,A,1,25585,2,RICHARD J.,,DURBIN,UNION,DEMOCRATIC,1137,1732,DEM
GP 2020,UNITED STATES SENATOR,A,1,25585,2,RICHARD J.,,DURBIN,CHAMPAIGN,DEMOCRATIC,22913,1733,DEM
GP 2020,UNITED STATES SENATOR,A,1,25585,2,RICHARD J.,,DURBIN,SCHUYLER,DEMOCRATIC,422,1734,DEM
GP 2020,UNITED STATES SENATOR,A,1,25585,2,RICHARD J.,,DURBIN,LAKE,DEMOCRATIC,76397,1735,DEM
GP 2020,UNITED STATES SENATOR,A,1,25585,2,RICHARD J.,,DURBIN,LaSALLE,DEMOCRATIC,9103,1736,DEM
GP 2020,UNITED STATES SENATOR,A,1,25585,2,RICHARD J.,,DURBIN,WHITE,DEMOCRATIC,682,1737,DEM
GP 2020,UNITED STATES SENATOR,A,1,25585,2,RICHARD J.,,DURBIN,ALEXANDER,DEMOCRATIC,471,1738,DEM
GP 2020,UNITED STATES SENATOR,A,1,25585,2,RICHARD J.,,DURBIN,MARION,DEMOCRATIC,2116,1739,DEM
GP 2020,UNITED STATES SENATOR,A,1,25585,2,RICHARD J.,,DURBIN,DuPAGE,DEMOCRATIC,100613,1740,DEM
GP 2020,UNITED STATES SENATOR,A,1,25585,2,RICHARD J.,,DURBIN,JACKSON,DEMOCRATIC,5732,1741,DEM
GP 2020,UNITED STATES SENATOR,A,1,25585,2,RICHARD J.,,DURBIN,HANCOCK,DEMOCRATIC,1125,1742,DEM
GP 2020,UNITED STATES SENATOR,A,1,25585,2,RICHARD J.,,DURBIN,COOK,DEMOCRATIC,791038,1743,DEM
GP 2020,UNITED STATES SENATOR,A,1,25585,2,RICHARD J.,,DURBIN,WILL,DEMOCRATIC,73999,1744,DEM
GP 2020,UNITED STATES SENATOR,A,1,25585,2,RICHARD J.,,DURBIN,DeKALB,DEMOCRATIC,9819,1745,DEM
GP 2020,UNITED STATES SENATOR,A,1,25585,2,RICHARD J.,,DURBIN,WINNEBAGO,DEMOCRATIC,23805,1746,DEM
GP 2020,UNITED STATES SENATOR,A,1,25585,2,RICHARD J.,,DURBIN,KENDALL,DEMOCRATIC,12844,1747,DEM
GP 2020,UNITED STATES SENATOR,A,1,25585,2,RICHARD J.,,DURBIN,EFFINGHAM,DEMOCRATIC,1447,1748,DEM
GP 2020,UNITED STATES SENATOR,A,1,25585,2,RICHARD J.,,DURBIN,MERCER,DEMOCRATIC,1252,1749,DEM
GP 2020,UNITED STATES SENATOR,A,1,25585,2,RICHARD J.,,DURBIN,VERMILION,DEMOCRATIC,4014,1750,DEM
GP 2020,UNITED STATES SENATOR,A,1,25585,2,RICHARD J.,,DURBIN,MONROE,DEMOCRATIC,2098,1751,DEM
GP 2020,UNITED STATES SENATOR,A,1,25585,2,RICHARD J.,,DURBIN,McLEAN,DEMOCRATIC,16221,1752,DEM
GP 2020,UNITED STATES SENATOR,A,1,25585,2,RICHARD J.,,DURBIN,FRANKLIN,DEMOCRATIC,2316,1753,DEM
GP 2020,UNITED STATES SENATOR,A,1,25585,2,RICHARD J.,,DURBIN,WABASH,DEMOCRATIC,455,1754,DEM
GP 2020,UNITED STATES SENATOR,A,1,25585,2,RICHARD J.,,DURBIN,KNOX,DEMOCRATIC,4100,1755,DEM
GP 2020,UNITED STATES SENATOR,A,1,25585,2,RICHARD J.,,DURBIN,TAZEWELL,DEMOCRATIC,9150,1756,DEM
GP 2020,UNITED STATES SENATOR,A,1,25585,2,RICHARD J.,,DURBIN,CLINTON,DEMOCRATIC,1252,1757,DEM
GP 2020,UNITED STATES SENATOR,A,1,25585,2,RICHARD J.,,DURBIN,CALHOUN,DEMOCRATIC,316,1758,DEM
GP 2020,UNITED STATES SENATOR,A,1,25585,2,RICHARD J.,,DURBIN,OGLE,DEMOCRATIC,3682,1759,DEM
GP 2020,UNITED STATES SENATOR,A,1,25585,2,RICHARD J.,,DURBIN,ST. CLAIR,DEMOCRATIC,25234,1760,DEM
GP 2020,UNITED STATES SENATOR,A,1,25585,2,RICHARD J.,,DURBIN,CUMBERLAND,DEMOCRATIC,484,1761,DEM
GP 2020,UNITED STATES SENATOR,A,1,25585,2,RICHARD J.,,DURBIN,MADISON,DEMOCRATIC,21708,1762,DEM
GP 2020,UNITED STATES SENATOR,A,1,25585,2,RICHARD J.,,DURBIN,GALLATIN,DEMOCRATIC,473,1763,DEM
GP 2020,UNITED STATES SENATOR,A,1,25585,2,RICHARD J.,,DURBIN,PUTNAM,DEMOCRATIC,570,1764,DEM
GP 2020,UNITED STATES SENATOR,A,1,25585,2,RICHARD J.,,DURBIN,HARDIN,DEMOCRATIC,226,1765,DEM
GP 2020,UNITED STATES SENATOR,A,1,25585,2,RICHARD J.,,DURBIN,McHENRY,DEMOCRATIC,28854,1766,DEM
GP 2020,UNITED STATES SENATOR,A,1,25585,2,RICHARD J.,,DURBIN,COLES,DEMOCRATIC,3042,1767,DEM
GP 2020,UNITED STATES SENATOR,A,1,25585,2,RICHARD J.,,DURBIN,SANGAMON,DEMOCRATIC,15830,1768,DEM
GP 2020,UNITED STATES SENATOR,A,1,25585,2,RICHARD J.,,DURBIN,BUREAU,DEMOCRATIC,2425,1769,DEM
GP 2020,UNITED STATES SENATOR,A,1,25585,2,RICHARD J.,,DURBIN,SCOTT,DEMOCRATIC,168,1770,DEM
GP 2020,UNITED STATES SENATOR,A,1,25585,2,RICHARD J.,,DURBIN,WARREN,DEMOCRATIC,1081,1771,DEM
GP 2020,UNITED STATES SENATOR,A,1,25585,2,RICHARD J.,,DURBIN,PULASKI,DEMOCRATIC,356,1772,DEM
GP 2020,UNITED STATES SENATOR,A,1,25585,2,RICHARD J.,,DURBIN,ROCK ISLAND,DEMOCRATIC,12914,1773,DEM
GP 2020,UNITED STATES SENATOR,A,1,25585,2,RICHARD J.,,DURBIN,WOODFORD,DEMOCRATIC,2256,1774,DEM
GP 2020,UNITED STATES SENATOR,A,1,25585,2,RICHARD J.,,DURBIN,CRAWFORD,DEMOCRATIC,898,1775,DEM
GP 2020,UNITED STATES SENATOR,A,1,25585,2,RICHARD J.,,DURBIN,BOND,DEMOCRATIC,1015,1776,DEM
GP 2020,UNITED STATES SENATOR,A,1,25585,2,RICHARD J.,,DURBIN,HENDERSON,DEMOCRATIC,535,1777,DEM
GP 2020,UNITED STATES SENATOR,A,1,25585,2,RICHARD J.,,DURBIN,CHRISTIAN,DEMOCRATIC,1735,1778,DEM
GP 2020,UNITED STATES SENATOR,A,1,25585,2,RICHARD J.,,DURBIN,DOUGLAS,DEMOCRATIC,745,1779,DEM
GP 2020,UNITED STATES SENATOR,A,1,25585,2,RICHARD J.,,DURBIN,GRUNDY,DEMOCRATIC,3634,1780,DEM
GP 2020,UNITED STATES SENATOR,A,1,25585,2,RICHARD J.,,DURBIN,STARK,DEMOCRATIC,287,1781,DEM
GP 2020,UNITED STATES SENATOR,A,1,25585,2,RICHARD J.,,DURBIN,EDGAR,DEMOCRATIC,706,1782,DEM
GP 2020,UNITED STATES SENATOR,A,1,25585,2,RICHARD J.,,DURBIN,MARSHALL,DEMOCRATIC,654,1783,DEM
GP 2020,UNITED STATES SENATOR,A,1,25585,2,RICHARD J.,,DURBIN,KANKAKEE,DEMOCRATIC,7932,1784,DEM
GP 2020,UNITED STATES SENATOR,A,1,25585,2,RICHARD J.,,DURBIN,LIVINGSTON,DEMOCRATIC,1601,1785,DEM
GP 2020,UNITED STATES SENATOR,A,1,25585,2,RICHARD J.,,DURBIN,FORD,DEMOCRATIC,578,1786,DEM
GP 2020,UNITED STATES SENATOR,A,1,25585,2,RICHARD J.,,DURBIN,MENARD,DEMOCRATIC,667,1787,DEM
GP 2020,UNITED STATES SENATOR,A,1,25585,2,RICHARD J.,,DURBIN,HENRY,DEMOCRATIC,3180,1788,DEM
GP 2020,UNITED STATES SENATOR,A,1,25585,2,RICHARD J.,,DURBIN,KANE,DEMOCRATIC,45851,1789,DEM
GP 2020,UNITED STATES SENATOR,A,1,25585,2,RICHARD J.,,DURBIN,CLARK,DEMOCRATIC,935,1790,DEM
GP 2020,UNITED STATES SENATOR,A,1,25585,2,RICHARD J.,,DURBIN,MONTGOMERY,DEMOCRATIC,1502,1791,DEM
GP 2020,UNITED STATES SENATOR,A,1,25585,2,RICHARD J.,,DURBIN,BOONE,DEMOCRATIC,3841,1792,DEM
GP 2020,UNITED STATES SENATOR,A,1,25585,2,RICHARD J.,,DURBIN,LEE,DEMOCRATIC,2249,1793,DEM
GP 2020,UNITED STATES SENATOR,A,1,25585,2,RICHARD J.,,DURBIN,EDWARDS,DEMOCRATIC,187,1794,DEM
GP 2020,UNITED STATES SENATOR,A,1,25585,2,RICHARD J.,,DURBIN,FULTON,DEMOCRATIC,3152,1795,DEM
GP 2020,UNITED STATES SENATOR,A,1,25585,2,RICHARD J.,,DURBIN,HAMILTON,DEMOCRATIC,523,1796,DEM
GP 2020,UNITED STATES SENATOR,A,1,25585,2,RICHARD J.,,DURBIN,MOULTRIE,DEMOCRATIC,715,1797,DEM
GP 2020,UNITED STATES SENATOR,A,1,25585,2,RICHARD J.,,DURBIN,STEPHENSON,DEMOCRATIC,3261,1798,DEM
GP 2020,UNITED STATES SENATOR,A,1,25585,2,RICHARD J.,,DURBIN,JOHNSON,DEMOCRATIC,513,1799,DEM
GP 2020,UNITED STATES SENATOR,A,1,25585,2,RICHARD J.,,DURBIN,ADAMS,DEMOCRATIC,3406,1800,DEM
GP 2020,UNITED STATES SENATOR,A,1,25585,2,RICHARD J.,,DURBIN,JEFFERSON,DEMOCRATIC,1921,1801,DEM
GP 2020,UNITED STATES SENATOR,A,1,25585,2,RICHARD J.,,DURBIN,MACOUPIN,DEMOCRATIC,3457,1802,DEM
GP 2020,UNITED STATES SENATOR,A,1,25585,2,RICHARD J.,,DURBIN,CLAY,DEMOCRATIC,429,1803,DEM
GP 2020,UNITED STATES SENATOR,A,1,25585,2,RICHARD J.,,DURBIN,LAWRENCE,DEMOCRATIC,615,1804,DEM
GP 2020,UNITED STATES SENATOR,A,1,25585,2,RICHARD J.,,DURBIN,SHELBY,DEMOCRATIC,1164,1805,DEM
GP 2020,UNITED STATES SENATOR,A,1,25585,2,RICHARD J.,,DURBIN,JERSEY,DEMOCRATIC,1183,1806,DEM
GP 2020,UNITED STATES SENATOR,A,1,25585,2,RICHARD J.,,DURBIN,MACON,DEMOCRATIC,6855,1807,DEM
GP 2020,UNITED STATES SENATOR,A,1,25585,2,RICHARD J.,,DURBIN,WILLIAMSON,DEMOCRATIC,3944,1808,DEM
GP 2020,UNITED STATES SENATOR,A,1,25585,2,RICHARD J.,,DURBIN,LOGAN,DEMOCRATIC,1210,1809,DEM
GP 2020,UNITED STATES SENATOR,A,1,25585,2,RICHARD J.,,DURBIN,JASPER,DEMOCRATIC,428,1810,DEM
GP 2020,UNITED STATES SENATOR,A,1,25585,2,RICHARD J.,,DURBIN,MASON,DEMOCRATIC,1024,1811,DEM
GP 2020,UNITED STATES SENATOR,A,1,25585,2,RICHARD J.,,DURBIN,PIATT,DEMOCRATIC,1173,1812,DEM
GP 2020,UNITED STATES SENATOR,A,1,25585,2,RICHARD J.,,DURBIN,CASS,DEMOCRATIC,670,1813,DEM
GP 2020,UNITED STATES SENATOR,A,1,25585,2,RICHARD J.,,DURBIN,DeWITT,DEMOCRATIC,822,1814,DEM
GP 2020,UNITED STATES SENATOR,A,1,25585,2,RICHARD J.,,DURBIN,IROQUOIS,DEMOCRATIC,1055,1815,DEM
GP 2020,UNITED STATES SENATOR,A,1,25585,2,RICHARD J.,,DURBIN,PERRY,DEMOCRATIC,1190,1816,DEM
GP 2020,UNITED STATES SENATOR,A,1,25585,2,RICHARD J.,,DURBIN,WASHINGTON,DEMOCRATIC,577,1817,DEM
GP 2020,UNITED STATES SENATOR,A,1,25585,2,RICHARD J.,,DURBIN,McDONOUGH,DEMOCRATIC,1883,1818,DEM
GP 2020,UNITED STATES SENATOR,A,1,25585,2,RICHARD J.,,DURBIN,SALINE,DEMOCRATIC,1178,1819,DEM
GP 2020,UNITED STATES SENATOR,A,1,25585,2,RICHARD J.,,DURBIN,RICHLAND,DEMOCRATIC,709,1820,DEM
GP 2020,UNITED STATES SENATOR,A,1,25585,2,RICHARD J.,,DURBIN,RANDOLPH,DEMOCRATIC,1581,1821,DEM
GP 2020,UNITED STATES SENATOR,A,1,25470,2,MARK C.,,CURRAN JR.,WHITESIDE,REPUBLICAN,761,1822,REP
GP 2020,UNITED STATES SENATOR,A,1,25470,2,MARK C.,,CURRAN JR.,GREENE,REPUBLICAN,369,1823,REP
GP 2020,UNITED STATES SENATOR,A,1,25470,2,MARK C.,,CURRAN JR.,CARROLL,REPUBLICAN,405,1824,REP
GP 2020,UNITED STATES SENATOR,A,1,25470,2,MARK C.,,CURRAN JR.,MORGAN,REPUBLICAN,836,1825,REP
GP 2020,UNITED STATES SENATOR,A,1,25470,2,MARK C.,,CURRAN JR.,POPE,REPUBLICAN,183,1826,REP
GP 2020,UNITED STATES SENATOR,A,1,25470,2,MARK C.,,CURRAN JR.,MASSAC,REPUBLICAN,446,1827,REP
GP 2020,UNITED STATES SENATOR,A,1,25470,2,MARK C.,,CURRAN JR.,JoDAVIESS,REPUBLICAN,754,1828,REP
GP 2020,UNITED STATES SENATOR,A,1,25470,2,MARK C.,,CURRAN JR.,BROWN,REPUBLICAN,293,1829,REP
GP 2020,UNITED STATES SENATOR,A,1,25470,2,MARK C.,,CURRAN JR.,PIKE,REPUBLICAN,667,1830,REP
GP 2020,UNITED STATES SENATOR,A,1,25470,2,MARK C.,,CURRAN JR.,WAYNE,REPUBLICAN,1008,1831,REP
GP 2020,UNITED STATES SENATOR,A,1,25470,2,MARK C.,,CURRAN JR.,PEORIA,REPUBLICAN,1884,1832,REP
GP 2020,UNITED STATES SENATOR,A,1,25470,2,MARK C.,,CURRAN JR.,FAYETTE,REPUBLICAN,564,1833,REP
GP 2020,UNITED STATES SENATOR,A,1,25470,2,MARK C.,,CURRAN JR.,UNION,REPUBLICAN,538,1834,REP
GP 2020,UNITED STATES SENATOR,A,1,25470,2,MARK C.,,CURRAN JR.,CHAMPAIGN,REPUBLICAN,2288,1835,REP
GP 2020,UNITED STATES SENATOR,A,1,25470,2,MARK C.,,CURRAN JR.,SCHUYLER,REPUBLICAN,257,1836,REP
GP 2020,UNITED STATES SENATOR,A,1,25470,2,MARK C.,,CURRAN JR.,LAKE,REPUBLICAN,15643,1837,REP
GP 2020,UNITED STATES SENATOR,A,1,25470,2,MARK C.,,CURRAN JR.,LaSALLE,REPUBLICAN,1621,1838,REP
GP 2020,UNITED STATES SENATOR,A,1,25470,2,MARK C.,,CURRAN JR.,WHITE,REPUBLICAN,725,1839,REP
GP 2020,UNITED STATES SENATOR,A,1,25470,2,MARK C.,,CURRAN JR.,ALEXANDER,REPUBLICAN,84,1840,REP
GP 2020,UNITED STATES SENATOR,A,1,25470,2,MARK C.,,CURRAN JR.,MARION,REPUBLICAN,1196,1841,REP
GP 2020,UNITED STATES SENATOR,A,1,25470,2,MARK C.,,CURRAN JR.,DuPAGE,REPUBLICAN,20604,1842,REP
GP 2020,UNITED STATES SENATOR,A,1,25470,2,MARK C.,,CURRAN JR.,JACKSON,REPUBLICAN,705,1843,REP
GP 2020,UNITED STATES SENATOR,A,1,25470,2,MARK C.,,CURRAN JR.,HANCOCK,REPUBLICAN,798,1844,REP
GP 2020,UNITED STATES SENATOR,A,1,25470,2,MARK C.,,CURRAN JR.,COOK,REPUBLICAN,35943,1845,REP
GP 2020,UNITED STATES SENATOR,A,1,25470,2,MARK C.,,CURRAN JR.,WILL,REPUBLICAN,13217,1846,REP
GP 2020,UNITED STATES SENATOR,A,1,25470,2,MARK C.,,CURRAN JR.,DeKALB,REPUBLICAN,2050,1847,REP
GP 2020,UNITED STATES SENATOR,A,1,25470,2,MARK C.,,CURRAN JR.,WINNEBAGO,REPUBLICAN,7120,1848,REP
GP 2020,UNITED STATES SENATOR,A,1,25470,2,MARK C.,,CURRAN JR.,KENDALL,REPUBLICAN,3292,1849,REP
GP 2020,UNITED STATES SENATOR,A,1,25470,2,MARK C.,,CURRAN JR.,EFFINGHAM,REPUBLICAN,1470,1850,REP
GP 2020,UNITED STATES SENATOR,A,1,25470,2,MARK C.,,CURRAN JR.,MERCER,REPUBLICAN,425,1851,REP
GP 2020,UNITED STATES SENATOR,A,1,25470,2,MARK C.,,CURRAN JR.,VERMILION,REPUBLICAN,2167,1852,REP
GP 2020,UNITED STATES SENATOR,A,1,25470,2,MARK C.,,CURRAN JR.,MONROE,REPUBLICAN,820,1853,REP
GP 2020,UNITED STATES SENATOR,A,1,25470,2,MARK C.,,CURRAN JR.,McLEAN,REPUBLICAN,3864,1854,REP
GP 2020,UNITED STATES SENATOR,A,1,25470,2,MARK C.,,CURRAN JR.,FRANKLIN,REPUBLICAN,1139,1855,REP
GP 2020,UNITED STATES SENATOR,A,1,25470,2,MARK C.,,CURRAN JR.,WABASH,REPUBLICAN,610,1856,REP
GP 2020,UNITED STATES SENATOR,A,1,25470,2,MARK C.,,CURRAN JR.,KNOX,REPUBLICAN,946,1857,REP
GP 2020,UNITED STATES SENATOR,A,1,25470,2,MARK C.,,CURRAN JR.,TAZEWELL,REPUBLICAN,2143,1858,REP
GP 2020,UNITED STATES SENATOR,A,1,25470,2,MARK C.,,CURRAN JR.,CLINTON,REPUBLICAN,764,1859,REP
GP 2020,UNITED STATES SENATOR,A,1,25470,2,MARK C.,,CURRAN JR.,CALHOUN,REPUBLICAN,85,1860,REP
GP 2020,UNITED STATES SENATOR,A,1,25470,2,MARK C.,,CURRAN JR.,OGLE,REPUBLICAN,2089,1861,REP
GP 2020,UNITED STATES SENATOR,A,1,25470,2,MARK C.,,CURRAN JR.,ST. CLAIR,REPUBLICAN,2696,1862,REP
GP 2020,UNITED STATES SENATOR,A,1,25470,2,MARK C.,,CURRAN JR.,CUMBERLAND,REPUBLICAN,376,1863,REP
GP 2020,UNITED STATES SENATOR,A,1,25470,2,MARK C.,,CURRAN JR.,MADISON,REPUBLICAN,4360,1864,REP
GP 2020,UNITED STATES SENATOR,A,1,25470,2,MARK C.,,CURRAN JR.,GALLATIN,REPUBLICAN,144,1865,REP
GP 2020,UNITED STATES SENATOR,A,1,25470,2,MARK C.,,CURRAN JR.,PUTNAM,REPUBLICAN,126,1866,REP
GP 2020,UNITED STATES SENATOR,A,1,25470,2,MARK C.,,CURRAN JR.,HARDIN,REPUBLICAN,118,1867,REP
GP 2020,UNITED STATES SENATOR,A,1,25470,2,MARK C.,,CURRAN JR.,McHENRY,REPUBLICAN,12009,1868,REP
GP 2020,UNITED STATES SENATOR,A,1,25470,2,MARK C.,,CURRAN JR.,COLES,REPUBLICAN,1231,1869,REP
GP 2020,UNITED STATES SENATOR,A,1,25470,2,MARK C.,,CURRAN JR.,SANGAMON,REPUBLICAN,3531,1870,REP
GP 2020,UNITED STATES SENATOR,A,1,25470,2,MARK C.,,CURRAN JR.,BUREAU,REPUBLICAN,577,1871,REP
GP 2020,UNITED STATES SENATOR,A,1,25470,2,MARK C.,,CURRAN JR.,SCOTT,REPUBLICAN,339,1872,REP
GP 2020,UNITED STATES SENATOR,A,1,25470,2,MARK C.,,CURRAN JR.,WARREN,REPUBLICAN,478,1873,REP
GP 2020,UNITED STATES SENATOR,A,1,25470,2,MARK C.,,CURRAN JR.,PULASKI,REPUBLICAN,287,1874,REP
GP 2020,UNITED STATES SENATOR,A,1,25470,2,MARK C.,,CURRAN JR.,ROCK ISLAND,REPUBLICAN,1516,1875,REP
GP 2020,UNITED STATES SENATOR,A,1,25470,2,MARK C.,,CURRAN JR.,WOODFORD,REPUBLICAN,909,1876,REP
GP 2020,UNITED STATES SENATOR,A,1,25470,2,MARK C.,,CURRAN JR.,CRAWFORD,REPUBLICAN,630,1877,REP
GP 2020,UNITED STATES SENATOR,A,1,25470,2,MARK C.,,CURRAN JR.,BOND,REPUBLICAN,325,1878,REP
GP 2020,UNITED STATES SENATOR,A,1,25470,2,MARK C.,,CURRAN JR.,HENDERSON,REPUBLICAN,153,1879,REP
GP 2020,UNITED STATES SENATOR,A,1,25470,2,MARK C.,,CURRAN JR.,CHRISTIAN,REPUBLICAN,767,1880,REP
GP 2020,UNITED STATES SENATOR,A,1,25470,2,MARK C.,,CURRAN JR.,DOUGLAS,REPUBLICAN,682,1881,REP
GP 2020,UNITED STATES SENATOR,A,1,25470,2,MARK C.,,CURRAN JR.,GRUNDY,REPUBLICAN,976,1882,REP
GP 2020,UNITED STATES SENATOR,A,1,25470,2,MARK C.,,CURRAN JR.,STARK,REPUBLICAN,158,1883,REP
GP 2020,UNITED STATES SENATOR,A,1,25470,2,MARK C.,,CURRAN JR.,EDGAR,REPUBLICAN,554,1884,REP
GP 2020,UNITED STATES SENATOR,A,1,25470,2,MARK C.,,CURRAN JR.,MARSHALL,REPUBLICAN,389,1885,REP
GP 2020,UNITED STATES SENATOR,A,1,25470,2,MARK C.,,CURRAN JR.,KANKAKEE,REPUBLICAN,3022,1886,REP
GP 2020,UNITED STATES SENATOR,A,1,25470,2,MARK C.,,CURRAN JR.,LIVINGSTON,REPUBLICAN,1141,1887,REP
GP 2020,UNITED STATES SENATOR,A,1,25470,2,MARK C.,,CURRAN JR.,FORD,REPUBLICAN,619,1888,REP
GP 2020,UNITED STATES SENATOR,A,1,25470,2,MARK C.,,CURRAN JR.,MENARD,REPUBLICAN,424,1889,REP
GP 2020,UNITED STATES SENATOR,A,1,25470,2,MARK C.,,CURRAN JR.,HENRY,REPUBLICAN,983,1890,REP
GP 2020,UNITED STATES SENATOR,A,1,25470,2,MARK C.,,CURRAN JR.,KANE,REPUBLICAN,9354,1891,REP
GP 2020,UNITED STATES SENATOR,A,1,25470,2,MARK C.,,CURRAN JR.,CLARK,REPUBLICAN,710,1892,REP
GP 2020,UNITED STATES SENATOR,A,1,25470,2,MARK C.,,CURRAN JR.,MONTGOMERY,REPUBLICAN,747,1893,REP
GP 2020,UNITED STATES SENATOR,A,1,25470,2,MARK C.,,CURRAN JR.,BOONE,REPUBLICAN,1065,1894,REP
GP 2020,UNITED STATES SENATOR,A,1,25470,2,MARK C.,,CURRAN JR.,LEE,REPUBLICAN,657,1895,REP
GP 2020,UNITED STATES SENATOR,A,1,25470,2,MARK C.,,CURRAN JR.,EDWARDS,REPUBLICAN,369,1896,REP
GP 2020,UNITED STATES SENATOR,A,1,25470,2,MARK C.,,CURRAN JR.,FULTON,REPUBLICAN,416,1897,REP
GP 2020,UNITED STATES SENATOR,A,1,25470,2,MARK C.,,CURRAN JR.,HAMILTON,REPUBLICAN,323,1898,REP
GP 2020,UNITED STATES SENATOR,A,1,25470,2,MARK C.,,CURRAN JR.,MOULTRIE,REPUBLICAN,362,1899,REP
GP 2020,UNITED STATES SENATOR,A,1,25470,2,MARK C.,,CURRAN JR.,STEPHENSON,REPUBLICAN,1183,1900,REP
GP 2020,UNITED STATES SENATOR,A,1,25470,2,MARK C.,,CURRAN JR.,JOHNSON,REPUBLICAN,672,1901,REP
GP 2020,UNITED STATES SENATOR,A,1,25470,2,MARK C.,,CURRAN JR.,ADAMS,REPUBLICAN,3458,1902,REP
GP 2020,UNITED STATES SENATOR,A,1,25470,2,MARK C.,,CURRAN JR.,JEFFERSON,REPUBLICAN,1189,1903,REP
GP 2020,UNITED STATES SENATOR,A,1,25470,2,MARK C.,,CURRAN JR.,MACOUPIN,REPUBLICAN,889,1904,REP
GP 2020,UNITED STATES SENATOR,A,1,25470,2,MARK C.,,CURRAN JR.,CLAY,REPUBLICAN,727,1905,REP
GP 2020,UNITED STATES SENATOR,A,1,25470,2,MARK C.,,CURRAN JR.,LAWRENCE,REPUBLICAN,553,1906,REP
GP 2020,UNITED STATES SENATOR,A,1,25470,2,MARK C.,,CURRAN JR.,SHELBY,REPUBLICAN,768,1907,REP
GP 2020,UNITED STATES SENATOR,A,1,25470,2,MARK C.,,CURRAN JR.,JERSEY,REPUBLICAN,375,1908,REP
GP 2020,UNITED STATES SENATOR,A,1,25470,2,MARK C.,,CURRAN JR.,MACON,REPUBLICAN,1665,1909,REP
GP 2020,UNITED STATES SENATOR,A,1,25470,2,MARK C.,,CURRAN JR.,WILLIAMSON,REPUBLICAN,1844,1910,REP
GP 2020,UNITED STATES SENATOR,A,1,25470,2,MARK C.,,CURRAN JR.,LOGAN,REPUBLICAN,1324,1911,REP
GP 2020,UNITED STATES SENATOR,A,1,25470,2,MARK C.,,CURRAN JR.,JASPER,REPUBLICAN,410,1912,REP
GP 2020,UNITED STATES SENATOR,A,1,25470,2,MARK C.,,CURRAN JR.,MASON,REPUBLICAN,397,1913,REP
GP 2020,UNITED STATES SENATOR,A,1,25470,2,MARK C.,,CURRAN JR.,PIATT,REPUBLICAN,533,1914,REP
GP 2020,UNITED STATES SENATOR,A,1,25470,2,MARK C.,,CURRAN JR.,CASS,REPUBLICAN,263,1915,REP
GP 2020,UNITED STATES SENATOR,A,1,25470,2,MARK C.,,CURRAN JR.,DeWITT,REPUBLICAN,684,1916,REP
GP 2020,UNITED STATES SENATOR,A,1,25470,2,MARK C.,,CURRAN JR.,IROQUOIS,REPUBLICAN,1085,1917,REP
GP 2020,UNITED STATES SENATOR,A,1,25470,2,MARK C.,,CURRAN JR.,PERRY,REPUBLICAN,452,1918,REP
GP 2020,UNITED STATES SENATOR,A,1,25470,2,MARK C.,,CURRAN JR.,WASHINGTON,REPUBLICAN,561,1919,REP
GP 2020,UNITED STATES SENATOR,A,1,25470,2,MARK C.,,CURRAN JR.,McDONOUGH,REPUBLICAN,434,1920,REP
GP 2020,UNITED STATES SENATOR,A,1,25470,2,MARK C.,,CURRAN JR.,SALINE,REPUBLICAN,724,1921,REP
GP 2020,UNITED STATES SENATOR,A,1,25470,2,MARK C.,,CURRAN JR.,RICHLAND,REPUBLICAN,706,1922,REP
GP 2020,UNITED STATES SENATOR,A,1,25470,2,MARK C.,,CURRAN JR.,RANDOLPH,REPUBLICAN,555,1923,REP
GP 2020,PRESIDENT,A,1,26043,1,ELIZABETH,,WARREN,CALHOUN,DEMOCRATIC,4,1924,DEM
GP 2020,PRESIDENT,A,1,26043,1,ELIZABETH,,WARREN,PUTNAM,DEMOCRATIC,8,1925,DEM
GP 2020,PRESIDENT,A,1,26043,1,ELIZABETH,,WARREN,HARDIN,DEMOCRATIC,1,1926,DEM
GP 2020,PRESIDENT,A,1,26043,1,ELIZABETH,,WARREN,McHENRY,DEMOCRATIC,436,1927,DEM
GP 2020,PRESIDENT,A,1,26043,1,ELIZABETH,,WARREN,COLES,DEMOCRATIC,77,1928,DEM
GP 2020,PRESIDENT,A,1,26043,1,ELIZABETH,,WARREN,TAZEWELL,DEMOCRATIC,156,1929,DEM
GP 2020,PRESIDENT,A,1,26043,1,ELIZABETH,,WARREN,CLINTON,DEMOCRATIC,29,1930,DEM
GP 2020,PRESIDENT,A,1,26043,1,ELIZABETH,,WARREN,SCOTT,DEMOCRATIC,5,1931,DEM
GP 2020,PRESIDENT,A,1,26043,1,ELIZABETH,,WARREN,WARREN,DEMOCRATIC,19,1932,DEM
GP 2020,PRESIDENT,A,1,26043,1,ELIZABETH,,WARREN,PULASKI,DEMOCRATIC,5,1933,DEM
GP 2020,PRESIDENT,A,1,26043,1,ELIZABETH,,WARREN,ROCK ISLAND,DEMOCRATIC,268,1934,DEM
GP 2020,PRESIDENT,A,1,26043,1,ELIZABETH,,WARREN,MADISON,DEMOCRATIC,341,1935,DEM
GP 2020,PRESIDENT,A,1,26043,1,ELIZABETH,,WARREN,GALLATIN,DEMOCRATIC,10,1936,DEM
GP 2020,PRESIDENT,A,1,26043,1,ELIZABETH,,WARREN,BOND,DEMOCRATIC,16,1937,DEM
GP 2020,PRESIDENT,A,1,26043,1,ELIZABETH,,WARREN,HENDERSON,DEMOCRATIC,5,1938,DEM
GP 2020,PRESIDENT,A,1,26043,1,ELIZABETH,,WARREN,CHRISTIAN,DEMOCRATIC,22,1939,DEM
GP 2020,PRESIDENT,A,1,26043,1,ELIZABETH,,WARREN,DOUGLAS,DEMOCRATIC,13,1940,DEM
GP 2020,PRESIDENT,A,1,26043,1,ELIZABETH,,WARREN,SANGAMON,DEMOCRATIC,347,1941,DEM
GP 2020,PRESIDENT,A,1,26043,1,ELIZABETH,,WARREN,BUREAU,DEMOCRATIC,41,1942,DEM
GP 2020,PRESIDENT,A,1,26043,1,ELIZABETH,,WARREN,EDGAR,DEMOCRATIC,10,1943,DEM
GP 2020,PRESIDENT,A,1,26043,1,ELIZABETH,,WARREN,MARSHALL,DEMOCRATIC,11,1944,DEM
GP 2020,PRESIDENT,A,1,26043,1,ELIZABETH,,WARREN,KANKAKEE,DEMOCRATIC,102,1945,DEM
GP 2020,PRESIDENT,A,1,26043,1,ELIZABETH,,WARREN,LIVINGSTON,DEMOCRATIC,25,1946,DEM
GP 2020,PRESIDENT,A,1,26043,1,ELIZABETH,,WARREN,WOODFORD,DEMOCRATIC,41,1947,DEM
GP 2020,PRESIDENT,A,1,26043,1,ELIZABETH,,WARREN,CRAWFORD,DEMOCRATIC,14,1948,DEM
GP 2020,PRESIDENT,A,1,26043,1,ELIZABETH,,WARREN,HENRY,DEMOCRATIC,32,1949,DEM
GP 2020,PRESIDENT,A,1,26043,1,ELIZABETH,,WARREN,KANE,DEMOCRATIC,798,1950,DEM
GP 2020,PRESIDENT,A,1,26043,1,ELIZABETH,,WARREN,CLARK,DEMOCRATIC,29,1951,DEM
GP 2020,PRESIDENT,A,1,26043,1,ELIZABETH,,WARREN,MONTGOMERY,DEMOCRATIC,24,1952,DEM
GP 2020,PRESIDENT,A,1,26043,1,ELIZABETH,,WARREN,GRUNDY,DEMOCRATIC,72,1953,DEM
GP 2020,PRESIDENT,A,1,26043,1,ELIZABETH,,WARREN,STARK,DEMOCRATIC,1,1954,DEM
GP 2020,PRESIDENT,A,1,26043,1,ELIZABETH,,WARREN,EDWARDS,DEMOCRATIC,3,1955,DEM
GP 2020,PRESIDENT,A,1,26043,1,ELIZABETH,,WARREN,FULTON,DEMOCRATIC,37,1956,DEM
GP 2020,PRESIDENT,A,1,26043,1,ELIZABETH,,WARREN,HAMILTON,DEMOCRATIC,13,1957,DEM
GP 2020,PRESIDENT,A,1,26043,1,ELIZABETH,,WARREN,MOULTRIE,DEMOCRATIC,7,1958,DEM
GP 2020,PRESIDENT,A,1,26043,1,ELIZABETH,,WARREN,FORD,DEMOCRATIC,9,1959,DEM
GP 2020,PRESIDENT,A,1,26043,1,ELIZABETH,,WARREN,MENARD,DEMOCRATIC,10,1960,DEM
GP 2020,PRESIDENT,A,1,26043,1,ELIZABETH,,WARREN,ADAMS,DEMOCRATIC,69,1961,DEM
GP 2020,PRESIDENT,A,1,26043,1,ELIZABETH,,WARREN,JEFFERSON,DEMOCRATIC,28,1962,DEM
GP 2020,PRESIDENT,A,1,26043,1,ELIZABETH,,WARREN,MACOUPIN,DEMOCRATIC,67,1963,DEM
GP 2020,PRESIDENT,A,1,26043,1,ELIZABETH,,WARREN,CLAY,DEMOCRATIC,6,1964,DEM
GP 2020,PRESIDENT,A,1,26043,1,ELIZABETH,,WARREN,BOONE,DEMOCRATIC,58,1965,DEM
GP 2020,PRESIDENT,A,1,26043,1,ELIZABETH,,WARREN,LEE,DEMOCRATIC,44,1966,DEM
GP 2020,PRESIDENT,A,1,26043,1,ELIZABETH,,WARREN,JERSEY,DEMOCRATIC,19,1967,DEM
GP 2020,PRESIDENT,A,1,26043,1,ELIZABETH,,WARREN,MACON,DEMOCRATIC,97,1968,DEM
GP 2020,PRESIDENT,A,1,26043,1,ELIZABETH,,WARREN,WILLIAMSON,DEMOCRATIC,57,1969,DEM
GP 2020,PRESIDENT,A,1,26043,1,ELIZABETH,,WARREN,LOGAN,DEMOCRATIC,21,1970,DEM
GP 2020,PRESIDENT,A,1,26043,1,ELIZABETH,,WARREN,STEPHENSON,DEMOCRATIC,59,1971,DEM
GP 2020,PRESIDENT,A,1,26043,1,ELIZABETH,,WARREN,JOHNSON,DEMOCRATIC,8,1972,DEM
GP 2020,PRESIDENT,A,1,26043,1,ELIZABETH,,WARREN,PIATT,DEMOCRATIC,22,1973,DEM
GP 2020,PRESIDENT,A,1,26043,1,ELIZABETH,,WARREN,CASS,DEMOCRATIC,11,1974,DEM
GP 2020,PRESIDENT,A,1,26043,1,ELIZABETH,,WARREN,DeWITT,DEMOCRATIC,18,1975,DEM
GP 2020,PRESIDENT,A,1,26043,1,ELIZABETH,,WARREN,IROQUOIS,DEMOCRATIC,21,1976,DEM
GP 2020,PRESIDENT,A,1,26043,1,ELIZABETH,,WARREN,LAWRENCE,DEMOCRATIC,10,1977,DEM
GP 2020,PRESIDENT,A,1,26043,1,ELIZABETH,,WARREN,SHELBY,DEMOCRATIC,17,1978,DEM
GP 2020,PRESIDENT,A,1,26043,1,ELIZABETH,,WARREN,McDONOUGH,DEMOCRATIC,65,1979,DEM
GP 2020,PRESIDENT,A,1,26043,1,ELIZABETH,,WARREN,SALINE,DEMOCRATIC,12,1980,DEM
GP 2020,PRESIDENT,A,1,26043,1,ELIZABETH,,WARREN,RICHLAND,DEMOCRATIC,12,1981,DEM
GP 2020,PRESIDENT,A,1,26043,1,ELIZABETH,,WARREN,RANDOLPH,DEMOCRATIC,19,1982,DEM
GP 2020,PRESIDENT,A,1,26043,1,ELIZABETH,,WARREN,JASPER,DEMOCRATIC,12,1983,DEM
GP 2020,PRESIDENT,A,1,26043,1,ELIZABETH,,WARREN,MASON,DEMOCRATIC,12,1984,DEM
GP 2020,PRESIDENT,A,1,26043,1,ELIZABETH,,WARREN,CARROLL,DEMOCRATIC,21,1985,DEM
GP 2020,PRESIDENT,A,1,26043,1,ELIZABETH,,WARREN,MORGAN,DEMOCRATIC,20,1986,DEM
GP 2020,PRESIDENT,A,1,26043,1,ELIZABETH,,WARREN,POPE,DEMOCRATIC,2,1987,DEM
GP 2020,PRESIDENT,A,1,26043,1,ELIZABETH,,WARREN,MASSAC,DEMOCRATIC,3,1988,DEM
GP 2020,PRESIDENT,A,1,26043,1,ELIZABETH,,WARREN,PERRY,DEMOCRATIC,21,1989,DEM
GP 2020,PRESIDENT,A,1,26043,1,ELIZABETH,,WARREN,WASHINGTON,DEMOCRATIC,9,1990,DEM
GP 2020,PRESIDENT,A,1,26043,1,ELIZABETH,,WARREN,PIKE,DEMOCRATIC,11,1991,DEM
GP 2020,PRESIDENT,A,1,26043,1,ELIZABETH,,WARREN,WAYNE,DEMOCRATIC,6,1992,DEM
GP 2020,PRESIDENT,A,1,26043,1,ELIZABETH,,WARREN,PEORIA,DEMOCRATIC,279,1993,DEM
GP 2020,PRESIDENT,A,1,26043,1,ELIZABETH,,WARREN,FAYETTE,DEMOCRATIC,14,1994,DEM
GP 2020,PRESIDENT,A,1,26043,1,ELIZABETH,,WARREN,WHITESIDE,DEMOCRATIC,59,1995,DEM
GP 2020,PRESIDENT,A,1,26043,1,ELIZABETH,,WARREN,GREENE,DEMOCRATIC,17,1996,DEM
GP 2020,PRESIDENT,A,1,26043,1,ELIZABETH,,WARREN,SCHUYLER,DEMOCRATIC,12,1997,DEM
GP 2020,PRESIDENT,A,1,26043,1,ELIZABETH,,WARREN,LAKE,DEMOCRATIC,1140,1998,DEM
GP 2020,PRESIDENT,A,1,26043,1,ELIZABETH,,WARREN,LaSALLE,DEMOCRATIC,86,1999,DEM
GP 2020,PRESIDENT,A,1,26043,1,ELIZABETH,,WARREN,WHITE,DEMOCRATIC,13,2000,DEM
GP 2020,PRESIDENT,A,1,26043,1,ELIZABETH,,WARREN,JoDAVIESS,DEMOCRATIC,44,2001,DEM
GP 2020,PRESIDENT,A,1,26043,1,ELIZABETH,,WARREN,BROWN,DEMOCRATIC,3,2002,DEM
GP 2020,PRESIDENT,A,1,26043,1,ELIZABETH,,WARREN,DuPAGE,DEMOCRATIC,1599,2003,DEM
GP 2020,PRESIDENT,A,1,26043,1,ELIZABETH,,WARREN,JACKSON,DEMOCRATIC,149,2004,DEM
GP 2020,PRESIDENT,A,1,26043,1,ELIZABETH,,WARREN,HANCOCK,DEMOCRATIC,24,2005,DEM
GP 2020,PRESIDENT,A,1,26043,1,ELIZABETH,,WARREN,COOK,DEMOCRATIC,13315,2006,DEM
GP 2020,PRESIDENT,A,1,26043,1,ELIZABETH,,WARREN,UNION,DEMOCRATIC,30,2007,DEM
GP 2020,PRESIDENT,A,1,26043,1,ELIZABETH,,WARREN,CHAMPAIGN,DEMOCRATIC,861,2008,DEM
GP 2020,PRESIDENT,A,1,26043,1,ELIZABETH,,WARREN,WINNEBAGO,DEMOCRATIC,388,2009,DEM
GP 2020,PRESIDENT,A,1,26043,1,ELIZABETH,,WARREN,KENDALL,DEMOCRATIC,163,2010,DEM
GP 2020,PRESIDENT,A,1,26043,1,ELIZABETH,,WARREN,EFFINGHAM,DEMOCRATIC,21,2011,DEM
GP 2020,PRESIDENT,A,1,26043,1,ELIZABETH,,WARREN,MERCER,DEMOCRATIC,18,2012,DEM
GP 2020,PRESIDENT,A,1,26043,1,ELIZABETH,,WARREN,ALEXANDER,DEMOCRATIC,2,2013,DEM
GP 2020,PRESIDENT,A,1,26043,1,ELIZABETH,,WARREN,MARION,DEMOCRATIC,53,2014,DEM
GP 2020,PRESIDENT,A,1,26043,1,ELIZABETH,,WARREN,McLEAN,DEMOCRATIC,471,2015,DEM
GP 2020,PRESIDENT,A,1,26043,1,ELIZABETH,,WARREN,FRANKLIN,DEMOCRATIC,37,2016,DEM
GP 2020,PRESIDENT,A,1,26043,1,ELIZABETH,,WARREN,WABASH,DEMOCRATIC,10,2017,DEM
GP 2020,PRESIDENT,A,1,26043,1,ELIZABETH,,WARREN,KNOX,DEMOCRATIC,82,2018,DEM
GP 2020,PRESIDENT,A,1,26043,1,ELIZABETH,,WARREN,WILL,DEMOCRATIC,901,2019,DEM
GP 2020,PRESIDENT,A,1,26043,1,ELIZABETH,,WARREN,DeKALB,DEMOCRATIC,176,2020,DEM
GP 2020,PRESIDENT,A,1,26043,1,ELIZABETH,,WARREN,OGLE,DEMOCRATIC,51,2021,DEM
GP 2020,PRESIDENT,A,1,26043,1,ELIZABETH,,WARREN,ST. CLAIR,DEMOCRATIC,384,2022,DEM
GP 2020,PRESIDENT,A,1,26043,1,ELIZABETH,,WARREN,CUMBERLAND,DEMOCRATIC,4,2023,DEM
GP 2020,PRESIDENT,A,1,26043,1,ELIZABETH,,WARREN,VERMILION,DEMOCRATIC,72,2024,DEM
GP 2020,PRESIDENT,A,1,26043,1,ELIZABETH,,WARREN,MONROE,DEMOCRATIC,37,2025,DEM
GP 2020,PRESIDENT,A,1,26044,1,ANDREW,,YANG,CRAWFORD,DEMOCRATIC,3,2026,DEM
GP 2020,PRESIDENT,A,1,26044,1,ANDREW,,YANG,BOND,DEMOCRATIC,2,2027,DEM
GP 2020,PRESIDENT,A,1,26044,1,ANDREW,,YANG,HENDERSON,DEMOCRATIC,4,2028,DEM
GP 2020,PRESIDENT,A,1,26044,1,ANDREW,,YANG,CHRISTIAN,DEMOCRATIC,7,2029,DEM
GP 2020,PRESIDENT,A,1,26044,1,ANDREW,,YANG,DOUGLAS,DEMOCRATIC,3,2030,DEM
GP 2020,PRESIDENT,A,1,26044,1,ANDREW,,YANG,SANGAMON,DEMOCRATIC,29,2031,DEM
GP 2020,PRESIDENT,A,1,26044,1,ANDREW,,YANG,STARK,DEMOCRATIC,0,2032,DEM
GP 2020,PRESIDENT,A,1,26044,1,ANDREW,,YANG,EDGAR,DEMOCRATIC,1,2033,DEM
GP 2020,PRESIDENT,A,1,26044,1,ANDREW,,YANG,MARSHALL,DEMOCRATIC,2,2034,DEM
GP 2020,PRESIDENT,A,1,26044,1,ANDREW,,YANG,KANKAKEE,DEMOCRATIC,24,2035,DEM
GP 2020,PRESIDENT,A,1,26044,1,ANDREW,,YANG,LIVINGSTON,DEMOCRATIC,1,2036,DEM
GP 2020,PRESIDENT,A,1,26044,1,ANDREW,,YANG,WOODFORD,DEMOCRATIC,4,2037,DEM
GP 2020,PRESIDENT,A,1,26044,1,ANDREW,,YANG,MENARD,DEMOCRATIC,0,2038,DEM
GP 2020,PRESIDENT,A,1,26044,1,ANDREW,,YANG,HENRY,DEMOCRATIC,14,2039,DEM
GP 2020,PRESIDENT,A,1,26044,1,ANDREW,,YANG,KANE,DEMOCRATIC,102,2040,DEM
GP 2020,PRESIDENT,A,1,26044,1,ANDREW,,YANG,CLARK,DEMOCRATIC,2,2041,DEM
GP 2020,PRESIDENT,A,1,26044,1,ANDREW,,YANG,MONTGOMERY,DEMOCRATIC,6,2042,DEM
GP 2020,PRESIDENT,A,1,26044,1,ANDREW,,YANG,GRUNDY,DEMOCRATIC,11,2043,DEM
GP 2020,PRESIDENT,A,1,26044,1,ANDREW,,YANG,LEE,DEMOCRATIC,6,2044,DEM
GP 2020,PRESIDENT,A,1,26044,1,ANDREW,,YANG,EDWARDS,DEMOCRATIC,1,2045,DEM
GP 2020,PRESIDENT,A,1,26044,1,ANDREW,,YANG,FULTON,DEMOCRATIC,14,2046,DEM
GP 2020,PRESIDENT,A,1,26044,1,ANDREW,,YANG,HAMILTON,DEMOCRATIC,2,2047,DEM
GP 2020,PRESIDENT,A,1,26044,1,ANDREW,,YANG,MOULTRIE,DEMOCRATIC,4,2048,DEM
GP 2020,PRESIDENT,A,1,26044,1,ANDREW,,YANG,FORD,DEMOCRATIC,1,2049,DEM
GP 2020,PRESIDENT,A,1,26044,1,ANDREW,,YANG,JOHNSON,DEMOCRATIC,1,2050,DEM
GP 2020,PRESIDENT,A,1,26044,1,ANDREW,,YANG,ADAMS,DEMOCRATIC,7,2051,DEM
GP 2020,PRESIDENT,A,1,26044,1,ANDREW,,YANG,JEFFERSON,DEMOCRATIC,9,2052,DEM
GP 2020,PRESIDENT,A,1,26044,1,ANDREW,,YANG,MACOUPIN,DEMOCRATIC,18,2053,DEM
GP 2020,PRESIDENT,A,1,26044,1,ANDREW,,YANG,CLAY,DEMOCRATIC,0,2054,DEM
GP 2020,PRESIDENT,A,1,26044,1,ANDREW,,YANG,BOONE,DEMOCRATIC,12,2055,DEM
GP 2020,PRESIDENT,A,1,26044,1,ANDREW,,YANG,SHELBY,DEMOCRATIC,0,2056,DEM
GP 2020,PRESIDENT,A,1,26044,1,ANDREW,,YANG,JERSEY,DEMOCRATIC,3,2057,DEM
GP 2020,PRESIDENT,A,1,26044,1,ANDREW,,YANG,MACON,DEMOCRATIC,9,2058,DEM
GP 2020,PRESIDENT,A,1,26044,1,ANDREW,,YANG,WILLIAMSON,DEMOCRATIC,15,2059,DEM
GP 2020,PRESIDENT,A,1,26044,1,ANDREW,,YANG,LOGAN,DEMOCRATIC,3,2060,DEM
GP 2020,PRESIDENT,A,1,26044,1,ANDREW,,YANG,STEPHENSON,DEMOCRATIC,5,2061,DEM
GP 2020,PRESIDENT,A,1,26044,1,ANDREW,,YANG,MASON,DEMOCRATIC,4,2062,DEM
GP 2020,PRESIDENT,A,1,26044,1,ANDREW,,YANG,PIATT,DEMOCRATIC,1,2063,DEM
GP 2020,PRESIDENT,A,1,26044,1,ANDREW,,YANG,CASS,DEMOCRATIC,2,2064,DEM
GP 2020,PRESIDENT,A,1,26044,1,ANDREW,,YANG,DeWITT,DEMOCRATIC,0,2065,DEM
GP 2020,PRESIDENT,A,1,26044,1,ANDREW,,YANG,IROQUOIS,DEMOCRATIC,6,2066,DEM
GP 2020,PRESIDENT,A,1,26044,1,ANDREW,,YANG,LAWRENCE,DEMOCRATIC,1,2067,DEM
GP 2020,PRESIDENT,A,1,26044,1,ANDREW,,YANG,WASHINGTON,DEMOCRATIC,2,2068,DEM
GP 2020,PRESIDENT,A,1,26044,1,ANDREW,,YANG,McDONOUGH,DEMOCRATIC,5,2069,DEM
GP 2020,PRESIDENT,A,1,26044,1,ANDREW,,YANG,SALINE,DEMOCRATIC,5,2070,DEM
GP 2020,PRESIDENT,A,1,26044,1,ANDREW,,YANG,RICHLAND,DEMOCRATIC,4,2071,DEM
GP 2020,PRESIDENT,A,1,26044,1,ANDREW,,YANG,RANDOLPH,DEMOCRATIC,3,2072,DEM
GP 2020,PRESIDENT,A,1,26044,1,ANDREW,,YANG,JASPER,DEMOCRATIC,5,2073,DEM
GP 2020,PRESIDENT,A,1,26044,1,ANDREW,,YANG,GREENE,DEMOCRATIC,4,2074,DEM
GP 2020,PRESIDENT,A,1,26044,1,ANDREW,,YANG,CARROLL,DEMOCRATIC,6,2075,DEM
GP 2020,PRESIDENT,A,1,26044,1,ANDREW,,YANG,MORGAN,DEMOCRATIC,3,2076,DEM
GP 2020,PRESIDENT,A,1,26044,1,ANDREW,,YANG,POPE,DEMOCRATIC,0,2077,DEM
GP 2020,PRESIDENT,A,1,26044,1,ANDREW,,YANG,MASSAC,DEMOCRATIC,1,2078,DEM
GP 2020,PRESIDENT,A,1,26044,1,ANDREW,,YANG,PERRY,DEMOCRATIC,4,2079,DEM
GP 2020,PRESIDENT,A,1,26044,1,ANDREW,,YANG,BROWN,DEMOCRATIC,0,2080,DEM
GP 2020,PRESIDENT,A,1,26044,1,ANDREW,,YANG,PIKE,DEMOCRATIC,0,2081,DEM
GP 2020,PRESIDENT,A,1,26044,1,ANDREW,,YANG,WAYNE,DEMOCRATIC,4,2082,DEM
GP 2020,PRESIDENT,A,1,26044,1,ANDREW,,YANG,PEORIA,DEMOCRATIC,63,2083,DEM
GP 2020,PRESIDENT,A,1,26044,1,ANDREW,,YANG,FAYETTE,DEMOCRATIC,2,2084,DEM
GP 2020,PRESIDENT,A,1,26044,1,ANDREW,,YANG,WHITESIDE,DEMOCRATIC,17,2085,DEM
GP 2020,PRESIDENT,A,1,26044,1,ANDREW,,YANG,CHAMPAIGN,DEMOCRATIC,58,2086,DEM
GP 2020,PRESIDENT,A,1,26044,1,ANDREW,,YANG,SCHUYLER,DEMOCRATIC,0,2087,DEM
GP 2020,PRESIDENT,A,1,26044,1,ANDREW,,YANG,LAKE,DEMOCRATIC,149,2088,DEM
GP 2020,PRESIDENT,A,1,26044,1,ANDREW,,YANG,LaSALLE,DEMOCRATIC,38,2089,DEM
GP 2020,PRESIDENT,A,1,26044,1,ANDREW,,YANG,WHITE,DEMOCRATIC,4,2090,DEM
GP 2020,PRESIDENT,A,1,26044,1,ANDREW,,YANG,JoDAVIESS,DEMOCRATIC,6,2091,DEM
GP 2020,PRESIDENT,A,1,26044,1,ANDREW,,YANG,MARION,DEMOCRATIC,8,2092,DEM
GP 2020,PRESIDENT,A,1,26044,1,ANDREW,,YANG,DuPAGE,DEMOCRATIC,235,2093,DEM
GP 2020,PRESIDENT,A,1,26044,1,ANDREW,,YANG,JACKSON,DEMOCRATIC,20,2094,DEM
GP 2020,PRESIDENT,A,1,26044,1,ANDREW,,YANG,HANCOCK,DEMOCRATIC,4,2095,DEM
GP 2020,PRESIDENT,A,1,26044,1,ANDREW,,YANG,COOK,DEMOCRATIC,2340,2096,DEM
GP 2020,PRESIDENT,A,1,26044,1,ANDREW,,YANG,UNION,DEMOCRATIC,4,2097,DEM
GP 2020,PRESIDENT,A,1,26044,1,ANDREW,,YANG,DeKALB,DEMOCRATIC,17,2098,DEM
GP 2020,PRESIDENT,A,1,26044,1,ANDREW,,YANG,WINNEBAGO,DEMOCRATIC,58,2099,DEM
GP 2020,PRESIDENT,A,1,26044,1,ANDREW,,YANG,KENDALL,DEMOCRATIC,25,2100,DEM
GP 2020,PRESIDENT,A,1,26044,1,ANDREW,,YANG,EFFINGHAM,DEMOCRATIC,6,2101,DEM
GP 2020,PRESIDENT,A,1,26044,1,ANDREW,,YANG,MERCER,DEMOCRATIC,9,2102,DEM
GP 2020,PRESIDENT,A,1,26044,1,ANDREW,,YANG,ALEXANDER,DEMOCRATIC,0,2103,DEM
GP 2020,PRESIDENT,A,1,26044,1,ANDREW,,YANG,MONROE,DEMOCRATIC,4,2104,DEM
GP 2020,PRESIDENT,A,1,26044,1,ANDREW,,YANG,McLEAN,DEMOCRATIC,42,2105,DEM
GP 2020,PRESIDENT,A,1,26044,1,ANDREW,,YANG,FRANKLIN,DEMOCRATIC,10,2106,DEM
GP 2020,PRESIDENT,A,1,26044,1,ANDREW,,YANG,WABASH,DEMOCRATIC,2,2107,DEM
GP 2020,PRESIDENT,A,1,26044,1,ANDREW,,YANG,KNOX,DEMOCRATIC,21,2108,DEM
GP 2020,PRESIDENT,A,1,26044,1,ANDREW,,YANG,WILL,DEMOCRATIC,191,2109,DEM
GP 2020,PRESIDENT,A,1,26044,1,ANDREW,,YANG,CLINTON,DEMOCRATIC,5,2110,DEM
GP 2020,PRESIDENT,A,1,26044,1,ANDREW,,YANG,CALHOUN,DEMOCRATIC,0,2111,DEM
GP 2020,PRESIDENT,A,1,26044,1,ANDREW,,YANG,OGLE,DEMOCRATIC,6,2112,DEM
GP 2020,PRESIDENT,A,1,26044,1,ANDREW,,YANG,ST. CLAIR,DEMOCRATIC,73,2113,DEM
GP 2020,PRESIDENT,A,1,26044,1,ANDREW,,YANG,CUMBERLAND,DEMOCRATIC,0,2114,DEM
GP 2020,PRESIDENT,A,1,26044,1,ANDREW,,YANG,VERMILION,DEMOCRATIC,11,2115,DEM
GP 2020,PRESIDENT,A,1,26044,1,ANDREW,,YANG,GALLATIN,DEMOCRATIC,7,2116,DEM
GP 2020,PRESIDENT,A,1,26044,1,ANDREW,,YANG,PUTNAM,DEMOCRATIC,1,2117,DEM
GP 2020,PRESIDENT,A,1,26044,1,ANDREW,,YANG,HARDIN,DEMOCRATIC,0,2118,DEM
GP 2020,PRESIDENT,A,1,26044,1,ANDREW,,YANG,McHENRY,DEMOCRATIC,49,2119,DEM
GP 2020,PRESIDENT,A,1,26044,1,ANDREW,,YANG,COLES,DEMOCRATIC,5,2120,DEM
GP 2020,PRESIDENT,A,1,26044,1,ANDREW,,YANG,TAZEWELL,DEMOCRATIC,19,2121,DEM
GP 2020,PRESIDENT,A,1,26044,1,ANDREW,,YANG,BUREAU,DEMOCRATIC,12,2122,DEM
GP 2020,PRESIDENT,A,1,26044,1,ANDREW,,YANG,SCOTT,DEMOCRATIC,0,2123,DEM
GP 2020,PRESIDENT,A,1,26044,1,ANDREW,,YANG,WARREN,DEMOCRATIC,1,2124,DEM
GP 2020,PRESIDENT,A,1,26044,1,ANDREW,,YANG,PULASKI,DEMOCRATIC,2,2125,DEM
GP 2020,PRESIDENT,A,1,26044,1,ANDREW,,YANG,ROCK ISLAND,DEMOCRATIC,63,2126,DEM
GP 2020,PRESIDENT,A,1,26044,1,ANDREW,,YANG,MADISON,DEMOCRATIC,49,2127,DEM
GP 2020,PRESIDENT,A,1,26360,1,MICHAEL,,BENNET,WHITESIDE,DEMOCRATIC,0,2128,DEM
GP 2020,PRESIDENT,A,1,26360,1,MICHAEL,,BENNET,GREENE,DEMOCRATIC,4,2129,DEM
GP 2020,PRESIDENT,A,1,26360,1,MICHAEL,,BENNET,CARROLL,DEMOCRATIC,0,2130,DEM
GP 2020,PRESIDENT,A,1,26360,1,MICHAEL,,BENNET,MORGAN,DEMOCRATIC,1,2131,DEM
GP 2020,PRESIDENT,A,1,26360,1,MICHAEL,,BENNET,POPE,DEMOCRATIC,2,2132,DEM
GP 2020,PRESIDENT,A,1,26360,1,MICHAEL,,BENNET,FAYETTE,DEMOCRATIC,2,2133,DEM
GP 2020,PRESIDENT,A,1,26360,1,MICHAEL,,BENNET,WHITE,DEMOCRATIC,5,2134,DEM
GP 2020,PRESIDENT,A,1,26360,1,MICHAEL,,BENNET,JoDAVIESS,DEMOCRATIC,0,2135,DEM
GP 2020,PRESIDENT,A,1,26360,1,MICHAEL,,BENNET,BROWN,DEMOCRATIC,1,2136,DEM
GP 2020,PRESIDENT,A,1,26360,1,MICHAEL,,BENNET,PIKE,DEMOCRATIC,3,2137,DEM
GP 2020,PRESIDENT,A,1,26360,1,MICHAEL,,BENNET,WAYNE,DEMOCRATIC,2,2138,DEM
GP 2020,PRESIDENT,A,1,26360,1,MICHAEL,,BENNET,PEORIA,DEMOCRATIC,12,2139,DEM
GP 2020,PRESIDENT,A,1,26360,1,MICHAEL,,BENNET,COOK,DEMOCRATIC,891,2140,DEM
GP 2020,PRESIDENT,A,1,26360,1,MICHAEL,,BENNET,UNION,DEMOCRATIC,1,2141,DEM
GP 2020,PRESIDENT,A,1,26360,1,MICHAEL,,BENNET,CHAMPAIGN,DEMOCRATIC,11,2142,DEM
GP 2020,PRESIDENT,A,1,26360,1,MICHAEL,,BENNET,SCHUYLER,DEMOCRATIC,0,2143,DEM
GP 2020,PRESIDENT,A,1,26360,1,MICHAEL,,BENNET,LAKE,DEMOCRATIC,19,2144,DEM
GP 2020,PRESIDENT,A,1,26360,1,MICHAEL,,BENNET,LaSALLE,DEMOCRATIC,7,2145,DEM
GP 2020,PRESIDENT,A,1,26360,1,MICHAEL,,BENNET,MERCER,DEMOCRATIC,1,2146,DEM
GP 2020,PRESIDENT,A,1,26360,1,MICHAEL,,BENNET,ALEXANDER,DEMOCRATIC,1,2147,DEM
GP 2020,PRESIDENT,A,1,26360,1,MICHAEL,,BENNET,MARION,DEMOCRATIC,11,2148,DEM
GP 2020,PRESIDENT,A,1,26360,1,MICHAEL,,BENNET,DuPAGE,DEMOCRATIC,28,2149,DEM
GP 2020,PRESIDENT,A,1,26360,1,MICHAEL,,BENNET,JACKSON,DEMOCRATIC,9,2150,DEM
GP 2020,PRESIDENT,A,1,26360,1,MICHAEL,,BENNET,HANCOCK,DEMOCRATIC,2,2151,DEM
GP 2020,PRESIDENT,A,1,26360,1,MICHAEL,,BENNET,KNOX,DEMOCRATIC,4,2152,DEM
GP 2020,PRESIDENT,A,1,26360,1,MICHAEL,,BENNET,WILL,DEMOCRATIC,43,2153,DEM
GP 2020,PRESIDENT,A,1,26360,1,MICHAEL,,BENNET,DeKALB,DEMOCRATIC,1,2154,DEM
GP 2020,PRESIDENT,A,1,26360,1,MICHAEL,,BENNET,WINNEBAGO,DEMOCRATIC,18,2155,DEM
GP 2020,PRESIDENT,A,1,26360,1,MICHAEL,,BENNET,KENDALL,DEMOCRATIC,3,2156,DEM
GP 2020,PRESIDENT,A,1,26360,1,MICHAEL,,BENNET,EFFINGHAM,DEMOCRATIC,0,2157,DEM
GP 2020,PRESIDENT,A,1,26360,1,MICHAEL,,BENNET,CUMBERLAND,DEMOCRATIC,2,2158,DEM
GP 2020,PRESIDENT,A,1,26360,1,MICHAEL,,BENNET,VERMILION,DEMOCRATIC,10,2159,DEM
GP 2020,PRESIDENT,A,1,26360,1,MICHAEL,,BENNET,MONROE,DEMOCRATIC,1,2160,DEM
GP 2020,PRESIDENT,A,1,26360,1,MICHAEL,,BENNET,McLEAN,DEMOCRATIC,9,2161,DEM
GP 2020,PRESIDENT,A,1,26360,1,MICHAEL,,BENNET,FRANKLIN,DEMOCRATIC,8,2162,DEM
GP 2020,PRESIDENT,A,1,26360,1,MICHAEL,,BENNET,WABASH,DEMOCRATIC,3,2163,DEM
GP 2020,PRESIDENT,A,1,26360,1,MICHAEL,,BENNET,COLES,DEMOCRATIC,0,2164,DEM
GP 2020,PRESIDENT,A,1,26360,1,MICHAEL,,BENNET,TAZEWELL,DEMOCRATIC,8,2165,DEM
GP 2020,PRESIDENT,A,1,26360,1,MICHAEL,,BENNET,CLINTON,DEMOCRATIC,1,2166,DEM
GP 2020,PRESIDENT,A,1,26360,1,MICHAEL,,BENNET,CALHOUN,DEMOCRATIC,1,2167,DEM
GP 2020,PRESIDENT,A,1,26360,1,MICHAEL,,BENNET,OGLE,DEMOCRATIC,3,2168,DEM
GP 2020,PRESIDENT,A,1,26360,1,MICHAEL,,BENNET,ST. CLAIR,DEMOCRATIC,34,2169,DEM
GP 2020,PRESIDENT,A,1,26360,1,MICHAEL,,BENNET,ROCK ISLAND,DEMOCRATIC,12,2170,DEM
GP 2020,PRESIDENT,A,1,26360,1,MICHAEL,,BENNET,MADISON,DEMOCRATIC,16,2171,DEM
GP 2020,PRESIDENT,A,1,26360,1,MICHAEL,,BENNET,GALLATIN,DEMOCRATIC,3,2172,DEM
GP 2020,PRESIDENT,A,1,26360,1,MICHAEL,,BENNET,PUTNAM,DEMOCRATIC,2,2173,DEM
GP 2020,PRESIDENT,A,1,26360,1,MICHAEL,,BENNET,HARDIN,DEMOCRATIC,1,2174,DEM
GP 2020,PRESIDENT,A,1,26360,1,MICHAEL,,BENNET,McHENRY,DEMOCRATIC,9,2175,DEM
GP 2020,PRESIDENT,A,1,26360,1,MICHAEL,,BENNET,DOUGLAS,DEMOCRATIC,1,2176,DEM
GP 2020,PRESIDENT,A,1,26360,1,MICHAEL,,BENNET,SANGAMON,DEMOCRATIC,8,2177,DEM
GP 2020,PRESIDENT,A,1,26360,1,MICHAEL,,BENNET,BUREAU,DEMOCRATIC,3,2178,DEM
GP 2020,PRESIDENT,A,1,26360,1,MICHAEL,,BENNET,SCOTT,DEMOCRATIC,1,2179,DEM
GP 2020,PRESIDENT,A,1,26360,1,MICHAEL,,BENNET,WARREN,DEMOCRATIC,0,2180,DEM
GP 2020,PRESIDENT,A,1,26360,1,MICHAEL,,BENNET,PULASKI,DEMOCRATIC,1,2181,DEM
GP 2020,PRESIDENT,A,1,26360,1,MICHAEL,,BENNET,LIVINGSTON,DEMOCRATIC,1,2182,DEM
GP 2020,PRESIDENT,A,1,26360,1,MICHAEL,,BENNET,WOODFORD,DEMOCRATIC,2,2183,DEM
GP 2020,PRESIDENT,A,1,26360,1,MICHAEL,,BENNET,CRAWFORD,DEMOCRATIC,1,2184,DEM
GP 2020,PRESIDENT,A,1,26360,1,MICHAEL,,BENNET,BOND,DEMOCRATIC,0,2185,DEM
GP 2020,PRESIDENT,A,1,26360,1,MICHAEL,,BENNET,HENDERSON,DEMOCRATIC,0,2186,DEM
GP 2020,PRESIDENT,A,1,26360,1,MICHAEL,,BENNET,CHRISTIAN,DEMOCRATIC,2,2187,DEM
GP 2020,PRESIDENT,A,1,26360,1,MICHAEL,,BENNET,MONTGOMERY,DEMOCRATIC,0,2188,DEM
GP 2020,PRESIDENT,A,1,26360,1,MICHAEL,,BENNET,GRUNDY,DEMOCRATIC,6,2189,DEM
GP 2020,PRESIDENT,A,1,26360,1,MICHAEL,,BENNET,STARK,DEMOCRATIC,0,2190,DEM
GP 2020,PRESIDENT,A,1,26360,1,MICHAEL,,BENNET,EDGAR,DEMOCRATIC,2,2191,DEM
GP 2020,PRESIDENT,A,1,26360,1,MICHAEL,,BENNET,MARSHALL,DEMOCRATIC,2,2192,DEM
GP 2020,PRESIDENT,A,1,26360,1,MICHAEL,,BENNET,KANKAKEE,DEMOCRATIC,7,2193,DEM
GP 2020,PRESIDENT,A,1,26360,1,MICHAEL,,BENNET,MOULTRIE,DEMOCRATIC,2,2194,DEM
GP 2020,PRESIDENT,A,1,26360,1,MICHAEL,,BENNET,FORD,DEMOCRATIC,0,2195,DEM
GP 2020,PRESIDENT,A,1,26360,1,MICHAEL,,BENNET,MENARD,DEMOCRATIC,1,2196,DEM
GP 2020,PRESIDENT,A,1,26360,1,MICHAEL,,BENNET,HENRY,DEMOCRATIC,1,2197,DEM
GP 2020,PRESIDENT,A,1,26360,1,MICHAEL,,BENNET,KANE,DEMOCRATIC,24,2198,DEM
GP 2020,PRESIDENT,A,1,26360,1,MICHAEL,,BENNET,CLARK,DEMOCRATIC,3,2199,DEM
GP 2020,PRESIDENT,A,1,26360,1,MICHAEL,,BENNET,CLAY,DEMOCRATIC,1,2200,DEM
GP 2020,PRESIDENT,A,1,26360,1,MICHAEL,,BENNET,BOONE,DEMOCRATIC,1,2201,DEM
GP 2020,PRESIDENT,A,1,26360,1,MICHAEL,,BENNET,LEE,DEMOCRATIC,2,2202,DEM
GP 2020,PRESIDENT,A,1,26360,1,MICHAEL,,BENNET,EDWARDS,DEMOCRATIC,0,2203,DEM
GP 2020,PRESIDENT,A,1,26360,1,MICHAEL,,BENNET,FULTON,DEMOCRATIC,2,2204,DEM
GP 2020,PRESIDENT,A,1,26360,1,MICHAEL,,BENNET,HAMILTON,DEMOCRATIC,1,2205,DEM
GP 2020,PRESIDENT,A,1,26360,1,MICHAEL,,BENNET,LOGAN,DEMOCRATIC,2,2206,DEM
GP 2020,PRESIDENT,A,1,26360,1,MICHAEL,,BENNET,STEPHENSON,DEMOCRATIC,3,2207,DEM
GP 2020,PRESIDENT,A,1,26360,1,MICHAEL,,BENNET,JOHNSON,DEMOCRATIC,1,2208,DEM
GP 2020,PRESIDENT,A,1,26360,1,MICHAEL,,BENNET,ADAMS,DEMOCRATIC,6,2209,DEM
GP 2020,PRESIDENT,A,1,26360,1,MICHAEL,,BENNET,JEFFERSON,DEMOCRATIC,3,2210,DEM
GP 2020,PRESIDENT,A,1,26360,1,MICHAEL,,BENNET,MACOUPIN,DEMOCRATIC,13,2211,DEM
GP 2020,PRESIDENT,A,1,26360,1,MICHAEL,,BENNET,IROQUOIS,DEMOCRATIC,1,2212,DEM
GP 2020,PRESIDENT,A,1,26360,1,MICHAEL,,BENNET,LAWRENCE,DEMOCRATIC,2,2213,DEM
GP 2020,PRESIDENT,A,1,26360,1,MICHAEL,,BENNET,SHELBY,DEMOCRATIC,6,2214,DEM
GP 2020,PRESIDENT,A,1,26360,1,MICHAEL,,BENNET,JERSEY,DEMOCRATIC,1,2215,DEM
GP 2020,PRESIDENT,A,1,26360,1,MICHAEL,,BENNET,MACON,DEMOCRATIC,9,2216,DEM
GP 2020,PRESIDENT,A,1,26360,1,MICHAEL,,BENNET,WILLIAMSON,DEMOCRATIC,3,2217,DEM
GP 2020,PRESIDENT,A,1,26360,1,MICHAEL,,BENNET,RANDOLPH,DEMOCRATIC,4,2218,DEM
GP 2020,PRESIDENT,A,1,26360,1,MICHAEL,,BENNET,JASPER,DEMOCRATIC,0,2219,DEM
GP 2020,PRESIDENT,A,1,26360,1,MICHAEL,,BENNET,MASON,DEMOCRATIC,3,2220,DEM
GP 2020,PRESIDENT,A,1,26360,1,MICHAEL,,BENNET,PIATT,DEMOCRATIC,0,2221,DEM
GP 2020,PRESIDENT,A,1,26360,1,MICHAEL,,BENNET,CASS,DEMOCRATIC,2,2222,DEM
GP 2020,PRESIDENT,A,1,26360,1,MICHAEL,,BENNET,DeWITT,DEMOCRATIC,1,2223,DEM
GP 2020,PRESIDENT,A,1,26360,1,MICHAEL,,BENNET,MASSAC,DEMOCRATIC,1,2224,DEM
GP 2020,PRESIDENT,A,1,26360,1,MICHAEL,,BENNET,PERRY,DEMOCRATIC,2,2225,DEM
GP 2020,PRESIDENT,A,1,26360,1,MICHAEL,,BENNET,WASHINGTON,DEMOCRATIC,1,2226,DEM
GP 2020,PRESIDENT,A,1,26360,1,MICHAEL,,BENNET,McDONOUGH,DEMOCRATIC,0,2227,DEM
GP 2020,PRESIDENT,A,1,26360,1,MICHAEL,,BENNET,SALINE,DEMOCRATIC,2,2228,DEM
GP 2020,PRESIDENT,A,1,26360,1,MICHAEL,,BENNET,RICHLAND,DEMOCRATIC,0,2229,DEM
GP 2020,PRESIDENT,A,1,26563,1,JOHN K.,,DELANEY,KANE,DEMOCRATIC,11,2230,DEM
GP 2020,PRESIDENT,A,1,26563,1,JOHN K.,,DELANEY,CLARK,DEMOCRATIC,2,2231,DEM
GP 2020,PRESIDENT,A,1,26563,1,JOHN K.,,DELANEY,FULTON,DEMOCRATIC,3,2232,DEM
GP 2020,PRESIDENT,A,1,26563,1,JOHN K.,,DELANEY,HAMILTON,DEMOCRATIC,3,2233,DEM
GP 2020,PRESIDENT,A,1,26563,1,JOHN K.,,DELANEY,MOULTRIE,DEMOCRATIC,0,2234,DEM
GP 2020,PRESIDENT,A,1,26563,1,JOHN K.,,DELANEY,FORD,DEMOCRATIC,0,2235,DEM
GP 2020,PRESIDENT,A,1,26563,1,JOHN K.,,DELANEY,MENARD,DEMOCRATIC,0,2236,DEM
GP 2020,PRESIDENT,A,1,26563,1,JOHN K.,,DELANEY,HENRY,DEMOCRATIC,1,2237,DEM
GP 2020,PRESIDENT,A,1,26563,1,JOHN K.,,DELANEY,JEFFERSON,DEMOCRATIC,3,2238,DEM
GP 2020,PRESIDENT,A,1,26563,1,JOHN K.,,DELANEY,MACOUPIN,DEMOCRATIC,10,2239,DEM
GP 2020,PRESIDENT,A,1,26563,1,JOHN K.,,DELANEY,CLAY,DEMOCRATIC,1,2240,DEM
GP 2020,PRESIDENT,A,1,26563,1,JOHN K.,,DELANEY,BOONE,DEMOCRATIC,0,2241,DEM
GP 2020,PRESIDENT,A,1,26563,1,JOHN K.,,DELANEY,LEE,DEMOCRATIC,0,2242,DEM
GP 2020,PRESIDENT,A,1,26563,1,JOHN K.,,DELANEY,EDWARDS,DEMOCRATIC,0,2243,DEM
GP 2020,PRESIDENT,A,1,26563,1,JOHN K.,,DELANEY,MACON,DEMOCRATIC,4,2244,DEM
GP 2020,PRESIDENT,A,1,26563,1,JOHN K.,,DELANEY,WILLIAMSON,DEMOCRATIC,1,2245,DEM
GP 2020,PRESIDENT,A,1,26563,1,JOHN K.,,DELANEY,LOGAN,DEMOCRATIC,0,2246,DEM
GP 2020,PRESIDENT,A,1,26563,1,JOHN K.,,DELANEY,STEPHENSON,DEMOCRATIC,2,2247,DEM
GP 2020,PRESIDENT,A,1,26563,1,JOHN K.,,DELANEY,JOHNSON,DEMOCRATIC,0,2248,DEM
GP 2020,PRESIDENT,A,1,26563,1,JOHN K.,,DELANEY,ADAMS,DEMOCRATIC,3,2249,DEM
GP 2020,PRESIDENT,A,1,26563,1,JOHN K.,,DELANEY,CASS,DEMOCRATIC,2,2250,DEM
GP 2020,PRESIDENT,A,1,26563,1,JOHN K.,,DELANEY,DeWITT,DEMOCRATIC,1,2251,DEM
GP 2020,PRESIDENT,A,1,26563,1,JOHN K.,,DELANEY,IROQUOIS,DEMOCRATIC,2,2252,DEM
GP 2020,PRESIDENT,A,1,26563,1,JOHN K.,,DELANEY,LAWRENCE,DEMOCRATIC,1,2253,DEM
GP 2020,PRESIDENT,A,1,26563,1,JOHN K.,,DELANEY,SHELBY,DEMOCRATIC,3,2254,DEM
GP 2020,PRESIDENT,A,1,26563,1,JOHN K.,,DELANEY,JERSEY,DEMOCRATIC,2,2255,DEM
GP 2020,PRESIDENT,A,1,26563,1,JOHN K.,,DELANEY,SALINE,DEMOCRATIC,2,2256,DEM
GP 2020,PRESIDENT,A,1,26563,1,JOHN K.,,DELANEY,RICHLAND,DEMOCRATIC,0,2257,DEM
GP 2020,PRESIDENT,A,1,26563,1,JOHN K.,,DELANEY,RANDOLPH,DEMOCRATIC,3,2258,DEM
GP 2020,PRESIDENT,A,1,26563,1,JOHN K.,,DELANEY,JASPER,DEMOCRATIC,1,2259,DEM
GP 2020,PRESIDENT,A,1,26563,1,JOHN K.,,DELANEY,MASON,DEMOCRATIC,2,2260,DEM
GP 2020,PRESIDENT,A,1,26563,1,JOHN K.,,DELANEY,PIATT,DEMOCRATIC,2,2261,DEM
GP 2020,PRESIDENT,A,1,26563,1,JOHN K.,,DELANEY,MORGAN,DEMOCRATIC,4,2262,DEM
GP 2020,PRESIDENT,A,1,26563,1,JOHN K.,,DELANEY,POPE,DEMOCRATIC,0,2263,DEM
GP 2020,PRESIDENT,A,1,26563,1,JOHN K.,,DELANEY,MASSAC,DEMOCRATIC,0,2264,DEM
GP 2020,PRESIDENT,A,1,26563,1,JOHN K.,,DELANEY,PERRY,DEMOCRATIC,2,2265,DEM
GP 2020,PRESIDENT,A,1,26563,1,JOHN K.,,DELANEY,WASHINGTON,DEMOCRATIC,2,2266,DEM
GP 2020,PRESIDENT,A,1,26563,1,JOHN K.,,DELANEY,McDONOUGH,DEMOCRATIC,4,2267,DEM
GP 2020,PRESIDENT,A,1,26563,1,JOHN K.,,DELANEY,WAYNE,DEMOCRATIC,1,2268,DEM
GP 2020,PRESIDENT,A,1,26563,1,JOHN K.,,DELANEY,PEORIA,DEMOCRATIC,10,2269,DEM
GP 2020,PRESIDENT,A,1,26563,1,JOHN K.,,DELANEY,FAYETTE,DEMOCRATIC,4,2270,DEM
GP 2020,PRESIDENT,A,1,26563,1,JOHN K.,,DELANEY,WHITESIDE,DEMOCRATIC,2,2271,DEM
GP 2020,PRESIDENT,A,1,26563,1,JOHN K.,,DELANEY,GREENE,DEMOCRATIC,1,2272,DEM
GP 2020,PRESIDENT,A,1,26563,1,JOHN K.,,DELANEY,CARROLL,DEMOCRATIC,1,2273,DEM
GP 2020,PRESIDENT,A,1,26563,1,JOHN K.,,DELANEY,LAKE,DEMOCRATIC,23,2274,DEM
GP 2020,PRESIDENT,A,1,26563,1,JOHN K.,,DELANEY,LaSALLE,DEMOCRATIC,7,2275,DEM
GP 2020,PRESIDENT,A,1,26563,1,JOHN K.,,DELANEY,WHITE,DEMOCRATIC,2,2276,DEM
GP 2020,PRESIDENT,A,1,26563,1,JOHN K.,,DELANEY,JoDAVIESS,DEMOCRATIC,3,2277,DEM
GP 2020,PRESIDENT,A,1,26563,1,JOHN K.,,DELANEY,BROWN,DEMOCRATIC,0,2278,DEM
GP 2020,PRESIDENT,A,1,26563,1,JOHN K.,,DELANEY,PIKE,DEMOCRATIC,1,2279,DEM
GP 2020,PRESIDENT,A,1,26563,1,JOHN K.,,DELANEY,JACKSON,DEMOCRATIC,13,2280,DEM
GP 2020,PRESIDENT,A,1,26563,1,JOHN K.,,DELANEY,HANCOCK,DEMOCRATIC,0,2281,DEM
GP 2020,PRESIDENT,A,1,26563,1,JOHN K.,,DELANEY,COOK,DEMOCRATIC,760,2282,DEM
GP 2020,PRESIDENT,A,1,26563,1,JOHN K.,,DELANEY,UNION,DEMOCRATIC,4,2283,DEM
GP 2020,PRESIDENT,A,1,26563,1,JOHN K.,,DELANEY,CHAMPAIGN,DEMOCRATIC,3,2284,DEM
GP 2020,PRESIDENT,A,1,26563,1,JOHN K.,,DELANEY,SCHUYLER,DEMOCRATIC,2,2285,DEM
GP 2020,PRESIDENT,A,1,26563,1,JOHN K.,,DELANEY,KENDALL,DEMOCRATIC,3,2286,DEM
GP 2020,PRESIDENT,A,1,26563,1,JOHN K.,,DELANEY,EFFINGHAM,DEMOCRATIC,0,2287,DEM
GP 2020,PRESIDENT,A,1,26563,1,JOHN K.,,DELANEY,MERCER,DEMOCRATIC,0,2288,DEM
GP 2020,PRESIDENT,A,1,26563,1,JOHN K.,,DELANEY,ALEXANDER,DEMOCRATIC,0,2289,DEM
GP 2020,PRESIDENT,A,1,26563,1,JOHN K.,,DELANEY,MARION,DEMOCRATIC,6,2290,DEM
GP 2020,PRESIDENT,A,1,26563,1,JOHN K.,,DELANEY,DuPAGE,DEMOCRATIC,43,2291,DEM
GP 2020,PRESIDENT,A,1,26563,1,JOHN K.,,DELANEY,FRANKLIN,DEMOCRATIC,4,2292,DEM
GP 2020,PRESIDENT,A,1,26563,1,JOHN K.,,DELANEY,WABASH,DEMOCRATIC,0,2293,DEM
GP 2020,PRESIDENT,A,1,26563,1,JOHN K.,,DELANEY,KNOX,DEMOCRATIC,1,2294,DEM
GP 2020,PRESIDENT,A,1,26563,1,JOHN K.,,DELANEY,WILL,DEMOCRATIC,53,2295,DEM
GP 2020,PRESIDENT,A,1,26563,1,JOHN K.,,DELANEY,DeKALB,DEMOCRATIC,4,2296,DEM
GP 2020,PRESIDENT,A,1,26563,1,JOHN K.,,DELANEY,WINNEBAGO,DEMOCRATIC,11,2297,DEM
GP 2020,PRESIDENT,A,1,26563,1,JOHN K.,,DELANEY,OGLE,DEMOCRATIC,3,2298,DEM
GP 2020,PRESIDENT,A,1,26563,1,JOHN K.,,DELANEY,ST. CLAIR,DEMOCRATIC,37,2299,DEM
GP 2020,PRESIDENT,A,1,26563,1,JOHN K.,,DELANEY,CUMBERLAND,DEMOCRATIC,3,2300,DEM
GP 2020,PRESIDENT,A,1,26563,1,JOHN K.,,DELANEY,VERMILION,DEMOCRATIC,2,2301,DEM
GP 2020,PRESIDENT,A,1,26563,1,JOHN K.,,DELANEY,MONROE,DEMOCRATIC,2,2302,DEM
GP 2020,PRESIDENT,A,1,26563,1,JOHN K.,,DELANEY,McLEAN,DEMOCRATIC,8,2303,DEM
GP 2020,PRESIDENT,A,1,26563,1,JOHN K.,,DELANEY,HARDIN,DEMOCRATIC,1,2304,DEM
GP 2020,PRESIDENT,A,1,26563,1,JOHN K.,,DELANEY,McHENRY,DEMOCRATIC,9,2305,DEM
GP 2020,PRESIDENT,A,1,26563,1,JOHN K.,,DELANEY,COLES,DEMOCRATIC,4,2306,DEM
GP 2020,PRESIDENT,A,1,26563,1,JOHN K.,,DELANEY,TAZEWELL,DEMOCRATIC,2,2307,DEM
GP 2020,PRESIDENT,A,1,26563,1,JOHN K.,,DELANEY,CLINTON,DEMOCRATIC,4,2308,DEM
GP 2020,PRESIDENT,A,1,26563,1,JOHN K.,,DELANEY,CALHOUN,DEMOCRATIC,0,2309,DEM
GP 2020,PRESIDENT,A,1,26563,1,JOHN K.,,DELANEY,WARREN,DEMOCRATIC,0,2310,DEM
GP 2020,PRESIDENT,A,1,26563,1,JOHN K.,,DELANEY,PULASKI,DEMOCRATIC,0,2311,DEM
GP 2020,PRESIDENT,A,1,26563,1,JOHN K.,,DELANEY,ROCK ISLAND,DEMOCRATIC,3,2312,DEM
GP 2020,PRESIDENT,A,1,26563,1,JOHN K.,,DELANEY,MADISON,DEMOCRATIC,32,2313,DEM
GP 2020,PRESIDENT,A,1,26563,1,JOHN K.,,DELANEY,GALLATIN,DEMOCRATIC,2,2314,DEM
GP 2020,PRESIDENT,A,1,26563,1,JOHN K.,,DELANEY,PUTNAM,DEMOCRATIC,1,2315,DEM
GP 2020,PRESIDENT,A,1,26563,1,JOHN K.,,DELANEY,HENDERSON,DEMOCRATIC,1,2316,DEM
GP 2020,PRESIDENT,A,1,26563,1,JOHN K.,,DELANEY,CHRISTIAN,DEMOCRATIC,7,2317,DEM
GP 2020,PRESIDENT,A,1,26563,1,JOHN K.,,DELANEY,DOUGLAS,DEMOCRATIC,2,2318,DEM
GP 2020,PRESIDENT,A,1,26563,1,JOHN K.,,DELANEY,SANGAMON,DEMOCRATIC,6,2319,DEM
GP 2020,PRESIDENT,A,1,26563,1,JOHN K.,,DELANEY,BUREAU,DEMOCRATIC,1,2320,DEM
GP 2020,PRESIDENT,A,1,26563,1,JOHN K.,,DELANEY,SCOTT,DEMOCRATIC,0,2321,DEM
GP 2020,PRESIDENT,A,1,26563,1,JOHN K.,,DELANEY,MARSHALL,DEMOCRATIC,0,2322,DEM
GP 2020,PRESIDENT,A,1,26563,1,JOHN K.,,DELANEY,KANKAKEE,DEMOCRATIC,9,2323,DEM
GP 2020,PRESIDENT,A,1,26563,1,JOHN K.,,DELANEY,LIVINGSTON,DEMOCRATIC,1,2324,DEM
GP 2020,PRESIDENT,A,1,26563,1,JOHN K.,,DELANEY,WOODFORD,DEMOCRATIC,1,2325,DEM
GP 2020,PRESIDENT,A,1,26563,1,JOHN K.,,DELANEY,CRAWFORD,DEMOCRATIC,0,2326,DEM
GP 2020,PRESIDENT,A,1,26563,1,JOHN K.,,DELANEY,BOND,DEMOCRATIC,1,2327,DEM
GP 2020,PRESIDENT,A,1,26563,1,JOHN K.,,DELANEY,MONTGOMERY,DEMOCRATIC,2,2328,DEM
GP 2020,PRESIDENT,A,1,26563,1,JOHN K.,,DELANEY,GRUNDY,DEMOCRATIC,2,2329,DEM
GP 2020,PRESIDENT,A,1,26563,1,JOHN K.,,DELANEY,STARK,DEMOCRATIC,0,2330,DEM
GP 2020,PRESIDENT,A,1,26563,1,JOHN K.,,DELANEY,EDGAR,DEMOCRATIC,0,2331,DEM
GP 2020,PRESIDENT,A,1,26565,1,TULSI,,GABBARD,JERSEY,DEMOCRATIC,12,2332,DEM
GP 2020,PRESIDENT,A,1,26565,1,TULSI,,GABBARD,MACON,DEMOCRATIC,33,2333,DEM
GP 2020,PRESIDENT,A,1,26565,1,TULSI,,GABBARD,WILLIAMSON,DEMOCRATIC,34,2334,DEM
GP 2020,PRESIDENT,A,1,26565,1,TULSI,,GABBARD,LOGAN,DEMOCRATIC,9,2335,DEM
GP 2020,PRESIDENT,A,1,26565,1,TULSI,,GABBARD,STEPHENSON,DEMOCRATIC,13,2336,DEM
GP 2020,PRESIDENT,A,1,26565,1,TULSI,,GABBARD,JOHNSON,DEMOCRATIC,1,2337,DEM
GP 2020,PRESIDENT,A,1,26565,1,TULSI,,GABBARD,JoDAVIESS,DEMOCRATIC,11,2338,DEM
GP 2020,PRESIDENT,A,1,26565,1,TULSI,,GABBARD,BROWN,DEMOCRATIC,1,2339,DEM
GP 2020,PRESIDENT,A,1,26565,1,TULSI,,GABBARD,PIKE,DEMOCRATIC,11,2340,DEM
GP 2020,PRESIDENT,A,1,26565,1,TULSI,,GABBARD,WAYNE,DEMOCRATIC,6,2341,DEM
GP 2020,PRESIDENT,A,1,26565,1,TULSI,,GABBARD,PEORIA,DEMOCRATIC,116,2342,DEM
GP 2020,PRESIDENT,A,1,26565,1,TULSI,,GABBARD,FAYETTE,DEMOCRATIC,4,2343,DEM
GP 2020,PRESIDENT,A,1,26565,1,TULSI,,GABBARD,UNION,DEMOCRATIC,8,2344,DEM
GP 2020,PRESIDENT,A,1,26565,1,TULSI,,GABBARD,CHAMPAIGN,DEMOCRATIC,130,2345,DEM
GP 2020,PRESIDENT,A,1,26565,1,TULSI,,GABBARD,SCHUYLER,DEMOCRATIC,3,2346,DEM
GP 2020,PRESIDENT,A,1,26565,1,TULSI,,GABBARD,LAKE,DEMOCRATIC,283,2347,DEM
GP 2020,PRESIDENT,A,1,26565,1,TULSI,,GABBARD,LaSALLE,DEMOCRATIC,90,2348,DEM
GP 2020,PRESIDENT,A,1,26565,1,TULSI,,GABBARD,WHITE,DEMOCRATIC,4,2349,DEM
GP 2020,PRESIDENT,A,1,26565,1,TULSI,,GABBARD,ALEXANDER,DEMOCRATIC,2,2350,DEM
GP 2020,PRESIDENT,A,1,26565,1,TULSI,,GABBARD,MARION,DEMOCRATIC,39,2351,DEM
GP 2020,PRESIDENT,A,1,26565,1,TULSI,,GABBARD,DuPAGE,DEMOCRATIC,425,2352,DEM
GP 2020,PRESIDENT,A,1,26565,1,TULSI,,GABBARD,JACKSON,DEMOCRATIC,49,2353,DEM
GP 2020,PRESIDENT,A,1,26565,1,TULSI,,GABBARD,HANCOCK,DEMOCRATIC,14,2354,DEM
GP 2020,PRESIDENT,A,1,26565,1,TULSI,,GABBARD,COOK,DEMOCRATIC,6113,2355,DEM
GP 2020,PRESIDENT,A,1,26565,1,TULSI,,GABBARD,WILL,DEMOCRATIC,427,2356,DEM
GP 2020,PRESIDENT,A,1,26565,1,TULSI,,GABBARD,DeKALB,DEMOCRATIC,39,2357,DEM
GP 2020,PRESIDENT,A,1,26565,1,TULSI,,GABBARD,WINNEBAGO,DEMOCRATIC,94,2358,DEM
GP 2020,PRESIDENT,A,1,26565,1,TULSI,,GABBARD,KENDALL,DEMOCRATIC,55,2359,DEM
GP 2020,PRESIDENT,A,1,26565,1,TULSI,,GABBARD,EFFINGHAM,DEMOCRATIC,11,2360,DEM
GP 2020,PRESIDENT,A,1,26565,1,TULSI,,GABBARD,MERCER,DEMOCRATIC,7,2361,DEM
GP 2020,PRESIDENT,A,1,26565,1,TULSI,,GABBARD,VERMILION,DEMOCRATIC,20,2362,DEM
GP 2020,PRESIDENT,A,1,26565,1,TULSI,,GABBARD,MONROE,DEMOCRATIC,9,2363,DEM
GP 2020,PRESIDENT,A,1,26565,1,TULSI,,GABBARD,McLEAN,DEMOCRATIC,95,2364,DEM
GP 2020,PRESIDENT,A,1,26565,1,TULSI,,GABBARD,FRANKLIN,DEMOCRATIC,15,2365,DEM
GP 2020,PRESIDENT,A,1,26565,1,TULSI,,GABBARD,WABASH,DEMOCRATIC,0,2366,DEM
GP 2020,PRESIDENT,A,1,26565,1,TULSI,,GABBARD,KNOX,DEMOCRATIC,17,2367,DEM
GP 2020,PRESIDENT,A,1,26565,1,TULSI,,GABBARD,CASS,DEMOCRATIC,5,2368,DEM
GP 2020,PRESIDENT,A,1,26565,1,TULSI,,GABBARD,DeWITT,DEMOCRATIC,8,2369,DEM
GP 2020,PRESIDENT,A,1,26565,1,TULSI,,GABBARD,IROQUOIS,DEMOCRATIC,11,2370,DEM
GP 2020,PRESIDENT,A,1,26565,1,TULSI,,GABBARD,LAWRENCE,DEMOCRATIC,4,2371,DEM
GP 2020,PRESIDENT,A,1,26565,1,TULSI,,GABBARD,SHELBY,DEMOCRATIC,7,2372,DEM
GP 2020,PRESIDENT,A,1,26565,1,TULSI,,GABBARD,CUMBERLAND,DEMOCRATIC,3,2373,DEM
GP 2020,PRESIDENT,A,1,26565,1,TULSI,,GABBARD,SALINE,DEMOCRATIC,5,2374,DEM
GP 2020,PRESIDENT,A,1,26565,1,TULSI,,GABBARD,RICHLAND,DEMOCRATIC,9,2375,DEM
GP 2020,PRESIDENT,A,1,26565,1,TULSI,,GABBARD,RANDOLPH,DEMOCRATIC,14,2376,DEM
GP 2020,PRESIDENT,A,1,26565,1,TULSI,,GABBARD,JASPER,DEMOCRATIC,4,2377,DEM
GP 2020,PRESIDENT,A,1,26565,1,TULSI,,GABBARD,MASON,DEMOCRATIC,14,2378,DEM
GP 2020,PRESIDENT,A,1,26565,1,TULSI,,GABBARD,PIATT,DEMOCRATIC,9,2379,DEM
GP 2020,PRESIDENT,A,1,26565,1,TULSI,,GABBARD,MORGAN,DEMOCRATIC,8,2380,DEM
GP 2020,PRESIDENT,A,1,26565,1,TULSI,,GABBARD,POPE,DEMOCRATIC,3,2381,DEM
GP 2020,PRESIDENT,A,1,26565,1,TULSI,,GABBARD,MASSAC,DEMOCRATIC,2,2382,DEM
GP 2020,PRESIDENT,A,1,26565,1,TULSI,,GABBARD,PERRY,DEMOCRATIC,6,2383,DEM
GP 2020,PRESIDENT,A,1,26565,1,TULSI,,GABBARD,WASHINGTON,DEMOCRATIC,7,2384,DEM
GP 2020,PRESIDENT,A,1,26565,1,TULSI,,GABBARD,McDONOUGH,DEMOCRATIC,10,2385,DEM
GP 2020,PRESIDENT,A,1,26565,1,TULSI,,GABBARD,CALHOUN,DEMOCRATIC,2,2386,DEM
GP 2020,PRESIDENT,A,1,26565,1,TULSI,,GABBARD,OGLE,DEMOCRATIC,11,2387,DEM
GP 2020,PRESIDENT,A,1,26565,1,TULSI,,GABBARD,ST. CLAIR,DEMOCRATIC,140,2388,DEM
GP 2020,PRESIDENT,A,1,26565,1,TULSI,,GABBARD,WHITESIDE,DEMOCRATIC,16,2389,DEM
GP 2020,PRESIDENT,A,1,26565,1,TULSI,,GABBARD,GREENE,DEMOCRATIC,12,2390,DEM
GP 2020,PRESIDENT,A,1,26565,1,TULSI,,GABBARD,CARROLL,DEMOCRATIC,10,2391,DEM
GP 2020,PRESIDENT,A,1,26565,1,TULSI,,GABBARD,PUTNAM,DEMOCRATIC,10,2392,DEM
GP 2020,PRESIDENT,A,1,26565,1,TULSI,,GABBARD,HARDIN,DEMOCRATIC,0,2393,DEM
GP 2020,PRESIDENT,A,1,26565,1,TULSI,,GABBARD,McHENRY,DEMOCRATIC,109,2394,DEM
GP 2020,PRESIDENT,A,1,26565,1,TULSI,,GABBARD,COLES,DEMOCRATIC,18,2395,DEM
GP 2020,PRESIDENT,A,1,26565,1,TULSI,,GABBARD,TAZEWELL,DEMOCRATIC,37,2396,DEM
GP 2020,PRESIDENT,A,1,26565,1,TULSI,,GABBARD,CLINTON,DEMOCRATIC,9,2397,DEM
GP 2020,PRESIDENT,A,1,26565,1,TULSI,,GABBARD,SCOTT,DEMOCRATIC,0,2398,DEM
GP 2020,PRESIDENT,A,1,26565,1,TULSI,,GABBARD,WARREN,DEMOCRATIC,5,2399,DEM
GP 2020,PRESIDENT,A,1,26565,1,TULSI,,GABBARD,PULASKI,DEMOCRATIC,0,2400,DEM
GP 2020,PRESIDENT,A,1,26565,1,TULSI,,GABBARD,ROCK ISLAND,DEMOCRATIC,126,2401,DEM
GP 2020,PRESIDENT,A,1,26565,1,TULSI,,GABBARD,MADISON,DEMOCRATIC,165,2402,DEM
GP 2020,PRESIDENT,A,1,26565,1,TULSI,,GABBARD,GALLATIN,DEMOCRATIC,9,2403,DEM
GP 2020,PRESIDENT,A,1,26565,1,TULSI,,GABBARD,BOND,DEMOCRATIC,10,2404,DEM
GP 2020,PRESIDENT,A,1,26565,1,TULSI,,GABBARD,HENDERSON,DEMOCRATIC,13,2405,DEM
GP 2020,PRESIDENT,A,1,26565,1,TULSI,,GABBARD,CHRISTIAN,DEMOCRATIC,21,2406,DEM
GP 2020,PRESIDENT,A,1,26565,1,TULSI,,GABBARD,DOUGLAS,DEMOCRATIC,5,2407,DEM
GP 2020,PRESIDENT,A,1,26565,1,TULSI,,GABBARD,SANGAMON,DEMOCRATIC,73,2408,DEM
GP 2020,PRESIDENT,A,1,26565,1,TULSI,,GABBARD,BUREAU,DEMOCRATIC,11,2409,DEM
GP 2020,PRESIDENT,A,1,26565,1,TULSI,,GABBARD,EDGAR,DEMOCRATIC,3,2410,DEM
GP 2020,PRESIDENT,A,1,26565,1,TULSI,,GABBARD,MARSHALL,DEMOCRATIC,2,2411,DEM
GP 2020,PRESIDENT,A,1,26565,1,TULSI,,GABBARD,KANKAKEE,DEMOCRATIC,53,2412,DEM
GP 2020,PRESIDENT,A,1,26565,1,TULSI,,GABBARD,LIVINGSTON,DEMOCRATIC,7,2413,DEM
GP 2020,PRESIDENT,A,1,26565,1,TULSI,,GABBARD,WOODFORD,DEMOCRATIC,26,2414,DEM
GP 2020,PRESIDENT,A,1,26565,1,TULSI,,GABBARD,CRAWFORD,DEMOCRATIC,5,2415,DEM
GP 2020,PRESIDENT,A,1,26565,1,TULSI,,GABBARD,HENRY,DEMOCRATIC,9,2416,DEM
GP 2020,PRESIDENT,A,1,26565,1,TULSI,,GABBARD,KANE,DEMOCRATIC,189,2417,DEM
GP 2020,PRESIDENT,A,1,26565,1,TULSI,,GABBARD,CLARK,DEMOCRATIC,6,2418,DEM
GP 2020,PRESIDENT,A,1,26565,1,TULSI,,GABBARD,MONTGOMERY,DEMOCRATIC,6,2419,DEM
GP 2020,PRESIDENT,A,1,26565,1,TULSI,,GABBARD,GRUNDY,DEMOCRATIC,21,2420,DEM
GP 2020,PRESIDENT,A,1,26565,1,TULSI,,GABBARD,STARK,DEMOCRATIC,1,2421,DEM
GP 2020,PRESIDENT,A,1,26565,1,TULSI,,GABBARD,EDWARDS,DEMOCRATIC,2,2422,DEM
GP 2020,PRESIDENT,A,1,26565,1,TULSI,,GABBARD,FULTON,DEMOCRATIC,29,2423,DEM
GP 2020,PRESIDENT,A,1,26565,1,TULSI,,GABBARD,HAMILTON,DEMOCRATIC,16,2424,DEM
GP 2020,PRESIDENT,A,1,26565,1,TULSI,,GABBARD,MOULTRIE,DEMOCRATIC,3,2425,DEM
GP 2020,PRESIDENT,A,1,26565,1,TULSI,,GABBARD,FORD,DEMOCRATIC,3,2426,DEM
GP 2020,PRESIDENT,A,1,26565,1,TULSI,,GABBARD,MENARD,DEMOCRATIC,4,2427,DEM
GP 2020,PRESIDENT,A,1,26565,1,TULSI,,GABBARD,ADAMS,DEMOCRATIC,22,2428,DEM
GP 2020,PRESIDENT,A,1,26565,1,TULSI,,GABBARD,JEFFERSON,DEMOCRATIC,17,2429,DEM
GP 2020,PRESIDENT,A,1,26565,1,TULSI,,GABBARD,MACOUPIN,DEMOCRATIC,36,2430,DEM
GP 2020,PRESIDENT,A,1,26565,1,TULSI,,GABBARD,CLAY,DEMOCRATIC,2,2431,DEM
GP 2020,PRESIDENT,A,1,26565,1,TULSI,,GABBARD,BOONE,DEMOCRATIC,24,2432,DEM
GP 2020,PRESIDENT,A,1,26565,1,TULSI,,GABBARD,LEE,DEMOCRATIC,15,2433,DEM
GP 2020,PRESIDENT,A,1,26566,1,CORY,,BOOKER,ROCK ISLAND,DEMOCRATIC,21,2434,DEM
GP 2020,PRESIDENT,A,1,26566,1,CORY,,BOOKER,MADISON,DEMOCRATIC,54,2435,DEM
GP 2020,PRESIDENT,A,1,26566,1,CORY,,BOOKER,GALLATIN,DEMOCRATIC,10,2436,DEM
GP 2020,PRESIDENT,A,1,26566,1,CORY,,BOOKER,PUTNAM,DEMOCRATIC,2,2437,DEM
GP 2020,PRESIDENT,A,1,26566,1,CORY,,BOOKER,HARDIN,DEMOCRATIC,4,2438,DEM
GP 2020,PRESIDENT,A,1,26566,1,CORY,,BOOKER,McHENRY,DEMOCRATIC,12,2439,DEM
GP 2020,PRESIDENT,A,1,26566,1,CORY,,BOOKER,DOUGLAS,DEMOCRATIC,1,2440,DEM
GP 2020,PRESIDENT,A,1,26566,1,CORY,,BOOKER,SANGAMON,DEMOCRATIC,17,2441,DEM
GP 2020,PRESIDENT,A,1,26566,1,CORY,,BOOKER,BUREAU,DEMOCRATIC,4,2442,DEM
GP 2020,PRESIDENT,A,1,26566,1,CORY,,BOOKER,SCOTT,DEMOCRATIC,0,2443,DEM
GP 2020,PRESIDENT,A,1,26566,1,CORY,,BOOKER,WARREN,DEMOCRATIC,2,2444,DEM
GP 2020,PRESIDENT,A,1,26566,1,CORY,,BOOKER,PULASKI,DEMOCRATIC,5,2445,DEM
GP 2020,PRESIDENT,A,1,26566,1,CORY,,BOOKER,LIVINGSTON,DEMOCRATIC,1,2446,DEM
GP 2020,PRESIDENT,A,1,26566,1,CORY,,BOOKER,WOODFORD,DEMOCRATIC,3,2447,DEM
GP 2020,PRESIDENT,A,1,26566,1,CORY,,BOOKER,CRAWFORD,DEMOCRATIC,1,2448,DEM
GP 2020,PRESIDENT,A,1,26566,1,CORY,,BOOKER,BOND,DEMOCRATIC,7,2449,DEM
GP 2020,PRESIDENT,A,1,26566,1,CORY,,BOOKER,HENDERSON,DEMOCRATIC,1,2450,DEM
GP 2020,PRESIDENT,A,1,26566,1,CORY,,BOOKER,CHRISTIAN,DEMOCRATIC,7,2451,DEM
GP 2020,PRESIDENT,A,1,26566,1,CORY,,BOOKER,MONTGOMERY,DEMOCRATIC,6,2452,DEM
GP 2020,PRESIDENT,A,1,26566,1,CORY,,BOOKER,GRUNDY,DEMOCRATIC,9,2453,DEM
GP 2020,PRESIDENT,A,1,26566,1,CORY,,BOOKER,STARK,DEMOCRATIC,1,2454,DEM
GP 2020,PRESIDENT,A,1,26566,1,CORY,,BOOKER,EDGAR,DEMOCRATIC,3,2455,DEM
GP 2020,PRESIDENT,A,1,26566,1,CORY,,BOOKER,MARSHALL,DEMOCRATIC,2,2456,DEM
GP 2020,PRESIDENT,A,1,26566,1,CORY,,BOOKER,KANKAKEE,DEMOCRATIC,23,2457,DEM
GP 2020,PRESIDENT,A,1,26566,1,CORY,,BOOKER,MOULTRIE,DEMOCRATIC,4,2458,DEM
GP 2020,PRESIDENT,A,1,26566,1,CORY,,BOOKER,FORD,DEMOCRATIC,2,2459,DEM
GP 2020,PRESIDENT,A,1,26566,1,CORY,,BOOKER,MENARD,DEMOCRATIC,1,2460,DEM
GP 2020,PRESIDENT,A,1,26566,1,CORY,,BOOKER,HENRY,DEMOCRATIC,1,2461,DEM
GP 2020,PRESIDENT,A,1,26566,1,CORY,,BOOKER,KANE,DEMOCRATIC,64,2462,DEM
GP 2020,PRESIDENT,A,1,26566,1,CORY,,BOOKER,CLARK,DEMOCRATIC,5,2463,DEM
GP 2020,PRESIDENT,A,1,26566,1,CORY,,BOOKER,CLAY,DEMOCRATIC,3,2464,DEM
GP 2020,PRESIDENT,A,1,26566,1,CORY,,BOOKER,BOONE,DEMOCRATIC,1,2465,DEM
GP 2020,PRESIDENT,A,1,26566,1,CORY,,BOOKER,LEE,DEMOCRATIC,2,2466,DEM
GP 2020,PRESIDENT,A,1,26566,1,CORY,,BOOKER,EDWARDS,DEMOCRATIC,0,2467,DEM
GP 2020,PRESIDENT,A,1,26566,1,CORY,,BOOKER,FULTON,DEMOCRATIC,6,2468,DEM
GP 2020,PRESIDENT,A,1,26566,1,CORY,,BOOKER,HAMILTON,DEMOCRATIC,5,2469,DEM
GP 2020,PRESIDENT,A,1,26566,1,CORY,,BOOKER,LOGAN,DEMOCRATIC,1,2470,DEM
GP 2020,PRESIDENT,A,1,26566,1,CORY,,BOOKER,STEPHENSON,DEMOCRATIC,4,2471,DEM
GP 2020,PRESIDENT,A,1,26566,1,CORY,,BOOKER,JOHNSON,DEMOCRATIC,0,2472,DEM
GP 2020,PRESIDENT,A,1,26566,1,CORY,,BOOKER,ADAMS,DEMOCRATIC,13,2473,DEM
GP 2020,PRESIDENT,A,1,26566,1,CORY,,BOOKER,JEFFERSON,DEMOCRATIC,9,2474,DEM
GP 2020,PRESIDENT,A,1,26566,1,CORY,,BOOKER,MACOUPIN,DEMOCRATIC,16,2475,DEM
GP 2020,PRESIDENT,A,1,26566,1,CORY,,BOOKER,IROQUOIS,DEMOCRATIC,2,2476,DEM
GP 2020,PRESIDENT,A,1,26566,1,CORY,,BOOKER,LAWRENCE,DEMOCRATIC,1,2477,DEM
GP 2020,PRESIDENT,A,1,26566,1,CORY,,BOOKER,SHELBY,DEMOCRATIC,15,2478,DEM
GP 2020,PRESIDENT,A,1,26566,1,CORY,,BOOKER,JERSEY,DEMOCRATIC,1,2479,DEM
GP 2020,PRESIDENT,A,1,26566,1,CORY,,BOOKER,MACON,DEMOCRATIC,13,2480,DEM
GP 2020,PRESIDENT,A,1,26566,1,CORY,,BOOKER,WILLIAMSON,DEMOCRATIC,4,2481,DEM
GP 2020,PRESIDENT,A,1,26566,1,CORY,,BOOKER,RANDOLPH,DEMOCRATIC,6,2482,DEM
GP 2020,PRESIDENT,A,1,26566,1,CORY,,BOOKER,JASPER,DEMOCRATIC,4,2483,DEM
GP 2020,PRESIDENT,A,1,26566,1,CORY,,BOOKER,MASON,DEMOCRATIC,6,2484,DEM
GP 2020,PRESIDENT,A,1,26566,1,CORY,,BOOKER,PIATT,DEMOCRATIC,5,2485,DEM
GP 2020,PRESIDENT,A,1,26566,1,CORY,,BOOKER,CASS,DEMOCRATIC,1,2486,DEM
GP 2020,PRESIDENT,A,1,26566,1,CORY,,BOOKER,DeWITT,DEMOCRATIC,2,2487,DEM
GP 2020,PRESIDENT,A,1,26566,1,CORY,,BOOKER,MASSAC,DEMOCRATIC,1,2488,DEM
GP 2020,PRESIDENT,A,1,26566,1,CORY,,BOOKER,PERRY,DEMOCRATIC,9,2489,DEM
GP 2020,PRESIDENT,A,1,26566,1,CORY,,BOOKER,WASHINGTON,DEMOCRATIC,2,2490,DEM
GP 2020,PRESIDENT,A,1,26566,1,CORY,,BOOKER,McDONOUGH,DEMOCRATIC,6,2491,DEM
GP 2020,PRESIDENT,A,1,26566,1,CORY,,BOOKER,SALINE,DEMOCRATIC,5,2492,DEM
GP 2020,PRESIDENT,A,1,26566,1,CORY,,BOOKER,RICHLAND,DEMOCRATIC,3,2493,DEM
GP 2020,PRESIDENT,A,1,26566,1,CORY,,BOOKER,FAYETTE,DEMOCRATIC,4,2494,DEM
GP 2020,PRESIDENT,A,1,26566,1,CORY,,BOOKER,WHITESIDE,DEMOCRATIC,6,2495,DEM
GP 2020,PRESIDENT,A,1,26566,1,CORY,,BOOKER,GREENE,DEMOCRATIC,6,2496,DEM
GP 2020,PRESIDENT,A,1,26566,1,CORY,,BOOKER,CARROLL,DEMOCRATIC,4,2497,DEM
GP 2020,PRESIDENT,A,1,26566,1,CORY,,BOOKER,MORGAN,DEMOCRATIC,1,2498,DEM
GP 2020,PRESIDENT,A,1,26566,1,CORY,,BOOKER,POPE,DEMOCRATIC,1,2499,DEM
GP 2020,PRESIDENT,A,1,26566,1,CORY,,BOOKER,WHITE,DEMOCRATIC,4,2500,DEM
GP 2020,PRESIDENT,A,1,26566,1,CORY,,BOOKER,JoDAVIESS,DEMOCRATIC,3,2501,DEM
GP 2020,PRESIDENT,A,1,26566,1,CORY,,BOOKER,BROWN,DEMOCRATIC,1,2502,DEM
GP 2020,PRESIDENT,A,1,26566,1,CORY,,BOOKER,PIKE,DEMOCRATIC,4,2503,DEM
GP 2020,PRESIDENT,A,1,26566,1,CORY,,BOOKER,WAYNE,DEMOCRATIC,6,2504,DEM
GP 2020,PRESIDENT,A,1,26566,1,CORY,,BOOKER,PEORIA,DEMOCRATIC,56,2505,DEM
GP 2020,PRESIDENT,A,1,26566,1,CORY,,BOOKER,COOK,DEMOCRATIC,1638,2506,DEM
GP 2020,PRESIDENT,A,1,26566,1,CORY,,BOOKER,UNION,DEMOCRATIC,8,2507,DEM
GP 2020,PRESIDENT,A,1,26566,1,CORY,,BOOKER,CHAMPAIGN,DEMOCRATIC,29,2508,DEM
GP 2020,PRESIDENT,A,1,26566,1,CORY,,BOOKER,SCHUYLER,DEMOCRATIC,1,2509,DEM
GP 2020,PRESIDENT,A,1,26566,1,CORY,,BOOKER,LAKE,DEMOCRATIC,57,2510,DEM
GP 2020,PRESIDENT,A,1,26566,1,CORY,,BOOKER,LaSALLE,DEMOCRATIC,24,2511,DEM
GP 2020,PRESIDENT,A,1,26566,1,CORY,,BOOKER,MERCER,DEMOCRATIC,1,2512,DEM
GP 2020,PRESIDENT,A,1,26566,1,CORY,,BOOKER,ALEXANDER,DEMOCRATIC,2,2513,DEM
GP 2020,PRESIDENT,A,1,26566,1,CORY,,BOOKER,MARION,DEMOCRATIC,24,2514,DEM
GP 2020,PRESIDENT,A,1,26566,1,CORY,,BOOKER,DuPAGE,DEMOCRATIC,78,2515,DEM
GP 2020,PRESIDENT,A,1,26566,1,CORY,,BOOKER,JACKSON,DEMOCRATIC,22,2516,DEM
GP 2020,PRESIDENT,A,1,26566,1,CORY,,BOOKER,HANCOCK,DEMOCRATIC,1,2517,DEM
GP 2020,PRESIDENT,A,1,26566,1,CORY,,BOOKER,KNOX,DEMOCRATIC,4,2518,DEM
GP 2020,PRESIDENT,A,1,26566,1,CORY,,BOOKER,WILL,DEMOCRATIC,124,2519,DEM
GP 2020,PRESIDENT,A,1,26566,1,CORY,,BOOKER,DeKALB,DEMOCRATIC,7,2520,DEM
GP 2020,PRESIDENT,A,1,26566,1,CORY,,BOOKER,WINNEBAGO,DEMOCRATIC,28,2521,DEM
GP 2020,PRESIDENT,A,1,26566,1,CORY,,BOOKER,KENDALL,DEMOCRATIC,8,2522,DEM
GP 2020,PRESIDENT,A,1,26566,1,CORY,,BOOKER,EFFINGHAM,DEMOCRATIC,7,2523,DEM
GP 2020,PRESIDENT,A,1,26566,1,CORY,,BOOKER,CUMBERLAND,DEMOCRATIC,1,2524,DEM
GP 2020,PRESIDENT,A,1,26566,1,CORY,,BOOKER,VERMILION,DEMOCRATIC,12,2525,DEM
GP 2020,PRESIDENT,A,1,26566,1,CORY,,BOOKER,MONROE,DEMOCRATIC,3,2526,DEM
GP 2020,PRESIDENT,A,1,26566,1,CORY,,BOOKER,McLEAN,DEMOCRATIC,11,2527,DEM
GP 2020,PRESIDENT,A,1,26566,1,CORY,,BOOKER,FRANKLIN,DEMOCRATIC,8,2528,DEM
GP 2020,PRESIDENT,A,1,26566,1,CORY,,BOOKER,WABASH,DEMOCRATIC,0,2529,DEM
GP 2020,PRESIDENT,A,1,26566,1,CORY,,BOOKER,COLES,DEMOCRATIC,7,2530,DEM
GP 2020,PRESIDENT,A,1,26566,1,CORY,,BOOKER,TAZEWELL,DEMOCRATIC,10,2531,DEM
GP 2020,PRESIDENT,A,1,26566,1,CORY,,BOOKER,CLINTON,DEMOCRATIC,0,2532,DEM
GP 2020,PRESIDENT,A,1,26566,1,CORY,,BOOKER,CALHOUN,DEMOCRATIC,1,2533,DEM
GP 2020,PRESIDENT,A,1,26566,1,CORY,,BOOKER,OGLE,DEMOCRATIC,2,2534,DEM
GP 2020,PRESIDENT,A,1,26566,1,CORY,,BOOKER,ST. CLAIR,DEMOCRATIC,51,2535,DEM
GP 2020,PRESIDENT,A,1,26572,1,"ROQUE ""ROCKY""",,De La FUENTE,WHITESIDE,REPUBLICAN,115,2536,REP
GP 2020,PRESIDENT,A,1,26572,1,"ROQUE ""ROCKY""",,De La FUENTE,GREENE,REPUBLICAN,27,2537,REP
GP 2020,PRESIDENT,A,1,26572,1,"ROQUE ""ROCKY""",,De La FUENTE,CARROLL,REPUBLICAN,64,2538,REP
GP 2020,PRESIDENT,A,1,26572,1,"ROQUE ""ROCKY""",,De La FUENTE,MORGAN,REPUBLICAN,127,2539,REP
GP 2020,PRESIDENT,A,1,26572,1,"ROQUE ""ROCKY""",,De La FUENTE,POPE,REPUBLICAN,2,2540,REP
GP 2020,PRESIDENT,A,1,26572,1,"ROQUE ""ROCKY""",,De La FUENTE,FAYETTE,REPUBLICAN,33,2541,REP
GP 2020,PRESIDENT,A,1,26572,1,"ROQUE ""ROCKY""",,De La FUENTE,WHITE,REPUBLICAN,25,2542,REP
GP 2020,PRESIDENT,A,1,26572,1,"ROQUE ""ROCKY""",,De La FUENTE,JoDAVIESS,REPUBLICAN,111,2543,REP
GP 2020,PRESIDENT,A,1,26572,1,"ROQUE ""ROCKY""",,De La FUENTE,BROWN,REPUBLICAN,42,2544,REP
GP 2020,PRESIDENT,A,1,26572,1,"ROQUE ""ROCKY""",,De La FUENTE,PIKE,REPUBLICAN,63,2545,REP
GP 2020,PRESIDENT,A,1,26572,1,"ROQUE ""ROCKY""",,De La FUENTE,WAYNE,REPUBLICAN,58,2546,REP
GP 2020,PRESIDENT,A,1,26572,1,"ROQUE ""ROCKY""",,De La FUENTE,PEORIA,REPUBLICAN,295,2547,REP
GP 2020,PRESIDENT,A,1,26572,1,"ROQUE ""ROCKY""",,De La FUENTE,COOK,REPUBLICAN,3827,2548,REP
GP 2020,PRESIDENT,A,1,26572,1,"ROQUE ""ROCKY""",,De La FUENTE,UNION,REPUBLICAN,28,2549,REP
GP 2020,PRESIDENT,A,1,26572,1,"ROQUE ""ROCKY""",,De La FUENTE,CHAMPAIGN,REPUBLICAN,347,2550,REP
GP 2020,PRESIDENT,A,1,26572,1,"ROQUE ""ROCKY""",,De La FUENTE,SCHUYLER,REPUBLICAN,17,2551,REP
GP 2020,PRESIDENT,A,1,26572,1,"ROQUE ""ROCKY""",,De La FUENTE,LAKE,REPUBLICAN,1156,2552,REP
GP 2020,PRESIDENT,A,1,26572,1,"ROQUE ""ROCKY""",,De La FUENTE,LaSALLE,REPUBLICAN,159,2553,REP
GP 2020,PRESIDENT,A,1,26572,1,"ROQUE ""ROCKY""",,De La FUENTE,MERCER,REPUBLICAN,60,2554,REP
GP 2020,PRESIDENT,A,1,26572,1,"ROQUE ""ROCKY""",,De La FUENTE,ALEXANDER,REPUBLICAN,1,2555,REP
GP 2020,PRESIDENT,A,1,26572,1,"ROQUE ""ROCKY""",,De La FUENTE,MARION,REPUBLICAN,71,2556,REP
GP 2020,PRESIDENT,A,1,26572,1,"ROQUE ""ROCKY""",,De La FUENTE,DuPAGE,REPUBLICAN,2101,2557,REP
GP 2020,PRESIDENT,A,1,26572,1,"ROQUE ""ROCKY""",,De La FUENTE,JACKSON,REPUBLICAN,87,2558,REP
GP 2020,PRESIDENT,A,1,26572,1,"ROQUE ""ROCKY""",,De La FUENTE,HANCOCK,REPUBLICAN,63,2559,REP
GP 2020,PRESIDENT,A,1,26572,1,"ROQUE ""ROCKY""",,De La FUENTE,KNOX,REPUBLICAN,111,2560,REP
GP 2020,PRESIDENT,A,1,26572,1,"ROQUE ""ROCKY""",,De La FUENTE,WILL,REPUBLICAN,923,2561,REP
GP 2020,PRESIDENT,A,1,26572,1,"ROQUE ""ROCKY""",,De La FUENTE,DeKALB,REPUBLICAN,233,2562,REP
GP 2020,PRESIDENT,A,1,26572,1,"ROQUE ""ROCKY""",,De La FUENTE,WINNEBAGO,REPUBLICAN,869,2563,REP
GP 2020,PRESIDENT,A,1,26572,1,"ROQUE ""ROCKY""",,De La FUENTE,KENDALL,REPUBLICAN,519,2564,REP
GP 2020,PRESIDENT,A,1,26572,1,"ROQUE ""ROCKY""",,De La FUENTE,EFFINGHAM,REPUBLICAN,136,2565,REP
GP 2020,PRESIDENT,A,1,26572,1,"ROQUE ""ROCKY""",,De La FUENTE,CUMBERLAND,REPUBLICAN,44,2566,REP
GP 2020,PRESIDENT,A,1,26572,1,"ROQUE ""ROCKY""",,De La FUENTE,VERMILION,REPUBLICAN,221,2567,REP
GP 2020,PRESIDENT,A,1,26572,1,"ROQUE ""ROCKY""",,De La FUENTE,MONROE,REPUBLICAN,52,2568,REP
GP 2020,PRESIDENT,A,1,26572,1,"ROQUE ""ROCKY""",,De La FUENTE,McLEAN,REPUBLICAN,749,2569,REP
GP 2020,PRESIDENT,A,1,26572,1,"ROQUE ""ROCKY""",,De La FUENTE,FRANKLIN,REPUBLICAN,98,2570,REP
GP 2020,PRESIDENT,A,1,26572,1,"ROQUE ""ROCKY""",,De La FUENTE,WABASH,REPUBLICAN,71,2571,REP
GP 2020,PRESIDENT,A,1,26572,1,"ROQUE ""ROCKY""",,De La FUENTE,COLES,REPUBLICAN,137,2572,REP
GP 2020,PRESIDENT,A,1,26572,1,"ROQUE ""ROCKY""",,De La FUENTE,TAZEWELL,REPUBLICAN,313,2573,REP
GP 2020,PRESIDENT,A,1,26572,1,"ROQUE ""ROCKY""",,De La FUENTE,CLINTON,REPUBLICAN,107,2574,REP
GP 2020,PRESIDENT,A,1,26572,1,"ROQUE ""ROCKY""",,De La FUENTE,CALHOUN,REPUBLICAN,1,2575,REP
GP 2020,PRESIDENT,A,1,26572,1,"ROQUE ""ROCKY""",,De La FUENTE,OGLE,REPUBLICAN,409,2576,REP
GP 2020,PRESIDENT,A,1,26572,1,"ROQUE ""ROCKY""",,De La FUENTE,ST. CLAIR,REPUBLICAN,299,2577,REP
GP 2020,PRESIDENT,A,1,26572,1,"ROQUE ""ROCKY""",,De La FUENTE,ROCK ISLAND,REPUBLICAN,170,2578,REP
GP 2020,PRESIDENT,A,1,26572,1,"ROQUE ""ROCKY""",,De La FUENTE,MADISON,REPUBLICAN,309,2579,REP
GP 2020,PRESIDENT,A,1,26572,1,"ROQUE ""ROCKY""",,De La FUENTE,GALLATIN,REPUBLICAN,8,2580,REP
GP 2020,PRESIDENT,A,1,26572,1,"ROQUE ""ROCKY""",,De La FUENTE,PUTNAM,REPUBLICAN,7,2581,REP
GP 2020,PRESIDENT,A,1,26572,1,"ROQUE ""ROCKY""",,De La FUENTE,HARDIN,REPUBLICAN,7,2582,REP
GP 2020,PRESIDENT,A,1,26572,1,"ROQUE ""ROCKY""",,De La FUENTE,McHENRY,REPUBLICAN,994,2583,REP
GP 2020,PRESIDENT,A,1,26572,1,"ROQUE ""ROCKY""",,De La FUENTE,DOUGLAS,REPUBLICAN,107,2584,REP
GP 2020,PRESIDENT,A,1,26572,1,"ROQUE ""ROCKY""",,De La FUENTE,SANGAMON,REPUBLICAN,489,2585,REP
GP 2020,PRESIDENT,A,1,26572,1,"ROQUE ""ROCKY""",,De La FUENTE,BUREAU,REPUBLICAN,79,2586,REP
GP 2020,PRESIDENT,A,1,26572,1,"ROQUE ""ROCKY""",,De La FUENTE,SCOTT,REPUBLICAN,94,2587,REP
GP 2020,PRESIDENT,A,1,26572,1,"ROQUE ""ROCKY""",,De La FUENTE,WARREN,REPUBLICAN,110,2588,REP
GP 2020,PRESIDENT,A,1,26572,1,"ROQUE ""ROCKY""",,De La FUENTE,PULASKI,REPUBLICAN,44,2589,REP
GP 2020,PRESIDENT,A,1,26572,1,"ROQUE ""ROCKY""",,De La FUENTE,LIVINGSTON,REPUBLICAN,242,2590,REP
GP 2020,PRESIDENT,A,1,26572,1,"ROQUE ""ROCKY""",,De La FUENTE,WOODFORD,REPUBLICAN,121,2591,REP
GP 2020,PRESIDENT,A,1,26572,1,"ROQUE ""ROCKY""",,De La FUENTE,CRAWFORD,REPUBLICAN,91,2592,REP
GP 2020,PRESIDENT,A,1,26572,1,"ROQUE ""ROCKY""",,De La FUENTE,BOND,REPUBLICAN,38,2593,REP
GP 2020,PRESIDENT,A,1,26572,1,"ROQUE ""ROCKY""",,De La FUENTE,HENDERSON,REPUBLICAN,20,2594,REP
GP 2020,PRESIDENT,A,1,26572,1,"ROQUE ""ROCKY""",,De La FUENTE,CHRISTIAN,REPUBLICAN,47,2595,REP
GP 2020,PRESIDENT,A,1,26572,1,"ROQUE ""ROCKY""",,De La FUENTE,MONTGOMERY,REPUBLICAN,54,2596,REP
GP 2020,PRESIDENT,A,1,26572,1,"ROQUE ""ROCKY""",,De La FUENTE,GRUNDY,REPUBLICAN,93,2597,REP
GP 2020,PRESIDENT,A,1,26572,1,"ROQUE ""ROCKY""",,De La FUENTE,STARK,REPUBLICAN,17,2598,REP
GP 2020,PRESIDENT,A,1,26572,1,"ROQUE ""ROCKY""",,De La FUENTE,EDGAR,REPUBLICAN,48,2599,REP
GP 2020,PRESIDENT,A,1,26572,1,"ROQUE ""ROCKY""",,De La FUENTE,MARSHALL,REPUBLICAN,120,2600,REP
GP 2020,PRESIDENT,A,1,26572,1,"ROQUE ""ROCKY""",,De La FUENTE,KANKAKEE,REPUBLICAN,307,2601,REP
GP 2020,PRESIDENT,A,1,26572,1,"ROQUE ""ROCKY""",,De La FUENTE,MOULTRIE,REPUBLICAN,37,2602,REP
GP 2020,PRESIDENT,A,1,26572,1,"ROQUE ""ROCKY""",,De La FUENTE,FORD,REPUBLICAN,113,2603,REP
GP 2020,PRESIDENT,A,1,26572,1,"ROQUE ""ROCKY""",,De La FUENTE,MENARD,REPUBLICAN,41,2604,REP
GP 2020,PRESIDENT,A,1,26572,1,"ROQUE ""ROCKY""",,De La FUENTE,HENRY,REPUBLICAN,100,2605,REP
GP 2020,PRESIDENT,A,1,26572,1,"ROQUE ""ROCKY""",,De La FUENTE,KANE,REPUBLICAN,944,2606,REP
GP 2020,PRESIDENT,A,1,26572,1,"ROQUE ""ROCKY""",,De La FUENTE,CLARK,REPUBLICAN,50,2607,REP
GP 2020,PRESIDENT,A,1,26572,1,"ROQUE ""ROCKY""",,De La FUENTE,CLAY,REPUBLICAN,30,2608,REP
GP 2020,PRESIDENT,A,1,26572,1,"ROQUE ""ROCKY""",,De La FUENTE,BOONE,REPUBLICAN,141,2609,REP
GP 2020,PRESIDENT,A,1,26572,1,"ROQUE ""ROCKY""",,De La FUENTE,LEE,REPUBLICAN,107,2610,REP
GP 2020,PRESIDENT,A,1,26572,1,"ROQUE ""ROCKY""",,De La FUENTE,EDWARDS,REPUBLICAN,29,2611,REP
GP 2020,PRESIDENT,A,1,26572,1,"ROQUE ""ROCKY""",,De La FUENTE,FULTON,REPUBLICAN,68,2612,REP
GP 2020,PRESIDENT,A,1,26572,1,"ROQUE ""ROCKY""",,De La FUENTE,HAMILTON,REPUBLICAN,18,2613,REP
GP 2020,PRESIDENT,A,1,26572,1,"ROQUE ""ROCKY""",,De La FUENTE,LOGAN,REPUBLICAN,286,2614,REP
GP 2020,PRESIDENT,A,1,26572,1,"ROQUE ""ROCKY""",,De La FUENTE,STEPHENSON,REPUBLICAN,145,2615,REP
GP 2020,PRESIDENT,A,1,26572,1,"ROQUE ""ROCKY""",,De La FUENTE,JOHNSON,REPUBLICAN,127,2616,REP
GP 2020,PRESIDENT,A,1,26572,1,"ROQUE ""ROCKY""",,De La FUENTE,ADAMS,REPUBLICAN,298,2617,REP
GP 2020,PRESIDENT,A,1,26572,1,"ROQUE ""ROCKY""",,De La FUENTE,JEFFERSON,REPUBLICAN,130,2618,REP
GP 2020,PRESIDENT,A,1,26572,1,"ROQUE ""ROCKY""",,De La FUENTE,MACOUPIN,REPUBLICAN,57,2619,REP
GP 2020,PRESIDENT,A,1,26572,1,"ROQUE ""ROCKY""",,De La FUENTE,IROQUOIS,REPUBLICAN,106,2620,REP
GP 2020,PRESIDENT,A,1,26572,1,"ROQUE ""ROCKY""",,De La FUENTE,LAWRENCE,REPUBLICAN,46,2621,REP
GP 2020,PRESIDENT,A,1,26572,1,"ROQUE ""ROCKY""",,De La FUENTE,SHELBY,REPUBLICAN,46,2622,REP
GP 2020,PRESIDENT,A,1,26572,1,"ROQUE ""ROCKY""",,De La FUENTE,JERSEY,REPUBLICAN,31,2623,REP
GP 2020,PRESIDENT,A,1,26572,1,"ROQUE ""ROCKY""",,De La FUENTE,MACON,REPUBLICAN,212,2624,REP
GP 2020,PRESIDENT,A,1,26572,1,"ROQUE ""ROCKY""",,De La FUENTE,WILLIAMSON,REPUBLICAN,127,2625,REP
GP 2020,PRESIDENT,A,1,26572,1,"ROQUE ""ROCKY""",,De La FUENTE,RANDOLPH,REPUBLICAN,37,2626,REP
GP 2020,PRESIDENT,A,1,26572,1,"ROQUE ""ROCKY""",,De La FUENTE,JASPER,REPUBLICAN,55,2627,REP
GP 2020,PRESIDENT,A,1,26572,1,"ROQUE ""ROCKY""",,De La FUENTE,MASON,REPUBLICAN,11,2628,REP
GP 2020,PRESIDENT,A,1,26572,1,"ROQUE ""ROCKY""",,De La FUENTE,PIATT,REPUBLICAN,123,2629,REP
GP 2020,PRESIDENT,A,1,26572,1,"ROQUE ""ROCKY""",,De La FUENTE,CASS,REPUBLICAN,18,2630,REP
GP 2020,PRESIDENT,A,1,26572,1,"ROQUE ""ROCKY""",,De La FUENTE,DeWITT,REPUBLICAN,109,2631,REP
GP 2020,PRESIDENT,A,1,26572,1,"ROQUE ""ROCKY""",,De La FUENTE,MASSAC,REPUBLICAN,44,2632,REP
GP 2020,PRESIDENT,A,1,26572,1,"ROQUE ""ROCKY""",,De La FUENTE,PERRY,REPUBLICAN,24,2633,REP
GP 2020,PRESIDENT,A,1,26572,1,"ROQUE ""ROCKY""",,De La FUENTE,WASHINGTON,REPUBLICAN,73,2634,REP
GP 2020,PRESIDENT,A,1,26572,1,"ROQUE ""ROCKY""",,De La FUENTE,McDONOUGH,REPUBLICAN,86,2635,REP
GP 2020,PRESIDENT,A,1,26572,1,"ROQUE ""ROCKY""",,De La FUENTE,SALINE,REPUBLICAN,60,2636,REP
GP 2020,PRESIDENT,A,1,26572,1,"ROQUE ""ROCKY""",,De La FUENTE,RICHLAND,REPUBLICAN,117,2637,REP
GP 2020,PRESIDENT,A,1,26042,1,DONALD J,,TRUMP,WASHINGTON,REPUBLICAN,2242,2638,REP
GP 2020,PRESIDENT,A,1,26042,1,DONALD J,,TRUMP,McDONOUGH,REPUBLICAN,1639,2639,REP
GP 2020,PRESIDENT,A,1,26042,1,DONALD J,,TRUMP,SALINE,REPUBLICAN,2732,2640,REP
GP 2020,PRESIDENT,A,1,26042,1,DONALD J,,TRUMP,RICHLAND,REPUBLICAN,3176,2641,REP
GP 2020,PRESIDENT,A,1,26042,1,DONALD J,,TRUMP,PEORIA,REPUBLICAN,5867,2642,REP
GP 2020,PRESIDENT,A,1,26042,1,DONALD J,,TRUMP,FAYETTE,REPUBLICAN,2712,2643,REP
GP 2020,PRESIDENT,A,1,26042,1,DONALD J,,TRUMP,LaSALLE,REPUBLICAN,5045,2644,REP
GP 2020,PRESIDENT,A,1,26042,1,DONALD J,,TRUMP,WHITE,REPUBLICAN,1913,2645,REP
GP 2020,PRESIDENT,A,1,26042,1,DONALD J,,TRUMP,JoDAVIESS,REPUBLICAN,1960,2646,REP
GP 2020,PRESIDENT,A,1,26042,1,DONALD J,,TRUMP,BROWN,REPUBLICAN,858,2647,REP
GP 2020,PRESIDENT,A,1,26042,1,DONALD J,,TRUMP,PIKE,REPUBLICAN,2056,2648,REP
GP 2020,PRESIDENT,A,1,26042,1,DONALD J,,TRUMP,WAYNE,REPUBLICAN,3588,2649,REP
GP 2020,PRESIDENT,A,1,26042,1,DONALD J,,TRUMP,HANCOCK,REPUBLICAN,2849,2650,REP
GP 2020,PRESIDENT,A,1,26042,1,DONALD J,,TRUMP,COOK,REPUBLICAN,72351,2651,REP
GP 2020,PRESIDENT,A,1,26042,1,DONALD J,,TRUMP,UNION,REPUBLICAN,1896,2652,REP
GP 2020,PRESIDENT,A,1,26042,1,DONALD J,,TRUMP,CHAMPAIGN,REPUBLICAN,7799,2653,REP
GP 2020,PRESIDENT,A,1,26042,1,DONALD J,,TRUMP,SCHUYLER,REPUBLICAN,722,2654,REP
GP 2020,PRESIDENT,A,1,26042,1,DONALD J,,TRUMP,LAKE,REPUBLICAN,21813,2655,REP
GP 2020,PRESIDENT,A,1,26042,1,DONALD J,,TRUMP,EFFINGHAM,REPUBLICAN,6157,2656,REP
GP 2020,PRESIDENT,A,1,26042,1,DONALD J,,TRUMP,MERCER,REPUBLICAN,1207,2657,REP
GP 2020,PRESIDENT,A,1,26042,1,DONALD J,,TRUMP,ALEXANDER,REPUBLICAN,267,2658,REP
GP 2020,PRESIDENT,A,1,26042,1,DONALD J,,TRUMP,MARION,REPUBLICAN,4406,2659,REP
GP 2020,PRESIDENT,A,1,26042,1,DONALD J,,TRUMP,DuPAGE,REPUBLICAN,37946,2660,REP
GP 2020,PRESIDENT,A,1,26042,1,DONALD J,,TRUMP,JACKSON,REPUBLICAN,2603,2661,REP
GP 2020,PRESIDENT,A,1,26042,1,DONALD J,,TRUMP,WABASH,REPUBLICAN,2032,2662,REP
GP 2020,PRESIDENT,A,1,26042,1,DONALD J,,TRUMP,KNOX,REPUBLICAN,2554,2663,REP
GP 2020,PRESIDENT,A,1,26042,1,DONALD J,,TRUMP,WILL,REPUBLICAN,29949,2664,REP
GP 2020,PRESIDENT,A,1,26042,1,DONALD J,,TRUMP,DeKALB,REPUBLICAN,4797,2665,REP
GP 2020,PRESIDENT,A,1,26042,1,DONALD J,,TRUMP,WINNEBAGO,REPUBLICAN,15913,2666,REP
GP 2020,PRESIDENT,A,1,26042,1,DONALD J,,TRUMP,KENDALL,REPUBLICAN,8610,2667,REP
GP 2020,PRESIDENT,A,1,26042,1,DONALD J,,TRUMP,PERRY,REPUBLICAN,1884,2668,REP
GP 2020,PRESIDENT,A,1,26042,1,DONALD J,,TRUMP,CUMBERLAND,REPUBLICAN,1780,2669,REP
GP 2020,PRESIDENT,A,1,26042,1,DONALD J,,TRUMP,VERMILION,REPUBLICAN,7504,2670,REP
GP 2020,PRESIDENT,A,1,26042,1,DONALD J,,TRUMP,MONROE,REPUBLICAN,2624,2671,REP
GP 2020,PRESIDENT,A,1,26042,1,DONALD J,,TRUMP,McLEAN,REPUBLICAN,11766,2672,REP
GP 2020,PRESIDENT,A,1,26042,1,DONALD J,,TRUMP,FRANKLIN,REPUBLICAN,4519,2673,REP
GP 2020,PRESIDENT,A,1,26042,1,DONALD J,,TRUMP,WHITESIDE,REPUBLICAN,2442,2674,REP
GP 2020,PRESIDENT,A,1,26042,1,DONALD J,,TRUMP,GREENE,REPUBLICAN,1314,2675,REP
GP 2020,PRESIDENT,A,1,26042,1,DONALD J,,TRUMP,CARROLL,REPUBLICAN,1093,2676,REP
GP 2020,PRESIDENT,A,1,26042,1,DONALD J,,TRUMP,MORGAN,REPUBLICAN,2366,2677,REP
GP 2020,PRESIDENT,A,1,26042,1,DONALD J,,TRUMP,POPE,REPUBLICAN,600,2678,REP
GP 2020,PRESIDENT,A,1,26042,1,DONALD J,,TRUMP,MASSAC,REPUBLICAN,1687,2679,REP
GP 2020,PRESIDENT,A,1,26042,1,DONALD J,,TRUMP,COLES,REPUBLICAN,4370,2680,REP
GP 2020,PRESIDENT,A,1,26042,1,DONALD J,,TRUMP,TAZEWELL,REPUBLICAN,8209,2681,REP
GP 2020,PRESIDENT,A,1,26042,1,DONALD J,,TRUMP,CLINTON,REPUBLICAN,3477,2682,REP
GP 2020,PRESIDENT,A,1,26042,1,DONALD J,,TRUMP,CALHOUN,REPUBLICAN,301,2683,REP
GP 2020,PRESIDENT,A,1,26042,1,DONALD J,,TRUMP,OGLE,REPUBLICAN,5349,2684,REP
GP 2020,PRESIDENT,A,1,26042,1,DONALD J,,TRUMP,ST. CLAIR,REPUBLICAN,9213,2685,REP
GP 2020,PRESIDENT,A,1,26042,1,DONALD J,,TRUMP,ROCK ISLAND,REPUBLICAN,4779,2686,REP
GP 2020,PRESIDENT,A,1,26042,1,DONALD J,,TRUMP,MADISON,REPUBLICAN,14126,2687,REP
GP 2020,PRESIDENT,A,1,26042,1,DONALD J,,TRUMP,GALLATIN,REPUBLICAN,484,2688,REP
GP 2020,PRESIDENT,A,1,26042,1,DONALD J,,TRUMP,PUTNAM,REPUBLICAN,407,2689,REP
GP 2020,PRESIDENT,A,1,26042,1,DONALD J,,TRUMP,HARDIN,REPUBLICAN,548,2690,REP
GP 2020,PRESIDENT,A,1,26042,1,DONALD J,,TRUMP,McHENRY,REPUBLICAN,20859,2691,REP
GP 2020,PRESIDENT,A,1,26042,1,DONALD J,,TRUMP,DOUGLAS,REPUBLICAN,2523,2692,REP
GP 2020,PRESIDENT,A,1,26042,1,DONALD J,,TRUMP,SANGAMON,REPUBLICAN,9929,2693,REP
GP 2020,PRESIDENT,A,1,26042,1,DONALD J,,TRUMP,BUREAU,REPUBLICAN,1782,2694,REP
GP 2020,PRESIDENT,A,1,26042,1,DONALD J,,TRUMP,SCOTT,REPUBLICAN,1155,2695,REP
GP 2020,PRESIDENT,A,1,26042,1,DONALD J,,TRUMP,WARREN,REPUBLICAN,1462,2696,REP
GP 2020,PRESIDENT,A,1,26042,1,DONALD J,,TRUMP,PULASKI,REPUBLICAN,958,2697,REP
GP 2020,PRESIDENT,A,1,26042,1,DONALD J,,TRUMP,LIVINGSTON,REPUBLICAN,3775,2698,REP
GP 2020,PRESIDENT,A,1,26042,1,DONALD J,,TRUMP,WOODFORD,REPUBLICAN,3279,2699,REP
GP 2020,PRESIDENT,A,1,26042,1,DONALD J,,TRUMP,CRAWFORD,REPUBLICAN,2559,2700,REP
GP 2020,PRESIDENT,A,1,26042,1,DONALD J,,TRUMP,BOND,REPUBLICAN,1327,2701,REP
GP 2020,PRESIDENT,A,1,26042,1,DONALD J,,TRUMP,HENDERSON,REPUBLICAN,632,2702,REP
GP 2020,PRESIDENT,A,1,26042,1,DONALD J,,TRUMP,CHRISTIAN,REPUBLICAN,2677,2703,REP
GP 2020,PRESIDENT,A,1,26042,1,DONALD J,,TRUMP,MONTGOMERY,REPUBLICAN,2353,2704,REP
GP 2020,PRESIDENT,A,1,26042,1,DONALD J,,TRUMP,GRUNDY,REPUBLICAN,2625,2705,REP
GP 2020,PRESIDENT,A,1,26042,1,DONALD J,,TRUMP,STARK,REPUBLICAN,420,2706,REP
GP 2020,PRESIDENT,A,1,26042,1,DONALD J,,TRUMP,EDGAR,REPUBLICAN,2075,2707,REP
GP 2020,PRESIDENT,A,1,26042,1,DONALD J,,TRUMP,MARSHALL,REPUBLICAN,1343,2708,REP
GP 2020,PRESIDENT,A,1,26042,1,DONALD J,,TRUMP,KANKAKEE,REPUBLICAN,7620,2709,REP
GP 2020,PRESIDENT,A,1,26042,1,DONALD J,,TRUMP,MOULTRIE,REPUBLICAN,1514,2710,REP
GP 2020,PRESIDENT,A,1,26042,1,DONALD J,,TRUMP,FORD,REPUBLICAN,1831,2711,REP
GP 2020,PRESIDENT,A,1,26042,1,DONALD J,,TRUMP,MENARD,REPUBLICAN,1089,2712,REP
GP 2020,PRESIDENT,A,1,26042,1,DONALD J,,TRUMP,HENRY,REPUBLICAN,2756,2713,REP
GP 2020,PRESIDENT,A,1,26042,1,DONALD J,,TRUMP,KANE,REPUBLICAN,22135,2714,REP
GP 2020,PRESIDENT,A,1,26042,1,DONALD J,,TRUMP,CLARK,REPUBLICAN,2334,2715,REP
GP 2020,PRESIDENT,A,1,26042,1,DONALD J,,TRUMP,CLAY,REPUBLICAN,2758,2716,REP
GP 2020,PRESIDENT,A,1,26042,1,DONALD J,,TRUMP,BOONE,REPUBLICAN,2937,2717,REP
GP 2020,PRESIDENT,A,1,26042,1,DONALD J,,TRUMP,LEE,REPUBLICAN,1942,2718,REP
GP 2020,PRESIDENT,A,1,26042,1,DONALD J,,TRUMP,EDWARDS,REPUBLICAN,1339,2719,REP
GP 2020,PRESIDENT,A,1,26042,1,DONALD J,,TRUMP,FULTON,REPUBLICAN,1719,2720,REP
GP 2020,PRESIDENT,A,1,26042,1,DONALD J,,TRUMP,HAMILTON,REPUBLICAN,1280,2721,REP
GP 2020,PRESIDENT,A,1,26042,1,DONALD J,,TRUMP,LOGAN,REPUBLICAN,3920,2722,REP
GP 2020,PRESIDENT,A,1,26042,1,DONALD J,,TRUMP,STEPHENSON,REPUBLICAN,2667,2723,REP
GP 2020,PRESIDENT,A,1,26042,1,DONALD J,,TRUMP,JOHNSON,REPUBLICAN,2762,2724,REP
GP 2020,PRESIDENT,A,1,26042,1,DONALD J,,TRUMP,ADAMS,REPUBLICAN,8776,2725,REP
GP 2020,PRESIDENT,A,1,26042,1,DONALD J,,TRUMP,JEFFERSON,REPUBLICAN,4835,2726,REP
GP 2020,PRESIDENT,A,1,26042,1,DONALD J,,TRUMP,MACOUPIN,REPUBLICAN,3136,2727,REP
GP 2020,PRESIDENT,A,1,26042,1,DONALD J,,TRUMP,IROQUOIS,REPUBLICAN,3181,2728,REP
GP 2020,PRESIDENT,A,1,26042,1,DONALD J,,TRUMP,LAWRENCE,REPUBLICAN,1786,2729,REP
GP 2020,PRESIDENT,A,1,26042,1,DONALD J,,TRUMP,SHELBY,REPUBLICAN,3210,2730,REP
GP 2020,PRESIDENT,A,1,26042,1,DONALD J,,TRUMP,JERSEY,REPUBLICAN,1658,2731,REP
GP 2020,PRESIDENT,A,1,26042,1,DONALD J,,TRUMP,MACON,REPUBLICAN,7235,2732,REP
GP 2020,PRESIDENT,A,1,26042,1,DONALD J,,TRUMP,WILLIAMSON,REPUBLICAN,5967,2733,REP
GP 2020,PRESIDENT,A,1,26042,1,DONALD J,,TRUMP,RANDOLPH,REPUBLICAN,2259,2734,REP
GP 2020,PRESIDENT,A,1,26042,1,DONALD J,,TRUMP,JASPER,REPUBLICAN,2130,2735,REP
GP 2020,PRESIDENT,A,1,26042,1,DONALD J,,TRUMP,MASON,REPUBLICAN,1137,2736,REP
GP 2020,PRESIDENT,A,1,26042,1,DONALD J,,TRUMP,PIATT,REPUBLICAN,1886,2737,REP
GP 2020,PRESIDENT,A,1,26042,1,DONALD J,,TRUMP,CASS,REPUBLICAN,707,2738,REP
GP 2020,PRESIDENT,A,1,26042,1,DONALD J,,TRUMP,DeWITT,REPUBLICAN,2216,2739,REP
GP 2020,PRESIDENT,A,1,26643,1,RICHARD,,MAYERS,PIKE,REPUBLICAN,0,2740,REP
GP 2020,PRESIDENT,A,1,26643,1,RICHARD,,MAYERS,DeWITT,REPUBLICAN,0,2741,REP
GP 2020,PRESIDENT,A,1,26643,1,RICHARD,,MAYERS,WAYNE,REPUBLICAN,0,2742,REP
GP 2020,PRESIDENT,A,1,26643,1,RICHARD,,MAYERS,JACKSON,REPUBLICAN,0,2743,REP
GP 2020,PRESIDENT,A,1,26643,1,RICHARD,,MAYERS,PEORIA,REPUBLICAN,0,2744,REP
GP 2020,PRESIDENT,A,1,26643,1,RICHARD,,MAYERS,FAYETTE,REPUBLICAN,0,2745,REP
GP 2020,PRESIDENT,A,1,26643,1,RICHARD,,MAYERS,TAZEWELL,REPUBLICAN,0,2746,REP
GP 2020,PRESIDENT,A,1,26643,1,RICHARD,,MAYERS,WASHINGTON,REPUBLICAN,0,2747,REP
GP 2020,PRESIDENT,A,1,26643,1,RICHARD,,MAYERS,MASSAC,REPUBLICAN,0,2748,REP
GP 2020,PRESIDENT,A,1,26643,1,RICHARD,,MAYERS,MORGAN,REPUBLICAN,0,2749,REP
GP 2020,PRESIDENT,A,1,26643,1,RICHARD,,MAYERS,PERRY,REPUBLICAN,0,2750,REP
GP 2020,PRESIDENT,A,1,26643,1,RICHARD,,MAYERS,EDWARDS,REPUBLICAN,0,2751,REP
GP 2020,PRESIDENT,A,1,26643,1,RICHARD,,MAYERS,BROWN,REPUBLICAN,0,2752,REP
GP 2020,PRESIDENT,A,1,26643,1,RICHARD,,MAYERS,CLAY,REPUBLICAN,0,2753,REP
GP 2020,PRESIDENT,A,1,26643,1,RICHARD,,MAYERS,EDGAR,REPUBLICAN,0,2754,REP
GP 2020,PRESIDENT,A,1,26643,1,RICHARD,,MAYERS,LIVINGSTON,REPUBLICAN,0,2755,REP
GP 2020,PRESIDENT,A,1,26643,1,RICHARD,,MAYERS,GALLATIN,REPUBLICAN,0,2756,REP
GP 2020,PRESIDENT,A,1,26643,1,RICHARD,,MAYERS,ST. CLAIR,REPUBLICAN,0,2757,REP
GP 2020,PRESIDENT,A,1,26643,1,RICHARD,,MAYERS,WINNEBAGO,REPUBLICAN,0,2758,REP
GP 2020,PRESIDENT,A,1,26643,1,RICHARD,,MAYERS,SCHUYLER,REPUBLICAN,0,2759,REP
GP 2020,PRESIDENT,A,1,26643,1,RICHARD,,MAYERS,UNION,REPUBLICAN,0,2760,REP
GP 2020,PRESIDENT,A,1,26643,1,RICHARD,,MAYERS,JoDAVIESS,REPUBLICAN,0,2761,REP
GP 2020,PRESIDENT,A,1,26643,1,RICHARD,,MAYERS,KNOX,REPUBLICAN,0,2762,REP
GP 2020,PRESIDENT,A,1,26643,1,RICHARD,,MAYERS,VERMILION,REPUBLICAN,0,2763,REP
GP 2020,PRESIDENT,A,1,26643,1,RICHARD,,MAYERS,COOK,REPUBLICAN,3,2764,REP
GP 2020,PRESIDENT,A,1,26643,1,RICHARD,,MAYERS,ALEXANDER,REPUBLICAN,0,2765,REP
GP 2020,PRESIDENT,A,1,26643,1,RICHARD,,MAYERS,GRUNDY,REPUBLICAN,0,2766,REP
GP 2020,PRESIDENT,A,1,26643,1,RICHARD,,MAYERS,McLEAN,REPUBLICAN,0,2767,REP
GP 2020,PRESIDENT,A,1,26643,1,RICHARD,,MAYERS,LAKE,REPUBLICAN,0,2768,REP
GP 2020,PRESIDENT,A,1,26643,1,RICHARD,,MAYERS,CHAMPAIGN,REPUBLICAN,0,2769,REP
GP 2020,PRESIDENT,A,1,26643,1,RICHARD,,MAYERS,OGLE,REPUBLICAN,0,2770,REP
GP 2020,PRESIDENT,A,1,26643,1,RICHARD,,MAYERS,CLINTON,REPUBLICAN,0,2771,REP
GP 2020,PRESIDENT,A,1,26643,1,RICHARD,,MAYERS,DeKALB,REPUBLICAN,0,2772,REP
GP 2020,PRESIDENT,A,1,26643,1,RICHARD,,MAYERS,EFFINGHAM,REPUBLICAN,0,2773,REP
GP 2020,PRESIDENT,A,1,26643,1,RICHARD,,MAYERS,KENDALL,REPUBLICAN,0,2774,REP
GP 2020,PRESIDENT,A,1,26643,1,RICHARD,,MAYERS,MONROE,REPUBLICAN,0,2775,REP
GP 2020,PRESIDENT,A,1,26643,1,RICHARD,,MAYERS,MACON,REPUBLICAN,0,2776,REP
GP 2020,PRESIDENT,A,1,26643,1,RICHARD,,MAYERS,MACOUPIN,REPUBLICAN,0,2777,REP
GP 2020,PRESIDENT,A,1,26643,1,RICHARD,,MAYERS,BOONE,REPUBLICAN,0,2778,REP
GP 2020,PRESIDENT,A,1,26643,1,RICHARD,,MAYERS,WILL,REPUBLICAN,2,2779,REP
GP 2020,PRESIDENT,A,1,26643,1,RICHARD,,MAYERS,BOND,REPUBLICAN,0,2780,REP
GP 2020,PRESIDENT,A,1,26643,1,RICHARD,,MAYERS,DuPAGE,REPUBLICAN,4,2781,REP
GP 2020,PRESIDENT,A,1,26643,1,RICHARD,,MAYERS,MARSHALL,REPUBLICAN,0,2782,REP
GP 2020,PRESIDENT,A,1,26643,1,RICHARD,,MAYERS,PIATT,REPUBLICAN,0,2783,REP
GP 2020,PRESIDENT,A,1,26643,1,RICHARD,,MAYERS,SHELBY,REPUBLICAN,0,2784,REP
GP 2020,PRESIDENT,A,1,26643,1,RICHARD,,MAYERS,STARK,REPUBLICAN,0,2785,REP
GP 2020,PRESIDENT,A,1,26643,1,RICHARD,,MAYERS,WOODFORD,REPUBLICAN,0,2786,REP
GP 2020,PRESIDENT,A,1,26643,1,RICHARD,,MAYERS,RANDOLPH,REPUBLICAN,0,2787,REP
GP 2020,PRESIDENT,A,1,26643,1,RICHARD,,MAYERS,SANGAMON,REPUBLICAN,0,2788,REP
GP 2020,PRESIDENT,A,1,26643,1,RICHARD,,MAYERS,HENRY,REPUBLICAN,0,2789,REP
GP 2020,PRESIDENT,A,1,26643,1,RICHARD,,MAYERS,MASON,REPUBLICAN,0,2790,REP
GP 2020,PRESIDENT,A,1,26643,1,RICHARD,,MAYERS,COLES,REPUBLICAN,0,2791,REP
GP 2020,PRESIDENT,A,1,26643,1,RICHARD,,MAYERS,RICHLAND,REPUBLICAN,0,2792,REP
GP 2020,PRESIDENT,A,1,26643,1,RICHARD,,MAYERS,HENDERSON,REPUBLICAN,0,2793,REP
GP 2020,PRESIDENT,A,1,26643,1,RICHARD,,MAYERS,McHENRY,REPUBLICAN,2,2794,REP
GP 2020,PRESIDENT,A,1,26643,1,RICHARD,,MAYERS,KANKAKEE,REPUBLICAN,0,2795,REP
GP 2020,PRESIDENT,A,1,26643,1,RICHARD,,MAYERS,LOGAN,REPUBLICAN,0,2796,REP
GP 2020,PRESIDENT,A,1,26643,1,RICHARD,,MAYERS,BUREAU,REPUBLICAN,0,2797,REP
GP 2020,PRESIDENT,A,1,26643,1,RICHARD,,MAYERS,ADAMS,REPUBLICAN,0,2798,REP
GP 2020,PRESIDENT,A,1,26643,1,RICHARD,,MAYERS,HAMILTON,REPUBLICAN,0,2799,REP
GP 2020,PRESIDENT,A,1,26027,1,JOSEPH R.,,BIDEN,WHITESIDE,DEMOCRATIC,3022,2800,DEM
GP 2020,PRESIDENT,A,1,26027,1,JOSEPH R.,,BIDEN,GREENE,DEMOCRATIC,538,2801,DEM
GP 2020,PRESIDENT,A,1,26027,1,JOSEPH R.,,BIDEN,CARROLL,DEMOCRATIC,690,2802,DEM
GP 2020,PRESIDENT,A,1,26027,1,JOSEPH R.,,BIDEN,WAYNE,DEMOCRATIC,332,2803,DEM
GP 2020,PRESIDENT,A,1,26027,1,JOSEPH R.,,BIDEN,PEORIA,DEMOCRATIC,11629,2804,DEM
GP 2020,PRESIDENT,A,1,26027,1,JOSEPH R.,,BIDEN,FAYETTE,DEMOCRATIC,557,2805,DEM
GP 2020,PRESIDENT,A,1,26027,1,JOSEPH R.,,BIDEN,LAKE,DEMOCRATIC,55481,2806,DEM
GP 2020,PRESIDENT,A,1,26027,1,JOSEPH R.,,BIDEN,LaSALLE,DEMOCRATIC,6256,2807,DEM
GP 2020,PRESIDENT,A,1,26027,1,JOSEPH R.,,BIDEN,WHITE,DEMOCRATIC,519,2808,DEM
GP 2020,PRESIDENT,A,1,26027,1,JOSEPH R.,,BIDEN,JoDAVIESS,DEMOCRATIC,1761,2809,DEM
GP 2020,PRESIDENT,A,1,26027,1,JOSEPH R.,,BIDEN,BROWN,DEMOCRATIC,153,2810,DEM
GP 2020,PRESIDENT,A,1,26027,1,JOSEPH R.,,BIDEN,PIKE,DEMOCRATIC,469,2811,DEM
GP 2020,PRESIDENT,A,1,26027,1,JOSEPH R.,,BIDEN,JACKSON,DEMOCRATIC,3267,2812,DEM
GP 2020,PRESIDENT,A,1,26027,1,JOSEPH R.,,BIDEN,HANCOCK,DEMOCRATIC,928,2813,DEM
GP 2020,PRESIDENT,A,1,26027,1,JOSEPH R.,,BIDEN,COOK,DEMOCRATIC,537512,2814,DEM
GP 2020,PRESIDENT,A,1,26027,1,JOSEPH R.,,BIDEN,UNION,DEMOCRATIC,864,2815,DEM
GP 2020,PRESIDENT,A,1,26027,1,JOSEPH R.,,BIDEN,CHAMPAIGN,DEMOCRATIC,11823,2816,DEM
GP 2020,PRESIDENT,A,1,26027,1,JOSEPH R.,,BIDEN,SCHUYLER,DEMOCRATIC,329,2817,DEM
GP 2020,PRESIDENT,A,1,26027,1,JOSEPH R.,,BIDEN,KENDALL,DEMOCRATIC,8235,2818,DEM
GP 2020,PRESIDENT,A,1,26027,1,JOSEPH R.,,BIDEN,EFFINGHAM,DEMOCRATIC,1068,2819,DEM
GP 2020,PRESIDENT,A,1,26027,1,JOSEPH R.,,BIDEN,MERCER,DEMOCRATIC,914,2820,DEM
GP 2020,PRESIDENT,A,1,26027,1,JOSEPH R.,,BIDEN,ALEXANDER,DEMOCRATIC,425,2821,DEM
GP 2020,PRESIDENT,A,1,26027,1,JOSEPH R.,,BIDEN,MARION,DEMOCRATIC,1648,2822,DEM
GP 2020,PRESIDENT,A,1,26027,1,JOSEPH R.,,BIDEN,DuPAGE,DEMOCRATIC,69899,2823,DEM
GP 2020,PRESIDENT,A,1,26027,1,JOSEPH R.,,BIDEN,FRANKLIN,DEMOCRATIC,1629,2824,DEM
GP 2020,PRESIDENT,A,1,26027,1,JOSEPH R.,,BIDEN,WABASH,DEMOCRATIC,337,2825,DEM
GP 2020,PRESIDENT,A,1,26027,1,JOSEPH R.,,BIDEN,KNOX,DEMOCRATIC,2738,2826,DEM
GP 2020,PRESIDENT,A,1,26027,1,JOSEPH R.,,BIDEN,WILL,DEMOCRATIC,48813,2827,DEM
GP 2020,PRESIDENT,A,1,26027,1,JOSEPH R.,,BIDEN,DeKALB,DEMOCRATIC,5478,2828,DEM
GP 2020,PRESIDENT,A,1,26027,1,JOSEPH R.,,BIDEN,WINNEBAGO,DEMOCRATIC,15199,2829,DEM
GP 2020,PRESIDENT,A,1,26027,1,JOSEPH R.,,BIDEN,OGLE,DEMOCRATIC,2279,2830,DEM
GP 2020,PRESIDENT,A,1,26027,1,JOSEPH R.,,BIDEN,ST. CLAIR,DEMOCRATIC,20179,2831,DEM
GP 2020,PRESIDENT,A,1,26027,1,JOSEPH R.,,BIDEN,CUMBERLAND,DEMOCRATIC,357,2832,DEM
GP 2020,PRESIDENT,A,1,26027,1,JOSEPH R.,,BIDEN,VERMILION,DEMOCRATIC,2940,2833,DEM
GP 2020,PRESIDENT,A,1,26027,1,JOSEPH R.,,BIDEN,MONROE,DEMOCRATIC,1572,2834,DEM
GP 2020,PRESIDENT,A,1,26027,1,JOSEPH R.,,BIDEN,McLEAN,DEMOCRATIC,9993,2835,DEM
GP 2020,PRESIDENT,A,1,26027,1,JOSEPH R.,,BIDEN,HARDIN,DEMOCRATIC,145,2836,DEM
GP 2020,PRESIDENT,A,1,26027,1,JOSEPH R.,,BIDEN,McHENRY,DEMOCRATIC,18641,2837,DEM
GP 2020,PRESIDENT,A,1,26027,1,JOSEPH R.,,BIDEN,COLES,DEMOCRATIC,1887,2838,DEM
GP 2020,PRESIDENT,A,1,26027,1,JOSEPH R.,,BIDEN,TAZEWELL,DEMOCRATIC,6393,2839,DEM
GP 2020,PRESIDENT,A,1,26027,1,JOSEPH R.,,BIDEN,CLINTON,DEMOCRATIC,949,2840,DEM
GP 2020,PRESIDENT,A,1,26027,1,JOSEPH R.,,BIDEN,CALHOUN,DEMOCRATIC,262,2841,DEM
GP 2020,PRESIDENT,A,1,26027,1,JOSEPH R.,,BIDEN,WARREN,DEMOCRATIC,806,2842,DEM
GP 2020,PRESIDENT,A,1,26027,1,JOSEPH R.,,BIDEN,PULASKI,DEMOCRATIC,275,2843,DEM
GP 2020,PRESIDENT,A,1,26027,1,JOSEPH R.,,BIDEN,ROCK ISLAND,DEMOCRATIC,9634,2844,DEM
GP 2020,PRESIDENT,A,1,26027,1,JOSEPH R.,,BIDEN,MADISON,DEMOCRATIC,15681,2845,DEM
GP 2020,PRESIDENT,A,1,26027,1,JOSEPH R.,,BIDEN,GALLATIN,DEMOCRATIC,367,2846,DEM
GP 2020,PRESIDENT,A,1,26027,1,JOSEPH R.,,BIDEN,PUTNAM,DEMOCRATIC,428,2847,DEM
GP 2020,PRESIDENT,A,1,26027,1,JOSEPH R.,,BIDEN,HENDERSON,DEMOCRATIC,406,2848,DEM
GP 2020,PRESIDENT,A,1,26027,1,JOSEPH R.,,BIDEN,CHRISTIAN,DEMOCRATIC,1250,2849,DEM
GP 2020,PRESIDENT,A,1,26027,1,JOSEPH R.,,BIDEN,DOUGLAS,DEMOCRATIC,521,2850,DEM
GP 2020,PRESIDENT,A,1,26027,1,JOSEPH R.,,BIDEN,SANGAMON,DEMOCRATIC,11274,2851,DEM
GP 2020,PRESIDENT,A,1,26027,1,JOSEPH R.,,BIDEN,BUREAU,DEMOCRATIC,1750,2852,DEM
GP 2020,PRESIDENT,A,1,26027,1,JOSEPH R.,,BIDEN,SCOTT,DEMOCRATIC,118,2853,DEM
GP 2020,PRESIDENT,A,1,26027,1,JOSEPH R.,,BIDEN,MARSHALL,DEMOCRATIC,484,2854,DEM
GP 2020,PRESIDENT,A,1,26027,1,JOSEPH R.,,BIDEN,KANKAKEE,DEMOCRATIC,5447,2855,DEM
GP 2020,PRESIDENT,A,1,26027,1,JOSEPH R.,,BIDEN,LIVINGSTON,DEMOCRATIC,1142,2856,DEM
GP 2020,PRESIDENT,A,1,26027,1,JOSEPH R.,,BIDEN,WOODFORD,DEMOCRATIC,1643,2857,DEM
GP 2020,PRESIDENT,A,1,26027,1,JOSEPH R.,,BIDEN,CRAWFORD,DEMOCRATIC,652,2858,DEM
GP 2020,PRESIDENT,A,1,26027,1,JOSEPH R.,,BIDEN,BOND,DEMOCRATIC,726,2859,DEM
GP 2020,PRESIDENT,A,1,26027,1,JOSEPH R.,,BIDEN,KANE,DEMOCRATIC,30113,2860,DEM
GP 2020,PRESIDENT,A,1,26027,1,JOSEPH R.,,BIDEN,CLARK,DEMOCRATIC,635,2861,DEM
GP 2020,PRESIDENT,A,1,26027,1,JOSEPH R.,,BIDEN,MONTGOMERY,DEMOCRATIC,1151,2862,DEM
GP 2020,PRESIDENT,A,1,26027,1,JOSEPH R.,,BIDEN,GRUNDY,DEMOCRATIC,2312,2863,DEM
GP 2020,PRESIDENT,A,1,26027,1,JOSEPH R.,,BIDEN,STARK,DEMOCRATIC,206,2864,DEM
GP 2020,PRESIDENT,A,1,26027,1,JOSEPH R.,,BIDEN,EDGAR,DEMOCRATIC,528,2865,DEM
GP 2020,PRESIDENT,A,1,26027,1,JOSEPH R.,,BIDEN,FULTON,DEMOCRATIC,2142,2866,DEM
GP 2020,PRESIDENT,A,1,26027,1,JOSEPH R.,,BIDEN,HAMILTON,DEMOCRATIC,423,2867,DEM
GP 2020,PRESIDENT,A,1,26027,1,JOSEPH R.,,BIDEN,MOULTRIE,DEMOCRATIC,519,2868,DEM
GP 2020,PRESIDENT,A,1,26027,1,JOSEPH R.,,BIDEN,FORD,DEMOCRATIC,361,2869,DEM
GP 2020,PRESIDENT,A,1,26027,1,JOSEPH R.,,BIDEN,MENARD,DEMOCRATIC,527,2870,DEM
GP 2020,PRESIDENT,A,1,26027,1,JOSEPH R.,,BIDEN,HENRY,DEMOCRATIC,2412,2871,DEM
GP 2020,PRESIDENT,A,1,26027,1,JOSEPH R.,,BIDEN,JEFFERSON,DEMOCRATIC,1424,2872,DEM
GP 2020,PRESIDENT,A,1,26027,1,JOSEPH R.,,BIDEN,MACOUPIN,DEMOCRATIC,2473,2873,DEM
GP 2020,PRESIDENT,A,1,26027,1,JOSEPH R.,,BIDEN,CLAY,DEMOCRATIC,317,2874,DEM
GP 2020,PRESIDENT,A,1,26027,1,JOSEPH R.,,BIDEN,BOONE,DEMOCRATIC,2328,2875,DEM
GP 2020,PRESIDENT,A,1,26027,1,JOSEPH R.,,BIDEN,LEE,DEMOCRATIC,1472,2876,DEM
GP 2020,PRESIDENT,A,1,26027,1,JOSEPH R.,,BIDEN,EDWARDS,DEMOCRATIC,140,2877,DEM
GP 2020,PRESIDENT,A,1,26027,1,JOSEPH R.,,BIDEN,MACON,DEMOCRATIC,4936,2878,DEM
GP 2020,PRESIDENT,A,1,26027,1,JOSEPH R.,,BIDEN,WILLIAMSON,DEMOCRATIC,2681,2879,DEM
GP 2020,PRESIDENT,A,1,26027,1,JOSEPH R.,,BIDEN,LOGAN,DEMOCRATIC,789,2880,DEM
GP 2020,PRESIDENT,A,1,26027,1,JOSEPH R.,,BIDEN,STEPHENSON,DEMOCRATIC,2448,2881,DEM
GP 2020,PRESIDENT,A,1,26027,1,JOSEPH R.,,BIDEN,JOHNSON,DEMOCRATIC,359,2882,DEM
GP 2020,PRESIDENT,A,1,26027,1,JOSEPH R.,,BIDEN,ADAMS,DEMOCRATIC,2426,2883,DEM
GP 2020,PRESIDENT,A,1,26027,1,JOSEPH R.,,BIDEN,CASS,DEMOCRATIC,465,2884,DEM
GP 2020,PRESIDENT,A,1,26027,1,JOSEPH R.,,BIDEN,DeWITT,DEMOCRATIC,602,2885,DEM
GP 2020,PRESIDENT,A,1,26027,1,JOSEPH R.,,BIDEN,IROQUOIS,DEMOCRATIC,696,2886,DEM
GP 2020,PRESIDENT,A,1,26027,1,JOSEPH R.,,BIDEN,LAWRENCE,DEMOCRATIC,482,2887,DEM
GP 2020,PRESIDENT,A,1,26027,1,JOSEPH R.,,BIDEN,SHELBY,DEMOCRATIC,900,2888,DEM
GP 2020,PRESIDENT,A,1,26027,1,JOSEPH R.,,BIDEN,JERSEY,DEMOCRATIC,907,2889,DEM
GP 2020,PRESIDENT,A,1,26027,1,JOSEPH R.,,BIDEN,SALINE,DEMOCRATIC,837,2890,DEM
GP 2020,PRESIDENT,A,1,26027,1,JOSEPH R.,,BIDEN,RICHLAND,DEMOCRATIC,483,2891,DEM
GP 2020,PRESIDENT,A,1,26027,1,JOSEPH R.,,BIDEN,RANDOLPH,DEMOCRATIC,1198,2892,DEM
GP 2020,PRESIDENT,A,1,26027,1,JOSEPH R.,,BIDEN,JASPER,DEMOCRATIC,319,2893,DEM
GP 2020,PRESIDENT,A,1,26027,1,JOSEPH R.,,BIDEN,MASON,DEMOCRATIC,787,2894,DEM
GP 2020,PRESIDENT,A,1,26027,1,JOSEPH R.,,BIDEN,PIATT,DEMOCRATIC,804,2895,DEM
GP 2020,PRESIDENT,A,1,26027,1,JOSEPH R.,,BIDEN,MORGAN,DEMOCRATIC,1157,2896,DEM
GP 2020,PRESIDENT,A,1,26027,1,JOSEPH R.,,BIDEN,POPE,DEMOCRATIC,135,2897,DEM
GP 2020,PRESIDENT,A,1,26027,1,JOSEPH R.,,BIDEN,MASSAC,DEMOCRATIC,461,2898,DEM
GP 2020,PRESIDENT,A,1,26027,1,JOSEPH R.,,BIDEN,PERRY,DEMOCRATIC,917,2899,DEM
GP 2020,PRESIDENT,A,1,26027,1,JOSEPH R.,,BIDEN,WASHINGTON,DEMOCRATIC,394,2900,DEM
GP 2020,PRESIDENT,A,1,26027,1,JOSEPH R.,,BIDEN,McDONOUGH,DEMOCRATIC,1281,2901,DEM
GP 2020,PRESIDENT,A,1,26040,1,MICHAEL R.,,BLOOMBERG,WHITESIDE,DEMOCRATIC,39,2902,DEM
GP 2020,PRESIDENT,A,1,26040,1,MICHAEL R.,,BLOOMBERG,GREENE,DEMOCRATIC,48,2903,DEM
GP 2020,PRESIDENT,A,1,26040,1,MICHAEL R.,,BLOOMBERG,CARROLL,DEMOCRATIC,18,2904,DEM
GP 2020,PRESIDENT,A,1,26040,1,MICHAEL R.,,BLOOMBERG,MORGAN,DEMOCRATIC,35,2905,DEM
GP 2020,PRESIDENT,A,1,26040,1,MICHAEL R.,,BLOOMBERG,POPE,DEMOCRATIC,6,2906,DEM
GP 2020,PRESIDENT,A,1,26040,1,MICHAEL R.,,BLOOMBERG,MASSAC,DEMOCRATIC,5,2907,DEM
GP 2020,PRESIDENT,A,1,26040,1,MICHAEL R.,,BLOOMBERG,JoDAVIESS,DEMOCRATIC,18,2908,DEM
GP 2020,PRESIDENT,A,1,26040,1,MICHAEL R.,,BLOOMBERG,BROWN,DEMOCRATIC,3,2909,DEM
GP 2020,PRESIDENT,A,1,26040,1,MICHAEL R.,,BLOOMBERG,PIKE,DEMOCRATIC,11,2910,DEM
GP 2020,PRESIDENT,A,1,26040,1,MICHAEL R.,,BLOOMBERG,WAYNE,DEMOCRATIC,10,2911,DEM
GP 2020,PRESIDENT,A,1,26040,1,MICHAEL R.,,BLOOMBERG,PEORIA,DEMOCRATIC,397,2912,DEM
GP 2020,PRESIDENT,A,1,26040,1,MICHAEL R.,,BLOOMBERG,FAYETTE,DEMOCRATIC,13,2913,DEM
GP 2020,PRESIDENT,A,1,26040,1,MICHAEL R.,,BLOOMBERG,UNION,DEMOCRATIC,28,2914,DEM
GP 2020,PRESIDENT,A,1,26040,1,MICHAEL R.,,BLOOMBERG,CHAMPAIGN,DEMOCRATIC,276,2915,DEM
GP 2020,PRESIDENT,A,1,26040,1,MICHAEL R.,,BLOOMBERG,SCHUYLER,DEMOCRATIC,8,2916,DEM
GP 2020,PRESIDENT,A,1,26040,1,MICHAEL R.,,BLOOMBERG,LAKE,DEMOCRATIC,1692,2917,DEM
GP 2020,PRESIDENT,A,1,26040,1,MICHAEL R.,,BLOOMBERG,LaSALLE,DEMOCRATIC,212,2918,DEM
GP 2020,PRESIDENT,A,1,26040,1,MICHAEL R.,,BLOOMBERG,WHITE,DEMOCRATIC,18,2919,DEM
GP 2020,PRESIDENT,A,1,26040,1,MICHAEL R.,,BLOOMBERG,ALEXANDER,DEMOCRATIC,11,2920,DEM
GP 2020,PRESIDENT,A,1,26040,1,MICHAEL R.,,BLOOMBERG,MARION,DEMOCRATIC,79,2921,DEM
GP 2020,PRESIDENT,A,1,26040,1,MICHAEL R.,,BLOOMBERG,DuPAGE,DEMOCRATIC,1161,2922,DEM
GP 2020,PRESIDENT,A,1,26040,1,MICHAEL R.,,BLOOMBERG,JACKSON,DEMOCRATIC,94,2923,DEM
GP 2020,PRESIDENT,A,1,26040,1,MICHAEL R.,,BLOOMBERG,HANCOCK,DEMOCRATIC,16,2924,DEM
GP 2020,PRESIDENT,A,1,26040,1,MICHAEL R.,,BLOOMBERG,COOK,DEMOCRATIC,13561,2925,DEM
GP 2020,PRESIDENT,A,1,26040,1,MICHAEL R.,,BLOOMBERG,WILL,DEMOCRATIC,1201,2926,DEM
GP 2020,PRESIDENT,A,1,26040,1,MICHAEL R.,,BLOOMBERG,DeKALB,DEMOCRATIC,143,2927,DEM
GP 2020,PRESIDENT,A,1,26040,1,MICHAEL R.,,BLOOMBERG,WINNEBAGO,DEMOCRATIC,452,2928,DEM
GP 2020,PRESIDENT,A,1,26040,1,MICHAEL R.,,BLOOMBERG,KENDALL,DEMOCRATIC,165,2929,DEM
GP 2020,PRESIDENT,A,1,26040,1,MICHAEL R.,,BLOOMBERG,EFFINGHAM,DEMOCRATIC,46,2930,DEM
GP 2020,PRESIDENT,A,1,26040,1,MICHAEL R.,,BLOOMBERG,MERCER,DEMOCRATIC,8,2931,DEM
GP 2020,PRESIDENT,A,1,26040,1,MICHAEL R.,,BLOOMBERG,VERMILION,DEMOCRATIC,147,2932,DEM
GP 2020,PRESIDENT,A,1,26040,1,MICHAEL R.,,BLOOMBERG,MONROE,DEMOCRATIC,50,2933,DEM
GP 2020,PRESIDENT,A,1,26040,1,MICHAEL R.,,BLOOMBERG,McLEAN,DEMOCRATIC,309,2934,DEM
GP 2020,PRESIDENT,A,1,26040,1,MICHAEL R.,,BLOOMBERG,FRANKLIN,DEMOCRATIC,61,2935,DEM
GP 2020,PRESIDENT,A,1,26040,1,MICHAEL R.,,BLOOMBERG,WABASH,DEMOCRATIC,9,2936,DEM
GP 2020,PRESIDENT,A,1,26040,1,MICHAEL R.,,BLOOMBERG,KNOX,DEMOCRATIC,63,2937,DEM
GP 2020,PRESIDENT,A,1,26040,1,MICHAEL R.,,BLOOMBERG,TAZEWELL,DEMOCRATIC,183,2938,DEM
GP 2020,PRESIDENT,A,1,26040,1,MICHAEL R.,,BLOOMBERG,CLINTON,DEMOCRATIC,36,2939,DEM
GP 2020,PRESIDENT,A,1,26040,1,MICHAEL R.,,BLOOMBERG,CALHOUN,DEMOCRATIC,11,2940,DEM
GP 2020,PRESIDENT,A,1,26040,1,MICHAEL R.,,BLOOMBERG,OGLE,DEMOCRATIC,62,2941,DEM
GP 2020,PRESIDENT,A,1,26040,1,MICHAEL R.,,BLOOMBERG,ST. CLAIR,DEMOCRATIC,914,2942,DEM
GP 2020,PRESIDENT,A,1,26040,1,MICHAEL R.,,BLOOMBERG,CUMBERLAND,DEMOCRATIC,13,2943,DEM
GP 2020,PRESIDENT,A,1,26040,1,MICHAEL R.,,BLOOMBERG,MADISON,DEMOCRATIC,388,2944,DEM
GP 2020,PRESIDENT,A,1,26040,1,MICHAEL R.,,BLOOMBERG,GALLATIN,DEMOCRATIC,13,2945,DEM
GP 2020,PRESIDENT,A,1,26040,1,MICHAEL R.,,BLOOMBERG,PUTNAM,DEMOCRATIC,10,2946,DEM
GP 2020,PRESIDENT,A,1,26040,1,MICHAEL R.,,BLOOMBERG,HARDIN,DEMOCRATIC,4,2947,DEM
GP 2020,PRESIDENT,A,1,26040,1,MICHAEL R.,,BLOOMBERG,McHENRY,DEMOCRATIC,425,2948,DEM
GP 2020,PRESIDENT,A,1,26040,1,MICHAEL R.,,BLOOMBERG,COLES,DEMOCRATIC,79,2949,DEM
GP 2020,PRESIDENT,A,1,26040,1,MICHAEL R.,,BLOOMBERG,SANGAMON,DEMOCRATIC,278,2950,DEM
GP 2020,PRESIDENT,A,1,26040,1,MICHAEL R.,,BLOOMBERG,BUREAU,DEMOCRATIC,28,2951,DEM
GP 2020,PRESIDENT,A,1,26040,1,MICHAEL R.,,BLOOMBERG,SCOTT,DEMOCRATIC,5,2952,DEM
GP 2020,PRESIDENT,A,1,26040,1,MICHAEL R.,,BLOOMBERG,WARREN,DEMOCRATIC,13,2953,DEM
GP 2020,PRESIDENT,A,1,26040,1,MICHAEL R.,,BLOOMBERG,PULASKI,DEMOCRATIC,6,2954,DEM
GP 2020,PRESIDENT,A,1,26040,1,MICHAEL R.,,BLOOMBERG,ROCK ISLAND,DEMOCRATIC,158,2955,DEM
GP 2020,PRESIDENT,A,1,26040,1,MICHAEL R.,,BLOOMBERG,WOODFORD,DEMOCRATIC,30,2956,DEM
GP 2020,PRESIDENT,A,1,26040,1,MICHAEL R.,,BLOOMBERG,CRAWFORD,DEMOCRATIC,20,2957,DEM
GP 2020,PRESIDENT,A,1,26040,1,MICHAEL R.,,BLOOMBERG,BOND,DEMOCRATIC,24,2958,DEM
GP 2020,PRESIDENT,A,1,26040,1,MICHAEL R.,,BLOOMBERG,HENDERSON,DEMOCRATIC,11,2959,DEM
GP 2020,PRESIDENT,A,1,26040,1,MICHAEL R.,,BLOOMBERG,CHRISTIAN,DEMOCRATIC,54,2960,DEM
GP 2020,PRESIDENT,A,1,26040,1,MICHAEL R.,,BLOOMBERG,DOUGLAS,DEMOCRATIC,20,2961,DEM
GP 2020,PRESIDENT,A,1,26040,1,MICHAEL R.,,BLOOMBERG,GRUNDY,DEMOCRATIC,108,2962,DEM
GP 2020,PRESIDENT,A,1,26040,1,MICHAEL R.,,BLOOMBERG,STARK,DEMOCRATIC,9,2963,DEM
GP 2020,PRESIDENT,A,1,26040,1,MICHAEL R.,,BLOOMBERG,EDGAR,DEMOCRATIC,26,2964,DEM
GP 2020,PRESIDENT,A,1,26040,1,MICHAEL R.,,BLOOMBERG,MARSHALL,DEMOCRATIC,16,2965,DEM
GP 2020,PRESIDENT,A,1,26040,1,MICHAEL R.,,BLOOMBERG,KANKAKEE,DEMOCRATIC,175,2966,DEM
GP 2020,PRESIDENT,A,1,26040,1,MICHAEL R.,,BLOOMBERG,LIVINGSTON,DEMOCRATIC,27,2967,DEM
GP 2020,PRESIDENT,A,1,26040,1,MICHAEL R.,,BLOOMBERG,FORD,DEMOCRATIC,10,2968,DEM
GP 2020,PRESIDENT,A,1,26040,1,MICHAEL R.,,BLOOMBERG,MENARD,DEMOCRATIC,8,2969,DEM
GP 2020,PRESIDENT,A,1,26040,1,MICHAEL R.,,BLOOMBERG,HENRY,DEMOCRATIC,22,2970,DEM
GP 2020,PRESIDENT,A,1,26040,1,MICHAEL R.,,BLOOMBERG,KANE,DEMOCRATIC,671,2971,DEM
GP 2020,PRESIDENT,A,1,26040,1,MICHAEL R.,,BLOOMBERG,CLARK,DEMOCRATIC,34,2972,DEM
GP 2020,PRESIDENT,A,1,26040,1,MICHAEL R.,,BLOOMBERG,MONTGOMERY,DEMOCRATIC,57,2973,DEM
GP 2020,PRESIDENT,A,1,26040,1,MICHAEL R.,,BLOOMBERG,BOONE,DEMOCRATIC,71,2974,DEM
GP 2020,PRESIDENT,A,1,26040,1,MICHAEL R.,,BLOOMBERG,LEE,DEMOCRATIC,44,2975,DEM
GP 2020,PRESIDENT,A,1,26040,1,MICHAEL R.,,BLOOMBERG,EDWARDS,DEMOCRATIC,11,2976,DEM
GP 2020,PRESIDENT,A,1,26040,1,MICHAEL R.,,BLOOMBERG,FULTON,DEMOCRATIC,57,2977,DEM
GP 2020,PRESIDENT,A,1,26040,1,MICHAEL R.,,BLOOMBERG,HAMILTON,DEMOCRATIC,19,2978,DEM
GP 2020,PRESIDENT,A,1,26040,1,MICHAEL R.,,BLOOMBERG,MOULTRIE,DEMOCRATIC,25,2979,DEM
GP 2020,PRESIDENT,A,1,26040,1,MICHAEL R.,,BLOOMBERG,STEPHENSON,DEMOCRATIC,66,2980,DEM
GP 2020,PRESIDENT,A,1,26040,1,MICHAEL R.,,BLOOMBERG,JOHNSON,DEMOCRATIC,13,2981,DEM
GP 2020,PRESIDENT,A,1,26040,1,MICHAEL R.,,BLOOMBERG,ADAMS,DEMOCRATIC,56,2982,DEM
GP 2020,PRESIDENT,A,1,26040,1,MICHAEL R.,,BLOOMBERG,JEFFERSON,DEMOCRATIC,26,2983,DEM
GP 2020,PRESIDENT,A,1,26040,1,MICHAEL R.,,BLOOMBERG,MACOUPIN,DEMOCRATIC,133,2984,DEM
GP 2020,PRESIDENT,A,1,26040,1,MICHAEL R.,,BLOOMBERG,CLAY,DEMOCRATIC,10,2985,DEM
GP 2020,PRESIDENT,A,1,26040,1,MICHAEL R.,,BLOOMBERG,LAWRENCE,DEMOCRATIC,16,2986,DEM
GP 2020,PRESIDENT,A,1,26040,1,MICHAEL R.,,BLOOMBERG,SHELBY,DEMOCRATIC,38,2987,DEM
GP 2020,PRESIDENT,A,1,26040,1,MICHAEL R.,,BLOOMBERG,JERSEY,DEMOCRATIC,27,2988,DEM
GP 2020,PRESIDENT,A,1,26040,1,MICHAEL R.,,BLOOMBERG,MACON,DEMOCRATIC,163,2989,DEM
GP 2020,PRESIDENT,A,1,26040,1,MICHAEL R.,,BLOOMBERG,WILLIAMSON,DEMOCRATIC,49,2990,DEM
GP 2020,PRESIDENT,A,1,26040,1,MICHAEL R.,,BLOOMBERG,LOGAN,DEMOCRATIC,29,2991,DEM
GP 2020,PRESIDENT,A,1,26040,1,MICHAEL R.,,BLOOMBERG,JASPER,DEMOCRATIC,13,2992,DEM
GP 2020,PRESIDENT,A,1,26040,1,MICHAEL R.,,BLOOMBERG,MASON,DEMOCRATIC,32,2993,DEM
GP 2020,PRESIDENT,A,1,26040,1,MICHAEL R.,,BLOOMBERG,PIATT,DEMOCRATIC,20,2994,DEM
GP 2020,PRESIDENT,A,1,26040,1,MICHAEL R.,,BLOOMBERG,CASS,DEMOCRATIC,26,2995,DEM
GP 2020,PRESIDENT,A,1,26040,1,MICHAEL R.,,BLOOMBERG,DeWITT,DEMOCRATIC,19,2996,DEM
GP 2020,PRESIDENT,A,1,26040,1,MICHAEL R.,,BLOOMBERG,IROQUOIS,DEMOCRATIC,16,2997,DEM
GP 2020,PRESIDENT,A,1,26040,1,MICHAEL R.,,BLOOMBERG,PERRY,DEMOCRATIC,26,2998,DEM
GP 2020,PRESIDENT,A,1,26040,1,MICHAEL R.,,BLOOMBERG,WASHINGTON,DEMOCRATIC,17,2999,DEM
GP 2020,PRESIDENT,A,1,26040,1,MICHAEL R.,,BLOOMBERG,McDONOUGH,DEMOCRATIC,24,3000,DEM
GP 2020,PRESIDENT,A,1,26040,1,MICHAEL R.,,BLOOMBERG,SALINE,DEMOCRATIC,40,3001,DEM
GP 2020,PRESIDENT,A,1,26040,1,MICHAEL R.,,BLOOMBERG,RICHLAND,DEMOCRATIC,12,3002,DEM
GP 2020,PRESIDENT,A,1,26040,1,MICHAEL R.,,BLOOMBERG,RANDOLPH,DEMOCRATIC,41,3003,DEM
GP 2020,PRESIDENT,A,1,26029,1,PETE,,BUTTIGIEG,WHITESIDE,DEMOCRATIC,42,3004,DEM
GP 2020,PRESIDENT,A,1,26029,1,PETE,,BUTTIGIEG,GREENE,DEMOCRATIC,19,3005,DEM
GP 2020,PRESIDENT,A,1,26029,1,PETE,,BUTTIGIEG,CARROLL,DEMOCRATIC,25,3006,DEM
GP 2020,PRESIDENT,A,1,26029,1,PETE,,BUTTIGIEG,MORGAN,DEMOCRATIC,13,3007,DEM
GP 2020,PRESIDENT,A,1,26029,1,PETE,,BUTTIGIEG,POPE,DEMOCRATIC,2,3008,DEM
GP 2020,PRESIDENT,A,1,26029,1,PETE,,BUTTIGIEG,FAYETTE,DEMOCRATIC,10,3009,DEM
GP 2020,PRESIDENT,A,1,26029,1,PETE,,BUTTIGIEG,WHITE,DEMOCRATIC,11,3010,DEM
GP 2020,PRESIDENT,A,1,26029,1,PETE,,BUTTIGIEG,JoDAVIESS,DEMOCRATIC,37,3011,DEM
GP 2020,PRESIDENT,A,1,26029,1,PETE,,BUTTIGIEG,BROWN,DEMOCRATIC,2,3012,DEM
GP 2020,PRESIDENT,A,1,26029,1,PETE,,BUTTIGIEG,PIKE,DEMOCRATIC,11,3013,DEM
GP 2020,PRESIDENT,A,1,26029,1,PETE,,BUTTIGIEG,WAYNE,DEMOCRATIC,7,3014,DEM
GP 2020,PRESIDENT,A,1,26029,1,PETE,,BUTTIGIEG,PEORIA,DEMOCRATIC,181,3015,DEM
GP 2020,PRESIDENT,A,1,26029,1,PETE,,BUTTIGIEG,COOK,DEMOCRATIC,3603,3016,DEM
GP 2020,PRESIDENT,A,1,26029,1,PETE,,BUTTIGIEG,UNION,DEMOCRATIC,15,3017,DEM
GP 2020,PRESIDENT,A,1,26029,1,PETE,,BUTTIGIEG,CHAMPAIGN,DEMOCRATIC,159,3018,DEM
GP 2020,PRESIDENT,A,1,26029,1,PETE,,BUTTIGIEG,SCHUYLER,DEMOCRATIC,3,3019,DEM
GP 2020,PRESIDENT,A,1,26029,1,PETE,,BUTTIGIEG,LAKE,DEMOCRATIC,719,3020,DEM
GP 2020,PRESIDENT,A,1,26029,1,PETE,,BUTTIGIEG,LaSALLE,DEMOCRATIC,129,3021,DEM
GP 2020,PRESIDENT,A,1,26029,1,PETE,,BUTTIGIEG,MERCER,DEMOCRATIC,24,3022,DEM
GP 2020,PRESIDENT,A,1,26029,1,PETE,,BUTTIGIEG,ALEXANDER,DEMOCRATIC,2,3023,DEM
GP 2020,PRESIDENT,A,1,26029,1,PETE,,BUTTIGIEG,MARION,DEMOCRATIC,30,3024,DEM
GP 2020,PRESIDENT,A,1,26029,1,PETE,,BUTTIGIEG,DuPAGE,DEMOCRATIC,569,3025,DEM
GP 2020,PRESIDENT,A,1,26029,1,PETE,,BUTTIGIEG,JACKSON,DEMOCRATIC,45,3026,DEM
GP 2020,PRESIDENT,A,1,26029,1,PETE,,BUTTIGIEG,HANCOCK,DEMOCRATIC,15,3027,DEM
GP 2020,PRESIDENT,A,1,26029,1,PETE,,BUTTIGIEG,KNOX,DEMOCRATIC,84,3028,DEM
GP 2020,PRESIDENT,A,1,26029,1,PETE,,BUTTIGIEG,WILL,DEMOCRATIC,516,3029,DEM
GP 2020,PRESIDENT,A,1,26029,1,PETE,,BUTTIGIEG,DeKALB,DEMOCRATIC,81,3030,DEM
GP 2020,PRESIDENT,A,1,26029,1,PETE,,BUTTIGIEG,WINNEBAGO,DEMOCRATIC,207,3031,DEM
GP 2020,PRESIDENT,A,1,26029,1,PETE,,BUTTIGIEG,KENDALL,DEMOCRATIC,74,3032,DEM
GP 2020,PRESIDENT,A,1,26029,1,PETE,,BUTTIGIEG,EFFINGHAM,DEMOCRATIC,27,3033,DEM
GP 2020,PRESIDENT,A,1,26029,1,PETE,,BUTTIGIEG,CUMBERLAND,DEMOCRATIC,4,3034,DEM
GP 2020,PRESIDENT,A,1,26029,1,PETE,,BUTTIGIEG,VERMILION,DEMOCRATIC,70,3035,DEM
GP 2020,PRESIDENT,A,1,26029,1,PETE,,BUTTIGIEG,MONROE,DEMOCRATIC,28,3036,DEM
GP 2020,PRESIDENT,A,1,26029,1,PETE,,BUTTIGIEG,McLEAN,DEMOCRATIC,273,3037,DEM
GP 2020,PRESIDENT,A,1,26029,1,PETE,,BUTTIGIEG,FRANKLIN,DEMOCRATIC,26,3038,DEM
GP 2020,PRESIDENT,A,1,26029,1,PETE,,BUTTIGIEG,WABASH,DEMOCRATIC,9,3039,DEM
GP 2020,PRESIDENT,A,1,26029,1,PETE,,BUTTIGIEG,COLES,DEMOCRATIC,40,3040,DEM
GP 2020,PRESIDENT,A,1,26029,1,PETE,,BUTTIGIEG,TAZEWELL,DEMOCRATIC,106,3041,DEM
GP 2020,PRESIDENT,A,1,26029,1,PETE,,BUTTIGIEG,CLINTON,DEMOCRATIC,7,3042,DEM
GP 2020,PRESIDENT,A,1,26029,1,PETE,,BUTTIGIEG,CALHOUN,DEMOCRATIC,2,3043,DEM
GP 2020,PRESIDENT,A,1,26029,1,PETE,,BUTTIGIEG,OGLE,DEMOCRATIC,35,3044,DEM
GP 2020,PRESIDENT,A,1,26029,1,PETE,,BUTTIGIEG,ST. CLAIR,DEMOCRATIC,155,3045,DEM
GP 2020,PRESIDENT,A,1,26029,1,PETE,,BUTTIGIEG,ROCK ISLAND,DEMOCRATIC,265,3046,DEM
GP 2020,PRESIDENT,A,1,26029,1,PETE,,BUTTIGIEG,MADISON,DEMOCRATIC,138,3047,DEM
GP 2020,PRESIDENT,A,1,26029,1,PETE,,BUTTIGIEG,GALLATIN,DEMOCRATIC,9,3048,DEM
GP 2020,PRESIDENT,A,1,26029,1,PETE,,BUTTIGIEG,PUTNAM,DEMOCRATIC,12,3049,DEM
GP 2020,PRESIDENT,A,1,26029,1,PETE,,BUTTIGIEG,HARDIN,DEMOCRATIC,4,3050,DEM
GP 2020,PRESIDENT,A,1,26029,1,PETE,,BUTTIGIEG,McHENRY,DEMOCRATIC,197,3051,DEM
GP 2020,PRESIDENT,A,1,26029,1,PETE,,BUTTIGIEG,DOUGLAS,DEMOCRATIC,11,3052,DEM
GP 2020,PRESIDENT,A,1,26029,1,PETE,,BUTTIGIEG,SANGAMON,DEMOCRATIC,176,3053,DEM
GP 2020,PRESIDENT,A,1,26029,1,PETE,,BUTTIGIEG,BUREAU,DEMOCRATIC,20,3054,DEM
GP 2020,PRESIDENT,A,1,26029,1,PETE,,BUTTIGIEG,SCOTT,DEMOCRATIC,2,3055,DEM
GP 2020,PRESIDENT,A,1,26029,1,PETE,,BUTTIGIEG,WARREN,DEMOCRATIC,16,3056,DEM
GP 2020,PRESIDENT,A,1,26029,1,PETE,,BUTTIGIEG,PULASKI,DEMOCRATIC,2,3057,DEM
GP 2020,PRESIDENT,A,1,26029,1,PETE,,BUTTIGIEG,LIVINGSTON,DEMOCRATIC,29,3058,DEM
GP 2020,PRESIDENT,A,1,26029,1,PETE,,BUTTIGIEG,WOODFORD,DEMOCRATIC,16,3059,DEM
GP 2020,PRESIDENT,A,1,26029,1,PETE,,BUTTIGIEG,CRAWFORD,DEMOCRATIC,20,3060,DEM
GP 2020,PRESIDENT,A,1,26029,1,PETE,,BUTTIGIEG,BOND,DEMOCRATIC,20,3061,DEM
GP 2020,PRESIDENT,A,1,26029,1,PETE,,BUTTIGIEG,HENDERSON,DEMOCRATIC,6,3062,DEM
GP 2020,PRESIDENT,A,1,26029,1,PETE,,BUTTIGIEG,CHRISTIAN,DEMOCRATIC,29,3063,DEM
GP 2020,PRESIDENT,A,1,26029,1,PETE,,BUTTIGIEG,MONTGOMERY,DEMOCRATIC,14,3064,DEM
GP 2020,PRESIDENT,A,1,26029,1,PETE,,BUTTIGIEG,GRUNDY,DEMOCRATIC,61,3065,DEM
GP 2020,PRESIDENT,A,1,26029,1,PETE,,BUTTIGIEG,STARK,DEMOCRATIC,7,3066,DEM
GP 2020,PRESIDENT,A,1,26029,1,PETE,,BUTTIGIEG,EDGAR,DEMOCRATIC,14,3067,DEM
GP 2020,PRESIDENT,A,1,26029,1,PETE,,BUTTIGIEG,MARSHALL,DEMOCRATIC,9,3068,DEM
GP 2020,PRESIDENT,A,1,26029,1,PETE,,BUTTIGIEG,KANKAKEE,DEMOCRATIC,72,3069,DEM
GP 2020,PRESIDENT,A,1,26029,1,PETE,,BUTTIGIEG,MOULTRIE,DEMOCRATIC,7,3070,DEM
GP 2020,PRESIDENT,A,1,26029,1,PETE,,BUTTIGIEG,FORD,DEMOCRATIC,5,3071,DEM
GP 2020,PRESIDENT,A,1,26029,1,PETE,,BUTTIGIEG,MENARD,DEMOCRATIC,8,3072,DEM
GP 2020,PRESIDENT,A,1,26029,1,PETE,,BUTTIGIEG,HENRY,DEMOCRATIC,25,3073,DEM
GP 2020,PRESIDENT,A,1,26029,1,PETE,,BUTTIGIEG,KANE,DEMOCRATIC,409,3074,DEM
GP 2020,PRESIDENT,A,1,26029,1,PETE,,BUTTIGIEG,CLARK,DEMOCRATIC,25,3075,DEM
GP 2020,PRESIDENT,A,1,26029,1,PETE,,BUTTIGIEG,CLAY,DEMOCRATIC,5,3076,DEM
GP 2020,PRESIDENT,A,1,26029,1,PETE,,BUTTIGIEG,BOONE,DEMOCRATIC,37,3077,DEM
GP 2020,PRESIDENT,A,1,26029,1,PETE,,BUTTIGIEG,LEE,DEMOCRATIC,51,3078,DEM
GP 2020,PRESIDENT,A,1,26029,1,PETE,,BUTTIGIEG,EDWARDS,DEMOCRATIC,2,3079,DEM
GP 2020,PRESIDENT,A,1,26029,1,PETE,,BUTTIGIEG,FULTON,DEMOCRATIC,39,3080,DEM
GP 2020,PRESIDENT,A,1,26029,1,PETE,,BUTTIGIEG,HAMILTON,DEMOCRATIC,7,3081,DEM
GP 2020,PRESIDENT,A,1,26029,1,PETE,,BUTTIGIEG,LOGAN,DEMOCRATIC,16,3082,DEM
GP 2020,PRESIDENT,A,1,26029,1,PETE,,BUTTIGIEG,STEPHENSON,DEMOCRATIC,42,3083,DEM
GP 2020,PRESIDENT,A,1,26029,1,PETE,,BUTTIGIEG,JOHNSON,DEMOCRATIC,17,3084,DEM
GP 2020,PRESIDENT,A,1,26029,1,PETE,,BUTTIGIEG,ADAMS,DEMOCRATIC,71,3085,DEM
GP 2020,PRESIDENT,A,1,26029,1,PETE,,BUTTIGIEG,JEFFERSON,DEMOCRATIC,24,3086,DEM
GP 2020,PRESIDENT,A,1,26029,1,PETE,,BUTTIGIEG,MACOUPIN,DEMOCRATIC,58,3087,DEM
GP 2020,PRESIDENT,A,1,26029,1,PETE,,BUTTIGIEG,IROQUOIS,DEMOCRATIC,18,3088,DEM
GP 2020,PRESIDENT,A,1,26029,1,PETE,,BUTTIGIEG,LAWRENCE,DEMOCRATIC,7,3089,DEM
GP 2020,PRESIDENT,A,1,26029,1,PETE,,BUTTIGIEG,SHELBY,DEMOCRATIC,13,3090,DEM
GP 2020,PRESIDENT,A,1,26029,1,PETE,,BUTTIGIEG,JERSEY,DEMOCRATIC,18,3091,DEM
GP 2020,PRESIDENT,A,1,26029,1,PETE,,BUTTIGIEG,MACON,DEMOCRATIC,69,3092,DEM
GP 2020,PRESIDENT,A,1,26029,1,PETE,,BUTTIGIEG,WILLIAMSON,DEMOCRATIC,34,3093,DEM
GP 2020,PRESIDENT,A,1,26029,1,PETE,,BUTTIGIEG,RANDOLPH,DEMOCRATIC,14,3094,DEM
GP 2020,PRESIDENT,A,1,26029,1,PETE,,BUTTIGIEG,JASPER,DEMOCRATIC,13,3095,DEM
GP 2020,PRESIDENT,A,1,26029,1,PETE,,BUTTIGIEG,MASON,DEMOCRATIC,17,3096,DEM
GP 2020,PRESIDENT,A,1,26029,1,PETE,,BUTTIGIEG,PIATT,DEMOCRATIC,15,3097,DEM
GP 2020,PRESIDENT,A,1,26029,1,PETE,,BUTTIGIEG,CASS,DEMOCRATIC,16,3098,DEM
GP 2020,PRESIDENT,A,1,26029,1,PETE,,BUTTIGIEG,DeWITT,DEMOCRATIC,6,3099,DEM
GP 2020,PRESIDENT,A,1,26029,1,PETE,,BUTTIGIEG,MASSAC,DEMOCRATIC,5,3100,DEM
GP 2020,PRESIDENT,A,1,26029,1,PETE,,BUTTIGIEG,PERRY,DEMOCRATIC,9,3101,DEM
GP 2020,PRESIDENT,A,1,26029,1,PETE,,BUTTIGIEG,WASHINGTON,DEMOCRATIC,7,3102,DEM
GP 2020,PRESIDENT,A,1,26029,1,PETE,,BUTTIGIEG,McDONOUGH,DEMOCRATIC,26,3103,DEM
GP 2020,PRESIDENT,A,1,26029,1,PETE,,BUTTIGIEG,SALINE,DEMOCRATIC,21,3104,DEM
GP 2020,PRESIDENT,A,1,26029,1,PETE,,BUTTIGIEG,RICHLAND,DEMOCRATIC,7,3105,DEM
GP 2020,PRESIDENT,A,1,26051,1,DEVAL,,PATRICK,WHITESIDE,DEMOCRATIC,0,3106,DEM
GP 2020,PRESIDENT,A,1,26051,1,DEVAL,,PATRICK,GREENE,DEMOCRATIC,1,3107,DEM
GP 2020,PRESIDENT,A,1,26051,1,DEVAL,,PATRICK,CARROLL,DEMOCRATIC,1,3108,DEM
GP 2020,PRESIDENT,A,1,26051,1,DEVAL,,PATRICK,MORGAN,DEMOCRATIC,3,3109,DEM
GP 2020,PRESIDENT,A,1,26051,1,DEVAL,,PATRICK,POPE,DEMOCRATIC,0,3110,DEM
GP 2020,PRESIDENT,A,1,26051,1,DEVAL,,PATRICK,FAYETTE,DEMOCRATIC,1,3111,DEM
GP 2020,PRESIDENT,A,1,26051,1,DEVAL,,PATRICK,WHITE,DEMOCRATIC,1,3112,DEM
GP 2020,PRESIDENT,A,1,26051,1,DEVAL,,PATRICK,JoDAVIESS,DEMOCRATIC,0,3113,DEM
GP 2020,PRESIDENT,A,1,26051,1,DEVAL,,PATRICK,BROWN,DEMOCRATIC,0,3114,DEM
GP 2020,PRESIDENT,A,1,26051,1,DEVAL,,PATRICK,PIKE,DEMOCRATIC,2,3115,DEM
GP 2020,PRESIDENT,A,1,26051,1,DEVAL,,PATRICK,WAYNE,DEMOCRATIC,0,3116,DEM
GP 2020,PRESIDENT,A,1,26051,1,DEVAL,,PATRICK,PEORIA,DEMOCRATIC,16,3117,DEM
GP 2020,PRESIDENT,A,1,26051,1,DEVAL,,PATRICK,COOK,DEMOCRATIC,1151,3118,DEM
GP 2020,PRESIDENT,A,1,26051,1,DEVAL,,PATRICK,UNION,DEMOCRATIC,0,3119,DEM
GP 2020,PRESIDENT,A,1,26051,1,DEVAL,,PATRICK,CHAMPAIGN,DEMOCRATIC,8,3120,DEM
GP 2020,PRESIDENT,A,1,26051,1,DEVAL,,PATRICK,SCHUYLER,DEMOCRATIC,0,3121,DEM
GP 2020,PRESIDENT,A,1,26051,1,DEVAL,,PATRICK,LAKE,DEMOCRATIC,27,3122,DEM
GP 2020,PRESIDENT,A,1,26051,1,DEVAL,,PATRICK,LaSALLE,DEMOCRATIC,8,3123,DEM
GP 2020,PRESIDENT,A,1,26051,1,DEVAL,,PATRICK,MERCER,DEMOCRATIC,0,3124,DEM
GP 2020,PRESIDENT,A,1,26051,1,DEVAL,,PATRICK,ALEXANDER,DEMOCRATIC,2,3125,DEM
GP 2020,PRESIDENT,A,1,26051,1,DEVAL,,PATRICK,MARION,DEMOCRATIC,5,3126,DEM
GP 2020,PRESIDENT,A,1,26051,1,DEVAL,,PATRICK,DuPAGE,DEMOCRATIC,37,3127,DEM
GP 2020,PRESIDENT,A,1,26051,1,DEVAL,,PATRICK,JACKSON,DEMOCRATIC,3,3128,DEM
GP 2020,PRESIDENT,A,1,26051,1,DEVAL,,PATRICK,HANCOCK,DEMOCRATIC,2,3129,DEM
GP 2020,PRESIDENT,A,1,26051,1,DEVAL,,PATRICK,KNOX,DEMOCRATIC,1,3130,DEM
GP 2020,PRESIDENT,A,1,26051,1,DEVAL,,PATRICK,WILL,DEMOCRATIC,51,3131,DEM
GP 2020,PRESIDENT,A,1,26051,1,DEVAL,,PATRICK,DeKALB,DEMOCRATIC,3,3132,DEM
GP 2020,PRESIDENT,A,1,26051,1,DEVAL,,PATRICK,WINNEBAGO,DEMOCRATIC,9,3133,DEM
GP 2020,PRESIDENT,A,1,26051,1,DEVAL,,PATRICK,KENDALL,DEMOCRATIC,8,3134,DEM
GP 2020,PRESIDENT,A,1,26051,1,DEVAL,,PATRICK,EFFINGHAM,DEMOCRATIC,0,3135,DEM
GP 2020,PRESIDENT,A,1,26051,1,DEVAL,,PATRICK,CUMBERLAND,DEMOCRATIC,1,3136,DEM
GP 2020,PRESIDENT,A,1,26051,1,DEVAL,,PATRICK,VERMILION,DEMOCRATIC,4,3137,DEM
GP 2020,PRESIDENT,A,1,26051,1,DEVAL,,PATRICK,MONROE,DEMOCRATIC,0,3138,DEM
GP 2020,PRESIDENT,A,1,26051,1,DEVAL,,PATRICK,McLEAN,DEMOCRATIC,4,3139,DEM
GP 2020,PRESIDENT,A,1,26051,1,DEVAL,,PATRICK,FRANKLIN,DEMOCRATIC,2,3140,DEM
GP 2020,PRESIDENT,A,1,26051,1,DEVAL,,PATRICK,WABASH,DEMOCRATIC,1,3141,DEM
GP 2020,PRESIDENT,A,1,26051,1,DEVAL,,PATRICK,COLES,DEMOCRATIC,1,3142,DEM
GP 2020,PRESIDENT,A,1,26051,1,DEVAL,,PATRICK,TAZEWELL,DEMOCRATIC,6,3143,DEM
GP 2020,PRESIDENT,A,1,26051,1,DEVAL,,PATRICK,CLINTON,DEMOCRATIC,2,3144,DEM
GP 2020,PRESIDENT,A,1,26051,1,DEVAL,,PATRICK,CALHOUN,DEMOCRATIC,2,3145,DEM
GP 2020,PRESIDENT,A,1,26051,1,DEVAL,,PATRICK,OGLE,DEMOCRATIC,1,3146,DEM
GP 2020,PRESIDENT,A,1,26051,1,DEVAL,,PATRICK,ST. CLAIR,DEMOCRATIC,30,3147,DEM
GP 2020,PRESIDENT,A,1,26051,1,DEVAL,,PATRICK,ROCK ISLAND,DEMOCRATIC,16,3148,DEM
GP 2020,PRESIDENT,A,1,26051,1,DEVAL,,PATRICK,MADISON,DEMOCRATIC,13,3149,DEM
GP 2020,PRESIDENT,A,1,26051,1,DEVAL,,PATRICK,GALLATIN,DEMOCRATIC,3,3150,DEM
GP 2020,PRESIDENT,A,1,26051,1,DEVAL,,PATRICK,PUTNAM,DEMOCRATIC,1,3151,DEM
GP 2020,PRESIDENT,A,1,26051,1,DEVAL,,PATRICK,HARDIN,DEMOCRATIC,0,3152,DEM
GP 2020,PRESIDENT,A,1,26051,1,DEVAL,,PATRICK,McHENRY,DEMOCRATIC,5,3153,DEM
GP 2020,PRESIDENT,A,1,26051,1,DEVAL,,PATRICK,DOUGLAS,DEMOCRATIC,0,3154,DEM
GP 2020,PRESIDENT,A,1,26051,1,DEVAL,,PATRICK,SANGAMON,DEMOCRATIC,7,3155,DEM
GP 2020,PRESIDENT,A,1,26051,1,DEVAL,,PATRICK,BUREAU,DEMOCRATIC,1,3156,DEM
GP 2020,PRESIDENT,A,1,26051,1,DEVAL,,PATRICK,SCOTT,DEMOCRATIC,1,3157,DEM
GP 2020,PRESIDENT,A,1,26051,1,DEVAL,,PATRICK,WARREN,DEMOCRATIC,1,3158,DEM
GP 2020,PRESIDENT,A,1,26051,1,DEVAL,,PATRICK,PULASKI,DEMOCRATIC,0,3159,DEM
GP 2020,PRESIDENT,A,1,26051,1,DEVAL,,PATRICK,LIVINGSTON,DEMOCRATIC,1,3160,DEM
GP 2020,PRESIDENT,A,1,26051,1,DEVAL,,PATRICK,WOODFORD,DEMOCRATIC,1,3161,DEM
GP 2020,PRESIDENT,A,1,26051,1,DEVAL,,PATRICK,CRAWFORD,DEMOCRATIC,1,3162,DEM
GP 2020,PRESIDENT,A,1,26051,1,DEVAL,,PATRICK,BOND,DEMOCRATIC,0,3163,DEM
GP 2020,PRESIDENT,A,1,26051,1,DEVAL,,PATRICK,HENDERSON,DEMOCRATIC,0,3164,DEM
GP 2020,PRESIDENT,A,1,26051,1,DEVAL,,PATRICK,CHRISTIAN,DEMOCRATIC,4,3165,DEM
GP 2020,PRESIDENT,A,1,26051,1,DEVAL,,PATRICK,MONTGOMERY,DEMOCRATIC,3,3166,DEM
GP 2020,PRESIDENT,A,1,26051,1,DEVAL,,PATRICK,GRUNDY,DEMOCRATIC,1,3167,DEM
GP 2020,PRESIDENT,A,1,26051,1,DEVAL,,PATRICK,STARK,DEMOCRATIC,0,3168,DEM
GP 2020,PRESIDENT,A,1,26051,1,DEVAL,,PATRICK,EDGAR,DEMOCRATIC,2,3169,DEM
GP 2020,PRESIDENT,A,1,26051,1,DEVAL,,PATRICK,MARSHALL,DEMOCRATIC,2,3170,DEM
GP 2020,PRESIDENT,A,1,26051,1,DEVAL,,PATRICK,KANKAKEE,DEMOCRATIC,20,3171,DEM
GP 2020,PRESIDENT,A,1,26051,1,DEVAL,,PATRICK,MOULTRIE,DEMOCRATIC,1,3172,DEM
GP 2020,PRESIDENT,A,1,26051,1,DEVAL,,PATRICK,FORD,DEMOCRATIC,4,3173,DEM
GP 2020,PRESIDENT,A,1,26051,1,DEVAL,,PATRICK,MENARD,DEMOCRATIC,0,3174,DEM
GP 2020,PRESIDENT,A,1,26051,1,DEVAL,,PATRICK,HENRY,DEMOCRATIC,0,3175,DEM
GP 2020,PRESIDENT,A,1,26051,1,DEVAL,,PATRICK,KANE,DEMOCRATIC,22,3176,DEM
GP 2020,PRESIDENT,A,1,26051,1,DEVAL,,PATRICK,CLARK,DEMOCRATIC,5,3177,DEM
GP 2020,PRESIDENT,A,1,26051,1,DEVAL,,PATRICK,CLAY,DEMOCRATIC,0,3178,DEM
GP 2020,PRESIDENT,A,1,26051,1,DEVAL,,PATRICK,BOONE,DEMOCRATIC,1,3179,DEM
GP 2020,PRESIDENT,A,1,26051,1,DEVAL,,PATRICK,LEE,DEMOCRATIC,1,3180,DEM
GP 2020,PRESIDENT,A,1,26051,1,DEVAL,,PATRICK,EDWARDS,DEMOCRATIC,0,3181,DEM
GP 2020,PRESIDENT,A,1,26051,1,DEVAL,,PATRICK,FULTON,DEMOCRATIC,2,3182,DEM
GP 2020,PRESIDENT,A,1,26051,1,DEVAL,,PATRICK,HAMILTON,DEMOCRATIC,1,3183,DEM
GP 2020,PRESIDENT,A,1,26051,1,DEVAL,,PATRICK,LOGAN,DEMOCRATIC,0,3184,DEM
GP 2020,PRESIDENT,A,1,26051,1,DEVAL,,PATRICK,STEPHENSON,DEMOCRATIC,2,3185,DEM
GP 2020,PRESIDENT,A,1,26051,1,DEVAL,,PATRICK,JOHNSON,DEMOCRATIC,1,3186,DEM
GP 2020,PRESIDENT,A,1,26051,1,DEVAL,,PATRICK,ADAMS,DEMOCRATIC,3,3187,DEM
GP 2020,PRESIDENT,A,1,26051,1,DEVAL,,PATRICK,JEFFERSON,DEMOCRATIC,4,3188,DEM
GP 2020,PRESIDENT,A,1,26051,1,DEVAL,,PATRICK,MACOUPIN,DEMOCRATIC,4,3189,DEM
GP 2020,PRESIDENT,A,1,26051,1,DEVAL,,PATRICK,IROQUOIS,DEMOCRATIC,2,3190,DEM
GP 2020,PRESIDENT,A,1,26051,1,DEVAL,,PATRICK,LAWRENCE,DEMOCRATIC,3,3191,DEM
GP 2020,PRESIDENT,A,1,26051,1,DEVAL,,PATRICK,SHELBY,DEMOCRATIC,4,3192,DEM
GP 2020,PRESIDENT,A,1,26051,1,DEVAL,,PATRICK,JERSEY,DEMOCRATIC,1,3193,DEM
GP 2020,PRESIDENT,A,1,26051,1,DEVAL,,PATRICK,MACON,DEMOCRATIC,7,3194,DEM
GP 2020,PRESIDENT,A,1,26051,1,DEVAL,,PATRICK,WILLIAMSON,DEMOCRATIC,3,3195,DEM
GP 2020,PRESIDENT,A,1,26051,1,DEVAL,,PATRICK,RANDOLPH,DEMOCRATIC,1,3196,DEM
GP 2020,PRESIDENT,A,1,26051,1,DEVAL,,PATRICK,JASPER,DEMOCRATIC,1,3197,DEM
GP 2020,PRESIDENT,A,1,26051,1,DEVAL,,PATRICK,MASON,DEMOCRATIC,2,3198,DEM
GP 2020,PRESIDENT,A,1,26051,1,DEVAL,,PATRICK,PIATT,DEMOCRATIC,0,3199,DEM
GP 2020,PRESIDENT,A,1,26051,1,DEVAL,,PATRICK,CASS,DEMOCRATIC,3,3200,DEM
GP 2020,PRESIDENT,A,1,26051,1,DEVAL,,PATRICK,DeWITT,DEMOCRATIC,0,3201,DEM
GP 2020,PRESIDENT,A,1,26051,1,DEVAL,,PATRICK,MASSAC,DEMOCRATIC,0,3202,DEM
GP 2020,PRESIDENT,A,1,26051,1,DEVAL,,PATRICK,PERRY,DEMOCRATIC,2,3203,DEM
GP 2020,PRESIDENT,A,1,26051,1,DEVAL,,PATRICK,WASHINGTON,DEMOCRATIC,2,3204,DEM
GP 2020,PRESIDENT,A,1,26051,1,DEVAL,,PATRICK,McDONOUGH,DEMOCRATIC,3,3205,DEM
GP 2020,PRESIDENT,A,1,26051,1,DEVAL,,PATRICK,SALINE,DEMOCRATIC,4,3206,DEM
GP 2020,PRESIDENT,A,1,26051,1,DEVAL,,PATRICK,RICHLAND,DEMOCRATIC,1,3207,DEM
GP 2020,PRESIDENT,A,1,26028,1,BERNIE,,SANDERS,PUTNAM,DEMOCRATIC,139,3208,DEM
GP 2020,PRESIDENT,A,1,26028,1,BERNIE,,SANDERS,HARDIN,DEMOCRATIC,86,3209,DEM
GP 2020,PRESIDENT,A,1,26028,1,BERNIE,,SANDERS,McHENRY,DEMOCRATIC,11163,3210,DEM
GP 2020,PRESIDENT,A,1,26028,1,BERNIE,,SANDERS,COLES,DEMOCRATIC,1192,3211,DEM
GP 2020,PRESIDENT,A,1,26028,1,BERNIE,,SANDERS,TAZEWELL,DEMOCRATIC,3238,3212,DEM
GP 2020,PRESIDENT,A,1,26028,1,BERNIE,,SANDERS,GALLATIN,DEMOCRATIC,150,3213,DEM
GP 2020,PRESIDENT,A,1,26028,1,BERNIE,,SANDERS,BUREAU,DEMOCRATIC,782,3214,DEM
GP 2020,PRESIDENT,A,1,26028,1,BERNIE,,SANDERS,SCOTT,DEMOCRATIC,58,3215,DEM
GP 2020,PRESIDENT,A,1,26028,1,BERNIE,,SANDERS,WARREN,DEMOCRATIC,329,3216,DEM
GP 2020,PRESIDENT,A,1,26028,1,BERNIE,,SANDERS,PULASKI,DEMOCRATIC,87,3217,DEM
GP 2020,PRESIDENT,A,1,26028,1,BERNIE,,SANDERS,ROCK ISLAND,DEMOCRATIC,4844,3218,DEM
GP 2020,PRESIDENT,A,1,26028,1,BERNIE,,SANDERS,MADISON,DEMOCRATIC,8635,3219,DEM
GP 2020,PRESIDENT,A,1,26028,1,BERNIE,,SANDERS,CRAWFORD,DEMOCRATIC,283,3220,DEM
GP 2020,PRESIDENT,A,1,26028,1,BERNIE,,SANDERS,BOND,DEMOCRATIC,330,3221,DEM
GP 2020,PRESIDENT,A,1,26028,1,BERNIE,,SANDERS,HENDERSON,DEMOCRATIC,137,3222,DEM
GP 2020,PRESIDENT,A,1,26028,1,BERNIE,,SANDERS,CHRISTIAN,DEMOCRATIC,544,3223,DEM
GP 2020,PRESIDENT,A,1,26028,1,BERNIE,,SANDERS,DOUGLAS,DEMOCRATIC,247,3224,DEM
GP 2020,PRESIDENT,A,1,26028,1,BERNIE,,SANDERS,SANGAMON,DEMOCRATIC,5836,3225,DEM
GP 2020,PRESIDENT,A,1,26028,1,BERNIE,,SANDERS,STARK,DEMOCRATIC,99,3226,DEM
GP 2020,PRESIDENT,A,1,26028,1,BERNIE,,SANDERS,EDGAR,DEMOCRATIC,215,3227,DEM
GP 2020,PRESIDENT,A,1,26028,1,BERNIE,,SANDERS,MARSHALL,DEMOCRATIC,199,3228,DEM
GP 2020,PRESIDENT,A,1,26028,1,BERNIE,,SANDERS,KANKAKEE,DEMOCRATIC,3156,3229,DEM
GP 2020,PRESIDENT,A,1,26028,1,BERNIE,,SANDERS,LIVINGSTON,DEMOCRATIC,533,3230,DEM
GP 2020,PRESIDENT,A,1,26028,1,BERNIE,,SANDERS,WOODFORD,DEMOCRATIC,756,3231,DEM
GP 2020,PRESIDENT,A,1,26028,1,BERNIE,,SANDERS,MENARD,DEMOCRATIC,193,3232,DEM
GP 2020,PRESIDENT,A,1,26028,1,BERNIE,,SANDERS,HENRY,DEMOCRATIC,942,3233,DEM
GP 2020,PRESIDENT,A,1,26028,1,BERNIE,,SANDERS,KANE,DEMOCRATIC,18959,3234,DEM
GP 2020,PRESIDENT,A,1,26028,1,BERNIE,,SANDERS,CLARK,DEMOCRATIC,301,3235,DEM
GP 2020,PRESIDENT,A,1,26028,1,BERNIE,,SANDERS,MONTGOMERY,DEMOCRATIC,418,3236,DEM
GP 2020,PRESIDENT,A,1,26028,1,BERNIE,,SANDERS,GRUNDY,DEMOCRATIC,1460,3237,DEM
GP 2020,PRESIDENT,A,1,26028,1,BERNIE,,SANDERS,LEE,DEMOCRATIC,861,3238,DEM
GP 2020,PRESIDENT,A,1,26028,1,BERNIE,,SANDERS,EDWARDS,DEMOCRATIC,63,3239,DEM
GP 2020,PRESIDENT,A,1,26028,1,BERNIE,,SANDERS,FULTON,DEMOCRATIC,1050,3240,DEM
GP 2020,PRESIDENT,A,1,26028,1,BERNIE,,SANDERS,HAMILTON,DEMOCRATIC,122,3241,DEM
GP 2020,PRESIDENT,A,1,26028,1,BERNIE,,SANDERS,MOULTRIE,DEMOCRATIC,209,3242,DEM
GP 2020,PRESIDENT,A,1,26028,1,BERNIE,,SANDERS,FORD,DEMOCRATIC,237,3243,DEM
GP 2020,PRESIDENT,A,1,26028,1,BERNIE,,SANDERS,WAYNE,DEMOCRATIC,203,3244,DEM
GP 2020,PRESIDENT,A,1,26028,1,BERNIE,,SANDERS,PEORIA,DEMOCRATIC,5858,3245,DEM
GP 2020,PRESIDENT,A,1,26028,1,BERNIE,,SANDERS,FAYETTE,DEMOCRATIC,194,3246,DEM
GP 2020,PRESIDENT,A,1,26028,1,BERNIE,,SANDERS,MACOUPIN,DEMOCRATIC,1055,3247,DEM
GP 2020,PRESIDENT,A,1,26028,1,BERNIE,,SANDERS,CLAY,DEMOCRATIC,136,3248,DEM
GP 2020,PRESIDENT,A,1,26028,1,BERNIE,,SANDERS,BOONE,DEMOCRATIC,1793,3249,DEM
GP 2020,PRESIDENT,A,1,26028,1,BERNIE,,SANDERS,LAKE,DEMOCRATIC,24932,3250,DEM
GP 2020,PRESIDENT,A,1,26028,1,BERNIE,,SANDERS,LaSALLE,DEMOCRATIC,3251,3251,DEM
GP 2020,PRESIDENT,A,1,26028,1,BERNIE,,SANDERS,WHITE,DEMOCRATIC,167,3252,DEM
GP 2020,PRESIDENT,A,1,26028,1,BERNIE,,SANDERS,JoDAVIESS,DEMOCRATIC,634,3253,DEM
GP 2020,PRESIDENT,A,1,26028,1,BERNIE,,SANDERS,BROWN,DEMOCRATIC,44,3254,DEM
GP 2020,PRESIDENT,A,1,26028,1,BERNIE,,SANDERS,PIKE,DEMOCRATIC,148,3255,DEM
GP 2020,PRESIDENT,A,1,26028,1,BERNIE,,SANDERS,JACKSON,DEMOCRATIC,2780,3256,DEM
GP 2020,PRESIDENT,A,1,26028,1,BERNIE,,SANDERS,HANCOCK,DEMOCRATIC,258,3257,DEM
GP 2020,PRESIDENT,A,1,26028,1,BERNIE,,SANDERS,COOK,DEMOCRATIC,357207,3258,DEM
GP 2020,PRESIDENT,A,1,26028,1,BERNIE,,SANDERS,UNION,DEMOCRATIC,452,3259,DEM
GP 2020,PRESIDENT,A,1,26028,1,BERNIE,,SANDERS,CHAMPAIGN,DEMOCRATIC,12498,3260,DEM
GP 2020,PRESIDENT,A,1,26028,1,BERNIE,,SANDERS,SCHUYLER,DEMOCRATIC,112,3261,DEM
GP 2020,PRESIDENT,A,1,26028,1,BERNIE,,SANDERS,KENDALL,DEMOCRATIC,5372,3262,DEM
GP 2020,PRESIDENT,A,1,26028,1,BERNIE,,SANDERS,EFFINGHAM,DEMOCRATIC,457,3263,DEM
GP 2020,PRESIDENT,A,1,26028,1,BERNIE,,SANDERS,MERCER,DEMOCRATIC,365,3264,DEM
GP 2020,PRESIDENT,A,1,26028,1,BERNIE,,SANDERS,ALEXANDER,DEMOCRATIC,131,3265,DEM
GP 2020,PRESIDENT,A,1,26028,1,BERNIE,,SANDERS,MARION,DEMOCRATIC,702,3266,DEM
GP 2020,PRESIDENT,A,1,26028,1,BERNIE,,SANDERS,DuPAGE,DEMOCRATIC,39244,3267,DEM
GP 2020,PRESIDENT,A,1,26028,1,BERNIE,,SANDERS,FRANKLIN,DEMOCRATIC,746,3268,DEM
GP 2020,PRESIDENT,A,1,26028,1,BERNIE,,SANDERS,WABASH,DEMOCRATIC,130,3269,DEM
GP 2020,PRESIDENT,A,1,26028,1,BERNIE,,SANDERS,KNOX,DEMOCRATIC,1469,3270,DEM
GP 2020,PRESIDENT,A,1,26028,1,BERNIE,,SANDERS,WILL,DEMOCRATIC,28785,3271,DEM
GP 2020,PRESIDENT,A,1,26028,1,BERNIE,,SANDERS,DeKALB,DEMOCRATIC,4715,3272,DEM
GP 2020,PRESIDENT,A,1,26028,1,BERNIE,,SANDERS,WINNEBAGO,DEMOCRATIC,10040,3273,DEM
GP 2020,PRESIDENT,A,1,26028,1,BERNIE,,SANDERS,ADAMS,DEMOCRATIC,930,3274,DEM
GP 2020,PRESIDENT,A,1,26028,1,BERNIE,,SANDERS,JEFFERSON,DEMOCRATIC,573,3275,DEM
GP 2020,PRESIDENT,A,1,26028,1,BERNIE,,SANDERS,CUMBERLAND,DEMOCRATIC,156,3276,DEM
GP 2020,PRESIDENT,A,1,26028,1,BERNIE,,SANDERS,VERMILION,DEMOCRATIC,1221,3277,DEM
GP 2020,PRESIDENT,A,1,26028,1,BERNIE,,SANDERS,MONROE,DEMOCRATIC,780,3278,DEM
GP 2020,PRESIDENT,A,1,26028,1,BERNIE,,SANDERS,McLEAN,DEMOCRATIC,7702,3279,DEM
GP 2020,PRESIDENT,A,1,26028,1,BERNIE,,SANDERS,JERSEY,DEMOCRATIC,393,3280,DEM
GP 2020,PRESIDENT,A,1,26028,1,BERNIE,,SANDERS,MACON,DEMOCRATIC,2279,3281,DEM
GP 2020,PRESIDENT,A,1,26028,1,BERNIE,,SANDERS,WILLIAMSON,DEMOCRATIC,1425,3282,DEM
GP 2020,PRESIDENT,A,1,26028,1,BERNIE,,SANDERS,LOGAN,DEMOCRATIC,459,3283,DEM
GP 2020,PRESIDENT,A,1,26028,1,BERNIE,,SANDERS,STEPHENSON,DEMOCRATIC,1100,3284,DEM
GP 2020,PRESIDENT,A,1,26028,1,BERNIE,,SANDERS,JOHNSON,DEMOCRATIC,157,3285,DEM
GP 2020,PRESIDENT,A,1,26028,1,BERNIE,,SANDERS,PIATT,DEMOCRATIC,415,3286,DEM
GP 2020,PRESIDENT,A,1,26028,1,BERNIE,,SANDERS,CASS,DEMOCRATIC,197,3287,DEM
GP 2020,PRESIDENT,A,1,26028,1,BERNIE,,SANDERS,DeWITT,DEMOCRATIC,271,3288,DEM
GP 2020,PRESIDENT,A,1,26028,1,BERNIE,,SANDERS,IROQUOIS,DEMOCRATIC,379,3289,DEM
GP 2020,PRESIDENT,A,1,26028,1,BERNIE,,SANDERS,LAWRENCE,DEMOCRATIC,182,3290,DEM
GP 2020,PRESIDENT,A,1,26028,1,BERNIE,,SANDERS,SHELBY,DEMOCRATIC,298,3291,DEM
GP 2020,PRESIDENT,A,1,26028,1,BERNIE,,SANDERS,McDONOUGH,DEMOCRATIC,711,3292,DEM
GP 2020,PRESIDENT,A,1,26028,1,BERNIE,,SANDERS,SALINE,DEMOCRATIC,399,3293,DEM
GP 2020,PRESIDENT,A,1,26028,1,BERNIE,,SANDERS,RICHLAND,DEMOCRATIC,237,3294,DEM
GP 2020,PRESIDENT,A,1,26028,1,BERNIE,,SANDERS,RANDOLPH,DEMOCRATIC,418,3295,DEM
GP 2020,PRESIDENT,A,1,26028,1,BERNIE,,SANDERS,JASPER,DEMOCRATIC,120,3296,DEM
GP 2020,PRESIDENT,A,1,26028,1,BERNIE,,SANDERS,MASON,DEMOCRATIC,275,3297,DEM
GP 2020,PRESIDENT,A,1,26028,1,BERNIE,,SANDERS,CARROLL,DEMOCRATIC,270,3298,DEM
GP 2020,PRESIDENT,A,1,26028,1,BERNIE,,SANDERS,MORGAN,DEMOCRATIC,606,3299,DEM
GP 2020,PRESIDENT,A,1,26028,1,BERNIE,,SANDERS,POPE,DEMOCRATIC,71,3300,DEM
GP 2020,PRESIDENT,A,1,26028,1,BERNIE,,SANDERS,MASSAC,DEMOCRATIC,226,3301,DEM
GP 2020,PRESIDENT,A,1,26028,1,BERNIE,,SANDERS,PERRY,DEMOCRATIC,328,3302,DEM
GP 2020,PRESIDENT,A,1,26028,1,BERNIE,,SANDERS,WASHINGTON,DEMOCRATIC,198,3303,DEM
GP 2020,PRESIDENT,A,1,26028,1,BERNIE,,SANDERS,CLINTON,DEMOCRATIC,455,3304,DEM
GP 2020,PRESIDENT,A,1,26028,1,BERNIE,,SANDERS,CALHOUN,DEMOCRATIC,72,3305,DEM
GP 2020,PRESIDENT,A,1,26028,1,BERNIE,,SANDERS,OGLE,DEMOCRATIC,1479,3306,DEM
GP 2020,PRESIDENT,A,1,26028,1,BERNIE,,SANDERS,ST. CLAIR,DEMOCRATIC,7567,3307,DEM
GP 2020,PRESIDENT,A,1,26028,1,BERNIE,,SANDERS,WHITESIDE,DEMOCRATIC,1434,3308,DEM
GP 2020,PRESIDENT,A,1,26028,1,BERNIE,,SANDERS,GREENE,DEMOCRATIC,187,3309,DEM
GP 2020,PRESIDENT,A,1,26026,1,TOM,,STEYER,RICHLAND,DEMOCRATIC,4,3310,DEM
GP 2020,PRESIDENT,A,1,26026,1,TOM,,STEYER,RANDOLPH,DEMOCRATIC,4,3311,DEM
GP 2020,PRESIDENT,A,1,26026,1,TOM,,STEYER,JASPER,DEMOCRATIC,0,3312,DEM
GP 2020,PRESIDENT,A,1,26026,1,TOM,,STEYER,MASON,DEMOCRATIC,8,3313,DEM
GP 2020,PRESIDENT,A,1,26026,1,TOM,,STEYER,PIATT,DEMOCRATIC,0,3314,DEM
GP 2020,PRESIDENT,A,1,26026,1,TOM,,STEYER,CASS,DEMOCRATIC,0,3315,DEM
GP 2020,PRESIDENT,A,1,26026,1,TOM,,STEYER,POPE,DEMOCRATIC,0,3316,DEM
GP 2020,PRESIDENT,A,1,26026,1,TOM,,STEYER,MASSAC,DEMOCRATIC,2,3317,DEM
GP 2020,PRESIDENT,A,1,26026,1,TOM,,STEYER,PERRY,DEMOCRATIC,6,3318,DEM
GP 2020,PRESIDENT,A,1,26026,1,TOM,,STEYER,WASHINGTON,DEMOCRATIC,0,3319,DEM
GP 2020,PRESIDENT,A,1,26026,1,TOM,,STEYER,McDONOUGH,DEMOCRATIC,8,3320,DEM
GP 2020,PRESIDENT,A,1,26026,1,TOM,,STEYER,SALINE,DEMOCRATIC,6,3321,DEM
GP 2020,PRESIDENT,A,1,26026,1,TOM,,STEYER,PEORIA,DEMOCRATIC,28,3322,DEM
GP 2020,PRESIDENT,A,1,26026,1,TOM,,STEYER,FAYETTE,DEMOCRATIC,1,3323,DEM
GP 2020,PRESIDENT,A,1,26026,1,TOM,,STEYER,WHITESIDE,DEMOCRATIC,15,3324,DEM
GP 2020,PRESIDENT,A,1,26026,1,TOM,,STEYER,GREENE,DEMOCRATIC,4,3325,DEM
GP 2020,PRESIDENT,A,1,26026,1,TOM,,STEYER,CARROLL,DEMOCRATIC,9,3326,DEM
GP 2020,PRESIDENT,A,1,26026,1,TOM,,STEYER,MORGAN,DEMOCRATIC,4,3327,DEM
GP 2020,PRESIDENT,A,1,26026,1,TOM,,STEYER,LaSALLE,DEMOCRATIC,12,3328,DEM
GP 2020,PRESIDENT,A,1,26026,1,TOM,,STEYER,WHITE,DEMOCRATIC,1,3329,DEM
GP 2020,PRESIDENT,A,1,26026,1,TOM,,STEYER,JoDAVIESS,DEMOCRATIC,6,3330,DEM
GP 2020,PRESIDENT,A,1,26026,1,TOM,,STEYER,BROWN,DEMOCRATIC,3,3331,DEM
GP 2020,PRESIDENT,A,1,26026,1,TOM,,STEYER,PIKE,DEMOCRATIC,3,3332,DEM
GP 2020,PRESIDENT,A,1,26026,1,TOM,,STEYER,WAYNE,DEMOCRATIC,5,3333,DEM
GP 2020,PRESIDENT,A,1,26026,1,TOM,,STEYER,HANCOCK,DEMOCRATIC,6,3334,DEM
GP 2020,PRESIDENT,A,1,26026,1,TOM,,STEYER,COOK,DEMOCRATIC,853,3335,DEM
GP 2020,PRESIDENT,A,1,26026,1,TOM,,STEYER,UNION,DEMOCRATIC,1,3336,DEM
GP 2020,PRESIDENT,A,1,26026,1,TOM,,STEYER,CHAMPAIGN,DEMOCRATIC,21,3337,DEM
GP 2020,PRESIDENT,A,1,26026,1,TOM,,STEYER,SCHUYLER,DEMOCRATIC,1,3338,DEM
GP 2020,PRESIDENT,A,1,26026,1,TOM,,STEYER,LAKE,DEMOCRATIC,29,3339,DEM
GP 2020,PRESIDENT,A,1,26026,1,TOM,,STEYER,EFFINGHAM,DEMOCRATIC,1,3340,DEM
GP 2020,PRESIDENT,A,1,26026,1,TOM,,STEYER,MERCER,DEMOCRATIC,10,3341,DEM
GP 2020,PRESIDENT,A,1,26026,1,TOM,,STEYER,ALEXANDER,DEMOCRATIC,0,3342,DEM
GP 2020,PRESIDENT,A,1,26026,1,TOM,,STEYER,MARION,DEMOCRATIC,17,3343,DEM
GP 2020,PRESIDENT,A,1,26026,1,TOM,,STEYER,DuPAGE,DEMOCRATIC,33,3344,DEM
GP 2020,PRESIDENT,A,1,26026,1,TOM,,STEYER,JACKSON,DEMOCRATIC,8,3345,DEM
GP 2020,PRESIDENT,A,1,26026,1,TOM,,STEYER,WABASH,DEMOCRATIC,1,3346,DEM
GP 2020,PRESIDENT,A,1,26026,1,TOM,,STEYER,KNOX,DEMOCRATIC,17,3347,DEM
GP 2020,PRESIDENT,A,1,26026,1,TOM,,STEYER,WILL,DEMOCRATIC,60,3348,DEM
GP 2020,PRESIDENT,A,1,26026,1,TOM,,STEYER,DeKALB,DEMOCRATIC,3,3349,DEM
GP 2020,PRESIDENT,A,1,26026,1,TOM,,STEYER,WINNEBAGO,DEMOCRATIC,30,3350,DEM
GP 2020,PRESIDENT,A,1,26026,1,TOM,,STEYER,KENDALL,DEMOCRATIC,10,3351,DEM
GP 2020,PRESIDENT,A,1,26026,1,TOM,,STEYER,ST. CLAIR,DEMOCRATIC,34,3352,DEM
GP 2020,PRESIDENT,A,1,26026,1,TOM,,STEYER,CUMBERLAND,DEMOCRATIC,2,3353,DEM
GP 2020,PRESIDENT,A,1,26026,1,TOM,,STEYER,VERMILION,DEMOCRATIC,9,3354,DEM
GP 2020,PRESIDENT,A,1,26026,1,TOM,,STEYER,MONROE,DEMOCRATIC,5,3355,DEM
GP 2020,PRESIDENT,A,1,26026,1,TOM,,STEYER,McLEAN,DEMOCRATIC,11,3356,DEM
GP 2020,PRESIDENT,A,1,26026,1,TOM,,STEYER,FRANKLIN,DEMOCRATIC,9,3357,DEM
GP 2020,PRESIDENT,A,1,26026,1,TOM,,STEYER,McHENRY,DEMOCRATIC,16,3358,DEM
GP 2020,PRESIDENT,A,1,26026,1,TOM,,STEYER,COLES,DEMOCRATIC,7,3359,DEM
GP 2020,PRESIDENT,A,1,26026,1,TOM,,STEYER,TAZEWELL,DEMOCRATIC,14,3360,DEM
GP 2020,PRESIDENT,A,1,26026,1,TOM,,STEYER,CLINTON,DEMOCRATIC,4,3361,DEM
GP 2020,PRESIDENT,A,1,26026,1,TOM,,STEYER,CALHOUN,DEMOCRATIC,0,3362,DEM
GP 2020,PRESIDENT,A,1,26026,1,TOM,,STEYER,OGLE,DEMOCRATIC,1,3363,DEM
GP 2020,PRESIDENT,A,1,26026,1,TOM,,STEYER,PULASKI,DEMOCRATIC,2,3364,DEM
GP 2020,PRESIDENT,A,1,26026,1,TOM,,STEYER,ROCK ISLAND,DEMOCRATIC,64,3365,DEM
GP 2020,PRESIDENT,A,1,26026,1,TOM,,STEYER,MADISON,DEMOCRATIC,29,3366,DEM
GP 2020,PRESIDENT,A,1,26026,1,TOM,,STEYER,GALLATIN,DEMOCRATIC,3,3367,DEM
GP 2020,PRESIDENT,A,1,26026,1,TOM,,STEYER,PUTNAM,DEMOCRATIC,2,3368,DEM
GP 2020,PRESIDENT,A,1,26026,1,TOM,,STEYER,HARDIN,DEMOCRATIC,2,3369,DEM
GP 2020,PRESIDENT,A,1,26026,1,TOM,,STEYER,CHRISTIAN,DEMOCRATIC,9,3370,DEM
GP 2020,PRESIDENT,A,1,26026,1,TOM,,STEYER,DOUGLAS,DEMOCRATIC,3,3371,DEM
GP 2020,PRESIDENT,A,1,26026,1,TOM,,STEYER,SANGAMON,DEMOCRATIC,10,3372,DEM
GP 2020,PRESIDENT,A,1,26026,1,TOM,,STEYER,BUREAU,DEMOCRATIC,7,3373,DEM
GP 2020,PRESIDENT,A,1,26026,1,TOM,,STEYER,SCOTT,DEMOCRATIC,0,3374,DEM
GP 2020,PRESIDENT,A,1,26026,1,TOM,,STEYER,WARREN,DEMOCRATIC,8,3375,DEM
GP 2020,PRESIDENT,A,1,26026,1,TOM,,STEYER,KANKAKEE,DEMOCRATIC,7,3376,DEM
GP 2020,PRESIDENT,A,1,26026,1,TOM,,STEYER,LIVINGSTON,DEMOCRATIC,5,3377,DEM
GP 2020,PRESIDENT,A,1,26026,1,TOM,,STEYER,WOODFORD,DEMOCRATIC,0,3378,DEM
GP 2020,PRESIDENT,A,1,26026,1,TOM,,STEYER,CRAWFORD,DEMOCRATIC,3,3379,DEM
GP 2020,PRESIDENT,A,1,26026,1,TOM,,STEYER,BOND,DEMOCRATIC,5,3380,DEM
GP 2020,PRESIDENT,A,1,26026,1,TOM,,STEYER,HENDERSON,DEMOCRATIC,3,3381,DEM
GP 2020,PRESIDENT,A,1,26026,1,TOM,,STEYER,CLARK,DEMOCRATIC,4,3382,DEM
GP 2020,PRESIDENT,A,1,26026,1,TOM,,STEYER,MONTGOMERY,DEMOCRATIC,1,3383,DEM
GP 2020,PRESIDENT,A,1,26026,1,TOM,,STEYER,GRUNDY,DEMOCRATIC,6,3384,DEM
GP 2020,PRESIDENT,A,1,26026,1,TOM,,STEYER,STARK,DEMOCRATIC,0,3385,DEM
GP 2020,PRESIDENT,A,1,26026,1,TOM,,STEYER,EDGAR,DEMOCRATIC,3,3386,DEM
GP 2020,PRESIDENT,A,1,26026,1,TOM,,STEYER,MARSHALL,DEMOCRATIC,2,3387,DEM
GP 2020,PRESIDENT,A,1,26026,1,TOM,,STEYER,HAMILTON,DEMOCRATIC,0,3388,DEM
GP 2020,PRESIDENT,A,1,26026,1,TOM,,STEYER,MOULTRIE,DEMOCRATIC,3,3389,DEM
GP 2020,PRESIDENT,A,1,26026,1,TOM,,STEYER,FORD,DEMOCRATIC,0,3390,DEM
GP 2020,PRESIDENT,A,1,26026,1,TOM,,STEYER,MENARD,DEMOCRATIC,1,3391,DEM
GP 2020,PRESIDENT,A,1,26026,1,TOM,,STEYER,HENRY,DEMOCRATIC,12,3392,DEM
GP 2020,PRESIDENT,A,1,26026,1,TOM,,STEYER,KANE,DEMOCRATIC,33,3393,DEM
GP 2020,PRESIDENT,A,1,26026,1,TOM,,STEYER,MACOUPIN,DEMOCRATIC,19,3394,DEM
GP 2020,PRESIDENT,A,1,26026,1,TOM,,STEYER,CLAY,DEMOCRATIC,1,3395,DEM
GP 2020,PRESIDENT,A,1,26026,1,TOM,,STEYER,BOONE,DEMOCRATIC,5,3396,DEM
GP 2020,PRESIDENT,A,1,26026,1,TOM,,STEYER,LEE,DEMOCRATIC,5,3397,DEM
GP 2020,PRESIDENT,A,1,26026,1,TOM,,STEYER,EDWARDS,DEMOCRATIC,0,3398,DEM
GP 2020,PRESIDENT,A,1,26026,1,TOM,,STEYER,FULTON,DEMOCRATIC,5,3399,DEM
GP 2020,PRESIDENT,A,1,26026,1,TOM,,STEYER,WILLIAMSON,DEMOCRATIC,13,3400,DEM
GP 2020,PRESIDENT,A,1,26026,1,TOM,,STEYER,LOGAN,DEMOCRATIC,2,3401,DEM
GP 2020,PRESIDENT,A,1,26026,1,TOM,,STEYER,STEPHENSON,DEMOCRATIC,10,3402,DEM
GP 2020,PRESIDENT,A,1,26026,1,TOM,,STEYER,JOHNSON,DEMOCRATIC,3,3403,DEM
GP 2020,PRESIDENT,A,1,26026,1,TOM,,STEYER,ADAMS,DEMOCRATIC,22,3404,DEM
GP 2020,PRESIDENT,A,1,26026,1,TOM,,STEYER,JEFFERSON,DEMOCRATIC,7,3405,DEM
GP 2020,PRESIDENT,A,1,26026,1,TOM,,STEYER,DeWITT,DEMOCRATIC,5,3406,DEM
GP 2020,PRESIDENT,A,1,26026,1,TOM,,STEYER,IROQUOIS,DEMOCRATIC,1,3407,DEM
GP 2020,PRESIDENT,A,1,26026,1,TOM,,STEYER,LAWRENCE,DEMOCRATIC,2,3408,DEM
GP 2020,PRESIDENT,A,1,26026,1,TOM,,STEYER,SHELBY,DEMOCRATIC,6,3409,DEM
GP 2020,PRESIDENT,A,1,26026,1,TOM,,STEYER,JERSEY,DEMOCRATIC,2,3410,DEM
GP 2020,PRESIDENT,A,1,26026,1,TOM,,STEYER,MACON,DEMOCRATIC,7,3411,DEM
GP 2020,MASON/TAZEWELL/WOODFORD SUPERINTENDENT OF SCHOOLS,K,1,25770,122,JEFFREY,,EKENA,MASON,REPUBLICAN,948,3412,REP
GP 2020,MASON/TAZEWELL/WOODFORD SUPERINTENDENT OF SCHOOLS,K,1,25770,122,JEFFREY,,EKENA,LOGAN,REPUBLICAN,32,3413,REP
GP 2020,MASON/TAZEWELL/WOODFORD SUPERINTENDENT OF SCHOOLS,K,1,25770,122,JEFFREY,,EKENA,MARSHALL,REPUBLICAN,312,3414,REP
GP 2020,MASON/TAZEWELL/WOODFORD SUPERINTENDENT OF SCHOOLS,K,1,25770,122,JEFFREY,,EKENA,LIVINGSTON,REPUBLICAN,0,3415,REP
GP 2020,MASON/TAZEWELL/WOODFORD SUPERINTENDENT OF SCHOOLS,K,1,25770,122,JEFFREY,,EKENA,WOODFORD,REPUBLICAN,2974,3416,REP
GP 2020,MASON/TAZEWELL/WOODFORD SUPERINTENDENT OF SCHOOLS,K,1,25770,122,JEFFREY,,EKENA,TAZEWELL,REPUBLICAN,7171,3417,REP
GP 2020,MASON/TAZEWELL/WOODFORD SUPERINTENDENT OF SCHOOLS,K,1,25770,122,JEFFREY,,EKENA,McLEAN,REPUBLICAN,402,3418,REP
GP 2020,MASON/TAZEWELL/WOODFORD SUPERINTENDENT OF SCHOOLS,K,1,25770,122,JEFFREY,,EKENA,LaSALLE,REPUBLICAN,51,3419,REP
GP 2020,PRAIRIE DUPONT LEVEE AND SANITARY DISTRICT,KX,5,25835,1,MICHAEL E,,SULLIVAN,ST. CLAIR,DEMOCRATIC,220,3420,DEM
GP 2020,PRAIRIE DUPONT LEVEE AND SANITARY DISTRICT,KX,5,25835,1,MICHAEL E,,SULLIVAN,MONROE,DEMOCRATIC,1,3421,DEM
GP 2020,PRAIRIE DUPONT LEVEE AND SANITARY DISTRICT,KX,5,25833,1,DENNIS E.,,FOUTCH,ST. CLAIR,DEMOCRATIC,195,3422,DEM
GP 2020,PRAIRIE DUPONT LEVEE AND SANITARY DISTRICT,KX,5,25833,1,DENNIS E.,,FOUTCH,MONROE,DEMOCRATIC,1,3423,DEM
GP 2020,PRAIRIE DUPONT LEVEE AND SANITARY DISTRICT,KX,5,25830,1,DAVID E.,,WALSTER,ST. CLAIR,DEMOCRATIC,182,3424,DEM
GP 2020,PRAIRIE DUPONT LEVEE AND SANITARY DISTRICT,KX,5,25830,1,DAVID E.,,WALSTER,MONROE,DEMOCRATIC,1,3425,DEM
GP 2020,PRAIRIE DUPONT LEVEE AND SANITARY DISTRICT,KX,5,25832,1,MICHAEL H.,,LINDHORST,ST. CLAIR,DEMOCRATIC,180,3426,DEM
GP 2020,PRAIRIE DUPONT LEVEE AND SANITARY DISTRICT,KX,5,25832,1,MICHAEL H.,,LINDHORST,MONROE,DEMOCRATIC,1,3427,DEM
GP 2020,PRAIRIE DUPONT LEVEE AND SANITARY DISTRICT,KX,5,25834,1,RANDY C.,,BOLLE,ST. CLAIR,DEMOCRATIC,164,3428,DEM
GP 2020,PRAIRIE DUPONT LEVEE AND SANITARY DISTRICT,KX,5,25834,1,RANDY C.,,BOLLE,MONROE,DEMOCRATIC,1,3429,DEM
GP 2020,1ST SUPREME - FREEMAN VACANCY,LA,1,25657,105,SHELLY A.,,HARRIS,COOK,DEMOCRATIC,123166,3430,DEM
GP 2020,1ST SUPREME - FREEMAN VACANCY,LA,1,25697,105,MARGARET STANTON,,McBRIDE,COOK,DEMOCRATIC,101475,3431,DEM
GP 2020,1ST SUPREME - FREEMAN VACANCY,LA,1,25785,105,JESSE G,,REYES,COOK,DEMOCRATIC,165344,3432,DEM
GP 2020,1ST SUPREME - FREEMAN VACANCY,LA,1,25984,105,NATHANIEL ROOSEVELT,,HOWSE,COOK,DEMOCRATIC,41205,3433,DEM
GP 2020,1ST SUPREME - FREEMAN VACANCY,LA,1,25745,105,CYNTHIA Y.,,COBBS,COOK,DEMOCRATIC,103497,3434,DEM
GP 2020,1ST SUPREME - FREEMAN VACANCY,LA,1,25639,105,DANIEL,,EPSTEIN,COOK,DEMOCRATIC,66762,3435,DEM
GP 2020,1ST SUPREME - FREEMAN VACANCY,LA,1,26660,105,RICHARD,,MAYERS,COOK,REPUBLICAN,22,3436,REP
GP 2020,1ST SUPREME - FREEMAN VACANCY,LA,1,25525,105,P. SCOTT,,"NEVILLE, JR.",COOK,DEMOCRATIC,214066,3437,DEM
GP 2020,"1ST APPELLATE - NEVILLE, JR. VACANCY",LB,1,25645,110,CAROLYN J.,,GALLAGHER,COOK,DEMOCRATIC,130067,3438,DEM
GP 2020,"1ST APPELLATE - NEVILLE, JR. VACANCY",LB,1,25721,110,MAUREEN PATRICIA,,O'LEARY,COOK,DEMOCRATIC,159423,3439,DEM
GP 2020,"1ST APPELLATE - NEVILLE, JR. VACANCY",LB,1,25742,110,SANDRA GISELA,,RAMOS,COOK,DEMOCRATIC,207989,3440,DEM
GP 2020,"1ST APPELLATE - NEVILLE, JR. VACANCY",LB,1,26661,110,RICHARD,,MAYERS,COOK,REPUBLICAN,21,3441,REP
GP 2020,"1ST APPELLATE - NEVILLE, JR. VACANCY",LB,1,25575,110,MICHAEL B.,,HYMAN,COOK,DEMOCRATIC,273898,3442,DEM
GP 2020,1ST CIRCUIT - WILLIAMSON VACANCY,LD,1,25786,125,JAMES LAWRENCE,,SANDERS,JOHNSON,REPUBLICAN,531,3443,REP
GP 2020,1ST CIRCUIT - WILLIAMSON VACANCY,LD,1,25855,125,D. BRIAN,,TRAMBLEY,JOHNSON,REPUBLICAN,977,3444,REP
GP 2020,1ST CIRCUIT - WILLIAMSON VACANCY,LD,1,25621,125,SARAH,,TRIPP,JOHNSON,REPUBLICAN,1461,3445,REP
GP 2020,1ST APPELLATE - SIMON VACANCY,LB,1,25576,115,JOHN,,GRIFFIN,COOK,DEMOCRATIC,358226,3446,DEM
GP 2020,1ST APPELLATE - SIMON VACANCY,LB,1,25519,115,SHARON O.,,JOHNSON,COOK,DEMOCRATIC,395022,3447,DEM
GP 2020,2ND CIRCUIT - OVERSTREET VACANCY,LD,1,25622,210,SCOTT,,QUINN,RICHLAND,REPUBLICAN,472,3448,REP
GP 2020,2ND CIRCUIT - OVERSTREET VACANCY,LD,1,25622,210,SCOTT,,QUINN,LAWRENCE,REPUBLICAN,252,3449,REP
GP 2020,2ND CIRCUIT - OVERSTREET VACANCY,LD,1,25622,210,SCOTT,,QUINN,FRANKLIN,REPUBLICAN,779,3450,REP
GP 2020,2ND CIRCUIT - OVERSTREET VACANCY,LD,1,25622,210,SCOTT,,QUINN,WABASH,REPUBLICAN,560,3451,REP
GP 2020,2ND CIRCUIT - OVERSTREET VACANCY,LD,1,25622,210,SCOTT,,QUINN,WHITE,REPUBLICAN,484,3452,REP
GP 2020,2ND CIRCUIT - OVERSTREET VACANCY,LD,1,25622,210,SCOTT,,QUINN,WAYNE,REPUBLICAN,764,3453,REP
GP 2020,2ND CIRCUIT - OVERSTREET VACANCY,LD,1,25622,210,SCOTT,,QUINN,JEFFERSON,REPUBLICAN,2677,3454,REP
GP 2020,2ND CIRCUIT - OVERSTREET VACANCY,LD,1,25622,210,SCOTT,,QUINN,EDWARDS,REPUBLICAN,272,3455,REP
GP 2020,2ND CIRCUIT - OVERSTREET VACANCY,LD,1,25622,210,SCOTT,,QUINN,HAMILTON,REPUBLICAN,303,3456,REP
GP 2020,2ND CIRCUIT - OVERSTREET VACANCY,LD,1,25622,210,SCOTT,,QUINN,CRAWFORD,REPUBLICAN,276,3457,REP
GP 2020,2ND CIRCUIT - OVERSTREET VACANCY,LD,1,25622,210,SCOTT,,QUINN,GALLATIN,REPUBLICAN,141,3458,REP
GP 2020,2ND CIRCUIT - OVERSTREET VACANCY,LD,1,25622,210,SCOTT,,QUINN,HARDIN,REPUBLICAN,110,3459,REP
GP 2020,2ND CIRCUIT - OVERSTREET VACANCY,LD,1,25656,210,COURTNEY,,COX,RICHLAND,REPUBLICAN,805,3460,REP
GP 2020,2ND CIRCUIT - OVERSTREET VACANCY,LD,1,25656,210,COURTNEY,,COX,LAWRENCE,REPUBLICAN,567,3461,REP
GP 2020,2ND CIRCUIT - OVERSTREET VACANCY,LD,1,25656,210,COURTNEY,,COX,JEFFERSON,REPUBLICAN,1439,3462,REP
GP 2020,2ND CIRCUIT - OVERSTREET VACANCY,LD,1,25656,210,COURTNEY,,COX,EDWARDS,REPUBLICAN,283,3463,REP
GP 2020,2ND CIRCUIT - OVERSTREET VACANCY,LD,1,25656,210,COURTNEY,,COX,HAMILTON,REPUBLICAN,557,3464,REP
GP 2020,2ND CIRCUIT - OVERSTREET VACANCY,LD,1,25656,210,COURTNEY,,COX,CRAWFORD,REPUBLICAN,724,3465,REP
GP 2020,2ND CIRCUIT - OVERSTREET VACANCY,LD,1,25656,210,COURTNEY,,COX,GALLATIN,REPUBLICAN,166,3466,REP
GP 2020,2ND CIRCUIT - OVERSTREET VACANCY,LD,1,25656,210,COURTNEY,,COX,HARDIN,REPUBLICAN,317,3467,REP
GP 2020,2ND CIRCUIT - OVERSTREET VACANCY,LD,1,25656,210,COURTNEY,,COX,FRANKLIN,REPUBLICAN,3170,3468,REP
GP 2020,2ND CIRCUIT - OVERSTREET VACANCY,LD,1,25656,210,COURTNEY,,COX,WABASH,REPUBLICAN,492,3469,REP
GP 2020,2ND CIRCUIT - OVERSTREET VACANCY,LD,1,25656,210,COURTNEY,,COX,WHITE,REPUBLICAN,459,3470,REP
GP 2020,2ND CIRCUIT - OVERSTREET VACANCY,LD,1,25656,210,COURTNEY,,COX,WAYNE,REPUBLICAN,751,3471,REP
GP 2020,2ND CIRCUIT - OVERSTREET VACANCY,LD,1,25733,210,MATTHEW J.,,HARTRICH,RICHLAND,REPUBLICAN,1721,3472,REP
GP 2020,2ND CIRCUIT - OVERSTREET VACANCY,LD,1,25733,210,MATTHEW J.,,HARTRICH,LAWRENCE,REPUBLICAN,868,3473,REP
GP 2020,2ND CIRCUIT - OVERSTREET VACANCY,LD,1,25733,210,MATTHEW J.,,HARTRICH,JEFFERSON,REPUBLICAN,591,3474,REP
GP 2020,2ND CIRCUIT - OVERSTREET VACANCY,LD,1,25733,210,MATTHEW J.,,HARTRICH,EDWARDS,REPUBLICAN,700,3475,REP
GP 2020,2ND CIRCUIT - OVERSTREET VACANCY,LD,1,25733,210,MATTHEW J.,,HARTRICH,HAMILTON,REPUBLICAN,278,3476,REP
GP 2020,2ND CIRCUIT - OVERSTREET VACANCY,LD,1,25733,210,MATTHEW J.,,HARTRICH,CRAWFORD,REPUBLICAN,1600,3477,REP
GP 2020,2ND CIRCUIT - OVERSTREET VACANCY,LD,1,25733,210,MATTHEW J.,,HARTRICH,GALLATIN,REPUBLICAN,101,3478,REP
GP 2020,2ND CIRCUIT - OVERSTREET VACANCY,LD,1,25733,210,MATTHEW J.,,HARTRICH,HARDIN,REPUBLICAN,64,3479,REP
GP 2020,2ND CIRCUIT - OVERSTREET VACANCY,LD,1,25733,210,MATTHEW J.,,HARTRICH,FRANKLIN,REPUBLICAN,455,3480,REP
GP 2020,2ND CIRCUIT - OVERSTREET VACANCY,LD,1,25733,210,MATTHEW J.,,HARTRICH,WABASH,REPUBLICAN,842,3481,REP
GP 2020,2ND CIRCUIT - OVERSTREET VACANCY,LD,1,25733,210,MATTHEW J.,,HARTRICH,WHITE,REPUBLICAN,855,3482,REP
GP 2020,2ND CIRCUIT - OVERSTREET VACANCY,LD,1,25733,210,MATTHEW J.,,HARTRICH,WAYNE,REPUBLICAN,1788,3483,REP
GP 2020,2ND CIRCUIT - LAMAR VACANCY,LD,1,25856,215,DANIEL K.,,COCKRUM,HARDIN,DEMOCRATIC,236,3484,DEM
GP 2020,2ND CIRCUIT - LAMAR VACANCY,LD,1,25814,215,TARA R.,,WALLACE,HARDIN,REPUBLICAN,382,3485,REP
GP 2020,2ND CIRCUIT - DUNN VACANCY,LD,1,25653,220,CHELSEY E.,,CLARK,RICHLAND,REPUBLICAN,1341,3486,REP
GP 2020,2ND CIRCUIT - DUNN VACANCY,LD,1,25842,220,RAY W.,,VAUGHN,RICHLAND,REPUBLICAN,1974,3487,REP
GP 2020,3RD CIRCUIT - MATOESIAN VACANCY,LD,1,25902,310,STEVE,,STOBBS,BOND,REPUBLICAN,1109,3488,REP
GP 2020,3RD CIRCUIT - MATOESIAN VACANCY,LD,1,25902,310,STEVE,,STOBBS,MADISON,REPUBLICAN,12368,3489,REP
GP 2020,3RD CIRCUIT - MATOESIAN VACANCY,LD,1,26638,310,LESLIE ANN,,WOOD,MADISON,DEMOCRATIC,1506,3490,DEM
GP 2020,3RD CIRCUIT - MATOESIAN VACANCY,LD,1,26638,310,LESLIE ANN,,WOOD,BOND,DEMOCRATIC,0,3491,DEM
GP 2020,4TH CIRCUIT - TODD VACANCY,LD,1,25793,415,JOEL J.C.,,POWLESS,CLAY,REPUBLICAN,2392,3492,REP
GP 2020,6TH CIRCUIT - DIFANIS VACANCY,LD,1,25888,610,SCOTT A.,,LERNER,PIATT,DEMOCRATIC,1056,3493,DEM
GP 2020,6TH CIRCUIT - DIFANIS VACANCY,LD,1,25888,610,SCOTT A.,,LERNER,DeWITT,DEMOCRATIC,749,3494,DEM
GP 2020,6TH CIRCUIT - DIFANIS VACANCY,LD,1,25888,610,SCOTT A.,,LERNER,MACON,DEMOCRATIC,6066,3495,DEM
GP 2020,6TH CIRCUIT - DIFANIS VACANCY,LD,1,25888,610,SCOTT A.,,LERNER,MOULTRIE,DEMOCRATIC,668,3496,DEM
GP 2020,6TH CIRCUIT - DIFANIS VACANCY,LD,1,25888,610,SCOTT A.,,LERNER,DOUGLAS,DEMOCRATIC,702,3497,DEM
GP 2020,6TH CIRCUIT - DIFANIS VACANCY,LD,1,25888,610,SCOTT A.,,LERNER,CHAMPAIGN,DEMOCRATIC,19497,3498,DEM
GP 2020,6TH CIRCUIT - DIFANIS VACANCY,LD,1,25775,610,JASON,,BOHM,PIATT,REPUBLICAN,1812,3499,REP
GP 2020,6TH CIRCUIT - DIFANIS VACANCY,LD,1,25775,610,JASON,,BOHM,DeWITT,REPUBLICAN,2035,3500,REP
GP 2020,6TH CIRCUIT - DIFANIS VACANCY,LD,1,25775,610,JASON,,BOHM,MACON,REPUBLICAN,6620,3501,REP
GP 2020,6TH CIRCUIT - DIFANIS VACANCY,LD,1,25775,610,JASON,,BOHM,MOULTRIE,REPUBLICAN,1356,3502,REP
GP 2020,6TH CIRCUIT - DIFANIS VACANCY,LD,1,25775,610,JASON,,BOHM,DOUGLAS,REPUBLICAN,2321,3503,REP
GP 2020,6TH CIRCUIT - DIFANIS VACANCY,LD,1,25775,610,JASON,,BOHM,CHAMPAIGN,REPUBLICAN,7424,3504,REP
GP 2020,6TH CIRCUIT - WEBBER VACANCY,LD,1,25783,620,JEFFREY S.,,GEISLER,PIATT,REPUBLICAN,1793,3505,REP
GP 2020,6TH CIRCUIT - WEBBER VACANCY,LD,1,25783,620,JEFFREY S.,,GEISLER,DeWITT,REPUBLICAN,2037,3506,REP
GP 2020,6TH CIRCUIT - WEBBER VACANCY,LD,1,25783,620,JEFFREY S.,,GEISLER,MACON,REPUBLICAN,6875,3507,REP
GP 2020,6TH CIRCUIT - WEBBER VACANCY,LD,1,25783,620,JEFFREY S.,,GEISLER,MOULTRIE,REPUBLICAN,1358,3508,REP
GP 2020,6TH CIRCUIT - WEBBER VACANCY,LD,1,25783,620,JEFFREY S.,,GEISLER,DOUGLAS,REPUBLICAN,2312,3509,REP
GP 2020,6TH CIRCUIT - WEBBER VACANCY,LD,1,25783,620,JEFFREY S.,,GEISLER,CHAMPAIGN,REPUBLICAN,7296,3510,REP
GP 2020,6TH CIRCUIT - JONES VACANCY,LD,1,25789,625,TROY,,LOZAR,CHAMPAIGN,DEMOCRATIC,1819,3511,DEM
GP 2020,6TH CIRCUIT - JONES VACANCY,LD,1,25816,625,RUTH E.,,WYMAN,CHAMPAIGN,DEMOCRATIC,9436,3512,DEM
GP 2020,6TH CIRCUIT - JONES VACANCY,LD,1,25916,625,DAVID R.,,MOORE,CHAMPAIGN,DEMOCRATIC,1809,3513,DEM
GP 2020,6TH CIRCUIT - JONES VACANCY,LD,1,25772,625,RAMONA,,SULLIVAN,CHAMPAIGN,DEMOCRATIC,9674,3514,DEM
GP 2020,6TH CIRCUIT - JONES VACANCY,LD,1,25879,625,CHERALYN (CHERIE),,KESLER,CHAMPAIGN,REPUBLICAN,7342,3515,REP
GP 2020,6TH CIRCUIT - FINSON VACANCY,LD,1,25851,630,DANA,,RHOADES,PIATT,REPUBLICAN,1809,3516,REP
GP 2020,7TH CIRCUIT - GRAVES VACANCY,LD,1,25695,710,GAIL,,NOLL,GREENE,REPUBLICAN,1021,3517,REP
GP 2020,7TH CIRCUIT - GRAVES VACANCY,LD,1,25695,710,GAIL,,NOLL,MORGAN,REPUBLICAN,2302,3518,REP
GP 2020,7TH CIRCUIT - GRAVES VACANCY,LD,1,25695,710,GAIL,,NOLL,JERSEY,REPUBLICAN,1364,3519,REP
GP 2020,7TH CIRCUIT - GRAVES VACANCY,LD,1,25695,710,GAIL,,NOLL,MACOUPIN,REPUBLICAN,2704,3520,REP
GP 2020,7TH CIRCUIT - GRAVES VACANCY,LD,1,25695,710,GAIL,,NOLL,SANGAMON,REPUBLICAN,9473,3521,REP
GP 2020,7TH CIRCUIT - GRAVES VACANCY,LD,1,25695,710,GAIL,,NOLL,SCOTT,REPUBLICAN,1010,3522,REP
GP 2020,7TH CIRCUIT - SCHMIDT VACANCY,LD,1,25703,720,ADAM,,GIGANTI,GREENE,REPUBLICAN,1013,3523,REP
GP 2020,7TH CIRCUIT - SCHMIDT VACANCY,LD,1,25703,720,ADAM,,GIGANTI,MORGAN,REPUBLICAN,2221,3524,REP
GP 2020,7TH CIRCUIT - SCHMIDT VACANCY,LD,1,25703,720,ADAM,,GIGANTI,JERSEY,REPUBLICAN,1345,3525,REP
GP 2020,7TH CIRCUIT - SCHMIDT VACANCY,LD,1,25703,720,ADAM,,GIGANTI,MACOUPIN,REPUBLICAN,2691,3526,REP
GP 2020,7TH CIRCUIT - SCHMIDT VACANCY,LD,1,25703,720,ADAM,,GIGANTI,SANGAMON,REPUBLICAN,9518,3527,REP
GP 2020,7TH CIRCUIT - SCHMIDT VACANCY,LD,1,25703,720,ADAM,,GIGANTI,SCOTT,REPUBLICAN,987,3528,REP
GP 2020,5TH APPELLATE - CHAPMAN VACANCY,LB,1,25928,510,KATHERINE,,RUOCCO,POPE,REPUBLICAN,134,3529,REP
GP 2020,5TH APPELLATE - CHAPMAN VACANCY,LB,1,25928,510,KATHERINE,,RUOCCO,MASSAC,REPUBLICAN,527,3530,REP
GP 2020,5TH APPELLATE - CHAPMAN VACANCY,LB,1,25928,510,KATHERINE,,RUOCCO,PERRY,REPUBLICAN,739,3531,REP
GP 2020,5TH APPELLATE - CHAPMAN VACANCY,LB,1,25928,510,KATHERINE,,RUOCCO,WASHINGTON,REPUBLICAN,916,3532,REP
GP 2020,5TH APPELLATE - CHAPMAN VACANCY,LB,1,25928,510,KATHERINE,,RUOCCO,SALINE,REPUBLICAN,902,3533,REP
GP 2020,5TH APPELLATE - CHAPMAN VACANCY,LB,1,25928,510,KATHERINE,,RUOCCO,RICHLAND,REPUBLICAN,1075,3534,REP
GP 2020,5TH APPELLATE - CHAPMAN VACANCY,LB,1,25928,510,KATHERINE,,RUOCCO,FAYETTE,REPUBLICAN,1090,3535,REP
GP 2020,5TH APPELLATE - CHAPMAN VACANCY,LB,1,25928,510,KATHERINE,,RUOCCO,ALEXANDER,REPUBLICAN,73,3536,REP
GP 2020,5TH APPELLATE - CHAPMAN VACANCY,LB,1,25928,510,KATHERINE,,RUOCCO,MARION,REPUBLICAN,1605,3537,REP
GP 2020,5TH APPELLATE - CHAPMAN VACANCY,LB,1,25928,510,KATHERINE,,RUOCCO,JACKSON,REPUBLICAN,1018,3538,REP
GP 2020,5TH APPELLATE - CHAPMAN VACANCY,LB,1,25928,510,KATHERINE,,RUOCCO,UNION,REPUBLICAN,255,3539,REP
GP 2020,5TH APPELLATE - CHAPMAN VACANCY,LB,1,25928,510,KATHERINE,,RUOCCO,WHITE,REPUBLICAN,561,3540,REP
GP 2020,5TH APPELLATE - CHAPMAN VACANCY,LB,1,25928,510,KATHERINE,,RUOCCO,WAYNE,REPUBLICAN,1184,3541,REP
GP 2020,5TH APPELLATE - CHAPMAN VACANCY,LB,1,25928,510,KATHERINE,,RUOCCO,CLINTON,REPUBLICAN,1532,3542,REP
GP 2020,5TH APPELLATE - CHAPMAN VACANCY,LB,1,25928,510,KATHERINE,,RUOCCO,ST. CLAIR,REPUBLICAN,5362,3543,REP
GP 2020,5TH APPELLATE - CHAPMAN VACANCY,LB,1,25928,510,KATHERINE,,RUOCCO,MONROE,REPUBLICAN,1318,3544,REP
GP 2020,5TH APPELLATE - CHAPMAN VACANCY,LB,1,25928,510,KATHERINE,,RUOCCO,FRANKLIN,REPUBLICAN,1417,3545,REP
GP 2020,5TH APPELLATE - CHAPMAN VACANCY,LB,1,25928,510,KATHERINE,,RUOCCO,WABASH,REPUBLICAN,783,3546,REP
GP 2020,5TH APPELLATE - CHAPMAN VACANCY,LB,1,25928,510,KATHERINE,,RUOCCO,EFFINGHAM,REPUBLICAN,2394,3547,REP
GP 2020,5TH APPELLATE - CHAPMAN VACANCY,LB,1,25928,510,KATHERINE,,RUOCCO,BOND,REPUBLICAN,658,3548,REP
GP 2020,5TH APPELLATE - CHAPMAN VACANCY,LB,1,25928,510,KATHERINE,,RUOCCO,CHRISTIAN,REPUBLICAN,1301,3549,REP
GP 2020,5TH APPELLATE - CHAPMAN VACANCY,LB,1,25928,510,KATHERINE,,RUOCCO,PULASKI,REPUBLICAN,182,3550,REP
GP 2020,5TH APPELLATE - CHAPMAN VACANCY,LB,1,25928,510,KATHERINE,,RUOCCO,MADISON,REPUBLICAN,6962,3551,REP
GP 2020,5TH APPELLATE - CHAPMAN VACANCY,LB,1,25928,510,KATHERINE,,RUOCCO,GALLATIN,REPUBLICAN,143,3552,REP
GP 2020,5TH APPELLATE - CHAPMAN VACANCY,LB,1,25928,510,KATHERINE,,RUOCCO,HARDIN,REPUBLICAN,108,3553,REP
GP 2020,5TH APPELLATE - CHAPMAN VACANCY,LB,1,25928,510,KATHERINE,,RUOCCO,JEFFERSON,REPUBLICAN,1543,3554,REP
GP 2020,5TH APPELLATE - CHAPMAN VACANCY,LB,1,25928,510,KATHERINE,,RUOCCO,CLAY,REPUBLICAN,930,3555,REP
GP 2020,5TH APPELLATE - CHAPMAN VACANCY,LB,1,25928,510,KATHERINE,,RUOCCO,EDWARDS,REPUBLICAN,451,3556,REP
GP 2020,5TH APPELLATE - CHAPMAN VACANCY,LB,1,25928,510,KATHERINE,,RUOCCO,HAMILTON,REPUBLICAN,341,3557,REP
GP 2020,5TH APPELLATE - CHAPMAN VACANCY,LB,1,25928,510,KATHERINE,,RUOCCO,MONTGOMERY,REPUBLICAN,1035,3558,REP
GP 2020,5TH APPELLATE - CHAPMAN VACANCY,LB,1,25928,510,KATHERINE,,RUOCCO,CRAWFORD,REPUBLICAN,1052,3559,REP
GP 2020,5TH APPELLATE - CHAPMAN VACANCY,LB,1,25928,510,KATHERINE,,RUOCCO,RANDOLPH,REPUBLICAN,927,3560,REP
GP 2020,5TH APPELLATE - CHAPMAN VACANCY,LB,1,25928,510,KATHERINE,,RUOCCO,JASPER,REPUBLICAN,694,3561,REP
GP 2020,5TH APPELLATE - CHAPMAN VACANCY,LB,1,25928,510,KATHERINE,,RUOCCO,LAWRENCE,REPUBLICAN,630,3562,REP
GP 2020,5TH APPELLATE - CHAPMAN VACANCY,LB,1,25928,510,KATHERINE,,RUOCCO,SHELBY,REPUBLICAN,1431,3563,REP
GP 2020,5TH APPELLATE - CHAPMAN VACANCY,LB,1,25928,510,KATHERINE,,RUOCCO,WILLIAMSON,REPUBLICAN,1939,3564,REP
GP 2020,5TH APPELLATE - CHAPMAN VACANCY,LB,1,25928,510,KATHERINE,,RUOCCO,JOHNSON,REPUBLICAN,799,3565,REP
GP 2020,5TH APPELLATE - CHAPMAN VACANCY,LB,1,25872,510,SARAH,,SMITH,POPE,DEMOCRATIC,181,3566,DEM
GP 2020,5TH APPELLATE - CHAPMAN VACANCY,LB,1,25872,510,SARAH,,SMITH,MASSAC,DEMOCRATIC,588,3567,DEM
GP 2020,5TH APPELLATE - CHAPMAN VACANCY,LB,1,25872,510,SARAH,,SMITH,PERRY,DEMOCRATIC,1076,3568,DEM
GP 2020,5TH APPELLATE - CHAPMAN VACANCY,LB,1,25872,510,SARAH,,SMITH,WASHINGTON,DEMOCRATIC,531,3569,DEM
GP 2020,5TH APPELLATE - CHAPMAN VACANCY,LB,1,25872,510,SARAH,,SMITH,SALINE,DEMOCRATIC,1077,3570,DEM
GP 2020,5TH APPELLATE - CHAPMAN VACANCY,LB,1,25872,510,SARAH,,SMITH,RICHLAND,DEMOCRATIC,659,3571,DEM
GP 2020,5TH APPELLATE - CHAPMAN VACANCY,LB,1,25872,510,SARAH,,SMITH,FAYETTE,DEMOCRATIC,684,3572,DEM
GP 2020,5TH APPELLATE - CHAPMAN VACANCY,LB,1,25872,510,SARAH,,SMITH,ALEXANDER,DEMOCRATIC,376,3573,DEM
GP 2020,5TH APPELLATE - CHAPMAN VACANCY,LB,1,25872,510,SARAH,,SMITH,MARION,DEMOCRATIC,2238,3574,DEM
GP 2020,5TH APPELLATE - CHAPMAN VACANCY,LB,1,25872,510,SARAH,,SMITH,JACKSON,DEMOCRATIC,5221,3575,DEM
GP 2020,5TH APPELLATE - CHAPMAN VACANCY,LB,1,25872,510,SARAH,,SMITH,UNION,DEMOCRATIC,1212,3576,DEM
GP 2020,5TH APPELLATE - CHAPMAN VACANCY,LB,1,25872,510,SARAH,,SMITH,WHITE,DEMOCRATIC,655,3577,DEM
GP 2020,5TH APPELLATE - CHAPMAN VACANCY,LB,1,25872,510,SARAH,,SMITH,WAYNE,DEMOCRATIC,473,3578,DEM
GP 2020,5TH APPELLATE - CHAPMAN VACANCY,LB,1,25872,510,SARAH,,SMITH,CLINTON,DEMOCRATIC,1316,3579,DEM
GP 2020,5TH APPELLATE - CHAPMAN VACANCY,LB,1,25872,510,SARAH,,SMITH,ST. CLAIR,DEMOCRATIC,23395,3580,DEM
GP 2020,5TH APPELLATE - CHAPMAN VACANCY,LB,1,25872,510,SARAH,,SMITH,MONROE,DEMOCRATIC,2138,3581,DEM
GP 2020,5TH APPELLATE - CHAPMAN VACANCY,LB,1,25872,510,SARAH,,SMITH,FRANKLIN,DEMOCRATIC,2167,3582,DEM
GP 2020,5TH APPELLATE - CHAPMAN VACANCY,LB,1,25872,510,SARAH,,SMITH,WABASH,DEMOCRATIC,443,3583,DEM
GP 2020,5TH APPELLATE - CHAPMAN VACANCY,LB,1,25872,510,SARAH,,SMITH,EFFINGHAM,DEMOCRATIC,1412,3584,DEM
GP 2020,5TH APPELLATE - CHAPMAN VACANCY,LB,1,25872,510,SARAH,,SMITH,BOND,DEMOCRATIC,972,3585,DEM
GP 2020,5TH APPELLATE - CHAPMAN VACANCY,LB,1,25872,510,SARAH,,SMITH,CHRISTIAN,DEMOCRATIC,1663,3586,DEM
GP 2020,5TH APPELLATE - CHAPMAN VACANCY,LB,1,25872,510,SARAH,,SMITH,PULASKI,DEMOCRATIC,302,3587,DEM
GP 2020,5TH APPELLATE - CHAPMAN VACANCY,LB,1,25872,510,SARAH,,SMITH,MADISON,DEMOCRATIC,22329,3588,DEM
GP 2020,5TH APPELLATE - CHAPMAN VACANCY,LB,1,25872,510,SARAH,,SMITH,GALLATIN,DEMOCRATIC,427,3589,DEM
GP 2020,5TH APPELLATE - CHAPMAN VACANCY,LB,1,25872,510,SARAH,,SMITH,HARDIN,DEMOCRATIC,197,3590,DEM
GP 2020,5TH APPELLATE - CHAPMAN VACANCY,LB,1,25872,510,SARAH,,SMITH,JEFFERSON,DEMOCRATIC,1720,3591,DEM
GP 2020,5TH APPELLATE - CHAPMAN VACANCY,LB,1,25872,510,SARAH,,SMITH,CLAY,DEMOCRATIC,417,3592,DEM
GP 2020,5TH APPELLATE - CHAPMAN VACANCY,LB,1,25872,510,SARAH,,SMITH,EDWARDS,DEMOCRATIC,189,3593,DEM
GP 2020,5TH APPELLATE - CHAPMAN VACANCY,LB,1,25872,510,SARAH,,SMITH,HAMILTON,DEMOCRATIC,466,3594,DEM
GP 2020,5TH APPELLATE - CHAPMAN VACANCY,LB,1,25872,510,SARAH,,SMITH,MONTGOMERY,DEMOCRATIC,1372,3595,DEM
GP 2020,5TH APPELLATE - CHAPMAN VACANCY,LB,1,25872,510,SARAH,,SMITH,CRAWFORD,DEMOCRATIC,856,3596,DEM
GP 2020,5TH APPELLATE - CHAPMAN VACANCY,LB,1,25872,510,SARAH,,SMITH,RANDOLPH,DEMOCRATIC,1512,3597,DEM
GP 2020,5TH APPELLATE - CHAPMAN VACANCY,LB,1,25872,510,SARAH,,SMITH,JASPER,DEMOCRATIC,412,3598,DEM
GP 2020,5TH APPELLATE - CHAPMAN VACANCY,LB,1,25872,510,SARAH,,SMITH,LAWRENCE,DEMOCRATIC,617,3599,DEM
GP 2020,5TH APPELLATE - CHAPMAN VACANCY,LB,1,25872,510,SARAH,,SMITH,SHELBY,DEMOCRATIC,1113,3600,DEM
GP 2020,5TH APPELLATE - CHAPMAN VACANCY,LB,1,25872,510,SARAH,,SMITH,WILLIAMSON,DEMOCRATIC,3637,3601,DEM
GP 2020,5TH APPELLATE - CHAPMAN VACANCY,LB,1,25872,510,SARAH,,SMITH,JOHNSON,DEMOCRATIC,466,3602,DEM
GP 2020,5TH APPELLATE - CHAPMAN VACANCY,LB,1,25757,510,MARK M.,,BOIE,EDWARDS,REPUBLICAN,642,3603,REP
GP 2020,5TH APPELLATE - CHAPMAN VACANCY,LB,1,25757,510,MARK M.,,BOIE,HAMILTON,REPUBLICAN,647,3604,REP
GP 2020,5TH APPELLATE - CHAPMAN VACANCY,LB,1,25757,510,MARK M.,,BOIE,MONTGOMERY,REPUBLICAN,1020,3605,REP
GP 2020,5TH APPELLATE - CHAPMAN VACANCY,LB,1,25757,510,MARK M.,,BOIE,CRAWFORD,REPUBLICAN,1236,3606,REP
GP 2020,5TH APPELLATE - CHAPMAN VACANCY,LB,1,25757,510,MARK M.,,BOIE,BOND,REPUBLICAN,519,3607,REP
GP 2020,5TH APPELLATE - CHAPMAN VACANCY,LB,1,25757,510,MARK M.,,BOIE,CHRISTIAN,REPUBLICAN,1030,3608,REP
GP 2020,5TH APPELLATE - CHAPMAN VACANCY,LB,1,25757,510,MARK M.,,BOIE,FAYETTE,REPUBLICAN,1269,3609,REP
GP 2020,5TH APPELLATE - CHAPMAN VACANCY,LB,1,25757,510,MARK M.,,BOIE,ALEXANDER,REPUBLICAN,146,3610,REP
GP 2020,5TH APPELLATE - CHAPMAN VACANCY,LB,1,25757,510,MARK M.,,BOIE,MARION,REPUBLICAN,2304,3611,REP
GP 2020,5TH APPELLATE - CHAPMAN VACANCY,LB,1,25757,510,MARK M.,,BOIE,JACKSON,REPUBLICAN,1328,3612,REP
GP 2020,5TH APPELLATE - CHAPMAN VACANCY,LB,1,25757,510,MARK M.,,BOIE,UNION,REPUBLICAN,1638,3613,REP
GP 2020,5TH APPELLATE - CHAPMAN VACANCY,LB,1,25757,510,MARK M.,,BOIE,WHITE,REPUBLICAN,1114,3614,REP
GP 2020,5TH APPELLATE - CHAPMAN VACANCY,LB,1,25757,510,MARK M.,,BOIE,WAYNE,REPUBLICAN,1769,3615,REP
GP 2020,5TH APPELLATE - CHAPMAN VACANCY,LB,1,25757,510,MARK M.,,BOIE,JEFFERSON,REPUBLICAN,2609,3616,REP
GP 2020,5TH APPELLATE - CHAPMAN VACANCY,LB,1,25757,510,MARK M.,,BOIE,CLAY,REPUBLICAN,1200,3617,REP
GP 2020,5TH APPELLATE - CHAPMAN VACANCY,LB,1,25757,510,MARK M.,,BOIE,MONROE,REPUBLICAN,1160,3618,REP
GP 2020,5TH APPELLATE - CHAPMAN VACANCY,LB,1,25757,510,MARK M.,,BOIE,FRANKLIN,REPUBLICAN,2411,3619,REP
GP 2020,5TH APPELLATE - CHAPMAN VACANCY,LB,1,25757,510,MARK M.,,BOIE,WABASH,REPUBLICAN,944,3620,REP
GP 2020,5TH APPELLATE - CHAPMAN VACANCY,LB,1,25757,510,MARK M.,,BOIE,EFFINGHAM,REPUBLICAN,2714,3621,REP
GP 2020,5TH APPELLATE - CHAPMAN VACANCY,LB,1,25757,510,MARK M.,,BOIE,RANDOLPH,REPUBLICAN,1092,3622,REP
GP 2020,5TH APPELLATE - CHAPMAN VACANCY,LB,1,25757,510,MARK M.,,BOIE,JASPER,REPUBLICAN,961,3623,REP
GP 2020,5TH APPELLATE - CHAPMAN VACANCY,LB,1,25757,510,MARK M.,,BOIE,LAWRENCE,REPUBLICAN,881,3624,REP
GP 2020,5TH APPELLATE - CHAPMAN VACANCY,LB,1,25757,510,MARK M.,,BOIE,SHELBY,REPUBLICAN,1331,3625,REP
GP 2020,5TH APPELLATE - CHAPMAN VACANCY,LB,1,25757,510,MARK M.,,BOIE,WILLIAMSON,REPUBLICAN,3166,3626,REP
GP 2020,5TH APPELLATE - CHAPMAN VACANCY,LB,1,25757,510,MARK M.,,BOIE,JOHNSON,REPUBLICAN,1668,3627,REP
GP 2020,5TH APPELLATE - CHAPMAN VACANCY,LB,1,25757,510,MARK M.,,BOIE,POPE,REPUBLICAN,343,3628,REP
GP 2020,5TH APPELLATE - CHAPMAN VACANCY,LB,1,25757,510,MARK M.,,BOIE,MASSAC,REPUBLICAN,910,3629,REP
GP 2020,5TH APPELLATE - CHAPMAN VACANCY,LB,1,25757,510,MARK M.,,BOIE,PERRY,REPUBLICAN,860,3630,REP
GP 2020,5TH APPELLATE - CHAPMAN VACANCY,LB,1,25757,510,MARK M.,,BOIE,WASHINGTON,REPUBLICAN,1012,3631,REP
GP 2020,5TH APPELLATE - CHAPMAN VACANCY,LB,1,25757,510,MARK M.,,BOIE,SALINE,REPUBLICAN,1237,3632,REP
GP 2020,5TH APPELLATE - CHAPMAN VACANCY,LB,1,25757,510,MARK M.,,BOIE,RICHLAND,REPUBLICAN,1500,3633,REP
GP 2020,5TH APPELLATE - CHAPMAN VACANCY,LB,1,25757,510,MARK M.,,BOIE,PULASKI,REPUBLICAN,656,3634,REP
GP 2020,5TH APPELLATE - CHAPMAN VACANCY,LB,1,25757,510,MARK M.,,BOIE,MADISON,REPUBLICAN,5849,3635,REP
GP 2020,5TH APPELLATE - CHAPMAN VACANCY,LB,1,25757,510,MARK M.,,BOIE,GALLATIN,REPUBLICAN,237,3636,REP
GP 2020,5TH APPELLATE - CHAPMAN VACANCY,LB,1,25757,510,MARK M.,,BOIE,HARDIN,REPUBLICAN,338,3637,REP
GP 2020,5TH APPELLATE - CHAPMAN VACANCY,LB,1,25757,510,MARK M.,,BOIE,CLINTON,REPUBLICAN,1532,3638,REP
GP 2020,5TH APPELLATE - CHAPMAN VACANCY,LB,1,25757,510,MARK M.,,BOIE,ST. CLAIR,REPUBLICAN,3346,3639,REP
GP 2020,7TH CIRCUIT - DAY VACANCY,LD,1,25531,730,ELLIOTT L.,,TURPIN,GREENE,DEMOCRATIC,389,3640,DEM
GP 2020,7TH CIRCUIT - DAY VACANCY,LD,1,25952,730,JOHN WAYNE,,GUNTREN,GREENE,REPUBLICAN,579,3641,REP
GP 2020,7TH CIRCUIT - DAY VACANCY,LD,1,25894,730,MATT,,GOETTEN,GREENE,DEMOCRATIC,604,3642,DEM
GP 2020,7TH CIRCUIT - DAY VACANCY,LD,1,25808,730,ZACHARY A.,,SCHMIDT,GREENE,REPUBLICAN,730,3643,REP
GP 2020,7TH CIRCUIT - CAVANAGH VACANCY,LD,1,25512,735,RAYLENE,,GRISCHOW,SANGAMON,REPUBLICAN,9325,3644,REP
GP 2020,8TH CIRCUIT - DRUMMOND VACANCY,LD,1,25758,810,DREW,,ERWIN,MASON,REPUBLICAN,401,3645,REP
GP 2020,8TH CIRCUIT - DRUMMOND VACANCY,LD,1,25758,810,DREW,,ERWIN,CASS,REPUBLICAN,353,3646,REP
GP 2020,8TH CIRCUIT - DRUMMOND VACANCY,LD,1,25758,810,DREW,,ERWIN,ADAMS,REPUBLICAN,4244,3647,REP
GP 2020,8TH CIRCUIT - DRUMMOND VACANCY,LD,1,25758,810,DREW,,ERWIN,MENARD,REPUBLICAN,479,3648,REP
GP 2020,8TH CIRCUIT - DRUMMOND VACANCY,LD,1,25758,810,DREW,,ERWIN,CALHOUN,REPUBLICAN,112,3649,REP
GP 2020,8TH CIRCUIT - DRUMMOND VACANCY,LD,1,25758,810,DREW,,ERWIN,SCHUYLER,REPUBLICAN,347,3650,REP
GP 2020,8TH CIRCUIT - DRUMMOND VACANCY,LD,1,25758,810,DREW,,ERWIN,BROWN,REPUBLICAN,402,3651,REP
GP 2020,8TH CIRCUIT - DRUMMOND VACANCY,LD,1,25758,810,DREW,,ERWIN,PIKE,REPUBLICAN,645,3652,REP
GP 2020,8TH CIRCUIT - DRUMMOND VACANCY,LD,1,25660,810,TAD,,BRENNER,MASON,REPUBLICAN,614,3653,REP
GP 2020,8TH CIRCUIT - DRUMMOND VACANCY,LD,1,25660,810,TAD,,BRENNER,CASS,REPUBLICAN,333,3654,REP
GP 2020,8TH CIRCUIT - DRUMMOND VACANCY,LD,1,25660,810,TAD,,BRENNER,ADAMS,REPUBLICAN,4877,3655,REP
GP 2020,8TH CIRCUIT - DRUMMOND VACANCY,LD,1,25660,810,TAD,,BRENNER,MENARD,REPUBLICAN,529,3656,REP
GP 2020,8TH CIRCUIT - DRUMMOND VACANCY,LD,1,25660,810,TAD,,BRENNER,CALHOUN,REPUBLICAN,139,3657,REP
GP 2020,8TH CIRCUIT - DRUMMOND VACANCY,LD,1,25660,810,TAD,,BRENNER,SCHUYLER,REPUBLICAN,343,3658,REP
GP 2020,8TH CIRCUIT - DRUMMOND VACANCY,LD,1,25660,810,TAD,,BRENNER,BROWN,REPUBLICAN,421,3659,REP
GP 2020,8TH CIRCUIT - DRUMMOND VACANCY,LD,1,25660,810,TAD,,BRENNER,PIKE,REPUBLICAN,1251,3660,REP
GP 2020,9TH CIRCUIT - MANGIERI VACANCY,LD,1,25672,910,EMILY S.,,SUTTON,McDONOUGH,DEMOCRATIC,1861,3661,DEM
GP 2020,9TH CIRCUIT - MANGIERI VACANCY,LD,1,25672,910,EMILY S.,,SUTTON,FULTON,DEMOCRATIC,3002,3662,DEM
GP 2020,9TH CIRCUIT - MANGIERI VACANCY,LD,1,25672,910,EMILY S.,,SUTTON,HENDERSON,DEMOCRATIC,458,3663,DEM
GP 2020,9TH CIRCUIT - MANGIERI VACANCY,LD,1,25672,910,EMILY S.,,SUTTON,WARREN,DEMOCRATIC,1045,3664,DEM
GP 2020,9TH CIRCUIT - MANGIERI VACANCY,LD,1,25672,910,EMILY S.,,SUTTON,KNOX,DEMOCRATIC,3909,3665,DEM
GP 2020,9TH CIRCUIT - MANGIERI VACANCY,LD,1,25672,910,EMILY S.,,SUTTON,HANCOCK,DEMOCRATIC,1052,3666,DEM
GP 2020,9TH CIRCUIT - MANGIERI VACANCY,LD,1,25523,910,ANDREW J.,,DOYLE,McDONOUGH,REPUBLICAN,1567,3667,REP
GP 2020,9TH CIRCUIT - MANGIERI VACANCY,LD,1,25523,910,ANDREW J.,,DOYLE,FULTON,REPUBLICAN,1608,3668,REP
GP 2020,9TH CIRCUIT - MANGIERI VACANCY,LD,1,25523,910,ANDREW J.,,DOYLE,HENDERSON,REPUBLICAN,576,3669,REP
GP 2020,9TH CIRCUIT - MANGIERI VACANCY,LD,1,25523,910,ANDREW J.,,DOYLE,WARREN,REPUBLICAN,1431,3670,REP
GP 2020,9TH CIRCUIT - MANGIERI VACANCY,LD,1,25523,910,ANDREW J.,,DOYLE,KNOX,REPUBLICAN,2451,3671,REP
GP 2020,9TH CIRCUIT - MANGIERI VACANCY,LD,1,25523,910,ANDREW J.,,DOYLE,HANCOCK,REPUBLICAN,2562,3672,REP
GP 2020,10TH CIRCUIT - HOOS VACANCY,LD,1,25850,1010,CHRIS,,DOSCOTCH,PEORIA,DEMOCRATIC,16269,3673,DEM
GP 2020,COOK CIRCUIT- BELLOWS VACANCY,LC,1,25475,1,KERRIE MALONEY,,LAYTIN,COOK,DEMOCRATIC,239082,3674,DEM
GP 2020,COOK CIRCUIT- BELLOWS VACANCY,LC,1,25498,1,CRISTIN KEELY McDONALD,,DUFFY,COOK,DEMOCRATIC,232168,3675,DEM
GP 2020,COOK CIRCUIT- BELLOWS VACANCY,LC,1,25581,1,TIESHA L.,,SMITH,COOK,DEMOCRATIC,274577,3676,DEM
GP 2020,11TH CIRCUIT - FREITAG VACANCY,LD,1,25500,1110,JASON,,CHAMBERS,LOGAN,REPUBLICAN,3626,3677,REP
GP 2020,11TH CIRCUIT - FREITAG VACANCY,LD,1,25500,1110,JASON,,CHAMBERS,FORD,REPUBLICAN,1754,3678,REP
GP 2020,11TH CIRCUIT - FREITAG VACANCY,LD,1,25500,1110,JASON,,CHAMBERS,LIVINGSTON,REPUBLICAN,3641,3679,REP
GP 2020,11TH CIRCUIT - FREITAG VACANCY,LD,1,25500,1110,JASON,,CHAMBERS,WOODFORD,REPUBLICAN,2916,3680,REP
GP 2020,11TH CIRCUIT - FREITAG VACANCY,LD,1,25500,1110,JASON,,CHAMBERS,McLEAN,REPUBLICAN,11739,3681,REP
GP 2020,COOK CIRCUIT- COGHLAN VACANCY,LC,1,25477,15,JAMES T.,,"DERICO, JR.",COOK,DEMOCRATIC,181775,3682,DEM
GP 2020,COOK CIRCUIT- COGHLAN VACANCY,LC,1,25556,15,"ELIZABETH ""BETH""",,RYAN,COOK,DEMOCRATIC,187581,3683,DEM
GP 2020,COOK CIRCUIT- COGHLAN VACANCY,LC,1,25606,15,AILEEN,,BHANDARI,COOK,DEMOCRATIC,150907,3684,DEM
GP 2020,COOK CIRCUIT- COGHLAN VACANCY,LC,1,25493,15,KELLY MARIE,,McCARTHY,COOK,DEMOCRATIC,222741,3685,DEM
GP 2020,11TH CIRCUIT - HARRIS VACANCY,LD,1,25750,1125,WILLIAM G.,,WORKMAN,LOGAN,REPUBLICAN,1995,3686,REP
GP 2020,11TH CIRCUIT - HARRIS VACANCY,LD,1,25880,1125,JONATHAN C.,,WRIGHT,LOGAN,REPUBLICAN,2460,3687,REP
GP 2020,COOK CIRCUIT- FORD VACANCY,LC,1,25547,20,JOHN,,O'MEARA,COOK,DEMOCRATIC,162845,3688,DEM
GP 2020,COOK CIRCUIT- FORD VACANCY,LC,1,25580,20,U.,,O'NEAL,COOK,DEMOCRATIC,117121,3689,DEM
GP 2020,COOK CIRCUIT- FORD VACANCY,LC,1,25478,20,LAURA,,AYALA-GONZALEZ,COOK,DEMOCRATIC,459238,3690,DEM
GP 2020,COOK CIRCUIT- FUNDERBURK VACANCY,LC,1,25603,22,JACQUELINE MARIE,,GRIFFIN,COOK,DEMOCRATIC,196935,3691,DEM
GP 2020,COOK CIRCUIT- FUNDERBURK VACANCY,LC,1,25818,22,MARY THERESE,,QUINN,COOK,DEMOCRATIC,155585,3692,DEM
GP 2020,COOK CIRCUIT- FUNDERBURK VACANCY,LC,1,25810,22,DANIEL L.,,COLLINS,COOK,DEMOCRATIC,112974,3693,DEM
GP 2020,COOK CIRCUIT- FUNDERBURK VACANCY,LC,1,25479,22,CELESTIA L.,,MAYS,COOK,DEMOCRATIC,270288,3694,DEM
GP 2020,COOK CIRCUIT- LARSEN VACANCY,LC,1,25557,30,SUZANNE THERESE,,McENEELY,COOK,DEMOCRATIC,226258,3695,DEM
GP 2020,COOK CIRCUIT- LARSEN VACANCY,LC,1,25609,30,MEGAN KATHLEEN,,MULAY,COOK,DEMOCRATIC,175122,3696,DEM
GP 2020,COOK CIRCUIT- LARSEN VACANCY,LC,1,25482,30,"LEVANDER ""VAN""",,"SMITH, JR.",COOK,DEMOCRATIC,327012,3697,DEM
GP 2020,COOK CIRCUIT- MASON VACANCY,LC,1,25558,35,JENNIFER PATRICIA,,CALLAHAN,COOK,DEMOCRATIC,181280,3698,DEM
GP 2020,COOK CIRCUIT- MASON VACANCY,LC,1,25630,35,JOSEPH,,CHICO,COOK,DEMOCRATIC,91572,3699,DEM
GP 2020,COOK CIRCUIT- MASON VACANCY,LC,1,25803,35,BONNIE CAROL,,McGRATH,COOK,DEMOCRATIC,89072,3700,DEM
GP 2020,COOK CIRCUIT- MASON VACANCY,LC,1,25604,35,JOY E. TOLBERT,,NELSON,COOK,DEMOCRATIC,67118,3701,DEM
GP 2020,COOK CIRCUIT- MASON VACANCY,LC,1,25550,35,ARTHUR D.,,SUTTON,COOK,DEMOCRATIC,101916,3702,DEM
GP 2020,COOK CIRCUIT- MASON VACANCY,LC,1,25483,35,CHRIS,,STACEY,COOK,DEMOCRATIC,206054,3703,DEM
GP 2020,COOK CIRCUIT- McCARTHY VACANCY,LC,1,25599,40,MICHAEL,,O'MALLEY,COOK,DEMOCRATIC,183586,3704,DEM
GP 2020,COOK CIRCUIT- McCARTHY VACANCY,LC,1,25484,40,TERESA,,MOLINA,COOK,DEMOCRATIC,545271,3705,DEM
GP 2020,COOK CIRCUIT- MURPHY GORMAN VACANCY,LC,1,25548,44,KEELY PATRICIA,,HILLISON,COOK,DEMOCRATIC,79013,3706,DEM
GP 2020,COOK CIRCUIT- MURPHY GORMAN VACANCY,LC,1,25601,44,"AMANDA ""MANDY""",,PILLSBURY,COOK,DEMOCRATIC,130932,3707,DEM
GP 2020,COOK CIRCUIT- MURPHY GORMAN VACANCY,LC,1,25819,44,DAN,,WALSH,COOK,DEMOCRATIC,129870,3708,DEM
GP 2020,COOK CIRCUIT- MURPHY GORMAN VACANCY,LC,1,25481,44,SHEREE DESIREE,,HENRY,COOK,DEMOCRATIC,390875,3709,DEM
GP 2020,COOK CIRCUIT- O'BRIEN VACANCY,LC,1,25485,50,LLOYD JAMES,,BROOKS,COOK,DEMOCRATIC,290020,3710,DEM
GP 2020,COOK CIRCUIT- O'BRIEN VACANCY,LC,1,25559,50,HEATHER ANNE,,KENT,COOK,DEMOCRATIC,134129,3711,DEM
GP 2020,COOK CIRCUIT- O'BRIEN VACANCY,LC,1,25610,50,ELIZABETH ANNE,,WALSH,COOK,DEMOCRATIC,304555,3712,DEM
GP 2020,COOK CIRCUIT- PATTI VACANCY,LC,1,25486,55,LYNN WEAVER,,BOYLE,COOK,DEMOCRATIC,670053,3713,DEM
GP 2020,COOK CIRCUIT- ROTI VACANCY,LC,1,25602,60,LORRAINE MARY,,MURPHY,COOK,DEMOCRATIC,312992,3714,DEM
GP 2020,COOK CIRCUIT- ROTI VACANCY,LC,1,25820,60,JAMES PATRICK,,CRAWLEY,COOK,DEMOCRATIC,134757,3715,DEM
GP 2020,COOK CIRCUIT- ROTI VACANCY,LC,1,25488,60,ARACELI REYES,,DE LA CRUZ,COOK,DEMOCRATIC,281973,3716,DEM
GP 2020,"COOK CIRCUIT- SHEEHAN, C. VACANCY",LC,1,25723,65,DEIDRE,,BAUMANN,COOK,DEMOCRATIC,230907,3717,DEM
GP 2020,"COOK CIRCUIT- SHEEHAN, C. VACANCY",LC,1,25628,65,RUSSELL W.,,HARTIGAN,COOK,DEMOCRATIC,219635,3718,DEM
GP 2020,"COOK CIRCUIT- SHEEHAN, C. VACANCY",LC,1,25489,65,MAURA McMAHON,,ZELLER,COOK,DEMOCRATIC,266359,3719,DEM
GP 2020,"COOK CIRCUIT- SHEEHAN, K. VACANCY",LC,1,25490,67,JILL ROSE,,QUINN,COOK,DEMOCRATIC,481580,3720,DEM
GP 2020,"COOK CIRCUIT- SHEEHAN, K. VACANCY",LC,1,25821,67,"WENDELIN ""WENDI""",,DeLOACH,COOK,DEMOCRATIC,110586,3721,DEM
GP 2020,"COOK CIRCUIT- SHEEHAN, K. VACANCY",LC,1,25607,67,JAMES SAMUEL,,WORLEY,COOK,DEMOCRATIC,129035,3722,DEM
GP 2020,COOK - 1ST SUBCIRCUIT - BROOKS VACANCY,LC,1,25712,110,KRISTA D.,,BUTLER,COOK,DEMOCRATIC,46535,3723,DEM
GP 2020,COOK - 1ST SUBCIRCUIT - CRAWFORD VACANCY,LC,1,25458,113,TYRIA B.,,WALTON,COOK,DEMOCRATIC,46525,3724,DEM
GP 2020,COOK - 2ND SUBCIRCUIT - A VACANCY,LC,1,25988,215,CHELSEY R.,,ROBINSON,COOK,DEMOCRATIC,14720,3725,DEM
GP 2020,COOK - 2ND SUBCIRCUIT - A VACANCY,LC,1,25975,215,FELICIA H.,,SIMMONS-STOVALL,COOK,DEMOCRATIC,17436,3726,DEM
GP 2020,COOK - 2ND SUBCIRCUIT - A VACANCY,LC,1,25595,215,SONDRA NICOLE,,DENMARK,COOK,DEMOCRATIC,18202,3727,DEM
GP 2020,14TH CIRCUIT - BRAUD VACANCY,LD,1,25822,1410,PETER W.,,CHURCH,WHITESIDE,DEMOCRATIC,3796,3728,DEM
GP 2020,14TH CIRCUIT - BRAUD VACANCY,LD,1,25822,1410,PETER W.,,CHURCH,HENRY,DEMOCRATIC,2840,3729,DEM
GP 2020,14TH CIRCUIT - BRAUD VACANCY,LD,1,25822,1410,PETER W.,,CHURCH,ROCK ISLAND,DEMOCRATIC,12977,3730,DEM
GP 2020,14TH CIRCUIT - BRAUD VACANCY,LD,1,25822,1410,PETER W.,,CHURCH,MERCER,DEMOCRATIC,1146,3731,DEM
GP 2020,14TH CIRCUIT - LEFSTEIN VACANCY,LD,1,25825,1420,JOHN,,McGEHEE,ROCK ISLAND,DEMOCRATIC,13456,3732,DEM
GP 2020,15TH CIRCUIT - FISH VACANCY,LD,1,25844,1510,DOUGLAS E.,,LEE,CARROLL,REPUBLICAN,1015,3733,REP
GP 2020,15TH CIRCUIT - FISH VACANCY,LD,1,25844,1510,DOUGLAS E.,,LEE,STEPHENSON,REPUBLICAN,2523,3734,REP
GP 2020,15TH CIRCUIT - FISH VACANCY,LD,1,25844,1510,DOUGLAS E.,,LEE,LEE,REPUBLICAN,1950,3735,REP
GP 2020,15TH CIRCUIT - FISH VACANCY,LD,1,25844,1510,DOUGLAS E.,,LEE,OGLE,REPUBLICAN,5253,3736,REP
GP 2020,15TH CIRCUIT - FISH VACANCY,LD,1,25844,1510,DOUGLAS E.,,LEE,JoDAVIESS,REPUBLICAN,1718,3737,REP
GP 2020,15TH CIRCUIT - GUNNARSSON VACANCY,LD,1,25573,1520,J. JERRY,,KANE,CARROLL,REPUBLICAN,1100,3738,REP
GP 2020,15TH CIRCUIT - GUNNARSSON VACANCY,LD,1,25870,1520,BETSY,,SHAULIS,CARROLL,DEMOCRATIC,805,3739,DEM
GP 2020,15TH CIRCUIT - KELLY VACANCY,LD,1,25827,1525,KEVIN J.,,WARD,JoDAVIESS,REPUBLICAN,1793,3740,REP
GP 2020,16TH CIRCUIT - SPENCE VACANCY,LD,1,25852,1610,BRITTANY MICHELLE,,PEDERSEN,KANE,DEMOCRATIC,41943,3741,DEM
GP 2020,16TH CIRCUIT - SPENCE VACANCY,LD,1,25837,1610,ELIZABETH,,FLOOD,KANE,REPUBLICAN,21038,3742,REP
GP 2020,16TH CIRCUIT - 3RD SUBCIRCUIT - HALLOCK VACANCY,LD,1,25836,1630,ROBERT K.,,VILLA,KANE,REPUBLICAN,8494,3743,REP
GP 2020,18TH CIRCUIT - BAKALIS VACANCY,LD,1,25456,1810,"MARGARET ""PEGGY""",,O'CONNELL,DuPAGE,DEMOCRATIC,90761,3744,DEM
GP 2020,18TH CIRCUIT - BAKALIS VACANCY,LD,1,25480,1810,JAMES F.,,McCLUSKEY,DuPAGE,REPUBLICAN,36970,3745,REP
GP 2020,18TH CIRCUIT - O'SHEA VACANCY,LD,1,25664,1820,DAVID GUY,,STEVENS,DuPAGE,DEMOCRATIC,42601,3746,DEM
GP 2020,18TH CIRCUIT - O'SHEA VACANCY,LD,1,25773,1820,GREG,,ABBOTT,DuPAGE,REPUBLICAN,9810,3747,REP
GP 2020,18TH CIRCUIT - O'SHEA VACANCY,LD,1,25751,1820,JOHN JOSEPH,,"PCOLINSKI, JR.",DuPAGE,REPUBLICAN,6912,3748,REP
GP 2020,18TH CIRCUIT - O'SHEA VACANCY,LD,1,25781,1820,"RICHARD J. ""RICK""",,VEENSTRA,DuPAGE,REPUBLICAN,9928,3749,REP
GP 2020,18TH CIRCUIT - O'SHEA VACANCY,LD,1,25650,1820,AZAM,,NIZAMUDDIN,DuPAGE,DEMOCRATIC,49654,3750,DEM
GP 2020,18TH CIRCUIT - O'SHEA VACANCY,LD,1,25492,1820,RICHARD D.,,FELICE,DuPAGE,REPUBLICAN,10614,3751,REP
GP 2020,18TH CIRCUIT - SUTTER VACANCY,LD,1,25915,1830,ALICE,,WILSON,DuPAGE,DEMOCRATIC,43561,3752,DEM
GP 2020,18TH CIRCUIT - SUTTER VACANCY,LD,1,25465,1830,JILL,,OTTE,DuPAGE,DEMOCRATIC,46339,3753,DEM
GP 2020,18TH CIRCUIT - SUTTER VACANCY,LD,1,25726,1830,ANN CELINE,,WALSH,DuPAGE,REPUBLICAN,36559,3754,REP
GP 2020,18TH CIRCUIT - ANDERSON VACANCY,LD,1,25666,1835,JEFFREY M.,,JACOBSON,DuPAGE,DEMOCRATIC,89053,3755,DEM
GP 2020,18TH CIRCUIT - ANDERSON VACANCY,LD,1,25728,1835,MONIQUE,,O'TOOLE,DuPAGE,REPUBLICAN,36397,3756,REP
GP 2020,19TH CIRCUIT - 3RD SUBCIRCUIT - SCHIPPERS VACANCY,LD,1,25674,1930,RHONDA,,KIND BRUNO,LAKE,DEMOCRATIC,4104,3757,DEM
GP 2020,19TH CIRCUIT - 3RD SUBCIRCUIT - SCHIPPERS VACANCY,LD,1,25774,1930,DANIELLE M.,,PASCUCCI,LAKE,DEMOCRATIC,3172,3758,DEM
GP 2020,19TH CIRCUIT - 3RD SUBCIRCUIT - SCHIPPERS VACANCY,LD,1,25962,1930,DONALD R.,,TYER,LAKE,DEMOCRATIC,2142,3759,DEM
GP 2020,19TH CIRCUIT - 3RD SUBCIRCUIT - SCHIPPERS VACANCY,LD,1,25782,1930,MARNIE MICHELLE,,SLAVIN,LAKE,DEMOCRATIC,4219,3760,DEM
GP 2020,19TH CIRCUIT - 3RD SUBCIRCUIT - SCHIPPERS VACANCY,LD,1,25893,1930,CHRISTOPHER,,MOROZIN,LAKE,REPUBLICAN,3170,3761,REP
GP 2020,21ST CIRCUIT - KINZER VACANCY,LD,1,25642,2120,MICHAEL C.,,SABOL,IROQUOIS,REPUBLICAN,3041,3762,REP
GP 2020,22ND CIRCUIT - CALDWELL VACANCY,LD,1,25859,2210,"ELIZABETH ""BETH""",,VONAU,McHENRY,DEMOCRATIC,26173,3763,DEM
GP 2020,22ND CIRCUIT - CALDWELL VACANCY,LD,1,25678,2210,DAVID,,GERVAIS,McHENRY,REPUBLICAN,20014,3764,REP
GP 2020,22ND CIRCUIT - 3RD SUBCIRCUIT - A VACANCY,LD,1,25439,2220,MARY ELIZABETH,,McCLELLAN,McHENRY,REPUBLICAN,1435,3765,REP
GP 2020,22ND CIRCUIT - 3RD SUBCIRCUIT - A VACANCY,LD,1,25776,2220,DONALD R.,,BREWER,McHENRY,REPUBLICAN,1073,3766,REP
GP 2020,22ND CIRCUIT - 3RD SUBCIRCUIT - A VACANCY,LD,1,25860,2220,JEANNIE,,RIDINGS,McHENRY,DEMOCRATIC,6332,3767,DEM
GP 2020,22ND CIRCUIT - 3RD SUBCIRCUIT - A VACANCY,LD,1,25680,2220,JUSTIN,,HANSEN,McHENRY,REPUBLICAN,2009,3768,REP
GP 2020,22ND CIRCUIT - 4TH SUBCIRCUIT - A VACANCY,LD,1,25845,2225,KIMBERLEY CRUM,,KLEIN,McHENRY,DEMOCRATIC,6515,3769,DEM
GP 2020,22ND CIRCUIT - 4TH SUBCIRCUIT - A VACANCY,LD,1,25690,2225,MARK,,GERHARDT,McHENRY,REPUBLICAN,3851,3770,REP
GP 2020,23RD CIRCUIT - McCANN VACANCY,LD,1,25514,2320,JODY,,GLEASON,KENDALL,REPUBLICAN,8181,3771,REP
GP 2020,1ST DEMOCRATIC DELEGATE,G,8,26071,101,"ROBERT ""BOB""",BIDEN,RITA,WILL,DEMOCRATIC,5572,3772,DEM
GP 2020,1ST DEMOCRATIC DELEGATE,G,8,26071,101,"ROBERT ""BOB""",BIDEN,RITA,COOK,DEMOCRATIC,63387,3773,DEM
GP 2020,1ST DEMOCRATIC DELEGATE,G,8,26076,101,TIMOTHY,BIDEN,WRIGHT III,WILL,DEMOCRATIC,5393,3774,DEM
GP 2020,1ST DEMOCRATIC DELEGATE,G,8,26076,101,TIMOTHY,BIDEN,WRIGHT III,COOK,DEMOCRATIC,63413,3775,DEM
GP 2020,1ST DEMOCRATIC DELEGATE,G,8,26074,101,ANDREA,BIDEN,ZOPP,WILL,DEMOCRATIC,5754,3776,DEM
GP 2020,1ST DEMOCRATIC DELEGATE,G,8,26074,101,ANDREA,BIDEN,ZOPP,COOK,DEMOCRATIC,62970,3777,DEM
GP 2020,1ST DEMOCRATIC DELEGATE,G,8,26068,101,ERTHARIN,BIDEN,COUSIN,WILL,DEMOCRATIC,5315,3778,DEM
GP 2020,1ST DEMOCRATIC DELEGATE,G,8,26068,101,ERTHARIN,BIDEN,COUSIN,COOK,DEMOCRATIC,61926,3779,DEM
GP 2020,1ST DEMOCRATIC DELEGATE,G,8,26082,101,NAOMI,SANDERS,DAVIS,WILL,DEMOCRATIC,2559,3780,DEM
GP 2020,1ST DEMOCRATIC DELEGATE,G,8,26082,101,NAOMI,SANDERS,DAVIS,COOK,DEMOCRATIC,30844,3781,DEM
GP 2020,1ST DEMOCRATIC DELEGATE,G,8,26084,101,ROBERT,SANDERS,PETERS,WILL,DEMOCRATIC,1995,3782,DEM
GP 2020,1ST DEMOCRATIC DELEGATE,G,8,26084,101,ROBERT,SANDERS,PETERS,COOK,DEMOCRATIC,20050,3783,DEM
GP 2020,1ST DEMOCRATIC DELEGATE,G,8,26083,101,PATRICIA L.,SANDERS,GUINN,WILL,DEMOCRATIC,2580,3784,DEM
GP 2020,1ST DEMOCRATIC DELEGATE,G,8,26083,101,PATRICIA L.,SANDERS,GUINN,COOK,DEMOCRATIC,26899,3785,DEM
GP 2020,1ST DEMOCRATIC DELEGATE,G,8,26085,101,RODNEY,SANDERS,GIPSON,WILL,DEMOCRATIC,1741,3786,DEM
GP 2020,1ST DEMOCRATIC DELEGATE,G,8,26085,101,RODNEY,SANDERS,GIPSON,COOK,DEMOCRATIC,19496,3787,DEM
GP 2020,1ST DEMOCRATIC DELEGATE,G,8,26087,101,RAHEEM,SANDERS,UQDAH,WILL,DEMOCRATIC,1899,3788,DEM
GP 2020,1ST DEMOCRATIC DELEGATE,G,8,26087,101,RAHEEM,SANDERS,UQDAH,COOK,DEMOCRATIC,19709,3789,DEM
GP 2020,1ST DEMOCRATIC DELEGATE,G,8,26089,101,LARRY,SANDERS,GILMAN,WILL,DEMOCRATIC,1704,3790,DEM
GP 2020,1ST DEMOCRATIC DELEGATE,G,8,26089,101,LARRY,SANDERS,GILMAN,COOK,DEMOCRATIC,15663,3791,DEM
GP 2020,1ST DEMOCRATIC DELEGATE,G,8,26575,101,JOHN,KLOBUCHAR,HART,WILL,DEMOCRATIC,359,3792,DEM
GP 2020,1ST DEMOCRATIC DELEGATE,G,8,26575,101,JOHN,KLOBUCHAR,HART,COOK,DEMOCRATIC,2445,3793,DEM
GP 2020,1ST DEMOCRATIC DELEGATE,G,8,26576,101,MYRA,KLOBUCHAR,HART,WILL,DEMOCRATIC,433,3794,DEM
GP 2020,1ST DEMOCRATIC DELEGATE,G,8,26576,101,MYRA,KLOBUCHAR,HART,COOK,DEMOCRATIC,2670,3795,DEM
GP 2020,1ST DEMOCRATIC DELEGATE,G,8,26577,101,NORENE,KLOBUCHAR,SHADER,WILL,DEMOCRATIC,370,3796,DEM
GP 2020,1ST DEMOCRATIC DELEGATE,G,8,26577,101,NORENE,KLOBUCHAR,SHADER,COOK,DEMOCRATIC,2146,3797,DEM
GP 2020,1ST DEMOCRATIC DELEGATE,G,8,26031,101,PRESTON,SANDERS,BROWN JR,WILL,DEMOCRATIC,933,3798,DEM
GP 2020,1ST DEMOCRATIC DELEGATE,G,8,26031,101,PRESTON,SANDERS,BROWN JR,COOK,DEMOCRATIC,13486,3799,DEM
GP 2020,1ST DEMOCRATIC DELEGATE,G,8,26032,101,EVAJAMANIA,SANDERS,BROWN,WILL,DEMOCRATIC,1089,3800,DEM
GP 2020,1ST DEMOCRATIC DELEGATE,G,8,26032,101,EVAJAMANIA,SANDERS,BROWN,COOK,DEMOCRATIC,15440,3801,DEM
GP 2020,1ST DEMOCRATIC DELEGATE,G,8,26033,101,LINDA,SANDERS,HUDSON,WILL,DEMOCRATIC,1510,3802,DEM
GP 2020,1ST DEMOCRATIC DELEGATE,G,8,26033,101,LINDA,SANDERS,HUDSON,COOK,DEMOCRATIC,16484,3803,DEM
GP 2020,1ST DEMOCRATIC DELEGATE,G,8,26067,101,DARREN,YANG,FULLER,WILL,DEMOCRATIC,239,3804,DEM
GP 2020,1ST DEMOCRATIC DELEGATE,G,8,26067,101,DARREN,YANG,FULLER,COOK,DEMOCRATIC,2870,3805,DEM
GP 2020,1ST DEMOCRATIC DELEGATE,G,8,26069,101,CAROL,YANG,HORTON,WILL,DEMOCRATIC,301,3806,DEM
GP 2020,1ST DEMOCRATIC DELEGATE,G,8,26069,101,CAROL,YANG,HORTON,COOK,DEMOCRATIC,3040,3807,DEM
GP 2020,1ST DEMOCRATIC DELEGATE,G,8,26072,101,BEN,YANG,SILVIAN,WILL,DEMOCRATIC,231,3808,DEM
GP 2020,1ST DEMOCRATIC DELEGATE,G,8,26072,101,BEN,YANG,SILVIAN,COOK,DEMOCRATIC,2306,3809,DEM
GP 2020,1ST DEMOCRATIC DELEGATE,G,8,26075,101,LAURA,YANG,SIEH,WILL,DEMOCRATIC,284,3810,DEM
GP 2020,1ST DEMOCRATIC DELEGATE,G,8,26075,101,LAURA,YANG,SIEH,COOK,DEMOCRATIC,3121,3811,DEM
GP 2020,1ST DEMOCRATIC DELEGATE,G,8,26122,101,CHAKENA,WARREN,SIMS,WILL,DEMOCRATIC,469,3812,DEM
GP 2020,1ST DEMOCRATIC DELEGATE,G,8,26122,101,CHAKENA,WARREN,SIMS,COOK,DEMOCRATIC,10248,3813,DEM
GP 2020,1ST DEMOCRATIC DELEGATE,G,8,26124,101,ALLEN LOUIS,WARREN,"LINTON, II",WILL,DEMOCRATIC,284,3814,DEM
GP 2020,1ST DEMOCRATIC DELEGATE,G,8,26124,101,ALLEN LOUIS,WARREN,"LINTON, II",COOK,DEMOCRATIC,5491,3815,DEM
GP 2020,1ST DEMOCRATIC DELEGATE,G,8,26126,101,GRACE CHAN,WARREN,McKIBBEN,WILL,DEMOCRATIC,646,3816,DEM
GP 2020,1ST DEMOCRATIC DELEGATE,G,8,26126,101,GRACE CHAN,WARREN,McKIBBEN,COOK,DEMOCRATIC,6420,3817,DEM
GP 2020,1ST DEMOCRATIC DELEGATE,G,8,26128,101,WILLIAM E.,WARREN,HALL,WILL,DEMOCRATIC,336,3818,DEM
GP 2020,1ST DEMOCRATIC DELEGATE,G,8,26128,101,WILLIAM E.,WARREN,HALL,COOK,DEMOCRATIC,6369,3819,DEM
GP 2020,1ST DEMOCRATIC DELEGATE,G,8,26129,101,SHELLEY,WARREN,DAVIS,WILL,DEMOCRATIC,687,3820,DEM
GP 2020,1ST DEMOCRATIC DELEGATE,G,8,26129,101,SHELLEY,WARREN,DAVIS,COOK,DEMOCRATIC,8694,3821,DEM
GP 2020,1ST DEMOCRATIC DELEGATE,G,8,26130,101,"NICHOLAS ""NICK""",WARREN,SHIELDS,WILL,DEMOCRATIC,386,3822,DEM
GP 2020,1ST DEMOCRATIC DELEGATE,G,8,26130,101,"NICHOLAS ""NICK""",WARREN,SHIELDS,COOK,DEMOCRATIC,5364,3823,DEM
GP 2020,1ST DEMOCRATIC DELEGATE,G,8,26131,101,REBECCA,WARREN,ZORACH,WILL,DEMOCRATIC,573,3824,DEM
GP 2020,1ST DEMOCRATIC DELEGATE,G,8,26131,101,REBECCA,WARREN,ZORACH,COOK,DEMOCRATIC,5761,3825,DEM
GP 2020,1ST DEMOCRATIC DELEGATE,G,8,26132,101,DEVLIN JOSEPH,WARREN,SCHOOP,WILL,DEMOCRATIC,270,3826,DEM
GP 2020,1ST DEMOCRATIC DELEGATE,G,8,26132,101,DEVLIN JOSEPH,WARREN,SCHOOP,COOK,DEMOCRATIC,4872,3827,DEM
GP 2020,1ST DEMOCRATIC DELEGATE,G,8,26080,101,JEANETTE,SANDERS,TAYLOR,WILL,DEMOCRATIC,2487,3828,DEM
GP 2020,1ST DEMOCRATIC DELEGATE,G,8,26080,101,JEANETTE,SANDERS,TAYLOR,COOK,DEMOCRATIC,29587,3829,DEM
GP 2020,1ST DEMOCRATIC DELEGATE,G,8,26081,101,MARIA R.,SANDERS,BELL,WILL,DEMOCRATIC,2497,3830,DEM
GP 2020,1ST DEMOCRATIC DELEGATE,G,8,26081,101,MARIA R.,SANDERS,BELL,COOK,DEMOCRATIC,27266,3831,DEM
GP 2020,1ST DEMOCRATIC DELEGATE,G,8,26077,101,DEBORAH,BIDEN,LANE,WILL,DEMOCRATIC,5703,3832,DEM
GP 2020,1ST DEMOCRATIC DELEGATE,G,8,26077,101,DEBORAH,BIDEN,LANE,COOK,DEMOCRATIC,58250,3833,DEM
GP 2020,1ST DEMOCRATIC DELEGATE,G,8,26078,101,KOURI C.,BIDEN,MARSHALL,WILL,DEMOCRATIC,5204,3834,DEM
GP 2020,1ST DEMOCRATIC DELEGATE,G,8,26078,101,KOURI C.,BIDEN,MARSHALL,COOK,DEMOCRATIC,52898,3835,DEM
GP 2020,1ST DEMOCRATIC DELEGATE,G,8,26063,101,MICHELLE A.,BIDEN,HARRIS,WILL,DEMOCRATIC,5891,3836,DEM
GP 2020,1ST DEMOCRATIC DELEGATE,G,8,26063,101,MICHELLE A.,BIDEN,HARRIS,COOK,DEMOCRATIC,69919,3837,DEM
GP 2020,1ST DEMOCRATIC DELEGATE,G,8,26066,101,RODERICK T.,BIDEN,SAWYER,WILL,DEMOCRATIC,5465,3838,DEM
GP 2020,1ST DEMOCRATIC DELEGATE,G,8,26066,101,RODERICK T.,BIDEN,SAWYER,COOK,DEMOCRATIC,65576,3839,DEM
GP 2020,1ST REPUBLICAN DELEGATE,G,3,26318,101,KEVIN,TRUMP,SUGGS,WILL,REPUBLICAN,4374,3840,REP
GP 2020,1ST REPUBLICAN DELEGATE,G,3,26318,101,KEVIN,TRUMP,SUGGS,COOK,REPUBLICAN,4785,3841,REP
GP 2020,1ST REPUBLICAN DELEGATE,G,3,26314,101,LORI,TRUMP,YOKOYAMA,WILL,REPUBLICAN,4045,3842,REP
GP 2020,1ST REPUBLICAN DELEGATE,G,3,26314,101,LORI,TRUMP,YOKOYAMA,COOK,REPUBLICAN,4634,3843,REP
GP 2020,1ST REPUBLICAN DELEGATE,G,3,26316,101,AUDREY,TRUMP,TANCOS,WILL,REPUBLICAN,3993,3844,REP
GP 2020,1ST REPUBLICAN DELEGATE,G,3,26316,101,AUDREY,TRUMP,TANCOS,COOK,REPUBLICAN,4526,3845,REP
GP 2020,1ST REPUBLICAN ALTERNATE DELEGATE,G,3,26320,201,GREG,TRUMP,FLETCHER,WILL,REPUBLICAN,4505,3846,REP
GP 2020,1ST REPUBLICAN ALTERNATE DELEGATE,G,3,26320,201,GREG,TRUMP,FLETCHER,COOK,REPUBLICAN,4937,3847,REP
GP 2020,1ST REPUBLICAN ALTERNATE DELEGATE,G,3,26322,201,LYNN,TRUMP,FRANCO,WILL,REPUBLICAN,4093,3848,REP
GP 2020,1ST REPUBLICAN ALTERNATE DELEGATE,G,3,26322,201,LYNN,TRUMP,FRANCO,COOK,REPUBLICAN,4628,3849,REP
GP 2020,1ST REPUBLICAN ALTERNATE DELEGATE,G,3,26324,201,SYMEON,TRUMP,BROWN,WILL,REPUBLICAN,3438,3850,REP
GP 2020,1ST REPUBLICAN ALTERNATE DELEGATE,G,3,26324,201,SYMEON,TRUMP,BROWN,COOK,REPUBLICAN,4137,3851,REP
GP 2020,2ND DEMOCRATIC DELEGATE,G,7,26205,102,JAYLIN,WARREN,McCLINTON,KANKAKEE,DEMOCRATIC,265,3852,DEM
GP 2020,2ND DEMOCRATIC DELEGATE,G,7,26205,102,JAYLIN,WARREN,McCLINTON,WILL,DEMOCRATIC,176,3853,DEM
GP 2020,2ND DEMOCRATIC DELEGATE,G,7,26205,102,JAYLIN,WARREN,McCLINTON,COOK,DEMOCRATIC,3212,3854,DEM
GP 2020,2ND DEMOCRATIC DELEGATE,G,7,26206,102,AMANDA JO,WARREN,GREEP,KANKAKEE,DEMOCRATIC,347,3855,DEM
GP 2020,2ND DEMOCRATIC DELEGATE,G,7,26206,102,AMANDA JO,WARREN,GREEP,WILL,DEMOCRATIC,233,3856,DEM
GP 2020,2ND DEMOCRATIC DELEGATE,G,7,26206,102,AMANDA JO,WARREN,GREEP,COOK,DEMOCRATIC,2020,3857,DEM
GP 2020,2ND DEMOCRATIC DELEGATE,G,7,26207,102,DAVID,WARREN,BONNER,KANKAKEE,DEMOCRATIC,292,3858,DEM
GP 2020,2ND DEMOCRATIC DELEGATE,G,7,26207,102,DAVID,WARREN,BONNER,WILL,DEMOCRATIC,196,3859,DEM
GP 2020,2ND DEMOCRATIC DELEGATE,G,7,26207,102,DAVID,WARREN,BONNER,COOK,DEMOCRATIC,2186,3860,DEM
GP 2020,2ND DEMOCRATIC DELEGATE,G,7,26573,102,MICAELA G.,KLOBUCHAR,SMITH,KANKAKEE,DEMOCRATIC,173,3861,DEM
GP 2020,2ND DEMOCRATIC DELEGATE,G,7,26573,102,MICAELA G.,KLOBUCHAR,SMITH,WILL,DEMOCRATIC,121,3862,DEM
GP 2020,2ND DEMOCRATIC DELEGATE,G,7,26573,102,MICAELA G.,KLOBUCHAR,SMITH,COOK,DEMOCRATIC,1122,3863,DEM
GP 2020,2ND DEMOCRATIC DELEGATE,G,7,26574,102,KRISTAL,KLOBUCHAR,HUDSON-DAVIS,KANKAKEE,DEMOCRATIC,227,3864,DEM
GP 2020,2ND DEMOCRATIC DELEGATE,G,7,26574,102,KRISTAL,KLOBUCHAR,HUDSON-DAVIS,WILL,DEMOCRATIC,163,3865,DEM
GP 2020,2ND DEMOCRATIC DELEGATE,G,7,26574,102,KRISTAL,KLOBUCHAR,HUDSON-DAVIS,COOK,DEMOCRATIC,1313,3866,DEM
GP 2020,2ND DEMOCRATIC DELEGATE,G,7,26146,102,AISHA,SANDERS,EL-AMIN,KANKAKEE,DEMOCRATIC,2284,3867,DEM
GP 2020,2ND DEMOCRATIC DELEGATE,G,7,26146,102,AISHA,SANDERS,EL-AMIN,WILL,DEMOCRATIC,1437,3868,DEM
GP 2020,2ND DEMOCRATIC DELEGATE,G,7,26146,102,AISHA,SANDERS,EL-AMIN,COOK,DEMOCRATIC,17489,3869,DEM
GP 2020,2ND DEMOCRATIC DELEGATE,G,7,26148,102,SUKARI,SANDERS,CAMPBELL,KANKAKEE,DEMOCRATIC,2140,3870,DEM
GP 2020,2ND DEMOCRATIC DELEGATE,G,7,26148,102,SUKARI,SANDERS,CAMPBELL,WILL,DEMOCRATIC,1262,3871,DEM
GP 2020,2ND DEMOCRATIC DELEGATE,G,7,26148,102,SUKARI,SANDERS,CAMPBELL,COOK,DEMOCRATIC,16230,3872,DEM
GP 2020,2ND DEMOCRATIC DELEGATE,G,7,26149,102,ABDUL MALIK,SANDERS,MUJAHID,KANKAKEE,DEMOCRATIC,2102,3873,DEM
GP 2020,2ND DEMOCRATIC DELEGATE,G,7,26149,102,ABDUL MALIK,SANDERS,MUJAHID,WILL,DEMOCRATIC,1283,3874,DEM
GP 2020,2ND DEMOCRATIC DELEGATE,G,7,26149,102,ABDUL MALIK,SANDERS,MUJAHID,COOK,DEMOCRATIC,19880,3875,DEM
GP 2020,2ND DEMOCRATIC DELEGATE,G,7,26150,102,JOHN,SANDERS,WILLARD,KANKAKEE,DEMOCRATIC,2191,3876,DEM
GP 2020,2ND DEMOCRATIC DELEGATE,G,7,26150,102,JOHN,SANDERS,WILLARD,WILL,DEMOCRATIC,1282,3877,DEM
GP 2020,2ND DEMOCRATIC DELEGATE,G,7,26150,102,JOHN,SANDERS,WILLARD,COOK,DEMOCRATIC,19299,3878,DEM
GP 2020,2ND DEMOCRATIC DELEGATE,G,7,26153,102,LYLE C.,SANDERS,"EVANS, JR.",KANKAKEE,DEMOCRATIC,1988,3879,DEM
GP 2020,2ND DEMOCRATIC DELEGATE,G,7,26153,102,LYLE C.,SANDERS,"EVANS, JR.",WILL,DEMOCRATIC,1212,3880,DEM
GP 2020,2ND DEMOCRATIC DELEGATE,G,7,26153,102,LYLE C.,SANDERS,"EVANS, JR.",COOK,DEMOCRATIC,18952,3881,DEM
GP 2020,2ND DEMOCRATIC DELEGATE,G,7,26178,102,KENNETH,YANG,HENDERSON,COOK,DEMOCRATIC,1843,3882,DEM
GP 2020,2ND DEMOCRATIC DELEGATE,G,7,26178,102,KENNETH,YANG,HENDERSON,KANKAKEE,DEMOCRATIC,140,3883,DEM
GP 2020,2ND DEMOCRATIC DELEGATE,G,7,26178,102,KENNETH,YANG,HENDERSON,WILL,DEMOCRATIC,116,3884,DEM
GP 2020,2ND DEMOCRATIC DELEGATE,G,7,26180,102,SANOVIA,YANG,REYNOLDS-PARKS,KANKAKEE,DEMOCRATIC,93,3885,DEM
GP 2020,2ND DEMOCRATIC DELEGATE,G,7,26180,102,SANOVIA,YANG,REYNOLDS-PARKS,WILL,DEMOCRATIC,88,3886,DEM
GP 2020,2ND DEMOCRATIC DELEGATE,G,7,26180,102,SANOVIA,YANG,REYNOLDS-PARKS,COOK,DEMOCRATIC,1453,3887,DEM
GP 2020,2ND DEMOCRATIC DELEGATE,G,7,26182,102,JUAN,YANG,JUAREZ,KANKAKEE,DEMOCRATIC,162,3888,DEM
GP 2020,2ND DEMOCRATIC DELEGATE,G,7,26182,102,JUAN,YANG,JUAREZ,WILL,DEMOCRATIC,124,3889,DEM
GP 2020,2ND DEMOCRATIC DELEGATE,G,7,26182,102,JUAN,YANG,JUAREZ,COOK,DEMOCRATIC,2525,3890,DEM
GP 2020,2ND DEMOCRATIC DELEGATE,G,7,26185,102,PAULA,YANG,WILSON,KANKAKEE,DEMOCRATIC,180,3891,DEM
GP 2020,2ND DEMOCRATIC DELEGATE,G,7,26185,102,PAULA,YANG,WILSON,WILL,DEMOCRATIC,178,3892,DEM
GP 2020,2ND DEMOCRATIC DELEGATE,G,7,26185,102,PAULA,YANG,WILSON,COOK,DEMOCRATIC,1966,3893,DEM
GP 2020,2ND DEMOCRATIC DELEGATE,G,7,26187,102,REGGIE,YANG,GREENWOOD,KANKAKEE,DEMOCRATIC,83,3894,DEM
GP 2020,2ND DEMOCRATIC DELEGATE,G,7,26187,102,REGGIE,YANG,GREENWOOD,WILL,DEMOCRATIC,78,3895,DEM
GP 2020,2ND DEMOCRATIC DELEGATE,G,7,26187,102,REGGIE,YANG,GREENWOOD,COOK,DEMOCRATIC,1573,3896,DEM
GP 2020,2ND DEMOCRATIC DELEGATE,G,7,26189,102,MONIQUE,YANG,WILLIAMS,KANKAKEE,DEMOCRATIC,159,3897,DEM
GP 2020,2ND DEMOCRATIC DELEGATE,G,7,26189,102,MONIQUE,YANG,WILLIAMS,WILL,DEMOCRATIC,132,3898,DEM
GP 2020,2ND DEMOCRATIC DELEGATE,G,7,26189,102,MONIQUE,YANG,WILLIAMS,COOK,DEMOCRATIC,2628,3899,DEM
GP 2020,2ND DEMOCRATIC DELEGATE,G,7,26191,102,KYLE,YANG,SUMMERS,KANKAKEE,DEMOCRATIC,100,3900,DEM
GP 2020,2ND DEMOCRATIC DELEGATE,G,7,26191,102,KYLE,YANG,SUMMERS,WILL,DEMOCRATIC,97,3901,DEM
GP 2020,2ND DEMOCRATIC DELEGATE,G,7,26191,102,KYLE,YANG,SUMMERS,COOK,DEMOCRATIC,1271,3902,DEM
GP 2020,2ND DEMOCRATIC DELEGATE,G,7,26294,102,EMILY,BUTTIGIEG,HIGGS,KANKAKEE,DEMOCRATIC,265,3903,DEM
GP 2020,2ND DEMOCRATIC DELEGATE,G,7,26294,102,EMILY,BUTTIGIEG,HIGGS,WILL,DEMOCRATIC,166,3904,DEM
GP 2020,2ND DEMOCRATIC DELEGATE,G,7,26294,102,EMILY,BUTTIGIEG,HIGGS,COOK,DEMOCRATIC,1602,3905,DEM
GP 2020,2ND DEMOCRATIC DELEGATE,G,7,26295,102,RANDALL,BUTTIGIEG,KRAUSE-VINSON,KANKAKEE,DEMOCRATIC,181,3906,DEM
GP 2020,2ND DEMOCRATIC DELEGATE,G,7,26295,102,RANDALL,BUTTIGIEG,KRAUSE-VINSON,WILL,DEMOCRATIC,90,3907,DEM
GP 2020,2ND DEMOCRATIC DELEGATE,G,7,26295,102,RANDALL,BUTTIGIEG,KRAUSE-VINSON,COOK,DEMOCRATIC,705,3908,DEM
GP 2020,2ND DEMOCRATIC DELEGATE,G,7,26296,102,SHERRY,BUTTIGIEG,NEWQUIST,KANKAKEE,DEMOCRATIC,249,3909,DEM
GP 2020,2ND DEMOCRATIC DELEGATE,G,7,26296,102,SHERRY,BUTTIGIEG,NEWQUIST,WILL,DEMOCRATIC,210,3910,DEM
GP 2020,2ND DEMOCRATIC DELEGATE,G,7,26296,102,SHERRY,BUTTIGIEG,NEWQUIST,COOK,DEMOCRATIC,1019,3911,DEM
GP 2020,2ND DEMOCRATIC DELEGATE,G,7,26297,102,ALFRED,BUTTIGIEG,SAUCEDO,KANKAKEE,DEMOCRATIC,194,3912,DEM
GP 2020,2ND DEMOCRATIC DELEGATE,G,7,26297,102,ALFRED,BUTTIGIEG,SAUCEDO,WILL,DEMOCRATIC,105,3913,DEM
GP 2020,2ND DEMOCRATIC DELEGATE,G,7,26297,102,ALFRED,BUTTIGIEG,SAUCEDO,COOK,DEMOCRATIC,1003,3914,DEM
GP 2020,2ND DEMOCRATIC DELEGATE,G,7,26197,102,ANDR╔ J.,WARREN,WASHINGTON,KANKAKEE,DEMOCRATIC,327,3915,DEM
GP 2020,2ND DEMOCRATIC DELEGATE,G,7,26197,102,ANDR╔ J.,WARREN,WASHINGTON,WILL,DEMOCRATIC,229,3916,DEM
GP 2020,2ND DEMOCRATIC DELEGATE,G,7,26197,102,ANDR╔ J.,WARREN,WASHINGTON,COOK,DEMOCRATIC,4900,3917,DEM
GP 2020,2ND DEMOCRATIC DELEGATE,G,7,26199,102,HOPE,WARREN,ZAWASKI,KANKAKEE,DEMOCRATIC,370,3918,DEM
GP 2020,2ND DEMOCRATIC DELEGATE,G,7,26199,102,HOPE,WARREN,ZAWASKI,WILL,DEMOCRATIC,253,3919,DEM
GP 2020,2ND DEMOCRATIC DELEGATE,G,7,26199,102,HOPE,WARREN,ZAWASKI,COOK,DEMOCRATIC,3588,3920,DEM
GP 2020,2ND DEMOCRATIC DELEGATE,G,7,26201,102,AL,WARREN,RILEY,KANKAKEE,DEMOCRATIC,282,3921,DEM
GP 2020,2ND DEMOCRATIC DELEGATE,G,7,26201,102,AL,WARREN,RILEY,WILL,DEMOCRATIC,290,3922,DEM
GP 2020,2ND DEMOCRATIC DELEGATE,G,7,26201,102,AL,WARREN,RILEY,COOK,DEMOCRATIC,4728,3923,DEM
GP 2020,2ND DEMOCRATIC DELEGATE,G,7,26204,102,CLEOPATRA,WARREN,WATSON,KANKAKEE,DEMOCRATIC,332,3924,DEM
GP 2020,2ND DEMOCRATIC DELEGATE,G,7,26204,102,CLEOPATRA,WARREN,WATSON,WILL,DEMOCRATIC,251,3925,DEM
GP 2020,2ND DEMOCRATIC DELEGATE,G,7,26204,102,CLEOPATRA,WARREN,WATSON,COOK,DEMOCRATIC,5162,3926,DEM
GP 2020,2ND DEMOCRATIC DELEGATE,G,7,26138,102,MARRICE,BIDEN,COVERSON,KANKAKEE,DEMOCRATIC,4218,3927,DEM
GP 2020,2ND DEMOCRATIC DELEGATE,G,7,26138,102,MARRICE,BIDEN,COVERSON,WILL,DEMOCRATIC,3404,3928,DEM
GP 2020,2ND DEMOCRATIC DELEGATE,G,7,26138,102,MARRICE,BIDEN,COVERSON,COOK,DEMOCRATIC,59441,3929,DEM
GP 2020,2ND DEMOCRATIC DELEGATE,G,7,26139,102,CORY,BIDEN,THAMES,KANKAKEE,DEMOCRATIC,4395,3930,DEM
GP 2020,2ND DEMOCRATIC DELEGATE,G,7,26139,102,CORY,BIDEN,THAMES,WILL,DEMOCRATIC,3498,3931,DEM
GP 2020,2ND DEMOCRATIC DELEGATE,G,7,26139,102,CORY,BIDEN,THAMES,COOK,DEMOCRATIC,59943,3932,DEM
GP 2020,2ND DEMOCRATIC DELEGATE,G,7,26133,102,DEBBIE,BIDEN,MEYERS-MARTIN,KANKAKEE,DEMOCRATIC,5050,3933,DEM
GP 2020,2ND DEMOCRATIC DELEGATE,G,7,26133,102,DEBBIE,BIDEN,MEYERS-MARTIN,WILL,DEMOCRATIC,4097,3934,DEM
GP 2020,2ND DEMOCRATIC DELEGATE,G,7,26133,102,DEBBIE,BIDEN,MEYERS-MARTIN,COOK,DEMOCRATIC,67657,3935,DEM
GP 2020,2ND DEMOCRATIC DELEGATE,G,7,26135,102,MICHAEL W.,BIDEN,SMITH,KANKAKEE,DEMOCRATIC,4709,3936,DEM
GP 2020,2ND DEMOCRATIC DELEGATE,G,7,26135,102,MICHAEL W.,BIDEN,SMITH,WILL,DEMOCRATIC,3775,3937,DEM
GP 2020,2ND DEMOCRATIC DELEGATE,G,7,26135,102,MICHAEL W.,BIDEN,SMITH,COOK,DEMOCRATIC,63497,3938,DEM
GP 2020,2ND DEMOCRATIC DELEGATE,G,7,26136,102,SHEILA,BIDEN,CHALMERS-CURRIN,KANKAKEE,DEMOCRATIC,4632,3939,DEM
GP 2020,2ND DEMOCRATIC DELEGATE,G,7,26136,102,SHEILA,BIDEN,CHALMERS-CURRIN,WILL,DEMOCRATIC,3814,3940,DEM
GP 2020,2ND DEMOCRATIC DELEGATE,G,7,26136,102,SHEILA,BIDEN,CHALMERS-CURRIN,COOK,DEMOCRATIC,63297,3941,DEM
GP 2020,2ND DEMOCRATIC DELEGATE,G,7,26137,102,LAMAR C.,BIDEN,BROWN,KANKAKEE,DEMOCRATIC,4452,3942,DEM
GP 2020,2ND DEMOCRATIC DELEGATE,G,7,26137,102,LAMAR C.,BIDEN,BROWN,WILL,DEMOCRATIC,3681,3943,DEM
GP 2020,2ND DEMOCRATIC DELEGATE,G,7,26137,102,LAMAR C.,BIDEN,BROWN,COOK,DEMOCRATIC,62251,3944,DEM
GP 2020,2ND DEMOCRATIC DELEGATE,G,7,26134,102,VERNARD,BIDEN,ALSBERRY,KANKAKEE,DEMOCRATIC,4387,3945,DEM
GP 2020,2ND DEMOCRATIC DELEGATE,G,7,26134,102,VERNARD,BIDEN,ALSBERRY,WILL,DEMOCRATIC,3539,3946,DEM
GP 2020,2ND DEMOCRATIC DELEGATE,G,7,26134,102,VERNARD,BIDEN,ALSBERRY,COOK,DEMOCRATIC,61355,3947,DEM
GP 2020,2ND DEMOCRATIC DELEGATE,G,7,26151,102,KENNETH,SANDERS,FRANKLIN,KANKAKEE,DEMOCRATIC,2121,3948,DEM
GP 2020,2ND DEMOCRATIC DELEGATE,G,7,26151,102,KENNETH,SANDERS,FRANKLIN,WILL,DEMOCRATIC,1324,3949,DEM
GP 2020,2ND DEMOCRATIC DELEGATE,G,7,26151,102,KENNETH,SANDERS,FRANKLIN,COOK,DEMOCRATIC,20381,3950,DEM
GP 2020,2ND DEMOCRATIC DELEGATE,G,7,26147,102,MAUREEN,SANDERS,FORTE,KANKAKEE,DEMOCRATIC,2432,3951,DEM
GP 2020,2ND DEMOCRATIC DELEGATE,G,7,26147,102,MAUREEN,SANDERS,FORTE,WILL,DEMOCRATIC,1461,3952,DEM
GP 2020,2ND DEMOCRATIC DELEGATE,G,7,26147,102,MAUREEN,SANDERS,FORTE,COOK,DEMOCRATIC,17545,3953,DEM
GP 2020,2ND REPUBLICAN DELEGATE,G,3,26392,102,JUDY,TRUMP,DIEKELMAN,KANKAKEE,REPUBLICAN,5371,3954,REP
GP 2020,2ND REPUBLICAN DELEGATE,G,3,26392,102,JUDY,TRUMP,DIEKELMAN,WILL,REPUBLICAN,2077,3955,REP
GP 2020,2ND REPUBLICAN DELEGATE,G,3,26392,102,JUDY,TRUMP,DIEKELMAN,COOK,REPUBLICAN,2894,3956,REP
GP 2020,2ND REPUBLICAN DELEGATE,G,3,26394,102,NICHOLAS,TRUMP,AFRICANO,KANKAKEE,REPUBLICAN,6269,3957,REP
GP 2020,2ND REPUBLICAN DELEGATE,G,3,26394,102,NICHOLAS,TRUMP,AFRICANO,WILL,REPUBLICAN,1619,3958,REP
GP 2020,2ND REPUBLICAN DELEGATE,G,3,26394,102,NICHOLAS,TRUMP,AFRICANO,COOK,REPUBLICAN,2398,3959,REP
GP 2020,2ND REPUBLICAN DELEGATE,G,3,26393,102,JAYNE,TRUMP,RAEF,KANKAKEE,REPUBLICAN,5055,3960,REP
GP 2020,2ND REPUBLICAN DELEGATE,G,3,26393,102,JAYNE,TRUMP,RAEF,WILL,REPUBLICAN,1638,3961,REP
GP 2020,2ND REPUBLICAN DELEGATE,G,3,26393,102,JAYNE,TRUMP,RAEF,COOK,REPUBLICAN,2461,3962,REP
GP 2020,2ND REPUBLICAN ALTERNATE DELEGATE,G,3,26395,202,JACK,TRUMP,McINERNEY,KANKAKEE,REPUBLICAN,5675,3963,REP
GP 2020,2ND REPUBLICAN ALTERNATE DELEGATE,G,3,26395,202,JACK,TRUMP,McINERNEY,WILL,REPUBLICAN,1924,3964,REP
GP 2020,2ND REPUBLICAN ALTERNATE DELEGATE,G,3,26395,202,JACK,TRUMP,McINERNEY,COOK,REPUBLICAN,2709,3965,REP
GP 2020,2ND REPUBLICAN ALTERNATE DELEGATE,G,3,26396,202,GEORGE,TRUMP,PEARSON,KANKAKEE,REPUBLICAN,5505,3966,REP
GP 2020,2ND REPUBLICAN ALTERNATE DELEGATE,G,3,26396,202,GEORGE,TRUMP,PEARSON,WILL,REPUBLICAN,1787,3967,REP
GP 2020,2ND REPUBLICAN ALTERNATE DELEGATE,G,3,26396,202,GEORGE,TRUMP,PEARSON,COOK,REPUBLICAN,2577,3968,REP
GP 2020,2ND REPUBLICAN ALTERNATE DELEGATE,G,3,26397,202,WAYLAND,TRUMP,JOHNSON JR,KANKAKEE,REPUBLICAN,4843,3969,REP
GP 2020,2ND REPUBLICAN ALTERNATE DELEGATE,G,3,26397,202,WAYLAND,TRUMP,JOHNSON JR,WILL,REPUBLICAN,1511,3970,REP
GP 2020,2ND REPUBLICAN ALTERNATE DELEGATE,G,3,26397,202,WAYLAND,TRUMP,JOHNSON JR,COOK,REPUBLICAN,2350,3971,REP
GP 2020,3RD DEMOCRATIC DELEGATE,G,6,26209,103,DELIAH,SANDERS,ODEH,WILL,DEMOCRATIC,2516,3972,DEM
GP 2020,3RD DEMOCRATIC DELEGATE,G,6,26209,103,DELIAH,SANDERS,ODEH,DuPAGE,DEMOCRATIC,28,3973,DEM
GP 2020,3RD DEMOCRATIC DELEGATE,G,6,26209,103,DELIAH,SANDERS,ODEH,COOK,DEMOCRATIC,31946,3974,DEM
GP 2020,3RD DEMOCRATIC DELEGATE,G,6,26212,103,JOSE,SANDERS,REQUENA,WILL,DEMOCRATIC,2304,3975,DEM
GP 2020,3RD DEMOCRATIC DELEGATE,G,6,26212,103,JOSE,SANDERS,REQUENA,DuPAGE,DEMOCRATIC,31,3976,DEM
GP 2020,3RD DEMOCRATIC DELEGATE,G,6,26212,103,JOSE,SANDERS,REQUENA,COOK,DEMOCRATIC,31140,3977,DEM
GP 2020,3RD DEMOCRATIC DELEGATE,G,6,26213,103,KYLE,SANDERS,KILLACKY,WILL,DEMOCRATIC,2320,3978,DEM
GP 2020,3RD DEMOCRATIC DELEGATE,G,6,26213,103,KYLE,SANDERS,KILLACKY,DuPAGE,DEMOCRATIC,31,3979,DEM
GP 2020,3RD DEMOCRATIC DELEGATE,G,6,26213,103,KYLE,SANDERS,KILLACKY,COOK,DEMOCRATIC,29337,3980,DEM
GP 2020,3RD DEMOCRATIC DELEGATE,G,6,26111,103,NEEL,YANG,JHOBALIA,WILL,DEMOCRATIC,176,3981,DEM
GP 2020,3RD DEMOCRATIC DELEGATE,G,6,26111,103,NEEL,YANG,JHOBALIA,DuPAGE,DEMOCRATIC,2,3982,DEM
GP 2020,3RD DEMOCRATIC DELEGATE,G,6,26111,103,NEEL,YANG,JHOBALIA,COOK,DEMOCRATIC,3070,3983,DEM
GP 2020,3RD DEMOCRATIC DELEGATE,G,6,26112,103,BRIAN,YANG,PIOPPO,WILL,DEMOCRATIC,241,3984,DEM
GP 2020,3RD DEMOCRATIC DELEGATE,G,6,26112,103,BRIAN,YANG,PIOPPO,DuPAGE,DEMOCRATIC,5,3985,DEM
GP 2020,3RD DEMOCRATIC DELEGATE,G,6,26112,103,BRIAN,YANG,PIOPPO,COOK,DEMOCRATIC,3247,3986,DEM
GP 2020,3RD DEMOCRATIC DELEGATE,G,6,26113,103,KATE,YANG,WU,WILL,DEMOCRATIC,359,3987,DEM
GP 2020,3RD DEMOCRATIC DELEGATE,G,6,26113,103,KATE,YANG,WU,DuPAGE,DEMOCRATIC,7,3988,DEM
GP 2020,3RD DEMOCRATIC DELEGATE,G,6,26113,103,KATE,YANG,WU,COOK,DEMOCRATIC,4062,3989,DEM
GP 2020,3RD DEMOCRATIC DELEGATE,G,6,26254,103,"KATHLEEN ""KATHY""",WARREN,SHAEVEL,WILL,DEMOCRATIC,410,3990,DEM
GP 2020,3RD DEMOCRATIC DELEGATE,G,6,26254,103,"KATHLEEN ""KATHY""",WARREN,SHAEVEL,DuPAGE,DEMOCRATIC,6,3991,DEM
GP 2020,3RD DEMOCRATIC DELEGATE,G,6,26254,103,"KATHLEEN ""KATHY""",WARREN,SHAEVEL,COOK,DEMOCRATIC,4029,3992,DEM
GP 2020,3RD DEMOCRATIC DELEGATE,G,6,26256,103,ADAM,WARREN,FLORES,WILL,DEMOCRATIC,324,3993,DEM
GP 2020,3RD DEMOCRATIC DELEGATE,G,6,26256,103,ADAM,WARREN,FLORES,DuPAGE,DEMOCRATIC,5,3994,DEM
GP 2020,3RD DEMOCRATIC DELEGATE,G,6,26256,103,ADAM,WARREN,FLORES,COOK,DEMOCRATIC,4671,3995,DEM
GP 2020,3RD DEMOCRATIC DELEGATE,G,6,26260,103,ANGELA,WARREN,ROBERTSON,WILL,DEMOCRATIC,439,3996,DEM
GP 2020,3RD DEMOCRATIC DELEGATE,G,6,26260,103,ANGELA,WARREN,ROBERTSON,DuPAGE,DEMOCRATIC,8,3997,DEM
GP 2020,3RD DEMOCRATIC DELEGATE,G,6,26260,103,ANGELA,WARREN,ROBERTSON,COOK,DEMOCRATIC,4213,3998,DEM
GP 2020,3RD DEMOCRATIC DELEGATE,G,6,26264,103,JOSE LUIS,WARREN,TORREZ,WILL,DEMOCRATIC,390,3999,DEM
GP 2020,3RD DEMOCRATIC DELEGATE,G,6,26264,103,JOSE LUIS,WARREN,TORREZ,DuPAGE,DEMOCRATIC,3,4000,DEM
GP 2020,3RD DEMOCRATIC DELEGATE,G,6,26264,103,JOSE LUIS,WARREN,TORREZ,COOK,DEMOCRATIC,4990,4001,DEM
GP 2020,3RD DEMOCRATIC DELEGATE,G,6,26268,103,TAMMY,WARREN,GEORGIOU,WILL,DEMOCRATIC,352,4002,DEM
GP 2020,3RD DEMOCRATIC DELEGATE,G,6,26268,103,TAMMY,WARREN,GEORGIOU,DuPAGE,DEMOCRATIC,7,4003,DEM
GP 2020,3RD DEMOCRATIC DELEGATE,G,6,26268,103,TAMMY,WARREN,GEORGIOU,COOK,DEMOCRATIC,3418,4004,DEM
GP 2020,3RD DEMOCRATIC DELEGATE,G,6,26269,103,CHRISTIAN D.,WARREN,PERRY,WILL,DEMOCRATIC,339,4005,DEM
GP 2020,3RD DEMOCRATIC DELEGATE,G,6,26269,103,CHRISTIAN D.,WARREN,PERRY,DuPAGE,DEMOCRATIC,5,4006,DEM
GP 2020,3RD DEMOCRATIC DELEGATE,G,6,26269,103,CHRISTIAN D.,WARREN,PERRY,COOK,DEMOCRATIC,2935,4007,DEM
GP 2020,3RD DEMOCRATIC DELEGATE,G,6,26048,103,LYNN,BIDEN,BARKER,WILL,DEMOCRATIC,4674,4008,DEM
GP 2020,3RD DEMOCRATIC DELEGATE,G,6,26048,103,LYNN,BIDEN,BARKER,DuPAGE,DEMOCRATIC,90,4009,DEM
GP 2020,3RD DEMOCRATIC DELEGATE,G,6,26048,103,LYNN,BIDEN,BARKER,COOK,DEMOCRATIC,41634,4010,DEM
GP 2020,3RD DEMOCRATIC DELEGATE,G,6,26049,103,KEVIN E.,BIDEN,O'GORMAN,WILL,DEMOCRATIC,4295,4011,DEM
GP 2020,3RD DEMOCRATIC DELEGATE,G,6,26049,103,KEVIN E.,BIDEN,O'GORMAN,DuPAGE,DEMOCRATIC,80,4012,DEM
GP 2020,3RD DEMOCRATIC DELEGATE,G,6,26049,103,KEVIN E.,BIDEN,O'GORMAN,COOK,DEMOCRATIC,42428,4013,DEM
GP 2020,3RD DEMOCRATIC DELEGATE,G,6,26050,103,ADRIANA D.,BIDEN,OLSON,WILL,DEMOCRATIC,4512,4014,DEM
GP 2020,3RD DEMOCRATIC DELEGATE,G,6,26050,103,ADRIANA D.,BIDEN,OLSON,DuPAGE,DEMOCRATIC,93,4015,DEM
GP 2020,3RD DEMOCRATIC DELEGATE,G,6,26050,103,ADRIANA D.,BIDEN,OLSON,COOK,DEMOCRATIC,41068,4016,DEM
GP 2020,3RD DEMOCRATIC DELEGATE,G,6,26045,103,PATRICK DALEY,BIDEN,THOMPSON,WILL,DEMOCRATIC,4814,4017,DEM
GP 2020,3RD DEMOCRATIC DELEGATE,G,6,26045,103,PATRICK DALEY,BIDEN,THOMPSON,DuPAGE,DEMOCRATIC,87,4018,DEM
GP 2020,3RD DEMOCRATIC DELEGATE,G,6,26045,103,PATRICK DALEY,BIDEN,THOMPSON,COOK,DEMOCRATIC,48740,4019,DEM
GP 2020,3RD DEMOCRATIC DELEGATE,G,6,26046,103,DONNA,BIDEN,HUGHES,WILL,DEMOCRATIC,4861,4020,DEM
GP 2020,3RD DEMOCRATIC DELEGATE,G,6,26046,103,DONNA,BIDEN,HUGHES,DuPAGE,DEMOCRATIC,100,4021,DEM
GP 2020,3RD DEMOCRATIC DELEGATE,G,6,26046,103,DONNA,BIDEN,HUGHES,COOK,DEMOCRATIC,43716,4022,DEM
GP 2020,3RD DEMOCRATIC DELEGATE,G,6,26047,103,KYLE R.,BIDEN,HASTINGS,WILL,DEMOCRATIC,4490,4023,DEM
GP 2020,3RD DEMOCRATIC DELEGATE,G,6,26047,103,KYLE R.,BIDEN,HASTINGS,DuPAGE,DEMOCRATIC,85,4024,DEM
GP 2020,3RD DEMOCRATIC DELEGATE,G,6,26047,103,KYLE R.,BIDEN,HASTINGS,COOK,DEMOCRATIC,43004,4025,DEM
GP 2020,3RD DEMOCRATIC DELEGATE,G,6,26210,103,MAUREEN,SANDERS,SULLIVAN,WILL,DEMOCRATIC,2815,4026,DEM
GP 2020,3RD DEMOCRATIC DELEGATE,G,6,26210,103,MAUREEN,SANDERS,SULLIVAN,DuPAGE,DEMOCRATIC,38,4027,DEM
GP 2020,3RD DEMOCRATIC DELEGATE,G,6,26210,103,MAUREEN,SANDERS,SULLIVAN,COOK,DEMOCRATIC,35029,4028,DEM
GP 2020,3RD DEMOCRATIC DELEGATE,G,6,26211,103,DANIEL,SANDERS,GUZMAN,DuPAGE,DEMOCRATIC,36,4029,DEM
GP 2020,3RD DEMOCRATIC DELEGATE,G,6,26211,103,DANIEL,SANDERS,GUZMAN,COOK,DEMOCRATIC,34880,4030,DEM
GP 2020,3RD DEMOCRATIC DELEGATE,G,6,26211,103,DANIEL,SANDERS,GUZMAN,WILL,DEMOCRATIC,2700,4031,DEM
GP 2020,3RD DEMOCRATIC DELEGATE,G,6,26208,103,AMALIA,SANDERS,DEJESUS,WILL,DEMOCRATIC,2729,4032,DEM
GP 2020,3RD DEMOCRATIC DELEGATE,G,6,26208,103,AMALIA,SANDERS,DEJESUS,DuPAGE,DEMOCRATIC,36,4033,DEM
GP 2020,3RD DEMOCRATIC DELEGATE,G,6,26208,103,AMALIA,SANDERS,DEJESUS,COOK,DEMOCRATIC,34784,4034,DEM
GP 2020,3RD REPUBLICAN DELEGATE,G,3,26645,103,RICHARD,,MAYERS,WILL,REPUBLICAN,0,4035,REP
GP 2020,3RD REPUBLICAN DELEGATE,G,3,26645,103,RICHARD,,MAYERS,DuPAGE,REPUBLICAN,0,4036,REP
GP 2020,3RD REPUBLICAN DELEGATE,G,3,26645,103,RICHARD,,MAYERS,COOK,REPUBLICAN,2,4037,REP
GP 2020,3RD REPUBLICAN DELEGATE,G,3,26058,103,KEITH,TRUMP,PEKAU,WILL,REPUBLICAN,3394,4038,REP
GP 2020,3RD REPUBLICAN DELEGATE,G,3,26058,103,KEITH,TRUMP,PEKAU,DuPAGE,REPUBLICAN,30,4039,REP
GP 2020,3RD REPUBLICAN DELEGATE,G,3,26058,103,KEITH,TRUMP,PEKAU,COOK,REPUBLICAN,10872,4040,REP
GP 2020,3RD REPUBLICAN DELEGATE,G,3,26061,103,CYNTHIA NELSON,TRUMP,KATSENES,WILL,REPUBLICAN,2977,4041,REP
GP 2020,3RD REPUBLICAN DELEGATE,G,3,26061,103,CYNTHIA NELSON,TRUMP,KATSENES,DuPAGE,REPUBLICAN,24,4042,REP
GP 2020,3RD REPUBLICAN DELEGATE,G,3,26061,103,CYNTHIA NELSON,TRUMP,KATSENES,COOK,REPUBLICAN,9932,4043,REP
GP 2020,3RD REPUBLICAN DELEGATE,G,3,26059,103,JESUS,TRUMP,SOLORIO,WILL,REPUBLICAN,2566,4044,REP
GP 2020,3RD REPUBLICAN DELEGATE,G,3,26059,103,JESUS,TRUMP,SOLORIO,DuPAGE,REPUBLICAN,27,4045,REP
GP 2020,3RD REPUBLICAN DELEGATE,G,3,26059,103,JESUS,TRUMP,SOLORIO,COOK,REPUBLICAN,9476,4046,REP
GP 2020,3RD REPUBLICAN ALTERNATE DELEGATE,G,3,26656,203,RICHARD,,MAYERS,COOK,REPUBLICAN,2,4047,REP
GP 2020,3RD REPUBLICAN ALTERNATE DELEGATE,G,3,26065,203,STEPHEN,TRUMP,BALICH,WILL,REPUBLICAN,3418,4048,REP
GP 2020,3RD REPUBLICAN ALTERNATE DELEGATE,G,3,26065,203,STEPHEN,TRUMP,BALICH,DuPAGE,REPUBLICAN,29,4049,REP
GP 2020,3RD REPUBLICAN ALTERNATE DELEGATE,G,3,26065,203,STEPHEN,TRUMP,BALICH,COOK,REPUBLICAN,10309,4050,REP
GP 2020,3RD REPUBLICAN ALTERNATE DELEGATE,G,3,26073,203,MADELYN D,TRUMP,FLAHERTY,WILL,REPUBLICAN,2755,4051,REP
GP 2020,3RD REPUBLICAN ALTERNATE DELEGATE,G,3,26073,203,MADELYN D,TRUMP,FLAHERTY,DuPAGE,REPUBLICAN,23,4052,REP
GP 2020,3RD REPUBLICAN ALTERNATE DELEGATE,G,3,26073,203,MADELYN D,TRUMP,FLAHERTY,COOK,REPUBLICAN,10168,4053,REP
GP 2020,3RD REPUBLICAN ALTERNATE DELEGATE,G,3,26070,203,MICHAEL,TRUMP,SHACKEL,WILL,REPUBLICAN,2565,4054,REP
GP 2020,3RD REPUBLICAN ALTERNATE DELEGATE,G,3,26070,203,MICHAEL,TRUMP,SHACKEL,DuPAGE,REPUBLICAN,25,4055,REP
GP 2020,3RD REPUBLICAN ALTERNATE DELEGATE,G,3,26070,203,MICHAEL,TRUMP,SHACKEL,COOK,REPUBLICAN,9669,4056,REP
GP 2020,4TH DEMOCRATIC DELEGATE,G,5,26219,104,JESUS,YANG,"AYALA, JR.",COOK,DEMOCRATIC,5363,4057,DEM
GP 2020,4TH DEMOCRATIC DELEGATE,G,5,26220,104,BRIDGET,YANG,FLYNN,COOK,DEMOCRATIC,2518,4058,DEM
GP 2020,4TH DEMOCRATIC DELEGATE,G,5,26221,104,MELISSA,YANG,STRUBE,COOK,DEMOCRATIC,2421,4059,DEM
GP 2020,4TH DEMOCRATIC DELEGATE,G,5,26041,104,PETER,BUTTIGIEG,GARIEPY,COOK,DEMOCRATIC,5710,4060,DEM
GP 2020,4TH DEMOCRATIC DELEGATE,G,5,26327,104,SOPHIA,WARREN,OLAZABA,COOK,DEMOCRATIC,9363,4061,DEM
GP 2020,4TH DEMOCRATIC DELEGATE,G,5,26330,104,WILL,WARREN,GUZZARDI,COOK,DEMOCRATIC,6661,4062,DEM
GP 2020,4TH DEMOCRATIC DELEGATE,G,5,26335,104,VENU,WARREN,GUPTA,COOK,DEMOCRATIC,4857,4063,DEM
GP 2020,4TH DEMOCRATIC DELEGATE,G,5,26338,104,OMAR,WARREN,AQUINO,COOK,DEMOCRATIC,7716,4064,DEM
GP 2020,4TH DEMOCRATIC DELEGATE,G,5,26340,104,ABBY,WARREN,WITT,COOK,DEMOCRATIC,6792,4065,DEM
GP 2020,4TH DEMOCRATIC DELEGATE,G,5,26086,104,"EMANUEL ""CHRIS""",BIDEN,WELCH,COOK,DEMOCRATIC,25143,4066,DEM
GP 2020,4TH DEMOCRATIC DELEGATE,G,5,26093,104,ANGELICA,BIDEN,ALFARO,COOK,DEMOCRATIC,25714,4067,DEM
GP 2020,4TH DEMOCRATIC DELEGATE,G,5,26262,104,SHANA,SANDERS,EAST,COOK,DEMOCRATIC,42910,4068,DEM
GP 2020,4TH DEMOCRATIC DELEGATE,G,5,26266,104,COLIN,SANDERS,BIRD-MARTINEZ,COOK,DEMOCRATIC,40909,4069,DEM
GP 2020,4TH DEMOCRATIC DELEGATE,G,5,26258,104,ALMA,SANDERS,ANAYA,COOK,DEMOCRATIC,51910,4070,DEM
GP 2020,4TH DEMOCRATIC DELEGATE,G,5,26259,104,MELISSA,SANDERS,RUBIO,COOK,DEMOCRATIC,50738,4071,DEM
GP 2020,4TH DEMOCRATIC DELEGATE,G,5,26265,104,BYRON,SANDERS,SIGCHO-LOPEZ,COOK,DEMOCRATIC,43781,4072,DEM
GP 2020,4TH DEMOCRATIC DELEGATE,G,5,26088,104,CLAUDIA P.,BIDEN,RODRIGUEZ,COOK,DEMOCRATIC,29164,4073,DEM
GP 2020,4TH DEMOCRATIC DELEGATE,G,5,26091,104,JUAN JOSE,BIDEN,GONZALEZ,COOK,DEMOCRATIC,27243,4074,DEM
GP 2020,4TH REPUBLICAN DELEGATE,G,3,26348,104,JULIAN,TRUMP,AGUILAR,COOK,REPUBLICAN,3604,4075,REP
GP 2020,4TH REPUBLICAN DELEGATE,G,3,26350,104,DOROTHY,TRUMP,HATHAWAY,COOK,REPUBLICAN,3602,4076,REP
GP 2020,4TH REPUBLICAN DELEGATE,G,3,26353,104,ANAYANZI,TRUMP,MENDEZ,COOK,REPUBLICAN,3013,4077,REP
GP 2020,4TH REPUBLICAN ALTERNATE DELEGATE,G,3,26355,204,TIMOTHY,TRUMP,HEILENBACH,COOK,REPUBLICAN,3410,4078,REP
GP 2020,4TH REPUBLICAN ALTERNATE DELEGATE,G,3,26359,204,BRIAN,TRUMP,HATHAWAY,COOK,REPUBLICAN,3312,4079,REP
GP 2020,4TH REPUBLICAN ALTERNATE DELEGATE,G,3,26357,204,NICHOLAS,TRUMP,GRIGOLETTI,COOK,REPUBLICAN,3299,4080,REP
GP 2020,5TH DEMOCRATIC DELEGATE,G,7,26384,105,ZACH,WARREN,KOUTSKY,DuPAGE,DEMOCRATIC,148,4081,DEM
GP 2020,5TH DEMOCRATIC DELEGATE,G,7,26384,105,ZACH,WARREN,KOUTSKY,COOK,DEMOCRATIC,5062,4082,DEM
GP 2020,5TH DEMOCRATIC DELEGATE,G,7,26387,105,"KAITLIN ""KADY""",WARREN,McFADDEN,DuPAGE,DEMOCRATIC,296,4083,DEM
GP 2020,5TH DEMOCRATIC DELEGATE,G,7,26387,105,"KAITLIN ""KADY""",WARREN,McFADDEN,COOK,DEMOCRATIC,7851,4084,DEM
GP 2020,5TH DEMOCRATIC DELEGATE,G,7,26388,105,MICHAEL,WARREN,NEGRON,DuPAGE,DEMOCRATIC,139,4085,DEM
GP 2020,5TH DEMOCRATIC DELEGATE,G,7,26388,105,MICHAEL,WARREN,NEGRON,COOK,DEMOCRATIC,5782,4086,DEM
GP 2020,5TH DEMOCRATIC DELEGATE,G,7,26389,105,EILEEN,WARREN,DORDEK,DuPAGE,DEMOCRATIC,253,4087,DEM
GP 2020,5TH DEMOCRATIC DELEGATE,G,7,26389,105,EILEEN,WARREN,DORDEK,COOK,DEMOCRATIC,6577,4088,DEM
GP 2020,5TH DEMOCRATIC DELEGATE,G,7,26390,105,CARTER,WARREN,HARMS,DuPAGE,DEMOCRATIC,126,4089,DEM
GP 2020,5TH DEMOCRATIC DELEGATE,G,7,26390,105,CARTER,WARREN,HARMS,COOK,DEMOCRATIC,4036,4090,DEM
GP 2020,5TH DEMOCRATIC DELEGATE,G,7,26200,105,ETHAN,BIDEN,COX,DuPAGE,DEMOCRATIC,4807,4091,DEM
GP 2020,5TH DEMOCRATIC DELEGATE,G,7,26200,105,ETHAN,BIDEN,COX,COOK,DEMOCRATIC,56142,4092,DEM
GP 2020,5TH DEMOCRATIC DELEGATE,G,7,26202,105,LUCY,BIDEN,MOOG,DuPAGE,DEMOCRATIC,5061,4093,DEM
GP 2020,5TH DEMOCRATIC DELEGATE,G,7,26202,105,LUCY,BIDEN,MOOG,COOK,DEMOCRATIC,58322,4094,DEM
GP 2020,5TH DEMOCRATIC DELEGATE,G,7,26203,105,RYAN,BIDEN,DUNIGAN,DuPAGE,DEMOCRATIC,4769,4095,DEM
GP 2020,5TH DEMOCRATIC DELEGATE,G,7,26203,105,RYAN,BIDEN,DUNIGAN,COOK,DEMOCRATIC,55239,4096,DEM
GP 2020,5TH DEMOCRATIC DELEGATE,G,7,26198,105,CYNTHIA M.,BIDEN,SANTOS,DuPAGE,DEMOCRATIC,5304,4097,DEM
GP 2020,5TH DEMOCRATIC DELEGATE,G,7,26198,105,CYNTHIA M.,BIDEN,SANTOS,COOK,DEMOCRATIC,62510,4098,DEM
GP 2020,5TH DEMOCRATIC DELEGATE,G,7,26192,105,PATRICK,BIDEN,O'CONNOR,DuPAGE,DEMOCRATIC,5191,4099,DEM
GP 2020,5TH DEMOCRATIC DELEGATE,G,7,26192,105,PATRICK,BIDEN,O'CONNOR,COOK,DEMOCRATIC,62418,4100,DEM
GP 2020,5TH DEMOCRATIC DELEGATE,G,7,26194,105,MARIYANA T.,BIDEN,SPYROPOULOS,DuPAGE,DEMOCRATIC,5150,4101,DEM
GP 2020,5TH DEMOCRATIC DELEGATE,G,7,26194,105,MARIYANA T.,BIDEN,SPYROPOULOS,COOK,DEMOCRATIC,60091,4102,DEM
GP 2020,5TH DEMOCRATIC DELEGATE,G,7,26196,105,CHRISTOPHER,BIDEN,TALIAFERRO,DuPAGE,DEMOCRATIC,4885,4103,DEM
GP 2020,5TH DEMOCRATIC DELEGATE,G,7,26196,105,CHRISTOPHER,BIDEN,TALIAFERRO,COOK,DEMOCRATIC,57307,4104,DEM
GP 2020,5TH DEMOCRATIC DELEGATE,G,7,26312,105,ABIGAIL,SANDERS,SCHULTZ,DuPAGE,DEMOCRATIC,2207,4105,DEM
GP 2020,5TH DEMOCRATIC DELEGATE,G,7,26312,105,ABIGAIL,SANDERS,SCHULTZ,COOK,DEMOCRATIC,50612,4106,DEM
GP 2020,5TH DEMOCRATIC DELEGATE,G,7,26321,105,SANTOS,SANDERS,MORENO,DuPAGE,DEMOCRATIC,1980,4107,DEM
GP 2020,5TH DEMOCRATIC DELEGATE,G,7,26321,105,SANTOS,SANDERS,MORENO,COOK,DEMOCRATIC,48419,4108,DEM
GP 2020,5TH DEMOCRATIC DELEGATE,G,7,26319,105,WILLIAM,SANDERS,BIANCHI,DuPAGE,DEMOCRATIC,1890,4109,DEM
GP 2020,5TH DEMOCRATIC DELEGATE,G,7,26319,105,WILLIAM,SANDERS,BIANCHI,COOK,DEMOCRATIC,45834,4110,DEM
GP 2020,5TH DEMOCRATIC DELEGATE,G,7,26279,105,PATRICK,YANG,MALONEY,DuPAGE,DEMOCRATIC,148,4111,DEM
GP 2020,5TH DEMOCRATIC DELEGATE,G,7,26279,105,PATRICK,YANG,MALONEY,COOK,DEMOCRATIC,2493,4112,DEM
GP 2020,5TH DEMOCRATIC DELEGATE,G,7,26282,105,WILLIAM,YANG,RUDNICK,DuPAGE,DEMOCRATIC,76,4113,DEM
GP 2020,5TH DEMOCRATIC DELEGATE,G,7,26282,105,WILLIAM,YANG,RUDNICK,COOK,DEMOCRATIC,1416,4114,DEM
GP 2020,5TH DEMOCRATIC DELEGATE,G,7,26288,105,VIVIEN JOY,YANG,LAMADRID,DuPAGE,DEMOCRATIC,124,4115,DEM
GP 2020,5TH DEMOCRATIC DELEGATE,G,7,26288,105,VIVIEN JOY,YANG,LAMADRID,COOK,DEMOCRATIC,1979,4116,DEM
GP 2020,5TH DEMOCRATIC DELEGATE,G,7,26291,105,NOAH,YANG,BRANT,DuPAGE,DEMOCRATIC,87,4117,DEM
GP 2020,5TH DEMOCRATIC DELEGATE,G,7,26291,105,NOAH,YANG,BRANT,COOK,DEMOCRATIC,1286,4118,DEM
GP 2020,5TH DEMOCRATIC DELEGATE,G,7,26578,105,EDUARDO,KLOBUCHAR,FERNANDEZ dE GARAYALDE GONZALEZ,DuPAGE,DEMOCRATIC,99,4119,DEM
GP 2020,5TH DEMOCRATIC DELEGATE,G,7,26578,105,EDUARDO,KLOBUCHAR,FERNANDEZ dE GARAYALDE GONZALEZ,COOK,DEMOCRATIC,1770,4120,DEM
GP 2020,5TH DEMOCRATIC DELEGATE,G,7,26579,105,ROSS D.,KLOBUCHAR,SECLER,DuPAGE,DEMOCRATIC,66,4121,DEM
GP 2020,5TH DEMOCRATIC DELEGATE,G,7,26579,105,ROSS D.,KLOBUCHAR,SECLER,COOK,DEMOCRATIC,1178,4122,DEM
GP 2020,5TH DEMOCRATIC DELEGATE,G,7,26580,105,COLETTE,KLOBUCHAR,HOLT,DuPAGE,DEMOCRATIC,150,4123,DEM
GP 2020,5TH DEMOCRATIC DELEGATE,G,7,26580,105,COLETTE,KLOBUCHAR,HOLT,COOK,DEMOCRATIC,2069,4124,DEM
GP 2020,5TH DEMOCRATIC DELEGATE,G,7,26581,105,DENISE K.,KLOBUCHAR,MARX,DuPAGE,DEMOCRATIC,127,4125,DEM
GP 2020,5TH DEMOCRATIC DELEGATE,G,7,26581,105,DENISE K.,KLOBUCHAR,MARX,COOK,DEMOCRATIC,1846,4126,DEM
GP 2020,5TH DEMOCRATIC DELEGATE,G,7,26582,105,RYAN,KLOBUCHAR,O'DONNELL,DuPAGE,DEMOCRATIC,99,4127,DEM
GP 2020,5TH DEMOCRATIC DELEGATE,G,7,26582,105,RYAN,KLOBUCHAR,O'DONNELL,COOK,DEMOCRATIC,1784,4128,DEM
GP 2020,5TH DEMOCRATIC DELEGATE,G,7,26583,105,DAVID A.,KLOBUCHAR,ZULKEY,DuPAGE,DEMOCRATIC,63,4129,DEM
GP 2020,5TH DEMOCRATIC DELEGATE,G,7,26583,105,DAVID A.,KLOBUCHAR,ZULKEY,COOK,DEMOCRATIC,1166,4130,DEM
GP 2020,5TH DEMOCRATIC DELEGATE,G,7,26174,105,RIO,BUTTIGIEG,DIAZ,DuPAGE,DEMOCRATIC,202,4131,DEM
GP 2020,5TH DEMOCRATIC DELEGATE,G,7,26174,105,RIO,BUTTIGIEG,DIAZ,COOK,DEMOCRATIC,2725,4132,DEM
GP 2020,5TH DEMOCRATIC DELEGATE,G,7,26175,105,DIANA,BUTTIGIEG,HELT,DuPAGE,DEMOCRATIC,254,4133,DEM
GP 2020,5TH DEMOCRATIC DELEGATE,G,7,26175,105,DIANA,BUTTIGIEG,HELT,COOK,DEMOCRATIC,3609,4134,DEM
GP 2020,5TH DEMOCRATIC DELEGATE,G,7,26176,105,DAVID,BUTTIGIEG,JACOBSON,DuPAGE,DEMOCRATIC,162,4135,DEM
GP 2020,5TH DEMOCRATIC DELEGATE,G,7,26176,105,DAVID,BUTTIGIEG,JACOBSON,COOK,DEMOCRATIC,2526,4136,DEM
GP 2020,5TH DEMOCRATIC DELEGATE,G,7,26177,105,KEVIN,BUTTIGIEG,JOHNSON,DuPAGE,DEMOCRATIC,161,4137,DEM
GP 2020,5TH DEMOCRATIC DELEGATE,G,7,26177,105,KEVIN,BUTTIGIEG,JOHNSON,COOK,DEMOCRATIC,2439,4138,DEM
GP 2020,5TH DEMOCRATIC DELEGATE,G,7,26179,105,BRAD,BUTTIGIEG,LIPPITZ,DuPAGE,DEMOCRATIC,119,4139,DEM
GP 2020,5TH DEMOCRATIC DELEGATE,G,7,26179,105,BRAD,BUTTIGIEG,LIPPITZ,COOK,DEMOCRATIC,2492,4140,DEM
GP 2020,5TH DEMOCRATIC DELEGATE,G,7,26181,105,JONATHAN,BUTTIGIEG,PIZER,DuPAGE,DEMOCRATIC,112,4141,DEM
GP 2020,5TH DEMOCRATIC DELEGATE,G,7,26181,105,JONATHAN,BUTTIGIEG,PIZER,COOK,DEMOCRATIC,2355,4142,DEM
GP 2020,5TH DEMOCRATIC DELEGATE,G,7,26184,105,AMANDA,BUTTIGIEG,PENABAD,DuPAGE,DEMOCRATIC,203,4143,DEM
GP 2020,5TH DEMOCRATIC DELEGATE,G,7,26184,105,AMANDA,BUTTIGIEG,PENABAD,COOK,DEMOCRATIC,3345,4144,DEM
GP 2020,5TH DEMOCRATIC DELEGATE,G,7,26079,105,LEE,BUTTIGIEG,GREENHOUSE,DuPAGE,DEMOCRATIC,72,4145,DEM
GP 2020,5TH DEMOCRATIC DELEGATE,G,7,26079,105,LEE,BUTTIGIEG,GREENHOUSE,COOK,DEMOCRATIC,1616,4146,DEM
GP 2020,5TH DEMOCRATIC DELEGATE,G,7,26378,105,MATTHEW,WARREN,MARTIN,DuPAGE,DEMOCRATIC,172,4147,DEM
GP 2020,5TH DEMOCRATIC DELEGATE,G,7,26378,105,MATTHEW,WARREN,MARTIN,COOK,DEMOCRATIC,6344,4148,DEM
GP 2020,5TH DEMOCRATIC DELEGATE,G,7,26381,105,ANDREA,WARREN,McPIKE,DuPAGE,DEMOCRATIC,267,4149,DEM
GP 2020,5TH DEMOCRATIC DELEGATE,G,7,26381,105,ANDREA,WARREN,McPIKE,COOK,DEMOCRATIC,7660,4150,DEM
GP 2020,5TH DEMOCRATIC DELEGATE,G,7,26315,105,MARY,SANDERS,COLLERAN,DuPAGE,DEMOCRATIC,2071,4151,DEM
GP 2020,5TH DEMOCRATIC DELEGATE,G,7,26315,105,MARY,SANDERS,COLLERAN,COOK,DEMOCRATIC,49431,4152,DEM
GP 2020,5TH DEMOCRATIC DELEGATE,G,7,26317,105,TERI,SANDERS,GIDWITZ,DuPAGE,DEMOCRATIC,1895,4153,DEM
GP 2020,5TH DEMOCRATIC DELEGATE,G,7,26317,105,TERI,SANDERS,GIDWITZ,COOK,DEMOCRATIC,47146,4154,DEM
GP 2020,5TH DEMOCRATIC DELEGATE,G,7,26323,105,PATRICK,SANDERS,MULCHRONE,DuPAGE,DEMOCRATIC,1812,4155,DEM
GP 2020,5TH DEMOCRATIC DELEGATE,G,7,26323,105,PATRICK,SANDERS,MULCHRONE,COOK,DEMOCRATIC,43586,4156,DEM
GP 2020,5TH DEMOCRATIC DELEGATE,G,7,26325,105,DAVE,SANDERS,TEMKIN,DuPAGE,DEMOCRATIC,1732,4157,DEM
GP 2020,5TH DEMOCRATIC DELEGATE,G,7,26325,105,DAVE,SANDERS,TEMKIN,COOK,DEMOCRATIC,41487,4158,DEM
GP 2020,5TH DEMOCRATIC DELEGATE,G,7,26274,105,JARED,YANG,ZINGSHEIM,DuPAGE,DEMOCRATIC,87,4159,DEM
GP 2020,5TH DEMOCRATIC DELEGATE,G,7,26274,105,JARED,YANG,ZINGSHEIM,COOK,DEMOCRATIC,1643,4160,DEM
GP 2020,5TH DEMOCRATIC DELEGATE,G,7,26276,105,AMBER,YANG,FUDACZ,DuPAGE,DEMOCRATIC,166,4161,DEM
GP 2020,5TH DEMOCRATIC DELEGATE,G,7,26276,105,AMBER,YANG,FUDACZ,COOK,DEMOCRATIC,2262,4162,DEM
GP 2020,5TH REPUBLICAN DELEGATE,G,3,26421,105,VINCE,TRUMP,KOLBER,DuPAGE,REPUBLICAN,2003,4163,REP
GP 2020,5TH REPUBLICAN DELEGATE,G,3,26421,105,VINCE,TRUMP,KOLBER,COOK,REPUBLICAN,7563,4164,REP
GP 2020,5TH REPUBLICAN DELEGATE,G,3,26425,105,ANTHONY,TRUMP,BECKMAN,DuPAGE,REPUBLICAN,1920,4165,REP
GP 2020,5TH REPUBLICAN DELEGATE,G,3,26425,105,ANTHONY,TRUMP,BECKMAN,COOK,REPUBLICAN,7138,4166,REP
GP 2020,5TH REPUBLICAN DELEGATE,G,3,26423,105,DAVID,TRUMP,DI SANTI,DuPAGE,REPUBLICAN,1978,4167,REP
GP 2020,5TH REPUBLICAN DELEGATE,G,3,26423,105,DAVID,TRUMP,DI SANTI,COOK,REPUBLICAN,7007,4168,REP
GP 2020,5TH REPUBLICAN ALTERNATE DELEGATE,G,3,26427,205,JONATHON,TRUMP,LUERS,DuPAGE,REPUBLICAN,2024,4169,REP
GP 2020,5TH REPUBLICAN ALTERNATE DELEGATE,G,3,26427,205,JONATHON,TRUMP,LUERS,COOK,REPUBLICAN,7410,4170,REP
GP 2020,5TH REPUBLICAN ALTERNATE DELEGATE,G,3,26431,205,ALAN,TRUMP,SPITZ,DuPAGE,REPUBLICAN,1989,4171,REP
GP 2020,5TH REPUBLICAN ALTERNATE DELEGATE,G,3,26431,205,ALAN,TRUMP,SPITZ,COOK,REPUBLICAN,7148,4172,REP
GP 2020,5TH REPUBLICAN ALTERNATE DELEGATE,G,3,26432,205,GRAEME,TRUMP,JACK,DuPAGE,REPUBLICAN,1795,4173,REP
GP 2020,5TH REPUBLICAN ALTERNATE DELEGATE,G,3,26432,205,GRAEME,TRUMP,JACK,COOK,REPUBLICAN,6399,4174,REP
GP 2020,6TH DEMOCRATIC DELEGATE,G,6,26365,106,ANTHONY,SANDERS,HINSBERGER,KANE,DEMOCRATIC,2281,4175,DEM
GP 2020,6TH DEMOCRATIC DELEGATE,G,6,26365,106,ANTHONY,SANDERS,HINSBERGER,McHENRY,DEMOCRATIC,2346,4176,DEM
GP 2020,6TH DEMOCRATIC DELEGATE,G,6,26365,106,ANTHONY,SANDERS,HINSBERGER,DuPAGE,DEMOCRATIC,11072,4177,DEM
GP 2020,6TH DEMOCRATIC DELEGATE,G,6,26365,106,ANTHONY,SANDERS,HINSBERGER,COOK,DEMOCRATIC,3253,4178,DEM
GP 2020,6TH DEMOCRATIC DELEGATE,G,6,26365,106,ANTHONY,SANDERS,HINSBERGER,LAKE,DEMOCRATIC,1151,4179,DEM
GP 2020,6TH DEMOCRATIC DELEGATE,G,6,26608,106,DEANNA (DEE),KLOBUCHAR,DARLING,KANE,DEMOCRATIC,153,4180,DEM
GP 2020,6TH DEMOCRATIC DELEGATE,G,6,26608,106,DEANNA (DEE),KLOBUCHAR,DARLING,McHENRY,DEMOCRATIC,146,4181,DEM
GP 2020,6TH DEMOCRATIC DELEGATE,G,6,26608,106,DEANNA (DEE),KLOBUCHAR,DARLING,DuPAGE,DEMOCRATIC,720,4182,DEM
GP 2020,6TH DEMOCRATIC DELEGATE,G,6,26608,106,DEANNA (DEE),KLOBUCHAR,DARLING,COOK,DEMOCRATIC,194,4183,DEM
GP 2020,6TH DEMOCRATIC DELEGATE,G,6,26608,106,DEANNA (DEE),KLOBUCHAR,DARLING,LAKE,DEMOCRATIC,115,4184,DEM
GP 2020,6TH DEMOCRATIC DELEGATE,G,6,26609,106,TERRA COSTA,KLOBUCHAR,HOWARD,KANE,DEMOCRATIC,107,4185,DEM
GP 2020,6TH DEMOCRATIC DELEGATE,G,6,26609,106,TERRA COSTA,KLOBUCHAR,HOWARD,McHENRY,DEMOCRATIC,77,4186,DEM
GP 2020,6TH DEMOCRATIC DELEGATE,G,6,26609,106,TERRA COSTA,KLOBUCHAR,HOWARD,DuPAGE,DEMOCRATIC,1200,4187,DEM
GP 2020,6TH DEMOCRATIC DELEGATE,G,6,26609,106,TERRA COSTA,KLOBUCHAR,HOWARD,COOK,DEMOCRATIC,143,4188,DEM
GP 2020,6TH DEMOCRATIC DELEGATE,G,6,26609,106,TERRA COSTA,KLOBUCHAR,HOWARD,LAKE,DEMOCRATIC,88,4189,DEM
GP 2020,6TH DEMOCRATIC DELEGATE,G,6,26610,106,GERALD,KLOBUCHAR,STAPLETON,KANE,DEMOCRATIC,223,4190,DEM
GP 2020,6TH DEMOCRATIC DELEGATE,G,6,26610,106,GERALD,KLOBUCHAR,STAPLETON,McHENRY,DEMOCRATIC,88,4191,DEM
GP 2020,6TH DEMOCRATIC DELEGATE,G,6,26610,106,GERALD,KLOBUCHAR,STAPLETON,DuPAGE,DEMOCRATIC,424,4192,DEM
GP 2020,6TH DEMOCRATIC DELEGATE,G,6,26610,106,GERALD,KLOBUCHAR,STAPLETON,COOK,DEMOCRATIC,134,4193,DEM
GP 2020,6TH DEMOCRATIC DELEGATE,G,6,26610,106,GERALD,KLOBUCHAR,STAPLETON,LAKE,DEMOCRATIC,79,4194,DEM
GP 2020,6TH DEMOCRATIC DELEGATE,G,6,26429,106,CYNTHIA,WARREN,BORBAS,KANE,DEMOCRATIC,599,4195,DEM
GP 2020,6TH DEMOCRATIC DELEGATE,G,6,26429,106,CYNTHIA,WARREN,BORBAS,McHENRY,DEMOCRATIC,642,4196,DEM
GP 2020,6TH DEMOCRATIC DELEGATE,G,6,26429,106,CYNTHIA,WARREN,BORBAS,DuPAGE,DEMOCRATIC,2975,4197,DEM
GP 2020,6TH DEMOCRATIC DELEGATE,G,6,26429,106,CYNTHIA,WARREN,BORBAS,COOK,DEMOCRATIC,501,4198,DEM
GP 2020,6TH DEMOCRATIC DELEGATE,G,6,26429,106,CYNTHIA,WARREN,BORBAS,LAKE,DEMOCRATIC,419,4199,DEM
GP 2020,6TH DEMOCRATIC DELEGATE,G,6,26433,106,PATRICK,WARREN,WATSON,KANE,DEMOCRATIC,370,4200,DEM
GP 2020,6TH DEMOCRATIC DELEGATE,G,6,26433,106,PATRICK,WARREN,WATSON,McHENRY,DEMOCRATIC,397,4201,DEM
GP 2020,6TH DEMOCRATIC DELEGATE,G,6,26433,106,PATRICK,WARREN,WATSON,DuPAGE,DEMOCRATIC,1682,4202,DEM
GP 2020,6TH DEMOCRATIC DELEGATE,G,6,26433,106,PATRICK,WARREN,WATSON,COOK,DEMOCRATIC,374,4203,DEM
GP 2020,6TH DEMOCRATIC DELEGATE,G,6,26433,106,PATRICK,WARREN,WATSON,LAKE,DEMOCRATIC,252,4204,DEM
GP 2020,6TH DEMOCRATIC DELEGATE,G,6,26434,106,MARGARET,WARREN,DE LA ROSA,KANE,DEMOCRATIC,599,4205,DEM
GP 2020,6TH DEMOCRATIC DELEGATE,G,6,26434,106,MARGARET,WARREN,DE LA ROSA,McHENRY,DEMOCRATIC,707,4206,DEM
GP 2020,6TH DEMOCRATIC DELEGATE,G,6,26434,106,MARGARET,WARREN,DE LA ROSA,DuPAGE,DEMOCRATIC,2891,4207,DEM
GP 2020,6TH DEMOCRATIC DELEGATE,G,6,26434,106,MARGARET,WARREN,DE LA ROSA,COOK,DEMOCRATIC,543,4208,DEM
GP 2020,6TH DEMOCRATIC DELEGATE,G,6,26434,106,MARGARET,WARREN,DE LA ROSA,LAKE,DEMOCRATIC,453,4209,DEM
GP 2020,6TH DEMOCRATIC DELEGATE,G,6,26435,106,SIK,WARREN,SON,KANE,DEMOCRATIC,269,4210,DEM
GP 2020,6TH DEMOCRATIC DELEGATE,G,6,26435,106,SIK,WARREN,SON,McHENRY,DEMOCRATIC,314,4211,DEM
GP 2020,6TH DEMOCRATIC DELEGATE,G,6,26435,106,SIK,WARREN,SON,DuPAGE,DEMOCRATIC,1395,4212,DEM
GP 2020,6TH DEMOCRATIC DELEGATE,G,6,26435,106,SIK,WARREN,SON,COOK,DEMOCRATIC,346,4213,DEM
GP 2020,6TH DEMOCRATIC DELEGATE,G,6,26435,106,SIK,WARREN,SON,LAKE,DEMOCRATIC,208,4214,DEM
GP 2020,6TH DEMOCRATIC DELEGATE,G,6,26436,106,ERICA,WARREN,BRAY-PARKER,KANE,DEMOCRATIC,439,4215,DEM
GP 2020,6TH DEMOCRATIC DELEGATE,G,6,26436,106,ERICA,WARREN,BRAY-PARKER,McHENRY,DEMOCRATIC,370,4216,DEM
GP 2020,6TH DEMOCRATIC DELEGATE,G,6,26436,106,ERICA,WARREN,BRAY-PARKER,DuPAGE,DEMOCRATIC,2358,4217,DEM
GP 2020,6TH DEMOCRATIC DELEGATE,G,6,26436,106,ERICA,WARREN,BRAY-PARKER,COOK,DEMOCRATIC,488,4218,DEM
GP 2020,6TH DEMOCRATIC DELEGATE,G,6,26436,106,ERICA,WARREN,BRAY-PARKER,LAKE,DEMOCRATIC,340,4219,DEM
GP 2020,6TH DEMOCRATIC DELEGATE,G,6,26437,106,REID,WARREN,McCOLLUM,KANE,DEMOCRATIC,254,4220,DEM
GP 2020,6TH DEMOCRATIC DELEGATE,G,6,26437,106,REID,WARREN,McCOLLUM,McHENRY,DEMOCRATIC,236,4221,DEM
GP 2020,6TH DEMOCRATIC DELEGATE,G,6,26437,106,REID,WARREN,McCOLLUM,DuPAGE,DEMOCRATIC,1404,4222,DEM
GP 2020,6TH DEMOCRATIC DELEGATE,G,6,26437,106,REID,WARREN,McCOLLUM,COOK,DEMOCRATIC,488,4223,DEM
GP 2020,6TH DEMOCRATIC DELEGATE,G,6,26437,106,REID,WARREN,McCOLLUM,LAKE,DEMOCRATIC,201,4224,DEM
GP 2020,6TH DEMOCRATIC DELEGATE,G,6,26361,106,LYNN,SANDERS,CASEY-MAHER,KANE,DEMOCRATIC,2303,4225,DEM
GP 2020,6TH DEMOCRATIC DELEGATE,G,6,26361,106,LYNN,SANDERS,CASEY-MAHER,McHENRY,DEMOCRATIC,2571,4226,DEM
GP 2020,6TH DEMOCRATIC DELEGATE,G,6,26361,106,LYNN,SANDERS,CASEY-MAHER,DuPAGE,DEMOCRATIC,12672,4227,DEM
GP 2020,6TH DEMOCRATIC DELEGATE,G,6,26361,106,LYNN,SANDERS,CASEY-MAHER,COOK,DEMOCRATIC,3478,4228,DEM
GP 2020,6TH DEMOCRATIC DELEGATE,G,6,26361,106,LYNN,SANDERS,CASEY-MAHER,LAKE,DEMOCRATIC,1553,4229,DEM
GP 2020,6TH DEMOCRATIC DELEGATE,G,6,26257,106,SONIA DESAI,BIDEN,BHAGWAKAR,KANE,DEMOCRATIC,5314,4230,DEM
GP 2020,6TH DEMOCRATIC DELEGATE,G,6,26257,106,SONIA DESAI,BIDEN,BHAGWAKAR,McHENRY,DEMOCRATIC,4908,4231,DEM
GP 2020,6TH DEMOCRATIC DELEGATE,G,6,26257,106,SONIA DESAI,BIDEN,BHAGWAKAR,DuPAGE,DEMOCRATIC,27054,4232,DEM
GP 2020,6TH DEMOCRATIC DELEGATE,G,6,26257,106,SONIA DESAI,BIDEN,BHAGWAKAR,COOK,DEMOCRATIC,7514,4233,DEM
GP 2020,6TH DEMOCRATIC DELEGATE,G,6,26257,106,SONIA DESAI,BIDEN,BHAGWAKAR,LAKE,DEMOCRATIC,4417,4234,DEM
GP 2020,6TH DEMOCRATIC DELEGATE,G,6,26267,106,STEVEN M.,BIDEN,SHETSKY,KANE,DEMOCRATIC,4697,4235,DEM
GP 2020,6TH DEMOCRATIC DELEGATE,G,6,26267,106,STEVEN M.,BIDEN,SHETSKY,McHENRY,DEMOCRATIC,4109,4236,DEM
GP 2020,6TH DEMOCRATIC DELEGATE,G,6,26267,106,STEVEN M.,BIDEN,SHETSKY,DuPAGE,DEMOCRATIC,24747,4237,DEM
GP 2020,6TH DEMOCRATIC DELEGATE,G,6,26267,106,STEVEN M.,BIDEN,SHETSKY,COOK,DEMOCRATIC,7025,4238,DEM
GP 2020,6TH DEMOCRATIC DELEGATE,G,6,26267,106,STEVEN M.,BIDEN,SHETSKY,LAKE,DEMOCRATIC,3981,4239,DEM
GP 2020,6TH DEMOCRATIC DELEGATE,G,6,26253,106,ELIZABETH,BIDEN,PENESIS,KANE,DEMOCRATIC,5757,4240,DEM
GP 2020,6TH DEMOCRATIC DELEGATE,G,6,26253,106,ELIZABETH,BIDEN,PENESIS,McHENRY,DEMOCRATIC,5176,4241,DEM
GP 2020,6TH DEMOCRATIC DELEGATE,G,6,26253,106,ELIZABETH,BIDEN,PENESIS,DuPAGE,DEMOCRATIC,27767,4242,DEM
GP 2020,6TH DEMOCRATIC DELEGATE,G,6,26253,106,ELIZABETH,BIDEN,PENESIS,COOK,DEMOCRATIC,7673,4243,DEM
GP 2020,6TH DEMOCRATIC DELEGATE,G,6,26253,106,ELIZABETH,BIDEN,PENESIS,LAKE,DEMOCRATIC,4514,4244,DEM
GP 2020,6TH DEMOCRATIC DELEGATE,G,6,26263,106,AMANDA,BIDEN,HOWLAND,KANE,DEMOCRATIC,5436,4245,DEM
GP 2020,6TH DEMOCRATIC DELEGATE,G,6,26263,106,AMANDA,BIDEN,HOWLAND,McHENRY,DEMOCRATIC,4664,4246,DEM
GP 2020,6TH DEMOCRATIC DELEGATE,G,6,26263,106,AMANDA,BIDEN,HOWLAND,DuPAGE,DEMOCRATIC,27595,4247,DEM
GP 2020,6TH DEMOCRATIC DELEGATE,G,6,26263,106,AMANDA,BIDEN,HOWLAND,COOK,DEMOCRATIC,7526,4248,DEM
GP 2020,6TH DEMOCRATIC DELEGATE,G,6,26263,106,AMANDA,BIDEN,HOWLAND,LAKE,DEMOCRATIC,4535,4249,DEM
GP 2020,6TH DEMOCRATIC DELEGATE,G,6,26255,106,BRIAN J.,BIDEN,McPARTLIN,DuPAGE,DEMOCRATIC,25922,4250,DEM
GP 2020,6TH DEMOCRATIC DELEGATE,G,6,26255,106,BRIAN J.,BIDEN,McPARTLIN,COOK,DEMOCRATIC,7334,4251,DEM
GP 2020,6TH DEMOCRATIC DELEGATE,G,6,26255,106,BRIAN J.,BIDEN,McPARTLIN,LAKE,DEMOCRATIC,4269,4252,DEM
GP 2020,6TH DEMOCRATIC DELEGATE,G,6,26255,106,BRIAN J.,BIDEN,McPARTLIN,KANE,DEMOCRATIC,5171,4253,DEM
GP 2020,6TH DEMOCRATIC DELEGATE,G,6,26255,106,BRIAN J.,BIDEN,McPARTLIN,McHENRY,DEMOCRATIC,4732,4254,DEM
GP 2020,6TH DEMOCRATIC DELEGATE,G,6,26362,106,ELISA,SANDERS,DEVLIN,KANE,DEMOCRATIC,2978,4255,DEM
GP 2020,6TH DEMOCRATIC DELEGATE,G,6,26362,106,ELISA,SANDERS,DEVLIN,McHENRY,DEMOCRATIC,2738,4256,DEM
GP 2020,6TH DEMOCRATIC DELEGATE,G,6,26362,106,ELISA,SANDERS,DEVLIN,DuPAGE,DEMOCRATIC,12667,4257,DEM
GP 2020,6TH DEMOCRATIC DELEGATE,G,6,26362,106,ELISA,SANDERS,DEVLIN,COOK,DEMOCRATIC,3593,4258,DEM
GP 2020,6TH DEMOCRATIC DELEGATE,G,6,26362,106,ELISA,SANDERS,DEVLIN,LAKE,DEMOCRATIC,1595,4259,DEM
GP 2020,6TH DEMOCRATIC DELEGATE,G,6,26364,106,DAN,SANDERS,BAILEY,KANE,DEMOCRATIC,2579,4260,DEM
GP 2020,6TH DEMOCRATIC DELEGATE,G,6,26364,106,DAN,SANDERS,BAILEY,McHENRY,DEMOCRATIC,2518,4261,DEM
GP 2020,6TH DEMOCRATIC DELEGATE,G,6,26364,106,DAN,SANDERS,BAILEY,DuPAGE,DEMOCRATIC,11748,4262,DEM
GP 2020,6TH DEMOCRATIC DELEGATE,G,6,26364,106,DAN,SANDERS,BAILEY,COOK,DEMOCRATIC,3327,4263,DEM
GP 2020,6TH DEMOCRATIC DELEGATE,G,6,26364,106,DAN,SANDERS,BAILEY,LAKE,DEMOCRATIC,1483,4264,DEM
GP 2020,6TH DEMOCRATIC DELEGATE,G,6,26261,106,DAVID R.,BIDEN,ANDALCIO,KANE,DEMOCRATIC,4997,4265,DEM
GP 2020,6TH DEMOCRATIC DELEGATE,G,6,26261,106,DAVID R.,BIDEN,ANDALCIO,McHENRY,DEMOCRATIC,4625,4266,DEM
GP 2020,6TH DEMOCRATIC DELEGATE,G,6,26261,106,DAVID R.,BIDEN,ANDALCIO,DuPAGE,DEMOCRATIC,25416,4267,DEM
GP 2020,6TH DEMOCRATIC DELEGATE,G,6,26261,106,DAVID R.,BIDEN,ANDALCIO,COOK,DEMOCRATIC,7203,4268,DEM
GP 2020,6TH DEMOCRATIC DELEGATE,G,6,26261,106,DAVID R.,BIDEN,ANDALCIO,LAKE,DEMOCRATIC,4135,4269,DEM
GP 2020,6TH DEMOCRATIC DELEGATE,G,6,26363,106,SHEILA,SANDERS,RAWAT,KANE,DEMOCRATIC,2832,4270,DEM
GP 2020,6TH DEMOCRATIC DELEGATE,G,6,26363,106,SHEILA,SANDERS,RAWAT,McHENRY,DEMOCRATIC,2666,4271,DEM
GP 2020,6TH DEMOCRATIC DELEGATE,G,6,26363,106,SHEILA,SANDERS,RAWAT,DuPAGE,DEMOCRATIC,12602,4272,DEM
GP 2020,6TH DEMOCRATIC DELEGATE,G,6,26363,106,SHEILA,SANDERS,RAWAT,COOK,DEMOCRATIC,3527,4273,DEM
GP 2020,6TH DEMOCRATIC DELEGATE,G,6,26363,106,SHEILA,SANDERS,RAWAT,LAKE,DEMOCRATIC,1559,4274,DEM
GP 2020,6TH DEMOCRATIC DELEGATE,G,6,26366,106,GEORGE J.,SANDERS,KIEBALA,KANE,DEMOCRATIC,2177,4275,DEM
GP 2020,6TH DEMOCRATIC DELEGATE,G,6,26366,106,GEORGE J.,SANDERS,KIEBALA,McHENRY,DEMOCRATIC,2299,4276,DEM
GP 2020,6TH DEMOCRATIC DELEGATE,G,6,26366,106,GEORGE J.,SANDERS,KIEBALA,DuPAGE,DEMOCRATIC,10775,4277,DEM
GP 2020,6TH DEMOCRATIC DELEGATE,G,6,26366,106,GEORGE J.,SANDERS,KIEBALA,COOK,DEMOCRATIC,3178,4278,DEM
GP 2020,6TH DEMOCRATIC DELEGATE,G,6,26366,106,GEORGE J.,SANDERS,KIEBALA,LAKE,DEMOCRATIC,1107,4279,DEM
GP 2020,6TH DEMOCRATIC DELEGATE,G,6,26328,106,JEREMY,YANG,DYSON,KANE,DEMOCRATIC,149,4280,DEM
GP 2020,6TH DEMOCRATIC DELEGATE,G,6,26328,106,JEREMY,YANG,DYSON,McHENRY,DEMOCRATIC,110,4281,DEM
GP 2020,6TH DEMOCRATIC DELEGATE,G,6,26328,106,JEREMY,YANG,DYSON,DuPAGE,DEMOCRATIC,610,4282,DEM
GP 2020,6TH DEMOCRATIC DELEGATE,G,6,26328,106,JEREMY,YANG,DYSON,COOK,DEMOCRATIC,235,4283,DEM
GP 2020,6TH DEMOCRATIC DELEGATE,G,6,26328,106,JEREMY,YANG,DYSON,LAKE,DEMOCRATIC,52,4284,DEM
GP 2020,6TH DEMOCRATIC DELEGATE,G,6,26331,106,LISA,YANG,POCIUS,KANE,DEMOCRATIC,166,4285,DEM
GP 2020,6TH DEMOCRATIC DELEGATE,G,6,26331,106,LISA,YANG,POCIUS,McHENRY,DEMOCRATIC,138,4286,DEM
GP 2020,6TH DEMOCRATIC DELEGATE,G,6,26331,106,LISA,YANG,POCIUS,DuPAGE,DEMOCRATIC,850,4287,DEM
GP 2020,6TH DEMOCRATIC DELEGATE,G,6,26331,106,LISA,YANG,POCIUS,COOK,DEMOCRATIC,256,4288,DEM
GP 2020,6TH DEMOCRATIC DELEGATE,G,6,26331,106,LISA,YANG,POCIUS,LAKE,DEMOCRATIC,77,4289,DEM
GP 2020,6TH DEMOCRATIC DELEGATE,G,6,26333,106,GABRIEL,YANG,EDWARDS,KANE,DEMOCRATIC,94,4290,DEM
GP 2020,6TH DEMOCRATIC DELEGATE,G,6,26333,106,GABRIEL,YANG,EDWARDS,McHENRY,DEMOCRATIC,81,4291,DEM
GP 2020,6TH DEMOCRATIC DELEGATE,G,6,26333,106,GABRIEL,YANG,EDWARDS,DuPAGE,DEMOCRATIC,442,4292,DEM
GP 2020,6TH DEMOCRATIC DELEGATE,G,6,26333,106,GABRIEL,YANG,EDWARDS,COOK,DEMOCRATIC,208,4293,DEM
GP 2020,6TH DEMOCRATIC DELEGATE,G,6,26333,106,GABRIEL,YANG,EDWARDS,LAKE,DEMOCRATIC,44,4294,DEM
GP 2020,6TH DEMOCRATIC DELEGATE,G,6,26336,106,KIMBERLY,YANG,WOODSON,KANE,DEMOCRATIC,134,4295,DEM
GP 2020,6TH DEMOCRATIC DELEGATE,G,6,26336,106,KIMBERLY,YANG,WOODSON,McHENRY,DEMOCRATIC,113,4296,DEM
GP 2020,6TH DEMOCRATIC DELEGATE,G,6,26336,106,KIMBERLY,YANG,WOODSON,DuPAGE,DEMOCRATIC,615,4297,DEM
GP 2020,6TH DEMOCRATIC DELEGATE,G,6,26336,106,KIMBERLY,YANG,WOODSON,COOK,DEMOCRATIC,225,4298,DEM
GP 2020,6TH DEMOCRATIC DELEGATE,G,6,26336,106,KIMBERLY,YANG,WOODSON,LAKE,DEMOCRATIC,68,4299,DEM
GP 2020,6TH DEMOCRATIC DELEGATE,G,6,26052,106,CHRISTOPHER,BUTTIGIEG,ESPINOZA,KANE,DEMOCRATIC,540,4300,DEM
GP 2020,6TH DEMOCRATIC DELEGATE,G,6,26052,106,CHRISTOPHER,BUTTIGIEG,ESPINOZA,McHENRY,DEMOCRATIC,579,4301,DEM
GP 2020,6TH DEMOCRATIC DELEGATE,G,6,26052,106,CHRISTOPHER,BUTTIGIEG,ESPINOZA,DuPAGE,DEMOCRATIC,1622,4302,DEM
GP 2020,6TH DEMOCRATIC DELEGATE,G,6,26052,106,CHRISTOPHER,BUTTIGIEG,ESPINOZA,COOK,DEMOCRATIC,488,4303,DEM
GP 2020,6TH DEMOCRATIC DELEGATE,G,6,26052,106,CHRISTOPHER,BUTTIGIEG,ESPINOZA,LAKE,DEMOCRATIC,397,4304,DEM
GP 2020,6TH DEMOCRATIC DELEGATE,G,6,26053,106,JULIAN,BUTTIGIEG,MORGEN,KANE,DEMOCRATIC,423,4305,DEM
GP 2020,6TH DEMOCRATIC DELEGATE,G,6,26053,106,JULIAN,BUTTIGIEG,MORGEN,McHENRY,DEMOCRATIC,512,4306,DEM
GP 2020,6TH DEMOCRATIC DELEGATE,G,6,26053,106,JULIAN,BUTTIGIEG,MORGEN,DuPAGE,DEMOCRATIC,1393,4307,DEM
GP 2020,6TH DEMOCRATIC DELEGATE,G,6,26053,106,JULIAN,BUTTIGIEG,MORGEN,COOK,DEMOCRATIC,437,4308,DEM
GP 2020,6TH DEMOCRATIC DELEGATE,G,6,26053,106,JULIAN,BUTTIGIEG,MORGEN,LAKE,DEMOCRATIC,365,4309,DEM
GP 2020,6TH DEMOCRATIC DELEGATE,G,6,26054,106,MARIA,BUTTIGIEG,PETERSON,KANE,DEMOCRATIC,549,4310,DEM
GP 2020,6TH DEMOCRATIC DELEGATE,G,6,26054,106,MARIA,BUTTIGIEG,PETERSON,McHENRY,DEMOCRATIC,713,4311,DEM
GP 2020,6TH DEMOCRATIC DELEGATE,G,6,26054,106,MARIA,BUTTIGIEG,PETERSON,DuPAGE,DEMOCRATIC,1975,4312,DEM
GP 2020,6TH DEMOCRATIC DELEGATE,G,6,26054,106,MARIA,BUTTIGIEG,PETERSON,COOK,DEMOCRATIC,558,4313,DEM
GP 2020,6TH DEMOCRATIC DELEGATE,G,6,26054,106,MARIA,BUTTIGIEG,PETERSON,LAKE,DEMOCRATIC,611,4314,DEM
GP 2020,6TH DEMOCRATIC DELEGATE,G,6,26055,106,NANCY,BUTTIGIEG,SHEPHERDSON,KANE,DEMOCRATIC,477,4315,DEM
GP 2020,6TH DEMOCRATIC DELEGATE,G,6,26055,106,NANCY,BUTTIGIEG,SHEPHERDSON,McHENRY,DEMOCRATIC,661,4316,DEM
GP 2020,6TH DEMOCRATIC DELEGATE,G,6,26055,106,NANCY,BUTTIGIEG,SHEPHERDSON,DuPAGE,DEMOCRATIC,1675,4317,DEM
GP 2020,6TH DEMOCRATIC DELEGATE,G,6,26055,106,NANCY,BUTTIGIEG,SHEPHERDSON,COOK,DEMOCRATIC,445,4318,DEM
GP 2020,6TH DEMOCRATIC DELEGATE,G,6,26055,106,NANCY,BUTTIGIEG,SHEPHERDSON,LAKE,DEMOCRATIC,477,4319,DEM
GP 2020,6TH DEMOCRATIC DELEGATE,G,6,26056,106,MARYANN,BUTTIGIEG,VAZQUEZ,KANE,DEMOCRATIC,510,4320,DEM
GP 2020,6TH DEMOCRATIC DELEGATE,G,6,26056,106,MARYANN,BUTTIGIEG,VAZQUEZ,McHENRY,DEMOCRATIC,708,4321,DEM
GP 2020,6TH DEMOCRATIC DELEGATE,G,6,26056,106,MARYANN,BUTTIGIEG,VAZQUEZ,DuPAGE,DEMOCRATIC,1915,4322,DEM
GP 2020,6TH DEMOCRATIC DELEGATE,G,6,26056,106,MARYANN,BUTTIGIEG,VAZQUEZ,COOK,DEMOCRATIC,450,4323,DEM
GP 2020,6TH DEMOCRATIC DELEGATE,G,6,26056,106,MARYANN,BUTTIGIEG,VAZQUEZ,LAKE,DEMOCRATIC,411,4324,DEM
GP 2020,6TH DEMOCRATIC DELEGATE,G,6,26057,106,BRIAN,BUTTIGIEG,ZHENG,KANE,DEMOCRATIC,298,4325,DEM
GP 2020,6TH DEMOCRATIC DELEGATE,G,6,26057,106,BRIAN,BUTTIGIEG,ZHENG,McHENRY,DEMOCRATIC,462,4326,DEM
GP 2020,6TH DEMOCRATIC DELEGATE,G,6,26057,106,BRIAN,BUTTIGIEG,ZHENG,DuPAGE,DEMOCRATIC,1263,4327,DEM
GP 2020,6TH DEMOCRATIC DELEGATE,G,6,26057,106,BRIAN,BUTTIGIEG,ZHENG,COOK,DEMOCRATIC,386,4328,DEM
GP 2020,6TH DEMOCRATIC DELEGATE,G,6,26057,106,BRIAN,BUTTIGIEG,ZHENG,LAKE,DEMOCRATIC,325,4329,DEM
GP 2020,6TH DEMOCRATIC DELEGATE,G,6,26605,106,KYLE,KLOBUCHAR,CARLSON,KANE,DEMOCRATIC,132,4330,DEM
GP 2020,6TH DEMOCRATIC DELEGATE,G,6,26605,106,KYLE,KLOBUCHAR,CARLSON,McHENRY,DEMOCRATIC,90,4331,DEM
GP 2020,6TH DEMOCRATIC DELEGATE,G,6,26605,106,KYLE,KLOBUCHAR,CARLSON,DuPAGE,DEMOCRATIC,544,4332,DEM
GP 2020,6TH DEMOCRATIC DELEGATE,G,6,26605,106,KYLE,KLOBUCHAR,CARLSON,COOK,DEMOCRATIC,223,4333,DEM
GP 2020,6TH DEMOCRATIC DELEGATE,G,6,26605,106,KYLE,KLOBUCHAR,CARLSON,LAKE,DEMOCRATIC,102,4334,DEM
GP 2020,6TH DEMOCRATIC DELEGATE,G,6,26606,106,MIKE,KLOBUCHAR,ZANILLO,KANE,DEMOCRATIC,99,4335,DEM
GP 2020,6TH DEMOCRATIC DELEGATE,G,6,26606,106,MIKE,KLOBUCHAR,ZANILLO,McHENRY,DEMOCRATIC,82,4336,DEM
GP 2020,6TH DEMOCRATIC DELEGATE,G,6,26606,106,MIKE,KLOBUCHAR,ZANILLO,DuPAGE,DEMOCRATIC,497,4337,DEM
GP 2020,6TH DEMOCRATIC DELEGATE,G,6,26606,106,MIKE,KLOBUCHAR,ZANILLO,COOK,DEMOCRATIC,134,4338,DEM
GP 2020,6TH DEMOCRATIC DELEGATE,G,6,26606,106,MIKE,KLOBUCHAR,ZANILLO,LAKE,DEMOCRATIC,94,4339,DEM
GP 2020,6TH DEMOCRATIC DELEGATE,G,6,26607,106,KATHRYN,KLOBUCHAR,VLAHOS,KANE,DEMOCRATIC,190,4340,DEM
GP 2020,6TH DEMOCRATIC DELEGATE,G,6,26607,106,KATHRYN,KLOBUCHAR,VLAHOS,McHENRY,DEMOCRATIC,132,4341,DEM
GP 2020,6TH DEMOCRATIC DELEGATE,G,6,26607,106,KATHRYN,KLOBUCHAR,VLAHOS,DuPAGE,DEMOCRATIC,879,4342,DEM
GP 2020,6TH DEMOCRATIC DELEGATE,G,6,26607,106,KATHRYN,KLOBUCHAR,VLAHOS,COOK,DEMOCRATIC,198,4343,DEM
GP 2020,6TH DEMOCRATIC DELEGATE,G,6,26607,106,KATHRYN,KLOBUCHAR,VLAHOS,LAKE,DEMOCRATIC,116,4344,DEM
GP 2020,6TH REPUBLICAN DELEGATE,G,3,26449,106,PATRICE,TRUMP,RONCZKOWSKI,KANE,REPUBLICAN,4115,4345,REP
GP 2020,6TH REPUBLICAN DELEGATE,G,3,26449,106,PATRICE,TRUMP,RONCZKOWSKI,McHENRY,REPUBLICAN,4056,4346,REP
GP 2020,6TH REPUBLICAN DELEGATE,G,3,26449,106,PATRICE,TRUMP,RONCZKOWSKI,DuPAGE,REPUBLICAN,16103,4347,REP
GP 2020,6TH REPUBLICAN DELEGATE,G,3,26449,106,PATRICE,TRUMP,RONCZKOWSKI,COOK,REPUBLICAN,3909,4348,REP
GP 2020,6TH REPUBLICAN DELEGATE,G,3,26449,106,PATRICE,TRUMP,RONCZKOWSKI,LAKE,REPUBLICAN,3091,4349,REP
GP 2020,6TH REPUBLICAN DELEGATE,G,3,26447,106,AARON,TRUMP,DEL MAR,KANE,REPUBLICAN,4209,4350,REP
GP 2020,6TH REPUBLICAN DELEGATE,G,3,26447,106,AARON,TRUMP,DEL MAR,McHENRY,REPUBLICAN,3896,4351,REP
GP 2020,6TH REPUBLICAN DELEGATE,G,3,26447,106,AARON,TRUMP,DEL MAR,DuPAGE,REPUBLICAN,15618,4352,REP
GP 2020,6TH REPUBLICAN DELEGATE,G,3,26447,106,AARON,TRUMP,DEL MAR,COOK,REPUBLICAN,4046,4353,REP
GP 2020,6TH REPUBLICAN DELEGATE,G,3,26447,106,AARON,TRUMP,DEL MAR,LAKE,REPUBLICAN,2964,4354,REP
GP 2020,6TH REPUBLICAN DELEGATE,G,3,26451,106,WILLIAM,TRUMP,MERCHANTZ,KANE,REPUBLICAN,3672,4355,REP
GP 2020,6TH REPUBLICAN DELEGATE,G,3,26451,106,WILLIAM,TRUMP,MERCHANTZ,McHENRY,REPUBLICAN,3758,4356,REP
GP 2020,6TH REPUBLICAN DELEGATE,G,3,26451,106,WILLIAM,TRUMP,MERCHANTZ,DuPAGE,REPUBLICAN,14809,4357,REP
GP 2020,6TH REPUBLICAN DELEGATE,G,3,26451,106,WILLIAM,TRUMP,MERCHANTZ,COOK,REPUBLICAN,3693,4358,REP
GP 2020,6TH REPUBLICAN DELEGATE,G,3,26451,106,WILLIAM,TRUMP,MERCHANTZ,LAKE,REPUBLICAN,2763,4359,REP
GP 2020,6TH REPUBLICAN ALTERNATE DELEGATE,G,3,26456,206,KAREN,TRUMP,DOWLING,KANE,REPUBLICAN,3948,4360,REP
GP 2020,6TH REPUBLICAN ALTERNATE DELEGATE,G,3,26456,206,KAREN,TRUMP,DOWLING,McHENRY,REPUBLICAN,3931,4361,REP
GP 2020,6TH REPUBLICAN ALTERNATE DELEGATE,G,3,26456,206,KAREN,TRUMP,DOWLING,DuPAGE,REPUBLICAN,15580,4362,REP
GP 2020,6TH REPUBLICAN ALTERNATE DELEGATE,G,3,26456,206,KAREN,TRUMP,DOWLING,COOK,REPUBLICAN,3906,4363,REP
GP 2020,6TH REPUBLICAN ALTERNATE DELEGATE,G,3,26456,206,KAREN,TRUMP,DOWLING,LAKE,REPUBLICAN,3001,4364,REP
GP 2020,6TH REPUBLICAN ALTERNATE DELEGATE,G,3,26453,206,RICHARD,TRUMP,JANOR,KANE,REPUBLICAN,3947,4365,REP
GP 2020,6TH REPUBLICAN ALTERNATE DELEGATE,G,3,26453,206,RICHARD,TRUMP,JANOR,McHENRY,REPUBLICAN,3809,4366,REP
GP 2020,6TH REPUBLICAN ALTERNATE DELEGATE,G,3,26453,206,RICHARD,TRUMP,JANOR,DuPAGE,REPUBLICAN,15000,4367,REP
GP 2020,6TH REPUBLICAN ALTERNATE DELEGATE,G,3,26453,206,RICHARD,TRUMP,JANOR,COOK,REPUBLICAN,3798,4368,REP
GP 2020,6TH REPUBLICAN ALTERNATE DELEGATE,G,3,26453,206,RICHARD,TRUMP,JANOR,LAKE,REPUBLICAN,2813,4369,REP
GP 2020,6TH REPUBLICAN ALTERNATE DELEGATE,G,3,26454,206,SCOTT,TRUMP,SEAMAN,KANE,REPUBLICAN,3748,4370,REP
GP 2020,6TH REPUBLICAN ALTERNATE DELEGATE,G,3,26454,206,SCOTT,TRUMP,SEAMAN,McHENRY,REPUBLICAN,3757,4371,REP
GP 2020,6TH REPUBLICAN ALTERNATE DELEGATE,G,3,26454,206,SCOTT,TRUMP,SEAMAN,DuPAGE,REPUBLICAN,14924,4372,REP
GP 2020,6TH REPUBLICAN ALTERNATE DELEGATE,G,3,26454,206,SCOTT,TRUMP,SEAMAN,COOK,REPUBLICAN,3729,4373,REP
GP 2020,6TH REPUBLICAN ALTERNATE DELEGATE,G,3,26454,206,SCOTT,TRUMP,SEAMAN,LAKE,REPUBLICAN,2826,4374,REP
GP 2020,7TH DEMOCRATIC DELEGATE,G,8,26554,107,RONALD,SANDERS,LAWLESS,COOK,DEMOCRATIC,29941,4375,DEM
GP 2020,7TH DEMOCRATIC DELEGATE,G,8,26337,107,AMALIA,BUTTIGIEG,MAHONEY,COOK,DEMOCRATIC,2785,4376,DEM
GP 2020,7TH DEMOCRATIC DELEGATE,G,8,26339,107,CRISTAL THOMAS,BUTTIGIEG,GARY,COOK,DEMOCRATIC,2593,4377,DEM
GP 2020,7TH DEMOCRATIC DELEGATE,G,8,26464,107,BRANDON,WARREN,JOHNSON,COOK,DEMOCRATIC,14330,4378,DEM
GP 2020,7TH DEMOCRATIC DELEGATE,G,8,26465,107,JAMIE,WARREN,BROWN,COOK,DEMOCRATIC,11069,4379,DEM
GP 2020,7TH DEMOCRATIC DELEGATE,G,8,26466,107,"FREDERICK ""FRITZ""",WARREN,KAEGI,COOK,DEMOCRATIC,8516,4380,DEM
GP 2020,7TH DEMOCRATIC DELEGATE,G,8,26467,107,MONY RUIZ,WARREN,VELASCO,COOK,DEMOCRATIC,7786,4381,DEM
GP 2020,7TH DEMOCRATIC DELEGATE,G,8,26468,107,MARLON D.,WARREN,HARRIS,COOK,DEMOCRATIC,8637,4382,DEM
GP 2020,7TH DEMOCRATIC DELEGATE,G,8,26469,107,HARLENE,WARREN,ELLIN,COOK,DEMOCRATIC,8037,4383,DEM
GP 2020,7TH DEMOCRATIC DELEGATE,G,8,26470,107,MIHIR,WARREN,GARUD,COOK,DEMOCRATIC,6430,4384,DEM
GP 2020,7TH DEMOCRATIC DELEGATE,G,8,26471,107,BENETTA,WARREN,MANSFIELD,COOK,DEMOCRATIC,8020,4385,DEM
GP 2020,7TH DEMOCRATIC DELEGATE,G,8,26555,107,TIM,SANDERS,THOMAS,COOK,DEMOCRATIC,28863,4386,DEM
GP 2020,7TH DEMOCRATIC DELEGATE,G,8,26628,107,BARTON,KLOBUCHAR,MOY,COOK,DEMOCRATIC,1628,4387,DEM
GP 2020,7TH DEMOCRATIC DELEGATE,G,8,26629,107,GAIL M.,KLOBUCHAR,SILVER,COOK,DEMOCRATIC,2248,4388,DEM
GP 2020,7TH DEMOCRATIC DELEGATE,G,8,26630,107,JOAN L.,KLOBUCHAR,LONG,COOK,DEMOCRATIC,1830,4389,DEM
GP 2020,7TH DEMOCRATIC DELEGATE,G,8,26631,107,ADDISON,KLOBUCHAR,WOODWARD,COOK,DEMOCRATIC,1553,4390,DEM
GP 2020,7TH DEMOCRATIC DELEGATE,G,8,26632,107,ANN,KLOBUCHAR,HENSTRAND,COOK,DEMOCRATIC,1593,4391,DEM
GP 2020,7TH DEMOCRATIC DELEGATE,G,8,26633,107,JENNIFER,KLOBUCHAR,VINCENT,COOK,DEMOCRATIC,2012,4392,DEM
GP 2020,7TH DEMOCRATIC DELEGATE,G,8,26634,107,MARKAYLE,KLOBUCHAR,TOLLIVER,COOK,DEMOCRATIC,1104,4393,DEM
GP 2020,7TH DEMOCRATIC DELEGATE,G,8,26635,107,THOMAS A. (TOM),KLOBUCHAR,CIAVARELLA,COOK,DEMOCRATIC,1391,4394,DEM
GP 2020,7TH DEMOCRATIC DELEGATE,G,8,26367,107,MARY ANN,YANG,ABBOTT,COOK,DEMOCRATIC,4733,4395,DEM
GP 2020,7TH DEMOCRATIC DELEGATE,G,8,26368,107,DAVID,YANG,HERNANDEZ,COOK,DEMOCRATIC,4686,4396,DEM
GP 2020,7TH DEMOCRATIC DELEGATE,G,8,26369,107,ELIZABETH,YANG,HENRICKS,COOK,DEMOCRATIC,4000,4397,DEM
GP 2020,7TH DEMOCRATIC DELEGATE,G,8,26370,107,STEVEN,YANG,DYME,COOK,DEMOCRATIC,2640,4398,DEM
GP 2020,7TH DEMOCRATIC DELEGATE,G,8,26371,107,YVONNE,YANG,O'CONNOR,COOK,DEMOCRATIC,2963,4399,DEM
GP 2020,7TH DEMOCRATIC DELEGATE,G,8,26373,107,PETER,YANG,WOJDA IV,COOK,DEMOCRATIC,1555,4400,DEM
GP 2020,7TH DEMOCRATIC DELEGATE,G,8,26375,107,"RUDYARD ""RUDY""",YANG,URIAN,COOK,DEMOCRATIC,1932,4401,DEM
GP 2020,7TH DEMOCRATIC DELEGATE,G,8,26326,107,MARTY,BUTTIGIEG,CASTRO,COOK,DEMOCRATIC,3492,4402,DEM
GP 2020,7TH DEMOCRATIC DELEGATE,G,8,26329,107,ERIC,BUTTIGIEG,DAVIS,COOK,DEMOCRATIC,3836,4403,DEM
GP 2020,7TH DEMOCRATIC DELEGATE,G,8,26332,107,THOMAS,BUTTIGIEG,GARY,COOK,DEMOCRATIC,2893,4404,DEM
GP 2020,7TH DEMOCRATIC DELEGATE,G,8,26334,107,MARLA,BUTTIGIEG,IZBICKY,COOK,DEMOCRATIC,2813,4405,DEM
GP 2020,7TH DEMOCRATIC DELEGATE,G,8,26549,107,JULIE,SANDERS,LEHRMAN,COOK,DEMOCRATIC,34858,4406,DEM
GP 2020,7TH DEMOCRATIC DELEGATE,G,8,26550,107,MARTESE LUZETTE,SANDERS,CHISM,COOK,DEMOCRATIC,32109,4407,DEM
GP 2020,7TH DEMOCRATIC DELEGATE,G,8,26551,107,OJUS,SANDERS,KHANOLKAR,COOK,DEMOCRATIC,31137,4408,DEM
GP 2020,7TH DEMOCRATIC DELEGATE,G,8,26230,107,MELISSA,BIDEN,CONYEARS-ERVIN,COOK,DEMOCRATIC,50566,4409,DEM
GP 2020,7TH DEMOCRATIC DELEGATE,G,8,26235,107,PAT,BIDEN,QUINN,COOK,DEMOCRATIC,58760,4410,DEM
GP 2020,7TH DEMOCRATIC DELEGATE,G,8,26249,107,MARCELINO,BIDEN,GARCIA,COOK,DEMOCRATIC,62523,4411,DEM
GP 2020,7TH DEMOCRATIC DELEGATE,G,8,26239,107,EMMA M.,BIDEN,MITTS,COOK,DEMOCRATIC,71214,4412,DEM
GP 2020,7TH DEMOCRATIC DELEGATE,G,8,26245,107,PATRICIA,BIDEN,DOWELL,COOK,DEMOCRATIC,68479,4413,DEM
GP 2020,7TH DEMOCRATIC DELEGATE,G,8,26248,107,BARBARA,BIDEN,McGOWAN,COOK,DEMOCRATIC,67626,4414,DEM
GP 2020,7TH DEMOCRATIC DELEGATE,G,8,26242,107,BRENDAN,BIDEN,REILLY,COOK,DEMOCRATIC,65318,4415,DEM
GP 2020,7TH DEMOCRATIC DELEGATE,G,8,26247,107,RORY,BIDEN,HOSKINS,COOK,DEMOCRATIC,63528,4416,DEM
GP 2020,7TH DEMOCRATIC DELEGATE,G,8,26548,107,CLAUDIA,SANDERS,MORENO-NUNEZ,COOK,DEMOCRATIC,37721,4417,DEM
GP 2020,7TH DEMOCRATIC DELEGATE,G,8,26552,107,DOMINIQUE,SANDERS,CORONEL,COOK,DEMOCRATIC,33757,4418,DEM
GP 2020,7TH DEMOCRATIC DELEGATE,G,8,26553,107,MIGUEL,SANDERS,BAUTISTA,COOK,DEMOCRATIC,33092,4419,DEM
GP 2020,7TH REPUBLICAN DELEGATE,G,3,26094,107,MARK,TRUMP,HOSTY,COOK,REPUBLICAN,3398,4420,REP
GP 2020,7TH REPUBLICAN DELEGATE,G,3,26095,107,ELOISE,TRUMP,GERSON,COOK,REPUBLICAN,3184,4421,REP
GP 2020,7TH REPUBLICAN DELEGATE,G,3,26096,107,ADRIAN,TRUMP,WRIGHT,COOK,REPUBLICAN,3018,4422,REP
GP 2020,7TH REPUBLICAN ALTERNATE DELEGATE,G,3,26100,207,KRISTINE,TRUMP,FARRA,COOK,REPUBLICAN,3228,4423,REP
GP 2020,7TH REPUBLICAN ALTERNATE DELEGATE,G,3,26097,207,ERIC,TRUMP,PULIA,COOK,REPUBLICAN,3118,4424,REP
GP 2020,7TH REPUBLICAN ALTERNATE DELEGATE,G,3,26098,207,JOHN,TRUMP,BERGHOLZ,COOK,REPUBLICAN,3025,4425,REP
GP 2020,8TH DEMOCRATIC DELEGATE,G,5,26485,108,ANNA,WARREN,MOELLER,KANE,DEMOCRATIC,662,4426,DEM
GP 2020,8TH DEMOCRATIC DELEGATE,G,5,26485,108,ANNA,WARREN,MOELLER,DuPAGE,DEMOCRATIC,696,4427,DEM
GP 2020,8TH DEMOCRATIC DELEGATE,G,5,26485,108,ANNA,WARREN,MOELLER,COOK,DEMOCRATIC,1408,4428,DEM
GP 2020,8TH DEMOCRATIC DELEGATE,G,5,26391,108,PAUL,YANG,FASSE,KANE,DEMOCRATIC,64,4429,DEM
GP 2020,8TH DEMOCRATIC DELEGATE,G,5,26391,108,PAUL,YANG,FASSE,DuPAGE,DEMOCRATIC,389,4430,DEM
GP 2020,8TH DEMOCRATIC DELEGATE,G,5,26391,108,PAUL,YANG,FASSE,COOK,DEMOCRATIC,697,4431,DEM
GP 2020,8TH DEMOCRATIC DELEGATE,G,5,26398,108,BUNHENG,YANG,LAI,KANE,DEMOCRATIC,161,4432,DEM
GP 2020,8TH DEMOCRATIC DELEGATE,G,5,26398,108,BUNHENG,YANG,LAI,DuPAGE,DEMOCRATIC,477,4433,DEM
GP 2020,8TH DEMOCRATIC DELEGATE,G,5,26398,108,BUNHENG,YANG,LAI,COOK,DEMOCRATIC,990,4434,DEM
GP 2020,8TH DEMOCRATIC DELEGATE,G,5,26539,108,KEVIN,BUTTIGIEG,MORRISON,KANE,DEMOCRATIC,203,4435,DEM
GP 2020,8TH DEMOCRATIC DELEGATE,G,5,26539,108,KEVIN,BUTTIGIEG,MORRISON,DuPAGE,DEMOCRATIC,565,4436,DEM
GP 2020,8TH DEMOCRATIC DELEGATE,G,5,26539,108,KEVIN,BUTTIGIEG,MORRISON,COOK,DEMOCRATIC,1338,4437,DEM
GP 2020,8TH DEMOCRATIC DELEGATE,G,5,26540,108,MATTHEW,BUTTIGIEG,STEWARD,KANE,DEMOCRATIC,164,4438,DEM
GP 2020,8TH DEMOCRATIC DELEGATE,G,5,26540,108,MATTHEW,BUTTIGIEG,STEWARD,DuPAGE,DEMOCRATIC,479,4439,DEM
GP 2020,8TH DEMOCRATIC DELEGATE,G,5,26540,108,MATTHEW,BUTTIGIEG,STEWARD,COOK,DEMOCRATIC,892,4440,DEM
GP 2020,8TH DEMOCRATIC DELEGATE,G,5,26541,108,LYNNE,BUTTIGIEG,STORNELLO,KANE,DEMOCRATIC,194,4441,DEM
GP 2020,8TH DEMOCRATIC DELEGATE,G,5,26541,108,LYNNE,BUTTIGIEG,STORNELLO,DuPAGE,DEMOCRATIC,713,4442,DEM
GP 2020,8TH DEMOCRATIC DELEGATE,G,5,26541,108,LYNNE,BUTTIGIEG,STORNELLO,COOK,DEMOCRATIC,1174,4443,DEM
GP 2020,8TH DEMOCRATIC DELEGATE,G,5,26542,108,MATT,BUTTIGIEG,SUTTON,KANE,DEMOCRATIC,117,4444,DEM
GP 2020,8TH DEMOCRATIC DELEGATE,G,5,26542,108,MATT,BUTTIGIEG,SUTTON,DuPAGE,DEMOCRATIC,419,4445,DEM
GP 2020,8TH DEMOCRATIC DELEGATE,G,5,26542,108,MATT,BUTTIGIEG,SUTTON,COOK,DEMOCRATIC,749,4446,DEM
GP 2020,8TH DEMOCRATIC DELEGATE,G,5,26601,108,MOHAMMED,KLOBUCHAR,MORTOJA,KANE,DEMOCRATIC,63,4447,DEM
GP 2020,8TH DEMOCRATIC DELEGATE,G,5,26601,108,MOHAMMED,KLOBUCHAR,MORTOJA,DuPAGE,DEMOCRATIC,530,4448,DEM
GP 2020,8TH DEMOCRATIC DELEGATE,G,5,26601,108,MOHAMMED,KLOBUCHAR,MORTOJA,COOK,DEMOCRATIC,614,4449,DEM
GP 2020,8TH DEMOCRATIC DELEGATE,G,5,26602,108,JOSEPH,KLOBUCHAR,WENTZEL,KANE,DEMOCRATIC,61,4450,DEM
GP 2020,8TH DEMOCRATIC DELEGATE,G,5,26602,108,JOSEPH,KLOBUCHAR,WENTZEL,DuPAGE,DEMOCRATIC,312,4451,DEM
GP 2020,8TH DEMOCRATIC DELEGATE,G,5,26602,108,JOSEPH,KLOBUCHAR,WENTZEL,COOK,DEMOCRATIC,526,4452,DEM
GP 2020,8TH DEMOCRATIC DELEGATE,G,5,26604,108,MARIA,KLOBUCHAR,VESEY,KANE,DEMOCRATIC,104,4453,DEM
GP 2020,8TH DEMOCRATIC DELEGATE,G,5,26604,108,MARIA,KLOBUCHAR,VESEY,DuPAGE,DEMOCRATIC,492,4454,DEM
GP 2020,8TH DEMOCRATIC DELEGATE,G,5,26604,108,MARIA,KLOBUCHAR,VESEY,COOK,DEMOCRATIC,817,4455,DEM
GP 2020,8TH DEMOCRATIC DELEGATE,G,5,26289,108,DEMETRIUS,BIDEN,GIBSON,KANE,DEMOCRATIC,1926,4456,DEM
GP 2020,8TH DEMOCRATIC DELEGATE,G,5,26289,108,DEMETRIUS,BIDEN,GIBSON,DuPAGE,DEMOCRATIC,10344,4457,DEM
GP 2020,8TH DEMOCRATIC DELEGATE,G,5,26289,108,DEMETRIUS,BIDEN,GIBSON,COOK,DEMOCRATIC,18442,4458,DEM
GP 2020,8TH DEMOCRATIC DELEGATE,G,5,26293,108,B. IVONNE,BIDEN,HOPKINS,KANE,DEMOCRATIC,1898,4459,DEM
GP 2020,8TH DEMOCRATIC DELEGATE,G,5,26293,108,B. IVONNE,BIDEN,HOPKINS,DuPAGE,DEMOCRATIC,10362,4460,DEM
GP 2020,8TH DEMOCRATIC DELEGATE,G,5,26293,108,B. IVONNE,BIDEN,HOPKINS,COOK,DEMOCRATIC,18378,4461,DEM
GP 2020,8TH DEMOCRATIC DELEGATE,G,5,26278,108,KATHLEEN,BIDEN,GRIFFIN,KANE,DEMOCRATIC,2500,4462,DEM
GP 2020,8TH DEMOCRATIC DELEGATE,G,5,26278,108,KATHLEEN,BIDEN,GRIFFIN,DuPAGE,DEMOCRATIC,12083,4463,DEM
GP 2020,8TH DEMOCRATIC DELEGATE,G,5,26278,108,KATHLEEN,BIDEN,GRIFFIN,COOK,DEMOCRATIC,20428,4464,DEM
GP 2020,8TH DEMOCRATIC DELEGATE,G,5,26283,108,FRED,BIDEN,CRESPO,KANE,DEMOCRATIC,2171,4465,DEM
GP 2020,8TH DEMOCRATIC DELEGATE,G,5,26283,108,FRED,BIDEN,CRESPO,DuPAGE,DEMOCRATIC,10509,4466,DEM
GP 2020,8TH DEMOCRATIC DELEGATE,G,5,26283,108,FRED,BIDEN,CRESPO,COOK,DEMOCRATIC,20009,4467,DEM
GP 2020,8TH DEMOCRATIC DELEGATE,G,5,26286,108,NAZNEEN,BIDEN,HASHMI,KANE,DEMOCRATIC,1905,4468,DEM
GP 2020,8TH DEMOCRATIC DELEGATE,G,5,26286,108,NAZNEEN,BIDEN,HASHMI,DuPAGE,DEMOCRATIC,10698,4469,DEM
GP 2020,8TH DEMOCRATIC DELEGATE,G,5,26286,108,NAZNEEN,BIDEN,HASHMI,COOK,DEMOCRATIC,18638,4470,DEM
GP 2020,8TH DEMOCRATIC DELEGATE,G,5,26399,108,ADRIANA,SANDERS,BARRIGA-GREEN,KANE,DEMOCRATIC,2395,4471,DEM
GP 2020,8TH DEMOCRATIC DELEGATE,G,5,26399,108,ADRIANA,SANDERS,BARRIGA-GREEN,DuPAGE,DEMOCRATIC,7980,4472,DEM
GP 2020,8TH DEMOCRATIC DELEGATE,G,5,26399,108,ADRIANA,SANDERS,BARRIGA-GREEN,COOK,DEMOCRATIC,11814,4473,DEM
GP 2020,8TH DEMOCRATIC DELEGATE,G,5,26404,108,PATRICK,SANDERS,GORDON,KANE,DEMOCRATIC,1668,4474,DEM
GP 2020,8TH DEMOCRATIC DELEGATE,G,5,26404,108,PATRICK,SANDERS,GORDON,DuPAGE,DEMOCRATIC,6647,4475,DEM
GP 2020,8TH DEMOCRATIC DELEGATE,G,5,26404,108,PATRICK,SANDERS,GORDON,COOK,DEMOCRATIC,10430,4476,DEM
GP 2020,8TH DEMOCRATIC DELEGATE,G,5,26400,108,BRENDA,SANDERS,RODGERS,KANE,DEMOCRATIC,2286,4477,DEM
GP 2020,8TH DEMOCRATIC DELEGATE,G,5,26400,108,BRENDA,SANDERS,RODGERS,DuPAGE,DEMOCRATIC,7734,4478,DEM
GP 2020,8TH DEMOCRATIC DELEGATE,G,5,26400,108,BRENDA,SANDERS,RODGERS,COOK,DEMOCRATIC,11415,4479,DEM
GP 2020,8TH DEMOCRATIC DELEGATE,G,5,26401,108,COLLEEN,SANDERS,LaVIGNE,KANE,DEMOCRATIC,1808,4480,DEM
GP 2020,8TH DEMOCRATIC DELEGATE,G,5,26401,108,COLLEEN,SANDERS,LaVIGNE,DuPAGE,DEMOCRATIC,7428,4481,DEM
GP 2020,8TH DEMOCRATIC DELEGATE,G,5,26401,108,COLLEEN,SANDERS,LaVIGNE,COOK,DEMOCRATIC,11413,4482,DEM
GP 2020,8TH DEMOCRATIC DELEGATE,G,5,26402,108,GARY,SANDERS,KLEPPE,KANE,DEMOCRATIC,1630,4483,DEM
GP 2020,8TH DEMOCRATIC DELEGATE,G,5,26402,108,GARY,SANDERS,KLEPPE,DuPAGE,DEMOCRATIC,6648,4484,DEM
GP 2020,8TH DEMOCRATIC DELEGATE,G,5,26402,108,GARY,SANDERS,KLEPPE,COOK,DEMOCRATIC,10445,4485,DEM
GP 2020,8TH DEMOCRATIC DELEGATE,G,5,26481,108,CRISTINA,WARREN,CASTRO,KANE,DEMOCRATIC,957,4486,DEM
GP 2020,8TH DEMOCRATIC DELEGATE,G,5,26481,108,CRISTINA,WARREN,CASTRO,DuPAGE,DEMOCRATIC,1364,4487,DEM
GP 2020,8TH DEMOCRATIC DELEGATE,G,5,26481,108,CRISTINA,WARREN,CASTRO,COOK,DEMOCRATIC,2828,4488,DEM
GP 2020,8TH DEMOCRATIC DELEGATE,G,5,26482,108,NASIR,WARREN,JAHANGIR,KANE,DEMOCRATIC,169,4489,DEM
GP 2020,8TH DEMOCRATIC DELEGATE,G,5,26482,108,NASIR,WARREN,JAHANGIR,DuPAGE,DEMOCRATIC,949,4490,DEM
GP 2020,8TH DEMOCRATIC DELEGATE,G,5,26482,108,NASIR,WARREN,JAHANGIR,COOK,DEMOCRATIC,1284,4491,DEM
GP 2020,8TH DEMOCRATIC DELEGATE,G,5,26483,108,HANNA,WARREN,HYMAN,KANE,DEMOCRATIC,179,4492,DEM
GP 2020,8TH DEMOCRATIC DELEGATE,G,5,26483,108,HANNA,WARREN,HYMAN,DuPAGE,DEMOCRATIC,778,4493,DEM
GP 2020,8TH DEMOCRATIC DELEGATE,G,5,26483,108,HANNA,WARREN,HYMAN,COOK,DEMOCRATIC,1322,4494,DEM
GP 2020,8TH DEMOCRATIC DELEGATE,G,5,26484,108,"THEODORE ""TED"" J.",WARREN,MASON,KANE,DEMOCRATIC,127,4495,DEM
GP 2020,8TH DEMOCRATIC DELEGATE,G,5,26484,108,"THEODORE ""TED"" J.",WARREN,MASON,DuPAGE,DEMOCRATIC,465,4496,DEM
GP 2020,8TH DEMOCRATIC DELEGATE,G,5,26484,108,"THEODORE ""TED"" J.",WARREN,MASON,COOK,DEMOCRATIC,840,4497,DEM
GP 2020,8TH REPUBLICAN DELEGATE,G,3,26163,108,JOSEPH,TRUMP,FOLISI,KANE,REPUBLICAN,1362,4498,REP
GP 2020,8TH REPUBLICAN DELEGATE,G,3,26163,108,JOSEPH,TRUMP,FOLISI,DuPAGE,REPUBLICAN,6486,4499,REP
GP 2020,8TH REPUBLICAN DELEGATE,G,3,26163,108,JOSEPH,TRUMP,FOLISI,COOK,REPUBLICAN,8435,4500,REP
GP 2020,8TH REPUBLICAN DELEGATE,G,3,26164,108,ANTHONY,TRUMP,IOSCO,KANE,REPUBLICAN,1169,4501,REP
GP 2020,8TH REPUBLICAN DELEGATE,G,3,26164,108,ANTHONY,TRUMP,IOSCO,DuPAGE,REPUBLICAN,5898,4502,REP
GP 2020,8TH REPUBLICAN DELEGATE,G,3,26164,108,ANTHONY,TRUMP,IOSCO,COOK,REPUBLICAN,7884,4503,REP
GP 2020,8TH REPUBLICAN DELEGATE,G,3,26165,108,NICK,TRUMP,PERIC,KANE,REPUBLICAN,1143,4504,REP
GP 2020,8TH REPUBLICAN DELEGATE,G,3,26165,108,NICK,TRUMP,PERIC,DuPAGE,REPUBLICAN,5735,4505,REP
GP 2020,8TH REPUBLICAN DELEGATE,G,3,26165,108,NICK,TRUMP,PERIC,COOK,REPUBLICAN,7824,4506,REP
GP 2020,8TH REPUBLICAN ALTERNATE DELEGATE,G,3,26167,208,ALLEN,TRUMP,SKILLICORN,KANE,REPUBLICAN,1384,4507,REP
GP 2020,8TH REPUBLICAN ALTERNATE DELEGATE,G,3,26167,208,ALLEN,TRUMP,SKILLICORN,DuPAGE,REPUBLICAN,6354,4508,REP
GP 2020,8TH REPUBLICAN ALTERNATE DELEGATE,G,3,26167,208,ALLEN,TRUMP,SKILLICORN,COOK,REPUBLICAN,8301,4509,REP
GP 2020,8TH REPUBLICAN ALTERNATE DELEGATE,G,3,26171,208,PETER,TRUMP,KOPSAFTIS,KANE,REPUBLICAN,1036,4510,REP
GP 2020,8TH REPUBLICAN ALTERNATE DELEGATE,G,3,26171,208,PETER,TRUMP,KOPSAFTIS,DuPAGE,REPUBLICAN,5984,4511,REP
GP 2020,8TH REPUBLICAN ALTERNATE DELEGATE,G,3,26171,208,PETER,TRUMP,KOPSAFTIS,COOK,REPUBLICAN,7653,4512,REP
GP 2020,8TH REPUBLICAN ALTERNATE DELEGATE,G,3,26169,208,NIMISH,TRUMP,JANI,KANE,REPUBLICAN,938,4513,REP
GP 2020,8TH REPUBLICAN ALTERNATE DELEGATE,G,3,26169,208,NIMISH,TRUMP,JANI,DuPAGE,REPUBLICAN,5160,4514,REP
GP 2020,8TH REPUBLICAN ALTERNATE DELEGATE,G,3,26169,208,NIMISH,TRUMP,JANI,COOK,REPUBLICAN,7353,4515,REP
GP 2020,9TH DEMOCRATIC DELEGATE,G,8,26587,109,JOE,KLOBUCHAR,SHEPHERD,COOK,DEMOCRATIC,2165,4516,DEM
GP 2020,9TH DEMOCRATIC DELEGATE,G,8,26589,109,JOHN,KLOBUCHAR,FITZGERALD,COOK,DEMOCRATIC,2976,4517,DEM
GP 2020,9TH DEMOCRATIC DELEGATE,G,8,26590,109,HOPE R.,KLOBUCHAR,GREEN,COOK,DEMOCRATIC,4509,4518,DEM
GP 2020,9TH DEMOCRATIC DELEGATE,G,8,26591,109,CATHERINE,KLOBUCHAR,MARQUIS,COOK,DEMOCRATIC,3765,4519,DEM
GP 2020,9TH DEMOCRATIC DELEGATE,G,8,26592,109,CHRISTIE ANN,KLOBUCHAR,HEFNER,COOK,DEMOCRATIC,4500,4520,DEM
GP 2020,9TH DEMOCRATIC DELEGATE,G,8,26593,109,JACOB (JAKE),KLOBUCHAR,RILEY,COOK,DEMOCRATIC,2107,4521,DEM
GP 2020,9TH DEMOCRATIC DELEGATE,G,8,26416,109,JANICE,YANG,BERMAN-KRAUTWALD,COOK,DEMOCRATIC,3045,4522,DEM
GP 2020,9TH DEMOCRATIC DELEGATE,G,8,26419,109,JOHN LEE,YANG,BINGHAM,COOK,DEMOCRATIC,2427,4523,DEM
GP 2020,9TH DEMOCRATIC DELEGATE,G,8,26420,109,MOLLY,YANG,BOSI,COOK,DEMOCRATIC,3329,4524,DEM
GP 2020,9TH DEMOCRATIC DELEGATE,G,8,26422,109,STUART,YANG,REID,COOK,DEMOCRATIC,2116,4525,DEM
GP 2020,9TH DEMOCRATIC DELEGATE,G,8,26426,109,CHASE,YANG,RAWLINS,COOK,DEMOCRATIC,2036,4526,DEM
GP 2020,9TH DEMOCRATIC DELEGATE,G,8,26430,109,VASILIOS,YANG,STEFANIS,COOK,DEMOCRATIC,2193,4527,DEM
GP 2020,9TH DEMOCRATIC DELEGATE,G,8,26492,109,DANIEL,WARREN,BISS,COOK,DEMOCRATIC,10772,4528,DEM
GP 2020,9TH DEMOCRATIC DELEGATE,G,8,26494,109,JOSINA,WARREN,MORITA,COOK,DEMOCRATIC,9214,4529,DEM
GP 2020,9TH DEMOCRATIC DELEGATE,G,8,26497,109,DANIEL J.,WARREN,MONTGOMERY,COOK,DEMOCRATIC,8572,4530,DEM
GP 2020,9TH DEMOCRATIC DELEGATE,G,8,26498,109,KELLY M.,WARREN,CASSIDY,COOK,DEMOCRATIC,13721,4531,DEM
GP 2020,9TH DEMOCRATIC DELEGATE,G,8,26499,109,ILYA,WARREN,SHEYMAN,COOK,DEMOCRATIC,9758,4532,DEM
GP 2020,9TH DEMOCRATIC DELEGATE,G,8,26500,109,MIGUEL,WARREN,MORENO,COOK,DEMOCRATIC,9717,4533,DEM
GP 2020,9TH DEMOCRATIC DELEGATE,G,8,26501,109,LEO,WARREN,SMITH,COOK,DEMOCRATIC,8247,4534,DEM
GP 2020,9TH DEMOCRATIC DELEGATE,G,8,26502,109,LENI,WARREN,MANAA-HOPPENWORTH,COOK,DEMOCRATIC,9936,4535,DEM
GP 2020,9TH DEMOCRATIC DELEGATE,G,8,26222,109,STEVE,BUTTIGIEG,HAGERTY,COOK,DEMOCRATIC,15004,4536,DEM
GP 2020,9TH DEMOCRATIC DELEGATE,G,8,26223,109,MARKUS,BUTTIGIEG,PITCHFORD,COOK,DEMOCRATIC,9453,4537,DEM
GP 2020,9TH DEMOCRATIC DELEGATE,G,8,26225,109,KOSTAS,BUTTIGIEG,POULAKIDAS,COOK,DEMOCRATIC,6707,4538,DEM
GP 2020,9TH DEMOCRATIC DELEGATE,G,8,26229,109,GREG,BUTTIGIEG,SCHWEIZER,COOK,DEMOCRATIC,6785,4539,DEM
GP 2020,9TH DEMOCRATIC DELEGATE,G,8,26233,109,DEBRA,BUTTIGIEG,SHORE,COOK,DEMOCRATIC,11820,4540,DEM
GP 2020,9TH DEMOCRATIC DELEGATE,G,8,26450,109,CORTNEY,SANDERS,RITSEMA,COOK,DEMOCRATIC,45651,4541,DEM
GP 2020,9TH DEMOCRATIC DELEGATE,G,8,26455,109,MICHELLE L.,SANDERS,OXMAN,COOK,DEMOCRATIC,45902,4542,DEM
GP 2020,9TH DEMOCRATIC DELEGATE,G,8,26459,109,MICHAEL J.,SANDERS,HARRINGTON,COOK,DEMOCRATIC,43298,4543,DEM
GP 2020,9TH DEMOCRATIC DELEGATE,G,8,26460,109,RYAN,SANDERS,McINTYRE,COOK,DEMOCRATIC,39424,4544,DEM
GP 2020,9TH DEMOCRATIC DELEGATE,G,8,26584,109,JANE,KLOBUCHAR,HANNEMANN,COOK,DEMOCRATIC,12001,4545,DEM
GP 2020,9TH DEMOCRATIC DELEGATE,G,8,26585,109,DAVID,KLOBUCHAR,CAMPBELL,COOK,DEMOCRATIC,8136,4546,DEM
GP 2020,9TH DEMOCRATIC DELEGATE,G,8,26115,109,JILL,BIDEN,WINE-BANKS,COOK,DEMOCRATIC,73977,4547,DEM
GP 2020,9TH DEMOCRATIC DELEGATE,G,8,26118,109,AURORA,BIDEN,AUSTRIACO,COOK,DEMOCRATIC,72325,4548,DEM
GP 2020,9TH DEMOCRATIC DELEGATE,G,8,26117,109,DAVID Y.,BIDEN,KO,COOK,DEMOCRATIC,71593,4549,DEM
GP 2020,9TH DEMOCRATIC DELEGATE,G,8,26114,109,CHRISTOPHER J.,BIDEN,DUNN,COOK,DEMOCRATIC,71014,4550,DEM
GP 2020,9TH DEMOCRATIC DELEGATE,G,8,26120,109,MARTIN,BIDEN,MOYLAN,COOK,DEMOCRATIC,70104,4551,DEM
GP 2020,9TH DEMOCRATIC DELEGATE,G,8,26123,109,MARCIA BLUMENTHAL,BIDEN,FIELDS,COOK,DEMOCRATIC,67125,4552,DEM
GP 2020,9TH DEMOCRATIC DELEGATE,G,8,26448,109,CAROLYN,SANDERS,TOWNSEND,COOK,DEMOCRATIC,47860,4553,DEM
GP 2020,9TH DEMOCRATIC DELEGATE,G,8,26452,109,MARGARET öMEGô,SANDERS,WELCH,COOK,DEMOCRATIC,47406,4554,DEM
GP 2020,9TH DEMOCRATIC DELEGATE,G,8,26457,109,AMARZAYA,SANDERS,MAKHBAL,COOK,DEMOCRATIC,44365,4555,DEM
GP 2020,9TH DEMOCRATIC DELEGATE,G,8,26458,109,ANUB,SANDERS,ABRAHAM,COOK,DEMOCRATIC,43474,4556,DEM
GP 2020,9TH REPUBLICAN DELEGATE,G,3,26234,109,SUSAN,TRUMP,SWEENEY,COOK,REPUBLICAN,11052,4557,REP
GP 2020,9TH REPUBLICAN DELEGATE,G,3,26226,109,CHARLENE,TRUMP,FOSS-EGGEMANN,COOK,REPUBLICAN,10812,4558,REP
GP 2020,9TH REPUBLICAN DELEGATE,G,3,26231,109,KENNETH,TRUMP,JOCHUM,COOK,REPUBLICAN,10435,4559,REP
GP 2020,9TH REPUBLICAN ALTERNATE DELEGATE,G,3,26238,209,PETE,TRUMP,BEST,COOK,REPUBLICAN,11398,4560,REP
GP 2020,9TH REPUBLICAN ALTERNATE DELEGATE,G,3,26241,209,BETHANY,TRUMP,FEELEY,COOK,REPUBLICAN,10308,4561,REP
GP 2020,9TH REPUBLICAN ALTERNATE DELEGATE,G,3,26244,209,JASMINE,TRUMP,HAUSER,COOK,REPUBLICAN,9860,4562,REP
GP 2020,10TH DEMOCRATIC DELEGATE,G,5,26152,110,PHILIP,BUTTIGIEG,AROUCA,COOK,DEMOCRATIC,566,4563,DEM
GP 2020,10TH DEMOCRATIC DELEGATE,G,5,26152,110,PHILIP,BUTTIGIEG,AROUCA,LAKE,DEMOCRATIC,1655,4564,DEM
GP 2020,10TH DEMOCRATIC DELEGATE,G,5,26154,110,ZACHARY,BUTTIGIEG,EL GHATIT,COOK,DEMOCRATIC,442,4565,DEM
GP 2020,10TH DEMOCRATIC DELEGATE,G,5,26154,110,ZACHARY,BUTTIGIEG,EL GHATIT,LAKE,DEMOCRATIC,1577,4566,DEM
GP 2020,10TH DEMOCRATIC DELEGATE,G,5,26155,110,ELLIOTT,BUTTIGIEG,HARTSTEIN,COOK,DEMOCRATIC,576,4567,DEM
GP 2020,10TH DEMOCRATIC DELEGATE,G,5,26155,110,ELLIOTT,BUTTIGIEG,HARTSTEIN,LAKE,DEMOCRATIC,2153,4568,DEM
GP 2020,10TH DEMOCRATIC DELEGATE,G,5,26156,110,HOLLY,BUTTIGIEG,KIM,COOK,DEMOCRATIC,902,4569,DEM
GP 2020,10TH DEMOCRATIC DELEGATE,G,5,26156,110,HOLLY,BUTTIGIEG,KIM,LAKE,DEMOCRATIC,4282,4570,DEM
GP 2020,10TH DEMOCRATIC DELEGATE,G,5,26157,110,PAUL,BUTTIGIEG,LAW,COOK,DEMOCRATIC,439,4571,DEM
GP 2020,10TH DEMOCRATIC DELEGATE,G,5,26157,110,PAUL,BUTTIGIEG,LAW,LAKE,DEMOCRATIC,1502,4572,DEM
GP 2020,10TH DEMOCRATIC DELEGATE,G,5,26513,110,ESTEBAN,WARREN,CARBAJAL,COOK,DEMOCRATIC,562,4573,DEM
GP 2020,10TH DEMOCRATIC DELEGATE,G,5,26513,110,ESTEBAN,WARREN,CARBAJAL,LAKE,DEMOCRATIC,2117,4574,DEM
GP 2020,10TH DEMOCRATIC DELEGATE,G,5,26514,110,DULCE,WARREN,ORTIZ,COOK,DEMOCRATIC,647,4575,DEM
GP 2020,10TH DEMOCRATIC DELEGATE,G,5,26514,110,DULCE,WARREN,ORTIZ,LAKE,DEMOCRATIC,2906,4576,DEM
GP 2020,10TH DEMOCRATIC DELEGATE,G,5,26515,110,DANIEL,WARREN,DIDECH,COOK,DEMOCRATIC,634,4577,DEM
GP 2020,10TH DEMOCRATIC DELEGATE,G,5,26515,110,DANIEL,WARREN,DIDECH,LAKE,DEMOCRATIC,2216,4578,DEM
GP 2020,10TH DEMOCRATIC DELEGATE,G,5,26516,110,MELINDA,WARREN,BUSH,COOK,DEMOCRATIC,949,4579,DEM
GP 2020,10TH DEMOCRATIC DELEGATE,G,5,26516,110,MELINDA,WARREN,BUSH,LAKE,DEMOCRATIC,4438,4580,DEM
GP 2020,10TH DEMOCRATIC DELEGATE,G,5,26517,110,MARC,WARREN,JONES,COOK,DEMOCRATIC,563,4581,DEM
GP 2020,10TH DEMOCRATIC DELEGATE,G,5,26517,110,MARC,WARREN,JONES,LAKE,DEMOCRATIC,1891,4582,DEM
GP 2020,10TH DEMOCRATIC DELEGATE,G,5,26443,110,GERI,SANDERS,WASSERMAN,COOK,DEMOCRATIC,4590,4583,DEM
GP 2020,10TH DEMOCRATIC DELEGATE,G,5,26443,110,GERI,SANDERS,WASSERMAN,LAKE,DEMOCRATIC,12713,4584,DEM
GP 2020,10TH DEMOCRATIC DELEGATE,G,5,26444,110,ADAM,SANDERS,BROAD,COOK,DEMOCRATIC,4400,4585,DEM
GP 2020,10TH DEMOCRATIC DELEGATE,G,5,26444,110,ADAM,SANDERS,BROAD,LAKE,DEMOCRATIC,11867,4586,DEM
GP 2020,10TH DEMOCRATIC DELEGATE,G,5,26446,110,BRIAN,SANDERS,DUPUIS,COOK,DEMOCRATIC,4105,4587,DEM
GP 2020,10TH DEMOCRATIC DELEGATE,G,5,26446,110,BRIAN,SANDERS,DUPUIS,LAKE,DEMOCRATIC,11200,4588,DEM
GP 2020,10TH DEMOCRATIC DELEGATE,G,5,26424,110,ANN SUNNY,YANG,ELENGICAL,COOK,DEMOCRATIC,777,4589,DEM
GP 2020,10TH DEMOCRATIC DELEGATE,G,5,26424,110,ANN SUNNY,YANG,ELENGICAL,LAKE,DEMOCRATIC,2051,4590,DEM
GP 2020,10TH DEMOCRATIC DELEGATE,G,5,26428,110,BRIAN,YANG,SHIELDS,COOK,DEMOCRATIC,650,4591,DEM
GP 2020,10TH DEMOCRATIC DELEGATE,G,5,26428,110,BRIAN,YANG,SHIELDS,LAKE,DEMOCRATIC,1807,4592,DEM
GP 2020,10TH DEMOCRATIC DELEGATE,G,5,26611,110,ARUN,KLOBUCHAR,POOKOTE,COOK,DEMOCRATIC,376,4593,DEM
GP 2020,10TH DEMOCRATIC DELEGATE,G,5,26611,110,ARUN,KLOBUCHAR,POOKOTE,LAKE,DEMOCRATIC,826,4594,DEM
GP 2020,10TH DEMOCRATIC DELEGATE,G,5,26612,110,PATRICIA A. (PAT),KLOBUCHAR,BAMFORD,COOK,DEMOCRATIC,480,4595,DEM
GP 2020,10TH DEMOCRATIC DELEGATE,G,5,26612,110,PATRICIA A. (PAT),KLOBUCHAR,BAMFORD,LAKE,DEMOCRATIC,1700,4596,DEM
GP 2020,10TH DEMOCRATIC DELEGATE,G,5,26613,110,KARI,KLOBUCHAR,AROUCA,COOK,DEMOCRATIC,398,4597,DEM
GP 2020,10TH DEMOCRATIC DELEGATE,G,5,26613,110,KARI,KLOBUCHAR,AROUCA,LAKE,DEMOCRATIC,1022,4598,DEM
GP 2020,10TH DEMOCRATIC DELEGATE,G,5,26614,110,LAWRENCE (LARRY),KLOBUCHAR,FEDER,COOK,DEMOCRATIC,299,4599,DEM
GP 2020,10TH DEMOCRATIC DELEGATE,G,5,26614,110,LAWRENCE (LARRY),KLOBUCHAR,FEDER,LAKE,DEMOCRATIC,1037,4600,DEM
GP 2020,10TH DEMOCRATIC DELEGATE,G,5,26615,110,JONATHAN,KLOBUCHAR,SWANN,COOK,DEMOCRATIC,224,4601,DEM
GP 2020,10TH DEMOCRATIC DELEGATE,G,5,26615,110,JONATHAN,KLOBUCHAR,SWANN,LAKE,DEMOCRATIC,730,4602,DEM
GP 2020,10TH DEMOCRATIC DELEGATE,G,5,26160,110,SYERRA,BIDEN,CUNNINGHAM,COOK,DEMOCRATIC,13467,4603,DEM
GP 2020,10TH DEMOCRATIC DELEGATE,G,5,26160,110,SYERRA,BIDEN,CUNNINGHAM,LAKE,DEMOCRATIC,32788,4604,DEM
GP 2020,10TH DEMOCRATIC DELEGATE,G,5,26162,110,THOMAS,BIDEN,MAILLARD,COOK,DEMOCRATIC,13059,4605,DEM
GP 2020,10TH DEMOCRATIC DELEGATE,G,5,26162,110,THOMAS,BIDEN,MAILLARD,LAKE,DEMOCRATIC,30369,4606,DEM
GP 2020,10TH DEMOCRATIC DELEGATE,G,5,26158,110,JULIE,BIDEN,MORRISON,COOK,DEMOCRATIC,14311,4607,DEM
GP 2020,10TH DEMOCRATIC DELEGATE,G,5,26158,110,JULIE,BIDEN,MORRISON,LAKE,DEMOCRATIC,37027,4608,DEM
GP 2020,10TH DEMOCRATIC DELEGATE,G,5,26159,110,JONATHAN,BIDEN,CARROLL,COOK,DEMOCRATIC,13807,4609,DEM
GP 2020,10TH DEMOCRATIC DELEGATE,G,5,26159,110,JONATHAN,BIDEN,CARROLL,LAKE,DEMOCRATIC,33099,4610,DEM
GP 2020,10TH DEMOCRATIC DELEGATE,G,5,26161,110,VICTOR,BIDEN,SHI,COOK,DEMOCRATIC,13148,4611,DEM
GP 2020,10TH DEMOCRATIC DELEGATE,G,5,26161,110,VICTOR,BIDEN,SHI,LAKE,DEMOCRATIC,31104,4612,DEM
GP 2020,10TH DEMOCRATIC DELEGATE,G,5,26442,110,JEANNE MARIE,SANDERS,DAURAY,COOK,DEMOCRATIC,4806,4613,DEM
GP 2020,10TH DEMOCRATIC DELEGATE,G,5,26442,110,JEANNE MARIE,SANDERS,DAURAY,LAKE,DEMOCRATIC,13957,4614,DEM
GP 2020,10TH DEMOCRATIC DELEGATE,G,5,26445,110,ANDRES,SANDERS,CARRASCO,COOK,DEMOCRATIC,4495,4615,DEM
GP 2020,10TH DEMOCRATIC DELEGATE,G,5,26445,110,ANDRES,SANDERS,CARRASCO,LAKE,DEMOCRATIC,12970,4616,DEM
GP 2020,10TH REPUBLICAN DELEGATE,G,3,26300,110,MARK,TRUMP,SHAW,COOK,REPUBLICAN,2993,4617,REP
GP 2020,10TH REPUBLICAN DELEGATE,G,3,26300,110,MARK,TRUMP,SHAW,LAKE,REPUBLICAN,10124,4618,REP
GP 2020,10TH REPUBLICAN DELEGATE,G,3,26299,110,JENNIFER,TRUMP,NEUBAUER,COOK,REPUBLICAN,2955,4619,REP
GP 2020,10TH REPUBLICAN DELEGATE,G,3,26299,110,JENNIFER,TRUMP,NEUBAUER,LAKE,REPUBLICAN,9731,4620,REP
GP 2020,10TH REPUBLICAN DELEGATE,G,3,26298,110,CINDY,TRUMP,GOOD,COOK,REPUBLICAN,3016,4621,REP
GP 2020,10TH REPUBLICAN DELEGATE,G,3,26298,110,CINDY,TRUMP,GOOD,LAKE,REPUBLICAN,9359,4622,REP
GP 2020,10TH REPUBLICAN ALTERNATE DELEGATE,G,3,26301,210,ROBERT,TRUMP,BEDNAR,COOK,REPUBLICAN,3073,4623,REP
GP 2020,10TH REPUBLICAN ALTERNATE DELEGATE,G,3,26301,210,ROBERT,TRUMP,BEDNAR,LAKE,REPUBLICAN,10208,4624,REP
GP 2020,10TH REPUBLICAN ALTERNATE DELEGATE,G,3,26302,210,MICHELLE,TRUMP,PARNELL,COOK,REPUBLICAN,2907,4625,REP
GP 2020,10TH REPUBLICAN ALTERNATE DELEGATE,G,3,26302,210,MICHELLE,TRUMP,PARNELL,LAKE,REPUBLICAN,9448,4626,REP
GP 2020,10TH REPUBLICAN ALTERNATE DELEGATE,G,3,26303,210,MARGARET,TRUMP,SIEBERT,COOK,REPUBLICAN,2791,4627,REP
GP 2020,10TH REPUBLICAN ALTERNATE DELEGATE,G,3,26303,210,MARGARET,TRUMP,SIEBERT,LAKE,REPUBLICAN,9003,4628,REP
GP 2020,11TH DEMOCRATIC DELEGATE,G,5,26106,111,ALEX,BUTTIGIEG,ARROYO,KANE,DEMOCRATIC,895,4629,DEM
GP 2020,11TH DEMOCRATIC DELEGATE,G,5,26106,111,ALEX,BUTTIGIEG,ARROYO,WILL,DEMOCRATIC,1575,4630,DEM
GP 2020,11TH DEMOCRATIC DELEGATE,G,5,26106,111,ALEX,BUTTIGIEG,ARROYO,KENDALL,DEMOCRATIC,304,4631,DEM
GP 2020,11TH DEMOCRATIC DELEGATE,G,5,26106,111,ALEX,BUTTIGIEG,ARROYO,DuPAGE,DEMOCRATIC,824,4632,DEM
GP 2020,11TH DEMOCRATIC DELEGATE,G,5,26106,111,ALEX,BUTTIGIEG,ARROYO,COOK,DEMOCRATIC,39,4633,DEM
GP 2020,11TH DEMOCRATIC DELEGATE,G,5,26107,111,JOHN,BUTTIGIEG,ATKINSON,KANE,DEMOCRATIC,212,4634,DEM
GP 2020,11TH DEMOCRATIC DELEGATE,G,5,26107,111,JOHN,BUTTIGIEG,ATKINSON,WILL,DEMOCRATIC,765,4635,DEM
GP 2020,11TH DEMOCRATIC DELEGATE,G,5,26107,111,JOHN,BUTTIGIEG,ATKINSON,KENDALL,DEMOCRATIC,52,4636,DEM
GP 2020,11TH DEMOCRATIC DELEGATE,G,5,26107,111,JOHN,BUTTIGIEG,ATKINSON,DuPAGE,DEMOCRATIC,538,4637,DEM
GP 2020,11TH DEMOCRATIC DELEGATE,G,5,26107,111,JOHN,BUTTIGIEG,ATKINSON,COOK,DEMOCRATIC,24,4638,DEM
GP 2020,11TH DEMOCRATIC DELEGATE,G,5,26108,111,JULIA,BUTTIGIEG,BECKMAN,KANE,DEMOCRATIC,381,4639,DEM
GP 2020,11TH DEMOCRATIC DELEGATE,G,5,26108,111,JULIA,BUTTIGIEG,BECKMAN,WILL,DEMOCRATIC,1505,4640,DEM
GP 2020,11TH DEMOCRATIC DELEGATE,G,5,26108,111,JULIA,BUTTIGIEG,BECKMAN,KENDALL,DEMOCRATIC,119,4641,DEM
GP 2020,11TH DEMOCRATIC DELEGATE,G,5,26108,111,JULIA,BUTTIGIEG,BECKMAN,DuPAGE,DEMOCRATIC,1120,4642,DEM
GP 2020,11TH DEMOCRATIC DELEGATE,G,5,26108,111,JULIA,BUTTIGIEG,BECKMAN,COOK,DEMOCRATIC,27,4643,DEM
GP 2020,11TH DEMOCRATIC DELEGATE,G,5,26109,111,TOM,BUTTIGIEG,BRAXTON,KANE,DEMOCRATIC,181,4644,DEM
GP 2020,11TH DEMOCRATIC DELEGATE,G,5,26109,111,TOM,BUTTIGIEG,BRAXTON,WILL,DEMOCRATIC,1069,4645,DEM
GP 2020,11TH DEMOCRATIC DELEGATE,G,5,26109,111,TOM,BUTTIGIEG,BRAXTON,KENDALL,DEMOCRATIC,66,4646,DEM
GP 2020,11TH DEMOCRATIC DELEGATE,G,5,26109,111,TOM,BUTTIGIEG,BRAXTON,DuPAGE,DEMOCRATIC,548,4647,DEM
GP 2020,11TH DEMOCRATIC DELEGATE,G,5,26109,111,TOM,BUTTIGIEG,BRAXTON,COOK,DEMOCRATIC,15,4648,DEM
GP 2020,11TH DEMOCRATIC DELEGATE,G,5,26110,111,STEPHANIE,BUTTIGIEG,KIFOWIT,KANE,DEMOCRATIC,952,4649,DEM
GP 2020,11TH DEMOCRATIC DELEGATE,G,5,26110,111,STEPHANIE,BUTTIGIEG,KIFOWIT,WILL,DEMOCRATIC,909,4650,DEM
GP 2020,11TH DEMOCRATIC DELEGATE,G,5,26110,111,STEPHANIE,BUTTIGIEG,KIFOWIT,KENDALL,DEMOCRATIC,272,4651,DEM
GP 2020,11TH DEMOCRATIC DELEGATE,G,5,26110,111,STEPHANIE,BUTTIGIEG,KIFOWIT,DuPAGE,DEMOCRATIC,1053,4652,DEM
GP 2020,11TH DEMOCRATIC DELEGATE,G,5,26110,111,STEPHANIE,BUTTIGIEG,KIFOWIT,COOK,DEMOCRATIC,22,4653,DEM
GP 2020,11TH DEMOCRATIC DELEGATE,G,5,26438,111,RUTHMONY HONG,YANG,BRININGER,KANE,DEMOCRATIC,108,4654,DEM
GP 2020,11TH DEMOCRATIC DELEGATE,G,5,26438,111,RUTHMONY HONG,YANG,BRININGER,WILL,DEMOCRATIC,372,4655,DEM
GP 2020,11TH DEMOCRATIC DELEGATE,G,5,26438,111,RUTHMONY HONG,YANG,BRININGER,KENDALL,DEMOCRATIC,33,4656,DEM
GP 2020,11TH DEMOCRATIC DELEGATE,G,5,26438,111,RUTHMONY HONG,YANG,BRININGER,DuPAGE,DEMOCRATIC,278,4657,DEM
GP 2020,11TH DEMOCRATIC DELEGATE,G,5,26438,111,RUTHMONY HONG,YANG,BRININGER,COOK,DEMOCRATIC,12,4658,DEM
GP 2020,11TH DEMOCRATIC DELEGATE,G,5,26439,111,DONALD,YANG,ISHMAEL,KANE,DEMOCRATIC,157,4659,DEM
GP 2020,11TH DEMOCRATIC DELEGATE,G,5,26439,111,DONALD,YANG,ISHMAEL,WILL,DEMOCRATIC,444,4660,DEM
GP 2020,11TH DEMOCRATIC DELEGATE,G,5,26439,111,DONALD,YANG,ISHMAEL,KENDALL,DEMOCRATIC,42,4661,DEM
GP 2020,11TH DEMOCRATIC DELEGATE,G,5,26439,111,DONALD,YANG,ISHMAEL,DuPAGE,DEMOCRATIC,296,4662,DEM
GP 2020,11TH DEMOCRATIC DELEGATE,G,5,26439,111,DONALD,YANG,ISHMAEL,COOK,DEMOCRATIC,23,4663,DEM
GP 2020,11TH DEMOCRATIC DELEGATE,G,5,26440,111,JING YUAN,YANG,MA,KANE,DEMOCRATIC,167,4664,DEM
GP 2020,11TH DEMOCRATIC DELEGATE,G,5,26440,111,JING YUAN,YANG,MA,WILL,DEMOCRATIC,799,4665,DEM
GP 2020,11TH DEMOCRATIC DELEGATE,G,5,26440,111,JING YUAN,YANG,MA,KENDALL,DEMOCRATIC,67,4666,DEM
GP 2020,11TH DEMOCRATIC DELEGATE,G,5,26440,111,JING YUAN,YANG,MA,DuPAGE,DEMOCRATIC,587,4667,DEM
GP 2020,11TH DEMOCRATIC DELEGATE,G,5,26440,111,JING YUAN,YANG,MA,COOK,DEMOCRATIC,27,4668,DEM
GP 2020,11TH DEMOCRATIC DELEGATE,G,5,26441,111,MICHAEL,YANG,DE ASIS,KANE,DEMOCRATIC,105,4669,DEM
GP 2020,11TH DEMOCRATIC DELEGATE,G,5,26441,111,MICHAEL,YANG,DE ASIS,WILL,DEMOCRATIC,447,4670,DEM
GP 2020,11TH DEMOCRATIC DELEGATE,G,5,26441,111,MICHAEL,YANG,DE ASIS,KENDALL,DEMOCRATIC,44,4671,DEM
GP 2020,11TH DEMOCRATIC DELEGATE,G,5,26441,111,MICHAEL,YANG,DE ASIS,DuPAGE,DEMOCRATIC,300,4672,DEM
GP 2020,11TH DEMOCRATIC DELEGATE,G,5,26441,111,MICHAEL,YANG,DE ASIS,COOK,DEMOCRATIC,20,4673,DEM
GP 2020,11TH DEMOCRATIC DELEGATE,G,5,26503,111,DIANE,WARREN,HEWITT,KANE,DEMOCRATIC,720,4674,DEM
GP 2020,11TH DEMOCRATIC DELEGATE,G,5,26503,111,DIANE,WARREN,HEWITT,WILL,DEMOCRATIC,2207,4675,DEM
GP 2020,11TH DEMOCRATIC DELEGATE,G,5,26503,111,DIANE,WARREN,HEWITT,KENDALL,DEMOCRATIC,431,4676,DEM
GP 2020,11TH DEMOCRATIC DELEGATE,G,5,26503,111,DIANE,WARREN,HEWITT,DuPAGE,DEMOCRATIC,1808,4677,DEM
GP 2020,11TH DEMOCRATIC DELEGATE,G,5,26503,111,DIANE,WARREN,HEWITT,COOK,DEMOCRATIC,32,4678,DEM
GP 2020,11TH DEMOCRATIC DELEGATE,G,5,26504,111,CLINT V.,WARREN,BROWN,KANE,DEMOCRATIC,409,4679,DEM
GP 2020,11TH DEMOCRATIC DELEGATE,G,5,26504,111,CLINT V.,WARREN,BROWN,WILL,DEMOCRATIC,1122,4680,DEM
GP 2020,11TH DEMOCRATIC DELEGATE,G,5,26504,111,CLINT V.,WARREN,BROWN,KENDALL,DEMOCRATIC,199,4681,DEM
GP 2020,11TH DEMOCRATIC DELEGATE,G,5,26504,111,CLINT V.,WARREN,BROWN,DuPAGE,DEMOCRATIC,901,4682,DEM
GP 2020,11TH DEMOCRATIC DELEGATE,G,5,26504,111,CLINT V.,WARREN,BROWN,COOK,DEMOCRATIC,15,4683,DEM
GP 2020,11TH DEMOCRATIC DELEGATE,G,5,26505,111,BRIGETTE,WARREN,FIDAY,KANE,DEMOCRATIC,534,4684,DEM
GP 2020,11TH DEMOCRATIC DELEGATE,G,5,26505,111,BRIGETTE,WARREN,FIDAY,WILL,DEMOCRATIC,1781,4685,DEM
GP 2020,11TH DEMOCRATIC DELEGATE,G,5,26505,111,BRIGETTE,WARREN,FIDAY,KENDALL,DEMOCRATIC,329,4686,DEM
GP 2020,11TH DEMOCRATIC DELEGATE,G,5,26505,111,BRIGETTE,WARREN,FIDAY,DuPAGE,DEMOCRATIC,1495,4687,DEM
GP 2020,11TH DEMOCRATIC DELEGATE,G,5,26505,111,BRIGETTE,WARREN,FIDAY,COOK,DEMOCRATIC,27,4688,DEM
GP 2020,11TH DEMOCRATIC DELEGATE,G,5,26506,111,DAVID,WARREN,GLORIA,KANE,DEMOCRATIC,417,4689,DEM
GP 2020,11TH DEMOCRATIC DELEGATE,G,5,26506,111,DAVID,WARREN,GLORIA,WILL,DEMOCRATIC,1193,4690,DEM
GP 2020,11TH DEMOCRATIC DELEGATE,G,5,26506,111,DAVID,WARREN,GLORIA,KENDALL,DEMOCRATIC,184,4691,DEM
GP 2020,11TH DEMOCRATIC DELEGATE,G,5,26506,111,DAVID,WARREN,GLORIA,DuPAGE,DEMOCRATIC,856,4692,DEM
GP 2020,11TH DEMOCRATIC DELEGATE,G,5,26506,111,DAVID,WARREN,GLORIA,COOK,DEMOCRATIC,15,4693,DEM
GP 2020,11TH DEMOCRATIC DELEGATE,G,5,26507,111,KILY MALDEN,WARREN,ADAMS,KANE,DEMOCRATIC,330,4694,DEM
GP 2020,11TH DEMOCRATIC DELEGATE,G,5,26507,111,KILY MALDEN,WARREN,ADAMS,WILL,DEMOCRATIC,1050,4695,DEM
GP 2020,11TH DEMOCRATIC DELEGATE,G,5,26507,111,KILY MALDEN,WARREN,ADAMS,KENDALL,DEMOCRATIC,218,4696,DEM
GP 2020,11TH DEMOCRATIC DELEGATE,G,5,26507,111,KILY MALDEN,WARREN,ADAMS,DuPAGE,DEMOCRATIC,938,4697,DEM
GP 2020,11TH DEMOCRATIC DELEGATE,G,5,26507,111,KILY MALDEN,WARREN,ADAMS,COOK,DEMOCRATIC,18,4698,DEM
GP 2020,11TH DEMOCRATIC DELEGATE,G,5,26624,111,JEFFREY,KLOBUCHAR,CROWELL,KANE,DEMOCRATIC,129,4699,DEM
GP 2020,11TH DEMOCRATIC DELEGATE,G,5,26624,111,JEFFREY,KLOBUCHAR,CROWELL,WILL,DEMOCRATIC,491,4700,DEM
GP 2020,11TH DEMOCRATIC DELEGATE,G,5,26624,111,JEFFREY,KLOBUCHAR,CROWELL,KENDALL,DEMOCRATIC,36,4701,DEM
GP 2020,11TH DEMOCRATIC DELEGATE,G,5,26624,111,JEFFREY,KLOBUCHAR,CROWELL,DuPAGE,DEMOCRATIC,336,4702,DEM
GP 2020,11TH DEMOCRATIC DELEGATE,G,5,26624,111,JEFFREY,KLOBUCHAR,CROWELL,COOK,DEMOCRATIC,19,4703,DEM
GP 2020,11TH DEMOCRATIC DELEGATE,G,5,26625,111,CAROL DI,KLOBUCHAR,COLA,KANE,DEMOCRATIC,138,4704,DEM
GP 2020,11TH DEMOCRATIC DELEGATE,G,5,26625,111,CAROL DI,KLOBUCHAR,COLA,WILL,DEMOCRATIC,549,4705,DEM
GP 2020,11TH DEMOCRATIC DELEGATE,G,5,26625,111,CAROL DI,KLOBUCHAR,COLA,KENDALL,DEMOCRATIC,37,4706,DEM
GP 2020,11TH DEMOCRATIC DELEGATE,G,5,26625,111,CAROL DI,KLOBUCHAR,COLA,DuPAGE,DEMOCRATIC,440,4707,DEM
GP 2020,11TH DEMOCRATIC DELEGATE,G,5,26625,111,CAROL DI,KLOBUCHAR,COLA,COOK,DEMOCRATIC,21,4708,DEM
GP 2020,11TH DEMOCRATIC DELEGATE,G,5,26626,111,LOUISE M.,KLOBUCHAR,MILLER,KANE,DEMOCRATIC,145,4709,DEM
GP 2020,11TH DEMOCRATIC DELEGATE,G,5,26626,111,LOUISE M.,KLOBUCHAR,MILLER,WILL,DEMOCRATIC,607,4710,DEM
GP 2020,11TH DEMOCRATIC DELEGATE,G,5,26626,111,LOUISE M.,KLOBUCHAR,MILLER,KENDALL,DEMOCRATIC,35,4711,DEM
GP 2020,11TH DEMOCRATIC DELEGATE,G,5,26626,111,LOUISE M.,KLOBUCHAR,MILLER,DuPAGE,DEMOCRATIC,388,4712,DEM
GP 2020,11TH DEMOCRATIC DELEGATE,G,5,26626,111,LOUISE M.,KLOBUCHAR,MILLER,COOK,DEMOCRATIC,14,4713,DEM
GP 2020,11TH DEMOCRATIC DELEGATE,G,5,26627,111,NANCY L.,KLOBUCHAR,STASZAK,KANE,DEMOCRATIC,168,4714,DEM
GP 2020,11TH DEMOCRATIC DELEGATE,G,5,26627,111,NANCY L.,KLOBUCHAR,STASZAK,WILL,DEMOCRATIC,1009,4715,DEM
GP 2020,11TH DEMOCRATIC DELEGATE,G,5,26627,111,NANCY L.,KLOBUCHAR,STASZAK,KENDALL,DEMOCRATIC,41,4716,DEM
GP 2020,11TH DEMOCRATIC DELEGATE,G,5,26627,111,NANCY L.,KLOBUCHAR,STASZAK,DuPAGE,DEMOCRATIC,561,4717,DEM
GP 2020,11TH DEMOCRATIC DELEGATE,G,5,26627,111,NANCY L.,KLOBUCHAR,STASZAK,COOK,DEMOCRATIC,16,4718,DEM
GP 2020,11TH DEMOCRATIC DELEGATE,G,5,26405,111,MAGGIE,SANDERS,WUNDERLY,KANE,DEMOCRATIC,2358,4719,DEM
GP 2020,11TH DEMOCRATIC DELEGATE,G,5,26405,111,MAGGIE,SANDERS,WUNDERLY,WILL,DEMOCRATIC,10006,4720,DEM
GP 2020,11TH DEMOCRATIC DELEGATE,G,5,26405,111,MAGGIE,SANDERS,WUNDERLY,KENDALL,DEMOCRATIC,1120,4721,DEM
GP 2020,11TH DEMOCRATIC DELEGATE,G,5,26405,111,MAGGIE,SANDERS,WUNDERLY,DuPAGE,DEMOCRATIC,7555,4722,DEM
GP 2020,11TH DEMOCRATIC DELEGATE,G,5,26405,111,MAGGIE,SANDERS,WUNDERLY,COOK,DEMOCRATIC,175,4723,DEM
GP 2020,11TH DEMOCRATIC DELEGATE,G,5,26406,111,MARY ANNE,SANDERS,CUMMINGS,KANE,DEMOCRATIC,2617,4724,DEM
GP 2020,11TH DEMOCRATIC DELEGATE,G,5,26406,111,MARY ANNE,SANDERS,CUMMINGS,WILL,DEMOCRATIC,10448,4725,DEM
GP 2020,11TH DEMOCRATIC DELEGATE,G,5,26406,111,MARY ANNE,SANDERS,CUMMINGS,KENDALL,DEMOCRATIC,1181,4726,DEM
GP 2020,11TH DEMOCRATIC DELEGATE,G,5,26406,111,MARY ANNE,SANDERS,CUMMINGS,DuPAGE,DEMOCRATIC,7708,4727,DEM
GP 2020,11TH DEMOCRATIC DELEGATE,G,5,26406,111,MARY ANNE,SANDERS,CUMMINGS,COOK,DEMOCRATIC,181,4728,DEM
GP 2020,11TH DEMOCRATIC DELEGATE,G,5,26407,111,"CASILDO ""CASEY""",SANDERS,CUEVAS,KENDALL,DEMOCRATIC,1089,4729,DEM
GP 2020,11TH DEMOCRATIC DELEGATE,G,5,26407,111,"CASILDO ""CASEY""",SANDERS,CUEVAS,DuPAGE,DEMOCRATIC,7024,4730,DEM
GP 2020,11TH DEMOCRATIC DELEGATE,G,5,26407,111,"CASILDO ""CASEY""",SANDERS,CUEVAS,COOK,DEMOCRATIC,170,4731,DEM
GP 2020,11TH DEMOCRATIC DELEGATE,G,5,26407,111,"CASILDO ""CASEY""",SANDERS,CUEVAS,KANE,DEMOCRATIC,2461,4732,DEM
GP 2020,11TH DEMOCRATIC DELEGATE,G,5,26407,111,"CASILDO ""CASEY""",SANDERS,CUEVAS,WILL,DEMOCRATIC,9712,4733,DEM
GP 2020,11TH DEMOCRATIC DELEGATE,G,5,26035,111,EMMANUEL S.,BIDEN,LlAMAS,KANE,DEMOCRATIC,3450,4734,DEM
GP 2020,11TH DEMOCRATIC DELEGATE,G,5,26035,111,EMMANUEL S.,BIDEN,LlAMAS,WILL,DEMOCRATIC,16159,4735,DEM
GP 2020,11TH DEMOCRATIC DELEGATE,G,5,26035,111,EMMANUEL S.,BIDEN,LlAMAS,KENDALL,DEMOCRATIC,1944,4736,DEM
GP 2020,11TH DEMOCRATIC DELEGATE,G,5,26035,111,EMMANUEL S.,BIDEN,LlAMAS,DuPAGE,DEMOCRATIC,13852,4737,DEM
GP 2020,11TH DEMOCRATIC DELEGATE,G,5,26035,111,EMMANUEL S.,BIDEN,LlAMAS,COOK,DEMOCRATIC,424,4738,DEM
GP 2020,11TH DEMOCRATIC DELEGATE,G,5,26038,111,MARJORIE,BIDEN,LOGMAN,KANE,DEMOCRATIC,3209,4739,DEM
GP 2020,11TH DEMOCRATIC DELEGATE,G,5,26038,111,MARJORIE,BIDEN,LOGMAN,WILL,DEMOCRATIC,16617,4740,DEM
GP 2020,11TH DEMOCRATIC DELEGATE,G,5,26038,111,MARJORIE,BIDEN,LOGMAN,KENDALL,DEMOCRATIC,1919,4741,DEM
GP 2020,11TH DEMOCRATIC DELEGATE,G,5,26038,111,MARJORIE,BIDEN,LOGMAN,DuPAGE,DEMOCRATIC,14225,4742,DEM
GP 2020,11TH DEMOCRATIC DELEGATE,G,5,26038,111,MARJORIE,BIDEN,LOGMAN,COOK,DEMOCRATIC,426,4743,DEM
GP 2020,11TH DEMOCRATIC DELEGATE,G,5,26036,111,GEORGINA,BIDEN,POOLE,KANE,DEMOCRATIC,4111,4744,DEM
GP 2020,11TH DEMOCRATIC DELEGATE,G,5,26036,111,GEORGINA,BIDEN,POOLE,WILL,DEMOCRATIC,16958,4745,DEM
GP 2020,11TH DEMOCRATIC DELEGATE,G,5,26036,111,GEORGINA,BIDEN,POOLE,KENDALL,DEMOCRATIC,2073,4746,DEM
GP 2020,11TH DEMOCRATIC DELEGATE,G,5,26036,111,GEORGINA,BIDEN,POOLE,DuPAGE,DEMOCRATIC,14490,4747,DEM
GP 2020,11TH DEMOCRATIC DELEGATE,G,5,26036,111,GEORGINA,BIDEN,POOLE,COOK,DEMOCRATIC,442,4748,DEM
GP 2020,11TH DEMOCRATIC DELEGATE,G,5,26037,111,KEN,BIDEN,HARRIS,KENDALL,DEMOCRATIC,1972,4749,DEM
GP 2020,11TH DEMOCRATIC DELEGATE,G,5,26037,111,KEN,BIDEN,HARRIS,DuPAGE,DEMOCRATIC,14056,4750,DEM
GP 2020,11TH DEMOCRATIC DELEGATE,G,5,26037,111,KEN,BIDEN,HARRIS,COOK,DEMOCRATIC,428,4751,DEM
GP 2020,11TH DEMOCRATIC DELEGATE,G,5,26037,111,KEN,BIDEN,HARRIS,KANE,DEMOCRATIC,3747,4752,DEM
GP 2020,11TH DEMOCRATIC DELEGATE,G,5,26037,111,KEN,BIDEN,HARRIS,WILL,DEMOCRATIC,17372,4753,DEM
GP 2020,11TH DEMOCRATIC DELEGATE,G,5,26039,111,LAUREN STALEY,BIDEN,FERRY,KANE,DEMOCRATIC,3155,4754,DEM
GP 2020,11TH DEMOCRATIC DELEGATE,G,5,26039,111,LAUREN STALEY,BIDEN,FERRY,WILL,DEMOCRATIC,17787,4755,DEM
GP 2020,11TH DEMOCRATIC DELEGATE,G,5,26039,111,LAUREN STALEY,BIDEN,FERRY,KENDALL,DEMOCRATIC,1894,4756,DEM
GP 2020,11TH DEMOCRATIC DELEGATE,G,5,26039,111,LAUREN STALEY,BIDEN,FERRY,DuPAGE,DEMOCRATIC,14165,4757,DEM
GP 2020,11TH DEMOCRATIC DELEGATE,G,5,26039,111,LAUREN STALEY,BIDEN,FERRY,COOK,DEMOCRATIC,424,4758,DEM
GP 2020,11TH DEMOCRATIC DELEGATE,G,5,26403,111,KRYSTAL GARCIA,SANDERS,CENTENO,KANE,DEMOCRATIC,2748,4759,DEM
GP 2020,11TH DEMOCRATIC DELEGATE,G,5,26403,111,KRYSTAL GARCIA,SANDERS,CENTENO,WILL,DEMOCRATIC,10837,4760,DEM
GP 2020,11TH DEMOCRATIC DELEGATE,G,5,26403,111,KRYSTAL GARCIA,SANDERS,CENTENO,KENDALL,DEMOCRATIC,1272,4761,DEM
GP 2020,11TH DEMOCRATIC DELEGATE,G,5,26403,111,KRYSTAL GARCIA,SANDERS,CENTENO,DuPAGE,DEMOCRATIC,7825,4762,DEM
GP 2020,11TH DEMOCRATIC DELEGATE,G,5,26403,111,KRYSTAL GARCIA,SANDERS,CENTENO,COOK,DEMOCRATIC,176,4763,DEM
GP 2020,11TH DEMOCRATIC DELEGATE,G,5,26408,111,RICHARD,SANDERS,RODRIGUEZ,DuPAGE,DEMOCRATIC,6907,4764,DEM
GP 2020,11TH DEMOCRATIC DELEGATE,G,5,26408,111,RICHARD,SANDERS,RODRIGUEZ,COOK,DEMOCRATIC,170,4765,DEM
GP 2020,11TH DEMOCRATIC DELEGATE,G,5,26408,111,RICHARD,SANDERS,RODRIGUEZ,KANE,DEMOCRATIC,2597,4766,DEM
GP 2020,11TH DEMOCRATIC DELEGATE,G,5,26408,111,RICHARD,SANDERS,RODRIGUEZ,WILL,DEMOCRATIC,9936,4767,DEM
GP 2020,11TH DEMOCRATIC DELEGATE,G,5,26408,111,RICHARD,SANDERS,RODRIGUEZ,KENDALL,DEMOCRATIC,1084,4768,DEM
GP 2020,COOK - 3RD SUBCIRCUIT - FILAN VACANCY,LC,1,25517,305,DANIEL EDWARD,,MALONEY,COOK,DEMOCRATIC,53140,4769,DEM
GP 2020,11TH REPUBLICAN DELEGATE,G,3,26341,111,ROGER,TRUMP,CLAAR,KANE,REPUBLICAN,1673,4770,REP
GP 2020,11TH REPUBLICAN DELEGATE,G,3,26341,111,ROGER,TRUMP,CLAAR,WILL,REPUBLICAN,8508,4771,REP
GP 2020,11TH REPUBLICAN DELEGATE,G,3,26341,111,ROGER,TRUMP,CLAAR,KENDALL,REPUBLICAN,1199,4772,REP
GP 2020,11TH REPUBLICAN DELEGATE,G,3,26341,111,ROGER,TRUMP,CLAAR,DuPAGE,REPUBLICAN,6420,4773,REP
GP 2020,11TH REPUBLICAN DELEGATE,G,3,26341,111,ROGER,TRUMP,CLAAR,COOK,REPUBLICAN,249,4774,REP
GP 2020,11TH REPUBLICAN DELEGATE,G,3,26342,111,MICHELLE,TRUMP,SMITH,KANE,REPUBLICAN,1691,4775,REP
GP 2020,11TH REPUBLICAN DELEGATE,G,3,26342,111,MICHELLE,TRUMP,SMITH,WILL,REPUBLICAN,7653,4776,REP
GP 2020,11TH REPUBLICAN DELEGATE,G,3,26342,111,MICHELLE,TRUMP,SMITH,KENDALL,REPUBLICAN,1297,4777,REP
GP 2020,11TH REPUBLICAN DELEGATE,G,3,26342,111,MICHELLE,TRUMP,SMITH,DuPAGE,REPUBLICAN,6342,4778,REP
GP 2020,11TH REPUBLICAN DELEGATE,G,3,26342,111,MICHELLE,TRUMP,SMITH,COOK,REPUBLICAN,247,4779,REP
GP 2020,11TH REPUBLICAN DELEGATE,G,3,26343,111,RAQUEL,TRUMP,MITCHELL,KANE,REPUBLICAN,1438,4780,REP
GP 2020,11TH REPUBLICAN DELEGATE,G,3,26343,111,RAQUEL,TRUMP,MITCHELL,WILL,REPUBLICAN,6622,4781,REP
GP 2020,11TH REPUBLICAN DELEGATE,G,3,26343,111,RAQUEL,TRUMP,MITCHELL,KENDALL,REPUBLICAN,1034,4782,REP
GP 2020,11TH REPUBLICAN DELEGATE,G,3,26343,111,RAQUEL,TRUMP,MITCHELL,DuPAGE,REPUBLICAN,5619,4783,REP
GP 2020,11TH REPUBLICAN DELEGATE,G,3,26343,111,RAQUEL,TRUMP,MITCHELL,COOK,REPUBLICAN,226,4784,REP
GP 2020,11TH REPUBLICAN ALTERNATE DELEGATE,G,3,26344,211,LAURA,TRUMP,KOCHAN,KANE,REPUBLICAN,1767,4785,REP
GP 2020,11TH REPUBLICAN ALTERNATE DELEGATE,G,3,26344,211,LAURA,TRUMP,KOCHAN,WILL,REPUBLICAN,8140,4786,REP
GP 2020,11TH REPUBLICAN ALTERNATE DELEGATE,G,3,26344,211,LAURA,TRUMP,KOCHAN,KENDALL,REPUBLICAN,1315,4787,REP
GP 2020,11TH REPUBLICAN ALTERNATE DELEGATE,G,3,26344,211,LAURA,TRUMP,KOCHAN,DuPAGE,REPUBLICAN,6514,4788,REP
GP 2020,11TH REPUBLICAN ALTERNATE DELEGATE,G,3,26344,211,LAURA,TRUMP,KOCHAN,COOK,REPUBLICAN,244,4789,REP
GP 2020,11TH REPUBLICAN ALTERNATE DELEGATE,G,3,26346,211,CARL,TRUMP,MILLER,KANE,REPUBLICAN,1444,4790,REP
GP 2020,11TH REPUBLICAN ALTERNATE DELEGATE,G,3,26346,211,CARL,TRUMP,MILLER,WILL,REPUBLICAN,7014,4791,REP
GP 2020,11TH REPUBLICAN ALTERNATE DELEGATE,G,3,26346,211,CARL,TRUMP,MILLER,KENDALL,REPUBLICAN,1080,4792,REP
GP 2020,11TH REPUBLICAN ALTERNATE DELEGATE,G,3,26346,211,CARL,TRUMP,MILLER,DuPAGE,REPUBLICAN,5737,4793,REP
GP 2020,11TH REPUBLICAN ALTERNATE DELEGATE,G,3,26346,211,CARL,TRUMP,MILLER,COOK,REPUBLICAN,226,4794,REP
GP 2020,11TH REPUBLICAN ALTERNATE DELEGATE,G,3,26345,211,DOMINICK,TRUMP,STELLA,KANE,REPUBLICAN,1420,4795,REP
GP 2020,11TH REPUBLICAN ALTERNATE DELEGATE,G,3,26345,211,DOMINICK,TRUMP,STELLA,WILL,REPUBLICAN,7048,4796,REP
GP 2020,11TH REPUBLICAN ALTERNATE DELEGATE,G,3,26345,211,DOMINICK,TRUMP,STELLA,KENDALL,REPUBLICAN,1020,4797,REP
GP 2020,11TH REPUBLICAN ALTERNATE DELEGATE,G,3,26345,211,DOMINICK,TRUMP,STELLA,DuPAGE,REPUBLICAN,5740,4798,REP
GP 2020,11TH REPUBLICAN ALTERNATE DELEGATE,G,3,26345,211,DOMINICK,TRUMP,STELLA,COOK,REPUBLICAN,227,4799,REP
GP 2020,COOK - 3RD SUBCIRCUIT - MURPHY VACANCY,LC,1,25747,315,THOMAS G.,,O'BRIEN,COOK,DEMOCRATIC,20073,4800,DEM
GP 2020,COOK - 3RD SUBCIRCUIT - MURPHY VACANCY,LC,1,25708,315,ERIN,,HAGGERTY ANTONIETTI,COOK,DEMOCRATIC,38567,4801,DEM
GP 2020,12TH DEMOCRATIC DELEGATE,G,5,26544,112,LYNNE,SANDERS,SCHWARTZHOFF,PERRY,DEMOCRATIC,244,4802,DEM
GP 2020,12TH DEMOCRATIC DELEGATE,G,5,26544,112,LYNNE,SANDERS,SCHWARTZHOFF,RANDOLPH,DEMOCRATIC,345,4803,DEM
GP 2020,12TH DEMOCRATIC DELEGATE,G,5,26544,112,LYNNE,SANDERS,SCHWARTZHOFF,WILLIAMSON,DEMOCRATIC,1020,4804,DEM
GP 2020,12TH DEMOCRATIC DELEGATE,G,5,26544,112,LYNNE,SANDERS,SCHWARTZHOFF,JEFFERSON,DEMOCRATIC,416,4805,DEM
GP 2020,12TH DEMOCRATIC DELEGATE,G,5,26544,112,LYNNE,SANDERS,SCHWARTZHOFF,PULASKI,DEMOCRATIC,55,4806,DEM
GP 2020,12TH DEMOCRATIC DELEGATE,G,5,26544,112,LYNNE,SANDERS,SCHWARTZHOFF,UNION,DEMOCRATIC,337,4807,DEM
GP 2020,12TH DEMOCRATIC DELEGATE,G,5,26544,112,LYNNE,SANDERS,SCHWARTZHOFF,MADISON,DEMOCRATIC,2319,4808,DEM
GP 2020,12TH DEMOCRATIC DELEGATE,G,5,26544,112,LYNNE,SANDERS,SCHWARTZHOFF,ST. CLAIR,DEMOCRATIC,5373,4809,DEM
GP 2020,12TH DEMOCRATIC DELEGATE,G,5,26544,112,LYNNE,SANDERS,SCHWARTZHOFF,MONROE,DEMOCRATIC,646,4810,DEM
GP 2020,12TH DEMOCRATIC DELEGATE,G,5,26544,112,LYNNE,SANDERS,SCHWARTZHOFF,FRANKLIN,DEMOCRATIC,552,4811,DEM
GP 2020,12TH DEMOCRATIC DELEGATE,G,5,26544,112,LYNNE,SANDERS,SCHWARTZHOFF,ALEXANDER,DEMOCRATIC,74,4812,DEM
GP 2020,12TH DEMOCRATIC DELEGATE,G,5,26544,112,LYNNE,SANDERS,SCHWARTZHOFF,JACKSON,DEMOCRATIC,2127,4813,DEM
GP 2020,12TH DEMOCRATIC DELEGATE,G,5,26546,112,MATT,SANDERS,WELSER,ST. CLAIR,DEMOCRATIC,4639,4814,DEM
GP 2020,12TH DEMOCRATIC DELEGATE,G,5,26546,112,MATT,SANDERS,WELSER,MONROE,DEMOCRATIC,509,4815,DEM
GP 2020,12TH DEMOCRATIC DELEGATE,G,5,26546,112,MATT,SANDERS,WELSER,FRANKLIN,DEMOCRATIC,496,4816,DEM
GP 2020,12TH DEMOCRATIC DELEGATE,G,5,26546,112,MATT,SANDERS,WELSER,ALEXANDER,DEMOCRATIC,63,4817,DEM
GP 2020,12TH DEMOCRATIC DELEGATE,G,5,26546,112,MATT,SANDERS,WELSER,JACKSON,DEMOCRATIC,1891,4818,DEM
GP 2020,12TH DEMOCRATIC DELEGATE,G,5,26546,112,MATT,SANDERS,WELSER,UNION,DEMOCRATIC,321,4819,DEM
GP 2020,12TH DEMOCRATIC DELEGATE,G,5,26546,112,MATT,SANDERS,WELSER,PERRY,DEMOCRATIC,219,4820,DEM
GP 2020,12TH DEMOCRATIC DELEGATE,G,5,26546,112,MATT,SANDERS,WELSER,RANDOLPH,DEMOCRATIC,270,4821,DEM
GP 2020,12TH DEMOCRATIC DELEGATE,G,5,26546,112,MATT,SANDERS,WELSER,WILLIAMSON,DEMOCRATIC,815,4822,DEM
GP 2020,12TH DEMOCRATIC DELEGATE,G,5,26546,112,MATT,SANDERS,WELSER,JEFFERSON,DEMOCRATIC,337,4823,DEM
GP 2020,12TH DEMOCRATIC DELEGATE,G,5,26546,112,MATT,SANDERS,WELSER,PULASKI,DEMOCRATIC,50,4824,DEM
GP 2020,12TH DEMOCRATIC DELEGATE,G,5,26546,112,MATT,SANDERS,WELSER,MADISON,DEMOCRATIC,1980,4825,DEM
GP 2020,12TH DEMOCRATIC DELEGATE,G,5,26547,112,NATHANIEL M.,SANDERS,KEENER,PERRY,DEMOCRATIC,202,4826,DEM
GP 2020,12TH DEMOCRATIC DELEGATE,G,5,26547,112,NATHANIEL M.,SANDERS,KEENER,RANDOLPH,DEMOCRATIC,267,4827,DEM
GP 2020,12TH DEMOCRATIC DELEGATE,G,5,26547,112,NATHANIEL M.,SANDERS,KEENER,WILLIAMSON,DEMOCRATIC,765,4828,DEM
GP 2020,12TH DEMOCRATIC DELEGATE,G,5,26547,112,NATHANIEL M.,SANDERS,KEENER,ALEXANDER,DEMOCRATIC,55,4829,DEM
GP 2020,12TH DEMOCRATIC DELEGATE,G,5,26547,112,NATHANIEL M.,SANDERS,KEENER,JACKSON,DEMOCRATIC,1767,4830,DEM
GP 2020,12TH DEMOCRATIC DELEGATE,G,5,26547,112,NATHANIEL M.,SANDERS,KEENER,UNION,DEMOCRATIC,286,4831,DEM
GP 2020,12TH DEMOCRATIC DELEGATE,G,5,26547,112,NATHANIEL M.,SANDERS,KEENER,JEFFERSON,DEMOCRATIC,312,4832,DEM
GP 2020,12TH DEMOCRATIC DELEGATE,G,5,26547,112,NATHANIEL M.,SANDERS,KEENER,PULASKI,DEMOCRATIC,48,4833,DEM
GP 2020,12TH DEMOCRATIC DELEGATE,G,5,26547,112,NATHANIEL M.,SANDERS,KEENER,MADISON,DEMOCRATIC,1810,4834,DEM
GP 2020,12TH DEMOCRATIC DELEGATE,G,5,26547,112,NATHANIEL M.,SANDERS,KEENER,ST. CLAIR,DEMOCRATIC,4453,4835,DEM
GP 2020,12TH DEMOCRATIC DELEGATE,G,5,26547,112,NATHANIEL M.,SANDERS,KEENER,MONROE,DEMOCRATIC,468,4836,DEM
GP 2020,12TH DEMOCRATIC DELEGATE,G,5,26547,112,NATHANIEL M.,SANDERS,KEENER,FRANKLIN,DEMOCRATIC,477,4837,DEM
GP 2020,12TH DEMOCRATIC DELEGATE,G,5,26567,112,PHILLIP,WARREN,MATTHEWS,PERRY,DEMOCRATIC,31,4838,DEM
GP 2020,12TH DEMOCRATIC DELEGATE,G,5,26567,112,PHILLIP,WARREN,MATTHEWS,MONROE,DEMOCRATIC,83,4839,DEM
GP 2020,12TH DEMOCRATIC DELEGATE,G,5,26567,112,PHILLIP,WARREN,MATTHEWS,FRANKLIN,DEMOCRATIC,70,4840,DEM
GP 2020,12TH DEMOCRATIC DELEGATE,G,5,26567,112,PHILLIP,WARREN,MATTHEWS,ALEXANDER,DEMOCRATIC,97,4841,DEM
GP 2020,12TH DEMOCRATIC DELEGATE,G,5,26567,112,PHILLIP,WARREN,MATTHEWS,JACKSON,DEMOCRATIC,229,4842,DEM
GP 2020,12TH DEMOCRATIC DELEGATE,G,5,26567,112,PHILLIP,WARREN,MATTHEWS,UNION,DEMOCRATIC,48,4843,DEM
GP 2020,12TH DEMOCRATIC DELEGATE,G,5,26567,112,PHILLIP,WARREN,MATTHEWS,RANDOLPH,DEMOCRATIC,60,4844,DEM
GP 2020,12TH DEMOCRATIC DELEGATE,G,5,26567,112,PHILLIP,WARREN,MATTHEWS,WILLIAMSON,DEMOCRATIC,94,4845,DEM
GP 2020,12TH DEMOCRATIC DELEGATE,G,5,26567,112,PHILLIP,WARREN,MATTHEWS,JEFFERSON,DEMOCRATIC,41,4846,DEM
GP 2020,12TH DEMOCRATIC DELEGATE,G,5,26567,112,PHILLIP,WARREN,MATTHEWS,PULASKI,DEMOCRATIC,22,4847,DEM
GP 2020,12TH DEMOCRATIC DELEGATE,G,5,26567,112,PHILLIP,WARREN,MATTHEWS,MADISON,DEMOCRATIC,247,4848,DEM
GP 2020,12TH DEMOCRATIC DELEGATE,G,5,26567,112,PHILLIP,WARREN,MATTHEWS,ST. CLAIR,DEMOCRATIC,644,4849,DEM
GP 2020,12TH DEMOCRATIC DELEGATE,G,5,26568,112,KERRY,WARREN,WARREN-COUCH,PERRY,DEMOCRATIC,25,4850,DEM
GP 2020,12TH DEMOCRATIC DELEGATE,G,5,26568,112,KERRY,WARREN,WARREN-COUCH,RANDOLPH,DEMOCRATIC,53,4851,DEM
GP 2020,12TH DEMOCRATIC DELEGATE,G,5,26568,112,KERRY,WARREN,WARREN-COUCH,FRANKLIN,DEMOCRATIC,77,4852,DEM
GP 2020,12TH DEMOCRATIC DELEGATE,G,5,26568,112,KERRY,WARREN,WARREN-COUCH,ALEXANDER,DEMOCRATIC,8,4853,DEM
GP 2020,12TH DEMOCRATIC DELEGATE,G,5,26568,112,KERRY,WARREN,WARREN-COUCH,JACKSON,DEMOCRATIC,271,4854,DEM
GP 2020,12TH DEMOCRATIC DELEGATE,G,5,26568,112,KERRY,WARREN,WARREN-COUCH,UNION,DEMOCRATIC,42,4855,DEM
GP 2020,12TH DEMOCRATIC DELEGATE,G,5,26568,112,KERRY,WARREN,WARREN-COUCH,WILLIAMSON,DEMOCRATIC,117,4856,DEM
GP 2020,12TH DEMOCRATIC DELEGATE,G,5,26568,112,KERRY,WARREN,WARREN-COUCH,JEFFERSON,DEMOCRATIC,53,4857,DEM
GP 2020,12TH DEMOCRATIC DELEGATE,G,5,26568,112,KERRY,WARREN,WARREN-COUCH,PULASKI,DEMOCRATIC,10,4858,DEM
GP 2020,12TH DEMOCRATIC DELEGATE,G,5,26568,112,KERRY,WARREN,WARREN-COUCH,MADISON,DEMOCRATIC,291,4859,DEM
GP 2020,12TH DEMOCRATIC DELEGATE,G,5,26568,112,KERRY,WARREN,WARREN-COUCH,ST. CLAIR,DEMOCRATIC,799,4860,DEM
GP 2020,12TH DEMOCRATIC DELEGATE,G,5,26568,112,KERRY,WARREN,WARREN-COUCH,MONROE,DEMOCRATIC,96,4861,DEM
GP 2020,12TH DEMOCRATIC DELEGATE,G,5,26569,112,ANDREW,WARREN,LOPINOT,PERRY,DEMOCRATIC,25,4862,DEM
GP 2020,12TH DEMOCRATIC DELEGATE,G,5,26569,112,ANDREW,WARREN,LOPINOT,RANDOLPH,DEMOCRATIC,43,4863,DEM
GP 2020,12TH DEMOCRATIC DELEGATE,G,5,26569,112,ANDREW,WARREN,LOPINOT,WILLIAMSON,DEMOCRATIC,75,4864,DEM
GP 2020,12TH DEMOCRATIC DELEGATE,G,5,26569,112,ANDREW,WARREN,LOPINOT,JEFFERSON,DEMOCRATIC,34,4865,DEM
GP 2020,12TH DEMOCRATIC DELEGATE,G,5,26569,112,ANDREW,WARREN,LOPINOT,JACKSON,DEMOCRATIC,156,4866,DEM
GP 2020,12TH DEMOCRATIC DELEGATE,G,5,26569,112,ANDREW,WARREN,LOPINOT,UNION,DEMOCRATIC,33,4867,DEM
GP 2020,12TH DEMOCRATIC DELEGATE,G,5,26569,112,ANDREW,WARREN,LOPINOT,PULASKI,DEMOCRATIC,10,4868,DEM
GP 2020,12TH DEMOCRATIC DELEGATE,G,5,26569,112,ANDREW,WARREN,LOPINOT,MADISON,DEMOCRATIC,179,4869,DEM
GP 2020,12TH DEMOCRATIC DELEGATE,G,5,26569,112,ANDREW,WARREN,LOPINOT,ST. CLAIR,DEMOCRATIC,1266,4870,DEM
GP 2020,12TH DEMOCRATIC DELEGATE,G,5,26569,112,ANDREW,WARREN,LOPINOT,MONROE,DEMOCRATIC,93,4871,DEM
GP 2020,12TH DEMOCRATIC DELEGATE,G,5,26569,112,ANDREW,WARREN,LOPINOT,FRANKLIN,DEMOCRATIC,48,4872,DEM
GP 2020,12TH DEMOCRATIC DELEGATE,G,5,26569,112,ANDREW,WARREN,LOPINOT,ALEXANDER,DEMOCRATIC,9,4873,DEM
GP 2020,12TH DEMOCRATIC DELEGATE,G,5,26570,112,ELIZABETH,WARREN,HUNTER,PERRY,DEMOCRATIC,54,4874,DEM
GP 2020,12TH DEMOCRATIC DELEGATE,G,5,26570,112,ELIZABETH,WARREN,HUNTER,RANDOLPH,DEMOCRATIC,100,4875,DEM
GP 2020,12TH DEMOCRATIC DELEGATE,G,5,26570,112,ELIZABETH,WARREN,HUNTER,WILLIAMSON,DEMOCRATIC,200,4876,DEM
GP 2020,12TH DEMOCRATIC DELEGATE,G,5,26570,112,ELIZABETH,WARREN,HUNTER,JEFFERSON,DEMOCRATIC,109,4877,DEM
GP 2020,12TH DEMOCRATIC DELEGATE,G,5,26570,112,ELIZABETH,WARREN,HUNTER,PULASKI,DEMOCRATIC,32,4878,DEM
GP 2020,12TH DEMOCRATIC DELEGATE,G,5,26570,112,ELIZABETH,WARREN,HUNTER,MADISON,DEMOCRATIC,564,4879,DEM
GP 2020,12TH DEMOCRATIC DELEGATE,G,5,26570,112,ELIZABETH,WARREN,HUNTER,ST. CLAIR,DEMOCRATIC,1401,4880,DEM
GP 2020,12TH DEMOCRATIC DELEGATE,G,5,26570,112,ELIZABETH,WARREN,HUNTER,MONROE,DEMOCRATIC,166,4881,DEM
GP 2020,12TH DEMOCRATIC DELEGATE,G,5,26570,112,ELIZABETH,WARREN,HUNTER,FRANKLIN,DEMOCRATIC,108,4882,DEM
GP 2020,12TH DEMOCRATIC DELEGATE,G,5,26570,112,ELIZABETH,WARREN,HUNTER,ALEXANDER,DEMOCRATIC,22,4883,DEM
GP 2020,12TH DEMOCRATIC DELEGATE,G,5,26570,112,ELIZABETH,WARREN,HUNTER,JACKSON,DEMOCRATIC,494,4884,DEM
GP 2020,12TH DEMOCRATIC DELEGATE,G,5,26570,112,ELIZABETH,WARREN,HUNTER,UNION,DEMOCRATIC,73,4885,DEM
GP 2020,12TH DEMOCRATIC DELEGATE,G,5,26571,112,CHRISTOPHER,WARREN,BAKER,PERRY,DEMOCRATIC,25,4886,DEM
GP 2020,12TH DEMOCRATIC DELEGATE,G,5,26571,112,CHRISTOPHER,WARREN,BAKER,RANDOLPH,DEMOCRATIC,47,4887,DEM
GP 2020,12TH DEMOCRATIC DELEGATE,G,5,26571,112,CHRISTOPHER,WARREN,BAKER,WILLIAMSON,DEMOCRATIC,90,4888,DEM
GP 2020,12TH DEMOCRATIC DELEGATE,G,5,26571,112,CHRISTOPHER,WARREN,BAKER,JEFFERSON,DEMOCRATIC,46,4889,DEM
GP 2020,12TH DEMOCRATIC DELEGATE,G,5,26571,112,CHRISTOPHER,WARREN,BAKER,PULASKI,DEMOCRATIC,12,4890,DEM
GP 2020,12TH DEMOCRATIC DELEGATE,G,5,26571,112,CHRISTOPHER,WARREN,BAKER,MADISON,DEMOCRATIC,196,4891,DEM
GP 2020,12TH DEMOCRATIC DELEGATE,G,5,26571,112,CHRISTOPHER,WARREN,BAKER,ST. CLAIR,DEMOCRATIC,546,4892,DEM
GP 2020,12TH DEMOCRATIC DELEGATE,G,5,26571,112,CHRISTOPHER,WARREN,BAKER,MONROE,DEMOCRATIC,69,4893,DEM
GP 2020,12TH DEMOCRATIC DELEGATE,G,5,26571,112,CHRISTOPHER,WARREN,BAKER,FRANKLIN,DEMOCRATIC,56,4894,DEM
GP 2020,12TH DEMOCRATIC DELEGATE,G,5,26571,112,CHRISTOPHER,WARREN,BAKER,ALEXANDER,DEMOCRATIC,14,4895,DEM
GP 2020,12TH DEMOCRATIC DELEGATE,G,5,26571,112,CHRISTOPHER,WARREN,BAKER,JACKSON,DEMOCRATIC,181,4896,DEM
GP 2020,12TH DEMOCRATIC DELEGATE,G,5,26571,112,CHRISTOPHER,WARREN,BAKER,UNION,DEMOCRATIC,31,4897,DEM
GP 2020,12TH DEMOCRATIC DELEGATE,G,5,26586,112,LINDA,KLOBUCHAR,YORK,PERRY,DEMOCRATIC,52,4898,DEM
GP 2020,12TH DEMOCRATIC DELEGATE,G,5,26586,112,LINDA,KLOBUCHAR,YORK,MONROE,DEMOCRATIC,113,4899,DEM
GP 2020,12TH DEMOCRATIC DELEGATE,G,5,26586,112,LINDA,KLOBUCHAR,YORK,FRANKLIN,DEMOCRATIC,95,4900,DEM
GP 2020,12TH DEMOCRATIC DELEGATE,G,5,26586,112,LINDA,KLOBUCHAR,YORK,ALEXANDER,DEMOCRATIC,8,4901,DEM
GP 2020,12TH DEMOCRATIC DELEGATE,G,5,26586,112,LINDA,KLOBUCHAR,YORK,JACKSON,DEMOCRATIC,230,4902,DEM
GP 2020,12TH DEMOCRATIC DELEGATE,G,5,26586,112,LINDA,KLOBUCHAR,YORK,UNION,DEMOCRATIC,44,4903,DEM
GP 2020,12TH DEMOCRATIC DELEGATE,G,5,26586,112,LINDA,KLOBUCHAR,YORK,RANDOLPH,DEMOCRATIC,87,4904,DEM
GP 2020,12TH DEMOCRATIC DELEGATE,G,5,26586,112,LINDA,KLOBUCHAR,YORK,WILLIAMSON,DEMOCRATIC,141,4905,DEM
GP 2020,12TH DEMOCRATIC DELEGATE,G,5,26586,112,LINDA,KLOBUCHAR,YORK,JEFFERSON,DEMOCRATIC,70,4906,DEM
GP 2020,12TH DEMOCRATIC DELEGATE,G,5,26586,112,LINDA,KLOBUCHAR,YORK,PULASKI,DEMOCRATIC,17,4907,DEM
GP 2020,12TH DEMOCRATIC DELEGATE,G,5,26586,112,LINDA,KLOBUCHAR,YORK,MADISON,DEMOCRATIC,396,4908,DEM
GP 2020,12TH DEMOCRATIC DELEGATE,G,5,26586,112,LINDA,KLOBUCHAR,YORK,ST. CLAIR,DEMOCRATIC,817,4909,DEM
GP 2020,12TH DEMOCRATIC DELEGATE,G,5,26588,112,BARBARA,KLOBUCHAR,BRUMFIELD,PERRY,DEMOCRATIC,51,4910,DEM
GP 2020,12TH DEMOCRATIC DELEGATE,G,5,26588,112,BARBARA,KLOBUCHAR,BRUMFIELD,RANDOLPH,DEMOCRATIC,79,4911,DEM
GP 2020,12TH DEMOCRATIC DELEGATE,G,5,26588,112,BARBARA,KLOBUCHAR,BRUMFIELD,WILLIAMSON,DEMOCRATIC,106,4912,DEM
GP 2020,12TH DEMOCRATIC DELEGATE,G,5,26588,112,BARBARA,KLOBUCHAR,BRUMFIELD,JEFFERSON,DEMOCRATIC,80,4913,DEM
GP 2020,12TH DEMOCRATIC DELEGATE,G,5,26588,112,BARBARA,KLOBUCHAR,BRUMFIELD,PULASKI,DEMOCRATIC,17,4914,DEM
GP 2020,12TH DEMOCRATIC DELEGATE,G,5,26588,112,BARBARA,KLOBUCHAR,BRUMFIELD,MADISON,DEMOCRATIC,409,4915,DEM
GP 2020,12TH DEMOCRATIC DELEGATE,G,5,26588,112,BARBARA,KLOBUCHAR,BRUMFIELD,ST. CLAIR,DEMOCRATIC,912,4916,DEM
GP 2020,12TH DEMOCRATIC DELEGATE,G,5,26588,112,BARBARA,KLOBUCHAR,BRUMFIELD,MONROE,DEMOCRATIC,100,4917,DEM
GP 2020,12TH DEMOCRATIC DELEGATE,G,5,26588,112,BARBARA,KLOBUCHAR,BRUMFIELD,FRANKLIN,DEMOCRATIC,100,4918,DEM
GP 2020,12TH DEMOCRATIC DELEGATE,G,5,26588,112,BARBARA,KLOBUCHAR,BRUMFIELD,ALEXANDER,DEMOCRATIC,17,4919,DEM
GP 2020,12TH DEMOCRATIC DELEGATE,G,5,26588,112,BARBARA,KLOBUCHAR,BRUMFIELD,JACKSON,DEMOCRATIC,234,4920,DEM
GP 2020,12TH DEMOCRATIC DELEGATE,G,5,26588,112,BARBARA,KLOBUCHAR,BRUMFIELD,UNION,DEMOCRATIC,56,4921,DEM
GP 2020,12TH DEMOCRATIC DELEGATE,G,5,26304,112,ALLAN,YANG,BLESSING,PERRY,DEMOCRATIC,97,4922,DEM
GP 2020,12TH DEMOCRATIC DELEGATE,G,5,26304,112,ALLAN,YANG,BLESSING,RANDOLPH,DEMOCRATIC,76,4923,DEM
GP 2020,12TH DEMOCRATIC DELEGATE,G,5,26304,112,ALLAN,YANG,BLESSING,WILLIAMSON,DEMOCRATIC,218,4924,DEM
GP 2020,12TH DEMOCRATIC DELEGATE,G,5,26304,112,ALLAN,YANG,BLESSING,JEFFERSON,DEMOCRATIC,126,4925,DEM
GP 2020,12TH DEMOCRATIC DELEGATE,G,5,26304,112,ALLAN,YANG,BLESSING,JACKSON,DEMOCRATIC,310,4926,DEM
GP 2020,12TH DEMOCRATIC DELEGATE,G,5,26304,112,ALLAN,YANG,BLESSING,UNION,DEMOCRATIC,64,4927,DEM
GP 2020,12TH DEMOCRATIC DELEGATE,G,5,26304,112,ALLAN,YANG,BLESSING,PULASKI,DEMOCRATIC,24,4928,DEM
GP 2020,12TH DEMOCRATIC DELEGATE,G,5,26304,112,ALLAN,YANG,BLESSING,MADISON,DEMOCRATIC,439,4929,DEM
GP 2020,12TH DEMOCRATIC DELEGATE,G,5,26304,112,ALLAN,YANG,BLESSING,ST. CLAIR,DEMOCRATIC,987,4930,DEM
GP 2020,12TH DEMOCRATIC DELEGATE,G,5,26304,112,ALLAN,YANG,BLESSING,MONROE,DEMOCRATIC,96,4931,DEM
GP 2020,12TH DEMOCRATIC DELEGATE,G,5,26304,112,ALLAN,YANG,BLESSING,FRANKLIN,DEMOCRATIC,95,4932,DEM
GP 2020,12TH DEMOCRATIC DELEGATE,G,5,26304,112,ALLAN,YANG,BLESSING,ALEXANDER,DEMOCRATIC,22,4933,DEM
GP 2020,12TH DEMOCRATIC DELEGATE,G,5,26121,112,SHERRY,BIDEN,TITE,PERRY,DEMOCRATIC,731,4934,DEM
GP 2020,12TH DEMOCRATIC DELEGATE,G,5,26121,112,SHERRY,BIDEN,TITE,RANDOLPH,DEMOCRATIC,1016,4935,DEM
GP 2020,12TH DEMOCRATIC DELEGATE,G,5,26121,112,SHERRY,BIDEN,TITE,WILLIAMSON,DEMOCRATIC,2169,4936,DEM
GP 2020,12TH DEMOCRATIC DELEGATE,G,5,26121,112,SHERRY,BIDEN,TITE,JEFFERSON,DEMOCRATIC,1137,4937,DEM
GP 2020,12TH DEMOCRATIC DELEGATE,G,5,26121,112,SHERRY,BIDEN,TITE,PULASKI,DEMOCRATIC,197,4938,DEM
GP 2020,12TH DEMOCRATIC DELEGATE,G,5,26121,112,SHERRY,BIDEN,TITE,UNION,DEMOCRATIC,777,4939,DEM
GP 2020,12TH DEMOCRATIC DELEGATE,G,5,26121,112,SHERRY,BIDEN,TITE,MADISON,DEMOCRATIC,4667,4940,DEM
GP 2020,12TH DEMOCRATIC DELEGATE,G,5,26121,112,SHERRY,BIDEN,TITE,ST. CLAIR,DEMOCRATIC,14141,4941,DEM
GP 2020,12TH DEMOCRATIC DELEGATE,G,5,26121,112,SHERRY,BIDEN,TITE,MONROE,DEMOCRATIC,1386,4942,DEM
GP 2020,12TH DEMOCRATIC DELEGATE,G,5,26121,112,SHERRY,BIDEN,TITE,FRANKLIN,DEMOCRATIC,1403,4943,DEM
GP 2020,12TH DEMOCRATIC DELEGATE,G,5,26121,112,SHERRY,BIDEN,TITE,ALEXANDER,DEMOCRATIC,248,4944,DEM
GP 2020,12TH DEMOCRATIC DELEGATE,G,5,26121,112,SHERRY,BIDEN,TITE,JACKSON,DEMOCRATIC,2744,4945,DEM
GP 2020,12TH DEMOCRATIC DELEGATE,G,5,26127,112,JOHN,BIDEN,GULLEY,PERRY,DEMOCRATIC,652,4946,DEM
GP 2020,12TH DEMOCRATIC DELEGATE,G,5,26127,112,JOHN,BIDEN,GULLEY,RANDOLPH,DEMOCRATIC,960,4947,DEM
GP 2020,12TH DEMOCRATIC DELEGATE,G,5,26127,112,JOHN,BIDEN,GULLEY,WILLIAMSON,DEMOCRATIC,2038,4948,DEM
GP 2020,12TH DEMOCRATIC DELEGATE,G,5,26127,112,JOHN,BIDEN,GULLEY,JEFFERSON,DEMOCRATIC,1023,4949,DEM
GP 2020,12TH DEMOCRATIC DELEGATE,G,5,26127,112,JOHN,BIDEN,GULLEY,PULASKI,DEMOCRATIC,176,4950,DEM
GP 2020,12TH DEMOCRATIC DELEGATE,G,5,26127,112,JOHN,BIDEN,GULLEY,UNION,DEMOCRATIC,714,4951,DEM
GP 2020,12TH DEMOCRATIC DELEGATE,G,5,26127,112,JOHN,BIDEN,GULLEY,MADISON,DEMOCRATIC,3995,4952,DEM
GP 2020,12TH DEMOCRATIC DELEGATE,G,5,26127,112,JOHN,BIDEN,GULLEY,ST. CLAIR,DEMOCRATIC,13509,4953,DEM
GP 2020,12TH DEMOCRATIC DELEGATE,G,5,26127,112,JOHN,BIDEN,GULLEY,MONROE,DEMOCRATIC,1253,4954,DEM
GP 2020,12TH DEMOCRATIC DELEGATE,G,5,26127,112,JOHN,BIDEN,GULLEY,FRANKLIN,DEMOCRATIC,1589,4955,DEM
GP 2020,12TH DEMOCRATIC DELEGATE,G,5,26127,112,JOHN,BIDEN,GULLEY,ALEXANDER,DEMOCRATIC,233,4956,DEM
GP 2020,12TH DEMOCRATIC DELEGATE,G,5,26127,112,JOHN,BIDEN,GULLEY,JACKSON,DEMOCRATIC,2547,4957,DEM
GP 2020,12TH DEMOCRATIC DELEGATE,G,5,26116,112,LaTOYA,BIDEN,GREENWOOD,PERRY,DEMOCRATIC,736,4958,DEM
GP 2020,12TH DEMOCRATIC DELEGATE,G,5,26116,112,LaTOYA,BIDEN,GREENWOOD,RANDOLPH,DEMOCRATIC,922,4959,DEM
GP 2020,12TH DEMOCRATIC DELEGATE,G,5,26116,112,LaTOYA,BIDEN,GREENWOOD,WILLIAMSON,DEMOCRATIC,2195,4960,DEM
GP 2020,12TH DEMOCRATIC DELEGATE,G,5,26116,112,LaTOYA,BIDEN,GREENWOOD,JEFFERSON,DEMOCRATIC,1126,4961,DEM
GP 2020,12TH DEMOCRATIC DELEGATE,G,5,26116,112,LaTOYA,BIDEN,GREENWOOD,PULASKI,DEMOCRATIC,221,4962,DEM
GP 2020,12TH DEMOCRATIC DELEGATE,G,5,26116,112,LaTOYA,BIDEN,GREENWOOD,UNION,DEMOCRATIC,698,4963,DEM
GP 2020,12TH DEMOCRATIC DELEGATE,G,5,26116,112,LaTOYA,BIDEN,GREENWOOD,MADISON,DEMOCRATIC,4478,4964,DEM
GP 2020,12TH DEMOCRATIC DELEGATE,G,5,26116,112,LaTOYA,BIDEN,GREENWOOD,ST. CLAIR,DEMOCRATIC,17962,4965,DEM
GP 2020,12TH DEMOCRATIC DELEGATE,G,5,26116,112,LaTOYA,BIDEN,GREENWOOD,MONROE,DEMOCRATIC,1271,4966,DEM
GP 2020,12TH DEMOCRATIC DELEGATE,G,5,26116,112,LaTOYA,BIDEN,GREENWOOD,FRANKLIN,DEMOCRATIC,1359,4967,DEM
GP 2020,12TH DEMOCRATIC DELEGATE,G,5,26116,112,LaTOYA,BIDEN,GREENWOOD,ALEXANDER,DEMOCRATIC,289,4968,DEM
GP 2020,12TH DEMOCRATIC DELEGATE,G,5,26116,112,LaTOYA,BIDEN,GREENWOOD,JACKSON,DEMOCRATIC,2860,4969,DEM
GP 2020,12TH DEMOCRATIC DELEGATE,G,5,26119,112,JAY,BIDEN,HOFFMAN,PERRY,DEMOCRATIC,750,4970,DEM
GP 2020,12TH DEMOCRATIC DELEGATE,G,5,26119,112,JAY,BIDEN,HOFFMAN,RANDOLPH,DEMOCRATIC,1066,4971,DEM
GP 2020,12TH DEMOCRATIC DELEGATE,G,5,26119,112,JAY,BIDEN,HOFFMAN,WILLIAMSON,DEMOCRATIC,2076,4972,DEM
GP 2020,12TH DEMOCRATIC DELEGATE,G,5,26119,112,JAY,BIDEN,HOFFMAN,JEFFERSON,DEMOCRATIC,1163,4973,DEM
GP 2020,12TH DEMOCRATIC DELEGATE,G,5,26119,112,JAY,BIDEN,HOFFMAN,PULASKI,DEMOCRATIC,183,4974,DEM
GP 2020,12TH DEMOCRATIC DELEGATE,G,5,26119,112,JAY,BIDEN,HOFFMAN,UNION,DEMOCRATIC,730,4975,DEM
GP 2020,12TH DEMOCRATIC DELEGATE,G,5,26119,112,JAY,BIDEN,HOFFMAN,MADISON,DEMOCRATIC,5101,4976,DEM
GP 2020,12TH DEMOCRATIC DELEGATE,G,5,26119,112,JAY,BIDEN,HOFFMAN,ST. CLAIR,DEMOCRATIC,16026,4977,DEM
GP 2020,12TH DEMOCRATIC DELEGATE,G,5,26119,112,JAY,BIDEN,HOFFMAN,MONROE,DEMOCRATIC,1414,4978,DEM
GP 2020,12TH DEMOCRATIC DELEGATE,G,5,26119,112,JAY,BIDEN,HOFFMAN,FRANKLIN,DEMOCRATIC,1372,4979,DEM
GP 2020,12TH DEMOCRATIC DELEGATE,G,5,26119,112,JAY,BIDEN,HOFFMAN,ALEXANDER,DEMOCRATIC,233,4980,DEM
GP 2020,12TH DEMOCRATIC DELEGATE,G,5,26119,112,JAY,BIDEN,HOFFMAN,JACKSON,DEMOCRATIC,2697,4981,DEM
GP 2020,12TH DEMOCRATIC DELEGATE,G,5,26125,112,CHRIS,BIDEN,BELT,PERRY,DEMOCRATIC,697,4982,DEM
GP 2020,12TH DEMOCRATIC DELEGATE,G,5,26125,112,CHRIS,BIDEN,BELT,RANDOLPH,DEMOCRATIC,965,4983,DEM
GP 2020,12TH DEMOCRATIC DELEGATE,G,5,26125,112,CHRIS,BIDEN,BELT,WILLIAMSON,DEMOCRATIC,1977,4984,DEM
GP 2020,12TH DEMOCRATIC DELEGATE,G,5,26125,112,CHRIS,BIDEN,BELT,JEFFERSON,DEMOCRATIC,1038,4985,DEM
GP 2020,12TH DEMOCRATIC DELEGATE,G,5,26125,112,CHRIS,BIDEN,BELT,PULASKI,DEMOCRATIC,183,4986,DEM
GP 2020,12TH DEMOCRATIC DELEGATE,G,5,26125,112,CHRIS,BIDEN,BELT,MADISON,DEMOCRATIC,4179,4987,DEM
GP 2020,12TH DEMOCRATIC DELEGATE,G,5,26125,112,CHRIS,BIDEN,BELT,ST. CLAIR,DEMOCRATIC,15103,4988,DEM
GP 2020,12TH DEMOCRATIC DELEGATE,G,5,26125,112,CHRIS,BIDEN,BELT,MONROE,DEMOCRATIC,1319,4989,DEM
GP 2020,12TH DEMOCRATIC DELEGATE,G,5,26125,112,CHRIS,BIDEN,BELT,FRANKLIN,DEMOCRATIC,1352,4990,DEM
GP 2020,12TH DEMOCRATIC DELEGATE,G,5,26125,112,CHRIS,BIDEN,BELT,ALEXANDER,DEMOCRATIC,238,4991,DEM
GP 2020,12TH DEMOCRATIC DELEGATE,G,5,26125,112,CHRIS,BIDEN,BELT,JACKSON,DEMOCRATIC,2550,4992,DEM
GP 2020,12TH DEMOCRATIC DELEGATE,G,5,26125,112,CHRIS,BIDEN,BELT,UNION,DEMOCRATIC,725,4993,DEM
GP 2020,12TH DEMOCRATIC DELEGATE,G,5,26543,112,GEORGIA L.,SANDERS,de la GARZA,PERRY,DEMOCRATIC,236,4994,DEM
GP 2020,12TH DEMOCRATIC DELEGATE,G,5,26543,112,GEORGIA L.,SANDERS,de la GARZA,RANDOLPH,DEMOCRATIC,323,4995,DEM
GP 2020,12TH DEMOCRATIC DELEGATE,G,5,26543,112,GEORGIA L.,SANDERS,de la GARZA,WILLIAMSON,DEMOCRATIC,1169,4996,DEM
GP 2020,12TH DEMOCRATIC DELEGATE,G,5,26543,112,GEORGIA L.,SANDERS,de la GARZA,JEFFERSON,DEMOCRATIC,471,4997,DEM
GP 2020,12TH DEMOCRATIC DELEGATE,G,5,26543,112,GEORGIA L.,SANDERS,de la GARZA,JACKSON,DEMOCRATIC,2346,4998,DEM
GP 2020,12TH DEMOCRATIC DELEGATE,G,5,26543,112,GEORGIA L.,SANDERS,de la GARZA,UNION,DEMOCRATIC,340,4999,DEM
GP 2020,12TH DEMOCRATIC DELEGATE,G,5,26543,112,GEORGIA L.,SANDERS,de la GARZA,PULASKI,DEMOCRATIC,63,5000,DEM
GP 2020,12TH DEMOCRATIC DELEGATE,G,5,26543,112,GEORGIA L.,SANDERS,de la GARZA,MADISON,DEMOCRATIC,2313,5001,DEM
GP 2020,12TH DEMOCRATIC DELEGATE,G,5,26543,112,GEORGIA L.,SANDERS,de la GARZA,ST. CLAIR,DEMOCRATIC,5766,5002,DEM
GP 2020,12TH DEMOCRATIC DELEGATE,G,5,26543,112,GEORGIA L.,SANDERS,de la GARZA,MONROE,DEMOCRATIC,632,5003,DEM
GP 2020,12TH DEMOCRATIC DELEGATE,G,5,26543,112,GEORGIA L.,SANDERS,de la GARZA,FRANKLIN,DEMOCRATIC,577,5004,DEM
GP 2020,12TH DEMOCRATIC DELEGATE,G,5,26543,112,GEORGIA L.,SANDERS,de la GARZA,ALEXANDER,DEMOCRATIC,78,5005,DEM
GP 2020,12TH DEMOCRATIC DELEGATE,G,5,26545,112,KEN,SANDERS,SHARKEY,ST. CLAIR,DEMOCRATIC,4781,5006,DEM
GP 2020,12TH DEMOCRATIC DELEGATE,G,5,26545,112,KEN,SANDERS,SHARKEY,MONROE,DEMOCRATIC,524,5007,DEM
GP 2020,12TH DEMOCRATIC DELEGATE,G,5,26545,112,KEN,SANDERS,SHARKEY,FRANKLIN,DEMOCRATIC,515,5008,DEM
GP 2020,12TH DEMOCRATIC DELEGATE,G,5,26545,112,KEN,SANDERS,SHARKEY,ALEXANDER,DEMOCRATIC,59,5009,DEM
GP 2020,12TH DEMOCRATIC DELEGATE,G,5,26545,112,KEN,SANDERS,SHARKEY,JACKSON,DEMOCRATIC,1887,5010,DEM
GP 2020,12TH DEMOCRATIC DELEGATE,G,5,26545,112,KEN,SANDERS,SHARKEY,UNION,DEMOCRATIC,320,5011,DEM
GP 2020,12TH DEMOCRATIC DELEGATE,G,5,26545,112,KEN,SANDERS,SHARKEY,PERRY,DEMOCRATIC,215,5012,DEM
GP 2020,12TH DEMOCRATIC DELEGATE,G,5,26545,112,KEN,SANDERS,SHARKEY,RANDOLPH,DEMOCRATIC,280,5013,DEM
GP 2020,12TH DEMOCRATIC DELEGATE,G,5,26545,112,KEN,SANDERS,SHARKEY,WILLIAMSON,DEMOCRATIC,806,5014,DEM
GP 2020,12TH DEMOCRATIC DELEGATE,G,5,26545,112,KEN,SANDERS,SHARKEY,JEFFERSON,DEMOCRATIC,314,5015,DEM
GP 2020,12TH DEMOCRATIC DELEGATE,G,5,26545,112,KEN,SANDERS,SHARKEY,PULASKI,DEMOCRATIC,49,5016,DEM
GP 2020,12TH DEMOCRATIC DELEGATE,G,5,26545,112,KEN,SANDERS,SHARKEY,MADISON,DEMOCRATIC,1910,5017,DEM
GP 2020,12TH REPUBLICAN DELEGATE,G,3,26183,112,THOMAS,TRUMP,McRAE,PERRY,REPUBLICAN,1413,5018,REP
GP 2020,12TH REPUBLICAN DELEGATE,G,3,26183,112,THOMAS,TRUMP,McRAE,RANDOLPH,REPUBLICAN,1705,5019,REP
GP 2020,12TH REPUBLICAN DELEGATE,G,3,26183,112,THOMAS,TRUMP,McRAE,WILLIAMSON,REPUBLICAN,4191,5020,REP
GP 2020,12TH REPUBLICAN DELEGATE,G,3,26183,112,THOMAS,TRUMP,McRAE,JEFFERSON,REPUBLICAN,3411,5021,REP
GP 2020,12TH REPUBLICAN DELEGATE,G,3,26183,112,THOMAS,TRUMP,McRAE,JACKSON,REPUBLICAN,1857,5022,REP
GP 2020,12TH REPUBLICAN DELEGATE,G,3,26183,112,THOMAS,TRUMP,McRAE,UNION,REPUBLICAN,1472,5023,REP
GP 2020,12TH REPUBLICAN DELEGATE,G,3,26183,112,THOMAS,TRUMP,McRAE,PULASKI,REPUBLICAN,696,5024,REP
GP 2020,12TH REPUBLICAN DELEGATE,G,3,26183,112,THOMAS,TRUMP,McRAE,MADISON,REPUBLICAN,3285,5025,REP
GP 2020,12TH REPUBLICAN DELEGATE,G,3,26183,112,THOMAS,TRUMP,McRAE,ST. CLAIR,REPUBLICAN,7116,5026,REP
GP 2020,12TH REPUBLICAN DELEGATE,G,3,26183,112,THOMAS,TRUMP,McRAE,MONROE,REPUBLICAN,2062,5027,REP
GP 2020,12TH REPUBLICAN DELEGATE,G,3,26183,112,THOMAS,TRUMP,McRAE,FRANKLIN,REPUBLICAN,3568,5028,REP
GP 2020,12TH REPUBLICAN DELEGATE,G,3,26183,112,THOMAS,TRUMP,McRAE,ALEXANDER,REPUBLICAN,194,5029,REP
GP 2020,12TH REPUBLICAN DELEGATE,G,3,26186,112,GLORIA,TRUMP,CAMPOS,PERRY,REPUBLICAN,1175,5030,REP
GP 2020,12TH REPUBLICAN DELEGATE,G,3,26186,112,GLORIA,TRUMP,CAMPOS,RANDOLPH,REPUBLICAN,1410,5031,REP
GP 2020,12TH REPUBLICAN DELEGATE,G,3,26186,112,GLORIA,TRUMP,CAMPOS,WILLIAMSON,REPUBLICAN,3451,5032,REP
GP 2020,12TH REPUBLICAN DELEGATE,G,3,26186,112,GLORIA,TRUMP,CAMPOS,JEFFERSON,REPUBLICAN,2611,5033,REP
GP 2020,12TH REPUBLICAN DELEGATE,G,3,26186,112,GLORIA,TRUMP,CAMPOS,PULASKI,REPUBLICAN,467,5034,REP
GP 2020,12TH REPUBLICAN DELEGATE,G,3,26186,112,GLORIA,TRUMP,CAMPOS,MADISON,REPUBLICAN,2416,5035,REP
GP 2020,12TH REPUBLICAN DELEGATE,G,3,26186,112,GLORIA,TRUMP,CAMPOS,ST. CLAIR,REPUBLICAN,6352,5036,REP
GP 2020,12TH REPUBLICAN DELEGATE,G,3,26186,112,GLORIA,TRUMP,CAMPOS,MONROE,REPUBLICAN,1813,5037,REP
GP 2020,12TH REPUBLICAN DELEGATE,G,3,26186,112,GLORIA,TRUMP,CAMPOS,FRANKLIN,REPUBLICAN,2897,5038,REP
GP 2020,12TH REPUBLICAN DELEGATE,G,3,26186,112,GLORIA,TRUMP,CAMPOS,ALEXANDER,REPUBLICAN,144,5039,REP
GP 2020,12TH REPUBLICAN DELEGATE,G,3,26186,112,GLORIA,TRUMP,CAMPOS,JACKSON,REPUBLICAN,1899,5040,REP
GP 2020,12TH REPUBLICAN DELEGATE,G,3,26186,112,GLORIA,TRUMP,CAMPOS,UNION,REPUBLICAN,1238,5041,REP
GP 2020,12TH REPUBLICAN DELEGATE,G,3,26188,112,BARBARA,TRUMP,VIVIANO,PERRY,REPUBLICAN,1066,5042,REP
GP 2020,12TH REPUBLICAN DELEGATE,G,3,26188,112,BARBARA,TRUMP,VIVIANO,RANDOLPH,REPUBLICAN,1345,5043,REP
GP 2020,12TH REPUBLICAN DELEGATE,G,3,26188,112,BARBARA,TRUMP,VIVIANO,WILLIAMSON,REPUBLICAN,2901,5044,REP
GP 2020,12TH REPUBLICAN DELEGATE,G,3,26188,112,BARBARA,TRUMP,VIVIANO,JEFFERSON,REPUBLICAN,2329,5045,REP
GP 2020,12TH REPUBLICAN DELEGATE,G,3,26188,112,BARBARA,TRUMP,VIVIANO,PULASKI,REPUBLICAN,397,5046,REP
GP 2020,12TH REPUBLICAN DELEGATE,G,3,26188,112,BARBARA,TRUMP,VIVIANO,MADISON,REPUBLICAN,2384,5047,REP
GP 2020,12TH REPUBLICAN DELEGATE,G,3,26188,112,BARBARA,TRUMP,VIVIANO,ST. CLAIR,REPUBLICAN,6485,5048,REP
GP 2020,12TH REPUBLICAN DELEGATE,G,3,26188,112,BARBARA,TRUMP,VIVIANO,MONROE,REPUBLICAN,1743,5049,REP
GP 2020,12TH REPUBLICAN DELEGATE,G,3,26188,112,BARBARA,TRUMP,VIVIANO,FRANKLIN,REPUBLICAN,2721,5050,REP
GP 2020,12TH REPUBLICAN DELEGATE,G,3,26188,112,BARBARA,TRUMP,VIVIANO,ALEXANDER,REPUBLICAN,125,5051,REP
GP 2020,12TH REPUBLICAN DELEGATE,G,3,26188,112,BARBARA,TRUMP,VIVIANO,JACKSON,REPUBLICAN,1424,5052,REP
GP 2020,12TH REPUBLICAN DELEGATE,G,3,26188,112,BARBARA,TRUMP,VIVIANO,UNION,REPUBLICAN,1092,5053,REP
GP 2020,12TH REPUBLICAN ALTERNATE DELEGATE,G,3,26195,212,JEFFREY,TRUMP,DIEDERICH,PERRY,REPUBLICAN,1229,5054,REP
GP 2020,12TH REPUBLICAN ALTERNATE DELEGATE,G,3,26195,212,JEFFREY,TRUMP,DIEDERICH,RANDOLPH,REPUBLICAN,1467,5055,REP
GP 2020,12TH REPUBLICAN ALTERNATE DELEGATE,G,3,26195,212,JEFFREY,TRUMP,DIEDERICH,WILLIAMSON,REPUBLICAN,4068,5056,REP
GP 2020,12TH REPUBLICAN ALTERNATE DELEGATE,G,3,26195,212,JEFFREY,TRUMP,DIEDERICH,JEFFERSON,REPUBLICAN,2630,5057,REP
GP 2020,12TH REPUBLICAN ALTERNATE DELEGATE,G,3,26195,212,JEFFREY,TRUMP,DIEDERICH,JACKSON,REPUBLICAN,1731,5058,REP
GP 2020,12TH REPUBLICAN ALTERNATE DELEGATE,G,3,26195,212,JEFFREY,TRUMP,DIEDERICH,UNION,REPUBLICAN,1238,5059,REP
GP 2020,12TH REPUBLICAN ALTERNATE DELEGATE,G,3,26195,212,JEFFREY,TRUMP,DIEDERICH,PULASKI,REPUBLICAN,468,5060,REP
GP 2020,12TH REPUBLICAN ALTERNATE DELEGATE,G,3,26195,212,JEFFREY,TRUMP,DIEDERICH,MADISON,REPUBLICAN,2717,5061,REP
GP 2020,12TH REPUBLICAN ALTERNATE DELEGATE,G,3,26195,212,JEFFREY,TRUMP,DIEDERICH,ST. CLAIR,REPUBLICAN,6657,5062,REP
GP 2020,12TH REPUBLICAN ALTERNATE DELEGATE,G,3,26195,212,JEFFREY,TRUMP,DIEDERICH,MONROE,REPUBLICAN,1714,5063,REP
GP 2020,12TH REPUBLICAN ALTERNATE DELEGATE,G,3,26195,212,JEFFREY,TRUMP,DIEDERICH,FRANKLIN,REPUBLICAN,3051,5064,REP
GP 2020,12TH REPUBLICAN ALTERNATE DELEGATE,G,3,26195,212,JEFFREY,TRUMP,DIEDERICH,ALEXANDER,REPUBLICAN,149,5065,REP
GP 2020,12TH REPUBLICAN ALTERNATE DELEGATE,G,3,26190,212,"MORRIS ""LANE""",TRUMP,HARVEY,PERRY,REPUBLICAN,1249,5066,REP
GP 2020,12TH REPUBLICAN ALTERNATE DELEGATE,G,3,26190,212,"MORRIS ""LANE""",TRUMP,HARVEY,RANDOLPH,REPUBLICAN,1443,5067,REP
GP 2020,12TH REPUBLICAN ALTERNATE DELEGATE,G,3,26190,212,"MORRIS ""LANE""",TRUMP,HARVEY,WILLIAMSON,REPUBLICAN,3317,5068,REP
GP 2020,12TH REPUBLICAN ALTERNATE DELEGATE,G,3,26190,212,"MORRIS ""LANE""",TRUMP,HARVEY,JEFFERSON,REPUBLICAN,3186,5069,REP
GP 2020,12TH REPUBLICAN ALTERNATE DELEGATE,G,3,26190,212,"MORRIS ""LANE""",TRUMP,HARVEY,PULASKI,REPUBLICAN,590,5070,REP
GP 2020,12TH REPUBLICAN ALTERNATE DELEGATE,G,3,26190,212,"MORRIS ""LANE""",TRUMP,HARVEY,MADISON,REPUBLICAN,2774,5071,REP
GP 2020,12TH REPUBLICAN ALTERNATE DELEGATE,G,3,26190,212,"MORRIS ""LANE""",TRUMP,HARVEY,ST. CLAIR,REPUBLICAN,6476,5072,REP
GP 2020,12TH REPUBLICAN ALTERNATE DELEGATE,G,3,26190,212,"MORRIS ""LANE""",TRUMP,HARVEY,MONROE,REPUBLICAN,1678,5073,REP
GP 2020,12TH REPUBLICAN ALTERNATE DELEGATE,G,3,26190,212,"MORRIS ""LANE""",TRUMP,HARVEY,FRANKLIN,REPUBLICAN,3070,5074,REP
GP 2020,12TH REPUBLICAN ALTERNATE DELEGATE,G,3,26190,212,"MORRIS ""LANE""",TRUMP,HARVEY,ALEXANDER,REPUBLICAN,168,5075,REP
GP 2020,12TH REPUBLICAN ALTERNATE DELEGATE,G,3,26190,212,"MORRIS ""LANE""",TRUMP,HARVEY,JACKSON,REPUBLICAN,1678,5076,REP
GP 2020,12TH REPUBLICAN ALTERNATE DELEGATE,G,3,26190,212,"MORRIS ""LANE""",TRUMP,HARVEY,UNION,REPUBLICAN,1341,5077,REP
GP 2020,12TH REPUBLICAN ALTERNATE DELEGATE,G,3,26193,212,GEORGE,TRUMP,OBERNAGEL,PERRY,REPUBLICAN,1055,5078,REP
GP 2020,12TH REPUBLICAN ALTERNATE DELEGATE,G,3,26193,212,GEORGE,TRUMP,OBERNAGEL,RANDOLPH,REPUBLICAN,1409,5079,REP
GP 2020,12TH REPUBLICAN ALTERNATE DELEGATE,G,3,26193,212,GEORGE,TRUMP,OBERNAGEL,WILLIAMSON,REPUBLICAN,2784,5080,REP
GP 2020,12TH REPUBLICAN ALTERNATE DELEGATE,G,3,26193,212,GEORGE,TRUMP,OBERNAGEL,JEFFERSON,REPUBLICAN,2098,5081,REP
GP 2020,12TH REPUBLICAN ALTERNATE DELEGATE,G,3,26193,212,GEORGE,TRUMP,OBERNAGEL,PULASKI,REPUBLICAN,463,5082,REP
GP 2020,12TH REPUBLICAN ALTERNATE DELEGATE,G,3,26193,212,GEORGE,TRUMP,OBERNAGEL,MADISON,REPUBLICAN,2334,5083,REP
GP 2020,12TH REPUBLICAN ALTERNATE DELEGATE,G,3,26193,212,GEORGE,TRUMP,OBERNAGEL,ST. CLAIR,REPUBLICAN,6190,5084,REP
GP 2020,12TH REPUBLICAN ALTERNATE DELEGATE,G,3,26193,212,GEORGE,TRUMP,OBERNAGEL,MONROE,REPUBLICAN,2005,5085,REP
GP 2020,12TH REPUBLICAN ALTERNATE DELEGATE,G,3,26193,212,GEORGE,TRUMP,OBERNAGEL,FRANKLIN,REPUBLICAN,2623,5086,REP
GP 2020,12TH REPUBLICAN ALTERNATE DELEGATE,G,3,26193,212,GEORGE,TRUMP,OBERNAGEL,ALEXANDER,REPUBLICAN,138,5087,REP
GP 2020,12TH REPUBLICAN ALTERNATE DELEGATE,G,3,26193,212,GEORGE,TRUMP,OBERNAGEL,JACKSON,REPUBLICAN,1470,5088,REP
GP 2020,12TH REPUBLICAN ALTERNATE DELEGATE,G,3,26193,212,GEORGE,TRUMP,OBERNAGEL,UNION,REPUBLICAN,1133,5089,REP
GP 2020,COOK - 3RD SUBCIRCUIT - FLYNN VACANCY,LC,1,25586,310,DAVID A.,,BONOMA,COOK,DEMOCRATIC,10800,5090,DEM
GP 2020,COOK - 3RD SUBCIRCUIT - FLYNN VACANCY,LC,1,25800,310,JAMES JOHN,,KNIBBS,COOK,DEMOCRATIC,6874,5091,DEM
GP 2020,COOK - 3RD SUBCIRCUIT - FLYNN VACANCY,LC,1,25857,310,BRAD S.,,TELANDER,COOK,DEMOCRATIC,3287,5092,DEM
GP 2020,COOK - 3RD SUBCIRCUIT - FLYNN VACANCY,LC,1,25923,310,SCOTT EDWARD,,LIPINSKI,COOK,DEMOCRATIC,8345,5093,DEM
GP 2020,COOK - 3RD SUBCIRCUIT - FLYNN VACANCY,LC,1,25763,310,THOMAS J.,,"CONDON, JR.",COOK,DEMOCRATIC,6300,5094,DEM
GP 2020,COOK - 3RD SUBCIRCUIT - FLYNN VACANCY,LC,1,25524,310,LAUREN BROUGHAM,,GLENNON,COOK,DEMOCRATIC,12523,5095,DEM
GP 2020,COOK - 3RD SUBCIRCUIT - FLYNN VACANCY,LC,1,25505,310,REGINA ANN,,MESCALL,COOK,DEMOCRATIC,12804,5096,DEM
GP 2020,13TH DEMOCRATIC DELEGATE,G,5,26351,113,TERESA,YANG,BRENNAN,GREENE,DEMOCRATIC,128,5097,DEM
GP 2020,13TH DEMOCRATIC DELEGATE,G,5,26351,113,TERESA,YANG,BRENNAN,PIATT,DEMOCRATIC,29,5098,DEM
GP 2020,13TH DEMOCRATIC DELEGATE,G,5,26351,113,TERESA,YANG,BRENNAN,DeWITT,DEMOCRATIC,20,5099,DEM
GP 2020,13TH DEMOCRATIC DELEGATE,G,5,26351,113,TERESA,YANG,BRENNAN,JERSEY,DEMOCRATIC,75,5100,DEM
GP 2020,13TH DEMOCRATIC DELEGATE,G,5,26351,113,TERESA,YANG,BRENNAN,MACON,DEMOCRATIC,187,5101,DEM
GP 2020,13TH DEMOCRATIC DELEGATE,G,5,26351,113,TERESA,YANG,BRENNAN,MACOUPIN,DEMOCRATIC,140,5102,DEM
GP 2020,13TH DEMOCRATIC DELEGATE,G,5,26351,113,TERESA,YANG,BRENNAN,McLEAN,DEMOCRATIC,340,5103,DEM
GP 2020,13TH DEMOCRATIC DELEGATE,G,5,26351,113,TERESA,YANG,BRENNAN,CHAMPAIGN,DEMOCRATIC,602,5104,DEM
GP 2020,13TH DEMOCRATIC DELEGATE,G,5,26351,113,TERESA,YANG,BRENNAN,MONTGOMERY,DEMOCRATIC,126,5105,DEM
GP 2020,13TH DEMOCRATIC DELEGATE,G,5,26351,113,TERESA,YANG,BRENNAN,BOND,DEMOCRATIC,13,5106,DEM
GP 2020,13TH DEMOCRATIC DELEGATE,G,5,26351,113,TERESA,YANG,BRENNAN,CHRISTIAN,DEMOCRATIC,76,5107,DEM
GP 2020,13TH DEMOCRATIC DELEGATE,G,5,26351,113,TERESA,YANG,BRENNAN,SANGAMON,DEMOCRATIC,345,5108,DEM
GP 2020,13TH DEMOCRATIC DELEGATE,G,5,26351,113,TERESA,YANG,BRENNAN,MADISON,DEMOCRATIC,442,5109,DEM
GP 2020,13TH DEMOCRATIC DELEGATE,G,5,26351,113,TERESA,YANG,BRENNAN,CALHOUN,DEMOCRATIC,31,5110,DEM
GP 2020,13TH DEMOCRATIC DELEGATE,G,5,26354,113,GABRIELA,YANG,ROMERO,GREENE,DEMOCRATIC,80,5111,DEM
GP 2020,13TH DEMOCRATIC DELEGATE,G,5,26354,113,GABRIELA,YANG,ROMERO,PIATT,DEMOCRATIC,20,5112,DEM
GP 2020,13TH DEMOCRATIC DELEGATE,G,5,26354,113,GABRIELA,YANG,ROMERO,DeWITT,DEMOCRATIC,13,5113,DEM
GP 2020,13TH DEMOCRATIC DELEGATE,G,5,26354,113,GABRIELA,YANG,ROMERO,JERSEY,DEMOCRATIC,56,5114,DEM
GP 2020,13TH DEMOCRATIC DELEGATE,G,5,26354,113,GABRIELA,YANG,ROMERO,MACON,DEMOCRATIC,150,5115,DEM
GP 2020,13TH DEMOCRATIC DELEGATE,G,5,26354,113,GABRIELA,YANG,ROMERO,MACOUPIN,DEMOCRATIC,103,5116,DEM
GP 2020,13TH DEMOCRATIC DELEGATE,G,5,26354,113,GABRIELA,YANG,ROMERO,McLEAN,DEMOCRATIC,368,5117,DEM
GP 2020,13TH DEMOCRATIC DELEGATE,G,5,26354,113,GABRIELA,YANG,ROMERO,CHAMPAIGN,DEMOCRATIC,672,5118,DEM
GP 2020,13TH DEMOCRATIC DELEGATE,G,5,26354,113,GABRIELA,YANG,ROMERO,MONTGOMERY,DEMOCRATIC,96,5119,DEM
GP 2020,13TH DEMOCRATIC DELEGATE,G,5,26354,113,GABRIELA,YANG,ROMERO,BOND,DEMOCRATIC,9,5120,DEM
GP 2020,13TH DEMOCRATIC DELEGATE,G,5,26354,113,GABRIELA,YANG,ROMERO,CHRISTIAN,DEMOCRATIC,50,5121,DEM
GP 2020,13TH DEMOCRATIC DELEGATE,G,5,26354,113,GABRIELA,YANG,ROMERO,SANGAMON,DEMOCRATIC,241,5122,DEM
GP 2020,13TH DEMOCRATIC DELEGATE,G,5,26354,113,GABRIELA,YANG,ROMERO,MADISON,DEMOCRATIC,380,5123,DEM
GP 2020,13TH DEMOCRATIC DELEGATE,G,5,26354,113,GABRIELA,YANG,ROMERO,CALHOUN,DEMOCRATIC,23,5124,DEM
GP 2020,13TH DEMOCRATIC DELEGATE,G,5,26358,113,KHALED,YANG,MESSAI,GREENE,DEMOCRATIC,58,5125,DEM
GP 2020,13TH DEMOCRATIC DELEGATE,G,5,26358,113,KHALED,YANG,MESSAI,PIATT,DEMOCRATIC,19,5126,DEM
GP 2020,13TH DEMOCRATIC DELEGATE,G,5,26358,113,KHALED,YANG,MESSAI,DeWITT,DEMOCRATIC,6,5127,DEM
GP 2020,13TH DEMOCRATIC DELEGATE,G,5,26358,113,KHALED,YANG,MESSAI,JERSEY,DEMOCRATIC,37,5128,DEM
GP 2020,13TH DEMOCRATIC DELEGATE,G,5,26358,113,KHALED,YANG,MESSAI,MACON,DEMOCRATIC,108,5129,DEM
GP 2020,13TH DEMOCRATIC DELEGATE,G,5,26358,113,KHALED,YANG,MESSAI,MACOUPIN,DEMOCRATIC,80,5130,DEM
GP 2020,13TH DEMOCRATIC DELEGATE,G,5,26358,113,KHALED,YANG,MESSAI,McLEAN,DEMOCRATIC,215,5131,DEM
GP 2020,13TH DEMOCRATIC DELEGATE,G,5,26358,113,KHALED,YANG,MESSAI,CHAMPAIGN,DEMOCRATIC,463,5132,DEM
GP 2020,13TH DEMOCRATIC DELEGATE,G,5,26358,113,KHALED,YANG,MESSAI,MONTGOMERY,DEMOCRATIC,64,5133,DEM
GP 2020,13TH DEMOCRATIC DELEGATE,G,5,26358,113,KHALED,YANG,MESSAI,BOND,DEMOCRATIC,7,5134,DEM
GP 2020,13TH DEMOCRATIC DELEGATE,G,5,26358,113,KHALED,YANG,MESSAI,CHRISTIAN,DEMOCRATIC,35,5135,DEM
GP 2020,13TH DEMOCRATIC DELEGATE,G,5,26358,113,KHALED,YANG,MESSAI,SANGAMON,DEMOCRATIC,159,5136,DEM
GP 2020,13TH DEMOCRATIC DELEGATE,G,5,26358,113,KHALED,YANG,MESSAI,MADISON,DEMOCRATIC,219,5137,DEM
GP 2020,13TH DEMOCRATIC DELEGATE,G,5,26358,113,KHALED,YANG,MESSAI,CALHOUN,DEMOCRATIC,11,5138,DEM
GP 2020,13TH DEMOCRATIC DELEGATE,G,5,26508,113,MICHELLE,WARREN,PAUL,GREENE,DEMOCRATIC,126,5139,DEM
GP 2020,13TH DEMOCRATIC DELEGATE,G,5,26508,113,MICHELLE,WARREN,PAUL,PIATT,DEMOCRATIC,66,5140,DEM
GP 2020,13TH DEMOCRATIC DELEGATE,G,5,26508,113,MICHELLE,WARREN,PAUL,DeWITT,DEMOCRATIC,49,5141,DEM
GP 2020,13TH DEMOCRATIC DELEGATE,G,5,26508,113,MICHELLE,WARREN,PAUL,JERSEY,DEMOCRATIC,99,5142,DEM
GP 2020,13TH DEMOCRATIC DELEGATE,G,5,26508,113,MICHELLE,WARREN,PAUL,MADISON,DEMOCRATIC,705,5143,DEM
GP 2020,13TH DEMOCRATIC DELEGATE,G,5,26508,113,MICHELLE,WARREN,PAUL,CALHOUN,DEMOCRATIC,35,5144,DEM
GP 2020,13TH DEMOCRATIC DELEGATE,G,5,26508,113,MICHELLE,WARREN,PAUL,McLEAN,DEMOCRATIC,758,5145,DEM
GP 2020,13TH DEMOCRATIC DELEGATE,G,5,26508,113,MICHELLE,WARREN,PAUL,CHAMPAIGN,DEMOCRATIC,1441,5146,DEM
GP 2020,13TH DEMOCRATIC DELEGATE,G,5,26508,113,MICHELLE,WARREN,PAUL,MACON,DEMOCRATIC,340,5147,DEM
GP 2020,13TH DEMOCRATIC DELEGATE,G,5,26508,113,MICHELLE,WARREN,PAUL,MACOUPIN,DEMOCRATIC,219,5148,DEM
GP 2020,13TH DEMOCRATIC DELEGATE,G,5,26508,113,MICHELLE,WARREN,PAUL,MONTGOMERY,DEMOCRATIC,172,5149,DEM
GP 2020,13TH DEMOCRATIC DELEGATE,G,5,26508,113,MICHELLE,WARREN,PAUL,BOND,DEMOCRATIC,12,5150,DEM
GP 2020,13TH DEMOCRATIC DELEGATE,G,5,26508,113,MICHELLE,WARREN,PAUL,CHRISTIAN,DEMOCRATIC,79,5151,DEM
GP 2020,13TH DEMOCRATIC DELEGATE,G,5,26508,113,MICHELLE,WARREN,PAUL,SANGAMON,DEMOCRATIC,496,5152,DEM
GP 2020,13TH DEMOCRATIC DELEGATE,G,5,26509,113,MICHAEL,WARREN,FRERICHS,JERSEY,DEMOCRATIC,71,5153,DEM
GP 2020,13TH DEMOCRATIC DELEGATE,G,5,26509,113,MICHAEL,WARREN,FRERICHS,MACON,DEMOCRATIC,371,5154,DEM
GP 2020,13TH DEMOCRATIC DELEGATE,G,5,26509,113,MICHAEL,WARREN,FRERICHS,MACOUPIN,DEMOCRATIC,176,5155,DEM
GP 2020,13TH DEMOCRATIC DELEGATE,G,5,26509,113,MICHAEL,WARREN,FRERICHS,MONTGOMERY,DEMOCRATIC,159,5156,DEM
GP 2020,13TH DEMOCRATIC DELEGATE,G,5,26509,113,MICHAEL,WARREN,FRERICHS,BOND,DEMOCRATIC,8,5157,DEM
GP 2020,13TH DEMOCRATIC DELEGATE,G,5,26509,113,MICHAEL,WARREN,FRERICHS,GREENE,DEMOCRATIC,86,5158,DEM
GP 2020,13TH DEMOCRATIC DELEGATE,G,5,26509,113,MICHAEL,WARREN,FRERICHS,PIATT,DEMOCRATIC,128,5159,DEM
GP 2020,13TH DEMOCRATIC DELEGATE,G,5,26509,113,MICHAEL,WARREN,FRERICHS,DeWITT,DEMOCRATIC,51,5160,DEM
GP 2020,13TH DEMOCRATIC DELEGATE,G,5,26509,113,MICHAEL,WARREN,FRERICHS,CHRISTIAN,DEMOCRATIC,114,5161,DEM
GP 2020,13TH DEMOCRATIC DELEGATE,G,5,26509,113,MICHAEL,WARREN,FRERICHS,SANGAMON,DEMOCRATIC,795,5162,DEM
GP 2020,13TH DEMOCRATIC DELEGATE,G,5,26509,113,MICHAEL,WARREN,FRERICHS,MADISON,DEMOCRATIC,438,5163,DEM
GP 2020,13TH DEMOCRATIC DELEGATE,G,5,26509,113,MICHAEL,WARREN,FRERICHS,CALHOUN,DEMOCRATIC,26,5164,DEM
GP 2020,13TH DEMOCRATIC DELEGATE,G,5,26509,113,MICHAEL,WARREN,FRERICHS,McLEAN,DEMOCRATIC,487,5165,DEM
GP 2020,13TH DEMOCRATIC DELEGATE,G,5,26509,113,MICHAEL,WARREN,FRERICHS,CHAMPAIGN,DEMOCRATIC,2851,5166,DEM
GP 2020,13TH DEMOCRATIC DELEGATE,G,5,26510,113,EMMA,WARREN,TODD,GREENE,DEMOCRATIC,39,5167,DEM
GP 2020,13TH DEMOCRATIC DELEGATE,G,5,26510,113,EMMA,WARREN,TODD,PIATT,DEMOCRATIC,79,5168,DEM
GP 2020,13TH DEMOCRATIC DELEGATE,G,5,26510,113,EMMA,WARREN,TODD,DeWITT,DEMOCRATIC,36,5169,DEM
GP 2020,13TH DEMOCRATIC DELEGATE,G,5,26510,113,EMMA,WARREN,TODD,JERSEY,DEMOCRATIC,105,5170,DEM
GP 2020,13TH DEMOCRATIC DELEGATE,G,5,26510,113,EMMA,WARREN,TODD,MACON,DEMOCRATIC,335,5171,DEM
GP 2020,13TH DEMOCRATIC DELEGATE,G,5,26510,113,EMMA,WARREN,TODD,CALHOUN,DEMOCRATIC,25,5172,DEM
GP 2020,13TH DEMOCRATIC DELEGATE,G,5,26510,113,EMMA,WARREN,TODD,McLEAN,DEMOCRATIC,512,5173,DEM
GP 2020,13TH DEMOCRATIC DELEGATE,G,5,26510,113,EMMA,WARREN,TODD,CHAMPAIGN,DEMOCRATIC,1691,5174,DEM
GP 2020,13TH DEMOCRATIC DELEGATE,G,5,26510,113,EMMA,WARREN,TODD,MACOUPIN,DEMOCRATIC,187,5175,DEM
GP 2020,13TH DEMOCRATIC DELEGATE,G,5,26510,113,EMMA,WARREN,TODD,MONTGOMERY,DEMOCRATIC,163,5176,DEM
GP 2020,13TH DEMOCRATIC DELEGATE,G,5,26510,113,EMMA,WARREN,TODD,BOND,DEMOCRATIC,12,5177,DEM
GP 2020,13TH DEMOCRATIC DELEGATE,G,5,26510,113,EMMA,WARREN,TODD,CHRISTIAN,DEMOCRATIC,80,5178,DEM
GP 2020,13TH DEMOCRATIC DELEGATE,G,5,26510,113,EMMA,WARREN,TODD,SANGAMON,DEMOCRATIC,597,5179,DEM
GP 2020,13TH DEMOCRATIC DELEGATE,G,5,26510,113,EMMA,WARREN,TODD,MADISON,DEMOCRATIC,801,5180,DEM
GP 2020,13TH DEMOCRATIC DELEGATE,G,5,26511,113,CRAIG,WARREN,COLBROOK,GREENE,DEMOCRATIC,21,5181,DEM
GP 2020,13TH DEMOCRATIC DELEGATE,G,5,26511,113,CRAIG,WARREN,COLBROOK,PIATT,DEMOCRATIC,36,5182,DEM
GP 2020,13TH DEMOCRATIC DELEGATE,G,5,26511,113,CRAIG,WARREN,COLBROOK,CHRISTIAN,DEMOCRATIC,61,5183,DEM
GP 2020,13TH DEMOCRATIC DELEGATE,G,5,26511,113,CRAIG,WARREN,COLBROOK,SANGAMON,DEMOCRATIC,306,5184,DEM
GP 2020,13TH DEMOCRATIC DELEGATE,G,5,26511,113,CRAIG,WARREN,COLBROOK,MADISON,DEMOCRATIC,312,5185,DEM
GP 2020,13TH DEMOCRATIC DELEGATE,G,5,26511,113,CRAIG,WARREN,COLBROOK,CALHOUN,DEMOCRATIC,19,5186,DEM
GP 2020,13TH DEMOCRATIC DELEGATE,G,5,26511,113,CRAIG,WARREN,COLBROOK,McLEAN,DEMOCRATIC,294,5187,DEM
GP 2020,13TH DEMOCRATIC DELEGATE,G,5,26511,113,CRAIG,WARREN,COLBROOK,CHAMPAIGN,DEMOCRATIC,970,5188,DEM
GP 2020,13TH DEMOCRATIC DELEGATE,G,5,26511,113,CRAIG,WARREN,COLBROOK,DeWITT,DEMOCRATIC,28,5189,DEM
GP 2020,13TH DEMOCRATIC DELEGATE,G,5,26511,113,CRAIG,WARREN,COLBROOK,JERSEY,DEMOCRATIC,47,5190,DEM
GP 2020,13TH DEMOCRATIC DELEGATE,G,5,26511,113,CRAIG,WARREN,COLBROOK,MACON,DEMOCRATIC,165,5191,DEM
GP 2020,13TH DEMOCRATIC DELEGATE,G,5,26511,113,CRAIG,WARREN,COLBROOK,MACOUPIN,DEMOCRATIC,106,5192,DEM
GP 2020,13TH DEMOCRATIC DELEGATE,G,5,26511,113,CRAIG,WARREN,COLBROOK,MONTGOMERY,DEMOCRATIC,106,5193,DEM
GP 2020,13TH DEMOCRATIC DELEGATE,G,5,26511,113,CRAIG,WARREN,COLBROOK,BOND,DEMOCRATIC,4,5194,DEM
GP 2020,13TH DEMOCRATIC DELEGATE,G,5,26512,113,LISA M.,WARREN,STANLEY,GREENE,DEMOCRATIC,42,5195,DEM
GP 2020,13TH DEMOCRATIC DELEGATE,G,5,26512,113,LISA M.,WARREN,STANLEY,PIATT,DEMOCRATIC,74,5196,DEM
GP 2020,13TH DEMOCRATIC DELEGATE,G,5,26512,113,LISA M.,WARREN,STANLEY,DeWITT,DEMOCRATIC,49,5197,DEM
GP 2020,13TH DEMOCRATIC DELEGATE,G,5,26512,113,LISA M.,WARREN,STANLEY,JERSEY,DEMOCRATIC,77,5198,DEM
GP 2020,13TH DEMOCRATIC DELEGATE,G,5,26512,113,LISA M.,WARREN,STANLEY,MADISON,DEMOCRATIC,639,5199,DEM
GP 2020,13TH DEMOCRATIC DELEGATE,G,5,26512,113,LISA M.,WARREN,STANLEY,CALHOUN,DEMOCRATIC,29,5200,DEM
GP 2020,13TH DEMOCRATIC DELEGATE,G,5,26512,113,LISA M.,WARREN,STANLEY,McLEAN,DEMOCRATIC,514,5201,DEM
GP 2020,13TH DEMOCRATIC DELEGATE,G,5,26512,113,LISA M.,WARREN,STANLEY,CHAMPAIGN,DEMOCRATIC,1503,5202,DEM
GP 2020,13TH DEMOCRATIC DELEGATE,G,5,26512,113,LISA M.,WARREN,STANLEY,MACON,DEMOCRATIC,721,5203,DEM
GP 2020,13TH DEMOCRATIC DELEGATE,G,5,26512,113,LISA M.,WARREN,STANLEY,MACOUPIN,DEMOCRATIC,176,5204,DEM
GP 2020,13TH DEMOCRATIC DELEGATE,G,5,26512,113,LISA M.,WARREN,STANLEY,MONTGOMERY,DEMOCRATIC,174,5205,DEM
GP 2020,13TH DEMOCRATIC DELEGATE,G,5,26512,113,LISA M.,WARREN,STANLEY,BOND,DEMOCRATIC,9,5206,DEM
GP 2020,13TH DEMOCRATIC DELEGATE,G,5,26512,113,LISA M.,WARREN,STANLEY,CHRISTIAN,DEMOCRATIC,77,5207,DEM
GP 2020,13TH DEMOCRATIC DELEGATE,G,5,26512,113,LISA M.,WARREN,STANLEY,SANGAMON,DEMOCRATIC,530,5208,DEM
GP 2020,13TH DEMOCRATIC DELEGATE,G,5,26557,113,JENN,SANDERS,CARRILLO,GREENE,DEMOCRATIC,124,5209,DEM
GP 2020,13TH DEMOCRATIC DELEGATE,G,5,26557,113,JENN,SANDERS,CARRILLO,PIATT,DEMOCRATIC,337,5210,DEM
GP 2020,13TH DEMOCRATIC DELEGATE,G,5,26557,113,JENN,SANDERS,CARRILLO,DeWITT,DEMOCRATIC,235,5211,DEM
GP 2020,13TH DEMOCRATIC DELEGATE,G,5,26557,113,JENN,SANDERS,CARRILLO,JERSEY,DEMOCRATIC,259,5212,DEM
GP 2020,13TH DEMOCRATIC DELEGATE,G,5,26557,113,JENN,SANDERS,CARRILLO,MADISON,DEMOCRATIC,2975,5213,DEM
GP 2020,13TH DEMOCRATIC DELEGATE,G,5,26557,113,JENN,SANDERS,CARRILLO,CALHOUN,DEMOCRATIC,46,5214,DEM
GP 2020,13TH DEMOCRATIC DELEGATE,G,5,26557,113,JENN,SANDERS,CARRILLO,McLEAN,DEMOCRATIC,2504,5215,DEM
GP 2020,13TH DEMOCRATIC DELEGATE,G,5,26557,113,JENN,SANDERS,CARRILLO,CHAMPAIGN,DEMOCRATIC,9203,5216,DEM
GP 2020,13TH DEMOCRATIC DELEGATE,G,5,26557,113,JENN,SANDERS,CARRILLO,MACON,DEMOCRATIC,1779,5217,DEM
GP 2020,13TH DEMOCRATIC DELEGATE,G,5,26557,113,JENN,SANDERS,CARRILLO,MACOUPIN,DEMOCRATIC,830,5218,DEM
GP 2020,13TH DEMOCRATIC DELEGATE,G,5,26557,113,JENN,SANDERS,CARRILLO,MONTGOMERY,DEMOCRATIC,240,5219,DEM
GP 2020,13TH DEMOCRATIC DELEGATE,G,5,26557,113,JENN,SANDERS,CARRILLO,BOND,DEMOCRATIC,57,5220,DEM
GP 2020,13TH DEMOCRATIC DELEGATE,G,5,26557,113,JENN,SANDERS,CARRILLO,CHRISTIAN,DEMOCRATIC,464,5221,DEM
GP 2020,13TH DEMOCRATIC DELEGATE,G,5,26557,113,JENN,SANDERS,CARRILLO,SANGAMON,DEMOCRATIC,2354,5222,DEM
GP 2020,13TH DEMOCRATIC DELEGATE,G,5,26558,113,PAMELLA,SANDERS,GRONEMEYER,GREENE,DEMOCRATIC,118,5223,DEM
GP 2020,13TH DEMOCRATIC DELEGATE,G,5,26558,113,PAMELLA,SANDERS,GRONEMEYER,PIATT,DEMOCRATIC,328,5224,DEM
GP 2020,13TH DEMOCRATIC DELEGATE,G,5,26558,113,PAMELLA,SANDERS,GRONEMEYER,DeWITT,DEMOCRATIC,200,5225,DEM
GP 2020,13TH DEMOCRATIC DELEGATE,G,5,26558,113,PAMELLA,SANDERS,GRONEMEYER,JERSEY,DEMOCRATIC,260,5226,DEM
GP 2020,13TH DEMOCRATIC DELEGATE,G,5,26558,113,PAMELLA,SANDERS,GRONEMEYER,MACON,DEMOCRATIC,1671,5227,DEM
GP 2020,13TH DEMOCRATIC DELEGATE,G,5,26558,113,PAMELLA,SANDERS,GRONEMEYER,MACOUPIN,DEMOCRATIC,804,5228,DEM
GP 2020,13TH DEMOCRATIC DELEGATE,G,5,26558,113,PAMELLA,SANDERS,GRONEMEYER,McLEAN,DEMOCRATIC,2122,5229,DEM
GP 2020,13TH DEMOCRATIC DELEGATE,G,5,26558,113,PAMELLA,SANDERS,GRONEMEYER,CHAMPAIGN,DEMOCRATIC,8816,5230,DEM
GP 2020,13TH DEMOCRATIC DELEGATE,G,5,26558,113,PAMELLA,SANDERS,GRONEMEYER,MONTGOMERY,DEMOCRATIC,233,5231,DEM
GP 2020,13TH DEMOCRATIC DELEGATE,G,5,26558,113,PAMELLA,SANDERS,GRONEMEYER,BOND,DEMOCRATIC,54,5232,DEM
GP 2020,13TH DEMOCRATIC DELEGATE,G,5,26558,113,PAMELLA,SANDERS,GRONEMEYER,CHRISTIAN,DEMOCRATIC,445,5233,DEM
GP 2020,13TH DEMOCRATIC DELEGATE,G,5,26558,113,PAMELLA,SANDERS,GRONEMEYER,SANGAMON,DEMOCRATIC,2271,5234,DEM
GP 2020,13TH DEMOCRATIC DELEGATE,G,5,26558,113,PAMELLA,SANDERS,GRONEMEYER,MADISON,DEMOCRATIC,2729,5235,DEM
GP 2020,13TH DEMOCRATIC DELEGATE,G,5,26558,113,PAMELLA,SANDERS,GRONEMEYER,CALHOUN,DEMOCRATIC,45,5236,DEM
GP 2020,13TH DEMOCRATIC DELEGATE,G,5,26560,113,BRIAN,SANDERS,WILENS,GREENE,DEMOCRATIC,96,5237,DEM
GP 2020,13TH DEMOCRATIC DELEGATE,G,5,26560,113,BRIAN,SANDERS,WILENS,PIATT,DEMOCRATIC,283,5238,DEM
GP 2020,13TH DEMOCRATIC DELEGATE,G,5,26560,113,BRIAN,SANDERS,WILENS,DeWITT,DEMOCRATIC,190,5239,DEM
GP 2020,13TH DEMOCRATIC DELEGATE,G,5,26560,113,BRIAN,SANDERS,WILENS,JERSEY,DEMOCRATIC,226,5240,DEM
GP 2020,13TH DEMOCRATIC DELEGATE,G,5,26560,113,BRIAN,SANDERS,WILENS,MACON,DEMOCRATIC,1484,5241,DEM
GP 2020,13TH DEMOCRATIC DELEGATE,G,5,26560,113,BRIAN,SANDERS,WILENS,CALHOUN,DEMOCRATIC,39,5242,DEM
GP 2020,13TH DEMOCRATIC DELEGATE,G,5,26560,113,BRIAN,SANDERS,WILENS,McLEAN,DEMOCRATIC,1873,5243,DEM
GP 2020,13TH DEMOCRATIC DELEGATE,G,5,26560,113,BRIAN,SANDERS,WILENS,CHAMPAIGN,DEMOCRATIC,7853,5244,DEM
GP 2020,13TH DEMOCRATIC DELEGATE,G,5,26560,113,BRIAN,SANDERS,WILENS,MACOUPIN,DEMOCRATIC,743,5245,DEM
GP 2020,13TH DEMOCRATIC DELEGATE,G,5,26560,113,BRIAN,SANDERS,WILENS,MONTGOMERY,DEMOCRATIC,197,5246,DEM
GP 2020,13TH DEMOCRATIC DELEGATE,G,5,26560,113,BRIAN,SANDERS,WILENS,BOND,DEMOCRATIC,51,5247,DEM
GP 2020,13TH DEMOCRATIC DELEGATE,G,5,26560,113,BRIAN,SANDERS,WILENS,CHRISTIAN,DEMOCRATIC,413,5248,DEM
GP 2020,13TH DEMOCRATIC DELEGATE,G,5,26560,113,BRIAN,SANDERS,WILENS,SANGAMON,DEMOCRATIC,1920,5249,DEM
GP 2020,13TH DEMOCRATIC DELEGATE,G,5,26560,113,BRIAN,SANDERS,WILENS,MADISON,DEMOCRATIC,2330,5250,DEM
GP 2020,13TH DEMOCRATIC DELEGATE,G,5,26598,113,CAROL,KLOBUCHAR,McCLAINE,GREENE,DEMOCRATIC,47,5251,DEM
GP 2020,13TH DEMOCRATIC DELEGATE,G,5,26598,113,CAROL,KLOBUCHAR,McCLAINE,PIATT,DEMOCRATIC,53,5252,DEM
GP 2020,13TH DEMOCRATIC DELEGATE,G,5,26598,113,CAROL,KLOBUCHAR,McCLAINE,DeWITT,DEMOCRATIC,30,5253,DEM
GP 2020,13TH DEMOCRATIC DELEGATE,G,5,26598,113,CAROL,KLOBUCHAR,McCLAINE,JERSEY,DEMOCRATIC,35,5254,DEM
GP 2020,13TH DEMOCRATIC DELEGATE,G,5,26598,113,CAROL,KLOBUCHAR,McCLAINE,MACON,DEMOCRATIC,257,5255,DEM
GP 2020,13TH DEMOCRATIC DELEGATE,G,5,26598,113,CAROL,KLOBUCHAR,McCLAINE,CALHOUN,DEMOCRATIC,8,5256,DEM
GP 2020,13TH DEMOCRATIC DELEGATE,G,5,26598,113,CAROL,KLOBUCHAR,McCLAINE,McLEAN,DEMOCRATIC,170,5257,DEM
GP 2020,13TH DEMOCRATIC DELEGATE,G,5,26598,113,CAROL,KLOBUCHAR,McCLAINE,CHAMPAIGN,DEMOCRATIC,587,5258,DEM
GP 2020,13TH DEMOCRATIC DELEGATE,G,5,26598,113,CAROL,KLOBUCHAR,McCLAINE,MACOUPIN,DEMOCRATIC,168,5259,DEM
GP 2020,13TH DEMOCRATIC DELEGATE,G,5,26598,113,CAROL,KLOBUCHAR,McCLAINE,MONTGOMERY,DEMOCRATIC,31,5260,DEM
GP 2020,13TH DEMOCRATIC DELEGATE,G,5,26598,113,CAROL,KLOBUCHAR,McCLAINE,BOND,DEMOCRATIC,16,5261,DEM
GP 2020,13TH DEMOCRATIC DELEGATE,G,5,26598,113,CAROL,KLOBUCHAR,McCLAINE,CHRISTIAN,DEMOCRATIC,86,5262,DEM
GP 2020,13TH DEMOCRATIC DELEGATE,G,5,26598,113,CAROL,KLOBUCHAR,McCLAINE,SANGAMON,DEMOCRATIC,247,5263,DEM
GP 2020,13TH DEMOCRATIC DELEGATE,G,5,26598,113,CAROL,KLOBUCHAR,McCLAINE,MADISON,DEMOCRATIC,362,5264,DEM
GP 2020,13TH DEMOCRATIC DELEGATE,G,5,26599,113,JOHN,KLOBUCHAR,BERGEE,SANGAMON,DEMOCRATIC,138,5265,DEM
GP 2020,13TH DEMOCRATIC DELEGATE,G,5,26599,113,JOHN,KLOBUCHAR,BERGEE,MADISON,DEMOCRATIC,182,5266,DEM
GP 2020,13TH DEMOCRATIC DELEGATE,G,5,26599,113,JOHN,KLOBUCHAR,BERGEE,CALHOUN,DEMOCRATIC,11,5267,DEM
GP 2020,13TH DEMOCRATIC DELEGATE,G,5,26599,113,JOHN,KLOBUCHAR,BERGEE,McLEAN,DEMOCRATIC,132,5268,DEM
GP 2020,13TH DEMOCRATIC DELEGATE,G,5,26599,113,JOHN,KLOBUCHAR,BERGEE,CHAMPAIGN,DEMOCRATIC,364,5269,DEM
GP 2020,13TH DEMOCRATIC DELEGATE,G,5,26599,113,JOHN,KLOBUCHAR,BERGEE,JERSEY,DEMOCRATIC,25,5270,DEM
GP 2020,13TH DEMOCRATIC DELEGATE,G,5,26599,113,JOHN,KLOBUCHAR,BERGEE,MACON,DEMOCRATIC,157,5271,DEM
GP 2020,13TH DEMOCRATIC DELEGATE,G,5,26599,113,JOHN,KLOBUCHAR,BERGEE,MACOUPIN,DEMOCRATIC,134,5272,DEM
GP 2020,13TH DEMOCRATIC DELEGATE,G,5,26599,113,JOHN,KLOBUCHAR,BERGEE,MONTGOMERY,DEMOCRATIC,30,5273,DEM
GP 2020,13TH DEMOCRATIC DELEGATE,G,5,26599,113,JOHN,KLOBUCHAR,BERGEE,BOND,DEMOCRATIC,13,5274,DEM
GP 2020,13TH DEMOCRATIC DELEGATE,G,5,26599,113,JOHN,KLOBUCHAR,BERGEE,CHRISTIAN,DEMOCRATIC,45,5275,DEM
GP 2020,13TH DEMOCRATIC DELEGATE,G,5,26599,113,JOHN,KLOBUCHAR,BERGEE,GREENE,DEMOCRATIC,29,5276,DEM
GP 2020,13TH DEMOCRATIC DELEGATE,G,5,26599,113,JOHN,KLOBUCHAR,BERGEE,PIATT,DEMOCRATIC,29,5277,DEM
GP 2020,13TH DEMOCRATIC DELEGATE,G,5,26599,113,JOHN,KLOBUCHAR,BERGEE,DeWITT,DEMOCRATIC,20,5278,DEM
GP 2020,13TH DEMOCRATIC DELEGATE,G,5,26600,113,ANNE M.,KLOBUCHAR,HEILES,GREENE,DEMOCRATIC,35,5279,DEM
GP 2020,13TH DEMOCRATIC DELEGATE,G,5,26600,113,ANNE M.,KLOBUCHAR,HEILES,PIATT,DEMOCRATIC,48,5280,DEM
GP 2020,13TH DEMOCRATIC DELEGATE,G,5,26600,113,ANNE M.,KLOBUCHAR,HEILES,DeWITT,DEMOCRATIC,23,5281,DEM
GP 2020,13TH DEMOCRATIC DELEGATE,G,5,26600,113,ANNE M.,KLOBUCHAR,HEILES,JERSEY,DEMOCRATIC,40,5282,DEM
GP 2020,13TH DEMOCRATIC DELEGATE,G,5,26600,113,ANNE M.,KLOBUCHAR,HEILES,MADISON,DEMOCRATIC,302,5283,DEM
GP 2020,13TH DEMOCRATIC DELEGATE,G,5,26600,113,ANNE M.,KLOBUCHAR,HEILES,CALHOUN,DEMOCRATIC,9,5284,DEM
GP 2020,13TH DEMOCRATIC DELEGATE,G,5,26600,113,ANNE M.,KLOBUCHAR,HEILES,McLEAN,DEMOCRATIC,205,5285,DEM
GP 2020,13TH DEMOCRATIC DELEGATE,G,5,26600,113,ANNE M.,KLOBUCHAR,HEILES,CHAMPAIGN,DEMOCRATIC,525,5286,DEM
GP 2020,13TH DEMOCRATIC DELEGATE,G,5,26600,113,ANNE M.,KLOBUCHAR,HEILES,MACON,DEMOCRATIC,206,5287,DEM
GP 2020,13TH DEMOCRATIC DELEGATE,G,5,26600,113,ANNE M.,KLOBUCHAR,HEILES,MACOUPIN,DEMOCRATIC,140,5288,DEM
GP 2020,13TH DEMOCRATIC DELEGATE,G,5,26600,113,ANNE M.,KLOBUCHAR,HEILES,MONTGOMERY,DEMOCRATIC,33,5289,DEM
GP 2020,13TH DEMOCRATIC DELEGATE,G,5,26600,113,ANNE M.,KLOBUCHAR,HEILES,BOND,DEMOCRATIC,16,5290,DEM
GP 2020,13TH DEMOCRATIC DELEGATE,G,5,26600,113,ANNE M.,KLOBUCHAR,HEILES,CHRISTIAN,DEMOCRATIC,55,5291,DEM
GP 2020,13TH DEMOCRATIC DELEGATE,G,5,26600,113,ANNE M.,KLOBUCHAR,HEILES,SANGAMON,DEMOCRATIC,194,5292,DEM
GP 2020,13TH DEMOCRATIC DELEGATE,G,5,26603,113,CARL ERNEST,KLOBUCHAR,KASTEN,SANGAMON,DEMOCRATIC,165,5293,DEM
GP 2020,13TH DEMOCRATIC DELEGATE,G,5,26603,113,CARL ERNEST,KLOBUCHAR,KASTEN,MADISON,DEMOCRATIC,201,5294,DEM
GP 2020,13TH DEMOCRATIC DELEGATE,G,5,26603,113,CARL ERNEST,KLOBUCHAR,KASTEN,CALHOUN,DEMOCRATIC,7,5295,DEM
GP 2020,13TH DEMOCRATIC DELEGATE,G,5,26603,113,CARL ERNEST,KLOBUCHAR,KASTEN,McLEAN,DEMOCRATIC,107,5296,DEM
GP 2020,13TH DEMOCRATIC DELEGATE,G,5,26603,113,CARL ERNEST,KLOBUCHAR,KASTEN,CHAMPAIGN,DEMOCRATIC,319,5297,DEM
GP 2020,13TH DEMOCRATIC DELEGATE,G,5,26603,113,CARL ERNEST,KLOBUCHAR,KASTEN,JERSEY,DEMOCRATIC,25,5298,DEM
GP 2020,13TH DEMOCRATIC DELEGATE,G,5,26603,113,CARL ERNEST,KLOBUCHAR,KASTEN,MACON,DEMOCRATIC,136,5299,DEM
GP 2020,13TH DEMOCRATIC DELEGATE,G,5,26603,113,CARL ERNEST,KLOBUCHAR,KASTEN,MACOUPIN,DEMOCRATIC,285,5300,DEM
GP 2020,13TH DEMOCRATIC DELEGATE,G,5,26603,113,CARL ERNEST,KLOBUCHAR,KASTEN,MONTGOMERY,DEMOCRATIC,44,5301,DEM
GP 2020,13TH DEMOCRATIC DELEGATE,G,5,26603,113,CARL ERNEST,KLOBUCHAR,KASTEN,BOND,DEMOCRATIC,11,5302,DEM
GP 2020,13TH DEMOCRATIC DELEGATE,G,5,26603,113,CARL ERNEST,KLOBUCHAR,KASTEN,CHRISTIAN,DEMOCRATIC,44,5303,DEM
GP 2020,13TH DEMOCRATIC DELEGATE,G,5,26603,113,CARL ERNEST,KLOBUCHAR,KASTEN,GREENE,DEMOCRATIC,24,5304,DEM
GP 2020,13TH DEMOCRATIC DELEGATE,G,5,26603,113,CARL ERNEST,KLOBUCHAR,KASTEN,PIATT,DEMOCRATIC,26,5305,DEM
GP 2020,13TH DEMOCRATIC DELEGATE,G,5,26603,113,CARL ERNEST,KLOBUCHAR,KASTEN,DeWITT,DEMOCRATIC,15,5306,DEM
GP 2020,13TH DEMOCRATIC DELEGATE,G,5,26172,113,MARK ROBERT,BIDEN,MADDOCK,GREENE,DEMOCRATIC,366,5307,DEM
GP 2020,13TH DEMOCRATIC DELEGATE,G,5,26172,113,MARK ROBERT,BIDEN,MADDOCK,PIATT,DEMOCRATIC,638,5308,DEM
GP 2020,13TH DEMOCRATIC DELEGATE,G,5,26172,113,MARK ROBERT,BIDEN,MADDOCK,DeWITT,DEMOCRATIC,482,5309,DEM
GP 2020,13TH DEMOCRATIC DELEGATE,G,5,26172,113,MARK ROBERT,BIDEN,MADDOCK,JERSEY,DEMOCRATIC,704,5310,DEM
GP 2020,13TH DEMOCRATIC DELEGATE,G,5,26172,113,MARK ROBERT,BIDEN,MADDOCK,MACON,DEMOCRATIC,3753,5311,DEM
GP 2020,13TH DEMOCRATIC DELEGATE,G,5,26172,113,MARK ROBERT,BIDEN,MADDOCK,MACOUPIN,DEMOCRATIC,1937,5312,DEM
GP 2020,13TH DEMOCRATIC DELEGATE,G,5,26172,113,MARK ROBERT,BIDEN,MADDOCK,McLEAN,DEMOCRATIC,1639,5313,DEM
GP 2020,13TH DEMOCRATIC DELEGATE,G,5,26172,113,MARK ROBERT,BIDEN,MADDOCK,CHAMPAIGN,DEMOCRATIC,7389,5314,DEM
GP 2020,13TH DEMOCRATIC DELEGATE,G,5,26172,113,MARK ROBERT,BIDEN,MADDOCK,MONTGOMERY,DEMOCRATIC,905,5315,DEM
GP 2020,13TH DEMOCRATIC DELEGATE,G,5,26172,113,MARK ROBERT,BIDEN,MADDOCK,BOND,DEMOCRATIC,159,5316,DEM
GP 2020,13TH DEMOCRATIC DELEGATE,G,5,26172,113,MARK ROBERT,BIDEN,MADDOCK,CHRISTIAN,DEMOCRATIC,1014,5317,DEM
GP 2020,13TH DEMOCRATIC DELEGATE,G,5,26172,113,MARK ROBERT,BIDEN,MADDOCK,SANGAMON,DEMOCRATIC,3643,5318,DEM
GP 2020,13TH DEMOCRATIC DELEGATE,G,5,26172,113,MARK ROBERT,BIDEN,MADDOCK,MADISON,DEMOCRATIC,4882,5319,DEM
GP 2020,13TH DEMOCRATIC DELEGATE,G,5,26172,113,MARK ROBERT,BIDEN,MADDOCK,CALHOUN,DEMOCRATIC,172,5320,DEM
GP 2020,13TH DEMOCRATIC DELEGATE,G,5,26173,113,ADA,BIDEN,OWENS,GREENE,DEMOCRATIC,352,5321,DEM
GP 2020,13TH DEMOCRATIC DELEGATE,G,5,26173,113,ADA,BIDEN,OWENS,PIATT,DEMOCRATIC,621,5322,DEM
GP 2020,13TH DEMOCRATIC DELEGATE,G,5,26173,113,ADA,BIDEN,OWENS,DeWITT,DEMOCRATIC,475,5323,DEM
GP 2020,13TH DEMOCRATIC DELEGATE,G,5,26173,113,ADA,BIDEN,OWENS,JERSEY,DEMOCRATIC,688,5324,DEM
GP 2020,13TH DEMOCRATIC DELEGATE,G,5,26173,113,ADA,BIDEN,OWENS,MACON,DEMOCRATIC,4019,5325,DEM
GP 2020,13TH DEMOCRATIC DELEGATE,G,5,26173,113,ADA,BIDEN,OWENS,MACOUPIN,DEMOCRATIC,1843,5326,DEM
GP 2020,13TH DEMOCRATIC DELEGATE,G,5,26173,113,ADA,BIDEN,OWENS,McLEAN,DEMOCRATIC,1903,5327,DEM
GP 2020,13TH DEMOCRATIC DELEGATE,G,5,26173,113,ADA,BIDEN,OWENS,CHAMPAIGN,DEMOCRATIC,7474,5328,DEM
GP 2020,13TH DEMOCRATIC DELEGATE,G,5,26173,113,ADA,BIDEN,OWENS,MONTGOMERY,DEMOCRATIC,683,5329,DEM
GP 2020,13TH DEMOCRATIC DELEGATE,G,5,26173,113,ADA,BIDEN,OWENS,BOND,DEMOCRATIC,146,5330,DEM
GP 2020,13TH DEMOCRATIC DELEGATE,G,5,26173,113,ADA,BIDEN,OWENS,CHRISTIAN,DEMOCRATIC,967,5331,DEM
GP 2020,13TH DEMOCRATIC DELEGATE,G,5,26173,113,ADA,BIDEN,OWENS,SANGAMON,DEMOCRATIC,3696,5332,DEM
GP 2020,13TH DEMOCRATIC DELEGATE,G,5,26173,113,ADA,BIDEN,OWENS,MADISON,DEMOCRATIC,4904,5333,DEM
GP 2020,13TH DEMOCRATIC DELEGATE,G,5,26173,113,ADA,BIDEN,OWENS,CALHOUN,DEMOCRATIC,166,5334,DEM
GP 2020,13TH DEMOCRATIC DELEGATE,G,5,26166,113,SUE,BIDEN,SCHERER,MADISON,DEMOCRATIC,5514,5335,DEM
GP 2020,13TH DEMOCRATIC DELEGATE,G,5,26166,113,SUE,BIDEN,SCHERER,CALHOUN,DEMOCRATIC,189,5336,DEM
GP 2020,13TH DEMOCRATIC DELEGATE,G,5,26166,113,SUE,BIDEN,SCHERER,McLEAN,DEMOCRATIC,2306,5337,DEM
GP 2020,13TH DEMOCRATIC DELEGATE,G,5,26166,113,SUE,BIDEN,SCHERER,CHAMPAIGN,DEMOCRATIC,8314,5338,DEM
GP 2020,13TH DEMOCRATIC DELEGATE,G,5,26166,113,SUE,BIDEN,SCHERER,MONTGOMERY,DEMOCRATIC,952,5339,DEM
GP 2020,13TH DEMOCRATIC DELEGATE,G,5,26166,113,SUE,BIDEN,SCHERER,BOND,DEMOCRATIC,159,5340,DEM
GP 2020,13TH DEMOCRATIC DELEGATE,G,5,26166,113,SUE,BIDEN,SCHERER,CHRISTIAN,DEMOCRATIC,1169,5341,DEM
GP 2020,13TH DEMOCRATIC DELEGATE,G,5,26166,113,SUE,BIDEN,SCHERER,SANGAMON,DEMOCRATIC,4675,5342,DEM
GP 2020,13TH DEMOCRATIC DELEGATE,G,5,26166,113,SUE,BIDEN,SCHERER,GREENE,DEMOCRATIC,392,5343,DEM
GP 2020,13TH DEMOCRATIC DELEGATE,G,5,26166,113,SUE,BIDEN,SCHERER,PIATT,DEMOCRATIC,730,5344,DEM
GP 2020,13TH DEMOCRATIC DELEGATE,G,5,26166,113,SUE,BIDEN,SCHERER,DeWITT,DEMOCRATIC,554,5345,DEM
GP 2020,13TH DEMOCRATIC DELEGATE,G,5,26166,113,SUE,BIDEN,SCHERER,JERSEY,DEMOCRATIC,780,5346,DEM
GP 2020,13TH DEMOCRATIC DELEGATE,G,5,26166,113,SUE,BIDEN,SCHERER,MACON,DEMOCRATIC,4815,5347,DEM
GP 2020,13TH DEMOCRATIC DELEGATE,G,5,26166,113,SUE,BIDEN,SCHERER,MACOUPIN,DEMOCRATIC,2051,5348,DEM
GP 2020,13TH DEMOCRATIC DELEGATE,G,5,26170,113,ELLEN,BIDEN,SCHANZLE-HASKINS,McLEAN,DEMOCRATIC,1744,5349,DEM
GP 2020,13TH DEMOCRATIC DELEGATE,G,5,26170,113,ELLEN,BIDEN,SCHANZLE-HASKINS,CHAMPAIGN,DEMOCRATIC,7910,5350,DEM
GP 2020,13TH DEMOCRATIC DELEGATE,G,5,26170,113,ELLEN,BIDEN,SCHANZLE-HASKINS,MONTGOMERY,DEMOCRATIC,924,5351,DEM
GP 2020,13TH DEMOCRATIC DELEGATE,G,5,26170,113,ELLEN,BIDEN,SCHANZLE-HASKINS,BOND,DEMOCRATIC,151,5352,DEM
GP 2020,13TH DEMOCRATIC DELEGATE,G,5,26170,113,ELLEN,BIDEN,SCHANZLE-HASKINS,CHRISTIAN,DEMOCRATIC,1050,5353,DEM
GP 2020,13TH DEMOCRATIC DELEGATE,G,5,26170,113,ELLEN,BIDEN,SCHANZLE-HASKINS,SANGAMON,DEMOCRATIC,4111,5354,DEM
GP 2020,13TH DEMOCRATIC DELEGATE,G,5,26170,113,ELLEN,BIDEN,SCHANZLE-HASKINS,MADISON,DEMOCRATIC,5114,5355,DEM
GP 2020,13TH DEMOCRATIC DELEGATE,G,5,26170,113,ELLEN,BIDEN,SCHANZLE-HASKINS,CALHOUN,DEMOCRATIC,179,5356,DEM
GP 2020,13TH DEMOCRATIC DELEGATE,G,5,26170,113,ELLEN,BIDEN,SCHANZLE-HASKINS,GREENE,DEMOCRATIC,366,5357,DEM
GP 2020,13TH DEMOCRATIC DELEGATE,G,5,26170,113,ELLEN,BIDEN,SCHANZLE-HASKINS,PIATT,DEMOCRATIC,666,5358,DEM
GP 2020,13TH DEMOCRATIC DELEGATE,G,5,26170,113,ELLEN,BIDEN,SCHANZLE-HASKINS,DeWITT,DEMOCRATIC,503,5359,DEM
GP 2020,13TH DEMOCRATIC DELEGATE,G,5,26170,113,ELLEN,BIDEN,SCHANZLE-HASKINS,JERSEY,DEMOCRATIC,733,5360,DEM
GP 2020,13TH DEMOCRATIC DELEGATE,G,5,26170,113,ELLEN,BIDEN,SCHANZLE-HASKINS,MACON,DEMOCRATIC,3865,5361,DEM
GP 2020,13TH DEMOCRATIC DELEGATE,G,5,26170,113,ELLEN,BIDEN,SCHANZLE-HASKINS,MACOUPIN,DEMOCRATIC,1983,5362,DEM
GP 2020,13TH DEMOCRATIC DELEGATE,G,5,26168,113,CHUCK,BIDEN,NAPIER,GREENE,DEMOCRATIC,367,5363,DEM
GP 2020,13TH DEMOCRATIC DELEGATE,G,5,26168,113,CHUCK,BIDEN,NAPIER,PIATT,DEMOCRATIC,650,5364,DEM
GP 2020,13TH DEMOCRATIC DELEGATE,G,5,26168,113,CHUCK,BIDEN,NAPIER,DeWITT,DEMOCRATIC,491,5365,DEM
GP 2020,13TH DEMOCRATIC DELEGATE,G,5,26168,113,CHUCK,BIDEN,NAPIER,JERSEY,DEMOCRATIC,741,5366,DEM
GP 2020,13TH DEMOCRATIC DELEGATE,G,5,26168,113,CHUCK,BIDEN,NAPIER,MADISON,DEMOCRATIC,5109,5367,DEM
GP 2020,13TH DEMOCRATIC DELEGATE,G,5,26168,113,CHUCK,BIDEN,NAPIER,CALHOUN,DEMOCRATIC,186,5368,DEM
GP 2020,13TH DEMOCRATIC DELEGATE,G,5,26168,113,CHUCK,BIDEN,NAPIER,McLEAN,DEMOCRATIC,2061,5369,DEM
GP 2020,13TH DEMOCRATIC DELEGATE,G,5,26168,113,CHUCK,BIDEN,NAPIER,CHAMPAIGN,DEMOCRATIC,7756,5370,DEM
GP 2020,13TH DEMOCRATIC DELEGATE,G,5,26168,113,CHUCK,BIDEN,NAPIER,MACON,DEMOCRATIC,3846,5371,DEM
GP 2020,13TH DEMOCRATIC DELEGATE,G,5,26168,113,CHUCK,BIDEN,NAPIER,MACOUPIN,DEMOCRATIC,2020,5372,DEM
GP 2020,13TH DEMOCRATIC DELEGATE,G,5,26168,113,CHUCK,BIDEN,NAPIER,MONTGOMERY,DEMOCRATIC,1020,5373,DEM
GP 2020,13TH DEMOCRATIC DELEGATE,G,5,26168,113,CHUCK,BIDEN,NAPIER,BOND,DEMOCRATIC,156,5374,DEM
GP 2020,13TH DEMOCRATIC DELEGATE,G,5,26168,113,CHUCK,BIDEN,NAPIER,CHRISTIAN,DEMOCRATIC,1030,5375,DEM
GP 2020,13TH DEMOCRATIC DELEGATE,G,5,26168,113,CHUCK,BIDEN,NAPIER,SANGAMON,DEMOCRATIC,3842,5376,DEM
GP 2020,13TH DEMOCRATIC DELEGATE,G,5,26556,113,CAROL,SANDERS,AMMONS,GREENE,DEMOCRATIC,132,5377,DEM
GP 2020,13TH DEMOCRATIC DELEGATE,G,5,26556,113,CAROL,SANDERS,AMMONS,PIATT,DEMOCRATIC,391,5378,DEM
GP 2020,13TH DEMOCRATIC DELEGATE,G,5,26556,113,CAROL,SANDERS,AMMONS,DeWITT,DEMOCRATIC,229,5379,DEM
GP 2020,13TH DEMOCRATIC DELEGATE,G,5,26556,113,CAROL,SANDERS,AMMONS,JERSEY,DEMOCRATIC,360,5380,DEM
GP 2020,13TH DEMOCRATIC DELEGATE,G,5,26556,113,CAROL,SANDERS,AMMONS,MACON,DEMOCRATIC,1815,5381,DEM
GP 2020,13TH DEMOCRATIC DELEGATE,G,5,26556,113,CAROL,SANDERS,AMMONS,MACOUPIN,DEMOCRATIC,859,5382,DEM
GP 2020,13TH DEMOCRATIC DELEGATE,G,5,26556,113,CAROL,SANDERS,AMMONS,McLEAN,DEMOCRATIC,2340,5383,DEM
GP 2020,13TH DEMOCRATIC DELEGATE,G,5,26556,113,CAROL,SANDERS,AMMONS,CHAMPAIGN,DEMOCRATIC,11048,5384,DEM
GP 2020,13TH DEMOCRATIC DELEGATE,G,5,26556,113,CAROL,SANDERS,AMMONS,MONTGOMERY,DEMOCRATIC,223,5385,DEM
GP 2020,13TH DEMOCRATIC DELEGATE,G,5,26556,113,CAROL,SANDERS,AMMONS,BOND,DEMOCRATIC,61,5386,DEM
GP 2020,13TH DEMOCRATIC DELEGATE,G,5,26556,113,CAROL,SANDERS,AMMONS,CHRISTIAN,DEMOCRATIC,462,5387,DEM
GP 2020,13TH DEMOCRATIC DELEGATE,G,5,26556,113,CAROL,SANDERS,AMMONS,SANGAMON,DEMOCRATIC,2415,5388,DEM
GP 2020,13TH DEMOCRATIC DELEGATE,G,5,26556,113,CAROL,SANDERS,AMMONS,MADISON,DEMOCRATIC,2873,5389,DEM
GP 2020,13TH DEMOCRATIC DELEGATE,G,5,26556,113,CAROL,SANDERS,AMMONS,CALHOUN,DEMOCRATIC,49,5390,DEM
GP 2020,13TH DEMOCRATIC DELEGATE,G,5,26559,113,ALLAN M.,SANDERS,AXELROD,GREENE,DEMOCRATIC,94,5391,DEM
GP 2020,13TH DEMOCRATIC DELEGATE,G,5,26559,113,ALLAN M.,SANDERS,AXELROD,PIATT,DEMOCRATIC,304,5392,DEM
GP 2020,13TH DEMOCRATIC DELEGATE,G,5,26559,113,ALLAN M.,SANDERS,AXELROD,DeWITT,DEMOCRATIC,186,5393,DEM
GP 2020,13TH DEMOCRATIC DELEGATE,G,5,26559,113,ALLAN M.,SANDERS,AXELROD,JERSEY,DEMOCRATIC,233,5394,DEM
GP 2020,13TH DEMOCRATIC DELEGATE,G,5,26559,113,ALLAN M.,SANDERS,AXELROD,MACON,DEMOCRATIC,1516,5395,DEM
GP 2020,13TH DEMOCRATIC DELEGATE,G,5,26559,113,ALLAN M.,SANDERS,AXELROD,MACOUPIN,DEMOCRATIC,753,5396,DEM
GP 2020,13TH DEMOCRATIC DELEGATE,G,5,26559,113,ALLAN M.,SANDERS,AXELROD,McLEAN,DEMOCRATIC,1931,5397,DEM
GP 2020,13TH DEMOCRATIC DELEGATE,G,5,26559,113,ALLAN M.,SANDERS,AXELROD,CHAMPAIGN,DEMOCRATIC,8213,5398,DEM
GP 2020,13TH DEMOCRATIC DELEGATE,G,5,26559,113,ALLAN M.,SANDERS,AXELROD,MONTGOMERY,DEMOCRATIC,201,5399,DEM
GP 2020,13TH DEMOCRATIC DELEGATE,G,5,26559,113,ALLAN M.,SANDERS,AXELROD,BOND,DEMOCRATIC,51,5400,DEM
GP 2020,13TH DEMOCRATIC DELEGATE,G,5,26559,113,ALLAN M.,SANDERS,AXELROD,CHRISTIAN,DEMOCRATIC,418,5401,DEM
GP 2020,13TH DEMOCRATIC DELEGATE,G,5,26559,113,ALLAN M.,SANDERS,AXELROD,SANGAMON,DEMOCRATIC,2021,5402,DEM
GP 2020,13TH DEMOCRATIC DELEGATE,G,5,26559,113,ALLAN M.,SANDERS,AXELROD,MADISON,DEMOCRATIC,2424,5403,DEM
GP 2020,13TH DEMOCRATIC DELEGATE,G,5,26559,113,ALLAN M.,SANDERS,AXELROD,CALHOUN,DEMOCRATIC,40,5404,DEM
GP 2020,COOK - 6TH SUBCIRCUIT - NEGA VACANCY,LC,1,25718,605,ANNE,,SHAW,COOK,DEMOCRATIC,20866,5405,DEM
GP 2020,COOK - 6TH SUBCIRCUIT - NEGA VACANCY,LC,1,25699,605,JAMIE GUERRA,,DICKLER,COOK,DEMOCRATIC,27535,5406,DEM
GP 2020,13TH REPUBLICAN DELEGATE,G,3,26376,113,MARTIN,TRUMP,DAVIS,GREENE,REPUBLICAN,1058,5407,REP
GP 2020,13TH REPUBLICAN DELEGATE,G,3,26376,113,MARTIN,TRUMP,DAVIS,PIATT,REPUBLICAN,1471,5408,REP
GP 2020,13TH REPUBLICAN DELEGATE,G,3,26376,113,MARTIN,TRUMP,DAVIS,DeWITT,REPUBLICAN,1873,5409,REP
GP 2020,13TH REPUBLICAN DELEGATE,G,3,26376,113,MARTIN,TRUMP,DAVIS,JERSEY,REPUBLICAN,1350,5410,REP
GP 2020,13TH REPUBLICAN DELEGATE,G,3,26376,113,MARTIN,TRUMP,DAVIS,MACON,REPUBLICAN,5725,5411,REP
GP 2020,13TH REPUBLICAN DELEGATE,G,3,26376,113,MARTIN,TRUMP,DAVIS,MACOUPIN,REPUBLICAN,2546,5412,REP
GP 2020,13TH REPUBLICAN DELEGATE,G,3,26376,113,MARTIN,TRUMP,DAVIS,McLEAN,REPUBLICAN,1755,5413,REP
GP 2020,13TH REPUBLICAN DELEGATE,G,3,26376,113,MARTIN,TRUMP,DAVIS,CHAMPAIGN,REPUBLICAN,3029,5414,REP
GP 2020,13TH REPUBLICAN DELEGATE,G,3,26376,113,MARTIN,TRUMP,DAVIS,MONTGOMERY,REPUBLICAN,1918,5415,REP
GP 2020,13TH REPUBLICAN DELEGATE,G,3,26376,113,MARTIN,TRUMP,DAVIS,BOND,REPUBLICAN,292,5416,REP
GP 2020,13TH REPUBLICAN DELEGATE,G,3,26376,113,MARTIN,TRUMP,DAVIS,CHRISTIAN,REPUBLICAN,2251,5417,REP
GP 2020,13TH REPUBLICAN DELEGATE,G,3,26376,113,MARTIN,TRUMP,DAVIS,SANGAMON,REPUBLICAN,2394,5418,REP
GP 2020,13TH REPUBLICAN DELEGATE,G,3,26376,113,MARTIN,TRUMP,DAVIS,MADISON,REPUBLICAN,3927,5419,REP
GP 2020,13TH REPUBLICAN DELEGATE,G,3,26376,113,MARTIN,TRUMP,DAVIS,CALHOUN,REPUBLICAN,237,5420,REP
GP 2020,13TH REPUBLICAN DELEGATE,G,3,26377,113,SUSAN GANT,TRUMP,REYNOLDS,GREENE,REPUBLICAN,928,5421,REP
GP 2020,13TH REPUBLICAN DELEGATE,G,3,26377,113,SUSAN GANT,TRUMP,REYNOLDS,PIATT,REPUBLICAN,1290,5422,REP
GP 2020,13TH REPUBLICAN DELEGATE,G,3,26377,113,SUSAN GANT,TRUMP,REYNOLDS,CHRISTIAN,REPUBLICAN,1922,5423,REP
GP 2020,13TH REPUBLICAN DELEGATE,G,3,26377,113,SUSAN GANT,TRUMP,REYNOLDS,SANGAMON,REPUBLICAN,2214,5424,REP
GP 2020,13TH REPUBLICAN DELEGATE,G,3,26377,113,SUSAN GANT,TRUMP,REYNOLDS,MADISON,REPUBLICAN,3401,5425,REP
GP 2020,13TH REPUBLICAN DELEGATE,G,3,26377,113,SUSAN GANT,TRUMP,REYNOLDS,CALHOUN,REPUBLICAN,171,5426,REP
GP 2020,13TH REPUBLICAN DELEGATE,G,3,26377,113,SUSAN GANT,TRUMP,REYNOLDS,McLEAN,REPUBLICAN,1527,5427,REP
GP 2020,13TH REPUBLICAN DELEGATE,G,3,26377,113,SUSAN GANT,TRUMP,REYNOLDS,CHAMPAIGN,REPUBLICAN,2725,5428,REP
GP 2020,13TH REPUBLICAN DELEGATE,G,3,26377,113,SUSAN GANT,TRUMP,REYNOLDS,DeWITT,REPUBLICAN,1701,5429,REP
GP 2020,13TH REPUBLICAN DELEGATE,G,3,26377,113,SUSAN GANT,TRUMP,REYNOLDS,JERSEY,REPUBLICAN,1178,5430,REP
GP 2020,13TH REPUBLICAN DELEGATE,G,3,26377,113,SUSAN GANT,TRUMP,REYNOLDS,MACON,REPUBLICAN,5654,5431,REP
GP 2020,13TH REPUBLICAN DELEGATE,G,3,26377,113,SUSAN GANT,TRUMP,REYNOLDS,MACOUPIN,REPUBLICAN,2254,5432,REP
GP 2020,13TH REPUBLICAN DELEGATE,G,3,26377,113,SUSAN GANT,TRUMP,REYNOLDS,MONTGOMERY,REPUBLICAN,1684,5433,REP
GP 2020,13TH REPUBLICAN DELEGATE,G,3,26377,113,SUSAN GANT,TRUMP,REYNOLDS,BOND,REPUBLICAN,238,5434,REP
GP 2020,13TH REPUBLICAN DELEGATE,G,3,26379,113,MARIA,TRUMP,VASQUEZ,GREENE,REPUBLICAN,839,5435,REP
GP 2020,13TH REPUBLICAN DELEGATE,G,3,26379,113,MARIA,TRUMP,VASQUEZ,PIATT,REPUBLICAN,1104,5436,REP
GP 2020,13TH REPUBLICAN DELEGATE,G,3,26379,113,MARIA,TRUMP,VASQUEZ,DeWITT,REPUBLICAN,1540,5437,REP
GP 2020,13TH REPUBLICAN DELEGATE,G,3,26379,113,MARIA,TRUMP,VASQUEZ,SANGAMON,REPUBLICAN,1984,5438,REP
GP 2020,13TH REPUBLICAN DELEGATE,G,3,26379,113,MARIA,TRUMP,VASQUEZ,MADISON,REPUBLICAN,3028,5439,REP
GP 2020,13TH REPUBLICAN DELEGATE,G,3,26379,113,MARIA,TRUMP,VASQUEZ,CALHOUN,REPUBLICAN,146,5440,REP
GP 2020,13TH REPUBLICAN DELEGATE,G,3,26379,113,MARIA,TRUMP,VASQUEZ,McLEAN,REPUBLICAN,1421,5441,REP
GP 2020,13TH REPUBLICAN DELEGATE,G,3,26379,113,MARIA,TRUMP,VASQUEZ,CHAMPAIGN,REPUBLICAN,2591,5442,REP
GP 2020,13TH REPUBLICAN DELEGATE,G,3,26379,113,MARIA,TRUMP,VASQUEZ,JERSEY,REPUBLICAN,1053,5443,REP
GP 2020,13TH REPUBLICAN DELEGATE,G,3,26379,113,MARIA,TRUMP,VASQUEZ,MACON,REPUBLICAN,4653,5444,REP
GP 2020,13TH REPUBLICAN DELEGATE,G,3,26379,113,MARIA,TRUMP,VASQUEZ,MACOUPIN,REPUBLICAN,1961,5445,REP
GP 2020,13TH REPUBLICAN DELEGATE,G,3,26379,113,MARIA,TRUMP,VASQUEZ,MONTGOMERY,REPUBLICAN,1483,5446,REP
GP 2020,13TH REPUBLICAN DELEGATE,G,3,26379,113,MARIA,TRUMP,VASQUEZ,BOND,REPUBLICAN,223,5447,REP
GP 2020,13TH REPUBLICAN DELEGATE,G,3,26379,113,MARIA,TRUMP,VASQUEZ,CHRISTIAN,REPUBLICAN,1695,5448,REP
GP 2020,COOK - 6TH SUBCIRCUIT - PANTLE VACANCY,LC,1,25762,610,CORY ELI,,OSHITA,COOK,DEMOCRATIC,10587,5449,DEM
GP 2020,COOK - 6TH SUBCIRCUIT - PANTLE VACANCY,LC,1,25903,610,ANTHONY,,LUCAFO,COOK,DEMOCRATIC,10565,5450,DEM
GP 2020,COOK - 6TH SUBCIRCUIT - PANTLE VACANCY,LC,1,25700,610,EILEEN MARIE,,O'CONNOR,COOK,DEMOCRATIC,27568,5451,DEM
GP 2020,COOK - 7TH SUBCIRCUIT - JACKSON VACANCY,LC,1,25792,705,MARCIA O'BRIEN,,CONWAY,COOK,DEMOCRATIC,10796,5452,DEM
GP 2020,COOK - 7TH SUBCIRCUIT - JACKSON VACANCY,LC,1,25784,705,"OWENS ""JOE""",,SHELBY,COOK,DEMOCRATIC,7302,5453,DEM
GP 2020,COOK - 7TH SUBCIRCUIT - JACKSON VACANCY,LC,1,25925,705,MABLE,,TAYLOR,COOK,DEMOCRATIC,5371,5454,DEM
GP 2020,COOK - 7TH SUBCIRCUIT - JACKSON VACANCY,LC,1,25976,705,KRISTEN MARIE,,LYONS,COOK,DEMOCRATIC,3820,5455,DEM
GP 2020,COOK - 7TH SUBCIRCUIT - JACKSON VACANCY,LC,1,25636,705,PAMELA,,REAVES-HARRIS,COOK,DEMOCRATIC,16639,5456,DEM
GP 2020,13TH REPUBLICAN ALTERNATE DELEGATE,G,3,26382,213,DON,TRUMP,TRACY,GREENE,REPUBLICAN,963,5457,REP
GP 2020,13TH REPUBLICAN ALTERNATE DELEGATE,G,3,26382,213,DON,TRUMP,TRACY,PIATT,REPUBLICAN,1406,5458,REP
GP 2020,13TH REPUBLICAN ALTERNATE DELEGATE,G,3,26382,213,DON,TRUMP,TRACY,DeWITT,REPUBLICAN,1753,5459,REP
GP 2020,13TH REPUBLICAN ALTERNATE DELEGATE,G,3,26382,213,DON,TRUMP,TRACY,JERSEY,REPUBLICAN,1238,5460,REP
GP 2020,13TH REPUBLICAN ALTERNATE DELEGATE,G,3,26382,213,DON,TRUMP,TRACY,MACON,REPUBLICAN,4866,5461,REP
GP 2020,13TH REPUBLICAN ALTERNATE DELEGATE,G,3,26382,213,DON,TRUMP,TRACY,MACOUPIN,REPUBLICAN,2237,5462,REP
GP 2020,13TH REPUBLICAN ALTERNATE DELEGATE,G,3,26382,213,DON,TRUMP,TRACY,McLEAN,REPUBLICAN,1657,5463,REP
GP 2020,13TH REPUBLICAN ALTERNATE DELEGATE,G,3,26382,213,DON,TRUMP,TRACY,CHAMPAIGN,REPUBLICAN,2925,5464,REP
GP 2020,13TH REPUBLICAN ALTERNATE DELEGATE,G,3,26382,213,DON,TRUMP,TRACY,MONTGOMERY,REPUBLICAN,1593,5465,REP
GP 2020,13TH REPUBLICAN ALTERNATE DELEGATE,G,3,26382,213,DON,TRUMP,TRACY,BOND,REPUBLICAN,259,5466,REP
GP 2020,13TH REPUBLICAN ALTERNATE DELEGATE,G,3,26382,213,DON,TRUMP,TRACY,CHRISTIAN,REPUBLICAN,1822,5467,REP
GP 2020,13TH REPUBLICAN ALTERNATE DELEGATE,G,3,26382,213,DON,TRUMP,TRACY,SANGAMON,REPUBLICAN,2456,5468,REP
GP 2020,13TH REPUBLICAN ALTERNATE DELEGATE,G,3,26382,213,DON,TRUMP,TRACY,MADISON,REPUBLICAN,3654,5469,REP
GP 2020,13TH REPUBLICAN ALTERNATE DELEGATE,G,3,26382,213,DON,TRUMP,TRACY,CALHOUN,REPUBLICAN,207,5470,REP
GP 2020,13TH REPUBLICAN ALTERNATE DELEGATE,G,3,26386,213,SETH,TRUMP,McMILLAN,GREENE,REPUBLICAN,921,5471,REP
GP 2020,13TH REPUBLICAN ALTERNATE DELEGATE,G,3,26386,213,SETH,TRUMP,McMILLAN,PIATT,REPUBLICAN,1236,5472,REP
GP 2020,13TH REPUBLICAN ALTERNATE DELEGATE,G,3,26386,213,SETH,TRUMP,McMILLAN,DeWITT,REPUBLICAN,1634,5473,REP
GP 2020,13TH REPUBLICAN ALTERNATE DELEGATE,G,3,26386,213,SETH,TRUMP,McMILLAN,SANGAMON,REPUBLICAN,2002,5474,REP
GP 2020,13TH REPUBLICAN ALTERNATE DELEGATE,G,3,26386,213,SETH,TRUMP,McMILLAN,MADISON,REPUBLICAN,3251,5475,REP
GP 2020,13TH REPUBLICAN ALTERNATE DELEGATE,G,3,26386,213,SETH,TRUMP,McMILLAN,CALHOUN,REPUBLICAN,179,5476,REP
GP 2020,13TH REPUBLICAN ALTERNATE DELEGATE,G,3,26386,213,SETH,TRUMP,McMILLAN,McLEAN,REPUBLICAN,1480,5477,REP
GP 2020,13TH REPUBLICAN ALTERNATE DELEGATE,G,3,26386,213,SETH,TRUMP,McMILLAN,CHAMPAIGN,REPUBLICAN,2631,5478,REP
GP 2020,13TH REPUBLICAN ALTERNATE DELEGATE,G,3,26386,213,SETH,TRUMP,McMILLAN,JERSEY,REPUBLICAN,1142,5479,REP
GP 2020,13TH REPUBLICAN ALTERNATE DELEGATE,G,3,26386,213,SETH,TRUMP,McMILLAN,MACON,REPUBLICAN,4875,5480,REP
GP 2020,13TH REPUBLICAN ALTERNATE DELEGATE,G,3,26386,213,SETH,TRUMP,McMILLAN,MACOUPIN,REPUBLICAN,2353,5481,REP
GP 2020,13TH REPUBLICAN ALTERNATE DELEGATE,G,3,26386,213,SETH,TRUMP,McMILLAN,MONTGOMERY,REPUBLICAN,1702,5482,REP
GP 2020,13TH REPUBLICAN ALTERNATE DELEGATE,G,3,26386,213,SETH,TRUMP,McMILLAN,BOND,REPUBLICAN,238,5483,REP
GP 2020,13TH REPUBLICAN ALTERNATE DELEGATE,G,3,26386,213,SETH,TRUMP,McMILLAN,CHRISTIAN,REPUBLICAN,2185,5484,REP
GP 2020,13TH REPUBLICAN ALTERNATE DELEGATE,G,3,26383,213,KEVIN,TRUMP,BREHENY,GREENE,REPUBLICAN,835,5485,REP
GP 2020,13TH REPUBLICAN ALTERNATE DELEGATE,G,3,26383,213,KEVIN,TRUMP,BREHENY,PIATT,REPUBLICAN,1140,5486,REP
GP 2020,13TH REPUBLICAN ALTERNATE DELEGATE,G,3,26383,213,KEVIN,TRUMP,BREHENY,DeWITT,REPUBLICAN,1569,5487,REP
GP 2020,13TH REPUBLICAN ALTERNATE DELEGATE,G,3,26383,213,KEVIN,TRUMP,BREHENY,JERSEY,REPUBLICAN,1097,5488,REP
GP 2020,13TH REPUBLICAN ALTERNATE DELEGATE,G,3,26383,213,KEVIN,TRUMP,BREHENY,MADISON,REPUBLICAN,3091,5489,REP
GP 2020,13TH REPUBLICAN ALTERNATE DELEGATE,G,3,26383,213,KEVIN,TRUMP,BREHENY,CALHOUN,REPUBLICAN,175,5490,REP
GP 2020,13TH REPUBLICAN ALTERNATE DELEGATE,G,3,26383,213,KEVIN,TRUMP,BREHENY,McLEAN,REPUBLICAN,1472,5491,REP
GP 2020,13TH REPUBLICAN ALTERNATE DELEGATE,G,3,26383,213,KEVIN,TRUMP,BREHENY,CHAMPAIGN,REPUBLICAN,2556,5492,REP
GP 2020,13TH REPUBLICAN ALTERNATE DELEGATE,G,3,26383,213,KEVIN,TRUMP,BREHENY,MACON,REPUBLICAN,5572,5493,REP
GP 2020,13TH REPUBLICAN ALTERNATE DELEGATE,G,3,26383,213,KEVIN,TRUMP,BREHENY,MACOUPIN,REPUBLICAN,2006,5494,REP
GP 2020,13TH REPUBLICAN ALTERNATE DELEGATE,G,3,26383,213,KEVIN,TRUMP,BREHENY,MONTGOMERY,REPUBLICAN,1424,5495,REP
GP 2020,13TH REPUBLICAN ALTERNATE DELEGATE,G,3,26383,213,KEVIN,TRUMP,BREHENY,BOND,REPUBLICAN,229,5496,REP
GP 2020,13TH REPUBLICAN ALTERNATE DELEGATE,G,3,26383,213,KEVIN,TRUMP,BREHENY,CHRISTIAN,REPUBLICAN,1661,5497,REP
GP 2020,13TH REPUBLICAN ALTERNATE DELEGATE,G,3,26383,213,KEVIN,TRUMP,BREHENY,SANGAMON,REPUBLICAN,1875,5498,REP
GP 2020,14TH DEMOCRATIC DELEGATE,G,5,26518,114,DAVID,WARREN,LOWITZKI,KANE,DEMOCRATIC,1072,5499,DEM
GP 2020,14TH DEMOCRATIC DELEGATE,G,5,26518,114,DAVID,WARREN,LOWITZKI,McHENRY,DEMOCRATIC,1100,5500,DEM
GP 2020,14TH DEMOCRATIC DELEGATE,G,5,26518,114,DAVID,WARREN,LOWITZKI,WILL,DEMOCRATIC,408,5501,DEM
GP 2020,14TH DEMOCRATIC DELEGATE,G,5,26518,114,DAVID,WARREN,LOWITZKI,DeKALB,DEMOCRATIC,146,5502,DEM
GP 2020,14TH DEMOCRATIC DELEGATE,G,5,26518,114,DAVID,WARREN,LOWITZKI,KENDALL,DEMOCRATIC,437,5503,DEM
GP 2020,14TH DEMOCRATIC DELEGATE,G,5,26518,114,DAVID,WARREN,LOWITZKI,DuPAGE,DEMOCRATIC,101,5504,DEM
GP 2020,14TH DEMOCRATIC DELEGATE,G,5,26518,114,DAVID,WARREN,LOWITZKI,LAKE,DEMOCRATIC,476,5505,DEM
GP 2020,14TH DEMOCRATIC DELEGATE,G,5,26519,114,GWYN,WARREN,CIESLA,KENDALL,DEMOCRATIC,672,5506,DEM
GP 2020,14TH DEMOCRATIC DELEGATE,G,5,26519,114,GWYN,WARREN,CIESLA,DuPAGE,DEMOCRATIC,137,5507,DEM
GP 2020,14TH DEMOCRATIC DELEGATE,G,5,26519,114,GWYN,WARREN,CIESLA,LAKE,DEMOCRATIC,619,5508,DEM
GP 2020,14TH DEMOCRATIC DELEGATE,G,5,26519,114,GWYN,WARREN,CIESLA,KANE,DEMOCRATIC,1549,5509,DEM
GP 2020,14TH DEMOCRATIC DELEGATE,G,5,26519,114,GWYN,WARREN,CIESLA,McHENRY,DEMOCRATIC,1570,5510,DEM
GP 2020,14TH DEMOCRATIC DELEGATE,G,5,26519,114,GWYN,WARREN,CIESLA,WILL,DEMOCRATIC,621,5511,DEM
GP 2020,14TH DEMOCRATIC DELEGATE,G,5,26519,114,GWYN,WARREN,CIESLA,DeKALB,DEMOCRATIC,243,5512,DEM
GP 2020,14TH DEMOCRATIC DELEGATE,G,5,26520,114,MARK,WARREN,PIETROWSKI JR.,KANE,DEMOCRATIC,1001,5513,DEM
GP 2020,14TH DEMOCRATIC DELEGATE,G,5,26520,114,MARK,WARREN,PIETROWSKI JR.,McHENRY,DEMOCRATIC,1110,5514,DEM
GP 2020,14TH DEMOCRATIC DELEGATE,G,5,26520,114,MARK,WARREN,PIETROWSKI JR.,WILL,DEMOCRATIC,407,5515,DEM
GP 2020,14TH DEMOCRATIC DELEGATE,G,5,26520,114,MARK,WARREN,PIETROWSKI JR.,DeKALB,DEMOCRATIC,290,5516,DEM
GP 2020,14TH DEMOCRATIC DELEGATE,G,5,26520,114,MARK,WARREN,PIETROWSKI JR.,KENDALL,DEMOCRATIC,455,5517,DEM
GP 2020,14TH DEMOCRATIC DELEGATE,G,5,26520,114,MARK,WARREN,PIETROWSKI JR.,DuPAGE,DEMOCRATIC,107,5518,DEM
GP 2020,14TH DEMOCRATIC DELEGATE,G,5,26520,114,MARK,WARREN,PIETROWSKI JR.,LAKE,DEMOCRATIC,462,5519,DEM
GP 2020,14TH DEMOCRATIC DELEGATE,G,5,26521,114,ANGELA,WARREN,PRICE,KANE,DEMOCRATIC,1809,5520,DEM
GP 2020,14TH DEMOCRATIC DELEGATE,G,5,26521,114,ANGELA,WARREN,PRICE,McHENRY,DEMOCRATIC,2054,5521,DEM
GP 2020,14TH DEMOCRATIC DELEGATE,G,5,26521,114,ANGELA,WARREN,PRICE,WILL,DEMOCRATIC,859,5522,DEM
GP 2020,14TH DEMOCRATIC DELEGATE,G,5,26521,114,ANGELA,WARREN,PRICE,DeKALB,DEMOCRATIC,257,5523,DEM
GP 2020,14TH DEMOCRATIC DELEGATE,G,5,26521,114,ANGELA,WARREN,PRICE,KENDALL,DEMOCRATIC,926,5524,DEM
GP 2020,14TH DEMOCRATIC DELEGATE,G,5,26521,114,ANGELA,WARREN,PRICE,DuPAGE,DEMOCRATIC,183,5525,DEM
GP 2020,14TH DEMOCRATIC DELEGATE,G,5,26521,114,ANGELA,WARREN,PRICE,LAKE,DEMOCRATIC,809,5526,DEM
GP 2020,14TH DEMOCRATIC DELEGATE,G,5,26522,114,STEPHEN,WARREN,BRUESEWITZ,McHENRY,DEMOCRATIC,802,5527,DEM
GP 2020,14TH DEMOCRATIC DELEGATE,G,5,26522,114,STEPHEN,WARREN,BRUESEWITZ,WILL,DEMOCRATIC,312,5528,DEM
GP 2020,14TH DEMOCRATIC DELEGATE,G,5,26522,114,STEPHEN,WARREN,BRUESEWITZ,DeKALB,DEMOCRATIC,82,5529,DEM
GP 2020,14TH DEMOCRATIC DELEGATE,G,5,26522,114,STEPHEN,WARREN,BRUESEWITZ,KENDALL,DEMOCRATIC,340,5530,DEM
GP 2020,14TH DEMOCRATIC DELEGATE,G,5,26522,114,STEPHEN,WARREN,BRUESEWITZ,DuPAGE,DEMOCRATIC,74,5531,DEM
GP 2020,14TH DEMOCRATIC DELEGATE,G,5,26522,114,STEPHEN,WARREN,BRUESEWITZ,LAKE,DEMOCRATIC,314,5532,DEM
GP 2020,14TH DEMOCRATIC DELEGATE,G,5,26522,114,STEPHEN,WARREN,BRUESEWITZ,KANE,DEMOCRATIC,782,5533,DEM
GP 2020,14TH DEMOCRATIC DELEGATE,G,5,26473,114,KATHARINE,SANDERS,CUNEO,WILL,DEMOCRATIC,3264,5534,DEM
GP 2020,14TH DEMOCRATIC DELEGATE,G,5,26473,114,KATHARINE,SANDERS,CUNEO,DeKALB,DEMOCRATIC,1174,5535,DEM
GP 2020,14TH DEMOCRATIC DELEGATE,G,5,26473,114,KATHARINE,SANDERS,CUNEO,KENDALL,DEMOCRATIC,2641,5536,DEM
GP 2020,14TH DEMOCRATIC DELEGATE,G,5,26473,114,KATHARINE,SANDERS,CUNEO,DuPAGE,DEMOCRATIC,729,5537,DEM
GP 2020,14TH DEMOCRATIC DELEGATE,G,5,26473,114,KATHARINE,SANDERS,CUNEO,LAKE,DEMOCRATIC,2884,5538,DEM
GP 2020,14TH DEMOCRATIC DELEGATE,G,5,26473,114,KATHARINE,SANDERS,CUNEO,KANE,DEMOCRATIC,5436,5539,DEM
GP 2020,14TH DEMOCRATIC DELEGATE,G,5,26473,114,KATHARINE,SANDERS,CUNEO,McHENRY,DEMOCRATIC,6570,5540,DEM
GP 2020,14TH DEMOCRATIC DELEGATE,G,5,26474,114,ANDREW G.,SANDERS,McKAY,KANE,DEMOCRATIC,4645,5541,DEM
GP 2020,14TH DEMOCRATIC DELEGATE,G,5,26474,114,ANDREW G.,SANDERS,McKAY,McHENRY,DEMOCRATIC,5643,5542,DEM
GP 2020,14TH DEMOCRATIC DELEGATE,G,5,26474,114,ANDREW G.,SANDERS,McKAY,WILL,DEMOCRATIC,2908,5543,DEM
GP 2020,14TH DEMOCRATIC DELEGATE,G,5,26474,114,ANDREW G.,SANDERS,McKAY,DeKALB,DEMOCRATIC,1161,5544,DEM
GP 2020,14TH DEMOCRATIC DELEGATE,G,5,26474,114,ANDREW G.,SANDERS,McKAY,KENDALL,DEMOCRATIC,2275,5545,DEM
GP 2020,14TH DEMOCRATIC DELEGATE,G,5,26474,114,ANDREW G.,SANDERS,McKAY,DuPAGE,DEMOCRATIC,662,5546,DEM
GP 2020,14TH DEMOCRATIC DELEGATE,G,5,26474,114,ANDREW G.,SANDERS,McKAY,LAKE,DEMOCRATIC,2465,5547,DEM
GP 2020,14TH DEMOCRATIC DELEGATE,G,5,26478,114,NATHANIEL A.,SANDERS,BIRR,KANE,DEMOCRATIC,4083,5548,DEM
GP 2020,14TH DEMOCRATIC DELEGATE,G,5,26478,114,NATHANIEL A.,SANDERS,BIRR,McHENRY,DEMOCRATIC,5185,5549,DEM
GP 2020,14TH DEMOCRATIC DELEGATE,G,5,26478,114,NATHANIEL A.,SANDERS,BIRR,WILL,DEMOCRATIC,2624,5550,DEM
GP 2020,14TH DEMOCRATIC DELEGATE,G,5,26478,114,NATHANIEL A.,SANDERS,BIRR,DeKALB,DEMOCRATIC,936,5551,DEM
GP 2020,14TH DEMOCRATIC DELEGATE,G,5,26478,114,NATHANIEL A.,SANDERS,BIRR,KENDALL,DEMOCRATIC,1961,5552,DEM
GP 2020,14TH DEMOCRATIC DELEGATE,G,5,26478,114,NATHANIEL A.,SANDERS,BIRR,DuPAGE,DEMOCRATIC,602,5553,DEM
GP 2020,14TH DEMOCRATIC DELEGATE,G,5,26478,114,NATHANIEL A.,SANDERS,BIRR,LAKE,DEMOCRATIC,2217,5554,DEM
GP 2020,14TH DEMOCRATIC DELEGATE,G,5,26564,114,MICHAEL,YANG,LEONE,KANE,DEMOCRATIC,262,5555,DEM
GP 2020,14TH DEMOCRATIC DELEGATE,G,5,26564,114,MICHAEL,YANG,LEONE,McHENRY,DEMOCRATIC,284,5556,DEM
GP 2020,14TH DEMOCRATIC DELEGATE,G,5,26564,114,MICHAEL,YANG,LEONE,WILL,DEMOCRATIC,242,5557,DEM
GP 2020,14TH DEMOCRATIC DELEGATE,G,5,26564,114,MICHAEL,YANG,LEONE,DeKALB,DEMOCRATIC,79,5558,DEM
GP 2020,14TH DEMOCRATIC DELEGATE,G,5,26564,114,MICHAEL,YANG,LEONE,KENDALL,DEMOCRATIC,101,5559,DEM
GP 2020,14TH DEMOCRATIC DELEGATE,G,5,26564,114,MICHAEL,YANG,LEONE,DuPAGE,DEMOCRATIC,40,5560,DEM
GP 2020,14TH DEMOCRATIC DELEGATE,G,5,26564,114,MICHAEL,YANG,LEONE,LAKE,DEMOCRATIC,150,5561,DEM
GP 2020,14TH DEMOCRATIC DELEGATE,G,5,26619,114,NICHOLAS (NICK),KLOBUCHAR,DAGGERS,KANE,DEMOCRATIC,254,5562,DEM
GP 2020,14TH DEMOCRATIC DELEGATE,G,5,26619,114,NICHOLAS (NICK),KLOBUCHAR,DAGGERS,McHENRY,DEMOCRATIC,234,5563,DEM
GP 2020,14TH DEMOCRATIC DELEGATE,G,5,26619,114,NICHOLAS (NICK),KLOBUCHAR,DAGGERS,WILL,DEMOCRATIC,181,5564,DEM
GP 2020,14TH DEMOCRATIC DELEGATE,G,5,26619,114,NICHOLAS (NICK),KLOBUCHAR,DAGGERS,DeKALB,DEMOCRATIC,62,5565,DEM
GP 2020,14TH DEMOCRATIC DELEGATE,G,5,26619,114,NICHOLAS (NICK),KLOBUCHAR,DAGGERS,KENDALL,DEMOCRATIC,80,5566,DEM
GP 2020,14TH DEMOCRATIC DELEGATE,G,5,26619,114,NICHOLAS (NICK),KLOBUCHAR,DAGGERS,DuPAGE,DEMOCRATIC,25,5567,DEM
GP 2020,14TH DEMOCRATIC DELEGATE,G,5,26619,114,NICHOLAS (NICK),KLOBUCHAR,DAGGERS,LAKE,DEMOCRATIC,237,5568,DEM
GP 2020,14TH DEMOCRATIC DELEGATE,G,5,26621,114,MAURY,KLOBUCHAR,GOODMAN,KANE,DEMOCRATIC,304,5569,DEM
GP 2020,14TH DEMOCRATIC DELEGATE,G,5,26621,114,MAURY,KLOBUCHAR,GOODMAN,McHENRY,DEMOCRATIC,266,5570,DEM
GP 2020,14TH DEMOCRATIC DELEGATE,G,5,26621,114,MAURY,KLOBUCHAR,GOODMAN,WILL,DEMOCRATIC,178,5571,DEM
GP 2020,14TH DEMOCRATIC DELEGATE,G,5,26621,114,MAURY,KLOBUCHAR,GOODMAN,DeKALB,DEMOCRATIC,59,5572,DEM
GP 2020,14TH DEMOCRATIC DELEGATE,G,5,26621,114,MAURY,KLOBUCHAR,GOODMAN,KENDALL,DEMOCRATIC,90,5573,DEM
GP 2020,14TH DEMOCRATIC DELEGATE,G,5,26621,114,MAURY,KLOBUCHAR,GOODMAN,DuPAGE,DEMOCRATIC,44,5574,DEM
GP 2020,14TH DEMOCRATIC DELEGATE,G,5,26621,114,MAURY,KLOBUCHAR,GOODMAN,LAKE,DEMOCRATIC,215,5575,DEM
GP 2020,14TH DEMOCRATIC DELEGATE,G,5,26622,114,NANCY,KLOBUCHAR,GLISSMAN,KANE,DEMOCRATIC,619,5576,DEM
GP 2020,14TH DEMOCRATIC DELEGATE,G,5,26622,114,NANCY,KLOBUCHAR,GLISSMAN,McHENRY,DEMOCRATIC,522,5577,DEM
GP 2020,14TH DEMOCRATIC DELEGATE,G,5,26622,114,NANCY,KLOBUCHAR,GLISSMAN,WILL,DEMOCRATIC,369,5578,DEM
GP 2020,14TH DEMOCRATIC DELEGATE,G,5,26622,114,NANCY,KLOBUCHAR,GLISSMAN,DeKALB,DEMOCRATIC,126,5579,DEM
GP 2020,14TH DEMOCRATIC DELEGATE,G,5,26622,114,NANCY,KLOBUCHAR,GLISSMAN,KENDALL,DEMOCRATIC,192,5580,DEM
GP 2020,14TH DEMOCRATIC DELEGATE,G,5,26622,114,NANCY,KLOBUCHAR,GLISSMAN,DuPAGE,DEMOCRATIC,51,5581,DEM
GP 2020,14TH DEMOCRATIC DELEGATE,G,5,26622,114,NANCY,KLOBUCHAR,GLISSMAN,LAKE,DEMOCRATIC,306,5582,DEM
GP 2020,14TH DEMOCRATIC DELEGATE,G,5,26623,114,MARY,KLOBUCHAR,MAHADY,LAKE,DEMOCRATIC,227,5583,DEM
GP 2020,14TH DEMOCRATIC DELEGATE,G,5,26623,114,MARY,KLOBUCHAR,MAHADY,KANE,DEMOCRATIC,401,5584,DEM
GP 2020,14TH DEMOCRATIC DELEGATE,G,5,26623,114,MARY,KLOBUCHAR,MAHADY,McHENRY,DEMOCRATIC,604,5585,DEM
GP 2020,14TH DEMOCRATIC DELEGATE,G,5,26623,114,MARY,KLOBUCHAR,MAHADY,WILL,DEMOCRATIC,277,5586,DEM
GP 2020,14TH DEMOCRATIC DELEGATE,G,5,26623,114,MARY,KLOBUCHAR,MAHADY,DeKALB,DEMOCRATIC,123,5587,DEM
GP 2020,14TH DEMOCRATIC DELEGATE,G,5,26623,114,MARY,KLOBUCHAR,MAHADY,KENDALL,DEMOCRATIC,122,5588,DEM
GP 2020,14TH DEMOCRATIC DELEGATE,G,5,26623,114,MARY,KLOBUCHAR,MAHADY,DuPAGE,DEMOCRATIC,46,5589,DEM
GP 2020,14TH DEMOCRATIC DELEGATE,G,5,26060,114,HARRY,BUTTIGIEG,BENTON,McHENRY,DEMOCRATIC,879,5590,DEM
GP 2020,14TH DEMOCRATIC DELEGATE,G,5,26060,114,HARRY,BUTTIGIEG,BENTON,WILL,DEMOCRATIC,500,5591,DEM
GP 2020,14TH DEMOCRATIC DELEGATE,G,5,26060,114,HARRY,BUTTIGIEG,BENTON,DeKALB,DEMOCRATIC,150,5592,DEM
GP 2020,14TH DEMOCRATIC DELEGATE,G,5,26060,114,HARRY,BUTTIGIEG,BENTON,KENDALL,DEMOCRATIC,516,5593,DEM
GP 2020,14TH DEMOCRATIC DELEGATE,G,5,26060,114,HARRY,BUTTIGIEG,BENTON,DuPAGE,DEMOCRATIC,42,5594,DEM
GP 2020,14TH DEMOCRATIC DELEGATE,G,5,26060,114,HARRY,BUTTIGIEG,BENTON,LAKE,DEMOCRATIC,381,5595,DEM
GP 2020,14TH DEMOCRATIC DELEGATE,G,5,26060,114,HARRY,BUTTIGIEG,BENTON,KANE,DEMOCRATIC,933,5596,DEM
GP 2020,14TH DEMOCRATIC DELEGATE,G,5,26062,114,ANTHONY,BUTTIGIEG,MAGLIARI,KANE,DEMOCRATIC,863,5597,DEM
GP 2020,14TH DEMOCRATIC DELEGATE,G,5,26062,114,ANTHONY,BUTTIGIEG,MAGLIARI,McHENRY,DEMOCRATIC,850,5598,DEM
GP 2020,14TH DEMOCRATIC DELEGATE,G,5,26062,114,ANTHONY,BUTTIGIEG,MAGLIARI,WILL,DEMOCRATIC,391,5599,DEM
GP 2020,14TH DEMOCRATIC DELEGATE,G,5,26062,114,ANTHONY,BUTTIGIEG,MAGLIARI,DeKALB,DEMOCRATIC,85,5600,DEM
GP 2020,14TH DEMOCRATIC DELEGATE,G,5,26062,114,ANTHONY,BUTTIGIEG,MAGLIARI,KENDALL,DEMOCRATIC,242,5601,DEM
GP 2020,14TH DEMOCRATIC DELEGATE,G,5,26062,114,ANTHONY,BUTTIGIEG,MAGLIARI,DuPAGE,DEMOCRATIC,51,5602,DEM
GP 2020,14TH DEMOCRATIC DELEGATE,G,5,26062,114,ANTHONY,BUTTIGIEG,MAGLIARI,LAKE,DEMOCRATIC,362,5603,DEM
GP 2020,14TH DEMOCRATIC DELEGATE,G,5,26064,114,LAUREN,BUTTIGIEG,WAGNER,KANE,DEMOCRATIC,1619,5604,DEM
GP 2020,14TH DEMOCRATIC DELEGATE,G,5,26064,114,LAUREN,BUTTIGIEG,WAGNER,McHENRY,DEMOCRATIC,1467,5605,DEM
GP 2020,14TH DEMOCRATIC DELEGATE,G,5,26064,114,LAUREN,BUTTIGIEG,WAGNER,WILL,DEMOCRATIC,777,5606,DEM
GP 2020,14TH DEMOCRATIC DELEGATE,G,5,26064,114,LAUREN,BUTTIGIEG,WAGNER,DeKALB,DEMOCRATIC,166,5607,DEM
GP 2020,14TH DEMOCRATIC DELEGATE,G,5,26064,114,LAUREN,BUTTIGIEG,WAGNER,KENDALL,DEMOCRATIC,399,5608,DEM
GP 2020,14TH DEMOCRATIC DELEGATE,G,5,26064,114,LAUREN,BUTTIGIEG,WAGNER,DuPAGE,DEMOCRATIC,93,5609,DEM
GP 2020,14TH DEMOCRATIC DELEGATE,G,5,26064,114,LAUREN,BUTTIGIEG,WAGNER,LAKE,DEMOCRATIC,660,5610,DEM
GP 2020,14TH DEMOCRATIC DELEGATE,G,5,26380,114,SANDRA,YANG,ENRIQUEZ,KANE,DEMOCRATIC,455,5611,DEM
GP 2020,14TH DEMOCRATIC DELEGATE,G,5,26380,114,SANDRA,YANG,ENRIQUEZ,McHENRY,DEMOCRATIC,667,5612,DEM
GP 2020,14TH DEMOCRATIC DELEGATE,G,5,26380,114,SANDRA,YANG,ENRIQUEZ,WILL,DEMOCRATIC,422,5613,DEM
GP 2020,14TH DEMOCRATIC DELEGATE,G,5,26380,114,SANDRA,YANG,ENRIQUEZ,DeKALB,DEMOCRATIC,115,5614,DEM
GP 2020,14TH DEMOCRATIC DELEGATE,G,5,26380,114,SANDRA,YANG,ENRIQUEZ,KENDALL,DEMOCRATIC,225,5615,DEM
GP 2020,14TH DEMOCRATIC DELEGATE,G,5,26380,114,SANDRA,YANG,ENRIQUEZ,DuPAGE,DEMOCRATIC,83,5616,DEM
GP 2020,14TH DEMOCRATIC DELEGATE,G,5,26380,114,SANDRA,YANG,ENRIQUEZ,LAKE,DEMOCRATIC,321,5617,DEM
GP 2020,14TH DEMOCRATIC DELEGATE,G,5,26385,114,RANDALL,YANG,LAWRENCE,WILL,DEMOCRATIC,235,5618,DEM
GP 2020,14TH DEMOCRATIC DELEGATE,G,5,26385,114,RANDALL,YANG,LAWRENCE,DeKALB,DEMOCRATIC,69,5619,DEM
GP 2020,14TH DEMOCRATIC DELEGATE,G,5,26385,114,RANDALL,YANG,LAWRENCE,KENDALL,DEMOCRATIC,100,5620,DEM
GP 2020,14TH DEMOCRATIC DELEGATE,G,5,26385,114,RANDALL,YANG,LAWRENCE,DuPAGE,DEMOCRATIC,37,5621,DEM
GP 2020,14TH DEMOCRATIC DELEGATE,G,5,26385,114,RANDALL,YANG,LAWRENCE,LAKE,DEMOCRATIC,152,5622,DEM
GP 2020,14TH DEMOCRATIC DELEGATE,G,5,26385,114,RANDALL,YANG,LAWRENCE,KANE,DEMOCRATIC,224,5623,DEM
GP 2020,14TH DEMOCRATIC DELEGATE,G,5,26385,114,RANDALL,YANG,LAWRENCE,McHENRY,DEMOCRATIC,298,5624,DEM
GP 2020,14TH DEMOCRATIC DELEGATE,G,5,26217,114,TRACEE,BIDEN,STEELE,KANE,DEMOCRATIC,10507,5625,DEM
GP 2020,14TH DEMOCRATIC DELEGATE,G,5,26217,114,TRACEE,BIDEN,STEELE,McHENRY,DEMOCRATIC,9023,5626,DEM
GP 2020,14TH DEMOCRATIC DELEGATE,G,5,26217,114,TRACEE,BIDEN,STEELE,WILL,DEMOCRATIC,6606,5627,DEM
GP 2020,14TH DEMOCRATIC DELEGATE,G,5,26217,114,TRACEE,BIDEN,STEELE,DeKALB,DEMOCRATIC,1812,5628,DEM
GP 2020,14TH DEMOCRATIC DELEGATE,G,5,26217,114,TRACEE,BIDEN,STEELE,KENDALL,DEMOCRATIC,3794,5629,DEM
GP 2020,14TH DEMOCRATIC DELEGATE,G,5,26217,114,TRACEE,BIDEN,STEELE,DuPAGE,DEMOCRATIC,942,5630,DEM
GP 2020,14TH DEMOCRATIC DELEGATE,G,5,26217,114,TRACEE,BIDEN,STEELE,LAKE,DEMOCRATIC,5489,5631,DEM
GP 2020,14TH DEMOCRATIC DELEGATE,G,5,26218,114,JIMMY,BIDEN,CHAU,KANE,DEMOCRATIC,9304,5632,DEM
GP 2020,14TH DEMOCRATIC DELEGATE,G,5,26218,114,JIMMY,BIDEN,CHAU,McHENRY,DEMOCRATIC,8260,5633,DEM
GP 2020,14TH DEMOCRATIC DELEGATE,G,5,26218,114,JIMMY,BIDEN,CHAU,WILL,DEMOCRATIC,6008,5634,DEM
GP 2020,14TH DEMOCRATIC DELEGATE,G,5,26218,114,JIMMY,BIDEN,CHAU,DeKALB,DEMOCRATIC,1580,5635,DEM
GP 2020,14TH DEMOCRATIC DELEGATE,G,5,26218,114,JIMMY,BIDEN,CHAU,KENDALL,DEMOCRATIC,3305,5636,DEM
GP 2020,14TH DEMOCRATIC DELEGATE,G,5,26218,114,JIMMY,BIDEN,CHAU,DuPAGE,DEMOCRATIC,858,5637,DEM
GP 2020,14TH DEMOCRATIC DELEGATE,G,5,26218,114,JIMMY,BIDEN,CHAU,LAKE,DEMOCRATIC,5011,5638,DEM
GP 2020,14TH DEMOCRATIC DELEGATE,G,5,26215,114,MIRIAM,BIDEN,SMITH,KANE,DEMOCRATIC,11010,5639,DEM
GP 2020,14TH DEMOCRATIC DELEGATE,G,5,26215,114,MIRIAM,BIDEN,SMITH,McHENRY,DEMOCRATIC,9488,5640,DEM
GP 2020,14TH DEMOCRATIC DELEGATE,G,5,26215,114,MIRIAM,BIDEN,SMITH,WILL,DEMOCRATIC,6785,5641,DEM
GP 2020,14TH DEMOCRATIC DELEGATE,G,5,26215,114,MIRIAM,BIDEN,SMITH,DeKALB,DEMOCRATIC,1863,5642,DEM
GP 2020,14TH DEMOCRATIC DELEGATE,G,5,26215,114,MIRIAM,BIDEN,SMITH,KENDALL,DEMOCRATIC,3914,5643,DEM
GP 2020,14TH DEMOCRATIC DELEGATE,G,5,26215,114,MIRIAM,BIDEN,SMITH,DuPAGE,DEMOCRATIC,979,5644,DEM
GP 2020,14TH DEMOCRATIC DELEGATE,G,5,26215,114,MIRIAM,BIDEN,SMITH,LAKE,DEMOCRATIC,5694,5645,DEM
GP 2020,14TH DEMOCRATIC DELEGATE,G,5,26214,114,MARK,BIDEN,GUETHLE,KANE,DEMOCRATIC,10560,5646,DEM
GP 2020,14TH DEMOCRATIC DELEGATE,G,5,26214,114,MARK,BIDEN,GUETHLE,McHENRY,DEMOCRATIC,9704,5647,DEM
GP 2020,14TH DEMOCRATIC DELEGATE,G,5,26214,114,MARK,BIDEN,GUETHLE,WILL,DEMOCRATIC,6203,5648,DEM
GP 2020,14TH DEMOCRATIC DELEGATE,G,5,26214,114,MARK,BIDEN,GUETHLE,DeKALB,DEMOCRATIC,1769,5649,DEM
GP 2020,14TH DEMOCRATIC DELEGATE,G,5,26214,114,MARK,BIDEN,GUETHLE,KENDALL,DEMOCRATIC,3618,5650,DEM
GP 2020,14TH DEMOCRATIC DELEGATE,G,5,26214,114,MARK,BIDEN,GUETHLE,DuPAGE,DEMOCRATIC,889,5651,DEM
GP 2020,14TH DEMOCRATIC DELEGATE,G,5,26214,114,MARK,BIDEN,GUETHLE,LAKE,DEMOCRATIC,5289,5652,DEM
GP 2020,14TH DEMOCRATIC DELEGATE,G,5,26216,114,MARC,BIDEN,POULOS,KANE,DEMOCRATIC,9827,5653,DEM
GP 2020,14TH DEMOCRATIC DELEGATE,G,5,26216,114,MARC,BIDEN,POULOS,McHENRY,DEMOCRATIC,8734,5654,DEM
GP 2020,14TH DEMOCRATIC DELEGATE,G,5,26216,114,MARC,BIDEN,POULOS,WILL,DEMOCRATIC,6240,5655,DEM
GP 2020,14TH DEMOCRATIC DELEGATE,G,5,26216,114,MARC,BIDEN,POULOS,DeKALB,DEMOCRATIC,1689,5656,DEM
GP 2020,14TH DEMOCRATIC DELEGATE,G,5,26216,114,MARC,BIDEN,POULOS,KENDALL,DEMOCRATIC,3543,5657,DEM
GP 2020,14TH DEMOCRATIC DELEGATE,G,5,26216,114,MARC,BIDEN,POULOS,DuPAGE,DEMOCRATIC,884,5658,DEM
GP 2020,14TH DEMOCRATIC DELEGATE,G,5,26216,114,MARC,BIDEN,POULOS,LAKE,DEMOCRATIC,5266,5659,DEM
GP 2020,14TH DEMOCRATIC DELEGATE,G,5,26472,114,ALISON,SANDERS,SQUIRES,KANE,DEMOCRATIC,5637,5660,DEM
GP 2020,14TH DEMOCRATIC DELEGATE,G,5,26472,114,ALISON,SANDERS,SQUIRES,McHENRY,DEMOCRATIC,6545,5661,DEM
GP 2020,14TH DEMOCRATIC DELEGATE,G,5,26472,114,ALISON,SANDERS,SQUIRES,WILL,DEMOCRATIC,3280,5662,DEM
GP 2020,14TH DEMOCRATIC DELEGATE,G,5,26472,114,ALISON,SANDERS,SQUIRES,DeKALB,DEMOCRATIC,1301,5663,DEM
GP 2020,14TH DEMOCRATIC DELEGATE,G,5,26472,114,ALISON,SANDERS,SQUIRES,KENDALL,DEMOCRATIC,2864,5664,DEM
GP 2020,14TH DEMOCRATIC DELEGATE,G,5,26472,114,ALISON,SANDERS,SQUIRES,DuPAGE,DEMOCRATIC,726,5665,DEM
GP 2020,14TH DEMOCRATIC DELEGATE,G,5,26472,114,ALISON,SANDERS,SQUIRES,LAKE,DEMOCRATIC,2813,5666,DEM
GP 2020,14TH DEMOCRATIC DELEGATE,G,5,26476,114,LUIS ERIC,SANDERS,AGUILAR,DeKALB,DEMOCRATIC,1043,5667,DEM
GP 2020,14TH DEMOCRATIC DELEGATE,G,5,26476,114,LUIS ERIC,SANDERS,AGUILAR,KENDALL,DEMOCRATIC,2457,5668,DEM
GP 2020,14TH DEMOCRATIC DELEGATE,G,5,26476,114,LUIS ERIC,SANDERS,AGUILAR,DuPAGE,DEMOCRATIC,727,5669,DEM
GP 2020,14TH DEMOCRATIC DELEGATE,G,5,26476,114,LUIS ERIC,SANDERS,AGUILAR,LAKE,DEMOCRATIC,2519,5670,DEM
GP 2020,14TH DEMOCRATIC DELEGATE,G,5,26476,114,LUIS ERIC,SANDERS,AGUILAR,KANE,DEMOCRATIC,4779,5671,DEM
GP 2020,14TH DEMOCRATIC DELEGATE,G,5,26476,114,LUIS ERIC,SANDERS,AGUILAR,McHENRY,DEMOCRATIC,5817,5672,DEM
GP 2020,14TH DEMOCRATIC DELEGATE,G,5,26476,114,LUIS ERIC,SANDERS,AGUILAR,WILL,DEMOCRATIC,3033,5673,DEM
GP 2020,14TH REPUBLICAN DELEGATE,G,3,26237,114,"CHARLES ""CHUCK""",TRUMP,WHEELER,KANE,REPUBLICAN,9322,5674,REP
GP 2020,14TH REPUBLICAN DELEGATE,G,3,26237,114,"CHARLES ""CHUCK""",TRUMP,WHEELER,McHENRY,REPUBLICAN,12943,5675,REP
GP 2020,14TH REPUBLICAN DELEGATE,G,3,26237,114,"CHARLES ""CHUCK""",TRUMP,WHEELER,WILL,REPUBLICAN,3857,5676,REP
GP 2020,14TH REPUBLICAN DELEGATE,G,3,26237,114,"CHARLES ""CHUCK""",TRUMP,WHEELER,DeKALB,REPUBLICAN,1774,5677,REP
GP 2020,14TH REPUBLICAN DELEGATE,G,3,26237,114,"CHARLES ""CHUCK""",TRUMP,WHEELER,KENDALL,REPUBLICAN,5194,5678,REP
GP 2020,14TH REPUBLICAN DELEGATE,G,3,26237,114,"CHARLES ""CHUCK""",TRUMP,WHEELER,DuPAGE,REPUBLICAN,550,5679,REP
GP 2020,14TH REPUBLICAN DELEGATE,G,3,26237,114,"CHARLES ""CHUCK""",TRUMP,WHEELER,LAKE,REPUBLICAN,4413,5680,REP
GP 2020,14TH REPUBLICAN DELEGATE,G,3,26227,114,LAURA,TRUMP,POLLASTRINI,KANE,REPUBLICAN,9843,5681,REP
GP 2020,14TH REPUBLICAN DELEGATE,G,3,26227,114,LAURA,TRUMP,POLLASTRINI,McHENRY,REPUBLICAN,11475,5682,REP
GP 2020,14TH REPUBLICAN DELEGATE,G,3,26227,114,LAURA,TRUMP,POLLASTRINI,WILL,REPUBLICAN,3829,5683,REP
GP 2020,14TH REPUBLICAN DELEGATE,G,3,26227,114,LAURA,TRUMP,POLLASTRINI,DeKALB,REPUBLICAN,1618,5684,REP
GP 2020,14TH REPUBLICAN DELEGATE,G,3,26227,114,LAURA,TRUMP,POLLASTRINI,KENDALL,REPUBLICAN,4228,5685,REP
GP 2020,14TH REPUBLICAN DELEGATE,G,3,26227,114,LAURA,TRUMP,POLLASTRINI,DuPAGE,REPUBLICAN,539,5686,REP
GP 2020,14TH REPUBLICAN DELEGATE,G,3,26227,114,LAURA,TRUMP,POLLASTRINI,LAKE,REPUBLICAN,4153,5687,REP
GP 2020,14TH REPUBLICAN DELEGATE,G,3,26232,114,NICOLE,TRUMP,PRATER,KANE,REPUBLICAN,8685,5688,REP
GP 2020,14TH REPUBLICAN DELEGATE,G,3,26232,114,NICOLE,TRUMP,PRATER,McHENRY,REPUBLICAN,11297,5689,REP
GP 2020,14TH REPUBLICAN DELEGATE,G,3,26232,114,NICOLE,TRUMP,PRATER,WILL,REPUBLICAN,3657,5690,REP
GP 2020,14TH REPUBLICAN DELEGATE,G,3,26232,114,NICOLE,TRUMP,PRATER,DeKALB,REPUBLICAN,1613,5691,REP
GP 2020,14TH REPUBLICAN DELEGATE,G,3,26232,114,NICOLE,TRUMP,PRATER,KENDALL,REPUBLICAN,4295,5692,REP
GP 2020,14TH REPUBLICAN DELEGATE,G,3,26232,114,NICOLE,TRUMP,PRATER,DuPAGE,REPUBLICAN,535,5693,REP
GP 2020,14TH REPUBLICAN DELEGATE,G,3,26232,114,NICOLE,TRUMP,PRATER,LAKE,REPUBLICAN,3965,5694,REP
GP 2020,14TH REPUBLICAN ALTERNATE DELEGATE,G,3,26243,214,"JOHN ""JACK""",TRUMP,LYNCH,KANE,REPUBLICAN,9458,5695,REP
GP 2020,14TH REPUBLICAN ALTERNATE DELEGATE,G,3,26243,214,"JOHN ""JACK""",TRUMP,LYNCH,McHENRY,REPUBLICAN,12770,5696,REP
GP 2020,14TH REPUBLICAN ALTERNATE DELEGATE,G,3,26243,214,"JOHN ""JACK""",TRUMP,LYNCH,WILL,REPUBLICAN,3940,5697,REP
GP 2020,14TH REPUBLICAN ALTERNATE DELEGATE,G,3,26243,214,"JOHN ""JACK""",TRUMP,LYNCH,DeKALB,REPUBLICAN,1792,5698,REP
GP 2020,14TH REPUBLICAN ALTERNATE DELEGATE,G,3,26243,214,"JOHN ""JACK""",TRUMP,LYNCH,KENDALL,REPUBLICAN,4893,5699,REP
GP 2020,14TH REPUBLICAN ALTERNATE DELEGATE,G,3,26243,214,"JOHN ""JACK""",TRUMP,LYNCH,DuPAGE,REPUBLICAN,572,5700,REP
GP 2020,14TH REPUBLICAN ALTERNATE DELEGATE,G,3,26243,214,"JOHN ""JACK""",TRUMP,LYNCH,LAKE,REPUBLICAN,4405,5701,REP
GP 2020,14TH REPUBLICAN ALTERNATE DELEGATE,G,3,26240,214,TIM,TRUMP,BAGBY,KANE,REPUBLICAN,9414,5702,REP
GP 2020,14TH REPUBLICAN ALTERNATE DELEGATE,G,3,26240,214,TIM,TRUMP,BAGBY,McHENRY,REPUBLICAN,11442,5703,REP
GP 2020,14TH REPUBLICAN ALTERNATE DELEGATE,G,3,26240,214,TIM,TRUMP,BAGBY,WILL,REPUBLICAN,3633,5704,REP
GP 2020,14TH REPUBLICAN ALTERNATE DELEGATE,G,3,26240,214,TIM,TRUMP,BAGBY,DeKALB,REPUBLICAN,1652,5705,REP
GP 2020,14TH REPUBLICAN ALTERNATE DELEGATE,G,3,26240,214,TIM,TRUMP,BAGBY,KENDALL,REPUBLICAN,4367,5706,REP
GP 2020,14TH REPUBLICAN ALTERNATE DELEGATE,G,3,26240,214,TIM,TRUMP,BAGBY,DuPAGE,REPUBLICAN,531,5707,REP
GP 2020,14TH REPUBLICAN ALTERNATE DELEGATE,G,3,26240,214,TIM,TRUMP,BAGBY,LAKE,REPUBLICAN,4030,5708,REP
GP 2020,14TH REPUBLICAN ALTERNATE DELEGATE,G,3,26246,214,CORNELIUS,TRUMP,SHANAHAN,KANE,REPUBLICAN,7733,5709,REP
GP 2020,14TH REPUBLICAN ALTERNATE DELEGATE,G,3,26246,214,CORNELIUS,TRUMP,SHANAHAN,McHENRY,REPUBLICAN,10612,5710,REP
GP 2020,14TH REPUBLICAN ALTERNATE DELEGATE,G,3,26246,214,CORNELIUS,TRUMP,SHANAHAN,WILL,REPUBLICAN,3296,5711,REP
GP 2020,14TH REPUBLICAN ALTERNATE DELEGATE,G,3,26246,214,CORNELIUS,TRUMP,SHANAHAN,DeKALB,REPUBLICAN,1383,5712,REP
GP 2020,14TH REPUBLICAN ALTERNATE DELEGATE,G,3,26246,214,CORNELIUS,TRUMP,SHANAHAN,KENDALL,REPUBLICAN,3757,5713,REP
GP 2020,14TH REPUBLICAN ALTERNATE DELEGATE,G,3,26246,214,CORNELIUS,TRUMP,SHANAHAN,DuPAGE,REPUBLICAN,483,5714,REP
GP 2020,14TH REPUBLICAN ALTERNATE DELEGATE,G,3,26246,214,CORNELIUS,TRUMP,SHANAHAN,LAKE,REPUBLICAN,3691,5715,REP
GP 2020,COOK - 8TH SUBCIRCUIT - FLEMING VACANCY,LC,1,26010,805,BRADLEY R.,,TROWBRIDGE,COOK,DEMOCRATIC,33088,5716,DEM
GP 2020,COOK - 8TH SUBCIRCUIT - FLEMING VACANCY,LC,1,25743,805,JONATHAN CLARK,,GREEN,COOK,DEMOCRATIC,35758,5717,DEM
GP 2020,COOK - 8TH SUBCIRCUIT - GUBIN VACANCY,LC,1,25796,810,MICHAEL A.,,FORTI,COOK,DEMOCRATIC,67618,5718,DEM
GP 2020,15TH DEMOCRATIC DELEGATE,G,3,26462,115,GERMAINE,SANDERS,LIGHT,POPE,DEMOCRATIC,47,5719,DEM
GP 2020,15TH DEMOCRATIC DELEGATE,G,3,26462,115,GERMAINE,SANDERS,LIGHT,MASSAC,DEMOCRATIC,133,5720,DEM
GP 2020,15TH DEMOCRATIC DELEGATE,G,3,26462,115,GERMAINE,SANDERS,LIGHT,WASHINGTON,DEMOCRATIC,155,5721,DEM
GP 2020,15TH DEMOCRATIC DELEGATE,G,3,26462,115,GERMAINE,SANDERS,LIGHT,SALINE,DEMOCRATIC,262,5722,DEM
GP 2020,15TH DEMOCRATIC DELEGATE,G,3,26462,115,GERMAINE,SANDERS,LIGHT,RICHLAND,DEMOCRATIC,147,5723,DEM
GP 2020,15TH DEMOCRATIC DELEGATE,G,3,26462,115,GERMAINE,SANDERS,LIGHT,JASPER,DEMOCRATIC,87,5724,DEM
GP 2020,15TH DEMOCRATIC DELEGATE,G,3,26462,115,GERMAINE,SANDERS,LIGHT,WHITE,DEMOCRATIC,103,5725,DEM
GP 2020,15TH DEMOCRATIC DELEGATE,G,3,26462,115,GERMAINE,SANDERS,LIGHT,WAYNE,DEMOCRATIC,129,5726,DEM
GP 2020,15TH DEMOCRATIC DELEGATE,G,3,26462,115,GERMAINE,SANDERS,LIGHT,FAYETTE,DEMOCRATIC,153,5727,DEM
GP 2020,15TH DEMOCRATIC DELEGATE,G,3,26462,115,GERMAINE,SANDERS,LIGHT,CUMBERLAND,DEMOCRATIC,112,5728,DEM
GP 2020,15TH DEMOCRATIC DELEGATE,G,3,26462,115,GERMAINE,SANDERS,LIGHT,VERMILION,DEMOCRATIC,875,5729,DEM
GP 2020,15TH DEMOCRATIC DELEGATE,G,3,26462,115,GERMAINE,SANDERS,LIGHT,WABASH,DEMOCRATIC,85,5730,DEM
GP 2020,15TH DEMOCRATIC DELEGATE,G,3,26462,115,GERMAINE,SANDERS,LIGHT,EFFINGHAM,DEMOCRATIC,258,5731,DEM
GP 2020,15TH DEMOCRATIC DELEGATE,G,3,26462,115,GERMAINE,SANDERS,LIGHT,MARION,DEMOCRATIC,481,5732,DEM
GP 2020,15TH DEMOCRATIC DELEGATE,G,3,26462,115,GERMAINE,SANDERS,LIGHT,CHAMPAIGN,DEMOCRATIC,822,5733,DEM
GP 2020,15TH DEMOCRATIC DELEGATE,G,3,26462,115,GERMAINE,SANDERS,LIGHT,DOUGLAS,DEMOCRATIC,168,5734,DEM
GP 2020,15TH DEMOCRATIC DELEGATE,G,3,26462,115,GERMAINE,SANDERS,LIGHT,MADISON,DEMOCRATIC,1002,5735,DEM
GP 2020,15TH DEMOCRATIC DELEGATE,G,3,26462,115,GERMAINE,SANDERS,LIGHT,GALLATIN,DEMOCRATIC,77,5736,DEM
GP 2020,15TH DEMOCRATIC DELEGATE,G,3,26462,115,GERMAINE,SANDERS,LIGHT,HARDIN,DEMOCRATIC,55,5737,DEM
GP 2020,15TH DEMOCRATIC DELEGATE,G,3,26462,115,GERMAINE,SANDERS,LIGHT,COLES,DEMOCRATIC,826,5738,DEM
GP 2020,15TH DEMOCRATIC DELEGATE,G,3,26462,115,GERMAINE,SANDERS,LIGHT,CLINTON,DEMOCRATIC,315,5739,DEM
GP 2020,15TH DEMOCRATIC DELEGATE,G,3,26462,115,GERMAINE,SANDERS,LIGHT,MOULTRIE,DEMOCRATIC,164,5740,DEM
GP 2020,15TH DEMOCRATIC DELEGATE,G,3,26462,115,GERMAINE,SANDERS,LIGHT,FORD,DEMOCRATIC,71,5741,DEM
GP 2020,15TH DEMOCRATIC DELEGATE,G,3,26462,115,GERMAINE,SANDERS,LIGHT,CLARK,DEMOCRATIC,221,5742,DEM
GP 2020,15TH DEMOCRATIC DELEGATE,G,3,26462,115,GERMAINE,SANDERS,LIGHT,EDGAR,DEMOCRATIC,144,5743,DEM
GP 2020,15TH DEMOCRATIC DELEGATE,G,3,26462,115,GERMAINE,SANDERS,LIGHT,CRAWFORD,DEMOCRATIC,161,5744,DEM
GP 2020,15TH DEMOCRATIC DELEGATE,G,3,26462,115,GERMAINE,SANDERS,LIGHT,BOND,DEMOCRATIC,172,5745,DEM
GP 2020,15TH DEMOCRATIC DELEGATE,G,3,26462,115,GERMAINE,SANDERS,LIGHT,LAWRENCE,DEMOCRATIC,94,5746,DEM
GP 2020,15TH DEMOCRATIC DELEGATE,G,3,26462,115,GERMAINE,SANDERS,LIGHT,SHELBY,DEMOCRATIC,202,5747,DEM
GP 2020,15TH DEMOCRATIC DELEGATE,G,3,26462,115,GERMAINE,SANDERS,LIGHT,JOHNSON,DEMOCRATIC,106,5748,DEM
GP 2020,15TH DEMOCRATIC DELEGATE,G,3,26462,115,GERMAINE,SANDERS,LIGHT,CLAY,DEMOCRATIC,74,5749,DEM
GP 2020,15TH DEMOCRATIC DELEGATE,G,3,26462,115,GERMAINE,SANDERS,LIGHT,EDWARDS,DEMOCRATIC,39,5750,DEM
GP 2020,15TH DEMOCRATIC DELEGATE,G,3,26462,115,GERMAINE,SANDERS,LIGHT,HAMILTON,DEMOCRATIC,75,5751,DEM
GP 2020,15TH DEMOCRATIC DELEGATE,G,3,26463,115,MITCHELL,SANDERS,ESSLINGER,POPE,DEMOCRATIC,54,5752,DEM
GP 2020,15TH DEMOCRATIC DELEGATE,G,3,26463,115,MITCHELL,SANDERS,ESSLINGER,MASSAC,DEMOCRATIC,136,5753,DEM
GP 2020,15TH DEMOCRATIC DELEGATE,G,3,26463,115,MITCHELL,SANDERS,ESSLINGER,WASHINGTON,DEMOCRATIC,156,5754,DEM
GP 2020,15TH DEMOCRATIC DELEGATE,G,3,26463,115,MITCHELL,SANDERS,ESSLINGER,SALINE,DEMOCRATIC,265,5755,DEM
GP 2020,15TH DEMOCRATIC DELEGATE,G,3,26463,115,MITCHELL,SANDERS,ESSLINGER,RICHLAND,DEMOCRATIC,144,5756,DEM
GP 2020,15TH DEMOCRATIC DELEGATE,G,3,26463,115,MITCHELL,SANDERS,ESSLINGER,JASPER,DEMOCRATIC,85,5757,DEM
GP 2020,15TH DEMOCRATIC DELEGATE,G,3,26463,115,MITCHELL,SANDERS,ESSLINGER,WHITE,DEMOCRATIC,112,5758,DEM
GP 2020,15TH DEMOCRATIC DELEGATE,G,3,26463,115,MITCHELL,SANDERS,ESSLINGER,WAYNE,DEMOCRATIC,130,5759,DEM
GP 2020,15TH DEMOCRATIC DELEGATE,G,3,26463,115,MITCHELL,SANDERS,ESSLINGER,FAYETTE,DEMOCRATIC,150,5760,DEM
GP 2020,15TH DEMOCRATIC DELEGATE,G,3,26463,115,MITCHELL,SANDERS,ESSLINGER,CUMBERLAND,DEMOCRATIC,102,5761,DEM
GP 2020,15TH DEMOCRATIC DELEGATE,G,3,26463,115,MITCHELL,SANDERS,ESSLINGER,VERMILION,DEMOCRATIC,773,5762,DEM
GP 2020,15TH DEMOCRATIC DELEGATE,G,3,26463,115,MITCHELL,SANDERS,ESSLINGER,WABASH,DEMOCRATIC,79,5763,DEM
GP 2020,15TH DEMOCRATIC DELEGATE,G,3,26463,115,MITCHELL,SANDERS,ESSLINGER,EFFINGHAM,DEMOCRATIC,264,5764,DEM
GP 2020,15TH DEMOCRATIC DELEGATE,G,3,26463,115,MITCHELL,SANDERS,ESSLINGER,MARION,DEMOCRATIC,482,5765,DEM
GP 2020,15TH DEMOCRATIC DELEGATE,G,3,26463,115,MITCHELL,SANDERS,ESSLINGER,CHAMPAIGN,DEMOCRATIC,745,5766,DEM
GP 2020,15TH DEMOCRATIC DELEGATE,G,3,26463,115,MITCHELL,SANDERS,ESSLINGER,DOUGLAS,DEMOCRATIC,166,5767,DEM
GP 2020,15TH DEMOCRATIC DELEGATE,G,3,26463,115,MITCHELL,SANDERS,ESSLINGER,MADISON,DEMOCRATIC,984,5768,DEM
GP 2020,15TH DEMOCRATIC DELEGATE,G,3,26463,115,MITCHELL,SANDERS,ESSLINGER,GALLATIN,DEMOCRATIC,95,5769,DEM
GP 2020,15TH DEMOCRATIC DELEGATE,G,3,26463,115,MITCHELL,SANDERS,ESSLINGER,HARDIN,DEMOCRATIC,53,5770,DEM
GP 2020,15TH DEMOCRATIC DELEGATE,G,3,26463,115,MITCHELL,SANDERS,ESSLINGER,COLES,DEMOCRATIC,809,5771,DEM
GP 2020,15TH DEMOCRATIC DELEGATE,G,3,26463,115,MITCHELL,SANDERS,ESSLINGER,CLINTON,DEMOCRATIC,329,5772,DEM
GP 2020,15TH DEMOCRATIC DELEGATE,G,3,26463,115,MITCHELL,SANDERS,ESSLINGER,MOULTRIE,DEMOCRATIC,168,5773,DEM
GP 2020,15TH DEMOCRATIC DELEGATE,G,3,26463,115,MITCHELL,SANDERS,ESSLINGER,FORD,DEMOCRATIC,70,5774,DEM
GP 2020,15TH DEMOCRATIC DELEGATE,G,3,26463,115,MITCHELL,SANDERS,ESSLINGER,CLARK,DEMOCRATIC,242,5775,DEM
GP 2020,15TH DEMOCRATIC DELEGATE,G,3,26463,115,MITCHELL,SANDERS,ESSLINGER,EDGAR,DEMOCRATIC,138,5776,DEM
GP 2020,15TH DEMOCRATIC DELEGATE,G,3,26463,115,MITCHELL,SANDERS,ESSLINGER,CRAWFORD,DEMOCRATIC,176,5777,DEM
GP 2020,15TH DEMOCRATIC DELEGATE,G,3,26463,115,MITCHELL,SANDERS,ESSLINGER,BOND,DEMOCRATIC,174,5778,DEM
GP 2020,15TH DEMOCRATIC DELEGATE,G,3,26463,115,MITCHELL,SANDERS,ESSLINGER,LAWRENCE,DEMOCRATIC,112,5779,DEM
GP 2020,15TH DEMOCRATIC DELEGATE,G,3,26463,115,MITCHELL,SANDERS,ESSLINGER,SHELBY,DEMOCRATIC,212,5780,DEM
GP 2020,15TH DEMOCRATIC DELEGATE,G,3,26463,115,MITCHELL,SANDERS,ESSLINGER,JOHNSON,DEMOCRATIC,108,5781,DEM
GP 2020,15TH DEMOCRATIC DELEGATE,G,3,26463,115,MITCHELL,SANDERS,ESSLINGER,CLAY,DEMOCRATIC,81,5782,DEM
GP 2020,15TH DEMOCRATIC DELEGATE,G,3,26463,115,MITCHELL,SANDERS,ESSLINGER,EDWARDS,DEMOCRATIC,48,5783,DEM
GP 2020,15TH DEMOCRATIC DELEGATE,G,3,26463,115,MITCHELL,SANDERS,ESSLINGER,HAMILTON,DEMOCRATIC,82,5784,DEM
GP 2020,15TH DEMOCRATIC DELEGATE,G,3,26523,115,CYNTHIA E.,WARREN,CUNNINGHAM,POPE,DEMOCRATIC,5,5785,DEM
GP 2020,15TH DEMOCRATIC DELEGATE,G,3,26523,115,CYNTHIA E.,WARREN,CUNNINGHAM,MASSAC,DEMOCRATIC,23,5786,DEM
GP 2020,15TH DEMOCRATIC DELEGATE,G,3,26523,115,CYNTHIA E.,WARREN,CUNNINGHAM,WASHINGTON,DEMOCRATIC,49,5787,DEM
GP 2020,15TH DEMOCRATIC DELEGATE,G,3,26523,115,CYNTHIA E.,WARREN,CUNNINGHAM,SALINE,DEMOCRATIC,78,5788,DEM
GP 2020,15TH DEMOCRATIC DELEGATE,G,3,26523,115,CYNTHIA E.,WARREN,CUNNINGHAM,RICHLAND,DEMOCRATIC,44,5789,DEM
GP 2020,15TH DEMOCRATIC DELEGATE,G,3,26523,115,CYNTHIA E.,WARREN,CUNNINGHAM,JASPER,DEMOCRATIC,42,5790,DEM
GP 2020,15TH DEMOCRATIC DELEGATE,G,3,26523,115,CYNTHIA E.,WARREN,CUNNINGHAM,WHITE,DEMOCRATIC,51,5791,DEM
GP 2020,15TH DEMOCRATIC DELEGATE,G,3,26523,115,CYNTHIA E.,WARREN,CUNNINGHAM,WAYNE,DEMOCRATIC,35,5792,DEM
GP 2020,15TH DEMOCRATIC DELEGATE,G,3,26523,115,CYNTHIA E.,WARREN,CUNNINGHAM,FAYETTE,DEMOCRATIC,63,5793,DEM
GP 2020,15TH DEMOCRATIC DELEGATE,G,3,26523,115,CYNTHIA E.,WARREN,CUNNINGHAM,CUMBERLAND,DEMOCRATIC,42,5794,DEM
GP 2020,15TH DEMOCRATIC DELEGATE,G,3,26523,115,CYNTHIA E.,WARREN,CUNNINGHAM,VERMILION,DEMOCRATIC,454,5795,DEM
GP 2020,15TH DEMOCRATIC DELEGATE,G,3,26523,115,CYNTHIA E.,WARREN,CUNNINGHAM,WABASH,DEMOCRATIC,30,5796,DEM
GP 2020,15TH DEMOCRATIC DELEGATE,G,3,26523,115,CYNTHIA E.,WARREN,CUNNINGHAM,EFFINGHAM,DEMOCRATIC,119,5797,DEM
GP 2020,15TH DEMOCRATIC DELEGATE,G,3,26523,115,CYNTHIA E.,WARREN,CUNNINGHAM,MARION,DEMOCRATIC,202,5798,DEM
GP 2020,15TH DEMOCRATIC DELEGATE,G,3,26523,115,CYNTHIA E.,WARREN,CUNNINGHAM,CHAMPAIGN,DEMOCRATIC,279,5799,DEM
GP 2020,15TH DEMOCRATIC DELEGATE,G,3,26523,115,CYNTHIA E.,WARREN,CUNNINGHAM,DOUGLAS,DEMOCRATIC,51,5800,DEM
GP 2020,15TH DEMOCRATIC DELEGATE,G,3,26523,115,CYNTHIA E.,WARREN,CUNNINGHAM,MADISON,DEMOCRATIC,389,5801,DEM
GP 2020,15TH DEMOCRATIC DELEGATE,G,3,26523,115,CYNTHIA E.,WARREN,CUNNINGHAM,GALLATIN,DEMOCRATIC,32,5802,DEM
GP 2020,15TH DEMOCRATIC DELEGATE,G,3,26523,115,CYNTHIA E.,WARREN,CUNNINGHAM,HARDIN,DEMOCRATIC,12,5803,DEM
GP 2020,15TH DEMOCRATIC DELEGATE,G,3,26523,115,CYNTHIA E.,WARREN,CUNNINGHAM,COLES,DEMOCRATIC,229,5804,DEM
GP 2020,15TH DEMOCRATIC DELEGATE,G,3,26523,115,CYNTHIA E.,WARREN,CUNNINGHAM,CLINTON,DEMOCRATIC,116,5805,DEM
GP 2020,15TH DEMOCRATIC DELEGATE,G,3,26523,115,CYNTHIA E.,WARREN,CUNNINGHAM,MOULTRIE,DEMOCRATIC,63,5806,DEM
GP 2020,15TH DEMOCRATIC DELEGATE,G,3,26523,115,CYNTHIA E.,WARREN,CUNNINGHAM,FORD,DEMOCRATIC,18,5807,DEM
GP 2020,15TH DEMOCRATIC DELEGATE,G,3,26523,115,CYNTHIA E.,WARREN,CUNNINGHAM,CLARK,DEMOCRATIC,83,5808,DEM
GP 2020,15TH DEMOCRATIC DELEGATE,G,3,26523,115,CYNTHIA E.,WARREN,CUNNINGHAM,EDGAR,DEMOCRATIC,45,5809,DEM
GP 2020,15TH DEMOCRATIC DELEGATE,G,3,26523,115,CYNTHIA E.,WARREN,CUNNINGHAM,CRAWFORD,DEMOCRATIC,67,5810,DEM
GP 2020,15TH DEMOCRATIC DELEGATE,G,3,26523,115,CYNTHIA E.,WARREN,CUNNINGHAM,BOND,DEMOCRATIC,58,5811,DEM
GP 2020,15TH DEMOCRATIC DELEGATE,G,3,26523,115,CYNTHIA E.,WARREN,CUNNINGHAM,LAWRENCE,DEMOCRATIC,54,5812,DEM
GP 2020,15TH DEMOCRATIC DELEGATE,G,3,26523,115,CYNTHIA E.,WARREN,CUNNINGHAM,SHELBY,DEMOCRATIC,90,5813,DEM
GP 2020,15TH DEMOCRATIC DELEGATE,G,3,26523,115,CYNTHIA E.,WARREN,CUNNINGHAM,JOHNSON,DEMOCRATIC,31,5814,DEM
GP 2020,15TH DEMOCRATIC DELEGATE,G,3,26523,115,CYNTHIA E.,WARREN,CUNNINGHAM,CLAY,DEMOCRATIC,28,5815,DEM
GP 2020,15TH DEMOCRATIC DELEGATE,G,3,26523,115,CYNTHIA E.,WARREN,CUNNINGHAM,EDWARDS,DEMOCRATIC,12,5816,DEM
GP 2020,15TH DEMOCRATIC DELEGATE,G,3,26523,115,CYNTHIA E.,WARREN,CUNNINGHAM,HAMILTON,DEMOCRATIC,53,5817,DEM
GP 2020,15TH DEMOCRATIC DELEGATE,G,3,26524,115,SAMUEL,WARREN,REISS,POPE,DEMOCRATIC,9,5818,DEM
GP 2020,15TH DEMOCRATIC DELEGATE,G,3,26524,115,SAMUEL,WARREN,REISS,MASSAC,DEMOCRATIC,9,5819,DEM
GP 2020,15TH DEMOCRATIC DELEGATE,G,3,26524,115,SAMUEL,WARREN,REISS,WASHINGTON,DEMOCRATIC,32,5820,DEM
GP 2020,15TH DEMOCRATIC DELEGATE,G,3,26524,115,SAMUEL,WARREN,REISS,SALINE,DEMOCRATIC,37,5821,DEM
GP 2020,15TH DEMOCRATIC DELEGATE,G,3,26524,115,SAMUEL,WARREN,REISS,RICHLAND,DEMOCRATIC,24,5822,DEM
GP 2020,15TH DEMOCRATIC DELEGATE,G,3,26524,115,SAMUEL,WARREN,REISS,JASPER,DEMOCRATIC,31,5823,DEM
GP 2020,15TH DEMOCRATIC DELEGATE,G,3,26524,115,SAMUEL,WARREN,REISS,WHITE,DEMOCRATIC,37,5824,DEM
GP 2020,15TH DEMOCRATIC DELEGATE,G,3,26524,115,SAMUEL,WARREN,REISS,WAYNE,DEMOCRATIC,23,5825,DEM
GP 2020,15TH DEMOCRATIC DELEGATE,G,3,26524,115,SAMUEL,WARREN,REISS,FAYETTE,DEMOCRATIC,30,5826,DEM
GP 2020,15TH DEMOCRATIC DELEGATE,G,3,26524,115,SAMUEL,WARREN,REISS,CUMBERLAND,DEMOCRATIC,20,5827,DEM
GP 2020,15TH DEMOCRATIC DELEGATE,G,3,26524,115,SAMUEL,WARREN,REISS,VERMILION,DEMOCRATIC,129,5828,DEM
GP 2020,15TH DEMOCRATIC DELEGATE,G,3,26524,115,SAMUEL,WARREN,REISS,WABASH,DEMOCRATIC,21,5829,DEM
GP 2020,15TH DEMOCRATIC DELEGATE,G,3,26524,115,SAMUEL,WARREN,REISS,EFFINGHAM,DEMOCRATIC,85,5830,DEM
GP 2020,15TH DEMOCRATIC DELEGATE,G,3,26524,115,SAMUEL,WARREN,REISS,MARION,DEMOCRATIC,119,5831,DEM
GP 2020,15TH DEMOCRATIC DELEGATE,G,3,26524,115,SAMUEL,WARREN,REISS,CHAMPAIGN,DEMOCRATIC,146,5832,DEM
GP 2020,15TH DEMOCRATIC DELEGATE,G,3,26524,115,SAMUEL,WARREN,REISS,DOUGLAS,DEMOCRATIC,25,5833,DEM
GP 2020,15TH DEMOCRATIC DELEGATE,G,3,26524,115,SAMUEL,WARREN,REISS,MADISON,DEMOCRATIC,163,5834,DEM
GP 2020,15TH DEMOCRATIC DELEGATE,G,3,26524,115,SAMUEL,WARREN,REISS,GALLATIN,DEMOCRATIC,26,5835,DEM
GP 2020,15TH DEMOCRATIC DELEGATE,G,3,26524,115,SAMUEL,WARREN,REISS,HARDIN,DEMOCRATIC,5,5836,DEM
GP 2020,15TH DEMOCRATIC DELEGATE,G,3,26524,115,SAMUEL,WARREN,REISS,COLES,DEMOCRATIC,144,5837,DEM
GP 2020,15TH DEMOCRATIC DELEGATE,G,3,26524,115,SAMUEL,WARREN,REISS,CLINTON,DEMOCRATIC,60,5838,DEM
GP 2020,15TH DEMOCRATIC DELEGATE,G,3,26524,115,SAMUEL,WARREN,REISS,MOULTRIE,DEMOCRATIC,34,5839,DEM
GP 2020,15TH DEMOCRATIC DELEGATE,G,3,26524,115,SAMUEL,WARREN,REISS,FORD,DEMOCRATIC,7,5840,DEM
GP 2020,15TH DEMOCRATIC DELEGATE,G,3,26524,115,SAMUEL,WARREN,REISS,CLARK,DEMOCRATIC,55,5841,DEM
GP 2020,15TH DEMOCRATIC DELEGATE,G,3,26524,115,SAMUEL,WARREN,REISS,EDGAR,DEMOCRATIC,23,5842,DEM
GP 2020,15TH DEMOCRATIC DELEGATE,G,3,26524,115,SAMUEL,WARREN,REISS,CRAWFORD,DEMOCRATIC,42,5843,DEM
GP 2020,15TH DEMOCRATIC DELEGATE,G,3,26524,115,SAMUEL,WARREN,REISS,BOND,DEMOCRATIC,20,5844,DEM
GP 2020,15TH DEMOCRATIC DELEGATE,G,3,26524,115,SAMUEL,WARREN,REISS,LAWRENCE,DEMOCRATIC,34,5845,DEM
GP 2020,15TH DEMOCRATIC DELEGATE,G,3,26524,115,SAMUEL,WARREN,REISS,SHELBY,DEMOCRATIC,47,5846,DEM
GP 2020,15TH DEMOCRATIC DELEGATE,G,3,26524,115,SAMUEL,WARREN,REISS,JOHNSON,DEMOCRATIC,16,5847,DEM
GP 2020,15TH DEMOCRATIC DELEGATE,G,3,26524,115,SAMUEL,WARREN,REISS,CLAY,DEMOCRATIC,30,5848,DEM
GP 2020,15TH DEMOCRATIC DELEGATE,G,3,26524,115,SAMUEL,WARREN,REISS,EDWARDS,DEMOCRATIC,10,5849,DEM
GP 2020,15TH DEMOCRATIC DELEGATE,G,3,26524,115,SAMUEL,WARREN,REISS,HAMILTON,DEMOCRATIC,39,5850,DEM
GP 2020,15TH DEMOCRATIC DELEGATE,G,3,26525,115,RACHEL,WARREN,SMITH-BOLTON,EFFINGHAM,DEMOCRATIC,76,5851,DEM
GP 2020,15TH DEMOCRATIC DELEGATE,G,3,26525,115,RACHEL,WARREN,SMITH-BOLTON,MARION,DEMOCRATIC,173,5852,DEM
GP 2020,15TH DEMOCRATIC DELEGATE,G,3,26525,115,RACHEL,WARREN,SMITH-BOLTON,CHAMPAIGN,DEMOCRATIC,275,5853,DEM
GP 2020,15TH DEMOCRATIC DELEGATE,G,3,26525,115,RACHEL,WARREN,SMITH-BOLTON,WHITE,DEMOCRATIC,36,5854,DEM
GP 2020,15TH DEMOCRATIC DELEGATE,G,3,26525,115,RACHEL,WARREN,SMITH-BOLTON,WAYNE,DEMOCRATIC,29,5855,DEM
GP 2020,15TH DEMOCRATIC DELEGATE,G,3,26525,115,RACHEL,WARREN,SMITH-BOLTON,FAYETTE,DEMOCRATIC,48,5856,DEM
GP 2020,15TH DEMOCRATIC DELEGATE,G,3,26525,115,RACHEL,WARREN,SMITH-BOLTON,HARDIN,DEMOCRATIC,8,5857,DEM
GP 2020,15TH DEMOCRATIC DELEGATE,G,3,26525,115,RACHEL,WARREN,SMITH-BOLTON,COLES,DEMOCRATIC,190,5858,DEM
GP 2020,15TH DEMOCRATIC DELEGATE,G,3,26525,115,RACHEL,WARREN,SMITH-BOLTON,CLINTON,DEMOCRATIC,101,5859,DEM
GP 2020,15TH DEMOCRATIC DELEGATE,G,3,26525,115,RACHEL,WARREN,SMITH-BOLTON,CUMBERLAND,DEMOCRATIC,25,5860,DEM
GP 2020,15TH DEMOCRATIC DELEGATE,G,3,26525,115,RACHEL,WARREN,SMITH-BOLTON,VERMILION,DEMOCRATIC,247,5861,DEM
GP 2020,15TH DEMOCRATIC DELEGATE,G,3,26525,115,RACHEL,WARREN,SMITH-BOLTON,WABASH,DEMOCRATIC,29,5862,DEM
GP 2020,15TH DEMOCRATIC DELEGATE,G,3,26525,115,RACHEL,WARREN,SMITH-BOLTON,EDGAR,DEMOCRATIC,37,5863,DEM
GP 2020,15TH DEMOCRATIC DELEGATE,G,3,26525,115,RACHEL,WARREN,SMITH-BOLTON,CRAWFORD,DEMOCRATIC,63,5864,DEM
GP 2020,15TH DEMOCRATIC DELEGATE,G,3,26525,115,RACHEL,WARREN,SMITH-BOLTON,BOND,DEMOCRATIC,44,5865,DEM
GP 2020,15TH DEMOCRATIC DELEGATE,G,3,26525,115,RACHEL,WARREN,SMITH-BOLTON,DOUGLAS,DEMOCRATIC,38,5866,DEM
GP 2020,15TH DEMOCRATIC DELEGATE,G,3,26525,115,RACHEL,WARREN,SMITH-BOLTON,MADISON,DEMOCRATIC,290,5867,DEM
GP 2020,15TH DEMOCRATIC DELEGATE,G,3,26525,115,RACHEL,WARREN,SMITH-BOLTON,GALLATIN,DEMOCRATIC,27,5868,DEM
GP 2020,15TH DEMOCRATIC DELEGATE,G,3,26525,115,RACHEL,WARREN,SMITH-BOLTON,CLAY,DEMOCRATIC,18,5869,DEM
GP 2020,15TH DEMOCRATIC DELEGATE,G,3,26525,115,RACHEL,WARREN,SMITH-BOLTON,EDWARDS,DEMOCRATIC,9,5870,DEM
GP 2020,15TH DEMOCRATIC DELEGATE,G,3,26525,115,RACHEL,WARREN,SMITH-BOLTON,HAMILTON,DEMOCRATIC,39,5871,DEM
GP 2020,15TH DEMOCRATIC DELEGATE,G,3,26525,115,RACHEL,WARREN,SMITH-BOLTON,MOULTRIE,DEMOCRATIC,54,5872,DEM
GP 2020,15TH DEMOCRATIC DELEGATE,G,3,26525,115,RACHEL,WARREN,SMITH-BOLTON,FORD,DEMOCRATIC,9,5873,DEM
GP 2020,15TH DEMOCRATIC DELEGATE,G,3,26525,115,RACHEL,WARREN,SMITH-BOLTON,CLARK,DEMOCRATIC,64,5874,DEM
GP 2020,15TH DEMOCRATIC DELEGATE,G,3,26525,115,RACHEL,WARREN,SMITH-BOLTON,SALINE,DEMOCRATIC,55,5875,DEM
GP 2020,15TH DEMOCRATIC DELEGATE,G,3,26525,115,RACHEL,WARREN,SMITH-BOLTON,RICHLAND,DEMOCRATIC,32,5876,DEM
GP 2020,15TH DEMOCRATIC DELEGATE,G,3,26525,115,RACHEL,WARREN,SMITH-BOLTON,JASPER,DEMOCRATIC,28,5877,DEM
GP 2020,15TH DEMOCRATIC DELEGATE,G,3,26525,115,RACHEL,WARREN,SMITH-BOLTON,LAWRENCE,DEMOCRATIC,38,5878,DEM
GP 2020,15TH DEMOCRATIC DELEGATE,G,3,26525,115,RACHEL,WARREN,SMITH-BOLTON,SHELBY,DEMOCRATIC,69,5879,DEM
GP 2020,15TH DEMOCRATIC DELEGATE,G,3,26525,115,RACHEL,WARREN,SMITH-BOLTON,JOHNSON,DEMOCRATIC,21,5880,DEM
GP 2020,15TH DEMOCRATIC DELEGATE,G,3,26525,115,RACHEL,WARREN,SMITH-BOLTON,POPE,DEMOCRATIC,5,5881,DEM
GP 2020,15TH DEMOCRATIC DELEGATE,G,3,26525,115,RACHEL,WARREN,SMITH-BOLTON,MASSAC,DEMOCRATIC,19,5882,DEM
GP 2020,15TH DEMOCRATIC DELEGATE,G,3,26525,115,RACHEL,WARREN,SMITH-BOLTON,WASHINGTON,DEMOCRATIC,43,5883,DEM
GP 2020,15TH DEMOCRATIC DELEGATE,G,3,26252,115,VIVIAN,BIDEN,ROBINSON,POPE,DEMOCRATIC,97,5884,DEM
GP 2020,15TH DEMOCRATIC DELEGATE,G,3,26252,115,VIVIAN,BIDEN,ROBINSON,MASSAC,DEMOCRATIC,306,5885,DEM
GP 2020,15TH DEMOCRATIC DELEGATE,G,3,26252,115,VIVIAN,BIDEN,ROBINSON,WASHINGTON,DEMOCRATIC,299,5886,DEM
GP 2020,15TH DEMOCRATIC DELEGATE,G,3,26252,115,VIVIAN,BIDEN,ROBINSON,SALINE,DEMOCRATIC,677,5887,DEM
GP 2020,15TH DEMOCRATIC DELEGATE,G,3,26252,115,VIVIAN,BIDEN,ROBINSON,MARION,DEMOCRATIC,1334,5888,DEM
GP 2020,15TH DEMOCRATIC DELEGATE,G,3,26252,115,VIVIAN,BIDEN,ROBINSON,CHAMPAIGN,DEMOCRATIC,1547,5889,DEM
GP 2020,15TH DEMOCRATIC DELEGATE,G,3,26252,115,VIVIAN,BIDEN,ROBINSON,WHITE,DEMOCRATIC,368,5890,DEM
GP 2020,15TH DEMOCRATIC DELEGATE,G,3,26252,115,VIVIAN,BIDEN,ROBINSON,WAYNE,DEMOCRATIC,260,5891,DEM
GP 2020,15TH DEMOCRATIC DELEGATE,G,3,26252,115,VIVIAN,BIDEN,ROBINSON,FAYETTE,DEMOCRATIC,427,5892,DEM
GP 2020,15TH DEMOCRATIC DELEGATE,G,3,26252,115,VIVIAN,BIDEN,ROBINSON,COLES,DEMOCRATIC,1517,5893,DEM
GP 2020,15TH DEMOCRATIC DELEGATE,G,3,26252,115,VIVIAN,BIDEN,ROBINSON,CLINTON,DEMOCRATIC,744,5894,DEM
GP 2020,15TH DEMOCRATIC DELEGATE,G,3,26252,115,VIVIAN,BIDEN,ROBINSON,CUMBERLAND,DEMOCRATIC,280,5895,DEM
GP 2020,15TH DEMOCRATIC DELEGATE,G,3,26252,115,VIVIAN,BIDEN,ROBINSON,VERMILION,DEMOCRATIC,2286,5896,DEM
GP 2020,15TH DEMOCRATIC DELEGATE,G,3,26252,115,VIVIAN,BIDEN,ROBINSON,WABASH,DEMOCRATIC,264,5897,DEM
GP 2020,15TH DEMOCRATIC DELEGATE,G,3,26252,115,VIVIAN,BIDEN,ROBINSON,EFFINGHAM,DEMOCRATIC,770,5898,DEM
GP 2020,15TH DEMOCRATIC DELEGATE,G,3,26252,115,VIVIAN,BIDEN,ROBINSON,CRAWFORD,DEMOCRATIC,524,5899,DEM
GP 2020,15TH DEMOCRATIC DELEGATE,G,3,26252,115,VIVIAN,BIDEN,ROBINSON,BOND,DEMOCRATIC,397,5900,DEM
GP 2020,15TH DEMOCRATIC DELEGATE,G,3,26252,115,VIVIAN,BIDEN,ROBINSON,DOUGLAS,DEMOCRATIC,426,5901,DEM
GP 2020,15TH DEMOCRATIC DELEGATE,G,3,26252,115,VIVIAN,BIDEN,ROBINSON,MADISON,DEMOCRATIC,2040,5902,DEM
GP 2020,15TH DEMOCRATIC DELEGATE,G,3,26252,115,VIVIAN,BIDEN,ROBINSON,GALLATIN,DEMOCRATIC,233,5903,DEM
GP 2020,15TH DEMOCRATIC DELEGATE,G,3,26252,115,VIVIAN,BIDEN,ROBINSON,HARDIN,DEMOCRATIC,111,5904,DEM
GP 2020,15TH DEMOCRATIC DELEGATE,G,3,26252,115,VIVIAN,BIDEN,ROBINSON,EDWARDS,DEMOCRATIC,100,5905,DEM
GP 2020,15TH DEMOCRATIC DELEGATE,G,3,26252,115,VIVIAN,BIDEN,ROBINSON,HAMILTON,DEMOCRATIC,271,5906,DEM
GP 2020,15TH DEMOCRATIC DELEGATE,G,3,26252,115,VIVIAN,BIDEN,ROBINSON,MOULTRIE,DEMOCRATIC,435,5907,DEM
GP 2020,15TH DEMOCRATIC DELEGATE,G,3,26252,115,VIVIAN,BIDEN,ROBINSON,FORD,DEMOCRATIC,103,5908,DEM
GP 2020,15TH DEMOCRATIC DELEGATE,G,3,26252,115,VIVIAN,BIDEN,ROBINSON,CLARK,DEMOCRATIC,527,5909,DEM
GP 2020,15TH DEMOCRATIC DELEGATE,G,3,26252,115,VIVIAN,BIDEN,ROBINSON,EDGAR,DEMOCRATIC,414,5910,DEM
GP 2020,15TH DEMOCRATIC DELEGATE,G,3,26252,115,VIVIAN,BIDEN,ROBINSON,RICHLAND,DEMOCRATIC,353,5911,DEM
GP 2020,15TH DEMOCRATIC DELEGATE,G,3,26252,115,VIVIAN,BIDEN,ROBINSON,JASPER,DEMOCRATIC,240,5912,DEM
GP 2020,15TH DEMOCRATIC DELEGATE,G,3,26252,115,VIVIAN,BIDEN,ROBINSON,LAWRENCE,DEMOCRATIC,326,5913,DEM
GP 2020,15TH DEMOCRATIC DELEGATE,G,3,26252,115,VIVIAN,BIDEN,ROBINSON,SHELBY,DEMOCRATIC,694,5914,DEM
GP 2020,15TH DEMOCRATIC DELEGATE,G,3,26252,115,VIVIAN,BIDEN,ROBINSON,JOHNSON,DEMOCRATIC,257,5915,DEM
GP 2020,15TH DEMOCRATIC DELEGATE,G,3,26252,115,VIVIAN,BIDEN,ROBINSON,CLAY,DEMOCRATIC,211,5916,DEM
GP 2020,15TH DEMOCRATIC DELEGATE,G,3,26250,115,NATALIE PHELPS,BIDEN,FINNIE,POPE,DEMOCRATIC,134,5917,DEM
GP 2020,15TH DEMOCRATIC DELEGATE,G,3,26250,115,NATALIE PHELPS,BIDEN,FINNIE,MASSAC,DEMOCRATIC,419,5918,DEM
GP 2020,15TH DEMOCRATIC DELEGATE,G,3,26250,115,NATALIE PHELPS,BIDEN,FINNIE,WASHINGTON,DEMOCRATIC,333,5919,DEM
GP 2020,15TH DEMOCRATIC DELEGATE,G,3,26250,115,NATALIE PHELPS,BIDEN,FINNIE,SALINE,DEMOCRATIC,903,5920,DEM
GP 2020,15TH DEMOCRATIC DELEGATE,G,3,26250,115,NATALIE PHELPS,BIDEN,FINNIE,RICHLAND,DEMOCRATIC,398,5921,DEM
GP 2020,15TH DEMOCRATIC DELEGATE,G,3,26250,115,NATALIE PHELPS,BIDEN,FINNIE,CHAMPAIGN,DEMOCRATIC,1646,5922,DEM
GP 2020,15TH DEMOCRATIC DELEGATE,G,3,26250,115,NATALIE PHELPS,BIDEN,FINNIE,WHITE,DEMOCRATIC,424,5923,DEM
GP 2020,15TH DEMOCRATIC DELEGATE,G,3,26250,115,NATALIE PHELPS,BIDEN,FINNIE,WAYNE,DEMOCRATIC,278,5924,DEM
GP 2020,15TH DEMOCRATIC DELEGATE,G,3,26250,115,NATALIE PHELPS,BIDEN,FINNIE,FAYETTE,DEMOCRATIC,477,5925,DEM
GP 2020,15TH DEMOCRATIC DELEGATE,G,3,26250,115,NATALIE PHELPS,BIDEN,FINNIE,CLINTON,DEMOCRATIC,817,5926,DEM
GP 2020,15TH DEMOCRATIC DELEGATE,G,3,26250,115,NATALIE PHELPS,BIDEN,FINNIE,CUMBERLAND,DEMOCRATIC,312,5927,DEM
GP 2020,15TH DEMOCRATIC DELEGATE,G,3,26250,115,NATALIE PHELPS,BIDEN,FINNIE,VERMILION,DEMOCRATIC,2414,5928,DEM
GP 2020,15TH DEMOCRATIC DELEGATE,G,3,26250,115,NATALIE PHELPS,BIDEN,FINNIE,WABASH,DEMOCRATIC,292,5929,DEM
GP 2020,15TH DEMOCRATIC DELEGATE,G,3,26250,115,NATALIE PHELPS,BIDEN,FINNIE,EFFINGHAM,DEMOCRATIC,874,5930,DEM
GP 2020,15TH DEMOCRATIC DELEGATE,G,3,26250,115,NATALIE PHELPS,BIDEN,FINNIE,MARION,DEMOCRATIC,1455,5931,DEM
GP 2020,15TH DEMOCRATIC DELEGATE,G,3,26250,115,NATALIE PHELPS,BIDEN,FINNIE,BOND,DEMOCRATIC,432,5932,DEM
GP 2020,15TH DEMOCRATIC DELEGATE,G,3,26250,115,NATALIE PHELPS,BIDEN,FINNIE,DOUGLAS,DEMOCRATIC,454,5933,DEM
GP 2020,15TH DEMOCRATIC DELEGATE,G,3,26250,115,NATALIE PHELPS,BIDEN,FINNIE,MADISON,DEMOCRATIC,2314,5934,DEM
GP 2020,15TH DEMOCRATIC DELEGATE,G,3,26250,115,NATALIE PHELPS,BIDEN,FINNIE,GALLATIN,DEMOCRATIC,420,5935,DEM
GP 2020,15TH DEMOCRATIC DELEGATE,G,3,26250,115,NATALIE PHELPS,BIDEN,FINNIE,HARDIN,DEMOCRATIC,154,5936,DEM
GP 2020,15TH DEMOCRATIC DELEGATE,G,3,26250,115,NATALIE PHELPS,BIDEN,FINNIE,COLES,DEMOCRATIC,1673,5937,DEM
GP 2020,15TH DEMOCRATIC DELEGATE,G,3,26250,115,NATALIE PHELPS,BIDEN,FINNIE,HAMILTON,DEMOCRATIC,382,5938,DEM
GP 2020,15TH DEMOCRATIC DELEGATE,G,3,26250,115,NATALIE PHELPS,BIDEN,FINNIE,MOULTRIE,DEMOCRATIC,477,5939,DEM
GP 2020,15TH DEMOCRATIC DELEGATE,G,3,26250,115,NATALIE PHELPS,BIDEN,FINNIE,FORD,DEMOCRATIC,109,5940,DEM
GP 2020,15TH DEMOCRATIC DELEGATE,G,3,26250,115,NATALIE PHELPS,BIDEN,FINNIE,CLARK,DEMOCRATIC,575,5941,DEM
GP 2020,15TH DEMOCRATIC DELEGATE,G,3,26250,115,NATALIE PHELPS,BIDEN,FINNIE,EDGAR,DEMOCRATIC,439,5942,DEM
GP 2020,15TH DEMOCRATIC DELEGATE,G,3,26250,115,NATALIE PHELPS,BIDEN,FINNIE,CRAWFORD,DEMOCRATIC,541,5943,DEM
GP 2020,15TH DEMOCRATIC DELEGATE,G,3,26250,115,NATALIE PHELPS,BIDEN,FINNIE,JASPER,DEMOCRATIC,267,5944,DEM
GP 2020,15TH DEMOCRATIC DELEGATE,G,3,26250,115,NATALIE PHELPS,BIDEN,FINNIE,LAWRENCE,DEMOCRATIC,354,5945,DEM
GP 2020,15TH DEMOCRATIC DELEGATE,G,3,26250,115,NATALIE PHELPS,BIDEN,FINNIE,SHELBY,DEMOCRATIC,762,5946,DEM
GP 2020,15TH DEMOCRATIC DELEGATE,G,3,26250,115,NATALIE PHELPS,BIDEN,FINNIE,JOHNSON,DEMOCRATIC,354,5947,DEM
GP 2020,15TH DEMOCRATIC DELEGATE,G,3,26250,115,NATALIE PHELPS,BIDEN,FINNIE,CLAY,DEMOCRATIC,240,5948,DEM
GP 2020,15TH DEMOCRATIC DELEGATE,G,3,26250,115,NATALIE PHELPS,BIDEN,FINNIE,EDWARDS,DEMOCRATIC,114,5949,DEM
GP 2020,15TH DEMOCRATIC DELEGATE,G,3,26251,115,PATRICK H.,BIDEN,SCATES,POPE,DEMOCRATIC,94,5950,DEM
GP 2020,15TH DEMOCRATIC DELEGATE,G,3,26251,115,PATRICK H.,BIDEN,SCATES,MASSAC,DEMOCRATIC,299,5951,DEM
GP 2020,15TH DEMOCRATIC DELEGATE,G,3,26251,115,PATRICK H.,BIDEN,SCATES,WASHINGTON,DEMOCRATIC,294,5952,DEM
GP 2020,15TH DEMOCRATIC DELEGATE,G,3,26251,115,PATRICK H.,BIDEN,SCATES,EFFINGHAM,DEMOCRATIC,756,5953,DEM
GP 2020,15TH DEMOCRATIC DELEGATE,G,3,26251,115,PATRICK H.,BIDEN,SCATES,MARION,DEMOCRATIC,1299,5954,DEM
GP 2020,15TH DEMOCRATIC DELEGATE,G,3,26251,115,PATRICK H.,BIDEN,SCATES,CHAMPAIGN,DEMOCRATIC,1428,5955,DEM
GP 2020,15TH DEMOCRATIC DELEGATE,G,3,26251,115,PATRICK H.,BIDEN,SCATES,WHITE,DEMOCRATIC,483,5956,DEM
GP 2020,15TH DEMOCRATIC DELEGATE,G,3,26251,115,PATRICK H.,BIDEN,SCATES,WAYNE,DEMOCRATIC,264,5957,DEM
GP 2020,15TH DEMOCRATIC DELEGATE,G,3,26251,115,PATRICK H.,BIDEN,SCATES,FAYETTE,DEMOCRATIC,439,5958,DEM
GP 2020,15TH DEMOCRATIC DELEGATE,G,3,26251,115,PATRICK H.,BIDEN,SCATES,HARDIN,DEMOCRATIC,114,5959,DEM
GP 2020,15TH DEMOCRATIC DELEGATE,G,3,26251,115,PATRICK H.,BIDEN,SCATES,COLES,DEMOCRATIC,1459,5960,DEM
GP 2020,15TH DEMOCRATIC DELEGATE,G,3,26251,115,PATRICK H.,BIDEN,SCATES,CLINTON,DEMOCRATIC,713,5961,DEM
GP 2020,15TH DEMOCRATIC DELEGATE,G,3,26251,115,PATRICK H.,BIDEN,SCATES,CUMBERLAND,DEMOCRATIC,276,5962,DEM
GP 2020,15TH DEMOCRATIC DELEGATE,G,3,26251,115,PATRICK H.,BIDEN,SCATES,VERMILION,DEMOCRATIC,2091,5963,DEM
GP 2020,15TH DEMOCRATIC DELEGATE,G,3,26251,115,PATRICK H.,BIDEN,SCATES,WABASH,DEMOCRATIC,262,5964,DEM
GP 2020,15TH DEMOCRATIC DELEGATE,G,3,26251,115,PATRICK H.,BIDEN,SCATES,EDGAR,DEMOCRATIC,400,5965,DEM
GP 2020,15TH DEMOCRATIC DELEGATE,G,3,26251,115,PATRICK H.,BIDEN,SCATES,CRAWFORD,DEMOCRATIC,488,5966,DEM
GP 2020,15TH DEMOCRATIC DELEGATE,G,3,26251,115,PATRICK H.,BIDEN,SCATES,BOND,DEMOCRATIC,380,5967,DEM
GP 2020,15TH DEMOCRATIC DELEGATE,G,3,26251,115,PATRICK H.,BIDEN,SCATES,DOUGLAS,DEMOCRATIC,407,5968,DEM
GP 2020,15TH DEMOCRATIC DELEGATE,G,3,26251,115,PATRICK H.,BIDEN,SCATES,MADISON,DEMOCRATIC,1988,5969,DEM
GP 2020,15TH DEMOCRATIC DELEGATE,G,3,26251,115,PATRICK H.,BIDEN,SCATES,GALLATIN,DEMOCRATIC,383,5970,DEM
GP 2020,15TH DEMOCRATIC DELEGATE,G,3,26251,115,PATRICK H.,BIDEN,SCATES,CLAY,DEMOCRATIC,215,5971,DEM
GP 2020,15TH DEMOCRATIC DELEGATE,G,3,26251,115,PATRICK H.,BIDEN,SCATES,EDWARDS,DEMOCRATIC,105,5972,DEM
GP 2020,15TH DEMOCRATIC DELEGATE,G,3,26251,115,PATRICK H.,BIDEN,SCATES,HAMILTON,DEMOCRATIC,318,5973,DEM
GP 2020,15TH DEMOCRATIC DELEGATE,G,3,26251,115,PATRICK H.,BIDEN,SCATES,MOULTRIE,DEMOCRATIC,428,5974,DEM
GP 2020,15TH DEMOCRATIC DELEGATE,G,3,26251,115,PATRICK H.,BIDEN,SCATES,FORD,DEMOCRATIC,100,5975,DEM
GP 2020,15TH DEMOCRATIC DELEGATE,G,3,26251,115,PATRICK H.,BIDEN,SCATES,CLARK,DEMOCRATIC,520,5976,DEM
GP 2020,15TH DEMOCRATIC DELEGATE,G,3,26251,115,PATRICK H.,BIDEN,SCATES,SALINE,DEMOCRATIC,705,5977,DEM
GP 2020,15TH DEMOCRATIC DELEGATE,G,3,26251,115,PATRICK H.,BIDEN,SCATES,RICHLAND,DEMOCRATIC,343,5978,DEM
GP 2020,15TH DEMOCRATIC DELEGATE,G,3,26251,115,PATRICK H.,BIDEN,SCATES,JASPER,DEMOCRATIC,247,5979,DEM
GP 2020,15TH DEMOCRATIC DELEGATE,G,3,26251,115,PATRICK H.,BIDEN,SCATES,LAWRENCE,DEMOCRATIC,335,5980,DEM
GP 2020,15TH DEMOCRATIC DELEGATE,G,3,26251,115,PATRICK H.,BIDEN,SCATES,SHELBY,DEMOCRATIC,694,5981,DEM
GP 2020,15TH DEMOCRATIC DELEGATE,G,3,26251,115,PATRICK H.,BIDEN,SCATES,JOHNSON,DEMOCRATIC,256,5982,DEM
GP 2020,15TH DEMOCRATIC DELEGATE,G,3,26461,115,AMANDA,SANDERS,BENEFIEL,POPE,DEMOCRATIC,64,5983,DEM
GP 2020,15TH DEMOCRATIC DELEGATE,G,3,26461,115,AMANDA,SANDERS,BENEFIEL,MASSAC,DEMOCRATIC,200,5984,DEM
GP 2020,15TH DEMOCRATIC DELEGATE,G,3,26461,115,AMANDA,SANDERS,BENEFIEL,WASHINGTON,DEMOCRATIC,185,5985,DEM
GP 2020,15TH DEMOCRATIC DELEGATE,G,3,26461,115,AMANDA,SANDERS,BENEFIEL,SALINE,DEMOCRATIC,331,5986,DEM
GP 2020,15TH DEMOCRATIC DELEGATE,G,3,26461,115,AMANDA,SANDERS,BENEFIEL,RICHLAND,DEMOCRATIC,213,5987,DEM
GP 2020,15TH DEMOCRATIC DELEGATE,G,3,26461,115,AMANDA,SANDERS,BENEFIEL,CHAMPAIGN,DEMOCRATIC,1036,5988,DEM
GP 2020,15TH DEMOCRATIC DELEGATE,G,3,26461,115,AMANDA,SANDERS,BENEFIEL,WHITE,DEMOCRATIC,154,5989,DEM
GP 2020,15TH DEMOCRATIC DELEGATE,G,3,26461,115,AMANDA,SANDERS,BENEFIEL,WAYNE,DEMOCRATIC,189,5990,DEM
GP 2020,15TH DEMOCRATIC DELEGATE,G,3,26461,115,AMANDA,SANDERS,BENEFIEL,FAYETTE,DEMOCRATIC,186,5991,DEM
GP 2020,15TH DEMOCRATIC DELEGATE,G,3,26461,115,AMANDA,SANDERS,BENEFIEL,CLINTON,DEMOCRATIC,425,5992,DEM
GP 2020,15TH DEMOCRATIC DELEGATE,G,3,26461,115,AMANDA,SANDERS,BENEFIEL,CUMBERLAND,DEMOCRATIC,144,5993,DEM
GP 2020,15TH DEMOCRATIC DELEGATE,G,3,26461,115,AMANDA,SANDERS,BENEFIEL,VERMILION,DEMOCRATIC,1129,5994,DEM
GP 2020,15TH DEMOCRATIC DELEGATE,G,3,26461,115,AMANDA,SANDERS,BENEFIEL,WABASH,DEMOCRATIC,125,5995,DEM
GP 2020,15TH DEMOCRATIC DELEGATE,G,3,26461,115,AMANDA,SANDERS,BENEFIEL,EFFINGHAM,DEMOCRATIC,421,5996,DEM
GP 2020,15TH DEMOCRATIC DELEGATE,G,3,26461,115,AMANDA,SANDERS,BENEFIEL,MARION,DEMOCRATIC,661,5997,DEM
GP 2020,15TH DEMOCRATIC DELEGATE,G,3,26461,115,AMANDA,SANDERS,BENEFIEL,BOND,DEMOCRATIC,245,5998,DEM
GP 2020,15TH DEMOCRATIC DELEGATE,G,3,26461,115,AMANDA,SANDERS,BENEFIEL,DOUGLAS,DEMOCRATIC,241,5999,DEM
GP 2020,15TH DEMOCRATIC DELEGATE,G,3,26461,115,AMANDA,SANDERS,BENEFIEL,MADISON,DEMOCRATIC,1444,6000,DEM
GP 2020,15TH DEMOCRATIC DELEGATE,G,3,26461,115,AMANDA,SANDERS,BENEFIEL,GALLATIN,DEMOCRATIC,107,6001,DEM
GP 2020,15TH DEMOCRATIC DELEGATE,G,3,26461,115,AMANDA,SANDERS,BENEFIEL,HARDIN,DEMOCRATIC,78,6002,DEM
GP 2020,15TH DEMOCRATIC DELEGATE,G,3,26461,115,AMANDA,SANDERS,BENEFIEL,COLES,DEMOCRATIC,1111,6003,DEM
GP 2020,15TH DEMOCRATIC DELEGATE,G,3,26461,115,AMANDA,SANDERS,BENEFIEL,HAMILTON,DEMOCRATIC,114,6004,DEM
GP 2020,15TH DEMOCRATIC DELEGATE,G,3,26461,115,AMANDA,SANDERS,BENEFIEL,MOULTRIE,DEMOCRATIC,207,6005,DEM
GP 2020,15TH DEMOCRATIC DELEGATE,G,3,26461,115,AMANDA,SANDERS,BENEFIEL,FORD,DEMOCRATIC,94,6006,DEM
GP 2020,15TH DEMOCRATIC DELEGATE,G,3,26461,115,AMANDA,SANDERS,BENEFIEL,CLARK,DEMOCRATIC,328,6007,DEM
GP 2020,15TH DEMOCRATIC DELEGATE,G,3,26461,115,AMANDA,SANDERS,BENEFIEL,EDGAR,DEMOCRATIC,212,6008,DEM
GP 2020,15TH DEMOCRATIC DELEGATE,G,3,26461,115,AMANDA,SANDERS,BENEFIEL,CRAWFORD,DEMOCRATIC,267,6009,DEM
GP 2020,15TH DEMOCRATIC DELEGATE,G,3,26461,115,AMANDA,SANDERS,BENEFIEL,JASPER,DEMOCRATIC,135,6010,DEM
GP 2020,15TH DEMOCRATIC DELEGATE,G,3,26461,115,AMANDA,SANDERS,BENEFIEL,LAWRENCE,DEMOCRATIC,196,6011,DEM
GP 2020,15TH DEMOCRATIC DELEGATE,G,3,26461,115,AMANDA,SANDERS,BENEFIEL,SHELBY,DEMOCRATIC,282,6012,DEM
GP 2020,15TH DEMOCRATIC DELEGATE,G,3,26461,115,AMANDA,SANDERS,BENEFIEL,JOHNSON,DEMOCRATIC,146,6013,DEM
GP 2020,15TH DEMOCRATIC DELEGATE,G,3,26461,115,AMANDA,SANDERS,BENEFIEL,CLAY,DEMOCRATIC,129,6014,DEM
GP 2020,15TH DEMOCRATIC DELEGATE,G,3,26461,115,AMANDA,SANDERS,BENEFIEL,EDWARDS,DEMOCRATIC,58,6015,DEM
GP 2020,COOK - 9TH SUBCIRCUIT - AXELROOD VACANCY,LC,1,25619,905,IRA I.,,SILVERSTEIN,COOK,DEMOCRATIC,12127,6016,DEM
GP 2020,COOK - 9TH SUBCIRCUIT - AXELROOD VACANCY,LC,1,25705,905,"PAMELA ""PAM""",,STRATIGAKIS,COOK,DEMOCRATIC,21371,6017,DEM
GP 2020,COOK - 9TH SUBCIRCUIT - AXELROOD VACANCY,LC,1,25980,905,TIMOTHY PATRICK,,CARTER,COOK,DEMOCRATIC,3710,6018,DEM
GP 2020,COOK - 9TH SUBCIRCUIT - AXELROOD VACANCY,LC,1,25706,905,THOMAS M.,,CUSHING,COOK,DEMOCRATIC,23857,6019,DEM
GP 2020,COOK - 9TH SUBCIRCUIT - LUCKMAN VACANCY,LC,1,25769,910,"BASILEIOS ""BILL""",,FOUTRIS,COOK,DEMOCRATIC,9354,6020,DEM
GP 2020,COOK - 9TH SUBCIRCUIT - LUCKMAN VACANCY,LC,1,25592,910,THOMAS PETER,,KOUGIAS,COOK,DEMOCRATIC,4871,6021,DEM
GP 2020,COOK - 9TH SUBCIRCUIT - LUCKMAN VACANCY,LC,1,25797,910,MICHAEL ALAN,,STROM,COOK,DEMOCRATIC,14253,6022,DEM
GP 2020,COOK - 9TH SUBCIRCUIT - LUCKMAN VACANCY,LC,1,25563,910,JULIE BESS,,AIMEN,COOK,DEMOCRATIC,29318,6023,DEM
GP 2020,15TH REPUBLICAN DELEGATE,G,3,26099,115,"THOMAS ""CHAPIN""",TRUMP,ROSE,POPE,REPUBLICAN,340,6024,REP
GP 2020,15TH REPUBLICAN DELEGATE,G,3,26099,115,"THOMAS ""CHAPIN""",TRUMP,ROSE,MASSAC,REPUBLICAN,1110,6025,REP
GP 2020,15TH REPUBLICAN DELEGATE,G,3,26099,115,"THOMAS ""CHAPIN""",TRUMP,ROSE,WASHINGTON,REPUBLICAN,1635,6026,REP
GP 2020,15TH REPUBLICAN DELEGATE,G,3,26099,115,"THOMAS ""CHAPIN""",TRUMP,ROSE,SALINE,REPUBLICAN,1702,6027,REP
GP 2020,15TH REPUBLICAN DELEGATE,G,3,26099,115,"THOMAS ""CHAPIN""",TRUMP,ROSE,RICHLAND,REPUBLICAN,2036,6028,REP
GP 2020,15TH REPUBLICAN DELEGATE,G,3,26099,115,"THOMAS ""CHAPIN""",TRUMP,ROSE,CHAMPAIGN,REPUBLICAN,3784,6029,REP
GP 2020,15TH REPUBLICAN DELEGATE,G,3,26099,115,"THOMAS ""CHAPIN""",TRUMP,ROSE,WHITE,REPUBLICAN,1279,6030,REP
GP 2020,15TH REPUBLICAN DELEGATE,G,3,26099,115,"THOMAS ""CHAPIN""",TRUMP,ROSE,WAYNE,REPUBLICAN,2568,6031,REP
GP 2020,15TH REPUBLICAN DELEGATE,G,3,26099,115,"THOMAS ""CHAPIN""",TRUMP,ROSE,FAYETTE,REPUBLICAN,2209,6032,REP
GP 2020,15TH REPUBLICAN DELEGATE,G,3,26099,115,"THOMAS ""CHAPIN""",TRUMP,ROSE,CLINTON,REPUBLICAN,2690,6033,REP
GP 2020,15TH REPUBLICAN DELEGATE,G,3,26099,115,"THOMAS ""CHAPIN""",TRUMP,ROSE,CUMBERLAND,REPUBLICAN,1454,6034,REP
GP 2020,15TH REPUBLICAN DELEGATE,G,3,26099,115,"THOMAS ""CHAPIN""",TRUMP,ROSE,VERMILION,REPUBLICAN,6283,6035,REP
GP 2020,15TH REPUBLICAN DELEGATE,G,3,26099,115,"THOMAS ""CHAPIN""",TRUMP,ROSE,WABASH,REPUBLICAN,1279,6036,REP
GP 2020,15TH REPUBLICAN DELEGATE,G,3,26099,115,"THOMAS ""CHAPIN""",TRUMP,ROSE,EFFINGHAM,REPUBLICAN,3739,6037,REP
GP 2020,15TH REPUBLICAN DELEGATE,G,3,26099,115,"THOMAS ""CHAPIN""",TRUMP,ROSE,MARION,REPUBLICAN,3472,6038,REP
GP 2020,15TH REPUBLICAN DELEGATE,G,3,26099,115,"THOMAS ""CHAPIN""",TRUMP,ROSE,BOND,REPUBLICAN,741,6039,REP
GP 2020,15TH REPUBLICAN DELEGATE,G,3,26099,115,"THOMAS ""CHAPIN""",TRUMP,ROSE,DOUGLAS,REPUBLICAN,2458,6040,REP
GP 2020,15TH REPUBLICAN DELEGATE,G,3,26099,115,"THOMAS ""CHAPIN""",TRUMP,ROSE,MADISON,REPUBLICAN,3031,6041,REP
GP 2020,15TH REPUBLICAN DELEGATE,G,3,26099,115,"THOMAS ""CHAPIN""",TRUMP,ROSE,GALLATIN,REPUBLICAN,293,6042,REP
GP 2020,15TH REPUBLICAN DELEGATE,G,3,26099,115,"THOMAS ""CHAPIN""",TRUMP,ROSE,HARDIN,REPUBLICAN,227,6043,REP
GP 2020,15TH REPUBLICAN DELEGATE,G,3,26099,115,"THOMAS ""CHAPIN""",TRUMP,ROSE,COLES,REPUBLICAN,4018,6044,REP
GP 2020,15TH REPUBLICAN DELEGATE,G,3,26099,115,"THOMAS ""CHAPIN""",TRUMP,ROSE,HAMILTON,REPUBLICAN,924,6045,REP
GP 2020,15TH REPUBLICAN DELEGATE,G,3,26099,115,"THOMAS ""CHAPIN""",TRUMP,ROSE,MOULTRIE,REPUBLICAN,1424,6046,REP
GP 2020,15TH REPUBLICAN DELEGATE,G,3,26099,115,"THOMAS ""CHAPIN""",TRUMP,ROSE,FORD,REPUBLICAN,706,6047,REP
GP 2020,15TH REPUBLICAN DELEGATE,G,3,26099,115,"THOMAS ""CHAPIN""",TRUMP,ROSE,CLARK,REPUBLICAN,1846,6048,REP
GP 2020,15TH REPUBLICAN DELEGATE,G,3,26099,115,"THOMAS ""CHAPIN""",TRUMP,ROSE,EDGAR,REPUBLICAN,1852,6049,REP
GP 2020,15TH REPUBLICAN DELEGATE,G,3,26099,115,"THOMAS ""CHAPIN""",TRUMP,ROSE,CRAWFORD,REPUBLICAN,1838,6050,REP
GP 2020,15TH REPUBLICAN DELEGATE,G,3,26099,115,"THOMAS ""CHAPIN""",TRUMP,ROSE,JASPER,REPUBLICAN,1445,6051,REP
GP 2020,15TH REPUBLICAN DELEGATE,G,3,26099,115,"THOMAS ""CHAPIN""",TRUMP,ROSE,LAWRENCE,REPUBLICAN,1107,6052,REP
GP 2020,15TH REPUBLICAN DELEGATE,G,3,26099,115,"THOMAS ""CHAPIN""",TRUMP,ROSE,SHELBY,REPUBLICAN,2693,6053,REP
GP 2020,15TH REPUBLICAN DELEGATE,G,3,26099,115,"THOMAS ""CHAPIN""",TRUMP,ROSE,JOHNSON,REPUBLICAN,1737,6054,REP
GP 2020,15TH REPUBLICAN DELEGATE,G,3,26099,115,"THOMAS ""CHAPIN""",TRUMP,ROSE,CLAY,REPUBLICAN,1564,6055,REP
GP 2020,15TH REPUBLICAN DELEGATE,G,3,26099,115,"THOMAS ""CHAPIN""",TRUMP,ROSE,EDWARDS,REPUBLICAN,844,6056,REP
GP 2020,15TH REPUBLICAN DELEGATE,G,3,26101,115,RHONDA,TRUMP,BELFORD,POPE,REPUBLICAN,448,6057,REP
GP 2020,15TH REPUBLICAN DELEGATE,G,3,26101,115,RHONDA,TRUMP,BELFORD,MASSAC,REPUBLICAN,979,6058,REP
GP 2020,15TH REPUBLICAN DELEGATE,G,3,26101,115,RHONDA,TRUMP,BELFORD,WASHINGTON,REPUBLICAN,1396,6059,REP
GP 2020,15TH REPUBLICAN DELEGATE,G,3,26101,115,RHONDA,TRUMP,BELFORD,SALINE,REPUBLICAN,1925,6060,REP
GP 2020,15TH REPUBLICAN DELEGATE,G,3,26101,115,RHONDA,TRUMP,BELFORD,RICHLAND,REPUBLICAN,1394,6061,REP
GP 2020,15TH REPUBLICAN DELEGATE,G,3,26101,115,RHONDA,TRUMP,BELFORD,JASPER,REPUBLICAN,1135,6062,REP
GP 2020,15TH REPUBLICAN DELEGATE,G,3,26101,115,RHONDA,TRUMP,BELFORD,WHITE,REPUBLICAN,1172,6063,REP
GP 2020,15TH REPUBLICAN DELEGATE,G,3,26101,115,RHONDA,TRUMP,BELFORD,WAYNE,REPUBLICAN,2014,6064,REP
GP 2020,15TH REPUBLICAN DELEGATE,G,3,26101,115,RHONDA,TRUMP,BELFORD,FAYETTE,REPUBLICAN,1787,6065,REP
GP 2020,15TH REPUBLICAN DELEGATE,G,3,26101,115,RHONDA,TRUMP,BELFORD,CUMBERLAND,REPUBLICAN,884,6066,REP
GP 2020,15TH REPUBLICAN DELEGATE,G,3,26101,115,RHONDA,TRUMP,BELFORD,VERMILION,REPUBLICAN,4623,6067,REP
GP 2020,15TH REPUBLICAN DELEGATE,G,3,26101,115,RHONDA,TRUMP,BELFORD,WABASH,REPUBLICAN,947,6068,REP
GP 2020,15TH REPUBLICAN DELEGATE,G,3,26101,115,RHONDA,TRUMP,BELFORD,EFFINGHAM,REPUBLICAN,2488,6069,REP
GP 2020,15TH REPUBLICAN DELEGATE,G,3,26101,115,RHONDA,TRUMP,BELFORD,MARION,REPUBLICAN,2754,6070,REP
GP 2020,15TH REPUBLICAN DELEGATE,G,3,26101,115,RHONDA,TRUMP,BELFORD,CHAMPAIGN,REPUBLICAN,2163,6071,REP
GP 2020,15TH REPUBLICAN DELEGATE,G,3,26101,115,RHONDA,TRUMP,BELFORD,DOUGLAS,REPUBLICAN,1121,6072,REP
GP 2020,15TH REPUBLICAN DELEGATE,G,3,26101,115,RHONDA,TRUMP,BELFORD,MADISON,REPUBLICAN,2418,6073,REP
GP 2020,15TH REPUBLICAN DELEGATE,G,3,26101,115,RHONDA,TRUMP,BELFORD,GALLATIN,REPUBLICAN,323,6074,REP
GP 2020,15TH REPUBLICAN DELEGATE,G,3,26101,115,RHONDA,TRUMP,BELFORD,HARDIN,REPUBLICAN,490,6075,REP
GP 2020,15TH REPUBLICAN DELEGATE,G,3,26101,115,RHONDA,TRUMP,BELFORD,COLES,REPUBLICAN,1938,6076,REP
GP 2020,15TH REPUBLICAN DELEGATE,G,3,26101,115,RHONDA,TRUMP,BELFORD,CLINTON,REPUBLICAN,2274,6077,REP
GP 2020,15TH REPUBLICAN DELEGATE,G,3,26101,115,RHONDA,TRUMP,BELFORD,MOULTRIE,REPUBLICAN,899,6078,REP
GP 2020,15TH REPUBLICAN DELEGATE,G,3,26101,115,RHONDA,TRUMP,BELFORD,FORD,REPUBLICAN,531,6079,REP
GP 2020,15TH REPUBLICAN DELEGATE,G,3,26101,115,RHONDA,TRUMP,BELFORD,CLARK,REPUBLICAN,1394,6080,REP
GP 2020,15TH REPUBLICAN DELEGATE,G,3,26101,115,RHONDA,TRUMP,BELFORD,EDGAR,REPUBLICAN,952,6081,REP
GP 2020,15TH REPUBLICAN DELEGATE,G,3,26101,115,RHONDA,TRUMP,BELFORD,CRAWFORD,REPUBLICAN,1427,6082,REP
GP 2020,15TH REPUBLICAN DELEGATE,G,3,26101,115,RHONDA,TRUMP,BELFORD,BOND,REPUBLICAN,580,6083,REP
GP 2020,15TH REPUBLICAN DELEGATE,G,3,26101,115,RHONDA,TRUMP,BELFORD,LAWRENCE,REPUBLICAN,718,6084,REP
GP 2020,15TH REPUBLICAN DELEGATE,G,3,26101,115,RHONDA,TRUMP,BELFORD,SHELBY,REPUBLICAN,1560,6085,REP
GP 2020,15TH REPUBLICAN DELEGATE,G,3,26101,115,RHONDA,TRUMP,BELFORD,JOHNSON,REPUBLICAN,1603,6086,REP
GP 2020,15TH REPUBLICAN DELEGATE,G,3,26101,115,RHONDA,TRUMP,BELFORD,CLAY,REPUBLICAN,1011,6087,REP
GP 2020,15TH REPUBLICAN DELEGATE,G,3,26101,115,RHONDA,TRUMP,BELFORD,EDWARDS,REPUBLICAN,611,6088,REP
GP 2020,15TH REPUBLICAN DELEGATE,G,3,26101,115,RHONDA,TRUMP,BELFORD,HAMILTON,REPUBLICAN,741,6089,REP
GP 2020,15TH REPUBLICAN DELEGATE,G,3,26102,115,SUSAN,TRUMP,PETTY,WAYNE,REPUBLICAN,2014,6090,REP
GP 2020,15TH REPUBLICAN DELEGATE,G,3,26102,115,SUSAN,TRUMP,PETTY,FAYETTE,REPUBLICAN,1794,6091,REP
GP 2020,15TH REPUBLICAN DELEGATE,G,3,26102,115,SUSAN,TRUMP,PETTY,VERMILION,REPUBLICAN,4699,6092,REP
GP 2020,15TH REPUBLICAN DELEGATE,G,3,26102,115,SUSAN,TRUMP,PETTY,WABASH,REPUBLICAN,938,6093,REP
GP 2020,15TH REPUBLICAN DELEGATE,G,3,26102,115,SUSAN,TRUMP,PETTY,EFFINGHAM,REPUBLICAN,3149,6094,REP
GP 2020,15TH REPUBLICAN DELEGATE,G,3,26102,115,SUSAN,TRUMP,PETTY,MARION,REPUBLICAN,2589,6095,REP
GP 2020,15TH REPUBLICAN DELEGATE,G,3,26102,115,SUSAN,TRUMP,PETTY,CHAMPAIGN,REPUBLICAN,2171,6096,REP
GP 2020,15TH REPUBLICAN DELEGATE,G,3,26102,115,SUSAN,TRUMP,PETTY,WHITE,REPUBLICAN,965,6097,REP
GP 2020,15TH REPUBLICAN DELEGATE,G,3,26102,115,SUSAN,TRUMP,PETTY,MADISON,REPUBLICAN,2482,6098,REP
GP 2020,15TH REPUBLICAN DELEGATE,G,3,26102,115,SUSAN,TRUMP,PETTY,GALLATIN,REPUBLICAN,228,6099,REP
GP 2020,15TH REPUBLICAN DELEGATE,G,3,26102,115,SUSAN,TRUMP,PETTY,HARDIN,REPUBLICAN,189,6100,REP
GP 2020,15TH REPUBLICAN DELEGATE,G,3,26102,115,SUSAN,TRUMP,PETTY,COLES,REPUBLICAN,1963,6101,REP
GP 2020,15TH REPUBLICAN DELEGATE,G,3,26102,115,SUSAN,TRUMP,PETTY,CLINTON,REPUBLICAN,2227,6102,REP
GP 2020,15TH REPUBLICAN DELEGATE,G,3,26102,115,SUSAN,TRUMP,PETTY,CUMBERLAND,REPUBLICAN,874,6103,REP
GP 2020,15TH REPUBLICAN DELEGATE,G,3,26102,115,SUSAN,TRUMP,PETTY,FORD,REPUBLICAN,516,6104,REP
GP 2020,15TH REPUBLICAN DELEGATE,G,3,26102,115,SUSAN,TRUMP,PETTY,CLARK,REPUBLICAN,1376,6105,REP
GP 2020,15TH REPUBLICAN DELEGATE,G,3,26102,115,SUSAN,TRUMP,PETTY,EDGAR,REPUBLICAN,948,6106,REP
GP 2020,15TH REPUBLICAN DELEGATE,G,3,26102,115,SUSAN,TRUMP,PETTY,CRAWFORD,REPUBLICAN,1431,6107,REP
GP 2020,15TH REPUBLICAN DELEGATE,G,3,26102,115,SUSAN,TRUMP,PETTY,BOND,REPUBLICAN,574,6108,REP
GP 2020,15TH REPUBLICAN DELEGATE,G,3,26102,115,SUSAN,TRUMP,PETTY,DOUGLAS,REPUBLICAN,1108,6109,REP
GP 2020,15TH REPUBLICAN DELEGATE,G,3,26102,115,SUSAN,TRUMP,PETTY,SHELBY,REPUBLICAN,1591,6110,REP
GP 2020,15TH REPUBLICAN DELEGATE,G,3,26102,115,SUSAN,TRUMP,PETTY,JOHNSON,REPUBLICAN,1315,6111,REP
GP 2020,15TH REPUBLICAN DELEGATE,G,3,26102,115,SUSAN,TRUMP,PETTY,CLAY,REPUBLICAN,1244,6112,REP
GP 2020,15TH REPUBLICAN DELEGATE,G,3,26102,115,SUSAN,TRUMP,PETTY,EDWARDS,REPUBLICAN,593,6113,REP
GP 2020,15TH REPUBLICAN DELEGATE,G,3,26102,115,SUSAN,TRUMP,PETTY,HAMILTON,REPUBLICAN,729,6114,REP
GP 2020,15TH REPUBLICAN DELEGATE,G,3,26102,115,SUSAN,TRUMP,PETTY,MOULTRIE,REPUBLICAN,897,6115,REP
GP 2020,15TH REPUBLICAN DELEGATE,G,3,26102,115,SUSAN,TRUMP,PETTY,MASSAC,REPUBLICAN,795,6116,REP
GP 2020,15TH REPUBLICAN DELEGATE,G,3,26102,115,SUSAN,TRUMP,PETTY,WASHINGTON,REPUBLICAN,1315,6117,REP
GP 2020,15TH REPUBLICAN DELEGATE,G,3,26102,115,SUSAN,TRUMP,PETTY,SALINE,REPUBLICAN,1364,6118,REP
GP 2020,15TH REPUBLICAN DELEGATE,G,3,26102,115,SUSAN,TRUMP,PETTY,RICHLAND,REPUBLICAN,1488,6119,REP
GP 2020,15TH REPUBLICAN DELEGATE,G,3,26102,115,SUSAN,TRUMP,PETTY,JASPER,REPUBLICAN,1099,6120,REP
GP 2020,15TH REPUBLICAN DELEGATE,G,3,26102,115,SUSAN,TRUMP,PETTY,LAWRENCE,REPUBLICAN,849,6121,REP
GP 2020,15TH REPUBLICAN DELEGATE,G,3,26102,115,SUSAN,TRUMP,PETTY,POPE,REPUBLICAN,280,6122,REP
GP 2020,COOK - 10TH SUBCIRCUIT - ALLEN VACANCY,LC,1,25438,1005,JOHN G.,,MULROE,COOK,DEMOCRATIC,48360,6123,DEM
GP 2020,COOK - 10TH SUBCIRCUIT - McGING VACANCY,LC,1,25506,1010,JOHN,,GARRIDO,COOK,DEMOCRATIC,16918,6124,DEM
GP 2020,COOK - 10TH SUBCIRCUIT - McGING VACANCY,LC,1,25669,1010,JON,,STROMSTA,COOK,DEMOCRATIC,11407,6125,DEM
GP 2020,COOK - 10TH SUBCIRCUIT - McGING VACANCY,LC,1,25987,1010,MAIRE AILEEN,,DEMPSEY,COOK,DEMOCRATIC,27839,6126,DEM
GP 2020,15TH REPUBLICAN ALTERNATE DELEGATE,G,3,26104,215,DARREN,TRUMP,BAILEY,POPE,REPUBLICAN,253,6127,REP
GP 2020,15TH REPUBLICAN ALTERNATE DELEGATE,G,3,26104,215,DARREN,TRUMP,BAILEY,MASSAC,REPUBLICAN,733,6128,REP
GP 2020,15TH REPUBLICAN ALTERNATE DELEGATE,G,3,26104,215,DARREN,TRUMP,BAILEY,WASHINGTON,REPUBLICAN,1369,6129,REP
GP 2020,15TH REPUBLICAN ALTERNATE DELEGATE,G,3,26104,215,DARREN,TRUMP,BAILEY,SALINE,REPUBLICAN,1149,6130,REP
GP 2020,15TH REPUBLICAN ALTERNATE DELEGATE,G,3,26104,215,DARREN,TRUMP,BAILEY,MARION,REPUBLICAN,3148,6131,REP
GP 2020,15TH REPUBLICAN ALTERNATE DELEGATE,G,3,26104,215,DARREN,TRUMP,BAILEY,CHAMPAIGN,REPUBLICAN,2442,6132,REP
GP 2020,15TH REPUBLICAN ALTERNATE DELEGATE,G,3,26104,215,DARREN,TRUMP,BAILEY,WHITE,REPUBLICAN,1644,6133,REP
GP 2020,15TH REPUBLICAN ALTERNATE DELEGATE,G,3,26104,215,DARREN,TRUMP,BAILEY,WAYNE,REPUBLICAN,3307,6134,REP
GP 2020,15TH REPUBLICAN ALTERNATE DELEGATE,G,3,26104,215,DARREN,TRUMP,BAILEY,FAYETTE,REPUBLICAN,2027,6135,REP
GP 2020,15TH REPUBLICAN ALTERNATE DELEGATE,G,3,26104,215,DARREN,TRUMP,BAILEY,COLES,REPUBLICAN,2852,6136,REP
GP 2020,15TH REPUBLICAN ALTERNATE DELEGATE,G,3,26104,215,DARREN,TRUMP,BAILEY,CLINTON,REPUBLICAN,2300,6137,REP
GP 2020,15TH REPUBLICAN ALTERNATE DELEGATE,G,3,26104,215,DARREN,TRUMP,BAILEY,CUMBERLAND,REPUBLICAN,1325,6138,REP
GP 2020,15TH REPUBLICAN ALTERNATE DELEGATE,G,3,26104,215,DARREN,TRUMP,BAILEY,VERMILION,REPUBLICAN,4959,6139,REP
GP 2020,15TH REPUBLICAN ALTERNATE DELEGATE,G,3,26104,215,DARREN,TRUMP,BAILEY,WABASH,REPUBLICAN,1649,6140,REP
GP 2020,15TH REPUBLICAN ALTERNATE DELEGATE,G,3,26104,215,DARREN,TRUMP,BAILEY,EFFINGHAM,REPUBLICAN,5109,6141,REP
GP 2020,15TH REPUBLICAN ALTERNATE DELEGATE,G,3,26104,215,DARREN,TRUMP,BAILEY,CRAWFORD,REPUBLICAN,1883,6142,REP
GP 2020,15TH REPUBLICAN ALTERNATE DELEGATE,G,3,26104,215,DARREN,TRUMP,BAILEY,BOND,REPUBLICAN,581,6143,REP
GP 2020,15TH REPUBLICAN ALTERNATE DELEGATE,G,3,26104,215,DARREN,TRUMP,BAILEY,DOUGLAS,REPUBLICAN,1196,6144,REP
GP 2020,15TH REPUBLICAN ALTERNATE DELEGATE,G,3,26104,215,DARREN,TRUMP,BAILEY,MADISON,REPUBLICAN,2404,6145,REP
GP 2020,15TH REPUBLICAN ALTERNATE DELEGATE,G,3,26104,215,DARREN,TRUMP,BAILEY,GALLATIN,REPUBLICAN,209,6146,REP
GP 2020,15TH REPUBLICAN ALTERNATE DELEGATE,G,3,26104,215,DARREN,TRUMP,BAILEY,HARDIN,REPUBLICAN,194,6147,REP
GP 2020,15TH REPUBLICAN ALTERNATE DELEGATE,G,3,26104,215,DARREN,TRUMP,BAILEY,EDWARDS,REPUBLICAN,1248,6148,REP
GP 2020,15TH REPUBLICAN ALTERNATE DELEGATE,G,3,26104,215,DARREN,TRUMP,BAILEY,HAMILTON,REPUBLICAN,689,6149,REP
GP 2020,15TH REPUBLICAN ALTERNATE DELEGATE,G,3,26104,215,DARREN,TRUMP,BAILEY,MOULTRIE,REPUBLICAN,923,6150,REP
GP 2020,15TH REPUBLICAN ALTERNATE DELEGATE,G,3,26104,215,DARREN,TRUMP,BAILEY,FORD,REPUBLICAN,563,6151,REP
GP 2020,15TH REPUBLICAN ALTERNATE DELEGATE,G,3,26104,215,DARREN,TRUMP,BAILEY,CLARK,REPUBLICAN,1664,6152,REP
GP 2020,15TH REPUBLICAN ALTERNATE DELEGATE,G,3,26104,215,DARREN,TRUMP,BAILEY,EDGAR,REPUBLICAN,1031,6153,REP
GP 2020,15TH REPUBLICAN ALTERNATE DELEGATE,G,3,26104,215,DARREN,TRUMP,BAILEY,RICHLAND,REPUBLICAN,2602,6154,REP
GP 2020,15TH REPUBLICAN ALTERNATE DELEGATE,G,3,26104,215,DARREN,TRUMP,BAILEY,JASPER,REPUBLICAN,1910,6155,REP
GP 2020,15TH REPUBLICAN ALTERNATE DELEGATE,G,3,26104,215,DARREN,TRUMP,BAILEY,LAWRENCE,REPUBLICAN,1330,6156,REP
GP 2020,15TH REPUBLICAN ALTERNATE DELEGATE,G,3,26104,215,DARREN,TRUMP,BAILEY,SHELBY,REPUBLICAN,1613,6157,REP
GP 2020,15TH REPUBLICAN ALTERNATE DELEGATE,G,3,26104,215,DARREN,TRUMP,BAILEY,JOHNSON,REPUBLICAN,1129,6158,REP
GP 2020,15TH REPUBLICAN ALTERNATE DELEGATE,G,3,26104,215,DARREN,TRUMP,BAILEY,CLAY,REPUBLICAN,2573,6159,REP
GP 2020,15TH REPUBLICAN ALTERNATE DELEGATE,G,3,26103,215,DALE,TRUMP,FOWLER,POPE,REPUBLICAN,526,6160,REP
GP 2020,15TH REPUBLICAN ALTERNATE DELEGATE,G,3,26103,215,DALE,TRUMP,FOWLER,MASSAC,REPUBLICAN,1372,6161,REP
GP 2020,15TH REPUBLICAN ALTERNATE DELEGATE,G,3,26103,215,DALE,TRUMP,FOWLER,WASHINGTON,REPUBLICAN,1512,6162,REP
GP 2020,15TH REPUBLICAN ALTERNATE DELEGATE,G,3,26103,215,DALE,TRUMP,FOWLER,SALINE,REPUBLICAN,2472,6163,REP
GP 2020,15TH REPUBLICAN ALTERNATE DELEGATE,G,3,26103,215,DALE,TRUMP,FOWLER,RICHLAND,REPUBLICAN,1180,6164,REP
GP 2020,15TH REPUBLICAN ALTERNATE DELEGATE,G,3,26103,215,DALE,TRUMP,FOWLER,JASPER,REPUBLICAN,826,6165,REP
GP 2020,15TH REPUBLICAN ALTERNATE DELEGATE,G,3,26103,215,DALE,TRUMP,FOWLER,WHITE,REPUBLICAN,906,6166,REP
GP 2020,15TH REPUBLICAN ALTERNATE DELEGATE,G,3,26103,215,DALE,TRUMP,FOWLER,WAYNE,REPUBLICAN,1538,6167,REP
GP 2020,15TH REPUBLICAN ALTERNATE DELEGATE,G,3,26103,215,DALE,TRUMP,FOWLER,FAYETTE,REPUBLICAN,1850,6168,REP
GP 2020,15TH REPUBLICAN ALTERNATE DELEGATE,G,3,26103,215,DALE,TRUMP,FOWLER,CUMBERLAND,REPUBLICAN,845,6169,REP
GP 2020,15TH REPUBLICAN ALTERNATE DELEGATE,G,3,26103,215,DALE,TRUMP,FOWLER,VERMILION,REPUBLICAN,5325,6170,REP
GP 2020,15TH REPUBLICAN ALTERNATE DELEGATE,G,3,26103,215,DALE,TRUMP,FOWLER,WABASH,REPUBLICAN,748,6171,REP
GP 2020,15TH REPUBLICAN ALTERNATE DELEGATE,G,3,26103,215,DALE,TRUMP,FOWLER,EFFINGHAM,REPUBLICAN,2087,6172,REP
GP 2020,15TH REPUBLICAN ALTERNATE DELEGATE,G,3,26103,215,DALE,TRUMP,FOWLER,MARION,REPUBLICAN,2892,6173,REP
GP 2020,15TH REPUBLICAN ALTERNATE DELEGATE,G,3,26103,215,DALE,TRUMP,FOWLER,CHAMPAIGN,REPUBLICAN,2705,6174,REP
GP 2020,15TH REPUBLICAN ALTERNATE DELEGATE,G,3,26103,215,DALE,TRUMP,FOWLER,DOUGLAS,REPUBLICAN,1344,6175,REP
GP 2020,15TH REPUBLICAN ALTERNATE DELEGATE,G,3,26103,215,DALE,TRUMP,FOWLER,MADISON,REPUBLICAN,2844,6176,REP
GP 2020,15TH REPUBLICAN ALTERNATE DELEGATE,G,3,26103,215,DALE,TRUMP,FOWLER,GALLATIN,REPUBLICAN,409,6177,REP
GP 2020,15TH REPUBLICAN ALTERNATE DELEGATE,G,3,26103,215,DALE,TRUMP,FOWLER,HARDIN,REPUBLICAN,487,6178,REP
GP 2020,15TH REPUBLICAN ALTERNATE DELEGATE,G,3,26103,215,DALE,TRUMP,FOWLER,COLES,REPUBLICAN,2217,6179,REP
GP 2020,15TH REPUBLICAN ALTERNATE DELEGATE,G,3,26103,215,DALE,TRUMP,FOWLER,CLINTON,REPUBLICAN,2451,6180,REP
GP 2020,15TH REPUBLICAN ALTERNATE DELEGATE,G,3,26103,215,DALE,TRUMP,FOWLER,MOULTRIE,REPUBLICAN,971,6181,REP
GP 2020,15TH REPUBLICAN ALTERNATE DELEGATE,G,3,26103,215,DALE,TRUMP,FOWLER,FORD,REPUBLICAN,625,6182,REP
GP 2020,15TH REPUBLICAN ALTERNATE DELEGATE,G,3,26103,215,DALE,TRUMP,FOWLER,CLARK,REPUBLICAN,1348,6183,REP
GP 2020,15TH REPUBLICAN ALTERNATE DELEGATE,G,3,26103,215,DALE,TRUMP,FOWLER,EDGAR,REPUBLICAN,1069,6184,REP
GP 2020,15TH REPUBLICAN ALTERNATE DELEGATE,G,3,26103,215,DALE,TRUMP,FOWLER,CRAWFORD,REPUBLICAN,1290,6185,REP
GP 2020,15TH REPUBLICAN ALTERNATE DELEGATE,G,3,26103,215,DALE,TRUMP,FOWLER,BOND,REPUBLICAN,664,6186,REP
GP 2020,15TH REPUBLICAN ALTERNATE DELEGATE,G,3,26103,215,DALE,TRUMP,FOWLER,LAWRENCE,REPUBLICAN,659,6187,REP
GP 2020,15TH REPUBLICAN ALTERNATE DELEGATE,G,3,26103,215,DALE,TRUMP,FOWLER,SHELBY,REPUBLICAN,1471,6188,REP
GP 2020,15TH REPUBLICAN ALTERNATE DELEGATE,G,3,26103,215,DALE,TRUMP,FOWLER,JOHNSON,REPUBLICAN,2404,6189,REP
GP 2020,15TH REPUBLICAN ALTERNATE DELEGATE,G,3,26103,215,DALE,TRUMP,FOWLER,CLAY,REPUBLICAN,631,6190,REP
GP 2020,15TH REPUBLICAN ALTERNATE DELEGATE,G,3,26103,215,DALE,TRUMP,FOWLER,EDWARDS,REPUBLICAN,428,6191,REP
GP 2020,15TH REPUBLICAN ALTERNATE DELEGATE,G,3,26103,215,DALE,TRUMP,FOWLER,HAMILTON,REPUBLICAN,1019,6192,REP
GP 2020,15TH REPUBLICAN ALTERNATE DELEGATE,G,3,26105,215,BRAD,TRUMP,HALBROOK,MOULTRIE,REPUBLICAN,1282,6193,REP
GP 2020,15TH REPUBLICAN ALTERNATE DELEGATE,G,3,26105,215,BRAD,TRUMP,HALBROOK,FORD,REPUBLICAN,553,6194,REP
GP 2020,15TH REPUBLICAN ALTERNATE DELEGATE,G,3,26105,215,BRAD,TRUMP,HALBROOK,CLARK,REPUBLICAN,1445,6195,REP
GP 2020,15TH REPUBLICAN ALTERNATE DELEGATE,G,3,26105,215,BRAD,TRUMP,HALBROOK,EDGAR,REPUBLICAN,1523,6196,REP
GP 2020,15TH REPUBLICAN ALTERNATE DELEGATE,G,3,26105,215,BRAD,TRUMP,HALBROOK,CRAWFORD,REPUBLICAN,1408,6197,REP
GP 2020,15TH REPUBLICAN ALTERNATE DELEGATE,G,3,26105,215,BRAD,TRUMP,HALBROOK,BOND,REPUBLICAN,577,6198,REP
GP 2020,15TH REPUBLICAN ALTERNATE DELEGATE,G,3,26105,215,BRAD,TRUMP,HALBROOK,CLAY,REPUBLICAN,572,6199,REP
GP 2020,15TH REPUBLICAN ALTERNATE DELEGATE,G,3,26105,215,BRAD,TRUMP,HALBROOK,EDWARDS,REPUBLICAN,384,6200,REP
GP 2020,15TH REPUBLICAN ALTERNATE DELEGATE,G,3,26105,215,BRAD,TRUMP,HALBROOK,HAMILTON,REPUBLICAN,585,6201,REP
GP 2020,15TH REPUBLICAN ALTERNATE DELEGATE,G,3,26105,215,BRAD,TRUMP,HALBROOK,SALINE,REPUBLICAN,1121,6202,REP
GP 2020,15TH REPUBLICAN ALTERNATE DELEGATE,G,3,26105,215,BRAD,TRUMP,HALBROOK,RICHLAND,REPUBLICAN,1039,6203,REP
GP 2020,15TH REPUBLICAN ALTERNATE DELEGATE,G,3,26105,215,BRAD,TRUMP,HALBROOK,JASPER,REPUBLICAN,787,6204,REP
GP 2020,15TH REPUBLICAN ALTERNATE DELEGATE,G,3,26105,215,BRAD,TRUMP,HALBROOK,LAWRENCE,REPUBLICAN,648,6205,REP
GP 2020,15TH REPUBLICAN ALTERNATE DELEGATE,G,3,26105,215,BRAD,TRUMP,HALBROOK,SHELBY,REPUBLICAN,2613,6206,REP
GP 2020,15TH REPUBLICAN ALTERNATE DELEGATE,G,3,26105,215,BRAD,TRUMP,HALBROOK,JOHNSON,REPUBLICAN,1007,6207,REP
GP 2020,15TH REPUBLICAN ALTERNATE DELEGATE,G,3,26105,215,BRAD,TRUMP,HALBROOK,WHITE,REPUBLICAN,751,6208,REP
GP 2020,15TH REPUBLICAN ALTERNATE DELEGATE,G,3,26105,215,BRAD,TRUMP,HALBROOK,WAYNE,REPUBLICAN,1419,6209,REP
GP 2020,15TH REPUBLICAN ALTERNATE DELEGATE,G,3,26105,215,BRAD,TRUMP,HALBROOK,FAYETTE,REPUBLICAN,1824,6210,REP
GP 2020,15TH REPUBLICAN ALTERNATE DELEGATE,G,3,26105,215,BRAD,TRUMP,HALBROOK,POPE,REPUBLICAN,253,6211,REP
GP 2020,15TH REPUBLICAN ALTERNATE DELEGATE,G,3,26105,215,BRAD,TRUMP,HALBROOK,MASSAC,REPUBLICAN,689,6212,REP
GP 2020,15TH REPUBLICAN ALTERNATE DELEGATE,G,3,26105,215,BRAD,TRUMP,HALBROOK,WASHINGTON,REPUBLICAN,1342,6213,REP
GP 2020,15TH REPUBLICAN ALTERNATE DELEGATE,G,3,26105,215,BRAD,TRUMP,HALBROOK,CUMBERLAND,REPUBLICAN,977,6214,REP
GP 2020,15TH REPUBLICAN ALTERNATE DELEGATE,G,3,26105,215,BRAD,TRUMP,HALBROOK,VERMILION,REPUBLICAN,4846,6215,REP
GP 2020,15TH REPUBLICAN ALTERNATE DELEGATE,G,3,26105,215,BRAD,TRUMP,HALBROOK,WABASH,REPUBLICAN,687,6216,REP
GP 2020,15TH REPUBLICAN ALTERNATE DELEGATE,G,3,26105,215,BRAD,TRUMP,HALBROOK,EFFINGHAM,REPUBLICAN,2074,6217,REP
GP 2020,15TH REPUBLICAN ALTERNATE DELEGATE,G,3,26105,215,BRAD,TRUMP,HALBROOK,MARION,REPUBLICAN,2631,6218,REP
GP 2020,15TH REPUBLICAN ALTERNATE DELEGATE,G,3,26105,215,BRAD,TRUMP,HALBROOK,CHAMPAIGN,REPUBLICAN,2850,6219,REP
GP 2020,15TH REPUBLICAN ALTERNATE DELEGATE,G,3,26105,215,BRAD,TRUMP,HALBROOK,DOUGLAS,REPUBLICAN,1943,6220,REP
GP 2020,15TH REPUBLICAN ALTERNATE DELEGATE,G,3,26105,215,BRAD,TRUMP,HALBROOK,MADISON,REPUBLICAN,2500,6221,REP
GP 2020,15TH REPUBLICAN ALTERNATE DELEGATE,G,3,26105,215,BRAD,TRUMP,HALBROOK,GALLATIN,REPUBLICAN,192,6222,REP
GP 2020,15TH REPUBLICAN ALTERNATE DELEGATE,G,3,26105,215,BRAD,TRUMP,HALBROOK,HARDIN,REPUBLICAN,191,6223,REP
GP 2020,15TH REPUBLICAN ALTERNATE DELEGATE,G,3,26105,215,BRAD,TRUMP,HALBROOK,COLES,REPUBLICAN,2547,6224,REP
GP 2020,15TH REPUBLICAN ALTERNATE DELEGATE,G,3,26105,215,BRAD,TRUMP,HALBROOK,CLINTON,REPUBLICAN,2281,6225,REP
GP 2020,COOK - 12TH SUBCIRCUIT - HANLON VACANCY,LC,1,25568,1210,HOWARD J.,,WISE,COOK,DEMOCRATIC,11838,6226,DEM
GP 2020,COOK - 12TH SUBCIRCUIT - HANLON VACANCY,LC,1,25867,1210,CARMINE,,TROMBETTA,COOK,DEMOCRATIC,5295,6227,DEM
GP 2020,COOK - 12TH SUBCIRCUIT - HANLON VACANCY,LC,1,25691,1210,PATRICIA M.,,FALLON,COOK,DEMOCRATIC,23370,6228,DEM
GP 2020,COOK - 12TH SUBCIRCUIT - HANLON VACANCY,LC,1,25714,1210,FRANK R.,,DiFRANCO,COOK,REPUBLICAN,8217,6229,REP
GP 2020,16TH DEMOCRATIC DELEGATE,G,4,26409,116,ELSA,YANG,VON HUBEN,IROQUOIS,DEMOCRATIC,26,6230,DEM
GP 2020,16TH DEMOCRATIC DELEGATE,G,4,26409,116,ELSA,YANG,VON HUBEN,BOONE,DEMOCRATIC,64,6231,DEM
GP 2020,16TH DEMOCRATIC DELEGATE,G,4,26409,116,ELSA,YANG,VON HUBEN,LEE,DEMOCRATIC,123,6232,DEM
GP 2020,16TH DEMOCRATIC DELEGATE,G,4,26409,116,ELSA,YANG,VON HUBEN,FORD,DEMOCRATIC,3,6233,DEM
GP 2020,16TH DEMOCRATIC DELEGATE,G,4,26409,116,ELSA,YANG,VON HUBEN,GRUNDY,DEMOCRATIC,134,6234,DEM
GP 2020,16TH DEMOCRATIC DELEGATE,G,4,26409,116,ELSA,YANG,VON HUBEN,STARK,DEMOCRATIC,1,6235,DEM
GP 2020,16TH DEMOCRATIC DELEGATE,G,4,26409,116,ELSA,YANG,VON HUBEN,WINNEBAGO,DEMOCRATIC,265,6236,DEM
GP 2020,16TH DEMOCRATIC DELEGATE,G,4,26409,116,ELSA,YANG,VON HUBEN,LaSALLE,DEMOCRATIC,293,6237,DEM
GP 2020,16TH DEMOCRATIC DELEGATE,G,4,26409,116,ELSA,YANG,VON HUBEN,LIVINGSTON,DEMOCRATIC,20,6238,DEM
GP 2020,16TH DEMOCRATIC DELEGATE,G,4,26409,116,ELSA,YANG,VON HUBEN,BUREAU,DEMOCRATIC,40,6239,DEM
GP 2020,16TH DEMOCRATIC DELEGATE,G,4,26409,116,ELSA,YANG,VON HUBEN,PUTNAM,DEMOCRATIC,11,6240,DEM
GP 2020,16TH DEMOCRATIC DELEGATE,G,4,26409,116,ELSA,YANG,VON HUBEN,OGLE,DEMOCRATIC,67,6241,DEM
GP 2020,16TH DEMOCRATIC DELEGATE,G,4,26409,116,ELSA,YANG,VON HUBEN,WILL,DEMOCRATIC,42,6242,DEM
GP 2020,16TH DEMOCRATIC DELEGATE,G,4,26409,116,ELSA,YANG,VON HUBEN,DeKALB,DEMOCRATIC,134,6243,DEM
GP 2020,16TH DEMOCRATIC DELEGATE,G,4,26410,116,EDWARD,YANG,CAPUTO,IROQUOIS,DEMOCRATIC,16,6244,DEM
GP 2020,16TH DEMOCRATIC DELEGATE,G,4,26410,116,EDWARD,YANG,CAPUTO,BOONE,DEMOCRATIC,58,6245,DEM
GP 2020,16TH DEMOCRATIC DELEGATE,G,4,26410,116,EDWARD,YANG,CAPUTO,LEE,DEMOCRATIC,105,6246,DEM
GP 2020,16TH DEMOCRATIC DELEGATE,G,4,26410,116,EDWARD,YANG,CAPUTO,FORD,DEMOCRATIC,3,6247,DEM
GP 2020,16TH DEMOCRATIC DELEGATE,G,4,26410,116,EDWARD,YANG,CAPUTO,WILL,DEMOCRATIC,38,6248,DEM
GP 2020,16TH DEMOCRATIC DELEGATE,G,4,26410,116,EDWARD,YANG,CAPUTO,DeKALB,DEMOCRATIC,95,6249,DEM
GP 2020,16TH DEMOCRATIC DELEGATE,G,4,26410,116,EDWARD,YANG,CAPUTO,WINNEBAGO,DEMOCRATIC,320,6250,DEM
GP 2020,16TH DEMOCRATIC DELEGATE,G,4,26410,116,EDWARD,YANG,CAPUTO,LaSALLE,DEMOCRATIC,325,6251,DEM
GP 2020,16TH DEMOCRATIC DELEGATE,G,4,26410,116,EDWARD,YANG,CAPUTO,GRUNDY,DEMOCRATIC,119,6252,DEM
GP 2020,16TH DEMOCRATIC DELEGATE,G,4,26410,116,EDWARD,YANG,CAPUTO,STARK,DEMOCRATIC,1,6253,DEM
GP 2020,16TH DEMOCRATIC DELEGATE,G,4,26410,116,EDWARD,YANG,CAPUTO,LIVINGSTON,DEMOCRATIC,15,6254,DEM
GP 2020,16TH DEMOCRATIC DELEGATE,G,4,26410,116,EDWARD,YANG,CAPUTO,BUREAU,DEMOCRATIC,35,6255,DEM
GP 2020,16TH DEMOCRATIC DELEGATE,G,4,26410,116,EDWARD,YANG,CAPUTO,PUTNAM,DEMOCRATIC,8,6256,DEM
GP 2020,16TH DEMOCRATIC DELEGATE,G,4,26410,116,EDWARD,YANG,CAPUTO,OGLE,DEMOCRATIC,70,6257,DEM
GP 2020,16TH DEMOCRATIC DELEGATE,G,4,26411,116,QUINTON,YANG,ROSSER,IROQUOIS,DEMOCRATIC,15,6258,DEM
GP 2020,16TH DEMOCRATIC DELEGATE,G,4,26411,116,QUINTON,YANG,ROSSER,BOONE,DEMOCRATIC,34,6259,DEM
GP 2020,16TH DEMOCRATIC DELEGATE,G,4,26411,116,QUINTON,YANG,ROSSER,LEE,DEMOCRATIC,29,6260,DEM
GP 2020,16TH DEMOCRATIC DELEGATE,G,4,26411,116,QUINTON,YANG,ROSSER,FORD,DEMOCRATIC,0,6261,DEM
GP 2020,16TH DEMOCRATIC DELEGATE,G,4,26411,116,QUINTON,YANG,ROSSER,GRUNDY,DEMOCRATIC,26,6262,DEM
GP 2020,16TH DEMOCRATIC DELEGATE,G,4,26411,116,QUINTON,YANG,ROSSER,DeKALB,DEMOCRATIC,57,6263,DEM
GP 2020,16TH DEMOCRATIC DELEGATE,G,4,26411,116,QUINTON,YANG,ROSSER,WINNEBAGO,DEMOCRATIC,140,6264,DEM
GP 2020,16TH DEMOCRATIC DELEGATE,G,4,26411,116,QUINTON,YANG,ROSSER,LaSALLE,DEMOCRATIC,144,6265,DEM
GP 2020,16TH DEMOCRATIC DELEGATE,G,4,26411,116,QUINTON,YANG,ROSSER,STARK,DEMOCRATIC,0,6266,DEM
GP 2020,16TH DEMOCRATIC DELEGATE,G,4,26411,116,QUINTON,YANG,ROSSER,LIVINGSTON,DEMOCRATIC,11,6267,DEM
GP 2020,16TH DEMOCRATIC DELEGATE,G,4,26411,116,QUINTON,YANG,ROSSER,BUREAU,DEMOCRATIC,27,6268,DEM
GP 2020,16TH DEMOCRATIC DELEGATE,G,4,26411,116,QUINTON,YANG,ROSSER,PUTNAM,DEMOCRATIC,3,6269,DEM
GP 2020,16TH DEMOCRATIC DELEGATE,G,4,26411,116,QUINTON,YANG,ROSSER,OGLE,DEMOCRATIC,30,6270,DEM
GP 2020,16TH DEMOCRATIC DELEGATE,G,4,26411,116,QUINTON,YANG,ROSSER,WILL,DEMOCRATIC,13,6271,DEM
GP 2020,16TH DEMOCRATIC DELEGATE,G,4,26412,116,JASON,YANG,ROCKFORD,OGLE,DEMOCRATIC,42,6272,DEM
GP 2020,16TH DEMOCRATIC DELEGATE,G,4,26412,116,JASON,YANG,ROCKFORD,WILL,DEMOCRATIC,24,6273,DEM
GP 2020,16TH DEMOCRATIC DELEGATE,G,4,26412,116,JASON,YANG,ROCKFORD,DeKALB,DEMOCRATIC,65,6274,DEM
GP 2020,16TH DEMOCRATIC DELEGATE,G,4,26412,116,JASON,YANG,ROCKFORD,WINNEBAGO,DEMOCRATIC,302,6275,DEM
GP 2020,16TH DEMOCRATIC DELEGATE,G,4,26412,116,JASON,YANG,ROCKFORD,LaSALLE,DEMOCRATIC,235,6276,DEM
GP 2020,16TH DEMOCRATIC DELEGATE,G,4,26412,116,JASON,YANG,ROCKFORD,FORD,DEMOCRATIC,4,6277,DEM
GP 2020,16TH DEMOCRATIC DELEGATE,G,4,26412,116,JASON,YANG,ROCKFORD,GRUNDY,DEMOCRATIC,39,6278,DEM
GP 2020,16TH DEMOCRATIC DELEGATE,G,4,26412,116,JASON,YANG,ROCKFORD,STARK,DEMOCRATIC,2,6279,DEM
GP 2020,16TH DEMOCRATIC DELEGATE,G,4,26412,116,JASON,YANG,ROCKFORD,LIVINGSTON,DEMOCRATIC,16,6280,DEM
GP 2020,16TH DEMOCRATIC DELEGATE,G,4,26412,116,JASON,YANG,ROCKFORD,BUREAU,DEMOCRATIC,36,6281,DEM
GP 2020,16TH DEMOCRATIC DELEGATE,G,4,26412,116,JASON,YANG,ROCKFORD,PUTNAM,DEMOCRATIC,6,6282,DEM
GP 2020,16TH DEMOCRATIC DELEGATE,G,4,26412,116,JASON,YANG,ROCKFORD,IROQUOIS,DEMOCRATIC,16,6283,DEM
GP 2020,16TH DEMOCRATIC DELEGATE,G,4,26412,116,JASON,YANG,ROCKFORD,BOONE,DEMOCRATIC,62,6284,DEM
GP 2020,16TH DEMOCRATIC DELEGATE,G,4,26412,116,JASON,YANG,ROCKFORD,LEE,DEMOCRATIC,34,6285,DEM
GP 2020,16TH DEMOCRATIC DELEGATE,G,4,26616,116,JAMES K.,KLOBUCHAR,RILEY,IROQUOIS,DEMOCRATIC,20,6286,DEM
GP 2020,16TH DEMOCRATIC DELEGATE,G,4,26616,116,JAMES K.,KLOBUCHAR,RILEY,BOONE,DEMOCRATIC,56,6287,DEM
GP 2020,16TH DEMOCRATIC DELEGATE,G,4,26616,116,JAMES K.,KLOBUCHAR,RILEY,LEE,DEMOCRATIC,37,6288,DEM
GP 2020,16TH DEMOCRATIC DELEGATE,G,4,26616,116,JAMES K.,KLOBUCHAR,RILEY,FORD,DEMOCRATIC,4,6289,DEM
GP 2020,16TH DEMOCRATIC DELEGATE,G,4,26616,116,JAMES K.,KLOBUCHAR,RILEY,WILL,DEMOCRATIC,62,6290,DEM
GP 2020,16TH DEMOCRATIC DELEGATE,G,4,26616,116,JAMES K.,KLOBUCHAR,RILEY,DeKALB,DEMOCRATIC,84,6291,DEM
GP 2020,16TH DEMOCRATIC DELEGATE,G,4,26616,116,JAMES K.,KLOBUCHAR,RILEY,WINNEBAGO,DEMOCRATIC,272,6292,DEM
GP 2020,16TH DEMOCRATIC DELEGATE,G,4,26616,116,JAMES K.,KLOBUCHAR,RILEY,LaSALLE,DEMOCRATIC,173,6293,DEM
GP 2020,16TH DEMOCRATIC DELEGATE,G,4,26616,116,JAMES K.,KLOBUCHAR,RILEY,GRUNDY,DEMOCRATIC,122,6294,DEM
GP 2020,16TH DEMOCRATIC DELEGATE,G,4,26616,116,JAMES K.,KLOBUCHAR,RILEY,STARK,DEMOCRATIC,1,6295,DEM
GP 2020,16TH DEMOCRATIC DELEGATE,G,4,26616,116,JAMES K.,KLOBUCHAR,RILEY,LIVINGSTON,DEMOCRATIC,25,6296,DEM
GP 2020,16TH DEMOCRATIC DELEGATE,G,4,26616,116,JAMES K.,KLOBUCHAR,RILEY,BUREAU,DEMOCRATIC,40,6297,DEM
GP 2020,16TH DEMOCRATIC DELEGATE,G,4,26616,116,JAMES K.,KLOBUCHAR,RILEY,PUTNAM,DEMOCRATIC,13,6298,DEM
GP 2020,16TH DEMOCRATIC DELEGATE,G,4,26616,116,JAMES K.,KLOBUCHAR,RILEY,OGLE,DEMOCRATIC,85,6299,DEM
GP 2020,16TH DEMOCRATIC DELEGATE,G,4,26617,116,ANGIE,KLOBUCHAR,BODINE,IROQUOIS,DEMOCRATIC,31,6300,DEM
GP 2020,16TH DEMOCRATIC DELEGATE,G,4,26617,116,ANGIE,KLOBUCHAR,BODINE,BOONE,DEMOCRATIC,166,6301,DEM
GP 2020,16TH DEMOCRATIC DELEGATE,G,4,26617,116,ANGIE,KLOBUCHAR,BODINE,LEE,DEMOCRATIC,48,6302,DEM
GP 2020,16TH DEMOCRATIC DELEGATE,G,4,26617,116,ANGIE,KLOBUCHAR,BODINE,FORD,DEMOCRATIC,7,6303,DEM
GP 2020,16TH DEMOCRATIC DELEGATE,G,4,26617,116,ANGIE,KLOBUCHAR,BODINE,GRUNDY,DEMOCRATIC,75,6304,DEM
GP 2020,16TH DEMOCRATIC DELEGATE,G,4,26617,116,ANGIE,KLOBUCHAR,BODINE,STARK,DEMOCRATIC,2,6305,DEM
GP 2020,16TH DEMOCRATIC DELEGATE,G,4,26617,116,ANGIE,KLOBUCHAR,BODINE,WINNEBAGO,DEMOCRATIC,642,6306,DEM
GP 2020,16TH DEMOCRATIC DELEGATE,G,4,26617,116,ANGIE,KLOBUCHAR,BODINE,LaSALLE,DEMOCRATIC,184,6307,DEM
GP 2020,16TH DEMOCRATIC DELEGATE,G,4,26617,116,ANGIE,KLOBUCHAR,BODINE,LIVINGSTON,DEMOCRATIC,40,6308,DEM
GP 2020,16TH DEMOCRATIC DELEGATE,G,4,26617,116,ANGIE,KLOBUCHAR,BODINE,BUREAU,DEMOCRATIC,62,6309,DEM
GP 2020,16TH DEMOCRATIC DELEGATE,G,4,26617,116,ANGIE,KLOBUCHAR,BODINE,PUTNAM,DEMOCRATIC,16,6310,DEM
GP 2020,16TH DEMOCRATIC DELEGATE,G,4,26617,116,ANGIE,KLOBUCHAR,BODINE,OGLE,DEMOCRATIC,95,6311,DEM
GP 2020,16TH DEMOCRATIC DELEGATE,G,4,26617,116,ANGIE,KLOBUCHAR,BODINE,WILL,DEMOCRATIC,82,6312,DEM
GP 2020,16TH DEMOCRATIC DELEGATE,G,4,26617,116,ANGIE,KLOBUCHAR,BODINE,DeKALB,DEMOCRATIC,137,6313,DEM
GP 2020,16TH DEMOCRATIC DELEGATE,G,4,26618,116,CAROLYN,KLOBUCHAR,MOORE,IROQUOIS,DEMOCRATIC,33,6314,DEM
GP 2020,16TH DEMOCRATIC DELEGATE,G,4,26618,116,CAROLYN,KLOBUCHAR,MOORE,BOONE,DEMOCRATIC,87,6315,DEM
GP 2020,16TH DEMOCRATIC DELEGATE,G,4,26618,116,CAROLYN,KLOBUCHAR,MOORE,LEE,DEMOCRATIC,51,6316,DEM
GP 2020,16TH DEMOCRATIC DELEGATE,G,4,26618,116,CAROLYN,KLOBUCHAR,MOORE,FORD,DEMOCRATIC,5,6317,DEM
GP 2020,16TH DEMOCRATIC DELEGATE,G,4,26618,116,CAROLYN,KLOBUCHAR,MOORE,WILL,DEMOCRATIC,62,6318,DEM
GP 2020,16TH DEMOCRATIC DELEGATE,G,4,26618,116,CAROLYN,KLOBUCHAR,MOORE,DeKALB,DEMOCRATIC,138,6319,DEM
GP 2020,16TH DEMOCRATIC DELEGATE,G,4,26618,116,CAROLYN,KLOBUCHAR,MOORE,WINNEBAGO,DEMOCRATIC,365,6320,DEM
GP 2020,16TH DEMOCRATIC DELEGATE,G,4,26618,116,CAROLYN,KLOBUCHAR,MOORE,LaSALLE,DEMOCRATIC,198,6321,DEM
GP 2020,16TH DEMOCRATIC DELEGATE,G,4,26618,116,CAROLYN,KLOBUCHAR,MOORE,GRUNDY,DEMOCRATIC,65,6322,DEM
GP 2020,16TH DEMOCRATIC DELEGATE,G,4,26618,116,CAROLYN,KLOBUCHAR,MOORE,STARK,DEMOCRATIC,1,6323,DEM
GP 2020,16TH DEMOCRATIC DELEGATE,G,4,26618,116,CAROLYN,KLOBUCHAR,MOORE,LIVINGSTON,DEMOCRATIC,36,6324,DEM
GP 2020,16TH DEMOCRATIC DELEGATE,G,4,26618,116,CAROLYN,KLOBUCHAR,MOORE,BUREAU,DEMOCRATIC,74,6325,DEM
GP 2020,16TH DEMOCRATIC DELEGATE,G,4,26618,116,CAROLYN,KLOBUCHAR,MOORE,PUTNAM,DEMOCRATIC,17,6326,DEM
GP 2020,16TH DEMOCRATIC DELEGATE,G,4,26618,116,CAROLYN,KLOBUCHAR,MOORE,OGLE,DEMOCRATIC,78,6327,DEM
GP 2020,16TH DEMOCRATIC DELEGATE,G,4,26620,116,CHARLES,KLOBUCHAR,GENTERT,IROQUOIS,DEMOCRATIC,16,6328,DEM
GP 2020,16TH DEMOCRATIC DELEGATE,G,4,26620,116,CHARLES,KLOBUCHAR,GENTERT,BOONE,DEMOCRATIC,49,6329,DEM
GP 2020,16TH DEMOCRATIC DELEGATE,G,4,26620,116,CHARLES,KLOBUCHAR,GENTERT,LEE,DEMOCRATIC,26,6330,DEM
GP 2020,16TH DEMOCRATIC DELEGATE,G,4,26620,116,CHARLES,KLOBUCHAR,GENTERT,FORD,DEMOCRATIC,3,6331,DEM
GP 2020,16TH DEMOCRATIC DELEGATE,G,4,26620,116,CHARLES,KLOBUCHAR,GENTERT,WILL,DEMOCRATIC,45,6332,DEM
GP 2020,16TH DEMOCRATIC DELEGATE,G,4,26620,116,CHARLES,KLOBUCHAR,GENTERT,DeKALB,DEMOCRATIC,58,6333,DEM
GP 2020,16TH DEMOCRATIC DELEGATE,G,4,26620,116,CHARLES,KLOBUCHAR,GENTERT,WINNEBAGO,DEMOCRATIC,165,6334,DEM
GP 2020,16TH DEMOCRATIC DELEGATE,G,4,26620,116,CHARLES,KLOBUCHAR,GENTERT,LaSALLE,DEMOCRATIC,108,6335,DEM
GP 2020,16TH DEMOCRATIC DELEGATE,G,4,26620,116,CHARLES,KLOBUCHAR,GENTERT,GRUNDY,DEMOCRATIC,42,6336,DEM
GP 2020,16TH DEMOCRATIC DELEGATE,G,4,26620,116,CHARLES,KLOBUCHAR,GENTERT,STARK,DEMOCRATIC,1,6337,DEM
GP 2020,16TH DEMOCRATIC DELEGATE,G,4,26620,116,CHARLES,KLOBUCHAR,GENTERT,LIVINGSTON,DEMOCRATIC,20,6338,DEM
GP 2020,16TH DEMOCRATIC DELEGATE,G,4,26620,116,CHARLES,KLOBUCHAR,GENTERT,BUREAU,DEMOCRATIC,35,6339,DEM
GP 2020,16TH DEMOCRATIC DELEGATE,G,4,26620,116,CHARLES,KLOBUCHAR,GENTERT,PUTNAM,DEMOCRATIC,15,6340,DEM
GP 2020,16TH DEMOCRATIC DELEGATE,G,4,26620,116,CHARLES,KLOBUCHAR,GENTERT,OGLE,DEMOCRATIC,42,6341,DEM
GP 2020,16TH DEMOCRATIC DELEGATE,G,4,26313,116,AMY SIPOVIC,BIDEN,BOYLES,IROQUOIS,DEMOCRATIC,584,6342,DEM
GP 2020,16TH DEMOCRATIC DELEGATE,G,4,26313,116,AMY SIPOVIC,BIDEN,BOYLES,BOONE,DEMOCRATIC,1902,6343,DEM
GP 2020,16TH DEMOCRATIC DELEGATE,G,4,26313,116,AMY SIPOVIC,BIDEN,BOYLES,LEE,DEMOCRATIC,1292,6344,DEM
GP 2020,16TH DEMOCRATIC DELEGATE,G,4,26313,116,AMY SIPOVIC,BIDEN,BOYLES,FORD,DEMOCRATIC,191,6345,DEM
GP 2020,16TH DEMOCRATIC DELEGATE,G,4,26313,116,AMY SIPOVIC,BIDEN,BOYLES,GRUNDY,DEMOCRATIC,1996,6346,DEM
GP 2020,16TH DEMOCRATIC DELEGATE,G,4,26313,116,AMY SIPOVIC,BIDEN,BOYLES,DeKALB,DEMOCRATIC,2818,6347,DEM
GP 2020,16TH DEMOCRATIC DELEGATE,G,4,26313,116,AMY SIPOVIC,BIDEN,BOYLES,WINNEBAGO,DEMOCRATIC,8730,6348,DEM
GP 2020,16TH DEMOCRATIC DELEGATE,G,4,26313,116,AMY SIPOVIC,BIDEN,BOYLES,LaSALLE,DEMOCRATIC,5022,6349,DEM
GP 2020,16TH DEMOCRATIC DELEGATE,G,4,26313,116,AMY SIPOVIC,BIDEN,BOYLES,STARK,DEMOCRATIC,38,6350,DEM
GP 2020,16TH DEMOCRATIC DELEGATE,G,4,26313,116,AMY SIPOVIC,BIDEN,BOYLES,LIVINGSTON,DEMOCRATIC,1018,6351,DEM
GP 2020,16TH DEMOCRATIC DELEGATE,G,4,26313,116,AMY SIPOVIC,BIDEN,BOYLES,BUREAU,DEMOCRATIC,1523,6352,DEM
GP 2020,16TH DEMOCRATIC DELEGATE,G,4,26313,116,AMY SIPOVIC,BIDEN,BOYLES,PUTNAM,DEMOCRATIC,384,6353,DEM
GP 2020,16TH DEMOCRATIC DELEGATE,G,4,26313,116,AMY SIPOVIC,BIDEN,BOYLES,OGLE,DEMOCRATIC,1873,6354,DEM
GP 2020,16TH DEMOCRATIC DELEGATE,G,4,26313,116,AMY SIPOVIC,BIDEN,BOYLES,WILL,DEMOCRATIC,1083,6355,DEM
GP 2020,16TH DEMOCRATIC DELEGATE,G,4,26309,116,ASHWIN,BIDEN,PURI,IROQUOIS,DEMOCRATIC,556,6356,DEM
GP 2020,16TH DEMOCRATIC DELEGATE,G,4,26309,116,ASHWIN,BIDEN,PURI,BOONE,DEMOCRATIC,1766,6357,DEM
GP 2020,16TH DEMOCRATIC DELEGATE,G,4,26309,116,ASHWIN,BIDEN,PURI,LEE,DEMOCRATIC,1236,6358,DEM
GP 2020,16TH DEMOCRATIC DELEGATE,G,4,26309,116,ASHWIN,BIDEN,PURI,FORD,DEMOCRATIC,185,6359,DEM
GP 2020,16TH DEMOCRATIC DELEGATE,G,4,26309,116,ASHWIN,BIDEN,PURI,GRUNDY,DEMOCRATIC,1856,6360,DEM
GP 2020,16TH DEMOCRATIC DELEGATE,G,4,26309,116,ASHWIN,BIDEN,PURI,STARK,DEMOCRATIC,37,6361,DEM
GP 2020,16TH DEMOCRATIC DELEGATE,G,4,26309,116,ASHWIN,BIDEN,PURI,WINNEBAGO,DEMOCRATIC,8474,6362,DEM
GP 2020,16TH DEMOCRATIC DELEGATE,G,4,26309,116,ASHWIN,BIDEN,PURI,LaSALLE,DEMOCRATIC,4358,6363,DEM
GP 2020,16TH DEMOCRATIC DELEGATE,G,4,26309,116,ASHWIN,BIDEN,PURI,LIVINGSTON,DEMOCRATIC,942,6364,DEM
GP 2020,16TH DEMOCRATIC DELEGATE,G,4,26309,116,ASHWIN,BIDEN,PURI,BUREAU,DEMOCRATIC,1431,6365,DEM
GP 2020,16TH DEMOCRATIC DELEGATE,G,4,26309,116,ASHWIN,BIDEN,PURI,PUTNAM,DEMOCRATIC,355,6366,DEM
GP 2020,16TH DEMOCRATIC DELEGATE,G,4,26309,116,ASHWIN,BIDEN,PURI,OGLE,DEMOCRATIC,1813,6367,DEM
GP 2020,16TH DEMOCRATIC DELEGATE,G,4,26309,116,ASHWIN,BIDEN,PURI,WILL,DEMOCRATIC,1023,6368,DEM
GP 2020,16TH DEMOCRATIC DELEGATE,G,4,26309,116,ASHWIN,BIDEN,PURI,DeKALB,DEMOCRATIC,2651,6369,DEM
GP 2020,16TH DEMOCRATIC DELEGATE,G,4,26305,116,STEVE,BIDEN,STADELMAN,IROQUOIS,DEMOCRATIC,605,6370,DEM
GP 2020,16TH DEMOCRATIC DELEGATE,G,4,26305,116,STEVE,BIDEN,STADELMAN,BOONE,DEMOCRATIC,2385,6371,DEM
GP 2020,16TH DEMOCRATIC DELEGATE,G,4,26305,116,STEVE,BIDEN,STADELMAN,LEE,DEMOCRATIC,1463,6372,DEM
GP 2020,16TH DEMOCRATIC DELEGATE,G,4,26305,116,STEVE,BIDEN,STADELMAN,FORD,DEMOCRATIC,196,6373,DEM
GP 2020,16TH DEMOCRATIC DELEGATE,G,4,26305,116,STEVE,BIDEN,STADELMAN,GRUNDY,DEMOCRATIC,2048,6374,DEM
GP 2020,16TH DEMOCRATIC DELEGATE,G,4,26305,116,STEVE,BIDEN,STADELMAN,DeKALB,DEMOCRATIC,2835,6375,DEM
GP 2020,16TH DEMOCRATIC DELEGATE,G,4,26305,116,STEVE,BIDEN,STADELMAN,WINNEBAGO,DEMOCRATIC,12452,6376,DEM
GP 2020,16TH DEMOCRATIC DELEGATE,G,4,26305,116,STEVE,BIDEN,STADELMAN,LaSALLE,DEMOCRATIC,4957,6377,DEM
GP 2020,16TH DEMOCRATIC DELEGATE,G,4,26305,116,STEVE,BIDEN,STADELMAN,STARK,DEMOCRATIC,45,6378,DEM
GP 2020,16TH DEMOCRATIC DELEGATE,G,4,26305,116,STEVE,BIDEN,STADELMAN,LIVINGSTON,DEMOCRATIC,1019,6379,DEM
GP 2020,16TH DEMOCRATIC DELEGATE,G,4,26305,116,STEVE,BIDEN,STADELMAN,BUREAU,DEMOCRATIC,1537,6380,DEM
GP 2020,16TH DEMOCRATIC DELEGATE,G,4,26305,116,STEVE,BIDEN,STADELMAN,PUTNAM,DEMOCRATIC,384,6381,DEM
GP 2020,16TH DEMOCRATIC DELEGATE,G,4,26305,116,STEVE,BIDEN,STADELMAN,OGLE,DEMOCRATIC,2358,6382,DEM
GP 2020,16TH DEMOCRATIC DELEGATE,G,4,26305,116,STEVE,BIDEN,STADELMAN,WILL,DEMOCRATIC,1115,6383,DEM
GP 2020,16TH DEMOCRATIC DELEGATE,G,4,26307,116,WENDY,BIDEN,LaFAUCE,IROQUOIS,DEMOCRATIC,619,6384,DEM
GP 2020,16TH DEMOCRATIC DELEGATE,G,4,26307,116,WENDY,BIDEN,LaFAUCE,BOONE,DEMOCRATIC,1975,6385,DEM
GP 2020,16TH DEMOCRATIC DELEGATE,G,4,26307,116,WENDY,BIDEN,LaFAUCE,LEE,DEMOCRATIC,1350,6386,DEM
GP 2020,16TH DEMOCRATIC DELEGATE,G,4,26307,116,WENDY,BIDEN,LaFAUCE,FORD,DEMOCRATIC,200,6387,DEM
GP 2020,16TH DEMOCRATIC DELEGATE,G,4,26307,116,WENDY,BIDEN,LaFAUCE,WILL,DEMOCRATIC,1122,6388,DEM
GP 2020,16TH DEMOCRATIC DELEGATE,G,4,26307,116,WENDY,BIDEN,LaFAUCE,DeKALB,DEMOCRATIC,2938,6389,DEM
GP 2020,16TH DEMOCRATIC DELEGATE,G,4,26307,116,WENDY,BIDEN,LaFAUCE,WINNEBAGO,DEMOCRATIC,9024,6390,DEM
GP 2020,16TH DEMOCRATIC DELEGATE,G,4,26307,116,WENDY,BIDEN,LaFAUCE,LaSALLE,DEMOCRATIC,5068,6391,DEM
GP 2020,16TH DEMOCRATIC DELEGATE,G,4,26307,116,WENDY,BIDEN,LaFAUCE,GRUNDY,DEMOCRATIC,2076,6392,DEM
GP 2020,16TH DEMOCRATIC DELEGATE,G,4,26307,116,WENDY,BIDEN,LaFAUCE,STARK,DEMOCRATIC,42,6393,DEM
GP 2020,16TH DEMOCRATIC DELEGATE,G,4,26307,116,WENDY,BIDEN,LaFAUCE,LIVINGSTON,DEMOCRATIC,1012,6394,DEM
GP 2020,16TH DEMOCRATIC DELEGATE,G,4,26307,116,WENDY,BIDEN,LaFAUCE,BUREAU,DEMOCRATIC,1544,6395,DEM
GP 2020,16TH DEMOCRATIC DELEGATE,G,4,26307,116,WENDY,BIDEN,LaFAUCE,PUTNAM,DEMOCRATIC,380,6396,DEM
GP 2020,16TH DEMOCRATIC DELEGATE,G,4,26307,116,WENDY,BIDEN,LaFAUCE,OGLE,DEMOCRATIC,1982,6397,DEM
GP 2020,16TH DEMOCRATIC DELEGATE,G,4,26475,116,JOAN,SANDERS,GARNIER,IROQUOIS,DEMOCRATIC,305,6398,DEM
GP 2020,16TH DEMOCRATIC DELEGATE,G,4,26475,116,JOAN,SANDERS,GARNIER,BOONE,DEMOCRATIC,1429,6399,DEM
GP 2020,16TH DEMOCRATIC DELEGATE,G,4,26475,116,JOAN,SANDERS,GARNIER,LEE,DEMOCRATIC,650,6400,DEM
GP 2020,16TH DEMOCRATIC DELEGATE,G,4,26475,116,JOAN,SANDERS,GARNIER,FORD,DEMOCRATIC,107,6401,DEM
GP 2020,16TH DEMOCRATIC DELEGATE,G,4,26475,116,JOAN,SANDERS,GARNIER,GRUNDY,DEMOCRATIC,1155,6402,DEM
GP 2020,16TH DEMOCRATIC DELEGATE,G,4,26475,116,JOAN,SANDERS,GARNIER,DeKALB,DEMOCRATIC,2710,6403,DEM
GP 2020,16TH DEMOCRATIC DELEGATE,G,4,26475,116,JOAN,SANDERS,GARNIER,WINNEBAGO,DEMOCRATIC,5422,6404,DEM
GP 2020,16TH DEMOCRATIC DELEGATE,G,4,26475,116,JOAN,SANDERS,GARNIER,LaSALLE,DEMOCRATIC,2062,6405,DEM
GP 2020,16TH DEMOCRATIC DELEGATE,G,4,26475,116,JOAN,SANDERS,GARNIER,STARK,DEMOCRATIC,14,6406,DEM
GP 2020,16TH DEMOCRATIC DELEGATE,G,4,26475,116,JOAN,SANDERS,GARNIER,LIVINGSTON,DEMOCRATIC,440,6407,DEM
GP 2020,16TH DEMOCRATIC DELEGATE,G,4,26475,116,JOAN,SANDERS,GARNIER,BUREAU,DEMOCRATIC,643,6408,DEM
GP 2020,16TH DEMOCRATIC DELEGATE,G,4,26475,116,JOAN,SANDERS,GARNIER,PUTNAM,DEMOCRATIC,120,6409,DEM
GP 2020,16TH DEMOCRATIC DELEGATE,G,4,26475,116,JOAN,SANDERS,GARNIER,OGLE,DEMOCRATIC,1206,6410,DEM
GP 2020,16TH DEMOCRATIC DELEGATE,G,4,26475,116,JOAN,SANDERS,GARNIER,WILL,DEMOCRATIC,679,6411,DEM
GP 2020,16TH DEMOCRATIC DELEGATE,G,4,26479,116,ART,SANDERS,BARDSLEY,IROQUOIS,DEMOCRATIC,258,6412,DEM
GP 2020,16TH DEMOCRATIC DELEGATE,G,4,26479,116,ART,SANDERS,BARDSLEY,BOONE,DEMOCRATIC,1184,6413,DEM
GP 2020,16TH DEMOCRATIC DELEGATE,G,4,26479,116,ART,SANDERS,BARDSLEY,LEE,DEMOCRATIC,557,6414,DEM
GP 2020,16TH DEMOCRATIC DELEGATE,G,4,26479,116,ART,SANDERS,BARDSLEY,FORD,DEMOCRATIC,95,6415,DEM
GP 2020,16TH DEMOCRATIC DELEGATE,G,4,26479,116,ART,SANDERS,BARDSLEY,GRUNDY,DEMOCRATIC,994,6416,DEM
GP 2020,16TH DEMOCRATIC DELEGATE,G,4,26479,116,ART,SANDERS,BARDSLEY,STARK,DEMOCRATIC,14,6417,DEM
GP 2020,16TH DEMOCRATIC DELEGATE,G,4,26479,116,ART,SANDERS,BARDSLEY,WINNEBAGO,DEMOCRATIC,4408,6418,DEM
GP 2020,16TH DEMOCRATIC DELEGATE,G,4,26479,116,ART,SANDERS,BARDSLEY,LaSALLE,DEMOCRATIC,1678,6419,DEM
GP 2020,16TH DEMOCRATIC DELEGATE,G,4,26479,116,ART,SANDERS,BARDSLEY,LIVINGSTON,DEMOCRATIC,380,6420,DEM
GP 2020,16TH DEMOCRATIC DELEGATE,G,4,26479,116,ART,SANDERS,BARDSLEY,BUREAU,DEMOCRATIC,538,6421,DEM
GP 2020,16TH DEMOCRATIC DELEGATE,G,4,26479,116,ART,SANDERS,BARDSLEY,PUTNAM,DEMOCRATIC,102,6422,DEM
GP 2020,16TH DEMOCRATIC DELEGATE,G,4,26479,116,ART,SANDERS,BARDSLEY,OGLE,DEMOCRATIC,1028,6423,DEM
GP 2020,16TH DEMOCRATIC DELEGATE,G,4,26479,116,ART,SANDERS,BARDSLEY,WILL,DEMOCRATIC,577,6424,DEM
GP 2020,16TH DEMOCRATIC DELEGATE,G,4,26479,116,ART,SANDERS,BARDSLEY,DeKALB,DEMOCRATIC,2334,6425,DEM
GP 2020,16TH DEMOCRATIC DELEGATE,G,4,26224,116,TIMOTHY,BUTTIGIEG,BRADLEY,FORD,DEMOCRATIC,13,6426,DEM
GP 2020,16TH DEMOCRATIC DELEGATE,G,4,26224,116,TIMOTHY,BUTTIGIEG,BRADLEY,GRUNDY,DEMOCRATIC,214,6427,DEM
GP 2020,16TH DEMOCRATIC DELEGATE,G,4,26224,116,TIMOTHY,BUTTIGIEG,BRADLEY,STARK,DEMOCRATIC,3,6428,DEM
GP 2020,16TH DEMOCRATIC DELEGATE,G,4,26224,116,TIMOTHY,BUTTIGIEG,BRADLEY,LIVINGSTON,DEMOCRATIC,68,6429,DEM
GP 2020,16TH DEMOCRATIC DELEGATE,G,4,26224,116,TIMOTHY,BUTTIGIEG,BRADLEY,BUREAU,DEMOCRATIC,90,6430,DEM
GP 2020,16TH DEMOCRATIC DELEGATE,G,4,26224,116,TIMOTHY,BUTTIGIEG,BRADLEY,IROQUOIS,DEMOCRATIC,50,6431,DEM
GP 2020,16TH DEMOCRATIC DELEGATE,G,4,26224,116,TIMOTHY,BUTTIGIEG,BRADLEY,BOONE,DEMOCRATIC,144,6432,DEM
GP 2020,16TH DEMOCRATIC DELEGATE,G,4,26224,116,TIMOTHY,BUTTIGIEG,BRADLEY,LEE,DEMOCRATIC,81,6433,DEM
GP 2020,16TH DEMOCRATIC DELEGATE,G,4,26224,116,TIMOTHY,BUTTIGIEG,BRADLEY,PUTNAM,DEMOCRATIC,22,6434,DEM
GP 2020,16TH DEMOCRATIC DELEGATE,G,4,26224,116,TIMOTHY,BUTTIGIEG,BRADLEY,OGLE,DEMOCRATIC,131,6435,DEM
GP 2020,16TH DEMOCRATIC DELEGATE,G,4,26224,116,TIMOTHY,BUTTIGIEG,BRADLEY,WILL,DEMOCRATIC,100,6436,DEM
GP 2020,16TH DEMOCRATIC DELEGATE,G,4,26224,116,TIMOTHY,BUTTIGIEG,BRADLEY,DeKALB,DEMOCRATIC,140,6437,DEM
GP 2020,16TH DEMOCRATIC DELEGATE,G,4,26224,116,TIMOTHY,BUTTIGIEG,BRADLEY,WINNEBAGO,DEMOCRATIC,589,6438,DEM
GP 2020,16TH DEMOCRATIC DELEGATE,G,4,26224,116,TIMOTHY,BUTTIGIEG,BRADLEY,LaSALLE,DEMOCRATIC,571,6439,DEM
GP 2020,16TH DEMOCRATIC DELEGATE,G,4,26228,116,JOHN,BUTTIGIEG,REIS,WINNEBAGO,DEMOCRATIC,353,6440,DEM
GP 2020,16TH DEMOCRATIC DELEGATE,G,4,26228,116,JOHN,BUTTIGIEG,REIS,LaSALLE,DEMOCRATIC,213,6441,DEM
GP 2020,16TH DEMOCRATIC DELEGATE,G,4,26228,116,JOHN,BUTTIGIEG,REIS,LIVINGSTON,DEMOCRATIC,89,6442,DEM
GP 2020,16TH DEMOCRATIC DELEGATE,G,4,26228,116,JOHN,BUTTIGIEG,REIS,BUREAU,DEMOCRATIC,45,6443,DEM
GP 2020,16TH DEMOCRATIC DELEGATE,G,4,26228,116,JOHN,BUTTIGIEG,REIS,PUTNAM,DEMOCRATIC,13,6444,DEM
GP 2020,16TH DEMOCRATIC DELEGATE,G,4,26228,116,JOHN,BUTTIGIEG,REIS,OGLE,DEMOCRATIC,85,6445,DEM
GP 2020,16TH DEMOCRATIC DELEGATE,G,4,26228,116,JOHN,BUTTIGIEG,REIS,WILL,DEMOCRATIC,60,6446,DEM
GP 2020,16TH DEMOCRATIC DELEGATE,G,4,26228,116,JOHN,BUTTIGIEG,REIS,DeKALB,DEMOCRATIC,136,6447,DEM
GP 2020,16TH DEMOCRATIC DELEGATE,G,4,26228,116,JOHN,BUTTIGIEG,REIS,IROQUOIS,DEMOCRATIC,31,6448,DEM
GP 2020,16TH DEMOCRATIC DELEGATE,G,4,26228,116,JOHN,BUTTIGIEG,REIS,BOONE,DEMOCRATIC,82,6449,DEM
GP 2020,16TH DEMOCRATIC DELEGATE,G,4,26228,116,JOHN,BUTTIGIEG,REIS,LEE,DEMOCRATIC,57,6450,DEM
GP 2020,16TH DEMOCRATIC DELEGATE,G,4,26228,116,JOHN,BUTTIGIEG,REIS,FORD,DEMOCRATIC,16,6451,DEM
GP 2020,16TH DEMOCRATIC DELEGATE,G,4,26228,116,JOHN,BUTTIGIEG,REIS,GRUNDY,DEMOCRATIC,116,6452,DEM
GP 2020,16TH DEMOCRATIC DELEGATE,G,4,26228,116,JOHN,BUTTIGIEG,REIS,STARK,DEMOCRATIC,1,6453,DEM
GP 2020,16TH DEMOCRATIC DELEGATE,G,4,26236,116,MICHAEL,BUTTIGIEG,SOTO,IROQUOIS,DEMOCRATIC,44,6454,DEM
GP 2020,16TH DEMOCRATIC DELEGATE,G,4,26236,116,MICHAEL,BUTTIGIEG,SOTO,BOONE,DEMOCRATIC,152,6455,DEM
GP 2020,16TH DEMOCRATIC DELEGATE,G,4,26236,116,MICHAEL,BUTTIGIEG,SOTO,LEE,DEMOCRATIC,93,6456,DEM
GP 2020,16TH DEMOCRATIC DELEGATE,G,4,26236,116,MICHAEL,BUTTIGIEG,SOTO,FORD,DEMOCRATIC,14,6457,DEM
GP 2020,16TH DEMOCRATIC DELEGATE,G,4,26236,116,MICHAEL,BUTTIGIEG,SOTO,GRUNDY,DEMOCRATIC,171,6458,DEM
GP 2020,16TH DEMOCRATIC DELEGATE,G,4,26236,116,MICHAEL,BUTTIGIEG,SOTO,STARK,DEMOCRATIC,1,6459,DEM
GP 2020,16TH DEMOCRATIC DELEGATE,G,4,26236,116,MICHAEL,BUTTIGIEG,SOTO,WINNEBAGO,DEMOCRATIC,654,6460,DEM
GP 2020,16TH DEMOCRATIC DELEGATE,G,4,26236,116,MICHAEL,BUTTIGIEG,SOTO,LaSALLE,DEMOCRATIC,270,6461,DEM
GP 2020,16TH DEMOCRATIC DELEGATE,G,4,26236,116,MICHAEL,BUTTIGIEG,SOTO,LIVINGSTON,DEMOCRATIC,69,6462,DEM
GP 2020,16TH DEMOCRATIC DELEGATE,G,4,26236,116,MICHAEL,BUTTIGIEG,SOTO,BUREAU,DEMOCRATIC,91,6463,DEM
GP 2020,16TH DEMOCRATIC DELEGATE,G,4,26236,116,MICHAEL,BUTTIGIEG,SOTO,PUTNAM,DEMOCRATIC,24,6464,DEM
GP 2020,16TH DEMOCRATIC DELEGATE,G,4,26236,116,MICHAEL,BUTTIGIEG,SOTO,OGLE,DEMOCRATIC,132,6465,DEM
GP 2020,16TH DEMOCRATIC DELEGATE,G,4,26236,116,MICHAEL,BUTTIGIEG,SOTO,WILL,DEMOCRATIC,61,6466,DEM
GP 2020,16TH DEMOCRATIC DELEGATE,G,4,26236,116,MICHAEL,BUTTIGIEG,SOTO,DeKALB,DEMOCRATIC,270,6467,DEM
GP 2020,16TH DEMOCRATIC DELEGATE,G,4,26477,116,JUSTINE,SANDERS,TROUT,IROQUOIS,DEMOCRATIC,308,6468,DEM
GP 2020,16TH DEMOCRATIC DELEGATE,G,4,26477,116,JUSTINE,SANDERS,TROUT,BOONE,DEMOCRATIC,1332,6469,DEM
GP 2020,16TH DEMOCRATIC DELEGATE,G,4,26477,116,JUSTINE,SANDERS,TROUT,LEE,DEMOCRATIC,604,6470,DEM
GP 2020,16TH DEMOCRATIC DELEGATE,G,4,26477,116,JUSTINE,SANDERS,TROUT,FORD,DEMOCRATIC,97,6471,DEM
GP 2020,16TH DEMOCRATIC DELEGATE,G,4,26477,116,JUSTINE,SANDERS,TROUT,GRUNDY,DEMOCRATIC,1129,6472,DEM
GP 2020,16TH DEMOCRATIC DELEGATE,G,4,26477,116,JUSTINE,SANDERS,TROUT,STARK,DEMOCRATIC,15,6473,DEM
GP 2020,16TH DEMOCRATIC DELEGATE,G,4,26477,116,JUSTINE,SANDERS,TROUT,WINNEBAGO,DEMOCRATIC,4992,6474,DEM
GP 2020,16TH DEMOCRATIC DELEGATE,G,4,26477,116,JUSTINE,SANDERS,TROUT,LaSALLE,DEMOCRATIC,1958,6475,DEM
GP 2020,16TH DEMOCRATIC DELEGATE,G,4,26477,116,JUSTINE,SANDERS,TROUT,LIVINGSTON,DEMOCRATIC,429,6476,DEM
GP 2020,16TH DEMOCRATIC DELEGATE,G,4,26477,116,JUSTINE,SANDERS,TROUT,BUREAU,DEMOCRATIC,597,6477,DEM
GP 2020,16TH DEMOCRATIC DELEGATE,G,4,26477,116,JUSTINE,SANDERS,TROUT,PUTNAM,DEMOCRATIC,111,6478,DEM
GP 2020,16TH DEMOCRATIC DELEGATE,G,4,26477,116,JUSTINE,SANDERS,TROUT,OGLE,DEMOCRATIC,1150,6479,DEM
GP 2020,16TH DEMOCRATIC DELEGATE,G,4,26477,116,JUSTINE,SANDERS,TROUT,WILL,DEMOCRATIC,633,6480,DEM
GP 2020,16TH DEMOCRATIC DELEGATE,G,4,26477,116,JUSTINE,SANDERS,TROUT,DeKALB,DEMOCRATIC,2576,6481,DEM
GP 2020,16TH DEMOCRATIC DELEGATE,G,4,26480,116,JJ,SANDERS,WETT,IROQUOIS,DEMOCRATIC,246,6482,DEM
GP 2020,16TH DEMOCRATIC DELEGATE,G,4,26480,116,JJ,SANDERS,WETT,BOONE,DEMOCRATIC,1011,6483,DEM
GP 2020,16TH DEMOCRATIC DELEGATE,G,4,26480,116,JJ,SANDERS,WETT,PUTNAM,DEMOCRATIC,93,6484,DEM
GP 2020,16TH DEMOCRATIC DELEGATE,G,4,26480,116,JJ,SANDERS,WETT,OGLE,DEMOCRATIC,988,6485,DEM
GP 2020,16TH DEMOCRATIC DELEGATE,G,4,26480,116,JJ,SANDERS,WETT,WILL,DEMOCRATIC,575,6486,DEM
GP 2020,16TH DEMOCRATIC DELEGATE,G,4,26480,116,JJ,SANDERS,WETT,DeKALB,DEMOCRATIC,2319,6487,DEM
GP 2020,16TH DEMOCRATIC DELEGATE,G,4,26480,116,JJ,SANDERS,WETT,WINNEBAGO,DEMOCRATIC,3886,6488,DEM
GP 2020,16TH DEMOCRATIC DELEGATE,G,4,26480,116,JJ,SANDERS,WETT,LaSALLE,DEMOCRATIC,1678,6489,DEM
GP 2020,16TH DEMOCRATIC DELEGATE,G,4,26480,116,JJ,SANDERS,WETT,LEE,DEMOCRATIC,508,6490,DEM
GP 2020,16TH DEMOCRATIC DELEGATE,G,4,26480,116,JJ,SANDERS,WETT,FORD,DEMOCRATIC,88,6491,DEM
GP 2020,16TH DEMOCRATIC DELEGATE,G,4,26480,116,JJ,SANDERS,WETT,GRUNDY,DEMOCRATIC,921,6492,DEM
GP 2020,16TH DEMOCRATIC DELEGATE,G,4,26480,116,JJ,SANDERS,WETT,STARK,DEMOCRATIC,11,6493,DEM
GP 2020,16TH DEMOCRATIC DELEGATE,G,4,26480,116,JJ,SANDERS,WETT,LIVINGSTON,DEMOCRATIC,350,6494,DEM
GP 2020,16TH DEMOCRATIC DELEGATE,G,4,26480,116,JJ,SANDERS,WETT,BUREAU,DEMOCRATIC,470,6495,DEM
GP 2020,16TH DEMOCRATIC DELEGATE,G,4,26526,116,ELIZABETH,WARREN,LINDQUIST,IROQUOIS,DEMOCRATIC,74,6496,DEM
GP 2020,16TH DEMOCRATIC DELEGATE,G,4,26526,116,ELIZABETH,WARREN,LINDQUIST,BOONE,DEMOCRATIC,289,6497,DEM
GP 2020,16TH DEMOCRATIC DELEGATE,G,4,26526,116,ELIZABETH,WARREN,LINDQUIST,LEE,DEMOCRATIC,130,6498,DEM
GP 2020,16TH DEMOCRATIC DELEGATE,G,4,26526,116,ELIZABETH,WARREN,LINDQUIST,FORD,DEMOCRATIC,24,6499,DEM
GP 2020,16TH DEMOCRATIC DELEGATE,G,4,26526,116,ELIZABETH,WARREN,LINDQUIST,GRUNDY,DEMOCRATIC,237,6500,DEM
GP 2020,16TH DEMOCRATIC DELEGATE,G,4,26526,116,ELIZABETH,WARREN,LINDQUIST,STARK,DEMOCRATIC,3,6501,DEM
GP 2020,16TH DEMOCRATIC DELEGATE,G,4,26526,116,ELIZABETH,WARREN,LINDQUIST,WINNEBAGO,DEMOCRATIC,1416,6502,DEM
GP 2020,16TH DEMOCRATIC DELEGATE,G,4,26526,116,ELIZABETH,WARREN,LINDQUIST,LaSALLE,DEMOCRATIC,355,6503,DEM
GP 2020,16TH DEMOCRATIC DELEGATE,G,4,26526,116,ELIZABETH,WARREN,LINDQUIST,LIVINGSTON,DEMOCRATIC,91,6504,DEM
GP 2020,16TH DEMOCRATIC DELEGATE,G,4,26526,116,ELIZABETH,WARREN,LINDQUIST,BUREAU,DEMOCRATIC,140,6505,DEM
GP 2020,16TH DEMOCRATIC DELEGATE,G,4,26526,116,ELIZABETH,WARREN,LINDQUIST,PUTNAM,DEMOCRATIC,18,6506,DEM
GP 2020,16TH DEMOCRATIC DELEGATE,G,4,26526,116,ELIZABETH,WARREN,LINDQUIST,OGLE,DEMOCRATIC,232,6507,DEM
GP 2020,16TH DEMOCRATIC DELEGATE,G,4,26526,116,ELIZABETH,WARREN,LINDQUIST,WILL,DEMOCRATIC,108,6508,DEM
GP 2020,16TH DEMOCRATIC DELEGATE,G,4,26526,116,ELIZABETH,WARREN,LINDQUIST,DeKALB,DEMOCRATIC,395,6509,DEM
GP 2020,16TH DEMOCRATIC DELEGATE,G,4,26527,116,JOHN,WARREN,GEDNEY,WILL,DEMOCRATIC,39,6510,DEM
GP 2020,16TH DEMOCRATIC DELEGATE,G,4,26527,116,JOHN,WARREN,GEDNEY,DeKALB,DEMOCRATIC,192,6511,DEM
GP 2020,16TH DEMOCRATIC DELEGATE,G,4,26527,116,JOHN,WARREN,GEDNEY,WINNEBAGO,DEMOCRATIC,450,6512,DEM
GP 2020,16TH DEMOCRATIC DELEGATE,G,4,26527,116,JOHN,WARREN,GEDNEY,LaSALLE,DEMOCRATIC,114,6513,DEM
GP 2020,16TH DEMOCRATIC DELEGATE,G,4,26527,116,JOHN,WARREN,GEDNEY,GRUNDY,DEMOCRATIC,99,6514,DEM
GP 2020,16TH DEMOCRATIC DELEGATE,G,4,26527,116,JOHN,WARREN,GEDNEY,STARK,DEMOCRATIC,1,6515,DEM
GP 2020,16TH DEMOCRATIC DELEGATE,G,4,26527,116,JOHN,WARREN,GEDNEY,LIVINGSTON,DEMOCRATIC,25,6516,DEM
GP 2020,16TH DEMOCRATIC DELEGATE,G,4,26527,116,JOHN,WARREN,GEDNEY,BUREAU,DEMOCRATIC,48,6517,DEM
GP 2020,16TH DEMOCRATIC DELEGATE,G,4,26527,116,JOHN,WARREN,GEDNEY,PUTNAM,DEMOCRATIC,8,6518,DEM
GP 2020,16TH DEMOCRATIC DELEGATE,G,4,26527,116,JOHN,WARREN,GEDNEY,OGLE,DEMOCRATIC,60,6519,DEM
GP 2020,16TH DEMOCRATIC DELEGATE,G,4,26527,116,JOHN,WARREN,GEDNEY,IROQUOIS,DEMOCRATIC,24,6520,DEM
GP 2020,16TH DEMOCRATIC DELEGATE,G,4,26527,116,JOHN,WARREN,GEDNEY,BOONE,DEMOCRATIC,110,6521,DEM
GP 2020,16TH DEMOCRATIC DELEGATE,G,4,26527,116,JOHN,WARREN,GEDNEY,LEE,DEMOCRATIC,63,6522,DEM
GP 2020,16TH DEMOCRATIC DELEGATE,G,4,26527,116,JOHN,WARREN,GEDNEY,FORD,DEMOCRATIC,10,6523,DEM
GP 2020,16TH DEMOCRATIC DELEGATE,G,4,26528,116,ELAINE,WARREN,PANNELL,IROQUOIS,DEMOCRATIC,40,6524,DEM
GP 2020,16TH DEMOCRATIC DELEGATE,G,4,26528,116,ELAINE,WARREN,PANNELL,BOONE,DEMOCRATIC,140,6525,DEM
GP 2020,16TH DEMOCRATIC DELEGATE,G,4,26528,116,ELAINE,WARREN,PANNELL,LEE,DEMOCRATIC,85,6526,DEM
GP 2020,16TH DEMOCRATIC DELEGATE,G,4,26528,116,ELAINE,WARREN,PANNELL,FORD,DEMOCRATIC,13,6527,DEM
GP 2020,16TH DEMOCRATIC DELEGATE,G,4,26528,116,ELAINE,WARREN,PANNELL,GRUNDY,DEMOCRATIC,141,6528,DEM
GP 2020,16TH DEMOCRATIC DELEGATE,G,4,26528,116,ELAINE,WARREN,PANNELL,DeKALB,DEMOCRATIC,353,6529,DEM
GP 2020,16TH DEMOCRATIC DELEGATE,G,4,26528,116,ELAINE,WARREN,PANNELL,WINNEBAGO,DEMOCRATIC,692,6530,DEM
GP 2020,16TH DEMOCRATIC DELEGATE,G,4,26528,116,ELAINE,WARREN,PANNELL,LaSALLE,DEMOCRATIC,194,6531,DEM
GP 2020,16TH DEMOCRATIC DELEGATE,G,4,26528,116,ELAINE,WARREN,PANNELL,STARK,DEMOCRATIC,1,6532,DEM
GP 2020,16TH DEMOCRATIC DELEGATE,G,4,26528,116,ELAINE,WARREN,PANNELL,LIVINGSTON,DEMOCRATIC,44,6533,DEM
GP 2020,16TH DEMOCRATIC DELEGATE,G,4,26528,116,ELAINE,WARREN,PANNELL,BUREAU,DEMOCRATIC,71,6534,DEM
GP 2020,16TH DEMOCRATIC DELEGATE,G,4,26528,116,ELAINE,WARREN,PANNELL,PUTNAM,DEMOCRATIC,9,6535,DEM
GP 2020,16TH DEMOCRATIC DELEGATE,G,4,26528,116,ELAINE,WARREN,PANNELL,OGLE,DEMOCRATIC,99,6536,DEM
GP 2020,16TH DEMOCRATIC DELEGATE,G,4,26528,116,ELAINE,WARREN,PANNELL,WILL,DEMOCRATIC,58,6537,DEM
GP 2020,16TH DEMOCRATIC DELEGATE,G,4,26529,116,"COURTNEY ""COURT""",WARREN,SCHUETT,IROQUOIS,DEMOCRATIC,24,6538,DEM
GP 2020,16TH DEMOCRATIC DELEGATE,G,4,26529,116,"COURTNEY ""COURT""",WARREN,SCHUETT,BOONE,DEMOCRATIC,88,6539,DEM
GP 2020,16TH DEMOCRATIC DELEGATE,G,4,26529,116,"COURTNEY ""COURT""",WARREN,SCHUETT,LEE,DEMOCRATIC,61,6540,DEM
GP 2020,16TH DEMOCRATIC DELEGATE,G,4,26529,116,"COURTNEY ""COURT""",WARREN,SCHUETT,FORD,DEMOCRATIC,13,6541,DEM
GP 2020,16TH DEMOCRATIC DELEGATE,G,4,26529,116,"COURTNEY ""COURT""",WARREN,SCHUETT,GRUNDY,DEMOCRATIC,120,6542,DEM
GP 2020,16TH DEMOCRATIC DELEGATE,G,4,26529,116,"COURTNEY ""COURT""",WARREN,SCHUETT,STARK,DEMOCRATIC,0,6543,DEM
GP 2020,16TH DEMOCRATIC DELEGATE,G,4,26529,116,"COURTNEY ""COURT""",WARREN,SCHUETT,WINNEBAGO,DEMOCRATIC,459,6544,DEM
GP 2020,16TH DEMOCRATIC DELEGATE,G,4,26529,116,"COURTNEY ""COURT""",WARREN,SCHUETT,LaSALLE,DEMOCRATIC,151,6545,DEM
GP 2020,16TH DEMOCRATIC DELEGATE,G,4,26529,116,"COURTNEY ""COURT""",WARREN,SCHUETT,LIVINGSTON,DEMOCRATIC,37,6546,DEM
GP 2020,16TH DEMOCRATIC DELEGATE,G,4,26529,116,"COURTNEY ""COURT""",WARREN,SCHUETT,BUREAU,DEMOCRATIC,62,6547,DEM
GP 2020,16TH DEMOCRATIC DELEGATE,G,4,26529,116,"COURTNEY ""COURT""",WARREN,SCHUETT,PUTNAM,DEMOCRATIC,12,6548,DEM
GP 2020,16TH DEMOCRATIC DELEGATE,G,4,26529,116,"COURTNEY ""COURT""",WARREN,SCHUETT,OGLE,DEMOCRATIC,99,6549,DEM
GP 2020,16TH DEMOCRATIC DELEGATE,G,4,26529,116,"COURTNEY ""COURT""",WARREN,SCHUETT,WILL,DEMOCRATIC,39,6550,DEM
GP 2020,16TH DEMOCRATIC DELEGATE,G,4,26529,116,"COURTNEY ""COURT""",WARREN,SCHUETT,DeKALB,DEMOCRATIC,197,6551,DEM
GP 2020,COOK - 13TH SUBCIRCUIT - KULYS HOFFMAN VACANCY,LC,1,25761,1310,MATT,,FLAMM,COOK,DEMOCRATIC,3213,6552,DEM
GP 2020,COOK - 13TH SUBCIRCUIT - KULYS HOFFMAN VACANCY,LC,1,25765,1310,JOE,,GUMP,COOK,DEMOCRATIC,9534,6553,DEM
GP 2020,COOK - 13TH SUBCIRCUIT - KULYS HOFFMAN VACANCY,LC,1,25801,1310,MICHAEL HARRY,,MINTON,COOK,DEMOCRATIC,2233,6554,DEM
GP 2020,COOK - 13TH SUBCIRCUIT - KULYS HOFFMAN VACANCY,LC,1,25817,1310,ANGEL,,GARCIA,COOK,REPUBLICAN,3307,6555,REP
GP 2020,COOK - 13TH SUBCIRCUIT - KULYS HOFFMAN VACANCY,LC,1,25981,1310,MICHAEL P.,,GERBER,COOK,DEMOCRATIC,6298,6556,DEM
GP 2020,COOK - 13TH SUBCIRCUIT - KULYS HOFFMAN VACANCY,LC,1,25802,1310,SUSANNE MICHELE,,GROEBNER,COOK,DEMOCRATIC,15791,6557,DEM
GP 2020,COOK - 13TH SUBCIRCUIT - KULYS HOFFMAN VACANCY,LC,1,25494,1310,GARY WILLIAM,,SEYRING,COOK,REPUBLICAN,8783,6558,REP
GP 2020,16TH REPUBLICAN DELEGATE,G,3,26413,116,JOHN,TRUMP,CABELLO,IROQUOIS,REPUBLICAN,2757,6559,REP
GP 2020,16TH REPUBLICAN DELEGATE,G,3,26413,116,JOHN,TRUMP,CABELLO,BOONE,REPUBLICAN,2779,6560,REP
GP 2020,16TH REPUBLICAN DELEGATE,G,3,26413,116,JOHN,TRUMP,CABELLO,LEE,REPUBLICAN,1760,6561,REP
GP 2020,16TH REPUBLICAN DELEGATE,G,3,26413,116,JOHN,TRUMP,CABELLO,FORD,REPUBLICAN,873,6562,REP
GP 2020,16TH REPUBLICAN DELEGATE,G,3,26413,116,JOHN,TRUMP,CABELLO,GRUNDY,REPUBLICAN,2316,6563,REP
GP 2020,16TH REPUBLICAN DELEGATE,G,3,26413,116,JOHN,TRUMP,CABELLO,DeKALB,REPUBLICAN,2094,6564,REP
GP 2020,16TH REPUBLICAN DELEGATE,G,3,26413,116,JOHN,TRUMP,CABELLO,WINNEBAGO,REPUBLICAN,12472,6565,REP
GP 2020,16TH REPUBLICAN DELEGATE,G,3,26413,116,JOHN,TRUMP,CABELLO,LaSALLE,REPUBLICAN,3912,6566,REP
GP 2020,16TH REPUBLICAN DELEGATE,G,3,26413,116,JOHN,TRUMP,CABELLO,STARK,REPUBLICAN,79,6567,REP
GP 2020,16TH REPUBLICAN DELEGATE,G,3,26413,116,JOHN,TRUMP,CABELLO,LIVINGSTON,REPUBLICAN,3275,6568,REP
GP 2020,16TH REPUBLICAN DELEGATE,G,3,26413,116,JOHN,TRUMP,CABELLO,BUREAU,REPUBLICAN,1561,6569,REP
GP 2020,16TH REPUBLICAN DELEGATE,G,3,26413,116,JOHN,TRUMP,CABELLO,PUTNAM,REPUBLICAN,352,6570,REP
GP 2020,16TH REPUBLICAN DELEGATE,G,3,26413,116,JOHN,TRUMP,CABELLO,OGLE,REPUBLICAN,4762,6571,REP
GP 2020,16TH REPUBLICAN DELEGATE,G,3,26413,116,JOHN,TRUMP,CABELLO,WILL,REPUBLICAN,1414,6572,REP
GP 2020,16TH REPUBLICAN DELEGATE,G,3,26414,116,JAN,TRUMP,KLAAS,IROQUOIS,REPUBLICAN,2383,6573,REP
GP 2020,16TH REPUBLICAN DELEGATE,G,3,26414,116,JAN,TRUMP,KLAAS,BOONE,REPUBLICAN,2113,6574,REP
GP 2020,16TH REPUBLICAN DELEGATE,G,3,26414,116,JAN,TRUMP,KLAAS,LEE,REPUBLICAN,1527,6575,REP
GP 2020,16TH REPUBLICAN DELEGATE,G,3,26414,116,JAN,TRUMP,KLAAS,FORD,REPUBLICAN,784,6576,REP
GP 2020,16TH REPUBLICAN DELEGATE,G,3,26414,116,JAN,TRUMP,KLAAS,GRUNDY,REPUBLICAN,1961,6577,REP
GP 2020,16TH REPUBLICAN DELEGATE,G,3,26414,116,JAN,TRUMP,KLAAS,DeKALB,REPUBLICAN,1741,6578,REP
GP 2020,16TH REPUBLICAN DELEGATE,G,3,26414,116,JAN,TRUMP,KLAAS,WINNEBAGO,REPUBLICAN,7529,6579,REP
GP 2020,16TH REPUBLICAN DELEGATE,G,3,26414,116,JAN,TRUMP,KLAAS,LaSALLE,REPUBLICAN,2958,6580,REP
GP 2020,16TH REPUBLICAN DELEGATE,G,3,26414,116,JAN,TRUMP,KLAAS,STARK,REPUBLICAN,60,6581,REP
GP 2020,16TH REPUBLICAN DELEGATE,G,3,26414,116,JAN,TRUMP,KLAAS,LIVINGSTON,REPUBLICAN,2871,6582,REP
GP 2020,16TH REPUBLICAN DELEGATE,G,3,26414,116,JAN,TRUMP,KLAAS,BUREAU,REPUBLICAN,1318,6583,REP
GP 2020,16TH REPUBLICAN DELEGATE,G,3,26414,116,JAN,TRUMP,KLAAS,PUTNAM,REPUBLICAN,291,6584,REP
GP 2020,16TH REPUBLICAN DELEGATE,G,3,26414,116,JAN,TRUMP,KLAAS,OGLE,REPUBLICAN,3623,6585,REP
GP 2020,16TH REPUBLICAN DELEGATE,G,3,26414,116,JAN,TRUMP,KLAAS,WILL,REPUBLICAN,1205,6586,REP
GP 2020,16TH REPUBLICAN ALTERNATE DELEGATE,G,3,26415,216,SUSAN WYNN,TRUMP,BENCE,WILL,REPUBLICAN,1137,6587,REP
GP 2020,16TH REPUBLICAN ALTERNATE DELEGATE,G,3,26415,216,SUSAN WYNN,TRUMP,BENCE,DeKALB,REPUBLICAN,1672,6588,REP
GP 2020,16TH REPUBLICAN ALTERNATE DELEGATE,G,3,26415,216,SUSAN WYNN,TRUMP,BENCE,WINNEBAGO,REPUBLICAN,9014,6589,REP
GP 2020,16TH REPUBLICAN ALTERNATE DELEGATE,G,3,26415,216,SUSAN WYNN,TRUMP,BENCE,LaSALLE,REPUBLICAN,3011,6590,REP
GP 2020,16TH REPUBLICAN ALTERNATE DELEGATE,G,3,26415,216,SUSAN WYNN,TRUMP,BENCE,GRUNDY,REPUBLICAN,1986,6591,REP
GP 2020,16TH REPUBLICAN ALTERNATE DELEGATE,G,3,26415,216,SUSAN WYNN,TRUMP,BENCE,STARK,REPUBLICAN,69,6592,REP
GP 2020,16TH REPUBLICAN ALTERNATE DELEGATE,G,3,26415,216,SUSAN WYNN,TRUMP,BENCE,LIVINGSTON,REPUBLICAN,2947,6593,REP
GP 2020,16TH REPUBLICAN ALTERNATE DELEGATE,G,3,26415,216,SUSAN WYNN,TRUMP,BENCE,BUREAU,REPUBLICAN,1365,6594,REP
GP 2020,16TH REPUBLICAN ALTERNATE DELEGATE,G,3,26415,216,SUSAN WYNN,TRUMP,BENCE,PUTNAM,REPUBLICAN,310,6595,REP
GP 2020,16TH REPUBLICAN ALTERNATE DELEGATE,G,3,26415,216,SUSAN WYNN,TRUMP,BENCE,OGLE,REPUBLICAN,3820,6596,REP
GP 2020,16TH REPUBLICAN ALTERNATE DELEGATE,G,3,26415,216,SUSAN WYNN,TRUMP,BENCE,IROQUOIS,REPUBLICAN,2591,6597,REP
GP 2020,16TH REPUBLICAN ALTERNATE DELEGATE,G,3,26415,216,SUSAN WYNN,TRUMP,BENCE,BOONE,REPUBLICAN,2264,6598,REP
GP 2020,16TH REPUBLICAN ALTERNATE DELEGATE,G,3,26415,216,SUSAN WYNN,TRUMP,BENCE,LEE,REPUBLICAN,1585,6599,REP
GP 2020,16TH REPUBLICAN ALTERNATE DELEGATE,G,3,26415,216,SUSAN WYNN,TRUMP,BENCE,FORD,REPUBLICAN,765,6600,REP
GP 2020,16TH REPUBLICAN ALTERNATE DELEGATE,G,3,26418,216,LARRY,TRUMP,SMITH,DeKALB,REPUBLICAN,1761,6601,REP
GP 2020,16TH REPUBLICAN ALTERNATE DELEGATE,G,3,26418,216,LARRY,TRUMP,SMITH,WINNEBAGO,REPUBLICAN,8867,6602,REP
GP 2020,16TH REPUBLICAN ALTERNATE DELEGATE,G,3,26418,216,LARRY,TRUMP,SMITH,LaSALLE,REPUBLICAN,3036,6603,REP
GP 2020,16TH REPUBLICAN ALTERNATE DELEGATE,G,3,26418,216,LARRY,TRUMP,SMITH,STARK,REPUBLICAN,67,6604,REP
GP 2020,16TH REPUBLICAN ALTERNATE DELEGATE,G,3,26418,216,LARRY,TRUMP,SMITH,LIVINGSTON,REPUBLICAN,2919,6605,REP
GP 2020,16TH REPUBLICAN ALTERNATE DELEGATE,G,3,26418,216,LARRY,TRUMP,SMITH,BUREAU,REPUBLICAN,1311,6606,REP
GP 2020,16TH REPUBLICAN ALTERNATE DELEGATE,G,3,26418,216,LARRY,TRUMP,SMITH,PUTNAM,REPUBLICAN,309,6607,REP
GP 2020,16TH REPUBLICAN ALTERNATE DELEGATE,G,3,26418,216,LARRY,TRUMP,SMITH,OGLE,REPUBLICAN,3813,6608,REP
GP 2020,16TH REPUBLICAN ALTERNATE DELEGATE,G,3,26418,216,LARRY,TRUMP,SMITH,WILL,REPUBLICAN,1191,6609,REP
GP 2020,16TH REPUBLICAN ALTERNATE DELEGATE,G,3,26418,216,LARRY,TRUMP,SMITH,IROQUOIS,REPUBLICAN,2281,6610,REP
GP 2020,16TH REPUBLICAN ALTERNATE DELEGATE,G,3,26418,216,LARRY,TRUMP,SMITH,BOONE,REPUBLICAN,2272,6611,REP
GP 2020,16TH REPUBLICAN ALTERNATE DELEGATE,G,3,26418,216,LARRY,TRUMP,SMITH,LEE,REPUBLICAN,1587,6612,REP
GP 2020,16TH REPUBLICAN ALTERNATE DELEGATE,G,3,26418,216,LARRY,TRUMP,SMITH,FORD,REPUBLICAN,738,6613,REP
GP 2020,16TH REPUBLICAN ALTERNATE DELEGATE,G,3,26418,216,LARRY,TRUMP,SMITH,GRUNDY,REPUBLICAN,2009,6614,REP
GP 2020,16TH REPUBLICAN ALTERNATE DELEGATE,G,3,26417,216,JUDITH,TRUMP,WOOTEN,IROQUOIS,REPUBLICAN,2130,6615,REP
GP 2020,16TH REPUBLICAN ALTERNATE DELEGATE,G,3,26417,216,JUDITH,TRUMP,WOOTEN,BOONE,REPUBLICAN,2142,6616,REP
GP 2020,16TH REPUBLICAN ALTERNATE DELEGATE,G,3,26417,216,JUDITH,TRUMP,WOOTEN,LEE,REPUBLICAN,1485,6617,REP
GP 2020,16TH REPUBLICAN ALTERNATE DELEGATE,G,3,26417,216,JUDITH,TRUMP,WOOTEN,FORD,REPUBLICAN,743,6618,REP
GP 2020,16TH REPUBLICAN ALTERNATE DELEGATE,G,3,26417,216,JUDITH,TRUMP,WOOTEN,GRUNDY,REPUBLICAN,1955,6619,REP
GP 2020,16TH REPUBLICAN ALTERNATE DELEGATE,G,3,26417,216,JUDITH,TRUMP,WOOTEN,DeKALB,REPUBLICAN,1660,6620,REP
GP 2020,16TH REPUBLICAN ALTERNATE DELEGATE,G,3,26417,216,JUDITH,TRUMP,WOOTEN,WINNEBAGO,REPUBLICAN,8353,6621,REP
GP 2020,16TH REPUBLICAN ALTERNATE DELEGATE,G,3,26417,216,JUDITH,TRUMP,WOOTEN,LaSALLE,REPUBLICAN,2634,6622,REP
GP 2020,16TH REPUBLICAN ALTERNATE DELEGATE,G,3,26417,216,JUDITH,TRUMP,WOOTEN,STARK,REPUBLICAN,62,6623,REP
GP 2020,16TH REPUBLICAN ALTERNATE DELEGATE,G,3,26417,216,JUDITH,TRUMP,WOOTEN,LIVINGSTON,REPUBLICAN,2820,6624,REP
GP 2020,16TH REPUBLICAN ALTERNATE DELEGATE,G,3,26417,216,JUDITH,TRUMP,WOOTEN,BUREAU,REPUBLICAN,1237,6625,REP
GP 2020,16TH REPUBLICAN ALTERNATE DELEGATE,G,3,26417,216,JUDITH,TRUMP,WOOTEN,PUTNAM,REPUBLICAN,293,6626,REP
GP 2020,16TH REPUBLICAN ALTERNATE DELEGATE,G,3,26417,216,JUDITH,TRUMP,WOOTEN,OGLE,REPUBLICAN,3628,6627,REP
GP 2020,16TH REPUBLICAN ALTERNATE DELEGATE,G,3,26417,216,JUDITH,TRUMP,WOOTEN,WILL,REPUBLICAN,1209,6628,REP
GP 2020,17TH DEMOCRATIC DELEGATE,G,5,26493,117,MARY,SANDERS,GIBSON,WHITESIDE,DEMOCRATIC,1217,6629,DEM
GP 2020,17TH DEMOCRATIC DELEGATE,G,5,26493,117,MARY,SANDERS,GIBSON,CARROLL,DEMOCRATIC,245,6630,DEM
GP 2020,17TH DEMOCRATIC DELEGATE,G,5,26493,117,MARY,SANDERS,GIBSON,STEPHENSON,DEMOCRATIC,907,6631,DEM
GP 2020,17TH DEMOCRATIC DELEGATE,G,5,26493,117,MARY,SANDERS,GIBSON,KNOX,DEMOCRATIC,1184,6632,DEM
GP 2020,17TH DEMOCRATIC DELEGATE,G,5,26493,117,MARY,SANDERS,GIBSON,WINNEBAGO,DEMOCRATIC,2452,6633,DEM
GP 2020,17TH DEMOCRATIC DELEGATE,G,5,26493,117,MARY,SANDERS,GIBSON,MERCER,DEMOCRATIC,269,6634,DEM
GP 2020,17TH DEMOCRATIC DELEGATE,G,5,26493,117,MARY,SANDERS,GIBSON,JoDAVIESS,DEMOCRATIC,539,6635,DEM
GP 2020,17TH DEMOCRATIC DELEGATE,G,5,26493,117,MARY,SANDERS,GIBSON,PEORIA,DEMOCRATIC,2605,6636,DEM
GP 2020,17TH DEMOCRATIC DELEGATE,G,5,26493,117,MARY,SANDERS,GIBSON,FULTON,DEMOCRATIC,928,6637,DEM
GP 2020,17TH DEMOCRATIC DELEGATE,G,5,26493,117,MARY,SANDERS,GIBSON,HENRY,DEMOCRATIC,876,6638,DEM
GP 2020,17TH DEMOCRATIC DELEGATE,G,5,26493,117,MARY,SANDERS,GIBSON,HENDERSON,DEMOCRATIC,137,6639,DEM
GP 2020,17TH DEMOCRATIC DELEGATE,G,5,26493,117,MARY,SANDERS,GIBSON,WARREN,DEMOCRATIC,259,6640,DEM
GP 2020,17TH DEMOCRATIC DELEGATE,G,5,26493,117,MARY,SANDERS,GIBSON,ROCK ISLAND,DEMOCRATIC,3902,6641,DEM
GP 2020,17TH DEMOCRATIC DELEGATE,G,5,26493,117,MARY,SANDERS,GIBSON,TAZEWELL,DEMOCRATIC,953,6642,DEM
GP 2020,17TH DEMOCRATIC DELEGATE,G,5,26496,117,GENERAL,SANDERS,PARKER,WHITESIDE,DEMOCRATIC,1073,6643,DEM
GP 2020,17TH DEMOCRATIC DELEGATE,G,5,26496,117,GENERAL,SANDERS,PARKER,PEORIA,DEMOCRATIC,2418,6644,DEM
GP 2020,17TH DEMOCRATIC DELEGATE,G,5,26496,117,GENERAL,SANDERS,PARKER,ROCK ISLAND,DEMOCRATIC,3344,6645,DEM
GP 2020,17TH DEMOCRATIC DELEGATE,G,5,26496,117,GENERAL,SANDERS,PARKER,TAZEWELL,DEMOCRATIC,818,6646,DEM
GP 2020,17TH DEMOCRATIC DELEGATE,G,5,26496,117,GENERAL,SANDERS,PARKER,KNOX,DEMOCRATIC,936,6647,DEM
GP 2020,17TH DEMOCRATIC DELEGATE,G,5,26496,117,GENERAL,SANDERS,PARKER,WINNEBAGO,DEMOCRATIC,1916,6648,DEM
GP 2020,17TH DEMOCRATIC DELEGATE,G,5,26496,117,GENERAL,SANDERS,PARKER,MERCER,DEMOCRATIC,214,6649,DEM
GP 2020,17TH DEMOCRATIC DELEGATE,G,5,26496,117,GENERAL,SANDERS,PARKER,JoDAVIESS,DEMOCRATIC,433,6650,DEM
GP 2020,17TH DEMOCRATIC DELEGATE,G,5,26496,117,GENERAL,SANDERS,PARKER,CARROLL,DEMOCRATIC,205,6651,DEM
GP 2020,17TH DEMOCRATIC DELEGATE,G,5,26496,117,GENERAL,SANDERS,PARKER,STEPHENSON,DEMOCRATIC,786,6652,DEM
GP 2020,17TH DEMOCRATIC DELEGATE,G,5,26496,117,GENERAL,SANDERS,PARKER,FULTON,DEMOCRATIC,809,6653,DEM
GP 2020,17TH DEMOCRATIC DELEGATE,G,5,26496,117,GENERAL,SANDERS,PARKER,HENRY,DEMOCRATIC,725,6654,DEM
GP 2020,17TH DEMOCRATIC DELEGATE,G,5,26496,117,GENERAL,SANDERS,PARKER,HENDERSON,DEMOCRATIC,109,6655,DEM
GP 2020,17TH DEMOCRATIC DELEGATE,G,5,26496,117,GENERAL,SANDERS,PARKER,WARREN,DEMOCRATIC,83,6656,DEM
GP 2020,17TH DEMOCRATIC DELEGATE,G,5,26284,117,ORA,BIDEN,PALMER,WHITESIDE,DEMOCRATIC,2544,6657,DEM
GP 2020,17TH DEMOCRATIC DELEGATE,G,5,26284,117,ORA,BIDEN,PALMER,CARROLL,DEMOCRATIC,576,6658,DEM
GP 2020,17TH DEMOCRATIC DELEGATE,G,5,26284,117,ORA,BIDEN,PALMER,STEPHENSON,DEMOCRATIC,2013,6659,DEM
GP 2020,17TH DEMOCRATIC DELEGATE,G,5,26284,117,ORA,BIDEN,PALMER,FULTON,DEMOCRATIC,1817,6660,DEM
GP 2020,17TH DEMOCRATIC DELEGATE,G,5,26284,117,ORA,BIDEN,PALMER,HENRY,DEMOCRATIC,2019,6661,DEM
GP 2020,17TH DEMOCRATIC DELEGATE,G,5,26284,117,ORA,BIDEN,PALMER,HENDERSON,DEMOCRATIC,251,6662,DEM
GP 2020,17TH DEMOCRATIC DELEGATE,G,5,26284,117,ORA,BIDEN,PALMER,JoDAVIESS,DEMOCRATIC,1399,6663,DEM
GP 2020,17TH DEMOCRATIC DELEGATE,G,5,26284,117,ORA,BIDEN,PALMER,PEORIA,DEMOCRATIC,3725,6664,DEM
GP 2020,17TH DEMOCRATIC DELEGATE,G,5,26284,117,ORA,BIDEN,PALMER,WARREN,DEMOCRATIC,522,6665,DEM
GP 2020,17TH DEMOCRATIC DELEGATE,G,5,26284,117,ORA,BIDEN,PALMER,ROCK ISLAND,DEMOCRATIC,7301,6666,DEM
GP 2020,17TH DEMOCRATIC DELEGATE,G,5,26284,117,ORA,BIDEN,PALMER,TAZEWELL,DEMOCRATIC,1792,6667,DEM
GP 2020,17TH DEMOCRATIC DELEGATE,G,5,26284,117,ORA,BIDEN,PALMER,KNOX,DEMOCRATIC,1991,6668,DEM
GP 2020,17TH DEMOCRATIC DELEGATE,G,5,26284,117,ORA,BIDEN,PALMER,WINNEBAGO,DEMOCRATIC,3008,6669,DEM
GP 2020,17TH DEMOCRATIC DELEGATE,G,5,26284,117,ORA,BIDEN,PALMER,MERCER,DEMOCRATIC,610,6670,DEM
GP 2020,17TH DEMOCRATIC DELEGATE,G,5,26292,117,PHIL,BIDEN,SALZER,WHITESIDE,DEMOCRATIC,2532,6671,DEM
GP 2020,17TH DEMOCRATIC DELEGATE,G,5,26292,117,PHIL,BIDEN,SALZER,CARROLL,DEMOCRATIC,555,6672,DEM
GP 2020,17TH DEMOCRATIC DELEGATE,G,5,26292,117,PHIL,BIDEN,SALZER,STEPHENSON,DEMOCRATIC,1957,6673,DEM
GP 2020,17TH DEMOCRATIC DELEGATE,G,5,26292,117,PHIL,BIDEN,SALZER,FULTON,DEMOCRATIC,1821,6674,DEM
GP 2020,17TH DEMOCRATIC DELEGATE,G,5,26292,117,PHIL,BIDEN,SALZER,HENRY,DEMOCRATIC,1762,6675,DEM
GP 2020,17TH DEMOCRATIC DELEGATE,G,5,26292,117,PHIL,BIDEN,SALZER,MERCER,DEMOCRATIC,603,6676,DEM
GP 2020,17TH DEMOCRATIC DELEGATE,G,5,26292,117,PHIL,BIDEN,SALZER,JoDAVIESS,DEMOCRATIC,1360,6677,DEM
GP 2020,17TH DEMOCRATIC DELEGATE,G,5,26292,117,PHIL,BIDEN,SALZER,PEORIA,DEMOCRATIC,3735,6678,DEM
GP 2020,17TH DEMOCRATIC DELEGATE,G,5,26292,117,PHIL,BIDEN,SALZER,HENDERSON,DEMOCRATIC,245,6679,DEM
GP 2020,17TH DEMOCRATIC DELEGATE,G,5,26292,117,PHIL,BIDEN,SALZER,WARREN,DEMOCRATIC,343,6680,DEM
GP 2020,17TH DEMOCRATIC DELEGATE,G,5,26292,117,PHIL,BIDEN,SALZER,ROCK ISLAND,DEMOCRATIC,7117,6681,DEM
GP 2020,17TH DEMOCRATIC DELEGATE,G,5,26292,117,PHIL,BIDEN,SALZER,TAZEWELL,DEMOCRATIC,1788,6682,DEM
GP 2020,17TH DEMOCRATIC DELEGATE,G,5,26292,117,PHIL,BIDEN,SALZER,KNOX,DEMOCRATIC,1935,6683,DEM
GP 2020,17TH DEMOCRATIC DELEGATE,G,5,26292,117,PHIL,BIDEN,SALZER,WINNEBAGO,DEMOCRATIC,2784,6684,DEM
GP 2020,17TH DEMOCRATIC DELEGATE,G,5,26280,117,LAURA HEPP,BIDEN,KESSEL,WHITESIDE,DEMOCRATIC,2736,6685,DEM
GP 2020,17TH DEMOCRATIC DELEGATE,G,5,26280,117,LAURA HEPP,BIDEN,KESSEL,CARROLL,DEMOCRATIC,622,6686,DEM
GP 2020,17TH DEMOCRATIC DELEGATE,G,5,26280,117,LAURA HEPP,BIDEN,KESSEL,STEPHENSON,DEMOCRATIC,2197,6687,DEM
GP 2020,17TH DEMOCRATIC DELEGATE,G,5,26280,117,LAURA HEPP,BIDEN,KESSEL,FULTON,DEMOCRATIC,2005,6688,DEM
GP 2020,17TH DEMOCRATIC DELEGATE,G,5,26280,117,LAURA HEPP,BIDEN,KESSEL,HENRY,DEMOCRATIC,2127,6689,DEM
GP 2020,17TH DEMOCRATIC DELEGATE,G,5,26280,117,LAURA HEPP,BIDEN,KESSEL,MERCER,DEMOCRATIC,646,6690,DEM
GP 2020,17TH DEMOCRATIC DELEGATE,G,5,26280,117,LAURA HEPP,BIDEN,KESSEL,JoDAVIESS,DEMOCRATIC,1487,6691,DEM
GP 2020,17TH DEMOCRATIC DELEGATE,G,5,26280,117,LAURA HEPP,BIDEN,KESSEL,PEORIA,DEMOCRATIC,3908,6692,DEM
GP 2020,17TH DEMOCRATIC DELEGATE,G,5,26280,117,LAURA HEPP,BIDEN,KESSEL,HENDERSON,DEMOCRATIC,272,6693,DEM
GP 2020,17TH DEMOCRATIC DELEGATE,G,5,26280,117,LAURA HEPP,BIDEN,KESSEL,WARREN,DEMOCRATIC,638,6694,DEM
GP 2020,17TH DEMOCRATIC DELEGATE,G,5,26280,117,LAURA HEPP,BIDEN,KESSEL,ROCK ISLAND,DEMOCRATIC,8039,6695,DEM
GP 2020,17TH DEMOCRATIC DELEGATE,G,5,26280,117,LAURA HEPP,BIDEN,KESSEL,TAZEWELL,DEMOCRATIC,1954,6696,DEM
GP 2020,17TH DEMOCRATIC DELEGATE,G,5,26280,117,LAURA HEPP,BIDEN,KESSEL,KNOX,DEMOCRATIC,2105,6697,DEM
GP 2020,17TH DEMOCRATIC DELEGATE,G,5,26280,117,LAURA HEPP,BIDEN,KESSEL,WINNEBAGO,DEMOCRATIC,3187,6698,DEM
GP 2020,17TH DEMOCRATIC DELEGATE,G,5,26290,117,PAM,BIDEN,DAVIDSON,WINNEBAGO,DEMOCRATIC,3071,6699,DEM
GP 2020,17TH DEMOCRATIC DELEGATE,G,5,26290,117,PAM,BIDEN,DAVIDSON,MERCER,DEMOCRATIC,673,6700,DEM
GP 2020,17TH DEMOCRATIC DELEGATE,G,5,26290,117,PAM,BIDEN,DAVIDSON,JoDAVIESS,DEMOCRATIC,1460,6701,DEM
GP 2020,17TH DEMOCRATIC DELEGATE,G,5,26290,117,PAM,BIDEN,DAVIDSON,PEORIA,DEMOCRATIC,3825,6702,DEM
GP 2020,17TH DEMOCRATIC DELEGATE,G,5,26290,117,PAM,BIDEN,DAVIDSON,HENRY,DEMOCRATIC,2075,6703,DEM
GP 2020,17TH DEMOCRATIC DELEGATE,G,5,26290,117,PAM,BIDEN,DAVIDSON,HENDERSON,DEMOCRATIC,281,6704,DEM
GP 2020,17TH DEMOCRATIC DELEGATE,G,5,26290,117,PAM,BIDEN,DAVIDSON,WARREN,DEMOCRATIC,629,6705,DEM
GP 2020,17TH DEMOCRATIC DELEGATE,G,5,26290,117,PAM,BIDEN,DAVIDSON,ROCK ISLAND,DEMOCRATIC,7773,6706,DEM
GP 2020,17TH DEMOCRATIC DELEGATE,G,5,26290,117,PAM,BIDEN,DAVIDSON,TAZEWELL,DEMOCRATIC,1902,6707,DEM
GP 2020,17TH DEMOCRATIC DELEGATE,G,5,26290,117,PAM,BIDEN,DAVIDSON,KNOX,DEMOCRATIC,2373,6708,DEM
GP 2020,17TH DEMOCRATIC DELEGATE,G,5,26290,117,PAM,BIDEN,DAVIDSON,WHITESIDE,DEMOCRATIC,2688,6709,DEM
GP 2020,17TH DEMOCRATIC DELEGATE,G,5,26290,117,PAM,BIDEN,DAVIDSON,CARROLL,DEMOCRATIC,616,6710,DEM
GP 2020,17TH DEMOCRATIC DELEGATE,G,5,26290,117,PAM,BIDEN,DAVIDSON,STEPHENSON,DEMOCRATIC,2136,6711,DEM
GP 2020,17TH DEMOCRATIC DELEGATE,G,5,26290,117,PAM,BIDEN,DAVIDSON,FULTON,DEMOCRATIC,1912,6712,DEM
GP 2020,17TH DEMOCRATIC DELEGATE,G,5,26287,117,JEFFREY D.,BIDEN,DEPPE,FULTON,DEMOCRATIC,1868,6713,DEM
GP 2020,17TH DEMOCRATIC DELEGATE,G,5,26287,117,JEFFREY D.,BIDEN,DEPPE,HENRY,DEMOCRATIC,2050,6714,DEM
GP 2020,17TH DEMOCRATIC DELEGATE,G,5,26287,117,JEFFREY D.,BIDEN,DEPPE,HENDERSON,DEMOCRATIC,257,6715,DEM
GP 2020,17TH DEMOCRATIC DELEGATE,G,5,26287,117,JEFFREY D.,BIDEN,DEPPE,WARREN,DEMOCRATIC,517,6716,DEM
GP 2020,17TH DEMOCRATIC DELEGATE,G,5,26287,117,JEFFREY D.,BIDEN,DEPPE,ROCK ISLAND,DEMOCRATIC,7763,6717,DEM
GP 2020,17TH DEMOCRATIC DELEGATE,G,5,26287,117,JEFFREY D.,BIDEN,DEPPE,WHITESIDE,DEMOCRATIC,2582,6718,DEM
GP 2020,17TH DEMOCRATIC DELEGATE,G,5,26287,117,JEFFREY D.,BIDEN,DEPPE,CARROLL,DEMOCRATIC,584,6719,DEM
GP 2020,17TH DEMOCRATIC DELEGATE,G,5,26287,117,JEFFREY D.,BIDEN,DEPPE,STEPHENSON,DEMOCRATIC,2031,6720,DEM
GP 2020,17TH DEMOCRATIC DELEGATE,G,5,26287,117,JEFFREY D.,BIDEN,DEPPE,TAZEWELL,DEMOCRATIC,1810,6721,DEM
GP 2020,17TH DEMOCRATIC DELEGATE,G,5,26287,117,JEFFREY D.,BIDEN,DEPPE,KNOX,DEMOCRATIC,2006,6722,DEM
GP 2020,17TH DEMOCRATIC DELEGATE,G,5,26287,117,JEFFREY D.,BIDEN,DEPPE,WINNEBAGO,DEMOCRATIC,2959,6723,DEM
GP 2020,17TH DEMOCRATIC DELEGATE,G,5,26287,117,JEFFREY D.,BIDEN,DEPPE,MERCER,DEMOCRATIC,634,6724,DEM
GP 2020,17TH DEMOCRATIC DELEGATE,G,5,26287,117,JEFFREY D.,BIDEN,DEPPE,JoDAVIESS,DEMOCRATIC,1423,6725,DEM
GP 2020,17TH DEMOCRATIC DELEGATE,G,5,26287,117,JEFFREY D.,BIDEN,DEPPE,PEORIA,DEMOCRATIC,3678,6726,DEM
GP 2020,17TH DEMOCRATIC DELEGATE,G,5,26490,117,CHRISTINE,SANDERS,WINICK,WINNEBAGO,DEMOCRATIC,2414,6727,DEM
GP 2020,17TH DEMOCRATIC DELEGATE,G,5,26490,117,CHRISTINE,SANDERS,WINICK,MERCER,DEMOCRATIC,322,6728,DEM
GP 2020,17TH DEMOCRATIC DELEGATE,G,5,26490,117,CHRISTINE,SANDERS,WINICK,JoDAVIESS,DEMOCRATIC,542,6729,DEM
GP 2020,17TH DEMOCRATIC DELEGATE,G,5,26490,117,CHRISTINE,SANDERS,WINICK,PEORIA,DEMOCRATIC,2440,6730,DEM
GP 2020,17TH DEMOCRATIC DELEGATE,G,5,26490,117,CHRISTINE,SANDERS,WINICK,HENRY,DEMOCRATIC,904,6731,DEM
GP 2020,17TH DEMOCRATIC DELEGATE,G,5,26490,117,CHRISTINE,SANDERS,WINICK,HENDERSON,DEMOCRATIC,147,6732,DEM
GP 2020,17TH DEMOCRATIC DELEGATE,G,5,26490,117,CHRISTINE,SANDERS,WINICK,WARREN,DEMOCRATIC,289,6733,DEM
GP 2020,17TH DEMOCRATIC DELEGATE,G,5,26490,117,CHRISTINE,SANDERS,WINICK,ROCK ISLAND,DEMOCRATIC,4140,6734,DEM
GP 2020,17TH DEMOCRATIC DELEGATE,G,5,26490,117,CHRISTINE,SANDERS,WINICK,TAZEWELL,DEMOCRATIC,980,6735,DEM
GP 2020,17TH DEMOCRATIC DELEGATE,G,5,26490,117,CHRISTINE,SANDERS,WINICK,KNOX,DEMOCRATIC,1646,6736,DEM
GP 2020,17TH DEMOCRATIC DELEGATE,G,5,26490,117,CHRISTINE,SANDERS,WINICK,WHITESIDE,DEMOCRATIC,1294,6737,DEM
GP 2020,17TH DEMOCRATIC DELEGATE,G,5,26490,117,CHRISTINE,SANDERS,WINICK,CARROLL,DEMOCRATIC,251,6738,DEM
GP 2020,17TH DEMOCRATIC DELEGATE,G,5,26490,117,CHRISTINE,SANDERS,WINICK,STEPHENSON,DEMOCRATIC,961,6739,DEM
GP 2020,17TH DEMOCRATIC DELEGATE,G,5,26490,117,CHRISTINE,SANDERS,WINICK,FULTON,DEMOCRATIC,934,6740,DEM
GP 2020,17TH DEMOCRATIC DELEGATE,G,5,26495,117,DOUG,SANDERS,JOHNSON,WHITESIDE,DEMOCRATIC,1129,6741,DEM
GP 2020,17TH DEMOCRATIC DELEGATE,G,5,26495,117,DOUG,SANDERS,JOHNSON,CARROLL,DEMOCRATIC,224,6742,DEM
GP 2020,17TH DEMOCRATIC DELEGATE,G,5,26495,117,DOUG,SANDERS,JOHNSON,STEPHENSON,DEMOCRATIC,814,6743,DEM
GP 2020,17TH DEMOCRATIC DELEGATE,G,5,26495,117,DOUG,SANDERS,JOHNSON,FULTON,DEMOCRATIC,871,6744,DEM
GP 2020,17TH DEMOCRATIC DELEGATE,G,5,26495,117,DOUG,SANDERS,JOHNSON,HENRY,DEMOCRATIC,811,6745,DEM
GP 2020,17TH DEMOCRATIC DELEGATE,G,5,26495,117,DOUG,SANDERS,JOHNSON,HENDERSON,DEMOCRATIC,132,6746,DEM
GP 2020,17TH DEMOCRATIC DELEGATE,G,5,26495,117,DOUG,SANDERS,JOHNSON,JoDAVIESS,DEMOCRATIC,481,6747,DEM
GP 2020,17TH DEMOCRATIC DELEGATE,G,5,26495,117,DOUG,SANDERS,JOHNSON,PEORIA,DEMOCRATIC,2222,6748,DEM
GP 2020,17TH DEMOCRATIC DELEGATE,G,5,26495,117,DOUG,SANDERS,JOHNSON,WARREN,DEMOCRATIC,213,6749,DEM
GP 2020,17TH DEMOCRATIC DELEGATE,G,5,26495,117,DOUG,SANDERS,JOHNSON,ROCK ISLAND,DEMOCRATIC,3705,6750,DEM
GP 2020,17TH DEMOCRATIC DELEGATE,G,5,26495,117,DOUG,SANDERS,JOHNSON,TAZEWELL,DEMOCRATIC,882,6751,DEM
GP 2020,17TH DEMOCRATIC DELEGATE,G,5,26495,117,DOUG,SANDERS,JOHNSON,KNOX,DEMOCRATIC,1078,6752,DEM
GP 2020,17TH DEMOCRATIC DELEGATE,G,5,26495,117,DOUG,SANDERS,JOHNSON,WINNEBAGO,DEMOCRATIC,2196,6753,DEM
GP 2020,17TH DEMOCRATIC DELEGATE,G,5,26495,117,DOUG,SANDERS,JOHNSON,MERCER,DEMOCRATIC,265,6754,DEM
GP 2020,17TH DEMOCRATIC DELEGATE,G,5,26347,117,JENNIFER MARIE,YANG,ANDERSON,WHITESIDE,DEMOCRATIC,175,6755,DEM
GP 2020,17TH DEMOCRATIC DELEGATE,G,5,26347,117,JENNIFER MARIE,YANG,ANDERSON,CARROLL,DEMOCRATIC,47,6756,DEM
GP 2020,17TH DEMOCRATIC DELEGATE,G,5,26347,117,JENNIFER MARIE,YANG,ANDERSON,STEPHENSON,DEMOCRATIC,90,6757,DEM
GP 2020,17TH DEMOCRATIC DELEGATE,G,5,26347,117,JENNIFER MARIE,YANG,ANDERSON,FULTON,DEMOCRATIC,154,6758,DEM
GP 2020,17TH DEMOCRATIC DELEGATE,G,5,26347,117,JENNIFER MARIE,YANG,ANDERSON,HENRY,DEMOCRATIC,168,6759,DEM
GP 2020,17TH DEMOCRATIC DELEGATE,G,5,26347,117,JENNIFER MARIE,YANG,ANDERSON,HENDERSON,DEMOCRATIC,49,6760,DEM
GP 2020,17TH DEMOCRATIC DELEGATE,G,5,26347,117,JENNIFER MARIE,YANG,ANDERSON,JoDAVIESS,DEMOCRATIC,109,6761,DEM
GP 2020,17TH DEMOCRATIC DELEGATE,G,5,26347,117,JENNIFER MARIE,YANG,ANDERSON,PEORIA,DEMOCRATIC,364,6762,DEM
GP 2020,17TH DEMOCRATIC DELEGATE,G,5,26347,117,JENNIFER MARIE,YANG,ANDERSON,WARREN,DEMOCRATIC,33,6763,DEM
GP 2020,17TH DEMOCRATIC DELEGATE,G,5,26347,117,JENNIFER MARIE,YANG,ANDERSON,ROCK ISLAND,DEMOCRATIC,628,6764,DEM
GP 2020,17TH DEMOCRATIC DELEGATE,G,5,26347,117,JENNIFER MARIE,YANG,ANDERSON,TAZEWELL,DEMOCRATIC,100,6765,DEM
GP 2020,17TH DEMOCRATIC DELEGATE,G,5,26347,117,JENNIFER MARIE,YANG,ANDERSON,KNOX,DEMOCRATIC,220,6766,DEM
GP 2020,17TH DEMOCRATIC DELEGATE,G,5,26347,117,JENNIFER MARIE,YANG,ANDERSON,WINNEBAGO,DEMOCRATIC,282,6767,DEM
GP 2020,17TH DEMOCRATIC DELEGATE,G,5,26347,117,JENNIFER MARIE,YANG,ANDERSON,MERCER,DEMOCRATIC,68,6768,DEM
GP 2020,17TH DEMOCRATIC DELEGATE,G,5,26349,117,ANDREW,YANG,COOPER,JoDAVIESS,DEMOCRATIC,80,6769,DEM
GP 2020,17TH DEMOCRATIC DELEGATE,G,5,26349,117,ANDREW,YANG,COOPER,PEORIA,DEMOCRATIC,277,6770,DEM
GP 2020,17TH DEMOCRATIC DELEGATE,G,5,26349,117,ANDREW,YANG,COOPER,WARREN,DEMOCRATIC,17,6771,DEM
GP 2020,17TH DEMOCRATIC DELEGATE,G,5,26349,117,ANDREW,YANG,COOPER,ROCK ISLAND,DEMOCRATIC,565,6772,DEM
GP 2020,17TH DEMOCRATIC DELEGATE,G,5,26349,117,ANDREW,YANG,COOPER,TAZEWELL,DEMOCRATIC,82,6773,DEM
GP 2020,17TH DEMOCRATIC DELEGATE,G,5,26349,117,ANDREW,YANG,COOPER,KNOX,DEMOCRATIC,161,6774,DEM
GP 2020,17TH DEMOCRATIC DELEGATE,G,5,26349,117,ANDREW,YANG,COOPER,WINNEBAGO,DEMOCRATIC,221,6775,DEM
GP 2020,17TH DEMOCRATIC DELEGATE,G,5,26349,117,ANDREW,YANG,COOPER,MERCER,DEMOCRATIC,57,6776,DEM
GP 2020,17TH DEMOCRATIC DELEGATE,G,5,26349,117,ANDREW,YANG,COOPER,WHITESIDE,DEMOCRATIC,163,6777,DEM
GP 2020,17TH DEMOCRATIC DELEGATE,G,5,26349,117,ANDREW,YANG,COOPER,CARROLL,DEMOCRATIC,40,6778,DEM
GP 2020,17TH DEMOCRATIC DELEGATE,G,5,26349,117,ANDREW,YANG,COOPER,STEPHENSON,DEMOCRATIC,69,6779,DEM
GP 2020,17TH DEMOCRATIC DELEGATE,G,5,26349,117,ANDREW,YANG,COOPER,FULTON,DEMOCRATIC,127,6780,DEM
GP 2020,17TH DEMOCRATIC DELEGATE,G,5,26349,117,ANDREW,YANG,COOPER,HENRY,DEMOCRATIC,137,6781,DEM
GP 2020,17TH DEMOCRATIC DELEGATE,G,5,26349,117,ANDREW,YANG,COOPER,HENDERSON,DEMOCRATIC,32,6782,DEM
GP 2020,17TH DEMOCRATIC DELEGATE,G,5,26352,117,MICHAEL DEAN,YANG,"ANDERSON, SR.",WHITESIDE,DEMOCRATIC,99,6783,DEM
GP 2020,17TH DEMOCRATIC DELEGATE,G,5,26352,117,MICHAEL DEAN,YANG,"ANDERSON, SR.",CARROLL,DEMOCRATIC,28,6784,DEM
GP 2020,17TH DEMOCRATIC DELEGATE,G,5,26352,117,MICHAEL DEAN,YANG,"ANDERSON, SR.",STEPHENSON,DEMOCRATIC,49,6785,DEM
GP 2020,17TH DEMOCRATIC DELEGATE,G,5,26352,117,MICHAEL DEAN,YANG,"ANDERSON, SR.",FULTON,DEMOCRATIC,91,6786,DEM
GP 2020,17TH DEMOCRATIC DELEGATE,G,5,26352,117,MICHAEL DEAN,YANG,"ANDERSON, SR.",HENRY,DEMOCRATIC,95,6787,DEM
GP 2020,17TH DEMOCRATIC DELEGATE,G,5,26352,117,MICHAEL DEAN,YANG,"ANDERSON, SR.",HENDERSON,DEMOCRATIC,30,6788,DEM
GP 2020,17TH DEMOCRATIC DELEGATE,G,5,26352,117,MICHAEL DEAN,YANG,"ANDERSON, SR.",JoDAVIESS,DEMOCRATIC,52,6789,DEM
GP 2020,17TH DEMOCRATIC DELEGATE,G,5,26352,117,MICHAEL DEAN,YANG,"ANDERSON, SR.",PEORIA,DEMOCRATIC,228,6790,DEM
GP 2020,17TH DEMOCRATIC DELEGATE,G,5,26352,117,MICHAEL DEAN,YANG,"ANDERSON, SR.",WARREN,DEMOCRATIC,20,6791,DEM
GP 2020,17TH DEMOCRATIC DELEGATE,G,5,26352,117,MICHAEL DEAN,YANG,"ANDERSON, SR.",ROCK ISLAND,DEMOCRATIC,421,6792,DEM
GP 2020,17TH DEMOCRATIC DELEGATE,G,5,26352,117,MICHAEL DEAN,YANG,"ANDERSON, SR.",TAZEWELL,DEMOCRATIC,49,6793,DEM
GP 2020,17TH DEMOCRATIC DELEGATE,G,5,26352,117,MICHAEL DEAN,YANG,"ANDERSON, SR.",KNOX,DEMOCRATIC,119,6794,DEM
GP 2020,17TH DEMOCRATIC DELEGATE,G,5,26352,117,MICHAEL DEAN,YANG,"ANDERSON, SR.",WINNEBAGO,DEMOCRATIC,136,6795,DEM
GP 2020,17TH DEMOCRATIC DELEGATE,G,5,26352,117,MICHAEL DEAN,YANG,"ANDERSON, SR.",MERCER,DEMOCRATIC,40,6796,DEM
GP 2020,17TH DEMOCRATIC DELEGATE,G,5,26356,117,MIKAYLA DIANE,YANG,ANDERSON,WHITESIDE,DEMOCRATIC,106,6797,DEM
GP 2020,17TH DEMOCRATIC DELEGATE,G,5,26356,117,MIKAYLA DIANE,YANG,ANDERSON,CARROLL,DEMOCRATIC,28,6798,DEM
GP 2020,17TH DEMOCRATIC DELEGATE,G,5,26356,117,MIKAYLA DIANE,YANG,ANDERSON,STEPHENSON,DEMOCRATIC,63,6799,DEM
GP 2020,17TH DEMOCRATIC DELEGATE,G,5,26356,117,MIKAYLA DIANE,YANG,ANDERSON,FULTON,DEMOCRATIC,97,6800,DEM
GP 2020,17TH DEMOCRATIC DELEGATE,G,5,26356,117,MIKAYLA DIANE,YANG,ANDERSON,HENRY,DEMOCRATIC,135,6801,DEM
GP 2020,17TH DEMOCRATIC DELEGATE,G,5,26356,117,MIKAYLA DIANE,YANG,ANDERSON,HENDERSON,DEMOCRATIC,21,6802,DEM
GP 2020,17TH DEMOCRATIC DELEGATE,G,5,26356,117,MIKAYLA DIANE,YANG,ANDERSON,JoDAVIESS,DEMOCRATIC,64,6803,DEM
GP 2020,17TH DEMOCRATIC DELEGATE,G,5,26356,117,MIKAYLA DIANE,YANG,ANDERSON,PEORIA,DEMOCRATIC,239,6804,DEM
GP 2020,17TH DEMOCRATIC DELEGATE,G,5,26356,117,MIKAYLA DIANE,YANG,ANDERSON,WARREN,DEMOCRATIC,24,6805,DEM
GP 2020,17TH DEMOCRATIC DELEGATE,G,5,26356,117,MIKAYLA DIANE,YANG,ANDERSON,ROCK ISLAND,DEMOCRATIC,483,6806,DEM
GP 2020,17TH DEMOCRATIC DELEGATE,G,5,26356,117,MIKAYLA DIANE,YANG,ANDERSON,TAZEWELL,DEMOCRATIC,59,6807,DEM
GP 2020,17TH DEMOCRATIC DELEGATE,G,5,26356,117,MIKAYLA DIANE,YANG,ANDERSON,KNOX,DEMOCRATIC,110,6808,DEM
GP 2020,17TH DEMOCRATIC DELEGATE,G,5,26356,117,MIKAYLA DIANE,YANG,ANDERSON,WINNEBAGO,DEMOCRATIC,186,6809,DEM
GP 2020,17TH DEMOCRATIC DELEGATE,G,5,26356,117,MIKAYLA DIANE,YANG,ANDERSON,MERCER,DEMOCRATIC,29,6810,DEM
GP 2020,17TH DEMOCRATIC DELEGATE,G,5,26530,117,SANGEETHA,WARREN,RAYAPATI,WINNEBAGO,DEMOCRATIC,323,6811,DEM
GP 2020,17TH DEMOCRATIC DELEGATE,G,5,26530,117,SANGEETHA,WARREN,RAYAPATI,MERCER,DEMOCRATIC,34,6812,DEM
GP 2020,17TH DEMOCRATIC DELEGATE,G,5,26530,117,SANGEETHA,WARREN,RAYAPATI,JoDAVIESS,DEMOCRATIC,60,6813,DEM
GP 2020,17TH DEMOCRATIC DELEGATE,G,5,26530,117,SANGEETHA,WARREN,RAYAPATI,PEORIA,DEMOCRATIC,347,6814,DEM
GP 2020,17TH DEMOCRATIC DELEGATE,G,5,26530,117,SANGEETHA,WARREN,RAYAPATI,HENRY,DEMOCRATIC,63,6815,DEM
GP 2020,17TH DEMOCRATIC DELEGATE,G,5,26530,117,SANGEETHA,WARREN,RAYAPATI,HENDERSON,DEMOCRATIC,14,6816,DEM
GP 2020,17TH DEMOCRATIC DELEGATE,G,5,26530,117,SANGEETHA,WARREN,RAYAPATI,WARREN,DEMOCRATIC,39,6817,DEM
GP 2020,17TH DEMOCRATIC DELEGATE,G,5,26530,117,SANGEETHA,WARREN,RAYAPATI,ROCK ISLAND,DEMOCRATIC,646,6818,DEM
GP 2020,17TH DEMOCRATIC DELEGATE,G,5,26530,117,SANGEETHA,WARREN,RAYAPATI,TAZEWELL,DEMOCRATIC,104,6819,DEM
GP 2020,17TH DEMOCRATIC DELEGATE,G,5,26530,117,SANGEETHA,WARREN,RAYAPATI,KNOX,DEMOCRATIC,152,6820,DEM
GP 2020,17TH DEMOCRATIC DELEGATE,G,5,26530,117,SANGEETHA,WARREN,RAYAPATI,WHITESIDE,DEMOCRATIC,125,6821,DEM
GP 2020,17TH DEMOCRATIC DELEGATE,G,5,26530,117,SANGEETHA,WARREN,RAYAPATI,CARROLL,DEMOCRATIC,41,6822,DEM
GP 2020,17TH DEMOCRATIC DELEGATE,G,5,26530,117,SANGEETHA,WARREN,RAYAPATI,STEPHENSON,DEMOCRATIC,135,6823,DEM
GP 2020,17TH DEMOCRATIC DELEGATE,G,5,26530,117,SANGEETHA,WARREN,RAYAPATI,FULTON,DEMOCRATIC,110,6824,DEM
GP 2020,17TH DEMOCRATIC DELEGATE,G,5,26531,117,MICHAEL W.,WARREN,HALPIN,WHITESIDE,DEMOCRATIC,115,6825,DEM
GP 2020,17TH DEMOCRATIC DELEGATE,G,5,26531,117,MICHAEL W.,WARREN,HALPIN,CARROLL,DEMOCRATIC,29,6826,DEM
GP 2020,17TH DEMOCRATIC DELEGATE,G,5,26531,117,MICHAEL W.,WARREN,HALPIN,STEPHENSON,DEMOCRATIC,111,6827,DEM
GP 2020,17TH DEMOCRATIC DELEGATE,G,5,26531,117,MICHAEL W.,WARREN,HALPIN,FULTON,DEMOCRATIC,118,6828,DEM
GP 2020,17TH DEMOCRATIC DELEGATE,G,5,26531,117,MICHAEL W.,WARREN,HALPIN,HENRY,DEMOCRATIC,78,6829,DEM
GP 2020,17TH DEMOCRATIC DELEGATE,G,5,26531,117,MICHAEL W.,WARREN,HALPIN,HENDERSON,DEMOCRATIC,14,6830,DEM
GP 2020,17TH DEMOCRATIC DELEGATE,G,5,26531,117,MICHAEL W.,WARREN,HALPIN,JoDAVIESS,DEMOCRATIC,61,6831,DEM
GP 2020,17TH DEMOCRATIC DELEGATE,G,5,26531,117,MICHAEL W.,WARREN,HALPIN,PEORIA,DEMOCRATIC,296,6832,DEM
GP 2020,17TH DEMOCRATIC DELEGATE,G,5,26531,117,MICHAEL W.,WARREN,HALPIN,WARREN,DEMOCRATIC,43,6833,DEM
GP 2020,17TH DEMOCRATIC DELEGATE,G,5,26531,117,MICHAEL W.,WARREN,HALPIN,ROCK ISLAND,DEMOCRATIC,1183,6834,DEM
GP 2020,17TH DEMOCRATIC DELEGATE,G,5,26531,117,MICHAEL W.,WARREN,HALPIN,TAZEWELL,DEMOCRATIC,80,6835,DEM
GP 2020,17TH DEMOCRATIC DELEGATE,G,5,26531,117,MICHAEL W.,WARREN,HALPIN,KNOX,DEMOCRATIC,132,6836,DEM
GP 2020,17TH DEMOCRATIC DELEGATE,G,5,26531,117,MICHAEL W.,WARREN,HALPIN,WINNEBAGO,DEMOCRATIC,258,6837,DEM
GP 2020,17TH DEMOCRATIC DELEGATE,G,5,26531,117,MICHAEL W.,WARREN,HALPIN,MERCER,DEMOCRATIC,50,6838,DEM
GP 2020,17TH DEMOCRATIC DELEGATE,G,5,26532,117,SUE ANN,WARREN,KORTKAMP,WHITESIDE,DEMOCRATIC,155,6839,DEM
GP 2020,17TH DEMOCRATIC DELEGATE,G,5,26532,117,SUE ANN,WARREN,KORTKAMP,CARROLL,DEMOCRATIC,45,6840,DEM
GP 2020,17TH DEMOCRATIC DELEGATE,G,5,26532,117,SUE ANN,WARREN,KORTKAMP,STEPHENSON,DEMOCRATIC,180,6841,DEM
GP 2020,17TH DEMOCRATIC DELEGATE,G,5,26532,117,SUE ANN,WARREN,KORTKAMP,FULTON,DEMOCRATIC,127,6842,DEM
GP 2020,17TH DEMOCRATIC DELEGATE,G,5,26532,117,SUE ANN,WARREN,KORTKAMP,WINNEBAGO,DEMOCRATIC,523,6843,DEM
GP 2020,17TH DEMOCRATIC DELEGATE,G,5,26532,117,SUE ANN,WARREN,KORTKAMP,MERCER,DEMOCRATIC,38,6844,DEM
GP 2020,17TH DEMOCRATIC DELEGATE,G,5,26532,117,SUE ANN,WARREN,KORTKAMP,JoDAVIESS,DEMOCRATIC,82,6845,DEM
GP 2020,17TH DEMOCRATIC DELEGATE,G,5,26532,117,SUE ANN,WARREN,KORTKAMP,PEORIA,DEMOCRATIC,365,6846,DEM
GP 2020,17TH DEMOCRATIC DELEGATE,G,5,26532,117,SUE ANN,WARREN,KORTKAMP,HENRY,DEMOCRATIC,81,6847,DEM
GP 2020,17TH DEMOCRATIC DELEGATE,G,5,26532,117,SUE ANN,WARREN,KORTKAMP,HENDERSON,DEMOCRATIC,22,6848,DEM
GP 2020,17TH DEMOCRATIC DELEGATE,G,5,26532,117,SUE ANN,WARREN,KORTKAMP,WARREN,DEMOCRATIC,55,6849,DEM
GP 2020,17TH DEMOCRATIC DELEGATE,G,5,26532,117,SUE ANN,WARREN,KORTKAMP,ROCK ISLAND,DEMOCRATIC,504,6850,DEM
GP 2020,17TH DEMOCRATIC DELEGATE,G,5,26532,117,SUE ANN,WARREN,KORTKAMP,TAZEWELL,DEMOCRATIC,282,6851,DEM
GP 2020,17TH DEMOCRATIC DELEGATE,G,5,26532,117,SUE ANN,WARREN,KORTKAMP,KNOX,DEMOCRATIC,180,6852,DEM
GP 2020,17TH DEMOCRATIC DELEGATE,G,5,26533,117,GREGG C.,WARREN,JOHNSON,JoDAVIESS,DEMOCRATIC,60,6853,DEM
GP 2020,17TH DEMOCRATIC DELEGATE,G,5,26533,117,GREGG C.,WARREN,JOHNSON,PEORIA,DEMOCRATIC,320,6854,DEM
GP 2020,17TH DEMOCRATIC DELEGATE,G,5,26533,117,GREGG C.,WARREN,JOHNSON,WARREN,DEMOCRATIC,32,6855,DEM
GP 2020,17TH DEMOCRATIC DELEGATE,G,5,26533,117,GREGG C.,WARREN,JOHNSON,ROCK ISLAND,DEMOCRATIC,563,6856,DEM
GP 2020,17TH DEMOCRATIC DELEGATE,G,5,26533,117,GREGG C.,WARREN,JOHNSON,TAZEWELL,DEMOCRATIC,80,6857,DEM
GP 2020,17TH DEMOCRATIC DELEGATE,G,5,26533,117,GREGG C.,WARREN,JOHNSON,KNOX,DEMOCRATIC,135,6858,DEM
GP 2020,17TH DEMOCRATIC DELEGATE,G,5,26533,117,GREGG C.,WARREN,JOHNSON,WINNEBAGO,DEMOCRATIC,459,6859,DEM
GP 2020,17TH DEMOCRATIC DELEGATE,G,5,26533,117,GREGG C.,WARREN,JOHNSON,MERCER,DEMOCRATIC,30,6860,DEM
GP 2020,17TH DEMOCRATIC DELEGATE,G,5,26533,117,GREGG C.,WARREN,JOHNSON,WHITESIDE,DEMOCRATIC,109,6861,DEM
GP 2020,17TH DEMOCRATIC DELEGATE,G,5,26533,117,GREGG C.,WARREN,JOHNSON,CARROLL,DEMOCRATIC,29,6862,DEM
GP 2020,17TH DEMOCRATIC DELEGATE,G,5,26533,117,GREGG C.,WARREN,JOHNSON,STEPHENSON,DEMOCRATIC,91,6863,DEM
GP 2020,17TH DEMOCRATIC DELEGATE,G,5,26533,117,GREGG C.,WARREN,JOHNSON,FULTON,DEMOCRATIC,100,6864,DEM
GP 2020,17TH DEMOCRATIC DELEGATE,G,5,26533,117,GREGG C.,WARREN,JOHNSON,HENRY,DEMOCRATIC,67,6865,DEM
GP 2020,17TH DEMOCRATIC DELEGATE,G,5,26533,117,GREGG C.,WARREN,JOHNSON,HENDERSON,DEMOCRATIC,17,6866,DEM
GP 2020,17TH DEMOCRATIC DELEGATE,G,5,26534,117,KIMBERLY S.,WARREN,THRUSH,WHITESIDE,DEMOCRATIC,140,6867,DEM
GP 2020,17TH DEMOCRATIC DELEGATE,G,5,26534,117,KIMBERLY S.,WARREN,THRUSH,CARROLL,DEMOCRATIC,44,6868,DEM
GP 2020,17TH DEMOCRATIC DELEGATE,G,5,26534,117,KIMBERLY S.,WARREN,THRUSH,STEPHENSON,DEMOCRATIC,169,6869,DEM
GP 2020,17TH DEMOCRATIC DELEGATE,G,5,26534,117,KIMBERLY S.,WARREN,THRUSH,KNOX,DEMOCRATIC,165,6870,DEM
GP 2020,17TH DEMOCRATIC DELEGATE,G,5,26534,117,KIMBERLY S.,WARREN,THRUSH,WINNEBAGO,DEMOCRATIC,487,6871,DEM
GP 2020,17TH DEMOCRATIC DELEGATE,G,5,26534,117,KIMBERLY S.,WARREN,THRUSH,MERCER,DEMOCRATIC,35,6872,DEM
GP 2020,17TH DEMOCRATIC DELEGATE,G,5,26534,117,KIMBERLY S.,WARREN,THRUSH,JoDAVIESS,DEMOCRATIC,81,6873,DEM
GP 2020,17TH DEMOCRATIC DELEGATE,G,5,26534,117,KIMBERLY S.,WARREN,THRUSH,PEORIA,DEMOCRATIC,359,6874,DEM
GP 2020,17TH DEMOCRATIC DELEGATE,G,5,26534,117,KIMBERLY S.,WARREN,THRUSH,FULTON,DEMOCRATIC,132,6875,DEM
GP 2020,17TH DEMOCRATIC DELEGATE,G,5,26534,117,KIMBERLY S.,WARREN,THRUSH,HENRY,DEMOCRATIC,82,6876,DEM
GP 2020,17TH DEMOCRATIC DELEGATE,G,5,26534,117,KIMBERLY S.,WARREN,THRUSH,HENDERSON,DEMOCRATIC,21,6877,DEM
GP 2020,17TH DEMOCRATIC DELEGATE,G,5,26534,117,KIMBERLY S.,WARREN,THRUSH,WARREN,DEMOCRATIC,52,6878,DEM
GP 2020,17TH DEMOCRATIC DELEGATE,G,5,26534,117,KIMBERLY S.,WARREN,THRUSH,ROCK ISLAND,DEMOCRATIC,477,6879,DEM
GP 2020,17TH DEMOCRATIC DELEGATE,G,5,26534,117,KIMBERLY S.,WARREN,THRUSH,TAZEWELL,DEMOCRATIC,113,6880,DEM
GP 2020,17TH DEMOCRATIC DELEGATE,G,5,26491,117,GEORGIA,SANDERS,DREYER,WHITESIDE,DEMOCRATIC,1158,6881,DEM
GP 2020,17TH DEMOCRATIC DELEGATE,G,5,26491,117,GEORGIA,SANDERS,DREYER,CARROLL,DEMOCRATIC,237,6882,DEM
GP 2020,17TH DEMOCRATIC DELEGATE,G,5,26491,117,GEORGIA,SANDERS,DREYER,STEPHENSON,DEMOCRATIC,862,6883,DEM
GP 2020,17TH DEMOCRATIC DELEGATE,G,5,26491,117,GEORGIA,SANDERS,DREYER,FULTON,DEMOCRATIC,880,6884,DEM
GP 2020,17TH DEMOCRATIC DELEGATE,G,5,26491,117,GEORGIA,SANDERS,DREYER,HENRY,DEMOCRATIC,818,6885,DEM
GP 2020,17TH DEMOCRATIC DELEGATE,G,5,26491,117,GEORGIA,SANDERS,DREYER,MERCER,DEMOCRATIC,252,6886,DEM
GP 2020,17TH DEMOCRATIC DELEGATE,G,5,26491,117,GEORGIA,SANDERS,DREYER,JoDAVIESS,DEMOCRATIC,499,6887,DEM
GP 2020,17TH DEMOCRATIC DELEGATE,G,5,26491,117,GEORGIA,SANDERS,DREYER,PEORIA,DEMOCRATIC,2286,6888,DEM
GP 2020,17TH DEMOCRATIC DELEGATE,G,5,26491,117,GEORGIA,SANDERS,DREYER,HENDERSON,DEMOCRATIC,125,6889,DEM
GP 2020,17TH DEMOCRATIC DELEGATE,G,5,26491,117,GEORGIA,SANDERS,DREYER,WARREN,DEMOCRATIC,236,6890,DEM
GP 2020,17TH DEMOCRATIC DELEGATE,G,5,26491,117,GEORGIA,SANDERS,DREYER,ROCK ISLAND,DEMOCRATIC,3703,6891,DEM
GP 2020,17TH DEMOCRATIC DELEGATE,G,5,26491,117,GEORGIA,SANDERS,DREYER,TAZEWELL,DEMOCRATIC,893,6892,DEM
GP 2020,17TH DEMOCRATIC DELEGATE,G,5,26491,117,GEORGIA,SANDERS,DREYER,KNOX,DEMOCRATIC,1078,6893,DEM
GP 2020,17TH DEMOCRATIC DELEGATE,G,5,26491,117,GEORGIA,SANDERS,DREYER,WINNEBAGO,DEMOCRATIC,2195,6894,DEM
GP 2020,17TH REPUBLICAN DELEGATE,G,3,26272,117,ANDREW,TRUMP,CHESNEY,WHITESIDE,REPUBLICAN,2180,6895,REP
GP 2020,17TH REPUBLICAN DELEGATE,G,3,26272,117,ANDREW,TRUMP,CHESNEY,CARROLL,REPUBLICAN,1069,6896,REP
GP 2020,17TH REPUBLICAN DELEGATE,G,3,26272,117,ANDREW,TRUMP,CHESNEY,STEPHENSON,REPUBLICAN,2597,6897,REP
GP 2020,17TH REPUBLICAN DELEGATE,G,3,26272,117,ANDREW,TRUMP,CHESNEY,FULTON,REPUBLICAN,1398,6898,REP
GP 2020,17TH REPUBLICAN DELEGATE,G,3,26272,117,ANDREW,TRUMP,CHESNEY,HENRY,REPUBLICAN,2153,6899,REP
GP 2020,17TH REPUBLICAN DELEGATE,G,3,26272,117,ANDREW,TRUMP,CHESNEY,HENDERSON,REPUBLICAN,441,6900,REP
GP 2020,17TH REPUBLICAN DELEGATE,G,3,26272,117,ANDREW,TRUMP,CHESNEY,JoDAVIESS,REPUBLICAN,1796,6901,REP
GP 2020,17TH REPUBLICAN DELEGATE,G,3,26272,117,ANDREW,TRUMP,CHESNEY,PEORIA,REPUBLICAN,1264,6902,REP
GP 2020,17TH REPUBLICAN DELEGATE,G,3,26272,117,ANDREW,TRUMP,CHESNEY,WARREN,REPUBLICAN,1230,6903,REP
GP 2020,17TH REPUBLICAN DELEGATE,G,3,26272,117,ANDREW,TRUMP,CHESNEY,ROCK ISLAND,REPUBLICAN,3886,6904,REP
GP 2020,17TH REPUBLICAN DELEGATE,G,3,26272,117,ANDREW,TRUMP,CHESNEY,TAZEWELL,REPUBLICAN,1770,6905,REP
GP 2020,17TH REPUBLICAN DELEGATE,G,3,26272,117,ANDREW,TRUMP,CHESNEY,KNOX,REPUBLICAN,2090,6906,REP
GP 2020,17TH REPUBLICAN DELEGATE,G,3,26272,117,ANDREW,TRUMP,CHESNEY,WINNEBAGO,REPUBLICAN,2447,6907,REP
GP 2020,17TH REPUBLICAN DELEGATE,G,3,26272,117,ANDREW,TRUMP,CHESNEY,MERCER,REPUBLICAN,902,6908,REP
GP 2020,17TH REPUBLICAN DELEGATE,G,3,26273,117,JAN,TRUMP,WEBER,WHITESIDE,REPUBLICAN,1987,6909,REP
GP 2020,17TH REPUBLICAN DELEGATE,G,3,26273,117,JAN,TRUMP,WEBER,CARROLL,REPUBLICAN,705,6910,REP
GP 2020,17TH REPUBLICAN DELEGATE,G,3,26273,117,JAN,TRUMP,WEBER,STEPHENSON,REPUBLICAN,1553,6911,REP
GP 2020,17TH REPUBLICAN DELEGATE,G,3,26273,117,JAN,TRUMP,WEBER,FULTON,REPUBLICAN,1239,6912,REP
GP 2020,17TH REPUBLICAN DELEGATE,G,3,26273,117,JAN,TRUMP,WEBER,HENRY,REPUBLICAN,2338,6913,REP
GP 2020,17TH REPUBLICAN DELEGATE,G,3,26273,117,JAN,TRUMP,WEBER,HENDERSON,REPUBLICAN,406,6914,REP
GP 2020,17TH REPUBLICAN DELEGATE,G,3,26273,117,JAN,TRUMP,WEBER,JoDAVIESS,REPUBLICAN,1072,6915,REP
GP 2020,17TH REPUBLICAN DELEGATE,G,3,26273,117,JAN,TRUMP,WEBER,PEORIA,REPUBLICAN,1112,6916,REP
GP 2020,17TH REPUBLICAN DELEGATE,G,3,26273,117,JAN,TRUMP,WEBER,WARREN,REPUBLICAN,1089,6917,REP
GP 2020,17TH REPUBLICAN DELEGATE,G,3,26273,117,JAN,TRUMP,WEBER,ROCK ISLAND,REPUBLICAN,3390,6918,REP
GP 2020,17TH REPUBLICAN DELEGATE,G,3,26273,117,JAN,TRUMP,WEBER,TAZEWELL,REPUBLICAN,1575,6919,REP
GP 2020,17TH REPUBLICAN DELEGATE,G,3,26273,117,JAN,TRUMP,WEBER,KNOX,REPUBLICAN,1767,6920,REP
GP 2020,17TH REPUBLICAN DELEGATE,G,3,26273,117,JAN,TRUMP,WEBER,WINNEBAGO,REPUBLICAN,1915,6921,REP
GP 2020,17TH REPUBLICAN DELEGATE,G,3,26273,117,JAN,TRUMP,WEBER,MERCER,REPUBLICAN,752,6922,REP
GP 2020,17TH REPUBLICAN DELEGATE,G,3,26275,117,COLBY,TRUMP,HATHAWAY,WHITESIDE,REPUBLICAN,1821,6923,REP
GP 2020,17TH REPUBLICAN DELEGATE,G,3,26275,117,COLBY,TRUMP,HATHAWAY,CARROLL,REPUBLICAN,668,6924,REP
GP 2020,17TH REPUBLICAN DELEGATE,G,3,26275,117,COLBY,TRUMP,HATHAWAY,STEPHENSON,REPUBLICAN,1411,6925,REP
GP 2020,17TH REPUBLICAN DELEGATE,G,3,26275,117,COLBY,TRUMP,HATHAWAY,FULTON,REPUBLICAN,1161,6926,REP
GP 2020,17TH REPUBLICAN DELEGATE,G,3,26275,117,COLBY,TRUMP,HATHAWAY,HENRY,REPUBLICAN,1968,6927,REP
GP 2020,17TH REPUBLICAN DELEGATE,G,3,26275,117,COLBY,TRUMP,HATHAWAY,HENDERSON,REPUBLICAN,439,6928,REP
GP 2020,17TH REPUBLICAN DELEGATE,G,3,26275,117,COLBY,TRUMP,HATHAWAY,JoDAVIESS,REPUBLICAN,973,6929,REP
GP 2020,17TH REPUBLICAN DELEGATE,G,3,26275,117,COLBY,TRUMP,HATHAWAY,PEORIA,REPUBLICAN,954,6930,REP
GP 2020,17TH REPUBLICAN DELEGATE,G,3,26275,117,COLBY,TRUMP,HATHAWAY,WARREN,REPUBLICAN,1030,6931,REP
GP 2020,17TH REPUBLICAN DELEGATE,G,3,26275,117,COLBY,TRUMP,HATHAWAY,ROCK ISLAND,REPUBLICAN,2997,6932,REP
GP 2020,17TH REPUBLICAN DELEGATE,G,3,26275,117,COLBY,TRUMP,HATHAWAY,TAZEWELL,REPUBLICAN,1450,6933,REP
GP 2020,17TH REPUBLICAN DELEGATE,G,3,26275,117,COLBY,TRUMP,HATHAWAY,KNOX,REPUBLICAN,1606,6934,REP
GP 2020,17TH REPUBLICAN DELEGATE,G,3,26275,117,COLBY,TRUMP,HATHAWAY,WINNEBAGO,REPUBLICAN,1664,6935,REP
GP 2020,17TH REPUBLICAN DELEGATE,G,3,26275,117,COLBY,TRUMP,HATHAWAY,MERCER,REPUBLICAN,645,6936,REP
GP 2020,17TH REPUBLICAN ALTERNATE DELEGATE,G,3,26277,217,DAN,TRUMP,SWANSON,WHITESIDE,REPUBLICAN,2093,6937,REP
GP 2020,17TH REPUBLICAN ALTERNATE DELEGATE,G,3,26277,217,DAN,TRUMP,SWANSON,PEORIA,REPUBLICAN,1192,6938,REP
GP 2020,17TH REPUBLICAN ALTERNATE DELEGATE,G,3,26277,217,DAN,TRUMP,SWANSON,ROCK ISLAND,REPUBLICAN,3645,6939,REP
GP 2020,17TH REPUBLICAN ALTERNATE DELEGATE,G,3,26277,217,DAN,TRUMP,SWANSON,TAZEWELL,REPUBLICAN,1625,6940,REP
GP 2020,17TH REPUBLICAN ALTERNATE DELEGATE,G,3,26277,217,DAN,TRUMP,SWANSON,KNOX,REPUBLICAN,2338,6941,REP
GP 2020,17TH REPUBLICAN ALTERNATE DELEGATE,G,3,26277,217,DAN,TRUMP,SWANSON,WINNEBAGO,REPUBLICAN,2213,6942,REP
GP 2020,17TH REPUBLICAN ALTERNATE DELEGATE,G,3,26277,217,DAN,TRUMP,SWANSON,MERCER,REPUBLICAN,1145,6943,REP
GP 2020,17TH REPUBLICAN ALTERNATE DELEGATE,G,3,26277,217,DAN,TRUMP,SWANSON,JoDAVIESS,REPUBLICAN,1382,6944,REP
GP 2020,17TH REPUBLICAN ALTERNATE DELEGATE,G,3,26277,217,DAN,TRUMP,SWANSON,CARROLL,REPUBLICAN,897,6945,REP
GP 2020,17TH REPUBLICAN ALTERNATE DELEGATE,G,3,26277,217,DAN,TRUMP,SWANSON,STEPHENSON,REPUBLICAN,2061,6946,REP
GP 2020,17TH REPUBLICAN ALTERNATE DELEGATE,G,3,26277,217,DAN,TRUMP,SWANSON,FULTON,REPUBLICAN,1316,6947,REP
GP 2020,17TH REPUBLICAN ALTERNATE DELEGATE,G,3,26277,217,DAN,TRUMP,SWANSON,HENRY,REPUBLICAN,2616,6948,REP
GP 2020,17TH REPUBLICAN ALTERNATE DELEGATE,G,3,26277,217,DAN,TRUMP,SWANSON,HENDERSON,REPUBLICAN,458,6949,REP
GP 2020,17TH REPUBLICAN ALTERNATE DELEGATE,G,3,26277,217,DAN,TRUMP,SWANSON,WARREN,REPUBLICAN,1219,6950,REP
GP 2020,17TH REPUBLICAN ALTERNATE DELEGATE,G,3,26281,217,SHARON,TRUMP,DIEKMAN,JoDAVIESS,REPUBLICAN,1221,6951,REP
GP 2020,17TH REPUBLICAN ALTERNATE DELEGATE,G,3,26281,217,SHARON,TRUMP,DIEKMAN,PEORIA,REPUBLICAN,1031,6952,REP
GP 2020,17TH REPUBLICAN ALTERNATE DELEGATE,G,3,26281,217,SHARON,TRUMP,DIEKMAN,WARREN,REPUBLICAN,1022,6953,REP
GP 2020,17TH REPUBLICAN ALTERNATE DELEGATE,G,3,26281,217,SHARON,TRUMP,DIEKMAN,ROCK ISLAND,REPUBLICAN,3324,6954,REP
GP 2020,17TH REPUBLICAN ALTERNATE DELEGATE,G,3,26281,217,SHARON,TRUMP,DIEKMAN,TAZEWELL,REPUBLICAN,1470,6955,REP
GP 2020,17TH REPUBLICAN ALTERNATE DELEGATE,G,3,26281,217,SHARON,TRUMP,DIEKMAN,KNOX,REPUBLICAN,1467,6956,REP
GP 2020,17TH REPUBLICAN ALTERNATE DELEGATE,G,3,26281,217,SHARON,TRUMP,DIEKMAN,WINNEBAGO,REPUBLICAN,1807,6957,REP
GP 2020,17TH REPUBLICAN ALTERNATE DELEGATE,G,3,26281,217,SHARON,TRUMP,DIEKMAN,MERCER,REPUBLICAN,564,6958,REP
GP 2020,17TH REPUBLICAN ALTERNATE DELEGATE,G,3,26281,217,SHARON,TRUMP,DIEKMAN,WHITESIDE,REPUBLICAN,1926,6959,REP
GP 2020,17TH REPUBLICAN ALTERNATE DELEGATE,G,3,26281,217,SHARON,TRUMP,DIEKMAN,CARROLL,REPUBLICAN,743,6960,REP
GP 2020,17TH REPUBLICAN ALTERNATE DELEGATE,G,3,26281,217,SHARON,TRUMP,DIEKMAN,STEPHENSON,REPUBLICAN,1665,6961,REP
GP 2020,17TH REPUBLICAN ALTERNATE DELEGATE,G,3,26281,217,SHARON,TRUMP,DIEKMAN,FULTON,REPUBLICAN,1181,6962,REP
GP 2020,17TH REPUBLICAN ALTERNATE DELEGATE,G,3,26281,217,SHARON,TRUMP,DIEKMAN,HENRY,REPUBLICAN,1813,6963,REP
GP 2020,17TH REPUBLICAN ALTERNATE DELEGATE,G,3,26281,217,SHARON,TRUMP,DIEKMAN,HENDERSON,REPUBLICAN,390,6964,REP
GP 2020,17TH REPUBLICAN ALTERNATE DELEGATE,G,3,26285,217,JOHN,TRUMP,ADKINS,WHITESIDE,REPUBLICAN,1837,6965,REP
GP 2020,17TH REPUBLICAN ALTERNATE DELEGATE,G,3,26285,217,JOHN,TRUMP,ADKINS,CARROLL,REPUBLICAN,731,6966,REP
GP 2020,17TH REPUBLICAN ALTERNATE DELEGATE,G,3,26285,217,JOHN,TRUMP,ADKINS,STEPHENSON,REPUBLICAN,1577,6967,REP
GP 2020,17TH REPUBLICAN ALTERNATE DELEGATE,G,3,26285,217,JOHN,TRUMP,ADKINS,FULTON,REPUBLICAN,1183,6968,REP
GP 2020,17TH REPUBLICAN ALTERNATE DELEGATE,G,3,26285,217,JOHN,TRUMP,ADKINS,HENRY,REPUBLICAN,1779,6969,REP
GP 2020,17TH REPUBLICAN ALTERNATE DELEGATE,G,3,26285,217,JOHN,TRUMP,ADKINS,MERCER,REPUBLICAN,533,6970,REP
GP 2020,17TH REPUBLICAN ALTERNATE DELEGATE,G,3,26285,217,JOHN,TRUMP,ADKINS,JoDAVIESS,REPUBLICAN,1103,6971,REP
GP 2020,17TH REPUBLICAN ALTERNATE DELEGATE,G,3,26285,217,JOHN,TRUMP,ADKINS,PEORIA,REPUBLICAN,992,6972,REP
GP 2020,17TH REPUBLICAN ALTERNATE DELEGATE,G,3,26285,217,JOHN,TRUMP,ADKINS,HENDERSON,REPUBLICAN,397,6973,REP
GP 2020,17TH REPUBLICAN ALTERNATE DELEGATE,G,3,26285,217,JOHN,TRUMP,ADKINS,WARREN,REPUBLICAN,981,6974,REP
GP 2020,17TH REPUBLICAN ALTERNATE DELEGATE,G,3,26285,217,JOHN,TRUMP,ADKINS,ROCK ISLAND,REPUBLICAN,2970,6975,REP
GP 2020,17TH REPUBLICAN ALTERNATE DELEGATE,G,3,26285,217,JOHN,TRUMP,ADKINS,TAZEWELL,REPUBLICAN,1558,6976,REP
GP 2020,17TH REPUBLICAN ALTERNATE DELEGATE,G,3,26285,217,JOHN,TRUMP,ADKINS,KNOX,REPUBLICAN,1406,6977,REP
GP 2020,17TH REPUBLICAN ALTERNATE DELEGATE,G,3,26285,217,JOHN,TRUMP,ADKINS,WINNEBAGO,REPUBLICAN,1761,6978,REP
GP 2020,COOK - 14TH SUBCIRCUIT- BERTUCCI VACANCY,LC,1,25970,1405,STEVE,,DEMITRO,COOK,DEMOCRATIC,8817,6979,DEM
GP 2020,COOK - 14TH SUBCIRCUIT- BERTUCCI VACANCY,LC,1,25533,1405,GERARDO,,"TRISTAN, JR.",COOK,DEMOCRATIC,24153,6980,DEM
GP 2020,18TH DEMOCRATIC DELEGATE,G,4,26486,118,ERIN C.,SANDERS,BROWN,MORGAN,DEMOCRATIC,400,6981,DEM
GP 2020,18TH DEMOCRATIC DELEGATE,G,4,26486,118,ERIN C.,SANDERS,BROWN,McDONOUGH,DEMOCRATIC,516,6982,DEM
GP 2020,18TH DEMOCRATIC DELEGATE,G,4,26486,118,ERIN C.,SANDERS,BROWN,MASON,DEMOCRATIC,213,6983,DEM
GP 2020,18TH DEMOCRATIC DELEGATE,G,4,26486,118,ERIN C.,SANDERS,BROWN,CASS,DEMOCRATIC,148,6984,DEM
GP 2020,18TH DEMOCRATIC DELEGATE,G,4,26486,118,ERIN C.,SANDERS,BROWN,BROWN,DEMOCRATIC,26,6985,DEM
GP 2020,18TH DEMOCRATIC DELEGATE,G,4,26486,118,ERIN C.,SANDERS,BROWN,PIKE,DEMOCRATIC,115,6986,DEM
GP 2020,18TH DEMOCRATIC DELEGATE,G,4,26486,118,ERIN C.,SANDERS,BROWN,PEORIA,DEMOCRATIC,2694,6987,DEM
GP 2020,18TH DEMOCRATIC DELEGATE,G,4,26486,118,ERIN C.,SANDERS,BROWN,SANGAMON,DEMOCRATIC,1826,6988,DEM
GP 2020,18TH DEMOCRATIC DELEGATE,G,4,26486,118,ERIN C.,SANDERS,BROWN,SCOTT,DEMOCRATIC,50,6989,DEM
GP 2020,18TH DEMOCRATIC DELEGATE,G,4,26486,118,ERIN C.,SANDERS,BROWN,TAZEWELL,DEMOCRATIC,1732,6990,DEM
GP 2020,18TH DEMOCRATIC DELEGATE,G,4,26486,118,ERIN C.,SANDERS,BROWN,McLEAN,DEMOCRATIC,3367,6991,DEM
GP 2020,18TH DEMOCRATIC DELEGATE,G,4,26486,118,ERIN C.,SANDERS,BROWN,HANCOCK,DEMOCRATIC,232,6992,DEM
GP 2020,18TH DEMOCRATIC DELEGATE,G,4,26486,118,ERIN C.,SANDERS,BROWN,SCHUYLER,DEMOCRATIC,88,6993,DEM
GP 2020,18TH DEMOCRATIC DELEGATE,G,4,26486,118,ERIN C.,SANDERS,BROWN,LOGAN,DEMOCRATIC,380,6994,DEM
GP 2020,18TH DEMOCRATIC DELEGATE,G,4,26486,118,ERIN C.,SANDERS,BROWN,ADAMS,DEMOCRATIC,732,6995,DEM
GP 2020,18TH DEMOCRATIC DELEGATE,G,4,26486,118,ERIN C.,SANDERS,BROWN,MENARD,DEMOCRATIC,165,6996,DEM
GP 2020,18TH DEMOCRATIC DELEGATE,G,4,26486,118,ERIN C.,SANDERS,BROWN,STARK,DEMOCRATIC,65,6997,DEM
GP 2020,18TH DEMOCRATIC DELEGATE,G,4,26486,118,ERIN C.,SANDERS,BROWN,MARSHALL,DEMOCRATIC,159,6998,DEM
GP 2020,18TH DEMOCRATIC DELEGATE,G,4,26486,118,ERIN C.,SANDERS,BROWN,WOODFORD,DEMOCRATIC,602,6999,DEM
GP 2020,18TH DEMOCRATIC DELEGATE,G,4,26487,118,KELSEY,SANDERS,HARMS,MORGAN,DEMOCRATIC,425,7000,DEM
GP 2020,18TH DEMOCRATIC DELEGATE,G,4,26487,118,KELSEY,SANDERS,HARMS,McDONOUGH,DEMOCRATIC,531,7001,DEM
GP 2020,18TH DEMOCRATIC DELEGATE,G,4,26487,118,KELSEY,SANDERS,HARMS,MASON,DEMOCRATIC,220,7002,DEM
GP 2020,18TH DEMOCRATIC DELEGATE,G,4,26487,118,KELSEY,SANDERS,HARMS,CASS,DEMOCRATIC,151,7003,DEM
GP 2020,18TH DEMOCRATIC DELEGATE,G,4,26487,118,KELSEY,SANDERS,HARMS,LOGAN,DEMOCRATIC,296,7004,DEM
GP 2020,18TH DEMOCRATIC DELEGATE,G,4,26487,118,KELSEY,SANDERS,HARMS,PIKE,DEMOCRATIC,108,7005,DEM
GP 2020,18TH DEMOCRATIC DELEGATE,G,4,26487,118,KELSEY,SANDERS,HARMS,PEORIA,DEMOCRATIC,2678,7006,DEM
GP 2020,18TH DEMOCRATIC DELEGATE,G,4,26487,118,KELSEY,SANDERS,HARMS,SCOTT,DEMOCRATIC,46,7007,DEM
GP 2020,18TH DEMOCRATIC DELEGATE,G,4,26487,118,KELSEY,SANDERS,HARMS,TAZEWELL,DEMOCRATIC,1784,7008,DEM
GP 2020,18TH DEMOCRATIC DELEGATE,G,4,26487,118,KELSEY,SANDERS,HARMS,McLEAN,DEMOCRATIC,3622,7009,DEM
GP 2020,18TH DEMOCRATIC DELEGATE,G,4,26487,118,KELSEY,SANDERS,HARMS,HANCOCK,DEMOCRATIC,191,7010,DEM
GP 2020,18TH DEMOCRATIC DELEGATE,G,4,26487,118,KELSEY,SANDERS,HARMS,SCHUYLER,DEMOCRATIC,99,7011,DEM
GP 2020,18TH DEMOCRATIC DELEGATE,G,4,26487,118,KELSEY,SANDERS,HARMS,BROWN,DEMOCRATIC,24,7012,DEM
GP 2020,18TH DEMOCRATIC DELEGATE,G,4,26487,118,KELSEY,SANDERS,HARMS,ADAMS,DEMOCRATIC,784,7013,DEM
GP 2020,18TH DEMOCRATIC DELEGATE,G,4,26487,118,KELSEY,SANDERS,HARMS,MENARD,DEMOCRATIC,139,7014,DEM
GP 2020,18TH DEMOCRATIC DELEGATE,G,4,26487,118,KELSEY,SANDERS,HARMS,STARK,DEMOCRATIC,48,7015,DEM
GP 2020,18TH DEMOCRATIC DELEGATE,G,4,26487,118,KELSEY,SANDERS,HARMS,MARSHALL,DEMOCRATIC,119,7016,DEM
GP 2020,18TH DEMOCRATIC DELEGATE,G,4,26487,118,KELSEY,SANDERS,HARMS,WOODFORD,DEMOCRATIC,490,7017,DEM
GP 2020,18TH DEMOCRATIC DELEGATE,G,4,26487,118,KELSEY,SANDERS,HARMS,SANGAMON,DEMOCRATIC,1962,7018,DEM
GP 2020,18TH DEMOCRATIC DELEGATE,G,4,26489,118,EMILIANO,SANDERS,VERA,MORGAN,DEMOCRATIC,360,7019,DEM
GP 2020,18TH DEMOCRATIC DELEGATE,G,4,26489,118,EMILIANO,SANDERS,VERA,McDONOUGH,DEMOCRATIC,616,7020,DEM
GP 2020,18TH DEMOCRATIC DELEGATE,G,4,26489,118,EMILIANO,SANDERS,VERA,MASON,DEMOCRATIC,188,7021,DEM
GP 2020,18TH DEMOCRATIC DELEGATE,G,4,26489,118,EMILIANO,SANDERS,VERA,CASS,DEMOCRATIC,150,7022,DEM
GP 2020,18TH DEMOCRATIC DELEGATE,G,4,26489,118,EMILIANO,SANDERS,VERA,LOGAN,DEMOCRATIC,239,7023,DEM
GP 2020,18TH DEMOCRATIC DELEGATE,G,4,26489,118,EMILIANO,SANDERS,VERA,PIKE,DEMOCRATIC,86,7024,DEM
GP 2020,18TH DEMOCRATIC DELEGATE,G,4,26489,118,EMILIANO,SANDERS,VERA,PEORIA,DEMOCRATIC,2276,7025,DEM
GP 2020,18TH DEMOCRATIC DELEGATE,G,4,26489,118,EMILIANO,SANDERS,VERA,SCOTT,DEMOCRATIC,42,7026,DEM
GP 2020,18TH DEMOCRATIC DELEGATE,G,4,26489,118,EMILIANO,SANDERS,VERA,TAZEWELL,DEMOCRATIC,1558,7027,DEM
GP 2020,18TH DEMOCRATIC DELEGATE,G,4,26489,118,EMILIANO,SANDERS,VERA,McLEAN,DEMOCRATIC,3070,7028,DEM
GP 2020,18TH DEMOCRATIC DELEGATE,G,4,26489,118,EMILIANO,SANDERS,VERA,HANCOCK,DEMOCRATIC,159,7029,DEM
GP 2020,18TH DEMOCRATIC DELEGATE,G,4,26489,118,EMILIANO,SANDERS,VERA,SCHUYLER,DEMOCRATIC,86,7030,DEM
GP 2020,18TH DEMOCRATIC DELEGATE,G,4,26489,118,EMILIANO,SANDERS,VERA,BROWN,DEMOCRATIC,31,7031,DEM
GP 2020,18TH DEMOCRATIC DELEGATE,G,4,26489,118,EMILIANO,SANDERS,VERA,ADAMS,DEMOCRATIC,661,7032,DEM
GP 2020,18TH DEMOCRATIC DELEGATE,G,4,26489,118,EMILIANO,SANDERS,VERA,MENARD,DEMOCRATIC,114,7033,DEM
GP 2020,18TH DEMOCRATIC DELEGATE,G,4,26489,118,EMILIANO,SANDERS,VERA,STARK,DEMOCRATIC,40,7034,DEM
GP 2020,18TH DEMOCRATIC DELEGATE,G,4,26489,118,EMILIANO,SANDERS,VERA,MARSHALL,DEMOCRATIC,108,7035,DEM
GP 2020,18TH DEMOCRATIC DELEGATE,G,4,26489,118,EMILIANO,SANDERS,VERA,WOODFORD,DEMOCRATIC,404,7036,DEM
GP 2020,18TH DEMOCRATIC DELEGATE,G,4,26489,118,EMILIANO,SANDERS,VERA,SANGAMON,DEMOCRATIC,1598,7037,DEM
GP 2020,18TH DEMOCRATIC DELEGATE,G,4,26372,118,JODI,YANG,BROWN,STARK,DEMOCRATIC,6,7038,DEM
GP 2020,18TH DEMOCRATIC DELEGATE,G,4,26372,118,JODI,YANG,BROWN,MARSHALL,DEMOCRATIC,9,7039,DEM
GP 2020,18TH DEMOCRATIC DELEGATE,G,4,26372,118,JODI,YANG,BROWN,WOODFORD,DEMOCRATIC,32,7040,DEM
GP 2020,18TH DEMOCRATIC DELEGATE,G,4,26372,118,JODI,YANG,BROWN,SANGAMON,DEMOCRATIC,142,7041,DEM
GP 2020,18TH DEMOCRATIC DELEGATE,G,4,26372,118,JODI,YANG,BROWN,LOGAN,DEMOCRATIC,16,7042,DEM
GP 2020,18TH DEMOCRATIC DELEGATE,G,4,26372,118,JODI,YANG,BROWN,ADAMS,DEMOCRATIC,54,7043,DEM
GP 2020,18TH DEMOCRATIC DELEGATE,G,4,26372,118,JODI,YANG,BROWN,MENARD,DEMOCRATIC,4,7044,DEM
GP 2020,18TH DEMOCRATIC DELEGATE,G,4,26372,118,JODI,YANG,BROWN,PIKE,DEMOCRATIC,19,7045,DEM
GP 2020,18TH DEMOCRATIC DELEGATE,G,4,26372,118,JODI,YANG,BROWN,PEORIA,DEMOCRATIC,287,7046,DEM
GP 2020,18TH DEMOCRATIC DELEGATE,G,4,26372,118,JODI,YANG,BROWN,MORGAN,DEMOCRATIC,26,7047,DEM
GP 2020,18TH DEMOCRATIC DELEGATE,G,4,26372,118,JODI,YANG,BROWN,McDONOUGH,DEMOCRATIC,26,7048,DEM
GP 2020,18TH DEMOCRATIC DELEGATE,G,4,26372,118,JODI,YANG,BROWN,MASON,DEMOCRATIC,23,7049,DEM
GP 2020,18TH DEMOCRATIC DELEGATE,G,4,26372,118,JODI,YANG,BROWN,CASS,DEMOCRATIC,14,7050,DEM
GP 2020,18TH DEMOCRATIC DELEGATE,G,4,26372,118,JODI,YANG,BROWN,SCOTT,DEMOCRATIC,1,7051,DEM
GP 2020,18TH DEMOCRATIC DELEGATE,G,4,26372,118,JODI,YANG,BROWN,TAZEWELL,DEMOCRATIC,113,7052,DEM
GP 2020,18TH DEMOCRATIC DELEGATE,G,4,26372,118,JODI,YANG,BROWN,McLEAN,DEMOCRATIC,169,7053,DEM
GP 2020,18TH DEMOCRATIC DELEGATE,G,4,26372,118,JODI,YANG,BROWN,HANCOCK,DEMOCRATIC,24,7054,DEM
GP 2020,18TH DEMOCRATIC DELEGATE,G,4,26372,118,JODI,YANG,BROWN,SCHUYLER,DEMOCRATIC,6,7055,DEM
GP 2020,18TH DEMOCRATIC DELEGATE,G,4,26372,118,JODI,YANG,BROWN,BROWN,DEMOCRATIC,3,7056,DEM
GP 2020,18TH DEMOCRATIC DELEGATE,G,4,26374,118,LAURA,YANG,CORDELL,PEORIA,DEMOCRATIC,175,7057,DEM
GP 2020,18TH DEMOCRATIC DELEGATE,G,4,26374,118,LAURA,YANG,CORDELL,McDONOUGH,DEMOCRATIC,29,7058,DEM
GP 2020,18TH DEMOCRATIC DELEGATE,G,4,26374,118,LAURA,YANG,CORDELL,McLEAN,DEMOCRATIC,159,7059,DEM
GP 2020,18TH DEMOCRATIC DELEGATE,G,4,26374,118,LAURA,YANG,CORDELL,HANCOCK,DEMOCRATIC,17,7060,DEM
GP 2020,18TH DEMOCRATIC DELEGATE,G,4,26374,118,LAURA,YANG,CORDELL,SCHUYLER,DEMOCRATIC,2,7061,DEM
GP 2020,18TH DEMOCRATIC DELEGATE,G,4,26374,118,LAURA,YANG,CORDELL,BROWN,DEMOCRATIC,2,7062,DEM
GP 2020,18TH DEMOCRATIC DELEGATE,G,4,26374,118,LAURA,YANG,CORDELL,PIKE,DEMOCRATIC,16,7063,DEM
GP 2020,18TH DEMOCRATIC DELEGATE,G,4,26374,118,LAURA,YANG,CORDELL,MARSHALL,DEMOCRATIC,6,7064,DEM
GP 2020,18TH DEMOCRATIC DELEGATE,G,4,26374,118,LAURA,YANG,CORDELL,WOODFORD,DEMOCRATIC,26,7065,DEM
GP 2020,18TH DEMOCRATIC DELEGATE,G,4,26374,118,LAURA,YANG,CORDELL,SANGAMON,DEMOCRATIC,114,7066,DEM
GP 2020,18TH DEMOCRATIC DELEGATE,G,4,26374,118,LAURA,YANG,CORDELL,SCOTT,DEMOCRATIC,3,7067,DEM
GP 2020,18TH DEMOCRATIC DELEGATE,G,4,26374,118,LAURA,YANG,CORDELL,TAZEWELL,DEMOCRATIC,84,7068,DEM
GP 2020,18TH DEMOCRATIC DELEGATE,G,4,26374,118,LAURA,YANG,CORDELL,MORGAN,DEMOCRATIC,18,7069,DEM
GP 2020,18TH DEMOCRATIC DELEGATE,G,4,26374,118,LAURA,YANG,CORDELL,MASON,DEMOCRATIC,16,7070,DEM
GP 2020,18TH DEMOCRATIC DELEGATE,G,4,26374,118,LAURA,YANG,CORDELL,CASS,DEMOCRATIC,13,7071,DEM
GP 2020,18TH DEMOCRATIC DELEGATE,G,4,26374,118,LAURA,YANG,CORDELL,LOGAN,DEMOCRATIC,20,7072,DEM
GP 2020,18TH DEMOCRATIC DELEGATE,G,4,26374,118,LAURA,YANG,CORDELL,ADAMS,DEMOCRATIC,54,7073,DEM
GP 2020,18TH DEMOCRATIC DELEGATE,G,4,26374,118,LAURA,YANG,CORDELL,MENARD,DEMOCRATIC,2,7074,DEM
GP 2020,18TH DEMOCRATIC DELEGATE,G,4,26374,118,LAURA,YANG,CORDELL,STARK,DEMOCRATIC,5,7075,DEM
GP 2020,18TH DEMOCRATIC DELEGATE,G,4,26090,118,PATRICK,BUTTIGIEG,CORTESI,MORGAN,DEMOCRATIC,35,7076,DEM
GP 2020,18TH DEMOCRATIC DELEGATE,G,4,26090,118,PATRICK,BUTTIGIEG,CORTESI,McDONOUGH,DEMOCRATIC,64,7077,DEM
GP 2020,18TH DEMOCRATIC DELEGATE,G,4,26090,118,PATRICK,BUTTIGIEG,CORTESI,MASON,DEMOCRATIC,32,7078,DEM
GP 2020,18TH DEMOCRATIC DELEGATE,G,4,26090,118,PATRICK,BUTTIGIEG,CORTESI,CASS,DEMOCRATIC,22,7079,DEM
GP 2020,18TH DEMOCRATIC DELEGATE,G,4,26090,118,PATRICK,BUTTIGIEG,CORTESI,LOGAN,DEMOCRATIC,32,7080,DEM
GP 2020,18TH DEMOCRATIC DELEGATE,G,4,26090,118,PATRICK,BUTTIGIEG,CORTESI,ADAMS,DEMOCRATIC,154,7081,DEM
GP 2020,18TH DEMOCRATIC DELEGATE,G,4,26090,118,PATRICK,BUTTIGIEG,CORTESI,PEORIA,DEMOCRATIC,327,7082,DEM
GP 2020,18TH DEMOCRATIC DELEGATE,G,4,26090,118,PATRICK,BUTTIGIEG,CORTESI,TAZEWELL,DEMOCRATIC,187,7083,DEM
GP 2020,18TH DEMOCRATIC DELEGATE,G,4,26090,118,PATRICK,BUTTIGIEG,CORTESI,McLEAN,DEMOCRATIC,497,7084,DEM
GP 2020,18TH DEMOCRATIC DELEGATE,G,4,26090,118,PATRICK,BUTTIGIEG,CORTESI,HANCOCK,DEMOCRATIC,29,7085,DEM
GP 2020,18TH DEMOCRATIC DELEGATE,G,4,26090,118,PATRICK,BUTTIGIEG,CORTESI,SCHUYLER,DEMOCRATIC,11,7086,DEM
GP 2020,18TH DEMOCRATIC DELEGATE,G,4,26090,118,PATRICK,BUTTIGIEG,CORTESI,BROWN,DEMOCRATIC,4,7087,DEM
GP 2020,18TH DEMOCRATIC DELEGATE,G,4,26090,118,PATRICK,BUTTIGIEG,CORTESI,PIKE,DEMOCRATIC,9,7088,DEM
GP 2020,18TH DEMOCRATIC DELEGATE,G,4,26090,118,PATRICK,BUTTIGIEG,CORTESI,MENARD,DEMOCRATIC,9,7089,DEM
GP 2020,18TH DEMOCRATIC DELEGATE,G,4,26090,118,PATRICK,BUTTIGIEG,CORTESI,STARK,DEMOCRATIC,5,7090,DEM
GP 2020,18TH DEMOCRATIC DELEGATE,G,4,26090,118,PATRICK,BUTTIGIEG,CORTESI,MARSHALL,DEMOCRATIC,18,7091,DEM
GP 2020,18TH DEMOCRATIC DELEGATE,G,4,26090,118,PATRICK,BUTTIGIEG,CORTESI,WOODFORD,DEMOCRATIC,47,7092,DEM
GP 2020,18TH DEMOCRATIC DELEGATE,G,4,26090,118,PATRICK,BUTTIGIEG,CORTESI,SANGAMON,DEMOCRATIC,233,7093,DEM
GP 2020,18TH DEMOCRATIC DELEGATE,G,4,26090,118,PATRICK,BUTTIGIEG,CORTESI,SCOTT,DEMOCRATIC,3,7094,DEM
GP 2020,18TH DEMOCRATIC DELEGATE,G,4,26092,118,JENNIFER,BUTTIGIEG,FRAY,MORGAN,DEMOCRATIC,50,7095,DEM
GP 2020,18TH DEMOCRATIC DELEGATE,G,4,26092,118,JENNIFER,BUTTIGIEG,FRAY,McDONOUGH,DEMOCRATIC,68,7096,DEM
GP 2020,18TH DEMOCRATIC DELEGATE,G,4,26092,118,JENNIFER,BUTTIGIEG,FRAY,MASON,DEMOCRATIC,46,7097,DEM
GP 2020,18TH DEMOCRATIC DELEGATE,G,4,26092,118,JENNIFER,BUTTIGIEG,FRAY,CASS,DEMOCRATIC,28,7098,DEM
GP 2020,18TH DEMOCRATIC DELEGATE,G,4,26092,118,JENNIFER,BUTTIGIEG,FRAY,BROWN,DEMOCRATIC,6,7099,DEM
GP 2020,18TH DEMOCRATIC DELEGATE,G,4,26092,118,JENNIFER,BUTTIGIEG,FRAY,PIKE,DEMOCRATIC,29,7100,DEM
GP 2020,18TH DEMOCRATIC DELEGATE,G,4,26092,118,JENNIFER,BUTTIGIEG,FRAY,PEORIA,DEMOCRATIC,375,7101,DEM
GP 2020,18TH DEMOCRATIC DELEGATE,G,4,26092,118,JENNIFER,BUTTIGIEG,FRAY,SANGAMON,DEMOCRATIC,269,7102,DEM
GP 2020,18TH DEMOCRATIC DELEGATE,G,4,26092,118,JENNIFER,BUTTIGIEG,FRAY,SCOTT,DEMOCRATIC,3,7103,DEM
GP 2020,18TH DEMOCRATIC DELEGATE,G,4,26092,118,JENNIFER,BUTTIGIEG,FRAY,TAZEWELL,DEMOCRATIC,243,7104,DEM
GP 2020,18TH DEMOCRATIC DELEGATE,G,4,26092,118,JENNIFER,BUTTIGIEG,FRAY,McLEAN,DEMOCRATIC,521,7105,DEM
GP 2020,18TH DEMOCRATIC DELEGATE,G,4,26092,118,JENNIFER,BUTTIGIEG,FRAY,HANCOCK,DEMOCRATIC,39,7106,DEM
GP 2020,18TH DEMOCRATIC DELEGATE,G,4,26092,118,JENNIFER,BUTTIGIEG,FRAY,SCHUYLER,DEMOCRATIC,15,7107,DEM
GP 2020,18TH DEMOCRATIC DELEGATE,G,4,26092,118,JENNIFER,BUTTIGIEG,FRAY,LOGAN,DEMOCRATIC,32,7108,DEM
GP 2020,18TH DEMOCRATIC DELEGATE,G,4,26092,118,JENNIFER,BUTTIGIEG,FRAY,ADAMS,DEMOCRATIC,174,7109,DEM
GP 2020,18TH DEMOCRATIC DELEGATE,G,4,26092,118,JENNIFER,BUTTIGIEG,FRAY,MENARD,DEMOCRATIC,17,7110,DEM
GP 2020,18TH DEMOCRATIC DELEGATE,G,4,26092,118,JENNIFER,BUTTIGIEG,FRAY,STARK,DEMOCRATIC,11,7111,DEM
GP 2020,18TH DEMOCRATIC DELEGATE,G,4,26092,118,JENNIFER,BUTTIGIEG,FRAY,MARSHALL,DEMOCRATIC,24,7112,DEM
GP 2020,18TH DEMOCRATIC DELEGATE,G,4,26092,118,JENNIFER,BUTTIGIEG,FRAY,WOODFORD,DEMOCRATIC,61,7113,DEM
GP 2020,18TH DEMOCRATIC DELEGATE,G,4,26535,118,BRYEN,WARREN,JOHNSON,SCHUYLER,DEMOCRATIC,12,7114,DEM
GP 2020,18TH DEMOCRATIC DELEGATE,G,4,26535,118,BRYEN,WARREN,JOHNSON,BROWN,DEMOCRATIC,13,7115,DEM
GP 2020,18TH DEMOCRATIC DELEGATE,G,4,26535,118,BRYEN,WARREN,JOHNSON,PIKE,DEMOCRATIC,19,7116,DEM
GP 2020,18TH DEMOCRATIC DELEGATE,G,4,26535,118,BRYEN,WARREN,JOHNSON,PEORIA,DEMOCRATIC,324,7117,DEM
GP 2020,18TH DEMOCRATIC DELEGATE,G,4,26535,118,BRYEN,WARREN,JOHNSON,WOODFORD,DEMOCRATIC,72,7118,DEM
GP 2020,18TH DEMOCRATIC DELEGATE,G,4,26535,118,BRYEN,WARREN,JOHNSON,SANGAMON,DEMOCRATIC,231,7119,DEM
GP 2020,18TH DEMOCRATIC DELEGATE,G,4,26535,118,BRYEN,WARREN,JOHNSON,SCOTT,DEMOCRATIC,4,7120,DEM
GP 2020,18TH DEMOCRATIC DELEGATE,G,4,26535,118,BRYEN,WARREN,JOHNSON,TAZEWELL,DEMOCRATIC,180,7121,DEM
GP 2020,18TH DEMOCRATIC DELEGATE,G,4,26535,118,BRYEN,WARREN,JOHNSON,McLEAN,DEMOCRATIC,534,7122,DEM
GP 2020,18TH DEMOCRATIC DELEGATE,G,4,26535,118,BRYEN,WARREN,JOHNSON,HANCOCK,DEMOCRATIC,47,7123,DEM
GP 2020,18TH DEMOCRATIC DELEGATE,G,4,26535,118,BRYEN,WARREN,JOHNSON,CASS,DEMOCRATIC,22,7124,DEM
GP 2020,18TH DEMOCRATIC DELEGATE,G,4,26535,118,BRYEN,WARREN,JOHNSON,LOGAN,DEMOCRATIC,30,7125,DEM
GP 2020,18TH DEMOCRATIC DELEGATE,G,4,26535,118,BRYEN,WARREN,JOHNSON,ADAMS,DEMOCRATIC,95,7126,DEM
GP 2020,18TH DEMOCRATIC DELEGATE,G,4,26535,118,BRYEN,WARREN,JOHNSON,MENARD,DEMOCRATIC,18,7127,DEM
GP 2020,18TH DEMOCRATIC DELEGATE,G,4,26535,118,BRYEN,WARREN,JOHNSON,STARK,DEMOCRATIC,5,7128,DEM
GP 2020,18TH DEMOCRATIC DELEGATE,G,4,26535,118,BRYEN,WARREN,JOHNSON,MARSHALL,DEMOCRATIC,33,7129,DEM
GP 2020,18TH DEMOCRATIC DELEGATE,G,4,26535,118,BRYEN,WARREN,JOHNSON,MORGAN,DEMOCRATIC,75,7130,DEM
GP 2020,18TH DEMOCRATIC DELEGATE,G,4,26535,118,BRYEN,WARREN,JOHNSON,McDONOUGH,DEMOCRATIC,122,7131,DEM
GP 2020,18TH DEMOCRATIC DELEGATE,G,4,26535,118,BRYEN,WARREN,JOHNSON,MASON,DEMOCRATIC,20,7132,DEM
GP 2020,18TH DEMOCRATIC DELEGATE,G,4,26536,118,JILL,WARREN,BLAIR,SCOTT,DEMOCRATIC,12,7133,DEM
GP 2020,18TH DEMOCRATIC DELEGATE,G,4,26536,118,JILL,WARREN,BLAIR,TAZEWELL,DEMOCRATIC,396,7134,DEM
GP 2020,18TH DEMOCRATIC DELEGATE,G,4,26536,118,JILL,WARREN,BLAIR,McLEAN,DEMOCRATIC,1251,7135,DEM
GP 2020,18TH DEMOCRATIC DELEGATE,G,4,26536,118,JILL,WARREN,BLAIR,HANCOCK,DEMOCRATIC,65,7136,DEM
GP 2020,18TH DEMOCRATIC DELEGATE,G,4,26536,118,JILL,WARREN,BLAIR,SCHUYLER,DEMOCRATIC,34,7137,DEM
GP 2020,18TH DEMOCRATIC DELEGATE,G,4,26536,118,JILL,WARREN,BLAIR,WOODFORD,DEMOCRATIC,173,7138,DEM
GP 2020,18TH DEMOCRATIC DELEGATE,G,4,26536,118,JILL,WARREN,BLAIR,SANGAMON,DEMOCRATIC,428,7139,DEM
GP 2020,18TH DEMOCRATIC DELEGATE,G,4,26536,118,JILL,WARREN,BLAIR,CASS,DEMOCRATIC,36,7140,DEM
GP 2020,18TH DEMOCRATIC DELEGATE,G,4,26536,118,JILL,WARREN,BLAIR,LOGAN,DEMOCRATIC,93,7141,DEM
GP 2020,18TH DEMOCRATIC DELEGATE,G,4,26536,118,JILL,WARREN,BLAIR,ADAMS,DEMOCRATIC,221,7142,DEM
GP 2020,18TH DEMOCRATIC DELEGATE,G,4,26536,118,JILL,WARREN,BLAIR,MENARD,DEMOCRATIC,33,7143,DEM
GP 2020,18TH DEMOCRATIC DELEGATE,G,4,26536,118,JILL,WARREN,BLAIR,STARK,DEMOCRATIC,14,7144,DEM
GP 2020,18TH DEMOCRATIC DELEGATE,G,4,26536,118,JILL,WARREN,BLAIR,MARSHALL,DEMOCRATIC,50,7145,DEM
GP 2020,18TH DEMOCRATIC DELEGATE,G,4,26536,118,JILL,WARREN,BLAIR,BROWN,DEMOCRATIC,6,7146,DEM
GP 2020,18TH DEMOCRATIC DELEGATE,G,4,26536,118,JILL,WARREN,BLAIR,PIKE,DEMOCRATIC,43,7147,DEM
GP 2020,18TH DEMOCRATIC DELEGATE,G,4,26536,118,JILL,WARREN,BLAIR,PEORIA,DEMOCRATIC,669,7148,DEM
GP 2020,18TH DEMOCRATIC DELEGATE,G,4,26536,118,JILL,WARREN,BLAIR,MORGAN,DEMOCRATIC,144,7149,DEM
GP 2020,18TH DEMOCRATIC DELEGATE,G,4,26536,118,JILL,WARREN,BLAIR,McDONOUGH,DEMOCRATIC,196,7150,DEM
GP 2020,18TH DEMOCRATIC DELEGATE,G,4,26536,118,JILL,WARREN,BLAIR,MASON,DEMOCRATIC,50,7151,DEM
GP 2020,18TH DEMOCRATIC DELEGATE,G,4,26537,118,BEN,WARREN,ISABEL,MORGAN,DEMOCRATIC,27,7152,DEM
GP 2020,18TH DEMOCRATIC DELEGATE,G,4,26537,118,BEN,WARREN,ISABEL,McDONOUGH,DEMOCRATIC,84,7153,DEM
GP 2020,18TH DEMOCRATIC DELEGATE,G,4,26537,118,BEN,WARREN,ISABEL,MASON,DEMOCRATIC,20,7154,DEM
GP 2020,18TH DEMOCRATIC DELEGATE,G,4,26537,118,BEN,WARREN,ISABEL,CASS,DEMOCRATIC,15,7155,DEM
GP 2020,18TH DEMOCRATIC DELEGATE,G,4,26537,118,BEN,WARREN,ISABEL,LOGAN,DEMOCRATIC,26,7156,DEM
GP 2020,18TH DEMOCRATIC DELEGATE,G,4,26537,118,BEN,WARREN,ISABEL,ADAMS,DEMOCRATIC,75,7157,DEM
GP 2020,18TH DEMOCRATIC DELEGATE,G,4,26537,118,BEN,WARREN,ISABEL,PEORIA,DEMOCRATIC,335,7158,DEM
GP 2020,18TH DEMOCRATIC DELEGATE,G,4,26537,118,BEN,WARREN,ISABEL,TAZEWELL,DEMOCRATIC,168,7159,DEM
GP 2020,18TH DEMOCRATIC DELEGATE,G,4,26537,118,BEN,WARREN,ISABEL,McLEAN,DEMOCRATIC,375,7160,DEM
GP 2020,18TH DEMOCRATIC DELEGATE,G,4,26537,118,BEN,WARREN,ISABEL,HANCOCK,DEMOCRATIC,30,7161,DEM
GP 2020,18TH DEMOCRATIC DELEGATE,G,4,26537,118,BEN,WARREN,ISABEL,SCHUYLER,DEMOCRATIC,10,7162,DEM
GP 2020,18TH DEMOCRATIC DELEGATE,G,4,26537,118,BEN,WARREN,ISABEL,BROWN,DEMOCRATIC,4,7163,DEM
GP 2020,18TH DEMOCRATIC DELEGATE,G,4,26537,118,BEN,WARREN,ISABEL,PIKE,DEMOCRATIC,16,7164,DEM
GP 2020,18TH DEMOCRATIC DELEGATE,G,4,26537,118,BEN,WARREN,ISABEL,MENARD,DEMOCRATIC,15,7165,DEM
GP 2020,18TH DEMOCRATIC DELEGATE,G,4,26537,118,BEN,WARREN,ISABEL,STARK,DEMOCRATIC,6,7166,DEM
GP 2020,18TH DEMOCRATIC DELEGATE,G,4,26537,118,BEN,WARREN,ISABEL,MARSHALL,DEMOCRATIC,28,7167,DEM
GP 2020,18TH DEMOCRATIC DELEGATE,G,4,26537,118,BEN,WARREN,ISABEL,WOODFORD,DEMOCRATIC,79,7168,DEM
GP 2020,18TH DEMOCRATIC DELEGATE,G,4,26537,118,BEN,WARREN,ISABEL,SANGAMON,DEMOCRATIC,194,7169,DEM
GP 2020,18TH DEMOCRATIC DELEGATE,G,4,26537,118,BEN,WARREN,ISABEL,SCOTT,DEMOCRATIC,6,7170,DEM
GP 2020,18TH DEMOCRATIC DELEGATE,G,4,26538,118,RADIANCE,WARREN,CAMPBELL,MORGAN,DEMOCRATIC,30,7171,DEM
GP 2020,18TH DEMOCRATIC DELEGATE,G,4,26538,118,RADIANCE,WARREN,CAMPBELL,McLEAN,DEMOCRATIC,535,7172,DEM
GP 2020,18TH DEMOCRATIC DELEGATE,G,4,26538,118,RADIANCE,WARREN,CAMPBELL,HANCOCK,DEMOCRATIC,31,7173,DEM
GP 2020,18TH DEMOCRATIC DELEGATE,G,4,26538,118,RADIANCE,WARREN,CAMPBELL,SCHUYLER,DEMOCRATIC,19,7174,DEM
GP 2020,18TH DEMOCRATIC DELEGATE,G,4,26538,118,RADIANCE,WARREN,CAMPBELL,BROWN,DEMOCRATIC,4,7175,DEM
GP 2020,18TH DEMOCRATIC DELEGATE,G,4,26538,118,RADIANCE,WARREN,CAMPBELL,PIKE,DEMOCRATIC,15,7176,DEM
GP 2020,18TH DEMOCRATIC DELEGATE,G,4,26538,118,RADIANCE,WARREN,CAMPBELL,PEORIA,DEMOCRATIC,293,7177,DEM
GP 2020,18TH DEMOCRATIC DELEGATE,G,4,26538,118,RADIANCE,WARREN,CAMPBELL,STARK,DEMOCRATIC,5,7178,DEM
GP 2020,18TH DEMOCRATIC DELEGATE,G,4,26538,118,RADIANCE,WARREN,CAMPBELL,MARSHALL,DEMOCRATIC,27,7179,DEM
GP 2020,18TH DEMOCRATIC DELEGATE,G,4,26538,118,RADIANCE,WARREN,CAMPBELL,WOODFORD,DEMOCRATIC,87,7180,DEM
GP 2020,18TH DEMOCRATIC DELEGATE,G,4,26538,118,RADIANCE,WARREN,CAMPBELL,SANGAMON,DEMOCRATIC,243,7181,DEM
GP 2020,18TH DEMOCRATIC DELEGATE,G,4,26538,118,RADIANCE,WARREN,CAMPBELL,SCOTT,DEMOCRATIC,5,7182,DEM
GP 2020,18TH DEMOCRATIC DELEGATE,G,4,26538,118,RADIANCE,WARREN,CAMPBELL,TAZEWELL,DEMOCRATIC,169,7183,DEM
GP 2020,18TH DEMOCRATIC DELEGATE,G,4,26538,118,RADIANCE,WARREN,CAMPBELL,McDONOUGH,DEMOCRATIC,100,7184,DEM
GP 2020,18TH DEMOCRATIC DELEGATE,G,4,26538,118,RADIANCE,WARREN,CAMPBELL,MASON,DEMOCRATIC,22,7185,DEM
GP 2020,18TH DEMOCRATIC DELEGATE,G,4,26538,118,RADIANCE,WARREN,CAMPBELL,CASS,DEMOCRATIC,15,7186,DEM
GP 2020,18TH DEMOCRATIC DELEGATE,G,4,26538,118,RADIANCE,WARREN,CAMPBELL,LOGAN,DEMOCRATIC,34,7187,DEM
GP 2020,18TH DEMOCRATIC DELEGATE,G,4,26538,118,RADIANCE,WARREN,CAMPBELL,ADAMS,DEMOCRATIC,114,7188,DEM
GP 2020,18TH DEMOCRATIC DELEGATE,G,4,26538,118,RADIANCE,WARREN,CAMPBELL,MENARD,DEMOCRATIC,18,7189,DEM
GP 2020,18TH DEMOCRATIC DELEGATE,G,4,26594,118,KIM,KLOBUCHAR,KELLEY,MORGAN,DEMOCRATIC,26,7190,DEM
GP 2020,18TH DEMOCRATIC DELEGATE,G,4,26594,118,KIM,KLOBUCHAR,KELLEY,McDONOUGH,DEMOCRATIC,45,7191,DEM
GP 2020,18TH DEMOCRATIC DELEGATE,G,4,26594,118,KIM,KLOBUCHAR,KELLEY,MASON,DEMOCRATIC,30,7192,DEM
GP 2020,18TH DEMOCRATIC DELEGATE,G,4,26594,118,KIM,KLOBUCHAR,KELLEY,CASS,DEMOCRATIC,24,7193,DEM
GP 2020,18TH DEMOCRATIC DELEGATE,G,4,26594,118,KIM,KLOBUCHAR,KELLEY,LOGAN,DEMOCRATIC,31,7194,DEM
GP 2020,18TH DEMOCRATIC DELEGATE,G,4,26594,118,KIM,KLOBUCHAR,KELLEY,ADAMS,DEMOCRATIC,120,7195,DEM
GP 2020,18TH DEMOCRATIC DELEGATE,G,4,26594,118,KIM,KLOBUCHAR,KELLEY,PEORIA,DEMOCRATIC,339,7196,DEM
GP 2020,18TH DEMOCRATIC DELEGATE,G,4,26594,118,KIM,KLOBUCHAR,KELLEY,TAZEWELL,DEMOCRATIC,148,7197,DEM
GP 2020,18TH DEMOCRATIC DELEGATE,G,4,26594,118,KIM,KLOBUCHAR,KELLEY,McLEAN,DEMOCRATIC,319,7198,DEM
GP 2020,18TH DEMOCRATIC DELEGATE,G,4,26594,118,KIM,KLOBUCHAR,KELLEY,HANCOCK,DEMOCRATIC,26,7199,DEM
GP 2020,18TH DEMOCRATIC DELEGATE,G,4,26594,118,KIM,KLOBUCHAR,KELLEY,SCHUYLER,DEMOCRATIC,18,7200,DEM
GP 2020,18TH DEMOCRATIC DELEGATE,G,4,26594,118,KIM,KLOBUCHAR,KELLEY,BROWN,DEMOCRATIC,5,7201,DEM
GP 2020,18TH DEMOCRATIC DELEGATE,G,4,26594,118,KIM,KLOBUCHAR,KELLEY,PIKE,DEMOCRATIC,14,7202,DEM
GP 2020,18TH DEMOCRATIC DELEGATE,G,4,26594,118,KIM,KLOBUCHAR,KELLEY,MENARD,DEMOCRATIC,4,7203,DEM
GP 2020,18TH DEMOCRATIC DELEGATE,G,4,26594,118,KIM,KLOBUCHAR,KELLEY,STARK,DEMOCRATIC,4,7204,DEM
GP 2020,18TH DEMOCRATIC DELEGATE,G,4,26594,118,KIM,KLOBUCHAR,KELLEY,MARSHALL,DEMOCRATIC,13,7205,DEM
GP 2020,18TH DEMOCRATIC DELEGATE,G,4,26594,118,KIM,KLOBUCHAR,KELLEY,WOODFORD,DEMOCRATIC,45,7206,DEM
GP 2020,18TH DEMOCRATIC DELEGATE,G,4,26594,118,KIM,KLOBUCHAR,KELLEY,SANGAMON,DEMOCRATIC,168,7207,DEM
GP 2020,18TH DEMOCRATIC DELEGATE,G,4,26594,118,KIM,KLOBUCHAR,KELLEY,SCOTT,DEMOCRATIC,3,7208,DEM
GP 2020,18TH DEMOCRATIC DELEGATE,G,4,26595,118,AMBRA,KLOBUCHAR,HAAKE,MORGAN,DEMOCRATIC,21,7209,DEM
GP 2020,18TH DEMOCRATIC DELEGATE,G,4,26595,118,AMBRA,KLOBUCHAR,HAAKE,McLEAN,DEMOCRATIC,213,7210,DEM
GP 2020,18TH DEMOCRATIC DELEGATE,G,4,26595,118,AMBRA,KLOBUCHAR,HAAKE,HANCOCK,DEMOCRATIC,20,7211,DEM
GP 2020,18TH DEMOCRATIC DELEGATE,G,4,26595,118,AMBRA,KLOBUCHAR,HAAKE,SCHUYLER,DEMOCRATIC,9,7212,DEM
GP 2020,18TH DEMOCRATIC DELEGATE,G,4,26595,118,AMBRA,KLOBUCHAR,HAAKE,BROWN,DEMOCRATIC,4,7213,DEM
GP 2020,18TH DEMOCRATIC DELEGATE,G,4,26595,118,AMBRA,KLOBUCHAR,HAAKE,PIKE,DEMOCRATIC,15,7214,DEM
GP 2020,18TH DEMOCRATIC DELEGATE,G,4,26595,118,AMBRA,KLOBUCHAR,HAAKE,PEORIA,DEMOCRATIC,234,7215,DEM
GP 2020,18TH DEMOCRATIC DELEGATE,G,4,26595,118,AMBRA,KLOBUCHAR,HAAKE,STARK,DEMOCRATIC,4,7216,DEM
GP 2020,18TH DEMOCRATIC DELEGATE,G,4,26595,118,AMBRA,KLOBUCHAR,HAAKE,MARSHALL,DEMOCRATIC,8,7217,DEM
GP 2020,18TH DEMOCRATIC DELEGATE,G,4,26595,118,AMBRA,KLOBUCHAR,HAAKE,WOODFORD,DEMOCRATIC,30,7218,DEM
GP 2020,18TH DEMOCRATIC DELEGATE,G,4,26595,118,AMBRA,KLOBUCHAR,HAAKE,SANGAMON,DEMOCRATIC,131,7219,DEM
GP 2020,18TH DEMOCRATIC DELEGATE,G,4,26595,118,AMBRA,KLOBUCHAR,HAAKE,SCOTT,DEMOCRATIC,3,7220,DEM
GP 2020,18TH DEMOCRATIC DELEGATE,G,4,26595,118,AMBRA,KLOBUCHAR,HAAKE,TAZEWELL,DEMOCRATIC,122,7221,DEM
GP 2020,18TH DEMOCRATIC DELEGATE,G,4,26595,118,AMBRA,KLOBUCHAR,HAAKE,McDONOUGH,DEMOCRATIC,36,7222,DEM
GP 2020,18TH DEMOCRATIC DELEGATE,G,4,26595,118,AMBRA,KLOBUCHAR,HAAKE,MASON,DEMOCRATIC,16,7223,DEM
GP 2020,18TH DEMOCRATIC DELEGATE,G,4,26595,118,AMBRA,KLOBUCHAR,HAAKE,CASS,DEMOCRATIC,16,7224,DEM
GP 2020,18TH DEMOCRATIC DELEGATE,G,4,26595,118,AMBRA,KLOBUCHAR,HAAKE,LOGAN,DEMOCRATIC,16,7225,DEM
GP 2020,18TH DEMOCRATIC DELEGATE,G,4,26595,118,AMBRA,KLOBUCHAR,HAAKE,ADAMS,DEMOCRATIC,84,7226,DEM
GP 2020,18TH DEMOCRATIC DELEGATE,G,4,26595,118,AMBRA,KLOBUCHAR,HAAKE,MENARD,DEMOCRATIC,3,7227,DEM
GP 2020,18TH DEMOCRATIC DELEGATE,G,4,26596,118,LAWRENCE (LARRY),KLOBUCHAR,RUEMMLER,BROWN,DEMOCRATIC,3,7228,DEM
GP 2020,18TH DEMOCRATIC DELEGATE,G,4,26596,118,LAWRENCE (LARRY),KLOBUCHAR,RUEMMLER,PIKE,DEMOCRATIC,9,7229,DEM
GP 2020,18TH DEMOCRATIC DELEGATE,G,4,26596,118,LAWRENCE (LARRY),KLOBUCHAR,RUEMMLER,PEORIA,DEMOCRATIC,142,7230,DEM
GP 2020,18TH DEMOCRATIC DELEGATE,G,4,26596,118,LAWRENCE (LARRY),KLOBUCHAR,RUEMMLER,MORGAN,DEMOCRATIC,12,7231,DEM
GP 2020,18TH DEMOCRATIC DELEGATE,G,4,26596,118,LAWRENCE (LARRY),KLOBUCHAR,RUEMMLER,McDONOUGH,DEMOCRATIC,19,7232,DEM
GP 2020,18TH DEMOCRATIC DELEGATE,G,4,26596,118,LAWRENCE (LARRY),KLOBUCHAR,RUEMMLER,MASON,DEMOCRATIC,16,7233,DEM
GP 2020,18TH DEMOCRATIC DELEGATE,G,4,26596,118,LAWRENCE (LARRY),KLOBUCHAR,RUEMMLER,SANGAMON,DEMOCRATIC,94,7234,DEM
GP 2020,18TH DEMOCRATIC DELEGATE,G,4,26596,118,LAWRENCE (LARRY),KLOBUCHAR,RUEMMLER,SCOTT,DEMOCRATIC,0,7235,DEM
GP 2020,18TH DEMOCRATIC DELEGATE,G,4,26596,118,LAWRENCE (LARRY),KLOBUCHAR,RUEMMLER,TAZEWELL,DEMOCRATIC,72,7236,DEM
GP 2020,18TH DEMOCRATIC DELEGATE,G,4,26596,118,LAWRENCE (LARRY),KLOBUCHAR,RUEMMLER,McLEAN,DEMOCRATIC,161,7237,DEM
GP 2020,18TH DEMOCRATIC DELEGATE,G,4,26596,118,LAWRENCE (LARRY),KLOBUCHAR,RUEMMLER,HANCOCK,DEMOCRATIC,17,7238,DEM
GP 2020,18TH DEMOCRATIC DELEGATE,G,4,26596,118,LAWRENCE (LARRY),KLOBUCHAR,RUEMMLER,SCHUYLER,DEMOCRATIC,12,7239,DEM
GP 2020,18TH DEMOCRATIC DELEGATE,G,4,26596,118,LAWRENCE (LARRY),KLOBUCHAR,RUEMMLER,LOGAN,DEMOCRATIC,10,7240,DEM
GP 2020,18TH DEMOCRATIC DELEGATE,G,4,26596,118,LAWRENCE (LARRY),KLOBUCHAR,RUEMMLER,ADAMS,DEMOCRATIC,85,7241,DEM
GP 2020,18TH DEMOCRATIC DELEGATE,G,4,26596,118,LAWRENCE (LARRY),KLOBUCHAR,RUEMMLER,MENARD,DEMOCRATIC,2,7242,DEM
GP 2020,18TH DEMOCRATIC DELEGATE,G,4,26596,118,LAWRENCE (LARRY),KLOBUCHAR,RUEMMLER,STARK,DEMOCRATIC,4,7243,DEM
GP 2020,18TH DEMOCRATIC DELEGATE,G,4,26596,118,LAWRENCE (LARRY),KLOBUCHAR,RUEMMLER,MARSHALL,DEMOCRATIC,5,7244,DEM
GP 2020,18TH DEMOCRATIC DELEGATE,G,4,26596,118,LAWRENCE (LARRY),KLOBUCHAR,RUEMMLER,WOODFORD,DEMOCRATIC,29,7245,DEM
GP 2020,18TH DEMOCRATIC DELEGATE,G,4,26596,118,LAWRENCE (LARRY),KLOBUCHAR,RUEMMLER,CASS,DEMOCRATIC,16,7246,DEM
GP 2020,18TH DEMOCRATIC DELEGATE,G,4,26597,118,KATHLEEN,KLOBUCHAR,CLARK KIMMEL,HANCOCK,DEMOCRATIC,31,7247,DEM
GP 2020,18TH DEMOCRATIC DELEGATE,G,4,26597,118,KATHLEEN,KLOBUCHAR,CLARK KIMMEL,SCHUYLER,DEMOCRATIC,15,7248,DEM
GP 2020,18TH DEMOCRATIC DELEGATE,G,4,26597,118,KATHLEEN,KLOBUCHAR,CLARK KIMMEL,BROWN,DEMOCRATIC,5,7249,DEM
GP 2020,18TH DEMOCRATIC DELEGATE,G,4,26597,118,KATHLEEN,KLOBUCHAR,CLARK KIMMEL,PIKE,DEMOCRATIC,16,7250,DEM
GP 2020,18TH DEMOCRATIC DELEGATE,G,4,26597,118,KATHLEEN,KLOBUCHAR,CLARK KIMMEL,PEORIA,DEMOCRATIC,245,7251,DEM
GP 2020,18TH DEMOCRATIC DELEGATE,G,4,26597,118,KATHLEEN,KLOBUCHAR,CLARK KIMMEL,MARSHALL,DEMOCRATIC,12,7252,DEM
GP 2020,18TH DEMOCRATIC DELEGATE,G,4,26597,118,KATHLEEN,KLOBUCHAR,CLARK KIMMEL,WOODFORD,DEMOCRATIC,48,7253,DEM
GP 2020,18TH DEMOCRATIC DELEGATE,G,4,26597,118,KATHLEEN,KLOBUCHAR,CLARK KIMMEL,SANGAMON,DEMOCRATIC,185,7254,DEM
GP 2020,18TH DEMOCRATIC DELEGATE,G,4,26597,118,KATHLEEN,KLOBUCHAR,CLARK KIMMEL,SCOTT,DEMOCRATIC,2,7255,DEM
GP 2020,18TH DEMOCRATIC DELEGATE,G,4,26597,118,KATHLEEN,KLOBUCHAR,CLARK KIMMEL,TAZEWELL,DEMOCRATIC,125,7256,DEM
GP 2020,18TH DEMOCRATIC DELEGATE,G,4,26597,118,KATHLEEN,KLOBUCHAR,CLARK KIMMEL,McLEAN,DEMOCRATIC,247,7257,DEM
GP 2020,18TH DEMOCRATIC DELEGATE,G,4,26597,118,KATHLEEN,KLOBUCHAR,CLARK KIMMEL,MASON,DEMOCRATIC,29,7258,DEM
GP 2020,18TH DEMOCRATIC DELEGATE,G,4,26597,118,KATHLEEN,KLOBUCHAR,CLARK KIMMEL,CASS,DEMOCRATIC,25,7259,DEM
GP 2020,18TH DEMOCRATIC DELEGATE,G,4,26597,118,KATHLEEN,KLOBUCHAR,CLARK KIMMEL,LOGAN,DEMOCRATIC,23,7260,DEM
GP 2020,18TH DEMOCRATIC DELEGATE,G,4,26597,118,KATHLEEN,KLOBUCHAR,CLARK KIMMEL,ADAMS,DEMOCRATIC,93,7261,DEM
GP 2020,18TH DEMOCRATIC DELEGATE,G,4,26597,118,KATHLEEN,KLOBUCHAR,CLARK KIMMEL,MENARD,DEMOCRATIC,4,7262,DEM
GP 2020,18TH DEMOCRATIC DELEGATE,G,4,26597,118,KATHLEEN,KLOBUCHAR,CLARK KIMMEL,STARK,DEMOCRATIC,5,7263,DEM
GP 2020,18TH DEMOCRATIC DELEGATE,G,4,26597,118,KATHLEEN,KLOBUCHAR,CLARK KIMMEL,MORGAN,DEMOCRATIC,32,7264,DEM
GP 2020,18TH DEMOCRATIC DELEGATE,G,4,26597,118,KATHLEEN,KLOBUCHAR,CLARK KIMMEL,McDONOUGH,DEMOCRATIC,42,7265,DEM
GP 2020,18TH DEMOCRATIC DELEGATE,G,4,26310,118,JAY,BIDEN,BRINEY,ADAMS,DEMOCRATIC,1998,7266,DEM
GP 2020,18TH DEMOCRATIC DELEGATE,G,4,26310,118,JAY,BIDEN,BRINEY,MENARD,DEMOCRATIC,392,7267,DEM
GP 2020,18TH DEMOCRATIC DELEGATE,G,4,26310,118,JAY,BIDEN,BRINEY,STARK,DEMOCRATIC,125,7268,DEM
GP 2020,18TH DEMOCRATIC DELEGATE,G,4,26310,118,JAY,BIDEN,BRINEY,MARSHALL,DEMOCRATIC,371,7269,DEM
GP 2020,18TH DEMOCRATIC DELEGATE,G,4,26310,118,JAY,BIDEN,BRINEY,WOODFORD,DEMOCRATIC,1246,7270,DEM
GP 2020,18TH DEMOCRATIC DELEGATE,G,4,26310,118,JAY,BIDEN,BRINEY,PIKE,DEMOCRATIC,384,7271,DEM
GP 2020,18TH DEMOCRATIC DELEGATE,G,4,26310,118,JAY,BIDEN,BRINEY,PEORIA,DEMOCRATIC,5274,7272,DEM
GP 2020,18TH DEMOCRATIC DELEGATE,G,4,26310,118,JAY,BIDEN,BRINEY,CASS,DEMOCRATIC,399,7273,DEM
GP 2020,18TH DEMOCRATIC DELEGATE,G,4,26310,118,JAY,BIDEN,BRINEY,LOGAN,DEMOCRATIC,572,7274,DEM
GP 2020,18TH DEMOCRATIC DELEGATE,G,4,26310,118,JAY,BIDEN,BRINEY,McLEAN,DEMOCRATIC,5865,7275,DEM
GP 2020,18TH DEMOCRATIC DELEGATE,G,4,26310,118,JAY,BIDEN,BRINEY,HANCOCK,DEMOCRATIC,695,7276,DEM
GP 2020,18TH DEMOCRATIC DELEGATE,G,4,26310,118,JAY,BIDEN,BRINEY,SCHUYLER,DEMOCRATIC,278,7277,DEM
GP 2020,18TH DEMOCRATIC DELEGATE,G,4,26310,118,JAY,BIDEN,BRINEY,BROWN,DEMOCRATIC,123,7278,DEM
GP 2020,18TH DEMOCRATIC DELEGATE,G,4,26310,118,JAY,BIDEN,BRINEY,SANGAMON,DEMOCRATIC,4621,7279,DEM
GP 2020,18TH DEMOCRATIC DELEGATE,G,4,26310,118,JAY,BIDEN,BRINEY,SCOTT,DEMOCRATIC,87,7280,DEM
GP 2020,18TH DEMOCRATIC DELEGATE,G,4,26310,118,JAY,BIDEN,BRINEY,TAZEWELL,DEMOCRATIC,3570,7281,DEM
GP 2020,18TH DEMOCRATIC DELEGATE,G,4,26310,118,JAY,BIDEN,BRINEY,MORGAN,DEMOCRATIC,899,7282,DEM
GP 2020,18TH DEMOCRATIC DELEGATE,G,4,26310,118,JAY,BIDEN,BRINEY,McDONOUGH,DEMOCRATIC,1094,7283,DEM
GP 2020,18TH DEMOCRATIC DELEGATE,G,4,26310,118,JAY,BIDEN,BRINEY,MASON,DEMOCRATIC,743,7284,DEM
GP 2020,18TH DEMOCRATIC DELEGATE,G,4,26308,118,LIZ,BIDEN,BROWN-REEVES,MORGAN,DEMOCRATIC,1025,7285,DEM
GP 2020,18TH DEMOCRATIC DELEGATE,G,4,26308,118,LIZ,BIDEN,BROWN-REEVES,McDONOUGH,DEMOCRATIC,1186,7286,DEM
GP 2020,18TH DEMOCRATIC DELEGATE,G,4,26308,118,LIZ,BIDEN,BROWN-REEVES,MASON,DEMOCRATIC,673,7287,DEM
GP 2020,18TH DEMOCRATIC DELEGATE,G,4,26308,118,LIZ,BIDEN,BROWN-REEVES,SCHUYLER,DEMOCRATIC,272,7288,DEM
GP 2020,18TH DEMOCRATIC DELEGATE,G,4,26308,118,LIZ,BIDEN,BROWN-REEVES,BROWN,DEMOCRATIC,127,7289,DEM
GP 2020,18TH DEMOCRATIC DELEGATE,G,4,26308,118,LIZ,BIDEN,BROWN-REEVES,PIKE,DEMOCRATIC,406,7290,DEM
GP 2020,18TH DEMOCRATIC DELEGATE,G,4,26308,118,LIZ,BIDEN,BROWN-REEVES,PEORIA,DEMOCRATIC,5374,7291,DEM
GP 2020,18TH DEMOCRATIC DELEGATE,G,4,26308,118,LIZ,BIDEN,BROWN-REEVES,WOODFORD,DEMOCRATIC,1408,7292,DEM
GP 2020,18TH DEMOCRATIC DELEGATE,G,4,26308,118,LIZ,BIDEN,BROWN-REEVES,SANGAMON,DEMOCRATIC,5097,7293,DEM
GP 2020,18TH DEMOCRATIC DELEGATE,G,4,26308,118,LIZ,BIDEN,BROWN-REEVES,SCOTT,DEMOCRATIC,97,7294,DEM
GP 2020,18TH DEMOCRATIC DELEGATE,G,4,26308,118,LIZ,BIDEN,BROWN-REEVES,TAZEWELL,DEMOCRATIC,3904,7295,DEM
GP 2020,18TH DEMOCRATIC DELEGATE,G,4,26308,118,LIZ,BIDEN,BROWN-REEVES,McLEAN,DEMOCRATIC,6889,7296,DEM
GP 2020,18TH DEMOCRATIC DELEGATE,G,4,26308,118,LIZ,BIDEN,BROWN-REEVES,HANCOCK,DEMOCRATIC,779,7297,DEM
GP 2020,18TH DEMOCRATIC DELEGATE,G,4,26308,118,LIZ,BIDEN,BROWN-REEVES,CASS,DEMOCRATIC,412,7298,DEM
GP 2020,18TH DEMOCRATIC DELEGATE,G,4,26308,118,LIZ,BIDEN,BROWN-REEVES,LOGAN,DEMOCRATIC,665,7299,DEM
GP 2020,18TH DEMOCRATIC DELEGATE,G,4,26308,118,LIZ,BIDEN,BROWN-REEVES,ADAMS,DEMOCRATIC,2147,7300,DEM
GP 2020,18TH DEMOCRATIC DELEGATE,G,4,26308,118,LIZ,BIDEN,BROWN-REEVES,MENARD,DEMOCRATIC,433,7301,DEM
GP 2020,18TH DEMOCRATIC DELEGATE,G,4,26308,118,LIZ,BIDEN,BROWN-REEVES,STARK,DEMOCRATIC,135,7302,DEM
GP 2020,18TH DEMOCRATIC DELEGATE,G,4,26308,118,LIZ,BIDEN,BROWN-REEVES,MARSHALL,DEMOCRATIC,417,7303,DEM
GP 2020,18TH DEMOCRATIC DELEGATE,G,4,26306,118,BILLY,BIDEN,HALSTEAD,MORGAN,DEMOCRATIC,928,7304,DEM
GP 2020,18TH DEMOCRATIC DELEGATE,G,4,26306,118,BILLY,BIDEN,HALSTEAD,McLEAN,DEMOCRATIC,6122,7305,DEM
GP 2020,18TH DEMOCRATIC DELEGATE,G,4,26306,118,BILLY,BIDEN,HALSTEAD,HANCOCK,DEMOCRATIC,730,7306,DEM
GP 2020,18TH DEMOCRATIC DELEGATE,G,4,26306,118,BILLY,BIDEN,HALSTEAD,SCHUYLER,DEMOCRATIC,265,7307,DEM
GP 2020,18TH DEMOCRATIC DELEGATE,G,4,26306,118,BILLY,BIDEN,HALSTEAD,BROWN,DEMOCRATIC,120,7308,DEM
GP 2020,18TH DEMOCRATIC DELEGATE,G,4,26306,118,BILLY,BIDEN,HALSTEAD,PIKE,DEMOCRATIC,416,7309,DEM
GP 2020,18TH DEMOCRATIC DELEGATE,G,4,26306,118,BILLY,BIDEN,HALSTEAD,PEORIA,DEMOCRATIC,5696,7310,DEM
GP 2020,18TH DEMOCRATIC DELEGATE,G,4,26306,118,BILLY,BIDEN,HALSTEAD,STARK,DEMOCRATIC,130,7311,DEM
GP 2020,18TH DEMOCRATIC DELEGATE,G,4,26306,118,BILLY,BIDEN,HALSTEAD,MARSHALL,DEMOCRATIC,393,7312,DEM
GP 2020,18TH DEMOCRATIC DELEGATE,G,4,26306,118,BILLY,BIDEN,HALSTEAD,WOODFORD,DEMOCRATIC,1323,7313,DEM
GP 2020,18TH DEMOCRATIC DELEGATE,G,4,26306,118,BILLY,BIDEN,HALSTEAD,SANGAMON,DEMOCRATIC,4758,7314,DEM
GP 2020,18TH DEMOCRATIC DELEGATE,G,4,26306,118,BILLY,BIDEN,HALSTEAD,SCOTT,DEMOCRATIC,92,7315,DEM
GP 2020,18TH DEMOCRATIC DELEGATE,G,4,26306,118,BILLY,BIDEN,HALSTEAD,TAZEWELL,DEMOCRATIC,3773,7316,DEM
GP 2020,18TH DEMOCRATIC DELEGATE,G,4,26306,118,BILLY,BIDEN,HALSTEAD,McDONOUGH,DEMOCRATIC,1113,7317,DEM
GP 2020,18TH DEMOCRATIC DELEGATE,G,4,26306,118,BILLY,BIDEN,HALSTEAD,MASON,DEMOCRATIC,653,7318,DEM
GP 2020,18TH DEMOCRATIC DELEGATE,G,4,26306,118,BILLY,BIDEN,HALSTEAD,CASS,DEMOCRATIC,397,7319,DEM
GP 2020,18TH DEMOCRATIC DELEGATE,G,4,26306,118,BILLY,BIDEN,HALSTEAD,LOGAN,DEMOCRATIC,603,7320,DEM
GP 2020,18TH DEMOCRATIC DELEGATE,G,4,26306,118,BILLY,BIDEN,HALSTEAD,ADAMS,DEMOCRATIC,2042,7321,DEM
GP 2020,18TH DEMOCRATIC DELEGATE,G,4,26306,118,BILLY,BIDEN,HALSTEAD,MENARD,DEMOCRATIC,392,7322,DEM
GP 2020,18TH DEMOCRATIC DELEGATE,G,4,26311,118,CHERRI A.,BIDEN,MONTGOMERY,MORGAN,DEMOCRATIC,918,7323,DEM
GP 2020,18TH DEMOCRATIC DELEGATE,G,4,26311,118,CHERRI A.,BIDEN,MONTGOMERY,McDONOUGH,DEMOCRATIC,1108,7324,DEM
GP 2020,18TH DEMOCRATIC DELEGATE,G,4,26311,118,CHERRI A.,BIDEN,MONTGOMERY,MASON,DEMOCRATIC,630,7325,DEM
GP 2020,18TH DEMOCRATIC DELEGATE,G,4,26311,118,CHERRI A.,BIDEN,MONTGOMERY,CASS,DEMOCRATIC,390,7326,DEM
GP 2020,18TH DEMOCRATIC DELEGATE,G,4,26311,118,CHERRI A.,BIDEN,MONTGOMERY,LOGAN,DEMOCRATIC,576,7327,DEM
GP 2020,18TH DEMOCRATIC DELEGATE,G,4,26311,118,CHERRI A.,BIDEN,MONTGOMERY,ADAMS,DEMOCRATIC,1990,7328,DEM
GP 2020,18TH DEMOCRATIC DELEGATE,G,4,26311,118,CHERRI A.,BIDEN,MONTGOMERY,PEORIA,DEMOCRATIC,5598,7329,DEM
GP 2020,18TH DEMOCRATIC DELEGATE,G,4,26311,118,CHERRI A.,BIDEN,MONTGOMERY,TAZEWELL,DEMOCRATIC,3725,7330,DEM
GP 2020,18TH DEMOCRATIC DELEGATE,G,4,26311,118,CHERRI A.,BIDEN,MONTGOMERY,McLEAN,DEMOCRATIC,5708,7331,DEM
GP 2020,18TH DEMOCRATIC DELEGATE,G,4,26311,118,CHERRI A.,BIDEN,MONTGOMERY,HANCOCK,DEMOCRATIC,702,7332,DEM
GP 2020,18TH DEMOCRATIC DELEGATE,G,4,26311,118,CHERRI A.,BIDEN,MONTGOMERY,SCHUYLER,DEMOCRATIC,263,7333,DEM
GP 2020,18TH DEMOCRATIC DELEGATE,G,4,26311,118,CHERRI A.,BIDEN,MONTGOMERY,BROWN,DEMOCRATIC,122,7334,DEM
GP 2020,18TH DEMOCRATIC DELEGATE,G,4,26311,118,CHERRI A.,BIDEN,MONTGOMERY,PIKE,DEMOCRATIC,398,7335,DEM
GP 2020,18TH DEMOCRATIC DELEGATE,G,4,26311,118,CHERRI A.,BIDEN,MONTGOMERY,MENARD,DEMOCRATIC,379,7336,DEM
GP 2020,18TH DEMOCRATIC DELEGATE,G,4,26311,118,CHERRI A.,BIDEN,MONTGOMERY,STARK,DEMOCRATIC,131,7337,DEM
GP 2020,18TH DEMOCRATIC DELEGATE,G,4,26311,118,CHERRI A.,BIDEN,MONTGOMERY,MARSHALL,DEMOCRATIC,386,7338,DEM
GP 2020,18TH DEMOCRATIC DELEGATE,G,4,26311,118,CHERRI A.,BIDEN,MONTGOMERY,WOODFORD,DEMOCRATIC,1290,7339,DEM
GP 2020,18TH DEMOCRATIC DELEGATE,G,4,26311,118,CHERRI A.,BIDEN,MONTGOMERY,SANGAMON,DEMOCRATIC,4682,7340,DEM
GP 2020,18TH DEMOCRATIC DELEGATE,G,4,26311,118,CHERRI A.,BIDEN,MONTGOMERY,SCOTT,DEMOCRATIC,99,7341,DEM
GP 2020,18TH DEMOCRATIC DELEGATE,G,4,26488,118,ANDREW,SANDERS,SPIRO,MORGAN,DEMOCRATIC,377,7342,DEM
GP 2020,18TH DEMOCRATIC DELEGATE,G,4,26488,118,ANDREW,SANDERS,SPIRO,McDONOUGH,DEMOCRATIC,469,7343,DEM
GP 2020,18TH DEMOCRATIC DELEGATE,G,4,26488,118,ANDREW,SANDERS,SPIRO,MASON,DEMOCRATIC,189,7344,DEM
GP 2020,18TH DEMOCRATIC DELEGATE,G,4,26488,118,ANDREW,SANDERS,SPIRO,CASS,DEMOCRATIC,137,7345,DEM
GP 2020,18TH DEMOCRATIC DELEGATE,G,4,26488,118,ANDREW,SANDERS,SPIRO,LOGAN,DEMOCRATIC,253,7346,DEM
GP 2020,18TH DEMOCRATIC DELEGATE,G,4,26488,118,ANDREW,SANDERS,SPIRO,PIKE,DEMOCRATIC,90,7347,DEM
GP 2020,18TH DEMOCRATIC DELEGATE,G,4,26488,118,ANDREW,SANDERS,SPIRO,PEORIA,DEMOCRATIC,2395,7348,DEM
GP 2020,18TH DEMOCRATIC DELEGATE,G,4,26488,118,ANDREW,SANDERS,SPIRO,SCOTT,DEMOCRATIC,44,7349,DEM
GP 2020,18TH DEMOCRATIC DELEGATE,G,4,26488,118,ANDREW,SANDERS,SPIRO,TAZEWELL,DEMOCRATIC,1614,7350,DEM
GP 2020,18TH DEMOCRATIC DELEGATE,G,4,26488,118,ANDREW,SANDERS,SPIRO,McLEAN,DEMOCRATIC,3062,7351,DEM
GP 2020,18TH DEMOCRATIC DELEGATE,G,4,26488,118,ANDREW,SANDERS,SPIRO,HANCOCK,DEMOCRATIC,166,7352,DEM
GP 2020,18TH DEMOCRATIC DELEGATE,G,4,26488,118,ANDREW,SANDERS,SPIRO,SCHUYLER,DEMOCRATIC,79,7353,DEM
GP 2020,18TH DEMOCRATIC DELEGATE,G,4,26488,118,ANDREW,SANDERS,SPIRO,BROWN,DEMOCRATIC,19,7354,DEM
GP 2020,18TH DEMOCRATIC DELEGATE,G,4,26488,118,ANDREW,SANDERS,SPIRO,ADAMS,DEMOCRATIC,672,7355,DEM
GP 2020,18TH DEMOCRATIC DELEGATE,G,4,26488,118,ANDREW,SANDERS,SPIRO,MENARD,DEMOCRATIC,114,7356,DEM
GP 2020,18TH DEMOCRATIC DELEGATE,G,4,26488,118,ANDREW,SANDERS,SPIRO,STARK,DEMOCRATIC,42,7357,DEM
GP 2020,18TH DEMOCRATIC DELEGATE,G,4,26488,118,ANDREW,SANDERS,SPIRO,MARSHALL,DEMOCRATIC,111,7358,DEM
GP 2020,18TH DEMOCRATIC DELEGATE,G,4,26488,118,ANDREW,SANDERS,SPIRO,WOODFORD,DEMOCRATIC,409,7359,DEM
GP 2020,18TH DEMOCRATIC DELEGATE,G,4,26488,118,ANDREW,SANDERS,SPIRO,SANGAMON,DEMOCRATIC,1699,7360,DEM
GP 2020,COOK - 14TH SUBCIRCUIT- LACY VACANCY,LC,1,25727,1410,DANIEL O.,,TIERNAN,COOK,DEMOCRATIC,11308,7361,DEM
GP 2020,COOK - 14TH SUBCIRCUIT- LACY VACANCY,LC,1,25546,1410,PERLA,,TIRADO,COOK,DEMOCRATIC,21831,7362,DEM
GP 2020,18TH REPUBLICAN DELEGATE,G,3,26140,118,DARIN,TRUMP,LaHOOD,MORGAN,REPUBLICAN,2256,7363,REP
GP 2020,18TH REPUBLICAN DELEGATE,G,3,26140,118,DARIN,TRUMP,LaHOOD,McDONOUGH,REPUBLICAN,1604,7364,REP
GP 2020,18TH REPUBLICAN DELEGATE,G,3,26140,118,DARIN,TRUMP,LaHOOD,MASON,REPUBLICAN,1031,7365,REP
GP 2020,18TH REPUBLICAN DELEGATE,G,3,26140,118,DARIN,TRUMP,LaHOOD,CASS,REPUBLICAN,647,7366,REP
GP 2020,18TH REPUBLICAN DELEGATE,G,3,26140,118,DARIN,TRUMP,LaHOOD,LOGAN,REPUBLICAN,3567,7367,REP
GP 2020,18TH REPUBLICAN DELEGATE,G,3,26140,118,DARIN,TRUMP,LaHOOD,ADAMS,REPUBLICAN,8140,7368,REP
GP 2020,18TH REPUBLICAN DELEGATE,G,3,26140,118,DARIN,TRUMP,LaHOOD,PEORIA,REPUBLICAN,4157,7369,REP
GP 2020,18TH REPUBLICAN DELEGATE,G,3,26140,118,DARIN,TRUMP,LaHOOD,TAZEWELL,REPUBLICAN,5862,7370,REP
GP 2020,18TH REPUBLICAN DELEGATE,G,3,26140,118,DARIN,TRUMP,LaHOOD,McLEAN,REPUBLICAN,9165,7371,REP
GP 2020,18TH REPUBLICAN DELEGATE,G,3,26140,118,DARIN,TRUMP,LaHOOD,HANCOCK,REPUBLICAN,2466,7372,REP
GP 2020,18TH REPUBLICAN DELEGATE,G,3,26140,118,DARIN,TRUMP,LaHOOD,SCHUYLER,REPUBLICAN,670,7373,REP
GP 2020,18TH REPUBLICAN DELEGATE,G,3,26140,118,DARIN,TRUMP,LaHOOD,BROWN,REPUBLICAN,799,7374,REP
GP 2020,18TH REPUBLICAN DELEGATE,G,3,26140,118,DARIN,TRUMP,LaHOOD,PIKE,REPUBLICAN,1899,7375,REP
GP 2020,18TH REPUBLICAN DELEGATE,G,3,26140,118,DARIN,TRUMP,LaHOOD,MENARD,REPUBLICAN,958,7376,REP
GP 2020,18TH REPUBLICAN DELEGATE,G,3,26140,118,DARIN,TRUMP,LaHOOD,STARK,REPUBLICAN,333,7377,REP
GP 2020,18TH REPUBLICAN DELEGATE,G,3,26140,118,DARIN,TRUMP,LaHOOD,MARSHALL,REPUBLICAN,1281,7378,REP
GP 2020,18TH REPUBLICAN DELEGATE,G,3,26140,118,DARIN,TRUMP,LaHOOD,WOODFORD,REPUBLICAN,3095,7379,REP
GP 2020,18TH REPUBLICAN DELEGATE,G,3,26140,118,DARIN,TRUMP,LaHOOD,SANGAMON,REPUBLICAN,6274,7380,REP
GP 2020,18TH REPUBLICAN DELEGATE,G,3,26140,118,DARIN,TRUMP,LaHOOD,SCOTT,REPUBLICAN,1033,7381,REP
GP 2020,18TH REPUBLICAN DELEGATE,G,3,26141,118,SALLY,TRUMP,BOMKE,MORGAN,REPUBLICAN,1327,7382,REP
GP 2020,18TH REPUBLICAN DELEGATE,G,3,26141,118,SALLY,TRUMP,BOMKE,McDONOUGH,REPUBLICAN,1139,7383,REP
GP 2020,18TH REPUBLICAN DELEGATE,G,3,26141,118,SALLY,TRUMP,BOMKE,MASON,REPUBLICAN,733,7384,REP
GP 2020,18TH REPUBLICAN DELEGATE,G,3,26141,118,SALLY,TRUMP,BOMKE,CASS,REPUBLICAN,379,7385,REP
GP 2020,18TH REPUBLICAN DELEGATE,G,3,26141,118,SALLY,TRUMP,BOMKE,LOGAN,REPUBLICAN,2100,7386,REP
GP 2020,18TH REPUBLICAN DELEGATE,G,3,26141,118,SALLY,TRUMP,BOMKE,PIKE,REPUBLICAN,1227,7387,REP
GP 2020,18TH REPUBLICAN DELEGATE,G,3,26141,118,SALLY,TRUMP,BOMKE,PEORIA,REPUBLICAN,2430,7388,REP
GP 2020,18TH REPUBLICAN DELEGATE,G,3,26141,118,SALLY,TRUMP,BOMKE,SCOTT,REPUBLICAN,411,7389,REP
GP 2020,18TH REPUBLICAN DELEGATE,G,3,26141,118,SALLY,TRUMP,BOMKE,TAZEWELL,REPUBLICAN,4273,7390,REP
GP 2020,18TH REPUBLICAN DELEGATE,G,3,26141,118,SALLY,TRUMP,BOMKE,McLEAN,REPUBLICAN,6133,7391,REP
GP 2020,18TH REPUBLICAN DELEGATE,G,3,26141,118,SALLY,TRUMP,BOMKE,HANCOCK,REPUBLICAN,1372,7392,REP
GP 2020,18TH REPUBLICAN DELEGATE,G,3,26141,118,SALLY,TRUMP,BOMKE,SCHUYLER,REPUBLICAN,431,7393,REP
GP 2020,18TH REPUBLICAN DELEGATE,G,3,26141,118,SALLY,TRUMP,BOMKE,BROWN,REPUBLICAN,489,7394,REP
GP 2020,18TH REPUBLICAN DELEGATE,G,3,26141,118,SALLY,TRUMP,BOMKE,ADAMS,REPUBLICAN,5242,7395,REP
GP 2020,18TH REPUBLICAN DELEGATE,G,3,26141,118,SALLY,TRUMP,BOMKE,MENARD,REPUBLICAN,610,7396,REP
GP 2020,18TH REPUBLICAN DELEGATE,G,3,26141,118,SALLY,TRUMP,BOMKE,STARK,REPUBLICAN,198,7397,REP
GP 2020,18TH REPUBLICAN DELEGATE,G,3,26141,118,SALLY,TRUMP,BOMKE,MARSHALL,REPUBLICAN,657,7398,REP
GP 2020,18TH REPUBLICAN DELEGATE,G,3,26141,118,SALLY,TRUMP,BOMKE,WOODFORD,REPUBLICAN,1860,7399,REP
GP 2020,18TH REPUBLICAN DELEGATE,G,3,26141,118,SALLY,TRUMP,BOMKE,SANGAMON,REPUBLICAN,4668,7400,REP
GP 2020,18TH REPUBLICAN DELEGATE,G,3,26142,118,KATHRYN,TRUMP,SPARROW,MORGAN,REPUBLICAN,1237,7401,REP
GP 2020,18TH REPUBLICAN DELEGATE,G,3,26142,118,KATHRYN,TRUMP,SPARROW,McDONOUGH,REPUBLICAN,1135,7402,REP
GP 2020,18TH REPUBLICAN DELEGATE,G,3,26142,118,KATHRYN,TRUMP,SPARROW,MASON,REPUBLICAN,711,7403,REP
GP 2020,18TH REPUBLICAN DELEGATE,G,3,26142,118,KATHRYN,TRUMP,SPARROW,CASS,REPUBLICAN,357,7404,REP
GP 2020,18TH REPUBLICAN DELEGATE,G,3,26142,118,KATHRYN,TRUMP,SPARROW,LOGAN,REPUBLICAN,1834,7405,REP
GP 2020,18TH REPUBLICAN DELEGATE,G,3,26142,118,KATHRYN,TRUMP,SPARROW,ADAMS,REPUBLICAN,5436,7406,REP
GP 2020,18TH REPUBLICAN DELEGATE,G,3,26142,118,KATHRYN,TRUMP,SPARROW,PEORIA,REPUBLICAN,2408,7407,REP
GP 2020,18TH REPUBLICAN DELEGATE,G,3,26142,118,KATHRYN,TRUMP,SPARROW,TAZEWELL,REPUBLICAN,4280,7408,REP
GP 2020,18TH REPUBLICAN DELEGATE,G,3,26142,118,KATHRYN,TRUMP,SPARROW,McLEAN,REPUBLICAN,6205,7409,REP
GP 2020,18TH REPUBLICAN DELEGATE,G,3,26142,118,KATHRYN,TRUMP,SPARROW,HANCOCK,REPUBLICAN,1510,7410,REP
GP 2020,18TH REPUBLICAN DELEGATE,G,3,26142,118,KATHRYN,TRUMP,SPARROW,SCHUYLER,REPUBLICAN,429,7411,REP
GP 2020,18TH REPUBLICAN DELEGATE,G,3,26142,118,KATHRYN,TRUMP,SPARROW,BROWN,REPUBLICAN,484,7412,REP
GP 2020,18TH REPUBLICAN DELEGATE,G,3,26142,118,KATHRYN,TRUMP,SPARROW,PIKE,REPUBLICAN,1250,7413,REP
GP 2020,18TH REPUBLICAN DELEGATE,G,3,26142,118,KATHRYN,TRUMP,SPARROW,MENARD,REPUBLICAN,490,7414,REP
GP 2020,18TH REPUBLICAN DELEGATE,G,3,26142,118,KATHRYN,TRUMP,SPARROW,STARK,REPUBLICAN,199,7415,REP
GP 2020,18TH REPUBLICAN DELEGATE,G,3,26142,118,KATHRYN,TRUMP,SPARROW,MARSHALL,REPUBLICAN,656,7416,REP
GP 2020,18TH REPUBLICAN DELEGATE,G,3,26142,118,KATHRYN,TRUMP,SPARROW,WOODFORD,REPUBLICAN,1874,7417,REP
GP 2020,18TH REPUBLICAN DELEGATE,G,3,26142,118,KATHRYN,TRUMP,SPARROW,SANGAMON,REPUBLICAN,4040,7418,REP
GP 2020,18TH REPUBLICAN DELEGATE,G,3,26142,118,KATHRYN,TRUMP,SPARROW,SCOTT,REPUBLICAN,379,7419,REP
GP 2020,COOK - 15TH SUBCIRCUIT - GRIFFIN VACANCY,LC,1,25521,1505,HEATHER MULLIGAN,,BEGLEY,COOK,DEMOCRATIC,23103,7420,DEM
GP 2020,COOK - 15TH SUBCIRCUIT - GRIFFIN VACANCY,LC,1,25459,1505,NICHOLE C.,,PATTON,COOK,DEMOCRATIC,32388,7421,DEM
GP 2020,18TH REPUBLICAN ALTERNATE DELEGATE,G,3,26143,218,LORI,TRUMP,McKEE,MORGAN,REPUBLICAN,1811,7422,REP
GP 2020,18TH REPUBLICAN ALTERNATE DELEGATE,G,3,26143,218,LORI,TRUMP,McKEE,McDONOUGH,REPUBLICAN,1405,7423,REP
GP 2020,18TH REPUBLICAN ALTERNATE DELEGATE,G,3,26143,218,LORI,TRUMP,McKEE,MASON,REPUBLICAN,839,7424,REP
GP 2020,18TH REPUBLICAN ALTERNATE DELEGATE,G,3,26143,218,LORI,TRUMP,McKEE,CASS,REPUBLICAN,514,7425,REP
GP 2020,18TH REPUBLICAN ALTERNATE DELEGATE,G,3,26143,218,LORI,TRUMP,McKEE,LOGAN,REPUBLICAN,2635,7426,REP
GP 2020,18TH REPUBLICAN ALTERNATE DELEGATE,G,3,26143,218,LORI,TRUMP,McKEE,ADAMS,REPUBLICAN,6806,7427,REP
GP 2020,18TH REPUBLICAN ALTERNATE DELEGATE,G,3,26143,218,LORI,TRUMP,McKEE,PEORIA,REPUBLICAN,3382,7428,REP
GP 2020,18TH REPUBLICAN ALTERNATE DELEGATE,G,3,26143,218,LORI,TRUMP,McKEE,TAZEWELL,REPUBLICAN,4854,7429,REP
GP 2020,18TH REPUBLICAN ALTERNATE DELEGATE,G,3,26143,218,LORI,TRUMP,McKEE,McLEAN,REPUBLICAN,7600,7430,REP
GP 2020,18TH REPUBLICAN ALTERNATE DELEGATE,G,3,26143,218,LORI,TRUMP,McKEE,HANCOCK,REPUBLICAN,1987,7431,REP
GP 2020,18TH REPUBLICAN ALTERNATE DELEGATE,G,3,26143,218,LORI,TRUMP,McKEE,SCHUYLER,REPUBLICAN,555,7432,REP
GP 2020,18TH REPUBLICAN ALTERNATE DELEGATE,G,3,26143,218,LORI,TRUMP,McKEE,BROWN,REPUBLICAN,690,7433,REP
GP 2020,18TH REPUBLICAN ALTERNATE DELEGATE,G,3,26143,218,LORI,TRUMP,McKEE,PIKE,REPUBLICAN,1605,7434,REP
GP 2020,18TH REPUBLICAN ALTERNATE DELEGATE,G,3,26143,218,LORI,TRUMP,McKEE,MENARD,REPUBLICAN,760,7435,REP
GP 2020,18TH REPUBLICAN ALTERNATE DELEGATE,G,3,26143,218,LORI,TRUMP,McKEE,STARK,REPUBLICAN,249,7436,REP
GP 2020,18TH REPUBLICAN ALTERNATE DELEGATE,G,3,26143,218,LORI,TRUMP,McKEE,MARSHALL,REPUBLICAN,994,7437,REP
GP 2020,18TH REPUBLICAN ALTERNATE DELEGATE,G,3,26143,218,LORI,TRUMP,McKEE,WOODFORD,REPUBLICAN,2363,7438,REP
GP 2020,18TH REPUBLICAN ALTERNATE DELEGATE,G,3,26143,218,LORI,TRUMP,McKEE,SANGAMON,REPUBLICAN,5161,7439,REP
GP 2020,18TH REPUBLICAN ALTERNATE DELEGATE,G,3,26143,218,LORI,TRUMP,McKEE,SCOTT,REPUBLICAN,726,7440,REP
GP 2020,18TH REPUBLICAN ALTERNATE DELEGATE,G,3,26144,218,CHRISTIAN,TRUMP,GRAMM,MORGAN,REPUBLICAN,1472,7441,REP
GP 2020,18TH REPUBLICAN ALTERNATE DELEGATE,G,3,26144,218,CHRISTIAN,TRUMP,GRAMM,McDONOUGH,REPUBLICAN,1203,7442,REP
GP 2020,18TH REPUBLICAN ALTERNATE DELEGATE,G,3,26144,218,CHRISTIAN,TRUMP,GRAMM,MASON,REPUBLICAN,806,7443,REP
GP 2020,18TH REPUBLICAN ALTERNATE DELEGATE,G,3,26144,218,CHRISTIAN,TRUMP,GRAMM,CASS,REPUBLICAN,425,7444,REP
GP 2020,18TH REPUBLICAN ALTERNATE DELEGATE,G,3,26144,218,CHRISTIAN,TRUMP,GRAMM,LOGAN,REPUBLICAN,2263,7445,REP
GP 2020,18TH REPUBLICAN ALTERNATE DELEGATE,G,3,26144,218,CHRISTIAN,TRUMP,GRAMM,ADAMS,REPUBLICAN,6124,7446,REP
GP 2020,18TH REPUBLICAN ALTERNATE DELEGATE,G,3,26144,218,CHRISTIAN,TRUMP,GRAMM,PEORIA,REPUBLICAN,2761,7447,REP
GP 2020,18TH REPUBLICAN ALTERNATE DELEGATE,G,3,26144,218,CHRISTIAN,TRUMP,GRAMM,TAZEWELL,REPUBLICAN,4692,7448,REP
GP 2020,18TH REPUBLICAN ALTERNATE DELEGATE,G,3,26144,218,CHRISTIAN,TRUMP,GRAMM,McLEAN,REPUBLICAN,7048,7449,REP
GP 2020,18TH REPUBLICAN ALTERNATE DELEGATE,G,3,26144,218,CHRISTIAN,TRUMP,GRAMM,HANCOCK,REPUBLICAN,1651,7450,REP
GP 2020,18TH REPUBLICAN ALTERNATE DELEGATE,G,3,26144,218,CHRISTIAN,TRUMP,GRAMM,SCHUYLER,REPUBLICAN,474,7451,REP
GP 2020,18TH REPUBLICAN ALTERNATE DELEGATE,G,3,26144,218,CHRISTIAN,TRUMP,GRAMM,BROWN,REPUBLICAN,527,7452,REP
GP 2020,18TH REPUBLICAN ALTERNATE DELEGATE,G,3,26144,218,CHRISTIAN,TRUMP,GRAMM,PIKE,REPUBLICAN,1399,7453,REP
GP 2020,18TH REPUBLICAN ALTERNATE DELEGATE,G,3,26144,218,CHRISTIAN,TRUMP,GRAMM,MENARD,REPUBLICAN,594,7454,REP
GP 2020,18TH REPUBLICAN ALTERNATE DELEGATE,G,3,26144,218,CHRISTIAN,TRUMP,GRAMM,STARK,REPUBLICAN,233,7455,REP
GP 2020,18TH REPUBLICAN ALTERNATE DELEGATE,G,3,26144,218,CHRISTIAN,TRUMP,GRAMM,MARSHALL,REPUBLICAN,771,7456,REP
GP 2020,18TH REPUBLICAN ALTERNATE DELEGATE,G,3,26144,218,CHRISTIAN,TRUMP,GRAMM,WOODFORD,REPUBLICAN,2223,7457,REP
GP 2020,18TH REPUBLICAN ALTERNATE DELEGATE,G,3,26144,218,CHRISTIAN,TRUMP,GRAMM,SANGAMON,REPUBLICAN,4435,7458,REP
GP 2020,18TH REPUBLICAN ALTERNATE DELEGATE,G,3,26144,218,CHRISTIAN,TRUMP,GRAMM,SCOTT,REPUBLICAN,522,7459,REP
GP 2020,18TH REPUBLICAN ALTERNATE DELEGATE,G,3,26145,218,MATTHEW,TRUMP,MAU,MORGAN,REPUBLICAN,1301,7460,REP
GP 2020,18TH REPUBLICAN ALTERNATE DELEGATE,G,3,26145,218,MATTHEW,TRUMP,MAU,McDONOUGH,REPUBLICAN,1108,7461,REP
GP 2020,18TH REPUBLICAN ALTERNATE DELEGATE,G,3,26145,218,MATTHEW,TRUMP,MAU,MASON,REPUBLICAN,696,7462,REP
GP 2020,18TH REPUBLICAN ALTERNATE DELEGATE,G,3,26145,218,MATTHEW,TRUMP,MAU,CASS,REPUBLICAN,384,7463,REP
GP 2020,18TH REPUBLICAN ALTERNATE DELEGATE,G,3,26145,218,MATTHEW,TRUMP,MAU,BROWN,REPUBLICAN,476,7464,REP
GP 2020,18TH REPUBLICAN ALTERNATE DELEGATE,G,3,26145,218,MATTHEW,TRUMP,MAU,PIKE,REPUBLICAN,1265,7465,REP
GP 2020,18TH REPUBLICAN ALTERNATE DELEGATE,G,3,26145,218,MATTHEW,TRUMP,MAU,PEORIA,REPUBLICAN,2502,7466,REP
GP 2020,18TH REPUBLICAN ALTERNATE DELEGATE,G,3,26145,218,MATTHEW,TRUMP,MAU,SANGAMON,REPUBLICAN,4279,7467,REP
GP 2020,18TH REPUBLICAN ALTERNATE DELEGATE,G,3,26145,218,MATTHEW,TRUMP,MAU,SCOTT,REPUBLICAN,405,7468,REP
GP 2020,18TH REPUBLICAN ALTERNATE DELEGATE,G,3,26145,218,MATTHEW,TRUMP,MAU,TAZEWELL,REPUBLICAN,4283,7469,REP
GP 2020,18TH REPUBLICAN ALTERNATE DELEGATE,G,3,26145,218,MATTHEW,TRUMP,MAU,McLEAN,REPUBLICAN,6021,7470,REP
GP 2020,18TH REPUBLICAN ALTERNATE DELEGATE,G,3,26145,218,MATTHEW,TRUMP,MAU,HANCOCK,REPUBLICAN,1373,7471,REP
GP 2020,18TH REPUBLICAN ALTERNATE DELEGATE,G,3,26145,218,MATTHEW,TRUMP,MAU,SCHUYLER,REPUBLICAN,410,7472,REP
GP 2020,18TH REPUBLICAN ALTERNATE DELEGATE,G,3,26145,218,MATTHEW,TRUMP,MAU,LOGAN,REPUBLICAN,1787,7473,REP
GP 2020,18TH REPUBLICAN ALTERNATE DELEGATE,G,3,26145,218,MATTHEW,TRUMP,MAU,ADAMS,REPUBLICAN,5206,7474,REP
GP 2020,18TH REPUBLICAN ALTERNATE DELEGATE,G,3,26145,218,MATTHEW,TRUMP,MAU,MENARD,REPUBLICAN,533,7475,REP
GP 2020,18TH REPUBLICAN ALTERNATE DELEGATE,G,3,26145,218,MATTHEW,TRUMP,MAU,STARK,REPUBLICAN,199,7476,REP
GP 2020,18TH REPUBLICAN ALTERNATE DELEGATE,G,3,26145,218,MATTHEW,TRUMP,MAU,MARSHALL,REPUBLICAN,658,7477,REP
GP 2020,18TH REPUBLICAN ALTERNATE DELEGATE,G,3,26145,218,MATTHEW,TRUMP,MAU,WOODFORD,REPUBLICAN,1867,7478,REP
GP 2020,5TH SUPREME - KARMEIER VACANCY,LA,1,25926,505,JOHN B.,,"BARBERIS, JR.",RANDOLPH,REPUBLICAN,617,7479,REP
GP 2020,5TH SUPREME - KARMEIER VACANCY,LA,1,25926,505,JOHN B.,,"BARBERIS, JR.",JASPER,REPUBLICAN,347,7480,REP
GP 2020,5TH SUPREME - KARMEIER VACANCY,LA,1,25926,505,JOHN B.,,"BARBERIS, JR.",LAWRENCE,REPUBLICAN,352,7481,REP
GP 2020,5TH SUPREME - KARMEIER VACANCY,LA,1,25926,505,JOHN B.,,"BARBERIS, JR.",SHELBY,REPUBLICAN,748,7482,REP
GP 2020,5TH SUPREME - KARMEIER VACANCY,LA,1,25926,505,JOHN B.,,"BARBERIS, JR.",WILLIAMSON,REPUBLICAN,691,7483,REP
GP 2020,5TH SUPREME - KARMEIER VACANCY,LA,1,25926,505,JOHN B.,,"BARBERIS, JR.",JOHNSON,REPUBLICAN,334,7484,REP
GP 2020,5TH SUPREME - KARMEIER VACANCY,LA,1,25926,505,JOHN B.,,"BARBERIS, JR.",FAYETTE,REPUBLICAN,486,7485,REP
GP 2020,5TH SUPREME - KARMEIER VACANCY,LA,1,25926,505,JOHN B.,,"BARBERIS, JR.",ALEXANDER,REPUBLICAN,39,7486,REP
GP 2020,5TH SUPREME - KARMEIER VACANCY,LA,1,25926,505,JOHN B.,,"BARBERIS, JR.",MARION,REPUBLICAN,659,7487,REP
GP 2020,5TH SUPREME - KARMEIER VACANCY,LA,1,25926,505,JOHN B.,,"BARBERIS, JR.",JACKSON,REPUBLICAN,566,7488,REP
GP 2020,5TH SUPREME - KARMEIER VACANCY,LA,1,25926,505,JOHN B.,,"BARBERIS, JR.",UNION,REPUBLICAN,257,7489,REP
GP 2020,5TH SUPREME - KARMEIER VACANCY,LA,1,25926,505,JOHN B.,,"BARBERIS, JR.",WHITE,REPUBLICAN,286,7490,REP
GP 2020,5TH SUPREME - KARMEIER VACANCY,LA,1,25926,505,JOHN B.,,"BARBERIS, JR.",WAYNE,REPUBLICAN,585,7491,REP
GP 2020,5TH SUPREME - KARMEIER VACANCY,LA,1,25926,505,JOHN B.,,"BARBERIS, JR.",SALINE,REPUBLICAN,338,7492,REP
GP 2020,5TH SUPREME - KARMEIER VACANCY,LA,1,25926,505,JOHN B.,,"BARBERIS, JR.",RICHLAND,REPUBLICAN,447,7493,REP
GP 2020,5TH SUPREME - KARMEIER VACANCY,LA,1,25926,505,JOHN B.,,"BARBERIS, JR.",MONROE,REPUBLICAN,630,7494,REP
GP 2020,5TH SUPREME - KARMEIER VACANCY,LA,1,25926,505,JOHN B.,,"BARBERIS, JR.",FRANKLIN,REPUBLICAN,448,7495,REP
GP 2020,5TH SUPREME - KARMEIER VACANCY,LA,1,25926,505,JOHN B.,,"BARBERIS, JR.",WABASH,REPUBLICAN,387,7496,REP
GP 2020,5TH SUPREME - KARMEIER VACANCY,LA,1,25926,505,JOHN B.,,"BARBERIS, JR.",EFFINGHAM,REPUBLICAN,1285,7497,REP
GP 2020,5TH SUPREME - KARMEIER VACANCY,LA,1,25926,505,JOHN B.,,"BARBERIS, JR.",CLINTON,REPUBLICAN,991,7498,REP
GP 2020,5TH SUPREME - KARMEIER VACANCY,LA,1,25926,505,JOHN B.,,"BARBERIS, JR.",ST. CLAIR,REPUBLICAN,2865,7499,REP
GP 2020,5TH SUPREME - KARMEIER VACANCY,LA,1,25926,505,JOHN B.,,"BARBERIS, JR.",POPE,REPUBLICAN,92,7500,REP
GP 2020,5TH SUPREME - KARMEIER VACANCY,LA,1,25926,505,JOHN B.,,"BARBERIS, JR.",MASSAC,REPUBLICAN,239,7501,REP
GP 2020,5TH SUPREME - KARMEIER VACANCY,LA,1,25926,505,JOHN B.,,"BARBERIS, JR.",PERRY,REPUBLICAN,451,7502,REP
GP 2020,5TH SUPREME - KARMEIER VACANCY,LA,1,25926,505,JOHN B.,,"BARBERIS, JR.",WASHINGTON,REPUBLICAN,369,7503,REP
GP 2020,5TH SUPREME - KARMEIER VACANCY,LA,1,25926,505,JOHN B.,,"BARBERIS, JR.",BOND,REPUBLICAN,375,7504,REP
GP 2020,5TH SUPREME - KARMEIER VACANCY,LA,1,25926,505,JOHN B.,,"BARBERIS, JR.",CHRISTIAN,REPUBLICAN,586,7505,REP
GP 2020,5TH SUPREME - KARMEIER VACANCY,LA,1,25926,505,JOHN B.,,"BARBERIS, JR.",PULASKI,REPUBLICAN,96,7506,REP
GP 2020,5TH SUPREME - KARMEIER VACANCY,LA,1,25926,505,JOHN B.,,"BARBERIS, JR.",MADISON,REPUBLICAN,6005,7507,REP
GP 2020,5TH SUPREME - KARMEIER VACANCY,LA,1,25926,505,JOHN B.,,"BARBERIS, JR.",GALLATIN,REPUBLICAN,65,7508,REP
GP 2020,5TH SUPREME - KARMEIER VACANCY,LA,1,25926,505,JOHN B.,,"BARBERIS, JR.",HARDIN,REPUBLICAN,40,7509,REP
GP 2020,5TH SUPREME - KARMEIER VACANCY,LA,1,25926,505,JOHN B.,,"BARBERIS, JR.",JEFFERSON,REPUBLICAN,345,7510,REP
GP 2020,5TH SUPREME - KARMEIER VACANCY,LA,1,25926,505,JOHN B.,,"BARBERIS, JR.",CLAY,REPUBLICAN,470,7511,REP
GP 2020,5TH SUPREME - KARMEIER VACANCY,LA,1,25926,505,JOHN B.,,"BARBERIS, JR.",EDWARDS,REPUBLICAN,199,7512,REP
GP 2020,5TH SUPREME - KARMEIER VACANCY,LA,1,25926,505,JOHN B.,,"BARBERIS, JR.",HAMILTON,REPUBLICAN,103,7513,REP
GP 2020,5TH SUPREME - KARMEIER VACANCY,LA,1,25926,505,JOHN B.,,"BARBERIS, JR.",MONTGOMERY,REPUBLICAN,504,7514,REP
GP 2020,5TH SUPREME - KARMEIER VACANCY,LA,1,25926,505,JOHN B.,,"BARBERIS, JR.",CRAWFORD,REPUBLICAN,480,7515,REP
GP 2020,5TH SUPREME - KARMEIER VACANCY,LA,1,25951,505,JUDY,,CATES,POPE,DEMOCRATIC,183,7516,DEM
GP 2020,5TH SUPREME - KARMEIER VACANCY,LA,1,25951,505,JUDY,,CATES,MASSAC,DEMOCRATIC,593,7517,DEM
GP 2020,5TH SUPREME - KARMEIER VACANCY,LA,1,25951,505,JUDY,,CATES,PERRY,DEMOCRATIC,1092,7518,DEM
GP 2020,5TH SUPREME - KARMEIER VACANCY,LA,1,25951,505,JUDY,,CATES,WASHINGTON,DEMOCRATIC,540,7519,DEM
GP 2020,5TH SUPREME - KARMEIER VACANCY,LA,1,25951,505,JUDY,,CATES,SALINE,DEMOCRATIC,1090,7520,DEM
GP 2020,5TH SUPREME - KARMEIER VACANCY,LA,1,25951,505,JUDY,,CATES,RICHLAND,DEMOCRATIC,661,7521,DEM
GP 2020,5TH SUPREME - KARMEIER VACANCY,LA,1,25951,505,JUDY,,CATES,FAYETTE,DEMOCRATIC,692,7522,DEM
GP 2020,5TH SUPREME - KARMEIER VACANCY,LA,1,25951,505,JUDY,,CATES,ALEXANDER,DEMOCRATIC,378,7523,DEM
GP 2020,5TH SUPREME - KARMEIER VACANCY,LA,1,25951,505,JUDY,,CATES,MARION,DEMOCRATIC,2264,7524,DEM
GP 2020,5TH SUPREME - KARMEIER VACANCY,LA,1,25951,505,JUDY,,CATES,JACKSON,DEMOCRATIC,5299,7525,DEM
GP 2020,5TH SUPREME - KARMEIER VACANCY,LA,1,25951,505,JUDY,,CATES,UNION,DEMOCRATIC,1228,7526,DEM
GP 2020,5TH SUPREME - KARMEIER VACANCY,LA,1,25951,505,JUDY,,CATES,WHITE,DEMOCRATIC,659,7527,DEM
GP 2020,5TH SUPREME - KARMEIER VACANCY,LA,1,25951,505,JUDY,,CATES,WAYNE,DEMOCRATIC,479,7528,DEM
GP 2020,5TH SUPREME - KARMEIER VACANCY,LA,1,25951,505,JUDY,,CATES,CLINTON,DEMOCRATIC,1331,7529,DEM
GP 2020,5TH SUPREME - KARMEIER VACANCY,LA,1,25951,505,JUDY,,CATES,ST. CLAIR,DEMOCRATIC,24100,7530,DEM
GP 2020,5TH SUPREME - KARMEIER VACANCY,LA,1,25951,505,JUDY,,CATES,MONROE,DEMOCRATIC,2134,7531,DEM
GP 2020,5TH SUPREME - KARMEIER VACANCY,LA,1,25951,505,JUDY,,CATES,FRANKLIN,DEMOCRATIC,2198,7532,DEM
GP 2020,5TH SUPREME - KARMEIER VACANCY,LA,1,25951,505,JUDY,,CATES,WABASH,DEMOCRATIC,446,7533,DEM
GP 2020,5TH SUPREME - KARMEIER VACANCY,LA,1,25951,505,JUDY,,CATES,EFFINGHAM,DEMOCRATIC,1414,7534,DEM
GP 2020,5TH SUPREME - KARMEIER VACANCY,LA,1,25951,505,JUDY,,CATES,BOND,DEMOCRATIC,952,7535,DEM
GP 2020,5TH SUPREME - KARMEIER VACANCY,LA,1,25951,505,JUDY,,CATES,CHRISTIAN,DEMOCRATIC,1671,7536,DEM
GP 2020,5TH SUPREME - KARMEIER VACANCY,LA,1,25951,505,JUDY,,CATES,PULASKI,DEMOCRATIC,308,7537,DEM
GP 2020,5TH SUPREME - KARMEIER VACANCY,LA,1,25951,505,JUDY,,CATES,MADISON,DEMOCRATIC,21993,7538,DEM
GP 2020,5TH SUPREME - KARMEIER VACANCY,LA,1,25951,505,JUDY,,CATES,GALLATIN,DEMOCRATIC,368,7539,DEM
GP 2020,5TH SUPREME - KARMEIER VACANCY,LA,1,25951,505,JUDY,,CATES,HARDIN,DEMOCRATIC,200,7540,DEM
GP 2020,5TH SUPREME - KARMEIER VACANCY,LA,1,25951,505,JUDY,,CATES,JEFFERSON,DEMOCRATIC,1724,7541,DEM
GP 2020,5TH SUPREME - KARMEIER VACANCY,LA,1,25951,505,JUDY,,CATES,CLAY,DEMOCRATIC,412,7542,DEM
GP 2020,5TH SUPREME - KARMEIER VACANCY,LA,1,25951,505,JUDY,,CATES,EDWARDS,DEMOCRATIC,184,7543,DEM
GP 2020,5TH SUPREME - KARMEIER VACANCY,LA,1,25951,505,JUDY,,CATES,HAMILTON,DEMOCRATIC,479,7544,DEM
GP 2020,5TH SUPREME - KARMEIER VACANCY,LA,1,25951,505,JUDY,,CATES,MONTGOMERY,DEMOCRATIC,1396,7545,DEM
GP 2020,5TH SUPREME - KARMEIER VACANCY,LA,1,25951,505,JUDY,,CATES,CRAWFORD,DEMOCRATIC,861,7546,DEM
GP 2020,5TH SUPREME - KARMEIER VACANCY,LA,1,25951,505,JUDY,,CATES,RANDOLPH,DEMOCRATIC,1522,7547,DEM
GP 2020,5TH SUPREME - KARMEIER VACANCY,LA,1,25951,505,JUDY,,CATES,JASPER,DEMOCRATIC,409,7548,DEM
GP 2020,5TH SUPREME - KARMEIER VACANCY,LA,1,25951,505,JUDY,,CATES,LAWRENCE,DEMOCRATIC,615,7549,DEM
GP 2020,5TH SUPREME - KARMEIER VACANCY,LA,1,25951,505,JUDY,,CATES,SHELBY,DEMOCRATIC,1109,7550,DEM
GP 2020,5TH SUPREME - KARMEIER VACANCY,LA,1,25951,505,JUDY,,CATES,WILLIAMSON,DEMOCRATIC,3667,7551,DEM
GP 2020,5TH SUPREME - KARMEIER VACANCY,LA,1,25951,505,JUDY,,CATES,JOHNSON,DEMOCRATIC,466,7552,DEM
GP 2020,5TH SUPREME - KARMEIER VACANCY,LA,1,25754,505,DAVID K.,,OVERSTREET,POPE,REPUBLICAN,407,7553,REP
GP 2020,5TH SUPREME - KARMEIER VACANCY,LA,1,25754,505,DAVID K.,,OVERSTREET,MASSAC,REPUBLICAN,1137,7554,REP
GP 2020,5TH SUPREME - KARMEIER VACANCY,LA,1,25754,505,DAVID K.,,OVERSTREET,PERRY,REPUBLICAN,1216,7555,REP
GP 2020,5TH SUPREME - KARMEIER VACANCY,LA,1,25754,505,DAVID K.,,OVERSTREET,WASHINGTON,REPUBLICAN,1767,7556,REP
GP 2020,5TH SUPREME - KARMEIER VACANCY,LA,1,25754,505,DAVID K.,,OVERSTREET,SALINE,REPUBLICAN,1949,7557,REP
GP 2020,5TH SUPREME - KARMEIER VACANCY,LA,1,25754,505,DAVID K.,,OVERSTREET,RICHLAND,REPUBLICAN,2345,7558,REP
GP 2020,5TH SUPREME - KARMEIER VACANCY,LA,1,25754,505,DAVID K.,,OVERSTREET,FAYETTE,REPUBLICAN,1978,7559,REP
GP 2020,5TH SUPREME - KARMEIER VACANCY,LA,1,25754,505,DAVID K.,,OVERSTREET,ALEXANDER,REPUBLICAN,176,7560,REP
GP 2020,5TH SUPREME - KARMEIER VACANCY,LA,1,25754,505,DAVID K.,,OVERSTREET,MARION,REPUBLICAN,3410,7561,REP
GP 2020,5TH SUPREME - KARMEIER VACANCY,LA,1,25754,505,DAVID K.,,OVERSTREET,JACKSON,REPUBLICAN,1908,7562,REP
GP 2020,5TH SUPREME - KARMEIER VACANCY,LA,1,25754,505,DAVID K.,,OVERSTREET,UNION,REPUBLICAN,1457,7563,REP
GP 2020,5TH SUPREME - KARMEIER VACANCY,LA,1,25754,505,DAVID K.,,OVERSTREET,WHITE,REPUBLICAN,1531,7564,REP
GP 2020,5TH SUPREME - KARMEIER VACANCY,LA,1,25754,505,DAVID K.,,OVERSTREET,WAYNE,REPUBLICAN,2701,7565,REP
GP 2020,5TH SUPREME - KARMEIER VACANCY,LA,1,25754,505,DAVID K.,,OVERSTREET,CLINTON,REPUBLICAN,2206,7566,REP
GP 2020,5TH SUPREME - KARMEIER VACANCY,LA,1,25754,505,DAVID K.,,OVERSTREET,ST. CLAIR,REPUBLICAN,5790,7567,REP
GP 2020,5TH SUPREME - KARMEIER VACANCY,LA,1,25754,505,DAVID K.,,OVERSTREET,MONROE,REPUBLICAN,1850,7568,REP
GP 2020,5TH SUPREME - KARMEIER VACANCY,LA,1,25754,505,DAVID K.,,OVERSTREET,FRANKLIN,REPUBLICAN,3735,7569,REP
GP 2020,5TH SUPREME - KARMEIER VACANCY,LA,1,25754,505,DAVID K.,,OVERSTREET,WABASH,REPUBLICAN,1446,7570,REP
GP 2020,5TH SUPREME - KARMEIER VACANCY,LA,1,25754,505,DAVID K.,,OVERSTREET,EFFINGHAM,REPUBLICAN,4035,7571,REP
GP 2020,5TH SUPREME - KARMEIER VACANCY,LA,1,25754,505,DAVID K.,,OVERSTREET,BOND,REPUBLICAN,846,7572,REP
GP 2020,5TH SUPREME - KARMEIER VACANCY,LA,1,25754,505,DAVID K.,,OVERSTREET,CHRISTIAN,REPUBLICAN,1799,7573,REP
GP 2020,5TH SUPREME - KARMEIER VACANCY,LA,1,25754,505,DAVID K.,,OVERSTREET,PULASKI,REPUBLICAN,737,7574,REP
GP 2020,5TH SUPREME - KARMEIER VACANCY,LA,1,25754,505,DAVID K.,,OVERSTREET,MADISON,REPUBLICAN,7262,7575,REP
GP 2020,5TH SUPREME - KARMEIER VACANCY,LA,1,25754,505,DAVID K.,,OVERSTREET,GALLATIN,REPUBLICAN,346,7576,REP
GP 2020,5TH SUPREME - KARMEIER VACANCY,LA,1,25754,505,DAVID K.,,OVERSTREET,HARDIN,REPUBLICAN,432,7577,REP
GP 2020,5TH SUPREME - KARMEIER VACANCY,LA,1,25754,505,DAVID K.,,OVERSTREET,JEFFERSON,REPUBLICAN,4459,7578,REP
GP 2020,5TH SUPREME - KARMEIER VACANCY,LA,1,25754,505,DAVID K.,,OVERSTREET,CLAY,REPUBLICAN,1794,7579,REP
GP 2020,5TH SUPREME - KARMEIER VACANCY,LA,1,25754,505,DAVID K.,,OVERSTREET,EDWARDS,REPUBLICAN,994,7580,REP
GP 2020,5TH SUPREME - KARMEIER VACANCY,LA,1,25754,505,DAVID K.,,OVERSTREET,HAMILTON,REPUBLICAN,1034,7581,REP
GP 2020,5TH SUPREME - KARMEIER VACANCY,LA,1,25754,505,DAVID K.,,OVERSTREET,MONTGOMERY,REPUBLICAN,1588,7582,REP
GP 2020,5TH SUPREME - KARMEIER VACANCY,LA,1,25754,505,DAVID K.,,OVERSTREET,CRAWFORD,REPUBLICAN,1975,7583,REP
GP 2020,5TH SUPREME - KARMEIER VACANCY,LA,1,25754,505,DAVID K.,,OVERSTREET,RANDOLPH,REPUBLICAN,1410,7584,REP
GP 2020,5TH SUPREME - KARMEIER VACANCY,LA,1,25754,505,DAVID K.,,OVERSTREET,JASPER,REPUBLICAN,1445,7585,REP
GP 2020,5TH SUPREME - KARMEIER VACANCY,LA,1,25754,505,DAVID K.,,OVERSTREET,LAWRENCE,REPUBLICAN,1227,7586,REP
GP 2020,5TH SUPREME - KARMEIER VACANCY,LA,1,25754,505,DAVID K.,,OVERSTREET,SHELBY,REPUBLICAN,2068,7587,REP
GP 2020,5TH SUPREME - KARMEIER VACANCY,LA,1,25754,505,DAVID K.,,OVERSTREET,WILLIAMSON,REPUBLICAN,4774,7588,REP
GP 2020,5TH SUPREME - KARMEIER VACANCY,LA,1,25754,505,DAVID K.,,OVERSTREET,JOHNSON,REPUBLICAN,2204,7589,REP
GP 2020,7TH CIRCUIT - PISTORIUS VACANCY,LD,1,25841,732,ALLISON,,LORTON,JERSEY,DEMOCRATIC,1254,7590,DEM
GP 2020,7TH CIRCUIT - PISTORIUS VACANCY,LD,1,25864,732,DONALD R.,,"SCHAAF, JR.",JERSEY,REPUBLICAN,1331,7591,REP
GP 2020,20TH CIRCUIT - DOYLE VACANCY,LD,1,25828,2010,CHRIS,,HITZEMANN,MONROE,REPUBLICAN,2528,7592,REP
GP 2020,11TH SENATE,J,1,26012,111,CELINA,,VILLANUEVA,COOK,DEMOCRATIC,22716,7593,DEM
GP 2020,COOK - 10TH SUBCIRCUIT - O'BRIEN VACANCY,LC,1,26013,1015,DANIEL ALEXANDER,,TREVINO,COOK,DEMOCRATIC,9415,7594,DEM
GP 2020,COOK - 10TH SUBCIRCUIT - O'BRIEN VACANCY,LC,1,26014,1015,JOHN,,HOURIHANE,COOK,DEMOCRATIC,5753,7595,DEM
GP 2020,COOK - 10TH SUBCIRCUIT - O'BRIEN VACANCY,LC,1,26020,1015,AUDREY VICTORIA,,COSGROVE,COOK,DEMOCRATIC,10641,7596,DEM
GP 2020,COOK - 10TH SUBCIRCUIT - O'BRIEN VACANCY,LC,1,26023,1015,LIAM,,KELLY,COOK,DEMOCRATIC,6662,7597,DEM
GP 2020,COOK - 10TH SUBCIRCUIT - O'BRIEN VACANCY,LC,1,26022,1015,MARY CATHERINE,,MARUBIO,COOK,DEMOCRATIC,20956,7598,DEM
GP 2020,3RD CIRCUIT - HYLLA VACANCY,LD,1,26016,315,TOM,,GIBBONS,MADISON,DEMOCRATIC,22074,7599,DEM
GP 2020,3RD CIRCUIT - HYLLA VACANCY,LD,1,26018,315,AMY,,MAHER,MADISON,REPUBLICAN,12483,7600,REP
GP 2020,13TH CIRCUIT - MARSAGLIA VACANCY,LD,1,26019,1310,SHELDON R.,,SOBOL,GRUNDY,DEMOCRATIC,3561,7601,DEM
GP 2020,21ST CIRCUIT - ERICKSON VACANCY,LD,1,26021,2110,KENNETH,,WRIGHT,IROQUOIS,DEMOCRATIC,989,7602,DEM
GP 2020,21ST CIRCUIT - ERICKSON VACANCY,LD,1,26021,2110,KENNETH,,WRIGHT,KANKAKEE,DEMOCRATIC,7209,7603,DEM
GP 2020,21ST CIRCUIT - ERICKSON VACANCY,LD,1,26017,2110,WILLIAM S.,,DICKENSON,IROQUOIS,REPUBLICAN,3024,7604,REP
GP 2020,21ST CIRCUIT - ERICKSON VACANCY,LD,1,26017,2110,WILLIAM S.,,DICKENSON,KANKAKEE,REPUBLICAN,7230,7605,REP
GP 2020,21ST CIRCUIT - KICK VACANCY,LD,1,26015,2115,LINDSAY,,PARKHURST,IROQUOIS,REPUBLICAN,3001,7606,REP
GP 2020,21ST CIRCUIT - KICK VACANCY,LD,1,26015,2115,LINDSAY,,PARKHURST,KANKAKEE,REPUBLICAN,7405,7607,REP
