Election,OfficeName,VoteFor,BallotGroup,OfficeSequence,CandidateID,CanFirstName,CanLastName,CanAffilCommit,County,Votes,PartyName,PartyAbbrev
GE 2024,110TH REPRESENTATIVE,1,J,2110,33593,Blaine,Wilhour,,MARION,14161,REPUBLICAN,REP
GE 2024,111TH REPRESENTATIVE,1,J,2111,33595,Nick,Raftopoulos,,MADISON,18716,DEMOCRATIC,DEM
GE 2024,111TH REPRESENTATIVE,1,J,2111,33594,Amy,Elik,,MADISON,29927,REPUBLICAN,REP
GE 2024,112TH REPRESENTATIVE,1,J,2112,33569,Jay,Keeven,,MADISON,15788,REPUBLICAN,REP
GE 2024,112TH REPRESENTATIVE,1,J,2112,33569,Jay,Keeven,,ST. CLAIR,7767,REPUBLICAN,REP
GE 2024,112TH REPRESENTATIVE,1,J,2112,33596,Katie,Stuart,,MADISON,18635,DEMOCRATIC,DEM
GE 2024,112TH REPRESENTATIVE,1,J,2112,33596,Katie,Stuart,,ST. CLAIR,9738,DEMOCRATIC,DEM
GE 2024,113TH REPRESENTATIVE,1,J,2113,33597,Jay,Hoffman,,MADISON,1409,DEMOCRATIC,DEM
GE 2024,113TH REPRESENTATIVE,1,J,2113,33597,Jay,Hoffman,,ST. CLAIR,38628,DEMOCRATIC,DEM
GE 2024,114TH REPRESENTATIVE,1,J,2114,33599,LaToya,Greenwood,,ST. CLAIR,22911,DEMOCRATIC,DEM
GE 2024,114TH REPRESENTATIVE,1,J,2114,33598,Kevin,Schmidt,,ST. CLAIR,25057,REPUBLICAN,REP
GE 2024,115TH REPRESENTATIVE,1,J,2115,33600,David,Friess,,RANDOLPH,12572,REPUBLICAN,REP
GE 2024,115TH REPRESENTATIVE,1,J,2115,33600,David,Friess,,WASHINGTON,1316,REPUBLICAN,REP
GE 2024,115TH REPRESENTATIVE,1,J,2115,33600,David,Friess,,ST. CLAIR,1370,REPUBLICAN,REP
GE 2024,115TH REPRESENTATIVE,1,J,2115,33600,David,Friess,,MONROE,17613,REPUBLICAN,REP
GE 2024,115TH REPRESENTATIVE,1,J,2115,33600,David,Friess,,PERRY,7852,REPUBLICAN,REP
GE 2024,115TH REPRESENTATIVE,1,J,2115,33600,David,Friess,,JACKSON,6187,REPUBLICAN,REP
GE 2024,116TH REPRESENTATIVE,1,J,2116,33601,Dave,Severin,,WABASH,4728,REPUBLICAN,REP
GE 2024,116TH REPRESENTATIVE,1,J,2116,33601,Dave,Severin,,HAMILTON,2967,REPUBLICAN,REP
GE 2024,116TH REPRESENTATIVE,1,J,2116,33601,Dave,Severin,,EDWARDS,2954,REPUBLICAN,REP
GE 2024,116TH REPRESENTATIVE,1,J,2116,33601,Dave,Severin,,WASHINGTON,37,REPUBLICAN,REP
GE 2024,116TH REPRESENTATIVE,1,J,2116,33601,Dave,Severin,,WHITE,4397,REPUBLICAN,REP
GE 2024,116TH REPRESENTATIVE,1,J,2116,33601,Dave,Severin,,FRANKLIN,8450,REPUBLICAN,REP
GE 2024,116TH REPRESENTATIVE,1,J,2116,33601,Dave,Severin,,WAYNE,7376,REPUBLICAN,REP
GE 2024,116TH REPRESENTATIVE,1,J,2116,33601,Dave,Severin,,JEFFERSON,14348,REPUBLICAN,REP
GE 2024,116TH REPRESENTATIVE,1,J,2116,33601,Dave,Severin,,MARION,121,REPUBLICAN,REP
GE 2024,117TH REPRESENTATIVE,1,J,2117,33602,Patrick,Windhorst,,WILLIAMSON,10203,REPUBLICAN,REP
GE 2024,117TH REPRESENTATIVE,1,J,2117,33602,Patrick,Windhorst,,HAMILTON,660,REPUBLICAN,REP
GE 2024,117TH REPRESENTATIVE,1,J,2117,33602,Patrick,Windhorst,,SALINE,9020,REPUBLICAN,REP
GE 2024,117TH REPRESENTATIVE,1,J,2117,33602,Patrick,Windhorst,,POPE,1884,REPUBLICAN,REP
GE 2024,117TH REPRESENTATIVE,1,J,2117,33602,Patrick,Windhorst,,HARDIN,1676,REPUBLICAN,REP
GE 2024,117TH REPRESENTATIVE,1,J,2117,33602,Patrick,Windhorst,,JOHNSON,5375,REPUBLICAN,REP
GE 2024,117TH REPRESENTATIVE,1,J,2117,33602,Patrick,Windhorst,,WHITE,1577,REPUBLICAN,REP
GE 2024,117TH REPRESENTATIVE,1,J,2117,33602,Patrick,Windhorst,,MASSAC,5868,REPUBLICAN,REP
GE 2024,117TH REPRESENTATIVE,1,J,2117,33602,Patrick,Windhorst,,FRANKLIN,6898,REPUBLICAN,REP
GE 2024,117TH REPRESENTATIVE,1,J,2117,33602,Patrick,Windhorst,,GALLATIN,2072,REPUBLICAN,REP
GE 2024,118TH REPRESENTATIVE,1,J,2118,33603,Paul,Jacobs,,PULASKI,1945,REPUBLICAN,REP
GE 2024,118TH REPRESENTATIVE,1,J,2118,33603,Paul,Jacobs,,WILLIAMSON,17120,REPUBLICAN,REP
GE 2024,118TH REPRESENTATIVE,1,J,2118,33603,Paul,Jacobs,,ALEXANDER,1676,REPUBLICAN,REP
GE 2024,118TH REPRESENTATIVE,1,J,2118,33603,Paul,Jacobs,,UNION,6851,REPUBLICAN,REP
GE 2024,118TH REPRESENTATIVE,1,J,2118,33603,Paul,Jacobs,,JACKSON,8972,REPUBLICAN,REP
GE 2024,11TH CONGRESS,1,F,11,33606,Jerry,Evans,,BOONE,5098,REPUBLICAN,REP
GE 2024,11TH CONGRESS,1,F,11,33606,Jerry,Evans,,KANE,45948,REPUBLICAN,REP
GE 2024,11TH CONGRESS,1,F,11,33606,Jerry,Evans,,WILL,11738,REPUBLICAN,REP
GE 2024,11TH CONGRESS,1,F,11,33606,Jerry,Evans,,LAKE,5272,REPUBLICAN,REP
GE 2024,11TH CONGRESS,1,F,11,33606,Jerry,Evans,,McHENRY,44721,REPUBLICAN,REP
GE 2024,11TH CONGRESS,1,F,11,33606,Jerry,Evans,,DeKALB,3094,REPUBLICAN,REP
GE 2024,11TH CONGRESS,1,F,11,33607,Bill,Foster,,WILL,23098,DEMOCRATIC,DEM
GE 2024,11TH CONGRESS,1,F,11,33607,Bill,Foster,,LAKE,5191,DEMOCRATIC,DEM
GE 2024,11TH CONGRESS,1,F,11,33607,Bill,Foster,,McHENRY,39711,DEMOCRATIC,DEM
GE 2024,11TH CONGRESS,1,F,11,33607,Bill,Foster,,DeKALB,1815,DEMOCRATIC,DEM
GE 2024,11TH CONGRESS,1,F,11,33607,Bill,Foster,,DuPAGE,66052,DEMOCRATIC,DEM
GE 2024,11TH CONGRESS,1,F,11,33607,Bill,Foster,,COOK,2359,DEMOCRATIC,DEM
GE 2024,11TH CONGRESS,1,F,11,34330,Anna,Schiefelbein,,McHENRY,24,,
GE 2024,11TH CONGRESS,1,F,11,34330,Anna,Schiefelbein,,DeKALB,1,,
GE 2024,11TH CONGRESS,1,F,11,34330,Anna,Schiefelbein,,DuPAGE,108,,
GE 2024,11TH CONGRESS,1,F,11,34330,Anna,Schiefelbein,,COOK,1,,
GE 2024,11TH CONGRESS,1,F,11,33607,Bill,Foster,,BOONE,4285,DEMOCRATIC,DEM
GE 2024,11TH CONGRESS,1,F,11,33607,Bill,Foster,,KANE,57314,DEMOCRATIC,DEM
GE 2024,11TH CONGRESS,1,F,11,33606,Jerry,Evans,,DuPAGE,40604,REPUBLICAN,REP
GE 2024,11TH CONGRESS,1,F,11,33606,Jerry,Evans,,COOK,3155,REPUBLICAN,REP
GE 2024,11TH CONGRESS,1,F,11,34330,Anna,Schiefelbein,,BOONE,5,,
GE 2024,11TH CONGRESS,1,F,11,34330,Anna,Schiefelbein,,KANE,43,,
GE 2024,11TH CONGRESS,1,F,11,34330,Anna,Schiefelbein,,WILL,43,,
GE 2024,11TH CONGRESS,1,F,11,34330,Anna,Schiefelbein,,LAKE,4,,
GE 2024,11TH REPRESENTATIVE,1,J,2011,33608,Ann M.,Williams,,COOK,48345,DEMOCRATIC,DEM
GE 2024,12TH CIRCUIT - 2ND SUBCIRCUIT - ALLEN VACANCY,1,LD,1212,33883,Katie,Rabenda,,WILL,27527,REPUBLICAN,REP
GE 2024,12TH CIRCUIT - 2ND SUBCIRCUIT - ALLEN VACANCY,1,LD,1212,33882,Jennifer M.,Lynch,,WILL,32789,DEMOCRATIC,DEM
GE 2024,12TH CIRCUIT - 4TH SUBCIRCUIT - GOMORA VACANCY,1,LD,1214,33614,Victoria Rose,Breslan,,WILL,40378,DEMOCRATIC,DEM
GE 2024,12TH CIRCUIT - O'LEARY VACANCY,1,LD,1202,33617,Art,Smigielski,,WILL,155097,REPUBLICAN,REP
GE 2024,12TH CIRCUIT - O'LEARY VACANCY,1,LD,1202,33616,Colette,Safford,,WILL,158801,DEMOCRATIC,DEM
GE 2024,12TH CONGRESS,1,F,12,33619,Brian,Roberts,,PULASKI,657,DEMOCRATIC,DEM
GE 2024,12TH CONGRESS,1,F,12,33619,Brian,Roberts,,WABASH,1128,DEMOCRATIC,DEM
GE 2024,12TH CONGRESS,1,F,12,33619,Brian,Roberts,,WILLIAMSON,9202,DEMOCRATIC,DEM
GE 2024,12TH CONGRESS,1,F,12,33619,Brian,Roberts,,RANDOLPH,3013,DEMOCRATIC,DEM
GE 2024,12TH CONGRESS,1,F,12,33619,Brian,Roberts,,CLINTON,4029,DEMOCRATIC,DEM
GE 2024,12TH CONGRESS,1,F,12,33619,Brian,Roberts,,HAMILTON,672,DEMOCRATIC,DEM
GE 2024,12TH CONGRESS,1,F,12,33618,Mike,Bost,,CLAY,5541,REPUBLICAN,REP
GE 2024,12TH CONGRESS,1,F,12,33618,Mike,Bost,,LAWRENCE,4690,REPUBLICAN,REP
GE 2024,12TH CONGRESS,1,F,12,33618,Mike,Bost,,EDWARDS,2777,REPUBLICAN,REP
GE 2024,12TH CONGRESS,1,F,12,33618,Mike,Bost,,HARDIN,1520,REPUBLICAN,REP
GE 2024,12TH CONGRESS,1,F,12,33618,Mike,Bost,,HAMILTON,3396,REPUBLICAN,REP
GE 2024,12TH CONGRESS,1,F,12,33618,Mike,Bost,,SALINE,7945,REPUBLICAN,REP
GE 2024,12TH CONGRESS,1,F,12,33618,Mike,Bost,,COLES,4586,REPUBLICAN,REP
GE 2024,12TH CONGRESS,1,F,12,33618,Mike,Bost,,ALEXANDER,1399,REPUBLICAN,REP
GE 2024,12TH CONGRESS,1,F,12,33618,Mike,Bost,,ST. CLAIR,31993,REPUBLICAN,REP
GE 2024,12TH CONGRESS,1,F,12,33618,Mike,Bost,,CUMBERLAND,4550,REPUBLICAN,REP
GE 2024,12TH CONGRESS,1,F,12,33618,Mike,Bost,,CLARK,6150,REPUBLICAN,REP
GE 2024,12TH CONGRESS,1,F,12,33618,Mike,Bost,,POPE,1712,REPUBLICAN,REP
GE 2024,12TH CONGRESS,1,F,12,33618,Mike,Bost,,EFFINGHAM,15397,REPUBLICAN,REP
GE 2024,12TH CONGRESS,1,F,12,33618,Mike,Bost,,CRAWFORD,6755,REPUBLICAN,REP
GE 2024,12TH CONGRESS,1,F,12,33618,Mike,Bost,,PERRY,7239,REPUBLICAN,REP
GE 2024,12TH CONGRESS,1,F,12,33618,Mike,Bost,,GALLATIN,1881,REPUBLICAN,REP
GE 2024,12TH CONGRESS,1,F,12,33618,Mike,Bost,,UNION,6080,REPUBLICAN,REP
GE 2024,12TH CONGRESS,1,F,12,33618,Mike,Bost,,WASHINGTON,6192,REPUBLICAN,REP
GE 2024,12TH CONGRESS,1,F,12,33618,Mike,Bost,,JOHNSON,4930,REPUBLICAN,REP
GE 2024,12TH CONGRESS,1,F,12,33618,Mike,Bost,,WHITE,5441,REPUBLICAN,REP
GE 2024,12TH CONGRESS,1,F,12,33618,Mike,Bost,,RICHLAND,5909,REPUBLICAN,REP
GE 2024,12TH CONGRESS,1,F,12,33618,Mike,Bost,,MARION,12419,REPUBLICAN,REP
GE 2024,12TH CONGRESS,1,F,12,33618,Mike,Bost,,MONROE,15040,REPUBLICAN,REP
GE 2024,12TH CONGRESS,1,F,12,33618,Mike,Bost,,MASSAC,4934,REPUBLICAN,REP
GE 2024,12TH CONGRESS,1,F,12,33618,Mike,Bost,,JASPER,4326,REPUBLICAN,REP
GE 2024,12TH CONGRESS,1,F,12,33618,Mike,Bost,,FRANKLIN,13474,REPUBLICAN,REP
GE 2024,12TH CONGRESS,1,F,12,33618,Mike,Bost,,WILLIAMSON,23539,REPUBLICAN,REP
GE 2024,12TH CONGRESS,1,F,12,33618,Mike,Bost,,RANDOLPH,11218,REPUBLICAN,REP
GE 2024,12TH CONGRESS,1,F,12,33618,Mike,Bost,,CLINTON,14935,REPUBLICAN,REP
GE 2024,12TH CONGRESS,1,F,12,33618,Mike,Bost,,WAYNE,7010,REPUBLICAN,REP
GE 2024,12TH CONGRESS,1,F,12,33618,Mike,Bost,,JACKSON,11429,REPUBLICAN,REP
GE 2024,12TH CONGRESS,1,F,12,33618,Mike,Bost,,JEFFERSON,12549,REPUBLICAN,REP
GE 2024,12TH CONGRESS,1,F,12,33619,Brian,Roberts,,ALEXANDER,820,DEMOCRATIC,DEM
GE 2024,12TH CONGRESS,1,F,12,33619,Brian,Roberts,,CLAY,1035,DEMOCRATIC,DEM
GE 2024,12TH CONGRESS,1,F,12,33619,Brian,Roberts,,LAWRENCE,1270,DEMOCRATIC,DEM
GE 2024,12TH CONGRESS,1,F,12,33619,Brian,Roberts,,CLARK,1828,DEMOCRATIC,DEM
GE 2024,12TH CONGRESS,1,F,12,33618,Mike,Bost,,PULASKI,1675,REPUBLICAN,REP
GE 2024,12TH CONGRESS,1,F,12,33618,Mike,Bost,,WABASH,4123,REPUBLICAN,REP
GE 2024,12TH CONGRESS,1,F,12,33619,Brian,Roberts,,CRAWFORD,1994,DEMOCRATIC,DEM
GE 2024,12TH CONGRESS,1,F,12,33619,Brian,Roberts,,EDWARDS,425,DEMOCRATIC,DEM
GE 2024,12TH CONGRESS,1,F,12,33619,Brian,Roberts,,HARDIN,342,DEMOCRATIC,DEM
GE 2024,12TH CONGRESS,1,F,12,33619,Brian,Roberts,,UNION,2113,DEMOCRATIC,DEM
GE 2024,12TH CONGRESS,1,F,12,33619,Brian,Roberts,,SALINE,2405,DEMOCRATIC,DEM
GE 2024,12TH CONGRESS,1,F,12,33619,Brian,Roberts,,COLES,1651,DEMOCRATIC,DEM
GE 2024,12TH CONGRESS,1,F,12,33619,Brian,Roberts,,WHITE,1371,DEMOCRATIC,DEM
GE 2024,12TH CONGRESS,1,F,12,33619,Brian,Roberts,,ST. CLAIR,17495,DEMOCRATIC,DEM
GE 2024,12TH CONGRESS,1,F,12,33619,Brian,Roberts,,CUMBERLAND,1112,DEMOCRATIC,DEM
GE 2024,12TH CONGRESS,1,F,12,33619,Brian,Roberts,,MONROE,5744,DEMOCRATIC,DEM
GE 2024,12TH CONGRESS,1,F,12,33619,Brian,Roberts,,POPE,374,DEMOCRATIC,DEM
GE 2024,12TH CONGRESS,1,F,12,33619,Brian,Roberts,,EFFINGHAM,3417,DEMOCRATIC,DEM
GE 2024,12TH CONGRESS,1,F,12,33619,Brian,Roberts,,FRANKLIN,3995,DEMOCRATIC,DEM
GE 2024,12TH CONGRESS,1,F,12,33619,Brian,Roberts,,PERRY,1955,DEMOCRATIC,DEM
GE 2024,12TH CONGRESS,1,F,12,33619,Brian,Roberts,,GALLATIN,542,DEMOCRATIC,DEM
GE 2024,12TH CONGRESS,1,F,12,33619,Brian,Roberts,,WAYNE,1086,DEMOCRATIC,DEM
GE 2024,12TH CONGRESS,1,F,12,33619,Brian,Roberts,,WASHINGTON,1279,DEMOCRATIC,DEM
GE 2024,12TH CONGRESS,1,F,12,33619,Brian,Roberts,,JOHNSON,1104,DEMOCRATIC,DEM
GE 2024,12TH CONGRESS,1,F,12,33619,Brian,Roberts,,JACKSON,10865,DEMOCRATIC,DEM
GE 2024,100TH REPRESENTATIVE,1,J,2100,33571,"Christopher ""C.D.""",Davidsmeyer,,JERSEY,9484,REPUBLICAN,REP
GE 2024,100TH REPRESENTATIVE,1,J,2100,33571,"Christopher ""C.D.""",Davidsmeyer,,BROWN,524,REPUBLICAN,REP
GE 2024,100TH REPRESENTATIVE,1,J,2100,33571,"Christopher ""C.D.""",Davidsmeyer,,CALHOUN,2268,REPUBLICAN,REP
GE 2024,100TH REPRESENTATIVE,1,J,2100,33571,"Christopher ""C.D.""",Davidsmeyer,,ADAMS,2815,REPUBLICAN,REP
GE 2024,100TH REPRESENTATIVE,1,J,2100,33571,"Christopher ""C.D.""",Davidsmeyer,,MADISON,12396,REPUBLICAN,REP
GE 2024,100TH REPRESENTATIVE,1,J,2100,33571,"Christopher ""C.D.""",Davidsmeyer,,MACOUPIN,6188,REPUBLICAN,REP
GE 2024,100TH REPRESENTATIVE,1,J,2100,33571,"Christopher ""C.D.""",Davidsmeyer,,GREENE,5213,REPUBLICAN,REP
GE 2024,100TH REPRESENTATIVE,1,J,2100,33571,"Christopher ""C.D.""",Davidsmeyer,,MORGAN,2926,REPUBLICAN,REP
GE 2024,100TH REPRESENTATIVE,1,J,2100,33571,"Christopher ""C.D.""",Davidsmeyer,,SCOTT,2292,REPUBLICAN,REP
GE 2024,100TH REPRESENTATIVE,1,J,2100,33571,"Christopher ""C.D.""",Davidsmeyer,,PIKE,6687,REPUBLICAN,REP
GE 2024,101ST REPRESENTATIVE,1,J,2101,33572,Chris G.,Miller,,MOULTRIE,316,REPUBLICAN,REP
GE 2024,101ST REPRESENTATIVE,1,J,2101,33572,Chris G.,Miller,,DOUGLAS,6948,REPUBLICAN,REP
GE 2024,101ST REPRESENTATIVE,1,J,2101,33572,Chris G.,Miller,,FORD,426,REPUBLICAN,REP
GE 2024,101ST REPRESENTATIVE,1,J,2101,33572,Chris G.,Miller,,COLES,14828,REPUBLICAN,REP
GE 2024,101ST REPRESENTATIVE,1,J,2101,33572,Chris G.,Miller,,CHAMPAIGN,14200,REPUBLICAN,REP
GE 2024,101ST REPRESENTATIVE,1,J,2101,33572,Chris G.,Miller,,VERMILION,4372,REPUBLICAN,REP
GE 2024,102ND REPRESENTATIVE,1,J,2102,33905,Adam M.,Niemerg,,EFFINGHAM,1182,REPUBLICAN,REP
GE 2024,102ND REPRESENTATIVE,1,J,2102,33905,Adam M.,Niemerg,,CRAWFORD,7972,REPUBLICAN,REP
GE 2024,102ND REPRESENTATIVE,1,J,2102,33905,Adam M.,Niemerg,,CUMBERLAND,3991,REPUBLICAN,REP
GE 2024,102ND REPRESENTATIVE,1,J,2102,33905,Adam M.,Niemerg,,JASPER,4753,REPUBLICAN,REP
GE 2024,102ND REPRESENTATIVE,1,J,2102,33905,Adam M.,Niemerg,,CHAMPAIGN,3646,REPUBLICAN,REP
GE 2024,102ND REPRESENTATIVE,1,J,2102,33905,Adam M.,Niemerg,,VERMILION,4616,REPUBLICAN,REP
GE 2024,102ND REPRESENTATIVE,1,J,2102,33905,Adam M.,Niemerg,,DOUGLAS,147,REPUBLICAN,REP
GE 2024,102ND REPRESENTATIVE,1,J,2102,33905,Adam M.,Niemerg,,EDGAR,6753,REPUBLICAN,REP
GE 2024,102ND REPRESENTATIVE,1,J,2102,33905,Adam M.,Niemerg,,COLES,1599,REPUBLICAN,REP
GE 2024,102ND REPRESENTATIVE,1,J,2102,33905,Adam M.,Niemerg,,LAWRENCE,5325,REPUBLICAN,REP
GE 2024,102ND REPRESENTATIVE,1,J,2102,33905,Adam M.,Niemerg,,CLARK,7067,REPUBLICAN,REP
GE 2024,103RD REPRESENTATIVE,1,J,2103,33573,Carol,Ammons,,CHAMPAIGN,32738,DEMOCRATIC,DEM
GE 2024,104TH REPRESENTATIVE,1,J,2104,33575,Jarrett,Clem,,CHAMPAIGN,16296,DEMOCRATIC,DEM
GE 2024,104TH REPRESENTATIVE,1,J,2104,33575,Jarrett,Clem,,VERMILION,6981,DEMOCRATIC,DEM
GE 2024,104TH REPRESENTATIVE,1,J,2104,33574,Brandun,Schweizer,,CHAMPAIGN,11385,REPUBLICAN,REP
GE 2024,104TH REPRESENTATIVE,1,J,2104,33574,Brandun,Schweizer,,VERMILION,12161,REPUBLICAN,REP
GE 2024,105TH REPRESENTATIVE,1,J,2105,33577,Morgan,Phillips,,TAZEWELL,3594,DEMOCRATIC,DEM
GE 2024,105TH REPRESENTATIVE,1,J,2105,33577,Morgan,Phillips,,LIVINGSTON,1920,DEMOCRATIC,DEM
GE 2024,105TH REPRESENTATIVE,1,J,2105,33577,Morgan,Phillips,,MARSHALL,1509,DEMOCRATIC,DEM
GE 2024,105TH REPRESENTATIVE,1,J,2105,33577,Morgan,Phillips,,WOODFORD,2754,DEMOCRATIC,DEM
GE 2024,105TH REPRESENTATIVE,1,J,2105,33577,Morgan,Phillips,,BUREAU,175,DEMOCRATIC,DEM
GE 2024,105TH REPRESENTATIVE,1,J,2105,33577,Morgan,Phillips,,PUTNAM,1205,DEMOCRATIC,DEM
GE 2024,105TH REPRESENTATIVE,1,J,2105,33576,Dennis,Tipsword Jr.,,WOODFORD,9837,REPUBLICAN,REP
GE 2024,105TH REPRESENTATIVE,1,J,2105,33576,Dennis,Tipsword Jr.,,BUREAU,251,REPUBLICAN,REP
GE 2024,105TH REPRESENTATIVE,1,J,2105,33576,Dennis,Tipsword Jr.,,PUTNAM,2004,REPUBLICAN,REP
GE 2024,105TH REPRESENTATIVE,1,J,2105,33576,Dennis,Tipsword Jr.,,PEORIA,482,REPUBLICAN,REP
GE 2024,105TH REPRESENTATIVE,1,J,2105,33576,Dennis,Tipsword Jr.,,LaSALLE,794,REPUBLICAN,REP
GE 2024,105TH REPRESENTATIVE,1,J,2105,33576,Dennis,Tipsword Jr.,,McLEAN,7933,REPUBLICAN,REP
GE 2024,105TH REPRESENTATIVE,1,J,2105,33577,Morgan,Phillips,,PEORIA,239,DEMOCRATIC,DEM
GE 2024,105TH REPRESENTATIVE,1,J,2105,33577,Morgan,Phillips,,LaSALLE,391,DEMOCRATIC,DEM
GE 2024,105TH REPRESENTATIVE,1,J,2105,33577,Morgan,Phillips,,McLEAN,5371,DEMOCRATIC,DEM
GE 2024,105TH REPRESENTATIVE,1,J,2105,33576,Dennis,Tipsword Jr.,,TAZEWELL,6933,REPUBLICAN,REP
GE 2024,105TH REPRESENTATIVE,1,J,2105,33576,Dennis,Tipsword Jr.,,LIVINGSTON,5802,REPUBLICAN,REP
GE 2024,105TH REPRESENTATIVE,1,J,2105,33576,Dennis,Tipsword Jr.,,MARSHALL,4096,REPUBLICAN,REP
GE 2024,106TH REPRESENTATIVE,1,J,2106,33578,Jason R.,Bunting,,LIVINGSTON,7609,REPUBLICAN,REP
GE 2024,106TH REPRESENTATIVE,1,J,2106,33578,Jason R.,Bunting,,FORD,5290,REPUBLICAN,REP
GE 2024,106TH REPRESENTATIVE,1,J,2106,33578,Jason R.,Bunting,,WILL,388,REPUBLICAN,REP
GE 2024,106TH REPRESENTATIVE,1,J,2106,33578,Jason R.,Bunting,,IROQUOIS,11715,REPUBLICAN,REP
GE 2024,106TH REPRESENTATIVE,1,J,2106,33578,Jason R.,Bunting,,LaSALLE,7580,REPUBLICAN,REP
GE 2024,106TH REPRESENTATIVE,1,J,2106,33578,Jason R.,Bunting,,GRUNDY,11509,REPUBLICAN,REP
GE 2024,106TH REPRESENTATIVE,1,J,2106,33578,Jason R.,Bunting,,McLEAN,987,REPUBLICAN,REP
GE 2024,107TH REPRESENTATIVE,1,J,2107,33579,Brad,Halbrook,,MOULTRIE,5169,REPUBLICAN,REP
GE 2024,107TH REPRESENTATIVE,1,J,2107,33579,Brad,Halbrook,,SHELBY,8675,REPUBLICAN,REP
GE 2024,107TH REPRESENTATIVE,1,J,2107,33579,Brad,Halbrook,,MONTGOMERY,1618,REPUBLICAN,REP
GE 2024,107TH REPRESENTATIVE,1,J,2107,33579,Brad,Halbrook,,CHRISTIAN,9138,REPUBLICAN,REP
GE 2024,107TH REPRESENTATIVE,1,J,2107,33579,Brad,Halbrook,,MACON,5889,REPUBLICAN,REP
GE 2024,107TH REPRESENTATIVE,1,J,2107,33579,Brad,Halbrook,,EFFINGHAM,14163,REPUBLICAN,REP
GE 2024,107TH REPRESENTATIVE,1,J,2107,33579,Brad,Halbrook,,CUMBERLAND,1167,REPUBLICAN,REP
GE 2024,108TH REPRESENTATIVE,1,J,2108,33580,Wayne A.,Rosenthal,,MONTGOMERY,9101,REPUBLICAN,REP
GE 2024,108TH REPRESENTATIVE,1,J,2108,33580,Wayne A.,Rosenthal,,CHRISTIAN,1016,REPUBLICAN,REP
GE 2024,108TH REPRESENTATIVE,1,J,2108,33580,Wayne A.,Rosenthal,,MENARD,5255,REPUBLICAN,REP
GE 2024,108TH REPRESENTATIVE,1,J,2108,33580,Wayne A.,Rosenthal,,SANGAMON,19218,REPUBLICAN,REP
GE 2024,108TH REPRESENTATIVE,1,J,2108,33580,Wayne A.,Rosenthal,,MACOUPIN,13546,REPUBLICAN,REP
GE 2024,109TH REPRESENTATIVE,1,J,2109,33581,Charlie,Meier,,BOND,5406,REPUBLICAN,REP
GE 2024,109TH REPRESENTATIVE,1,J,2109,33581,Charlie,Meier,,CLINTON,11397,REPUBLICAN,REP
GE 2024,109TH REPRESENTATIVE,1,J,2109,33581,Charlie,Meier,,MADISON,26569,REPUBLICAN,REP
GE 2024,109TH REPRESENTATIVE,1,J,2109,33581,Charlie,Meier,,WASHINGTON,5206,REPUBLICAN,REP
GE 2024,109TH REPRESENTATIVE,1,J,2109,33581,Charlie,Meier,,ST. CLAIR,3273,REPUBLICAN,REP
GE 2024,10TH CIRCUIT - FEHRENBACHER VACANCY,1,LD,1010,33670,Caroline,Borden Campion,,STARK,2375,REPUBLICAN,REP
GE 2024,10TH CIRCUIT - LYONS VACANCY,1,LD,1012,33582,Sean W.,Donahue,,PEORIA,55714,DEMOCRATIC,DEM
GE 2024,10TH CIRCUIT - RISINGER VACANCY,1,LD,1014,33584,Frank W.,Ierulli,,PEORIA,38007,REPUBLICAN,REP
GE 2024,10TH CIRCUIT - RISINGER VACANCY,1,LD,1014,33583,John M.,Spears,,PEORIA,38070,DEMOCRATIC,DEM
GE 2024,10TH CONGRESS,1,F,10,33585,Jim,Carris,,LAKE,97468,REPUBLICAN,REP
GE 2024,10TH CONGRESS,1,F,10,33585,Jim,Carris,,McHENRY,15461,REPUBLICAN,REP
GE 2024,10TH CONGRESS,1,F,10,33585,Jim,Carris,,COOK,18096,REPUBLICAN,REP
GE 2024,10TH CONGRESS,1,F,10,34335,Joseph,Severino,,LAKE,202,,
GE 2024,10TH CONGRESS,1,F,10,34335,Joseph,Severino,,McHENRY,18,,
GE 2024,10TH CONGRESS,1,F,10,34335,Joseph,Severino,,COOK,18,,
GE 2024,10TH CONGRESS,1,F,10,33586,Brad,Schneider,,LAKE,152969,DEMOCRATIC,DEM
GE 2024,10TH CONGRESS,1,F,10,33586,Brad,Schneider,,McHENRY,9468,DEMOCRATIC,DEM
GE 2024,10TH CONGRESS,1,F,10,33586,Brad,Schneider,,COOK,33921,DEMOCRATIC,DEM
GE 2024,10TH REPRESENTATIVE,1,J,2010,33587,"Jawaharial ""Omar""",Williams,,COOK,32201,DEMOCRATIC,DEM
GE 2024,10TH SENATE,1,J,110,33588,Jon,Luers,,COOK,34635,REPUBLICAN,REP
GE 2024,10TH SENATE,1,J,110,33589,Robert,Martwick,,COOK,54001,DEMOCRATIC,DEM
GE 2024,110TH REPRESENTATIVE,1,J,2110,33593,Blaine,Wilhour,,MONTGOMERY,437,REPUBLICAN,REP
GE 2024,110TH REPRESENTATIVE,1,J,2110,33593,Blaine,Wilhour,,BOND,1197,REPUBLICAN,REP
GE 2024,110TH REPRESENTATIVE,1,J,2110,33593,Blaine,Wilhour,,CLINTON,5568,REPUBLICAN,REP
GE 2024,110TH REPRESENTATIVE,1,J,2110,33593,Blaine,Wilhour,,CLAY,5995,REPUBLICAN,REP
GE 2024,110TH REPRESENTATIVE,1,J,2110,33593,Blaine,Wilhour,,EFFINGHAM,1605,REPUBLICAN,REP
GE 2024,110TH REPRESENTATIVE,1,J,2110,33593,Blaine,Wilhour,,RICHLAND,6336,REPUBLICAN,REP
GE 2024,110TH REPRESENTATIVE,1,J,2110,33593,Blaine,Wilhour,,FAYETTE,8320,REPUBLICAN,REP
GE 2024,12TH CONGRESS,1,F,12,33619,Brian,Roberts,,JEFFERSON,3775,DEMOCRATIC,DEM
GE 2024,12TH CONGRESS,1,F,12,33619,Brian,Roberts,,RICHLAND,1576,DEMOCRATIC,DEM
GE 2024,12TH CONGRESS,1,F,12,33619,Brian,Roberts,,MARION,4151,DEMOCRATIC,DEM
GE 2024,12TH CONGRESS,1,F,12,33619,Brian,Roberts,,MASSAC,1545,DEMOCRATIC,DEM
GE 2024,12TH CONGRESS,1,F,12,33619,Brian,Roberts,,JASPER,905,DEMOCRATIC,DEM
GE 2024,12TH REPRESENTATIVE,1,J,2012,33620,Margaret,Croke,,COOK,43586,DEMOCRATIC,DEM
GE 2024,13TH CIRCUIT - BERNABEI VACANCY,1,LD,1308,33624,Geno J.,Caffarini,,BUREAU,11442,DEMOCRATIC,DEM
GE 2024,13TH CIRCUIT - HETTEL VACANCY,1,LD,1312,33886,Todd L.,Martin,,LaSALLE,39747,DEMOCRATIC,DEM
GE 2024,13TH CIRCUIT - PETERSON VACANCY,1,LD,1310,33885,John D.,Peacock,,GRUNDY,11135,REPUBLICAN,REP
GE 2024,13TH CIRCUIT - PETERSON VACANCY,1,LD,1310,34234,Scott M.,Belt,,GRUNDY,13267,INDEPENDENT,IND
GE 2024,60TH REPRESENTATIVE,1,J,2060,34336,Joseph William,Kopsick,,LAKE,10,,
GE 2024,60TH REPRESENTATIVE,1,J,2060,33780,Rita,Mayfield,,LAKE,21947,DEMOCRATIC,DEM
GE 2024,61ST REPRESENTATIVE,1,J,2061,33781,James Creighton,"Mitchell, Jr.",,LAKE,18981,REPUBLICAN,REP
GE 2024,61ST REPRESENTATIVE,1,J,2061,33782,Joyce,Mason,,LAKE,26910,DEMOCRATIC,DEM
GE 2024,62ND REPRESENTATIVE,1,J,2062,33783,Laura,Faver Dias,,LAKE,33440,DEMOCRATIC,DEM
GE 2024,63RD REPRESENTATIVE,1,J,2063,33785,Mary,Mahady,,McHENRY,26565,DEMOCRATIC,DEM
GE 2024,63RD REPRESENTATIVE,1,J,2063,33784,Steven,Reick,,McHENRY,29711,REPUBLICAN,REP
GE 2024,64TH REPRESENTATIVE,1,J,2064,33786,Tom,Weber,,LAKE,24421,REPUBLICAN,REP
GE 2024,64TH REPRESENTATIVE,1,J,2064,33786,Tom,Weber,,McHENRY,21008,REPUBLICAN,REP
GE 2024,65TH REPRESENTATIVE,1,J,2065,33788,Linda R,Robertson,,KANE,25655,DEMOCRATIC,DEM
GE 2024,65TH REPRESENTATIVE,1,J,2065,33788,Linda R,Robertson,,DuPAGE,1018,DEMOCRATIC,DEM
GE 2024,65TH REPRESENTATIVE,1,J,2065,33787,Dan,Ugaste,,KANE,32092,REPUBLICAN,REP
GE 2024,65TH REPRESENTATIVE,1,J,2065,33787,Dan,Ugaste,,DuPAGE,1301,REPUBLICAN,REP
GE 2024,66TH REPRESENTATIVE,1,J,2066,33789,Laurie,Parman,,KANE,14407,REPUBLICAN,REP
GE 2024,66TH REPRESENTATIVE,1,J,2066,33789,Laurie,Parman,,McHENRY,9885,REPUBLICAN,REP
GE 2024,66TH REPRESENTATIVE,1,J,2066,33790,Suzanne,Ness,,KANE,16507,DEMOCRATIC,DEM
GE 2024,66TH REPRESENTATIVE,1,J,2066,33790,Suzanne,Ness,,McHENRY,11250,DEMOCRATIC,DEM
GE 2024,67TH REPRESENTATIVE,1,J,2067,33791,Glen,Oland,,WINNEBAGO,14471,REPUBLICAN,REP
GE 2024,67TH REPRESENTATIVE,1,J,2067,33792,Maurice A.,West II,,WINNEBAGO,21171,DEMOCRATIC,DEM
GE 2024,68TH REPRESENTATIVE,1,J,2068,33793,Dave,Vella,,BOONE,6696,DEMOCRATIC,DEM
GE 2024,68TH REPRESENTATIVE,1,J,2068,33793,Dave,Vella,,WINNEBAGO,26992,DEMOCRATIC,DEM
GE 2024,69TH REPRESENTATIVE,1,J,2069,33795,Peter,Janko,,BOONE,4027,DEMOCRATIC,DEM
GE 2024,69TH REPRESENTATIVE,1,J,2069,33795,Peter,Janko,,McHENRY,15433,DEMOCRATIC,DEM
GE 2024,69TH REPRESENTATIVE,1,J,2069,33795,Peter,Janko,,WINNEBAGO,1672,DEMOCRATIC,DEM
GE 2024,69TH REPRESENTATIVE,1,J,2069,33794,Joe,Sosnowski,,BOONE,8571,REPUBLICAN,REP
GE 2024,69TH REPRESENTATIVE,1,J,2069,33794,Joe,Sosnowski,,McHENRY,22566,REPUBLICAN,REP
GE 2024,69TH REPRESENTATIVE,1,J,2069,33794,Joe,Sosnowski,,WINNEBAGO,2521,REPUBLICAN,REP
GE 2024,"6TH CIRCUIT - BROCH, JR. VACANCY",1,LD,612,33796,Kate,Watson,,DOUGLAS,7274,REPUBLICAN,REP
GE 2024,6TH CONGRESS,1,F,6,33798,Niki,Conforti,,DuPAGE,71034,REPUBLICAN,REP
GE 2024,6TH CONGRESS,1,F,6,33798,Niki,Conforti,,COOK,95082,REPUBLICAN,REP
GE 2024,6TH CONGRESS,1,F,6,34343,Peter J.,"Meyer, Jr.",,DuPAGE,33,,
GE 2024,6TH CONGRESS,1,F,6,34343,Peter J.,"Meyer, Jr.",,COOK,53,,
GE 2024,6TH CONGRESS,1,F,6,33799,Sean,Casten,,DuPAGE,94679,DEMOCRATIC,DEM
GE 2024,6TH CONGRESS,1,F,6,33799,Sean,Casten,,COOK,101968,DEMOCRATIC,DEM
GE 2024,6TH REPRESENTATIVE,1,J,2006,33800,Sean A.,Dwyer,,COOK,4697,REPUBLICAN,REP
GE 2024,6TH REPRESENTATIVE,1,J,2006,33801,Sonya Marie,Harper,,COOK,21884,DEMOCRATIC,DEM
GE 2024,70TH REPRESENTATIVE,1,J,2070,33805,Randi,Olson,,KANE,14880,DEMOCRATIC,DEM
GE 2024,70TH REPRESENTATIVE,1,J,2070,33805,Randi,Olson,,McHENRY,3700,DEMOCRATIC,DEM
GE 2024,70TH REPRESENTATIVE,1,J,2070,33805,Randi,Olson,,DeKALB,5861,DEMOCRATIC,DEM
GE 2024,70TH REPRESENTATIVE,1,J,2070,33804,Jeff,Keicher,,KANE,21124,REPUBLICAN,REP
GE 2024,70TH REPRESENTATIVE,1,J,2070,33804,Jeff,Keicher,,McHENRY,4710,REPUBLICAN,REP
GE 2024,70TH REPRESENTATIVE,1,J,2070,33804,Jeff,Keicher,,DeKALB,10546,REPUBLICAN,REP
GE 2024,71ST REPRESENTATIVE,1,J,2071,33806,Dan,Swanson,,MERCER,2130,REPUBLICAN,REP
GE 2024,71ST REPRESENTATIVE,1,J,2071,33806,Dan,Swanson,,HENRY,5265,REPUBLICAN,REP
GE 2024,71ST REPRESENTATIVE,1,J,2071,33806,Dan,Swanson,,ROCK ISLAND,7665,REPUBLICAN,REP
GE 2024,71ST REPRESENTATIVE,1,J,2071,33806,Dan,Swanson,,McDONOUGH,5655,REPUBLICAN,REP
GE 2024,71ST REPRESENTATIVE,1,J,2071,33806,Dan,Swanson,,KNOX,11597,REPUBLICAN,REP
GE 2024,71ST REPRESENTATIVE,1,J,2071,33806,Dan,Swanson,,WARREN,5216,REPUBLICAN,REP
GE 2024,72ND REPRESENTATIVE,1,J,2072,33807,Charlie,Helmick,,ROCK ISLAND,17052,REPUBLICAN,REP
GE 2024,72ND REPRESENTATIVE,1,J,2072,33808,Gregg C.,Johnson,,ROCK ISLAND,26659,DEMOCRATIC,DEM
GE 2024,73RD REPRESENTATIVE,1,J,2073,33809,Ryan,Spain,,STARK,639,REPUBLICAN,REP
GE 2024,73RD REPRESENTATIVE,1,J,2073,33809,Ryan,Spain,,MARSHALL,298,REPUBLICAN,REP
GE 2024,73RD REPRESENTATIVE,1,J,2073,33809,Ryan,Spain,,WHITESIDE,8785,REPUBLICAN,REP
GE 2024,73RD REPRESENTATIVE,1,J,2073,33809,Ryan,Spain,,WOODFORD,4542,REPUBLICAN,REP
GE 2024,73RD REPRESENTATIVE,1,J,2073,33809,Ryan,Spain,,HENRY,5398,REPUBLICAN,REP
GE 2024,73RD REPRESENTATIVE,1,J,2073,33809,Ryan,Spain,,ROCK ISLAND,3158,REPUBLICAN,REP
GE 2024,73RD REPRESENTATIVE,1,J,2073,33809,Ryan,Spain,,BUREAU,9303,REPUBLICAN,REP
GE 2024,73RD REPRESENTATIVE,1,J,2073,33809,Ryan,Spain,,LEE,606,REPUBLICAN,REP
GE 2024,73RD REPRESENTATIVE,1,J,2073,33809,Ryan,Spain,,PEORIA,13338,REPUBLICAN,REP
GE 2024,74TH REPRESENTATIVE,1,J,2074,33811,David,Simpson,,WHITESIDE,6642,DEMOCRATIC,DEM
GE 2024,74TH REPRESENTATIVE,1,J,2074,33811,David,Simpson,,OGLE,2746,DEMOCRATIC,DEM
GE 2024,74TH REPRESENTATIVE,1,J,2074,33811,David,Simpson,,LEE,4486,DEMOCRATIC,DEM
GE 2024,74TH REPRESENTATIVE,1,J,2074,33811,David,Simpson,,LaSALLE,2232,DEMOCRATIC,DEM
GE 2024,74TH REPRESENTATIVE,1,J,2074,33811,David,Simpson,,DeKALB,995,DEMOCRATIC,DEM
GE 2024,74TH REPRESENTATIVE,1,J,2074,33810,Bradley J.,Fritts,,WHITESIDE,8844,REPUBLICAN,REP
GE 2024,74TH REPRESENTATIVE,1,J,2074,33810,Bradley J.,Fritts,,OGLE,5599,REPUBLICAN,REP
GE 2024,74TH REPRESENTATIVE,1,J,2074,33810,Bradley J.,Fritts,,LEE,10582,REPUBLICAN,REP
GE 2024,74TH REPRESENTATIVE,1,J,2074,33810,Bradley J.,Fritts,,LaSALLE,4398,REPUBLICAN,REP
GE 2024,74TH REPRESENTATIVE,1,J,2074,33810,Bradley J.,Fritts,,DeKALB,2093,REPUBLICAN,REP
GE 2024,75TH REPRESENTATIVE,1,J,2075,33813,Heidi,Henry,,KENDALL,12969,DEMOCRATIC,DEM
GE 2024,75TH REPRESENTATIVE,1,J,2075,33813,Heidi,Henry,,WILL,227,DEMOCRATIC,DEM
GE 2024,75TH REPRESENTATIVE,1,J,2075,33813,Heidi,Henry,,LaSALLE,2354,DEMOCRATIC,DEM
GE 2024,75TH REPRESENTATIVE,1,J,2075,33813,Heidi,Henry,,DeKALB,1612,DEMOCRATIC,DEM
GE 2024,75TH REPRESENTATIVE,1,J,2075,33813,Heidi,Henry,,GRUNDY,4007,DEMOCRATIC,DEM
GE 2024,75TH REPRESENTATIVE,1,J,2075,33812,Jed,Davis,,KENDALL,18604,REPUBLICAN,REP
GE 2024,75TH REPRESENTATIVE,1,J,2075,33812,Jed,Davis,,WILL,286,REPUBLICAN,REP
GE 2024,75TH REPRESENTATIVE,1,J,2075,33812,Jed,Davis,,LaSALLE,5202,REPUBLICAN,REP
GE 2024,75TH REPRESENTATIVE,1,J,2075,33812,Jed,Davis,,DeKALB,2829,REPUBLICAN,REP
GE 2024,75TH REPRESENTATIVE,1,J,2075,33812,Jed,Davis,,GRUNDY,6794,REPUBLICAN,REP
GE 2024,76TH REPRESENTATIVE,1,J,2076,33814,Liz,Bishop,,BUREAU,2183,REPUBLICAN,REP
GE 2024,76TH REPRESENTATIVE,1,J,2076,33814,Liz,Bishop,,LaSALLE,15086,REPUBLICAN,REP
GE 2024,76TH REPRESENTATIVE,1,J,2076,33814,Liz,Bishop,,DeKALB,6067,REPUBLICAN,REP
GE 2024,76TH REPRESENTATIVE,1,J,2076,33815,"Amy ""Murri""",Briel,,BUREAU,1976,DEMOCRATIC,DEM
GE 2024,76TH REPRESENTATIVE,1,J,2076,33815,"Amy ""Murri""",Briel,,LaSALLE,11967,DEMOCRATIC,DEM
GE 2024,76TH REPRESENTATIVE,1,J,2076,33815,"Amy ""Murri""",Briel,,DeKALB,9988,DEMOCRATIC,DEM
GE 2024,77TH REPRESENTATIVE,1,J,2077,33816,Anthony,Airdo,,DuPAGE,4322,REPUBLICAN,REP
GE 2024,77TH REPRESENTATIVE,1,J,2077,33816,Anthony,Airdo,,COOK,8284,REPUBLICAN,REP
GE 2024,77TH REPRESENTATIVE,1,J,2077,33817,Norma,Hernandez,,DuPAGE,4996,DEMOCRATIC,DEM
GE 2024,77TH REPRESENTATIVE,1,J,2077,33817,Norma,Hernandez,,COOK,13125,DEMOCRATIC,DEM
GE 2024,78TH REPRESENTATIVE,1,J,2078,33818,Camille,Lilly,,COOK,44015,DEMOCRATIC,DEM
GE 2024,79TH REPRESENTATIVE,1,J,2079,33820,"William ""Billy""",Morgan,,KANKAKEE,11139,DEMOCRATIC,DEM
GE 2024,79TH REPRESENTATIVE,1,J,2079,33820,"William ""Billy""",Morgan,,WILL,6166,DEMOCRATIC,DEM
GE 2024,79TH REPRESENTATIVE,1,J,2079,33820,"William ""Billy""",Morgan,,GRUNDY,362,DEMOCRATIC,DEM
GE 2024,79TH REPRESENTATIVE,1,J,2079,33820,"William ""Billy""",Morgan,,COOK,2624,DEMOCRATIC,DEM
GE 2024,79TH REPRESENTATIVE,1,J,2079,33819,Jackie,Haas,,KANKAKEE,19137,REPUBLICAN,REP
GE 2024,79TH REPRESENTATIVE,1,J,2079,33819,Jackie,Haas,,WILL,5005,REPUBLICAN,REP
GE 2024,79TH REPRESENTATIVE,1,J,2079,33819,Jackie,Haas,,GRUNDY,575,REPUBLICAN,REP
GE 2024,79TH REPRESENTATIVE,1,J,2079,33819,Jackie,Haas,,COOK,521,REPUBLICAN,REP
GE 2024,7TH CIRCUIT - THIRD SUBCIRCUIT - DEIHL VACANCY,1,LD,703,33665,Thomas D,Denby,,MACOUPIN,19599,REPUBLICAN,REP
GE 2024,7TH CONGRESS,1,F,7,33821,Chad,Koppie,,COOK,44598,REPUBLICAN,REP
GE 2024,7TH CONGRESS,1,F,7,34351,Lien,Choi,,COOK,133,,
GE 2024,7TH CONGRESS,1,F,7,34352,Lowell Martin,Seida,,COOK,13,,
GE 2024,7TH CONGRESS,1,F,7,33822,Danny K.,Davis,,COOK,222408,DEMOCRATIC,DEM
GE 2024,7TH REPRESENTATIVE,1,J,2007,33823,"Emanuel ""Chris""",Welch,,DuPAGE,3859,DEMOCRATIC,DEM
GE 2024,7TH REPRESENTATIVE,1,J,2007,33823,"Emanuel ""Chris""",Welch,,COOK,35543,DEMOCRATIC,DEM
GE 2024,7TH SENATE,1,J,107,33824,Mike,Simmons,,COOK,84513,DEMOCRATIC,DEM
GE 2024,80TH REPRESENTATIVE,1,J,2080,33825,Adam M.,Beaty,,WILL,16437,REPUBLICAN,REP
GE 2024,80TH REPRESENTATIVE,1,J,2080,33825,Adam M.,Beaty,,COOK,2455,REPUBLICAN,REP
GE 2024,80TH REPRESENTATIVE,1,J,2080,33826,Anthony,DeLuca,,WILL,12520,DEMOCRATIC,DEM
GE 2024,80TH REPRESENTATIVE,1,J,2080,33826,Anthony,DeLuca,,COOK,14846,DEMOCRATIC,DEM
GE 2024,81ST REPRESENTATIVE,1,J,2081,33827,Aaron,Porter,,DuPAGE,25661,REPUBLICAN,REP
GE 2024,81ST REPRESENTATIVE,1,J,2081,33828,Anne,Stava-Murray,,DuPAGE,33289,DEMOCRATIC,DEM
GE 2024,82ND REPRESENTATIVE,1,J,2082,33830,Suzanne,Akhras,,WILL,696,DEMOCRATIC,DEM
GE 2024,82ND REPRESENTATIVE,1,J,2082,33830,Suzanne,Akhras,,DuPAGE,11571,DEMOCRATIC,DEM
GE 2024,82ND REPRESENTATIVE,1,J,2082,33830,Suzanne,Akhras,,COOK,11546,DEMOCRATIC,DEM
GE 2024,82ND REPRESENTATIVE,1,J,2082,33829,Nicole,La Ha,,WILL,1566,REPUBLICAN,REP
GE 2024,82ND REPRESENTATIVE,1,J,2082,33829,Nicole,La Ha,,DuPAGE,14622,REPUBLICAN,REP
GE 2024,82ND REPRESENTATIVE,1,J,2082,33829,Nicole,La Ha,,COOK,18599,REPUBLICAN,REP
GE 2024,83RD REPRESENTATIVE,1,J,2083,33831,Matt,Hanson,,KANE,27492,DEMOCRATIC,DEM
GE 2024,83RD REPRESENTATIVE,1,J,2083,33831,Matt,Hanson,,KENDALL,11570,DEMOCRATIC,DEM
GE 2024,84TH REPRESENTATIVE,1,J,2084,33832,Stephanie A.,Kifowit,,KANE,3185,DEMOCRATIC,DEM
GE 2024,84TH REPRESENTATIVE,1,J,2084,33832,Stephanie A.,Kifowit,,KENDALL,8862,DEMOCRATIC,DEM
GE 2024,84TH REPRESENTATIVE,1,J,2084,33832,Stephanie A.,Kifowit,,WILL,8346,DEMOCRATIC,DEM
GE 2024,84TH REPRESENTATIVE,1,J,2084,33832,Stephanie A.,Kifowit,,DuPAGE,13891,DEMOCRATIC,DEM
GE 2024,85TH REPRESENTATIVE,1,J,2085,33833,Chris,Metcalfe,,WILL,16159,REPUBLICAN,REP
GE 2024,85TH REPRESENTATIVE,1,J,2085,33833,Chris,Metcalfe,,DuPAGE,1983,REPUBLICAN,REP
GE 2024,85TH REPRESENTATIVE,1,J,2085,33834,"Dagmara ""Dee""",Avelar,,WILL,22206,DEMOCRATIC,DEM
GE 2024,85TH REPRESENTATIVE,1,J,2085,33834,"Dagmara ""Dee""",Avelar,,DuPAGE,3154,DEMOCRATIC,DEM
GE 2024,86TH REPRESENTATIVE,1,J,2086,33835,Jim,Lanham,,WILL,16189,REPUBLICAN,REP
GE 2024,86TH REPRESENTATIVE,1,J,2086,33836,"Lawrence ""Larry""","Walsh, Jr.",,WILL,24228,DEMOCRATIC,DEM
GE 2024,87TH REPRESENTATIVE,1,J,2087,34243,David,Gill,,TAZEWELL,6284,INDEPENDENT,IND
GE 2024,87TH REPRESENTATIVE,1,J,2087,34243,David,Gill,,DeWITT,1507,INDEPENDENT,IND
GE 2024,87TH REPRESENTATIVE,1,J,2087,34243,David,Gill,,LOGAN,2379,INDEPENDENT,IND
GE 2024,87TH REPRESENTATIVE,1,J,2087,34243,David,Gill,,WOODFORD,26,INDEPENDENT,IND
GE 2024,87TH REPRESENTATIVE,1,J,2087,34243,David,Gill,,MACON,639,INDEPENDENT,IND
GE 2024,87TH REPRESENTATIVE,1,J,2087,34243,David,Gill,,SANGAMON,377,INDEPENDENT,IND
GE 2024,87TH REPRESENTATIVE,1,J,2087,33837,William E,Hauter,,MACON,1879,REPUBLICAN,REP
GE 2024,87TH REPRESENTATIVE,1,J,2087,33837,William E,Hauter,,SANGAMON,1190,REPUBLICAN,REP
GE 2024,87TH REPRESENTATIVE,1,J,2087,33837,William E,Hauter,,MASON,99,REPUBLICAN,REP
GE 2024,87TH REPRESENTATIVE,1,J,2087,33837,William E,Hauter,,McLEAN,2731,REPUBLICAN,REP
GE 2024,87TH REPRESENTATIVE,1,J,2087,34243,David,Gill,,MASON,23,INDEPENDENT,IND
GE 2024,87TH REPRESENTATIVE,1,J,2087,34243,David,Gill,,McLEAN,891,INDEPENDENT,IND
GE 2024,87TH REPRESENTATIVE,1,J,2087,33837,William E,Hauter,,TAZEWELL,21275,REPUBLICAN,REP
GE 2024,87TH REPRESENTATIVE,1,J,2087,33837,William E,Hauter,,DeWITT,3487,REPUBLICAN,REP
GE 2024,87TH REPRESENTATIVE,1,J,2087,33837,William E,Hauter,,LOGAN,9155,REPUBLICAN,REP
GE 2024,87TH REPRESENTATIVE,1,J,2087,33837,William E,Hauter,,WOODFORD,139,REPUBLICAN,REP
GE 2024,88TH REPRESENTATIVE,1,J,2088,33838,Regan,Deering,,DeWITT,2019,REPUBLICAN,REP
GE 2024,88TH REPRESENTATIVE,1,J,2088,33838,Regan,Deering,,LIVINGSTON,58,REPUBLICAN,REP
GE 2024,88TH REPRESENTATIVE,1,J,2088,33838,Regan,Deering,,PIATT,8011,REPUBLICAN,REP
GE 2024,88TH REPRESENTATIVE,1,J,2088,33838,Regan,Deering,,MACON,13275,REPUBLICAN,REP
GE 2024,88TH REPRESENTATIVE,1,J,2088,33838,Regan,Deering,,McLEAN,23397,REPUBLICAN,REP
GE 2024,89TH REPRESENTATIVE,1,J,2089,33839,Tony M.,McCombie,,STEPHENSON,5227,REPUBLICAN,REP
GE 2024,89TH REPRESENTATIVE,1,J,2089,33839,Tony M.,McCombie,,CARROLL,6914,REPUBLICAN,REP
GE 2024,89TH REPRESENTATIVE,1,J,2089,33839,Tony M.,McCombie,,BOONE,818,REPUBLICAN,REP
GE 2024,89TH REPRESENTATIVE,1,J,2089,33839,Tony M.,McCombie,,OGLE,14470,REPUBLICAN,REP
GE 2024,89TH REPRESENTATIVE,1,J,2089,33839,Tony M.,McCombie,,JoDAVIESS,9817,REPUBLICAN,REP
GE 2024,89TH REPRESENTATIVE,1,J,2089,33839,Tony M.,McCombie,,WINNEBAGO,6165,REPUBLICAN,REP
GE 2024,89TH REPRESENTATIVE,1,J,2089,33839,Tony M.,McCombie,,DeKALB,5383,REPUBLICAN,REP
GE 2024,8TH CONGRESS,1,F,8,33840,Mark,Rice,,KANE,42762,REPUBLICAN,REP
GE 2024,8TH CONGRESS,1,F,8,33840,Mark,Rice,,DuPAGE,33553,REPUBLICAN,REP
GE 2024,8TH CONGRESS,1,F,8,33840,Mark,Rice,,COOK,53838,REPUBLICAN,REP
GE 2024,8TH CONGRESS,1,F,8,33841,Raja,Krishnamoorthi,,KANE,52001,DEMOCRATIC,DEM
GE 2024,8TH CONGRESS,1,F,8,33841,Raja,Krishnamoorthi,,DuPAGE,38660,DEMOCRATIC,DEM
GE 2024,8TH CONGRESS,1,F,8,33841,Raja,Krishnamoorthi,,COOK,82259,DEMOCRATIC,DEM
GE 2024,8TH REPRESENTATIVE,1,J,2008,34220,Leslie,Collazo,,COOK,9682,REPUBLICAN,REP
GE 2024,8TH REPRESENTATIVE,1,J,2008,33842,La Shawn K.,Ford,,COOK,29352,DEMOCRATIC,DEM
GE 2024,90TH REPRESENTATIVE,1,J,2090,33844,John M.,Cabello,,STEPHENSON,11292,REPUBLICAN,REP
GE 2024,90TH REPRESENTATIVE,1,J,2090,33844,John M.,Cabello,,BOONE,715,REPUBLICAN,REP
GE 2024,90TH REPRESENTATIVE,1,J,2090,33844,John M.,Cabello,,WINNEBAGO,29376,REPUBLICAN,REP
GE 2024,91ST REPRESENTATIVE,1,J,2091,33845,Desi,Anderson,,TAZEWELL,5786,REPUBLICAN,REP
GE 2024,91ST REPRESENTATIVE,1,J,2091,33845,Desi,Anderson,,WOODFORD,2040,REPUBLICAN,REP
GE 2024,91ST REPRESENTATIVE,1,J,2091,33845,Desi,Anderson,,PEORIA,1310,REPUBLICAN,REP
GE 2024,91ST REPRESENTATIVE,1,J,2091,33845,Desi,Anderson,,McLEAN,14793,REPUBLICAN,REP
GE 2024,91ST REPRESENTATIVE,1,J,2091,33846,Sharon,Chung,,TAZEWELL,3582,DEMOCRATIC,DEM
GE 2024,91ST REPRESENTATIVE,1,J,2091,33846,Sharon,Chung,,WOODFORD,433,DEMOCRATIC,DEM
GE 2024,91ST REPRESENTATIVE,1,J,2091,33846,Sharon,Chung,,PEORIA,1117,DEMOCRATIC,DEM
GE 2024,91ST REPRESENTATIVE,1,J,2091,33846,Sharon,Chung,,McLEAN,22469,DEMOCRATIC,DEM
GE 2024,92ND REPRESENTATIVE,1,J,2092,33847,Jehan,Gordon-Booth,,PEORIA,31370,DEMOCRATIC,DEM
GE 2024,93RD REPRESENTATIVE,1,J,2093,33848,Travis Robert,Weaver,,STARK,1770,REPUBLICAN,REP
GE 2024,93RD REPRESENTATIVE,1,J,2093,33848,Travis Robert,Weaver,,TAZEWELL,13030,REPUBLICAN,REP
GE 2024,93RD REPRESENTATIVE,1,J,2093,33848,Travis Robert,Weaver,,HENRY,10086,REPUBLICAN,REP
GE 2024,93RD REPRESENTATIVE,1,J,2093,33848,Travis Robert,Weaver,,PEORIA,13597,REPUBLICAN,REP
GE 2024,93RD REPRESENTATIVE,1,J,2093,33848,Travis Robert,Weaver,,FULTON,572,REPUBLICAN,REP
GE 2024,93RD REPRESENTATIVE,1,J,2093,33848,Travis Robert,Weaver,,KNOX,3740,REPUBLICAN,REP
GE 2024,94TH REPRESENTATIVE,1,J,2094,33849,Norine K.,Hammond,,TAZEWELL,691,REPUBLICAN,REP
GE 2024,94TH REPRESENTATIVE,1,J,2094,33849,Norine K.,Hammond,,HENDERSON,2765,REPUBLICAN,REP
GE 2024,94TH REPRESENTATIVE,1,J,2094,33849,Norine K.,Hammond,,HANCOCK,7775,REPUBLICAN,REP
GE 2024,94TH REPRESENTATIVE,1,J,2094,33849,Norine K.,Hammond,,ADAMS,1206,REPUBLICAN,REP
GE 2024,94TH REPRESENTATIVE,1,J,2094,33849,Norine K.,Hammond,,MERCER,4735,REPUBLICAN,REP
GE 2024,94TH REPRESENTATIVE,1,J,2094,33849,Norine K.,Hammond,,ROCK ISLAND,3513,REPUBLICAN,REP
GE 2024,94TH REPRESENTATIVE,1,J,2094,33849,Norine K.,Hammond,,KNOX,2256,REPUBLICAN,REP
GE 2024,94TH REPRESENTATIVE,1,J,2094,33849,Norine K.,Hammond,,WARREN,912,REPUBLICAN,REP
GE 2024,94TH REPRESENTATIVE,1,J,2094,33849,Norine K.,Hammond,,PEORIA,53,REPUBLICAN,REP
GE 2024,94TH REPRESENTATIVE,1,J,2094,33849,Norine K.,Hammond,,MASON,5258,REPUBLICAN,REP
GE 2024,94TH REPRESENTATIVE,1,J,2094,33849,Norine K.,Hammond,,McDONOUGH,3813,REPUBLICAN,REP
GE 2024,94TH REPRESENTATIVE,1,J,2094,33849,Norine K.,Hammond,,FULTON,12322,REPUBLICAN,REP
GE 2024,94TH REPRESENTATIVE,1,J,2094,33849,Norine K.,Hammond,,SCHUYLER,555,REPUBLICAN,REP
GE 2024,95TH REPRESENTATIVE,1,J,2095,33851,Kristen,Chiaro,,CHRISTIAN,620,DEMOCRATIC,DEM
GE 2024,95TH REPRESENTATIVE,1,J,2095,33851,Kristen,Chiaro,,MACON,70,DEMOCRATIC,DEM
GE 2024,95TH REPRESENTATIVE,1,J,2095,33851,Kristen,Chiaro,,SANGAMON,22155,DEMOCRATIC,DEM
GE 2024,95TH REPRESENTATIVE,1,J,2095,33850,Mike,Coffey,,CHRISTIAN,1957,REPUBLICAN,REP
GE 2024,95TH REPRESENTATIVE,1,J,2095,33850,Mike,Coffey,,MACON,279,REPUBLICAN,REP
GE 2024,95TH REPRESENTATIVE,1,J,2095,33850,Mike,Coffey,,SANGAMON,32134,REPUBLICAN,REP
GE 2024,96TH REPRESENTATIVE,1,J,2096,33852,Lisa,Smith,,CHRISTIAN,556,REPUBLICAN,REP
GE 2024,96TH REPRESENTATIVE,1,J,2096,33852,Lisa,Smith,,MACON,8447,REPUBLICAN,REP
GE 2024,96TH REPRESENTATIVE,1,J,2096,33852,Lisa,Smith,,SANGAMON,7354,REPUBLICAN,REP
GE 2024,96TH REPRESENTATIVE,1,J,2096,33853,Sue,Scherer,,CHRISTIAN,148,DEMOCRATIC,DEM
GE 2024,96TH REPRESENTATIVE,1,J,2096,33853,Sue,Scherer,,MACON,10249,DEMOCRATIC,DEM
GE 2024,96TH REPRESENTATIVE,1,J,2096,33853,Sue,Scherer,,SANGAMON,12573,DEMOCRATIC,DEM
GE 2024,97TH REPRESENTATIVE,1,J,2097,33854,Gabby,Shanahan,,KENDALL,3237,REPUBLICAN,REP
GE 2024,97TH REPRESENTATIVE,1,J,2097,33854,Gabby,Shanahan,,WILL,21968,REPUBLICAN,REP
GE 2024,97TH REPRESENTATIVE,1,J,2097,33855,Harry,Benton,,KENDALL,3767,DEMOCRATIC,DEM
GE 2024,97TH REPRESENTATIVE,1,J,2097,33855,Harry,Benton,,WILL,23773,DEMOCRATIC,DEM
GE 2024,98TH REPRESENTATIVE,1,J,2098,33856,Natalie A.,Manley,,WILL,36454,DEMOCRATIC,DEM
GE 2024,99TH REPRESENTATIVE,1,J,2099,33857,Kyle A.,Moore,,BROWN,1612,REPUBLICAN,REP
GE 2024,99TH REPRESENTATIVE,1,J,2099,33857,Kyle A.,Moore,,ADAMS,23558,REPUBLICAN,REP
GE 2024,99TH REPRESENTATIVE,1,J,2099,33857,Kyle A.,Moore,,CASS,4255,REPUBLICAN,REP
GE 2024,99TH REPRESENTATIVE,1,J,2099,33857,Kyle A.,Moore,,MORGAN,9072,REPUBLICAN,REP
GE 2024,99TH REPRESENTATIVE,1,J,2099,33857,Kyle A.,Moore,,SCHUYLER,2439,REPUBLICAN,REP
GE 2024,9TH CIRCUIT - PONCIN VACANCY,1,LD,915,33858,Nigel D.,Graham,,McDONOUGH,9252,REPUBLICAN,REP
GE 2024,9TH CONGRESS,1,F,9,34214,Seth Alan,Cohen,,LAKE,11568,REPUBLICAN,REP
GE 2024,9TH CONGRESS,1,F,9,34214,Seth Alan,Cohen,,McHENRY,22742,REPUBLICAN,REP
GE 2024,9TH CONGRESS,1,F,9,34214,Seth Alan,Cohen,,COOK,72796,REPUBLICAN,REP
GE 2024,9TH CONGRESS,1,F,9,33859,Janice D.,Schakowsky,,LAKE,12286,DEMOCRATIC,DEM
GE 2024,9TH CONGRESS,1,F,9,33859,Janice D.,Schakowsky,,McHENRY,22873,DEMOCRATIC,DEM
GE 2024,9TH CONGRESS,1,F,9,33859,Janice D.,Schakowsky,,COOK,196563,DEMOCRATIC,DEM
GE 2024,9TH REPRESENTATIVE,1,J,2009,33767,Yolonda,Morris,,COOK,29050,DEMOCRATIC,DEM
GE 2024,COOK - 10TH SUBCIRCUIT- McWILLIAMS VACANCY,1,LC,1003,33623,Caroline,Glennon-Goodman,,COOK,73742,DEMOCRATIC,DEM
GE 2024,COOK - 10TH SUBCIRCUIT- WOJKOWSKI VACANCY,1,LC,1005,33843,James V.,Murphy,,COOK,74224,DEMOCRATIC,DEM
GE 2024,COOK - 11TH SUBCIRCUIT- COLLINS VACANCY,1,LC,1104,33865,Dawn,Gonzalez,,COOK,74235,DEMOCRATIC,DEM
GE 2024,COOK - 11TH SUBCIRCUIT- DALEO VACANCY,1,LC,1106,33643,Audrey Victoria,Cosgrove,,COOK,73390,DEMOCRATIC,DEM
GE 2024,COOK - 12TH SUBCIRCUIT- DICKLER VACANCY,1,LC,1203,33803,Maria,McCarthy,,COOK,51162,REPUBLICAN,REP
GE 2024,COOK - 12TH SUBCIRCUIT- DICKLER VACANCY,1,LC,1203,33802,Alon,Stein,,COOK,62476,DEMOCRATIC,DEM
GE 2024,COOK - 12TH SUBCIRCUIT- QUINN VACANCY,1,LC,1206,33874,Pamela Curran,Smith,,COOK,49620,REPUBLICAN,REP
GE 2024,COOK - 12TH SUBCIRCUIT- QUINN VACANCY,1,LC,1206,33873,Frank J.,Andreou,,COOK,63564,DEMOCRATIC,DEM
GE 2024,COOK - 12TH SUBCIRCUIT- SCHLEIFER VACANCY,1,LC,1208,33876,Matthew,Taylor,,COOK,46983,REPUBLICAN,REP
GE 2024,COOK - 12TH SUBCIRCUIT- SCHLEIFER VACANCY,1,LC,1208,33875,"James ""Jack""",Costello,,COOK,64786,DEMOCRATIC,DEM
GE 2024,"COOK - 13TH SUBCIRCUIT- BETAR, III VACANCY",1,LC,1302,33866,Ralph E.,Meczyk,,COOK,62258,DEMOCRATIC,DEM
GE 2024,COOK - 13TH SUBCIRCUIT- STEFFEN VACANCY,1,LC,1306,33629,Mary,Sevandal Cohen,,COOK,62527,DEMOCRATIC,DEM
GE 2024,COOK - 14TH SUBCIRCUIT- O'HARA VACANCY,1,LC,1404,33867,Griselda,Vega Samuel,,COOK,56526,DEMOCRATIC,DEM
GE 2024,COOK - 14TH SUBCIRCUIT- PIERCE VACANCY,1,LC,1406,33868,Stephanie Kathryn,Miller,,COOK,55104,DEMOCRATIC,DEM
GE 2024,COOK - 15TH SUBCIRCUIT- DEMACOPOULOUS VACANCY,1,LC,1503,33707,"Luciano ""Lou""","Panici, Jr.",,COOK,84583,DEMOCRATIC,DEM
GE 2024,COOK - 15TH SUBCIRCUIT- TOOMIN VACANCY,1,LC,1505,33881,John A.,Fairman,,COOK,84802,DEMOCRATIC,DEM
GE 2024,COOK - 16TH SUBCIRCUIT - CONVERTED FROM ASSOCIATE JUDGESHIP OF LAWRENCE E. FLOOD,1,LC,1603,33604,Pedro,"Fregoso, Jr.",,COOK,39165,DEMOCRATIC,DEM
GE 2024,"COOK - 16TH SUBCIRCUIT - CONVERTED FROM ASSOCIATE JUDGESHIP OF MAXWELL GRIFFIN, JR.",1,LC,1604,33880,Cecilia,Abundis,,COOK,38199,DEMOCRATIC,DEM
GE 2024,COOK - 17TH SUBCIRCUIT - CONVERTED FROM ASSOCIATE JUDGESHIP OF BRIAN K. FLAHERTY,1,LC,1703,33877,Lloyd James,Brooks,,COOK,74299,DEMOCRATIC,DEM
GE 2024,COOK - 17TH SUBCIRCUIT - CONVERTED FROM ASSOCIATE JUDGESHIP OF CARMEN K. AGUILAR,1,LC,1701,33615,Rivanda,Doss Beal,,COOK,73153,DEMOCRATIC,DEM
GE 2024,COOK - 18TH SUBCIRCUIT - CONVERTED FROM ASSOCIATE JUDGESHIP OF JAMES B. LINN,1,LC,1801,33631,Lynn Terese,Palac,,COOK,42808,REPUBLICAN,REP
GE 2024,COOK - 18TH SUBCIRCUIT - CONVERTED FROM ASSOCIATE JUDGESHIP OF JAMES B. LINN,1,LC,1801,33630,John,Hock,,COOK,50316,DEMOCRATIC,DEM
GE 2024,COOK - 18TH SUBCIRCUIT - CONVERTED FROM ASSOCIATE JUDGESHIP OF LAUREN GOTTAINER EDIDIN,1,LC,1800,33676,Jeffery G.,Chrones,,COOK,61397,DEMOCRATIC,DEM
GE 2024,"COOK - 19TH SUBCIRCUIT - CONVERTED FROM ASSOCIATE JUDGESHIP OF ROBERT E. SENECHALLE, JR.",1,LC,1901,33869,Bridget Colleen,Duignan,,COOK,71105,DEMOCRATIC,DEM
GE 2024,COOK - 20TH SUBCIRCUIT - CONVERTED FROM ASSOCIATE JUDGESHIP OF ELIZABETH M. BUDZINSKI,1,LC,2001,33897,Nadine Jean,Wichern,,COOK,98236,DEMOCRATIC,DEM
GE 2024,COOK - 3RD SUBCIRCUIT - BROSNAHAN VACANCY,1,LC,301,33671,Lucy,Vazquez-Gonzalez,,COOK,52870,DEMOCRATIC,DEM
GE 2024,COOK - 3RD SUBCIRCUIT - HARMENING VACANCY,1,LC,303,33622,Pat,Heery,,COOK,50560,DEMOCRATIC,DEM
GE 2024,COOK - 4TH SUBCIRCUIT - FELICE VACANCY,1,LC,403,33642,Michael M.,Chvatal,,COOK,69400,DEMOCRATIC,DEM
GE 2024,COOK - 4TH SUBCIRCUIT - KING VACANCY,1,LC,405,33870,Philip,Fowler,,COOK,69322,DEMOCRATIC,DEM
GE 2024,COOK - 4TH SUBCIRCUIT - MALONEY VACANCY,1,LC,408,33871,Koula A.,Fournier,,COOK,68125,DEMOCRATIC,DEM
GE 2024,COOK - 5TH SUBCIRCUIT - LEWIS VACANCY,1,LC,503,33872,Yolanda Harris,Sayre,,COOK,62770,DEMOCRATIC,DEM
GE 2024,COOK - 7TH SUBCIRCUIT - SOLGANICK VACANCY,1,LC,705,33878,Owens J.,Shelby,,COOK,57455,DEMOCRATIC,DEM
GE 2024,COOK - 8TH SUBCIRCUIT - COLLINS-DOLE VACANCY,1,LC,803,33879,Loveleen,Ahuja,,COOK,78891,DEMOCRATIC,DEM
GE 2024,"COOK CIRCUIT - FLANNERY, JR. VACANCY",1,LC,4,34229,Tien H.,Glaub,,COOK,520353,REPUBLICAN,REP
GE 2024,"COOK CIRCUIT - FLANNERY, JR. VACANCY",1,LC,4,33605,Pablo F.,deCastro,,COOK,1314051,DEMOCRATIC,DEM
GE 2024,COOK CIRCUIT - GAUGHAN VACANCY,1,LC,5,33884,Corinne C.,Heggie,,COOK,1415199,DEMOCRATIC,DEM
GE 2024,COOK CIRCUIT - HABERKORN VACANCY,1,LC,7,33747,Sarah,Johnson,,COOK,1416765,DEMOCRATIC,DEM
GE 2024,COOK CIRCUIT - HUBBARD VACANCY,1,LC,9,33900,Deidre M.,Dyer,,COOK,1387084,DEMOCRATIC,DEM
GE 2024,COOK CIRCUIT - MARAS VACANCY,1,LC,12,33901,Arlene Y.,Coleman-Romeo,,COOK,1349702,DEMOCRATIC,DEM
GE 2024,COOK CIRCUIT - MITCHELL VACANCY,1,LC,15,33748,Neil,Cohen,,COOK,1380381,DEMOCRATIC,DEM
GE 2024,COOK CIRCUIT - MURPHY VACANCY,1,LC,18,33750,Edward Joseph,Underhill,,COOK,1375672,DEMOCRATIC,DEM
GE 2024,COOK CIRCUIT - PROPES VACANCY,1,LC,21,33753,Debjani 'Deb',Desai,,COOK,1367161,DEMOCRATIC,DEM
GE 2024,COOK CIRCUIT - RAINES VACANCY,1,LC,24,33902,Jennifer Patricia,Callahan,,COOK,1385306,DEMOCRATIC,DEM
GE 2024,COOK CIRCUIT - SULLIVAN VACANCY,1,LC,27,33903,James S.,Murphy-Aguil·,,COOK,1369131,DEMOCRATIC,DEM
GE 2024,COOK CIRCUIT - WALKER VACANCY,1,LC,30,33759,Chloe Georgianna,Pedersen,,COOK,1373422,DEMOCRATIC,DEM
GE 2024,PRAIRIE DUPONT LEVEE AND SANITARY DISTRICT,5,KX,1,33860,Michael E,Sullivan,,ST. CLAIR,1307,DEMOCRATIC,DEM
GE 2024,PRAIRIE DUPONT LEVEE AND SANITARY DISTRICT,5,KX,1,33860,Michael E,Sullivan,,MONROE,14,DEMOCRATIC,DEM
GE 2024,PRAIRIE DUPONT LEVEE AND SANITARY DISTRICT,5,KX,1,33864,Dennis E.,Foutch,,MONROE,10,DEMOCRATIC,DEM
GE 2024,PRAIRIE DUPONT LEVEE AND SANITARY DISTRICT,5,KX,1,33864,Dennis E.,Foutch,,ST. CLAIR,947,DEMOCRATIC,DEM
GE 2024,PRESIDENT AND VICE PRESIDENT,1,A,1,34320,Claudia,De La Cruz,,SALINE,0,,
GE 2024,PRESIDENT AND VICE PRESIDENT,1,A,1,34320,Claudia,De La Cruz,,ALEXANDER,0,,
GE 2024,PRESIDENT AND VICE PRESIDENT,1,A,1,34320,Claudia,De La Cruz,,ADAMS,0,,
GE 2024,PRESIDENT AND VICE PRESIDENT,1,A,1,34320,Claudia,De La Cruz,,BOONE,2,,
GE 2024,PRESIDENT AND VICE PRESIDENT,1,A,1,34320,Claudia,De La Cruz,,ROCK ISLAND,25,,
GE 2024,PRESIDENT AND VICE PRESIDENT,1,A,1,34320,Claudia,De La Cruz,,MENARD,0,,
GE 2024,PRESIDENT AND VICE PRESIDENT,1,A,1,34320,Claudia,De La Cruz,,MADISON,34,,
GE 2024,PRESIDENT AND VICE PRESIDENT,1,A,1,34320,Claudia,De La Cruz,,KANE,75,,
GE 2024,PRESIDENT AND VICE PRESIDENT,1,A,1,34320,Claudia,De La Cruz,,SANGAMON,0,,
GE 2024,PRESIDENT AND VICE PRESIDENT,1,A,1,34320,Claudia,De La Cruz,,BUREAU,1,,
GE 2024,PRESIDENT AND VICE PRESIDENT,1,A,1,34320,Claudia,De La Cruz,,OGLE,2,,
GE 2024,PRESIDENT AND VICE PRESIDENT,1,A,1,34320,Claudia,De La Cruz,,LAWRENCE,0,,
GE 2024,PRESIDENT AND VICE PRESIDENT,1,A,1,34320,Claudia,De La Cruz,,PUTNAM,1,,
GE 2024,PRESIDENT AND VICE PRESIDENT,1,A,1,34320,Claudia,De La Cruz,,LEE,3,,
GE 2024,PRESIDENT AND VICE PRESIDENT,1,A,1,34320,Claudia,De La Cruz,,HENRY,0,,
GE 2024,PRESIDENT AND VICE PRESIDENT,1,A,1,34320,Claudia,De La Cruz,,BOND,0,,
GE 2024,PRESIDENT AND VICE PRESIDENT,1,A,1,34320,Claudia,De La Cruz,,CLARK,0,,
GE 2024,PRESIDENT AND VICE PRESIDENT,1,A,1,34320,Claudia,De La Cruz,,CARROLL,0,,
GE 2024,PRESIDENT AND VICE PRESIDENT,1,A,1,34320,Claudia,De La Cruz,,MACOUPIN,0,,
GE 2024,PRESIDENT AND VICE PRESIDENT,1,A,1,34320,Claudia,De La Cruz,,POPE,0,,
GE 2024,PRESIDENT AND VICE PRESIDENT,1,A,1,34320,Claudia,De La Cruz,,PEORIA,15,,
GE 2024,PRESIDENT AND VICE PRESIDENT,1,A,1,34320,Claudia,De La Cruz,,MASON,0,,
GE 2024,PRESIDENT AND VICE PRESIDENT,1,A,1,34320,Claudia,De La Cruz,,EDGAR,0,,
GE 2024,PRESIDENT AND VICE PRESIDENT,1,A,1,34320,Claudia,De La Cruz,,HENDERSON,0,,
GE 2024,PRESIDENT AND VICE PRESIDENT,1,A,1,34320,Claudia,De La Cruz,,WILL,89,,
GE 2024,PRESIDENT AND VICE PRESIDENT,1,A,1,34320,Claudia,De La Cruz,,JoDAVIESS,0,,
GE 2024,PRESIDENT AND VICE PRESIDENT,1,A,1,34320,Claudia,De La Cruz,,COLES,0,,
GE 2024,PRESIDENT AND VICE PRESIDENT,1,A,1,34320,Claudia,De La Cruz,,EDWARDS,0,,
GE 2024,PRESIDENT AND VICE PRESIDENT,1,A,1,34320,Claudia,De La Cruz,,UNION,0,,
GE 2024,PRESIDENT AND VICE PRESIDENT,1,A,1,34320,Claudia,De La Cruz,,DeWITT,0,,
GE 2024,PRESIDENT AND VICE PRESIDENT,1,A,1,34320,Claudia,De La Cruz,,LAKE,89,,
GE 2024,PRESIDENT AND VICE PRESIDENT,1,A,1,34320,Claudia,De La Cruz,,JERSEY,0,,
GE 2024,PRESIDENT AND VICE PRESIDENT,1,A,1,34320,Claudia,De La Cruz,,FULTON,0,,
GE 2024,PRESIDENT AND VICE PRESIDENT,1,A,1,34320,Claudia,De La Cruz,,SCOTT,0,,
GE 2024,PRESIDENT AND VICE PRESIDENT,1,A,1,34320,Claudia,De La Cruz,,CRAWFORD,0,,
GE 2024,PRESIDENT AND VICE PRESIDENT,1,A,1,34320,Claudia,De La Cruz,,GREENE,0,,
GE 2024,PRESIDENT AND VICE PRESIDENT,1,A,1,34320,Claudia,De La Cruz,,WHITE,0,,
GE 2024,PRESIDENT AND VICE PRESIDENT,1,A,1,34320,Claudia,De La Cruz,,MONROE,2,,
GE 2024,PRESIDENT AND VICE PRESIDENT,1,A,1,34320,Claudia,De La Cruz,,CUMBERLAND,0,,
GE 2024,PRESIDENT AND VICE PRESIDENT,1,A,1,34320,Claudia,De La Cruz,,MASSAC,0,,
GE 2024,PRESIDENT AND VICE PRESIDENT,1,A,1,34320,Claudia,De La Cruz,,EFFINGHAM,0,,
GE 2024,PRESIDENT AND VICE PRESIDENT,1,A,1,34320,Claudia,De La Cruz,,LOGAN,0,,
GE 2024,PRESIDENT AND VICE PRESIDENT,1,A,1,34320,Claudia,De La Cruz,,MERCER,0,,
GE 2024,PRESIDENT AND VICE PRESIDENT,1,A,1,34320,Claudia,De La Cruz,,IROQUOIS,3,,
GE 2024,PRESIDENT AND VICE PRESIDENT,1,A,1,34320,Claudia,De La Cruz,,JASPER,0,,
GE 2024,PRESIDENT AND VICE PRESIDENT,1,A,1,34320,Claudia,De La Cruz,,CLINTON,0,,
GE 2024,PRESIDENT AND VICE PRESIDENT,1,A,1,34320,Claudia,De La Cruz,,WOODFORD,0,,
GE 2024,PRESIDENT AND VICE PRESIDENT,1,A,1,34320,Claudia,De La Cruz,,LIVINGSTON,0,,
GE 2024,PRESIDENT AND VICE PRESIDENT,1,A,1,34320,Claudia,De La Cruz,,SHELBY,0,,
GE 2024,PRESIDENT AND VICE PRESIDENT,1,A,1,34320,Claudia,De La Cruz,,MOULTRIE,0,,
GE 2024,PRESIDENT AND VICE PRESIDENT,1,A,1,34320,Claudia,De La Cruz,,LaSALLE,8,,
GE 2024,PRESIDENT AND VICE PRESIDENT,1,A,1,34320,Claudia,De La Cruz,,HANCOCK,0,,
GE 2024,PRESIDENT AND VICE PRESIDENT,1,A,1,34320,Claudia,De La Cruz,,HARDIN,0,,
GE 2024,PRESIDENT AND VICE PRESIDENT,1,A,1,34320,Claudia,De La Cruz,,KENDALL,0,,
GE 2024,PRESIDENT AND VICE PRESIDENT,1,A,1,34320,Claudia,De La Cruz,,SCHUYLER,0,,
GE 2024,PRESIDENT AND VICE PRESIDENT,1,A,1,34320,Claudia,De La Cruz,,TAZEWELL,0,,
GE 2024,PRESIDENT AND VICE PRESIDENT,1,A,1,34320,Claudia,De La Cruz,,CHAMPAIGN,97,,
GE 2024,PRESIDENT AND VICE PRESIDENT,1,A,1,34320,Claudia,De La Cruz,,JACKSON,9,,
GE 2024,PRESIDENT AND VICE PRESIDENT,1,A,1,34320,Claudia,De La Cruz,,McDONOUGH,0,,
GE 2024,PRESIDENT AND VICE PRESIDENT,1,A,1,34320,Claudia,De La Cruz,,MACON,0,,
GE 2024,PRESIDENT AND VICE PRESIDENT,1,A,1,34320,Claudia,De La Cruz,,WASHINGTON,0,,
GE 2024,PRESIDENT AND VICE PRESIDENT,1,A,1,34320,Claudia,De La Cruz,,DeKALB,15,,
GE 2024,PRESIDENT AND VICE PRESIDENT,1,A,1,34320,Claudia,De La Cruz,,JOHNSON,0,,
GE 2024,PRESIDENT AND VICE PRESIDENT,1,A,1,34320,Claudia,De La Cruz,,JEFFERSON,2,,
GE 2024,PRESIDENT AND VICE PRESIDENT,1,A,1,34320,Claudia,De La Cruz,,MORGAN,3,,
GE 2024,PRESIDENT AND VICE PRESIDENT,1,A,1,34320,Claudia,De La Cruz,,PERRY,0,,
GE 2024,PRESIDENT AND VICE PRESIDENT,1,A,1,34320,Claudia,De La Cruz,,FRANKLIN,0,,
GE 2024,PRESIDENT AND VICE PRESIDENT,1,A,1,34320,Claudia,De La Cruz,,GRUNDY,2,,
GE 2024,PRESIDENT AND VICE PRESIDENT,1,A,1,34320,Claudia,De La Cruz,,ST. CLAIR,16,,
GE 2024,PRESIDENT AND VICE PRESIDENT,1,A,1,34320,Claudia,De La Cruz,,CASS,0,,
GE 2024,PRESIDENT AND VICE PRESIDENT,1,A,1,34320,Claudia,De La Cruz,,WARREN,0,,
GE 2024,PRESIDENT AND VICE PRESIDENT,1,A,1,34320,Claudia,De La Cruz,,RICHLAND,0,,
GE 2024,PRESIDENT AND VICE PRESIDENT,1,A,1,34320,Claudia,De La Cruz,,RANDOLPH,0,,
GE 2024,PRESIDENT AND VICE PRESIDENT,1,A,1,34320,Claudia,De La Cruz,,WINNEBAGO,14,,
GE 2024,PRESIDENT AND VICE PRESIDENT,1,A,1,34320,Claudia,De La Cruz,,PIKE,0,,
GE 2024,PRESIDENT AND VICE PRESIDENT,1,A,1,34320,Claudia,De La Cruz,,McHENRY,0,,
GE 2024,PRESIDENT AND VICE PRESIDENT,1,A,1,34320,Claudia,De La Cruz,,CLAY,0,,
GE 2024,PRESIDENT AND VICE PRESIDENT,1,A,1,34320,Claudia,De La Cruz,,GALLATIN,0,,
GE 2024,PRESIDENT AND VICE PRESIDENT,1,A,1,34320,Claudia,De La Cruz,,DuPAGE,148,,
GE 2024,PRESIDENT AND VICE PRESIDENT,1,A,1,34320,Claudia,De La Cruz,,VERMILION,3,,
GE 2024,PRESIDENT AND VICE PRESIDENT,1,A,1,34320,Claudia,De La Cruz,,COOK,2177,,
GE 2024,PRESIDENT AND VICE PRESIDENT,1,A,1,34320,Claudia,De La Cruz,,McLEAN,19,,
GE 2024,PRESIDENT AND VICE PRESIDENT,1,A,1,34320,Claudia,De La Cruz,,FAYETTE,0,,
GE 2024,PRESIDENT AND VICE PRESIDENT,1,A,1,34320,Claudia,De La Cruz,,KNOX,0,,
GE 2024,PRESIDENT AND VICE PRESIDENT,1,A,1,34320,Claudia,De La Cruz,,MARION,0,,
GE 2024,PRESIDENT AND VICE PRESIDENT,1,A,1,34319,Susan Maude,Buchser,,LIVINGSTON,0,,
GE 2024,PRESIDENT AND VICE PRESIDENT,1,A,1,34320,Claudia,De La Cruz,,PULASKI,0,,
GE 2024,PRESIDENT AND VICE PRESIDENT,1,A,1,34320,Claudia,De La Cruz,,KANKAKEE,9,,
GE 2024,PRESIDENT AND VICE PRESIDENT,1,A,1,34320,Claudia,De La Cruz,,CHRISTIAN,1,,
GE 2024,PRESIDENT AND VICE PRESIDENT,1,A,1,34320,Claudia,De La Cruz,,WILLIAMSON,8,,
GE 2024,PRESIDENT AND VICE PRESIDENT,1,A,1,34320,Claudia,De La Cruz,,STEPHENSON,1,,
GE 2024,PRESIDENT AND VICE PRESIDENT,1,A,1,34319,Susan Maude,Buchser,,HENDERSON,0,,
GE 2024,PRESIDENT AND VICE PRESIDENT,1,A,1,34319,Susan Maude,Buchser,,DeWITT,0,,
GE 2024,PRESIDENT AND VICE PRESIDENT,1,A,1,34319,Susan Maude,Buchser,,BOND,0,,
GE 2024,PRESIDENT AND VICE PRESIDENT,1,A,1,34319,Susan Maude,Buchser,,STEPHENSON,0,,
GE 2024,PRESIDENT AND VICE PRESIDENT,1,A,1,34319,Susan Maude,Buchser,,LOGAN,0,,
GE 2024,PRESIDENT AND VICE PRESIDENT,1,A,1,34319,Susan Maude,Buchser,,WILLIAMSON,0,,
GE 2024,PRESIDENT AND VICE PRESIDENT,1,A,1,34319,Susan Maude,Buchser,,HANCOCK,0,,
GE 2024,PRESIDENT AND VICE PRESIDENT,1,A,1,34319,Susan Maude,Buchser,,CARROLL,0,,
GE 2024,PRESIDENT AND VICE PRESIDENT,1,A,1,34319,Susan Maude,Buchser,,MARSHALL,0,,
GE 2024,PRESIDENT AND VICE PRESIDENT,1,A,1,34319,Susan Maude,Buchser,,CLINTON,0,,
GE 2024,PRESIDENT AND VICE PRESIDENT,1,A,1,34319,Susan Maude,Buchser,,PIATT,0,,
GE 2024,PRESIDENT AND VICE PRESIDENT,1,A,1,34319,Susan Maude,Buchser,,HAMILTON,0,,
GE 2024,PRESIDENT AND VICE PRESIDENT,1,A,1,34319,Susan Maude,Buchser,,ALEXANDER,0,,
GE 2024,PRESIDENT AND VICE PRESIDENT,1,A,1,34319,Susan Maude,Buchser,,BROWN,0,,
GE 2024,PRESIDENT AND VICE PRESIDENT,1,A,1,34319,Susan Maude,Buchser,,DOUGLAS,0,,
GE 2024,PRESIDENT AND VICE PRESIDENT,1,A,1,34319,Susan Maude,Buchser,,CALHOUN,0,,
GE 2024,PRESIDENT AND VICE PRESIDENT,1,A,1,34319,Susan Maude,Buchser,,WOODFORD,1,,
GE 2024,PRESIDENT AND VICE PRESIDENT,1,A,1,34319,Susan Maude,Buchser,,FORD,0,,
GE 2024,PRESIDENT AND VICE PRESIDENT,1,A,1,34319,Susan Maude,Buchser,,SANGAMON,0,,
GE 2024,PRESIDENT AND VICE PRESIDENT,1,A,1,34319,Susan Maude,Buchser,,SALINE,0,,
GE 2024,PRESIDENT AND VICE PRESIDENT,1,A,1,34319,Susan Maude,Buchser,,MACON,0,,
GE 2024,PRESIDENT AND VICE PRESIDENT,1,A,1,34319,Susan Maude,Buchser,,MENARD,0,,
GE 2024,PRESIDENT AND VICE PRESIDENT,1,A,1,34319,Susan Maude,Buchser,,ADAMS,0,,
GE 2024,PRESIDENT AND VICE PRESIDENT,1,A,1,34319,Susan Maude,Buchser,,MERCER,0,,
GE 2024,PRESIDENT AND VICE PRESIDENT,1,A,1,34319,Susan Maude,Buchser,,LEE,0,,
GE 2024,PRESIDENT AND VICE PRESIDENT,1,A,1,34319,Susan Maude,Buchser,,CLAY,0,,
GE 2024,PRESIDENT AND VICE PRESIDENT,1,A,1,34319,Susan Maude,Buchser,,BOONE,0,,
GE 2024,PRESIDENT AND VICE PRESIDENT,1,A,1,34319,Susan Maude,Buchser,,LAWRENCE,0,,
GE 2024,PRESIDENT AND VICE PRESIDENT,1,A,1,34319,Susan Maude,Buchser,,MADISON,0,,
GE 2024,PRESIDENT AND VICE PRESIDENT,1,A,1,34319,Susan Maude,Buchser,,KANE,0,,
GE 2024,PRESIDENT AND VICE PRESIDENT,1,A,1,34319,Susan Maude,Buchser,,CRAWFORD,0,,
GE 2024,PRESIDENT AND VICE PRESIDENT,1,A,1,34319,Susan Maude,Buchser,,ROCK ISLAND,0,,
GE 2024,PRESIDENT AND VICE PRESIDENT,1,A,1,34319,Susan Maude,Buchser,,BUREAU,0,,
GE 2024,PRESIDENT AND VICE PRESIDENT,1,A,1,34319,Susan Maude,Buchser,,OGLE,0,,
GE 2024,PRESIDENT AND VICE PRESIDENT,1,A,1,34319,Susan Maude,Buchser,,CLARK,0,,
GE 2024,PRESIDENT AND VICE PRESIDENT,1,A,1,34319,Susan Maude,Buchser,,KENDALL,0,,
GE 2024,PRESIDENT AND VICE PRESIDENT,1,A,1,34319,Susan Maude,Buchser,,COLES,0,,
GE 2024,PRESIDENT AND VICE PRESIDENT,1,A,1,34319,Susan Maude,Buchser,,JoDAVIESS,0,,
GE 2024,PRESIDENT AND VICE PRESIDENT,1,A,1,34319,Susan Maude,Buchser,,HENRY,0,,
GE 2024,PRESIDENT AND VICE PRESIDENT,1,A,1,34319,Susan Maude,Buchser,,POPE,0,,
GE 2024,PRESIDENT AND VICE PRESIDENT,1,A,1,34319,Susan Maude,Buchser,,EFFINGHAM,0,,
GE 2024,PRESIDENT AND VICE PRESIDENT,1,A,1,34319,Susan Maude,Buchser,,MACOUPIN,0,,
GE 2024,PRESIDENT AND VICE PRESIDENT,1,A,1,34319,Susan Maude,Buchser,,SCOTT,0,,
GE 2024,PRAIRIE DUPONT LEVEE AND SANITARY DISTRICT,5,KX,1,33861,Michael H.,Lindhorst,,ST. CLAIR,892,DEMOCRATIC,DEM
GE 2024,PRAIRIE DUPONT LEVEE AND SANITARY DISTRICT,5,KX,1,33861,Michael H.,Lindhorst,,MONROE,12,DEMOCRATIC,DEM
GE 2024,PRAIRIE DUPONT LEVEE AND SANITARY DISTRICT,5,KX,1,33862,David,Walster,,ST. CLAIR,838,DEMOCRATIC,DEM
GE 2024,PRAIRIE DUPONT LEVEE AND SANITARY DISTRICT,5,KX,1,33862,David,Walster,,MONROE,10,DEMOCRATIC,DEM
GE 2024,PRAIRIE DUPONT LEVEE AND SANITARY DISTRICT,5,KX,1,33863,Randy C.,Bolle,,ST. CLAIR,826,DEMOCRATIC,DEM
GE 2024,PRAIRIE DUPONT LEVEE AND SANITARY DISTRICT,5,KX,1,33863,Randy C.,Bolle,,MONROE,10,DEMOCRATIC,DEM
GE 2024,PRESIDENT AND VICE PRESIDENT,1,A,1,34238,Robert F.,Kennedy Jr.,,MOULTRIE,92,INDEPENDENT,IND
GE 2024,PRESIDENT AND VICE PRESIDENT,1,A,1,34238,Robert F.,Kennedy Jr.,,PULASKI,25,INDEPENDENT,IND
GE 2024,PRESIDENT AND VICE PRESIDENT,1,A,1,34238,Robert F.,Kennedy Jr.,,SHELBY,157,INDEPENDENT,IND
GE 2024,PRESIDENT AND VICE PRESIDENT,1,A,1,34238,Robert F.,Kennedy Jr.,,STARK,53,INDEPENDENT,IND
GE 2024,PRESIDENT AND VICE PRESIDENT,1,A,1,34238,Robert F.,Kennedy Jr.,,TAZEWELL,1190,INDEPENDENT,IND
GE 2024,PRESIDENT AND VICE PRESIDENT,1,A,1,34238,Robert F.,Kennedy Jr.,,MONTGOMERY,236,INDEPENDENT,IND
GE 2024,PRESIDENT AND VICE PRESIDENT,1,A,1,34348,James T.,Struck,,McLEAN,0,,
GE 2024,PRESIDENT AND VICE PRESIDENT,1,A,1,34348,James T.,Struck,,RANDOLPH,0,,
GE 2024,PRESIDENT AND VICE PRESIDENT,1,A,1,34348,James T.,Struck,,FAYETTE,0,,
GE 2024,PRESIDENT AND VICE PRESIDENT,1,A,1,34348,James T.,Struck,,KNOX,0,,
GE 2024,PRESIDENT AND VICE PRESIDENT,1,A,1,34348,James T.,Struck,,MARION,0,,
GE 2024,PRESIDENT AND VICE PRESIDENT,1,A,1,34347,Jerry,White,,RANDOLPH,0,,
GE 2024,PRESIDENT AND VICE PRESIDENT,1,A,1,34347,Jerry,White,,FAYETTE,0,,
GE 2024,PRESIDENT AND VICE PRESIDENT,1,A,1,34347,Jerry,White,,KNOX,0,,
GE 2024,PRESIDENT AND VICE PRESIDENT,1,A,1,34347,Jerry,White,,MARION,0,,
GE 2024,PRESIDENT AND VICE PRESIDENT,1,A,1,34348,James T.,Struck,,COOK,8,,
GE 2024,PRESIDENT AND VICE PRESIDENT,1,A,1,34348,James T.,Struck,,RICHLAND,0,,
GE 2024,PRESIDENT AND VICE PRESIDENT,1,A,1,34346,Joseph,Kishore,,FAYETTE,0,,
GE 2024,PRESIDENT AND VICE PRESIDENT,1,A,1,34346,Joseph,Kishore,,KNOX,0,,
GE 2024,PRESIDENT AND VICE PRESIDENT,1,A,1,34346,Joseph,Kishore,,MARION,0,,
GE 2024,PRESIDENT AND VICE PRESIDENT,1,A,1,34347,Jerry,White,,COOK,2,,
GE 2024,PRESIDENT AND VICE PRESIDENT,1,A,1,34347,Jerry,White,,RICHLAND,0,,
GE 2024,PRESIDENT AND VICE PRESIDENT,1,A,1,34347,Jerry,White,,McLEAN,0,,
GE 2024,PRESIDENT AND VICE PRESIDENT,1,A,1,34345,Shondra,Irving,,KNOX,0,,
GE 2024,PRESIDENT AND VICE PRESIDENT,1,A,1,34345,Shondra,Irving,,MARION,0,,
GE 2024,PRESIDENT AND VICE PRESIDENT,1,A,1,34346,Joseph,Kishore,,COOK,12,,
GE 2024,PRESIDENT AND VICE PRESIDENT,1,A,1,34346,Joseph,Kishore,,RICHLAND,0,,
GE 2024,PRESIDENT AND VICE PRESIDENT,1,A,1,34346,Joseph,Kishore,,McLEAN,0,,
GE 2024,PRESIDENT AND VICE PRESIDENT,1,A,1,34346,Joseph,Kishore,,RANDOLPH,0,,
GE 2024,PRESIDENT AND VICE PRESIDENT,1,A,1,34345,Shondra,Irving,,DeKALB,0,,
GE 2024,PRESIDENT AND VICE PRESIDENT,1,A,1,34345,Shondra,Irving,,COOK,0,,
GE 2024,PRESIDENT AND VICE PRESIDENT,1,A,1,34345,Shondra,Irving,,RICHLAND,0,,
GE 2024,PRESIDENT AND VICE PRESIDENT,1,A,1,34345,Shondra,Irving,,McLEAN,0,,
GE 2024,PRESIDENT AND VICE PRESIDENT,1,A,1,34345,Shondra,Irving,,RANDOLPH,0,,
GE 2024,PRESIDENT AND VICE PRESIDENT,1,A,1,34345,Shondra,Irving,,FAYETTE,0,,
GE 2024,PRESIDENT AND VICE PRESIDENT,1,A,1,34344,David J,Nash,,RANDOLPH,0,,
GE 2024,PRESIDENT AND VICE PRESIDENT,1,A,1,34344,David J,Nash,,FAYETTE,0,,
GE 2024,PRESIDENT AND VICE PRESIDENT,1,A,1,34344,David J,Nash,,KNOX,0,,
GE 2024,PRESIDENT AND VICE PRESIDENT,1,A,1,34344,David J,Nash,,MARION,0,,
GE 2024,PRESIDENT AND VICE PRESIDENT,1,A,1,34345,Shondra,Irving,,DuPAGE,0,,
GE 2024,PRESIDENT AND VICE PRESIDENT,1,A,1,34345,Shondra,Irving,,VERMILION,0,,
GE 2024,PRESIDENT AND VICE PRESIDENT,1,A,1,34344,David J,Nash,,DuPAGE,4,,
GE 2024,PRESIDENT AND VICE PRESIDENT,1,A,1,34344,David J,Nash,,VERMILION,0,,
GE 2024,PRESIDENT AND VICE PRESIDENT,1,A,1,34344,David J,Nash,,DeKALB,0,,
GE 2024,PRESIDENT AND VICE PRESIDENT,1,A,1,34344,David J,Nash,,COOK,0,,
GE 2024,PRESIDENT AND VICE PRESIDENT,1,A,1,34344,David J,Nash,,RICHLAND,0,,
GE 2024,PRESIDENT AND VICE PRESIDENT,1,A,1,34344,David J,Nash,,McLEAN,0,,
GE 2024,PRESIDENT AND VICE PRESIDENT,1,A,1,34339,Latrina,Peete,,WASHINGTON,0,,
GE 2024,PRESIDENT AND VICE PRESIDENT,1,A,1,34339,Latrina,Peete,,JOHNSON,0,,
GE 2024,PRESIDENT AND VICE PRESIDENT,1,A,1,34339,Latrina,Peete,,WINNEBAGO,0,,
GE 2024,PRESIDENT AND VICE PRESIDENT,1,A,1,34339,Latrina,Peete,,MADISON,0,,
GE 2024,PRESIDENT AND VICE PRESIDENT,1,A,1,34339,Latrina,Peete,,MORGAN,0,,
GE 2024,PRESIDENT AND VICE PRESIDENT,1,A,1,34339,Latrina,Peete,,PERRY,0,,
GE 2024,PRESIDENT AND VICE PRESIDENT,1,A,1,34339,Latrina,Peete,,PUTNAM,0,,
GE 2024,PRESIDENT AND VICE PRESIDENT,1,A,1,34339,Latrina,Peete,,FRANKLIN,0,,
GE 2024,PRESIDENT AND VICE PRESIDENT,1,A,1,34339,Latrina,Peete,,SCHUYLER,0,,
GE 2024,PRESIDENT AND VICE PRESIDENT,1,A,1,34339,Latrina,Peete,,JACKSON,0,,
GE 2024,PRESIDENT AND VICE PRESIDENT,1,A,1,34339,Latrina,Peete,,CASS,0,,
GE 2024,PRESIDENT AND VICE PRESIDENT,1,A,1,34339,Latrina,Peete,,UNION,0,,
GE 2024,PRESIDENT AND VICE PRESIDENT,1,A,1,34339,Latrina,Peete,,GRUNDY,0,,
GE 2024,PRESIDENT AND VICE PRESIDENT,1,A,1,34339,Latrina,Peete,,WARREN,0,,
GE 2024,PRESIDENT AND VICE PRESIDENT,1,A,1,34339,Latrina,Peete,,RICHLAND,0,,
GE 2024,PRESIDENT AND VICE PRESIDENT,1,A,1,34339,Latrina,Peete,,RANDOLPH,0,,
GE 2024,PRESIDENT AND VICE PRESIDENT,1,A,1,34339,Latrina,Peete,,JEFFERSON,0,,
GE 2024,PRESIDENT AND VICE PRESIDENT,1,A,1,34339,Latrina,Peete,,PIKE,0,,
GE 2024,PRESIDENT AND VICE PRESIDENT,1,A,1,34339,Latrina,Peete,,McHENRY,0,,
GE 2024,PRESIDENT AND VICE PRESIDENT,1,A,1,34339,Latrina,Peete,,CLAY,0,,
GE 2024,PRESIDENT AND VICE PRESIDENT,1,A,1,34339,Latrina,Peete,,GALLATIN,0,,
GE 2024,PRESIDENT AND VICE PRESIDENT,1,A,1,34339,Latrina,Peete,,VERMILION,0,,
GE 2024,PRESIDENT AND VICE PRESIDENT,1,A,1,34339,Latrina,Peete,,DeKALB,0,,
GE 2024,PRESIDENT AND VICE PRESIDENT,1,A,1,34339,Latrina,Peete,,DuPAGE,0,,
GE 2024,PRESIDENT AND VICE PRESIDENT,1,A,1,34339,Latrina,Peete,,MACON,0,,
GE 2024,PRESIDENT AND VICE PRESIDENT,1,A,1,34339,Latrina,Peete,,COOK,0,,
GE 2024,PRESIDENT AND VICE PRESIDENT,1,A,1,34339,Latrina,Peete,,McLEAN,0,,
GE 2024,PRESIDENT AND VICE PRESIDENT,1,A,1,34339,Latrina,Peete,,FAYETTE,0,,
GE 2024,PRESIDENT AND VICE PRESIDENT,1,A,1,34339,Latrina,Peete,,KNOX,0,,
GE 2024,PRESIDENT AND VICE PRESIDENT,1,A,1,34339,Latrina,Peete,,MARION,0,,
GE 2024,PRESIDENT AND VICE PRESIDENT,1,A,1,34338,Kevin,McKee,,CUMBERLAND,0,,
GE 2024,PRESIDENT AND VICE PRESIDENT,1,A,1,34338,Kevin,McKee,,MONROE,0,,
GE 2024,PRESIDENT AND VICE PRESIDENT,1,A,1,34339,Latrina,Peete,,CHAMPAIGN,0,,
GE 2024,PRESIDENT AND VICE PRESIDENT,1,A,1,34339,Latrina,Peete,,TAZEWELL,0,,
GE 2024,PRESIDENT AND VICE PRESIDENT,1,A,1,34339,Latrina,Peete,,ST. CLAIR,0,,
GE 2024,PRESIDENT AND VICE PRESIDENT,1,A,1,34339,Latrina,Peete,,McDONOUGH,0,,
GE 2024,PRESIDENT AND VICE PRESIDENT,1,A,1,34338,Kevin,McKee,,JASPER,0,,
GE 2024,PRESIDENT AND VICE PRESIDENT,1,A,1,34338,Kevin,McKee,,CLINTON,0,,
GE 2024,PRESIDENT AND VICE PRESIDENT,1,A,1,34338,Kevin,McKee,,CRAWFORD,0,,
GE 2024,PRESIDENT AND VICE PRESIDENT,1,A,1,34338,Kevin,McKee,,GREENE,0,,
GE 2024,PRESIDENT AND VICE PRESIDENT,1,A,1,34338,Kevin,McKee,,SCOTT,0,,
GE 2024,PRESIDENT AND VICE PRESIDENT,1,A,1,34338,Kevin,McKee,,WHITE,0,,
GE 2024,PRESIDENT AND VICE PRESIDENT,1,A,1,34338,Kevin,McKee,,KANKAKEE,0,,
GE 2024,PRESIDENT AND VICE PRESIDENT,1,A,1,34338,Kevin,McKee,,LIVINGSTON,0,,
GE 2024,PRESIDENT AND VICE PRESIDENT,1,A,1,34338,Kevin,McKee,,MASSAC,0,,
GE 2024,PRESIDENT AND VICE PRESIDENT,1,A,1,34338,Kevin,McKee,,EFFINGHAM,0,,
GE 2024,PRESIDENT AND VICE PRESIDENT,1,A,1,34338,Kevin,McKee,,LOGAN,0,,
GE 2024,PRESIDENT AND VICE PRESIDENT,1,A,1,34338,Kevin,McKee,,MERCER,0,,
GE 2024,PRESIDENT AND VICE PRESIDENT,1,A,1,34338,Kevin,McKee,,HARDIN,0,,
GE 2024,PRESIDENT AND VICE PRESIDENT,1,A,1,34338,Kevin,McKee,,KENDALL,0,,
GE 2024,PRESIDENT AND VICE PRESIDENT,1,A,1,34338,Kevin,McKee,,IROQUOIS,0,,
GE 2024,PRESIDENT AND VICE PRESIDENT,1,A,1,34338,Kevin,McKee,,WOODFORD,0,,
GE 2024,PRESIDENT AND VICE PRESIDENT,1,A,1,34338,Kevin,McKee,,OGLE,0,,
GE 2024,PRESIDENT AND VICE PRESIDENT,1,A,1,34338,Kevin,McKee,,PULASKI,0,,
GE 2024,PRESIDENT AND VICE PRESIDENT,1,A,1,34338,Kevin,McKee,,McDONOUGH,0,,
GE 2024,PRESIDENT AND VICE PRESIDENT,1,A,1,34338,Kevin,McKee,,MACON,0,,
GE 2024,PRESIDENT AND VICE PRESIDENT,1,A,1,34338,Kevin,McKee,,SHELBY,0,,
GE 2024,PRESIDENT AND VICE PRESIDENT,1,A,1,34338,Kevin,McKee,,PEORIA,0,,
GE 2024,PRESIDENT AND VICE PRESIDENT,1,A,1,34338,Kevin,McKee,,MOULTRIE,0,,
GE 2024,PRESIDENT AND VICE PRESIDENT,1,A,1,34338,Kevin,McKee,,HANCOCK,0,,
GE 2024,PRESIDENT AND VICE PRESIDENT,1,A,1,34338,Kevin,McKee,,MORGAN,0,,
GE 2024,PRESIDENT AND VICE PRESIDENT,1,A,1,34338,Kevin,McKee,,PERRY,0,,
GE 2024,PRESIDENT AND VICE PRESIDENT,1,A,1,34338,Kevin,McKee,,SCHUYLER,0,,
GE 2024,PRESIDENT AND VICE PRESIDENT,1,A,1,34338,Kevin,McKee,,LaSALLE,0,,
GE 2024,PRESIDENT AND VICE PRESIDENT,1,A,1,34338,Kevin,McKee,,TAZEWELL,0,,
GE 2024,PRESIDENT AND VICE PRESIDENT,1,A,1,34338,Kevin,McKee,,ST. CLAIR,0,,
GE 2024,PRESIDENT AND VICE PRESIDENT,1,A,1,34338,Kevin,McKee,,UNION,0,,
GE 2024,PRESIDENT AND VICE PRESIDENT,1,A,1,34338,Kevin,McKee,,GRUNDY,0,,
GE 2024,PRESIDENT AND VICE PRESIDENT,1,A,1,34338,Kevin,McKee,,WASHINGTON,0,,
GE 2024,PRESIDENT AND VICE PRESIDENT,1,A,1,34338,Kevin,McKee,,JOHNSON,0,,
GE 2024,PRESIDENT AND VICE PRESIDENT,1,A,1,34338,Kevin,McKee,,WINNEBAGO,0,,
GE 2024,PRESIDENT AND VICE PRESIDENT,1,A,1,34338,Kevin,McKee,,MADISON,0,,
GE 2024,PRESIDENT AND VICE PRESIDENT,1,A,1,34338,Kevin,McKee,,PIKE,0,,
GE 2024,PRESIDENT AND VICE PRESIDENT,1,A,1,34338,Kevin,McKee,,McHENRY,0,,
GE 2024,PRESIDENT AND VICE PRESIDENT,1,A,1,34338,Kevin,McKee,,PUTNAM,0,,
GE 2024,PRESIDENT AND VICE PRESIDENT,1,A,1,34338,Kevin,McKee,,FRANKLIN,0,,
GE 2024,PRESIDENT AND VICE PRESIDENT,1,A,1,34338,Kevin,McKee,,JACKSON,0,,
GE 2024,PRESIDENT AND VICE PRESIDENT,1,A,1,34338,Kevin,McKee,,CASS,0,,
GE 2024,PRESIDENT AND VICE PRESIDENT,1,A,1,34338,Kevin,McKee,,VERMILION,0,,
GE 2024,PRESIDENT AND VICE PRESIDENT,1,A,1,34338,Kevin,McKee,,DeKALB,0,,
GE 2024,PRESIDENT AND VICE PRESIDENT,1,A,1,34338,Kevin,McKee,,WARREN,0,,
GE 2024,PRESIDENT AND VICE PRESIDENT,1,A,1,34338,Kevin,McKee,,RICHLAND,0,,
GE 2024,PRESIDENT AND VICE PRESIDENT,1,A,1,34338,Kevin,McKee,,RANDOLPH,0,,
GE 2024,PRESIDENT AND VICE PRESIDENT,1,A,1,34338,Kevin,McKee,,JEFFERSON,0,,
GE 2024,PRESIDENT AND VICE PRESIDENT,1,A,1,34338,Kevin,McKee,,KNOX,0,,
GE 2024,PRESIDENT AND VICE PRESIDENT,1,A,1,34338,Kevin,McKee,,MARION,0,,
GE 2024,PRESIDENT AND VICE PRESIDENT,1,A,1,34338,Kevin,McKee,,CHAMPAIGN,0,,
GE 2024,PRESIDENT AND VICE PRESIDENT,1,A,1,34338,Kevin,McKee,,CLAY,0,,
GE 2024,PRESIDENT AND VICE PRESIDENT,1,A,1,34338,Kevin,McKee,,GALLATIN,0,,
GE 2024,PRESIDENT AND VICE PRESIDENT,1,A,1,34338,Kevin,McKee,,DuPAGE,0,,
GE 2024,PRESIDENT AND VICE PRESIDENT,1,A,1,34338,Kevin,McKee,,WILL,0,,
GE 2024,PRESIDENT AND VICE PRESIDENT,1,A,1,34338,Kevin,McKee,,JERSEY,0,,
GE 2024,PRESIDENT AND VICE PRESIDENT,1,A,1,34338,Kevin,McKee,,FULTON,0,,
GE 2024,PRESIDENT AND VICE PRESIDENT,1,A,1,34338,Kevin,McKee,,COOK,2,,
GE 2024,PRESIDENT AND VICE PRESIDENT,1,A,1,34338,Kevin,McKee,,McLEAN,0,,
GE 2024,PRESIDENT AND VICE PRESIDENT,1,A,1,34338,Kevin,McKee,,FAYETTE,0,,
GE 2024,PRESIDENT AND VICE PRESIDENT,1,A,1,34337,Gordan,Hlavenka,,WHITE,0,,
GE 2024,PRESIDENT AND VICE PRESIDENT,1,A,1,34337,Gordan,Hlavenka,,CUMBERLAND,0,,
GE 2024,PRESIDENT AND VICE PRESIDENT,1,A,1,34337,Gordan,Hlavenka,,MONROE,0,,
GE 2024,PRESIDENT AND VICE PRESIDENT,1,A,1,34337,Gordan,Hlavenka,,MASSAC,0,,
GE 2024,PRESIDENT AND VICE PRESIDENT,1,A,1,34337,Gordan,Hlavenka,,EFFINGHAM,0,,
GE 2024,PRESIDENT AND VICE PRESIDENT,1,A,1,34338,Kevin,McKee,,LAKE,2,,
GE 2024,PRESIDENT AND VICE PRESIDENT,1,A,1,34337,Gordan,Hlavenka,,MERCER,0,,
GE 2024,PRESIDENT AND VICE PRESIDENT,1,A,1,34337,Gordan,Hlavenka,,JASPER,0,,
GE 2024,PRESIDENT AND VICE PRESIDENT,1,A,1,34337,Gordan,Hlavenka,,CLINTON,0,,
GE 2024,PRESIDENT AND VICE PRESIDENT,1,A,1,34337,Gordan,Hlavenka,,IROQUOIS,0,,
GE 2024,PRESIDENT AND VICE PRESIDENT,1,A,1,34337,Gordan,Hlavenka,,WOODFORD,0,,
GE 2024,PRESIDENT AND VICE PRESIDENT,1,A,1,34337,Gordan,Hlavenka,,SCOTT,0,,
GE 2024,PRESIDENT AND VICE PRESIDENT,1,A,1,34337,Gordan,Hlavenka,,PULASKI,0,,
GE 2024,PRESIDENT AND VICE PRESIDENT,1,A,1,34337,Gordan,Hlavenka,,KANKAKEE,0,,
GE 2024,PRESIDENT AND VICE PRESIDENT,1,A,1,34337,Gordan,Hlavenka,,LIVINGSTON,0,,
GE 2024,PRESIDENT AND VICE PRESIDENT,1,A,1,34337,Gordan,Hlavenka,,SHELBY,0,,
GE 2024,PRESIDENT AND VICE PRESIDENT,1,A,1,34337,Gordan,Hlavenka,,McHENRY,0,,
GE 2024,PRESIDENT AND VICE PRESIDENT,1,A,1,34337,Gordan,Hlavenka,,LOGAN,0,,
GE 2024,PRESIDENT AND VICE PRESIDENT,1,A,1,34337,Gordan,Hlavenka,,MOULTRIE,0,,
GE 2024,PRESIDENT AND VICE PRESIDENT,1,A,1,34337,Gordan,Hlavenka,,HANCOCK,0,,
GE 2024,PRESIDENT AND VICE PRESIDENT,1,A,1,34337,Gordan,Hlavenka,,HARDIN,0,,
GE 2024,PRESIDENT AND VICE PRESIDENT,1,A,1,34337,Gordan,Hlavenka,,KENDALL,0,,
GE 2024,PRESIDENT AND VICE PRESIDENT,1,A,1,34337,Gordan,Hlavenka,,SCHUYLER,0,,
GE 2024,PRESIDENT AND VICE PRESIDENT,1,A,1,34337,Gordan,Hlavenka,,OGLE,0,,
GE 2024,PRESIDENT AND VICE PRESIDENT,1,A,1,34337,Gordan,Hlavenka,,TAZEWELL,0,,
GE 2024,PRESIDENT AND VICE PRESIDENT,1,A,1,34337,Gordan,Hlavenka,,ST. CLAIR,0,,
GE 2024,PRESIDENT AND VICE PRESIDENT,1,A,1,34337,Gordan,Hlavenka,,McDONOUGH,0,,
GE 2024,PRESIDENT AND VICE PRESIDENT,1,A,1,34337,Gordan,Hlavenka,,MACON,0,,
GE 2024,PRESIDENT AND VICE PRESIDENT,1,A,1,34337,Gordan,Hlavenka,,WASHINGTON,0,,
GE 2024,PRESIDENT AND VICE PRESIDENT,1,A,1,34337,Gordan,Hlavenka,,PEORIA,0,,
GE 2024,PRESIDENT AND VICE PRESIDENT,1,A,1,34337,Gordan,Hlavenka,,WINNEBAGO,0,,
GE 2024,PRESIDENT AND VICE PRESIDENT,1,A,1,34337,Gordan,Hlavenka,,MADISON,0,,
GE 2024,PRESIDENT AND VICE PRESIDENT,1,A,1,34337,Gordan,Hlavenka,,MORGAN,0,,
GE 2024,PRESIDENT AND VICE PRESIDENT,1,A,1,34337,Gordan,Hlavenka,,PERRY,0,,
GE 2024,PRESIDENT AND VICE PRESIDENT,1,A,1,34337,Gordan,Hlavenka,,PUTNAM,0,,
GE 2024,PRESIDENT AND VICE PRESIDENT,1,A,1,34337,Gordan,Hlavenka,,LaSALLE,0,,
GE 2024,PRESIDENT AND VICE PRESIDENT,1,A,1,34337,Gordan,Hlavenka,,JACKSON,0,,
GE 2024,PRESIDENT AND VICE PRESIDENT,1,A,1,34337,Gordan,Hlavenka,,CASS,0,,
GE 2024,PRESIDENT AND VICE PRESIDENT,1,A,1,34337,Gordan,Hlavenka,,UNION,0,,
GE 2024,PRESIDENT AND VICE PRESIDENT,1,A,1,34337,Gordan,Hlavenka,,GRUNDY,0,,
GE 2024,PRESIDENT AND VICE PRESIDENT,1,A,1,34337,Gordan,Hlavenka,,WARREN,0,,
GE 2024,PRESIDENT AND VICE PRESIDENT,1,A,1,34337,Gordan,Hlavenka,,JOHNSON,0,,
GE 2024,PRESIDENT AND VICE PRESIDENT,1,A,1,34337,Gordan,Hlavenka,,RANDOLPH,0,,
GE 2024,PRESIDENT AND VICE PRESIDENT,1,A,1,34337,Gordan,Hlavenka,,JEFFERSON,0,,
GE 2024,PRESIDENT AND VICE PRESIDENT,1,A,1,34337,Gordan,Hlavenka,,PIKE,0,,
GE 2024,PRESIDENT AND VICE PRESIDENT,1,A,1,34337,Gordan,Hlavenka,,CHAMPAIGN,0,,
GE 2024,PRESIDENT AND VICE PRESIDENT,1,A,1,34337,Gordan,Hlavenka,,CLAY,0,,
GE 2024,PRESIDENT AND VICE PRESIDENT,1,A,1,34337,Gordan,Hlavenka,,FRANKLIN,0,,
GE 2024,PRESIDENT AND VICE PRESIDENT,1,A,1,34337,Gordan,Hlavenka,,DuPAGE,3,,
GE 2024,PRESIDENT AND VICE PRESIDENT,1,A,1,34337,Gordan,Hlavenka,,VERMILION,0,,
GE 2024,PRESIDENT AND VICE PRESIDENT,1,A,1,34337,Gordan,Hlavenka,,DeKALB,0,,
GE 2024,PRESIDENT AND VICE PRESIDENT,1,A,1,34337,Gordan,Hlavenka,,COOK,1,,
GE 2024,PRESIDENT AND VICE PRESIDENT,1,A,1,34337,Gordan,Hlavenka,,McLEAN,0,,
GE 2024,PRESIDENT AND VICE PRESIDENT,1,A,1,34337,Gordan,Hlavenka,,RICHLAND,0,,
GE 2024,PRESIDENT AND VICE PRESIDENT,1,A,1,34337,Gordan,Hlavenka,,CRAWFORD,0,,
GE 2024,PRESIDENT AND VICE PRESIDENT,1,A,1,34337,Gordan,Hlavenka,,GREENE,0,,
GE 2024,PRESIDENT AND VICE PRESIDENT,1,A,1,34337,Gordan,Hlavenka,,FAYETTE,0,,
GE 2024,PRESIDENT AND VICE PRESIDENT,1,A,1,34337,Gordan,Hlavenka,,KNOX,0,,
GE 2024,PRESIDENT AND VICE PRESIDENT,1,A,1,34337,Gordan,Hlavenka,,MARION,0,,
GE 2024,PRESIDENT AND VICE PRESIDENT,1,A,1,34337,Gordan,Hlavenka,,GALLATIN,0,,
GE 2024,PRESIDENT AND VICE PRESIDENT,1,A,1,34331,Brian Larry,Kienitz,,CLARK,0,,
GE 2024,PRESIDENT AND VICE PRESIDENT,1,A,1,34331,Brian Larry,Kienitz,,CARROLL,0,,
GE 2024,PRESIDENT AND VICE PRESIDENT,1,A,1,34337,Gordan,Hlavenka,,LAKE,1,,
GE 2024,PRESIDENT AND VICE PRESIDENT,1,A,1,34337,Gordan,Hlavenka,,WILL,0,,
GE 2024,PRESIDENT AND VICE PRESIDENT,1,A,1,34337,Gordan,Hlavenka,,JERSEY,0,,
GE 2024,PRESIDENT AND VICE PRESIDENT,1,A,1,34337,Gordan,Hlavenka,,FULTON,0,,
GE 2024,PRESIDENT AND VICE PRESIDENT,1,A,1,34331,Brian Larry,Kienitz,,EDGAR,0,,
GE 2024,PRESIDENT AND VICE PRESIDENT,1,A,1,34331,Brian Larry,Kienitz,,HENDERSON,0,,
GE 2024,PRESIDENT AND VICE PRESIDENT,1,A,1,34331,Brian Larry,Kienitz,,LAWRENCE,0,,
GE 2024,PRESIDENT AND VICE PRESIDENT,1,A,1,34331,Brian Larry,Kienitz,,HENRY,0,,
GE 2024,PRESIDENT AND VICE PRESIDENT,1,A,1,34331,Brian Larry,Kienitz,,BOND,0,,
GE 2024,PRESIDENT AND VICE PRESIDENT,1,A,1,34331,Brian Larry,Kienitz,,CHRISTIAN,0,,
GE 2024,PRESIDENT AND VICE PRESIDENT,1,A,1,34331,Brian Larry,Kienitz,,COLES,0,,
GE 2024,PRESIDENT AND VICE PRESIDENT,1,A,1,34331,Brian Larry,Kienitz,,EDWARDS,0,,
GE 2024,PRESIDENT AND VICE PRESIDENT,1,A,1,34331,Brian Larry,Kienitz,,MACOUPIN,0,,
GE 2024,PRESIDENT AND VICE PRESIDENT,1,A,1,34331,Brian Larry,Kienitz,,POPE,0,,
GE 2024,PRESIDENT AND VICE PRESIDENT,1,A,1,34331,Brian Larry,Kienitz,,BUREAU,0,,
GE 2024,PRESIDENT AND VICE PRESIDENT,1,A,1,34331,Brian Larry,Kienitz,,MASON,0,,
GE 2024,PRESIDENT AND VICE PRESIDENT,1,A,1,34331,Brian Larry,Kienitz,,CRAWFORD,0,,
GE 2024,PRESIDENT AND VICE PRESIDENT,1,A,1,34331,Brian Larry,Kienitz,,GREENE,0,,
GE 2024,PRESIDENT AND VICE PRESIDENT,1,A,1,34331,Brian Larry,Kienitz,,FORD,0,,
GE 2024,PRESIDENT AND VICE PRESIDENT,1,A,1,34331,Brian Larry,Kienitz,,LEE,0,,
GE 2024,PRESIDENT AND VICE PRESIDENT,1,A,1,34331,Brian Larry,Kienitz,,WILL,0,,
GE 2024,PRESIDENT AND VICE PRESIDENT,1,A,1,34331,Brian Larry,Kienitz,,JoDAVIESS,0,,
GE 2024,PRESIDENT AND VICE PRESIDENT,1,A,1,34331,Brian Larry,Kienitz,,MASSAC,0,,
GE 2024,PRESIDENT AND VICE PRESIDENT,1,A,1,34331,Brian Larry,Kienitz,,EFFINGHAM,0,,
GE 2024,PRESIDENT AND VICE PRESIDENT,1,A,1,34331,Brian Larry,Kienitz,,DeWITT,0,,
GE 2024,PRESIDENT AND VICE PRESIDENT,1,A,1,34331,Brian Larry,Kienitz,,LAKE,1,,
GE 2024,PRESIDENT AND VICE PRESIDENT,1,A,1,34331,Brian Larry,Kienitz,,JERSEY,0,,
GE 2024,PRESIDENT AND VICE PRESIDENT,1,A,1,34331,Brian Larry,Kienitz,,FULTON,0,,
GE 2024,PRESIDENT AND VICE PRESIDENT,1,A,1,34331,Brian Larry,Kienitz,,IROQUOIS,0,,
GE 2024,PRESIDENT AND VICE PRESIDENT,1,A,1,34331,Brian Larry,Kienitz,,WOODFORD,0,,
GE 2024,PRESIDENT AND VICE PRESIDENT,1,A,1,34331,Brian Larry,Kienitz,,SCOTT,0,,
GE 2024,PRESIDENT AND VICE PRESIDENT,1,A,1,34331,Brian Larry,Kienitz,,WHITE,0,,
GE 2024,PRESIDENT AND VICE PRESIDENT,1,A,1,34331,Brian Larry,Kienitz,,CUMBERLAND,0,,
GE 2024,PRESIDENT AND VICE PRESIDENT,1,A,1,34331,Brian Larry,Kienitz,,MONROE,0,,
GE 2024,PRESIDENT AND VICE PRESIDENT,1,A,1,34331,Brian Larry,Kienitz,,SHELBY,0,,
GE 2024,PRESIDENT AND VICE PRESIDENT,1,A,1,34331,Brian Larry,Kienitz,,McHENRY,1,,
GE 2024,PRESIDENT AND VICE PRESIDENT,1,A,1,34331,Brian Larry,Kienitz,,LOGAN,0,,
GE 2024,PRESIDENT AND VICE PRESIDENT,1,A,1,34331,Brian Larry,Kienitz,,MERCER,0,,
GE 2024,PRESIDENT AND VICE PRESIDENT,1,A,1,34331,Brian Larry,Kienitz,,JASPER,0,,
GE 2024,PRESIDENT AND VICE PRESIDENT,1,A,1,34331,Brian Larry,Kienitz,,CLINTON,0,,
GE 2024,PRESIDENT AND VICE PRESIDENT,1,A,1,34331,Brian Larry,Kienitz,,KENDALL,0,,
GE 2024,PRESIDENT AND VICE PRESIDENT,1,A,1,34331,Brian Larry,Kienitz,,SCHUYLER,0,,
GE 2024,PRESIDENT AND VICE PRESIDENT,1,A,1,34331,Brian Larry,Kienitz,,OGLE,0,,
GE 2024,PRESIDENT AND VICE PRESIDENT,1,A,1,34331,Brian Larry,Kienitz,,PULASKI,0,,
GE 2024,PRESIDENT AND VICE PRESIDENT,1,A,1,34331,Brian Larry,Kienitz,,KANKAKEE,0,,
GE 2024,PRESIDENT AND VICE PRESIDENT,1,A,1,34331,Brian Larry,Kienitz,,LIVINGSTON,0,,
GE 2024,PRESIDENT AND VICE PRESIDENT,1,A,1,34331,Brian Larry,Kienitz,,McDONOUGH,0,,
GE 2024,PRESIDENT AND VICE PRESIDENT,1,A,1,34331,Brian Larry,Kienitz,,MACON,0,,
GE 2024,PRESIDENT AND VICE PRESIDENT,1,A,1,34331,Brian Larry,Kienitz,,PEORIA,0,,
GE 2024,PRESIDENT AND VICE PRESIDENT,1,A,1,34331,Brian Larry,Kienitz,,MOULTRIE,0,,
GE 2024,PRESIDENT AND VICE PRESIDENT,1,A,1,34331,Brian Larry,Kienitz,,HANCOCK,0,,
GE 2024,PRESIDENT AND VICE PRESIDENT,1,A,1,34331,Brian Larry,Kienitz,,HARDIN,0,,
GE 2024,PRESIDENT AND VICE PRESIDENT,1,A,1,34331,Brian Larry,Kienitz,,PERRY,0,,
GE 2024,PRESIDENT AND VICE PRESIDENT,1,A,1,34331,Brian Larry,Kienitz,,PUTNAM,0,,
GE 2024,PRESIDENT AND VICE PRESIDENT,1,A,1,34331,Brian Larry,Kienitz,,LaSALLE,0,,
GE 2024,PRESIDENT AND VICE PRESIDENT,1,A,1,34331,Brian Larry,Kienitz,,TAZEWELL,0,,
GE 2024,PRESIDENT AND VICE PRESIDENT,1,A,1,34331,Brian Larry,Kienitz,,CHAMPAIGN,0,,
GE 2024,PRESIDENT AND VICE PRESIDENT,1,A,1,34331,Brian Larry,Kienitz,,ST. CLAIR,0,,
GE 2024,PRESIDENT AND VICE PRESIDENT,1,A,1,34331,Brian Larry,Kienitz,,GRUNDY,0,,
GE 2024,PRESIDENT AND VICE PRESIDENT,1,A,1,34331,Brian Larry,Kienitz,,WARREN,0,,
GE 2024,PRESIDENT AND VICE PRESIDENT,1,A,1,34331,Brian Larry,Kienitz,,WASHINGTON,0,,
GE 2024,PRESIDENT AND VICE PRESIDENT,1,A,1,34331,Brian Larry,Kienitz,,JOHNSON,0,,
GE 2024,PRESIDENT AND VICE PRESIDENT,1,A,1,34331,Brian Larry,Kienitz,,WINNEBAGO,0,,
GE 2024,PRESIDENT AND VICE PRESIDENT,1,A,1,34331,Brian Larry,Kienitz,,MORGAN,0,,
GE 2024,PRESIDENT AND VICE PRESIDENT,1,A,1,34331,Brian Larry,Kienitz,,CLAY,0,,
GE 2024,PRESIDENT AND VICE PRESIDENT,1,A,1,34331,Brian Larry,Kienitz,,GALLATIN,0,,
GE 2024,PRESIDENT AND VICE PRESIDENT,1,A,1,34331,Brian Larry,Kienitz,,FRANKLIN,0,,
GE 2024,PRESIDENT AND VICE PRESIDENT,1,A,1,34331,Brian Larry,Kienitz,,JACKSON,0,,
GE 2024,PRESIDENT AND VICE PRESIDENT,1,A,1,34331,Brian Larry,Kienitz,,CASS,0,,
GE 2024,PRESIDENT AND VICE PRESIDENT,1,A,1,34331,Brian Larry,Kienitz,,UNION,0,,
GE 2024,PRESIDENT AND VICE PRESIDENT,1,A,1,34331,Brian Larry,Kienitz,,McLEAN,0,,
GE 2024,PRESIDENT AND VICE PRESIDENT,1,A,1,34331,Brian Larry,Kienitz,,FAYETTE,0,,
GE 2024,PRESIDENT AND VICE PRESIDENT,1,A,1,34331,Brian Larry,Kienitz,,RICHLAND,0,,
GE 2024,PRESIDENT AND VICE PRESIDENT,1,A,1,34331,Brian Larry,Kienitz,,RANDOLPH,0,,
GE 2024,PRESIDENT AND VICE PRESIDENT,1,A,1,34331,Brian Larry,Kienitz,,JEFFERSON,0,,
GE 2024,PRESIDENT AND VICE PRESIDENT,1,A,1,34331,Brian Larry,Kienitz,,PIKE,0,,
GE 2024,PRESIDENT AND VICE PRESIDENT,1,A,1,34331,Brian Larry,Kienitz,,KNOX,0,,
GE 2024,PRESIDENT AND VICE PRESIDENT,1,A,1,34331,Brian Larry,Kienitz,,MARION,0,,
GE 2024,PRESIDENT AND VICE PRESIDENT,1,A,1,34331,Brian Larry,Kienitz,,DuPAGE,0,,
GE 2024,PRESIDENT AND VICE PRESIDENT,1,A,1,34331,Brian Larry,Kienitz,,VERMILION,0,,
GE 2024,PRESIDENT AND VICE PRESIDENT,1,A,1,34331,Brian Larry,Kienitz,,DeKALB,0,,
GE 2024,PRESIDENT AND VICE PRESIDENT,1,A,1,34331,Brian Larry,Kienitz,,COOK,0,,
GE 2024,PRESIDENT AND VICE PRESIDENT,1,A,1,34331,Brian Larry,Kienitz,,MADISON,0,,
GE 2024,PRESIDENT AND VICE PRESIDENT,1,A,1,34331,Brian Larry,Kienitz,,KANE,0,,
GE 2024,PRESIDENT AND VICE PRESIDENT,1,A,1,34331,Brian Larry,Kienitz,,SANGAMON,0,,
GE 2024,PRESIDENT AND VICE PRESIDENT,1,A,1,34331,Brian Larry,Kienitz,,ROCK ISLAND,0,,
GE 2024,PRESIDENT AND VICE PRESIDENT,1,A,1,34331,Brian Larry,Kienitz,,STEPHENSON,0,,
GE 2024,PRESIDENT AND VICE PRESIDENT,1,A,1,34331,Brian Larry,Kienitz,,BOONE,0,,
GE 2024,PRESIDENT AND VICE PRESIDENT,1,A,1,34328,Mike ter,Maat,,HENDERSON,0,,
GE 2024,PRESIDENT AND VICE PRESIDENT,1,A,1,34328,Mike ter,Maat,,BROWN,0,,
GE 2024,PRESIDENT AND VICE PRESIDENT,1,A,1,34328,Mike ter,Maat,,DOUGLAS,0,,
GE 2024,PRESIDENT AND VICE PRESIDENT,1,A,1,34328,Mike ter,Maat,,HANCOCK,1,,
GE 2024,PRESIDENT AND VICE PRESIDENT,1,A,1,34328,Mike ter,Maat,,MONTGOMERY,0,,
GE 2024,PRESIDENT AND VICE PRESIDENT,1,A,1,34328,Mike ter,Maat,,SALINE,0,,
GE 2024,PRESIDENT AND VICE PRESIDENT,1,A,1,34328,Mike ter,Maat,,MENARD,0,,
GE 2024,PRESIDENT AND VICE PRESIDENT,1,A,1,34328,Mike ter,Maat,,ADAMS,0,,
GE 2024,PRESIDENT AND VICE PRESIDENT,1,A,1,34328,Mike ter,Maat,,HENRY,1,,
GE 2024,PRESIDENT AND VICE PRESIDENT,1,A,1,34328,Mike ter,Maat,,ROCK ISLAND,14,,
GE 2024,PRESIDENT AND VICE PRESIDENT,1,A,1,34328,Mike ter,Maat,,PIATT,0,,
GE 2024,PRESIDENT AND VICE PRESIDENT,1,A,1,34328,Mike ter,Maat,,LAWRENCE,0,,
GE 2024,PRESIDENT AND VICE PRESIDENT,1,A,1,34328,Mike ter,Maat,,MADISON,27,,
GE 2024,PRESIDENT AND VICE PRESIDENT,1,A,1,34328,Mike ter,Maat,,KANE,0,,
GE 2024,PRESIDENT AND VICE PRESIDENT,1,A,1,34328,Mike ter,Maat,,SANGAMON,0,,
GE 2024,PRESIDENT AND VICE PRESIDENT,1,A,1,34328,Mike ter,Maat,,STEPHENSON,0,,
GE 2024,PRESIDENT AND VICE PRESIDENT,1,A,1,34328,Mike ter,Maat,,BOONE,0,,
GE 2024,PRESIDENT AND VICE PRESIDENT,1,A,1,34328,Mike ter,Maat,,BOND,0,,
GE 2024,PRESIDENT AND VICE PRESIDENT,1,A,1,34328,Mike ter,Maat,,CHRISTIAN,0,,
GE 2024,PRESIDENT AND VICE PRESIDENT,1,A,1,34328,Mike ter,Maat,,CLARK,0,,
GE 2024,PRESIDENT AND VICE PRESIDENT,1,A,1,34328,Mike ter,Maat,,MACOUPIN,0,,
GE 2024,PRESIDENT AND VICE PRESIDENT,1,A,1,34328,Mike ter,Maat,,POPE,0,,
GE 2024,PRESIDENT AND VICE PRESIDENT,1,A,1,34328,Mike ter,Maat,,BUREAU,0,,
GE 2024,PRESIDENT AND VICE PRESIDENT,1,A,1,34328,Mike ter,Maat,,MASON,0,,
GE 2024,PRESIDENT AND VICE PRESIDENT,1,A,1,34328,Mike ter,Maat,,EDGAR,0,,
GE 2024,PRESIDENT AND VICE PRESIDENT,1,A,1,34328,Mike ter,Maat,,CARROLL,1,,
GE 2024,PRESIDENT AND VICE PRESIDENT,1,A,1,34328,Mike ter,Maat,,FORD,0,,
GE 2024,PRESIDENT AND VICE PRESIDENT,1,A,1,34328,Mike ter,Maat,,LEE,0,,
GE 2024,PRESIDENT AND VICE PRESIDENT,1,A,1,34328,Mike ter,Maat,,WILL,0,,
GE 2024,PRESIDENT AND VICE PRESIDENT,1,A,1,34328,Mike ter,Maat,,JoDAVIESS,0,,
GE 2024,PRESIDENT AND VICE PRESIDENT,1,A,1,34328,Mike ter,Maat,,COLES,0,,
GE 2024,PRESIDENT AND VICE PRESIDENT,1,A,1,34328,Mike ter,Maat,,EDWARDS,0,,
GE 2024,PRESIDENT AND VICE PRESIDENT,1,A,1,34328,Mike ter,Maat,,UNION,0,,
GE 2024,PRESIDENT AND VICE PRESIDENT,1,A,1,34328,Mike ter,Maat,,DeWITT,0,,
GE 2024,PRESIDENT AND VICE PRESIDENT,1,A,1,34328,Mike ter,Maat,,JERSEY,0,,
GE 2024,PRESIDENT AND VICE PRESIDENT,1,A,1,34328,Mike ter,Maat,,JOHNSON,0,,
GE 2024,PRESIDENT AND VICE PRESIDENT,1,A,1,34328,Mike ter,Maat,,FULTON,0,,
GE 2024,PRESIDENT AND VICE PRESIDENT,1,A,1,34328,Mike ter,Maat,,SCOTT,0,,
GE 2024,PRESIDENT AND VICE PRESIDENT,1,A,1,34328,Mike ter,Maat,,CRAWFORD,0,,
GE 2024,PRESIDENT AND VICE PRESIDENT,1,A,1,34328,Mike ter,Maat,,GREENE,0,,
GE 2024,PRESIDENT AND VICE PRESIDENT,1,A,1,34328,Mike ter,Maat,,WHITE,0,,
GE 2024,PRESIDENT AND VICE PRESIDENT,1,A,1,34328,Mike ter,Maat,,MONROE,1,,
GE 2024,PRESIDENT AND VICE PRESIDENT,1,A,1,34328,Mike ter,Maat,,CUMBERLAND,0,,
GE 2024,PRESIDENT AND VICE PRESIDENT,1,A,1,34328,Mike ter,Maat,,LAKE,0,,
GE 2024,PRESIDENT AND VICE PRESIDENT,1,A,1,34328,Mike ter,Maat,,MASSAC,0,,
GE 2024,PRESIDENT AND VICE PRESIDENT,1,A,1,34328,Mike ter,Maat,,EFFINGHAM,0,,
GE 2024,PRESIDENT AND VICE PRESIDENT,1,A,1,34328,Mike ter,Maat,,LOGAN,0,,
GE 2024,PRESIDENT AND VICE PRESIDENT,1,A,1,34328,Mike ter,Maat,,MERCER,0,,
GE 2024,PRESIDENT AND VICE PRESIDENT,1,A,1,34328,Mike ter,Maat,,JASPER,0,,
GE 2024,PRESIDENT AND VICE PRESIDENT,1,A,1,34328,Mike ter,Maat,,IROQUOIS,0,,
GE 2024,PRESIDENT AND VICE PRESIDENT,1,A,1,34328,Mike ter,Maat,,WOODFORD,0,,
GE 2024,PRESIDENT AND VICE PRESIDENT,1,A,1,34328,Mike ter,Maat,,OGLE,0,,
GE 2024,PRESIDENT AND VICE PRESIDENT,1,A,1,34328,Mike ter,Maat,,PULASKI,0,,
GE 2024,PRESIDENT AND VICE PRESIDENT,1,A,1,34328,Mike ter,Maat,,KANKAKEE,0,,
GE 2024,PRESIDENT AND VICE PRESIDENT,1,A,1,34328,Mike ter,Maat,,LIVINGSTON,0,,
GE 2024,PRESIDENT AND VICE PRESIDENT,1,A,1,34328,Mike ter,Maat,,SHELBY,0,,
GE 2024,PRESIDENT AND VICE PRESIDENT,1,A,1,34328,Mike ter,Maat,,PEORIA,0,,
GE 2024,PRESIDENT AND VICE PRESIDENT,1,A,1,34328,Mike ter,Maat,,MOULTRIE,0,,
GE 2024,PRESIDENT AND VICE PRESIDENT,1,A,1,34328,Mike ter,Maat,,HARDIN,0,,
GE 2024,PRESIDENT AND VICE PRESIDENT,1,A,1,34328,Mike ter,Maat,,KENDALL,19,,
GE 2024,PRESIDENT AND VICE PRESIDENT,1,A,1,34328,Mike ter,Maat,,SCHUYLER,0,,
GE 2024,PRESIDENT AND VICE PRESIDENT,1,A,1,34328,Mike ter,Maat,,LaSALLE,0,,
GE 2024,PRESIDENT AND VICE PRESIDENT,1,A,1,34328,Mike ter,Maat,,TAZEWELL,0,,
GE 2024,PRESIDENT AND VICE PRESIDENT,1,A,1,34328,Mike ter,Maat,,ST. CLAIR,0,,
GE 2024,PRESIDENT AND VICE PRESIDENT,1,A,1,34328,Mike ter,Maat,,JACKSON,0,,
GE 2024,PRESIDENT AND VICE PRESIDENT,1,A,1,34328,Mike ter,Maat,,McDONOUGH,0,,
GE 2024,PRESIDENT AND VICE PRESIDENT,1,A,1,34328,Mike ter,Maat,,MACON,0,,
GE 2024,PRESIDENT AND VICE PRESIDENT,1,A,1,34328,Mike ter,Maat,,WASHINGTON,0,,
GE 2024,PRESIDENT AND VICE PRESIDENT,1,A,1,34328,Mike ter,Maat,,DeKALB,16,,
GE 2024,PRESIDENT AND VICE PRESIDENT,1,A,1,34328,Mike ter,Maat,,MORGAN,0,,
GE 2024,PRESIDENT AND VICE PRESIDENT,1,A,1,34328,Mike ter,Maat,,PERRY,0,,
GE 2024,PRESIDENT AND VICE PRESIDENT,1,A,1,34328,Mike ter,Maat,,PUTNAM,0,,
GE 2024,PRESIDENT AND VICE PRESIDENT,1,A,1,34328,Mike ter,Maat,,FRANKLIN,0,,
GE 2024,PRESIDENT AND VICE PRESIDENT,1,A,1,34328,Mike ter,Maat,,RICHLAND,0,,
GE 2024,PRESIDENT AND VICE PRESIDENT,1,A,1,34328,Mike ter,Maat,,CASS,0,,
GE 2024,PRESIDENT AND VICE PRESIDENT,1,A,1,34328,Mike ter,Maat,,GRUNDY,0,,
GE 2024,PRESIDENT AND VICE PRESIDENT,1,A,1,34328,Mike ter,Maat,,WARREN,0,,
GE 2024,PRESIDENT AND VICE PRESIDENT,1,A,1,34328,Mike ter,Maat,,JEFFERSON,0,,
GE 2024,PRESIDENT AND VICE PRESIDENT,1,A,1,34328,Mike ter,Maat,,WINNEBAGO,6,,
GE 2024,PRESIDENT AND VICE PRESIDENT,1,A,1,34328,Mike ter,Maat,,PIKE,0,,
GE 2024,PRESIDENT AND VICE PRESIDENT,1,A,1,34328,Mike ter,Maat,,McHENRY,0,,
GE 2024,PRESIDENT AND VICE PRESIDENT,1,A,1,34328,Mike ter,Maat,,CHAMPAIGN,0,,
GE 2024,PRESIDENT AND VICE PRESIDENT,1,A,1,34328,Mike ter,Maat,,CLAY,0,,
GE 2024,PRESIDENT AND VICE PRESIDENT,1,A,1,34328,Mike ter,Maat,,GALLATIN,0,,
GE 2024,PRESIDENT AND VICE PRESIDENT,1,A,1,34328,Mike ter,Maat,,VERMILION,0,,
GE 2024,PRESIDENT AND VICE PRESIDENT,1,A,1,34328,Mike ter,Maat,,DuPAGE,0,,
GE 2024,PRESIDENT AND VICE PRESIDENT,1,A,1,34328,Mike ter,Maat,,COOK,0,,
GE 2024,PRESIDENT AND VICE PRESIDENT,1,A,1,34328,Mike ter,Maat,,McLEAN,0,,
GE 2024,PRESIDENT AND VICE PRESIDENT,1,A,1,34328,Mike ter,Maat,,FAYETTE,0,,
GE 2024,PRESIDENT AND VICE PRESIDENT,1,A,1,34328,Mike ter,Maat,,KNOX,0,,
GE 2024,PRESIDENT AND VICE PRESIDENT,1,A,1,34327,Peter,Sonski,,ROCK ISLAND,14,,
GE 2024,PRESIDENT AND VICE PRESIDENT,1,A,1,34327,Peter,Sonski,,PIATT,0,,
GE 2024,PRESIDENT AND VICE PRESIDENT,1,A,1,34328,Mike ter,Maat,,WILLIAMSON,4,,
GE 2024,PRESIDENT AND VICE PRESIDENT,1,A,1,34328,Mike ter,Maat,,RANDOLPH,0,,
GE 2024,PRESIDENT AND VICE PRESIDENT,1,A,1,34328,Mike ter,Maat,,CLINTON,0,,
GE 2024,PRESIDENT AND VICE PRESIDENT,1,A,1,34328,Mike ter,Maat,,MARION,0,,
GE 2024,PRESIDENT AND VICE PRESIDENT,1,A,1,34327,Peter,Sonski,,BOONE,0,,
GE 2024,PRESIDENT AND VICE PRESIDENT,1,A,1,34327,Peter,Sonski,,LAWRENCE,0,,
GE 2024,PRESIDENT AND VICE PRESIDENT,1,A,1,34327,Peter,Sonski,,MACON,6,,
GE 2024,PRESIDENT AND VICE PRESIDENT,1,A,1,34327,Peter,Sonski,,COLES,9,,
GE 2024,PRESIDENT AND VICE PRESIDENT,1,A,1,34327,Peter,Sonski,,ADAMS,0,,
GE 2024,PRESIDENT AND VICE PRESIDENT,1,A,1,34327,Peter,Sonski,,SANGAMON,45,,
GE 2024,PRESIDENT AND VICE PRESIDENT,1,A,1,34327,Peter,Sonski,,CHRISTIAN,0,,
GE 2024,PRESIDENT AND VICE PRESIDENT,1,A,1,34327,Peter,Sonski,,CLARK,0,,
GE 2024,PRESIDENT AND VICE PRESIDENT,1,A,1,34327,Peter,Sonski,,MENARD,0,,
GE 2024,PRESIDENT AND VICE PRESIDENT,1,A,1,34327,Peter,Sonski,,MADISON,59,,
GE 2024,PRESIDENT AND VICE PRESIDENT,1,A,1,34327,Peter,Sonski,,KANE,110,,
GE 2024,PRESIDENT AND VICE PRESIDENT,1,A,1,34327,Peter,Sonski,,STEPHENSON,0,,
GE 2024,PRESIDENT AND VICE PRESIDENT,1,A,1,34327,Peter,Sonski,,BUREAU,0,,
GE 2024,PRESIDENT AND VICE PRESIDENT,1,A,1,34327,Peter,Sonski,,MASON,0,,
GE 2024,PRESIDENT AND VICE PRESIDENT,1,A,1,34327,Peter,Sonski,,PUTNAM,1,,
GE 2024,PRESIDENT AND VICE PRESIDENT,1,A,1,34327,Peter,Sonski,,KENDALL,14,,
GE 2024,PRESIDENT AND VICE PRESIDENT,1,A,1,34327,Peter,Sonski,,HENRY,0,,
GE 2024,PRESIDENT AND VICE PRESIDENT,1,A,1,34327,Peter,Sonski,,BOND,0,,
GE 2024,PRESIDENT AND VICE PRESIDENT,1,A,1,34327,Peter,Sonski,,WILL,61,,
GE 2024,PRESIDENT AND VICE PRESIDENT,1,A,1,34327,Peter,Sonski,,JoDAVIESS,0,,
GE 2024,PRESIDENT AND VICE PRESIDENT,1,A,1,34327,Peter,Sonski,,CARROLL,0,,
GE 2024,PRESIDENT AND VICE PRESIDENT,1,A,1,34327,Peter,Sonski,,MACOUPIN,0,,
GE 2024,PRESIDENT AND VICE PRESIDENT,1,A,1,34327,Peter,Sonski,,POPE,0,,
GE 2024,PRESIDENT AND VICE PRESIDENT,1,A,1,34327,Peter,Sonski,,PEORIA,71,,
GE 2024,PRESIDENT AND VICE PRESIDENT,1,A,1,34327,Peter,Sonski,,FULTON,0,,
GE 2024,PRESIDENT AND VICE PRESIDENT,1,A,1,34327,Peter,Sonski,,CRAWFORD,0,,
GE 2024,PRESIDENT AND VICE PRESIDENT,1,A,1,34327,Peter,Sonski,,EDGAR,0,,
GE 2024,PRESIDENT AND VICE PRESIDENT,1,A,1,34327,Peter,Sonski,,HENDERSON,0,,
GE 2024,PRESIDENT AND VICE PRESIDENT,1,A,1,34327,Peter,Sonski,,FORD,0,,
GE 2024,PRESIDENT AND VICE PRESIDENT,1,A,1,34327,Peter,Sonski,,LEE,0,,
GE 2024,PRESIDENT AND VICE PRESIDENT,1,A,1,34327,Peter,Sonski,,MONROE,0,,
GE 2024,PRESIDENT AND VICE PRESIDENT,1,A,1,34327,Peter,Sonski,,MASSAC,0,,
GE 2024,PRESIDENT AND VICE PRESIDENT,1,A,1,34327,Peter,Sonski,,EDWARDS,0,,
GE 2024,PRESIDENT AND VICE PRESIDENT,1,A,1,34327,Peter,Sonski,,DeWITT,0,,
GE 2024,PRESIDENT AND VICE PRESIDENT,1,A,1,34327,Peter,Sonski,,LAKE,112,,
GE 2024,PRESIDENT AND VICE PRESIDENT,1,A,1,34327,Peter,Sonski,,JERSEY,0,,
GE 2024,PRESIDENT AND VICE PRESIDENT,1,A,1,34327,Peter,Sonski,,CLINTON,0,,
GE 2024,PRESIDENT AND VICE PRESIDENT,1,A,1,34327,Peter,Sonski,,IROQUOIS,0,,
GE 2024,PRESIDENT AND VICE PRESIDENT,1,A,1,34327,Peter,Sonski,,GREENE,0,,
GE 2024,PRESIDENT AND VICE PRESIDENT,1,A,1,34327,Peter,Sonski,,SCOTT,0,,
GE 2024,PRESIDENT AND VICE PRESIDENT,1,A,1,34327,Peter,Sonski,,WHITE,0,,
GE 2024,PRESIDENT AND VICE PRESIDENT,1,A,1,34327,Peter,Sonski,,CUMBERLAND,0,,
GE 2024,PRESIDENT AND VICE PRESIDENT,1,A,1,34327,Peter,Sonski,,SHELBY,0,,
GE 2024,PRESIDENT AND VICE PRESIDENT,1,A,1,34327,Peter,Sonski,,McHENRY,70,,
GE 2024,PRESIDENT AND VICE PRESIDENT,1,A,1,34327,Peter,Sonski,,EFFINGHAM,0,,
GE 2024,PRESIDENT AND VICE PRESIDENT,1,A,1,34327,Peter,Sonski,,LOGAN,0,,
GE 2024,PRESIDENT AND VICE PRESIDENT,1,A,1,34327,Peter,Sonski,,MERCER,0,,
GE 2024,PRESIDENT AND VICE PRESIDENT,1,A,1,34327,Peter,Sonski,,JASPER,0,,
GE 2024,PRESIDENT AND VICE PRESIDENT,1,A,1,34327,Peter,Sonski,,LaSALLE,0,,
GE 2024,PRESIDENT AND VICE PRESIDENT,1,A,1,34327,Peter,Sonski,,TAZEWELL,0,,
GE 2024,PRESIDENT AND VICE PRESIDENT,1,A,1,34327,Peter,Sonski,,WOODFORD,0,,
GE 2024,PRESIDENT AND VICE PRESIDENT,1,A,1,34327,Peter,Sonski,,OGLE,0,,
GE 2024,PRESIDENT AND VICE PRESIDENT,1,A,1,34327,Peter,Sonski,,PULASKI,0,,
GE 2024,PRESIDENT AND VICE PRESIDENT,1,A,1,34327,Peter,Sonski,,LIVINGSTON,0,,
GE 2024,PRESIDENT AND VICE PRESIDENT,1,A,1,34327,Peter,Sonski,,JOHNSON,0,,
GE 2024,PRESIDENT AND VICE PRESIDENT,1,A,1,34327,Peter,Sonski,,MORGAN,0,,
GE 2024,PRESIDENT AND VICE PRESIDENT,1,A,1,34327,Peter,Sonski,,MOULTRIE,0,,
GE 2024,PRESIDENT AND VICE PRESIDENT,1,A,1,34327,Peter,Sonski,,HANCOCK,0,,
GE 2024,PRESIDENT AND VICE PRESIDENT,1,A,1,34327,Peter,Sonski,,HARDIN,0,,
GE 2024,PRESIDENT AND VICE PRESIDENT,1,A,1,34327,Peter,Sonski,,SCHUYLER,0,,
GE 2024,PRESIDENT AND VICE PRESIDENT,1,A,1,34327,Peter,Sonski,,CASS,0,,
GE 2024,PRESIDENT AND VICE PRESIDENT,1,A,1,34327,Peter,Sonski,,UNION,0,,
GE 2024,PRESIDENT AND VICE PRESIDENT,1,A,1,34327,Peter,Sonski,,CHAMPAIGN,84,,
GE 2024,PRESIDENT AND VICE PRESIDENT,1,A,1,34327,Peter,Sonski,,McDONOUGH,0,,
GE 2024,PRESIDENT AND VICE PRESIDENT,1,A,1,34327,Peter,Sonski,,WASHINGTON,0,,
GE 2024,PRESIDENT AND VICE PRESIDENT,1,A,1,34327,Peter,Sonski,,DeKALB,20,,
GE 2024,PRESIDENT AND VICE PRESIDENT,1,A,1,34327,Peter,Sonski,,JEFFERSON,0,,
GE 2024,PRESIDENT AND VICE PRESIDENT,1,A,1,34327,Peter,Sonski,,WINNEBAGO,19,,
GE 2024,PRESIDENT AND VICE PRESIDENT,1,A,1,34327,Peter,Sonski,,PERRY,0,,
GE 2024,PRESIDENT AND VICE PRESIDENT,1,A,1,34327,Peter,Sonski,,FRANKLIN,0,,
GE 2024,PRESIDENT AND VICE PRESIDENT,1,A,1,34327,Peter,Sonski,,JACKSON,0,,
GE 2024,PRESIDENT AND VICE PRESIDENT,1,A,1,34327,Peter,Sonski,,ST. CLAIR,22,,
GE 2024,PRESIDENT AND VICE PRESIDENT,1,A,1,34327,Peter,Sonski,,VERMILION,3,,
GE 2024,PRESIDENT AND VICE PRESIDENT,1,A,1,34327,Peter,Sonski,,COOK,273,,
GE 2024,PRESIDENT AND VICE PRESIDENT,1,A,1,34327,Peter,Sonski,,GRUNDY,0,,
GE 2024,PRESIDENT AND VICE PRESIDENT,1,A,1,34327,Peter,Sonski,,WARREN,0,,
GE 2024,PRESIDENT AND VICE PRESIDENT,1,A,1,34327,Peter,Sonski,,RICHLAND,0,,
GE 2024,PRESIDENT AND VICE PRESIDENT,1,A,1,34327,Peter,Sonski,,RANDOLPH,0,,
GE 2024,PRESIDENT AND VICE PRESIDENT,1,A,1,34327,Peter,Sonski,,KNOX,0,,
GE 2024,PRESIDENT AND VICE PRESIDENT,1,A,1,34327,Peter,Sonski,,MARION,2,,
GE 2024,PRESIDENT AND VICE PRESIDENT,1,A,1,34327,Peter,Sonski,,PIKE,0,,
GE 2024,PRESIDENT AND VICE PRESIDENT,1,A,1,34327,Peter,Sonski,,CLAY,0,,
GE 2024,PRESIDENT AND VICE PRESIDENT,1,A,1,34327,Peter,Sonski,,GALLATIN,0,,
GE 2024,PRESIDENT AND VICE PRESIDENT,1,A,1,34327,Peter,Sonski,,DuPAGE,313,,
GE 2024,PRESIDENT AND VICE PRESIDENT,1,A,1,34327,Peter,Sonski,,WILLIAMSON,0,,
GE 2024,PRESIDENT AND VICE PRESIDENT,1,A,1,34327,Peter,Sonski,,DOUGLAS,0,,
GE 2024,PRESIDENT AND VICE PRESIDENT,1,A,1,34327,Peter,Sonski,,MONTGOMERY,0,,
GE 2024,PRESIDENT AND VICE PRESIDENT,1,A,1,34327,Peter,Sonski,,SALINE,0,,
GE 2024,PRESIDENT AND VICE PRESIDENT,1,A,1,34327,Peter,Sonski,,McLEAN,76,,
GE 2024,PRESIDENT AND VICE PRESIDENT,1,A,1,34327,Peter,Sonski,,FAYETTE,0,,
GE 2024,PRESIDENT AND VICE PRESIDENT,1,A,1,34326,Future Madame,Potus,,ADAMS,0,,
GE 2024,PRESIDENT AND VICE PRESIDENT,1,A,1,34326,Future Madame,Potus,,SANGAMON,0,,
GE 2024,PRESIDENT AND VICE PRESIDENT,1,A,1,34326,Future Madame,Potus,,PIATT,0,,
GE 2024,PRESIDENT AND VICE PRESIDENT,1,A,1,34326,Future Madame,Potus,,LAWRENCE,0,,
GE 2024,PRESIDENT AND VICE PRESIDENT,1,A,1,34326,Future Madame,Potus,,MENARD,0,,
GE 2024,PRESIDENT AND VICE PRESIDENT,1,A,1,34327,Peter,Sonski,,KANKAKEE,7,,
GE 2024,PRESIDENT AND VICE PRESIDENT,1,A,1,34326,Future Madame,Potus,,ROCK ISLAND,0,,
GE 2024,PRESIDENT AND VICE PRESIDENT,1,A,1,34326,Future Madame,Potus,,STEPHENSON,0,,
GE 2024,PRESIDENT AND VICE PRESIDENT,1,A,1,34326,Future Madame,Potus,,BOONE,0,,
GE 2024,PRESIDENT AND VICE PRESIDENT,1,A,1,34326,Future Madame,Potus,,HENRY,0,,
GE 2024,PRESIDENT AND VICE PRESIDENT,1,A,1,34326,Future Madame,Potus,,CRAWFORD,0,,
GE 2024,PRESIDENT AND VICE PRESIDENT,1,A,1,34326,Future Madame,Potus,,SALINE,0,,
GE 2024,PRESIDENT AND VICE PRESIDENT,1,A,1,34326,Future Madame,Potus,,CHRISTIAN,0,,
GE 2024,PRESIDENT AND VICE PRESIDENT,1,A,1,34326,Future Madame,Potus,,CLARK,0,,
GE 2024,PRESIDENT AND VICE PRESIDENT,1,A,1,34326,Future Madame,Potus,,CARROLL,0,,
GE 2024,PRESIDENT AND VICE PRESIDENT,1,A,1,34326,Future Madame,Potus,,MACOUPIN,0,,
GE 2024,PRESIDENT AND VICE PRESIDENT,1,A,1,34326,Future Madame,Potus,,POPE,0,,
GE 2024,PRESIDENT AND VICE PRESIDENT,1,A,1,34326,Future Madame,Potus,,KANE,0,,
GE 2024,PRESIDENT AND VICE PRESIDENT,1,A,1,34326,Future Madame,Potus,,MASON,0,,
GE 2024,PRESIDENT AND VICE PRESIDENT,1,A,1,34326,Future Madame,Potus,,EDGAR,0,,
GE 2024,PRESIDENT AND VICE PRESIDENT,1,A,1,34326,Future Madame,Potus,,HENDERSON,0,,
GE 2024,PRESIDENT AND VICE PRESIDENT,1,A,1,34326,Future Madame,Potus,,LEE,0,,
GE 2024,PRESIDENT AND VICE PRESIDENT,1,A,1,34326,Future Madame,Potus,,WILL,0,,
GE 2024,PRESIDENT AND VICE PRESIDENT,1,A,1,34326,Future Madame,Potus,,BOND,0,,
GE 2024,PRESIDENT AND VICE PRESIDENT,1,A,1,34326,Future Madame,Potus,,JoDAVIESS,0,,
GE 2024,PRESIDENT AND VICE PRESIDENT,1,A,1,34326,Future Madame,Potus,,COLES,0,,
GE 2024,PRESIDENT AND VICE PRESIDENT,1,A,1,34326,Future Madame,Potus,,DeWITT,0,,
GE 2024,PRESIDENT AND VICE PRESIDENT,1,A,1,34326,Future Madame,Potus,,JERSEY,0,,
GE 2024,PRESIDENT AND VICE PRESIDENT,1,A,1,34326,Future Madame,Potus,,FULTON,0,,
GE 2024,PRESIDENT AND VICE PRESIDENT,1,A,1,34326,Future Madame,Potus,,BUREAU,0,,
GE 2024,PRESIDENT AND VICE PRESIDENT,1,A,1,34326,Future Madame,Potus,,SCOTT,0,,
GE 2024,PRESIDENT AND VICE PRESIDENT,1,A,1,34326,Future Madame,Potus,,WHITE,0,,
GE 2024,PRESIDENT AND VICE PRESIDENT,1,A,1,34326,Future Madame,Potus,,CUMBERLAND,0,,
GE 2024,PRESIDENT AND VICE PRESIDENT,1,A,1,34326,Future Madame,Potus,,LAKE,0,,
GE 2024,PRESIDENT AND VICE PRESIDENT,1,A,1,34326,Future Madame,Potus,,MONROE,0,,
GE 2024,PRESIDENT AND VICE PRESIDENT,1,A,1,34326,Future Madame,Potus,,EDWARDS,0,,
GE 2024,PRESIDENT AND VICE PRESIDENT,1,A,1,34326,Future Madame,Potus,,EFFINGHAM,0,,
GE 2024,PRESIDENT AND VICE PRESIDENT,1,A,1,34326,Future Madame,Potus,,LOGAN,0,,
GE 2024,PRESIDENT AND VICE PRESIDENT,1,A,1,34326,Future Madame,Potus,,MERCER,0,,
GE 2024,PRESIDENT AND VICE PRESIDENT,1,A,1,34326,Future Madame,Potus,,JASPER,0,,
GE 2024,PRESIDENT AND VICE PRESIDENT,1,A,1,34326,Future Madame,Potus,,CLINTON,0,,
GE 2024,PRESIDENT AND VICE PRESIDENT,1,A,1,34326,Future Madame,Potus,,GREENE,0,,
GE 2024,PRESIDENT AND VICE PRESIDENT,1,A,1,34326,Future Madame,Potus,,WOODFORD,0,,
GE 2024,PRESIDENT AND VICE PRESIDENT,1,A,1,34326,Future Madame,Potus,,OGLE,0,,
GE 2024,PRESIDENT AND VICE PRESIDENT,1,A,1,34326,Future Madame,Potus,,PULASKI,0,,
GE 2024,PRESIDENT AND VICE PRESIDENT,1,A,1,34326,Future Madame,Potus,,LIVINGSTON,0,,
GE 2024,PRESIDENT AND VICE PRESIDENT,1,A,1,34326,Future Madame,Potus,,SHELBY,0,,
GE 2024,PRESIDENT AND VICE PRESIDENT,1,A,1,34326,Future Madame,Potus,,MASSAC,0,,
GE 2024,PRESIDENT AND VICE PRESIDENT,1,A,1,34326,Future Madame,Potus,,MOULTRIE,0,,
GE 2024,PRESIDENT AND VICE PRESIDENT,1,A,1,34326,Future Madame,Potus,,HANCOCK,0,,
GE 2024,PRESIDENT AND VICE PRESIDENT,1,A,1,34326,Future Madame,Potus,,HARDIN,0,,
GE 2024,PRESIDENT AND VICE PRESIDENT,1,A,1,34326,Future Madame,Potus,,KENDALL,0,,
GE 2024,PRESIDENT AND VICE PRESIDENT,1,A,1,34326,Future Madame,Potus,,SCHUYLER,0,,
GE 2024,PRESIDENT AND VICE PRESIDENT,1,A,1,34326,Future Madame,Potus,,IROQUOIS,0,,
GE 2024,PRESIDENT AND VICE PRESIDENT,1,A,1,34326,Future Madame,Potus,,TAZEWELL,0,,
GE 2024,PRESIDENT AND VICE PRESIDENT,1,A,1,34326,Future Madame,Potus,,CHAMPAIGN,0,,
GE 2024,PRESIDENT AND VICE PRESIDENT,1,A,1,34326,Future Madame,Potus,,ST. CLAIR,0,,
GE 2024,PRESIDENT AND VICE PRESIDENT,1,A,1,34326,Future Madame,Potus,,McDONOUGH,0,,
GE 2024,PRESIDENT AND VICE PRESIDENT,1,A,1,34326,Future Madame,Potus,,MACON,0,,
GE 2024,PRESIDENT AND VICE PRESIDENT,1,A,1,34326,Future Madame,Potus,,PEORIA,0,,
GE 2024,PRESIDENT AND VICE PRESIDENT,1,A,1,34326,Future Madame,Potus,,JOHNSON,0,,
GE 2024,PRESIDENT AND VICE PRESIDENT,1,A,1,34326,Future Madame,Potus,,WINNEBAGO,0,,
GE 2024,PRESIDENT AND VICE PRESIDENT,1,A,1,34326,Future Madame,Potus,,MADISON,0,,
GE 2024,PRESIDENT AND VICE PRESIDENT,1,A,1,34326,Future Madame,Potus,,MORGAN,0,,
GE 2024,PRESIDENT AND VICE PRESIDENT,1,A,1,34326,Future Madame,Potus,,PERRY,0,,
GE 2024,PRESIDENT AND VICE PRESIDENT,1,A,1,34326,Future Madame,Potus,,LaSALLE,0,,
GE 2024,PRESIDENT AND VICE PRESIDENT,1,A,1,34326,Future Madame,Potus,,FRANKLIN,0,,
GE 2024,PRESIDENT AND VICE PRESIDENT,1,A,1,34326,Future Madame,Potus,,RICHLAND,0,,
GE 2024,PRESIDENT AND VICE PRESIDENT,1,A,1,34326,Future Madame,Potus,,JACKSON,0,,
GE 2024,PRESIDENT AND VICE PRESIDENT,1,A,1,34326,Future Madame,Potus,,CASS,0,,
GE 2024,PRESIDENT AND VICE PRESIDENT,1,A,1,34326,Future Madame,Potus,,UNION,0,,
GE 2024,PRESIDENT AND VICE PRESIDENT,1,A,1,34326,Future Madame,Potus,,WASHINGTON,0,,
GE 2024,PRESIDENT AND VICE PRESIDENT,1,A,1,34326,Future Madame,Potus,,WARREN,0,,
GE 2024,PRESIDENT AND VICE PRESIDENT,1,A,1,34326,Future Madame,Potus,,RANDOLPH,0,,
GE 2024,PRESIDENT AND VICE PRESIDENT,1,A,1,34326,Future Madame,Potus,,JEFFERSON,0,,
GE 2024,PRESIDENT AND VICE PRESIDENT,1,A,1,34326,Future Madame,Potus,,PIKE,0,,
GE 2024,PRESIDENT AND VICE PRESIDENT,1,A,1,34326,Future Madame,Potus,,McHENRY,0,,
GE 2024,PRESIDENT AND VICE PRESIDENT,1,A,1,34326,Future Madame,Potus,,PUTNAM,0,,
GE 2024,PRESIDENT AND VICE PRESIDENT,1,A,1,34326,Future Madame,Potus,,GALLATIN,0,,
GE 2024,PRESIDENT AND VICE PRESIDENT,1,A,1,34326,Future Madame,Potus,,VERMILION,0,,
GE 2024,PRESIDENT AND VICE PRESIDENT,1,A,1,34326,Future Madame,Potus,,DeKALB,0,,
GE 2024,PRESIDENT AND VICE PRESIDENT,1,A,1,34326,Future Madame,Potus,,DuPAGE,0,,
GE 2024,PRESIDENT AND VICE PRESIDENT,1,A,1,34326,Future Madame,Potus,,COOK,12,,
GE 2024,PRESIDENT AND VICE PRESIDENT,1,A,1,34326,Future Madame,Potus,,GRUNDY,0,,
GE 2024,PRESIDENT AND VICE PRESIDENT,1,A,1,34326,Future Madame,Potus,,MONTGOMERY,0,,
GE 2024,PRESIDENT AND VICE PRESIDENT,1,A,1,34326,Future Madame,Potus,,McLEAN,0,,
GE 2024,PRESIDENT AND VICE PRESIDENT,1,A,1,34326,Future Madame,Potus,,FAYETTE,0,,
GE 2024,PRESIDENT AND VICE PRESIDENT,1,A,1,34326,Future Madame,Potus,,KNOX,0,,
GE 2024,PRESIDENT AND VICE PRESIDENT,1,A,1,34326,Future Madame,Potus,,MARION,0,,
GE 2024,PRESIDENT AND VICE PRESIDENT,1,A,1,34326,Future Madame,Potus,,CLAY,0,,
GE 2024,PRESIDENT AND VICE PRESIDENT,1,A,1,34324,Garry,Hubbard,,MONTGOMERY,0,,
GE 2024,PRESIDENT AND VICE PRESIDENT,1,A,1,34324,Garry,Hubbard,,SALINE,0,,
GE 2024,PRESIDENT AND VICE PRESIDENT,1,A,1,34326,Future Madame,Potus,,KANKAKEE,0,,
GE 2024,PRESIDENT AND VICE PRESIDENT,1,A,1,34326,Future Madame,Potus,,WILLIAMSON,0,,
GE 2024,PRESIDENT AND VICE PRESIDENT,1,A,1,34326,Future Madame,Potus,,DOUGLAS,0,,
GE 2024,PRESIDENT AND VICE PRESIDENT,1,A,1,34326,Future Madame,Potus,,FORD,0,,
GE 2024,PRESIDENT AND VICE PRESIDENT,1,A,1,34324,Garry,Hubbard,,PIATT,0,,
GE 2024,PRESIDENT AND VICE PRESIDENT,1,A,1,34324,Garry,Hubbard,,MENARD,0,,
GE 2024,PRESIDENT AND VICE PRESIDENT,1,A,1,34324,Garry,Hubbard,,TAZEWELL,0,,
GE 2024,PRESIDENT AND VICE PRESIDENT,1,A,1,34324,Garry,Hubbard,,KANKAKEE,0,,
GE 2024,PRESIDENT AND VICE PRESIDENT,1,A,1,34324,Garry,Hubbard,,WILLIAMSON,0,,
GE 2024,PRESIDENT AND VICE PRESIDENT,1,A,1,34324,Garry,Hubbard,,DOUGLAS,0,,
GE 2024,PRESIDENT AND VICE PRESIDENT,1,A,1,34324,Garry,Hubbard,,LAWRENCE,0,,
GE 2024,PRESIDENT AND VICE PRESIDENT,1,A,1,34324,Garry,Hubbard,,KENDALL,0,,
GE 2024,PRESIDENT AND VICE PRESIDENT,1,A,1,34324,Garry,Hubbard,,MACON,0,,
GE 2024,PRESIDENT AND VICE PRESIDENT,1,A,1,34324,Garry,Hubbard,,ADAMS,0,,
GE 2024,PRESIDENT AND VICE PRESIDENT,1,A,1,34324,Garry,Hubbard,,SANGAMON,0,,
GE 2024,PRESIDENT AND VICE PRESIDENT,1,A,1,34324,Garry,Hubbard,,ROCK ISLAND,0,,
GE 2024,PRESIDENT AND VICE PRESIDENT,1,A,1,34324,Garry,Hubbard,,CARROLL,0,,
GE 2024,PRESIDENT AND VICE PRESIDENT,1,A,1,34324,Garry,Hubbard,,MACOUPIN,0,,
GE 2024,PRESIDENT AND VICE PRESIDENT,1,A,1,34324,Garry,Hubbard,,MADISON,0,,
GE 2024,PRESIDENT AND VICE PRESIDENT,1,A,1,34324,Garry,Hubbard,,KANE,0,,
GE 2024,PRESIDENT AND VICE PRESIDENT,1,A,1,34324,Garry,Hubbard,,STEPHENSON,0,,
GE 2024,PRESIDENT AND VICE PRESIDENT,1,A,1,34324,Garry,Hubbard,,BOONE,0,,
GE 2024,PRESIDENT AND VICE PRESIDENT,1,A,1,34324,Garry,Hubbard,,EDGAR,0,,
GE 2024,PRESIDENT AND VICE PRESIDENT,1,A,1,34324,Garry,Hubbard,,HENDERSON,0,,
GE 2024,PRESIDENT AND VICE PRESIDENT,1,A,1,34324,Garry,Hubbard,,HENRY,0,,
GE 2024,PRESIDENT AND VICE PRESIDENT,1,A,1,34324,Garry,Hubbard,,BOND,0,,
GE 2024,PRESIDENT AND VICE PRESIDENT,1,A,1,34324,Garry,Hubbard,,CHRISTIAN,0,,
GE 2024,PRESIDENT AND VICE PRESIDENT,1,A,1,34324,Garry,Hubbard,,CLARK,0,,
GE 2024,PRESIDENT AND VICE PRESIDENT,1,A,1,34324,Garry,Hubbard,,COLES,0,,
GE 2024,PRESIDENT AND VICE PRESIDENT,1,A,1,34324,Garry,Hubbard,,EDWARDS,0,,
GE 2024,PRESIDENT AND VICE PRESIDENT,1,A,1,34324,Garry,Hubbard,,POPE,0,,
GE 2024,PRESIDENT AND VICE PRESIDENT,1,A,1,34324,Garry,Hubbard,,PEORIA,0,,
GE 2024,PRESIDENT AND VICE PRESIDENT,1,A,1,34324,Garry,Hubbard,,BUREAU,0,,
GE 2024,PRESIDENT AND VICE PRESIDENT,1,A,1,34324,Garry,Hubbard,,MASON,0,,
GE 2024,PRESIDENT AND VICE PRESIDENT,1,A,1,34324,Garry,Hubbard,,CRAWFORD,0,,
GE 2024,PRESIDENT AND VICE PRESIDENT,1,A,1,34324,Garry,Hubbard,,GREENE,0,,
GE 2024,PRESIDENT AND VICE PRESIDENT,1,A,1,34324,Garry,Hubbard,,FORD,0,,
GE 2024,PRESIDENT AND VICE PRESIDENT,1,A,1,34324,Garry,Hubbard,,LEE,0,,
GE 2024,PRESIDENT AND VICE PRESIDENT,1,A,1,34324,Garry,Hubbard,,WILL,0,,
GE 2024,PRESIDENT AND VICE PRESIDENT,1,A,1,34324,Garry,Hubbard,,JoDAVIESS,0,,
GE 2024,PRESIDENT AND VICE PRESIDENT,1,A,1,34324,Garry,Hubbard,,MASSAC,0,,
GE 2024,PRESIDENT AND VICE PRESIDENT,1,A,1,34324,Garry,Hubbard,,EFFINGHAM,0,,
GE 2024,PRESIDENT AND VICE PRESIDENT,1,A,1,34324,Garry,Hubbard,,DeWITT,0,,
GE 2024,PRESIDENT AND VICE PRESIDENT,1,A,1,34324,Garry,Hubbard,,LAKE,1,,
GE 2024,PRESIDENT AND VICE PRESIDENT,1,A,1,34324,Garry,Hubbard,,JERSEY,0,,
GE 2024,PRESIDENT AND VICE PRESIDENT,1,A,1,34324,Garry,Hubbard,,FULTON,0,,
GE 2024,PRESIDENT AND VICE PRESIDENT,1,A,1,34324,Garry,Hubbard,,IROQUOIS,0,,
GE 2024,PRESIDENT AND VICE PRESIDENT,1,A,1,34324,Garry,Hubbard,,WOODFORD,0,,
GE 2024,PRESIDENT AND VICE PRESIDENT,1,A,1,34324,Garry,Hubbard,,SCOTT,0,,
GE 2024,PRESIDENT AND VICE PRESIDENT,1,A,1,34324,Garry,Hubbard,,WHITE,0,,
GE 2024,PRESIDENT AND VICE PRESIDENT,1,A,1,34324,Garry,Hubbard,,CUMBERLAND,0,,
GE 2024,PRESIDENT AND VICE PRESIDENT,1,A,1,34324,Garry,Hubbard,,MONROE,0,,
GE 2024,PRESIDENT AND VICE PRESIDENT,1,A,1,34324,Garry,Hubbard,,McHENRY,1,,
GE 2024,PRESIDENT AND VICE PRESIDENT,1,A,1,34324,Garry,Hubbard,,MOULTRIE,0,,
GE 2024,PRESIDENT AND VICE PRESIDENT,1,A,1,34324,Garry,Hubbard,,LOGAN,0,,
GE 2024,PRESIDENT AND VICE PRESIDENT,1,A,1,34324,Garry,Hubbard,,MERCER,0,,
GE 2024,PRESIDENT AND VICE PRESIDENT,1,A,1,34324,Garry,Hubbard,,JASPER,0,,
GE 2024,PRESIDENT AND VICE PRESIDENT,1,A,1,34324,Garry,Hubbard,,CLINTON,0,,
GE 2024,PRESIDENT AND VICE PRESIDENT,1,A,1,34324,Garry,Hubbard,,CHAMPAIGN,0,,
GE 2024,PRESIDENT AND VICE PRESIDENT,1,A,1,34324,Garry,Hubbard,,ST. CLAIR,0,,
GE 2024,PRESIDENT AND VICE PRESIDENT,1,A,1,34324,Garry,Hubbard,,OGLE,0,,
GE 2024,PRESIDENT AND VICE PRESIDENT,1,A,1,34324,Garry,Hubbard,,PULASKI,0,,
GE 2024,PRESIDENT AND VICE PRESIDENT,1,A,1,34324,Garry,Hubbard,,LIVINGSTON,0,,
GE 2024,PRESIDENT AND VICE PRESIDENT,1,A,1,34324,Garry,Hubbard,,SHELBY,0,,
GE 2024,PRESIDENT AND VICE PRESIDENT,1,A,1,34324,Garry,Hubbard,,WINNEBAGO,0,,
GE 2024,PRESIDENT AND VICE PRESIDENT,1,A,1,34324,Garry,Hubbard,,MORGAN,0,,
GE 2024,PRESIDENT AND VICE PRESIDENT,1,A,1,34324,Garry,Hubbard,,LaSALLE,0,,
GE 2024,PRESIDENT AND VICE PRESIDENT,1,A,1,34324,Garry,Hubbard,,HANCOCK,0,,
GE 2024,PRESIDENT AND VICE PRESIDENT,1,A,1,34324,Garry,Hubbard,,HARDIN,0,,
GE 2024,PRESIDENT AND VICE PRESIDENT,1,A,1,34324,Garry,Hubbard,,SCHUYLER,0,,
GE 2024,PRESIDENT AND VICE PRESIDENT,1,A,1,34324,Garry,Hubbard,,CASS,0,,
GE 2024,PRESIDENT AND VICE PRESIDENT,1,A,1,34324,Garry,Hubbard,,UNION,0,,
GE 2024,PRESIDENT AND VICE PRESIDENT,1,A,1,34324,Garry,Hubbard,,McDONOUGH,0,,
GE 2024,PRESIDENT AND VICE PRESIDENT,1,A,1,34324,Garry,Hubbard,,WASHINGTON,0,,
GE 2024,PRESIDENT AND VICE PRESIDENT,1,A,1,34324,Garry,Hubbard,,DeKALB,0,,
GE 2024,PRESIDENT AND VICE PRESIDENT,1,A,1,34324,Garry,Hubbard,,JOHNSON,0,,
GE 2024,PRESIDENT AND VICE PRESIDENT,1,A,1,34324,Garry,Hubbard,,JEFFERSON,0,,
GE 2024,PRESIDENT AND VICE PRESIDENT,1,A,1,34324,Garry,Hubbard,,PIKE,0,,
GE 2024,PRESIDENT AND VICE PRESIDENT,1,A,1,34324,Garry,Hubbard,,PERRY,0,,
GE 2024,PRESIDENT AND VICE PRESIDENT,1,A,1,34324,Garry,Hubbard,,PUTNAM,0,,
GE 2024,PRESIDENT AND VICE PRESIDENT,1,A,1,34324,Garry,Hubbard,,FRANKLIN,0,,
GE 2024,PRESIDENT AND VICE PRESIDENT,1,A,1,34324,Garry,Hubbard,,JACKSON,0,,
GE 2024,PRESIDENT AND VICE PRESIDENT,1,A,1,34324,Garry,Hubbard,,COOK,1,,
GE 2024,PRESIDENT AND VICE PRESIDENT,1,A,1,34324,Garry,Hubbard,,McLEAN,0,,
GE 2024,PRESIDENT AND VICE PRESIDENT,1,A,1,34324,Garry,Hubbard,,GRUNDY,0,,
GE 2024,PRESIDENT AND VICE PRESIDENT,1,A,1,34324,Garry,Hubbard,,WARREN,0,,
GE 2024,PRESIDENT AND VICE PRESIDENT,1,A,1,34324,Garry,Hubbard,,RICHLAND,0,,
GE 2024,PRESIDENT AND VICE PRESIDENT,1,A,1,34324,Garry,Hubbard,,RANDOLPH,0,,
GE 2024,PRESIDENT AND VICE PRESIDENT,1,A,1,34324,Garry,Hubbard,,KNOX,0,,
GE 2024,PRESIDENT AND VICE PRESIDENT,1,A,1,34324,Garry,Hubbard,,MARION,0,,
GE 2024,PRESIDENT AND VICE PRESIDENT,1,A,1,34324,Garry,Hubbard,,CLAY,0,,
GE 2024,PRESIDENT AND VICE PRESIDENT,1,A,1,34324,Garry,Hubbard,,GALLATIN,0,,
GE 2024,PRESIDENT AND VICE PRESIDENT,1,A,1,34324,Garry,Hubbard,,DuPAGE,0,,
GE 2024,PRESIDENT AND VICE PRESIDENT,1,A,1,34324,Garry,Hubbard,,VERMILION,0,,
GE 2024,PRESIDENT AND VICE PRESIDENT,1,A,1,34323,Rudolph,Ware,,DOUGLAS,0,,
GE 2024,PRESIDENT AND VICE PRESIDENT,1,A,1,34323,Rudolph,Ware,,WOODFORD,2,,
GE 2024,PRESIDENT AND VICE PRESIDENT,1,A,1,34323,Rudolph,Ware,,HANCOCK,0,,
GE 2024,PRESIDENT AND VICE PRESIDENT,1,A,1,34323,Rudolph,Ware,,MONTGOMERY,0,,
GE 2024,PRESIDENT AND VICE PRESIDENT,1,A,1,34323,Rudolph,Ware,,SALINE,0,,
GE 2024,PRESIDENT AND VICE PRESIDENT,1,A,1,34324,Garry,Hubbard,,FAYETTE,0,,
GE 2024,PRESIDENT AND VICE PRESIDENT,1,A,1,34323,Rudolph,Ware,,ALEXANDER,0,,
GE 2024,PRESIDENT AND VICE PRESIDENT,1,A,1,34323,Rudolph,Ware,,ADAMS,0,,
GE 2024,PRESIDENT AND VICE PRESIDENT,1,A,1,34323,Rudolph,Ware,,HENRY,2,,
GE 2024,PRESIDENT AND VICE PRESIDENT,1,A,1,34323,Rudolph,Ware,,ROCK ISLAND,20,,
GE 2024,PRESIDENT AND VICE PRESIDENT,1,A,1,34323,Rudolph,Ware,,PIATT,0,,
GE 2024,PRESIDENT AND VICE PRESIDENT,1,A,1,34323,Rudolph,Ware,,BROWN,0,,
GE 2024,PRESIDENT AND VICE PRESIDENT,1,A,1,34323,Rudolph,Ware,,MADISON,65,,
GE 2024,PRESIDENT AND VICE PRESIDENT,1,A,1,34323,Rudolph,Ware,,KANE,0,,
GE 2024,PRESIDENT AND VICE PRESIDENT,1,A,1,34323,Rudolph,Ware,,SANGAMON,0,,
GE 2024,PRESIDENT AND VICE PRESIDENT,1,A,1,34323,Rudolph,Ware,,STEPHENSON,0,,
GE 2024,PRESIDENT AND VICE PRESIDENT,1,A,1,34323,Rudolph,Ware,,BOONE,0,,
GE 2024,PRESIDENT AND VICE PRESIDENT,1,A,1,34323,Rudolph,Ware,,MENARD,4,,
GE 2024,PRESIDENT AND VICE PRESIDENT,1,A,1,34323,Rudolph,Ware,,EFFINGHAM,3,,
GE 2024,PRESIDENT AND VICE PRESIDENT,1,A,1,34323,Rudolph,Ware,,BOND,0,,
GE 2024,PRESIDENT AND VICE PRESIDENT,1,A,1,34323,Rudolph,Ware,,CHRISTIAN,0,,
GE 2024,PRESIDENT AND VICE PRESIDENT,1,A,1,34323,Rudolph,Ware,,CLARK,0,,
GE 2024,PRESIDENT AND VICE PRESIDENT,1,A,1,34323,Rudolph,Ware,,MACOUPIN,0,,
GE 2024,PRESIDENT AND VICE PRESIDENT,1,A,1,34323,Rudolph,Ware,,LAWRENCE,0,,
GE 2024,PRESIDENT AND VICE PRESIDENT,1,A,1,34323,Rudolph,Ware,,BUREAU,0,,
GE 2024,PRESIDENT AND VICE PRESIDENT,1,A,1,34323,Rudolph,Ware,,MASON,0,,
GE 2024,PRESIDENT AND VICE PRESIDENT,1,A,1,34323,Rudolph,Ware,,EDGAR,0,,
GE 2024,PRESIDENT AND VICE PRESIDENT,1,A,1,34323,Rudolph,Ware,,CARROLL,1,,
GE 2024,PRESIDENT AND VICE PRESIDENT,1,A,1,34323,Rudolph,Ware,,FORD,0,,
GE 2024,PRESIDENT AND VICE PRESIDENT,1,A,1,34323,Rudolph,Ware,,JoDAVIESS,2,,
GE 2024,PRESIDENT AND VICE PRESIDENT,1,A,1,34323,Rudolph,Ware,,WILL,0,,
GE 2024,PRESIDENT AND VICE PRESIDENT,1,A,1,34323,Rudolph,Ware,,EDWARDS,0,,
GE 2024,PRESIDENT AND VICE PRESIDENT,1,A,1,34323,Rudolph,Ware,,COLES,0,,
GE 2024,PRESIDENT AND VICE PRESIDENT,1,A,1,34323,Rudolph,Ware,,UNION,0,,
GE 2024,PRESIDENT AND VICE PRESIDENT,1,A,1,34323,Rudolph,Ware,,DeWITT,0,,
GE 2024,PRESIDENT AND VICE PRESIDENT,1,A,1,34323,Rudolph,Ware,,POPE,0,,
GE 2024,PRESIDENT AND VICE PRESIDENT,1,A,1,34323,Rudolph,Ware,,JOHNSON,0,,
GE 2024,PRESIDENT AND VICE PRESIDENT,1,A,1,34323,Rudolph,Ware,,FULTON,0,,
GE 2024,PRESIDENT AND VICE PRESIDENT,1,A,1,34323,Rudolph,Ware,,SCOTT,0,,
GE 2024,PRESIDENT AND VICE PRESIDENT,1,A,1,34323,Rudolph,Ware,,CRAWFORD,0,,
GE 2024,PRESIDENT AND VICE PRESIDENT,1,A,1,34323,Rudolph,Ware,,GREENE,0,,
GE 2024,PRESIDENT AND VICE PRESIDENT,1,A,1,34323,Rudolph,Ware,,LEE,0,,
GE 2024,PRESIDENT AND VICE PRESIDENT,1,A,1,34323,Rudolph,Ware,,CUMBERLAND,0,,
GE 2024,PRESIDENT AND VICE PRESIDENT,1,A,1,34323,Rudolph,Ware,,LAKE,0,,
GE 2024,PRESIDENT AND VICE PRESIDENT,1,A,1,34323,Rudolph,Ware,,MONROE,0,,
GE 2024,PRESIDENT AND VICE PRESIDENT,1,A,1,34323,Rudolph,Ware,,MASSAC,0,,
GE 2024,PRESIDENT AND VICE PRESIDENT,1,A,1,34323,Rudolph,Ware,,LOGAN,0,,
GE 2024,PRESIDENT AND VICE PRESIDENT,1,A,1,34323,Rudolph,Ware,,JERSEY,0,,
GE 2024,PRESIDENT AND VICE PRESIDENT,1,A,1,34323,Rudolph,Ware,,IROQUOIS,0,,
GE 2024,PRESIDENT AND VICE PRESIDENT,1,A,1,34323,Rudolph,Ware,,JASPER,0,,
GE 2024,PRESIDENT AND VICE PRESIDENT,1,A,1,34323,Rudolph,Ware,,OGLE,0,,
GE 2024,PRESIDENT AND VICE PRESIDENT,1,A,1,34323,Rudolph,Ware,,PULASKI,0,,
GE 2024,PRESIDENT AND VICE PRESIDENT,1,A,1,34323,Rudolph,Ware,,KANKAKEE,0,,
GE 2024,PRESIDENT AND VICE PRESIDENT,1,A,1,34323,Rudolph,Ware,,WHITE,0,,
GE 2024,PRESIDENT AND VICE PRESIDENT,1,A,1,34323,Rudolph,Ware,,SHELBY,0,,
GE 2024,PRESIDENT AND VICE PRESIDENT,1,A,1,34323,Rudolph,Ware,,PEORIA,0,,
GE 2024,PRESIDENT AND VICE PRESIDENT,1,A,1,34323,Rudolph,Ware,,MOULTRIE,0,,
GE 2024,PRESIDENT AND VICE PRESIDENT,1,A,1,34323,Rudolph,Ware,,HARDIN,0,,
GE 2024,PRESIDENT AND VICE PRESIDENT,1,A,1,34323,Rudolph,Ware,,GALLATIN,0,,
GE 2024,PRESIDENT AND VICE PRESIDENT,1,A,1,34323,Rudolph,Ware,,MERCER,0,,
GE 2024,PRESIDENT AND VICE PRESIDENT,1,A,1,34323,Rudolph,Ware,,KENDALL,111,,
GE 2024,PRESIDENT AND VICE PRESIDENT,1,A,1,34323,Rudolph,Ware,,SCHUYLER,0,,
GE 2024,PRESIDENT AND VICE PRESIDENT,1,A,1,34323,Rudolph,Ware,,LaSALLE,0,,
GE 2024,PRESIDENT AND VICE PRESIDENT,1,A,1,34323,Rudolph,Ware,,TAZEWELL,0,,
GE 2024,PRESIDENT AND VICE PRESIDENT,1,A,1,34323,Rudolph,Ware,,ST. CLAIR,1,,
GE 2024,PRESIDENT AND VICE PRESIDENT,1,A,1,34323,Rudolph,Ware,,LIVINGSTON,0,,
GE 2024,PRESIDENT AND VICE PRESIDENT,1,A,1,34323,Rudolph,Ware,,McDONOUGH,0,,
GE 2024,PRESIDENT AND VICE PRESIDENT,1,A,1,34323,Rudolph,Ware,,MACON,0,,
GE 2024,PRESIDENT AND VICE PRESIDENT,1,A,1,34323,Rudolph,Ware,,WASHINGTON,0,,
GE 2024,PRESIDENT AND VICE PRESIDENT,1,A,1,34323,Rudolph,Ware,,DeKALB,31,,
GE 2024,PRESIDENT AND VICE PRESIDENT,1,A,1,34323,Rudolph,Ware,,JEFFERSON,5,,
GE 2024,PRESIDENT AND VICE PRESIDENT,1,A,1,34323,Rudolph,Ware,,WAYNE,0,,
GE 2024,PRESIDENT AND VICE PRESIDENT,1,A,1,34323,Rudolph,Ware,,PERRY,0,,
GE 2024,PRESIDENT AND VICE PRESIDENT,1,A,1,34323,Rudolph,Ware,,PUTNAM,0,,
GE 2024,PRESIDENT AND VICE PRESIDENT,1,A,1,34323,Rudolph,Ware,,FRANKLIN,0,,
GE 2024,PRESIDENT AND VICE PRESIDENT,1,A,1,34323,Rudolph,Ware,,RICHLAND,0,,
GE 2024,PRESIDENT AND VICE PRESIDENT,1,A,1,34323,Rudolph,Ware,,CASS,0,,
GE 2024,PRESIDENT AND VICE PRESIDENT,1,A,1,34323,Rudolph,Ware,,JACKSON,0,,
GE 2024,PRESIDENT AND VICE PRESIDENT,1,A,1,34323,Rudolph,Ware,,WARREN,0,,
GE 2024,PRESIDENT AND VICE PRESIDENT,1,A,1,34323,Rudolph,Ware,,RANDOLPH,0,,
GE 2024,PRESIDENT AND VICE PRESIDENT,1,A,1,34323,Rudolph,Ware,,WINNEBAGO,52,,
GE 2024,PRESIDENT AND VICE PRESIDENT,1,A,1,34323,Rudolph,Ware,,PIKE,0,,
GE 2024,PRESIDENT AND VICE PRESIDENT,1,A,1,34323,Rudolph,Ware,,McHENRY,0,,
GE 2024,PRESIDENT AND VICE PRESIDENT,1,A,1,34323,Rudolph,Ware,,MORGAN,0,,
GE 2024,PRESIDENT AND VICE PRESIDENT,1,A,1,34323,Rudolph,Ware,,CLAY,0,,
GE 2024,PRESIDENT AND VICE PRESIDENT,1,A,1,34323,Rudolph,Ware,,VERMILION,4,,
GE 2024,PRESIDENT AND VICE PRESIDENT,1,A,1,34323,Rudolph,Ware,,DuPAGE,0,,
GE 2024,PRESIDENT AND VICE PRESIDENT,1,A,1,34323,Rudolph,Ware,,COOK,5,,
GE 2024,PRESIDENT AND VICE PRESIDENT,1,A,1,34323,Rudolph,Ware,,McLEAN,0,,
GE 2024,PRESIDENT AND VICE PRESIDENT,1,A,1,34323,Rudolph,Ware,,GRUNDY,0,,
GE 2024,PRESIDENT AND VICE PRESIDENT,1,A,1,34323,Rudolph,Ware,,HAMILTON,0,,
GE 2024,PRESIDENT AND VICE PRESIDENT,1,A,1,34323,Rudolph,Ware,,HENDERSON,0,,
GE 2024,PRESIDENT AND VICE PRESIDENT,1,A,1,34323,Rudolph,Ware,,FAYETTE,0,,
GE 2024,PRESIDENT AND VICE PRESIDENT,1,A,1,34323,Rudolph,Ware,,KNOX,0,,
GE 2024,PRESIDENT AND VICE PRESIDENT,1,A,1,34323,Rudolph,Ware,,MARION,0,,
GE 2024,PRESIDENT AND VICE PRESIDENT,1,A,1,34323,Rudolph,Ware,,CHAMPAIGN,0,,
GE 2024,PRESIDENT AND VICE PRESIDENT,1,A,1,34321,Melina,Abdullah,,CALHOUN,0,,
GE 2024,PRESIDENT AND VICE PRESIDENT,1,A,1,34321,Melina,Abdullah,,WOODFORD,0,,
GE 2024,PRESIDENT AND VICE PRESIDENT,1,A,1,34323,Rudolph,Ware,,STARK,0,,
GE 2024,PRESIDENT AND VICE PRESIDENT,1,A,1,34323,Rudolph,Ware,,WABASH,0,,
GE 2024,PRESIDENT AND VICE PRESIDENT,1,A,1,34323,Rudolph,Ware,,WILLIAMSON,14,,
GE 2024,PRESIDENT AND VICE PRESIDENT,1,A,1,34323,Rudolph,Ware,,CLINTON,0,,
GE 2024,PRESIDENT AND VICE PRESIDENT,1,A,1,34321,Melina,Abdullah,,ALEXANDER,0,,
GE 2024,PRESIDENT AND VICE PRESIDENT,1,A,1,34321,Melina,Abdullah,,ADAMS,0,,
GE 2024,PRESIDENT AND VICE PRESIDENT,1,A,1,34321,Melina,Abdullah,,HAMILTON,0,,
GE 2024,PRESIDENT AND VICE PRESIDENT,1,A,1,34321,Melina,Abdullah,,HENDERSON,0,,
GE 2024,PRESIDENT AND VICE PRESIDENT,1,A,1,34321,Melina,Abdullah,,BROWN,0,,
GE 2024,PRESIDENT AND VICE PRESIDENT,1,A,1,34321,Melina,Abdullah,,DOUGLAS,0,,
GE 2024,PRESIDENT AND VICE PRESIDENT,1,A,1,34321,Melina,Abdullah,,KANE,0,,
GE 2024,PRESIDENT AND VICE PRESIDENT,1,A,1,34321,Melina,Abdullah,,SANGAMON,0,,
GE 2024,PRESIDENT AND VICE PRESIDENT,1,A,1,34321,Melina,Abdullah,,HANCOCK,0,,
GE 2024,PRESIDENT AND VICE PRESIDENT,1,A,1,34321,Melina,Abdullah,,MONTGOMERY,0,,
GE 2024,PRESIDENT AND VICE PRESIDENT,1,A,1,34321,Melina,Abdullah,,SALINE,0,,
GE 2024,PRESIDENT AND VICE PRESIDENT,1,A,1,34321,Melina,Abdullah,,MENARD,0,,
GE 2024,PRESIDENT AND VICE PRESIDENT,1,A,1,34321,Melina,Abdullah,,HENRY,0,,
GE 2024,PRESIDENT AND VICE PRESIDENT,1,A,1,34321,Melina,Abdullah,,EFFINGHAM,2,,
GE 2024,PRESIDENT AND VICE PRESIDENT,1,A,1,34321,Melina,Abdullah,,ROCK ISLAND,1,,
GE 2024,PRESIDENT AND VICE PRESIDENT,1,A,1,34321,Melina,Abdullah,,PIATT,0,,
GE 2024,PRESIDENT AND VICE PRESIDENT,1,A,1,34321,Melina,Abdullah,,LAWRENCE,0,,
GE 2024,PRESIDENT AND VICE PRESIDENT,1,A,1,34321,Melina,Abdullah,,MADISON,6,,
GE 2024,PRESIDENT AND VICE PRESIDENT,1,A,1,34321,Melina,Abdullah,,POPE,0,,
GE 2024,PRESIDENT AND VICE PRESIDENT,1,A,1,34321,Melina,Abdullah,,BUREAU,0,,
GE 2024,PRESIDENT AND VICE PRESIDENT,1,A,1,34321,Melina,Abdullah,,STEPHENSON,0,,
GE 2024,PRESIDENT AND VICE PRESIDENT,1,A,1,34321,Melina,Abdullah,,BOONE,0,,
GE 2024,PRESIDENT AND VICE PRESIDENT,1,A,1,34321,Melina,Abdullah,,KENDALL,4,,
GE 2024,PRESIDENT AND VICE PRESIDENT,1,A,1,34321,Melina,Abdullah,,JoDAVIESS,0,,
GE 2024,PRESIDENT AND VICE PRESIDENT,1,A,1,34321,Melina,Abdullah,,WILL,0,,
GE 2024,PRESIDENT AND VICE PRESIDENT,1,A,1,34321,Melina,Abdullah,,EDWARDS,0,,
GE 2024,PRESIDENT AND VICE PRESIDENT,1,A,1,34321,Melina,Abdullah,,BOND,0,,
GE 2024,PRESIDENT AND VICE PRESIDENT,1,A,1,34321,Melina,Abdullah,,CHRISTIAN,0,,
GE 2024,PRESIDENT AND VICE PRESIDENT,1,A,1,34321,Melina,Abdullah,,CLARK,0,,
GE 2024,PRESIDENT AND VICE PRESIDENT,1,A,1,34321,Melina,Abdullah,,MACOUPIN,0,,
GE 2024,PRESIDENT AND VICE PRESIDENT,1,A,1,34321,Melina,Abdullah,,FULTON,0,,
GE 2024,PRESIDENT AND VICE PRESIDENT,1,A,1,34321,Melina,Abdullah,,SCOTT,0,,
GE 2024,PRESIDENT AND VICE PRESIDENT,1,A,1,34321,Melina,Abdullah,,MASON,0,,
GE 2024,PRESIDENT AND VICE PRESIDENT,1,A,1,34321,Melina,Abdullah,,EDGAR,0,,
GE 2024,PRESIDENT AND VICE PRESIDENT,1,A,1,34321,Melina,Abdullah,,FORD,0,,
GE 2024,PRESIDENT AND VICE PRESIDENT,1,A,1,34321,Melina,Abdullah,,LEE,0,,
GE 2024,PRESIDENT AND VICE PRESIDENT,1,A,1,34321,Melina,Abdullah,,LAKE,0,,
GE 2024,PRESIDENT AND VICE PRESIDENT,1,A,1,34321,Melina,Abdullah,,MONROE,0,,
GE 2024,PRESIDENT AND VICE PRESIDENT,1,A,1,34321,Melina,Abdullah,,COLES,0,,
GE 2024,PRESIDENT AND VICE PRESIDENT,1,A,1,34321,Melina,Abdullah,,UNION,0,,
GE 2024,PRESIDENT AND VICE PRESIDENT,1,A,1,34321,Melina,Abdullah,,DeWITT,0,,
GE 2024,PRESIDENT AND VICE PRESIDENT,1,A,1,34321,Melina,Abdullah,,JERSEY,0,,
GE 2024,PRESIDENT AND VICE PRESIDENT,1,A,1,34321,Melina,Abdullah,,JASPER,0,,
GE 2024,PRESIDENT AND VICE PRESIDENT,1,A,1,34321,Melina,Abdullah,,OGLE,0,,
GE 2024,PRESIDENT AND VICE PRESIDENT,1,A,1,34321,Melina,Abdullah,,CRAWFORD,0,,
GE 2024,PRESIDENT AND VICE PRESIDENT,1,A,1,34321,Melina,Abdullah,,GREENE,0,,
GE 2024,PRESIDENT AND VICE PRESIDENT,1,A,1,34321,Melina,Abdullah,,WHITE,0,,
GE 2024,PRESIDENT AND VICE PRESIDENT,1,A,1,34321,Melina,Abdullah,,CUMBERLAND,0,,
GE 2024,PRESIDENT AND VICE PRESIDENT,1,A,1,34321,Melina,Abdullah,,MOULTRIE,0,,
GE 2024,PRESIDENT AND VICE PRESIDENT,1,A,1,34321,Melina,Abdullah,,HARDIN,0,,
GE 2024,PRESIDENT AND VICE PRESIDENT,1,A,1,34321,Melina,Abdullah,,MASSAC,0,,
GE 2024,PRESIDENT AND VICE PRESIDENT,1,A,1,34321,Melina,Abdullah,,LOGAN,0,,
GE 2024,PRESIDENT AND VICE PRESIDENT,1,A,1,34321,Melina,Abdullah,,MERCER,0,,
GE 2024,PRESIDENT AND VICE PRESIDENT,1,A,1,34321,Melina,Abdullah,,IROQUOIS,0,,
GE 2024,PRESIDENT AND VICE PRESIDENT,1,A,1,34321,Melina,Abdullah,,JACKSON,0,,
GE 2024,PRESIDENT AND VICE PRESIDENT,1,A,1,34321,Melina,Abdullah,,McDONOUGH,0,,
GE 2024,PRESIDENT AND VICE PRESIDENT,1,A,1,34321,Melina,Abdullah,,KANKAKEE,0,,
GE 2024,PRESIDENT AND VICE PRESIDENT,1,A,1,34321,Melina,Abdullah,,LIVINGSTON,0,,
GE 2024,PRESIDENT AND VICE PRESIDENT,1,A,1,34321,Melina,Abdullah,,SHELBY,0,,
GE 2024,PRESIDENT AND VICE PRESIDENT,1,A,1,34321,Melina,Abdullah,,PEORIA,0,,
GE 2024,PRESIDENT AND VICE PRESIDENT,1,A,1,34321,Melina,Abdullah,,JEFFERSON,1,,
GE 2024,PRESIDENT AND VICE PRESIDENT,1,A,1,34321,Melina,Abdullah,,MORGAN,0,,
GE 2024,PRESIDENT AND VICE PRESIDENT,1,A,1,34321,Melina,Abdullah,,GALLATIN,0,,
GE 2024,PRESIDENT AND VICE PRESIDENT,1,A,1,34321,Melina,Abdullah,,SCHUYLER,0,,
GE 2024,PRESIDENT AND VICE PRESIDENT,1,A,1,34321,Melina,Abdullah,,LaSALLE,0,,
GE 2024,PRESIDENT AND VICE PRESIDENT,1,A,1,34321,Melina,Abdullah,,ST. CLAIR,0,,
GE 2024,PRESIDENT AND VICE PRESIDENT,1,A,1,34321,Melina,Abdullah,,CASS,0,,
GE 2024,PRESIDENT AND VICE PRESIDENT,1,A,1,34321,Melina,Abdullah,,GRUNDY,0,,
GE 2024,PRESIDENT AND VICE PRESIDENT,1,A,1,34321,Melina,Abdullah,,MACON,0,,
GE 2024,PRESIDENT AND VICE PRESIDENT,1,A,1,34321,Melina,Abdullah,,WASHINGTON,0,,
GE 2024,PRESIDENT AND VICE PRESIDENT,1,A,1,34321,Melina,Abdullah,,DeKALB,0,,
GE 2024,PRESIDENT AND VICE PRESIDENT,1,A,1,34321,Melina,Abdullah,,JOHNSON,0,,
GE 2024,PRESIDENT AND VICE PRESIDENT,1,A,1,34321,Melina,Abdullah,,McHENRY,0,,
GE 2024,PRESIDENT AND VICE PRESIDENT,1,A,1,34321,Melina,Abdullah,,CHAMPAIGN,0,,
GE 2024,PRESIDENT AND VICE PRESIDENT,1,A,1,34321,Melina,Abdullah,,PERRY,0,,
GE 2024,PRESIDENT AND VICE PRESIDENT,1,A,1,34321,Melina,Abdullah,,PUTNAM,0,,
GE 2024,PRESIDENT AND VICE PRESIDENT,1,A,1,34321,Melina,Abdullah,,FRANKLIN,0,,
GE 2024,PRESIDENT AND VICE PRESIDENT,1,A,1,34321,Melina,Abdullah,,RICHLAND,0,,
GE 2024,PRESIDENT AND VICE PRESIDENT,1,A,1,34321,Melina,Abdullah,,McLEAN,0,,
GE 2024,PRESIDENT AND VICE PRESIDENT,1,A,1,34321,Melina,Abdullah,,FAYETTE,0,,
GE 2024,PRESIDENT AND VICE PRESIDENT,1,A,1,34321,Melina,Abdullah,,WARREN,0,,
GE 2024,PRESIDENT AND VICE PRESIDENT,1,A,1,34321,Melina,Abdullah,,RANDOLPH,0,,
GE 2024,PRESIDENT AND VICE PRESIDENT,1,A,1,34321,Melina,Abdullah,,WINNEBAGO,5,,
GE 2024,PRESIDENT AND VICE PRESIDENT,1,A,1,34321,Melina,Abdullah,,PIKE,0,,
GE 2024,PRESIDENT AND VICE PRESIDENT,1,A,1,34321,Melina,Abdullah,,KNOX,0,,
GE 2024,PRESIDENT AND VICE PRESIDENT,1,A,1,34321,Melina,Abdullah,,MARION,0,,
GE 2024,PRESIDENT AND VICE PRESIDENT,1,A,1,34321,Melina,Abdullah,,CLAY,0,,
GE 2024,PRESIDENT AND VICE PRESIDENT,1,A,1,34321,Melina,Abdullah,,VERMILION,0,,
GE 2024,PRESIDENT AND VICE PRESIDENT,1,A,1,34321,Melina,Abdullah,,DuPAGE,0,,
GE 2024,PRESIDENT AND VICE PRESIDENT,1,A,1,34321,Melina,Abdullah,,COOK,1,,
GE 2024,PRESIDENT AND VICE PRESIDENT,1,A,1,34321,Melina,Abdullah,,PULASKI,1,,
GE 2024,PRESIDENT AND VICE PRESIDENT,1,A,1,34321,Melina,Abdullah,,TAZEWELL,0,,
GE 2024,PRESIDENT AND VICE PRESIDENT,1,A,1,34321,Melina,Abdullah,,WABASH,0,,
GE 2024,PRESIDENT AND VICE PRESIDENT,1,A,1,34321,Melina,Abdullah,,WILLIAMSON,0,,
GE 2024,PRESIDENT AND VICE PRESIDENT,1,A,1,34321,Melina,Abdullah,,CARROLL,0,,
GE 2024,PRESIDENT AND VICE PRESIDENT,1,A,1,34321,Melina,Abdullah,,CLINTON,0,,
GE 2024,PRESIDENT AND VICE PRESIDENT,1,A,1,34320,Claudia,De La Cruz,,PIATT,2,,
GE 2024,PRESIDENT AND VICE PRESIDENT,1,A,1,34320,Claudia,De La Cruz,,BROWN,0,,
GE 2024,PRESIDENT AND VICE PRESIDENT,1,A,1,34320,Claudia,De La Cruz,,DOUGLAS,0,,
GE 2024,PRESIDENT AND VICE PRESIDENT,1,A,1,34320,Claudia,De La Cruz,,FORD,2,,
GE 2024,PRESIDENT AND VICE PRESIDENT,1,A,1,34320,Claudia,De La Cruz,,MONTGOMERY,0,,
GE 2024,PRESIDENT AND VICE PRESIDENT,1,A,1,34319,Susan Maude,Buchser,,PEORIA,0,,
GE 2024,PRESIDENT AND VICE PRESIDENT,1,A,1,34319,Susan Maude,Buchser,,MASON,0,,
GE 2024,PRESIDENT AND VICE PRESIDENT,1,A,1,34319,Susan Maude,Buchser,,EDGAR,0,,
GE 2024,PRESIDENT AND VICE PRESIDENT,1,A,1,34319,Susan Maude,Buchser,,EDWARDS,0,,
GE 2024,PRESIDENT AND VICE PRESIDENT,1,A,1,34319,Susan Maude,Buchser,,CASS,0,,
GE 2024,PRESIDENT AND VICE PRESIDENT,1,A,1,34319,Susan Maude,Buchser,,JASPER,0,,
GE 2024,PRESIDENT AND VICE PRESIDENT,1,A,1,34319,Susan Maude,Buchser,,HARDIN,0,,
GE 2024,PRESIDENT AND VICE PRESIDENT,1,A,1,34319,Susan Maude,Buchser,,LAKE,0,,
GE 2024,PRESIDENT AND VICE PRESIDENT,1,A,1,34319,Susan Maude,Buchser,,WILL,0,,
GE 2024,PRESIDENT AND VICE PRESIDENT,1,A,1,34319,Susan Maude,Buchser,,JERSEY,0,,
GE 2024,PRESIDENT AND VICE PRESIDENT,1,A,1,34319,Susan Maude,Buchser,,FULTON,0,,
GE 2024,PRESIDENT AND VICE PRESIDENT,1,A,1,34319,Susan Maude,Buchser,,CHAMPAIGN,0,,
GE 2024,PRESIDENT AND VICE PRESIDENT,1,A,1,34319,Susan Maude,Buchser,,GREENE,0,,
GE 2024,PRESIDENT AND VICE PRESIDENT,1,A,1,34319,Susan Maude,Buchser,,WHITE,0,,
GE 2024,PRESIDENT AND VICE PRESIDENT,1,A,1,34319,Susan Maude,Buchser,,CUMBERLAND,0,,
GE 2024,PRESIDENT AND VICE PRESIDENT,1,A,1,34319,Susan Maude,Buchser,,MONROE,0,,
GE 2024,PRESIDENT AND VICE PRESIDENT,1,A,1,34319,Susan Maude,Buchser,,MASSAC,0,,
GE 2024,PRESIDENT AND VICE PRESIDENT,1,A,1,34319,Susan Maude,Buchser,,JOHNSON,0,,
GE 2024,PRESIDENT AND VICE PRESIDENT,1,A,1,34319,Susan Maude,Buchser,,IROQUOIS,0,,
GE 2024,PRESIDENT AND VICE PRESIDENT,1,A,1,34319,Susan Maude,Buchser,,SHELBY,0,,
GE 2024,PRESIDENT AND VICE PRESIDENT,1,A,1,34319,Susan Maude,Buchser,,LaSALLE,0,,
GE 2024,PRESIDENT AND VICE PRESIDENT,1,A,1,34319,Susan Maude,Buchser,,SCHUYLER,0,,
GE 2024,PRESIDENT AND VICE PRESIDENT,1,A,1,34319,Susan Maude,Buchser,,TAZEWELL,0,,
GE 2024,PRESIDENT AND VICE PRESIDENT,1,A,1,34319,Susan Maude,Buchser,,FRANKLIN,0,,
GE 2024,PRESIDENT AND VICE PRESIDENT,1,A,1,34319,Susan Maude,Buchser,,ST. CLAIR,0,,
GE 2024,PRESIDENT AND VICE PRESIDENT,1,A,1,34319,Susan Maude,Buchser,,JACKSON,0,,
GE 2024,PRESIDENT AND VICE PRESIDENT,1,A,1,34319,Susan Maude,Buchser,,McDONOUGH,0,,
GE 2024,PRESIDENT AND VICE PRESIDENT,1,A,1,34319,Susan Maude,Buchser,,WASHINGTON,0,,
GE 2024,PRESIDENT AND VICE PRESIDENT,1,A,1,34319,Susan Maude,Buchser,,DeKALB,0,,
GE 2024,PRESIDENT AND VICE PRESIDENT,1,A,1,34319,Susan Maude,Buchser,,PIKE,0,,
GE 2024,PRESIDENT AND VICE PRESIDENT,1,A,1,34319,Susan Maude,Buchser,,WINNEBAGO,0,,
GE 2024,PRESIDENT AND VICE PRESIDENT,1,A,1,34319,Susan Maude,Buchser,,JEFFERSON,0,,
GE 2024,PRESIDENT AND VICE PRESIDENT,1,A,1,34319,Susan Maude,Buchser,,MORGAN,0,,
GE 2024,PRESIDENT AND VICE PRESIDENT,1,A,1,34319,Susan Maude,Buchser,,PERRY,0,,
GE 2024,PRESIDENT AND VICE PRESIDENT,1,A,1,34319,Susan Maude,Buchser,,PUTNAM,0,,
GE 2024,PRESIDENT AND VICE PRESIDENT,1,A,1,34319,Susan Maude,Buchser,,McLEAN,0,,
GE 2024,PRESIDENT AND VICE PRESIDENT,1,A,1,34319,Susan Maude,Buchser,,UNION,0,,
GE 2024,PRESIDENT AND VICE PRESIDENT,1,A,1,34319,Susan Maude,Buchser,,GRUNDY,0,,
GE 2024,PRESIDENT AND VICE PRESIDENT,1,A,1,34319,Susan Maude,Buchser,,WARREN,0,,
GE 2024,PRESIDENT AND VICE PRESIDENT,1,A,1,34319,Susan Maude,Buchser,,RICHLAND,0,,
GE 2024,PRESIDENT AND VICE PRESIDENT,1,A,1,34319,Susan Maude,Buchser,,RANDOLPH,0,,
GE 2024,PRESIDENT AND VICE PRESIDENT,1,A,1,34319,Susan Maude,Buchser,,MARION,0,,
GE 2024,PRESIDENT AND VICE PRESIDENT,1,A,1,34319,Susan Maude,Buchser,,McHENRY,0,,
GE 2024,PRESIDENT AND VICE PRESIDENT,1,A,1,34319,Susan Maude,Buchser,,GALLATIN,0,,
GE 2024,PRESIDENT AND VICE PRESIDENT,1,A,1,34319,Susan Maude,Buchser,,DuPAGE,0,,
GE 2024,PRESIDENT AND VICE PRESIDENT,1,A,1,34319,Susan Maude,Buchser,,VERMILION,0,,
GE 2024,PRESIDENT AND VICE PRESIDENT,1,A,1,34319,Susan Maude,Buchser,,COOK,0,,
GE 2024,PRESIDENT AND VICE PRESIDENT,1,A,1,34319,Susan Maude,Buchser,,STARK,0,,
GE 2024,PRESIDENT AND VICE PRESIDENT,1,A,1,34319,Susan Maude,Buchser,,MONTGOMERY,0,,
GE 2024,PRESIDENT AND VICE PRESIDENT,1,A,1,34319,Susan Maude,Buchser,,KANKAKEE,0,,
GE 2024,PRESIDENT AND VICE PRESIDENT,1,A,1,34319,Susan Maude,Buchser,,CHRISTIAN,0,,
GE 2024,PRESIDENT AND VICE PRESIDENT,1,A,1,34319,Susan Maude,Buchser,,FAYETTE,0,,
GE 2024,PRESIDENT AND VICE PRESIDENT,1,A,1,34319,Susan Maude,Buchser,,KNOX,0,,
GE 2024,PRESIDENT AND VICE PRESIDENT,1,A,1,34318,Shiva,Ayyadurai,,WILLIAMSON,0,,
GE 2024,PRESIDENT AND VICE PRESIDENT,1,A,1,34318,Shiva,Ayyadurai,,DeWITT,0,,
GE 2024,PRESIDENT AND VICE PRESIDENT,1,A,1,34318,Shiva,Ayyadurai,,BOND,0,,
GE 2024,PRESIDENT AND VICE PRESIDENT,1,A,1,34318,Shiva,Ayyadurai,,STEPHENSON,0,,
GE 2024,PRESIDENT AND VICE PRESIDENT,1,A,1,34319,Susan Maude,Buchser,,MOULTRIE,0,,
GE 2024,PRESIDENT AND VICE PRESIDENT,1,A,1,34319,Susan Maude,Buchser,,PULASKI,0,,
GE 2024,PRESIDENT AND VICE PRESIDENT,1,A,1,34318,Shiva,Ayyadurai,,LIVINGSTON,0,,
GE 2024,PRESIDENT AND VICE PRESIDENT,1,A,1,34318,Shiva,Ayyadurai,,CARROLL,0,,
GE 2024,PRESIDENT AND VICE PRESIDENT,1,A,1,34318,Shiva,Ayyadurai,,MARSHALL,0,,
GE 2024,PRESIDENT AND VICE PRESIDENT,1,A,1,34318,Shiva,Ayyadurai,,CLINTON,0,,
GE 2024,PRESIDENT AND VICE PRESIDENT,1,A,1,34318,Shiva,Ayyadurai,,KANKAKEE,0,,
GE 2024,PRESIDENT AND VICE PRESIDENT,1,A,1,34318,Shiva,Ayyadurai,,CHRISTIAN,0,,
GE 2024,PRESIDENT AND VICE PRESIDENT,1,A,1,34318,Shiva,Ayyadurai,,HENDERSON,0,,
GE 2024,PRESIDENT AND VICE PRESIDENT,1,A,1,34318,Shiva,Ayyadurai,,BROWN,0,,
GE 2024,PRESIDENT AND VICE PRESIDENT,1,A,1,34318,Shiva,Ayyadurai,,WHITESIDE,0,,
GE 2024,PRESIDENT AND VICE PRESIDENT,1,A,1,34318,Shiva,Ayyadurai,,DOUGLAS,0,,
GE 2024,PRESIDENT AND VICE PRESIDENT,1,A,1,34318,Shiva,Ayyadurai,,LOGAN,0,,
GE 2024,PRESIDENT AND VICE PRESIDENT,1,A,1,34318,Shiva,Ayyadurai,,RANDOLPH,0,,
GE 2024,PRESIDENT AND VICE PRESIDENT,1,A,1,34318,Shiva,Ayyadurai,,FORD,0,,
GE 2024,PRESIDENT AND VICE PRESIDENT,1,A,1,34318,Shiva,Ayyadurai,,HANCOCK,0,,
GE 2024,PRESIDENT AND VICE PRESIDENT,1,A,1,34318,Shiva,Ayyadurai,,SALINE,0,,
GE 2024,PRESIDENT AND VICE PRESIDENT,1,A,1,34318,Shiva,Ayyadurai,,MACON,0,,
GE 2024,PRESIDENT AND VICE PRESIDENT,1,A,1,34318,Shiva,Ayyadurai,,PIATT,0,,
GE 2024,PRESIDENT AND VICE PRESIDENT,1,A,1,34318,Shiva,Ayyadurai,,HAMILTON,0,,
GE 2024,PRESIDENT AND VICE PRESIDENT,1,A,1,34318,Shiva,Ayyadurai,,MERCER,0,,
GE 2024,PRESIDENT AND VICE PRESIDENT,1,A,1,34318,Shiva,Ayyadurai,,ALEXANDER,0,,
GE 2024,PRESIDENT AND VICE PRESIDENT,1,A,1,34318,Shiva,Ayyadurai,,CLAY,0,,
GE 2024,PRESIDENT AND VICE PRESIDENT,1,A,1,34318,Shiva,Ayyadurai,,BOONE,0,,
GE 2024,PRESIDENT AND VICE PRESIDENT,1,A,1,34318,Shiva,Ayyadurai,,CALHOUN,0,,
GE 2024,PRESIDENT AND VICE PRESIDENT,1,A,1,34318,Shiva,Ayyadurai,,WOODFORD,0,,
GE 2024,PRESIDENT AND VICE PRESIDENT,1,A,1,34318,Shiva,Ayyadurai,,LAWRENCE,0,,
GE 2024,PRESIDENT AND VICE PRESIDENT,1,A,1,34318,Shiva,Ayyadurai,,MADISON,2,,
GE 2024,PRESIDENT AND VICE PRESIDENT,1,A,1,34318,Shiva,Ayyadurai,,KANE,3,,
GE 2024,PRESIDENT AND VICE PRESIDENT,1,A,1,34318,Shiva,Ayyadurai,,BUREAU,0,,
GE 2024,PRESIDENT AND VICE PRESIDENT,1,A,1,34318,Shiva,Ayyadurai,,MENARD,0,,
GE 2024,PRESIDENT AND VICE PRESIDENT,1,A,1,34318,Shiva,Ayyadurai,,ADAMS,3,,
GE 2024,PRESIDENT AND VICE PRESIDENT,1,A,1,34318,Shiva,Ayyadurai,,PUTNAM,0,,
GE 2024,PRESIDENT AND VICE PRESIDENT,1,A,1,34318,Shiva,Ayyadurai,,KENDALL,0,,
GE 2024,PRESIDENT AND VICE PRESIDENT,1,A,1,34318,Shiva,Ayyadurai,,LEE,0,,
GE 2024,PRESIDENT AND VICE PRESIDENT,1,A,1,34318,Shiva,Ayyadurai,,JoDAVIESS,0,,
GE 2024,PRESIDENT AND VICE PRESIDENT,1,A,1,34318,Shiva,Ayyadurai,,SANGAMON,0,,
GE 2024,PRESIDENT AND VICE PRESIDENT,1,A,1,34318,Shiva,Ayyadurai,,ROCK ISLAND,0,,
GE 2024,PRESIDENT AND VICE PRESIDENT,1,A,1,34318,Shiva,Ayyadurai,,MACOUPIN,0,,
GE 2024,PRESIDENT AND VICE PRESIDENT,1,A,1,34318,Shiva,Ayyadurai,,CRAWFORD,1,,
GE 2024,PRESIDENT AND VICE PRESIDENT,1,A,1,34318,Shiva,Ayyadurai,,PEORIA,2,,
GE 2024,PRESIDENT AND VICE PRESIDENT,1,A,1,34318,Shiva,Ayyadurai,,MASON,0,,
GE 2024,PRESIDENT AND VICE PRESIDENT,1,A,1,34318,Shiva,Ayyadurai,,OGLE,0,,
GE 2024,PRESIDENT AND VICE PRESIDENT,1,A,1,34318,Shiva,Ayyadurai,,CLARK,1,,
GE 2024,PRESIDENT AND VICE PRESIDENT,1,A,1,34318,Shiva,Ayyadurai,,WILL,0,,
GE 2024,PRESIDENT AND VICE PRESIDENT,1,A,1,34318,Shiva,Ayyadurai,,EDWARDS,0,,
GE 2024,PRESIDENT AND VICE PRESIDENT,1,A,1,34318,Shiva,Ayyadurai,,CASS,0,,
GE 2024,PRESIDENT AND VICE PRESIDENT,1,A,1,34318,Shiva,Ayyadurai,,COLES,0,,
GE 2024,PRESIDENT AND VICE PRESIDENT,1,A,1,34318,Shiva,Ayyadurai,,HENRY,0,,
GE 2024,PRESIDENT AND VICE PRESIDENT,1,A,1,34318,Shiva,Ayyadurai,,POPE,0,,
GE 2024,PRESIDENT AND VICE PRESIDENT,1,A,1,34318,Shiva,Ayyadurai,,LAKE,6,,
GE 2024,PRESIDENT AND VICE PRESIDENT,1,A,1,34318,Shiva,Ayyadurai,,JERSEY,0,,
GE 2024,PRESIDENT AND VICE PRESIDENT,1,A,1,34318,Shiva,Ayyadurai,,FULTON,0,,
GE 2024,PRESIDENT AND VICE PRESIDENT,1,A,1,34318,Shiva,Ayyadurai,,SCOTT,0,,
GE 2024,PRESIDENT AND VICE PRESIDENT,1,A,1,34318,Shiva,Ayyadurai,,EDGAR,0,,
GE 2024,PRESIDENT AND VICE PRESIDENT,1,A,1,34318,Shiva,Ayyadurai,,McDONOUGH,1,,
GE 2024,PRESIDENT AND VICE PRESIDENT,1,A,1,34318,Shiva,Ayyadurai,,CUMBERLAND,0,,
GE 2024,PRESIDENT AND VICE PRESIDENT,1,A,1,34318,Shiva,Ayyadurai,,MONROE,0,,
GE 2024,PRESIDENT AND VICE PRESIDENT,1,A,1,34318,Shiva,Ayyadurai,,MASSAC,0,,
GE 2024,PRESIDENT AND VICE PRESIDENT,1,A,1,34318,Shiva,Ayyadurai,,EFFINGHAM,0,,
GE 2024,PRESIDENT AND VICE PRESIDENT,1,A,1,34318,Shiva,Ayyadurai,,HARDIN,0,,
GE 2024,PRESIDENT AND VICE PRESIDENT,1,A,1,34318,Shiva,Ayyadurai,,UNION,0,,
GE 2024,PRESIDENT AND VICE PRESIDENT,1,A,1,34318,Shiva,Ayyadurai,,SHELBY,0,,
GE 2024,PRESIDENT AND VICE PRESIDENT,1,A,1,34318,Shiva,Ayyadurai,,McHENRY,5,,
GE 2024,PRESIDENT AND VICE PRESIDENT,1,A,1,34318,Shiva,Ayyadurai,,LaSALLE,0,,
GE 2024,PRESIDENT AND VICE PRESIDENT,1,A,1,34318,Shiva,Ayyadurai,,GALLATIN,1,,
GE 2024,PRESIDENT AND VICE PRESIDENT,1,A,1,34318,Shiva,Ayyadurai,,GREENE,0,,
GE 2024,PRESIDENT AND VICE PRESIDENT,1,A,1,34318,Shiva,Ayyadurai,,WHITE,0,,
GE 2024,PRESIDENT AND VICE PRESIDENT,1,A,1,34318,Shiva,Ayyadurai,,JACKSON,0,,
GE 2024,PRESIDENT AND VICE PRESIDENT,1,A,1,34318,Shiva,Ayyadurai,,WASHINGTON,0,,
GE 2024,PRESIDENT AND VICE PRESIDENT,1,A,1,34318,Shiva,Ayyadurai,,DeKALB,0,,
GE 2024,PRESIDENT AND VICE PRESIDENT,1,A,1,34318,Shiva,Ayyadurai,,JOHNSON,0,,
GE 2024,PRESIDENT AND VICE PRESIDENT,1,A,1,34318,Shiva,Ayyadurai,,JASPER,0,,
GE 2024,PRESIDENT AND VICE PRESIDENT,1,A,1,34318,Shiva,Ayyadurai,,IROQUOIS,0,,
GE 2024,PRESIDENT AND VICE PRESIDENT,1,A,1,34318,Shiva,Ayyadurai,,MORGAN,0,,
GE 2024,PRESIDENT AND VICE PRESIDENT,1,A,1,34318,Shiva,Ayyadurai,,PERRY,0,,
GE 2024,PRESIDENT AND VICE PRESIDENT,1,A,1,34318,Shiva,Ayyadurai,,FRANKLIN,0,,
GE 2024,PRESIDENT AND VICE PRESIDENT,1,A,1,34318,Shiva,Ayyadurai,,RICHLAND,0,,
GE 2024,PRESIDENT AND VICE PRESIDENT,1,A,1,34318,Shiva,Ayyadurai,,SCHUYLER,0,,
GE 2024,PRESIDENT AND VICE PRESIDENT,1,A,1,34318,Shiva,Ayyadurai,,CHAMPAIGN,1,,
GE 2024,PRESIDENT AND VICE PRESIDENT,1,A,1,34318,Shiva,Ayyadurai,,WARREN,0,,
GE 2024,PRESIDENT AND VICE PRESIDENT,1,A,1,34318,Shiva,Ayyadurai,,PIKE,0,,
GE 2024,PRESIDENT AND VICE PRESIDENT,1,A,1,34318,Shiva,Ayyadurai,,DuPAGE,7,,
GE 2024,PRESIDENT AND VICE PRESIDENT,1,A,1,34318,Shiva,Ayyadurai,,VERMILION,0,,
GE 2024,PRESIDENT AND VICE PRESIDENT,1,A,1,34318,Shiva,Ayyadurai,,JEFFERSON,0,,
GE 2024,PRESIDENT AND VICE PRESIDENT,1,A,1,34318,Shiva,Ayyadurai,,WINNEBAGO,1,,
GE 2024,PRESIDENT AND VICE PRESIDENT,1,A,1,34318,Shiva,Ayyadurai,,McLEAN,0,,
GE 2024,PRESIDENT AND VICE PRESIDENT,1,A,1,34318,Shiva,Ayyadurai,,FAYETTE,0,,
GE 2024,PRESIDENT AND VICE PRESIDENT,1,A,1,34318,Shiva,Ayyadurai,,KNOX,0,,
GE 2024,PRESIDENT AND VICE PRESIDENT,1,A,1,34318,Shiva,Ayyadurai,,MARION,0,,
GE 2024,PRESIDENT AND VICE PRESIDENT,1,A,1,34318,Shiva,Ayyadurai,,ST. CLAIR,2,,
GE 2024,PRESIDENT AND VICE PRESIDENT,1,A,1,34318,Shiva,Ayyadurai,,GRUNDY,0,,
GE 2024,PRESIDENT AND VICE PRESIDENT,1,A,1,34318,Shiva,Ayyadurai,,PULASKI,0,,
GE 2024,PRESIDENT AND VICE PRESIDENT,1,A,1,34318,Shiva,Ayyadurai,,STARK,0,,
GE 2024,PRESIDENT AND VICE PRESIDENT,1,A,1,34318,Shiva,Ayyadurai,,TAZEWELL,0,,
GE 2024,PRESIDENT AND VICE PRESIDENT,1,A,1,34318,Shiva,Ayyadurai,,MONTGOMERY,0,,
GE 2024,PRESIDENT AND VICE PRESIDENT,1,A,1,34318,Shiva,Ayyadurai,,WABASH,0,,
GE 2024,PRESIDENT AND VICE PRESIDENT,1,A,1,34318,Shiva,Ayyadurai,,COOK,6,,
GE 2024,PRESIDENT AND VICE PRESIDENT,1,A,1,34317,Richard,Mayers,,CHRISTIAN,0,,
GE 2024,PRESIDENT AND VICE PRESIDENT,1,A,1,34317,Richard,Mayers,,WILLIAMSON,0,,
GE 2024,PRESIDENT AND VICE PRESIDENT,1,A,1,34317,Richard,Mayers,,MOULTRIE,0,,
GE 2024,PRESIDENT AND VICE PRESIDENT,1,A,1,34317,Richard,Mayers,,PULASKI,0,,
GE 2024,PRESIDENT AND VICE PRESIDENT,1,A,1,34317,Richard,Mayers,,STARK,0,,
GE 2024,PRESIDENT AND VICE PRESIDENT,1,A,1,34318,Shiva,Ayyadurai,,MOULTRIE,0,,
GE 2024,PRESIDENT AND VICE PRESIDENT,1,A,1,34317,Richard,Mayers,,LIVINGSTON,0,,
GE 2024,PRESIDENT AND VICE PRESIDENT,1,A,1,34317,Richard,Mayers,,CARROLL,0,,
GE 2024,PRESIDENT AND VICE PRESIDENT,1,A,1,34317,Richard,Mayers,,TAZEWELL,0,,
GE 2024,PRESIDENT AND VICE PRESIDENT,1,A,1,34317,Richard,Mayers,,MONTGOMERY,0,,
GE 2024,PRESIDENT AND VICE PRESIDENT,1,A,1,34317,Richard,Mayers,,WABASH,0,,
GE 2024,PRESIDENT AND VICE PRESIDENT,1,A,1,34317,Richard,Mayers,,KANKAKEE,0,,
GE 2024,PRESIDENT AND VICE PRESIDENT,1,A,1,34317,Richard,Mayers,,HENDERSON,0,,
GE 2024,PRESIDENT AND VICE PRESIDENT,1,A,1,34317,Richard,Mayers,,BROWN,0,,
GE 2024,PRESIDENT AND VICE PRESIDENT,1,A,1,34317,Richard,Mayers,,BOND,0,,
GE 2024,PRESIDENT AND VICE PRESIDENT,1,A,1,34317,Richard,Mayers,,STEPHENSON,0,,
GE 2024,PRESIDENT AND VICE PRESIDENT,1,A,1,34317,Richard,Mayers,,LOGAN,0,,
GE 2024,PRESIDENT AND VICE PRESIDENT,1,A,1,34317,Richard,Mayers,,RANDOLPH,0,,
GE 2024,PRESIDENT AND VICE PRESIDENT,1,A,1,34317,Richard,Mayers,,FORD,0,,
GE 2024,PRESIDENT AND VICE PRESIDENT,1,A,1,34317,Richard,Mayers,,HANCOCK,0,,
GE 2024,PRESIDENT AND VICE PRESIDENT,1,A,1,34317,Richard,Mayers,,MARSHALL,0,,
GE 2024,PRESIDENT AND VICE PRESIDENT,1,A,1,34317,Richard,Mayers,,CLINTON,0,,
GE 2024,PRESIDENT AND VICE PRESIDENT,1,A,1,34317,Richard,Mayers,,PIATT,0,,
GE 2024,PRESIDENT AND VICE PRESIDENT,1,A,1,34317,Richard,Mayers,,HAMILTON,0,,
GE 2024,PRESIDENT AND VICE PRESIDENT,1,A,1,34317,Richard,Mayers,,MERCER,0,,
GE 2024,PRESIDENT AND VICE PRESIDENT,1,A,1,34317,Richard,Mayers,,CLAY,0,,
GE 2024,PRESIDENT AND VICE PRESIDENT,1,A,1,34317,Richard,Mayers,,WHITESIDE,0,,
GE 2024,PRESIDENT AND VICE PRESIDENT,1,A,1,34317,Richard,Mayers,,DOUGLAS,0,,
GE 2024,PRESIDENT AND VICE PRESIDENT,1,A,1,34317,Richard,Mayers,,CALHOUN,0,,
GE 2024,PRESIDENT AND VICE PRESIDENT,1,A,1,34317,Richard,Mayers,,WOODFORD,0,,
GE 2024,PRESIDENT AND VICE PRESIDENT,1,A,1,34317,Richard,Mayers,,MADISON,0,,
GE 2024,PRESIDENT AND VICE PRESIDENT,1,A,1,34317,Richard,Mayers,,KANE,0,,
GE 2024,PRESIDENT AND VICE PRESIDENT,1,A,1,34317,Richard,Mayers,,SALINE,0,,
GE 2024,PRESIDENT AND VICE PRESIDENT,1,A,1,34317,Richard,Mayers,,MACON,0,,
GE 2024,PRESIDENT AND VICE PRESIDENT,1,A,1,34317,Richard,Mayers,,MENARD,0,,
GE 2024,PRESIDENT AND VICE PRESIDENT,1,A,1,34317,Richard,Mayers,,ADAMS,0,,
GE 2024,PRESIDENT AND VICE PRESIDENT,1,A,1,34317,Richard,Mayers,,KENDALL,0,,
GE 2024,PRESIDENT AND VICE PRESIDENT,1,A,1,34317,Richard,Mayers,,LEE,0,,
GE 2024,PRESIDENT AND VICE PRESIDENT,1,A,1,34317,Richard,Mayers,,BOONE,0,,
GE 2024,PRESIDENT AND VICE PRESIDENT,1,A,1,34317,Richard,Mayers,,SANGAMON,0,,
GE 2024,PRESIDENT AND VICE PRESIDENT,1,A,1,34317,Richard,Mayers,,ROCK ISLAND,0,,
GE 2024,PRESIDENT AND VICE PRESIDENT,1,A,1,34317,Richard,Mayers,,LAWRENCE,0,,
GE 2024,PRESIDENT AND VICE PRESIDENT,1,A,1,34317,Richard,Mayers,,MACOUPIN,0,,
GE 2024,PRESIDENT AND VICE PRESIDENT,1,A,1,34317,Richard,Mayers,,CRAWFORD,0,,
GE 2024,PRESIDENT AND VICE PRESIDENT,1,A,1,34317,Richard,Mayers,,BUREAU,0,,
GE 2024,PRESIDENT AND VICE PRESIDENT,1,A,1,34317,Richard,Mayers,,OGLE,0,,
GE 2024,PRESIDENT AND VICE PRESIDENT,1,A,1,34317,Richard,Mayers,,CLARK,0,,
GE 2024,PRESIDENT AND VICE PRESIDENT,1,A,1,34317,Richard,Mayers,,PUTNAM,0,,
GE 2024,PRESIDENT AND VICE PRESIDENT,1,A,1,34317,Richard,Mayers,,EDWARDS,0,,
GE 2024,PRESIDENT AND VICE PRESIDENT,1,A,1,34317,Richard,Mayers,,CASS,0,,
GE 2024,PRESIDENT AND VICE PRESIDENT,1,A,1,34317,Richard,Mayers,,JoDAVIESS,0,,
GE 2024,PRESIDENT AND VICE PRESIDENT,1,A,1,34317,Richard,Mayers,,HENRY,0,,
GE 2024,PRESIDENT AND VICE PRESIDENT,1,A,1,34317,Richard,Mayers,,POPE,0,,
GE 2024,PRESIDENT AND VICE PRESIDENT,1,A,1,34317,Richard,Mayers,,EFFINGHAM,0,,
GE 2024,PRESIDENT AND VICE PRESIDENT,1,A,1,34317,Richard,Mayers,,JERSEY,0,,
GE 2024,PRESIDENT AND VICE PRESIDENT,1,A,1,34317,Richard,Mayers,,FULTON,0,,
GE 2024,PRESIDENT AND VICE PRESIDENT,1,A,1,34317,Richard,Mayers,,PEORIA,0,,
GE 2024,PRESIDENT AND VICE PRESIDENT,1,A,1,34317,Richard,Mayers,,MASON,0,,
GE 2024,PRESIDENT AND VICE PRESIDENT,1,A,1,34317,Richard,Mayers,,EDGAR,0,,
GE 2024,PRESIDENT AND VICE PRESIDENT,1,A,1,34317,Richard,Mayers,,WILL,0,,
GE 2024,PRESIDENT AND VICE PRESIDENT,1,A,1,34317,Richard,Mayers,,MONROE,0,,
GE 2024,PRESIDENT AND VICE PRESIDENT,1,A,1,34317,Richard,Mayers,,MASSAC,0,,
GE 2024,PRESIDENT AND VICE PRESIDENT,1,A,1,34317,Richard,Mayers,,COLES,0,,
GE 2024,PRESIDENT AND VICE PRESIDENT,1,A,1,34317,Richard,Mayers,,HARDIN,0,,
GE 2024,PRESIDENT AND VICE PRESIDENT,1,A,1,34317,Richard,Mayers,,DeWITT,0,,
GE 2024,PRESIDENT AND VICE PRESIDENT,1,A,1,34317,Richard,Mayers,,LAKE,0,,
GE 2024,PRESIDENT AND VICE PRESIDENT,1,A,1,34317,Richard,Mayers,,LaSALLE,0,,
GE 2024,PRESIDENT AND VICE PRESIDENT,1,A,1,34317,Richard,Mayers,,SCHUYLER,0,,
GE 2024,PRESIDENT AND VICE PRESIDENT,1,A,1,34317,Richard,Mayers,,SCOTT,0,,
GE 2024,PRESIDENT AND VICE PRESIDENT,1,A,1,34317,Richard,Mayers,,GREENE,0,,
GE 2024,PRESIDENT AND VICE PRESIDENT,1,A,1,34317,Richard,Mayers,,WHITE,0,,
GE 2024,PRESIDENT AND VICE PRESIDENT,1,A,1,34317,Richard,Mayers,,CUMBERLAND,0,,
GE 2024,PRESIDENT AND VICE PRESIDENT,1,A,1,34317,Richard,Mayers,,WASHINGTON,0,,
GE 2024,PRESIDENT AND VICE PRESIDENT,1,A,1,34317,Richard,Mayers,,DeKALB,0,,
GE 2024,PRESIDENT AND VICE PRESIDENT,1,A,1,34317,Richard,Mayers,,JASPER,0,,
GE 2024,PRESIDENT AND VICE PRESIDENT,1,A,1,34317,Richard,Mayers,,IROQUOIS,0,,
GE 2024,PRESIDENT AND VICE PRESIDENT,1,A,1,34317,Richard,Mayers,,SHELBY,0,,
GE 2024,PRESIDENT AND VICE PRESIDENT,1,A,1,34317,Richard,Mayers,,McHENRY,0,,
GE 2024,PRESIDENT AND VICE PRESIDENT,1,A,1,34317,Richard,Mayers,,PERRY,0,,
GE 2024,PRESIDENT AND VICE PRESIDENT,1,A,1,34317,Richard,Mayers,,FRANKLIN,0,,
GE 2024,PRESIDENT AND VICE PRESIDENT,1,A,1,34317,Richard,Mayers,,CHAMPAIGN,0,,
GE 2024,PRESIDENT AND VICE PRESIDENT,1,A,1,34317,Richard,Mayers,,ST. CLAIR,0,,
GE 2024,PRESIDENT AND VICE PRESIDENT,1,A,1,34317,Richard,Mayers,,JACKSON,0,,
GE 2024,PRESIDENT AND VICE PRESIDENT,1,A,1,34317,Richard,Mayers,,McDONOUGH,0,,
GE 2024,PRESIDENT AND VICE PRESIDENT,1,A,1,34317,Richard,Mayers,,PIKE,0,,
GE 2024,PRESIDENT AND VICE PRESIDENT,1,A,1,34317,Richard,Mayers,,GALLATIN,0,,
GE 2024,PRESIDENT AND VICE PRESIDENT,1,A,1,34317,Richard,Mayers,,JOHNSON,0,,
GE 2024,PRESIDENT AND VICE PRESIDENT,1,A,1,34317,Richard,Mayers,,WINNEBAGO,0,,
GE 2024,PRESIDENT AND VICE PRESIDENT,1,A,1,34317,Richard,Mayers,,JEFFERSON,0,,
GE 2024,PRESIDENT AND VICE PRESIDENT,1,A,1,34317,Richard,Mayers,,MORGAN,0,,
GE 2024,PRESIDENT AND VICE PRESIDENT,1,A,1,34317,Richard,Mayers,,FAYETTE,0,,
GE 2024,PRESIDENT AND VICE PRESIDENT,1,A,1,34317,Richard,Mayers,,KNOX,0,,
GE 2024,PRESIDENT AND VICE PRESIDENT,1,A,1,34317,Richard,Mayers,,RICHLAND,0,,
GE 2024,PRESIDENT AND VICE PRESIDENT,1,A,1,34317,Richard,Mayers,,UNION,0,,
GE 2024,PRESIDENT AND VICE PRESIDENT,1,A,1,34317,Richard,Mayers,,GRUNDY,0,,
GE 2024,PRESIDENT AND VICE PRESIDENT,1,A,1,34317,Richard,Mayers,,WARREN,0,,
GE 2024,PRESIDENT AND VICE PRESIDENT,1,A,1,34316,John P,Albers,,MARSHALL,0,,
GE 2024,PRESIDENT AND VICE PRESIDENT,1,A,1,34317,Richard,Mayers,,MARION,0,,
GE 2024,PRESIDENT AND VICE PRESIDENT,1,A,1,34317,Richard,Mayers,,DuPAGE,0,,
GE 2024,PRESIDENT AND VICE PRESIDENT,1,A,1,34317,Richard,Mayers,,VERMILION,0,,
GE 2024,PRESIDENT AND VICE PRESIDENT,1,A,1,34317,Richard,Mayers,,COOK,1,,
GE 2024,PRESIDENT AND VICE PRESIDENT,1,A,1,34317,Richard,Mayers,,McLEAN,0,,
GE 2024,PRESIDENT AND VICE PRESIDENT,1,A,1,34316,John P,Albers,,DOUGLAS,0,,
GE 2024,PRESIDENT AND VICE PRESIDENT,1,A,1,34316,John P,Albers,,DeWITT,0,,
GE 2024,PRESIDENT AND VICE PRESIDENT,1,A,1,34316,John P,Albers,,LOGAN,0,,
GE 2024,PRESIDENT AND VICE PRESIDENT,1,A,1,34316,John P,Albers,,WILLIAMSON,0,,
GE 2024,PRESIDENT AND VICE PRESIDENT,1,A,1,34316,John P,Albers,,RANDOLPH,0,,
GE 2024,PRESIDENT AND VICE PRESIDENT,1,A,1,34316,John P,Albers,,LIVINGSTON,0,,
GE 2024,PRESIDENT AND VICE PRESIDENT,1,A,1,34316,John P,Albers,,MENARD,0,,
GE 2024,PRESIDENT AND VICE PRESIDENT,1,A,1,34316,John P,Albers,,CLINTON,0,,
GE 2024,PRESIDENT AND VICE PRESIDENT,1,A,1,34316,John P,Albers,,PIATT,0,,
GE 2024,PRESIDENT AND VICE PRESIDENT,1,A,1,34316,John P,Albers,,HENDERSON,0,,
GE 2024,PRESIDENT AND VICE PRESIDENT,1,A,1,34316,John P,Albers,,BROWN,0,,
GE 2024,PRESIDENT AND VICE PRESIDENT,1,A,1,34316,John P,Albers,,WHITESIDE,0,,
GE 2024,PRESIDENT AND VICE PRESIDENT,1,A,1,34316,John P,Albers,,ROCK ISLAND,0,,
GE 2024,PRESIDENT AND VICE PRESIDENT,1,A,1,34316,John P,Albers,,WOODFORD,0,,
GE 2024,PRESIDENT AND VICE PRESIDENT,1,A,1,34316,John P,Albers,,HANCOCK,0,,
GE 2024,PRESIDENT AND VICE PRESIDENT,1,A,1,34316,John P,Albers,,MONTGOMERY,0,,
GE 2024,PRESIDENT AND VICE PRESIDENT,1,A,1,34316,John P,Albers,,SALINE,0,,
GE 2024,PRESIDENT AND VICE PRESIDENT,1,A,1,34316,John P,Albers,,MACON,0,,
GE 2024,PRESIDENT AND VICE PRESIDENT,1,A,1,34316,John P,Albers,,CLARK,0,,
GE 2024,PRESIDENT AND VICE PRESIDENT,1,A,1,34316,John P,Albers,,ADAMS,0,,
GE 2024,PRESIDENT AND VICE PRESIDENT,1,A,1,34316,John P,Albers,,MERCER,0,,
GE 2024,PRESIDENT AND VICE PRESIDENT,1,A,1,34316,John P,Albers,,CLAY,0,,
GE 2024,PRESIDENT AND VICE PRESIDENT,1,A,1,34316,John P,Albers,,BOONE,0,,
GE 2024,PRESIDENT AND VICE PRESIDENT,1,A,1,34316,John P,Albers,,SANGAMON,0,,
GE 2024,PRESIDENT AND VICE PRESIDENT,1,A,1,34316,John P,Albers,,BOND,0,,
GE 2024,PRESIDENT AND VICE PRESIDENT,1,A,1,34316,John P,Albers,,LAWRENCE,0,,
GE 2024,PRESIDENT AND VICE PRESIDENT,1,A,1,34316,John P,Albers,,KANE,0,,
GE 2024,PRESIDENT AND VICE PRESIDENT,1,A,1,34316,John P,Albers,,BUREAU,0,,
GE 2024,PRESIDENT AND VICE PRESIDENT,1,A,1,34316,John P,Albers,,OGLE,0,,
GE 2024,PRESIDENT AND VICE PRESIDENT,1,A,1,34316,John P,Albers,,STEPHENSON,0,,
GE 2024,PRESIDENT AND VICE PRESIDENT,1,A,1,34316,John P,Albers,,FORD,0,,
GE 2024,PRESIDENT AND VICE PRESIDENT,1,A,1,34316,John P,Albers,,PUTNAM,0,,
GE 2024,PRESIDENT AND VICE PRESIDENT,1,A,1,34316,John P,Albers,,KENDALL,0,,
GE 2024,PRESIDENT AND VICE PRESIDENT,1,A,1,34316,John P,Albers,,HENRY,0,,
GE 2024,PRESIDENT AND VICE PRESIDENT,1,A,1,34316,John P,Albers,,POPE,0,,
GE 2024,PRESIDENT AND VICE PRESIDENT,1,A,1,34316,John P,Albers,,MACOUPIN,0,,
GE 2024,PRESIDENT AND VICE PRESIDENT,1,A,1,34316,John P,Albers,,HARDIN,0,,
GE 2024,PRESIDENT AND VICE PRESIDENT,1,A,1,34316,John P,Albers,,CARROLL,0,,
GE 2024,PRESIDENT AND VICE PRESIDENT,1,A,1,34316,John P,Albers,,CRAWFORD,0,,
GE 2024,PRESIDENT AND VICE PRESIDENT,1,A,1,34316,John P,Albers,,PEORIA,1,,
GE 2024,PRESIDENT AND VICE PRESIDENT,1,A,1,34316,John P,Albers,,MASON,0,,
GE 2024,PRESIDENT AND VICE PRESIDENT,1,A,1,34316,John P,Albers,,EDGAR,0,,
GE 2024,PRESIDENT AND VICE PRESIDENT,1,A,1,34316,John P,Albers,,WHITE,0,,
GE 2024,PRESIDENT AND VICE PRESIDENT,1,A,1,34316,John P,Albers,,LEE,0,,
GE 2024,PRESIDENT AND VICE PRESIDENT,1,A,1,34316,John P,Albers,,WILL,0,,
GE 2024,PRESIDENT AND VICE PRESIDENT,1,A,1,34316,John P,Albers,,JoDAVIESS,0,,
GE 2024,PRESIDENT AND VICE PRESIDENT,1,A,1,34316,John P,Albers,,CASS,0,,
GE 2024,PRESIDENT AND VICE PRESIDENT,1,A,1,34316,John P,Albers,,COLES,0,,
GE 2024,PRESIDENT AND VICE PRESIDENT,1,A,1,34316,John P,Albers,,JASPER,0,,
GE 2024,PRESIDENT AND VICE PRESIDENT,1,A,1,34316,John P,Albers,,EDWARDS,0,,
GE 2024,PRESIDENT AND VICE PRESIDENT,1,A,1,34316,John P,Albers,,JERSEY,0,,
GE 2024,PRESIDENT AND VICE PRESIDENT,1,A,1,34316,John P,Albers,,FULTON,0,,
GE 2024,PRESIDENT AND VICE PRESIDENT,1,A,1,34316,John P,Albers,,SCOTT,0,,
GE 2024,PRESIDENT AND VICE PRESIDENT,1,A,1,34316,John P,Albers,,GREENE,0,,
GE 2024,PRESIDENT AND VICE PRESIDENT,1,A,1,34316,John P,Albers,,ST. CLAIR,0,,
GE 2024,PRESIDENT AND VICE PRESIDENT,1,A,1,34316,John P,Albers,,CUMBERLAND,0,,
GE 2024,PRESIDENT AND VICE PRESIDENT,1,A,1,34316,John P,Albers,,LAKE,0,,
GE 2024,PRESIDENT AND VICE PRESIDENT,1,A,1,34316,John P,Albers,,MONROE,0,,
GE 2024,PRESIDENT AND VICE PRESIDENT,1,A,1,34316,John P,Albers,,MASSAC,0,,
GE 2024,PRESIDENT AND VICE PRESIDENT,1,A,1,34316,John P,Albers,,EFFINGHAM,0,,
GE 2024,PRESIDENT AND VICE PRESIDENT,1,A,1,34316,John P,Albers,,MADISON,0,,
GE 2024,PRESIDENT AND VICE PRESIDENT,1,A,1,34316,John P,Albers,,IROQUOIS,0,,
GE 2024,PRESIDENT AND VICE PRESIDENT,1,A,1,34316,John P,Albers,,SHELBY,0,,
GE 2024,PRESIDENT AND VICE PRESIDENT,1,A,1,34316,John P,Albers,,LaSALLE,0,,
GE 2024,PRESIDENT AND VICE PRESIDENT,1,A,1,34316,John P,Albers,,SCHUYLER,0,,
GE 2024,PRESIDENT AND VICE PRESIDENT,1,A,1,34316,John P,Albers,,TAZEWELL,0,,
GE 2024,PRESIDENT AND VICE PRESIDENT,1,A,1,34316,John P,Albers,,GRUNDY,0,,
GE 2024,PRESIDENT AND VICE PRESIDENT,1,A,1,34316,John P,Albers,,JACKSON,0,,
GE 2024,PRESIDENT AND VICE PRESIDENT,1,A,1,34316,John P,Albers,,McDONOUGH,0,,
GE 2024,PRESIDENT AND VICE PRESIDENT,1,A,1,34316,John P,Albers,,WASHINGTON,0,,
GE 2024,PRESIDENT AND VICE PRESIDENT,1,A,1,34316,John P,Albers,,JOHNSON,0,,
GE 2024,PRESIDENT AND VICE PRESIDENT,1,A,1,34316,John P,Albers,,WINNEBAGO,0,,
GE 2024,PRESIDENT AND VICE PRESIDENT,1,A,1,34316,John P,Albers,,GALLATIN,0,,
GE 2024,PRESIDENT AND VICE PRESIDENT,1,A,1,34316,John P,Albers,,JEFFERSON,1,,
GE 2024,PRESIDENT AND VICE PRESIDENT,1,A,1,34316,John P,Albers,,MORGAN,0,,
GE 2024,PRESIDENT AND VICE PRESIDENT,1,A,1,34316,John P,Albers,,PERRY,0,,
GE 2024,PRESIDENT AND VICE PRESIDENT,1,A,1,34316,John P,Albers,,FRANKLIN,0,,
GE 2024,PRESIDENT AND VICE PRESIDENT,1,A,1,34316,John P,Albers,,UNION,0,,
GE 2024,PRESIDENT AND VICE PRESIDENT,1,A,1,34316,John P,Albers,,FAYETTE,0,,
GE 2024,PRESIDENT AND VICE PRESIDENT,1,A,1,34316,John P,Albers,,WARREN,0,,
GE 2024,PRESIDENT AND VICE PRESIDENT,1,A,1,34316,John P,Albers,,RICHLAND,0,,
GE 2024,PRESIDENT AND VICE PRESIDENT,1,A,1,34316,John P,Albers,,PIKE,0,,
GE 2024,PRESIDENT AND VICE PRESIDENT,1,A,1,34316,John P,Albers,,McHENRY,0,,
GE 2024,PRESIDENT AND VICE PRESIDENT,1,A,1,34316,John P,Albers,,CHAMPAIGN,0,,
GE 2024,PRESIDENT AND VICE PRESIDENT,1,A,1,34316,John P,Albers,,MARION,0,,
GE 2024,PRESIDENT AND VICE PRESIDENT,1,A,1,34316,John P,Albers,,DuPAGE,1,,
GE 2024,PRESIDENT AND VICE PRESIDENT,1,A,1,34316,John P,Albers,,VERMILION,0,,
GE 2024,PRESIDENT AND VICE PRESIDENT,1,A,1,34316,John P,Albers,,DeKALB,0,,
GE 2024,PRESIDENT AND VICE PRESIDENT,1,A,1,34316,John P,Albers,,COOK,0,,
GE 2024,PRESIDENT AND VICE PRESIDENT,1,A,1,34316,John P,Albers,,McLEAN,0,,
GE 2024,PRESIDENT AND VICE PRESIDENT,1,A,1,34316,John P,Albers,,MOULTRIE,0,,
GE 2024,PRESIDENT AND VICE PRESIDENT,1,A,1,34316,John P,Albers,,PULASKI,0,,
GE 2024,PRESIDENT AND VICE PRESIDENT,1,A,1,34316,John P,Albers,,STARK,0,,
GE 2024,PRESIDENT AND VICE PRESIDENT,1,A,1,34316,John P,Albers,,KANKAKEE,0,,
GE 2024,PRESIDENT AND VICE PRESIDENT,1,A,1,34316,John P,Albers,,CHRISTIAN,0,,
GE 2024,PRESIDENT AND VICE PRESIDENT,1,A,1,34316,John P,Albers,,KNOX,0,,
GE 2024,PRESIDENT AND VICE PRESIDENT,1,A,1,34315,Jill,Stein,,TAZEWELL,61,,
GE 2024,PRESIDENT AND VICE PRESIDENT,1,A,1,34315,Jill,Stein,,WABASH,0,,
GE 2024,PRESIDENT AND VICE PRESIDENT,1,A,1,34315,Jill,Stein,,KANKAKEE,36,,
GE 2024,PRESIDENT AND VICE PRESIDENT,1,A,1,34315,Jill,Stein,,CHRISTIAN,5,,
GE 2024,PRESIDENT AND VICE PRESIDENT,1,A,1,34315,Jill,Stein,,WILLIAMSON,27,,
GE 2024,PRESIDENT AND VICE PRESIDENT,1,A,1,34315,Jill,Stein,,DeWITT,5,,
GE 2024,PRESIDENT AND VICE PRESIDENT,1,A,1,34315,Jill,Stein,,DOUGLAS,5,,
GE 2024,PRESIDENT AND VICE PRESIDENT,1,A,1,34315,Jill,Stein,,BOND,7,,
GE 2024,PRESIDENT AND VICE PRESIDENT,1,A,1,34315,Jill,Stein,,STEPHENSON,14,,
GE 2024,PRESIDENT AND VICE PRESIDENT,1,A,1,34315,Jill,Stein,,LOGAN,2,,
GE 2024,PRESIDENT AND VICE PRESIDENT,1,A,1,34315,Jill,Stein,,RANDOLPH,1,,
GE 2024,PRESIDENT AND VICE PRESIDENT,1,A,1,34315,Jill,Stein,,LIVINGSTON,10,,
GE 2024,PRESIDENT AND VICE PRESIDENT,1,A,1,34315,Jill,Stein,,CLINTON,9,,
GE 2024,PRESIDENT AND VICE PRESIDENT,1,A,1,34315,Jill,Stein,,EDGAR,2,,
GE 2024,PRESIDENT AND VICE PRESIDENT,1,A,1,34315,Jill,Stein,,PIATT,3,,
GE 2024,PRESIDENT AND VICE PRESIDENT,1,A,1,34315,Jill,Stein,,HAMILTON,0,,
GE 2024,PRESIDENT AND VICE PRESIDENT,1,A,1,34315,Jill,Stein,,HENDERSON,0,,
GE 2024,PRESIDENT AND VICE PRESIDENT,1,A,1,34315,Jill,Stein,,BROWN,0,,
GE 2024,PRESIDENT AND VICE PRESIDENT,1,A,1,34315,Jill,Stein,,WHITESIDE,10,,
GE 2024,PRESIDENT AND VICE PRESIDENT,1,A,1,34315,Jill,Stein,,WOODFORD,7,,
GE 2024,PRESIDENT AND VICE PRESIDENT,1,A,1,34315,Jill,Stein,,FORD,4,,
GE 2024,PRESIDENT AND VICE PRESIDENT,1,A,1,34315,Jill,Stein,,HANCOCK,2,,
GE 2024,PRESIDENT AND VICE PRESIDENT,1,A,1,34315,Jill,Stein,,SALINE,0,,
GE 2024,PRESIDENT AND VICE PRESIDENT,1,A,1,34315,Jill,Stein,,MACON,68,,
GE 2024,PRESIDENT AND VICE PRESIDENT,1,A,1,34315,Jill,Stein,,COLES,13,,
GE 2024,PRESIDENT AND VICE PRESIDENT,1,A,1,34315,Jill,Stein,,MONTGOMERY,11,,
GE 2024,PRESIDENT AND VICE PRESIDENT,1,A,1,34315,Jill,Stein,,MENARD,4,,
GE 2024,PRESIDENT AND VICE PRESIDENT,1,A,1,34315,Jill,Stein,,ADAMS,10,,
GE 2024,PRESIDENT AND VICE PRESIDENT,1,A,1,34315,Jill,Stein,,MERCER,1,,
GE 2024,PRESIDENT AND VICE PRESIDENT,1,A,1,34315,Jill,Stein,,ALEXANDER,0,,
GE 2024,PRESIDENT AND VICE PRESIDENT,1,A,1,34315,Jill,Stein,,CLAY,2,,
GE 2024,PRESIDENT AND VICE PRESIDENT,1,A,1,34315,Jill,Stein,,BOONE,27,,
GE 2024,PRESIDENT AND VICE PRESIDENT,1,A,1,34315,Jill,Stein,,HENRY,11,,
GE 2024,PRESIDENT AND VICE PRESIDENT,1,A,1,34315,Jill,Stein,,SANGAMON,187,,
GE 2024,PRESIDENT AND VICE PRESIDENT,1,A,1,34315,Jill,Stein,,ROCK ISLAND,66,,
GE 2024,PRESIDENT AND VICE PRESIDENT,1,A,1,34315,Jill,Stein,,LAWRENCE,2,,
GE 2024,PRESIDENT AND VICE PRESIDENT,1,A,1,34315,Jill,Stein,,MADISON,169,,
GE 2024,PRESIDENT AND VICE PRESIDENT,1,A,1,34315,Jill,Stein,,KANE,761,,
GE 2024,PRESIDENT AND VICE PRESIDENT,1,A,1,34315,Jill,Stein,,BUREAU,5,,
GE 2024,PRESIDENT AND VICE PRESIDENT,1,A,1,34315,Jill,Stein,,OGLE,22,,
GE 2024,PRESIDENT AND VICE PRESIDENT,1,A,1,34315,Jill,Stein,,CLARK,1,,
GE 2024,PRESIDENT AND VICE PRESIDENT,1,A,1,34315,Jill,Stein,,PUTNAM,1,,
GE 2024,PRESIDENT AND VICE PRESIDENT,1,A,1,34315,Jill,Stein,,KENDALL,217,,
GE 2024,PRESIDENT AND VICE PRESIDENT,1,A,1,34315,Jill,Stein,,LEE,14,,
GE 2024,PRESIDENT AND VICE PRESIDENT,1,A,1,34315,Jill,Stein,,JoDAVIESS,16,,
GE 2024,PRESIDENT AND VICE PRESIDENT,1,A,1,34315,Jill,Stein,,POPE,1,,
GE 2024,PRESIDENT AND VICE PRESIDENT,1,A,1,34315,Jill,Stein,,EFFINGHAM,9,,
GE 2024,PRESIDENT AND VICE PRESIDENT,1,A,1,34315,Jill,Stein,,MACOUPIN,15,,
GE 2024,PRESIDENT AND VICE PRESIDENT,1,A,1,34315,Jill,Stein,,CRAWFORD,4,,
GE 2024,PRESIDENT AND VICE PRESIDENT,1,A,1,34315,Jill,Stein,,PEORIA,290,,
GE 2024,PRESIDENT AND VICE PRESIDENT,1,A,1,34315,Jill,Stein,,MASON,0,,
GE 2024,PRESIDENT AND VICE PRESIDENT,1,A,1,34315,Jill,Stein,,CARROLL,0,,
GE 2024,PRESIDENT AND VICE PRESIDENT,1,A,1,34315,Jill,Stein,,McDONOUGH,16,,
GE 2024,PRESIDENT AND VICE PRESIDENT,1,A,1,34315,Jill,Stein,,GREENE,2,,
GE 2024,PRESIDENT AND VICE PRESIDENT,1,A,1,34315,Jill,Stein,,WILL,2182,,
GE 2024,PRESIDENT AND VICE PRESIDENT,1,A,1,34315,Jill,Stein,,EDWARDS,1,,
GE 2024,PRESIDENT AND VICE PRESIDENT,1,A,1,34315,Jill,Stein,,CASS,0,,
GE 2024,PRESIDENT AND VICE PRESIDENT,1,A,1,34315,Jill,Stein,,HARDIN,0,,
GE 2024,PRESIDENT AND VICE PRESIDENT,1,A,1,34315,Jill,Stein,,UNION,2,,
GE 2024,PRESIDENT AND VICE PRESIDENT,1,A,1,34315,Jill,Stein,,FULTON,7,,
GE 2024,PRESIDENT AND VICE PRESIDENT,1,A,1,34315,Jill,Stein,,LAKE,1043,,
GE 2024,PRESIDENT AND VICE PRESIDENT,1,A,1,34315,Jill,Stein,,WASHINGTON,1,,
GE 2024,PRESIDENT AND VICE PRESIDENT,1,A,1,34315,Jill,Stein,,JERSEY,0,,
GE 2024,PRESIDENT AND VICE PRESIDENT,1,A,1,34315,Jill,Stein,,JOHNSON,0,,
GE 2024,PRESIDENT AND VICE PRESIDENT,1,A,1,34315,Jill,Stein,,SCHUYLER,1,,
GE 2024,PRESIDENT AND VICE PRESIDENT,1,A,1,34315,Jill,Stein,,SCOTT,0,,
GE 2024,PRESIDENT AND VICE PRESIDENT,1,A,1,34315,Jill,Stein,,PIKE,2,,
GE 2024,PRESIDENT AND VICE PRESIDENT,1,A,1,34315,Jill,Stein,,WHITE,3,,
GE 2024,PRESIDENT AND VICE PRESIDENT,1,A,1,34315,Jill,Stein,,CUMBERLAND,1,,
GE 2024,PRESIDENT AND VICE PRESIDENT,1,A,1,34315,Jill,Stein,,MONROE,5,,
GE 2024,PRESIDENT AND VICE PRESIDENT,1,A,1,34315,Jill,Stein,,MASSAC,0,,
GE 2024,PRESIDENT AND VICE PRESIDENT,1,A,1,34315,Jill,Stein,,IROQUOIS,9,,
GE 2024,PRESIDENT AND VICE PRESIDENT,1,A,1,34315,Jill,Stein,,JASPER,1,,
GE 2024,PRESIDENT AND VICE PRESIDENT,1,A,1,34315,Jill,Stein,,FRANKLIN,4,,
GE 2024,PRESIDENT AND VICE PRESIDENT,1,A,1,34315,Jill,Stein,,McHENRY,327,,
GE 2024,PRESIDENT AND VICE PRESIDENT,1,A,1,34315,Jill,Stein,,LaSALLE,42,,
GE 2024,PRESIDENT AND VICE PRESIDENT,1,A,1,34315,Jill,Stein,,PERRY,4,,
GE 2024,PRESIDENT AND VICE PRESIDENT,1,A,1,34315,Jill,Stein,,GALLATIN,0,,
GE 2024,PRESIDENT AND VICE PRESIDENT,1,A,1,34315,Jill,Stein,,WAYNE,8,,
GE 2024,PRESIDENT AND VICE PRESIDENT,1,A,1,34315,Jill,Stein,,CHAMPAIGN,612,,
GE 2024,PRESIDENT AND VICE PRESIDENT,1,A,1,34315,Jill,Stein,,JACKSON,95,,
GE 2024,PRESIDENT AND VICE PRESIDENT,1,A,1,34315,Jill,Stein,,DeKALB,81,,
GE 2024,PRESIDENT AND VICE PRESIDENT,1,A,1,34315,Jill,Stein,,JEFFERSON,13,,
GE 2024,PRESIDENT AND VICE PRESIDENT,1,A,1,34315,Jill,Stein,,MORGAN,13,,
GE 2024,PRESIDENT AND VICE PRESIDENT,1,A,1,34315,Jill,Stein,,RICHLAND,5,,
GE 2024,PRESIDENT AND VICE PRESIDENT,1,A,1,34315,Jill,Stein,,GRUNDY,28,,
GE 2024,PRESIDENT AND VICE PRESIDENT,1,A,1,34315,Jill,Stein,,ST. CLAIR,167,,
GE 2024,PRESIDENT AND VICE PRESIDENT,1,A,1,34315,Jill,Stein,,WARREN,10,,
GE 2024,PRESIDENT AND VICE PRESIDENT,1,A,1,34315,Jill,Stein,,WINNEBAGO,155,,
GE 2024,PRESIDENT AND VICE PRESIDENT,1,A,1,34315,Jill,Stein,,DuPAGE,6125,,
GE 2024,PRESIDENT AND VICE PRESIDENT,1,A,1,34315,Jill,Stein,,VERMILION,22,,
GE 2024,PRESIDENT AND VICE PRESIDENT,1,A,1,34315,Jill,Stein,,COOK,17708,,
GE 2024,PRESIDENT AND VICE PRESIDENT,1,A,1,34315,Jill,Stein,,McLEAN,166,,
GE 2024,PRESIDENT AND VICE PRESIDENT,1,A,1,34315,Jill,Stein,,FAYETTE,0,,
GE 2024,PRESIDENT AND VICE PRESIDENT,1,A,1,34315,Jill,Stein,,KNOX,13,,
GE 2024,PRESIDENT AND VICE PRESIDENT,1,A,1,34315,Jill,Stein,,MARION,3,,
GE 2024,PRESIDENT AND VICE PRESIDENT,1,A,1,34314,Heather Lynn,Stone,,CHRISTIAN,0,,
GE 2024,PRESIDENT AND VICE PRESIDENT,1,A,1,34314,Heather Lynn,Stone,,DeWITT,0,,
GE 2024,PRESIDENT AND VICE PRESIDENT,1,A,1,34314,Heather Lynn,Stone,,STEPHENSON,0,,
GE 2024,PRESIDENT AND VICE PRESIDENT,1,A,1,34315,Jill,Stein,,MOULTRIE,5,,
GE 2024,PRESIDENT AND VICE PRESIDENT,1,A,1,34315,Jill,Stein,,PULASKI,0,,
GE 2024,PRESIDENT AND VICE PRESIDENT,1,A,1,34315,Jill,Stein,,SHELBY,4,,
GE 2024,PRESIDENT AND VICE PRESIDENT,1,A,1,34314,Heather Lynn,Stone,,MARSHALL,0,,
GE 2024,PRESIDENT AND VICE PRESIDENT,1,A,1,34314,Heather Lynn,Stone,,HENDERSON,0,,
GE 2024,PRESIDENT AND VICE PRESIDENT,1,A,1,34314,Heather Lynn,Stone,,BROWN,0,,
GE 2024,PRESIDENT AND VICE PRESIDENT,1,A,1,34314,Heather Lynn,Stone,,PULASKI,0,,
GE 2024,PRESIDENT AND VICE PRESIDENT,1,A,1,34314,Heather Lynn,Stone,,WABASH,0,,
GE 2024,PRESIDENT AND VICE PRESIDENT,1,A,1,34314,Heather Lynn,Stone,,KANKAKEE,0,,
GE 2024,PRESIDENT AND VICE PRESIDENT,1,A,1,34314,Heather Lynn,Stone,,MONTGOMERY,0,,
GE 2024,PRESIDENT AND VICE PRESIDENT,1,A,1,34314,Heather Lynn,Stone,,SALINE,0,,
GE 2024,PRESIDENT AND VICE PRESIDENT,1,A,1,34314,Heather Lynn,Stone,,MACON,0,,
GE 2024,PRESIDENT AND VICE PRESIDENT,1,A,1,34314,Heather Lynn,Stone,,LOGAN,0,,
GE 2024,PRESIDENT AND VICE PRESIDENT,1,A,1,34314,Heather Lynn,Stone,,WILLIAMSON,0,,
GE 2024,PRESIDENT AND VICE PRESIDENT,1,A,1,34314,Heather Lynn,Stone,,RANDOLPH,0,,
GE 2024,PRESIDENT AND VICE PRESIDENT,1,A,1,34314,Heather Lynn,Stone,,CLAY,0,,
GE 2024,PRESIDENT AND VICE PRESIDENT,1,A,1,34314,Heather Lynn,Stone,,BOONE,0,,
GE 2024,PRESIDENT AND VICE PRESIDENT,1,A,1,34314,Heather Lynn,Stone,,SANGAMON,0,,
GE 2024,PRESIDENT AND VICE PRESIDENT,1,A,1,34314,Heather Lynn,Stone,,DOUGLAS,0,,
GE 2024,PRESIDENT AND VICE PRESIDENT,1,A,1,34314,Heather Lynn,Stone,,WOODFORD,0,,
GE 2024,PRESIDENT AND VICE PRESIDENT,1,A,1,34314,Heather Lynn,Stone,,HANCOCK,0,,
GE 2024,PRESIDENT AND VICE PRESIDENT,1,A,1,34314,Heather Lynn,Stone,,LAWRENCE,0,,
GE 2024,PRESIDENT AND VICE PRESIDENT,1,A,1,34314,Heather Lynn,Stone,,KANE,0,,
GE 2024,PRESIDENT AND VICE PRESIDENT,1,A,1,34314,Heather Lynn,Stone,,BUREAU,0,,
GE 2024,PRESIDENT AND VICE PRESIDENT,1,A,1,34314,Heather Lynn,Stone,,ADAMS,0,,
GE 2024,PRESIDENT AND VICE PRESIDENT,1,A,1,34314,Heather Lynn,Stone,,MERCER,0,,
GE 2024,PRESIDENT AND VICE PRESIDENT,1,A,1,34314,Heather Lynn,Stone,,ALEXANDER,0,,
GE 2024,PRESIDENT AND VICE PRESIDENT,1,A,1,34314,Heather Lynn,Stone,,MACOUPIN,0,,
GE 2024,PRESIDENT AND VICE PRESIDENT,1,A,1,34314,Heather Lynn,Stone,,BOND,0,,
GE 2024,PRESIDENT AND VICE PRESIDENT,1,A,1,34314,Heather Lynn,Stone,,CLARK,0,,
GE 2024,PRESIDENT AND VICE PRESIDENT,1,A,1,34314,Heather Lynn,Stone,,ROCK ISLAND,0,,
GE 2024,PRESIDENT AND VICE PRESIDENT,1,A,1,34314,Heather Lynn,Stone,,PIATT,0,,
GE 2024,PRESIDENT AND VICE PRESIDENT,1,A,1,34314,Heather Lynn,Stone,,MENARD,0,,
GE 2024,PRESIDENT AND VICE PRESIDENT,1,A,1,34314,Heather Lynn,Stone,,FORD,0,,
GE 2024,PRESIDENT AND VICE PRESIDENT,1,A,1,34314,Heather Lynn,Stone,,LEE,0,,
GE 2024,PRESIDENT AND VICE PRESIDENT,1,A,1,34314,Heather Lynn,Stone,,COLES,0,,
GE 2024,PRESIDENT AND VICE PRESIDENT,1,A,1,34314,Heather Lynn,Stone,,JoDAVIESS,0,,
GE 2024,PRESIDENT AND VICE PRESIDENT,1,A,1,34314,Heather Lynn,Stone,,HENRY,0,,
GE 2024,PRESIDENT AND VICE PRESIDENT,1,A,1,34314,Heather Lynn,Stone,,POPE,0,,
GE 2024,PRESIDENT AND VICE PRESIDENT,1,A,1,34314,Heather Lynn,Stone,,JERSEY,0,,
GE 2024,PRESIDENT AND VICE PRESIDENT,1,A,1,34314,Heather Lynn,Stone,,FULTON,0,,
GE 2024,PRESIDENT AND VICE PRESIDENT,1,A,1,34314,Heather Lynn,Stone,,SCOTT,0,,
GE 2024,PRESIDENT AND VICE PRESIDENT,1,A,1,34314,Heather Lynn,Stone,,CARROLL,0,,
GE 2024,PRESIDENT AND VICE PRESIDENT,1,A,1,34314,Heather Lynn,Stone,,MASON,0,,
GE 2024,PRESIDENT AND VICE PRESIDENT,1,A,1,34314,Heather Lynn,Stone,,EDGAR,0,,
GE 2024,PRESIDENT AND VICE PRESIDENT,1,A,1,34314,Heather Lynn,Stone,,CUMBERLAND,0,,
GE 2024,PRESIDENT AND VICE PRESIDENT,1,A,1,34314,Heather Lynn,Stone,,LAKE,0,,
GE 2024,PRESIDENT AND VICE PRESIDENT,1,A,1,34314,Heather Lynn,Stone,,MONROE,0,,
GE 2024,PRESIDENT AND VICE PRESIDENT,1,A,1,34314,Heather Lynn,Stone,,HARDIN,0,,
GE 2024,PRESIDENT AND VICE PRESIDENT,1,A,1,34314,Heather Lynn,Stone,,EDWARDS,0,,
GE 2024,PRESIDENT AND VICE PRESIDENT,1,A,1,34314,Heather Lynn,Stone,,WILL,0,,
GE 2024,PRESIDENT AND VICE PRESIDENT,1,A,1,34314,Heather Lynn,Stone,,CLINTON,0,,
GE 2024,PRESIDENT AND VICE PRESIDENT,1,A,1,34314,Heather Lynn,Stone,,IROQUOIS,0,,
GE 2024,PRESIDENT AND VICE PRESIDENT,1,A,1,34314,Heather Lynn,Stone,,OGLE,0,,
GE 2024,PRESIDENT AND VICE PRESIDENT,1,A,1,34314,Heather Lynn,Stone,,CRAWFORD,0,,
GE 2024,PRESIDENT AND VICE PRESIDENT,1,A,1,34314,Heather Lynn,Stone,,GREENE,0,,
GE 2024,PRESIDENT AND VICE PRESIDENT,1,A,1,34314,Heather Lynn,Stone,,WHITE,0,,
GE 2024,PRESIDENT AND VICE PRESIDENT,1,A,1,34314,Heather Lynn,Stone,,KENDALL,0,,
GE 2024,PRESIDENT AND VICE PRESIDENT,1,A,1,34314,Heather Lynn,Stone,,SCHUYLER,0,,
GE 2024,PRESIDENT AND VICE PRESIDENT,1,A,1,34314,Heather Lynn,Stone,,LaSALLE,0,,
GE 2024,PRESIDENT AND VICE PRESIDENT,1,A,1,34314,Heather Lynn,Stone,,MASSAC,0,,
GE 2024,PRESIDENT AND VICE PRESIDENT,1,A,1,34314,Heather Lynn,Stone,,EFFINGHAM,0,,
GE 2024,PRESIDENT AND VICE PRESIDENT,1,A,1,34314,Heather Lynn,Stone,,JASPER,0,,
GE 2024,PRESIDENT AND VICE PRESIDENT,1,A,1,34314,Heather Lynn,Stone,,JACKSON,0,,
GE 2024,PRESIDENT AND VICE PRESIDENT,1,A,1,34314,Heather Lynn,Stone,,McDONOUGH,0,,
GE 2024,PRESIDENT AND VICE PRESIDENT,1,A,1,34314,Heather Lynn,Stone,,WASHINGTON,0,,
GE 2024,PRESIDENT AND VICE PRESIDENT,1,A,1,34314,Heather Lynn,Stone,,LIVINGSTON,0,,
GE 2024,PRESIDENT AND VICE PRESIDENT,1,A,1,34314,Heather Lynn,Stone,,SHELBY,0,,
GE 2024,PRESIDENT AND VICE PRESIDENT,1,A,1,34314,Heather Lynn,Stone,,PEORIA,0,,
GE 2024,PRESIDENT AND VICE PRESIDENT,1,A,1,34314,Heather Lynn,Stone,,MORGAN,0,,
GE 2024,PRESIDENT AND VICE PRESIDENT,1,A,1,34314,Heather Lynn,Stone,,PERRY,0,,
GE 2024,PRESIDENT AND VICE PRESIDENT,1,A,1,34314,Heather Lynn,Stone,,PUTNAM,0,,
GE 2024,PRESIDENT AND VICE PRESIDENT,1,A,1,34314,Heather Lynn,Stone,,TAZEWELL,0,,
GE 2024,PRESIDENT AND VICE PRESIDENT,1,A,1,34314,Heather Lynn,Stone,,CHAMPAIGN,0,,
GE 2024,PRESIDENT AND VICE PRESIDENT,1,A,1,34314,Heather Lynn,Stone,,ST. CLAIR,0,,
GE 2024,PRESIDENT AND VICE PRESIDENT,1,A,1,34314,Heather Lynn,Stone,,GRUNDY,0,,
GE 2024,PRESIDENT AND VICE PRESIDENT,1,A,1,34314,Heather Lynn,Stone,,WARREN,0,,
GE 2024,PRESIDENT AND VICE PRESIDENT,1,A,1,34314,Heather Lynn,Stone,,RICHLAND,0,,
GE 2024,PRESIDENT AND VICE PRESIDENT,1,A,1,34314,Heather Lynn,Stone,,JOHNSON,0,,
GE 2024,PRESIDENT AND VICE PRESIDENT,1,A,1,34314,Heather Lynn,Stone,,WINNEBAGO,0,,
GE 2024,PRESIDENT AND VICE PRESIDENT,1,A,1,34314,Heather Lynn,Stone,,MADISON,0,,
GE 2024,PRESIDENT AND VICE PRESIDENT,1,A,1,34314,Heather Lynn,Stone,,GALLATIN,0,,
GE 2024,PRESIDENT AND VICE PRESIDENT,1,A,1,34314,Heather Lynn,Stone,,VERMILION,0,,
GE 2024,PRESIDENT AND VICE PRESIDENT,1,A,1,34314,Heather Lynn,Stone,,DeKALB,0,,
GE 2024,PRESIDENT AND VICE PRESIDENT,1,A,1,34314,Heather Lynn,Stone,,FRANKLIN,0,,
GE 2024,PRESIDENT AND VICE PRESIDENT,1,A,1,34314,Heather Lynn,Stone,,CASS,0,,
GE 2024,PRESIDENT AND VICE PRESIDENT,1,A,1,34314,Heather Lynn,Stone,,UNION,0,,
GE 2024,PRESIDENT AND VICE PRESIDENT,1,A,1,34314,Heather Lynn,Stone,,FAYETTE,0,,
GE 2024,PRESIDENT AND VICE PRESIDENT,1,A,1,34314,Heather Lynn,Stone,,KNOX,0,,
GE 2024,PRESIDENT AND VICE PRESIDENT,1,A,1,34314,Heather Lynn,Stone,,MARION,0,,
GE 2024,PRESIDENT AND VICE PRESIDENT,1,A,1,34314,Heather Lynn,Stone,,JEFFERSON,0,,
GE 2024,PRESIDENT AND VICE PRESIDENT,1,A,1,34314,Heather Lynn,Stone,,PIKE,0,,
GE 2024,PRESIDENT AND VICE PRESIDENT,1,A,1,34314,Heather Lynn,Stone,,McHENRY,0,,
GE 2024,PRESIDENT AND VICE PRESIDENT,1,A,1,34313,Cornel,West,,BOND,1,,
GE 2024,PRESIDENT AND VICE PRESIDENT,1,A,1,34313,Cornel,West,,STEPHENSON,2,,
GE 2024,PRESIDENT AND VICE PRESIDENT,1,A,1,34314,Heather Lynn,Stone,,MOULTRIE,0,,
GE 2024,PRESIDENT AND VICE PRESIDENT,1,A,1,34314,Heather Lynn,Stone,,DuPAGE,0,,
GE 2024,PRESIDENT AND VICE PRESIDENT,1,A,1,34314,Heather Lynn,Stone,,COOK,25,,
GE 2024,PRESIDENT AND VICE PRESIDENT,1,A,1,34314,Heather Lynn,Stone,,McLEAN,5,,
GE 2024,PRESIDENT AND VICE PRESIDENT,1,A,1,34313,Cornel,West,,CLINTON,2,,
GE 2024,PRESIDENT AND VICE PRESIDENT,1,A,1,34313,Cornel,West,,PIATT,1,,
GE 2024,PRESIDENT AND VICE PRESIDENT,1,A,1,34313,Cornel,West,,KANKAKEE,2,,
GE 2024,PRESIDENT AND VICE PRESIDENT,1,A,1,34313,Cornel,West,,CHRISTIAN,0,,
GE 2024,PRESIDENT AND VICE PRESIDENT,1,A,1,34313,Cornel,West,,WILLIAMSON,2,,
GE 2024,PRESIDENT AND VICE PRESIDENT,1,A,1,34313,Cornel,West,,DeWITT,0,,
GE 2024,PRESIDENT AND VICE PRESIDENT,1,A,1,34313,Cornel,West,,DOUGLAS,0,,
GE 2024,PRESIDENT AND VICE PRESIDENT,1,A,1,34313,Cornel,West,,CALHOUN,0,,
GE 2024,PRESIDENT AND VICE PRESIDENT,1,A,1,34313,Cornel,West,,LOGAN,1,,
GE 2024,PRESIDENT AND VICE PRESIDENT,1,A,1,34313,Cornel,West,,RANDOLPH,0,,
GE 2024,PRESIDENT AND VICE PRESIDENT,1,A,1,34313,Cornel,West,,CARROLL,1,,
GE 2024,PRESIDENT AND VICE PRESIDENT,1,A,1,34313,Cornel,West,,MARSHALL,0,,
GE 2024,PRESIDENT AND VICE PRESIDENT,1,A,1,34313,Cornel,West,,MACON,11,,
GE 2024,PRESIDENT AND VICE PRESIDENT,1,A,1,34313,Cornel,West,,COLES,2,,
GE 2024,PRESIDENT AND VICE PRESIDENT,1,A,1,34313,Cornel,West,,HAMILTON,0,,
GE 2024,PRESIDENT AND VICE PRESIDENT,1,A,1,34313,Cornel,West,,HENDERSON,0,,
GE 2024,PRESIDENT AND VICE PRESIDENT,1,A,1,34313,Cornel,West,,BROWN,0,,
GE 2024,PRESIDENT AND VICE PRESIDENT,1,A,1,34313,Cornel,West,,WHITESIDE,0,,
GE 2024,PRESIDENT AND VICE PRESIDENT,1,A,1,34313,Cornel,West,,CLAY,0,,
GE 2024,PRESIDENT AND VICE PRESIDENT,1,A,1,34313,Cornel,West,,BOONE,3,,
GE 2024,PRESIDENT AND VICE PRESIDENT,1,A,1,34313,Cornel,West,,WOODFORD,0,,
GE 2024,PRESIDENT AND VICE PRESIDENT,1,A,1,34313,Cornel,West,,SALINE,3,,
GE 2024,PRESIDENT AND VICE PRESIDENT,1,A,1,34313,Cornel,West,,FORD,0,,
GE 2024,PRESIDENT AND VICE PRESIDENT,1,A,1,34313,Cornel,West,,HANCOCK,0,,
GE 2024,PRESIDENT AND VICE PRESIDENT,1,A,1,34313,Cornel,West,,MADISON,22,,
GE 2024,PRESIDENT AND VICE PRESIDENT,1,A,1,34313,Cornel,West,,KANE,51,,
GE 2024,PRESIDENT AND VICE PRESIDENT,1,A,1,34313,Cornel,West,,MENARD,0,,
GE 2024,PRESIDENT AND VICE PRESIDENT,1,A,1,34313,Cornel,West,,ADAMS,0,,
GE 2024,PRESIDENT AND VICE PRESIDENT,1,A,1,34313,Cornel,West,,MERCER,0,,
GE 2024,PRESIDENT AND VICE PRESIDENT,1,A,1,34313,Cornel,West,,ALEXANDER,0,,
GE 2024,PRESIDENT AND VICE PRESIDENT,1,A,1,34313,Cornel,West,,KENDALL,15,,
GE 2024,PRESIDENT AND VICE PRESIDENT,1,A,1,34313,Cornel,West,,LEE,0,,
GE 2024,PRESIDENT AND VICE PRESIDENT,1,A,1,34313,Cornel,West,,HENRY,1,,
GE 2024,PRESIDENT AND VICE PRESIDENT,1,A,1,34313,Cornel,West,,SANGAMON,28,,
GE 2024,PRESIDENT AND VICE PRESIDENT,1,A,1,34313,Cornel,West,,ROCK ISLAND,19,,
GE 2024,PRESIDENT AND VICE PRESIDENT,1,A,1,34313,Cornel,West,,LAWRENCE,0,,
GE 2024,PRESIDENT AND VICE PRESIDENT,1,A,1,34313,Cornel,West,,CRAWFORD,0,,
GE 2024,PRESIDENT AND VICE PRESIDENT,1,A,1,34313,Cornel,West,,PEORIA,27,,
GE 2024,PRESIDENT AND VICE PRESIDENT,1,A,1,34313,Cornel,West,,BUREAU,0,,
GE 2024,PRESIDENT AND VICE PRESIDENT,1,A,1,34313,Cornel,West,,OGLE,2,,
GE 2024,PRESIDENT AND VICE PRESIDENT,1,A,1,34313,Cornel,West,,CLARK,0,,
GE 2024,PRESIDENT AND VICE PRESIDENT,1,A,1,34313,Cornel,West,,PUTNAM,0,,
GE 2024,PRESIDENT AND VICE PRESIDENT,1,A,1,34313,Cornel,West,,EDWARDS,0,,
GE 2024,PRESIDENT AND VICE PRESIDENT,1,A,1,34313,Cornel,West,,CASS,0,,
GE 2024,PRESIDENT AND VICE PRESIDENT,1,A,1,34313,Cornel,West,,JoDAVIESS,3,,
GE 2024,PRESIDENT AND VICE PRESIDENT,1,A,1,34313,Cornel,West,,POPE,0,,
GE 2024,PRESIDENT AND VICE PRESIDENT,1,A,1,34313,Cornel,West,,EFFINGHAM,2,,
GE 2024,PRESIDENT AND VICE PRESIDENT,1,A,1,34313,Cornel,West,,MACOUPIN,2,,
GE 2024,PRESIDENT AND VICE PRESIDENT,1,A,1,34313,Cornel,West,,FULTON,0,,
GE 2024,PRESIDENT AND VICE PRESIDENT,1,A,1,34313,Cornel,West,,SCOTT,0,,
GE 2024,PRESIDENT AND VICE PRESIDENT,1,A,1,34313,Cornel,West,,MASON,0,,
GE 2024,PRESIDENT AND VICE PRESIDENT,1,A,1,34313,Cornel,West,,EDGAR,0,,
GE 2024,PRESIDENT AND VICE PRESIDENT,1,A,1,34313,Cornel,West,,McDONOUGH,1,,
GE 2024,PRESIDENT AND VICE PRESIDENT,1,A,1,34313,Cornel,West,,WILL,71,,
GE 2024,PRESIDENT AND VICE PRESIDENT,1,A,1,34313,Cornel,West,,MASSAC,0,,
GE 2024,PRESIDENT AND VICE PRESIDENT,1,A,1,34313,Cornel,West,,IROQUOIS,2,,
GE 2024,PRESIDENT AND VICE PRESIDENT,1,A,1,34313,Cornel,West,,HARDIN,1,,
GE 2024,PRESIDENT AND VICE PRESIDENT,1,A,1,34313,Cornel,West,,UNION,0,,
GE 2024,PRESIDENT AND VICE PRESIDENT,1,A,1,34313,Cornel,West,,LAKE,73,,
GE 2024,PRESIDENT AND VICE PRESIDENT,1,A,1,34313,Cornel,West,,JERSEY,0,,
GE 2024,PRESIDENT AND VICE PRESIDENT,1,A,1,34313,Cornel,West,,LaSALLE,3,,
GE 2024,PRESIDENT AND VICE PRESIDENT,1,A,1,34313,Cornel,West,,GALLATIN,0,,
GE 2024,PRESIDENT AND VICE PRESIDENT,1,A,1,34313,Cornel,West,,GREENE,0,,
GE 2024,PRESIDENT AND VICE PRESIDENT,1,A,1,34313,Cornel,West,,WHITE,0,,
GE 2024,PRESIDENT AND VICE PRESIDENT,1,A,1,34313,Cornel,West,,CUMBERLAND,0,,
GE 2024,PRESIDENT AND VICE PRESIDENT,1,A,1,34313,Cornel,West,,MONROE,0,,
GE 2024,PRESIDENT AND VICE PRESIDENT,1,A,1,34313,Cornel,West,,WASHINGTON,0,,
GE 2024,PRESIDENT AND VICE PRESIDENT,1,A,1,34313,Cornel,West,,DeKALB,4,,
GE 2024,PRESIDENT AND VICE PRESIDENT,1,A,1,34313,Cornel,West,,JASPER,0,,
GE 2024,PRESIDENT AND VICE PRESIDENT,1,A,1,34313,Cornel,West,,LIVINGSTON,0,,
GE 2024,PRESIDENT AND VICE PRESIDENT,1,A,1,34313,Cornel,West,,SHELBY,0,,
GE 2024,PRESIDENT AND VICE PRESIDENT,1,A,1,34313,Cornel,West,,McHENRY,34,,
GE 2024,PRESIDENT AND VICE PRESIDENT,1,A,1,34313,Cornel,West,,FRANKLIN,0,,
GE 2024,PRESIDENT AND VICE PRESIDENT,1,A,1,34313,Cornel,West,,RICHLAND,0,,
GE 2024,PRESIDENT AND VICE PRESIDENT,1,A,1,34313,Cornel,West,,WAYNE,0,,
GE 2024,PRESIDENT AND VICE PRESIDENT,1,A,1,34313,Cornel,West,,SCHUYLER,0,,
GE 2024,PRESIDENT AND VICE PRESIDENT,1,A,1,34313,Cornel,West,,CHAMPAIGN,52,,
GE 2024,PRESIDENT AND VICE PRESIDENT,1,A,1,34313,Cornel,West,,JACKSON,8,,
GE 2024,PRESIDENT AND VICE PRESIDENT,1,A,1,34313,Cornel,West,,PIKE,0,,
GE 2024,PRESIDENT AND VICE PRESIDENT,1,A,1,34313,Cornel,West,,DuPAGE,155,,
GE 2024,PRESIDENT AND VICE PRESIDENT,1,A,1,34313,Cornel,West,,JOHNSON,0,,
GE 2024,PRESIDENT AND VICE PRESIDENT,1,A,1,34313,Cornel,West,,JEFFERSON,1,,
GE 2024,PRESIDENT AND VICE PRESIDENT,1,A,1,34313,Cornel,West,,MORGAN,2,,
GE 2024,PRESIDENT AND VICE PRESIDENT,1,A,1,34313,Cornel,West,,PERRY,0,,
GE 2024,PRESIDENT AND VICE PRESIDENT,1,A,1,34313,Cornel,West,,KNOX,0,,
GE 2024,PRESIDENT AND VICE PRESIDENT,1,A,1,34313,Cornel,West,,MARION,0,,
GE 2024,PRESIDENT AND VICE PRESIDENT,1,A,1,34313,Cornel,West,,GRUNDY,2,,
GE 2024,PRESIDENT AND VICE PRESIDENT,1,A,1,34313,Cornel,West,,ST. CLAIR,32,,
GE 2024,PRESIDENT AND VICE PRESIDENT,1,A,1,34313,Cornel,West,,WARREN,0,,
GE 2024,PRESIDENT AND VICE PRESIDENT,1,A,1,34313,Cornel,West,,WINNEBAGO,13,,
GE 2024,PRESIDENT AND VICE PRESIDENT,1,A,1,34313,Cornel,West,,MONTGOMERY,0,,
GE 2024,PRESIDENT AND VICE PRESIDENT,1,A,1,34313,Cornel,West,,WABASH,0,,
GE 2024,PRESIDENT AND VICE PRESIDENT,1,A,1,34313,Cornel,West,,VERMILION,0,,
GE 2024,PRESIDENT AND VICE PRESIDENT,1,A,1,34313,Cornel,West,,COOK,893,,
GE 2024,PRESIDENT AND VICE PRESIDENT,1,A,1,34313,Cornel,West,,McLEAN,16,,
GE 2024,PRESIDENT AND VICE PRESIDENT,1,A,1,34313,Cornel,West,,FAYETTE,0,,
GE 2024,PRESIDENT AND VICE PRESIDENT,1,A,1,34312,Cherunda,Fox,,DeWITT,0,,
GE 2024,PRESIDENT AND VICE PRESIDENT,1,A,1,34312,Cherunda,Fox,,BOND,0,,
GE 2024,PRESIDENT AND VICE PRESIDENT,1,A,1,34312,Cherunda,Fox,,STEPHENSON,0,,
GE 2024,PRESIDENT AND VICE PRESIDENT,1,A,1,34313,Cornel,West,,MOULTRIE,0,,
GE 2024,PRESIDENT AND VICE PRESIDENT,1,A,1,34313,Cornel,West,,PULASKI,3,,
GE 2024,PRESIDENT AND VICE PRESIDENT,1,A,1,34313,Cornel,West,,TAZEWELL,0,,
GE 2024,PRESIDENT AND VICE PRESIDENT,1,A,1,34312,Cherunda,Fox,,CARROLL,0,,
GE 2024,PRESIDENT AND VICE PRESIDENT,1,A,1,34312,Cherunda,Fox,,MARSHALL,0,,
GE 2024,PRESIDENT AND VICE PRESIDENT,1,A,1,34312,Cherunda,Fox,,CLINTON,0,,
GE 2024,PRESIDENT AND VICE PRESIDENT,1,A,1,34312,Cherunda,Fox,,KANKAKEE,0,,
GE 2024,PRESIDENT AND VICE PRESIDENT,1,A,1,34312,Cherunda,Fox,,CHRISTIAN,0,,
GE 2024,PRESIDENT AND VICE PRESIDENT,1,A,1,34312,Cherunda,Fox,,WILLIAMSON,0,,
GE 2024,PRESIDENT AND VICE PRESIDENT,1,A,1,34312,Cherunda,Fox,,BROWN,0,,
GE 2024,PRESIDENT AND VICE PRESIDENT,1,A,1,34312,Cherunda,Fox,,WHITESIDE,0,,
GE 2024,PRESIDENT AND VICE PRESIDENT,1,A,1,34312,Cherunda,Fox,,DOUGLAS,0,,
GE 2024,PRESIDENT AND VICE PRESIDENT,1,A,1,34312,Cherunda,Fox,,LOGAN,0,,
GE 2024,PRESIDENT AND VICE PRESIDENT,1,A,1,34312,Cherunda,Fox,,RANDOLPH,0,,
GE 2024,PRESIDENT AND VICE PRESIDENT,1,A,1,34312,Cherunda,Fox,,LIVINGSTON,0,,
GE 2024,PRESIDENT AND VICE PRESIDENT,1,A,1,34312,Cherunda,Fox,,HANCOCK,0,,
GE 2024,PRESIDENT AND VICE PRESIDENT,1,A,1,34312,Cherunda,Fox,,SALINE,0,,
GE 2024,PRESIDENT AND VICE PRESIDENT,1,A,1,34312,Cherunda,Fox,,MACON,0,,
GE 2024,PRESIDENT AND VICE PRESIDENT,1,A,1,34312,Cherunda,Fox,,PIATT,0,,
GE 2024,PRESIDENT AND VICE PRESIDENT,1,A,1,34312,Cherunda,Fox,,HAMILTON,0,,
GE 2024,PRESIDENT AND VICE PRESIDENT,1,A,1,34312,Cherunda,Fox,,HENDERSON,0,,
GE 2024,PRESIDENT AND VICE PRESIDENT,1,A,1,34312,Cherunda,Fox,,CLAY,0,,
GE 2024,PRESIDENT AND VICE PRESIDENT,1,A,1,34312,Cherunda,Fox,,BOONE,0,,
GE 2024,PRESIDENT AND VICE PRESIDENT,1,A,1,34312,Cherunda,Fox,,SANGAMON,0,,
GE 2024,PRESIDENT AND VICE PRESIDENT,1,A,1,34312,Cherunda,Fox,,CALHOUN,0,,
GE 2024,PRESIDENT AND VICE PRESIDENT,1,A,1,34312,Cherunda,Fox,,WOODFORD,0,,
GE 2024,PRESIDENT AND VICE PRESIDENT,1,A,1,34312,Cherunda,Fox,,FORD,0,,
GE 2024,PRESIDENT AND VICE PRESIDENT,1,A,1,34312,Cherunda,Fox,,KANE,0,,
GE 2024,PRESIDENT AND VICE PRESIDENT,1,A,1,34312,Cherunda,Fox,,BUREAU,0,,
GE 2024,PRESIDENT AND VICE PRESIDENT,1,A,1,34312,Cherunda,Fox,,OGLE,0,,
GE 2024,PRESIDENT AND VICE PRESIDENT,1,A,1,34312,Cherunda,Fox,,MENARD,0,,
GE 2024,PRESIDENT AND VICE PRESIDENT,1,A,1,34312,Cherunda,Fox,,ADAMS,0,,
GE 2024,PRESIDENT AND VICE PRESIDENT,1,A,1,34312,Cherunda,Fox,,MERCER,0,,
GE 2024,PRESIDENT AND VICE PRESIDENT,1,A,1,34312,Cherunda,Fox,,LEE,0,,
GE 2024,PRESIDENT AND VICE PRESIDENT,1,A,1,34312,Cherunda,Fox,,JoDAVIESS,0,,
GE 2024,PRESIDENT AND VICE PRESIDENT,1,A,1,34312,Cherunda,Fox,,HENRY,0,,
GE 2024,PRESIDENT AND VICE PRESIDENT,1,A,1,34312,Cherunda,Fox,,ROCK ISLAND,0,,
GE 2024,PRESIDENT AND VICE PRESIDENT,1,A,1,34312,Cherunda,Fox,,LAWRENCE,0,,
GE 2024,PRESIDENT AND VICE PRESIDENT,1,A,1,34312,Cherunda,Fox,,MADISON,0,,
GE 2024,PRESIDENT AND VICE PRESIDENT,1,A,1,34312,Cherunda,Fox,,CRAWFORD,0,,
GE 2024,PRESIDENT AND VICE PRESIDENT,1,A,1,34312,Cherunda,Fox,,PEORIA,0,,
GE 2024,PRESIDENT AND VICE PRESIDENT,1,A,1,34312,Cherunda,Fox,,MASON,0,,
GE 2024,PRESIDENT AND VICE PRESIDENT,1,A,1,34312,Cherunda,Fox,,CLARK,0,,
GE 2024,PRESIDENT AND VICE PRESIDENT,1,A,1,34312,Cherunda,Fox,,PUTNAM,0,,
GE 2024,PRESIDENT AND VICE PRESIDENT,1,A,1,34312,Cherunda,Fox,,KENDALL,0,,
GE 2024,PRESIDENT AND VICE PRESIDENT,1,A,1,34312,Cherunda,Fox,,CASS,0,,
GE 2024,PRESIDENT AND VICE PRESIDENT,1,A,1,34312,Cherunda,Fox,,COLES,0,,
GE 2024,PRESIDENT AND VICE PRESIDENT,1,A,1,34312,Cherunda,Fox,,HARDIN,0,,
GE 2024,PRESIDENT AND VICE PRESIDENT,1,A,1,34312,Cherunda,Fox,,POPE,0,,
GE 2024,PRESIDENT AND VICE PRESIDENT,1,A,1,34312,Cherunda,Fox,,EFFINGHAM,0,,
GE 2024,PRESIDENT AND VICE PRESIDENT,1,A,1,34312,Cherunda,Fox,,MACOUPIN,0,,
GE 2024,PRESIDENT AND VICE PRESIDENT,1,A,1,34312,Cherunda,Fox,,SCOTT,0,,
GE 2024,PRESIDENT AND VICE PRESIDENT,1,A,1,34312,Cherunda,Fox,,GREENE,0,,
GE 2024,PRESIDENT AND VICE PRESIDENT,1,A,1,34312,Cherunda,Fox,,WHITE,0,,
GE 2024,PRESIDENT AND VICE PRESIDENT,1,A,1,34312,Cherunda,Fox,,EDGAR,0,,
GE 2024,PRESIDENT AND VICE PRESIDENT,1,A,1,34312,Cherunda,Fox,,WILL,0,,
GE 2024,PRESIDENT AND VICE PRESIDENT,1,A,1,34312,Cherunda,Fox,,EDWARDS,0,,
GE 2024,PRESIDENT AND VICE PRESIDENT,1,A,1,34312,Cherunda,Fox,,JASPER,0,,
GE 2024,PRESIDENT AND VICE PRESIDENT,1,A,1,34312,Cherunda,Fox,,IROQUOIS,0,,
GE 2024,PRESIDENT AND VICE PRESIDENT,1,A,1,34312,Cherunda,Fox,,SHELBY,0,,
GE 2024,PRESIDENT AND VICE PRESIDENT,1,A,1,34312,Cherunda,Fox,,LAKE,0,,
GE 2024,PRESIDENT AND VICE PRESIDENT,1,A,1,34312,Cherunda,Fox,,JERSEY,0,,
GE 2024,PRESIDENT AND VICE PRESIDENT,1,A,1,34312,Cherunda,Fox,,FULTON,0,,
GE 2024,PRESIDENT AND VICE PRESIDENT,1,A,1,34312,Cherunda,Fox,,SCHUYLER,0,,
GE 2024,PRESIDENT AND VICE PRESIDENT,1,A,1,34312,Cherunda,Fox,,CHAMPAIGN,0,,
GE 2024,PRESIDENT AND VICE PRESIDENT,1,A,1,34312,Cherunda,Fox,,ST. CLAIR,0,,
GE 2024,PRESIDENT AND VICE PRESIDENT,1,A,1,34312,Cherunda,Fox,,CUMBERLAND,0,,
GE 2024,PRESIDENT AND VICE PRESIDENT,1,A,1,34312,Cherunda,Fox,,MONROE,0,,
GE 2024,PRESIDENT AND VICE PRESIDENT,1,A,1,34312,Cherunda,Fox,,MASSAC,0,,
GE 2024,PRESIDENT AND VICE PRESIDENT,1,A,1,34312,Cherunda,Fox,,DeKALB,0,,
GE 2024,PRESIDENT AND VICE PRESIDENT,1,A,1,34312,Cherunda,Fox,,JOHNSON,0,,
GE 2024,PRESIDENT AND VICE PRESIDENT,1,A,1,34312,Cherunda,Fox,,WINNEBAGO,0,,
GE 2024,PRESIDENT AND VICE PRESIDENT,1,A,1,34312,Cherunda,Fox,,McHENRY,0,,
GE 2024,PRESIDENT AND VICE PRESIDENT,1,A,1,34312,Cherunda,Fox,,LaSALLE,0,,
GE 2024,PRESIDENT AND VICE PRESIDENT,1,A,1,34312,Cherunda,Fox,,GALLATIN,0,,
GE 2024,PRESIDENT AND VICE PRESIDENT,1,A,1,34312,Cherunda,Fox,,FRANKLIN,0,,
GE 2024,PRESIDENT AND VICE PRESIDENT,1,A,1,34312,Cherunda,Fox,,RICHLAND,0,,
GE 2024,PRESIDENT AND VICE PRESIDENT,1,A,1,34312,Cherunda,Fox,,UNION,0,,
GE 2024,PRESIDENT AND VICE PRESIDENT,1,A,1,34312,Cherunda,Fox,,JACKSON,0,,
GE 2024,PRESIDENT AND VICE PRESIDENT,1,A,1,34312,Cherunda,Fox,,McDONOUGH,0,,
GE 2024,PRESIDENT AND VICE PRESIDENT,1,A,1,34312,Cherunda,Fox,,WASHINGTON,0,,
GE 2024,PRESIDENT AND VICE PRESIDENT,1,A,1,34312,Cherunda,Fox,,DuPAGE,0,,
GE 2024,PRESIDENT AND VICE PRESIDENT,1,A,1,34312,Cherunda,Fox,,VERMILION,0,,
GE 2024,PRESIDENT AND VICE PRESIDENT,1,A,1,34312,Cherunda,Fox,,COOK,3,,
GE 2024,PRESIDENT AND VICE PRESIDENT,1,A,1,34312,Cherunda,Fox,,JEFFERSON,0,,
GE 2024,PRESIDENT AND VICE PRESIDENT,1,A,1,34312,Cherunda,Fox,,MORGAN,0,,
GE 2024,PRESIDENT AND VICE PRESIDENT,1,A,1,34312,Cherunda,Fox,,PERRY,0,,
GE 2024,PRESIDENT AND VICE PRESIDENT,1,A,1,34312,Cherunda,Fox,,FAYETTE,0,,
GE 2024,PRESIDENT AND VICE PRESIDENT,1,A,1,34312,Cherunda,Fox,,KNOX,0,,
GE 2024,PRESIDENT AND VICE PRESIDENT,1,A,1,34312,Cherunda,Fox,,MARION,0,,
GE 2024,PRESIDENT AND VICE PRESIDENT,1,A,1,34312,Cherunda,Fox,,GRUNDY,0,,
GE 2024,PRESIDENT AND VICE PRESIDENT,1,A,1,34312,Cherunda,Fox,,WARREN,0,,
GE 2024,PRESIDENT AND VICE PRESIDENT,1,A,1,34312,Cherunda,Fox,,PIKE,0,,
GE 2024,PRESIDENT AND VICE PRESIDENT,1,A,1,34312,Cherunda,Fox,,PULASKI,0,,
GE 2024,PRESIDENT AND VICE PRESIDENT,1,A,1,34312,Cherunda,Fox,,STARK,0,,
GE 2024,PRESIDENT AND VICE PRESIDENT,1,A,1,34312,Cherunda,Fox,,TAZEWELL,0,,
GE 2024,PRESIDENT AND VICE PRESIDENT,1,A,1,34312,Cherunda,Fox,,MONTGOMERY,0,,
GE 2024,PRESIDENT AND VICE PRESIDENT,1,A,1,34312,Cherunda,Fox,,WABASH,0,,
GE 2024,PRESIDENT AND VICE PRESIDENT,1,A,1,34312,Cherunda,Fox,,McLEAN,0,,
GE 2024,PRESIDENT AND VICE PRESIDENT,1,A,1,34311,Chase,Oliver,,DeWITT,17,,
GE 2024,PRESIDENT AND VICE PRESIDENT,1,A,1,34311,Chase,Oliver,,DOUGLAS,1,,
GE 2024,PRESIDENT AND VICE PRESIDENT,1,A,1,34311,Chase,Oliver,,BOND,2,,
GE 2024,PRESIDENT AND VICE PRESIDENT,1,A,1,34311,Chase,Oliver,,STEPHENSON,13,,
GE 2024,PRESIDENT AND VICE PRESIDENT,1,A,1,34311,Chase,Oliver,,LOGAN,6,,
GE 2024,PRESIDENT AND VICE PRESIDENT,1,A,1,34312,Cherunda,Fox,,MOULTRIE,0,,
GE 2024,PRESIDENT AND VICE PRESIDENT,1,A,1,34311,Chase,Oliver,,LIVINGSTON,1,,
GE 2024,PRESIDENT AND VICE PRESIDENT,1,A,1,34311,Chase,Oliver,,CARROLL,1,,
GE 2024,PRESIDENT AND VICE PRESIDENT,1,A,1,34311,Chase,Oliver,,CLINTON,4,,
GE 2024,PRESIDENT AND VICE PRESIDENT,1,A,1,34311,Chase,Oliver,,EDGAR,4,,
GE 2024,PRESIDENT AND VICE PRESIDENT,1,A,1,34311,Chase,Oliver,,PIATT,6,,
GE 2024,PRESIDENT AND VICE PRESIDENT,1,A,1,34311,Chase,Oliver,,WILLIAMSON,15,,
GE 2024,PRESIDENT AND VICE PRESIDENT,1,A,1,34311,Chase,Oliver,,BROWN,0,,
GE 2024,PRESIDENT AND VICE PRESIDENT,1,A,1,34311,Chase,Oliver,,WHITESIDE,8,,
GE 2024,PRESIDENT AND VICE PRESIDENT,1,A,1,34311,Chase,Oliver,,HANCOCK,4,,
GE 2024,PRESIDENT AND VICE PRESIDENT,1,A,1,34311,Chase,Oliver,,SALINE,0,,
GE 2024,PRESIDENT AND VICE PRESIDENT,1,A,1,34311,Chase,Oliver,,MACON,32,,
GE 2024,PRESIDENT AND VICE PRESIDENT,1,A,1,34311,Chase,Oliver,,RANDOLPH,0,,
GE 2024,PRESIDENT AND VICE PRESIDENT,1,A,1,34311,Chase,Oliver,,MENARD,0,,
GE 2024,PRESIDENT AND VICE PRESIDENT,1,A,1,34311,Chase,Oliver,,ADAMS,9,,
GE 2024,PRESIDENT AND VICE PRESIDENT,1,A,1,34311,Chase,Oliver,,MERCER,0,,
GE 2024,PRESIDENT AND VICE PRESIDENT,1,A,1,34311,Chase,Oliver,,CLAY,1,,
GE 2024,PRESIDENT AND VICE PRESIDENT,1,A,1,34311,Chase,Oliver,,BOONE,8,,
GE 2024,PRESIDENT AND VICE PRESIDENT,1,A,1,34311,Chase,Oliver,,HENDERSON,2,,
GE 2024,PRESIDENT AND VICE PRESIDENT,1,A,1,34311,Chase,Oliver,,SANGAMON,66,,
GE 2024,PRESIDENT AND VICE PRESIDENT,1,A,1,34311,Chase,Oliver,,ROCK ISLAND,32,,
GE 2024,PRESIDENT AND VICE PRESIDENT,1,A,1,34311,Chase,Oliver,,LAWRENCE,5,,
GE 2024,PRESIDENT AND VICE PRESIDENT,1,A,1,34311,Chase,Oliver,,MADISON,88,,
GE 2024,PRESIDENT AND VICE PRESIDENT,1,A,1,34311,Chase,Oliver,,KANE,170,,
GE 2024,PRESIDENT AND VICE PRESIDENT,1,A,1,34311,Chase,Oliver,,COLES,14,,
GE 2024,PRESIDENT AND VICE PRESIDENT,1,A,1,34311,Chase,Oliver,,OGLE,24,,
GE 2024,PRESIDENT AND VICE PRESIDENT,1,A,1,34311,Chase,Oliver,,CLARK,1,,
GE 2024,PRESIDENT AND VICE PRESIDENT,1,A,1,34311,Chase,Oliver,,KENDALL,47,,
GE 2024,PRESIDENT AND VICE PRESIDENT,1,A,1,34311,Chase,Oliver,,LEE,4,,
GE 2024,PRESIDENT AND VICE PRESIDENT,1,A,1,34311,Chase,Oliver,,JoDAVIESS,8,,
GE 2024,PRESIDENT AND VICE PRESIDENT,1,A,1,34311,Chase,Oliver,,HENRY,15,,
GE 2024,PRESIDENT AND VICE PRESIDENT,1,A,1,34311,Chase,Oliver,,MACOUPIN,5,,
GE 2024,PRESIDENT AND VICE PRESIDENT,1,A,1,34311,Chase,Oliver,,CRAWFORD,3,,
GE 2024,PRESIDENT AND VICE PRESIDENT,1,A,1,34311,Chase,Oliver,,POPE,0,,
GE 2024,PRESIDENT AND VICE PRESIDENT,1,A,1,34311,Chase,Oliver,,MASON,3,,
GE 2024,PRESIDENT AND VICE PRESIDENT,1,A,1,34311,Chase,Oliver,,FORD,0,,
GE 2024,PRESIDENT AND VICE PRESIDENT,1,A,1,34311,Chase,Oliver,,BUREAU,1,,
GE 2024,PRESIDENT AND VICE PRESIDENT,1,A,1,34311,Chase,Oliver,,WILL,230,,
GE 2024,PRESIDENT AND VICE PRESIDENT,1,A,1,34311,Chase,Oliver,,EDWARDS,0,,
GE 2024,PRESIDENT AND VICE PRESIDENT,1,A,1,34311,Chase,Oliver,,UNION,0,,
GE 2024,PRESIDENT AND VICE PRESIDENT,1,A,1,34311,Chase,Oliver,,LAKE,261,,
GE 2024,PRESIDENT AND VICE PRESIDENT,1,A,1,34311,Chase,Oliver,,JOHNSON,0,,
GE 2024,PRESIDENT AND VICE PRESIDENT,1,A,1,34311,Chase,Oliver,,EFFINGHAM,6,,
GE 2024,PRESIDENT AND VICE PRESIDENT,1,A,1,34311,Chase,Oliver,,SCHUYLER,2,,
GE 2024,PRESIDENT AND VICE PRESIDENT,1,A,1,34311,Chase,Oliver,,SCOTT,0,,
GE 2024,PRESIDENT AND VICE PRESIDENT,1,A,1,34311,Chase,Oliver,,GREENE,0,,
GE 2024,PRESIDENT AND VICE PRESIDENT,1,A,1,34311,Chase,Oliver,,PIKE,1,,
GE 2024,PRESIDENT AND VICE PRESIDENT,1,A,1,34311,Chase,Oliver,,WHITE,0,,
GE 2024,PRESIDENT AND VICE PRESIDENT,1,A,1,34311,Chase,Oliver,,McDONOUGH,14,,
GE 2024,PRESIDENT AND VICE PRESIDENT,1,A,1,34311,Chase,Oliver,,CUMBERLAND,0,,
GE 2024,PRESIDENT AND VICE PRESIDENT,1,A,1,34311,Chase,Oliver,,MASSAC,0,,
GE 2024,PRESIDENT AND VICE PRESIDENT,1,A,1,34311,Chase,Oliver,,IROQUOIS,3,,
GE 2024,PRESIDENT AND VICE PRESIDENT,1,A,1,34311,Chase,Oliver,,JASPER,3,,
GE 2024,PRESIDENT AND VICE PRESIDENT,1,A,1,34311,Chase,Oliver,,FRANKLIN,3,,
GE 2024,PRESIDENT AND VICE PRESIDENT,1,A,1,34311,Chase,Oliver,,FULTON,0,,
GE 2024,PRESIDENT AND VICE PRESIDENT,1,A,1,34311,Chase,Oliver,,PULASKI,0,,
GE 2024,PRESIDENT AND VICE PRESIDENT,1,A,1,34311,Chase,Oliver,,KANKAKEE,0,,
GE 2024,PRESIDENT AND VICE PRESIDENT,1,A,1,34311,Chase,Oliver,,McHENRY,146,,
GE 2024,PRESIDENT AND VICE PRESIDENT,1,A,1,34311,Chase,Oliver,,PEORIA,0,,
GE 2024,PRESIDENT AND VICE PRESIDENT,1,A,1,34311,Chase,Oliver,,LaSALLE,23,,
GE 2024,PRESIDENT AND VICE PRESIDENT,1,A,1,34311,Chase,Oliver,,MONROE,5,,
GE 2024,PRESIDENT AND VICE PRESIDENT,1,A,1,34311,Chase,Oliver,,HARDIN,0,,
GE 2024,PRESIDENT AND VICE PRESIDENT,1,A,1,34311,Chase,Oliver,,WAYNE,0,,
GE 2024,PRESIDENT AND VICE PRESIDENT,1,A,1,34311,Chase,Oliver,,TAZEWELL,0,,
GE 2024,PRESIDENT AND VICE PRESIDENT,1,A,1,34311,Chase,Oliver,,CHAMPAIGN,108,,
GE 2024,PRESIDENT AND VICE PRESIDENT,1,A,1,34311,Chase,Oliver,,JACKSON,22,,
GE 2024,PRESIDENT AND VICE PRESIDENT,1,A,1,34311,Chase,Oliver,,WOODFORD,0,,
GE 2024,PRESIDENT AND VICE PRESIDENT,1,A,1,34311,Chase,Oliver,,DeKALB,48,,
GE 2024,PRESIDENT AND VICE PRESIDENT,1,A,1,34311,Chase,Oliver,,MORGAN,10,,
GE 2024,PRESIDENT AND VICE PRESIDENT,1,A,1,34311,Chase,Oliver,,PUTNAM,0,,
GE 2024,PRESIDENT AND VICE PRESIDENT,1,A,1,34311,Chase,Oliver,,RICHLAND,7,,
GE 2024,PRESIDENT AND VICE PRESIDENT,1,A,1,34311,Chase,Oliver,,GRUNDY,18,,
GE 2024,PRESIDENT AND VICE PRESIDENT,1,A,1,34311,Chase,Oliver,,PERRY,3,,
GE 2024,PRESIDENT AND VICE PRESIDENT,1,A,1,34311,Chase,Oliver,,WARREN,5,,
GE 2024,PRESIDENT AND VICE PRESIDENT,1,A,1,34311,Chase,Oliver,,CASS,0,,
GE 2024,PRESIDENT AND VICE PRESIDENT,1,A,1,34311,Chase,Oliver,,JEFFERSON,0,,
GE 2024,PRESIDENT AND VICE PRESIDENT,1,A,1,34311,Chase,Oliver,,WINNEBAGO,34,,
GE 2024,PRESIDENT AND VICE PRESIDENT,1,A,1,34311,Chase,Oliver,,GALLATIN,0,,
GE 2024,PRESIDENT AND VICE PRESIDENT,1,A,1,34311,Chase,Oliver,,WASHINGTON,0,,
GE 2024,PRESIDENT AND VICE PRESIDENT,1,A,1,34311,Chase,Oliver,,VERMILION,8,,
GE 2024,PRESIDENT AND VICE PRESIDENT,1,A,1,34311,Chase,Oliver,,COOK,1306,,
GE 2024,PRESIDENT AND VICE PRESIDENT,1,A,1,34311,Chase,Oliver,,McLEAN,72,,
GE 2024,PRESIDENT AND VICE PRESIDENT,1,A,1,34311,Chase,Oliver,,FAYETTE,0,,
GE 2024,PRESIDENT AND VICE PRESIDENT,1,A,1,34311,Chase,Oliver,,KNOX,3,,
GE 2024,PRESIDENT AND VICE PRESIDENT,1,A,1,34311,Chase,Oliver,,ST. CLAIR,67,,
GE 2024,PRESIDENT AND VICE PRESIDENT,1,A,1,34311,Chase,Oliver,,SHELBY,2,,
GE 2024,PRESIDENT AND VICE PRESIDENT,1,A,1,34311,Chase,Oliver,,MONTGOMERY,5,,
GE 2024,PRESIDENT AND VICE PRESIDENT,1,A,1,34311,Chase,Oliver,,JERSEY,3,,
GE 2024,PRESIDENT AND VICE PRESIDENT,1,A,1,34311,Chase,Oliver,,CHRISTIAN,5,,
GE 2024,PRESIDENT AND VICE PRESIDENT,1,A,1,34311,Chase,Oliver,,MARION,1,,
GE 2024,PRESIDENT AND VICE PRESIDENT,1,A,1,34311,Chase,Oliver,,DuPAGE,466,,
GE 2024,PRESIDENT AND VICE PRESIDENT,1,A,1,34310,Andre Ramon,McNeil Sr,,CHRISTIAN,0,,
GE 2024,PRESIDENT AND VICE PRESIDENT,1,A,1,34310,Andre Ramon,McNeil Sr,,WILLIAMSON,0,,
GE 2024,PRESIDENT AND VICE PRESIDENT,1,A,1,34310,Andre Ramon,McNeil Sr,,DeWITT,0,,
GE 2024,PRESIDENT AND VICE PRESIDENT,1,A,1,34310,Andre Ramon,McNeil Sr,,BOND,0,,
GE 2024,PRESIDENT AND VICE PRESIDENT,1,A,1,34310,Andre Ramon,McNeil Sr,,STEPHENSON,0,,
GE 2024,PRESIDENT AND VICE PRESIDENT,1,A,1,34311,Chase,Oliver,,MOULTRIE,0,,
GE 2024,PRESIDENT AND VICE PRESIDENT,1,A,1,34310,Andre Ramon,McNeil Sr,,RANDOLPH,0,,
GE 2024,PRESIDENT AND VICE PRESIDENT,1,A,1,34310,Andre Ramon,McNeil Sr,,LIVINGSTON,0,,
GE 2024,PRESIDENT AND VICE PRESIDENT,1,A,1,34310,Andre Ramon,McNeil Sr,,CARROLL,0,,
GE 2024,PRESIDENT AND VICE PRESIDENT,1,A,1,34310,Andre Ramon,McNeil Sr,,MARSHALL,0,,
GE 2024,PRESIDENT AND VICE PRESIDENT,1,A,1,34310,Andre Ramon,McNeil Sr,,CLINTON,0,,
GE 2024,PRESIDENT AND VICE PRESIDENT,1,A,1,34310,Andre Ramon,McNeil Sr,,KANKAKEE,0,,
GE 2024,PRESIDENT AND VICE PRESIDENT,1,A,1,34310,Andre Ramon,McNeil Sr,,HAMILTON,0,,
GE 2024,PRESIDENT AND VICE PRESIDENT,1,A,1,34310,Andre Ramon,McNeil Sr,,HENDERSON,0,,
GE 2024,PRESIDENT AND VICE PRESIDENT,1,A,1,34310,Andre Ramon,McNeil Sr,,BROWN,0,,
GE 2024,PRESIDENT AND VICE PRESIDENT,1,A,1,34310,Andre Ramon,McNeil Sr,,WHITESIDE,0,,
GE 2024,PRESIDENT AND VICE PRESIDENT,1,A,1,34310,Andre Ramon,McNeil Sr,,DOUGLAS,0,,
GE 2024,PRESIDENT AND VICE PRESIDENT,1,A,1,34310,Andre Ramon,McNeil Sr,,LOGAN,0,,
GE 2024,PRESIDENT AND VICE PRESIDENT,1,A,1,34310,Andre Ramon,McNeil Sr,,WOODFORD,0,,
GE 2024,PRESIDENT AND VICE PRESIDENT,1,A,1,34310,Andre Ramon,McNeil Sr,,FORD,0,,
GE 2024,PRESIDENT AND VICE PRESIDENT,1,A,1,34310,Andre Ramon,McNeil Sr,,HANCOCK,0,,
GE 2024,PRESIDENT AND VICE PRESIDENT,1,A,1,34310,Andre Ramon,McNeil Sr,,SALINE,0,,
GE 2024,PRESIDENT AND VICE PRESIDENT,1,A,1,34310,Andre Ramon,McNeil Sr,,MACON,0,,
GE 2024,PRESIDENT AND VICE PRESIDENT,1,A,1,34310,Andre Ramon,McNeil Sr,,PIATT,0,,
GE 2024,PRESIDENT AND VICE PRESIDENT,1,A,1,34310,Andre Ramon,McNeil Sr,,ADAMS,0,,
GE 2024,PRESIDENT AND VICE PRESIDENT,1,A,1,34310,Andre Ramon,McNeil Sr,,MERCER,0,,
GE 2024,PRESIDENT AND VICE PRESIDENT,1,A,1,34310,Andre Ramon,McNeil Sr,,ALEXANDER,0,,
GE 2024,PRESIDENT AND VICE PRESIDENT,1,A,1,34310,Andre Ramon,McNeil Sr,,CLAY,0,,
GE 2024,PRESIDENT AND VICE PRESIDENT,1,A,1,34310,Andre Ramon,McNeil Sr,,BOONE,0,,
GE 2024,PRESIDENT AND VICE PRESIDENT,1,A,1,34310,Andre Ramon,McNeil Sr,,CALHOUN,0,,
GE 2024,PRESIDENT AND VICE PRESIDENT,1,A,1,34310,Andre Ramon,McNeil Sr,,ROCK ISLAND,0,,
GE 2024,PRESIDENT AND VICE PRESIDENT,1,A,1,34310,Andre Ramon,McNeil Sr,,LAWRENCE,0,,
GE 2024,PRESIDENT AND VICE PRESIDENT,1,A,1,34310,Andre Ramon,McNeil Sr,,MADISON,1,,
GE 2024,PRESIDENT AND VICE PRESIDENT,1,A,1,34310,Andre Ramon,McNeil Sr,,KANE,0,,
GE 2024,PRESIDENT AND VICE PRESIDENT,1,A,1,34310,Andre Ramon,McNeil Sr,,BUREAU,0,,
GE 2024,PRESIDENT AND VICE PRESIDENT,1,A,1,34310,Andre Ramon,McNeil Sr,,MENARD,0,,
GE 2024,PRESIDENT AND VICE PRESIDENT,1,A,1,34310,Andre Ramon,McNeil Sr,,CLARK,0,,
GE 2024,PRESIDENT AND VICE PRESIDENT,1,A,1,34310,Andre Ramon,McNeil Sr,,PUTNAM,0,,
GE 2024,PRESIDENT AND VICE PRESIDENT,1,A,1,34310,Andre Ramon,McNeil Sr,,KENDALL,0,,
GE 2024,PRESIDENT AND VICE PRESIDENT,1,A,1,34310,Andre Ramon,McNeil Sr,,LEE,1,,
GE 2024,PRESIDENT AND VICE PRESIDENT,1,A,1,34310,Andre Ramon,McNeil Sr,,JoDAVIESS,0,,
GE 2024,PRESIDENT AND VICE PRESIDENT,1,A,1,34310,Andre Ramon,McNeil Sr,,SANGAMON,0,,
GE 2024,PRESIDENT AND VICE PRESIDENT,1,A,1,34310,Andre Ramon,McNeil Sr,,POPE,0,,
GE 2024,PRESIDENT AND VICE PRESIDENT,1,A,1,34310,Andre Ramon,McNeil Sr,,EFFINGHAM,0,,
GE 2024,PRESIDENT AND VICE PRESIDENT,1,A,1,34310,Andre Ramon,McNeil Sr,,MACOUPIN,0,,
GE 2024,PRESIDENT AND VICE PRESIDENT,1,A,1,34310,Andre Ramon,McNeil Sr,,CRAWFORD,0,,
GE 2024,PRESIDENT AND VICE PRESIDENT,1,A,1,34310,Andre Ramon,McNeil Sr,,PEORIA,1,,
GE 2024,PRESIDENT AND VICE PRESIDENT,1,A,1,34310,Andre Ramon,McNeil Sr,,OGLE,0,,
GE 2024,PRESIDENT AND VICE PRESIDENT,1,A,1,34310,Andre Ramon,McNeil Sr,,EDGAR,0,,
GE 2024,PRESIDENT AND VICE PRESIDENT,1,A,1,34310,Andre Ramon,McNeil Sr,,WILL,0,,
GE 2024,PRESIDENT AND VICE PRESIDENT,1,A,1,34310,Andre Ramon,McNeil Sr,,EDWARDS,0,,
GE 2024,PRESIDENT AND VICE PRESIDENT,1,A,1,34310,Andre Ramon,McNeil Sr,,CASS,0,,
GE 2024,PRESIDENT AND VICE PRESIDENT,1,A,1,34310,Andre Ramon,McNeil Sr,,COLES,0,,
GE 2024,PRESIDENT AND VICE PRESIDENT,1,A,1,34310,Andre Ramon,McNeil Sr,,HENRY,0,,
GE 2024,PRESIDENT AND VICE PRESIDENT,1,A,1,34310,Andre Ramon,McNeil Sr,,UNION,0,,
GE 2024,PRESIDENT AND VICE PRESIDENT,1,A,1,34310,Andre Ramon,McNeil Sr,,LAKE,1,,
GE 2024,PRESIDENT AND VICE PRESIDENT,1,A,1,34310,Andre Ramon,McNeil Sr,,JERSEY,0,,
GE 2024,PRESIDENT AND VICE PRESIDENT,1,A,1,34310,Andre Ramon,McNeil Sr,,FULTON,0,,
GE 2024,PRESIDENT AND VICE PRESIDENT,1,A,1,34310,Andre Ramon,McNeil Sr,,SCOTT,0,,
GE 2024,PRESIDENT AND VICE PRESIDENT,1,A,1,34310,Andre Ramon,McNeil Sr,,MASON,0,,
GE 2024,PRESIDENT AND VICE PRESIDENT,1,A,1,34310,Andre Ramon,McNeil Sr,,WHITE,0,,
GE 2024,PRESIDENT AND VICE PRESIDENT,1,A,1,34310,Andre Ramon,McNeil Sr,,CUMBERLAND,0,,
GE 2024,PRESIDENT AND VICE PRESIDENT,1,A,1,34310,Andre Ramon,McNeil Sr,,MONROE,0,,
GE 2024,PRESIDENT AND VICE PRESIDENT,1,A,1,34310,Andre Ramon,McNeil Sr,,MASSAC,0,,
GE 2024,PRESIDENT AND VICE PRESIDENT,1,A,1,34310,Andre Ramon,McNeil Sr,,JASPER,0,,
GE 2024,PRESIDENT AND VICE PRESIDENT,1,A,1,34310,Andre Ramon,McNeil Sr,,HARDIN,0,,
GE 2024,PRESIDENT AND VICE PRESIDENT,1,A,1,34310,Andre Ramon,McNeil Sr,,SHELBY,0,,
GE 2024,PRESIDENT AND VICE PRESIDENT,1,A,1,34310,Andre Ramon,McNeil Sr,,McHENRY,0,,
GE 2024,PRESIDENT AND VICE PRESIDENT,1,A,1,34310,Andre Ramon,McNeil Sr,,LaSALLE,0,,
GE 2024,PRESIDENT AND VICE PRESIDENT,1,A,1,34310,Andre Ramon,McNeil Sr,,GALLATIN,0,,
GE 2024,PRESIDENT AND VICE PRESIDENT,1,A,1,34310,Andre Ramon,McNeil Sr,,SCHUYLER,0,,
GE 2024,PRESIDENT AND VICE PRESIDENT,1,A,1,34310,Andre Ramon,McNeil Sr,,GREENE,0,,
GE 2024,PRESIDENT AND VICE PRESIDENT,1,A,1,34310,Andre Ramon,McNeil Sr,,ST. CLAIR,0,,
GE 2024,PRESIDENT AND VICE PRESIDENT,1,A,1,34310,Andre Ramon,McNeil Sr,,JACKSON,0,,
GE 2024,PRESIDENT AND VICE PRESIDENT,1,A,1,34310,Andre Ramon,McNeil Sr,,McDONOUGH,0,,
GE 2024,PRESIDENT AND VICE PRESIDENT,1,A,1,34310,Andre Ramon,McNeil Sr,,WASHINGTON,0,,
GE 2024,PRESIDENT AND VICE PRESIDENT,1,A,1,34310,Andre Ramon,McNeil Sr,,DeKALB,0,,
GE 2024,PRESIDENT AND VICE PRESIDENT,1,A,1,34310,Andre Ramon,McNeil Sr,,IROQUOIS,0,,
GE 2024,PRESIDENT AND VICE PRESIDENT,1,A,1,34310,Andre Ramon,McNeil Sr,,WINNEBAGO,0,,
GE 2024,PRESIDENT AND VICE PRESIDENT,1,A,1,34310,Andre Ramon,McNeil Sr,,JEFFERSON,0,,
GE 2024,PRESIDENT AND VICE PRESIDENT,1,A,1,34310,Andre Ramon,McNeil Sr,,MORGAN,0,,
GE 2024,PRESIDENT AND VICE PRESIDENT,1,A,1,34310,Andre Ramon,McNeil Sr,,PERRY,0,,
GE 2024,PRESIDENT AND VICE PRESIDENT,1,A,1,34310,Andre Ramon,McNeil Sr,,FRANKLIN,0,,
GE 2024,PRESIDENT AND VICE PRESIDENT,1,A,1,34310,Andre Ramon,McNeil Sr,,CHAMPAIGN,0,,
GE 2024,PRESIDENT AND VICE PRESIDENT,1,A,1,34310,Andre Ramon,McNeil Sr,,GRUNDY,0,,
GE 2024,PRESIDENT AND VICE PRESIDENT,1,A,1,34310,Andre Ramon,McNeil Sr,,WARREN,0,,
GE 2024,PRESIDENT AND VICE PRESIDENT,1,A,1,34310,Andre Ramon,McNeil Sr,,PIKE,0,,
GE 2024,PRESIDENT AND VICE PRESIDENT,1,A,1,34310,Andre Ramon,McNeil Sr,,DuPAGE,0,,
GE 2024,PRESIDENT AND VICE PRESIDENT,1,A,1,34310,Andre Ramon,McNeil Sr,,VERMILION,0,,
GE 2024,PRESIDENT AND VICE PRESIDENT,1,A,1,34310,Andre Ramon,McNeil Sr,,JOHNSON,0,,
GE 2024,PRESIDENT AND VICE PRESIDENT,1,A,1,34310,Andre Ramon,McNeil Sr,,COOK,3,,
GE 2024,PRESIDENT AND VICE PRESIDENT,1,A,1,34310,Andre Ramon,McNeil Sr,,McLEAN,0,,
GE 2024,PRESIDENT AND VICE PRESIDENT,1,A,1,34310,Andre Ramon,McNeil Sr,,FAYETTE,0,,
GE 2024,PRESIDENT AND VICE PRESIDENT,1,A,1,34310,Andre Ramon,McNeil Sr,,KNOX,0,,
GE 2024,PRESIDENT AND VICE PRESIDENT,1,A,1,34310,Andre Ramon,McNeil Sr,,MARION,0,,
GE 2024,PRESIDENT AND VICE PRESIDENT,1,A,1,34310,Andre Ramon,McNeil Sr,,RICHLAND,0,,
GE 2024,PRESIDENT AND VICE PRESIDENT,1,A,1,34310,Andre Ramon,McNeil Sr,,MOULTRIE,0,,
GE 2024,PRESIDENT AND VICE PRESIDENT,1,A,1,34310,Andre Ramon,McNeil Sr,,PULASKI,0,,
GE 2024,PRESIDENT AND VICE PRESIDENT,1,A,1,34310,Andre Ramon,McNeil Sr,,STARK,0,,
GE 2024,PRESIDENT AND VICE PRESIDENT,1,A,1,34310,Andre Ramon,McNeil Sr,,TAZEWELL,0,,
GE 2024,PRESIDENT AND VICE PRESIDENT,1,A,1,34310,Andre Ramon,McNeil Sr,,MONTGOMERY,0,,
GE 2024,PRESIDENT AND VICE PRESIDENT,1,A,1,34310,Andre Ramon,McNeil Sr,,WABASH,0,,
GE 2024,PRESIDENT AND VICE PRESIDENT,1,A,1,34258,Kamala D.,Harris,,WABASH,1200,DEMOCRATIC,DEM
GE 2024,PRESIDENT AND VICE PRESIDENT,1,A,1,34258,Kamala D.,Harris,,KANKAKEE,18399,DEMOCRATIC,DEM
GE 2024,PRESIDENT AND VICE PRESIDENT,1,A,1,34258,Kamala D.,Harris,,JERSEY,2816,DEMOCRATIC,DEM
GE 2024,PRESIDENT AND VICE PRESIDENT,1,A,1,34258,Kamala D.,Harris,,CHRISTIAN,4026,DEMOCRATIC,DEM
GE 2024,PRESIDENT AND VICE PRESIDENT,1,A,1,34258,Kamala D.,Harris,,WILLIAMSON,9890,DEMOCRATIC,DEM
GE 2024,PRESIDENT AND VICE PRESIDENT,1,A,1,34258,Kamala D.,Harris,,DeWITT,2058,DEMOCRATIC,DEM
GE 2024,PRESIDENT AND VICE PRESIDENT,1,A,1,34258,Kamala D.,Harris,,DOUGLAS,2198,DEMOCRATIC,DEM
GE 2024,PRESIDENT AND VICE PRESIDENT,1,A,1,34258,Kamala D.,Harris,,BOND,2117,DEMOCRATIC,DEM
GE 2024,PRESIDENT AND VICE PRESIDENT,1,A,1,34258,Kamala D.,Harris,,STEPHENSON,8278,DEMOCRATIC,DEM
GE 2024,PRESIDENT AND VICE PRESIDENT,1,A,1,34258,Kamala D.,Harris,,LOGAN,3543,DEMOCRATIC,DEM
GE 2024,PRESIDENT AND VICE PRESIDENT,1,A,1,34258,Kamala D.,Harris,,RANDOLPH,3461,DEMOCRATIC,DEM
GE 2024,PRESIDENT AND VICE PRESIDENT,1,A,1,34258,Kamala D.,Harris,,PERRY,2146,DEMOCRATIC,DEM
GE 2024,PRESIDENT AND VICE PRESIDENT,1,A,1,34258,Kamala D.,Harris,,GALLATIN,561,DEMOCRATIC,DEM
GE 2024,PRESIDENT AND VICE PRESIDENT,1,A,1,34258,Kamala D.,Harris,,WAYNE,1155,DEMOCRATIC,DEM
GE 2024,PRESIDENT AND VICE PRESIDENT,1,A,1,34258,Kamala D.,Harris,,WINNEBAGO,59942,DEMOCRATIC,DEM
GE 2024,PRESIDENT AND VICE PRESIDENT,1,A,1,34258,Kamala D.,Harris,,CHAMPAIGN,54314,DEMOCRATIC,DEM
GE 2024,PRESIDENT AND VICE PRESIDENT,1,A,1,34258,Kamala D.,Harris,,VERMILION,9254,DEMOCRATIC,DEM
GE 2024,PRESIDENT AND VICE PRESIDENT,1,A,1,34258,Kamala D.,Harris,,JACKSON,11394,DEMOCRATIC,DEM
GE 2024,PRESIDENT AND VICE PRESIDENT,1,A,1,34258,Kamala D.,Harris,,DeKALB,23648,DEMOCRATIC,DEM
GE 2024,PRESIDENT AND VICE PRESIDENT,1,A,1,34258,Kamala D.,Harris,,KNOX,9838,DEMOCRATIC,DEM
GE 2024,PRESIDENT AND VICE PRESIDENT,1,A,1,34258,Kamala D.,Harris,,JEFFERSON,4240,DEMOCRATIC,DEM
GE 2024,PRESIDENT AND VICE PRESIDENT,1,A,1,34258,Kamala D.,Harris,,RICHLAND,1747,DEMOCRATIC,DEM
GE 2024,PRESIDENT AND VICE PRESIDENT,1,A,1,34258,Kamala D.,Harris,,GRUNDY,9143,DEMOCRATIC,DEM
GE 2024,PRESIDENT AND VICE PRESIDENT,1,A,1,34258,Kamala D.,Harris,,WARREN,2711,DEMOCRATIC,DEM
GE 2024,PRESIDENT AND VICE PRESIDENT,1,A,1,34258,Kamala D.,Harris,,DuPAGE,251164,DEMOCRATIC,DEM
GE 2024,PRESIDENT AND VICE PRESIDENT,1,A,1,34258,Kamala D.,Harris,,COOK,1447821,DEMOCRATIC,DEM
GE 2024,PRESIDENT AND VICE PRESIDENT,1,A,1,34258,Kamala D.,Harris,,McLEAN,44495,DEMOCRATIC,DEM
GE 2024,PRESIDENT AND VICE PRESIDENT,1,A,1,34258,Kamala D.,Harris,,FAYETTE,1632,DEMOCRATIC,DEM
GE 2024,PRESIDENT AND VICE PRESIDENT,1,A,1,34258,Kamala D.,Harris,,MARION,4116,DEMOCRATIC,DEM
GE 2024,PRESIDENT AND VICE PRESIDENT,1,A,1,34258,Kamala D.,Harris,,LIVINGSTON,4311,DEMOCRATIC,DEM
GE 2024,PRESIDENT AND VICE PRESIDENT,1,A,1,34258,Kamala D.,Harris,,CARROLL,2600,DEMOCRATIC,DEM
GE 2024,PRESIDENT AND VICE PRESIDENT,1,A,1,34258,Kamala D.,Harris,,MARSHALL,1913,DEMOCRATIC,DEM
GE 2024,PRESIDENT AND VICE PRESIDENT,1,A,1,34258,Kamala D.,Harris,,CLINTON,4447,DEMOCRATIC,DEM
GE 2024,PRESIDENT AND VICE PRESIDENT,1,A,1,34258,Kamala D.,Harris,,EDGAR,1816,DEMOCRATIC,DEM
GE 2024,PRESIDENT AND VICE PRESIDENT,1,A,1,34258,Kamala D.,Harris,,PIATT,3204,DEMOCRATIC,DEM
GE 2024,PRESIDENT AND VICE PRESIDENT,1,A,1,34258,Kamala D.,Harris,,HAMILTON,739,DEMOCRATIC,DEM
GE 2024,PRESIDENT AND VICE PRESIDENT,1,A,1,34258,Kamala D.,Harris,,HENDERSON,1026,DEMOCRATIC,DEM
GE 2024,PRESIDENT AND VICE PRESIDENT,1,A,1,34258,Kamala D.,Harris,,BROWN,467,DEMOCRATIC,DEM
GE 2024,PRESIDENT AND VICE PRESIDENT,1,A,1,34258,Kamala D.,Harris,,WHITESIDE,11012,DEMOCRATIC,DEM
GE 2024,PRESIDENT AND VICE PRESIDENT,1,A,1,34258,Kamala D.,Harris,,CALHOUN,560,DEMOCRATIC,DEM
GE 2024,PRESIDENT AND VICE PRESIDENT,1,A,1,34258,Kamala D.,Harris,,WOODFORD,5958,DEMOCRATIC,DEM
GE 2024,PRESIDENT AND VICE PRESIDENT,1,A,1,34258,Kamala D.,Harris,,SALINE,2634,DEMOCRATIC,DEM
GE 2024,PRESIDENT AND VICE PRESIDENT,1,A,1,34258,Kamala D.,Harris,,FORD,1643,DEMOCRATIC,DEM
GE 2024,PRESIDENT AND VICE PRESIDENT,1,A,1,34258,Kamala D.,Harris,,HANCOCK,2183,DEMOCRATIC,DEM
GE 2024,PRESIDENT AND VICE PRESIDENT,1,A,1,34258,Kamala D.,Harris,,MACON,18009,DEMOCRATIC,DEM
GE 2024,PRESIDENT AND VICE PRESIDENT,1,A,1,34258,Kamala D.,Harris,,COLES,7495,DEMOCRATIC,DEM
GE 2024,PRESIDENT AND VICE PRESIDENT,1,A,1,34258,Kamala D.,Harris,,MENARD,1834,DEMOCRATIC,DEM
GE 2024,PRESIDENT AND VICE PRESIDENT,1,A,1,34258,Kamala D.,Harris,,ADAMS,8111,DEMOCRATIC,DEM
GE 2024,PRESIDENT AND VICE PRESIDENT,1,A,1,34258,Kamala D.,Harris,,MERCER,2950,DEMOCRATIC,DEM
GE 2024,PRESIDENT AND VICE PRESIDENT,1,A,1,34258,Kamala D.,Harris,,ALEXANDER,904,DEMOCRATIC,DEM
GE 2024,PRESIDENT AND VICE PRESIDENT,1,A,1,34258,Kamala D.,Harris,,CLAY,1054,DEMOCRATIC,DEM
GE 2024,PRESIDENT AND VICE PRESIDENT,1,A,1,34258,Kamala D.,Harris,,BOONE,10159,DEMOCRATIC,DEM
GE 2024,PRESIDENT AND VICE PRESIDENT,1,A,1,34258,Kamala D.,Harris,,HENRY,9226,DEMOCRATIC,DEM
GE 2024,PRESIDENT AND VICE PRESIDENT,1,A,1,34258,Kamala D.,Harris,,SANGAMON,46074,DEMOCRATIC,DEM
GE 2024,PRESIDENT AND VICE PRESIDENT,1,A,1,34258,Kamala D.,Harris,,ROCK ISLAND,34126,DEMOCRATIC,DEM
GE 2024,PRESIDENT AND VICE PRESIDENT,1,A,1,34258,Kamala D.,Harris,,KANE,120077,DEMOCRATIC,DEM
GE 2024,PRESIDENT AND VICE PRESIDENT,1,A,1,34258,Kamala D.,Harris,,LAWRENCE,1283,DEMOCRATIC,DEM
GE 2024,PRESIDENT AND VICE PRESIDENT,1,A,1,34258,Kamala D.,Harris,,MADISON,56341,DEMOCRATIC,DEM
GE 2024,PRESIDENT AND VICE PRESIDENT,1,A,1,34258,Kamala D.,Harris,,BUREAU,5900,DEMOCRATIC,DEM
GE 2024,PRESIDENT AND VICE PRESIDENT,1,A,1,34258,Kamala D.,Harris,,OGLE,8883,DEMOCRATIC,DEM
GE 2024,PRESIDENT AND VICE PRESIDENT,1,A,1,34258,Kamala D.,Harris,,CLARK,1927,DEMOCRATIC,DEM
GE 2024,PRESIDENT AND VICE PRESIDENT,1,A,1,34258,Kamala D.,Harris,,PUTNAM,1254,DEMOCRATIC,DEM
GE 2024,PRESIDENT AND VICE PRESIDENT,1,A,1,34258,Kamala D.,Harris,,KENDALL,32977,DEMOCRATIC,DEM
GE 2024,PRESIDENT AND VICE PRESIDENT,1,A,1,34258,Kamala D.,Harris,,LEE,6105,DEMOCRATIC,DEM
GE 2024,PRESIDENT AND VICE PRESIDENT,1,A,1,34258,Kamala D.,Harris,,JoDAVIESS,5051,DEMOCRATIC,DEM
GE 2024,PRESIDENT AND VICE PRESIDENT,1,A,1,34258,Kamala D.,Harris,,POPE,416,DEMOCRATIC,DEM
GE 2024,PRESIDENT AND VICE PRESIDENT,1,A,1,34258,Kamala D.,Harris,,EFFINGHAM,3617,DEMOCRATIC,DEM
GE 2024,PRESIDENT AND VICE PRESIDENT,1,A,1,34258,Kamala D.,Harris,,MACOUPIN,6892,DEMOCRATIC,DEM
GE 2024,PRESIDENT AND VICE PRESIDENT,1,A,1,34258,Kamala D.,Harris,,CRAWFORD,2048,DEMOCRATIC,DEM
GE 2024,PRESIDENT AND VICE PRESIDENT,1,A,1,34258,Kamala D.,Harris,,PEORIA,40564,DEMOCRATIC,DEM
GE 2024,PRESIDENT AND VICE PRESIDENT,1,A,1,34258,Kamala D.,Harris,,MASON,1773,DEMOCRATIC,DEM
GE 2024,PRESIDENT AND VICE PRESIDENT,1,A,1,34258,Kamala D.,Harris,,McDONOUGH,4736,DEMOCRATIC,DEM
GE 2024,PRESIDENT AND VICE PRESIDENT,1,A,1,34258,Kamala D.,Harris,,GREENE,1220,DEMOCRATIC,DEM
GE 2024,PRESIDENT AND VICE PRESIDENT,1,A,1,34258,Kamala D.,Harris,,WILL,162874,DEMOCRATIC,DEM
GE 2024,PRESIDENT AND VICE PRESIDENT,1,A,1,34258,Kamala D.,Harris,,EDWARDS,457,DEMOCRATIC,DEM
GE 2024,PRESIDENT AND VICE PRESIDENT,1,A,1,34258,Kamala D.,Harris,,CASS,1438,DEMOCRATIC,DEM
GE 2024,PRESIDENT AND VICE PRESIDENT,1,A,1,34258,Kamala D.,Harris,,HARDIN,357,DEMOCRATIC,DEM
GE 2024,PRESIDENT AND VICE PRESIDENT,1,A,1,34258,Kamala D.,Harris,,UNION,2285,DEMOCRATIC,DEM
GE 2024,PRESIDENT AND VICE PRESIDENT,1,A,1,34258,Kamala D.,Harris,,FULTON,5980,DEMOCRATIC,DEM
GE 2024,PRESIDENT AND VICE PRESIDENT,1,A,1,34258,Kamala D.,Harris,,LAKE,184642,DEMOCRATIC,DEM
GE 2024,PRESIDENT AND VICE PRESIDENT,1,A,1,34258,Kamala D.,Harris,,WASHINGTON,1564,DEMOCRATIC,DEM
GE 2024,PRESIDENT AND VICE PRESIDENT,1,A,1,34258,Kamala D.,Harris,,JOHNSON,1241,DEMOCRATIC,DEM
GE 2024,PRESIDENT AND VICE PRESIDENT,1,A,1,34258,Kamala D.,Harris,,MORGAN,4848,DEMOCRATIC,DEM
GE 2024,PRESIDENT AND VICE PRESIDENT,1,A,1,34258,Kamala D.,Harris,,SCHUYLER,961,DEMOCRATIC,DEM
GE 2024,PRESIDENT AND VICE PRESIDENT,1,A,1,34258,Kamala D.,Harris,,SCOTT,488,DEMOCRATIC,DEM
GE 2024,PRESIDENT AND VICE PRESIDENT,1,A,1,34258,Kamala D.,Harris,,PIKE,1302,DEMOCRATIC,DEM
GE 2024,PRESIDENT AND VICE PRESIDENT,1,A,1,34258,Kamala D.,Harris,,WHITE,1390,DEMOCRATIC,DEM
GE 2024,PRESIDENT AND VICE PRESIDENT,1,A,1,34258,Kamala D.,Harris,,ST. CLAIR,63433,DEMOCRATIC,DEM
GE 2024,PRESIDENT AND VICE PRESIDENT,1,A,1,34258,Kamala D.,Harris,,CUMBERLAND,1059,DEMOCRATIC,DEM
GE 2024,PRESIDENT AND VICE PRESIDENT,1,A,1,34258,Kamala D.,Harris,,MONROE,6473,DEMOCRATIC,DEM
GE 2024,PRESIDENT AND VICE PRESIDENT,1,A,1,34258,Kamala D.,Harris,,MASSAC,1683,DEMOCRATIC,DEM
GE 2024,PRESIDENT AND VICE PRESIDENT,1,A,1,34258,Kamala D.,Harris,,IROQUOIS,2747,DEMOCRATIC,DEM
GE 2024,PRESIDENT AND VICE PRESIDENT,1,A,1,34258,Kamala D.,Harris,,JASPER,912,DEMOCRATIC,DEM
GE 2024,PRESIDENT AND VICE PRESIDENT,1,A,1,34258,Kamala D.,Harris,,FRANKLIN,4257,DEMOCRATIC,DEM
GE 2024,PRESIDENT AND VICE PRESIDENT,1,A,1,34258,Kamala D.,Harris,,McHENRY,75370,DEMOCRATIC,DEM
GE 2024,PRESIDENT AND VICE PRESIDENT,1,A,1,34258,Kamala D.,Harris,,LaSALLE,21029,DEMOCRATIC,DEM
GE 2024,PRESIDENT AND VICE PRESIDENT,1,A,1,34258,Kamala D.,Harris,,MOULTRIE,1615,DEMOCRATIC,DEM
GE 2024,PRESIDENT AND VICE PRESIDENT,1,A,1,34258,Kamala D.,Harris,,PULASKI,769,DEMOCRATIC,DEM
GE 2024,PRESIDENT AND VICE PRESIDENT,1,A,1,34258,Kamala D.,Harris,,SHELBY,2240,DEMOCRATIC,DEM
GE 2024,PRESIDENT AND VICE PRESIDENT,1,A,1,34258,Kamala D.,Harris,,STARK,725,DEMOCRATIC,DEM
GE 2024,PRESIDENT AND VICE PRESIDENT,1,A,1,34258,Kamala D.,Harris,,TAZEWELL,24325,DEMOCRATIC,DEM
GE 2024,PRESIDENT AND VICE PRESIDENT,1,A,1,34258,Kamala D.,Harris,,MONTGOMERY,3573,DEMOCRATIC,DEM
GE 2024,PRESIDENT AND VICE PRESIDENT,1,A,1,34255,Donald J.,Trump,,MONTGOMERY,9378,REPUBLICAN,REP
GE 2024,PRESIDENT AND VICE PRESIDENT,1,A,1,34255,Donald J.,Trump,,WABASH,4095,REPUBLICAN,REP
GE 2024,PRESIDENT AND VICE PRESIDENT,1,A,1,34255,Donald J.,Trump,,KANKAKEE,28285,REPUBLICAN,REP
GE 2024,PRESIDENT AND VICE PRESIDENT,1,A,1,34255,Donald J.,Trump,,JERSEY,8684,REPUBLICAN,REP
GE 2024,PRESIDENT AND VICE PRESIDENT,1,A,1,34255,Donald J.,Trump,,CHRISTIAN,11278,REPUBLICAN,REP
GE 2024,PRESIDENT AND VICE PRESIDENT,1,A,1,34255,Donald J.,Trump,,WILLIAMSON,22686,REPUBLICAN,REP
GE 2024,PRESIDENT AND VICE PRESIDENT,1,A,1,34255,Donald J.,Trump,,DeWITT,5529,REPUBLICAN,REP
GE 2024,PRESIDENT AND VICE PRESIDENT,1,A,1,34255,Donald J.,Trump,,DOUGLAS,6076,REPUBLICAN,REP
GE 2024,PRESIDENT AND VICE PRESIDENT,1,A,1,34255,Donald J.,Trump,,BOND,5692,REPUBLICAN,REP
GE 2024,PRESIDENT AND VICE PRESIDENT,1,A,1,34255,Donald J.,Trump,,STEPHENSON,12347,REPUBLICAN,REP
GE 2024,PRESIDENT AND VICE PRESIDENT,1,A,1,34255,Donald J.,Trump,,LOGAN,8757,REPUBLICAN,REP
GE 2024,PRESIDENT AND VICE PRESIDENT,1,A,1,34255,Donald J.,Trump,,RANDOLPH,10624,REPUBLICAN,REP
GE 2024,PRESIDENT AND VICE PRESIDENT,1,A,1,34255,Donald J.,Trump,,LIVINGSTON,11970,REPUBLICAN,REP
GE 2024,PRESIDENT AND VICE PRESIDENT,1,A,1,34255,Donald J.,Trump,,CARROLL,5082,REPUBLICAN,REP
GE 2024,PRESIDENT AND VICE PRESIDENT,1,A,1,34255,Donald J.,Trump,,MARSHALL,4119,REPUBLICAN,REP
GE 2024,PRESIDENT AND VICE PRESIDENT,1,A,1,34255,Donald J.,Trump,,CLINTON,14407,REPUBLICAN,REP
GE 2024,PRESIDENT AND VICE PRESIDENT,1,A,1,34255,Donald J.,Trump,,EDGAR,5955,REPUBLICAN,REP
GE 2024,PRESIDENT AND VICE PRESIDENT,1,A,1,34255,Donald J.,Trump,,PIATT,6104,REPUBLICAN,REP
GE 2024,PRESIDENT AND VICE PRESIDENT,1,A,1,34255,Donald J.,Trump,,HAMILTON,3385,REPUBLICAN,REP
GE 2024,PRESIDENT AND VICE PRESIDENT,1,A,1,34255,Donald J.,Trump,,HENDERSON,2369,REPUBLICAN,REP
GE 2024,PRESIDENT AND VICE PRESIDENT,1,A,1,34255,Donald J.,Trump,,BROWN,1938,REPUBLICAN,REP
GE 2024,PRESIDENT AND VICE PRESIDENT,1,A,1,34255,Donald J.,Trump,,WHITESIDE,14898,REPUBLICAN,REP
GE 2024,PRESIDENT AND VICE PRESIDENT,1,A,1,34255,Donald J.,Trump,,CALHOUN,2059,REPUBLICAN,REP
GE 2024,PRESIDENT AND VICE PRESIDENT,1,A,1,34255,Donald J.,Trump,,WOODFORD,14837,REPUBLICAN,REP
GE 2024,PRESIDENT AND VICE PRESIDENT,1,A,1,34255,Donald J.,Trump,,SALINE,7830,REPUBLICAN,REP
GE 2024,PRESIDENT AND VICE PRESIDENT,1,A,1,34255,Donald J.,Trump,,FORD,4778,REPUBLICAN,REP
GE 2024,PRESIDENT AND VICE PRESIDENT,1,A,1,34255,Donald J.,Trump,,HANCOCK,6708,REPUBLICAN,REP
GE 2024,PRESIDENT AND VICE PRESIDENT,1,A,1,34255,Donald J.,Trump,,MACON,26562,REPUBLICAN,REP
GE 2024,PRESIDENT AND VICE PRESIDENT,1,A,1,34255,Donald J.,Trump,,COLES,13606,REPUBLICAN,REP
GE 2024,PRESIDENT AND VICE PRESIDENT,1,A,1,34255,Donald J.,Trump,,MENARD,4499,REPUBLICAN,REP
GE 2024,PRESIDENT AND VICE PRESIDENT,1,A,1,34255,Donald J.,Trump,,ADAMS,23161,REPUBLICAN,REP
GE 2024,PRESIDENT AND VICE PRESIDENT,1,A,1,34255,Donald J.,Trump,,MERCER,5215,REPUBLICAN,REP
GE 2024,PRESIDENT AND VICE PRESIDENT,1,A,1,34255,Donald J.,Trump,,ALEXANDER,1341,REPUBLICAN,REP
GE 2024,PRESIDENT AND VICE PRESIDENT,1,A,1,34255,Donald J.,Trump,,CLAY,5610,REPUBLICAN,REP
GE 2024,PRESIDENT AND VICE PRESIDENT,1,A,1,34255,Donald J.,Trump,,BOONE,13673,REPUBLICAN,REP
GE 2024,PRESIDENT AND VICE PRESIDENT,1,A,1,34255,Donald J.,Trump,,HENRY,15359,REPUBLICAN,REP
GE 2024,PRESIDENT AND VICE PRESIDENT,1,A,1,34255,Donald J.,Trump,,SANGAMON,50979,REPUBLICAN,REP
GE 2024,PRESIDENT AND VICE PRESIDENT,1,A,1,34255,Donald J.,Trump,,ROCK ISLAND,28061,REPUBLICAN,REP
GE 2024,PRESIDENT AND VICE PRESIDENT,1,A,1,34255,Donald J.,Trump,,KANE,99260,REPUBLICAN,REP
GE 2024,PRESIDENT AND VICE PRESIDENT,1,A,1,34255,Donald J.,Trump,,LAWRENCE,4715,REPUBLICAN,REP
GE 2024,PRESIDENT AND VICE PRESIDENT,1,A,1,34255,Donald J.,Trump,,MADISON,73925,REPUBLICAN,REP
GE 2024,PRESIDENT AND VICE PRESIDENT,1,A,1,34255,Donald J.,Trump,,BUREAU,9784,REPUBLICAN,REP
GE 2024,PRESIDENT AND VICE PRESIDENT,1,A,1,34255,Donald J.,Trump,,OGLE,16450,REPUBLICAN,REP
GE 2024,PRESIDENT AND VICE PRESIDENT,1,A,1,34255,Donald J.,Trump,,CLARK,6130,REPUBLICAN,REP
GE 2024,PRESIDENT AND VICE PRESIDENT,1,A,1,34255,Donald J.,Trump,,PUTNAM,2014,REPUBLICAN,REP
GE 2024,PRESIDENT AND VICE PRESIDENT,1,A,1,34255,Donald J.,Trump,,KENDALL,31970,REPUBLICAN,REP
GE 2024,PRESIDENT AND VICE PRESIDENT,1,A,1,34255,Donald J.,Trump,,LEE,9680,REPUBLICAN,REP
GE 2024,PRESIDENT AND VICE PRESIDENT,1,A,1,34255,Donald J.,Trump,,JoDAVIESS,7136,REPUBLICAN,REP
GE 2024,PRESIDENT AND VICE PRESIDENT,1,A,1,34255,Donald J.,Trump,,POPE,1698,REPUBLICAN,REP
GE 2024,PRESIDENT AND VICE PRESIDENT,1,A,1,34255,Donald J.,Trump,,EFFINGHAM,15124,REPUBLICAN,REP
GE 2024,PRESIDENT AND VICE PRESIDENT,1,A,1,34255,Donald J.,Trump,,MACOUPIN,16065,REPUBLICAN,REP
GE 2024,PRESIDENT AND VICE PRESIDENT,1,A,1,34255,Donald J.,Trump,,CRAWFORD,6727,REPUBLICAN,REP
GE 2024,PRESIDENT AND VICE PRESIDENT,1,A,1,34255,Donald J.,Trump,,PEORIA,36896,REPUBLICAN,REP
GE 2024,PRESIDENT AND VICE PRESIDENT,1,A,1,34255,Donald J.,Trump,,MASON,4464,REPUBLICAN,REP
GE 2024,PRESIDENT AND VICE PRESIDENT,1,A,1,34255,Donald J.,Trump,,McDONOUGH,6987,REPUBLICAN,REP
GE 2024,PRESIDENT AND VICE PRESIDENT,1,A,1,34255,Donald J.,Trump,,GREENE,4719,REPUBLICAN,REP
GE 2024,PRESIDENT AND VICE PRESIDENT,1,A,1,34255,Donald J.,Trump,,WILL,157672,REPUBLICAN,REP
GE 2024,PRESIDENT AND VICE PRESIDENT,1,A,1,34255,Donald J.,Trump,,EDWARDS,2794,REPUBLICAN,REP
GE 2024,PRESIDENT AND VICE PRESIDENT,1,A,1,34255,Donald J.,Trump,,CASS,3712,REPUBLICAN,REP
GE 2024,PRESIDENT AND VICE PRESIDENT,1,A,1,34255,Donald J.,Trump,,HARDIN,1546,REPUBLICAN,REP
GE 2024,PRESIDENT AND VICE PRESIDENT,1,A,1,34255,Donald J.,Trump,,UNION,5837,REPUBLICAN,REP
GE 2024,PRESIDENT AND VICE PRESIDENT,1,A,1,34255,Donald J.,Trump,,FULTON,9827,REPUBLICAN,REP
GE 2024,PRESIDENT AND VICE PRESIDENT,1,A,1,34255,Donald J.,Trump,,LAKE,120402,REPUBLICAN,REP
GE 2024,PRESIDENT AND VICE PRESIDENT,1,A,1,34255,Donald J.,Trump,,WASHINGTON,5892,REPUBLICAN,REP
GE 2024,PRESIDENT AND VICE PRESIDENT,1,A,1,34255,Donald J.,Trump,,JOHNSON,4798,REPUBLICAN,REP
GE 2024,PRESIDENT AND VICE PRESIDENT,1,A,1,34255,Donald J.,Trump,,MORGAN,9607,REPUBLICAN,REP
GE 2024,PRESIDENT AND VICE PRESIDENT,1,A,1,34255,Donald J.,Trump,,SCHUYLER,2720,REPUBLICAN,REP
GE 2024,PRESIDENT AND VICE PRESIDENT,1,A,1,34255,Donald J.,Trump,,SCOTT,2071,REPUBLICAN,REP
GE 2024,PRESIDENT AND VICE PRESIDENT,1,A,1,34255,Donald J.,Trump,,PIKE,6086,REPUBLICAN,REP
GE 2024,PRESIDENT AND VICE PRESIDENT,1,A,1,34255,Donald J.,Trump,,WHITE,5586,REPUBLICAN,REP
GE 2024,PRESIDENT AND VICE PRESIDENT,1,A,1,34255,Donald J.,Trump,,ST. CLAIR,54021,REPUBLICAN,REP
GE 2024,PRESIDENT AND VICE PRESIDENT,1,A,1,34255,Donald J.,Trump,,CUMBERLAND,4627,REPUBLICAN,REP
GE 2024,PRESIDENT AND VICE PRESIDENT,1,A,1,34255,Donald J.,Trump,,MONROE,14055,REPUBLICAN,REP
GE 2024,PRESIDENT AND VICE PRESIDENT,1,A,1,34255,Donald J.,Trump,,MASSAC,4939,REPUBLICAN,REP
GE 2024,PRESIDENT AND VICE PRESIDENT,1,A,1,34255,Donald J.,Trump,,IROQUOIS,10376,REPUBLICAN,REP
GE 2024,PRESIDENT AND VICE PRESIDENT,1,A,1,34255,Donald J.,Trump,,JASPER,4449,REPUBLICAN,REP
GE 2024,PRESIDENT AND VICE PRESIDENT,1,A,1,34255,Donald J.,Trump,,FRANKLIN,13200,REPUBLICAN,REP
GE 2024,PRESIDENT AND VICE PRESIDENT,1,A,1,34255,Donald J.,Trump,,McHENRY,83933,REPUBLICAN,REP
GE 2024,PRESIDENT AND VICE PRESIDENT,1,A,1,34255,Donald J.,Trump,,LaSALLE,30717,REPUBLICAN,REP
GE 2024,PRESIDENT AND VICE PRESIDENT,1,A,1,34255,Donald J.,Trump,,PERRY,6949,REPUBLICAN,REP
GE 2024,PRESIDENT AND VICE PRESIDENT,1,A,1,34255,Donald J.,Trump,,GALLATIN,1923,REPUBLICAN,REP
GE 2024,PRESIDENT AND VICE PRESIDENT,1,A,1,34255,Donald J.,Trump,,WAYNE,7019,REPUBLICAN,REP
GE 2024,PRESIDENT AND VICE PRESIDENT,1,A,1,34255,Donald J.,Trump,,WINNEBAGO,59257,REPUBLICAN,REP
GE 2024,PRESIDENT AND VICE PRESIDENT,1,A,1,34255,Donald J.,Trump,,CHAMPAIGN,32965,REPUBLICAN,REP
GE 2024,PRESIDENT AND VICE PRESIDENT,1,A,1,34255,Donald J.,Trump,,VERMILION,19777,REPUBLICAN,REP
GE 2024,PRESIDENT AND VICE PRESIDENT,1,A,1,34255,Donald J.,Trump,,JACKSON,10614,REPUBLICAN,REP
GE 2024,PRESIDENT AND VICE PRESIDENT,1,A,1,34255,Donald J.,Trump,,DeKALB,22716,REPUBLICAN,REP
GE 2024,PRESIDENT AND VICE PRESIDENT,1,A,1,34255,Donald J.,Trump,,KNOX,11917,REPUBLICAN,REP
GE 2024,PRESIDENT AND VICE PRESIDENT,1,A,1,34255,Donald J.,Trump,,JEFFERSON,12189,REPUBLICAN,REP
GE 2024,PRESIDENT AND VICE PRESIDENT,1,A,1,34255,Donald J.,Trump,,RICHLAND,5889,REPUBLICAN,REP
GE 2024,PRESIDENT AND VICE PRESIDENT,1,A,1,34255,Donald J.,Trump,,GRUNDY,16997,REPUBLICAN,REP
GE 2024,PRESIDENT AND VICE PRESIDENT,1,A,1,34255,Donald J.,Trump,,WARREN,4579,REPUBLICAN,REP
GE 2024,PRESIDENT AND VICE PRESIDENT,1,A,1,34255,Donald J.,Trump,,DuPAGE,191243,REPUBLICAN,REP
GE 2024,PRESIDENT AND VICE PRESIDENT,1,A,1,34255,Donald J.,Trump,,COOK,583852,REPUBLICAN,REP
GE 2024,PRESIDENT AND VICE PRESIDENT,1,A,1,34255,Donald J.,Trump,,McLEAN,40290,REPUBLICAN,REP
GE 2024,PRESIDENT AND VICE PRESIDENT,1,A,1,34255,Donald J.,Trump,,FAYETTE,7847,REPUBLICAN,REP
GE 2024,PRESIDENT AND VICE PRESIDENT,1,A,1,34255,Donald J.,Trump,,MOULTRIE,4816,REPUBLICAN,REP
GE 2024,PRESIDENT AND VICE PRESIDENT,1,A,1,34255,Donald J.,Trump,,PULASKI,1583,REPUBLICAN,REP
GE 2024,PRESIDENT AND VICE PRESIDENT,1,A,1,34255,Donald J.,Trump,,SHELBY,9267,REPUBLICAN,REP
GE 2024,PRESIDENT AND VICE PRESIDENT,1,A,1,34255,Donald J.,Trump,,STARK,1983,REPUBLICAN,REP
GE 2024,PRESIDENT AND VICE PRESIDENT,1,A,1,34255,Donald J.,Trump,,TAZEWELL,42451,REPUBLICAN,REP
GE 2024,PRESIDENT AND VICE PRESIDENT,1,A,1,34255,Donald J.,Trump,,MARION,12409,REPUBLICAN,REP
GE 2024,PRESIDENT AND VICE PRESIDENT,1,A,1,34238,Robert F.,Kennedy Jr.,,WABASH,82,INDEPENDENT,IND
GE 2024,PRESIDENT AND VICE PRESIDENT,1,A,1,34238,Robert F.,Kennedy Jr.,,KANKAKEE,831,INDEPENDENT,IND
GE 2024,PRESIDENT AND VICE PRESIDENT,1,A,1,34238,Robert F.,Kennedy Jr.,,JERSEY,191,INDEPENDENT,IND
GE 2024,PRESIDENT AND VICE PRESIDENT,1,A,1,34238,Robert F.,Kennedy Jr.,,CHRISTIAN,230,INDEPENDENT,IND
GE 2024,PRESIDENT AND VICE PRESIDENT,1,A,1,34238,Robert F.,Kennedy Jr.,,WILLIAMSON,422,INDEPENDENT,IND
GE 2024,PRESIDENT AND VICE PRESIDENT,1,A,1,34238,Robert F.,Kennedy Jr.,,DeWITT,149,INDEPENDENT,IND
GE 2024,PRESIDENT AND VICE PRESIDENT,1,A,1,34238,Robert F.,Kennedy Jr.,,DOUGLAS,130,INDEPENDENT,IND
GE 2024,PRESIDENT AND VICE PRESIDENT,1,A,1,34238,Robert F.,Kennedy Jr.,,BOND,172,INDEPENDENT,IND
GE 2024,PRESIDENT AND VICE PRESIDENT,1,A,1,34238,Robert F.,Kennedy Jr.,,STEPHENSON,340,INDEPENDENT,IND
GE 2024,PRESIDENT AND VICE PRESIDENT,1,A,1,34238,Robert F.,Kennedy Jr.,,LOGAN,255,INDEPENDENT,IND
GE 2024,PRESIDENT AND VICE PRESIDENT,1,A,1,34238,Robert F.,Kennedy Jr.,,RANDOLPH,247,INDEPENDENT,IND
GE 2024,PRESIDENT AND VICE PRESIDENT,1,A,1,34238,Robert F.,Kennedy Jr.,,LIVINGSTON,257,INDEPENDENT,IND
GE 2024,PRESIDENT AND VICE PRESIDENT,1,A,1,34238,Robert F.,Kennedy Jr.,,CARROLL,154,INDEPENDENT,IND
GE 2024,PRESIDENT AND VICE PRESIDENT,1,A,1,34238,Robert F.,Kennedy Jr.,,MARSHALL,95,INDEPENDENT,IND
GE 2024,PRESIDENT AND VICE PRESIDENT,1,A,1,34238,Robert F.,Kennedy Jr.,,CLINTON,361,INDEPENDENT,IND
GE 2024,PRESIDENT AND VICE PRESIDENT,1,A,1,34238,Robert F.,Kennedy Jr.,,EDGAR,135,INDEPENDENT,IND
GE 2024,PRESIDENT AND VICE PRESIDENT,1,A,1,34238,Robert F.,Kennedy Jr.,,PIATT,188,INDEPENDENT,IND
GE 2024,PRESIDENT AND VICE PRESIDENT,1,A,1,34238,Robert F.,Kennedy Jr.,,HAMILTON,57,INDEPENDENT,IND
GE 2024,PRESIDENT AND VICE PRESIDENT,1,A,1,34238,Robert F.,Kennedy Jr.,,HENDERSON,67,INDEPENDENT,IND
GE 2024,PRESIDENT AND VICE PRESIDENT,1,A,1,34238,Robert F.,Kennedy Jr.,,BROWN,50,INDEPENDENT,IND
GE 2024,PRESIDENT AND VICE PRESIDENT,1,A,1,34238,Robert F.,Kennedy Jr.,,WHITESIDE,519,INDEPENDENT,IND
GE 2024,PRESIDENT AND VICE PRESIDENT,1,A,1,34238,Robert F.,Kennedy Jr.,,CALHOUN,61,INDEPENDENT,IND
GE 2024,PRESIDENT AND VICE PRESIDENT,1,A,1,34238,Robert F.,Kennedy Jr.,,WOODFORD,318,INDEPENDENT,IND
GE 2024,PRESIDENT AND VICE PRESIDENT,1,A,1,34238,Robert F.,Kennedy Jr.,,SALINE,138,INDEPENDENT,IND
GE 2024,PRESIDENT AND VICE PRESIDENT,1,A,1,34238,Robert F.,Kennedy Jr.,,FORD,126,INDEPENDENT,IND
GE 2024,PRESIDENT AND VICE PRESIDENT,1,A,1,34238,Robert F.,Kennedy Jr.,,HANCOCK,167,INDEPENDENT,IND
GE 2024,PRESIDENT AND VICE PRESIDENT,1,A,1,34238,Robert F.,Kennedy Jr.,,MACON,653,INDEPENDENT,IND
GE 2024,PRESIDENT AND VICE PRESIDENT,1,A,1,34238,Robert F.,Kennedy Jr.,,COLES,368,INDEPENDENT,IND
GE 2024,PRESIDENT AND VICE PRESIDENT,1,A,1,34238,Robert F.,Kennedy Jr.,,MENARD,90,INDEPENDENT,IND
GE 2024,PRESIDENT AND VICE PRESIDENT,1,A,1,34238,Robert F.,Kennedy Jr.,,ADAMS,472,INDEPENDENT,IND
GE 2024,PRESIDENT AND VICE PRESIDENT,1,A,1,34238,Robert F.,Kennedy Jr.,,MERCER,180,INDEPENDENT,IND
GE 2024,PRESIDENT AND VICE PRESIDENT,1,A,1,34238,Robert F.,Kennedy Jr.,,ALEXANDER,26,INDEPENDENT,IND
GE 2024,PRESIDENT AND VICE PRESIDENT,1,A,1,34238,Robert F.,Kennedy Jr.,,CLAY,102,INDEPENDENT,IND
GE 2024,PRESIDENT AND VICE PRESIDENT,1,A,1,34238,Robert F.,Kennedy Jr.,,BOONE,384,INDEPENDENT,IND
GE 2024,PRESIDENT AND VICE PRESIDENT,1,A,1,34238,Robert F.,Kennedy Jr.,,HENRY,477,INDEPENDENT,IND
GE 2024,PRESIDENT AND VICE PRESIDENT,1,A,1,34238,Robert F.,Kennedy Jr.,,SANGAMON,1792,INDEPENDENT,IND
GE 2024,PRESIDENT AND VICE PRESIDENT,1,A,1,34238,Robert F.,Kennedy Jr.,,ROCK ISLAND,1080,INDEPENDENT,IND
GE 2024,PRESIDENT AND VICE PRESIDENT,1,A,1,34238,Robert F.,Kennedy Jr.,,KANE,3027,INDEPENDENT,IND
GE 2024,PRESIDENT AND VICE PRESIDENT,1,A,1,34238,Robert F.,Kennedy Jr.,,LAWRENCE,105,INDEPENDENT,IND
GE 2024,PRESIDENT AND VICE PRESIDENT,1,A,1,34238,Robert F.,Kennedy Jr.,,MADISON,2333,INDEPENDENT,IND
GE 2024,PRESIDENT AND VICE PRESIDENT,1,A,1,34238,Robert F.,Kennedy Jr.,,BUREAU,308,INDEPENDENT,IND
GE 2024,PRESIDENT AND VICE PRESIDENT,1,A,1,34238,Robert F.,Kennedy Jr.,,OGLE,416,INDEPENDENT,IND
GE 2024,PRESIDENT AND VICE PRESIDENT,1,A,1,34238,Robert F.,Kennedy Jr.,,CLARK,146,INDEPENDENT,IND
GE 2024,PRESIDENT AND VICE PRESIDENT,1,A,1,34238,Robert F.,Kennedy Jr.,,PUTNAM,63,INDEPENDENT,IND
GE 2024,PRESIDENT AND VICE PRESIDENT,1,A,1,34238,Robert F.,Kennedy Jr.,,KENDALL,1023,INDEPENDENT,IND
GE 2024,PRESIDENT AND VICE PRESIDENT,1,A,1,34238,Robert F.,Kennedy Jr.,,LEE,306,INDEPENDENT,IND
GE 2024,PRESIDENT AND VICE PRESIDENT,1,A,1,34238,Robert F.,Kennedy Jr.,,JoDAVIESS,198,INDEPENDENT,IND
GE 2024,PRESIDENT AND VICE PRESIDENT,1,A,1,34238,Robert F.,Kennedy Jr.,,POPE,18,INDEPENDENT,IND
GE 2024,PRESIDENT AND VICE PRESIDENT,1,A,1,34238,Robert F.,Kennedy Jr.,,EFFINGHAM,321,INDEPENDENT,IND
GE 2024,PRESIDENT AND VICE PRESIDENT,1,A,1,34238,Robert F.,Kennedy Jr.,,MACOUPIN,446,INDEPENDENT,IND
GE 2024,PRESIDENT AND VICE PRESIDENT,1,A,1,34238,Robert F.,Kennedy Jr.,,CRAWFORD,152,INDEPENDENT,IND
GE 2024,PRESIDENT AND VICE PRESIDENT,1,A,1,34238,Robert F.,Kennedy Jr.,,PEORIA,1271,INDEPENDENT,IND
GE 2024,PRESIDENT AND VICE PRESIDENT,1,A,1,34238,Robert F.,Kennedy Jr.,,MASON,134,INDEPENDENT,IND
GE 2024,PRESIDENT AND VICE PRESIDENT,1,A,1,34238,Robert F.,Kennedy Jr.,,McDONOUGH,217,INDEPENDENT,IND
GE 2024,PRESIDENT AND VICE PRESIDENT,1,A,1,34238,Robert F.,Kennedy Jr.,,GREENE,115,INDEPENDENT,IND
GE 2024,PRESIDENT AND VICE PRESIDENT,1,A,1,34238,Robert F.,Kennedy Jr.,,WILL,4425,INDEPENDENT,IND
GE 2024,PRESIDENT AND VICE PRESIDENT,1,A,1,34238,Robert F.,Kennedy Jr.,,EDWARDS,37,INDEPENDENT,IND
GE 2024,PRESIDENT AND VICE PRESIDENT,1,A,1,34238,Robert F.,Kennedy Jr.,,CASS,91,INDEPENDENT,IND
GE 2024,PRESIDENT AND VICE PRESIDENT,1,A,1,34238,Robert F.,Kennedy Jr.,,HARDIN,22,INDEPENDENT,IND
GE 2024,PRESIDENT AND VICE PRESIDENT,1,A,1,34238,Robert F.,Kennedy Jr.,,UNION,102,INDEPENDENT,IND
GE 2024,PRESIDENT AND VICE PRESIDENT,1,A,1,34238,Robert F.,Kennedy Jr.,,FULTON,330,INDEPENDENT,IND
GE 2024,PRESIDENT AND VICE PRESIDENT,1,A,1,34238,Robert F.,Kennedy Jr.,,LAKE,4279,INDEPENDENT,IND
GE 2024,PRESIDENT AND VICE PRESIDENT,1,A,1,34238,Robert F.,Kennedy Jr.,,WASHINGTON,105,INDEPENDENT,IND
GE 2024,PRESIDENT AND VICE PRESIDENT,1,A,1,34238,Robert F.,Kennedy Jr.,,JOHNSON,64,INDEPENDENT,IND
GE 2024,PRESIDENT AND VICE PRESIDENT,1,A,1,34238,Robert F.,Kennedy Jr.,,MORGAN,194,INDEPENDENT,IND
GE 2024,PRESIDENT AND VICE PRESIDENT,1,A,1,34238,Robert F.,Kennedy Jr.,,SCHUYLER,75,INDEPENDENT,IND
GE 2024,PRESIDENT AND VICE PRESIDENT,1,A,1,34238,Robert F.,Kennedy Jr.,,SCOTT,28,INDEPENDENT,IND
GE 2024,PRESIDENT AND VICE PRESIDENT,1,A,1,34238,Robert F.,Kennedy Jr.,,PIKE,118,INDEPENDENT,IND
GE 2024,PRESIDENT AND VICE PRESIDENT,1,A,1,34238,Robert F.,Kennedy Jr.,,WHITE,88,INDEPENDENT,IND
GE 2024,PRESIDENT AND VICE PRESIDENT,1,A,1,34238,Robert F.,Kennedy Jr.,,ST. CLAIR,2201,INDEPENDENT,IND
GE 2024,PRESIDENT AND VICE PRESIDENT,1,A,1,34238,Robert F.,Kennedy Jr.,,CUMBERLAND,82,INDEPENDENT,IND
GE 2024,PRESIDENT AND VICE PRESIDENT,1,A,1,34238,Robert F.,Kennedy Jr.,,MONROE,361,INDEPENDENT,IND
GE 2024,PRESIDENT AND VICE PRESIDENT,1,A,1,34238,Robert F.,Kennedy Jr.,,MASSAC,54,INDEPENDENT,IND
GE 2024,PRESIDENT AND VICE PRESIDENT,1,A,1,34238,Robert F.,Kennedy Jr.,,IROQUOIS,184,INDEPENDENT,IND
GE 2024,PRESIDENT AND VICE PRESIDENT,1,A,1,34238,Robert F.,Kennedy Jr.,,JASPER,60,INDEPENDENT,IND
GE 2024,PRESIDENT AND VICE PRESIDENT,1,A,1,34238,Robert F.,Kennedy Jr.,,FRANKLIN,228,INDEPENDENT,IND
GE 2024,PRESIDENT AND VICE PRESIDENT,1,A,1,34238,Robert F.,Kennedy Jr.,,McHENRY,2396,INDEPENDENT,IND
GE 2024,PRESIDENT AND VICE PRESIDENT,1,A,1,34238,Robert F.,Kennedy Jr.,,LaSALLE,686,INDEPENDENT,IND
GE 2024,PRESIDENT AND VICE PRESIDENT,1,A,1,34238,Robert F.,Kennedy Jr.,,PERRY,146,INDEPENDENT,IND
GE 2024,PRESIDENT AND VICE PRESIDENT,1,A,1,34238,Robert F.,Kennedy Jr.,,GALLATIN,45,INDEPENDENT,IND
GE 2024,PRESIDENT AND VICE PRESIDENT,1,A,1,34238,Robert F.,Kennedy Jr.,,WAYNE,93,INDEPENDENT,IND
GE 2024,PRESIDENT AND VICE PRESIDENT,1,A,1,34238,Robert F.,Kennedy Jr.,,WINNEBAGO,1849,INDEPENDENT,IND
GE 2024,PRESIDENT AND VICE PRESIDENT,1,A,1,34238,Robert F.,Kennedy Jr.,,CHAMPAIGN,1348,INDEPENDENT,IND
GE 2024,PRESIDENT AND VICE PRESIDENT,1,A,1,34238,Robert F.,Kennedy Jr.,,VERMILION,478,INDEPENDENT,IND
GE 2024,PRESIDENT AND VICE PRESIDENT,1,A,1,34238,Robert F.,Kennedy Jr.,,JACKSON,323,INDEPENDENT,IND
GE 2024,PRESIDENT AND VICE PRESIDENT,1,A,1,34238,Robert F.,Kennedy Jr.,,DeKALB,822,INDEPENDENT,IND
GE 2024,PRESIDENT AND VICE PRESIDENT,1,A,1,34238,Robert F.,Kennedy Jr.,,KNOX,420,INDEPENDENT,IND
GE 2024,PRESIDENT AND VICE PRESIDENT,1,A,1,34238,Robert F.,Kennedy Jr.,,JEFFERSON,210,INDEPENDENT,IND
GE 2024,PRESIDENT AND VICE PRESIDENT,1,A,1,34238,Robert F.,Kennedy Jr.,,RICHLAND,107,INDEPENDENT,IND
GE 2024,PRESIDENT AND VICE PRESIDENT,1,A,1,34238,Robert F.,Kennedy Jr.,,GRUNDY,399,INDEPENDENT,IND
GE 2024,PRESIDENT AND VICE PRESIDENT,1,A,1,34238,Robert F.,Kennedy Jr.,,WARREN,142,INDEPENDENT,IND
GE 2024,PRESIDENT AND VICE PRESIDENT,1,A,1,34238,Robert F.,Kennedy Jr.,,DuPAGE,7253,INDEPENDENT,IND
GE 2024,PRESIDENT AND VICE PRESIDENT,1,A,1,34238,Robert F.,Kennedy Jr.,,COOK,25127,INDEPENDENT,IND
GE 2024,PRESIDENT AND VICE PRESIDENT,1,A,1,34238,Robert F.,Kennedy Jr.,,McLEAN,1383,INDEPENDENT,IND
GE 2024,PRESIDENT AND VICE PRESIDENT,1,A,1,34238,Robert F.,Kennedy Jr.,,FAYETTE,122,INDEPENDENT,IND
GE 2024,PRESIDENT AND VICE PRESIDENT,1,A,1,34238,Robert F.,Kennedy Jr.,,MARION,231,INDEPENDENT,IND
GE 2024,COOK CIRCUIT - RETAIN FLANAGAN,1,RC,30001,33907,Kathy M.,Flanagan - NO,,COOK,593495,,
GE 2024,COOK CIRCUIT - RETAIN FLANAGAN,1,RC,30001,33906,Kathy M.,Flanagan - YES,,COOK,989590,,
GE 2024,COOK CIRCUIT - RETAIN LUBIN,1,RC,30003,33909,Stuart F.,Lubin - NO,,COOK,387544,,
GE 2024,COOK CIRCUIT - RETAIN LUBIN,1,RC,30003,33908,Stuart F.,Lubin - YES,,COOK,1104826,,
GE 2024,COOK CIRCUIT - RETAIN AGRAN,1,RC,30005,33911,Martin S.,Agran - NO,,COOK,375369,,
GE 2024,COOK CIRCUIT - RETAIN AGRAN,1,RC,30005,33910,Martin S.,Agran - YES,,COOK,1096639,,
GE 2024,COOK CIRCUIT - RETAIN BRENNAN,1,RC,30019,33925,Daniel Patrick,Brennan - NO,,COOK,349121,,
GE 2024,COOK CIRCUIT - RETAIN BRENNAN,1,RC,30019,33924,Daniel Patrick,Brennan - YES,,COOK,1117040,,
GE 2024,COOK CIRCUIT - RETAIN GAMBONEY,1,RC,30059,33945,William G.,Gamboney - NO,,COOK,387456,,
GE 2024,COOK CIRCUIT - RETAIN GAMBONEY,1,RC,30059,33944,William G.,Gamboney - YES,,COOK,1049930,,
GE 2024,COOK CIRCUIT- RETAIN JEAN-BAPTISTE,1,RC,30043,33951,Lionel,Jean-Baptiste - NO,,COOK,383122,,
GE 2024,COOK CIRCUIT- RETAIN JEAN-BAPTISTE,1,RC,30043,33950,Lionel,Jean-Baptiste - YES,,COOK,1071416,,
GE 2024,COOK CIRCUIT - RETAIN CLANCY,1,RC,30045,33953,Michael R.,Clancy - NO,,COOK,376067,,
GE 2024,COOK CIRCUIT - RETAIN CLANCY,1,RC,30045,33952,Michael R.,Clancy - YES,,COOK,1073487,,
GE 2024,COOK CIRCUIT - RETAIN BOYD,1,RC,30051,33959,Carl B.,Boyd - NO,,COOK,481872,,
GE 2024,COOK CIRCUIT - RETAIN BOYD,1,RC,30051,33958,Carl B.,Boyd - YES,,COOK,974805,,
GE 2024,COOK CIRCUIT - RETAIN DEGNAN,1,RC,30053,33961,Daniel R.,Degnan - NO,,COOK,374471,,
GE 2024,COOK CIRCUIT - RETAIN DEGNAN,1,RC,30053,33960,Daniel R.,Degnan - YES,,COOK,1067149,,
GE 2024,COOK CIRCUIT - RETAIN HAYES,1,RC,30061,33967,Elizabeth Mary,Hayes - NO,,COOK,306943,,
GE 2024,COOK CIRCUIT - RETAIN HAYES,1,RC,30061,33966,Elizabeth Mary,Hayes - YES,,COOK,1145709,,
GE 2024,COOK CIRCUIT - RETAIN KELLEY,1,RC,30063,33969,Martin C.,Kelley - NO,,COOK,395672,,
GE 2024,COOK CIRCUIT - RETAIN KELLEY,1,RC,30063,33968,Martin C.,Kelley - YES,,COOK,1050071,,
GE 2024,COOK CIRCUIT - RETAIN MARINO,1,RC,30069,33975,Lisa Ann,Marino - NO,,COOK,526070,,
GE 2024,COOK CIRCUIT - RETAIN MARINO,1,RC,30069,33974,Lisa Ann,Marino - YES,,COOK,941721,,
GE 2024,COOK CIRCUIT - RETAIN K. O'MALLEY,1,RC,30073,33979,Karen Lynn,O'Malley - NO,,COOK,344452,,
GE 2024,COOK CIRCUIT - RETAIN K. O'MALLEY,1,RC,30073,33978,Karen Lynn,O'Malley - YES,,COOK,1107997,,
GE 2024,COOK CIRCUIT - RETAIN PAVLUS,1,RC,30075,33981,Paul S.,Pavlus - NO,,COOK,389488,,
GE 2024,COOK CIRCUIT - RETAIN PAVLUS,1,RC,30075,33980,Paul S.,Pavlus - YES,,COOK,1044073,,
GE 2024,27TH SENATE,1,J,127,34252,Tom,Schlenhardt,,COOK,39769,REPUBLICAN,REP
GE 2024,27TH SENATE,1,J,127,34089,Mark L.,Walker,,COOK,53917,DEMOCRATIC,DEM
GE 2024,COOK CIRCUIT - RETAIN HOWARD,1,RC,30023,33929,Carol M.,Howard - NO,,COOK,332009,,
GE 2024,COOK CIRCUIT - RETAIN HOWARD,1,RC,30023,33928,Carol M.,Howard - YES,,COOK,1143651,,
GE 2024,COOK CIRCUIT - RETAIN MARISIE,1,RC,30025,33931,Jill C.,Marisie - NO,,COOK,342850,,
GE 2024,COOK CIRCUIT - RETAIN MARISIE,1,RC,30025,33930,Jill C.,Marisie - YES,,COOK,1120214,,
GE 2024,COOK CIRCUIT - RETAIN QUISH,1,RC,30081,33987,Clare Joyce,Quish - NO,,COOK,369577,,
GE 2024,COOK CIRCUIT - RETAIN QUISH,1,RC,30081,33986,Clare Joyce,Quish - YES,,COOK,1060982,,
GE 2024,COOK CIRCUIT - RETAIN HORAN,1,RC,30087,33993,Cecilia Anne,Horan - NO,,COOK,350472,,
GE 2024,COOK CIRCUIT - RETAIN HORAN,1,RC,30087,33992,Cecilia Anne,Horan - YES,,COOK,1088846,,
GE 2024,COOK CIRCUIT - RETAIN ROSADO,1,RC,30089,33995,Joanne F.,Rosado - NO,,COOK,320088,,
GE 2024,COOK CIRCUIT - RETAIN ROSADO,1,RC,30089,33994,Joanne F.,Rosado - YES,,COOK,1118871,,
GE 2024,COOK CIRCUIT - RETAIN HAGERTY,1,RC,30127,34033,Jack,Hagerty - NO,,COOK,349571,,
GE 2024,COOK CIRCUIT - RETAIN HAGERTY,1,RC,30127,34032,Jack,Hagerty - YES,,COOK,1066688,,
GE 2024,COOK CIRCUIT - RETAIN HUGE,1,RC,30129,34035,Lindsay,Huge  - NO,,COOK,330348,,
GE 2024,COOK CIRCUIT - RETAIN HUGE,1,RC,30129,34034,Lindsay,Huge - YES,,COOK,1085670,,
GE 2024,COOK CIRCUIT - RETAIN McKENNA,1,RC,30135,34041,Scott,McKenna - NO,,COOK,337095,,
GE 2024,COOK CIRCUIT - RETAIN McKENNA,1,RC,30135,34040,Scott,McKenna - YES,,COOK,1082857,,
GE 2024,COOK CIRCUIT - RETAIN S. O'MALLEY,1,RC,30137,34042,Shannon,O'Malley - YES,,COOK,839085,,
GE 2024,COOK CIRCUIT - RETAIN S. O'MALLEY,1,RC,30137,34043,Shannon,O'Malley - NO,,COOK,609251,,
GE 2024,COOK CIRCUIT - RETAIN SHAPIRO,1,RC,30143,34049,"James ""Jamie""",Shapiro - NO,,COOK,442987,,
GE 2024,COOK CIRCUIT - RETAIN SHAPIRO,1,RC,30143,34048,"James ""Jamie""",Shapiro - YES,,COOK,982069,,
GE 2024,COOK CIRCUIT - RETAIN SIANIS,1,RC,30145,34051,Tom Sam,Sianis - NO,,COOK,364609,,
GE 2024,COOK CIRCUIT - RETAIN SIANIS,1,RC,30145,34050,Tom Sam,Sianis - YES,,COOK,1049952,,
GE 2024,COOK CIRCUIT - RETAIN WEBBER,1,RC,30151,34057,Andrea Michelle,Webber - NO,,COOK,288792,,
GE 2024,COOK CIRCUIT - RETAIN WEBBER,1,RC,30151,34056,Andrea Michelle,Webber - YES,,COOK,1140947,,
GE 2024,COOK CIRCUIT - RETAIN WILLIS,1,RC,30153,34059,Arthur Wesley,Willis - NO,,COOK,330895,,
GE 2024,COOK CIRCUIT - RETAIN WILLIS,1,RC,30153,34058,Arthur Wesley,Willis - YES,,COOK,1098741,,
GE 2024,9TH CIRCUIT - RETAIN BEAL,1,RC,905,34069,Bruce C.,Beal - NO,,HENDERSON,454,,
GE 2024,9TH CIRCUIT - RETAIN BEAL,1,RC,905,34069,Bruce C.,Beal - NO,,HANCOCK,1247,,
GE 2024,9TH CIRCUIT - RETAIN BEAL,1,RC,905,34069,Bruce C.,Beal - NO,,McDONOUGH,1710,,
GE 2024,9TH CIRCUIT - RETAIN BEAL,1,RC,905,34069,Bruce C.,Beal - NO,,FULTON,3317,,
GE 2024,9TH CIRCUIT - RETAIN BEAL,1,RC,905,34069,Bruce C.,Beal - NO,,KNOX,3751,,
GE 2024,9TH CIRCUIT - RETAIN BEAL,1,RC,905,34069,Bruce C.,Beal - NO,,WARREN,927,,
GE 2024,9TH CIRCUIT - RETAIN BEAL,1,RC,905,34068,Bruce C.,Beal - YES,,HENDERSON,2324,,
GE 2024,9TH CIRCUIT - RETAIN BEAL,1,RC,905,34068,Bruce C.,Beal - YES,,HANCOCK,6492,,
GE 2024,9TH CIRCUIT - RETAIN BEAL,1,RC,905,34068,Bruce C.,Beal - YES,,McDONOUGH,7929,,
GE 2024,9TH CIRCUIT - RETAIN BEAL,1,RC,905,34068,Bruce C.,Beal - YES,,FULTON,10716,,
GE 2024,9TH CIRCUIT - RETAIN BEAL,1,RC,905,34068,Bruce C.,Beal - YES,,KNOX,14589,,
GE 2024,9TH CIRCUIT - RETAIN BEAL,1,RC,905,34068,Bruce C.,Beal - YES,,WARREN,5330,,
GE 2024,9TH CIRCUIT - RETAIN STANDARD,1,RC,903,34078,James,Standard - NO,,HENDERSON,587,,
GE 2024,9TH CIRCUIT - RETAIN STANDARD,1,RC,903,34078,James,Standard - NO,,HANCOCK,1349,,
GE 2024,9TH CIRCUIT - RETAIN STANDARD,1,RC,903,34078,James,Standard - NO,,McDONOUGH,1840,,
GE 2024,9TH CIRCUIT - RETAIN STANDARD,1,RC,903,34078,James,Standard - NO,,FULTON,2734,,
GE 2024,9TH CIRCUIT - RETAIN STANDARD,1,RC,903,34078,James,Standard - NO,,KNOX,4236,,
GE 2024,9TH CIRCUIT - RETAIN STANDARD,1,RC,903,34078,James,Standard - NO,,WARREN,1623,,
GE 2024,9TH CIRCUIT - RETAIN STANDARD,1,RC,903,34079,James,Standard - YES,,HENDERSON,2286,,
GE 2024,9TH CIRCUIT - RETAIN STANDARD,1,RC,903,34079,James,Standard - YES,,HANCOCK,6376,,
GE 2024,9TH CIRCUIT - RETAIN STANDARD,1,RC,903,34079,James,Standard - YES,,McDONOUGH,7782,,
GE 2024,9TH CIRCUIT - RETAIN STANDARD,1,RC,903,34079,James,Standard - YES,,FULTON,10906,,
GE 2024,9TH CIRCUIT - RETAIN STANDARD,1,RC,903,34079,James,Standard - YES,,KNOX,14345,,
GE 2024,9TH CIRCUIT - RETAIN STANDARD,1,RC,903,34079,James,Standard - YES,,WARREN,4969,,
GE 2024,10TH CIRCUIT - RETAIN GORMAN,1,RC,1001,34081,Kate,Gorman - NO,,STARK,425,,
GE 2024,10TH CIRCUIT - RETAIN GORMAN,1,RC,1001,34081,Kate,Gorman - NO,,TAZEWELL,8151,,
GE 2024,10TH CIRCUIT - RETAIN GORMAN,1,RC,1001,34081,Kate,Gorman - NO,,MARSHALL,805,,
GE 2024,10TH CIRCUIT - RETAIN GORMAN,1,RC,1001,34081,Kate,Gorman - NO,,PUTNAM,459,,
GE 2024,10TH CIRCUIT - RETAIN GORMAN,1,RC,1001,34081,Kate,Gorman - NO,,PEORIA,10938,,
GE 2024,10TH CIRCUIT - RETAIN GORMAN,1,RC,1001,34080,Kate,Gorman - YES,,STARK,1927,,
GE 2024,10TH CIRCUIT - RETAIN GORMAN,1,RC,1001,34080,Kate,Gorman - YES,,TAZEWELL,50767,,
GE 2024,10TH CIRCUIT - RETAIN GORMAN,1,RC,1001,34080,Kate,Gorman - YES,,MARSHALL,4206,,
GE 2024,10TH CIRCUIT - RETAIN GORMAN,1,RC,1001,34080,Kate,Gorman - YES,,PUTNAM,2274,,
GE 2024,10TH CIRCUIT - RETAIN GORMAN,1,RC,1001,34080,Kate,Gorman - YES,,PEORIA,52837,,
GE 2024,12TH CIRCUIT - RETAIN CORNELIUS,1,RC,1201,34090,Vincent F.,Cornelius - NO,,WILL,81424,,
GE 2024,12TH CIRCUIT - RETAIN CORNELIUS,1,RC,1201,34092,Vincent F.,Cornelius - YES,,WILL,203160,,
GE 2024,1ST CIRCUIT - RETAIN WITTIG,1,RC,106,34095,Cord Zachary,Wittig - NO,,PULASKI,455,,
GE 2024,1ST CIRCUIT - RETAIN WITTIG,1,RC,106,34095,Cord Zachary,Wittig - NO,,WILLIAMSON,6232,,
GE 2024,1ST CIRCUIT - RETAIN WITTIG,1,RC,106,34095,Cord Zachary,Wittig - NO,,SALINE,2020,,
GE 2024,1ST CIRCUIT - RETAIN WITTIG,1,RC,106,34095,Cord Zachary,Wittig - NO,,ALEXANDER,453,,
GE 2024,1ST CIRCUIT - RETAIN WITTIG,1,RC,106,34095,Cord Zachary,Wittig - NO,,POPE,432,,
GE 2024,1ST CIRCUIT - RETAIN WITTIG,1,RC,106,34095,Cord Zachary,Wittig - NO,,UNION,1501,,
GE 2024,1ST CIRCUIT - RETAIN WITTIG,1,RC,106,34093,Cord Zachary,Wittig - YES,,ALEXANDER,1395,,
GE 2024,1ST CIRCUIT - RETAIN WITTIG,1,RC,106,34093,Cord Zachary,Wittig - YES,,POPE,1296,,
GE 2024,1ST CIRCUIT - RETAIN WITTIG,1,RC,106,34093,Cord Zachary,Wittig - YES,,UNION,5576,,
GE 2024,1ST CIRCUIT - RETAIN WITTIG,1,RC,106,34093,Cord Zachary,Wittig - YES,,JOHNSON,3844,,
GE 2024,1ST CIRCUIT - RETAIN WITTIG,1,RC,106,34093,Cord Zachary,Wittig - YES,,MASSAC,4938,,
GE 2024,1ST CIRCUIT - RETAIN WITTIG,1,RC,106,34093,Cord Zachary,Wittig - YES,,JACKSON,13077,,
GE 2024,1ST CIRCUIT - RETAIN WITTIG,1,RC,106,34095,Cord Zachary,Wittig - NO,,JOHNSON,1115,,
GE 2024,1ST CIRCUIT - RETAIN WITTIG,1,RC,106,34095,Cord Zachary,Wittig - NO,,MASSAC,731,,
GE 2024,1ST CIRCUIT - RETAIN WITTIG,1,RC,106,34095,Cord Zachary,Wittig - NO,,JACKSON,4513,,
GE 2024,1ST CIRCUIT - RETAIN WITTIG,1,RC,106,34093,Cord Zachary,Wittig - YES,,PULASKI,1453,,
GE 2024,1ST CIRCUIT - RETAIN WITTIG,1,RC,106,34093,Cord Zachary,Wittig - YES,,WILLIAMSON,21417,,
GE 2024,1ST CIRCUIT - RETAIN WITTIG,1,RC,106,34093,Cord Zachary,Wittig - YES,,SALINE,6244,,
GE 2024,13TH CIRCUIT - RETAIN HOLLAND,1,RC,1303,34100,Troy,Holland - NO,,BUREAU,2319,,
GE 2024,13TH CIRCUIT - RETAIN HOLLAND,1,RC,1303,34100,Troy,Holland - NO,,LaSALLE,8429,,
GE 2024,13TH CIRCUIT - RETAIN HOLLAND,1,RC,1303,34100,Troy,Holland - NO,,GRUNDY,4706,,
GE 2024,13TH CIRCUIT - RETAIN HOLLAND,1,RC,1303,34099,Troy,Holland - YES,,BUREAU,11278,,
GE 2024,13TH CIRCUIT - RETAIN HOLLAND,1,RC,1303,34099,Troy,Holland - YES,,LaSALLE,38137,,
GE 2024,13TH CIRCUIT - RETAIN HOLLAND,1,RC,1303,34099,Troy,Holland - YES,,GRUNDY,17003,,
GE 2024,2ND CIRCUIT - RETAIN MORGAN,1,RC,201,34113,Melissa,Morgan - NO,,WABASH,997,,
GE 2024,2ND CIRCUIT - RETAIN MORGAN,1,RC,201,34113,Melissa,Morgan - NO,,HAMILTON,1016,,
GE 2024,2ND CIRCUIT - RETAIN MORGAN,1,RC,201,34113,Melissa,Morgan - NO,,LAWRENCE,1045,,
GE 2024,2ND CIRCUIT - RETAIN MORGAN,1,RC,201,34113,Melissa,Morgan - NO,,CRAWFORD,1422,,
GE 2024,2ND CIRCUIT - RETAIN MORGAN,1,RC,201,34112,Melissa,Morgan - YES,,JEFFERSON,11200,,
GE 2024,2ND CIRCUIT - RETAIN MORGAN,1,RC,201,34112,Melissa,Morgan - YES,,RICHLAND,4776,,
GE 2024,2ND CIRCUIT - RETAIN MORGAN,1,RC,201,34112,Melissa,Morgan - YES,,EDWARDS,2074,,
GE 2024,2ND CIRCUIT - RETAIN MORGAN,1,RC,201,34112,Melissa,Morgan - YES,,HARDIN,1201,,
GE 2024,2ND CIRCUIT - RETAIN MORGAN,1,RC,201,34112,Melissa,Morgan - YES,,WHITE,4519,,
GE 2024,2ND CIRCUIT - RETAIN MORGAN,1,RC,201,34112,Melissa,Morgan - YES,,FRANKLIN,12393,,
GE 2024,2ND CIRCUIT - RETAIN MORGAN,1,RC,201,34112,Melissa,Morgan - YES,,GALLATIN,1422,,
GE 2024,2ND CIRCUIT - RETAIN MORGAN,1,RC,201,34112,Melissa,Morgan - YES,,WAYNE,5763,,
GE 2024,2ND CIRCUIT - RETAIN MORGAN,1,RC,201,34113,Melissa,Morgan - NO,,WAYNE,1447,,
GE 2024,2ND CIRCUIT - RETAIN MORGAN,1,RC,201,34113,Melissa,Morgan - NO,,JEFFERSON,2845,,
GE 2024,2ND CIRCUIT - RETAIN MORGAN,1,RC,201,34112,Melissa,Morgan - YES,,WABASH,3577,,
GE 2024,2ND CIRCUIT - RETAIN MORGAN,1,RC,201,34112,Melissa,Morgan - YES,,HAMILTON,2289,,
GE 2024,2ND CIRCUIT - RETAIN MORGAN,1,RC,201,34112,Melissa,Morgan - YES,,LAWRENCE,4071,,
GE 2024,2ND CIRCUIT - RETAIN MORGAN,1,RC,201,34112,Melissa,Morgan - YES,,CRAWFORD,6493,,
GE 2024,2ND CIRCUIT - RETAIN MORGAN,1,RC,201,34113,Melissa,Morgan - NO,,EDWARDS,666,,
GE 2024,2ND CIRCUIT - RETAIN MORGAN,1,RC,201,34113,Melissa,Morgan - NO,,RICHLAND,1353,,
GE 2024,2ND CIRCUIT - RETAIN MORGAN,1,RC,201,34113,Melissa,Morgan - NO,,HARDIN,304,,
GE 2024,2ND CIRCUIT - RETAIN MORGAN,1,RC,201,34113,Melissa,Morgan - NO,,WHITE,1381,,
GE 2024,2ND CIRCUIT - RETAIN MORGAN,1,RC,201,34113,Melissa,Morgan - NO,,FRANKLIN,3316,,
GE 2024,2ND CIRCUIT - RETAIN MORGAN,1,RC,201,34113,Melissa,Morgan - NO,,GALLATIN,502,,
GE 2024,13TH CIRCUIT - RETAIN RACCUGLIA,1,RC,1301,34101,Cynthia M.,Raccuglia - NO,,BUREAU,3339,,
GE 2024,13TH CIRCUIT - RETAIN RACCUGLIA,1,RC,1301,34101,Cynthia M.,Raccuglia - NO,,LaSALLE,13665,,
GE 2024,13TH CIRCUIT - RETAIN RACCUGLIA,1,RC,1301,34101,Cynthia M.,Raccuglia - NO,,GRUNDY,5197,,
GE 2024,13TH CIRCUIT - RETAIN RACCUGLIA,1,RC,1301,34102,Cynthia M.,Raccuglia - YES,,BUREAU,10584,,
GE 2024,13TH CIRCUIT - RETAIN RACCUGLIA,1,RC,1301,34102,Cynthia M.,Raccuglia - YES,,LaSALLE,33909,,
GE 2024,13TH CIRCUIT - RETAIN RACCUGLIA,1,RC,1301,34102,Cynthia M.,Raccuglia - YES,,GRUNDY,16607,,
GE 2024,15TH CIRCUIT - RETAIN ACKERT,1,RC,1501,34103,Jacquelyn D.,Ackert - NO,,STEPHENSON,2589,,
GE 2024,15TH CIRCUIT - RETAIN ACKERT,1,RC,1501,34103,Jacquelyn D.,Ackert - NO,,CARROLL,820,,
GE 2024,15TH CIRCUIT - RETAIN ACKERT,1,RC,1501,34103,Jacquelyn D.,Ackert - NO,,OGLE,2825,,
GE 2024,15TH CIRCUIT - RETAIN ACKERT,1,RC,1501,34103,Jacquelyn D.,Ackert - NO,,LEE,1923,,
GE 2024,15TH CIRCUIT - RETAIN ACKERT,1,RC,1501,34103,Jacquelyn D.,Ackert - NO,,JoDAVIESS,1709,,
GE 2024,15TH CIRCUIT - RETAIN ACKERT,1,RC,1501,34105,Jacquelyn D.,Ackert - YES,,STEPHENSON,14993,,
GE 2024,15TH CIRCUIT - RETAIN ACKERT,1,RC,1501,34105,Jacquelyn D.,Ackert - YES,,CARROLL,5938,,
GE 2024,15TH CIRCUIT - RETAIN ACKERT,1,RC,1501,34105,Jacquelyn D.,Ackert - YES,,OGLE,19949,,
GE 2024,15TH CIRCUIT - RETAIN ACKERT,1,RC,1501,34105,Jacquelyn D.,Ackert - YES,,LEE,12735,,
GE 2024,15TH CIRCUIT - RETAIN ACKERT,1,RC,1501,34105,Jacquelyn D.,Ackert - YES,,JoDAVIESS,8939,,
GE 2024,2ND CIRCUIT - RETAIN J. WEBER,1,RC,206,34121,Jo Beth,Weber - NO,,RICHLAND,1371,,
GE 2024,2ND CIRCUIT - RETAIN J. WEBER,1,RC,206,34121,Jo Beth,Weber - NO,,HARDIN,333,,
GE 2024,2ND CIRCUIT - RETAIN J. WEBER,1,RC,206,34121,Jo Beth,Weber - NO,,WHITE,1461,,
GE 2024,2ND CIRCUIT - RETAIN J. WEBER,1,RC,206,34121,Jo Beth,Weber - NO,,FRANKLIN,3098,,
GE 2024,2ND CIRCUIT - RETAIN J. WEBER,1,RC,206,34121,Jo Beth,Weber - NO,,GALLATIN,512,,
GE 2024,2ND CIRCUIT - RETAIN J. WEBER,1,RC,206,34121,Jo Beth,Weber - NO,,WAYNE,1402,,
GE 2024,2ND CIRCUIT - RETAIN J. WEBER,1,RC,206,34120,Jo Beth,Weber - YES,,HARDIN,1146,,
GE 2024,2ND CIRCUIT - RETAIN J. WEBER,1,RC,206,34120,Jo Beth,Weber - YES,,WHITE,4424,,
GE 2024,2ND CIRCUIT - RETAIN J. WEBER,1,RC,206,34120,Jo Beth,Weber - YES,,FRANKLIN,12365,,
GE 2024,2ND CIRCUIT - RETAIN J. WEBER,1,RC,206,34120,Jo Beth,Weber - YES,,GALLATIN,1359,,
GE 2024,2ND CIRCUIT - RETAIN J. WEBER,1,RC,206,34120,Jo Beth,Weber - YES,,WAYNE,5790,,
GE 2024,2ND CIRCUIT - RETAIN J. WEBER,1,RC,206,34120,Jo Beth,Weber - YES,,JEFFERSON,12476,,
GE 2024,2ND CIRCUIT - RETAIN J. WEBER,1,RC,206,34120,Jo Beth,Weber - YES,,WABASH,3449,,
GE 2024,2ND CIRCUIT - RETAIN J. WEBER,1,RC,206,34120,Jo Beth,Weber - YES,,HAMILTON,2297,,
GE 2024,2ND CIRCUIT - RETAIN J. WEBER,1,RC,206,34120,Jo Beth,Weber - YES,,LAWRENCE,3945,,
GE 2024,2ND CIRCUIT - RETAIN J. WEBER,1,RC,206,34120,Jo Beth,Weber - YES,,CRAWFORD,6498,,
GE 2024,2ND CIRCUIT - RETAIN J. WEBER,1,RC,206,34120,Jo Beth,Weber - YES,,EDWARDS,2027,,
GE 2024,2ND CIRCUIT - RETAIN J. WEBER,1,RC,206,34120,Jo Beth,Weber - YES,,RICHLAND,4719,,
GE 2024,2ND CIRCUIT - RETAIN J. WEBER,1,RC,206,34121,Jo Beth,Weber - NO,,JEFFERSON,2444,,
GE 2024,2ND CIRCUIT - RETAIN J. WEBER,1,RC,206,34121,Jo Beth,Weber - NO,,WABASH,1091,,
GE 2024,2ND CIRCUIT - RETAIN J. WEBER,1,RC,206,34121,Jo Beth,Weber - NO,,HAMILTON,1011,,
GE 2024,2ND CIRCUIT - RETAIN J. WEBER,1,RC,206,34121,Jo Beth,Weber - NO,,LAWRENCE,1114,,
GE 2024,2ND CIRCUIT - RETAIN J. WEBER,1,RC,206,34121,Jo Beth,Weber - NO,,CRAWFORD,1417,,
GE 2024,2ND CIRCUIT - RETAIN J. WEBER,1,RC,206,34121,Jo Beth,Weber - NO,,EDWARDS,696,,
GE 2024,2ND CIRCUIT - RETAIN DIRNBECK,1,RC,207,34125,Eric J.,Dirnbeck - NO,,WABASH,1078,,
GE 2024,2ND CIRCUIT - RETAIN DIRNBECK,1,RC,207,34125,Eric J.,Dirnbeck - NO,,HAMILTON,1059,,
GE 2024,2ND CIRCUIT - RETAIN DIRNBECK,1,RC,207,34125,Eric J.,Dirnbeck - NO,,LAWRENCE,1142,,
GE 2024,2ND CIRCUIT - RETAIN DIRNBECK,1,RC,207,34125,Eric J.,Dirnbeck - NO,,CRAWFORD,1468,,
GE 2024,2ND CIRCUIT - RETAIN DIRNBECK,1,RC,207,34125,Eric J.,Dirnbeck - NO,,EDWARDS,675,,
GE 2024,2ND CIRCUIT - RETAIN DIRNBECK,1,RC,207,34125,Eric J.,Dirnbeck - NO,,HARDIN,324,,
GE 2024,2ND CIRCUIT - RETAIN DIRNBECK,1,RC,207,34123,Eric J.,Dirnbeck - YES,,WHITE,4248,,
GE 2024,2ND CIRCUIT - RETAIN DIRNBECK,1,RC,207,34123,Eric J.,Dirnbeck - YES,,FRANKLIN,12775,,
GE 2024,2ND CIRCUIT - RETAIN DIRNBECK,1,RC,207,34123,Eric J.,Dirnbeck - YES,,GALLATIN,1330,,
GE 2024,2ND CIRCUIT - RETAIN DIRNBECK,1,RC,207,34123,Eric J.,Dirnbeck - YES,,WAYNE,5647,,
GE 2024,2ND CIRCUIT - RETAIN DIRNBECK,1,RC,207,34123,Eric J.,Dirnbeck - YES,,JEFFERSON,11077,,
GE 2024,2ND CIRCUIT - RETAIN DIRNBECK,1,RC,207,34123,Eric J.,Dirnbeck - YES,,RICHLAND,4608,,
GE 2024,2ND CIRCUIT - RETAIN DIRNBECK,1,RC,207,34123,Eric J.,Dirnbeck - YES,,WABASH,3448,,
GE 2024,2ND CIRCUIT - RETAIN DIRNBECK,1,RC,207,34123,Eric J.,Dirnbeck - YES,,HAMILTON,2184,,
GE 2024,2ND CIRCUIT - RETAIN DIRNBECK,1,RC,207,34123,Eric J.,Dirnbeck - YES,,LAWRENCE,3900,,
GE 2024,2ND CIRCUIT - RETAIN DIRNBECK,1,RC,207,34123,Eric J.,Dirnbeck - YES,,CRAWFORD,6362,,
GE 2024,2ND CIRCUIT - RETAIN DIRNBECK,1,RC,207,34123,Eric J.,Dirnbeck - YES,,EDWARDS,2037,,
GE 2024,2ND CIRCUIT - RETAIN DIRNBECK,1,RC,207,34123,Eric J.,Dirnbeck - YES,,HARDIN,1156,,
GE 2024,2ND CIRCUIT - RETAIN DIRNBECK,1,RC,207,34125,Eric J.,Dirnbeck - NO,,WHITE,1583,,
GE 2024,2ND CIRCUIT - RETAIN DIRNBECK,1,RC,207,34125,Eric J.,Dirnbeck - NO,,FRANKLIN,2926,,
GE 2024,2ND CIRCUIT - RETAIN DIRNBECK,1,RC,207,34125,Eric J.,Dirnbeck - NO,,GALLATIN,525,,
GE 2024,2ND CIRCUIT - RETAIN DIRNBECK,1,RC,207,34125,Eric J.,Dirnbeck - NO,,WAYNE,1478,,
GE 2024,2ND CIRCUIT - RETAIN DIRNBECK,1,RC,207,34125,Eric J.,Dirnbeck - NO,,JEFFERSON,2859,,
GE 2024,2ND CIRCUIT - RETAIN DIRNBECK,1,RC,207,34125,Eric J.,Dirnbeck - NO,,RICHLAND,1425,,
GE 2024,3RD CIRCUIT - RETAIN NAPP,1,RC,301,34131,Kyle Anne,Napp - NO,,BOND,1303,,
GE 2024,3RD CIRCUIT - RETAIN NAPP,1,RC,301,34131,Kyle Anne,Napp - NO,,MADISON,24324,,
GE 2024,3RD CIRCUIT - RETAIN NAPP,1,RC,301,34129,Kyle Anne,Napp - YES,,BOND,5456,,
GE 2024,3RD CIRCUIT - RETAIN NAPP,1,RC,301,34129,Kyle Anne,Napp - YES,,MADISON,91753,,
GE 2024,3RD CIRCUIT - RETAIN BAUER,1,RC,302,34135,Chris,Bauer - NO,,BOND,1035,,
GE 2024,3RD CIRCUIT - RETAIN BAUER,1,RC,302,34135,Chris,Bauer - NO,,MADISON,25194,,
GE 2024,3RD CIRCUIT - RETAIN BAUER,1,RC,302,34133,Chris,Bauer - YES,,BOND,6353,,
GE 2024,3RD CIRCUIT - RETAIN BAUER,1,RC,302,34133,Chris,Bauer - YES,,MADISON,88880,,
GE 2024,3RD CIRCUIT - RETAIN SMITH,1,RC,304,34137,Sarah,Smith - NO,,BOND,1242,,
GE 2024,3RD CIRCUIT - RETAIN SMITH,1,RC,304,34137,Sarah,Smith - NO,,MADISON,23611,,
GE 2024,3RD CIRCUIT - RETAIN SMITH,1,RC,304,34136,Sarah,Smith - YES,,BOND,5554,,
GE 2024,3RD CIRCUIT - RETAIN SMITH,1,RC,304,34136,Sarah,Smith - YES,,MADISON,91562,,
GE 2024,4TH CIRCUIT - RETAIN ADE-HARLOW,1,RC,401,34142,Amanda S.,Ade-Harlow - NO,,SHELBY,1940,,
GE 2024,4TH CIRCUIT - RETAIN ADE-HARLOW,1,RC,401,34142,Amanda S.,Ade-Harlow - NO,,MONTGOMERY,2338,,
GE 2024,4TH CIRCUIT - RETAIN ADE-HARLOW,1,RC,401,34142,Amanda S.,Ade-Harlow - NO,,CHRISTIAN,2157,,
GE 2024,4TH CIRCUIT - RETAIN ADE-HARLOW,1,RC,401,34142,Amanda S.,Ade-Harlow - NO,,CLINTON,3662,,
GE 2024,4TH CIRCUIT - RETAIN ADE-HARLOW,1,RC,401,34142,Amanda S.,Ade-Harlow - NO,,CLAY,1269,,
GE 2024,4TH CIRCUIT - RETAIN ADE-HARLOW,1,RC,401,34142,Amanda S.,Ade-Harlow - NO,,EFFINGHAM,4009,,
GE 2024,4TH CIRCUIT - RETAIN ADE-HARLOW,1,RC,401,34140,Amanda S.,Ade-Harlow - YES,,CLINTON,13643,,
GE 2024,4TH CIRCUIT - RETAIN ADE-HARLOW,1,RC,401,34140,Amanda S.,Ade-Harlow - YES,,CLAY,4552,,
GE 2024,4TH CIRCUIT - RETAIN ADE-HARLOW,1,RC,401,34140,Amanda S.,Ade-Harlow - YES,,EFFINGHAM,12752,,
GE 2024,4TH CIRCUIT - RETAIN ADE-HARLOW,1,RC,401,34140,Amanda S.,Ade-Harlow - YES,,JASPER,3120,,
GE 2024,4TH CIRCUIT - RETAIN ADE-HARLOW,1,RC,401,34140,Amanda S.,Ade-Harlow - YES,,FAYETTE,7038,,
GE 2024,4TH CIRCUIT - RETAIN ADE-HARLOW,1,RC,401,34140,Amanda S.,Ade-Harlow - YES,,MARION,11789,,
GE 2024,4TH CIRCUIT - RETAIN ADE-HARLOW,1,RC,401,34142,Amanda S.,Ade-Harlow - NO,,JASPER,1210,,
GE 2024,4TH CIRCUIT - RETAIN ADE-HARLOW,1,RC,401,34142,Amanda S.,Ade-Harlow - NO,,FAYETTE,1807,,
GE 2024,4TH CIRCUIT - RETAIN ADE-HARLOW,1,RC,401,34142,Amanda S.,Ade-Harlow - NO,,MARION,3809,,
GE 2024,4TH CIRCUIT - RETAIN ADE-HARLOW,1,RC,401,34140,Amanda S.,Ade-Harlow - YES,,SHELBY,8490,,
GE 2024,4TH CIRCUIT - RETAIN ADE-HARLOW,1,RC,401,34140,Amanda S.,Ade-Harlow - YES,,MONTGOMERY,9099,,
GE 2024,4TH CIRCUIT - RETAIN ADE-HARLOW,1,RC,401,34140,Amanda S.,Ade-Harlow - YES,,CHRISTIAN,11600,,
GE 2024,5TH CIRCUIT - RETAIN DeARMOND,1,RC,501,34151,Craig,DeArmond - NO,,EDGAR,1225,,
GE 2024,5TH CIRCUIT - RETAIN DeARMOND,1,RC,501,34151,Craig,DeArmond - NO,,COLES,3186,,
GE 2024,5TH CIRCUIT - RETAIN DeARMOND,1,RC,501,34151,Craig,DeArmond - NO,,CLARK,1577,,
GE 2024,5TH CIRCUIT - RETAIN DeARMOND,1,RC,501,34151,Craig,DeArmond - NO,,CUMBERLAND,1216,,
GE 2024,5TH CIRCUIT - RETAIN DeARMOND,1,RC,501,34151,Craig,DeArmond - NO,,VERMILION,4248,,
GE 2024,5TH CIRCUIT - RETAIN DeARMOND,1,RC,501,34148,Craig,DeArmond - YES,,CUMBERLAND,3838,,
GE 2024,5TH CIRCUIT - RETAIN DeARMOND,1,RC,501,34148,Craig,DeArmond - YES,,VERMILION,22968,,
GE 2024,5TH CIRCUIT - RETAIN DeARMOND,1,RC,501,34148,Craig,DeArmond - YES,,EDGAR,5369,,
GE 2024,5TH CIRCUIT - RETAIN DeARMOND,1,RC,501,34148,Craig,DeArmond - YES,,COLES,14781,,
GE 2024,5TH CIRCUIT - RETAIN DeARMOND,1,RC,501,34148,Craig,DeArmond - YES,,CLARK,5394,,
GE 2024,5TH CIRCUIT - RETAIN O'BRIEN,1,RC,503,34154,Brien J.,O'Brien - NO,,CUMBERLAND,1118,,
GE 2024,5TH CIRCUIT - RETAIN O'BRIEN,1,RC,503,34154,Brien J.,O'Brien - NO,,VERMILION,4275,,
GE 2024,5TH CIRCUIT - RETAIN O'BRIEN,1,RC,503,34154,Brien J.,O'Brien - NO,,EDGAR,1232,,
GE 2024,5TH CIRCUIT - RETAIN O'BRIEN,1,RC,503,34154,Brien J.,O'Brien - NO,,COLES,2957,,
GE 2024,5TH CIRCUIT - RETAIN O'BRIEN,1,RC,503,34154,Brien J.,O'Brien - NO,,CLARK,1532,,
GE 2024,5TH CIRCUIT - RETAIN O'BRIEN,1,RC,503,34152,Brien J.,O'Brien - YES,,EDGAR,5318,,
GE 2024,5TH CIRCUIT - RETAIN O'BRIEN,1,RC,503,34152,Brien J.,O'Brien - YES,,COLES,15618,,
GE 2024,5TH CIRCUIT - RETAIN O'BRIEN,1,RC,503,34152,Brien J.,O'Brien - YES,,CLARK,5446,,
GE 2024,5TH CIRCUIT - RETAIN O'BRIEN,1,RC,503,34152,Brien J.,O'Brien - YES,,CUMBERLAND,3966,,
GE 2024,5TH CIRCUIT - RETAIN O'BRIEN,1,RC,503,34152,Brien J.,O'Brien - YES,,VERMILION,21916,,
GE 2024,5TH CIRCUIT - RETAIN HALL,1,RC,505,34158,"Charles ""Charlie""",Hall - NO,,EDGAR,1211,,
GE 2024,5TH CIRCUIT - RETAIN HALL,1,RC,505,34158,"Charles ""Charlie""",Hall - NO,,COLES,3138,,
GE 2024,5TH CIRCUIT - RETAIN HALL,1,RC,505,34156,"Charles ""Charlie""",Hall - YES,,CUMBERLAND,3883,,
GE 2024,5TH CIRCUIT - RETAIN HALL,1,RC,505,34156,"Charles ""Charlie""",Hall - YES,,VERMILION,22393,,
GE 2024,5TH CIRCUIT - RETAIN HALL,1,RC,505,34158,"Charles ""Charlie""",Hall - NO,,CLARK,1541,,
GE 2024,5TH CIRCUIT - RETAIN HALL,1,RC,505,34158,"Charles ""Charlie""",Hall - NO,,CUMBERLAND,1171,,
GE 2024,5TH CIRCUIT - RETAIN HALL,1,RC,505,34158,"Charles ""Charlie""",Hall - NO,,VERMILION,4174,,
GE 2024,5TH CIRCUIT - RETAIN HALL,1,RC,505,34156,"Charles ""Charlie""",Hall - YES,,EDGAR,5316,,
GE 2024,5TH CIRCUIT - RETAIN HALL,1,RC,505,34156,"Charles ""Charlie""",Hall - YES,,COLES,14802,,
GE 2024,5TH CIRCUIT - RETAIN HALL,1,RC,505,34156,"Charles ""Charlie""",Hall - YES,,CLARK,5400,,
GE 2024,5TH CIRCUIT - RETAIN BOVARD,1,RC,507,34161,Mark E.,Bovard - NO,,EDGAR,1239,,
GE 2024,5TH CIRCUIT - RETAIN BOVARD,1,RC,507,34161,Mark E.,Bovard - NO,,COLES,3005,,
GE 2024,5TH CIRCUIT - RETAIN BOVARD,1,RC,507,34161,Mark E.,Bovard - NO,,CLARK,1564,,
GE 2024,5TH CIRCUIT - RETAIN BOVARD,1,RC,507,34161,Mark E.,Bovard - NO,,CUMBERLAND,1133,,
GE 2024,5TH CIRCUIT - RETAIN BOVARD,1,RC,507,34161,Mark E.,Bovard - NO,,VERMILION,4443,,
GE 2024,5TH CIRCUIT - RETAIN BOVARD,1,RC,507,34160,Mark E.,Bovard - YES,,EDGAR,5298,,
GE 2024,5TH CIRCUIT - RETAIN BOVARD,1,RC,507,34160,Mark E.,Bovard - YES,,COLES,15279,,
GE 2024,5TH CIRCUIT - RETAIN BOVARD,1,RC,507,34160,Mark E.,Bovard - YES,,CLARK,5381,,
GE 2024,5TH CIRCUIT - RETAIN BOVARD,1,RC,507,34160,Mark E.,Bovard - YES,,CUMBERLAND,3942,,
GE 2024,5TH CIRCUIT - RETAIN BOVARD,1,RC,507,34160,Mark E.,Bovard - YES,,VERMILION,21476,,
GE 2024,1ST APPELLATE - RETAIN HOFFMAN,1,RB,101,34207,Thomas E.,Hoffman - NO,,COOK,371702,,
GE 2024,1ST APPELLATE - RETAIN HOFFMAN,1,RB,101,34162,Thomas E.,Hoffman - YES,,COOK,1200800,,
GE 2024,1ST APPELLATE - RETAIN ELLIS,1,RB,103,34166,David W.,Ellis - NO,,COOK,379095,,
GE 2024,1ST APPELLATE - RETAIN ELLIS,1,RB,103,34165,David W.,Ellis - YES,,COOK,1145159,,
GE 2024,20TH CIRCUIT - RETAIN GLEESON,1,RC,2003,34168,Andrew J.,Gleeson - NO,,ST. CLAIR,24872,,
GE 2024,20TH CIRCUIT - RETAIN GLEESON,1,RC,2003,34167,Andrew J.,Gleeson - YES,,ST. CLAIR,85197,,
GE 2024,20TH CIRCUIT - RETAIN KOLKER,1,RC,2004,34170,Chris,Kolker - NO,,ST. CLAIR,25299,,
GE 2024,20TH CIRCUIT - RETAIN KOLKER,1,RC,2004,34169,Chris,Kolker - YES,,ST. CLAIR,83971,,
GE 2024,2ND APPELLATE - RETAIN HUTCHINSON,1,RB,201,34172,Susan Fayette,Hutchinson - NO,,KANE,44609,,
GE 2024,2ND APPELLATE - RETAIN HUTCHINSON,1,RB,201,34172,Susan Fayette,Hutchinson - NO,,KENDALL,12127,,
GE 2024,2ND APPELLATE - RETAIN HUTCHINSON,1,RB,201,34172,Susan Fayette,Hutchinson - NO,,LAKE,53264,,
GE 2024,2ND APPELLATE - RETAIN HUTCHINSON,1,RB,201,34172,Susan Fayette,Hutchinson - NO,,McHENRY,32957,,
GE 2024,2ND APPELLATE - RETAIN HUTCHINSON,1,RB,201,34172,Susan Fayette,Hutchinson - NO,,DeKALB,9010,,
GE 2024,2ND APPELLATE - RETAIN HUTCHINSON,1,RB,201,34171,Susan Fayette,Hutchinson - YES,,KANE,143588,,
GE 2024,2ND APPELLATE - RETAIN HUTCHINSON,1,RB,201,34171,Susan Fayette,Hutchinson - YES,,KENDALL,45286,,
GE 2024,2ND APPELLATE - RETAIN HUTCHINSON,1,RB,201,34171,Susan Fayette,Hutchinson - YES,,LAKE,202516,,
GE 2024,2ND APPELLATE - RETAIN HUTCHINSON,1,RB,201,34171,Susan Fayette,Hutchinson - YES,,McHENRY,113869,,
GE 2024,2ND APPELLATE - RETAIN HUTCHINSON,1,RB,201,34171,Susan Fayette,Hutchinson - YES,,DeKALB,32494,,
GE 2024,20TH CIRCUIT - RETAIN RUDOLF,1,RC,2008,34175,Heinz,Rudolf - YES,,ST. CLAIR,83736,,
GE 2024,20TH CIRCUIT - RETAIN RUDOLF,1,RC,2008,34176,Heinz,Rudolf - NO,,ST. CLAIR,25997,,
GE 2024,3RD APPELLATE - RETAIN HOLDRIDGE,1,RB,301,34181,William E.,Holdridge - NO,,STARK,452,,
GE 2024,3RD APPELLATE - RETAIN HOLDRIDGE,1,RB,301,34181,William E.,Holdridge - NO,,TAZEWELL,9369,,
GE 2024,3RD APPELLATE - RETAIN HOLDRIDGE,1,RB,301,34181,William E.,Holdridge - NO,,KANKAKEE,8215,,
GE 2024,3RD APPELLATE - RETAIN HOLDRIDGE,1,RB,301,34181,William E.,Holdridge - NO,,MARSHALL,874,,
GE 2024,3RD APPELLATE - RETAIN HOLDRIDGE,1,RB,301,34179,William E.,Holdridge - YES,,ROCK ISLAND,42618,,
GE 2024,3RD APPELLATE - RETAIN HOLDRIDGE,1,RB,301,34179,William E.,Holdridge - YES,,BUREAU,11157,,
GE 2024,3RD APPELLATE - RETAIN HOLDRIDGE,1,RB,301,34179,William E.,Holdridge - YES,,FULTON,10968,,
GE 2024,3RD APPELLATE - RETAIN HOLDRIDGE,1,RB,301,34179,William E.,Holdridge - YES,,IROQUOIS,8990,,
GE 2024,3RD APPELLATE - RETAIN HOLDRIDGE,1,RB,301,34179,William E.,Holdridge - YES,,WHITESIDE,17471,,
GE 2024,3RD APPELLATE - RETAIN HOLDRIDGE,1,RB,301,34179,William E.,Holdridge - YES,,HANCOCK,6479,,
GE 2024,3RD APPELLATE - RETAIN HOLDRIDGE,1,RB,301,34179,William E.,Holdridge - YES,,MERCER,5500,,
GE 2024,3RD APPELLATE - RETAIN HOLDRIDGE,1,RB,301,34179,William E.,Holdridge - YES,,HENRY,18576,,
GE 2024,3RD APPELLATE - RETAIN HOLDRIDGE,1,RB,301,34179,William E.,Holdridge - YES,,GRUNDY,16880,,
GE 2024,3RD APPELLATE - RETAIN HOLDRIDGE,1,RB,301,34179,William E.,Holdridge - YES,,WARREN,5348,,
GE 2024,3RD APPELLATE - RETAIN HOLDRIDGE,1,RB,301,34179,William E.,Holdridge - YES,,PUTNAM,2228,,
GE 2024,3RD APPELLATE - RETAIN HOLDRIDGE,1,RB,301,34179,William E.,Holdridge - YES,,PEORIA,49971,,
GE 2024,3RD APPELLATE - RETAIN HOLDRIDGE,1,RB,301,34179,William E.,Holdridge - YES,,McDONOUGH,7980,,
GE 2024,3RD APPELLATE - RETAIN HOLDRIDGE,1,RB,301,34179,William E.,Holdridge - YES,,WILL,202980,,
GE 2024,3RD APPELLATE - RETAIN HOLDRIDGE,1,RB,301,34179,William E.,Holdridge - YES,,TAZEWELL,48683,,
GE 2024,3RD APPELLATE - RETAIN HOLDRIDGE,1,RB,301,34179,William E.,Holdridge - YES,,KANKAKEE,32124,,
GE 2024,3RD APPELLATE - RETAIN HOLDRIDGE,1,RB,301,34179,William E.,Holdridge - YES,,MARSHALL,4113,,
GE 2024,3RD APPELLATE - RETAIN HOLDRIDGE,1,RB,301,34179,William E.,Holdridge - YES,,HENDERSON,2300,,
GE 2024,3RD APPELLATE - RETAIN HOLDRIDGE,1,RB,301,34179,William E.,Holdridge - YES,,LaSALLE,37057,,
GE 2024,3RD APPELLATE - RETAIN HOLDRIDGE,1,RB,301,34179,William E.,Holdridge - YES,,KNOX,14804,,
GE 2024,3RD APPELLATE - RETAIN HOLDRIDGE,1,RB,301,34181,William E.,Holdridge - NO,,MERCER,1609,,
GE 2024,3RD APPELLATE - RETAIN HOLDRIDGE,1,RB,301,34181,William E.,Holdridge - NO,,HENRY,3532,,
GE 2024,3RD APPELLATE - RETAIN HOLDRIDGE,1,RB,301,34181,William E.,Holdridge - NO,,ROCK ISLAND,12377,,
GE 2024,3RD APPELLATE - RETAIN HOLDRIDGE,1,RB,301,34181,William E.,Holdridge - NO,,BUREAU,2417,,
GE 2024,3RD APPELLATE - RETAIN HOLDRIDGE,1,RB,301,34181,William E.,Holdridge - NO,,PUTNAM,496,,
GE 2024,3RD APPELLATE - RETAIN HOLDRIDGE,1,RB,301,34179,William E.,Holdridge - YES,,STARK,1872,,
GE 2024,3RD APPELLATE - RETAIN HOLDRIDGE,1,RB,301,34181,William E.,Holdridge - NO,,McDONOUGH,1692,,
GE 2024,3RD APPELLATE - RETAIN HOLDRIDGE,1,RB,301,34181,William E.,Holdridge - NO,,WILL,81344,,
GE 2024,3RD APPELLATE - RETAIN HOLDRIDGE,1,RB,301,34181,William E.,Holdridge - NO,,FULTON,2785,,
GE 2024,3RD APPELLATE - RETAIN HOLDRIDGE,1,RB,301,34181,William E.,Holdridge - NO,,IROQUOIS,1963,,
GE 2024,3RD APPELLATE - RETAIN HOLDRIDGE,1,RB,301,34181,William E.,Holdridge - NO,,LaSALLE,8990,,
GE 2024,3RD APPELLATE - RETAIN HOLDRIDGE,1,RB,301,34181,William E.,Holdridge - NO,,HANCOCK,1292,,
GE 2024,3RD APPELLATE - RETAIN HOLDRIDGE,1,RB,301,34181,William E.,Holdridge - NO,,HENDERSON,483,,
GE 2024,3RD APPELLATE - RETAIN HOLDRIDGE,1,RB,301,34181,William E.,Holdridge - NO,,WHITESIDE,4929,,
GE 2024,3RD APPELLATE - RETAIN HOLDRIDGE,1,RB,301,34181,William E.,Holdridge - NO,,KNOX,3679,,
GE 2024,3RD APPELLATE - RETAIN HOLDRIDGE,1,RB,301,34181,William E.,Holdridge - NO,,GRUNDY,4890,,
GE 2024,3RD APPELLATE - RETAIN HOLDRIDGE,1,RB,301,34181,William E.,Holdridge - NO,,WARREN,943,,
GE 2024,3RD APPELLATE - RETAIN HOLDRIDGE,1,RB,301,34181,William E.,Holdridge - NO,,PEORIA,12546,,
GE 2024,22ND CIRCUIT - RETAIN CHMIEL,1,RC,2201,34182,Michael J.,Chmiel - NO,,McHENRY,37830,,
GE 2024,22ND CIRCUIT - RETAIN CHMIEL,1,RC,2201,34180,Michael J.,Chmiel - YES,,McHENRY,107313,,
GE 2024,24TH CIRCUIT - RETAIN EMGE,1,RC,2401,34186,Daniel J.,Emge - NO,,RANDOLPH,2643,,
GE 2024,24TH CIRCUIT - RETAIN EMGE,1,RC,2401,34186,Daniel J.,Emge - NO,,WASHINGTON,968,,
GE 2024,24TH CIRCUIT - RETAIN EMGE,1,RC,2401,34186,Daniel J.,Emge - NO,,MONROE,3844,,
GE 2024,24TH CIRCUIT - RETAIN EMGE,1,RC,2401,34186,Daniel J.,Emge - NO,,PERRY,1799,,
GE 2024,24TH CIRCUIT - RETAIN EMGE,1,RC,2401,34185,Daniel J.,Emge - YES,,RANDOLPH,10625,,
GE 2024,24TH CIRCUIT - RETAIN EMGE,1,RC,2401,34185,Daniel J.,Emge - YES,,WASHINGTON,6159,,
GE 2024,24TH CIRCUIT - RETAIN EMGE,1,RC,2401,34185,Daniel J.,Emge - YES,,MONROE,15473,,
GE 2024,24TH CIRCUIT - RETAIN EMGE,1,RC,2401,34185,Daniel J.,Emge - YES,,PERRY,6071,,
GE 2024,4TH APPELLATE - RETAIN STEIGMANN,1,RB,401,34188,Robert J.,Steigmann - NO,,MOULTRIE,1015,,
GE 2024,4TH APPELLATE - RETAIN STEIGMANN,1,RB,401,34188,Robert J.,Steigmann - NO,,JERSEY,1998,,
GE 2024,4TH APPELLATE - RETAIN STEIGMANN,1,RB,401,34188,Robert J.,Steigmann - NO,,DeWITT,1021,,
GE 2024,4TH APPELLATE - RETAIN STEIGMANN,1,RB,401,34188,Robert J.,Steigmann - NO,,DOUGLAS,1069,,
GE 2024,4TH APPELLATE - RETAIN STEIGMANN,1,RB,401,34188,Robert J.,Steigmann - NO,,LOGAN,1665,,
GE 2024,4TH APPELLATE - RETAIN STEIGMANN,1,RB,401,34188,Robert J.,Steigmann - NO,,LIVINGSTON,1997,,
GE 2024,4TH APPELLATE - RETAIN STEIGMANN,1,RB,401,34187,Robert J.,Steigmann - YES,,EDGAR,5386,,
GE 2024,4TH APPELLATE - RETAIN STEIGMANN,1,RB,401,34187,Robert J.,Steigmann - YES,,PIATT,7314,,
GE 2024,4TH APPELLATE - RETAIN STEIGMANN,1,RB,401,34187,Robert J.,Steigmann - YES,,BROWN,1765,,
GE 2024,4TH APPELLATE - RETAIN STEIGMANN,1,RB,401,34187,Robert J.,Steigmann - YES,,CALHOUN,1452,,
GE 2024,4TH APPELLATE - RETAIN STEIGMANN,1,RB,401,34187,Robert J.,Steigmann - YES,,WOODFORD,14853,,
GE 2024,4TH APPELLATE - RETAIN STEIGMANN,1,RB,401,34187,Robert J.,Steigmann - YES,,FORD,4814,,
GE 2024,4TH APPELLATE - RETAIN STEIGMANN,1,RB,401,34187,Robert J.,Steigmann - YES,,MACON,30878,,
GE 2024,4TH APPELLATE - RETAIN STEIGMANN,1,RB,401,34187,Robert J.,Steigmann - YES,,COLES,14910,,
GE 2024,4TH APPELLATE - RETAIN STEIGMANN,1,RB,401,34187,Robert J.,Steigmann - YES,,MENARD,4145,,
GE 2024,4TH APPELLATE - RETAIN STEIGMANN,1,RB,401,34187,Robert J.,Steigmann - YES,,ADAMS,23407,,
GE 2024,4TH APPELLATE - RETAIN STEIGMANN,1,RB,401,34187,Robert J.,Steigmann - YES,,SANGAMON,68477,,
GE 2024,4TH APPELLATE - RETAIN STEIGMANN,1,RB,401,34187,Robert J.,Steigmann - YES,,CLARK,5462,,
GE 2024,4TH APPELLATE - RETAIN STEIGMANN,1,RB,401,34187,Robert J.,Steigmann - YES,,MACOUPIN,15294,,
GE 2024,4TH APPELLATE - RETAIN STEIGMANN,1,RB,401,34187,Robert J.,Steigmann - YES,,MASON,4100,,
GE 2024,4TH APPELLATE - RETAIN STEIGMANN,1,RB,401,34187,Robert J.,Steigmann - YES,,GREENE,3759,,
GE 2024,4TH APPELLATE - RETAIN STEIGMANN,1,RB,401,34187,Robert J.,Steigmann - YES,,CASS,3670,,
GE 2024,4TH APPELLATE - RETAIN STEIGMANN,1,RB,401,34187,Robert J.,Steigmann - YES,,MORGAN,10595,,
GE 2024,4TH APPELLATE - RETAIN STEIGMANN,1,RB,401,34187,Robert J.,Steigmann - YES,,SCHUYLER,2212,,
GE 2024,4TH APPELLATE - RETAIN STEIGMANN,1,RB,401,34187,Robert J.,Steigmann - YES,,SCOTT,1824,,
GE 2024,4TH APPELLATE - RETAIN STEIGMANN,1,RB,401,34187,Robert J.,Steigmann - YES,,PIKE,5266,,
GE 2024,4TH APPELLATE - RETAIN STEIGMANN,1,RB,401,34187,Robert J.,Steigmann - YES,,CUMBERLAND,3903,,
GE 2024,4TH APPELLATE - RETAIN STEIGMANN,1,RB,401,34187,Robert J.,Steigmann - YES,,CHAMPAIGN,59275,,
GE 2024,4TH APPELLATE - RETAIN STEIGMANN,1,RB,401,34187,Robert J.,Steigmann - YES,,VERMILION,21805,,
GE 2024,4TH APPELLATE - RETAIN STEIGMANN,1,RB,401,34187,Robert J.,Steigmann - YES,,McLEAN,61660,,
GE 2024,4TH APPELLATE - RETAIN STEIGMANN,1,RB,401,34187,Robert J.,Steigmann - YES,,MOULTRIE,4769,,
GE 2024,4TH APPELLATE - RETAIN STEIGMANN,1,RB,401,34187,Robert J.,Steigmann - YES,,JERSEY,7137,,
GE 2024,4TH APPELLATE - RETAIN STEIGMANN,1,RB,401,34187,Robert J.,Steigmann - YES,,DeWITT,5429,,
GE 2024,4TH APPELLATE - RETAIN STEIGMANN,1,RB,401,34187,Robert J.,Steigmann - YES,,DOUGLAS,6339,,
GE 2024,4TH APPELLATE - RETAIN STEIGMANN,1,RB,401,34187,Robert J.,Steigmann - YES,,LOGAN,8974,,
GE 2024,4TH APPELLATE - RETAIN STEIGMANN,1,RB,401,34187,Robert J.,Steigmann - YES,,LIVINGSTON,12110,,
GE 2024,4TH APPELLATE - RETAIN STEIGMANN,1,RB,401,34188,Robert J.,Steigmann - NO,,EDGAR,1208,,
GE 2024,4TH APPELLATE - RETAIN STEIGMANN,1,RB,401,34188,Robert J.,Steigmann - NO,,PIATT,1183,,
GE 2024,4TH APPELLATE - RETAIN STEIGMANN,1,RB,401,34188,Robert J.,Steigmann - NO,,BROWN,380,,
GE 2024,4TH APPELLATE - RETAIN STEIGMANN,1,RB,401,34188,Robert J.,Steigmann - NO,,CALHOUN,481,,
GE 2024,4TH APPELLATE - RETAIN STEIGMANN,1,RB,401,34188,Robert J.,Steigmann - NO,,WOODFORD,2800,,
GE 2024,4TH APPELLATE - RETAIN STEIGMANN,1,RB,401,34188,Robert J.,Steigmann - NO,,FORD,836,,
GE 2024,4TH APPELLATE - RETAIN STEIGMANN,1,RB,401,34188,Robert J.,Steigmann - NO,,MACON,7193,,
GE 2024,4TH APPELLATE - RETAIN STEIGMANN,1,RB,401,34188,Robert J.,Steigmann - NO,,COLES,3213,,
GE 2024,4TH APPELLATE - RETAIN STEIGMANN,1,RB,401,34188,Robert J.,Steigmann - NO,,MENARD,889,,
GE 2024,4TH APPELLATE - RETAIN STEIGMANN,1,RB,401,34188,Robert J.,Steigmann - NO,,ADAMS,4415,,
GE 2024,4TH APPELLATE - RETAIN STEIGMANN,1,RB,401,34188,Robert J.,Steigmann - NO,,SANGAMON,18529,,
GE 2024,4TH APPELLATE - RETAIN STEIGMANN,1,RB,401,34188,Robert J.,Steigmann - NO,,CLARK,1553,,
GE 2024,4TH APPELLATE - RETAIN STEIGMANN,1,RB,401,34188,Robert J.,Steigmann - NO,,MACOUPIN,4323,,
GE 2024,4TH APPELLATE - RETAIN STEIGMANN,1,RB,401,34188,Robert J.,Steigmann - NO,,MASON,891,,
GE 2024,4TH APPELLATE - RETAIN STEIGMANN,1,RB,401,34188,Robert J.,Steigmann - NO,,GREENE,1050,,
GE 2024,4TH APPELLATE - RETAIN STEIGMANN,1,RB,401,34188,Robert J.,Steigmann - NO,,CASS,633,,
GE 2024,4TH APPELLATE - RETAIN STEIGMANN,1,RB,401,34188,Robert J.,Steigmann - NO,,MORGAN,2049,,
GE 2024,4TH APPELLATE - RETAIN STEIGMANN,1,RB,401,34188,Robert J.,Steigmann - NO,,SCHUYLER,629,,
GE 2024,4TH APPELLATE - RETAIN STEIGMANN,1,RB,401,34188,Robert J.,Steigmann - NO,,SCOTT,286,,
GE 2024,4TH APPELLATE - RETAIN STEIGMANN,1,RB,401,34188,Robert J.,Steigmann - NO,,PIKE,1172,,
GE 2024,4TH APPELLATE - RETAIN STEIGMANN,1,RB,401,34188,Robert J.,Steigmann - NO,,CUMBERLAND,1184,,
GE 2024,4TH APPELLATE - RETAIN STEIGMANN,1,RB,401,34188,Robert J.,Steigmann - NO,,CHAMPAIGN,16652,,
GE 2024,4TH APPELLATE - RETAIN STEIGMANN,1,RB,401,34188,Robert J.,Steigmann - NO,,VERMILION,4532,,
GE 2024,4TH APPELLATE - RETAIN STEIGMANN,1,RB,401,34188,Robert J.,Steigmann - NO,,McLEAN,14920,,
GE 2024,6TH CIRCUIT - RETAIN RICHEY,1,RC,605,34192,Jeremy,Richey - NO,,MOULTRIE,1007,,
GE 2024,6TH CIRCUIT - RETAIN RICHEY,1,RC,605,34192,Jeremy,Richey - NO,,DeWITT,1003,,
GE 2024,6TH CIRCUIT - RETAIN RICHEY,1,RC,605,34192,Jeremy,Richey - NO,,DOUGLAS,1023,,
GE 2024,6TH CIRCUIT - RETAIN RICHEY,1,RC,605,34192,Jeremy,Richey - NO,,PIATT,1180,,
GE 2024,6TH CIRCUIT - RETAIN RICHEY,1,RC,605,34191,Jeremy,Richey - YES,,MACON,30747,,
GE 2024,6TH CIRCUIT - RETAIN RICHEY,1,RC,605,34191,Jeremy,Richey - YES,,CHAMPAIGN,59436,,
GE 2024,6TH CIRCUIT - RETAIN RICHEY,1,RC,605,34192,Jeremy,Richey - NO,,MACON,6929,,
GE 2024,6TH CIRCUIT - RETAIN RICHEY,1,RC,605,34192,Jeremy,Richey - NO,,CHAMPAIGN,14062,,
GE 2024,6TH CIRCUIT - RETAIN RICHEY,1,RC,605,34191,Jeremy,Richey - YES,,MOULTRIE,4925,,
GE 2024,6TH CIRCUIT - RETAIN RICHEY,1,RC,605,34191,Jeremy,Richey - YES,,DeWITT,5361,,
GE 2024,6TH CIRCUIT - RETAIN RICHEY,1,RC,605,34191,Jeremy,Richey - YES,,DOUGLAS,6221,,
GE 2024,6TH CIRCUIT - RETAIN RICHEY,1,RC,605,34191,Jeremy,Richey - YES,,PIATT,7165,,
GE 2024,6TH CIRCUIT - RETAIN WEBBER,1,RC,602,34196,Roger B.,Webber - NO,,MOULTRIE,1007,,
GE 2024,6TH CIRCUIT - RETAIN WEBBER,1,RC,602,34196,Roger B.,Webber - NO,,DeWITT,1014,,
GE 2024,6TH CIRCUIT - RETAIN WEBBER,1,RC,602,34196,Roger B.,Webber - NO,,DOUGLAS,1020,,
GE 2024,6TH CIRCUIT - RETAIN WEBBER,1,RC,602,34196,Roger B.,Webber - NO,,PIATT,1152,,
GE 2024,6TH CIRCUIT - RETAIN WEBBER,1,RC,602,34196,Roger B.,Webber - NO,,MACON,6757,,
GE 2024,6TH CIRCUIT - RETAIN WEBBER,1,RC,602,34196,Roger B.,Webber - NO,,CHAMPAIGN,13214,,
GE 2024,6TH CIRCUIT - RETAIN WEBBER,1,RC,602,34195,Roger B.,Webber - YES,,MOULTRIE,4741,,
GE 2024,6TH CIRCUIT - RETAIN WEBBER,1,RC,602,34195,Roger B.,Webber - YES,,DeWITT,5404,,
GE 2024,6TH CIRCUIT - RETAIN WEBBER,1,RC,602,34195,Roger B.,Webber - YES,,DOUGLAS,6377,,
GE 2024,6TH CIRCUIT - RETAIN WEBBER,1,RC,602,34195,Roger B.,Webber - YES,,PIATT,7305,,
GE 2024,6TH CIRCUIT - RETAIN WEBBER,1,RC,602,34195,Roger B.,Webber - YES,,MACON,31253,,
GE 2024,6TH CIRCUIT - RETAIN WEBBER,1,RC,602,34195,Roger B.,Webber - YES,,CHAMPAIGN,61614,,
GE 2024,COOK CIRCUIT - RETAIN BARTKOWICZ,1,RC,30007,33913,Ronald F.,Bartkowicz - NO,,COOK,400093,,
GE 2024,COOK CIRCUIT - RETAIN BARTKOWICZ,1,RC,30007,33912,Ronald F.,Bartkowicz - YES,,COOK,1080553,,
GE 2024,1ST CIRCUIT - RETAIN GOTT,1,RC,103,34071,Amanda Byassee,Gott - NO,,MASSAC,1066,,
GE 2024,1ST CIRCUIT - RETAIN GOTT,1,RC,103,34071,Amanda Byassee,Gott - NO,,JACKSON,4286,,
GE 2024,1ST CIRCUIT - RETAIN GOTT,1,RC,103,34071,Amanda Byassee,Gott - NO,,WILLIAMSON,6063,,
GE 2024,1ST CIRCUIT - RETAIN GOTT,1,RC,103,34071,Amanda Byassee,Gott - NO,,SALINE,1807,,
GE 2024,1ST CIRCUIT - RETAIN GOTT,1,RC,103,34071,Amanda Byassee,Gott - NO,,ALEXANDER,464,,
GE 2024,1ST CIRCUIT - RETAIN GOTT,1,RC,103,34062,Amanda Byassee,Gott - YES,,JACKSON,13662,,
GE 2024,1ST CIRCUIT - RETAIN GOTT,1,RC,103,34062,Amanda Byassee,Gott - YES,,SALINE,6802,,
GE 2024,1ST CIRCUIT - RETAIN GOTT,1,RC,103,34062,Amanda Byassee,Gott - YES,,ALEXANDER,1390,,
GE 2024,1ST CIRCUIT - RETAIN GOTT,1,RC,103,34062,Amanda Byassee,Gott - YES,,POPE,1286,,
GE 2024,1ST CIRCUIT - RETAIN GOTT,1,RC,103,34062,Amanda Byassee,Gott - YES,,UNION,5729,,
GE 2024,1ST CIRCUIT - RETAIN GOTT,1,RC,103,34062,Amanda Byassee,Gott - YES,,JOHNSON,3985,,
GE 2024,1ST CIRCUIT - RETAIN GOTT,1,RC,103,34062,Amanda Byassee,Gott - YES,,MASSAC,4108,,
GE 2024,1ST CIRCUIT - RETAIN GOTT,1,RC,103,34071,Amanda Byassee,Gott - NO,,POPE,439,,
GE 2024,1ST CIRCUIT - RETAIN GOTT,1,RC,103,34071,Amanda Byassee,Gott - NO,,UNION,1467,,
GE 2024,1ST CIRCUIT - RETAIN GOTT,1,RC,103,34071,Amanda Byassee,Gott - NO,,JOHNSON,1083,,
GE 2024,1ST CIRCUIT - RETAIN GOTT,1,RC,103,34071,Amanda Byassee,Gott - NO,,PULASKI,395,,
GE 2024,1ST CIRCUIT - RETAIN GOTT,1,RC,103,34062,Amanda Byassee,Gott - YES,,PULASKI,1544,,
GE 2024,1ST CIRCUIT - RETAIN GOTT,1,RC,103,34062,Amanda Byassee,Gott - YES,,WILLIAMSON,22976,,
GE 2024,16TH CIRCUIT - RETAIN BARSANTI,1,RC,1601,34109,John A.,Barsanti - NO,,KANE,44095,,
GE 2024,16TH CIRCUIT - RETAIN BARSANTI,1,RC,1601,34108,John A.,Barsanti - YES,,KANE,143379,,
GE 2024,16TH CIRCUIT - RETAIN NOLAND,1,RC,1607,34111,Michael J.,Noland - NO,,KANE,55059,,
GE 2024,16TH CIRCUIT - RETAIN NOLAND,1,RC,1607,34110,Michael J.,Noland - YES,,KANE,129300,,
GE 2024,7TH CIRCUIT - RETAIN CHERRY,1,RC,701,34198,David R.,Cherry - NO,,JERSEY,1986,,
GE 2024,7TH CIRCUIT - RETAIN CHERRY,1,RC,701,34198,David R.,Cherry - NO,,SANGAMON,16975,,
GE 2024,7TH CIRCUIT - RETAIN CHERRY,1,RC,701,34198,David R.,Cherry - NO,,MACOUPIN,4126,,
GE 2024,7TH CIRCUIT - RETAIN CHERRY,1,RC,701,34198,David R.,Cherry - NO,,GREENE,929,,
GE 2024,7TH CIRCUIT - RETAIN CHERRY,1,RC,701,34198,David R.,Cherry - NO,,MORGAN,1899,,
GE 2024,7TH CIRCUIT - RETAIN CHERRY,1,RC,701,34198,David R.,Cherry - NO,,SCOTT,307,,
GE 2024,7TH CIRCUIT - RETAIN CHERRY,1,RC,701,34197,David R.,Cherry - YES,,JERSEY,7157,,
GE 2024,7TH CIRCUIT - RETAIN CHERRY,1,RC,701,34197,David R.,Cherry - YES,,SANGAMON,69752,,
GE 2024,7TH CIRCUIT - RETAIN CHERRY,1,RC,701,34197,David R.,Cherry - YES,,MACOUPIN,15421,,
GE 2024,7TH CIRCUIT - RETAIN CHERRY,1,RC,701,34197,David R.,Cherry - YES,,GREENE,4056,,
GE 2024,7TH CIRCUIT - RETAIN CHERRY,1,RC,701,34197,David R.,Cherry - YES,,MORGAN,10933,,
GE 2024,7TH CIRCUIT - RETAIN CHERRY,1,RC,701,34197,David R.,Cherry - YES,,SCOTT,2128,,
GE 2024,8TH CIRCUIT - RETAIN WESSEL,1,RC,806,34206,"Timothy ""T.J.""",Wessel - NO,,BROWN,340,,
GE 2024,8TH CIRCUIT - RETAIN WESSEL,1,RC,806,34206,"Timothy ""T.J.""",Wessel - NO,,CALHOUN,480,,
GE 2024,8TH CIRCUIT - RETAIN WESSEL,1,RC,806,34206,"Timothy ""T.J.""",Wessel - NO,,MENARD,815,,
GE 2024,8TH CIRCUIT - RETAIN WESSEL,1,RC,806,34206,"Timothy ""T.J.""",Wessel - NO,,ADAMS,4319,,
GE 2024,8TH CIRCUIT - RETAIN WESSEL,1,RC,806,34206,"Timothy ""T.J.""",Wessel - NO,,MASON,826,,
GE 2024,8TH CIRCUIT - RETAIN WESSEL,1,RC,806,34206,"Timothy ""T.J.""",Wessel - NO,,CASS,609,,
GE 2024,8TH CIRCUIT - RETAIN WESSEL,1,RC,806,34205,"Timothy ""T.J.""",Wessel - YES,,MASON,4251,,
GE 2024,8TH CIRCUIT - RETAIN WESSEL,1,RC,806,34205,"Timothy ""T.J.""",Wessel - YES,,CASS,4216,,
GE 2024,8TH CIRCUIT - RETAIN WESSEL,1,RC,806,34205,"Timothy ""T.J.""",Wessel - YES,,SCHUYLER,2354,,
GE 2024,8TH CIRCUIT - RETAIN WESSEL,1,RC,806,34205,"Timothy ""T.J.""",Wessel - YES,,PIKE,5345,,
GE 2024,8TH CIRCUIT - RETAIN WESSEL,1,RC,806,34206,"Timothy ""T.J.""",Wessel - NO,,SCHUYLER,565,,
GE 2024,8TH CIRCUIT - RETAIN WESSEL,1,RC,806,34206,"Timothy ""T.J.""",Wessel - NO,,PIKE,1066,,
GE 2024,8TH CIRCUIT - RETAIN WESSEL,1,RC,806,34205,"Timothy ""T.J.""",Wessel - YES,,BROWN,1801,,
GE 2024,8TH CIRCUIT - RETAIN WESSEL,1,RC,806,34205,"Timothy ""T.J.""",Wessel - YES,,CALHOUN,1446,,
GE 2024,8TH CIRCUIT - RETAIN WESSEL,1,RC,806,34205,"Timothy ""T.J.""",Wessel - YES,,MENARD,4231,,
GE 2024,8TH CIRCUIT - RETAIN WESSEL,1,RC,806,34205,"Timothy ""T.J.""",Wessel - YES,,ADAMS,23272,,
GE 2024,"COOK CIRCUIT - RETAIN WRIGHT, JR.",1,RC,30009,33915,E. Kenneth,"Wright, Jr. - NO",,COOK,572987,,
GE 2024,"COOK CIRCUIT - RETAIN WRIGHT, JR.",1,RC,30009,33914,E. Kenneth,"Wright, Jr. - YES",,COOK,914808,,
GE 2024,COOK CIRCUIT - RETAIN VARGA,1,RC,30011,33917,James M.,Varga - NO,,COOK,499789,,
GE 2024,COOK CIRCUIT - RETAIN VARGA,1,RC,30011,33916,James M.,Varga - YES,,COOK,983153,,
GE 2024,COOK CIRCUIT - RETAIN BROSNAHAN,1,RC,30013,33919,Mary Margaret,Brosnahan - NO,,COOK,488734,,
GE 2024,COOK CIRCUIT - RETAIN BROSNAHAN,1,RC,30013,33918,Mary Margaret,Brosnahan - YES,,COOK,1007053,,
GE 2024,COOK CIRCUIT - RETAIN SLATTERY BOYLE,1,RC,30015,33921,Maura,Slattery Boyle - NO,,COOK,522657,,
GE 2024,COOK CIRCUIT - RETAIN SLATTERY BOYLE,1,RC,30015,33920,Maura,Slattery Boyle - YES,,COOK,968932,,
GE 2024,COOK CIRCUIT - RETAIN WALKER,1,RC,30017,33923,Carl Anthony,Walker - NO,,COOK,440457,,
GE 2024,COOK CIRCUIT - RETAIN WALKER,1,RC,30017,33922,Carl Anthony,Walker - YES,,COOK,1035418,,
GE 2024,COOK CIRCUIT - RETAIN FLANNIGAN,1,RC,30021,33927,Ellen L.,Flannigan - NO,,COOK,347385,,
GE 2024,COOK CIRCUIT - RETAIN FLANNIGAN,1,RC,30021,33926,Ellen L.,Flannigan - YES,,COOK,1128750,,
GE 2024,COOK CIRCUIT - RETAIN McHALE,1,RC,30027,33933,Mike,McHale - NO,,COOK,496670,,
GE 2024,COOK CIRCUIT - RETAIN McHALE,1,RC,30027,33932,Mike,McHale - YES,,COOK,967168,,
GE 2024,COOK CIRCUIT - RETAIN MURPHY,1,RC,30029,33935,James Patrick,Murphy - NO,,COOK,350773,,
GE 2024,COOK CIRCUIT - RETAIN MURPHY,1,RC,30029,33934,James Patrick,Murphy - YES,,COOK,1120126,,
GE 2024,COOK CIRCUIT - RETAIN OCASIO III,1,RC,30033,33939,Ramon,Ocasio III - NO,,COOK,361948,,
GE 2024,COOK CIRCUIT - RETAIN OCASIO III,1,RC,30033,33938,Ramon,Ocasio III - YES,,COOK,1099922,,
GE 2024,COOK CIRCUIT - RETAIN ROBERTS,1,RC,30035,33941,Mary Colleen,Roberts - NO,,COOK,315268,,
GE 2024,COOK CIRCUIT - RETAIN ROBERTS,1,RC,30035,33940,Mary Colleen,Roberts - YES,,COOK,1147495,,
GE 2024,COOK CIRCUIT - RETAIN BREWER,1,RC,30039,33947,Tommy,Brewer - NO,,COOK,365732,,
GE 2024,COOK CIRCUIT - RETAIN BREWER,1,RC,30039,33946,Tommy,Brewer - YES,,COOK,1088875,,
GE 2024,COOK CIRCUIT - RETAIN REDDICK,1,RC,30041,33949,Erica L.,Reddick - NO,,COOK,333697,,
GE 2024,COOK CIRCUIT - RETAIN REDDICK,1,RC,30041,33948,Erica L.,Reddick - YES,,COOK,1124730,,
GE 2024,COOK CIRCUIT - RETAIN SCANNICCHIO,1,RC,30047,33955,Regina Ann,Scannicchio - NO,,COOK,342573,,
GE 2024,COOK CIRCUIT - RETAIN SCANNICCHIO,1,RC,30047,33954,Regina Ann,Scannicchio - YES,,COOK,1110525,,
GE 2024,COOK CIRCUIT - RETAIN MARSALEK,1,RC,30049,33957,Diann Karen,Marsalek - NO,,COOK,337566,,
GE 2024,COOK CIRCUIT - RETAIN MARSALEK,1,RC,30049,33956,Diann Karen,Marsalek - YES,,COOK,1112057,,
GE 2024,COOK CIRCUIT - RETAIN EHRLICH,1,RC,30055,33963,John H.,Ehrlich - NO,,COOK,372373,,
GE 2024,COOK CIRCUIT - RETAIN EHRLICH,1,RC,30055,33962,John H.,Ehrlich - YES,,COOK,1064643,,
GE 2024,COOK CIRCUIT - RETAIN GALLAGHER,1,RC,30057,33965,Terry,Gallagher - NO,,COOK,337505,,
GE 2024,COOK CIRCUIT - RETAIN GALLAGHER,1,RC,30057,33964,Terry,Gallagher - YES,,COOK,1107001,,
GE 2024,COOK CIRCUIT - RETAIN LEWIS,1,RC,30065,33971,Kimberly D.,Lewis - NO,,COOK,303580,,
GE 2024,COOK CIRCUIT - RETAIN LEWIS,1,RC,30065,33970,Kimberly D.,Lewis - YES,,COOK,1145699,,
GE 2024,COOK CIRCUIT - RETAIN MacCARTHY,1,RC,30067,33973,Aicha Marie,MacCarthy - NO,,COOK,326438,,
GE 2024,COOK CIRCUIT - RETAIN MacCARTHY,1,RC,30067,33972,Aicha Marie,MacCarthy - YES,,COOK,1117980,,
GE 2024,COOK CIRCUIT - RETAIN MULLEN,1,RC,30071,33977,Michael Tully,Mullen - NO,,COOK,427755,,
GE 2024,COOK CIRCUIT - RETAIN MULLEN,1,RC,30071,33976,Michael Tully,Mullen - YES,,COOK,1012597,,
GE 2024,COOK CIRCUIT - RETAIN RAMIREZ,1,RC,30077,33983,Cynthia,Ramirez - NO,,COOK,314246,,
GE 2024,COOK CIRCUIT - RETAIN RAMIREZ,1,RC,30077,33982,Cynthia,Ramirez - YES,,COOK,1139287,,
GE 2024,COOK CIRCUIT - RETAIN SANTIAGO,1,RC,30079,33985,Beatriz,Santiago - NO,,COOK,446029,,
GE 2024,COOK CIRCUIT - RETAIN SANTIAGO,1,RC,30079,33984,Beatriz,Santiago - YES,,COOK,1006412,,
GE 2024,COOK CIRCUIT - RETAIN SALTOUROS,1,RC,30083,33989,Stephanie,Saltouros - NO,,COOK,330798,,
GE 2024,COOK CIRCUIT - RETAIN SALTOUROS,1,RC,30083,33988,Stephanie,Saltouros - YES,,COOK,1106565,,
GE 2024,COOK CIRCUIT - RETAIN DELGADO,1,RC,30085,33991,Kent,Delgado - NO,,COOK,340268,,
GE 2024,COOK CIRCUIT - RETAIN DELGADO,1,RC,30085,33990,Kent,Delgado - YES,,COOK,1101090,,
GE 2024,COOK CIRCUIT - RETAIN COLEMAN,1,RC,30095,34001,H. Yvonne,Coleman - NO,,COOK,330812,,
GE 2024,COOK CIRCUIT - RETAIN COLEMAN,1,RC,30095,34000,H. Yvonne,Coleman - YES,,COOK,1106479,,
GE 2024,COOK CIRCUIT - RETAIN SEATON,1,RC,30097,34003,Debra A.,Seaton - NO,,COOK,325556,,
GE 2024,COOK CIRCUIT - RETAIN SEATON,1,RC,30097,34002,Debra A.,Seaton - YES,,COOK,1106781,,
GE 2024,COOK CIRCUIT - RETAIN PERKINS,1,RC,30103,34009,Marian Emily,Perkins - NO,,COOK,308572,,
GE 2024,COOK CIRCUIT - RETAIN PERKINS,1,RC,30103,34008,Marian Emily,Perkins - YES,,COOK,1127070,,
GE 2024,COOK CIRCUIT - RETAIN BARRETT,1,RC,30111,34017,Michael B.,Barrett - NO,,COOK,327336,,
GE 2024,COOK CIRCUIT - RETAIN BARRETT,1,RC,30111,34016,Michael B.,Barrett - YES,,COOK,1097237,,
GE 2024,COOK CIRCUIT - RETAIN BLAKELY,1,RC,30113,34019,Tiana Ellis,Blakely - NO,,COOK,309947,,
GE 2024,COOK CIRCUIT - RETAIN BLAKELY,1,RC,30113,34018,Tiana Ellis,Blakely - YES,,COOK,1117975,,
GE 2024,COOK CIRCUIT - RETAIN CHUPACK,1,RC,30115,34021,Joel,Chupack - NO,,COOK,370372,,
GE 2024,COOK CIRCUIT - RETAIN CHUPACK,1,RC,30115,34020,Joel,Chupack - YES,,COOK,1041881,,
GE 2024,COOK CIRCUIT - RETAIN CIACCIA-LEZZA,1,RC,30117,34023,Elizabeth,Ciaccia-Lezza - NO,,COOK,462461,,
GE 2024,COOK CIRCUIT - RETAIN CIACCIA-LEZZA,1,RC,30117,34022,Elizabeth,Ciaccia-Lezza - YES,,COOK,965803,,
GE 2024,COOK CIRCUIT - RETAIN CUNNINGHAM,1,RC,30119,34025,Kevin Patrick,Cunningham - NO,,COOK,332399,,
GE 2024,COOK CIRCUIT - RETAIN CUNNINGHAM,1,RC,30119,34024,Kevin Patrick,Cunningham - YES,,COOK,1091102,,
GE 2024,COOK CIRCUIT - RETAIN DALY,1,RC,30121,34027,Colleen Reardon,Daly - NO,,COOK,406820,,
GE 2024,COOK CIRCUIT - RETAIN DALY,1,RC,30121,34026,Colleen Reardon,Daly - YES,,COOK,1017469,,
GE 2024,COOK CIRCUIT - RETAIN FRAUSTO-SANDOVAL,1,RC,30123,34029,Beatriz A.,Frausto-Sandoval - NO,,COOK,332154,,
GE 2024,COOK CIRCUIT - RETAIN FRAUSTO-SANDOVAL,1,RC,30123,34028,Beatriz A.,Frausto-Sandoval - YES,,COOK,1090455,,
GE 2024,COOK CIRCUIT - RETAIN GRAY,1,RC,30125,34031,Ieshia,Gray - NO,,COOK,565865,,
GE 2024,COOK CIRCUIT - RETAIN GRAY,1,RC,30125,34030,Ieshia,Gray - YES,,COOK,870242,,
GE 2024,COOK CIRCUIT - RETAIN LANAHAN,1,RC,30131,34037,Kathaleen Theresa,Lanahan - NO,,COOK,316939,,
GE 2024,COOK CIRCUIT - RETAIN LANAHAN,1,RC,30131,34036,Kathaleen Theresa,Lanahan - YES,,COOK,1103506,,
GE 2024,COOK CIRCUIT - RETAIN McGUIRE,1,RC,30133,34039,Thomas F.,McGuire - NO,,COOK,337199,,
GE 2024,COOK CIRCUIT - RETAIN McGUIRE,1,RC,30133,34038,Thomas F.,McGuire - YES,,COOK,1082021,,
GE 2024,COOK CIRCUIT - RETAIN ORR,1,RC,30139,34045,Erika,Orr - NO,,COOK,306760,,
GE 2024,COOK CIRCUIT - RETAIN ORR,1,RC,30139,34044,Erika,Orr - YES,,COOK,1114608,,
GE 2024,COOK CIRCUIT - RETAIN PEREZ,1,RC,30141,34047,Linda,Perez - NO,,COOK,374788,,
GE 2024,COOK CIRCUIT - RETAIN PEREZ,1,RC,30141,34046,Linda,Perez - YES,,COOK,1056109,,
GE 2024,COOK CIRCUIT - RETAIN SILVA,1,RC,30147,34053,Rosa Maria,Silva - NO,,COOK,303458,,
GE 2024,COOK CIRCUIT - RETAIN SILVA,1,RC,30147,34052,Rosa Maria,Silva - YES,,COOK,1128442,,
GE 2024,COOK CIRCUIT - RETAIN VAHEY,1,RC,30149,34055,Kathryn Maloney,Vahey - NO,,COOK,319154,,
GE 2024,COOK CIRCUIT - RETAIN VAHEY,1,RC,30149,34054,Kathryn Maloney,Vahey - YES,,COOK,1104747,,
GE 2024,1ST CIRCUIT - RETAIN SANDERS,1,RC,101,34066,John W.,Sanders - NO,,PULASKI,415,,
GE 2024,1ST CIRCUIT - RETAIN SANDERS,1,RC,101,34066,John W.,Sanders - NO,,WILLIAMSON,6395,,
GE 2024,1ST CIRCUIT - RETAIN SANDERS,1,RC,101,34066,John W.,Sanders - NO,,SALINE,1910,,
GE 2024,1ST CIRCUIT - RETAIN SANDERS,1,RC,101,34066,John W.,Sanders - NO,,ALEXANDER,463,,
GE 2024,1ST CIRCUIT - RETAIN SANDERS,1,RC,101,34066,John W.,Sanders - NO,,POPE,441,,
GE 2024,1ST CIRCUIT - RETAIN SANDERS,1,RC,101,34066,John W.,Sanders - NO,,UNION,1445,,
GE 2024,1ST CIRCUIT - RETAIN SANDERS,1,RC,101,34060,John W.,Sanders - YES,,ALEXANDER,1419,,
GE 2024,1ST CIRCUIT - RETAIN SANDERS,1,RC,101,34060,John W.,Sanders - YES,,POPE,1283,,
GE 2024,1ST CIRCUIT - RETAIN SANDERS,1,RC,101,34060,John W.,Sanders - YES,,UNION,5710,,
GE 2024,1ST CIRCUIT - RETAIN SANDERS,1,RC,101,34060,John W.,Sanders - YES,,JOHNSON,4021,,
GE 2024,1ST CIRCUIT - RETAIN SANDERS,1,RC,101,34060,John W.,Sanders - YES,,MASSAC,4144,,
GE 2024,1ST CIRCUIT - RETAIN SANDERS,1,RC,101,34060,John W.,Sanders - YES,,JACKSON,12939,,
GE 2024,1ST CIRCUIT - RETAIN SANDERS,1,RC,101,34066,John W.,Sanders - NO,,JOHNSON,1034,,
GE 2024,1ST CIRCUIT - RETAIN SANDERS,1,RC,101,34066,John W.,Sanders - NO,,MASSAC,967,,
GE 2024,1ST CIRCUIT - RETAIN SANDERS,1,RC,101,34066,John W.,Sanders - NO,,JACKSON,4970,,
GE 2024,1ST CIRCUIT - RETAIN SANDERS,1,RC,101,34060,John W.,Sanders - YES,,PULASKI,1503,,
GE 2024,1ST CIRCUIT - RETAIN SANDERS,1,RC,101,34060,John W.,Sanders - YES,,WILLIAMSON,22207,,
GE 2024,1ST CIRCUIT - RETAIN SANDERS,1,RC,101,34060,John W.,Sanders - YES,,SALINE,6468,,
GE 2024,9TH CIRCUIT - RETAIN CLARK,1,RC,901,34075,Rodney G.,Clark - NO,,HENDERSON,460,,
GE 2024,9TH CIRCUIT - RETAIN CLARK,1,RC,901,34075,Rodney G.,Clark - NO,,HANCOCK,1217,,
GE 2024,9TH CIRCUIT - RETAIN CLARK,1,RC,901,34075,Rodney G.,Clark - NO,,McDONOUGH,1648,,
GE 2024,9TH CIRCUIT - RETAIN CLARK,1,RC,901,34075,Rodney G.,Clark - NO,,FULTON,2821,,
GE 2024,9TH CIRCUIT - RETAIN CLARK,1,RC,901,34075,Rodney G.,Clark - NO,,KNOX,3684,,
GE 2024,9TH CIRCUIT - RETAIN CLARK,1,RC,901,34075,Rodney G.,Clark - NO,,WARREN,878,,
GE 2024,9TH CIRCUIT - RETAIN CLARK,1,RC,901,34072,Rodney G.,Clark - YES,,HENDERSON,2318,,
GE 2024,9TH CIRCUIT - RETAIN CLARK,1,RC,901,34072,Rodney G.,Clark - YES,,HANCOCK,6965,,
GE 2024,9TH CIRCUIT - RETAIN CLARK,1,RC,901,34072,Rodney G.,Clark - YES,,McDONOUGH,8042,,
GE 2024,9TH CIRCUIT - RETAIN CLARK,1,RC,901,34072,Rodney G.,Clark - YES,,FULTON,10727,,
GE 2024,9TH CIRCUIT - RETAIN CLARK,1,RC,901,34072,Rodney G.,Clark - YES,,KNOX,14666,,
GE 2024,9TH CIRCUIT - RETAIN CLARK,1,RC,901,34072,Rodney G.,Clark - YES,,WARREN,5391,,
GE 2024,1ST CIRCUIT - RETAIN GILL,1,RC,102,34070,Carey C.,Gill - NO,,PULASKI,455,,
GE 2024,1ST CIRCUIT - RETAIN GILL,1,RC,102,34070,Carey C.,Gill - NO,,WILLIAMSON,6666,,
GE 2024,1ST CIRCUIT - RETAIN GILL,1,RC,102,34070,Carey C.,Gill - NO,,SALINE,1964,,
GE 2024,1ST CIRCUIT - RETAIN GILL,1,RC,102,34070,Carey C.,Gill - NO,,ALEXANDER,463,,
GE 2024,1ST CIRCUIT - RETAIN GILL,1,RC,102,34061,Carey C.,Gill - YES,,MASSAC,4022,,
GE 2024,1ST CIRCUIT - RETAIN GILL,1,RC,102,34061,Carey C.,Gill - YES,,JACKSON,13360,,
GE 2024,1ST CIRCUIT - RETAIN GILL,1,RC,102,34061,Carey C.,Gill - YES,,WILLIAMSON,21407,,
GE 2024,1ST CIRCUIT - RETAIN GILL,1,RC,102,34061,Carey C.,Gill - YES,,SALINE,6335,,
GE 2024,1ST CIRCUIT - RETAIN GILL,1,RC,102,34061,Carey C.,Gill - YES,,ALEXANDER,1396,,
GE 2024,1ST CIRCUIT - RETAIN GILL,1,RC,102,34061,Carey C.,Gill - YES,,POPE,1258,,
GE 2024,1ST CIRCUIT - RETAIN GILL,1,RC,102,34061,Carey C.,Gill - YES,,UNION,5725,,
GE 2024,1ST CIRCUIT - RETAIN GILL,1,RC,102,34061,Carey C.,Gill - YES,,JOHNSON,3865,,
GE 2024,1ST CIRCUIT - RETAIN GILL,1,RC,102,34070,Carey C.,Gill - NO,,POPE,459,,
GE 2024,1ST CIRCUIT - RETAIN GILL,1,RC,102,34070,Carey C.,Gill - NO,,UNION,1438,,
GE 2024,1ST CIRCUIT - RETAIN GILL,1,RC,102,34070,Carey C.,Gill - NO,,JOHNSON,1119,,
GE 2024,1ST CIRCUIT - RETAIN GILL,1,RC,102,34070,Carey C.,Gill - NO,,MASSAC,1027,,
GE 2024,1ST CIRCUIT - RETAIN GILL,1,RC,102,34070,Carey C.,Gill - NO,,JACKSON,4520,,
GE 2024,1ST CIRCUIT - RETAIN GILL,1,RC,102,34061,Carey C.,Gill - YES,,PULASKI,1450,,
GE 2024,COOK CIRCUIT - RETAIN HARVEY,1,RC,30091,33997,Toya T.,Harvey - NO,,COOK,318455,,
GE 2024,COOK CIRCUIT - RETAIN HARVEY,1,RC,30091,33996,Toya T.,Harvey - YES,,COOK,1118747,,
GE 2024,COOK CIRCUIT - RETAIN DAVIS,1,RC,30093,33999,Adrienne Elaine,Davis - NO,,COOK,322219,,
GE 2024,COOK CIRCUIT - RETAIN DAVIS,1,RC,30093,33998,Adrienne Elaine,Davis - YES,,COOK,1114057,,
GE 2024,COOK CIRCUIT - RETAIN NAVARRO,1,RC,30099,34005,David R.,Navarro - NO,,COOK,328518,,
GE 2024,COOK CIRCUIT - RETAIN NAVARRO,1,RC,30099,34004,David R.,Navarro - YES,,COOK,1117492,,
GE 2024,COOK CIRCUIT - RETAIN GONZALEZ,1,RC,30108,34007,Peter Michael,Gonzalez - NO,,COOK,402427,,
GE 2024,COOK CIRCUIT - RETAIN GONZALEZ,1,RC,30108,34006,Peter Michael,Gonzalez - YES,,COOK,1031065,,
GE 2024,COOK CIRCUIT - RETAIN HARRIS,1,RC,30105,34011,Robert,Harris - NO,,COOK,318840,,
GE 2024,COOK CIRCUIT - RETAIN HARRIS,1,RC,30105,34010,Robert,Harris - YES,,COOK,1119569,,
GE 2024,"COOK CIRCUIT - RETAIN JONES, JR.",1,RC,30107,34013,Preston,"Jones, Jr. - NO",,COOK,328168,,
GE 2024,"COOK CIRCUIT - RETAIN JONES, JR.",1,RC,30107,34012,Preston,"Jones, Jr. - YES",,COOK,1103600,,
GE 2024,COOK CIRCUIT - RETAIN WRENN,1,RC,30109,34015,Jeanne Marie,Wrenn - NO,,COOK,326952,,
GE 2024,COOK CIRCUIT - RETAIN WRENN,1,RC,30109,34014,Jeanne Marie,Wrenn - YES,,COOK,1095040,,
GE 2024,1ST CIRCUIT - RETAIN GREEN,1,RC,104,34073,Stephen R.,Green - NO,,PULASKI,433,,
GE 2024,1ST CIRCUIT - RETAIN GREEN,1,RC,104,34073,Stephen R.,Green - NO,,WILLIAMSON,6148,,
GE 2024,1ST CIRCUIT - RETAIN GREEN,1,RC,104,34073,Stephen R.,Green - NO,,SALINE,1931,,
GE 2024,1ST CIRCUIT - RETAIN GREEN,1,RC,104,34073,Stephen R.,Green - NO,,ALEXANDER,466,,
GE 2024,1ST CIRCUIT - RETAIN GREEN,1,RC,104,34073,Stephen R.,Green - NO,,POPE,439,,
GE 2024,1ST CIRCUIT - RETAIN GREEN,1,RC,104,34073,Stephen R.,Green - NO,,UNION,1455,,
GE 2024,1ST CIRCUIT - RETAIN GREEN,1,RC,104,34063,Stephen R.,Green - YES,,ALEXANDER,1374,,
GE 2024,1ST CIRCUIT - RETAIN GREEN,1,RC,104,34063,Stephen R.,Green - YES,,POPE,1265,,
GE 2024,1ST CIRCUIT - RETAIN GREEN,1,RC,104,34063,Stephen R.,Green - YES,,UNION,5641,,
GE 2024,1ST CIRCUIT - RETAIN GREEN,1,RC,104,34063,Stephen R.,Green - YES,,JOHNSON,3858,,
GE 2024,1ST CIRCUIT - RETAIN GREEN,1,RC,104,34063,Stephen R.,Green - YES,,MASSAC,4002,,
GE 2024,1ST CIRCUIT - RETAIN GREEN,1,RC,104,34063,Stephen R.,Green - YES,,JACKSON,13300,,
GE 2024,1ST CIRCUIT - RETAIN GREEN,1,RC,104,34073,Stephen R.,Green - NO,,JOHNSON,1099,,
GE 2024,1ST CIRCUIT - RETAIN GREEN,1,RC,104,34073,Stephen R.,Green - NO,,MASSAC,1005,,
GE 2024,1ST CIRCUIT - RETAIN GREEN,1,RC,104,34073,Stephen R.,Green - NO,,JACKSON,4358,,
GE 2024,1ST CIRCUIT - RETAIN GREEN,1,RC,104,34063,Stephen R.,Green - YES,,PULASKI,1457,,
GE 2024,1ST CIRCUIT - RETAIN GREEN,1,RC,104,34063,Stephen R.,Green - YES,,WILLIAMSON,22186,,
GE 2024,1ST CIRCUIT - RETAIN GREEN,1,RC,104,34063,Stephen R.,Green - YES,,SALINE,6368,,
GE 2024,1ST CIRCUIT - RETAIN SOLVERSON,1,RC,105,34074,Christy W.,Solverson - NO,,PULASKI,440,,
GE 2024,1ST CIRCUIT - RETAIN SOLVERSON,1,RC,105,34074,Christy W.,Solverson - NO,,WILLIAMSON,5941,,
GE 2024,1ST CIRCUIT - RETAIN SOLVERSON,1,RC,105,34074,Christy W.,Solverson - NO,,SALINE,1970,,
GE 2024,1ST CIRCUIT - RETAIN SOLVERSON,1,RC,105,34074,Christy W.,Solverson - NO,,ALEXANDER,475,,
GE 2024,1ST CIRCUIT - RETAIN SOLVERSON,1,RC,105,34064,Christy W.,Solverson - YES,,MASSAC,3983,,
GE 2024,1ST CIRCUIT - RETAIN SOLVERSON,1,RC,105,34064,Christy W.,Solverson - YES,,JACKSON,14772,,
GE 2024,1ST CIRCUIT - RETAIN SOLVERSON,1,RC,105,34064,Christy W.,Solverson - YES,,WILLIAMSON,21963,,
GE 2024,1ST CIRCUIT - RETAIN SOLVERSON,1,RC,105,34064,Christy W.,Solverson - YES,,SALINE,6311,,
GE 2024,1ST CIRCUIT - RETAIN SOLVERSON,1,RC,105,34064,Christy W.,Solverson - YES,,ALEXANDER,1368,,
GE 2024,1ST CIRCUIT - RETAIN SOLVERSON,1,RC,105,34064,Christy W.,Solverson - YES,,POPE,1255,,
GE 2024,1ST CIRCUIT - RETAIN SOLVERSON,1,RC,105,34064,Christy W.,Solverson - YES,,UNION,5671,,
GE 2024,1ST CIRCUIT - RETAIN SOLVERSON,1,RC,105,34064,Christy W.,Solverson - YES,,JOHNSON,3811,,
GE 2024,1ST CIRCUIT - RETAIN SOLVERSON,1,RC,105,34074,Christy W.,Solverson - NO,,POPE,460,,
GE 2024,1ST CIRCUIT - RETAIN SOLVERSON,1,RC,105,34074,Christy W.,Solverson - NO,,UNION,1478,,
GE 2024,1ST CIRCUIT - RETAIN SOLVERSON,1,RC,105,34074,Christy W.,Solverson - NO,,JOHNSON,1126,,
GE 2024,1ST CIRCUIT - RETAIN SOLVERSON,1,RC,105,34074,Christy W.,Solverson - NO,,MASSAC,1024,,
GE 2024,1ST CIRCUIT - RETAIN SOLVERSON,1,RC,105,34074,Christy W.,Solverson - NO,,JACKSON,3696,,
GE 2024,1ST CIRCUIT - RETAIN SOLVERSON,1,RC,105,34064,Christy W.,Solverson - YES,,PULASKI,1461,,
GE 2024,11TH CIRCUIT - RETAIN FOLEY,1,RC,1101,34085,Rebecca Simmons,Foley - NO,,LOGAN,1543,,
GE 2024,11TH CIRCUIT - RETAIN FOLEY,1,RC,1101,34085,Rebecca Simmons,Foley - NO,,LIVINGSTON,1846,,
GE 2024,11TH CIRCUIT - RETAIN FOLEY,1,RC,1101,34085,Rebecca Simmons,Foley - NO,,WOODFORD,2778,,
GE 2024,11TH CIRCUIT - RETAIN FOLEY,1,RC,1101,34085,Rebecca Simmons,Foley - NO,,FORD,802,,
GE 2024,11TH CIRCUIT - RETAIN FOLEY,1,RC,1101,34085,Rebecca Simmons,Foley - NO,,McLEAN,12762,,
GE 2024,11TH CIRCUIT - RETAIN FOLEY,1,RC,1101,34084,Rebecca Simmons,Foley - YES,,LOGAN,9090,,
GE 2024,11TH CIRCUIT - RETAIN FOLEY,1,RC,1101,34084,Rebecca Simmons,Foley - YES,,LIVINGSTON,12256,,
GE 2024,11TH CIRCUIT - RETAIN FOLEY,1,RC,1101,34084,Rebecca Simmons,Foley - YES,,WOODFORD,14879,,
GE 2024,11TH CIRCUIT - RETAIN FOLEY,1,RC,1101,34084,Rebecca Simmons,Foley - YES,,FORD,4794,,
GE 2024,11TH CIRCUIT - RETAIN FOLEY,1,RC,1101,34084,Rebecca Simmons,Foley - YES,,McLEAN,63847,,
GE 2024,11TH CIRCUIT - RETAIN YODER,1,RC,1103,34088,Willam A.,Yoder - NO,,McLEAN,12753,,
GE 2024,11TH CIRCUIT - RETAIN YODER,1,RC,1103,34088,Willam A.,Yoder - NO,,LOGAN,1520,,
GE 2024,11TH CIRCUIT - RETAIN YODER,1,RC,1103,34088,Willam A.,Yoder - NO,,LIVINGSTON,1696,,
GE 2024,11TH CIRCUIT - RETAIN YODER,1,RC,1103,34088,Willam A.,Yoder - NO,,WOODFORD,2338,,
GE 2024,11TH CIRCUIT - RETAIN YODER,1,RC,1103,34088,Willam A.,Yoder - NO,,FORD,748,,
GE 2024,11TH CIRCUIT - RETAIN YODER,1,RC,1103,34086,William A.,Yoder - YES,,LOGAN,9197,,
GE 2024,11TH CIRCUIT - RETAIN YODER,1,RC,1103,34086,William A.,Yoder - YES,,LIVINGSTON,12495,,
GE 2024,11TH CIRCUIT - RETAIN YODER,1,RC,1103,34086,William A.,Yoder - YES,,WOODFORD,15448,,
GE 2024,11TH CIRCUIT - RETAIN YODER,1,RC,1103,34086,William A.,Yoder - YES,,FORD,4867,,
GE 2024,11TH CIRCUIT - RETAIN YODER,1,RC,1103,34086,William A.,Yoder - YES,,McLEAN,64554,,
GE 2024,12TH CIRCUIT - RETAIN GARCIA,1,RC,1203,34096,David,Garcia - NO,,WILL,84349,,
GE 2024,12TH CIRCUIT - RETAIN GARCIA,1,RC,1203,34097,David,Garcia - YES,,WILL,200587,,
GE 2024,2ND CIRCUIT - RETAIN C. WEBER,1,RC,202,34115,Christopher L.,Weber - NO,,WABASH,1026,,
GE 2024,2ND CIRCUIT - RETAIN C. WEBER,1,RC,202,34115,Christopher L.,Weber - NO,,HAMILTON,1034,,
GE 2024,2ND CIRCUIT - RETAIN C. WEBER,1,RC,202,34115,Christopher L.,Weber - NO,,LAWRENCE,1074,,
GE 2024,2ND CIRCUIT - RETAIN C. WEBER,1,RC,202,34115,Christopher L.,Weber - NO,,CRAWFORD,1097,,
GE 2024,2ND CIRCUIT - RETAIN C. WEBER,1,RC,202,34115,Christopher L.,Weber - NO,,EDWARDS,667,,
GE 2024,2ND CIRCUIT - RETAIN C. WEBER,1,RC,202,34115,Christopher L.,Weber - NO,,HARDIN,321,,
GE 2024,2ND CIRCUIT - RETAIN C. WEBER,1,RC,202,34114,Christopher L.,Weber - YES,,WHITE,4635,,
GE 2024,2ND CIRCUIT - RETAIN C. WEBER,1,RC,202,34114,Christopher L.,Weber - YES,,FRANKLIN,12353,,
GE 2024,2ND CIRCUIT - RETAIN C. WEBER,1,RC,202,34114,Christopher L.,Weber - YES,,GALLATIN,1351,,
GE 2024,2ND CIRCUIT - RETAIN C. WEBER,1,RC,202,34114,Christopher L.,Weber - YES,,WAYNE,5746,,
GE 2024,2ND CIRCUIT - RETAIN C. WEBER,1,RC,202,34114,Christopher L.,Weber - YES,,JEFFERSON,11167,,
GE 2024,2ND CIRCUIT - RETAIN C. WEBER,1,RC,202,34114,Christopher L.,Weber - YES,,RICHLAND,4803,,
GE 2024,2ND CIRCUIT - RETAIN C. WEBER,1,RC,202,34114,Christopher L.,Weber - YES,,WABASH,3527,,
GE 2024,2ND CIRCUIT - RETAIN C. WEBER,1,RC,202,34114,Christopher L.,Weber - YES,,HAMILTON,2217,,
GE 2024,2ND CIRCUIT - RETAIN C. WEBER,1,RC,202,34114,Christopher L.,Weber - YES,,LAWRENCE,4029,,
GE 2024,2ND CIRCUIT - RETAIN C. WEBER,1,RC,202,34114,Christopher L.,Weber - YES,,CRAWFORD,7259,,
GE 2024,2ND CIRCUIT - RETAIN C. WEBER,1,RC,202,34114,Christopher L.,Weber - YES,,EDWARDS,2060,,
GE 2024,2ND CIRCUIT - RETAIN C. WEBER,1,RC,202,34114,Christopher L.,Weber - YES,,HARDIN,1155,,
GE 2024,2ND CIRCUIT - RETAIN C. WEBER,1,RC,202,34115,Christopher L.,Weber - NO,,WHITE,1259,,
GE 2024,2ND CIRCUIT - RETAIN C. WEBER,1,RC,202,34115,Christopher L.,Weber - NO,,FRANKLIN,3081,,
GE 2024,2ND CIRCUIT - RETAIN C. WEBER,1,RC,202,34115,Christopher L.,Weber - NO,,GALLATIN,532,,
GE 2024,2ND CIRCUIT - RETAIN C. WEBER,1,RC,202,34115,Christopher L.,Weber - NO,,WAYNE,1415,,
GE 2024,2ND CIRCUIT - RETAIN C. WEBER,1,RC,202,34115,Christopher L.,Weber - NO,,JEFFERSON,2770,,
GE 2024,2ND CIRCUIT - RETAIN C. WEBER,1,RC,202,34115,Christopher L.,Weber - NO,,RICHLAND,1325,,
GE 2024,2ND CIRCUIT - RETAIN WEBB,1,RC,205,34117,T. Scott,Webb - NO,,WABASH,1022,,
GE 2024,2ND CIRCUIT - RETAIN WEBB,1,RC,205,34117,T. Scott,Webb - NO,,HAMILTON,887,,
GE 2024,2ND CIRCUIT - RETAIN WEBB,1,RC,205,34117,T. Scott,Webb - NO,,LAWRENCE,1070,,
GE 2024,2ND CIRCUIT - RETAIN WEBB,1,RC,205,34117,T. Scott,Webb - NO,,CRAWFORD,1363,,
GE 2024,2ND CIRCUIT - RETAIN WEBB,1,RC,205,34117,T. Scott,Webb - NO,,EDWARDS,628,,
GE 2024,2ND CIRCUIT - RETAIN WEBB,1,RC,205,34117,T. Scott,Webb - NO,,RICHLAND,1387,,
GE 2024,2ND CIRCUIT - RETAIN WEBB,1,RC,205,34116,T. Scott,Webb - YES,,WHITE,5521,,
GE 2024,2ND CIRCUIT - RETAIN WEBB,1,RC,205,34116,T. Scott,Webb - YES,,FRANKLIN,12401,,
GE 2024,2ND CIRCUIT - RETAIN WEBB,1,RC,205,34116,T. Scott,Webb - YES,,GALLATIN,1463,,
GE 2024,2ND CIRCUIT - RETAIN WEBB,1,RC,205,34116,T. Scott,Webb - YES,,WAYNE,5858,,
GE 2024,2ND CIRCUIT - RETAIN WEBB,1,RC,205,34116,T. Scott,Webb - YES,,JEFFERSON,11166,,
GE 2024,2ND CIRCUIT - RETAIN WEBB,1,RC,205,34116,T. Scott,Webb - YES,,RICHLAND,4636,,
GE 2024,2ND CIRCUIT - RETAIN WEBB,1,RC,205,34116,T. Scott,Webb - YES,,WABASH,3511,,
GE 2024,2ND CIRCUIT - RETAIN WEBB,1,RC,205,34116,T. Scott,Webb - YES,,HAMILTON,2491,,
GE 2024,2ND CIRCUIT - RETAIN WEBB,1,RC,205,34116,T. Scott,Webb - YES,,LAWRENCE,3961,,
GE 2024,2ND CIRCUIT - RETAIN WEBB,1,RC,205,34116,T. Scott,Webb - YES,,CRAWFORD,6493,,
GE 2024,2ND CIRCUIT - RETAIN WEBB,1,RC,205,34116,T. Scott,Webb - YES,,EDWARDS,2133,,
GE 2024,2ND CIRCUIT - RETAIN WEBB,1,RC,205,34116,T. Scott,Webb - YES,,HARDIN,1159,,
GE 2024,2ND CIRCUIT - RETAIN WEBB,1,RC,205,34117,T. Scott,Webb - NO,,HARDIN,316,,
GE 2024,2ND CIRCUIT - RETAIN WEBB,1,RC,205,34117,T. Scott,Webb - NO,,WHITE,926,,
GE 2024,2ND CIRCUIT - RETAIN WEBB,1,RC,205,34117,T. Scott,Webb - NO,,FRANKLIN,2953,,
GE 2024,2ND CIRCUIT - RETAIN WEBB,1,RC,205,34117,T. Scott,Webb - NO,,GALLATIN,478,,
GE 2024,2ND CIRCUIT - RETAIN WEBB,1,RC,205,34117,T. Scott,Webb - NO,,WAYNE,1336,,
GE 2024,2ND CIRCUIT - RETAIN WEBB,1,RC,205,34117,T. Scott,Webb - NO,,JEFFERSON,2737,,
GE 2024,16TH CIRCUIT - RETAIN CRUZ,1,RC,1605,34118,Rene,Cruz - NO,,KANE,44451,,
GE 2024,16TH CIRCUIT - RETAIN CRUZ,1,RC,1605,34119,Rene,Cruz - YES,,KANE,140267,,
GE 2024,16TH CIRCUIT - RETAIN DALTON,1,RC,1603,34145,John G.,Dalton - NO,,KANE,55680,,
GE 2024,16TH CIRCUIT - RETAIN DALTON,1,RC,1603,34144,John G.,Dalton - YES,,KANE,128847,,
GE 2024,17TH CIRCUIT - RETAIN BRUSCATO,1,RC,1703,34124,Joseph P.,Bruscato - NO,,BOONE,3745,,
GE 2024,17TH CIRCUIT - RETAIN BRUSCATO,1,RC,1703,34124,Joseph P.,Bruscato - NO,,WINNEBAGO,19458,,
GE 2024,17TH CIRCUIT - RETAIN BRUSCATO,1,RC,1703,34122,Joseph P.,Bruscato - YES,,BOONE,16093,,
GE 2024,17TH CIRCUIT - RETAIN BRUSCATO,1,RC,1703,34122,Joseph P.,Bruscato - YES,,WINNEBAGO,82208,,
GE 2024,17TH CIRCUIT - RETAIN LOWRY,1,RC,1705,34127,John,Lowry - NO,,BOONE,3442,,
GE 2024,17TH CIRCUIT - RETAIN LOWRY,1,RC,1705,34127,John,Lowry - NO,,WINNEBAGO,18345,,
GE 2024,17TH CIRCUIT - RETAIN LOWRY,1,RC,1705,34126,John,Lowry - YES,,BOONE,16199,,
GE 2024,17TH CIRCUIT - RETAIN LOWRY,1,RC,1705,34126,John,Lowry - YES,,WINNEBAGO,81421,,
GE 2024,17TH CIRCUIT - RETAIN MAHER,1,RC,1701,34130,Brendan,Maher - NO,,BOONE,3486,,
GE 2024,17TH CIRCUIT - RETAIN MAHER,1,RC,1701,34130,Brendan,Maher - NO,,WINNEBAGO,19421,,
GE 2024,17TH CIRCUIT - RETAIN MAHER,1,RC,1701,34128,Brendan,Maher - YES,,BOONE,16181,,
GE 2024,17TH CIRCUIT - RETAIN MAHER,1,RC,1701,34128,Brendan,Maher - YES,,WINNEBAGO,80229,,
GE 2024,19TH CIRCUIT - RETAIN BISHOP,1,RC,1904,34138,Christen L.,Bishop - NO,,LAKE,52172,,
GE 2024,19TH CIRCUIT - RETAIN BISHOP,1,RC,1904,34139,Christen L.,Bishop - YES,,LAKE,194617,,
GE 2024,19TH CIRCUIT - RETAIN STRIDE,1,RC,1903,34143,Christopher R.,Stride - NO,,LAKE,54072,,
GE 2024,19TH CIRCUIT - RETAIN STRIDE,1,RC,1903,34141,Christopher R.,Stride - YES,,LAKE,193249,,
GE 2024,19TH CIRCUIT - RETAIN SMITH,1,RC,1905,34147,"Charles ""Chuck""",Smith - NO,,LAKE,55801,,
GE 2024,19TH CIRCUIT - RETAIN SMITH,1,RC,1905,34146,"Charles ""Chuck""",Smith - YES,,LAKE,191305,,
GE 2024,19TH CIRCUIT - RETAIN SOWINSKI FIX,1,RC,1902,34150,Patricia,Sowinski Fix - NO,,LAKE,72616,,
GE 2024,19TH CIRCUIT - RETAIN SOWINSKI FIX,1,RC,1902,34149,Patricia,Sowinski Fix - YES,,LAKE,175192,,
GE 2024,19TH CIRCUIT - RETAIN SHANES,1,RC,1901,34155,Daniel B.,Shanes - NO,,LAKE,54669,,
GE 2024,19TH CIRCUIT - RETAIN SHANES,1,RC,1901,34153,Daniel B.,Shanes - YES,,LAKE,195067,,
GE 2024,19TH CIRCUIT - RETAIN SALVI,1,RC,1906,34159,Joseph V.,Salvi - NO,,LAKE,57996,,
GE 2024,19TH CIRCUIT - RETAIN SALVI,1,RC,1906,34157,Joseph V.,Salvi - YES,,LAKE,191293,,
GE 2024,20TH CIRCUIT - RETAIN CRUSE,1,RC,2001,34164,Zina R.,Cruse - NO,,ST. CLAIR,27048,,
GE 2024,20TH CIRCUIT - RETAIN CRUSE,1,RC,2001,34163,Zina R.,Cruse - YES,,ST. CLAIR,83509,,
GE 2024,20TH CIRCUIT - RETAIN O'GARA,1,RC,2006,34174,John J.,O'Gara - NO,,ST. CLAIR,24922,,
GE 2024,20TH CIRCUIT - RETAIN O'GARA,1,RC,2006,34173,John J.,O'Gara - YES,,ST. CLAIR,84714,,
GE 2024,21ST CIRCUIT - RETAIN CUNNINGTON,1,RC,2101,34178,Thomas W.,Cunnington - NO,,KANKAKEE,7495,,
GE 2024,21ST CIRCUIT - RETAIN CUNNINGTON,1,RC,2101,34178,Thomas W.,Cunnington - NO,,IROQUOIS,1846,,
GE 2024,21ST CIRCUIT - RETAIN CUNNINGTON,1,RC,2101,34177,Thomas W.,Cunnington - YES,,KANKAKEE,33051,,
GE 2024,21ST CIRCUIT - RETAIN CUNNINGTON,1,RC,2101,34177,Thomas W.,Cunnington - YES,,IROQUOIS,9125,,
GE 2024,22ND CIRCUIT - RETAIN DAVIS,1,RC,2202,34184,Tiffany,Davis - NO,,McHENRY,33364,,
GE 2024,22ND CIRCUIT - RETAIN DAVIS,1,RC,2202,34183,Tiffany,Davis - YES,,McHENRY,109893,,
GE 2024,6TH CIRCUIT - RETAIN GRIFFITH,1,RC,601,34190,Thomas E.,Griffith - NO,,MOULTRIE,986,,
GE 2024,6TH CIRCUIT - RETAIN GRIFFITH,1,RC,601,34190,Thomas E.,Griffith - NO,,DeWITT,998,,
GE 2024,6TH CIRCUIT - RETAIN GRIFFITH,1,RC,601,34190,Thomas E.,Griffith - NO,,DOUGLAS,1011,,
GE 2024,6TH CIRCUIT - RETAIN GRIFFITH,1,RC,601,34190,Thomas E.,Griffith - NO,,PIATT,1143,,
GE 2024,6TH CIRCUIT - RETAIN GRIFFITH,1,RC,601,34190,Thomas E.,Griffith - NO,,MACON,6830,,
GE 2024,6TH CIRCUIT - RETAIN GRIFFITH,1,RC,601,34190,Thomas E.,Griffith - NO,,CHAMPAIGN,14016,,
GE 2024,6TH CIRCUIT - RETAIN GRIFFITH,1,RC,601,34189,Thomas E.,Griffith - YES,,MOULTRIE,4753,,
GE 2024,6TH CIRCUIT - RETAIN GRIFFITH,1,RC,601,34189,Thomas E.,Griffith - YES,,DeWITT,5414,,
GE 2024,6TH CIRCUIT - RETAIN GRIFFITH,1,RC,601,34189,Thomas E.,Griffith - YES,,DOUGLAS,6279,,
GE 2024,6TH CIRCUIT - RETAIN GRIFFITH,1,RC,601,34189,Thomas E.,Griffith - YES,,PIATT,7231,,
GE 2024,6TH CIRCUIT - RETAIN GRIFFITH,1,RC,601,34189,Thomas E.,Griffith - YES,,MACON,31880,,
GE 2024,6TH CIRCUIT - RETAIN GRIFFITH,1,RC,601,34189,Thomas E.,Griffith - YES,,CHAMPAIGN,59977,,
GE 2024,6TH CIRCUIT - RETAIN ROSENBAUM,1,RC,603,34194,Randy,Rosenbaum - NO,,MOULTRIE,1012,,
GE 2024,6TH CIRCUIT - RETAIN ROSENBAUM,1,RC,603,34194,Randy,Rosenbaum - NO,,DeWITT,1026,,
GE 2024,6TH CIRCUIT - RETAIN ROSENBAUM,1,RC,603,34194,Randy,Rosenbaum - NO,,DOUGLAS,1037,,
GE 2024,6TH CIRCUIT - RETAIN ROSENBAUM,1,RC,603,34194,Randy,Rosenbaum - NO,,PIATT,1195,,
GE 2024,6TH CIRCUIT - RETAIN ROSENBAUM,1,RC,603,34194,Randy,Rosenbaum - NO,,MACON,7042,,
GE 2024,6TH CIRCUIT - RETAIN ROSENBAUM,1,RC,603,34194,Randy,Rosenbaum - NO,,CHAMPAIGN,13646,,
GE 2024,6TH CIRCUIT - RETAIN ROSENBAUM,1,RC,603,34193,Randy,Rosenbaum - YES,,MOULTRIE,4701,,
GE 2024,6TH CIRCUIT - RETAIN ROSENBAUM,1,RC,603,34193,Randy,Rosenbaum - YES,,DeWITT,5374,,
GE 2024,6TH CIRCUIT - RETAIN ROSENBAUM,1,RC,603,34193,Randy,Rosenbaum - YES,,DOUGLAS,6275,,
GE 2024,6TH CIRCUIT - RETAIN ROSENBAUM,1,RC,603,34193,Randy,Rosenbaum - YES,,PIATT,7206,,
GE 2024,6TH CIRCUIT - RETAIN ROSENBAUM,1,RC,603,34193,Randy,Rosenbaum - YES,,MACON,30654,,
GE 2024,6TH CIRCUIT - RETAIN ROSENBAUM,1,RC,603,34193,Randy,Rosenbaum - YES,,CHAMPAIGN,61519,,
GE 2024,8TH CIRCUIT - RETAIN HOOKER,1,RC,805,34200,Jerry J.,Hooker - NO,,BROWN,233,,
GE 2024,8TH CIRCUIT - RETAIN HOOKER,1,RC,805,34200,Jerry J.,Hooker - NO,,CALHOUN,484,,
GE 2024,8TH CIRCUIT - RETAIN HOOKER,1,RC,805,34200,Jerry J.,Hooker - NO,,MENARD,843,,
GE 2024,8TH CIRCUIT - RETAIN HOOKER,1,RC,805,34200,Jerry J.,Hooker - NO,,ADAMS,4348,,
GE 2024,8TH CIRCUIT - RETAIN HOOKER,1,RC,805,34200,Jerry J.,Hooker - NO,,MASON,841,,
GE 2024,8TH CIRCUIT - RETAIN HOOKER,1,RC,805,34200,Jerry J.,Hooker - NO,,CASS,625,,
GE 2024,8TH CIRCUIT - RETAIN HOOKER,1,RC,805,34199,Jerry J.,Hooker - YES,,MASON,4103,,
GE 2024,8TH CIRCUIT - RETAIN HOOKER,1,RC,805,34199,Jerry J.,Hooker - YES,,CASS,3700,,
GE 2024,8TH CIRCUIT - RETAIN HOOKER,1,RC,805,34199,Jerry J.,Hooker - YES,,SCHUYLER,2337,,
GE 2024,8TH CIRCUIT - RETAIN HOOKER,1,RC,805,34199,Jerry J.,Hooker - YES,,PIKE,5338,,
GE 2024,8TH CIRCUIT - RETAIN HOOKER,1,RC,805,34200,Jerry J.,Hooker - NO,,SCHUYLER,574,,
GE 2024,8TH CIRCUIT - RETAIN HOOKER,1,RC,805,34200,Jerry J.,Hooker - NO,,PIKE,1077,,
GE 2024,8TH CIRCUIT - RETAIN HOOKER,1,RC,805,34199,Jerry J.,Hooker - YES,,BROWN,2111,,
GE 2024,8TH CIRCUIT - RETAIN HOOKER,1,RC,805,34199,Jerry J.,Hooker - YES,,CALHOUN,1446,,
GE 2024,8TH CIRCUIT - RETAIN HOOKER,1,RC,805,34199,Jerry J.,Hooker - YES,,MENARD,4135,,
GE 2024,8TH CIRCUIT - RETAIN HOOKER,1,RC,805,34199,Jerry J.,Hooker - YES,,ADAMS,23276,,
GE 2024,8TH CIRCUIT - RETAIN McCARTNEY,1,RC,801,34204,J. Frank,McCartney - NO,,BROWN,348,,
GE 2024,8TH CIRCUIT - RETAIN McCARTNEY,1,RC,801,34204,J. Frank,McCartney - NO,,CALHOUN,440,,
GE 2024,8TH CIRCUIT - RETAIN McCARTNEY,1,RC,801,34204,J. Frank,McCartney - NO,,MENARD,852,,
GE 2024,8TH CIRCUIT - RETAIN McCARTNEY,1,RC,801,34204,J. Frank,McCartney - NO,,ADAMS,4151,,
GE 2024,8TH CIRCUIT - RETAIN McCARTNEY,1,RC,801,34204,J. Frank,McCartney - NO,,MASON,854,,
GE 2024,8TH CIRCUIT - RETAIN McCARTNEY,1,RC,801,34204,J. Frank,McCartney - NO,,CASS,606,,
GE 2024,8TH CIRCUIT - RETAIN McCARTNEY,1,RC,801,34203,J. Frank,McCartney - YES,,MASON,4109,,
GE 2024,8TH CIRCUIT - RETAIN McCARTNEY,1,RC,801,34203,J. Frank,McCartney - YES,,CASS,3688,,
GE 2024,8TH CIRCUIT - RETAIN McCARTNEY,1,RC,801,34203,J. Frank,McCartney - YES,,SCHUYLER,2227,,
GE 2024,8TH CIRCUIT - RETAIN McCARTNEY,1,RC,801,34203,J. Frank,McCartney - YES,,PIKE,5973,,
GE 2024,8TH CIRCUIT - RETAIN McCARTNEY,1,RC,801,34204,J. Frank,McCartney - NO,,SCHUYLER,593,,
GE 2024,8TH CIRCUIT - RETAIN McCARTNEY,1,RC,801,34204,J. Frank,McCartney - NO,,PIKE,1028,,
GE 2024,8TH CIRCUIT - RETAIN McCARTNEY,1,RC,801,34203,J. Frank,McCartney - YES,,BROWN,1808,,
GE 2024,8TH CIRCUIT - RETAIN McCARTNEY,1,RC,801,34203,J. Frank,McCartney - YES,,CALHOUN,1562,,
GE 2024,8TH CIRCUIT - RETAIN McCARTNEY,1,RC,801,34203,J. Frank,McCartney - YES,,MENARD,4168,,
GE 2024,8TH CIRCUIT - RETAIN McCARTNEY,1,RC,801,34203,J. Frank,McCartney - YES,,ADAMS,23714,,
GE 2024,"""Should the Illinois Constitution be amended to create an additional 3% tax on income greater than $1,000,000 for the purpose of dedicating funds raised to property tax relief?""",1,2A,2,34211,,NO,,MOULTRIE,3271,,
GE 2024,"""Should the Illinois Constitution be amended to create an additional 3% tax on income greater than $1,000,000 for the purpose of dedicating funds raised to property tax relief?""",1,2A,2,34211,,NO,,PULASKI,1124,,
GE 2024,"""Should the Illinois Constitution be amended to create an additional 3% tax on income greater than $1,000,000 for the purpose of dedicating funds raised to property tax relief?""",1,2A,2,34211,,NO,,SHELBY,6178,,
GE 2024,"""Should the Illinois Constitution be amended to create an additional 3% tax on income greater than $1,000,000 for the purpose of dedicating funds raised to property tax relief?""",1,2A,2,34211,,NO,,STARK,1405,,
GE 2024,"""Should the Illinois Constitution be amended to create an additional 3% tax on income greater than $1,000,000 for the purpose of dedicating funds raised to property tax relief?""",1,2A,2,34211,,NO,,TAZEWELL,30666,,
GE 2024,"""Should the Illinois Constitution be amended to create an additional 3% tax on income greater than $1,000,000 for the purpose of dedicating funds raised to property tax relief?""",1,2A,2,34211,,NO,,MONTGOMERY,6165,,
GE 2024,"""Should the Illinois Constitution be amended to create an additional 3% tax on income greater than $1,000,000 for the purpose of dedicating funds raised to property tax relief?""",1,2A,2,34210,,YES,,WABASH,2442,,
GE 2024,"""Should the Illinois Constitution be amended to create an additional 3% tax on income greater than $1,000,000 for the purpose of dedicating funds raised to property tax relief?""",1,2A,2,34210,,YES,,KANKAKEE,25204,,
GE 2024,"""Should the Illinois Constitution be amended to create an additional 3% tax on income greater than $1,000,000 for the purpose of dedicating funds raised to property tax relief?""",1,2A,2,34210,,YES,,JERSEY,5288,,
GE 2024,"""Should the Illinois Constitution be amended to create an additional 3% tax on income greater than $1,000,000 for the purpose of dedicating funds raised to property tax relief?""",1,2A,2,34210,,YES,,CHRISTIAN,7537,,
GE 2024,"""Should the Illinois Constitution be amended to create an additional 3% tax on income greater than $1,000,000 for the purpose of dedicating funds raised to property tax relief?""",1,2A,2,34210,,YES,,WILLIAMSON,16339,,
GE 2024,"""Should the Illinois Constitution be amended to create an additional 3% tax on income greater than $1,000,000 for the purpose of dedicating funds raised to property tax relief?""",1,2A,2,34210,,YES,,DeWITT,3695,,
GE 2024,"""Should the Illinois Constitution be amended to create an additional 3% tax on income greater than $1,000,000 for the purpose of dedicating funds raised to property tax relief?""",1,2A,2,34210,,YES,,DOUGLAS,4085,,
GE 2024,"""Should the Illinois Constitution be amended to create an additional 3% tax on income greater than $1,000,000 for the purpose of dedicating funds raised to property tax relief?""",1,2A,2,34210,,YES,,BOND,4004,,
GE 2024,"""Should the Illinois Constitution be amended to create an additional 3% tax on income greater than $1,000,000 for the purpose of dedicating funds raised to property tax relief?""",1,2A,2,34210,,YES,,STEPHENSON,11614,,
GE 2024,"""Should the Illinois Constitution be amended to create an additional 3% tax on income greater than $1,000,000 for the purpose of dedicating funds raised to property tax relief?""",1,2A,2,34210,,YES,,LOGAN,6444,,
GE 2024,"""Should the Illinois Constitution be amended to create an additional 3% tax on income greater than $1,000,000 for the purpose of dedicating funds raised to property tax relief?""",1,2A,2,34210,,YES,,RANDOLPH,6338,,
GE 2024,"""Should the Illinois Constitution be amended to create an additional 3% tax on income greater than $1,000,000 for the purpose of dedicating funds raised to property tax relief?""",1,2A,2,34210,,YES,,LIVINGSTON,8053,,
GE 2024,"""Should the Illinois Constitution be amended to create an additional 3% tax on income greater than $1,000,000 for the purpose of dedicating funds raised to property tax relief?""",1,2A,2,34210,,YES,,CARROLL,4142,,
GE 2024,"""Should the Illinois Constitution be amended to create an additional 3% tax on income greater than $1,000,000 for the purpose of dedicating funds raised to property tax relief?""",1,2A,2,34210,,YES,,MARSHALL,2870,,
GE 2024,"""Should the Illinois Constitution be amended to create an additional 3% tax on income greater than $1,000,000 for the purpose of dedicating funds raised to property tax relief?""",1,2A,2,34210,,YES,,CLINTON,9323,,
GE 2024,"""Should the Illinois Constitution be amended to create an additional 3% tax on income greater than $1,000,000 for the purpose of dedicating funds raised to property tax relief?""",1,2A,2,34210,,YES,,EDGAR,3990,,
GE 2024,"""Should the Illinois Constitution be amended to create an additional 3% tax on income greater than $1,000,000 for the purpose of dedicating funds raised to property tax relief?""",1,2A,2,34210,,YES,,PIATT,4967,,
GE 2024,"""Should the Illinois Constitution be amended to create an additional 3% tax on income greater than $1,000,000 for the purpose of dedicating funds raised to property tax relief?""",1,2A,2,34210,,YES,,HAMILTON,1643,,
GE 2024,"""Should the Illinois Constitution be amended to create an additional 3% tax on income greater than $1,000,000 for the purpose of dedicating funds raised to property tax relief?""",1,2A,2,34210,,YES,,HENDERSON,1600,,
GE 2024,"""Should the Illinois Constitution be amended to create an additional 3% tax on income greater than $1,000,000 for the purpose of dedicating funds raised to property tax relief?""",1,2A,2,34210,,YES,,BROWN,1107,,
GE 2024,"""Should the Illinois Constitution be amended to create an additional 3% tax on income greater than $1,000,000 for the purpose of dedicating funds raised to property tax relief?""",1,2A,2,34210,,YES,,WHITESIDE,14995,,
GE 2024,"""Should the Illinois Constitution be amended to create an additional 3% tax on income greater than $1,000,000 for the purpose of dedicating funds raised to property tax relief?""",1,2A,2,34210,,YES,,CALHOUN,1230,,
GE 2024,"""Should the Illinois Constitution be amended to create an additional 3% tax on income greater than $1,000,000 for the purpose of dedicating funds raised to property tax relief?""",1,2A,2,34210,,YES,,WOODFORD,9155,,
GE 2024,"""Should the Illinois Constitution be amended to create an additional 3% tax on income greater than $1,000,000 for the purpose of dedicating funds raised to property tax relief?""",1,2A,2,34210,,YES,,SALINE,5365,,
GE 2024,"""Should the Illinois Constitution be amended to create an additional 3% tax on income greater than $1,000,000 for the purpose of dedicating funds raised to property tax relief?""",1,2A,2,34210,,YES,,FORD,3124,,
GE 2024,"""Should the Illinois Constitution be amended to create an additional 3% tax on income greater than $1,000,000 for the purpose of dedicating funds raised to property tax relief?""",1,2A,2,34210,,YES,,HANCOCK,4061,,
GE 2024,"""Should the Illinois Constitution be amended to create an additional 3% tax on income greater than $1,000,000 for the purpose of dedicating funds raised to property tax relief?""",1,2A,2,34210,,YES,,MACON,23771,,
GE 2024,"""Should the Illinois Constitution be amended to create an additional 3% tax on income greater than $1,000,000 for the purpose of dedicating funds raised to property tax relief?""",1,2A,2,34210,,YES,,COLES,11543,,
GE 2024,"""Should the Illinois Constitution be amended to create an additional 3% tax on income greater than $1,000,000 for the purpose of dedicating funds raised to property tax relief?""",1,2A,2,34210,,YES,,MENARD,2962,,
GE 2024,"""Should the Illinois Constitution be amended to create an additional 3% tax on income greater than $1,000,000 for the purpose of dedicating funds raised to property tax relief?""",1,2A,2,34210,,YES,,ADAMS,14550,,
GE 2024,24TH REPRESENTATIVE,1,J,2024,33681,Theresa,Mah,,COOK,20337,DEMOCRATIC,DEM
GE 2024,25TH REPRESENTATIVE,1,J,2025,33682,Curtis J.,Tarver II,,COOK,30667,DEMOCRATIC,DEM
GE 2024,25TH SENATE,1,J,125,33683,Heather,Brown,,KANE,12871,REPUBLICAN,REP
GE 2024,25TH SENATE,1,J,125,33683,Heather,Brown,,DuPAGE,15161,REPUBLICAN,REP
GE 2024,25TH SENATE,1,J,125,33683,Heather,Brown,,COOK,4151,REPUBLICAN,REP
GE 2024,25TH SENATE,1,J,125,33684,Karina,Villa,,KANE,23036,DEMOCRATIC,DEM
GE 2024,25TH SENATE,1,J,125,33684,Karina,Villa,,DuPAGE,18443,DEMOCRATIC,DEM
GE 2024,25TH SENATE,1,J,125,33684,Karina,Villa,,COOK,4726,DEMOCRATIC,DEM
GE 2024,26TH REPRESENTATIVE,1,J,2026,33685,Audrey,Barrett,,COOK,6952,REPUBLICAN,REP
GE 2024,26TH REPRESENTATIVE,1,J,2026,33686,Kam,Buckner,,COOK,30735,DEMOCRATIC,DEM
GE 2024,27TH REPRESENTATIVE,1,J,2027,33687,Justin Q.,Slaughter,,WILL,981,DEMOCRATIC,DEM
GE 2024,27TH REPRESENTATIVE,1,J,2027,33687,Justin Q.,Slaughter,,COOK,35659,DEMOCRATIC,DEM
GE 2024,28TH REPRESENTATIVE,1,J,2028,33688,"Robert ""Bob""",Rita,,COOK,31942,DEMOCRATIC,DEM
GE 2024,28TH SENATE,1,J,128,33689,Laura M.,Murphy,,DuPAGE,2746,DEMOCRATIC,DEM
GE 2024,28TH SENATE,1,J,128,33689,Laura M.,Murphy,,COOK,55173,DEMOCRATIC,DEM
GE 2024,29TH REPRESENTATIVE,1,J,2029,34334,Marketa,Franklin,,WILL,12,,
GE 2024,29TH REPRESENTATIVE,1,J,2029,34334,Marketa,Franklin,,KANKAKEE,0,,
GE 2024,29TH REPRESENTATIVE,1,J,2029,34334,Marketa,Franklin,,COOK,5,,
GE 2024,29TH REPRESENTATIVE,1,J,2029,33690,Thaddeus,Jones,,KANKAKEE,5325,DEMOCRATIC,DEM
GE 2024,29TH REPRESENTATIVE,1,J,2029,33690,Thaddeus,Jones,,WILL,5797,DEMOCRATIC,DEM
GE 2024,29TH REPRESENTATIVE,1,J,2029,33690,Thaddeus,Jones,,COOK,27376,DEMOCRATIC,DEM
GE 2024,2ND CIRCUIT - TEDESCHI VACANCY,1,LD,203,33664,Jim,Giacone,,FRANKLIN,15315,REPUBLICAN,REP
GE 2024,2ND CONGRESS,1,F,2,33691,Ashley,Ramos,,KANKAKEE,16221,REPUBLICAN,REP
GE 2024,2ND CONGRESS,1,F,2,33691,Ashley,Ramos,,LIVINGSTON,8817,REPUBLICAN,REP
GE 2024,2ND CONGRESS,1,F,2,33691,Ashley,Ramos,,FORD,3660,REPUBLICAN,REP
GE 2024,2ND CONGRESS,1,F,2,33691,Ashley,Ramos,,WILL,9830,REPUBLICAN,REP
GE 2024,2ND CONGRESS,1,F,2,33691,Ashley,Ramos,,IROQUOIS,10292,REPUBLICAN,REP
GE 2024,2ND CONGRESS,1,F,2,33691,Ashley,Ramos,,CHAMPAIGN,3528,REPUBLICAN,REP
GE 2024,2ND CONGRESS,1,F,2,33692,Robin,Kelly,,COOK,152848,DEMOCRATIC,DEM
GE 2024,2ND CONGRESS,1,F,2,33692,Robin,Kelly,,LIVINGSTON,3219,DEMOCRATIC,DEM
GE 2024,2ND CONGRESS,1,F,2,33692,Robin,Kelly,,FORD,1156,DEMOCRATIC,DEM
GE 2024,2ND CONGRESS,1,F,2,33692,Robin,Kelly,,WILL,12682,DEMOCRATIC,DEM
GE 2024,2ND CONGRESS,1,F,2,33692,Robin,Kelly,,IROQUOIS,2715,DEMOCRATIC,DEM
GE 2024,2ND CONGRESS,1,F,2,33692,Robin,Kelly,,CHAMPAIGN,2333,DEMOCRATIC,DEM
GE 2024,2ND CONGRESS,1,F,2,33692,Robin,Kelly,,VERMILION,8389,DEMOCRATIC,DEM
GE 2024,2ND CONGRESS,1,F,2,34325,Mike,Vick,,LIVINGSTON,0,,
GE 2024,2ND CONGRESS,1,F,2,34325,Mike,Vick,,CHAMPAIGN,0,,
GE 2024,2ND CONGRESS,1,F,2,34325,Mike,Vick,,VERMILION,0,,
GE 2024,2ND CONGRESS,1,F,2,34325,Mike,Vick,,COOK,26,,
GE 2024,2ND CONGRESS,1,F,2,34349,Hilary,Myrick-Winston,,COOK,29,,
GE 2024,2ND CONGRESS,1,F,2,33692,Robin,Kelly,,KANKAKEE,12435,DEMOCRATIC,DEM
GE 2024,2ND CONGRESS,1,F,2,33691,Ashley,Ramos,,VERMILION,16726,REPUBLICAN,REP
GE 2024,2ND CONGRESS,1,F,2,33691,Ashley,Ramos,,COOK,24930,REPUBLICAN,REP
GE 2024,2ND CONGRESS,1,F,2,34325,Mike,Vick,,KANKAKEE,1,,
GE 2024,2ND CONGRESS,1,F,2,34325,Mike,Vick,,FORD,0,,
GE 2024,2ND CONGRESS,1,F,2,34325,Mike,Vick,,WILL,6,,
GE 2024,2ND CONGRESS,1,F,2,34325,Mike,Vick,,IROQUOIS,0,,
GE 2024,2ND REPRESENTATIVE,1,J,2002,33693,Laura,Hruska,,COOK,8782,REPUBLICAN,REP
GE 2024,2ND REPRESENTATIVE,1,J,2002,33694,"Elizabeth ""Lisa""",Hernandez,,COOK,22924,DEMOCRATIC,DEM
GE 2024,30TH REPRESENTATIVE,1,J,2030,33695,Patricia,Bonk,,COOK,9058,REPUBLICAN,REP
GE 2024,30TH REPRESENTATIVE,1,J,2030,33696,"William ""Will""",Davis,,COOK,32481,DEMOCRATIC,DEM
GE 2024,31ST REPRESENTATIVE,1,J,2031,34224,Carl R.,Kunz,,COOK,9702,REPUBLICAN,REP
GE 2024,31ST REPRESENTATIVE,1,J,2031,33697,Michael,Crawford,,COOK,26588,DEMOCRATIC,DEM
GE 2024,31ST SENATE,1,J,131,34228,Ashley,Jensen,,LAKE,37880,REPUBLICAN,REP
GE 2024,31ST SENATE,1,J,131,33698,Mary,Edly-Allen,,LAKE,52654,DEMOCRATIC,DEM
GE 2024,32ND REPRESENTATIVE,1,J,2032,33699,Lisa J.,Davis,,COOK,23240,DEMOCRATIC,DEM
GE 2024,"""Should the Illinois Constitution be amended to create an additional 3% tax on income greater than $1,000,000 for the purpose of dedicating funds raised to property tax relief?""",1,2A,2,34210,,YES,,MERCER,4527,,
GE 2024,"""Should the Illinois Constitution be amended to create an additional 3% tax on income greater than $1,000,000 for the purpose of dedicating funds raised to property tax relief?""",1,2A,2,34210,,YES,,ALEXANDER,1065,,
GE 2024,"""Should the Illinois Constitution be amended to create an additional 3% tax on income greater than $1,000,000 for the purpose of dedicating funds raised to property tax relief?""",1,2A,2,34210,,YES,,CLAY,2593,,
GE 2024,"""Should the Illinois Constitution be amended to create an additional 3% tax on income greater than $1,000,000 for the purpose of dedicating funds raised to property tax relief?""",1,2A,2,34210,,YES,,BOONE,13402,,
GE 2024,"""Should the Illinois Constitution be amended to create an additional 3% tax on income greater than $1,000,000 for the purpose of dedicating funds raised to property tax relief?""",1,2A,2,34210,,YES,,HENRY,13162,,
GE 2024,"""Should the Illinois Constitution be amended to create an additional 3% tax on income greater than $1,000,000 for the purpose of dedicating funds raised to property tax relief?""",1,2A,2,34210,,YES,,SANGAMON,56719,,
GE 2024,"""Should the Illinois Constitution be amended to create an additional 3% tax on income greater than $1,000,000 for the purpose of dedicating funds raised to property tax relief?""",1,2A,2,34210,,YES,,ROCK ISLAND,38369,,
GE 2024,"""Should the Illinois Constitution be amended to create an additional 3% tax on income greater than $1,000,000 for the purpose of dedicating funds raised to property tax relief?""",1,2A,2,34210,,YES,,KANE,125263,,
GE 2024,"""Should the Illinois Constitution be amended to create an additional 3% tax on income greater than $1,000,000 for the purpose of dedicating funds raised to property tax relief?""",1,2A,2,34210,,YES,,LAWRENCE,2831,,
GE 2024,"""Should the Illinois Constitution be amended to create an additional 3% tax on income greater than $1,000,000 for the purpose of dedicating funds raised to property tax relief?""",1,2A,2,34210,,YES,,MADISON,78009,,
GE 2024,"""Should the Illinois Constitution be amended to create an additional 3% tax on income greater than $1,000,000 for the purpose of dedicating funds raised to property tax relief?""",1,2A,2,34210,,YES,,BUREAU,8833,,
GE 2024,"""Should the Illinois Constitution be amended to create an additional 3% tax on income greater than $1,000,000 for the purpose of dedicating funds raised to property tax relief?""",1,2A,2,34210,,YES,,OGLE,13194,,
GE 2024,"""Should the Illinois Constitution be amended to create an additional 3% tax on income greater than $1,000,000 for the purpose of dedicating funds raised to property tax relief?""",1,2A,2,34210,,YES,,CLARK,3941,,
GE 2024,"""Should the Illinois Constitution be amended to create an additional 3% tax on income greater than $1,000,000 for the purpose of dedicating funds raised to property tax relief?""",1,2A,2,34210,,YES,,PUTNAM,1774,,
GE 2024,"""Should the Illinois Constitution be amended to create an additional 3% tax on income greater than $1,000,000 for the purpose of dedicating funds raised to property tax relief?""",1,2A,2,34210,,YES,,KENDALL,38505,,
GE 2024,"""Should the Illinois Constitution be amended to create an additional 3% tax on income greater than $1,000,000 for the purpose of dedicating funds raised to property tax relief?""",1,2A,2,34210,,YES,,LEE,8690,,
GE 2024,"""Should the Illinois Constitution be amended to create an additional 3% tax on income greater than $1,000,000 for the purpose of dedicating funds raised to property tax relief?""",1,2A,2,34210,,YES,,JoDAVIESS,6899,,
GE 2024,"""Should the Illinois Constitution be amended to create an additional 3% tax on income greater than $1,000,000 for the purpose of dedicating funds raised to property tax relief?""",1,2A,2,34210,,YES,,POPE,939,,
GE 2024,"""Should the Illinois Constitution be amended to create an additional 3% tax on income greater than $1,000,000 for the purpose of dedicating funds raised to property tax relief?""",1,2A,2,34210,,YES,,EFFINGHAM,7702,,
GE 2024,"""Should the Illinois Constitution be amended to create an additional 3% tax on income greater than $1,000,000 for the purpose of dedicating funds raised to property tax relief?""",1,2A,2,34210,,YES,,MACOUPIN,12160,,
GE 2024,"""Should the Illinois Constitution be amended to create an additional 3% tax on income greater than $1,000,000 for the purpose of dedicating funds raised to property tax relief?""",1,2A,2,34210,,YES,,CRAWFORD,4130,,
GE 2024,"""Should the Illinois Constitution be amended to create an additional 3% tax on income greater than $1,000,000 for the purpose of dedicating funds raised to property tax relief?""",1,2A,2,34210,,YES,,PEORIA,46951,,
GE 2024,"""Should the Illinois Constitution be amended to create an additional 3% tax on income greater than $1,000,000 for the purpose of dedicating funds raised to property tax relief?""",1,2A,2,34210,,YES,,MASON,3277,,
GE 2024,"""Should the Illinois Constitution be amended to create an additional 3% tax on income greater than $1,000,000 for the purpose of dedicating funds raised to property tax relief?""",1,2A,2,34210,,YES,,McDONOUGH,6723,,
GE 2024,"""Should the Illinois Constitution be amended to create an additional 3% tax on income greater than $1,000,000 for the purpose of dedicating funds raised to property tax relief?""",1,2A,2,34210,,YES,,GREENE,2846,,
GE 2024,"""Should the Illinois Constitution be amended to create an additional 3% tax on income greater than $1,000,000 for the purpose of dedicating funds raised to property tax relief?""",1,2A,2,34210,,YES,,WILL,187276,,
GE 2024,"""Should the Illinois Constitution be amended to create an additional 3% tax on income greater than $1,000,000 for the purpose of dedicating funds raised to property tax relief?""",1,2A,2,34210,,YES,,EDWARDS,1198,,
GE 2024,"""Should the Illinois Constitution be amended to create an additional 3% tax on income greater than $1,000,000 for the purpose of dedicating funds raised to property tax relief?""",1,2A,2,34210,,YES,,CASS,2747,,
GE 2024,"""Should the Illinois Constitution be amended to create an additional 3% tax on income greater than $1,000,000 for the purpose of dedicating funds raised to property tax relief?""",1,2A,2,34210,,YES,,HARDIN,897,,
GE 2024,"""Should the Illinois Constitution be amended to create an additional 3% tax on income greater than $1,000,000 for the purpose of dedicating funds raised to property tax relief?""",1,2A,2,34210,,YES,,UNION,4131,,
GE 2024,"""Should the Illinois Constitution be amended to create an additional 3% tax on income greater than $1,000,000 for the purpose of dedicating funds raised to property tax relief?""",1,2A,2,34210,,YES,,FULTON,9155,,
GE 2024,"""Should the Illinois Constitution be amended to create an additional 3% tax on income greater than $1,000,000 for the purpose of dedicating funds raised to property tax relief?""",1,2A,2,34210,,YES,,LAKE,176283,,
GE 2024,"""Should the Illinois Constitution be amended to create an additional 3% tax on income greater than $1,000,000 for the purpose of dedicating funds raised to property tax relief?""",1,2A,2,34210,,YES,,WASHINGTON,3516,,
GE 2024,"""Should the Illinois Constitution be amended to create an additional 3% tax on income greater than $1,000,000 for the purpose of dedicating funds raised to property tax relief?""",1,2A,2,34210,,YES,,JOHNSON,2850,,
GE 2024,"""Should the Illinois Constitution be amended to create an additional 3% tax on income greater than $1,000,000 for the purpose of dedicating funds raised to property tax relief?""",1,2A,2,34210,,YES,,MORGAN,7713,,
GE 2024,"""Should the Illinois Constitution be amended to create an additional 3% tax on income greater than $1,000,000 for the purpose of dedicating funds raised to property tax relief?""",1,2A,2,34210,,YES,,SCHUYLER,1729,,
GE 2024,"""Should the Illinois Constitution be amended to create an additional 3% tax on income greater than $1,000,000 for the purpose of dedicating funds raised to property tax relief?""",1,2A,2,34210,,YES,,SCOTT,1126,,
GE 2024,"""Should the Illinois Constitution be amended to create an additional 3% tax on income greater than $1,000,000 for the purpose of dedicating funds raised to property tax relief?""",1,2A,2,34210,,YES,,PIKE,3104,,
GE 2024,"""Should the Illinois Constitution be amended to create an additional 3% tax on income greater than $1,000,000 for the purpose of dedicating funds raised to property tax relief?""",1,2A,2,34210,,YES,,WHITE,3081,,
GE 2024,"""Should the Illinois Constitution be amended to create an additional 3% tax on income greater than $1,000,000 for the purpose of dedicating funds raised to property tax relief?""",1,2A,2,34210,,YES,,ST. CLAIR,71343,,
GE 2024,"""Should the Illinois Constitution be amended to create an additional 3% tax on income greater than $1,000,000 for the purpose of dedicating funds raised to property tax relief?""",1,2A,2,34210,,YES,,CUMBERLAND,2599,,
GE 2024,"""Should the Illinois Constitution be amended to create an additional 3% tax on income greater than $1,000,000 for the purpose of dedicating funds raised to property tax relief?""",1,2A,2,34210,,YES,,MONROE,10553,,
GE 2024,"""Should the Illinois Constitution be amended to create an additional 3% tax on income greater than $1,000,000 for the purpose of dedicating funds raised to property tax relief?""",1,2A,2,34210,,YES,,MASSAC,3423,,
GE 2024,"""Should the Illinois Constitution be amended to create an additional 3% tax on income greater than $1,000,000 for the purpose of dedicating funds raised to property tax relief?""",1,2A,2,34210,,YES,,IROQUOIS,6138,,
GE 2024,"""Should the Illinois Constitution be amended to create an additional 3% tax on income greater than $1,000,000 for the purpose of dedicating funds raised to property tax relief?""",1,2A,2,34210,,YES,,JASPER,2033,,
GE 2024,"""Should the Illinois Constitution be amended to create an additional 3% tax on income greater than $1,000,000 for the purpose of dedicating funds raised to property tax relief?""",1,2A,2,34210,,YES,,FRANKLIN,8988,,
GE 2024,"""Should the Illinois Constitution be amended to create an additional 3% tax on income greater than $1,000,000 for the purpose of dedicating funds raised to property tax relief?""",1,2A,2,34210,,YES,,McHENRY,92025,,
GE 2024,"""Should the Illinois Constitution be amended to create an additional 3% tax on income greater than $1,000,000 for the purpose of dedicating funds raised to property tax relief?""",1,2A,2,34210,,YES,,LaSALLE,29197,,
GE 2024,"""Should the Illinois Constitution be amended to create an additional 3% tax on income greater than $1,000,000 for the purpose of dedicating funds raised to property tax relief?""",1,2A,2,34210,,YES,,PERRY,4483,,
GE 2024,"""Should the Illinois Constitution be amended to create an additional 3% tax on income greater than $1,000,000 for the purpose of dedicating funds raised to property tax relief?""",1,2A,2,34210,,YES,,GALLATIN,1086,,
GE 2024,"""Should the Illinois Constitution be amended to create an additional 3% tax on income greater than $1,000,000 for the purpose of dedicating funds raised to property tax relief?""",1,2A,2,34210,,YES,,WAYNE,3115,,
GE 2024,"""Should the Illinois Constitution be amended to create an additional 3% tax on income greater than $1,000,000 for the purpose of dedicating funds raised to property tax relief?""",1,2A,2,34210,,YES,,WINNEBAGO,70477,,
GE 2024,"""Should the Illinois Constitution be amended to create an additional 3% tax on income greater than $1,000,000 for the purpose of dedicating funds raised to property tax relief?""",1,2A,2,34210,,YES,,CHAMPAIGN,55209,,
GE 2024,"""Should the Illinois Constitution be amended to create an additional 3% tax on income greater than $1,000,000 for the purpose of dedicating funds raised to property tax relief?""",1,2A,2,34210,,YES,,VERMILION,15233,,
GE 2024,"""Should the Illinois Constitution be amended to create an additional 3% tax on income greater than $1,000,000 for the purpose of dedicating funds raised to property tax relief?""",1,2A,2,34210,,YES,,JACKSON,13812,,
GE 2024,"""Should the Illinois Constitution be amended to create an additional 3% tax on income greater than $1,000,000 for the purpose of dedicating funds raised to property tax relief?""",1,2A,2,34210,,YES,,DeKALB,27321,,
GE 2024,"""Should the Illinois Constitution be amended to create an additional 3% tax on income greater than $1,000,000 for the purpose of dedicating funds raised to property tax relief?""",1,2A,2,34210,,YES,,KNOX,12209,,
GE 2024,"""Should the Illinois Constitution be amended to create an additional 3% tax on income greater than $1,000,000 for the purpose of dedicating funds raised to property tax relief?""",1,2A,2,34210,,YES,,JEFFERSON,7311,,
GE 2024,"""Should the Illinois Constitution be amended to create an additional 3% tax on income greater than $1,000,000 for the purpose of dedicating funds raised to property tax relief?""",1,2A,2,34210,,YES,,RICHLAND,3580,,
GE 2024,"""Should the Illinois Constitution be amended to create an additional 3% tax on income greater than $1,000,000 for the purpose of dedicating funds raised to property tax relief?""",1,2A,2,34210,,YES,,GRUNDY,14461,,
GE 2024,"""Should the Illinois Constitution be amended to create an additional 3% tax on income greater than $1,000,000 for the purpose of dedicating funds raised to property tax relief?""",1,2A,2,34210,,YES,,WARREN,4000,,
GE 2024,"""Should the Illinois Constitution be amended to create an additional 3% tax on income greater than $1,000,000 for the purpose of dedicating funds raised to property tax relief?""",1,2A,2,34210,,YES,,DuPAGE,259652,,
GE 2024,"""Should the Illinois Constitution be amended to create an additional 3% tax on income greater than $1,000,000 for the purpose of dedicating funds raised to property tax relief?""",1,2A,2,34210,,YES,,COOK,1325059,,
GE 2024,"""Should the Illinois Constitution be amended to create an additional 3% tax on income greater than $1,000,000 for the purpose of dedicating funds raised to property tax relief?""",1,2A,2,34210,,YES,,McLEAN,51983,,
GE 2024,"""Should the Illinois Constitution be amended to create an additional 3% tax on income greater than $1,000,000 for the purpose of dedicating funds raised to property tax relief?""",1,2A,2,34210,,YES,,FAYETTE,4022,,
GE 2024,"""Should the Illinois Constitution be amended to create an additional 3% tax on income greater than $1,000,000 for the purpose of dedicating funds raised to property tax relief?""",1,2A,2,34210,,YES,,MARION,7967,,
GE 2024,"""Should the Illinois Constitution be amended to create an additional 3% tax on income greater than $1,000,000 for the purpose of dedicating funds raised to property tax relief?""",1,2A,2,34210,,YES,,MOULTRIE,3089,,
GE 2024,"""Should the Illinois Constitution be amended to create an additional 3% tax on income greater than $1,000,000 for the purpose of dedicating funds raised to property tax relief?""",1,2A,2,34210,,YES,,PULASKI,1066,,
GE 2024,"""Should the Illinois Constitution be amended to create an additional 3% tax on income greater than $1,000,000 for the purpose of dedicating funds raised to property tax relief?""",1,2A,2,34210,,YES,,SHELBY,4997,,
GE 2024,"""Should the Illinois Constitution be amended to create an additional 3% tax on income greater than $1,000,000 for the purpose of dedicating funds raised to property tax relief?""",1,2A,2,34210,,YES,,STARK,1239,,
GE 2024,"""Should the Illinois Constitution be amended to create an additional 3% tax on income greater than $1,000,000 for the purpose of dedicating funds raised to property tax relief?""",1,2A,2,34210,,YES,,TAZEWELL,35508,,
GE 2024,"""Should the Illinois Constitution be amended to create an additional 3% tax on income greater than $1,000,000 for the purpose of dedicating funds raised to property tax relief?""",1,2A,2,34210,,YES,,MONTGOMERY,6533,,
GE 2024,"""Should the Illinois Constitution be amended to create an additional 3% tax on income greater than $1,000,000 for the purpose of dedicating funds raised to property tax relief?""",1,2A,2,34211,,NO,,WABASH,2690,,
GE 2024,"""Should the Illinois Constitution be amended to create an additional 3% tax on income greater than $1,000,000 for the purpose of dedicating funds raised to property tax relief?""",1,2A,2,34211,,NO,,KANKAKEE,20966,,
GE 2024,"""Should the Illinois Constitution be amended to create an additional 3% tax on income greater than $1,000,000 for the purpose of dedicating funds raised to property tax relief?""",1,2A,2,34211,,NO,,JERSEY,5712,,
GE 2024,"""Should the Illinois Constitution be amended to create an additional 3% tax on income greater than $1,000,000 for the purpose of dedicating funds raised to property tax relief?""",1,2A,2,34211,,NO,,CHRISTIAN,7478,,
GE 2024,"""Should the Illinois Constitution be amended to create an additional 3% tax on income greater than $1,000,000 for the purpose of dedicating funds raised to property tax relief?""",1,2A,2,34211,,NO,,WILLIAMSON,15074,,
GE 2024,"""Should the Illinois Constitution be amended to create an additional 3% tax on income greater than $1,000,000 for the purpose of dedicating funds raised to property tax relief?""",1,2A,2,34211,,NO,,DeWITT,3750,,
GE 2024,"""Should the Illinois Constitution be amended to create an additional 3% tax on income greater than $1,000,000 for the purpose of dedicating funds raised to property tax relief?""",1,2A,2,34211,,NO,,DOUGLAS,4088,,
GE 2024,"""Should the Illinois Constitution be amended to create an additional 3% tax on income greater than $1,000,000 for the purpose of dedicating funds raised to property tax relief?""",1,2A,2,34211,,NO,,BOND,3693,,
GE 2024,"""Should the Illinois Constitution be amended to create an additional 3% tax on income greater than $1,000,000 for the purpose of dedicating funds raised to property tax relief?""",1,2A,2,34211,,NO,,STEPHENSON,8807,,
GE 2024,"""Should the Illinois Constitution be amended to create an additional 3% tax on income greater than $1,000,000 for the purpose of dedicating funds raised to property tax relief?""",1,2A,2,34211,,NO,,LOGAN,5711,,
GE 2024,"""Should the Illinois Constitution be amended to create an additional 3% tax on income greater than $1,000,000 for the purpose of dedicating funds raised to property tax relief?""",1,2A,2,34211,,NO,,RANDOLPH,7536,,
GE 2024,"""Should the Illinois Constitution be amended to create an additional 3% tax on income greater than $1,000,000 for the purpose of dedicating funds raised to property tax relief?""",1,2A,2,34211,,NO,,LIVINGSTON,7914,,
GE 2024,"""Should the Illinois Constitution be amended to create an additional 3% tax on income greater than $1,000,000 for the purpose of dedicating funds raised to property tax relief?""",1,2A,2,34211,,NO,,CARROLL,3477,,
GE 2024,"""Should the Illinois Constitution be amended to create an additional 3% tax on income greater than $1,000,000 for the purpose of dedicating funds raised to property tax relief?""",1,2A,2,34211,,NO,,MARSHALL,2844,,
GE 2024,"""Should the Illinois Constitution be amended to create an additional 3% tax on income greater than $1,000,000 for the purpose of dedicating funds raised to property tax relief?""",1,2A,2,34211,,NO,,CLINTON,9424,,
GE 2024,"""Should the Illinois Constitution be amended to create an additional 3% tax on income greater than $1,000,000 for the purpose of dedicating funds raised to property tax relief?""",1,2A,2,34211,,NO,,EDGAR,3603,,
GE 2024,"""Should the Illinois Constitution be amended to create an additional 3% tax on income greater than $1,000,000 for the purpose of dedicating funds raised to property tax relief?""",1,2A,2,34211,,NO,,PIATT,4415,,
GE 2024,"""Should the Illinois Constitution be amended to create an additional 3% tax on income greater than $1,000,000 for the purpose of dedicating funds raised to property tax relief?""",1,2A,2,34211,,NO,,HAMILTON,2199,,
GE 2024,"""Should the Illinois Constitution be amended to create an additional 3% tax on income greater than $1,000,000 for the purpose of dedicating funds raised to property tax relief?""",1,2A,2,34211,,NO,,HENDERSON,1614,,
GE 2024,"""Should the Illinois Constitution be amended to create an additional 3% tax on income greater than $1,000,000 for the purpose of dedicating funds raised to property tax relief?""",1,2A,2,34211,,NO,,BROWN,1252,,
GE 2024,"""Should the Illinois Constitution be amended to create an additional 3% tax on income greater than $1,000,000 for the purpose of dedicating funds raised to property tax relief?""",1,2A,2,34211,,NO,,WHITESIDE,10786,,
GE 2024,"""Should the Illinois Constitution be amended to create an additional 3% tax on income greater than $1,000,000 for the purpose of dedicating funds raised to property tax relief?""",1,2A,2,34211,,NO,,CALHOUN,1221,,
GE 2024,"""Should the Illinois Constitution be amended to create an additional 3% tax on income greater than $1,000,000 for the purpose of dedicating funds raised to property tax relief?""",1,2A,2,34211,,NO,,WOODFORD,11178,,
GE 2024,"""Should the Illinois Constitution be amended to create an additional 3% tax on income greater than $1,000,000 for the purpose of dedicating funds raised to property tax relief?""",1,2A,2,34211,,NO,,SALINE,4635,,
GE 2024,"""Should the Illinois Constitution be amended to create an additional 3% tax on income greater than $1,000,000 for the purpose of dedicating funds raised to property tax relief?""",1,2A,2,34211,,NO,,FORD,3220,,
GE 2024,"""Should the Illinois Constitution be amended to create an additional 3% tax on income greater than $1,000,000 for the purpose of dedicating funds raised to property tax relief?""",1,2A,2,34211,,NO,,HANCOCK,4648,,
GE 2024,"""Should the Illinois Constitution be amended to create an additional 3% tax on income greater than $1,000,000 for the purpose of dedicating funds raised to property tax relief?""",1,2A,2,34211,,NO,,MACON,19895,,
GE 2024,"""Should the Illinois Constitution be amended to create an additional 3% tax on income greater than $1,000,000 for the purpose of dedicating funds raised to property tax relief?""",1,2A,2,34211,,NO,,COLES,9157,,
GE 2024,"""Should the Illinois Constitution be amended to create an additional 3% tax on income greater than $1,000,000 for the purpose of dedicating funds raised to property tax relief?""",1,2A,2,34211,,NO,,MENARD,3110,,
GE 2024,"""Should the Illinois Constitution be amended to create an additional 3% tax on income greater than $1,000,000 for the purpose of dedicating funds raised to property tax relief?""",1,2A,2,34211,,NO,,ADAMS,15972,,
GE 2024,"""Should the Illinois Constitution be amended to create an additional 3% tax on income greater than $1,000,000 for the purpose of dedicating funds raised to property tax relief?""",1,2A,2,34211,,NO,,MERCER,3569,,
GE 2024,"""Should the Illinois Constitution be amended to create an additional 3% tax on income greater than $1,000,000 for the purpose of dedicating funds raised to property tax relief?""",1,2A,2,34211,,NO,,ALEXANDER,1040,,
GE 2024,"""Should the Illinois Constitution be amended to create an additional 3% tax on income greater than $1,000,000 for the purpose of dedicating funds raised to property tax relief?""",1,2A,2,34211,,NO,,CLAY,3891,,
GE 2024,"""Should the Illinois Constitution be amended to create an additional 3% tax on income greater than $1,000,000 for the purpose of dedicating funds raised to property tax relief?""",1,2A,2,34211,,NO,,BOONE,10038,,
GE 2024,"""Should the Illinois Constitution be amended to create an additional 3% tax on income greater than $1,000,000 for the purpose of dedicating funds raised to property tax relief?""",1,2A,2,34211,,NO,,HENRY,11045,,
GE 2024,"""Should the Illinois Constitution be amended to create an additional 3% tax on income greater than $1,000,000 for the purpose of dedicating funds raised to property tax relief?""",1,2A,2,34211,,NO,,SANGAMON,40237,,
GE 2024,"""Should the Illinois Constitution be amended to create an additional 3% tax on income greater than $1,000,000 for the purpose of dedicating funds raised to property tax relief?""",1,2A,2,34211,,NO,,ROCK ISLAND,23356,,
GE 2024,"""Should the Illinois Constitution be amended to create an additional 3% tax on income greater than $1,000,000 for the purpose of dedicating funds raised to property tax relief?""",1,2A,2,34211,,NO,,KANE,90306,,
GE 2024,"""Should the Illinois Constitution be amended to create an additional 3% tax on income greater than $1,000,000 for the purpose of dedicating funds raised to property tax relief?""",1,2A,2,34211,,NO,,LAWRENCE,2882,,
GE 2024,"""Should the Illinois Constitution be amended to create an additional 3% tax on income greater than $1,000,000 for the purpose of dedicating funds raised to property tax relief?""",1,2A,2,34211,,NO,,MADISON,51593,,
GE 2024,"""Should the Illinois Constitution be amended to create an additional 3% tax on income greater than $1,000,000 for the purpose of dedicating funds raised to property tax relief?""",1,2A,2,34211,,NO,,BUREAU,6644,,
GE 2024,"""Should the Illinois Constitution be amended to create an additional 3% tax on income greater than $1,000,000 for the purpose of dedicating funds raised to property tax relief?""",1,2A,2,34211,,NO,,OGLE,12059,,
GE 2024,"""Should the Illinois Constitution be amended to create an additional 3% tax on income greater than $1,000,000 for the purpose of dedicating funds raised to property tax relief?""",1,2A,2,34211,,NO,,CLARK,3946,,
GE 2024,"""Should the Illinois Constitution be amended to create an additional 3% tax on income greater than $1,000,000 for the purpose of dedicating funds raised to property tax relief?""",1,2A,2,34211,,NO,,PUTNAM,1462,,
GE 2024,"""Should the Illinois Constitution be amended to create an additional 3% tax on income greater than $1,000,000 for the purpose of dedicating funds raised to property tax relief?""",1,2A,2,34211,,NO,,KENDALL,25699,,
GE 2024,"""Should the Illinois Constitution be amended to create an additional 3% tax on income greater than $1,000,000 for the purpose of dedicating funds raised to property tax relief?""",1,2A,2,34211,,NO,,LEE,7024,,
GE 2024,"""Should the Illinois Constitution be amended to create an additional 3% tax on income greater than $1,000,000 for the purpose of dedicating funds raised to property tax relief?""",1,2A,2,34211,,NO,,JoDAVIESS,5086,,
GE 2024,"""Should the Illinois Constitution be amended to create an additional 3% tax on income greater than $1,000,000 for the purpose of dedicating funds raised to property tax relief?""",1,2A,2,34211,,NO,,POPE,1033,,
GE 2024,"""Should the Illinois Constitution be amended to create an additional 3% tax on income greater than $1,000,000 for the purpose of dedicating funds raised to property tax relief?""",1,2A,2,34211,,NO,,EFFINGHAM,10801,,
GE 2024,"""Should the Illinois Constitution be amended to create an additional 3% tax on income greater than $1,000,000 for the purpose of dedicating funds raised to property tax relief?""",1,2A,2,34211,,NO,,MACOUPIN,10412,,
GE 2024,"""Should the Illinois Constitution be amended to create an additional 3% tax on income greater than $1,000,000 for the purpose of dedicating funds raised to property tax relief?""",1,2A,2,34211,,NO,,CRAWFORD,4564,,
GE 2024,"""Should the Illinois Constitution be amended to create an additional 3% tax on income greater than $1,000,000 for the purpose of dedicating funds raised to property tax relief?""",1,2A,2,34211,,NO,,PEORIA,29699,,
GE 2024,"""Should the Illinois Constitution be amended to create an additional 3% tax on income greater than $1,000,000 for the purpose of dedicating funds raised to property tax relief?""",1,2A,2,34211,,NO,,MASON,2777,,
GE 2024,"""Should the Illinois Constitution be amended to create an additional 3% tax on income greater than $1,000,000 for the purpose of dedicating funds raised to property tax relief?""",1,2A,2,34211,,NO,,McDONOUGH,4846,,
GE 2024,"""Should the Illinois Constitution be amended to create an additional 3% tax on income greater than $1,000,000 for the purpose of dedicating funds raised to property tax relief?""",1,2A,2,34211,,NO,,GREENE,2813,,
GE 2024,"""Should the Illinois Constitution be amended to create an additional 3% tax on income greater than $1,000,000 for the purpose of dedicating funds raised to property tax relief?""",1,2A,2,34211,,NO,,WILL,129446,,
GE 2024,"""Should the Illinois Constitution be amended to create an additional 3% tax on income greater than $1,000,000 for the purpose of dedicating funds raised to property tax relief?""",1,2A,2,34211,,NO,,EDWARDS,1922,,
GE 2024,"""Should the Illinois Constitution be amended to create an additional 3% tax on income greater than $1,000,000 for the purpose of dedicating funds raised to property tax relief?""",1,2A,2,34211,,NO,,CASS,2214,,
GE 2024,"""Should the Illinois Constitution be amended to create an additional 3% tax on income greater than $1,000,000 for the purpose of dedicating funds raised to property tax relief?""",1,2A,2,34211,,NO,,HARDIN,898,,
GE 2024,"""Should the Illinois Constitution be amended to create an additional 3% tax on income greater than $1,000,000 for the purpose of dedicating funds raised to property tax relief?""",1,2A,2,34211,,NO,,UNION,3788,,
GE 2024,"""Should the Illinois Constitution be amended to create an additional 3% tax on income greater than $1,000,000 for the purpose of dedicating funds raised to property tax relief?""",1,2A,2,34211,,NO,,FULTON,6332,,
GE 2024,"""Should the Illinois Constitution be amended to create an additional 3% tax on income greater than $1,000,000 for the purpose of dedicating funds raised to property tax relief?""",1,2A,2,34211,,NO,,LAKE,117743,,
GE 2024,"""Should the Illinois Constitution be amended to create an additional 3% tax on income greater than $1,000,000 for the purpose of dedicating funds raised to property tax relief?""",1,2A,2,34211,,NO,,WASHINGTON,3740,,
GE 2024,"""Should the Illinois Constitution be amended to create an additional 3% tax on income greater than $1,000,000 for the purpose of dedicating funds raised to property tax relief?""",1,2A,2,34211,,NO,,JOHNSON,2964,,
GE 2024,"""Should the Illinois Constitution be amended to create an additional 3% tax on income greater than $1,000,000 for the purpose of dedicating funds raised to property tax relief?""",1,2A,2,34211,,NO,,MORGAN,6345,,
GE 2024,"""Should the Illinois Constitution be amended to create an additional 3% tax on income greater than $1,000,000 for the purpose of dedicating funds raised to property tax relief?""",1,2A,2,34211,,NO,,SCHUYLER,1671,,
GE 2024,"""Should the Illinois Constitution be amended to create an additional 3% tax on income greater than $1,000,000 for the purpose of dedicating funds raised to property tax relief?""",1,2A,2,34211,,NO,,SCOTT,1250,,
GE 2024,"""Should the Illinois Constitution be amended to create an additional 3% tax on income greater than $1,000,000 for the purpose of dedicating funds raised to property tax relief?""",1,2A,2,34211,,NO,,PIKE,4049,,
GE 2024,"""Should the Illinois Constitution be amended to create an additional 3% tax on income greater than $1,000,000 for the purpose of dedicating funds raised to property tax relief?""",1,2A,2,34211,,NO,,WHITE,3615,,
GE 2024,"""Should the Illinois Constitution be amended to create an additional 3% tax on income greater than $1,000,000 for the purpose of dedicating funds raised to property tax relief?""",1,2A,2,34211,,NO,,ST. CLAIR,46101,,
GE 2024,"""Should the Illinois Constitution be amended to create an additional 3% tax on income greater than $1,000,000 for the purpose of dedicating funds raised to property tax relief?""",1,2A,2,34211,,NO,,CUMBERLAND,2962,,
GE 2024,"""Should the Illinois Constitution be amended to create an additional 3% tax on income greater than $1,000,000 for the purpose of dedicating funds raised to property tax relief?""",1,2A,2,34211,,NO,,MONROE,10013,,
GE 2024,"""Should the Illinois Constitution be amended to create an additional 3% tax on income greater than $1,000,000 for the purpose of dedicating funds raised to property tax relief?""",1,2A,2,34211,,NO,,MASSAC,2750,,
GE 2024,"""Should the Illinois Constitution be amended to create an additional 3% tax on income greater than $1,000,000 for the purpose of dedicating funds raised to property tax relief?""",1,2A,2,34211,,NO,,IROQUOIS,6533,,
GE 2024,"""Should the Illinois Constitution be amended to create an additional 3% tax on income greater than $1,000,000 for the purpose of dedicating funds raised to property tax relief?""",1,2A,2,34211,,NO,,JASPER,3032,,
GE 2024,"""Should the Illinois Constitution be amended to create an additional 3% tax on income greater than $1,000,000 for the purpose of dedicating funds raised to property tax relief?""",1,2A,2,34211,,NO,,FRANKLIN,7918,,
GE 2024,"""Should the Illinois Constitution be amended to create an additional 3% tax on income greater than $1,000,000 for the purpose of dedicating funds raised to property tax relief?""",1,2A,2,34211,,NO,,McHENRY,67395,,
GE 2024,"""Should the Illinois Constitution be amended to create an additional 3% tax on income greater than $1,000,000 for the purpose of dedicating funds raised to property tax relief?""",1,2A,2,34211,,NO,,LaSALLE,21926,,
GE 2024,"""Should the Illinois Constitution be amended to create an additional 3% tax on income greater than $1,000,000 for the purpose of dedicating funds raised to property tax relief?""",1,2A,2,34211,,NO,,PERRY,4377,,
GE 2024,"""Should the Illinois Constitution be amended to create an additional 3% tax on income greater than $1,000,000 for the purpose of dedicating funds raised to property tax relief?""",1,2A,2,34211,,NO,,GALLATIN,1232,,
GE 2024,"""Should the Illinois Constitution be amended to create an additional 3% tax on income greater than $1,000,000 for the purpose of dedicating funds raised to property tax relief?""",1,2A,2,34211,,NO,,WAYNE,4811,,
GE 2024,"""Should the Illinois Constitution be amended to create an additional 3% tax on income greater than $1,000,000 for the purpose of dedicating funds raised to property tax relief?""",1,2A,2,34211,,NO,,WINNEBAGO,46294,,
GE 2024,"""Should the Illinois Constitution be amended to create an additional 3% tax on income greater than $1,000,000 for the purpose of dedicating funds raised to property tax relief?""",1,2A,2,34211,,NO,,CHAMPAIGN,32325,,
GE 2024,"""Should the Illinois Constitution be amended to create an additional 3% tax on income greater than $1,000,000 for the purpose of dedicating funds raised to property tax relief?""",1,2A,2,34211,,NO,,VERMILION,13473,,
GE 2024,"""Should the Illinois Constitution be amended to create an additional 3% tax on income greater than $1,000,000 for the purpose of dedicating funds raised to property tax relief?""",1,2A,2,34211,,NO,,JACKSON,7783,,
GE 2024,"""Should the Illinois Constitution be amended to create an additional 3% tax on income greater than $1,000,000 for the purpose of dedicating funds raised to property tax relief?""",1,2A,2,34211,,NO,,DeKALB,18756,,
GE 2024,"""Should the Illinois Constitution be amended to create an additional 3% tax on income greater than $1,000,000 for the purpose of dedicating funds raised to property tax relief?""",1,2A,2,34211,,NO,,KNOX,8935,,
GE 2024,"""Should the Illinois Constitution be amended to create an additional 3% tax on income greater than $1,000,000 for the purpose of dedicating funds raised to property tax relief?""",1,2A,2,34211,,NO,,JEFFERSON,8626,,
GE 2024,"""Should the Illinois Constitution be amended to create an additional 3% tax on income greater than $1,000,000 for the purpose of dedicating funds raised to property tax relief?""",1,2A,2,34211,,NO,,RICHLAND,3713,,
GE 2024,"""Should the Illinois Constitution be amended to create an additional 3% tax on income greater than $1,000,000 for the purpose of dedicating funds raised to property tax relief?""",1,2A,2,34211,,NO,,GRUNDY,11074,,
GE 2024,"""Should the Illinois Constitution be amended to create an additional 3% tax on income greater than $1,000,000 for the purpose of dedicating funds raised to property tax relief?""",1,2A,2,34211,,NO,,WARREN,3151,,
GE 2024,"""Should the Illinois Constitution be amended to create an additional 3% tax on income greater than $1,000,000 for the purpose of dedicating funds raised to property tax relief?""",1,2A,2,34211,,NO,,DuPAGE,187788,,
GE 2024,"""Should the Illinois Constitution be amended to create an additional 3% tax on income greater than $1,000,000 for the purpose of dedicating funds raised to property tax relief?""",1,2A,2,34211,,NO,,COOK,646116,,
GE 2024,"""Should the Illinois Constitution be amended to create an additional 3% tax on income greater than $1,000,000 for the purpose of dedicating funds raised to property tax relief?""",1,2A,2,34211,,NO,,McLEAN,33069,,
GE 2024,"""Should the Illinois Constitution be amended to create an additional 3% tax on income greater than $1,000,000 for the purpose of dedicating funds raised to property tax relief?""",1,2A,2,34211,,NO,,FAYETTE,5301,,
GE 2024,"""Should the Illinois Constitution be amended to create an additional 3% tax on income greater than $1,000,000 for the purpose of dedicating funds raised to property tax relief?""",1,2A,2,34211,,NO,,MARION,8376,,
GE 2024,13TH CONGRESS,1,F,13,33625,Joshua,Loyd,,PIATT,3420,REPUBLICAN,REP
GE 2024,13TH CONGRESS,1,F,13,33625,Joshua,Loyd,,MACON,8087,REPUBLICAN,REP
GE 2024,13TH CONGRESS,1,F,13,33625,Joshua,Loyd,,SANGAMON,32426,REPUBLICAN,REP
GE 2024,13TH CONGRESS,1,F,13,33625,Joshua,Loyd,,MADISON,40355,REPUBLICAN,REP
GE 2024,13TH CONGRESS,1,F,13,33625,Joshua,Loyd,,MACOUPIN,14345,REPUBLICAN,REP
GE 2024,13TH CONGRESS,1,F,13,33625,Joshua,Loyd,,ST. CLAIR,23678,REPUBLICAN,REP
GE 2024,13TH CONGRESS,1,F,13,33626,Nikki,Budzinski,,MACOUPIN,8566,DEMOCRATIC,DEM
GE 2024,13TH CONGRESS,1,F,13,33626,Nikki,Budzinski,,ST. CLAIR,45940,DEMOCRATIC,DEM
GE 2024,13TH CONGRESS,1,F,13,33626,Nikki,Budzinski,,CHAMPAIGN,45046,DEMOCRATIC,DEM
GE 2024,13TH CONGRESS,1,F,13,34329,Chibuihe,Asonye,,CHAMPAIGN,178,,
GE 2024,13TH CONGRESS,1,F,13,34329,Chibuihe,Asonye,,ST. CLAIR,1,,
GE 2024,13TH CONGRESS,1,F,13,33626,Nikki,Budzinski,,PIATT,2312,DEMOCRATIC,DEM
GE 2024,13TH CONGRESS,1,F,13,33626,Nikki,Budzinski,,MACON,9214,DEMOCRATIC,DEM
GE 2024,13TH CONGRESS,1,F,13,33626,Nikki,Budzinski,,SANGAMON,37912,DEMOCRATIC,DEM
GE 2024,13TH CONGRESS,1,F,13,33626,Nikki,Budzinski,,MADISON,42349,DEMOCRATIC,DEM
GE 2024,13TH CONGRESS,1,F,13,33625,Joshua,Loyd,,CHAMPAIGN,15606,REPUBLICAN,REP
GE 2024,13TH CONGRESS,1,F,13,34329,Chibuihe,Asonye,,PIATT,0,,
GE 2024,13TH CONGRESS,1,F,13,34329,Chibuihe,Asonye,,MACON,12,,
GE 2024,13TH CONGRESS,1,F,13,34329,Chibuihe,Asonye,,SANGAMON,50,,
GE 2024,13TH CONGRESS,1,F,13,34329,Chibuihe,Asonye,,MADISON,3,,
GE 2024,13TH CONGRESS,1,F,13,34329,Chibuihe,Asonye,,MACOUPIN,0,,
GE 2024,13TH REPRESENTATIVE,1,J,2013,34221,Terry Nguyen,Le,,COOK,6510,REPUBLICAN,REP
GE 2024,13TH REPRESENTATIVE,1,J,2013,33627,Hoan,Huynh,,COOK,46432,DEMOCRATIC,DEM
GE 2024,13TH SENATE,1,J,113,33628,Robert,Peters,,COOK,64018,DEMOCRATIC,DEM
GE 2024,"14TH CIRCUIT - CONWAY, JR. VACANCY",1,LD,1410,33632,Daniel P.,Dalton,,MERCER,3575,DEMOCRATIC,DEM
GE 2024,"14TH CIRCUIT - CONWAY, JR. VACANCY",1,LD,1410,33633,Jeffrey S.,McKinley,,MERCER,4458,REPUBLICAN,REP
GE 2024,14TH CIRCUIT - SENNEFF VACANCY,1,LD,1415,33634,Jennifer M.,Rangel-Kelly,,WHITESIDE,19462,DEMOCRATIC,DEM
GE 2024,14TH CIRCUIT - STEINES VACANCY,1,LD,1416,33887,James F.,Heuerman,,WHITESIDE,19367,DEMOCRATIC,DEM
GE 2024,14TH CONGRESS,1,F,14,33635,"James T. ""Jim""",Marter,,KANE,9218,REPUBLICAN,REP
GE 2024,14TH CONGRESS,1,F,14,33635,"James T. ""Jim""",Marter,,BUREAU,2646,REPUBLICAN,REP
GE 2024,14TH CONGRESS,1,F,14,33635,"James T. ""Jim""",Marter,,PUTNAM,1143,REPUBLICAN,REP
GE 2024,14TH CONGRESS,1,F,14,33635,"James T. ""Jim""",Marter,,KENDALL,31420,REPUBLICAN,REP
GE 2024,14TH CONGRESS,1,F,14,33635,"James T. ""Jim""",Marter,,WILL,64475,REPUBLICAN,REP
GE 2024,14TH CONGRESS,1,F,14,33635,"James T. ""Jim""",Marter,,LaSALLE,22489,REPUBLICAN,REP
GE 2024,14TH CONGRESS,1,F,14,33636,Lauren,Underwood,,KENDALL,34105,DEMOCRATIC,DEM
GE 2024,14TH CONGRESS,1,F,14,33636,Lauren,Underwood,,WILL,91945,DEMOCRATIC,DEM
GE 2024,14TH CONGRESS,1,F,14,33636,Lauren,Underwood,,LaSALLE,18902,DEMOCRATIC,DEM
GE 2024,14TH CONGRESS,1,F,14,33636,Lauren,Underwood,,DeKALB,21878,DEMOCRATIC,DEM
GE 2024,14TH CONGRESS,1,F,14,34333,Roy,Jones,,WILL,7,,
GE 2024,14TH CONGRESS,1,F,14,34333,Roy,Jones,,LaSALLE,2,,
GE 2024,14TH CONGRESS,1,F,14,34333,Roy,Jones,,DeKALB,5,,
GE 2024,14TH CONGRESS,1,F,14,33636,Lauren,Underwood,,KANE,12866,DEMOCRATIC,DEM
GE 2024,14TH CONGRESS,1,F,14,33636,Lauren,Underwood,,BUREAU,2782,DEMOCRATIC,DEM
GE 2024,14TH CONGRESS,1,F,14,33636,Lauren,Underwood,,PUTNAM,968,DEMOCRATIC,DEM
GE 2024,14TH CONGRESS,1,F,14,34332,Constant Connor,VlaKancic,,LaSALLE,0,,
GE 2024,14TH CONGRESS,1,F,14,34332,Constant Connor,VlaKancic,,DeKALB,0,,
GE 2024,14TH CONGRESS,1,F,14,34333,Roy,Jones,,BUREAU,0,,
GE 2024,14TH CONGRESS,1,F,14,34333,Roy,Jones,,KANE,1,,
GE 2024,14TH CONGRESS,1,F,14,34333,Roy,Jones,,PUTNAM,0,,
GE 2024,14TH CONGRESS,1,F,14,34333,Roy,Jones,,KENDALL,1,,
GE 2024,14TH CONGRESS,1,F,14,33635,"James T. ""Jim""",Marter,,DeKALB,18073,REPUBLICAN,REP
GE 2024,14TH CONGRESS,1,F,14,34332,Constant Connor,VlaKancic,,BUREAU,0,,
GE 2024,14TH CONGRESS,1,F,14,34332,Constant Connor,VlaKancic,,KANE,0,,
GE 2024,14TH CONGRESS,1,F,14,34332,Constant Connor,VlaKancic,,PUTNAM,0,,
GE 2024,14TH CONGRESS,1,F,14,34332,Constant Connor,VlaKancic,,KENDALL,0,,
GE 2024,14TH CONGRESS,1,F,14,34332,Constant Connor,VlaKancic,,WILL,3,,
GE 2024,15TH CONGRESS,1,F,15,34309,William,Bonnett,,MOULTRIE,14,,
GE 2024,15TH CONGRESS,1,F,15,34309,William,Bonnett,,SHELBY,12,,
GE 2024,15TH CONGRESS,1,F,15,34309,William,Bonnett,,MONTGOMERY,17,,
GE 2024,15TH CONGRESS,1,F,15,34309,William,Bonnett,,CHRISTIAN,13,,
GE 2024,15TH CONGRESS,1,F,15,34309,William,Bonnett,,DeWITT,27,,
GE 2024,15TH CONGRESS,1,F,15,34309,William,Bonnett,,DOUGLAS,20,,
GE 2024,15TH CONGRESS,1,F,15,33638,Mary E.,Miller,,BOND,6587,REPUBLICAN,REP
GE 2024,15TH CONGRESS,1,F,15,33638,Mary E.,Miller,,LOGAN,10281,REPUBLICAN,REP
GE 2024,15TH CONGRESS,1,F,15,33638,Mary E.,Miller,,EDGAR,6643,REPUBLICAN,REP
GE 2024,15TH CONGRESS,1,F,15,33638,Mary E.,Miller,,PIATT,3047,REPUBLICAN,REP
GE 2024,15TH CONGRESS,1,F,15,33638,Mary E.,Miller,,CALHOUN,2152,REPUBLICAN,REP
GE 2024,15TH CONGRESS,1,F,15,33638,Mary E.,Miller,,HANCOCK,7768,REPUBLICAN,REP
GE 2024,15TH CONGRESS,1,F,15,33638,Mary E.,Miller,,MACON,21548,REPUBLICAN,REP
GE 2024,15TH CONGRESS,1,F,15,33638,Mary E.,Miller,,COLES,10846,REPUBLICAN,REP
GE 2024,15TH CONGRESS,1,F,15,33638,Mary E.,Miller,,DeWITT,6419,REPUBLICAN,REP
GE 2024,15TH CONGRESS,1,F,15,33638,Mary E.,Miller,,DOUGLAS,6946,REPUBLICAN,REP
GE 2024,15TH CONGRESS,1,F,15,33638,Mary E.,Miller,,MERCER,3272,REPUBLICAN,REP
GE 2024,15TH CONGRESS,1,F,15,33638,Mary E.,Miller,,SANGAMON,21991,REPUBLICAN,REP
GE 2024,15TH CONGRESS,1,F,15,33638,Mary E.,Miller,,MADISON,38927,REPUBLICAN,REP
GE 2024,15TH CONGRESS,1,F,15,33638,Mary E.,Miller,,MASON,5136,REPUBLICAN,REP
GE 2024,15TH CONGRESS,1,F,15,33638,Mary E.,Miller,,HENDERSON,2756,REPUBLICAN,REP
GE 2024,15TH CONGRESS,1,F,15,33638,Mary E.,Miller,,BROWN,2110,REPUBLICAN,REP
GE 2024,15TH CONGRESS,1,F,15,33638,Mary E.,Miller,,CASS,4265,REPUBLICAN,REP
GE 2024,15TH CONGRESS,1,F,15,33638,Mary E.,Miller,,FULTON,3112,REPUBLICAN,REP
GE 2024,15TH CONGRESS,1,F,15,33638,Mary E.,Miller,,MORGAN,11662,REPUBLICAN,REP
GE 2024,15TH CONGRESS,1,F,15,33638,Mary E.,Miller,,SCHUYLER,2943,REPUBLICAN,REP
GE 2024,15TH CONGRESS,1,F,15,33638,Mary E.,Miller,,MENARD,5105,REPUBLICAN,REP
GE 2024,15TH CONGRESS,1,F,15,33638,Mary E.,Miller,,ADAMS,27187,REPUBLICAN,REP
GE 2024,15TH CONGRESS,1,F,15,33638,Mary E.,Miller,,CHAMPAIGN,17160,REPUBLICAN,REP
GE 2024,15TH CONGRESS,1,F,15,33638,Mary E.,Miller,,VERMILION,3361,REPUBLICAN,REP
GE 2024,15TH CONGRESS,1,F,15,33638,Mary E.,Miller,,WARREN,2230,REPUBLICAN,REP
GE 2024,15TH CONGRESS,1,F,15,33638,Mary E.,Miller,,FAYETTE,8336,REPUBLICAN,REP
GE 2024,15TH CONGRESS,1,F,15,33638,Mary E.,Miller,,McDONOUGH,5342,REPUBLICAN,REP
GE 2024,15TH CONGRESS,1,F,15,33638,Mary E.,Miller,,GREENE,4916,REPUBLICAN,REP
GE 2024,15TH CONGRESS,1,F,15,33638,Mary E.,Miller,,SHELBY,9706,REPUBLICAN,REP
GE 2024,15TH CONGRESS,1,F,15,33638,Mary E.,Miller,,MONTGOMERY,10827,REPUBLICAN,REP
GE 2024,15TH CONGRESS,1,F,15,33638,Mary E.,Miller,,JERSEY,9387,REPUBLICAN,REP
GE 2024,15TH CONGRESS,1,F,15,33638,Mary E.,Miller,,CHRISTIAN,12828,REPUBLICAN,REP
GE 2024,15TH CONGRESS,1,F,15,33638,Mary E.,Miller,,SCOTT,2151,REPUBLICAN,REP
GE 2024,15TH CONGRESS,1,F,15,33638,Mary E.,Miller,,PIKE,6442,REPUBLICAN,REP
GE 2024,15TH CONGRESS,1,F,15,34309,William,Bonnett,,EDGAR,13,,
GE 2024,15TH CONGRESS,1,F,15,34309,William,Bonnett,,PIATT,10,,
GE 2024,15TH CONGRESS,1,F,15,34309,William,Bonnett,,HENDERSON,1,,
GE 2024,15TH CONGRESS,1,F,15,34309,William,Bonnett,,BROWN,0,,
GE 2024,15TH CONGRESS,1,F,15,34309,William,Bonnett,,CALHOUN,8,,
GE 2024,15TH CONGRESS,1,F,15,33638,Mary E.,Miller,,MOULTRIE,5436,REPUBLICAN,REP
GE 2024,15TH CONGRESS,1,F,15,34309,William,Bonnett,,COLES,120,,
GE 2024,15TH CONGRESS,1,F,15,34309,William,Bonnett,,MENARD,8,,
GE 2024,15TH CONGRESS,1,F,15,34309,William,Bonnett,,ADAMS,138,,
GE 2024,15TH CONGRESS,1,F,15,34309,William,Bonnett,,MERCER,0,,
GE 2024,15TH CONGRESS,1,F,15,34309,William,Bonnett,,SANGAMON,94,,
GE 2024,15TH CONGRESS,1,F,15,34309,William,Bonnett,,LOGAN,17,,
GE 2024,15TH CONGRESS,1,F,15,34309,William,Bonnett,,BOND,0,,
GE 2024,15TH CONGRESS,1,F,15,34309,William,Bonnett,,MASON,2,,
GE 2024,15TH CONGRESS,1,F,15,34309,William,Bonnett,,McDONOUGH,0,,
GE 2024,15TH CONGRESS,1,F,15,34309,William,Bonnett,,GREENE,40,,
GE 2024,15TH CONGRESS,1,F,15,34309,William,Bonnett,,FULTON,3,,
GE 2024,15TH CONGRESS,1,F,15,34309,William,Bonnett,,MACON,225,,
GE 2024,15TH CONGRESS,1,F,15,34309,William,Bonnett,,SCHUYLER,6,,
GE 2024,15TH CONGRESS,1,F,15,34309,William,Bonnett,,SCOTT,11,,
GE 2024,15TH CONGRESS,1,F,15,34309,William,Bonnett,,PIKE,7,,
GE 2024,15TH CONGRESS,1,F,15,34309,William,Bonnett,,HANCOCK,0,,
GE 2024,15TH CONGRESS,1,F,15,34309,William,Bonnett,,CHAMPAIGN,173,,
GE 2024,15TH CONGRESS,1,F,15,34309,William,Bonnett,,MADISON,266,,
GE 2024,15TH CONGRESS,1,F,15,34309,William,Bonnett,,MORGAN,114,,
GE 2024,15TH CONGRESS,1,F,15,34309,William,Bonnett,,WARREN,3,,
GE 2024,15TH CONGRESS,1,F,15,34309,William,Bonnett,,CASS,39,,
GE 2024,15TH CONGRESS,1,F,15,34309,William,Bonnett,,VERMILION,8,,
GE 2024,15TH CONGRESS,1,F,15,34309,William,Bonnett,,FAYETTE,0,,
GE 2024,15TH CONGRESS,1,F,15,34309,William,Bonnett,,JERSEY,0,,
GE 2024,15TH REPRESENTATIVE,1,J,2015,33639,Mark R.,Albers,,COOK,16734,REPUBLICAN,REP
GE 2024,15TH REPRESENTATIVE,1,J,2015,33640,Michael J.,Kelly,,COOK,28177,DEMOCRATIC,DEM
GE 2024,16TH CIRCUIT - 2ND SUBCIRCUIT - NOVERINI VACANCY,1,LD,1620,33644,Julio CΘsar,Valdez,,KANE,30893,DEMOCRATIC,DEM
GE 2024,"16TH CIRCUIT - 4TH SUBCIRCUIT - HULL, III VACANCY",1,LD,1641,33890,David,Kliment,,KANE,30363,REPUBLICAN,REP
GE 2024,"16TH CIRCUIT - 4TH SUBCIRCUIT - HULL, III VACANCY",1,LD,1641,33889,Sandra,Parga,,KANE,33621,DEMOCRATIC,DEM
GE 2024,16TH CIRCUIT - HUDSON VACANCY,1,LD,1604,33888,Kimberly,DiGiovanni,,KANE,156333,DEMOCRATIC,DEM
GE 2024,16TH CONGRESS,1,F,16,34322,Scott,Summers,,STARK,0,,
GE 2024,16TH CONGRESS,1,F,16,34322,Scott,Summers,,TAZEWELL,29,,
GE 2024,16TH CONGRESS,1,F,16,34322,Scott,Summers,,STEPHENSON,1,,
GE 2024,16TH CONGRESS,1,F,16,34322,Scott,Summers,,LIVINGSTON,0,,
GE 2024,16TH CONGRESS,1,F,16,34322,Scott,Summers,,MARSHALL,1,,
GE 2024,16TH CONGRESS,1,F,16,34322,Scott,Summers,,WOODFORD,6,,
GE 2024,16TH CONGRESS,1,F,16,33645,Darin,LaHood,,FORD,1337,REPUBLICAN,REP
GE 2024,16TH CONGRESS,1,F,16,33645,Darin,LaHood,,BOONE,11234,REPUBLICAN,REP
GE 2024,16TH CONGRESS,1,F,16,33645,Darin,LaHood,,HENRY,12997,REPUBLICAN,REP
GE 2024,16TH CONGRESS,1,F,16,33645,Darin,LaHood,,BUREAU,8702,REPUBLICAN,REP
GE 2024,16TH CONGRESS,1,F,16,33645,Darin,LaHood,,OGLE,21396,REPUBLICAN,REP
GE 2024,16TH CONGRESS,1,F,16,33645,Darin,LaHood,,PUTNAM,951,REPUBLICAN,REP
GE 2024,16TH CONGRESS,1,F,16,33645,Darin,LaHood,,LEE,12909,REPUBLICAN,REP
GE 2024,16TH CONGRESS,1,F,16,33645,Darin,LaHood,,JoDAVIESS,9575,REPUBLICAN,REP
GE 2024,16TH CONGRESS,1,F,16,33645,Darin,LaHood,,PEORIA,23442,REPUBLICAN,REP
GE 2024,16TH CONGRESS,1,F,16,33645,Darin,LaHood,,McHENRY,4264,REPUBLICAN,REP
GE 2024,16TH CONGRESS,1,F,16,33645,Darin,LaHood,,LaSALLE,8740,REPUBLICAN,REP
GE 2024,16TH CONGRESS,1,F,16,33645,Darin,LaHood,,WINNEBAGO,51286,REPUBLICAN,REP
GE 2024,16TH CONGRESS,1,F,16,33645,Darin,LaHood,,LIVINGSTON,3612,REPUBLICAN,REP
GE 2024,16TH CONGRESS,1,F,16,33645,Darin,LaHood,,MARSHALL,5081,REPUBLICAN,REP
GE 2024,16TH CONGRESS,1,F,16,33645,Darin,LaHood,,WOODFORD,17809,REPUBLICAN,REP
GE 2024,16TH CONGRESS,1,F,16,33645,Darin,LaHood,,DeKALB,1581,REPUBLICAN,REP
GE 2024,16TH CONGRESS,1,F,16,33645,Darin,LaHood,,GRUNDY,20631,REPUBLICAN,REP
GE 2024,16TH CONGRESS,1,F,16,33645,Darin,LaHood,,McLEAN,37188,REPUBLICAN,REP
GE 2024,16TH CONGRESS,1,F,16,34322,Scott,Summers,,BUREAU,0,,
GE 2024,16TH CONGRESS,1,F,16,34322,Scott,Summers,,OGLE,15,,
GE 2024,16TH CONGRESS,1,F,16,34322,Scott,Summers,,PUTNAM,1,,
GE 2024,16TH CONGRESS,1,F,16,33645,Darin,LaHood,,STARK,2352,REPUBLICAN,REP
GE 2024,16TH CONGRESS,1,F,16,33645,Darin,LaHood,,TAZEWELL,50532,REPUBLICAN,REP
GE 2024,16TH CONGRESS,1,F,16,33645,Darin,LaHood,,STEPHENSON,5306,REPUBLICAN,REP
GE 2024,16TH CONGRESS,1,F,16,34322,Scott,Summers,,McHENRY,14,,
GE 2024,16TH CONGRESS,1,F,16,34322,Scott,Summers,,LaSALLE,0,,
GE 2024,16TH CONGRESS,1,F,16,34322,Scott,Summers,,DeKALB,2,,
GE 2024,16TH CONGRESS,1,F,16,34322,Scott,Summers,,FORD,2,,
GE 2024,16TH CONGRESS,1,F,16,34322,Scott,Summers,,BOONE,16,,
GE 2024,16TH CONGRESS,1,F,16,34322,Scott,Summers,,HENRY,2,,
GE 2024,16TH CONGRESS,1,F,16,34322,Scott,Summers,,WINNEBAGO,8,,
GE 2024,16TH CONGRESS,1,F,16,34322,Scott,Summers,,GRUNDY,0,,
GE 2024,16TH CONGRESS,1,F,16,34322,Scott,Summers,,McLEAN,0,,
GE 2024,16TH CONGRESS,1,F,16,34322,Scott,Summers,,LEE,5,,
GE 2024,16TH CONGRESS,1,F,16,34322,Scott,Summers,,JoDAVIESS,20,,
GE 2024,16TH CONGRESS,1,F,16,34322,Scott,Summers,,PEORIA,61,,
GE 2024,16TH REPRESENTATIVE,1,J,2016,33646,Kevin John,Olickal,,COOK,26260,DEMOCRATIC,DEM
GE 2024,16TH SENATE,1,J,116,33647,Willie,Preston,,COOK,53401,DEMOCRATIC,DEM
GE 2024,17TH CIRCUIT - 1ST SUBCIRCUIT - McGRAW VACANCY,1,LD,1711,33892,Erik Karl,Jacobs,,BOONE,575,REPUBLICAN,REP
GE 2024,17TH CIRCUIT - 1ST SUBCIRCUIT - McGRAW VACANCY,1,LD,1711,33892,Erik Karl,Jacobs,,WINNEBAGO,28234,REPUBLICAN,REP
GE 2024,17TH CIRCUIT - 1ST SUBCIRCUIT - McGRAW VACANCY,1,LD,1711,33891,Nicholas O.,Meyer,,BOONE,388,DEMOCRATIC,DEM
GE 2024,17TH CIRCUIT - 1ST SUBCIRCUIT - McGRAW VACANCY,1,LD,1711,33891,Nicholas O.,Meyer,,WINNEBAGO,36163,DEMOCRATIC,DEM
GE 2024,17TH CONGRESS,1,F,17,33651,Joe,McGraw,,TAZEWELL,3703,REPUBLICAN,REP
GE 2024,17TH CONGRESS,1,F,17,33651,Joe,McGraw,,STEPHENSON,7536,REPUBLICAN,REP
GE 2024,17TH CONGRESS,1,F,17,33651,Joe,McGraw,,CARROLL,4831,REPUBLICAN,REP
GE 2024,17TH CONGRESS,1,F,17,33651,Joe,McGraw,,WHITESIDE,14017,REPUBLICAN,REP
GE 2024,17TH CONGRESS,1,F,17,33651,Joe,McGraw,,MERCER,2433,REPUBLICAN,REP
GE 2024,17TH CONGRESS,1,F,17,33651,Joe,McGraw,,HENRY,5028,REPUBLICAN,REP
GE 2024,17TH CONGRESS,1,F,17,33652,Eric,Sorensen,,McDONOUGH,2848,DEMOCRATIC,DEM
GE 2024,17TH CONGRESS,1,F,17,33652,Eric,Sorensen,,FULTON,5291,DEMOCRATIC,DEM
GE 2024,17TH CONGRESS,1,F,17,33652,Eric,Sorensen,,WINNEBAGO,31981,DEMOCRATIC,DEM
GE 2024,17TH CONGRESS,1,F,17,33652,Eric,Sorensen,,KNOX,10665,DEMOCRATIC,DEM
GE 2024,17TH CONGRESS,1,F,17,33652,Eric,Sorensen,,MERCER,1716,DEMOCRATIC,DEM
GE 2024,17TH CONGRESS,1,F,17,33652,Eric,Sorensen,,HENRY,4421,DEMOCRATIC,DEM
GE 2024,17TH CONGRESS,1,F,17,33652,Eric,Sorensen,,WARREN,2113,DEMOCRATIC,DEM
GE 2024,17TH CONGRESS,1,F,17,33652,Eric,Sorensen,,McLEAN,23497,DEMOCRATIC,DEM
GE 2024,17TH CONGRESS,1,F,17,33652,Eric,Sorensen,,ROCK ISLAND,36503,DEMOCRATIC,DEM
GE 2024,17TH CONGRESS,1,F,17,33652,Eric,Sorensen,,PEORIA,27567,DEMOCRATIC,DEM
GE 2024,17TH CONGRESS,1,F,17,33651,Joe,McGraw,,WINNEBAGO,20732,REPUBLICAN,REP
GE 2024,17TH CONGRESS,1,F,17,33651,Joe,McGraw,,KNOX,11310,REPUBLICAN,REP
GE 2024,17TH CONGRESS,1,F,17,33652,Eric,Sorensen,,TAZEWELL,1572,DEMOCRATIC,DEM
GE 2024,17TH CONGRESS,1,F,17,33652,Eric,Sorensen,,STEPHENSON,6993,DEMOCRATIC,DEM
GE 2024,17TH CONGRESS,1,F,17,33652,Eric,Sorensen,,CARROLL,2926,DEMOCRATIC,DEM
GE 2024,17TH CONGRESS,1,F,17,33652,Eric,Sorensen,,WHITESIDE,12168,DEMOCRATIC,DEM
GE 2024,17TH CONGRESS,1,F,17,33651,Joe,McGraw,,WARREN,2607,REPUBLICAN,REP
GE 2024,17TH CONGRESS,1,F,17,33651,Joe,McGraw,,McLEAN,15114,REPUBLICAN,REP
GE 2024,17TH CONGRESS,1,F,17,33651,Joe,McGraw,,ROCK ISLAND,26526,REPUBLICAN,REP
GE 2024,17TH CONGRESS,1,F,17,33651,Joe,McGraw,,PEORIA,19427,REPUBLICAN,REP
GE 2024,17TH CONGRESS,1,F,17,33651,Joe,McGraw,,McDONOUGH,2463,REPUBLICAN,REP
GE 2024,17TH CONGRESS,1,F,17,33651,Joe,McGraw,,FULTON,6840,REPUBLICAN,REP
GE 2024,17TH REPRESENTATIVE,1,J,2017,33653,Jim,Geldermann,,COOK,17080,REPUBLICAN,REP
GE 2024,17TH REPRESENTATIVE,1,J,2017,33654,Jennifer,Gong-Gershowitz,,COOK,37405,DEMOCRATIC,DEM
GE 2024,18TH CIRCUIT - 1ST SUBCIRCUIT - BRENNAN VACANCY,1,LD,1810,34235,Marshall J.,Subach,,DuPAGE,19966,INDEPENDENT,IND
GE 2024,18TH CIRCUIT - 1ST SUBCIRCUIT - BRENNAN VACANCY,1,LD,1810,33656,Chantelle,Porter,,DuPAGE,25392,DEMOCRATIC,DEM
GE 2024,18TH CIRCUIT - 2ND SUBCIRCUIT - DAVENPORT VACANCY,1,LD,1822,33894,Jae,Kwon,,DuPAGE,20447,REPUBLICAN,REP
GE 2024,18TH CIRCUIT - 2ND SUBCIRCUIT - DAVENPORT VACANCY,1,LD,1822,33893,Jennifer,Barron,,DuPAGE,34774,DEMOCRATIC,DEM
GE 2024,18TH CIRCUIT - 3RD SUBCIRCUIT - KINSELLA VACANCY,1,LD,1832,33896,Hope F.,Mercado,,DuPAGE,29650,REPUBLICAN,REP
GE 2024,18TH CIRCUIT - 3RD SUBCIRCUIT - KINSELLA VACANCY,1,LD,1832,33895,Leah Danielle,Setzen,,DuPAGE,37866,DEMOCRATIC,DEM
GE 2024,18TH REPRESENTATIVE,1,J,2018,33657,Charles,Hutchinson,,COOK,10859,REPUBLICAN,REP
GE 2024,18TH REPRESENTATIVE,1,J,2018,33658,Robyn,Gabel,,COOK,40786,DEMOCRATIC,DEM
GE 2024,19TH REPRESENTATIVE,1,J,2019,34223,"John ""JZ""",Zimmers,,COOK,13924,REPUBLICAN,REP
GE 2024,19TH REPRESENTATIVE,1,J,2019,33659,Lindsey,LaPointe,,COOK,29738,DEMOCRATIC,DEM
GE 2024,19TH SENATE,1,J,119,33660,Samantha Jean,Gasca,,WILL,36088,REPUBLICAN,REP
GE 2024,19TH SENATE,1,J,119,33660,Samantha Jean,Gasca,,COOK,12667,REPUBLICAN,REP
GE 2024,19TH SENATE,1,J,119,33661,Michael E.,Hastings,,WILL,26195,DEMOCRATIC,DEM
GE 2024,19TH SENATE,1,J,119,33661,Michael E.,Hastings,,COOK,36747,DEMOCRATIC,DEM
GE 2024,1ST APPELLATE - CONNORS VACANCY,1,LB,105,33641,Mary Lane,Mikva,,COOK,1505682,DEMOCRATIC,DEM
GE 2024,1ST APPELLATE - CUNNINGHAM VACANCY,1,LB,106,33590,Cynthia Y.,Cobbs,,COOK,1479372,DEMOCRATIC,DEM
GE 2024,1ST APPELLATE - DELORT VACANCY,1,LB,107,33898,Celia Louise,Gamrath,,COOK,1447943,DEMOCRATIC,DEM
GE 2024,1ST APPELLATE - O'NEILL BURKE VACANCY,1,LB,108,33609,Carl Anthony,Walker,,COOK,1451602,DEMOCRATIC,DEM
GE 2024,1ST CIRCUIT - LEBERMAN VACANCY,1,LD,117,33663,Melissa,Presser,,POPE,1774,REPUBLICAN,REP
GE 2024,1ST CONGRESS,1,F,1,33666,Marcus,Lewis,,KANKAKEE,11038,REPUBLICAN,REP
GE 2024,1ST CONGRESS,1,F,1,33666,Marcus,Lewis,,WILL,66567,REPUBLICAN,REP
GE 2024,1ST CONGRESS,1,F,1,33666,Marcus,Lewis,,COOK,30459,REPUBLICAN,REP
GE 2024,1ST CONGRESS,1,F,1,34354,Hilary,Myrick-Winston,,COOK,45,,
GE 2024,1ST CONGRESS,1,F,1,33667,Jonathan L.,Jackson,,KANKAKEE,6574,DEMOCRATIC,DEM
GE 2024,1ST CONGRESS,1,F,1,33667,Jonathan L.,Jackson,,WILL,40230,DEMOCRATIC,DEM
GE 2024,1ST CONGRESS,1,F,1,33667,Jonathan L.,Jackson,,COOK,161594,DEMOCRATIC,DEM
GE 2024,1ST REPRESENTATIVE,1,J,2001,33668,Aaron M.,Ortiz,,COOK,18308,DEMOCRATIC,DEM
GE 2024,1ST SENATE,1,J,101,33669,Javier Loera,Cervantes,,COOK,43813,DEMOCRATIC,DEM
GE 2024,1ST SUPREME - BURKE VACANCY,1,LA,101,33662,Joy Virginia,Cunningham,,COOK,1571500,DEMOCRATIC,DEM
GE 2024,20TH REPRESENTATIVE,1,J,2020,33672,Brad,Stephens,,COOK,35012,REPUBLICAN,REP
GE 2024,20TH SENATE,1,J,120,33763,Jason,Proctor,,COOK,14281,REPUBLICAN,REP
GE 2024,20TH SENATE,1,J,120,33762,Graciela,Guzman,,COOK,61803,DEMOCRATIC,DEM
GE 2024,21ST CIRCUIT - ALBRECHT VACANCY,1,LD,2106,33674,Marlow A.,Jones,,KANKAKEE,34697,DEMOCRATIC,DEM
GE 2024,21ST REPRESENTATIVE,1,J,2021,33675,Abdelnasser,Rashid,,COOK,27006,DEMOCRATIC,DEM
GE 2024,22ND CIRCUIT - COWLIN VACANCY,1,LD,2215,33655,Jennifer L.,Johnson,,McHENRY,126134,REPUBLICAN,REP
GE 2024,22ND CIRCUIT - WILBRANDT VACANCY,1,LD,2212,33650,Suzanne C.,Mangiamele,,McHENRY,126512,REPUBLICAN,REP
GE 2024,22ND REPRESENTATIVE,1,J,2022,33677,Angie,Guerrero-Cuellar,,COOK,26887,DEMOCRATIC,DEM
GE 2024,22ND SENATE,1,J,122,33678,Cristina,Castro,,KANE,13317,DEMOCRATIC,DEM
GE 2024,22ND SENATE,1,J,122,33678,Cristina,Castro,,COOK,34446,DEMOCRATIC,DEM
GE 2024,23RD CIRCUIT - BARNHART VACANCY,1,LD,2320,33904,John,McAdams,,KENDALL,52709,REPUBLICAN,REP
GE 2024,14TH REPRESENTATIVE,1,J,2014,33637,Kelly M.,Cassidy,,COOK,37519,DEMOCRATIC,DEM
GE 2024,23RD REPRESENTATIVE,1,J,2023,33679,Edgar,"Gonzalez, Jr.",,COOK,13674,DEMOCRATIC,DEM
GE 2024,24TH REPRESENTATIVE,1,J,2024,33680,Natalian,Bolton,,COOK,5692,REPUBLICAN,REP
GE 2024,33RD REPRESENTATIVE,1,J,2033,33700,Marcus C.,"Evans, Jr.",,COOK,34406,DEMOCRATIC,DEM
GE 2024,34TH REPRESENTATIVE,1,J,2034,33701,Frederick L.,Walls,,KANKAKEE,5254,REPUBLICAN,REP
GE 2024,34TH REPRESENTATIVE,1,J,2034,33701,Frederick L.,Walls,,WILL,1166,REPUBLICAN,REP
GE 2024,34TH REPRESENTATIVE,1,J,2034,33701,Frederick L.,Walls,,COOK,3677,REPUBLICAN,REP
GE 2024,34TH REPRESENTATIVE,1,J,2034,33702,"Nicholas ""Nick""",Smith,,KANKAKEE,3099,DEMOCRATIC,DEM
GE 2024,34TH REPRESENTATIVE,1,J,2034,33702,"Nicholas ""Nick""",Smith,,WILL,1343,DEMOCRATIC,DEM
GE 2024,34TH REPRESENTATIVE,1,J,2034,33702,"Nicholas ""Nick""",Smith,,COOK,28601,DEMOCRATIC,DEM
GE 2024,34TH SENATE,1,J,134,33703,Crystal,Villarreal Soltow,,BOONE,4403,REPUBLICAN,REP
GE 2024,34TH SENATE,1,J,134,33703,Crystal,Villarreal Soltow,,WINNEBAGO,25835,REPUBLICAN,REP
GE 2024,34TH SENATE,1,J,134,33704,Steve,Stadelman,,BOONE,4653,DEMOCRATIC,DEM
GE 2024,34TH SENATE,1,J,134,33704,Steve,Stadelman,,WINNEBAGO,44923,DEMOCRATIC,DEM
GE 2024,35TH REPRESENTATIVE,1,J,2035,33705,Herbert,Hebein,,COOK,20451,REPUBLICAN,REP
GE 2024,35TH REPRESENTATIVE,1,J,2035,33706,Mary,Gill,,COOK,33275,DEMOCRATIC,DEM
GE 2024,36TH REPRESENTATIVE,1,J,2036,33708,Christine Shanahan,McGovern,,COOK,18938,REPUBLICAN,REP
GE 2024,36TH REPRESENTATIVE,1,J,2036,33709,Rick,Ryan,,COOK,27487,DEMOCRATIC,DEM
GE 2024,37TH REPRESENTATIVE,1,J,2037,34257,Patrick,Sheehan,,WILL,37404,REPUBLICAN,REP
GE 2024,37TH REPRESENTATIVE,1,J,2037,34257,Patrick,Sheehan,,COOK,10203,REPUBLICAN,REP
GE 2024,37TH SENATE,1,J,137,33711,Li,"Arellano, Jr.",,STARK,616,REPUBLICAN,REP
GE 2024,37TH SENATE,1,J,137,33711,Li,"Arellano, Jr.",,MARSHALL,293,REPUBLICAN,REP
GE 2024,37TH SENATE,1,J,137,33711,Li,"Arellano, Jr.",,WHITESIDE,21453,REPUBLICAN,REP
GE 2024,37TH SENATE,1,J,137,33711,Li,"Arellano, Jr.",,WOODFORD,4432,REPUBLICAN,REP
GE 2024,37TH SENATE,1,J,137,33711,Li,"Arellano, Jr.",,HENRY,5380,REPUBLICAN,REP
GE 2024,37TH SENATE,1,J,137,33711,Li,"Arellano, Jr.",,ROCK ISLAND,3152,REPUBLICAN,REP
GE 2024,37TH SENATE,1,J,137,33711,Li,"Arellano, Jr.",,BUREAU,9290,REPUBLICAN,REP
GE 2024,37TH SENATE,1,J,137,33711,Li,"Arellano, Jr.",,OGLE,7050,REPUBLICAN,REP
GE 2024,37TH SENATE,1,J,137,33711,Li,"Arellano, Jr.",,LEE,13373,REPUBLICAN,REP
GE 2024,37TH SENATE,1,J,137,33711,Li,"Arellano, Jr.",,PEORIA,13003,REPUBLICAN,REP
GE 2024,37TH SENATE,1,J,137,33711,Li,"Arellano, Jr.",,LaSALLE,5709,REPUBLICAN,REP
GE 2024,37TH SENATE,1,J,137,33711,Li,"Arellano, Jr.",,DeKALB,2535,REPUBLICAN,REP
GE 2024,38TH REPRESENTATIVE,1,J,2038,33712,Debbie,Meyers-Martin,,WILL,11736,DEMOCRATIC,DEM
GE 2024,38TH REPRESENTATIVE,1,J,2038,33712,Debbie,Meyers-Martin,,COOK,31701,DEMOCRATIC,DEM
GE 2024,39TH REPRESENTATIVE,1,J,2039,33713,Anthony,Curran,,COOK,6968,REPUBLICAN,REP
GE 2024,39TH REPRESENTATIVE,1,J,2039,34353,Justin,Tucker,,COOK,2,,
GE 2024,39TH REPRESENTATIVE,1,J,2039,33714,Will,Guzzardi,,COOK,29955,DEMOCRATIC,DEM
GE 2024,3RD APPELLATE - LYTTON VACANCY,1,LB,301,33592,Kenton,Skarin,,KANKAKEE,26334,REPUBLICAN,REP
GE 2024,3RD APPELLATE - LYTTON VACANCY,1,LB,301,33592,Kenton,Skarin,,BUREAU,8897,REPUBLICAN,REP
GE 2024,3RD APPELLATE - LYTTON VACANCY,1,LB,301,33592,Kenton,Skarin,,WILL,149063,REPUBLICAN,REP
GE 2024,3RD APPELLATE - LYTTON VACANCY,1,LB,301,33592,Kenton,Skarin,,IROQUOIS,9850,REPUBLICAN,REP
GE 2024,3RD APPELLATE - LYTTON VACANCY,1,LB,301,33592,Kenton,Skarin,,LaSALLE,28625,REPUBLICAN,REP
GE 2024,3RD APPELLATE - LYTTON VACANCY,1,LB,301,33592,Kenton,Skarin,,GRUNDY,15370,REPUBLICAN,REP
GE 2024,3RD APPELLATE - LYTTON VACANCY,1,LB,301,33591,John,Anderson,,GRUNDY,9310,DEMOCRATIC,DEM
GE 2024,3RD APPELLATE - LYTTON VACANCY,1,LB,301,33591,John,Anderson,,DuPAGE,239374,DEMOCRATIC,DEM
GE 2024,3RD APPELLATE - LYTTON VACANCY,1,LB,301,33592,Kenton,Skarin,,DuPAGE,202532,REPUBLICAN,REP
GE 2024,3RD APPELLATE - LYTTON VACANCY,1,LB,301,33591,John,Anderson,,KANKAKEE,18800,DEMOCRATIC,DEM
GE 2024,3RD APPELLATE - LYTTON VACANCY,1,LB,301,33591,John,Anderson,,BUREAU,6059,DEMOCRATIC,DEM
GE 2024,3RD APPELLATE - LYTTON VACANCY,1,LB,301,33591,John,Anderson,,WILL,164927,DEMOCRATIC,DEM
GE 2024,3RD APPELLATE - LYTTON VACANCY,1,LB,301,33591,John,Anderson,,IROQUOIS,2800,DEMOCRATIC,DEM
GE 2024,3RD APPELLATE - LYTTON VACANCY,1,LB,301,33591,John,Anderson,,LaSALLE,21484,DEMOCRATIC,DEM
GE 2024,3RD APPELLATE - O'BRIEN VACANCY,1,LB,303,33611,Jason,Helland,,KANKAKEE,26598,REPUBLICAN,REP
GE 2024,3RD APPELLATE - O'BRIEN VACANCY,1,LB,303,33611,Jason,Helland,,BUREAU,9124,REPUBLICAN,REP
GE 2024,3RD APPELLATE - O'BRIEN VACANCY,1,LB,303,33611,Jason,Helland,,WILL,149849,REPUBLICAN,REP
GE 2024,3RD APPELLATE - O'BRIEN VACANCY,1,LB,303,33611,Jason,Helland,,IROQUOIS,9910,REPUBLICAN,REP
GE 2024,3RD APPELLATE - O'BRIEN VACANCY,1,LB,303,33611,Jason,Helland,,LaSALLE,29636,REPUBLICAN,REP
GE 2024,3RD APPELLATE - O'BRIEN VACANCY,1,LB,303,33611,Jason,Helland,,GRUNDY,15733,REPUBLICAN,REP
GE 2024,3RD APPELLATE - O'BRIEN VACANCY,1,LB,303,33610,Linda,Davenport,,GRUNDY,9452,DEMOCRATIC,DEM
GE 2024,3RD APPELLATE - O'BRIEN VACANCY,1,LB,303,33610,Linda,Davenport,,DuPAGE,244416,DEMOCRATIC,DEM
GE 2024,3RD APPELLATE - O'BRIEN VACANCY,1,LB,303,33611,Jason,Helland,,DuPAGE,197104,REPUBLICAN,REP
GE 2024,3RD APPELLATE - O'BRIEN VACANCY,1,LB,303,33610,Linda,Davenport,,KANKAKEE,18539,DEMOCRATIC,DEM
GE 2024,3RD APPELLATE - O'BRIEN VACANCY,1,LB,303,33610,Linda,Davenport,,BUREAU,5792,DEMOCRATIC,DEM
GE 2024,3RD APPELLATE - O'BRIEN VACANCY,1,LB,303,33610,Linda,Davenport,,WILL,163869,DEMOCRATIC,DEM
GE 2024,3RD APPELLATE - O'BRIEN VACANCY,1,LB,303,33610,Linda,Davenport,,IROQUOIS,2711,DEMOCRATIC,DEM
GE 2024,3RD APPELLATE - O'BRIEN VACANCY,1,LB,303,33610,Linda,Davenport,,LaSALLE,20540,DEMOCRATIC,DEM
GE 2024,3RD APPELLATE - SCHMIDT VACANCY,1,LB,305,33613,John F.,"Costello, Jr.",,KANKAKEE,27225,REPUBLICAN,REP
GE 2024,3RD APPELLATE - SCHMIDT VACANCY,1,LB,305,33613,John F.,"Costello, Jr.",,BUREAU,9248,REPUBLICAN,REP
GE 2024,3RD APPELLATE - SCHMIDT VACANCY,1,LB,305,33613,John F.,"Costello, Jr.",,WILL,154772,REPUBLICAN,REP
GE 2024,3RD APPELLATE - SCHMIDT VACANCY,1,LB,305,33613,John F.,"Costello, Jr.",,IROQUOIS,10016,REPUBLICAN,REP
GE 2024,3RD APPELLATE - SCHMIDT VACANCY,1,LB,305,33613,John F.,"Costello, Jr.",,LaSALLE,29123,REPUBLICAN,REP
GE 2024,3RD APPELLATE - SCHMIDT VACANCY,1,LB,305,33613,John F.,"Costello, Jr.",,GRUNDY,13113,REPUBLICAN,REP
GE 2024,3RD APPELLATE - SCHMIDT VACANCY,1,LB,305,33612,Lance,Peterson,,GRUNDY,12230,DEMOCRATIC,DEM
GE 2024,3RD APPELLATE - SCHMIDT VACANCY,1,LB,305,33612,Lance,Peterson,,DuPAGE,232471,DEMOCRATIC,DEM
GE 2024,3RD APPELLATE - SCHMIDT VACANCY,1,LB,305,33613,John F.,"Costello, Jr.",,DuPAGE,206880,REPUBLICAN,REP
GE 2024,3RD APPELLATE - SCHMIDT VACANCY,1,LB,305,33612,Lance,Peterson,,KANKAKEE,17772,DEMOCRATIC,DEM
GE 2024,3RD APPELLATE - SCHMIDT VACANCY,1,LB,305,33612,Lance,Peterson,,BUREAU,5661,DEMOCRATIC,DEM
GE 2024,3RD APPELLATE - SCHMIDT VACANCY,1,LB,305,33612,Lance,Peterson,,WILL,158888,DEMOCRATIC,DEM
GE 2024,3RD APPELLATE - SCHMIDT VACANCY,1,LB,305,33612,Lance,Peterson,,IROQUOIS,2575,DEMOCRATIC,DEM
GE 2024,3RD APPELLATE - SCHMIDT VACANCY,1,LB,305,33612,Lance,Peterson,,LaSALLE,20992,DEMOCRATIC,DEM
GE 2024,3RD CONGRESS,1,F,3,33715,John,Booras,,DuPAGE,40933,REPUBLICAN,REP
GE 2024,3RD CONGRESS,1,F,3,33715,John,Booras,,COOK,44054,REPUBLICAN,REP
GE 2024,3RD CONGRESS,1,F,3,34340,Angel,Oakley,,DuPAGE,47,,
GE 2024,3RD CONGRESS,1,F,3,34340,Angel,Oakley,,COOK,49,,
GE 2024,3RD CONGRESS,1,F,3,33716,Delia,Ramirez,,DuPAGE,43687,DEMOCRATIC,DEM
GE 2024,3RD CONGRESS,1,F,3,33716,Delia,Ramirez,,COOK,131138,DEMOCRATIC,DEM
GE 2024,3RD REPRESENTATIVE,1,J,2003,33717,Eva-Dina,Delgado,,COOK,28774,DEMOCRATIC,DEM
GE 2024,40TH REPRESENTATIVE,1,J,2040,33718,Patrycja,Karlin,,COOK,6382,REPUBLICAN,REP
GE 2024,40TH REPRESENTATIVE,1,J,2040,33719,Jaime M.,"Andrade, Jr.",,COOK,32189,DEMOCRATIC,DEM
GE 2024,40TH SENATE,1,J,140,33720,Philip,Nagel,,KANKAKEE,15066,REPUBLICAN,REP
GE 2024,40TH SENATE,1,J,140,33720,Philip,Nagel,,WILL,21126,REPUBLICAN,REP
GE 2024,40TH SENATE,1,J,140,33720,Philip,Nagel,,GRUNDY,427,REPUBLICAN,REP
GE 2024,40TH SENATE,1,J,140,33720,Philip,Nagel,,COOK,3534,REPUBLICAN,REP
GE 2024,40TH SENATE,1,J,140,33721,Patrick,Joyce,,KANKAKEE,15396,DEMOCRATIC,DEM
GE 2024,40TH SENATE,1,J,140,33721,Patrick,Joyce,,WILL,19134,DEMOCRATIC,DEM
GE 2024,40TH SENATE,1,J,140,33721,Patrick,Joyce,,GRUNDY,546,DEMOCRATIC,DEM
GE 2024,40TH SENATE,1,J,140,33721,Patrick,Joyce,,COOK,16866,DEMOCRATIC,DEM
GE 2024,41ST REPRESENTATIVE,1,J,2041,33722,Janet,Yang Rohr,,WILL,13894,DEMOCRATIC,DEM
GE 2024,41ST REPRESENTATIVE,1,J,2041,33722,Janet,Yang Rohr,,DuPAGE,28108,DEMOCRATIC,DEM
GE 2024,42ND REPRESENTATIVE,1,J,2042,34341,Amar,Patel,,DuPAGE,198,,
GE 2024,42ND REPRESENTATIVE,1,J,2042,33723,Terra,Costa Howard,,DuPAGE,40916,DEMOCRATIC,DEM
GE 2024,43RD REPRESENTATIVE,1,J,2043,34231,Donald P.,Puckett,,KANE,5555,REPUBLICAN,REP
GE 2024,43RD REPRESENTATIVE,1,J,2043,34231,Donald P.,Puckett,,COOK,4777,REPUBLICAN,REP
GE 2024,43RD REPRESENTATIVE,1,J,2043,33724,Anna,Moeller,,KANE,11188,DEMOCRATIC,DEM
GE 2024,43RD REPRESENTATIVE,1,J,2043,33724,Anna,Moeller,,COOK,7126,DEMOCRATIC,DEM
GE 2024,43RD SENATE,1,J,143,33725,"Jennifer ""Jen""",Monson,,WILL,33409,REPUBLICAN,REP
GE 2024,43RD SENATE,1,J,143,33725,"Jennifer ""Jen""",Monson,,DuPAGE,1857,REPUBLICAN,REP
GE 2024,43RD SENATE,1,J,143,33726,Rachel,Ventura,,WILL,45717,DEMOCRATIC,DEM
GE 2024,43RD SENATE,1,J,143,33726,Rachel,Ventura,,DuPAGE,3340,DEMOCRATIC,DEM
GE 2024,44TH REPRESENTATIVE,1,J,2044,33727,Fred,Crespo,,COOK,25918,DEMOCRATIC,DEM
GE 2024,45TH REPRESENTATIVE,1,J,2045,33728,Dennis M.,Reboletti,,DuPAGE,25320,REPUBLICAN,REP
GE 2024,45TH REPRESENTATIVE,1,J,2045,33728,Dennis M.,Reboletti,,COOK,693,REPUBLICAN,REP
GE 2024,45TH REPRESENTATIVE,1,J,2045,33729,"Martha ""Marti""",Deuter,,DuPAGE,29405,DEMOCRATIC,DEM
GE 2024,45TH REPRESENTATIVE,1,J,2045,33729,"Martha ""Marti""",Deuter,,COOK,901,DEMOCRATIC,DEM
GE 2024,46TH REPRESENTATIVE,1,J,2046,33730,"Robert ""Rusty""",Stevens,,DuPAGE,18153,REPUBLICAN,REP
GE 2024,46TH REPRESENTATIVE,1,J,2046,33731,Diane,Blair-Sherlock,,DuPAGE,23488,DEMOCRATIC,DEM
GE 2024,46TH SENATE,1,J,146,33732,Sally,Owens,,TAZEWELL,5658,REPUBLICAN,REP
GE 2024,46TH SENATE,1,J,146,33732,Sally,Owens,,WOODFORD,2042,REPUBLICAN,REP
GE 2024,46TH SENATE,1,J,146,33732,Sally,Owens,,PEORIA,16621,REPUBLICAN,REP
GE 2024,46TH SENATE,1,J,146,33732,Sally,Owens,,McLEAN,14847,REPUBLICAN,REP
GE 2024,46TH SENATE,1,J,146,33733,Dave,Koehler,,TAZEWELL,3769,DEMOCRATIC,DEM
GE 2024,46TH SENATE,1,J,146,33733,Dave,Koehler,,WOODFORD,455,DEMOCRATIC,DEM
GE 2024,46TH SENATE,1,J,146,33733,Dave,Koehler,,PEORIA,26502,DEMOCRATIC,DEM
GE 2024,46TH SENATE,1,J,146,33733,Dave,Koehler,,McLEAN,22430,DEMOCRATIC,DEM
GE 2024,47TH REPRESENTATIVE,1,J,2047,33735,Jackie,Williamson,,DuPAGE,29577,DEMOCRATIC,DEM
GE 2024,47TH REPRESENTATIVE,1,J,2047,33734,Amy L.,Grant,,DuPAGE,29869,REPUBLICAN,REP
GE 2024,48TH REPRESENTATIVE,1,J,2048,33737,Maria C.,Vesey,,DuPAGE,15744,DEMOCRATIC,DEM
GE 2024,48TH REPRESENTATIVE,1,J,2048,33737,Maria C.,Vesey,,COOK,6187,DEMOCRATIC,DEM
GE 2024,48TH REPRESENTATIVE,1,J,2048,33736,Jennifer,Sanalitro,,DuPAGE,22803,REPUBLICAN,REP
GE 2024,48TH REPRESENTATIVE,1,J,2048,33736,Jennifer,Sanalitro,,COOK,7374,REPUBLICAN,REP
GE 2024,49TH REPRESENTATIVE,1,J,2049,33738,Hannah,Billingsley,,KANE,2139,REPUBLICAN,REP
GE 2024,49TH REPRESENTATIVE,1,J,2049,33738,Hannah,Billingsley,,DuPAGE,14209,REPUBLICAN,REP
GE 2024,49TH REPRESENTATIVE,1,J,2049,33738,Hannah,Billingsley,,COOK,4147,REPUBLICAN,REP
GE 2024,49TH REPRESENTATIVE,1,J,2049,33739,Maura,Hirschauer,,KANE,3361,DEMOCRATIC,DEM
GE 2024,49TH REPRESENTATIVE,1,J,2049,33739,Maura,Hirschauer,,DuPAGE,16204,DEMOCRATIC,DEM
GE 2024,49TH REPRESENTATIVE,1,J,2049,33739,Maura,Hirschauer,,COOK,4717,DEMOCRATIC,DEM
GE 2024,49TH SENATE,1,J,149,33740,Katie,Deane-Schlottman,,KENDALL,3200,REPUBLICAN,REP
GE 2024,49TH SENATE,1,J,149,33740,Katie,Deane-Schlottman,,WILL,40337,REPUBLICAN,REP
GE 2024,49TH SENATE,1,J,149,33741,Meg Loughran,Cappel,,KENDALL,3794,DEMOCRATIC,DEM
GE 2024,49TH SENATE,1,J,149,33741,Meg Loughran,Cappel,,WILL,51711,DEMOCRATIC,DEM
GE 2024,4TH APPELLATE - HOLDER WHITE VACANCY,1,LB,409,33899,Gene,Doherty,,STARK,2251,REPUBLICAN,REP
GE 2024,4TH APPELLATE - HOLDER WHITE VACANCY,1,LB,409,33899,Gene,Doherty,,TAZEWELL,53306,REPUBLICAN,REP
GE 2024,4TH APPELLATE - HOLDER WHITE VACANCY,1,LB,409,33899,Gene,Doherty,,JERSEY,8927,REPUBLICAN,REP
GE 2024,4TH APPELLATE - HOLDER WHITE VACANCY,1,LB,409,33899,Gene,Doherty,,STEPHENSON,16024,REPUBLICAN,REP
GE 2024,4TH APPELLATE - HOLDER WHITE VACANCY,1,LB,409,33899,Gene,Doherty,,LOGAN,10264,REPUBLICAN,REP
GE 2024,4TH APPELLATE - HOLDER WHITE VACANCY,1,LB,409,33899,Gene,Doherty,,LIVINGSTON,13833,REPUBLICAN,REP
GE 2024,4TH APPELLATE - HOLDER WHITE VACANCY,1,LB,409,33899,Gene,Doherty,,MARSHALL,4827,REPUBLICAN,REP
GE 2024,4TH APPELLATE - HOLDER WHITE VACANCY,1,LB,409,33899,Gene,Doherty,,HENDERSON,2626,REPUBLICAN,REP
GE 2024,4TH APPELLATE - HOLDER WHITE VACANCY,1,LB,409,33899,Gene,Doherty,,BROWN,2028,REPUBLICAN,REP
GE 2024,4TH APPELLATE - HOLDER WHITE VACANCY,1,LB,409,33899,Gene,Doherty,,WHITESIDE,20685,REPUBLICAN,REP
GE 2024,4TH APPELLATE - HOLDER WHITE VACANCY,1,LB,409,33899,Gene,Doherty,,CALHOUN,2006,REPUBLICAN,REP
GE 2024,4TH APPELLATE - HOLDER WHITE VACANCY,1,LB,409,33899,Gene,Doherty,,FORD,5526,REPUBLICAN,REP
GE 2024,4TH APPELLATE - HOLDER WHITE VACANCY,1,LB,409,33899,Gene,Doherty,,HANCOCK,7571,REPUBLICAN,REP
GE 2024,4TH APPELLATE - HOLDER WHITE VACANCY,1,LB,409,33899,Gene,Doherty,,MENARD,5011,REPUBLICAN,REP
GE 2024,4TH APPELLATE - HOLDER WHITE VACANCY,1,LB,409,33899,Gene,Doherty,,ADAMS,27396,REPUBLICAN,REP
GE 2024,4TH APPELLATE - HOLDER WHITE VACANCY,1,LB,409,33899,Gene,Doherty,,MERCER,6685,REPUBLICAN,REP
GE 2024,4TH APPELLATE - HOLDER WHITE VACANCY,1,LB,409,33899,Gene,Doherty,,CARROLL,6499,REPUBLICAN,REP
GE 2024,4TH APPELLATE - HOLDER WHITE VACANCY,1,LB,409,33899,Gene,Doherty,,HENRY,19962,REPUBLICAN,REP
GE 2024,4TH APPELLATE - HOLDER WHITE VACANCY,1,LB,409,33899,Gene,Doherty,,SANGAMON,76548,REPUBLICAN,REP
GE 2024,4TH APPELLATE - HOLDER WHITE VACANCY,1,LB,409,33899,Gene,Doherty,,ROCK ISLAND,45112,REPUBLICAN,REP
GE 2024,4TH APPELLATE - HOLDER WHITE VACANCY,1,LB,409,33899,Gene,Doherty,,OGLE,21177,REPUBLICAN,REP
GE 2024,4TH APPELLATE - HOLDER WHITE VACANCY,1,LB,409,33899,Gene,Doherty,,PUTNAM,2550,REPUBLICAN,REP
GE 2024,4TH APPELLATE - HOLDER WHITE VACANCY,1,LB,409,33899,Gene,Doherty,,WOODFORD,17479,REPUBLICAN,REP
GE 2024,4TH APPELLATE - HOLDER WHITE VACANCY,1,LB,409,33899,Gene,Doherty,,JoDAVIESS,9571,REPUBLICAN,REP
GE 2024,4TH APPELLATE - HOLDER WHITE VACANCY,1,LB,409,33899,Gene,Doherty,,MACOUPIN,18885,REPUBLICAN,REP
GE 2024,4TH APPELLATE - HOLDER WHITE VACANCY,1,LB,409,33899,Gene,Doherty,,PEORIA,53368,REPUBLICAN,REP
GE 2024,4TH APPELLATE - HOLDER WHITE VACANCY,1,LB,409,33899,Gene,Doherty,,MASON,5002,REPUBLICAN,REP
GE 2024,4TH APPELLATE - HOLDER WHITE VACANCY,1,LB,409,33899,Gene,Doherty,,McDONOUGH,8994,REPUBLICAN,REP
GE 2024,4TH APPELLATE - HOLDER WHITE VACANCY,1,LB,409,33899,Gene,Doherty,,BOONE,18427,REPUBLICAN,REP
GE 2024,4TH APPELLATE - HOLDER WHITE VACANCY,1,LB,409,33899,Gene,Doherty,,CASS,4124,REPUBLICAN,REP
GE 2024,4TH APPELLATE - HOLDER WHITE VACANCY,1,LB,409,33899,Gene,Doherty,,FULTON,12234,REPUBLICAN,REP
GE 2024,4TH APPELLATE - HOLDER WHITE VACANCY,1,LB,409,33899,Gene,Doherty,,MORGAN,11613,REPUBLICAN,REP
GE 2024,4TH APPELLATE - HOLDER WHITE VACANCY,1,LB,409,33899,Gene,Doherty,,SCHUYLER,2782,REPUBLICAN,REP
GE 2024,4TH APPELLATE - HOLDER WHITE VACANCY,1,LB,409,33899,Gene,Doherty,,SCOTT,2029,REPUBLICAN,REP
GE 2024,4TH APPELLATE - HOLDER WHITE VACANCY,1,LB,409,33899,Gene,Doherty,,LEE,12778,REPUBLICAN,REP
GE 2024,4TH APPELLATE - HOLDER WHITE VACANCY,1,LB,409,33899,Gene,Doherty,,PIKE,6177,REPUBLICAN,REP
GE 2024,4TH APPELLATE - HOLDER WHITE VACANCY,1,LB,409,33899,Gene,Doherty,,WINNEBAGO,88240,REPUBLICAN,REP
GE 2024,4TH APPELLATE - HOLDER WHITE VACANCY,1,LB,409,33899,Gene,Doherty,,KNOX,16735,REPUBLICAN,REP
GE 2024,4TH APPELLATE - HOLDER WHITE VACANCY,1,LB,409,33899,Gene,Doherty,,WARREN,5843,REPUBLICAN,REP
GE 2024,4TH APPELLATE - HOLDER WHITE VACANCY,1,LB,409,33899,Gene,Doherty,,McLEAN,63558,REPUBLICAN,REP
GE 2024,4TH APPELLATE - HOLDER WHITE VACANCY,1,LB,409,33899,Gene,Doherty,,GREENE,4738,REPUBLICAN,REP
GE 2024,4TH APPELLATE - TURNER VACANCY,1,LB,405,33621,Amy,Lannerd,,STARK,2256,REPUBLICAN,REP
GE 2024,4TH APPELLATE - TURNER VACANCY,1,LB,405,33621,Amy,Lannerd,,TAZEWELL,53531,REPUBLICAN,REP
GE 2024,4TH APPELLATE - TURNER VACANCY,1,LB,405,33621,Amy,Lannerd,,JERSEY,8989,REPUBLICAN,REP
GE 2024,4TH APPELLATE - TURNER VACANCY,1,LB,405,33621,Amy,Lannerd,,STEPHENSON,16063,REPUBLICAN,REP
GE 2024,4TH APPELLATE - TURNER VACANCY,1,LB,405,33621,Amy,Lannerd,,LOGAN,10337,REPUBLICAN,REP
GE 2024,4TH APPELLATE - TURNER VACANCY,1,LB,405,33621,Amy,Lannerd,,LIVINGSTON,13879,REPUBLICAN,REP
GE 2024,4TH APPELLATE - TURNER VACANCY,1,LB,405,33621,Amy,Lannerd,,MARSHALL,4854,REPUBLICAN,REP
GE 2024,4TH APPELLATE - TURNER VACANCY,1,LB,405,33621,Amy,Lannerd,,HENDERSON,2648,REPUBLICAN,REP
GE 2024,4TH APPELLATE - TURNER VACANCY,1,LB,405,33621,Amy,Lannerd,,BROWN,2042,REPUBLICAN,REP
GE 2024,4TH APPELLATE - TURNER VACANCY,1,LB,405,33621,Amy,Lannerd,,WHITESIDE,20743,REPUBLICAN,REP
GE 2024,4TH APPELLATE - TURNER VACANCY,1,LB,405,33621,Amy,Lannerd,,CALHOUN,2035,REPUBLICAN,REP
GE 2024,4TH APPELLATE - TURNER VACANCY,1,LB,405,33621,Amy,Lannerd,,FORD,5533,REPUBLICAN,REP
GE 2024,4TH APPELLATE - TURNER VACANCY,1,LB,405,33621,Amy,Lannerd,,HANCOCK,7611,REPUBLICAN,REP
GE 2024,4TH APPELLATE - TURNER VACANCY,1,LB,405,33621,Amy,Lannerd,,MENARD,5022,REPUBLICAN,REP
GE 2024,4TH APPELLATE - TURNER VACANCY,1,LB,405,33621,Amy,Lannerd,,ADAMS,27911,REPUBLICAN,REP
GE 2024,4TH APPELLATE - TURNER VACANCY,1,LB,405,33621,Amy,Lannerd,,MERCER,6700,REPUBLICAN,REP
GE 2024,4TH APPELLATE - TURNER VACANCY,1,LB,405,33621,Amy,Lannerd,,CARROLL,6510,REPUBLICAN,REP
GE 2024,4TH APPELLATE - TURNER VACANCY,1,LB,405,33621,Amy,Lannerd,,HENRY,20018,REPUBLICAN,REP
GE 2024,4TH APPELLATE - TURNER VACANCY,1,LB,405,33621,Amy,Lannerd,,SANGAMON,77151,REPUBLICAN,REP
GE 2024,4TH APPELLATE - TURNER VACANCY,1,LB,405,33621,Amy,Lannerd,,ROCK ISLAND,45197,REPUBLICAN,REP
GE 2024,4TH APPELLATE - TURNER VACANCY,1,LB,405,33621,Amy,Lannerd,,OGLE,21178,REPUBLICAN,REP
GE 2024,4TH APPELLATE - TURNER VACANCY,1,LB,405,33621,Amy,Lannerd,,PUTNAM,2546,REPUBLICAN,REP
GE 2024,4TH APPELLATE - TURNER VACANCY,1,LB,405,33621,Amy,Lannerd,,WOODFORD,17509,REPUBLICAN,REP
GE 2024,4TH APPELLATE - TURNER VACANCY,1,LB,405,33621,Amy,Lannerd,,JoDAVIESS,9597,REPUBLICAN,REP
GE 2024,4TH APPELLATE - TURNER VACANCY,1,LB,405,33621,Amy,Lannerd,,MACOUPIN,18962,REPUBLICAN,REP
GE 2024,4TH APPELLATE - TURNER VACANCY,1,LB,405,33621,Amy,Lannerd,,PEORIA,53726,REPUBLICAN,REP
GE 2024,4TH APPELLATE - TURNER VACANCY,1,LB,405,33621,Amy,Lannerd,,MASON,5048,REPUBLICAN,REP
GE 2024,4TH APPELLATE - TURNER VACANCY,1,LB,405,33621,Amy,Lannerd,,McDONOUGH,9060,REPUBLICAN,REP
GE 2024,4TH APPELLATE - TURNER VACANCY,1,LB,405,33621,Amy,Lannerd,,BOONE,18458,REPUBLICAN,REP
GE 2024,4TH APPELLATE - TURNER VACANCY,1,LB,405,33621,Amy,Lannerd,,CASS,4167,REPUBLICAN,REP
GE 2024,4TH APPELLATE - TURNER VACANCY,1,LB,405,33621,Amy,Lannerd,,FULTON,12331,REPUBLICAN,REP
GE 2024,4TH APPELLATE - TURNER VACANCY,1,LB,405,33621,Amy,Lannerd,,MORGAN,11671,REPUBLICAN,REP
GE 2024,4TH APPELLATE - TURNER VACANCY,1,LB,405,33621,Amy,Lannerd,,SCHUYLER,2820,REPUBLICAN,REP
GE 2024,4TH APPELLATE - TURNER VACANCY,1,LB,405,33621,Amy,Lannerd,,SCOTT,2043,REPUBLICAN,REP
GE 2024,4TH APPELLATE - TURNER VACANCY,1,LB,405,33621,Amy,Lannerd,,LEE,12799,REPUBLICAN,REP
GE 2024,4TH APPELLATE - TURNER VACANCY,1,LB,405,33621,Amy,Lannerd,,PIKE,6242,REPUBLICAN,REP
GE 2024,4TH APPELLATE - TURNER VACANCY,1,LB,405,33621,Amy,Lannerd,,WINNEBAGO,88407,REPUBLICAN,REP
GE 2024,4TH APPELLATE - TURNER VACANCY,1,LB,405,33621,Amy,Lannerd,,KNOX,16799,REPUBLICAN,REP
GE 2024,4TH APPELLATE - TURNER VACANCY,1,LB,405,33621,Amy,Lannerd,,WARREN,5866,REPUBLICAN,REP
GE 2024,4TH APPELLATE - TURNER VACANCY,1,LB,405,33621,Amy,Lannerd,,McLEAN,63897,REPUBLICAN,REP
GE 2024,4TH APPELLATE - TURNER VACANCY,1,LB,405,33621,Amy,Lannerd,,GREENE,4787,REPUBLICAN,REP
GE 2024,4TH CIRCUIT - McHANEY VACANCY,1,LD,403,33742,Dennis Roy,Atteberry,,SHELBY,9549,REPUBLICAN,REP
GE 2024,4TH CIRCUIT - McHANEY VACANCY,1,LD,403,33742,Dennis Roy,Atteberry,,MONTGOMERY,10665,REPUBLICAN,REP
GE 2024,4TH CIRCUIT - McHANEY VACANCY,1,LD,403,33742,Dennis Roy,Atteberry,,CHRISTIAN,12679,REPUBLICAN,REP
GE 2024,4TH CIRCUIT - McHANEY VACANCY,1,LD,403,33742,Dennis Roy,Atteberry,,CLINTON,16481,REPUBLICAN,REP
GE 2024,4TH CIRCUIT - McHANEY VACANCY,1,LD,403,33742,Dennis Roy,Atteberry,,CLAY,5787,REPUBLICAN,REP
GE 2024,4TH CIRCUIT - McHANEY VACANCY,1,LD,403,33742,Dennis Roy,Atteberry,,EFFINGHAM,16524,REPUBLICAN,REP
GE 2024,4TH CIRCUIT - McHANEY VACANCY,1,LD,403,33742,Dennis Roy,Atteberry,,JASPER,4333,REPUBLICAN,REP
GE 2024,4TH CIRCUIT - McHANEY VACANCY,1,LD,403,33742,Dennis Roy,Atteberry,,FAYETTE,8070,REPUBLICAN,REP
GE 2024,4TH CIRCUIT - McHANEY VACANCY,1,LD,403,33742,Dennis Roy,Atteberry,,MARION,14114,REPUBLICAN,REP
GE 2024,4TH CIRCUIT - ROBERTS VACANCY,1,LD,406,33648,"Bryant ""Butch""",Hitchings,,MONTGOMERY,4248,DEMOCRATIC,DEM
GE 2024,4TH CIRCUIT - ROBERTS VACANCY,1,LD,406,33649,Christopher B,Hantla,,MONTGOMERY,8521,REPUBLICAN,REP
GE 2024,4TH CONGRESS,1,F,4,34242,Ed,Hershey,,DuPAGE,687,WORKING CLASS PARTY,WCP
GE 2024,4TH CONGRESS,1,F,4,34242,Ed,Hershey,,COOK,10017,WORKING CLASS PARTY,WCP
GE 2024,4TH CONGRESS,1,F,4,34227,Lupe,Castillo,,DuPAGE,11016,REPUBLICAN,REP
GE 2024,4TH CONGRESS,1,F,4,34227,Lupe,Castillo,,COOK,45307,REPUBLICAN,REP
GE 2024,4TH CONGRESS,1,F,4,34342,Alicia,Martinez,,DuPAGE,9,,
GE 2024,4TH CONGRESS,1,F,4,34342,Alicia,Martinez,,COOK,17,,
GE 2024,4TH CONGRESS,1,F,4,33743,"Jesus ""Chuy""",Garcia,,DuPAGE,10386,DEMOCRATIC,DEM
GE 2024,4TH CONGRESS,1,F,4,33743,"Jesus ""Chuy""",Garcia,,COOK,128957,DEMOCRATIC,DEM
GE 2024,4TH REPRESENTATIVE,1,J,2004,33744,Lilian,Jimenez,,COOK,27277,DEMOCRATIC,DEM
GE 2024,4TH SENATE,1,J,104,33745,Robert,Sumrell Jr.,,DuPAGE,3113,REPUBLICAN,REP
GE 2024,4TH SENATE,1,J,104,33745,Robert,Sumrell Jr.,,COOK,17064,REPUBLICAN,REP
GE 2024,4TH SENATE,1,J,104,33746,Kimberly A.,Lightford,,DuPAGE,2724,DEMOCRATIC,DEM
GE 2024,4TH SENATE,1,J,104,33746,Kimberly A.,Lightford,,COOK,62588,DEMOCRATIC,DEM
GE 2024,4TH SUPREME - GARMAN VACANCY,1,LA,401,33673,Lisa,Holder White,,STARK,2282,REPUBLICAN,REP
GE 2024,4TH SUPREME - GARMAN VACANCY,1,LA,401,33673,Lisa,Holder White,,TAZEWELL,53855,REPUBLICAN,REP
GE 2024,4TH SUPREME - GARMAN VACANCY,1,LA,401,33673,Lisa,Holder White,,JERSEY,9069,REPUBLICAN,REP
GE 2024,4TH SUPREME - GARMAN VACANCY,1,LA,401,33673,Lisa,Holder White,,STEPHENSON,16267,REPUBLICAN,REP
GE 2024,4TH SUPREME - GARMAN VACANCY,1,LA,401,33673,Lisa,Holder White,,LOGAN,10360,REPUBLICAN,REP
GE 2024,4TH SUPREME - GARMAN VACANCY,1,LA,401,33673,Lisa,Holder White,,LIVINGSTON,13968,REPUBLICAN,REP
GE 2024,4TH SUPREME - GARMAN VACANCY,1,LA,401,33673,Lisa,Holder White,,MARSHALL,4873,REPUBLICAN,REP
GE 2024,4TH SUPREME - GARMAN VACANCY,1,LA,401,33673,Lisa,Holder White,,HENDERSON,2695,REPUBLICAN,REP
GE 2024,4TH SUPREME - GARMAN VACANCY,1,LA,401,33673,Lisa,Holder White,,BROWN,2055,REPUBLICAN,REP
GE 2024,4TH SUPREME - GARMAN VACANCY,1,LA,401,33673,Lisa,Holder White,,WHITESIDE,20872,REPUBLICAN,REP
GE 2024,4TH SUPREME - GARMAN VACANCY,1,LA,401,33673,Lisa,Holder White,,CALHOUN,2041,REPUBLICAN,REP
GE 2024,4TH SUPREME - GARMAN VACANCY,1,LA,401,33673,Lisa,Holder White,,FORD,5566,REPUBLICAN,REP
GE 2024,4TH SUPREME - GARMAN VACANCY,1,LA,401,33673,Lisa,Holder White,,HANCOCK,7634,REPUBLICAN,REP
GE 2024,4TH SUPREME - GARMAN VACANCY,1,LA,401,33673,Lisa,Holder White,,MENARD,5092,REPUBLICAN,REP
GE 2024,4TH SUPREME - GARMAN VACANCY,1,LA,401,33673,Lisa,Holder White,,ADAMS,27719,REPUBLICAN,REP
GE 2024,4TH SUPREME - GARMAN VACANCY,1,LA,401,33673,Lisa,Holder White,,MERCER,6731,REPUBLICAN,REP
GE 2024,4TH SUPREME - GARMAN VACANCY,1,LA,401,33673,Lisa,Holder White,,CARROLL,6544,REPUBLICAN,REP
GE 2024,4TH SUPREME - GARMAN VACANCY,1,LA,401,33673,Lisa,Holder White,,HENRY,20150,REPUBLICAN,REP
GE 2024,4TH SUPREME - GARMAN VACANCY,1,LA,401,33673,Lisa,Holder White,,SANGAMON,77874,REPUBLICAN,REP
GE 2024,4TH SUPREME - GARMAN VACANCY,1,LA,401,33673,Lisa,Holder White,,ROCK ISLAND,45489,REPUBLICAN,REP
GE 2024,4TH SUPREME - GARMAN VACANCY,1,LA,401,33673,Lisa,Holder White,,OGLE,21310,REPUBLICAN,REP
GE 2024,4TH SUPREME - GARMAN VACANCY,1,LA,401,33673,Lisa,Holder White,,PUTNAM,2572,REPUBLICAN,REP
GE 2024,4TH SUPREME - GARMAN VACANCY,1,LA,401,33673,Lisa,Holder White,,WOODFORD,17615,REPUBLICAN,REP
GE 2024,4TH SUPREME - GARMAN VACANCY,1,LA,401,33673,Lisa,Holder White,,JoDAVIESS,9653,REPUBLICAN,REP
GE 2024,4TH SUPREME - GARMAN VACANCY,1,LA,401,33673,Lisa,Holder White,,MACOUPIN,19186,REPUBLICAN,REP
GE 2024,4TH SUPREME - GARMAN VACANCY,1,LA,401,33673,Lisa,Holder White,,PEORIA,54677,REPUBLICAN,REP
GE 2024,4TH SUPREME - GARMAN VACANCY,1,LA,401,33673,Lisa,Holder White,,MASON,5090,REPUBLICAN,REP
GE 2024,4TH SUPREME - GARMAN VACANCY,1,LA,401,33673,Lisa,Holder White,,McDONOUGH,9130,REPUBLICAN,REP
GE 2024,4TH SUPREME - GARMAN VACANCY,1,LA,401,33673,Lisa,Holder White,,BOONE,18603,REPUBLICAN,REP
GE 2024,4TH SUPREME - GARMAN VACANCY,1,LA,401,33673,Lisa,Holder White,,CASS,4176,REPUBLICAN,REP
GE 2024,4TH SUPREME - GARMAN VACANCY,1,LA,401,33673,Lisa,Holder White,,FULTON,12446,REPUBLICAN,REP
GE 2024,4TH SUPREME - GARMAN VACANCY,1,LA,401,33673,Lisa,Holder White,,MORGAN,11766,REPUBLICAN,REP
GE 2024,4TH SUPREME - GARMAN VACANCY,1,LA,401,33673,Lisa,Holder White,,SCHUYLER,2835,REPUBLICAN,REP
GE 2024,4TH SUPREME - GARMAN VACANCY,1,LA,401,33673,Lisa,Holder White,,SCOTT,2059,REPUBLICAN,REP
GE 2024,4TH SUPREME - GARMAN VACANCY,1,LA,401,33673,Lisa,Holder White,,LEE,12889,REPUBLICAN,REP
GE 2024,4TH SUPREME - GARMAN VACANCY,1,LA,401,33673,Lisa,Holder White,,PIKE,6254,REPUBLICAN,REP
GE 2024,4TH SUPREME - GARMAN VACANCY,1,LA,401,33673,Lisa,Holder White,,WINNEBAGO,89201,REPUBLICAN,REP
GE 2024,4TH SUPREME - GARMAN VACANCY,1,LA,401,33673,Lisa,Holder White,,KNOX,16916,REPUBLICAN,REP
GE 2024,4TH SUPREME - GARMAN VACANCY,1,LA,401,33673,Lisa,Holder White,,WARREN,5923,REPUBLICAN,REP
GE 2024,4TH SUPREME - GARMAN VACANCY,1,LA,401,33673,Lisa,Holder White,,McLEAN,64400,REPUBLICAN,REP
GE 2024,4TH SUPREME - GARMAN VACANCY,1,LA,401,33673,Lisa,Holder White,,GREENE,4858,REPUBLICAN,REP
GE 2024,50TH REPRESENTATIVE,1,J,2050,34215,Teresa L.,Alexander,,KANE,10845,REPUBLICAN,REP
GE 2024,50TH REPRESENTATIVE,1,J,2050,34215,Teresa L.,Alexander,,DuPAGE,1238,REPUBLICAN,REP
GE 2024,50TH REPRESENTATIVE,1,J,2050,33749,Barbara,Hernandez,,KANE,19433,DEMOCRATIC,DEM
GE 2024,50TH REPRESENTATIVE,1,J,2050,33749,Barbara,Hernandez,,DuPAGE,1800,DEMOCRATIC,DEM
GE 2024,51ST REPRESENTATIVE,1,J,2051,33751,Tosi,Ufodike,,LAKE,12744,REPUBLICAN,REP
GE 2024,51ST REPRESENTATIVE,1,J,2051,33751,Tosi,Ufodike,,COOK,12459,REPUBLICAN,REP
GE 2024,51ST REPRESENTATIVE,1,J,2051,33752,Nabeela,Syed,,LAKE,13825,DEMOCRATIC,DEM
GE 2024,51ST REPRESENTATIVE,1,J,2051,33752,Nabeela,Syed,,COOK,18486,DEMOCRATIC,DEM
GE 2024,52ND REPRESENTATIVE,1,J,2052,33755,Maria,Peterson,,KANE,25,DEMOCRATIC,DEM
GE 2024,52ND REPRESENTATIVE,1,J,2052,33755,Maria,Peterson,,LAKE,19332,DEMOCRATIC,DEM
GE 2024,52ND REPRESENTATIVE,1,J,2052,33755,Maria,Peterson,,McHENRY,5701,DEMOCRATIC,DEM
GE 2024,52ND REPRESENTATIVE,1,J,2052,33755,Maria,Peterson,,COOK,4415,DEMOCRATIC,DEM
GE 2024,52ND REPRESENTATIVE,1,J,2052,33754,Martin,McLaughlin,,KANE,48,REPUBLICAN,REP
GE 2024,52ND REPRESENTATIVE,1,J,2052,33754,Martin,McLaughlin,,LAKE,18569,REPUBLICAN,REP
GE 2024,52ND REPRESENTATIVE,1,J,2052,33754,Martin,McLaughlin,,McHENRY,6216,REPUBLICAN,REP
GE 2024,52ND REPRESENTATIVE,1,J,2052,33754,Martin,McLaughlin,,COOK,4687,REPUBLICAN,REP
GE 2024,52ND SENATE,1,J,152,33756,Jeff,Brownfield,,CHAMPAIGN,19596,REPUBLICAN,REP
GE 2024,52ND SENATE,1,J,152,33756,Jeff,Brownfield,,VERMILION,11809,REPUBLICAN,REP
GE 2024,52ND SENATE,1,J,152,33757,Paul N.,Faraci,,CHAMPAIGN,46695,DEMOCRATIC,DEM
GE 2024,52ND SENATE,1,J,152,33757,Paul N.,Faraci,,VERMILION,7214,DEMOCRATIC,DEM
GE 2024,53RD REPRESENTATIVE,1,J,2053,34226,Ronald E.,Andermann,,COOK,19042,REPUBLICAN,REP
GE 2024,53RD REPRESENTATIVE,1,J,2053,34241,Nicolle,Grasse,,COOK,26324,DEMOCRATIC,DEM
GE 2024,53RD SENATE,1,J,153,33797,Chris,Balkema,,TAZEWELL,8709,REPUBLICAN,REP
GE 2024,53RD SENATE,1,J,153,33797,Chris,Balkema,,LIVINGSTON,14158,REPUBLICAN,REP
GE 2024,53RD SENATE,1,J,153,33797,Chris,Balkema,,MARSHALL,4675,REPUBLICAN,REP
GE 2024,53RD SENATE,1,J,153,33797,Chris,Balkema,,WOODFORD,10889,REPUBLICAN,REP
GE 2024,53RD SENATE,1,J,153,33797,Chris,Balkema,,FORD,5277,REPUBLICAN,REP
GE 2024,53RD SENATE,1,J,153,33797,Chris,Balkema,,BUREAU,335,REPUBLICAN,REP
GE 2024,53RD SENATE,1,J,153,33797,Chris,Balkema,,GRUNDY,11456,REPUBLICAN,REP
GE 2024,53RD SENATE,1,J,153,33797,Chris,Balkema,,McLEAN,11420,REPUBLICAN,REP
GE 2024,53RD SENATE,1,J,153,33797,Chris,Balkema,,PUTNAM,2596,REPUBLICAN,REP
GE 2024,53RD SENATE,1,J,153,33797,Chris,Balkema,,PEORIA,610,REPUBLICAN,REP
GE 2024,53RD SENATE,1,J,153,33797,Chris,Balkema,,WILL,386,REPUBLICAN,REP
GE 2024,53RD SENATE,1,J,153,33797,Chris,Balkema,,IROQUOIS,11683,REPUBLICAN,REP
GE 2024,53RD SENATE,1,J,153,33797,Chris,Balkema,,LaSALLE,8631,REPUBLICAN,REP
GE 2024,54TH REPRESENTATIVE,1,J,2054,33760,Michele,Hunter,,COOK,20030,REPUBLICAN,REP
GE 2024,54TH REPRESENTATIVE,1,J,2054,33761,Mary Beth,Canty,,COOK,28773,DEMOCRATIC,DEM
GE 2024,55TH REPRESENTATIVE,1,J,2055,33764,Martin J.,Moylan,,COOK,28768,DEMOCRATIC,DEM
GE 2024,55TH SENATE,1,J,155,33765,Jason,Plummer,,MONTGOMERY,440,REPUBLICAN,REP
GE 2024,55TH SENATE,1,J,155,33765,Jason,Plummer,,BOND,6745,REPUBLICAN,REP
GE 2024,55TH SENATE,1,J,155,33765,Jason,Plummer,,CLINTON,17053,REPUBLICAN,REP
GE 2024,55TH SENATE,1,J,155,33765,Jason,Plummer,,CLAY,5987,REPUBLICAN,REP
GE 2024,55TH SENATE,1,J,155,33765,Jason,Plummer,,MADISON,26525,REPUBLICAN,REP
GE 2024,55TH SENATE,1,J,155,33765,Jason,Plummer,,EFFINGHAM,1619,REPUBLICAN,REP
GE 2024,55TH SENATE,1,J,155,33765,Jason,Plummer,,WASHINGTON,5120,REPUBLICAN,REP
GE 2024,55TH SENATE,1,J,155,33765,Jason,Plummer,,ST. CLAIR,3244,REPUBLICAN,REP
GE 2024,55TH SENATE,1,J,155,33765,Jason,Plummer,,RICHLAND,6382,REPUBLICAN,REP
GE 2024,55TH SENATE,1,J,155,33765,Jason,Plummer,,FAYETTE,8441,REPUBLICAN,REP
GE 2024,55TH SENATE,1,J,155,33765,Jason,Plummer,,MARION,14249,REPUBLICAN,REP
GE 2024,56TH REPRESENTATIVE,1,J,2056,33766,Michelle,Mussman,,DuPAGE,2741,DEMOCRATIC,DEM
GE 2024,56TH REPRESENTATIVE,1,J,2056,33766,Michelle,Mussman,,COOK,25874,DEMOCRATIC,DEM
GE 2024,57TH REPRESENTATIVE,1,J,2057,33570,Daniel,Behr,,LAKE,876,REPUBLICAN,REP
GE 2024,57TH REPRESENTATIVE,1,J,2057,33570,Daniel,Behr,,COOK,18710,REPUBLICAN,REP
GE 2024,57TH REPRESENTATIVE,1,J,2057,33768,Tracy,Katz Muhl,,LAKE,1339,DEMOCRATIC,DEM
GE 2024,57TH REPRESENTATIVE,1,J,2057,33768,Tracy,Katz Muhl,,COOK,27473,DEMOCRATIC,DEM
GE 2024,58TH REPRESENTATIVE,1,J,2058,33769,Carl,Lambrecht,,LAKE,16456,REPUBLICAN,REP
GE 2024,58TH REPRESENTATIVE,1,J,2058,33769,Carl,Lambrecht,,COOK,1083,REPUBLICAN,REP
GE 2024,58TH REPRESENTATIVE,1,J,2058,33770,Bob,Morgan,,LAKE,34404,DEMOCRATIC,DEM
GE 2024,58TH REPRESENTATIVE,1,J,2058,33770,Bob,Morgan,,COOK,2707,DEMOCRATIC,DEM
GE 2024,58TH SENATE,1,J,158,33771,Terri,Bryant,,WABASH,4766,REPUBLICAN,REP
GE 2024,58TH SENATE,1,J,158,33771,Terri,Bryant,,RANDOLPH,12636,REPUBLICAN,REP
GE 2024,58TH SENATE,1,J,158,33771,Terri,Bryant,,HAMILTON,2971,REPUBLICAN,REP
GE 2024,58TH SENATE,1,J,158,33771,Terri,Bryant,,EDWARDS,2976,REPUBLICAN,REP
GE 2024,58TH SENATE,1,J,158,33771,Terri,Bryant,,WASHINGTON,1381,REPUBLICAN,REP
GE 2024,58TH SENATE,1,J,158,33771,Terri,Bryant,,WHITE,4408,REPUBLICAN,REP
GE 2024,58TH SENATE,1,J,158,33771,Terri,Bryant,,WAYNE,7450,REPUBLICAN,REP
GE 2024,58TH SENATE,1,J,158,33771,Terri,Bryant,,JACKSON,6394,REPUBLICAN,REP
GE 2024,58TH SENATE,1,J,158,33771,Terri,Bryant,,JEFFERSON,14519,REPUBLICAN,REP
GE 2024,58TH SENATE,1,J,158,33771,Terri,Bryant,,MARION,119,REPUBLICAN,REP
GE 2024,58TH SENATE,1,J,158,33771,Terri,Bryant,,ST. CLAIR,1378,REPUBLICAN,REP
GE 2024,58TH SENATE,1,J,158,33771,Terri,Bryant,,MONROE,17667,REPUBLICAN,REP
GE 2024,58TH SENATE,1,J,158,33771,Terri,Bryant,,FRANKLIN,8415,REPUBLICAN,REP
GE 2024,58TH SENATE,1,J,158,33771,Terri,Bryant,,PERRY,8033,REPUBLICAN,REP
GE 2024,59TH REPRESENTATIVE,1,J,2059,33772,Chris,Henning,,LAKE,14426,REPUBLICAN,REP
GE 2024,59TH REPRESENTATIVE,1,J,2059,33772,Chris,Henning,,COOK,995,REPUBLICAN,REP
GE 2024,59TH REPRESENTATIVE,1,J,2059,33773,Daniel,Didech,,LAKE,25302,DEMOCRATIC,DEM
GE 2024,59TH REPRESENTATIVE,1,J,2059,33773,Daniel,Didech,,COOK,1625,DEMOCRATIC,DEM
GE 2024,5TH CIRCUIT - FAHEY VACANCY,1,LD,515,33774,Mark S,Goodwin,,VERMILION,25218,REPUBLICAN,REP
GE 2024,5TH CONGRESS,1,F,5,33775,Tommy,Hanson,,LAKE,11265,REPUBLICAN,REP
GE 2024,5TH CONGRESS,1,F,5,33775,Tommy,Hanson,,COOK,101666,REPUBLICAN,REP
GE 2024,5TH CONGRESS,1,F,5,34350,Frank,Rowder,,COOK,9,,
GE 2024,5TH CONGRESS,1,F,5,33776,Mike,Quigley,,LAKE,11539,DEMOCRATIC,DEM
GE 2024,5TH CONGRESS,1,F,5,33776,Mike,Quigley,,COOK,239486,DEMOCRATIC,DEM
GE 2024,5TH REPRESENTATIVE,1,J,2005,33777,Al,Rasho,,COOK,5133,REPUBLICAN,REP
GE 2024,5TH REPRESENTATIVE,1,J,2005,33778,Kimberly Neely,DuBuclet,,COOK,32549,DEMOCRATIC,DEM
GE 2024,5TH SENATE,1,J,105,33779,Lakesia,Collins,,COOK,63423,DEMOCRATIC,DEM
GE 2024,"""Should any candidate appearing on the Illinois ballot for federal, State, or local office be subject to civil penalties if the candidate interferes or attempts to interfere with an election worker's official duties?""",1,2A,1,34209,,NO,,MOULTRIE,917,,
GE 2024,"""Should any candidate appearing on the Illinois ballot for federal, State, or local office be subject to civil penalties if the candidate interferes or attempts to interfere with an election worker's official duties?""",1,2A,1,34209,,NO,,PULASKI,338,,
GE 2024,"""Should any candidate appearing on the Illinois ballot for federal, State, or local office be subject to civil penalties if the candidate interferes or attempts to interfere with an election worker's official duties?""",1,2A,1,34209,,NO,,SHELBY,1767,,
GE 2024,"""Should any candidate appearing on the Illinois ballot for federal, State, or local office be subject to civil penalties if the candidate interferes or attempts to interfere with an election worker's official duties?""",1,2A,1,34209,,NO,,STARK,436,,
GE 2024,"""Should any candidate appearing on the Illinois ballot for federal, State, or local office be subject to civil penalties if the candidate interferes or attempts to interfere with an election worker's official duties?""",1,2A,1,34208,,YES,,WILLIAMSON,26684,,
GE 2024,"""Should any candidate appearing on the Illinois ballot for federal, State, or local office be subject to civil penalties if the candidate interferes or attempts to interfere with an election worker's official duties?""",1,2A,1,34208,,YES,,DeWITT,6421,,
GE 2024,"""Should any candidate appearing on the Illinois ballot for federal, State, or local office be subject to civil penalties if the candidate interferes or attempts to interfere with an election worker's official duties?""",1,2A,1,34208,,YES,,RANDOLPH,10895,,
GE 2024,"""Should any candidate appearing on the Illinois ballot for federal, State, or local office be subject to civil penalties if the candidate interferes or attempts to interfere with an election worker's official duties?""",1,2A,1,34208,,YES,,LIVINGSTON,13960,,
GE 2024,"""Should any candidate appearing on the Illinois ballot for federal, State, or local office be subject to civil penalties if the candidate interferes or attempts to interfere with an election worker's official duties?""",1,2A,1,34208,,YES,,WABASH,4212,,
GE 2024,"""Should any candidate appearing on the Illinois ballot for federal, State, or local office be subject to civil penalties if the candidate interferes or attempts to interfere with an election worker's official duties?""",1,2A,1,34208,,YES,,KANKAKEE,40900,,
GE 2024,"""Should any candidate appearing on the Illinois ballot for federal, State, or local office be subject to civil penalties if the candidate interferes or attempts to interfere with an election worker's official duties?""",1,2A,1,34208,,YES,,JERSEY,9595,,
GE 2024,"""Should any candidate appearing on the Illinois ballot for federal, State, or local office be subject to civil penalties if the candidate interferes or attempts to interfere with an election worker's official duties?""",1,2A,1,34208,,YES,,CHRISTIAN,12962,,
GE 2024,"""Should any candidate appearing on the Illinois ballot for federal, State, or local office be subject to civil penalties if the candidate interferes or attempts to interfere with an election worker's official duties?""",1,2A,1,34208,,YES,,PIATT,8244,,
GE 2024,"""Should any candidate appearing on the Illinois ballot for federal, State, or local office be subject to civil penalties if the candidate interferes or attempts to interfere with an election worker's official duties?""",1,2A,1,34208,,YES,,HAMILTON,2944,,
GE 2024,"""Should any candidate appearing on the Illinois ballot for federal, State, or local office be subject to civil penalties if the candidate interferes or attempts to interfere with an election worker's official duties?""",1,2A,1,34208,,YES,,DOUGLAS,7102,,
GE 2024,"""Should any candidate appearing on the Illinois ballot for federal, State, or local office be subject to civil penalties if the candidate interferes or attempts to interfere with an election worker's official duties?""",1,2A,1,34208,,YES,,BOND,6597,,
GE 2024,"""Should any candidate appearing on the Illinois ballot for federal, State, or local office be subject to civil penalties if the candidate interferes or attempts to interfere with an election worker's official duties?""",1,2A,1,34208,,YES,,STEPHENSON,18050,,
GE 2024,"""Should any candidate appearing on the Illinois ballot for federal, State, or local office be subject to civil penalties if the candidate interferes or attempts to interfere with an election worker's official duties?""",1,2A,1,34208,,YES,,LOGAN,10622,,
GE 2024,"""Should any candidate appearing on the Illinois ballot for federal, State, or local office be subject to civil penalties if the candidate interferes or attempts to interfere with an election worker's official duties?""",1,2A,1,34208,,YES,,WOODFORD,16720,,
GE 2024,"""Should any candidate appearing on the Illinois ballot for federal, State, or local office be subject to civil penalties if the candidate interferes or attempts to interfere with an election worker's official duties?""",1,2A,1,34208,,YES,,SALINE,8422,,
GE 2024,"""Should any candidate appearing on the Illinois ballot for federal, State, or local office be subject to civil penalties if the candidate interferes or attempts to interfere with an election worker's official duties?""",1,2A,1,34208,,YES,,CARROLL,6711,,
GE 2024,"""Should any candidate appearing on the Illinois ballot for federal, State, or local office be subject to civil penalties if the candidate interferes or attempts to interfere with an election worker's official duties?""",1,2A,1,34208,,YES,,MARSHALL,4961,,
GE 2024,"""Should any candidate appearing on the Illinois ballot for federal, State, or local office be subject to civil penalties if the candidate interferes or attempts to interfere with an election worker's official duties?""",1,2A,1,34208,,YES,,CLINTON,15603,,
GE 2024,"""Should any candidate appearing on the Illinois ballot for federal, State, or local office be subject to civil penalties if the candidate interferes or attempts to interfere with an election worker's official duties?""",1,2A,1,34208,,YES,,EDGAR,6608,,
GE 2024,"""Should any candidate appearing on the Illinois ballot for federal, State, or local office be subject to civil penalties if the candidate interferes or attempts to interfere with an election worker's official duties?""",1,2A,1,34208,,YES,,MENARD,5259,,
GE 2024,"""Should any candidate appearing on the Illinois ballot for federal, State, or local office be subject to civil penalties if the candidate interferes or attempts to interfere with an election worker's official duties?""",1,2A,1,34208,,YES,,ADAMS,25774,,
GE 2024,"""Should any candidate appearing on the Illinois ballot for federal, State, or local office be subject to civil penalties if the candidate interferes or attempts to interfere with an election worker's official duties?""",1,2A,1,34208,,YES,,HENDERSON,2774,,
GE 2024,"""Should any candidate appearing on the Illinois ballot for federal, State, or local office be subject to civil penalties if the candidate interferes or attempts to interfere with an election worker's official duties?""",1,2A,1,34208,,YES,,BROWN,2064,,
GE 2024,"""Should any candidate appearing on the Illinois ballot for federal, State, or local office be subject to civil penalties if the candidate interferes or attempts to interfere with an election worker's official duties?""",1,2A,1,34208,,YES,,WHITESIDE,23024,,
GE 2024,"""Should any candidate appearing on the Illinois ballot for federal, State, or local office be subject to civil penalties if the candidate interferes or attempts to interfere with an election worker's official duties?""",1,2A,1,34208,,YES,,CALHOUN,2131,,
GE 2024,"""Should any candidate appearing on the Illinois ballot for federal, State, or local office be subject to civil penalties if the candidate interferes or attempts to interfere with an election worker's official duties?""",1,2A,1,34208,,YES,,HENRY,21243,,
GE 2024,"""Should any candidate appearing on the Illinois ballot for federal, State, or local office be subject to civil penalties if the candidate interferes or attempts to interfere with an election worker's official duties?""",1,2A,1,34208,,YES,,SANGAMON,85651,,
GE 2024,"""Should any candidate appearing on the Illinois ballot for federal, State, or local office be subject to civil penalties if the candidate interferes or attempts to interfere with an election worker's official duties?""",1,2A,1,34208,,YES,,FORD,5530,,
GE 2024,"""Should any candidate appearing on the Illinois ballot for federal, State, or local office be subject to civil penalties if the candidate interferes or attempts to interfere with an election worker's official duties?""",1,2A,1,34208,,YES,,HANCOCK,7164,,
GE 2024,"""Should any candidate appearing on the Illinois ballot for federal, State, or local office be subject to civil penalties if the candidate interferes or attempts to interfere with an election worker's official duties?""",1,2A,1,34208,,YES,,MACON,38409,,
GE 2024,"""Should any candidate appearing on the Illinois ballot for federal, State, or local office be subject to civil penalties if the candidate interferes or attempts to interfere with an election worker's official duties?""",1,2A,1,34208,,YES,,COLES,18143,,
GE 2024,"""Should any candidate appearing on the Illinois ballot for federal, State, or local office be subject to civil penalties if the candidate interferes or attempts to interfere with an election worker's official duties?""",1,2A,1,34208,,YES,,BUREAU,13820,,
GE 2024,"""Should any candidate appearing on the Illinois ballot for federal, State, or local office be subject to civil penalties if the candidate interferes or attempts to interfere with an election worker's official duties?""",1,2A,1,34208,,YES,,OGLE,22083,,
GE 2024,"""Should any candidate appearing on the Illinois ballot for federal, State, or local office be subject to civil penalties if the candidate interferes or attempts to interfere with an election worker's official duties?""",1,2A,1,34208,,YES,,MERCER,7295,,
GE 2024,"""Should any candidate appearing on the Illinois ballot for federal, State, or local office be subject to civil penalties if the candidate interferes or attempts to interfere with an election worker's official duties?""",1,2A,1,34208,,YES,,ALEXANDER,1803,,
GE 2024,"""Should any candidate appearing on the Illinois ballot for federal, State, or local office be subject to civil penalties if the candidate interferes or attempts to interfere with an election worker's official duties?""",1,2A,1,34208,,YES,,CLAY,4730,,
GE 2024,"""Should any candidate appearing on the Illinois ballot for federal, State, or local office be subject to civil penalties if the candidate interferes or attempts to interfere with an election worker's official duties?""",1,2A,1,34208,,YES,,BOONE,20591,,
GE 2024,"""Should any candidate appearing on the Illinois ballot for federal, State, or local office be subject to civil penalties if the candidate interferes or attempts to interfere with an election worker's official duties?""",1,2A,1,34208,,YES,,JoDAVIESS,10606,,
GE 2024,"""Should any candidate appearing on the Illinois ballot for federal, State, or local office be subject to civil penalties if the candidate interferes or attempts to interfere with an election worker's official duties?""",1,2A,1,34208,,YES,,POPE,1640,,
GE 2024,"""Should any candidate appearing on the Illinois ballot for federal, State, or local office be subject to civil penalties if the candidate interferes or attempts to interfere with an election worker's official duties?""",1,2A,1,34208,,YES,,ROCK ISLAND,55338,,
GE 2024,"""Should any candidate appearing on the Illinois ballot for federal, State, or local office be subject to civil penalties if the candidate interferes or attempts to interfere with an election worker's official duties?""",1,2A,1,34208,,YES,,KANE,190830,,
GE 2024,"""Should any candidate appearing on the Illinois ballot for federal, State, or local office be subject to civil penalties if the candidate interferes or attempts to interfere with an election worker's official duties?""",1,2A,1,34208,,YES,,LAWRENCE,4881,,
GE 2024,"""Should any candidate appearing on the Illinois ballot for federal, State, or local office be subject to civil penalties if the candidate interferes or attempts to interfere with an election worker's official duties?""",1,2A,1,34208,,YES,,MADISON,115471,,
GE 2024,"""Should any candidate appearing on the Illinois ballot for federal, State, or local office be subject to civil penalties if the candidate interferes or attempts to interfere with an election worker's official duties?""",1,2A,1,34208,,YES,,MASON,5380,,
GE 2024,"""Should any candidate appearing on the Illinois ballot for federal, State, or local office be subject to civil penalties if the candidate interferes or attempts to interfere with an election worker's official duties?""",1,2A,1,34208,,YES,,McDONOUGH,9750,,
GE 2024,"""Should any candidate appearing on the Illinois ballot for federal, State, or local office be subject to civil penalties if the candidate interferes or attempts to interfere with an election worker's official duties?""",1,2A,1,34208,,YES,,CLARK,6752,,
GE 2024,"""Should any candidate appearing on the Illinois ballot for federal, State, or local office be subject to civil penalties if the candidate interferes or attempts to interfere with an election worker's official duties?""",1,2A,1,34208,,YES,,PUTNAM,2798,,
GE 2024,"""Should any candidate appearing on the Illinois ballot for federal, State, or local office be subject to civil penalties if the candidate interferes or attempts to interfere with an election worker's official duties?""",1,2A,1,34208,,YES,,KENDALL,56531,,
GE 2024,"""Should any candidate appearing on the Illinois ballot for federal, State, or local office be subject to civil penalties if the candidate interferes or attempts to interfere with an election worker's official duties?""",1,2A,1,34208,,YES,,LEE,13854,,
GE 2024,"""Should any candidate appearing on the Illinois ballot for federal, State, or local office be subject to civil penalties if the candidate interferes or attempts to interfere with an election worker's official duties?""",1,2A,1,34208,,YES,,HARDIN,1518,,
GE 2024,"""Should any candidate appearing on the Illinois ballot for federal, State, or local office be subject to civil penalties if the candidate interferes or attempts to interfere with an election worker's official duties?""",1,2A,1,34208,,YES,,UNION,6832,,
GE 2024,"""Should any candidate appearing on the Illinois ballot for federal, State, or local office be subject to civil penalties if the candidate interferes or attempts to interfere with an election worker's official duties?""",1,2A,1,34208,,YES,,EFFINGHAM,15311,,
GE 2024,"""Should any candidate appearing on the Illinois ballot for federal, State, or local office be subject to civil penalties if the candidate interferes or attempts to interfere with an election worker's official duties?""",1,2A,1,34208,,YES,,MACOUPIN,19813,,
GE 2024,"""Should any candidate appearing on the Illinois ballot for federal, State, or local office be subject to civil penalties if the candidate interferes or attempts to interfere with an election worker's official duties?""",1,2A,1,34208,,YES,,CRAWFORD,7424,,
GE 2024,"""Should any candidate appearing on the Illinois ballot for federal, State, or local office be subject to civil penalties if the candidate interferes or attempts to interfere with an election worker's official duties?""",1,2A,1,34208,,YES,,PEORIA,68365,,
GE 2024,"""Should any candidate appearing on the Illinois ballot for federal, State, or local office be subject to civil penalties if the candidate interferes or attempts to interfere with an election worker's official duties?""",1,2A,1,34208,,YES,,MORGAN,12005,,
GE 2024,"""Should any candidate appearing on the Illinois ballot for federal, State, or local office be subject to civil penalties if the candidate interferes or attempts to interfere with an election worker's official duties?""",1,2A,1,34208,,YES,,SCHUYLER,2757,,
GE 2024,"""Should any candidate appearing on the Illinois ballot for federal, State, or local office be subject to civil penalties if the candidate interferes or attempts to interfere with an election worker's official duties?""",1,2A,1,34208,,YES,,GREENE,4928,,
GE 2024,"""Should any candidate appearing on the Illinois ballot for federal, State, or local office be subject to civil penalties if the candidate interferes or attempts to interfere with an election worker's official duties?""",1,2A,1,34208,,YES,,WILL,270173,,
GE 2024,"""Should any candidate appearing on the Illinois ballot for federal, State, or local office be subject to civil penalties if the candidate interferes or attempts to interfere with an election worker's official duties?""",1,2A,1,34208,,YES,,EDWARDS,2331,,
GE 2024,"""Should any candidate appearing on the Illinois ballot for federal, State, or local office be subject to civil penalties if the candidate interferes or attempts to interfere with an election worker's official duties?""",1,2A,1,34208,,YES,,CASS,4313,,
GE 2024,"""Should any candidate appearing on the Illinois ballot for federal, State, or local office be subject to civil penalties if the candidate interferes or attempts to interfere with an election worker's official duties?""",1,2A,1,34208,,YES,,CUMBERLAND,4583,,
GE 2024,"""Should any candidate appearing on the Illinois ballot for federal, State, or local office be subject to civil penalties if the candidate interferes or attempts to interfere with an election worker's official duties?""",1,2A,1,34208,,YES,,MONROE,17671,,
GE 2024,"""Should any candidate appearing on the Illinois ballot for federal, State, or local office be subject to civil penalties if the candidate interferes or attempts to interfere with an election worker's official duties?""",1,2A,1,34208,,YES,,FULTON,13391,,
GE 2024,"""Should any candidate appearing on the Illinois ballot for federal, State, or local office be subject to civil penalties if the candidate interferes or attempts to interfere with an election worker's official duties?""",1,2A,1,34208,,YES,,LAKE,260165,,
GE 2024,"""Should any candidate appearing on the Illinois ballot for federal, State, or local office be subject to civil penalties if the candidate interferes or attempts to interfere with an election worker's official duties?""",1,2A,1,34208,,YES,,WASHINGTON,5837,,
GE 2024,"""Should any candidate appearing on the Illinois ballot for federal, State, or local office be subject to civil penalties if the candidate interferes or attempts to interfere with an election worker's official duties?""",1,2A,1,34208,,YES,,JOHNSON,4836,,
GE 2024,"""Should any candidate appearing on the Illinois ballot for federal, State, or local office be subject to civil penalties if the candidate interferes or attempts to interfere with an election worker's official duties?""",1,2A,1,34208,,YES,,McHENRY,141170,,
GE 2024,"""Should any candidate appearing on the Illinois ballot for federal, State, or local office be subject to civil penalties if the candidate interferes or attempts to interfere with an election worker's official duties?""",1,2A,1,34208,,YES,,LaSALLE,44523,,
GE 2024,"""Should any candidate appearing on the Illinois ballot for federal, State, or local office be subject to civil penalties if the candidate interferes or attempts to interfere with an election worker's official duties?""",1,2A,1,34208,,YES,,SCOTT,1970,,
GE 2024,"""Should any candidate appearing on the Illinois ballot for federal, State, or local office be subject to civil penalties if the candidate interferes or attempts to interfere with an election worker's official duties?""",1,2A,1,34208,,YES,,PIKE,5864,,
GE 2024,"""Should any candidate appearing on the Illinois ballot for federal, State, or local office be subject to civil penalties if the candidate interferes or attempts to interfere with an election worker's official duties?""",1,2A,1,34208,,YES,,WHITE,5167,,
GE 2024,"""Should any candidate appearing on the Illinois ballot for federal, State, or local office be subject to civil penalties if the candidate interferes or attempts to interfere with an election worker's official duties?""",1,2A,1,34208,,YES,,ST. CLAIR,105235,,
GE 2024,"""Should any candidate appearing on the Illinois ballot for federal, State, or local office be subject to civil penalties if the candidate interferes or attempts to interfere with an election worker's official duties?""",1,2A,1,34208,,YES,,CHAMPAIGN,79449,,
GE 2024,"""Should any candidate appearing on the Illinois ballot for federal, State, or local office be subject to civil penalties if the candidate interferes or attempts to interfere with an election worker's official duties?""",1,2A,1,34208,,YES,,VERMILION,25461,,
GE 2024,"""Should any candidate appearing on the Illinois ballot for federal, State, or local office be subject to civil penalties if the candidate interferes or attempts to interfere with an election worker's official duties?""",1,2A,1,34208,,YES,,MASSAC,5384,,
GE 2024,"""Should any candidate appearing on the Illinois ballot for federal, State, or local office be subject to civil penalties if the candidate interferes or attempts to interfere with an election worker's official duties?""",1,2A,1,34208,,YES,,IROQUOIS,10925,,
GE 2024,"""Should any candidate appearing on the Illinois ballot for federal, State, or local office be subject to civil penalties if the candidate interferes or attempts to interfere with an election worker's official duties?""",1,2A,1,34208,,YES,,JASPER,3830,,
GE 2024,"""Should any candidate appearing on the Illinois ballot for federal, State, or local office be subject to civil penalties if the candidate interferes or attempts to interfere with an election worker's official duties?""",1,2A,1,34208,,YES,,FRANKLIN,14639,,
GE 2024,"""Should any candidate appearing on the Illinois ballot for federal, State, or local office be subject to civil penalties if the candidate interferes or attempts to interfere with an election worker's official duties?""",1,2A,1,34208,,YES,,RICHLAND,5929,,
GE 2024,"""Should any candidate appearing on the Illinois ballot for federal, State, or local office be subject to civil penalties if the candidate interferes or attempts to interfere with an election worker's official duties?""",1,2A,1,34208,,YES,,GRUNDY,22246,,
GE 2024,"""Should any candidate appearing on the Illinois ballot for federal, State, or local office be subject to civil penalties if the candidate interferes or attempts to interfere with an election worker's official duties?""",1,2A,1,34208,,YES,,PERRY,7406,,
GE 2024,"""Should any candidate appearing on the Illinois ballot for federal, State, or local office be subject to civil penalties if the candidate interferes or attempts to interfere with an election worker's official duties?""",1,2A,1,34208,,YES,,GALLATIN,1982,,
GE 2024,"""Should any candidate appearing on the Illinois ballot for federal, State, or local office be subject to civil penalties if the candidate interferes or attempts to interfere with an election worker's official duties?""",1,2A,1,34208,,YES,,WAYNE,6079,,
GE 2024,"""Should any candidate appearing on the Illinois ballot for federal, State, or local office be subject to civil penalties if the candidate interferes or attempts to interfere with an election worker's official duties?""",1,2A,1,34208,,YES,,WINNEBAGO,104037,,
GE 2024,"""Should any candidate appearing on the Illinois ballot for federal, State, or local office be subject to civil penalties if the candidate interferes or attempts to interfere with an election worker's official duties?""",1,2A,1,34208,,YES,,FAYETTE,7712,,
GE 2024,"""Should any candidate appearing on the Illinois ballot for federal, State, or local office be subject to civil penalties if the candidate interferes or attempts to interfere with an election worker's official duties?""",1,2A,1,34208,,YES,,MARION,13494,,
GE 2024,"""Should any candidate appearing on the Illinois ballot for federal, State, or local office be subject to civil penalties if the candidate interferes or attempts to interfere with an election worker's official duties?""",1,2A,1,34208,,YES,,JACKSON,18877,,
GE 2024,"""Should any candidate appearing on the Illinois ballot for federal, State, or local office be subject to civil penalties if the candidate interferes or attempts to interfere with an election worker's official duties?""",1,2A,1,34208,,YES,,DeKALB,40881,,
GE 2024,"""Should any candidate appearing on the Illinois ballot for federal, State, or local office be subject to civil penalties if the candidate interferes or attempts to interfere with an election worker's official duties?""",1,2A,1,34208,,YES,,KNOX,18346,,
GE 2024,"""Should any candidate appearing on the Illinois ballot for federal, State, or local office be subject to civil penalties if the candidate interferes or attempts to interfere with an election worker's official duties?""",1,2A,1,34208,,YES,,JEFFERSON,12170,,
GE 2024,"""Should any candidate appearing on the Illinois ballot for federal, State, or local office be subject to civil penalties if the candidate interferes or attempts to interfere with an election worker's official duties?""",1,2A,1,34208,,YES,,TAZEWELL,56424,,
GE 2024,"""Should any candidate appearing on the Illinois ballot for federal, State, or local office be subject to civil penalties if the candidate interferes or attempts to interfere with an election worker's official duties?""",1,2A,1,34208,,YES,,MONTGOMERY,11169,,
GE 2024,"""Should any candidate appearing on the Illinois ballot for federal, State, or local office be subject to civil penalties if the candidate interferes or attempts to interfere with an election worker's official duties?""",1,2A,1,34208,,YES,,WARREN,6159,,
GE 2024,"""Should any candidate appearing on the Illinois ballot for federal, State, or local office be subject to civil penalties if the candidate interferes or attempts to interfere with an election worker's official duties?""",1,2A,1,34208,,YES,,DuPAGE,400514,,
GE 2024,"""Should any candidate appearing on the Illinois ballot for federal, State, or local office be subject to civil penalties if the candidate interferes or attempts to interfere with an election worker's official duties?""",1,2A,1,34208,,YES,,COOK,1800501,,
GE 2024,"""Should any candidate appearing on the Illinois ballot for federal, State, or local office be subject to civil penalties if the candidate interferes or attempts to interfere with an election worker's official duties?""",1,2A,1,34208,,YES,,McLEAN,75745,,
GE 2024,"""Should any candidate appearing on the Illinois ballot for federal, State, or local office be subject to civil penalties if the candidate interferes or attempts to interfere with an election worker's official duties?""",1,2A,1,34209,,NO,,WILLIAMSON,4759,,
GE 2024,"""Should any candidate appearing on the Illinois ballot for federal, State, or local office be subject to civil penalties if the candidate interferes or attempts to interfere with an election worker's official duties?""",1,2A,1,34209,,NO,,DeWITT,1006,,
GE 2024,"""Should any candidate appearing on the Illinois ballot for federal, State, or local office be subject to civil penalties if the candidate interferes or attempts to interfere with an election worker's official duties?""",1,2A,1,34208,,YES,,MOULTRIE,5438,,
GE 2024,"""Should any candidate appearing on the Illinois ballot for federal, State, or local office be subject to civil penalties if the candidate interferes or attempts to interfere with an election worker's official duties?""",1,2A,1,34208,,YES,,PULASKI,1853,,
GE 2024,"""Should any candidate appearing on the Illinois ballot for federal, State, or local office be subject to civil penalties if the candidate interferes or attempts to interfere with an election worker's official duties?""",1,2A,1,34208,,YES,,SHELBY,9384,,
GE 2024,"""Should any candidate appearing on the Illinois ballot for federal, State, or local office be subject to civil penalties if the candidate interferes or attempts to interfere with an election worker's official duties?""",1,2A,1,34208,,YES,,STARK,2223,,
GE 2024,"""Should any candidate appearing on the Illinois ballot for federal, State, or local office be subject to civil penalties if the candidate interferes or attempts to interfere with an election worker's official duties?""",1,2A,1,34209,,NO,,RANDOLPH,2998,,
GE 2024,"""Should any candidate appearing on the Illinois ballot for federal, State, or local office be subject to civil penalties if the candidate interferes or attempts to interfere with an election worker's official duties?""",1,2A,1,34209,,NO,,LIVINGSTON,2020,,
GE 2024,"""Should any candidate appearing on the Illinois ballot for federal, State, or local office be subject to civil penalties if the candidate interferes or attempts to interfere with an election worker's official duties?""",1,2A,1,34209,,NO,,WABASH,934,,
GE 2024,"""Should any candidate appearing on the Illinois ballot for federal, State, or local office be subject to civil penalties if the candidate interferes or attempts to interfere with an election worker's official duties?""",1,2A,1,34209,,NO,,KANKAKEE,5247,,
GE 2024,"""Should any candidate appearing on the Illinois ballot for federal, State, or local office be subject to civil penalties if the candidate interferes or attempts to interfere with an election worker's official duties?""",1,2A,1,34209,,NO,,JERSEY,1388,,
GE 2024,"""Should any candidate appearing on the Illinois ballot for federal, State, or local office be subject to civil penalties if the candidate interferes or attempts to interfere with an election worker's official duties?""",1,2A,1,34209,,NO,,CHRISTIAN,2040,,
GE 2024,"""Should any candidate appearing on the Illinois ballot for federal, State, or local office be subject to civil penalties if the candidate interferes or attempts to interfere with an election worker's official duties?""",1,2A,1,34209,,NO,,PIATT,1111,,
GE 2024,"""Should any candidate appearing on the Illinois ballot for federal, State, or local office be subject to civil penalties if the candidate interferes or attempts to interfere with an election worker's official duties?""",1,2A,1,34209,,NO,,HAMILTON,895,,
GE 2024,"""Should any candidate appearing on the Illinois ballot for federal, State, or local office be subject to civil penalties if the candidate interferes or attempts to interfere with an election worker's official duties?""",1,2A,1,34209,,NO,,DOUGLAS,1068,,
GE 2024,"""Should any candidate appearing on the Illinois ballot for federal, State, or local office be subject to civil penalties if the candidate interferes or attempts to interfere with an election worker's official duties?""",1,2A,1,34209,,NO,,BOND,1086,,
GE 2024,"""Should any candidate appearing on the Illinois ballot for federal, State, or local office be subject to civil penalties if the candidate interferes or attempts to interfere with an election worker's official duties?""",1,2A,1,34209,,NO,,STEPHENSON,2321,,
GE 2024,"""Should any candidate appearing on the Illinois ballot for federal, State, or local office be subject to civil penalties if the candidate interferes or attempts to interfere with an election worker's official duties?""",1,2A,1,34209,,NO,,LOGAN,1510,,
GE 2024,"""Should any candidate appearing on the Illinois ballot for federal, State, or local office be subject to civil penalties if the candidate interferes or attempts to interfere with an election worker's official duties?""",1,2A,1,34209,,NO,,WOODFORD,3587,,
GE 2024,"""Should any candidate appearing on the Illinois ballot for federal, State, or local office be subject to civil penalties if the candidate interferes or attempts to interfere with an election worker's official duties?""",1,2A,1,34209,,NO,,SALINE,1559,,
GE 2024,"""Should any candidate appearing on the Illinois ballot for federal, State, or local office be subject to civil penalties if the candidate interferes or attempts to interfere with an election worker's official duties?""",1,2A,1,34209,,NO,,CARROLL,923,,
GE 2024,"""Should any candidate appearing on the Illinois ballot for federal, State, or local office be subject to civil penalties if the candidate interferes or attempts to interfere with an election worker's official duties?""",1,2A,1,34209,,NO,,MARSHALL,804,,
GE 2024,"""Should any candidate appearing on the Illinois ballot for federal, State, or local office be subject to civil penalties if the candidate interferes or attempts to interfere with an election worker's official duties?""",1,2A,1,34209,,NO,,CLINTON,3154,,
GE 2024,"""Should any candidate appearing on the Illinois ballot for federal, State, or local office be subject to civil penalties if the candidate interferes or attempts to interfere with an election worker's official duties?""",1,2A,1,34209,,NO,,EDGAR,965,,
GE 2024,"""Should any candidate appearing on the Illinois ballot for federal, State, or local office be subject to civil penalties if the candidate interferes or attempts to interfere with an election worker's official duties?""",1,2A,1,34209,,NO,,MENARD,817,,
GE 2024,"""Should any candidate appearing on the Illinois ballot for federal, State, or local office be subject to civil penalties if the candidate interferes or attempts to interfere with an election worker's official duties?""",1,2A,1,34209,,NO,,ADAMS,4773,,
GE 2024,"""Should any candidate appearing on the Illinois ballot for federal, State, or local office be subject to civil penalties if the candidate interferes or attempts to interfere with an election worker's official duties?""",1,2A,1,34209,,NO,,HENDERSON,498,,
GE 2024,"""Should any candidate appearing on the Illinois ballot for federal, State, or local office be subject to civil penalties if the candidate interferes or attempts to interfere with an election worker's official duties?""",1,2A,1,34209,,NO,,BROWN,330,,
GE 2024,"""Should any candidate appearing on the Illinois ballot for federal, State, or local office be subject to civil penalties if the candidate interferes or attempts to interfere with an election worker's official duties?""",1,2A,1,34209,,NO,,WHITESIDE,2776,,
GE 2024,"""Should any candidate appearing on the Illinois ballot for federal, State, or local office be subject to civil penalties if the candidate interferes or attempts to interfere with an election worker's official duties?""",1,2A,1,34209,,NO,,CALHOUN,338,,
GE 2024,"""Should any candidate appearing on the Illinois ballot for federal, State, or local office be subject to civil penalties if the candidate interferes or attempts to interfere with an election worker's official duties?""",1,2A,1,34209,,NO,,HENRY,3099,,
GE 2024,"""Should any candidate appearing on the Illinois ballot for federal, State, or local office be subject to civil penalties if the candidate interferes or attempts to interfere with an election worker's official duties?""",1,2A,1,34209,,NO,,SANGAMON,11535,,
GE 2024,"""Should any candidate appearing on the Illinois ballot for federal, State, or local office be subject to civil penalties if the candidate interferes or attempts to interfere with an election worker's official duties?""",1,2A,1,34209,,NO,,FORD,799,,
GE 2024,"""Should any candidate appearing on the Illinois ballot for federal, State, or local office be subject to civil penalties if the candidate interferes or attempts to interfere with an election worker's official duties?""",1,2A,1,34209,,NO,,HANCOCK,1588,,
GE 2024,"""Should any candidate appearing on the Illinois ballot for federal, State, or local office be subject to civil penalties if the candidate interferes or attempts to interfere with an election worker's official duties?""",1,2A,1,34209,,NO,,MACON,5137,,
GE 2024,"""Should any candidate appearing on the Illinois ballot for federal, State, or local office be subject to civil penalties if the candidate interferes or attempts to interfere with an election worker's official duties?""",1,2A,1,34209,,NO,,COLES,2562,,
GE 2024,"""Should any candidate appearing on the Illinois ballot for federal, State, or local office be subject to civil penalties if the candidate interferes or attempts to interfere with an election worker's official duties?""",1,2A,1,34209,,NO,,BUREAU,1707,,
GE 2024,"""Should any candidate appearing on the Illinois ballot for federal, State, or local office be subject to civil penalties if the candidate interferes or attempts to interfere with an election worker's official duties?""",1,2A,1,34209,,NO,,OGLE,3169,,
GE 2024,"""Should any candidate appearing on the Illinois ballot for federal, State, or local office be subject to civil penalties if the candidate interferes or attempts to interfere with an election worker's official duties?""",1,2A,1,34209,,NO,,MERCER,802,,
GE 2024,"""Should any candidate appearing on the Illinois ballot for federal, State, or local office be subject to civil penalties if the candidate interferes or attempts to interfere with an election worker's official duties?""",1,2A,1,34209,,NO,,ALEXANDER,326,,
GE 2024,"""Should any candidate appearing on the Illinois ballot for federal, State, or local office be subject to civil penalties if the candidate interferes or attempts to interfere with an election worker's official duties?""",1,2A,1,34209,,NO,,CLAY,1740,,
GE 2024,"""Should any candidate appearing on the Illinois ballot for federal, State, or local office be subject to civil penalties if the candidate interferes or attempts to interfere with an election worker's official duties?""",1,2A,1,34209,,NO,,BOONE,2785,,
GE 2024,"""Should any candidate appearing on the Illinois ballot for federal, State, or local office be subject to civil penalties if the candidate interferes or attempts to interfere with an election worker's official duties?""",1,2A,1,34209,,NO,,JoDAVIESS,1409,,
GE 2024,"""Should any candidate appearing on the Illinois ballot for federal, State, or local office be subject to civil penalties if the candidate interferes or attempts to interfere with an election worker's official duties?""",1,2A,1,34209,,NO,,POPE,335,,
GE 2024,"""Should any candidate appearing on the Illinois ballot for federal, State, or local office be subject to civil penalties if the candidate interferes or attempts to interfere with an election worker's official duties?""",1,2A,1,34209,,NO,,ROCK ISLAND,6482,,
GE 2024,"""Should any candidate appearing on the Illinois ballot for federal, State, or local office be subject to civil penalties if the candidate interferes or attempts to interfere with an election worker's official duties?""",1,2A,1,34209,,NO,,KANE,24257,,
GE 2024,"""Should any candidate appearing on the Illinois ballot for federal, State, or local office be subject to civil penalties if the candidate interferes or attempts to interfere with an election worker's official duties?""",1,2A,1,34209,,NO,,LAWRENCE,847,,
GE 2024,"""Should any candidate appearing on the Illinois ballot for federal, State, or local office be subject to civil penalties if the candidate interferes or attempts to interfere with an election worker's official duties?""",1,2A,1,34209,,NO,,MADISON,14726,,
GE 2024,"""Should any candidate appearing on the Illinois ballot for federal, State, or local office be subject to civil penalties if the candidate interferes or attempts to interfere with an election worker's official duties?""",1,2A,1,34209,,NO,,MASON,672,,
GE 2024,"""Should any candidate appearing on the Illinois ballot for federal, State, or local office be subject to civil penalties if the candidate interferes or attempts to interfere with an election worker's official duties?""",1,2A,1,34209,,NO,,McDONOUGH,1759,,
GE 2024,"""Should any candidate appearing on the Illinois ballot for federal, State, or local office be subject to civil penalties if the candidate interferes or attempts to interfere with an election worker's official duties?""",1,2A,1,34209,,NO,,CLARK,1141,,
GE 2024,"""Should any candidate appearing on the Illinois ballot for federal, State, or local office be subject to civil penalties if the candidate interferes or attempts to interfere with an election worker's official duties?""",1,2A,1,34209,,NO,,PUTNAM,413,,
GE 2024,"""Should any candidate appearing on the Illinois ballot for federal, State, or local office be subject to civil penalties if the candidate interferes or attempts to interfere with an election worker's official duties?""",1,2A,1,34209,,NO,,KENDALL,7765,,
GE 2024,"""Should any candidate appearing on the Illinois ballot for federal, State, or local office be subject to civil penalties if the candidate interferes or attempts to interfere with an election worker's official duties?""",1,2A,1,34209,,NO,,LEE,1859,,
GE 2024,"""Should any candidate appearing on the Illinois ballot for federal, State, or local office be subject to civil penalties if the candidate interferes or attempts to interfere with an election worker's official duties?""",1,2A,1,34209,,NO,,HARDIN,277,,
GE 2024,"""Should any candidate appearing on the Illinois ballot for federal, State, or local office be subject to civil penalties if the candidate interferes or attempts to interfere with an election worker's official duties?""",1,2A,1,34209,,NO,,UNION,1130,,
GE 2024,"""Should any candidate appearing on the Illinois ballot for federal, State, or local office be subject to civil penalties if the candidate interferes or attempts to interfere with an election worker's official duties?""",1,2A,1,34209,,NO,,EFFINGHAM,3166,,
GE 2024,"""Should any candidate appearing on the Illinois ballot for federal, State, or local office be subject to civil penalties if the candidate interferes or attempts to interfere with an election worker's official duties?""",1,2A,1,34209,,NO,,MACOUPIN,2752,,
GE 2024,"""Should any candidate appearing on the Illinois ballot for federal, State, or local office be subject to civil penalties if the candidate interferes or attempts to interfere with an election worker's official duties?""",1,2A,1,34209,,NO,,CRAWFORD,1244,,
GE 2024,"""Should any candidate appearing on the Illinois ballot for federal, State, or local office be subject to civil penalties if the candidate interferes or attempts to interfere with an election worker's official duties?""",1,2A,1,34209,,NO,,PEORIA,8326,,
GE 2024,"""Should any candidate appearing on the Illinois ballot for federal, State, or local office be subject to civil penalties if the candidate interferes or attempts to interfere with an election worker's official duties?""",1,2A,1,34209,,NO,,MORGAN,2030,,
GE 2024,"""Should any candidate appearing on the Illinois ballot for federal, State, or local office be subject to civil penalties if the candidate interferes or attempts to interfere with an election worker's official duties?""",1,2A,1,34209,,NO,,SCHUYLER,630,,
GE 2024,"""Should any candidate appearing on the Illinois ballot for federal, State, or local office be subject to civil penalties if the candidate interferes or attempts to interfere with an election worker's official duties?""",1,2A,1,34209,,NO,,GREENE,761,,
GE 2024,"""Should any candidate appearing on the Illinois ballot for federal, State, or local office be subject to civil penalties if the candidate interferes or attempts to interfere with an election worker's official duties?""",1,2A,1,34209,,NO,,WILL,44954,,
GE 2024,"""Should any candidate appearing on the Illinois ballot for federal, State, or local office be subject to civil penalties if the candidate interferes or attempts to interfere with an election worker's official duties?""",1,2A,1,34209,,NO,,EDWARDS,803,,
GE 2024,"""Should any candidate appearing on the Illinois ballot for federal, State, or local office be subject to civil penalties if the candidate interferes or attempts to interfere with an election worker's official duties?""",1,2A,1,34209,,NO,,CASS,637,,
GE 2024,"""Should any candidate appearing on the Illinois ballot for federal, State, or local office be subject to civil penalties if the candidate interferes or attempts to interfere with an election worker's official duties?""",1,2A,1,34209,,NO,,CUMBERLAND,951,,
GE 2024,"""Should any candidate appearing on the Illinois ballot for federal, State, or local office be subject to civil penalties if the candidate interferes or attempts to interfere with an election worker's official duties?""",1,2A,1,34209,,NO,,MONROE,2940,,
GE 2024,"""Should any candidate appearing on the Illinois ballot for federal, State, or local office be subject to civil penalties if the candidate interferes or attempts to interfere with an election worker's official duties?""",1,2A,1,34209,,NO,,FULTON,2055,,
GE 2024,"""Should any candidate appearing on the Illinois ballot for federal, State, or local office be subject to civil penalties if the candidate interferes or attempts to interfere with an election worker's official duties?""",1,2A,1,34209,,NO,,LAKE,32847,,
GE 2024,"""Should any candidate appearing on the Illinois ballot for federal, State, or local office be subject to civil penalties if the candidate interferes or attempts to interfere with an election worker's official duties?""",1,2A,1,34209,,NO,,WASHINGTON,1363,,
GE 2024,"""Should any candidate appearing on the Illinois ballot for federal, State, or local office be subject to civil penalties if the candidate interferes or attempts to interfere with an election worker's official duties?""",1,2A,1,34209,,NO,,JOHNSON,953,,
GE 2024,"""Should any candidate appearing on the Illinois ballot for federal, State, or local office be subject to civil penalties if the candidate interferes or attempts to interfere with an election worker's official duties?""",1,2A,1,34209,,NO,,McHENRY,18626,,
GE 2024,"""Should any candidate appearing on the Illinois ballot for federal, State, or local office be subject to civil penalties if the candidate interferes or attempts to interfere with an election worker's official duties?""",1,2A,1,34209,,NO,,LaSALLE,6615,,
GE 2024,"""Should any candidate appearing on the Illinois ballot for federal, State, or local office be subject to civil penalties if the candidate interferes or attempts to interfere with an election worker's official duties?""",1,2A,1,34209,,NO,,SCOTT,414,,
GE 2024,"""Should any candidate appearing on the Illinois ballot for federal, State, or local office be subject to civil penalties if the candidate interferes or attempts to interfere with an election worker's official duties?""",1,2A,1,34209,,NO,,PIKE,1327,,
GE 2024,"""Should any candidate appearing on the Illinois ballot for federal, State, or local office be subject to civil penalties if the candidate interferes or attempts to interfere with an election worker's official duties?""",1,2A,1,34209,,NO,,WHITE,1514,,
GE 2024,"""Should any candidate appearing on the Illinois ballot for federal, State, or local office be subject to civil penalties if the candidate interferes or attempts to interfere with an election worker's official duties?""",1,2A,1,34209,,NO,,ST. CLAIR,12510,,
GE 2024,"""Should any candidate appearing on the Illinois ballot for federal, State, or local office be subject to civil penalties if the candidate interferes or attempts to interfere with an election worker's official duties?""",1,2A,1,34209,,NO,,CHAMPAIGN,8320,,
GE 2024,"""Should any candidate appearing on the Illinois ballot for federal, State, or local office be subject to civil penalties if the candidate interferes or attempts to interfere with an election worker's official duties?""",1,2A,1,34209,,NO,,VERMILION,3279,,
GE 2024,"""Should any candidate appearing on the Illinois ballot for federal, State, or local office be subject to civil penalties if the candidate interferes or attempts to interfere with an election worker's official duties?""",1,2A,1,34209,,NO,,MASSAC,780,,
GE 2024,"""Should any candidate appearing on the Illinois ballot for federal, State, or local office be subject to civil penalties if the candidate interferes or attempts to interfere with an election worker's official duties?""",1,2A,1,34209,,NO,,IROQUOIS,1714,,
GE 2024,"""Should any candidate appearing on the Illinois ballot for federal, State, or local office be subject to civil penalties if the candidate interferes or attempts to interfere with an election worker's official duties?""",1,2A,1,34209,,NO,,JASPER,1214,,
GE 2024,"""Should any candidate appearing on the Illinois ballot for federal, State, or local office be subject to civil penalties if the candidate interferes or attempts to interfere with an election worker's official duties?""",1,2A,1,34209,,NO,,FRANKLIN,2380,,
GE 2024,"""Should any candidate appearing on the Illinois ballot for federal, State, or local office be subject to civil penalties if the candidate interferes or attempts to interfere with an election worker's official duties?""",1,2A,1,34209,,NO,,RICHLAND,1306,,
GE 2024,"""Should any candidate appearing on the Illinois ballot for federal, State, or local office be subject to civil penalties if the candidate interferes or attempts to interfere with an election worker's official duties?""",1,2A,1,34209,,NO,,GRUNDY,3199,,
GE 2024,"""Should any candidate appearing on the Illinois ballot for federal, State, or local office be subject to civil penalties if the candidate interferes or attempts to interfere with an election worker's official duties?""",1,2A,1,34209,,NO,,PERRY,1432,,
GE 2024,"""Should any candidate appearing on the Illinois ballot for federal, State, or local office be subject to civil penalties if the candidate interferes or attempts to interfere with an election worker's official duties?""",1,2A,1,34209,,NO,,GALLATIN,350,,
GE 2024,"""Should any candidate appearing on the Illinois ballot for federal, State, or local office be subject to civil penalties if the candidate interferes or attempts to interfere with an election worker's official duties?""",1,2A,1,34209,,NO,,WAYNE,1866,,
GE 2024,"""Should any candidate appearing on the Illinois ballot for federal, State, or local office be subject to civil penalties if the candidate interferes or attempts to interfere with an election worker's official duties?""",1,2A,1,34209,,NO,,WINNEBAGO,13019,,
GE 2024,"""Should any candidate appearing on the Illinois ballot for federal, State, or local office be subject to civil penalties if the candidate interferes or attempts to interfere with an election worker's official duties?""",1,2A,1,34209,,NO,,FAYETTE,1640,,
GE 2024,"""Should any candidate appearing on the Illinois ballot for federal, State, or local office be subject to civil penalties if the candidate interferes or attempts to interfere with an election worker's official duties?""",1,2A,1,34209,,NO,,MARION,2875,,
GE 2024,"""Should any candidate appearing on the Illinois ballot for federal, State, or local office be subject to civil penalties if the candidate interferes or attempts to interfere with an election worker's official duties?""",1,2A,1,34209,,NO,,JACKSON,2569,,
GE 2024,"""Should any candidate appearing on the Illinois ballot for federal, State, or local office be subject to civil penalties if the candidate interferes or attempts to interfere with an election worker's official duties?""",1,2A,1,34209,,NO,,DeKALB,5293,,
GE 2024,"""Should any candidate appearing on the Illinois ballot for federal, State, or local office be subject to civil penalties if the candidate interferes or attempts to interfere with an election worker's official duties?""",1,2A,1,34209,,NO,,KNOX,2899,,
GE 2024,"""Should any candidate appearing on the Illinois ballot for federal, State, or local office be subject to civil penalties if the candidate interferes or attempts to interfere with an election worker's official duties?""",1,2A,1,34209,,NO,,JEFFERSON,3784,,
GE 2024,"""Should any candidate appearing on the Illinois ballot for federal, State, or local office be subject to civil penalties if the candidate interferes or attempts to interfere with an election worker's official duties?""",1,2A,1,34209,,NO,,TAZEWELL,9813,,
GE 2024,"""Should any candidate appearing on the Illinois ballot for federal, State, or local office be subject to civil penalties if the candidate interferes or attempts to interfere with an election worker's official duties?""",1,2A,1,34209,,NO,,MONTGOMERY,1535,,
GE 2024,"""Should any candidate appearing on the Illinois ballot for federal, State, or local office be subject to civil penalties if the candidate interferes or attempts to interfere with an election worker's official duties?""",1,2A,1,34209,,NO,,WARREN,990,,
GE 2024,"""Should any candidate appearing on the Illinois ballot for federal, State, or local office be subject to civil penalties if the candidate interferes or attempts to interfere with an election worker's official duties?""",1,2A,1,34209,,NO,,DuPAGE,47574,,
GE 2024,"""Should any candidate appearing on the Illinois ballot for federal, State, or local office be subject to civil penalties if the candidate interferes or attempts to interfere with an election worker's official duties?""",1,2A,1,34209,,NO,,COOK,170027,,
GE 2024,"""Should any candidate appearing on the Illinois ballot for federal, State, or local office be subject to civil penalties if the candidate interferes or attempts to interfere with an election worker's official duties?""",1,2A,1,34209,,NO,,McLEAN,9715,,
GE 2024,BUREAU/HENRY/STARK - SUPERINTENDENT OF SCHOOLS,1,K,105,34260,Kathy,Marshall,,STARK,39,INDEPENDENT,IND
GE 2024,BUREAU/HENRY/STARK - SUPERINTENDENT OF SCHOOLS,1,K,105,34260,Kathy,Marshall,,HENRY,169,INDEPENDENT,IND
GE 2024,BUREAU/HENRY/STARK - SUPERINTENDENT OF SCHOOLS,1,K,105,34260,Kathy,Marshall,,ROCK ISLAND,0,INDEPENDENT,IND
GE 2024,BUREAU/HENRY/STARK - SUPERINTENDENT OF SCHOOLS,1,K,105,34260,Kathy,Marshall,,BUREAU,23,INDEPENDENT,IND
GE 2024,BUREAU/HENRY/STARK - SUPERINTENDENT OF SCHOOLS,1,K,105,34260,Kathy,Marshall,,LEE,0,INDEPENDENT,IND
GE 2024,BUREAU/HENRY/STARK - SUPERINTENDENT OF SCHOOLS,1,K,105,34260,Kathy,Marshall,,MERCER,0,INDEPENDENT,IND
GE 2024,BUREAU/HENRY/STARK - SUPERINTENDENT OF SCHOOLS,1,K,105,34260,Kathy,Marshall,,PEORIA,0,INDEPENDENT,IND
GE 2024,BUREAU/HENRY/STARK - SUPERINTENDENT OF SCHOOLS,1,K,105,34260,Kathy,Marshall,,KNOX,0,INDEPENDENT,IND
GE 2024,"""Should all medically appropriate assisted reproductive treatments, including, but not limited to, in vitro fertilization, be covered by any health insurance plan in Illinois that provides coverage for pregnancy benefits, without limitation on the number of treatments?""",1,2A,3,34213,,NO,,MOULTRIE,2577,,
GE 2024,"""Should all medically appropriate assisted reproductive treatments, including, but not limited to, in vitro fertilization, be covered by any health insurance plan in Illinois that provides coverage for pregnancy benefits, without limitation on the number of treatments?""",1,2A,3,34213,,NO,,PULASKI,821,,
GE 2024,"""Should all medically appropriate assisted reproductive treatments, including, but not limited to, in vitro fertilization, be covered by any health insurance plan in Illinois that provides coverage for pregnancy benefits, without limitation on the number of treatments?""",1,2A,3,34213,,NO,,SHELBY,5036,,
GE 2024,"""Should all medically appropriate assisted reproductive treatments, including, but not limited to, in vitro fertilization, be covered by any health insurance plan in Illinois that provides coverage for pregnancy benefits, without limitation on the number of treatments?""",1,2A,3,34213,,NO,,STARK,1084,,
GE 2024,"""Should all medically appropriate assisted reproductive treatments, including, but not limited to, in vitro fertilization, be covered by any health insurance plan in Illinois that provides coverage for pregnancy benefits, without limitation on the number of treatments?""",1,2A,3,34213,,NO,,FAYETTE,4146,,
GE 2024,"""Should all medically appropriate assisted reproductive treatments, including, but not limited to, in vitro fertilization, be covered by any health insurance plan in Illinois that provides coverage for pregnancy benefits, without limitation on the number of treatments?""",1,2A,3,34213,,NO,,MARION,6896,,
GE 2024,"""Should all medically appropriate assisted reproductive treatments, including, but not limited to, in vitro fertilization, be covered by any health insurance plan in Illinois that provides coverage for pregnancy benefits, without limitation on the number of treatments?""",1,2A,3,34212,,YES,,WABASH,2827,,
GE 2024,"""Should all medically appropriate assisted reproductive treatments, including, but not limited to, in vitro fertilization, be covered by any health insurance plan in Illinois that provides coverage for pregnancy benefits, without limitation on the number of treatments?""",1,2A,3,34212,,YES,,KANKAKEE,31641,,
GE 2024,"""Should all medically appropriate assisted reproductive treatments, including, but not limited to, in vitro fertilization, be covered by any health insurance plan in Illinois that provides coverage for pregnancy benefits, without limitation on the number of treatments?""",1,2A,3,34212,,YES,,JERSEY,6568,,
GE 2024,"""Should all medically appropriate assisted reproductive treatments, including, but not limited to, in vitro fertilization, be covered by any health insurance plan in Illinois that provides coverage for pregnancy benefits, without limitation on the number of treatments?""",1,2A,3,34212,,YES,,CHRISTIAN,9273,,
GE 2024,"""Should all medically appropriate assisted reproductive treatments, including, but not limited to, in vitro fertilization, be covered by any health insurance plan in Illinois that provides coverage for pregnancy benefits, without limitation on the number of treatments?""",1,2A,3,34212,,YES,,WILLIAMSON,18368,,
GE 2024,"""Should all medically appropriate assisted reproductive treatments, including, but not limited to, in vitro fertilization, be covered by any health insurance plan in Illinois that provides coverage for pregnancy benefits, without limitation on the number of treatments?""",1,2A,3,34212,,YES,,DeWITT,4544,,
GE 2024,"""Should all medically appropriate assisted reproductive treatments, including, but not limited to, in vitro fertilization, be covered by any health insurance plan in Illinois that provides coverage for pregnancy benefits, without limitation on the number of treatments?""",1,2A,3,34212,,YES,,DOUGLAS,5042,,
GE 2024,"""Should all medically appropriate assisted reproductive treatments, including, but not limited to, in vitro fertilization, be covered by any health insurance plan in Illinois that provides coverage for pregnancy benefits, without limitation on the number of treatments?""",1,2A,3,34212,,YES,,BOND,4512,,
GE 2024,"""Should all medically appropriate assisted reproductive treatments, including, but not limited to, in vitro fertilization, be covered by any health insurance plan in Illinois that provides coverage for pregnancy benefits, without limitation on the number of treatments?""",1,2A,3,34212,,YES,,STEPHENSON,12717,,
GE 2024,"""Should all medically appropriate assisted reproductive treatments, including, but not limited to, in vitro fertilization, be covered by any health insurance plan in Illinois that provides coverage for pregnancy benefits, without limitation on the number of treatments?""",1,2A,3,34212,,YES,,LOGAN,7581,,
GE 2024,"""Should all medically appropriate assisted reproductive treatments, including, but not limited to, in vitro fertilization, be covered by any health insurance plan in Illinois that provides coverage for pregnancy benefits, without limitation on the number of treatments?""",1,2A,3,34212,,YES,,RANDOLPH,7577,,
GE 2024,"""Should all medically appropriate assisted reproductive treatments, including, but not limited to, in vitro fertilization, be covered by any health insurance plan in Illinois that provides coverage for pregnancy benefits, without limitation on the number of treatments?""",1,2A,3,34212,,YES,,LIVINGSTON,9793,,
GE 2024,"""Should all medically appropriate assisted reproductive treatments, including, but not limited to, in vitro fertilization, be covered by any health insurance plan in Illinois that provides coverage for pregnancy benefits, without limitation on the number of treatments?""",1,2A,3,34212,,YES,,CARROLL,4649,,
GE 2024,"""Should all medically appropriate assisted reproductive treatments, including, but not limited to, in vitro fertilization, be covered by any health insurance plan in Illinois that provides coverage for pregnancy benefits, without limitation on the number of treatments?""",1,2A,3,34212,,YES,,MARSHALL,3442,,
GE 2024,"""Should all medically appropriate assisted reproductive treatments, including, but not limited to, in vitro fertilization, be covered by any health insurance plan in Illinois that provides coverage for pregnancy benefits, without limitation on the number of treatments?""",1,2A,3,34212,,YES,,CLINTON,10816,,
GE 2024,"""Should all medically appropriate assisted reproductive treatments, including, but not limited to, in vitro fertilization, be covered by any health insurance plan in Illinois that provides coverage for pregnancy benefits, without limitation on the number of treatments?""",1,2A,3,34212,,YES,,EDGAR,4793,,
GE 2024,"""Should all medically appropriate assisted reproductive treatments, including, but not limited to, in vitro fertilization, be covered by any health insurance plan in Illinois that provides coverage for pregnancy benefits, without limitation on the number of treatments?""",1,2A,3,34212,,YES,,PIATT,5899,,
GE 2024,"""Should all medically appropriate assisted reproductive treatments, including, but not limited to, in vitro fertilization, be covered by any health insurance plan in Illinois that provides coverage for pregnancy benefits, without limitation on the number of treatments?""",1,2A,3,34212,,YES,,HAMILTON,1864,,
GE 2024,"""Should all medically appropriate assisted reproductive treatments, including, but not limited to, in vitro fertilization, be covered by any health insurance plan in Illinois that provides coverage for pregnancy benefits, without limitation on the number of treatments?""",1,2A,3,34212,,YES,,HENDERSON,1950,,
GE 2024,"""Should all medically appropriate assisted reproductive treatments, including, but not limited to, in vitro fertilization, be covered by any health insurance plan in Illinois that provides coverage for pregnancy benefits, without limitation on the number of treatments?""",1,2A,3,34212,,YES,,BROWN,1382,,
GE 2024,"""Should all medically appropriate assisted reproductive treatments, including, but not limited to, in vitro fertilization, be covered by any health insurance plan in Illinois that provides coverage for pregnancy benefits, without limitation on the number of treatments?""",1,2A,3,34212,,YES,,WHITESIDE,17104,,
GE 2024,"""Should all medically appropriate assisted reproductive treatments, including, but not limited to, in vitro fertilization, be covered by any health insurance plan in Illinois that provides coverage for pregnancy benefits, without limitation on the number of treatments?""",1,2A,3,34212,,YES,,CALHOUN,1429,,
GE 2024,"""Should all medically appropriate assisted reproductive treatments, including, but not limited to, in vitro fertilization, be covered by any health insurance plan in Illinois that provides coverage for pregnancy benefits, without limitation on the number of treatments?""",1,2A,3,34212,,YES,,WOODFORD,10682,,
GE 2024,"""Should all medically appropriate assisted reproductive treatments, including, but not limited to, in vitro fertilization, be covered by any health insurance plan in Illinois that provides coverage for pregnancy benefits, without limitation on the number of treatments?""",1,2A,3,34212,,YES,,SALINE,5946,,
GE 2024,"""Should all medically appropriate assisted reproductive treatments, including, but not limited to, in vitro fertilization, be covered by any health insurance plan in Illinois that provides coverage for pregnancy benefits, without limitation on the number of treatments?""",1,2A,3,34212,,YES,,FORD,3892,,
GE 2024,"""Should all medically appropriate assisted reproductive treatments, including, but not limited to, in vitro fertilization, be covered by any health insurance plan in Illinois that provides coverage for pregnancy benefits, without limitation on the number of treatments?""",1,2A,3,34212,,YES,,HANCOCK,4747,,
GE 2024,"""Should all medically appropriate assisted reproductive treatments, including, but not limited to, in vitro fertilization, be covered by any health insurance plan in Illinois that provides coverage for pregnancy benefits, without limitation on the number of treatments?""",1,2A,3,34212,,YES,,MACON,28716,,
GE 2024,"""Should all medically appropriate assisted reproductive treatments, including, but not limited to, in vitro fertilization, be covered by any health insurance plan in Illinois that provides coverage for pregnancy benefits, without limitation on the number of treatments?""",1,2A,3,34212,,YES,,COLES,13364,,
GE 2024,"""Should all medically appropriate assisted reproductive treatments, including, but not limited to, in vitro fertilization, be covered by any health insurance plan in Illinois that provides coverage for pregnancy benefits, without limitation on the number of treatments?""",1,2A,3,34212,,YES,,MENARD,3701,,
GE 2024,"""Should all medically appropriate assisted reproductive treatments, including, but not limited to, in vitro fertilization, be covered by any health insurance plan in Illinois that provides coverage for pregnancy benefits, without limitation on the number of treatments?""",1,2A,3,34212,,YES,,ADAMS,17445,,
GE 2024,"""Should all medically appropriate assisted reproductive treatments, including, but not limited to, in vitro fertilization, be covered by any health insurance plan in Illinois that provides coverage for pregnancy benefits, without limitation on the number of treatments?""",1,2A,3,34212,,YES,,MERCER,4984,,
GE 2024,"""Should all medically appropriate assisted reproductive treatments, including, but not limited to, in vitro fertilization, be covered by any health insurance plan in Illinois that provides coverage for pregnancy benefits, without limitation on the number of treatments?""",1,2A,3,34212,,YES,,ALEXANDER,1312,,
GE 2024,"""Should all medically appropriate assisted reproductive treatments, including, but not limited to, in vitro fertilization, be covered by any health insurance plan in Illinois that provides coverage for pregnancy benefits, without limitation on the number of treatments?""",1,2A,3,34212,,YES,,CLAY,3093,,
GE 2024,"""Should all medically appropriate assisted reproductive treatments, including, but not limited to, in vitro fertilization, be covered by any health insurance plan in Illinois that provides coverage for pregnancy benefits, without limitation on the number of treatments?""",1,2A,3,34212,,YES,,BOONE,15473,,
GE 2024,"""Should all medically appropriate assisted reproductive treatments, including, but not limited to, in vitro fertilization, be covered by any health insurance plan in Illinois that provides coverage for pregnancy benefits, without limitation on the number of treatments?""",1,2A,3,34212,,YES,,HENRY,14781,,
GE 2024,"""Should all medically appropriate assisted reproductive treatments, including, but not limited to, in vitro fertilization, be covered by any health insurance plan in Illinois that provides coverage for pregnancy benefits, without limitation on the number of treatments?""",1,2A,3,34212,,YES,,SANGAMON,65219,,
GE 2024,"""Should all medically appropriate assisted reproductive treatments, including, but not limited to, in vitro fertilization, be covered by any health insurance plan in Illinois that provides coverage for pregnancy benefits, without limitation on the number of treatments?""",1,2A,3,34212,,YES,,ROCK ISLAND,41730,,
GE 2024,"""Should all medically appropriate assisted reproductive treatments, including, but not limited to, in vitro fertilization, be covered by any health insurance plan in Illinois that provides coverage for pregnancy benefits, without limitation on the number of treatments?""",1,2A,3,34212,,YES,,KANE,153714,,
GE 2024,"""Should all medically appropriate assisted reproductive treatments, including, but not limited to, in vitro fertilization, be covered by any health insurance plan in Illinois that provides coverage for pregnancy benefits, without limitation on the number of treatments?""",1,2A,3,34212,,YES,,LAWRENCE,3446,,
GE 2024,"""Should all medically appropriate assisted reproductive treatments, including, but not limited to, in vitro fertilization, be covered by any health insurance plan in Illinois that provides coverage for pregnancy benefits, without limitation on the number of treatments?""",1,2A,3,34212,,YES,,MADISON,84306,,
GE 2024,"""Should all medically appropriate assisted reproductive treatments, including, but not limited to, in vitro fertilization, be covered by any health insurance plan in Illinois that provides coverage for pregnancy benefits, without limitation on the number of treatments?""",1,2A,3,34212,,YES,,BUREAU,9973,,
GE 2024,"""Should all medically appropriate assisted reproductive treatments, including, but not limited to, in vitro fertilization, be covered by any health insurance plan in Illinois that provides coverage for pregnancy benefits, without limitation on the number of treatments?""",1,2A,3,34212,,YES,,OGLE,15872,,
GE 2024,"""Should all medically appropriate assisted reproductive treatments, including, but not limited to, in vitro fertilization, be covered by any health insurance plan in Illinois that provides coverage for pregnancy benefits, without limitation on the number of treatments?""",1,2A,3,34212,,YES,,CLARK,4593,,
GE 2024,"""Should all medically appropriate assisted reproductive treatments, including, but not limited to, in vitro fertilization, be covered by any health insurance plan in Illinois that provides coverage for pregnancy benefits, without limitation on the number of treatments?""",1,2A,3,34212,,YES,,PUTNAM,2097,,
GE 2024,"""Should all medically appropriate assisted reproductive treatments, including, but not limited to, in vitro fertilization, be covered by any health insurance plan in Illinois that provides coverage for pregnancy benefits, without limitation on the number of treatments?""",1,2A,3,34212,,YES,,KENDALL,45779,,
GE 2024,"""Should all medically appropriate assisted reproductive treatments, including, but not limited to, in vitro fertilization, be covered by any health insurance plan in Illinois that provides coverage for pregnancy benefits, without limitation on the number of treatments?""",1,2A,3,34212,,YES,,LEE,10110,,
GE 2024,"""Should all medically appropriate assisted reproductive treatments, including, but not limited to, in vitro fertilization, be covered by any health insurance plan in Illinois that provides coverage for pregnancy benefits, without limitation on the number of treatments?""",1,2A,3,34212,,YES,,JoDAVIESS,7414,,
GE 2024,"""Should all medically appropriate assisted reproductive treatments, including, but not limited to, in vitro fertilization, be covered by any health insurance plan in Illinois that provides coverage for pregnancy benefits, without limitation on the number of treatments?""",1,2A,3,34212,,YES,,POPE,1089,,
GE 2024,"""Should all medically appropriate assisted reproductive treatments, including, but not limited to, in vitro fertilization, be covered by any health insurance plan in Illinois that provides coverage for pregnancy benefits, without limitation on the number of treatments?""",1,2A,3,34212,,YES,,EFFINGHAM,9594,,
GE 2024,"""Should all medically appropriate assisted reproductive treatments, including, but not limited to, in vitro fertilization, be covered by any health insurance plan in Illinois that provides coverage for pregnancy benefits, without limitation on the number of treatments?""",1,2A,3,34212,,YES,,MACOUPIN,14235,,
GE 2024,"""Should all medically appropriate assisted reproductive treatments, including, but not limited to, in vitro fertilization, be covered by any health insurance plan in Illinois that provides coverage for pregnancy benefits, without limitation on the number of treatments?""",1,2A,3,34212,,YES,,CRAWFORD,5240,,
GE 2024,"""Should all medically appropriate assisted reproductive treatments, including, but not limited to, in vitro fertilization, be covered by any health insurance plan in Illinois that provides coverage for pregnancy benefits, without limitation on the number of treatments?""",1,2A,3,34212,,YES,,PEORIA,51405,,
GE 2024,"""Should all medically appropriate assisted reproductive treatments, including, but not limited to, in vitro fertilization, be covered by any health insurance plan in Illinois that provides coverage for pregnancy benefits, without limitation on the number of treatments?""",1,2A,3,34212,,YES,,MASON,3819,,
GE 2024,"""Should all medically appropriate assisted reproductive treatments, including, but not limited to, in vitro fertilization, be covered by any health insurance plan in Illinois that provides coverage for pregnancy benefits, without limitation on the number of treatments?""",1,2A,3,34212,,YES,,McDONOUGH,7409,,
GE 2024,"""Should all medically appropriate assisted reproductive treatments, including, but not limited to, in vitro fertilization, be covered by any health insurance plan in Illinois that provides coverage for pregnancy benefits, without limitation on the number of treatments?""",1,2A,3,34212,,YES,,GREENE,3503,,
GE 2024,"""Should all medically appropriate assisted reproductive treatments, including, but not limited to, in vitro fertilization, be covered by any health insurance plan in Illinois that provides coverage for pregnancy benefits, without limitation on the number of treatments?""",1,2A,3,34212,,YES,,WILL,227108,,
GE 2024,"""Should all medically appropriate assisted reproductive treatments, including, but not limited to, in vitro fertilization, be covered by any health insurance plan in Illinois that provides coverage for pregnancy benefits, without limitation on the number of treatments?""",1,2A,3,34212,,YES,,EDWARDS,1479,,
GE 2024,"""Should all medically appropriate assisted reproductive treatments, including, but not limited to, in vitro fertilization, be covered by any health insurance plan in Illinois that provides coverage for pregnancy benefits, without limitation on the number of treatments?""",1,2A,3,34212,,YES,,CASS,3303,,
GE 2024,"""Should all medically appropriate assisted reproductive treatments, including, but not limited to, in vitro fertilization, be covered by any health insurance plan in Illinois that provides coverage for pregnancy benefits, without limitation on the number of treatments?""",1,2A,3,34212,,YES,,HARDIN,1042,,
GE 2024,"""Should all medically appropriate assisted reproductive treatments, including, but not limited to, in vitro fertilization, be covered by any health insurance plan in Illinois that provides coverage for pregnancy benefits, without limitation on the number of treatments?""",1,2A,3,34212,,YES,,UNION,4643,,
GE 2024,"""Should all medically appropriate assisted reproductive treatments, including, but not limited to, in vitro fertilization, be covered by any health insurance plan in Illinois that provides coverage for pregnancy benefits, without limitation on the number of treatments?""",1,2A,3,34212,,YES,,FULTON,10300,,
GE 2024,"""Should all medically appropriate assisted reproductive treatments, including, but not limited to, in vitro fertilization, be covered by any health insurance plan in Illinois that provides coverage for pregnancy benefits, without limitation on the number of treatments?""",1,2A,3,34212,,YES,,LAKE,214387,,
GE 2024,"""Should all medically appropriate assisted reproductive treatments, including, but not limited to, in vitro fertilization, be covered by any health insurance plan in Illinois that provides coverage for pregnancy benefits, without limitation on the number of treatments?""",1,2A,3,34212,,YES,,WASHINGTON,3976,,
GE 2024,"""Should all medically appropriate assisted reproductive treatments, including, but not limited to, in vitro fertilization, be covered by any health insurance plan in Illinois that provides coverage for pregnancy benefits, without limitation on the number of treatments?""",1,2A,3,34212,,YES,,JOHNSON,3247,,
GE 2024,"""Should all medically appropriate assisted reproductive treatments, including, but not limited to, in vitro fertilization, be covered by any health insurance plan in Illinois that provides coverage for pregnancy benefits, without limitation on the number of treatments?""",1,2A,3,34212,,YES,,MORGAN,9012,,
GE 2024,"""Should all medically appropriate assisted reproductive treatments, including, but not limited to, in vitro fertilization, be covered by any health insurance plan in Illinois that provides coverage for pregnancy benefits, without limitation on the number of treatments?""",1,2A,3,34212,,YES,,SCHUYLER,2037,,
GE 2024,"""Should all medically appropriate assisted reproductive treatments, including, but not limited to, in vitro fertilization, be covered by any health insurance plan in Illinois that provides coverage for pregnancy benefits, without limitation on the number of treatments?""",1,2A,3,34212,,YES,,SCOTT,1393,,
GE 2024,"""Should all medically appropriate assisted reproductive treatments, including, but not limited to, in vitro fertilization, be covered by any health insurance plan in Illinois that provides coverage for pregnancy benefits, without limitation on the number of treatments?""",1,2A,3,34212,,YES,,PIKE,3807,,
GE 2024,"""Should all medically appropriate assisted reproductive treatments, including, but not limited to, in vitro fertilization, be covered by any health insurance plan in Illinois that provides coverage for pregnancy benefits, without limitation on the number of treatments?""",1,2A,3,34212,,YES,,WHITE,3592,,
GE 2024,"""Should all medically appropriate assisted reproductive treatments, including, but not limited to, in vitro fertilization, be covered by any health insurance plan in Illinois that provides coverage for pregnancy benefits, without limitation on the number of treatments?""",1,2A,3,34212,,YES,,ST. CLAIR,82576,,
GE 2024,"""Should all medically appropriate assisted reproductive treatments, including, but not limited to, in vitro fertilization, be covered by any health insurance plan in Illinois that provides coverage for pregnancy benefits, without limitation on the number of treatments?""",1,2A,3,34212,,YES,,CUMBERLAND,3166,,
GE 2024,"""Should all medically appropriate assisted reproductive treatments, including, but not limited to, in vitro fertilization, be covered by any health insurance plan in Illinois that provides coverage for pregnancy benefits, without limitation on the number of treatments?""",1,2A,3,34212,,YES,,MONROE,12127,,
GE 2024,"""Should all medically appropriate assisted reproductive treatments, including, but not limited to, in vitro fertilization, be covered by any health insurance plan in Illinois that provides coverage for pregnancy benefits, without limitation on the number of treatments?""",1,2A,3,34212,,YES,,MASSAC,3823,,
GE 2024,"""Should all medically appropriate assisted reproductive treatments, including, but not limited to, in vitro fertilization, be covered by any health insurance plan in Illinois that provides coverage for pregnancy benefits, without limitation on the number of treatments?""",1,2A,3,34212,,YES,,IROQUOIS,7500,,
GE 2024,"""Should all medically appropriate assisted reproductive treatments, including, but not limited to, in vitro fertilization, be covered by any health insurance plan in Illinois that provides coverage for pregnancy benefits, without limitation on the number of treatments?""",1,2A,3,34212,,YES,,JASPER,2489,,
GE 2024,"""Should all medically appropriate assisted reproductive treatments, including, but not limited to, in vitro fertilization, be covered by any health insurance plan in Illinois that provides coverage for pregnancy benefits, without limitation on the number of treatments?""",1,2A,3,34212,,YES,,FRANKLIN,10257,,
GE 2024,"""Should all medically appropriate assisted reproductive treatments, including, but not limited to, in vitro fertilization, be covered by any health insurance plan in Illinois that provides coverage for pregnancy benefits, without limitation on the number of treatments?""",1,2A,3,34212,,YES,,McHENRY,108311,,
GE 2024,"""Should all medically appropriate assisted reproductive treatments, including, but not limited to, in vitro fertilization, be covered by any health insurance plan in Illinois that provides coverage for pregnancy benefits, without limitation on the number of treatments?""",1,2A,3,34212,,YES,,LaSALLE,34408,,
GE 2024,"""Should all medically appropriate assisted reproductive treatments, including, but not limited to, in vitro fertilization, be covered by any health insurance plan in Illinois that provides coverage for pregnancy benefits, without limitation on the number of treatments?""",1,2A,3,34212,,YES,,PERRY,5240,,
GE 2024,"""Should all medically appropriate assisted reproductive treatments, including, but not limited to, in vitro fertilization, be covered by any health insurance plan in Illinois that provides coverage for pregnancy benefits, without limitation on the number of treatments?""",1,2A,3,34212,,YES,,GALLATIN,1324,,
GE 2024,"""Should all medically appropriate assisted reproductive treatments, including, but not limited to, in vitro fertilization, be covered by any health insurance plan in Illinois that provides coverage for pregnancy benefits, without limitation on the number of treatments?""",1,2A,3,34212,,YES,,WAYNE,3847,,
GE 2024,"""Should all medically appropriate assisted reproductive treatments, including, but not limited to, in vitro fertilization, be covered by any health insurance plan in Illinois that provides coverage for pregnancy benefits, without limitation on the number of treatments?""",1,2A,3,34212,,YES,,WINNEBAGO,78914,,
GE 2024,"""Should all medically appropriate assisted reproductive treatments, including, but not limited to, in vitro fertilization, be covered by any health insurance plan in Illinois that provides coverage for pregnancy benefits, without limitation on the number of treatments?""",1,2A,3,34212,,YES,,CHAMPAIGN,62712,,
GE 2024,"""Should all medically appropriate assisted reproductive treatments, including, but not limited to, in vitro fertilization, be covered by any health insurance plan in Illinois that provides coverage for pregnancy benefits, without limitation on the number of treatments?""",1,2A,3,34212,,YES,,VERMILION,18575,,
GE 2024,"""Should all medically appropriate assisted reproductive treatments, including, but not limited to, in vitro fertilization, be covered by any health insurance plan in Illinois that provides coverage for pregnancy benefits, without limitation on the number of treatments?""",1,2A,3,34212,,YES,,JACKSON,14686,,
GE 2024,"""Should all medically appropriate assisted reproductive treatments, including, but not limited to, in vitro fertilization, be covered by any health insurance plan in Illinois that provides coverage for pregnancy benefits, without limitation on the number of treatments?""",1,2A,3,34212,,YES,,DeKALB,32154,,
GE 2024,"""Should all medically appropriate assisted reproductive treatments, including, but not limited to, in vitro fertilization, be covered by any health insurance plan in Illinois that provides coverage for pregnancy benefits, without limitation on the number of treatments?""",1,2A,3,34212,,YES,,KNOX,14009,,
GE 2024,"""Should all medically appropriate assisted reproductive treatments, including, but not limited to, in vitro fertilization, be covered by any health insurance plan in Illinois that provides coverage for pregnancy benefits, without limitation on the number of treatments?""",1,2A,3,34212,,YES,,JEFFERSON,8354,,
GE 2024,"""Should all medically appropriate assisted reproductive treatments, including, but not limited to, in vitro fertilization, be covered by any health insurance plan in Illinois that provides coverage for pregnancy benefits, without limitation on the number of treatments?""",1,2A,3,34212,,YES,,RICHLAND,4213,,
GE 2024,"""Should all medically appropriate assisted reproductive treatments, including, but not limited to, in vitro fertilization, be covered by any health insurance plan in Illinois that provides coverage for pregnancy benefits, without limitation on the number of treatments?""",1,2A,3,34212,,YES,,GRUNDY,17504,,
GE 2024,"""Should all medically appropriate assisted reproductive treatments, including, but not limited to, in vitro fertilization, be covered by any health insurance plan in Illinois that provides coverage for pregnancy benefits, without limitation on the number of treatments?""",1,2A,3,34212,,YES,,WARREN,4598,,
GE 2024,"""Should all medically appropriate assisted reproductive treatments, including, but not limited to, in vitro fertilization, be covered by any health insurance plan in Illinois that provides coverage for pregnancy benefits, without limitation on the number of treatments?""",1,2A,3,34212,,YES,,DuPAGE,319030,,
GE 2024,"""Should all medically appropriate assisted reproductive treatments, including, but not limited to, in vitro fertilization, be covered by any health insurance plan in Illinois that provides coverage for pregnancy benefits, without limitation on the number of treatments?""",1,2A,3,34212,,YES,,COOK,1599500,,
GE 2024,"""Should all medically appropriate assisted reproductive treatments, including, but not limited to, in vitro fertilization, be covered by any health insurance plan in Illinois that provides coverage for pregnancy benefits, without limitation on the number of treatments?""",1,2A,3,34212,,YES,,McLEAN,58240,,
GE 2024,"""Should all medically appropriate assisted reproductive treatments, including, but not limited to, in vitro fertilization, be covered by any health insurance plan in Illinois that provides coverage for pregnancy benefits, without limitation on the number of treatments?""",1,2A,3,34212,,YES,,FAYETTE,5127,,
GE 2024,"""Should all medically appropriate assisted reproductive treatments, including, but not limited to, in vitro fertilization, be covered by any health insurance plan in Illinois that provides coverage for pregnancy benefits, without limitation on the number of treatments?""",1,2A,3,34212,,YES,,MARION,9392,,
GE 2024,"""Should all medically appropriate assisted reproductive treatments, including, but not limited to, in vitro fertilization, be covered by any health insurance plan in Illinois that provides coverage for pregnancy benefits, without limitation on the number of treatments?""",1,2A,3,34212,,YES,,MOULTRIE,3744,,
GE 2024,"""Should all medically appropriate assisted reproductive treatments, including, but not limited to, in vitro fertilization, be covered by any health insurance plan in Illinois that provides coverage for pregnancy benefits, without limitation on the number of treatments?""",1,2A,3,34212,,YES,,PULASKI,1355,,
GE 2024,"""Should all medically appropriate assisted reproductive treatments, including, but not limited to, in vitro fertilization, be covered by any health insurance plan in Illinois that provides coverage for pregnancy benefits, without limitation on the number of treatments?""",1,2A,3,34212,,YES,,SHELBY,6058,,
GE 2024,"""Should all medically appropriate assisted reproductive treatments, including, but not limited to, in vitro fertilization, be covered by any health insurance plan in Illinois that provides coverage for pregnancy benefits, without limitation on the number of treatments?""",1,2A,3,34212,,YES,,STARK,1547,,
GE 2024,"""Should all medically appropriate assisted reproductive treatments, including, but not limited to, in vitro fertilization, be covered by any health insurance plan in Illinois that provides coverage for pregnancy benefits, without limitation on the number of treatments?""",1,2A,3,34212,,YES,,TAZEWELL,39590,,
GE 2024,"""Should all medically appropriate assisted reproductive treatments, including, but not limited to, in vitro fertilization, be covered by any health insurance plan in Illinois that provides coverage for pregnancy benefits, without limitation on the number of treatments?""",1,2A,3,34212,,YES,,MONTGOMERY,7976,,
GE 2024,"""Should all medically appropriate assisted reproductive treatments, including, but not limited to, in vitro fertilization, be covered by any health insurance plan in Illinois that provides coverage for pregnancy benefits, without limitation on the number of treatments?""",1,2A,3,34213,,NO,,TAZEWELL,26143,,
GE 2024,"""Should all medically appropriate assisted reproductive treatments, including, but not limited to, in vitro fertilization, be covered by any health insurance plan in Illinois that provides coverage for pregnancy benefits, without limitation on the number of treatments?""",1,2A,3,34213,,NO,,MONTGOMERY,4622,,
GE 2024,"""Should all medically appropriate assisted reproductive treatments, including, but not limited to, in vitro fertilization, be covered by any health insurance plan in Illinois that provides coverage for pregnancy benefits, without limitation on the number of treatments?""",1,2A,3,34213,,NO,,WABASH,2283,,
GE 2024,"""Should all medically appropriate assisted reproductive treatments, including, but not limited to, in vitro fertilization, be covered by any health insurance plan in Illinois that provides coverage for pregnancy benefits, without limitation on the number of treatments?""",1,2A,3,34213,,NO,,KANKAKEE,14371,,
GE 2024,"""Should all medically appropriate assisted reproductive treatments, including, but not limited to, in vitro fertilization, be covered by any health insurance plan in Illinois that provides coverage for pregnancy benefits, without limitation on the number of treatments?""",1,2A,3,34213,,NO,,JERSEY,4322,,
GE 2024,"""Should all medically appropriate assisted reproductive treatments, including, but not limited to, in vitro fertilization, be covered by any health insurance plan in Illinois that provides coverage for pregnancy benefits, without limitation on the number of treatments?""",1,2A,3,34213,,NO,,CHRISTIAN,5596,,
GE 2024,"""Should all medically appropriate assisted reproductive treatments, including, but not limited to, in vitro fertilization, be covered by any health insurance plan in Illinois that provides coverage for pregnancy benefits, without limitation on the number of treatments?""",1,2A,3,34213,,NO,,WILLIAMSON,12829,,
GE 2024,"""Should all medically appropriate assisted reproductive treatments, including, but not limited to, in vitro fertilization, be covered by any health insurance plan in Illinois that provides coverage for pregnancy benefits, without limitation on the number of treatments?""",1,2A,3,34213,,NO,,DeWITT,2816,,
GE 2024,"""Should all medically appropriate assisted reproductive treatments, including, but not limited to, in vitro fertilization, be covered by any health insurance plan in Illinois that provides coverage for pregnancy benefits, without limitation on the number of treatments?""",1,2A,3,34213,,NO,,DOUGLAS,3083,,
GE 2024,"""Should all medically appropriate assisted reproductive treatments, including, but not limited to, in vitro fertilization, be covered by any health insurance plan in Illinois that provides coverage for pregnancy benefits, without limitation on the number of treatments?""",1,2A,3,34213,,NO,,BOND,3115,,
GE 2024,"""Should all medically appropriate assisted reproductive treatments, including, but not limited to, in vitro fertilization, be covered by any health insurance plan in Illinois that provides coverage for pregnancy benefits, without limitation on the number of treatments?""",1,2A,3,34213,,NO,,STEPHENSON,7512,,
GE 2024,"""Should all medically appropriate assisted reproductive treatments, including, but not limited to, in vitro fertilization, be covered by any health insurance plan in Illinois that provides coverage for pregnancy benefits, without limitation on the number of treatments?""",1,2A,3,34213,,NO,,LOGAN,4446,,
GE 2024,"""Should all medically appropriate assisted reproductive treatments, including, but not limited to, in vitro fertilization, be covered by any health insurance plan in Illinois that provides coverage for pregnancy benefits, without limitation on the number of treatments?""",1,2A,3,34213,,NO,,RANDOLPH,6268,,
GE 2024,"""Should all medically appropriate assisted reproductive treatments, including, but not limited to, in vitro fertilization, be covered by any health insurance plan in Illinois that provides coverage for pregnancy benefits, without limitation on the number of treatments?""",1,2A,3,34213,,NO,,LIVINGSTON,6047,,
GE 2024,"""Should all medically appropriate assisted reproductive treatments, including, but not limited to, in vitro fertilization, be covered by any health insurance plan in Illinois that provides coverage for pregnancy benefits, without limitation on the number of treatments?""",1,2A,3,34213,,NO,,CARROLL,2943,,
GE 2024,"""Should all medically appropriate assisted reproductive treatments, including, but not limited to, in vitro fertilization, be covered by any health insurance plan in Illinois that provides coverage for pregnancy benefits, without limitation on the number of treatments?""",1,2A,3,34213,,NO,,MARSHALL,2218,,
GE 2024,"""Should all medically appropriate assisted reproductive treatments, including, but not limited to, in vitro fertilization, be covered by any health insurance plan in Illinois that provides coverage for pregnancy benefits, without limitation on the number of treatments?""",1,2A,3,34213,,NO,,CLINTON,7824,,
GE 2024,"""Should all medically appropriate assisted reproductive treatments, including, but not limited to, in vitro fertilization, be covered by any health insurance plan in Illinois that provides coverage for pregnancy benefits, without limitation on the number of treatments?""",1,2A,3,34213,,NO,,EDGAR,2744,,
GE 2024,"""Should all medically appropriate assisted reproductive treatments, including, but not limited to, in vitro fertilization, be covered by any health insurance plan in Illinois that provides coverage for pregnancy benefits, without limitation on the number of treatments?""",1,2A,3,34213,,NO,,PIATT,3423,,
GE 2024,"""Should all medically appropriate assisted reproductive treatments, including, but not limited to, in vitro fertilization, be covered by any health insurance plan in Illinois that provides coverage for pregnancy benefits, without limitation on the number of treatments?""",1,2A,3,34213,,NO,,HAMILTON,1922,,
GE 2024,"""Should all medically appropriate assisted reproductive treatments, including, but not limited to, in vitro fertilization, be covered by any health insurance plan in Illinois that provides coverage for pregnancy benefits, without limitation on the number of treatments?""",1,2A,3,34213,,NO,,HENDERSON,1258,,
GE 2024,"""Should all medically appropriate assisted reproductive treatments, including, but not limited to, in vitro fertilization, be covered by any health insurance plan in Illinois that provides coverage for pregnancy benefits, without limitation on the number of treatments?""",1,2A,3,34213,,NO,,BROWN,973,,
GE 2024,"""Should all medically appropriate assisted reproductive treatments, including, but not limited to, in vitro fertilization, be covered by any health insurance plan in Illinois that provides coverage for pregnancy benefits, without limitation on the number of treatments?""",1,2A,3,34213,,NO,,WHITESIDE,8456,,
GE 2024,"""Should all medically appropriate assisted reproductive treatments, including, but not limited to, in vitro fertilization, be covered by any health insurance plan in Illinois that provides coverage for pregnancy benefits, without limitation on the number of treatments?""",1,2A,3,34213,,NO,,CALHOUN,986,,
GE 2024,"""Should all medically appropriate assisted reproductive treatments, including, but not limited to, in vitro fertilization, be covered by any health insurance plan in Illinois that provides coverage for pregnancy benefits, without limitation on the number of treatments?""",1,2A,3,34213,,NO,,WOODFORD,9519,,
GE 2024,"""Should all medically appropriate assisted reproductive treatments, including, but not limited to, in vitro fertilization, be covered by any health insurance plan in Illinois that provides coverage for pregnancy benefits, without limitation on the number of treatments?""",1,2A,3,34213,,NO,,SALINE,3887,,
GE 2024,"""Should all medically appropriate assisted reproductive treatments, including, but not limited to, in vitro fertilization, be covered by any health insurance plan in Illinois that provides coverage for pregnancy benefits, without limitation on the number of treatments?""",1,2A,3,34213,,NO,,FORD,2397,,
GE 2024,"""Should all medically appropriate assisted reproductive treatments, including, but not limited to, in vitro fertilization, be covered by any health insurance plan in Illinois that provides coverage for pregnancy benefits, without limitation on the number of treatments?""",1,2A,3,34213,,NO,,HANCOCK,3860,,
GE 2024,"""Should all medically appropriate assisted reproductive treatments, including, but not limited to, in vitro fertilization, be covered by any health insurance plan in Illinois that provides coverage for pregnancy benefits, without limitation on the number of treatments?""",1,2A,3,34213,,NO,,MACON,14668,,
GE 2024,"""Should all medically appropriate assisted reproductive treatments, including, but not limited to, in vitro fertilization, be covered by any health insurance plan in Illinois that provides coverage for pregnancy benefits, without limitation on the number of treatments?""",1,2A,3,34213,,NO,,COLES,7223,,
GE 2024,"""Should all medically appropriate assisted reproductive treatments, including, but not limited to, in vitro fertilization, be covered by any health insurance plan in Illinois that provides coverage for pregnancy benefits, without limitation on the number of treatments?""",1,2A,3,34213,,NO,,MENARD,2312,,
GE 2024,"""Should all medically appropriate assisted reproductive treatments, including, but not limited to, in vitro fertilization, be covered by any health insurance plan in Illinois that provides coverage for pregnancy benefits, without limitation on the number of treatments?""",1,2A,3,34213,,NO,,ADAMS,12989,,
GE 2024,"""Should all medically appropriate assisted reproductive treatments, including, but not limited to, in vitro fertilization, be covered by any health insurance plan in Illinois that provides coverage for pregnancy benefits, without limitation on the number of treatments?""",1,2A,3,34213,,NO,,MERCER,3017,,
GE 2024,"""Should all medically appropriate assisted reproductive treatments, including, but not limited to, in vitro fertilization, be covered by any health insurance plan in Illinois that provides coverage for pregnancy benefits, without limitation on the number of treatments?""",1,2A,3,34213,,NO,,ALEXANDER,778,,
GE 2024,"""Should all medically appropriate assisted reproductive treatments, including, but not limited to, in vitro fertilization, be covered by any health insurance plan in Illinois that provides coverage for pregnancy benefits, without limitation on the number of treatments?""",1,2A,3,34213,,NO,,CLAY,3340,,
GE 2024,"""Should all medically appropriate assisted reproductive treatments, including, but not limited to, in vitro fertilization, be covered by any health insurance plan in Illinois that provides coverage for pregnancy benefits, without limitation on the number of treatments?""",1,2A,3,34213,,NO,,BOONE,7745,,
GE 2024,"""Should all medically appropriate assisted reproductive treatments, including, but not limited to, in vitro fertilization, be covered by any health insurance plan in Illinois that provides coverage for pregnancy benefits, without limitation on the number of treatments?""",1,2A,3,34213,,NO,,HENRY,9245,,
GE 2024,"""Should all medically appropriate assisted reproductive treatments, including, but not limited to, in vitro fertilization, be covered by any health insurance plan in Illinois that provides coverage for pregnancy benefits, without limitation on the number of treatments?""",1,2A,3,34213,,NO,,SANGAMON,31002,,
GE 2024,"""Should all medically appropriate assisted reproductive treatments, including, but not limited to, in vitro fertilization, be covered by any health insurance plan in Illinois that provides coverage for pregnancy benefits, without limitation on the number of treatments?""",1,2A,3,34213,,NO,,ROCK ISLAND,19830,,
GE 2024,"""Should all medically appropriate assisted reproductive treatments, including, but not limited to, in vitro fertilization, be covered by any health insurance plan in Illinois that provides coverage for pregnancy benefits, without limitation on the number of treatments?""",1,2A,3,34213,,NO,,KANE,61817,,
GE 2024,"""Should all medically appropriate assisted reproductive treatments, including, but not limited to, in vitro fertilization, be covered by any health insurance plan in Illinois that provides coverage for pregnancy benefits, without limitation on the number of treatments?""",1,2A,3,34213,,NO,,LAWRENCE,2209,,
GE 2024,"""Should all medically appropriate assisted reproductive treatments, including, but not limited to, in vitro fertilization, be covered by any health insurance plan in Illinois that provides coverage for pregnancy benefits, without limitation on the number of treatments?""",1,2A,3,34213,,NO,,MADISON,44931,,
GE 2024,"""Should all medically appropriate assisted reproductive treatments, including, but not limited to, in vitro fertilization, be covered by any health insurance plan in Illinois that provides coverage for pregnancy benefits, without limitation on the number of treatments?""",1,2A,3,34213,,NO,,BUREAU,5329,,
GE 2024,"""Should all medically appropriate assisted reproductive treatments, including, but not limited to, in vitro fertilization, be covered by any health insurance plan in Illinois that provides coverage for pregnancy benefits, without limitation on the number of treatments?""",1,2A,3,34213,,NO,,OGLE,9262,,
GE 2024,"""Should all medically appropriate assisted reproductive treatments, including, but not limited to, in vitro fertilization, be covered by any health insurance plan in Illinois that provides coverage for pregnancy benefits, without limitation on the number of treatments?""",1,2A,3,34213,,NO,,CLARK,3186,,
GE 2024,"""Should all medically appropriate assisted reproductive treatments, including, but not limited to, in vitro fertilization, be covered by any health insurance plan in Illinois that provides coverage for pregnancy benefits, without limitation on the number of treatments?""",1,2A,3,34213,,NO,,PUTNAM,1095,,
GE 2024,"""Should all medically appropriate assisted reproductive treatments, including, but not limited to, in vitro fertilization, be covered by any health insurance plan in Illinois that provides coverage for pregnancy benefits, without limitation on the number of treatments?""",1,2A,3,34213,,NO,,KENDALL,18270,,
GE 2024,"""Should all medically appropriate assisted reproductive treatments, including, but not limited to, in vitro fertilization, be covered by any health insurance plan in Illinois that provides coverage for pregnancy benefits, without limitation on the number of treatments?""",1,2A,3,34213,,NO,,LEE,5512,,
GE 2024,"""Should all medically appropriate assisted reproductive treatments, including, but not limited to, in vitro fertilization, be covered by any health insurance plan in Illinois that provides coverage for pregnancy benefits, without limitation on the number of treatments?""",1,2A,3,34213,,NO,,JoDAVIESS,4461,,
GE 2024,"""Should all medically appropriate assisted reproductive treatments, including, but not limited to, in vitro fertilization, be covered by any health insurance plan in Illinois that provides coverage for pregnancy benefits, without limitation on the number of treatments?""",1,2A,3,34213,,NO,,POPE,845,,
GE 2024,"""Should all medically appropriate assisted reproductive treatments, including, but not limited to, in vitro fertilization, be covered by any health insurance plan in Illinois that provides coverage for pregnancy benefits, without limitation on the number of treatments?""",1,2A,3,34213,,NO,,EFFINGHAM,8809,,
GE 2024,"""Should all medically appropriate assisted reproductive treatments, including, but not limited to, in vitro fertilization, be covered by any health insurance plan in Illinois that provides coverage for pregnancy benefits, without limitation on the number of treatments?""",1,2A,3,34213,,NO,,MACOUPIN,8099,,
GE 2024,"""Should all medically appropriate assisted reproductive treatments, including, but not limited to, in vitro fertilization, be covered by any health insurance plan in Illinois that provides coverage for pregnancy benefits, without limitation on the number of treatments?""",1,2A,3,34213,,NO,,CRAWFORD,3396,,
GE 2024,"""Should all medically appropriate assisted reproductive treatments, including, but not limited to, in vitro fertilization, be covered by any health insurance plan in Illinois that provides coverage for pregnancy benefits, without limitation on the number of treatments?""",1,2A,3,34213,,NO,,PEORIA,24941,,
GE 2024,"""Should all medically appropriate assisted reproductive treatments, including, but not limited to, in vitro fertilization, be covered by any health insurance plan in Illinois that provides coverage for pregnancy benefits, without limitation on the number of treatments?""",1,2A,3,34213,,NO,,MASON,2137,,
GE 2024,"""Should all medically appropriate assisted reproductive treatments, including, but not limited to, in vitro fertilization, be covered by any health insurance plan in Illinois that provides coverage for pregnancy benefits, without limitation on the number of treatments?""",1,2A,3,34213,,NO,,McDONOUGH,4029,,
GE 2024,"""Should all medically appropriate assisted reproductive treatments, including, but not limited to, in vitro fertilization, be covered by any health insurance plan in Illinois that provides coverage for pregnancy benefits, without limitation on the number of treatments?""",1,2A,3,34213,,NO,,GREENE,2116,,
GE 2024,"""Should all medically appropriate assisted reproductive treatments, including, but not limited to, in vitro fertilization, be covered by any health insurance plan in Illinois that provides coverage for pregnancy benefits, without limitation on the number of treatments?""",1,2A,3,34213,,NO,,WILL,88616,,
GE 2024,"""Should all medically appropriate assisted reproductive treatments, including, but not limited to, in vitro fertilization, be covered by any health insurance plan in Illinois that provides coverage for pregnancy benefits, without limitation on the number of treatments?""",1,2A,3,34213,,NO,,EDWARDS,1613,,
GE 2024,"""Should all medically appropriate assisted reproductive treatments, including, but not limited to, in vitro fertilization, be covered by any health insurance plan in Illinois that provides coverage for pregnancy benefits, without limitation on the number of treatments?""",1,2A,3,34213,,NO,,CASS,1618,,
GE 2024,"""Should all medically appropriate assisted reproductive treatments, including, but not limited to, in vitro fertilization, be covered by any health insurance plan in Illinois that provides coverage for pregnancy benefits, without limitation on the number of treatments?""",1,2A,3,34213,,NO,,HARDIN,719,,
GE 2024,"""Should all medically appropriate assisted reproductive treatments, including, but not limited to, in vitro fertilization, be covered by any health insurance plan in Illinois that provides coverage for pregnancy benefits, without limitation on the number of treatments?""",1,2A,3,34213,,NO,,UNION,3250,,
GE 2024,"""Should all medically appropriate assisted reproductive treatments, including, but not limited to, in vitro fertilization, be covered by any health insurance plan in Illinois that provides coverage for pregnancy benefits, without limitation on the number of treatments?""",1,2A,3,34213,,NO,,FULTON,5045,,
GE 2024,"""Should all medically appropriate assisted reproductive treatments, including, but not limited to, in vitro fertilization, be covered by any health insurance plan in Illinois that provides coverage for pregnancy benefits, without limitation on the number of treatments?""",1,2A,3,34213,,NO,,LAKE,79293,,
GE 2024,"""Should all medically appropriate assisted reproductive treatments, including, but not limited to, in vitro fertilization, be covered by any health insurance plan in Illinois that provides coverage for pregnancy benefits, without limitation on the number of treatments?""",1,2A,3,34213,,NO,,WASHINGTON,3203,,
GE 2024,"""Should all medically appropriate assisted reproductive treatments, including, but not limited to, in vitro fertilization, be covered by any health insurance plan in Illinois that provides coverage for pregnancy benefits, without limitation on the number of treatments?""",1,2A,3,34213,,NO,,JOHNSON,2489,,
GE 2024,"""Should all medically appropriate assisted reproductive treatments, including, but not limited to, in vitro fertilization, be covered by any health insurance plan in Illinois that provides coverage for pregnancy benefits, without limitation on the number of treatments?""",1,2A,3,34213,,NO,,MORGAN,4947,,
GE 2024,"""Should all medically appropriate assisted reproductive treatments, including, but not limited to, in vitro fertilization, be covered by any health insurance plan in Illinois that provides coverage for pregnancy benefits, without limitation on the number of treatments?""",1,2A,3,34213,,NO,,SCHUYLER,1315,,
GE 2024,"""Should all medically appropriate assisted reproductive treatments, including, but not limited to, in vitro fertilization, be covered by any health insurance plan in Illinois that provides coverage for pregnancy benefits, without limitation on the number of treatments?""",1,2A,3,34213,,NO,,SCOTT,981,,
GE 2024,"""Should all medically appropriate assisted reproductive treatments, including, but not limited to, in vitro fertilization, be covered by any health insurance plan in Illinois that provides coverage for pregnancy benefits, without limitation on the number of treatments?""",1,2A,3,34213,,NO,,PIKE,3331,,
GE 2024,"""Should all medically appropriate assisted reproductive treatments, including, but not limited to, in vitro fertilization, be covered by any health insurance plan in Illinois that provides coverage for pregnancy benefits, without limitation on the number of treatments?""",1,2A,3,34213,,NO,,WHITE,3029,,
GE 2024,"""Should all medically appropriate assisted reproductive treatments, including, but not limited to, in vitro fertilization, be covered by any health insurance plan in Illinois that provides coverage for pregnancy benefits, without limitation on the number of treatments?""",1,2A,3,34213,,NO,,ST. CLAIR,34412,,
GE 2024,"""Should all medically appropriate assisted reproductive treatments, including, but not limited to, in vitro fertilization, be covered by any health insurance plan in Illinois that provides coverage for pregnancy benefits, without limitation on the number of treatments?""",1,2A,3,34213,,NO,,CUMBERLAND,2339,,
GE 2024,"""Should all medically appropriate assisted reproductive treatments, including, but not limited to, in vitro fertilization, be covered by any health insurance plan in Illinois that provides coverage for pregnancy benefits, without limitation on the number of treatments?""",1,2A,3,34213,,NO,,MONROE,8366,,
GE 2024,"""Should all medically appropriate assisted reproductive treatments, including, but not limited to, in vitro fertilization, be covered by any health insurance plan in Illinois that provides coverage for pregnancy benefits, without limitation on the number of treatments?""",1,2A,3,34213,,NO,,MASSAC,2259,,
GE 2024,"""Should all medically appropriate assisted reproductive treatments, including, but not limited to, in vitro fertilization, be covered by any health insurance plan in Illinois that provides coverage for pregnancy benefits, without limitation on the number of treatments?""",1,2A,3,34213,,NO,,IROQUOIS,5099,,
GE 2024,"""Should all medically appropriate assisted reproductive treatments, including, but not limited to, in vitro fertilization, be covered by any health insurance plan in Illinois that provides coverage for pregnancy benefits, without limitation on the number of treatments?""",1,2A,3,34213,,NO,,JASPER,2486,,
GE 2024,"""Should all medically appropriate assisted reproductive treatments, including, but not limited to, in vitro fertilization, be covered by any health insurance plan in Illinois that provides coverage for pregnancy benefits, without limitation on the number of treatments?""",1,2A,3,34213,,NO,,FRANKLIN,6585,,
GE 2024,"""Should all medically appropriate assisted reproductive treatments, including, but not limited to, in vitro fertilization, be covered by any health insurance plan in Illinois that provides coverage for pregnancy benefits, without limitation on the number of treatments?""",1,2A,3,34213,,NO,,McHENRY,50694,,
GE 2024,"""Should all medically appropriate assisted reproductive treatments, including, but not limited to, in vitro fertilization, be covered by any health insurance plan in Illinois that provides coverage for pregnancy benefits, without limitation on the number of treatments?""",1,2A,3,34213,,NO,,LaSALLE,16416,,
GE 2024,"""Should all medically appropriate assisted reproductive treatments, including, but not limited to, in vitro fertilization, be covered by any health insurance plan in Illinois that provides coverage for pregnancy benefits, without limitation on the number of treatments?""",1,2A,3,34213,,NO,,PERRY,3537,,
GE 2024,"""Should all medically appropriate assisted reproductive treatments, including, but not limited to, in vitro fertilization, be covered by any health insurance plan in Illinois that provides coverage for pregnancy benefits, without limitation on the number of treatments?""",1,2A,3,34213,,NO,,GALLATIN,988,,
GE 2024,"""Should all medically appropriate assisted reproductive treatments, including, but not limited to, in vitro fertilization, be covered by any health insurance plan in Illinois that provides coverage for pregnancy benefits, without limitation on the number of treatments?""",1,2A,3,34213,,NO,,WAYNE,3997,,
GE 2024,"""Should all medically appropriate assisted reproductive treatments, including, but not limited to, in vitro fertilization, be covered by any health insurance plan in Illinois that provides coverage for pregnancy benefits, without limitation on the number of treatments?""",1,2A,3,34213,,NO,,WINNEBAGO,37287,,
GE 2024,"""Should all medically appropriate assisted reproductive treatments, including, but not limited to, in vitro fertilization, be covered by any health insurance plan in Illinois that provides coverage for pregnancy benefits, without limitation on the number of treatments?""",1,2A,3,34213,,NO,,CHAMPAIGN,24590,,
GE 2024,"""Should all medically appropriate assisted reproductive treatments, including, but not limited to, in vitro fertilization, be covered by any health insurance plan in Illinois that provides coverage for pregnancy benefits, without limitation on the number of treatments?""",1,2A,3,34213,,NO,,VERMILION,9992,,
GE 2024,"""Should all medically appropriate assisted reproductive treatments, including, but not limited to, in vitro fertilization, be covered by any health insurance plan in Illinois that provides coverage for pregnancy benefits, without limitation on the number of treatments?""",1,2A,3,34213,,NO,,JACKSON,6684,,
GE 2024,"""Should all medically appropriate assisted reproductive treatments, including, but not limited to, in vitro fertilization, be covered by any health insurance plan in Illinois that provides coverage for pregnancy benefits, without limitation on the number of treatments?""",1,2A,3,34213,,NO,,DeKALB,13793,,
GE 2024,"""Should all medically appropriate assisted reproductive treatments, including, but not limited to, in vitro fertilization, be covered by any health insurance plan in Illinois that provides coverage for pregnancy benefits, without limitation on the number of treatments?""",1,2A,3,34213,,NO,,KNOX,7044,,
GE 2024,"""Should all medically appropriate assisted reproductive treatments, including, but not limited to, in vitro fertilization, be covered by any health insurance plan in Illinois that provides coverage for pregnancy benefits, without limitation on the number of treatments?""",1,2A,3,34213,,NO,,JEFFERSON,7434,,
GE 2024,"""Should all medically appropriate assisted reproductive treatments, including, but not limited to, in vitro fertilization, be covered by any health insurance plan in Illinois that provides coverage for pregnancy benefits, without limitation on the number of treatments?""",1,2A,3,34213,,NO,,RICHLAND,2974,,
GE 2024,"""Should all medically appropriate assisted reproductive treatments, including, but not limited to, in vitro fertilization, be covered by any health insurance plan in Illinois that provides coverage for pregnancy benefits, without limitation on the number of treatments?""",1,2A,3,34213,,NO,,GRUNDY,7973,,
GE 2024,"""Should all medically appropriate assisted reproductive treatments, including, but not limited to, in vitro fertilization, be covered by any health insurance plan in Illinois that provides coverage for pregnancy benefits, without limitation on the number of treatments?""",1,2A,3,34213,,NO,,WARREN,2516,,
GE 2024,"""Should all medically appropriate assisted reproductive treatments, including, but not limited to, in vitro fertilization, be covered by any health insurance plan in Illinois that provides coverage for pregnancy benefits, without limitation on the number of treatments?""",1,2A,3,34213,,NO,,DuPAGE,125094,,
GE 2024,"""Should all medically appropriate assisted reproductive treatments, including, but not limited to, in vitro fertilization, be covered by any health insurance plan in Illinois that provides coverage for pregnancy benefits, without limitation on the number of treatments?""",1,2A,3,34213,,NO,,COOK,366396,,
GE 2024,"""Should all medically appropriate assisted reproductive treatments, including, but not limited to, in vitro fertilization, be covered by any health insurance plan in Illinois that provides coverage for pregnancy benefits, without limitation on the number of treatments?""",1,2A,3,34213,,NO,,McLEAN,26738,,
