{
"type": "FeatureCollection",
"name": "Iowa_CD_1992_2000",
"crs": { "type": "name", "properties": { "name": "urn:ogc:def:crs:OGC:1.3:CRS84" } },
"features": [
{ "type": "Feature", "properties": { "DISTRICT": "1", "STARTCONG": "103", "ENDCONG": "107", "BESTDEC": "Iowa_CD_1992_2000", "ST": "19", "STA": "IA", "ELECT_YEAR": "1992-2000", "TYPE": "US Cong" }, "geometry": { "type": "Polygon", "coordinates": [ [ [ -91.714391, 42.296441 ], [ -91.704863, 42.296289 ], [ -91.702908, 42.296379 ], [ -91.699686, 42.296427 ], [ -91.697606, 42.296424 ], [ -91.68496, 42.296405 ], [ -91.681292, 42.296336 ], [ -91.67716, 42.296353 ], [ -91.665396, 42.296334 ], [ -91.657703, 42.29633 ], [ -91.652492, 42.296328 ], [ -91.596923, 42.29624 ], [ -91.577976, 42.296221 ], [ -91.577693, 42.29622 ], [ -91.5728, 42.296199 ], [ -91.57058, 42.296232 ], [ -91.558258, 42.296176 ], [ -91.518916, 42.296031 ], [ -91.498382, 42.295933 ], [ -91.496932, 42.295934 ], [ -91.479804, 42.295942 ], [ -91.471103, 42.295998 ], [ -91.466394, 42.296029 ], [ -91.451133, 42.296099 ], [ -91.445811, 42.296118 ], [ -91.363145, 42.296241 ], [ -91.266213, 42.295951 ], [ -91.246609, 42.295897 ], [ -91.237233, 42.296041 ], [ -91.235919, 42.296062 ], [ -91.223566, 42.295998 ], [ -91.213717, 42.295958 ], [ -91.197197, 42.29589 ], [ -91.197043, 42.29589 ], [ -91.164451, 42.295728 ], [ -91.13008, 42.295702 ], [ -91.126663, 42.295712 ], [ -91.123604, 42.295877 ], [ -91.120049, 42.29587 ], [ -91.111274, 42.295855 ], [ -91.07041, 42.295782 ], [ -91.052846, 42.29575 ], [ -91.024878, 42.295729 ], [ -91.023461, 42.295751 ], [ -91.021767, 42.29575 ], [ -91.018685, 42.295726 ], [ -91.017607, 42.295749 ], [ -91.015009, 42.295726 ], [ -91.013634, 42.29577 ], [ -91.012587, 42.295769 ], [ -91.010739, 42.295768 ], [ -91.00409, 42.295731 ], [ -91.003952, 42.29573 ], [ -91.003523, 42.295725 ], [ -91.003281, 42.295723 ], [ -91.001181, 42.295702 ], [ -91.00037, 42.295694 ], [ -91.000139, 42.295692 ], [ -90.999431, 42.295675 ], [ -90.997741, 42.295633 ], [ -90.975987, 42.295777 ], [ -90.942258, 42.295326 ], [ -90.940121, 42.295299 ], [ -90.935174, 42.295235 ], [ -90.933511, 42.295303 ], [ -90.89802, 42.295236 ], [ -90.898046, 42.279849 ], [ -90.898096, 42.264707 ], [ -90.898211, 42.243751 ], [ -90.89816, 42.229321 ], [ -90.898267, 42.208472 ], [ -90.898268, 42.206475 ], [ -90.898286, 42.191996 ], [ -90.898299, 42.188146 ], [ -90.898354, 42.172428 ], [ -90.898458, 42.170295 ], [ -90.898444, 42.163184 ], [ -90.898451, 42.161431 ], [ -90.89849, 42.152648 ], [ -90.898532, 42.149939 ], [ -90.898655, 42.135017 ], [ -90.898226, 42.120593 ], [ -90.898317, 42.084889 ], [ -90.898417, 42.073456 ], [ -90.89836, 42.062495 ], [ -90.898366, 42.037214 ], [ -90.898373, 42.033548 ], [ -90.879686, 42.033491 ], [ -90.877071, 42.033483 ], [ -90.876729, 42.033481 ], [ -90.860599, 42.033405 ], [ -90.832557, 42.03332 ], [ -90.828997, 42.033372 ], [ -90.823869, 42.033241 ], [ -90.82098, 42.032994 ], [ -90.782184, 42.032852 ], [ -90.778548, 42.032803 ], [ -90.772269, 42.032718 ], [ -90.766418, 42.032638 ], [ -90.759587, 42.032694 ], [ -90.753259, 42.032746 ], [ -90.745975, 42.032928 ], [ -90.743226, 42.032928 ], [ -90.727072, 42.032929 ], [ -90.724618, 42.032929 ], [ -90.724506, 42.032929 ], [ -90.7226, 42.032929 ], [ -90.70371, 42.032695 ], [ -90.665279, 42.03274 ], [ -90.663357, 42.032736 ], [ -90.660169, 42.03273 ], [ -90.659882, 42.032729 ], [ -90.652244, 42.032714 ], [ -90.64682, 42.032694 ], [ -90.638871, 42.032663 ], [ -90.634454, 42.03273 ], [ -90.577817, 42.032584 ], [ -90.558402, 42.032814 ], [ -90.54868, 42.032836 ], [ -90.529412, 42.03296 ], [ -90.441322, 42.033511 ], [ -90.432665, 42.033456 ], [ -90.423158, 42.033296 ], [ -90.404047, 42.033341 ], [ -90.374485, 42.033426 ], [ -90.37223, 42.033528 ], [ -90.364457, 42.03354 ], [ -90.363307, 42.03354 ], [ -90.315913, 42.033528 ], [ -90.262707, 42.033333 ], [ -90.223398, 42.033156 ], [ -90.218585, 42.033111 ], [ -90.201391, 42.03305 ], [ -90.201306, 42.033049 ], [ -90.154221, 42.033073 ], [ -90.151579, 42.030633 ], [ -90.150916, 42.02944 ], [ -90.149733, 42.026564 ], [ -90.149112, 42.022679 ], [ -90.148615621697829, 42.02137698407941 ], [ -90.148096, 42.020014 ], [ -90.147727338081992, 42.019575957957137 ], [ -90.145538307288561, 42.016974963729659 ], [ -90.1443123422723, 42.015518278908274 ], [ -90.143776, 42.014881 ], [ -90.143000882292441, 42.013113291927937 ], [ -90.141167, 42.008931 ], [ -90.140131308723582, 42.003613015588734 ], [ -90.14012656134733, 42.003588639142372 ], [ -90.140061, 42.003252 ], [ -90.140613, 41.995999 ], [ -90.146033, 41.988139 ], [ -90.146225, 41.981329 ], [ -90.148599, 41.978269 ], [ -90.153834, 41.974116 ], [ -90.154637648870974, 41.9728754571479 ], [ -90.158073851078285, 41.967571205203221 ], [ -90.162141, 41.961293 ], [ -90.164135, 41.956178 ], [ -90.164939, 41.948861 ], [ -90.163847, 41.944934 ], [ -90.160648, 41.940845 ], [ -90.156902, 41.938181 ], [ -90.154888269414712, 41.935749620837008 ], [ -90.152659, 41.933058 ], [ -90.1516, 41.931002 ], [ -90.151838375554632, 41.928917363835822 ], [ -90.153362, 41.915593 ], [ -90.15351305563189, 41.909483412077762 ], [ -90.153521216240009, 41.909153348562988 ], [ -90.153584, 41.906614 ], [ -90.153985976145876, 41.90560818195808 ], [ -90.153986047472102, 41.905608003486819 ], [ -90.157019, 41.898019 ], [ -90.165065, 41.883777 ], [ -90.165902862245616, 41.882541422596745 ], [ -90.166401470769259, 41.881806135348654 ], [ -90.168745466543115, 41.878349495278641 ], [ -90.170041, 41.876439 ], [ -90.171457797197107, 41.871087001777433 ], [ -90.171474880901357, 41.871022467520213 ], [ -90.171713719493781, 41.870120246846142 ], [ -90.172395448432127, 41.867544993257553 ], [ -90.172484178319678, 41.867209813175698 ], [ -90.172765, 41.866149 ], [ -90.172773313963617, 41.865847247967629 ], [ -90.172774404552058, 41.865807665490294 ], [ -90.172809171364122, 41.864545817750844 ], [ -90.172809171857622, 41.864545799839554 ], [ -90.173006, 41.857402 ], [ -90.175051, 41.853629 ], [ -90.177508196394257, 41.850153324722321 ], [ -90.178367728848556, 41.848937526217668 ], [ -90.178593370611864, 41.848618358608519 ], [ -90.180351087673614, 41.846132088585144 ], [ -90.181401, 41.844647 ], [ -90.181788497312979, 41.843537982690236 ], [ -90.181901, 41.843216 ], [ -90.182154639242626, 41.842266757855938 ], [ -90.183373374804304, 41.837705653092939 ], [ -90.183374013014088, 41.837703264599625 ], [ -90.183740443445842, 41.836331902640424 ], [ -90.183765, 41.83624 ], [ -90.183973, 41.83307 ], [ -90.183152366079554, 41.829256037380873 ], [ -90.18172, 41.822599 ], [ -90.180643, 41.811979 ], [ -90.180954, 41.809354 ], [ -90.181973, 41.80707 ], [ -90.187969, 41.803163 ], [ -90.204190568785066, 41.798772182557059 ], [ -90.206194938946197, 41.798229644188446 ], [ -90.20757759196151, 41.797855390806561 ], [ -90.209520110717335, 41.797329594236004 ], [ -90.210129678765412, 41.797164597739446 ], [ -90.216889, 41.795335 ], [ -90.222263, 41.793133 ], [ -90.242379748271631, 41.782964764981621 ], [ -90.242380037134808, 41.7829646189725 ], [ -90.242399157042087, 41.782954954601941 ], [ -90.242425709371645, 41.782941533430488 ], [ -90.248631, 41.779805 ], [ -90.249595079366799, 41.779369808533261 ], [ -90.258622, 41.775295 ], [ -90.263286, 41.772112 ], [ -90.26406860675165, 41.771869573955989 ], [ -90.278633, 41.767358 ], [ -90.280418190967112, 41.766077118643146 ], [ -90.302782, 41.750031 ], [ -90.31044309548254, 41.742475261495471 ], [ -90.310708, 41.742214 ], [ -90.310968041443004, 41.741755815276697 ], [ -90.31522, 41.734264 ], [ -90.316322423368504, 41.729051807162158 ], [ -90.31636375616101, 41.728856388150511 ], [ -90.317668, 41.72269 ], [ -90.317421, 41.718333 ], [ -90.31332, 41.709494 ], [ -90.312893, 41.707528 ], [ -90.312879811648017, 41.706980951448791 ], [ -90.312803666085955, 41.70382245829704 ], [ -90.31277, 41.702426 ], [ -90.312880230835518, 41.701705935715069 ], [ -90.313240974780484, 41.69934943692266 ], [ -90.313435, 41.698082 ], [ -90.313989646854139, 41.696641335807008 ], [ -90.314404016953759, 41.695565032640843 ], [ -90.314687, 41.69483 ], [ -90.315319763334116, 41.694069143022908 ], [ -90.316958355408104, 41.692098842051152 ], [ -90.317315, 41.69167 ], [ -90.317950204627707, 41.691195483396157 ], [ -90.318732650627467, 41.690610973141816 ], [ -90.319924, 41.689721 ], [ -90.330222, 41.683954 ], [ -90.332481, 41.682146 ], [ -90.333038436650341, 41.681440477194506 ], [ -90.333462660308655, 41.680903556155364 ], [ -90.333824200276197, 41.680445971079017 ], [ -90.33404426047295, 41.680167450663681 ], [ -90.334525, 41.679559 ], [ -90.334689904402452, 41.678434672206997 ], [ -90.335179895815997, 41.67509388229265 ], [ -90.335864017683036, 41.670429499672046 ], [ -90.336703462572089, 41.664706115666661 ], [ -90.336707999878982, 41.66467518004476 ], [ -90.336729, 41.664532 ], [ -90.339767602580011, 41.656589509573266 ], [ -90.340128283545653, 41.655646738993298 ], [ -90.340133922324029, 41.655632 ], [ -90.343130799713109, 41.647798573500168 ], [ -90.343452, 41.646959 ], [ -90.343435242508562, 41.646120576001984 ], [ -90.34340000743228, 41.644357666939783 ], [ -90.343397559054793, 41.644235167789894 ], [ -90.34333, 41.640855 ], [ -90.341661083535939, 41.622321335890135 ], [ -90.340942240263104, 41.614338431980272 ], [ -90.340677659400058, 41.611400206520102 ], [ -90.339528, 41.598633 ], [ -90.339891, 41.597181 ], [ -90.34107174934023, 41.592458002639056 ], [ -90.341528, 41.590633 ], [ -90.343228, 41.587833 ], [ -90.351890219959273, 41.584434425661975 ], [ -90.364128, 41.579633 ], [ -90.370997987775837, 41.57843481598001 ], [ -90.37877951725207, 41.577077651371638 ], [ -90.378785507072678, 41.577076606696245 ], [ -90.381329, 41.576633 ], [ -90.39793, 41.572233 ], [ -90.405731993100346, 41.568619996483775 ], [ -90.41283, 41.565333 ], [ -90.412986397300045, 41.565207882159974 ], [ -90.41583, 41.562933 ], [ -90.419887542841451, 41.557417277699948 ], [ -90.42223, 41.554233 ], [ -90.424534653933364, 41.552988735728839 ], [ -90.424994839822517, 41.55274028503883 ], [ -90.427231, 41.551533 ], [ -90.427363509005659, 41.551484814907006 ], [ -90.432731, 41.549533 ], [ -90.433899660427272, 41.548425848016286 ], [ -90.438431, 41.544133 ], [ -90.443578775175794, 41.538076793910804 ], [ -90.44388029878165, 41.537722060256854 ], [ -90.445231, 41.536133 ], [ -90.448669676555468, 41.533458638874194 ], [ -90.449127763545832, 41.533102370984658 ], [ -90.451980840138987, 41.530883448382802 ], [ -90.461432, 41.523533 ], [ -90.474332, 41.519733 ], [ -90.477710010398312, 41.519408212127637 ], [ -90.489933, 41.518233 ], [ -90.490007695678372, 41.518231603819075 ], [ -90.490014003075473, 41.51823148592382 ], [ -90.499474987324888, 41.518054645096719 ], [ -90.500633, 41.518033 ], [ -90.501560333665296, 41.518144271138127 ], [ -90.503383680174451, 41.51836305521649 ], [ -90.513134, 41.519533 ], [ -90.533035, 41.524933 ], [ -90.537235719952974, 41.525571084043484 ], [ -90.540935, 41.526133 ], [ -90.545486263109041, 41.525567512995394 ], [ -90.554922171077109, 41.524395116848531 ], [ -90.55507028210485, 41.524376714295364 ], [ -90.556235, 41.524232 ], [ -90.557888329575206, 41.523225063525707 ], [ -90.557948919590473, 41.523188162052875 ], [ -90.558669134902019, 41.522749525330056 ], [ -90.566404755010225, 41.518038257743044 ], [ -90.566787979553254, 41.517804860375705 ], [ -90.566873289812051, 41.517752903396044 ], [ -90.567236, 41.517532 ], [ -90.571136, 41.516332 ], [ -90.572574649756476, 41.516173616540534 ], [ -90.576351105243987, 41.515757859973156 ], [ -90.580414855304298, 41.515310474645339 ], [ -90.582036, 41.515132 ], [ -90.585386442625477, 41.514275870898935 ], [ -90.589550811890717, 41.51321176143221 ], [ -90.591037, 41.512832 ], [ -90.591230317297175, 41.512749149729821 ], [ -90.59460865354238, 41.511301291338953 ], [ -90.594791109589067, 41.511223095890429 ], [ -90.595237, 41.511032 ], [ -90.602137, 41.506032 ], [ -90.604237, 41.497032 ], [ -90.605937, 41.494232 ], [ -90.608606090870211, 41.492283139999515 ], [ -90.618537, 41.485032 ], [ -90.630733724228804, 41.479543866106603 ], [ -90.631587548332433, 41.479159672702373 ], [ -90.632538, 41.478732 ], [ -90.640238, 41.473332 ], [ -90.650238, 41.465032 ], [ -90.655839, 41.462132 ], [ -90.666239, 41.460632 ], [ -90.668939, 41.460684941176524 ], [ -90.676439, 41.460832 ], [ -90.690951, 41.456643 ], [ -90.701159, 41.454743 ], [ -90.723545, 41.452248 ], [ -90.737537, 41.450127 ], [ -90.750142, 41.449632 ], [ -90.771672, 41.450761 ], [ -90.771832488496955, 41.450774575409987 ], [ -90.772945078168732, 41.450868687207652 ], [ -90.777583, 41.451261 ], [ -90.781278140812105, 41.451952113243081 ], [ -90.781607869189301, 41.452013783328141 ], [ -90.786282, 41.452888 ], [ -90.807283, 41.454466 ], [ -90.824121770270608, 41.454466964806663 ], [ -90.824736, 41.454467 ], [ -90.836056813916159, 41.455499249636148 ], [ -90.83637535131102, 41.455528294377324 ], [ -90.837414, 41.455623 ], [ -90.840210203899758, 41.455475606049937 ], [ -90.844792039010017, 41.455234087619949 ], [ -90.846558, 41.455141 ], [ -90.847183626314376, 41.455031608626243 ], [ -90.853604, 41.453909 ], [ -90.857554, 41.452751 ], [ -90.859936791207929, 41.451639945217977 ], [ -90.861893643047168, 41.450727498677828 ], [ -90.867282, 41.448215 ], [ -90.870189451722212, 41.446551405264543 ], [ -90.871314700122198, 41.445907557148409 ], [ -90.873985272115362, 41.444379500990308 ], [ -90.879778, 41.441065 ], [ -90.89044925640556, 41.435604814031031 ], [ -90.890471430494259, 41.43559346816474 ], [ -90.890479742782176, 41.435589214997549 ], [ -90.890787, 41.435432 ], [ -90.891497220628537, 41.43511825321675 ], [ -90.899587945013209, 41.431544098020794 ], [ -90.900471, 41.431154 ], [ -90.901265020011508, 41.43091995755492 ], [ -90.9078425031298, 41.428981202599708 ], [ -90.919351, 41.425589 ], [ -90.924343, 41.42286 ], [ -90.925188801574024, 41.422642921365807 ], [ -90.928354480821568, 41.421830436087362 ], [ -90.930016, 41.421404 ], [ -90.930305221286957, 41.421444352036936 ], [ -90.949791, 41.424163 ], [ -90.953198, 41.425075 ], [ -90.966662, 41.430051 ], [ -90.974744195806508, 41.433788991806139 ], [ -90.975168, 41.433985 ], [ -90.977273551264446, 41.434137241279295 ], [ -90.978250639309763, 41.434207889349672 ], [ -90.978458905961219, 41.434222948010103 ], [ -90.979815, 41.434321 ], [ -90.981288812906598, 41.434189942861686 ], [ -90.984064665687328, 41.433943103306959 ], [ -90.984898, 41.433869 ], [ -90.985272639267293, 41.433730683211138 ], [ -90.985428019548991, 41.433673316822983 ], [ -90.989418743409175, 41.432199941878672 ], [ -90.990342193313253, 41.431859004244551 ], [ -91.005846, 41.426135 ], [ -91.009576380071465, 41.425459347528623 ], [ -91.01198, 41.425024 ], [ -91.021237466568238, 41.424191782628341 ], [ -91.027787, 41.423603 ], [ -91.034754105084957, 41.42092919447402 ], [ -91.036404699030214, 41.420295736652186 ], [ -91.037131, 41.420017 ], [ -91.039872, 41.418523 ], [ -91.043988, 41.415897 ], [ -91.045063872061448, 41.414872036711138 ], [ -91.04589, 41.414085 ], [ -91.047819, 41.4109 ], [ -91.047960135686353, 41.410289612063551 ], [ -91.04921571625492, 41.404859438787547 ], [ -91.050328, 41.400049 ], [ -91.050773085572942, 41.391895841550273 ], [ -91.05101, 41.387556 ], [ -91.05158, 41.385283 ], [ -91.05175590530375, 41.385071804004689 ], [ -91.051791522594968, 41.385029041057187 ], [ -91.052060519029368, 41.384706077687127 ], [ -91.05612543482097, 41.379825645327692 ], [ -91.05676855432641, 41.379053501104764 ], [ -91.061808181797346, 41.373002807252952 ], [ -91.065058, 41.369101 ], [ -91.065302744131316, 41.368455658942437 ], [ -91.065938000490206, 41.366780615670422 ], [ -91.06652, 41.365246 ], [ -91.067773860943063, 41.358868303092621 ], [ -91.071552, 41.339651 ], [ -91.071939987869413, 41.333601297415001 ], [ -91.071955552897847, 41.333358599639716 ], [ -91.073233, 41.31344 ], [ -91.074841, 41.305578 ], [ -91.077505, 41.301828 ], [ -91.08688, 41.294371 ], [ -91.091398785644515, 41.287830421632101 ], [ -91.092034, 41.286911 ], [ -91.09271632612915, 41.285432027399921 ], [ -91.101142, 41.267169 ], [ -91.104462, 41.262104 ], [ -91.110304, 41.256088 ], [ -91.114186, 41.250029 ], [ -91.113918804315006, 41.245743936114884 ], [ -91.113648, 41.241401 ], [ -91.112333, 41.239003 ], [ -91.109562, 41.236567 ], [ -91.109074683612448, 41.236230236642761 ], [ -91.100829, 41.230532 ], [ -91.093018, 41.222635 ], [ -91.081445, 41.214429 ], [ -91.07298, 41.207151 ], [ -91.065899, 41.199517 ], [ -91.060243497297535, 41.192336130409814 ], [ -91.057801947368162, 41.189236060873483 ], [ -91.055069, 41.185766 ], [ -91.041536, 41.166138 ], [ -91.030029, 41.16354 ], [ -91.027214, 41.163373 ], [ -91.015121460805574, 41.165476014423611 ], [ -91.014437548929465, 41.165594953590713 ], [ -91.01418513780186, 41.16563885042936 ], [ -91.012557, 41.165922 ], [ -91.010773138615789, 41.166015660796873 ], [ -91.009651071179988, 41.166074574416044 ], [ -91.008718938133129, 41.166123515620093 ], [ -91.007586, 41.166183 ], [ -91.006502271418356, 41.165777833291656 ], [ -91.003175054506443, 41.16453390787796 ], [ -90.997906, 41.162564 ], [ -90.99496, 41.160624 ], [ -90.993052938168034, 41.158856988583906 ], [ -90.992636272954414, 41.158470922344783 ], [ -90.992096183672984, 41.1579704960293 ], [ -90.989663, 41.155716 ], [ -90.988673094172569, 41.154168442482195 ], [ -90.98498245289592, 41.148398722277541 ], [ -90.983836355615011, 41.146606984706089 ], [ -90.983006662662646, 41.145309894083546 ], [ -90.981311, 41.142659 ], [ -90.980030247301087, 41.141122096761315 ], [ -90.978075353932539, 41.138776224719059 ], [ -90.970851, 41.130107 ], [ -90.965905, 41.119559 ], [ -90.960916008317994, 41.114676598393231 ], [ -90.957246, 41.111085 ], [ -90.950762549569603, 41.102260693655658 ], [ -90.948376688245006, 41.099013414841814 ], [ -90.946627, 41.096632 ], [ -90.946259, 41.094734 ], [ -90.948057866929219, 41.085203144981278 ], [ -90.948207, 41.084413 ], [ -90.949383, 41.072711 ], [ -90.976057, 41.072839 ], [ -91.000143, 41.072894 ], [ -91.006427, 41.072943 ], [ -91.031783, 41.072962 ], [ -91.044662, 41.073025 ], [ -91.054968, 41.07305 ], [ -91.068823, 41.073019 ], [ -91.071408, 41.07301 ], [ -91.073224, 41.073004 ], [ -91.102839, 41.072988 ], [ -91.102953, 41.072988 ], [ -91.11421, 41.07297 ], [ -91.121266, 41.072898 ], [ -91.121766, 41.072901 ], [ -91.130824, 41.072897 ], [ -91.132335, 41.072921 ], [ -91.170964, 41.073067 ], [ -91.171413, 41.073071 ], [ -91.183118, 41.073177 ], [ -91.188404, 41.073219 ], [ -91.191664, 41.073244 ], [ -91.198681, 41.0733 ], [ -91.2554, 41.074109 ], [ -91.30833, 41.074192 ], [ -91.326145, 41.074168 ], [ -91.332033, 41.074167 ], [ -91.370751, 41.074154 ], [ -91.370541, 41.101126 ], [ -91.370534, 41.103251 ], [ -91.370501, 41.13215 ], [ -91.370443, 41.139904 ], [ -91.370375, 41.16127 ], [ -91.409326, 41.161644 ], [ -91.4188, 41.161646 ], [ -91.433894, 41.161866 ], [ -91.437392, 41.161892 ], [ -91.439565, 41.161893 ], [ -91.447798, 41.161899 ], [ -91.485878, 41.162392 ], [ -91.485921, 41.220663 ], [ -91.485514, 41.249603 ], [ -91.485285, 41.266853 ], [ -91.485271, 41.267987 ], [ -91.48523, 41.271468 ], [ -91.485208, 41.281053 ], [ -91.485095, 41.293223 ], [ -91.484984, 41.307772 ], [ -91.484761, 41.336893 ], [ -91.483983, 41.391413 ], [ -91.483845, 41.409347 ], [ -91.48388, 41.418756 ], [ -91.483882, 41.419184 ], [ -91.483858, 41.423692 ], [ -91.483858, 41.424143 ], [ -91.483863, 41.428194 ], [ -91.491095, 41.441084 ], [ -91.500658, 41.446641 ], [ -91.502945, 41.449383 ], [ -91.502088, 41.451839 ], [ -91.498473, 41.453415 ], [ -91.499175, 41.459459 ], [ -91.507254, 41.463079 ], [ -91.514378, 41.466986 ], [ -91.515852, 41.468009 ], [ -91.516146, 41.468852 ], [ -91.513948, 41.474691 ], [ -91.513072, 41.475869 ], [ -91.510894, 41.476906 ], [ -91.505755, 41.476274 ], [ -91.503976, 41.476474 ], [ -91.502605, 41.476921 ], [ -91.50207, 41.478162 ], [ -91.501969, 41.488738 ], [ -91.503829, 41.492881 ], [ -91.504728, 41.493448 ], [ -91.507153, 41.492715 ], [ -91.509203, 41.493247 ], [ -91.510674, 41.494689 ], [ -91.51095, 41.496203 ], [ -91.510429, 41.497899 ], [ -91.507428, 41.50002 ], [ -91.507267, 41.500876 ], [ -91.508228, 41.502482 ], [ -91.509634, 41.50262 ], [ -91.511137, 41.501894 ], [ -91.513001, 41.498387 ], [ -91.514018, 41.497443 ], [ -91.516018, 41.496832 ], [ -91.518579, 41.497273 ], [ -91.519901, 41.498932 ], [ -91.519365, 41.502542 ], [ -91.527121, 41.50689 ], [ -91.527935, 41.507763 ], [ -91.528094, 41.508609 ], [ -91.527056, 41.509678 ], [ -91.52063, 41.511022 ], [ -91.598829, 41.510891 ], [ -91.608579, 41.510874 ], [ -91.61827, 41.510816 ], [ -91.637723, 41.51072 ], [ -91.6842, 41.510994 ], [ -91.705016, 41.51113 ], [ -91.71378, 41.511174 ], [ -91.752168, 41.51141 ], [ -91.767082, 41.511531 ], [ -91.771818, 41.511596 ], [ -91.778758, 41.511561 ], [ -91.783394, 41.511582 ], [ -91.790733, 41.511605 ], [ -91.82938, 41.511446 ], [ -91.82827, 41.550755 ], [ -91.82825, 41.551382 ], [ -91.82809, 41.558053 ], [ -91.828023, 41.562095 ], [ -91.827988, 41.563787 ], [ -91.827946, 41.565818 ], [ -91.827872, 41.569391 ], [ -91.827389, 41.583849 ], [ -91.827108, 41.598027 ], [ -91.82706, 41.600452 ], [ -91.833078, 41.600414 ], [ -91.833276, 41.60748 ], [ -91.833144, 41.61717 ], [ -91.833133, 41.629284 ], [ -91.833255, 41.640486 ], [ -91.83329, 41.643719 ], [ -91.833873, 41.676803 ], [ -91.833941, 41.681795 ], [ -91.834006, 41.686588 ], [ -91.834006, 41.68734 ], [ -91.834007, 41.688418 ], [ -91.833862, 41.715754 ], [ -91.832983, 41.737578 ], [ -91.832832, 41.741237 ], [ -91.832756, 41.743109 ], [ -91.832681, 41.744943 ], [ -91.832362, 41.753344 ], [ -91.832316, 41.754446 ], [ -91.832198, 41.75728 ], [ -91.832138, 41.759476 ], [ -91.832072, 41.762472 ], [ -91.831812, 41.774341 ], [ -91.831589, 41.784548 ], [ -91.831475, 41.789809 ], [ -91.831506, 41.790312 ], [ -91.831173, 41.803579 ], [ -91.831145, 41.810944 ], [ -91.831228, 41.823236 ], [ -91.831239, 41.82485 ], [ -91.831273, 41.829564 ], [ -91.831271, 41.829701 ], [ -91.831297, 41.838798 ], [ -91.831369, 41.847108 ], [ -91.831587, 41.86177 ], [ -91.831718, 41.869455 ], [ -91.831731, 41.870239 ], [ -91.831775, 41.872796 ], [ -91.831738, 41.875004 ], [ -91.831683, 41.87554 ], [ -91.831653, 41.877488 ], [ -91.831635, 41.877924 ], [ -91.831699, 41.879316 ], [ -91.831715, 41.87962 ], [ -91.831733, 41.882699 ], [ -91.831715, 41.883284 ], [ -91.831718, 41.883579 ], [ -91.831722, 41.883877 ], [ -91.831754, 41.886382 ], [ -91.831806, 41.890544 ], [ -91.831811, 41.890899 ], [ -91.832291, 41.912674 ], [ -91.833076, 41.937473 ], [ -91.833204, 41.945409 ], [ -91.833332, 41.949377 ], [ -91.833717, 41.963904 ], [ -91.835285, 42.036877 ], [ -91.835071, 42.05094 ], [ -91.834996, 42.055117 ], [ -91.834721, 42.065943 ], [ -91.834315, 42.083333 ], [ -91.834218, 42.083653 ], [ -91.83396, 42.087742 ], [ -91.834407, 42.124371 ], [ -91.833289, 42.1762 ], [ -91.832378, 42.212028 ], [ -91.832254, 42.222907 ], [ -91.832464, 42.224678 ], [ -91.832075, 42.244595 ], [ -91.831676, 42.26262 ], [ -91.831605, 42.269848 ], [ -91.831466, 42.284234 ], [ -91.831038, 42.298942 ], [ -91.793388, 42.297981 ], [ -91.778044, 42.297428 ], [ -91.75845, 42.297306 ], [ -91.743756, 42.297026 ], [ -91.714391, 42.296441 ] ] ] } },
{ "type": "Feature", "properties": { "DISTRICT": "2", "STARTCONG": "103", "ENDCONG": "107", "BESTDEC": "Iowa_CD_1992_2000", "ST": "19", "STA": "IA", "ELECT_YEAR": "1992-2000", "TYPE": "US Cong" }, "geometry": { "type": "Polygon", "coordinates": [ [ [ -91.369325, 43.500827 ], [ -91.292053661259018, 43.500946272504585 ], [ -91.282657363143699, 43.500960776200593 ], [ -91.261781, 43.500993 ], [ -91.253917312793632, 43.500729415635291 ], [ -91.246715, 43.500488 ], [ -91.217706, 43.50055 ], [ -91.21827, 43.497228 ], [ -91.218044751895363, 43.495089002731483 ], [ -91.217615, 43.491008 ], [ -91.215282, 43.484798 ], [ -91.216035, 43.481142 ], [ -91.220399, 43.471306 ], [ -91.224586, 43.465525 ], [ -91.229503, 43.462607 ], [ -91.231050883298806, 43.461143351402264 ], [ -91.232241, 43.460018 ], [ -91.233187, 43.457784 ], [ -91.233367, 43.455168 ], [ -91.232276, 43.450952 ], [ -91.22875, 43.445537 ], [ -91.213711958124478, 43.431263911053009 ], [ -91.209056339631374, 43.426845113884802 ], [ -91.209007300714873, 43.426798569472766 ], [ -91.207145, 43.425031 ], [ -91.205556987940881, 43.422956780799531 ], [ -91.205551030998663, 43.422948999999761 ], [ -91.203144, 43.419805 ], [ -91.201224, 43.415903 ], [ -91.200359, 43.412701 ], [ -91.200527, 43.408486 ], [ -91.199408, 43.403032 ], [ -91.198048, 43.399223 ], [ -91.19767, 43.395334 ], [ -91.198953, 43.389835 ], [ -91.200701, 43.38593 ], [ -91.204831, 43.378887 ], [ -91.206072, 43.374976 ], [ -91.207367, 43.373659 ], [ -91.21268736176701, 43.370496789318594 ], [ -91.21336, 43.370097 ], [ -91.213725060947382, 43.369628691753988 ], [ -91.214848439610407, 43.368187596794272 ], [ -91.21499, 43.368006 ], [ -91.214953685278701, 43.367654077337228 ], [ -91.214829454824155, 43.366450171295874 ], [ -91.21477, 43.365874 ], [ -91.214480946203821, 43.365400519241838 ], [ -91.209441195055732, 43.357145221348965 ], [ -91.20662, 43.352524 ], [ -91.203964, 43.349852 ], [ -91.202339755491664, 43.349277338149832 ], [ -91.20233812055298, 43.349276759704388 ], [ -91.201847, 43.349103 ], [ -91.196110982289966, 43.348480592526364 ], [ -91.188014, 43.347602 ], [ -91.186652830468589, 43.347271325969736 ], [ -91.181115, 43.345926 ], [ -91.171485060845825, 43.34117899520227 ], [ -91.171458171003167, 43.34116574006012 ], [ -91.171055, 43.340967 ], [ -91.154806, 43.334826 ], [ -91.137343, 43.329757 ], [ -91.132813, 43.32803 ], [ -91.129121, 43.32635 ], [ -91.120845222610924, 43.321281989029991 ], [ -91.119612599146592, 43.320527141606505 ], [ -91.117661, 43.319332 ], [ -91.107237, 43.313645 ], [ -91.085652, 43.29187 ], [ -91.079875, 43.282773 ], [ -91.07371, 43.274746 ], [ -91.071724, 43.271392 ], [ -91.071574, 43.268193 ], [ -91.072782, 43.264363 ], [ -91.072738685971302, 43.263635454585504 ], [ -91.072649, 43.262129 ], [ -91.071698, 43.261014 ], [ -91.069937, 43.260272 ], [ -91.069309884384381, 43.260247343777188 ], [ -91.061798, 43.259952 ], [ -91.05975, 43.259074 ], [ -91.058644, 43.257679 ], [ -91.057918, 43.255366 ], [ -91.05791, 43.253968 ], [ -91.059684, 43.248566 ], [ -91.061695605655174, 43.244790919338563 ], [ -91.062562, 43.243165 ], [ -91.066398, 43.239293 ], [ -91.071857, 43.235164 ], [ -91.079278, 43.228259 ], [ -91.07957281944897, 43.228029431615177 ], [ -91.087456, 43.221891 ], [ -91.107931, 43.206578 ], [ -91.109420124639072, 43.20563865874432 ], [ -91.109425913011705, 43.205635007433344 ], [ -91.113749, 43.202908 ], [ -91.119115, 43.200366 ], [ -91.12217, 43.197255 ], [ -91.123896, 43.193536 ], [ -91.124428, 43.187886 ], [ -91.134173, 43.174405 ], [ -91.135917, 43.173422 ], [ -91.138649, 43.169993 ], [ -91.141356, 43.163537 ], [ -91.143283, 43.156413 ], [ -91.146018776216806, 43.152654004087459 ], [ -91.146020546253553, 43.152651572031466 ], [ -91.1462, 43.152405 ], [ -91.155858754150245, 43.143267818573811 ], [ -91.1562, 43.142945 ], [ -91.160449, 43.140575 ], [ -91.170372, 43.137384 ], [ -91.175253, 43.134665 ], [ -91.177003, 43.131846 ], [ -91.177932, 43.128875 ], [ -91.178251, 43.124982 ], [ -91.177728, 43.118733 ], [ -91.175193, 43.103771 ], [ -91.177222, 43.080247 ], [ -91.177264, 43.072983 ], [ -91.178761, 43.070578 ], [ -91.179457, 43.067427 ], [ -91.177894, 43.064206 ], [ -91.178087, 43.062044 ], [ -91.176552892866397, 43.051501362729276 ], [ -91.176093864277476, 43.048346842550181 ], [ -91.175463034485091, 43.044011676162484 ], [ -91.175319710170001, 43.043026727828092 ], [ -91.174692, 43.038713 ], [ -91.174455475980238, 43.038001213641962 ], [ -91.174327937707503, 43.037617404831472 ], [ -91.171704834286103, 43.029723537506023 ], [ -91.168513630506965, 43.020120050645637 ], [ -91.16841591154251, 43.01982597892345 ], [ -91.168283, 43.019426 ], [ -91.168078366369031, 43.018896053310534 ], [ -91.15749, 42.991475 ], [ -91.156812612445393, 42.988169675185439 ], [ -91.156811905054809, 42.988166223460226 ], [ -91.156743, 42.98783 ], [ -91.156562, 42.978226 ], [ -91.155519, 42.975774 ], [ -91.150906, 42.970514 ], [ -91.148001, 42.966155 ], [ -91.147125781984627, 42.964460056772424 ], [ -91.147122655385033, 42.964454001813856 ], [ -91.147120913991117, 42.964450629438346 ], [ -91.14655, 42.963345 ], [ -91.146099909196167, 42.961281815904577 ], [ -91.145895632037664, 42.96034542400119 ], [ -91.14543, 42.958211 ], [ -91.14554, 42.95651 ], [ -91.14909, 42.946554 ], [ -91.14988, 42.941955 ], [ -91.149784, 42.940244 ], [ -91.146263389812731, 42.932103774992314 ], [ -91.145517, 42.930378 ], [ -91.144315, 42.926592 ], [ -91.1438, 42.922877 ], [ -91.143878, 42.920646 ], [ -91.145868, 42.914967 ], [ -91.146182, 42.912338 ], [ -91.146177, 42.90985 ], [ -91.14556, 42.90798 ], [ -91.144706, 42.905964 ], [ -91.143375, 42.90467 ], [ -91.138, 42.903772 ], [ -91.130783828043477, 42.900990887538278 ], [ -91.117411, 42.895837 ], [ -91.115512, 42.894672 ], [ -91.112158, 42.891149 ], [ -91.104051, 42.885971 ], [ -91.100565, 42.883078 ], [ -91.098238, 42.875798 ], [ -91.09882, 42.864421 ], [ -91.097656, 42.859871 ], [ -91.095329, 42.85532 ], [ -91.091837, 42.851225 ], [ -91.091402, 42.84986 ], [ -91.091618198464218, 42.848992526959577 ], [ -91.091699861126855, 42.848664864325563 ], [ -91.092978095088327, 42.84353608829597 ], [ -91.095114, 42.834966 ], [ -91.09406, 42.830813 ], [ -91.091240517139695, 42.829680608310959 ], [ -91.090136, 42.829237 ], [ -91.084161142599271, 42.829837243616147 ], [ -91.08388134356683, 42.829865352669138 ], [ -91.08277, 42.829977 ], [ -91.080159604719967, 42.828515051461935 ], [ -91.078665, 42.827678 ], [ -91.079314, 42.820309 ], [ -91.078122708519814, 42.806817159021037 ], [ -91.078097, 42.806526 ], [ -91.078034385214224, 42.806261275408751 ], [ -91.075599963081245, 42.795968955534647 ], [ -91.075571973276624, 42.795850619434027 ], [ -91.075481, 42.795466 ], [ -91.072447, 42.787732 ], [ -91.071138, 42.783004 ], [ -91.070716, 42.775502 ], [ -91.069911009109532, 42.771450143538445 ], [ -91.069549, 42.769628 ], [ -91.069423550624037, 42.769514786671188 ], [ -91.067247163220699, 42.767550679151185 ], [ -91.063254, 42.763947 ], [ -91.060261, 42.761847 ], [ -91.060129, 42.759986 ], [ -91.061432, 42.757974 ], [ -91.06312, 42.757273 ], [ -91.065492, 42.757081 ], [ -91.065783, 42.753387 ], [ -91.064799331185213, 42.751181548523185 ], [ -91.06468, 42.750914 ], [ -91.0642936833421, 42.750876893719436 ], [ -91.060172, 42.750481 ], [ -91.058091, 42.749246 ], [ -91.056297, 42.747341 ], [ -91.05481, 42.744686 ], [ -91.054801, 42.740529 ], [ -91.05450558944689, 42.739895305639394 ], [ -91.053733, 42.738238 ], [ -91.052010950604881, 42.737371370585073 ], [ -91.051275, 42.737001 ], [ -91.049972, 42.736905 ], [ -91.04875648011766, 42.73699863899121 ], [ -91.046571, 42.737167 ], [ -91.044139, 42.738605 ], [ -91.039383, 42.738478 ], [ -91.038145513733895, 42.738122827397035 ], [ -91.03680721234025, 42.737738719708261 ], [ -91.035418, 42.73734 ], [ -91.034535526308872, 42.736599810613214 ], [ -91.032794898511199, 42.7351398302931 ], [ -91.032013, 42.734484 ], [ -91.030984, 42.73255 ], [ -91.030972337348601, 42.732424341507894 ], [ -91.03097008087542, 42.732400029281827 ], [ -91.030718, 42.729684 ], [ -91.029692, 42.726774 ], [ -91.026786, 42.724228 ], [ -91.017924065930828, 42.719900532038274 ], [ -91.017882513534616, 42.719880241133168 ], [ -91.017239, 42.719566 ], [ -91.015687, 42.719229 ], [ -91.015100971281399, 42.719314746264253 ], [ -91.009577, 42.720123 ], [ -91.000128, 42.716189 ], [ -90.995536, 42.713704 ], [ -90.988776, 42.708724 ], [ -90.980578, 42.698932 ], [ -90.977735, 42.696816 ], [ -90.974237, 42.695249 ], [ -90.965048, 42.693233 ], [ -90.954401401385979, 42.687792978306547 ], [ -90.952415, 42.686778 ], [ -90.949213, 42.685573 ], [ -90.941567, 42.683844 ], [ -90.937045, 42.683399 ], [ -90.929881, 42.684128 ], [ -90.923634, 42.6855 ], [ -90.921155, 42.685406 ], [ -90.9134, 42.682949 ], [ -90.901098355566418, 42.676680675965969 ], [ -90.900756375795837, 42.67650641958695 ], [ -90.900261, 42.676254 ], [ -90.899761843685582, 42.676106793430471 ], [ -90.899113651588877, 42.675915634604706 ], [ -90.89907393377969, 42.675903921395225 ], [ -90.896947920405651, 42.675276937168952 ], [ -90.892826336394705, 42.67406143768352 ], [ -90.88743, 42.67247 ], [ -90.883371909816532, 42.67172213624886 ], [ -90.881166593327535, 42.671315719390833 ], [ -90.867125, 42.668728 ], [ -90.852497, 42.664822 ], [ -90.84391, 42.663071 ], [ -90.832702, 42.661662 ], [ -90.805454655148765, 42.657164680084776 ], [ -90.797017, 42.655772 ], [ -90.788226, 42.653888 ], [ -90.780984150973268, 42.653182466260148 ], [ -90.779372645174362, 42.653025466064527 ], [ -90.778752, 42.652965 ], [ -90.769495, 42.651443 ], [ -90.762546434027058, 42.64967876932468 ], [ -90.762147253440759, 42.649577417961204 ], [ -90.760389, 42.649131 ], [ -90.751196146652603, 42.647166682186203 ], [ -90.743677, 42.64556 ], [ -90.733149185367282, 42.643778369831416 ], [ -90.731132, 42.643437 ], [ -90.720209, 42.640758 ], [ -90.710029115002115, 42.636428889432985 ], [ -90.709204, 42.636078 ], [ -90.706303, 42.634169 ], [ -90.702671, 42.630756 ], [ -90.700856, 42.626445 ], [ -90.700095, 42.622461 ], [ -90.693999, 42.614509 ], [ -90.692031, 42.610366 ], [ -90.691040558779235, 42.607622635031355 ], [ -90.687999, 42.599198 ], [ -90.687775, 42.594606 ], [ -90.686975, 42.591774 ], [ -90.685487, 42.589614 ], [ -90.679375, 42.581503 ], [ -90.677055, 42.579215 ], [ -90.67555688815068, 42.578309486922841 ], [ -90.674576247801554, 42.577716752368026 ], [ -90.672727, 42.576599 ], [ -90.661527, 42.567999 ], [ -90.6614240948862, 42.567565983856511 ], [ -90.659127, 42.5579 ], [ -90.654127, 42.5499 ], [ -90.645627, 42.5441 ], [ -90.643927, 42.540401 ], [ -90.6421157597742, 42.533430469434037 ], [ -90.641595955492249, 42.531430010530798 ], [ -90.640627, 42.527701 ], [ -90.63974618454796, 42.525668574806978 ], [ -90.639745946430139, 42.52566802536532 ], [ -90.636727, 42.518702 ], [ -90.636927, 42.513202 ], [ -90.640927, 42.508302 ], [ -90.648627, 42.498102 ], [ -90.655927, 42.491703 ], [ -90.656527, 42.489203 ], [ -90.656327, 42.483603 ], [ -90.654027, 42.478503 ], [ -90.646727, 42.471904 ], [ -90.645880436923903, 42.471412669137514 ], [ -90.641855729695365, 42.469076797269558 ], [ -90.640567038569955, 42.468328862780069 ], [ -90.624328, 42.458904 ], [ -90.606328, 42.451505 ], [ -90.590416, 42.447493 ], [ -90.584736326174237, 42.445398757334537 ], [ -90.584421668927718, 42.445282735067963 ], [ -90.582128, 42.444437 ], [ -90.570736, 42.441701 ], [ -90.567968, 42.440389 ], [ -90.565248, 42.438742 ], [ -90.560439, 42.432897 ], [ -90.558801, 42.428517 ], [ -90.558168, 42.420984 ], [ -90.55755, 42.419258 ], [ -90.555018, 42.416138 ], [ -90.548068, 42.413115 ], [ -90.517516, 42.403019 ], [ -90.506829, 42.398792 ], [ -90.503839761221258, 42.397340874235603 ], [ -90.502418259046195, 42.39665080610019 ], [ -90.501823468746281, 42.396362065188988 ], [ -90.500128, 42.395539 ], [ -90.495766, 42.392406 ], [ -90.490783266394416, 42.387532424218229 ], [ -90.490334, 42.387093 ], [ -90.487154, 42.385141 ], [ -90.484621, 42.38453 ], [ -90.480148, 42.384616 ], [ -90.477480671993789, 42.383851781240473 ], [ -90.477279, 42.383794 ], [ -90.474121, 42.381729 ], [ -90.473851845669785, 42.381493000335219 ], [ -90.47381223604512, 42.381458269858662 ], [ -90.473740023711116, 42.38139495270304 ], [ -90.470273, 42.378355 ], [ -90.468909665138966, 42.376142097489897 ], [ -90.46814242244578, 42.374896744400118 ], [ -90.464788, 42.369452 ], [ -90.464263093676735, 42.368919833561627 ], [ -90.464222861651308, 42.368879045076618 ], [ -90.463451000599463, 42.368096508214926 ], [ -90.46336570692732, 42.368010034823953 ], [ -90.462619, 42.367253 ], [ -90.459477353417753, 42.364728887788864 ], [ -90.452724, 42.359303 ], [ -90.44632, 42.357041 ], [ -90.445874434723692, 42.356708920891798 ], [ -90.444415619761969, 42.355621668367213 ], [ -90.443874, 42.355218 ], [ -90.443222587231176, 42.354320743426605 ], [ -90.440906519940498, 42.351130590116121 ], [ -90.430546, 42.33686 ], [ -90.42923777374854, 42.335788531653982 ], [ -90.425363, 42.332615 ], [ -90.42135, 42.330472 ], [ -90.419027, 42.328505 ], [ -90.416535, 42.325109 ], [ -90.415937, 42.322699 ], [ -90.4162, 42.321314 ], [ -90.41655933880584, 42.32078140161866 ], [ -90.416791838266306, 42.320436799715594 ], [ -90.417125, 42.319943 ], [ -90.420075, 42.317681 ], [ -90.421047, 42.316109 ], [ -90.4203, 42.31169 ], [ -90.420454, 42.305374 ], [ -90.42232997369203, 42.299536776073978 ], [ -90.423924120791838, 42.294576475387331 ], [ -90.424326, 42.293326 ], [ -90.426255104376409, 42.291378971308873 ], [ -90.426909, 42.290719 ], [ -90.429325085922756, 42.286609254264185 ], [ -90.430627312338956, 42.284394175979628 ], [ -90.430735, 42.284211 ], [ -90.430753560477797, 42.283465964981552 ], [ -90.430884, 42.27823 ], [ -90.425754125724168, 42.269259901538902 ], [ -90.425428880082464, 42.268691176990671 ], [ -90.424098, 42.266364 ], [ -90.422380254658989, 42.26057097776232 ], [ -90.422302591877752, 42.260309063374898 ], [ -90.422181, 42.259899 ], [ -90.419326, 42.254467 ], [ -90.419004454628023, 42.254169268848536 ], [ -90.418763345197419, 42.253946016409969 ], [ -90.417879675114989, 42.253127792501026 ], [ -90.416315, 42.251679 ], [ -90.415212362145922, 42.25093749302421 ], [ -90.410471, 42.247749 ], [ -90.400653, 42.239293 ], [ -90.395883, 42.233133 ], [ -90.39486507849243, 42.229476022732008 ], [ -90.394749, 42.229059 ], [ -90.394002855229729, 42.228324126298801 ], [ -90.391108, 42.225473 ], [ -90.375129, 42.214811 ], [ -90.365138, 42.210526 ], [ -90.360332473406444, 42.207538860212665 ], [ -90.356964, 42.205445 ], [ -90.338169, 42.203321 ], [ -90.328273, 42.201047 ], [ -90.317774, 42.193789 ], [ -90.317295747651599, 42.193635297235637 ], [ -90.317104655119479, 42.193573883108691 ], [ -90.315995667198507, 42.193217471875826 ], [ -90.3068884972718, 42.190290571050618 ], [ -90.302882908511961, 42.189003237977708 ], [ -90.298442, 42.187576 ], [ -90.296378033546844, 42.186468468674406 ], [ -90.296151211202243, 42.186346755043047 ], [ -90.282173, 42.178846 ], [ -90.26908, 42.1745 ], [ -90.255456, 42.171821 ], [ -90.250129, 42.171469 ], [ -90.234919, 42.165431 ], [ -90.224244, 42.160028 ], [ -90.216107, 42.15673 ], [ -90.209479, 42.15268 ], [ -90.207895986808722, 42.149933187509234 ], [ -90.207421, 42.149109 ], [ -90.206369, 42.1455 ], [ -90.206263562679112, 42.144829025731021 ], [ -90.20536, 42.139079 ], [ -90.201404, 42.130937 ], [ -90.197342, 42.128163 ], [ -90.195041191696603, 42.127366900290973 ], [ -90.194708431565218, 42.127251762387715 ], [ -90.190452, 42.125779 ], [ -90.187474, 42.125423 ], [ -90.186849527851081, 42.125414486534538 ], [ -90.17097, 42.125198 ], [ -90.170756904099889, 42.125029172494614 ], [ -90.167533, 42.122475 ], [ -90.166925267963435, 42.121720641799357 ], [ -90.166853488365945, 42.121631544097198 ], [ -90.162895, 42.116718 ], [ -90.161884, 42.11378 ], [ -90.161485323099569, 42.109706346926444 ], [ -90.16121980661886, 42.106993317837947 ], [ -90.161159, 42.106372 ], [ -90.161178881139591, 42.105942106372908 ], [ -90.161329820877754, 42.102678307976603 ], [ -90.161397926940651, 42.101205637747405 ], [ -90.161504, 42.098912 ], [ -90.161699064735501, 42.097752591032886 ], [ -90.162240341281844, 42.094535398135918 ], [ -90.162539564979156, 42.092756898106508 ], [ -90.163049857920697, 42.089723862890047 ], [ -90.163322553520103, 42.088103038283151 ], [ -90.163405, 42.087613 ], [ -90.16351211606883, 42.087357071964746 ], [ -90.163627053174082, 42.087082457447536 ], [ -90.168308285266619, 42.075897781375907 ], [ -90.168322430282075, 42.075863985269926 ], [ -90.168358, 42.075779 ], [ -90.168231064037343, 42.075183899933883 ], [ -90.165895474574398, 42.064234209911604 ], [ -90.165555, 42.062638 ], [ -90.165379011554322, 42.054772462763054 ], [ -90.165294, 42.050973 ], [ -90.164485, 42.042105 ], [ -90.164379204081357, 42.041932101568968 ], [ -90.163446, 42.040407 ], [ -90.158829, 42.037769 ], [ -90.154221, 42.033073 ], [ -90.201306, 42.033049 ], [ -90.201391, 42.03305 ], [ -90.218585, 42.033111 ], [ -90.223398, 42.033156 ], [ -90.262707, 42.033333 ], [ -90.315913, 42.033528 ], [ -90.363307, 42.03354 ], [ -90.364457, 42.03354 ], [ -90.37223, 42.033528 ], [ -90.374485, 42.033426 ], [ -90.404047, 42.033341 ], [ -90.423158, 42.033296 ], [ -90.432665, 42.033456 ], [ -90.441322, 42.033511 ], [ -90.529412, 42.03296 ], [ -90.54868, 42.032836 ], [ -90.558402, 42.032814 ], [ -90.577817, 42.032584 ], [ -90.634454, 42.03273 ], [ -90.638871, 42.032663 ], [ -90.64682, 42.032694 ], [ -90.652244, 42.032714 ], [ -90.659882, 42.032729 ], [ -90.660169, 42.03273 ], [ -90.663357, 42.032736 ], [ -90.665279, 42.03274 ], [ -90.70371, 42.032695 ], [ -90.7226, 42.032929 ], [ -90.724506, 42.032929 ], [ -90.724618, 42.032929 ], [ -90.727072, 42.032929 ], [ -90.743226, 42.032928 ], [ -90.745975, 42.032928 ], [ -90.753259, 42.032746 ], [ -90.759587, 42.032694 ], [ -90.766418, 42.032638 ], [ -90.772269, 42.032718 ], [ -90.778548, 42.032803 ], [ -90.782184, 42.032852 ], [ -90.82098, 42.032994 ], [ -90.823869, 42.033241 ], [ -90.828997, 42.033372 ], [ -90.832557, 42.03332 ], [ -90.860599, 42.033405 ], [ -90.876729, 42.033481 ], [ -90.877071, 42.033483 ], [ -90.879686, 42.033491 ], [ -90.898373, 42.033548 ], [ -90.898366, 42.037214 ], [ -90.89836, 42.062495 ], [ -90.898417, 42.073456 ], [ -90.898317, 42.084889 ], [ -90.898226, 42.120593 ], [ -90.898655, 42.135017 ], [ -90.898532, 42.149939 ], [ -90.89849, 42.152648 ], [ -90.898451, 42.161431 ], [ -90.898444, 42.163184 ], [ -90.898458, 42.170295 ], [ -90.898354, 42.172428 ], [ -90.898299, 42.188146 ], [ -90.898286, 42.191996 ], [ -90.898268, 42.206475 ], [ -90.898267, 42.208472 ], [ -90.89816, 42.229321 ], [ -90.898211, 42.243751 ], [ -90.898096, 42.264707 ], [ -90.898046, 42.279849 ], [ -90.89802, 42.295236 ], [ -90.933511, 42.295303 ], [ -90.935174, 42.295235 ], [ -90.940121, 42.295299 ], [ -90.942258, 42.295326 ], [ -90.975987, 42.295777 ], [ -90.997741, 42.295633 ], [ -90.999431, 42.295675 ], [ -91.000139, 42.295692 ], [ -91.00037, 42.295694 ], [ -91.001181, 42.295702 ], [ -91.003281, 42.295723 ], [ -91.003523, 42.295725 ], [ -91.003952, 42.29573 ], [ -91.00409, 42.295731 ], [ -91.010739, 42.295768 ], [ -91.012587, 42.295769 ], [ -91.013634, 42.29577 ], [ -91.015009, 42.295726 ], [ -91.017607, 42.295749 ], [ -91.018685, 42.295726 ], [ -91.021767, 42.29575 ], [ -91.023461, 42.295751 ], [ -91.024878, 42.295729 ], [ -91.052846, 42.29575 ], [ -91.07041, 42.295782 ], [ -91.111274, 42.295855 ], [ -91.120049, 42.29587 ], [ -91.123604, 42.295877 ], [ -91.126663, 42.295712 ], [ -91.13008, 42.295702 ], [ -91.164451, 42.295728 ], [ -91.197043, 42.29589 ], [ -91.197197, 42.29589 ], [ -91.213717, 42.295958 ], [ -91.223566, 42.295998 ], [ -91.235919, 42.296062 ], [ -91.237233, 42.296041 ], [ -91.246609, 42.295897 ], [ -91.266213, 42.295951 ], [ -91.363145, 42.296241 ], [ -91.445811, 42.296118 ], [ -91.451133, 42.296099 ], [ -91.466394, 42.296029 ], [ -91.471103, 42.295998 ], [ -91.479804, 42.295942 ], [ -91.496932, 42.295934 ], [ -91.498382, 42.295933 ], [ -91.518916, 42.296031 ], [ -91.558258, 42.296176 ], [ -91.57058, 42.296232 ], [ -91.5728, 42.296199 ], [ -91.577693, 42.29622 ], [ -91.577976, 42.296221 ], [ -91.596923, 42.29624 ], [ -91.652492, 42.296328 ], [ -91.657703, 42.29633 ], [ -91.665396, 42.296334 ], [ -91.67716, 42.296353 ], [ -91.681292, 42.296336 ], [ -91.68496, 42.296405 ], [ -91.697606, 42.296424 ], [ -91.699686, 42.296427 ], [ -91.702908, 42.296379 ], [ -91.704863, 42.296289 ], [ -91.714391, 42.296441 ], [ -91.743756, 42.297026 ], [ -91.75845, 42.297306 ], [ -91.778044, 42.297428 ], [ -91.793388, 42.297981 ], [ -91.831038, 42.298942 ], [ -91.831466, 42.284234 ], [ -91.831605, 42.269848 ], [ -91.831676, 42.26262 ], [ -91.832075, 42.244595 ], [ -91.832464, 42.224678 ], [ -91.832254, 42.222907 ], [ -91.832378, 42.212028 ], [ -91.833289, 42.1762 ], [ -91.834407, 42.124371 ], [ -91.83396, 42.087742 ], [ -91.834218, 42.083653 ], [ -91.834315, 42.083333 ], [ -91.834721, 42.065943 ], [ -91.834996, 42.055117 ], [ -91.835071, 42.05094 ], [ -91.835285, 42.036877 ], [ -91.833717, 41.963904 ], [ -91.833332, 41.949377 ], [ -91.833204, 41.945409 ], [ -91.833076, 41.937473 ], [ -91.832291, 41.912674 ], [ -91.831811, 41.890899 ], [ -91.831806, 41.890544 ], [ -91.831754, 41.886382 ], [ -91.831722, 41.883877 ], [ -91.831718, 41.883579 ], [ -91.831715, 41.883284 ], [ -91.831733, 41.882699 ], [ -91.831715, 41.87962 ], [ -91.831699, 41.879316 ], [ -91.831635, 41.877924 ], [ -91.831653, 41.877488 ], [ -91.831683, 41.87554 ], [ -91.831738, 41.875004 ], [ -91.831775, 41.872796 ], [ -91.831731, 41.870239 ], [ -91.831718, 41.869455 ], [ -91.831587, 41.86177 ], [ -91.831369, 41.847108 ], [ -91.831297, 41.838798 ], [ -91.831271, 41.829701 ], [ -91.831273, 41.829564 ], [ -91.831239, 41.82485 ], [ -91.831228, 41.823236 ], [ -91.831145, 41.810944 ], [ -91.831173, 41.803579 ], [ -91.831506, 41.790312 ], [ -91.831475, 41.789809 ], [ -91.831589, 41.784548 ], [ -91.831812, 41.774341 ], [ -91.832072, 41.762472 ], [ -91.832138, 41.759476 ], [ -91.832198, 41.75728 ], [ -91.832316, 41.754446 ], [ -91.832362, 41.753344 ], [ -91.832681, 41.744943 ], [ -91.832756, 41.743109 ], [ -91.832832, 41.741237 ], [ -91.832983, 41.737578 ], [ -91.833862, 41.715754 ], [ -91.834007, 41.688418 ], [ -91.834006, 41.68734 ], [ -91.834006, 41.686588 ], [ -91.833941, 41.681795 ], [ -91.833873, 41.676803 ], [ -91.83329, 41.643719 ], [ -91.833255, 41.640486 ], [ -91.833133, 41.629284 ], [ -91.833144, 41.61717 ], [ -91.833276, 41.60748 ], [ -91.833078, 41.600414 ], [ -91.82706, 41.600452 ], [ -91.827108, 41.598027 ], [ -91.827389, 41.583849 ], [ -91.827872, 41.569391 ], [ -91.827946, 41.565818 ], [ -91.827988, 41.563787 ], [ -91.828023, 41.562095 ], [ -91.82809, 41.558053 ], [ -91.82825, 41.551382 ], [ -91.82827, 41.550755 ], [ -91.82938, 41.511446 ], [ -91.844294, 41.511443 ], [ -91.887214, 41.511091 ], [ -91.920906, 41.510939 ], [ -91.934905, 41.510895 ], [ -91.946043, 41.510749 ], [ -91.950762, 41.510687 ], [ -91.965033, 41.510645 ], [ -91.967197, 41.510638 ], [ -91.972462, 41.510637 ], [ -92.013129, 41.510584 ], [ -92.014055, 41.510582 ], [ -92.032425, 41.510545 ], [ -92.039584, 41.51045 ], [ -92.051752, 41.510434 ], [ -92.064991, 41.510411 ], [ -92.071452, 41.510371 ], [ -92.076459, 41.510295 ], [ -92.078936, 41.510299 ], [ -92.081883, 41.510294 ], [ -92.142135, 41.510175 ], [ -92.144688, 41.510197 ], [ -92.156578, 41.510155 ], [ -92.181745, 41.510037 ], [ -92.196507, 41.50995 ], [ -92.200981, 41.509927 ], [ -92.219946, 41.509906 ], [ -92.227856, 41.509898 ], [ -92.258812, 41.509707 ], [ -92.297465, 41.50965 ], [ -92.29745, 41.574623 ], [ -92.297602, 41.576361 ], [ -92.297687, 41.601344 ], [ -92.299333, 41.601413 ], [ -92.299359, 41.626459 ], [ -92.299451, 41.62806 ], [ -92.300146, 41.659585 ], [ -92.299865, 41.688959 ], [ -92.299833, 41.695303 ], [ -92.299803, 41.69571 ], [ -92.299982, 41.714284 ], [ -92.299935, 41.725161 ], [ -92.299933, 41.725281 ], [ -92.299894, 41.727363 ], [ -92.299887, 41.727781 ], [ -92.299764, 41.731759 ], [ -92.299764, 41.731918 ], [ -92.299773, 41.733411 ], [ -92.2998, 41.735512 ], [ -92.29981, 41.736357 ], [ -92.299883, 41.745717 ], [ -92.299545, 41.761569 ], [ -92.299502, 41.763696 ], [ -92.299329, 41.772366 ], [ -92.299291, 41.776086 ], [ -92.298928, 41.796318 ], [ -92.298836, 41.79792 ], [ -92.298164, 41.862779 ], [ -92.39169, 41.862458 ], [ -92.415744, 41.862405 ], [ -92.533217, 41.862197 ], [ -92.630188, 41.862139 ], [ -92.649743, 41.862285 ], [ -92.708249, 41.862315 ], [ -92.766085, 41.862372 ], [ -92.766075, 41.876827 ], [ -92.765974, 41.891491 ], [ -92.765795, 41.920229 ], [ -92.765776, 41.923042 ], [ -92.765849, 41.949338 ], [ -92.765804, 41.956508 ], [ -92.766035, 41.981265 ], [ -92.766147, 41.99254 ], [ -92.766115, 41.99932 ], [ -92.766291, 42.006654 ], [ -92.766313, 42.009494 ], [ -92.766347, 42.013952 ], [ -92.766538, 42.031432 ], [ -92.766577, 42.035043 ], [ -92.766813, 42.092784 ], [ -92.766883, 42.123324 ], [ -92.766878, 42.13067 ], [ -92.767221, 42.166814 ], [ -92.767468, 42.210096 ], [ -92.776527, 42.210067 ], [ -92.787097, 42.210034 ], [ -92.845224, 42.210031 ], [ -92.869334, 42.210021 ], [ -92.874271, 42.210042 ], [ -92.885206, 42.210001 ], [ -92.904592, 42.209825 ], [ -93.000201, 42.209241 ], [ -93.00153, 42.209219 ], [ -93.001777, 42.256298 ], [ -93.001874, 42.267259 ], [ -93.001891, 42.28174 ], [ -93.00197, 42.296219 ], [ -93.00216, 42.353774 ], [ -93.002239, 42.368301 ], [ -93.002176, 42.37447 ], [ -93.002255, 42.383496 ], [ -93.00255, 42.397931 ], [ -93.002788, 42.47072 ], [ -93.027115, 42.470843 ], [ -93.026598, 42.499669 ], [ -93.026594, 42.499979 ], [ -93.026701, 42.528658 ], [ -93.026778, 42.556611 ], [ -93.026713, 42.562321 ], [ -93.026694, 42.564017 ], [ -93.026262, 42.643202 ], [ -93.026218, 42.664978 ], [ -93.026111, 42.696477 ], [ -93.026061, 42.7009 ], [ -93.025877, 42.730659 ], [ -93.025736, 42.745082 ], [ -93.025601, 42.763076 ], [ -93.025599, 42.766736 ], [ -93.02535, 42.81859 ], [ -93.024923, 42.907745 ], [ -93.143112, 42.907627 ], [ -93.16281, 42.907632 ], [ -93.182725, 42.907641 ], [ -93.241406, 42.907667 ], [ -93.261923, 42.907806 ], [ -93.330955, 42.907804 ], [ -93.340514, 42.907814 ], [ -93.351006, 42.90788 ], [ -93.379768, 42.907963 ], [ -93.438918, 42.908297 ], [ -93.458521, 42.908341 ], [ -93.473937, 42.908399 ], [ -93.488311, 42.908433 ], [ -93.491456, 42.908436 ], [ -93.498628, 42.908441 ], [ -93.498455, 42.922987 ], [ -93.498015, 42.980831 ], [ -93.497842, 42.995264 ], [ -93.497763, 43.009719 ], [ -93.497757, 43.06763 ], [ -93.49771, 43.083138 ], [ -93.497707, 43.110767 ], [ -93.49765, 43.118054 ], [ -93.49769, 43.126528 ], [ -93.497673, 43.14096 ], [ -93.497608, 43.169664 ], [ -93.497536, 43.255391 ], [ -93.497633, 43.320872 ], [ -93.497489, 43.342989 ], [ -93.497445, 43.351817 ], [ -93.497451, 43.357489 ], [ -93.4975, 43.368434 ], [ -93.497591, 43.379219 ], [ -93.497845, 43.408317 ], [ -93.497798, 43.422749 ], [ -93.497726, 43.430135 ], [ -93.497651, 43.438926 ], [ -93.497631, 43.444637 ], [ -93.497405, 43.499456 ], [ -93.488261, 43.499417 ], [ -93.482009, 43.499482 ], [ -93.47855289260167, 43.499451212296947 ], [ -93.472804, 43.4994 ], [ -93.468563, 43.499473 ], [ -93.428509, 43.499478 ], [ -93.40862999583517, 43.499482721212892 ], [ -93.399035, 43.499485 ], [ -93.398690002525242, 43.499484650216722 ], [ -93.379920887514388, 43.499465620737141 ], [ -93.353361, 43.499438692411715 ], [ -93.298979271826369, 43.499383556301872 ], [ -93.289043999999819, 43.499373483208267 ], [ -93.2718, 43.499356 ], [ -93.260984119541632, 43.49940914867085 ], [ -93.228861, 43.499567 ], [ -93.226159094655472, 43.499567066083237 ], [ -93.201242846735042, 43.499567675485089 ], [ -93.169259017834392, 43.499568457745916 ], [ -93.149713222363388, 43.499568935797178 ], [ -93.149713222340381, 43.499568935797178 ], [ -93.149713222317018, 43.499568935797178 ], [ -93.149713222295276, 43.499568935797178 ], [ -93.149713222273178, 43.499568935797178 ], [ -93.149713222246916, 43.499568935797129 ], [ -93.14121100401735, 43.499569143744516 ], [ -93.101011602733067, 43.499570126941904 ], [ -93.049303829975955, 43.499571391611141 ], [ -93.024429, 43.499572 ], [ -93.007871, 43.499604 ], [ -92.979450802313579, 43.49959243313608 ], [ -92.949478562501199, 43.499580234599634 ], [ -92.929633177811056, 43.499572157637346 ], [ -92.918476747825849, 43.499567617031829 ], [ -92.905643963076528, 43.499562394159099 ], [ -92.904342417125562, 43.499561864437098 ], [ -92.890407167131528, 43.499556192867118 ], [ -92.870277, 43.499548 ], [ -92.830376039673737, 43.499557481218666 ], [ -92.810392964061649, 43.499562229573264 ], [ -92.808792683075765, 43.499562609830171 ], [ -92.790317, 43.499567 ], [ -92.752088, 43.500084 ], [ -92.707312, 43.500069 ], [ -92.692786, 43.500063 ], [ -92.689033, 43.500062 ], [ -92.67258, 43.500055 ], [ -92.653318, 43.50005 ], [ -92.649194, 43.500049 ], [ -92.568853393823161, 43.500258985027578 ], [ -92.553161, 43.5003 ], [ -92.539082012948697, 43.500307146210289 ], [ -92.464505, 43.500345 ], [ -92.448946706246247, 43.500420174339759 ], [ -92.435614855404964, 43.500484590984819 ], [ -92.408832, 43.500614 ], [ -92.40613, 43.500476 ], [ -92.388298, 43.500483 ], [ -92.376180802048211, 43.500464877321242 ], [ -92.368908, 43.500454 ], [ -92.355734257929328, 43.50045136008908 ], [ -92.330536770984764, 43.500446310717393 ], [ -92.329370003745112, 43.500446076906755 ], [ -92.316281016184419, 43.500443453979891 ], [ -92.309404928704936, 43.500442076067827 ], [ -92.279084, 43.500436 ], [ -92.277425, 43.500466 ], [ -92.209580912344563, 43.500518627762375 ], [ -92.199237956739324, 43.50052665096127 ], [ -92.198788, 43.500527 ], [ -92.178863, 43.500713 ], [ -92.103886, 43.500735 ], [ -92.08997, 43.500684 ], [ -92.089481999460261, 43.500682197282345 ], [ -92.079954, 43.500647 ], [ -92.009505601717436, 43.500559261076162 ], [ -91.977141332974639, 43.500518953472593 ], [ -91.970716095436273, 43.500510951254661 ], [ -91.969923016792166, 43.500509963526582 ], [ -91.966892263825045, 43.500506188919758 ], [ -91.950475705845662, 43.500485743158578 ], [ -91.949879, 43.500485 ], [ -91.941837, 43.500554 ], [ -91.871494032167504, 43.500632166202124 ], [ -91.851016874068705, 43.500654920739315 ], [ -91.849913424861782, 43.500656146909279 ], [ -91.824848, 43.500684 ], [ -91.807156, 43.500648 ], [ -91.804925, 43.500716 ], [ -91.79065524437334, 43.500764428661576 ], [ -91.790612402189126, 43.500764574059254 ], [ -91.77929, 43.500803 ], [ -91.777688, 43.500711 ], [ -91.761414, 43.500637 ], [ -91.738446, 43.500525 ], [ -91.736558, 43.500561 ], [ -91.73333, 43.500623 ], [ -91.731400000191044, 43.500660027933058 ], [ -91.730359, 43.50068 ], [ -91.700749, 43.500581 ], [ -91.670872, 43.500513 ], [ -91.658401, 43.500533 ], [ -91.651396, 43.500454 ], [ -91.644924, 43.500529 ], [ -91.639772, 43.500573 ], [ -91.635626, 43.500463 ], [ -91.634495, 43.500439 ], [ -91.634244, 43.500479 ], [ -91.625611, 43.500727 ], [ -91.620785, 43.500677 ], [ -91.617407, 43.500687 ], [ -91.616895, 43.500663 ], [ -91.615293, 43.50055 ], [ -91.610895, 43.50053 ], [ -91.591073, 43.500536 ], [ -91.551021, 43.500539 ], [ -91.54122, 43.500515 ], [ -91.533806, 43.50056 ], [ -91.491042, 43.50069 ], [ -91.465305969252753, 43.500608766907106 ], [ -91.465063, 43.500608 ], [ -91.464667076921117, 43.500611677973971 ], [ -91.461403, 43.500642 ], [ -91.445932, 43.500588 ], [ -91.441786, 43.500438 ], [ -91.397319, 43.500887 ], [ -91.37695, 43.500482 ], [ -91.37178616320125, 43.500929558299845 ], [ -91.371608, 43.500945 ], [ -91.369325, 43.500827 ] ] ] } },
{ "type": "Feature", "properties": { "DISTRICT": "3", "STARTCONG": "103", "ENDCONG": "107", "BESTDEC": "Iowa_CD_1992_2000", "ST": "19", "STA": "IA", "ELECT_YEAR": "1992-2000", "TYPE": "US Cong" }, "geometry": { "type": "Polygon", "coordinates": [ [ [ -92.776527, 42.210067 ], [ -92.767468, 42.210096 ], [ -92.767221, 42.166814 ], [ -92.766878, 42.13067 ], [ -92.766883, 42.123324 ], [ -92.766813, 42.092784 ], [ -92.766577, 42.035043 ], [ -92.766538, 42.031432 ], [ -92.766347, 42.013952 ], [ -92.766313, 42.009494 ], [ -92.766291, 42.006654 ], [ -92.766115, 41.99932 ], [ -92.766147, 41.99254 ], [ -92.766035, 41.981265 ], [ -92.765804, 41.956508 ], [ -92.765849, 41.949338 ], [ -92.765776, 41.923042 ], [ -92.765795, 41.920229 ], [ -92.765974, 41.891491 ], [ -92.766075, 41.876827 ], [ -92.766085, 41.862372 ], [ -92.708249, 41.862315 ], [ -92.649743, 41.862285 ], [ -92.630188, 41.862139 ], [ -92.533217, 41.862197 ], [ -92.415744, 41.862405 ], [ -92.39169, 41.862458 ], [ -92.298164, 41.862779 ], [ -92.298836, 41.79792 ], [ -92.298928, 41.796318 ], [ -92.299291, 41.776086 ], [ -92.299329, 41.772366 ], [ -92.299502, 41.763696 ], [ -92.299545, 41.761569 ], [ -92.299883, 41.745717 ], [ -92.29981, 41.736357 ], [ -92.2998, 41.735512 ], [ -92.299773, 41.733411 ], [ -92.299764, 41.731918 ], [ -92.299764, 41.731759 ], [ -92.299887, 41.727781 ], [ -92.299894, 41.727363 ], [ -92.299933, 41.725281 ], [ -92.299935, 41.725161 ], [ -92.299982, 41.714284 ], [ -92.299803, 41.69571 ], [ -92.299833, 41.695303 ], [ -92.299865, 41.688959 ], [ -92.300146, 41.659585 ], [ -92.299451, 41.62806 ], [ -92.299359, 41.626459 ], [ -92.299333, 41.601413 ], [ -92.297687, 41.601344 ], [ -92.297602, 41.576361 ], [ -92.29745, 41.574623 ], [ -92.297465, 41.50965 ], [ -92.258812, 41.509707 ], [ -92.227856, 41.509898 ], [ -92.219946, 41.509906 ], [ -92.200981, 41.509927 ], [ -92.196507, 41.50995 ], [ -92.181745, 41.510037 ], [ -92.156578, 41.510155 ], [ -92.144688, 41.510197 ], [ -92.142135, 41.510175 ], [ -92.081883, 41.510294 ], [ -92.078936, 41.510299 ], [ -92.076459, 41.510295 ], [ -92.071452, 41.510371 ], [ -92.064991, 41.510411 ], [ -92.051752, 41.510434 ], [ -92.039584, 41.51045 ], [ -92.032425, 41.510545 ], [ -92.014055, 41.510582 ], [ -92.013129, 41.510584 ], [ -91.972462, 41.510637 ], [ -91.967197, 41.510638 ], [ -91.965033, 41.510645 ], [ -91.950762, 41.510687 ], [ -91.946043, 41.510749 ], [ -91.934905, 41.510895 ], [ -91.920906, 41.510939 ], [ -91.887214, 41.511091 ], [ -91.844294, 41.511443 ], [ -91.82938, 41.511446 ], [ -91.790733, 41.511605 ], [ -91.783394, 41.511582 ], [ -91.778758, 41.511561 ], [ -91.771818, 41.511596 ], [ -91.767082, 41.511531 ], [ -91.752168, 41.51141 ], [ -91.71378, 41.511174 ], [ -91.705016, 41.51113 ], [ -91.6842, 41.510994 ], [ -91.637723, 41.51072 ], [ -91.61827, 41.510816 ], [ -91.608579, 41.510874 ], [ -91.598829, 41.510891 ], [ -91.52063, 41.511022 ], [ -91.527056, 41.509678 ], [ -91.528094, 41.508609 ], [ -91.527935, 41.507763 ], [ -91.527121, 41.50689 ], [ -91.519365, 41.502542 ], [ -91.519901, 41.498932 ], [ -91.518579, 41.497273 ], [ -91.516018, 41.496832 ], [ -91.514018, 41.497443 ], [ -91.513001, 41.498387 ], [ -91.511137, 41.501894 ], [ -91.509634, 41.50262 ], [ -91.508228, 41.502482 ], [ -91.507267, 41.500876 ], [ -91.507428, 41.50002 ], [ -91.510429, 41.497899 ], [ -91.51095, 41.496203 ], [ -91.510674, 41.494689 ], [ -91.509203, 41.493247 ], [ -91.507153, 41.492715 ], [ -91.504728, 41.493448 ], [ -91.503829, 41.492881 ], [ -91.501969, 41.488738 ], [ -91.50207, 41.478162 ], [ -91.502605, 41.476921 ], [ -91.503976, 41.476474 ], [ -91.505755, 41.476274 ], [ -91.510894, 41.476906 ], [ -91.513072, 41.475869 ], [ -91.513948, 41.474691 ], [ -91.516146, 41.468852 ], [ -91.515852, 41.468009 ], [ -91.514378, 41.466986 ], [ -91.507254, 41.463079 ], [ -91.499175, 41.459459 ], [ -91.498473, 41.453415 ], [ -91.502088, 41.451839 ], [ -91.502945, 41.449383 ], [ -91.500658, 41.446641 ], [ -91.491095, 41.441084 ], [ -91.483863, 41.428194 ], [ -91.483858, 41.424143 ], [ -91.483858, 41.423692 ], [ -91.483882, 41.419184 ], [ -91.48388, 41.418756 ], [ -91.483845, 41.409347 ], [ -91.483983, 41.391413 ], [ -91.484761, 41.336893 ], [ -91.484984, 41.307772 ], [ -91.485095, 41.293223 ], [ -91.485208, 41.281053 ], [ -91.48523, 41.271468 ], [ -91.485271, 41.267987 ], [ -91.485285, 41.266853 ], [ -91.485514, 41.249603 ], [ -91.485921, 41.220663 ], [ -91.485878, 41.162392 ], [ -91.447798, 41.161899 ], [ -91.439565, 41.161893 ], [ -91.437392, 41.161892 ], [ -91.433894, 41.161866 ], [ -91.4188, 41.161646 ], [ -91.409326, 41.161644 ], [ -91.370375, 41.16127 ], [ -91.370443, 41.139904 ], [ -91.370501, 41.13215 ], [ -91.370534, 41.103251 ], [ -91.370541, 41.101126 ], [ -91.370751, 41.074154 ], [ -91.332033, 41.074167 ], [ -91.326145, 41.074168 ], [ -91.30833, 41.074192 ], [ -91.2554, 41.074109 ], [ -91.198681, 41.0733 ], [ -91.191664, 41.073244 ], [ -91.188404, 41.073219 ], [ -91.183118, 41.073177 ], [ -91.171413, 41.073071 ], [ -91.170964, 41.073067 ], [ -91.132335, 41.072921 ], [ -91.130824, 41.072897 ], [ -91.121766, 41.072901 ], [ -91.121266, 41.072898 ], [ -91.11421, 41.07297 ], [ -91.102953, 41.072988 ], [ -91.102839, 41.072988 ], [ -91.073224, 41.073004 ], [ -91.071408, 41.07301 ], [ -91.068823, 41.073019 ], [ -91.054968, 41.07305 ], [ -91.044662, 41.073025 ], [ -91.031783, 41.072962 ], [ -91.006427, 41.072943 ], [ -91.000143, 41.072894 ], [ -90.976057, 41.072839 ], [ -90.949383, 41.072711 ], [ -90.949136, 41.070611 ], [ -90.948990195605461, 41.07025000506615 ], [ -90.945549, 41.06173 ], [ -90.944577, 41.052255 ], [ -90.943652, 41.048637 ], [ -90.94232, 41.038472 ], [ -90.942253, 41.034702 ], [ -90.943272673675224, 41.029581053372496 ], [ -90.945324, 41.019279 ], [ -90.945054, 41.011917 ], [ -90.945949, 41.006495 ], [ -90.949634, 40.995248 ], [ -90.955201, 40.986805 ], [ -90.955460082509873, 40.986184999080429 ], [ -90.958142, 40.979767 ], [ -90.958089, 40.976643 ], [ -90.955111, 40.969858 ], [ -90.952715, 40.962087 ], [ -90.951967, 40.958238 ], [ -90.952233, 40.954047 ], [ -90.953787682164759, 40.950704688397579 ], [ -90.956744361982786, 40.944348311843797 ], [ -90.957209770660924, 40.943347759537971 ], [ -90.960462, 40.936356 ], [ -90.962916, 40.924957 ], [ -90.965344, 40.921633 ], [ -90.968995, 40.919127 ], [ -90.97919, 40.915522 ], [ -90.985462, 40.912141 ], [ -90.9985, 40.90812 ], [ -90.999458347016628, 40.907554050034236 ], [ -91.00152849966986, 40.906331525413393 ], [ -91.002806144663325, 40.905577014648756 ], [ -91.003536, 40.905146 ], [ -91.004002543660661, 40.904789793915072 ], [ -91.006414764315394, 40.902948063445194 ], [ -91.009536, 40.900565 ], [ -91.010613086667149, 40.899418414490171 ], [ -91.011665959228338, 40.898297605497433 ], [ -91.012761106895439, 40.89713179360453 ], [ -91.013046987807741, 40.896827466272683 ], [ -91.01324, 40.896622 ], [ -91.01390239338599, 40.895619017657161 ], [ -91.015228175472146, 40.893611545887467 ], [ -91.017400356763531, 40.890322473975338 ], [ -91.021562, 40.884021 ], [ -91.027002997706674, 40.87957052642453 ], [ -91.027489, 40.879173 ], [ -91.027788292437435, 40.879039927502305 ], [ -91.02792033494562, 40.878981218279598 ], [ -91.036789, 40.875038 ], [ -91.039097, 40.873565 ], [ -91.040606508261277, 40.87214976808265 ], [ -91.04293883013726, 40.869963111377771 ], [ -91.044653, 40.868356 ], [ -91.047344, 40.864654 ], [ -91.050241, 40.858514 ], [ -91.05643, 40.848387 ], [ -91.058749, 40.846309 ], [ -91.067159, 40.841997 ], [ -91.077521, 40.833405 ], [ -91.078017645157217, 40.833058088352061 ], [ -91.078332028071728, 40.832838488717648 ], [ -91.090072, 40.824638 ], [ -91.09156984260278, 40.822813001087553 ], [ -91.092993, 40.821079 ], [ -91.0933997555574, 40.820080110541411 ], [ -91.093501341334346, 40.819830641394944 ], [ -91.096076189014795, 40.813507462377892 ], [ -91.096503674645049, 40.812457665068379 ], [ -91.096567672547636, 40.812300502298029 ], [ -91.096846, 40.811617 ], [ -91.097014188235661, 40.810351503960327 ], [ -91.097212498697246, 40.808859359740076 ], [ -91.097649, 40.805575 ], [ -91.097359309532322, 40.804119985094367 ], [ -91.097031, 40.802471 ], [ -91.094789435473231, 40.797982237695251 ], [ -91.094716613653603, 40.797836411048337 ], [ -91.092907171961514, 40.794212980376095 ], [ -91.092256, 40.792909 ], [ -91.092088946456471, 40.791886003795312 ], [ -91.092009088243799, 40.791396971077091 ], [ -91.091847899446691, 40.790409889185923 ], [ -91.09174776096296, 40.789796664906845 ], [ -91.091608860572791, 40.788946071923483 ], [ -91.091246, 40.786724 ], [ -91.091596245878634, 40.781346921040466 ], [ -91.091626664773671, 40.780879921111492 ], [ -91.091665987952013, 40.780276219975242 ], [ -91.091676570324168, 40.780113756248674 ], [ -91.091703, 40.779708 ], [ -91.092180422285651, 40.778352896654738 ], [ -91.092363570135035, 40.777833054429344 ], [ -91.093605388461469, 40.774308308687452 ], [ -91.094510004465889, 40.771740669491109 ], [ -91.096133, 40.767134 ], [ -91.098105, 40.763233 ], [ -91.102486, 40.757076 ], [ -91.105489577786116, 40.753847968641125 ], [ -91.1082, 40.750935 ], [ -91.108313831245482, 40.750658252902689 ], [ -91.108399812591614, 40.750449214621085 ], [ -91.110424, 40.745528 ], [ -91.114249172443067, 40.730863998693096 ], [ -91.115735, 40.725168 ], [ -91.115158, 40.721895 ], [ -91.114473284451336, 40.720624000124516 ], [ -91.114472706304667, 40.720622926942582 ], [ -91.113885, 40.719532 ], [ -91.111095, 40.708282 ], [ -91.110927, 40.703262 ], [ -91.11194, 40.697018 ], [ -91.112432782741834, 40.696279891901227 ], [ -91.115407, 40.691825 ], [ -91.119632, 40.675892 ], [ -91.12082, 40.672777 ], [ -91.122421, 40.670675 ], [ -91.123928, 40.669152 ], [ -91.138055, 40.660893 ], [ -91.154293, 40.653596 ], [ -91.159150670160543, 40.651173778139722 ], [ -91.186249447035365, 40.637661281909352 ], [ -91.186338293135719, 40.637616979814034 ], [ -91.18698, 40.637297 ], [ -91.189942578689113, 40.6369743321765 ], [ -91.193445126839762, 40.636592853840448 ], [ -91.195503143908439, 40.636368705907799 ], [ -91.197906, 40.636107 ], [ -91.218437, 40.638437 ], [ -91.228184572812495, 40.638421424562416 ], [ -91.247851, 40.63839 ], [ -91.253074, 40.637962 ], [ -91.255495695889493, 40.637358330879721 ], [ -91.25584716427845, 40.637270718469715 ], [ -91.256648087207822, 40.637071068116342 ], [ -91.257433525898833, 40.636875277602037 ], [ -91.258249, 40.636672 ], [ -91.260346177284688, 40.635802659953143 ], [ -91.264324790315015, 40.634153410906166 ], [ -91.264599010017193, 40.634039738986004 ], [ -91.264953, 40.633893 ], [ -91.265917620178357, 40.633750911499277 ], [ -91.267169590690074, 40.633566496309818 ], [ -91.276175, 40.63224 ], [ -91.297092142890094, 40.628098476008283 ], [ -91.299446333870321, 40.62763235410636 ], [ -91.305801961347967, 40.626373961226399 ], [ -91.305984635373335, 40.626337792383325 ], [ -91.306524, 40.626231 ], [ -91.307086001085395, 40.626015257272769 ], [ -91.307720650250985, 40.625771626174156 ], [ -91.309623901906917, 40.625041 ], [ -91.322994868745667, 40.619908111600374 ], [ -91.333110783835338, 40.616024782605407 ], [ -91.339719, 40.613488 ], [ -91.341269972793057, 40.612835366340789 ], [ -91.348733, 40.609695 ], [ -91.353989, 40.606553 ], [ -91.35459083686321, 40.606067357337437 ], [ -91.35480567876786, 40.605893994087381 ], [ -91.359873, 40.601805 ], [ -91.364670609464284, 40.595393840263114 ], [ -91.36645616267387, 40.593007763003129 ], [ -91.374252, 40.58259 ], [ -91.379752, 40.57445 ], [ -91.382126050807514, 40.572812090671569 ], [ -91.388192246256878, 40.568626890387357 ], [ -91.401482, 40.559458 ], [ -91.405241, 40.554641 ], [ -91.406331505643848, 40.551934002774537 ], [ -91.406373, 40.551831 ], [ -91.406851, 40.547557 ], [ -91.406202, 40.542698 ], [ -91.404125, 40.539127 ], [ -91.400725, 40.536789 ], [ -91.394475, 40.534543 ], [ -91.388067, 40.533069 ], [ -91.384531, 40.530948 ], [ -91.381857, 40.528247 ], [ -91.37761886206529, 40.523042879227717 ], [ -91.369059, 40.512532 ], [ -91.368516770978957, 40.511591005764821 ], [ -91.367876, 40.510479 ], [ -91.367207508402004, 40.508575486134568 ], [ -91.366849687761388, 40.507556600403241 ], [ -91.366372015948215, 40.506196441319425 ], [ -91.364211, 40.500043 ], [ -91.364095649831981, 40.498768904962397 ], [ -91.363885310823051, 40.496445615000098 ], [ -91.363683, 40.494211 ], [ -91.36391, 40.490122 ], [ -91.364915, 40.484168 ], [ -91.367548375204521, 40.476227027477577 ], [ -91.367803095771038, 40.475458914746795 ], [ -91.368074, 40.474642 ], [ -91.368463313822801, 40.473936518506612 ], [ -91.372070946040679, 40.467399073351551 ], [ -91.372075027498951, 40.467391677278954 ], [ -91.373640988079174, 40.464553976318868 ], [ -91.37395432683482, 40.463986170399053 ], [ -91.375916923203789, 40.460429719699817 ], [ -91.378144, 40.456394 ], [ -91.379907, 40.45211 ], [ -91.380353263322235, 40.450374690348532 ], [ -91.381231854056239, 40.446958261293176 ], [ -91.381468, 40.44604 ], [ -91.381769, 40.442555 ], [ -91.38126785571238, 40.438092073259369 ], [ -91.381113388769805, 40.436716472128879 ], [ -91.38104777526523, 40.43613215285945 ], [ -91.380965, 40.435395 ], [ -91.379989886397198, 40.432749931364803 ], [ -91.3795283195563, 40.431497896760462 ], [ -91.378930332160124, 40.429875811188772 ], [ -91.377859415452377, 40.426970869460682 ], [ -91.377730754730749, 40.42662186762292 ], [ -91.377713382688881, 40.426574744659099 ], [ -91.377625, 40.426335 ], [ -91.374021472774871, 40.418540895520188 ], [ -91.373721, 40.417891 ], [ -91.373642936777742, 40.417496937345369 ], [ -91.37245, 40.411475 ], [ -91.372492648660256, 40.407261394382665 ], [ -91.37252158478519, 40.4044025608857 ], [ -91.372535630746555, 40.403014846914282 ], [ -91.372554, 40.4012 ], [ -91.372921, 40.399108 ], [ -91.375746, 40.391879 ], [ -91.377711117522793, 40.390256823390189 ], [ -91.377981318799797, 40.39003377607294 ], [ -91.378422, 40.38967 ], [ -91.381958, 40.387632 ], [ -91.382359183465397, 40.387462615603418 ], [ -91.382579028818526, 40.387369794299204 ], [ -91.386511550137214, 40.385709437360042 ], [ -91.387141209369389, 40.385443587796729 ], [ -91.38836, 40.384929 ], [ -91.389193367173419, 40.384755108424493 ], [ -91.390105354835256, 40.384564811786397 ], [ -91.390336664103501, 40.384516546466571 ], [ -91.392228024460394, 40.384121892533834 ], [ -91.394382843723363, 40.383672264892411 ], [ -91.396996, 40.383127 ], [ -91.400248163593545, 40.382954390630381 ], [ -91.413011, 40.382277 ], [ -91.415695, 40.381381 ], [ -91.419422, 40.378264 ], [ -91.422324, 40.380939 ], [ -91.422823769797787, 40.381171367503363 ], [ -91.424249141178507, 40.381834092603057 ], [ -91.425662, 40.382491 ], [ -91.432398397393612, 40.384118353814856 ], [ -91.436089889147382, 40.385010130656035 ], [ -91.438077143366556, 40.385490204135266 ], [ -91.441243, 40.386255 ], [ -91.448441, 40.378914 ], [ -91.449962993831022, 40.377620854631481 ], [ -91.451909296233737, 40.375967200137971 ], [ -91.452458, 40.375501 ], [ -91.45333419346801, 40.375513104447698 ], [ -91.463895, 40.375659 ], [ -91.465009, 40.376223 ], [ -91.465891, 40.378365 ], [ -91.464681, 40.380949 ], [ -91.46509599742042, 40.385058905487838 ], [ -91.465116, 40.385257 ], [ -91.471967, 40.382884 ], [ -91.478106973575862, 40.382067955708941 ], [ -91.480251, 40.381783 ], [ -91.482322, 40.382057 ], [ -91.484507, 40.3839 ], [ -91.490977, 40.393484 ], [ -91.490816, 40.395225 ], [ -91.488597, 40.400009 ], [ -91.487955, 40.402465 ], [ -91.487829, 40.403866 ], [ -91.488481, 40.404317 ], [ -91.489290511278185, 40.404317 ], [ -91.489707180693074, 40.404317 ], [ -91.489816, 40.404317 ], [ -91.492626749938495, 40.402933652851559 ], [ -91.493077718049747, 40.402711703028828 ], [ -91.493644, 40.402433 ], [ -91.498093, 40.401926 ], [ -91.501821143772148, 40.402749629477981 ], [ -91.505272, 40.403512 ], [ -91.506745, 40.404335 ], [ -91.507427, 40.405524 ], [ -91.509063, 40.406775 ], [ -91.513993, 40.408537 ], [ -91.518392, 40.408682 ], [ -91.522333, 40.409648 ], [ -91.524612, 40.410765 ], [ -91.526425, 40.413404 ], [ -91.527057, 40.416689 ], [ -91.526555, 40.419872 ], [ -91.521388, 40.426488 ], [ -91.519012, 40.431298 ], [ -91.519134, 40.432822 ], [ -91.519935, 40.433673 ], [ -91.525, 40.433483 ], [ -91.529132, 40.434272 ], [ -91.532807, 40.436784 ], [ -91.533479340166636, 40.438049581490155 ], [ -91.533623, 40.43832 ], [ -91.533548, 40.440804 ], [ -91.531912, 40.44273 ], [ -91.526108, 40.446634 ], [ -91.524053, 40.448437 ], [ -91.523271, 40.450061 ], [ -91.523129231514019, 40.45162330296354 ], [ -91.523128531325014, 40.451631019116697 ], [ -91.523127971097068, 40.451637192884981 ], [ -91.523072, 40.452254 ], [ -91.523864, 40.456331 ], [ -91.52509, 40.457845 ], [ -91.526155, 40.458625 ], [ -91.5286, 40.459002 ], [ -91.531588881166229, 40.458834103020422 ], [ -91.533895616706687, 40.458704524790875 ], [ -91.543785, 40.458149 ], [ -91.552691, 40.458769 ], [ -91.563844, 40.460988 ], [ -91.567743, 40.46229 ], [ -91.574746, 40.465664 ], [ -91.580355, 40.471015 ], [ -91.581528, 40.472876 ], [ -91.582437, 40.474703 ], [ -91.583315, 40.479118 ], [ -91.586884, 40.487233 ], [ -91.590279002224747, 40.491599975910191 ], [ -91.590817, 40.492292 ], [ -91.594644, 40.494997 ], [ -91.599907250562111, 40.496933989898913 ], [ -91.602250318504304, 40.497796289514511 ], [ -91.608347, 40.50004 ], [ -91.612821, 40.502377 ], [ -91.616948, 40.504794 ], [ -91.619486, 40.507134 ], [ -91.621353, 40.510072 ], [ -91.622362, 40.514362 ], [ -91.622196, 40.51704 ], [ -91.618793, 40.526286 ], [ -91.618028, 40.53403 ], [ -91.618999, 40.539084 ], [ -91.620071, 40.540817 ], [ -91.6219, 40.542292 ], [ -91.622633362528376, 40.54256366572654 ], [ -91.622702563417363, 40.542589300401119 ], [ -91.623074572345089, 40.54272710683621 ], [ -91.625161, 40.5435 ], [ -91.625796160958629, 40.543600329968044 ], [ -91.6258455817987, 40.543608136479506 ], [ -91.638082, 40.545541 ], [ -91.654345, 40.549189 ], [ -91.670993, 40.550937 ], [ -91.681714, 40.553035 ], [ -91.6887, 40.55739 ], [ -91.68952630558482, 40.558373005170502 ], [ -91.690804, 40.559893 ], [ -91.691591, 40.562222 ], [ -91.691557, 40.564867 ], [ -91.685723, 40.576785 ], [ -91.685381, 40.578892 ], [ -91.686357, 40.580875 ], [ -91.68882, 40.583409 ], [ -91.696359, 40.588148 ], [ -91.712025, 40.595046 ], [ -91.716769, 40.59853 ], [ -91.720058, 40.601527 ], [ -91.729115, 40.61364 ], [ -91.785916, 40.611488 ], [ -91.795374, 40.611101 ], [ -91.800133, 40.610953 ], [ -91.813968, 40.610526 ], [ -91.824826, 40.610191 ], [ -91.832481, 40.609797 ], [ -91.833250010538407, 40.609759791193866 ], [ -91.868401, 40.608059 ], [ -91.939292, 40.60615 ], [ -91.943111824971623, 40.605841817828448 ], [ -91.943381009850427, 40.6058201000846 ], [ -91.9442610842584, 40.60574909598251 ], [ -91.947708, 40.605471 ], [ -91.948555851652145, 40.605457925311711 ], [ -91.9486575863734, 40.605456356464408 ], [ -91.970988, 40.605112 ], [ -91.998683, 40.604433 ], [ -92.029649, 40.603713 ], [ -92.053399954786897, 40.603051785339204 ], [ -92.053636092379918, 40.603045211387204 ], [ -92.060750471834382, 40.602847150633799 ], [ -92.063929691773183, 40.602758642746345 ], [ -92.065705764578809, 40.602709197770814 ], [ -92.067904, 40.602648 ], [ -92.069521, 40.602772 ], [ -92.082339, 40.602176 ], [ -92.0832, 40.602244 ], [ -92.092875, 40.602082 ], [ -92.096387, 40.60183 ], [ -92.17978, 40.600529 ], [ -92.196162, 40.600069 ], [ -92.201669, 40.59998 ], [ -92.217603, 40.599832 ], [ -92.236484, 40.599531 ], [ -92.246033834309401, 40.599368129853268 ], [ -92.293593142020597, 40.598557017202069 ], [ -92.298754, 40.598469 ], [ -92.331205, 40.597805 ], [ -92.331445, 40.597714 ], [ -92.350776, 40.597274 ], [ -92.379691, 40.596509 ], [ -92.409047151022207, 40.596024976714268 ], [ -92.427787153669115, 40.595715992145877 ], [ -92.453745, 40.595288 ], [ -92.461609, 40.595355 ], [ -92.473042929461968, 40.595119295832454 ], [ -92.481692, 40.594941 ], [ -92.482394, 40.594894 ], [ -92.484588, 40.594924 ], [ -92.52230126355029, 40.593831107536573 ], [ -92.52364579203136, 40.593792144452848 ], [ -92.523657760208977, 40.593791797627127 ], [ -92.559327, 40.592758138917354 ], [ -92.580278, 40.592151 ], [ -92.637898, 40.590853 ], [ -92.639223, 40.590825 ], [ -92.686693, 40.589809 ], [ -92.689854, 40.589884 ], [ -92.71431527390061, 40.589567831333213 ], [ -92.742232, 40.589207 ], [ -92.748268478538819, 40.589088060488741 ], [ -92.753680809053279, 40.588981418852953 ], [ -92.757407, 40.588908 ], [ -92.828061, 40.588593 ], [ -92.827992, 40.588515 ], [ -92.835074, 40.588484 ], [ -92.857391, 40.58836 ], [ -92.861475548936809, 40.588226092228744 ], [ -92.863034, 40.588175 ], [ -92.867308135924134, 40.58821894862259 ], [ -92.879178, 40.588341 ], [ -92.889796, 40.588039 ], [ -92.903544, 40.58786 ], [ -92.941595, 40.587743 ], [ -92.943560307762297, 40.587704915469963 ], [ -92.956761982954376, 40.587449088059444 ], [ -92.957747, 40.58743 ], [ -92.976036374517676, 40.586996706295189 ], [ -92.982378992439877, 40.586846443287826 ], [ -93.085517, 40.584403 ], [ -93.08978400099781, 40.584262082826378 ], [ -93.097296, 40.584014 ], [ -93.098507, 40.583973 ], [ -93.135802, 40.582854 ], [ -93.204097593216417, 40.581728416831645 ], [ -93.212396841191804, 40.581591636500818 ], [ -93.260612, 40.580797 ], [ -93.317605, 40.580671 ], [ -93.327760180324219, 40.580613725031021 ], [ -93.345442, 40.580514 ], [ -93.374389584257273, 40.580334289069441 ], [ -93.441767, 40.579916 ], [ -93.465297, 40.580164 ], [ -93.466887, 40.580072 ], [ -93.489050791733604, 40.580230376414129 ], [ -93.513637316935785, 40.580406065021343 ], [ -93.520579000573449, 40.58045566840044 ], [ -93.523314652722775, 40.580475216624933 ], [ -93.524124, 40.580481 ], [ -93.527067853386697, 40.580442965718525 ], [ -93.527607, 40.580436 ], [ -93.528177, 40.580367 ], [ -93.530831729901692, 40.5803736015067 ], [ -93.532925155005699, 40.580378807218914 ], [ -93.548284, 40.580417 ], [ -93.553986, 40.580303 ], [ -93.556899, 40.580235 ], [ -93.558938, 40.580189 ], [ -93.560798, 40.580304 ], [ -93.56524, 40.580143 ], [ -93.56581, 40.580075 ], [ -93.566189, 40.580117 ], [ -93.597352, 40.579496 ], [ -93.623159835924596, 40.578994391676794 ], [ -93.656211, 40.578352 ], [ -93.659272, 40.57833 ], [ -93.661913, 40.578354 ], [ -93.668845, 40.578241 ], [ -93.671249515722991, 40.57820779006633 ], [ -93.677099, 40.578127 ], [ -93.690333, 40.577875 ], [ -93.722443, 40.577641 ], [ -93.728355, 40.577547 ], [ -93.737259, 40.577542 ], [ -93.738235993889575, 40.577537736753946 ], [ -93.742759, 40.577518 ], [ -93.747853224719435, 40.577655866210293 ], [ -93.750223, 40.57772 ], [ -93.770231, 40.577615 ], [ -93.774343773584562, 40.577584372769238 ], [ -93.786864405638951, 40.577491133431224 ], [ -93.815485, 40.577278 ], [ -93.818725, 40.577086 ], [ -93.84093, 40.576791 ], [ -93.853656, 40.576606 ], [ -93.889056996814276, 40.576134472765247 ], [ -93.898327, 40.576011 ], [ -93.899317, 40.575942 ], [ -93.900877, 40.575874 ], [ -93.913961, 40.575672 ], [ -93.935687, 40.57533 ], [ -93.936317, 40.575284 ], [ -93.937097, 40.575421 ], [ -93.938627, 40.575284 ], [ -93.939857, 40.575192 ], [ -93.963863, 40.574754 ], [ -93.976766, 40.574635 ], [ -93.987605049286685, 40.574433198767316 ], [ -94.003309542557233, 40.574140812782531 ], [ -94.015492, 40.573914 ], [ -94.034134, 40.573585 ], [ -94.080223, 40.572899 ], [ -94.080463, 40.572899 ], [ -94.089194, 40.572806 ], [ -94.091085, 40.572897 ], [ -94.118542500012836, 40.57270449741408 ], [ -94.119948139301229, 40.572694642576771 ], [ -94.130133196901596, 40.572623235860036 ], [ -94.227494780301569, 40.571940640701627 ], [ -94.228704459265629, 40.571932159728178 ], [ -94.232239878028167, 40.571907373157899 ], [ -94.235633089979018, 40.571883583589511 ], [ -94.243150109438631, 40.571830882298975 ], [ -94.28735, 40.571521 ], [ -94.294813, 40.571341 ], [ -94.310724, 40.571524 ], [ -94.324765, 40.571477 ], [ -94.336556, 40.571475 ], [ -94.336706, 40.571452 ], [ -94.346196986041846, 40.571412895432751 ], [ -94.358307, 40.571363 ], [ -94.389367886739123, 40.571222956796177 ], [ -94.403263279322118, 40.57116030709426 ], [ -94.429725, 40.571041 ], [ -94.460088, 40.570947 ], [ -94.460636994070398, 40.570940917395227 ], [ -94.470648, 40.57083 ], [ -94.471213, 40.570825 ], [ -94.48928, 40.570707 ], [ -94.533878, 40.570739 ], [ -94.537058, 40.570763 ], [ -94.537852, 40.570763 ], [ -94.538318, 40.570763 ], [ -94.541828, 40.570809 ], [ -94.542154, 40.570809 ], [ -94.547404951088922, 40.570824900617637 ], [ -94.585766001255749, 40.570941063266872 ], [ -94.594001, 40.570966 ], [ -94.632032, 40.571186 ], [ -94.682601, 40.571787 ], [ -94.688403849149964, 40.57186132185209 ], [ -94.691931825200598, 40.571906507537214 ], [ -94.697915284203575, 40.571983142607991 ], [ -94.714925, 40.572201 ], [ -94.716665, 40.572201 ], [ -94.745479044029324, 40.572591065037905 ], [ -94.773988, 40.572977 ], [ -94.8000344637897, 40.573365596435622 ], [ -94.801571996195435, 40.573388535427085 ], [ -94.811188, 40.573532 ], [ -94.819978, 40.573714 ], [ -94.823758, 40.573942 ], [ -94.896801, 40.574738 ], [ -94.901451, 40.574877 ], [ -94.914896, 40.575068 ], [ -94.955134, 40.575669 ], [ -94.966491, 40.575839 ], [ -94.980958136051925, 40.575754507787089 ], [ -94.991661, 40.575692 ], [ -95.021822238663177, 40.576155778818674 ], [ -95.02276866482913, 40.576170331682803 ], [ -95.026111372820139, 40.576221731334577 ], [ -95.026214767135102, 40.576223321192806 ], [ -95.030734088654441, 40.576292813219261 ], [ -95.030734123349404, 40.576292813752751 ], [ -95.039613017302784, 40.576429341399852 ], [ -95.068921, 40.57688 ], [ -95.079742, 40.577007 ], [ -95.097607, 40.577168 ], [ -95.107213, 40.577116 ], [ -95.110303, 40.57716 ], [ -95.110663, 40.577206 ], [ -95.112222, 40.577228 ], [ -95.120829, 40.577413 ], [ -95.145091303626131, 40.577735104238812 ], [ -95.154243830603249, 40.577856612393198 ], [ -95.154499, 40.57786 ], [ -95.164058, 40.578017 ], [ -95.202426241782661, 40.578529927076019 ], [ -95.211408, 40.57865 ], [ -95.21159, 40.578654 ], [ -95.212715, 40.578679 ], [ -95.213327, 40.578689 ], [ -95.217455, 40.578759 ], [ -95.218783, 40.578781 ], [ -95.221525, 40.578827 ], [ -95.230674067731897, 40.578910739921895 ], [ -95.251251600448924, 40.579099082716318 ], [ -95.259008046900917, 40.579170076203177 ], [ -95.335588, 40.579871 ], [ -95.357802, 40.5801 ], [ -95.373893, 40.580501 ], [ -95.374023, 40.655248 ], [ -95.373073, 40.676564 ], [ -95.372729, 40.684295 ], [ -95.370667, 40.727751 ], [ -95.370618, 40.728241 ], [ -95.370717, 40.728243 ], [ -95.379368, 40.728334 ], [ -95.385254, 40.728378 ], [ -95.385486, 40.731851 ], [ -95.385297, 40.742828 ], [ -95.385263, 40.744721 ], [ -95.385162, 40.750812 ], [ -95.38514, 40.752941 ], [ -95.385116, 40.755312 ], [ -95.385041, 40.757042 ], [ -95.38503, 40.75821 ], [ -95.385004, 40.760995 ], [ -95.384976, 40.763949 ], [ -95.384975, 40.765778 ], [ -95.384944, 40.766839 ], [ -95.384944, 40.767539 ], [ -95.384944, 40.767965 ], [ -95.384942, 40.769758 ], [ -95.384907, 40.775221 ], [ -95.384814, 40.785558 ], [ -95.384671, 40.798899 ], [ -95.384648, 40.800679 ], [ -95.384698, 40.814676 ], [ -95.384823, 40.88442 ], [ -95.384747, 40.886918 ], [ -95.384768, 40.889501 ], [ -95.384961, 40.90155 ], [ -95.346707, 40.901279 ], [ -95.300521, 40.901368 ], [ -95.299051, 40.901519 ], [ -95.289436, 40.901482 ], [ -95.28093, 40.901448 ], [ -95.273914, 40.901421 ], [ -95.27024, 40.901407 ], [ -95.244082, 40.90128 ], [ -95.232476, 40.901239 ], [ -95.222584, 40.901193 ], [ -95.213386, 40.90115 ], [ -95.201087, 40.901143 ], [ -95.194546, 40.901097 ], [ -95.175223, 40.901073 ], [ -95.156232, 40.901001 ], [ -95.15538, 40.901004 ], [ -95.146652, 40.901038 ], [ -95.137663, 40.900926 ], [ -95.134227, 40.900855 ], [ -95.099356, 40.900882 ], [ -95.061222, 40.900773 ], [ -95.04227, 40.900714 ], [ -95.012507, 40.900624 ], [ -95.005725, 40.900712 ], [ -95.000259, 40.900798 ], [ -94.928652, 40.900677 ], [ -94.928252, 40.980302 ], [ -94.928222, 40.986433 ], [ -94.927881, 41.001144 ], [ -94.927733, 41.005595 ], [ -94.927821, 41.022979 ], [ -94.92782, 41.029864 ], [ -94.927686, 41.072267 ], [ -94.92745, 41.101299 ], [ -94.927631, 41.106262 ], [ -94.927571, 41.108527 ], [ -94.927604, 41.127537 ], [ -94.927655, 41.137184 ], [ -94.927591, 41.158364 ], [ -94.916151, 41.158409 ], [ -94.910249, 41.158385 ], [ -94.814873, 41.158317 ], [ -94.71956, 41.15799 ], [ -94.70488, 41.157901 ], [ -94.700673, 41.158085 ], [ -94.700587, 41.158084 ], [ -94.652155, 41.157853 ], [ -94.638141, 41.157779 ], [ -94.631344, 41.157808 ], [ -94.604453, 41.157918 ], [ -94.597478, 41.157951 ], [ -94.585384, 41.157878 ], [ -94.566285, 41.157811 ], [ -94.528057, 41.157829 ], [ -94.514981, 41.157893 ], [ -94.479861, 41.15754 ], [ -94.47061, 41.157532 ], [ -94.395181, 41.157552 ], [ -94.357109, 41.157367 ], [ -94.352961, 41.157378 ], [ -94.325387, 41.15733 ], [ -94.321997, 41.157376 ], [ -94.289547, 41.157283 ], [ -94.260852, 41.157137 ], [ -94.241581, 41.157089 ], [ -94.236737, 41.157045 ], [ -94.235495, 41.157037 ], [ -94.223025, 41.156959 ], [ -94.147199, 41.156775 ], [ -94.144576, 41.156784 ], [ -94.14212, 41.156792 ], [ -94.127863, 41.156804 ], [ -94.09186, 41.156795 ], [ -94.080859, 41.156781 ], [ -94.062622, 41.156738 ], [ -94.062303, 41.156737 ], [ -94.014189, 41.156762 ], [ -93.917594, 41.156529 ], [ -93.898643, 41.156343 ], [ -93.884507, 41.157115 ], [ -93.814234, 41.160857 ], [ -93.803306, 41.1612 ], [ -93.789055, 41.161892 ], [ -93.789275, 41.202196 ], [ -93.789274, 41.204393 ], [ -93.788964, 41.227592 ], [ -93.789063, 41.231219 ], [ -93.789448, 41.249565 ], [ -93.789548, 41.256774 ], [ -93.789443, 41.267782 ], [ -93.789479, 41.271377 ], [ -93.789553, 41.271371 ], [ -93.789607, 41.289697 ], [ -93.789727, 41.29322 ], [ -93.789874, 41.307954 ], [ -93.789873, 41.308075 ], [ -93.789801, 41.317518 ], [ -93.789963, 41.337277 ], [ -93.789985, 41.340693 ], [ -93.790096, 41.348439 ], [ -93.790096, 41.348471 ], [ -93.790143, 41.351759 ], [ -93.790146, 41.351992 ], [ -93.790196, 41.355439 ], [ -93.790252, 41.35927 ], [ -93.790282, 41.359957 ], [ -93.790312, 41.360391 ], [ -93.790312, 41.360895 ], [ -93.790374, 41.361718 ], [ -93.790392, 41.362706 ], [ -93.790463, 41.366386 ], [ -93.79046, 41.374991 ], [ -93.790587, 41.380925 ], [ -93.790795, 41.404081 ], [ -93.790798, 41.404971 ], [ -93.790812, 41.409938 ], [ -93.790632, 41.425038 ], [ -93.790593, 41.42872 ], [ -93.790797, 41.455402 ], [ -93.790797, 41.45573 ], [ -93.790794, 41.46486 ], [ -93.790793, 41.467181 ], [ -93.790793, 41.468505 ], [ -93.790714, 41.475778 ], [ -93.790629, 41.48595 ], [ -93.790627, 41.486589 ], [ -93.790618, 41.490375 ], [ -93.790607, 41.494757 ], [ -93.790558, 41.504709 ], [ -93.790495, 41.511813 ], [ -93.789054, 41.511989 ], [ -93.787774, 41.511909 ], [ -93.731821, 41.512289 ], [ -93.70772, 41.512189 ], [ -93.707268, 41.512189 ], [ -93.69992, 41.512189 ], [ -93.698407, 41.512189 ], [ -93.674119, 41.512189 ], [ -93.654318, 41.512189 ], [ -93.644718, 41.512189 ], [ -93.634918, 41.512089 ], [ -93.625617, 41.512189 ], [ -93.615917, 41.511989 ], [ -93.609617, 41.511989 ], [ -93.606497, 41.512083 ], [ -93.606317, 41.512089 ], [ -93.596916, 41.511889 ], [ -93.579816, 41.511789 ], [ -93.57836, 41.511605 ], [ -93.577616, 41.511689 ], [ -93.558215, 41.51159 ], [ -93.548915, 41.51149 ], [ -93.544115, 41.51129 ], [ -93.520114, 41.51029 ], [ -93.510414, 41.50989 ], [ -93.493144, 41.509225 ], [ -93.48504, 41.508892 ], [ -93.481388, 41.508871 ], [ -93.471806, 41.508543 ], [ -93.453416, 41.507871 ], [ -93.452564, 41.507711 ], [ -93.443117, 41.507611 ], [ -93.441363, 41.507593 ], [ -93.441999, 41.506355 ], [ -93.441729, 41.504241 ], [ -93.43978, 41.502667 ], [ -93.437839, 41.502261 ], [ -93.427251, 41.505382 ], [ -93.425029, 41.50778 ], [ -93.42433, 41.50972 ], [ -93.422615, 41.510718 ], [ -93.419096, 41.510925 ], [ -93.416054, 41.509724 ], [ -93.413451, 41.506784 ], [ -93.414025, 41.502448 ], [ -93.416696, 41.499323 ], [ -93.421553, 41.496558 ], [ -93.422177, 41.494914 ], [ -93.421387, 41.493418 ], [ -93.417866, 41.492203 ], [ -93.41563, 41.492022 ], [ -93.411563, 41.493381 ], [ -93.409634, 41.494921 ], [ -93.407903, 41.498176 ], [ -93.404474, 41.501621 ], [ -93.402403, 41.502073 ], [ -93.399338, 41.501611 ], [ -93.39697, 41.498921 ], [ -93.396886, 41.49559 ], [ -93.398837, 41.493001 ], [ -93.403499, 41.49107 ], [ -93.405335, 41.489071 ], [ -93.40555, 41.487248 ], [ -93.404986, 41.486669 ], [ -93.402635, 41.486221 ], [ -93.398358, 41.48599 ], [ -93.392961, 41.48791 ], [ -93.391674, 41.489018 ], [ -93.389847, 41.491962 ], [ -93.388297, 41.492921 ], [ -93.382981, 41.494441 ], [ -93.376228, 41.493539 ], [ -93.374386, 41.491082 ], [ -93.373413, 41.485978 ], [ -93.363219, 41.485855 ], [ -93.361061, 41.48754 ], [ -93.359159, 41.49023 ], [ -93.359048, 41.494088 ], [ -93.358026, 41.496407 ], [ -93.356651, 41.497396 ], [ -93.35443, 41.49742 ], [ -93.352908, 41.496711 ], [ -93.351932, 41.494447 ], [ -93.351231, 41.490946 ], [ -93.348034, 41.487287 ], [ -93.347209, 41.48309 ], [ -93.344409, 41.48179 ], [ -93.341909, 41.48189 ], [ -93.339909, 41.48239 ], [ -93.338409, 41.48339 ], [ -93.335909, 41.48649 ], [ -93.331808, 41.49019 ], [ -93.328407, 41.491889 ], [ -93.328535, 41.49999 ], [ -93.328614, 41.507824 ], [ -93.328657, 41.513499 ], [ -93.328698, 41.513699 ], [ -93.32872, 41.522308 ], [ -93.328842, 41.535276 ], [ -93.328875, 41.541569 ], [ -93.329035, 41.562391 ], [ -93.328766, 41.584492 ], [ -93.328618, 41.60101 ], [ -93.338219, 41.600894 ], [ -93.344459, 41.600846 ], [ -93.348551, 41.600777 ], [ -93.348494, 41.619172 ], [ -93.348495, 41.619256 ], [ -93.348461, 41.658856 ], [ -93.348557, 41.666085 ], [ -93.348439, 41.673361 ], [ -93.348373, 41.676452 ], [ -93.34835, 41.677547 ], [ -93.348382, 41.680911 ], [ -93.348417, 41.688415 ], [ -93.348381, 41.698313 ], [ -93.348364, 41.702942 ], [ -93.348429, 41.710057 ], [ -93.34844, 41.711223 ], [ -93.348472, 41.714501 ], [ -93.348423, 41.719457 ], [ -93.348228, 41.731824 ], [ -93.348227, 41.731906 ], [ -93.348113, 41.746708 ], [ -93.348068, 41.776696 ], [ -93.348069, 41.778297 ], [ -93.347954, 41.7912 ], [ -93.347973, 41.826591 ], [ -93.348006, 41.830435 ], [ -93.347933, 41.863104 ], [ -93.367306, 41.863188 ], [ -93.406006, 41.863243 ], [ -93.463419, 41.863266 ], [ -93.473151, 41.863218 ], [ -93.482271, 41.863123 ], [ -93.483465, 41.8631 ], [ -93.490523, 41.863113 ], [ -93.493564, 41.863118 ], [ -93.505194, 41.863051 ], [ -93.512036, 41.863007 ], [ -93.519748, 41.863147 ], [ -93.570245, 41.863246 ], [ -93.571285, 41.863223 ], [ -93.572479, 41.863246 ], [ -93.580742, 41.863267 ], [ -93.60042, 41.863262 ], [ -93.617232, 41.863261 ], [ -93.629758, 41.863323 ], [ -93.678387, 41.863404 ], [ -93.686447, 41.863404 ], [ -93.687563, 41.863404 ], [ -93.68804, 41.863404 ], [ -93.698127, 41.863473 ], [ -93.69817, 41.870581 ], [ -93.698189, 41.878 ], [ -93.69819, 41.882962 ], [ -93.69819, 41.883505 ], [ -93.698191, 41.892573 ], [ -93.698299, 41.937486 ], [ -93.698238, 41.950498 ], [ -93.69836, 41.964871 ], [ -93.698787, 42.006294 ], [ -93.698787, 42.008351 ], [ -93.698712, 42.014412 ], [ -93.698621, 42.014385 ], [ -93.698662, 42.017817 ], [ -93.69872, 42.022685 ], [ -93.69872, 42.034385 ], [ -93.69872, 42.039185 ], [ -93.698716, 42.039285 ], [ -93.69862, 42.041684 ], [ -93.69862, 42.046159 ], [ -93.69862, 42.048784 ], [ -93.698824, 42.062484 ], [ -93.698807, 42.0924 ], [ -93.698628, 42.123007 ], [ -93.698736, 42.124983 ], [ -93.698721, 42.13747 ], [ -93.69871, 42.159494 ], [ -93.698696, 42.166453 ], [ -93.698457, 42.209367 ], [ -93.620254, 42.209195 ], [ -93.591115, 42.209206 ], [ -93.581664, 42.209181 ], [ -93.571853, 42.209164 ], [ -93.570868, 42.209141 ], [ -93.569668, 42.209164 ], [ -93.463033, 42.209254 ], [ -93.446459, 42.209242 ], [ -93.444202, 42.209311 ], [ -93.385738, 42.209223 ], [ -93.366252, 42.209306 ], [ -93.362406, 42.209282 ], [ -93.346708, 42.209184 ], [ -93.272448, 42.208916 ], [ -93.263652, 42.208896 ], [ -93.256119, 42.208878 ], [ -93.253081, 42.20889 ], [ -93.246107, 42.208911 ], [ -93.24149, 42.208925 ], [ -93.231643, 42.208883 ], [ -93.195787, 42.208819 ], [ -93.143907, 42.208729 ], [ -93.132609, 42.208709 ], [ -93.121097, 42.208707 ], [ -93.117841, 42.208733 ], [ -93.03768, 42.209257 ], [ -93.037497, 42.209257 ], [ -93.033377, 42.209262 ], [ -93.016177, 42.209111 ], [ -93.00153, 42.209219 ], [ -93.000201, 42.209241 ], [ -92.904592, 42.209825 ], [ -92.885206, 42.210001 ], [ -92.874271, 42.210042 ], [ -92.869334, 42.210021 ], [ -92.845224, 42.210031 ], [ -92.787097, 42.210034 ], [ -92.776527, 42.210067 ] ] ] } },
{ "type": "Feature", "properties": { "DISTRICT": "4", "STARTCONG": "103", "ENDCONG": "107", "BESTDEC": "Iowa_CD_1992_2000", "ST": "19", "STA": "IA", "ELECT_YEAR": "1992-2000", "TYPE": "US Cong" }, "geometry": { "type": "Polygon", "coordinates": [ [ [ -96.122136, 41.866052 ], [ -96.107869, 41.865602 ], [ -96.102901, 41.865445 ], [ -96.099058, 41.865324 ], [ -96.088507, 41.864992 ], [ -96.023642, 41.863842 ], [ -96.021144, 41.863709 ], [ -96.019544, 41.863634 ], [ -95.997879, 41.863481 ], [ -95.995834, 41.863581 ], [ -95.991094, 41.863424 ], [ -95.98289, 41.863414 ], [ -95.961344, 41.86339 ], [ -95.960911, 41.86339 ], [ -95.944732, 41.863415 ], [ -95.936689, 41.863417 ], [ -95.9365, 41.863415 ], [ -95.935176, 41.863401 ], [ -95.91149, 41.863393 ], [ -95.90553, 41.863402 ], [ -95.896109, 41.863416 ], [ -95.886933, 41.863432 ], [ -95.866181, 41.863473 ], [ -95.847531, 41.863442 ], [ -95.827957, 41.863392 ], [ -95.823563, 41.863353 ], [ -95.818285, 41.863373 ], [ -95.818048, 41.863374 ], [ -95.806977, 41.863375 ], [ -95.789441, 41.863351 ], [ -95.75014, 41.8632 ], [ -95.740707, 41.863238 ], [ -95.721918, 41.863262 ], [ -95.71149, 41.863282 ], [ -95.672738, 41.863194 ], [ -95.597383, 41.8635 ], [ -95.561773, 41.863335 ], [ -95.557277, 41.863449 ], [ -95.557079, 41.86345 ], [ -95.549692, 41.863472 ], [ -95.493788, 41.863412 ], [ -95.45959, 41.863197 ], [ -95.440526, 41.863393 ], [ -95.440281, 41.863396 ], [ -95.429582, 41.863268 ], [ -95.421598, 41.863199 ], [ -95.402205, 41.863538 ], [ -95.382964, 41.863806 ], [ -95.37065, 41.86386 ], [ -95.344194, 41.864065 ], [ -95.324922, 41.864115 ], [ -95.324893, 41.864091 ], [ -95.324209, 41.864168 ], [ -95.305589, 41.864093 ], [ -95.302182, 41.864052 ], [ -95.29558, 41.863975 ], [ -95.209159, 41.86359 ], [ -95.150788, 41.863519 ], [ -95.092936, 41.863383 ], [ -94.976408, 41.863038 ], [ -94.937065, 41.863001 ], [ -94.936364, 41.863002 ], [ -94.908256, 41.86301 ], [ -94.898656, 41.862986 ], [ -94.879178, 41.862896 ], [ -94.859696, 41.862831 ], [ -94.846081, 41.862676 ], [ -94.841401, 41.862702 ], [ -94.822125, 41.862751 ], [ -94.802757, 41.862935 ], [ -94.783421, 41.862955 ], [ -94.783196, 41.862953 ], [ -94.774771, 41.862875 ], [ -94.768735, 41.862722 ], [ -94.764023, 41.862743 ], [ -94.744821, 41.862418 ], [ -94.725056, 41.862335 ], [ -94.702858, 41.86241 ], [ -94.686483, 41.862762 ], [ -94.677002, 41.862715 ], [ -94.673839, 41.862709 ], [ -94.672949, 41.862707 ], [ -94.66734, 41.862679 ], [ -94.628702, 41.86276 ], [ -94.599777, 41.863159 ], [ -94.592515, 41.863189 ], [ -94.570801, 41.86328 ], [ -94.551523, 41.86328 ], [ -94.532186, 41.863323 ], [ -94.512939, 41.863249 ], [ -94.493194, 41.863176 ], [ -94.483428, 41.86309 ], [ -94.476985, 41.863122 ], [ -94.434964, 41.863168 ], [ -94.417345, 41.863229 ], [ -94.415686, 41.863235 ], [ -94.39644, 41.863116 ], [ -94.367426, 41.863132 ], [ -94.356876, 41.863091 ], [ -94.35295, 41.863097 ], [ -94.338478, 41.863119 ], [ -94.309361, 41.862955 ], [ -94.299859, 41.862943 ], [ -94.298797, 41.862942 ], [ -94.289825, 41.863052 ], [ -94.28043, 41.863027 ], [ -94.255643, 41.863133 ], [ -94.25024, 41.863084 ], [ -94.245452, 41.863177 ], [ -94.203009, 41.863329 ], [ -94.17611, 41.863307 ], [ -94.17322, 41.863319 ], [ -94.164138, 41.863244 ], [ -94.120604, 41.863133 ], [ -94.096232, 41.863105 ], [ -94.07888, 41.863087 ], [ -94.077095, 41.863076 ], [ -94.074272, 41.86301 ], [ -94.071885, 41.863125 ], [ -94.047592, 41.863137 ], [ -94.032772, 41.863145 ], [ -94.017895, 41.863127 ], [ -94.012688, 41.863119 ], [ -93.994344, 41.863135 ], [ -93.981828, 41.863225 ], [ -93.978801, 41.863231 ], [ -93.970065, 41.863249 ], [ -93.950693, 41.863293 ], [ -93.93132, 41.863362 ], [ -93.92203, 41.863424 ], [ -93.912636, 41.863514 ], [ -93.912377, 41.863515 ], [ -93.904189, 41.86366 ], [ -93.892807, 41.863686 ], [ -93.862878, 41.863435 ], [ -93.831485, 41.863448 ], [ -93.822293, 41.863485 ], [ -93.815939, 41.863518 ], [ -93.809768, 41.863524 ], [ -93.795924, 41.86354 ], [ -93.776278, 41.863559 ], [ -93.776159, 41.863559 ], [ -93.770462, 41.86358 ], [ -93.77045, 41.86358 ], [ -93.74697, 41.863549 ], [ -93.737509, 41.863538 ], [ -93.708088, 41.863504 ], [ -93.702869, 41.863498 ], [ -93.698127, 41.863473 ], [ -93.68804, 41.863404 ], [ -93.687563, 41.863404 ], [ -93.686447, 41.863404 ], [ -93.678387, 41.863404 ], [ -93.629758, 41.863323 ], [ -93.617232, 41.863261 ], [ -93.60042, 41.863262 ], [ -93.580742, 41.863267 ], [ -93.572479, 41.863246 ], [ -93.571285, 41.863223 ], [ -93.570245, 41.863246 ], [ -93.519748, 41.863147 ], [ -93.512036, 41.863007 ], [ -93.505194, 41.863051 ], [ -93.493564, 41.863118 ], [ -93.490523, 41.863113 ], [ -93.483465, 41.8631 ], [ -93.482271, 41.863123 ], [ -93.473151, 41.863218 ], [ -93.463419, 41.863266 ], [ -93.406006, 41.863243 ], [ -93.367306, 41.863188 ], [ -93.347933, 41.863104 ], [ -93.348006, 41.830435 ], [ -93.347973, 41.826591 ], [ -93.347954, 41.7912 ], [ -93.348069, 41.778297 ], [ -93.348068, 41.776696 ], [ -93.348113, 41.746708 ], [ -93.348227, 41.731906 ], [ -93.348228, 41.731824 ], [ -93.348423, 41.719457 ], [ -93.348472, 41.714501 ], [ -93.34844, 41.711223 ], [ -93.348429, 41.710057 ], [ -93.348364, 41.702942 ], [ -93.348381, 41.698313 ], [ -93.348417, 41.688415 ], [ -93.348382, 41.680911 ], [ -93.34835, 41.677547 ], [ -93.348373, 41.676452 ], [ -93.348439, 41.673361 ], [ -93.348557, 41.666085 ], [ -93.348461, 41.658856 ], [ -93.348495, 41.619256 ], [ -93.348494, 41.619172 ], [ -93.348551, 41.600777 ], [ -93.344459, 41.600846 ], [ -93.338219, 41.600894 ], [ -93.328618, 41.60101 ], [ -93.328766, 41.584492 ], [ -93.329035, 41.562391 ], [ -93.328875, 41.541569 ], [ -93.328842, 41.535276 ], [ -93.32872, 41.522308 ], [ -93.328698, 41.513699 ], [ -93.328657, 41.513499 ], [ -93.328614, 41.507824 ], [ -93.328535, 41.49999 ], [ -93.328407, 41.491889 ], [ -93.331808, 41.49019 ], [ -93.335909, 41.48649 ], [ -93.338409, 41.48339 ], [ -93.339909, 41.48239 ], [ -93.341909, 41.48189 ], [ -93.344409, 41.48179 ], [ -93.347209, 41.48309 ], [ -93.348034, 41.487287 ], [ -93.351231, 41.490946 ], [ -93.351932, 41.494447 ], [ -93.352908, 41.496711 ], [ -93.35443, 41.49742 ], [ -93.356651, 41.497396 ], [ -93.358026, 41.496407 ], [ -93.359048, 41.494088 ], [ -93.359159, 41.49023 ], [ -93.361061, 41.48754 ], [ -93.363219, 41.485855 ], [ -93.373413, 41.485978 ], [ -93.374386, 41.491082 ], [ -93.376228, 41.493539 ], [ -93.382981, 41.494441 ], [ -93.388297, 41.492921 ], [ -93.389847, 41.491962 ], [ -93.391674, 41.489018 ], [ -93.392961, 41.48791 ], [ -93.398358, 41.48599 ], [ -93.402635, 41.486221 ], [ -93.404986, 41.486669 ], [ -93.40555, 41.487248 ], [ -93.405335, 41.489071 ], [ -93.403499, 41.49107 ], [ -93.398837, 41.493001 ], [ -93.396886, 41.49559 ], [ -93.39697, 41.498921 ], [ -93.399338, 41.501611 ], [ -93.402403, 41.502073 ], [ -93.404474, 41.501621 ], [ -93.407903, 41.498176 ], [ -93.409634, 41.494921 ], [ -93.411563, 41.493381 ], [ -93.41563, 41.492022 ], [ -93.417866, 41.492203 ], [ -93.421387, 41.493418 ], [ -93.422177, 41.494914 ], [ -93.421553, 41.496558 ], [ -93.416696, 41.499323 ], [ -93.414025, 41.502448 ], [ -93.413451, 41.506784 ], [ -93.416054, 41.509724 ], [ -93.419096, 41.510925 ], [ -93.422615, 41.510718 ], [ -93.42433, 41.50972 ], [ -93.425029, 41.50778 ], [ -93.427251, 41.505382 ], [ -93.437839, 41.502261 ], [ -93.43978, 41.502667 ], [ -93.441729, 41.504241 ], [ -93.441999, 41.506355 ], [ -93.441363, 41.507593 ], [ -93.443117, 41.507611 ], [ -93.452564, 41.507711 ], [ -93.453416, 41.507871 ], [ -93.471806, 41.508543 ], [ -93.481388, 41.508871 ], [ -93.48504, 41.508892 ], [ -93.493144, 41.509225 ], [ -93.510414, 41.50989 ], [ -93.520114, 41.51029 ], [ -93.544115, 41.51129 ], [ -93.548915, 41.51149 ], [ -93.558215, 41.51159 ], [ -93.577616, 41.511689 ], [ -93.57836, 41.511605 ], [ -93.579816, 41.511789 ], [ -93.596916, 41.511889 ], [ -93.606317, 41.512089 ], [ -93.606497, 41.512083 ], [ -93.609617, 41.511989 ], [ -93.615917, 41.511989 ], [ -93.625617, 41.512189 ], [ -93.634918, 41.512089 ], [ -93.644718, 41.512189 ], [ -93.654318, 41.512189 ], [ -93.674119, 41.512189 ], [ -93.698407, 41.512189 ], [ -93.69992, 41.512189 ], [ -93.707268, 41.512189 ], [ -93.70772, 41.512189 ], [ -93.731821, 41.512289 ], [ -93.787774, 41.511909 ], [ -93.789054, 41.511989 ], [ -93.790495, 41.511813 ], [ -93.790558, 41.504709 ], [ -93.790607, 41.494757 ], [ -93.790618, 41.490375 ], [ -93.790627, 41.486589 ], [ -93.790629, 41.48595 ], [ -93.790714, 41.475778 ], [ -93.790793, 41.468505 ], [ -93.790793, 41.467181 ], [ -93.790794, 41.46486 ], [ -93.790797, 41.45573 ], [ -93.790797, 41.455402 ], [ -93.790593, 41.42872 ], [ -93.790632, 41.425038 ], [ -93.790812, 41.409938 ], [ -93.790798, 41.404971 ], [ -93.790795, 41.404081 ], [ -93.790587, 41.380925 ], [ -93.79046, 41.374991 ], [ -93.790463, 41.366386 ], [ -93.790392, 41.362706 ], [ -93.790374, 41.361718 ], [ -93.790312, 41.360895 ], [ -93.790312, 41.360391 ], [ -93.790282, 41.359957 ], [ -93.790252, 41.35927 ], [ -93.790196, 41.355439 ], [ -93.790146, 41.351992 ], [ -93.790143, 41.351759 ], [ -93.790096, 41.348471 ], [ -93.790096, 41.348439 ], [ -93.789985, 41.340693 ], [ -93.789963, 41.337277 ], [ -93.789801, 41.317518 ], [ -93.789873, 41.308075 ], [ -93.789874, 41.307954 ], [ -93.789727, 41.29322 ], [ -93.789607, 41.289697 ], [ -93.789553, 41.271371 ], [ -93.789479, 41.271377 ], [ -93.789443, 41.267782 ], [ -93.789548, 41.256774 ], [ -93.789448, 41.249565 ], [ -93.789063, 41.231219 ], [ -93.788964, 41.227592 ], [ -93.789274, 41.204393 ], [ -93.789275, 41.202196 ], [ -93.789055, 41.161892 ], [ -93.803306, 41.1612 ], [ -93.814234, 41.160857 ], [ -93.884507, 41.157115 ], [ -93.898643, 41.156343 ], [ -93.917594, 41.156529 ], [ -94.014189, 41.156762 ], [ -94.062303, 41.156737 ], [ -94.062622, 41.156738 ], [ -94.080859, 41.156781 ], [ -94.09186, 41.156795 ], [ -94.127863, 41.156804 ], [ -94.14212, 41.156792 ], [ -94.144576, 41.156784 ], [ -94.147199, 41.156775 ], [ -94.223025, 41.156959 ], [ -94.235495, 41.157037 ], [ -94.236737, 41.157045 ], [ -94.241581, 41.157089 ], [ -94.260852, 41.157137 ], [ -94.289547, 41.157283 ], [ -94.321997, 41.157376 ], [ -94.325387, 41.15733 ], [ -94.352961, 41.157378 ], [ -94.357109, 41.157367 ], [ -94.395181, 41.157552 ], [ -94.47061, 41.157532 ], [ -94.479861, 41.15754 ], [ -94.514981, 41.157893 ], [ -94.528057, 41.157829 ], [ -94.566285, 41.157811 ], [ -94.585384, 41.157878 ], [ -94.597478, 41.157951 ], [ -94.604453, 41.157918 ], [ -94.631344, 41.157808 ], [ -94.638141, 41.157779 ], [ -94.652155, 41.157853 ], [ -94.700587, 41.158084 ], [ -94.700673, 41.158085 ], [ -94.70488, 41.157901 ], [ -94.71956, 41.15799 ], [ -94.814873, 41.158317 ], [ -94.910249, 41.158385 ], [ -94.916151, 41.158409 ], [ -94.927591, 41.158364 ], [ -94.927655, 41.137184 ], [ -94.927604, 41.127537 ], [ -94.927571, 41.108527 ], [ -94.927631, 41.106262 ], [ -94.92745, 41.101299 ], [ -94.927686, 41.072267 ], [ -94.92782, 41.029864 ], [ -94.927821, 41.022979 ], [ -94.927733, 41.005595 ], [ -94.927881, 41.001144 ], [ -94.928222, 40.986433 ], [ -94.928252, 40.980302 ], [ -94.928652, 40.900677 ], [ -95.000259, 40.900798 ], [ -95.005725, 40.900712 ], [ -95.012507, 40.900624 ], [ -95.04227, 40.900714 ], [ -95.061222, 40.900773 ], [ -95.099356, 40.900882 ], [ -95.134227, 40.900855 ], [ -95.137663, 40.900926 ], [ -95.146652, 40.901038 ], [ -95.15538, 40.901004 ], [ -95.156232, 40.901001 ], [ -95.175223, 40.901073 ], [ -95.194546, 40.901097 ], [ -95.201087, 40.901143 ], [ -95.213386, 40.90115 ], [ -95.222584, 40.901193 ], [ -95.232476, 40.901239 ], [ -95.244082, 40.90128 ], [ -95.27024, 40.901407 ], [ -95.273914, 40.901421 ], [ -95.28093, 40.901448 ], [ -95.289436, 40.901482 ], [ -95.299051, 40.901519 ], [ -95.300521, 40.901368 ], [ -95.346707, 40.901279 ], [ -95.384961, 40.90155 ], [ -95.384768, 40.889501 ], [ -95.384747, 40.886918 ], [ -95.384823, 40.88442 ], [ -95.384698, 40.814676 ], [ -95.384648, 40.800679 ], [ -95.384671, 40.798899 ], [ -95.384814, 40.785558 ], [ -95.384907, 40.775221 ], [ -95.384942, 40.769758 ], [ -95.384944, 40.767965 ], [ -95.384944, 40.767539 ], [ -95.384944, 40.766839 ], [ -95.384975, 40.765778 ], [ -95.384976, 40.763949 ], [ -95.385004, 40.760995 ], [ -95.38503, 40.75821 ], [ -95.385041, 40.757042 ], [ -95.385116, 40.755312 ], [ -95.38514, 40.752941 ], [ -95.385162, 40.750812 ], [ -95.385263, 40.744721 ], [ -95.385297, 40.742828 ], [ -95.385486, 40.731851 ], [ -95.385254, 40.728378 ], [ -95.379368, 40.728334 ], [ -95.370717, 40.728243 ], [ -95.370618, 40.728241 ], [ -95.370667, 40.727751 ], [ -95.372729, 40.684295 ], [ -95.373073, 40.676564 ], [ -95.374023, 40.655248 ], [ -95.373893, 40.580501 ], [ -95.415406, 40.581014 ], [ -95.431194969382702, 40.581168044440034 ], [ -95.469319, 40.58154 ], [ -95.488185881449937, 40.581725058491585 ], [ -95.525392, 40.58209 ], [ -95.526682, 40.582136 ], [ -95.533182, 40.582249 ], [ -95.545311999005961, 40.582460663664456 ], [ -95.554959, 40.582629 ], [ -95.574046, 40.582963 ], [ -95.611069, 40.583495 ], [ -95.638067615374197, 40.584143401961647 ], [ -95.64184, 40.584234 ], [ -95.644304304324109, 40.584241889751134 ], [ -95.652440414640793, 40.584267938435573 ], [ -95.687442, 40.58438 ], [ -95.6875, 40.584381 ], [ -95.746443, 40.584935 ], [ -95.765645, 40.585208 ], [ -95.758895, 40.588973 ], [ -95.753148, 40.59284 ], [ -95.750053, 40.597052 ], [ -95.748858, 40.599965 ], [ -95.748816664004067, 40.600569004423299 ], [ -95.748694340409116, 40.602356405228818 ], [ -95.748626, 40.603355 ], [ -95.748911744612457, 40.604295879569051 ], [ -95.749428822024825, 40.605998475354653 ], [ -95.749685, 40.606842 ], [ -95.751271, 40.609057 ], [ -95.752917665097627, 40.610199990742395 ], [ -95.758045, 40.613759 ], [ -95.764412, 40.61709 ], [ -95.766823, 40.61878 ], [ -95.768926, 40.621264 ], [ -95.770083, 40.624425 ], [ -95.770316457615863, 40.63148725545458 ], [ -95.770442, 40.635285 ], [ -95.770529173268557, 40.635690558082892 ], [ -95.770533476799983, 40.635710579495274 ], [ -95.771151726148247, 40.638586874311422 ], [ -95.771325, 40.639393 ], [ -95.771413762732891, 40.639575767591353 ], [ -95.771784413066172, 40.640338958025417 ], [ -95.772832, 40.642496 ], [ -95.773904573482767, 40.644054196106701 ], [ -95.774141569017985, 40.644398494680402 ], [ -95.774288511589887, 40.644611967553949 ], [ -95.776251, 40.647463 ], [ -95.781909, 40.653272 ], [ -95.783332254245394, 40.654488135469173 ], [ -95.784720163494072, 40.655674069514902 ], [ -95.786568, 40.657253 ], [ -95.789485, 40.659388 ], [ -95.795489, 40.662384 ], [ -95.797181875971063, 40.662864332919 ], [ -95.804307, 40.664886 ], [ -95.81415, 40.66557 ], [ -95.821952763701319, 40.667057003923475 ], [ -95.822913, 40.66724 ], [ -95.823873997653479, 40.667650789152347 ], [ -95.83050521236521, 40.670485375751944 ], [ -95.830816735800198, 40.670618539914592 ], [ -95.832177, 40.6712 ], [ -95.835596654325386, 40.673226557194333 ], [ -95.837093948496587, 40.674113884387722 ], [ -95.837720612659552, 40.674485258405895 ], [ -95.83772393262096, 40.674487225883013 ], [ -95.838340033268068, 40.674852339745492 ], [ -95.842801, 40.677496 ], [ -95.844827, 40.679867 ], [ -95.84491303667663, 40.680062168534086 ], [ -95.844945820101316, 40.680136535573695 ], [ -95.844947573812632, 40.680140513752299 ], [ -95.845149652625679, 40.680598916229563 ], [ -95.845456162943535, 40.681294214697012 ], [ -95.846034, 40.682605 ], [ -95.846190433195503, 40.683560916500916 ], [ -95.846216737479665, 40.683721654119225 ], [ -95.847266214125952, 40.690134692223516 ], [ -95.84781674606576, 40.693498828357605 ], [ -95.847931, 40.694197 ], [ -95.849828, 40.698147 ], [ -95.852615, 40.702262 ], [ -95.853723174476173, 40.70321123181138 ], [ -95.858864705604816, 40.70761532612282 ], [ -95.859378, 40.708055 ], [ -95.861102454499417, 40.708742265708388 ], [ -95.863167228762762, 40.709565162773572 ], [ -95.868260004653607, 40.711594842438267 ], [ -95.870481, 40.71248 ], [ -95.87528, 40.71412 ], [ -95.877015, 40.714287 ], [ -95.883178, 40.717579 ], [ -95.885349, 40.721093 ], [ -95.888907, 40.731855 ], [ -95.888697, 40.736292 ], [ -95.88669, 40.742101 ], [ -95.883643, 40.747831 ], [ -95.879729865144739, 40.752281597484831 ], [ -95.879027, 40.753081 ], [ -95.877913749513127, 40.7539679625717 ], [ -95.874325991340285, 40.756826445234012 ], [ -95.873335, 40.757616 ], [ -95.872963883493114, 40.757840573633295 ], [ -95.87168593384051, 40.758613898967369 ], [ -95.869982, 40.759645 ], [ -95.865103564390679, 40.761544098983443 ], [ -95.863547035885702, 40.762150031281884 ], [ -95.861695, 40.762871 ], [ -95.858123365790078, 40.763976248393234 ], [ -95.855052701043903, 40.764926470918134 ], [ -95.852776, 40.765631 ], [ -95.852009449860688, 40.766003068196262 ], [ -95.851795471580246, 40.766106928999029 ], [ -95.848094770954177, 40.767903175501772 ], [ -95.847844565972068, 40.768024620025265 ], [ -95.84662, 40.768619 ], [ -95.844425591639791, 40.770049180791133 ], [ -95.843537113268766, 40.770628236505068 ], [ -95.842824, 40.771093 ], [ -95.838879, 40.774545 ], [ -95.836903, 40.776477 ], [ -95.835232, 40.779151 ], [ -95.834156, 40.783016 ], [ -95.834191998201064, 40.783483093824316 ], [ -95.834215163792223, 40.783783678415809 ], [ -95.834489878656441, 40.787348234773766 ], [ -95.834523, 40.787778 ], [ -95.835815, 40.79063 ], [ -95.843745, 40.803783 ], [ -95.845176085636453, 40.810540555907615 ], [ -95.845342, 40.811324 ], [ -95.84493333791734, 40.814645838929088 ], [ -95.844852, 40.815307 ], [ -95.843921, 40.817686 ], [ -95.838601, 40.826175 ], [ -95.837303, 40.831164 ], [ -95.837207970185744, 40.834561518914683 ], [ -95.837186, 40.835347 ], [ -95.838004766720488, 40.837383888249327 ], [ -95.841309, 40.845604 ], [ -95.847084, 40.854174 ], [ -95.84849, 40.858607 ], [ -95.84852743826319, 40.859525734978547 ], [ -95.8485393595668, 40.859818283769215 ], [ -95.848542921206516, 40.859905686407856 ], [ -95.848547441708021, 40.860016619514447 ], [ -95.84855172537462, 40.860121740692989 ], [ -95.84859, 40.861061 ], [ -95.847785, 40.864328 ], [ -95.846938, 40.865745 ], [ -95.844073, 40.869248 ], [ -95.842521, 40.870266 ], [ -95.841706628376414, 40.870680069037348 ], [ -95.841367025524434, 40.870852740851952 ], [ -95.84033678574562, 40.871376568526053 ], [ -95.840140124503264, 40.871476561365881 ], [ -95.839967678924168, 40.871564241698586 ], [ -95.838735, 40.872191 ], [ -95.837610057888924, 40.87242088232145 ], [ -95.837580787363834, 40.87242686376365 ], [ -95.824989, 40.875 ], [ -95.824680927523076, 40.87513917184134 ], [ -95.824008550418796, 40.87544291841607 ], [ -95.81959, 40.877439 ], [ -95.818529583138186, 40.878136955533563 ], [ -95.817391793062328, 40.878885837325399 ], [ -95.815933, 40.879846 ], [ -95.814824722996619, 40.881110587240471 ], [ -95.813352346678599, 40.882790625984654 ], [ -95.812083, 40.884239 ], [ -95.810709, 40.886681 ], [ -95.809474, 40.891228 ], [ -95.809688035155446, 40.894228047577556 ], [ -95.809775, 40.895447 ], [ -95.810886, 40.897907 ], [ -95.813457748520605, 40.901693101671576 ], [ -95.814302, 40.902936 ], [ -95.815408569981059, 40.903910745783158 ], [ -95.818709, 40.906818 ], [ -95.830699, 40.915004 ], [ -95.833041, 40.917243 ], [ -95.836438, 40.921642 ], [ -95.837774, 40.924712 ], [ -95.83843036868663, 40.9274014781939 ], [ -95.839743, 40.93278 ], [ -95.840275, 40.939942 ], [ -95.837951, 40.950618 ], [ -95.832978726902084, 40.958722890857331 ], [ -95.829829, 40.963857 ], [ -95.828329, 40.972378 ], [ -95.829074, 40.975688 ], [ -95.830297, 40.978332 ], [ -95.831122843830144, 40.979435164227496 ], [ -95.833111823451546, 40.982092048116719 ], [ -95.833537, 40.98266 ], [ -95.834516043202683, 40.983357051053233 ], [ -95.837608676274471, 40.985558918278429 ], [ -95.838208124647238, 40.98598570855544 ], [ -95.838908, 40.986484 ], [ -95.839388947491869, 40.986752616640644 ], [ -95.840267357072563, 40.987243222028397 ], [ -95.840313179302498, 40.987268814455213 ], [ -95.843541312937703, 40.989071777205758 ], [ -95.844351, 40.989524 ], [ -95.847444541606464, 40.990359663874685 ], [ -95.852547, 40.991738 ], [ -95.854842276950848, 40.992800577676832 ], [ -95.858483967186615, 40.994486465189837 ], [ -95.860116, 40.995242 ], [ -95.861333372291242, 40.995998530529306 ], [ -95.862786654228032, 40.996901666045737 ], [ -95.863492, 40.99734 ], [ -95.864973159044055, 40.999002692769771 ], [ -95.865860688894102, 40.999999 ], [ -95.866688486474459, 41.000928254057641 ], [ -95.866697081075372, 41.00093790202952 ], [ -95.867286, 41.001599 ], [ -95.869198, 41.005951 ], [ -95.869486, 41.009399 ], [ -95.868374, 41.012703 ], [ -95.865878, 41.017403 ], [ -95.859918, 41.025403 ], [ -95.859102, 41.031599 ], [ -95.859654, 41.035695 ], [ -95.860462, 41.037887 ], [ -95.861782, 41.039427 ], [ -95.869807, 41.045199 ], [ -95.869818891669865, 41.045208950674159 ], [ -95.874588802429187, 41.049200301619464 ], [ -95.879487, 41.053299 ], [ -95.881855, 41.057211 ], [ -95.882236560499194, 41.059391345709642 ], [ -95.88230010440104, 41.059754453720245 ], [ -95.882415, 41.060411 ], [ -95.882314443452387, 41.060874333630899 ], [ -95.882019467470954, 41.062233492191552 ], [ -95.881506219108189, 41.064598382724597 ], [ -95.881375, 41.065203 ], [ -95.880728918006398, 41.066068655091705 ], [ -95.878103, 41.069587 ], [ -95.873453520198439, 41.073099 ], [ -95.870631, 41.075231 ], [ -95.869359267303992, 41.076494858190145 ], [ -95.865764443839424, 41.08006742268595 ], [ -95.865463, 41.080367 ], [ -95.865308755041212, 41.080665232247895 ], [ -95.86451702723339, 41.082196036014302 ], [ -95.863839, 41.083507 ], [ -95.863304751995727, 41.085594493000791 ], [ -95.86275305145665, 41.087750179132676 ], [ -95.862587, 41.088399 ], [ -95.863268, 41.093765 ], [ -95.86545, 41.101266 ], [ -95.865888, 41.117898 ], [ -95.868688, 41.124698 ], [ -95.878888, 41.138098 ], [ -95.882088, 41.143998 ], [ -95.883389, 41.150898 ], [ -95.883489, 41.154898 ], [ -95.883356005676447, 41.155200259826266 ], [ -95.883355680046918, 41.155200999893381 ], [ -95.881289, 41.159898 ], [ -95.876289, 41.165146 ], [ -95.871912, 41.168122 ], [ -95.871119988941388, 41.168368806262983 ], [ -95.870044105618561, 41.168704072720949 ], [ -95.86964, 41.16883 ], [ -95.867344, 41.168734 ], [ -95.865072, 41.167802 ], [ -95.852788, 41.165398 ], [ -95.846188, 41.166698 ], [ -95.841888, 41.171098 ], [ -95.841288, 41.174998 ], [ -95.841744521739031, 41.175911043478024 ], [ -95.844088, 41.180598 ], [ -95.850188, 41.184798 ], [ -95.856788, 41.187098 ], [ -95.864789, 41.188298 ], [ -95.873012474110553, 41.18758372751099 ], [ -95.90969, 41.184398 ], [ -95.91459, 41.185098 ], [ -95.91829, 41.186698 ], [ -95.920361829107421, 41.188516135747335 ], [ -95.92319, 41.190998 ], [ -95.92599, 41.195698 ], [ -95.927491, 41.202198 ], [ -95.924891, 41.211198 ], [ -95.924266357994696, 41.211950119965607 ], [ -95.915091, 41.222998 ], [ -95.912591, 41.226998 ], [ -95.910891, 41.231798 ], [ -95.910891, 41.233998 ], [ -95.911391, 41.237998 ], [ -95.913950512195115, 41.243298 ], [ -95.916316853658543, 41.248198 ], [ -95.917088899445332, 41.249796680669654 ], [ -95.921291, 41.258498 ], [ -95.921399250226671, 41.259598543970966 ], [ -95.921419944099384, 41.259808931677057 ], [ -95.921420195402305, 41.25981148659006 ], [ -95.921891, 41.264598 ], [ -95.920391, 41.268398 ], [ -95.919678741202887, 41.268976710272639 ], [ -95.918791, 41.269698 ], [ -95.913991, 41.271398 ], [ -95.918017142433257, 41.274136872403588 ], [ -95.923685054053763, 41.277992594594394 ], [ -95.926044662409097, 41.279597770346328 ], [ -95.928691, 41.281398 ], [ -95.929591, 41.285097 ], [ -95.929591, 41.290397 ], [ -95.929591, 41.292297 ], [ -95.927491, 41.298397 ], [ -95.922362234269727, 41.300320287148864 ], [ -95.920291, 41.301097 ], [ -95.90589, 41.300897 ], [ -95.90429, 41.299597 ], [ -95.90429, 41.297597 ], [ -95.90429, 41.293497 ], [ -95.909328117008357, 41.284897 ], [ -95.912491, 41.279498 ], [ -95.90249, 41.273398 ], [ -95.8909104307577, 41.278006207680072 ], [ -95.88239, 41.281397 ], [ -95.87689, 41.285097 ], [ -95.872889, 41.289497 ], [ -95.871489, 41.295797 ], [ -95.874689, 41.307097 ], [ -95.878189, 41.312497 ], [ -95.883089, 41.316697 ], [ -95.88869, 41.319097 ], [ -95.89929, 41.321197 ], [ -95.912406034270546, 41.320292445912351 ], [ -95.91379, 41.320197 ], [ -95.92209, 41.321097 ], [ -95.92569, 41.322197 ], [ -95.926502524209155, 41.322597258231113 ], [ -95.927084824887388, 41.322884105855792 ], [ -95.939291, 41.328897 ], [ -95.943676432735842, 41.331896982209727 ], [ -95.946891, 41.334096 ], [ -95.953091, 41.339896 ], [ -95.956691, 41.345496 ], [ -95.956791, 41.349196 ], [ -95.954891, 41.351796 ], [ -95.952191, 41.353496 ], [ -95.94099, 41.357496 ], [ -95.93549, 41.360596 ], [ -95.93099, 41.364696 ], [ -95.92879, 41.370096 ], [ -95.92929, 41.374896 ], [ -95.93519, 41.384395 ], [ -95.93749, 41.393095 ], [ -95.93689, 41.396387 ], [ -95.930778, 41.406179 ], [ -95.930717063201286, 41.40647601644941 ], [ -95.929721, 41.411331 ], [ -95.929889, 41.415155 ], [ -95.931251509803928, 41.419097677871157 ], [ -95.931383926193547, 41.419480849550105 ], [ -95.932297, 41.422123 ], [ -95.932544806704229, 41.424199517875913 ], [ -95.933169, 41.42943 ], [ -95.932193, 41.431914 ], [ -95.930705, 41.433894 ], [ -95.923905, 41.439742 ], [ -95.921833, 41.442062 ], [ -95.920577, 41.444302 ], [ -95.919865, 41.447922 ], [ -95.920281, 41.451566 ], [ -95.922529, 41.455766 ], [ -95.925713, 41.459382 ], [ -95.932921, 41.463798 ], [ -95.936801, 41.46519 ], [ -95.938716985351135, 41.465587433493887 ], [ -95.940292749267115, 41.465914294739605 ], [ -95.941969, 41.466262 ], [ -95.946465, 41.466166 ], [ -95.957017, 41.462814 ], [ -95.962329, 41.46281 ], [ -95.965481, 41.46351 ], [ -95.973449, 41.467318 ], [ -95.97523573203658, 41.467780037297366 ], [ -95.982962, 41.469778 ], [ -95.991018, 41.470374 ], [ -96.004708, 41.472342 ], [ -96.007815700829156, 41.473620489286581 ], [ -96.008833, 41.474039 ], [ -96.011757, 41.476212 ], [ -96.015143979083291, 41.480119602811143 ], [ -96.016389, 41.481556 ], [ -96.019542, 41.486617 ], [ -96.019817, 41.48803 ], [ -96.019224, 41.489296 ], [ -96.015986, 41.492659 ], [ -96.007334, 41.497631 ], [ -95.997903, 41.504789 ], [ -95.996227143159928, 41.506893131365864 ], [ -95.993943, 41.509761 ], [ -95.992833, 41.512002 ], [ -95.992599, 41.514174 ], [ -95.99267, 41.51729 ], [ -95.993891, 41.523412 ], [ -95.994514232722324, 41.525099636390834 ], [ -95.999529, 41.538679 ], [ -96.001161, 41.541146 ], [ -96.005079, 41.544004 ], [ -96.010028, 41.545533 ], [ -96.016474, 41.546085 ], [ -96.019686, 41.545743 ], [ -96.023182, 41.544364 ], [ -96.027289, 41.541081 ], [ -96.028439, 41.539616 ], [ -96.030593, 41.527292 ], [ -96.034305, 41.512853 ], [ -96.036603, 41.509047 ], [ -96.038101, 41.50799 ], [ -96.039497068691404, 41.507499228160064 ], [ -96.040282748697535, 41.507223031419365 ], [ -96.040701, 41.507076 ], [ -96.042746293403781, 41.507129772713185 ], [ -96.046223912119956, 41.507221202624144 ], [ -96.046520252867296, 41.507228993704885 ], [ -96.048118, 41.507271 ], [ -96.049474745656156, 41.507657667642171 ], [ -96.05086323718723, 41.508053382744677 ], [ -96.052959367745103, 41.508650772429895 ], [ -96.053123316738535, 41.508697497304524 ], [ -96.05369, 41.508859 ], [ -96.05427243137845, 41.509219983970951 ], [ -96.056111307838606, 41.510359697508491 ], [ -96.057935, 41.51149 ], [ -96.063638, 41.516162 ], [ -96.064393845163139, 41.516974013651726 ], [ -96.064684564117783, 41.517286336560616 ], [ -96.067067698102889, 41.519846566385645 ], [ -96.067474244695518, 41.520283324334756 ], [ -96.067527, 41.52034 ], [ -96.067629936958966, 41.520427504771874 ], [ -96.06788825832929, 41.520647098908114 ], [ -96.068239641048166, 41.520945802745629 ], [ -96.07307, 41.525052 ], [ -96.073883966815586, 41.525397083331342 ], [ -96.076157891159312, 41.526361119423179 ], [ -96.080493, 41.528199 ], [ -96.08822, 41.530595 ], [ -96.089714, 41.531778 ], [ -96.09409, 41.539265 ], [ -96.096186, 41.547192 ], [ -96.095851, 41.55088 ], [ -96.094286419560532, 41.556047030396805 ], [ -96.093613, 41.558271 ], [ -96.09182, 41.561086 ], [ -96.088375321447131, 41.564389149962906 ], [ -96.084786, 41.567831 ], [ -96.082406, 41.571229 ], [ -96.081178, 41.574274 ], [ -96.081152, 41.577289 ], [ -96.081843, 41.580407 ], [ -96.083417, 41.583339 ], [ -96.085771, 41.585746 ], [ -96.088683, 41.58752 ], [ -96.101496, 41.59158 ], [ -96.104465, 41.593169 ], [ -96.108113695282071, 41.595913305147157 ], [ -96.10847908116429, 41.596188124028878 ], [ -96.108656601002096, 41.59632164260664 ], [ -96.109387, 41.596871 ], [ -96.113833, 41.602277 ], [ -96.114650607122897, 41.603703001807276 ], [ -96.11583, 41.60576 ], [ -96.117558, 41.609999 ], [ -96.118105, 41.613495 ], [ -96.11795, 41.617356 ], [ -96.116233, 41.621574 ], [ -96.114146, 41.623975 ], [ -96.100701, 41.635507 ], [ -96.097728, 41.639633 ], [ -96.095046, 41.647365 ], [ -96.095314409265271, 41.651271845972282 ], [ -96.095333404787581, 41.651548336352484 ], [ -96.095415, 41.652736 ], [ -96.095849166412805, 41.653761239670594 ], [ -96.096026574902197, 41.65418017171104 ], [ -96.096217645874717, 41.654631366310952 ], [ -96.097933, 41.658682 ], [ -96.099837, 41.66103 ], [ -96.110247618566177, 41.667750507503051 ], [ -96.111483, 41.668548 ], [ -96.114978, 41.67122 ], [ -96.11812, 41.674399 ], [ -96.120983, 41.677861 ], [ -96.121726, 41.68274 ], [ -96.121401, 41.688522 ], [ -96.120896394105998, 41.689588000232725 ], [ -96.120157, 41.69115 ], [ -96.117751, 41.694221 ], [ -96.113266850436247, 41.696975227779745 ], [ -96.111968, 41.697773 ], [ -96.109709797966829, 41.698479903950783 ], [ -96.105119, 41.699917 ], [ -96.090579, 41.697425 ], [ -96.082429, 41.698159 ], [ -96.07910780806553, 41.699955542192569 ], [ -96.075955, 41.701661 ], [ -96.073063, 41.705004 ], [ -96.072321, 41.706858 ], [ -96.072494, 41.708794 ], [ -96.073376, 41.710674 ], [ -96.075151, 41.713265 ], [ -96.079682, 41.717962 ], [ -96.0876, 41.72218 ], [ -96.093793975919709, 41.724588264055157 ], [ -96.10261, 41.728016 ], [ -96.105582, 41.731647 ], [ -96.106326, 41.734591 ], [ -96.106425, 41.73789 ], [ -96.104622, 41.744211 ], [ -96.102772, 41.746339 ], [ -96.098255283301185, 41.74868879159947 ], [ -96.097885470988913, 41.748881183977041 ], [ -96.097511, 41.749076 ], [ -96.096994889810148, 41.749195013733669 ], [ -96.095954925824159, 41.749434826857488 ], [ -96.091687, 41.750419 ], [ -96.084673, 41.753314 ], [ -96.079915, 41.757895 ], [ -96.0783, 41.761598 ], [ -96.078318773800049, 41.761884601595256 ], [ -96.078328600832222, 41.762034621468459 ], [ -96.078939, 41.771353 ], [ -96.077804741070224, 41.776610728892997 ], [ -96.077543, 41.777824 ], [ -96.073197, 41.783009 ], [ -96.066782063684272, 41.788591810142734 ], [ -96.066413, 41.788913 ], [ -96.065773984936584, 41.7903058212123 ], [ -96.064691976712439, 41.792664206941787 ], [ -96.064537, 41.793002 ], [ -96.064879, 41.79623 ], [ -96.06707342124281, 41.800169210051351 ], [ -96.067329, 41.800628 ], [ -96.069662, 41.803509 ], [ -96.070598390019754, 41.804193395152033 ], [ -96.075548, 41.807811 ], [ -96.080393478666011, 41.809874618424153 ], [ -96.081026, 41.810144 ], [ -96.093835, 41.812785 ], [ -96.09827, 41.814206 ], [ -96.103430515542129, 41.816979812424115 ], [ -96.103749, 41.817151 ], [ -96.104024404174908, 41.817404260045286 ], [ -96.106483327975894, 41.819665471784205 ], [ -96.107592, 41.820685 ], [ -96.10788856326414, 41.821200394846521 ], [ -96.107963308543361, 41.82133029404973 ], [ -96.109121756796156, 41.823343551697008 ], [ -96.109347, 41.823735 ], [ -96.109501753736438, 41.824204338570489 ], [ -96.110607466954505, 41.827557755896876 ], [ -96.110679898077848, 41.82777742568107 ], [ -96.11081, 41.828172 ], [ -96.110839843701001, 41.828986086936396 ], [ -96.110855676641535, 41.829417983438191 ], [ -96.110907, 41.830818 ], [ -96.108038896994742, 41.839932555645262 ], [ -96.107911, 41.840339 ], [ -96.108029, 41.844397 ], [ -96.110246, 41.84885 ], [ -96.113419889183987, 41.852481694513003 ], [ -96.113962, 41.853102 ], [ -96.116202, 41.854869 ], [ -96.116892208690572, 41.855234230921226 ], [ -96.118089582601115, 41.855867833456848 ], [ -96.123215, 41.85858 ], [ -96.13062, 41.860809 ], [ -96.132518041433983, 41.861759044913754 ], [ -96.135253, 41.863128 ], [ -96.138836653452131, 41.866155005278983 ], [ -96.128194, 41.866075 ], [ -96.122136, 41.866052 ] ] ] } },
{ "type": "Feature", "properties": { "DISTRICT": "5", "STARTCONG": "103", "ENDCONG": "107", "BESTDEC": "Iowa_CD_1992_2000", "ST": "19", "STA": "IA", "ELECT_YEAR": "1992-2000", "TYPE": "US Cong" }, "geometry": { "type": "Polygon", "coordinates": [ [ [ -95.094049606606177, 43.500733338333305 ], [ -95.054289, 43.50086 ], [ -95.053504, 43.500769 ], [ -95.034, 43.500811 ], [ -95.032587160687044, 43.500815362601763 ], [ -95.014245, 43.500872 ], [ -94.99446, 43.500523 ], [ -94.974359, 43.500508 ], [ -94.954477, 43.500467 ], [ -94.934625, 43.50049 ], [ -94.914955, 43.50045 ], [ -94.914905, 43.50045 ], [ -94.914523, 43.50045 ], [ -94.887291, 43.500502 ], [ -94.874235, 43.500557 ], [ -94.872725, 43.500564 ], [ -94.860192, 43.500546 ], [ -94.857867, 43.500615 ], [ -94.854444042944863, 43.500613995540661 ], [ -94.844564089211687, 43.500611096289518 ], [ -94.84005498673227, 43.500609773103129 ], [ -94.797811168143824, 43.500597376745432 ], [ -94.734026504010899, 43.50057865927306 ], [ -94.694178486641931, 43.500566965958207 ], [ -94.678459161347604, 43.500562353156042 ], [ -94.615916, 43.500544 ], [ -94.614270999999718, 43.50053699456722 ], [ -94.565665, 43.50033 ], [ -94.560838, 43.500377 ], [ -94.492251954940599, 43.500348933866434 ], [ -94.47042, 43.50034 ], [ -94.447048, 43.500639 ], [ -94.442835, 43.500583 ], [ -94.390597, 43.500469 ], [ -94.377466, 43.500379 ], [ -94.368061212175547, 43.500375625908589 ], [ -94.323961481352114, 43.500359804549582 ], [ -94.247710932730314, 43.500332448661553 ], [ -94.206378922522433, 43.50031762025872 ], [ -94.148902958334872, 43.500297 ], [ -94.127925023897831, 43.500289473889879 ], [ -94.10988, 43.500283 ], [ -94.108068, 43.5003 ], [ -94.106890787739772, 43.500300171492825 ], [ -94.098146034113796, 43.500301445402513 ], [ -94.094339, 43.500302 ], [ -94.092894, 43.500302 ], [ -94.088382653287638, 43.500276254436429 ], [ -94.077941483345015, 43.500216668281489 ], [ -94.068045746022804, 43.50016019482679 ], [ -94.007911695425051, 43.49981701902589 ], [ -93.97076, 43.499605 ], [ -93.888689137192713, 43.499565129491025 ], [ -93.852374997584533, 43.499547487867972 ], [ -93.795793, 43.49952 ], [ -93.794285, 43.499542 ], [ -93.768424003471139, 43.499548956511333 ], [ -93.734030001000974, 43.499558208369393 ], [ -93.716217, 43.499563 ], [ -93.708771, 43.499564 ], [ -93.704916, 43.499568 ], [ -93.699345, 43.499576 ], [ -93.648637929748759, 43.499558730459881 ], [ -93.617131, 43.499548 ], [ -93.576728, 43.49952 ], [ -93.558631, 43.499521 ], [ -93.532178, 43.499472 ], [ -93.528482, 43.499471 ], [ -93.498418830420391, 43.49945648934758 ], [ -93.497405, 43.499456 ], [ -93.497631, 43.444637 ], [ -93.497651, 43.438926 ], [ -93.497726, 43.430135 ], [ -93.497798, 43.422749 ], [ -93.497845, 43.408317 ], [ -93.497591, 43.379219 ], [ -93.4975, 43.368434 ], [ -93.497451, 43.357489 ], [ -93.497445, 43.351817 ], [ -93.497489, 43.342989 ], [ -93.497633, 43.320872 ], [ -93.497536, 43.255391 ], [ -93.497608, 43.169664 ], [ -93.497673, 43.14096 ], [ -93.49769, 43.126528 ], [ -93.49765, 43.118054 ], [ -93.497707, 43.110767 ], [ -93.49771, 43.083138 ], [ -93.497757, 43.06763 ], [ -93.497763, 43.009719 ], [ -93.497842, 42.995264 ], [ -93.498015, 42.980831 ], [ -93.498455, 42.922987 ], [ -93.498628, 42.908441 ], [ -93.491456, 42.908436 ], [ -93.488311, 42.908433 ], [ -93.473937, 42.908399 ], [ -93.458521, 42.908341 ], [ -93.438918, 42.908297 ], [ -93.379768, 42.907963 ], [ -93.351006, 42.90788 ], [ -93.340514, 42.907814 ], [ -93.330955, 42.907804 ], [ -93.261923, 42.907806 ], [ -93.241406, 42.907667 ], [ -93.182725, 42.907641 ], [ -93.16281, 42.907632 ], [ -93.143112, 42.907627 ], [ -93.024923, 42.907745 ], [ -93.02535, 42.81859 ], [ -93.025599, 42.766736 ], [ -93.025601, 42.763076 ], [ -93.025736, 42.745082 ], [ -93.025877, 42.730659 ], [ -93.026061, 42.7009 ], [ -93.026111, 42.696477 ], [ -93.026218, 42.664978 ], [ -93.026262, 42.643202 ], [ -93.026694, 42.564017 ], [ -93.026713, 42.562321 ], [ -93.026778, 42.556611 ], [ -93.026701, 42.528658 ], [ -93.026594, 42.499979 ], [ -93.026598, 42.499669 ], [ -93.027115, 42.470843 ], [ -93.002788, 42.47072 ], [ -93.00255, 42.397931 ], [ -93.002255, 42.383496 ], [ -93.002176, 42.37447 ], [ -93.002239, 42.368301 ], [ -93.00216, 42.353774 ], [ -93.00197, 42.296219 ], [ -93.001891, 42.28174 ], [ -93.001874, 42.267259 ], [ -93.001777, 42.256298 ], [ -93.00153, 42.209219 ], [ -93.016177, 42.209111 ], [ -93.033377, 42.209262 ], [ -93.037497, 42.209257 ], [ -93.03768, 42.209257 ], [ -93.117841, 42.208733 ], [ -93.121097, 42.208707 ], [ -93.132609, 42.208709 ], [ -93.143907, 42.208729 ], [ -93.195787, 42.208819 ], [ -93.231643, 42.208883 ], [ -93.24149, 42.208925 ], [ -93.246107, 42.208911 ], [ -93.253081, 42.20889 ], [ -93.256119, 42.208878 ], [ -93.263652, 42.208896 ], [ -93.272448, 42.208916 ], [ -93.346708, 42.209184 ], [ -93.362406, 42.209282 ], [ -93.366252, 42.209306 ], [ -93.385738, 42.209223 ], [ -93.444202, 42.209311 ], [ -93.446459, 42.209242 ], [ -93.463033, 42.209254 ], [ -93.569668, 42.209164 ], [ -93.570868, 42.209141 ], [ -93.571853, 42.209164 ], [ -93.581664, 42.209181 ], [ -93.591115, 42.209206 ], [ -93.620254, 42.209195 ], [ -93.698457, 42.209367 ], [ -93.698696, 42.166453 ], [ -93.69871, 42.159494 ], [ -93.698721, 42.13747 ], [ -93.698736, 42.124983 ], [ -93.698628, 42.123007 ], [ -93.698807, 42.0924 ], [ -93.698824, 42.062484 ], [ -93.69862, 42.048784 ], [ -93.69862, 42.046159 ], [ -93.69862, 42.041684 ], [ -93.698716, 42.039285 ], [ -93.69872, 42.039185 ], [ -93.69872, 42.034385 ], [ -93.69872, 42.022685 ], [ -93.698662, 42.017817 ], [ -93.698621, 42.014385 ], [ -93.698712, 42.014412 ], [ -93.698787, 42.008351 ], [ -93.698787, 42.006294 ], [ -93.69836, 41.964871 ], [ -93.698238, 41.950498 ], [ -93.698299, 41.937486 ], [ -93.698191, 41.892573 ], [ -93.69819, 41.883505 ], [ -93.69819, 41.882962 ], [ -93.698189, 41.878 ], [ -93.69817, 41.870581 ], [ -93.698127, 41.863473 ], [ -93.702869, 41.863498 ], [ -93.708088, 41.863504 ], [ -93.737509, 41.863538 ], [ -93.74697, 41.863549 ], [ -93.77045, 41.86358 ], [ -93.770462, 41.86358 ], [ -93.776159, 41.863559 ], [ -93.776278, 41.863559 ], [ -93.795924, 41.86354 ], [ -93.809768, 41.863524 ], [ -93.815939, 41.863518 ], [ -93.822293, 41.863485 ], [ -93.831485, 41.863448 ], [ -93.862878, 41.863435 ], [ -93.892807, 41.863686 ], [ -93.904189, 41.86366 ], [ -93.912377, 41.863515 ], [ -93.912636, 41.863514 ], [ -93.92203, 41.863424 ], [ -93.93132, 41.863362 ], [ -93.950693, 41.863293 ], [ -93.970065, 41.863249 ], [ -93.978801, 41.863231 ], [ -93.981828, 41.863225 ], [ -93.994344, 41.863135 ], [ -94.012688, 41.863119 ], [ -94.017895, 41.863127 ], [ -94.032772, 41.863145 ], [ -94.047592, 41.863137 ], [ -94.071885, 41.863125 ], [ -94.074272, 41.86301 ], [ -94.077095, 41.863076 ], [ -94.07888, 41.863087 ], [ -94.096232, 41.863105 ], [ -94.120604, 41.863133 ], [ -94.164138, 41.863244 ], [ -94.17322, 41.863319 ], [ -94.17611, 41.863307 ], [ -94.203009, 41.863329 ], [ -94.245452, 41.863177 ], [ -94.25024, 41.863084 ], [ -94.255643, 41.863133 ], [ -94.28043, 41.863027 ], [ -94.289825, 41.863052 ], [ -94.298797, 41.862942 ], [ -94.299859, 41.862943 ], [ -94.309361, 41.862955 ], [ -94.338478, 41.863119 ], [ -94.35295, 41.863097 ], [ -94.356876, 41.863091 ], [ -94.367426, 41.863132 ], [ -94.39644, 41.863116 ], [ -94.415686, 41.863235 ], [ -94.417345, 41.863229 ], [ -94.434964, 41.863168 ], [ -94.476985, 41.863122 ], [ -94.483428, 41.86309 ], [ -94.493194, 41.863176 ], [ -94.512939, 41.863249 ], [ -94.532186, 41.863323 ], [ -94.551523, 41.86328 ], [ -94.570801, 41.86328 ], [ -94.592515, 41.863189 ], [ -94.599777, 41.863159 ], [ -94.628702, 41.86276 ], [ -94.66734, 41.862679 ], [ -94.672949, 41.862707 ], [ -94.673839, 41.862709 ], [ -94.677002, 41.862715 ], [ -94.686483, 41.862762 ], [ -94.702858, 41.86241 ], [ -94.725056, 41.862335 ], [ -94.744821, 41.862418 ], [ -94.764023, 41.862743 ], [ -94.768735, 41.862722 ], [ -94.774771, 41.862875 ], [ -94.783196, 41.862953 ], [ -94.783421, 41.862955 ], [ -94.802757, 41.862935 ], [ -94.822125, 41.862751 ], [ -94.841401, 41.862702 ], [ -94.846081, 41.862676 ], [ -94.859696, 41.862831 ], [ -94.879178, 41.862896 ], [ -94.898656, 41.862986 ], [ -94.908256, 41.86301 ], [ -94.936364, 41.863002 ], [ -94.937065, 41.863001 ], [ -94.976408, 41.863038 ], [ -95.092936, 41.863383 ], [ -95.150788, 41.863519 ], [ -95.209159, 41.86359 ], [ -95.29558, 41.863975 ], [ -95.302182, 41.864052 ], [ -95.305589, 41.864093 ], [ -95.324209, 41.864168 ], [ -95.324893, 41.864091 ], [ -95.324922, 41.864115 ], [ -95.344194, 41.864065 ], [ -95.37065, 41.86386 ], [ -95.382964, 41.863806 ], [ -95.402205, 41.863538 ], [ -95.421598, 41.863199 ], [ -95.429582, 41.863268 ], [ -95.440281, 41.863396 ], [ -95.440526, 41.863393 ], [ -95.45959, 41.863197 ], [ -95.493788, 41.863412 ], [ -95.549692, 41.863472 ], [ -95.557079, 41.86345 ], [ -95.557277, 41.863449 ], [ -95.561773, 41.863335 ], [ -95.597383, 41.8635 ], [ -95.672738, 41.863194 ], [ -95.71149, 41.863282 ], [ -95.721918, 41.863262 ], [ -95.740707, 41.863238 ], [ -95.75014, 41.8632 ], [ -95.789441, 41.863351 ], [ -95.806977, 41.863375 ], [ -95.818048, 41.863374 ], [ -95.818285, 41.863373 ], [ -95.823563, 41.863353 ], [ -95.827957, 41.863392 ], [ -95.847531, 41.863442 ], [ -95.866181, 41.863473 ], [ -95.886933, 41.863432 ], [ -95.896109, 41.863416 ], [ -95.90553, 41.863402 ], [ -95.91149, 41.863393 ], [ -95.935176, 41.863401 ], [ -95.9365, 41.863415 ], [ -95.936689, 41.863417 ], [ -95.944732, 41.863415 ], [ -95.960911, 41.86339 ], [ -95.961344, 41.86339 ], [ -95.98289, 41.863414 ], [ -95.991094, 41.863424 ], [ -95.995834, 41.863581 ], [ -95.997879, 41.863481 ], [ -96.019544, 41.863634 ], [ -96.021144, 41.863709 ], [ -96.023642, 41.863842 ], [ -96.088507, 41.864992 ], [ -96.099058, 41.865324 ], [ -96.102901, 41.865445 ], [ -96.107869, 41.865602 ], [ -96.122136, 41.866052 ], [ -96.128194, 41.866075 ], [ -96.138836653452131, 41.866155005278983 ], [ -96.140848097650164, 41.867854012252543 ], [ -96.142045, 41.868865 ], [ -96.142644205308628, 41.869599628657745 ], [ -96.143597856026204, 41.870768809131384 ], [ -96.144483, 41.871854 ], [ -96.146083, 41.874988 ], [ -96.146757, 41.877538 ], [ -96.14735, 41.884811 ], [ -96.148826, 41.888132 ], [ -96.152179, 41.892085 ], [ -96.158204, 41.897173 ], [ -96.158913681106029, 41.898101459487542 ], [ -96.158955108593474, 41.898155658117616 ], [ -96.159472986295469, 41.898833185617967 ], [ -96.161756, 41.90182 ], [ -96.161938023647735, 41.904748854642321 ], [ -96.161988, 41.905553 ], [ -96.161607636534043, 41.906328991313373 ], [ -96.161083784580612, 41.907397717944058 ], [ -96.160767, 41.908044 ], [ -96.159098, 41.910057 ], [ -96.158294862671426, 41.910452792504572 ], [ -96.154301, 41.912421 ], [ -96.143577571649061, 41.915056418831995 ], [ -96.142265, 41.915379 ], [ -96.139869313782029, 41.916717172355291 ], [ -96.139864251966245, 41.916719999763139 ], [ -96.139861393013831, 41.916721596704726 ], [ -96.139653, 41.916838 ], [ -96.139412432910092, 41.917167684382996 ], [ -96.137167963969929, 41.920243609514735 ], [ -96.136743, 41.920826 ], [ -96.136133, 41.92353 ], [ -96.136266996044739, 41.924545299197355 ], [ -96.136467296605716, 41.926062993239626 ], [ -96.136613, 41.927167 ], [ -96.137324443374169, 41.92822382431455 ], [ -96.143493, 41.937387 ], [ -96.144583, 41.941544 ], [ -96.143603, 41.944512 ], [ -96.142597, 41.945908 ], [ -96.137047183816534, 41.950772948528389 ], [ -96.135393, 41.952223 ], [ -96.133318, 41.955732 ], [ -96.131943603189953, 41.958859983446722 ], [ -96.129186, 41.965136 ], [ -96.1289, 41.969727 ], [ -96.129505, 41.971673 ], [ -96.132132087495322, 41.974230771202556 ], [ -96.132537, 41.974625 ], [ -96.132997605571774, 41.974807207105705 ], [ -96.135660005640602, 41.975860403681139 ], [ -96.141228, 41.978063 ], [ -96.141757955459425, 41.978134791484138 ], [ -96.141785060855014, 41.978138463371202 ], [ -96.154578644295071, 41.979871571931277 ], [ -96.156538, 41.980137 ], [ -96.156845262871414, 41.980135293808317 ], [ -96.159245507681305, 41.980121965553678 ], [ -96.16068, 41.980114 ], [ -96.168071, 41.978996 ], [ -96.174154, 41.976864 ], [ -96.175175801157351, 41.976683366735394 ], [ -96.175179968587472, 41.976682630020086 ], [ -96.17518677957581, 41.97668142597859 ], [ -96.177203, 41.976325 ], [ -96.17855494540288, 41.976396245986422 ], [ -96.184243, 41.976696 ], [ -96.186265, 41.977417 ], [ -96.187156869793412, 41.978096441502736 ], [ -96.189261004890625, 41.979699407230441 ], [ -96.190602, 41.980721 ], [ -96.191549, 41.982032 ], [ -96.192141, 41.984461 ], [ -96.191912086358386, 41.984884206820091 ], [ -96.19067647696167, 41.987168554401947 ], [ -96.189516, 41.989314 ], [ -96.184784, 41.99546 ], [ -96.183801, 41.99776 ], [ -96.183568, 41.999987 ], [ -96.184644, 42.002633 ], [ -96.188067, 42.006323 ], [ -96.194556, 42.008662 ], [ -96.206083, 42.009267 ], [ -96.215225, 42.006701 ], [ -96.217637, 42.003862 ], [ -96.220548624620022, 41.999343961796498 ], [ -96.221542629498629, 41.997801540433159 ], [ -96.221813, 41.997382 ], [ -96.222282341620556, 41.996948033624015 ], [ -96.223896, 41.995456 ], [ -96.225463, 41.994734 ], [ -96.226152636312733, 41.994681745050187 ], [ -96.228873610785868, 41.994475572054547 ], [ -96.229739, 41.99441 ], [ -96.230384566795578, 41.994603057764301 ], [ -96.231094217372075, 41.994815279883923 ], [ -96.235730162335784, 41.996201666507638 ], [ -96.236487, 41.996428 ], [ -96.238908065172026, 41.998102579625652 ], [ -96.240240973370675, 41.999024513053108 ], [ -96.240713, 41.999351 ], [ -96.240941542390246, 41.999620686935515 ], [ -96.241523895484065, 42.000307881206616 ], [ -96.242035, 42.000911 ], [ -96.242165581256685, 42.001663450835615 ], [ -96.242291894194651, 42.002391306257863 ], [ -96.24238, 42.002899 ], [ -96.241932, 42.006965 ], [ -96.238859, 42.012315 ], [ -96.237323718797441, 42.013199965583986 ], [ -96.227867, 42.018651 ], [ -96.223611, 42.022652 ], [ -96.223197053192038, 42.023433899526189 ], [ -96.22173, 42.026205 ], [ -96.221901, 42.029558 ], [ -96.223822, 42.033346 ], [ -96.225656, 42.035217 ], [ -96.227052280102384, 42.036064826285717 ], [ -96.232125, 42.039145 ], [ -96.238392, 42.041088 ], [ -96.246832, 42.041616 ], [ -96.254542, 42.039454 ], [ -96.256087, 42.03808 ], [ -96.260455298169134, 42.038854084948134 ], [ -96.261132, 42.038974 ], [ -96.262226238467804, 42.039325237039073 ], [ -96.262229560830022, 42.039326303476322 ], [ -96.262233057179969, 42.039327425761456 ], [ -96.263886, 42.039858 ], [ -96.268637, 42.042314 ], [ -96.271427, 42.044988 ], [ -96.272877, 42.047238 ], [ -96.275548, 42.051976 ], [ -96.278445, 42.060399 ], [ -96.279119962948315, 42.067834126970183 ], [ -96.279342, 42.07028 ], [ -96.279079, 42.074026 ], [ -96.276758, 42.081416 ], [ -96.275960826555803, 42.082789095547412 ], [ -96.274855516961622, 42.084692941809934 ], [ -96.274530263746158, 42.08525317590356 ], [ -96.274370611299773, 42.085528170090654 ], [ -96.274135, 42.085934 ], [ -96.271777, 42.088697 ], [ -96.267636, 42.096177 ], [ -96.266594, 42.103262 ], [ -96.266652469847884, 42.103827558487147 ], [ -96.266660897563753, 42.103909076849376 ], [ -96.267318, 42.110265 ], [ -96.2689, 42.11359 ], [ -96.270151632169771, 42.115359739396283 ], [ -96.272299, 42.118396 ], [ -96.275002, 42.120779 ], [ -96.279203, 42.12348 ], [ -96.28567, 42.125619 ], [ -96.299847779850339, 42.127856527556645 ], [ -96.300855892634686, 42.128015627229502 ], [ -96.300883346566252, 42.128019959990262 ], [ -96.301023, 42.128042 ], [ -96.305884, 42.129826 ], [ -96.306951995997366, 42.130511642752865 ], [ -96.310085, 42.132523 ], [ -96.313819, 42.136338 ], [ -96.316979, 42.143171 ], [ -96.319528, 42.146647 ], [ -96.324370248736471, 42.150341275517803 ], [ -96.325872, 42.151487 ], [ -96.326601911401923, 42.151831218211527 ], [ -96.329617701904823, 42.153253431935632 ], [ -96.33798, 42.157197 ], [ -96.341825742029073, 42.160066280689442 ], [ -96.342395, 42.160491 ], [ -96.342656008012526, 42.16079868445 ], [ -96.342982819264677, 42.161183939827623 ], [ -96.347752, 42.166806 ], [ -96.349393408561582, 42.171246111899343 ], [ -96.349688, 42.172043 ], [ -96.349745631529231, 42.172532822619388 ], [ -96.350224826292902, 42.176605600791831 ], [ -96.350323, 42.17744 ], [ -96.350035242347829, 42.178307103496685 ], [ -96.349176322739353, 42.180895295992279 ], [ -96.347443762755319, 42.186116039242812 ], [ -96.347439010756787, 42.186130358495518 ], [ -96.347243, 42.186721 ], [ -96.347480343527224, 42.189035604069836 ], [ -96.34751651408618, 42.189388343931569 ], [ -96.347715506522874, 42.191328943320286 ], [ -96.347892165773217, 42.193051746653488 ], [ -96.347941487209965, 42.193532735537204 ], [ -96.348066, 42.194747 ], [ -96.348443915127049, 42.195607959371237 ], [ -96.348467029419481, 42.19566061793202 ], [ -96.348929539351488, 42.196714299649884 ], [ -96.349166, 42.197253 ], [ -96.349823195279498, 42.198157238034632 ], [ -96.350959514698417, 42.199720705195908 ], [ -96.351515, 42.200485 ], [ -96.358480796851325, 42.207213451950729 ], [ -96.359087, 42.207799 ], [ -96.359221811278289, 42.208271786424206 ], [ -96.35987, 42.210545 ], [ -96.358141, 42.214088 ], [ -96.356840656797857, 42.215005790621376 ], [ -96.356591, 42.215182 ], [ -96.345055, 42.21749 ], [ -96.342285926112439, 42.217766953779652 ], [ -96.339086, 42.218087 ], [ -96.336323, 42.218922 ], [ -96.332675389475071, 42.221192060020535 ], [ -96.332470212750479, 42.22131975004573 ], [ -96.332044, 42.221585 ], [ -96.330936326810658, 42.222690143951148 ], [ -96.323723, 42.229887 ], [ -96.322827, 42.231461 ], [ -96.322868, 42.233637 ], [ -96.325127867902665, 42.235723007549751 ], [ -96.325483705334321, 42.236051469035488 ], [ -96.326455567400103, 42.236948562004564 ], [ -96.329781173993382, 42.240018316857366 ], [ -96.330004, 42.240224 ], [ -96.329418840401829, 42.241150549182656 ], [ -96.328955, 42.241885 ], [ -96.328742586979885, 42.243263728866324 ], [ -96.327706, 42.249992 ], [ -96.328905, 42.254734 ], [ -96.331331, 42.25943 ], [ -96.336003, 42.264806 ], [ -96.34145, 42.269115 ], [ -96.356389, 42.27648 ], [ -96.3608, 42.279867 ], [ -96.365792, 42.285875 ], [ -96.368454, 42.291848 ], [ -96.368495664832963, 42.301103881951562 ], [ -96.368507, 42.303622 ], [ -96.369212, 42.308344 ], [ -96.369969, 42.310878 ], [ -96.37179, 42.314172 ], [ -96.375307, 42.318339 ], [ -96.384169, 42.325874 ], [ -96.396269, 42.330857 ], [ -96.402957, 42.334156 ], [ -96.407998, 42.337408 ], [ -96.41195595437938, 42.341425018307753 ], [ -96.413895, 42.343393 ], [ -96.415543380976004, 42.346805839152552 ], [ -96.417786, 42.351449 ], [ -96.418168, 42.354678 ], [ -96.417918, 42.3587 ], [ -96.417093, 42.361443 ], [ -96.415073023458561, 42.364369000224073 ], [ -96.415072848910043, 42.36436925306316 ], [ -96.413994, 42.365932 ], [ -96.412398506366443, 42.368848555472674 ], [ -96.408700134564242, 42.375609163157137 ], [ -96.408436, 42.376092 ], [ -96.408612362817209, 42.377420009553965 ], [ -96.408832558694414, 42.379078081438202 ], [ -96.408999943501385, 42.380338486700076 ], [ -96.409153, 42.381491 ], [ -96.410304743369238, 42.3838531906651 ], [ -96.411379811642789, 42.386058123038055 ], [ -96.41498, 42.393442 ], [ -96.415509, 42.400294 ], [ -96.413609, 42.407894 ], [ -96.411808, 42.410894 ], [ -96.398811497468927, 42.422494184077266 ], [ -96.387608, 42.432494 ], [ -96.384307, 42.437294 ], [ -96.380707, 42.446394 ], [ -96.380107, 42.451494 ], [ -96.381307, 42.461694 ], [ -96.385407, 42.473094 ], [ -96.386007, 42.474495 ], [ -96.39296113348955, 42.481104869455436 ], [ -96.396107, 42.484095 ], [ -96.409408, 42.487595 ], [ -96.412806218072987, 42.487919946978138 ], [ -96.412806631811605, 42.487919986540987 ], [ -96.421677884207327, 42.488768280145479 ], [ -96.423892, 42.48898 ], [ -96.427572582914252, 42.489077125445867 ], [ -96.427908899961679, 42.489086000383281 ], [ -96.44030799999959, 42.489413195326954 ], [ -96.443408, 42.489495 ], [ -96.456348, 42.492478 ], [ -96.46255, 42.490788 ], [ -96.474409, 42.491895 ], [ -96.476509, 42.493595 ], [ -96.476645753199264, 42.495030908592291 ], [ -96.476909, 42.497795 ], [ -96.474709, 42.500095 ], [ -96.473339, 42.503537 ], [ -96.477454, 42.509589 ], [ -96.477565665047194, 42.509678621325421 ], [ -96.477610355095351, 42.509714489141253 ], [ -96.479384, 42.511138 ], [ -96.483592, 42.510345 ], [ -96.490089, 42.512441 ], [ -96.49297, 42.517282 ], [ -96.490802, 42.520331 ], [ -96.479909, 42.524195 ], [ -96.479009, 42.526395 ], [ -96.479809, 42.529595 ], [ -96.477709, 42.535595 ], [ -96.476962, 42.546434 ], [ -96.476952, 42.556079 ], [ -96.494699, 42.556745 ], [ -96.498041, 42.558153 ], [ -96.498446506023015, 42.560928929432009 ], [ -96.498449264881444, 42.560947815455741 ], [ -96.49905856225412, 42.565118817644915 ], [ -96.499414, 42.567552 ], [ -96.499370141900229, 42.567758413014246 ], [ -96.498709, 42.57087 ], [ -96.497186, 42.571464 ], [ -96.493279, 42.570736 ], [ -96.489328, 42.5708 ], [ -96.48729065498118, 42.571951721931377 ], [ -96.486855, 42.572198 ], [ -96.485937, 42.573524 ], [ -96.485810699616181, 42.574847018914163 ], [ -96.485796, 42.575001 ], [ -96.486001625720604, 42.575270344308123 ], [ -96.486481769278512, 42.575899273091977 ], [ -96.486606, 42.576062 ], [ -96.488733606248303, 42.576488319767485 ], [ -96.491402, 42.577023 ], [ -96.491876939792348, 42.577310568535381 ], [ -96.494984032181506, 42.579191863852998 ], [ -96.49545, 42.579474 ], [ -96.495757934134986, 42.580172850520654 ], [ -96.49596044187075, 42.580632437882031 ], [ -96.496066, 42.580872 ], [ -96.495889599393806, 42.581529945809351 ], [ -96.495610977356833, 42.582569161068228 ], [ -96.49557, 42.582722 ], [ -96.494676357423472, 42.584028073850511 ], [ -96.494777104128445, 42.585740739038577 ], [ -96.496792003086441, 42.587654896172396 ], [ -96.499885, 42.588539 ], [ -96.501037, 42.589247 ], [ -96.501434, 42.59061 ], [ -96.500243, 42.592731 ], [ -96.500183, 42.594106 ], [ -96.503782536592212, 42.602877404869638 ], [ -96.504654, 42.605001 ], [ -96.508502586067408, 42.61118000326438 ], [ -96.509325063433579, 42.612500511690499 ], [ -96.509468, 42.61273 ], [ -96.510128858255129, 42.61310950511583 ], [ -96.513236530772119, 42.614894120211851 ], [ -96.517047835577799, 42.615342509268054 ], [ -96.519513974662971, 42.614370999887612 ], [ -96.522309, 42.612558 ], [ -96.522703697277663, 42.612176921069832 ], [ -96.525671, 42.609312 ], [ -96.527565831779327, 42.609038311404532 ], [ -96.527928, 42.608986 ], [ -96.528507620816555, 42.609412313174282 ], [ -96.529591240555817, 42.610209319350844 ], [ -96.529894, 42.610432 ], [ -96.530403067746974, 42.611835955260098 ], [ -96.531287585363174, 42.614275361738443 ], [ -96.531604, 42.615148 ], [ -96.531330782259076, 42.615912469413573 ], [ -96.530995361786438, 42.616850983476091 ], [ -96.530896, 42.617129 ], [ -96.530288159472974, 42.617424512288686 ], [ -96.528185, 42.618447 ], [ -96.523997865225283, 42.61863069519773 ], [ -96.521158068351895, 42.61922854678992 ], [ -96.518542466730693, 42.620349518706441 ], [ -96.516599, 42.622361 ], [ -96.515918, 42.624994 ], [ -96.515602612892366, 42.626465991588624 ], [ -96.515594823865868, 42.626502344949998 ], [ -96.51535, 42.627645 ], [ -96.515500894904406, 42.628071110104564 ], [ -96.516338, 42.630435 ], [ -96.526766, 42.641184 ], [ -96.527031566084347, 42.641274258004408 ], [ -96.530306003670958, 42.642387141838874 ], [ -96.532910515500916, 42.643272337856622 ], [ -96.533192792583307, 42.643368275431705 ], [ -96.533701, 42.643541 ], [ -96.534122294135472, 42.643833789345372 ], [ -96.534966409817045, 42.644420429549875 ], [ -96.537734959498039, 42.646344505344963 ], [ -96.537881, 42.646446 ], [ -96.537967279162018, 42.646687934413414 ], [ -96.538233875935859, 42.647435495384045 ], [ -96.538468, 42.648092 ], [ -96.538286052201727, 42.648944932708723 ], [ -96.538249397823762, 42.649116760662615 ], [ -96.538249312047398, 42.649117162764007 ], [ -96.5376, 42.652161 ], [ -96.537877, 42.655431 ], [ -96.542366, 42.660736 ], [ -96.542825104333474, 42.660956935343677 ], [ -96.54317181223584, 42.661123782014428 ], [ -96.543698, 42.661377 ], [ -96.546827, 42.661491 ], [ -96.556214, 42.657949 ], [ -96.559281, 42.657903 ], [ -96.559962, 42.658543 ], [ -96.5599, 42.662819 ], [ -96.558939, 42.663642 ], [ -96.556461, 42.663939 ], [ -96.556244, 42.664396 ], [ -96.56029722936195, 42.668916113190015 ], [ -96.56055, 42.669198 ], [ -96.566684, 42.675942 ], [ -96.568078, 42.676241 ], [ -96.569194, 42.675509 ], [ -96.570247, 42.674068 ], [ -96.570681814108738, 42.671984223515111 ], [ -96.570743, 42.671691 ], [ -96.572261, 42.670776 ], [ -96.576381, 42.671302 ], [ -96.578581, 42.672079 ], [ -96.578148, 42.672765 ], [ -96.575272076562499, 42.675417120605445 ], [ -96.57431753, 42.676997391992202 ], [ -96.574064276562495, 42.678010320605487 ], [ -96.575267440397198, 42.682546026124228 ], [ -96.575299, 42.682665 ], [ -96.575867654949008, 42.682908032359265 ], [ -96.575939670893632, 42.682938810610658 ], [ -96.58562, 42.687076 ], [ -96.591602, 42.688081 ], [ -96.596405, 42.688514 ], [ -96.596389759689217, 42.688562140485054 ], [ -96.595547818125013, 42.691221631875017 ], [ -96.596625, 42.695122 ], [ -96.599079758897844, 42.697296126193507 ], [ -96.600789272106297, 42.697698364194331 ], [ -96.601989, 42.697429 ], [ -96.604839, 42.695119 ], [ -96.60614, 42.694661 ], [ -96.61017, 42.694568 ], [ -96.612061, 42.695688 ], [ -96.612124, 42.69658 ], [ -96.611901103089465, 42.697095006705922 ], [ -96.611850823461168, 42.697547525309375 ], [ -96.612202781833645, 42.698150881823402 ], [ -96.612554740206122, 42.698402280939234 ], [ -96.613057537463504, 42.698603400426862 ], [ -96.613409495835995, 42.698703959683414 ], [ -96.613912294067731, 42.698703959683399 ], [ -96.61451565155609, 42.698653680055116 ], [ -96.615257, 42.698613 ], [ -96.619536, 42.700189 ], [ -96.629625, 42.705102 ], [ -96.629777162633701, 42.705221337226803 ], [ -96.630384834378034, 42.705697918494074 ], [ -96.630617, 42.70588 ], [ -96.630584895843228, 42.705993587564222 ], [ -96.629777, 42.708852 ], [ -96.627233, 42.709947 ], [ -96.624446, 42.714294 ], [ -96.624704, 42.725497 ], [ -96.626317, 42.725951 ], [ -96.631931, 42.725086 ], [ -96.638621, 42.734921 ], [ -96.638848740594526, 42.735373116600421 ], [ -96.638960002447419, 42.735593996548474 ], [ -96.639247977289358, 42.736165691756341 ], [ -96.639345822560955, 42.736359936755356 ], [ -96.639608088012452, 42.736880593007157 ], [ -96.639704, 42.737071 ], [ -96.637249147436535, 42.73959850796934 ], [ -96.635886, 42.741002 ], [ -96.632314, 42.745641 ], [ -96.630485, 42.750378 ], [ -96.626108, 42.752729 ], [ -96.620548, 42.753534 ], [ -96.619494, 42.754792 ], [ -96.620272, 42.757124 ], [ -96.621235, 42.758084 ], [ -96.621698225713786, 42.758213760081006 ], [ -96.622115037061064, 42.758330518439919 ], [ -96.622538, 42.758449 ], [ -96.623133266399321, 42.758207807988654 ], [ -96.62412, 42.757808 ], [ -96.628741, 42.757532 ], [ -96.632212, 42.761512 ], [ -96.632248092052876, 42.761769212506451 ], [ -96.633168, 42.768325 ], [ -96.632371442919549, 42.770295430672675 ], [ -96.632144139891636, 42.770857706583826 ], [ -96.632142, 42.770863 ], [ -96.630836925560217, 42.770878680850693 ], [ -96.630311, 42.770885 ], [ -96.629652895362398, 42.771328715397061 ], [ -96.626502880746628, 42.773452556965999 ], [ -96.626406001367187, 42.773517876171866 ], [ -96.621875, 42.779255 ], [ -96.61949, 42.784034 ], [ -96.615689876994111, 42.784968727264577 ], [ -96.615579, 42.784996 ], [ -96.614757647807693, 42.784849766515272 ], [ -96.606651831973451, 42.783406607652658 ], [ -96.604860126012952, 42.7830876124535 ], [ -96.604559, 42.783034 ], [ -96.604262496723152, 42.783296453223173 ], [ -96.603986143337792, 42.783541070542341 ], [ -96.603784, 42.78372 ], [ -96.602575, 42.787767 ], [ -96.595283, 42.792982 ], [ -96.595184405494336, 42.793269655654491 ], [ -96.592493, 42.801122 ], [ -96.591672804807416, 42.804492076214736 ], [ -96.591268168542854, 42.806154674414685 ], [ -96.590757, 42.808255 ], [ -96.59078518056242, 42.808387231869737 ], [ -96.590785344808353, 42.808388002562239 ], [ -96.590913, 42.808987 ], [ -96.592155, 42.809924 ], [ -96.592667564458026, 42.809997327830693 ], [ -96.595664, 42.810426 ], [ -96.596008, 42.815044 ], [ -96.594983, 42.815844 ], [ -96.591039, 42.815365 ], [ -96.585699, 42.818041 ], [ -96.584488, 42.818979 ], [ -96.581883802024706, 42.822423967127804 ], [ -96.577937, 42.827645 ], [ -96.577813, 42.828719 ], [ -96.58238, 42.833657 ], [ -96.581604, 42.837521 ], [ -96.580463717895299, 42.837877026945364 ], [ -96.579772, 42.838093 ], [ -96.571353, 42.837155 ], [ -96.566745644992395, 42.831767729122092 ], [ -96.565605, 42.830434 ], [ -96.563058, 42.831051 ], [ -96.56284, 42.836309 ], [ -96.562001921777536, 42.837441218550943 ], [ -96.560848263897199, 42.838999775757962 ], [ -96.560572, 42.839373 ], [ -96.560088332182971, 42.839400735478449 ], [ -96.559023939065071, 42.839461772105956 ], [ -96.558584, 42.839487 ], [ -96.558341302961495, 42.839205222926431 ], [ -96.557374803964478, 42.83808309444602 ], [ -96.556374366885947, 42.836921563040235 ], [ -96.556162, 42.836675 ], [ -96.555626568258745, 42.836517201496029 ], [ -96.554723036804546, 42.836250919352501 ], [ -96.553987, 42.836034 ], [ -96.552092, 42.836057 ], [ -96.551285, 42.836606 ], [ -96.550920943519785, 42.837127225333127 ], [ -96.550823004694934, 42.837267445874119 ], [ -96.550584855735934, 42.837608407448073 ], [ -96.549513, 42.839143 ], [ -96.549601444494272, 42.839441628510713 ], [ -96.549975653569106, 42.840705127155886 ], [ -96.552184, 42.841864 ], [ -96.554203, 42.843648 ], [ -96.554709180441293, 42.84614165331584 ], [ -96.553771847452211, 42.847500784515226 ], [ -96.550847, 42.847648 ], [ -96.545502, 42.849956 ], [ -96.544321, 42.851282 ], [ -96.54146, 42.857682 ], [ -96.541708, 42.858871 ], [ -96.542702, 42.859717 ], [ -96.543417, 42.859466 ], [ -96.54379, 42.858254 ], [ -96.545282, 42.857158 ], [ -96.546556, 42.857273 ], [ -96.550439, 42.863171 ], [ -96.550469, 42.863742 ], [ -96.549659, 42.870281 ], [ -96.547327, 42.87371 ], [ -96.546394, 42.874464 ], [ -96.543908, 42.874614 ], [ -96.537851, 42.878475 ], [ -96.538438, 42.886111 ], [ -96.540396, 42.888877 ], [ -96.540116, 42.889678 ], [ -96.534395, 42.890659 ], [ -96.52774, 42.890588 ], [ -96.526357247542308, 42.891852203674105 ], [ -96.526562911122923, 42.893754596776553 ], [ -96.528886, 42.89795 ], [ -96.536007, 42.900901 ], [ -96.539397, 42.899964 ], [ -96.542847, 42.903737 ], [ -96.542971, 42.90456 ], [ -96.542473, 42.90504 ], [ -96.538555, 42.904605 ], [ -96.536564, 42.905656 ], [ -96.537392311173505, 42.908943868310857 ], [ -96.53739424059188, 42.908951526874112 ], [ -96.537837, 42.910709 ], [ -96.540229, 42.918666 ], [ -96.541628, 42.920678 ], [ -96.541689, 42.922576 ], [ -96.541098, 42.924496 ], [ -96.525536, 42.935511 ], [ -96.523513, 42.935784 ], [ -96.52118, 42.934846 ], [ -96.520559, 42.932765 ], [ -96.519378, 42.931987 ], [ -96.518258, 42.931849 ], [ -96.516888, 42.932512 ], [ -96.516203, 42.933769 ], [ -96.516419, 42.935438 ], [ -96.52012, 42.938183 ], [ -96.519994, 42.93976 ], [ -96.514888, 42.943668 ], [ -96.510749, 42.944397 ], [ -96.509472, 42.945151 ], [ -96.508069, 42.948534 ], [ -96.504857, 42.954659 ], [ -96.500308, 42.959391 ], [ -96.503132, 42.968192 ], [ -96.505028, 42.970844 ], [ -96.506148, 42.971348 ], [ -96.510693, 42.97126 ], [ -96.515922, 42.972886 ], [ -96.520246, 42.977643 ], [ -96.520716828145126, 42.980092735813884 ], [ -96.520773, 42.980385 ], [ -96.520433900645301, 42.980474862585247 ], [ -96.51682353691514, 42.981431622348751 ], [ -96.516724, 42.981458 ], [ -96.516432771809832, 42.981748708951102 ], [ -96.512237, 42.985937 ], [ -96.512203, 42.988818 ], [ -96.512886, 42.991424 ], [ -96.509986, 42.995126 ], [ -96.507337, 42.996519 ], [ -96.503004940981967, 42.997033132411161 ], [ -96.502728, 42.997066 ], [ -96.500041729369315, 42.997655468922027 ], [ -96.498017328931965, 42.998099698602331 ], [ -96.49782, 42.998143 ], [ -96.497424216231607, 42.998377433918144 ], [ -96.496902112614379, 42.998686690654829 ], [ -96.496699, 42.998807 ], [ -96.494341, 43.001819 ], [ -96.492693, 43.005089 ], [ -96.492680828462795, 43.005143944436774 ], [ -96.492262724303245, 43.0070313393623 ], [ -96.49167, 43.009707 ], [ -96.491772775530819, 43.009888298132275 ], [ -96.494416, 43.014551 ], [ -96.49495969811359, 43.015082276588934 ], [ -96.495632431994053, 43.015739640946592 ], [ -96.498719582746745, 43.018756261531159 ], [ -96.499187, 43.019213 ], [ -96.501849840002123, 43.019604944624916 ], [ -96.503209, 43.019805 ], [ -96.510339346485452, 43.024288711327074 ], [ -96.510618794235867, 43.024464433929964 ], [ -96.510995, 43.024701 ], [ -96.511804, 43.025799 ], [ -96.512075784624841, 43.026358593456905 ], [ -96.51308503067024, 43.028436589898959 ], [ -96.512915560823345, 43.02996183781525 ], [ -96.510802, 43.031902 ], [ -96.509146, 43.03668 ], [ -96.509145, 43.037297 ], [ -96.509257003968301, 43.037416744079934 ], [ -96.511605, 43.039927 ], [ -96.513873431250005, 43.039813607031228 ], [ -96.515476980735258, 43.039450171807239 ], [ -96.51575178817302, 43.039387888289532 ], [ -96.517319120849052, 43.040247392578543 ], [ -96.517324916302243, 43.040256876044602 ], [ -96.518431421900317, 43.04206752103709 ], [ -96.510256, 43.049917 ], [ -96.508916, 43.049985 ], [ -96.505239, 43.048726 ], [ -96.501748, 43.048632 ], [ -96.490365, 43.050789 ], [ -96.489100932266226, 43.051357250632634 ], [ -96.489000031954319, 43.051402609488463 ], [ -96.488991144215944, 43.051406604893749 ], [ -96.488839, 43.051475 ], [ -96.488155, 43.054013 ], [ -96.486722, 43.055498 ], [ -96.476905, 43.062383 ], [ -96.473165, 43.06355 ], [ -96.469953, 43.062088 ], [ -96.468207, 43.06186 ], [ -96.463094, 43.062981 ], [ -96.46085, 43.064033 ], [ -96.458201, 43.067554 ], [ -96.455411645572255, 43.074545099215833 ], [ -96.455209, 43.075053 ], [ -96.454226944588996, 43.083063628615641 ], [ -96.454191624691447, 43.083351733114469 ], [ -96.454127537734365, 43.083874490595129 ], [ -96.454126400475332, 43.083883767219994 ], [ -96.454104025036202, 43.084066283736789 ], [ -96.454088, 43.084197 ], [ -96.454526, 43.086826 ], [ -96.455337, 43.088129 ], [ -96.462636, 43.089614 ], [ -96.462838487034617, 43.091282899988492 ], [ -96.462855, 43.091419 ], [ -96.462754528771072, 43.091570243778172 ], [ -96.460516, 43.09494 ], [ -96.451877, 43.100474 ], [ -96.448134, 43.104452 ], [ -96.439335, 43.113916 ], [ -96.436589, 43.120842 ], [ -96.439615, 43.121963 ], [ -96.440801, 43.123129 ], [ -96.441644, 43.124687 ], [ -96.442711, 43.128841 ], [ -96.443431, 43.133825 ], [ -96.450361, 43.142237 ], [ -96.455544, 43.144157 ], [ -96.458854, 43.143356 ], [ -96.459978, 43.143516 ], [ -96.465099, 43.147515 ], [ -96.465243658136686, 43.147793250630073 ], [ -96.466537, 43.150281 ], [ -96.467384, 43.159608 ], [ -96.467292, 43.164066 ], [ -96.466802665170874, 43.167735602758604 ], [ -96.466405885738396, 43.170711117300769 ], [ -96.466402200624913, 43.170738752575751 ], [ -96.466401531074823, 43.170743773642613 ], [ -96.466018107286885, 43.173619131998912 ], [ -96.465525241434406, 43.177315214485233 ], [ -96.46516321347238, 43.180030122006741 ], [ -96.464974794301668, 43.181443108508944 ], [ -96.464896, 43.182034 ], [ -96.465146, 43.182971 ], [ -96.467146, 43.184502 ], [ -96.468802, 43.184525 ], [ -96.472395, 43.185644 ], [ -96.473834, 43.189804 ], [ -96.473777, 43.198766 ], [ -96.470781, 43.205099 ], [ -96.470626, 43.207225 ], [ -96.472158, 43.209534 ], [ -96.474912, 43.217351 ], [ -96.475571, 43.221054 ], [ -96.475858725459531, 43.221299307674215 ], [ -96.476240785160925, 43.221625042410771 ], [ -96.476697, 43.222014 ], [ -96.485058884832142, 43.224131068775655 ], [ -96.485264, 43.224183 ], [ -96.494433629756983, 43.223747872797027 ], [ -96.496454, 43.223652 ], [ -96.500540398769132, 43.220913495830644 ], [ -96.500759, 43.220767 ], [ -96.501102776722988, 43.220702029461101 ], [ -96.501198986957775, 43.220683846639595 ], [ -96.50840204956171, 43.21932253615001 ], [ -96.512458, 43.218556 ], [ -96.51286947199084, 43.218503713170328 ], [ -96.518639785754786, 43.217770464201926 ], [ -96.519273, 43.21769 ], [ -96.520961, 43.21824 ], [ -96.522034032555041, 43.220838974665774 ], [ -96.522084, 43.22096 ], [ -96.526865, 43.224071 ], [ -96.535741, 43.22764 ], [ -96.540088, 43.225698 ], [ -96.544902, 43.225928 ], [ -96.548184, 43.226912 ], [ -96.554937, 43.226775 ], [ -96.556313, 43.226135 ], [ -96.557317120488364, 43.224778172325728 ], [ -96.558994888294762, 43.2241257066663 ], [ -96.560065726527057, 43.224194792787927 ], [ -96.560369695347887, 43.224214403618305 ], [ -96.560439634199597, 43.224218915788143 ], [ -96.568505, 43.231554 ], [ -96.569174570436346, 43.233398368992972 ], [ -96.57089754073597, 43.238144386475 ], [ -96.571194, 43.238961 ], [ -96.565473112660882, 43.244045377234542 ], [ -96.565253, 43.244241 ], [ -96.559186, 43.245155 ], [ -96.552963, 43.247281 ], [ -96.55203, 43.251117 ], [ -96.552560975238549, 43.257412984468381 ], [ -96.552591, 43.257769 ], [ -96.553217, 43.259141 ], [ -96.554965, 43.259999 ], [ -96.55697, 43.259096 ], [ -96.560099, 43.259279 ], [ -96.564165, 43.260239 ], [ -96.568576, 43.262662 ], [ -96.576804, 43.268308 ], [ -96.582904, 43.26769 ], [ -96.58522, 43.268878 ], [ -96.586317, 43.274319 ], [ -96.583533, 43.276879 ], [ -96.582939, 43.276536 ], [ -96.582876, 43.274594 ], [ -96.580904, 43.2748 ], [ -96.577588, 43.2788 ], [ -96.578822629930357, 43.29109465143776 ], [ -96.579094, 43.293797 ], [ -96.579478081648929, 43.295110203498339 ], [ -96.57948026626589, 43.295111948990225 ], [ -96.580409, 43.295854 ], [ -96.58105190833416, 43.297118190502133 ], [ -96.580346400182734, 43.298203589195332 ], [ -96.573556, 43.29917 ], [ -96.571981621734352, 43.298359730976394 ], [ -96.571646, 43.298187 ], [ -96.57108088297089, 43.297292682741983 ], [ -96.570707, 43.296701 ], [ -96.570379692142154, 43.29646202632297 ], [ -96.569581762649605, 43.295879442861249 ], [ -96.56911, 43.295535 ], [ -96.56868721296884, 43.295470880224102 ], [ -96.567466999809952, 43.295285823000242 ], [ -96.56429, 43.294804 ], [ -96.563522724828658, 43.294803915161957 ], [ -96.555246, 43.294803 ], [ -96.553285548074598, 43.293038684070858 ], [ -96.553087, 43.29286 ], [ -96.551842894434003, 43.293138349261888 ], [ -96.551030961562191, 43.293320006608113 ], [ -96.549397230211554, 43.293685528576759 ], [ -96.541037, 43.295556 ], [ -96.531144207103196, 43.299717571309671 ], [ -96.53070940969279, 43.299900476223193 ], [ -96.530392, 43.300034 ], [ -96.528254401923519, 43.304888413134059 ], [ -96.527869679526134, 43.305762104722483 ], [ -96.527427881059197, 43.306765414139761 ], [ -96.527074284933761, 43.307568419014345 ], [ -96.526094160368061, 43.30979424884513 ], [ -96.526004, 43.309999 ], [ -96.525998844635808, 43.310027916906527 ], [ -96.525564, 43.312467 ], [ -96.528817, 43.316561 ], [ -96.533101, 43.328587 ], [ -96.534913, 43.336473 ], [ -96.532468798515524, 43.338274461001049 ], [ -96.532429834999618, 43.338303178459419 ], [ -96.531905, 43.33869 ], [ -96.528535816764091, 43.342460866321296 ], [ -96.526981399044502, 43.344200605901349 ], [ -96.525743960677531, 43.345585574998054 ], [ -96.524576812700701, 43.346891873495196 ], [ -96.524565814780956, 43.346904182616449 ], [ -96.524533149801925, 43.346940742002182 ], [ -96.524289, 43.347214 ], [ -96.524358406494116, 43.347561774786016 ], [ -96.524436879265494, 43.347954977923862 ], [ -96.524476, 43.348151 ], [ -96.524633047614088, 43.348178946577391 ], [ -96.52551, 43.348335 ], [ -96.526635, 43.351833 ], [ -96.527223, 43.362257 ], [ -96.527345, 43.368109 ], [ -96.526467, 43.368314 ], [ -96.522203, 43.371947 ], [ -96.522083977138323, 43.372306773650102 ], [ -96.521833468826088, 43.373063991957508 ], [ -96.521323, 43.374607 ], [ -96.521297, 43.375947 ], [ -96.521572, 43.38564 ], [ -96.521681680694314, 43.38604473596012 ], [ -96.522157803085818, 43.387801689218733 ], [ -96.522608879325261, 43.389466218934032 ], [ -96.524044, 43.394762 ], [ -96.524189931087435, 43.394923052406625 ], [ -96.525041416299231, 43.395862768165564 ], [ -96.525453, 43.396317 ], [ -96.526182451424802, 43.396596632906324 ], [ -96.529152, 43.397735 ], [ -96.529610637427282, 43.397649123444673 ], [ -96.530018962139195, 43.397572667582963 ], [ -96.530124, 43.397553 ], [ -96.530124, 43.397502127451034 ], [ -96.530124, 43.39641 ], [ -96.530300623638439, 43.396273479313251 ], [ -96.531159, 43.39561 ], [ -96.537116, 43.395063 ], [ -96.553008, 43.404117 ], [ -96.553301994183585, 43.404288785592215 ], [ -96.557265198542481, 43.406604550480822 ], [ -96.557586, 43.406792 ], [ -96.562728, 43.412782 ], [ -96.568148383275073, 43.416947551867068 ], [ -96.568499, 43.417217 ], [ -96.573579, 43.419228 ], [ -96.570788, 43.423755 ], [ -96.570342219400231, 43.42520455553646 ], [ -96.569744713554641, 43.427147479717213 ], [ -96.569628, 43.427527 ], [ -96.569793933714706, 43.427826014781196 ], [ -96.570129459105303, 43.428430636038748 ], [ -96.570224, 43.428601 ], [ -96.570521763663976, 43.428790518733052 ], [ -96.571306575400328, 43.429290030741996 ], [ -96.575181, 43.431756 ], [ -96.575656132726223, 43.431787979412974 ], [ -96.575660356525603, 43.431788263701193 ], [ -96.57804244964818, 43.431948593511386 ], [ -96.581956, 43.432212 ], [ -96.583398795580564, 43.432083735278177 ], [ -96.587884, 43.431685 ], [ -96.589641520237791, 43.432204800349147 ], [ -96.589651054757297, 43.432207620257813 ], [ -96.592905, 43.43317 ], [ -96.594254, 43.434153 ], [ -96.601756568779834, 43.448069663372308 ], [ -96.602608, 43.449649 ], [ -96.60286, 43.450907 ], [ -96.600124260258738, 43.456893430848154 ], [ -96.600039, 43.45708 ], [ -96.599633467924065, 43.457341134527482 ], [ -96.590381311459694, 43.463298881522498 ], [ -96.587929, 43.464878 ], [ -96.584603, 43.46961 ], [ -96.585137, 43.471141 ], [ -96.586364, 43.478251 ], [ -96.580997, 43.481384 ], [ -96.585049, 43.489887 ], [ -96.586274, 43.491099 ], [ -96.590452, 43.494298 ], [ -96.591676, 43.494367 ], [ -96.594722, 43.493314 ], [ -96.598396, 43.495074 ], [ -96.599182, 43.496011 ], [ -96.598928, 43.500457 ], [ -96.591213, 43.500514 ], [ -96.531578010307683, 43.500471269158574 ], [ -96.453049, 43.500415 ], [ -96.446706121330365, 43.500409900323 ], [ -96.351059, 43.500333 ], [ -96.332062, 43.500415 ], [ -96.32958103924777, 43.500414516884128 ], [ -96.292370970867708, 43.50040727099266 ], [ -96.27371738994195, 43.50040363859344 ], [ -96.252430881349738, 43.500399493485894 ], [ -96.213840826068335, 43.500391978870425 ], [ -96.208814, 43.500391 ], [ -96.198766, 43.500312 ], [ -96.198484, 43.500335 ], [ -96.172579874249919, 43.500306664050804 ], [ -96.096218831106341, 43.5002231343978 ], [ -96.052943926605067, 43.50017579693872 ], [ -96.018064, 43.500137642559835 ], [ -95.997476089421596, 43.500115121900684 ], [ -95.9799948149264, 43.500095999521882 ], [ -95.978283243022375, 43.500094127271254 ], [ -95.933728486818694, 43.500045389810715 ], [ -95.861152, 43.499966 ], [ -95.834421, 43.499966 ], [ -95.821277, 43.499965 ], [ -95.815525364370785, 43.499959660246965 ], [ -95.741569, 43.499891 ], [ -95.740813, 43.499894 ], [ -95.694255710093827, 43.499888026865221 ], [ -95.684326588477759, 43.499886752994236 ], [ -95.649168518279637, 43.49988224233887 ], [ -95.643394304202829, 43.499881501527689 ], [ -95.623488110293806, 43.499878947633832 ], [ -95.574265292588464, 43.499872632521296 ], [ -95.514774, 43.499865 ], [ -95.50489921473482, 43.499999506924524 ], [ -95.486803, 43.500246 ], [ -95.486737, 43.500274 ], [ -95.475065, 43.500335 ], [ -95.454706, 43.500563 ], [ -95.454706, 43.500648 ], [ -95.454438000827139, 43.500644218891807 ], [ -95.434293, 43.50036 ], [ -95.434199, 43.500314 ], [ -95.387851, 43.50024 ], [ -95.387812, 43.50024 ], [ -95.375269, 43.500322 ], [ -95.374737, 43.500314 ], [ -95.335332000983158, 43.500361756688747 ], [ -95.324865979499677, 43.500374440930386 ], [ -95.268986488842216, 43.500442163795753 ], [ -95.250969, 43.500464 ], [ -95.250762, 43.500406 ], [ -95.244844, 43.501196 ], [ -95.214938, 43.500885 ], [ -95.181334027121139, 43.500776929856897 ], [ -95.180423, 43.500774 ], [ -95.167891, 43.500885 ], [ -95.167294, 43.500771 ], [ -95.154936, 43.500449 ], [ -95.151282986374014, 43.500483604283502 ], [ -95.122633, 43.500755 ], [ -95.114874, 43.500667 ], [ -95.094049606606177, 43.500733338333305 ] ] ] } }
]
}
