{
"type": "FeatureCollection",
"name": "Idaho_CD_1992_2000",
"crs": { "type": "name", "properties": { "name": "urn:ogc:def:crs:OGC:1.3:CRS84" } },
"features": [
{ "type": "Feature", "properties": { "DISTRICT": "1", "STARTCONG": "103", "ENDCONG": "107", "ST": "16", "STA": "ID", "ELECT_YEAR": "1992-2000", "TYPE": "US Cong" }, "geometry": { "type": "Polygon", "coordinates": [ [ [ -116.049193, 49.000912 ], [ -116.049179242620468, 48.812774404379212 ], [ -116.04916558792344, 48.626041032338662 ], [ -116.04916508886069, 48.619216152492108 ], [ -116.049159351655376, 48.540757605208867 ], [ -116.0491565217811, 48.502057957143833 ], [ -116.049155, 48.481247 ], [ -116.049664282716023, 48.440555431105075 ], [ -116.049730961405629, 48.435227819529274 ], [ -116.050003, 48.413492 ], [ -116.049837492179876, 48.397232229367297 ], [ -116.049144537477204, 48.329155177086513 ], [ -116.048948, 48.309847 ], [ -116.048989286455409, 48.308001490197071 ], [ -116.049735, 48.274668 ], [ -116.04952812307998, 48.261274073336203 ], [ -116.049353, 48.249936 ], [ -116.049977, 48.237604 ], [ -116.049764035354656, 48.215094076500307 ], [ -116.049305204464304, 48.166596598321604 ], [ -116.048911, 48.12493 ], [ -116.049289454172367, 48.089104506819638 ], [ -116.049415, 48.07722 ], [ -116.04932, 48.066644 ], [ -116.048739, 48.060093 ], [ -116.048742604403785, 48.059569142572961 ], [ -116.049153, 47.999923 ], [ -116.04885, 47.977186 ], [ -116.048421, 47.97682 ], [ -116.044617766563803, 47.974744274341276 ], [ -116.040647517595147, 47.972577395080705 ], [ -116.03834, 47.971318 ], [ -116.030751, 47.973349 ], [ -116.021117812947224, 47.963815403011246 ], [ -116.017111766754212, 47.959850772228705 ], [ -116.01021268544082, 47.953023015176541 ], [ -116.007246, 47.950087 ], [ -115.998236, 47.938779 ], [ -115.995121, 47.933827 ], [ -115.993678, 47.926183 ], [ -115.982791, 47.915994 ], [ -115.969076, 47.914256 ], [ -115.965153, 47.910131 ], [ -115.959946, 47.898142 ], [ -115.955551841569402, 47.894841040709878 ], [ -115.952661019436093, 47.892669410731521 ], [ -115.943275604027065, 47.88561894255308 ], [ -115.941670857566223, 47.884413432369094 ], [ -115.939993, 47.883153 ], [ -115.939601945418843, 47.882666646879436 ], [ -115.936063025725446, 47.878265305687997 ], [ -115.925577034197275, 47.865223917229123 ], [ -115.919291, 47.857406 ], [ -115.915842844366139, 47.85442279129488 ], [ -115.906409, 47.846261 ], [ -115.905475307527951, 47.84571579181128 ], [ -115.900934, 47.843064 ], [ -115.881522, 47.849672 ], [ -115.875262, 47.843272 ], [ -115.874447104614447, 47.841729049932361 ], [ -115.870861, 47.834939 ], [ -115.852291, 47.827991 ], [ -115.845474, 47.814967 ], [ -115.848509, 47.809331 ], [ -115.847487, 47.785227 ], [ -115.84044, 47.780172 ], [ -115.837438, 47.774846 ], [ -115.835069, 47.77006 ], [ -115.835365, 47.760957 ], [ -115.831755, 47.755785 ], [ -115.824597, 47.752154 ], [ -115.811678684020691, 47.756105705361904 ], [ -115.803917, 47.75848 ], [ -115.797299, 47.75752 ], [ -115.78696457820746, 47.748892860488411 ], [ -115.780441, 47.743447 ], [ -115.78247037569966, 47.734077286926379 ], [ -115.783504, 47.729305 ], [ -115.776219, 47.719818 ], [ -115.77177, 47.717412 ], [ -115.763424, 47.717313 ], [ -115.758623, 47.719041 ], [ -115.752349, 47.716743 ], [ -115.730764, 47.704426 ], [ -115.724289445350522, 47.697246964926123 ], [ -115.72377, 47.696671 ], [ -115.723820824288197, 47.696231619291105 ], [ -115.724483187137807, 47.690505430716605 ], [ -115.726306075378105, 47.674746391965265 ], [ -115.726613, 47.672093 ], [ -115.731008011040132, 47.664205463877366 ], [ -115.73627, 47.654762 ], [ -115.72993, 47.642442 ], [ -115.715193, 47.63634 ], [ -115.708537, 47.635356 ], [ -115.694284, 47.62346 ], [ -115.693102585830829, 47.616667352713264 ], [ -115.689404, 47.595402 ], [ -115.706473, 47.577299 ], [ -115.721207, 47.576323 ], [ -115.734674, 47.567401 ], [ -115.74694484212381, 47.555292974206793 ], [ -115.748536372291298, 47.549245153401948 ], [ -115.748265335628986, 47.547957725316714 ], [ -115.747263148157302, 47.543197320260369 ], [ -115.741371, 47.538645 ], [ -115.722572204934025, 47.534049483912497 ], [ -115.720186022930648, 47.533466162601393 ], [ -115.717023988618038, 47.532693177976519 ], [ -115.710339531072776, 47.529510105304773 ], [ -115.709804698432961, 47.523840886785052 ], [ -115.709199940427752, 47.517430460367713 ], [ -115.709008644363792, 47.515402724758687 ], [ -115.70891072297394, 47.514364759392564 ], [ -115.708747994736939, 47.512639842350914 ], [ -115.703553058092766, 47.507670767759798 ], [ -115.70146628166664, 47.505674718832367 ], [ -115.698885346405092, 47.503205995783759 ], [ -115.694105892522629, 47.498634339866925 ], [ -115.686704, 47.485596 ], [ -115.682404094489868, 47.484549242857817 ], [ -115.660962233844785, 47.479329495419648 ], [ -115.656181962233788, 47.478165799278202 ], [ -115.65527243306876, 47.477944386005966 ], [ -115.653044297002651, 47.476034549805057 ], [ -115.654317521136633, 47.468076874294127 ], [ -115.657728599675494, 47.464097281930997 ], [ -115.663866726814987, 47.456936132279935 ], [ -115.671187784090506, 47.454389671675244 ], [ -115.679649231369467, 47.455497770252023 ], [ -115.69293, 47.457237 ], [ -115.718247, 47.45316 ], [ -115.722989380578042, 47.449564812696281 ], [ -115.728801342699242, 47.44515877819871 ], [ -115.731347797135555, 47.433381417949199 ], [ -115.728801342699242, 47.428925121143465 ], [ -115.723065426768443, 47.4254336932147 ], [ -115.721480285423723, 47.424468824337843 ], [ -115.720760179140626, 47.423478680378985 ], [ -115.718933824819004, 47.420967448716794 ], [ -115.710339531072776, 47.417784377587218 ], [ -115.69057, 47.415059 ], [ -115.657681, 47.400651 ], [ -115.648479, 47.390293 ], [ -115.644340574878967, 47.381826265013032 ], [ -115.639352786182627, 47.378708892547031 ], [ -115.639185972743505, 47.378604633996076 ], [ -115.63381377258429, 47.379563635236202 ], [ -115.617247, 47.382521 ], [ -115.609492, 47.380799 ], [ -115.602184102251954, 47.377534224158971 ], [ -115.600570090948921, 47.376813170678084 ], [ -115.582385355061376, 47.368689208295457 ], [ -115.578619372679739, 47.367006769826702 ], [ -115.576197199639708, 47.363676284830277 ], [ -115.570887463233476, 47.356375403702692 ], [ -115.564766369295711, 47.353475934538857 ], [ -115.556318, 47.353076 ], [ -115.551079, 47.349856 ], [ -115.549443434457871, 47.33793585771506 ], [ -115.548731760194102, 47.332749114496131 ], [ -115.548658226697057, 47.332213196047825 ], [ -115.537613889745941, 47.320238988891369 ], [ -115.531971, 47.314121 ], [ -115.528222045351484, 47.30629070152019 ], [ -115.528099167345374, 47.306034050918889 ], [ -115.526751170742983, 47.30321854186748 ], [ -115.51186, 47.295219 ], [ -115.496230456575873, 47.289678681523135 ], [ -115.487314, 47.286518 ], [ -115.470959, 47.284873 ], [ -115.457077, 47.277794 ], [ -115.443566, 47.277309 ], [ -115.428358574074693, 47.278721963930842 ], [ -115.423173363593421, 47.276221949683851 ], [ -115.421645, 47.271736 ], [ -115.410685, 47.264228 ], [ -115.404179674091552, 47.264392893103938 ], [ -115.378725075584711, 47.26503810101778 ], [ -115.371825, 47.265213 ], [ -115.36628, 47.261485 ], [ -115.3593, 47.259461 ], [ -115.3500687968574, 47.260453977819466 ], [ -115.339201, 47.261623 ], [ -115.326903417684889, 47.25591182110027 ], [ -115.324832, 47.244841 ], [ -115.324102288631707, 47.243748894350787 ], [ -115.317124, 47.233305 ], [ -115.311875, 47.229673 ], [ -115.307239, 47.229892 ], [ -115.298794, 47.225245 ], [ -115.294785, 47.220914 ], [ -115.29211, 47.209861 ], [ -115.295986, 47.205658 ], [ -115.300805, 47.19393 ], [ -115.300504, 47.188139 ], [ -115.297922624011605, 47.187250814028147 ], [ -115.28741801823702, 47.183636445749137 ], [ -115.286353, 47.18327 ], [ -115.261885, 47.181742 ], [ -115.255786, 47.174725 ], [ -115.255146, 47.162876 ], [ -115.253844495573404, 47.161450477755025 ], [ -115.247739374692287, 47.1547636118122 ], [ -115.243707, 47.150347 ], [ -115.229622376256941, 47.149401875695233 ], [ -115.223246, 47.148974 ], [ -115.215832819207591, 47.145766923239783 ], [ -115.200547, 47.139154 ], [ -115.189451, 47.131032 ], [ -115.172938, 47.112881 ], [ -115.170436, 47.106265 ], [ -115.140375, 47.093013 ], [ -115.139515, 47.08456 ], [ -115.136671, 47.078276 ], [ -115.128118236932679, 47.069025617246105 ], [ -115.127593657861013, 47.068458250050355 ], [ -115.126053366845099, 47.066792322754459 ], [ -115.120917, 47.061237 ], [ -115.107132, 47.049041 ], [ -115.102681, 47.047239 ], [ -115.098136, 47.048897 ], [ -115.087806, 47.045519 ], [ -115.082912344117901, 47.038590065777406 ], [ -115.082758473571488, 47.03837220025504 ], [ -115.081385685566502, 47.0364284677946 ], [ -115.081007737730687, 47.035893330924118 ], [ -115.073520192980837, 47.025291705817928 ], [ -115.071254, 47.022083 ], [ -115.069813099207238, 47.014720114374903 ], [ -115.067475997164863, 47.00277771339988 ], [ -115.066223, 46.996375 ], [ -115.057098, 46.986758 ], [ -115.051533895976277, 46.974993894349822 ], [ -115.049538, 46.970774 ], [ -115.047857, 46.969533 ], [ -115.031651, 46.971548 ], [ -115.028994, 46.973159 ], [ -115.028386, 46.975659 ], [ -115.001274, 46.971901 ], [ -115.00091, 46.967703 ], [ -114.999251412107967, 46.965902108936938 ], [ -114.986539, 46.952099 ], [ -114.971405466615593, 46.939213153923056 ], [ -114.96398334447926, 46.932893392306006 ], [ -114.960597, 46.93001 ], [ -114.959957258079555, 46.9297928728054 ], [ -114.949357190986305, 46.926195230136202 ], [ -114.940793143820699, 46.92328860876934 ], [ -114.930147098936487, 46.919675361325055 ], [ -114.92999725437096, 46.919624504363718 ], [ -114.92743155690458, 46.914185232894631 ], [ -114.927948, 46.909948 ], [ -114.935035, 46.901749 ], [ -114.936805, 46.897378 ], [ -114.933372355608299, 46.888257331849402 ], [ -114.931058, 46.882108 ], [ -114.931608, 46.876799 ], [ -114.938713, 46.869021 ], [ -114.943281, 46.867971 ], [ -114.947413, 46.859324 ], [ -114.940398, 46.85605 ], [ -114.928615, 46.854815 ], [ -114.92349, 46.847594 ], [ -114.92845, 46.843242 ], [ -114.92826348033806, 46.841035408501874 ], [ -114.927948339043795, 46.837307179030446 ], [ -114.927924856770602, 46.837029375694172 ], [ -114.927837, 46.83599 ], [ -114.927488430301224, 46.83559820161129 ], [ -114.920459, 46.827697 ], [ -114.904505, 46.822851 ], [ -114.897857, 46.813184 ], [ -114.888146, 46.808573 ], [ -114.880588, 46.811791 ], [ -114.874126104545255, 46.81261315547853 ], [ -114.864548841272125, 46.813831683312245 ], [ -114.864342, 46.813858 ], [ -114.861376, 46.81196 ], [ -114.861331827415427, 46.81172472783819 ], [ -114.860683463611807, 46.808271410467242 ], [ -114.860097927546676, 46.805152726398234 ], [ -114.860067, 46.804988 ], [ -114.856874, 46.801633 ], [ -114.844794, 46.794305 ], [ -114.835917, 46.791111 ], [ -114.829117, 46.782503 ], [ -114.818161, 46.781139 ], [ -114.808587, 46.78235 ], [ -114.79004, 46.778729 ], [ -114.785835374469841, 46.775259264902999 ], [ -114.765106, 46.758153 ], [ -114.765106065987268, 46.758112873458956 ], [ -114.765106263692147, 46.75799265006318 ], [ -114.765127, 46.745383 ], [ -114.76718, 46.738828 ], [ -114.773765, 46.731805 ], [ -114.775723660693814, 46.731342460103846 ], [ -114.779541608748758, 46.730440847434181 ], [ -114.779668, 46.730411 ], [ -114.779960884911233, 46.729877302951017 ], [ -114.783058415329648, 46.724232960139197 ], [ -114.783187904318751, 46.723997004346622 ], [ -114.788656, 46.714033 ], [ -114.787205766533674, 46.71150078845416 ], [ -114.787065, 46.711255 ], [ -114.76689, 46.696901 ], [ -114.761683123261705, 46.69700744026202 ], [ -114.751921, 46.697207 ], [ -114.749256525550393, 46.699687629948663 ], [ -114.747758, 46.702649 ], [ -114.740115, 46.711771 ], [ -114.727445, 46.714604 ], [ -114.713751282540798, 46.715128979906943 ], [ -114.713516, 46.715138 ], [ -114.713297120675051, 46.715319703121324 ], [ -114.710425, 46.717704 ], [ -114.703784330056891, 46.730802120911768 ], [ -114.700889197438855, 46.736512508178556 ], [ -114.699008, 46.740223 ], [ -114.696656, 46.740572 ], [ -114.682897659647338, 46.738335993175312 ], [ -114.676504240026148, 46.737296933990933 ], [ -114.674996650284584, 46.737051920358056 ], [ -114.673871627655785, 46.736869081570056 ], [ -114.649388, 46.73289 ], [ -114.646225517316509, 46.729542586936894 ], [ -114.632954, 46.715495 ], [ -114.626695, 46.712889 ], [ -114.620859, 46.707415 ], [ -114.623198, 46.691511 ], [ -114.631898, 46.68397 ], [ -114.641745, 46.679286 ], [ -114.642713, 46.673145 ], [ -114.639267914259904, 46.666368024194178 ], [ -114.635713, 46.659375 ], [ -114.621483, 46.658143 ], [ -114.614716, 46.655256 ], [ -114.611676, 46.647704 ], [ -114.616354, 46.643646 ], [ -114.615036, 46.639733 ], [ -114.602318747272363, 46.635706220887123 ], [ -114.595215492155418, 46.633457052772748 ], [ -114.593292, 46.632848 ], [ -114.59291721834272, 46.632862337564148 ], [ -114.583385, 46.633227 ], [ -114.561582, 46.642043 ], [ -114.547321, 46.644485 ], [ -114.526551127726819, 46.641608368057241 ], [ -114.509454594812439, 46.639240494435008 ], [ -114.498007, 46.637655 ], [ -114.486218, 46.632829 ], [ -114.466902, 46.631695 ], [ -114.45425, 46.640974 ], [ -114.453239, 46.649266 ], [ -114.424424, 46.660648 ], [ -114.410907, 46.657466 ], [ -114.403383, 46.659633 ], [ -114.394514, 46.664846 ], [ -114.3779069209385, 46.666915682712215 ], [ -114.360709, 46.669059 ], [ -114.357318945565893, 46.668047296241603 ], [ -114.338075971669241, 46.662304559836471 ], [ -114.332887, 46.660756 ], [ -114.32456, 46.653579 ], [ -114.320665, 46.646963 ], [ -114.322912, 46.642938 ], [ -114.322689296984379, 46.624876955435553 ], [ -114.322519, 46.611066 ], [ -114.333930803144014, 46.592161589219295 ], [ -114.334991676715632, 46.588153839539203 ], [ -114.333930803144014, 46.58273159252515 ], [ -114.331998234545665, 46.579042146168405 ], [ -114.331337553082321, 46.577780846145266 ], [ -114.331490122285089, 46.575610627383149 ], [ -114.33175, 46.571914 ], [ -114.339533, 46.564039 ], [ -114.342872179115858, 46.555071461113855 ], [ -114.34534, 46.548444 ], [ -114.348733, 46.533792 ], [ -114.349208, 46.529514 ], [ -114.345982232062383, 46.52506817213191 ], [ -114.342072, 46.519679 ], [ -114.351466141178932, 46.508346820929887 ], [ -114.351655, 46.508119 ], [ -114.351774805981393, 46.508071432713358 ], [ -114.35874, 46.505306 ], [ -114.374609440666902, 46.502008466296871 ], [ -114.375056324911824, 46.50191560758249 ], [ -114.375348, 46.501855 ], [ -114.376780974373673, 46.502197481283794 ], [ -114.377629245658738, 46.502400218362801 ], [ -114.385871, 46.50437 ], [ -114.395204, 46.503148 ], [ -114.399553836742996, 46.502282853368897 ], [ -114.400009090656596, 46.502192307122485 ], [ -114.400257, 46.502143 ], [ -114.40066114394115, 46.501635552068123 ], [ -114.402802665297145, 46.498946632421955 ], [ -114.403019, 46.498675 ], [ -114.402929837066665, 46.498025539731614 ], [ -114.400068, 46.47718 ], [ -114.394447, 46.469549 ], [ -114.383614479228811, 46.466557604522052 ], [ -114.383536946510347, 46.466536193898577 ], [ -114.383051, 46.466402 ], [ -114.379338, 46.460166 ], [ -114.378853076957256, 46.457317305079158 ], [ -114.376413, 46.442983 ], [ -114.378511597797456, 46.435135205120133 ], [ -114.378513214811363, 46.435129158228492 ], [ -114.384756, 46.411784 ], [ -114.388870110246842, 46.409856561943151 ], [ -114.389138050761858, 46.409731033283336 ], [ -114.396988544749391, 46.406053119963374 ], [ -114.408974, 46.400438 ], [ -114.422458, 46.387097 ], [ -114.411592, 46.366688 ], [ -114.410682, 46.360673 ], [ -114.413758, 46.335945 ], [ -114.41838939331582, 46.32944273019767 ], [ -114.425056029746472, 46.32008306976936 ], [ -114.431708, 46.310744 ], [ -114.433478, 46.305502 ], [ -114.425587, 46.287899 ], [ -114.427309, 46.283624 ], [ -114.43544, 46.27661 ], [ -114.441326, 46.2738 ], [ -114.453257, 46.270939 ], [ -114.465024, 46.273127 ], [ -114.470479, 46.26732 ], [ -114.469804288940765, 46.261702765096061 ], [ -114.468254, 46.248796 ], [ -114.454261938934465, 46.242337664629979 ], [ -114.451912, 46.241253 ], [ -114.449819, 46.237119 ], [ -114.445497, 46.220227 ], [ -114.444269764610326, 46.210931848170418 ], [ -114.443215, 46.202943 ], [ -114.445928, 46.173933 ], [ -114.457549, 46.170231 ], [ -114.472643, 46.162202 ], [ -114.472686742962452, 46.162191806121591 ], [ -114.478333, 46.160876 ], [ -114.489254, 46.167684 ], [ -114.496942089585801, 46.167696686616516 ], [ -114.514706, 46.167726 ], [ -114.515652265625235, 46.166083362302913 ], [ -114.527096, 46.146218 ], [ -114.527045588632149, 46.146035950251829 ], [ -114.526582060484714, 46.144362018634411 ], [ -114.5213, 46.125287 ], [ -114.503377547764813, 46.11867084123778 ], [ -114.490287244217257, 46.113838493220946 ], [ -114.489528398057885, 46.113558361540214 ], [ -114.488652568647424, 46.113235044934164 ], [ -114.488303, 46.113106 ], [ -114.487651649494282, 46.113078281959332 ], [ -114.487546255098437, 46.113073796929946 ], [ -114.474415, 46.112515 ], [ -114.467048621980538, 46.104612782844349 ], [ -114.466873733002672, 46.104425172233377 ], [ -114.462116043568457, 46.099321402786714 ], [ -114.460459133640299, 46.097543967251227 ], [ -114.460049, 46.097104 ], [ -114.460131117500723, 46.096265496616383 ], [ -114.461864, 46.078571 ], [ -114.467136479269428, 46.065845062414517 ], [ -114.468384773595346, 46.062832112553934 ], [ -114.468529, 46.062484 ], [ -114.468762611867405, 46.062333753916455 ], [ -114.478965113109012, 46.055772075901622 ], [ -114.492153456962058, 46.047290070963619 ], [ -114.494683410703018, 46.04254642455237 ], [ -114.493418439960905, 46.037170280513301 ], [ -114.49057224966279, 46.032426621845261 ], [ -114.485793, 46.030022 ], [ -114.480262020843909, 46.030323852788925 ], [ -114.480241, 46.030325 ], [ -114.48008067708362, 46.029983129117191 ], [ -114.474023867437126, 46.017067652605306 ], [ -114.47381133217452, 46.016614444670324 ], [ -114.473829500593141, 46.016580902970226 ], [ -114.476883663806348, 46.010942447106942 ], [ -114.477922493214734, 46.009024607960974 ], [ -114.477350768283486, 46.001592156156505 ], [ -114.477290007843678, 46.000802267495381 ], [ -114.470965141876405, 45.995742372270236 ], [ -114.467693959175378, 45.994941673056985 ], [ -114.454087000539559, 45.991611048610039 ], [ -114.441184818141082, 45.988452934790111 ], [ -114.440086079420979, 45.987578428186964 ], [ -114.431054144585886, 45.980389743099224 ], [ -114.425058442772283, 45.972740046979872 ], [ -114.419889732101794, 45.95620018004599 ], [ -114.420923475037199, 45.949170735297024 ], [ -114.431328, 45.938023 ], [ -114.431159, 45.935737 ], [ -114.413168, 45.911479 ], [ -114.404314, 45.903497 ], [ -114.395059, 45.901458 ], [ -114.395009487525044, 45.901380880227165 ], [ -114.389114450306906, 45.892198872427855 ], [ -114.38747757011987, 45.88964929621865 ], [ -114.387382610703867, 45.889501389078113 ], [ -114.387166, 45.889164 ], [ -114.387236175235799, 45.888719361365688 ], [ -114.387328538217005, 45.888134138539598 ], [ -114.388243, 45.88234 ], [ -114.389769640872075, 45.880132791053349 ], [ -114.409477, 45.85164 ], [ -114.409596939260737, 45.85167327100509 ], [ -114.422963, 45.855381 ], [ -114.44868, 45.858891 ], [ -114.455532, 45.855012 ], [ -114.470296, 45.851343 ], [ -114.483696227362415, 45.851029530647416 ], [ -114.488620840717246, 45.850914329963231 ], [ -114.498809, 45.850676 ], [ -114.509303, 45.845531 ], [ -114.514596, 45.840785 ], [ -114.517143, 45.835993 ], [ -114.51704, 45.833148 ], [ -114.515264254320428, 45.831260478836278 ], [ -114.512973, 45.828825 ], [ -114.514708992364987, 45.826779288514231 ], [ -114.544692, 45.791447 ], [ -114.555487, 45.786249 ], [ -114.562509, 45.779927 ], [ -114.566172, 45.773864 ], [ -114.558213150719567, 45.764802462550492 ], [ -114.546374323785443, 45.751323381612877 ], [ -114.535634, 45.739095 ], [ -114.509411683932726, 45.724674217762349 ], [ -114.505421630278505, 45.722479915218038 ], [ -114.504869, 45.722176 ], [ -114.504793479546905, 45.722057299932992 ], [ -114.504057150063659, 45.720899966317909 ], [ -114.501475187712458, 45.716841739817554 ], [ -114.497553, 45.710677 ], [ -114.495421, 45.703321 ], [ -114.499637, 45.669035 ], [ -114.507645, 45.658949 ], [ -114.522142, 45.64934 ], [ -114.527348016169228, 45.651398642274934 ], [ -114.529678, 45.65232 ], [ -114.53577, 45.650613 ], [ -114.537832608893737, 45.649739271822106 ], [ -114.561046, 45.639906 ], [ -114.563652, 45.637412 ], [ -114.563305, 45.631612 ], [ -114.553937, 45.619299 ], [ -114.544905, 45.616673 ], [ -114.538132, 45.606834 ], [ -114.543429943596365, 45.601640232265581 ], [ -114.543638510582539, 45.601435766426491 ], [ -114.548924894824793, 45.596253330749349 ], [ -114.553999, 45.591279 ], [ -114.558253, 45.585104 ], [ -114.558289549686478, 45.584200826982752 ], [ -114.559038, 45.565706 ], [ -114.558008642920313, 45.565153409148017 ], [ -114.570931, 45.551107 ], [ -114.571289, 45.55002 ], [ -114.577706, 45.544598 ], [ -114.57957, 45.544353 ], [ -114.582906, 45.545126 ], [ -114.58555, 45.543586 ], [ -114.586972, 45.541873 ], [ -114.587621, 45.538725 ], [ -114.588275, 45.537808 ], [ -114.595119, 45.534408 ], [ -114.605415, 45.530636 ], [ -114.608476, 45.531231 ], [ -114.618069, 45.529084 ], [ -114.630828, 45.519584 ], [ -114.631811, 45.518594 ], [ -114.632003, 45.516432 ], [ -114.637386, 45.506719 ], [ -114.649929, 45.492915 ], [ -114.651029, 45.485615 ], [ -114.656829, 45.479915 ], [ -114.661729, 45.475915 ], [ -114.662729, 45.474315 ], [ -114.662929, 45.472315 ], [ -114.663529, 45.471215 ], [ -114.665029, 45.471015 ], [ -114.677129, 45.472615 ], [ -114.680829, 45.473915 ], [ -114.681529, 45.476715 ], [ -114.679429, 45.478815 ], [ -114.680329, 45.483515 ], [ -114.68393, 45.486915 ], [ -114.69113, 45.490715 ], [ -114.69553, 45.491715 ], [ -114.70543, 45.492415 ], [ -114.71063, 45.490915 ], [ -114.719531, 45.489415 ], [ -114.734631, 45.489915 ], [ -114.750932, 45.497523 ], [ -114.757392, 45.501993 ], [ -114.762104, 45.507493 ], [ -114.768544, 45.51174 ], [ -114.774167, 45.513402 ], [ -114.779805, 45.512328 ], [ -114.784227, 45.512157 ], [ -114.787738, 45.512612 ], [ -114.793263, 45.508641 ], [ -114.797933, 45.496614 ], [ -114.797033, 45.495514 ], [ -114.793033, 45.494014 ], [ -114.793333, 45.488814 ], [ -114.795233, 45.486914 ], [ -114.796133, 45.484914 ], [ -114.798433, 45.476014 ], [ -114.797833, 45.474014 ], [ -114.794933, 45.469014 ], [ -114.794233, 45.468214 ], [ -114.791733, 45.467014 ], [ -114.789533, 45.464914 ], [ -114.787633, 45.457914 ], [ -114.790533, 45.454414 ], [ -114.791433, 45.454014 ], [ -114.793333, 45.450614 ], [ -114.795133, 45.441914 ], [ -114.795133, 45.440014 ], [ -114.793533, 45.436514 ], [ -114.790032, 45.435414 ], [ -114.780832, 45.435614 ], [ -114.768932, 45.434414 ], [ -114.764431, 45.427914 ], [ -114.768332, 45.421614 ], [ -114.763531, 45.414414 ], [ -114.761831, 45.412814 ], [ -114.753331, 45.409715 ], [ -114.748831, 45.406315 ], [ -114.747431, 45.404315 ], [ -114.743631, 45.403615 ], [ -114.734789, 45.395294 ], [ -114.734526, 45.395211 ], [ -114.731722, 45.395623 ], [ -114.726619, 45.397115 ], [ -114.725055, 45.397295 ], [ -114.71943, 45.396815 ], [ -114.71663, 45.395715 ], [ -114.715144, 45.394302 ], [ -114.715009, 45.394154 ], [ -114.706229, 45.379115 ], [ -114.701329, 45.378615 ], [ -114.699529, 45.377315 ], [ -114.699029, 45.376115 ], [ -114.698929, 45.373015 ], [ -114.696629, 45.369415 ], [ -114.693329, 45.368615 ], [ -114.689729, 45.369715 ], [ -114.687729, 45.369815 ], [ -114.684928, 45.367415 ], [ -114.684628, 45.366715 ], [ -114.684928, 45.365739 ], [ -114.684438, 45.365112 ], [ -114.680613, 45.365353 ], [ -114.677909, 45.365674 ], [ -114.675911, 45.365476 ], [ -114.67442, 45.364196 ], [ -114.674258, 45.363419 ], [ -114.67734, 45.356998 ], [ -114.6776, 45.354598 ], [ -114.674555, 45.348701 ], [ -114.670214, 45.34301 ], [ -114.663119, 45.339694 ], [ -114.663444, 45.337866 ], [ -114.663736, 45.336609 ], [ -114.663283, 45.336152 ], [ -114.657418, 45.334116 ], [ -114.651979, 45.327989 ], [ -114.648124, 45.326274 ], [ -114.646247, 45.324262 ], [ -114.645568, 45.322251 ], [ -114.643367, 45.320558 ], [ -114.637862, 45.318133 ], [ -114.634429, 45.317926 ], [ -114.632227, 45.317034 ], [ -114.631191, 45.316119 ], [ -114.629802, 45.313102 ], [ -114.628475, 45.311432 ], [ -114.624861, 45.308382 ], [ -114.621441, 45.306619 ], [ -114.613085, 45.301009 ], [ -114.604634, 45.296122 ], [ -114.604586, 45.296082 ], [ -114.603226, 45.295615 ], [ -114.600626, 45.296215 ], [ -114.595825, 45.298515 ], [ -114.593325, 45.297615 ], [ -114.601732, 45.288891 ], [ -114.606871, 45.283743 ], [ -114.606708, 45.282143 ], [ -114.608326, 45.28084 ], [ -114.623761, 45.274685 ], [ -114.625926, 45.272444 ], [ -114.62858, 45.270358 ], [ -114.631798, 45.268154 ], [ -114.63619, 45.263427 ], [ -114.640476, 45.26145 ], [ -114.648009, 45.258497 ], [ -114.649703, 45.257071 ], [ -114.651727, 45.252515 ], [ -114.659081, 45.24905 ], [ -114.659527, 45.247537 ], [ -114.659922, 45.246028 ], [ -114.659697, 45.243376 ], [ -114.660874, 45.240586 ], [ -114.662711, 45.238399 ], [ -114.667723, 45.235219 ], [ -114.669955, 45.235243 ], [ -114.674743, 45.233667 ], [ -114.681214, 45.225165 ], [ -114.681699, 45.223634 ], [ -114.68102, 45.221943 ], [ -114.684028, 45.219726 ], [ -114.68419, 45.217098 ], [ -114.683253, 45.212915 ], [ -114.684126, 45.210218 ], [ -114.684385, 45.209419 ], [ -114.686261, 45.205259 ], [ -114.68722, 45.203922 ], [ -114.689934, 45.200102 ], [ -114.690303, 45.199693 ], [ -114.694126, 45.197114 ], [ -114.696227, 45.195015 ], [ -114.697327, 45.192015 ], [ -114.699313, 45.189529 ], [ -114.709338, 45.187408 ], [ -114.714154, 45.188389 ], [ -114.715511, 45.187954 ], [ -114.715566, 45.188055 ], [ -114.722327, 45.179514 ], [ -114.722727, 45.178514 ], [ -114.72232, 45.177207 ], [ -114.720514, 45.175451 ], [ -114.720675, 45.174034 ], [ -114.722427, 45.167299 ], [ -114.722693, 45.165748 ], [ -114.723827, 45.162614 ], [ -114.727027, 45.156814 ], [ -114.731527, 45.152814 ], [ -114.731727, 45.152109 ], [ -114.731968, 45.151724 ], [ -114.730868, 45.14905 ], [ -114.729427, 45.146467 ], [ -114.728527, 45.143614 ], [ -114.726527, 45.131314 ], [ -114.726427, 45.130014 ], [ -114.727366, 45.129167 ], [ -114.725297, 45.126653 ], [ -114.722514, 45.123863 ], [ -114.721447, 45.121692 ], [ -114.721511, 45.120435 ], [ -114.725639, 45.113257 ], [ -114.729638, 45.108541 ], [ -114.729763, 45.102148 ], [ -114.733082, 45.09449 ], [ -114.729983, 45.092091 ], [ -114.726497, 45.09031 ], [ -114.72056, 45.088712 ], [ -114.719481, 45.087644 ], [ -114.719558, 45.08654 ], [ -114.721751, 45.083477 ], [ -114.727103, 45.079385 ], [ -114.727231, 45.077625 ], [ -114.727584, 45.074653 ], [ -114.728841, 45.072184 ], [ -114.726031, 45.067157 ], [ -114.727607, 45.061808 ], [ -114.724961, 45.059181 ], [ -114.724573, 45.057147 ], [ -114.722864, 45.056347 ], [ -114.723121, 45.055021 ], [ -114.724369, 45.053418 ], [ -114.723731, 45.050427 ], [ -114.726953, 45.047615 ], [ -114.727113, 45.045421 ], [ -114.725823, 45.043798 ], [ -114.722984, 45.041834 ], [ -114.722565, 45.0406 ], [ -114.723209, 45.039137 ], [ -114.725883, 45.037239 ], [ -114.726527, 45.036187 ], [ -114.724398, 45.033354 ], [ -114.726619, 45.02853 ], [ -114.727552, 45.02629 ], [ -114.72761, 45.016142 ], [ -114.728639, 45.013422 ], [ -114.725383, 45.011777 ], [ -114.722999, 45.010795 ], [ -114.721675, 45.008396 ], [ -114.7219, 45.006659 ], [ -114.723026, 45.005287 ], [ -114.728825, 45.003502 ], [ -114.729855, 45.001993 ], [ -114.729693, 45.000266 ], [ -114.7293, 44.999914 ], [ -114.72888, 44.997743 ], [ -114.73113, 44.991319 ], [ -114.731351, 44.985399 ], [ -114.732253, 44.984576 ], [ -114.733411, 44.982816 ], [ -114.733054, 44.979136 ], [ -114.733471, 44.976668 ], [ -114.735144, 44.975204 ], [ -114.735723, 44.972667 ], [ -114.73569, 44.972598 ], [ -114.733242, 44.971662 ], [ -114.73031, 44.968646 ], [ -114.730277, 44.967663 ], [ -114.731981, 44.96428 ], [ -114.732076, 44.962634 ], [ -114.73362, 44.960051 ], [ -114.734101, 44.957194 ], [ -114.733874, 44.956074 ], [ -114.735383, 44.950908 ], [ -114.73535, 44.949559 ], [ -114.733966, 44.948577 ], [ -114.728429, 44.948122 ], [ -114.726659, 44.947482 ], [ -114.726111, 44.946111 ], [ -114.727332, 44.942522 ], [ -114.723239, 44.934775 ], [ -114.723303, 44.933518 ], [ -114.727483, 44.929494 ], [ -114.732727, 44.928235 ], [ -114.73501, 44.926977 ], [ -114.735588, 44.926017 ], [ -114.735265, 44.923915 ], [ -114.732593, 44.921538 ], [ -114.728796, 44.920191 ], [ -114.728667, 44.91898 ], [ -114.729309, 44.917814 ], [ -114.732524, 44.914864 ], [ -114.732392, 44.910453 ], [ -114.731425, 44.907276 ], [ -114.72811, 44.904169 ], [ -114.726662, 44.902661 ], [ -114.726821, 44.90017 ], [ -114.731128, 44.897014 ], [ -114.73193, 44.894202 ], [ -114.730803, 44.893037 ], [ -114.727234, 44.892467 ], [ -114.723502, 44.890502 ], [ -114.725399, 44.889565 ], [ -114.730879, 44.886891 ], [ -114.731185, 44.886523 ], [ -114.73202, 44.885654 ], [ -114.731246, 44.882546 ], [ -114.732434, 44.88026 ], [ -114.734136, 44.878979 ], [ -114.737737, 44.878839 ], [ -114.741466, 44.879592 ], [ -114.751832, 44.878716 ], [ -114.752572, 44.878443 ], [ -114.753538, 44.877049 ], [ -114.751606, 44.874566 ], [ -114.751832, 44.873874 ], [ -114.755562, 44.872871 ], [ -114.758101, 44.873169 ], [ -114.758176, 44.873196 ], [ -114.759613, 44.874913 ], [ -114.766941, 44.873539 ], [ -114.768292, 44.872534 ], [ -114.768742, 44.872123 ], [ -114.768814, 44.872071 ], [ -114.768071, 44.868123 ], [ -114.768588, 44.864055 ], [ -114.761205, 44.858101 ], [ -114.760573, 44.85685 ], [ -114.761077, 44.854959 ], [ -114.761109, 44.85468 ], [ -114.767247, 44.8529 ], [ -114.770881, 44.849884 ], [ -114.769854, 44.848558 ], [ -114.769835, 44.848519 ], [ -114.76729, 44.847091 ], [ -114.766151, 44.844613 ], [ -114.766143, 44.843266 ], [ -114.766759, 44.842025 ], [ -114.768414, 44.841312 ], [ -114.769667, 44.840992 ], [ -114.775353, 44.8412 ], [ -114.784222, 44.840015 ], [ -114.785347, 44.838826 ], [ -114.784994, 44.838095 ], [ -114.785059, 44.835558 ], [ -114.785509, 44.834735 ], [ -114.787309, 44.833615 ], [ -114.790328, 44.834028 ], [ -114.791901, 44.836039 ], [ -114.792479, 44.836154 ], [ -114.793604, 44.835217 ], [ -114.794376, 44.833022 ], [ -114.794089, 44.827627 ], [ -114.794475, 44.826622 ], [ -114.795856, 44.82493 ], [ -114.801605, 44.823811 ], [ -114.802888, 44.82157 ], [ -114.802919, 44.821516 ], [ -114.803083, 44.821229 ], [ -114.80819, 44.816726 ], [ -114.808115, 44.81338 ], [ -114.812076, 44.808201 ], [ -114.815062, 44.806303 ], [ -114.818851, 44.805641 ], [ -114.820841, 44.805206 ], [ -114.825079, 44.802897 ], [ -114.825095, 44.802819 ], [ -114.828938, 44.802035 ], [ -114.829061, 44.802028 ], [ -114.832753, 44.802942 ], [ -114.836701, 44.799376 ], [ -114.841417, 44.793523 ], [ -114.841384, 44.790643 ], [ -114.842763, 44.789225 ], [ -114.845587, 44.787853 ], [ -114.850113, 44.787394 ], [ -114.850562, 44.786845 ], [ -114.850593, 44.785176 ], [ -114.852324, 44.782296 ], [ -114.852837, 44.782067 ], [ -114.855566, 44.78378 ], [ -114.856594, 44.784969 ], [ -114.859451, 44.785082 ], [ -114.864263, 44.781217 ], [ -114.871129, 44.779545 ], [ -114.874624, 44.776823 ], [ -114.879671, 44.774193 ], [ -114.885034, 44.77063 ], [ -114.887537, 44.769671 ], [ -114.889786, 44.766998 ], [ -114.895242, 44.764828 ], [ -114.895277, 44.760485 ], [ -114.897075, 44.758955 ], [ -114.904199, 44.757905 ], [ -114.905707, 44.756992 ], [ -114.908787, 44.756557 ], [ -114.912636, 44.757724 ], [ -114.913759, 44.756718 ], [ -114.914241, 44.756078 ], [ -114.914306, 44.753633 ], [ -114.916951, 44.74991 ], [ -114.916131, 44.748937 ], [ -114.915556, 44.744274 ], [ -114.92162, 44.738972 ], [ -114.925469, 44.73607 ], [ -114.927843, 44.733395 ], [ -114.92903, 44.732824 ], [ -114.937881, 44.731842 ], [ -114.940639, 44.730996 ], [ -114.942595, 44.730676 ], [ -114.943749, 44.72951 ], [ -114.94407, 44.727865 ], [ -114.943172, 44.725556 ], [ -114.94625, 44.723201 ], [ -114.954169, 44.720846 ], [ -114.962826, 44.722994 ], [ -114.966066, 44.724136 ], [ -114.967156, 44.723839 ], [ -114.967475, 44.72391 ], [ -114.968919, 44.724433 ], [ -114.970267, 44.726329 ], [ -114.972705, 44.728499 ], [ -114.976201, 44.729481 ], [ -114.982967, 44.730165 ], [ -114.985789, 44.72989 ], [ -114.988962, 44.728265 ], [ -114.991047, 44.728562 ], [ -114.996082, 44.728811 ], [ -115.000056, 44.727163 ], [ -114.999798, 44.725129 ], [ -114.998354, 44.723758 ], [ -114.99816, 44.722272 ], [ -114.999377, 44.721266 ], [ -115.004019, 44.72051 ], [ -115.004953, 44.716739 ], [ -115.007232, 44.714408 ], [ -115.010214, 44.713381 ], [ -115.011912, 44.714639 ], [ -115.012647, 44.717177 ], [ -115.014473, 44.719006 ], [ -115.018664, 44.730987 ], [ -115.018085, 44.732198 ], [ -115.014297, 44.735785 ], [ -115.014328, 44.736974 ], [ -115.016922, 44.742873 ], [ -115.019038, 44.743719 ], [ -115.021091, 44.743766 ], [ -115.022438, 44.742692 ], [ -115.022632, 44.741275 ], [ -115.023531, 44.740132 ], [ -115.028312, 44.736431 ], [ -115.030429, 44.73586 ], [ -115.032514, 44.734741 ], [ -115.033797, 44.735541 ], [ -115.034403, 44.740845 ], [ -115.033952, 44.743793 ], [ -115.035554, 44.746788 ], [ -115.038186, 44.749909 ], [ -115.03976, 44.751023 ], [ -115.044186, 44.751619 ], [ -115.045245, 44.752167 ], [ -115.047811, 44.753676 ], [ -115.052943, 44.754637 ], [ -115.059039, 44.756832 ], [ -115.060482, 44.756465 ], [ -115.062022, 44.75626 ], [ -115.068536, 44.759094 ], [ -115.069852, 44.762889 ], [ -115.073991, 44.764489 ], [ -115.074857, 44.76506 ], [ -115.075499, 44.766912 ], [ -115.0755, 44.768718 ], [ -115.076816, 44.769517 ], [ -115.086636, 44.771345 ], [ -115.089331, 44.770567 ], [ -115.090325, 44.769584 ], [ -115.091062, 44.767641 ], [ -115.092409, 44.766497 ], [ -115.106171, 44.759201 ], [ -115.116755, 44.756156 ], [ -115.118006, 44.755355 ], [ -115.122589, 44.751444 ], [ -115.125401, 44.750213 ], [ -115.126169, 44.749908 ], [ -115.137145, 44.742573 ], [ -115.14023, 44.736448 ], [ -115.142252, 44.734278 ], [ -115.147578, 44.730896 ], [ -115.149856, 44.730371 ], [ -115.151781, 44.728543 ], [ -115.148611, 44.722073 ], [ -115.144766, 44.719237 ], [ -115.141591, 44.719647 ], [ -115.140085, 44.718869 ], [ -115.139477, 44.71784 ], [ -115.139706, 44.713131 ], [ -115.146284, 44.704378 ], [ -115.149204, 44.700356 ], [ -115.150039, 44.697796 ], [ -115.150265, 44.696196 ], [ -115.146996, 44.695166 ], [ -115.146484, 44.694434 ], [ -115.150139, 44.692675 ], [ -115.149981, 44.689566 ], [ -115.150976, 44.687257 ], [ -115.151234, 44.684926 ], [ -115.153352, 44.680263 ], [ -115.152777, 44.676925 ], [ -115.153322, 44.675897 ], [ -115.154852, 44.67387 ], [ -115.156111, 44.672811 ], [ -115.157138, 44.669908 ], [ -115.160407, 44.667485 ], [ -115.159671, 44.66545 ], [ -115.159896, 44.664582 ], [ -115.165791, 44.6612 ], [ -115.165631, 44.660377 ], [ -115.164639, 44.659371 ], [ -115.164159, 44.657061 ], [ -115.165539, 44.650547 ], [ -115.167333, 44.650295 ], [ -115.167878, 44.648284 ], [ -115.168999, 44.647461 ], [ -115.176589, 44.645885 ], [ -115.180112, 44.646137 ], [ -115.181137, 44.644856 ], [ -115.180977, 44.642867 ], [ -115.184628, 44.63697 ], [ -115.187125, 44.637267 ], [ -115.189558, 44.636261 ], [ -115.195193, 44.632649 ], [ -115.196953, 44.630751 ], [ -115.196505, 44.629631 ], [ -115.196249, 44.628305 ], [ -115.197721, 44.625266 ], [ -115.199253, 44.624353 ], [ -115.201752, 44.624906 ], [ -115.203643, 44.625881 ], [ -115.205788, 44.628052 ], [ -115.208927, 44.629309 ], [ -115.210271, 44.628988 ], [ -115.211871, 44.626313 ], [ -115.213119, 44.62581 ], [ -115.215648, 44.62661 ], [ -115.216833, 44.628712 ], [ -115.217538, 44.629101 ], [ -115.221444, 44.630403 ], [ -115.223333, 44.630311 ], [ -115.224805, 44.629327 ], [ -115.225636, 44.628047 ], [ -115.225923, 44.626264 ], [ -115.225086, 44.624468 ], [ -115.222075, 44.621811 ], [ -115.222011, 44.620417 ], [ -115.222746, 44.619433 ], [ -115.224858, 44.61829 ], [ -115.227163, 44.618266 ], [ -115.227899, 44.61854 ], [ -115.231292, 44.619271 ], [ -115.234496, 44.621899 ], [ -115.237312, 44.621486 ], [ -115.239521, 44.621211 ], [ -115.254065, 44.615719 ], [ -115.257426, 44.615286 ], [ -115.259222, 44.611561 ], [ -115.258744, 44.609686 ], [ -115.259579, 44.606783 ], [ -115.262428, 44.605937 ], [ -115.267196, 44.607357 ], [ -115.273849, 44.61088 ], [ -115.279801, 44.612002 ], [ -115.281338, 44.610563 ], [ -115.28339, 44.605031 ], [ -115.283198, 44.603476 ], [ -115.289921, 44.598128 ], [ -115.290945, 44.596437 ], [ -115.290722, 44.594996 ], [ -115.29309, 44.593648 ], [ -115.294818, 44.591911 ], [ -115.294948, 44.588047 ], [ -115.295716, 44.586744 ], [ -115.300163, 44.585008 ], [ -115.304067, 44.580664 ], [ -115.305058, 44.579476 ], [ -115.302598, 44.56921 ], [ -115.301479, 44.568479 ], [ -115.300647, 44.568296 ], [ -115.301735, 44.566078 ], [ -115.299082, 44.562123 ], [ -115.30001, 44.559082 ], [ -115.298348, 44.555561 ], [ -115.298349, 44.552384 ], [ -115.293875, 44.547856 ], [ -115.290137, 44.543009 ], [ -115.291322, 44.536492 ], [ -115.294615, 44.533498 ], [ -115.294584, 44.532104 ], [ -115.289023, 44.530891 ], [ -115.28397, 44.528479 ], [ -115.280525, 44.526592 ], [ -115.28222, 44.522865 ], [ -115.28187, 44.520716 ], [ -115.280465, 44.518703 ], [ -115.278772, 44.518452 ], [ -115.275512, 44.517948 ], [ -115.268833, 44.518929 ], [ -115.266724, 44.519865 ], [ -115.262507, 44.517943 ], [ -115.255798, 44.517117 ], [ -115.253465, 44.517619 ], [ -115.252538, 44.51851 ], [ -115.252153, 44.52011 ], [ -115.24963, 44.520844 ], [ -115.246944, 44.519382 ], [ -115.246014, 44.515885 ], [ -115.246109, 44.515016 ], [ -115.244541, 44.512022 ], [ -115.242495, 44.51168 ], [ -115.239972, 44.51239 ], [ -115.238661, 44.511499 ], [ -115.237857, 44.505601 ], [ -115.239388, 44.502834 ], [ -115.238876, 44.501348 ], [ -115.237241, 44.499207 ], [ -115.234267, 44.495024 ], [ -115.232445, 44.492556 ], [ -115.230017, 44.49146 ], [ -115.227844, 44.489791 ], [ -115.228478, 44.483481 ], [ -115.22672, 44.48131 ], [ -115.227134, 44.478864 ], [ -115.226589, 44.474817 ], [ -115.227802, 44.473994 ], [ -115.23176, 44.472461 ], [ -115.235238, 44.470105 ], [ -115.234853, 44.468299 ], [ -115.233671, 44.466539 ], [ -115.231372, 44.465877 ], [ -115.228148, 44.465924 ], [ -115.225242, 44.464713 ], [ -115.223773, 44.463159 ], [ -115.224218, 44.461078 ], [ -115.22492, 44.460324 ], [ -115.230697, 44.45911 ], [ -115.232037, 44.458332 ], [ -115.232196, 44.456983 ], [ -115.23047, 44.454378 ], [ -115.229577, 44.454104 ], [ -115.228905, 44.452618 ], [ -115.230978, 44.449851 ], [ -115.230978, 44.449165 ], [ -115.231169, 44.449005 ], [ -115.230946, 44.447324 ], [ -115.228078, 44.440667 ], [ -115.228, 44.423613 ], [ -115.228241, 44.422868 ], [ -115.229915, 44.421864 ], [ -115.232437, 44.418969 ], [ -115.232624, 44.41825 ], [ -115.231489, 44.415608 ], [ -115.236262, 44.410685 ], [ -115.238614, 44.407126 ], [ -115.240742, 44.401712 ], [ -115.247005, 44.396954 ], [ -115.24707, 44.391659 ], [ -115.246212, 44.387718 ], [ -115.252367, 44.381971 ], [ -115.258805, 44.377888 ], [ -115.259494, 44.375233 ], [ -115.258969, 44.372796 ], [ -115.259808, 44.370874 ], [ -115.271422, 44.361856 ], [ -115.274148, 44.358304 ], [ -115.276368, 44.357078 ], [ -115.279278, 44.35649 ], [ -115.280407, 44.356532 ], [ -115.281822, 44.357373 ], [ -115.284618, 44.353105 ], [ -115.283948, 44.346986 ], [ -115.284455, 44.346174 ], [ -115.289463, 44.344085 ], [ -115.293152, 44.343836 ], [ -115.294046, 44.341906 ], [ -115.294462, 44.339411 ], [ -115.294308, 44.336755 ], [ -115.293614, 44.334902 ], [ -115.28785, 44.32477 ], [ -115.279382, 44.322939 ], [ -115.27519, 44.317664 ], [ -115.272029, 44.315541 ], [ -115.269641, 44.315285 ], [ -115.266945, 44.315882 ], [ -115.261057, 44.314386 ], [ -115.26077, 44.313822 ], [ -115.254651, 44.311818 ], [ -115.249482, 44.310762 ], [ -115.248112, 44.308488 ], [ -115.247906, 44.306921 ], [ -115.248572, 44.306075 ], [ -115.248804, 44.302304 ], [ -115.248017, 44.297794 ], [ -115.243075, 44.292189 ], [ -115.24018, 44.293834 ], [ -115.239193, 44.295668 ], [ -115.239244, 44.297397 ], [ -115.241293, 44.29934 ], [ -115.24188, 44.301446 ], [ -115.239695, 44.305429 ], [ -115.236479, 44.308022 ], [ -115.231859, 44.30599 ], [ -115.231858, 44.305899 ], [ -115.228893, 44.306119 ], [ -115.226097, 44.307803 ], [ -115.222391, 44.308048 ], [ -115.215084, 44.305613 ], [ -115.212658, 44.304201 ], [ -115.213182, 44.300509 ], [ -115.209825, 44.289852 ], [ -115.209161, 44.28851 ], [ -115.202628, 44.282422 ], [ -115.195814, 44.283491 ], [ -115.190442, 44.285724 ], [ -115.186922, 44.288533 ], [ -115.184409, 44.291896 ], [ -115.178952, 44.29638 ], [ -115.175485, 44.293199 ], [ -115.170757, 44.284897 ], [ -115.169013, 44.283234 ], [ -115.166151, 44.276329 ], [ -115.166225, 44.274311 ], [ -115.167824, 44.271214 ], [ -115.167884, 44.26832 ], [ -115.167021, 44.266326 ], [ -115.164921, 44.264784 ], [ -115.163833, 44.262333 ], [ -115.167515, 44.257827 ], [ -115.162505, 44.251431 ], [ -115.158201, 44.248865 ], [ -115.156547, 44.246463 ], [ -115.15686, 44.244946 ], [ -115.159769, 44.239795 ], [ -115.168597, 44.238064 ], [ -115.172685, 44.236631 ], [ -115.174893, 44.235227 ], [ -115.16966, 44.220852 ], [ -115.167961, 44.218646 ], [ -115.164263, 44.216163 ], [ -115.162797, 44.213956 ], [ -115.167084, 44.207489 ], [ -115.169203, 44.206012 ], [ -115.167118, 44.202711 ], [ -115.156239, 44.19773 ], [ -115.154374, 44.197454 ], [ -115.150378, 44.194503 ], [ -115.143319, 44.190588 ], [ -115.135494, 44.192062 ], [ -115.12955, 44.192068 ], [ -115.125048, 44.189741 ], [ -115.120443, 44.182956 ], [ -115.111842, 44.177086 ], [ -115.109382, 44.175918 ], [ -115.108824, 44.174031 ], [ -115.108928, 44.171441 ], [ -115.107226, 44.170164 ], [ -115.103021, 44.170549 ], [ -115.098729, 44.173106 ], [ -115.089207, 44.172387 ], [ -115.085992, 44.173466 ], [ -115.08367, 44.175473 ], [ -115.077868, 44.174041 ], [ -115.072364, 44.170081 ], [ -115.072095, 44.168981 ], [ -115.06273, 44.161157 ], [ -115.06107, 44.160402 ], [ -115.060588, 44.163348 ], [ -115.058387, 44.164244 ], [ -115.050729, 44.16533 ], [ -115.044226, 44.161793 ], [ -115.043323, 44.159835 ], [ -115.042247, 44.15939 ], [ -115.032477, 44.160348 ], [ -115.026206, 44.158417 ], [ -115.024366, 44.155491 ], [ -115.024496, 44.153986 ], [ -115.022847, 44.148823 ], [ -115.017881, 44.144545 ], [ -115.01721, 44.141739 ], [ -115.018809, 44.13805 ], [ -115.025531, 44.128584 ], [ -115.035202, 44.12456 ], [ -115.038222, 44.123757 ], [ -115.045719, 44.123574 ], [ -115.046499, 44.123277 ], [ -115.047126, 44.120824 ], [ -115.040411, 44.113061 ], [ -115.03628, 44.111612 ], [ -115.030057, 44.110387 ], [ -115.028214, 44.107427 ], [ -115.027072, 44.104338 ], [ -115.02059, 44.098658 ], [ -115.01841, 44.097563 ], [ -115.012944, 44.096868 ], [ -115.00861, 44.098506 ], [ -115.003859, 44.096694 ], [ -115.001678, 44.096443 ], [ -115.000196, 44.096677 ], [ -114.99875, 44.097642 ], [ -114.997822, 44.097536 ], [ -114.996704, 44.096941 ], [ -114.996566, 44.092258 ], [ -114.998418, 44.087107 ], [ -114.999363, 44.086063 ], [ -115.004136, 44.081181 ], [ -115.009988, 44.077469 ], [ -115.01295, 44.076771 ], [ -115.017278, 44.077971 ], [ -115.019512, 44.079717 ], [ -115.023311, 44.077499 ], [ -115.023214, 44.075843 ], [ -115.023862, 44.074572 ], [ -115.027128, 44.071759 ], [ -115.034465, 44.069718 ], [ -115.036394, 44.067652 ], [ -115.036763, 44.066269 ], [ -115.035234, 44.062134 ], [ -115.038465, 44.05953 ], [ -115.041982, 44.058839 ], [ -115.04647, 44.056242 ], [ -115.048104, 44.048828 ], [ -115.047161, 44.046712 ], [ -115.048119, 44.038027 ], [ -115.047465, 44.035936 ], [ -115.042721, 44.032018 ], [ -115.039645, 44.028438 ], [ -115.037038, 44.02436 ], [ -115.033241, 44.020168 ], [ -115.029698, 44.017851 ], [ -115.022873, 44.016473 ], [ -115.017654, 44.012554 ], [ -115.007545, 44.013618 ], [ -115.005563, 44.014952 ], [ -115.000574, 44.020076 ], [ -114.998264, 44.020663 ], [ -114.995441, 44.017354 ], [ -114.995667, 44.014356 ], [ -114.992595, 44.011393 ], [ -114.986224, 44.010246 ], [ -114.983726, 44.010646 ], [ -114.98274, 44.010005 ], [ -114.982155, 44.000653 ], [ -114.987251, 43.992155 ], [ -114.985294, 43.989404 ], [ -114.97892, 43.985683 ], [ -114.973943, 43.98387 ], [ -114.970019, 43.983698 ], [ -114.967224, 43.982153 ], [ -114.968657, 43.973493 ], [ -114.970992, 43.970996 ], [ -114.973089, 43.971949 ], [ -114.978113, 43.970457 ], [ -114.979598, 43.96923 ], [ -114.986857, 43.959693 ], [ -114.990642, 43.951784 ], [ -114.99075, 43.949725 ], [ -114.997126, 43.948856 ], [ -115.008396, 43.950799 ], [ -115.019327, 43.953439 ], [ -115.021935, 43.953694 ], [ -115.024184, 43.953166 ], [ -115.031265, 43.954006 ], [ -115.038332, 43.957687 ], [ -115.042045, 43.954937 ], [ -115.043776, 43.952571 ], [ -115.047336, 43.949449 ], [ -115.049021, 43.949875 ], [ -115.052399, 43.949811 ], [ -115.053929, 43.948852 ], [ -115.055168, 43.946749 ], [ -115.062173, 43.946089 ], [ -115.065989, 43.942646 ], [ -115.067175, 43.94035 ], [ -115.074387, 43.943965 ], [ -115.076194, 43.945825 ], [ -115.074812, 43.947718 ], [ -115.074065, 43.953518 ], [ -115.075465, 43.954829 ], [ -115.078254, 43.954946 ], [ -115.083665, 43.953474 ], [ -115.087067, 43.954656 ], [ -115.092261, 43.958173 ], [ -115.092453, 43.96058 ], [ -115.086835, 43.965634 ], [ -115.082895, 43.970592 ], [ -115.08259, 43.972627 ], [ -115.085604, 43.976505 ], [ -115.086933, 43.977098 ], [ -115.088882, 43.976761 ], [ -115.094082, 43.97408 ], [ -115.100139, 43.974025 ], [ -115.10578, 43.970266 ], [ -115.109539, 43.971345 ], [ -115.115277, 43.975434 ], [ -115.116, 43.976967 ], [ -115.11594, 43.978987 ], [ -115.126209, 43.98071 ], [ -115.136477, 43.983885 ], [ -115.137613, 43.984599 ], [ -115.137484, 43.989828 ], [ -115.138807, 43.993432 ], [ -115.142333, 43.996735 ], [ -115.147085, 43.999902 ], [ -115.147722, 44.002364 ], [ -115.143435, 44.00558 ], [ -115.145979, 44.011693 ], [ -115.14486, 44.014891 ], [ -115.146776, 44.024636 ], [ -115.148875, 44.029009 ], [ -115.151315, 44.032157 ], [ -115.149497, 44.03637 ], [ -115.14926, 44.041155 ], [ -115.150694, 44.047711 ], [ -115.153027, 44.052269 ], [ -115.155555, 44.05379 ], [ -115.15636, 44.055972 ], [ -115.15699, 44.060507 ], [ -115.156291, 44.061691 ], [ -115.159167, 44.064872 ], [ -115.161529, 44.066167 ], [ -115.163789, 44.07228 ], [ -115.164339, 44.075074 ], [ -115.167049, 44.077965 ], [ -115.16913, 44.07761 ], [ -115.171503, 44.078688 ], [ -115.172429, 44.079734 ], [ -115.173278, 44.081192 ], [ -115.17255, 44.084817 ], [ -115.180073, 44.088776 ], [ -115.185454, 44.090198 ], [ -115.190374, 44.089793 ], [ -115.193297, 44.09199 ], [ -115.199958, 44.092799 ], [ -115.202823, 44.094585 ], [ -115.209309, 44.096553 ], [ -115.230685, 44.098685 ], [ -115.232162, 44.097225 ], [ -115.232537, 44.096009 ], [ -115.230552, 44.094964 ], [ -115.225414, 44.094423 ], [ -115.223066, 44.093212 ], [ -115.218783, 44.092139 ], [ -115.215133, 44.089785 ], [ -115.206693, 44.082904 ], [ -115.203615, 44.076275 ], [ -115.198445, 44.072 ], [ -115.196986, 44.069988 ], [ -115.199046, 44.066261 ], [ -115.201677, 44.063106 ], [ -115.206686, 44.060316 ], [ -115.208239, 44.057275 ], [ -115.209633, 44.055445 ], [ -115.209284, 44.052725 ], [ -115.209695, 44.04957 ], [ -115.211564, 44.046002 ], [ -115.213053, 44.044195 ], [ -115.215774, 44.034615 ], [ -115.215394, 44.034135 ], [ -115.21571, 44.032488 ], [ -115.219543, 44.028989 ], [ -115.232113, 44.015382 ], [ -115.232585, 44.011243 ], [ -115.232678, 44.009506 ], [ -115.234481, 44.006578 ], [ -115.250924, 43.996253 ], [ -115.25382, 43.993121 ], [ -115.255248, 43.990652 ], [ -115.257628, 43.986081 ], [ -115.262889, 43.980985 ], [ -115.268404, 43.973488 ], [ -115.271733, 43.967178 ], [ -115.271512, 43.966583 ], [ -115.272622, 43.964252 ], [ -115.276011, 43.960435 ], [ -115.277345, 43.952844 ], [ -115.276366, 43.9509 ], [ -115.276303, 43.949529 ], [ -115.277857, 43.943767 ], [ -115.2777, 43.942167 ], [ -115.278397, 43.941755 ], [ -115.286688, 43.939631 ], [ -115.287258, 43.939129 ], [ -115.287258, 43.938214 ], [ -115.287102, 43.938094 ], [ -115.285898, 43.936842 ], [ -115.286278, 43.935927 ], [ -115.291784, 43.933825 ], [ -115.29922, 43.931746 ], [ -115.305833, 43.930739 ], [ -115.307605, 43.929391 ], [ -115.313552, 43.929071 ], [ -115.315039, 43.929574 ], [ -115.315324, 43.930443 ], [ -115.316273, 43.930717 ], [ -115.317412, 43.930328 ], [ -115.318456, 43.929048 ], [ -115.318361, 43.927104 ], [ -115.322726, 43.927013 ], [ -115.325384, 43.925549 ], [ -115.327599, 43.926395 ], [ -115.336171, 43.923696 ], [ -115.338099, 43.920586 ], [ -115.344015, 43.921819 ], [ -115.349581, 43.919531 ], [ -115.355623, 43.919209 ], [ -115.357173, 43.91978 ], [ -115.357996, 43.920649 ], [ -115.358473, 43.923415 ], [ -115.360117, 43.923163 ], [ -115.363533, 43.921881 ], [ -115.365305, 43.923069 ], [ -115.377314, 43.922559 ], [ -115.381681, 43.921395 ], [ -115.390447, 43.916049 ], [ -115.394179, 43.916302 ], [ -115.397059, 43.915777 ], [ -115.400792, 43.913789 ], [ -115.407214, 43.91203 ], [ -115.424547, 43.909313 ], [ -115.431727, 43.90602 ], [ -115.440582, 43.902842 ], [ -115.44191, 43.901607 ], [ -115.452535, 43.901058 ], [ -115.459176, 43.901949 ], [ -115.465563, 43.898632 ], [ -115.467775, 43.897054 ], [ -115.469197, 43.894973 ], [ -115.471062, 43.893943 ], [ -115.476311, 43.893118 ], [ -115.478746, 43.893438 ], [ -115.482382, 43.893528 ], [ -115.493352, 43.89174 ], [ -115.500338, 43.889677 ], [ -115.501261, 43.888349 ], [ -115.509185, 43.884443 ], [ -115.513361, 43.881084 ], [ -115.51431, 43.879918 ], [ -115.516682, 43.874141 ], [ -115.518677, 43.8703 ], [ -115.519311, 43.867831 ], [ -115.51922, 43.863395 ], [ -115.520042, 43.862481 ], [ -115.52216, 43.861887 ], [ -115.522731, 43.858617 ], [ -115.525702, 43.857384 ], [ -115.532623, 43.857043 ], [ -115.53689, 43.85398 ], [ -115.536669, 43.852722 ], [ -115.536133, 43.850893 ], [ -115.539231, 43.846778 ], [ -115.5392, 43.846115 ], [ -115.536517, 43.840626 ], [ -115.53557, 43.84026 ], [ -115.532125, 43.840351 ], [ -115.534056, 43.83372 ], [ -115.531815, 43.830724 ], [ -115.53229, 43.82846 ], [ -115.534755, 43.825167 ], [ -115.534126, 43.819679 ], [ -115.533559, 43.818376 ], [ -115.530149, 43.817826 ], [ -115.529707, 43.816523 ], [ -115.533246, 43.812271 ], [ -115.538522, 43.807104 ], [ -115.546384, 43.803036 ], [ -115.546985, 43.801961 ], [ -115.546385, 43.799903 ], [ -115.546797, 43.795353 ], [ -115.54724, 43.793318 ], [ -115.547871, 43.792563 ], [ -115.558003, 43.794211 ], [ -115.563022, 43.794234 ], [ -115.566274, 43.793342 ], [ -115.571167, 43.793456 ], [ -115.576471, 43.79517 ], [ -115.578902, 43.797022 ], [ -115.583827, 43.797502 ], [ -115.59317, 43.795396 ], [ -115.593611, 43.794138 ], [ -115.59882, 43.79368 ], [ -115.603363, 43.789951 ], [ -115.607369, 43.785788 ], [ -115.615791, 43.78025 ], [ -115.618312, 43.775241 ], [ -115.620452, 43.769432 ], [ -115.617704, 43.765797 ], [ -115.61666, 43.763397 ], [ -115.616691, 43.762025 ], [ -115.617321, 43.76143 ], [ -115.619656, 43.761246 ], [ -115.620917, 43.76049 ], [ -115.624352, 43.756418 ], [ -115.623372, 43.754795 ], [ -115.623592, 43.753995 ], [ -115.625934, 43.754508 ], [ -115.627614, 43.754839 ], [ -115.628183, 43.754428 ], [ -115.628028, 43.751546 ], [ -115.630457, 43.751205 ], [ -115.631876, 43.749894 ], [ -115.629921, 43.748153 ], [ -115.62948, 43.747146 ], [ -115.630459, 43.746049 ], [ -115.63355, 43.746371 ], [ -115.634275, 43.746051 ], [ -115.633111, 43.74349 ], [ -115.631661, 43.742529 ], [ -115.627528, 43.742503 ], [ -115.627024, 43.742206 ], [ -115.626868, 43.740674 ], [ -115.626648, 43.73985 ], [ -115.628166, 43.736353 ], [ -115.628137, 43.733677 ], [ -115.624795, 43.730866 ], [ -115.621957, 43.73041 ], [ -115.620318, 43.731097 ], [ -115.618299, 43.730663 ], [ -115.614924, 43.728767 ], [ -115.614892, 43.728218 ], [ -115.616088, 43.726182 ], [ -115.616939, 43.725793 ], [ -115.620944, 43.726294 ], [ -115.625933, 43.728178 ], [ -115.6283, 43.728052 ], [ -115.63013, 43.727138 ], [ -115.630225, 43.726612 ], [ -115.628335, 43.725102 ], [ -115.627643, 43.723112 ], [ -115.6319, 43.722909 ], [ -115.63499, 43.723391 ], [ -115.637958, 43.717675 ], [ -115.638149, 43.715663 ], [ -115.635535, 43.713307 ], [ -115.635915, 43.710769 ], [ -115.642507, 43.706175 ], [ -115.644402, 43.701763 ], [ -115.645632, 43.70062 ], [ -115.647145, 43.700346 ], [ -115.652313, 43.701674 ], [ -115.653889, 43.701606 ], [ -115.657484, 43.698589 ], [ -115.659439, 43.696234 ], [ -115.660826, 43.696326 ], [ -115.663316, 43.697538 ], [ -115.664482, 43.697356 ], [ -115.669401, 43.690062 ], [ -115.679864, 43.68215 ], [ -115.684213, 43.676159 ], [ -115.686607, 43.674856 ], [ -115.688025, 43.673141 ], [ -115.690545, 43.671975 ], [ -115.694893, 43.672249 ], [ -115.695554, 43.67106 ], [ -115.695586, 43.668819 ], [ -115.696436, 43.666646 ], [ -115.697885, 43.665297 ], [ -115.698672, 43.665297 ], [ -115.699491, 43.666395 ], [ -115.700878, 43.668178 ], [ -115.701854, 43.668247 ], [ -115.704595, 43.667217 ], [ -115.705035, 43.665182 ], [ -115.705759, 43.664405 ], [ -115.711775, 43.661751 ], [ -115.714138, 43.66438 ], [ -115.722487, 43.664973 ], [ -115.725134, 43.667487 ], [ -115.726835, 43.667738 ], [ -115.731086, 43.665587 ], [ -115.730739, 43.664673 ], [ -115.72699, 43.663073 ], [ -115.725918, 43.661839 ], [ -115.727081, 43.657768 ], [ -115.729189, 43.654817 ], [ -115.730984, 43.653627 ], [ -115.734007, 43.653512 ], [ -115.737976, 43.655088 ], [ -115.739897, 43.65463 ], [ -115.741408, 43.653394 ], [ -115.743798, 43.649986 ], [ -115.744739, 43.646235 ], [ -115.753324, 43.643328 ], [ -115.754803, 43.644815 ], [ -115.753916, 43.645793 ], [ -115.754821, 43.647369 ], [ -115.757498, 43.649499 ], [ -115.759654, 43.650199 ], [ -115.768628, 43.650118 ], [ -115.782057, 43.648353 ], [ -115.782926, 43.645445 ], [ -115.796798, 43.639454 ], [ -115.797021, 43.638529 ], [ -115.794964, 43.635447 ], [ -115.794861, 43.634166 ], [ -115.79946, 43.628288 ], [ -115.806745, 43.622721 ], [ -115.812559, 43.619346 ], [ -115.815528, 43.619104 ], [ -115.819867, 43.620182 ], [ -115.822528, 43.619745 ], [ -115.823693, 43.618358 ], [ -115.824186, 43.615735 ], [ -115.822203, 43.611926 ], [ -115.822073, 43.611335 ], [ -115.822745, 43.610565 ], [ -115.827913, 43.607492 ], [ -115.828883, 43.605782 ], [ -115.830891, 43.605212 ], [ -115.831189, 43.606422 ], [ -115.832033, 43.607167 ], [ -115.834954, 43.608245 ], [ -115.841564, 43.606765 ], [ -115.844229, 43.608051 ], [ -115.846496, 43.608151 ], [ -115.848321, 43.607162 ], [ -115.853481, 43.602444 ], [ -115.856777, 43.601438 ], [ -115.859299, 43.60261 ], [ -115.86356, 43.602486 ], [ -115.865015, 43.60201 ], [ -115.871453, 43.595405 ], [ -115.872806, 43.592762 ], [ -115.875332, 43.591268 ], [ -115.877133, 43.591311 ], [ -115.881693, 43.592818 ], [ -115.882875, 43.593567 ], [ -115.884806, 43.59684 ], [ -115.885812, 43.597555 ], [ -115.896849, 43.598642 ], [ -115.901766, 43.596827 ], [ -115.902894, 43.59591 ], [ -115.903823, 43.594146 ], [ -115.906111, 43.593109 ], [ -115.911823, 43.592015 ], [ -115.918479, 43.592047 ], [ -115.929992, 43.595596 ], [ -115.932898, 43.601361 ], [ -115.933633, 43.603386 ], [ -115.933667, 43.60675 ], [ -115.934644, 43.607996 ], [ -115.945215, 43.608656 ], [ -115.950988, 43.606266 ], [ -115.953644, 43.604063 ], [ -115.955776, 43.60139 ], [ -115.95617, 43.598182 ], [ -115.953606, 43.593224 ], [ -115.954316, 43.591169 ], [ -115.955859, 43.589674 ], [ -115.963715, 43.589092 ], [ -115.972336, 43.59104 ], [ -115.975767, 43.591338 ], [ -115.978107, 43.590354 ], [ -115.978911, 43.586972 ], [ -115.980349, 43.585806 ], [ -115.996585, 43.597852 ], [ -116.010406, 43.608311 ], [ -116.024877, 43.619 ], [ -116.054148, 43.64065 ], [ -116.059089, 43.644304 ], [ -116.070554, 43.652782 ], [ -116.087437, 43.66532 ], [ -116.093912, 43.670115 ], [ -116.104846, 43.678203 ], [ -116.109584, 43.681711 ], [ -116.115458, 43.68606 ], [ -116.122476, 43.691256 ], [ -116.126339, 43.691257 ], [ -116.198231, 43.691838 ], [ -116.201993, 43.691884 ], [ -116.201453, 43.691389 ], [ -116.221119, 43.69202 ], [ -116.221403, 43.690202 ], [ -116.218153, 43.686889 ], [ -116.213153, 43.683689 ], [ -116.210253, 43.676689 ], [ -116.212753, 43.670689 ], [ -116.212953, 43.667089 ], [ -116.207452, 43.664589 ], [ -116.206179, 43.66175 ], [ -116.202899, 43.655996 ], [ -116.201552, 43.65229 ], [ -116.199352, 43.64959 ], [ -116.206351, 43.643946 ], [ -116.206515, 43.643741 ], [ -116.208075, 43.64021 ], [ -116.208083, 43.63888 ], [ -116.213065, 43.638923 ], [ -116.214452, 43.638889 ], [ -116.214447, 43.63784 ], [ -116.214415, 43.637211 ], [ -116.214452, 43.635389 ], [ -116.223252, 43.635389 ], [ -116.223252, 43.631889 ], [ -116.221752, 43.630889 ], [ -116.223752, 43.628689 ], [ -116.223652, 43.626089 ], [ -116.223752, 43.622489 ], [ -116.223652, 43.621589 ], [ -116.227852, 43.621589 ], [ -116.230252, 43.620489 ], [ -116.23063, 43.620327 ], [ -116.230952, 43.620189 ], [ -116.231852, 43.619689 ], [ -116.233852, 43.618889 ], [ -116.236352, 43.618489 ], [ -116.237453, 43.618589 ], [ -116.238153, 43.618489 ], [ -116.238153, 43.618289 ], [ -116.238155, 43.618163 ], [ -116.238158, 43.617991 ], [ -116.238152, 43.615089 ], [ -116.238252, 43.613289 ], [ -116.243353, 43.613289 ], [ -116.243353, 43.609489 ], [ -116.243353, 43.608689 ], [ -116.243353, 43.607789 ], [ -116.243252, 43.604289 ], [ -116.243152, 43.604089 ], [ -116.243152, 43.598689 ], [ -116.243252, 43.597189 ], [ -116.243252, 43.596889 ], [ -116.243209, 43.595886 ], [ -116.243098, 43.595131 ], [ -116.243125, 43.593251 ], [ -116.243408, 43.589681 ], [ -116.242323, 43.578305 ], [ -116.243152, 43.575089 ], [ -116.239451, 43.573489 ], [ -116.233119, 43.572277 ], [ -116.217358, 43.571758 ], [ -116.21525, 43.57129 ], [ -116.19696, 43.56663 ], [ -116.19615, 43.56639 ], [ -116.190649, 43.56319 ], [ -116.178149, 43.55439 ], [ -116.176148, 43.55289 ], [ -116.166067, 43.545744 ], [ -116.163548, 43.54399 ], [ -116.162948, 43.54349 ], [ -116.161348, 43.54229 ], [ -116.158959, 43.5394 ], [ -116.157181, 43.536004 ], [ -116.156975, 43.535571 ], [ -116.152761, 43.52684 ], [ -116.150887, 43.523093 ], [ -116.150375, 43.521945 ], [ -116.145246, 43.511391 ], [ -116.140146, 43.504191 ], [ -116.124788, 43.49061 ], [ -116.124422, 43.490374 ], [ -116.106593, 43.479594 ], [ -116.10433, 43.477651 ], [ -116.09462, 43.465945 ], [ -116.091887, 43.463361 ], [ -116.063409, 43.436608 ], [ -116.055533, 43.431119 ], [ -116.037493, 43.421671 ], [ -116.030278, 43.417003 ], [ -116.025951, 43.413549 ], [ -116.008555, 43.396595 ], [ -115.997354, 43.385502 ], [ -115.996225, 43.384428 ], [ -115.974931, 43.364554 ], [ -115.97477, 43.292555 ], [ -115.974763, 43.291359 ], [ -115.974737, 43.285878 ], [ -115.976573, 43.28575 ], [ -115.97653, 43.249891 ], [ -115.977173, 43.217317 ], [ -115.977154, 43.216018 ], [ -115.977252, 43.202014 ], [ -115.977711333333346, 43.200871666666671 ], [ -115.978623, 43.200294 ], [ -115.978716, 43.178247 ], [ -115.978676, 43.120142 ], [ -115.978695, 43.113421 ], [ -115.998614, 43.113122 ], [ -116.010928, 43.113077 ], [ -116.144411, 43.112974 ], [ -116.150367, 43.112977 ], [ -116.155878, 43.112983 ], [ -116.155876, 43.112258 ], [ -116.213328, 43.112273 ], [ -116.266168, 43.112553 ], [ -116.267466, 43.10816 ], [ -116.266902, 43.106557 ], [ -116.260692, 43.103232 ], [ -116.25329, 43.100029 ], [ -116.250938, 43.099847 ], [ -116.243148, 43.097818 ], [ -116.241023, 43.096951 ], [ -116.238455, 43.095069 ], [ -116.235046, 43.094816 ], [ -116.223126, 43.09666 ], [ -116.21799, 43.096102 ], [ -116.210025, 43.094419 ], [ -116.204634, 43.092894 ], [ -116.202948, 43.09185 ], [ -116.200027, 43.089347 ], [ -116.192195, 43.084118 ], [ -116.192044, 43.081355 ], [ -116.19407, 43.079113 ], [ -116.205255, 43.071495 ], [ -116.207422, 43.068665 ], [ -116.208039, 43.065877 ], [ -116.20791, 43.06375 ], [ -116.206848, 43.061817 ], [ -116.206202, 43.059199 ], [ -116.205522, 43.052706 ], [ -116.204739, 43.05195 ], [ -116.200621, 43.048917 ], [ -116.190063, 43.044971 ], [ -116.183534, 43.04318 ], [ -116.176887, 43.042509 ], [ -116.173793, 43.039805 ], [ -116.169911, 43.037874 ], [ -116.16778, 43.037803 ], [ -116.158141, 43.03947 ], [ -116.153749, 43.039674 ], [ -116.14875, 43.038751 ], [ -116.145979, 43.037391 ], [ -116.141536, 43.034565 ], [ -116.139706, 43.031803 ], [ -116.139614, 43.029933 ], [ -116.1403, 43.02775 ], [ -116.141922, 43.025984 ], [ -116.148642, 43.021622 ], [ -116.14968, 43.019631 ], [ -116.14974, 43.01719 ], [ -116.148859, 43.015893 ], [ -116.144176, 43.013438 ], [ -116.138577, 43.013248 ], [ -116.132674, 43.014767 ], [ -116.127559, 43.015043 ], [ -116.118038, 43.012541 ], [ -116.112904, 43.008759 ], [ -116.109338, 43.00446 ], [ -116.104644, 42.999891 ], [ -116.10021, 42.99701 ], [ -116.09705, 42.995642 ], [ -116.090681, 42.987826 ], [ -116.086794, 42.987933 ], [ -116.078849, 42.98698 ], [ -116.07584, 42.985959 ], [ -116.072472, 42.986106 ], [ -116.062654, 42.987743 ], [ -116.053039, 42.987249 ], [ -116.048587, 42.984195 ], [ -116.040906, 42.975155 ], [ -116.037878, 42.971139 ], [ -116.035728, 42.966699 ], [ -116.031607, 42.961677 ], [ -116.023221, 42.957474 ], [ -116.021036, 42.955253 ], [ -116.01349, 42.950505 ], [ -116.010867, 42.949629 ], [ -116.000926, 42.948746 ], [ -115.99855, 42.948221 ], [ -115.993882, 42.948694 ], [ -115.980007, 42.94771 ], [ -115.965669, 42.943725 ], [ -115.964999, 42.944297 ], [ -115.961209, 42.952103 ], [ -115.960975, 42.952975 ], [ -115.962059, 42.956588 ], [ -115.971322, 42.969723 ], [ -115.971571, 42.971016 ], [ -115.97114, 42.972281 ], [ -115.96772, 42.976011 ], [ -115.967366, 42.977381 ], [ -115.967896, 42.979711 ], [ -115.967035, 42.981887 ], [ -115.963908, 42.986568 ], [ -115.962094, 42.988315 ], [ -115.960491, 42.989168 ], [ -115.956641, 42.990116 ], [ -115.953553, 42.992685 ], [ -115.947158, 42.99392 ], [ -115.944349, 42.994925 ], [ -115.942438, 42.9961 ], [ -115.939278, 42.999893 ], [ -115.938031, 43.000796 ], [ -115.93495, 43.001703 ], [ -115.928436, 43.001784 ], [ -115.925188, 43.00094 ], [ -115.91805, 42.995259 ], [ -115.917015, 42.993573 ], [ -115.916725, 42.991864 ], [ -115.917649, 42.988181 ], [ -115.916669, 42.986439 ], [ -115.906885, 42.982468 ], [ -115.903238, 42.981891 ], [ -115.89642, 42.982277 ], [ -115.893281, 42.983401 ], [ -115.889233, 42.986893 ], [ -115.885786, 42.988114 ], [ -115.878624, 42.989103 ], [ -115.869739, 42.984299 ], [ -115.867895, 42.982695 ], [ -115.866159, 42.97625 ], [ -115.86436, 42.974694 ], [ -115.856296, 42.972948 ], [ -115.848363, 42.970018 ], [ -115.843943, 42.969853 ], [ -115.838787, 42.970727 ], [ -115.831206, 42.973016 ], [ -115.826718, 42.973422 ], [ -115.815967, 42.972944 ], [ -115.810065, 42.973912 ], [ -115.806203, 42.973884 ], [ -115.793499, 42.973241 ], [ -115.791273, 42.972585 ], [ -115.789639, 42.971133 ], [ -115.7885, 42.969046 ], [ -115.785919, 42.961519 ], [ -115.787555, 42.959193 ], [ -115.796007, 42.952027 ], [ -115.796031, 42.948926 ], [ -115.790945, 42.945906 ], [ -115.787328, 42.944718 ], [ -115.78154, 42.943663 ], [ -115.76991, 42.93895 ], [ -115.764264, 42.939127 ], [ -115.754453, 42.937694 ], [ -115.751317, 42.938137 ], [ -115.749382, 42.938356 ], [ -115.743874, 42.941655 ], [ -115.740118, 42.943079 ], [ -115.738203, 42.942888 ], [ -115.73334, 42.939544 ], [ -115.729673, 42.938487 ], [ -115.727872, 42.938748 ], [ -115.723432, 42.940521 ], [ -115.708071, 42.939551 ], [ -115.691976, 42.939458 ], [ -115.663861, 42.945201 ], [ -115.655314, 42.948808 ], [ -115.649207, 42.952604 ], [ -115.641066, 42.95536 ], [ -115.633345, 42.95633 ], [ -115.628093, 42.956466 ], [ -115.624025, 42.956299 ], [ -115.614403, 42.951759 ], [ -115.61229, 42.949746 ], [ -115.611361, 42.945909 ], [ -115.60373, 42.937249 ], [ -115.590722, 42.936714 ], [ -115.579739, 42.937182 ], [ -115.570204, 42.935729 ], [ -115.567557, 42.934559 ], [ -115.561608, 42.934531 ], [ -115.559234, 42.935202 ], [ -115.556154, 42.938749 ], [ -115.551145, 42.940582 ], [ -115.53508, 42.94257 ], [ -115.528203, 42.94147 ], [ -115.519704, 42.938875 ], [ -115.515529, 42.937339 ], [ -115.51034, 42.933844 ], [ -115.509175, 42.931634 ], [ -115.500908, 42.927352 ], [ -115.497201, 42.926463 ], [ -115.492353, 42.926871 ], [ -115.484078, 42.929788 ], [ -115.476314, 42.928048 ], [ -115.471981, 42.927702 ], [ -115.462882, 42.928772 ], [ -115.459712, 42.928864 ], [ -115.455624, 42.928245 ], [ -115.451069, 42.928783 ], [ -115.447262, 42.93032 ], [ -115.441574, 42.930655 ], [ -115.441625, 42.901088 ], [ -115.441599, 42.89576 ], [ -115.441561, 42.883061 ], [ -115.441559, 42.880162 ], [ -115.441514, 42.851144 ], [ -115.454459, 42.85127 ], [ -115.454427, 42.845569 ], [ -115.454328, 42.826741 ], [ -115.454313, 42.823963 ], [ -115.454313, 42.767733 ], [ -115.363665, 42.767804 ], [ -115.280831, 42.767798 ], [ -115.2659, 42.767833 ], [ -115.232688, 42.767999 ], [ -115.226754, 42.767999 ], [ -115.11629, 42.768374 ], [ -115.090076, 42.768367 ], [ -115.07393, 42.768407 ], [ -115.0593, 42.768443 ], [ -115.037716, 42.76848 ], [ -115.037712, 42.76533 ], [ -115.037693, 42.752702 ], [ -115.03755, 42.748562 ], [ -115.03755, 42.724242 ], [ -115.037706, 42.687219 ], [ -115.037691, 42.681444 ], [ -115.037612, 42.649214 ], [ -115.037578, 42.635329 ], [ -115.03743, 42.622253 ], [ -115.037537, 42.585455 ], [ -115.037691, 42.556748 ], [ -115.037759, 42.523209 ], [ -115.037828, 42.50126 ], [ -115.037313, 42.468326 ], [ -115.037854, 42.458979 ], [ -115.037829, 42.347236 ], [ -115.037861, 42.301361 ], [ -115.038224, 42.053663 ], [ -115.038255999237251, 41.996012374207304 ], [ -115.242038141216952, 41.996150082447059 ], [ -115.250795, 41.996156 ], [ -115.254333, 41.996721 ], [ -115.254621557937924, 41.996718005091914 ], [ -115.254933417773643, 41.996714768336304 ], [ -115.311257212782635, 41.996130190455858 ], [ -115.313877, 41.996103 ], [ -115.340001300460543, 41.996177744217952 ], [ -115.352238730325467, 41.996212756720034 ], [ -115.363476390665582, 41.996244908782266 ], [ -115.586849, 41.996884 ], [ -115.614098363150219, 41.997254393237782 ], [ -115.618055163221584, 41.997308176953062 ], [ -115.625914, 41.997415 ], [ -115.710163909469401, 41.9971911539985 ], [ -115.731868494817761, 41.997133486463021 ], [ -115.870181, 41.996766 ], [ -115.879596, 41.997891 ], [ -115.887612, 41.998048 ], [ -115.911881662857397, 41.998166820326318 ], [ -115.98688, 41.998534 ], [ -116.012212, 41.998035 ], [ -116.012219, 41.998048 ], [ -116.018945, 41.997722 ], [ -116.01896, 41.997762 ], [ -116.030758, 41.997383 ], [ -116.030754, 41.997399 ], [ -116.03857, 41.997413 ], [ -116.038602, 41.99746 ], [ -116.160833, 41.997508 ], [ -116.163931, 41.997555 ], [ -116.270694336112911, 41.997382996899745 ], [ -116.332763, 41.997283 ], [ -116.334115134999692, 41.99724506525915 ], [ -116.368478, 41.996281 ], [ -116.37817894691338, 41.996308148362722 ], [ -116.378179124060495, 41.996308148858539 ], [ -116.463528, 41.996547 ], [ -116.483094, 41.996885 ], [ -116.485823, 41.996861 ], [ -116.499777, 41.99674 ], [ -116.501741, 41.997334 ], [ -116.510452, 41.997096 ], [ -116.525319, 41.997558 ], [ -116.582217, 41.997834 ], [ -116.586937, 41.99737 ], [ -116.625947, 41.997379 ], [ -116.62677, 41.99775 ], [ -116.969156, 41.998991 ], [ -117.009255, 41.998127 ], [ -117.018294, 41.999358 ], [ -117.026222, 42.000252 ], [ -117.026098, 42.117647 ], [ -117.02659, 42.133258 ], [ -117.026224532127813, 42.16392584326961 ], [ -117.026195, 42.166404 ], [ -117.026145145896649, 42.310519371570997 ], [ -117.026140322232507, 42.324463342167221 ], [ -117.026129, 42.357193 ], [ -117.026551, 42.378557 ], [ -117.026631374066397, 42.552222091299811 ], [ -117.026665, 42.624878 ], [ -117.026659789999542, 42.627719119312552 ], [ -117.026331, 42.807015 ], [ -117.026303, 42.80717 ], [ -117.026253, 42.807447 ], [ -117.026683, 43.024876 ], [ -117.026652, 43.025128 ], [ -117.026662011253819, 43.083959878632882 ], [ -117.026690782784641, 43.253037922135377 ], [ -117.026695409563516, 43.280227532796943 ], [ -117.026697540146131, 43.292748060163063 ], [ -117.026710438404976, 43.36854563865429 ], [ -117.026722563620083, 43.43980036814164 ], [ -117.026729290935307, 43.479333936927937 ], [ -117.026743778835723, 43.564473162758787 ], [ -117.026743812408014, 43.564670452643639 ], [ -117.026745382321067, 43.573896163851849 ], [ -117.026746, 43.577526 ], [ -117.026774, 43.578674 ], [ -117.026922, 43.593632 ], [ -117.026889, 43.596033 ], [ -117.026824, 43.600357 ], [ -117.02676, 43.601912 ], [ -117.026789, 43.610669 ], [ -117.026937, 43.617614 ], [ -117.027001, 43.621032 ], [ -117.026915302918553, 43.624467024681422 ], [ -117.026905, 43.62488 ], [ -117.026705, 43.631659 ], [ -117.026661, 43.664385 ], [ -117.026717, 43.675523 ], [ -117.026622774788137, 43.680901749117574 ], [ -117.026586, 43.683001 ], [ -117.026697719984796, 43.693842045555392 ], [ -117.026825, 43.706193 ], [ -117.026725, 43.714815 ], [ -117.026841, 43.732905 ], [ -117.026651, 43.733935 ], [ -117.026644772444754, 43.761105090825382 ], [ -117.0266408600761, 43.778174295053631 ], [ -117.026634690142828, 43.805092988040542 ], [ -117.026634314421798, 43.806732214779238 ], [ -117.026634308377979, 43.806758583177725 ], [ -117.026634, 43.808104 ], [ -117.026661637355573, 43.81222557680892 ], [ -117.026751432876878, 43.825616841292195 ], [ -117.026779756363169, 43.829840741221624 ], [ -117.026870719380597, 43.832478675777992 ], [ -117.026143013478418, 43.834479869212331 ], [ -117.022674419853104, 43.841559424473104 ], [ -117.017122984030763, 43.852890154136347 ], [ -117.015771563826789, 43.855648463424771 ], [ -117.013953935651031, 43.859358324107063 ], [ -117.010770224752847, 43.862269151241271 ], [ -117.008977737882091, 43.862631629364458 ], [ -117.005002858633546, 43.863435432612974 ], [ -117.000671929673445, 43.864311236517963 ], [ -116.999061, 43.864637 ], [ -116.997391, 43.864874 ], [ -116.991415, 43.863864 ], [ -116.989598, 43.864301 ], [ -116.986872388607196, 43.865696555607983 ], [ -116.98294, 43.86771 ], [ -116.982347, 43.86884 ], [ -116.980453246856371, 43.876839107853876 ], [ -116.979708956948002, 43.879982946992428 ], [ -116.97632834810851, 43.894262450532558 ], [ -116.976289995515756, 43.894424449749273 ], [ -116.976131163596207, 43.895095346935342 ], [ -116.976024, 43.895548 ], [ -116.976429, 43.901293 ], [ -116.977332, 43.905812 ], [ -116.976679387602317, 43.906563900287971 ], [ -116.967893135377167, 43.91668688538789 ], [ -116.966255974679584, 43.918573122309333 ], [ -116.963665773426825, 43.921362575306986 ], [ -116.962470297707569, 43.928336204905278 ], [ -116.962698693653564, 43.932980269084872 ], [ -116.963327966481032, 43.945775519826391 ], [ -116.963665773426825, 43.952644280696433 ], [ -116.966255974679584, 43.955832227531062 ], [ -116.96776868596082, 43.956639005708496 ], [ -116.969244675561029, 43.957426199017796 ], [ -116.970240909188149, 43.958621678598156 ], [ -116.971237150537576, 43.960215653946122 ], [ -116.971834884536051, 43.96280585519888 ], [ -116.971436384907378, 43.964997572267457 ], [ -116.969842417281768, 43.967587773520265 ], [ -116.966314, 43.968884 ], [ -116.957527, 43.972443 ], [ -116.946114734027773, 43.984236046979461 ], [ -116.942944140237842, 43.987512430618615 ], [ -116.942346398517103, 43.989106405966496 ], [ -116.940215685889939, 43.997314692432859 ], [ -116.939028890299497, 44.00188666429765 ], [ -116.93901688261154, 44.001932922315518 ], [ -116.936765, 44.010608 ], [ -116.936432212909352, 44.012161152382234 ], [ -116.934485, 44.021249 ], [ -116.934727, 44.023806 ], [ -116.935152778594713, 44.024712916547806 ], [ -116.937342, 44.029376 ], [ -116.943361, 44.035645 ], [ -116.950293587548387, 44.039541991200075 ], [ -116.955733102163791, 44.042599686532583 ], [ -116.95574133178367, 44.042604312619972 ], [ -116.955960074101441, 44.04272727347437 ], [ -116.956019310576437, 44.042760571866935 ], [ -116.956246, 44.042888 ], [ -116.972041941045859, 44.048603802753938 ], [ -116.972504, 44.048771 ], [ -116.973185, 44.049425 ], [ -116.973906128303597, 44.053102667570045 ], [ -116.974016, 44.053663 ], [ -116.974560219017675, 44.058836099573895 ], [ -116.975072163164043, 44.063702408834573 ], [ -116.975622770806453, 44.068936235782537 ], [ -116.976928603455988, 44.081348889702632 ], [ -116.977238480915659, 44.084294444529966 ], [ -116.977324305849848, 44.085110257495046 ], [ -116.977351, 44.085364 ], [ -116.977186170694182, 44.085519944059207 ], [ -116.974438484198828, 44.088119514465241 ], [ -116.974253, 44.088295 ], [ -116.974040936399334, 44.088374441130391 ], [ -116.971640746490479, 44.089273576101974 ], [ -116.967530093903719, 44.090813467375952 ], [ -116.967203, 44.090936 ], [ -116.967003732696909, 44.090951774839489 ], [ -116.966897380563978, 44.090960194122502 ], [ -116.957009, 44.091743 ], [ -116.943920509076591, 44.093928345065187 ], [ -116.943132, 44.09406 ], [ -116.941871857892494, 44.09474585797544 ], [ -116.940545079997918, 44.095467983833458 ], [ -116.93904845428581, 44.096282552821208 ], [ -116.937835, 44.096943 ], [ -116.933704, 44.100039 ], [ -116.928306, 44.107326 ], [ -116.927688, 44.109438 ], [ -116.916674274038655, 44.124994970288405 ], [ -116.916565903797874, 44.125148044063913 ], [ -116.916250623165425, 44.125593380315173 ], [ -116.913443944798118, 44.129557834499188 ], [ -116.913383566296133, 44.129643119584834 ], [ -116.897174396877503, 44.152538692611614 ], [ -116.895931, 44.154295 ], [ -116.894309, 44.158114 ], [ -116.894083, 44.160191 ], [ -116.894231166220877, 44.161171339941632 ], [ -116.895757, 44.171267 ], [ -116.900103, 44.176851 ], [ -116.902752, 44.179467 ], [ -116.903435484688032, 44.179831595608491 ], [ -116.90381809384202, 44.180035693256606 ], [ -116.925392, 44.191544 ], [ -116.925832378394617, 44.19164994318556 ], [ -116.935443, 44.193962 ], [ -116.939297150847906, 44.193771222939759 ], [ -116.939447669300975, 44.193763772409412 ], [ -116.940534, 44.19371 ], [ -116.940910270884501, 44.193548001120703 ], [ -116.945256, 44.191677 ], [ -116.947591, 44.191264 ], [ -116.965498, 44.194126 ], [ -116.967259, 44.194581 ], [ -116.971675, 44.197256 ], [ -116.973701, 44.208017 ], [ -116.973945, 44.225932 ], [ -116.9738243515243, 44.226523705785404 ], [ -116.972367228589334, 44.233669988121278 ], [ -116.972074361004445, 44.235106321596277 ], [ -116.971958, 44.235677 ], [ -116.972436366191118, 44.236976501086062 ], [ -116.972823852741072, 44.238029123955137 ], [ -116.973542, 44.23998 ], [ -116.975642468252317, 44.242525806633381 ], [ -116.975905, 44.242844 ], [ -116.976575082978854, 44.243004905470478 ], [ -116.981880327578111, 44.244278841542467 ], [ -116.98687, 44.245477 ], [ -117.001, 44.245386 ], [ -117.016921, 44.245391 ], [ -117.020231, 44.246063 ], [ -117.025277, 44.248505 ], [ -117.027558, 44.248881 ], [ -117.031862, 44.248635 ], [ -117.03585, 44.246805 ], [ -117.042283, 44.242775 ], [ -117.045513, 44.232005 ], [ -117.045903693826588, 44.231434218767191 ], [ -117.046680315230091, 44.230299619518561 ], [ -117.046880100209606, 44.230007745142515 ], [ -117.046946111349186, 44.22991130666032 ], [ -117.047062, 44.229742 ], [ -117.047474445617723, 44.229616407210884 ], [ -117.047813821571552, 44.229513064683388 ], [ -117.049710817749329, 44.228935415096011 ], [ -117.050057, 44.22883 ], [ -117.050410155486063, 44.228859221745566 ], [ -117.052471333677914, 44.229029773321486 ], [ -117.05303, 44.229076 ], [ -117.053457501910287, 44.229296875986996 ], [ -117.05651, 44.230874 ], [ -117.059352, 44.237244 ], [ -117.067284, 44.24401 ], [ -117.067484885412142, 44.244116651165449 ], [ -117.074237318303844, 44.247701554765527 ], [ -117.07835, 44.249885 ], [ -117.089503, 44.258234 ], [ -117.090933, 44.260311 ], [ -117.093578, 44.269383 ], [ -117.09457, 44.270978 ], [ -117.098531, 44.275533 ], [ -117.102242, 44.278799 ], [ -117.104208, 44.27994 ], [ -117.107673, 44.280763 ], [ -117.111617, 44.280667 ], [ -117.113119418310916, 44.280262818726584 ], [ -117.11543960449994, 44.279638641157796 ], [ -117.118018, 44.278945 ], [ -117.121037, 44.277585 ], [ -117.130904, 44.269453 ], [ -117.13253, 44.267045 ], [ -117.133104, 44.264236 ], [ -117.133984, 44.262972 ], [ -117.138523, 44.25937 ], [ -117.143394, 44.258262 ], [ -117.15706, 44.25749 ], [ -117.170342, 44.25889 ], [ -117.193129, 44.270963 ], [ -117.198147, 44.273828 ], [ -117.216974, 44.288357 ], [ -117.222647, 44.297578 ], [ -117.222451, 44.298963 ], [ -117.220069, 44.301382 ], [ -117.217843, 44.30718 ], [ -117.216795, 44.308236 ], [ -117.21521, 44.309116 ], [ -117.2055, 44.311789 ], [ -117.203323, 44.313024 ], [ -117.192203, 44.32863 ], [ -117.191546, 44.329621 ], [ -117.189842, 44.335007 ], [ -117.189769, 44.336585 ], [ -117.196149, 44.346362 ], [ -117.197339, 44.347406 ], [ -117.206962, 44.355206 ], [ -117.210587, 44.357703 ], [ -117.216911, 44.360163 ], [ -117.227938, 44.367975 ], [ -117.235117, 44.373853 ], [ -117.243027, 44.390974 ], [ -117.242675, 44.396548 ], [ -117.234835, 44.399669 ], [ -117.22698, 44.405583 ], [ -117.225461, 44.407729 ], [ -117.218285, 44.420664 ], [ -117.215072, 44.427162 ], [ -117.214637, 44.44803 ], [ -117.215573, 44.453746 ], [ -117.217015, 44.459042 ], [ -117.221548, 44.470146 ], [ -117.224445, 44.473884 ], [ -117.224706984017587, 44.474550233537435 ], [ -117.225443020816428, 44.476421998100605 ], [ -117.225758, 44.477223 ], [ -117.225932, 44.479389 ], [ -117.225723689288017, 44.480108596700134 ], [ -117.225076, 44.482346 ], [ -117.224104, 44.483734 ], [ -117.223502948400579, 44.483922586546861 ], [ -117.221492084778831, 44.484553517114094 ], [ -117.216372, 44.48616 ], [ -117.211148, 44.485359 ], [ -117.208936, 44.485661 ], [ -117.200237, 44.492027 ], [ -117.194317, 44.499884 ], [ -117.192494, 44.503272 ], [ -117.191329, 44.506784 ], [ -117.19163, 44.509886 ], [ -117.189759, 44.513385 ], [ -117.185386, 44.519261 ], [ -117.181583, 44.52296 ], [ -117.167187, 44.523431 ], [ -117.161033, 44.525166 ], [ -117.152406, 44.531802 ], [ -117.149242, 44.536151 ], [ -117.144161, 44.545647 ], [ -117.14293, 44.557236 ], [ -117.147934, 44.562143 ], [ -117.148255, 44.564371 ], [ -117.146032, 44.568603 ], [ -117.14248, 44.57143 ], [ -117.138066, 44.572996 ], [ -117.133963, 44.57524 ], [ -117.126009, 44.581553 ], [ -117.124754, 44.583834 ], [ -117.125267, 44.593818 ], [ -117.121378935824623, 44.610894345082166 ], [ -117.120522, 44.614658 ], [ -117.117809, 44.620139 ], [ -117.114754, 44.624883 ], [ -117.108231, 44.62711 ], [ -117.098221, 44.640689 ], [ -117.094968, 44.652011 ], [ -117.096791, 44.657385 ], [ -117.095868, 44.664737 ], [ -117.091223, 44.668807 ], [ -117.082035348509891, 44.682304962011258 ], [ -117.080772, 44.684161 ], [ -117.080555, 44.686714 ], [ -117.07912, 44.692175 ], [ -117.072221, 44.700517 ], [ -117.063824, 44.703623 ], [ -117.061799, 44.706654 ], [ -117.060454, 44.721668 ], [ -117.062273, 44.727143 ], [ -117.047181543227367, 44.742185143749332 ], [ -117.044217, 44.74514 ], [ -117.03827, 44.748179 ], [ -117.015115813673901, 44.756375892347485 ], [ -117.014403754132445, 44.75662797097042 ], [ -117.013802, 44.756841 ], [ -117.012754124597109, 44.756730633337099 ], [ -117.006045, 44.756024 ], [ -117.005121976530759, 44.756070267488397 ], [ -116.999453778992574, 44.756354391643889 ], [ -116.998903, 44.756382 ], [ -116.997150266881079, 44.757093254019267 ], [ -116.992817760147545, 44.758851372693719 ], [ -116.992003, 44.759182 ], [ -116.991264300881298, 44.759611576164509 ], [ -116.988542885778585, 44.761194162405808 ], [ -116.986502, 44.762381 ], [ -116.977802, 44.767981 ], [ -116.972902, 44.772581 ], [ -116.970902, 44.773881 ], [ -116.966801, 44.775181 ], [ -116.949001, 44.777981 ], [ -116.9368, 44.782881 ], [ -116.9347, 44.783881 ], [ -116.9318, 44.787181 ], [ -116.9307, 44.789881 ], [ -116.9308, 44.790981 ], [ -116.933099, 44.794481 ], [ -116.933799, 44.796781 ], [ -116.933699, 44.798781 ], [ -116.931099, 44.804781 ], [ -116.928099, 44.808381 ], [ -116.920498, 44.81438 ], [ -116.905771, 44.834794 ], [ -116.903557519586386, 44.837940573291178 ], [ -116.901650798206987, 44.840651073248331 ], [ -116.896249, 44.84833 ], [ -116.883598, 44.858268 ], [ -116.865338, 44.870599 ], [ -116.857038, 44.880769 ], [ -116.852427, 44.887577 ], [ -116.850512, 44.893523 ], [ -116.846061, 44.905249 ], [ -116.842108, 44.914922 ], [ -116.838467, 44.923601 ], [ -116.833632, 44.928976 ], [ -116.832176, 44.931373 ], [ -116.83199, 44.933007 ], [ -116.835702, 44.940633 ], [ -116.846461, 44.951521 ], [ -116.850737, 44.958113 ], [ -116.851406, 44.959841 ], [ -116.857694332609782, 44.977066315328948 ], [ -116.858204303359713, 44.978463252724111 ], [ -116.858313, 44.978761 ], [ -116.857952046992011, 44.980042973576133 ], [ -116.856754, 44.984298 ], [ -116.846103, 44.999878 ], [ -116.844625, 45.001435 ], [ -116.844796, 45.015312 ], [ -116.845847, 45.01847 ], [ -116.848037, 45.021728 ], [ -116.847944, 45.022602 ], [ -116.841314, 45.030907 ], [ -116.830115, 45.035317 ], [ -116.825133, 45.03784 ], [ -116.808576, 45.050652 ], [ -116.797329, 45.060267 ], [ -116.785027280309123, 45.075356230298574 ], [ -116.78371, 45.076972 ], [ -116.783808123230529, 45.079021930261305 ], [ -116.784244, 45.088128 ], [ -116.783537, 45.093605 ], [ -116.782492, 45.09579 ], [ -116.774847, 45.105536 ], [ -116.754643, 45.113972 ], [ -116.731216, 45.139934 ], [ -116.729607, 45.142091 ], [ -116.728757, 45.144381 ], [ -116.724188, 45.162924 ], [ -116.724205, 45.171501 ], [ -116.709536, 45.203015 ], [ -116.708546, 45.207356 ], [ -116.70975, 45.217243 ], [ -116.709373, 45.219463 ], [ -116.703607, 45.239757 ], [ -116.696047, 45.254679 ], [ -116.691388, 45.263739 ], [ -116.687027, 45.267857 ], [ -116.681013, 45.27072 ], [ -116.675587, 45.274867 ], [ -116.674493, 45.276349 ], [ -116.672812079540989, 45.282875937736797 ], [ -116.672733, 45.283183 ], [ -116.672722891781504, 45.283285057539381 ], [ -116.672163, 45.288938 ], [ -116.672594, 45.298023 ], [ -116.674648, 45.314342 ], [ -116.673793, 45.321511 ], [ -116.653252, 45.351084 ], [ -116.641374497797273, 45.367572573533842 ], [ -116.641056816331243, 45.368013584962334 ], [ -116.626633, 45.388037 ], [ -116.619057, 45.39821 ], [ -116.613532916435531, 45.40193191840342 ], [ -116.597447, 45.41277 ], [ -116.592416, 45.427356 ], [ -116.588405166998768, 45.442145055870988 ], [ -116.588195, 45.44292 ], [ -116.58760990308113, 45.443440773185984 ], [ -116.581382, 45.448984 ], [ -116.575949, 45.452522 ], [ -116.563985, 45.460169 ], [ -116.561744, 45.461213 ], [ -116.554829, 45.46293 ], [ -116.55498, 45.472801 ], [ -116.558803, 45.480076 ], [ -116.558804, 45.481188 ], [ -116.553473, 45.499107 ], [ -116.548676, 45.510385 ], [ -116.543837, 45.514193 ], [ -116.535482, 45.525079 ], [ -116.523638, 45.54661 ], [ -116.513272337841386, 45.556536851443717 ], [ -116.502756, 45.566608 ], [ -116.498992584760927, 45.568988148244877 ], [ -116.490279, 45.574499 ], [ -116.490000127534302, 45.574594730061058 ], [ -116.483408409449211, 45.576857504814853 ], [ -116.48297, 45.577008 ], [ -116.482493268059756, 45.577421136734955 ], [ -116.482321828685372, 45.577569706397313 ], [ -116.481943, 45.577898 ], [ -116.465929151630746, 45.599666442449475 ], [ -116.464072304679533, 45.602190549401321 ], [ -116.463635, 45.602785 ], [ -116.463632531581339, 45.603029957576886 ], [ -116.463509097210434, 45.6152791699554 ], [ -116.463504, 45.615785 ], [ -116.463968722888836, 45.616398958630406 ], [ -116.465111647646083, 45.617908909045035 ], [ -116.46517, 45.617986 ], [ -116.465218499854444, 45.618013347107251 ], [ -116.465262690086021, 45.618038264192386 ], [ -116.469813, 45.620604 ], [ -116.472882, 45.624884 ], [ -116.477451580929824, 45.63126721775145 ], [ -116.477725607597563, 45.631737136460686 ], [ -116.477773309724995, 45.631818939163864 ], [ -116.480665503200385, 45.636778660186657 ], [ -116.482495, 45.639916 ], [ -116.482669610853648, 45.640234659148128 ], [ -116.487673394941851, 45.649366402919512 ], [ -116.487894, 45.649769 ], [ -116.488291071231671, 45.650123699361998 ], [ -116.491870833995733, 45.653321462048758 ], [ -116.49451, 45.655679 ], [ -116.512326, 45.670224 ], [ -116.512429252267054, 45.670289802798472 ], [ -116.522764053776982, 45.676876184680403 ], [ -116.523961, 45.677639 ], [ -116.528272, 45.681473 ], [ -116.535136951801277, 45.691360881868711 ], [ -116.535396, 45.691734 ], [ -116.536395, 45.69665 ], [ -116.538014, 45.714929 ], [ -116.535698, 45.734231 ], [ -116.537173, 45.737288 ], [ -116.543880203666561, 45.746979803059489 ], [ -116.546643, 45.750972 ], [ -116.546852657244571, 45.751123361884559 ], [ -116.548275972203612, 45.752150923011854 ], [ -116.54897432088724, 45.752655095300618 ], [ -116.549085, 45.752735 ], [ -116.549322734345211, 45.752769783895914 ], [ -116.549772679971255, 45.752835617302551 ], [ -116.553548, 45.753388 ], [ -116.559444, 45.755189 ], [ -116.577422, 45.76753 ], [ -116.593004, 45.778541 ], [ -116.593606908308061, 45.778665078088984 ], [ -116.60504, 45.781018 ], [ -116.632032, 45.784979 ], [ -116.635814, 45.783642 ], [ -116.639641, 45.781274 ], [ -116.646342, 45.779815 ], [ -116.659629, 45.780016 ], [ -116.665344, 45.781998 ], [ -116.680139, 45.79359 ], [ -116.680380598667909, 45.794037773652285 ], [ -116.687007, 45.806319 ], [ -116.697192, 45.820135 ], [ -116.698079, 45.820852 ], [ -116.70845, 45.825117 ], [ -116.709180479356434, 45.825366125521974 ], [ -116.710796759861651, 45.825917348114153 ], [ -116.711822, 45.826267 ], [ -116.715527, 45.826773 ], [ -116.735649077620451, 45.826196725273299 ], [ -116.736268, 45.826179 ], [ -116.737801745209097, 45.825553938830133 ], [ -116.739567623799346, 45.824834274226838 ], [ -116.740486, 45.82446 ], [ -116.743182000427296, 45.822713552226887 ], [ -116.745219, 45.821394 ], [ -116.746590714760799, 45.820713501810836 ], [ -116.748267299823524, 45.819881759577008 ], [ -116.750978, 45.818537 ], [ -116.752837716604247, 45.817900122573604 ], [ -116.754699250627851, 45.817262622754832 ], [ -116.755288, 45.817061 ], [ -116.759787, 45.816167 ], [ -116.7634, 45.81658 ], [ -116.782676, 45.825376 ], [ -116.788329, 45.831928 ], [ -116.789066, 45.833471 ], [ -116.788923, 45.836741 ], [ -116.78752, 45.840204 ], [ -116.787792, 45.844267 ], [ -116.790151, 45.849851 ], [ -116.794370345464301, 45.856016965524269 ], [ -116.796051, 45.858473 ], [ -116.814142, 45.877551 ], [ -116.819182, 45.880938 ], [ -116.830003, 45.886405 ], [ -116.84355, 45.892273 ], [ -116.857254, 45.904159 ], [ -116.859795, 45.907264 ], [ -116.862365300154622, 45.910955878752205 ], [ -116.865523422964529, 45.915492083007564 ], [ -116.866544, 45.916958 ], [ -116.869655, 45.923799 ], [ -116.87457196178471, 45.941033150139212 ], [ -116.875706, 45.945008 ], [ -116.886843, 45.958617 ], [ -116.892935, 45.974396 ], [ -116.911409, 45.988912 ], [ -116.915989, 45.995413 ], [ -116.91718, 45.996575 ], [ -116.91868, 45.999875 ], [ -116.923005, 46.018293 ], [ -116.931706, 46.039651 ], [ -116.942656, 46.061 ], [ -116.948564, 46.067933 ], [ -116.957372, 46.075449 ], [ -116.960416, 46.076346 ], [ -116.96319, 46.075905 ], [ -116.970009, 46.076769 ], [ -116.978938, 46.080007 ], [ -116.980154605021696, 46.081981569261423 ], [ -116.981962, 46.084915 ], [ -116.982479, 46.089389 ], [ -116.982498, 46.091347 ], [ -116.981747, 46.092881 ], [ -116.978823, 46.095731 ], [ -116.976957, 46.09667 ], [ -116.974058, 46.097707 ], [ -116.959548, 46.099058 ], [ -116.955263, 46.102237 ], [ -116.951265, 46.111161 ], [ -116.95098, 46.118853 ], [ -116.950276, 46.123464 ], [ -116.948336, 46.125885 ], [ -116.947249956459473, 46.127283440423028 ], [ -116.936212882703273, 46.141495292450067 ], [ -116.935473, 46.142448 ], [ -116.922648, 46.160744 ], [ -116.921258, 46.164795 ], [ -116.92187, 46.167808 ], [ -116.923958, 46.17092 ], [ -116.941724, 46.185034 ], [ -116.948204655920961, 46.190173914161036 ], [ -116.952416, 46.193514 ], [ -116.962966, 46.19968 ], [ -116.965841, 46.203417 ], [ -116.966569, 46.207501 ], [ -116.96613, 46.209453 ], [ -116.959428, 46.219812 ], [ -116.956031, 46.225976 ], [ -116.955264, 46.23088 ], [ -116.958801, 46.24232 ], [ -116.964379, 46.253282 ], [ -116.965088985201035, 46.254375972118865 ], [ -116.965566235807856, 46.255111337950254 ], [ -116.966742, 46.256923 ], [ -116.970298, 46.261233 ], [ -116.972591, 46.263271 ], [ -116.976054, 46.26601 ], [ -116.987391, 46.272865 ], [ -116.991134, 46.276342 ], [ -116.991422, 46.278467 ], [ -116.990894, 46.280372 ], [ -116.98491, 46.289738 ], [ -116.98463, 46.292705 ], [ -116.986688, 46.296662 ], [ -116.989794, 46.299395 ], [ -116.996116062754012, 46.302575507327091 ], [ -116.99726, 46.303151 ], [ -117.000243404236713, 46.303778547673886 ], [ -117.000986, 46.303934749853354 ], [ -117.007486, 46.305302 ], [ -117.016413, 46.311236 ], [ -117.020663, 46.314793 ], [ -117.022293, 46.31747 ], [ -117.022939, 46.320175 ], [ -117.023424, 46.326427 ], [ -117.022706, 46.32899 ], [ -117.023149, 46.334759 ], [ -117.023844, 46.335976 ], [ -117.027744, 46.338751 ], [ -117.030672, 46.340315 ], [ -117.03445, 46.34132 ], [ -117.035888848444202, 46.341472777264656 ], [ -117.045469, 46.34249 ], [ -117.051735, 46.343833 ], [ -117.052921127787016, 46.344307116050473 ], [ -117.053797152905361, 46.344657278633115 ], [ -117.054617548623455, 46.344985205170076 ], [ -117.055983, 46.345531 ], [ -117.057883158311498, 46.346933574482449 ], [ -117.059449315447011, 46.348089610808813 ], [ -117.059982865656025, 46.348483443208842 ], [ -117.060213039055512, 46.348653342387557 ], [ -117.060703, 46.349015 ], [ -117.06263, 46.352522 ], [ -117.062748, 46.353624 ], [ -117.062785, 46.365287 ], [ -117.061045, 46.367747 ], [ -117.060734707710381, 46.368067843458405 ], [ -117.057516, 46.371396 ], [ -117.052801482685922, 46.374881999999708 ], [ -117.051775, 46.375641 ], [ -117.049474, 46.37682 ], [ -117.046915, 46.379577 ], [ -117.04381874315996, 46.38742396874482 ], [ -117.043799675720877, 46.3874722921257 ], [ -117.04195, 46.39216 ], [ -117.041737, 46.395195 ], [ -117.041461207528499, 46.396060693011137 ], [ -117.041461166244872, 46.396060822597512 ], [ -117.040669731396832, 46.39854508046345 ], [ -117.038282, 46.40604 ], [ -117.03683454915658, 46.407428031679117 ], [ -117.036455, 46.407792 ], [ -117.035545, 46.410012 ], [ -117.034696, 46.418318 ], [ -117.035633432028646, 46.420467160888848 ], [ -117.035634035186874, 46.420468543692067 ], [ -117.036562, 46.422596 ], [ -117.037981883055338, 46.4238315734124 ], [ -117.038518921109315, 46.424298900589996 ], [ -117.039635823258692, 46.425270821900604 ], [ -117.03977606034401, 46.425392855340839 ], [ -117.039813, 46.425425 ], [ -117.039806892341446, 46.4285873250451 ], [ -117.039795067868639, 46.434709610078293 ], [ -117.039783274656145, 46.440815709643012 ], [ -117.039752109270836, 46.456952020725261 ], [ -117.039741, 46.462704 ], [ -117.039763, 46.46957 ], [ -117.039771, 46.471779 ], [ -117.039656676323034, 46.541785241525801 ], [ -117.039581726217364, 46.587681029143148 ], [ -117.039527788219189, 46.620710027404371 ], [ -117.039527769019969, 46.620721784072309 ], [ -117.039432775621577, 46.678891106176351 ], [ -117.039398, 46.700186 ], [ -117.039405983464903, 46.702325884218283 ], [ -117.039466159216431, 46.718455364672273 ], [ -117.039480638641081, 46.722336422919383 ], [ -117.039518417120306, 46.732462548918896 ], [ -117.039518467516629, 46.732476057127592 ], [ -117.039536311212487, 46.73725887306189 ], [ -117.039641968751027, 46.765579270555307 ], [ -117.039667192195807, 46.772340150959749 ], [ -117.039828, 46.815443 ], [ -117.039657, 46.825798 ], [ -117.039657518622107, 46.826751036179616 ], [ -117.039675955282917, 46.860630820880559 ], [ -117.039682918474227, 46.873426599096689 ], [ -117.039704200547789, 46.91253520325963 ], [ -117.039731819205883, 46.96328811343615 ], [ -117.039734026087629, 46.967343548421979 ], [ -117.039738134382148, 46.974893078934336 ], [ -117.039762518396444, 47.019701906460142 ], [ -117.039777840063252, 47.047857480730478 ], [ -117.039800888789415, 47.090212540980744 ], [ -117.039801540617347, 47.091410360403614 ], [ -117.039820175633693, 47.125654649433429 ], [ -117.039821057269904, 47.12727477173393 ], [ -117.039824750943197, 47.134062381307231 ], [ -117.039836, 47.154734 ], [ -117.039871, 47.181858 ], [ -117.039888, 47.203282 ], [ -117.039899, 47.225515 ], [ -117.039945611128886, 47.238627098979478 ], [ -117.039951394500079, 47.240254009491409 ], [ -117.040019, 47.259272 ], [ -117.039872391646909, 47.332517033404947 ], [ -117.039843, 47.347201 ], [ -117.040069135600575, 47.366010999999887 ], [ -117.040176, 47.3749 ], [ -117.039882, 47.399085 ], [ -117.03995, 47.412412 ], [ -117.039948, 47.434885 ], [ -117.039971, 47.463309 ], [ -117.039945, 47.477823 ], [ -117.040514, 47.522351 ], [ -117.04051982398407, 47.523329992935629 ], [ -117.040545, 47.527562 ], [ -117.040745, 47.532909 ], [ -117.041276, 47.55821 ], [ -117.041174, 47.55853 ], [ -117.04085, 47.574124 ], [ -117.040875540492877, 47.578696495535652 ], [ -117.04088034098416, 47.579555923936638 ], [ -117.040909120253829, 47.584708255285989 ], [ -117.040986215239556, 47.598510513527344 ], [ -117.041060646902679, 47.611835959085859 ], [ -117.041125466905299, 47.623440636181677 ], [ -117.041431, 47.67814 ], [ -117.041431, 47.678185 ], [ -117.041431, 47.68 ], [ -117.041532, 47.683194 ], [ -117.04158428967601, 47.695208200211951 ], [ -117.041590826343167, 47.696710080388762 ], [ -117.041592131259236, 47.697009901008805 ], [ -117.041593358885152, 47.697291963254322 ], [ -117.041595016030072, 47.697672712812569 ], [ -117.041596196039791, 47.697943834648989 ], [ -117.0415977228798, 47.698294645037755 ], [ -117.04160197073719, 47.699270642839053 ], [ -117.041603976640388, 47.699731523923262 ], [ -117.04160926620952, 47.700946867905543 ], [ -117.041611621641152, 47.701488057472247 ], [ -117.041633, 47.7064 ], [ -117.041633827333641, 47.706699862473116 ], [ -117.041633832305806, 47.706701664611622 ], [ -117.041634424107883, 47.706916159982256 ], [ -117.041678, 47.72271 ], [ -117.041634, 47.7353 ], [ -117.041664151581998, 47.735829608625977 ], [ -117.041664200281886, 47.735830464033036 ], [ -117.042135, 47.7441 ], [ -117.042059, 47.7451 ], [ -117.042657, 47.760857 ], [ -117.042623, 47.761223 ], [ -117.042521, 47.764896 ], [ -117.042485, 47.766525 ], [ -117.042064, 47.77863 ], [ -117.041999, 47.822399 ], [ -117.042111716461747, 47.82637399029565 ], [ -117.042282823643859, 47.83240815228131 ], [ -117.042396536483139, 47.836418280223384 ], [ -117.04247, 47.839009 ], [ -117.042450505625439, 47.861575333552167 ], [ -117.042446229131002, 47.866525725750833 ], [ -117.042438505662076, 47.875466272943967 ], [ -117.042437099839461, 47.877093627669822 ], [ -117.042435342006755, 47.879128462836064 ], [ -117.04243182430784, 47.883200487153388 ], [ -117.042429324716167, 47.886093969007369 ], [ -117.042428893764068, 47.886592831335008 ], [ -117.042394609902928, 47.92627920563865 ], [ -117.04236, 47.966343 ], [ -117.042264649629843, 47.977385938996406 ], [ -117.041676, 48.04556 ], [ -117.041401, 48.0855 ], [ -117.041107, 48.124904 ], [ -117.040823749001106, 48.133839794856925 ], [ -117.040816487609916, 48.134068871902507 ], [ -117.039791131618685, 48.166416051005776 ], [ -117.039677150721104, 48.170011836800924 ], [ -117.039552, 48.17396 ], [ -117.039514274640425, 48.174852923978733 ], [ -117.039413, 48.17725 ], [ -117.039618, 48.178142 ], [ -117.039583, 48.180313 ], [ -117.039582, 48.180853 ], [ -117.039582, 48.181124 ], [ -117.039615, 48.184015 ], [ -117.039599, 48.184387 ], [ -117.039551418911472, 48.185511001802276 ], [ -117.039536177371076, 48.185871050708009 ], [ -117.039415339898582, 48.188725578443623 ], [ -117.0392798045539, 48.191927312082662 ], [ -117.039279309656763, 48.191939002972624 ], [ -117.03912035433919, 48.195693983554463 ], [ -117.039080361395563, 48.196638731606825 ], [ -117.038884870809198, 48.201256780041845 ], [ -117.038883075458699, 48.201299191371099 ], [ -117.038768155599925, 48.204013928095151 ], [ -117.038741778608824, 48.204637028289696 ], [ -117.038602, 48.207939 ], [ -117.038444335182888, 48.215441846856592 ], [ -117.038388240385004, 48.218111248219685 ], [ -117.037702857045446, 48.250726807790301 ], [ -117.037602298531809, 48.255512118436165 ], [ -117.037511651203275, 48.259825782298499 ], [ -117.035178, 48.370878 ], [ -117.035178, 48.371221 ], [ -117.035224047300545, 48.392589851331991 ], [ -117.035264938649874, 48.411566016156129 ], [ -117.035289, 48.422732 ], [ -117.035254, 48.423144 ], [ -117.035285, 48.429816 ], [ -117.035285, 48.430113 ], [ -117.035301205360469, 48.438192645463268 ], [ -117.035366200333513, 48.470597746281939 ], [ -117.035382444482238, 48.47869673075342 ], [ -117.035382445255095, 48.478697116067082 ], [ -117.035408881235782, 48.491877529560199 ], [ -117.035412216445266, 48.493540393541089 ], [ -117.035425, 48.499914 ], [ -117.035258516739802, 48.521642222906657 ], [ -117.035075045698278, 48.545587571420789 ], [ -117.03506676413285, 48.546668423031257 ], [ -117.0349721762272, 48.559013370479192 ], [ -117.034938405070008, 48.5634209441302 ], [ -117.034594390401054, 48.608319316503334 ], [ -117.034499, 48.620769 ], [ -117.034358, 48.628523 ], [ -117.033671, 48.656902 ], [ -117.033335, 48.749921 ], [ -117.033002416427237, 48.783776545206656 ], [ -117.032644009385763, 48.820260805970399 ], [ -117.032507668678434, 48.834139690433176 ], [ -117.032385663622591, 48.846559268611664 ], [ -117.032107, 48.874926 ], [ -117.032287821562491, 48.967013086065762 ], [ -117.032351, 48.999188 ], [ -116.757185, 48.999791 ], [ -116.757234, 48.999943 ], [ -116.503235150312193, 49.000059632925904 ], [ -116.441275968412455, 49.000088083766002 ], [ -116.417503, 49.000099 ], [ -116.412288808528658, 49.000151690194613 ], [ -116.386193579544951, 49.000415386435719 ], [ -116.376039, 49.000518 ], [ -116.373531874700703, 49.000745821543617 ], [ -116.369128, 49.001146 ], [ -116.359211549596054, 49.001138747122383 ], [ -116.049193, 49.000912 ] ] ] } },
{ "type": "Feature", "properties": { "DISTRICT": "2", "STARTCONG": "103", "ENDCONG": "107", "ST": "16", "STA": "ID", "ELECT_YEAR": "1992-2000", "TYPE": "US Cong" }, "geometry": { "type": "Polygon", "coordinates": [ [ [ -113.058958886078102, 44.643524166842425 ], [ -113.051504, 44.63695 ], [ -113.049349, 44.62938 ], [ -113.053529, 44.621187 ], [ -113.05677, 44.618657 ], [ -113.065593, 44.617391 ], [ -113.07376, 44.613928 ], [ -113.08210657782881, 44.604213937600214 ], [ -113.083819399690938, 44.602220490850016 ], [ -113.077491412558516, 44.595296213963238 ], [ -113.065619845554636, 44.582305982584046 ], [ -113.061071426181712, 44.577328963118589 ], [ -113.056111011819326, 44.574122840182255 ], [ -113.042363237006384, 44.565237079249613 ], [ -113.042563927261881, 44.557109102511745 ], [ -113.042819533009322, 44.546757042496942 ], [ -113.032722, 44.537137 ], [ -113.019776518542372, 44.528505149324566 ], [ -113.018635782956238, 44.520063646742813 ], [ -113.020220684391234, 44.501837229563307 ], [ -113.020917262970954, 44.493826553623407 ], [ -113.014851819721841, 44.478809788871814 ], [ -113.008536902588048, 44.46317537912973 ], [ -113.003544, 44.450814 ], [ -112.981682, 44.434279 ], [ -112.975687034112411, 44.430827614739798 ], [ -112.975327312812041, 44.430620518182984 ], [ -112.963165785430547, 44.423618957684958 ], [ -112.951146, 44.416699 ], [ -112.915602, 44.402699 ], [ -112.900360592729655, 44.399180086410489 ], [ -112.886041, 44.395874 ], [ -112.881769, 44.380315 ], [ -112.878804753173839, 44.37802893112751 ], [ -112.873577119363361, 44.373997306356664 ], [ -112.869338094353807, 44.370728110607288 ], [ -112.855395, 44.359975 ], [ -112.844859, 44.358221 ], [ -112.833374023090414, 44.364217977069146 ], [ -112.820489, 44.370946 ], [ -112.815983253642727, 44.375394562102244 ], [ -112.813815446485606, 44.377534856739182 ], [ -112.81376851702845, 44.377581190595613 ], [ -112.81324, 44.378103 ], [ -112.812861660789409, 44.386586897614542 ], [ -112.812608, 44.392275 ], [ -112.816425813648479, 44.398506898441525 ], [ -112.821896, 44.407436 ], [ -112.836034, 44.422653 ], [ -112.833532103412665, 44.42897520941785 ], [ -112.828191, 44.442472 ], [ -112.81587607454037, 44.452071209900595 ], [ -112.811464445788189, 44.455509976179329 ], [ -112.797863, 44.466112 ], [ -112.781294, 44.484888 ], [ -112.763399787662777, 44.48840498346744 ], [ -112.761523585071288, 44.488773738088824 ], [ -112.749011, 44.491233 ], [ -112.735084, 44.499159 ], [ -112.71911, 44.504344 ], [ -112.707815, 44.503023 ], [ -112.696693534631024, 44.499454638110329 ], [ -112.68719794216878, 44.496407943350398 ], [ -112.671169, 44.491265 ], [ -112.665923195085583, 44.487486042689518 ], [ -112.664485, 44.48645 ], [ -112.660696, 44.485756 ], [ -112.629970943133571, 44.488502470077336 ], [ -112.601863, 44.491015 ], [ -112.593586992432293, 44.486495660873715 ], [ -112.584197, 44.481368 ], [ -112.573513, 44.480983 ], [ -112.550557, 44.484928 ], [ -112.541989, 44.483971 ], [ -112.518871, 44.475784 ], [ -112.512036, 44.47042 ], [ -112.511713, 44.466445 ], [ -112.50031, 44.463051 ], [ -112.487125113546981, 44.471309371118544 ], [ -112.473207, 44.480027 ], [ -112.469457827831221, 44.478768432639754 ], [ -112.460347, 44.47571 ], [ -112.44554803266756, 44.467723706651284 ], [ -112.435342, 44.462216 ], [ -112.412517922149348, 44.455477249677614 ], [ -112.387389, 44.448058 ], [ -112.372012466075773, 44.463822559209817 ], [ -112.368764, 44.467153 ], [ -112.364673203428353, 44.475106310228284 ], [ -112.358926, 44.48628 ], [ -112.3566, 44.493127 ], [ -112.358917, 44.528847 ], [ -112.35421, 44.535638 ], [ -112.348794, 44.538691 ], [ -112.319198, 44.53911 ], [ -112.315008, 44.5419 ], [ -112.315021874158433, 44.544798987614513 ], [ -112.315043106833798, 44.549235527908074 ], [ -112.315047, 44.550049 ], [ -112.314784741866077, 44.550474742138277 ], [ -112.312899, 44.553536 ], [ -112.309775374001632, 44.555981067716111 ], [ -112.307642, 44.557651 ], [ -112.289869878779768, 44.566614510777164 ], [ -112.286187, 44.568472 ], [ -112.258665, 44.569516 ], [ -112.247749999126327, 44.568536536760341 ], [ -112.242785, 44.568091 ], [ -112.230117, 44.562759 ], [ -112.226841, 44.555239 ], [ -112.229477, 44.549494 ], [ -112.221698, 44.543519 ], [ -112.183937, 44.533067 ], [ -112.179703, 44.533021 ], [ -112.164597, 44.541666 ], [ -112.136454, 44.539911 ], [ -112.129078, 44.5363 ], [ -112.125101, 44.528527 ], [ -112.106755, 44.520829 ], [ -112.101564, 44.520847 ], [ -112.096299, 44.523212 ], [ -112.093304, 44.530002 ], [ -112.08089172221058, 44.533630699496172 ], [ -112.069011, 44.537104 ], [ -112.061725698366118, 44.536161592425209 ], [ -112.053434, 44.535089 ], [ -112.036943, 44.530323 ], [ -112.034133, 44.537716 ], [ -112.035025, 44.542691 ], [ -112.032707, 44.546642 ], [ -112.01385, 44.542348 ], [ -111.995231, 44.535444 ], [ -111.980833, 44.536682 ], [ -111.969544803545659, 44.541834880098186 ], [ -111.963301688454763, 44.54468476170981 ], [ -111.963159840034692, 44.544749513231785 ], [ -111.951522, 44.550062 ], [ -111.949097171151251, 44.554608300164873 ], [ -111.947941, 44.556776 ], [ -111.920264187570126, 44.557059161078101 ], [ -111.903566, 44.55723 ], [ -111.895135139215398, 44.560547297456488 ], [ -111.887852, 44.563413 ], [ -111.870504, 44.564033 ], [ -111.865410111023664, 44.558222253798881 ], [ -111.857446244685818, 44.54913764157358 ], [ -111.849293, 44.539837 ], [ -111.842542, 44.526069 ], [ -111.830068279677619, 44.516125690027046 ], [ -111.821488, 44.509286 ], [ -111.807914, 44.511716 ], [ -111.806512, 44.516264 ], [ -111.767457214340723, 44.528150810098929 ], [ -111.761904, 44.529841 ], [ -111.758966, 44.533766 ], [ -111.746401, 44.540766 ], [ -111.737191, 44.54306 ], [ -111.735678196904345, 44.543093645710549 ], [ -111.73004157896321, 44.543219007706419 ], [ -111.720181137431865, 44.543438310246316 ], [ -111.715474, 44.543543 ], [ -111.709553, 44.550206 ], [ -111.704218, 44.560205 ], [ -111.685465541717647, 44.559922640823324 ], [ -111.681571, 44.559864 ], [ -111.652481242214193, 44.555154877283044 ], [ -111.64100015517792, 44.553296290210049 ], [ -111.636719117719181, 44.55260326516337 ], [ -111.617348203595157, 44.549467453156268 ], [ -111.614405, 44.548991 ], [ -111.61399319953658, 44.54915436170711 ], [ -111.601290105117656, 44.554193693553536 ], [ -111.601249, 44.55421 ], [ -111.591768, 44.561502 ], [ -111.585763, 44.562843 ], [ -111.584084479596157, 44.562284639079557 ], [ -111.573884278799653, 44.55889153555087 ], [ -111.562814, 44.555209 ], [ -111.556577, 44.554495 ], [ -111.546637, 44.557099 ], [ -111.524006, 44.548385 ], [ -111.518095, 44.544177 ], [ -111.500792, 44.540062 ], [ -111.471682, 44.540824 ], [ -111.467736, 44.544521 ], [ -111.469185, 44.552044 ], [ -111.475937829486398, 44.554635851800789 ], [ -111.492024, 44.56081 ], [ -111.502649719992419, 44.569476967978474 ], [ -111.519126, 44.582916 ], [ -111.524213, 44.595585 ], [ -111.524599394628751, 44.597901374763438 ], [ -111.525764, 44.604883 ], [ -111.521688, 44.613371 ], [ -111.507308945786207, 44.632581176194307 ], [ -111.504939971507554, 44.63574608625143 ], [ -111.495775932808769, 44.644324696434843 ], [ -111.49129337640538, 44.648520892596082 ], [ -111.48396810809588, 44.655378199006769 ], [ -111.473178, 44.665479 ], [ -111.472701893483176, 44.666997281219196 ], [ -111.469236487729518, 44.678048296667413 ], [ -111.468833, 44.679335 ], [ -111.47798, 44.682393 ], [ -111.484898, 44.687578 ], [ -111.489902046296905, 44.699447823139117 ], [ -111.490228, 44.700221 ], [ -111.489339, 44.704946 ], [ -111.489102805023876, 44.705138655420285 ], [ -111.486019, 44.707654 ], [ -111.480507833591105, 44.709158466974607 ], [ -111.467126789614952, 44.712811294208372 ], [ -111.45329138265086, 44.716588155822308 ], [ -111.444402657206837, 44.719014646493179 ], [ -111.439056013368074, 44.720474201237856 ], [ -111.438793, 44.720546 ], [ -111.438293823097325, 44.720524433645593 ], [ -111.429604, 44.720149 ], [ -111.424214, 44.714024 ], [ -111.414271, 44.710741 ], [ -111.398575, 44.723343 ], [ -111.397422926820582, 44.729286701157648 ], [ -111.394459, 44.744578 ], [ -111.397805, 44.746738 ], [ -111.393854, 44.752549 ], [ -111.385005, 44.755128 ], [ -111.37768179906044, 44.751673336247826 ], [ -111.37476, 44.750295 ], [ -111.36627, 44.742234 ], [ -111.366723, 44.738361 ], [ -111.355768, 44.727602 ], [ -111.355657791084624, 44.727570858424862 ], [ -111.348184, 44.725459 ], [ -111.341351, 44.7293 ], [ -111.323669, 44.724474 ], [ -111.29626, 44.702271 ], [ -111.280540595151223, 44.682847735382765 ], [ -111.276518703598427, 44.677878192029041 ], [ -111.276358128412895, 44.67767978157076 ], [ -111.274692522211495, 44.675621719556958 ], [ -111.269644871592405, 44.66938472428825 ], [ -111.26875, 44.668279 ], [ -111.276956, 44.655626 ], [ -111.262839, 44.649658 ], [ -111.25268, 44.651092 ], [ -111.245277946375182, 44.643904991602433 ], [ -111.224161182832049, 44.623401714457238 ], [ -111.226447987624752, 44.618065833324962 ], [ -111.231227086633623, 44.606914595444039 ], [ -111.230180283252992, 44.587025376854442 ], [ -111.225207986212695, 44.581006261219294 ], [ -111.201459, 44.575696 ], [ -111.189616737199074, 44.571061656995923 ], [ -111.182550823254687, 44.566874448544752 ], [ -111.180318054484616, 44.562065401972319 ], [ -111.175746624101834, 44.552219231644166 ], [ -111.166892, 44.54722 ], [ -111.15959, 44.546376 ], [ -111.143557479736032, 44.535732107559667 ], [ -111.143498648889093, 44.535465089373439 ], [ -111.139455, 44.517112 ], [ -111.131379, 44.499925 ], [ -111.122654, 44.493659 ], [ -111.11124563356401, 44.490311022826127 ], [ -111.100952451211285, 44.487290315194016 ], [ -111.096196496022742, 44.485894600084407 ], [ -111.096192826640703, 44.485893523242474 ], [ -111.092943199987516, 44.484939865598349 ], [ -111.089413803139053, 44.483904104680903 ], [ -111.087574994863743, 44.483364475438833 ], [ -111.062729, 44.476073 ], [ -111.056061578096831, 44.475103060979386 ], [ -111.048974, 44.474072 ], [ -111.049194, 44.438058 ], [ -111.049216, 44.435811 ], [ -111.049148, 44.374925 ], [ -111.049695, 44.353626 ], [ -111.049434288811256, 44.250109626735231 ], [ -111.049137752109544, 44.132368596716482 ], [ -111.049137750651099, 44.132368017628636 ], [ -111.049119, 44.124923 ], [ -111.048823972190519, 44.120459100969647 ], [ -111.048452, 44.114831 ], [ -111.048482863516313, 44.105976410634632 ], [ -111.048633, 44.062903 ], [ -111.048751, 44.060838 ], [ -111.048751, 44.060403 ], [ -111.049076530417878, 44.020130094221877 ], [ -111.049076571670412, 44.020124990675654 ], [ -111.049077, 44.020072 ], [ -111.047349, 43.999921 ], [ -111.047062392013004, 43.983372705973146 ], [ -111.047043735753491, 43.982295522915187 ], [ -111.04704128195857, 43.982153844658903 ], [ -111.046917, 43.974978 ], [ -111.046515, 43.908376 ], [ -111.046616398573349, 43.861456852139575 ], [ -111.046703744032911, 43.821040361091889 ], [ -111.046715, 43.815832 ], [ -111.04657784607771, 43.783326520417603 ], [ -111.046549290143844, 43.776558764092293 ], [ -111.046442885814869, 43.751340938125345 ], [ -111.04634, 43.726957 ], [ -111.046435, 43.726545 ], [ -111.046430646081362, 43.725149880070383 ], [ -111.046421, 43.722059 ], [ -111.04611, 43.687848 ], [ -111.046051, 43.685812 ], [ -111.046118, 43.684902 ], [ -111.046027362464443, 43.683428568802121 ], [ -111.04588, 43.681033 ], [ -111.045867109300517, 43.679408994118852 ], [ -111.045706, 43.659112 ], [ -111.045650428471347, 43.641588750809255 ], [ -111.045648896593136, 43.641105706986174 ], [ -111.045588684386686, 43.622119122966843 ], [ -111.045586387790777, 43.621394942379041 ], [ -111.045204578076763, 43.500999716195579 ], [ -111.044617, 43.31572 ], [ -111.044245433493302, 43.200667495667432 ], [ -111.044229, 43.195579 ], [ -111.044168, 43.189244 ], [ -111.044232, 43.18444 ], [ -111.044266, 43.177236 ], [ -111.044235, 43.177121 ], [ -111.044234564272216, 43.176624852869686 ], [ -111.044232359647793, 43.174114528510991 ], [ -111.044205665268521, 43.143718625370148 ], [ -111.044159733486168, 43.091417802276389 ], [ -111.044143, 43.072364 ], [ -111.044162, 43.068222 ], [ -111.04415, 43.066172 ], [ -111.044117, 43.060309 ], [ -111.044086, 43.054819 ], [ -111.044063, 43.046302 ], [ -111.044058, 43.04464 ], [ -111.043997, 43.041415 ], [ -111.044094, 43.02927 ], [ -111.044033, 43.026411 ], [ -111.044034, 43.024844 ], [ -111.044034, 43.024581 ], [ -111.044206, 43.022614 ], [ -111.044155571360264, 43.020051963134236 ], [ -111.044129, 43.018702 ], [ -111.043960645125409, 42.982863764038235 ], [ -111.043924, 42.975063 ], [ -111.043957, 42.969482 ], [ -111.043959, 42.96445 ], [ -111.043980556171519, 42.953485012434484 ], [ -111.044135, 42.874924 ], [ -111.044072430916557, 42.858235258480896 ], [ -111.043731386632473, 42.767270206874556 ], [ -111.043564, 42.722624 ], [ -111.043619325455893, 42.719468644678109 ], [ -111.044714604529943, 42.65700201698202 ], [ -111.044862788825341, 42.648550679391811 ], [ -111.045541591997406, 42.609836760689618 ], [ -111.046017, 42.582723 ], [ -111.046718628005436, 42.513117743139148 ], [ -111.046801, 42.504946 ], [ -111.046810351961838, 42.499732834349288 ], [ -111.046866058244944, 42.468679875973841 ], [ -111.046987676371643, 42.400884962808242 ], [ -111.04708, 42.34942 ], [ -111.047074, 42.280787 ], [ -111.047092045746311, 42.213300616323131 ], [ -111.047097, 42.194773 ], [ -111.047058, 42.182672 ], [ -111.047107, 42.148971 ], [ -111.047109, 42.142497 ], [ -111.047048610027971, 42.122233288668745 ], [ -111.046951746334003, 42.089730906784439 ], [ -111.046689, 42.001567 ], [ -111.07793440957407, 42.001497684995968 ], [ -111.098396358485658, 42.001452292085794 ], [ -111.147628305046965, 42.00134307564025 ], [ -111.221596199593179, 42.001178984819376 ], [ -111.320690702527017, 42.000959152979647 ], [ -111.346614656118547, 42.000901643125509 ], [ -111.374288894299383, 42.000840250429547 ], [ -111.40785000082326, 42.000765798269541 ], [ -111.415873, 42.000748 ], [ -111.420898, 42.000793 ], [ -111.425535, 42.00084 ], [ -111.471381, 41.999739 ], [ -111.507264, 41.999518 ], [ -111.700880631467427, 41.999368522242172 ], [ -111.739699359388396, 41.999338553037745 ], [ -111.750778, 41.99933 ], [ -111.812520709335146, 41.998936105550825 ], [ -111.812521516128683, 41.998936100403789 ], [ -111.813367732713914, 41.998930701871487 ], [ -111.823111840833519, 41.998868538254989 ], [ -111.836515794688353, 41.998783026247551 ], [ -111.857017380384704, 41.998652234112065 ], [ -111.876491, 41.998528 ], [ -111.896149460526004, 41.998511923980026 ], [ -111.915622, 41.998496 ], [ -111.915837, 41.998519 ], [ -111.933094902050897, 41.998488727064291 ], [ -111.933453031118518, 41.998488098852405 ], [ -111.941439401073254, 41.998474089567736 ], [ -111.944983167966384, 41.998467873271728 ], [ -111.974252024471625, 41.998416531329354 ], [ -111.97658175041424, 41.998412444642398 ], [ -112.01218, 41.99835 ], [ -112.026634922548467, 41.998238342286157 ], [ -112.040565048647295, 41.998130738386664 ], [ -112.109532, 41.997598 ], [ -112.163956, 41.996708 ], [ -112.173352, 41.996568 ], [ -112.192976, 42.001167 ], [ -112.226844334461305, 42.001203708866583 ], [ -112.236285264164636, 42.001213941605634 ], [ -112.239107, 42.001217 ], [ -112.243564237885948, 42.001177999815646 ], [ -112.264936, 42.000991 ], [ -112.364764803628518, 42.001102164264879 ], [ -112.38617, 42.001126 ], [ -112.441232846085526, 42.001096928199075 ], [ -112.450567, 42.001092 ], [ -112.450814, 42.000953 ], [ -112.505616014969092, 42.000773480709597 ], [ -112.509209657886672, 42.000761708729542 ], [ -112.648019, 42.000307 ], [ -112.709375, 42.000309 ], [ -112.788542, 41.999681 ], [ -112.833084, 41.999305 ], [ -112.833125, 41.999345 ], [ -112.880619, 41.998921 ], [ -112.882367, 41.998922 ], [ -112.902112418296255, 41.998826972454168 ], [ -112.909587, 41.998791 ], [ -112.979218, 41.998263 ], [ -113.00082099999797, 41.998223 ], [ -113.007625968019497, 41.99816764787753 ], [ -113.191516985892221, 41.996671864485108 ], [ -113.249159, 41.996203 ], [ -113.250829, 41.99561 ], [ -113.340072, 41.994747 ], [ -113.357611, 41.993859 ], [ -113.396497, 41.99425 ], [ -113.40223, 41.994161 ], [ -113.421450070518873, 41.993923804161568 ], [ -113.431563, 41.993799 ], [ -113.495513545360481, 41.993312863670006 ], [ -113.496548, 41.993305 ], [ -113.500837, 41.992799 ], [ -113.648964664924378, 41.990922778784956 ], [ -113.696115348841587, 41.990325556696078 ], [ -113.75252276292386, 41.989611086600114 ], [ -113.76453, 41.989459 ], [ -113.796082, 41.989104 ], [ -113.822163, 41.988479 ], [ -113.863528887885465, 41.988233474040186 ], [ -113.884211460311406, 41.988110713265471 ], [ -113.886996495266359, 41.988094182775875 ], [ -113.893261, 41.988057 ], [ -113.901105962326625, 41.988418762188317 ], [ -113.993903, 41.992698 ], [ -114.041723, 41.99372 ], [ -114.048246, 41.993721 ], [ -114.048257, 41.993814 ], [ -114.061774, 41.993797 ], [ -114.061763, 41.993939 ], [ -114.107259, 41.993831 ], [ -114.107428, 41.993965 ], [ -114.281855, 41.994214 ], [ -114.39749145492533, 41.995009706521394 ], [ -114.467581, 41.995492 ], [ -114.498243, 41.994636 ], [ -114.498259, 41.994599 ], [ -114.598267, 41.994511 ], [ -114.669172475795506, 41.996665125587633 ], [ -114.720715, 41.998231 ], [ -114.806384, 42.001822 ], [ -114.806679706444299, 42.001826610496103 ], [ -114.808315088922853, 42.001852108501822 ], [ -114.831077, 42.002207 ], [ -114.843907491719008, 42.001952681324845 ], [ -114.851749937807085, 42.001797232839877 ], [ -114.866123143923758, 42.00151233536144 ], [ -114.875877, 42.001319 ], [ -114.89921, 41.999909 ], [ -114.914187, 41.999909 ], [ -114.972929285818211, 41.997960348200827 ], [ -114.988972014092411, 41.997428164427554 ], [ -115.031783, 41.996008 ], [ -115.038209307203886, 41.996012342654609 ], [ -115.038213181468819, 41.996012345272682 ], [ -115.038255999237251, 41.996012374207304 ], [ -115.038224, 42.053663 ], [ -115.037861, 42.301361 ], [ -115.037829, 42.347236 ], [ -115.037854, 42.458979 ], [ -115.037313, 42.468326 ], [ -115.037828, 42.50126 ], [ -115.037759, 42.523209 ], [ -115.037691, 42.556748 ], [ -115.037537, 42.585455 ], [ -115.03743, 42.622253 ], [ -115.037578, 42.635329 ], [ -115.037612, 42.649214 ], [ -115.037691, 42.681444 ], [ -115.037706, 42.687219 ], [ -115.03755, 42.724242 ], [ -115.03755, 42.748562 ], [ -115.037693, 42.752702 ], [ -115.037712, 42.76533 ], [ -115.037716, 42.76848 ], [ -115.0593, 42.768443 ], [ -115.07393, 42.768407 ], [ -115.090076, 42.768367 ], [ -115.11629, 42.768374 ], [ -115.226754, 42.767999 ], [ -115.232688, 42.767999 ], [ -115.2659, 42.767833 ], [ -115.280831, 42.767798 ], [ -115.363665, 42.767804 ], [ -115.454313, 42.767733 ], [ -115.454313, 42.823963 ], [ -115.454328, 42.826741 ], [ -115.454427, 42.845569 ], [ -115.454459, 42.85127 ], [ -115.441514, 42.851144 ], [ -115.441559, 42.880162 ], [ -115.441561, 42.883061 ], [ -115.441599, 42.89576 ], [ -115.441625, 42.901088 ], [ -115.441574, 42.930655 ], [ -115.447262, 42.93032 ], [ -115.451069, 42.928783 ], [ -115.455624, 42.928245 ], [ -115.459712, 42.928864 ], [ -115.462882, 42.928772 ], [ -115.471981, 42.927702 ], [ -115.476314, 42.928048 ], [ -115.484078, 42.929788 ], [ -115.492353, 42.926871 ], [ -115.497201, 42.926463 ], [ -115.500908, 42.927352 ], [ -115.509175, 42.931634 ], [ -115.51034, 42.933844 ], [ -115.515529, 42.937339 ], [ -115.519704, 42.938875 ], [ -115.528203, 42.94147 ], [ -115.53508, 42.94257 ], [ -115.551145, 42.940582 ], [ -115.556154, 42.938749 ], [ -115.559234, 42.935202 ], [ -115.561608, 42.934531 ], [ -115.567557, 42.934559 ], [ -115.570204, 42.935729 ], [ -115.579739, 42.937182 ], [ -115.590722, 42.936714 ], [ -115.60373, 42.937249 ], [ -115.611361, 42.945909 ], [ -115.61229, 42.949746 ], [ -115.614403, 42.951759 ], [ -115.624025, 42.956299 ], [ -115.628093, 42.956466 ], [ -115.633345, 42.95633 ], [ -115.641066, 42.95536 ], [ -115.649207, 42.952604 ], [ -115.655314, 42.948808 ], [ -115.663861, 42.945201 ], [ -115.691976, 42.939458 ], [ -115.708071, 42.939551 ], [ -115.723432, 42.940521 ], [ -115.727872, 42.938748 ], [ -115.729673, 42.938487 ], [ -115.73334, 42.939544 ], [ -115.738203, 42.942888 ], [ -115.740118, 42.943079 ], [ -115.743874, 42.941655 ], [ -115.749382, 42.938356 ], [ -115.751317, 42.938137 ], [ -115.754453, 42.937694 ], [ -115.764264, 42.939127 ], [ -115.76991, 42.93895 ], [ -115.78154, 42.943663 ], [ -115.787328, 42.944718 ], [ -115.790945, 42.945906 ], [ -115.796031, 42.948926 ], [ -115.796007, 42.952027 ], [ -115.787555, 42.959193 ], [ -115.785919, 42.961519 ], [ -115.7885, 42.969046 ], [ -115.789639, 42.971133 ], [ -115.791273, 42.972585 ], [ -115.793499, 42.973241 ], [ -115.806203, 42.973884 ], [ -115.810065, 42.973912 ], [ -115.815967, 42.972944 ], [ -115.826718, 42.973422 ], [ -115.831206, 42.973016 ], [ -115.838787, 42.970727 ], [ -115.843943, 42.969853 ], [ -115.848363, 42.970018 ], [ -115.856296, 42.972948 ], [ -115.86436, 42.974694 ], [ -115.866159, 42.97625 ], [ -115.867895, 42.982695 ], [ -115.869739, 42.984299 ], [ -115.878624, 42.989103 ], [ -115.885786, 42.988114 ], [ -115.889233, 42.986893 ], [ -115.893281, 42.983401 ], [ -115.89642, 42.982277 ], [ -115.903238, 42.981891 ], [ -115.906885, 42.982468 ], [ -115.916669, 42.986439 ], [ -115.917649, 42.988181 ], [ -115.916725, 42.991864 ], [ -115.917015, 42.993573 ], [ -115.91805, 42.995259 ], [ -115.925188, 43.00094 ], [ -115.928436, 43.001784 ], [ -115.93495, 43.001703 ], [ -115.938031, 43.000796 ], [ -115.939278, 42.999893 ], [ -115.942438, 42.9961 ], [ -115.944349, 42.994925 ], [ -115.947158, 42.99392 ], [ -115.953553, 42.992685 ], [ -115.956641, 42.990116 ], [ -115.960491, 42.989168 ], [ -115.962094, 42.988315 ], [ -115.963908, 42.986568 ], [ -115.967035, 42.981887 ], [ -115.967896, 42.979711 ], [ -115.967366, 42.977381 ], [ -115.96772, 42.976011 ], [ -115.97114, 42.972281 ], [ -115.971571, 42.971016 ], [ -115.971322, 42.969723 ], [ -115.962059, 42.956588 ], [ -115.960975, 42.952975 ], [ -115.961209, 42.952103 ], [ -115.964999, 42.944297 ], [ -115.965669, 42.943725 ], [ -115.980007, 42.94771 ], [ -115.993882, 42.948694 ], [ -115.99855, 42.948221 ], [ -116.000926, 42.948746 ], [ -116.010867, 42.949629 ], [ -116.01349, 42.950505 ], [ -116.021036, 42.955253 ], [ -116.023221, 42.957474 ], [ -116.031607, 42.961677 ], [ -116.035728, 42.966699 ], [ -116.037878, 42.971139 ], [ -116.040906, 42.975155 ], [ -116.048587, 42.984195 ], [ -116.053039, 42.987249 ], [ -116.062654, 42.987743 ], [ -116.072472, 42.986106 ], [ -116.07584, 42.985959 ], [ -116.078849, 42.98698 ], [ -116.086794, 42.987933 ], [ -116.090681, 42.987826 ], [ -116.09705, 42.995642 ], [ -116.10021, 42.99701 ], [ -116.104644, 42.999891 ], [ -116.109338, 43.00446 ], [ -116.112904, 43.008759 ], [ -116.118038, 43.012541 ], [ -116.127559, 43.015043 ], [ -116.132674, 43.014767 ], [ -116.138577, 43.013248 ], [ -116.144176, 43.013438 ], [ -116.148859, 43.015893 ], [ -116.14974, 43.01719 ], [ -116.14968, 43.019631 ], [ -116.148642, 43.021622 ], [ -116.141922, 43.025984 ], [ -116.1403, 43.02775 ], [ -116.139614, 43.029933 ], [ -116.139706, 43.031803 ], [ -116.141536, 43.034565 ], [ -116.145979, 43.037391 ], [ -116.14875, 43.038751 ], [ -116.153749, 43.039674 ], [ -116.158141, 43.03947 ], [ -116.16778, 43.037803 ], [ -116.169911, 43.037874 ], [ -116.173793, 43.039805 ], [ -116.176887, 43.042509 ], [ -116.183534, 43.04318 ], [ -116.190063, 43.044971 ], [ -116.200621, 43.048917 ], [ -116.204739, 43.05195 ], [ -116.205522, 43.052706 ], [ -116.206202, 43.059199 ], [ -116.206848, 43.061817 ], [ -116.20791, 43.06375 ], [ -116.208039, 43.065877 ], [ -116.207422, 43.068665 ], [ -116.205255, 43.071495 ], [ -116.19407, 43.079113 ], [ -116.192044, 43.081355 ], [ -116.192195, 43.084118 ], [ -116.200027, 43.089347 ], [ -116.202948, 43.09185 ], [ -116.204634, 43.092894 ], [ -116.210025, 43.094419 ], [ -116.21799, 43.096102 ], [ -116.223126, 43.09666 ], [ -116.235046, 43.094816 ], [ -116.238455, 43.095069 ], [ -116.241023, 43.096951 ], [ -116.243148, 43.097818 ], [ -116.250938, 43.099847 ], [ -116.25329, 43.100029 ], [ -116.260692, 43.103232 ], [ -116.266902, 43.106557 ], [ -116.267466, 43.10816 ], [ -116.266168, 43.112553 ], [ -116.213328, 43.112273 ], [ -116.155876, 43.112258 ], [ -116.155878, 43.112983 ], [ -116.150367, 43.112977 ], [ -116.144411, 43.112974 ], [ -116.010928, 43.113077 ], [ -115.998614, 43.113122 ], [ -115.978695, 43.113421 ], [ -115.978676, 43.120142 ], [ -115.978716, 43.178247 ], [ -115.978623, 43.200294 ], [ -115.977711333333346, 43.200871666666671 ], [ -115.977252, 43.202014 ], [ -115.977154, 43.216018 ], [ -115.977173, 43.217317 ], [ -115.97653, 43.249891 ], [ -115.976573, 43.28575 ], [ -115.974737, 43.285878 ], [ -115.974763, 43.291359 ], [ -115.97477, 43.292555 ], [ -115.974931, 43.364554 ], [ -115.996225, 43.384428 ], [ -115.997354, 43.385502 ], [ -116.008555, 43.396595 ], [ -116.025951, 43.413549 ], [ -116.030278, 43.417003 ], [ -116.037493, 43.421671 ], [ -116.055533, 43.431119 ], [ -116.063409, 43.436608 ], [ -116.091887, 43.463361 ], [ -116.09462, 43.465945 ], [ -116.10433, 43.477651 ], [ -116.106593, 43.479594 ], [ -116.124422, 43.490374 ], [ -116.124788, 43.49061 ], [ -116.140146, 43.504191 ], [ -116.145246, 43.511391 ], [ -116.150375, 43.521945 ], [ -116.150887, 43.523093 ], [ -116.152761, 43.52684 ], [ -116.156975, 43.535571 ], [ -116.157181, 43.536004 ], [ -116.158959, 43.5394 ], [ -116.161348, 43.54229 ], [ -116.162948, 43.54349 ], [ -116.163548, 43.54399 ], [ -116.166067, 43.545744 ], [ -116.176148, 43.55289 ], [ -116.178149, 43.55439 ], [ -116.190649, 43.56319 ], [ -116.19615, 43.56639 ], [ -116.19696, 43.56663 ], [ -116.21525, 43.57129 ], [ -116.217358, 43.571758 ], [ -116.233119, 43.572277 ], [ -116.239451, 43.573489 ], [ -116.243152, 43.575089 ], [ -116.242323, 43.578305 ], [ -116.243408, 43.589681 ], [ -116.243125, 43.593251 ], [ -116.243098, 43.595131 ], [ -116.243209, 43.595886 ], [ -116.243252, 43.596889 ], [ -116.243252, 43.597189 ], [ -116.243152, 43.598689 ], [ -116.243152, 43.604089 ], [ -116.243252, 43.604289 ], [ -116.243353, 43.607789 ], [ -116.243353, 43.608689 ], [ -116.243353, 43.609489 ], [ -116.243353, 43.613289 ], [ -116.238252, 43.613289 ], [ -116.238152, 43.615089 ], [ -116.238158, 43.617991 ], [ -116.238155, 43.618163 ], [ -116.238153, 43.618289 ], [ -116.238153, 43.618489 ], [ -116.237453, 43.618589 ], [ -116.236352, 43.618489 ], [ -116.233852, 43.618889 ], [ -116.231852, 43.619689 ], [ -116.230952, 43.620189 ], [ -116.23063, 43.620327 ], [ -116.230252, 43.620489 ], [ -116.227852, 43.621589 ], [ -116.223652, 43.621589 ], [ -116.223752, 43.622489 ], [ -116.223652, 43.626089 ], [ -116.223752, 43.628689 ], [ -116.221752, 43.630889 ], [ -116.223252, 43.631889 ], [ -116.223252, 43.635389 ], [ -116.214452, 43.635389 ], [ -116.214415, 43.637211 ], [ -116.214447, 43.63784 ], [ -116.214452, 43.638889 ], [ -116.213065, 43.638923 ], [ -116.208083, 43.63888 ], [ -116.208075, 43.64021 ], [ -116.206515, 43.643741 ], [ -116.206351, 43.643946 ], [ -116.199352, 43.64959 ], [ -116.201552, 43.65229 ], [ -116.202899, 43.655996 ], [ -116.206179, 43.66175 ], [ -116.207452, 43.664589 ], [ -116.212953, 43.667089 ], [ -116.212753, 43.670689 ], [ -116.210253, 43.676689 ], [ -116.213153, 43.683689 ], [ -116.218153, 43.686889 ], [ -116.221403, 43.690202 ], [ -116.221119, 43.69202 ], [ -116.201453, 43.691389 ], [ -116.201993, 43.691884 ], [ -116.198231, 43.691838 ], [ -116.126339, 43.691257 ], [ -116.122476, 43.691256 ], [ -116.115458, 43.68606 ], [ -116.109584, 43.681711 ], [ -116.104846, 43.678203 ], [ -116.093912, 43.670115 ], [ -116.087437, 43.66532 ], [ -116.070554, 43.652782 ], [ -116.059089, 43.644304 ], [ -116.054148, 43.64065 ], [ -116.024877, 43.619 ], [ -116.010406, 43.608311 ], [ -115.996585, 43.597852 ], [ -115.980349, 43.585806 ], [ -115.978911, 43.586972 ], [ -115.978107, 43.590354 ], [ -115.975767, 43.591338 ], [ -115.972336, 43.59104 ], [ -115.963715, 43.589092 ], [ -115.955859, 43.589674 ], [ -115.954316, 43.591169 ], [ -115.953606, 43.593224 ], [ -115.95617, 43.598182 ], [ -115.955776, 43.60139 ], [ -115.953644, 43.604063 ], [ -115.950988, 43.606266 ], [ -115.945215, 43.608656 ], [ -115.934644, 43.607996 ], [ -115.933667, 43.60675 ], [ -115.933633, 43.603386 ], [ -115.932898, 43.601361 ], [ -115.929992, 43.595596 ], [ -115.918479, 43.592047 ], [ -115.911823, 43.592015 ], [ -115.906111, 43.593109 ], [ -115.903823, 43.594146 ], [ -115.902894, 43.59591 ], [ -115.901766, 43.596827 ], [ -115.896849, 43.598642 ], [ -115.885812, 43.597555 ], [ -115.884806, 43.59684 ], [ -115.882875, 43.593567 ], [ -115.881693, 43.592818 ], [ -115.877133, 43.591311 ], [ -115.875332, 43.591268 ], [ -115.872806, 43.592762 ], [ -115.871453, 43.595405 ], [ -115.865015, 43.60201 ], [ -115.86356, 43.602486 ], [ -115.859299, 43.60261 ], [ -115.856777, 43.601438 ], [ -115.853481, 43.602444 ], [ -115.848321, 43.607162 ], [ -115.846496, 43.608151 ], [ -115.844229, 43.608051 ], [ -115.841564, 43.606765 ], [ -115.834954, 43.608245 ], [ -115.832033, 43.607167 ], [ -115.831189, 43.606422 ], [ -115.830891, 43.605212 ], [ -115.828883, 43.605782 ], [ -115.827913, 43.607492 ], [ -115.822745, 43.610565 ], [ -115.822073, 43.611335 ], [ -115.822203, 43.611926 ], [ -115.824186, 43.615735 ], [ -115.823693, 43.618358 ], [ -115.822528, 43.619745 ], [ -115.819867, 43.620182 ], [ -115.815528, 43.619104 ], [ -115.812559, 43.619346 ], [ -115.806745, 43.622721 ], [ -115.79946, 43.628288 ], [ -115.794861, 43.634166 ], [ -115.794964, 43.635447 ], [ -115.797021, 43.638529 ], [ -115.796798, 43.639454 ], [ -115.782926, 43.645445 ], [ -115.782057, 43.648353 ], [ -115.768628, 43.650118 ], [ -115.759654, 43.650199 ], [ -115.757498, 43.649499 ], [ -115.754821, 43.647369 ], [ -115.753916, 43.645793 ], [ -115.754803, 43.644815 ], [ -115.753324, 43.643328 ], [ -115.744739, 43.646235 ], [ -115.743798, 43.649986 ], [ -115.741408, 43.653394 ], [ -115.739897, 43.65463 ], [ -115.737976, 43.655088 ], [ -115.734007, 43.653512 ], [ -115.730984, 43.653627 ], [ -115.729189, 43.654817 ], [ -115.727081, 43.657768 ], [ -115.725918, 43.661839 ], [ -115.72699, 43.663073 ], [ -115.730739, 43.664673 ], [ -115.731086, 43.665587 ], [ -115.726835, 43.667738 ], [ -115.725134, 43.667487 ], [ -115.722487, 43.664973 ], [ -115.714138, 43.66438 ], [ -115.711775, 43.661751 ], [ -115.705759, 43.664405 ], [ -115.705035, 43.665182 ], [ -115.704595, 43.667217 ], [ -115.701854, 43.668247 ], [ -115.700878, 43.668178 ], [ -115.699491, 43.666395 ], [ -115.698672, 43.665297 ], [ -115.697885, 43.665297 ], [ -115.696436, 43.666646 ], [ -115.695586, 43.668819 ], [ -115.695554, 43.67106 ], [ -115.694893, 43.672249 ], [ -115.690545, 43.671975 ], [ -115.688025, 43.673141 ], [ -115.686607, 43.674856 ], [ -115.684213, 43.676159 ], [ -115.679864, 43.68215 ], [ -115.669401, 43.690062 ], [ -115.664482, 43.697356 ], [ -115.663316, 43.697538 ], [ -115.660826, 43.696326 ], [ -115.659439, 43.696234 ], [ -115.657484, 43.698589 ], [ -115.653889, 43.701606 ], [ -115.652313, 43.701674 ], [ -115.647145, 43.700346 ], [ -115.645632, 43.70062 ], [ -115.644402, 43.701763 ], [ -115.642507, 43.706175 ], [ -115.635915, 43.710769 ], [ -115.635535, 43.713307 ], [ -115.638149, 43.715663 ], [ -115.637958, 43.717675 ], [ -115.63499, 43.723391 ], [ -115.6319, 43.722909 ], [ -115.627643, 43.723112 ], [ -115.628335, 43.725102 ], [ -115.630225, 43.726612 ], [ -115.63013, 43.727138 ], [ -115.6283, 43.728052 ], [ -115.625933, 43.728178 ], [ -115.620944, 43.726294 ], [ -115.616939, 43.725793 ], [ -115.616088, 43.726182 ], [ -115.614892, 43.728218 ], [ -115.614924, 43.728767 ], [ -115.618299, 43.730663 ], [ -115.620318, 43.731097 ], [ -115.621957, 43.73041 ], [ -115.624795, 43.730866 ], [ -115.628137, 43.733677 ], [ -115.628166, 43.736353 ], [ -115.626648, 43.73985 ], [ -115.626868, 43.740674 ], [ -115.627024, 43.742206 ], [ -115.627528, 43.742503 ], [ -115.631661, 43.742529 ], [ -115.633111, 43.74349 ], [ -115.634275, 43.746051 ], [ -115.63355, 43.746371 ], [ -115.630459, 43.746049 ], [ -115.62948, 43.747146 ], [ -115.629921, 43.748153 ], [ -115.631876, 43.749894 ], [ -115.630457, 43.751205 ], [ -115.628028, 43.751546 ], [ -115.628183, 43.754428 ], [ -115.627614, 43.754839 ], [ -115.625934, 43.754508 ], [ -115.623592, 43.753995 ], [ -115.623372, 43.754795 ], [ -115.624352, 43.756418 ], [ -115.620917, 43.76049 ], [ -115.619656, 43.761246 ], [ -115.617321, 43.76143 ], [ -115.616691, 43.762025 ], [ -115.61666, 43.763397 ], [ -115.617704, 43.765797 ], [ -115.620452, 43.769432 ], [ -115.618312, 43.775241 ], [ -115.615791, 43.78025 ], [ -115.607369, 43.785788 ], [ -115.603363, 43.789951 ], [ -115.59882, 43.79368 ], [ -115.593611, 43.794138 ], [ -115.59317, 43.795396 ], [ -115.583827, 43.797502 ], [ -115.578902, 43.797022 ], [ -115.576471, 43.79517 ], [ -115.571167, 43.793456 ], [ -115.566274, 43.793342 ], [ -115.563022, 43.794234 ], [ -115.558003, 43.794211 ], [ -115.547871, 43.792563 ], [ -115.54724, 43.793318 ], [ -115.546797, 43.795353 ], [ -115.546385, 43.799903 ], [ -115.546985, 43.801961 ], [ -115.546384, 43.803036 ], [ -115.538522, 43.807104 ], [ -115.533246, 43.812271 ], [ -115.529707, 43.816523 ], [ -115.530149, 43.817826 ], [ -115.533559, 43.818376 ], [ -115.534126, 43.819679 ], [ -115.534755, 43.825167 ], [ -115.53229, 43.82846 ], [ -115.531815, 43.830724 ], [ -115.534056, 43.83372 ], [ -115.532125, 43.840351 ], [ -115.53557, 43.84026 ], [ -115.536517, 43.840626 ], [ -115.5392, 43.846115 ], [ -115.539231, 43.846778 ], [ -115.536133, 43.850893 ], [ -115.536669, 43.852722 ], [ -115.53689, 43.85398 ], [ -115.532623, 43.857043 ], [ -115.525702, 43.857384 ], [ -115.522731, 43.858617 ], [ -115.52216, 43.861887 ], [ -115.520042, 43.862481 ], [ -115.51922, 43.863395 ], [ -115.519311, 43.867831 ], [ -115.518677, 43.8703 ], [ -115.516682, 43.874141 ], [ -115.51431, 43.879918 ], [ -115.513361, 43.881084 ], [ -115.509185, 43.884443 ], [ -115.501261, 43.888349 ], [ -115.500338, 43.889677 ], [ -115.493352, 43.89174 ], [ -115.482382, 43.893528 ], [ -115.478746, 43.893438 ], [ -115.476311, 43.893118 ], [ -115.471062, 43.893943 ], [ -115.469197, 43.894973 ], [ -115.467775, 43.897054 ], [ -115.465563, 43.898632 ], [ -115.459176, 43.901949 ], [ -115.452535, 43.901058 ], [ -115.44191, 43.901607 ], [ -115.440582, 43.902842 ], [ -115.431727, 43.90602 ], [ -115.424547, 43.909313 ], [ -115.407214, 43.91203 ], [ -115.400792, 43.913789 ], [ -115.397059, 43.915777 ], [ -115.394179, 43.916302 ], [ -115.390447, 43.916049 ], [ -115.381681, 43.921395 ], [ -115.377314, 43.922559 ], [ -115.365305, 43.923069 ], [ -115.363533, 43.921881 ], [ -115.360117, 43.923163 ], [ -115.358473, 43.923415 ], [ -115.357996, 43.920649 ], [ -115.357173, 43.91978 ], [ -115.355623, 43.919209 ], [ -115.349581, 43.919531 ], [ -115.344015, 43.921819 ], [ -115.338099, 43.920586 ], [ -115.336171, 43.923696 ], [ -115.327599, 43.926395 ], [ -115.325384, 43.925549 ], [ -115.322726, 43.927013 ], [ -115.318361, 43.927104 ], [ -115.318456, 43.929048 ], [ -115.317412, 43.930328 ], [ -115.316273, 43.930717 ], [ -115.315324, 43.930443 ], [ -115.315039, 43.929574 ], [ -115.313552, 43.929071 ], [ -115.307605, 43.929391 ], [ -115.305833, 43.930739 ], [ -115.29922, 43.931746 ], [ -115.291784, 43.933825 ], [ -115.286278, 43.935927 ], [ -115.285898, 43.936842 ], [ -115.287102, 43.938094 ], [ -115.287258, 43.938214 ], [ -115.287258, 43.939129 ], [ -115.286688, 43.939631 ], [ -115.278397, 43.941755 ], [ -115.2777, 43.942167 ], [ -115.277857, 43.943767 ], [ -115.276303, 43.949529 ], [ -115.276366, 43.9509 ], [ -115.277345, 43.952844 ], [ -115.276011, 43.960435 ], [ -115.272622, 43.964252 ], [ -115.271512, 43.966583 ], [ -115.271733, 43.967178 ], [ -115.268404, 43.973488 ], [ -115.262889, 43.980985 ], [ -115.257628, 43.986081 ], [ -115.255248, 43.990652 ], [ -115.25382, 43.993121 ], [ -115.250924, 43.996253 ], [ -115.234481, 44.006578 ], [ -115.232678, 44.009506 ], [ -115.232585, 44.011243 ], [ -115.232113, 44.015382 ], [ -115.219543, 44.028989 ], [ -115.21571, 44.032488 ], [ -115.215394, 44.034135 ], [ -115.215774, 44.034615 ], [ -115.213053, 44.044195 ], [ -115.211564, 44.046002 ], [ -115.209695, 44.04957 ], [ -115.209284, 44.052725 ], [ -115.209633, 44.055445 ], [ -115.208239, 44.057275 ], [ -115.206686, 44.060316 ], [ -115.201677, 44.063106 ], [ -115.199046, 44.066261 ], [ -115.196986, 44.069988 ], [ -115.198445, 44.072 ], [ -115.203615, 44.076275 ], [ -115.206693, 44.082904 ], [ -115.215133, 44.089785 ], [ -115.218783, 44.092139 ], [ -115.223066, 44.093212 ], [ -115.225414, 44.094423 ], [ -115.230552, 44.094964 ], [ -115.232537, 44.096009 ], [ -115.232162, 44.097225 ], [ -115.230685, 44.098685 ], [ -115.209309, 44.096553 ], [ -115.202823, 44.094585 ], [ -115.199958, 44.092799 ], [ -115.193297, 44.09199 ], [ -115.190374, 44.089793 ], [ -115.185454, 44.090198 ], [ -115.180073, 44.088776 ], [ -115.17255, 44.084817 ], [ -115.173278, 44.081192 ], [ -115.172429, 44.079734 ], [ -115.171503, 44.078688 ], [ -115.16913, 44.07761 ], [ -115.167049, 44.077965 ], [ -115.164339, 44.075074 ], [ -115.163789, 44.07228 ], [ -115.161529, 44.066167 ], [ -115.159167, 44.064872 ], [ -115.156291, 44.061691 ], [ -115.15699, 44.060507 ], [ -115.15636, 44.055972 ], [ -115.155555, 44.05379 ], [ -115.153027, 44.052269 ], [ -115.150694, 44.047711 ], [ -115.14926, 44.041155 ], [ -115.149497, 44.03637 ], [ -115.151315, 44.032157 ], [ -115.148875, 44.029009 ], [ -115.146776, 44.024636 ], [ -115.14486, 44.014891 ], [ -115.145979, 44.011693 ], [ -115.143435, 44.00558 ], [ -115.147722, 44.002364 ], [ -115.147085, 43.999902 ], [ -115.142333, 43.996735 ], [ -115.138807, 43.993432 ], [ -115.137484, 43.989828 ], [ -115.137613, 43.984599 ], [ -115.136477, 43.983885 ], [ -115.126209, 43.98071 ], [ -115.11594, 43.978987 ], [ -115.116, 43.976967 ], [ -115.115277, 43.975434 ], [ -115.109539, 43.971345 ], [ -115.10578, 43.970266 ], [ -115.100139, 43.974025 ], [ -115.094082, 43.97408 ], [ -115.088882, 43.976761 ], [ -115.086933, 43.977098 ], [ -115.085604, 43.976505 ], [ -115.08259, 43.972627 ], [ -115.082895, 43.970592 ], [ -115.086835, 43.965634 ], [ -115.092453, 43.96058 ], [ -115.092261, 43.958173 ], [ -115.087067, 43.954656 ], [ -115.083665, 43.953474 ], [ -115.078254, 43.954946 ], [ -115.075465, 43.954829 ], [ -115.074065, 43.953518 ], [ -115.074812, 43.947718 ], [ -115.076194, 43.945825 ], [ -115.074387, 43.943965 ], [ -115.067175, 43.94035 ], [ -115.065989, 43.942646 ], [ -115.062173, 43.946089 ], [ -115.055168, 43.946749 ], [ -115.053929, 43.948852 ], [ -115.052399, 43.949811 ], [ -115.049021, 43.949875 ], [ -115.047336, 43.949449 ], [ -115.043776, 43.952571 ], [ -115.042045, 43.954937 ], [ -115.038332, 43.957687 ], [ -115.031265, 43.954006 ], [ -115.024184, 43.953166 ], [ -115.021935, 43.953694 ], [ -115.019327, 43.953439 ], [ -115.008396, 43.950799 ], [ -114.997126, 43.948856 ], [ -114.99075, 43.949725 ], [ -114.990642, 43.951784 ], [ -114.986857, 43.959693 ], [ -114.979598, 43.96923 ], [ -114.978113, 43.970457 ], [ -114.973089, 43.971949 ], [ -114.970992, 43.970996 ], [ -114.968657, 43.973493 ], [ -114.967224, 43.982153 ], [ -114.970019, 43.983698 ], [ -114.973943, 43.98387 ], [ -114.97892, 43.985683 ], [ -114.985294, 43.989404 ], [ -114.987251, 43.992155 ], [ -114.982155, 44.000653 ], [ -114.98274, 44.010005 ], [ -114.983726, 44.010646 ], [ -114.986224, 44.010246 ], [ -114.992595, 44.011393 ], [ -114.995667, 44.014356 ], [ -114.995441, 44.017354 ], [ -114.998264, 44.020663 ], [ -115.000574, 44.020076 ], [ -115.005563, 44.014952 ], [ -115.007545, 44.013618 ], [ -115.017654, 44.012554 ], [ -115.022873, 44.016473 ], [ -115.029698, 44.017851 ], [ -115.033241, 44.020168 ], [ -115.037038, 44.02436 ], [ -115.039645, 44.028438 ], [ -115.042721, 44.032018 ], [ -115.047465, 44.035936 ], [ -115.048119, 44.038027 ], [ -115.047161, 44.046712 ], [ -115.048104, 44.048828 ], [ -115.04647, 44.056242 ], [ -115.041982, 44.058839 ], [ -115.038465, 44.05953 ], [ -115.035234, 44.062134 ], [ -115.036763, 44.066269 ], [ -115.036394, 44.067652 ], [ -115.034465, 44.069718 ], [ -115.027128, 44.071759 ], [ -115.023862, 44.074572 ], [ -115.023214, 44.075843 ], [ -115.023311, 44.077499 ], [ -115.019512, 44.079717 ], [ -115.017278, 44.077971 ], [ -115.01295, 44.076771 ], [ -115.009988, 44.077469 ], [ -115.004136, 44.081181 ], [ -114.999363, 44.086063 ], [ -114.998418, 44.087107 ], [ -114.996566, 44.092258 ], [ -114.996704, 44.096941 ], [ -114.997822, 44.097536 ], [ -114.99875, 44.097642 ], [ -115.000196, 44.096677 ], [ -115.001678, 44.096443 ], [ -115.003859, 44.096694 ], [ -115.00861, 44.098506 ], [ -115.012944, 44.096868 ], [ -115.01841, 44.097563 ], [ -115.02059, 44.098658 ], [ -115.027072, 44.104338 ], [ -115.028214, 44.107427 ], [ -115.030057, 44.110387 ], [ -115.03628, 44.111612 ], [ -115.040411, 44.113061 ], [ -115.047126, 44.120824 ], [ -115.046499, 44.123277 ], [ -115.045719, 44.123574 ], [ -115.038222, 44.123757 ], [ -115.035202, 44.12456 ], [ -115.025531, 44.128584 ], [ -115.018809, 44.13805 ], [ -115.01721, 44.141739 ], [ -115.017881, 44.144545 ], [ -115.022847, 44.148823 ], [ -115.024496, 44.153986 ], [ -115.024366, 44.155491 ], [ -115.026206, 44.158417 ], [ -115.032477, 44.160348 ], [ -115.042247, 44.15939 ], [ -115.043323, 44.159835 ], [ -115.044226, 44.161793 ], [ -115.050729, 44.16533 ], [ -115.058387, 44.164244 ], [ -115.060588, 44.163348 ], [ -115.06107, 44.160402 ], [ -115.06273, 44.161157 ], [ -115.072095, 44.168981 ], [ -115.072364, 44.170081 ], [ -115.077868, 44.174041 ], [ -115.08367, 44.175473 ], [ -115.085992, 44.173466 ], [ -115.089207, 44.172387 ], [ -115.098729, 44.173106 ], [ -115.103021, 44.170549 ], [ -115.107226, 44.170164 ], [ -115.108928, 44.171441 ], [ -115.108824, 44.174031 ], [ -115.109382, 44.175918 ], [ -115.111842, 44.177086 ], [ -115.120443, 44.182956 ], [ -115.125048, 44.189741 ], [ -115.12955, 44.192068 ], [ -115.135494, 44.192062 ], [ -115.143319, 44.190588 ], [ -115.150378, 44.194503 ], [ -115.154374, 44.197454 ], [ -115.156239, 44.19773 ], [ -115.167118, 44.202711 ], [ -115.169203, 44.206012 ], [ -115.167084, 44.207489 ], [ -115.162797, 44.213956 ], [ -115.164263, 44.216163 ], [ -115.167961, 44.218646 ], [ -115.16966, 44.220852 ], [ -115.174893, 44.235227 ], [ -115.172685, 44.236631 ], [ -115.168597, 44.238064 ], [ -115.159769, 44.239795 ], [ -115.15686, 44.244946 ], [ -115.156547, 44.246463 ], [ -115.158201, 44.248865 ], [ -115.162505, 44.251431 ], [ -115.167515, 44.257827 ], [ -115.163833, 44.262333 ], [ -115.164921, 44.264784 ], [ -115.167021, 44.266326 ], [ -115.167884, 44.26832 ], [ -115.167824, 44.271214 ], [ -115.166225, 44.274311 ], [ -115.166151, 44.276329 ], [ -115.169013, 44.283234 ], [ -115.170757, 44.284897 ], [ -115.175485, 44.293199 ], [ -115.178952, 44.29638 ], [ -115.184409, 44.291896 ], [ -115.186922, 44.288533 ], [ -115.190442, 44.285724 ], [ -115.195814, 44.283491 ], [ -115.202628, 44.282422 ], [ -115.209161, 44.28851 ], [ -115.209825, 44.289852 ], [ -115.213182, 44.300509 ], [ -115.212658, 44.304201 ], [ -115.215084, 44.305613 ], [ -115.222391, 44.308048 ], [ -115.226097, 44.307803 ], [ -115.228893, 44.306119 ], [ -115.231858, 44.305899 ], [ -115.231859, 44.30599 ], [ -115.236479, 44.308022 ], [ -115.239695, 44.305429 ], [ -115.24188, 44.301446 ], [ -115.241293, 44.29934 ], [ -115.239244, 44.297397 ], [ -115.239193, 44.295668 ], [ -115.24018, 44.293834 ], [ -115.243075, 44.292189 ], [ -115.248017, 44.297794 ], [ -115.248804, 44.302304 ], [ -115.248572, 44.306075 ], [ -115.247906, 44.306921 ], [ -115.248112, 44.308488 ], [ -115.249482, 44.310762 ], [ -115.254651, 44.311818 ], [ -115.26077, 44.313822 ], [ -115.261057, 44.314386 ], [ -115.266945, 44.315882 ], [ -115.269641, 44.315285 ], [ -115.272029, 44.315541 ], [ -115.27519, 44.317664 ], [ -115.279382, 44.322939 ], [ -115.28785, 44.32477 ], [ -115.293614, 44.334902 ], [ -115.294308, 44.336755 ], [ -115.294462, 44.339411 ], [ -115.294046, 44.341906 ], [ -115.293152, 44.343836 ], [ -115.289463, 44.344085 ], [ -115.284455, 44.346174 ], [ -115.283948, 44.346986 ], [ -115.284618, 44.353105 ], [ -115.281822, 44.357373 ], [ -115.280407, 44.356532 ], [ -115.279278, 44.35649 ], [ -115.276368, 44.357078 ], [ -115.274148, 44.358304 ], [ -115.271422, 44.361856 ], [ -115.259808, 44.370874 ], [ -115.258969, 44.372796 ], [ -115.259494, 44.375233 ], [ -115.258805, 44.377888 ], [ -115.252367, 44.381971 ], [ -115.246212, 44.387718 ], [ -115.24707, 44.391659 ], [ -115.247005, 44.396954 ], [ -115.240742, 44.401712 ], [ -115.238614, 44.407126 ], [ -115.236262, 44.410685 ], [ -115.231489, 44.415608 ], [ -115.232624, 44.41825 ], [ -115.232437, 44.418969 ], [ -115.229915, 44.421864 ], [ -115.228241, 44.422868 ], [ -115.228, 44.423613 ], [ -115.228078, 44.440667 ], [ -115.230946, 44.447324 ], [ -115.231169, 44.449005 ], [ -115.230978, 44.449165 ], [ -115.230978, 44.449851 ], [ -115.228905, 44.452618 ], [ -115.229577, 44.454104 ], [ -115.23047, 44.454378 ], [ -115.232196, 44.456983 ], [ -115.232037, 44.458332 ], [ -115.230697, 44.45911 ], [ -115.22492, 44.460324 ], [ -115.224218, 44.461078 ], [ -115.223773, 44.463159 ], [ -115.225242, 44.464713 ], [ -115.228148, 44.465924 ], [ -115.231372, 44.465877 ], [ -115.233671, 44.466539 ], [ -115.234853, 44.468299 ], [ -115.235238, 44.470105 ], [ -115.23176, 44.472461 ], [ -115.227802, 44.473994 ], [ -115.226589, 44.474817 ], [ -115.227134, 44.478864 ], [ -115.22672, 44.48131 ], [ -115.228478, 44.483481 ], [ -115.227844, 44.489791 ], [ -115.230017, 44.49146 ], [ -115.232445, 44.492556 ], [ -115.234267, 44.495024 ], [ -115.237241, 44.499207 ], [ -115.238876, 44.501348 ], [ -115.239388, 44.502834 ], [ -115.237857, 44.505601 ], [ -115.238661, 44.511499 ], [ -115.239972, 44.51239 ], [ -115.242495, 44.51168 ], [ -115.244541, 44.512022 ], [ -115.246109, 44.515016 ], [ -115.246014, 44.515885 ], [ -115.246944, 44.519382 ], [ -115.24963, 44.520844 ], [ -115.252153, 44.52011 ], [ -115.252538, 44.51851 ], [ -115.253465, 44.517619 ], [ -115.255798, 44.517117 ], [ -115.262507, 44.517943 ], [ -115.266724, 44.519865 ], [ -115.268833, 44.518929 ], [ -115.275512, 44.517948 ], [ -115.278772, 44.518452 ], [ -115.280465, 44.518703 ], [ -115.28187, 44.520716 ], [ -115.28222, 44.522865 ], [ -115.280525, 44.526592 ], [ -115.28397, 44.528479 ], [ -115.289023, 44.530891 ], [ -115.294584, 44.532104 ], [ -115.294615, 44.533498 ], [ -115.291322, 44.536492 ], [ -115.290137, 44.543009 ], [ -115.293875, 44.547856 ], [ -115.298349, 44.552384 ], [ -115.298348, 44.555561 ], [ -115.30001, 44.559082 ], [ -115.299082, 44.562123 ], [ -115.301735, 44.566078 ], [ -115.300647, 44.568296 ], [ -115.301479, 44.568479 ], [ -115.302598, 44.56921 ], [ -115.305058, 44.579476 ], [ -115.304067, 44.580664 ], [ -115.300163, 44.585008 ], [ -115.295716, 44.586744 ], [ -115.294948, 44.588047 ], [ -115.294818, 44.591911 ], [ -115.29309, 44.593648 ], [ -115.290722, 44.594996 ], [ -115.290945, 44.596437 ], [ -115.289921, 44.598128 ], [ -115.283198, 44.603476 ], [ -115.28339, 44.605031 ], [ -115.281338, 44.610563 ], [ -115.279801, 44.612002 ], [ -115.273849, 44.61088 ], [ -115.267196, 44.607357 ], [ -115.262428, 44.605937 ], [ -115.259579, 44.606783 ], [ -115.258744, 44.609686 ], [ -115.259222, 44.611561 ], [ -115.257426, 44.615286 ], [ -115.254065, 44.615719 ], [ -115.239521, 44.621211 ], [ -115.237312, 44.621486 ], [ -115.234496, 44.621899 ], [ -115.231292, 44.619271 ], [ -115.227899, 44.61854 ], [ -115.227163, 44.618266 ], [ -115.224858, 44.61829 ], [ -115.222746, 44.619433 ], [ -115.222011, 44.620417 ], [ -115.222075, 44.621811 ], [ -115.225086, 44.624468 ], [ -115.225923, 44.626264 ], [ -115.225636, 44.628047 ], [ -115.224805, 44.629327 ], [ -115.223333, 44.630311 ], [ -115.221444, 44.630403 ], [ -115.217538, 44.629101 ], [ -115.216833, 44.628712 ], [ -115.215648, 44.62661 ], [ -115.213119, 44.62581 ], [ -115.211871, 44.626313 ], [ -115.210271, 44.628988 ], [ -115.208927, 44.629309 ], [ -115.205788, 44.628052 ], [ -115.203643, 44.625881 ], [ -115.201752, 44.624906 ], [ -115.199253, 44.624353 ], [ -115.197721, 44.625266 ], [ -115.196249, 44.628305 ], [ -115.196505, 44.629631 ], [ -115.196953, 44.630751 ], [ -115.195193, 44.632649 ], [ -115.189558, 44.636261 ], [ -115.187125, 44.637267 ], [ -115.184628, 44.63697 ], [ -115.180977, 44.642867 ], [ -115.181137, 44.644856 ], [ -115.180112, 44.646137 ], [ -115.176589, 44.645885 ], [ -115.168999, 44.647461 ], [ -115.167878, 44.648284 ], [ -115.167333, 44.650295 ], [ -115.165539, 44.650547 ], [ -115.164159, 44.657061 ], [ -115.164639, 44.659371 ], [ -115.165631, 44.660377 ], [ -115.165791, 44.6612 ], [ -115.159896, 44.664582 ], [ -115.159671, 44.66545 ], [ -115.160407, 44.667485 ], [ -115.157138, 44.669908 ], [ -115.156111, 44.672811 ], [ -115.154852, 44.67387 ], [ -115.153322, 44.675897 ], [ -115.152777, 44.676925 ], [ -115.153352, 44.680263 ], [ -115.151234, 44.684926 ], [ -115.150976, 44.687257 ], [ -115.149981, 44.689566 ], [ -115.150139, 44.692675 ], [ -115.146484, 44.694434 ], [ -115.146996, 44.695166 ], [ -115.150265, 44.696196 ], [ -115.150039, 44.697796 ], [ -115.149204, 44.700356 ], [ -115.146284, 44.704378 ], [ -115.139706, 44.713131 ], [ -115.139477, 44.71784 ], [ -115.140085, 44.718869 ], [ -115.141591, 44.719647 ], [ -115.144766, 44.719237 ], [ -115.148611, 44.722073 ], [ -115.151781, 44.728543 ], [ -115.149856, 44.730371 ], [ -115.147578, 44.730896 ], [ -115.142252, 44.734278 ], [ -115.14023, 44.736448 ], [ -115.137145, 44.742573 ], [ -115.126169, 44.749908 ], [ -115.125401, 44.750213 ], [ -115.122589, 44.751444 ], [ -115.118006, 44.755355 ], [ -115.116755, 44.756156 ], [ -115.106171, 44.759201 ], [ -115.092409, 44.766497 ], [ -115.091062, 44.767641 ], [ -115.090325, 44.769584 ], [ -115.089331, 44.770567 ], [ -115.086636, 44.771345 ], [ -115.076816, 44.769517 ], [ -115.0755, 44.768718 ], [ -115.075499, 44.766912 ], [ -115.074857, 44.76506 ], [ -115.073991, 44.764489 ], [ -115.069852, 44.762889 ], [ -115.068536, 44.759094 ], [ -115.062022, 44.75626 ], [ -115.060482, 44.756465 ], [ -115.059039, 44.756832 ], [ -115.052943, 44.754637 ], [ -115.047811, 44.753676 ], [ -115.045245, 44.752167 ], [ -115.044186, 44.751619 ], [ -115.03976, 44.751023 ], [ -115.038186, 44.749909 ], [ -115.035554, 44.746788 ], [ -115.033952, 44.743793 ], [ -115.034403, 44.740845 ], [ -115.033797, 44.735541 ], [ -115.032514, 44.734741 ], [ -115.030429, 44.73586 ], [ -115.028312, 44.736431 ], [ -115.023531, 44.740132 ], [ -115.022632, 44.741275 ], [ -115.022438, 44.742692 ], [ -115.021091, 44.743766 ], [ -115.019038, 44.743719 ], [ -115.016922, 44.742873 ], [ -115.014328, 44.736974 ], [ -115.014297, 44.735785 ], [ -115.018085, 44.732198 ], [ -115.018664, 44.730987 ], [ -115.014473, 44.719006 ], [ -115.012647, 44.717177 ], [ -115.011912, 44.714639 ], [ -115.010214, 44.713381 ], [ -115.007232, 44.714408 ], [ -115.004953, 44.716739 ], [ -115.004019, 44.72051 ], [ -114.999377, 44.721266 ], [ -114.99816, 44.722272 ], [ -114.998354, 44.723758 ], [ -114.999798, 44.725129 ], [ -115.000056, 44.727163 ], [ -114.996082, 44.728811 ], [ -114.991047, 44.728562 ], [ -114.988962, 44.728265 ], [ -114.985789, 44.72989 ], [ -114.982967, 44.730165 ], [ -114.976201, 44.729481 ], [ -114.972705, 44.728499 ], [ -114.970267, 44.726329 ], [ -114.968919, 44.724433 ], [ -114.967475, 44.72391 ], [ -114.967156, 44.723839 ], [ -114.966066, 44.724136 ], [ -114.962826, 44.722994 ], [ -114.954169, 44.720846 ], [ -114.94625, 44.723201 ], [ -114.943172, 44.725556 ], [ -114.94407, 44.727865 ], [ -114.943749, 44.72951 ], [ -114.942595, 44.730676 ], [ -114.940639, 44.730996 ], [ -114.937881, 44.731842 ], [ -114.92903, 44.732824 ], [ -114.927843, 44.733395 ], [ -114.925469, 44.73607 ], [ -114.92162, 44.738972 ], [ -114.915556, 44.744274 ], [ -114.916131, 44.748937 ], [ -114.916951, 44.74991 ], [ -114.914306, 44.753633 ], [ -114.914241, 44.756078 ], [ -114.913759, 44.756718 ], [ -114.912636, 44.757724 ], [ -114.908787, 44.756557 ], [ -114.905707, 44.756992 ], [ -114.904199, 44.757905 ], [ -114.897075, 44.758955 ], [ -114.895277, 44.760485 ], [ -114.895242, 44.764828 ], [ -114.889786, 44.766998 ], [ -114.887537, 44.769671 ], [ -114.885034, 44.77063 ], [ -114.879671, 44.774193 ], [ -114.874624, 44.776823 ], [ -114.871129, 44.779545 ], [ -114.864263, 44.781217 ], [ -114.859451, 44.785082 ], [ -114.856594, 44.784969 ], [ -114.855566, 44.78378 ], [ -114.852837, 44.782067 ], [ -114.852324, 44.782296 ], [ -114.850593, 44.785176 ], [ -114.850562, 44.786845 ], [ -114.850113, 44.787394 ], [ -114.845587, 44.787853 ], [ -114.842763, 44.789225 ], [ -114.841384, 44.790643 ], [ -114.841417, 44.793523 ], [ -114.836701, 44.799376 ], [ -114.832753, 44.802942 ], [ -114.829061, 44.802028 ], [ -114.828938, 44.802035 ], [ -114.825095, 44.802819 ], [ -114.825079, 44.802897 ], [ -114.820841, 44.805206 ], [ -114.818851, 44.805641 ], [ -114.815062, 44.806303 ], [ -114.812076, 44.808201 ], [ -114.808115, 44.81338 ], [ -114.80819, 44.816726 ], [ -114.803083, 44.821229 ], [ -114.802919, 44.821516 ], [ -114.802888, 44.82157 ], [ -114.801605, 44.823811 ], [ -114.795856, 44.82493 ], [ -114.794475, 44.826622 ], [ -114.794089, 44.827627 ], [ -114.794376, 44.833022 ], [ -114.793604, 44.835217 ], [ -114.792479, 44.836154 ], [ -114.791901, 44.836039 ], [ -114.790328, 44.834028 ], [ -114.787309, 44.833615 ], [ -114.785509, 44.834735 ], [ -114.785059, 44.835558 ], [ -114.784994, 44.838095 ], [ -114.785347, 44.838826 ], [ -114.784222, 44.840015 ], [ -114.775353, 44.8412 ], [ -114.769667, 44.840992 ], [ -114.768414, 44.841312 ], [ -114.766759, 44.842025 ], [ -114.766143, 44.843266 ], [ -114.766151, 44.844613 ], [ -114.76729, 44.847091 ], [ -114.769835, 44.848519 ], [ -114.769854, 44.848558 ], [ -114.770881, 44.849884 ], [ -114.767247, 44.8529 ], [ -114.761109, 44.85468 ], [ -114.761077, 44.854959 ], [ -114.760573, 44.85685 ], [ -114.761205, 44.858101 ], [ -114.768588, 44.864055 ], [ -114.768071, 44.868123 ], [ -114.768814, 44.872071 ], [ -114.768742, 44.872123 ], [ -114.768292, 44.872534 ], [ -114.766941, 44.873539 ], [ -114.759613, 44.874913 ], [ -114.758176, 44.873196 ], [ -114.758101, 44.873169 ], [ -114.755562, 44.872871 ], [ -114.751832, 44.873874 ], [ -114.751606, 44.874566 ], [ -114.753538, 44.877049 ], [ -114.752572, 44.878443 ], [ -114.751832, 44.878716 ], [ -114.741466, 44.879592 ], [ -114.737737, 44.878839 ], [ -114.734136, 44.878979 ], [ -114.732434, 44.88026 ], [ -114.731246, 44.882546 ], [ -114.73202, 44.885654 ], [ -114.731185, 44.886523 ], [ -114.730879, 44.886891 ], [ -114.725399, 44.889565 ], [ -114.723502, 44.890502 ], [ -114.727234, 44.892467 ], [ -114.730803, 44.893037 ], [ -114.73193, 44.894202 ], [ -114.731128, 44.897014 ], [ -114.726821, 44.90017 ], [ -114.726662, 44.902661 ], [ -114.72811, 44.904169 ], [ -114.731425, 44.907276 ], [ -114.732392, 44.910453 ], [ -114.732524, 44.914864 ], [ -114.729309, 44.917814 ], [ -114.728667, 44.91898 ], [ -114.728796, 44.920191 ], [ -114.732593, 44.921538 ], [ -114.735265, 44.923915 ], [ -114.735588, 44.926017 ], [ -114.73501, 44.926977 ], [ -114.732727, 44.928235 ], [ -114.727483, 44.929494 ], [ -114.723303, 44.933518 ], [ -114.723239, 44.934775 ], [ -114.727332, 44.942522 ], [ -114.726111, 44.946111 ], [ -114.726659, 44.947482 ], [ -114.728429, 44.948122 ], [ -114.733966, 44.948577 ], [ -114.73535, 44.949559 ], [ -114.735383, 44.950908 ], [ -114.733874, 44.956074 ], [ -114.734101, 44.957194 ], [ -114.73362, 44.960051 ], [ -114.732076, 44.962634 ], [ -114.731981, 44.96428 ], [ -114.730277, 44.967663 ], [ -114.73031, 44.968646 ], [ -114.733242, 44.971662 ], [ -114.73569, 44.972598 ], [ -114.735723, 44.972667 ], [ -114.735144, 44.975204 ], [ -114.733471, 44.976668 ], [ -114.733054, 44.979136 ], [ -114.733411, 44.982816 ], [ -114.732253, 44.984576 ], [ -114.731351, 44.985399 ], [ -114.73113, 44.991319 ], [ -114.72888, 44.997743 ], [ -114.7293, 44.999914 ], [ -114.729693, 45.000266 ], [ -114.729855, 45.001993 ], [ -114.728825, 45.003502 ], [ -114.723026, 45.005287 ], [ -114.7219, 45.006659 ], [ -114.721675, 45.008396 ], [ -114.722999, 45.010795 ], [ -114.725383, 45.011777 ], [ -114.728639, 45.013422 ], [ -114.72761, 45.016142 ], [ -114.727552, 45.02629 ], [ -114.726619, 45.02853 ], [ -114.724398, 45.033354 ], [ -114.726527, 45.036187 ], [ -114.725883, 45.037239 ], [ -114.723209, 45.039137 ], [ -114.722565, 45.0406 ], [ -114.722984, 45.041834 ], [ -114.725823, 45.043798 ], [ -114.727113, 45.045421 ], [ -114.726953, 45.047615 ], [ -114.723731, 45.050427 ], [ -114.724369, 45.053418 ], [ -114.723121, 45.055021 ], [ -114.722864, 45.056347 ], [ -114.724573, 45.057147 ], [ -114.724961, 45.059181 ], [ -114.727607, 45.061808 ], [ -114.726031, 45.067157 ], [ -114.728841, 45.072184 ], [ -114.727584, 45.074653 ], [ -114.727231, 45.077625 ], [ -114.727103, 45.079385 ], [ -114.721751, 45.083477 ], [ -114.719558, 45.08654 ], [ -114.719481, 45.087644 ], [ -114.72056, 45.088712 ], [ -114.726497, 45.09031 ], [ -114.729983, 45.092091 ], [ -114.733082, 45.09449 ], [ -114.729763, 45.102148 ], [ -114.729638, 45.108541 ], [ -114.725639, 45.113257 ], [ -114.721511, 45.120435 ], [ -114.721447, 45.121692 ], [ -114.722514, 45.123863 ], [ -114.725297, 45.126653 ], [ -114.727366, 45.129167 ], [ -114.726427, 45.130014 ], [ -114.726527, 45.131314 ], [ -114.728527, 45.143614 ], [ -114.729427, 45.146467 ], [ -114.730868, 45.14905 ], [ -114.731968, 45.151724 ], [ -114.731727, 45.152109 ], [ -114.731527, 45.152814 ], [ -114.727027, 45.156814 ], [ -114.723827, 45.162614 ], [ -114.722693, 45.165748 ], [ -114.722427, 45.167299 ], [ -114.720675, 45.174034 ], [ -114.720514, 45.175451 ], [ -114.72232, 45.177207 ], [ -114.722727, 45.178514 ], [ -114.722327, 45.179514 ], [ -114.715566, 45.188055 ], [ -114.715511, 45.187954 ], [ -114.714154, 45.188389 ], [ -114.709338, 45.187408 ], [ -114.699313, 45.189529 ], [ -114.697327, 45.192015 ], [ -114.696227, 45.195015 ], [ -114.694126, 45.197114 ], [ -114.690303, 45.199693 ], [ -114.689934, 45.200102 ], [ -114.68722, 45.203922 ], [ -114.686261, 45.205259 ], [ -114.684385, 45.209419 ], [ -114.684126, 45.210218 ], [ -114.683253, 45.212915 ], [ -114.68419, 45.217098 ], [ -114.684028, 45.219726 ], [ -114.68102, 45.221943 ], [ -114.681699, 45.223634 ], [ -114.681214, 45.225165 ], [ -114.674743, 45.233667 ], [ -114.669955, 45.235243 ], [ -114.667723, 45.235219 ], [ -114.662711, 45.238399 ], [ -114.660874, 45.240586 ], [ -114.659697, 45.243376 ], [ -114.659922, 45.246028 ], [ -114.659527, 45.247537 ], [ -114.659081, 45.24905 ], [ -114.651727, 45.252515 ], [ -114.649703, 45.257071 ], [ -114.648009, 45.258497 ], [ -114.640476, 45.26145 ], [ -114.63619, 45.263427 ], [ -114.631798, 45.268154 ], [ -114.62858, 45.270358 ], [ -114.625926, 45.272444 ], [ -114.623761, 45.274685 ], [ -114.608326, 45.28084 ], [ -114.606708, 45.282143 ], [ -114.606871, 45.283743 ], [ -114.601732, 45.288891 ], [ -114.593325, 45.297615 ], [ -114.595825, 45.298515 ], [ -114.600626, 45.296215 ], [ -114.603226, 45.295615 ], [ -114.604586, 45.296082 ], [ -114.604634, 45.296122 ], [ -114.613085, 45.301009 ], [ -114.621441, 45.306619 ], [ -114.624861, 45.308382 ], [ -114.628475, 45.311432 ], [ -114.629802, 45.313102 ], [ -114.631191, 45.316119 ], [ -114.632227, 45.317034 ], [ -114.634429, 45.317926 ], [ -114.637862, 45.318133 ], [ -114.643367, 45.320558 ], [ -114.645568, 45.322251 ], [ -114.646247, 45.324262 ], [ -114.648124, 45.326274 ], [ -114.651979, 45.327989 ], [ -114.657418, 45.334116 ], [ -114.663283, 45.336152 ], [ -114.663736, 45.336609 ], [ -114.663444, 45.337866 ], [ -114.663119, 45.339694 ], [ -114.670214, 45.34301 ], [ -114.674555, 45.348701 ], [ -114.6776, 45.354598 ], [ -114.67734, 45.356998 ], [ -114.674258, 45.363419 ], [ -114.67442, 45.364196 ], [ -114.675911, 45.365476 ], [ -114.677909, 45.365674 ], [ -114.680613, 45.365353 ], [ -114.684438, 45.365112 ], [ -114.684928, 45.365739 ], [ -114.684628, 45.366715 ], [ -114.684928, 45.367415 ], [ -114.687729, 45.369815 ], [ -114.689729, 45.369715 ], [ -114.693329, 45.368615 ], [ -114.696629, 45.369415 ], [ -114.698929, 45.373015 ], [ -114.699029, 45.376115 ], [ -114.699529, 45.377315 ], [ -114.701329, 45.378615 ], [ -114.706229, 45.379115 ], [ -114.715009, 45.394154 ], [ -114.715144, 45.394302 ], [ -114.71663, 45.395715 ], [ -114.71943, 45.396815 ], [ -114.725055, 45.397295 ], [ -114.726619, 45.397115 ], [ -114.731722, 45.395623 ], [ -114.734526, 45.395211 ], [ -114.734789, 45.395294 ], [ -114.743631, 45.403615 ], [ -114.747431, 45.404315 ], [ -114.748831, 45.406315 ], [ -114.753331, 45.409715 ], [ -114.761831, 45.412814 ], [ -114.763531, 45.414414 ], [ -114.768332, 45.421614 ], [ -114.764431, 45.427914 ], [ -114.768932, 45.434414 ], [ -114.780832, 45.435614 ], [ -114.790032, 45.435414 ], [ -114.793533, 45.436514 ], [ -114.795133, 45.440014 ], [ -114.795133, 45.441914 ], [ -114.793333, 45.450614 ], [ -114.791433, 45.454014 ], [ -114.790533, 45.454414 ], [ -114.787633, 45.457914 ], [ -114.789533, 45.464914 ], [ -114.791733, 45.467014 ], [ -114.794233, 45.468214 ], [ -114.794933, 45.469014 ], [ -114.797833, 45.474014 ], [ -114.798433, 45.476014 ], [ -114.796133, 45.484914 ], [ -114.795233, 45.486914 ], [ -114.793333, 45.488814 ], [ -114.793033, 45.494014 ], [ -114.797033, 45.495514 ], [ -114.797933, 45.496614 ], [ -114.793263, 45.508641 ], [ -114.787738, 45.512612 ], [ -114.784227, 45.512157 ], [ -114.779805, 45.512328 ], [ -114.774167, 45.513402 ], [ -114.768544, 45.51174 ], [ -114.762104, 45.507493 ], [ -114.757392, 45.501993 ], [ -114.750932, 45.497523 ], [ -114.734631, 45.489915 ], [ -114.719531, 45.489415 ], [ -114.71063, 45.490915 ], [ -114.70543, 45.492415 ], [ -114.69553, 45.491715 ], [ -114.69113, 45.490715 ], [ -114.68393, 45.486915 ], [ -114.680329, 45.483515 ], [ -114.679429, 45.478815 ], [ -114.681529, 45.476715 ], [ -114.680829, 45.473915 ], [ -114.677129, 45.472615 ], [ -114.665029, 45.471015 ], [ -114.663529, 45.471215 ], [ -114.662929, 45.472315 ], [ -114.662729, 45.474315 ], [ -114.661729, 45.475915 ], [ -114.656829, 45.479915 ], [ -114.651029, 45.485615 ], [ -114.649929, 45.492915 ], [ -114.637386, 45.506719 ], [ -114.632003, 45.516432 ], [ -114.631811, 45.518594 ], [ -114.630828, 45.519584 ], [ -114.618069, 45.529084 ], [ -114.608476, 45.531231 ], [ -114.605415, 45.530636 ], [ -114.595119, 45.534408 ], [ -114.588275, 45.537808 ], [ -114.587621, 45.538725 ], [ -114.586972, 45.541873 ], [ -114.58555, 45.543586 ], [ -114.582906, 45.545126 ], [ -114.57957, 45.544353 ], [ -114.577706, 45.544598 ], [ -114.571289, 45.55002 ], [ -114.570931, 45.551107 ], [ -114.558008642920313, 45.565153409148017 ], [ -114.549508, 45.56059 ], [ -114.529249123464581, 45.569391929842844 ], [ -114.526075, 45.570771 ], [ -114.517761, 45.568129 ], [ -114.515093696306877, 45.566047241872461 ], [ -114.506341, 45.559216 ], [ -114.498176, 45.555473 ], [ -114.489987313209539, 45.558090549264826 ], [ -114.480932236293228, 45.560985043892849 ], [ -114.473759, 45.563278 ], [ -114.46817831271494, 45.562435640074625 ], [ -114.460542, 45.561283 ], [ -114.459725331350612, 45.557543357958011 ], [ -114.456764, 45.543983 ], [ -114.450863, 45.54253 ], [ -114.438991, 45.536076 ], [ -114.433705781850549, 45.530075965612241 ], [ -114.430701088402358, 45.526664892785419 ], [ -114.415804, 45.509753 ], [ -114.388618, 45.502903 ], [ -114.36852, 45.492716 ], [ -114.36562, 45.490416 ], [ -114.360719, 45.474116 ], [ -114.345019, 45.459916 ], [ -114.333218, 45.459316 ], [ -114.307996568462627, 45.469264269323631 ], [ -114.279217, 45.480616 ], [ -114.270717, 45.486116 ], [ -114.261616, 45.495816 ], [ -114.250837381931731, 45.518063311524685 ], [ -114.247824, 45.524283 ], [ -114.248183, 45.533226 ], [ -114.250747775090872, 45.536445835359054 ], [ -114.251836, 45.537812 ], [ -114.248121, 45.545877 ], [ -114.242245765684288, 45.546035971105418 ], [ -114.227942, 45.546423 ], [ -114.216865158141346, 45.541471112835488 ], [ -114.206042800397114, 45.536632992450059 ], [ -114.203665, 45.53557 ], [ -114.192802, 45.536596 ], [ -114.18647, 45.545539 ], [ -114.180043, 45.551432 ], [ -114.16519956082179, 45.552305905567785 ], [ -114.154837, 45.552916 ], [ -114.152446709896637, 45.553471106681656 ], [ -114.135249, 45.557465 ], [ -114.129099, 45.565491 ], [ -114.128601, 45.568996 ], [ -114.132359, 45.572531 ], [ -114.131469, 45.574444 ], [ -114.122322, 45.58426 ], [ -114.119034393100279, 45.584572721397635 ], [ -114.115843368892982, 45.584876255725376 ], [ -114.107947768777109, 45.585627295365725 ], [ -114.100308, 45.586354 ], [ -114.093796531538359, 45.588643736723711 ], [ -114.086584, 45.59118 ], [ -114.0821, 45.596958 ], [ -114.083149, 45.603996 ], [ -114.08179, 45.611329 ], [ -114.067619, 45.627706 ], [ -114.036377846877144, 45.646839525942923 ], [ -114.033456, 45.648629 ], [ -114.029202249411028, 45.648625244566567 ], [ -114.018731, 45.648616 ], [ -114.014973, 45.654008 ], [ -114.013786, 45.658238 ], [ -114.02007, 45.670332 ], [ -114.020533, 45.681223 ], [ -114.019315, 45.692937 ], [ -114.015633, 45.696127 ], [ -113.99376068189909, 45.702495386921271 ], [ -113.986656, 45.704564 ], [ -113.978969301592699, 45.702563247807014 ], [ -113.971565, 45.700636 ], [ -113.952566683443877, 45.691273434250931 ], [ -113.946902176340913, 45.688481906905281 ], [ -113.943888432470573, 45.686996702937194 ], [ -113.942441216221837, 45.686283499888766 ], [ -113.93422, 45.682232 ], [ -113.931005045651602, 45.673511109949324 ], [ -113.930403, 45.671878 ], [ -113.919752, 45.658536 ], [ -113.908073278886278, 45.653212323232573 ], [ -113.903582, 45.651165 ], [ -113.90058780564091, 45.648259256736232 ], [ -113.898882526844332, 45.644166581896378 ], [ -113.902539, 45.636945 ], [ -113.90434358578446, 45.624418558341958 ], [ -113.904691, 45.622007 ], [ -113.903138446384744, 45.621592625642023 ], [ -113.889908645322024, 45.618061610501535 ], [ -113.886006, 45.61702 ], [ -113.872663408945002, 45.62062112204719 ], [ -113.861404, 45.62366 ], [ -113.84852195385038, 45.619905200759689 ], [ -113.823068, 45.612486 ], [ -113.813674626384355, 45.606541481780674 ], [ -113.806729, 45.602146 ], [ -113.80295459795019, 45.592630894679978 ], [ -113.802990052801405, 45.591655883523217 ], [ -113.803261417753362, 45.584193326309929 ], [ -113.80479552271494, 45.580358063905905 ], [ -113.80818002638604, 45.577207183602447 ], [ -113.811458991353206, 45.574154556944293 ], [ -113.819868, 45.566326 ], [ -113.83363977863614, 45.523570380031849 ], [ -113.834555, 45.520729 ], [ -113.832669228109509, 45.520668072892761 ], [ -113.809144, 45.519908 ], [ -113.802849, 45.523159 ], [ -113.796579, 45.523462 ], [ -113.778361, 45.523415 ], [ -113.771232277455638, 45.521800797002271 ], [ -113.766022, 45.520621 ], [ -113.761136271629454, 45.488336016271163 ], [ -113.759986, 45.480735 ], [ -113.774243123087885, 45.465525396818357 ], [ -113.78416, 45.454946 ], [ -113.783272, 45.451839 ], [ -113.774436655734505, 45.442173399485554 ], [ -113.764591426559292, 45.431403015296603 ], [ -113.764429791927753, 45.430918113490144 ], [ -113.763367785877648, 45.427732109059981 ], [ -113.766532621649702, 45.421264828308779 ], [ -113.768058390047571, 45.418146950067637 ], [ -113.7652032469001, 45.410601194846123 ], [ -113.760924, 45.406501 ], [ -113.750546, 45.40272 ], [ -113.734402, 45.392353 ], [ -113.733092, 45.390173 ], [ -113.73245863210731, 45.38555807582469 ], [ -113.73239, 45.385058 ], [ -113.733938515159423, 45.375037035656213 ], [ -113.734203996166514, 45.373319018438423 ], [ -113.73553, 45.364738 ], [ -113.7402, 45.34559 ], [ -113.738729, 45.329741 ], [ -113.735601, 45.325265 ], [ -113.713360205594782, 45.305201394406588 ], [ -113.707916325179312, 45.300290424611013 ], [ -113.70293533204449, 45.295797029280791 ], [ -113.697611227774686, 45.290994110542336 ], [ -113.689358776924493, 45.283549506000689 ], [ -113.688126340341583, 45.276683075559831 ], [ -113.688076761012539, 45.276406847947982 ], [ -113.689692266936447, 45.2738560486872 ], [ -113.690067386101674, 45.273263755167768 ], [ -113.690438241734824, 45.272678193542141 ], [ -113.691428793229534, 45.271114164600455 ], [ -113.691556519501859, 45.270912491504603 ], [ -113.692039, 45.265191 ], [ -113.688503282414871, 45.259465958908045 ], [ -113.684946, 45.253706 ], [ -113.678749, 45.24927 ], [ -113.674409, 45.249411 ], [ -113.665633, 45.246265 ], [ -113.657027, 45.241436 ], [ -113.650064, 45.23471 ], [ -113.647399, 45.228282 ], [ -113.641846387059047, 45.220199276366905 ], [ -113.636889, 45.212983 ], [ -113.628114823427822, 45.207850119614349 ], [ -113.618746964094854, 45.202369935687052 ], [ -113.599506, 45.191114 ], [ -113.589891, 45.176986 ], [ -113.592953993440744, 45.169910297793152 ], [ -113.594632, 45.166034 ], [ -113.592121474565189, 45.161302334914659 ], [ -113.588701939288086, 45.15485743081031 ], [ -113.588506036011793, 45.154488205834681 ], [ -113.586837328920609, 45.151343141868558 ], [ -113.576946748453921, 45.132702058365027 ], [ -113.57679245598861, 45.132411258574315 ], [ -113.57467, 45.128411 ], [ -113.569963072548546, 45.124747221782002 ], [ -113.554744, 45.112901 ], [ -113.546488, 45.112285 ], [ -113.538037, 45.11503 ], [ -113.516314232424989, 45.115201530256194 ], [ -113.513342, 45.115225 ], [ -113.510472820770076, 45.111828121189149 ], [ -113.506638, 45.107288 ], [ -113.510819, 45.099902 ], [ -113.520134, 45.093033 ], [ -113.485278, 45.063519 ], [ -113.47377, 45.0617 ], [ -113.465073, 45.062755 ], [ -113.460578, 45.064879 ], [ -113.45197, 45.059247 ], [ -113.44912, 45.046098 ], [ -113.449909, 45.035167 ], [ -113.447190854309284, 45.028875305960902 ], [ -113.438968169431917, 45.009842250593422 ], [ -113.438545579152589, 45.008864080530493 ], [ -113.43779295210156, 45.007121974083908 ], [ -113.437726, 45.006967 ], [ -113.43779860988316, 45.006900225547483 ], [ -113.446884, 44.998545 ], [ -113.447013, 44.984637 ], [ -113.444862, 44.976141 ], [ -113.444744991101473, 44.974380341101828 ], [ -113.443782, 44.95989 ], [ -113.448958, 44.953544 ], [ -113.45313527204145, 44.952306548889545 ], [ -113.467467, 44.948061 ], [ -113.474781, 44.948795 ], [ -113.480836, 44.95031 ], [ -113.494446, 44.948597 ], [ -113.498745, 44.942314 ], [ -113.495515146750165, 44.9360584893642 ], [ -113.492662499467542, 44.930533543171286 ], [ -113.491121, 44.927548 ], [ -113.474659655836135, 44.910933462277846 ], [ -113.474573, 44.910846 ], [ -113.47337964460651, 44.908066562573929 ], [ -113.465691075733176, 44.890159159468361 ], [ -113.462285702565865, 44.882227723717875 ], [ -113.462175319307576, 44.881970630683448 ], [ -113.461723347471519, 44.88091794558769 ], [ -113.46144813321186, 44.880276945582452 ], [ -113.460018660578115, 44.87694756880213 ], [ -113.455071, 44.865424 ], [ -113.454714943570181, 44.86517538668798 ], [ -113.453638430303187, 44.86442372064203 ], [ -113.422376, 44.842595 ], [ -113.383984, 44.8374 ], [ -113.377153, 44.834858 ], [ -113.356889608735543, 44.820388952897297 ], [ -113.356062, 44.819798 ], [ -113.3461, 44.800611 ], [ -113.346692, 44.798898 ], [ -113.354763, 44.795468 ], [ -113.354034, 44.791745 ], [ -113.341704, 44.784853 ], [ -113.341650447920046, 44.784871827694161 ], [ -113.326407282516087, 44.790230978193925 ], [ -113.301508, 44.798985 ], [ -113.29683, 44.803358 ], [ -113.280883156819257, 44.811438609825061 ], [ -113.278382, 44.812706 ], [ -113.278281164126767, 44.812739090808698 ], [ -113.27620405295383, 44.813420726087372 ], [ -113.27563179431607, 44.813608521368124 ], [ -113.273601341687751, 44.81427484494332 ], [ -113.256584767893159, 44.819859089623975 ], [ -113.247558234098648, 44.822821282479921 ], [ -113.247166, 44.82295 ], [ -113.247135242953917, 44.822917897766033 ], [ -113.238729, 44.814144 ], [ -113.209624, 44.80907 ], [ -113.19436, 44.802151 ], [ -113.193946532596314, 44.801827239751205 ], [ -113.183395, 44.793565 ], [ -113.179366, 44.787142 ], [ -113.163806, 44.778921 ], [ -113.161211661641289, 44.77981326708548 ], [ -113.158206, 44.780847 ], [ -113.140618, 44.776698 ], [ -113.131453, 44.772837 ], [ -113.131387, 44.764738 ], [ -113.137704, 44.760109 ], [ -113.134824, 44.752763 ], [ -113.132418474233418, 44.750798509626058 ], [ -113.116874, 44.738104 ], [ -113.102138, 44.729027 ], [ -113.101756018983707, 44.72108885995732 ], [ -113.101154, 44.708578 ], [ -113.098064, 44.697477 ], [ -113.081906, 44.691392 ], [ -113.06776, 44.679474 ], [ -113.067756, 44.672807 ], [ -113.07042, 44.667844 ], [ -113.068306, 44.656374 ], [ -113.065589, 44.649371 ], [ -113.058958886078102, 44.643524166842425 ] ] ] } }
]
}
