{
"type": "FeatureCollection",
"name": "IL_ChicagoCollarCountiesArea",
"crs": { "type": "name", "properties": { "name": "urn:ogc:def:crs:EPSG::5070" } },
"features": [
{ "type": "Feature", "properties": { }, "geometry": { "type": "Polygon", "coordinates": [ [ [ 644697.288542207446881, 2047053.530620738398284 ], [ 644780.728729662019759, 2046255.963712095282972 ], [ 644873.60536158294417, 2045405.357251586858183 ], [ 644961.367481883731671, 2044618.355631076497957 ], [ 645100.674159124027938, 2043326.924763678107411 ], [ 645129.520179267390631, 2043008.012885053642094 ], [ 645308.991911888821051, 2041383.073677214095369 ], [ 645492.28834945242852, 2039773.929226046428084 ], [ 645507.690657862229273, 2039618.368497683433816 ], [ 645553.295401243958622, 2039357.211394287878647 ], [ 645676.464006068650633, 2038152.254982790909708 ], [ 645018.269218011409976, 2038069.778919297270477 ], [ 644929.786481334944256, 2038065.242704606149346 ], [ 644798.802380642271601, 2038049.932532463222742 ], [ 643305.79373647889588, 2037879.65825140895322 ], [ 643228.316451340448111, 2037868.287368573714048 ], [ 640904.912369491881691, 2037618.246764142997563 ], [ 640120.691084379563108, 2037528.982849057298154 ], [ 640077.801131460699253, 2037528.087510325945914 ], [ 637730.72729338821955, 2037257.975933722686023 ], [ 636809.630310667795129, 2037142.146943385247141 ], [ 635557.320568502531387, 2036996.826073580654338 ], [ 632953.198436339735053, 2036715.543141510803252 ], [ 632024.159922234714031, 2036613.795408744364977 ], [ 631384.700094662490301, 2036549.92068102909252 ], [ 629982.975543887354434, 2036376.357940990943462 ], [ 629791.792965986765921, 2036361.100107329431921 ], [ 629153.42414598504547, 2036284.466160206124187 ], [ 628742.418228696333244, 2036238.909797587431967 ], [ 628649.482988102012314, 2036231.507008157437667 ], [ 626685.870517601259053, 2035998.415755230234936 ], [ 626668.740257740369998, 2035996.269448540406302 ], [ 626590.631257503177039, 2035992.65155298775062 ], [ 625078.769160659634508, 2035835.937254243530333 ], [ 625038.36664276837837, 2035835.320985698141158 ], [ 623481.001534827402793, 2035678.906588670099154 ], [ 623435.412499477155507, 2035680.472056629136205 ], [ 621908.30931839090772, 2035555.624941392801702 ], [ 621840.128500422928482, 2035555.419655790785328 ], [ 620253.128090656129643, 2035420.673205725150183 ], [ 619539.507652929751202, 2035367.326513873878866 ], [ 618645.787576348520815, 2035289.48317606584169 ], [ 617187.634141436894424, 2035157.033599326154217 ], [ 617069.317236211034469, 2035150.366719614947215 ], [ 616947.252903876942582, 2036769.578419306082651 ], [ 616807.1461379599059, 2038398.365000596037135 ], [ 616671.546582664595917, 2040029.392287930240855 ], [ 616539.929553296533413, 2041642.629728425526991 ], [ 616395.009978728601709, 2043262.667634495068341 ], [ 616120.001736081554554, 2046508.668653493747115 ], [ 615975.389940778026357, 2048126.08480925951153 ], [ 615820.598020521691069, 2049742.571852547349408 ], [ 615691.088309159036726, 2051007.970955772092566 ], [ 615657.700585856800899, 2051372.215967618627474 ], [ 615415.13799863436725, 2053785.677003415301442 ], [ 615322.347306940238923, 2054608.234688634518534 ], [ 615255.484138600644656, 2054918.762435398064554 ], [ 615200.447496820241213, 2055394.826283110305667 ], [ 615232.889985961955972, 2055399.943848073482513 ], [ 615220.371099998475984, 2055463.081438306951895 ], [ 615166.342634639586322, 2055957.187708898447454 ], [ 615152.991719154757448, 2056064.051660164725035 ], [ 615055.994358893716708, 2056954.534879257436842 ], [ 615045.857702236622572, 2057046.939720019465312 ], [ 614963.21504016360268, 2057806.041506806621328 ], [ 614923.522153864731081, 2058118.908720331033692 ], [ 614825.256328923162073, 2058920.236954828957096 ], [ 614484.161480905488133, 2061731.970929774688557 ], [ 614371.414297736831941, 2062673.279968831455335 ], [ 614184.632382994401269, 2064279.102272636257112 ], [ 614081.648670921102166, 2065240.689898920943961 ], [ 613852.195162760093808, 2067521.400241219438612 ], [ 613848.03614230977837, 2067541.621798838255927 ], [ 613685.057389465626329, 2069167.42443122365512 ], [ 613525.860919155762531, 2070778.005991373211145 ], [ 613225.901364604942501, 2074057.572647462366149 ], [ 614350.199660815880634, 2074160.807865214301273 ], [ 617747.098314050585032, 2074463.158025317359716 ], [ 622657.334954412071966, 2074898.494264067383483 ], [ 624728.914300827193074, 2075119.25405432516709 ], [ 626693.76065482897684, 2075332.722054948331788 ], [ 632250.864435721421614, 2075932.988289 ], [ 634522.093261026777327, 2076181.418891244102269 ], [ 636769.962340039550327, 2076425.138254294870421 ], [ 636917.88887109933421, 2076438.931922405026853 ], [ 636959.573629238642752, 2076444.89587864279747 ], [ 637034.411437819479033, 2076446.138062743470073 ], [ 637110.191454144311137, 2076460.371346864849329 ], [ 637891.672009925474413, 2076540.43568160221912 ], [ 638744.526012948830612, 2076638.736773874843493 ], [ 639597.776768815005198, 2076734.131886297604069 ], [ 639713.471953485161066, 2076744.342732200399041 ], [ 639966.196286004851572, 2076776.502863808535039 ], [ 640669.608756982255727, 2076855.986996039981022 ], [ 640805.411915674572811, 2076874.592732013436034 ], [ 641572.481279783532955, 2076962.835298784775659 ], [ 641580.147033312125131, 2076963.686259719543159 ], [ 641414.395620954106562, 2078532.217734330100939 ], [ 641320.294065523310564, 2079382.712214898085222 ], [ 641229.682630690746009, 2080179.358311620773748 ], [ 641138.81578353093937, 2081001.581427605357021 ], [ 640194.940344420378096, 2089425.41571108228527 ], [ 640140.169911080389284, 2089934.431309310719371 ], [ 639961.799600990838371, 2091506.689540680032223 ], [ 639535.646751248161308, 2095312.084637011867017 ], [ 639450.439492354285903, 2096091.540900293039158 ], [ 639430.751167915994301, 2096249.371164310956374 ], [ 639429.720368926413357, 2096257.932564187562093 ], [ 639343.121834765304811, 2097045.352451353566721 ], [ 639248.883646699716337, 2097873.573529920075089 ], [ 639148.25235435157083, 2098863.506764363963157 ], [ 639073.739545653341338, 2099498.973579765297472 ], [ 638994.449076504446566, 2100395.199460542295128 ], [ 638920.039248674991541, 2101123.965674231294543 ], [ 638753.838269845116884, 2102805.73274384951219 ], [ 638745.025867701391689, 2102911.672551689203829 ], [ 638696.54341211845167, 2103371.625030852388591 ], [ 638645.183290103334002, 2103904.429422733839601 ], [ 638623.584783917758614, 2104173.128458767663687 ], [ 638509.241469076951034, 2105279.654409032780677 ], [ 638428.475781813962385, 2106097.683103173971176 ], [ 638371.045456102932803, 2106091.649149517063051 ], [ 637971.940053321304731, 2106049.323657649103552 ], [ 637928.300387236755341, 2106040.825062366202474 ], [ 637881.399000394507311, 2106039.80728174187243 ], [ 637633.370955198188312, 2106009.482817937154323 ], [ 637488.85759992338717, 2105998.26646678801626 ], [ 636542.575046383193694, 2105898.197078275959939 ], [ 636336.31362605583854, 2105871.87412774655968 ], [ 636324.855796757270582, 2105875.208280054386705 ], [ 636037.062289123190567, 2105844.731811955105513 ], [ 636014.169092453550547, 2105843.993234950583428 ], [ 635602.936464013415389, 2105798.895422006491572 ], [ 631876.123197130043991, 2105406.066336213145405 ], [ 631549.331590502988547, 2105372.045753169804811 ], [ 631465.369520474807359, 2105365.15619267616421 ], [ 631339.29288613551762, 2105347.235156575217843 ], [ 631288.537120191846043, 2105344.711144177708775 ], [ 631184.101504113525152, 2105334.825506200548261 ], [ 630958.073722433531657, 2105309.970191676169634 ], [ 630939.636382900294848, 2105304.329641079995781 ], [ 630925.974510636879131, 2105306.258922296110541 ], [ 630834.562996441614814, 2105290.019125612918288 ], [ 630825.918155995663255, 2105295.49640752421692 ], [ 630682.485091144335456, 2105281.126110687386245 ], [ 629334.133997298311442, 2105139.769882148597389 ], [ 629238.731141099124216, 2105123.677009042352438 ], [ 629089.13592545024585, 2105118.943892472423613 ], [ 627031.237180936383083, 2105003.700941243208945 ], [ 625029.93332888756413, 2104814.045871780253947 ], [ 623366.980229870881885, 2104660.94889030046761 ], [ 619701.04283193172887, 2104321.029114774428308 ], [ 619639.650453971233219, 2104310.554761294275522 ], [ 619576.499248998938128, 2104302.411078847944736 ], [ 618806.915236477158032, 2104179.55109706055373 ], [ 617756.542258409550413, 2104017.758691398892552 ], [ 617617.663026594324037, 2104006.459049170371145 ], [ 617051.402582817128859, 2103951.45849091745913 ], [ 616606.705003511277027, 2103910.903908427339047 ], [ 615831.545561087201349, 2103797.330500172451138 ], [ 615685.289265073952265, 2103791.321564425714314 ], [ 614879.979735272470862, 2103709.144464164506644 ], [ 614493.581070343498141, 2103675.200412328820676 ], [ 613800.846145116956905, 2103601.639660838525742 ], [ 613275.61872493987903, 2103576.846949304454029 ], [ 611893.376554521615617, 2103447.654341219458729 ], [ 611621.910596686298959, 2103418.68803153373301 ], [ 611577.406480721430853, 2103422.056406523101032 ], [ 611189.317710407776758, 2103381.073632542509586 ], [ 610431.474435423966497, 2103313.616110604256392 ], [ 610371.480681663844734, 2103948.913309494964778 ], [ 610294.198628233396448, 2104902.506361221428961 ], [ 610237.380402502254583, 2105712.679275054018945 ], [ 610183.357014456414618, 2106388.270529091358185 ], [ 610160.463101393659599, 2106707.249802009668201 ], [ 610022.43413792073261, 2108239.014764031395316 ], [ 609988.472294395091012, 2108639.390880736056715 ], [ 609896.900727000203915, 2109838.845188007224351 ], [ 609699.160643041715957, 2112261.487200150731951 ], [ 609621.527467084932141, 2113346.953507276251912 ], [ 609571.876931955106556, 2113818.02259386330843 ], [ 609514.951075800694525, 2114640.123986504971981 ], [ 609523.899655425339006, 2114686.609836842864752 ], [ 609523.768421110231429, 2114732.83633767394349 ], [ 609521.497960391803645, 2114771.489102877210826 ], [ 609512.46070790826343, 2114826.896676209289581 ], [ 609514.007847225875594, 2114874.93740257807076 ], [ 609461.322135033085942, 2115639.453288982156664 ], [ 609414.042200930067338, 2116068.500381550751626 ], [ 609385.572187522891909, 2116416.52882583020255 ], [ 609295.858617792837322, 2117831.725328024011105 ], [ 609255.062815862009302, 2118360.023232934996486 ], [ 609176.432209032238461, 2119498.425325521267951 ], [ 609179.25232559919823, 2119526.924681359436363 ], [ 609099.868109837407246, 2120652.686087530571967 ], [ 609064.295919641386718, 2121124.594115954823792 ], [ 609069.862010604236275, 2121150.726212836336344 ], [ 609006.289182411041111, 2121928.595959406346083 ], [ 608912.519270612043329, 2123284.259548545815051 ], [ 608846.914642029092647, 2124151.725429348181933 ], [ 608845.355199527344666, 2124236.325675800908357 ], [ 608815.539404811919667, 2124614.293573272414505 ], [ 608750.998813820653595, 2125471.282580396626145 ], [ 608741.203700703568757, 2125660.382627819664776 ], [ 608673.072596039739437, 2126399.259864774066955 ], [ 608611.60731820424553, 2127203.060563189908862 ], [ 608569.885337374056689, 2127710.364415097981691 ], [ 608533.712690063635819, 2128206.877514272462577 ], [ 608294.601542812073603, 2131284.716929007321596 ], [ 608261.589553863741457, 2131736.463591353036463 ], [ 608241.225376384216361, 2132158.338355177082121 ], [ 608220.920561106642708, 2132512.78083804808557 ], [ 608017.431439388659783, 2134594.439990324899554 ], [ 607968.599483391619287, 2134960.224449852947146 ], [ 607655.890034913085401, 2139229.138622197322547 ], [ 607529.209151527960785, 2140651.213481473270804 ], [ 607524.363835745374672, 2140653.07942312117666 ], [ 607430.808577015297487, 2142003.55659396154806 ], [ 608139.49757377395872, 2142064.144461508840322 ], [ 608543.01746579783503, 2142096.005676886532456 ], [ 608520.008690026705153, 2142284.938346699811518 ], [ 608519.956760996370576, 2142306.700012915767729 ], [ 608158.410016737761907, 2146948.870872008614242 ], [ 608103.259729097015224, 2147586.05430777464062 ], [ 607986.859021079610102, 2149073.421673130709678 ], [ 607900.189544864930212, 2150029.649892272427678 ], [ 607760.024741901783273, 2151805.337485221680254 ], [ 607412.851725366315804, 2151776.419809815939516 ], [ 605364.893468273454346, 2151620.779664013069123 ], [ 603018.855614191736095, 2151431.68368399515748 ], [ 602973.308834584779106, 2151430.84466609172523 ], [ 601379.314290366601199, 2151297.670740287750959 ], [ 598174.059130667592399, 2151056.557049559894949 ], [ 598027.697940053651109, 2152976.771879200823605 ], [ 597929.121169276768342, 2154294.914935891516507 ], [ 597916.075747315073386, 2154432.439129177015275 ], [ 597887.264443106134422, 2154694.714892379939556 ], [ 597885.676255395635962, 2154764.585293209645897 ], [ 597804.372001565177925, 2155911.631270805839449 ], [ 597746.537126507610083, 2156661.496980550698936 ], [ 597712.904407487250865, 2157130.899989282246679 ], [ 597675.585510566481389, 2157548.758082209154963 ], [ 597641.744730021688156, 2158118.190111774485558 ], [ 597626.467447421979159, 2158347.846942447125912 ], [ 597618.683829738991335, 2158413.760959193576127 ], [ 597500.050126141868532, 2159954.15448728762567 ], [ 597436.749978973646648, 2160806.079813074786216 ], [ 597397.681003504781984, 2161213.57938595302403 ], [ 597371.903500920743681, 2161580.824811283964664 ], [ 597357.474073466961272, 2161813.341789545025676 ], [ 597334.099969975068234, 2162107.642399399541318 ], [ 597175.969772078562528, 2164026.937003054656088 ], [ 596886.184076622477733, 2167618.684236443601549 ], [ 596787.324830812169239, 2168867.838208912871778 ], [ 596740.650552308419719, 2169538.82555873086676 ], [ 596670.79254114755895, 2170443.983363004866987 ], [ 596672.051402865326963, 2170492.752176126930863 ], [ 596632.548311591614038, 2171069.402300719171762 ], [ 596584.655327703570947, 2171624.880598110612482 ], [ 596550.047283865278587, 2172106.912506532855332 ], [ 596474.284036577562802, 2172924.452943908050656 ], [ 596307.659064165432937, 2175050.539341447409242 ], [ 596255.251624447642826, 2175746.941634402610362 ], [ 596222.250806865864433, 2176161.11694379709661 ], [ 596166.63908617105335, 2176949.329789309762418 ], [ 596100.732178831356578, 2177770.048474327195436 ], [ 596035.391401548753493, 2178616.482002690434456 ], [ 595981.133196595823392, 2179286.809110512956977 ], [ 595835.872446829453111, 2181003.970103155821562 ], [ 595812.812894405215047, 2181314.488096985965967 ], [ 595755.229335327399895, 2181818.021322979591787 ], [ 595589.525215625879355, 2183575.158349922858179 ], [ 595542.577691296231933, 2184248.586677799466997 ], [ 595565.095660718274303, 2184245.720977261662483 ], [ 595515.294587743119337, 2184851.759593185968697 ], [ 595116.297965787001885, 2188954.698451183270663 ], [ 595829.135147209861316, 2189032.525823313742876 ], [ 595882.378589751198888, 2189031.579207564238459 ], [ 595891.812688278616406, 2189039.929927930701524 ], [ 597156.505153246573173, 2189184.71877661999315 ], [ 598291.067953020101413, 2189314.834818337578326 ], [ 598386.015048912959173, 2189323.408426920417696 ], [ 598484.626872333465144, 2189332.266593089792877 ], [ 599564.659860561718233, 2189443.778444342780858 ], [ 600700.946297191432677, 2189549.268384873401374 ], [ 602303.138245588052087, 2189683.546443375758827 ], [ 603903.698500365950167, 2189809.284866193775088 ], [ 605202.025086916866712, 2189913.845886742230505 ], [ 605757.409754722379148, 2189951.01823797589168 ], [ 606312.873637507553212, 2189988.236825480591506 ], [ 606398.155469279619865, 2189995.703703843057156 ], [ 606566.837144340155646, 2190010.6049286252819 ], [ 608783.000077693606727, 2190180.923577681649476 ], [ 609891.751402580644935, 2190266.431164080277085 ], [ 610708.035896654590033, 2190320.153307951521128 ], [ 611399.98505049070809, 2190374.342389161232859 ], [ 611430.600659122341312, 2190371.602812799159437 ], [ 611986.406992455362342, 2190403.538478573318571 ], [ 612080.747568379272707, 2190402.140599363017827 ], [ 612175.006838016910478, 2190400.737427536398172 ], [ 612971.387223529978655, 2190463.778195072896779 ], [ 614455.178018220816739, 2190581.453738619573414 ], [ 616735.214424473233521, 2190762.835415824316442 ], [ 616737.091634065262042, 2190759.844912576023489 ], [ 616922.494063727441244, 2190777.763949896208942 ], [ 619544.452444609254599, 2190987.245859939139336 ], [ 620255.408131892327219, 2191038.482195295393467 ], [ 620954.046939901541919, 2191089.020065791439265 ], [ 621560.643224874162115, 2191137.722700463142246 ], [ 622167.154268425889313, 2191186.466341442428529 ], [ 623802.978001515381038, 2191329.387126983609051 ], [ 627898.472588472533971, 2191660.767458551563323 ], [ 627959.53498893789947, 2191665.723060937598348 ], [ 628020.597350290976465, 2191670.679145225789398 ], [ 629943.692760784411803, 2191849.446556800510734 ], [ 630876.536376015050337, 2191925.45408993633464 ], [ 631428.230692535405979, 2192013.193641692399979 ], [ 632332.902360466774553, 2192157.070304073859006 ], [ 633385.540991868940182, 2192249.232332087587565 ], [ 634171.913057035417296, 2192318.249968358315527 ], [ 634566.748992691515014, 2192350.624877914320678 ], [ 634961.664684536401182, 2192383.026619270443916 ], [ 636394.937240518047474, 2192511.785814500879496 ], [ 638184.566605127765797, 2192659.432681110221893 ], [ 640600.612810326274484, 2192881.553110787644982 ], [ 642402.385227956925519, 2193030.963992846664041 ], [ 643303.258374939206988, 2193105.826800619717687 ], [ 644356.113815891440026, 2193159.799404910299927 ], [ 644546.103056691004895, 2193175.627019749488682 ], [ 644925.998971518245526, 2193207.28946139337495 ], [ 645203.688719753874466, 2193219.227356353774667 ], [ 645248.458797450875863, 2193222.961570715066046 ], [ 645293.22885353572201, 2193226.696044183336198 ], [ 645619.351571408216842, 2193246.615523412823677 ], [ 646288.166030157590285, 2193287.319220157340169 ], [ 646754.909267759416252, 2193326.328266430646181 ], [ 646988.28000371705275, 2193345.843350222799927 ], [ 647029.566451347898692, 2193342.229055394418538 ], [ 647054.330891998484731, 2193340.149706664960831 ], [ 647615.981516657979228, 2193387.150255712214857 ], [ 649605.904429016751237, 2193509.128871195018291 ], [ 650567.322223005699925, 2193578.70828381087631 ], [ 651669.329453041078523, 2193633.661981814075261 ], [ 652200.003602909273468, 2193660.212900146842003 ], [ 652392.929393435595557, 2193682.091338208410889 ], [ 652589.76146044570487, 2193704.304201033432037 ], [ 653502.485471434541978, 2193770.142121040727943 ], [ 655045.542704686988145, 2193844.565325362607837 ], [ 656684.376097292057239, 2193949.866178188472986 ], [ 656798.40688015287742, 2193959.548001898918301 ], [ 659327.313734740018845, 2194107.382006603758782 ], [ 659598.344744523288682, 2194130.489838609937578 ], [ 659913.325711300247349, 2194157.356818585656583 ], [ 660638.647771988762543, 2194208.053875066805631 ], [ 660846.19141156913247, 2194225.783396634738892 ], [ 661053.815964754205197, 2194243.52544319210574 ], [ 661991.695675563882105, 2194301.299303663894534 ], [ 663200.918820434017107, 2194382.448852536268532 ], [ 663801.457568525336683, 2194422.745269726030529 ], [ 664754.715361596783623, 2194493.507868035696447 ], [ 667265.317398987128399, 2194664.814605059102178 ], [ 667623.410461600054987, 2194695.717018113937229 ], [ 667713.895059520611539, 2194692.30734545737505 ], [ 668219.44081425270997, 2194724.747893422842026 ], [ 668393.945286857546307, 2194745.324964634608477 ], [ 668568.511298591853119, 2194766.135763088706881 ], [ 668764.076556570944376, 2194783.043592180591077 ], [ 668959.722770493943244, 2194799.963405531831086 ], [ 669020.794038556399755, 2194388.719845540821552 ], [ 669056.277174459653907, 2194150.086306373588741 ], [ 669076.303910766378976, 2194015.257343222387135 ], [ 669116.128080665250309, 2193746.364417946897447 ], [ 669238.189870440051891, 2193157.260929089970887 ], [ 669283.557361334562302, 2192938.106485695578158 ], [ 669309.165345897199586, 2192814.643194811418653 ], [ 669315.507443822920322, 2192783.996591341216117 ], [ 669360.200702448026277, 2192567.924930333625525 ], [ 669374.971147140488029, 2191637.824371819384396 ], [ 669375.762817973387428, 2191616.347606229130179 ], [ 669377.610209276550449, 2191562.756482481025159 ], [ 669378.455344818532467, 2191539.713313606567681 ], [ 669378.514133315999061, 2191537.137454879004508 ], [ 669380.935988144599833, 2191530.950720326974988 ], [ 669383.185374199179932, 2191524.861280052457005 ], [ 669384.257878888398409, 2191506.775231992825866 ], [ 669385.297142652445473, 2191488.125228967983276 ], [ 669389.86754434928298, 2191410.643340677954257 ], [ 669386.039021779084578, 2191376.198715128935874 ], [ 669380.240482173394412, 2191325.649090894497931 ], [ 669380.145091333775781, 2191324.855331873055547 ], [ 669379.973580763675272, 2191323.045050494372845 ], [ 669387.182468059123494, 2191227.387948438059539 ], [ 669391.541613259818405, 2191169.413038796745241 ], [ 669391.738116122898646, 2191121.626240480691195 ], [ 669391.920649791602045, 2191092.017129918094724 ], [ 669391.962068098830059, 2191085.848857267294079 ], [ 669391.906172089627944, 2191082.701986009720713 ], [ 669392.136349871987477, 2191044.007519994862378 ], [ 669392.375957469223067, 2190967.272735871374607 ], [ 669391.193567373906262, 2190956.285526131745428 ], [ 669391.026378327980638, 2190955.3733373102732 ], [ 669390.759447560412809, 2190952.769284263253212 ], [ 669390.239561733207665, 2190948.347897133789957 ], [ 669389.781828363775276, 2190944.156317963264883 ], [ 669387.398820521542802, 2190939.46154237119481 ], [ 669383.996786309056915, 2190932.322085034102201 ], [ 669387.058037794660777, 2190553.633545763790607 ], [ 669388.077232384355739, 2190438.475585201289505 ], [ 669377.259036037605256, 2190284.701023108325899 ], [ 669375.504085552529432, 2190258.514985783025622 ], [ 669364.285658735083416, 2190097.972562605049461 ], [ 669355.698920920491219, 2189962.008604070171714 ], [ 669354.191414529457688, 2189938.649317423347384 ], [ 669347.600889953318983, 2189834.615243962034583 ], [ 669338.669586497126147, 2189695.030215512029827 ], [ 669332.958114948822185, 2189604.538018493447453 ], [ 669330.765556399710476, 2189570.122112440411001 ], [ 669313.119278079713695, 2189292.20432852441445 ], [ 669310.569546780432574, 2188997.187565050087869 ], [ 669308.588119959575124, 2188766.744556869380176 ], [ 669304.973193433368579, 2188356.83426717761904 ], [ 669303.786041128681973, 2188210.173750851303339 ], [ 669298.84512158727739, 2187647.52776626450941 ], [ 669325.096775696380064, 2187472.041320772375911 ], [ 669350.661562731256709, 2187301.65725638018921 ], [ 669419.818791762692854, 2186840.687380406539887 ], [ 669446.403549489448778, 2186081.340066791977733 ], [ 669454.522345720557496, 2185927.624721280299127 ], [ 669461.125145710189827, 2185800.935787008609623 ], [ 669477.324134148540907, 2185492.041573476511985 ], [ 669538.722168818232603, 2184157.963608866091818 ], [ 669558.32588941405993, 2183731.746302749030292 ], [ 669600.103598594665527, 2182823.863497663289309 ], [ 669300.933327939826995, 2182725.173619259148836 ], [ 669256.30244564008899, 2182710.431595389731228 ], [ 669250.477274775505066, 2182708.469383407384157 ], [ 669146.515281724161468, 2182674.237354918383062 ], [ 669139.251728989416733, 2182671.814302073325962 ], [ 668962.153856467572041, 2182613.423729781527072 ], [ 668921.03281447396148, 2182539.956314312294126 ], [ 668869.654221544391476, 2182448.320725763216615 ], [ 669081.89138243556954, 2182431.747061657253653 ], [ 669146.712199422065169, 2182426.684594930615276 ], [ 669406.607514120056294, 2182652.155677075497806 ], [ 669344.912763287080452, 2182466.140774254221469 ], [ 669327.767456977861002, 2182414.60652235429734 ], [ 669302.616733979084529, 2182338.813149981200695 ], [ 669234.979871957213618, 2182135.002732740715146 ], [ 669214.743988330243155, 2182052.676136187277734 ], [ 669206.71650637849234, 2182020.110404114704579 ], [ 669182.829977353219874, 2181922.991282387170941 ], [ 669182.117256653145887, 2181882.752640854567289 ], [ 669181.944359813001938, 2181866.689315828494728 ], [ 669181.940355576924048, 2181863.883307004813105 ], [ 669181.893320205737837, 2181860.624675040598959 ], [ 669181.557912167627364, 2181842.639457625336945 ], [ 669172.237645850516856, 2181818.379045378882438 ], [ 669160.966956867254339, 2181789.124432178679854 ], [ 669145.48278632259462, 2181718.318733032327145 ], [ 669133.595229433733039, 2181663.872094726189971 ], [ 669106.409152185311541, 2181539.309162321966141 ], [ 668881.221287759719416, 2180507.799743658863008 ], [ 668976.829319124808535, 2180270.947706824634224 ], [ 669017.030854009208269, 2180171.617496391292661 ], [ 668867.491034752107225, 2180158.70790157513693 ], [ 668568.49218683980871, 2180132.904404751490802 ], [ 668505.07538686436601, 2180184.332472051493824 ], [ 668485.637955055339262, 2180200.163082183804363 ], [ 668475.055846208240837, 2180208.565055245999247 ], [ 668470.988005021819845, 2180211.917636676225811 ], [ 668467.812418325338513, 2180214.449372590985149 ], [ 668447.665180074283853, 2180230.892189120408148 ], [ 668418.346329477848485, 2180254.624253194313496 ], [ 668441.77819422504399, 2180488.619421404320747 ], [ 668443.937831135466695, 2180510.241116464603692 ], [ 668445.312162003712729, 2180523.826934699900448 ], [ 668451.690457439050078, 2180586.999907958786935 ], [ 668456.82823715696577, 2180638.843131763394922 ], [ 668477.828528035664931, 2180848.611352933105081 ], [ 668427.877366484259255, 2180855.412349571473897 ], [ 668375.44197390822228, 2180862.44826482469216 ], [ 668285.779802058124915, 2180874.466086842585355 ], [ 668302.047967466292903, 2180807.747745523229241 ], [ 668333.279487608931959, 2180679.921961970627308 ], [ 668347.743722624727525, 2180620.791557670105249 ], [ 668238.129364316235296, 2180581.260542520321906 ], [ 668226.106071257265285, 2180576.856829097028822 ], [ 668191.546825264347717, 2180564.224984554108232 ], [ 668180.473065788508393, 2180560.239910017699003 ], [ 668165.572148232837208, 2180554.914783647283912 ], [ 668161.673071892349981, 2180553.456288797780871 ], [ 668148.445910590933636, 2180548.724435986950994 ], [ 668251.762990790070035, 2180380.315667429473251 ], [ 668305.565028175711632, 2180292.705125881358981 ], [ 668287.244677293230779, 2180137.485892562195659 ], [ 668279.578955575823784, 2180072.069557598792017 ], [ 668270.988232944742776, 2179999.278635088354349 ], [ 668268.995032446691766, 2179982.384838577825576 ], [ 668266.633504721336067, 2179957.37889127060771 ], [ 668258.719991248683073, 2179873.872463132254779 ], [ 668256.611592135974206, 2179817.352339807897806 ], [ 668217.557604764471762, 2179565.287701677996665 ], [ 668205.057975891511887, 2179514.941799635998905 ], [ 668197.314525183290243, 2179483.748090370092541 ], [ 668267.764568321872503, 2177827.148478590883315 ], [ 668109.058717765961774, 2176980.04410306038335 ], [ 668080.677585695404559, 2176828.779843965079635 ], [ 667996.570838756859303, 2176380.014358672779053 ], [ 667995.827223139698617, 2176368.614905986003578 ], [ 667994.954087668214925, 2176353.949578727595508 ], [ 667992.387389261159115, 2176312.202758241910487 ], [ 667991.207185665611178, 2176291.562692841049284 ], [ 667986.442993830423802, 2176212.365606151521206 ], [ 668012.849340657703578, 2175902.075086591299623 ], [ 668026.153328117216006, 2175745.759652446955442 ], [ 668039.24615872092545, 2175591.8948536477983 ], [ 668173.621439233189449, 2175087.426943582016975 ], [ 668320.580357618629932, 2174535.331976864021271 ], [ 668306.267736561363563, 2174508.733538548927754 ], [ 668293.068538609310053, 2174484.475767257157713 ], [ 668219.098534262506291, 2174347.90969302225858 ], [ 668213.722624504123814, 2174337.794309236109257 ], [ 668128.699607369140722, 2174180.635735518764704 ], [ 668102.32838969596196, 2174187.117977188434452 ], [ 668077.12842075957451, 2174193.364504672121257 ], [ 668061.254863417707384, 2174197.272006733808666 ], [ 668065.224037115229294, 2174176.962861655745655 ], [ 668076.224501465330832, 2174119.885457072407007 ], [ 668104.952743133879267, 2174113.718403214588761 ], [ 668112.988021274213679, 2174112.053753963671625 ], [ 668115.920850183931179, 2174111.40855636075139 ], [ 668118.426476863911375, 2174110.951022753026336 ], [ 668121.196104315808043, 2174110.291766401380301 ], [ 668126.807363642496057, 2174109.09169442858547 ], [ 668130.82020852365531, 2174108.315083689056337 ], [ 668151.167646272690035, 2174104.007523610722274 ], [ 668137.539479693747126, 2174051.317757993005216 ], [ 668111.026533352676779, 2173949.706045420840383 ], [ 668081.771469752769917, 2173836.971396732144058 ], [ 668059.097332268487662, 2173749.944271665997803 ], [ 668049.66731335374061, 2173681.903359696734697 ], [ 668003.296239195158705, 2173350.744376562070101 ], [ 668053.991264435229823, 2173159.260505642276257 ], [ 668100.598402958130464, 2172982.800495666451752 ], [ 668131.078637051279657, 2172867.57861303165555 ], [ 668151.45506108913105, 2172788.524095237255096 ], [ 668158.516067371703684, 2172760.961143796797842 ], [ 668176.055942415143363, 2172692.885804769117385 ], [ 668151.721309922868386, 2172610.765161700546741 ], [ 668134.583927046740428, 2172552.946373750455678 ], [ 668222.412444126443006, 2172270.268939277622849 ], [ 668228.907598650432192, 2172249.279050893615931 ], [ 668232.868080976651981, 2172236.71302497247234 ], [ 668254.888853680924512, 2172174.859654491767287 ], [ 668268.239706548512913, 2172137.288154911249876 ], [ 668304.266888478188775, 2171958.680374576244503 ], [ 668323.809854807564989, 2171862.605539388023317 ], [ 668327.544695086078718, 2171844.071462288033217 ], [ 668340.338280965690501, 2171780.525030959397554 ], [ 668345.959813166060485, 2171752.501076582353562 ], [ 668402.899904886493459, 2171565.031927806325257 ], [ 668403.552865184145048, 2171563.180148322600871 ], [ 668420.078358957660384, 2171508.82189867598936 ], [ 668421.672346898238175, 2171503.684068840462714 ], [ 668432.124504960258491, 2171469.229773220140487 ], [ 668438.438083965564147, 2171448.448598069604486 ], [ 668496.543371636420488, 2171257.038944808300585 ], [ 668520.268044847529382, 2171211.718850968405604 ], [ 668554.532631469191983, 2171146.206275179516524 ], [ 668567.434796696295962, 2171121.503337285015732 ], [ 668599.302037312765606, 2170964.534229095559567 ], [ 668632.788185584708117, 2170799.286481587681919 ], [ 668635.63075651251711, 2170785.389364853966981 ], [ 668674.99038895603735, 2170591.128636998124421 ], [ 668714.206972052808851, 2170388.998437241651118 ], [ 668794.62217439583037, 2169975.142739699222147 ], [ 668814.287337032030337, 2169873.913596617523581 ], [ 668834.630659942515194, 2169815.394138273317367 ], [ 668837.483353131916374, 2169807.1097750691697 ], [ 668843.592170911491849, 2169789.677901070099324 ], [ 668854.974218006245792, 2169756.874688974581659 ], [ 668894.01970752608031, 2169660.795471500139683 ], [ 668932.182264388073236, 2169567.333923656959087 ], [ 668967.977741375914775, 2169479.392597721889615 ], [ 669148.790153718087822, 2169035.691384684294462 ], [ 669300.352618777076714, 2168774.89186351839453 ], [ 669318.418891566805542, 2168743.787587693426758 ], [ 669364.98539868730586, 2168663.622352867852896 ], [ 669495.216580539941788, 2168439.483692777808756 ], [ 669751.787403070833534, 2167847.762584748677909 ], [ 669884.303531589801423, 2167542.109498836100101 ], [ 669979.568055483046919, 2167266.802332551218569 ], [ 670022.538488935912028, 2167142.664615181274712 ], [ 670208.344124191207811, 2166606.008955190423876 ], [ 670363.388353740097955, 2166160.870844712015241 ], [ 670408.713714733952656, 2166030.53798357071355 ], [ 670452.252118524396792, 2165905.663090333342552 ], [ 670508.933455814723857, 2165742.97349702520296 ], [ 670612.442315874737687, 2165525.061963842716068 ], [ 670704.900242023868486, 2165330.329396962653846 ], [ 670781.671867339056917, 2165168.589804739691317 ], [ 670872.098577699274756, 2164978.396663952153176 ], [ 670944.337972741574049, 2164890.12560228491202 ], [ 670962.199793471372686, 2164868.209164670668542 ], [ 671028.345970011781901, 2164787.606210814323276 ], [ 671041.472072051139548, 2164750.014713696204126 ], [ 671050.645957043278031, 2164723.867793558165431 ], [ 671215.805811046389863, 2164322.483678224962205 ], [ 671256.464455706183799, 2164223.514298745431006 ], [ 671303.355601553921588, 2164109.593226837459952 ], [ 671367.952932558488101, 2163952.751864743884653 ], [ 671456.557760402327403, 2163737.258741773664951 ], [ 671577.747100029489957, 2163494.388033504132181 ], [ 671735.615912026492879, 2163177.798082673922181 ], [ 671843.775715172989294, 2163011.48004724085331 ], [ 672043.098056549322791, 2162705.101920392364264 ], [ 672107.686879715532996, 2162594.2849644375965 ], [ 672239.177912714076228, 2162368.810870907269418 ], [ 672269.34387235797476, 2162317.091234484221786 ], [ 672275.832127000088803, 2162305.866223734803498 ], [ 672280.36762088094838, 2162298.176554074045271 ], [ 672308.023389813723043, 2162250.729847008362412 ], [ 672309.086337189539336, 2162248.913545703981072 ], [ 672464.853939531138167, 2161981.875907078851014 ], [ 672513.599097490427084, 2161898.201271323021501 ], [ 672547.542827063472942, 2161811.449042051564902 ], [ 672562.332917955121957, 2161773.77737359283492 ], [ 672571.224393441923894, 2161750.973822731524706 ], [ 672624.164588088635355, 2161698.757266865577549 ], [ 672767.137248384999111, 2161557.799291371367872 ], [ 672813.253500562510453, 2161502.635260100942105 ], [ 672889.124384046066552, 2161411.994368935935199 ], [ 672893.073329123901203, 2161407.284965071827173 ], [ 672901.437821077066474, 2161397.233049973845482 ], [ 672939.739561956375837, 2161351.495537953451276 ], [ 672938.929562032222748, 2161314.268754432909191 ], [ 672937.848468486452475, 2161267.813505775760859 ], [ 672953.990742568857968, 2161234.524958302266896 ], [ 672973.448250828660093, 2161194.33926890976727 ], [ 673009.029290131176822, 2161121.087964388541877 ], [ 673141.398232361651026, 2160933.527339126449078 ], [ 673215.469810308539309, 2160828.587966757360846 ], [ 673244.960434223059565, 2160786.690175059717149 ], [ 673366.397917760536075, 2160631.300101039931178 ], [ 673515.662380763562396, 2160426.685324257705361 ], [ 673706.712007835507393, 2160164.851946767419577 ], [ 673754.6456855769502, 2160049.004980087745935 ], [ 673764.25381783512421, 2160025.590477263089269 ], [ 673766.959084826055914, 2160019.089600594714284 ], [ 673767.584864347241819, 2160017.57225677696988 ], [ 673768.311719702091068, 2160015.839162393473089 ], [ 673778.494288326357491, 2159999.097717819269747 ], [ 673801.655485107097775, 2159960.917982161976397 ], [ 673821.782979036797769, 2159933.027449335902929 ], [ 673842.661248856107704, 2159904.079480402637273 ], [ 673867.172197472769767, 2159882.631177156232297 ], [ 673871.261329061235301, 2159879.169068888761103 ], [ 673902.170748853939585, 2159852.326140428427607 ], [ 673937.770418440108187, 2159811.29653594084084 ], [ 673946.373284652945586, 2159801.37822458287701 ], [ 673987.273656712844968, 2159747.674315814860165 ], [ 674020.46108683757484, 2159704.078256173059344 ], [ 674056.234853004221804, 2159652.511762286070734 ], [ 674069.227857770398259, 2159633.769181478768587 ], [ 674092.384396761655807, 2159600.41666858503595 ], [ 674103.014683347195387, 2159585.17367424769327 ], [ 674158.442933870013803, 2159527.342395948246121 ], [ 674164.285173915908672, 2159518.868588604032993 ], [ 674166.628755946992896, 2159515.591905840672553 ], [ 674183.659767457633279, 2159491.137821442447603 ], [ 674185.344063163385727, 2159488.814267668873072 ], [ 674206.898893775651231, 2159457.79267989192158 ], [ 674257.010959698003717, 2159386.253921365365386 ], [ 674338.067596179433167, 2159252.40257410146296 ], [ 674463.767076648073271, 2159122.426745884586126 ], [ 674488.466642654268071, 2159096.954831491690129 ], [ 674526.490826918277889, 2159057.484569584019482 ], [ 674573.82898248359561, 2158983.797796097584069 ], [ 674696.15119510400109, 2158813.117472037672997 ], [ 674706.725477937259711, 2158798.543667122721672 ], [ 674725.862516439985484, 2158771.691150956321508 ], [ 674769.06062575429678, 2158711.56587935006246 ], [ 674767.428245986578986, 2158705.6988092106767 ], [ 674765.637654714751989, 2158698.807650647591799 ], [ 674762.963614755426534, 2158688.808725240174681 ], [ 675017.924768794793636, 2158287.727240318898112 ], [ 675154.570851232623681, 2158072.828993305563927 ], [ 675194.001997345476411, 2158007.77492923848331 ], [ 675284.300963794928975, 2157858.902656774036586 ], [ 675309.867286871187389, 2157816.892808282282203 ], [ 675626.327913350774907, 2157295.655730120837688 ], [ 675854.994588720495813, 2156926.879174002446234 ], [ 675921.518922202754766, 2156819.501632520463318 ], [ 675992.547720881178975, 2156704.882127909455448 ], [ 676022.168138327542692, 2156660.868444735184312 ], [ 676028.987024809001014, 2156650.6840989314951 ], [ 676031.168514059390873, 2156647.393626505043358 ], [ 676122.892516954452731, 2156510.886885163839906 ], [ 676126.437772841774859, 2156504.234834950882941 ], [ 676152.680823228904046, 2156454.53887652233243 ], [ 676166.072050371323712, 2156429.433708107564598 ], [ 676171.592378627625294, 2156419.024193392135203 ], [ 676182.541592029039748, 2156398.309478567447513 ], [ 676214.022715040133335, 2156351.875939731951803 ], [ 676269.333444399409927, 2156270.243518074974418 ], [ 676272.834664790774696, 2156265.047120630275458 ], [ 676280.57868220587261, 2156253.708458160050213 ], [ 676290.697070658556186, 2156238.759350042790174 ], [ 676356.209641705150716, 2156142.185426833573729 ], [ 676437.929059062153101, 2155979.662390885408968 ], [ 676480.936922696069814, 2155925.812554344534874 ], [ 676530.904122089152224, 2155863.025910451542586 ], [ 676579.911571069736965, 2155804.646603448316455 ], [ 676599.477045322069898, 2155781.538660063408315 ], [ 676612.34423442534171, 2155766.267711826134473 ], [ 676619.143819159129634, 2155758.215033234097064 ], [ 676634.500802976544946, 2155739.905095329973847 ], [ 676668.985223127063364, 2155720.565815986599773 ], [ 676662.821219796547666, 2155713.742283071391284 ], [ 676643.304603307507932, 2155692.733459098264575 ], [ 676624.023564674542286, 2155671.857462090440094 ], [ 676664.77422605373431, 2155615.566370729822665 ], [ 676675.649565276224166, 2155600.458875608630478 ], [ 676829.102000469341874, 2155388.497816556598991 ], [ 677118.823314957786351, 2154988.007889411412179 ], [ 677139.415328947245143, 2154954.100135179236531 ], [ 677156.263961663236842, 2154926.265644471161067 ], [ 677174.95815243513789, 2154888.600028157699853 ], [ 677243.851921851513907, 2154749.662507304456085 ], [ 677678.140359997283667, 2154140.833791535813361 ], [ 677907.540667457971722, 2153925.401241006329656 ], [ 678378.309373879223131, 2153483.470133974216878 ], [ 678300.351665714406408, 2153355.527800787705928 ], [ 678290.430192083702423, 2153334.11656836187467 ], [ 678348.954472666489892, 2153260.519415523391217 ], [ 678361.174027401953936, 2153245.19374371599406 ], [ 678405.624608586076647, 2153183.617154452484101 ], [ 678411.335100145428441, 2153175.807235823012888 ], [ 678497.476568720070645, 2153056.904635959304869 ], [ 678542.733567472547293, 2152994.612964427098632 ], [ 678553.588883873890154, 2152971.309351054951549 ], [ 678557.152785478974693, 2152963.536721632350236 ], [ 678571.957735653035343, 2152931.820509928744286 ], [ 678813.351999871665612, 2152619.326015700120479 ], [ 678871.651630693231709, 2152543.690743617713451 ], [ 678916.887152803945355, 2152500.597267176955938 ], [ 678921.955950643401593, 2152495.426116683986038 ], [ 678933.813689333503135, 2152483.325350256171077 ], [ 678977.072241502231918, 2152439.273612974211574 ], [ 679061.129851488163695, 2152368.021532723680139 ], [ 679078.405988829210401, 2152353.36267736274749 ], [ 679087.84593704843428, 2152337.795008312445134 ], [ 679109.536887601949275, 2152301.852833416312933 ], [ 679324.982795560266823, 2152060.305516049265862 ], [ 679406.158377329120412, 2151969.268615094479173 ], [ 679537.053013858618215, 2151822.621512901037931 ], [ 679569.004021725384519, 2151789.148441577795893 ], [ 679573.645008732215501, 2151784.164760268758982 ], [ 679576.820839369203895, 2151780.849458368495107 ], [ 679582.989362776861526, 2151774.427404990419745 ], [ 679584.791608739411458, 2151772.676208616234362 ], [ 679654.120957128470764, 2151700.254132108297199 ], [ 679717.625490295002237, 2151628.446175521239638 ], [ 679922.594683252973482, 2151436.406543395482004 ], [ 679930.936364666325971, 2151428.715080884285271 ], [ 679947.43661215226166, 2151413.540719707030803 ], [ 679988.321171169518493, 2151376.022032999433577 ], [ 680007.510660385712981, 2151358.38825645018369 ], [ 680048.762108410592191, 2151320.452781942207366 ], [ 680109.275969789014198, 2151265.002538551110774 ], [ 680183.271244900068268, 2151210.057964853476733 ], [ 680602.880614703870378, 2150872.544527106918395 ], [ 680815.272090338519774, 2150701.719238790217787 ], [ 681016.396179764065892, 2150556.072960638906807 ], [ 681079.265782951028086, 2150510.603077536914498 ], [ 681343.354105734382756, 2150319.502512391656637 ], [ 681355.420665328623727, 2150311.68938824115321 ], [ 681368.793106961296871, 2150303.092433587647974 ], [ 681381.105273004621267, 2150295.300856753252447 ], [ 681399.098981043323874, 2150283.852651654276997 ], [ 681483.150918906321749, 2150230.135867895558476 ], [ 681511.226307622040622, 2150208.118610958103091 ], [ 681519.901947226258926, 2150201.355970308650285 ], [ 681529.025915491394699, 2150194.183498677797616 ], [ 681651.330722809303552, 2150098.346496543381363 ], [ 681959.435851188609377, 2149951.204609801527113 ], [ 682030.189067169674672, 2149917.54801919683814 ], [ 682486.448575550690293, 2149699.990832215640694 ], [ 682497.552047997131012, 2149693.778949039522558 ], [ 682659.942391386954114, 2149602.931899936404079 ], [ 682805.332706712884828, 2149638.148113978095353 ], [ 682774.155348271597177, 2149612.730710968840867 ], [ 682755.456658701994456, 2149597.391187274362892 ], [ 682697.584935648948886, 2149549.981983171775937 ], [ 682706.106372271198779, 2149497.059001717250794 ], [ 682707.38343301427085, 2149489.086766054853797 ], [ 682707.805023821885698, 2149487.102686919271946 ], [ 682715.457638352643698, 2149439.380684659816325 ], [ 682624.514820063952357, 2149442.628433546517044 ], [ 682647.366723822662607, 2149276.210472587961704 ], [ 682687.101844968507066, 2149189.085418981034309 ], [ 682780.19064884306863, 2148984.703750230371952 ], [ 682895.784645165316761, 2148842.593656711280346 ], [ 682898.117482213419862, 2148837.633402132894844 ], [ 682924.540292717283592, 2148779.095272639300674 ], [ 682961.811027468065731, 2148708.821397841442376 ], [ 682982.868103145970963, 2148669.125030781608075 ], [ 683064.215308972867206, 2148515.925579904112965 ], [ 683078.495583073003218, 2148487.648700391873717 ], [ 683079.166503675165586, 2148486.584766804240644 ], [ 683135.872953287675045, 2148374.451483793091029 ], [ 683141.750207438948564, 2148362.953136865049601 ], [ 683151.727773146238178, 2148343.281229483429343 ], [ 683209.631091172457673, 2148348.140906041953713 ], [ 683226.358505362994038, 2148320.191336543764919 ], [ 683267.832233475521207, 2148250.960911516100168 ], [ 683277.41843173513189, 2148225.41595204314217 ], [ 683286.952160461223684, 2148199.529531527776271 ], [ 683288.692687428207137, 2148194.741873647551984 ], [ 683300.392361414502375, 2148162.982310704886913 ], [ 683301.797843398409896, 2148146.038522318005562 ], [ 683303.275414673611522, 2148129.213345997501165 ], [ 683398.809177397284657, 2147887.882658566348255 ], [ 683403.486066359910183, 2147831.814181092660874 ], [ 683436.594034128123894, 2147834.385223607998341 ], [ 683469.446571984793991, 2147837.046256479341537 ], [ 683477.234304936020635, 2147816.957603299990296 ], [ 683480.787779533304274, 2147807.500944462604821 ], [ 683483.896299236221239, 2147799.352620802354068 ], [ 683490.601045346003957, 2147782.200533348601311 ], [ 683485.843998475233093, 2147777.178995402529836 ], [ 683476.873672860325314, 2147767.520547196734697 ], [ 683467.73956715175882, 2147757.847724656574428 ], [ 683457.079803576343693, 2147740.180959987454116 ], [ 683446.328321165405214, 2147722.618440411984921 ], [ 683451.11048781638965, 2147667.23281714040786 ], [ 683489.506702469312586, 2147635.90925947856158 ], [ 683512.881167196901515, 2147616.852833953220397 ], [ 683534.828204397577792, 2147599.018497236073017 ], [ 683574.652622901601717, 2147566.473305186256766 ], [ 683603.065168607630767, 2147568.969331142026931 ], [ 683617.404047897900455, 2147570.116747814230621 ], [ 683631.487494488363154, 2147571.354035461787134 ], [ 683639.543929798877798, 2147590.476643456146121 ], [ 683655.276631609653123, 2147628.351627593394369 ], [ 683665.460026985500008, 2147652.377120648510754 ], [ 683679.633218682138249, 2147647.895839039236307 ], [ 683683.874054682441056, 2147646.584167689550668 ], [ 683695.74840383476112, 2147642.911499970126897 ], [ 683706.856475999811664, 2147639.508376055862755 ], [ 683749.693989076418802, 2147626.205035099759698 ], [ 683776.549141418538056, 2147602.290045148227364 ], [ 683829.618212199071422, 2147555.189925665035844 ], [ 683829.967363730072975, 2147539.949754139408469 ], [ 683835.616448961663991, 2147299.143917054403573 ], [ 683843.450422290479764, 2147168.682241210248321 ], [ 683843.564373985980637, 2147166.446532437577844 ], [ 683844.835592334857211, 2147146.346738419495523 ], [ 683848.566486971569248, 2147083.23290209332481 ], [ 683849.296458177035674, 2147071.170136677101254 ], [ 683853.506254496634938, 2146999.789146655239165 ], [ 683898.153288267669268, 2146850.441700572147965 ], [ 683917.239409368950874, 2146786.319081318564713 ], [ 683934.578406387590803, 2146727.994090996682644 ], [ 683915.954980325419456, 2146709.851258218288422 ], [ 683896.889087157556787, 2146691.108157454524189 ], [ 683868.28997324150987, 2146688.81951892375946 ], [ 683839.87421377596911, 2146686.32252454245463 ], [ 683831.129808759433217, 2146690.045608710031956 ], [ 683821.681339854490943, 2146694.268269003834575 ], [ 683818.596236655605026, 2146695.569195706862956 ], [ 683801.343356842291541, 2146703.148432789370418 ], [ 683797.308521931059659, 2146704.927349907811731 ], [ 683785.345628056442365, 2146722.740360897034407 ], [ 683783.92147728591226, 2146724.860958385746926 ], [ 683768.907410622574389, 2146747.346499348990619 ], [ 683816.979910244117491, 2146762.799111456610262 ], [ 683817.191764441435225, 2146780.109851446002722 ], [ 683817.678649372886866, 2146807.438253202475607 ], [ 683817.732054176973179, 2146810.586967419367284 ], [ 683817.785458729136735, 2146813.73568149516359 ], [ 683817.798809817177244, 2146814.522860010620207 ], [ 683817.809489856474102, 2146817.218673863448203 ], [ 683818.315043681301177, 2146841.51697270013392 ], [ 683746.930388204636984, 2146902.616474415641278 ], [ 683730.937519275234081, 2146915.583962619770318 ], [ 683713.068434490589425, 2146930.183214979246259 ], [ 683684.714434704510495, 2146953.293380015529692 ], [ 683676.245073780301027, 2146995.218032788019627 ], [ 683655.601443256367929, 2147096.819842194672674 ], [ 683658.034857049933635, 2147096.359908811748028 ], [ 683692.843225511605851, 2147090.884270627517253 ], [ 683693.426213968545198, 2147090.823204506654292 ], [ 683695.103083532652818, 2147090.521386191248894 ], [ 683709.081454860395752, 2147088.268639408517629 ], [ 683747.643299340736121, 2147082.337013650685549 ], [ 683744.70619127410464, 2147115.764767793938518 ], [ 683738.831978292088024, 2147182.620240217074752 ], [ 683712.156273996341042, 2147177.244722402188927 ], [ 683659.951164926984347, 2147166.594675383064896 ], [ 683649.823249544249848, 2147164.469759203959256 ], [ 683641.549313300754875, 2147162.844589031301439 ], [ 683521.299327159067616, 2147028.767016890924424 ], [ 683517.728535861009732, 2146980.170457732863724 ], [ 683517.396412027999759, 2146976.435851715505123 ], [ 683513.730252285138704, 2146927.044896333478391 ], [ 683557.280611113179475, 2146891.570052001159638 ], [ 683575.945168596343137, 2146876.366616460029036 ], [ 683663.152823126758449, 2146875.605961673427373 ], [ 683691.566961275762878, 2146875.295073149260134 ], [ 683694.836597402812913, 2146838.07871516328305 ], [ 683701.356294880388305, 2146763.868807441089302 ], [ 683719.478630137513392, 2146761.418652748689055 ], [ 683722.812928716768511, 2146761.037876890506595 ], [ 683727.752067789668217, 2146760.236668521538377 ], [ 683730.012020342401229, 2146759.873792038764805 ], [ 683731.178046350600198, 2146759.751664536073804 ], [ 683751.468681921367534, 2146757.042940148152411 ], [ 683734.164847356034443, 2146728.573878449387848 ], [ 683722.628880566218868, 2146709.594520739279687 ], [ 683699.448679455555975, 2146701.045400952920318 ], [ 683682.662988021620549, 2146694.854701826814562 ], [ 683649.328614927828312, 2146695.744031590875238 ], [ 683619.554671188700013, 2146696.497116782236844 ], [ 683613.68177399574779, 2146696.654940886422992 ], [ 683583.416510720388032, 2146697.365003705490381 ], [ 683601.178513745544478, 2146609.76985339820385 ], [ 683612.518625136348419, 2146553.949036649428308 ], [ 683616.433760549291037, 2146509.378343943506479 ], [ 683602.991707116947509, 2146474.511631808243692 ], [ 683626.810198545572348, 2146404.403561516199261 ], [ 683636.368485476821661, 2146376.385499863885343 ], [ 683718.882348270621151, 2146282.575954362284392 ], [ 683704.571163169573992, 2146273.570910344365984 ], [ 683687.674898596014827, 2146262.991359082516283 ], [ 683672.420064685516991, 2146253.454334346577525 ], [ 683656.313295964966528, 2146243.28107087733224 ], [ 683761.682446995051578, 2145983.273153952788562 ], [ 683760.85579492058605, 2145960.743067555129528 ], [ 683759.366239887545817, 2145915.697267543524504 ], [ 683776.810444050235674, 2145878.715225437190384 ], [ 683799.95713515591342, 2145829.433418860659003 ], [ 683798.385533298249356, 2145812.564501827582717 ], [ 683795.68307489505969, 2145784.142899938859046 ], [ 683872.142588907852769, 2145697.325035499408841 ], [ 683932.200528339250013, 2145629.05368558363989 ], [ 684024.91235899052117, 2145523.565435483120382 ], [ 684040.625994853442535, 2145457.461189239285886 ], [ 684064.283571807667613, 2145358.256265666335821 ], [ 684056.521387485321611, 2145333.881235668435693 ], [ 684038.314429744030349, 2145277.147543332073838 ], [ 684041.664968372439034, 2145193.001051732804626 ], [ 684042.36373026156798, 2145175.657735418528318 ], [ 684042.753608691506088, 2145165.58602799102664 ], [ 684043.474607913638465, 2145146.111177907325327 ], [ 684043.897427235147916, 2145136.603805254213512 ], [ 684043.962406309321523, 2145134.925186687149107 ], [ 684043.916102159419097, 2145133.573654277715832 ], [ 684044.140416029491462, 2145128.203514152206481 ], [ 684044.429708379437216, 2145121.154754879884422 ], [ 684044.85161418793723, 2145108.840083845425397 ], [ 684039.164386515971273, 2145099.35720089962706 ], [ 684034.03447496809531, 2145091.046185008715838 ], [ 684023.135374748264439, 2145073.245100231841207 ], [ 684055.829992617131211, 2145017.728148004040122 ], [ 684093.181267579435371, 2144954.311131169088185 ], [ 684130.156470431829803, 2144891.422588407061994 ], [ 684095.936401475453749, 2144882.576079847756773 ], [ 684065.444906345685013, 2144874.506549851037562 ], [ 684074.37187413405627, 2144851.82267258502543 ], [ 684086.814676951500587, 2144820.127789022866637 ], [ 684092.140372547903098, 2144795.218508198391646 ], [ 684094.992857248871587, 2144781.545352049637586 ], [ 684095.584898799541406, 2144778.565578103996813 ], [ 684097.897879840573296, 2144768.213678613770753 ], [ 684100.900835714302957, 2144753.767719451803714 ], [ 684095.98622685065493, 2144753.335808218456805 ], [ 684076.245878509245813, 2144751.600996027234942 ], [ 684082.221642389427871, 2144740.897243234794587 ], [ 684088.115510026458651, 2144730.186295145191252 ], [ 684089.99496105813887, 2144726.645924197509885 ], [ 684092.342721259221435, 2144722.472974714823067 ], [ 684093.714697176706977, 2144720.010897294152528 ], [ 684094.801771890372038, 2144717.972938646096736 ], [ 684096.966130193672143, 2144714.008450187277049 ], [ 684105.806989141274244, 2144697.942040497437119 ], [ 684115.643841254641302, 2144641.426764254458249 ], [ 684140.608883365872316, 2144497.307828323449939 ], [ 684167.932984678074718, 2144351.711673139594495 ], [ 684173.807429432636127, 2144320.562289072666317 ], [ 684202.51582979306113, 2144167.676421850454062 ], [ 684209.966430583270267, 2144136.440931861754507 ], [ 684215.453794432920404, 2144113.454628230072558 ], [ 684215.836655711638741, 2144111.916219250764698 ], [ 684215.987127947038971, 2144111.14341489225626 ], [ 684217.770550933899358, 2144104.0013158316724 ], [ 684228.725771603290923, 2144058.251557806972414 ], [ 684248.353730654926039, 2144020.899785306304693 ], [ 684268.053973771515302, 2143983.666674389038235 ], [ 684301.788267830852419, 2143977.42406988888979 ], [ 684303.374099921318702, 2143977.226594870910048 ], [ 684309.746813713340089, 2143976.102410394698381 ], [ 684391.015226860181428, 2143893.975619897246361 ], [ 684387.54350818390958, 2143888.392769418656826 ], [ 684383.711166223161854, 2143882.216766273137182 ], [ 684396.774880317272618, 2143859.447344680782408 ], [ 684456.523669168003835, 2143755.441435270942748 ], [ 684479.337548416224308, 2143715.675078442320228 ], [ 684482.255636819056235, 2143710.653974384069443 ], [ 684498.817658437066711, 2143681.903920916374773 ], [ 684548.61567418219056, 2143595.326824326999485 ], [ 684558.377149531035684, 2143550.033545043319464 ], [ 684562.739162228768691, 2143529.530962729360908 ], [ 684600.311231322935782, 2143449.627005993854254 ], [ 684612.880213973694481, 2143423.108608670998365 ], [ 684631.800177884986624, 2143397.597861103247851 ], [ 684659.161572480690666, 2143360.58971688663587 ], [ 684711.826495712040924, 2143132.553164007607847 ], [ 684701.682791670318693, 2143127.730888987425715 ], [ 684677.76387647271622, 2143116.194946124684066 ], [ 684724.291008137399331, 2143058.413900513201952 ], [ 684756.637288664816879, 2143018.250875773373991 ], [ 684760.60788014321588, 2142978.736469954252243 ], [ 684761.121011735289358, 2142973.840755733661354 ], [ 684762.970480893971398, 2142954.689205375500023 ], [ 684764.094745928188786, 2142943.783473934046924 ], [ 684765.310740905115381, 2142932.773516754619777 ], [ 684768.879543238668703, 2142897.827709744684398 ], [ 684820.770929104299285, 2142784.70950672077015 ], [ 684921.250690217479132, 2142558.519667747430503 ], [ 684957.191342570818961, 2142468.14145712275058 ], [ 684967.046165127307177, 2142443.405626822728664 ], [ 684971.405325634637848, 2142432.335236522369087 ], [ 684978.188131668954156, 2142415.301950476597995 ], [ 684994.517608825233765, 2142360.142877194099128 ], [ 685003.794092233642004, 2142328.843177664093673 ], [ 685030.601418488193303, 2142298.187387460842729 ], [ 685083.879108195542358, 2142236.958641671109945 ], [ 685155.057730986154638, 2142171.241383113898337 ], [ 685224.605726753245108, 2142107.177818613126874 ], [ 685194.367866272456013, 2142093.287667938042432 ], [ 685246.256933955126442, 2142053.497822879813612 ], [ 685290.276445279130712, 2141996.171641701832414 ], [ 685388.340242804959416, 2141868.028458164073527 ], [ 685403.44868168362882, 2141848.359290088992566 ], [ 685429.681312075117603, 2141813.948130743112415 ], [ 685473.713092623860575, 2141756.511377720627934 ], [ 685448.372262597666122, 2141748.890650941058993 ], [ 685430.340974731254391, 2141743.597805673722178 ], [ 685420.038773327483796, 2141740.557422644924372 ], [ 685370.802423905930482, 2141725.780506096314639 ], [ 685378.858092026086524, 2141651.140162609983236 ], [ 685381.076484860037453, 2141634.378991277422756 ], [ 685381.164750891039148, 2141633.376112269703299 ], [ 685382.437511968309991, 2141623.606243925634772 ], [ 685383.291396766086109, 2141616.719157111365348 ], [ 685385.29055004415568, 2141601.510802796576172 ], [ 685391.752458706265315, 2141551.547126360237598 ], [ 685392.235211791703478, 2141541.370835741050541 ], [ 685392.593952889204957, 2141533.541809536516666 ], [ 685392.802745361463167, 2141529.293002804741263 ], [ 685393.109611479681917, 2141523.929884624201804 ], [ 685393.324725840357132, 2141518.670985129661858 ], [ 685398.847098151803948, 2141487.826908538118005 ], [ 685405.050341761787422, 2141453.00015055667609 ], [ 685422.417400757200085, 2141402.985559102613479 ], [ 685437.232941080234013, 2141360.382413401734084 ], [ 685485.214787836419418, 2141222.440712842158973 ], [ 685495.158281924552284, 2141172.334125189110637 ], [ 685500.089082428603433, 2141147.277218421455473 ], [ 685499.888800082262605, 2141145.799756039865315 ], [ 685499.544238274917006, 2141144.085004155058414 ], [ 685499.311049751820974, 2141142.043171009514481 ], [ 685498.743107010959648, 2141138.1751543818973 ], [ 685498.280209305463359, 2141134.990153145045042 ], [ 685497.157609255285934, 2141128.041353094391525 ], [ 685495.177862230339088, 2141113.942528504878283 ], [ 685532.161179599585012, 2141036.233269216958433 ], [ 685544.837455318775028, 2141009.499942077789456 ], [ 685556.766186083783396, 2140966.867205196525902 ], [ 685592.6049150058534, 2140926.563850502017885 ], [ 685612.493002586066723, 2140884.519509703852236 ], [ 685615.825208338676021, 2140877.625958911608905 ], [ 685619.786462938529439, 2140869.215652320533991 ], [ 685632.351838264497928, 2140842.809493098407984 ], [ 685655.499548290506937, 2140759.053651991765946 ], [ 685679.587732709129341, 2140672.123992879409343 ], [ 685701.154492899542674, 2140473.125697687268257 ], [ 685731.904769766726531, 2140217.664494283497334 ], [ 685732.185031421482563, 2140194.780751497019082 ], [ 685734.352436497691087, 2140061.339036010205746 ], [ 685761.130881788907573, 2139975.768580573610961 ], [ 685733.616888666525483, 2139966.496142075862736 ], [ 685710.430609907256439, 2139958.727762639522552 ], [ 685723.938388996524736, 2139918.81644974462688 ], [ 685743.432051586802118, 2139861.576973735354841 ], [ 685755.573927888413891, 2139825.924962035845965 ], [ 685850.395844917744398, 2139718.046524354722351 ], [ 685945.49553243117407, 2139609.856443259865046 ], [ 686072.150384738110006, 2139466.040675083175302 ], [ 686159.340673021972179, 2139428.015512513928115 ], [ 686155.774252264527604, 2139395.359651993494481 ], [ 686145.295091179548763, 2139301.454141035676003 ], [ 686150.08003639895469, 2139184.29987412225455 ], [ 686159.851611956721172, 2138943.944589469581842 ], [ 686170.336263683624566, 2138921.510101491119713 ], [ 686210.479385867714882, 2138836.218254203442484 ], [ 686188.313640580861829, 2138710.849927119445056 ], [ 686237.487806601100601, 2138643.085886937566102 ], [ 686272.632389332051389, 2138594.861360456328839 ], [ 686287.847949831513688, 2138620.009061481337994 ], [ 686288.867977414047346, 2138621.558802660554647 ], [ 686301.423415202531032, 2138642.204842894803733 ], [ 686308.696069457335398, 2138642.171753531787544 ], [ 686316.050698787206784, 2138642.145892828237265 ], [ 686374.107284438796341, 2138641.421297633089125 ], [ 686417.025128153152764, 2138640.935396592598408 ], [ 686473.237766173086129, 2138632.075841578189284 ], [ 686509.026489616255276, 2138626.245676875580102 ], [ 686529.763219684828073, 2138565.297982150688767 ], [ 686553.1550431313226, 2138496.723327488638461 ], [ 686601.991855512838811, 2138222.861992042511702 ], [ 686633.216097276075743, 2138047.619040858466178 ], [ 686663.13130335486494, 2137996.913235087413341 ], [ 686665.645850430126302, 2137992.755166782531887 ], [ 686705.242710088030435, 2137925.945478811860085 ], [ 686725.815085897222161, 2137891.261288221925497 ], [ 686777.271279610460624, 2137804.272398115135729 ], [ 686801.113736221916042, 2137769.988857092801481 ], [ 686843.49096597044263, 2137709.151917389594018 ], [ 686864.414110281970352, 2137691.119284112937748 ], [ 686886.389932950492948, 2137672.393396673724055 ], [ 686936.876983701018617, 2137629.229142403695732 ], [ 686950.724377776496112, 2137617.423175270669162 ], [ 687007.533901196205989, 2137566.281877606641501 ], [ 687121.237078752252273, 2137464.00764889921993 ], [ 687183.147746576461941, 2137442.178575126919895 ], [ 687200.029858665424399, 2137436.255666451528668 ], [ 687248.190609372453764, 2137419.503213786054403 ], [ 687274.710918331053108, 2137410.163148291409016 ], [ 687362.612593035330065, 2137390.62804919667542 ], [ 687377.865246403613128, 2137387.256980499252677 ], [ 687431.638262306107208, 2137375.268156241159886 ], [ 687446.307238814886659, 2137371.958019292447716 ], [ 687527.555867526796646, 2137353.859114647842944 ], [ 687572.872114764410071, 2137354.376590879168361 ], [ 687698.821728207054548, 2137355.946458731777966 ], [ 687824.679643506999128, 2137357.622557412367314 ], [ 687890.27778926549945, 2137082.545769160613418 ], [ 687870.38662749377545, 2137067.313452313188463 ], [ 687842.748772768652998, 2137046.231424732133746 ], [ 687803.808892209199257, 2137016.515289720147848 ], [ 687773.76663854799699, 2136993.649057548027486 ], [ 687743.310589028405957, 2136958.617778112180531 ], [ 687698.819844466401264, 2136907.524054595734924 ], [ 687540.360282782814465, 2136725.536454271990806 ], [ 687515.331518901512027, 2136712.322476587258279 ], [ 687511.143107315059751, 2136710.156093848403543 ], [ 687508.463435420067981, 2136708.684340848587453 ], [ 687490.148516428424045, 2136698.982674653176218 ], [ 687474.749392628436908, 2136690.885928401723504 ], [ 687413.65439693199005, 2136658.431208049412817 ], [ 687391.571745411143638, 2136660.526045967824757 ], [ 687355.159838308929466, 2136663.939899167977273 ], [ 687288.347932231496088, 2136670.06303625786677 ], [ 687142.692647429183125, 2136725.047699685208499 ], [ 687139.243469369946979, 2136764.161448256578296 ], [ 687135.876286529819481, 2136803.28241138998419 ], [ 687191.47041219775565, 2136830.64542809035629 ], [ 687212.082211257424206, 2136818.987015548162162 ], [ 687217.634468627395108, 2136815.995334474369884 ], [ 687218.933169026509859, 2136815.323759694118053 ], [ 687233.369679206167348, 2136807.163637533318251 ], [ 687278.571720734238625, 2136781.839614170603454 ], [ 687285.619843628723174, 2136781.562856155913323 ], [ 687306.560914031579159, 2136781.163895596750081 ], [ 687310.28013316472061, 2136781.155044188722968 ], [ 687324.274735634448007, 2136780.817229227628559 ], [ 687332.562604771926999, 2136780.537565804086626 ], [ 687334.304138709791005, 2136780.466579757630825 ], [ 687335.963678656611592, 2136780.388361518271267 ], [ 687339.856717083486728, 2136780.282554466743022 ], [ 687378.295152048580348, 2136779.181192612741143 ], [ 687464.792153985705227, 2136831.845077669713646 ], [ 687515.244822933454998, 2136895.928893584292382 ], [ 687520.00074986286927, 2136901.963629213161767 ], [ 687526.167044698609971, 2136909.807342397980392 ], [ 687569.176589740323834, 2136964.587550157215446 ], [ 687563.966609734110534, 2136990.85571128455922 ], [ 687562.69119620451238, 2136997.81819739099592 ], [ 687554.074661503895186, 2137042.090982320252806 ], [ 687541.526818711310625, 2137042.892908712849021 ], [ 687526.233937933808193, 2137043.901850754860789 ], [ 687497.809464787947945, 2137045.773612789344043 ], [ 687479.115634049871005, 2137046.931779499631375 ], [ 687409.95037128648255, 2137031.059375798329711 ], [ 687366.441976431407966, 2137021.269150269217789 ], [ 687333.802411431213841, 2137013.78553889458999 ], [ 687314.370164636522532, 2137009.263881966937333 ], [ 687305.787173532648012, 2137007.271475355140865 ], [ 687297.440324650844559, 2137005.412209379021078 ], [ 687279.300253227236681, 2137001.229224134236574 ], [ 687234.837172762607224, 2136991.018644294235855 ], [ 687162.348737384658307, 2136974.406203804537654 ], [ 687035.6543496173108, 2136907.195846403483301 ], [ 687037.295193188008852, 2136888.586183378472924 ], [ 687045.42724735243246, 2136795.419149406719953 ], [ 687051.992505825241096, 2136789.372229282744229 ], [ 687090.53822601865977, 2136754.251531692687422 ], [ 687092.550276296329685, 2136630.223243811633438 ], [ 687093.764904356561601, 2136558.344873995054513 ], [ 687094.126052071573213, 2136534.568720327690244 ], [ 687094.49466220010072, 2136518.20514532038942 ], [ 687118.758240703027695, 2136431.401446395087987 ], [ 687144.136971882078797, 2136341.326969366986305 ], [ 687167.522701986250468, 2136257.927137183491141 ], [ 687171.28318281727843, 2136244.333257569000125 ], [ 687214.770622447831556, 2136089.484824114479125 ], [ 687231.782729424885474, 2136049.320810029748827 ], [ 687259.865468524745665, 2135982.955866427626461 ], [ 687294.597559355199337, 2135888.989355757366866 ], [ 687314.387106870417483, 2135835.144754762761295 ], [ 687322.522707277792506, 2135813.17708553886041 ], [ 687463.976256679743528, 2135509.969442727975547 ], [ 687468.954586258158088, 2135498.504417835269123 ], [ 687470.204085483564995, 2135495.582443673629314 ], [ 687471.748758132685907, 2135492.124989783857018 ], [ 687485.719673290732317, 2135460.227857136167586 ], [ 687500.19902587425895, 2135427.252544573973864 ], [ 687516.36417485983111, 2135390.158412212505937 ], [ 687676.00244238122832, 2135191.988213214557618 ], [ 687708.226186812622473, 2135151.819032211322337 ], [ 687792.975717489840463, 2135046.544072279706597 ], [ 687864.629205641453154, 2134957.633412296883762 ], [ 687915.68699765810743, 2134894.195395877584815 ], [ 687980.670743371592835, 2134813.456511415541172 ], [ 687895.956990789389238, 2134766.560376478359103 ], [ 687870.003627169993706, 2134809.640962656121701 ], [ 687837.470425975276157, 2134863.595983409322798 ], [ 687786.150515035958961, 2134831.664780705235898 ], [ 687774.16279709560331, 2134824.205578811466694 ], [ 687744.700307342456654, 2134827.445620259270072 ], [ 687743.952342890552245, 2134827.49192518228665 ], [ 687715.247683849185705, 2134830.574335760902613 ], [ 687659.777433113078587, 2134952.471745540387928 ], [ 687642.781079318956472, 2134989.604852989781648 ], [ 687576.204124494688585, 2135136.240152612328529 ], [ 687571.192638452746905, 2135147.140739941969514 ], [ 687488.710976423230022, 2135159.293185625690967 ], [ 687450.271698618191294, 2135164.999163246247917 ], [ 687404.038383214734495, 2135171.927054914645851 ], [ 687398.937428061617538, 2135172.600193593185395 ], [ 687376.906613334082067, 2135175.935412258841097 ], [ 687304.366539419279434, 2135250.621194096282125 ], [ 687285.369100793381222, 2135270.171242386568338 ], [ 687267.838100220891647, 2135289.96294235624373 ], [ 687184.943389762891456, 2135335.885236827190965 ], [ 687201.878845672123134, 2135305.035152987577021 ], [ 687203.141488934052177, 2135302.900419888086617 ], [ 687214.469024924794212, 2135282.224686061963439 ], [ 687275.525935836718418, 2135228.087850564625114 ], [ 687296.147382173454389, 2135209.804013218265027 ], [ 687375.764028331032023, 2135139.223630839958787 ], [ 687371.911298176506534, 2135098.5667939116247 ], [ 687369.231050158618018, 2135069.91755543043837 ], [ 687362.934406943619251, 2135003.552195002324879 ], [ 687387.860263735987246, 2134955.213736324105412 ], [ 687388.35878352902364, 2134954.246967657003552 ], [ 687412.776553445146419, 2134906.98676595883444 ], [ 687442.66873700346332, 2134879.188829884398729 ], [ 687446.36549582099542, 2134875.696548670064658 ], [ 687452.676563093438745, 2134869.739556985441595 ], [ 687469.415404101950116, 2134854.258048831950873 ], [ 687511.654736716067418, 2134814.859017760958523 ], [ 687539.99676312354859, 2134701.573305005673319 ], [ 687550.021321585401893, 2134661.017250739969313 ], [ 687607.095786291873083, 2134576.208454412873834 ], [ 687635.161535726278089, 2134539.153173824306577 ], [ 687663.237358939484693, 2134501.986539447680116 ], [ 687697.238924985518679, 2134470.733420128934085 ], [ 687708.300563793280162, 2134460.591200613882393 ], [ 687741.056856547365896, 2134479.990188555326313 ], [ 687749.304960699519143, 2134484.873243637848645 ], [ 687800.909524858812802, 2134515.481537144165486 ], [ 687819.059115649899468, 2134526.179830917157233 ], [ 687821.934738166164607, 2134549.793024186510593 ], [ 687838.695383577141911, 2134685.813375393394381 ], [ 687890.181801121914759, 2134690.581806679721922 ], [ 687903.058317946386524, 2134691.718249199446291 ], [ 687933.231107261381112, 2134537.154240668285638 ], [ 687936.91156737296842, 2134529.168499257415533 ], [ 687961.251304335775785, 2134476.287226486951113 ], [ 687964.331507808179595, 2134469.483865260146558 ], [ 688020.373062589671463, 2134347.750016945879906 ], [ 688106.990346546866931, 2134159.647378364112228 ], [ 688122.293943112599663, 2134123.937453927937895 ], [ 688124.183520643622614, 2134119.387421058956534 ], [ 688131.043122523813508, 2134103.484030555468053 ], [ 688142.190423754625954, 2134077.402412693947554 ], [ 688162.300332732731476, 2134030.324691738467664 ], [ 688190.418453352409415, 2133964.637351476121694 ], [ 688236.149006794090383, 2133894.215889624785632 ], [ 688287.536463938071392, 2133814.972630199044943 ], [ 688275.271492712665349, 2133796.594499888829887 ], [ 688272.364371414296329, 2133792.070173490326852 ], [ 688258.9443381910678, 2133771.79318395908922 ], [ 688258.671859768684953, 2133767.389177958015352 ], [ 688258.566744793555699, 2133763.898399751633406 ], [ 688258.510825190460309, 2133759.850433181971312 ], [ 688258.317157173180021, 2133757.36259351670742 ], [ 688220.833058992982842, 2133715.64433803781867 ], [ 688257.995634404011071, 2133667.376763846725225 ], [ 688268.15507417882327, 2133365.045848684385419 ], [ 688286.080613843281753, 2133294.976736546494067 ], [ 688293.416232995921746, 2133266.199998531024903 ], [ 688348.740909757325426, 2133169.559333097655326 ], [ 688426.444193071103655, 2133033.90281265694648 ], [ 688431.638272073352709, 2133024.703050429467112 ], [ 688506.297211336437613, 2132687.634915919043124 ], [ 688623.354552430449985, 2132158.893843755591661 ], [ 688648.761148498510011, 2132142.719229854643345 ], [ 689076.370456734206527, 2131869.851998114027083 ], [ 689093.360844485112466, 2131859.111833141185343 ], [ 689310.951638636295684, 2131720.212975148577243 ], [ 689213.17465597752016, 2131618.68940694257617 ], [ 688990.175298540038057, 2131387.38997500250116 ], [ 688947.764714044169523, 2131217.873356737662107 ], [ 689031.975086925900541, 2130889.057216730434448 ], [ 689110.600228418014012, 2130582.321245995815843 ], [ 689164.103931488469243, 2130477.546182917430997 ], [ 689229.796974672353826, 2130349.027744541410357 ], [ 689317.216120190103538, 2130337.773621056228876 ], [ 689492.045552038354799, 2130315.379742480814457 ], [ 689504.598752533085644, 2130295.936577640473843 ], [ 689562.979751490289345, 2130205.296523757744581 ], [ 689589.04542395088356, 2130164.922779880464077 ], [ 689595.108280501910485, 2130165.571188732981682 ], [ 689614.52780106884893, 2130167.62529196543619 ], [ 690063.173129873815924, 2129436.057603402528912 ], [ 690122.368237298214808, 2129453.200350480619818 ], [ 690176.008699782541953, 2129468.616584192030132 ], [ 690262.994564016116783, 2129677.35547984065488 ], [ 690312.03964494378306, 2129795.132755676284432 ], [ 690499.614432184956968, 2129823.305803571362048 ], [ 690540.565982053405605, 2129826.931584085803479 ], [ 690581.589712486485951, 2129830.676286239176989 ], [ 690585.925789416651241, 2129833.081875513773412 ], [ 690586.871124576893635, 2129833.614836383610964 ], [ 690588.361326547223143, 2129834.532984572928399 ], [ 690595.060734899714589, 2129838.270981949288398 ], [ 690605.223068550229073, 2129844.00032890541479 ], [ 690623.600239382707514, 2129823.277223268058151 ], [ 690629.042656978708692, 2129825.331550965085626 ], [ 690642.822692477260716, 2129830.370481689460576 ], [ 690652.187705814605579, 2129833.895326118450612 ], [ 690657.639978627674282, 2129835.838233879301697 ], [ 690663.646981224301271, 2129838.05489810789004 ], [ 690666.607111326768063, 2129842.921900079585612 ], [ 690668.700859441771172, 2129846.364414218813181 ], [ 690670.784736660891213, 2129849.918368535116315 ], [ 690711.37676470191218, 2129844.528119788505137 ], [ 690721.001994526013732, 2129843.246603833977133 ], [ 690797.560642120195553, 2129850.139656710904092 ], [ 690950.513597315293737, 2129863.913475818000734 ], [ 690979.668274666531943, 2129609.521498550195247 ], [ 690988.637902934569865, 2129530.685246229171753 ], [ 690877.899588111089543, 2129516.494915881194174 ], [ 690690.537118947017007, 2129492.375447274651378 ], [ 690491.723412710940465, 2129466.797497653868049 ], [ 690383.518251308589242, 2129452.950866195373237 ], [ 690393.638672722852789, 2129341.420605521183461 ], [ 690780.420771551318467, 2129380.608735481742769 ], [ 690847.568545627756976, 2129387.342279688455164 ], [ 691301.475656393100508, 2129433.513250830583274 ], [ 691317.565001128125004, 2129345.31192261306569 ], [ 691263.735443672980182, 2129340.428606776986271 ], [ 691219.006010038661771, 2129336.464449546299875 ], [ 691216.461766341235489, 2129336.238973082974553 ], [ 691208.090383345144801, 2129335.497088646981865 ], [ 691134.717639384442009, 2129328.995074247010052 ], [ 691129.218784754746594, 2129328.507814616430551 ], [ 691126.247028482961468, 2129317.237629742827266 ], [ 691123.058666992350481, 2129305.611307732760906 ], [ 690430.068421636126004, 2129210.205529114231467 ], [ 690434.566732576582581, 2129159.388512305449694 ], [ 690445.812520101200789, 2129032.345855359453708 ], [ 690393.211923974915408, 2129027.577526955399662 ], [ 690372.200561116682366, 2129025.71777717769146 ], [ 690347.577863863902166, 2129023.538454933091998 ], [ 690298.496600168291479, 2129019.194571152329445 ], [ 690294.732466611661948, 2129033.686894507613033 ], [ 690292.413613194366917, 2129042.129853987600654 ], [ 690289.145459160790779, 2129054.75673150178045 ], [ 690268.08508437895216, 2129134.769764142576605 ], [ 690261.082520305644721, 2129161.554633442312479 ], [ 690155.125234050210565, 2129146.562712315004319 ], [ 690080.464172009611502, 2129135.913487491197884 ], [ 690078.914616395486519, 2129135.664078485686332 ], [ 690049.177526397863403, 2129131.460788908414543 ], [ 689901.124801082885824, 2129118.251659800298512 ], [ 689837.763131288811564, 2129112.647521346341819 ], [ 689753.226117542944849, 2129105.171298729255795 ], [ 689751.565061084111221, 2129102.44120501447469 ], [ 689748.521969360648654, 2129097.567258943803608 ], [ 689745.922048736130819, 2129093.294070144183934 ], [ 689713.009993679821491, 2129090.383702864870429 ], [ 689647.267921781050973, 2129084.570641839876771 ], [ 689548.613684498937801, 2129075.848461334127933 ], [ 689546.040247392724268, 2129059.110951360780746 ], [ 689545.90239347575698, 2129057.863321760203689 ], [ 689544.789634247077629, 2129050.801544472575188 ], [ 689543.371606121305376, 2129041.578833370003849 ], [ 689715.240598011645488, 2129060.481014868244529 ], [ 689792.253350613988005, 2129068.863747016061097 ], [ 690053.015197258791886, 2129097.432346284855157 ], [ 690174.568027606117539, 2129108.187098569236696 ], [ 690176.939537103520706, 2129097.277879371773452 ], [ 690180.772767421673052, 2129079.19760381989181 ], [ 690184.284080897225067, 2129062.885861546732485 ], [ 690188.541057590744458, 2129042.821427226997912 ], [ 690189.865631261258386, 2129028.787087133154273 ], [ 690191.098268533824012, 2129014.856923753861338 ], [ 690191.630767890252173, 2129008.839092555921525 ], [ 690191.768823283957317, 2129007.278914040885866 ], [ 690193.563543605152518, 2128986.99659104924649 ], [ 690160.581119136884809, 2128961.50305532105267 ], [ 690144.856359115452506, 2128949.441887029446661 ], [ 690140.670738380053081, 2128946.263696053531021 ], [ 690132.762365495436825, 2128940.285217119846493 ], [ 690077.390357459196821, 2128897.648727868217975 ], [ 690087.342270089895464, 2128852.480493474751711 ], [ 690092.571143702487461, 2128828.907920573372394 ], [ 690115.441228254348971, 2128724.682246168609709 ], [ 690122.93986809195485, 2128690.415994524490088 ], [ 690138.403626617626287, 2128620.352334904484451 ], [ 690156.308092574472539, 2128538.599262750241905 ], [ 690174.153626627288759, 2128457.51480748411268 ], [ 690064.652519366354682, 2128331.918678137473762 ], [ 689948.072497138171457, 2128198.397719249594957 ], [ 689952.025038295076229, 2128153.709225108381361 ], [ 689957.03548178228084, 2128097.995142467319965 ], [ 689968.372958304942586, 2128101.693459630012512 ], [ 690005.291113155311905, 2128113.607106465380639 ], [ 690011.0555597912753, 2128082.107334328815341 ], [ 690021.549844934139401, 2128025.193554447032511 ], [ 690005.336384544032626, 2128020.502301699016243 ], [ 689981.134363496210426, 2128013.532097587361932 ], [ 689965.002947764121927, 2128008.848188801668584 ], [ 689971.994605538551696, 2127930.734002980869263 ], [ 690037.489606689079665, 2127385.734011987689883 ], [ 690043.23964478704147, 2127318.853366357274354 ], [ 690049.360008217510767, 2127266.494128020014614 ], [ 690058.128287110826932, 2127191.681325328536332 ], [ 690079.962160193710588, 2127004.697548524010926 ], [ 690092.477132347878069, 2126802.400396193843335 ], [ 690095.832584265852347, 2126748.560850997921079 ], [ 690098.389465452055447, 2126706.556153087411076 ], [ 690138.334724160144106, 2126671.227967850398272 ], [ 690152.78512021061033, 2126658.46664150711149 ], [ 690165.343861150904559, 2126647.447382410988212 ], [ 690170.191335965995677, 2126643.158892263192683 ], [ 690176.214565348345786, 2126637.738930126652122 ], [ 690178.270472012809478, 2126636.011414856184274 ], [ 690189.449271498597227, 2126637.786494699306786 ], [ 690193.698794812895358, 2126638.387040276546031 ], [ 690194.674145623343065, 2126638.585636465810239 ], [ 690216.877387443673797, 2126642.009889116510749 ], [ 690317.6581901316531, 2126642.951479153707623 ], [ 690357.927192267263308, 2126643.257254401221871 ], [ 690359.774997754371725, 2126571.875093628186733 ], [ 690361.415236133500002, 2126508.449002848472446 ], [ 690360.210277072619647, 2126504.298987390007824 ], [ 690355.186983511317521, 2126485.322274853475392 ], [ 690478.1363105942728, 2126502.266826822422445 ], [ 690627.814258144819178, 2126522.926979725249112 ], [ 690814.207344186143018, 2126548.5254369629547 ], [ 690854.758099851431325, 2126558.742579689249396 ], [ 690925.261962015880272, 2126576.441976544447243 ], [ 690952.216835974249989, 2126583.209347130730748 ], [ 690957.16124849987682, 2126527.376172428485006 ], [ 690962.269868857692927, 2126471.55750774173066 ], [ 690967.204419031506404, 2126415.835713794454932 ], [ 690967.163463805103675, 2126404.151056259870529 ], [ 690967.13594210986048, 2126390.445869992487133 ], [ 690966.997121357708238, 2126374.259837730322033 ], [ 690966.807195943663828, 2126325.946423717774451 ], [ 690944.810743630630895, 2126340.733870502561331 ], [ 690938.557016156497411, 2126345.009743647649884 ], [ 690922.804505744483322, 2126355.632819966878742 ], [ 690879.136626879218966, 2126194.633777224924415 ], [ 690935.959717856021598, 2126084.651820411439985 ], [ 690956.045412556617521, 2126045.659007119946182 ], [ 690979.005831305519678, 2126001.304878066293895 ], [ 690987.836717435973696, 2126006.242658474948257 ], [ 690997.84985803370364, 2126011.846735794562846 ], [ 690998.877777365618385, 2126012.38703677104786 ], [ 691002.733262193505652, 2126014.637872433755547 ], [ 691011.646961468155496, 2125946.6885717199184 ], [ 691017.765782254980877, 2125900.955357028637081 ], [ 691027.639644145965576, 2125825.902639666106552 ], [ 691007.199560766573995, 2125810.95129843428731 ], [ 690957.924979556701146, 2125774.914198986254632 ], [ 690997.36564855708275, 2125500.5309305828996 ], [ 691001.652660667430609, 2125470.8091677906923 ], [ 691018.278178755776025, 2125355.020683539565653 ], [ 691064.424169934238307, 2125034.842272230889648 ], [ 690983.121656147646718, 2125023.037980538792908 ], [ 690949.538991386420093, 2125018.155115710105747 ], [ 690876.002064740867354, 2124999.963428988587111 ], [ 690782.704733216552995, 2125040.450798333622515 ], [ 690779.773813987034373, 2125283.922741444315761 ], [ 690778.730829043546692, 2125365.822879739571363 ], [ 690794.593635765369982, 2125382.951663002837449 ], [ 690801.391959423082881, 2125390.292579162865877 ], [ 690716.638462850707583, 2125506.340383112430573 ], [ 690713.343720875680447, 2125543.563014109618962 ], [ 690711.706214843667112, 2125562.062879424076527 ], [ 690706.773969606729224, 2125617.785344442352653 ], [ 690700.739544470445253, 2125626.124337675049901 ], [ 690668.997352975653484, 2125670.600645049940795 ], [ 690666.038149546831846, 2125704.034102734643966 ], [ 690663.088811120949686, 2125737.356104359496385 ], [ 690661.425853250082582, 2125849.639042990282178 ], [ 690656.503662423230708, 2125905.249916296917945 ], [ 690687.601233781781048, 2126020.432455341331661 ], [ 690661.928658790071495, 2126138.452114962041378 ], [ 690640.606964638340287, 2126236.302698590792716 ], [ 690618.023864949122071, 2126339.99436595896259 ], [ 690593.392689427244477, 2126337.814267714973539 ], [ 690594.858155644033104, 2126363.327650466468185 ], [ 690595.067921758978628, 2126367.501950748730451 ], [ 690596.671168768778443, 2126394.263011164497584 ], [ 690514.567794678499922, 2126386.996544087305665 ], [ 690487.391561001888476, 2126384.591533793136477 ], [ 690473.105561708798632, 2126383.327306522987783 ], [ 690432.464344130479731, 2126379.730940953362733 ], [ 690433.778453531558625, 2126374.231378523167223 ], [ 690445.60549183387775, 2126324.735311121679842 ], [ 690412.845962836057879, 2126321.836521426215768 ], [ 690444.884217262268066, 2126100.037305803969502 ], [ 690456.648199864430353, 2126018.52508045732975 ], [ 690476.841109174187295, 2125878.23040507407859 ], [ 690482.653027376276441, 2125853.697891371324658 ], [ 690488.96105403767433, 2125827.299875047523528 ], [ 690489.982809529989026, 2125823.234540076926351 ], [ 690496.061473773093894, 2125790.077166466973722 ], [ 690506.083161850692704, 2125734.805172191001475 ], [ 690520.894146902952343, 2125630.087875249329954 ], [ 690528.10085210762918, 2125579.508680703118443 ], [ 690515.232710158452392, 2125527.602305034641176 ], [ 690485.414143036934547, 2125407.254590239841491 ], [ 690490.019280605716631, 2125355.209569034632295 ], [ 690499.219701862661168, 2125251.230890387669206 ], [ 690505.78625703509897, 2125242.489520069211721 ], [ 690540.133543046656996, 2125197.568916953634471 ], [ 690555.392186320736073, 2125177.578671859111637 ], [ 690595.464004210196435, 2125192.356567674782127 ], [ 690632.968557025888003, 2125106.157858175691217 ], [ 690642.200236248667352, 2125085.072755030822009 ], [ 690649.151948863058351, 2125069.177164025139064 ], [ 690661.202525305212475, 2125041.490110129583627 ], [ 690665.161366689251736, 2125032.2933977721259 ], [ 690699.969858286320232, 2124952.258299443405122 ], [ 690706.894123707548715, 2124874.023372437804937 ], [ 690713.818394572241232, 2124795.788383929058909 ], [ 690705.208132023690268, 2124764.026313866488636 ], [ 690691.918202442815527, 2124715.002247310709208 ], [ 690682.059806368895806, 2124678.636975809466094 ], [ 690680.50978578964714, 2124672.771530970931053 ], [ 690679.823436071048491, 2124670.239771502558142 ], [ 690676.329283120110631, 2124657.350814092904329 ], [ 690802.957972587784752, 2124400.227705952245742 ], [ 690888.909896776080132, 2124225.878278680611402 ], [ 690890.592226631822996, 2124113.370483272243291 ], [ 690908.575305195176043, 2124073.853315083310008 ], [ 690946.487127691041678, 2123990.610771059524268 ], [ 690953.472858475637622, 2123975.279753549490124 ], [ 691029.4926001210697, 2123808.475214251782745 ], [ 691067.091072008130141, 2123725.991310025099665 ], [ 691113.947144100442529, 2123623.098557305522263 ], [ 691147.025325476075523, 2123550.547997461166233 ], [ 691217.399475645273924, 2123396.160879102535546 ], [ 691315.218190978746861, 2123174.003692329861224 ], [ 691394.367058011936024, 2122994.447828211821616 ], [ 691390.610990394488908, 2122948.063269392121583 ], [ 691382.45238030643668, 2122846.700400815811008 ], [ 691512.09946038108319, 2122790.566460369620472 ], [ 691535.229418852017261, 2122707.02606376959011 ], [ 691560.98633609933313, 2122614.395602755714208 ], [ 691601.019340352155268, 2122529.769195971544832 ], [ 691655.108634695294313, 2122475.255107895471156 ], [ 691682.84863288665656, 2122447.161196487024426 ], [ 691773.71499773976393, 2122206.530117795802653 ], [ 691780.10230938938912, 2122189.573735922109336 ], [ 691783.764395625563338, 2122180.013824518304318 ], [ 691801.858115365612321, 2122131.85809499816969 ], [ 691856.914362538140267, 2122094.503613683860749 ], [ 691900.419432295951992, 2122065.111560281831771 ], [ 691978.100363697158173, 2122012.577520365826786 ], [ 691982.05170053045731, 2121967.998381192330271 ], [ 691989.94450111000333, 2121878.951491401996464 ], [ 692017.069307571742684, 2121853.162561365868896 ], [ 692065.140358298318461, 2121807.776634418871254 ], [ 692075.17797561257612, 2121798.220319978427142 ], [ 692098.579413984436542, 2121776.145194527227432 ], [ 692175.227331396657974, 2121667.134347646962851 ], [ 692333.637334308121353, 2121441.929404497612268 ], [ 692582.639304492622614, 2121087.949806729331613 ], [ 692620.700416779378429, 2121016.405117023736238 ], [ 692638.869705209042877, 2120982.409764802549034 ], [ 692696.673047840013169, 2120874.088962460402399 ], [ 692771.178276112885214, 2120734.338723922148347 ], [ 692908.903700555441901, 2120646.476979038212448 ], [ 692950.674215698498301, 2120619.968091875780374 ], [ 692990.877036361140199, 2120594.331195800099522 ], [ 693095.688318449887447, 2120527.476633388549089 ], [ 693105.333469111355953, 2120418.814456447493285 ], [ 693108.538629170157947, 2120382.705153270158917 ], [ 693179.037586607271805, 2120300.337384603917599 ], [ 693362.9457579938462, 2120085.159098821692169 ], [ 693635.006056523183361, 2119767.170369691215456 ], [ 693685.297842044034041, 2119747.374764818698168 ], [ 693720.309591156546958, 2119733.635709160007536 ], [ 693754.039363516261801, 2119720.344548150897026 ], [ 693745.721093886415474, 2119689.052329012192786 ], [ 693738.994736543507315, 2119664.079582080710679 ], [ 693723.82508179009892, 2119607.35421814955771 ], [ 693723.854758198489435, 2119597.696630659513175 ], [ 693723.868586735916324, 2119586.352711583487689 ], [ 693723.826965100248344, 2119573.768255300819874 ], [ 693735.483380416873842, 2119412.713984604924917 ], [ 693741.65013752062805, 2119327.442866646684706 ], [ 693747.311960054794326, 2119247.855579577386379 ], [ 693778.047480147331953, 2119191.83805096661672 ], [ 693816.572610585251823, 2119121.797521946486086 ], [ 694026.794334634905681, 2118976.363406638614833 ], [ 694172.672051492379978, 2118991.125373418442905 ], [ 694197.977184687624685, 2118918.900176791474223 ], [ 694217.654921414563432, 2118862.462556699756533 ], [ 694215.522217463701963, 2118860.363383382558823 ], [ 694191.155450306250714, 2118836.293263339437544 ], [ 694142.904649509233423, 2118788.308510332368314 ], [ 694130.232619166257791, 2118785.497324963565916 ], [ 694052.566514978534542, 2118768.373129142448306 ], [ 693951.757497392129153, 2118675.168339965399355 ], [ 693929.012230335618369, 2118654.276089650113136 ], [ 693964.597764783306047, 2118576.335991050116718 ], [ 694027.765554422046989, 2118437.829844380263239 ], [ 694202.268792228540406, 2118055.127428197767586 ], [ 694181.57874701579567, 2118038.124004668556154 ], [ 694179.80720701534301, 2118036.618597789201885 ], [ 694178.643672173144296, 2118035.728878336027265 ], [ 694174.009339788695797, 2118031.947102048899978 ], [ 694155.491774473804981, 2118016.59712303429842 ], [ 694128.607307914062403, 2118008.703765561804175 ], [ 694113.186026305775158, 2118004.188099931925535 ], [ 694105.033229523571208, 2118001.778657278511673 ], [ 694098.412358977482654, 2117999.842344777658582 ], [ 694120.15854321536608, 2117997.506241178605705 ], [ 694127.848932397551835, 2117996.729358304757625 ], [ 694155.621894695213996, 2117993.693295568227768 ], [ 694165.268149713752791, 2117931.757864999119192 ], [ 694191.132124361814931, 2117766.571593489032239 ], [ 694338.672427834942937, 2117664.096665823366493 ], [ 694446.033048166427761, 2117589.616948377341032 ], [ 694857.692008555750363, 2117303.720560930203646 ], [ 694801.950592164881527, 2117270.005493451841176 ], [ 694683.323139740154147, 2117198.122004447970539 ], [ 694626.313936108490452, 2117141.379857050254941 ], [ 694612.916892065550201, 2117128.056763346772641 ], [ 694599.828785515273921, 2117114.985828510019928 ], [ 694480.324436154565774, 2116996.073053140658885 ], [ 694488.761541114770807, 2116997.160110415425152 ], [ 694518.985160587355494, 2117001.082727562636137 ], [ 694592.288519549998455, 2117010.633060235995799 ], [ 694616.866936956648715, 2117012.818473004270345 ], [ 694620.483827237971127, 2117013.140078735072166 ], [ 694641.609751547453925, 2117015.018582026008517 ], [ 694706.108749324805103, 2116941.897007504943758 ], [ 694792.134221511078067, 2116844.741526521276683 ], [ 694835.060541733284481, 2116796.212511299178004 ], [ 694969.053570931078866, 2116689.845081464853138 ], [ 694982.866205002996139, 2116678.9419109611772 ], [ 695013.893029738916084, 2116654.292925107292831 ], [ 695048.035231927060522, 2116627.225216817576438 ], [ 695063.631026668241248, 2116614.908144436310977 ], [ 695110.602944286889397, 2116577.748829348944128 ], [ 695191.646177394897677, 2116513.403891647234559 ], [ 695306.640738836955279, 2116318.965987651143223 ], [ 695371.977938814787194, 2116208.628073493950069 ], [ 695416.930262299254537, 2116132.759803997352719 ], [ 695484.221968258614652, 2116019.113956478890032 ], [ 695649.907105808379129, 2116019.598097246140242 ], [ 695758.932390756788664, 2116019.870207730680704 ], [ 695757.122544794576243, 2116009.486598232295364 ], [ 695754.151940902112983, 2115992.596554556395859 ], [ 695703.464598441263661, 2115699.158388565294445 ], [ 695683.153392437379807, 2115647.136250850744545 ], [ 695712.893329174723476, 2115623.048623366747051 ], [ 695769.422379511757754, 2115577.306908706668764 ], [ 695793.803016685415059, 2115557.572690457571298 ], [ 695808.540042446693406, 2115545.629528519231826 ], [ 695858.820624538930133, 2115482.59394045593217 ], [ 695875.43071807269007, 2115461.718536390457302 ], [ 695902.203799629583955, 2115428.155740420799702 ], [ 695968.257065459969454, 2115345.29403140116483 ], [ 695980.467043559998274, 2115336.608417607843876 ], [ 695987.376548251369968, 2115331.60709722340107 ], [ 695989.683027566410601, 2115329.902841310482472 ], [ 696013.652294261148199, 2115312.940880375448614 ], [ 696021.075016107992269, 2115307.760629245080054 ], [ 696039.38520292553585, 2115294.788058130070567 ], [ 696061.765504765207879, 2115278.920365153811872 ], [ 696115.834378908970393, 2115246.891041520051658 ], [ 696117.844603038276546, 2115245.722102359868586 ], [ 696119.167275041341782, 2115244.828917030245066 ], [ 696130.715452155913226, 2115237.994245927780867 ], [ 696171.052011599298567, 2115214.065700759645551 ], [ 696278.170464317663573, 2115101.950336169917136 ], [ 696308.352780146757141, 2115070.152694507036358 ], [ 696326.256120991311036, 2115051.527599823661149 ], [ 696477.328057265025564, 2114967.034306068439037 ], [ 696568.175394898280501, 2114931.545658742077649 ], [ 696820.957487064180896, 2114908.250175781548023 ], [ 696873.604415419860743, 2114927.548998721409589 ], [ 696901.933690167847089, 2114937.939126313664019 ], [ 696978.523178455187008, 2114985.211626967415214 ], [ 697005.617742084665224, 2115002.007580031640828 ], [ 697179.443326435051858, 2115109.40679312357679 ], [ 697242.43201430037152, 2115058.296738425269723 ], [ 697316.453842336894013, 2114978.289870653301477 ], [ 697436.436224503442645, 2114848.575686823111027 ], [ 697390.502400926896371, 2114788.419449470937252 ], [ 697387.387114747427404, 2114784.321930427569896 ], [ 697339.884872952708974, 2114722.228645116090775 ], [ 697334.995016586850397, 2114715.726028995122761 ], [ 697325.566736104199663, 2114703.426195640582591 ], [ 697189.777112464071251, 2114576.500580168329179 ], [ 697165.376015407615341, 2114553.653415129519999 ], [ 697218.514222618658096, 2114409.546532289125025 ], [ 697285.159412220702507, 2114228.337465752847493 ], [ 697524.178083771723323, 2114177.546713603194803 ], [ 697767.421485565369949, 2114125.904377433937043 ], [ 697861.002802157774568, 2114085.056033192202449 ], [ 698321.616115390439518, 2113883.772545271087438 ], [ 698349.678766303462908, 2113706.086482921149582 ], [ 698415.515001216204837, 2113288.44575652340427 ], [ 698439.108478195848875, 2113139.455644838046283 ], [ 698215.477550266776234, 2113097.343539819587022 ], [ 697881.781009023194201, 2113034.512434042990208 ], [ 697849.778168915538117, 2113031.767307381145656 ], [ 697841.471530119655654, 2113031.025646487250924 ], [ 697838.757479649269953, 2113030.783323555253446 ], [ 697666.75535560993012, 2113015.765139108058065 ], [ 697668.453939225990325, 2113009.73805743502453 ], [ 697668.820053469273262, 2113008.422657356131822 ], [ 697670.792561253882013, 2113001.184286215342581 ], [ 697671.046586278593168, 2113000.195900796912611 ], [ 697678.89684947906062, 2112971.688223482109606 ], [ 697740.373970574582927, 2112980.433982690330595 ], [ 697770.500637288438156, 2112984.696249694563448 ], [ 697787.445633625728078, 2112987.107757390942425 ], [ 697796.863939731847495, 2112988.397965594194829 ], [ 697805.95326616987586, 2112989.658814095892012 ], [ 697806.857954435283318, 2112989.739584505092353 ], [ 697819.865156773827039, 2112991.687258688732982 ], [ 697890.02014752314426, 2113001.658354923594743 ], [ 698029.498457379522733, 2113011.4175472012721 ], [ 698091.774564010207541, 2113015.856184199918061 ], [ 698103.390892300754786, 2113016.669042994268239 ], [ 698128.360627061803825, 2113018.337629996240139 ], [ 698462.108449835213833, 2113041.639834069646895 ], [ 698468.493436893215403, 2113010.080870270729065 ], [ 698493.776984448893927, 2112883.93435953464359 ], [ 698526.387943692156114, 2112721.257533440366387 ], [ 698628.378259302931838, 2112269.322078830096871 ], [ 698605.524129727738909, 2112199.424880882259458 ], [ 698604.372286476776935, 2112195.614648209419101 ], [ 698600.597697519231588, 2112184.043093929998577 ], [ 698576.40408032736741, 2112109.644921658094972 ], [ 698707.414011101820506, 2111883.188226922415197 ], [ 698765.075610394007526, 2111783.526673955377191 ], [ 698794.821555663598701, 2111731.811778703704476 ], [ 699018.35204204171896, 2111345.226469588000327 ], [ 699103.453095437609591, 2111229.033638007007539 ], [ 699112.313034920138307, 2111118.83030156744644 ], [ 699117.296070979675278, 2111055.689287411980331 ], [ 699115.820209637400694, 2111053.647461866028607 ], [ 699108.039532820344903, 2111043.29010281804949 ], [ 699076.348178053623997, 2111000.798810624983162 ], [ 699065.008533623418771, 2110960.689157946500927 ], [ 699058.695379505981691, 2110938.554621506948024 ], [ 699063.103533576824702, 2110857.724094639066607 ], [ 699064.871743338415399, 2110824.965401620604098 ], [ 699066.828163845697418, 2110815.141716856975108 ], [ 699084.171879038563929, 2110727.828346948139369 ], [ 699126.628006708458997, 2110646.243145145941526 ], [ 699130.546651540091261, 2110639.515867578331381 ], [ 699135.754063760279678, 2110630.43226102553308 ], [ 699153.37312269047834, 2110600.326717967167497 ], [ 699157.720770538086072, 2110545.217367578763515 ], [ 699162.995313144754618, 2110479.742836412973702 ], [ 699140.507051189430058, 2110460.430812464561313 ], [ 698854.831678353715688, 2110216.268652828410268 ], [ 699048.26535161130596, 2109907.873193480540067 ], [ 699008.819381276844069, 2109837.950864022132009 ], [ 699007.186054041259922, 2109834.883880979381502 ], [ 698948.031811443041079, 2109730.282996139954776 ], [ 698969.723052494693547, 2109700.091313944663852 ], [ 698981.746666547260247, 2109683.415614583529532 ], [ 699023.818429876933806, 2109624.712745551485568 ], [ 699236.420729928882793, 2109502.840461138635874 ], [ 699267.46443278004881, 2109484.944951945915818 ], [ 699283.411621617036872, 2109306.617938414681703 ], [ 699275.708777796826325, 2109295.368598435539752 ], [ 699267.27277697797399, 2109283.042592767160386 ], [ 699210.17997438297607, 2109198.958248955663294 ], [ 699238.340336414752528, 2108976.784408740699291 ], [ 699238.583288050955161, 2108957.370264981407672 ], [ 699240.077540736994706, 2108864.593641864601523 ], [ 699250.299517730833031, 2108843.038421486970037 ], [ 699262.999073065002449, 2108608.246718505397439 ], [ 699288.170359505107626, 2108419.50833298638463 ], [ 699342.983691414934583, 2107806.501221783459187 ], [ 699344.050378125160933, 2107798.282901059370488 ], [ 699355.086350671830587, 2107715.683273520320654 ], [ 699368.156150678172708, 2107617.761486452072859 ], [ 699380.115628054481931, 2107484.013774728868157 ], [ 699392.075120674446225, 2107350.265892531257123 ], [ 699438.91150468995329, 2106878.43520461814478 ], [ 699475.053546670824289, 2106515.07379863737151 ], [ 699476.020056425360963, 2106450.447349367197603 ], [ 699476.106809389195405, 2106444.837668054271489 ], [ 699476.798595616593957, 2106402.768728053197265 ], [ 699542.566703025600873, 2105667.257167348638177 ], [ 699557.775417894008569, 2105589.972358201630414 ], [ 699551.536475908593275, 2105566.944539962802082 ], [ 699604.358644623076543, 2104976.212690109852701 ], [ 699604.737370673567057, 2104971.977242270484567 ], [ 699609.341883329558186, 2104920.48309984523803 ], [ 699609.901378136593848, 2104882.67103972658515 ], [ 699610.045251937117428, 2104875.493476820643991 ], [ 699610.852586283348501, 2104823.77210341161117 ], [ 699610.891590312938206, 2104815.91105667129159 ], [ 699611.075321287964471, 2104808.287651470396668 ], [ 699651.452559982077219, 2104468.104983405210078 ], [ 699678.371251583332196, 2104241.315977407153696 ], [ 699702.789603303535841, 2103968.238833293318748 ], [ 699727.208017892437056, 2103695.160986101254821 ], [ 699732.196403373614885, 2103580.895893083419651 ], [ 699735.002708535059355, 2103516.095106564462185 ], [ 699786.355553428642452, 2103127.454689007252455 ], [ 699802.312548809335567, 2102949.00535823404789 ], [ 699811.288585119764321, 2102762.291506513953209 ], [ 699811.925453171716072, 2102747.742603900842369 ], [ 699829.865712744300254, 2102547.1117462227121 ], [ 699831.456189432763495, 2102534.895143747795373 ], [ 699834.4451578973094, 2102511.680649991612881 ], [ 699844.847845046548173, 2102429.694338301196694 ], [ 699854.103887217002921, 2102356.81838755030185 ], [ 699858.117391999112442, 2102324.931923136115074 ], [ 699882.596276134252548, 2102051.181108037475497 ], [ 699892.00511476257816, 2101945.960738128516823 ], [ 699905.321029356098734, 2101797.046986440196633 ], [ 699908.949021281092428, 2101756.474640855100006 ], [ 699913.722216467722319, 2101713.308192849159241 ], [ 699921.613567039719783, 2101641.770317448768765 ], [ 699924.16096532123629, 2101618.853204288054258 ], [ 699953.067015196662396, 2101355.94538552314043 ], [ 699951.913197107147425, 2101334.494910953100771 ], [ 699951.427855035639368, 2101326.923778727650642 ], [ 699951.200133831822313, 2101322.971017966512591 ], [ 699949.813860671245493, 2101299.477376186754555 ], [ 699966.412127523566596, 2101020.075629524886608 ], [ 699965.193067855667323, 2100997.495715461671352 ], [ 699963.240888198954053, 2100963.614786883350462 ], [ 699993.540165853919461, 2100624.76565117482096 ], [ 700001.115000243764371, 2100540.05319976201281 ], [ 700041.511208699084818, 2100274.012995277997106 ], [ 700073.396176886046305, 2099917.438897277694196 ], [ 700071.894176911329851, 2099907.304931305348873 ], [ 700068.075687509146519, 2099883.144073316827416 ], [ 700084.370052575366572, 2099794.71649709995836 ], [ 700071.081867730943486, 2099722.294674629811198 ], [ 700067.628557101124898, 2099703.33481300342828 ], [ 700096.330694306525402, 2099660.95895304903388 ], [ 700100.98538140556775, 2099608.904930473305285 ], [ 700110.284795140149072, 2099504.908274591900408 ], [ 700118.907871317933314, 2099314.67377922590822 ], [ 700122.894720628857613, 2099270.087746708653867 ], [ 700124.888145903591067, 2099247.794723522849381 ], [ 700127.883502406999469, 2099230.085543784778565 ], [ 700136.936730078305118, 2099175.27864658460021 ], [ 700143.176684360369109, 2099137.073636605869979 ], [ 700161.028056752169505, 2098937.439220434054732 ], [ 700163.111217384459451, 2098914.142941162455827 ], [ 700165.533212978276424, 2098900.989063980523497 ], [ 700167.832950848620385, 2098888.273680066224188 ], [ 700172.008501214906573, 2098865.726277069188654 ], [ 700173.417851198930293, 2098858.324396812357008 ], [ 700179.324385504703969, 2098825.707302842754871 ], [ 700176.980293479864486, 2098785.04922190355137 ], [ 700172.730476326076314, 2098712.760782278142869 ], [ 700204.590947731630877, 2098358.31406937353313 ], [ 700225.721460358705372, 2098122.005790295545012 ], [ 700226.079942564247176, 2098062.263611890841275 ], [ 700226.451785565586761, 2098020.949254168663174 ], [ 700251.902792133507319, 2097922.103124893270433 ], [ 700251.636303122155368, 2097832.193043953739107 ], [ 700260.60684181121178, 2097731.873066042084247 ], [ 700261.7292099094484, 2097724.894875705242157 ], [ 700278.814727659686469, 2097621.143188500776887 ], [ 700265.323654417647049, 2097586.22939874837175 ], [ 700274.363159275846556, 2097533.44286945508793 ], [ 700280.985842817812227, 2097495.608564590569586 ], [ 700282.534860306303017, 2097486.646061584353447 ], [ 700282.604631354566664, 2097485.865792945493013 ], [ 700287.777657546103001, 2097428.014431809540838 ], [ 700289.511967525351793, 2097408.619170852005482 ], [ 700289.913147046579979, 2097391.127148610074073 ], [ 700290.002138719544746, 2097386.416056959889829 ], [ 700290.307024940382689, 2097374.645695761777461 ], [ 700291.13124839332886, 2097336.629917640239 ], [ 700292.235039767343551, 2097285.268475235439837 ], [ 700314.162890550098382, 2097040.040437495568767 ], [ 700336.34842171263881, 2096884.834344496717677 ], [ 700338.218071610550396, 2096817.473845268134028 ], [ 700340.077687277691439, 2096750.224768235813826 ], [ 700347.463854405563325, 2096719.649430115241557 ], [ 700353.302895176457241, 2096695.227849016431719 ], [ 700349.584368338226341, 2096670.850507048424333 ], [ 700348.051484821247868, 2096661.050560316070914 ], [ 700363.99909957125783, 2096482.701924575958401 ], [ 700379.318176876287907, 2096394.071940881200135 ], [ 700381.211558011593297, 2096383.117669657571241 ], [ 700380.430336624849588, 2096373.272548956330866 ], [ 700379.087918857112527, 2096354.8379335408099 ], [ 700378.810002519050613, 2096351.44230116950348 ], [ 700377.25481582491193, 2096330.741470068693161 ], [ 700376.017402854631655, 2096312.990396010922268 ], [ 700375.589211107813753, 2096307.558856018353254 ], [ 700373.698177542188205, 2096281.322376803727821 ], [ 700401.146366302040406, 2096160.181277909316123 ], [ 700392.635816218098626, 2096069.532580067170784 ], [ 700400.609569863183424, 2095980.357805292587727 ], [ 700404.582366327289492, 2095975.88157275877893 ], [ 700409.848637898103334, 2095969.94796493742615 ], [ 700428.786553814075887, 2095758.157579959370196 ], [ 700436.795026701758616, 2095690.895866449456662 ], [ 700460.951036492246203, 2095491.369359194301069 ], [ 700468.925020290887915, 2095402.194126101909205 ], [ 700475.391873680404387, 2095367.041783929569647 ], [ 700476.162854247842915, 2095363.065749856643379 ], [ 700485.142049477784894, 2095313.755910830106586 ], [ 700524.015803223592229, 2094879.025289417710155 ], [ 700520.756074059172533, 2094822.553332004696131 ], [ 700587.538799242465757, 2094075.703923342516646 ], [ 700608.989344155299477, 2093880.426990060834214 ], [ 700632.663782041985542, 2093663.999756874982268 ], [ 700648.12378977262415, 2093491.108329623006284 ], [ 700663.563886318472214, 2093318.43957193242386 ], [ 700664.432349067530595, 2093271.5496848851908 ], [ 700665.105005666264333, 2093231.496389594627544 ], [ 700665.413213843828999, 2093214.107744081411511 ], [ 700665.590879654162563, 2093204.6851701377891 ], [ 700666.930646130931564, 2093122.78022173489444 ], [ 700667.376599182724021, 2093096.414858978474513 ], [ 700671.449433561065234, 2092858.45745234657079 ], [ 700680.024088275502436, 2092763.490887739229947 ], [ 700688.476424575899728, 2092668.962755688233301 ], [ 700691.769301552674733, 2092647.009286816231906 ], [ 700699.126201691920869, 2092599.1262136567384 ], [ 700708.68325212050695, 2092535.933718150714412 ], [ 700768.488502611056902, 2091867.099521902622655 ], [ 700793.680253954022191, 2091678.33317624987103 ], [ 700794.404224005993456, 2091577.270108143100515 ], [ 700811.34149010409601, 2091425.969075558707118 ], [ 700835.544710094342008, 2091210.146060498664156 ], [ 700835.99478412582539, 2091019.166240732651204 ], [ 700908.309544462128542, 2090396.387539031449705 ], [ 700916.009671939536929, 2090217.291153771337122 ], [ 700973.822622374165803, 2089570.737917732447386 ], [ 700981.521812114049681, 2089391.640118971932679 ], [ 701016.408745941938832, 2089001.476196174044162 ], [ 701043.587353760376573, 2088790.521504283417016 ], [ 701046.003823736915365, 2088734.666381252696738 ], [ 701051.295802260632627, 2088611.310903480276465 ], [ 701107.303328164620325, 2088048.188521748408675 ], [ 701134.315130386617966, 2087775.864111168077216 ], [ 701137.295645029866137, 2087692.303969495464116 ], [ 701140.009153344202787, 2087619.170142870629206 ], [ 701153.964134345762432, 2087463.102253471734002 ], [ 701181.874154848861508, 2087150.965820427983999 ], [ 701189.507993088685907, 2086994.893906885525212 ], [ 701189.925506314262748, 2086986.503571865148842 ], [ 701190.464272886165418, 2086973.966428527375683 ], [ 701191.647031022235751, 2086949.575760074192658 ], [ 701235.227171819540672, 2086369.152519084513187 ], [ 701237.719100742251612, 2086341.28295278083533 ], [ 701240.211030282313004, 2086313.413379573030397 ], [ 701253.023174318601377, 2086221.292192187625915 ], [ 701263.415305338567123, 2086146.933704460272565 ], [ 701308.270737725077197, 2085645.279501412063837 ], [ 701310.130415889667347, 2085579.821546012302861 ], [ 701311.978866777615622, 2085510.766699149273336 ], [ 701323.940222734585404, 2085376.991694618249312 ], [ 701331.774775150930509, 2085242.847536781569943 ], [ 701339.526663076947443, 2085108.695829446660355 ], [ 701347.788958629476838, 2085059.092477170284837 ], [ 701348.862319235922769, 2085052.670942886034027 ], [ 701357.830808558501303, 2084997.96165083325468 ], [ 701348.300343664363027, 2084918.449870832962915 ], [ 701370.779287463636138, 2084740.553751293569803 ], [ 701376.407249495387077, 2084696.22087718360126 ], [ 701410.307604924659245, 2084317.077028202358633 ], [ 701507.767362531390972, 2082919.00318839144893 ], [ 701589.262072975165211, 2082007.525090954033658 ], [ 701605.117722125956789, 2081904.659805129049346 ], [ 701616.596556624979712, 2081758.58858878700994 ], [ 701624.3245644941926, 2081660.053219810128212 ], [ 701671.568776388070546, 2081117.688165037659928 ], [ 701676.239209803869016, 2081080.347848360659555 ], [ 701701.756634048535489, 2080794.949716683709994 ], [ 701848.641389021882787, 2079047.827215872006491 ], [ 702043.692700281157158, 2076866.2583035340067 ], [ 702056.076279347878881, 2076741.725900500547141 ], [ 702069.143501313170418, 2076611.410773822339252 ], [ 702172.489840990514494, 2075669.807590062031522 ], [ 702249.014293530955911, 2074973.26108663296327 ], [ 702285.450637001544237, 2074556.439108470920473 ], [ 702310.760718527948484, 2074266.848036938579753 ], [ 702322.853988582850434, 2074128.801082365214825 ], [ 702323.422203685622662, 2074122.446140865795314 ], [ 702360.34710873500444, 2073700.158065217081457 ], [ 702383.247735303128138, 2073438.444967251969501 ], [ 702390.745453733135946, 2073351.794364440487698 ], [ 702424.164356894558296, 2072969.647759007988498 ], [ 702456.320107280509546, 2072564.34843675326556 ], [ 702469.824599965824746, 2072320.111127885757014 ], [ 702465.608310600626282, 2072319.734145384980366 ], [ 702586.531757928547449, 2070170.183565723244101 ], [ 702636.769819761277176, 2069564.421746593201533 ], [ 702688.745982415624894, 2068937.346404141047969 ], [ 702712.073462248314172, 2068589.685045331949368 ], [ 702715.78248851466924, 2068545.399112453218549 ], [ 702731.408998487633653, 2068360.34640754153952 ], [ 702832.599644759553485, 2067159.429434856167063 ], [ 702848.465245528845116, 2066971.698620287002996 ], [ 702856.723483257927001, 2066874.659129248233512 ], [ 702888.375885632936843, 2066506.606907309498638 ], [ 702891.639305857126601, 2066468.236958239926025 ], [ 702896.716846743482165, 2066409.574431440327317 ], [ 702915.498956649098545, 2066191.083823926746845 ], [ 702990.766886650701053, 2065315.556395737221465 ], [ 703084.07713340583723, 2064266.193700707051903 ], [ 703093.965213039540686, 2064155.586031161248684 ], [ 703100.803144382080063, 2064079.097200331743807 ], [ 703130.893054767511785, 2063741.579469051910564 ], [ 701699.194135483703576, 2063591.017474260879681 ], [ 700918.757670814287849, 2063516.373142839642242 ], [ 699629.552742247236893, 2063386.19649514160119 ], [ 698057.235415137954988, 2063222.898692779010162 ], [ 696459.449849622207694, 2063062.608294298872352 ], [ 695092.496901251026429, 2062922.815370930591598 ], [ 694203.382605549995787, 2062834.633376865182072 ], [ 693290.406161942752078, 2062741.752625889144838 ], [ 692938.858171011204831, 2062710.889091655611992 ], [ 691717.544513152679428, 2062583.283193693263456 ], [ 691348.749327357043512, 2062548.390101508470252 ], [ 690114.569231683504768, 2062424.73701105825603 ], [ 689743.209805999649689, 2062389.582557237474248 ], [ 688168.385240729665384, 2062225.701880460837856 ], [ 686569.926103623351082, 2062072.550197385018691 ], [ 685314.630553302005865, 2061946.915770496008918 ], [ 683701.65685447701253, 2061781.176981232129037 ], [ 683412.815995320561342, 2061756.192737454548478 ], [ 681814.054619753034785, 2061605.338497818214819 ], [ 680462.910274077905342, 2061460.381507971091196 ], [ 680211.430780578171834, 2061441.219281492289156 ], [ 677991.911259591113776, 2061213.570954452268779 ], [ 677251.93008352140896, 2061139.277245214441791 ], [ 677025.913130104774609, 2061119.825208925176412 ], [ 675649.713841505465098, 2060970.064481898443773 ], [ 675418.753232932067476, 2060949.897434741025791 ], [ 674378.057104546460323, 2060830.405702178599313 ], [ 674335.523726908140816, 2060825.524357283022255 ], [ 673999.761361629120074, 2060790.350860883714631 ], [ 672473.929435316706076, 2060630.694859813665971 ], [ 672240.817923528491519, 2060606.393425906077027 ], [ 670638.596751540200785, 2060436.751085615484044 ], [ 668428.518693927442655, 2060187.130060338182375 ], [ 667445.244217363535427, 2060088.161573584191501 ], [ 665938.329173304140568, 2059929.031826190650463 ], [ 664419.542879549087957, 2059761.214995798422024 ], [ 664004.108131184475496, 2059723.228640709770843 ], [ 663873.093979741097428, 2059686.672905406216159 ], [ 662861.297843069653027, 2059581.495817505056038 ], [ 663029.811130679212511, 2057991.888049945235252 ], [ 663077.948229799047112, 2057507.585586758330464 ], [ 663103.161491585429758, 2057175.598646698985249 ], [ 663183.180377746699378, 2056400.983705301070586 ], [ 663229.175353884929791, 2055911.438903437694535 ], [ 663353.06033362809103, 2054760.781267186859623 ], [ 663353.829231935436837, 2054752.644757895031944 ], [ 663431.007327325758524, 2053921.713925016811118 ], [ 663513.309325723093934, 2053149.854721724521369 ], [ 663507.703812085674144, 2053126.238815930206329 ], [ 663579.034996977541596, 2052515.344562795711681 ], [ 663765.933751288452186, 2050706.201523705618456 ], [ 663831.336334672407247, 2050110.300268767867237 ], [ 663832.410511240595952, 2050101.515069772023708 ], [ 663851.467703665257432, 2049927.853545475518331 ], [ 663215.28071219031699, 2049853.829312059562653 ], [ 663197.75100796087645, 2049851.792033009929582 ], [ 663066.780189404962584, 2049836.499766561901197 ], [ 662109.975792905665003, 2049732.557371182832867 ], [ 659977.125627161003649, 2049532.273360652616248 ], [ 659038.87214869086165, 2049441.945478361099958 ], [ 658311.631245158496313, 2049360.256998974829912 ], [ 657681.164962197653949, 2049292.442720246268436 ], [ 657418.980452075600624, 2049236.635995918419212 ], [ 655824.34481025824789, 2049069.603082718560472 ], [ 655799.657364437356591, 2049062.268393865088001 ], [ 655643.429036719724536, 2049054.435603675665334 ], [ 654477.067009897669777, 2048929.840097716776654 ], [ 654229.862986473483033, 2048900.549890846945345 ], [ 654208.857191684306599, 2048898.131902868393809 ], [ 654153.127356716548093, 2048891.595582778565586 ], [ 654069.661641082260758, 2048892.306291550863534 ], [ 652563.622743741725571, 2048724.756724602775648 ], [ 651363.480335820931941, 2048587.382477688137442 ], [ 649377.040636577061377, 2048356.828041578177363 ], [ 648198.548116758232936, 2048233.969905511941761 ], [ 647822.154509479063563, 2048197.852790063945577 ], [ 647647.194474115385674, 2048173.137928115902469 ], [ 647458.794610488577746, 2048157.545018849428743 ], [ 647024.530224356800318, 2048112.443515330553055 ], [ 645459.934036300284788, 2047945.391123803565279 ], [ 644606.222888910677284, 2047850.468759928597137 ], [ 644692.837327158311382, 2047076.306346494471654 ], [ 644697.288542207446881, 2047053.530620738398284 ] ] ] } }
]
}
