{
"type": "FeatureCollection",
"name": "IL_MidStateArea",
"crs": { "type": "name", "properties": { "name": "urn:ogc:def:crs:EPSG::5070" } },
"features": [
{ "type": "Feature", "properties": { "NAME": "CHAMPAIGN", "ID": "ils_champaign", "STATE": "IL", "FIPS": "17019", "VERSION": 1, "START_DATE": "1833-02-20T00:00:00", "END_DATE": "2000-12-31T00:00:00", "CHANGE": "CHAMPAIGN created from VERMILION and Non-County Area 4 attached to VERMILION.", "CITATION": "(Ill. Laws 1832-1833, priv., pp. 28-30)", "START_N": 18330220, "END_N": 20001231, "AREA_SQMI": 998.0, "DATASET": "IL_Historical_Counties", "CNTY_TYPE": "County", "FULL_NAME": "CHAMPAIGN" }, "geometry": { "type": "Polygon", "coordinates": [ [ [ 662205.606006772140972, 1959342.838082091882825 ], [ 662547.086035064654425, 1959365.149485384114087 ], [ 663364.969519843813032, 1959436.333613959141076 ], [ 665784.605389333795756, 1959608.207384124631062 ], [ 667403.169151605572551, 1959746.29111337242648 ], [ 669003.559989145840518, 1959890.599791010841727 ], [ 670187.783447918132879, 1959994.825807228684425 ], [ 670584.555031359195709, 1960025.506202730350196 ], [ 670619.102862394764088, 1960028.413480958202854 ], [ 671794.281193756614812, 1960126.722715394571424 ], [ 671962.854491098434664, 1960139.586704298155382 ], [ 672048.366326587973163, 1960146.010950183030218 ], [ 672055.493806341313757, 1960146.612049737013876 ], [ 672173.540391255635768, 1960155.781562457792461 ], [ 672337.774960230803117, 1960154.01021566754207 ], [ 672406.91267951624468, 1960153.323402974987403 ], [ 672781.618556842324324, 1960129.301835789810866 ], [ 673202.915777946356684, 1960106.647750708507374 ], [ 674434.379221522482112, 1960190.76580109866336 ], [ 674975.736673203064129, 1960244.471702801063657 ], [ 676488.16973717440851, 1960383.517359601100907 ], [ 676580.773892509285361, 1960393.965283775003627 ], [ 678047.608273446676321, 1960535.846290308749303 ], [ 678050.868717544246465, 1960507.454874323680997 ], [ 678318.686159214237705, 1958149.364679313264787 ], [ 678350.196473146206699, 1957806.890646137064323 ], [ 678496.202205038745888, 1956564.833017491502687 ], [ 678680.847532700514421, 1954692.173042024485767 ], [ 678743.37822284467984, 1954165.022897564573213 ], [ 678864.912243830040097, 1953033.065028061857447 ], [ 678897.473326449515298, 1952709.109789566602558 ], [ 678919.809209446539171, 1952566.873230129480362 ], [ 679077.844464044435881, 1950912.839136190479621 ], [ 679540.40169529162813, 1946071.997814932838082 ], [ 679702.859990334371105, 1944428.965712759410962 ], [ 679756.411900112521835, 1943872.464035604614764 ], [ 679868.606225292664021, 1942805.08929749391973 ], [ 680020.219211891875602, 1941171.338585421442986 ], [ 678903.227920510573313, 1941050.576586499810219 ], [ 678950.938952442724258, 1940491.207191489636898 ], [ 679139.3510463925777, 1938603.192095059901476 ], [ 679176.391667790827341, 1938197.287733808159828 ], [ 679252.351440940285102, 1937393.282119708368555 ], [ 679338.539215204771608, 1936587.556567852851003 ], [ 679481.030364354955964, 1934970.969669913640246 ], [ 679638.961754579562694, 1933353.208793116500601 ], [ 679791.476248285965994, 1931737.448623957810923 ], [ 679826.869895886047743, 1931737.871113293105736 ], [ 679837.538756612455472, 1931731.019518560962752 ], [ 679944.873183431685902, 1930528.233790716156363 ], [ 679991.017341593047604, 1930105.096512643853202 ], [ 680013.613955313106999, 1929839.289303104393184 ], [ 680061.770380925503559, 1929301.741373617900535 ], [ 680071.302152267540805, 1929217.544048821553588 ], [ 680142.101223555393517, 1928415.651246399153024 ], [ 680332.320704956306145, 1926476.405165585689247 ], [ 680528.461556064314209, 1924408.781448994996026 ], [ 680662.397360655362718, 1922863.340644278097898 ], [ 680730.001415803679265, 1922128.059125149389729 ], [ 680743.36576755088754, 1922059.702659904491156 ], [ 680762.00381395034492, 1921989.208256318233907 ], [ 680767.302230270812288, 1921981.787390534533188 ], [ 680770.668776919948868, 1921977.125918020028621 ], [ 680894.597475946182385, 1920608.373543576570228 ], [ 680985.33777494286187, 1919512.178899923572317 ], [ 681127.234752582735382, 1917903.172162562608719 ], [ 681310.576688459143043, 1915893.642355616437271 ], [ 681355.031026844400913, 1915489.674974863184616 ], [ 681503.527180756791495, 1913863.096337487455457 ], [ 681660.400043043773621, 1912226.985426386119798 ], [ 681780.824082787032239, 1910870.696556048700586 ], [ 681809.835762025788426, 1910618.456584330182523 ], [ 681810.278422002447769, 1910554.283311143517494 ], [ 681888.469773664721288, 1909783.652506422717124 ], [ 681968.907389655592851, 1908956.64577140356414 ], [ 682003.227346595027484, 1908553.041768970433623 ], [ 682117.152497785165906, 1907360.251297153998166 ], [ 682118.783389132702723, 1907343.071913526393473 ], [ 682198.135273162159137, 1906528.896880953107029 ], [ 682212.9081998730544, 1906355.172502525849268 ], [ 682239.402866971795447, 1906102.60134071810171 ], [ 682248.963580157258548, 1905990.171571432845667 ], [ 682261.836567228194326, 1905867.789950979640707 ], [ 682270.305479499860667, 1905768.199638751102611 ], [ 682279.8819999092957, 1905686.583941761171445 ], [ 682265.281448691734113, 1905680.281847069738433 ], [ 682267.752061677980237, 1905621.227750671561807 ], [ 682435.331028378685005, 1904096.628469951916486 ], [ 682581.641246671206318, 1902494.190101017709821 ], [ 682582.485296331578866, 1902485.265301033854485 ], [ 681378.784723295131698, 1902377.706136269262061 ], [ 680966.940607290249318, 1902347.928062302060425 ], [ 680205.797930596745573, 1902265.059837018605322 ], [ 679116.614416946424171, 1902165.299018556019291 ], [ 677796.295434716972522, 1902044.479860064806417 ], [ 677313.656333389924839, 1902005.876666619908065 ], [ 676543.112799069727771, 1901936.509780753636733 ], [ 674958.475111759267747, 1901821.99990945821628 ], [ 674926.302928987424821, 1901814.122166040819138 ], [ 673339.148345983936451, 1901699.272270731627941 ], [ 671744.690593626350164, 1901581.315526996506378 ], [ 670859.538200283190235, 1901511.341363280080259 ], [ 670148.36825998686254, 1901455.200776448007673 ], [ 669513.107599207316525, 1901409.839448201237246 ], [ 668681.684441891033202, 1901350.435109884478152 ], [ 668560.381874502287246, 1901350.563878320623189 ], [ 667310.799659888376482, 1901248.504489900311455 ], [ 666957.687043893849477, 1901211.176262208726257 ], [ 666942.557124111335725, 1901210.031694845762104 ], [ 666748.430004605441354, 1901195.030387192033231 ], [ 665573.238975883694366, 1901068.726945132249966 ], [ 665140.168916593887843, 1901050.936115007149056 ], [ 664559.301063537131995, 1900987.651348537998274 ], [ 663769.778784508816898, 1900912.214064813219011 ], [ 662176.086480160010979, 1900755.306838421383873 ], [ 660574.453440799610689, 1900602.787709535565227 ], [ 658980.004176694783382, 1900455.902627399424091 ], [ 657353.401820495375432, 1900298.609414480393752 ], [ 655772.583500438369811, 1900174.169201594311744 ], [ 655755.211550730862655, 1900170.276945081306621 ], [ 654991.873356365133077, 1900113.476114943623543 ], [ 654839.072372143738903, 1900098.538717988179997 ], [ 654168.955397613695823, 1900046.834571283310652 ], [ 654140.825716228806414, 1900049.714210705598816 ], [ 652581.699193181586452, 1899933.631784732453525 ], [ 652102.482671275967732, 1899894.808819938916713 ], [ 650962.12247823108919, 1899815.313374469988048 ], [ 650194.797227267175913, 1899747.967981094494462 ], [ 647002.12623754737433, 1899499.286044691689312 ], [ 646206.057251274352893, 1899442.486493316944689 ], [ 645633.662775951321237, 1899383.288775616558269 ], [ 644621.829361874726601, 1899295.024656248046085 ], [ 643828.944901786046103, 1899229.275239859940484 ], [ 643799.680071368580684, 1899216.699286073679104 ], [ 641405.624980282969773, 1899025.896940492559224 ], [ 639890.447755813016556, 1898897.369165920186788 ], [ 639809.765988421160728, 1898896.111043919343501 ], [ 638331.37234598340001, 1898765.864486939739436 ], [ 638259.930907213361934, 1898759.623779446817935 ], [ 638132.354082191945054, 1900390.384189949603751 ], [ 637998.364503926364705, 1902038.721364524913952 ], [ 637857.917506492231041, 1903671.022492321906611 ], [ 637724.750435714027844, 1905309.061831639381126 ], [ 637688.726670001866296, 1905792.229667791165411 ], [ 637671.984391856123693, 1905906.674035812495276 ], [ 637661.187225367175415, 1906075.656651500612497 ], [ 637588.364982162369415, 1906954.477592900628224 ], [ 637446.892491583828814, 1908601.950511605478823 ], [ 637308.671123221516609, 1910239.554235374554992 ], [ 637181.744492517434992, 1911860.060131768928841 ], [ 637155.780096071190201, 1912261.512511628679931 ], [ 637037.705078592989594, 1913476.946603365940973 ], [ 636890.357399933738634, 1915108.844931273953989 ], [ 636773.815002647228539, 1916626.510921450331807 ], [ 636632.916047279490158, 1918399.395031936233863 ], [ 636630.794538098969497, 1918426.089267578907311 ], [ 636509.159850340103731, 1920025.939094266621396 ], [ 636380.910920993541367, 1921639.638211462646723 ], [ 636350.729487579315901, 1922036.46690547442995 ], [ 636274.295343551901169, 1923305.397401793859899 ], [ 636205.123951037065126, 1924209.842660194495693 ], [ 635952.816662952885963, 1927333.199326785979792 ], [ 635884.217984109302051, 1928196.312808266142383 ], [ 635826.143421149579808, 1928824.686809203121811 ], [ 635679.023034911951981, 1930573.486476432764903 ], [ 635614.903497731662355, 1931363.214644562685862 ], [ 635340.781141209299676, 1934948.669037473853678 ], [ 635338.292483730823733, 1934997.022911056177691 ], [ 635339.689621190191247, 1935029.501723918132484 ], [ 635260.451726607047021, 1936044.584454584633932 ], [ 635248.796464723534882, 1936173.128507002256811 ], [ 635211.738746359362267, 1936657.494654658949003 ], [ 635166.993063563713804, 1937202.38707992923446 ], [ 635402.833479447057471, 1937217.425927901873365 ], [ 635308.231324930558912, 1938849.963368674041703 ], [ 635189.813875331776217, 1940322.242851342307404 ], [ 635177.093169093015604, 1940499.249853341141716 ], [ 635138.1074911179021, 1940938.498212096747011 ], [ 635043.134768238989636, 1942115.931528667919338 ], [ 635010.050353129277937, 1942497.992386541794986 ], [ 634913.621288961381651, 1943727.78354950924404 ], [ 634781.948366574477404, 1945349.789598145522177 ], [ 634715.467721163411625, 1946185.909831386758015 ], [ 634657.347305444069207, 1946968.972737377742305 ], [ 634653.848791094264016, 1947012.972905054222792 ], [ 634619.414218284422532, 1947446.050156129756942 ], [ 634590.434717699419707, 1947776.506708242697641 ], [ 634588.235554325976409, 1947821.171906493138522 ], [ 634581.416160885361023, 1947906.93833881453611 ], [ 634524.247786648455076, 1948608.931041571311653 ], [ 634349.881281433394179, 1950716.91347287222743 ], [ 634128.31411643337924, 1953520.55892151244916 ], [ 634043.503494045813568, 1954105.033590645994991 ], [ 634035.535778807592578, 1954159.577337452676147 ], [ 633928.172313357121311, 1955180.751008224440739 ], [ 633815.629462407086976, 1956817.213918570196256 ], [ 634014.126369445119053, 1956830.637817137176171 ], [ 634907.7918131405022, 1956890.972423566272482 ], [ 635348.310427075834014, 1956928.877782949246466 ], [ 636907.824237384833395, 1957048.151050636079162 ], [ 636953.775355877820402, 1957041.48353437311016 ], [ 638513.127210083301179, 1957160.722437781980261 ], [ 640889.863018111558631, 1957357.853627791628242 ], [ 640970.953564775642008, 1957372.015555741731077 ], [ 642411.048376441467553, 1957488.727118395268917 ], [ 643339.888602750143036, 1957559.028050454566255 ], [ 644854.002581450971775, 1957673.953610752243549 ], [ 646445.938171627698466, 1957828.746648174943402 ], [ 646799.690471746143885, 1957860.028351834509522 ], [ 648033.458683300181292, 1957975.409396175062284 ], [ 649617.829618377611041, 1958129.552263475488871 ], [ 651205.002075594384223, 1958281.319570424035192 ], [ 651448.887336457031779, 1958308.666935147251934 ], [ 652809.013285187655129, 1958438.718785986537114 ], [ 654495.244991804356687, 1958582.850815882906318 ], [ 657719.831455261213705, 1958889.774972746847197 ], [ 659329.43612698384095, 1959045.475308567285538 ], [ 661513.556182664819062, 1959251.080675713252276 ], [ 661598.357924767769873, 1959254.860177757451311 ], [ 661851.950632952037267, 1959284.121841326123103 ], [ 661921.618942091241479, 1959307.443457147339359 ], [ 662205.606006772140972, 1959342.838082091882825 ] ] ] } },
{ "type": "Feature", "properties": { "NAME": "McLEAN", "ID": "ils_mclean", "STATE": "IL", "FIPS": "17113", "VERSION": 5, "START_DATE": "1843-02-28T00:00:00", "END_DATE": "2000-12-31T00:00:00", "CHANGE": "McLEAN exchanged with WOODFORD.", "CITATION": "(Ill. Laws 1842-1843, p. 91)", "START_N": 18430228, "END_N": 20001231, "AREA_SQMI": 1186.0, "DATASET": "IL_Historical_Counties", "CNTY_TYPE": "County", "FULL_NAME": "McLEAN" }, "geometry": { "type": "Polygon", "coordinates": [ [ [ 620285.770029280334711, 1996054.169500143267214 ], [ 620357.658139467122965, 1995215.352415368659422 ], [ 620431.275815131259151, 1994421.039450347889215 ], [ 620485.882669485756196, 1993790.37348246271722 ], [ 620734.270424389163963, 1991203.857911570230499 ], [ 620886.680290311109275, 1989583.79826833633706 ], [ 621036.712404294288717, 1987960.951884727459401 ], [ 621202.909107409068383, 1986357.327937403926626 ], [ 621803.751016219728626, 1986396.704249400645494 ], [ 621897.432912576477975, 1985298.899741338798776 ], [ 621906.957733359769918, 1985273.918312235036865 ], [ 621974.545544834807515, 1984443.918658667942509 ], [ 622084.242555953329429, 1983239.38904610555619 ], [ 622092.182895962614566, 1983201.363350716652349 ], [ 622125.373194929212332, 1982810.746924020815641 ], [ 622260.91907466808334, 1981321.291433228878304 ], [ 622344.623085460625589, 1980366.140456259949133 ], [ 622349.725121499970555, 1980366.539929051650688 ], [ 623185.383727088104934, 1980437.181838480290025 ], [ 623983.765944144688547, 1980502.401726517826319 ], [ 624770.533206315711141, 1980584.765627594897524 ], [ 626365.003006737213582, 1980743.177460731007159 ], [ 628758.840506893582642, 1980941.2896905511152 ], [ 630349.62602678919211, 1981081.115527392132208 ], [ 631935.890421611256897, 1981215.284739053342491 ], [ 631953.44405242044013, 1981216.792835093103349 ], [ 632092.472088923095725, 1979600.646616892889142 ], [ 632230.499917531153187, 1977966.426867820089683 ], [ 632359.223593540024012, 1976321.113550451816991 ], [ 632480.89253718580585, 1974700.954236922552809 ], [ 632603.854972993489355, 1973096.27601028047502 ], [ 632739.4179995713057, 1971459.211535919224843 ], [ 633003.875700882636011, 1968207.540258110733703 ], [ 632999.071317065623589, 1968123.780836514662951 ], [ 633084.874582147691399, 1966823.078833419363946 ], [ 633161.057541956775822, 1965822.529117773286998 ], [ 633170.502837077016011, 1965800.244291103444993 ], [ 633164.102901624282822, 1965784.228361019864678 ], [ 633226.636427503777668, 1964969.122485603671521 ], [ 633229.536848493735306, 1964869.006217264337465 ], [ 633285.439110444276594, 1964169.110972348367795 ], [ 633342.784158206661232, 1963353.472627302166075 ], [ 633549.305258336709812, 1960480.123606390552595 ], [ 633580.472279908368364, 1960089.18219095049426 ], [ 633666.343109697569162, 1958854.165016792248935 ], [ 633697.789026216836646, 1958460.769970899447799 ], [ 633758.738955112523399, 1957632.581247184658423 ], [ 633815.629462407086976, 1956817.213918570196256 ], [ 633928.172313357121311, 1955180.751008224440739 ], [ 634035.535778807592578, 1954159.577337452676147 ], [ 634043.503494045813568, 1954105.033590645994991 ], [ 634128.31411643337924, 1953520.55892151244916 ], [ 634349.881281433394179, 1950716.91347287222743 ], [ 634524.247786648455076, 1948608.931041571311653 ], [ 634581.416160885361023, 1947906.93833881453611 ], [ 634588.235554325976409, 1947821.171906493138522 ], [ 634590.434717699419707, 1947776.506708242697641 ], [ 634619.414218284422532, 1947446.050156129756942 ], [ 634653.848791094264016, 1947012.972905054222792 ], [ 634657.347305444069207, 1946968.972737377742305 ], [ 634715.467721163411625, 1946185.909831386758015 ], [ 634781.948366574477404, 1945349.789598145522177 ], [ 634913.621288961381651, 1943727.78354950924404 ], [ 634850.977901251288131, 1943723.364862438291311 ], [ 634657.91725677519571, 1943710.827828950481489 ], [ 634559.917247085017152, 1943701.241360548883677 ], [ 633237.860751961590722, 1943551.339449004037306 ], [ 633116.635631711687893, 1943543.525375617668033 ], [ 632265.602449113619514, 1943476.097406689543277 ], [ 632122.807763841701671, 1943468.388795051025227 ], [ 630813.27316246938426, 1943366.296138024190441 ], [ 630535.509388439590111, 1943334.245213873684406 ], [ 630056.735500578535721, 1943286.454480475047603 ], [ 630002.436213890439831, 1943302.735706253210083 ], [ 628407.71653272700496, 1943185.51356437173672 ], [ 628163.865022221463732, 1943171.610033243428916 ], [ 627213.054431364522316, 1943089.234306538943201 ], [ 626813.211846175487153, 1943065.594351853476837 ], [ 626004.975901890546083, 1943002.309218798531219 ], [ 625248.36998535587918, 1942957.756951636401936 ], [ 625217.990141381043941, 1942955.940336226020008 ], [ 623616.940046545350924, 1942856.03995513683185 ], [ 622873.244064541067928, 1942805.417504139943048 ], [ 620423.50685178139247, 1942624.50578168570064 ], [ 619622.081809634459205, 1942570.489605058450252 ], [ 619228.04231891001109, 1942537.568149964790791 ], [ 618022.392160992487334, 1942452.269494542153552 ], [ 616606.064040274359286, 1942348.413522660499439 ], [ 616041.626091043348424, 1942299.687367554521188 ], [ 615989.527120508835651, 1942287.915915055433288 ], [ 615655.993850731523708, 1942271.749154894147068 ], [ 615539.086906803655438, 1942266.109049842925742 ], [ 614131.01932935626246, 1942185.690800951095298 ], [ 614005.931429087882861, 1942171.017092916881666 ], [ 613133.705502704018727, 1942116.594351677689701 ], [ 612356.37333345762454, 1942053.924338895594701 ], [ 610807.14417194458656, 1941929.340756326215342 ], [ 610501.7997379823355, 1941914.983915477292612 ], [ 608076.893975017941557, 1941748.091312676900998 ], [ 607610.305595007142983, 1941707.639378141378984 ], [ 606735.754542937967926, 1941651.71919627673924 ], [ 605923.973122361116111, 1941601.89250955497846 ], [ 605655.067887334036641, 1941585.317700630053878 ], [ 605309.205538994399831, 1941551.347383669577539 ], [ 605106.392221796908416, 1941528.227933080168441 ], [ 602687.61085389519576, 1941357.713658939348534 ], [ 601470.386187456431799, 1941260.346209246665239 ], [ 601076.67179741570726, 1941225.316720161819831 ], [ 599450.558584813843481, 1941097.950013104360551 ], [ 597838.132089232909493, 1940983.062669494654983 ], [ 596208.755274715600535, 1940825.783305901801214 ], [ 596196.345024266513065, 1940889.004012301331386 ], [ 594562.370088512194343, 1940795.752907663118094 ], [ 593751.781925424817018, 1940730.181750058662146 ], [ 592925.102545846602879, 1940676.417869820259511 ], [ 591786.086347350268625, 1940587.800086296163499 ], [ 591341.057434047106653, 1940564.280549103859812 ], [ 589727.526650712243281, 1940377.601620461093262 ], [ 589486.498101873206906, 1940353.296787444967777 ], [ 588179.604757375782356, 1940274.041779943276197 ], [ 587965.204879905213602, 1940253.091786681674421 ], [ 587135.877705727703869, 1940200.8586829691194 ], [ 586583.753267128719017, 1940160.299223035108298 ], [ 586583.195407728315331, 1940167.896798245841637 ], [ 586180.375768730067648, 1940153.157274045282975 ], [ 586153.436532531981356, 1940148.260036763036624 ], [ 585926.316483270260505, 1940137.10323547385633 ], [ 585384.402034633443691, 1940110.630787653382868 ], [ 585172.843624242232181, 1940101.646714907838032 ], [ 585111.291176009806804, 1940100.845194560242817 ], [ 584867.386434759246185, 1940077.705589283024892 ], [ 584410.376962591893971, 1940026.288229641970247 ], [ 583571.593670030240901, 1939925.43366905557923 ], [ 583320.535185316111892, 1939897.213749903952703 ], [ 582760.992405597120523, 1939852.896224829601124 ], [ 582187.434419576893561, 1939804.900952478637919 ], [ 581341.215425221016631, 1939746.762083327630535 ], [ 580732.275240912218578, 1939697.195991735439748 ], [ 579731.553938147611916, 1939625.303533419501036 ], [ 579321.431872238172218, 1939589.039475811645389 ], [ 579104.464583800407127, 1939569.603079759282991 ], [ 578980.356673507136293, 1939552.745506545994431 ], [ 576997.68821528845001, 1939384.151336949318647 ], [ 576991.138732976280153, 1939383.566020818660036 ], [ 576987.474991969414987, 1939420.255248239263892 ], [ 575547.293520036851987, 1939272.349094686098397 ], [ 575385.438029964338057, 1939260.915883388370275 ], [ 573797.505493978736922, 1939123.804808555403724 ], [ 571970.819156933226623, 1938972.724475000519305 ], [ 571825.608148844796233, 1938956.602564868284389 ], [ 568478.69324188597966, 1938685.429497097851709 ], [ 567418.041950389510021, 1938573.08792176307179 ], [ 567415.242581136524677, 1938602.988762055058032 ], [ 567407.840975653380156, 1938635.819830949651077 ], [ 567356.041871538734995, 1939264.120205119252205 ], [ 567339.324050116236322, 1939357.948693996528164 ], [ 567265.541610955260694, 1940154.275574478553608 ], [ 567106.014688442926854, 1941915.546064040390775 ], [ 566973.098505941336043, 1943511.573877554619685 ], [ 566877.2269086020533, 1944660.873044293373823 ], [ 566836.590144895366393, 1945166.631837026681751 ], [ 566616.037592082633637, 1947614.43450028845109 ], [ 566588.033833363093436, 1947617.724892412079498 ], [ 566513.416964888223447, 1948532.103738040430471 ], [ 566527.244022050290368, 1948586.992165147559717 ], [ 566494.075310674961656, 1949077.996857505990192 ], [ 566481.403412750572897, 1949243.421859031543136 ], [ 566324.955746078980155, 1951071.64664313942194 ], [ 566278.6023189536063, 1951692.542917001293972 ], [ 566145.783498627948575, 1953327.125551664736122 ], [ 566119.790720593300648, 1953766.967545376624912 ], [ 566089.958671591710299, 1954119.501523205311969 ], [ 566026.378972399048507, 1954949.84308700170368 ], [ 565912.383403197280131, 1956567.651641557924449 ], [ 565760.903887833817862, 1958180.314108087448403 ], [ 565641.111633664928377, 1959484.479790799552575 ], [ 565620.042901515029371, 1959819.319655744591728 ], [ 565611.31082144274842, 1959836.667695123469457 ], [ 565467.953999154851772, 1961439.769894422730431 ], [ 565330.376867747865617, 1963032.823869847459719 ], [ 565320.835745405172929, 1963062.803738308371976 ], [ 565259.277799077797681, 1963834.066240596352145 ], [ 565193.048299178015441, 1964630.821728845825419 ], [ 565058.892626342480071, 1965997.927517578937113 ], [ 564895.926453134627081, 1968063.127952341455966 ], [ 564803.266942765447311, 1968979.82568275439553 ], [ 564748.609040126437321, 1969576.93646362121217 ], [ 564687.048296850291081, 1970225.097267251228914 ], [ 564551.152895045350306, 1971767.993898204993457 ], [ 564405.159262992441654, 1973089.285933833336458 ], [ 564380.418898936011828, 1973547.132046270184219 ], [ 564424.893927386845462, 1973560.61800120328553 ], [ 564773.887686662841588, 1973587.744490645825863 ], [ 565988.388184891897254, 1973693.82188545470126 ], [ 566361.748855050071143, 1973733.1952469071839 ], [ 566765.317910996032879, 1973772.492606915766373 ], [ 568362.700197065831162, 1973923.403748255455866 ], [ 569945.803238171734847, 1974085.518516991985962 ], [ 569953.438782233861275, 1974091.680336396675557 ], [ 572086.17815465235617, 1974280.822843701578677 ], [ 572325.684865400311537, 1974308.158167958026752 ], [ 573928.48886383511126, 1974471.816489743301645 ], [ 573926.424123823875561, 1974496.934771571075544 ], [ 573933.738413975108415, 1974497.013317807810381 ], [ 574054.808970064739697, 1974498.225766809191555 ], [ 574094.541154760285281, 1974503.788431227207184 ], [ 575306.705341467401013, 1974583.168758712243289 ], [ 575396.823338239570148, 1974585.419731465866789 ], [ 575708.627993518020958, 1974635.606980862095952 ], [ 575574.700847336906008, 1975975.762944821733981 ], [ 575550.81756969622802, 1976282.521608076291159 ], [ 575956.401767070405185, 1976325.024105966789648 ], [ 576272.845361435320228, 1976354.349519442068413 ], [ 576314.135605786228552, 1976351.052849553525448 ], [ 577148.083920334465802, 1976422.312927931314334 ], [ 578254.213477024808526, 1976556.57192177628167 ], [ 578312.084339610883035, 1976575.154887964483351 ], [ 578233.784321129554883, 1977318.740146711468697 ], [ 578172.419643179047853, 1977992.579115455038846 ], [ 579776.672715347958729, 1978309.073547965148464 ], [ 581363.679491965100169, 1978443.940139577025548 ], [ 582114.962942205369473, 1978529.68353428831324 ], [ 582604.146517344866879, 1978573.152621587738395 ], [ 582967.470761589007452, 1978612.476023735944182 ], [ 582893.830717200529762, 1979447.011273090029135 ], [ 582887.715336494962685, 1979564.82049644109793 ], [ 582873.92623084562365, 1979615.245283648138866 ], [ 582839.502072323230095, 1979982.654605848714709 ], [ 582823.469462239765562, 1980063.686363867716864 ], [ 582752.520296180970035, 1980757.244643209967762 ], [ 582741.883837968460284, 1980833.505671156104654 ], [ 582684.939360879710875, 1981447.340852279448882 ], [ 582650.859052705112845, 1981834.199737524380907 ], [ 582561.80699904076755, 1982662.422321241116151 ], [ 586071.211708200746216, 1983011.341088651446626 ], [ 586273.304364659241401, 1983028.495649933582172 ], [ 586337.125043179024942, 1983040.841666315915063 ], [ 587620.15300388855394, 1983168.416002399753779 ], [ 587596.061054758843966, 1983386.196888993261382 ], [ 587458.651397645706311, 1984912.40297642396763 ], [ 587148.771866502705961, 1988033.716229510493577 ], [ 587112.149918171344325, 1988457.428756849607453 ], [ 587090.153979798429646, 1988634.478571625193581 ], [ 587074.463805677369237, 1988760.334522782592103 ], [ 586919.063967383815907, 1990472.479215209838003 ], [ 586847.704673346364871, 1991294.536386058200151 ], [ 586712.04003957239911, 1992917.147914371686056 ], [ 586741.996447451296262, 1992921.945581055944785 ], [ 589911.702681842143647, 1993227.458534408127889 ], [ 591506.844408046919852, 1993377.080914850812405 ], [ 593108.137734277173877, 1993547.589493594830856 ], [ 595488.074326704954728, 1993776.03263208293356 ], [ 596036.765374865150079, 1993826.998842752538621 ], [ 596214.230591525323689, 1993845.497238883282989 ], [ 596309.668875094270334, 1993852.668705363990739 ], [ 597882.519033669843338, 1993997.640903441002592 ], [ 599488.478591496241279, 1994139.925433632684872 ], [ 601084.049632372800261, 1994283.996839929837734 ], [ 601859.236515421536751, 1994355.562787284143269 ], [ 602676.689353971276432, 1994435.581967483041808 ], [ 603748.492843712214381, 1994524.478230322944 ], [ 604253.461919102352113, 1994562.694062319584191 ], [ 604273.191919095930643, 1994569.363348949234933 ], [ 606461.668065499980003, 1994778.571996538434178 ], [ 607488.571797696873546, 1994883.415636571124196 ], [ 609076.38279036199674, 1995031.658365248935297 ], [ 609425.238285090425052, 1995061.03077219449915 ], [ 610688.757113959058188, 1995180.315010763704777 ], [ 612285.032516539096832, 1995325.251379138790071 ], [ 613933.496053433278576, 1995472.864989680470899 ], [ 615468.720228994148783, 1995614.284515698207542 ], [ 615525.890244071837515, 1995626.470864267554134 ], [ 616884.824213660904206, 1995746.290574421640486 ], [ 617081.683243090985343, 1995766.768119434360415 ], [ 620285.770029280334711, 1996054.169500143267214 ] ] ] } },
{ "type": "Feature", "properties": { "NAME": "MACON", "ID": "ils_macon", "STATE": "IL", "FIPS": "17115", "VERSION": 5, "START_DATE": "1843-02-16T00:00:00", "END_DATE": "2000-12-31T00:00:00", "CHANGE": "MACON lost to creation of MOULTRIE.", "CITATION": "(Ill. Laws 1842-1843, pp. 83-85)", "START_N": 18430216, "END_N": 20001231, "AREA_SQMI": 585.0, "DATASET": "IL_Historical_Counties", "CNTY_TYPE": "County", "FULL_NAME": "MACON" }, "geometry": { "type": "Polygon", "coordinates": [ [ [ 612819.33593848766759, 1916526.928664843784645 ], [ 612947.774644908495247, 1914927.484321996802464 ], [ 613062.503054452012293, 1913308.775626416085288 ], [ 613118.164154352503829, 1912423.491234380053356 ], [ 613134.165843112394214, 1912216.488161727320403 ], [ 613147.055752677144483, 1912016.888271501520649 ], [ 613175.462956963456236, 1911648.791544840671122 ], [ 613222.322704960708506, 1911104.892641571583226 ], [ 613216.295716522494331, 1911019.47734330361709 ], [ 613227.394154652487487, 1911007.515588789479807 ], [ 613285.444757600664161, 1910400.530390895903111 ], [ 613323.849185519618914, 1910080.392778029898182 ], [ 613447.454309807275422, 1908444.348770563257858 ], [ 613561.464198955567554, 1906804.974778351606801 ], [ 613596.571869410574436, 1906807.772391910199076 ], [ 613695.874254210852087, 1905226.372006836580113 ], [ 613718.015315260272473, 1904973.533034800551832 ], [ 613753.837291035451926, 1904868.279190867673606 ], [ 613764.385970294941217, 1904306.191599289886653 ], [ 613883.305827003787272, 1902764.708248670911416 ], [ 613931.048036628286354, 1902341.549955359194428 ], [ 613998.807653271593153, 1901462.31899928720668 ], [ 613986.495008218218572, 1901361.136020401958376 ], [ 614008.946170425508171, 1901103.14731547376141 ], [ 614056.490710618556477, 1900453.753184851491824 ], [ 614093.405207111034542, 1899844.450183416018263 ], [ 614111.844017150462605, 1899802.257500967243686 ], [ 614128.900057246093638, 1899747.03550970624201 ], [ 614204.096817823825404, 1898639.447510716505349 ], [ 614263.751458876766264, 1897800.602017841301858 ], [ 614314.718148918473162, 1897040.87905155797489 ], [ 614293.213178916717879, 1896993.046101740561426 ], [ 614328.720420876052231, 1896433.186749569373205 ], [ 614511.292664485517889, 1893737.984777179779485 ], [ 614647.09802210808266, 1892107.934136796975508 ], [ 614772.439868998946622, 1890451.224973676726222 ], [ 614964.969071782077663, 1888020.599929506657645 ], [ 615041.402012354228646, 1887162.54927713656798 ], [ 613956.26989590737503, 1887082.3283305617515 ], [ 614080.572005263180472, 1885739.621613486204296 ], [ 614151.472003091243096, 1884935.871122145792469 ], [ 614188.95434056641534, 1884534.150159318232909 ], [ 614346.85115793638397, 1882895.501976455328986 ], [ 614384.883417048375122, 1882486.62740889354609 ], [ 614399.451571137178689, 1882390.639063131995499 ], [ 614477.727630319423042, 1881246.127345013897866 ], [ 613662.539039044640958, 1881243.489394834265113 ], [ 612864.058271501678973, 1881188.261697955662385 ], [ 612051.501228601206094, 1881152.384369109291583 ], [ 609808.149345748010091, 1880977.142314633121714 ], [ 609956.531225562910549, 1879386.508595961844549 ], [ 609987.448666274081916, 1879111.15726303611882 ], [ 609999.441272035939619, 1879052.953436383977532 ], [ 610003.895097793312743, 1878994.178331844275817 ], [ 610009.141751369927078, 1878824.8799675158225 ], [ 610013.467448637471534, 1878735.190201574470848 ], [ 610028.178406061138958, 1878641.117816995130852 ], [ 610035.731262655346654, 1878541.445814089151099 ], [ 610066.260827715857886, 1878271.233844366157427 ], [ 610064.361758270184509, 1878229.958240019856021 ], [ 610098.828071438008919, 1877875.196028103586286 ], [ 610108.320166937308386, 1877749.93526044045575 ], [ 610118.58680016209837, 1877714.526286554522812 ], [ 610272.179488379391842, 1876121.797028029803187 ], [ 610272.543618095107377, 1876116.992173064500093 ], [ 610409.306622860371135, 1874478.81220669974573 ], [ 610417.982413794379681, 1874430.69539267430082 ], [ 610522.201293598627672, 1873255.757957972586155 ], [ 610534.200132889207453, 1873197.553503428818658 ], [ 610568.071728686685674, 1872817.004265607800335 ], [ 610716.809227120713331, 1871221.29592463793233 ], [ 609123.899573983042501, 1871090.271597296232358 ], [ 607546.358660368830897, 1870957.801105236401781 ], [ 606062.652883210103028, 1870842.925085650524125 ], [ 605955.576822079136036, 1870834.647673521423712 ], [ 605250.094247092492878, 1870783.987595406128094 ], [ 604363.499112093937583, 1870712.836748479865491 ], [ 604338.014633830171078, 1870716.094841810176149 ], [ 602776.315167125896551, 1870607.665682400809601 ], [ 602755.919064134825021, 1870611.309348241891712 ], [ 601350.543341372278519, 1870470.576525500277057 ], [ 600570.035660982131958, 1870446.082518083741888 ], [ 598581.929135176120326, 1870336.481544543989003 ], [ 598558.609268738538958, 1870345.087611830793321 ], [ 598151.630503012915142, 1870319.925969176460057 ], [ 597742.009208004572429, 1870297.061107556335628 ], [ 596556.263962847646326, 1870224.254824281204492 ], [ 596525.978345837094821, 1870224.485083087347448 ], [ 594952.335605271859095, 1870174.22700132150203 ], [ 594666.469127944787033, 1870157.84694736590609 ], [ 594613.191685284371488, 1870134.588484978768975 ], [ 594090.788313922006637, 1870103.476565676275641 ], [ 593571.864123309031129, 1870055.238059572177008 ], [ 593353.389420520048589, 1870041.846212998963892 ], [ 592495.650844912510365, 1869971.435513019794598 ], [ 592490.20367893401999, 1870009.57639608415775 ], [ 590910.643193306052126, 1869906.9744591943454 ], [ 590873.094649426406249, 1869901.637015190906823 ], [ 589697.807587085757405, 1869826.115454113809392 ], [ 589283.080882036243565, 1869803.308243711944669 ], [ 588066.266833168803714, 1869709.258665025932714 ], [ 587674.357758648344316, 1869685.727621716447175 ], [ 587172.219124071183614, 1869651.599708520341665 ], [ 586058.040398723329417, 1869601.0634671356529 ], [ 584854.31100174668245, 1869533.508460419951007 ], [ 584059.112923834240064, 1869475.392582650529221 ], [ 582871.968539328430779, 1869395.516808638349175 ], [ 582723.615889993263409, 1871040.231716971378773 ], [ 582592.139684961293824, 1872660.316527251852676 ], [ 582565.120862130075693, 1872966.775302750058472 ], [ 582521.942957271821797, 1873479.02150178863667 ], [ 582478.850652925437316, 1873991.272996111772954 ], [ 582464.450316973146982, 1874118.539751583710313 ], [ 582464.01408437162172, 1874122.215882290620357 ], [ 582444.83137985796202, 1874292.055893652141094 ], [ 582405.430345293832943, 1874839.290127483429387 ], [ 582402.943283680826426, 1874850.120929540600628 ], [ 582402.559718006406911, 1874851.890849682269618 ], [ 582394.456596683477983, 1874887.37038115109317 ], [ 582351.718392301583663, 1875357.063105239067227 ], [ 582320.7250314647099, 1875696.15114532224834 ], [ 582310.960836086771451, 1875804.090604802127928 ], [ 582298.894100474542938, 1875936.805914739845321 ], [ 582144.365489283693023, 1877560.364892450161278 ], [ 582121.519546267343685, 1877878.692499704426154 ], [ 582098.665534381289035, 1878197.131517271511257 ], [ 582053.651601150399074, 1878665.418421996757388 ], [ 582008.630935494089499, 1879133.816424143966287 ], [ 582015.147302716854028, 1879149.679757121484727 ], [ 582006.03220310586039, 1879175.648085441906005 ], [ 581999.281659989850596, 1879194.82156909420155 ], [ 581994.850338762742467, 1879247.86824621562846 ], [ 581980.045903343008831, 1879423.189996831584722 ], [ 581875.347146435175091, 1880664.068817019928247 ], [ 581866.521521589136682, 1880768.479013106087223 ], [ 581856.531212734174915, 1880837.189688605256379 ], [ 581784.117552690207958, 1881844.684789726743475 ], [ 581769.830055878031999, 1881938.700460587395355 ], [ 581733.711674440186471, 1882406.500724056502804 ], [ 581724.651758357998915, 1882462.357968766707927 ], [ 581620.006987540051341, 1883745.021165206562728 ], [ 581590.293242708779871, 1884051.273131867172197 ], [ 581558.78398402070161, 1884473.00262554641813 ], [ 581526.980159124708734, 1884897.631246781442314 ], [ 581523.502720852615312, 1884964.56474739825353 ], [ 581520.191093937028199, 1885028.027390849543735 ], [ 581513.816081353928894, 1885116.210091520799324 ], [ 581507.517632292117923, 1885204.510647451505065 ], [ 581507.657141839386895, 1885237.888447070028633 ], [ 581493.752886320697144, 1885254.859140233136714 ], [ 581489.076390914735384, 1885285.4170900688041 ], [ 581481.63715254527051, 1885423.630477749044076 ], [ 581463.870431994786486, 1885642.325552606023848 ], [ 581452.471369043574668, 1885649.365932684391737 ], [ 581434.917312513571233, 1885660.343001226196066 ], [ 581410.591622166917659, 1885675.549266795860603 ], [ 581409.856435212655924, 1885685.719877679133788 ], [ 581391.880477356608026, 1885689.588548680534586 ], [ 581308.495075259357691, 1885727.377662220038474 ], [ 581254.846203077118844, 1885736.308226156048477 ], [ 581138.705140880774707, 1885702.300455004675314 ], [ 581035.416260628262535, 1885700.006340948399156 ], [ 580980.653557255398482, 1885724.362345461733639 ], [ 580806.964675937430002, 1885755.634102676762268 ], [ 580703.22893370478414, 1885758.367588590132073 ], [ 580572.77129406912718, 1885782.429561463417485 ], [ 580402.383091394556686, 1885801.028040579054505 ], [ 580205.637891472084448, 1885835.929014943074435 ], [ 580099.771774910739623, 1885869.412043044809252 ], [ 579943.122761701233685, 1885942.937645957339555 ], [ 579740.13202839740552, 1886064.580545399570838 ], [ 579491.006381099228747, 1886229.190702341496944 ], [ 579319.9167537081521, 1886327.414266892476007 ], [ 578925.48201193951536, 1886514.941591219743714 ], [ 578759.668187037459575, 1886610.971789296716452 ], [ 578734.534117057803087, 1886609.163075194228441 ], [ 578723.353664126829244, 1886623.862252932041883 ], [ 578561.839991462649778, 1886694.478420368395746 ], [ 578383.325041460921057, 1886792.185912208165973 ], [ 578076.730114442412741, 1886950.006278194021434 ], [ 577960.079553778865375, 1886993.075998333049938 ], [ 577789.39492213842459, 1887086.190389879047871 ], [ 577722.836271091131493, 1887135.334004492731765 ], [ 577660.201641552499495, 1887164.20091682090424 ], [ 577483.461856048321351, 1887236.327219284372404 ], [ 577422.474133274285123, 1887242.283530713291839 ], [ 577361.679120390675962, 1887245.557869771495461 ], [ 577189.192244107834995, 1887222.952543519437313 ], [ 577082.789350302424282, 1887158.91957793221809 ], [ 576867.314538503298536, 1886996.851242522941902 ], [ 576786.858002433786169, 1886957.601877636741847 ], [ 576692.946741851861589, 1886930.420381186762825 ], [ 576344.966207836288959, 1886892.554755874210969 ], [ 576108.406482102349401, 1886883.244180411333218 ], [ 575731.687410483486019, 1886844.020680637331679 ], [ 575737.803753099404275, 1886749.079582207137719 ], [ 575759.061864263145253, 1886713.528360292548314 ], [ 575760.895939972135238, 1886628.503833490656689 ], [ 575746.974766376311891, 1886553.248616892145947 ], [ 575700.561870070290752, 1886448.255874124821275 ], [ 575645.827343165292405, 1886383.448258105665445 ], [ 575567.587975785019808, 1886359.424455564236268 ], [ 575495.431854645721614, 1886362.124907048884779 ], [ 575403.357316761044785, 1886380.47698108968325 ], [ 575240.248470493243076, 1886471.489947833120823 ], [ 575104.384813745389692, 1886530.077446664683521 ], [ 575010.890866424306296, 1886568.329160049790516 ], [ 574956.224387512309477, 1886575.09330887766555 ], [ 574859.803070792229846, 1887932.140737273264676 ], [ 574827.911857155268081, 1888410.344621478579938 ], [ 574785.734093265025876, 1889137.096830431139097 ], [ 574477.621360946446657, 1893211.436057237908244 ], [ 574453.972832880914211, 1893330.62229669559747 ], [ 574435.641529928077944, 1893482.429909183643758 ], [ 574327.369157815817744, 1894923.296812273096293 ], [ 574103.485388513072394, 1898178.675365891773254 ], [ 575677.889134463504888, 1898286.551030989736319 ], [ 577242.297505140304565, 1898427.158630270045251 ], [ 578570.477016616845503, 1898555.993144621374086 ], [ 580382.655680605676025, 1898726.868493450805545 ], [ 580392.525907803676091, 1898727.806555580347776 ], [ 580267.926438930793665, 1900322.494389342376962 ], [ 580267.876141314976849, 1900358.440325784496963 ], [ 580194.836930853780359, 1901129.333853847580031 ], [ 580179.201661151484586, 1901338.620374724734575 ], [ 580131.117526771267876, 1901980.436387055786327 ], [ 580121.875213781022467, 1902033.130689590470865 ], [ 580109.748321015620604, 1902102.243063210509717 ], [ 580104.782243016175926, 1902276.687568667111918 ], [ 580072.792149477871135, 1902709.923129153670743 ], [ 580008.791799289290793, 1903577.850860498147085 ], [ 579943.513636483578011, 1904380.076227385317907 ], [ 579909.697117590229027, 1904781.046625880058855 ], [ 579874.851733322371729, 1905195.08577810251154 ], [ 579833.665566398762167, 1905750.888216129969805 ], [ 579792.463481695973314, 1906306.912862243130803 ], [ 579764.078738660202362, 1906576.386068710358813 ], [ 579737.000649073161185, 1906834.831810955191031 ], [ 579736.864220181596465, 1906870.770521019585431 ], [ 579698.518927833181806, 1907386.10754356533289 ], [ 579660.355176550336182, 1907900.108473417116329 ], [ 579610.799708653124981, 1908455.52429441944696 ], [ 579610.181909369770437, 1908499.291657347232103 ], [ 579473.868384836008772, 1910082.731885981513187 ], [ 579472.532284847460687, 1910134.085986085701734 ], [ 579415.334904853254557, 1910837.566476812353358 ], [ 579343.550359655404463, 1911720.628425375092775 ], [ 579281.967637570109218, 1912525.90095381368883 ], [ 579220.054709293763153, 1913335.752509986516088 ], [ 580200.770856001647189, 1913419.037997604114935 ], [ 580869.389611012302339, 1913483.528083701618016 ], [ 580941.210485919960774, 1913495.136425170581788 ], [ 584182.877849111799151, 1913757.930702768731862 ], [ 586560.148367478512228, 1913967.72607228346169 ], [ 588171.278238771134056, 1914095.907383738784119 ], [ 589056.494780851178803, 1914173.388798519037664 ], [ 590328.208058588206768, 1914315.153631598688662 ], [ 591863.040282626636326, 1914494.525120946578681 ], [ 594207.487951224669814, 1914754.741542863659561 ], [ 594226.412566816201434, 1914756.818829228403047 ], [ 594254.736311584361829, 1914756.784321272280067 ], [ 595054.82841982122045, 1914853.115498389583081 ], [ 597439.861710789729841, 1915131.008825652068481 ], [ 598235.431499941973016, 1915226.200699257664382 ], [ 601518.795552421477623, 1915542.658823092700914 ], [ 603116.864017619285733, 1915706.597352715209126 ], [ 604728.626464217202738, 1915859.643661489710212 ], [ 606299.380086550489068, 1916019.914300993783399 ], [ 607914.625500985886902, 1916193.759404654148966 ], [ 611201.750472533749416, 1916427.420841685729101 ], [ 612819.33593848766759, 1916526.928664843784645 ] ] ] } },
{ "type": "Feature", "properties": { "NAME": "PEORIA", "ID": "ils_peoria", "STATE": "IL", "FIPS": "17143", "VERSION": 2, "START_DATE": "1845-02-28T00:00:00", "END_DATE": "2000-12-31T00:00:00", "CHANGE": "PEORIA gained part of small Non-County Area 5 (\"the gore\").", "CITATION": "(Ill. Laws 1844-1845, p. 267)", "START_N": 18450228, "END_N": 20001231, "AREA_SQMI": 631.0, "DATASET": "IL_Historical_Counties", "CNTY_TYPE": "County", "FULL_NAME": "PEORIA" }, "geometry": { "type": "Polygon", "coordinates": [ [ [ 511385.714422156626824, 2012688.435449081007391 ], [ 513404.556072781328112, 2012812.6018595113419 ], [ 514137.18131821526913, 2012868.903254073811695 ], [ 514380.190158265235368, 2012884.241223552497104 ], [ 514530.217048330232501, 2012891.298207105603069 ], [ 515004.838464226399083, 2012924.855231762863696 ], [ 516074.448847124702297, 2012971.511337238596752 ], [ 516172.398608223360498, 2012978.009908815147355 ], [ 517730.056209579342976, 2013048.761845268541947 ], [ 519312.371982959564775, 2013126.375989381223917 ], [ 520937.181875351932831, 2013211.816715507069603 ], [ 521331.612224556447472, 2013230.938863675110042 ], [ 521775.314055477676447, 2013261.520366433542222 ], [ 522524.342009046406019, 2013306.328403368359432 ], [ 522564.40302159631392, 2013311.554060494760051 ], [ 524160.156250845931936, 2013417.84771228232421 ], [ 525771.919257084256969, 2013509.816693196306005 ], [ 527388.25591532944236, 2013609.826462415745482 ], [ 528996.344714858569205, 2013719.379987702006474 ], [ 530608.964627770823427, 2013823.72965882346034 ], [ 531354.323263284401037, 2013865.988097976893187 ], [ 531745.980806091567501, 2013884.210111139109358 ], [ 533957.976695582154207, 2014003.497116431593895 ], [ 534336.503336301539093, 2014029.154639491345733 ], [ 534573.609976448467933, 2014045.277540017850697 ], [ 534822.202449736418203, 2014064.765013682888821 ], [ 535008.35215558775235, 2014074.764352812664583 ], [ 535367.372051677666605, 2014103.080986752640456 ], [ 535726.481326028006151, 2014131.307822403265163 ], [ 536114.109753830591217, 2014147.34142724564299 ], [ 536548.588775197858922, 2014181.94589495845139 ], [ 537064.040969899739139, 2014211.855219177668914 ], [ 537096.862581793451682, 2014211.501063305186108 ], [ 537401.704103013616987, 2014228.153216940816492 ], [ 540914.523705868166871, 2014454.434170766966417 ], [ 541309.395284096593969, 2014484.5741871164646 ], [ 542160.536219920963049, 2014535.314003682695329 ], [ 542559.952030953485519, 2014577.276409105863422 ], [ 542723.800883011077531, 2014589.184020867105573 ], [ 543202.94999428128358, 2014609.260756673291326 ], [ 546419.126441480126232, 2014836.048512758221477 ], [ 546523.714870979893021, 2014843.382626408245414 ], [ 546467.270953536150046, 2014658.661526184529066 ], [ 546462.840787952882238, 2014629.509165317751467 ], [ 546441.506554542575032, 2014490.089346488704905 ], [ 546430.785910497885197, 2014279.342095724772662 ], [ 546442.889574647066183, 2014150.087693181354553 ], [ 546482.647348629892804, 2014020.273132458562031 ], [ 546549.366439498960972, 2013810.27007766161114 ], [ 546564.967139571090229, 2013749.164271950954571 ], [ 546579.136556084849872, 2013694.245276506757364 ], [ 546608.101734816096723, 2013443.247499663382769 ], [ 546596.084158876677975, 2013269.449390695663169 ], [ 546264.90692612552084, 2012311.481022456893697 ], [ 546116.200055542169139, 2011809.926634023431689 ], [ 546103.702527513960376, 2011687.72791602788493 ], [ 546103.131758862989955, 2011606.1987472132314 ], [ 546133.567894635722041, 2011436.78776035620831 ], [ 546233.110918101621792, 2011195.143629139754921 ], [ 546258.691125630401075, 2011041.560709215700626 ], [ 546236.062208243645728, 2010812.59004532545805 ], [ 546180.432731892680749, 2010583.812274111667648 ], [ 546099.923419373459183, 2010477.799515791004524 ], [ 546028.921555632725358, 2010415.994588842848316 ], [ 545966.674622069112957, 2010361.97770194336772 ], [ 545903.699820936657488, 2010280.859955415362492 ], [ 545848.82184864289593, 2010166.065936757484451 ], [ 545748.517057112418115, 2009928.038548111915588 ], [ 545678.806257932097651, 2009786.631539235822856 ], [ 545628.629961586208083, 2009723.796212214278057 ], [ 545575.283028654986992, 2009677.804163598455489 ], [ 545555.193698825663887, 2009640.052554167574272 ], [ 545550.364906935719773, 2009621.423836737405509 ], [ 545542.872329909238033, 2009592.846233119023964 ], [ 545520.942188409040682, 2009533.192215342074633 ], [ 545499.01166395121254, 2009473.538232476683334 ], [ 545159.049140462651849, 2009180.739148167427629 ], [ 544819.398211070336401, 2008884.273178378818557 ], [ 544871.954902091063559, 2008888.337704129284248 ], [ 544824.81716040126048, 2008608.297022721264511 ], [ 544800.233742580632679, 2008350.909911868162453 ], [ 544766.270856683258899, 2008112.969528548419476 ], [ 544696.058153156191111, 2007925.96543705300428 ], [ 544629.933768786955625, 2007820.733819575281814 ], [ 544597.49145024700556, 2007789.543751223711297 ], [ 544468.264646057737991, 2007665.383439178345725 ], [ 544408.746958508621901, 2007589.455220390576869 ], [ 544355.147333053406328, 2007521.230172470211983 ], [ 544312.229007208487019, 2007413.330856872722507 ], [ 544079.651046816026792, 2006807.387478136690333 ], [ 544028.151670982246287, 2006754.799110811203718 ], [ 543693.546447957865894, 2006342.334251355845481 ], [ 543693.503437318839133, 2006329.535222951788455 ], [ 543651.193671725224704, 2006138.057989254593849 ], [ 543620.425273684435524, 2006024.93507976247929 ], [ 543517.757394182961434, 2005779.143184367800131 ], [ 543500.440443230560049, 2005725.087178352056071 ], [ 543458.197763025877066, 2005593.555086323292926 ], [ 543393.236615182366222, 2005285.1358399130404 ], [ 543370.028819881379604, 2005040.866737492848188 ], [ 543311.29223437642213, 2004876.101637829560786 ], [ 543166.68670768046286, 2004292.044680088991299 ], [ 543083.851367252413183, 2003937.166248327121139 ], [ 542952.9578166565625, 2003575.516207877313718 ], [ 542930.215113420970738, 2003547.916759127983823 ], [ 542891.735310805030167, 2003491.963233429007232 ], [ 542792.078471850021742, 2003311.378308745799586 ], [ 542690.576790994615294, 2003151.54647568706423 ], [ 542448.849717544508167, 2002848.992373483488336 ], [ 542353.783100730972365, 2002710.034735333872959 ], [ 542255.133159913588315, 2002558.485981864389032 ], [ 541645.189460008172318, 2001551.45594611344859 ], [ 541033.288367122877389, 2000544.905024787411094 ], [ 541067.687180529697798, 2000024.850708591984585 ], [ 541070.987111791269854, 1999937.185613929992542 ], [ 541066.033999513485469, 1999872.192669379990548 ], [ 541065.458452571649104, 1999782.35481309518218 ], [ 541033.782554119825363, 1999537.737037321552634 ], [ 540961.172840039827861, 1999265.182875042315573 ], [ 540918.366908934898674, 1999145.524321591714397 ], [ 540860.757579376455396, 1999006.896545960800722 ], [ 540821.386950866435654, 1998930.239556297194213 ], [ 540811.022911459091119, 1998910.113733875565231 ], [ 540745.764390370924957, 1998765.577263125684112 ], [ 540696.270263408659957, 1998665.219675626140088 ], [ 540667.580865747528151, 1998603.996356083778664 ], [ 540652.652183443075046, 1998572.110189574072137 ], [ 540638.890973825706169, 1998542.773114577168599 ], [ 540607.78552097256761, 1998491.15095596248284 ], [ 540582.336694153142162, 1998448.782160594128072 ], [ 540567.792153218644671, 1998424.779762040590867 ], [ 540564.478945568087511, 1998416.808764045126736 ], [ 540558.777430414105766, 1998403.287038041977212 ], [ 540549.353336344473064, 1998380.419437420088798 ], [ 540360.701593161094934, 1998044.736025783699006 ], [ 540233.427481830003671, 1997818.302904969546944 ], [ 540197.997375485603698, 1997737.764489826979116 ], [ 540132.352436284185387, 1997588.71720887767151 ], [ 540098.111278972472064, 1997507.923491325462237 ], [ 540066.46308010222856, 1997433.367927599232644 ], [ 540037.338215752039105, 1997373.464411690598354 ], [ 539949.960692840046249, 1997193.754358767531812 ], [ 539894.665454098954797, 1997076.05770204635337 ], [ 539833.937161232228391, 1996946.991296369815245 ], [ 539782.837392842629924, 1996861.235232430743054 ], [ 539727.973604040336795, 1996769.161967621184886 ], [ 539676.347441273857839, 1996686.177064147545025 ], [ 539626.374012677115388, 1996605.998939227545634 ], [ 539610.956014219438657, 1996595.970167573541403 ], [ 539498.539897801121697, 1996493.136580934980884 ], [ 539333.793087252648547, 1996370.582749625435099 ], [ 539289.047192871803418, 1996331.845477537019178 ], [ 539252.693197732442059, 1996300.413877328392118 ], [ 539223.774985099444166, 1996279.253550358116627 ], [ 539211.717468657298014, 1996270.352032694965601 ], [ 539177.06239317683503, 1996244.760978031205013 ], [ 539090.322377599892206, 1996153.893517774529755 ], [ 539008.133683815831318, 1996056.489161131437868 ], [ 538980.45143460331019, 1996012.178280309773982 ], [ 538930.4586362488335, 1995932.115923101082444 ], [ 538912.413044608081691, 1995900.246099152369425 ], [ 538908.300025102915242, 1995892.895018924260512 ], [ 538894.367295239586383, 1995868.376309411367401 ], [ 538853.228843845194206, 1995780.160561718512326 ], [ 538792.137760318350047, 1995648.608864469453692 ], [ 538744.090381989371963, 1995536.127753220964223 ], [ 538726.034867951297201, 1995472.266788668232039 ], [ 538701.459768678643741, 1995404.3712010725867 ], [ 538671.282379990210757, 1995301.634885009611025 ], [ 538644.496889383182861, 1995210.690604798262939 ], [ 538634.394353844108991, 1995179.136249661212787 ], [ 538632.648611117270775, 1995173.966524127637967 ], [ 538619.912128456751816, 1995134.263686817139387 ], [ 538583.226703003398143, 1995001.339866257505491 ], [ 538559.178443484124728, 1994905.867198476800695 ], [ 538555.997597435722128, 1994889.711911220569164 ], [ 538551.518561792559922, 1994866.73355809529312 ], [ 538527.242512286524288, 1994788.195125533035025 ], [ 538507.710428521269932, 1994725.02013233397156 ], [ 538485.080388189409859, 1994646.930285804206505 ], [ 538462.533300309558399, 1994568.846127547323704 ], [ 538428.195722239790484, 1994454.378902343800291 ], [ 538393.872118838247843, 1994339.68826520582661 ], [ 538363.335392112494446, 1994230.979419559938833 ], [ 538359.212630733731203, 1994216.331775172380731 ], [ 538332.797648597625084, 1994122.270609426079318 ], [ 538326.372149093425833, 1993993.196806652238593 ], [ 538279.537897232919931, 1993043.866255917586386 ], [ 538782.607841563876718, 1991765.11676606698893 ], [ 539111.462670979788527, 1990929.503977936226875 ], [ 539116.875581464148127, 1990570.551379004493356 ], [ 539118.616428586305119, 1990454.712616233387962 ], [ 539146.371635095099919, 1989992.880960892885923 ], [ 539192.617075460380875, 1989225.402581370202824 ], [ 539237.347674361313693, 1989142.678604726912454 ], [ 539298.02767788071651, 1989030.280537548474967 ], [ 539527.741827131249011, 1988516.607968700351194 ], [ 539543.471720080589876, 1988481.530858247773722 ], [ 539733.720964676933363, 1988056.105469537666067 ], [ 540015.222719850367866, 1986851.882469225209206 ], [ 540217.886178019223735, 1985994.105713468743488 ], [ 540207.400965449167415, 1985960.613621800672263 ], [ 540206.572781055350788, 1985957.975390610983595 ], [ 540176.355000912444666, 1985861.512369685340673 ], [ 540169.01508964644745, 1985833.622553663095459 ], [ 540164.668859101249836, 1985817.274265030398965 ], [ 540158.597777009941638, 1985794.1855297179427 ], [ 540155.330468323663808, 1985781.72734803147614 ], [ 540071.744412177009508, 1985503.147318341536447 ], [ 539987.581353573594242, 1985223.069562775781378 ], [ 539616.739530726801604, 1984001.658269798615947 ], [ 539469.914128231583163, 1983811.401954986387864 ], [ 539148.743440640857443, 1983579.904699702281505 ], [ 537330.457206533639692, 1982297.912385689793155 ], [ 537134.759427375392988, 1982168.272635360248387 ], [ 536898.62404000654351, 1982011.658634593477473 ], [ 536847.321989470161498, 1981969.015461856499314 ], [ 536806.362064311397262, 1981934.929152350872755 ], [ 536737.248031196417287, 1981877.388369084103033 ], [ 536672.677676385268569, 1981817.236416748259217 ], [ 536659.717838996672072, 1981805.135650603566319 ], [ 536560.943741697119549, 1981669.259659389499575 ], [ 536032.406841274350882, 1980942.547337290132418 ], [ 535649.292970313224941, 1980419.08912277710624 ], [ 535448.625392223126255, 1980145.135457410244271 ], [ 535183.011958439950831, 1979782.285963686183095 ], [ 535168.603086299495772, 1979761.671130513772368 ], [ 535093.170418172958307, 1979653.991343181580305 ], [ 534945.761764344759285, 1979473.329260344849899 ], [ 534877.534856118494645, 1979389.59807880804874 ], [ 534866.821473967400379, 1979251.58846650342457 ], [ 534847.797396714566275, 1979007.274601397570223 ], [ 534850.542088009999134, 1978859.056851433124393 ], [ 534855.527338651940227, 1978590.08981457608752 ], [ 534959.16485762281809, 1978507.369845830835402 ], [ 534978.439385162317194, 1978491.940589954378083 ], [ 535273.90576045261696, 1978256.219155356986448 ], [ 535396.045001437189057, 1978021.182059878716245 ], [ 535403.296133909723721, 1977846.100129777332768 ], [ 535369.694884958444163, 1977711.03728527855128 ], [ 535332.384815795230679, 1977561.131406073458493 ], [ 535260.339221199974418, 1977405.29512530611828 ], [ 534877.379979311022907, 1976578.457608487224206 ], [ 534721.403664360404946, 1976324.145000565331429 ], [ 534593.747574134613387, 1976116.081140442518517 ], [ 534380.126500102574937, 1975854.870276710717008 ], [ 533436.673260213923641, 1974666.495451969094574 ], [ 533395.193354103015736, 1974594.226550648454577 ], [ 533387.815009818528779, 1974581.383482657605782 ], [ 533368.766868698759936, 1974548.225145221455023 ], [ 533045.409248475567438, 1974019.933045829413459 ], [ 531741.507515071658418, 1972115.794530240818858 ], [ 531662.820775684318505, 1971638.270071585429832 ], [ 531650.883072827593423, 1971565.178684830665588 ], [ 531651.632990092271939, 1971538.848285464802757 ], [ 531654.637788696330972, 1971531.640050125773996 ], [ 531712.147850081324577, 1971234.85673920600675 ], [ 531732.200346442055888, 1971131.123348142718896 ], [ 531807.938492458197288, 1970740.362769757863134 ], [ 532257.413695908500813, 1969706.983545353868976 ], [ 532293.243242795928381, 1969537.286180512746796 ], [ 532290.44280511373654, 1969398.009537642123178 ], [ 532281.570811465382576, 1968946.918684952426702 ], [ 532217.112884690403007, 1968653.876700041582808 ], [ 532079.307925199042074, 1968385.568894863594323 ], [ 532036.497982749366201, 1968302.217332593398169 ], [ 530683.985273938626051, 1966702.168144325260073 ], [ 530582.29604179225862, 1966650.824216737179086 ], [ 530562.273446187144145, 1966640.621505868621171 ], [ 530480.419202679302543, 1966587.120632097823545 ], [ 530443.538665730156936, 1966569.73311474127695 ], [ 530400.973693329491653, 1966555.559412992326543 ], [ 530406.741760737262666, 1966552.351348027354106 ], [ 530379.150005234405398, 1966538.277136583346874 ], [ 530351.550711895572022, 1966524.314783197594807 ], [ 530168.847285429714248, 1966504.064927121158689 ], [ 530068.01510793028865, 1966516.884845659136772 ], [ 529995.588501152698882, 1966556.85495127690956 ], [ 529936.562053640373051, 1966637.008073318516836 ], [ 529782.378197307465598, 1966855.979754493338987 ], [ 529751.749684315989725, 1966895.140702494885772 ], [ 529697.20434270426631, 1966964.928710220614448 ], [ 529447.40240442706272, 1967209.76269327593036 ], [ 529255.269078496959992, 1967344.270481439772993 ], [ 528940.945458436268382, 1967413.187612898647785 ], [ 528854.017433884670027, 1967417.066963364602998 ], [ 528648.020484032458626, 1967426.061957091325894 ], [ 528499.199377781827934, 1967396.424347112188116 ], [ 528375.11213076277636, 1967298.382754418067634 ], [ 528281.90042173594702, 1967161.081343104830012 ], [ 528122.882876603747718, 1967021.211999396793544 ], [ 528003.672685063444078, 1966930.684623464243487 ], [ 527941.818665507365949, 1966888.86474902392365 ], [ 527735.744193327380344, 1966808.74733441369608 ], [ 527564.965387925272807, 1966777.560449937358499 ], [ 527477.782016853103414, 1966769.988142892019823 ], [ 527266.304639819543809, 1966743.408322482602671 ], [ 527068.757868647808209, 1966690.702645666431636 ], [ 526990.020288245170377, 1966636.884123099735007 ], [ 526925.443373928777874, 1966596.688446288229898 ], [ 526743.889667027513497, 1966496.779574093176052 ], [ 526658.445148381986655, 1966446.337555035250261 ], [ 526606.324840744142421, 1966421.337276359787211 ], [ 526450.980592757463455, 1966371.663310297532007 ], [ 526270.689840172650293, 1966354.357043830677867 ], [ 526120.415289039490744, 1966319.617967982310802 ], [ 525933.001166127040051, 1966276.366869741585106 ], [ 525854.062424889067188, 1966244.548923332476988 ], [ 525783.393886161386035, 1966216.196505767991766 ], [ 525591.676291028270498, 1966142.472964730113745 ], [ 525475.90015295741614, 1966080.949614924611524 ], [ 525369.819843328092247, 1966034.436341759050265 ], [ 525251.01429158472456, 1965999.657674143090844 ], [ 525182.091520932968706, 1965984.335256025660783 ], [ 524966.986487506772391, 1965957.578824668191373 ], [ 524751.654992028954439, 1965955.958280112128705 ], [ 524671.129650098504499, 1965963.449121662648395 ], [ 524603.99082088668365, 1965969.577581881312653 ], [ 524506.874096130486578, 1965972.160393926082179 ], [ 524444.400310919154435, 1965959.851068067364395 ], [ 522727.387661989836488, 1966085.826587476534769 ], [ 522559.795575658907183, 1966076.285924847470596 ], [ 522386.933111854887102, 1966036.768571293679997 ], [ 522225.443399250099901, 1965968.815463087288663 ], [ 521920.139039899630006, 1965785.248561146203429 ], [ 521827.730911157617811, 1965721.158497162163258 ], [ 521691.347075505706016, 1965632.074995770584792 ], [ 521461.227516663493589, 1965504.190298305125907 ], [ 520575.546550621977076, 1965079.857881862903014 ], [ 519941.806268584274221, 1964761.872975840931758 ], [ 519761.321311835839879, 1964691.609762331703678 ], [ 519580.840675102896057, 1964621.238842837046832 ], [ 519504.344868936692365, 1964599.186746845953166 ], [ 519427.841392645728774, 1964577.247158116195351 ], [ 519371.36734793370124, 1964548.869219691026956 ], [ 519291.991858857974876, 1964509.008233105763793 ], [ 518795.503905905701686, 1964168.078464935999364 ], [ 518355.276650326617528, 1963814.342277425574139 ], [ 517915.002933068375569, 1963460.741524745710194 ], [ 517657.714918232464697, 1963245.336292474996299 ], [ 517434.909155535628088, 1963096.27388441353105 ], [ 517208.18052259326214, 1962971.20914445258677 ], [ 516470.847311214311048, 1962501.766373577993363 ], [ 516285.739208272250835, 1962378.305418639210984 ], [ 516100.632691813516431, 1962254.73690710356459 ], [ 515575.886888401932083, 1961895.017202031332999 ], [ 514899.395310415362474, 1961403.625620795413852 ], [ 514464.988923595985398, 1961055.323068177560344 ], [ 514423.633892690297216, 1961753.186395333148539 ], [ 514330.564194671984296, 1963451.411340860417113 ], [ 514238.838931756385136, 1964823.747582472860813 ], [ 514142.888349650951568, 1966606.836184717947617 ], [ 514016.834091837285087, 1968574.620811227709055 ], [ 513815.233136971073691, 1968569.125807888805866 ], [ 513806.366829824808519, 1968666.091836842242628 ], [ 513770.126048138365149, 1969531.156473057577386 ], [ 513764.664303817495238, 1969615.770656487438828 ], [ 513760.130363123491406, 1969717.280879829777405 ], [ 513708.983125430240761, 1970870.509649007115513 ], [ 513615.488175659906119, 1972400.92775371670723 ], [ 513595.774511355848517, 1972785.758540262002498 ], [ 513573.414013385947328, 1973508.480963600100949 ], [ 513438.313005713571329, 1973511.321065166499466 ], [ 512944.089307298301719, 1973500.091405590530485 ], [ 512742.507915905618574, 1973505.391359042841941 ], [ 512316.654550326464232, 1973510.729121485957876 ], [ 511582.910962616326287, 1973466.204877240816131 ], [ 511554.955201442120597, 1973469.570104131475091 ], [ 511467.215132742479909, 1973461.459491693880409 ], [ 509943.211982182750944, 1973350.606742172269151 ], [ 509351.142435194284189, 1973318.62638876424171 ], [ 509216.067928330856375, 1973319.856175907189026 ], [ 508920.168656519846991, 1973308.329518307698891 ], [ 508727.855645702511538, 1973287.163113830378279 ], [ 507489.958723962248769, 1973212.142295122845098 ], [ 507414.365484824636951, 1973211.24877612083219 ], [ 505645.140151266357861, 1973107.471800316125154 ], [ 503887.446049902471714, 1973020.756574225146323 ], [ 503852.788992038113065, 1973562.651313087204471 ], [ 503858.947571699973196, 1973624.655380090232939 ], [ 503831.50015282043023, 1973974.419410709058866 ], [ 503820.097256771405227, 1974548.534495385829359 ], [ 503811.919880504137836, 1974558.229383253958076 ], [ 503777.597504419332836, 1975410.563858953071758 ], [ 503742.337686395389028, 1976692.778287589782849 ], [ 503715.820024244196247, 1977046.410161226056516 ], [ 503646.745512182591483, 1978720.271093823481351 ], [ 503619.129755167930853, 1979467.740847990615293 ], [ 503626.738730160868727, 1979506.716248919954523 ], [ 503608.915246347605716, 1979864.932692453498021 ], [ 503550.555954520532396, 1981998.663209608756006 ], [ 503524.551202249596827, 1982564.081198591506109 ], [ 503515.55763740389375, 1982704.688272584695369 ], [ 503475.1290334261721, 1983533.474369858857244 ], [ 503428.314718156820163, 1984343.783623807597905 ], [ 503378.096519723767415, 1985010.453745019854978 ], [ 503380.925663213478401, 1985123.415705542312935 ], [ 503370.973218239261769, 1985161.277029878925532 ], [ 503307.610710875189397, 1986427.379745583282784 ], [ 503281.373217681364622, 1986797.727926224702969 ], [ 503278.253584974620026, 1986929.052399623440579 ], [ 503240.55079219781328, 1987603.461903107585385 ], [ 503233.058045800542459, 1987635.643030732637271 ], [ 503003.843723304162268, 1991701.371618612436578 ], [ 502958.959466588683426, 1992478.431251029716805 ], [ 502909.702483127650339, 1993332.413974330294877 ], [ 502858.189321592100896, 1994137.32310898671858 ], [ 502831.527960099861957, 1994633.417824957985431 ], [ 502748.200579608383123, 1995777.657901546685025 ], [ 502648.979993026878219, 1997408.108751690946519 ], [ 502614.301201287773438, 1998029.361659789690748 ], [ 502536.988933190586977, 1999040.425086039351299 ], [ 502450.588347449724097, 2000271.623026771238074 ], [ 502418.131765043013729, 2000901.42015582579188 ], [ 502411.847380380495451, 2001044.201356858247891 ], [ 502382.382240649603773, 2001427.21232539229095 ], [ 502380.105663302703761, 2001501.462767073418945 ], [ 502327.873087465122808, 2002319.072782337898389 ], [ 502272.241009035729803, 2003149.366584136383608 ], [ 502222.511218005733099, 2003967.125738977221772 ], [ 502119.735972443479113, 2005574.368262074887753 ], [ 502020.186076880898327, 2007209.960208066971973 ], [ 501992.498828434734605, 2007603.277734817471355 ], [ 501992.91671090060845, 2007682.520479503087699 ], [ 501956.995556797191966, 2008055.23036038922146 ], [ 501908.750532631762326, 2008869.352350223110989 ], [ 501870.66457000549417, 2009350.19776401296258 ], [ 501844.570867108879611, 2009838.533625826239586 ], [ 501841.736211165494751, 2009862.140931375790387 ], [ 501825.123428511491511, 2010162.576069093775004 ], [ 501715.291807206056546, 2011977.544943212298676 ], [ 501708.741719809069764, 2012041.308713793288916 ], [ 501779.371228061441798, 2012040.735918275546283 ], [ 502700.539686530304607, 2012118.136219025123864 ], [ 503574.441392945009284, 2012183.77369828382507 ], [ 504135.146863650472369, 2012214.522455265745521 ], [ 504928.790141541045159, 2012272.95568387885578 ], [ 506546.548468910739757, 2012386.738163012079895 ], [ 508161.158266412443481, 2012510.412724300287664 ], [ 510911.688494801986963, 2012663.774944212287664 ], [ 511097.681671663711313, 2012670.843822228489444 ], [ 511385.714422156626824, 2012688.435449081007391 ] ] ] } },
{ "type": "Feature", "properties": { "NAME": "SANGAMON", "ID": "ils_sangamon", "STATE": "IL", "FIPS": "17167", "VERSION": 7, "START_DATE": "1847-02-28T00:00:00", "END_DATE": "2000-12-31T00:00:00", "CHANGE": "SANGAMON lost to MENARD.", "CITATION": "(Ill. Laws 1846-1847, priv. and spec., p. 39)", "START_N": 18470228, "END_N": 20001231, "AREA_SQMI": 877.0, "DATASET": "IL_Historical_Counties", "CNTY_TYPE": "County", "FULL_NAME": "SANGAMON" }, "geometry": { "type": "Polygon", "coordinates": [ [ [ 551169.582703831605613, 1903272.231405258644372 ], [ 551348.060326538397931, 1900841.471131891943514 ], [ 551531.401319223106839, 1898403.045789716066793 ], [ 552547.690352410660125, 1898491.665022106608376 ], [ 556887.076295919832774, 1898740.316222636261955 ], [ 557098.34197358507663, 1898749.803410034626722 ], [ 557677.331082840333693, 1898793.58628892339766 ], [ 558165.231950350804254, 1898826.137072178767994 ], [ 558276.015634777257219, 1897189.572669413639233 ], [ 559879.575023146811873, 1897274.686612449586391 ], [ 560372.441509978030808, 1897298.388353690970689 ], [ 560805.050194131210446, 1897316.677127175498754 ], [ 561473.211158352787606, 1897359.764779213815928 ], [ 561696.476710273884237, 1897378.071783086750656 ], [ 563036.14127622905653, 1897449.297564977314323 ], [ 567810.205164108425379, 1897729.349550638347864 ], [ 569376.786464291042648, 1897839.699489527847618 ], [ 570969.276402942719869, 1897941.63911381457001 ], [ 574103.485388513072394, 1898178.675365891773254 ], [ 574327.369157815817744, 1894923.296812273096293 ], [ 574435.641529928077944, 1893482.429909183643758 ], [ 574453.972832880914211, 1893330.62229669559747 ], [ 574477.621360946446657, 1893211.436057237908244 ], [ 574785.734093265025876, 1889137.096830431139097 ], [ 574827.911857155268081, 1888410.344621478579938 ], [ 574859.803070792229846, 1887932.140737273264676 ], [ 574956.224387512309477, 1886575.09330887766555 ], [ 574883.267701865173876, 1886575.944361313479021 ], [ 574734.217155539197847, 1886523.949558223597705 ], [ 574589.150522602372803, 1886563.800699814688414 ], [ 574523.757055643713102, 1886642.149317466188222 ], [ 574436.908266450511292, 1886698.182656883262098 ], [ 574359.113619909971021, 1886716.779746986459941 ], [ 574287.680375500814989, 1886721.339796474436298 ], [ 574210.108517218730412, 1886689.175971481949091 ], [ 574144.938913476420566, 1886645.316122957039624 ], [ 574089.420349534484558, 1886591.361018527531996 ], [ 574048.535176199045964, 1886507.557027766481042 ], [ 573947.975765976123512, 1886509.030236182967201 ], [ 573910.147910982836038, 1886539.696000666823238 ], [ 573715.061834427644499, 1886515.329233628232032 ], [ 573607.311257201712579, 1886472.14380800887011 ], [ 573553.141230165376328, 1886452.889796569244936 ], [ 573543.967304043238983, 1886475.377721168100834 ], [ 573530.06834358884953, 1886494.944860293297097 ], [ 573526.439762917812914, 1886543.441896683070809 ], [ 573559.184602999943309, 1886579.254583762725815 ], [ 573554.258351434837095, 1886648.329717620974407 ], [ 573539.472951072501019, 1886677.944237638963386 ], [ 573543.275110167800449, 1886696.189874155912548 ], [ 573566.124142714426853, 1886728.825401682173833 ], [ 573575.652473911293782, 1886737.144118969095871 ], [ 573613.669412595452741, 1886734.800280006136745 ], [ 573661.045381495612673, 1886740.763366559054703 ], [ 573690.339620904764161, 1886755.772192706586793 ], [ 573739.7756751999259, 1886805.583234501071274 ], [ 573736.772568920627236, 1886846.48567013326101 ], [ 573707.550548121216707, 1886867.430800788337365 ], [ 573614.633588291122578, 1886860.802802585298195 ], [ 573521.17243948194664, 1886828.411114810034633 ], [ 573500.298572189640254, 1886837.257845258805901 ], [ 573492.04967151186429, 1886846.780238289851695 ], [ 573480.867643861682154, 1886897.434736697468907 ], [ 573480.029893043683842, 1886943.771567440824583 ], [ 573450.816884968429804, 1886964.605847392696887 ], [ 573405.628318037604913, 1886961.383703228551894 ], [ 573355.912211693241261, 1886950.087544691748917 ], [ 573342.838181873317808, 1886956.906913213897496 ], [ 573340.654771655914374, 1886987.53246627561748 ], [ 573358.885424021631479, 1887014.558127322467044 ], [ 573394.53401376423426, 1887045.409557748585939 ], [ 573393.704621978104115, 1887091.634594308212399 ], [ 573364.659686930244789, 1887110.121960409451276 ], [ 573279.364364860230125, 1887137.40605211048387 ], [ 573252.14140712202061, 1887166.134277508594096 ], [ 573246.583049293491058, 1887242.915654701646417 ], [ 573295.177922901581042, 1887374.896859718486667 ], [ 573291.345127084758133, 1887428.659156685927883 ], [ 573276.912340572918765, 1887453.356088816653937 ], [ 573263.579222313710488, 1887462.628518672194332 ], [ 573226.206304577062838, 1887454.796715443022549 ], [ 573197.617060772725381, 1887432.31296018557623 ], [ 573182.48325456562452, 1887397.644611779833212 ], [ 573180.04015137325041, 1887361.521705969935283 ], [ 573153.912339075817727, 1887339.101235994836316 ], [ 573131.68555013241712, 1887332.349449054338038 ], [ 573088.854411087464541, 1887331.880769602721557 ], [ 572996.397743751760572, 1887353.489605895476416 ], [ 572972.163986790808849, 1887374.904862707713619 ], [ 572961.003352452651598, 1887389.500195500673726 ], [ 572954.279764213250019, 1887414.634584482293576 ], [ 572954.17732408142183, 1887450.688312935642898 ], [ 572979.477909349137917, 1887519.33310947008431 ], [ 572979.749610487720929, 1887550.133530200226232 ], [ 572952.89330690074712, 1887571.36191847641021 ], [ 572902.983549527823925, 1887565.222159598488361 ], [ 572842.47237082826905, 1887530.017942602979019 ], [ 572797.286981007782742, 1887526.799216772895306 ], [ 572724.972226556972601, 1887549.845678953453898 ], [ 572640.590723249362782, 1887600.230609300080687 ], [ 572539.318325151922181, 1887675.251689811935648 ], [ 572495.306376649648882, 1887726.040913617471233 ], [ 572478.056649513426237, 1887755.706075124209747 ], [ 572425.249705662601627, 1887823.731360626872629 ], [ 572398.928867400158197, 1887837.472807113081217 ], [ 572368.989416357944719, 1887832.757853503106162 ], [ 572313.470588821917772, 1887797.913007233990356 ], [ 572243.339281301014125, 1887790.338053826475516 ], [ 572181.752387804444879, 1887734.392012713942677 ], [ 572077.775185872800648, 1887580.953781423158944 ], [ 572028.791101463488303, 1887523.546549372840673 ], [ 571986.065104645676911, 1887451.082053221063688 ], [ 571970.924050518893637, 1887414.056726573500782 ], [ 571967.288211306324229, 1887395.823936001397669 ], [ 571960.480633137398399, 1887385.116921963403001 ], [ 571952.626521270954981, 1887209.759318137774244 ], [ 571945.694479562924244, 1887162.533390450058505 ], [ 571931.399762553395703, 1887118.378672486869618 ], [ 571925.787051782826893, 1887089.670143885305151 ], [ 571905.201208823244087, 1887023.948388557182625 ], [ 571900.213430549250916, 1886987.645289522130042 ], [ 571892.686897849780507, 1886951.161652945214882 ], [ 571889.612549900542945, 1886922.63366429018788 ], [ 571867.027563876239583, 1886849.130826788255945 ], [ 571831.096216078614816, 1886787.485688376938924 ], [ 571831.755188619485125, 1886741.136644644662738 ], [ 571796.283010841812938, 1886635.93691204674542 ], [ 571753.310074407956563, 1886550.088075096253306 ], [ 571801.255917029455304, 1885794.31041748309508 ], [ 571638.66321831184905, 1885758.937221542466432 ], [ 571545.736021639313549, 1885716.384890866698697 ], [ 571467.419959920691326, 1885646.562424312578514 ], [ 571423.669218988274224, 1885623.008452269947156 ], [ 571431.451975840958767, 1885597.274104713695124 ], [ 571422.52458821341861, 1885562.488895719870925 ], [ 571390.118356644175947, 1885464.249463661340997 ], [ 571344.275698904762976, 1885404.261988219572231 ], [ 571315.226687804912217, 1885382.090019706636667 ], [ 571277.218906075344421, 1885360.292931928532198 ], [ 571216.411560385720804, 1885315.757232601754367 ], [ 571127.391583867836744, 1885285.170865369262174 ], [ 571044.54176400997676, 1885291.084205257939175 ], [ 571018.662996691884473, 1885336.878519211197272 ], [ 570998.500290132360533, 1885380.045523561304435 ], [ 571001.031603069161065, 1885434.259972990490496 ], [ 571001.354302156134509, 1885481.240312065929174 ], [ 570989.240480575710535, 1885528.461168701061979 ], [ 570979.216192652354948, 1885534.26518773031421 ], [ 570960.910590390092693, 1885526.113108497578651 ], [ 570929.237177196191624, 1885485.782165539916605 ], [ 570857.284780882881023, 1885380.132560377009213 ], [ 570820.481874991673976, 1885352.132281844737008 ], [ 570790.323211811250076, 1885333.590727175818756 ], [ 570721.605296416324563, 1885305.797684567049146 ], [ 570649.677348740515299, 1885252.501461070030928 ], [ 570554.192444781190716, 1885209.892152412328869 ], [ 570522.897135259700008, 1885178.576857161941007 ], [ 570500.377987646032125, 1885149.456867618951946 ], [ 570477.433675495092757, 1885095.143098056316376 ], [ 570455.926716117653996, 1884989.368221205193549 ], [ 570432.531938351457939, 1884903.00634272955358 ], [ 570288.933220528997481, 1884792.619154151529074 ], [ 570189.624873493681662, 1884734.240952727617696 ], [ 570075.08385280391667, 1884653.103378873318434 ], [ 570043.488144819042645, 1884661.98577303881757 ], [ 569947.74228641577065, 1884714.1786966745276 ], [ 569897.662075357628055, 1884737.816251340089366 ], [ 569876.342151609249413, 1884738.552602039417252 ], [ 569867.422892580041662, 1884722.755182458087802 ], [ 569863.972783005796373, 1884665.780352576170117 ], [ 569847.317917167791165, 1884627.07981080468744 ], [ 569820.936153174028732, 1884603.192868736805394 ], [ 569778.358989672618918, 1884603.771822726354003 ], [ 569734.59739597258158, 1884607.861909433500841 ], [ 569682.480656322324648, 1884602.59822115697898 ], [ 569668.10688114084769, 1884589.335548748495057 ], [ 569660.320057282107882, 1884549.129054713062942 ], [ 569649.83601113781333, 1884313.938617849722505 ], [ 569562.590056732180528, 1884253.277507771039382 ], [ 569523.282792476471514, 1884237.688205915270373 ], [ 569496.588478209101595, 1884222.991983940592036 ], [ 569549.762372456723824, 1884184.517585684312508 ], [ 569589.344308040803298, 1884102.505275678355247 ], [ 569572.459060421097092, 1884050.196278446819633 ], [ 569535.262682769796811, 1884013.187655343441293 ], [ 569433.73818203038536, 1884002.743156065000221 ], [ 569360.847209592699073, 1884003.650352827040479 ], [ 569338.25322603690438, 1883993.513724877499044 ], [ 569312.820335220661946, 1883970.594503038097173 ], [ 569273.231897028861567, 1883871.183139643399045 ], [ 569217.023543892777525, 1883825.079591210465878 ], [ 569141.088228510809131, 1883782.411391963949427 ], [ 569049.648625058238395, 1883765.27116067125462 ], [ 568908.67048844974488, 1883806.189336400013417 ], [ 568838.213374762563035, 1883838.8400985870976 ], [ 568806.272201316663995, 1883838.154437339864671 ], [ 568778.254831560770981, 1883813.25691726221703 ], [ 568767.422574965050444, 1883781.149171746335924 ], [ 568779.644233830389567, 1883718.992331490851939 ], [ 568792.354422753211111, 1883688.436643575550988 ], [ 568869.15039547777269, 1883608.265770729398355 ], [ 568878.284131531487219, 1883568.133329543052241 ], [ 568874.149873158778064, 1883543.576242214534432 ], [ 568846.699507785844617, 1883507.035582084208727 ], [ 568815.095932840369642, 1883481.098067324142903 ], [ 568785.401969515136443, 1883471.472189258318394 ], [ 568748.034366846550256, 1883474.110349104041234 ], [ 568718.777194361202419, 1883490.802393452264369 ], [ 568684.079486627713777, 1883527.892257197294384 ], [ 568656.042802766896784, 1883538.155246749520302 ], [ 568630.590925912605599, 1883532.312207533512264 ], [ 568604.915335090947337, 1883513.984078449429944 ], [ 568569.13030898256693, 1883501.457121665589511 ], [ 568516.503644157433882, 1883488.863595613278449 ], [ 568476.805324937449768, 1883490.776618631789461 ], [ 568433.18873641861137, 1883454.21860986831598 ], [ 568407.858327115653083, 1883418.952740450855345 ], [ 568388.144286424503662, 1883376.444859489332885 ], [ 568382.054581576259807, 1883355.45708262338303 ], [ 568380.486702372669242, 1883306.592309050727636 ], [ 568354.313840414281003, 1883212.178163147298619 ], [ 568334.235669680871069, 1883174.81219787709415 ], [ 568329.227313825627789, 1883138.510760556906462 ], [ 568249.172439761576243, 1882950.422035613562912 ], [ 568226.631711024325341, 1882876.822480980772525 ], [ 568207.465805640211329, 1882862.662623575655743 ], [ 568336.889733042567968, 1882819.229979797732085 ], [ 568358.853688102448359, 1882787.754475248511881 ], [ 568357.490864825318567, 1882744.408618228044361 ], [ 568329.803953382652253, 1882712.346745850751176 ], [ 568247.999646732816473, 1882680.282327604247257 ], [ 568235.195722919655964, 1882650.73228057497181 ], [ 568253.233607219764963, 1882592.917128961998969 ], [ 568245.596627255901694, 1882549.240553264971823 ], [ 568221.171252624015324, 1882504.715417974162847 ], [ 568158.814668846316636, 1882421.339615773176774 ], [ 568118.917529582395218, 1882330.787805917439982 ], [ 568123.910367803298868, 1882266.097472778055817 ], [ 568156.257120521157049, 1882240.634202282642946 ], [ 568195.416651439154521, 1882219.920897307340056 ], [ 568213.151980165042914, 1882185.674865425797179 ], [ 568182.81654138781596, 1882134.441709536360577 ], [ 568122.983817497268319, 1882071.914468952221796 ], [ 568067.532009514747187, 1881990.712113206507638 ], [ 568039.841529533849098, 1881922.478807372739539 ], [ 568007.527808396611363, 1881878.745659061474726 ], [ 567970.951389015070163, 1881860.436857096385211 ], [ 567866.262540973606519, 1881824.515044363448396 ], [ 567771.506231636041775, 1881782.892269139876589 ], [ 567618.318735270295292, 1881687.721013655420393 ], [ 567529.256110642454587, 1881585.841352616436779 ], [ 567492.632390544633381, 1881519.901012353366241 ], [ 567463.339795463369228, 1881499.636940874857828 ], [ 567415.56100948958192, 1881427.742956479545683 ], [ 567375.017168844351545, 1881404.102212667232379 ], [ 567336.883454113383777, 1881384.90036584995687 ], [ 567280.55332995345816, 1881338.915738706011325 ], [ 567241.690458212862723, 1881317.977937408490106 ], [ 567169.176876164623536, 1881314.439800972584635 ], [ 567124.543416205095127, 1881300.510068599367514 ], [ 567099.459650241886266, 1881285.711474866140634 ], [ 567076.136562342988327, 1881291.819155316567048 ], [ 567055.728274738532491, 1881309.702869130065665 ], [ 567031.119605213869363, 1881340.096943990793079 ], [ 566989.594510335009545, 1881371.43359482800588 ], [ 566959.569961552042514, 1881369.99229162116535 ], [ 566937.237294772639871, 1881353.590657874010503 ], [ 566925.022882521967404, 1881331.274077789159492 ], [ 566888.0446294847643, 1881271.490349577274173 ], [ 566846.255469643278047, 1881235.295441386755556 ], [ 566805.826117053627968, 1881230.538165469421074 ], [ 566661.456420546630397, 1881275.752758324611932 ], [ 566562.078637523227371, 1881328.630576875060797 ], [ 566493.709844646044075, 1881338.758199502248317 ], [ 566410.62994199921377, 1881322.126223904080689 ], [ 566347.366268225130625, 1881254.878516079392284 ], [ 566264.060599673888646, 1881182.177064333576709 ], [ 566146.496761101065204, 1881100.438744511688128 ], [ 566048.193578346748836, 1881077.572401083307341 ], [ 565955.63740556279663, 1881046.798666785936803 ], [ 565886.884510925970972, 1881001.860530758509412 ], [ 565858.046241122763604, 1880939.958443127339706 ], [ 565872.211663896683604, 1880887.370769582223147 ], [ 565885.212992493296042, 1880857.392869676463306 ], [ 565893.961329892626964, 1880845.538837934145704 ], [ 565911.321147956536151, 1880815.305754678556696 ], [ 565914.315118471626192, 1880805.406147103058174 ], [ 565980.571430246927775, 1880778.162211846327409 ], [ 566071.82919529650826, 1880782.670669368933886 ], [ 566166.850121377850883, 1880799.015402821591124 ], [ 566202.400786418351345, 1880798.146331385243684 ], [ 566221.790160917327739, 1880765.697564756963402 ], [ 566221.331783847999759, 1880721.405274281743914 ], [ 566204.352372117224149, 1880669.996925303712487 ], [ 566171.777863259892911, 1880646.698673685546964 ], [ 566120.566246197558939, 1880641.523571179015562 ], [ 566035.509537109872326, 1880655.312053407309577 ], [ 565996.736478369683027, 1880631.803274869453162 ], [ 565988.668318157200702, 1880598.883422987302765 ], [ 565994.403517050202936, 1880573.000365513609722 ], [ 566042.546790024614893, 1880495.95426996354945 ], [ 566065.880425882060081, 1880472.769297400256619 ], [ 566060.215809968532994, 1880444.399463474052027 ], [ 566044.069043171708472, 1880428.323295614914969 ], [ 566015.02161990350578, 1880425.044784901198 ], [ 565987.048302770825103, 1880413.753792914794758 ], [ 565959.198357310029678, 1880386.183005397673696 ], [ 565954.227309863548726, 1880362.467774810269475 ], [ 565937.683628141647205, 1880354.452050925465301 ], [ 565898.588018479407765, 1880356.084193341899663 ], [ 565849.783272844855674, 1880373.547151749953628 ], [ 565763.019408261636272, 1880422.491782459430397 ], [ 565688.82033832767047, 1880451.313784036086872 ], [ 565610.18257530243136, 1880460.952278089476749 ], [ 565568.495358436717652, 1880460.718828856246546 ], [ 565473.91241962579079, 1880469.57517749723047 ], [ 565289.333476922358386, 1880540.747423277469352 ], [ 565180.425211003632285, 1880570.61845951131545 ], [ 565094.245176617172547, 1880590.740937508177012 ], [ 564894.441635822062381, 1880609.740881994366646 ], [ 564819.323562260833569, 1880656.59172665537335 ], [ 564777.7820034729084, 1880651.8791548400186 ], [ 564758.593714117188938, 1880646.376318268477917 ], [ 564707.965659094741568, 1880612.26909154932946 ], [ 564570.879840009380132, 1880636.239406180568039 ], [ 564500.064220043248497, 1880667.892856498481706 ], [ 564486.090746357804164, 1880685.110791547456756 ], [ 564443.172371368040331, 1880685.470710292924196 ], [ 564414.886295110802166, 1880683.48698991117999 ], [ 564416.689006839646026, 1880719.672412317246199 ], [ 564340.886345509556122, 1880762.997070682002231 ], [ 564181.075175497564487, 1880850.196411862503737 ], [ 564136.824867619317956, 1880882.928757859393954 ], [ 564084.090255128336139, 1880909.225336998002604 ], [ 564014.470908320974559, 1880916.590320185059682 ], [ 563943.181618475005962, 1880904.068305629305542 ], [ 563880.943823769921437, 1880887.463141963118687 ], [ 563860.359098514658399, 1880890.963553477311507 ], [ 563852.234188938513398, 1880912.186855970416218 ], [ 563858.491336063365452, 1880946.774380035465583 ], [ 563852.58938237268012, 1880976.353705151937902 ], [ 563837.044068339979276, 1881002.673759456723928 ], [ 563819.227473076898605, 1881022.544085830450058 ], [ 563819.689266370842233, 1881048.749939145054668 ], [ 563817.34728320420254, 1881095.540894780075178 ], [ 563806.796106410445645, 1881111.314595459261909 ], [ 563789.010932809789665, 1881111.304296941263601 ], [ 563764.758992952643894, 1881117.356313652126119 ], [ 563755.479088796884753, 1881125.917511860374361 ], [ 563747.645788710797206, 1881141.769334409851581 ], [ 563731.523360295919701, 1881161.758484464604408 ], [ 563716.559258480556309, 1881159.137636570492759 ], [ 563659.266443415661342, 1881115.696013052947819 ], [ 563623.009684391552582, 1881076.873350364156067 ], [ 563603.834781131125055, 1881033.518162485444918 ], [ 563596.089354726602323, 1880993.434738159645349 ], [ 563578.017150949686766, 1880981.722252353560179 ], [ 563555.842307552695274, 1880982.416082205250859 ], [ 563513.388570129754953, 1880995.619239090243354 ], [ 563455.303692565532401, 1881003.571924588410184 ], [ 563416.647135206498206, 1880995.361299361335114 ], [ 563391.125685343169607, 1880973.354847910115495 ], [ 563369.61490348353982, 1880924.444842984201387 ], [ 563348.955447720829397, 1880823.247686066897586 ], [ 563341.404062275425531, 1880759.700731439515948 ], [ 563252.976070689852349, 1880612.647054114611819 ], [ 563255.550604804418981, 1880561.266746300505474 ], [ 563309.78881880431436, 1880323.772918213158846 ], [ 563380.077390593593009, 1880126.943524316884577 ], [ 563401.228573326021433, 1880024.179453808814287 ], [ 563394.729267780552618, 1879975.983191282721236 ], [ 563376.945804580347613, 1879923.627132395049557 ], [ 563338.729553055018187, 1879888.375910946168005 ], [ 563305.337691387045197, 1879863.235445762053132 ], [ 563278.324126800755039, 1879835.733171996660531 ], [ 563257.965375198516995, 1879799.485420938348398 ], [ 563226.777606302523054, 1879694.181840486824512 ], [ 563221.601939376094379, 1879602.718037164304405 ], [ 563206.379390489077196, 1879551.440284347627312 ], [ 563167.541027249884792, 1879476.380783901549876 ], [ 563147.118114667246118, 1879441.027544897980988 ], [ 563143.780204623937607, 1879401.14065505261533 ], [ 563141.177673663944006, 1879328.841114836744964 ], [ 563128.075244977138937, 1879288.608116230694577 ], [ 563099.019484655931592, 1879267.141998224426061 ], [ 563064.310469330404885, 1879268.084045491879806 ], [ 563041.656732817413285, 1879295.031914986204356 ], [ 562955.61438884830568, 1879383.710197617299855 ], [ 562924.535480656777509, 1879419.168028097832575 ], [ 562894.667088289628737, 1879431.23316846950911 ], [ 562838.516315559041686, 1879435.731705954531208 ], [ 562767.468436965369619, 1879436.605469542555511 ], [ 562732.088969508418813, 1879431.323749050498009 ], [ 562707.058477637940086, 1879419.239385300083086 ], [ 562683.927633517654613, 1879401.895956561435014 ], [ 562651.235612887656316, 1879381.300646910909563 ], [ 562616.135891198646277, 1879373.230709842871875 ], [ 562576.375427107908763, 1879351.467692837351933 ], [ 562557.450903410324827, 1879339.69823242444545 ], [ 562545.055847976589575, 1879320.971220657927915 ], [ 562509.564274556818418, 1879303.887835153378546 ], [ 562484.828438158961944, 1879265.651469649747014 ], [ 562482.334147842717357, 1879225.824021232081577 ], [ 562482.683143355883658, 1879184.285604550503194 ], [ 562443.487368214293383, 1879150.767931887181476 ], [ 562423.362444338388741, 1879145.205537591362372 ], [ 562395.415763780474663, 1879152.913543455535546 ], [ 562379.488822342362255, 1879170.110914330463856 ], [ 562355.204480438027531, 1879213.122425891924649 ], [ 562322.628057745052502, 1879310.260271207429469 ], [ 562313.977084681857377, 1879345.152759408112615 ], [ 562271.480880368035287, 1879484.396079284371808 ], [ 562225.346449695760384, 1879500.26998666767031 ], [ 562162.780829533352517, 1879546.67406547581777 ], [ 562146.316879726015031, 1879538.672035133466125 ], [ 562130.935278191347606, 1879526.140037192031741 ], [ 562117.519706776947714, 1879511.049411103595048 ], [ 562104.371827528811991, 1879489.686943620210513 ], [ 562057.197628632071428, 1879391.248147242236882 ], [ 561991.94821082148701, 1879326.145788230001926 ], [ 561891.727137323352508, 1879270.622263502795249 ], [ 561855.24573797849007, 1879231.118847213452682 ], [ 561815.264310993021354, 1879203.952436974737793 ], [ 561761.41324744943995, 1879159.64262980222702 ], [ 561731.995648851152509, 1879107.939368995139375 ], [ 561717.340869596344419, 1879047.15655727731064 ], [ 561701.331732572172768, 1878993.580801354954019 ], [ 561687.396959809819236, 1878962.72839148924686 ], [ 561650.498588657588698, 1878930.3861340561416 ], [ 561608.301982303382829, 1878923.959915144834667 ], [ 561543.458477381733246, 1878950.552079177694395 ], [ 561448.931702911038883, 1879008.549019820289686 ], [ 561412.54478595557157, 1879007.92089206725359 ], [ 561363.607321156538092, 1878995.633941614534706 ], [ 561308.344177991733886, 1878959.316747609293088 ], [ 561258.508389811380766, 1878906.19175517745316 ], [ 561216.246193186729215, 1878848.203225786564872 ], [ 561164.685842993203551, 1878755.081249631475657 ], [ 561147.018069686484523, 1878699.593936713412404 ], [ 561146.413198904250748, 1878628.895733335521072 ], [ 561168.409027029178105, 1878542.923292022431269 ], [ 561195.224669092800468, 1878506.263094472000375 ], [ 561158.276861699530855, 1878453.812664682045579 ], [ 561143.291570433997549, 1878451.420160409528762 ], [ 561080.602392496657558, 1878372.575481102103367 ], [ 561058.293954680557363, 1878329.907675467198715 ], [ 560976.771879846346565, 1878231.778528415132314 ], [ 560926.343517056317069, 1878158.956783351488411 ], [ 560889.926692300010473, 1878102.500854740617797 ], [ 560825.312559485202655, 1878015.773521648719907 ], [ 560757.797258822363801, 1877934.011920780409127 ], [ 560687.064901913749054, 1877826.303221908630803 ], [ 560558.39834734366741, 1877681.311598587781191 ], [ 560496.28513977653347, 1877630.707147068344057 ], [ 560363.750260925386101, 1877577.897587072104216 ], [ 560301.772016245289706, 1877563.249839540338144 ], [ 560241.442375312210061, 1877559.164007158251479 ], [ 560125.080006663571112, 1877563.873605684610084 ], [ 559824.967277980293147, 1877599.727263977751136 ], [ 559810.125502202659845, 1877598.919960053171962 ], [ 559775.123871090589091, 1877578.288952488452196 ], [ 559674.45360179245472, 1877567.920539868529886 ], [ 559600.261034993571229, 1877574.670473649865016 ], [ 559538.68624421802815, 1877592.182953049894422 ], [ 559483.40150287351571, 1877614.738478727405891 ], [ 559391.675130968214944, 1877628.808913892367855 ], [ 559311.180976052302867, 1877625.800289653707296 ], [ 559241.097949164221063, 1877654.293815740151331 ], [ 559140.011654349858873, 1877729.610225626965985 ], [ 559045.411547881318256, 1877820.654861477203667 ], [ 558980.022682784358039, 1877890.701087099732831 ], [ 558823.710592375020497, 1878072.493609922938049 ], [ 558745.787580817006528, 1878141.671381162013859 ], [ 558588.746499664150178, 1878259.277514710556716 ], [ 558462.344481570529751, 1878380.696606979472563 ], [ 558453.564261281630024, 1878398.060039416188374 ], [ 558407.852592594572343, 1878438.584856090368703 ], [ 558360.576372153125703, 1878466.083654645830393 ], [ 558335.469443080946803, 1878500.399633299792185 ], [ 558331.772296574548818, 1878518.115700330352411 ], [ 558315.011806265451014, 1878540.092868551844731 ], [ 558304.541350510553457, 1878583.062299533747137 ], [ 558301.354937836062163, 1878629.00810139416717 ], [ 558314.122997230500914, 1878663.367322569945827 ], [ 558389.015178113360889, 1878748.202250334201381 ], [ 558386.355504553997889, 1878786.546260913833976 ], [ 558314.425531288841739, 1878840.641739349812269 ], [ 558289.327500289655291, 1878874.846015371149406 ], [ 558289.124776091426611, 1878913.360402741236612 ], [ 558310.553573201759718, 1878968.876261876430362 ], [ 558328.973625301616266, 1879067.76670216023922 ], [ 558344.732103338115849, 1879094.582778212847188 ], [ 558386.012397712329403, 1879117.889795157592744 ], [ 558452.620488519198261, 1879140.482894067186862 ], [ 558476.27389380778186, 1879162.679889619350433 ], [ 558481.416679563233629, 1879196.510409398702905 ], [ 558465.777535003959201, 1879241.59216612088494 ], [ 558383.431988582364284, 1879374.716828203760087 ], [ 558353.694256055867299, 1879403.431829647859558 ], [ 558333.765469679725356, 1879435.523154631722718 ], [ 558286.547065740334801, 1879499.083051105728373 ], [ 558227.778820731095038, 1879546.340961112640798 ], [ 558175.597723585087806, 1879571.028885098407045 ], [ 557920.670682708965614, 1879573.911154631292447 ], [ 557826.514611490885727, 1879585.357868087710813 ], [ 557779.053069041925482, 1879615.654686082154512 ], [ 557864.040232106228359, 1878274.963541639503092 ], [ 557855.494426093180664, 1878055.557115821866319 ], [ 557892.10897093359381, 1877530.827545631444082 ], [ 557895.796630211290903, 1877397.749829457839951 ], [ 558124.715562546858564, 1874540.13627456384711 ], [ 558149.862786671845242, 1874255.888811069540679 ], [ 558199.423413379467092, 1873568.946941193193197 ], [ 558209.513903624727391, 1873454.059103255392984 ], [ 558268.265802653739229, 1872539.834995330544189 ], [ 558278.947395995957777, 1872540.575183751992881 ], [ 558396.975508383940905, 1870869.305142432684079 ], [ 555604.99160382442642, 1870712.148630815558136 ], [ 555213.867644239100628, 1870677.327715694671497 ], [ 554904.654087038128637, 1870659.286358540412039 ], [ 554726.547490132506937, 1870648.820890167495236 ], [ 554499.775613981648348, 1870629.955813054926693 ], [ 553825.384233918972313, 1870573.918606782332063 ], [ 553853.043133532279171, 1870197.504881221335381 ], [ 554014.39945273718331, 1868138.63878081436269 ], [ 554036.563055978855118, 1867893.042435398558155 ], [ 554196.16619797819294, 1865744.514701371314004 ], [ 554042.172218014369719, 1865740.109955167630687 ], [ 552360.577054483233951, 1865634.961258501280099 ], [ 551731.062631702050567, 1865604.779749568551779 ], [ 549389.53765880363062, 1865459.392892813077196 ], [ 549523.167783594457433, 1863838.456547885667533 ], [ 549529.826970307971351, 1863661.887637373525649 ], [ 549556.649400427821092, 1863276.983288813382387 ], [ 549646.990674348082393, 1862223.919971367809922 ], [ 549599.453944878652692, 1862218.209930760785937 ], [ 549652.315936371684074, 1861551.233373429393396 ], [ 549750.301131434272975, 1860517.443353910930455 ], [ 549867.851043561240658, 1858932.453349658986554 ], [ 549859.0496390608605, 1858913.881535900989547 ], [ 549867.132988277007826, 1858906.68183155474253 ], [ 549944.708033529459499, 1858097.492688511963934 ], [ 550014.462954270886257, 1857292.935716128209606 ], [ 550146.596610452514142, 1855680.729747659992427 ], [ 550261.767084732651711, 1854057.025889728683978 ], [ 550386.878004784695804, 1852436.575138485524803 ], [ 548785.284304828499444, 1852330.399505413137376 ], [ 547189.040480389841832, 1852219.626032876782119 ], [ 545645.749195346841589, 1852109.826275693718344 ], [ 545621.789698407636024, 1852108.095357528654858 ], [ 544909.149698396679014, 1852054.930757524212822 ], [ 544067.626374204643071, 1851992.360438756179065 ], [ 542629.961165308952332, 1851875.878571013687178 ], [ 542448.748201122158207, 1851862.583229208830744 ], [ 541099.618993757176213, 1851752.321964417118579 ], [ 540874.043551720911637, 1851732.15921965171583 ], [ 540818.625561914290302, 1851731.031791954301298 ], [ 540638.266005154582672, 1851713.903284644708037 ], [ 537666.719463157933205, 1851470.067759332247078 ], [ 536788.878558648866601, 1851401.350256763165817 ], [ 536127.505318817449734, 1851339.56816568155773 ], [ 536117.32044543325901, 1851338.667550838552415 ], [ 533327.807957220473327, 1851127.278639971744269 ], [ 532667.774007239029743, 1851078.67374592833221 ], [ 532014.543110798927955, 1851030.45880990056321 ], [ 529802.346075979759917, 1850879.002063961001113 ], [ 529747.016780418343842, 1850875.261153605999425 ], [ 529657.263882837840356, 1850880.943598401499912 ], [ 529114.536254127044231, 1850832.124284215271473 ], [ 528940.149819316109642, 1850825.308524502906948 ], [ 528890.963579757488333, 1850817.708034218754619 ], [ 528862.825923799886368, 1850813.282768657431006 ], [ 527701.883629620308056, 1850736.799835615325719 ], [ 527543.084711718256585, 1850721.374184442916885 ], [ 527389.378348180558532, 1850706.396454916335642 ], [ 526658.098295595496893, 1850670.255409887759015 ], [ 526642.102833701414056, 1850669.437222616747022 ], [ 524256.250354449730366, 1850493.250627863453701 ], [ 522638.494882931234315, 1850367.090459307888523 ], [ 521391.559539631241933, 1850291.00937183201313 ], [ 521033.80956917774165, 1850265.794612600235268 ], [ 518683.493036836094689, 1850084.795072961598635 ], [ 518663.265336686454248, 1850086.079300985205919 ], [ 517104.710051697387826, 1849964.160499735968187 ], [ 517053.065624505805317, 1849960.181315016467124 ], [ 517051.557991512760054, 1849979.736878104042262 ], [ 517042.319845309655648, 1850098.742383992066607 ], [ 517029.70278277178295, 1851074.696380912559107 ], [ 517028.58040324121248, 1851164.237630989635363 ], [ 517020.707827005768195, 1851768.5653930332046 ], [ 517012.237381899903994, 1852111.539312275126576 ], [ 517004.531389186333399, 1852422.557275400962681 ], [ 516990.539645364799071, 1853279.60760641284287 ], [ 516978.279286725039128, 1854029.523888654541224 ], [ 516979.057867424737196, 1854040.017287192866206 ], [ 516980.37013198796194, 1854056.833443751093 ], [ 516840.428040271042846, 1854433.050628046737984 ], [ 516799.502021782973316, 1854544.636095666326582 ], [ 516394.291707742435392, 1855652.670129430713132 ], [ 516128.388548115734011, 1856421.506291453260928 ], [ 515831.732984034053516, 1857230.491404858417809 ], [ 515782.625228107790463, 1857367.721062283031642 ], [ 515545.907073521113489, 1858049.606245633680373 ], [ 515268.046147973916959, 1858822.183290200773627 ], [ 514993.489407859335188, 1859598.456780035747215 ], [ 514712.407464552030433, 1860393.520266944542527 ], [ 514547.802225700055715, 1860814.447783968178555 ], [ 513520.470355976431165, 1863656.538665451575071 ], [ 513258.49180746357888, 1864386.815247770631686 ], [ 512077.096507031354122, 1867681.820536625338718 ], [ 510668.227035968739074, 1871553.779319854220375 ], [ 510610.347311814024579, 1872359.573540119687095 ], [ 510518.892305296380073, 1873670.987689747242257 ], [ 510492.012520292715635, 1874108.540015150094405 ], [ 510454.868679798266385, 1874712.070506090996787 ], [ 510446.439518813567702, 1874726.919185947626829 ], [ 510418.395968211872969, 1875127.791615231661126 ], [ 510398.729003738320898, 1875556.254683461971581 ], [ 510381.652686834626365, 1875773.339306597597897 ], [ 510307.259831922012381, 1876713.600618378259242 ], [ 510141.154638723819517, 1879075.604925685329363 ], [ 509445.203632207820192, 1879027.601010154932737 ], [ 509387.528253876371309, 1879822.046562916133553 ], [ 509217.440108382084873, 1882167.155257523758337 ], [ 509090.339766634919215, 1883917.75014411425218 ], [ 508899.176743735035416, 1886747.990543524734676 ], [ 508877.704245943226852, 1887162.509739321656525 ], [ 508767.065069694828708, 1888811.603404505876824 ], [ 508746.695982506033033, 1889056.987473907181993 ], [ 508646.978170255548321, 1890424.833686244208366 ], [ 508632.057082062005065, 1890737.140819606604055 ], [ 508572.0500918715843, 1891634.472377927042544 ], [ 508555.83132740331348, 1892085.356511259451509 ], [ 510145.889804375125095, 1892176.698859186843038 ], [ 510944.755158980900887, 1892220.149883628124371 ], [ 511730.872266216028947, 1892267.809056164463982 ], [ 513352.520479980332311, 1892376.508128025336191 ], [ 514033.915113372262567, 1892404.680224408395588 ], [ 515216.57272898365045, 1892480.188365957001224 ], [ 515786.379816355765797, 1892519.209143210900947 ], [ 516812.290715419105254, 1892561.651837859069929 ], [ 518005.017114455346018, 1892637.770203767344356 ], [ 518655.834292964078486, 1892670.20293080015108 ], [ 518816.600311106361914, 1892681.703137543983757 ], [ 519083.735737606009934, 1892688.398914829362184 ], [ 520023.663270382734481, 1892763.314699398819357 ], [ 520424.574785751756281, 1892790.503019375260919 ], [ 521051.466092060087249, 1892825.286421955097467 ], [ 521317.100432577601168, 1892857.785293161869049 ], [ 522000.989008527249098, 1892924.974215807393193 ], [ 522731.360275219136383, 1892996.817399618914351 ], [ 523542.007818326877896, 1893065.535492930561304 ], [ 523963.267672707384918, 1893094.451687066582963 ], [ 524449.706784835550934, 1893130.450918641407043 ], [ 524825.846599182346836, 1893174.097552465507761 ], [ 525112.584623870789073, 1893184.969568254426122 ], [ 525476.856043888372369, 1893206.199225398246199 ], [ 526173.304307251586579, 1893256.376012708758935 ], [ 526648.658391154021956, 1893287.853013277985156 ], [ 527169.290799996000715, 1893313.906633242731914 ], [ 527602.257299550692551, 1893345.579191631171852 ], [ 527508.632640692288987, 1894675.826502909651026 ], [ 527492.667760708718561, 1894902.17012907192111 ], [ 529116.341573129640892, 1895025.335755199193954 ], [ 529892.534160066512413, 1895073.124907185090706 ], [ 530606.855622249422595, 1895130.827303989091888 ], [ 531118.546761116362177, 1895169.917102013947442 ], [ 531449.015034614014439, 1895188.964045241707936 ], [ 531609.004887058283202, 1895209.094463726505637 ], [ 532264.120632448932156, 1895259.434094587806612 ], [ 532267.468040863052011, 1895239.667079603299499 ], [ 532933.501933665946126, 1895300.779338670428842 ], [ 533184.725729261757806, 1895334.293527076952159 ], [ 533169.386798351071775, 1895489.930378034245223 ], [ 533051.09950080444105, 1896963.951433189678937 ], [ 532990.212272641365416, 1897763.728839991614223 ], [ 533390.049066587118432, 1897780.953451915178448 ], [ 533318.615227335714735, 1898677.612869635690004 ], [ 533311.576404125313275, 1898729.924624474020675 ], [ 533215.320692171691917, 1899968.444604623364285 ], [ 533168.489303509122692, 1900540.736540840705857 ], [ 533062.260995694203302, 1901895.034459874033928 ], [ 533983.216813107486814, 1901977.470497298752889 ], [ 534946.772544145933352, 1902049.488649028120562 ], [ 535094.750953499111347, 1902061.934766343329102 ], [ 535822.747878925176337, 1902112.968849937198684 ], [ 536265.094916963018477, 1902137.231544627109542 ], [ 537027.291391321807168, 1902203.350007803644985 ], [ 538234.706028582877479, 1902288.827383912168443 ], [ 538673.398781272117049, 1902328.363387087127194 ], [ 539237.470054501551203, 1902363.0942481928505 ], [ 539634.764789152424783, 1902394.960828084731475 ], [ 540234.824320965679362, 1902435.775340687483549 ], [ 541680.222409881767817, 1902543.859361520968378 ], [ 541999.648123057442717, 1902567.893616861896589 ], [ 543178.516222357051447, 1902656.346178258303553 ], [ 544804.085798878804781, 1902787.410820156568661 ], [ 545070.908465337823145, 1902808.896012164652348 ], [ 546379.504006552160718, 1902914.718679795973003 ], [ 547293.227182763628662, 1902979.332021604059264 ], [ 547564.24168180115521, 1903000.287986896000803 ], [ 548766.547535804333165, 1903087.009672588668764 ], [ 550985.978179291356355, 1903264.678333322517574 ], [ 551169.582703831605613, 1903272.231405258644372 ] ] ] } }
]
}
