{
"type": "FeatureCollection",
"name": "LA_CD_1994",
"crs": { "type": "name", "properties": { "name": "urn:ogc:def:crs:OGC:1.3:CRS84" } },
"features": [
{ "type": "Feature", "properties": { "STATENAME": "Louisiana", "ID": "022104104004", "DISTRICT": "4", "STA": "LA", "ST": "22", "LABEL": "4", "DIST_NAME": "Congressional District 4", "TYPE": "US Congressional", "TYPE_ABB": "US_Cong", "ELECT_YEAR": "1994", "STACD": "LA4" }, "geometry": { "type": "Polygon", "coordinates": [ [ [ -91.20550537109375, 30.690099716186541 ], [ -91.206733703613281, 30.690063476562528 ], [ -91.205696105957031, 30.68549728393555 ], [ -91.207771301269531, 30.685165405273455 ], [ -91.210983276367188, 30.684509277343732 ], [ -91.215843200683594, 30.678636550903331 ], [ -91.211227416992188, 30.675737380981484 ], [ -91.209877014160156, 30.674890518188466 ], [ -91.20098876953125, 30.685316085815426 ], [ -91.200546264648438, 30.68508338928218 ], [ -91.20037841796875, 30.685230255126903 ], [ -91.199516296386733, 30.684579849243182 ], [ -91.198143005371094, 30.680793762207067 ], [ -91.195419311523438, 30.681428909301715 ], [ -91.195228576660156, 30.681068420410146 ], [ -91.193534851074219, 30.68151473999022 ], [ -91.191879272460938, 30.679191589355447 ], [ -91.190597534179688, 30.673599243164073 ], [ -91.192703247070312, 30.673799514770501 ], [ -91.192596435546875, 30.673158645629879 ], [ -91.190399169921875, 30.672800064086964 ], [ -91.190048217773452, 30.671342849731417 ], [ -91.190101623535156, 30.668800354003917 ], [ -91.19110107421875, 30.664100646972649 ], [ -91.192680358886719, 30.66428947448729 ], [ -91.193649291992188, 30.664405822753945 ], [ -91.19610595703125, 30.66469955444337 ], [ -91.196189880371094, 30.664028167724638 ], [ -91.191253662109389, 30.663585662841797 ], [ -91.191520690917969, 30.662673950195316 ], [ -91.196121215820312, 30.663181304931651 ], [ -91.196029663085952, 30.663919448852557 ], [ -91.197273254394531, 30.664047241210923 ], [ -91.197998046875, 30.66010093688962 ], [ -91.198501586914062, 30.65509986877445 ], [ -91.199661254882812, 30.654798507690455 ], [ -91.199897766113281, 30.651046752929723 ], [ -91.198760986328125, 30.650987625122049 ], [ -91.198905944824219, 30.648700714111282 ], [ -91.200706481933594, 30.648700714111317 ], [ -91.201400756835938, 30.647100448608413 ], [ -91.199104309082031, 30.646999359130874 ], [ -91.198905944824219, 30.647899627685561 ], [ -91.193801879882812, 30.648300170898427 ], [ -91.193801879882812, 30.648000717163072 ], [ -91.193000793457031, 30.648099899291982 ], [ -91.193199157714844, 30.651100158691428 ], [ -91.190101623535156, 30.651399612426758 ], [ -91.19000244140625, 30.65410041809082 ], [ -91.183677673339844, 30.653354644775384 ], [ -91.184112548828125, 30.650915145874087 ], [ -91.180854797363281, 30.650625228881861 ], [ -91.180488586425781, 30.652967453002894 ], [ -91.170799255371094, 30.651599884033196 ], [ -91.172500610351562, 30.63579940795902 ], [ -91.173103332519531, 30.635900497436531 ], [ -91.1737060546875, 30.63330078125 ], [ -91.1661376953125, 30.632883071899432 ], [ -91.165725708007812, 30.631938934326183 ], [ -91.164016723632812, 30.631881713867177 ], [ -91.164596557617188, 30.624200820922823 ], [ -91.161399841308594, 30.623699188232415 ], [ -91.159507751464844, 30.63330078125 ], [ -91.157302856445312, 30.63579940795902 ], [ -91.152107238769531, 30.635900497436531 ], [ -91.152000427246094, 30.634700775146484 ], [ -91.14739990234375, 30.634099960327141 ], [ -91.147201538085938, 30.622400283813473 ], [ -91.161003112792969, 30.623699188232415 ], [ -91.163398742675781, 30.611400604248029 ], [ -91.163902282714844, 30.611400604248029 ], [ -91.166000366210938, 30.600200653076143 ], [ -91.167060852050781, 30.594287872314428 ], [ -91.167106628417969, 30.594100952148427 ], [ -91.170761108398438, 30.594564437866229 ], [ -91.171310424804688, 30.595237731933615 ], [ -91.171600341796875, 30.596099853515657 ], [ -91.17041015625, 30.598293304443352 ], [ -91.169731140136719, 30.599533081054702 ], [ -91.169609069824219, 30.5999450683594 ], [ -91.169914245605469, 30.600204467773423 ], [ -91.170501708984375, 30.599685668945291 ], [ -91.171836853027344, 30.599830627441399 ], [ -91.172622680664062, 30.601127624511722 ], [ -91.175575256347656, 30.601629257202127 ], [ -91.175605773925781, 30.605209350585923 ], [ -91.180900573730469, 30.605300903320316 ], [ -91.18430328369142, 30.605600357055643 ], [ -91.186996459960938, 30.589500427246129 ], [ -91.1864013671875, 30.589500427246129 ], [ -91.186302185058594, 30.590400695800771 ], [ -91.185104370117188, 30.590299606323246 ], [ -91.185203552246094, 30.589836120605455 ], [ -91.185302734375, 30.589399337768572 ], [ -91.180999755859375, 30.588899612426744 ], [ -91.183448791503906, 30.575799942016644 ], [ -91.176895141601562, 30.575670242309595 ], [ -91.176841735839844, 30.575250625610369 ], [ -91.175056457519531, 30.575342178344698 ], [ -91.175338745117188, 30.574129104614286 ], [ -91.171897888183594, 30.574075698852532 ], [ -91.171684265136719, 30.575389862060518 ], [ -91.171035766601562, 30.57522201538082 ], [ -91.170822143554688, 30.575168609619126 ], [ -91.170799255371094, 30.575300216674776 ], [ -91.168197631835938, 30.588100433349613 ], [ -91.162200927734375, 30.587499618530256 ], [ -91.155403137207031, 30.587600708007852 ], [ -91.149597167968764, 30.586700439453168 ], [ -91.140907287597656, 30.586399078369119 ], [ -91.126602172851562, 30.580200195312472 ], [ -91.125503540039062, 30.584899902343757 ], [ -91.126022338867188, 30.582386016845707 ], [ -91.125038146972656, 30.582172393798825 ], [ -91.125289916992188, 30.581548690795898 ], [ -91.124168395996094, 30.581239700317372 ], [ -91.124542236328125, 30.57976722717283 ], [ -91.124618530273438, 30.579477310180657 ], [ -91.12347412109375, 30.579385757446303 ], [ -91.122383117675781, 30.579414367675803 ], [ -91.121101379394531, 30.579200744628903 ], [ -91.117301940917969, 30.579099655151378 ], [ -91.1134033203125, 30.575300216674776 ], [ -91.105506896972656, 30.57469940185549 ], [ -91.106796264648438, 30.568599700927717 ], [ -91.108100891113281, 30.564599990844751 ], [ -91.108306884765625, 30.560800552368143 ], [ -91.115402221679688, 30.560600280761697 ], [ -91.118797302246094, 30.559099197387713 ], [ -91.121002197265625, 30.559099197387717 ], [ -91.1329345703125, 30.558612823486303 ], [ -91.133033752441406, 30.558307647705089 ], [ -91.133384704589844, 30.558303833007844 ], [ -91.1383056640625, 30.542200088501012 ], [ -91.137336730957031, 30.541954040527326 ], [ -91.134330749511719, 30.541915893554719 ], [ -91.133888244628906, 30.541059494018604 ], [ -91.133201599121094, 30.540882110595682 ], [ -91.131935119628906, 30.541727066040011 ], [ -91.12896728515625, 30.541749954223683 ], [ -91.128517150878906, 30.540777206420877 ], [ -91.127761840820312, 30.540250778198221 ], [ -91.126609802246094, 30.540786743164062 ], [ -91.126289367675781, 30.540647506713878 ], [ -91.12615966796875, 30.539154052734396 ], [ -91.125770568847656, 30.538782119750994 ], [ -91.12506103515625, 30.538934707641577 ], [ -91.125160217285156, 30.53831481933593 ], [ -91.124893188476562, 30.538002014160124 ], [ -91.123672485351562, 30.538072586059563 ], [ -91.123451232910156, 30.537916183471683 ], [ -91.123092651367188, 30.53746795654294 ], [ -91.123825073242188, 30.536947250366207 ], [ -91.123840332031264, 30.536270141601538 ], [ -91.119621276855469, 30.536243438720721 ], [ -91.118621826171875, 30.535055160522464 ], [ -91.117599487304688, 30.534526824951165 ], [ -91.116447448730469, 30.534656524658185 ], [ -91.115798950195312, 30.535659790039059 ], [ -91.115097045898438, 30.535694122314439 ], [ -91.114425659179688, 30.53452873229979 ], [ -91.114242553710938, 30.533401489257809 ], [ -91.11383056640625, 30.532934188842788 ], [ -91.112144470214844, 30.532321929931623 ], [ -91.111511230468764, 30.530843734741211 ], [ -91.110321044921875, 30.530797958374006 ], [ -91.110023498535156, 30.530584335327099 ], [ -91.109954833984375, 30.530019760131825 ], [ -91.110557556152344, 30.529306411743139 ], [ -91.110000610351562, 30.528499603271516 ], [ -91.108001708984375, 30.529100418090842 ], [ -91.10260009765625, 30.530399322509794 ], [ -91.093803405761733, 30.530399322509773 ], [ -91.094902038574219, 30.528358459472674 ], [ -91.0950927734375, 30.52668952941897 ], [ -91.094856262207031, 30.526437759399442 ], [ -91.090965270996094, 30.524967193603505 ], [ -91.089653015136719, 30.522325515747109 ], [ -91.088127136230469, 30.521858215332035 ], [ -91.087295532226562, 30.520301818847631 ], [ -91.085899353027344, 30.519428253173839 ], [ -91.083900451660156, 30.51729965209962 ], [ -91.081222534179688, 30.517496109008807 ], [ -91.078544616699219, 30.517110824584964 ], [ -91.077766418457031, 30.516254425048832 ], [ -91.076507568359375, 30.51584243774413 ], [ -91.074691772460938, 30.51428413391114 ], [ -91.073799133300781, 30.513200759887667 ], [ -91.079002380371094, 30.511400222778313 ], [ -91.080703735351562, 30.508899688720696 ], [ -91.081901550292969, 30.506500244140579 ], [ -91.084907531738281, 30.503999710083026 ], [ -91.085906982421889, 30.503000259399403 ], [ -91.086700439453125, 30.50230026245119 ], [ -91.087600708007812, 30.498800277709929 ], [ -91.087997436523438, 30.496299743652312 ], [ -91.088104248046875, 30.492500305175767 ], [ -91.089401245117188, 30.483499526977511 ], [ -91.101097106933608, 30.480426788330092 ], [ -91.101097106933608, 30.481700897216758 ], [ -91.10076904296875, 30.481697082519521 ], [ -91.100753784179702, 30.487058639526381 ], [ -91.102500915527344, 30.486999511718771 ], [ -91.104766845703125, 30.48594474792479 ], [ -91.106292724609375, 30.48594474792479 ], [ -91.107505798339844, 30.486299514770476 ], [ -91.113594055175781, 30.485652923583967 ], [ -91.11444091796875, 30.48668670654299 ], [ -91.116279602050781, 30.486684799194329 ], [ -91.116279602050781, 30.48624229431152 ], [ -91.117729187011719, 30.486278533935543 ], [ -91.117706298828125, 30.485052108764673 ], [ -91.118705749511719, 30.484899520873984 ], [ -91.115104675292983, 30.479900360107443 ], [ -91.112602233886719, 30.476400375366229 ], [ -91.108901977539062, 30.471200942993114 ], [ -91.095802307128906, 30.452800750732425 ], [ -91.102302551269545, 30.451999664306673 ], [ -91.111900329589844, 30.451599121093782 ], [ -91.122703552246094, 30.451200485229496 ], [ -91.127197265625014, 30.451099395751935 ], [ -91.138900756835938, 30.45059967041017 ], [ -91.1383056640625, 30.444299697876001 ], [ -91.142997741699219, 30.444200515747049 ], [ -91.154106140136719, 30.443899154663097 ], [ -91.162200927734375, 30.44370079040527 ], [ -91.165603637695312, 30.443599700927788 ], [ -91.166702270507827, 30.443599700927756 ], [ -91.170196533203125, 30.443500518798828 ], [ -91.17010498046875, 30.440000534057592 ], [ -91.170196533203125, 30.439599990844719 ], [ -91.170196533203125, 30.438299179077131 ], [ -91.168701171875, 30.43840026855467 ], [ -91.168304443359375, 30.433300018310547 ], [ -91.168907165527344, 30.432399749755817 ], [ -91.169197082519531, 30.431100845336921 ], [ -91.168403625488281, 30.428699493408207 ], [ -91.168304443359375, 30.426700592041026 ], [ -91.171401977539062, 30.428699493408207 ], [ -91.17120361328125, 30.427999496459972 ], [ -91.171501159667983, 30.424999237060593 ], [ -91.17340087890625, 30.424900054931623 ], [ -91.17340087890625, 30.423599243164052 ], [ -91.17474365234375, 30.423511505126942 ], [ -91.175003051757812, 30.421621322631847 ], [ -91.175003051757812, 30.421300888061531 ], [ -91.176200866699219, 30.421400070190458 ], [ -91.176399230957031, 30.421600341796871 ], [ -91.178001403808594, 30.421499252319371 ], [ -91.178306579589844, 30.422199249267546 ], [ -91.183998107910156, 30.422000885009794 ], [ -91.183998107910156, 30.421400070190426 ], [ -91.185600280761719, 30.421400070190458 ], [ -91.185600280761719, 30.422000885009794 ], [ -91.187400817871094, 30.422000885009794 ], [ -91.193000793457031, 30.421800613403317 ], [ -91.198951721191406, 30.422088623046868 ], [ -91.19970703125, 30.418899536132859 ], [ -91.205596923828125, 30.407800674438452 ], [ -91.208000183105469, 30.40349960327146 ], [ -91.21270751953125, 30.396900177001957 ], [ -91.21514892578125, 30.393817901611367 ], [ -91.220611572265625, 30.38813400268554 ], [ -91.221710205078125, 30.387071609497067 ], [ -91.199806213378906, 30.386455535888665 ], [ -91.203590393066406, 30.382282257080078 ], [ -91.198066711425781, 30.381719589233416 ], [ -91.199226379394531, 30.375957489013654 ], [ -91.192626953125, 30.375648498535153 ], [ -91.191925048828125, 30.381057739257827 ], [ -91.19101715087892, 30.385667800903313 ], [ -91.171638488769531, 30.384006500244141 ], [ -91.170402526855469, 30.386199951171868 ], [ -91.165786743164062, 30.391883850097663 ], [ -91.174797058105469, 30.392299652099627 ], [ -91.177597045898438, 30.395999908447244 ], [ -91.174102783203125, 30.39979934692381 ], [ -91.172500610351562, 30.401199340820277 ], [ -91.160858154296875, 30.39192962646483 ], [ -91.160400390625, 30.391700744628928 ], [ -91.156501770019531, 30.390199661254886 ], [ -91.15460205078125, 30.387899398803668 ], [ -91.151130676269531, 30.385341644287092 ], [ -91.139381408691406, 30.376493453979514 ], [ -91.138198852539062, 30.37560081481935 ], [ -91.127471923828125, 30.370237350463814 ], [ -91.126907348632812, 30.371299743652326 ], [ -91.11631011962892, 30.388967514038089 ], [ -91.117202758789062, 30.389999389648445 ], [ -91.118705749511719, 30.392700195312475 ], [ -91.120506286621108, 30.394599914550792 ], [ -91.122100830078125, 30.39489936828619 ], [ -91.122200012207031, 30.395099639892607 ], [ -91.124504089355469, 30.395399093627919 ], [ -91.125503540039062, 30.395799636840824 ], [ -91.124603271484375, 30.398399353027337 ], [ -91.12890625, 30.400299072265636 ], [ -91.129203796386719, 30.4015998840332 ], [ -91.12860107421875, 30.405099868774442 ], [ -91.131706237792969, 30.410499572753892 ], [ -91.131599426269531, 30.410800933837887 ], [ -91.141799926757812, 30.416900634765589 ], [ -91.1427001953125, 30.417200088500959 ], [ -91.151603698730469, 30.422399520874063 ], [ -91.15030670166017, 30.424699783325202 ], [ -91.150199890136719, 30.425399780273434 ], [ -91.150596618652344, 30.42659950256348 ], [ -91.151016235351577, 30.426937103271442 ], [ -91.145904541015625, 30.427099227905266 ], [ -91.139396667480469, 30.427299499511715 ], [ -91.137802124023438, 30.427099227905266 ], [ -91.137001037597656, 30.426500320434599 ], [ -91.1383056640625, 30.42429924011234 ], [ -91.139305114746094, 30.422700881958047 ], [ -91.137092590332031, 30.422443389892578 ], [ -91.124198913574219, 30.420700073242173 ], [ -91.124137878417969, 30.420551300048803 ], [ -91.122100830078125, 30.415599822998075 ], [ -91.118598937988281, 30.409900665283217 ], [ -91.113998413085938, 30.405899047851555 ], [ -91.103492736816406, 30.404809951782262 ], [ -91.103401184082031, 30.404800415039102 ], [ -91.103523254394531, 30.404619216918974 ], [ -91.108306884765625, 30.397199630737298 ], [ -91.099502563476562, 30.392000198364286 ], [ -91.103302001953125, 30.385900497436495 ], [ -91.10015869140625, 30.380874633789038 ], [ -91.105400085449233, 30.371900558471676 ], [ -91.110504150390625, 30.374099731445352 ], [ -91.108901977539062, 30.376499176025426 ], [ -91.112106323242188, 30.376800537109403 ], [ -91.114501953125014, 30.372699737548825 ], [ -91.109901428222656, 30.370800018310536 ], [ -91.114601135253906, 30.363500595092759 ], [ -91.115501403808594, 30.361200332641562 ], [ -91.113784790039062, 30.359962463378952 ], [ -91.111747741699233, 30.359729766845721 ], [ -91.110733032226562, 30.35901451110837 ], [ -91.110061645507812, 30.358879089355447 ], [ -91.108856201171875, 30.359062194824229 ], [ -91.105453491210938, 30.35541915893559 ], [ -91.104034423828125, 30.355163574218675 ], [ -91.100662231445312, 30.352947235107447 ], [ -91.099319458007812, 30.352539062500007 ], [ -91.0985107421875, 30.352544784545927 ], [ -91.098159790039062, 30.352775573730497 ], [ -91.097930908203125, 30.354032516479489 ], [ -91.09564208984375, 30.354858398437479 ], [ -91.091278076171875, 30.352880477905277 ], [ -91.08880615234375, 30.350997924804673 ], [ -91.08746337890625, 30.350498199462912 ], [ -91.083602905273438, 30.34980010986326 ], [ -91.081527709960938, 30.349449157714844 ], [ -91.08001708984375, 30.347698211669936 ], [ -91.0791015625, 30.347200393676754 ], [ -91.074981689453125, 30.345855712890611 ], [ -91.07196044921875, 30.343429565429691 ], [ -91.065315246582045, 30.341411590576147 ], [ -91.062530517578125, 30.340171813964893 ], [ -91.060943603515625, 30.339044570922905 ], [ -91.058135986328125, 30.337688446044908 ], [ -91.056488037109375, 30.337135314941435 ], [ -91.054580688476562, 30.336980819702159 ], [ -91.052963256835938, 30.336009979248047 ], [ -91.049400329589844, 30.335599899291989 ], [ -91.049102783203125, 30.334199905395529 ], [ -91.048797607421875, 30.333969116210913 ], [ -91.04461669921875, 30.332620620727511 ], [ -91.043289184570312, 30.331851959228512 ], [ -91.041549682617188, 30.331497192382784 ], [ -91.038986206054688, 30.330043792724585 ], [ -91.036201477050781, 30.329200744628906 ], [ -91.035331726074219, 30.328176498413086 ], [ -91.033920288085938, 30.327705383300781 ], [ -91.02935791015625, 30.325023651123065 ], [ -91.027069091796875, 30.324554443359382 ], [ -91.024734497070327, 30.32378387451174 ], [ -91.022216796875014, 30.323444366455121 ], [ -91.020721435546875, 30.323509216308572 ], [ -91.019500732421875, 30.323699951171871 ], [ -91.018875122070312, 30.324104309082053 ], [ -91.017562866210938, 30.325851440429691 ], [ -91.016998291015625, 30.32609939575195 ], [ -91.018104553222656, 30.323400497436545 ], [ -91.020904541015639, 30.321500778198253 ], [ -91.020904541015639, 30.321100234985334 ], [ -91.02030181884767, 30.320600509643562 ], [ -91.020477294921875, 30.32007217407228 ], [ -91.019798278808594, 30.319700241088857 ], [ -91.020004272460938, 30.319360733032259 ], [ -91.019287109375, 30.319032669067397 ], [ -91.019500732421875, 30.318599700927763 ], [ -91.019203186035156, 30.31809997558593 ], [ -91.039268493652344, 30.266477584838849 ], [ -91.044540405273438, 30.251827239990227 ], [ -91.057205200195312, 30.218196868896484 ], [ -91.059165954589844, 30.212917327880888 ], [ -91.052650451660156, 30.211629867553707 ], [ -91.03997802734375, 30.208364486694339 ], [ -91.036750793457031, 30.210355758666996 ], [ -91.037239074707031, 30.211349487304684 ], [ -91.036598205566406, 30.21230316162114 ], [ -91.037460327148438, 30.212556838989205 ], [ -91.038093566894531, 30.213542938232418 ], [ -91.038093566894531, 30.214000701904322 ], [ -91.037117004394531, 30.214870452880859 ], [ -91.036773681640625, 30.215694427490213 ], [ -91.037017822265625, 30.215923309326172 ], [ -91.038093566894531, 30.215742111206005 ], [ -91.038543701171875, 30.216154098510735 ], [ -91.038307189941406, 30.218513488769528 ], [ -91.037200927734375, 30.220254898071364 ], [ -91.037223815917969, 30.221996307373029 ], [ -91.036636352539062, 30.223003387451133 ], [ -91.035354614257812, 30.224126815795877 ], [ -91.030860900878906, 30.22517967224119 ], [ -91.029197692871094, 30.229028701782205 ], [ -91.029281616210938, 30.22989845275881 ], [ -91.03076171875, 30.230930328369137 ], [ -91.030647277832031, 30.231502532958995 ], [ -91.028778076171875, 30.233724594116218 ], [ -91.025932312011719, 30.235200881957997 ], [ -91.025482177734375, 30.236885070800781 ], [ -91.024635314941406, 30.237571716308608 ], [ -91.024078369140625, 30.238742828369119 ], [ -91.02349853515625, 30.239267349243171 ], [ -91.02288818359375, 30.239519119262642 ], [ -91.020751953125, 30.239427566528295 ], [ -91.0181884765625, 30.239748001098658 ], [ -91.016372680664062, 30.241945266723633 ], [ -91.014862060546875, 30.242404937744137 ], [ -91.014579772949219, 30.24199295043946 ], [ -91.0145263671875, 30.24086761474609 ], [ -91.013839721679688, 30.240501403808558 ], [ -91.011726379394531, 30.241233825683633 ], [ -91.009803771972656, 30.242401123046861 ], [ -91.008087158203125, 30.242675781250021 ], [ -91.00396728515625, 30.241207122802741 ], [ -90.999664306640625, 30.240451812744087 ], [ -90.998260498046875, 30.239744186401452 ], [ -90.997543334960938, 30.240039825439464 ], [ -90.996002197265625, 30.241851806640657 ], [ -90.994651794433594, 30.241966247558622 ], [ -90.993934631347656, 30.241737365722688 ], [ -90.99322509765625, 30.240982055664045 ], [ -90.992721557617188, 30.238164901733384 ], [ -90.992324829101562, 30.237798690795902 ], [ -90.991035461425781, 30.237293243408217 ], [ -90.990585327148438, 30.237386703491186 ], [ -90.989227294921875, 30.238386154174805 ], [ -90.98870849609375, 30.240068435668942 ], [ -90.974281311035156, 30.239774703979457 ], [ -90.969345092773438, 30.240324020385803 ], [ -90.966499328613281, 30.240095138549787 ], [ -90.965911865234375, 30.239866256713853 ], [ -90.964935302734375, 30.238927841186541 ], [ -90.963592529296875, 30.235536575317379 ], [ -90.964462280273438, 30.234001159667983 ], [ -90.964324951171875, 30.233154296875007 ], [ -90.963912963867188, 30.232627868652301 ], [ -90.963088989257812, 30.23237609863282 ], [ -90.961433410644531, 30.232444763183604 ], [ -90.958427429199219, 30.233568191528335 ], [ -90.957572937011719, 30.23363685607908 ], [ -90.953384399414077, 30.23299407958984 ], [ -90.950134277343764, 30.233131408691381 ], [ -90.946731567382812, 30.232370376586907 ], [ -90.945602416992188, 30.232101440429645 ], [ -90.944831848144531, 30.232400894165039 ], [ -90.930427551269531, 30.232513427734393 ], [ -90.929634094238281, 30.232513427734393 ], [ -90.929641723632812, 30.231624603271506 ], [ -90.929161071777344, 30.231607437133732 ], [ -90.929153442382812, 30.230794906616239 ], [ -90.927787780761719, 30.23081588745119 ], [ -90.927749633789062, 30.229967117309581 ], [ -90.927207946777344, 30.229986190795945 ], [ -90.927215576171875, 30.230794906616239 ], [ -90.924812316894531, 30.23080444335935 ], [ -90.924827575683594, 30.226207733154293 ], [ -90.926124572753906, 30.22673988342283 ], [ -90.92742919921875, 30.226921081543018 ], [ -90.927505493164062, 30.225271224975579 ], [ -90.928764343261719, 30.225227355957035 ], [ -90.9287109375, 30.218055725097663 ], [ -90.92034912109375, 30.218032836914009 ], [ -90.920249938964844, 30.210678100585927 ], [ -90.920074462890625, 30.189163208007795 ], [ -90.914909362792969, 30.189369201660135 ], [ -90.881591796875, 30.17328262329103 ], [ -90.890121459960938, 30.166391372680724 ], [ -90.883522033691406, 30.160449981689474 ], [ -90.87255859375, 30.169918060302688 ], [ -90.871513366699219, 30.169794082641559 ], [ -90.821769714355469, 30.156269073486303 ], [ -90.817985534667969, 30.155235290527298 ], [ -90.804855346679688, 30.15317726135261 ], [ -90.777290344238295, 30.148700714111325 ], [ -90.759445190429688, 30.143358230590803 ], [ -90.785263061523438, 30.138200759887678 ], [ -90.86907958984375, 30.121524810790987 ], [ -90.875, 30.120431900024421 ], [ -90.877647399902344, 30.119848251342766 ], [ -90.877700805664062, 30.119686126709006 ], [ -90.888534545898438, 30.117698669433626 ], [ -90.888580322265625, 30.117910385131797 ], [ -90.915382385253906, 30.11307907104495 ], [ -90.915336608886719, 30.112787246704102 ], [ -90.91448974609375, 30.108644485473594 ], [ -90.930259704589844, 30.09700584411619 ], [ -90.930671691894531, 30.095064163208047 ], [ -90.9320068359375, 30.092796325683594 ], [ -90.933921813964844, 30.091047286987312 ], [ -90.93707275390625, 30.088758468627919 ], [ -90.935516357421875, 30.08544921875 ], [ -90.953376770019531, 30.073251724243203 ], [ -90.96337890625, 30.080457687377947 ], [ -90.974029541015625, 30.088550567626918 ], [ -90.978622436523438, 30.091728210449219 ], [ -90.983192443847656, 30.094081878662113 ], [ -90.980056762695312, 30.100408554077148 ], [ -90.979606628417969, 30.102056503295874 ], [ -90.977607727050781, 30.101699829101548 ], [ -90.977806091308608, 30.100685119628913 ], [ -90.975746154785156, 30.100179672241211 ], [ -90.9749755859375, 30.10186958312989 ], [ -90.974327087402344, 30.101663589477575 ], [ -90.973556518554688, 30.103960037231452 ], [ -90.978149414062514, 30.105476379394535 ], [ -90.976608276367188, 30.1098518371582 ], [ -90.983711242675781, 30.111524581909144 ], [ -90.985275268554688, 30.107860565185536 ], [ -90.985557556152344, 30.10735511779783 ], [ -90.985374450683594, 30.106340408325192 ], [ -90.98577880859375, 30.105560302734364 ], [ -90.984771728515625, 30.105079650878906 ], [ -90.987297058105469, 30.10109138488766 ], [ -90.989585876464844, 30.097257614135764 ], [ -90.987251281738295, 30.096101760864236 ], [ -90.989845275878906, 30.091567993164094 ], [ -90.990066528320312, 30.091674804687461 ], [ -90.990585327148438, 30.090917587280305 ], [ -90.991928100585938, 30.0883979797363 ], [ -90.9937744140625, 30.085685729980483 ], [ -90.996177673339844, 30.086750030517592 ], [ -90.99652099609375, 30.086339950561506 ], [ -90.999496459960938, 30.094945907592738 ], [ -91.001792907714844, 30.094692230224631 ], [ -91.004112243652344, 30.094722747802717 ], [ -90.997230529785156, 30.075454711914052 ], [ -90.99835205078125, 30.075265884399428 ], [ -90.999664306640625, 30.079961776733441 ], [ -91.0, 30.080146789550778 ], [ -91.0, 30.079757690429663 ], [ -91.001937866210938, 30.085044860839808 ], [ -91.004768371582031, 30.084447860717816 ], [ -91.005119323730469, 30.085571289062536 ], [ -91.008132934570312, 30.085571289062536 ], [ -91.012161254882812, 30.096633911132816 ], [ -91.004188537597656, 30.096206665039094 ], [ -90.996681213378906, 30.096893310546886 ], [ -90.995651245117188, 30.097171783447237 ], [ -90.994522094726562, 30.097860336303725 ], [ -90.993598937988295, 30.099191665649396 ], [ -91.0, 30.102235794067365 ], [ -91.003746032714844, 30.10311508178717 ], [ -91.009284973144545, 30.104606628417976 ], [ -91.009895324707031, 30.104770660400412 ], [ -91.029220581054688, 30.11017608642576 ], [ -91.037994384765625, 30.112735748291058 ], [ -91.041732788085952, 30.114162445068366 ], [ -91.046470642089844, 30.116605758667035 ], [ -91.049919128417969, 30.118528366088871 ], [ -91.05120849609375, 30.119607925415064 ], [ -91.053474426269531, 30.121007919311555 ], [ -91.089996337890625, 30.140720367431665 ], [ -91.109588623046875, 30.151742935180643 ], [ -91.133750915527344, 30.16494178771973 ], [ -91.137313842773438, 30.166526794433608 ], [ -91.143783569335938, 30.168846130371076 ], [ -91.144523620605469, 30.166822433471715 ], [ -91.142494201660156, 30.16629981994625 ], [ -91.143608093261719, 30.163686752319368 ], [ -91.145454406738281, 30.164222717285163 ], [ -91.151893615722656, 30.145082473754886 ], [ -91.154960632324219, 30.14604377746582 ], [ -91.156059265136719, 30.143030166625955 ], [ -91.157615661621094, 30.143358230590803 ], [ -91.155593872070312, 30.148698806762663 ], [ -91.156364440917969, 30.148864746093754 ], [ -91.15057373046875, 30.164155960083011 ], [ -91.151092529296875, 30.164211273193335 ], [ -91.152397155761719, 30.164390563964862 ], [ -91.150550842285156, 30.169013977050842 ], [ -91.149345397949219, 30.172084808349609 ], [ -91.149810791015625, 30.172151565551736 ], [ -91.149200439453125, 30.173643112182631 ], [ -91.148757934570327, 30.173547744750948 ], [ -91.148117065429688, 30.175184249877926 ], [ -91.15216064453125, 30.176448822021456 ], [ -91.174240112304688, 30.14166450500489 ], [ -91.191352844238281, 30.149776458740238 ], [ -91.203506469726562, 30.1304111480713 ], [ -91.207778930664062, 30.132587432861325 ], [ -91.209060668945312, 30.132978439331051 ], [ -91.243888854980469, 30.139154434204091 ], [ -91.244781494140625, 30.139131546020504 ], [ -91.246345520019531, 30.138742446899442 ], [ -91.253562927246094, 30.135461807250966 ], [ -91.256034851074219, 30.133836746215817 ], [ -91.268402099609375, 30.12845611572266 ], [ -91.272201538085938, 30.126943588256832 ], [ -91.275390625, 30.126199722290036 ], [ -91.276199340820312, 30.126064300537138 ], [ -91.276695251464844, 30.130910873413093 ], [ -91.281021118164077, 30.140146255493164 ], [ -91.282371520996094, 30.14179611206055 ], [ -91.283897399902344, 30.143125534057603 ], [ -91.284690856933594, 30.144477844238242 ], [ -91.284347534179688, 30.148147583007827 ], [ -91.284492492675781, 30.167554855346669 ], [ -91.285842895507812, 30.170051574707081 ], [ -91.290481567382812, 30.174703598022468 ], [ -91.291114807128906, 30.175506591796882 ], [ -91.291847229003906, 30.177156448364258 ], [ -91.292213439941406, 30.180799484252944 ], [ -91.2928466796875, 30.205726623535138 ], [ -91.29315185546875, 30.231693267822244 ], [ -91.286079406738281, 30.235496520996133 ], [ -91.289718627929688, 30.244916915893601 ], [ -91.29058837890625, 30.247734069824222 ], [ -91.2908935546875, 30.249025344848615 ], [ -91.295494079589844, 30.251550674438509 ], [ -91.2974853515625, 30.252389907836932 ], [ -91.306137084960938, 30.255270004272496 ], [ -91.308433532714858, 30.255481719970682 ], [ -91.314285278320312, 30.258550643920881 ], [ -91.316635131835938, 30.260730743408157 ], [ -91.319793701171875, 30.261997222900405 ], [ -91.320625305175781, 30.261880874633782 ], [ -91.321182250976562, 30.263900756835945 ], [ -91.320365905761719, 30.27290344238282 ], [ -91.316421508789062, 30.280368804931623 ], [ -91.314056396484375, 30.285985946655291 ], [ -91.314033508300781, 30.287384033203171 ], [ -91.314735412597656, 30.289245605468725 ], [ -91.315231323242188, 30.292240142822276 ], [ -91.316215515136719, 30.294515609741193 ], [ -91.318000793457031, 30.301794052124048 ], [ -91.321540832519531, 30.31224060058592 ], [ -91.324440002441406, 30.322204589843679 ], [ -91.325340270996094, 30.324937820434592 ], [ -91.326210021972656, 30.330133438110359 ], [ -91.325370788574219, 30.346612930297852 ], [ -91.325477600097656, 30.346664428710959 ], [ -91.336868286132812, 30.352300643920902 ], [ -91.347755432128906, 30.365497589111346 ], [ -91.355545043945312, 30.375 ], [ -91.362541198730469, 30.382633209228512 ], [ -91.375, 30.387023925781243 ], [ -91.394744873046875, 30.395267486572251 ], [ -91.39471435546875, 30.408260345458974 ], [ -91.39471435546875, 30.408611297607468 ], [ -91.397079467773438, 30.411773681640657 ], [ -91.407722473144531, 30.425931930542021 ], [ -91.412376403808594, 30.432140350341797 ], [ -91.413864135742188, 30.431472778320305 ], [ -91.433525085449219, 30.453163146972653 ], [ -91.438911437988281, 30.450237274169925 ], [ -91.434669494628906, 30.443983078002912 ], [ -91.422378540039062, 30.435026168823185 ], [ -91.437408447265625, 30.424913406372077 ], [ -91.434310913085938, 30.42316246032717 ], [ -91.433319091796875, 30.422161102294925 ], [ -91.431877136230483, 30.419134140014648 ], [ -91.430145263671875, 30.415969848632852 ], [ -91.429672241210938, 30.414386749267578 ], [ -91.427986145019531, 30.411907196044908 ], [ -91.424575805664062, 30.41034317016603 ], [ -91.422409057617202, 30.40806388854979 ], [ -91.421531677246094, 30.406114578247074 ], [ -91.421630859375, 30.404693603515657 ], [ -91.427322387695312, 30.405569076538079 ], [ -91.431610107421875, 30.406661987304673 ], [ -91.436309814453139, 30.408193588256829 ], [ -91.441703796386719, 30.411052703857436 ], [ -91.444496154785156, 30.412811279296886 ], [ -91.446975708007812, 30.414924621582013 ], [ -91.447105407714844, 30.415039062500004 ], [ -91.456611633300781, 30.412860870361335 ], [ -91.470283508300795, 30.410453796386697 ], [ -91.478446960449219, 30.408426284790018 ], [ -91.478416442871094, 30.408277511596658 ], [ -91.47607421875, 30.399082183837862 ], [ -91.474273681640625, 30.396423339843739 ], [ -91.474273681640625, 30.395942687988246 ], [ -91.493881225585938, 30.385234832763679 ], [ -91.516990661621094, 30.373004913330121 ], [ -91.513526916503906, 30.383903503417933 ], [ -91.509239196777344, 30.389862060546864 ], [ -91.508209228515625, 30.392084121704048 ], [ -91.508148193359375, 30.392793655395518 ], [ -91.510139465332031, 30.399074554443338 ], [ -91.510261535644531, 30.399339675903288 ], [ -91.527633666992188, 30.394678115844716 ], [ -91.558250427246094, 30.387344360351541 ], [ -91.607864379882812, 30.373893737793001 ], [ -91.60968017578125, 30.373315811157283 ], [ -91.611099243164062, 30.372529983520518 ], [ -91.644927978515625, 30.36352920532229 ], [ -91.644271850585938, 30.363164901733402 ], [ -91.700126647949219, 30.348680496215835 ], [ -91.75, 30.334226608276385 ], [ -91.762336730957031, 30.331821441650419 ], [ -91.782882690429688, 30.325918197631839 ], [ -91.789093017578125, 30.324201583862322 ], [ -91.795547485351562, 30.322437286376942 ], [ -91.804573059082031, 30.320787429809542 ], [ -91.81601715087892, 30.317626953125039 ], [ -91.819839477539062, 30.316865921020494 ], [ -91.819992065429688, 30.313537597656275 ], [ -91.820053100585938, 30.31224632263185 ], [ -91.812431335449219, 30.312175750732411 ], [ -91.811225891113281, 30.311664581298828 ], [ -91.811271667480469, 30.311252593994169 ], [ -91.810600280761719, 30.310705184936499 ], [ -91.806930541992188, 30.309123992919901 ], [ -91.805610656738281, 30.307794570922876 ], [ -91.804336547851562, 30.307197570800742 ], [ -91.803359985351562, 30.303667068481452 ], [ -91.803573608398438, 30.302865982055668 ], [ -91.803390502929688, 30.301904678344734 ], [ -91.802467346191406, 30.300300598144567 ], [ -91.80106353759767, 30.298809051513672 ], [ -91.800086975097656, 30.298328399658178 ], [ -91.798690795898438, 30.29837417602538 ], [ -91.796836853027344, 30.297937393188523 ], [ -91.796257019042969, 30.298097610473615 ], [ -91.795074462890625, 30.297891616821271 ], [ -91.794464111328125, 30.298006057739236 ], [ -91.79376220703125, 30.297651290893548 ], [ -91.79266357421875, 30.296585083007788 ], [ -91.790977478027344, 30.295621871948239 ], [ -91.788475036621094, 30.293674468994151 ], [ -91.78643798828125, 30.291587829589844 ], [ -91.784980773925781, 30.289318084716808 ], [ -91.784774780273452, 30.288469314575217 ], [ -91.786911010742188, 30.280862808227536 ], [ -91.790420532226562, 30.282489776611342 ], [ -91.791961669921889, 30.282695770263647 ], [ -91.793304443359375, 30.282354354858381 ], [ -91.794891357421875, 30.281162261962891 ], [ -91.797584533691406, 30.280130386352553 ], [ -91.801254272460938, 30.279741287231428 ], [ -91.801811218261719, 30.27944374084473 ], [ -91.8031005859375, 30.279947280883796 ], [ -91.804367065429688, 30.279764175415071 ], [ -91.8060302734375, 30.280384063720749 ], [ -91.810417175292969, 30.280086517334016 ], [ -91.811393737792969, 30.283020019531271 ], [ -91.811714172363295, 30.285402297973661 ], [ -91.813507080078125, 30.288473129272454 ], [ -91.815193176269531, 30.293310165405277 ], [ -91.816650390625, 30.293561935424776 ], [ -91.820022583007812, 30.293584823608384 ], [ -91.824226379394531, 30.294883728027301 ], [ -91.825965881347656, 30.295463562011726 ], [ -91.826683044433594, 30.296403884887688 ], [ -91.828292846679688, 30.297044754028331 ], [ -91.828826904296875, 30.297479629516634 ], [ -91.830772399902344, 30.299657821655213 ], [ -91.831588745117188, 30.300184249877905 ], [ -91.834609985351562, 30.30139732360842 ], [ -91.836006164550795, 30.303026199340817 ], [ -91.836456298828125, 30.304101943969737 ], [ -91.83929443359375, 30.306629180908235 ], [ -91.840736389160156, 30.305156707763686 ], [ -91.848312377929688, 30.301900863647447 ], [ -91.849708557128906, 30.300502777099556 ], [ -91.856689453125, 30.29724693298342 ], [ -91.870201110839844, 30.289058685302763 ], [ -91.870811462402344, 30.288873672485359 ], [ -91.870918273925781, 30.293113708496104 ], [ -91.871185302734375, 30.293916702270437 ], [ -91.873191833496094, 30.296184539794972 ], [ -91.875, 30.295404434204038 ], [ -91.878524780273452, 30.295631408691378 ], [ -91.880722045898438, 30.294998168945312 ], [ -91.89019775390625, 30.293500900268576 ], [ -91.896102905273452, 30.300399780273448 ], [ -91.911796569824219, 30.295999526977553 ], [ -91.916107177734375, 30.295900344848633 ], [ -91.919303894042969, 30.29389953613283 ], [ -91.924003601074219, 30.292600631713878 ], [ -91.928199768066406, 30.290500640869141 ], [ -91.928367614746094, 30.290418624877933 ], [ -91.926383972167969, 30.289098739624023 ], [ -91.925056457519531, 30.288496017456062 ], [ -91.913139343261719, 30.282541275024396 ], [ -91.9107666015625, 30.281568527221673 ], [ -91.910507202148438, 30.281000137329098 ], [ -91.905197143554688, 30.278499603271484 ], [ -91.906196594238281, 30.277500152587912 ], [ -91.90850830078125, 30.275848388671886 ], [ -91.908660888671875, 30.275266647338835 ], [ -91.908599853515625, 30.274700164794911 ], [ -91.907798767089844, 30.273899078369134 ], [ -91.905906677246094, 30.272600173950167 ], [ -91.899307250976562, 30.268400192260717 ], [ -91.897377014160156, 30.266748428344709 ], [ -91.902923583984375, 30.262805938720707 ], [ -91.902442932128906, 30.262308120727539 ], [ -91.902198791503906, 30.262100219726531 ], [ -91.904403686523438, 30.260700225830039 ], [ -91.903701782226562, 30.259799957275373 ], [ -91.898307800292969, 30.263700485229492 ], [ -91.898704528808594, 30.264499664306609 ], [ -91.898429870605469, 30.264776229858438 ], [ -91.896797180175781, 30.266099929809577 ], [ -91.891754150390625, 30.258798599243153 ], [ -91.89019775390625, 30.256099700927685 ], [ -91.888702392578139, 30.25729942321777 ], [ -91.888702392578139, 30.258399963378892 ], [ -91.885673522949219, 30.260288238525405 ], [ -91.885505676269531, 30.260400772094723 ], [ -91.888626098632812, 30.265144348144556 ], [ -91.876960754394531, 30.272180557250948 ], [ -91.877548217773438, 30.27292442321777 ], [ -91.874626159667969, 30.274667739868168 ], [ -91.873992919921875, 30.273872375488263 ], [ -91.868400573730469, 30.277231216430632 ], [ -91.867500305175781, 30.275535583496087 ], [ -91.86444091796875, 30.271230697631818 ], [ -91.863433837890625, 30.268846511840874 ], [ -91.8634033203125, 30.268085479736328 ], [ -91.882705688476562, 30.256299972534169 ], [ -91.883399963378906, 30.25588417053218 ], [ -91.87872314453125, 30.238489151000987 ], [ -91.877593994140625, 30.236806869506832 ], [ -91.876106262207031, 30.237699508667014 ], [ -91.872627258300781, 30.231323242187489 ], [ -91.872306823730469, 30.229652404785149 ], [ -91.870170593261719, 30.226238250732457 ], [ -91.86932373046875, 30.22522926330571 ], [ -91.864669799804688, 30.221082687377923 ], [ -91.862930297851562, 30.219913482666019 ], [ -91.860610961914062, 30.219295501709006 ], [ -91.858573913574219, 30.219114303588874 ], [ -91.852752685546875, 30.219636917114247 ], [ -91.840972900390625, 30.227735519409169 ], [ -91.83984375, 30.228744506835934 ], [ -91.837417602539062, 30.229249954223651 ], [ -91.833030700683594, 30.232503890991193 ], [ -91.826065063476562, 30.228952407836911 ], [ -91.819114685058594, 30.233846664428707 ], [ -91.821197509765625, 30.236711502075241 ], [ -91.819709777832031, 30.237707138061499 ], [ -91.817512512207031, 30.248525619506854 ], [ -91.8167724609375, 30.249259948730447 ], [ -91.816352844238281, 30.250429153442347 ], [ -91.815376281738281, 30.250888824462923 ], [ -91.813690185546875, 30.251001358032237 ], [ -91.813079833984375, 30.251300811767539 ], [ -91.811943054199219, 30.252147674560565 ], [ -91.811790466308594, 30.25317955017093 ], [ -91.810394287109375, 30.254737854003917 ], [ -91.808570861816406, 30.255081176757827 ], [ -91.808036804199219, 30.256204605102486 ], [ -91.808280944824219, 30.257488250732386 ], [ -91.80780029296875, 30.257854461669904 ], [ -91.807304382324219, 30.258794784545906 ], [ -91.806396484375, 30.259183883666989 ], [ -91.804817199707031, 30.259275436401367 ], [ -91.80450439453125, 30.259481430053718 ], [ -91.801544189453125, 30.263240814209023 ], [ -91.799301147460938, 30.26344680786131 ], [ -91.797950744628906, 30.262758255004869 ], [ -91.793174743652344, 30.263193130493132 ], [ -91.789268493652344, 30.266126632690408 ], [ -91.78509521484375, 30.265781402587891 ], [ -91.775749206542969, 30.268001556396435 ], [ -91.768936157226562, 30.267013549804673 ], [ -91.766853332519531, 30.265890121459989 ], [ -91.765373229980469, 30.265546798706048 ], [ -91.763236999511733, 30.26570510864261 ], [ -91.759803771972656, 30.267080307006843 ], [ -91.758064270019531, 30.26691818237305 ], [ -91.757217407226562, 30.266483306884755 ], [ -91.755950927734375, 30.267375946044968 ], [ -91.755126953125, 30.267627716064421 ], [ -91.754730224609375, 30.267496109008757 ], [ -91.754768371582031, 30.262046813964851 ], [ -91.754463195800781, 30.26114082336429 ], [ -91.752510070800781, 30.258459091186538 ], [ -91.745201110839844, 30.249765396118157 ], [ -91.734664916992188, 30.24003601074218 ], [ -91.728439331054688, 30.233736038208001 ], [ -91.726837158203125, 30.231595993041999 ], [ -91.72635650634767, 30.228288650512706 ], [ -91.724250793457031, 30.2260627746582 ], [ -91.724449157714844, 30.225875854492205 ], [ -91.726058959960938, 30.225921630859382 ], [ -91.756683349609375, 30.22738265991206 ], [ -91.760032653808594, 30.225273132324251 ], [ -91.762176513671875, 30.224609375 ], [ -91.766708374023438, 30.224498748779297 ], [ -91.768501281738281, 30.224796295166037 ], [ -91.770088195800781, 30.225690841674812 ], [ -91.771591186523438, 30.225965499877923 ], [ -91.772651672363281, 30.227136611938466 ], [ -91.773757934570327, 30.227640151977504 ], [ -91.778190612792983, 30.230918884277322 ], [ -91.780326843261719, 30.23165130615233 ], [ -91.781692504882812, 30.231561660766577 ], [ -91.782417297363281, 30.22975158691402 ], [ -91.784629821777344, 30.22812461853027 ], [ -91.786163330078125, 30.226474761962919 ], [ -91.787437438964844, 30.2244358062744 ], [ -91.786903381347656, 30.223815917968786 ], [ -91.78515625, 30.220218658447248 ], [ -91.779777526855469, 30.215242385864283 ], [ -91.779014587402344, 30.21116447448728 ], [ -91.776985168457031, 30.208778381347621 ], [ -91.76969146728517, 30.20461273193359 ], [ -91.766273498535156, 30.202198028564503 ], [ -91.761894226074219, 30.198368072509773 ], [ -91.758232116699219, 30.195732116699201 ], [ -91.754959106445312, 30.193002700805689 ], [ -91.7548828125, 30.192750930786147 ], [ -91.755783081054688, 30.1922702789307 ], [ -91.756843566894531, 30.190986633300806 ], [ -91.759284973144531, 30.187572479248036 ], [ -91.758758544921875, 30.187217712402315 ], [ -91.758346557617188, 30.186677932739308 ], [ -91.76035308837892, 30.184387207031254 ], [ -91.761871337890625, 30.181011199951183 ], [ -91.7584228515625, 30.180488586425838 ], [ -91.75653076171875, 30.180856704711964 ], [ -91.745948791503906, 30.17808341979979 ], [ -91.744132995605469, 30.178405761718714 ], [ -91.742149353027344, 30.179920196533235 ], [ -91.739151000976562, 30.180011749267539 ], [ -91.737533569335938, 30.18049430847168 ], [ -91.736488342285156, 30.180355072021502 ], [ -91.738319396972656, 30.158765792846694 ], [ -91.737976074218764, 30.15869712829593 ], [ -91.736549377441406, 30.152717590332049 ], [ -91.736106872558594, 30.152212142944308 ], [ -91.736045837402344, 30.147682189941392 ], [ -91.735862731933594, 30.145177841186566 ], [ -91.734886169433594, 30.142381668090817 ], [ -91.734466552734375, 30.140216827392525 ], [ -91.742446899414062, 30.139139175415036 ], [ -91.743080139160156, 30.139053344726548 ], [ -91.746208190917969, 30.138767242431662 ], [ -91.743507385253906, 30.136945724487326 ], [ -91.737701416015625, 30.13548278808593 ], [ -91.735404968261719, 30.13376426696777 ], [ -91.73284912109375, 30.132642745971701 ], [ -91.728897094726562, 30.129756927490295 ], [ -91.728065490722656, 30.129449844360369 ], [ -91.7274169921875, 30.126777648925767 ], [ -91.727546691894531, 30.122058868408217 ], [ -91.730232238769531, 30.122396469116222 ], [ -91.731895446777344, 30.122030258178711 ], [ -91.732284545898438, 30.121686935424812 ], [ -91.732978820800781, 30.120033264160135 ], [ -91.735870361328125, 30.118635177612333 ], [ -91.739166259765625, 30.118909835815415 ], [ -91.7459716796875, 30.117715835571257 ], [ -91.746627807617188, 30.117347717285178 ], [ -91.751022338867188, 30.113334655761751 ], [ -91.753059387207045, 30.112052917480455 ], [ -91.754951477050781, 30.111480712890629 ], [ -91.757537841796875, 30.109922409057628 ], [ -91.762474060058594, 30.109443664550771 ], [ -91.764022827148438, 30.108642578124993 ], [ -91.765266418457031, 30.108459472656225 ], [ -91.768730163574219, 30.096063613891598 ], [ -91.763565063476562, 30.096643447875984 ], [ -91.760482788085952, 30.090578079223604 ], [ -91.770828247070312, 30.089769363403317 ], [ -91.776237487792969, 30.087215423583967 ], [ -91.778297424316406, 30.08595657348631 ], [ -91.785591125488281, 30.080137252807617 ], [ -91.789024353027344, 30.078098297119134 ], [ -91.791526794433594, 30.076173782348619 ], [ -91.794692993164062, 30.074350357055682 ], [ -91.801383972167969, 30.069715499877919 ], [ -91.798805236816406, 30.066545486450142 ], [ -91.813850402832031, 30.049703598022475 ], [ -91.815711975097656, 30.047664642334006 ], [ -91.819107055664062, 30.043811798095717 ], [ -91.876213073730469, 30.067417144775437 ], [ -91.883308410644531, 30.063625335693363 ], [ -91.896110534667969, 30.056884765624982 ], [ -91.907096862792969, 30.072275161743185 ], [ -91.950881958007812, 30.073011398315419 ], [ -91.941230773925781, 30.099771499633757 ], [ -91.934112548828125, 30.119222640991243 ], [ -91.933937072753906, 30.119701385498072 ], [ -91.930282592773438, 30.123857498168913 ], [ -91.926307678222656, 30.129199981689428 ], [ -91.919586181640625, 30.137355804443335 ], [ -91.919113159179688, 30.137935638427759 ], [ -91.9093017578125, 30.149999618530227 ], [ -91.908401489257812, 30.150600433349609 ], [ -91.907745361328125, 30.151611328125039 ], [ -91.907058715820312, 30.152004241943342 ], [ -91.905700683593764, 30.153799057006847 ], [ -91.905426025390625, 30.154415130615224 ], [ -91.906036376953125, 30.1548366546631 ], [ -91.90771484375, 30.154148101806644 ], [ -91.908157348632812, 30.154407501220696 ], [ -91.908691406250014, 30.15646362304685 ], [ -91.909088134765625, 30.156993865966811 ], [ -91.909805297851562, 30.156803131103519 ], [ -91.910331726074219, 30.157009124755877 ], [ -91.910415649414062, 30.15831375122071 ], [ -91.9110107421875, 30.15848922729495 ], [ -91.91143798828125, 30.159088134765604 ], [ -91.91217041015625, 30.162048339843711 ], [ -91.912612915039062, 30.162750244140629 ], [ -91.91265869140625, 30.163383483886751 ], [ -91.912063598632812, 30.163585662841822 ], [ -91.910690307617188, 30.163253784179712 ], [ -91.909713745117188, 30.162708282470732 ], [ -91.909439086914062, 30.163330078125 ], [ -91.908248901367188, 30.163909912109375 ], [ -91.907470703125, 30.165512084960945 ], [ -91.90777587890625, 30.166389465332021 ], [ -91.907516479492188, 30.167072296142592 ], [ -91.9088134765625, 30.16867256164549 ], [ -91.908966064453125, 30.169206619262649 ], [ -91.909912109375, 30.170097351074194 ], [ -91.910385131835938, 30.171489715576168 ], [ -91.911178588867188, 30.171855926513683 ], [ -91.915084838867188, 30.177930831909141 ], [ -91.916549682617188, 30.179630279541005 ], [ -91.916961669921875, 30.180351257324254 ], [ -91.916305541992188, 30.182382583618157 ], [ -91.917091369628906, 30.182895660400384 ], [ -91.91717529296875, 30.183757781982383 ], [ -91.918548583984375, 30.184362411499002 ], [ -91.918914794921875, 30.185300827026417 ], [ -91.92047119140625, 30.185531616210916 ], [ -91.921646118164062, 30.186485290527333 ], [ -91.920600891113281, 30.187700271606463 ], [ -91.921211242675781, 30.187999725341825 ], [ -91.921783447265625, 30.187965393066396 ], [ -91.924896240234375, 30.186044692993171 ], [ -91.929885864257812, 30.18407440185549 ], [ -91.93023681640625, 30.183656692504883 ], [ -91.932037353515639, 30.18324089050294 ], [ -91.933151245117188, 30.182571411132781 ], [ -91.933731079101562, 30.182508468627926 ], [ -91.935577392578125, 30.18281173706054 ], [ -91.936965942382812, 30.18265533447266 ], [ -91.938369750976562, 30.183143615722667 ], [ -91.939956665039062, 30.182605743408203 ], [ -91.941574096679688, 30.183769226074233 ], [ -91.944778442382812, 30.18398475646973 ], [ -91.945648193359375, 30.184570312499986 ], [ -91.947189331054688, 30.18499755859375 ], [ -91.948165893554688, 30.184930801391587 ], [ -91.951614379882812, 30.18643569946293 ], [ -91.952590942382812, 30.186058044433548 ], [ -91.9532470703125, 30.186166763305692 ], [ -91.954025268554688, 30.186901092529311 ], [ -91.954475402832031, 30.186943054199201 ], [ -91.954849243164062, 30.186023712158192 ], [ -91.954788208007812, 30.18539810180663 ], [ -91.954475402832031, 30.184833526611346 ], [ -91.953598022460938, 30.184101104736314 ], [ -91.954742431640625, 30.182916641235316 ], [ -91.954452514648438, 30.1825141906738 ], [ -91.953659057617188, 30.182144165039087 ], [ -91.953483581542969, 30.181903839111346 ], [ -91.953689575195312, 30.181545257568374 ], [ -91.955215454101562, 30.180553436279343 ], [ -91.956451416015625, 30.1803894042969 ], [ -91.958160400390625, 30.179502487182599 ], [ -91.960098266601562, 30.179119110107401 ], [ -91.961288452148438, 30.178514480590827 ], [ -91.96197509765625, 30.178052902221694 ], [ -91.962158203125, 30.177619934082042 ], [ -91.961776733398438, 30.176506042480469 ], [ -91.962799072265625, 30.175739288330103 ], [ -91.963577270507812, 30.17630767822266 ], [ -91.964515686035156, 30.176383972167972 ], [ -91.965507507324219, 30.176500320434581 ], [ -91.966064453125, 30.176803588867184 ], [ -91.968582153320312, 30.177032470703086 ], [ -91.968948364257812, 30.176698684692418 ], [ -91.971038818359375, 30.176240921020479 ], [ -91.972244262695312, 30.177238464355455 ], [ -91.973358154296875, 30.177406311035142 ], [ -91.973861694335938, 30.177116394042972 ], [ -91.974235534667969, 30.177162170410156 ], [ -91.974746704101562, 30.177490234375004 ], [ -91.975601196289062, 30.178636550903317 ], [ -91.977294921875, 30.179359436035149 ], [ -91.977890014648452, 30.18050765991212 ], [ -91.979110717773438, 30.181285858154304 ], [ -91.979812622070312, 30.182384490966804 ], [ -91.979782104492202, 30.183666229248036 ], [ -91.980209350585938, 30.185047149658235 ], [ -91.980209350585938, 30.185657501220753 ], [ -91.97991943359375, 30.186090469360391 ], [ -91.980026245117188, 30.187614440917947 ], [ -91.979354858398438, 30.188396453857397 ], [ -91.979446411132812, 30.190311431884819 ], [ -91.978729248046875, 30.190837860107397 ], [ -91.978790283203125, 30.191375732421868 ], [ -91.979293823242188, 30.191978454589858 ], [ -91.978988647460938, 30.192481994628899 ], [ -91.978599548339858, 30.192600250244141 ], [ -91.9788818359375, 30.192960739135735 ], [ -91.979690551757812, 30.19325447082521 ], [ -91.980331420898438, 30.195344924926779 ], [ -91.980697631835938, 30.19770431518555 ], [ -91.980148315429702, 30.198799133300771 ], [ -91.980438232421875, 30.199329376220732 ], [ -91.980026245117188, 30.200490951538097 ], [ -91.980255126953125, 30.201011657714879 ], [ -91.97955322265625, 30.202213287353551 ], [ -91.979202270507827, 30.205661773681648 ], [ -91.97882080078125, 30.206056594848654 ], [ -91.977157592773452, 30.206451416015582 ], [ -91.976684570312514, 30.207019805908203 ], [ -91.97674560546875, 30.207756042480518 ], [ -91.978729248046875, 30.208824157714837 ], [ -91.978866577148438, 30.209129333496115 ], [ -91.977104187011719, 30.20980072021484 ], [ -91.97650146484375, 30.210699081420877 ], [ -91.976303100585938, 30.213600158691385 ], [ -91.979103088378906, 30.214700698852557 ], [ -91.979507446289062, 30.215999603271491 ], [ -91.980506896972656, 30.216699600219698 ], [ -91.982307434082031, 30.216600418090827 ], [ -91.983802795410156, 30.217500686645476 ], [ -91.984596252441406, 30.218299865722642 ], [ -91.994796752929688, 30.225799560546861 ], [ -91.996505737304688, 30.224100112915014 ], [ -91.997909545898438, 30.223709106445334 ], [ -91.998306274414062, 30.223300933837912 ], [ -91.992904663085938, 30.219299316406254 ], [ -91.992301940917969, 30.216899871826232 ], [ -91.997901916503906, 30.214300155639638 ], [ -92.000503540039077, 30.213800430297844 ], [ -92.002105712890625, 30.211799621582035 ], [ -92.00250244140625, 30.210599899292003 ], [ -92.001602172851562, 30.20940017700195 ], [ -92.001907348632812, 30.208299636840781 ], [ -92.004104614257812, 30.207599639892599 ], [ -92.005401611328125, 30.2105007171631 ], [ -92.007301330566406, 30.213899612426779 ], [ -92.009597778320312, 30.218599319457969 ], [ -92.011680603027344, 30.222179412841793 ], [ -92.012901306152344, 30.224399566650369 ], [ -92.014602661132812, 30.227500915527383 ], [ -92.017402648925781, 30.226299285888654 ], [ -92.018707275390639, 30.225099563598629 ], [ -92.018798828125, 30.222499847412077 ], [ -92.019706726074219, 30.222600936889609 ], [ -92.019706726074219, 30.222299575805689 ], [ -92.020706176757812, 30.222299575805689 ], [ -92.020797729492188, 30.222600936889609 ], [ -92.022796630859375, 30.222600936889609 ], [ -92.022796630859375, 30.224399566650352 ], [ -92.025100708007812, 30.224399566650352 ], [ -92.025802612304688, 30.222299575805689 ], [ -92.026107788085938, 30.222700119018587 ], [ -92.026603698730483, 30.223400115966736 ], [ -92.0281982421875, 30.225799560546907 ], [ -92.029106140136719, 30.227199554443377 ], [ -92.030303955078139, 30.229000091552756 ], [ -92.032302856445312, 30.23209953308104 ], [ -92.032302856445312, 30.234399795532212 ], [ -92.03900146484375, 30.234500885009787 ], [ -92.05670166015625, 30.234600067138633 ], [ -92.062705993652344, 30.234500885009787 ], [ -92.062705993652344, 30.235099792480497 ], [ -92.065902709960938, 30.239023208618185 ], [ -92.065902709960938, 30.2399005889893 ], [ -92.066009521484375, 30.241436004638636 ], [ -92.066024780273438, 30.241601943969727 ], [ -92.066055297851562, 30.242078781127951 ], [ -92.066001892089844, 30.246700286865256 ], [ -92.058799743652344, 30.24659919738766 ], [ -92.049400329589844, 30.246799468994119 ], [ -92.03900146484375, 30.249500274658228 ], [ -92.038902282714844, 30.249700546264659 ], [ -92.036102294921875, 30.250799179077109 ], [ -92.027801513671875, 30.254199981689489 ], [ -92.015602111816406, 30.25919914245604 ], [ -92.013999938964844, 30.251600265502926 ], [ -92.013198852539077, 30.248399734497077 ], [ -92.012100219726562, 30.244199752807646 ], [ -92.012100219726562, 30.242900848388693 ], [ -92.012702941894545, 30.239799499511733 ], [ -92.01300048828125, 30.239799499511733 ], [ -92.013504028320312, 30.240400314331012 ], [ -92.022201538085938, 30.241500854492202 ], [ -92.016502380371094, 30.230800628662127 ], [ -92.011703491210938, 30.230600357055643 ], [ -92.009101867675781, 30.230499267578118 ], [ -92.007705688476562, 30.230300903320327 ], [ -92.002906799316406, 30.229600906372099 ], [ -92.002700805664062, 30.231399536132784 ], [ -92.002197265625, 30.234199523925824 ], [ -92.001602172851562, 30.237899780273441 ], [ -91.992904663085938, 30.236700057983402 ], [ -91.993301391601562, 30.2371006011963 ], [ -91.992889404296875, 30.239194869995089 ], [ -91.989044189453125, 30.238710403442372 ], [ -91.988800048828125, 30.241300582885767 ], [ -91.983009338378906, 30.240917205810572 ], [ -91.982437133789062, 30.241222381591818 ], [ -91.977218627929688, 30.241533279418899 ], [ -91.97686767578125, 30.242069244384759 ], [ -91.977050781250014, 30.242750167846665 ], [ -91.981513977050781, 30.243291854858398 ], [ -91.981437683105469, 30.24382400512696 ], [ -91.980415344238281, 30.243726730346658 ], [ -91.980117797851562, 30.246053695678686 ], [ -91.983100891113281, 30.246347427368203 ], [ -91.98291015625, 30.248235702514634 ], [ -91.982803344726562, 30.249300003051719 ], [ -91.981597900390625, 30.252300262451197 ], [ -91.991203308105469, 30.253499984741229 ], [ -91.995201110839844, 30.253599166870114 ], [ -91.998672485351562, 30.25520324707032 ], [ -92.0, 30.247600555419961 ], [ -92.001304626464844, 30.247800827026381 ], [ -92.000999450683594, 30.249799728393548 ], [ -92.005401611328125, 30.25040054321288 ], [ -92.004997253417969, 30.251699447631822 ], [ -92.005104064941406, 30.255199432373036 ], [ -92.007301330566406, 30.262500762939428 ], [ -92.005104064941406, 30.263399124145533 ], [ -92.002334594726562, 30.264532089233381 ], [ -91.998703002929688, 30.265800476074226 ], [ -91.984100341796875, 30.27039909362793 ], [ -91.982505798339844, 30.267299652099606 ], [ -91.984703063964844, 30.265399932861349 ], [ -91.983596801757812, 30.264600753784212 ], [ -91.981002807617188, 30.264200210571282 ], [ -91.982101440429688, 30.258899688720739 ], [ -91.981704711914062, 30.2581996917725 ], [ -91.980796813964844, 30.2581996917725 ], [ -91.976905822753906, 30.260499954223643 ], [ -91.976402282714844, 30.260200500488303 ], [ -91.975997924804688, 30.260700225830039 ], [ -91.948928833007812, 30.276569366455078 ], [ -91.949996948242188, 30.281099319457997 ], [ -91.950202941894531, 30.28339958190918 ], [ -91.952102661132812, 30.292499542236357 ], [ -91.952201843261719, 30.29290008544919 ], [ -91.954505920410156, 30.303699493408221 ], [ -91.9552001953125, 30.308399200439425 ], [ -91.961700439453125, 30.313100814819322 ], [ -91.962005615234375, 30.313255310058597 ], [ -91.964302062988281, 30.320600509643562 ], [ -91.965599060058594, 30.320899963378913 ], [ -91.96600341796875, 30.324014663696317 ], [ -91.9658203125, 30.325666427612315 ], [ -91.964706420898438, 30.328800201415994 ], [ -91.963905334472656, 30.328699111938445 ], [ -91.955802917480469, 30.333700180053672 ], [ -91.955001831054688, 30.333599090576183 ], [ -91.952903747558594, 30.338699340820305 ], [ -91.954307556152344, 30.338899612426758 ], [ -91.957504272460938, 30.34510040283201 ], [ -91.950798034667969, 30.34869956970218 ], [ -91.951202392578125, 30.350200653076151 ], [ -91.95379638671875, 30.359600067138661 ], [ -91.964706420898438, 30.361299514770522 ], [ -91.978706359863295, 30.362899780273434 ], [ -91.978363037109389, 30.365022659301765 ], [ -91.978775024414062, 30.365791320800756 ], [ -91.980621337890639, 30.366085052490238 ], [ -91.98333740234375, 30.367250442504904 ], [ -91.984237670898438, 30.367145538330071 ], [ -91.98577880859375, 30.366544723510764 ], [ -91.987640380859375, 30.366649627685518 ], [ -91.98846435546875, 30.367546081542969 ], [ -91.988601684570312, 30.368400573730455 ], [ -91.989219665527344, 30.368730545043945 ], [ -91.991928100585938, 30.369232177734382 ], [ -91.993270874023438, 30.370090484619137 ], [ -91.995727539062514, 30.369693756103494 ], [ -91.998291015625, 30.368667602539066 ], [ -92.0, 30.367599487304719 ], [ -92.000534057617188, 30.366733551025419 ], [ -92.000564575195312, 30.366216659545888 ], [ -92.0001220703125, 30.364820480346712 ], [ -92.00048828125, 30.364400863647436 ], [ -92.001502990722656, 30.364299774169918 ], [ -92.003265380859375, 30.365291595459002 ], [ -92.0042724609375, 30.365543365478498 ], [ -92.00640869140625, 30.367210388183569 ], [ -92.007537841796875, 30.367458343505877 ], [ -92.009048461914062, 30.36720466613767 ], [ -92.009689331054688, 30.367885589599602 ], [ -92.01025390625, 30.369316101074205 ], [ -92.011474609375, 30.370609283447266 ], [ -92.012115478515625, 30.370580673217766 ], [ -92.015106201171875, 30.371500015258814 ], [ -92.015907287597656, 30.370857238769556 ], [ -92.017425537109375, 30.368280410766612 ], [ -92.019332885742188, 30.366544723510764 ], [ -92.022659301757812, 30.36640167236326 ], [ -92.023452758789062, 30.36598587036131 ], [ -92.024299621582031, 30.364902496337901 ], [ -92.02447509765625, 30.363750457763693 ], [ -92.024002075195312, 30.363042831420938 ], [ -92.025009155273438, 30.360877990722646 ], [ -92.025970458984375, 30.359939575195305 ], [ -92.026901245117188, 30.359699249267557 ], [ -92.029190063476562, 30.361225128173817 ], [ -92.03125, 30.360919952392617 ], [ -92.031883239746094, 30.361112594604496 ], [ -92.032608032226562, 30.362148284912138 ], [ -92.034042358398438, 30.362007141113253 ], [ -92.034469604492188, 30.362575531005898 ], [ -92.035179138183594, 30.362550735473672 ], [ -92.035308837890625, 30.36305618286136 ], [ -92.035003662109375, 30.36380004882815 ], [ -92.036102294921875, 30.365177154541016 ], [ -92.036819458007812, 30.365543365478498 ], [ -92.038192749023438, 30.365447998046836 ], [ -92.038528442382812, 30.365644454956104 ], [ -92.038543701171875, 30.366157531738274 ], [ -92.037887573242188, 30.367654800415032 ], [ -92.038345336914062, 30.36778068542484 ], [ -92.039138793945312, 30.367439270019545 ], [ -92.039703369140625, 30.368074417114315 ], [ -92.040695190429688, 30.368024826049826 ], [ -92.041244506835938, 30.368293762207024 ], [ -92.039138793945312, 30.375404357910121 ], [ -92.033180236816406, 30.389083862304702 ], [ -92.036247253417969, 30.390115737915018 ], [ -92.034027099609389, 30.395225524902383 ], [ -92.033470153808594, 30.39671516418457 ], [ -92.03363037109375, 30.397907257080035 ], [ -92.038734436035156, 30.400842666625941 ], [ -92.039718627929688, 30.397924423217777 ], [ -92.04119873046875, 30.395338058471697 ], [ -92.042320251464844, 30.395772933959989 ], [ -92.039474487304688, 30.401235580444368 ], [ -92.040023803710938, 30.401529312133796 ], [ -92.039337158203125, 30.401502609252891 ], [ -92.039291381835938, 30.402347564697241 ], [ -92.040290832519531, 30.402347564697241 ], [ -92.039062500000014, 30.409790039062504 ], [ -92.049690246582031, 30.410018920898398 ], [ -92.050193786621094, 30.407661437988242 ], [ -92.052604675292969, 30.408012390136722 ], [ -92.05218505859375, 30.410142898559588 ], [ -92.056472778320312, 30.410312652587898 ], [ -92.056396484375, 30.415897369384801 ], [ -92.056442260742188, 30.422956466674805 ], [ -92.056434631347656, 30.425006866455085 ], [ -92.056411743164062, 30.431768417358356 ], [ -92.042289733886733, 30.431760787963864 ], [ -92.041847229003906, 30.436506271362294 ], [ -92.041389465332031, 30.437078475952159 ], [ -92.039749145507812, 30.437917709350614 ], [ -92.039199829101562, 30.43836212158206 ], [ -92.039146423339844, 30.43950843811033 ], [ -92.038047790527344, 30.441204071044844 ], [ -92.037162780761719, 30.444526672363303 ], [ -92.03607177734375, 30.446817398071289 ], [ -92.032684326171875, 30.451423645019528 ], [ -92.027786254882827, 30.481538772583022 ], [ -92.027381896972656, 30.481424331665011 ], [ -92.025985717773438, 30.480047225952102 ], [ -92.023757934570312, 30.477228164672823 ], [ -92.023193359375, 30.481569290161122 ], [ -92.021087646484375, 30.477731704711942 ], [ -92.017333984375, 30.471977233886676 ], [ -92.014930725097656, 30.46929550170897 ], [ -92.01202392578125, 30.466796874999972 ], [ -92.006622314453125, 30.463998794555721 ], [ -92.00445556640625, 30.463399887084993 ], [ -92.0, 30.463502883911111 ], [ -91.997146606445327, 30.463861465454116 ], [ -91.997024536132812, 30.464599609374982 ], [ -91.993743896484375, 30.465534210205078 ], [ -91.9962158203125, 30.472520828247102 ], [ -91.985252380371094, 30.476976394653295 ], [ -91.983924865722656, 30.480432510375966 ], [ -91.965362548828125, 30.476270675659173 ], [ -91.966064453125, 30.47164154052733 ], [ -91.958847045898452, 30.468889236450185 ], [ -91.952186584472656, 30.465728759765621 ], [ -91.944755554199219, 30.463346481323239 ], [ -91.938850402832031, 30.460479736328121 ], [ -91.93548583984375, 30.458347320556655 ], [ -91.931259155273438, 30.455278396606435 ], [ -91.927528381347656, 30.452022552490281 ], [ -91.92578125, 30.449867248535124 ], [ -91.924484252929702, 30.447782516479489 ], [ -91.922447204589844, 30.443103790283217 ], [ -91.931388854980469, 30.441963195800778 ], [ -91.947021484375, 30.440431594848654 ], [ -91.971473693847656, 30.439165115356442 ], [ -91.971809387207031, 30.437189102172866 ], [ -91.972122192382827, 30.436525344848576 ], [ -91.973442077636719, 30.435174942016619 ], [ -91.97418212890625, 30.433063507080078 ], [ -91.975494384765625, 30.423835754394513 ], [ -91.977508544921875, 30.42378234863282 ], [ -91.978065490722656, 30.424079895019506 ], [ -91.979179382324219, 30.427011489868139 ], [ -91.979209899902344, 30.428686141967759 ], [ -91.979598999023438, 30.430656433105458 ], [ -91.980636596679688, 30.432100296020533 ], [ -91.98309326171875, 30.43340682983396 ], [ -91.983665466308594, 30.434097290039052 ], [ -91.98406982421875, 30.433931350708001 ], [ -91.984024047851562, 30.43287849426267 ], [ -91.983016967773438, 30.429325103759776 ], [ -91.982109069824219, 30.426736831665053 ], [ -91.98089599609375, 30.424467086792003 ], [ -91.980873107910156, 30.423826217651374 ], [ -91.981185913085938, 30.42350578308108 ], [ -91.986053466796875, 30.423091888427734 ], [ -91.986236572265625, 30.422861099243164 ], [ -91.986923217773438, 30.415481567382784 ], [ -91.986839294433594, 30.415206909179719 ], [ -91.986495971679702, 30.415115356445305 ], [ -91.984588623046875, 30.415069580078121 ], [ -91.985015869140625, 30.410074234008782 ], [ -91.985702514648438, 30.408630371093704 ], [ -91.986045837402344, 30.406980514526367 ], [ -91.979774475097656, 30.407279968261747 ], [ -91.978096008300781, 30.407144546508786 ], [ -91.977767944335938, 30.407531738281268 ], [ -91.975654602050781, 30.407854080200202 ], [ -91.973617553710938, 30.408815383911119 ], [ -91.971267700195312, 30.409229278564482 ], [ -91.969917297363281, 30.410009384155259 ], [ -91.967353820800781, 30.409666061401392 ], [ -91.965583801269531, 30.410169601440419 ], [ -91.965057373046875, 30.410034179687464 ], [ -91.9632568359375, 30.408704757690419 ], [ -91.962165832519531, 30.406755447387702 ], [ -91.958259582519531, 30.404924392700195 ], [ -91.957382202148438, 30.404098510742173 ], [ -91.956939697265625, 30.403249740600561 ], [ -91.956062316894531, 30.403043746948224 ], [ -91.954391479492188, 30.401943206787163 ], [ -91.950958251953125, 30.400615692138665 ], [ -91.949905395507812, 30.399881362915014 ], [ -91.947418212890625, 30.399974822998011 ], [ -91.946281433105483, 30.399057388305604 ], [ -91.942527770996094, 30.396972656249982 ], [ -91.942070007324219, 30.396078109741222 ], [ -91.941177368164062, 30.395389556884762 ], [ -91.9390869140625, 30.395229339599624 ], [ -91.937789916992188, 30.394838333129872 ], [ -91.936759948730469, 30.394542694091808 ], [ -91.936126708984375, 30.39477157592772 ], [ -91.935203552246094, 30.395528793334933 ], [ -91.932525634765625, 30.39665222167973 ], [ -91.930572509765625, 30.396354675292979 ], [ -91.925247192382812, 30.398248672485309 ], [ -91.87188720703125, 30.416280746459982 ], [ -91.869209289550781, 30.417020797729496 ], [ -91.86395263671875, 30.41279983520506 ], [ -91.862449645996094, 30.413282394409134 ], [ -91.857345581054688, 30.412000656127901 ], [ -91.855278015136719, 30.412551879882827 ], [ -91.852767944335952, 30.412437438964854 ], [ -91.852294921875014, 30.410398483276378 ], [ -91.850654602050781, 30.407878875732436 ], [ -91.849197387695327, 30.406433105468729 ], [ -91.84814453125, 30.40625 ], [ -91.846549987792983, 30.406892776489226 ], [ -91.840950012207031, 30.40643692016603 ], [ -91.838409423828125, 30.406940460205089 ], [ -91.836746215820312, 30.406183242797827 ], [ -91.835159301757812, 30.406368255615206 ], [ -91.834678649902344, 30.406230926513651 ], [ -91.83392333984375, 30.40538215637206 ], [ -91.832511901855469, 30.405221939086964 ], [ -91.832305908203139, 30.404993057250973 ], [ -91.832244873046875, 30.403755187988306 ], [ -91.831695556640625, 30.403114318847638 ], [ -91.831085205078125, 30.402839660644535 ], [ -91.82928466796875, 30.402357101440433 ], [ -91.828155517578125, 30.401647567749038 ], [ -91.826461791992188, 30.401853561401364 ], [ -91.825164794921875, 30.400686264038079 ], [ -91.823974609375, 30.399976730346641 ], [ -91.819847106933608, 30.399677276611346 ], [ -91.815834045410156, 30.397155761718786 ], [ -91.814956665039062, 30.396308898925785 ], [ -91.814613342285156, 30.395231246948228 ], [ -91.812683105468764, 30.394063949584918 ], [ -91.811309814453125, 30.39406204223636 ], [ -91.802543640136719, 30.394090652465845 ], [ -91.764747619628906, 30.394229888916044 ], [ -91.769508361816406, 30.397722244262706 ], [ -91.77001953125, 30.398685455322244 ], [ -91.771255493164062, 30.398845672607386 ], [ -91.772468566894531, 30.400037765502901 ], [ -91.773323059082031, 30.399831771850629 ], [ -91.773880004882812, 30.400037765502933 ], [ -91.773902893066406, 30.401687622070302 ], [ -91.7745361328125, 30.402191162109389 ], [ -91.777290344238281, 30.401620864868132 ], [ -91.778205871582031, 30.400728225708047 ], [ -91.779426574707031, 30.400955200195284 ], [ -91.779960632324219, 30.400865554809581 ], [ -91.780143737792969, 30.400543212890664 ], [ -91.783233642578125, 30.400224685668977 ], [ -91.784080505371094, 30.400407791137749 ], [ -91.786064147949219, 30.40391349792479 ], [ -91.788970947265639, 30.407535552978548 ], [ -91.789154052734375, 30.409004211425728 ], [ -91.789680480957045, 30.409805297851577 ], [ -91.789947509765625, 30.411088943481452 ], [ -91.792167663574219, 30.413932800292972 ], [ -91.79388427734375, 30.418308258056655 ], [ -91.793304443359375, 30.421472549438445 ], [ -91.793571472167969, 30.422319412231424 ], [ -91.795051574707031, 30.423395156860355 ], [ -91.796897888183594, 30.423786163330039 ], [ -91.7994384765625, 30.425666809082035 ], [ -91.800941467285156, 30.427087783813491 ], [ -91.802558898925781, 30.427499771118178 ], [ -91.803619384765625, 30.428394317626978 ], [ -91.804908752441406, 30.428760528564453 ], [ -91.805038452148438, 30.431051254272507 ], [ -91.804489135742188, 30.431831359863335 ], [ -91.804435729980469, 30.432312011718782 ], [ -91.804649353027344, 30.433275222778327 ], [ -91.805282592773438, 30.434238433837887 ], [ -91.805625915527344, 30.435865402221665 ], [ -91.807083129882812, 30.43714714050293 ], [ -91.808296203613281, 30.439325332641644 ], [ -91.808883666992188, 30.439968109130859 ], [ -91.809883117675781, 30.44049644470212 ], [ -91.812873840332031, 30.440563201904272 ], [ -91.81488037109375, 30.441320419311516 ], [ -91.815544128417983, 30.441755294799769 ], [ -91.817634582519531, 30.444482803344744 ], [ -91.818031311035156, 30.446247100830067 ], [ -91.818687438964844, 30.447071075439435 ], [ -91.819114685058594, 30.447256088256879 ], [ -91.820831298828125, 30.446979522705114 ], [ -91.821441650390625, 30.447071075439435 ], [ -91.821945190429688, 30.447439193725547 ], [ -91.824325561523438, 30.450395584106456 ], [ -91.824348449707031, 30.451564788818363 ], [ -91.825202941894531, 30.453788757324197 ], [ -91.825363159179688, 30.455047607421879 ], [ -91.825691223144531, 30.45536613464354 ], [ -91.82720947265625, 30.455505371093718 ], [ -91.827919006347656, 30.4558506011963 ], [ -91.829109191894531, 30.457063674926733 ], [ -91.830307006835938, 30.457521438598611 ], [ -91.831230163574233, 30.458324432373029 ], [ -91.831413269042969, 30.460111618041989 ], [ -91.830909729003906, 30.461946487426726 ], [ -91.832046508789062, 30.464305877685572 ], [ -91.834327697753906, 30.466758728027305 ], [ -91.834457397460952, 30.469278335571275 ], [ -91.83453369140625, 30.469575881957972 ], [ -91.836555480957031, 30.470058441162113 ], [ -91.839065551757812, 30.471477508544883 ], [ -91.841896057128906, 30.480052947998058 ], [ -91.84454345703125, 30.480508804321293 ], [ -91.846229553222656, 30.479864120483434 ], [ -91.847869873046875, 30.478649139404279 ], [ -91.848670959472656, 30.47835159301755 ], [ -91.849357604980469, 30.478168487548864 ], [ -91.85089111328125, 30.478351593017582 ], [ -91.851951599121108, 30.478900909423864 ], [ -91.852584838867188, 30.479520797729485 ], [ -91.853225708007812, 30.480573654174826 ], [ -91.853271484375, 30.48194885253907 ], [ -91.854339599609389, 30.483484268188516 ], [ -91.855552673339844, 30.484560012817358 ], [ -91.857192993164062, 30.48566055297854 ], [ -91.857933044433608, 30.486461639404286 ], [ -91.858329772949219, 30.486600875854535 ], [ -91.86065673828125, 30.486438751220749 ], [ -91.861236572265625, 30.486667633056655 ], [ -91.862312316894531, 30.487834930419908 ], [ -91.863510131835938, 30.488796234130856 ], [ -91.86566162109375, 30.488874435424773 ], [ -91.868865966796875, 30.490129470825174 ], [ -91.869064331054688, 30.490810394287074 ], [ -91.867980957031264, 30.494731903076147 ], [ -91.867630004882812, 30.5 ], [ -91.868209838867188, 30.500471115112287 ], [ -91.868606567382812, 30.504705429077127 ], [ -91.869514465332031, 30.507087707519503 ], [ -91.870460510253906, 30.508462905883768 ], [ -91.871368408203125, 30.512977600097663 ], [ -91.873275756835938, 30.512496948242159 ], [ -91.874488830566406, 30.512815475463857 ], [ -91.875335693359375, 30.512516021728484 ], [ -91.875320434570312, 30.511461257934535 ], [ -91.874382019042969, 30.511074066162141 ], [ -91.874061584472656, 30.510545730590799 ], [ -91.874168395996094, 30.510318756103477 ], [ -91.874618530273438, 30.51027107238772 ], [ -91.8758544921875, 30.510408401489293 ], [ -91.876014709472656, 30.508550643920906 ], [ -91.876518249511719, 30.507909774780277 ], [ -91.877235412597656, 30.507886886596701 ], [ -91.877975463867188, 30.508367538452099 ], [ -91.878425598144531, 30.509147644042976 ], [ -91.879005432128906, 30.509538650512663 ], [ -91.879188537597656, 30.511028289794954 ], [ -91.879402160644531, 30.511142730712862 ], [ -91.880088806152344, 30.510959625244123 ], [ -91.880462646484375, 30.50933265686032 ], [ -91.880668640136719, 30.509057998657223 ], [ -91.880989074707031, 30.509057998657223 ], [ -91.883132934570312, 30.51022720336918 ], [ -91.883796691894531, 30.511579513549826 ], [ -91.885276794433594, 30.511281967163047 ], [ -91.885704040527344, 30.511465072631893 ], [ -91.886093139648438, 30.512062072753938 ], [ -91.885971069335938, 30.513208389282266 ], [ -91.88623046875, 30.513896942138654 ], [ -91.888236999511719, 30.513299942016623 ], [ -91.888351440429688, 30.512842178344719 ], [ -91.887481689453125, 30.511398315429688 ], [ -91.887260437011733, 30.510000228881886 ], [ -91.887794494628906, 30.508602142333999 ], [ -91.889328002929688, 30.506975173950206 ], [ -91.889488220214844, 30.50493621826169 ], [ -91.888755798339844, 30.503719329833988 ], [ -91.888778686523438, 30.502620697021531 ], [ -91.888221740722656, 30.500902175903295 ], [ -91.888275146484375, 30.497735977172855 ], [ -91.888465881347656, 30.497323989868175 ], [ -91.88909912109375, 30.496681213378871 ], [ -91.890838623046875, 30.496246337890604 ], [ -91.89306640625, 30.497049331665 ], [ -91.894439697265625, 30.497074127197234 ], [ -91.895370483398438, 30.497371673583981 ], [ -91.896347045898438, 30.497234344482457 ], [ -91.896766662597656, 30.497325897216811 ], [ -91.896873474121094, 30.498220443725561 ], [ -91.897720336914062, 30.498907089233391 ], [ -91.897750854492188, 30.499160766601612 ], [ -91.897613525390625, 30.5 ], [ -91.898490905761719, 30.501913070678711 ], [ -91.898094177246094, 30.5035400390625 ], [ -91.898811340332031, 30.504114151000987 ], [ -91.89923095703125, 30.505441665649446 ], [ -91.900047302246094, 30.506519317626996 ], [ -91.901824951171875, 30.507963180542006 ], [ -91.90264892578125, 30.507186889648398 ], [ -91.903121948242188, 30.50702667236326 ], [ -91.906478881835938, 30.507049560546829 ], [ -91.909469604492188, 30.50645446777343 ], [ -91.910057067871094, 30.506269454956062 ], [ -91.910926818847656, 30.505332946777397 ], [ -91.911354064941406, 30.50523948669435 ], [ -91.914505004882812, 30.505676269531289 ], [ -91.918548583984375, 30.507946014404261 ], [ -91.921348571777344, 30.50915908813478 ], [ -91.92376708984375, 30.508449554443342 ], [ -91.924400329589844, 30.508449554443381 ], [ -91.926994323730469, 30.509389877319318 ], [ -91.930564880371094, 30.509687423706051 ], [ -91.934349060058594, 30.508314132690444 ], [ -91.935279846191406, 30.508197784423807 ], [ -91.936897277832031, 30.508657455444343 ], [ -91.939537048339844, 30.509872436523427 ], [ -91.940841674804688, 30.510078430175778 ], [ -91.944671630859375, 30.508909225463864 ], [ -91.9462890625, 30.508129119873043 ], [ -91.948455810546875, 30.505746841430621 ], [ -91.949729919433594, 30.505149841308558 ], [ -91.951156616210938, 30.504072189331026 ], [ -91.970024108886719, 30.501731872558604 ], [ -91.971832275390625, 30.503587722778288 ], [ -91.973068237304688, 30.503307342529286 ], [ -91.975028991699219, 30.510164260864226 ], [ -91.974983215332031, 30.510990142822273 ], [ -91.975669860839844, 30.512548446655284 ], [ -91.978721618652344, 30.523778915405288 ], [ -91.979576110839844, 30.524141311645465 ], [ -91.978271484375, 30.526779174804712 ], [ -91.976600646972656, 30.531225204467791 ], [ -91.972816467285156, 30.537805557250959 ], [ -91.9710693359375, 30.542228698730444 ], [ -91.969657897949219, 30.544109344482393 ], [ -92.029014587402344, 30.537937164306598 ], [ -92.029960632324233, 30.539844512939474 ], [ -92.053634643554688, 30.537488937377905 ], [ -92.056259155273438, 30.536754608154304 ], [ -92.06390380859375, 30.531963348388658 ], [ -92.065254211425781, 30.531391143798849 ], [ -92.0675048828125, 30.530841827392624 ], [ -92.071533203125, 30.531106948852504 ], [ -92.072036743164062, 30.531230926513683 ], [ -92.07220458984375, 30.530342102050788 ], [ -92.071075439453125, 30.530235290527301 ], [ -92.0709228515625, 30.529638290405273 ], [ -92.06768798828125, 30.529195785522447 ], [ -92.068191528320312, 30.528709411621069 ], [ -92.068145751953125, 30.528526306152319 ], [ -92.069625854492188, 30.527082443237333 ], [ -92.066612243652344, 30.525407791137745 ], [ -92.066673278808594, 30.525140762329116 ], [ -92.068275451660156, 30.518211364746104 ], [ -92.069992065429688, 30.5184631347656 ], [ -92.076690673828125, 30.519266128540053 ], [ -92.076347351074219, 30.521284103393519 ], [ -92.076240539550781, 30.522497177123995 ], [ -92.078460693359375, 30.522773742675778 ], [ -92.078384399414062, 30.523391723632852 ], [ -92.081008911132812, 30.523872375488267 ], [ -92.080848693847656, 30.524995803833029 ], [ -92.082061767578125, 30.525087356567383 ], [ -92.082809448242188, 30.525293350219741 ], [ -92.082435607910156, 30.527242660522464 ], [ -92.081512451171875, 30.532535552978516 ], [ -92.084999084472656, 30.532991409301758 ], [ -92.085617065429688, 30.531574249267539 ], [ -92.087966918945312, 30.527700424194393 ], [ -92.088088989257812, 30.525903701782209 ], [ -92.08807373046875, 30.52520179748532 ], [ -92.089096069335938, 30.522024154663125 ], [ -92.090255737304688, 30.522150039672898 ], [ -92.09075927734375, 30.515657424926736 ], [ -92.090637207031264, 30.513441085815426 ], [ -92.090606689453125, 30.512897491455089 ], [ -92.090423583984375, 30.510372161865277 ], [ -92.090087890625, 30.510375976562507 ], [ -92.088378906250014, 30.510393142700199 ], [ -92.08843994140625, 30.511255264282216 ], [ -92.089118957519531, 30.51126289367679 ], [ -92.089080810546875, 30.511989593505817 ], [ -92.086967468261719, 30.511816024780277 ], [ -92.086990356445312, 30.510482788085895 ], [ -92.086395263671875, 30.510517120361374 ], [ -92.085975646972656, 30.510490417480518 ], [ -92.085975646972656, 30.510250091552692 ], [ -92.08392333984375, 30.510240554809602 ], [ -92.084259033203125, 30.508893966674812 ], [ -92.084999084472656, 30.507509231567397 ], [ -92.085700988769531, 30.506544113159197 ], [ -92.086746215820312, 30.505008697509762 ], [ -92.087081909179688, 30.50389289855956 ], [ -92.087333679199219, 30.501333236694304 ], [ -92.088104248046875, 30.49811172485353 ], [ -92.088531494140625, 30.496454238891619 ], [ -92.089988708496094, 30.493619918823242 ], [ -92.092987060546875, 30.489309310913065 ], [ -92.093772888183594, 30.485918045043888 ], [ -92.096267700195312, 30.472005844116207 ], [ -92.098907470703125, 30.466732025146474 ], [ -92.102310180664062, 30.44835281372071 ], [ -92.1021728515625, 30.436891555786115 ], [ -92.099044799804688, 30.428228378295923 ], [ -92.107009887695312, 30.429309844970717 ], [ -92.105056762695312, 30.427585601806634 ], [ -92.102485656738281, 30.425958633422901 ], [ -92.101478576660156, 30.423116683959947 ], [ -92.101478576660156, 30.422359466552717 ], [ -92.102165222167969, 30.420549392700192 ], [ -92.105499267578125, 30.418737411499041 ], [ -92.106925964355483, 30.417270660400373 ], [ -92.10736083984375, 30.416307449340806 ], [ -92.1114501953125, 30.416809082031218 ], [ -92.113166809082031, 30.416650772094719 ], [ -92.114067077636719, 30.414953231811555 ], [ -92.115097045898438, 30.41066551208494 ], [ -92.115730285644531, 30.409612655639648 ], [ -92.117042541503906, 30.408369064331044 ], [ -92.119171142578125, 30.40766143798826 ], [ -92.140510559082031, 30.407527923584006 ], [ -92.14154052734375, 30.407297134399411 ], [ -92.142311096191406, 30.405693054199219 ], [ -92.142204284667969, 30.402187347412102 ], [ -92.14239501953125, 30.401432037353501 ], [ -92.143638610839844, 30.400354385375973 ], [ -92.158836364746094, 30.400222778320359 ], [ -92.158584594726562, 30.371372222900415 ], [ -92.175735473632812, 30.371351242065412 ], [ -92.175689697265625, 30.3783359527588 ], [ -92.176002502441406, 30.385808944702156 ], [ -92.175865173339844, 30.400178909301758 ], [ -92.176383972167969, 30.422317504882805 ], [ -92.176345825195312, 30.436622619628853 ], [ -92.179145812988281, 30.436643600463857 ], [ -92.180854797363281, 30.436433792114236 ], [ -92.217681884765625, 30.4366645812988 ], [ -92.244285583496094, 30.436588287353477 ], [ -92.244819641113281, 30.480112075805675 ], [ -92.264472961425795, 30.480161666870107 ], [ -92.314193725585938, 30.479784011840845 ], [ -92.356864929199219, 30.479888916015661 ], [ -92.360198974609375, 30.479883193969691 ], [ -92.380744934082031, 30.479925155639663 ], [ -92.389045715332031, 30.47993278503418 ], [ -92.401802062988281, 30.479959487915018 ], [ -92.412651062011719, 30.479961395263647 ], [ -92.413444519042969, 30.479965209960966 ], [ -92.414627075195312, 30.479965209960966 ], [ -92.415008544921875, 30.479963302612312 ], [ -92.426605224609375, 30.479972839355465 ], [ -92.427360534667969, 30.479982376098668 ], [ -92.431678771972656, 30.480033874511712 ], [ -92.434730529785156, 30.480060577392557 ], [ -92.43597412109375, 30.480060577392592 ], [ -92.465682983398438, 30.480466842651378 ], [ -92.493125915527344, 30.480297088623036 ], [ -92.492889404296875, 30.481376647949205 ], [ -92.491142272949219, 30.482202529907251 ], [ -92.490768432617188, 30.483127593994123 ], [ -92.472381591796875, 30.489381790161165 ], [ -92.455734252929688, 30.494726181030288 ], [ -92.452239990234375, 30.495161056518565 ], [ -92.444473266601562, 30.49510955810549 ], [ -92.444473266601562, 30.49548721313478 ], [ -92.443771362304688, 30.495565414428757 ], [ -92.443717956542969, 30.496955871581992 ], [ -92.44024658203125, 30.496913909912095 ], [ -92.440269470214844, 30.5 ], [ -92.440223693847656, 30.505895614624023 ], [ -92.434768676757812, 30.505832672119183 ], [ -92.43475341796875, 30.502849578857425 ], [ -92.427474975585938, 30.502876281738303 ], [ -92.427375793457031, 30.503099441528374 ], [ -92.426528930664062, 30.503110885620082 ], [ -92.426513671875, 30.50509834289554 ], [ -92.424270629882812, 30.504962921142567 ], [ -92.424270629882812, 30.503128051757848 ], [ -92.423202514648452, 30.503133773803722 ], [ -92.416206359863281, 30.503200531005866 ], [ -92.414642333984375, 30.503210067749027 ], [ -92.410446166992188, 30.503236770629865 ], [ -92.410423278808594, 30.504917144775376 ], [ -92.410408020019531, 30.5058403015137 ], [ -92.410758972167969, 30.506063461303686 ], [ -92.401893615722656, 30.511650085449205 ], [ -92.40213775634767, 30.517242431640629 ], [ -92.404060363769531, 30.517908096313487 ], [ -92.405120849609375, 30.521667480468718 ], [ -92.406051635742188, 30.521942138671903 ], [ -92.40594482421875, 30.52393531799321 ], [ -92.40549468994142, 30.524141311645465 ], [ -92.405464172363281, 30.528749465942393 ], [ -92.403083801269531, 30.528978347778306 ], [ -92.396141052246094, 30.530397415161126 ], [ -92.39276123046875, 30.531312942504883 ], [ -92.385665893554688, 30.531263351440426 ], [ -92.384048461914062, 30.531675338745139 ], [ -92.370956420898438, 30.536352157592795 ], [ -92.370857238769531, 30.536878585815373 ], [ -92.371414184570312, 30.538528442382827 ], [ -92.371658325195312, 30.538665771484386 ], [ -92.415176391601577, 30.538423538208018 ], [ -92.41387939453125, 30.539455413818366 ], [ -92.412643432617188, 30.541379928588864 ], [ -92.411598205566406, 30.544887542724627 ], [ -92.411285400390625, 30.547018051147401 ], [ -92.410385131835938, 30.548004150390618 ], [ -92.409034729003906, 30.548805236816388 ], [ -92.406387329101562, 30.549217224121104 ], [ -92.403709411621094, 30.549217224121104 ], [ -92.401939392089844, 30.549789428710916 ], [ -92.399604797363281, 30.552288055419883 ], [ -92.397514343261719, 30.553524017333995 ], [ -92.395149230957031, 30.554531097412099 ], [ -92.39279937744142, 30.554347991943338 ], [ -92.389488220214844, 30.554622650146502 ], [ -92.38665771484375, 30.553590774536122 ], [ -92.385627746582031, 30.552970886230458 ], [ -92.38482666015625, 30.552856445312536 ], [ -92.381095886230469, 30.553197860717781 ], [ -92.378578186035156, 30.554479598999031 ], [ -92.376754760742188, 30.554477691650387 ], [ -92.375, 30.555282592773434 ], [ -92.373062133789062, 30.557275772094759 ], [ -92.372108459472656, 30.557804107665977 ], [ -92.371803283691406, 30.558881759643576 ], [ -92.372085571289062, 30.562068939208991 ], [ -92.370185852050795, 30.564796447753892 ], [ -92.368339538574219, 30.569883346557628 ], [ -92.369735717773438, 30.569723129272493 ], [ -92.370422363281264, 30.569997787475572 ], [ -92.369895935058594, 30.571098327636715 ], [ -92.371063232421875, 30.572748184204134 ], [ -92.371147155761719, 30.573802947998058 ], [ -92.370773315429688, 30.574398040771491 ], [ -92.369346618652358, 30.574697494506864 ], [ -92.369850158691406, 30.575269699096665 ], [ -92.371040344238281, 30.575773239135732 ], [ -92.371147155761719, 30.576255798339815 ], [ -92.368843078613281, 30.576667785644482 ], [ -92.367912292480469, 30.57712745666506 ], [ -92.367706298828125, 30.577632904052727 ], [ -92.368682861328125, 30.579786300659183 ], [ -92.369766235351562, 30.580564498901378 ], [ -92.369720458984375, 30.581779479980515 ], [ -92.370170593261719, 30.583635330200185 ], [ -92.371437072753906, 30.584115982055689 ], [ -92.373161315917969, 30.585514068603498 ], [ -92.373374938964844, 30.585836410522454 ], [ -92.373428344726562, 30.587280273437511 ], [ -92.374641418457031, 30.588195800781229 ], [ -92.374534606933594, 30.588584899902337 ], [ -92.373802185058594, 30.588745117187504 ], [ -92.37353515625, 30.589019775390625 ], [ -92.37353515625, 30.589525222778345 ], [ -92.3741455078125, 30.590808868408207 ], [ -92.372627258300781, 30.591756820678679 ], [ -92.372077941894531, 30.592300415039023 ], [ -92.369537353515625, 30.592071533203136 ], [ -92.369430541992188, 30.592874526977514 ], [ -92.369880676269531, 30.593126296997106 ], [ -92.371002197265639, 30.593170166015657 ], [ -92.370338439941406, 30.593835830688498 ], [ -92.370887756347656, 30.594408035278335 ], [ -92.371261596679702, 30.595577239990199 ], [ -92.367927551269531, 30.596677780151389 ], [ -92.366889953613281, 30.595876693725586 ], [ -92.366462707519545, 30.595899581909173 ], [ -92.366676330566406, 30.59686279296875 ], [ -92.366096496582045, 30.597412109374989 ], [ -92.365806579589844, 30.597436904907209 ], [ -92.364883422851562, 30.596450805664062 ], [ -92.3641357421875, 30.59638214111326 ], [ -92.363365173339858, 30.597253799438445 ], [ -92.364532470703125, 30.598468780517582 ], [ -92.364089965820312, 30.599224090576197 ], [ -92.362815856933594, 30.598308563232408 ], [ -92.362518310546875, 30.598331451416044 ], [ -92.362762451171889, 30.599475860595696 ], [ -92.362602233886719, 30.599752426147457 ], [ -92.362129211425781, 30.599821090698267 ], [ -92.361282348632812, 30.599271774292028 ], [ -92.361328125, 30.600280761718743 ], [ -92.360084533691406, 30.599914550781236 ], [ -92.359550476074219, 30.600074768066406 ], [ -92.360084533691406, 30.601472854614283 ], [ -92.359321594238281, 30.601747512817386 ], [ -92.358680725097656, 30.602298736572223 ], [ -92.359024047851562, 30.603328704834006 ], [ -92.358917236328125, 30.603994369506854 ], [ -92.35833740234375, 30.604795455932635 ], [ -92.357727050781264, 30.604841232299787 ], [ -92.357650756835938, 30.604177474975621 ], [ -92.357246398925781, 30.604108810424787 ], [ -92.356170654296875, 30.605508804321261 ], [ -92.354972839355483, 30.606103897094723 ], [ -92.35544586181642, 30.606998443603548 ], [ -92.355262756347656, 30.607179641723626 ], [ -92.354255676269531, 30.60718154907228 ], [ -92.353096008300781, 30.606721878051765 ], [ -92.351661682128906, 30.607707977294922 ], [ -92.351242065429688, 30.609130859375021 ], [ -92.350601196289062, 30.609222412109343 ], [ -92.350440979003906, 30.60837364196777 ], [ -92.350013732910156, 30.608398437500036 ], [ -92.349540710449219, 30.609313964843793 ], [ -92.348388671875014, 30.609582901000991 ], [ -92.34686279296875, 30.609245300292969 ], [ -92.347320556640625, 30.610139846801768 ], [ -92.347206115722656, 30.610689163207986 ], [ -92.346015930175781, 30.610483169555668 ], [ -92.346092224121094, 30.611377716064467 ], [ -92.344215393066406, 30.612157821655288 ], [ -92.344535827636719, 30.613418579101594 ], [ -92.34384918212892, 30.613578796386729 ], [ -92.343765258789062, 30.613992691040078 ], [ -92.345016479492188, 30.615343093872131 ], [ -92.344589233398438, 30.615869522094741 ], [ -92.344108581542969, 30.615894317626974 ], [ -92.343666076660156, 30.615457534790032 ], [ -92.342681884765625, 30.615779876708995 ], [ -92.341644287109375, 30.615642547607415 ], [ -92.340591430664062, 30.614679336547869 ], [ -92.340560913085938, 30.613555908203111 ], [ -92.340316772460938, 30.613372802734379 ], [ -92.33966064453125, 30.613647460937514 ], [ -92.338577270507827, 30.615503311157216 ], [ -92.337089538574219, 30.614658355712923 ], [ -92.335868835449219, 30.614612579345728 ], [ -92.335395812988281, 30.614244461059574 ], [ -92.334335327148438, 30.614473342895511 ], [ -92.333671569824233, 30.615230560302756 ], [ -92.333992004394531, 30.615896224975579 ], [ -92.333755493164062, 30.617340087890636 ], [ -92.331474304199219, 30.619632720947301 ], [ -92.332351684570312, 30.62077713012696 ], [ -92.331504821777344, 30.621625900268551 ], [ -92.331207275390625, 30.62297821044924 ], [ -92.330917358398452, 30.623207092285156 ], [ -92.330093383789062, 30.622999191284194 ], [ -92.327789306640625, 30.623184204101562 ], [ -92.326522827148438, 30.622932434082013 ], [ -92.326019287109375, 30.623207092285156 ], [ -92.325798034667969, 30.624446868896477 ], [ -92.324180603027344, 30.623804092407205 ], [ -92.323760986328125, 30.623918533325181 ], [ -92.323448181152344, 30.624330520629851 ], [ -92.323341369628906, 30.625394821166996 ], [ -92.321800231933594, 30.625564575195337 ], [ -92.3221435546875, 30.626640319824226 ], [ -92.320480346679688, 30.62668609619142 ], [ -92.319953918457031, 30.627214431762727 ], [ -92.320022583007812, 30.62799263000489 ], [ -92.321617126464844, 30.628452301025387 ], [ -92.32159423828125, 30.630031585693374 ], [ -92.320930480957031, 30.630353927612347 ], [ -92.319549560546875, 30.632141113281254 ], [ -92.318359375, 30.632049560546868 ], [ -92.318061828613281, 30.632324218749989 ], [ -92.318359375, 30.633699417114286 ], [ -92.315818786621094, 30.63518905639652 ], [ -92.314704895019531, 30.635463714599624 ], [ -92.314384460449219, 30.636289596557614 ], [ -92.313514709472656, 30.636335372924833 ], [ -92.313377380371094, 30.636610031127926 ], [ -92.313430786132812, 30.636907577514627 ], [ -92.314277648925781, 30.637275695800778 ], [ -92.313697814941406, 30.638719558715817 ], [ -92.314834594726562, 30.639635086059553 ], [ -92.315597534179702, 30.63968276977543 ], [ -92.315635681152344, 30.6407356262207 ], [ -92.317298889160156, 30.642204284668018 ], [ -92.317085266113281, 30.643783569335959 ], [ -92.317352294921875, 30.644311904907184 ], [ -92.317802429199219, 30.644702911376964 ], [ -92.319206237792969, 30.64460945129397 ], [ -92.319686889648438, 30.645252227783221 ], [ -92.321037292480469, 30.645526885986325 ], [ -92.321891784667969, 30.645320892333974 ], [ -92.322395324707031, 30.64543342590331 ], [ -92.3232421875, 30.646007537841772 ], [ -92.32318115234375, 30.647268295288097 ], [ -92.324745178222656, 30.647932052612294 ], [ -92.325042724609389, 30.648574829101541 ], [ -92.325942993164062, 30.649101257324173 ], [ -92.325965881347656, 30.649950027465845 ], [ -92.327873229980469, 30.650293350219727 ], [ -92.327873229980469, 30.651071548461893 ], [ -92.327346801757812, 30.652423858642582 ], [ -92.327476501464844, 30.653112411499006 ], [ -92.328193664550781, 30.653938293457053 ], [ -92.327003479003906, 30.655633926391591 ], [ -92.318222045898452, 30.655931472778345 ], [ -92.318038940429688, 30.657514572143562 ], [ -92.311599731445312, 30.657743453979489 ], [ -92.310089111328139, 30.658727645874038 ], [ -92.309455871582031, 30.658819198608402 ], [ -92.280502319335952, 30.655033111572273 ], [ -92.280502319335952, 30.657854080200199 ], [ -92.281059265136719, 30.659595489501928 ], [ -92.28118896484375, 30.660146713256847 ], [ -92.280609130859375, 30.661590576171861 ], [ -92.280288696289062, 30.661771774291967 ], [ -92.278854370117188, 30.664041519165046 ], [ -92.278640747070312, 30.672613143920927 ], [ -92.283309936523438, 30.674425125122028 ], [ -92.287101745605469, 30.668926239013718 ], [ -92.287551879882812, 30.668880462646452 ], [ -92.29998779296875, 30.67055320739745 ], [ -92.30181884765625, 30.670188903808612 ], [ -92.315231323242202, 30.671884536743207 ], [ -92.317726135253906, 30.671791076660135 ], [ -92.320587158203125, 30.671379089355515 ], [ -92.325706481933594, 30.671632766723636 ], [ -92.327857971191406, 30.671607971191406 ], [ -92.328651428222656, 30.671218872070323 ], [ -92.329231262207031, 30.670280456542997 ], [ -92.329658508300781, 30.668468475341779 ], [ -92.33062744140625, 30.667377471923846 ], [ -92.331985473632812, 30.666978836059577 ], [ -92.33367919921875, 30.667043685913111 ], [ -92.333793640136719, 30.667459487915036 ], [ -92.334266662597656, 30.667825698852511 ], [ -92.336151123046875, 30.6687202453613 ], [ -92.33819580078125, 30.670391082763658 ], [ -92.339569091796875, 30.672615051269535 ], [ -92.339096069335938, 30.67591667175293 ], [ -92.338615417480469, 30.67712974548337 ], [ -92.339118957519531, 30.679719924926758 ], [ -92.337905883789062, 30.681989669799819 ], [ -92.338272094726562, 30.682929992675835 ], [ -92.33819580078125, 30.683824539184517 ], [ -92.335990905761719, 30.684946060180696 ], [ -92.334030151367188, 30.68673324584962 ], [ -92.333503723144531, 30.687719345092741 ], [ -92.3331298828125, 30.687950134277322 ], [ -92.33209228515625, 30.688316345214822 ], [ -92.33056640625, 30.687965393066396 ], [ -92.329605102539077, 30.688226699829084 ], [ -92.328758239746094, 30.688776016235359 ], [ -92.326980590820312, 30.690471649169897 ], [ -92.3248291015625, 30.691089630126982 ], [ -92.324165344238281, 30.692121505737322 ], [ -92.324089050292969, 30.692810058593786 ], [ -92.325736999511719, 30.694620132446271 ], [ -92.32769775390625, 30.694665908813491 ], [ -92.330551147460952, 30.695379257202184 ], [ -92.333160400390625, 30.696567535400391 ], [ -92.334304809570312, 30.697324752807582 ], [ -92.33451080322267, 30.698104858398416 ], [ -92.335517883300781, 30.698423385620096 ], [ -92.336715698242188, 30.699775695800799 ], [ -92.338676452636719, 30.70005035400392 ], [ -92.339118957519531, 30.700496673584002 ], [ -92.330535888671875, 30.700685501098601 ], [ -92.321647644042969, 30.700923919677759 ], [ -92.314651489257812, 30.701015472412106 ], [ -92.31182861328125, 30.700004577636708 ], [ -92.311203002929688, 30.699777603149407 ], [ -92.309562683105469, 30.699089050292962 ], [ -92.300300598144531, 30.695613861083974 ], [ -92.2958984375, 30.694000244140625 ], [ -92.291862487792969, 30.69425201416016 ], [ -92.290168762207031, 30.694412231445334 ], [ -92.289192199707031, 30.694137573242166 ], [ -92.28033447265625, 30.690790176391591 ], [ -92.2786865234375, 30.690191268920877 ], [ -92.275184631347656, 30.697067260742195 ], [ -92.27459716796875, 30.698625564575206 ], [ -92.274131774902344, 30.699216842651389 ], [ -92.273223876953125, 30.698902130126946 ], [ -92.27423095703125, 30.696723937988313 ], [ -92.271530151367202, 30.695873260498036 ], [ -92.267448425292969, 30.694593429565415 ], [ -92.267158508300781, 30.695251464843754 ], [ -92.2666015625, 30.695062637329105 ], [ -92.266166687011719, 30.69592475891109 ], [ -92.265281677246094, 30.695627212524414 ], [ -92.265914916992202, 30.694059371948242 ], [ -92.264793395996094, 30.693693161010732 ], [ -92.267021179199219, 30.689502716064446 ], [ -92.268699645996094, 30.685972213745128 ], [ -92.265693664550781, 30.684780120849585 ], [ -92.265617370605469, 30.684740066528327 ], [ -92.264602661132812, 30.684272766113292 ], [ -92.261802673339844, 30.683103561401371 ], [ -92.25, 30.677818298339837 ], [ -92.240684509277344, 30.677902221679673 ], [ -92.240669250488281, 30.678869247436491 ], [ -92.243324279785156, 30.678869247436491 ], [ -92.243309020996094, 30.678647994995089 ], [ -92.243949890136719, 30.678703308105476 ], [ -92.243949890136719, 30.678949356079144 ], [ -92.2457275390625, 30.679023742675795 ], [ -92.2457275390625, 30.678571701049794 ], [ -92.249710083007812, 30.678611755371119 ], [ -92.250175476074219, 30.678705215454112 ], [ -92.25009918212892, 30.680334091186527 ], [ -92.251571655273438, 30.680433273315447 ], [ -92.251609802246094, 30.679576873779251 ], [ -92.252159118652344, 30.679813385009762 ], [ -92.251022338867188, 30.685276031494141 ], [ -92.251113891601562, 30.689174652099563 ], [ -92.250404357910156, 30.692359924316431 ], [ -92.2503662109375, 30.695131301879883 ], [ -92.249649047851562, 30.695913314819347 ], [ -92.249603271484375, 30.699838638305671 ], [ -92.26104736328125, 30.699743270874013 ], [ -92.26104736328125, 30.703502655029276 ], [ -92.258918762207031, 30.708774566650401 ], [ -92.280776977539062, 30.71593284606935 ], [ -92.281806945800781, 30.7173767089844 ], [ -92.286720275878906, 30.717332839965817 ], [ -92.287910461425781, 30.7206325531006 ], [ -92.28790283203125, 30.729661941528303 ], [ -92.283760070800781, 30.753013610839847 ], [ -92.282569885253906, 30.75803375244142 ], [ -92.282432556152344, 30.759109497070305 ], [ -92.282913208007827, 30.759843826293949 ], [ -92.284080505371094, 30.759431838989268 ], [ -92.284446716308594, 30.759706497192397 ], [ -92.287666320800781, 30.759708404541009 ], [ -92.288055419921889, 30.760211944580075 ], [ -92.288375854492188, 30.760257720947283 ], [ -92.288612365722656, 30.759754180908196 ], [ -92.289886474609375, 30.759845733642607 ], [ -92.29071044921875, 30.759662628173842 ], [ -92.291397094726562, 30.758998870849634 ], [ -92.292564392089844, 30.758447647094766 ], [ -92.292922973632812, 30.757873535156289 ], [ -92.293548583984375, 30.757738113403359 ], [ -92.293632507324219, 30.757486343383782 ], [ -92.294593811035156, 30.757621765136737 ], [ -92.294960021972656, 30.756958007812518 ], [ -92.296180725097656, 30.756294250488288 ], [ -92.297615051269531, 30.756385803222699 ], [ -92.299285888671875, 30.755378723144528 ], [ -92.299949645996094, 30.755559921264634 ], [ -92.300422668457031, 30.755285263061474 ], [ -92.301513671875, 30.75521659851076 ], [ -92.302841186523438, 30.754804611206033 ], [ -92.30352783203125, 30.755033493041996 ], [ -92.304084777832045, 30.754711151123061 ], [ -92.3045654296875, 30.755010604858388 ], [ -92.306427001953125, 30.754484176635728 ], [ -92.307350158691406, 30.753866195678718 ], [ -92.307373046875, 30.753337860107457 ], [ -92.308334350585938, 30.751390457153345 ], [ -92.308387756347656, 30.751045227050792 ], [ -92.3076171875, 30.750701904296854 ], [ -92.307914733886733, 30.748275756835898 ], [ -92.307670593261719, 30.74790763854978 ], [ -92.307914733886733, 30.747520446777337 ], [ -92.307777404785156, 30.747083663940408 ], [ -92.308097839355469, 30.746282577514638 ], [ -92.308013916015625, 30.745777130126921 ], [ -92.309661865234375, 30.743919372558576 ], [ -92.311416625976562, 30.743408203125004 ], [ -92.31353759765625, 30.743118286132759 ], [ -92.317382812500014, 30.743270874023448 ], [ -92.317520141601562, 30.742870330810568 ], [ -92.317489624023438, 30.740934371948207 ], [ -92.317916870117188, 30.738306045532212 ], [ -92.317161560058594, 30.735424041748061 ], [ -92.317291259765625, 30.734367370605465 ], [ -92.318328857421889, 30.732351303100621 ], [ -92.321258544921875, 30.728496551513675 ], [ -92.320144653320312, 30.727773666381847 ], [ -92.317962646484375, 30.72714805603027 ], [ -92.316581726074219, 30.727602005004869 ], [ -92.316642761230469, 30.725814819335902 ], [ -92.31756591796875, 30.725379943847674 ], [ -92.317649841308594, 30.721963882446257 ], [ -92.321784973144531, 30.721986770629883 ], [ -92.330337524414062, 30.722158432006822 ], [ -92.330406188964844, 30.723131179809574 ], [ -92.330909729003906, 30.723613739013675 ], [ -92.33099365234375, 30.725080490112283 ], [ -92.331413269042969, 30.725881576538079 ], [ -92.331787109375, 30.726226806640653 ], [ -92.332740783691406, 30.726455688476531 ], [ -92.333694458007812, 30.727371215820298 ], [ -92.335426330566406, 30.729869842529293 ], [ -92.335952758789062, 30.73032760620119 ], [ -92.337303161621094, 30.730831146240188 ], [ -92.338310241699219, 30.731794357299766 ], [ -92.339859008789062, 30.732755661010792 ], [ -92.342109680175781, 30.733352661132855 ], [ -92.343040466308594, 30.732000350952127 ], [ -92.34521484375, 30.732915878295934 ], [ -92.354736328125014, 30.731309890747092 ], [ -92.3583984375, 30.732545852661161 ], [ -92.360099792480469, 30.732589721679705 ], [ -92.362617492675781, 30.731649398803732 ], [ -92.363807678222656, 30.730869293212841 ], [ -92.365135192871094, 30.730962753295881 ], [ -92.365585327148438, 30.730663299560554 ], [ -92.369674682617188, 30.732105255126928 ], [ -92.370071411132812, 30.736644744873086 ], [ -92.3712158203125, 30.738866806030281 ], [ -92.371932983398438, 30.741523742675803 ], [ -92.368064880371094, 30.743267059326161 ], [ -92.36737060546875, 30.743864059448253 ], [ -92.366523742675781, 30.745882034301715 ], [ -92.366607666015625, 30.748792648315433 ], [ -92.366737365722656, 30.749206542968729 ], [ -92.367294311523438, 30.749593734741211 ], [ -92.370018005371094, 30.75 ], [ -92.372764587402344, 30.751649856567404 ], [ -92.37579345703125, 30.752828598022447 ], [ -92.377021789550781, 30.753459930419947 ], [ -92.378189086914077, 30.754928588867184 ], [ -92.378158569335938, 30.755546569824205 ], [ -92.378982543945312, 30.756875991821275 ], [ -92.378799438476562, 30.759351730346655 ], [ -92.379043579101562, 30.760246276855462 ], [ -92.381233215332031, 30.762178421020511 ], [ -92.381233215332031, 30.762399673461871 ], [ -92.380783081054688, 30.763523101806644 ], [ -92.380783081054688, 30.764303207397436 ], [ -92.380256652832031, 30.764669418334957 ], [ -92.380569458007812, 30.767282485961935 ], [ -92.380332946777344, 30.767763137817401 ], [ -92.37982177734375, 30.768083572387656 ], [ -92.378768920898438, 30.768314361572319 ], [ -92.378715515136719, 30.768655776977546 ], [ -92.378150939941406, 30.769138336181641 ], [ -92.377861022949219, 30.770259857177756 ], [ -92.377891540527344, 30.771223068237294 ], [ -92.378814697265625, 30.771888732910142 ], [ -92.378753662109375, 30.773143768310536 ], [ -92.378791809082045, 30.774707794189446 ], [ -92.378311157226562, 30.774982452392599 ], [ -92.378311157226562, 30.77555656433103 ], [ -92.3778076171875, 30.775669097900362 ], [ -92.378074645996094, 30.776357650756871 ], [ -92.377532958984375, 30.776792526245139 ], [ -92.377532958984375, 30.777067184448239 ], [ -92.377693176269531, 30.77787017822261 ], [ -92.378547668457031, 30.778535842895515 ], [ -92.378837585449219, 30.779682159423828 ], [ -92.379447937011719, 30.780208587646467 ], [ -92.380294799804688, 30.780370712280252 ], [ -92.380752563476562, 30.781194686889613 ], [ -92.381919860839844, 30.78153991699217 ], [ -92.382789611816406, 30.782182693481445 ], [ -92.383430480957031, 30.78208923339843 ], [ -92.383880615234375, 30.782320022582994 ], [ -92.384597778320312, 30.783672332763704 ], [ -92.385284423828125, 30.783649444580085 ], [ -92.38531494140625, 30.783351898193356 ], [ -92.385894775390625, 30.783580780029308 ], [ -92.386108398437514, 30.784200668334933 ], [ -92.38690185546875, 30.784910202026396 ], [ -92.386878967285156, 30.785551071167006 ], [ -92.387489318847656, 30.786148071289094 ], [ -92.387123107910156, 30.787935256958047 ], [ -92.387275695800781, 30.788507461547859 ], [ -92.386100769042969, 30.789539337158224 ], [ -92.386001586914062, 30.790983200073207 ], [ -92.385627746582031, 30.791761398315426 ], [ -92.3858642578125, 30.792907714843786 ], [ -92.387802124023438, 30.79490470886229 ], [ -92.388999938964844, 30.797082901000966 ], [ -92.388648986816406, 30.798572540283217 ], [ -92.388786315917969, 30.79997062683104 ], [ -92.3880615234375, 30.802146911621108 ], [ -92.3883056640625, 30.80381584167483 ], [ -92.387901306152344, 30.805217742919933 ], [ -92.387954711914062, 30.807165145874027 ], [ -92.388778686523438, 30.809274673461903 ], [ -92.388801574707031, 30.810787200927749 ], [ -92.38848876953125, 30.811016082763626 ], [ -92.388481140136719, 30.812551498413118 ], [ -92.387771606445312, 30.812711715698281 ], [ -92.387451171875, 30.81307792663571 ], [ -92.387260437011719, 30.814453125 ], [ -92.386810302734375, 30.81502532958984 ], [ -92.387069702148438, 30.81550788879397 ], [ -92.386970520019531, 30.816196441650366 ], [ -92.38616943359375, 30.816539764404311 ], [ -92.385902404785156, 30.817089080810593 ], [ -92.3878173828125, 30.817409515380884 ], [ -92.388717651367188, 30.818374633789098 ], [ -92.389724731445312, 30.818717956542947 ], [ -92.391693115234375, 30.818969726562493 ], [ -92.391532897949219, 30.819406509399382 ], [ -92.391876220703125, 30.820116043090842 ], [ -92.391693115234375, 30.820299148559592 ], [ -92.389167785644531, 30.82048225402831 ], [ -92.388374328613281, 30.820804595947244 ], [ -92.384574890136719, 30.821214675903335 ], [ -92.383140563964844, 30.821008682250977 ], [ -92.380378723144531, 30.822450637817408 ], [ -92.381301879882812, 30.823688507080039 ], [ -92.381278991699219, 30.824468612670923 ], [ -92.380638122558594, 30.824972152709925 ], [ -92.380722045898438, 30.8255214691162 ], [ -92.379974365234375, 30.82561111450196 ], [ -92.379974365234375, 30.826002120971662 ], [ -92.380455017089844, 30.826414108276346 ], [ -92.380455017089844, 30.826690673828104 ], [ -92.379898071289062, 30.826782226562489 ], [ -92.379341125488281, 30.827766418457035 ], [ -92.379470825195312, 30.828340530395486 ], [ -92.378570556640625, 30.829118728637681 ], [ -92.378570556640625, 30.829599380493175 ], [ -92.379096984863281, 30.829921722412124 ], [ -92.378913879394531, 30.831043243408175 ], [ -92.379074096679688, 30.831319808959996 ], [ -92.378730773925781, 30.832052230835021 ], [ -92.379310607910156, 30.832374572753952 ], [ -92.379394531250014, 30.833612442016605 ], [ -92.379119873046875, 30.834503173828111 ], [ -92.379417419433594, 30.834964752197269 ], [ -92.379096984863281, 30.835329055786115 ], [ -92.379074096679688, 30.835926055908168 ], [ -92.378456115722656, 30.836107254028349 ], [ -92.378433227539062, 30.836338043212862 ], [ -92.378692626953125, 30.836614608764666 ], [ -92.378776550292969, 30.837369918823253 ], [ -92.378593444824219, 30.838445663452134 ], [ -92.378753662109375, 30.839569091796868 ], [ -92.379890441894531, 30.840190887451232 ], [ -92.379920959472656, 30.840534210205089 ], [ -92.380447387695312, 30.841083526611346 ], [ -92.381111145019531, 30.841386795043984 ], [ -92.384101867675781, 30.841766357421868 ], [ -92.385086059570312, 30.842227935791023 ], [ -92.387313842773438, 30.842428207397447 ], [ -92.38916015625, 30.842853546142585 ], [ -92.389556884765625, 30.843149185180639 ], [ -92.3895263671875, 30.847801208496119 ], [ -92.389633178710938, 30.850828170776335 ], [ -92.398422241210938, 30.850740432739315 ], [ -92.398536682128906, 30.847759246826179 ], [ -92.40655517578125, 30.847740173339865 ], [ -92.406822204589844, 30.847648620605469 ], [ -92.406829833984375, 30.846120834350614 ], [ -92.407341003417969, 30.846534729003913 ], [ -92.407730102539062, 30.846485137939457 ], [ -92.408523559570312, 30.847175598144549 ], [ -92.409553527832031, 30.847356796264641 ], [ -92.410926818847656, 30.847248077392599 ], [ -92.412399291992188, 30.846494674682631 ], [ -92.413955688476562, 30.846088409423832 ], [ -92.414634704589844, 30.846138000488246 ], [ -92.416610717773438, 30.845031738281261 ], [ -92.417816162109375, 30.844818115234336 ], [ -92.417427062988281, 30.847877502441374 ], [ -92.417388916015625, 30.848154067993153 ], [ -92.423858642578125, 30.848091125488274 ], [ -92.431610107421875, 30.847902297973668 ], [ -92.4326171875, 30.851821899414087 ], [ -92.433860778808594, 30.855169296264645 ], [ -92.434715270996094, 30.855674743652362 ], [ -92.436965942382812, 30.856018066406278 ], [ -92.439254760742202, 30.858310699462908 ], [ -92.439140319824219, 30.860555648803736 ], [ -92.442283630371094, 30.861791610717773 ], [ -92.458992004394531, 30.869789123535103 ], [ -92.458328247070312, 30.871692657470675 ], [ -92.458305358886719, 30.874122619628917 ], [ -92.454879760742188, 30.875558853149411 ], [ -92.45452880859375, 30.876100540161133 ], [ -92.452407836914062, 30.877399444580099 ], [ -92.449569702148438, 30.878177642822255 ], [ -92.446914672851577, 30.877744674682603 ], [ -92.442787170410156, 30.878791809082049 ], [ -92.440902709960938, 30.878900527954123 ], [ -92.44036865234375, 30.880657196044901 ], [ -92.43890380859375, 30.882814407348601 ], [ -92.4366455078125, 30.884122848510707 ], [ -92.434005737304688, 30.884702682495114 ], [ -92.432907104492202, 30.884599685668956 ], [ -92.431800842285156, 30.884899139404311 ], [ -92.432601928710938, 30.888299942016587 ], [ -92.431686401367188, 30.890018463134748 ], [ -92.431701660156264, 30.891500473022418 ], [ -92.432601928710938, 30.891799926757798 ], [ -92.432907104492202, 30.892000198364251 ], [ -92.433601379394531, 30.894199371337901 ], [ -92.438400268554688, 30.900999069213874 ], [ -92.445304870605469, 30.902500152587891 ], [ -92.445907592773438, 30.902900695800778 ], [ -92.451202392578125, 30.911714553832972 ], [ -92.451416015625, 30.912357330322276 ], [ -92.451202392578125, 30.913284301757805 ], [ -92.451797485351562, 30.914699554443374 ], [ -92.450653076171875, 30.915695190429624 ], [ -92.450698852539062, 30.916057586669961 ], [ -92.44927978515625, 30.919403076171857 ], [ -92.449905395507827, 30.920816421508803 ], [ -92.448120117187514, 30.92266845703125 ], [ -92.447906494140625, 30.922298431396506 ], [ -92.4461669921875, 30.922203063964847 ], [ -92.446304321289062, 30.921936035156236 ], [ -92.445877075195312, 30.921918869018516 ], [ -92.445053100585938, 30.923095703125011 ], [ -92.444107055664062, 30.923671722412131 ], [ -92.44378662109375, 30.92464828491207 ], [ -92.443275451660156, 30.92500305175782 ], [ -92.443283081054688, 30.925294876098668 ], [ -92.442886352539062, 30.925270080566431 ], [ -92.442657470703125, 30.925630569458036 ], [ -92.442672729492188, 30.92645072937016 ], [ -92.443374633789062, 30.927532196044929 ], [ -92.443443298339844, 30.928216934204123 ], [ -92.442977905273438, 30.928272247314439 ], [ -92.4427490234375, 30.928628921508778 ], [ -92.443191528320327, 30.928943634033192 ], [ -92.442703247070312, 30.929166793823271 ], [ -92.4427490234375, 30.92963027954103 ], [ -92.441299438476562, 30.929897308349602 ], [ -92.44085693359375, 30.929603576660121 ], [ -92.43949127197267, 30.930042266845732 ], [ -92.438583374023438, 30.930782318115241 ], [ -92.438919067382812, 30.931774139404293 ], [ -92.43853759765625, 30.932483673095692 ], [ -92.437637329101562, 30.933143615722642 ], [ -92.436996459960938, 30.932899475097635 ], [ -92.436294555664062, 30.934181213378913 ], [ -92.432907104492202, 30.936977386474585 ], [ -92.432357788085938, 30.9394836425781 ], [ -92.431503295898438, 30.939933776855462 ], [ -92.429306030273438, 30.942499160766619 ], [ -92.42340087890625, 30.941799163818374 ], [ -92.42620849609375, 30.94569015502929 ], [ -92.426925659179702, 30.949060440063487 ], [ -92.42669677734375, 30.950019836425788 ], [ -92.425491333007812, 30.950645446777365 ], [ -92.425300598144531, 30.951000213623061 ], [ -92.425399780273438, 30.951799392700185 ], [ -92.426307678222656, 30.952495574951193 ], [ -92.4267578125, 30.953172683715856 ], [ -92.428680419921875, 30.95356369018559 ], [ -92.429603576660156, 30.954000473022433 ], [ -92.43109130859375, 30.953315734863239 ], [ -92.432197570800795, 30.953300476074212 ], [ -92.432632446289062, 30.952999114990217 ], [ -92.43267822265625, 30.951940536499006 ], [ -92.433403015136719, 30.951400756835948 ], [ -92.4365234375, 30.951984405517603 ], [ -92.44061279296875, 30.954450607299769 ], [ -92.442611694335952, 30.954561233520533 ], [ -92.443832397460938, 30.954051971435515 ], [ -92.444602966308594, 30.953302383422837 ], [ -92.444625854492188, 30.952386856079087 ], [ -92.445907592773438, 30.953500747680692 ], [ -92.447669982910156, 30.957056045532237 ], [ -92.45050048828125, 30.963943481445341 ], [ -92.451515197753906, 30.963191986083956 ], [ -92.4520263671875, 30.962013244628924 ], [ -92.453628540039077, 30.96022033691407 ], [ -92.456329345703125, 30.957794189453157 ], [ -92.458702087402344, 30.956399917602543 ], [ -92.45953369140625, 30.955564498901357 ], [ -92.460449218750014, 30.955392837524389 ], [ -92.465843200683594, 30.957099914550763 ], [ -92.469001770019531, 30.957599639892571 ], [ -92.46923828125, 30.957382202148455 ], [ -92.46917724609375, 30.956060409545898 ], [ -92.469863891601562, 30.953996658325202 ], [ -92.471817016601562, 30.952810287475547 ], [ -92.472885131835952, 30.951763153076172 ], [ -92.474990844726562, 30.950962066650352 ], [ -92.47705078125, 30.951042175292965 ], [ -92.478996276855483, 30.952199935913061 ], [ -92.480194091796875, 30.952079772949215 ], [ -92.480491638183594, 30.949928283691417 ], [ -92.481399536132812, 30.948808670043967 ], [ -92.481582641601562, 30.945194244384759 ], [ -92.482162475585938, 30.944557189941357 ], [ -92.481903076171875, 30.943752288818324 ], [ -92.482315063476562, 30.942956924438477 ], [ -92.482307434082031, 30.941232681274432 ], [ -92.481483459472656, 30.940370559692361 ], [ -92.482437133789062, 30.938642501831076 ], [ -92.48193359375, 30.936241149902333 ], [ -92.482284545898438, 30.935283660888654 ], [ -92.480728149414062, 30.931461334228516 ], [ -92.481101989746094, 30.930200576782273 ], [ -92.480438232421889, 30.929462432861278 ], [ -92.48052978515625, 30.928413391113292 ], [ -92.47998046875, 30.927650451660149 ], [ -92.47991943359375, 30.926652908325174 ], [ -92.478843688964844, 30.924652099609389 ], [ -92.479644775390625, 30.923927307128924 ], [ -92.479705810546889, 30.923500061035146 ], [ -92.481277465820327, 30.923091888427724 ], [ -92.48052978515625, 30.921501159667997 ], [ -92.480926513671875, 30.920295715332038 ], [ -92.480300903320312, 30.919933319091808 ], [ -92.480575561523438, 30.919374465942379 ], [ -92.482070922851562, 30.918964385986317 ], [ -92.48150634765625, 30.91837882995608 ], [ -92.48046875, 30.918685913085909 ], [ -92.480224609375, 30.91775131225587 ], [ -92.480712890625, 30.917890548706037 ], [ -92.48248291015625, 30.91679763793945 ], [ -92.482223510742202, 30.91551971435544 ], [ -92.482879638671875, 30.914886474609428 ], [ -92.482284545898438, 30.914608001708945 ], [ -92.482307434082031, 30.913799285888661 ], [ -92.484207153320312, 30.912361145019506 ], [ -92.484588623046875, 30.912445068359379 ], [ -92.486724853515625, 30.911182403564428 ], [ -92.4873046875, 30.909431457519535 ], [ -92.48712158203125, 30.908924102783242 ], [ -92.487907409667969, 30.908241271972631 ], [ -92.488098144531264, 30.907733917236332 ], [ -92.488525390625, 30.908039093017585 ], [ -92.489608764648438, 30.907562255859379 ], [ -92.490547180175781, 30.906501770019496 ], [ -92.493026733398438, 30.905437469482454 ], [ -92.49273681640625, 30.904457092285149 ], [ -92.494033813476562, 30.904724121093761 ], [ -92.494674682617188, 30.904209136962891 ], [ -92.495223999023438, 30.904575347900352 ], [ -92.496871948242188, 30.902772903442383 ], [ -92.4957275390625, 30.902542114257795 ], [ -92.49493408203125, 30.902730941772468 ], [ -92.495376586914062, 30.901302337646491 ], [ -92.495498657226562, 30.902158737182592 ], [ -92.496261596679688, 30.901073455810575 ], [ -92.496917724609375, 30.901863098144524 ], [ -92.498001098632812, 30.901283264160117 ], [ -92.498199462890625, 30.900276184081996 ], [ -92.498916625976562, 30.899543762207053 ], [ -92.500320434570312, 30.899944305419972 ], [ -92.500587463378906, 30.899021148681609 ], [ -92.501075744628906, 30.898824691772468 ], [ -92.501876831054688, 30.899543762207045 ], [ -92.502304077148438, 30.899099349975572 ], [ -92.503784179687514, 30.897891998291023 ], [ -92.504371643066406, 30.898336410522464 ], [ -92.505599975585938, 30.898178100585966 ], [ -92.505279541015625, 30.897499084472653 ], [ -92.506271362304688, 30.897850036621112 ], [ -92.506683349609375, 30.897060394287131 ], [ -92.5072021484375, 30.897346496582053 ], [ -92.509017944335938, 30.895629882812504 ], [ -92.50921630859375, 30.89604187011717 ], [ -92.509536743164062, 30.895622253417962 ], [ -92.510269165039062, 30.896427154541009 ], [ -92.511383056640625, 30.89536476135255 ], [ -92.512756347656264, 30.895256042480494 ], [ -92.513275146484375, 30.895866394042962 ], [ -92.513809204101562, 30.895915985107422 ], [ -92.514022827148438, 30.895032882690426 ], [ -92.51483154296875, 30.895082473754865 ], [ -92.515335083007812, 30.89446449279783 ], [ -92.515945434570312, 30.89479827880859 ], [ -92.517875671386719, 30.894676208496037 ], [ -92.518875122070312, 30.892925262451161 ], [ -92.519454956054688, 30.892951965331999 ], [ -92.519203186035156, 30.893646240234371 ], [ -92.520980834960938, 30.893394470214822 ], [ -92.520919799804688, 30.893932342529315 ], [ -92.521530151367188, 30.894012451171907 ], [ -92.522003173828125, 30.893724441528377 ], [ -92.523475646972656, 30.893547058105462 ], [ -92.523590087890625, 30.894107818603537 ], [ -92.524032592773438, 30.893699645996094 ], [ -92.523956298828125, 30.893056869506836 ], [ -92.5244140625, 30.89350128173826 ], [ -92.524703979492188, 30.893093109130835 ], [ -92.526504516601562, 30.89319992065429 ], [ -92.5257568359375, 30.894586563110359 ], [ -92.526603698730469, 30.896053314209009 ], [ -92.527198791503906, 30.899499893188509 ], [ -92.527969360351577, 30.898746490478523 ], [ -92.530014038085938, 30.898702621459954 ], [ -92.531204223632812, 30.899017333984386 ], [ -92.532180786132812, 30.898605346679716 ], [ -92.535446166992188, 30.898109436035163 ], [ -92.536392211914062, 30.897588729858406 ], [ -92.536758422851562, 30.898740768432614 ], [ -92.537017822265625, 30.89889144897462 ], [ -92.537567138671875, 30.898803710937464 ], [ -92.537933349609375, 30.898483276367205 ], [ -92.538314819335938, 30.897705078125028 ], [ -92.54022216796875, 30.897676467895486 ], [ -92.542312622070312, 30.898582458496076 ], [ -92.542800903320312, 30.898099899291996 ], [ -92.543167114257812, 30.898147583007798 ], [ -92.543838500976562, 30.898782730102536 ], [ -92.545318603515625, 30.899114608764616 ], [ -92.545501708984375, 30.899568557739201 ], [ -92.544631958007812, 30.899883270263704 ], [ -92.544570922851562, 30.900312423706094 ], [ -92.54486083984375, 30.900711059570344 ], [ -92.546920776367188, 30.901334762573221 ], [ -92.547904968261719, 30.902799606323232 ], [ -92.549468994140625, 30.902164459228498 ], [ -92.551651000976562, 30.902410507202145 ], [ -92.552230834960938, 30.90120315551755 ], [ -92.553512573242188, 30.900333404541026 ], [ -92.55413818359375, 30.900089263916055 ], [ -92.554458618164062, 30.900321960449173 ], [ -92.55517578125, 30.900150299072269 ], [ -92.556793212890625, 30.899303436279279 ], [ -92.558837890625, 30.898866653442401 ], [ -92.559417724609375, 30.899013519287092 ], [ -92.55987548828125, 30.898639678955124 ], [ -92.560989379882812, 30.898479461669908 ], [ -92.561569213867188, 30.898139953613313 ], [ -92.560798645019531, 30.897800445556637 ], [ -92.597602844238281, 30.895900726318335 ], [ -92.597305297851562, 30.898799896240206 ], [ -92.661300659179688, 30.899000167846662 ], [ -92.719100952148438, 30.899000167846662 ], [ -92.720306396484375, 30.89730072021483 ], [ -92.720733642578125, 30.896209716796879 ], [ -92.720939636230469, 30.895256042480494 ], [ -92.720901489257812, 30.891700744628928 ], [ -92.749801635742188, 30.892000198364261 ], [ -92.749801635742188, 30.891599655151378 ], [ -92.778999328613281, 30.888999938964865 ], [ -92.806800842285156, 30.889499664306626 ], [ -92.823501586914062, 30.88979911804195 ], [ -92.823501586914062, 30.899599075317358 ], [ -92.823997497558608, 30.910299301147464 ], [ -92.823997497558608, 30.974100112915014 ], [ -92.823905944824219, 30.998300552368178 ], [ -92.823760986328139, 31.010967254638636 ], [ -92.8275146484375, 31.010984420776374 ], [ -92.8280029296875, 31.094299316406268 ], [ -92.828506469726562, 31.102600097656229 ], [ -92.828506469726562, 31.108200073242212 ], [ -92.829002380371094, 31.194700241088853 ], [ -92.8291015625, 31.214700698852493 ], [ -92.829002380371094, 31.229200363159169 ], [ -92.829200744628906, 31.231399536132802 ], [ -92.829200744628906, 31.244100570678668 ], [ -92.82950592041017, 31.252099990844709 ], [ -92.846107482910156, 31.253099441528327 ], [ -92.846199035644531, 31.274000167846673 ], [ -92.862396240234375, 31.2740993499756 ], [ -92.862396240234375, 31.277099609374975 ], [ -92.862396240234375, 31.288499832153331 ], [ -92.87939453125, 31.28843879699707 ], [ -92.87955474853517, 31.310028076171864 ], [ -92.879600524902344, 31.317195892333974 ], [ -92.896484375, 31.317262649536133 ], [ -92.896499633789062, 31.324403762817386 ], [ -92.915412902832031, 31.32437324523924 ], [ -92.930099487304688, 31.32432746887201 ], [ -92.930130004882812, 31.332065582275437 ], [ -92.964324951171875, 31.332067489624048 ], [ -92.964431762695312, 31.339345932006832 ], [ -92.981231689453125, 31.339239120483352 ], [ -92.981300354003906, 31.346467971801786 ], [ -92.982818603515625, 31.348237991333022 ], [ -92.983192443847656, 31.349107742309553 ], [ -92.984634399414062, 31.349313735961903 ], [ -92.984733581542969, 31.350093841552759 ], [ -92.984413146972656, 31.350736618041974 ], [ -92.984825134277344, 31.351034164428725 ], [ -92.984848022460938, 31.351629257202202 ], [ -92.985969543457031, 31.352706909179695 ], [ -92.986961364746094, 31.353210449218775 ], [ -92.987464904785156, 31.354309082031236 ], [ -92.989334106445327, 31.355432510376001 ], [ -92.989654541015625, 31.356418609619134 ], [ -92.989601135253906, 31.357656478881829 ], [ -92.989814758300781, 31.358022689819389 ], [ -92.990539550781264, 31.358249664306669 ], [ -92.991104125976562, 31.35882377624511 ], [ -92.991104125976562, 31.359420776367195 ], [ -92.991767883300781, 31.359878540039059 ], [ -92.991943359375, 31.360298156738299 ], [ -93.007057189941406, 31.360013961792021 ], [ -93.032150268554688, 31.360303878784183 ], [ -93.032142639160156, 31.36412048339843 ], [ -93.135734558105483, 31.364440917968718 ], [ -93.150260925292969, 31.364641189575245 ], [ -93.170730590820312, 31.364568710327163 ], [ -93.205528259277344, 31.364494323730437 ], [ -93.23593902587892, 31.36433029174805 ], [ -93.236129760742188, 31.364324569702127 ], [ -93.25, 31.363908767700135 ], [ -93.325996398925781, 31.364007949829087 ], [ -93.337936401367188, 31.363996505737266 ], [ -93.370223999023438, 31.36401748657228 ], [ -93.377838134765625, 31.363784790039066 ], [ -93.390327453613281, 31.363967895507812 ], [ -93.408256530761719, 31.333915710449215 ], [ -93.434249877929688, 31.29020881652831 ], [ -93.4423828125, 31.276533126831055 ], [ -93.458290100097656, 31.276622772216779 ], [ -93.532096862792983, 31.276895523071296 ], [ -93.532432556152344, 31.276630401611346 ], [ -93.535240173339844, 31.276218414306683 ], [ -93.5352783203125, 31.275821685791012 ], [ -93.534469604492188, 31.275005340576168 ], [ -93.534469604492188, 31.274684906005891 ], [ -93.536041259765625, 31.273067474365252 ], [ -93.53607177734375, 31.272705078124961 ], [ -93.535850524902344, 31.272310256958018 ], [ -93.534698486328125, 31.271711349487319 ], [ -93.534660339355469, 31.270452499389648 ], [ -93.535346984863295, 31.269813537597678 ], [ -93.536689758300781, 31.269216537475611 ], [ -93.537101745605469, 31.268819808959982 ], [ -93.537109375, 31.268400192260717 ], [ -93.535888671875, 31.267099380493146 ], [ -93.535789489746094, 31.265233993530284 ], [ -93.53533935546875, 31.264587402343757 ], [ -93.53546142578125, 31.262237548828111 ], [ -93.534774780273438, 31.2608737945557 ], [ -93.534858703613281, 31.260374069213874 ], [ -93.535217285156264, 31.260147094726523 ], [ -93.536399841308594, 31.260164260864251 ], [ -93.536705017089844, 31.259275436401413 ], [ -93.538169860839844, 31.259468078613317 ], [ -93.538505554199219, 31.259193420410107 ], [ -93.538566589355469, 31.258024215698242 ], [ -93.539222717285156, 31.257144927978533 ], [ -93.538963317871094, 31.256771087646516 ], [ -93.537712097167969, 31.256086349487283 ], [ -93.537216186523438, 31.254550933837894 ], [ -93.535888671875, 31.253356933593739 ], [ -93.535713195800781, 31.252531051635767 ], [ -93.537841796875014, 31.251529693603509 ], [ -93.541534423828125, 31.249343872070327 ], [ -93.5419921875, 31.248714447021477 ], [ -93.541557312011719, 31.248180389404304 ], [ -93.541610717773438, 31.247850418090842 ], [ -93.542343139648438, 31.247190475463871 ], [ -93.5439453125, 31.247501373291037 ], [ -93.544181823730469, 31.247268676757862 ], [ -93.544204711914062, 31.246847152709968 ], [ -93.543647766113281, 31.246217727661136 ], [ -93.543571472167969, 31.245748519897464 ], [ -93.544288635253906, 31.244306564331033 ], [ -93.544044494628906, 31.243152618408196 ], [ -93.54522705078125, 31.243074417114254 ], [ -93.548133850097656, 31.241653442382791 ], [ -93.551200866699219, 31.24098396301267 ], [ -93.551925659179688, 31.241140365600607 ], [ -93.553993225097656, 31.240659713745103 ], [ -93.555427551269531, 31.241495132446342 ], [ -93.555946350097656, 31.241222381591786 ], [ -93.556159973144531, 31.240118026733349 ], [ -93.555503845214844, 31.240116119384744 ], [ -93.554458618164062, 31.239540100097656 ], [ -93.554290771484375, 31.238878250122038 ], [ -93.554664611816406, 31.237764358520518 ], [ -93.553459167480469, 31.237485885620089 ], [ -93.552642822265625, 31.238178253173878 ], [ -93.552108764648452, 31.238056182861349 ], [ -93.552330017089844, 31.236692428588842 ], [ -93.5518798828125, 31.236085891723619 ], [ -93.551963806152344, 31.235641479492191 ], [ -93.553131103515625, 31.234016418457003 ], [ -93.552978515625, 31.233724594116232 ], [ -93.551582336425781, 31.233671188354492 ], [ -93.551216125488281, 31.233324050903338 ], [ -93.550857543945312, 31.230804443359364 ], [ -93.549995422363281, 31.229534149169904 ], [ -93.550765991210938, 31.227865219116232 ], [ -93.550445556640625, 31.227640151977557 ], [ -93.546775817871094, 31.228662490844712 ], [ -93.546043395996094, 31.229433059692358 ], [ -93.544815063476562, 31.229658126831044 ], [ -93.541564941406264, 31.226991653442386 ], [ -93.541564941406264, 31.226377487182607 ], [ -93.54180908203125, 31.226202011108398 ], [ -93.544273376464844, 31.225902557373068 ], [ -93.54473876953125, 31.225435256958058 ], [ -93.544685363769545, 31.224401473999009 ], [ -93.544120788574219, 31.222988128662127 ], [ -93.544700622558594, 31.222133636474624 ], [ -93.545722961425781, 31.221683502197248 ], [ -93.547492980957031, 31.221559524536168 ], [ -93.5494384765625, 31.220039367675771 ], [ -93.549903869628906, 31.219114303588881 ], [ -93.548812866210938, 31.217302322387706 ], [ -93.548927307128906, 31.21639060974119 ], [ -93.549346923828125, 31.215875625610369 ], [ -93.551101684570312, 31.215242385864258 ], [ -93.551353454589844, 31.214702606201151 ], [ -93.551071166992188, 31.214290618896481 ], [ -93.548881530761719, 31.21285629272462 ], [ -93.548759460449219, 31.212305068969734 ], [ -93.549308776855469, 31.210838317871108 ], [ -93.549110412597656, 31.209594726562525 ], [ -93.547645568847656, 31.208879470825206 ], [ -93.546836853027358, 31.206907272338878 ], [ -93.544662475585938, 31.203695297241275 ], [ -93.544380187988281, 31.202922821044901 ], [ -93.544525146484375, 31.202560424804666 ], [ -93.546401977539062, 31.201063156127898 ], [ -93.546775817871094, 31.199878692626971 ], [ -93.546875, 31.198352813720657 ], [ -93.54730224609375, 31.197465896606445 ], [ -93.549697875976577, 31.197479248046854 ], [ -93.549797058105469, 31.197320938110359 ], [ -93.550003051757812, 31.194309234619148 ], [ -93.550895690917969, 31.192947387695291 ], [ -93.551223754882812, 31.190219879150433 ], [ -93.551826477050781, 31.189483642578121 ], [ -93.554290771484375, 31.188293457031254 ], [ -93.554824829101562, 31.187814712524393 ], [ -93.554824829101562, 31.187217712402322 ], [ -93.553009033203125, 31.186094284057642 ], [ -93.552490234375, 31.185405731201161 ], [ -93.558944702148438, 31.183057785034173 ], [ -93.560768127441406, 31.182296752929691 ], [ -93.563835144042983, 31.180131912231456 ], [ -93.569389343261719, 31.177387237548796 ], [ -93.570579528808594, 31.176456451416012 ], [ -93.572662353515625, 31.174360275268576 ], [ -93.577011108398438, 31.16838455200196 ], [ -93.577995300292969, 31.167667388915994 ], [ -93.57904052734375, 31.167234420776374 ], [ -93.583381652832031, 31.16667938232418 ], [ -93.587409973144531, 31.165390014648448 ], [ -93.588325500488281, 31.165393829345732 ], [ -93.588943481445312, 31.165702819824194 ], [ -93.599411010742188, 31.175155639648448 ], [ -93.600479125976562, 31.176731109619155 ], [ -93.602272033691406, 31.1823539733887 ], [ -93.601417541503906, 31.187324523925817 ], [ -93.601768493652358, 31.192699432373036 ], [ -93.601631164550781, 31.198495864868168 ], [ -93.601806640625, 31.199724197387727 ], [ -93.606346130371094, 31.203567504882798 ], [ -93.606842041015625, 31.204086303710973 ], [ -93.607109069824219, 31.205215454101541 ], [ -93.604812622070312, 31.20786666870114 ], [ -93.603370666503906, 31.210485458374038 ], [ -93.603210449218764, 31.211156845092809 ], [ -93.6036376953125, 31.213973999023519 ], [ -93.603622436523438, 31.215627670288093 ], [ -93.603317260742188, 31.216524124145472 ], [ -93.60296630859375, 31.216869354248033 ], [ -93.595504760742188, 31.219612121582006 ], [ -93.595077514648452, 31.220127105712869 ], [ -93.594795227050781, 31.221128463745114 ], [ -93.595130920410156, 31.221630096435529 ], [ -93.59857177734375, 31.223663330078139 ], [ -93.599174499511719, 31.224763870239233 ], [ -93.596084594726562, 31.228670120239304 ], [ -93.596336364746094, 31.229873657226516 ], [ -93.597221374511719, 31.230804443359364 ], [ -93.598213195800781, 31.23091125488282 ], [ -93.601478576660156, 31.229337692260749 ], [ -93.606857299804688, 31.227735519409208 ], [ -93.607986450195312, 31.227649688720728 ], [ -93.608566284179688, 31.227827072143594 ], [ -93.609596252441406, 31.22890472412109 ], [ -93.610527038574233, 31.231966018676719 ], [ -93.612312316894545, 31.232503890991183 ], [ -93.616294860839844, 31.231794357299798 ], [ -93.617301940917969, 31.231950759887685 ], [ -93.617927551269531, 31.232500076293928 ], [ -93.618080139160156, 31.232919692993136 ], [ -93.616096496582031, 31.236652374267564 ], [ -93.616035461425795, 31.237361907959002 ], [ -93.616920471191406, 31.240020751953118 ], [ -93.616935729980469, 31.240819931030298 ], [ -93.616912841796875, 31.241649627685536 ], [ -93.616081237792969, 31.243892669677706 ], [ -93.616134643554688, 31.244409561157234 ], [ -93.617561340332031, 31.24555778503418 ], [ -93.619949340820312, 31.246768951415998 ], [ -93.62115478515625, 31.247915267944389 ], [ -93.62158203125, 31.248941421508754 ], [ -93.621025085449219, 31.249458312988274 ], [ -93.614112854003906, 31.251445770263665 ], [ -93.61376953125, 31.252674102783217 ], [ -93.615226745605469, 31.253982543945284 ], [ -93.615463256835938, 31.254941940307631 ], [ -93.615257263183594, 31.255935668945327 ], [ -93.61376953125, 31.259189605712901 ], [ -93.614227294921889, 31.260683059692369 ], [ -93.615165710449219, 31.261678695678754 ], [ -93.617820739746108, 31.263185501098619 ], [ -93.6197509765625, 31.264993667602575 ], [ -93.619987487792969, 31.266147613525398 ], [ -93.619857788085938, 31.270233154296868 ], [ -93.620170593261719, 31.270839691162067 ], [ -93.620658874511719, 31.271114349365249 ], [ -93.622642517089844, 31.27115440368657 ], [ -93.628471374511733, 31.270303726196303 ], [ -93.634994506835938, 31.269794464111342 ], [ -93.639518737792969, 31.268978118896499 ], [ -93.641204833984375, 31.268972396850589 ], [ -93.642333984375, 31.269323348999023 ], [ -93.643287658691406, 31.270215988159155 ], [ -93.643753051757812, 31.271045684814457 ], [ -93.644058227539062, 31.276428222656211 ], [ -93.644454956054688, 31.277580261230455 ], [ -93.646873474121094, 31.280975341796893 ], [ -93.647590637207031, 31.282749176025426 ], [ -93.648475646972656, 31.28404617309571 ], [ -93.649864196777344, 31.284492492675792 ], [ -93.65097808837892, 31.284301757812486 ], [ -93.654922485351562, 31.282672882080107 ], [ -93.656822204589844, 31.28155136108396 ], [ -93.658500671386719, 31.281440734863274 ], [ -93.659103393554688, 31.281921386718714 ], [ -93.661712646484375, 31.28637313842771 ], [ -93.663917541503906, 31.289545059204112 ], [ -93.665412902832031, 31.292518615722692 ], [ -93.666877746582031, 31.29419708251951 ], [ -93.6680908203125, 31.29589080810554 ], [ -93.668754577636719, 31.297792434692397 ], [ -93.669631958007812, 31.298505783081072 ], [ -93.671493530273438, 31.299402236938477 ], [ -93.675262451171875, 31.300855636596694 ], [ -93.680267333984375, 31.301408767700224 ], [ -93.682662963867188, 31.301254272460955 ], [ -93.683860778808594, 31.301588058471697 ], [ -93.686042785644531, 31.303806304931626 ], [ -93.687095642089844, 31.305883407592788 ], [ -93.687721252441406, 31.308359146118192 ], [ -93.687675476074219, 31.309652328491222 ], [ -93.687339782714844, 31.310630798339812 ], [ -93.686378479003906, 31.311948776245107 ], [ -93.683799743652344, 31.314437866210948 ], [ -93.683296203613295, 31.317926406860348 ], [ -93.682762145996094, 31.318815231323256 ], [ -93.68198394775392, 31.319440841674815 ], [ -93.68048095703125, 31.320158004760788 ], [ -93.678070068359375, 31.320569992065433 ], [ -93.67608642578125, 31.321168899536108 ], [ -93.675163269042983, 31.321849822998047 ], [ -93.673652648925781, 31.323671340942379 ], [ -93.673309326171875, 31.324916839599616 ], [ -93.673774719238281, 31.32600402832033 ], [ -93.676788330078125, 31.329429626464833 ], [ -93.677093505859375, 31.330299377441413 ], [ -93.676361083984375, 31.331272125244137 ], [ -93.67437744140625, 31.332458496093764 ], [ -93.672660827636719, 31.334096908569371 ], [ -93.668846130371094, 31.338645935058601 ], [ -93.668624877929688, 31.339326858520501 ], [ -93.668525695800781, 31.34375572204592 ], [ -93.669364929199219, 31.350387573242166 ], [ -93.669235229492188, 31.351148605346715 ], [ -93.668266296386719, 31.35283088684082 ], [ -93.667213439941406, 31.353317260742212 ], [ -93.65765380859375, 31.355438232421914 ], [ -93.652725219726562, 31.356933593749979 ], [ -93.6474609375, 31.357915878295909 ], [ -93.64569091796875, 31.358825683593743 ], [ -93.64471435546875, 31.35999107360837 ], [ -93.644798278808594, 31.362783432006868 ], [ -93.644599914550781, 31.363939285278363 ], [ -93.643943786621094, 31.365346908569347 ], [ -93.642265319824219, 31.366516113281204 ], [ -93.640975952148438, 31.367988586425771 ], [ -93.639076232910156, 31.371353149414084 ], [ -93.63916015625, 31.372249603271506 ], [ -93.639373779296875, 31.372409820556651 ], [ -93.641204833984375, 31.372274398803714 ], [ -93.64312744140625, 31.370782852172848 ], [ -93.643928527832031, 31.370464324951158 ], [ -93.64703369140625, 31.370927810668967 ], [ -93.648078918457031, 31.370674133300774 ], [ -93.651847839355469, 31.368825912475579 ], [ -93.658164978027358, 31.366664886474599 ], [ -93.661422729492188, 31.366312026977578 ], [ -93.667098999023438, 31.365232467651371 ], [ -93.66888427734375, 31.36524772644043 ], [ -93.669929504394531, 31.365518569946271 ], [ -93.670822143554688, 31.366039276123075 ], [ -93.673141479492202, 31.368499755859361 ], [ -93.673652648925781, 31.369707107543995 ], [ -93.673675537109375, 31.370452880859386 ], [ -93.673454284667969, 31.370782852172848 ], [ -93.6722412109375, 31.371006011962905 ], [ -93.669815063476562, 31.370298385620114 ], [ -93.669212341308594, 31.370347976684574 ], [ -93.668838500976562, 31.371198654174787 ], [ -93.669998168945312, 31.387004852294904 ], [ -93.671463012695327, 31.393171310424808 ], [ -93.673934936523438, 31.397499084472653 ], [ -93.676376342773438, 31.398551940917997 ], [ -93.678489685058594, 31.398380279541051 ], [ -93.680892944335938, 31.397884368896467 ], [ -93.681884765625, 31.398141860961861 ], [ -93.685104370117202, 31.401319503784162 ], [ -93.687950134277344, 31.40458106994631 ], [ -93.690147399902344, 31.406410217285167 ], [ -93.692955017089844, 31.407619476318335 ], [ -93.695686340332031, 31.409212112426783 ], [ -93.697715759277344, 31.409498214721694 ], [ -93.699821472167983, 31.409461975097635 ], [ -93.701431274414062, 31.409154891967795 ], [ -93.703857421875, 31.410472869873061 ], [ -93.704696655273438, 31.410699844360376 ], [ -93.704849243164062, 31.411523818969673 ], [ -93.704277038574219, 31.414772033691431 ], [ -93.704635620117188, 31.416521072387685 ], [ -93.704498291015625, 31.418720245361335 ], [ -93.702774047851562, 31.420190811157241 ], [ -93.700874328613281, 31.424448013305671 ], [ -93.692451477050781, 31.437011718749989 ], [ -93.692344665527344, 31.438022613525323 ], [ -93.692481994628906, 31.439418792724592 ], [ -93.693084716796875, 31.439897537231413 ], [ -93.708023071289062, 31.441377639770518 ], [ -93.709327697753906, 31.441846847534201 ], [ -93.709228515625, 31.442815780639645 ], [ -93.703590393066406, 31.453651428222635 ], [ -93.703750610351562, 31.455314636230515 ], [ -93.706451416015625, 31.456613540649432 ], [ -93.707771301269531, 31.456800460815455 ], [ -93.708946228027344, 31.456565856933604 ], [ -93.709182739257812, 31.45576667785646 ], [ -93.708763122558594, 31.454250335693338 ], [ -93.708847045898438, 31.453224182128938 ], [ -93.709793090820312, 31.452579498290959 ], [ -93.711479187011719, 31.452869415283203 ], [ -93.713455200195312, 31.454294204711928 ], [ -93.715438842773438, 31.456874847412124 ], [ -93.716567993164062, 31.457368850707986 ], [ -93.717552185058608, 31.456926345825167 ], [ -93.720817565917969, 31.453571319580089 ], [ -93.721748352050781, 31.453268051147422 ], [ -93.726425170898438, 31.454683303832979 ], [ -93.731330871582031, 31.457294464111339 ], [ -93.741676330566406, 31.465692520141573 ], [ -93.749298095703125, 31.468509674072227 ], [ -93.749618530273438, 31.469573974609382 ], [ -93.749595642089844, 31.470567703247095 ], [ -93.748291015625, 31.474628448486332 ], [ -93.745216369628906, 31.477941513061513 ], [ -93.745361328125, 31.480218887329119 ], [ -93.746307373046875, 31.481649398803704 ], [ -93.747825622558608, 31.481470108032234 ], [ -93.75, 31.479135513305657 ], [ -93.750450134277344, 31.4788494110107 ], [ -93.751182556152358, 31.478893280029322 ], [ -93.75201416015625, 31.479372024536147 ], [ -93.7528076171875, 31.481531143188469 ], [ -93.752204895019531, 31.482561111450256 ], [ -93.748313903808594, 31.484937667846701 ], [ -93.744964599609389, 31.485460281372038 ], [ -93.742713928222656, 31.483600616455043 ], [ -93.741706848144531, 31.483354568481467 ], [ -93.736984252929688, 31.484443664550813 ], [ -93.736274719238281, 31.485498428344698 ], [ -93.735527038574219, 31.488578796386697 ], [ -93.735137939453125, 31.488895416259766 ], [ -93.731170654296875, 31.487096786499023 ], [ -93.72943115234375, 31.48774337768555 ], [ -93.724975585937514, 31.491218566894542 ], [ -93.722419738769531, 31.492589950561541 ], [ -93.721794128417969, 31.493473052978576 ], [ -93.721763610839844, 31.49410438537598 ], [ -93.722053527832031, 31.494787216186531 ], [ -93.723892211914062, 31.496221542358374 ], [ -93.723480224609375, 31.4990749359131 ], [ -93.723617553710938, 31.5 ], [ -93.7232666015625, 31.500759124755902 ], [ -93.722648620605469, 31.501472473144474 ], [ -93.722015380859375, 31.501804351806683 ], [ -93.720741271972656, 31.501684188842749 ], [ -93.718757629394531, 31.500776290893583 ], [ -93.717910766601562, 31.500930786132873 ], [ -93.717300415039062, 31.501317977905313 ], [ -93.716934204101562, 31.501737594604517 ], [ -93.716995239257812, 31.502851486206044 ], [ -93.717529296875, 31.503793716430664 ], [ -93.719528198242188, 31.50566291809082 ], [ -93.719383239746094, 31.506744384765636 ], [ -93.718894958496094, 31.507413864135732 ], [ -93.718177795410156, 31.507762908935536 ], [ -93.714500427246094, 31.507986068725572 ], [ -93.713706970214844, 31.508462905883782 ], [ -93.711227416992188, 31.510473251342773 ], [ -93.710769653320312, 31.511249542236325 ], [ -93.710861206054688, 31.511983871459968 ], [ -93.712310791015625, 31.513183593750028 ], [ -93.714523315429688, 31.513977050781282 ], [ -93.721176147460938, 31.513669967651349 ], [ -93.729949951171875, 31.513793945312489 ], [ -93.732719421386719, 31.513273239135707 ], [ -93.735054016113281, 31.513317108154332 ], [ -93.737190246582031, 31.513685226440408 ], [ -93.740501403808594, 31.514980316162074 ], [ -93.742515563964844, 31.51551628112794 ], [ -93.744049072265625, 31.516651153564439 ], [ -93.744400024414062, 31.517410278320309 ], [ -93.7442626953125, 31.517675399780309 ], [ -93.743698120117188, 31.517885208129837 ], [ -93.741653442382812, 31.51705741882326 ], [ -93.740791320800781, 31.517389297485384 ], [ -93.740341186523438, 31.517963409423839 ], [ -93.740707397460938, 31.519439697265696 ], [ -93.74212646484375, 31.522712707519499 ], [ -93.742446899414077, 31.524269104003878 ], [ -93.742469787597656, 31.526382446289077 ], [ -93.7427978515625, 31.526929855346651 ], [ -93.74322509765625, 31.52708244323729 ], [ -93.745849609375, 31.527256011962905 ], [ -93.746719360351562, 31.527761459350579 ], [ -93.747177124023438, 31.528238296508828 ], [ -93.746864318847656, 31.529998779296879 ], [ -93.74725341796875, 31.530504226684602 ], [ -93.748138427734375, 31.530382156372106 ], [ -93.749595642089844, 31.529605865478533 ], [ -93.751434326171875, 31.527891159057631 ], [ -93.751701354980469, 31.527297973632848 ], [ -93.75323486328125, 31.528106689453104 ], [ -93.7545166015625, 31.529687881469759 ], [ -93.756317138671875, 31.530361175537127 ], [ -93.757926940917969, 31.529693603515643 ], [ -93.758018493652344, 31.528554916381854 ], [ -93.757431030273438, 31.527376174926772 ], [ -93.753944396972656, 31.526227951049808 ], [ -93.753677368164062, 31.525154113769545 ], [ -93.754707336425781, 31.524618148803711 ], [ -93.759880065917969, 31.523756027221683 ], [ -93.767127990722656, 31.523904800415036 ], [ -93.7734375, 31.524656295776357 ], [ -93.776260375976562, 31.525197982788111 ], [ -93.780647277832031, 31.525205612182621 ], [ -93.78485107421875, 31.525783538818349 ], [ -93.787506103515625, 31.527166366577177 ], [ -93.790115356445312, 31.530595779418949 ], [ -93.797904968261719, 31.533866882324226 ], [ -93.798637390136719, 31.534639358520504 ], [ -93.798637390136719, 31.536352157592827 ], [ -93.799026489257812, 31.537897109985359 ], [ -93.803176879882812, 31.538610458373995 ], [ -93.80301666259767, 31.539649963378864 ], [ -93.802146911621094, 31.540555953979524 ], [ -93.799713134765625, 31.541692733764634 ], [ -93.799354553222656, 31.542800903320327 ], [ -93.800331115722656, 31.543272018432628 ], [ -93.803153991699219, 31.543443679809574 ], [ -93.808120727539062, 31.54620742797853 ], [ -93.809288024902344, 31.547685623168956 ], [ -93.810066223144531, 31.549699783325185 ], [ -93.813789367675781, 31.550378799438484 ], [ -93.818397521972656, 31.554649353027322 ], [ -93.820579528808594, 31.558044433593828 ], [ -93.8209228515625, 31.560293197631854 ], [ -93.81817626953125, 31.559988021850589 ], [ -93.816802978515625, 31.561498641967752 ], [ -93.816673278808594, 31.562908172607404 ], [ -93.817253112792969, 31.563915252685558 ], [ -93.818511962890625, 31.563615798950206 ], [ -93.821372985839844, 31.56352043151858 ], [ -93.82208251953125, 31.564359664917003 ], [ -93.822700500488281, 31.565738677978519 ], [ -93.822776794433594, 31.567953109741183 ], [ -93.822021484375, 31.568658828735334 ], [ -93.8189697265625, 31.568754196166982 ], [ -93.818214416503906, 31.569423675537088 ], [ -93.818244934082031, 31.57076644897457 ], [ -93.820091247558594, 31.5726833343506 ], [ -93.823219299316406, 31.574804306030302 ], [ -93.826965332031264, 31.578300476074226 ], [ -93.830177307128906, 31.579177856445291 ], [ -93.834739685058594, 31.586034774780263 ], [ -93.835617065429688, 31.59127426147457 ], [ -93.838081359863281, 31.594533920288082 ], [ -93.839202880859375, 31.598899841308619 ], [ -93.839080810546875, 31.599805831909194 ], [ -93.837425231933594, 31.601650238037113 ], [ -93.838943481445312, 31.603364944457979 ], [ -93.837875366210938, 31.606620788574222 ], [ -93.836219787597656, 31.607826232910153 ], [ -93.832916259765625, 31.608861923217781 ], [ -93.832603454589844, 31.61057472229006 ], [ -93.827667236328125, 31.616376876831058 ], [ -93.825668334960938, 31.6157341003418 ], [ -93.826103210449219, 31.614728927612333 ], [ -93.82708740234375, 31.61422538757326 ], [ -93.827682495117188, 31.613319396972663 ], [ -93.826896667480469, 31.61268234252934 ], [ -93.825843811035156, 31.612945556640639 ], [ -93.82379150390625, 31.614051818847649 ], [ -93.822456359863281, 31.614353179931623 ], [ -93.81939697265625, 31.613946914672844 ], [ -93.818527221679688, 31.614379882812511 ], [ -93.818603515625, 31.616428375244134 ], [ -93.821968078613281, 31.618347167968739 ], [ -93.825767517089844, 31.619359970092823 ], [ -93.826980590820312, 31.620101928710902 ], [ -93.826667785644531, 31.620872497558594 ], [ -93.825645446777344, 31.621208190917972 ], [ -93.823570251464844, 31.62046623229979 ], [ -93.820541381835938, 31.621265411376946 ], [ -93.817520141601562, 31.621463775634773 ], [ -93.816970825195312, 31.62169837951658 ], [ -93.816658020019545, 31.622333526611371 ], [ -93.81707763671875, 31.623577117919918 ], [ -93.816802978515625, 31.625 ], [ -93.817428588867188, 31.625667572021495 ], [ -93.819473266601562, 31.626405715942358 ], [ -93.820159912109375, 31.626913070678743 ], [ -93.820510864257812, 31.627609252929677 ], [ -93.820663452148438, 31.628845214843739 ], [ -93.819808959960938, 31.630451202392543 ], [ -93.818344116210938, 31.631298065185586 ], [ -93.81634521484375, 31.631612777709947 ], [ -93.815765380859375, 31.632104873657255 ], [ -93.81640625, 31.633493423461907 ], [ -93.817878723144531, 31.63539314270017 ], [ -93.817955017089844, 31.636646270751974 ], [ -93.816184997558608, 31.639083862304712 ], [ -93.816368103027344, 31.640102386474652 ], [ -93.817085266113281, 31.640779495239265 ], [ -93.817283630371094, 31.64132118225098 ], [ -93.817214965820312, 31.643398284912116 ], [ -93.817886352539062, 31.64601325988771 ], [ -93.817848205566406, 31.647718429565437 ], [ -93.816596984863281, 31.648775100708001 ], [ -93.815933227539062, 31.648727416992234 ], [ -93.81304931640625, 31.646318435668906 ], [ -93.811325073242188, 31.647262573242156 ], [ -93.811492919921875, 31.649135589599616 ], [ -93.812599182128906, 31.650268554687496 ], [ -93.813438415527344, 31.65075111389157 ], [ -93.816841125488281, 31.650754928588867 ], [ -93.8182373046875, 31.651306152343736 ], [ -93.819305419921889, 31.652475357055685 ], [ -93.821182250976562, 31.656427383422866 ], [ -93.82232666015625, 31.657979965209947 ], [ -93.825469970703125, 31.660848617553732 ], [ -93.82611083984375, 31.662876129150394 ], [ -93.826278686523438, 31.666746139526364 ], [ -93.822982788085938, 31.672719955444322 ], [ -93.821861267089844, 31.673793792724624 ], [ -93.820953369140625, 31.673437118530284 ], [ -93.819923400878906, 31.672378540039066 ], [ -93.817237854003906, 31.671972274780256 ], [ -93.816871643066406, 31.671520233154276 ], [ -93.816764831542969, 31.670858383178722 ], [ -93.817184448242188, 31.668991088867159 ], [ -93.816993713378906, 31.668321609497063 ], [ -93.81646728515625, 31.66783523559571 ], [ -93.815650939941406, 31.667884826660135 ], [ -93.812850952148438, 31.669498443603484 ], [ -93.812248229980483, 31.670072555542024 ], [ -93.812103271484375, 31.670919418334982 ], [ -93.812324523925781, 31.671726226806602 ], [ -93.815437316894531, 31.673862457275412 ], [ -93.816093444824219, 31.675186157226548 ], [ -93.814811706542969, 31.676422119140685 ], [ -93.813301086425795, 31.676509857177727 ], [ -93.81231689453125, 31.676832199096648 ], [ -93.811378479003906, 31.677961349487266 ], [ -93.810791015625, 31.679674148559535 ], [ -93.810211181640625, 31.680091857910167 ], [ -93.807472229003906, 31.680946350097649 ], [ -93.806694030761719, 31.681398391723619 ], [ -93.806159973144531, 31.682859420776389 ], [ -93.804283142089844, 31.683916091918942 ], [ -93.804031372070312, 31.684247970581058 ], [ -93.804084777832031, 31.68479537963869 ], [ -93.804298400878906, 31.685491561889616 ], [ -93.805038452148438, 31.686252593994162 ], [ -93.804962158203125, 31.686784744262702 ], [ -93.803207397460938, 31.687639236450238 ], [ -93.794357299804688, 31.701904296875018 ], [ -93.794281005859389, 31.70314788818358 ], [ -93.794891357421875, 31.704803466796861 ], [ -93.797225952148438, 31.705444335937475 ], [ -93.806861877441406, 31.702640533447308 ], [ -93.809616088867188, 31.702909469604478 ], [ -93.810935974121094, 31.703508377075174 ], [ -93.810867309570312, 31.705940246582021 ], [ -93.810966491699219, 31.706495285034162 ], [ -93.811614990234375, 31.707311630249055 ], [ -93.81610107421875, 31.70732307434082 ], [ -93.816513061523438, 31.707744598388697 ], [ -93.816734313964844, 31.708591461181626 ], [ -93.812576293945312, 31.714244842529311 ], [ -93.812286376953125, 31.715074539184574 ], [ -93.814117431640625, 31.721748352050785 ], [ -93.814765930175781, 31.728565216064442 ], [ -93.815292358398438, 31.72960090637207 ], [ -93.815773010253906, 31.729938507080078 ], [ -93.821990966796875, 31.732503890991236 ], [ -93.824394226074219, 31.734226226806655 ], [ -93.82672119140625, 31.737424850463864 ], [ -93.831512451171875, 31.745342254638619 ], [ -93.833312988281264, 31.746385574340852 ], [ -93.835075378417969, 31.74706649780271 ], [ -93.836112976074219, 31.749303817749027 ], [ -93.836692810058594, 31.75 ], [ -93.835044860839844, 31.752672195434592 ], [ -93.831428527832031, 31.754421234130845 ], [ -93.830795288085952, 31.755500793457031 ], [ -93.830718994140625, 31.756435394287088 ], [ -93.829879760742188, 31.757724761962912 ], [ -93.829925537109375, 31.759473800659215 ], [ -93.829635620117188, 31.76044845581054 ], [ -93.828163146972656, 31.76090049743652 ], [ -93.827354431152344, 31.760713577270486 ], [ -93.827163696289062, 31.759199142456055 ], [ -93.826271057128906, 31.759021759033192 ], [ -93.825920104980469, 31.759723663330028 ], [ -93.825981140136719, 31.762155532836939 ], [ -93.826622009277344, 31.763605117797869 ], [ -93.827102661132812, 31.763904571533221 ], [ -93.828910827636719, 31.763124465942369 ], [ -93.829399108886719, 31.763397216796861 ], [ -93.829399108886719, 31.764034271240192 ], [ -93.828620910644531, 31.76545906066892 ], [ -93.825767517089844, 31.766338348388636 ], [ -93.825141906738281, 31.767000198364226 ], [ -93.824874877929688, 31.767997741699208 ], [ -93.824928283691406, 31.769086837768601 ], [ -93.824386596679688, 31.770278930664052 ], [ -93.822944641113281, 31.771913528442393 ], [ -93.822418212890625, 31.773387908935568 ], [ -93.823257446289062, 31.774927139282187 ], [ -93.825431823730469, 31.776723861694318 ], [ -93.827262878417969, 31.777570724487308 ], [ -93.831329345703125, 31.776739120483345 ], [ -93.832939147949219, 31.777351379394538 ], [ -93.833053588867202, 31.777971267700146 ], [ -93.83066558837892, 31.778924942016573 ], [ -93.83066558837892, 31.779687881469723 ], [ -93.83154296875, 31.780744552612283 ], [ -93.832633972167969, 31.781145095825188 ], [ -93.836036682128906, 31.780315399169929 ], [ -93.837501525878906, 31.780645370483402 ], [ -93.837959289550781, 31.781911849975529 ], [ -93.837593078613281, 31.783538818359368 ], [ -93.836181640625, 31.784378051757859 ], [ -93.835670471191406, 31.785045623779304 ], [ -93.835685729980469, 31.785562515258793 ], [ -93.836448669433594, 31.786094665527322 ], [ -93.837509155273438, 31.787687301635767 ], [ -93.837364196777344, 31.789621353149407 ], [ -93.835426330566406, 31.794319152831992 ], [ -93.835762023925781, 31.795520782470707 ], [ -93.836807250976562, 31.796720504760753 ], [ -93.837791442871094, 31.797243118286154 ], [ -93.838226318359375, 31.797832489013661 ], [ -93.839157104492188, 31.800159454345657 ], [ -93.83984375, 31.800426483154293 ], [ -93.842704772949219, 31.800506591796875 ], [ -93.844108581542969, 31.800998687744151 ], [ -93.845199584960938, 31.80171394348142 ], [ -93.846000671386719, 31.801851272583001 ], [ -93.846870422363281, 31.799692153930657 ], [ -93.847450256347656, 31.799465179443335 ], [ -93.849662780761719, 31.799610137939432 ], [ -93.851295471191406, 31.799980163574215 ], [ -93.852470397949219, 31.800937652587905 ], [ -93.853347778320312, 31.802438735961921 ], [ -93.853202819824219, 31.805297851562514 ], [ -93.854385375976562, 31.806482315063469 ], [ -93.85675048828125, 31.807914733886719 ], [ -93.858329772949219, 31.808317184448264 ], [ -93.859130859375, 31.808946609497077 ], [ -93.860298156738281, 31.81134605407717 ], [ -93.861198425292983, 31.812128067016612 ], [ -93.867134094238281, 31.8151454925537 ], [ -93.868293762207031, 31.815082550048828 ], [ -93.870658874511719, 31.813613891601566 ], [ -93.871757507324219, 31.813749313354471 ], [ -93.873062133789062, 31.814716339111367 ], [ -93.873245239257812, 31.815643310546857 ], [ -93.872825622558594, 31.8161010742188 ], [ -93.8707275390625, 31.81666755676272 ], [ -93.870750427246094, 31.819213867187486 ], [ -93.87109375, 31.82002067565919 ], [ -93.8721923828125, 31.820581436157198 ], [ -93.873817443847656, 31.820896148681623 ], [ -93.87457275390625, 31.821491241455089 ], [ -93.874336242675781, 31.825487136840863 ], [ -93.874458312988281, 31.829717636108384 ], [ -93.877090454101562, 31.831684112548917 ], [ -93.877166748046875, 31.832359313964837 ], [ -93.876014709472656, 31.834079742431658 ], [ -93.874038696289062, 31.835405349731488 ], [ -93.872772216796875, 31.835817337036126 ], [ -93.872634887695312, 31.836132049560536 ], [ -93.872802734375, 31.836528778076143 ], [ -93.874496459960952, 31.837751388549815 ], [ -93.874778747558594, 31.840700149536097 ], [ -93.875, 31.840616226196275 ], [ -93.876296997070312, 31.841533660888665 ], [ -93.876968383789062, 31.84172821044919 ], [ -93.878997802734375, 31.84181022644044 ], [ -93.880409240722656, 31.841354370117188 ], [ -93.881729125976562, 31.842048645019535 ], [ -93.882293701171875, 31.843429565429641 ], [ -93.881896972656264, 31.843919754028288 ], [ -93.881065368652344, 31.844079971313455 ], [ -93.879898071289062, 31.843774795532198 ], [ -93.878875732421875, 31.844118118286108 ], [ -93.878807067871094, 31.844978332519485 ], [ -93.881515502929688, 31.846565246582021 ], [ -93.883056640625, 31.846874237060547 ], [ -93.883926391601562, 31.847438812255831 ], [ -93.884559631347656, 31.849239349365195 ], [ -93.884445190429688, 31.849994659423821 ], [ -93.883949279785156, 31.850589752197244 ], [ -93.882499694824233, 31.851335525512678 ], [ -93.881927490234375, 31.852153778076207 ], [ -93.8826904296875, 31.854503631591793 ], [ -93.883743286132812, 31.854833602905309 ], [ -93.888671875, 31.854904174804698 ], [ -93.889213562011733, 31.855733871459975 ], [ -93.889007568359375, 31.856649398803736 ], [ -93.881706237792969, 31.864665985107401 ], [ -93.881210327148438, 31.865871429443359 ], [ -93.881202697753906, 31.867328643798835 ], [ -93.881484985351562, 31.868413925170923 ], [ -93.882888793945312, 31.869161605834968 ], [ -93.884040832519531, 31.869485855102528 ], [ -93.884696960449219, 31.869203567504901 ], [ -93.8848876953125, 31.868473052978477 ], [ -93.884239196777344, 31.866100311279311 ], [ -93.884613037109375, 31.865264892578075 ], [ -93.885231018066406, 31.865087509155302 ], [ -93.885955810546875, 31.865329742431619 ], [ -93.8885498046875, 31.869289398193356 ], [ -93.890754699707031, 31.869598388671896 ], [ -93.89324951171875, 31.871561050415028 ], [ -93.893310546875, 31.872640609741225 ], [ -93.893074035644531, 31.87321281433108 ], [ -93.891380310058594, 31.874416351318352 ], [ -93.891929626464844, 31.875749588012678 ], [ -93.894729614257812, 31.876129150390582 ], [ -93.896781921386719, 31.875814437866197 ], [ -93.897453308105469, 31.875423431396445 ], [ -93.898666381835938, 31.873981475830128 ], [ -93.899162292480469, 31.873710632324173 ], [ -93.900436401367188, 31.873701095581094 ], [ -93.901123046875, 31.873973846435533 ], [ -93.9014892578125, 31.874410629272443 ], [ -93.901695251464844, 31.87520408630369 ], [ -93.900856018066406, 31.876564025878917 ], [ -93.901092529296875, 31.877611160278324 ], [ -93.901878356933594, 31.878936767578121 ], [ -93.901702880859375, 31.879896163940437 ], [ -93.900108337402344, 31.881320953369151 ], [ -93.898544311523438, 31.883815765380863 ], [ -93.896476745605469, 31.885160446167006 ], [ -93.896270751953139, 31.886117935180629 ], [ -93.897003173828139, 31.890851974487344 ], [ -93.898269653320312, 31.893926620483381 ], [ -93.900428771972656, 31.896619796752919 ], [ -93.9010009765625, 31.896919250488253 ], [ -93.901588439941406, 31.896848678588864 ], [ -93.903633117675781, 31.89560127258305 ], [ -93.903671264648438, 31.895141601562521 ], [ -93.903083801269531, 31.894432067871115 ], [ -93.90289306640625, 31.893753051757777 ], [ -93.905616760253906, 31.889913558959993 ], [ -93.906417846679688, 31.889688491821282 ], [ -93.906906127929688, 31.89011573791505 ], [ -93.906814575195327, 31.890663146972678 ], [ -93.905853271484375, 31.89169692993163 ], [ -93.905982971191406, 31.892164230346701 ], [ -93.906349182128906, 31.892341613769545 ], [ -93.910209655761719, 31.891851425170874 ], [ -93.911979675292969, 31.89024543762207 ], [ -93.91265869140625, 31.889955520629901 ], [ -93.912857055664062, 31.890472412109364 ], [ -93.91208648681642, 31.891599655151403 ], [ -93.912345886230469, 31.892303466796829 ], [ -93.914810180664062, 31.892780303955071 ], [ -93.915756225585938, 31.892694473266591 ], [ -93.916114807128906, 31.892242431640611 ], [ -93.915908813476562, 31.890436172485355 ], [ -93.916702270507812, 31.889680862426786 ], [ -93.917205810546875, 31.88964843750005 ], [ -93.919143676757827, 31.890779495239261 ], [ -93.91949462890625, 31.890796661376914 ], [ -93.920318603515625, 31.89013671875 ], [ -93.920516967773438, 31.889564514160202 ], [ -93.919540405273438, 31.886999130249031 ], [ -93.919692993164062, 31.886064529418942 ], [ -93.920783996582031, 31.885709762573239 ], [ -93.921897888183608, 31.885841369628867 ], [ -93.923011779785156, 31.886325836181634 ], [ -93.924018859863281, 31.88679695129396 ], [ -93.925704956054688, 31.88808059692381 ], [ -93.926986694335938, 31.890726089477543 ], [ -93.926559448242188, 31.891708374023409 ], [ -93.924354553222656, 31.892761230468725 ], [ -93.924835205078125, 31.893913269043001 ], [ -93.925338745117188, 31.894447326660174 ], [ -93.926429748535156, 31.894208908081012 ], [ -93.927803039550781, 31.89295196533207 ], [ -93.928848266601577, 31.892581939697255 ], [ -93.930755615234375, 31.891294479370178 ], [ -93.931739807128906, 31.892093658447273 ], [ -93.932220458984375, 31.893030166625948 ], [ -93.931945800781264, 31.893503189086918 ], [ -93.929336547851562, 31.895605087280288 ], [ -93.92724609375, 31.898117065429656 ], [ -93.924964904785156, 31.902307510376009 ], [ -93.924263000488281, 31.902870178222624 ], [ -93.921783447265625, 31.903615951538089 ], [ -93.921409606933594, 31.904254913330057 ], [ -93.921920776367188, 31.905155181884755 ], [ -93.923751831054688, 31.906932830810568 ], [ -93.924713134765625, 31.908538818359375 ], [ -93.927421569824219, 31.910516738891591 ], [ -93.928466796875, 31.912477493286147 ], [ -93.929710388183594, 31.912551879882798 ], [ -93.930816650390625, 31.911245346069322 ], [ -93.932609558105469, 31.910345077514656 ], [ -93.934730529785156, 31.909969329833988 ], [ -93.937355041503906, 31.909053802490227 ], [ -93.94049072265625, 31.909912109375014 ], [ -93.942459106445312, 31.91020584106451 ], [ -93.945793151855469, 31.910160064697301 ], [ -93.94964599609375, 31.910697937011708 ], [ -93.953361511230469, 31.910396575927756 ], [ -93.954605102539062, 31.911396026611332 ], [ -93.955474853515625, 31.91261482238771 ], [ -93.955848693847656, 31.916854858398448 ], [ -93.957466125488281, 31.919202804565401 ], [ -93.958992004394545, 31.922348022460952 ], [ -93.959579467773438, 31.923057556152358 ], [ -93.961593627929688, 31.923826217651399 ], [ -93.962760925292969, 31.923988342285188 ], [ -93.964698791503906, 31.923015594482411 ], [ -93.967742919921875, 31.920608520507773 ], [ -93.969047546386719, 31.919891357421889 ], [ -93.97064208984375, 31.919795989990224 ], [ -93.971519470214844, 31.920215606689446 ], [ -93.975189208984375, 31.923492431640618 ], [ -93.977272033691406, 31.926252365112308 ], [ -93.97796630859375, 31.927679061889652 ], [ -93.979751586914062, 31.933601379394528 ], [ -93.980606079101562, 31.935058593750032 ], [ -93.9815673828125, 31.938484191894499 ], [ -93.982139587402344, 31.939598083496097 ], [ -93.983840942382812, 31.940961837768548 ], [ -93.98532867431642, 31.941783905029258 ], [ -93.987686157226562, 31.944147109985352 ], [ -93.989517211914062, 31.948616027832017 ], [ -93.994308471679688, 31.952482223510742 ], [ -93.995521545410156, 31.953973770141644 ], [ -93.9984130859375, 31.958660125732433 ], [ -94.000335693359375, 31.960905075073253 ], [ -94.002983093261719, 31.965776443481474 ], [ -94.006607055664062, 31.973264694213903 ], [ -94.007675170898438, 31.974401473999055 ], [ -94.012237548828125, 31.97793388366701 ], [ -94.01544189453125, 31.979690551757795 ], [ -94.016326904296875, 31.981008529663093 ], [ -94.016502380371094, 31.983690261840849 ], [ -94.017112731933594, 31.985855102539045 ], [ -94.018577575683594, 31.988952636718725 ], [ -94.018470764160156, 31.99067878723146 ], [ -94.018112182617188, 31.991355895996072 ], [ -94.018325805664062, 31.992265701293995 ], [ -94.018852233886733, 31.992391586303707 ], [ -94.019783020019531, 31.991960525512667 ], [ -94.020843505859375, 31.990623474121112 ], [ -94.021743774414062, 31.990200042724641 ], [ -94.022705078125, 31.990283966064485 ], [ -94.023895263671875, 31.990873336791957 ], [ -94.025726318359375, 31.992654800415014 ], [ -94.027099609375, 31.99501609802245 ], [ -94.027702331542969, 31.995529174804705 ], [ -94.029098510742188, 31.995700836181619 ], [ -94.030670166015625, 31.995471954345703 ], [ -94.038223266601562, 31.992271423339812 ], [ -94.039268493652344, 31.992040634155284 ], [ -94.041641235351562, 31.992235183715838 ], [ -94.042137145996094, 31.992805480957045 ], [ -94.042449951171875, 31.993860244750984 ], [ -94.041206359863281, 31.99613952636717 ], [ -94.041656494140625, 31.997169494628913 ], [ -94.041908264160156, 31.998731613159151 ], [ -94.042098999023438, 31.999013900756822 ], [ -94.042526245117188, 31.999099731445352 ], [ -94.042594909667969, 32.024665832519496 ], [ -94.042526245117188, 32.086071014404304 ], [ -94.042152404785156, 32.119750976562507 ], [ -94.042556762695312, 32.125 ], [ -94.042350769042969, 32.166664123535142 ], [ -94.042648315429688, 32.25 ], [ -94.042465209960938, 32.262866973876946 ], [ -94.042678833007812, 32.277275085449183 ], [ -94.042686462402344, 32.470214843750036 ], [ -94.028831481933594, 32.461730957031264 ], [ -94.027107238769531, 32.460948944091811 ], [ -94.016105651855469, 32.457511901855447 ], [ -94.012786865234375, 32.454071044921868 ], [ -94.011322021484389, 32.451690673828132 ], [ -94.009384155273438, 32.447769165039084 ], [ -94.006523132324233, 32.4454345703125 ], [ -94.006553649902344, 32.44292068481446 ], [ -94.002792358398438, 32.443023681640618 ], [ -94.003265380859375, 32.42836761474608 ], [ -93.995582580566406, 32.428478240966818 ], [ -93.981597900390625, 32.428112030029283 ], [ -93.978385925292969, 32.428268432617188 ], [ -93.978485107421875, 32.424556732177734 ], [ -93.977653503417969, 32.424930572509766 ], [ -93.977485656738281, 32.428302764892592 ], [ -93.969436645507812, 32.428398132324247 ], [ -93.96942138671875, 32.43544006347657 ], [ -93.951103210449219, 32.435344696044865 ], [ -93.951141357421875, 32.421310424804702 ], [ -93.951866149902344, 32.41358947753902 ], [ -93.935462951660156, 32.413555145263693 ], [ -93.935104370117188, 32.421279907226577 ], [ -93.93560791015625, 32.435359954833991 ], [ -93.935455322265625, 32.442638397216797 ], [ -93.9381103515625, 32.443649291992124 ], [ -93.938911437988281, 32.44396591186522 ], [ -93.944892883300781, 32.446369171142592 ], [ -93.943885803222656, 32.446689605712862 ], [ -93.943023681640625, 32.446960449218743 ], [ -93.943794250488281, 32.448047637939439 ], [ -93.943649291992188, 32.450782775878892 ], [ -93.943855285644531, 32.451454162597614 ], [ -93.945663452148438, 32.452175140380881 ], [ -93.949676513671889, 32.45329666137696 ], [ -93.951629638671875, 32.454559326171875 ], [ -93.950973510742188, 32.456222534179673 ], [ -93.950881958007812, 32.464031219482443 ], [ -93.950096130371094, 32.465633392334006 ], [ -93.947280883789062, 32.46948623657228 ], [ -93.946754455566406, 32.471008300781214 ], [ -93.946609497070312, 32.478721618652322 ], [ -93.946189880371108, 32.47894287109375 ], [ -93.937309265136719, 32.478881835937472 ], [ -93.93121337890625, 32.479137420654283 ], [ -93.922706604003906, 32.481521606445327 ], [ -93.917411804199219, 32.482273101806648 ], [ -93.912353515625, 32.484832763671811 ], [ -93.911361694335938, 32.485248565673842 ], [ -93.909904479980469, 32.485439300537131 ], [ -93.9080810546875, 32.485057830810582 ], [ -93.901138305664062, 32.482177734375036 ], [ -93.897102355957031, 32.481582641601577 ], [ -93.894706726074219, 32.480926513671903 ], [ -93.890602111816406, 32.478698730468778 ], [ -93.889900207519531, 32.483100891113274 ], [ -93.887001037597656, 32.482700347900405 ], [ -93.887008666992188, 32.48585510253907 ], [ -93.878059387207031, 32.486145019531293 ], [ -93.877952575683594, 32.490276336669908 ], [ -93.875808715820327, 32.490287780761754 ], [ -93.875823974609375, 32.492404937744134 ], [ -93.877906799316406, 32.492393493652351 ], [ -93.877914428710938, 32.494094848632805 ], [ -93.878631591796875, 32.494091033935547 ], [ -93.878616333007812, 32.494415283203146 ], [ -93.88275146484375, 32.494594573974588 ], [ -93.883583068847656, 32.495040893554659 ], [ -93.883201599121094, 32.495326995849595 ], [ -93.883247375488281, 32.496143341064496 ], [ -93.882736206054702, 32.497150421142571 ], [ -93.884033203125, 32.498943328857429 ], [ -93.884178161621108, 32.499599456787131 ], [ -93.884002685546875, 32.49990081787108 ], [ -93.884300231933594, 32.501399993896491 ], [ -93.88079833984375, 32.502498626708963 ], [ -93.880386352539062, 32.503715515136719 ], [ -93.879798889160156, 32.505401611328146 ], [ -93.87860107421875, 32.506198883056634 ], [ -93.877197265625, 32.505699157714815 ], [ -93.876106262207031, 32.504001617431626 ], [ -93.875999450683594, 32.501499176025391 ], [ -93.875396728515625, 32.502998352050753 ], [ -93.872001647949219, 32.503200531005838 ], [ -93.871902465820312, 32.504600524902308 ], [ -93.868507385253906, 32.504299163818374 ], [ -93.865997314453139, 32.5 ], [ -93.861900329589844, 32.497299194335952 ], [ -93.860000610351562, 32.495399475097599 ], [ -93.851799011230469, 32.492698669433587 ], [ -93.852203369140625, 32.491600036621087 ], [ -93.84320068359375, 32.494300842285128 ], [ -93.844306945800795, 32.49029922485353 ], [ -93.843597412109389, 32.487300872802706 ], [ -93.844200134277358, 32.487701416015604 ], [ -93.845001220703125, 32.487098693847656 ], [ -93.848800659179688, 32.485401153564446 ], [ -93.848831176757812, 32.482620239257812 ], [ -93.852401733398438, 32.47980117797848 ], [ -93.852401733398438, 32.476398468017614 ], [ -93.852645874023438, 32.476459503173821 ], [ -93.854225158691406, 32.476783752441456 ], [ -93.855392456054688, 32.476791381835994 ], [ -93.855888366699219, 32.476795196533175 ], [ -93.85888671875, 32.477130889892578 ], [ -93.859596252441406, 32.477298736572273 ], [ -93.860809326171875, 32.477535247802699 ], [ -93.861801147460952, 32.47779846191402 ], [ -93.864601135253906, 32.47980117797848 ], [ -93.865501403808608, 32.479999542236335 ], [ -93.865501403808608, 32.478660583496072 ], [ -93.865501403808608, 32.478092193603523 ], [ -93.865501403808608, 32.476100921630874 ], [ -93.865501403808608, 32.464900970458999 ], [ -93.865798950195312, 32.461601257324197 ], [ -93.865570068359375, 32.46076965332027 ], [ -93.8656005859375, 32.450199127197259 ], [ -93.861198425292983, 32.45100021362309 ], [ -93.845802307128906, 32.456001281738317 ], [ -93.845504760742188, 32.457801818847678 ], [ -93.845634460449219, 32.458766937255888 ], [ -93.844963073730469, 32.460384368896484 ], [ -93.844993591308594, 32.461311340332017 ], [ -93.836898803710938, 32.472759246826151 ], [ -93.835899353027344, 32.474391937255845 ], [ -93.831710815429688, 32.481136322021456 ], [ -93.823379516601562, 32.491981506347656 ], [ -93.820960998535156, 32.494964599609382 ], [ -93.819862365722656, 32.496147155761726 ], [ -93.8194580078125, 32.49665832519532 ], [ -93.811599731445312, 32.511054992675795 ], [ -93.809097290039062, 32.517528533935604 ], [ -93.817306518554688, 32.521499633789055 ], [ -93.817268371582031, 32.521934509277358 ], [ -93.824104309082031, 32.525398254394538 ], [ -93.833702087402344, 32.533100128173814 ], [ -93.846000671386719, 32.542900085449205 ], [ -93.846900939941406, 32.543598175048821 ], [ -93.846199035644531, 32.544200897216804 ], [ -93.845901489257812, 32.545200347900398 ], [ -93.845863342285156, 32.547534942626939 ], [ -93.845703125, 32.553600311279311 ], [ -93.845703125, 32.557899475097642 ], [ -93.819503784179688, 32.557899475097642 ], [ -93.811477661132812, 32.557838439941399 ], [ -93.811477661132812, 32.567573547363253 ], [ -93.811477661132812, 32.570877075195298 ], [ -93.807876586914062, 32.570873260498033 ], [ -93.807876586914062, 32.569999694824226 ], [ -93.80438232421875, 32.570049285888658 ], [ -93.80438232421875, 32.572624206542983 ], [ -93.800849914550781, 32.572620391845668 ], [ -93.800849914550781, 32.576175689697266 ], [ -93.800117492675781, 32.57617568969728 ], [ -93.800117492675781, 32.576534271240213 ], [ -93.797866821289062, 32.576534271240213 ], [ -93.797889709472656, 32.579387664794908 ], [ -93.798904418945312, 32.58010101318358 ], [ -93.808799743652344, 32.58010101318358 ], [ -93.808700561523438, 32.584701538085923 ], [ -93.807327270507812, 32.583999633789055 ], [ -93.807441711425781, 32.588272094726555 ], [ -93.806289672851562, 32.589790344238267 ], [ -93.80535888671875, 32.58915328979495 ], [ -93.805976867675781, 32.588222503662116 ], [ -93.803199768066406, 32.588298797607422 ], [ -93.802726745605469, 32.588314056396513 ], [ -93.801750183105469, 32.58834075927733 ], [ -93.801712036132812, 32.587776184082031 ], [ -93.801856994628906, 32.585823059082017 ], [ -93.800704956054688, 32.584201812744155 ], [ -93.800178527832031, 32.583629608154304 ], [ -93.799301147460938, 32.58364105224608 ], [ -93.799301147460938, 32.582794189453118 ], [ -93.797119140625, 32.581119537353544 ], [ -93.797103881835938, 32.585731506347685 ], [ -93.792999267578125, 32.584098815917976 ], [ -93.792617797851562, 32.583763122558572 ], [ -93.792724609375, 32.58142471313473 ], [ -93.791938781738281, 32.58106231689451 ], [ -93.791938781738281, 32.579898834228487 ], [ -93.7911376953125, 32.579898834228487 ], [ -93.79107666015625, 32.580856323242166 ], [ -93.790351867675781, 32.58085632324218 ], [ -93.789627075195312, 32.580650329589844 ], [ -93.78955078125, 32.579898834228487 ], [ -93.789131164550781, 32.579898834228487 ], [ -93.789093017578125, 32.580875396728473 ], [ -93.788360595703125, 32.580551147460938 ], [ -93.788352966308594, 32.581279754638651 ], [ -93.787498474121094, 32.581275939941364 ], [ -93.787322998046875, 32.580089569091761 ], [ -93.786567687988281, 32.581684112548821 ], [ -93.786331176757812, 32.581165313720703 ], [ -93.784675598144531, 32.581142425537102 ], [ -93.784507751464844, 32.5789985656738 ], [ -93.78118896484375, 32.575450897216761 ], [ -93.779365539550781, 32.577919006347656 ], [ -93.775390625, 32.575496673583956 ], [ -93.77838134765625, 32.573051452636712 ], [ -93.777847290039062, 32.572605133056648 ], [ -93.775520324707031, 32.572612762451122 ], [ -93.775466918945312, 32.571739196777351 ], [ -93.774909973144531, 32.571739196777322 ], [ -93.774909973144531, 32.570812225341811 ], [ -93.774604797363281, 32.570861816406264 ], [ -93.774490356445312, 32.570552825927756 ], [ -93.773933410644531, 32.570503234863281 ], [ -93.774185180664062, 32.563243865966818 ], [ -93.774917602539062, 32.563243865966847 ], [ -93.773643493652344, 32.561595916748061 ], [ -93.773826599121094, 32.559589385986314 ], [ -93.772819519042969, 32.559280395507862 ], [ -93.774505615234375, 32.558300018310561 ], [ -93.773399353027344, 32.556900024414055 ], [ -93.773200988769531, 32.556098937988253 ], [ -93.772201538085938, 32.556564331054659 ], [ -93.771003723144531, 32.557300567626939 ], [ -93.769798278808594, 32.564998626709006 ], [ -93.771598815917969, 32.568599700927798 ], [ -93.771301269531264, 32.5731010437012 ], [ -93.772186279296875, 32.57513046264647 ], [ -93.775749206542969, 32.579696655273416 ], [ -93.776908874511719, 32.580577850341761 ], [ -93.77752685546875, 32.580894470214858 ], [ -93.780471801757812, 32.580974578857422 ], [ -93.781448364257812, 32.58137512207032 ], [ -93.782783508300781, 32.582176208496115 ], [ -93.785369873046875, 32.584419250488288 ], [ -93.786849975585938, 32.586849212646513 ], [ -93.787506103515625, 32.587554931640639 ], [ -93.789077758789062, 32.588500976562507 ], [ -93.789474487304688, 32.589801788330064 ], [ -93.790519714355469, 32.591686248779318 ], [ -93.79156494140625, 32.592750549316399 ], [ -93.791702270507812, 32.593223571777344 ], [ -93.78973388671875, 32.594875335693381 ], [ -93.788909912109375, 32.600669860839822 ], [ -93.786277770996094, 32.601852416992202 ], [ -93.7850341796875, 32.603267669677741 ], [ -93.784263610839844, 32.605026245117202 ], [ -93.784416198730469, 32.605415344238324 ], [ -93.785591125488281, 32.605651855468743 ], [ -93.787834167480469, 32.604942321777344 ], [ -93.792167663574219, 32.604114532470724 ], [ -93.796974182128906, 32.60482025146483 ], [ -93.79815673828125, 32.605651855468771 ], [ -93.799209594726562, 32.606948852539048 ], [ -93.800086975097656, 32.606651306152315 ], [ -93.801612854003906, 32.604911804199197 ], [ -93.803215026855469, 32.605445861816385 ], [ -93.805534362792983, 32.607101440429659 ], [ -93.807632446289062, 32.607219696044893 ], [ -93.810394287109375, 32.606746673583991 ], [ -93.813766479492188, 32.606609344482408 ], [ -93.816970825195312, 32.606071472167969 ], [ -93.818016052246094, 32.606346130371129 ], [ -93.818717956542969, 32.607795715332067 ], [ -93.819236755371094, 32.607910156249979 ], [ -93.821090698242202, 32.606765747070291 ], [ -93.82305908203125, 32.607116699218707 ], [ -93.82476806640625, 32.607948303222678 ], [ -93.829231262207031, 32.611968994140604 ], [ -93.830024719238281, 32.6129150390625 ], [ -93.830024719238281, 32.61444854736326 ], [ -93.831855773925781, 32.616104125976541 ], [ -93.8309326171875, 32.619060516357436 ], [ -93.828254699707031, 32.623783111572273 ], [ -93.828254699707031, 32.624256134033196 ], [ -93.829574584960938, 32.624610900878899 ], [ -93.830757141113281, 32.624610900878928 ], [ -93.832466125488281, 32.623901367187479 ], [ -93.833244323730469, 32.623310089111342 ], [ -93.834564208984375, 32.623546600341804 ], [ -93.835090637207031, 32.62401962280277 ], [ -93.834976196289062, 32.625 ], [ -93.834266662597656, 32.626247406005845 ], [ -93.834396362304688, 32.626888275146513 ], [ -93.835159301757812, 32.626819610595739 ], [ -93.836593627929688, 32.625881195068324 ], [ -93.838516235351562, 32.626110076904332 ], [ -93.839492797851562, 32.626590728759787 ], [ -93.840339660644531, 32.627185821533203 ], [ -93.841087341308594, 32.62817001342772 ], [ -93.841629028320312, 32.631401062011726 ], [ -93.843254089355483, 32.632019042968722 ], [ -93.845184326171875, 32.631835937499993 ], [ -93.848457336425781, 32.633209228515618 ], [ -93.849159240722656, 32.634078979492237 ], [ -93.849807739257812, 32.635730743408182 ], [ -93.850273132324219, 32.636051177978516 ], [ -93.852928161621094, 32.636024475097656 ], [ -93.854820251464844, 32.636962890625036 ], [ -93.855278015136719, 32.63691711425782 ], [ -93.856986999511719, 32.635864257812507 ], [ -93.859260559082031, 32.634948730468757 ], [ -93.860206604003906, 32.635036468505831 ], [ -93.860855102539062, 32.635337829589837 ], [ -93.861557006835938, 32.635814666748061 ], [ -93.86297607421875, 32.63767242431642 ], [ -93.864677429199219, 32.639297485351562 ], [ -93.875, 32.6453666687012 ], [ -93.878166198730469, 32.645824432373054 ], [ -93.879280090332031, 32.646537780761676 ], [ -93.883872985839844, 32.650474548339858 ], [ -93.887779235839844, 32.654102325439439 ], [ -93.888641357421875, 32.655475616455028 ], [ -93.889106750488281, 32.656921386718729 ], [ -93.891731262207045, 32.66704940795897 ], [ -93.891967773437514, 32.668811798095753 ], [ -93.890960693359375, 32.673324584960966 ], [ -93.8909912109375, 32.674861907958999 ], [ -93.891586303710938, 32.6765327453613 ], [ -93.892288208007812, 32.67735671997066 ], [ -93.893966674804688, 32.67816162109375 ], [ -93.896217346191406, 32.679878234863288 ], [ -93.897377014160156, 32.680454254150398 ], [ -93.898406982421875, 32.680683135986314 ], [ -93.901573181152344, 32.680271148681655 ], [ -93.902664184570312, 32.680980682373068 ], [ -93.902961730957031, 32.681991577148459 ], [ -93.902740478515625, 32.683845520019524 ], [ -93.903282165527344, 32.684852600097642 ], [ -93.905426025390625, 32.686985015869141 ], [ -93.905776977539062, 32.688014984130845 ], [ -93.905799865722656, 32.689163208007827 ], [ -93.906753540039062, 32.690605163574205 ], [ -93.906776428222656, 32.691177368164077 ], [ -93.905960083007812, 32.692714691162095 ], [ -93.9061279296875, 32.694660186767543 ], [ -93.907722473144531, 32.696746826171861 ], [ -93.909378051757812, 32.698261260986314 ], [ -93.910232543945312, 32.700061798095696 ], [ -93.907699584960938, 32.701602935791051 ], [ -93.906776428222656, 32.701831817626946 ], [ -93.886909484863281, 32.705768585205092 ], [ -93.886528015136719, 32.705722808837905 ], [ -93.885116577148438, 32.704002380371101 ], [ -93.883277893066406, 32.702880859374993 ], [ -93.881111145019531, 32.702236175537116 ], [ -93.879898071289062, 32.702167510986342 ], [ -93.869293212890625, 32.702236175537116 ], [ -93.845420837402344, 32.70283889770505 ], [ -93.83978271484375, 32.702472686767557 ], [ -93.823883056640625, 32.702705383300795 ], [ -93.812934875488281, 32.702411651611321 ], [ -93.800605773925781, 32.702751159667955 ], [ -93.79461669921875, 32.705593109130817 ], [ -93.79388427734375, 32.705707550048828 ], [ -93.790336608886719, 32.70502090454103 ], [ -93.787078857421875, 32.704811096191428 ], [ -93.7874755859375, 32.702110290527337 ], [ -93.783439636230469, 32.702167510986342 ], [ -93.786590576171875, 32.686862945556669 ], [ -93.788154602050781, 32.678134918212926 ], [ -93.78826904296875, 32.67322540283206 ], [ -93.787521362304688, 32.669940948486349 ], [ -93.787033081054688, 32.668838500976548 ], [ -93.785919189453125, 32.66853332519527 ], [ -93.783454895019531, 32.669052124023402 ], [ -93.780998229980469, 32.670482635498026 ], [ -93.779319763183594, 32.672550201415973 ], [ -93.776084899902344, 32.674011230468722 ], [ -93.774749755859375, 32.673995971679723 ], [ -93.774322509765625, 32.672885894775405 ], [ -93.77618408203125, 32.668430328369155 ], [ -93.776412963867188, 32.666435241699219 ], [ -93.775505065917969, 32.664344787597678 ], [ -93.773200988769531, 32.662220001220717 ], [ -93.77166748046875, 32.661239624023452 ], [ -93.771026611328125, 32.660423278808587 ], [ -93.770721435546875, 32.658916473388672 ], [ -93.769523620605469, 32.657257080078175 ], [ -93.766372680664062, 32.654350280761726 ], [ -93.765647888183594, 32.652534484863267 ], [ -93.767326354980469, 32.650482177734339 ], [ -93.769065856933594, 32.649299621582038 ], [ -93.771270751953125, 32.648792266845703 ], [ -93.774314880371094, 32.64867019653321 ], [ -93.778488159179702, 32.64959335327147 ], [ -93.779815673828125, 32.649429321289077 ], [ -93.781074523925781, 32.648708343505866 ], [ -93.782897949218764, 32.646156311035156 ], [ -93.784477233886719, 32.645160675048842 ], [ -93.785430908203125, 32.644264221191371 ], [ -93.785713195800781, 32.643470764160178 ], [ -93.78515625, 32.64184951782228 ], [ -93.783760070800781, 32.640319824218743 ], [ -93.781654357910156, 32.638923645019517 ], [ -93.776824951171875, 32.637058258056648 ], [ -93.774421691894531, 32.636436462402372 ], [ -93.770652770996094, 32.636360168457003 ], [ -93.768539428710938, 32.637088775634709 ], [ -93.767005920410156, 32.638107299804688 ], [ -93.765869140625, 32.639816284179695 ], [ -93.764778137207031, 32.640834808349602 ], [ -93.763465881347656, 32.641239166259787 ], [ -93.762016296386719, 32.640945434570284 ], [ -93.758003234863295, 32.637241363525398 ], [ -93.755378723144545, 32.634059906005916 ], [ -93.752944946289062, 32.630126953124993 ], [ -93.751785278320327, 32.62793350219728 ], [ -93.751052856445327, 32.625 ], [ -93.751327514648438, 32.620704650878906 ], [ -93.754173278808608, 32.614208221435568 ], [ -93.758590698242188, 32.608959197998068 ], [ -93.759490966796875, 32.607215881347635 ], [ -93.759773254394531, 32.605934143066435 ], [ -93.757698059082031, 32.604209899902351 ], [ -93.753471374511719, 32.603534698486328 ], [ -93.747169494628906, 32.603374481201165 ], [ -93.744941711425781, 32.603103637695298 ], [ -93.742515563964844, 32.602207183837919 ], [ -93.739585876464844, 32.599552154541051 ], [ -93.739662170410156, 32.598369598388722 ], [ -93.74017333984375, 32.597087860107422 ], [ -93.740974426269531, 32.596305847167926 ], [ -93.743873596191406, 32.595294952392592 ], [ -93.7449951171875, 32.595199584960923 ], [ -93.747123718261719, 32.595840454101562 ], [ -93.752799987792969, 32.599697113037124 ], [ -93.759811401367202, 32.597137451171918 ], [ -93.766845703125, 32.59606552124022 ], [ -93.768928527832031, 32.595520019531214 ], [ -93.770286560058594, 32.594318389892564 ], [ -93.770462036132827, 32.593246459960874 ], [ -93.770195007324219, 32.592544555664055 ], [ -93.76971435546875, 32.591793060302727 ], [ -93.768577575683594, 32.590991973876974 ], [ -93.761390686035156, 32.588417053222699 ], [ -93.756767272949219, 32.587375640869155 ], [ -93.754142761230469, 32.587936401367202 ], [ -93.751792907714844, 32.589599609374972 ], [ -93.748924255371094, 32.591247558593757 ], [ -93.744735717773438, 32.59183883666995 ], [ -93.741531372070312, 32.591335296630859 ], [ -93.739295959472656, 32.590625762939467 ], [ -93.737632751464844, 32.589374542236271 ], [ -93.736671447753906, 32.588031768798821 ], [ -93.735870361328125, 32.585918426513693 ], [ -93.735580444335938, 32.583553314208963 ], [ -93.736434936523438, 32.579696655273416 ], [ -93.741905212402344, 32.571422576904283 ], [ -93.742942810058594, 32.57030487060549 ], [ -93.744895935058594, 32.568817138671889 ], [ -93.748771667480469, 32.566688537597642 ], [ -93.755043029785156, 32.564609527587891 ], [ -93.756736755371094, 32.564449310302741 ], [ -93.759132385253906, 32.563758850097635 ], [ -93.763107299804688, 32.562080383300831 ], [ -93.765518188476562, 32.560081481933601 ], [ -93.766288757324219, 32.558959960937507 ], [ -93.767135620117188, 32.556385040283182 ], [ -93.767196655273438, 32.554046630859332 ], [ -93.766159057617202, 32.551792144775426 ], [ -93.762786865234375, 32.549102783203111 ], [ -93.761390686035156, 32.548526763916037 ], [ -93.758529663085938, 32.547870635986293 ], [ -93.756706237792969, 32.548206329345682 ], [ -93.753135681152344, 32.54816055297848 ], [ -93.750656127929688, 32.548831939697244 ], [ -93.7437744140625, 32.550399780273452 ], [ -93.735298156738281, 32.551967620849602 ], [ -93.733901977539062, 32.551998138427741 ], [ -93.731170654296875, 32.55158233642576 ], [ -93.728050231933594, 32.548255920410142 ], [ -93.726974487304688, 32.545902252197315 ], [ -93.726264953613281, 32.54282379150392 ], [ -93.7261962890625, 32.542598724365227 ], [ -93.726997375488295, 32.536998748779304 ], [ -93.729232788085938, 32.534179687499986 ], [ -93.730003356933594, 32.533199310302756 ], [ -93.732597351074219, 32.532100677490263 ], [ -93.734901428222656, 32.53229904174804 ], [ -93.736106872558594, 32.533100128173842 ], [ -93.738105773925781, 32.535301208496072 ], [ -93.739501953125, 32.541999816894553 ], [ -93.743507385253906, 32.546100616455064 ], [ -93.744384765625, 32.546382904052678 ], [ -93.747505187988281, 32.546501159668004 ], [ -93.749969482421875, 32.54462432861331 ], [ -93.750900268554688, 32.543201446533182 ], [ -93.751373291015625, 32.541946411132784 ], [ -93.751701354980469, 32.541099548339858 ], [ -93.753997802734375, 32.539100646972635 ], [ -93.755401611328125, 32.536598205566378 ], [ -93.760597229003906, 32.538501739501967 ], [ -93.762397766113281, 32.539699554443374 ], [ -93.763900756835938, 32.54010009765625 ], [ -93.766105651855469, 32.541801452636712 ], [ -93.766998291015625, 32.541801452636712 ], [ -93.767303466796875, 32.538501739501967 ], [ -93.765106201171875, 32.536701202392543 ], [ -93.759002685546875, 32.532398223876918 ], [ -93.756401062011719, 32.530200958251953 ], [ -93.75250244140625, 32.528301239013693 ], [ -93.751602172851562, 32.528099060058587 ], [ -93.750396728515625, 32.528800964355455 ], [ -93.747001647949219, 32.533500671386754 ], [ -93.74420166015625, 32.532199859619119 ], [ -93.743598937988281, 32.53120040893554 ], [ -93.745201110839858, 32.530799865722649 ], [ -93.747398376464844, 32.529800415039084 ], [ -93.749000549316406, 32.527999877929716 ], [ -93.749198913574219, 32.526000976562528 ], [ -93.745201110839858, 32.520099639892571 ], [ -93.742401123046875, 32.517799377441392 ], [ -93.740104675292969, 32.515201568603523 ], [ -93.737907409667983, 32.512298583984347 ], [ -93.737777709960952, 32.512218475341797 ], [ -93.73239898681642, 32.508598327636747 ], [ -93.727706909179702, 32.508300781249993 ], [ -93.724601745605469, 32.508598327636726 ], [ -93.719802856445312, 32.507900238037131 ], [ -93.713302612304688, 32.504501342773423 ], [ -93.707954406738295, 32.50048065185549 ], [ -93.707878112792969, 32.500423431396491 ], [ -93.707473754882812, 32.500102996826129 ], [ -93.705802917480483, 32.498798370361314 ], [ -93.70550537109375, 32.498600006103494 ], [ -93.706657409667969, 32.495998382568409 ], [ -93.708015441894531, 32.495246887207024 ], [ -93.714920043945312, 32.493953704833984 ], [ -93.71832275390625, 32.493312835693366 ], [ -93.717758178710938, 32.49139022827147 ], [ -93.717704772949219, 32.487998962402358 ], [ -93.716300964355469, 32.487499237060497 ], [ -93.714202880859375, 32.487598419189425 ], [ -93.7135009765625, 32.485801696777322 ], [ -93.71820068359375, 32.483898162841783 ], [ -93.720306396484389, 32.484401702880881 ], [ -93.721397399902344, 32.48429870605468 ], [ -93.723396301269531, 32.483001708984418 ], [ -93.722801208496108, 32.48149871826174 ], [ -93.721900939941406, 32.480098724365284 ], [ -93.724502563476562, 32.480998992919901 ], [ -93.725601196289062, 32.48139953613282 ], [ -93.729507446289062, 32.48149871826174 ], [ -93.733802795410156, 32.48149871826174 ], [ -93.733596801757812, 32.484600067138629 ], [ -93.732902526855469, 32.485599517822287 ], [ -93.732803344726562, 32.486499786376946 ], [ -93.733001708984375, 32.492401123046839 ], [ -93.733001708984375, 32.495998382568388 ], [ -93.733001708984375, 32.497001647949219 ], [ -93.737304687500014, 32.497001647949219 ], [ -93.737304687500014, 32.492401123046832 ], [ -93.739501953125, 32.492401123046861 ], [ -93.745796203613281, 32.492401123046839 ], [ -93.746002197265625, 32.49029922485353 ], [ -93.745796203613281, 32.48509979248049 ], [ -93.754501342773438, 32.48509979248049 ], [ -93.755706787109375, 32.485198974609418 ], [ -93.755706787109375, 32.481700897216825 ], [ -93.755500793457031, 32.469200134277351 ], [ -93.755401611328125, 32.467201232910156 ], [ -93.755996704101562, 32.465400695800717 ], [ -93.756599426269531, 32.463600158691399 ], [ -93.757003784179688, 32.459800720214908 ], [ -93.756904602050781, 32.455501556396456 ], [ -93.756904602050781, 32.450996398925753 ], [ -93.745597839355469, 32.450901031494155 ], [ -93.745597839355469, 32.441799163818352 ], [ -93.739501953125, 32.44229888916017 ], [ -93.73675537109375, 32.439231872558608 ], [ -93.73919677734375, 32.437801361083999 ], [ -93.736396789550781, 32.434398651123018 ], [ -93.736503601074219, 32.433898925781243 ], [ -93.739906311035156, 32.431400299072266 ], [ -93.741500854492188, 32.430599212646463 ], [ -93.743400573730469, 32.429199218749979 ], [ -93.739799499511733, 32.425098419189489 ], [ -93.735603332519531, 32.421600341796896 ], [ -93.73590087890625, 32.420063018798849 ], [ -93.735702514648438, 32.419498443603487 ], [ -93.736000061035156, 32.41880035400392 ], [ -93.736976623535156, 32.416687011718764 ], [ -93.737701416015625, 32.414001464843757 ], [ -93.738433837890625, 32.412815093994148 ], [ -93.738197326660156, 32.412601470947266 ], [ -93.738304138183594, 32.408401489257855 ], [ -93.738166809082031, 32.405536651611335 ], [ -93.73590087890625, 32.401599884033182 ], [ -93.736305236816406, 32.40129852294919 ], [ -93.738426208496094, 32.405162811279283 ], [ -93.747703552246094, 32.421501159667926 ], [ -93.762702941894531, 32.42480087280277 ], [ -93.770103454589844, 32.426200866699219 ], [ -93.776199340820312, 32.427501678466811 ], [ -93.783798217773438, 32.429901123046868 ], [ -93.780502319335938, 32.441699981689432 ], [ -93.778396606445312, 32.44889831542968 ], [ -93.776603698730469, 32.456199645996065 ], [ -93.777107238769531, 32.456199645996065 ], [ -93.786895751953125, 32.456207275390668 ], [ -93.792396545410156, 32.456199645996072 ], [ -93.797103881835938, 32.451801300048878 ], [ -93.807197570800781, 32.441799163818352 ], [ -93.816001892089844, 32.433101654052706 ], [ -93.823997497558594, 32.425201416015646 ], [ -93.829200744628906, 32.430999755859375 ], [ -93.831596374511719, 32.433498382568381 ], [ -93.833602905273438, 32.435699462890611 ], [ -93.837799072265625, 32.441799163818359 ], [ -93.841354370117188, 32.441898345947273 ], [ -93.844703674316406, 32.441799163818352 ], [ -93.848602294921875, 32.437698364257834 ], [ -93.850837707519531, 32.436805725097628 ], [ -93.857398986816406, 32.433998107910206 ], [ -93.860603332519531, 32.432598114013651 ], [ -93.864303588867188, 32.429500579833949 ], [ -93.8677978515625, 32.427501678466811 ], [ -93.871170043945312, 32.424682617187528 ], [ -93.875602722167969, 32.420700073242173 ], [ -93.87640380859375, 32.419601440429688 ], [ -93.876571655273438, 32.419330596923793 ], [ -93.876907348632812, 32.41880035400392 ], [ -93.878189086914062, 32.417781829833963 ], [ -93.883010864257812, 32.414085388183601 ], [ -93.885475158691406, 32.412208557128906 ], [ -93.889472961425781, 32.412353515625028 ], [ -93.893356323242188, 32.409366607666009 ], [ -93.894309997558594, 32.408649444580057 ], [ -93.895210266113281, 32.407943725585902 ], [ -93.895980834960938, 32.407329559326222 ], [ -93.896278381347656, 32.406566619873026 ], [ -93.897361755371094, 32.403759002685526 ], [ -93.89837646484375, 32.402297973632827 ], [ -93.899917602539062, 32.400543212890639 ], [ -93.900016784667969, 32.3762397766113 ], [ -93.900222778320312, 32.348705291748061 ], [ -93.900306701660156, 32.336032867431662 ], [ -93.898735046386719, 32.337150573730455 ], [ -93.891822814941406, 32.340942382812514 ], [ -93.8836669921875, 32.345920562744091 ], [ -93.883758544921875, 32.342975616455078 ], [ -93.880126953125, 32.340606689453182 ], [ -93.880096435546875, 32.320129394531243 ], [ -93.870491027832031, 32.30922698974608 ], [ -93.870323181152344, 32.288433074951151 ], [ -93.870079040527344, 32.286575317382827 ], [ -93.862274169921889, 32.27991867065424 ], [ -93.856773376464844, 32.2747802734375 ], [ -93.856338500976562, 32.276672363281278 ], [ -93.855522155761719, 32.277183532714822 ], [ -93.855552673339844, 32.27759933471679 ], [ -93.85601806640625, 32.277904510498018 ], [ -93.856483459472656, 32.278289794921882 ], [ -93.855583190917983, 32.279857635498054 ], [ -93.856224060058594, 32.27980804443358 ], [ -93.856620788574219, 32.280128479003913 ], [ -93.856163024902358, 32.280414581298778 ], [ -93.856513977050781, 32.280719757080057 ], [ -93.856109619140625, 32.280910491943352 ], [ -93.855262756347656, 32.282783508300746 ], [ -93.854530334472656, 32.283103942871101 ], [ -93.853950500488281, 32.284065246582031 ], [ -93.853347778320312, 32.284320831298821 ], [ -93.853118896484375, 32.284992218017599 ], [ -93.852577209472656, 32.284687042236335 ], [ -93.852348327636719, 32.285263061523459 ], [ -93.851692199707031, 32.284622192382827 ], [ -93.851516723632812, 32.285663604736307 ], [ -93.850654602050795, 32.285953521728509 ], [ -93.850433349609375, 32.286399841308658 ], [ -93.851409912109375, 32.287712097167997 ], [ -93.852386474609375, 32.288448333740234 ], [ -93.851676940917969, 32.289630889892585 ], [ -93.851234436035156, 32.289009094238281 ], [ -93.850433349609375, 32.289310455322251 ], [ -93.849266052246094, 32.290958404541023 ], [ -93.846145629882812, 32.290191650390625 ], [ -93.8446044921875, 32.290958404541009 ], [ -93.842369079589844, 32.292961120605483 ], [ -93.841987609863281, 32.292816162109368 ], [ -93.842079162597656, 32.293567657470696 ], [ -93.841331481933594, 32.293678283691378 ], [ -93.841667175292969, 32.294208526611314 ], [ -93.840957641601562, 32.294319152832003 ], [ -93.841728210449219, 32.294895172119155 ], [ -93.841201782226562, 32.295360565185504 ], [ -93.840339660644531, 32.295505523681676 ], [ -93.839164733886733, 32.295104980468714 ], [ -93.838943481445312, 32.295616149902351 ], [ -93.836257934570312, 32.297103881835923 ], [ -93.8353271484375, 32.297393798828089 ], [ -93.834976196289062, 32.298366546630817 ], [ -93.834396362304688, 32.298656463623061 ], [ -93.833793640136719, 32.298465728759787 ], [ -93.833343505859375, 32.29908752441407 ], [ -93.831840515136719, 32.299728393554709 ], [ -93.831581115722656, 32.300640106201172 ], [ -93.831085205078125, 32.301151275634744 ], [ -93.830657958984375, 32.301055908203139 ], [ -93.830307006835938, 32.301551818847706 ], [ -93.829185485839844, 32.30199813842777 ], [ -93.828384399414077, 32.302017211914077 ], [ -93.824897766113281, 32.302143096923821 ], [ -93.8240966796875, 32.301727294921847 ], [ -93.823074340820312, 32.302814483642557 ], [ -93.822975158691406, 32.303310394287131 ], [ -93.821571350097656, 32.305248260498047 ], [ -93.822113037109375, 32.305633544921896 ], [ -93.821586608886733, 32.305854797363295 ], [ -93.819107055664062, 32.3060302734375 ], [ -93.819328308105469, 32.306385040283132 ], [ -93.81915283203125, 32.306991577148409 ], [ -93.818611145019531, 32.30737686157223 ], [ -93.8165283203125, 32.307552337646506 ], [ -93.81591796875, 32.308479309082031 ], [ -93.81497955322267, 32.307983398437486 ], [ -93.811309814453125, 32.309040069580057 ], [ -93.811134338378906, 32.309936523437464 ], [ -93.810371398925781, 32.309886932373082 ], [ -93.809951782226562, 32.310688018798842 ], [ -93.809280395507812, 32.311214447021477 ], [ -93.807357788085938, 32.311855316162081 ], [ -93.806655883789062, 32.314544677734411 ], [ -93.807441711425781, 32.315345764160128 ], [ -93.807373046875, 32.315856933593771 ], [ -93.807777404785156, 32.316864013671903 ], [ -93.8076171875, 32.317264556884787 ], [ -93.808013916015625, 32.318542480468736 ], [ -93.806915283203125, 32.319408416748068 ], [ -93.8062744140625, 32.320430755615241 ], [ -93.8070068359375, 32.320831298828125 ], [ -93.807647705078125, 32.322097778320327 ], [ -93.808448791503906, 32.322303771972685 ], [ -93.808387756347656, 32.32262420654299 ], [ -93.80767822265625, 32.323169708251953 ], [ -93.807533264160156, 32.324417114257805 ], [ -93.80633544921875, 32.326831817626946 ], [ -93.806221008300781, 32.327983856201151 ], [ -93.804962158203125, 32.329872131347656 ], [ -93.804862976074219, 32.330398559570327 ], [ -93.8043212890625, 32.330673217773423 ], [ -93.804222106933608, 32.331249237060561 ], [ -93.80364990234375, 32.331710815429695 ], [ -93.802268981933594, 32.332065582275433 ], [ -93.801597595214844, 32.332481384277337 ], [ -93.801712036132812, 32.332958221435526 ], [ -93.801010131835938, 32.333217620849624 ], [ -93.800064086914062, 32.333118438720717 ], [ -93.79901123046875, 32.333454132080071 ], [ -93.799423217773452, 32.333648681640646 ], [ -93.799552917480483, 32.334239959716797 ], [ -93.798622131347656, 32.334945678710952 ], [ -93.79876708984375, 32.335552215576179 ], [ -93.798126220703125, 32.335582733154276 ], [ -93.797523498535156, 32.336303710937564 ], [ -93.796531677246094, 32.336448669433565 ], [ -93.795967102050781, 32.336864471435554 ], [ -93.795036315917969, 32.336353302001939 ], [ -93.793952941894531, 32.336799621582003 ], [ -93.792190551757812, 32.338161468505874 ], [ -93.791709899902344, 32.337551116943366 ], [ -93.791183471679688, 32.337825775146491 ], [ -93.790786743164062, 32.338623046875 ], [ -93.790206909179688, 32.338481903076151 ], [ -93.789779663085938, 32.338047027587876 ], [ -93.789421081542969, 32.338367462158146 ], [ -93.790130615234375, 32.339103698730476 ], [ -93.789825439453125, 32.33955383300777 ], [ -93.789169311523438, 32.339519500732422 ], [ -93.78851318359375, 32.340065002441378 ], [ -93.78790283203125, 32.340961456298842 ], [ -93.786781311035156, 32.341152191162138 ], [ -93.785148620605469, 32.340576171875 ], [ -93.783859252929688, 32.34217453002929 ], [ -93.782173156738281, 32.342288970947294 ], [ -93.781486511230469, 32.342769622802713 ], [ -93.780380249023452, 32.342559814453118 ], [ -93.779838562011719, 32.342193603515625 ], [ -93.778450012207031, 32.342079162597649 ], [ -93.777664184570312, 32.341281890869148 ], [ -93.776191711425781, 32.34089660644532 ], [ -93.776451110839844, 32.340415954589865 ], [ -93.776412963867188, 32.339504241943345 ], [ -93.775840759277358, 32.339233398437536 ], [ -93.775138854980469, 32.339393615722649 ], [ -93.77532958984375, 32.340511322021499 ], [ -93.774513244628906, 32.340766906738303 ], [ -93.773200988769531, 32.340736389160192 ], [ -93.773231506347656, 32.341342926025412 ], [ -93.772224426269531, 32.340976715087898 ], [ -93.771934509277344, 32.341934204101562 ], [ -93.772300720214844, 32.342670440673814 ], [ -93.769905090332031, 32.343952178955135 ], [ -93.767120361328125, 32.344337463378878 ], [ -93.766082763671875, 32.34419250488282 ], [ -93.764892578125, 32.345310211181634 ], [ -93.763679504394531, 32.344463348388643 ], [ -93.763214111328125, 32.344017028808615 ], [ -93.763298034667969, 32.342849731445291 ], [ -93.762718200683594, 32.34243011474608 ], [ -93.762130737304688, 32.34257507324223 ], [ -93.761680603027344, 32.343631744384801 ], [ -93.761138916015625, 32.344017028808615 ], [ -93.759933471679688, 32.343376159667997 ], [ -93.759552001953139, 32.343551635742209 ], [ -93.759292602539062, 32.344047546386726 ], [ -93.758239746093764, 32.344127655029325 ], [ -93.756973266601562, 32.343376159667976 ], [ -93.755363464355469, 32.343326568603544 ], [ -93.754081726074219, 32.342960357666016 ], [ -93.753219604492188, 32.342399597167976 ], [ -93.752609252929688, 32.34246444702147 ], [ -93.751907348632812, 32.341232299804688 ], [ -93.753150939941406, 32.340015411376932 ], [ -93.752494812011733, 32.339679718017578 ], [ -93.751502990722656, 32.339855194091811 ], [ -93.750015258789062, 32.339889526367216 ], [ -93.749404907226562, 32.340145111083935 ], [ -93.748985290527344, 32.340751647949247 ], [ -93.74774169921875, 32.341838836669936 ], [ -93.747489929199219, 32.341777801513722 ], [ -93.745376586914062, 32.339103698730476 ], [ -93.744224548339844, 32.338367462158146 ], [ -93.743789672851562, 32.337745666503899 ], [ -93.744338989257812, 32.336830139160156 ], [ -93.744094848632812, 32.335647583007834 ], [ -93.742172241210938, 32.334720611572266 ], [ -93.740798950195312, 32.330223083496101 ], [ -93.739311218261719, 32.329185485839858 ], [ -93.737724304199219, 32.326015472412138 ], [ -93.73651123046875, 32.325664520263722 ], [ -93.73465728759767, 32.326015472412138 ], [ -93.734077453613281, 32.325534820556612 ], [ -93.731452941894531, 32.326305389404297 ], [ -93.730064392089844, 32.325630187988267 ], [ -93.728897094726562, 32.327392578125043 ], [ -93.727485656738281, 32.328449249267578 ], [ -93.725532531738281, 32.328304290771456 ], [ -93.722816467285156, 32.324401855468764 ], [ -93.721473693847656, 32.32406234741206 ], [ -93.71966552734375, 32.322528839111349 ], [ -93.718620300292969, 32.320449829101555 ], [ -93.718338012695312, 32.318687438964787 ], [ -93.715950012207031, 32.31651306152343 ], [ -93.714126586914062, 32.316032409668004 ], [ -93.710014343261719, 32.315841674804688 ], [ -93.7081298828125, 32.316833496093771 ], [ -93.705116271972656, 32.318927764892642 ], [ -93.702316284179688, 32.318401336669943 ], [ -93.701278686523438, 32.318447113037109 ], [ -93.700126647949219, 32.31916809082032 ], [ -93.699501037597656, 32.320384979248075 ], [ -93.700317382812514, 32.322113037109368 ], [ -93.699920654296875, 32.323135375976548 ], [ -93.6986083984375, 32.324382781982472 ], [ -93.697868347167969, 32.324607849121087 ], [ -93.695808410644531, 32.323806762695291 ], [ -93.694046020507812, 32.322113037109368 ], [ -93.691871643066406, 32.320686340332053 ], [ -93.690879821777344, 32.319744110107386 ], [ -93.688865661621094, 32.316703796386719 ], [ -93.687904357910156, 32.31639862060549 ], [ -93.686653137207045, 32.31659317016603 ], [ -93.6844482421875, 32.31718444824218 ], [ -93.682029724121094, 32.316654205322266 ], [ -93.680381774902344, 32.317134857177699 ], [ -93.678642272949219, 32.318241119384766 ], [ -93.676765441894531, 32.318622589111328 ], [ -93.674942016601562, 32.31828689575191 ], [ -93.671760559082031, 32.31639862060549 ], [ -93.666450500488281, 32.317279815673878 ], [ -93.662849426269531, 32.315105438232443 ], [ -93.661872863769531, 32.315040588378885 ], [ -93.661376953125, 32.314785003662088 ], [ -93.660446166992202, 32.313568115234425 ], [ -93.660530090332031, 32.311744689941413 ], [ -93.660079956054702, 32.311168670654268 ], [ -93.658195495605469, 32.310367584228523 ], [ -93.655441284179688, 32.309616088867202 ], [ -93.654975891113281, 32.308639526367166 ], [ -93.653358459472656, 32.307743072509766 ], [ -93.651901245117188, 32.307281494140639 ], [ -93.65057373046875, 32.305950164794936 ], [ -93.649185180664062, 32.305648803710938 ], [ -93.646095275878906, 32.304065704345732 ], [ -93.645698547363281, 32.302848815917976 ], [ -93.646240234375, 32.301696777343793 ], [ -93.646049499511719, 32.301185607910156 ], [ -93.643875122070312, 32.29838562011718 ], [ -93.642173767089844, 32.298366546630817 ], [ -93.64068603515625, 32.297119140624979 ], [ -93.640220642089858, 32.295585632324219 ], [ -93.638893127441406, 32.294254302978494 ], [ -93.638465881347656, 32.293441772460945 ], [ -93.637969970703125, 32.290737152099588 ], [ -93.637519836425781, 32.289825439453061 ], [ -93.632720947265625, 32.287631988525384 ], [ -93.631584167480469, 32.286270141601584 ], [ -93.629981994628906, 32.28523254394527 ], [ -93.627548217773438, 32.285247802734375 ], [ -93.625022888183594, 32.284202575683601 ], [ -93.623542785644531, 32.283149719238232 ], [ -93.623397827148438, 32.281749725341811 ], [ -93.622650146484375, 32.279918670654276 ], [ -93.620269775390625, 32.278453826904276 ], [ -93.620292663574219, 32.276344299316399 ], [ -93.618324279785156, 32.275588989257777 ], [ -93.617973327636719, 32.275268554687486 ], [ -93.618057250976577, 32.274902343749986 ], [ -93.61907958984375, 32.274143218994148 ], [ -93.618598937988281, 32.273685455322259 ], [ -93.61700439453125, 32.273822784423842 ], [ -93.616363525390625, 32.273410797119169 ], [ -93.614120483398452, 32.269290924072273 ], [ -93.614143371582031, 32.26860046386718 ], [ -93.615005493164062, 32.26784515380858 ], [ -93.614028930664062, 32.266170501709034 ], [ -93.613975524902344, 32.264865875244077 ], [ -93.615058898925781, 32.263675689697223 ], [ -93.615592956542969, 32.261634826660163 ], [ -93.616508483886733, 32.260742187500043 ], [ -93.617988586425781, 32.256431579589815 ], [ -93.618232727050781, 32.254024505615199 ], [ -93.617019653320312, 32.251621246337898 ], [ -93.615966796875, 32.248706817626974 ], [ -93.615829467773438, 32.245246887206989 ], [ -93.616127014160156, 32.24359893798831 ], [ -93.615829467773438, 32.242156982421875 ], [ -93.614852905273438, 32.240299224853537 ], [ -93.614532470703125, 32.237358093261719 ], [ -93.574668884277344, 32.237621307373026 ], [ -93.5, 32.23733901977544 ], [ -93.49603271484375, 32.237045288085973 ], [ -93.488212585449219, 32.237033843994134 ], [ -93.4710693359375, 32.237030029296868 ], [ -93.463165283203125, 32.237003326416001 ], [ -93.457763671875, 32.235813140869134 ], [ -93.432998657226562, 32.235591888427756 ], [ -93.427970886230469, 32.23574066162108 ], [ -93.427688598632812, 32.235748291015632 ], [ -93.424034118652344, 32.235858917236364 ], [ -93.420974731445312, 32.234535217285149 ], [ -93.419410705566406, 32.233207702636683 ], [ -93.390342712402344, 32.188056945800803 ], [ -93.390022277832045, 32.186820983886726 ], [ -93.389999389648452, 32.181228637695298 ], [ -93.390258789062514, 32.155540466308601 ], [ -93.390258789062514, 32.149673461914048 ], [ -93.389801025390625, 32.147842407226584 ], [ -93.386978149414062, 32.143302917480447 ], [ -93.383285522460938, 32.138122558593757 ], [ -93.382537841796875, 32.136150360107372 ], [ -93.382698059082031, 32.133766174316413 ], [ -93.383560180664062, 32.13106536865233 ], [ -93.391357421875, 32.110675811767592 ], [ -93.392059326171875, 32.108520507812479 ], [ -93.391952514648438, 32.107444763183629 ], [ -93.391761779785156, 32.106437683105462 ], [ -93.381385803222656, 32.086887359619141 ], [ -93.376945495605469, 32.078773498535185 ], [ -93.366386413574219, 32.069683074951186 ], [ -93.366966247558594, 32.068347930908175 ], [ -93.366668701171875, 32.067890167236335 ], [ -93.369575500488281, 32.065437316894581 ], [ -93.369331359863281, 32.062618255615178 ], [ -93.370079040527344, 32.061492919921839 ], [ -93.370109558105469, 32.061035156250014 ], [ -93.369247436523438, 32.059753417968729 ], [ -93.36846923828125, 32.059684753417976 ], [ -93.36737060546875, 32.058837890624972 ], [ -93.367904663085938, 32.056728363037081 ], [ -93.367416381835938, 32.055744171142621 ], [ -93.365936279296875, 32.054550170898416 ], [ -93.366020202636719, 32.053604125976555 ], [ -93.366607666015625, 32.05143737792968 ], [ -93.367256164550795, 32.051204681396463 ], [ -93.362243652343764, 32.046596527099631 ], [ -93.361076354980469, 32.045177459716783 ], [ -93.348960876464844, 32.02607345581059 ], [ -93.347938537597656, 32.024459838867195 ], [ -93.347869873046889, 32.026046752929702 ], [ -93.347770690917969, 32.028541564941378 ], [ -93.343452453613281, 32.028541564941378 ], [ -93.343452453613281, 32.0289115905762 ], [ -93.342575073242188, 32.028160095214851 ], [ -93.341903686523438, 32.028003692626974 ], [ -93.339401245117188, 32.027889251708984 ], [ -93.33966064453125, 32.025482177734375 ], [ -93.339447021484375, 32.023281097412145 ], [ -93.338859558105469, 32.022457122802763 ], [ -93.335029602050781, 32.019954681396456 ], [ -93.336318969726562, 32.018207550048857 ], [ -93.337326049804702, 32.018081665039077 ], [ -93.337600708007812, 32.019245147705085 ], [ -93.337806701660156, 32.020172119140611 ], [ -93.339073181152344, 32.020038604736349 ], [ -93.338897705078139, 32.019058227539077 ], [ -93.338516235351562, 32.016979217529318 ], [ -93.339309692382812, 32.016841888427749 ], [ -93.341545104980469, 32.016613006591811 ], [ -93.341758728027358, 32.016361236572244 ], [ -93.341522216796889, 32.014595031738317 ], [ -93.338882446289062, 32.015003204345703 ], [ -93.326622009277344, 32.016639709472635 ], [ -93.322540283203125, 32.01670837402343 ], [ -93.322410583496094, 32.01670837402343 ], [ -93.319656372070312, 32.01666259765625 ], [ -93.31658935546875, 32.015514373779283 ], [ -93.298194885253906, 32.008342742919908 ], [ -93.29376220703125, 32.006347656249979 ], [ -93.292121887207031, 32.004650115966797 ], [ -93.285667419433594, 31.995239257812472 ], [ -93.285934448242188, 31.9950561523438 ], [ -93.298919677734389, 31.995403289794915 ], [ -93.299430847167969, 31.993568420410163 ], [ -93.299331665039062, 31.992307662963878 ], [ -93.299034118652344, 31.991733551025394 ], [ -93.299217224121094, 31.990657806396495 ], [ -93.298492431640625, 31.989742279052763 ], [ -93.297653198242188, 31.989168167114276 ], [ -93.296310424804688, 31.986577987670849 ], [ -93.296882629394531, 31.982545852661122 ], [ -93.296607971191406, 31.981376647949258 ], [ -93.294136047363281, 31.979200363159233 ], [ -93.2933349609375, 31.977983474731435 ], [ -93.291557312011719, 31.976907730102553 ], [ -93.288818359375, 31.974363327026364 ], [ -93.2880859375, 31.973102569580053 ], [ -93.288414001464844, 31.971153259277354 ], [ -93.288063049316406, 31.96840476989744 ], [ -93.287803649902344, 31.96810531616212 ], [ -93.286720275878906, 31.967761993408182 ], [ -93.280532836914062, 31.966890335082994 ], [ -93.279380798339844, 31.966087341308587 ], [ -93.278709411621094, 31.965057373046928 ], [ -93.278823852539062, 31.963521957397472 ], [ -93.281669616699219, 31.95987892150881 ], [ -93.281692504882812, 31.959238052368164 ], [ -93.283233642578139, 31.959329605102553 ], [ -93.284896850585938, 31.960979461669929 ], [ -93.286026000976562, 31.960796356201172 ], [ -93.2877197265625, 31.959674835205071 ], [ -93.288093566894531, 31.958368301391619 ], [ -93.28973388671875, 31.957771301269492 ], [ -93.290245056152344, 31.956281661987337 ], [ -93.286109924316406, 31.950002670288121 ], [ -93.283050537109375, 31.945924758911097 ], [ -93.281806945800781, 31.945030212402308 ], [ -93.277534484863281, 31.943172454833977 ], [ -93.277000427246094, 31.942529678344698 ], [ -93.276031494140625, 31.939252853393555 ], [ -93.276115417480469, 31.938611984252979 ], [ -93.27691650390625, 31.937213897705103 ], [ -93.27606201171875, 31.936962127685565 ], [ -93.276359558105469, 31.935884475708015 ], [ -93.274665832519531, 31.934669494628924 ], [ -93.273887634277344, 31.932765960693384 ], [ -93.273971557617188, 31.932308197021474 ], [ -93.275985717773438, 31.931644439697294 ], [ -93.27630615234375, 31.929948806762717 ], [ -93.276008605957031, 31.929925918579077 ], [ -93.275291442871094, 31.930429458618146 ], [ -93.274909973144531, 31.930154800415018 ], [ -93.270210266113281, 31.93306350708005 ], [ -93.267951965332031, 31.933910369873065 ], [ -93.263298034667969, 31.93461990356446 ], [ -93.261199951171889, 31.93448257446288 ], [ -93.259376525878906, 31.933792114257795 ], [ -93.25830078125, 31.932806015014641 ], [ -93.2572021484375, 31.930400848388651 ], [ -93.255058288574219, 31.927650451660156 ], [ -93.25250244140625, 31.924922943115195 ], [ -93.249481201171875, 31.920587539672891 ], [ -93.244636535644531, 31.911470413208001 ], [ -93.24224853515625, 31.908147811889641 ], [ -93.239311218261719, 31.905015945434517 ], [ -93.239326477050781, 31.903444290161126 ], [ -93.237869262695312, 31.902196884155305 ], [ -93.231742858886733, 31.898267745971697 ], [ -93.224250793457031, 31.895885467529315 ], [ -93.209213256835938, 31.89157867431641 ], [ -93.203704833984375, 31.88965988159179 ], [ -93.19281005859375, 31.887111663818381 ], [ -93.189208984375, 31.888393402099592 ], [ -93.188270568847656, 31.889938354492166 ], [ -93.188316345214844, 31.893312454223587 ], [ -93.190376281738281, 31.898080825805639 ], [ -93.191421508789062, 31.902389526367227 ], [ -93.18997955322267, 31.905944824218754 ], [ -93.188209533691406, 31.907360076904297 ], [ -93.185569763183594, 31.907518386840824 ], [ -93.183090209960938, 31.906190872192408 ], [ -93.1802978515625, 31.903247833251953 ], [ -93.175666809082031, 31.891395568847695 ], [ -93.1683349609375, 31.882356643676712 ], [ -93.163902282714844, 31.877956390380835 ], [ -93.160873413085938, 31.876731872558569 ], [ -93.157989501953125, 31.876937866210895 ], [ -93.139183044433594, 31.894145965576147 ], [ -93.137184143066406, 31.895067214965838 ], [ -93.133399963378906, 31.894216537475593 ], [ -93.131690979003906, 31.895154953002944 ], [ -93.131233215332031, 31.895200729370121 ], [ -93.131141662597656, 31.896200180053725 ], [ -93.129730224609375, 31.895360946655309 ], [ -93.127418518066406, 31.893157958984357 ], [ -93.12567138671875, 31.892608642578118 ], [ -93.123886108398438, 31.892532348632781 ], [ -93.124839782714844, 31.896753311157227 ], [ -93.122467041015625, 31.899887084960966 ], [ -93.119277954101562, 31.898563385009762 ], [ -93.117218017578125, 31.903060913085941 ], [ -93.121002197265625, 31.904077529907205 ], [ -93.120796203613281, 31.904684066772436 ], [ -93.116470336914062, 31.903701782226562 ], [ -93.11529541015625, 31.906879425048825 ], [ -93.11785888671875, 31.911754608154325 ], [ -93.117881774902344, 31.913982391357447 ], [ -93.116241455078125, 31.914007186889652 ], [ -93.116554260253906, 31.914585113525433 ], [ -93.115478515625, 31.914520263671861 ], [ -93.115806579589844, 31.914026260375948 ], [ -93.113471984863281, 31.91400909423832 ], [ -93.113471984863281, 31.913331985473604 ], [ -93.115478515625, 31.913265228271491 ], [ -93.113571166992188, 31.910915374755863 ], [ -93.113548278808594, 31.909059524536129 ], [ -93.1126708984375, 31.910768508911129 ], [ -93.110855102539062, 31.912025451660142 ], [ -93.109230041503906, 31.912057876586921 ], [ -93.107345581054688, 31.913673400878892 ], [ -93.105636596679688, 31.913873672485373 ], [ -93.105545043945312, 31.913627624511712 ], [ -93.105400085449219, 31.91325378417967 ], [ -93.107986450195312, 31.910392761230462 ], [ -93.110374450683594, 31.909421920776374 ], [ -93.112831115722656, 31.907609939575188 ], [ -93.11228179931642, 31.906772613525376 ], [ -93.112197875976562, 31.904439926147461 ], [ -93.112541198730469, 31.904373168945341 ], [ -93.11175537109375, 31.900711059570295 ], [ -93.112266540527344, 31.90064620971679 ], [ -93.111930847167969, 31.899436950683636 ], [ -93.112159729003906, 31.899410247802717 ], [ -93.111328125, 31.896215438842759 ], [ -93.11114501953125, 31.89549255371092 ], [ -93.111991882324219, 31.895334243774425 ], [ -93.11151123046875, 31.89427185058593 ], [ -93.109001159667969, 31.888729095458995 ], [ -93.10699462890625, 31.889211654663118 ], [ -93.104492187500014, 31.884685516357425 ], [ -93.105117797851562, 31.884881973266598 ], [ -93.084518432617188, 31.867193222045895 ], [ -93.070877075195312, 31.855897903442379 ], [ -93.057159423828125, 31.844142913818317 ], [ -93.052703857421875, 31.840360641479492 ], [ -93.040275573730469, 31.829759597778345 ], [ -93.039199829101562, 31.831335067749006 ], [ -93.024131774902344, 31.826532363891605 ], [ -93.022613525390625, 31.830501556396506 ], [ -93.022010803222656, 31.83042335510255 ], [ -93.022010803222656, 31.828727722167965 ], [ -93.023231506347656, 31.826528549194315 ], [ -93.023178100585938, 31.825469970703136 ], [ -93.024131774902344, 31.824466705322248 ], [ -93.023902893066406, 31.824274063110376 ], [ -93.0260009765625, 31.823303222656225 ], [ -93.027267456054702, 31.821357727050778 ], [ -93.02911376953125, 31.820945739746112 ], [ -93.030136108398438, 31.820642471313477 ], [ -93.032577514648438, 31.822675704956019 ], [ -93.032905578613295, 31.820383071899421 ], [ -93.036201477050781, 31.820693969726534 ], [ -93.045448303222656, 31.822170257568363 ], [ -93.055549621582031, 31.823608398437482 ], [ -93.063041687011719, 31.823974609375021 ], [ -93.06878662109375, 31.824729919433565 ], [ -93.078254699707031, 31.823949813842809 ], [ -93.080162048339844, 31.823675155639631 ], [ -93.081741333007812, 31.822895050048835 ], [ -93.083168029785156, 31.82143020629881 ], [ -93.084640502929688, 31.818569183349616 ], [ -93.085952758789062, 31.814508438110352 ], [ -93.086540222167969, 31.810634613037088 ], [ -93.088371276855469, 31.805179595947301 ], [ -93.088340759277344, 31.802888870239297 ], [ -93.087295532226562, 31.799243927001996 ], [ -93.087661743164062, 31.794754028320341 ], [ -93.087158203125, 31.792852401733398 ], [ -93.08599853515625, 31.790330886840838 ], [ -93.085838317871094, 31.788221359252923 ], [ -93.093368530273452, 31.784490585327191 ], [ -93.093597412109375, 31.78437423706054 ], [ -93.093826293945312, 31.784261703491207 ], [ -93.086433410644531, 31.784439086914066 ], [ -93.086456298828125, 31.781873703002972 ], [ -93.086135864257812, 31.780269622802749 ], [ -93.08349609375, 31.780082702636744 ], [ -93.084152221679688, 31.779237747192354 ], [ -93.083824157714844, 31.778392791747986 ], [ -93.084259033203125, 31.778024673461914 ], [ -93.084197998046875, 31.777795791625962 ], [ -93.082511901855469, 31.776809692382834 ], [ -93.082366943359375, 31.775060653686538 ], [ -93.0843505859375, 31.773574829101509 ], [ -93.084602355957031, 31.772592544555625 ], [ -93.084762573242188, 31.77071380615233 ], [ -93.084526062011719, 31.766620635986349 ], [ -93.084983825683594, 31.760557174682582 ], [ -93.084220886230469, 31.760515213012699 ], [ -93.084220886230469, 31.760286331176758 ], [ -93.084304809570312, 31.757926940917972 ], [ -93.078727722167969, 31.757514953613281 ], [ -93.078697204589844, 31.756849288940408 ], [ -93.075881958007812, 31.756576538085969 ], [ -93.0760498046875, 31.754810333251932 ], [ -93.076957702636719, 31.754856109619134 ], [ -93.07708740234375, 31.753206253051747 ], [ -93.082267761230469, 31.753526687622088 ], [ -93.082298278808594, 31.75 ], [ -93.081809997558594, 31.741760253906246 ], [ -93.081741333007812, 31.740510940551744 ], [ -93.080696105957031, 31.740314483642578 ], [ -93.078697204589844, 31.741067886352525 ], [ -93.072685241699219, 31.743843078613249 ], [ -93.070083618164062, 31.745306015014691 ], [ -93.067535400390625, 31.746215820312479 ], [ -93.066719055175781, 31.746515274047852 ], [ -93.064002990722656, 31.747516632080025 ], [ -93.061126708984375, 31.749446868896531 ], [ -93.061782836914062, 31.748718261718729 ], [ -93.062820434570312, 31.747394561767585 ], [ -93.063522338867188, 31.746961593627926 ], [ -93.064094543457031, 31.745557785034169 ], [ -93.070091247558594, 31.743377685546889 ], [ -93.069854736328125, 31.742027282714865 ], [ -93.068984985351562, 31.741790771484364 ], [ -93.070182800292969, 31.732408523559595 ], [ -93.071327209472656, 31.732389450073256 ], [ -93.071464538574233, 31.732048034667979 ], [ -93.072265625, 31.731834411621112 ], [ -93.073196411132812, 31.731222152709979 ], [ -93.074493408203125, 31.730560302734379 ], [ -93.074966430664062, 31.731206893920881 ], [ -93.076148986816406, 31.730600357055657 ], [ -93.075035095214858, 31.729368209838842 ], [ -93.074409484863281, 31.728866577148406 ], [ -93.072044372558608, 31.726980209350575 ], [ -93.067970275878906, 31.721433639526371 ], [ -93.066978454589844, 31.719276428222628 ], [ -93.066337585449219, 31.717651367187493 ], [ -93.064910888671875, 31.715635299682653 ], [ -93.059768676757812, 31.708646774291989 ], [ -93.049049377441406, 31.694223403930668 ], [ -93.047760009765625, 31.692235946655273 ], [ -93.046745300292969, 31.689897537231449 ], [ -93.045967102050795, 31.686914443969727 ], [ -93.044891357421875, 31.677991867065437 ], [ -93.037841796875, 31.684551239013672 ], [ -93.038108825683594, 31.683713912963835 ], [ -93.03814697265625, 31.681900024414066 ], [ -93.037071228027344, 31.680364608764638 ], [ -93.03515625, 31.679384231567397 ], [ -93.034828186035156, 31.679946899414062 ], [ -93.032997131347656, 31.679719924926772 ], [ -93.033241271972656, 31.678594589233409 ], [ -93.016380310058608, 31.671855926513672 ], [ -93.006233215332031, 31.669330596923892 ], [ -93.001220703125, 31.667287826538086 ], [ -93.00095367431642, 31.666852951049801 ], [ -93.00095367431642, 31.666141510009751 ], [ -93.002159118652344, 31.663576126098626 ], [ -93.000801086425781, 31.663232803344719 ], [ -93.000503540039062, 31.662590026855469 ], [ -93.000358581542969, 31.655210494995124 ], [ -92.989883422851562, 31.655260086059602 ], [ -92.975112915039062, 31.654922485351562 ], [ -92.972808837890639, 31.654235839843771 ], [ -92.965042114257812, 31.650548934936516 ], [ -92.960487365722656, 31.647478103637706 ], [ -92.958152770996094, 31.646697998046861 ], [ -92.955528259277344, 31.645484924316406 ], [ -92.954994201660156, 31.6455078125 ], [ -92.954032897949219, 31.646722793579084 ], [ -92.950088500976562, 31.648807525634751 ], [ -92.9427490234375, 31.651603698730479 ], [ -92.934211730957031, 31.655889511108441 ], [ -92.933616638183594, 31.655889511108441 ], [ -92.92962646484375, 31.654010772705085 ], [ -92.927879333496094, 31.653665542602543 ], [ -92.926567077636719, 31.653781890869102 ], [ -92.9259033203125, 31.654123306274428 ], [ -92.922309875488281, 31.656713485717749 ], [ -92.921401977539062, 31.65707969665532 ], [ -92.914886474609375, 31.656713485717749 ], [ -92.911453247070312, 31.657857894897475 ], [ -92.906074523925781, 31.656826019287102 ], [ -92.902252197265625, 31.65666961669919 ], [ -92.902778625488281, 31.653446197509744 ], [ -92.903656005859375, 31.650571823120181 ], [ -92.908615112304688, 31.638216018676783 ], [ -92.909851074218764, 31.632886886596687 ], [ -92.910011291503906, 31.630561828613267 ], [ -92.909843444824219, 31.628383636474641 ], [ -92.909400939941406, 31.626941680908185 ], [ -92.908157348632812, 31.625 ], [ -92.904739379882812, 31.622566223144521 ], [ -92.901329040527344, 31.62096595764163 ], [ -92.886589050292969, 31.617631912231435 ], [ -92.884521484375, 31.616724014282212 ], [ -92.882919311523438, 31.616434097290053 ], [ -92.877937316894531, 31.616350173950192 ], [ -92.875, 31.616708755493175 ], [ -92.871017456054688, 31.617551803588828 ], [ -92.869964599609375, 31.617500305175728 ], [ -92.867156982421875, 31.616134643554684 ], [ -92.862091064453125, 31.613180160522514 ], [ -92.852691650390625, 31.606561660766605 ], [ -92.847450256347656, 31.603767395019545 ], [ -92.840789794921875, 31.601064682006818 ], [ -92.838088989257812, 31.600585937500046 ], [ -92.835990905761719, 31.600473403930653 ], [ -92.831199645996094, 31.60063362121581 ], [ -92.828773498535156, 31.600479125976534 ], [ -92.821914672851562, 31.599107742309567 ], [ -92.816749572753906, 31.598442077636719 ], [ -92.808174133300781, 31.598564147949247 ], [ -92.806053161621108, 31.598377227783185 ], [ -92.802848815917969, 31.597469329833995 ], [ -92.800651550292983, 31.596492767334002 ], [ -92.798156738281264, 31.59480094909668 ], [ -92.795333862304688, 31.592403411865252 ], [ -92.793380737304688, 31.590122222900359 ], [ -92.787216186523438, 31.578491210937511 ], [ -92.785888671875, 31.57754135131837 ], [ -92.7833251953125, 31.576774597167976 ], [ -92.779518127441406, 31.573497772216776 ], [ -92.775360107421875, 31.569244384765589 ], [ -92.772735595703125, 31.566923141479485 ], [ -92.770660400390625, 31.565464019775398 ], [ -92.767524719238281, 31.563707351684538 ], [ -92.761894226074219, 31.561328887939457 ], [ -92.756904602050781, 31.55866813659669 ], [ -92.756027221679688, 31.55776786804196 ], [ -92.755584716796875, 31.556022644042965 ], [ -92.756034851074219, 31.5551357269287 ], [ -92.759994506835938, 31.551546096801744 ], [ -92.761192321777344, 31.550001144409173 ], [ -92.761466979980469, 31.54835510253908 ], [ -92.761161804199219, 31.547218322753906 ], [ -92.759979248046875, 31.546421051025391 ], [ -92.756729125976562, 31.54517173767092 ], [ -92.752708435058594, 31.543098449707056 ], [ -92.75, 31.541254043579116 ], [ -92.747657775878906, 31.538412094116229 ], [ -92.746185302734375, 31.53716278076169 ], [ -92.744102478027344, 31.53586959838869 ], [ -92.738250732421875, 31.533201217651339 ], [ -92.73663330078125, 31.532249450683647 ], [ -92.730880737304688, 31.527944564819347 ], [ -92.727287292480469, 31.525653839111314 ], [ -92.720008850097656, 31.525478363037099 ], [ -92.716941833496094, 31.524381637573274 ], [ -92.716293334960938, 31.523509979248022 ], [ -92.71636962890625, 31.522226333618168 ], [ -92.7183837890625, 31.519113540649396 ], [ -92.718833923339844, 31.517421722412113 ], [ -92.715019226074219, 31.511190414428672 ], [ -92.71405029296875, 31.5097541809082 ], [ -92.711456298828125, 31.504003524780277 ], [ -92.709114074707031, 31.501003265380898 ], [ -92.701797485351562, 31.494199752807592 ], [ -92.700210571289062, 31.493824005126971 ], [ -92.697189331054688, 31.4940376281738 ], [ -92.694602966308594, 31.494899749755859 ], [ -92.689743041992188, 31.5 ], [ -92.687850952148438, 31.50077438354494 ], [ -92.686012268066406, 31.500543594360344 ], [ -92.68316650390625, 31.498830795288086 ], [ -92.6824951171875, 31.497720718383817 ], [ -92.682052612304688, 31.49479484558104 ], [ -92.682525634765625, 31.49362182617185 ], [ -92.683197021484375, 31.493099212646527 ], [ -92.68402099609375, 31.492603302001942 ], [ -92.684921264648438, 31.4924011230469 ], [ -92.686920166015625, 31.492298126220742 ], [ -92.692489624023438, 31.492950439453129 ], [ -92.693901062011719, 31.492900848388679 ], [ -92.698600769042969, 31.491699218749982 ], [ -92.699005126953125, 31.491300582885785 ], [ -92.699203491210938, 31.490600585937496 ], [ -92.698883056640625, 31.486810684204098 ], [ -92.699302673339844, 31.484800338745096 ], [ -92.69940185546875, 31.48220062255859 ], [ -92.698707580566406, 31.48010063171386 ], [ -92.697196960449219, 31.478700637817376 ], [ -92.692100524902344, 31.47610092163087 ], [ -92.690505981445312, 31.474500656127887 ], [ -92.690505981445312, 31.47279930114745 ], [ -92.693000793457031, 31.471099853515675 ], [ -92.697601318359375, 31.470699310302738 ], [ -92.700904846191406, 31.471500396728509 ], [ -92.705101013183594, 31.471399307250952 ], [ -92.706802368164062, 31.470300674438494 ], [ -92.707107543945312, 31.468900680542017 ], [ -92.70697021484375, 31.45820617675777 ], [ -92.706085205078139, 31.450508117675728 ], [ -92.704643249511733, 31.448120117187447 ], [ -92.70245361328125, 31.446445465087912 ], [ -92.699447631835938, 31.444894790649386 ], [ -92.696304321289062, 31.444299697876001 ], [ -92.693344116210938, 31.444587707519496 ], [ -92.684173583984375, 31.447708129882777 ], [ -92.681427001953139, 31.447292327880891 ], [ -92.680313110351562, 31.445892333984339 ], [ -92.680007934570312, 31.443910598754897 ], [ -92.682113647460938, 31.44045448303223 ], [ -92.6865234375, 31.436557769775359 ], [ -92.691070556640625, 31.433132171630849 ], [ -92.693084716796875, 31.430801391601612 ], [ -92.69427490234375, 31.427986145019521 ], [ -92.693931579589844, 31.425416946411115 ], [ -92.692306518554688, 31.423259735107408 ], [ -92.69061279296875, 31.421943664550785 ], [ -92.687606811523438, 31.420438766479492 ], [ -92.67864990234375, 31.417697906494141 ], [ -92.677383422851562, 31.416675567626964 ], [ -92.677047729492188, 31.415424346923846 ], [ -92.677444458007812, 31.414562225341761 ], [ -92.679382324218764, 31.413570404052749 ], [ -92.681961059570312, 31.412731170654293 ], [ -92.685775756835938, 31.410858154296896 ], [ -92.6925048828125, 31.408313751220714 ], [ -92.69451904296875, 31.407064437866261 ], [ -92.695503234863281, 31.405099868774457 ], [ -92.695510864257812, 31.403432846069322 ], [ -92.6951904296875, 31.402130126953168 ], [ -92.694076538085938, 31.40077972412109 ], [ -92.692581176757812, 31.399526596069371 ], [ -92.6849365234375, 31.396423339843771 ], [ -92.681961059570312, 31.395814895629886 ], [ -92.679901123046875, 31.39590072631837 ], [ -92.679000854492188, 31.395965576171861 ], [ -92.675704956054688, 31.39708328247071 ], [ -92.673416137695312, 31.399274826049787 ], [ -92.672355651855469, 31.40264129638669 ], [ -92.671211242675781, 31.404533386230451 ], [ -92.669845581054688, 31.40504837036136 ], [ -92.6689453125, 31.405088424682607 ], [ -92.668304443359375, 31.404600143432688 ], [ -92.667709350585938, 31.403339385986317 ], [ -92.667312622070327, 31.400897979736317 ], [ -92.667129516601562, 31.399076461791964 ], [ -92.667282104492188, 31.397346496582038 ], [ -92.6666259765625, 31.394044876098576 ], [ -92.665901184082031, 31.393499374389648 ], [ -92.664199829101562, 31.391099929809503 ], [ -92.662750244140639, 31.389768600463871 ], [ -92.662101745605469, 31.389499664306594 ], [ -92.658500671386719, 31.387899398803739 ], [ -92.654998779296875, 31.387767791748065 ], [ -92.651657104492188, 31.388126373291023 ], [ -92.644241333007812, 31.390323638916051 ], [ -92.640228271484375, 31.392282485961928 ], [ -92.637039184570312, 31.393022537231452 ], [ -92.63580322265625, 31.393100738525394 ], [ -92.633224487304688, 31.392101287841808 ], [ -92.632186889648438, 31.391101837158235 ], [ -92.631797790527344, 31.390300750732433 ], [ -92.632499694824219, 31.387813568115234 ], [ -92.633659362792983, 31.385854721069371 ], [ -92.634124755859375, 31.384492874145533 ], [ -92.634323120117188, 31.382995605468754 ], [ -92.633682250976562, 31.380670547485337 ], [ -92.632904052734375, 31.379472732543956 ], [ -92.63189697265625, 31.378543853759751 ], [ -92.627685546875, 31.375488281249979 ], [ -92.624931335449219, 31.374301910400398 ], [ -92.621482849121094, 31.373546600341797 ], [ -92.619705200195312, 31.373500823974627 ], [ -92.618133544921875, 31.373771667480469 ], [ -92.614578247070312, 31.374809265136715 ], [ -92.612869262695312, 31.376232147216776 ], [ -92.609817504882812, 31.380384445190426 ], [ -92.608856201171875, 31.381368637084901 ], [ -92.607513427734375, 31.382087707519538 ], [ -92.605621337890625, 31.381973266601577 ], [ -92.604110717773438, 31.380928039550788 ], [ -92.599700927734375, 31.375799179077124 ], [ -92.595962524414077, 31.375579833984364 ], [ -92.592330932617188, 31.3769035339356 ], [ -92.586280822753906, 31.377231597900355 ], [ -92.585189819335938, 31.377296447753931 ], [ -92.582504272460938, 31.377845764160117 ], [ -92.580001831054688, 31.379199981689471 ], [ -92.579902648925781, 31.382099151611296 ], [ -92.581199645996094, 31.386800765991239 ], [ -92.579399108886719, 31.38859939575196 ], [ -92.573799133300795, 31.387800216674794 ], [ -92.570396423339844, 31.387899398803729 ], [ -92.565803527832031, 31.386299133300763 ], [ -92.563400268554688, 31.3838996887207 ], [ -92.561798095703125, 31.377500534057607 ], [ -92.557601928710938, 31.370800018310526 ], [ -92.551307678222656, 31.363100051879879 ], [ -92.5469970703125, 31.35989952087407 ], [ -92.538101196289062, 31.357500076293928 ], [ -92.534706115722656, 31.357900619506793 ], [ -92.530998229980469, 31.358800888061548 ], [ -92.528907775878906, 31.358999252319339 ], [ -92.522796630859375, 31.357599258422866 ], [ -92.519401550292969, 31.356199264526357 ], [ -92.512397766113281, 31.351900100707979 ], [ -92.511909484863281, 31.351858139038089 ], [ -92.505767822265625, 31.347633361816388 ], [ -92.494415283203125, 31.343465805053714 ], [ -92.493087768554688, 31.342260360717802 ], [ -92.491264343261719, 31.341222763061513 ], [ -92.490623474121094, 31.340332031249968 ], [ -92.489974975585938, 31.339923858642585 ], [ -92.490219116210938, 31.33805465698239 ], [ -92.484100341796875, 31.334699630737273 ], [ -92.482894897460938, 31.334276199340799 ], [ -92.482398986816406, 31.334100723266602 ], [ -92.476997375488281, 31.33390045166017 ], [ -92.474800109863295, 31.336399078369137 ], [ -92.474502563476562, 31.343200683593761 ], [ -92.472702026367188, 31.34539985656739 ], [ -92.471000671386719, 31.34589958190919 ], [ -92.459503173828125, 31.344999313354531 ], [ -92.456863403320312, 31.34452438354495 ], [ -92.455657958984375, 31.344028472900405 ], [ -92.45343017578125, 31.342445373535178 ], [ -92.45355224609375, 31.340717315673814 ], [ -92.45477294921875, 31.336740493774411 ], [ -92.45440673828125, 31.33486557006832 ], [ -92.453781127929688, 31.333570480346712 ], [ -92.453704833984375, 31.333400726318349 ], [ -92.45208740234375, 31.329742431640646 ], [ -92.451705932617188, 31.32675743103027 ], [ -92.451705932617188, 31.326599121093746 ], [ -92.450599670410156, 31.326799392700174 ], [ -92.448196411132812, 31.326499938964794 ], [ -92.447196960449219, 31.327100753784183 ], [ -92.439399719238281, 31.335199356079116 ], [ -92.43650054931642, 31.337799072265685 ], [ -92.432586669921875, 31.333003997802777 ], [ -92.448593139648452, 31.316982269287124 ], [ -92.448707580566406, 31.316900253295902 ], [ -92.445503234863281, 31.314800262451183 ], [ -92.442703247070312, 31.313100814819329 ], [ -92.44110107421875, 31.314599990844755 ], [ -92.437797546386719, 31.318399429321325 ], [ -92.435798645019531, 31.320100784301776 ], [ -92.430000305175781, 31.326200485229485 ], [ -92.429306030273438, 31.326599121093746 ], [ -92.428077697753906, 31.32326507568359 ], [ -92.42730712890625, 31.319400787353569 ], [ -92.42730712890625, 31.318799972534197 ], [ -92.4281005859375, 31.317199707031268 ], [ -92.436904907226562, 31.308900833129861 ], [ -92.430900573730469, 31.304199218749975 ], [ -92.428398132324219, 31.302400588989244 ], [ -92.424705505371094, 31.306200027465824 ], [ -92.4197998046875, 31.302904129028299 ], [ -92.41790771484375, 31.304800033569357 ], [ -92.420799255371094, 31.307300567626939 ], [ -92.419174194335938, 31.308923721313455 ], [ -92.417709350585938, 31.307859420776399 ], [ -92.41680908203125, 31.308782577514659 ], [ -92.416984558105483, 31.309101104736307 ], [ -92.416656494140625, 31.308942794799862 ], [ -92.416343688964844, 31.309234619140678 ], [ -92.418266296386719, 31.310567855834954 ], [ -92.418685913085938, 31.310161590576129 ], [ -92.420196533203125, 31.311399459838881 ], [ -92.419998168945312, 31.311700820922866 ], [ -92.420600891113281, 31.312200546264645 ], [ -92.420906066894531, 31.311899185180678 ], [ -92.42230224609375, 31.312999725341772 ], [ -92.420242309570312, 31.315160751342766 ], [ -92.419448852539062, 31.314622879028306 ], [ -92.419738769531264, 31.314292907714847 ], [ -92.419540405273438, 31.31415748596196 ], [ -92.419136047363295, 31.314607620239226 ], [ -92.419921875, 31.315158843994141 ], [ -92.419624328613281, 31.315494537353498 ], [ -92.4197998046875, 31.315599441528331 ], [ -92.418815612792969, 31.316705703735302 ], [ -92.416900634765625, 31.315299987792937 ], [ -92.417388916015625, 31.314311981201218 ], [ -92.418045043945312, 31.313770294189446 ], [ -92.416900634765625, 31.313074111938469 ], [ -92.416343688964844, 31.31361389160152 ], [ -92.416900634765625, 31.313899993896467 ], [ -92.416549682617188, 31.314527511596729 ], [ -92.415802001953125, 31.313999176025423 ], [ -92.415603637695312, 31.3148002624512 ], [ -92.416900634765625, 31.315799713134744 ], [ -92.416107177734375, 31.316699981689418 ], [ -92.413803100585938, 31.315200805664038 ], [ -92.412101745605469, 31.317100524902301 ], [ -92.410797119140625, 31.318500518798871 ], [ -92.406997680664062, 31.316299438476555 ], [ -92.407203674316406, 31.324199676513661 ], [ -92.406829833984375, 31.324192047119144 ], [ -92.406791687011719, 31.323802947998029 ], [ -92.405654907226562, 31.323848724365245 ], [ -92.405632019042969, 31.324167251586957 ], [ -92.398002624511719, 31.324199676513675 ], [ -92.395706176757812, 31.323400497436559 ], [ -92.394462585449219, 31.322725296020526 ], [ -92.394401550292969, 31.315477371215803 ], [ -92.392196655273452, 31.315542221069361 ], [ -92.390304565429688, 31.315599441528331 ], [ -92.390281677246108, 31.317911148071293 ], [ -92.3896484375, 31.317928314209006 ], [ -92.389595031738281, 31.318204879760795 ], [ -92.389984130859375, 31.318607330322287 ], [ -92.390281677246108, 31.31855583190918 ], [ -92.3902587890625, 31.31949424743652 ], [ -92.392196655273452, 31.31949996948245 ], [ -92.392295837402344, 31.321571350097649 ], [ -92.384902954101577, 31.319200515747095 ], [ -92.38250732421875, 31.318700790405284 ], [ -92.382598876953125, 31.316400527954109 ], [ -92.382705688476562, 31.314800262451183 ], [ -92.392196655273452, 31.313400268554709 ], [ -92.393829345703125, 31.312925338745096 ], [ -92.392562866210952, 31.312356948852539 ], [ -92.391876220703125, 31.311380386352539 ], [ -92.391769409179688, 31.310817718505881 ], [ -92.391326904296875, 31.310571670532251 ], [ -92.390884399414077, 31.309123992919865 ], [ -92.390754699707045, 31.308982849121104 ], [ -92.3905029296875, 31.308305740356488 ], [ -92.389617919921875, 31.307327270507805 ], [ -92.387588500976562, 31.305795669555696 ], [ -92.386474609375, 31.30224227905271 ], [ -92.385986328125, 31.301967620849634 ], [ -92.385963439941406, 31.301496505737322 ], [ -92.388168334960938, 31.300447463989226 ], [ -92.390960693359375, 31.299911499023466 ], [ -92.391555786132812, 31.299989700317361 ], [ -92.3927001953125, 31.298500061035153 ], [ -92.393402099609389, 31.299699783325174 ], [ -92.395797729492188, 31.298900604248026 ], [ -92.396102905273438, 31.297500610351573 ], [ -92.398506164550781, 31.295799255371076 ], [ -92.399002075195312, 31.29490089416505 ], [ -92.399803161621094, 31.29459953308109 ], [ -92.400199890136719, 31.294099807739226 ], [ -92.400703430175781, 31.292400360107411 ], [ -92.399055480957031, 31.291105270385689 ], [ -92.3988037109375, 31.290899276733384 ], [ -92.398399353027344, 31.288900375366211 ], [ -92.401107788085938, 31.277799606323249 ], [ -92.400505065917969, 31.277200698852521 ], [ -92.401199340820312, 31.276699066162102 ], [ -92.401901245117202, 31.277200698852521 ], [ -92.412338256835938, 31.270332336425763 ], [ -92.419296264648438, 31.265899658203097 ], [ -92.416702270507812, 31.26359939575195 ], [ -92.4237060546875, 31.258499145507823 ], [ -92.425201416015625, 31.259897232055625 ], [ -92.422500610351562, 31.262228012084957 ], [ -92.423576354980469, 31.263168334960927 ], [ -92.426307678222656, 31.261100769042969 ], [ -92.425300598144531, 31.25979995727538 ], [ -92.430397033691406, 31.255899429321289 ], [ -92.430198669433594, 31.255699157714869 ], [ -92.43310546875, 31.253499984741211 ], [ -92.432907104492202, 31.25329971313478 ], [ -92.433799743652344, 31.25259971618652 ], [ -92.433074951171875, 31.249046325683587 ], [ -92.433128356933594, 31.247928619384776 ], [ -92.433372497558594, 31.247930526733395 ], [ -92.433502197265625, 31.248100280761744 ], [ -92.434104919433594, 31.248600006103487 ], [ -92.437904357910156, 31.25259971618652 ], [ -92.444602966308594, 31.258699417114236 ], [ -92.448196411132812, 31.261400222778342 ], [ -92.448997497558594, 31.261499404907198 ], [ -92.452507019042969, 31.264099121093775 ], [ -92.463798522949219, 31.271600723266573 ], [ -92.463996887207031, 31.271400451660121 ], [ -92.464630126953125, 31.271751403808626 ], [ -92.464996337890625, 31.271293640136722 ], [ -92.465217590332031, 31.271877288818391 ], [ -92.466087341308594, 31.271816253662148 ], [ -92.465995788574219, 31.270685195922844 ], [ -92.46710205078125, 31.270599365234364 ], [ -92.467742919921889, 31.271650314331069 ], [ -92.468597412109375, 31.270299911499002 ], [ -92.469306945800781, 31.269599914550835 ], [ -92.469596862792969, 31.269699096679698 ], [ -92.469306945800781, 31.270399093627962 ], [ -92.468704223632812, 31.27079963684082 ], [ -92.468704223632812, 31.271299362182614 ], [ -92.468902587890625, 31.274700164794918 ], [ -92.468399047851562, 31.275499343872085 ], [ -92.465797424316406, 31.275800704956037 ], [ -92.46490478515625, 31.276699066162102 ], [ -92.462600708007827, 31.280099868774407 ], [ -92.455596923828125, 31.279600143432599 ], [ -92.450706481933594, 31.280300140380774 ], [ -92.447799682617188, 31.280000686645518 ], [ -92.44970703125, 31.284000396728501 ], [ -92.450103759765625, 31.284400939941399 ], [ -92.451705932617188, 31.288000106811548 ], [ -92.451797485351562, 31.291900634765625 ], [ -92.452903747558594, 31.291700363159173 ], [ -92.455101013183594, 31.290399551391584 ], [ -92.455329895019531, 31.290550231933597 ], [ -92.456710815429688, 31.289577484130881 ], [ -92.458122253417969, 31.289178848266587 ], [ -92.459602355957031, 31.289100646972649 ], [ -92.464202880859375, 31.287300109863327 ], [ -92.465103149414062, 31.28750038146973 ], [ -92.464706420898438, 31.287700653076158 ], [ -92.46490478515625, 31.288000106811538 ], [ -92.463905334472656, 31.28919982910157 ], [ -92.463203430175795, 31.291299819946261 ], [ -92.462997436523438, 31.291700363159212 ], [ -92.456306457519531, 31.294000625610337 ], [ -92.45770263671875, 31.296600341796893 ], [ -92.459396362304688, 31.298299789428714 ], [ -92.462104797363295, 31.300500869751016 ], [ -92.462799072265625, 31.301300048828143 ], [ -92.463905334472656, 31.302000045776339 ], [ -92.464797973632812, 31.302700042724659 ], [ -92.465507507324219, 31.30330085754392 ], [ -92.466201782226562, 31.304700851440458 ], [ -92.472900390625, 31.301799774169918 ], [ -92.473503112792969, 31.302900314331062 ], [ -92.473907470703125, 31.302799224853509 ], [ -92.475402832031264, 31.306999206542979 ], [ -92.475196838378906, 31.306999206542979 ], [ -92.476829528808594, 31.308542251586861 ], [ -92.477554321289077, 31.309589385986335 ], [ -92.477996826171875, 31.309999465942376 ], [ -92.47910308837892, 31.308500289917028 ], [ -92.479507446289062, 31.30559921264652 ], [ -92.479904174804688, 31.30550003051756 ], [ -92.483573913574219, 31.304681777954155 ], [ -92.484283447265625, 31.30453681945804 ], [ -92.485641479492188, 31.304260253906236 ], [ -92.486839294433594, 31.304014205932639 ], [ -92.488197326660156, 31.303699493408203 ], [ -92.488967895507812, 31.303266525268505 ], [ -92.494682312011733, 31.30010604858397 ], [ -92.494903564453125, 31.299999237060554 ], [ -92.495903015136719, 31.301300048828143 ], [ -92.497200012207045, 31.300800323486357 ], [ -92.510734558105469, 31.296636581420898 ], [ -92.510749816894531, 31.295059204101502 ], [ -92.516502380371094, 31.295068740844684 ], [ -92.518119812011719, 31.295072555542028 ], [ -92.518142700195312, 31.297328948974563 ], [ -92.519790649414062, 31.296997070312493 ], [ -92.519790649414062, 31.296291351318398 ], [ -92.519416809082031, 31.29635620117185 ], [ -92.519470214843764, 31.295074462890639 ], [ -92.526809692382812, 31.295299530029311 ], [ -92.526863098144531, 31.297676086425774 ], [ -92.528251647949219, 31.297601699829116 ], [ -92.528205871582045, 31.298292160034173 ], [ -92.528602600097656, 31.298257827758786 ], [ -92.528587341308594, 31.298839569091797 ], [ -92.529579162597656, 31.298871994018551 ], [ -92.529731750488281, 31.295579910278317 ], [ -92.532234191894531, 31.295610427856481 ], [ -92.530899047851562, 31.301511764526399 ], [ -92.529243469238281, 31.301645278930646 ], [ -92.527816772460938, 31.307308197021452 ], [ -92.529541015625, 31.30751228332522 ], [ -92.528396606445312, 31.312568664550771 ], [ -92.527549743652344, 31.312744140625036 ], [ -92.527534484863281, 31.312999725341772 ], [ -92.528305053710938, 31.312999725341772 ], [ -92.535263061523452, 31.313413619995139 ], [ -92.539024353027344, 31.295402526855433 ], [ -92.539199829101577, 31.295400619506847 ], [ -92.539230346679688, 31.295257568359396 ], [ -92.539253234863281, 31.295114517211928 ], [ -92.539024353027344, 31.29526710510255 ], [ -92.514450073242188, 31.294885635375991 ], [ -92.514472961425781, 31.29353332519533 ], [ -92.513778686523438, 31.293552398681651 ], [ -92.513763427734375, 31.293186187744151 ], [ -92.513107299804688, 31.293203353881854 ], [ -92.513069152832031, 31.294881820678683 ], [ -92.512901306152344, 31.29426383972168 ], [ -92.511695861816406, 31.294269561767553 ], [ -92.511726379394531, 31.293479919433636 ], [ -92.511131286621094, 31.293479919433636 ], [ -92.511131286621094, 31.294862747192337 ], [ -92.510688781738281, 31.294855117797848 ], [ -92.510726928710938, 31.293964385986314 ], [ -92.509712219238281, 31.293973922729496 ], [ -92.509712219238281, 31.293502807617205 ], [ -92.508537292480469, 31.293455123901392 ], [ -92.508529663085938, 31.29097175598146 ], [ -92.505584716796875, 31.29250717163087 ], [ -92.505500793457031, 31.29199981689457 ], [ -92.497055053710938, 31.294792175292923 ], [ -92.497589111328125, 31.292259216308647 ], [ -92.495361328125, 31.292053222656282 ], [ -92.49456787109375, 31.292358398437525 ], [ -92.494598388671875, 31.292861938476577 ], [ -92.493301391601562, 31.293100357055657 ], [ -92.492202758789062, 31.289400100708029 ], [ -92.493301391601562, 31.284799575805682 ], [ -92.495597839355469, 31.283300399780273 ], [ -92.499603271484375, 31.281452178955028 ], [ -92.504104614257812, 31.279199600219744 ], [ -92.520797729492188, 31.262599945068377 ], [ -92.520599365234375, 31.260400772094712 ], [ -92.541702270507812, 31.247499465942379 ], [ -92.548248291015625, 31.242996215820316 ], [ -92.549392700195312, 31.242462158203136 ], [ -92.552398681640625, 31.242000579834023 ], [ -92.557388305664062, 31.242073059082067 ], [ -92.559463500976562, 31.241348266601609 ], [ -92.563644409179702, 31.241292953491214 ], [ -92.566482543945312, 31.239120483398438 ], [ -92.568283081054688, 31.238811492919893 ], [ -92.569610595703125, 31.238182067871112 ], [ -92.571746826171875, 31.236087799072241 ], [ -92.574417114257812, 31.234363555908178 ], [ -92.574737548828125, 31.233814239501964 ], [ -92.574996948242188, 31.231357574462908 ], [ -92.575454711914062, 31.230331420898498 ], [ -92.577117919921875, 31.229360580444332 ], [ -92.578933715820312, 31.22791481018071 ], [ -92.58026123046875, 31.227506637573232 ], [ -92.5814208984375, 31.227512359619109 ], [ -92.58380126953125, 31.226316452026357 ], [ -92.584442138671875, 31.226266860961914 ], [ -92.58740234375, 31.227399826049858 ], [ -92.588821411132812, 31.22791481018071 ], [ -92.590057373046875, 31.227760314941381 ], [ -92.591629028320312, 31.225442886352543 ], [ -92.592811584472656, 31.224147796630842 ], [ -92.597030639648438, 31.221931457519545 ], [ -92.598785400390625, 31.220338821411143 ], [ -92.599700927734375, 31.217399597167958 ], [ -92.595199584960938, 31.212499618530302 ], [ -92.595001220703125, 31.209068298339812 ], [ -92.594528198242188, 31.207973480224602 ], [ -92.591903686523438, 31.206192016601584 ], [ -92.590118408203125, 31.205665588378903 ], [ -92.587600708007812, 31.205299377441392 ], [ -92.583145141601562, 31.205043792724645 ], [ -92.581291198730469, 31.204530715942411 ], [ -92.579360961914062, 31.203609466552763 ], [ -92.578300476074219, 31.20269966125489 ], [ -92.575057983398438, 31.200996398925792 ], [ -92.572250366210952, 31.198106765747028 ], [ -92.571380615234375, 31.196811676025355 ], [ -92.570236206054688, 31.193784713745096 ], [ -92.567047119140625, 31.191791534423789 ], [ -92.565635681152344, 31.189605712890625 ], [ -92.563369750976562, 31.188394546508807 ], [ -92.561996459960938, 31.187179565429716 ], [ -92.560600280761719, 31.184299468994151 ], [ -92.560371398925781, 31.183235168457053 ], [ -92.559783935546875, 31.18257141113282 ], [ -92.557876586914077, 31.181301116943366 ], [ -92.553482055664062, 31.179340362548832 ], [ -92.548568725585938, 31.176345825195359 ], [ -92.543975830078125, 31.174058914184545 ], [ -92.542755126953125, 31.172452926635721 ], [ -92.542396545410156, 31.172399520874073 ], [ -92.5377197265625, 31.166255950927749 ], [ -92.535140991210938, 31.163404464721655 ], [ -92.529251098632812, 31.158672332763643 ], [ -92.52691650390625, 31.157506942749041 ], [ -92.5244140625, 31.155254364013672 ], [ -92.523712158203125, 31.154804229736335 ], [ -92.520462036132812, 31.153610229492212 ], [ -92.520370483398438, 31.153738021850582 ], [ -92.519584655761719, 31.153289794921839 ], [ -92.518310546875, 31.15139579772951 ], [ -92.515586853027344, 31.149845123291016 ], [ -92.515373229980469, 31.150167465210004 ], [ -92.515792846679688, 31.150497436523423 ], [ -92.515769958496094, 31.151193618774421 ], [ -92.514671325683608, 31.151199340820305 ], [ -92.514671325683608, 31.150575637817365 ], [ -92.512954711914062, 31.150590896606481 ], [ -92.512954711914062, 31.151390075683587 ], [ -92.511138916015625, 31.151420593261722 ], [ -92.511085510253906, 31.159593582153338 ], [ -92.501655578613281, 31.159563064575206 ], [ -92.501678466796875, 31.163602828979524 ], [ -92.500984191894531, 31.163564682006839 ], [ -92.502052307128906, 31.167152404785142 ], [ -92.505943298339844, 31.167156219482415 ], [ -92.506057739257812, 31.170711517333963 ], [ -92.502593994140625, 31.17071342468267 ], [ -92.500534057617202, 31.16362190246582 ], [ -92.493247985839844, 31.163631439208988 ], [ -92.49334716796875, 31.156299591064435 ], [ -92.491203308105469, 31.156299591064435 ], [ -92.484588623046875, 31.156223297119119 ], [ -92.484519958496094, 31.153787612914982 ], [ -92.487716674804688, 31.147481918334947 ], [ -92.486434936523438, 31.147962570190369 ], [ -92.486503601074219, 31.147800445556591 ], [ -92.488304138183594, 31.143499374389673 ], [ -92.484504699707045, 31.143444061279311 ], [ -92.484519958496094, 31.140228271484357 ], [ -92.496803283691406, 31.140300750732401 ], [ -92.51080322265625, 31.101200103759826 ], [ -92.511306762695312, 31.099000930786136 ], [ -92.513504028320312, 31.092800140380852 ], [ -92.522598266601562, 31.06739997863766 ], [ -92.517501831054688, 31.067300796508803 ], [ -92.517501831054688, 31.063999176025384 ], [ -92.521202087402344, 31.063899993896506 ], [ -92.52130126953125, 31.061700820922862 ], [ -92.517501831054688, 31.061800003051783 ], [ -92.517501831054688, 31.058700561523459 ], [ -92.511398315429688, 31.058599472045874 ], [ -92.510307312011719, 31.059608459472692 ], [ -92.508705139160156, 31.059799194335966 ], [ -92.489654541015625, 31.059207916259762 ], [ -92.485198974609375, 31.059976577758778 ], [ -92.472061157226562, 31.060842514038072 ], [ -92.468994140625, 31.06037521362304 ], [ -92.45556640625, 31.059934616088896 ], [ -92.44232177734375, 31.064643859863324 ], [ -92.438400268554688, 31.06682205200196 ], [ -92.433799743652344, 31.071100234985352 ], [ -92.430801391601562, 31.073400497436555 ], [ -92.425094604492188, 31.073905944824254 ], [ -92.41961669921875, 31.076133728027322 ], [ -92.415512084960938, 31.076734542846658 ], [ -92.414764404296875, 31.077247619628888 ], [ -92.412704467773438, 31.079799652099606 ], [ -92.411506652832031, 31.081100463867163 ], [ -92.410614013671875, 31.081199645996072 ], [ -92.409202575683594, 31.082300186157241 ], [ -92.40997314453125, 31.083150863647482 ], [ -92.407379150390625, 31.085500717163089 ], [ -92.406677246093764, 31.092336654663118 ], [ -92.407546997070312, 31.091680526733381 ], [ -92.410102844238281, 31.096500396728505 ], [ -92.408401489257812, 31.096799850463878 ], [ -92.4058837890625, 31.097768783569304 ], [ -92.401504516601562, 31.099500656127915 ], [ -92.401351928710938, 31.099760055541992 ], [ -92.40350341796875, 31.109199523925788 ], [ -92.402359008789062, 31.109432220458977 ], [ -92.401260375976562, 31.109287261962848 ], [ -92.400100708007812, 31.108640670776346 ], [ -92.399032592773438, 31.10837173461919 ], [ -92.39813232421875, 31.108476638793967 ], [ -92.396575927734375, 31.10895919799804 ], [ -92.395309448242188, 31.110298156738271 ], [ -92.394821166992188, 31.110368728637678 ], [ -92.393798828125, 31.110103607177784 ], [ -92.388198852539062, 31.107500076293974 ], [ -92.387374877929688, 31.107582092285167 ], [ -92.386489868164062, 31.108106613159173 ], [ -92.384262084960938, 31.110378265380831 ], [ -92.383491516113281, 31.110744476318349 ], [ -92.377532958984375, 31.110317230224627 ], [ -92.374359130859389, 31.11142730712892 ], [ -92.373092651367188, 31.111608505249038 ], [ -92.37213134765625, 31.110950469970732 ], [ -92.371871948242188, 31.110069274902362 ], [ -92.371246337890625, 31.109624862670898 ], [ -92.365676879882812, 31.111122131347667 ], [ -92.36346435546875, 31.110982894897461 ], [ -92.362869262695327, 31.110620498657255 ], [ -92.361053466796875, 31.108665466308615 ], [ -92.36004638671875, 31.108055114746115 ], [ -92.35919189453125, 31.106761932373036 ], [ -92.357574462890625, 31.102703094482404 ], [ -92.357803344726562, 31.100999832153356 ], [ -92.357574462890625, 31.100471496581992 ], [ -92.35711669921875, 31.100051879882784 ], [ -92.3555908203125, 31.099723815917933 ], [ -92.35296630859375, 31.102199554443335 ], [ -92.352767944335938, 31.102817535400369 ], [ -92.352241516113281, 31.1029052734375 ], [ -92.350639343261719, 31.104251861572241 ], [ -92.350334167480469, 31.104568481445291 ], [ -92.350395202636719, 31.104995727539052 ], [ -92.349761962890625, 31.105527877807624 ], [ -92.348800659179688, 31.105499267578082 ], [ -92.348579406738281, 31.106327056884716 ], [ -92.3489990234375, 31.108968734741225 ], [ -92.349853515625, 31.110494613647479 ], [ -92.349197387695312, 31.111852645873999 ], [ -92.349273681640625, 31.112541198730458 ], [ -92.349822998046875, 31.113258361816406 ], [ -92.349624633789062, 31.11402130126957 ], [ -92.348281860351562, 31.115989685058601 ], [ -92.344940185546875, 31.11894989013669 ], [ -92.344398498535156, 31.120199203491197 ], [ -92.344100952148438, 31.120300292968754 ], [ -92.341720581054688, 31.119731903076133 ], [ -92.3409423828125, 31.119176864624034 ], [ -92.339859008789062, 31.117996215820305 ], [ -92.3388671875, 31.116184234619141 ], [ -92.337753295898438, 31.116062164306609 ], [ -92.336441040039062, 31.116241455078097 ], [ -92.33447265625, 31.115795135498061 ], [ -92.332962036132812, 31.115846633911161 ], [ -92.332077026367188, 31.115636825561541 ], [ -92.330215454101562, 31.114128112792951 ], [ -92.329116821289062, 31.113876342773441 ], [ -92.32904052734375, 31.113349914550799 ], [ -92.329803466796875, 31.111499786376925 ], [ -92.327285766601562, 31.108295440673835 ], [ -92.327346801757812, 31.107845306396477 ], [ -92.327880859375, 31.107295989990227 ], [ -92.327880859375, 31.106849670410192 ], [ -92.327316284179688, 31.106136322021456 ], [ -92.326141357421875, 31.105968475341825 ], [ -92.325401306152344, 31.105100631713864 ], [ -92.32366943359375, 31.104478836059542 ], [ -92.323028564453125, 31.103595733642553 ], [ -92.321975708007812, 31.103298187255824 ], [ -92.322105407714844, 31.102600097656229 ], [ -92.321853637695312, 31.102132797241204 ], [ -92.319999694824219, 31.100900650024435 ], [ -92.318931579589858, 31.100700378417955 ], [ -92.318603515625, 31.100900650024435 ], [ -92.316818237304688, 31.099853515625021 ], [ -92.315032958984375, 31.09925842285158 ], [ -92.313949584960938, 31.098449707031318 ], [ -92.312744140625, 31.098114013671879 ], [ -92.311874389648452, 31.0967292785644 ], [ -92.310516357421875, 31.096225738525391 ], [ -92.310203552246094, 31.095899581909194 ], [ -92.308609008789062, 31.094070434570316 ], [ -92.307754516601562, 31.092496871948235 ], [ -92.305900573730469, 31.09199905395511 ], [ -92.30511474609375, 31.092300415039052 ], [ -92.303634643554688, 31.092025756835884 ], [ -92.301895141601562, 31.089729309082006 ], [ -92.300430297851562, 31.08882141113282 ], [ -92.295562744140625, 31.087669372558594 ], [ -92.290306091308594, 31.088899612426768 ], [ -92.289901733398438, 31.088569641113263 ], [ -92.288436889648438, 31.085075378417962 ], [ -92.287200927734375, 31.084323883056584 ], [ -92.28662109375, 31.083160400390636 ], [ -92.285797119140625, 31.083385467529318 ], [ -92.284843444824219, 31.08305740356441 ], [ -92.281097412109375, 31.084104537963878 ], [ -92.276229858398438, 31.083919525146499 ], [ -92.274810791015625, 31.083398818969698 ], [ -92.273544311523438, 31.083499908447234 ], [ -92.271591186523438, 31.083175659179712 ], [ -92.270889282226562, 31.083402633666953 ], [ -92.269729614257812, 31.083154678344762 ], [ -92.26849365234375, 31.083688735961889 ], [ -92.267929077148438, 31.083444595336918 ], [ -92.266799926757812, 31.083900451660138 ], [ -92.265869140625, 31.083415985107372 ], [ -92.264053344726562, 31.083751678466768 ], [ -92.262680053710938, 31.083154678344762 ], [ -92.26123046875, 31.082923889160185 ], [ -92.260627746582031, 31.082351684570295 ], [ -92.259063720703125, 31.081733703613256 ], [ -92.257797241210938, 31.080299377441424 ], [ -92.255325317382812, 31.079662322998026 ], [ -92.252975463867188, 31.079998016357425 ], [ -92.25177001953125, 31.079456329345717 ], [ -92.250961303710938, 31.079639434814425 ], [ -92.25, 31.079467773437504 ], [ -92.248046875, 31.078430175781211 ], [ -92.244186401367188, 31.078271865844737 ], [ -92.2386474609375, 31.077152252197305 ], [ -92.235855102539077, 31.077564239501974 ], [ -92.233238220214844, 31.077129364013704 ], [ -92.232208251953125, 31.076740264892585 ], [ -92.229354858398438, 31.0748405456543 ], [ -92.227005004882812, 31.074680328369162 ], [ -92.216255187988281, 30.991119384765607 ], [ -92.214309692382812, 30.989904403686506 ], [ -92.212448120117188, 30.98731613159179 ], [ -92.211784362792969, 30.985757827758817 ], [ -92.21136474609375, 30.983346939086903 ], [ -92.211326599121108, 30.980600357055689 ], [ -92.212471008300781, 30.976497650146481 ], [ -92.212310791015625, 30.975444793701161 ], [ -92.21148681640625, 30.974779129028327 ], [ -92.210296630859375, 30.974412918090838 ], [ -92.207107543945312, 30.974847793579091 ], [ -92.206008911132812, 30.973863601684531 ], [ -92.205101013183594, 30.97358894348146 ], [ -92.204757690429688, 30.973062515258807 ], [ -92.20843505859375, 30.965681076049815 ], [ -92.208534240722656, 30.964260101318345 ], [ -92.207977294921875, 30.963138580322237 ], [ -92.207954406738281, 30.962244033813469 ], [ -92.2083740234375, 30.962081909179691 ], [ -92.208877563476562, 30.962541580200192 ], [ -92.21044921875, 30.962379455566406 ], [ -92.211433410644545, 30.962585449218757 ], [ -92.213615417480469, 30.963525772094687 ], [ -92.214118957519531, 30.965267181396495 ], [ -92.214866638183594, 30.965473175048793 ], [ -92.216011047363281, 30.964891433715806 ], [ -92.216995239257812, 30.964807510375984 ], [ -92.280609130859375, 30.964879989624041 ], [ -92.280593872070312, 30.938570022583036 ], [ -92.280586242675781, 30.935762405395518 ], [ -92.23809814453125, 30.89201545715331 ], [ -92.237579345703125, 30.848016738891598 ], [ -92.21258544921875, 30.84841346740723 ], [ -92.210166931152344, 30.848451614379901 ], [ -92.135871887207031, 30.849487304687486 ], [ -92.124824523925781, 30.84974861145021 ], [ -92.100418090820312, 30.84979629516603 ], [ -92.055496215820312, 30.849475860595689 ], [ -92.029876708984375, 30.849294662475561 ], [ -92.028678894042969, 30.849306106567397 ], [ -91.981132507324219, 30.848987579345678 ], [ -91.94921875, 30.848661422729521 ], [ -91.948234558105469, 30.848651885986321 ], [ -91.875, 30.847908020019531 ], [ -91.865386962890625, 30.847890853881829 ], [ -91.864364624023438, 30.848073959350572 ], [ -91.855575561523438, 30.847848892211907 ], [ -91.848937988281264, 30.848022460937511 ], [ -91.838081359863281, 30.847782135009787 ], [ -91.815147399902344, 30.847921371459947 ], [ -91.813194274902344, 30.84663581848146 ], [ -91.809272766113281, 30.843269348144542 ], [ -91.80450439453125, 30.84054756164554 ], [ -91.800994873046875, 30.837331771850568 ], [ -91.799339294433594, 30.834098815917972 ], [ -91.798347473144531, 30.828805923461914 ], [ -91.801483154296875, 30.824304580688473 ], [ -91.8037109375, 30.823541641235323 ], [ -91.805084228515625, 30.822534561157244 ], [ -91.80741119384767, 30.820116043090842 ], [ -91.807754516601577, 30.819313049316424 ], [ -91.808395385742188, 30.815942764282195 ], [ -91.8082275390625, 30.814296722412081 ], [ -91.807174682617202, 30.810884475708008 ], [ -91.80523681640625, 30.809299468994148 ], [ -91.803192138671875, 30.807102203369123 ], [ -91.800895690917969, 30.806560516357465 ], [ -91.799148559570327, 30.805576324462915 ], [ -91.794273376464844, 30.802318572998068 ], [ -91.792755126953125, 30.800971984863246 ], [ -91.790580749511719, 30.799818038940469 ], [ -91.786659240722656, 30.797317504882791 ], [ -91.781990051269531, 30.796171188354474 ], [ -91.779640197753906, 30.794958114624027 ], [ -91.777328491210938, 30.793384552001964 ], [ -91.768646240234375, 30.785203933715788 ], [ -91.767646789550781, 30.783735275268572 ], [ -91.765419006347656, 30.779785156249986 ], [ -91.763229370117188, 30.771858215332045 ], [ -91.760604858398438, 30.767028808593803 ], [ -91.760055541992188, 30.76559829711913 ], [ -91.75616455078125, 30.759950637817354 ], [ -91.75510406494142, 30.756385803222667 ], [ -91.755775451660156, 30.75 ], [ -91.756736755371094, 30.748516082763643 ], [ -91.757835388183608, 30.745384216308576 ], [ -91.757827758789062, 30.740804672241154 ], [ -91.757293701171875, 30.740070343017614 ], [ -91.75408935546875, 30.737136840820252 ], [ -91.751785278320312, 30.735616683959954 ], [ -91.751304626464844, 30.734098434448228 ], [ -91.747901916503906, 30.728090286254858 ], [ -91.747100830078125, 30.724971771240227 ], [ -91.746421813964844, 30.723361968994137 ], [ -91.744544982910156, 30.72048187255859 ], [ -91.743209838867188, 30.718313217163058 ], [ -91.739280700683594, 30.714008331298821 ], [ -91.737350463867188, 30.711278915405213 ], [ -91.736167907714858, 30.708923339843757 ], [ -91.729789733886719, 30.711086273193374 ], [ -91.728530883789062, 30.710126876831016 ], [ -91.702606201171875, 30.706941604614236 ], [ -91.683067321777344, 30.707700729370124 ], [ -91.661277770996094, 30.709102630615227 ], [ -91.653541564941406, 30.709550857543938 ], [ -91.638038635253906, 30.709362030029297 ], [ -91.625, 30.708909988403306 ], [ -91.611015319824219, 30.709722518920884 ], [ -91.611351013183594, 30.718465805053739 ], [ -91.60870361328125, 30.720462799072244 ], [ -91.607032775878906, 30.72250175476076 ], [ -91.602996826171875, 30.724390029907234 ], [ -91.601554870605469, 30.725393295288079 ], [ -91.603187561035156, 30.727661132812525 ], [ -91.595512390136733, 30.731121063232408 ], [ -91.60284423828125, 30.742099761962866 ], [ -91.601119995117188, 30.748106002807667 ], [ -91.59934234619142, 30.748687744140632 ], [ -91.594551086425781, 30.750259399414052 ], [ -91.593544006347656, 30.74897003173826 ], [ -91.592453002929688, 30.748212814331051 ], [ -91.589294433593764, 30.746889114379847 ], [ -91.587265014648438, 30.745235443115249 ], [ -91.581161499023452, 30.741205215454098 ], [ -91.577781677246094, 30.738975524902362 ], [ -91.570930480957031, 30.73506927490233 ], [ -91.565773010253906, 30.732997894287141 ], [ -91.559959411621094, 30.731491088867148 ], [ -91.555213928222656, 30.730766296386665 ], [ -91.552902221679688, 30.730613708496058 ], [ -91.545379638671875, 30.73134422302244 ], [ -91.538116455078125, 30.732856750488292 ], [ -91.53399658203125, 30.734071731567415 ], [ -91.52154541015625, 30.737834930419918 ], [ -91.513076782226562, 30.739620208740231 ], [ -91.509803771972656, 30.740095138549812 ], [ -91.502006530761719, 30.740306854248022 ], [ -91.5, 30.740856170654332 ], [ -91.486793518066406, 30.741153717041016 ], [ -91.48211669921875, 30.740684509277347 ], [ -91.480079650878906, 30.74039649963381 ], [ -91.463172912597656, 30.73573875427245 ], [ -91.460014343261719, 30.735143661499016 ], [ -91.4576416015625, 30.735073089599634 ], [ -91.450271606445312, 30.735986709594716 ], [ -91.440032958984375, 30.739158630371087 ], [ -91.422920227050781, 30.745281219482408 ], [ -91.408485412597656, 30.7530517578125 ], [ -91.397850036621094, 30.75705528259277 ], [ -91.394927978515625, 30.757709503173839 ], [ -91.390304565429688, 30.758424758911151 ], [ -91.384178161621094, 30.758722305297869 ], [ -91.380508422851562, 30.758621215820309 ], [ -91.375, 30.756534576416019 ], [ -91.375, 30.755672454833963 ], [ -91.368690490722656, 30.747159957885742 ], [ -91.36187744140625, 30.739120483398452 ], [ -91.357421875, 30.731155395507798 ], [ -91.352981567382812, 30.721586227416971 ], [ -91.356575012207031, 30.720321655273423 ], [ -91.359016418457031, 30.719839096069357 ], [ -91.359077453613281, 30.720029830932575 ], [ -91.36297607421875, 30.718856811523423 ], [ -91.365303039550795, 30.71731758117674 ], [ -91.367156982421875, 30.71653747558593 ], [ -91.370124816894531, 30.71559524536131 ], [ -91.378814697265625, 30.712156295776357 ], [ -91.379791259765625, 30.71204185485837 ], [ -91.380134582519531, 30.711654663085994 ], [ -91.385734558105469, 30.709686279296868 ], [ -91.389945983886719, 30.706581115722678 ], [ -91.395652770996094, 30.702632904052781 ], [ -91.397567749023438, 30.702678680419972 ], [ -91.39849853515625, 30.702495574951183 ], [ -91.398612976074219, 30.720260620117188 ], [ -91.39849853515625, 30.72177314758304 ], [ -91.399665832519545, 30.720254898071296 ], [ -91.401351928710938, 30.718118667602536 ], [ -91.402137756347656, 30.718498229980469 ], [ -91.406951904296875, 30.713197708129876 ], [ -91.414054870605469, 30.714403152465803 ], [ -91.415061950683594, 30.710794448852567 ], [ -91.415382385253906, 30.710771560668935 ], [ -91.416229248046875, 30.711481094360362 ], [ -91.416893005371094, 30.711389541626009 ], [ -91.417213439941406, 30.710771560668935 ], [ -91.417953491210938, 30.710176467895547 ], [ -91.42010498046875, 30.709327697753917 ], [ -91.421432495117188, 30.709146499633786 ], [ -91.422988891601562, 30.708068847656254 ], [ -91.423530578613281, 30.708023071289052 ], [ -91.424957275390625, 30.709123611450199 ], [ -91.426223754882812, 30.709514617919922 ], [ -91.426979064941406, 30.709674835205071 ], [ -91.427871704101562, 30.710315704345696 ], [ -91.428428649902344, 30.710430145263668 ], [ -91.429222106933594, 30.709627151489222 ], [ -91.430229187011719, 30.709581375122063 ], [ -91.430526733398438, 30.709787368774389 ], [ -91.430557250976562, 30.710214614868168 ], [ -91.431381225585952, 30.709466934204098 ], [ -91.432464599609375, 30.70900917053223 ], [ -91.432075500488281, 30.706304550170902 ], [ -91.430335998535156, 30.706529617309616 ], [ -91.429969787597656, 30.703855514526332 ], [ -91.425621032714844, 30.703969955444318 ], [ -91.419342041015625, 30.703992843627908 ], [ -91.419837951660156, 30.696605682373075 ], [ -91.431236267089844, 30.697902679443338 ], [ -91.435188293457031, 30.698261260986335 ], [ -91.437416076660156, 30.698602676391591 ], [ -91.449981689453125, 30.700019836425742 ], [ -91.468666076660156, 30.702793121337912 ], [ -91.475784301757812, 30.703849792480497 ], [ -91.479537963867188, 30.704406738281261 ], [ -91.480514526367188, 30.695817947387685 ], [ -91.484512329101562, 30.693073272705096 ], [ -91.479812622070312, 30.688861846923832 ], [ -91.48455810546875, 30.685537338256868 ], [ -91.490875244140639, 30.683219909667976 ], [ -91.494186401367188, 30.680881500244109 ], [ -91.497474670410156, 30.680492401123058 ], [ -91.502662658691406, 30.679113388061516 ], [ -91.505821228027344, 30.676227569580085 ], [ -91.510627746582045, 30.67121124267576 ], [ -91.512641906738281, 30.666996002197227 ], [ -91.514045715332031, 30.665874481201204 ], [ -91.517623901367188, 30.664064407348626 ], [ -91.519485473632812, 30.662168502807596 ], [ -91.522186279296875, 30.659597396850547 ], [ -91.530899047851562, 30.654434204101577 ], [ -91.533218383789062, 30.653001785278313 ], [ -91.544425964355469, 30.643333435058612 ], [ -91.547370910644531, 30.641008377075163 ], [ -91.553726196289077, 30.635496139526385 ], [ -91.554023742675781, 30.635129928588896 ], [ -91.554656982421875, 30.632677078247063 ], [ -91.554733276367188, 30.631187438964815 ], [ -91.554130554199219, 30.629423141479499 ], [ -91.554023742675781, 30.627521514892603 ], [ -91.552352905273438, 30.622165679931623 ], [ -91.551261901855469, 30.620767593383775 ], [ -91.550018310546875, 30.618522644042972 ], [ -91.548591613769531, 30.616825103759751 ], [ -91.545120239257827, 30.613271713256861 ], [ -91.540489196777344, 30.60923767089842 ], [ -91.538917541503906, 30.606946945190423 ], [ -91.538528442382812, 30.605571746826136 ], [ -91.538604736328125, 30.604173660278295 ], [ -91.538337707519531, 30.603326797485366 ], [ -91.538818359375, 30.601768493652344 ], [ -91.543685913085938, 30.600255966186548 ], [ -91.544113159179688, 30.59993553161625 ], [ -91.54400634765625, 30.598995208740206 ], [ -91.542816162109375, 30.59695625305174 ], [ -91.542633056640625, 30.595787048339826 ], [ -91.543586730957031, 30.592786788940433 ], [ -91.543617248535156, 30.591846466064439 ], [ -91.544509887695312, 30.590791702270511 ], [ -91.544570922851562, 30.589532852172873 ], [ -91.544914245605469, 30.58900451660158 ], [ -91.544937133789062, 30.588775634765629 ], [ -91.543907165527344, 30.587881088256871 ], [ -91.544326782226562, 30.586093902587887 ], [ -91.54486083984375, 30.585132598876964 ], [ -91.544837951660156, 30.584739685058608 ], [ -91.54345703125, 30.583711624145504 ], [ -91.543670654296875, 30.583116531372109 ], [ -91.545333862304688, 30.582061767578153 ], [ -91.545555114746094, 30.581054687499972 ], [ -91.545394897460938, 30.579288482666012 ], [ -91.544197082519531, 30.576951980590863 ], [ -91.544303894042969, 30.575988769531243 ], [ -91.546340942382812, 30.57550811767581 ], [ -91.546661376953125, 30.575210571289027 ], [ -91.546981811523438, 30.573995590210007 ], [ -91.547294616699219, 30.573743820190455 ], [ -91.550186157226562, 30.57328605651853 ], [ -91.551429748535156, 30.571704864501914 ], [ -91.555778503417969, 30.568061828613313 ], [ -91.556221008300781, 30.567304611206023 ], [ -91.555938720703125, 30.566366195678665 ], [ -91.5550537109375, 30.565219879150384 ], [ -91.554954528808594, 30.563180923461925 ], [ -91.556060791015625, 30.560504913330089 ], [ -91.560943603515625, 30.559217453002908 ], [ -91.5615234375, 30.557359695434556 ], [ -91.566535949707031, 30.557344436645575 ], [ -91.576644897460938, 30.555267333984368 ], [ -91.576644897460938, 30.554540634155277 ], [ -91.578300476074219, 30.554580688476548 ], [ -91.537841796875, 30.510112762451165 ], [ -91.527740478515625, 30.49901008605956 ], [ -91.52587890625, 30.496870040893583 ], [ -91.516746520996094, 30.496871948242205 ], [ -91.504684448242188, 30.496879577636665 ], [ -91.49932861328125, 30.497133255004861 ], [ -91.499397277832045, 30.496416091918967 ], [ -91.4849853515625, 30.496946334838878 ], [ -91.481361389160156, 30.4970817565918 ], [ -91.481689453125, 30.510637283325202 ], [ -91.466133117675781, 30.510675430297816 ], [ -91.459465026855469, 30.51096916198734 ], [ -91.448173522949219, 30.51106262207033 ], [ -91.441024780273438, 30.510955810546889 ], [ -91.414649963378906, 30.511325836181662 ], [ -91.414901733398438, 30.513944625854482 ], [ -91.414619445800795, 30.518068313598619 ], [ -91.414817810058594, 30.534975051879858 ], [ -91.414817810058594, 30.535549163818374 ], [ -91.414817810058594, 30.540033340454052 ], [ -91.407798767089858, 30.540058135986293 ], [ -91.408248901367188, 30.542896270751992 ], [ -91.407638549804688, 30.544843673706083 ], [ -91.407501220703125, 30.54669952392581 ], [ -91.406471252441406, 30.549083709716765 ], [ -91.406394958496094, 30.550756454467781 ], [ -91.405807495117188, 30.553161621093732 ], [ -91.40533447265625, 30.554536819458004 ], [ -91.404640197753906, 30.555568695068335 ], [ -91.404434204101562, 30.556598663330099 ], [ -91.403236389160156, 30.557790756225593 ], [ -91.402229309082031, 30.560333251953125 ], [ -91.400962829589844, 30.561935424804712 ], [ -91.40087890625, 30.563564300537124 ], [ -91.398330688476562, 30.568588256835927 ], [ -91.364952087402344, 30.568780899047798 ], [ -91.365211486816406, 30.587654113769531 ], [ -91.353904724121094, 30.5977592468262 ], [ -91.349365234375, 30.603736877441413 ], [ -91.335708618164062, 30.615474700927741 ], [ -91.319709777832031, 30.632774353027358 ], [ -91.316848754882812, 30.637344360351587 ], [ -91.309364318847656, 30.649860382080092 ], [ -91.333541870117188, 30.653488159179723 ], [ -91.333381652832031, 30.654176712036172 ], [ -91.330757141113281, 30.658491134643555 ], [ -91.326148986816406, 30.656923294067422 ], [ -91.3221435546875, 30.655839920043899 ], [ -91.304855346679688, 30.652828216552759 ], [ -91.300346374511719, 30.651638031005881 ], [ -91.298980712890625, 30.650859832763672 ], [ -91.297554016113281, 30.649362564086942 ], [ -91.293495178222656, 30.654850006103537 ], [ -91.292533874511733, 30.658058166503913 ], [ -91.292327880859375, 30.662567138671896 ], [ -91.291297912597656, 30.664066314697251 ], [ -91.289566040039062, 30.667442321777354 ], [ -91.288589477539062, 30.677724838256829 ], [ -91.270103454589844, 30.680744171142546 ], [ -91.267692565917969, 30.685928344726538 ], [ -91.26824951171875, 30.68891716003418 ], [ -91.267410278320312, 30.689926147460934 ], [ -91.267471313476562, 30.69117546081543 ], [ -91.267021179199219, 30.693561553955053 ], [ -91.267852783203139, 30.694311141967745 ], [ -91.267745971679702, 30.694633483886712 ], [ -91.266075134277344, 30.695526123046907 ], [ -91.265625, 30.696075439453111 ], [ -91.264717102050781, 30.698457717895515 ], [ -91.260299682617188, 30.701297760009762 ], [ -91.257453918457031, 30.702419281005838 ], [ -91.255760192871108, 30.703472137451193 ], [ -91.254142761230469, 30.705099105834933 ], [ -91.25, 30.704940795898427 ], [ -91.216598510742188, 30.706199645996094 ], [ -91.213706970214844, 30.705999374389592 ], [ -91.193824768066406, 30.706754684448217 ], [ -91.173858642578125, 30.707584381103526 ], [ -91.174057006835938, 30.705451965332035 ], [ -91.177162170410156, 30.705711364746097 ], [ -91.179351806640625, 30.690908432006836 ], [ -91.185806274414062, 30.694797515869169 ], [ -91.188308715820312, 30.692070007324247 ], [ -91.190322875976562, 30.692155838012695 ], [ -91.191993713378906, 30.69169235229495 ], [ -91.193344116210938, 30.691040039062461 ], [ -91.196006774902344, 30.689210891723647 ], [ -91.196907043457031, 30.689231872558601 ], [ -91.198913574218764, 30.690429687500039 ], [ -91.203071594238281, 30.68784332275391 ], [ -91.20550537109375, 30.690099716186541 ] ], [ [ -91.20550537109375, 30.690099716186541 ], [ -91.204048156738281, 30.690931320190458 ], [ -91.205307006835938, 30.692295074462869 ], [ -91.206695556640625, 30.691360473632791 ], [ -91.20550537109375, 30.690099716186541 ] ] ] } },
{ "type": "Feature", "properties": { "STATENAME": "Louisiana", "ID": "022104104005", "DISTRICT": "5", "STA": "LA", "ST": "22", "LABEL": "5", "DIST_NAME": "Congressional District 5", "TYPE": "US Congressional", "TYPE_ABB": "US_Cong", "ELECT_YEAR": "1994", "STACD": "LA5" }, "geometry": { "type": "Polygon", "coordinates": [ [ [ -94.04278564453125, 33.019084930419936 ], [ -94.032501220703125, 33.018932342529297 ], [ -93.99884033203125, 33.019294738769553 ], [ -93.943710327148438, 33.019393920898459 ], [ -93.814376831054688, 33.01923751831054 ], [ -93.80474853515625, 33.019222259521499 ], [ -93.75, 33.019176483154304 ], [ -93.745620727539062, 33.019359588623068 ], [ -93.625, 33.019065856933594 ], [ -93.49072265625, 33.018306732177706 ], [ -93.466873168945312, 33.018474578857436 ], [ -93.376968383789062, 33.018096923828125 ], [ -93.340187072753906, 33.01820373535157 ], [ -93.246826171875014, 33.017723083496087 ], [ -93.238441467285156, 33.017856597900426 ], [ -93.215484619140625, 33.018257141113274 ], [ -93.197784423828125, 33.017780303955099 ], [ -93.175048828125, 33.017631530761719 ], [ -93.114883422851562, 33.017776489257763 ], [ -93.100059509277358, 33.017555236816406 ], [ -93.085670471191406, 33.01758575439456 ], [ -93.081260681152344, 33.017791748046882 ], [ -93.043533325195312, 33.01759338378907 ], [ -93.017295837402344, 33.017131805419957 ], [ -93.0, 33.017490386962862 ], [ -92.946388244628906, 33.016666412353516 ], [ -92.911872863769545, 33.016471862792926 ], [ -92.901084899902344, 33.016139984130845 ], [ -92.8973388671875, 33.016296386718764 ], [ -92.875, 33.01596832275392 ], [ -92.854011535644531, 33.015995025634751 ], [ -92.848381042480469, 33.015686035156243 ], [ -92.844131469726562, 33.015930175781243 ], [ -92.840126037597656, 33.015674591064482 ], [ -92.796379089355469, 33.014698028564446 ], [ -92.742729187011733, 33.014526367187536 ], [ -92.73944091796875, 33.014205932617202 ], [ -92.711135864257812, 33.01417160034179 ], [ -92.703269958496094, 33.014354705810554 ], [ -92.641838073730469, 33.01366806030272 ], [ -92.627464294433594, 33.013278961181612 ], [ -92.60760498046875, 33.013309478759759 ], [ -92.559219360351562, 33.012596130371129 ], [ -92.511299133300781, 33.012325286865263 ], [ -92.503631591796875, 33.012027740478516 ], [ -92.478538513183594, 33.012046813964815 ], [ -92.367927551269531, 33.010547637939489 ], [ -92.33575439453125, 33.010219573974595 ], [ -92.32745361328125, 33.010395050048864 ], [ -92.292526245117188, 33.009975433349609 ], [ -92.28955078125, 33.010093688964837 ], [ -92.271385192871094, 33.009677886962876 ], [ -92.269920349121094, 33.009834289550753 ], [ -92.262901306152358, 33.009719848632812 ], [ -92.2586669921875, 33.009372711181634 ], [ -92.222686767578139, 33.008953094482422 ], [ -92.19818115234375, 33.009021759033203 ], [ -92.125, 33.008312225341776 ], [ -92.063591003417983, 33.008037567138722 ], [ -92.041030883789062, 33.007659912109382 ], [ -92.000953674316406, 33.007801055908217 ], [ -91.99407958984375, 33.007591247558565 ], [ -91.963119506835938, 33.007560729980455 ], [ -91.951835632324219, 33.007305145263651 ], [ -91.930061340332031, 33.007587432861357 ], [ -91.89886474609375, 33.007389068603523 ], [ -91.875, 33.007602691650376 ], [ -91.75494384765625, 33.006885528564432 ], [ -91.735404968261719, 33.00744247436527 ], [ -91.721145629882812, 33.007190704345724 ], [ -91.690155029296875, 33.007293701171889 ], [ -91.680961608886719, 33.006877899169901 ], [ -91.625, 33.006446838378871 ], [ -91.602981567382812, 33.006523132324226 ], [ -91.587127685546875, 33.006183624267571 ], [ -91.583053588867202, 33.00645828247066 ], [ -91.579521179199219, 33.006347656249979 ], [ -91.57220458984375, 33.006782531738303 ], [ -91.5, 33.006660461425831 ], [ -91.489059448242188, 33.00605773925777 ], [ -91.470832824707031, 33.006065368652308 ], [ -91.453254699707031, 33.005718231201186 ], [ -91.436088562011719, 33.00598526000973 ], [ -91.410560607910156, 33.005935668945327 ], [ -91.400802612304688, 33.005649566650412 ], [ -91.385200500488281, 33.005767822265611 ], [ -91.284286499023438, 33.004882812500021 ], [ -91.264900207519531, 33.004959106445341 ], [ -91.25, 33.004966735839844 ], [ -91.165969848632812, 33.003982543945291 ], [ -91.166084289550781, 33.00211334228517 ], [ -91.168418884277344, 32.994796752929695 ], [ -91.168861389160156, 32.99200820922853 ], [ -91.173202514648438, 32.985965728759723 ], [ -91.174751281738281, 32.984348297119112 ], [ -91.177497863769531, 32.98237228393554 ], [ -91.182044982910156, 32.978515625 ], [ -91.18463134765625, 32.97699737548831 ], [ -91.186088562011733, 32.976615905761776 ], [ -91.186874389648438, 32.976070404052756 ], [ -91.19732666015625, 32.964694976806641 ], [ -91.199539184570312, 32.963436126708999 ], [ -91.201736450195312, 32.961086273193359 ], [ -91.201972961425781, 32.958023071289048 ], [ -91.201644897460938, 32.956329345703082 ], [ -91.200294494628906, 32.953475952148459 ], [ -91.198715209960938, 32.951702117919915 ], [ -91.198181152343764, 32.95068740844728 ], [ -91.198234558105469, 32.95008087158206 ], [ -91.199050903320312, 32.949745178222656 ], [ -91.201698303222656, 32.949802398681598 ], [ -91.202194213867188, 32.94957733154299 ], [ -91.2034912109375, 32.947345733642564 ], [ -91.207328796386719, 32.944267272949219 ], [ -91.210594177246094, 32.93972015380858 ], [ -91.212715148925781, 32.935951232910185 ], [ -91.213920593261719, 32.930194854736364 ], [ -91.213867187500014, 32.927070617675795 ], [ -91.212730407714844, 32.921977996826193 ], [ -91.21148681640625, 32.919498443603501 ], [ -91.210594177246094, 32.918350219726527 ], [ -91.209426879882812, 32.917621612548821 ], [ -91.208854675292983, 32.916732788085923 ], [ -91.208892822265625, 32.91620635986326 ], [ -91.206939697265639, 32.913967132568345 ], [ -91.199661254882812, 32.908386230468757 ], [ -91.196678161621094, 32.906658172607493 ], [ -91.188827514648438, 32.903648376464822 ], [ -91.1815185546875, 32.901321411132834 ], [ -91.17529296875, 32.899871826171868 ], [ -91.170127868652344, 32.899265289306669 ], [ -91.163764953613281, 32.899349212646506 ], [ -91.159866333007812, 32.899753570556662 ], [ -91.156822204589844, 32.900348663330085 ], [ -91.151580810546875, 32.901809692382855 ], [ -91.147270202636719, 32.903964996337912 ], [ -91.144966125488281, 32.905368804931612 ], [ -91.136932373046875, 32.913848876953111 ], [ -91.133934020996094, 32.917549133300774 ], [ -91.133163452148438, 32.919227600097656 ], [ -91.132011413574219, 32.922996520996108 ], [ -91.131202697753906, 32.926792144775384 ], [ -91.131187438964844, 32.929924011230419 ], [ -91.133010864257812, 32.937713623046854 ], [ -91.13519287109375, 32.943683624267557 ], [ -91.135398864746094, 32.94604110717772 ], [ -91.136276245117188, 32.947776794433615 ], [ -91.135917663574219, 32.948600769042933 ], [ -91.137237548828125, 32.950927734375 ], [ -91.137748718261719, 32.952632904052749 ], [ -91.137519836425781, 32.955188751220717 ], [ -91.136520385742188, 32.95722579956054 ], [ -91.133224487304688, 32.958930969238338 ], [ -91.131935119628906, 32.959892272949183 ], [ -91.131134033203125, 32.960803985595703 ], [ -91.130615234375, 32.962131500244134 ], [ -91.130767822265625, 32.963550567626989 ], [ -91.131561279296875, 32.965110778808608 ], [ -91.132942199707045, 32.966415405273409 ], [ -91.137413024902344, 32.96942520141598 ], [ -91.138229370117188, 32.970485687255881 ], [ -91.138481140136719, 32.971229553222656 ], [ -91.138153076171875, 32.972614288330107 ], [ -91.136016845703125, 32.974559783935497 ], [ -91.135704040527344, 32.975292205810575 ], [ -91.135665893554688, 32.978809356689425 ], [ -91.135406494140625, 32.979534149169936 ], [ -91.133262634277344, 32.980987548828111 ], [ -91.127784729003906, 32.983524322509744 ], [ -91.126609802246094, 32.983688354492216 ], [ -91.125, 32.984546661376953 ], [ -91.111648559570312, 32.988239288330028 ], [ -91.106468200683594, 32.988815307617152 ], [ -91.102134704589844, 32.987949371337919 ], [ -91.096824645996094, 32.986286163330071 ], [ -91.094161987304688, 32.98424911499022 ], [ -91.090782165527344, 32.981048583984368 ], [ -91.086692810058594, 32.976142883300781 ], [ -91.080245971679688, 32.962669372558565 ], [ -91.079017639160156, 32.95494461059571 ], [ -91.079071044921875, 32.953136444091832 ], [ -91.07879638671875, 32.951694488525405 ], [ -91.080398559570327, 32.949996948242188 ], [ -91.081787109375, 32.949310302734332 ], [ -91.082496643066406, 32.9486083984375 ], [ -91.082977294921875, 32.947784423828118 ], [ -91.08251953125, 32.946102142333963 ], [ -91.081809997558594, 32.944641113281243 ], [ -91.080329895019531, 32.943080902099574 ], [ -91.075752258300781, 32.939865112304702 ], [ -91.071968078613281, 32.937705993652315 ], [ -91.070442199707031, 32.935909271240213 ], [ -91.067970275878906, 32.930835723876996 ], [ -91.066444396972656, 32.928432464599645 ], [ -91.064697265625, 32.926338195800753 ], [ -91.063873291015639, 32.923988342285185 ], [ -91.063766479492188, 32.922565460205107 ], [ -91.064750671386719, 32.916393280029347 ], [ -91.063575744628906, 32.906238555908224 ], [ -91.063705444335938, 32.903583526611314 ], [ -91.064346313476577, 32.90093612670897 ], [ -91.066108703613281, 32.897994995117145 ], [ -91.067253112792969, 32.893825531005859 ], [ -91.068077087402344, 32.891803741455092 ], [ -91.07049560546875, 32.888530731201179 ], [ -91.086578369140625, 32.873264312744183 ], [ -91.105529785156264, 32.858268737792983 ], [ -91.106536865234375, 32.857826232910163 ], [ -91.115982055664062, 32.855514526367188 ], [ -91.120437622070312, 32.855056762695334 ], [ -91.123649597167969, 32.855033874511676 ], [ -91.124618530273438, 32.854732513427706 ], [ -91.126052856445312, 32.855102539062479 ], [ -91.127777099609375, 32.854930877685554 ], [ -91.131721496582031, 32.852508544921861 ], [ -91.133537292480469, 32.85100555419924 ], [ -91.137710571289062, 32.848907470703089 ], [ -91.143447875976562, 32.844612121582031 ], [ -91.1448974609375, 32.842742919921889 ], [ -91.1461181640625, 32.840332031250057 ], [ -91.147407531738281, 32.836261749267535 ], [ -91.149597167968764, 32.831092834472649 ], [ -91.152061462402344, 32.826545715332017 ], [ -91.152626037597656, 32.826061248779268 ], [ -91.155326843261719, 32.824863433837884 ], [ -91.157051086425781, 32.823692321777365 ], [ -91.158233642578125, 32.822177886962848 ], [ -91.159149169921875, 32.819828033447294 ], [ -91.159904479980469, 32.815940856933594 ], [ -91.161560058593764, 32.81233596801755 ], [ -91.161231994628906, 32.810489654541023 ], [ -91.161247253417969, 32.806926727294943 ], [ -91.160758972167969, 32.802940368652344 ], [ -91.160881042480469, 32.801399230957003 ], [ -91.16387939453125, 32.78888320922848 ], [ -91.164291381835938, 32.785690307617202 ], [ -91.162765502929702, 32.784210205078132 ], [ -91.158470153808594, 32.780967712402365 ], [ -91.155364990234375, 32.77978134155272 ], [ -91.164291381835938, 32.763359069824226 ], [ -91.164863586425781, 32.761852264404304 ], [ -91.165702819824219, 32.757713317871037 ], [ -91.165786743164062, 32.755485534667933 ], [ -91.16522216796875, 32.751171112060554 ], [ -91.163276672363281, 32.746879577636719 ], [ -91.158500671386719, 32.743316650390668 ], [ -91.154350280761719, 32.742206573486321 ], [ -91.150138854980469, 32.741657257080085 ], [ -91.131584167480469, 32.742977142334013 ], [ -91.13104248046875, 32.742679595947251 ], [ -91.130050659179688, 32.742565155029311 ], [ -91.124534606933594, 32.74303436279299 ], [ -91.113540649414062, 32.739841461181605 ], [ -91.090461730957031, 32.73596954345701 ], [ -91.082481384277344, 32.733654022216797 ], [ -91.077072143554688, 32.732402801513672 ], [ -91.07159423828125, 32.730407714843778 ], [ -91.066062927246094, 32.729053497314524 ], [ -91.060661315917969, 32.727363586425795 ], [ -91.056892395019531, 32.725448608398416 ], [ -91.054374694824219, 32.722129821777351 ], [ -91.054641723632827, 32.719097137451165 ], [ -91.056846618652344, 32.712680816650369 ], [ -91.0638427734375, 32.702793121337891 ], [ -91.068733215332031, 32.698787689208991 ], [ -91.075950622558594, 32.69361877441407 ], [ -91.081039428710938, 32.690994262695298 ], [ -91.092826843261719, 32.686901092529325 ], [ -91.098655700683594, 32.685157775878899 ], [ -91.104339599609375, 32.682300567626974 ], [ -91.114265441894545, 32.676475524902322 ], [ -91.118148803710938, 32.673942565917955 ], [ -91.1260986328125, 32.667003631591797 ], [ -91.127616882324219, 32.665210723876925 ], [ -91.128509521484389, 32.663669586181634 ], [ -91.129989624023438, 32.659980773925803 ], [ -91.130821228027344, 32.658737182617209 ], [ -91.134552001953125, 32.655788421630845 ], [ -91.13592529296875, 32.652690887451172 ], [ -91.136665344238295, 32.651409149169936 ], [ -91.137527465820312, 32.650489807128928 ], [ -91.13861083984375, 32.649639129638693 ], [ -91.141929626464844, 32.649131774902337 ], [ -91.144241333007812, 32.64789581298826 ], [ -91.149650573730469, 32.643909454345696 ], [ -91.150741577148438, 32.642444610595668 ], [ -91.1519775390625, 32.641372680664034 ], [ -91.152595520019531, 32.640621185302734 ], [ -91.152908325195312, 32.637321472167933 ], [ -91.153640747070312, 32.63509368896483 ], [ -91.153450012207031, 32.626045227050795 ], [ -91.152847290039062, 32.623855590820305 ], [ -91.152374267578125, 32.620185852050753 ], [ -91.151206970214844, 32.615783691406236 ], [ -91.148056030273438, 32.607990264892607 ], [ -91.146095275878906, 32.604007720947244 ], [ -91.143966674804688, 32.600479125976605 ], [ -91.142669677734375, 32.598762512207031 ], [ -91.136337280273438, 32.592510223388679 ], [ -91.131576538085938, 32.588867187499993 ], [ -91.1278076171875, 32.586357116699197 ], [ -91.125, 32.585052490234354 ], [ -91.119743347167969, 32.584659576416044 ], [ -91.118537902832031, 32.585002899169908 ], [ -91.117355346679688, 32.585903167724609 ], [ -91.115509033203125, 32.588939666748054 ], [ -91.115219116210938, 32.589992523193388 ], [ -91.115547180175781, 32.590869903564418 ], [ -91.114028930664077, 32.590206146240241 ], [ -91.112655639648438, 32.590049743652401 ], [ -91.1082763671875, 32.589862823486328 ], [ -91.107124328613281, 32.590118408203082 ], [ -91.101119995117188, 32.59256744384767 ], [ -91.087677001953125, 32.596935272216804 ], [ -91.079399108886719, 32.600543975830078 ], [ -91.070602416992188, 32.602664947509737 ], [ -91.061248779296889, 32.605236053466818 ], [ -91.049690246582031, 32.607051849365241 ], [ -91.048789978027358, 32.613418579101534 ], [ -91.043159484863281, 32.62064361572267 ], [ -91.042716979980469, 32.622722625732436 ], [ -91.040802001953125, 32.625972747802777 ], [ -91.040298461914062, 32.632385253906257 ], [ -91.038314819335938, 32.63630676269527 ], [ -91.037078857421875, 32.637725830078132 ], [ -91.034599304199219, 32.639331817626932 ], [ -91.031654357910156, 32.640178680419893 ], [ -91.031326293945312, 32.641445159912138 ], [ -91.030563354492188, 32.642047882080099 ], [ -91.030075073242188, 32.643917083740192 ], [ -91.028602600097656, 32.644359588623068 ], [ -91.027275085449219, 32.645057678222699 ], [ -91.025665283203125, 32.646438598632777 ], [ -91.022834777832031, 32.64552307128907 ], [ -91.019004821777344, 32.643711090087862 ], [ -91.014183044433594, 32.640346527099609 ], [ -91.009239196777344, 32.634567260742173 ], [ -91.0067138671875, 32.631126403808601 ], [ -91.003395080566406, 32.62471008300782 ], [ -91.002853393554688, 32.622421264648423 ], [ -91.002601623535156, 32.617527008056641 ], [ -91.002899169921875, 32.61454391479495 ], [ -91.003440856933594, 32.612136840820334 ], [ -91.004493713378906, 32.609645843505838 ], [ -91.008140563964844, 32.604103088378935 ], [ -91.013618469238281, 32.598285675048793 ], [ -91.016639709472656, 32.596565246581996 ], [ -91.019027709960938, 32.594459533691392 ], [ -91.022842407226562, 32.591712951660135 ], [ -91.02410888671875, 32.591270446777351 ], [ -91.024803161621094, 32.590766906738267 ], [ -91.030891418457031, 32.583209991455085 ], [ -91.036064147949219, 32.579418182373068 ], [ -91.040512084960938, 32.577194213867188 ], [ -91.045234680175781, 32.575489044189453 ], [ -91.062118530273438, 32.566455841064474 ], [ -91.069686889648438, 32.562667846679702 ], [ -91.108314514160156, 32.562484741210923 ], [ -91.108352661132812, 32.556037902832017 ], [ -91.130050659179688, 32.545223236083999 ], [ -91.133583068847656, 32.537811279296911 ], [ -91.169837951660156, 32.537693023681641 ], [ -91.200027465820312, 32.537570953369155 ], [ -91.233978271484375, 32.537456512451158 ], [ -91.306587219238281, 32.537723541259737 ], [ -91.339256286621094, 32.538066864013715 ], [ -91.368583679199219, 32.53760528564451 ], [ -91.377304077148438, 32.537807464599609 ], [ -91.426193237304688, 32.53758239746093 ], [ -91.457527160644531, 32.537666320800788 ], [ -91.458885192871094, 32.536582946777344 ], [ -91.459945678710938, 32.5361938476563 ], [ -91.462837219238281, 32.535804748535099 ], [ -91.464408874511719, 32.535091400146484 ], [ -91.468193054199219, 32.534862518310561 ], [ -91.468734741210952, 32.534336090087884 ], [ -91.469306945800781, 32.532711029052713 ], [ -91.47100830078125, 32.531356811523409 ], [ -91.470756530761719, 32.530807495117145 ], [ -91.468429565429688, 32.529708862304673 ], [ -91.468055725097656, 32.529205322265611 ], [ -91.467819213867188, 32.528335571289055 ], [ -91.468032836914062, 32.527095794677741 ], [ -91.468330383300781, 32.526638031005881 ], [ -91.471031188964844, 32.525424957275391 ], [ -91.470756530761719, 32.524646759033196 ], [ -91.46954345703125, 32.523593902587898 ], [ -91.469375610351562, 32.523246765136733 ], [ -91.46954345703125, 32.52258300781255 ], [ -91.471817016601562, 32.52100372314451 ], [ -91.473114013671875, 32.519489288330092 ], [ -91.474891662597656, 32.514633178710916 ], [ -91.476188659667969, 32.512821197509773 ], [ -91.476669311523438, 32.509845733642571 ], [ -91.477752685546875, 32.507934570312528 ], [ -91.478591918945312, 32.507301330566399 ], [ -91.479484558105469, 32.506019592285156 ], [ -91.481025695800781, 32.501480102539077 ], [ -91.481590270996094, 32.501182556152351 ], [ -91.48199462890625, 32.501457214355447 ], [ -91.482376098632827, 32.501800537109411 ], [ -91.482749938964844, 32.502944946289077 ], [ -91.483428955078125, 32.503402709960966 ], [ -91.483917236328125, 32.503494262695341 ], [ -91.484672546386719, 32.503223419189418 ], [ -91.485107421875, 32.502784729003963 ], [ -91.485160827636719, 32.502418518066413 ], [ -91.483673095703125, 32.500465393066406 ], [ -91.483833312988281, 32.5 ], [ -91.48309326171875, 32.49872207641603 ], [ -91.481956481933594, 32.498378753662095 ], [ -91.480613708496094, 32.498790740966825 ], [ -91.480148315429688, 32.498310089111335 ], [ -91.48052978515625, 32.497783660888658 ], [ -91.482391357421875, 32.496959686279304 ], [ -91.48309326171875, 32.496154785156271 ], [ -91.484855651855469, 32.494827270507805 ], [ -91.484779357910156, 32.494255065917976 ], [ -91.483558654785156, 32.493293762207045 ], [ -91.481956481933594, 32.49097824096679 ], [ -91.482391357421875, 32.489925384521499 ], [ -91.483688354492188, 32.489925384521499 ], [ -91.484336853027344, 32.489532470703104 ], [ -91.486015319824219, 32.487129211425767 ], [ -91.485710144042969, 32.485569000244162 ], [ -91.485877990722656, 32.485157012939453 ], [ -91.484771728515625, 32.482086181640646 ], [ -91.484901428222656, 32.481517791748033 ], [ -91.48590087890625, 32.480529785156222 ], [ -91.485443115234375, 32.478561401367188 ], [ -91.485496520996108, 32.476360321044908 ], [ -91.484817504882812, 32.475650787353537 ], [ -91.482467651367188, 32.475170135498054 ], [ -91.481788635253906, 32.474460601806662 ], [ -91.481925964355469, 32.473499298095703 ], [ -91.484085083007812, 32.472740173339844 ], [ -91.484443664550781, 32.472351074218757 ], [ -91.484245300292969, 32.471450805664084 ], [ -91.483734130859375, 32.470886230468771 ], [ -91.481788635253906, 32.469856262207074 ], [ -91.480918884277344, 32.469078063964822 ], [ -91.480522155761719, 32.468254089355476 ], [ -91.480545043945312, 32.466030120849609 ], [ -91.480003356933594, 32.465343475341811 ], [ -91.47857666015625, 32.46430969238282 ], [ -91.477874755859375, 32.463420867919922 ], [ -91.477622985839844, 32.460029602050788 ], [ -91.476295471191406, 32.45769500732424 ], [ -91.475860595703125, 32.454807281494105 ], [ -91.474891662597656, 32.452678680419908 ], [ -91.474700927734375, 32.450637817382812 ], [ -91.475273132324219, 32.449447631835916 ], [ -91.478126525878906, 32.447704315185568 ], [ -91.478652954101562, 32.446365356445334 ], [ -91.478187561035156, 32.445346832275426 ], [ -91.475433349609375, 32.443901062011669 ], [ -91.475181579589844, 32.443214416503885 ], [ -91.47540283203125, 32.44154357910157 ], [ -91.475181579589844, 32.440925598144574 ], [ -91.473991394042969, 32.440330505371129 ], [ -91.471969604492188, 32.439941406250014 ], [ -91.471672058105469, 32.439643859863303 ], [ -91.471649169921875, 32.439125061035149 ], [ -91.472488403320312, 32.436973571777315 ], [ -91.472282409667969, 32.436157226562514 ], [ -91.471481323242188, 32.435451507568381 ], [ -91.471321105957031, 32.434631347656257 ], [ -91.471534729003906, 32.433643341064425 ], [ -91.47344970703125, 32.433441162109411 ], [ -91.474822998046875, 32.432300567626946 ], [ -91.4764404296875, 32.432056427001939 ], [ -91.476890563964858, 32.432537078857443 ], [ -91.4771728515625, 32.433856964111342 ], [ -91.47601318359375, 32.434558868408217 ], [ -91.475898742675781, 32.436454772949226 ], [ -91.477127075195327, 32.437076568603516 ], [ -91.478988647460938, 32.437370300292955 ], [ -91.4803466796875, 32.438266754150376 ], [ -91.481559753417983, 32.438655853271484 ], [ -91.482421875, 32.4384956359863 ], [ -91.485153198242188, 32.436775207519602 ], [ -91.486419677734375, 32.434669494628928 ], [ -91.486495971679688, 32.429077148437486 ], [ -91.487197875976562, 32.424861907959013 ], [ -91.486358642578125, 32.422435760498054 ], [ -91.48465728759767, 32.419799804687507 ], [ -91.484443664550781, 32.418449401855526 ], [ -91.48465728759767, 32.415309906005881 ], [ -91.485603332519531, 32.414276123046839 ], [ -91.486679077148438, 32.413707733154268 ], [ -91.486732482910156, 32.413406372070334 ], [ -91.485244750976562, 32.412490844726555 ], [ -91.483978271484375, 32.410888671874986 ], [ -91.482437133789062, 32.410018920898438 ], [ -91.481170654296875, 32.40827941894532 ], [ -91.477302551269531, 32.406265258789098 ], [ -91.47662353515625, 32.405666351318374 ], [ -91.477897644042969, 32.405437469482429 ], [ -91.481048583984375, 32.405601501464858 ], [ -91.491912841796875, 32.405364990234368 ], [ -91.5006103515625, 32.405635833740241 ], [ -91.577568054199233, 32.405399322509759 ], [ -91.580238342285156, 32.405372619628878 ], [ -91.592720031738281, 32.405506134033175 ], [ -91.634811401367188, 32.405227661132798 ], [ -91.634056091308594, 32.404720306396477 ], [ -91.631736755371094, 32.40467071533201 ], [ -91.631004333496094, 32.4041938781738 ], [ -91.631004333496094, 32.403434753417997 ], [ -91.6317138671875, 32.402931213378913 ], [ -91.633522033691406, 32.402404785156278 ], [ -91.6361083984375, 32.400596618652351 ], [ -91.6375732421875, 32.400184631347628 ], [ -91.639114379882812, 32.401420593261726 ], [ -91.640159606933608, 32.402774810791001 ], [ -91.640975952148438, 32.402912139892592 ], [ -91.641273498535156, 32.402111053466811 ], [ -91.640998840332045, 32.398696899414048 ], [ -91.642738342285156, 32.396133422851534 ], [ -91.642898559570312, 32.393680572509787 ], [ -91.6431884765625, 32.393451690673835 ], [ -91.644218444824219, 32.393451690673849 ], [ -91.646217346191406, 32.393867492675795 ], [ -91.649726867675781, 32.393135070800753 ], [ -91.650001525878906, 32.392421722412088 ], [ -91.64862060546875, 32.389949798583999 ], [ -91.649375915527344, 32.389217376708977 ], [ -91.649917602539062, 32.38903045654299 ], [ -91.652458190917969, 32.388965606689439 ], [ -91.654556274414062, 32.388301849365213 ], [ -91.655776977539062, 32.389579772949226 ], [ -91.656478881835938, 32.391109466552749 ], [ -91.657089233398438, 32.390045166015597 ], [ -91.657669067382812, 32.386516571044908 ], [ -91.658172607421875, 32.386028289794929 ], [ -91.66241455078125, 32.387569427490206 ], [ -91.664176940917969, 32.388622283935533 ], [ -91.665496826171875, 32.388416290283253 ], [ -91.666473388671875, 32.387866973876939 ], [ -91.667221069335938, 32.387752532958991 ], [ -91.66900634765625, 32.388351440429716 ], [ -91.669677734375, 32.388278961181683 ], [ -91.67041015625, 32.388027191162088 ], [ -91.670875549316406, 32.38752365112304 ], [ -91.6708984375, 32.386837005615227 ], [ -91.669326782226562, 32.38463973999022 ], [ -91.669326782226562, 32.383399963378899 ], [ -91.670066833496094, 32.382987976074205 ], [ -91.67352294921875, 32.382942199707031 ], [ -91.674568176269531, 32.383308410644517 ], [ -91.67584228515625, 32.38323974609375 ], [ -91.676376342773438, 32.383560180664077 ], [ -91.678947448730469, 32.384273529052734 ], [ -91.679832458496094, 32.384178161621115 ], [ -91.680076599121094, 32.383880615234368 ], [ -91.680130004882812, 32.383403778076179 ], [ -91.679458618164062, 32.381683349609339 ], [ -91.678565979003906, 32.380332946777344 ], [ -91.678237915039062, 32.379325866699254 ], [ -91.678726196289062, 32.37785720825191 ], [ -91.678512573242188, 32.375816345214844 ], [ -91.679206848144531, 32.374652862548857 ], [ -91.680366516113281, 32.374526977539077 ], [ -91.680046081542969, 32.373504638671854 ], [ -91.680267333984389, 32.37300109863282 ], [ -91.683097839355469, 32.372428894042969 ], [ -91.684394836425781, 32.371395111084006 ], [ -91.685310363769531, 32.371074676513679 ], [ -91.689605712890639, 32.372772216796911 ], [ -91.690254211425781, 32.372245788574247 ], [ -91.691062927246094, 32.369907379150362 ], [ -91.692626953125, 32.369998931884794 ], [ -91.697364807128906, 32.370975494384744 ], [ -91.698135375976562, 32.370845794677706 ], [ -91.698509216308594, 32.370525360107443 ], [ -91.69870758056642, 32.369449615478494 ], [ -91.697647094726562, 32.366012573242209 ], [ -91.696784973144531, 32.364154815673871 ], [ -91.696647644042969, 32.363147735595717 ], [ -91.696945190429688, 32.362529754638658 ], [ -91.69818115234375, 32.361934661865213 ], [ -91.70172119140625, 32.361179351806641 ], [ -91.703262329101562, 32.359252929687486 ], [ -91.703155517578125, 32.358428955078125 ], [ -91.702072143554688, 32.35753631591799 ], [ -91.701805114746094, 32.355976104736328 ], [ -91.701286315917969, 32.355609893798821 ], [ -91.700698852539062, 32.355701446533196 ], [ -91.700157165527344, 32.356090545654304 ], [ -91.699478149414062, 32.35602569580076 ], [ -91.69870758056642, 32.353824615478558 ], [ -91.700515747070327, 32.352333068847635 ], [ -91.700454711914062, 32.351257324218771 ], [ -91.699508666992188, 32.350112915039034 ], [ -91.699508666992188, 32.349746704101541 ], [ -91.69989013671875, 32.349449157714872 ], [ -91.701423645019531, 32.349128723144545 ], [ -91.7021484375, 32.348094940185554 ], [ -91.701423645019531, 32.344753265380881 ], [ -91.701835632324219, 32.34376525878907 ], [ -91.702934265136719, 32.342689514160163 ], [ -91.704742431640625, 32.342643737793026 ], [ -91.707359313964844, 32.343307495117159 ], [ -91.711441040039062, 32.342872619628913 ], [ -91.714057922363281, 32.343055725097656 ], [ -91.714729309082031, 32.342708587646477 ], [ -91.715484619140625, 32.341793060302741 ], [ -91.715675354003906, 32.340991973876996 ], [ -91.715538024902344, 32.339778900146513 ], [ -91.715835571289077, 32.339294433593764 ], [ -91.717994689941406, 32.337944030761719 ], [ -91.719047546386719, 32.336364746093714 ], [ -91.722671508789062, 32.33481597900392 ], [ -91.723060607910156, 32.333477020263679 ], [ -91.723709106445312, 32.333404541015618 ], [ -91.72454833984375, 32.333797454834006 ], [ -91.725654602050781, 32.334781646728494 ], [ -91.726188659667969, 32.334735870361349 ], [ -91.727920532226562, 32.333496093749972 ], [ -91.729080200195312, 32.333747863769524 ], [ -91.730804443359375, 32.33484649658201 ], [ -91.732322692871094, 32.334640502929666 ], [ -91.736129760742188, 32.333080291748061 ], [ -91.740715026855469, 32.333744049072244 ], [ -91.741600036621094, 32.333995819091811 ], [ -91.742416381835938, 32.33454513549804 ], [ -91.743301391601562, 32.338119506835966 ], [ -91.744300842285156, 32.339172363281236 ], [ -91.744758605957031, 32.339355468750043 ], [ -91.745841979980469, 32.339286804199261 ], [ -91.746139526367188, 32.338943481445348 ], [ -91.746055603027344, 32.337612152099595 ], [ -91.746406555175781, 32.337017059326186 ], [ -91.749504089355469, 32.335502624511697 ], [ -91.7523193359375, 32.335319519043004 ], [ -91.754348754882812, 32.333923339843736 ], [ -91.756378173828125, 32.333808898925788 ], [ -91.757347106933594, 32.334659576416016 ], [ -91.759986877441406, 32.334934234619134 ], [ -91.76071929931642, 32.335208892822266 ], [ -91.761665344238295, 32.334156036376925 ], [ -91.762527465820312, 32.331474304199197 ], [ -91.764335632324219, 32.330169677734375 ], [ -91.763931274414062, 32.329574584960959 ], [ -91.7630615234375, 32.329048156738274 ], [ -91.762664794921875, 32.328266143798892 ], [ -91.761207580566406, 32.327213287353509 ], [ -91.761100769042969, 32.326717376708991 ], [ -91.762191772460938, 32.325809478759808 ], [ -91.762954711914062, 32.324699401855447 ], [ -91.762367248535156, 32.324363708496058 ], [ -91.761024475097656, 32.32445526123044 ], [ -91.760452270507812, 32.324073791503913 ], [ -91.760536193847656, 32.322059631347663 ], [ -91.760345458984375, 32.32146072387691 ], [ -91.759292602539062, 32.320293426513658 ], [ -91.758979797363281, 32.319351196289048 ], [ -91.758979797363281, 32.317569732666016 ], [ -91.759941101074219, 32.315116882324233 ], [ -91.760452270507812, 32.314430236816392 ], [ -91.760429382324219, 32.314041137695341 ], [ -91.761306762695312, 32.313549041748047 ], [ -91.762290954589844, 32.31358337402348 ], [ -91.76334381103517, 32.313163757324183 ], [ -91.765327453613281, 32.311920166015632 ], [ -91.766014099121094, 32.310897827148452 ], [ -91.765968322753906, 32.310573577880909 ], [ -91.765342712402344, 32.310241699218771 ], [ -91.763389587402344, 32.310176849365213 ], [ -91.760917663574219, 32.310539245605497 ], [ -91.759895324707031, 32.311176300048807 ], [ -91.759162902832031, 32.310291290283182 ], [ -91.758010864257812, 32.310230255126932 ], [ -91.757675170898438, 32.309776306152365 ], [ -91.759597778320312, 32.30860900878907 ], [ -91.760841369628906, 32.306156158447266 ], [ -91.760871887207031, 32.305309295654332 ], [ -91.761192321777358, 32.304851531982422 ], [ -91.761932373046875, 32.304561614990192 ], [ -91.762321472167969, 32.304805755615241 ], [ -91.763450622558594, 32.30471038818358 ], [ -91.764694213867188, 32.305713653564482 ], [ -91.766159057617188, 32.30547714233392 ], [ -91.766304016113281, 32.305130004882798 ], [ -91.766075134277344, 32.304256439208949 ], [ -91.767318725585938, 32.300933837890618 ], [ -91.767059326171875, 32.300148010253913 ], [ -91.766708374023438, 32.300045013427749 ], [ -91.764511108398438, 32.300819396972642 ], [ -91.764266967773438, 32.30100250244142 ], [ -91.764350891113281, 32.301635742187486 ], [ -91.763557434082031, 32.302204132080064 ], [ -91.762863159179688, 32.301532745361335 ], [ -91.762733459472656, 32.300659179687543 ], [ -91.761726379394531, 32.298358917236271 ], [ -91.762748718261719, 32.298477172851541 ], [ -91.76434326171875, 32.297687530517528 ], [ -91.76611328125, 32.297775268554695 ], [ -91.766395568847656, 32.297546386718743 ], [ -91.767196655273438, 32.297466278076207 ], [ -91.767662048339844, 32.296993255615185 ], [ -91.767929077148438, 32.296062469482457 ], [ -91.769088745117202, 32.295112609863267 ], [ -91.768989562988281, 32.294887542724609 ], [ -91.767608642578125, 32.294311523437486 ], [ -91.766357421875014, 32.295108795165987 ], [ -91.765213012695312, 32.294502258300788 ], [ -91.764541625976562, 32.294776916503878 ], [ -91.763816833496094, 32.295722961425746 ], [ -91.763206481933594, 32.295650482177756 ], [ -91.762344360351562, 32.295158386230455 ], [ -91.762794494628906, 32.294277191162067 ], [ -91.762413024902344, 32.293075561523416 ], [ -91.764762878417969, 32.290054321289041 ], [ -91.766998291015625, 32.288906097412102 ], [ -91.767669677734389, 32.288082122802727 ], [ -91.768409729003906, 32.286090850830035 ], [ -91.768218994140625, 32.283985137939474 ], [ -91.768600463867188, 32.283256530761726 ], [ -91.767776489257827, 32.282230377197294 ], [ -91.7677001953125, 32.281063079834013 ], [ -91.768348693847656, 32.28081893920897 ], [ -91.769996643066406, 32.281486511230483 ], [ -91.770355224609375, 32.281326293945298 ], [ -91.773262023925781, 32.278419494628892 ], [ -91.773994445800781, 32.277202606201172 ], [ -91.774017333984389, 32.275211334228537 ], [ -91.774505615234375, 32.273513793945312 ], [ -91.774345397949219, 32.27259826660157 ], [ -91.773086547851562, 32.272422790527358 ], [ -91.772193908691406, 32.272529602050767 ], [ -91.771675109863281, 32.272842407226548 ], [ -91.770599365234375, 32.27203750610348 ], [ -91.771041870117188, 32.271308898925803 ], [ -91.773384094238281, 32.270736694335916 ], [ -91.773025512695312, 32.269229888916023 ], [ -91.774238586425781, 32.266185760498068 ], [ -91.774215698242188, 32.264236450195312 ], [ -91.773704528808594, 32.263137817382777 ], [ -91.773101806640625, 32.262584686279311 ], [ -91.771842956542983, 32.261989593505874 ], [ -91.769729614257812, 32.260036468505859 ], [ -91.770774841308594, 32.259212493896484 ], [ -91.771141052246094, 32.259170532226534 ], [ -91.77191162109375, 32.259731292724616 ], [ -91.772621154785156, 32.259746551513707 ], [ -91.77252197265625, 32.259239196777401 ], [ -91.773109436035156, 32.258941650390618 ], [ -91.773269653320312, 32.258358001708984 ], [ -91.772903442382812, 32.258026123046882 ], [ -91.770042419433594, 32.25761413574218 ], [ -91.76904296875, 32.257038116455092 ], [ -91.769142150878906, 32.256214141845689 ], [ -91.769447326660156, 32.25580215454098 ], [ -91.771247863769531, 32.25440597534179 ], [ -91.773017883300781, 32.254474639892564 ], [ -91.773605346679688, 32.253593444824219 ], [ -91.773155212402344, 32.252552032470696 ], [ -91.771980285644531, 32.251888275146477 ], [ -91.771415710449219, 32.2479057312012 ], [ -91.77203369140625, 32.247604370117152 ], [ -91.77362060546875, 32.247425079345646 ], [ -91.774726867675795, 32.24687576293946 ], [ -91.775405883789062, 32.244560241699219 ], [ -91.774894714355469, 32.243186950683594 ], [ -91.775001525878906, 32.242908477783182 ], [ -91.775947570800781, 32.242610931396499 ], [ -91.778320312500014, 32.243461608886719 ], [ -91.779289245605469, 32.243461608886719 ], [ -91.780197143554688, 32.242889404296825 ], [ -91.780479431152344, 32.242172241210909 ], [ -91.7801513671875, 32.241851806640611 ], [ -91.778999328613281, 32.241310119628906 ], [ -91.777519226074219, 32.240989685058622 ], [ -91.776840209960938, 32.240352630615256 ], [ -91.776420593261719, 32.239231109619155 ], [ -91.777107238769531, 32.238151550292976 ], [ -91.777732849121094, 32.237972259521484 ], [ -91.778839111328125, 32.238197326660163 ], [ -91.780410766601562, 32.240036010742188 ], [ -91.781906127929688, 32.240528106689453 ], [ -91.78338623046875, 32.240093231201136 ], [ -91.784576416015625, 32.239406585693338 ], [ -91.786750793457031, 32.238948822021499 ], [ -91.787162780761719, 32.23871994018554 ], [ -91.787429809570312, 32.237918853759716 ], [ -91.786544799804688, 32.237369537353537 ], [ -91.785171508789062, 32.237026214599624 ], [ -91.7847900390625, 32.236404418945312 ], [ -91.78497314453125, 32.235649108886776 ], [ -91.785736083984375, 32.234962463378878 ], [ -91.787887573242188, 32.233703613281236 ], [ -91.7889404296875, 32.23184967041017 ], [ -91.789932250976562, 32.231662750244126 ], [ -91.790779113769545, 32.231941223144503 ], [ -91.79168701171875, 32.231826782226584 ], [ -91.792686462402344, 32.229808807373011 ], [ -91.793869018554688, 32.228939056396484 ], [ -91.793685913085938, 32.228321075439467 ], [ -91.792289733886719, 32.226623535156271 ], [ -91.791877746582031, 32.225524902343757 ], [ -91.792068481445312, 32.22495269775392 ], [ -91.792449951171875, 32.224792480468736 ], [ -91.7938232421875, 32.22495269775392 ], [ -91.797569274902344, 32.224838256835945 ], [ -91.798355102539062, 32.224494934082038 ], [ -91.799240112304688, 32.223693847656278 ], [ -91.800582885742188, 32.223415374755866 ], [ -91.802207946777344, 32.223396301269517 ], [ -91.802742004394545, 32.223190307617195 ], [ -91.804656982421889, 32.221630096435547 ], [ -91.807136535644531, 32.220645904540994 ], [ -91.807701110839844, 32.221652984619155 ], [ -91.808296203613281, 32.221721649169965 ], [ -91.808860778808594, 32.22144699096684 ], [ -91.809036254882812, 32.220928192138658 ], [ -91.808319091796875, 32.21909332275392 ], [ -91.808685302734375, 32.218112945556612 ], [ -91.80914306640625, 32.217945098876996 ], [ -91.810874938964858, 32.21839523315429 ], [ -91.811447143554688, 32.218769073486357 ], [ -91.810447692871094, 32.21937179565429 ], [ -91.810394287109375, 32.221149444580092 ], [ -91.810806274414062, 32.221855163574254 ], [ -91.812187194824233, 32.222316741943381 ], [ -91.812744140625, 32.222015380859347 ], [ -91.812744140625, 32.22119522094723 ], [ -91.811798095703125, 32.218555450439425 ], [ -91.812149047851562, 32.218402862548835 ], [ -91.813140869140625, 32.217071533203089 ], [ -91.81964111328125, 32.213523864746051 ], [ -91.820343017578139, 32.212581634521491 ], [ -91.820610046386719, 32.211208343505859 ], [ -91.820503234863281, 32.210426330566413 ], [ -91.819671630859375, 32.206577301025355 ], [ -91.818984985351562, 32.205177307128913 ], [ -91.819183349609375, 32.204883575439467 ], [ -91.819938659667969, 32.204883575439425 ], [ -91.821197509765625, 32.205245971679702 ], [ -91.821762084960952, 32.205181121826143 ], [ -91.822418212890625, 32.204883575439453 ], [ -91.824005126953125, 32.203048706054709 ], [ -91.823844909667969, 32.20124053955076 ], [ -91.824409484863295, 32.198925018310575 ], [ -91.824005126953125, 32.198032379150369 ], [ -91.824249267578125, 32.196796417236342 ], [ -91.824783325195312, 32.195808410644517 ], [ -91.824737548828125, 32.195327758789055 ], [ -91.823143005371094, 32.192672729492145 ], [ -91.822601318359389, 32.190494537353523 ], [ -91.823028564453125, 32.189853668212876 ], [ -91.823715209960938, 32.189990997314439 ], [ -91.824386596679688, 32.190792083740234 ], [ -91.825546264648438, 32.191318511962947 ], [ -91.826431274414077, 32.192348480224638 ], [ -91.829666137695312, 32.188888549804688 ], [ -91.830314636230469, 32.187835693359375 ], [ -91.830413818359375, 32.186462402343736 ], [ -91.831146240234375, 32.185661315917947 ], [ -91.831520080566406, 32.183689117431641 ], [ -91.831871032714844, 32.183322906494119 ], [ -91.833053588867188, 32.183185577392557 ], [ -91.833351135253906, 32.182933807373026 ], [ -91.831901550292969, 32.182239532470689 ], [ -91.831451416015625, 32.181499481201158 ], [ -91.830375671386719, 32.18086242675782 ], [ -91.831161499023438, 32.180046081542969 ], [ -91.833244323730469, 32.179412841796875 ], [ -91.83349609375, 32.179500579834027 ], [ -91.834617614746094, 32.180141448974659 ], [ -91.835235595703125, 32.181613922119148 ], [ -91.835594177246094, 32.181800842285163 ], [ -91.83642578125, 32.181224822998054 ], [ -91.837081909179688, 32.179767608642557 ], [ -91.835441589355469, 32.179733276367209 ], [ -91.834701538085938, 32.179180145263643 ], [ -91.8358154296875, 32.177726745605476 ], [ -91.835861206054688, 32.17718505859375 ], [ -91.837158203125, 32.176006317138679 ], [ -91.837944030761733, 32.175914764404311 ], [ -91.838088989257812, 32.176116943359375 ], [ -91.838058471679688, 32.177959442138643 ], [ -91.840141296386719, 32.177928924560526 ], [ -91.84100341796875, 32.177326202392528 ], [ -91.841102600097656, 32.175968170166001 ], [ -91.841842651367188, 32.174873352050788 ], [ -91.843009948730469, 32.174846649169922 ], [ -91.844474792480469, 32.176044464111328 ], [ -91.845046997070312, 32.176021575927741 ], [ -91.845458984375, 32.175624847412095 ], [ -91.845718383789062, 32.174400329589815 ], [ -91.846199035644531, 32.173873901367223 ], [ -91.848968505859375, 32.172710418701151 ], [ -91.850296020507812, 32.172813415527351 ], [ -91.850929260253906, 32.173248291015639 ], [ -91.851165771484375, 32.17380523681642 ], [ -91.850997924804688, 32.174659729003899 ], [ -91.851211547851562, 32.175045013427692 ], [ -91.851753234863281, 32.175209045410192 ], [ -91.852165222167969, 32.175189971923849 ], [ -91.853912353515625, 32.173938751220696 ], [ -91.854522705078125, 32.173809051513722 ], [ -91.85455322265625, 32.175891876220739 ], [ -91.855293273925781, 32.17615509033206 ], [ -91.855888366699233, 32.176097869873011 ], [ -91.85675048828125, 32.175514221191428 ], [ -91.856437683105469, 32.174163818359382 ], [ -91.857154846191406, 32.173175811767607 ], [ -91.858932495117188, 32.172534942626939 ], [ -91.861701965332031, 32.173168182373061 ], [ -91.862701416015625, 32.173839569091768 ], [ -91.863372802734375, 32.173957824707031 ], [ -91.86383056640625, 32.173717498779297 ], [ -91.864181518554688, 32.171901702880852 ], [ -91.864784240722656, 32.171470642089886 ], [ -91.86566162109375, 32.171901702880852 ], [ -91.865882873535156, 32.173439025878913 ], [ -91.866508483886719, 32.17392349243169 ], [ -91.867156982421875, 32.173492431640618 ], [ -91.867866516113281, 32.172290802001967 ], [ -91.868461608886719, 32.172145843505838 ], [ -91.869148254394531, 32.173828124999986 ], [ -91.870285034179688, 32.174449920654304 ], [ -91.870712280273438, 32.173843383789055 ], [ -91.870498657226577, 32.173061370849638 ], [ -91.871200561523438, 32.172092437744155 ], [ -91.871749877929688, 32.171768188476584 ], [ -91.872604370117188, 32.171672821044936 ], [ -91.873497009277344, 32.17225265502929 ], [ -91.874137878417969, 32.173511505126946 ], [ -91.875, 32.173740386962898 ], [ -91.875701904296875, 32.172473907470732 ], [ -91.8758544921875, 32.171058654785185 ], [ -91.876174926757812, 32.170494079589865 ], [ -91.879081726074219, 32.171287536621115 ], [ -91.880081176757812, 32.171363830566399 ], [ -91.880279541015625, 32.169914245605476 ], [ -91.880828857421875, 32.169185638427734 ], [ -91.883674621582031, 32.16814041137696 ], [ -91.886550903320312, 32.165798187255866 ], [ -91.886657714843764, 32.165161132812536 ], [ -91.884841918945312, 32.163883209228487 ], [ -91.884902954101562, 32.163101196289013 ], [ -91.885848999023438, 32.162376403808587 ], [ -91.887481689453125, 32.162719726562493 ], [ -91.888023376464844, 32.162528991699219 ], [ -91.888153076171875, 32.161659240722663 ], [ -91.887535095214844, 32.160907745361328 ], [ -91.887565612792969, 32.160217285156243 ], [ -91.889320373535156, 32.157997131347642 ], [ -91.8907470703125, 32.157192230224638 ], [ -91.890403747558594, 32.154834747314418 ], [ -91.890800476074219, 32.154285430908153 ], [ -91.891471862792969, 32.153892517089837 ], [ -91.893463134765625, 32.153553009033224 ], [ -91.894302368164062, 32.152404785156214 ], [ -91.894599914550781, 32.151397705078139 ], [ -91.89483642578125, 32.149955749511754 ], [ -91.897964477539062, 32.147296905517599 ], [ -91.897911071777358, 32.146633148193288 ], [ -91.896682739257812, 32.14521026611331 ], [ -91.896759033203125, 32.143997192382777 ], [ -91.897613525390625, 32.142509460449212 ], [ -91.897377014160156, 32.141845703124979 ], [ -91.895599365234375, 32.140697479248033 ], [ -91.895851135253906, 32.138748168945327 ], [ -91.894256591796875, 32.137832641601612 ], [ -91.893051147460938, 32.137626647949219 ], [ -91.892288208007812, 32.137649536132855 ], [ -91.890945434570312, 32.13819885253907 ], [ -91.890296936035156, 32.138267517089865 ], [ -91.889625549316406, 32.137992858886697 ], [ -91.889007568359375, 32.137271881103565 ], [ -91.888023376464844, 32.135204315185547 ], [ -91.887176513671875, 32.134639739990241 ], [ -91.88458251953125, 32.133560180664013 ], [ -91.882949829101562, 32.13219451904294 ], [ -91.882720947265625, 32.131637573242188 ], [ -91.882850646972656, 32.130645751953161 ], [ -91.883674621582031, 32.129535675048814 ], [ -91.884124755859375, 32.128200531005817 ], [ -91.883773803710952, 32.125 ], [ -91.88525390625, 32.120967864990249 ], [ -91.885032653808594, 32.119682312011726 ], [ -91.8839111328125, 32.11927032470701 ], [ -91.883132934570312, 32.119277954101534 ], [ -91.881439208984375, 32.12030029296875 ], [ -91.880455017089844, 32.121994018554702 ], [ -91.87957763671875, 32.125 ], [ -91.877578735351562, 32.126625061035149 ], [ -91.876838684082031, 32.126995086669929 ], [ -91.875831604003906, 32.127105712890618 ], [ -91.875, 32.126731872558629 ], [ -91.873977661132812, 32.125808715820334 ], [ -91.874069213867188, 32.123966217040994 ], [ -91.873794555664062, 32.122299194335938 ], [ -91.873031616210938, 32.121398925781264 ], [ -91.870445251464844, 32.119346618652337 ], [ -91.869140625, 32.117225646972642 ], [ -91.869087219238281, 32.116027832031236 ], [ -91.869354248046875, 32.115200042724574 ], [ -91.870086669921875, 32.114303588867166 ], [ -91.87237548828125, 32.11275100708005 ], [ -91.874038696289062, 32.110820770263665 ], [ -91.875534057617202, 32.107681274414034 ], [ -91.875701904296875, 32.105716705322216 ], [ -91.874336242675781, 32.103908538818366 ], [ -91.871322631835938, 32.101863861083956 ], [ -91.868423461914062, 32.100303649902301 ], [ -91.867469787597656, 32.099452972412102 ], [ -91.867431640625, 32.099010467529276 ], [ -91.867759704589844, 32.098701477050781 ], [ -91.869377136230469, 32.098228454589865 ], [ -91.870315551757812, 32.097640991210909 ], [ -91.870742797851562, 32.096889495849609 ], [ -91.870529174804688, 32.095470428466768 ], [ -91.868408203125, 32.093475341796911 ], [ -91.867973327636719, 32.092693328857415 ], [ -91.868072509765625, 32.091400146484354 ], [ -91.869468688964844, 32.09081268310549 ], [ -91.871833801269531, 32.090450286865213 ], [ -91.872764587402344, 32.089962005615241 ], [ -91.874191284179688, 32.088397979736357 ], [ -91.875, 32.088100433349588 ], [ -91.877830505371094, 32.087753295898438 ], [ -91.879310607910156, 32.087734222412102 ], [ -91.882011413574219, 32.088088989257791 ], [ -91.884208679199219, 32.088562011718757 ], [ -91.887382507324219, 32.089904785156229 ], [ -91.888145446777344, 32.090106964111342 ], [ -91.889106750488281, 32.090042114257869 ], [ -91.890312194824219, 32.089290618896506 ], [ -91.891677856445312, 32.087181091308629 ], [ -91.89117431640625, 32.086006164550767 ], [ -91.889755249023438, 32.084308624267585 ], [ -91.889541625976577, 32.083732604980447 ], [ -91.890060424804688, 32.083320617675774 ], [ -91.891654968261719, 32.08326339721679 ], [ -91.893890380859375, 32.086265563964837 ], [ -91.895271301269531, 32.086715698242195 ], [ -91.896141052246094, 32.086593627929716 ], [ -91.89788818359375, 32.085411071777322 ], [ -91.898391723632812, 32.084358215331982 ], [ -91.899879455566406, 32.077686309814432 ], [ -91.899986267089844, 32.075984954833977 ], [ -91.901260375976562, 32.07482147216799 ], [ -91.902214050292983, 32.074836730957045 ], [ -91.903396606445312, 32.075653076171875 ], [ -91.903923034667969, 32.076770782470703 ], [ -91.904014587402344, 32.077587127685568 ], [ -91.902206420898438, 32.079837799072259 ], [ -91.901710510253906, 32.080894470214837 ], [ -91.901557922363281, 32.081710815429688 ], [ -91.901802062988281, 32.082519531250014 ], [ -91.902320861816406, 32.082798004150398 ], [ -91.903099060058594, 32.082794189453111 ], [ -91.90362548828125, 32.082542419433587 ], [ -91.905250549316406, 32.080173492431655 ], [ -91.905982971191406, 32.079727172851555 ], [ -91.906639099121094, 32.079727172851555 ], [ -91.907241821289062, 32.080013275146477 ], [ -91.908134460449219, 32.081756591796854 ], [ -91.90997314453125, 32.083980560302727 ], [ -91.910949707031264, 32.084884643554723 ], [ -91.9119873046875, 32.085186004638629 ], [ -91.913246154785156, 32.08483505249027 ], [ -91.913810729980469, 32.083831787109332 ], [ -91.912429809570312, 32.082019805908253 ], [ -91.912017822265625, 32.080799102783239 ], [ -91.914695739746094, 32.077266693115234 ], [ -91.915458679199219, 32.077121734619091 ], [ -91.916122436523438, 32.077289581298849 ], [ -91.91748046875, 32.078319549560547 ], [ -91.918075561523438, 32.078395843505852 ], [ -91.918869018554702, 32.078224182128913 ], [ -91.923286437988281, 32.076229095458991 ], [ -91.925941467285156, 32.075328826904325 ], [ -91.926948547363281, 32.0743408203125 ], [ -91.928695678710938, 32.071159362792997 ], [ -91.932823181152344, 32.067222595214844 ], [ -91.933097839355469, 32.066726684570305 ], [ -91.932945251464844, 32.065853118896499 ], [ -91.932327270507812, 32.065147399902365 ], [ -91.930984497070312, 32.065021514892585 ], [ -91.929168701171875, 32.065402984619134 ], [ -91.927368164062514, 32.066215515136733 ], [ -91.925827026367188, 32.066539764404283 ], [ -91.923896789550781, 32.066749572753942 ], [ -91.921974182128906, 32.066143035888636 ], [ -91.921653747558594, 32.06566238403316 ], [ -91.920890808105483, 32.062553405761719 ], [ -91.919631958007812, 32.059474945068359 ], [ -91.918342590332031, 32.057697296142607 ], [ -91.916908264160156, 32.056980133056676 ], [ -91.915977478027344, 32.057106018066442 ], [ -91.9117431640625, 32.061168670654283 ], [ -91.910850524902344, 32.061660766601598 ], [ -91.909263610839844, 32.061492919921818 ], [ -91.908645629882812, 32.060947418212862 ], [ -91.908554077148438, 32.060016632080085 ], [ -91.90887451171875, 32.059497833251946 ], [ -91.911224365234375, 32.058444976806655 ], [ -91.912399291992188, 32.057529449462869 ], [ -91.912979125976562, 32.056678771972699 ], [ -91.913520812988281, 32.054634094238288 ], [ -91.913108825683594, 32.0531005859375 ], [ -91.911918640136733, 32.051380157470696 ], [ -91.910682678222656, 32.050407409667933 ], [ -91.909614562988281, 32.049003601074219 ], [ -91.909538269042969, 32.046535491943317 ], [ -91.908889770507812, 32.046054840087912 ], [ -91.903396606445312, 32.044719696044929 ], [ -91.901664733886719, 32.04229354858397 ], [ -91.898368835449219, 32.040035247802713 ], [ -91.898033142089844, 32.039394378662131 ], [ -91.898200988769531, 32.038883209228544 ], [ -91.899635314941406, 32.038509368896491 ], [ -91.900413513183594, 32.038658142089858 ], [ -91.901664733886719, 32.039688110351591 ], [ -91.903144836425781, 32.039863586425803 ], [ -91.90411376953125, 32.038822174072273 ], [ -91.904090881347656, 32.037017822265661 ], [ -91.903190612792969, 32.035057067871087 ], [ -91.902381896972656, 32.034793853759751 ], [ -91.900161743164062, 32.034988403320348 ], [ -91.899368286132812, 32.034835815429709 ], [ -91.898620605468764, 32.033924102783224 ], [ -91.898406982421875, 32.032890319824169 ], [ -91.898513793945327, 32.032207489013651 ], [ -91.900886535644531, 32.029075622558601 ], [ -91.90268707275392, 32.025287628173842 ], [ -91.902435302734375, 32.02423477172853 ], [ -91.9002685546875, 32.022369384765639 ], [ -91.899368286132812, 32.020797729492209 ], [ -91.899581909179688, 32.020080566406243 ], [ -91.900497436523438, 32.018791198730462 ], [ -91.900466918945312, 32.018299102783246 ], [ -91.899978637695312, 32.018035888671825 ], [ -91.898284912109375, 32.018043518066378 ], [ -91.897789001464844, 32.017772674560568 ], [ -91.897010803222656, 32.015663146972656 ], [ -91.895713806152344, 32.013900756835945 ], [ -91.895362854003906, 32.01250839233397 ], [ -91.894248962402344, 32.010395050048785 ], [ -91.894287109375, 32.009918212890604 ], [ -91.894416809082031, 32.009490966796861 ], [ -91.894737243652344, 32.009342193603516 ], [ -91.898460388183594, 32.009353637695341 ], [ -91.899139404296875, 32.009174346923849 ], [ -91.899375915527344, 32.008659362792997 ], [ -91.899116516113295, 32.008239746093771 ], [ -91.897689819335938, 32.007289886474602 ], [ -91.897392272949219, 32.006771087646456 ], [ -91.897560119628906, 32.006286621093707 ], [ -91.897979736328125, 32.006107330322223 ], [ -91.899566650390625, 32.00603866577147 ], [ -91.900100708007812, 32.00567245483402 ], [ -91.900337219238281, 32.004837036132812 ], [ -91.899024963378906, 32.00274658203125 ], [ -91.897171020507812, 32.000930786132812 ], [ -91.89678955078125, 32.0 ], [ -91.896537780761719, 32.0 ], [ -91.89678955078125, 31.999206542968789 ], [ -91.89727783203125, 31.998670578002937 ], [ -91.901123046875, 31.996717453002919 ], [ -91.901527404785156, 31.996328353881832 ], [ -91.90191650390625, 31.995645523071282 ], [ -91.901802062988281, 31.994661331176797 ], [ -91.900718688964844, 31.992769241333004 ], [ -91.900077819824219, 31.992700576782227 ], [ -91.898277282714858, 31.993221282958967 ], [ -91.897514343261719, 31.993108749389638 ], [ -91.897171020507812, 31.992345809936499 ], [ -91.8974609375, 31.991405487060554 ], [ -91.899353027343764, 31.98953819274902 ], [ -91.899467468261719, 31.988805770874013 ], [ -91.896400451660156, 31.984403610229492 ], [ -91.89459228515625, 31.984197616577173 ], [ -91.893585205078125, 31.983833312988271 ], [ -91.892768859863295, 31.98280715942381 ], [ -91.892234802246094, 31.97941589355468 ], [ -91.890556335449219, 31.977600097656268 ], [ -91.890266418457031, 31.976726531982422 ], [ -91.890701293945312, 31.974126815795909 ], [ -91.890373229980469, 31.972621917724613 ], [ -91.889556884765625, 31.971315383911122 ], [ -91.904586791992188, 31.971374511718771 ], [ -91.904251098632812, 31.9274005889893 ], [ -91.938499450683594, 31.9274005889893 ], [ -92.0, 31.9274005889893 ], [ -92.005302429199233, 31.927133560180668 ], [ -92.103569030761733, 31.927074432373058 ], [ -92.125, 31.927049636840824 ], [ -92.139724731445312, 31.92770004272462 ], [ -92.190834045410156, 31.927709579467788 ], [ -92.200706481933594, 31.927516937255877 ], [ -92.202537536621094, 31.927503585815423 ], [ -92.213294982910156, 31.927431106567404 ], [ -92.246170043945312, 31.927276611328121 ], [ -92.25, 31.927434921264645 ], [ -92.280632019042983, 31.926925659179705 ], [ -92.28155517578125, 31.927177429199226 ], [ -92.31247711181642, 31.927219390869162 ], [ -92.312492370605469, 31.936370849609375 ], [ -92.312744140625, 31.991220474243118 ], [ -92.311767578125014, 32.076126098632805 ], [ -92.311782836914062, 32.111843109130845 ], [ -92.31231689453125, 32.125 ], [ -92.312080383300781, 32.145969390869141 ], [ -92.339324951171875, 32.145469665527337 ], [ -92.351051330566406, 32.145576477050781 ], [ -92.375, 32.146228790283196 ], [ -92.407745361328125, 32.146129608154318 ], [ -92.42449951171875, 32.145645141601555 ], [ -92.45416259765625, 32.146308898925781 ], [ -92.481437683105469, 32.1463623046875 ], [ -92.533332824707031, 32.146354675292947 ], [ -92.593833923339844, 32.146598815917976 ], [ -92.594932556152344, 32.146606445312507 ], [ -92.646453857421875, 32.146736145019524 ], [ -92.699325561523438, 32.14679718017581 ], [ -92.724929809570312, 32.146915435790987 ], [ -92.74822998046875, 32.147026062011761 ], [ -92.75, 32.146541595458991 ], [ -92.772476196289062, 32.146469116210916 ], [ -92.791374206542969, 32.146446228027358 ], [ -92.814498901367188, 32.146751403808594 ], [ -92.875, 32.147281646728494 ], [ -92.902702331542969, 32.14781951904299 ], [ -92.938438415527344, 32.147785186767578 ], [ -92.972854614257812, 32.147979736328161 ], [ -93.0, 32.14764022827147 ], [ -93.002304077148438, 32.14829254150392 ], [ -93.026275634765625, 32.148281097412067 ], [ -93.066398620605469, 32.148147583007805 ], [ -93.083190917968764, 32.148109436035092 ], [ -93.098320007324219, 32.148075103759759 ], [ -93.117118835449219, 32.148342132568388 ], [ -93.125, 32.147880554199226 ], [ -93.134231567382812, 32.147876739501974 ], [ -93.188064575195327, 32.148262023925767 ], [ -93.187881469726562, 32.147529602050788 ], [ -93.187232971191406, 32.147003173828125 ], [ -93.18698883056642, 32.146957397460923 ], [ -93.186477661132812, 32.147415161132791 ], [ -93.185798645019531, 32.146724700927734 ], [ -93.18634033203125, 32.145511627197273 ], [ -93.185699462890625, 32.144641876220739 ], [ -93.185638427734375, 32.143676757812521 ], [ -93.184944152832045, 32.142578125 ], [ -93.184158325195312, 32.142074584960952 ], [ -93.184432983398438, 32.141525268554652 ], [ -93.184181213378906, 32.141136169433565 ], [ -93.182273864746094, 32.14131927490233 ], [ -93.181602478027344, 32.140354156494119 ], [ -93.180259704589844, 32.140701293945263 ], [ -93.179367065429688, 32.139919281005866 ], [ -93.178398132324219, 32.140308380126953 ], [ -93.178184509277344, 32.140197753906271 ], [ -93.178153991699219, 32.139461517333928 ], [ -93.17718505859375, 32.138225555419901 ], [ -93.176406860351562, 32.138225555419901 ], [ -93.176216125488281, 32.137168884277344 ], [ -93.177261352539062, 32.136344909667955 ], [ -93.177261352539062, 32.136001586914062 ], [ -93.176353454589844, 32.135681152343764 ], [ -93.175819396972656, 32.134876251220703 ], [ -93.173690795898452, 32.134651184082024 ], [ -93.173553466796875, 32.133548736572259 ], [ -93.174064636230469, 32.133319854736371 ], [ -93.174278259277344, 32.13286209106446 ], [ -93.173179626464844, 32.131809234619169 ], [ -93.173553466796875, 32.13132476806642 ], [ -93.173652648925781, 32.130546569824212 ], [ -93.173019409179688, 32.129699707031264 ], [ -93.171073913574219, 32.130088806152365 ], [ -93.171073913574219, 32.128162384033232 ], [ -93.170639038085938, 32.127773284912088 ], [ -93.16937255859375, 32.127498626708963 ], [ -93.167839050292969, 32.128257751464886 ], [ -93.167121887207031, 32.127635955810568 ], [ -93.167167663574219, 32.126377105712912 ], [ -93.166900634765625, 32.125400543212926 ], [ -93.167091369628906, 32.124477386474609 ], [ -93.166770935058594, 32.122829437255866 ], [ -93.166389465332031, 32.122119903564496 ], [ -93.166099548339844, 32.121799468994126 ], [ -93.16552734375, 32.121681213378956 ], [ -93.164665222167969, 32.120742797851534 ], [ -93.164237976074219, 32.119850158691371 ], [ -93.163589477539062, 32.11939239501956 ], [ -93.163322448730469, 32.118705749511747 ], [ -93.162376403808594, 32.117900848388643 ], [ -93.162353515625, 32.116779327392599 ], [ -93.161758422851562, 32.115837097167976 ], [ -93.161659240722656, 32.114418029785178 ], [ -93.161331176757812, 32.113868713378949 ], [ -93.160873413085938, 32.113662719726548 ], [ -93.160118103027344, 32.113754272460938 ], [ -93.159286499023438, 32.112697601318366 ], [ -93.158477783203139, 32.112583160400391 ], [ -93.158126831054688, 32.111850738525355 ], [ -93.157241821289062, 32.111324310302749 ], [ -93.1568603515625, 32.110935211181669 ], [ -93.156753540039062, 32.110385894775412 ], [ -93.155624389648438, 32.109512329101534 ], [ -93.155380249023452, 32.108345031738274 ], [ -93.154678344726562, 32.108551025390597 ], [ -93.154258728027344, 32.107841491699226 ], [ -93.152961730957031, 32.106830596923857 ], [ -93.152183532714844, 32.104286193847706 ], [ -93.152481079101562, 32.102680206298793 ], [ -93.152908325195312, 32.102088928222692 ], [ -93.158294677734375, 32.098606109619148 ], [ -93.158966064453125, 32.097778320312479 ], [ -93.159317016601577, 32.096611022949226 ], [ -93.160720825195312, 32.095809936523402 ], [ -93.161605834960938, 32.093746185302713 ], [ -93.163383483886733, 32.093521118164027 ], [ -93.163703918457031, 32.093311309814496 ], [ -93.163734436035156, 32.092578887939489 ], [ -93.163330078125, 32.09241867065434 ], [ -93.164108276367188, 32.09118270874027 ], [ -93.164108276367188, 32.090286254882834 ], [ -93.162818908691406, 32.088340759277379 ], [ -93.1624755859375, 32.085750579833949 ], [ -93.161155700683594, 32.084259033203132 ], [ -93.161155700683594, 32.083892822265611 ], [ -93.161827087402344, 32.083435058593729 ], [ -93.160995483398452, 32.082633972167947 ], [ -93.160400390625, 32.081394195556648 ], [ -93.160186767578125, 32.081394195556648 ], [ -93.159675598144531, 32.082336425781236 ], [ -93.158378601074219, 32.082725524902401 ], [ -93.158157348632812, 32.08263015747071 ], [ -93.158248901367188, 32.082012176513707 ], [ -93.157386779785156, 32.081874847412116 ], [ -93.157386779785156, 32.081233978271484 ], [ -93.157028198242188, 32.080799102783239 ], [ -93.157302856445312, 32.080547332763693 ], [ -93.1572265625, 32.079792022705092 ], [ -93.157577514648438, 32.078693389892599 ], [ -93.156951904296875, 32.07775115966799 ], [ -93.156394958496094, 32.077499389648452 ], [ -93.154556274414062, 32.077568054199254 ], [ -93.153083801269531, 32.075984954833977 ], [ -93.150955200195312, 32.075046539306669 ], [ -93.150520324707031, 32.074977874755852 ], [ -93.14923095703125, 32.075527191162102 ], [ -93.1488037109375, 32.074565887451151 ], [ -93.147857666015625, 32.073646545410199 ], [ -93.14788818359375, 32.073211669921861 ], [ -93.147323608398438, 32.072364807128913 ], [ -93.145278930664062, 32.072452545166016 ], [ -93.145004272460938, 32.070575714111357 ], [ -93.1446533203125, 32.070323944091768 ], [ -93.14337158203125, 32.070186614990256 ], [ -93.143074035644531, 32.068328857421861 ], [ -93.143798828125, 32.066955566406257 ], [ -93.143798828125, 32.066402435302741 ], [ -93.142967224121094, 32.0655326843262 ], [ -93.14263916015625, 32.064411163330064 ], [ -93.141754150390625, 32.063243865966783 ], [ -93.139869689941406, 32.061290740966818 ], [ -93.138877868652344, 32.060581207275369 ], [ -93.137237548828125, 32.05686950683593 ], [ -93.135917663574219, 32.05615615844728 ], [ -93.1361083984375, 32.05475997924804 ], [ -93.137138366699219, 32.053203582763615 ], [ -93.135818481445312, 32.052009582519524 ], [ -93.135757446289062, 32.051414489746108 ], [ -93.136428833007812, 32.051208496093707 ], [ -93.137557983398438, 32.051322937011747 ], [ -93.138290405273438, 32.050842285156271 ], [ -93.13751220703125, 32.049880981445284 ], [ -93.13751220703125, 32.049583435058587 ], [ -93.138671875, 32.049396514892578 ], [ -93.139205932617188, 32.049079895019538 ], [ -93.138534545898438, 32.048183441162124 ], [ -93.138557434082031, 32.047542572021435 ], [ -93.139366149902344, 32.047359466552749 ], [ -93.141227722167969, 32.047611236572287 ], [ -93.141334533691406, 32.045848846435526 ], [ -93.142784118652344, 32.044700622558551 ], [ -93.142601013183594, 32.044128417968771 ], [ -93.141517639160156, 32.04335021972657 ], [ -93.14141845703125, 32.040645599365213 ], [ -93.141822814941406, 32.040416717529332 ], [ -93.142623901367188, 32.041015624999979 ], [ -93.143348693847656, 32.041107177734347 ], [ -93.144027709960938, 32.040557861328118 ], [ -93.145370483398438, 32.039981842041051 ], [ -93.145423889160156, 32.038471221923864 ], [ -93.146347045898438, 32.037666320800746 ], [ -93.146072387695312, 32.036613464355455 ], [ -93.146881103515639, 32.036361694335945 ], [ -93.14794921875, 32.03673171997071 ], [ -93.148574829101562, 32.034759521484396 ], [ -93.149467468261719, 32.034187316894553 ], [ -93.150726318359375, 32.034255981445334 ], [ -93.151992797851562, 32.033752441406271 ], [ -93.151161193847656, 32.032627105712869 ], [ -93.152107238769531, 32.032035827636712 ], [ -93.152313232421875, 32.032585144042947 ], [ -93.152984619140625, 32.032630920410185 ], [ -93.153312683105469, 32.03242111206054 ], [ -93.153549194335938, 32.030910491943359 ], [ -93.156806945800781, 32.02905654907223 ], [ -93.158477783203139, 32.027542114257855 ], [ -93.158477783203139, 32.026786804199254 ], [ -93.157081604003906, 32.025573730468757 ], [ -93.156486511230469, 32.024494171142578 ], [ -93.156806945800781, 32.023097991943395 ], [ -93.158180236816406, 32.020736694335945 ], [ -93.157752990722656, 32.019157409667933 ], [ -93.156600952148438, 32.018100738525369 ], [ -93.156463623046875, 32.017070770263686 ], [ -93.156784057617188, 32.016063690185568 ], [ -93.158889770507812, 32.01363372802733 ], [ -93.159660339355469, 32.01216506958005 ], [ -93.158538818359375, 32.008613586425831 ], [ -93.159286499023438, 32.0067138671875 ], [ -93.157325744628906, 32.006458282470732 ], [ -93.156356811523438, 32.005908966064453 ], [ -93.155525207519531, 32.004764556884808 ], [ -93.154914855957031, 32.002220153808601 ], [ -93.15264892578125, 32.00072860717772 ], [ -93.152275085449219, 32.0 ], [ -93.152145385742188, 31.99874305725098 ], [ -93.150688171386719, 31.996795654296896 ], [ -93.148941040039062, 31.996267318725614 ], [ -93.147010803222656, 31.996105194091772 ], [ -93.145797729492188, 31.994661331176797 ], [ -93.144721984863281, 31.993951797485334 ], [ -93.143775939941406, 31.993768692016605 ], [ -93.141632080078125, 31.993904113769545 ], [ -93.141197204589844, 31.993240356445323 ], [ -93.140586853027344, 31.990856170654265 ], [ -93.139533996582031, 31.98982620239256 ], [ -93.138435363769531, 31.989366531372077 ], [ -93.135986328125, 31.989526748657241 ], [ -93.134422302246108, 31.988677978515629 ], [ -93.134101867675781, 31.987989425659148 ], [ -93.134910583496094, 31.986936569213871 ], [ -93.135932922363281, 31.983085632324187 ], [ -93.1357421875, 31.982696533203125 ], [ -93.1343994140625, 31.981847763061499 ], [ -93.131309509277344, 31.98131942749022 ], [ -93.130050659179688, 31.980493545532248 ], [ -93.129135131835938, 31.979209899902337 ], [ -93.128738403320312, 31.977491378784169 ], [ -93.1279296875, 31.976505279540998 ], [ -93.126129150390625, 31.975864410400426 ], [ -93.124061584472656, 31.973480224609357 ], [ -93.123176574707031, 31.973022460937486 ], [ -93.121536254882812, 31.972816467285185 ], [ -93.121025085449219, 31.972450256347621 ], [ -93.125, 31.972185134887692 ], [ -93.148872375488281, 31.972206115722642 ], [ -93.1500244140625, 31.972045898437518 ], [ -93.238304138183594, 31.972620010375994 ], [ -93.238876342773438, 31.933681488037113 ], [ -93.238899230957031, 31.932817459106438 ], [ -93.239311218261719, 31.905015945434517 ], [ -93.24224853515625, 31.908147811889641 ], [ -93.244636535644531, 31.911470413208001 ], [ -93.249481201171875, 31.920587539672891 ], [ -93.25250244140625, 31.924922943115195 ], [ -93.255058288574219, 31.927650451660156 ], [ -93.2572021484375, 31.930400848388651 ], [ -93.25830078125, 31.932806015014641 ], [ -93.259376525878906, 31.933792114257795 ], [ -93.261199951171889, 31.93448257446288 ], [ -93.263298034667969, 31.93461990356446 ], [ -93.267951965332031, 31.933910369873065 ], [ -93.270210266113281, 31.93306350708005 ], [ -93.274909973144531, 31.930154800415018 ], [ -93.275291442871094, 31.930429458618146 ], [ -93.276008605957031, 31.929925918579077 ], [ -93.27630615234375, 31.929948806762717 ], [ -93.275985717773438, 31.931644439697294 ], [ -93.273971557617188, 31.932308197021474 ], [ -93.273887634277344, 31.932765960693384 ], [ -93.274665832519531, 31.934669494628924 ], [ -93.276359558105469, 31.935884475708015 ], [ -93.27606201171875, 31.936962127685565 ], [ -93.27691650390625, 31.937213897705103 ], [ -93.276115417480469, 31.938611984252979 ], [ -93.276031494140625, 31.939252853393555 ], [ -93.277000427246094, 31.942529678344698 ], [ -93.277534484863281, 31.943172454833977 ], [ -93.281806945800781, 31.945030212402308 ], [ -93.283050537109375, 31.945924758911097 ], [ -93.286109924316406, 31.950002670288121 ], [ -93.290245056152344, 31.956281661987337 ], [ -93.28973388671875, 31.957771301269492 ], [ -93.288093566894531, 31.958368301391619 ], [ -93.2877197265625, 31.959674835205071 ], [ -93.286026000976562, 31.960796356201172 ], [ -93.284896850585938, 31.960979461669929 ], [ -93.283233642578139, 31.959329605102553 ], [ -93.281692504882812, 31.959238052368164 ], [ -93.281669616699219, 31.95987892150881 ], [ -93.278823852539062, 31.963521957397472 ], [ -93.278709411621094, 31.965057373046928 ], [ -93.279380798339844, 31.966087341308587 ], [ -93.280532836914062, 31.966890335082994 ], [ -93.286720275878906, 31.967761993408182 ], [ -93.287803649902344, 31.96810531616212 ], [ -93.288063049316406, 31.96840476989744 ], [ -93.288414001464844, 31.971153259277354 ], [ -93.2880859375, 31.973102569580053 ], [ -93.288818359375, 31.974363327026364 ], [ -93.291557312011719, 31.976907730102553 ], [ -93.2933349609375, 31.977983474731435 ], [ -93.294136047363281, 31.979200363159233 ], [ -93.296607971191406, 31.981376647949258 ], [ -93.296882629394531, 31.982545852661122 ], [ -93.296310424804688, 31.986577987670849 ], [ -93.297653198242188, 31.989168167114276 ], [ -93.298492431640625, 31.989742279052763 ], [ -93.299217224121094, 31.990657806396495 ], [ -93.299034118652344, 31.991733551025394 ], [ -93.299331665039062, 31.992307662963878 ], [ -93.299430847167969, 31.993568420410163 ], [ -93.298919677734389, 31.995403289794915 ], [ -93.285934448242188, 31.9950561523438 ], [ -93.285667419433594, 31.995239257812472 ], [ -93.292121887207031, 32.004650115966797 ], [ -93.29376220703125, 32.006347656249979 ], [ -93.298194885253906, 32.008342742919908 ], [ -93.31658935546875, 32.015514373779283 ], [ -93.319656372070312, 32.01666259765625 ], [ -93.322410583496094, 32.01670837402343 ], [ -93.322540283203125, 32.01670837402343 ], [ -93.326622009277344, 32.016639709472635 ], [ -93.338882446289062, 32.015003204345703 ], [ -93.341522216796889, 32.014595031738317 ], [ -93.341758728027358, 32.016361236572244 ], [ -93.341545104980469, 32.016613006591811 ], [ -93.339309692382812, 32.016841888427749 ], [ -93.338516235351562, 32.016979217529318 ], [ -93.338897705078139, 32.019058227539077 ], [ -93.339073181152344, 32.020038604736349 ], [ -93.337806701660156, 32.020172119140611 ], [ -93.337600708007812, 32.019245147705085 ], [ -93.337326049804702, 32.018081665039077 ], [ -93.336318969726562, 32.018207550048857 ], [ -93.335029602050781, 32.019954681396456 ], [ -93.338859558105469, 32.022457122802763 ], [ -93.339447021484375, 32.023281097412145 ], [ -93.33966064453125, 32.025482177734375 ], [ -93.339401245117188, 32.027889251708984 ], [ -93.341903686523438, 32.028003692626974 ], [ -93.342575073242188, 32.028160095214851 ], [ -93.343452453613281, 32.0289115905762 ], [ -93.343452453613281, 32.028541564941378 ], [ -93.347770690917969, 32.028541564941378 ], [ -93.347869873046889, 32.026046752929702 ], [ -93.347938537597656, 32.024459838867195 ], [ -93.348960876464844, 32.02607345581059 ], [ -93.361076354980469, 32.045177459716783 ], [ -93.362243652343764, 32.046596527099631 ], [ -93.367256164550795, 32.051204681396463 ], [ -93.366607666015625, 32.05143737792968 ], [ -93.366020202636719, 32.053604125976555 ], [ -93.365936279296875, 32.054550170898416 ], [ -93.367416381835938, 32.055744171142621 ], [ -93.367904663085938, 32.056728363037081 ], [ -93.36737060546875, 32.058837890624972 ], [ -93.36846923828125, 32.059684753417976 ], [ -93.369247436523438, 32.059753417968729 ], [ -93.370109558105469, 32.061035156250014 ], [ -93.370079040527344, 32.061492919921839 ], [ -93.369331359863281, 32.062618255615178 ], [ -93.369575500488281, 32.065437316894581 ], [ -93.366668701171875, 32.067890167236335 ], [ -93.366966247558594, 32.068347930908175 ], [ -93.366386413574219, 32.069683074951186 ], [ -93.376945495605469, 32.078773498535185 ], [ -93.381385803222656, 32.086887359619141 ], [ -93.391761779785156, 32.106437683105462 ], [ -93.391952514648438, 32.107444763183629 ], [ -93.392059326171875, 32.108520507812479 ], [ -93.391357421875, 32.110675811767592 ], [ -93.383560180664062, 32.13106536865233 ], [ -93.382698059082031, 32.133766174316413 ], [ -93.382537841796875, 32.136150360107372 ], [ -93.383285522460938, 32.138122558593757 ], [ -93.386978149414062, 32.143302917480447 ], [ -93.389801025390625, 32.147842407226584 ], [ -93.390258789062514, 32.149673461914048 ], [ -93.390258789062514, 32.155540466308601 ], [ -93.389999389648452, 32.181228637695298 ], [ -93.390022277832045, 32.186820983886726 ], [ -93.390342712402344, 32.188056945800803 ], [ -93.419410705566406, 32.233207702636683 ], [ -93.420974731445312, 32.234535217285149 ], [ -93.424034118652344, 32.235858917236364 ], [ -93.427688598632812, 32.235748291015632 ], [ -93.427970886230469, 32.23574066162108 ], [ -93.432998657226562, 32.235591888427756 ], [ -93.457763671875, 32.235813140869134 ], [ -93.463165283203125, 32.237003326416001 ], [ -93.4710693359375, 32.237030029296868 ], [ -93.488212585449219, 32.237033843994134 ], [ -93.49603271484375, 32.237045288085973 ], [ -93.5, 32.23733901977544 ], [ -93.574668884277344, 32.237621307373026 ], [ -93.614532470703125, 32.237358093261719 ], [ -93.614852905273438, 32.240299224853537 ], [ -93.615829467773438, 32.242156982421875 ], [ -93.616127014160156, 32.24359893798831 ], [ -93.615829467773438, 32.245246887206989 ], [ -93.615966796875, 32.248706817626974 ], [ -93.617019653320312, 32.251621246337898 ], [ -93.618232727050781, 32.254024505615199 ], [ -93.617988586425781, 32.256431579589815 ], [ -93.616508483886733, 32.260742187500043 ], [ -93.615592956542969, 32.261634826660163 ], [ -93.615058898925781, 32.263675689697223 ], [ -93.613975524902344, 32.264865875244077 ], [ -93.614028930664062, 32.266170501709034 ], [ -93.615005493164062, 32.26784515380858 ], [ -93.614143371582031, 32.26860046386718 ], [ -93.614120483398452, 32.269290924072273 ], [ -93.616363525390625, 32.273410797119169 ], [ -93.61700439453125, 32.273822784423842 ], [ -93.618598937988281, 32.273685455322259 ], [ -93.61907958984375, 32.274143218994148 ], [ -93.618057250976577, 32.274902343749986 ], [ -93.617973327636719, 32.275268554687486 ], [ -93.618324279785156, 32.275588989257777 ], [ -93.620292663574219, 32.276344299316399 ], [ -93.620269775390625, 32.278453826904276 ], [ -93.622650146484375, 32.279918670654276 ], [ -93.623397827148438, 32.281749725341811 ], [ -93.623542785644531, 32.283149719238232 ], [ -93.625022888183594, 32.284202575683601 ], [ -93.627548217773438, 32.285247802734375 ], [ -93.629981994628906, 32.28523254394527 ], [ -93.631584167480469, 32.286270141601584 ], [ -93.632720947265625, 32.287631988525384 ], [ -93.637519836425781, 32.289825439453061 ], [ -93.637969970703125, 32.290737152099588 ], [ -93.638465881347656, 32.293441772460945 ], [ -93.638893127441406, 32.294254302978494 ], [ -93.640220642089858, 32.295585632324219 ], [ -93.64068603515625, 32.297119140624979 ], [ -93.642173767089844, 32.298366546630817 ], [ -93.643875122070312, 32.29838562011718 ], [ -93.646049499511719, 32.301185607910156 ], [ -93.646240234375, 32.301696777343793 ], [ -93.645698547363281, 32.302848815917976 ], [ -93.646095275878906, 32.304065704345732 ], [ -93.649185180664062, 32.305648803710938 ], [ -93.65057373046875, 32.305950164794936 ], [ -93.651901245117188, 32.307281494140639 ], [ -93.653358459472656, 32.307743072509766 ], [ -93.654975891113281, 32.308639526367166 ], [ -93.655441284179688, 32.309616088867202 ], [ -93.658195495605469, 32.310367584228523 ], [ -93.660079956054702, 32.311168670654268 ], [ -93.660530090332031, 32.311744689941413 ], [ -93.660446166992202, 32.313568115234425 ], [ -93.661376953125, 32.314785003662088 ], [ -93.661872863769531, 32.315040588378885 ], [ -93.662849426269531, 32.315105438232443 ], [ -93.666450500488281, 32.317279815673878 ], [ -93.671760559082031, 32.31639862060549 ], [ -93.674942016601562, 32.31828689575191 ], [ -93.676765441894531, 32.318622589111328 ], [ -93.678642272949219, 32.318241119384766 ], [ -93.680381774902344, 32.317134857177699 ], [ -93.682029724121094, 32.316654205322266 ], [ -93.6844482421875, 32.31718444824218 ], [ -93.686653137207045, 32.31659317016603 ], [ -93.687904357910156, 32.31639862060549 ], [ -93.688865661621094, 32.316703796386719 ], [ -93.690879821777344, 32.319744110107386 ], [ -93.691871643066406, 32.320686340332053 ], [ -93.694046020507812, 32.322113037109368 ], [ -93.695808410644531, 32.323806762695291 ], [ -93.697868347167969, 32.324607849121087 ], [ -93.6986083984375, 32.324382781982472 ], [ -93.699920654296875, 32.323135375976548 ], [ -93.700317382812514, 32.322113037109368 ], [ -93.699501037597656, 32.320384979248075 ], [ -93.700126647949219, 32.31916809082032 ], [ -93.701278686523438, 32.318447113037109 ], [ -93.702316284179688, 32.318401336669943 ], [ -93.705116271972656, 32.318927764892642 ], [ -93.7081298828125, 32.316833496093771 ], [ -93.710014343261719, 32.315841674804688 ], [ -93.714126586914062, 32.316032409668004 ], [ -93.715950012207031, 32.31651306152343 ], [ -93.718338012695312, 32.318687438964787 ], [ -93.718620300292969, 32.320449829101555 ], [ -93.71966552734375, 32.322528839111349 ], [ -93.721473693847656, 32.32406234741206 ], [ -93.722816467285156, 32.324401855468764 ], [ -93.725532531738281, 32.328304290771456 ], [ -93.727485656738281, 32.328449249267578 ], [ -93.728897094726562, 32.327392578125043 ], [ -93.730064392089844, 32.325630187988267 ], [ -93.731452941894531, 32.326305389404297 ], [ -93.734077453613281, 32.325534820556612 ], [ -93.73465728759767, 32.326015472412138 ], [ -93.73651123046875, 32.325664520263722 ], [ -93.737724304199219, 32.326015472412138 ], [ -93.739311218261719, 32.329185485839858 ], [ -93.740798950195312, 32.330223083496101 ], [ -93.742172241210938, 32.334720611572266 ], [ -93.744094848632812, 32.335647583007834 ], [ -93.744338989257812, 32.336830139160156 ], [ -93.743789672851562, 32.337745666503899 ], [ -93.744224548339844, 32.338367462158146 ], [ -93.745376586914062, 32.339103698730476 ], [ -93.747489929199219, 32.341777801513722 ], [ -93.74774169921875, 32.341838836669936 ], [ -93.748985290527344, 32.340751647949247 ], [ -93.749404907226562, 32.340145111083935 ], [ -93.750015258789062, 32.339889526367216 ], [ -93.751502990722656, 32.339855194091811 ], [ -93.752494812011733, 32.339679718017578 ], [ -93.753150939941406, 32.340015411376932 ], [ -93.751907348632812, 32.341232299804688 ], [ -93.752609252929688, 32.34246444702147 ], [ -93.753219604492188, 32.342399597167976 ], [ -93.754081726074219, 32.342960357666016 ], [ -93.755363464355469, 32.343326568603544 ], [ -93.756973266601562, 32.343376159667976 ], [ -93.758239746093764, 32.344127655029325 ], [ -93.759292602539062, 32.344047546386726 ], [ -93.759552001953139, 32.343551635742209 ], [ -93.759933471679688, 32.343376159667997 ], [ -93.761138916015625, 32.344017028808615 ], [ -93.761680603027344, 32.343631744384801 ], [ -93.762130737304688, 32.34257507324223 ], [ -93.762718200683594, 32.34243011474608 ], [ -93.763298034667969, 32.342849731445291 ], [ -93.763214111328125, 32.344017028808615 ], [ -93.763679504394531, 32.344463348388643 ], [ -93.764892578125, 32.345310211181634 ], [ -93.766082763671875, 32.34419250488282 ], [ -93.767120361328125, 32.344337463378878 ], [ -93.769905090332031, 32.343952178955135 ], [ -93.772300720214844, 32.342670440673814 ], [ -93.771934509277344, 32.341934204101562 ], [ -93.772224426269531, 32.340976715087898 ], [ -93.773231506347656, 32.341342926025412 ], [ -93.773200988769531, 32.340736389160192 ], [ -93.774513244628906, 32.340766906738303 ], [ -93.77532958984375, 32.340511322021499 ], [ -93.775138854980469, 32.339393615722649 ], [ -93.775840759277358, 32.339233398437536 ], [ -93.776412963867188, 32.339504241943345 ], [ -93.776451110839844, 32.340415954589865 ], [ -93.776191711425781, 32.34089660644532 ], [ -93.777664184570312, 32.341281890869148 ], [ -93.778450012207031, 32.342079162597649 ], [ -93.779838562011719, 32.342193603515625 ], [ -93.780380249023452, 32.342559814453118 ], [ -93.781486511230469, 32.342769622802713 ], [ -93.782173156738281, 32.342288970947294 ], [ -93.783859252929688, 32.34217453002929 ], [ -93.785148620605469, 32.340576171875 ], [ -93.786781311035156, 32.341152191162138 ], [ -93.78790283203125, 32.340961456298842 ], [ -93.78851318359375, 32.340065002441378 ], [ -93.789169311523438, 32.339519500732422 ], [ -93.789825439453125, 32.33955383300777 ], [ -93.790130615234375, 32.339103698730476 ], [ -93.789421081542969, 32.338367462158146 ], [ -93.789779663085938, 32.338047027587876 ], [ -93.790206909179688, 32.338481903076151 ], [ -93.790786743164062, 32.338623046875 ], [ -93.791183471679688, 32.337825775146491 ], [ -93.791709899902344, 32.337551116943366 ], [ -93.792190551757812, 32.338161468505874 ], [ -93.793952941894531, 32.336799621582003 ], [ -93.795036315917969, 32.336353302001939 ], [ -93.795967102050781, 32.336864471435554 ], [ -93.796531677246094, 32.336448669433565 ], [ -93.797523498535156, 32.336303710937564 ], [ -93.798126220703125, 32.335582733154276 ], [ -93.79876708984375, 32.335552215576179 ], [ -93.798622131347656, 32.334945678710952 ], [ -93.799552917480483, 32.334239959716797 ], [ -93.799423217773452, 32.333648681640646 ], [ -93.79901123046875, 32.333454132080071 ], [ -93.800064086914062, 32.333118438720717 ], [ -93.801010131835938, 32.333217620849624 ], [ -93.801712036132812, 32.332958221435526 ], [ -93.801597595214844, 32.332481384277337 ], [ -93.802268981933594, 32.332065582275433 ], [ -93.80364990234375, 32.331710815429695 ], [ -93.804222106933608, 32.331249237060561 ], [ -93.8043212890625, 32.330673217773423 ], [ -93.804862976074219, 32.330398559570327 ], [ -93.804962158203125, 32.329872131347656 ], [ -93.806221008300781, 32.327983856201151 ], [ -93.80633544921875, 32.326831817626946 ], [ -93.807533264160156, 32.324417114257805 ], [ -93.80767822265625, 32.323169708251953 ], [ -93.808387756347656, 32.32262420654299 ], [ -93.808448791503906, 32.322303771972685 ], [ -93.807647705078125, 32.322097778320327 ], [ -93.8070068359375, 32.320831298828125 ], [ -93.8062744140625, 32.320430755615241 ], [ -93.806915283203125, 32.319408416748068 ], [ -93.808013916015625, 32.318542480468736 ], [ -93.8076171875, 32.317264556884787 ], [ -93.807777404785156, 32.316864013671903 ], [ -93.807373046875, 32.315856933593771 ], [ -93.807441711425781, 32.315345764160128 ], [ -93.806655883789062, 32.314544677734411 ], [ -93.807357788085938, 32.311855316162081 ], [ -93.809280395507812, 32.311214447021477 ], [ -93.809951782226562, 32.310688018798842 ], [ -93.810371398925781, 32.309886932373082 ], [ -93.811134338378906, 32.309936523437464 ], [ -93.811309814453125, 32.309040069580057 ], [ -93.81497955322267, 32.307983398437486 ], [ -93.81591796875, 32.308479309082031 ], [ -93.8165283203125, 32.307552337646506 ], [ -93.818611145019531, 32.30737686157223 ], [ -93.81915283203125, 32.306991577148409 ], [ -93.819328308105469, 32.306385040283132 ], [ -93.819107055664062, 32.3060302734375 ], [ -93.821586608886733, 32.305854797363295 ], [ -93.822113037109375, 32.305633544921896 ], [ -93.821571350097656, 32.305248260498047 ], [ -93.822975158691406, 32.303310394287131 ], [ -93.823074340820312, 32.302814483642557 ], [ -93.8240966796875, 32.301727294921847 ], [ -93.824897766113281, 32.302143096923821 ], [ -93.828384399414077, 32.302017211914077 ], [ -93.829185485839844, 32.30199813842777 ], [ -93.830307006835938, 32.301551818847706 ], [ -93.830657958984375, 32.301055908203139 ], [ -93.831085205078125, 32.301151275634744 ], [ -93.831581115722656, 32.300640106201172 ], [ -93.831840515136719, 32.299728393554709 ], [ -93.833343505859375, 32.29908752441407 ], [ -93.833793640136719, 32.298465728759787 ], [ -93.834396362304688, 32.298656463623061 ], [ -93.834976196289062, 32.298366546630817 ], [ -93.8353271484375, 32.297393798828089 ], [ -93.836257934570312, 32.297103881835923 ], [ -93.838943481445312, 32.295616149902351 ], [ -93.839164733886733, 32.295104980468714 ], [ -93.840339660644531, 32.295505523681676 ], [ -93.841201782226562, 32.295360565185504 ], [ -93.841728210449219, 32.294895172119155 ], [ -93.840957641601562, 32.294319152832003 ], [ -93.841667175292969, 32.294208526611314 ], [ -93.841331481933594, 32.293678283691378 ], [ -93.842079162597656, 32.293567657470696 ], [ -93.841987609863281, 32.292816162109368 ], [ -93.842369079589844, 32.292961120605483 ], [ -93.8446044921875, 32.290958404541009 ], [ -93.846145629882812, 32.290191650390625 ], [ -93.849266052246094, 32.290958404541023 ], [ -93.850433349609375, 32.289310455322251 ], [ -93.851234436035156, 32.289009094238281 ], [ -93.851676940917969, 32.289630889892585 ], [ -93.852386474609375, 32.288448333740234 ], [ -93.851409912109375, 32.287712097167997 ], [ -93.850433349609375, 32.286399841308658 ], [ -93.850654602050795, 32.285953521728509 ], [ -93.851516723632812, 32.285663604736307 ], [ -93.851692199707031, 32.284622192382827 ], [ -93.852348327636719, 32.285263061523459 ], [ -93.852577209472656, 32.284687042236335 ], [ -93.853118896484375, 32.284992218017599 ], [ -93.853347778320312, 32.284320831298821 ], [ -93.853950500488281, 32.284065246582031 ], [ -93.854530334472656, 32.283103942871101 ], [ -93.855262756347656, 32.282783508300746 ], [ -93.856109619140625, 32.280910491943352 ], [ -93.856513977050781, 32.280719757080057 ], [ -93.856163024902358, 32.280414581298778 ], [ -93.856620788574219, 32.280128479003913 ], [ -93.856224060058594, 32.27980804443358 ], [ -93.855583190917983, 32.279857635498054 ], [ -93.856483459472656, 32.278289794921882 ], [ -93.85601806640625, 32.277904510498018 ], [ -93.855552673339844, 32.27759933471679 ], [ -93.855522155761719, 32.277183532714822 ], [ -93.856338500976562, 32.276672363281278 ], [ -93.856773376464844, 32.2747802734375 ], [ -93.862274169921889, 32.27991867065424 ], [ -93.870079040527344, 32.286575317382827 ], [ -93.870323181152344, 32.288433074951151 ], [ -93.870491027832031, 32.30922698974608 ], [ -93.880096435546875, 32.320129394531243 ], [ -93.880126953125, 32.340606689453182 ], [ -93.883758544921875, 32.342975616455078 ], [ -93.8836669921875, 32.345920562744091 ], [ -93.891822814941406, 32.340942382812514 ], [ -93.898735046386719, 32.337150573730455 ], [ -93.900306701660156, 32.336032867431662 ], [ -93.900222778320312, 32.348705291748061 ], [ -93.900016784667969, 32.3762397766113 ], [ -93.899917602539062, 32.400543212890639 ], [ -93.89837646484375, 32.402297973632827 ], [ -93.897361755371094, 32.403759002685526 ], [ -93.896278381347656, 32.406566619873026 ], [ -93.895980834960938, 32.407329559326222 ], [ -93.895210266113281, 32.407943725585902 ], [ -93.894309997558594, 32.408649444580057 ], [ -93.893356323242188, 32.409366607666009 ], [ -93.889472961425781, 32.412353515625028 ], [ -93.885475158691406, 32.412208557128906 ], [ -93.883010864257812, 32.414085388183601 ], [ -93.878189086914062, 32.417781829833963 ], [ -93.876907348632812, 32.41880035400392 ], [ -93.876571655273438, 32.419330596923793 ], [ -93.87640380859375, 32.419601440429688 ], [ -93.875602722167969, 32.420700073242173 ], [ -93.871170043945312, 32.424682617187528 ], [ -93.8677978515625, 32.427501678466811 ], [ -93.864303588867188, 32.429500579833949 ], [ -93.860603332519531, 32.432598114013651 ], [ -93.857398986816406, 32.433998107910206 ], [ -93.850837707519531, 32.436805725097628 ], [ -93.848602294921875, 32.437698364257834 ], [ -93.844703674316406, 32.441799163818352 ], [ -93.841354370117188, 32.441898345947273 ], [ -93.837799072265625, 32.441799163818359 ], [ -93.833602905273438, 32.435699462890611 ], [ -93.831596374511719, 32.433498382568381 ], [ -93.829200744628906, 32.430999755859375 ], [ -93.823997497558594, 32.425201416015646 ], [ -93.816001892089844, 32.433101654052706 ], [ -93.807197570800781, 32.441799163818352 ], [ -93.797103881835938, 32.451801300048878 ], [ -93.792396545410156, 32.456199645996072 ], [ -93.786895751953125, 32.456207275390668 ], [ -93.777107238769531, 32.456199645996065 ], [ -93.776603698730469, 32.456199645996065 ], [ -93.778396606445312, 32.44889831542968 ], [ -93.780502319335938, 32.441699981689432 ], [ -93.783798217773438, 32.429901123046868 ], [ -93.776199340820312, 32.427501678466811 ], [ -93.770103454589844, 32.426200866699219 ], [ -93.762702941894531, 32.42480087280277 ], [ -93.747703552246094, 32.421501159667926 ], [ -93.738426208496094, 32.405162811279283 ], [ -93.736305236816406, 32.40129852294919 ], [ -93.73590087890625, 32.401599884033182 ], [ -93.738166809082031, 32.405536651611335 ], [ -93.738304138183594, 32.408401489257855 ], [ -93.738197326660156, 32.412601470947266 ], [ -93.738433837890625, 32.412815093994148 ], [ -93.737701416015625, 32.414001464843757 ], [ -93.736976623535156, 32.416687011718764 ], [ -93.736000061035156, 32.41880035400392 ], [ -93.735702514648438, 32.419498443603487 ], [ -93.73590087890625, 32.420063018798849 ], [ -93.735603332519531, 32.421600341796896 ], [ -93.739799499511733, 32.425098419189489 ], [ -93.743400573730469, 32.429199218749979 ], [ -93.741500854492188, 32.430599212646463 ], [ -93.739906311035156, 32.431400299072266 ], [ -93.736503601074219, 32.433898925781243 ], [ -93.736396789550781, 32.434398651123018 ], [ -93.73919677734375, 32.437801361083999 ], [ -93.73675537109375, 32.439231872558608 ], [ -93.739501953125, 32.44229888916017 ], [ -93.745597839355469, 32.441799163818352 ], [ -93.745597839355469, 32.450901031494155 ], [ -93.756904602050781, 32.450996398925753 ], [ -93.756904602050781, 32.455501556396456 ], [ -93.757003784179688, 32.459800720214908 ], [ -93.756599426269531, 32.463600158691399 ], [ -93.755996704101562, 32.465400695800717 ], [ -93.755401611328125, 32.467201232910156 ], [ -93.755500793457031, 32.469200134277351 ], [ -93.755706787109375, 32.481700897216825 ], [ -93.755706787109375, 32.485198974609418 ], [ -93.754501342773438, 32.48509979248049 ], [ -93.745796203613281, 32.48509979248049 ], [ -93.746002197265625, 32.49029922485353 ], [ -93.745796203613281, 32.492401123046839 ], [ -93.739501953125, 32.492401123046861 ], [ -93.737304687500014, 32.492401123046832 ], [ -93.737304687500014, 32.497001647949219 ], [ -93.733001708984375, 32.497001647949219 ], [ -93.733001708984375, 32.495998382568388 ], [ -93.733001708984375, 32.492401123046839 ], [ -93.732803344726562, 32.486499786376946 ], [ -93.732902526855469, 32.485599517822287 ], [ -93.733596801757812, 32.484600067138629 ], [ -93.733802795410156, 32.48149871826174 ], [ -93.729507446289062, 32.48149871826174 ], [ -93.725601196289062, 32.48139953613282 ], [ -93.724502563476562, 32.480998992919901 ], [ -93.721900939941406, 32.480098724365284 ], [ -93.722801208496108, 32.48149871826174 ], [ -93.723396301269531, 32.483001708984418 ], [ -93.721397399902344, 32.48429870605468 ], [ -93.720306396484389, 32.484401702880881 ], [ -93.71820068359375, 32.483898162841783 ], [ -93.7135009765625, 32.485801696777322 ], [ -93.714202880859375, 32.487598419189425 ], [ -93.716300964355469, 32.487499237060497 ], [ -93.717704772949219, 32.487998962402358 ], [ -93.717758178710938, 32.49139022827147 ], [ -93.71832275390625, 32.493312835693366 ], [ -93.714920043945312, 32.493953704833984 ], [ -93.708015441894531, 32.495246887207024 ], [ -93.706657409667969, 32.495998382568409 ], [ -93.70550537109375, 32.498600006103494 ], [ -93.705802917480483, 32.498798370361314 ], [ -93.707473754882812, 32.500102996826129 ], [ -93.707878112792969, 32.500423431396491 ], [ -93.707954406738295, 32.50048065185549 ], [ -93.713302612304688, 32.504501342773423 ], [ -93.719802856445312, 32.507900238037131 ], [ -93.724601745605469, 32.508598327636726 ], [ -93.727706909179702, 32.508300781249993 ], [ -93.73239898681642, 32.508598327636747 ], [ -93.737777709960952, 32.512218475341797 ], [ -93.737907409667983, 32.512298583984347 ], [ -93.740104675292969, 32.515201568603523 ], [ -93.742401123046875, 32.517799377441392 ], [ -93.745201110839858, 32.520099639892571 ], [ -93.749198913574219, 32.526000976562528 ], [ -93.749000549316406, 32.527999877929716 ], [ -93.747398376464844, 32.529800415039084 ], [ -93.745201110839858, 32.530799865722649 ], [ -93.743598937988281, 32.53120040893554 ], [ -93.74420166015625, 32.532199859619119 ], [ -93.747001647949219, 32.533500671386754 ], [ -93.750396728515625, 32.528800964355455 ], [ -93.751602172851562, 32.528099060058587 ], [ -93.75250244140625, 32.528301239013693 ], [ -93.756401062011719, 32.530200958251953 ], [ -93.759002685546875, 32.532398223876918 ], [ -93.765106201171875, 32.536701202392543 ], [ -93.767303466796875, 32.538501739501967 ], [ -93.766998291015625, 32.541801452636712 ], [ -93.766105651855469, 32.541801452636712 ], [ -93.763900756835938, 32.54010009765625 ], [ -93.762397766113281, 32.539699554443374 ], [ -93.760597229003906, 32.538501739501967 ], [ -93.755401611328125, 32.536598205566378 ], [ -93.753997802734375, 32.539100646972635 ], [ -93.751701354980469, 32.541099548339858 ], [ -93.751373291015625, 32.541946411132784 ], [ -93.750900268554688, 32.543201446533182 ], [ -93.749969482421875, 32.54462432861331 ], [ -93.747505187988281, 32.546501159668004 ], [ -93.744384765625, 32.546382904052678 ], [ -93.743507385253906, 32.546100616455064 ], [ -93.739501953125, 32.541999816894553 ], [ -93.738105773925781, 32.535301208496072 ], [ -93.736106872558594, 32.533100128173842 ], [ -93.734901428222656, 32.53229904174804 ], [ -93.732597351074219, 32.532100677490263 ], [ -93.730003356933594, 32.533199310302756 ], [ -93.729232788085938, 32.534179687499986 ], [ -93.726997375488295, 32.536998748779304 ], [ -93.7261962890625, 32.542598724365227 ], [ -93.726264953613281, 32.54282379150392 ], [ -93.726974487304688, 32.545902252197315 ], [ -93.728050231933594, 32.548255920410142 ], [ -93.731170654296875, 32.55158233642576 ], [ -93.733901977539062, 32.551998138427741 ], [ -93.735298156738281, 32.551967620849602 ], [ -93.7437744140625, 32.550399780273452 ], [ -93.750656127929688, 32.548831939697244 ], [ -93.753135681152344, 32.54816055297848 ], [ -93.756706237792969, 32.548206329345682 ], [ -93.758529663085938, 32.547870635986293 ], [ -93.761390686035156, 32.548526763916037 ], [ -93.762786865234375, 32.549102783203111 ], [ -93.766159057617202, 32.551792144775426 ], [ -93.767196655273438, 32.554046630859332 ], [ -93.767135620117188, 32.556385040283182 ], [ -93.766288757324219, 32.558959960937507 ], [ -93.765518188476562, 32.560081481933601 ], [ -93.763107299804688, 32.562080383300831 ], [ -93.759132385253906, 32.563758850097635 ], [ -93.756736755371094, 32.564449310302741 ], [ -93.755043029785156, 32.564609527587891 ], [ -93.748771667480469, 32.566688537597642 ], [ -93.744895935058594, 32.568817138671889 ], [ -93.742942810058594, 32.57030487060549 ], [ -93.741905212402344, 32.571422576904283 ], [ -93.736434936523438, 32.579696655273416 ], [ -93.735580444335938, 32.583553314208963 ], [ -93.735870361328125, 32.585918426513693 ], [ -93.736671447753906, 32.588031768798821 ], [ -93.737632751464844, 32.589374542236271 ], [ -93.739295959472656, 32.590625762939467 ], [ -93.741531372070312, 32.591335296630859 ], [ -93.744735717773438, 32.59183883666995 ], [ -93.748924255371094, 32.591247558593757 ], [ -93.751792907714844, 32.589599609374972 ], [ -93.754142761230469, 32.587936401367202 ], [ -93.756767272949219, 32.587375640869155 ], [ -93.761390686035156, 32.588417053222699 ], [ -93.768577575683594, 32.590991973876974 ], [ -93.76971435546875, 32.591793060302727 ], [ -93.770195007324219, 32.592544555664055 ], [ -93.770462036132827, 32.593246459960874 ], [ -93.770286560058594, 32.594318389892564 ], [ -93.768928527832031, 32.595520019531214 ], [ -93.766845703125, 32.59606552124022 ], [ -93.759811401367202, 32.597137451171918 ], [ -93.752799987792969, 32.599697113037124 ], [ -93.747123718261719, 32.595840454101562 ], [ -93.7449951171875, 32.595199584960923 ], [ -93.743873596191406, 32.595294952392592 ], [ -93.740974426269531, 32.596305847167926 ], [ -93.74017333984375, 32.597087860107422 ], [ -93.739662170410156, 32.598369598388722 ], [ -93.739585876464844, 32.599552154541051 ], [ -93.742515563964844, 32.602207183837919 ], [ -93.744941711425781, 32.603103637695298 ], [ -93.747169494628906, 32.603374481201165 ], [ -93.753471374511719, 32.603534698486328 ], [ -93.757698059082031, 32.604209899902351 ], [ -93.759773254394531, 32.605934143066435 ], [ -93.759490966796875, 32.607215881347635 ], [ -93.758590698242188, 32.608959197998068 ], [ -93.754173278808608, 32.614208221435568 ], [ -93.751327514648438, 32.620704650878906 ], [ -93.751052856445327, 32.625 ], [ -93.751785278320327, 32.62793350219728 ], [ -93.752944946289062, 32.630126953124993 ], [ -93.755378723144545, 32.634059906005916 ], [ -93.758003234863295, 32.637241363525398 ], [ -93.762016296386719, 32.640945434570284 ], [ -93.763465881347656, 32.641239166259787 ], [ -93.764778137207031, 32.640834808349602 ], [ -93.765869140625, 32.639816284179695 ], [ -93.767005920410156, 32.638107299804688 ], [ -93.768539428710938, 32.637088775634709 ], [ -93.770652770996094, 32.636360168457003 ], [ -93.774421691894531, 32.636436462402372 ], [ -93.776824951171875, 32.637058258056648 ], [ -93.781654357910156, 32.638923645019517 ], [ -93.783760070800781, 32.640319824218743 ], [ -93.78515625, 32.64184951782228 ], [ -93.785713195800781, 32.643470764160178 ], [ -93.785430908203125, 32.644264221191371 ], [ -93.784477233886719, 32.645160675048842 ], [ -93.782897949218764, 32.646156311035156 ], [ -93.781074523925781, 32.648708343505866 ], [ -93.779815673828125, 32.649429321289077 ], [ -93.778488159179702, 32.64959335327147 ], [ -93.774314880371094, 32.64867019653321 ], [ -93.771270751953125, 32.648792266845703 ], [ -93.769065856933594, 32.649299621582038 ], [ -93.767326354980469, 32.650482177734339 ], [ -93.765647888183594, 32.652534484863267 ], [ -93.766372680664062, 32.654350280761726 ], [ -93.769523620605469, 32.657257080078175 ], [ -93.770721435546875, 32.658916473388672 ], [ -93.771026611328125, 32.660423278808587 ], [ -93.77166748046875, 32.661239624023452 ], [ -93.773200988769531, 32.662220001220717 ], [ -93.775505065917969, 32.664344787597678 ], [ -93.776412963867188, 32.666435241699219 ], [ -93.77618408203125, 32.668430328369155 ], [ -93.774322509765625, 32.672885894775405 ], [ -93.774749755859375, 32.673995971679723 ], [ -93.776084899902344, 32.674011230468722 ], [ -93.779319763183594, 32.672550201415973 ], [ -93.780998229980469, 32.670482635498026 ], [ -93.783454895019531, 32.669052124023402 ], [ -93.785919189453125, 32.66853332519527 ], [ -93.787033081054688, 32.668838500976548 ], [ -93.787521362304688, 32.669940948486349 ], [ -93.78826904296875, 32.67322540283206 ], [ -93.788154602050781, 32.678134918212926 ], [ -93.786590576171875, 32.686862945556669 ], [ -93.783439636230469, 32.702167510986342 ], [ -93.7874755859375, 32.702110290527337 ], [ -93.787078857421875, 32.704811096191428 ], [ -93.790336608886719, 32.70502090454103 ], [ -93.79388427734375, 32.705707550048828 ], [ -93.79461669921875, 32.705593109130817 ], [ -93.800605773925781, 32.702751159667955 ], [ -93.812934875488281, 32.702411651611321 ], [ -93.823883056640625, 32.702705383300795 ], [ -93.83978271484375, 32.702472686767557 ], [ -93.845420837402344, 32.70283889770505 ], [ -93.869293212890625, 32.702236175537116 ], [ -93.879898071289062, 32.702167510986342 ], [ -93.881111145019531, 32.702236175537116 ], [ -93.883277893066406, 32.702880859374993 ], [ -93.885116577148438, 32.704002380371101 ], [ -93.886528015136719, 32.705722808837905 ], [ -93.886909484863281, 32.705768585205092 ], [ -93.906776428222656, 32.701831817626946 ], [ -93.907699584960938, 32.701602935791051 ], [ -93.910232543945312, 32.700061798095696 ], [ -93.909378051757812, 32.698261260986314 ], [ -93.907722473144531, 32.696746826171861 ], [ -93.9061279296875, 32.694660186767543 ], [ -93.905960083007812, 32.692714691162095 ], [ -93.906776428222656, 32.691177368164077 ], [ -93.906753540039062, 32.690605163574205 ], [ -93.905799865722656, 32.689163208007827 ], [ -93.905776977539062, 32.688014984130845 ], [ -93.905426025390625, 32.686985015869141 ], [ -93.903282165527344, 32.684852600097642 ], [ -93.902740478515625, 32.683845520019524 ], [ -93.902961730957031, 32.681991577148459 ], [ -93.902664184570312, 32.680980682373068 ], [ -93.901573181152344, 32.680271148681655 ], [ -93.898406982421875, 32.680683135986314 ], [ -93.897377014160156, 32.680454254150398 ], [ -93.896217346191406, 32.679878234863288 ], [ -93.893966674804688, 32.67816162109375 ], [ -93.892288208007812, 32.67735671997066 ], [ -93.891586303710938, 32.6765327453613 ], [ -93.8909912109375, 32.674861907958999 ], [ -93.890960693359375, 32.673324584960966 ], [ -93.891967773437514, 32.668811798095753 ], [ -93.891731262207045, 32.66704940795897 ], [ -93.889106750488281, 32.656921386718729 ], [ -93.888641357421875, 32.655475616455028 ], [ -93.887779235839844, 32.654102325439439 ], [ -93.883872985839844, 32.650474548339858 ], [ -93.879280090332031, 32.646537780761676 ], [ -93.878166198730469, 32.645824432373054 ], [ -93.875, 32.6453666687012 ], [ -93.864677429199219, 32.639297485351562 ], [ -93.86297607421875, 32.63767242431642 ], [ -93.861557006835938, 32.635814666748061 ], [ -93.860855102539062, 32.635337829589837 ], [ -93.860206604003906, 32.635036468505831 ], [ -93.859260559082031, 32.634948730468757 ], [ -93.856986999511719, 32.635864257812507 ], [ -93.855278015136719, 32.63691711425782 ], [ -93.854820251464844, 32.636962890625036 ], [ -93.852928161621094, 32.636024475097656 ], [ -93.850273132324219, 32.636051177978516 ], [ -93.849807739257812, 32.635730743408182 ], [ -93.849159240722656, 32.634078979492237 ], [ -93.848457336425781, 32.633209228515618 ], [ -93.845184326171875, 32.631835937499993 ], [ -93.843254089355483, 32.632019042968722 ], [ -93.841629028320312, 32.631401062011726 ], [ -93.841087341308594, 32.62817001342772 ], [ -93.840339660644531, 32.627185821533203 ], [ -93.839492797851562, 32.626590728759787 ], [ -93.838516235351562, 32.626110076904332 ], [ -93.836593627929688, 32.625881195068324 ], [ -93.835159301757812, 32.626819610595739 ], [ -93.834396362304688, 32.626888275146513 ], [ -93.834266662597656, 32.626247406005845 ], [ -93.834976196289062, 32.625 ], [ -93.835090637207031, 32.62401962280277 ], [ -93.834564208984375, 32.623546600341804 ], [ -93.833244323730469, 32.623310089111342 ], [ -93.832466125488281, 32.623901367187479 ], [ -93.830757141113281, 32.624610900878928 ], [ -93.829574584960938, 32.624610900878899 ], [ -93.828254699707031, 32.624256134033196 ], [ -93.828254699707031, 32.623783111572273 ], [ -93.8309326171875, 32.619060516357436 ], [ -93.831855773925781, 32.616104125976541 ], [ -93.830024719238281, 32.61444854736326 ], [ -93.830024719238281, 32.6129150390625 ], [ -93.829231262207031, 32.611968994140604 ], [ -93.82476806640625, 32.607948303222678 ], [ -93.82305908203125, 32.607116699218707 ], [ -93.821090698242202, 32.606765747070291 ], [ -93.819236755371094, 32.607910156249979 ], [ -93.818717956542969, 32.607795715332067 ], [ -93.818016052246094, 32.606346130371129 ], [ -93.816970825195312, 32.606071472167969 ], [ -93.813766479492188, 32.606609344482408 ], [ -93.810394287109375, 32.606746673583991 ], [ -93.807632446289062, 32.607219696044893 ], [ -93.805534362792983, 32.607101440429659 ], [ -93.803215026855469, 32.605445861816385 ], [ -93.801612854003906, 32.604911804199197 ], [ -93.800086975097656, 32.606651306152315 ], [ -93.799209594726562, 32.606948852539048 ], [ -93.79815673828125, 32.605651855468771 ], [ -93.796974182128906, 32.60482025146483 ], [ -93.792167663574219, 32.604114532470724 ], [ -93.787834167480469, 32.604942321777344 ], [ -93.785591125488281, 32.605651855468743 ], [ -93.784416198730469, 32.605415344238324 ], [ -93.784263610839844, 32.605026245117202 ], [ -93.7850341796875, 32.603267669677741 ], [ -93.786277770996094, 32.601852416992202 ], [ -93.788909912109375, 32.600669860839822 ], [ -93.78973388671875, 32.594875335693381 ], [ -93.791702270507812, 32.593223571777344 ], [ -93.79156494140625, 32.592750549316399 ], [ -93.790519714355469, 32.591686248779318 ], [ -93.789474487304688, 32.589801788330064 ], [ -93.789077758789062, 32.588500976562507 ], [ -93.787506103515625, 32.587554931640639 ], [ -93.786849975585938, 32.586849212646513 ], [ -93.785369873046875, 32.584419250488288 ], [ -93.782783508300781, 32.582176208496115 ], [ -93.781448364257812, 32.58137512207032 ], [ -93.780471801757812, 32.580974578857422 ], [ -93.77752685546875, 32.580894470214858 ], [ -93.776908874511719, 32.580577850341761 ], [ -93.775749206542969, 32.579696655273416 ], [ -93.772186279296875, 32.57513046264647 ], [ -93.771301269531264, 32.5731010437012 ], [ -93.771598815917969, 32.568599700927798 ], [ -93.769798278808594, 32.564998626709006 ], [ -93.771003723144531, 32.557300567626939 ], [ -93.772201538085938, 32.556564331054659 ], [ -93.773200988769531, 32.556098937988253 ], [ -93.773399353027344, 32.556900024414055 ], [ -93.774505615234375, 32.558300018310561 ], [ -93.772819519042969, 32.559280395507862 ], [ -93.773826599121094, 32.559589385986314 ], [ -93.773643493652344, 32.561595916748061 ], [ -93.774917602539062, 32.563243865966847 ], [ -93.774185180664062, 32.563243865966818 ], [ -93.773933410644531, 32.570503234863281 ], [ -93.774490356445312, 32.570552825927756 ], [ -93.774604797363281, 32.570861816406264 ], [ -93.774909973144531, 32.570812225341811 ], [ -93.774909973144531, 32.571739196777322 ], [ -93.775466918945312, 32.571739196777351 ], [ -93.775520324707031, 32.572612762451122 ], [ -93.777847290039062, 32.572605133056648 ], [ -93.77838134765625, 32.573051452636712 ], [ -93.775390625, 32.575496673583956 ], [ -93.779365539550781, 32.577919006347656 ], [ -93.78118896484375, 32.575450897216761 ], [ -93.784507751464844, 32.5789985656738 ], [ -93.784675598144531, 32.581142425537102 ], [ -93.786331176757812, 32.581165313720703 ], [ -93.786567687988281, 32.581684112548821 ], [ -93.787322998046875, 32.580089569091761 ], [ -93.787498474121094, 32.581275939941364 ], [ -93.788352966308594, 32.581279754638651 ], [ -93.788360595703125, 32.580551147460938 ], [ -93.789093017578125, 32.580875396728473 ], [ -93.789131164550781, 32.579898834228487 ], [ -93.78955078125, 32.579898834228487 ], [ -93.789627075195312, 32.580650329589844 ], [ -93.790351867675781, 32.58085632324218 ], [ -93.79107666015625, 32.580856323242166 ], [ -93.7911376953125, 32.579898834228487 ], [ -93.791938781738281, 32.579898834228487 ], [ -93.791938781738281, 32.58106231689451 ], [ -93.792724609375, 32.58142471313473 ], [ -93.792617797851562, 32.583763122558572 ], [ -93.792999267578125, 32.584098815917976 ], [ -93.797103881835938, 32.585731506347685 ], [ -93.797119140625, 32.581119537353544 ], [ -93.799301147460938, 32.582794189453118 ], [ -93.799301147460938, 32.58364105224608 ], [ -93.800178527832031, 32.583629608154304 ], [ -93.800704956054688, 32.584201812744155 ], [ -93.801856994628906, 32.585823059082017 ], [ -93.801712036132812, 32.587776184082031 ], [ -93.801750183105469, 32.58834075927733 ], [ -93.802726745605469, 32.588314056396513 ], [ -93.803199768066406, 32.588298797607422 ], [ -93.805976867675781, 32.588222503662116 ], [ -93.80535888671875, 32.58915328979495 ], [ -93.806289672851562, 32.589790344238267 ], [ -93.807441711425781, 32.588272094726555 ], [ -93.807327270507812, 32.583999633789055 ], [ -93.808700561523438, 32.584701538085923 ], [ -93.808799743652344, 32.58010101318358 ], [ -93.798904418945312, 32.58010101318358 ], [ -93.797889709472656, 32.579387664794908 ], [ -93.797866821289062, 32.576534271240213 ], [ -93.800117492675781, 32.576534271240213 ], [ -93.800117492675781, 32.57617568969728 ], [ -93.800849914550781, 32.576175689697266 ], [ -93.800849914550781, 32.572620391845668 ], [ -93.80438232421875, 32.572624206542983 ], [ -93.80438232421875, 32.570049285888658 ], [ -93.807876586914062, 32.569999694824226 ], [ -93.807876586914062, 32.570873260498033 ], [ -93.811477661132812, 32.570877075195298 ], [ -93.811477661132812, 32.567573547363253 ], [ -93.811477661132812, 32.557838439941399 ], [ -93.819503784179688, 32.557899475097642 ], [ -93.845703125, 32.557899475097642 ], [ -93.845703125, 32.553600311279311 ], [ -93.845863342285156, 32.547534942626939 ], [ -93.845901489257812, 32.545200347900398 ], [ -93.846199035644531, 32.544200897216804 ], [ -93.846900939941406, 32.543598175048821 ], [ -93.846000671386719, 32.542900085449205 ], [ -93.833702087402344, 32.533100128173814 ], [ -93.824104309082031, 32.525398254394538 ], [ -93.817268371582031, 32.521934509277358 ], [ -93.817306518554688, 32.521499633789055 ], [ -93.809097290039062, 32.517528533935604 ], [ -93.811599731445312, 32.511054992675795 ], [ -93.8194580078125, 32.49665832519532 ], [ -93.819862365722656, 32.496147155761726 ], [ -93.820960998535156, 32.494964599609382 ], [ -93.823379516601562, 32.491981506347656 ], [ -93.831710815429688, 32.481136322021456 ], [ -93.835899353027344, 32.474391937255845 ], [ -93.836898803710938, 32.472759246826151 ], [ -93.844993591308594, 32.461311340332017 ], [ -93.844963073730469, 32.460384368896484 ], [ -93.845634460449219, 32.458766937255888 ], [ -93.845504760742188, 32.457801818847678 ], [ -93.845802307128906, 32.456001281738317 ], [ -93.861198425292983, 32.45100021362309 ], [ -93.8656005859375, 32.450199127197259 ], [ -93.865570068359375, 32.46076965332027 ], [ -93.865798950195312, 32.461601257324197 ], [ -93.865501403808608, 32.464900970458999 ], [ -93.865501403808608, 32.476100921630874 ], [ -93.865501403808608, 32.478092193603523 ], [ -93.865501403808608, 32.478660583496072 ], [ -93.865501403808608, 32.479999542236335 ], [ -93.864601135253906, 32.47980117797848 ], [ -93.861801147460952, 32.47779846191402 ], [ -93.860809326171875, 32.477535247802699 ], [ -93.859596252441406, 32.477298736572273 ], [ -93.85888671875, 32.477130889892578 ], [ -93.855888366699219, 32.476795196533175 ], [ -93.855392456054688, 32.476791381835994 ], [ -93.854225158691406, 32.476783752441456 ], [ -93.852645874023438, 32.476459503173821 ], [ -93.852401733398438, 32.476398468017614 ], [ -93.852401733398438, 32.47980117797848 ], [ -93.848831176757812, 32.482620239257812 ], [ -93.848800659179688, 32.485401153564446 ], [ -93.845001220703125, 32.487098693847656 ], [ -93.844200134277358, 32.487701416015604 ], [ -93.843597412109389, 32.487300872802706 ], [ -93.844306945800795, 32.49029922485353 ], [ -93.84320068359375, 32.494300842285128 ], [ -93.852203369140625, 32.491600036621087 ], [ -93.851799011230469, 32.492698669433587 ], [ -93.860000610351562, 32.495399475097599 ], [ -93.861900329589844, 32.497299194335952 ], [ -93.865997314453139, 32.5 ], [ -93.868507385253906, 32.504299163818374 ], [ -93.871902465820312, 32.504600524902308 ], [ -93.872001647949219, 32.503200531005838 ], [ -93.875396728515625, 32.502998352050753 ], [ -93.875999450683594, 32.501499176025391 ], [ -93.876106262207031, 32.504001617431626 ], [ -93.877197265625, 32.505699157714815 ], [ -93.87860107421875, 32.506198883056634 ], [ -93.879798889160156, 32.505401611328146 ], [ -93.880386352539062, 32.503715515136719 ], [ -93.88079833984375, 32.502498626708963 ], [ -93.884300231933594, 32.501399993896491 ], [ -93.884002685546875, 32.49990081787108 ], [ -93.884178161621108, 32.499599456787131 ], [ -93.884033203125, 32.498943328857429 ], [ -93.882736206054702, 32.497150421142571 ], [ -93.883247375488281, 32.496143341064496 ], [ -93.883201599121094, 32.495326995849595 ], [ -93.883583068847656, 32.495040893554659 ], [ -93.88275146484375, 32.494594573974588 ], [ -93.878616333007812, 32.494415283203146 ], [ -93.878631591796875, 32.494091033935547 ], [ -93.877914428710938, 32.494094848632805 ], [ -93.877906799316406, 32.492393493652351 ], [ -93.875823974609375, 32.492404937744134 ], [ -93.875808715820327, 32.490287780761754 ], [ -93.877952575683594, 32.490276336669908 ], [ -93.878059387207031, 32.486145019531293 ], [ -93.887008666992188, 32.48585510253907 ], [ -93.887001037597656, 32.482700347900405 ], [ -93.889900207519531, 32.483100891113274 ], [ -93.890602111816406, 32.478698730468778 ], [ -93.894706726074219, 32.480926513671903 ], [ -93.897102355957031, 32.481582641601577 ], [ -93.901138305664062, 32.482177734375036 ], [ -93.9080810546875, 32.485057830810582 ], [ -93.909904479980469, 32.485439300537131 ], [ -93.911361694335938, 32.485248565673842 ], [ -93.912353515625, 32.484832763671811 ], [ -93.917411804199219, 32.482273101806648 ], [ -93.922706604003906, 32.481521606445327 ], [ -93.93121337890625, 32.479137420654283 ], [ -93.937309265136719, 32.478881835937472 ], [ -93.946189880371108, 32.47894287109375 ], [ -93.946609497070312, 32.478721618652322 ], [ -93.946754455566406, 32.471008300781214 ], [ -93.947280883789062, 32.46948623657228 ], [ -93.950096130371094, 32.465633392334006 ], [ -93.950881958007812, 32.464031219482443 ], [ -93.950973510742188, 32.456222534179673 ], [ -93.951629638671875, 32.454559326171875 ], [ -93.949676513671889, 32.45329666137696 ], [ -93.945663452148438, 32.452175140380881 ], [ -93.943855285644531, 32.451454162597614 ], [ -93.943649291992188, 32.450782775878892 ], [ -93.943794250488281, 32.448047637939439 ], [ -93.943023681640625, 32.446960449218743 ], [ -93.943885803222656, 32.446689605712862 ], [ -93.944892883300781, 32.446369171142592 ], [ -93.938911437988281, 32.44396591186522 ], [ -93.9381103515625, 32.443649291992124 ], [ -93.935455322265625, 32.442638397216797 ], [ -93.93560791015625, 32.435359954833991 ], [ -93.935104370117188, 32.421279907226577 ], [ -93.935462951660156, 32.413555145263693 ], [ -93.951866149902344, 32.41358947753902 ], [ -93.951141357421875, 32.421310424804702 ], [ -93.951103210449219, 32.435344696044865 ], [ -93.96942138671875, 32.43544006347657 ], [ -93.969436645507812, 32.428398132324247 ], [ -93.977485656738281, 32.428302764892592 ], [ -93.977653503417969, 32.424930572509766 ], [ -93.978485107421875, 32.424556732177734 ], [ -93.978385925292969, 32.428268432617188 ], [ -93.981597900390625, 32.428112030029283 ], [ -93.995582580566406, 32.428478240966818 ], [ -94.003265380859375, 32.42836761474608 ], [ -94.002792358398438, 32.443023681640618 ], [ -94.006553649902344, 32.44292068481446 ], [ -94.006523132324233, 32.4454345703125 ], [ -94.009384155273438, 32.447769165039084 ], [ -94.011322021484389, 32.451690673828132 ], [ -94.012786865234375, 32.454071044921868 ], [ -94.016105651855469, 32.457511901855447 ], [ -94.027107238769531, 32.460948944091811 ], [ -94.028831481933594, 32.461730957031264 ], [ -94.042686462402344, 32.470214843750036 ], [ -94.042686462402344, 32.471195220947223 ], [ -94.04290771484375, 32.486408233642614 ], [ -94.042724609375, 32.492698669433615 ], [ -94.042922973632812, 32.503467559814439 ], [ -94.042701721191406, 32.505126953124964 ], [ -94.043159484863281, 32.521961212158203 ], [ -94.043014526367188, 32.547847747802727 ], [ -94.04278564453125, 32.550949096679652 ], [ -94.04296875, 32.561180114746072 ], [ -94.042633056640625, 32.574386596679702 ], [ -94.042732238769531, 32.624553680419893 ], [ -94.043014526367188, 32.625 ], [ -94.0426025390625, 32.64331817626951 ], [ -94.04296875, 32.692886352539041 ], [ -94.043014526367188, 32.753734588622997 ], [ -94.042564392089858, 32.786830902099609 ], [ -94.042808532714844, 32.789993286132834 ], [ -94.042617797851562, 32.791690826415994 ], [ -94.0428466796875, 32.797336578369126 ], [ -94.042938232421875, 32.819503784179659 ], [ -94.042915344238281, 32.867179870605455 ], [ -94.042518615722656, 32.875 ], [ -94.042839050292969, 32.880306243896499 ], [ -94.0426025390625, 32.886035919189439 ], [ -94.042915344238281, 32.895092010498054 ], [ -94.042701721191406, 32.898773193359361 ], [ -94.042922973632812, 32.903812408447216 ], [ -94.042701721191406, 32.909130096435518 ], [ -94.042915344238281, 32.909885406494141 ], [ -94.04278564453125, 33.019084930419936 ] ] ] } },
{ "type": "Feature", "properties": { "STATENAME": "Louisiana", "ID": "022104104006", "DISTRICT": "6", "STA": "LA", "ST": "22", "LABEL": "6", "DIST_NAME": "Congressional District 6", "TYPE": "US Congressional", "TYPE_ABB": "US_Cong", "ELECT_YEAR": "1994", "STACD": "LA6" }, "geometry": { "type": "MultiPolygon", "coordinates": [ [ [ [ -91.20550537109375, 30.690099716186541 ], [ -91.206695556640625, 30.691360473632791 ], [ -91.205307006835938, 30.692295074462869 ], [ -91.204048156738281, 30.690931320190458 ], [ -91.20550537109375, 30.690099716186541 ] ] ], [ [ [ -91.069686889648438, 32.562667846679702 ], [ -91.080291748046875, 32.556304931640597 ], [ -91.075263977050781, 32.546581268310575 ], [ -91.068992614746094, 32.541603088378942 ], [ -91.061576843261719, 32.536308288574233 ], [ -91.053413391113281, 32.531711578369141 ], [ -91.040336608886719, 32.526653289794943 ], [ -91.015693664550781, 32.518329620361357 ], [ -91.005363464355469, 32.513702392578118 ], [ -91.0, 32.510368347167969 ], [ -90.994377136230469, 32.506191253662081 ], [ -90.989021301269531, 32.498863220214865 ], [ -90.988075256347656, 32.49665832519532 ], [ -90.987724304199233, 32.494049072265653 ], [ -90.988174438476562, 32.491050720214872 ], [ -90.989082336425781, 32.489398956298871 ], [ -90.9906005859375, 32.487609863281264 ], [ -90.99627685546875, 32.48378753662108 ], [ -91.0, 32.482151031494155 ], [ -91.004104614257812, 32.481998443603551 ], [ -91.007003784179702, 32.482200622558587 ], [ -91.016998291015625, 32.483600616455057 ], [ -91.024002075195327, 32.48509979248049 ], [ -91.028800964355483, 32.486900329589858 ], [ -91.033798217773438, 32.488399505615256 ], [ -91.038002014160156, 32.49029922485353 ], [ -91.045707702636719, 32.495399475097607 ], [ -91.050796508789062, 32.5 ], [ -91.053802490234375, 32.503528594970696 ], [ -91.060409545898452, 32.512222290039084 ], [ -91.063667297363281, 32.516845703124979 ], [ -91.070358276367188, 32.528034210205092 ], [ -91.074714660644531, 32.533329010009787 ], [ -91.093635559082031, 32.54898834228517 ], [ -91.097770690917969, 32.54461288452152 ], [ -91.097488403320312, 32.542797088623033 ], [ -91.09783935546875, 32.537075042724602 ], [ -91.098648071289062, 32.532829284667983 ], [ -91.099739074707031, 32.529079437255817 ], [ -91.1011962890625, 32.525463104248075 ], [ -91.104789733886719, 32.518310546874993 ], [ -91.106880187988281, 32.514797210693338 ], [ -91.113456726074219, 32.505096435546861 ], [ -91.116600036621094, 32.5 ], [ -91.117202758789062, 32.494899749755838 ], [ -91.116500854492188, 32.485801696777322 ], [ -91.11590576171875, 32.483001708984368 ], [ -91.11199951171875, 32.476001739501953 ], [ -91.10870361328125, 32.47190093994142 ], [ -91.099601745605469, 32.462600708007791 ], [ -91.095199584960938, 32.458599090576129 ], [ -91.093399047851562, 32.457298278808601 ], [ -91.081703186035156, 32.450298309326172 ], [ -91.075401306152344, 32.447299957275384 ], [ -91.067703247070327, 32.444000244140625 ], [ -91.05130767822267, 32.437698364257834 ], [ -91.049201965332031, 32.43719863891603 ], [ -91.043601989746094, 32.43650054931642 ], [ -91.034797668457031, 32.434600830078082 ], [ -91.03179931640625, 32.433601379394553 ], [ -91.029502868652344, 32.433399200439482 ], [ -91.028106689453125, 32.433601379394553 ], [ -91.027305603027344, 32.433799743652322 ], [ -91.024505615234375, 32.435199737548821 ], [ -91.021003723144531, 32.437599182128899 ], [ -91.018402099609375, 32.438800811767592 ], [ -91.016403198242188, 32.44020080566402 ], [ -91.010307312011719, 32.442798614501967 ], [ -91.00360107421875, 32.446201324462891 ], [ -91.001502990722656, 32.447700500488253 ], [ -90.998870849609389, 32.45002365112304 ], [ -90.997421264648438, 32.450263977050803 ], [ -90.996986389160156, 32.450576782226562 ], [ -90.995384216308608, 32.450744628906236 ], [ -90.990432739257812, 32.450260162353516 ], [ -90.983985900878906, 32.448917388915994 ], [ -90.983322143554688, 32.448936462402358 ], [ -90.979904174804688, 32.447700500488253 ], [ -90.977104187011719, 32.44586563110353 ], [ -90.972312927246094, 32.441234588623097 ], [ -90.969490051269531, 32.439346313476591 ], [ -90.966766357421875, 32.435356140136719 ], [ -90.966354370117188, 32.43372726440429 ], [ -90.966194152832031, 32.42754745483397 ], [ -90.965667724609375, 32.423496246337898 ], [ -90.966148376464844, 32.420886993408253 ], [ -90.967666625976562, 32.418136596679638 ], [ -90.969062805175781, 32.416442871093778 ], [ -90.972007751464844, 32.413669586181662 ], [ -90.975570678710938, 32.410964965820348 ], [ -90.980354309082031, 32.408420562744148 ], [ -90.980613708496094, 32.408100128173821 ], [ -90.993972778320312, 32.403720855712862 ], [ -90.993675231933594, 32.396636962890597 ], [ -90.994583129882812, 32.392135620117152 ], [ -90.996124267578125, 32.387916564941449 ], [ -90.997947692871094, 32.38503265380853 ], [ -91.000503540039062, 32.381698608398388 ], [ -91.001907348632812, 32.376800537109354 ], [ -91.002105712890625, 32.375 ], [ -91.003501892089844, 32.371200561523445 ], [ -91.004600524902344, 32.367099761962862 ], [ -91.004402160644531, 32.364601135253906 ], [ -91.003700256347656, 32.362598419189496 ], [ -91.002304077148438, 32.360298156738281 ], [ -91.0, 32.357551574707045 ], [ -90.993522644042969, 32.353900909423849 ], [ -90.986564636230469, 32.35161590576174 ], [ -90.954483032226562, 32.345714569091776 ], [ -90.951789855957031, 32.345458984375014 ], [ -90.942878723144531, 32.345813751220717 ], [ -90.93888092041017, 32.345462799072244 ], [ -90.934791564941406, 32.344821929931619 ], [ -90.930656433105469, 32.34410858154294 ], [ -90.921066284179688, 32.341926574707053 ], [ -90.912254333496094, 32.339309692382812 ], [ -90.900856018066406, 32.349731445312514 ], [ -90.897071838378906, 32.355033874511719 ], [ -90.894706726074233, 32.359874725341783 ], [ -90.893226623535156, 32.365196228027351 ], [ -90.892349243164062, 32.369422912597699 ], [ -90.891555786132812, 32.371238708496108 ], [ -90.889724731445312, 32.372791290283175 ], [ -90.888130187988281, 32.373355865478509 ], [ -90.884506225585938, 32.373939514160213 ], [ -90.878501892089844, 32.374492645263707 ], [ -90.876541137695312, 32.373947143554688 ], [ -90.875518798828125, 32.373382568359411 ], [ -90.875534057617188, 32.371585845947237 ], [ -90.876014709472656, 32.370086669921818 ], [ -90.877182006835938, 32.366798400878899 ], [ -90.885612487792969, 32.350723266601562 ], [ -90.893180847167969, 32.340892791748068 ], [ -90.900619506835938, 32.330234527587891 ], [ -90.900604248046875, 32.326702117919908 ], [ -90.901138305664062, 32.323238372802741 ], [ -90.902458190917969, 32.319442749023438 ], [ -90.905075073242188, 32.315349578857408 ], [ -90.909034729003906, 32.310676574707031 ], [ -90.916053771972656, 32.303436279296882 ], [ -90.922126770019531, 32.298492431640639 ], [ -90.933891296386719, 32.290195465087876 ], [ -90.943016052246094, 32.285385131835909 ], [ -90.947731018066406, 32.283336639404332 ], [ -90.949676513671875, 32.282909393310533 ], [ -90.951248168945312, 32.283050537109389 ], [ -90.952903747558594, 32.283897399902322 ], [ -90.955307006835938, 32.286094665527322 ], [ -90.956939697265625, 32.288284301757798 ], [ -90.957252502441406, 32.289710998535121 ], [ -90.960372924804688, 32.292289733886719 ], [ -90.961067199707031, 32.293140411376918 ], [ -90.961654663085938, 32.294521331787138 ], [ -90.962974548339844, 32.296138763427756 ], [ -90.96405029296875, 32.296726226806626 ], [ -90.965248107910156, 32.297023773193388 ], [ -90.971534729003906, 32.29735183715821 ], [ -90.974494934082031, 32.296974182128906 ], [ -90.976097106933594, 32.296302795410156 ], [ -90.9793701171875, 32.293556213378935 ], [ -90.980636596679688, 32.29126358032228 ], [ -90.981483459472656, 32.288673400878942 ], [ -90.982208251953125, 32.285060882568366 ], [ -90.983970642089844, 32.279804229736307 ], [ -90.983970642089844, 32.277347564697266 ], [ -90.982879638671875, 32.270145416259759 ], [ -90.980918884277344, 32.26658630371093 ], [ -90.979560852050781, 32.265102386474602 ], [ -90.9774169921875, 32.262859344482415 ], [ -90.972320556640625, 32.258754730224602 ], [ -90.971237182617188, 32.257595062255838 ], [ -90.969993591308594, 32.254924774169936 ], [ -90.96929931640625, 32.252372741699162 ], [ -90.969406127929688, 32.251903533935611 ], [ -90.96990966796875, 32.251533508300774 ], [ -90.976028442382812, 32.247943878173864 ], [ -90.979095458984375, 32.244949340820284 ], [ -90.980186462402344, 32.243450164794943 ], [ -90.981781005859375, 32.237838745117209 ], [ -90.9830322265625, 32.231220245361378 ], [ -90.983161926269531, 32.226051330566378 ], [ -90.98260498046875, 32.223754882812507 ], [ -90.982444763183594, 32.220775604248033 ], [ -90.982650756835938, 32.215080261230518 ], [ -90.983268737792969, 32.211616516113288 ], [ -90.984771728515625, 32.208377838134801 ], [ -90.994842529296875, 32.19300079345701 ], [ -90.999595642089844, 32.190952301025447 ], [ -91.003105163574219, 32.197898864746094 ], [ -91.004905700683594, 32.212699890136747 ], [ -91.003799438476562, 32.218898773193345 ], [ -91.002799987792969, 32.22290039062505 ], [ -91.005996704101562, 32.22389984130858 ], [ -91.009506225585938, 32.226001739501967 ], [ -91.012504577636719, 32.228199005126939 ], [ -91.021400451660156, 32.236000061035149 ], [ -91.026504516601562, 32.238601684570291 ], [ -91.034202575683594, 32.241401672363303 ], [ -91.038902282714844, 32.24219894409179 ], [ -91.046401977539077, 32.241001129150412 ], [ -91.050201416015625, 32.237800598144538 ], [ -91.051704406738281, 32.234298706054652 ], [ -91.053001403808594, 32.227798461914084 ], [ -91.055000305175781, 32.224601745605462 ], [ -91.061302185058594, 32.218498229980476 ], [ -91.070999145507812, 32.225898742675824 ], [ -91.074996948242202, 32.226898193359396 ], [ -91.083602905273438, 32.226299285888643 ], [ -91.092002868652344, 32.223701477050803 ], [ -91.100303649902344, 32.217700958251989 ], [ -91.1083984375, 32.208000183105483 ], [ -91.112907409667969, 32.206401824951136 ], [ -91.113975524902344, 32.206546783447273 ], [ -91.115951538085938, 32.206264495849595 ], [ -91.117156982421875, 32.206516265869141 ], [ -91.11810302734375, 32.206954956054695 ], [ -91.124565124511719, 32.211391448974609 ], [ -91.126502990722656, 32.212306976318395 ], [ -91.130088806152344, 32.213516235351612 ], [ -91.131660461425781, 32.213592529296868 ], [ -91.133476257324219, 32.213283538818366 ], [ -91.141792297363281, 32.209621429443402 ], [ -91.157920837402344, 32.201805114746101 ], [ -91.161949157714844, 32.198886871337905 ], [ -91.1640625, 32.196739196777351 ], [ -91.164764404296875, 32.195594787597656 ], [ -91.166336059570327, 32.189605712890604 ], [ -91.167961120605469, 32.186485290527315 ], [ -91.1695556640625, 32.181427001953125 ], [ -91.170936584472656, 32.176376342773445 ], [ -91.172103881835952, 32.170909881591797 ], [ -91.172393798828125, 32.168231964111307 ], [ -91.173553466796875, 32.164081573486307 ], [ -91.174240112304688, 32.159683227539048 ], [ -91.1744384765625, 32.154827117919865 ], [ -91.174156188964844, 32.152301788330078 ], [ -91.172622680664062, 32.146327972412145 ], [ -91.169662475585938, 32.140525817871058 ], [ -91.16534423828125, 32.134136199951165 ], [ -91.164344787597656, 32.133354187011719 ], [ -91.162712097167969, 32.132541656494112 ], [ -91.154937744140625, 32.132091522216768 ], [ -91.144287109375, 32.130237579345689 ], [ -91.142051696777344, 32.129585266113324 ], [ -91.134765625, 32.126682281494148 ], [ -91.131294250488281, 32.12606048583983 ], [ -91.125, 32.125621795654332 ], [ -91.113761901855469, 32.125579833984332 ], [ -91.111183166503906, 32.124885559082024 ], [ -91.110877990722656, 32.124492645263636 ], [ -91.106529235839844, 32.128047943115213 ], [ -91.103584289550781, 32.129852294921868 ], [ -91.10107421875, 32.130985260009773 ], [ -91.096229553222656, 32.132404327392585 ], [ -91.091552734375, 32.133453369140604 ], [ -91.086418151855469, 32.133796691894531 ], [ -91.081520080566406, 32.133838653564453 ], [ -91.076934814453125, 32.133342742919908 ], [ -91.073570251464844, 32.132633209228537 ], [ -91.068977355957031, 32.131324768066428 ], [ -91.067619323730469, 32.13019561767581 ], [ -91.061447143554688, 32.126754760742159 ], [ -91.055107116699219, 32.124900817871094 ], [ -91.053070068359375, 32.124084472656236 ], [ -91.052703857421875, 32.125 ], [ -91.051101684570312, 32.144001007080071 ], [ -91.050102233886733, 32.145099639892614 ], [ -91.04840087890625, 32.150001525878913 ], [ -91.049598693847656, 32.157199859619162 ], [ -91.05560302734375, 32.163600921630831 ], [ -91.058799743652344, 32.171100616455021 ], [ -91.058197021484375, 32.180801391601562 ], [ -91.050102233886733, 32.178298950195376 ], [ -91.041702270507812, 32.174400329589851 ], [ -91.03179931640625, 32.167701721191442 ], [ -91.02490234375, 32.162399291992202 ], [ -91.016502380371094, 32.160701751708977 ], [ -91.002799987792969, 32.161899566650391 ], [ -91.003997802734375, 32.145999908447273 ], [ -91.004905700683594, 32.142700195312507 ], [ -91.007102966308594, 32.13830184936522 ], [ -91.012397766113281, 32.130100250244155 ], [ -91.017501831054688, 32.125 ], [ -91.017997741699219, 32.124900817871094 ], [ -91.019905090332031, 32.123401641845689 ], [ -91.026901245117188, 32.120899200439439 ], [ -91.029800415039062, 32.120700836181662 ], [ -91.030799865722656, 32.120399475097649 ], [ -91.030403137207031, 32.115299224853509 ], [ -91.030105590820312, 32.114200592041037 ], [ -91.030403137207031, 32.108001708984339 ], [ -91.035102844238281, 32.100299835205092 ], [ -91.038505554199219, 32.098098754882827 ], [ -91.079902648925795, 32.0789985656738 ], [ -91.081001281738295, 32.078201293945341 ], [ -91.081398010253906, 32.077598571777351 ], [ -91.081596374511719, 32.075599670410142 ], [ -91.079002380371094, 32.050498962402344 ], [ -91.079200744628906, 32.049301147460909 ], [ -91.080802917480469, 32.047698974609425 ], [ -91.082199096679688, 32.047401428222635 ], [ -91.086105346679688, 32.047500610351584 ], [ -91.092399597167969, 32.048099517822251 ], [ -91.098602294921875, 32.048198699951172 ], [ -91.100303649902344, 32.04859924316407 ], [ -91.102905273437514, 32.049701690673842 ], [ -91.105796813964844, 32.051498413085916 ], [ -91.112800598144531, 32.056701660156236 ], [ -91.11419677734375, 32.058101654052727 ], [ -91.124000549316406, 32.071701049804695 ], [ -91.125198364257812, 32.072700500488324 ], [ -91.128501892089844, 32.076400756835945 ], [ -91.130203247070312, 32.077701568603516 ], [ -91.134101867675781, 32.079898834228523 ], [ -91.139198303222656, 32.081600189208991 ], [ -91.143203735351562, 32.081501007080121 ], [ -91.144996643066406, 32.081199645996087 ], [ -91.147903442382812, 32.080200195312429 ], [ -91.148704528808594, 32.080001831054723 ], [ -91.15130615234375, 32.078498840332067 ], [ -91.156906127929688, 32.074401855468764 ], [ -91.160202026367188, 32.070201873779347 ], [ -91.161506652832031, 32.067600250244141 ], [ -91.161903381347656, 32.065299987792969 ], [ -91.161903381347656, 32.06169891357419 ], [ -91.161300659179688, 32.059799194335966 ], [ -91.159202575683594, 32.056198120117166 ], [ -91.155601501464844, 32.051898956298864 ], [ -91.151901245117188, 32.049400329589893 ], [ -91.147796630859375, 32.047401428222635 ], [ -91.144996643066406, 32.046398162841783 ], [ -91.136199951171875, 32.044601440429709 ], [ -91.111396789550781, 32.040401458740256 ], [ -91.102500915527344, 32.038501739501925 ], [ -91.09539794921875, 32.037300109863317 ], [ -91.091300964355469, 32.035900115966818 ], [ -91.087303161621094, 32.033901214599595 ], [ -91.084304809570312, 32.031299591064489 ], [ -91.082504272460938, 32.028499603271513 ], [ -91.081306457519531, 32.025501251220696 ], [ -91.080398559570327, 32.021999359130845 ], [ -91.079826354980469, 32.018161773681669 ], [ -91.075798034667969, 32.01667022705076 ], [ -91.089996337890625, 32.0 ], [ -91.093482971191406, 31.997129440307617 ], [ -91.096000671386719, 31.994699478149421 ], [ -91.100502014160156, 31.991899490356431 ], [ -91.104705810546875, 31.989900588989236 ], [ -91.106796264648438, 31.989200592041023 ], [ -91.117301940917969, 31.98690032958979 ], [ -91.120399475097656, 31.986700057983388 ], [ -91.12790679931642, 31.985700607299833 ], [ -91.138999938964844, 31.985099792480437 ], [ -91.15030670166017, 31.98369979858397 ], [ -91.162200927734375, 31.982799530029329 ], [ -91.164306640625, 31.982400894165032 ], [ -91.168800354003906, 31.97979927062989 ], [ -91.173301696777344, 31.976499557495114 ], [ -91.17730712890625, 31.97310066223146 ], [ -91.181800842285156, 31.968099594116232 ], [ -91.184707641601562, 31.965400695800803 ], [ -91.188003540039077, 31.961200714111321 ], [ -91.188705444335938, 31.959199905395508 ], [ -91.189002990722656, 31.957300186157205 ], [ -91.188705444335938, 31.952999114990181 ], [ -91.189399719238281, 31.946199417114268 ], [ -91.192802429199233, 31.937099456787074 ], [ -91.193107604980469, 31.935499191284201 ], [ -91.192802429199233, 31.934799194335923 ], [ -91.191001892089844, 31.9340000152588 ], [ -91.189300537109375, 31.9340000152588 ], [ -91.187599182128906, 31.934299468994105 ], [ -91.187400817871094, 31.934600830078132 ], [ -91.186599731445312, 31.934402465820323 ], [ -91.185600280761719, 31.93490028381348 ], [ -91.184600830078125, 31.93490028381348 ], [ -91.183601379394531, 31.93300056457521 ], [ -91.184501647949219, 31.926599502563427 ], [ -91.18430328369142, 31.925100326538114 ], [ -91.184799194335938, 31.923599243164073 ], [ -91.184196472167969, 31.922700881958029 ], [ -91.180999755859375, 31.919900894165043 ], [ -91.180305480957031, 31.918399810791019 ], [ -91.180503845214844, 31.91780090332033 ], [ -91.18310546875, 31.916000366210927 ], [ -91.184104919433594, 31.915599822998068 ], [ -91.186500549316406, 31.915199279785167 ], [ -91.189102172851577, 31.91410064697261 ], [ -91.190704345703125, 31.912799835205078 ], [ -91.1925048828125, 31.90999984741212 ], [ -91.193702697753906, 31.909400939941406 ], [ -91.195106506347656, 31.908899307250969 ], [ -91.197402954101562, 31.908500671386719 ], [ -91.198402404785156, 31.908800125122081 ], [ -91.200904846191406, 31.909000396728512 ], [ -91.202705383300781, 31.907800674438473 ], [ -91.205001831054702, 31.903999328613306 ], [ -91.208702087402344, 31.9002990722656 ], [ -91.212333679199219, 31.897447586059574 ], [ -91.226837158203125, 31.884946823120096 ], [ -91.233795166015625, 31.877447128295927 ], [ -91.234794616699219, 31.876703262329094 ], [ -91.238449096679688, 31.875 ], [ -91.248031616210938, 31.86968803405761 ], [ -91.25, 31.869318008422855 ], [ -91.264305114746094, 31.865299224853526 ], [ -91.265701293945327, 31.864700317382781 ], [ -91.266868591308594, 31.863527297973611 ], [ -91.267402648925781, 31.862899780273459 ], [ -91.268203735351562, 31.861099243164052 ], [ -91.268905639648438, 31.858499526977546 ], [ -91.268707275390625, 31.85499954223631 ], [ -91.267997741699219, 31.852899551391655 ], [ -91.266105651855469, 31.850599288940401 ], [ -91.260566711425781, 31.84567642211908 ], [ -91.25885009765625, 31.843849182128885 ], [ -91.258651733398438, 31.843280792236321 ], [ -91.257804870605483, 31.842834472656239 ], [ -91.25732421875, 31.841941833496129 ], [ -91.256820678710938, 31.841821670532219 ], [ -91.253303527832031, 31.839368820190437 ], [ -91.252967834472656, 31.838809967041012 ], [ -91.252128601074219, 31.838420867919943 ], [ -91.25, 31.835899353027322 ], [ -91.245513916015625, 31.833003997802727 ], [ -91.244888305664062, 31.832027435302734 ], [ -91.24493408203125, 31.831285476684542 ], [ -91.245750427246094, 31.829914093017582 ], [ -91.246421813964858, 31.827802658081104 ], [ -91.246269226074219, 31.825046539306623 ], [ -91.246505737304688, 31.823265075683558 ], [ -91.24981689453125, 31.818965911865259 ], [ -91.25, 31.817600250244141 ], [ -91.254203796386719, 31.813497543334968 ], [ -91.255500793457031, 31.8125 ], [ -91.259803771972656, 31.809999465942369 ], [ -91.262603759765639, 31.809099197387667 ], [ -91.26910400390625, 31.809000015258796 ], [ -91.272300720214844, 31.809799194335916 ], [ -91.276603698730469, 31.811199188232408 ], [ -91.280105590820312, 31.812999725341804 ], [ -91.2821044921875, 31.814599990844719 ], [ -91.283103942871094, 31.815599441528363 ], [ -91.284797668457031, 31.818199157714815 ], [ -91.286102294921875, 31.821300506591797 ], [ -91.288101196289077, 31.8248996734619 ], [ -91.289306640625, 31.828500747680675 ], [ -91.290023803710938, 31.83349800109864 ], [ -91.2900390625, 31.83980560302733 ], [ -91.289474487304688, 31.841119766235337 ], [ -91.289199829101562, 31.846700668334925 ], [ -91.290977478027344, 31.852170944213878 ], [ -91.2926025390625, 31.855400085449197 ], [ -91.29290771484375, 31.859600067138679 ], [ -91.293907165527344, 31.860300064086911 ], [ -91.294601440429688, 31.860300064086911 ], [ -91.302902221679688, 31.857400894165078 ], [ -91.308197021484389, 31.856100082397475 ], [ -91.310905456542969, 31.855800628662056 ], [ -91.319999694824219, 31.855499267578118 ], [ -91.32550048828125, 31.854999542236317 ], [ -91.331199645996108, 31.853799819946254 ], [ -91.3363037109375, 31.852199554443366 ], [ -91.338302612304688, 31.85110092163087 ], [ -91.342002868652344, 31.847700119018544 ], [ -91.345100402832031, 31.843700408935561 ], [ -91.345596313476562, 31.84269905090331 ], [ -91.34539794921875, 31.841699600219737 ], [ -91.346305847167969, 31.839799880981452 ], [ -91.347198486328125, 31.836900711059581 ], [ -91.347999572753906, 31.832599639892585 ], [ -91.351997375488281, 31.821599960327113 ], [ -91.353996276855469, 31.813600540161151 ], [ -91.355705261230469, 31.808599472045941 ], [ -91.359199523925781, 31.799999237060508 ], [ -91.361305236816406, 31.791200637817393 ], [ -91.361602783203139, 31.787900924682649 ], [ -91.363601684570312, 31.782400131225526 ], [ -91.363601684570312, 31.779899597167962 ], [ -91.365501403808594, 31.760599136352539 ], [ -91.362602233886719, 31.759799957275405 ], [ -91.360000610351562, 31.758600234985362 ], [ -91.357398986816406, 31.75810050964358 ], [ -91.35260009765625, 31.757699966430664 ], [ -91.345504760742188, 31.75830078125 ], [ -91.333106994628906, 31.760400772094719 ], [ -91.328704833984375, 31.760599136352539 ], [ -91.324104309082031, 31.76180076599119 ], [ -91.321197509765625, 31.762899398803704 ], [ -91.317863464355469, 31.763782501220714 ], [ -91.312599182128906, 31.764900207519574 ], [ -91.307502746582031, 31.765600204467756 ], [ -91.304306030273438, 31.765800476074176 ], [ -91.299598693847656, 31.767000198364226 ], [ -91.297103881835938, 31.768299102783185 ], [ -91.293998718261719, 31.769500732421889 ], [ -91.287307739257812, 31.771799087524421 ], [ -91.286506652832031, 31.77190017700196 ], [ -91.281105041503906, 31.772100448608398 ], [ -91.278396606445327, 31.77190017700196 ], [ -91.272705078125, 31.770799636840817 ], [ -91.270301818847656, 31.770599365234357 ], [ -91.265762329101562, 31.76867485046386 ], [ -91.263603210449219, 31.767499923706033 ], [ -91.261398315429702, 31.765300750732422 ], [ -91.259902954101562, 31.762599945068356 ], [ -91.259506225585938, 31.761199951171896 ], [ -91.2593994140625, 31.760000228881854 ], [ -91.259597778320312, 31.759199142456055 ], [ -91.259902954101562, 31.758499145507841 ], [ -91.26300048828125, 31.754600524902351 ], [ -91.267303466796875, 31.750299453735369 ], [ -91.270591735839844, 31.748300552368178 ], [ -91.271995544433594, 31.747005462646442 ], [ -91.276016235351562, 31.745054244995107 ], [ -91.277000427246094, 31.744720458984354 ], [ -91.279678344726562, 31.744588851928725 ], [ -91.285774230957031, 31.745500564575167 ], [ -91.288505554199219, 31.745500564575167 ], [ -91.293304443359375, 31.745000839233381 ], [ -91.295181274414062, 31.745103836059545 ], [ -91.299118041992202, 31.745977401733406 ], [ -91.300506591796875, 31.746700286865238 ], [ -91.303802490234375, 31.747800827026353 ], [ -91.306800842285156, 31.748500823974616 ], [ -91.312400817871094, 31.748699188232354 ], [ -91.3177490234375, 31.749601364135735 ], [ -91.32080078125, 31.749900817871097 ], [ -91.351814270019531, 31.749792098999052 ], [ -91.358634948730469, 31.748577117919918 ], [ -91.363212585449219, 31.748449325561523 ], [ -91.36517333984375, 31.747957229614297 ], [ -91.368026733398438, 31.74671745300293 ], [ -91.369262695312514, 31.746740341186538 ], [ -91.371803283691406, 31.743000030517557 ], [ -91.372802734375, 31.741899490356477 ], [ -91.373306274414062, 31.740900039672866 ], [ -91.374900817871094, 31.739400863647429 ], [ -91.38079833984375, 31.732299804687496 ], [ -91.384597778320312, 31.726100921630874 ], [ -91.387001037597656, 31.72290039062505 ], [ -91.388504028320312, 31.721399307250966 ], [ -91.391105651855469, 31.718099594116179 ], [ -91.393203735351562, 31.716100692749023 ], [ -91.397003173828125, 31.711200714111385 ], [ -91.397903442382812, 31.708799362182614 ], [ -91.398399353027344, 31.704200744628917 ], [ -91.399902343750014, 31.697700500488263 ], [ -91.400100708007812, 31.694700241088931 ], [ -91.400001525878906, 31.687099456787077 ], [ -91.397705078125, 31.659299850463857 ], [ -91.396507263183594, 31.65130043029783 ], [ -91.396400451660156, 31.648300170898416 ], [ -91.395599365234389, 31.64399909973141 ], [ -91.396003723144531, 31.639099121093789 ], [ -91.397705078125, 31.633499145507812 ], [ -91.398200988769531, 31.62610054016109 ], [ -91.400703430175781, 31.620300292968718 ], [ -91.402801513671875, 31.61989974975587 ], [ -91.405303955078139, 31.618999481201122 ], [ -91.414688110351562, 31.613756179809592 ], [ -91.4163818359375, 31.612968444824201 ], [ -91.420997619628906, 31.611400604248043 ], [ -91.422904968261719, 31.611099243164027 ], [ -91.430397033691406, 31.611299514770518 ], [ -91.436103820800781, 31.612300872802741 ], [ -91.442802429199219, 31.614200592041023 ], [ -91.445701599121094, 31.61529922485353 ], [ -91.451904296875, 31.616800308227528 ], [ -91.463706970214844, 31.620199203491204 ], [ -91.470596313476562, 31.623300552368185 ], [ -91.475601196289062, 31.625999450683604 ], [ -91.479705810546875, 31.628799438476541 ], [ -91.482101440429688, 31.630899429321254 ], [ -91.487396240234375, 31.636899948120131 ], [ -91.489913940429688, 31.640996932983395 ], [ -91.491386413574219, 31.642827987670863 ], [ -91.492630004882812, 31.644113540649425 ], [ -91.49436187744142, 31.6448478698731 ], [ -91.497543334960938, 31.645206451416016 ], [ -91.499160766601562, 31.644493103027337 ], [ -91.507194519042969, 31.6389045715332 ], [ -91.512214660644531, 31.634557723999077 ], [ -91.515342712402344, 31.63020706176761 ], [ -91.51654052734375, 31.627168655395518 ], [ -91.517784118652344, 31.620210647583001 ], [ -91.517799377441406, 31.618478775024414 ], [ -91.517112731933594, 31.613296508789073 ], [ -91.516448974609375, 31.611654281616197 ], [ -91.512886047363281, 31.606719970703089 ], [ -91.508201599121094, 31.602487564086911 ], [ -91.506095886230469, 31.599365234374961 ], [ -91.502662658691406, 31.595561981201161 ], [ -91.5, 31.593799591064496 ], [ -91.499900817871094, 31.593999862670884 ], [ -91.499397277832045, 31.593700408935561 ], [ -91.497200012207031, 31.591899871826172 ], [ -91.494003295898438, 31.590000152587919 ], [ -91.488502502441406, 31.587299346923849 ], [ -91.485107421875, 31.586000442504879 ], [ -91.483100891113281, 31.58559989929201 ], [ -91.479301452636719, 31.585300445556669 ], [ -91.471900939941406, 31.585399627685565 ], [ -91.469100952148452, 31.585800170898445 ], [ -91.467033386230469, 31.58583259582522 ], [ -91.461906433105469, 31.586500167846634 ], [ -91.455200195312514, 31.587999343872102 ], [ -91.443504333496094, 31.592300415039066 ], [ -91.432502746582031, 31.595899581909208 ], [ -91.43060302734375, 31.596300125122031 ], [ -91.424598693847656, 31.596900939941449 ], [ -91.422599792480469, 31.596900939941449 ], [ -91.418701171875, 31.596399307251001 ], [ -91.41290283203125, 31.595199584960923 ], [ -91.407997131347656, 31.592500686645504 ], [ -91.40470123291017, 31.590400695800842 ], [ -91.403800964355469, 31.589599609375039 ], [ -91.403800964355469, 31.588699340820334 ], [ -91.40470123291017, 31.579900741577148 ], [ -91.405799865722656, 31.574100494384751 ], [ -91.4071044921875, 31.570400238037134 ], [ -91.407798767089858, 31.569200515747099 ], [ -91.409706115722656, 31.566900253295916 ], [ -91.414802551269531, 31.56200027465821 ], [ -91.426307678222656, 31.554399490356406 ], [ -91.43570709228517, 31.547199249267578 ], [ -91.442306518554688, 31.543100357055692 ], [ -91.449905395507812, 31.5394992828369 ], [ -91.455200195312514, 31.538200378417955 ], [ -91.463600158691406, 31.535200119018608 ], [ -91.470306396484389, 31.533199310302745 ], [ -91.475799560546875, 31.531099319458029 ], [ -91.478904724121094, 31.530300140380863 ], [ -91.480796813964844, 31.530300140380863 ], [ -91.483802795410156, 31.532400131225575 ], [ -91.487800598144531, 31.533800125122092 ], [ -91.489501953125, 31.534099578857408 ], [ -91.49420166015625, 31.533300399780266 ], [ -91.496307373046875, 31.533199310302734 ], [ -91.499801635742188, 31.532300949096626 ], [ -91.501304626464844, 31.532899856567361 ], [ -91.504203796386719, 31.5331001281738 ], [ -91.511093139648438, 31.532445907592802 ], [ -91.513847351074219, 31.531917572021456 ], [ -91.51568603515625, 31.530727386474609 ], [ -91.520454406738281, 31.525022506713864 ], [ -91.522415161132812, 31.521911621093746 ], [ -91.522796630859375, 31.519674301147468 ], [ -91.522743225097656, 31.517326354980479 ], [ -91.520462036132827, 31.513040542602536 ], [ -91.51898193359375, 31.512239456176726 ], [ -91.516639709472656, 31.511606216430685 ], [ -91.515785217285156, 31.511098861694329 ], [ -91.514801025390625, 31.50994682312011 ], [ -91.515205383300781, 31.507289886474606 ], [ -91.514862060546875, 31.501735687255831 ], [ -91.517021179199219, 31.498228073120121 ], [ -91.518028259277344, 31.483316421508775 ], [ -91.517898559570312, 31.476114273071303 ], [ -91.516876220703125, 31.460405349731413 ], [ -91.516151428222656, 31.45531082153321 ], [ -91.5150146484375, 31.449037551879936 ], [ -91.51324462890625, 31.444227218627944 ], [ -91.510238647460938, 31.438760757446278 ], [ -91.501327514648438, 31.42858123779299 ], [ -91.496253967285156, 31.424184799194371 ], [ -91.489166259765625, 31.418741226196335 ], [ -91.483207702636719, 31.412717819213896 ], [ -91.480033874511719, 31.41013908386229 ], [ -91.470649719238295, 31.398244857788093 ], [ -91.466690063476562, 31.390777587890618 ], [ -91.465385437011719, 31.386718749999957 ], [ -91.464927673339844, 31.383863449096676 ], [ -91.465324401855469, 31.380882263183608 ], [ -91.467788696289077, 31.375 ], [ -91.470733642578125, 31.372703552246119 ], [ -91.474685668945312, 31.368484497070302 ], [ -91.478752136230469, 31.364786148071286 ], [ -91.5, 31.365150451660181 ], [ -91.504646301269545, 31.364816665649435 ], [ -91.510978698730469, 31.367504119873061 ], [ -91.515861511230469, 31.37011528015136 ], [ -91.517921447753906, 31.3715419769287 ], [ -91.521720886230469, 31.375 ], [ -91.526832580566406, 31.380685806274428 ], [ -91.529052734375, 31.384025573730469 ], [ -91.532218933105469, 31.390106201171847 ], [ -91.5340576171875, 31.395849227905245 ], [ -91.535682678222656, 31.403568267822251 ], [ -91.537582397460938, 31.407634735107386 ], [ -91.539337158203125, 31.413852691650408 ], [ -91.539573669433594, 31.415935516357429 ], [ -91.539382934570312, 31.417741775512692 ], [ -91.537055969238281, 31.422258377075185 ], [ -91.537017822265625, 31.423992156982422 ], [ -91.539978027343764, 31.429159164428711 ], [ -91.54052734375, 31.430589675903292 ], [ -91.54150390625, 31.431537628173825 ], [ -91.543251037597656, 31.432439804077191 ], [ -91.544898986816406, 31.432857513427717 ], [ -91.548347473144545, 31.43250083923342 ], [ -91.552635192871094, 31.430524826049759 ], [ -91.5546875, 31.428401947021495 ], [ -91.5650634765625, 31.42327880859375 ], [ -91.569976806640625, 31.419317245483391 ], [ -91.573249816894531, 31.415077209472685 ], [ -91.576141357421875, 31.410327911376985 ], [ -91.578125, 31.403688430786129 ], [ -91.578216552734375, 31.398895263671889 ], [ -91.576362609863295, 31.394952774047834 ], [ -91.573814392089844, 31.390718460082986 ], [ -91.571113586425781, 31.384494781494158 ], [ -91.568832397460938, 31.377458572387734 ], [ -91.563194274902358, 31.382179260253871 ], [ -91.56243896484375, 31.383050918579148 ], [ -91.560409545898438, 31.38438987731935 ], [ -91.5570068359375, 31.385869979858398 ], [ -91.555557250976562, 31.386243820190423 ], [ -91.552314758300781, 31.385488510131815 ], [ -91.5462646484375, 31.382593154907237 ], [ -91.545944213867188, 31.382051467895522 ], [ -91.549797058105469, 31.376146316528317 ], [ -91.550239562988281, 31.370050430297862 ], [ -91.549713134765625, 31.366544723510742 ], [ -91.550880432128906, 31.36347389221195 ], [ -91.550750732421875, 31.360403060913061 ], [ -91.55035400390625, 31.358732223510703 ], [ -91.548774719238281, 31.353828430175795 ], [ -91.547950744628906, 31.352291107177756 ], [ -91.547096252441406, 31.351375579833991 ], [ -91.547065734863281, 31.350305557250952 ], [ -91.548873901367188, 31.348463058471687 ], [ -91.548851013183594, 31.347084045410153 ], [ -91.548095703125, 31.345914840698281 ], [ -91.545494079589844, 31.343591690063484 ], [ -91.542022705078125, 31.341306686401378 ], [ -91.538177490234375, 31.339197158813501 ], [ -91.534797668457031, 31.337833404541001 ], [ -91.533897399902344, 31.337097167968739 ], [ -91.533683776855469, 31.334604263305682 ], [ -91.533088684082031, 31.333053588867227 ], [ -91.531532287597656, 31.331630706787063 ], [ -91.522895812988281, 31.326353073120103 ], [ -91.518394470214844, 31.323162078857457 ], [ -91.514488220214844, 31.32008552551271 ], [ -91.513687133789062, 31.319057464599645 ], [ -91.509925842285156, 31.31665229797364 ], [ -91.508544921875, 31.314962387084975 ], [ -91.507858276367188, 31.312774658203146 ], [ -91.507835388183594, 31.308813095092784 ], [ -91.508377075195312, 31.303226470947283 ], [ -91.5081787109375, 31.295658111572294 ], [ -91.508743286132812, 31.291473388671857 ], [ -91.511970520019531, 31.284006118774439 ], [ -91.515495300292969, 31.278039932250998 ], [ -91.518463134765625, 31.275112152099606 ], [ -91.52227783203125, 31.273252487182607 ], [ -91.529251098632812, 31.270351409912102 ], [ -91.537612915039062, 31.267198562622074 ], [ -91.547470092773438, 31.264272689819364 ], [ -91.553787231445312, 31.262878417968754 ], [ -91.558570861816406, 31.262004852294929 ], [ -91.564071655273438, 31.261459350585934 ], [ -91.56939697265625, 31.261112213134748 ], [ -91.574378967285156, 31.261116027832049 ], [ -91.587631225585938, 31.262390136718771 ], [ -91.59161376953125, 31.263021469116211 ], [ -91.5963134765625, 31.264097213745082 ], [ -91.606552124023438, 31.265726089477532 ], [ -91.621238708496094, 31.267637252807599 ], [ -91.625, 31.267356872558594 ], [ -91.633392333984375, 31.267705917358384 ], [ -91.637550354003906, 31.267505645751974 ], [ -91.641136169433594, 31.266742706298846 ], [ -91.643051147460938, 31.26534271240233 ], [ -91.645927429199219, 31.263797760009776 ], [ -91.648551940917983, 31.262063980102536 ], [ -91.6512451171875, 31.259353637695323 ], [ -91.65277099609375, 31.257459640502894 ], [ -91.653907775878906, 31.255577087402354 ], [ -91.654556274414062, 31.253488540649389 ], [ -91.654884338378906, 31.251640319824205 ], [ -91.65478515625, 31.25 ], [ -91.651893615722656, 31.242515563964847 ], [ -91.644241333007812, 31.234239578247053 ], [ -91.625, 31.225896835327127 ], [ -91.618453979492188, 31.220733642578118 ], [ -91.613807678222656, 31.217760086059592 ], [ -91.6104736328125, 31.215150833129876 ], [ -91.607505798339844, 31.213224411010696 ], [ -91.601493835449233, 31.208398818969709 ], [ -91.594909667968764, 31.201793670654268 ], [ -91.589935302734375, 31.19351768493647 ], [ -91.589332580566406, 31.190965652465845 ], [ -91.588821411132827, 31.188783645629858 ], [ -91.588577270507812, 31.180849075317386 ], [ -91.588928222656264, 31.178411483764648 ], [ -91.590065002441406, 31.175447463989272 ], [ -91.596946716308594, 31.163318634033232 ], [ -91.599617004394531, 31.159418106079105 ], [ -91.607704162597656, 31.150445938110355 ], [ -91.621551513671875, 31.136693954467773 ], [ -91.624099731445312, 31.133554458618161 ], [ -91.625, 31.131704330444318 ], [ -91.625, 31.130512237548853 ], [ -91.625595092773438, 31.128587722778292 ], [ -91.626358032226562, 31.118949890136694 ], [ -91.625877380371094, 31.116720199584947 ], [ -91.625, 31.115818023681591 ], [ -91.622718811035156, 31.111888885498079 ], [ -91.621414184570312, 31.110082626342795 ], [ -91.618453979492188, 31.107152938842763 ], [ -91.614646911621094, 31.104181289672837 ], [ -91.609405517578125, 31.101381301879893 ], [ -91.605308532714844, 31.098262786865249 ], [ -91.599830627441406, 31.094966888427752 ], [ -91.594573974609375, 31.091270446777386 ], [ -91.588615417480469, 31.086585998535149 ], [ -91.585792541503906, 31.0840148925781 ], [ -91.577255249023438, 31.078004837036172 ], [ -91.567527770996094, 31.070009231567408 ], [ -91.564033508300795, 31.066654205322262 ], [ -91.561164855957031, 31.060729980468743 ], [ -91.560302734375, 31.057443618774446 ], [ -91.559791564941406, 31.053943634033214 ], [ -91.560249328613281, 31.049331665039094 ], [ -91.561111450195312, 31.046049118042028 ], [ -91.56235504150392, 31.043037414550788 ], [ -91.564277648925781, 31.038789749145518 ], [ -91.566352844238281, 31.035762786865259 ], [ -91.571578979492188, 31.029605865478516 ], [ -91.575126647949219, 31.026287078857411 ], [ -91.578292846679688, 31.023853302001967 ], [ -91.584548950195312, 31.020008087158168 ], [ -91.590347290039062, 31.017093658447276 ], [ -91.606376647949219, 31.0110378265381 ], [ -91.625, 31.00519561767576 ], [ -91.636825561523452, 30.9992370605469 ], [ -91.608062744140625, 30.998851776123015 ], [ -91.538604736328125, 30.999212265014638 ], [ -91.5, 30.998516082763743 ], [ -91.497268676757812, 30.998830795288082 ], [ -91.292655944824219, 30.99890518188478 ], [ -91.25, 30.99909591674804 ], [ -91.246383666992188, 30.999298095703129 ], [ -91.209358215332031, 30.99889945983886 ], [ -91.125, 30.998956680297855 ], [ -91.122047424316406, 30.998731613159194 ], [ -91.108009338378906, 30.998680114746051 ], [ -91.004348754882812, 30.998731613159194 ], [ -90.881599426269531, 30.999469757080099 ], [ -90.870208740234375, 30.999134063720749 ], [ -90.77587890625, 30.99931335449218 ], [ -90.766944885253906, 30.999166488647447 ], [ -90.758430480957031, 30.99941253662109 ], [ -90.752983093261719, 30.99909782409669 ], [ -90.735603332519531, 30.99903678894043 ], [ -90.667892456054688, 30.999296188354485 ], [ -90.623298645019531, 30.999221801757834 ], [ -90.581695556640625, 30.999555587768544 ], [ -90.567092895507812, 30.999589920043935 ], [ -90.566940307617202, 30.927082061767603 ], [ -90.566909790039062, 30.87929153442381 ], [ -90.567070007324233, 30.824661254882802 ], [ -90.567306518554702, 30.772537231445305 ], [ -90.567405700683594, 30.75 ], [ -90.566574096679702, 30.747423171997042 ], [ -90.566390991210938, 30.729776382446289 ], [ -90.566200256347656, 30.71620368957521 ], [ -90.565727233886719, 30.665300369262702 ], [ -90.567070007324233, 30.649835586547873 ], [ -90.567100524902344, 30.642831802368161 ], [ -90.56719970703125, 30.623794555664034 ], [ -90.566810607910156, 30.576740264892525 ], [ -90.567169189453125, 30.553560256958018 ], [ -90.567047119140625, 30.543928146362326 ], [ -90.566864013671875, 30.525865554809553 ], [ -90.566925048828125, 30.504064559936541 ], [ -90.567024230957031, 30.493988037109386 ], [ -90.566810607910156, 30.486625671386712 ], [ -90.564453125, 30.486696243286111 ], [ -90.563262939453125, 30.485780715942372 ], [ -90.562492370605469, 30.484197616577163 ], [ -90.56170654296875, 30.483579635620099 ], [ -90.560348510742188, 30.483488082885753 ], [ -90.558586120605469, 30.483810424804656 ], [ -90.557365417480483, 30.484495162963857 ], [ -90.556861877441406, 30.484428405761726 ], [ -90.556655883789077, 30.483442306518555 ], [ -90.557128906250014, 30.482639312744162 ], [ -90.557289123535156, 30.480762481689496 ], [ -90.558181762695312, 30.479501724243189 ], [ -90.558120727539062, 30.478624343872042 ], [ -90.557975769042969, 30.477737426757809 ], [ -90.558181762695312, 30.476982116699219 ], [ -90.557846069335938, 30.476730346679688 ], [ -90.555442810058594, 30.476501464843746 ], [ -90.553825378417969, 30.475402832031261 ], [ -90.552742004394531, 30.475378036499048 ], [ -90.55279541015625, 30.473867416381811 ], [ -90.554168701171875, 30.472448348999027 ], [ -90.554222106933594, 30.471990585327141 ], [ -90.553398132324219, 30.471530914306651 ], [ -90.552711486816406, 30.471828460693356 ], [ -90.552055358886719, 30.47171401977538 ], [ -90.552238464355469, 30.47047615051271 ], [ -90.551872253417969, 30.469743728637663 ], [ -90.550521850585938, 30.468576431274386 ], [ -90.549995422363281, 30.467819213867223 ], [ -90.550094604492188, 30.466949462890604 ], [ -90.550865173339844, 30.466421127319329 ], [ -90.550277709960938, 30.465002059936552 ], [ -90.550338745117188, 30.464544296264645 ], [ -90.551162719726562, 30.463468551635721 ], [ -90.551231384277344, 30.462642669677706 ], [ -90.552848815917969, 30.462619781494112 ], [ -90.552528381347656, 30.460948944091772 ], [ -90.552848815917969, 30.46055793762206 ], [ -90.553512573242188, 30.460443496704148 ], [ -90.552719116210938, 30.458749771118189 ], [ -90.552719116210938, 30.458290100097667 ], [ -90.553146362304688, 30.457969665527337 ], [ -90.553169250488295, 30.457672119140607 ], [ -90.552642822265625, 30.457490921020476 ], [ -90.551925659179688, 30.457603454589876 ], [ -90.551712036132812, 30.457397460937525 ], [ -90.552055358886719, 30.456596374511697 ], [ -90.550979614257812, 30.456068038940423 ], [ -90.5513916015625, 30.454946517944332 ], [ -90.5513916015625, 30.453731536865217 ], [ -90.549728393554688, 30.452930450439414 ], [ -90.549201965332031, 30.450410842895483 ], [ -90.548019409179688, 30.449699401855444 ], [ -90.547561645507812, 30.448921203613306 ], [ -90.546562194824219, 30.448394775390618 ], [ -90.546340942382812, 30.448051452636687 ], [ -90.546424865722656, 30.447225570678697 ], [ -90.547088623046875, 30.44596672058103 ], [ -90.546882629394531, 30.444730758666999 ], [ -90.548179626464844, 30.444591522216793 ], [ -90.54852294921875, 30.44406509399413 ], [ -90.549659729003906, 30.44370079040527 ], [ -90.550445556640625, 30.442348480224648 ], [ -90.550392150878906, 30.441797256469741 ], [ -90.549568176269531, 30.441377639770479 ], [ -90.54852294921875, 30.440605163574237 ], [ -90.547592163085938, 30.439140319824212 ], [ -90.546455383300781, 30.437971115112308 ], [ -90.545791625976562, 30.436437606811516 ], [ -90.546348571777358, 30.435842514038079 ], [ -90.546134948730469, 30.435359954834006 ], [ -90.546318054199219, 30.434787750244105 ], [ -90.545791625976562, 30.434444427490174 ], [ -90.546684265136719, 30.431314468383796 ], [ -90.546112060546889, 30.430755615234386 ], [ -90.545906066894531, 30.429910659790036 ], [ -90.545478820800781, 30.42958831787108 ], [ -90.54473876953125, 30.429243087768569 ], [ -90.543388366699219, 30.429336547851559 ], [ -90.542304992675781, 30.42901611328125 ], [ -90.540275573730469, 30.426450729370121 ], [ -90.538368225097656, 30.426197052001946 ], [ -90.537498474121094, 30.425510406494141 ], [ -90.536659240722656, 30.425737380981424 ], [ -90.536117553710938, 30.425577163696268 ], [ -90.536117553710938, 30.425142288208036 ], [ -90.537155151367188, 30.424707412719744 ], [ -90.537155151367188, 30.42436408996582 ], [ -90.536964416503906, 30.424089431762667 ], [ -90.536155700683594, 30.423997879028306 ], [ -90.535804748535156, 30.423675537109382 ], [ -90.535911560058594, 30.422851562499993 ], [ -90.535140991210938, 30.420789718627926 ], [ -90.534591674804688, 30.42053794860842 ], [ -90.534141540527344, 30.420675277709936 ], [ -90.533134460449219, 30.421453475952152 ], [ -90.532478332519531, 30.421201705932599 ], [ -90.532585144042969, 30.420423507690433 ], [ -90.532791137695312, 30.420125961303665 ], [ -90.533317565917969, 30.420034408569325 ], [ -90.533355712890625, 30.419689178466751 ], [ -90.532638549804688, 30.419004440307646 ], [ -90.531471252441406, 30.418796539306641 ], [ -90.529861450195312, 30.419231414794975 ], [ -90.525955200195312, 30.418291091918935 ], [ -90.525238037109375, 30.417764663696303 ], [ -90.524757385253906, 30.416641235351598 ], [ -90.52386474609375, 30.416755676269513 ], [ -90.5233154296875, 30.416389465331999 ], [ -90.52362060546875, 30.415382385253903 ], [ -90.521537780761719, 30.414123535156236 ], [ -90.520744323730483, 30.413913726806609 ], [ -90.521171569824219, 30.414854049682578 ], [ -90.521064758300781, 30.415311813354464 ], [ -90.520454406738281, 30.415357589721683 ], [ -90.520034790039062, 30.414989471435579 ], [ -90.519691467285156, 30.413547515869126 ], [ -90.518814086914062, 30.412057876586953 ], [ -90.518791198730469, 30.411418914794911 ], [ -90.519241333007812, 30.41066169738767 ], [ -90.519584655761719, 30.410570144653299 ], [ -90.520820617675781, 30.411716461181634 ], [ -90.521484375, 30.411716461181619 ], [ -90.521835327148438, 30.411441802978523 ], [ -90.521514892578125, 30.410388946533192 ], [ -90.520515441894531, 30.409711837768619 ], [ -90.51947021484375, 30.409517288208033 ], [ -90.516189575195312, 30.408138275146513 ], [ -90.514816284179688, 30.406797409057631 ], [ -90.514472961425781, 30.406057357788107 ], [ -90.51495361328125, 30.404413223266637 ], [ -90.514877319335938, 30.403810501098636 ], [ -90.513740539550781, 30.402042388915955 ], [ -90.513809204101562, 30.39816474914555 ], [ -90.512657165527344, 30.396524429321289 ], [ -90.510635375976562, 30.394931793212915 ], [ -90.510414123535156, 30.394029617309542 ], [ -90.510604858398438, 30.393688201904265 ], [ -90.512100219726562, 30.394098281860305 ], [ -90.513320922851577, 30.394031524658196 ], [ -90.514717102050781, 30.393302917480465 ], [ -90.515205383300781, 30.392564773559595 ], [ -90.514923095703125, 30.391700744628945 ], [ -90.507919311523452, 30.387634277343757 ], [ -90.506904602050781, 30.387586593627958 ], [ -90.505149841308594, 30.388849258422869 ], [ -90.50439453125, 30.388912200927724 ], [ -90.503829956054688, 30.388513565063526 ], [ -90.500923156738281, 30.38401222229006 ], [ -90.500724792480469, 30.383262634277312 ], [ -90.500946044921875, 30.381305694580078 ], [ -90.502159118652344, 30.379243850708018 ], [ -90.501968383789062, 30.378065109252976 ], [ -90.5, 30.376085281372099 ], [ -90.49957275390625, 30.375 ], [ -90.500541687011719, 30.372980117797869 ], [ -90.503318786621094, 30.370992660522454 ], [ -90.504081726074219, 30.369909286498995 ], [ -90.504096984863281, 30.368820190429723 ], [ -90.502777099609389, 30.366117477417035 ], [ -90.502784729003906, 30.364751815795906 ], [ -90.503524780273438, 30.363185882568345 ], [ -90.503440856933594, 30.362178802490266 ], [ -90.502449035644531, 30.361646652221669 ], [ -90.501251220703125, 30.361766815185579 ], [ -90.493629455566406, 30.365829467773423 ], [ -90.492942810058594, 30.365997314453121 ], [ -90.491996765136733, 30.365825653076168 ], [ -90.488327026367188, 30.362981796264656 ], [ -90.48846435546875, 30.36124038696293 ], [ -90.489967346191406, 30.358152389526378 ], [ -90.489883422851562, 30.35600471496587 ], [ -90.489234924316406, 30.355337142944329 ], [ -90.488265991210938, 30.355224609375 ], [ -90.483184814453125, 30.357503890991232 ], [ -90.481246948242188, 30.35803031921386 ], [ -90.480445861816406, 30.358078002929695 ], [ -90.479743957519531, 30.357849121093729 ], [ -90.477714538574219, 30.356254577636708 ], [ -90.47714996337892, 30.354459762573217 ], [ -90.476951599121094, 30.352514266967802 ], [ -90.474403381347656, 30.348371505737308 ], [ -90.473670959472656, 30.345052719116204 ], [ -90.473594665527344, 30.34346199035647 ], [ -90.47454833984375, 30.342157363891612 ], [ -90.475479125976562, 30.339817047119109 ], [ -90.475067138671875, 30.33726692199707 ], [ -90.474540710449219, 30.336328506469709 ], [ -90.442710876464844, 30.304462432861307 ], [ -90.439682006835938, 30.301731109619119 ], [ -90.431388854980469, 30.295490264892567 ], [ -90.419471740722656, 30.290004730224606 ], [ -90.403953552246094, 30.285327911376971 ], [ -90.401161193847656, 30.285358428955057 ], [ -90.403160095214844, 30.28469657897951 ], [ -90.410400390625, 30.281377792358374 ], [ -90.412307739257812, 30.280738830566428 ], [ -90.419685363769531, 30.279390335083004 ], [ -90.430801391601562, 30.277845382690423 ], [ -90.435829162597656, 30.27707481384277 ], [ -90.453010559082031, 30.273321151733427 ], [ -90.469329833984375, 30.269161224365231 ], [ -90.476097106933594, 30.266944885253874 ], [ -90.486946105957031, 30.262584686279279 ], [ -90.492630004882812, 30.259771347045898 ], [ -90.498359680175781, 30.256177902221634 ], [ -90.499488830566406, 30.255113601684609 ], [ -90.501358032226562, 30.251796722412092 ], [ -90.507736206054688, 30.241430282592738 ], [ -90.516563415527344, 30.227266311645504 ], [ -90.520072937011719, 30.222309112548803 ], [ -90.525253295898438, 30.216007232666044 ], [ -90.529815673828125, 30.211193084716779 ], [ -90.53936767578125, 30.203004837036161 ], [ -90.543907165527344, 30.200059890747056 ], [ -90.548446655273438, 30.197561264038132 ], [ -90.551750183105483, 30.195915222168001 ], [ -90.55682373046875, 30.19388580322266 ], [ -90.56170654296875, 30.193040847778359 ], [ -90.566749572753906, 30.192945480346708 ], [ -90.569976806640625, 30.19346618652342 ], [ -90.572227478027344, 30.193828582763686 ], [ -90.577796936035156, 30.195388793945312 ], [ -90.581390380859375, 30.197446823120128 ], [ -90.583267211914062, 30.198883056640632 ], [ -90.585617065429702, 30.201217651367173 ], [ -90.591934204101562, 30.208127975463871 ], [ -90.5963134765625, 30.213956832885746 ], [ -90.59814453125, 30.215593338012642 ], [ -90.599617004394531, 30.216543197631847 ], [ -90.601661682128906, 30.216989517211903 ], [ -90.604904174804688, 30.216690063476545 ], [ -90.60870361328125, 30.214468002319343 ], [ -90.609565734863295, 30.2140998840332 ], [ -90.611457824707031, 30.213817596435529 ], [ -90.613494873046875, 30.214393615722674 ], [ -90.616363525390625, 30.218051910400401 ], [ -90.617660522460938, 30.218856811523452 ], [ -90.629257202148438, 30.220232009887674 ], [ -90.632400512695312, 30.220954895019567 ], [ -90.633781433105469, 30.221612930297834 ], [ -90.634346008300781, 30.222402572631847 ], [ -90.635139465332031, 30.226860046386733 ], [ -90.637817382812514, 30.227891921997063 ], [ -90.642478942871094, 30.228551864624016 ], [ -90.646614074707031, 30.232295989990199 ], [ -90.647781372070312, 30.232498168945323 ], [ -90.649200439453125, 30.23209953308104 ], [ -90.653892517089844, 30.227703094482425 ], [ -90.654411315917969, 30.227420806884769 ], [ -90.658660888671875, 30.226594924926786 ], [ -90.660331726074219, 30.225334167480458 ], [ -90.66351318359375, 30.218774795532248 ], [ -90.663375854492188, 30.217035293579094 ], [ -90.662055969238281, 30.215171813964844 ], [ -90.661712646484375, 30.214252471923817 ], [ -90.661712646484375, 30.212871551513697 ], [ -90.6622314453125, 30.211925506591797 ], [ -90.66339111328125, 30.211803436279308 ], [ -90.666244506835938, 30.214532852172876 ], [ -90.667808532714844, 30.215103149414073 ], [ -90.668663024902344, 30.215152740478555 ], [ -90.670181274414062, 30.214721679687468 ], [ -90.674179077148438, 30.212013244628903 ], [ -90.677589416503906, 30.208690643310561 ], [ -90.678642272949219, 30.207334518432603 ], [ -90.678878784179688, 30.206493377685522 ], [ -90.678390502929688, 30.205104827880856 ], [ -90.675651550292969, 30.202030181884801 ], [ -90.673858642578139, 30.199413299560572 ], [ -90.673286437988281, 30.19841384887695 ], [ -90.673316955566406, 30.197315216064418 ], [ -90.673629760742188, 30.196805953979457 ], [ -90.675987243652344, 30.196392059326207 ], [ -90.676612854003906, 30.19618225097658 ], [ -90.677200317382812, 30.195655822753913 ], [ -90.677581787109375, 30.19433212280277 ], [ -90.67730712890625, 30.193338394165021 ], [ -90.677543640136719, 30.191795349121094 ], [ -90.6781005859375, 30.191301345825192 ], [ -90.680831909179688, 30.190048217773416 ], [ -90.681396484375, 30.189596176147475 ], [ -90.681869506835938, 30.188867568969762 ], [ -90.682296752929688, 30.186969757080096 ], [ -90.68218994140625, 30.184207916259759 ], [ -90.683303833007827, 30.182075500488324 ], [ -90.684883117675781, 30.18038558959967 ], [ -90.689727783203125, 30.176391601562539 ], [ -90.692375183105469, 30.175241470336925 ], [ -90.694053649902344, 30.174869537353526 ], [ -90.69537353515625, 30.175724029541023 ], [ -90.697975158691406, 30.175687789917021 ], [ -90.698951721191406, 30.176092147827191 ], [ -90.699325561523438, 30.176544189453121 ], [ -90.699806213378906, 30.17867660522462 ], [ -90.701446533203125, 30.179899215698196 ], [ -90.701957702636719, 30.181297302246065 ], [ -90.702072143554688, 30.182775497436499 ], [ -90.703178405761719, 30.185607910156243 ], [ -90.704010009765625, 30.186519622802688 ], [ -90.70526123046875, 30.186857223510746 ], [ -90.707191467285156, 30.186605453491236 ], [ -90.707916259765625, 30.186000823974606 ], [ -90.708137512207031, 30.184270858764648 ], [ -90.708396911621094, 30.184068679809574 ], [ -90.709449768066406, 30.184076309204109 ], [ -90.712303161621094, 30.1850070953369 ], [ -90.714279174804688, 30.186063766479492 ], [ -90.715690612792969, 30.1861763000488 ], [ -90.715927124023438, 30.18726539611815 ], [ -90.717582702636719, 30.188016891479482 ], [ -90.718070983886719, 30.189306259155249 ], [ -90.719345092773452, 30.189588546752972 ], [ -90.718765258789062, 30.192472457885739 ], [ -90.719329833984375, 30.193981170654286 ], [ -90.718879699707031, 30.195547103881832 ], [ -90.719161987304688, 30.196008682250973 ], [ -90.719001770019531, 30.197664260864247 ], [ -90.71942138671875, 30.198310852050774 ], [ -90.721214294433594, 30.19930267333983 ], [ -90.722381591796875, 30.200382232666016 ], [ -90.722526550292969, 30.202280044555678 ], [ -90.723014831542969, 30.203208923339869 ], [ -90.722526550292969, 30.204372406005835 ], [ -90.722541809082031, 30.206317901611353 ], [ -90.724121093750014, 30.207382202148438 ], [ -90.724800109863281, 30.20843887329104 ], [ -90.725173950195312, 30.209705352783203 ], [ -90.72686767578125, 30.211051940918018 ], [ -90.728004455566406, 30.211164474487255 ], [ -90.729270935058594, 30.212051391601637 ], [ -90.731338500976562, 30.212106704711893 ], [ -90.732589721679688, 30.211215972900405 ], [ -90.734321594238281, 30.211681365966786 ], [ -90.735153198242188, 30.212198257446264 ], [ -90.735313415527344, 30.212860107421836 ], [ -90.734870910644531, 30.21483802795413 ], [ -90.734443664550781, 30.215209960937514 ], [ -90.732124328613281, 30.216030120849595 ], [ -90.731735229492188, 30.218347549438466 ], [ -90.731010437011719, 30.219881057739272 ], [ -90.731101989746094, 30.220697402954094 ], [ -90.733436584472656, 30.222221374511694 ], [ -90.734329223632812, 30.22251129150392 ], [ -90.734565734863281, 30.22307586669919 ], [ -90.734138488769531, 30.22402191162109 ], [ -90.734588623046875, 30.224449157714812 ], [ -90.735191345214844, 30.224569320678665 ], [ -90.7359619140625, 30.22389793395994 ], [ -90.736770629882812, 30.224140167236317 ], [ -90.73825836181642, 30.226665496826186 ], [ -90.741043090820312, 30.228963851928683 ], [ -90.741943359375, 30.231006622314432 ], [ -90.741500854492188, 30.23520469665527 ], [ -90.741851806640639, 30.235822677612344 ], [ -90.742401123046875, 30.235868453979489 ], [ -90.743240356445312, 30.234973907470764 ], [ -90.743667602539062, 30.235042572021435 ], [ -90.744293212890625, 30.235637664794918 ], [ -90.744987487792969, 30.235912322998065 ], [ -90.745674133300781, 30.237356185913075 ], [ -90.746696472167969, 30.236965179443381 ], [ -90.747177124023438, 30.237056732177695 ], [ -90.748016357421875, 30.238773345947244 ], [ -90.748809814453125, 30.239416122436523 ], [ -90.748626708984375, 30.240676879882791 ], [ -90.748970031738281, 30.241226196289073 ], [ -90.750457763671889, 30.240924835205082 ], [ -90.750762939453125, 30.241130828857376 ], [ -90.751289367675781, 30.241083145141619 ], [ -90.752685546875, 30.240444183349595 ], [ -90.753768920898438, 30.240741729736325 ], [ -90.754241943359375, 30.240489959716793 ], [ -90.755218505859375, 30.240467071533235 ], [ -90.7562255859375, 30.240812301635753 ], [ -90.757698059082031, 30.240743637084989 ], [ -90.75830078125, 30.240148544311541 ], [ -90.759384155273438, 30.239692687988313 ], [ -90.76025390625, 30.239004135131822 ], [ -90.761947631835952, 30.238868713378896 ], [ -90.762611389160156, 30.239141464233445 ], [ -90.763580322265625, 30.239028930664041 ], [ -90.764610290527344, 30.239236831665039 ], [ -90.766754150390625, 30.23903083801271 ], [ -90.767646789550781, 30.239557266235327 ], [ -90.767303466796875, 30.240474700927688 ], [ -90.76806640625, 30.24161911010745 ], [ -90.769142150878906, 30.241367340087933 ], [ -90.770278930664062, 30.242467880249002 ], [ -90.770149230957031, 30.24304008483886 ], [ -90.770545959472656, 30.244001388549794 ], [ -90.771705627441406, 30.244003295898441 ], [ -90.772918701171875, 30.244483947753917 ], [ -90.774208068847656, 30.246913909912145 ], [ -90.775077819824219, 30.247875213623072 ], [ -90.774421691894531, 30.249435424804712 ], [ -90.773933410644545, 30.250261306762702 ], [ -90.773773193359375, 30.251113891601562 ], [ -90.773788452148438, 30.251388549804684 ], [ -90.774314880371094, 30.25178337097169 ], [ -90.776512145996094, 30.252353668212884 ], [ -90.777740478515625, 30.253030776977553 ], [ -90.779930114746094, 30.253286361694304 ], [ -90.781028747558594, 30.25438117980957 ], [ -90.783157348632812, 30.254619598388675 ], [ -90.787117004394531, 30.256681442260753 ], [ -90.78680419921875, 30.257530212402369 ], [ -90.786956787109375, 30.257982254028306 ], [ -90.790443420410156, 30.262363433837894 ], [ -90.791023254394531, 30.263715744018572 ], [ -90.791152954101562, 30.265525817871097 ], [ -90.790969848632812, 30.266235351562504 ], [ -90.788108825683594, 30.268411636352528 ], [ -90.786163330078125, 30.271709442138654 ], [ -90.7847900390625, 30.273246765136705 ], [ -90.783210754394531, 30.274276733398448 ], [ -90.782020568847656, 30.274648666381839 ], [ -90.7823486328125, 30.275609970092773 ], [ -90.784164428710938, 30.276575088500987 ], [ -90.785148620605469, 30.277631759643523 ], [ -90.785140991210938, 30.27851104736331 ], [ -90.784210205078125, 30.279506683349684 ], [ -90.784599304199219, 30.280071258544975 ], [ -90.787689208984375, 30.280794143676797 ], [ -90.789985656738281, 30.280805587768594 ], [ -90.792839050292969, 30.280275344848633 ], [ -90.79392242431642, 30.280672073364229 ], [ -90.794952392578125, 30.281717300415039 ], [ -90.796707153320312, 30.284227371215778 ], [ -90.798080444335938, 30.284532546997035 ], [ -90.798683166503906, 30.283819198608342 ], [ -90.7987060546875, 30.28312683105467 ], [ -90.797927856445312, 30.281084060668977 ], [ -90.797897338867188, 30.280050277709968 ], [ -90.798530578613281, 30.279266357421839 ], [ -90.804031372070312, 30.278078079223604 ], [ -90.805900573730469, 30.2772102355957 ], [ -90.807449340820312, 30.275642395019524 ], [ -90.808631896972656, 30.275203704833984 ], [ -90.810813903808594, 30.275505065917962 ], [ -90.812629699707031, 30.278709411621072 ], [ -90.813880920410156, 30.28297996520995 ], [ -90.816314697265625, 30.28669738769532 ], [ -90.816421508789062, 30.287471771240263 ], [ -90.816192626953139, 30.28795814514158 ], [ -90.81522369384767, 30.289146423339844 ], [ -90.813697814941406, 30.290271759033175 ], [ -90.81317138671875, 30.291225433349631 ], [ -90.813217163085938, 30.291782379150408 ], [ -90.813522338867188, 30.292226791381864 ], [ -90.813949584960938, 30.292354583740252 ], [ -90.816925048828125, 30.291225433349631 ], [ -90.818397521972656, 30.291215896606449 ], [ -90.821212768554688, 30.292211532592805 ], [ -90.823951721191406, 30.292497634887688 ], [ -90.824798583984389, 30.292924880981456 ], [ -90.825210571289062, 30.293474197387706 ], [ -90.826148986816406, 30.29636955261229 ], [ -90.825859069824219, 30.298156738281232 ], [ -90.825202941894531, 30.299182891845703 ], [ -90.824668884277344, 30.299442291259759 ], [ -90.822830200195312, 30.299549102783207 ], [ -90.82257080078125, 30.299776077270497 ], [ -90.822593688964844, 30.300413131713864 ], [ -90.82342529296875, 30.301204681396477 ], [ -90.8248291015625, 30.301807403564425 ], [ -90.825408935546875, 30.302726745605508 ], [ -90.827873229980469, 30.310426712036111 ], [ -90.82879638671875, 30.311910629272436 ], [ -90.829727172851562, 30.312343597412102 ], [ -90.829910278320312, 30.313095092773398 ], [ -90.829544067382812, 30.314720153808587 ], [ -90.828887939453125, 30.315801620483374 ], [ -90.828926086425781, 30.317232131958008 ], [ -90.829170227050781, 30.317636489868185 ], [ -90.830657958984375, 30.318431854248061 ], [ -90.835800170898438, 30.318422317504904 ], [ -90.838111877441406, 30.317867279052706 ], [ -90.838661193847656, 30.317987442016602 ], [ -90.839607238769531, 30.318809509277344 ], [ -90.839889526367188, 30.319463729858434 ], [ -90.839912414550781, 30.320974349975579 ], [ -90.839576721191406, 30.322669982910174 ], [ -90.839134216308594, 30.323520660400408 ], [ -90.836814880371094, 30.324411392211928 ], [ -90.836418151855483, 30.325002670288068 ], [ -90.836883544921875, 30.325799942016591 ], [ -90.83988189697267, 30.326604843139638 ], [ -90.842948913574219, 30.328243255615259 ], [ -90.845420837402344, 30.327753067016545 ], [ -90.848297119140625, 30.328590393066349 ], [ -90.850494384765625, 30.330038070678707 ], [ -90.851730346679688, 30.331714630126942 ], [ -90.8533935546875, 30.334596633911119 ], [ -90.853866577148438, 30.334650039672844 ], [ -90.854560852050781, 30.334196090698267 ], [ -90.855026245117188, 30.334196090698246 ], [ -90.855598449707031, 30.334550857543913 ], [ -90.857215881347656, 30.336872100830071 ], [ -90.859474182128906, 30.338821411132809 ], [ -90.859672546386719, 30.339370727539059 ], [ -90.859512329101562, 30.339622497558558 ], [ -90.85693359375, 30.34041023254391 ], [ -90.856742858886719, 30.340742111206055 ], [ -90.858413696289062, 30.343572616577163 ], [ -90.85906982421875, 30.34369277954103 ], [ -90.861526489257812, 30.341596603393576 ], [ -90.863357543945327, 30.340387344360366 ], [ -90.864410400390625, 30.340143203735387 ], [ -90.866142272949219, 30.340593338012685 ], [ -90.866622924804688, 30.342224121093714 ], [ -90.867042541503906, 30.342439651489233 ], [ -90.870529174804688, 30.341503143310582 ], [ -90.871231079101562, 30.341501235961907 ], [ -90.871559143066406, 30.341703414916978 ], [ -90.871627807617188, 30.342107772827163 ], [ -90.870857238769531, 30.343433380126953 ], [ -90.870895385742188, 30.343788146972642 ], [ -90.87127685546875, 30.344263076782209 ], [ -90.872550964355469, 30.344844818115259 ], [ -90.873588562011719, 30.344865798950185 ], [ -90.873992919921875, 30.34465408325191 ], [ -90.874557495117188, 30.343780517578086 ], [ -90.8753662109375, 30.343055725097642 ], [ -90.875770568847656, 30.343050003051744 ], [ -90.876991271972656, 30.343965530395526 ], [ -90.8779296875, 30.344326019287141 ], [ -90.879707336425781, 30.34442329406745 ], [ -90.881141662597656, 30.344921112060561 ], [ -90.881553649902344, 30.344852447509826 ], [ -90.882057189941406, 30.344490051269563 ], [ -90.882438659667969, 30.342926025390611 ], [ -90.883163452148438, 30.342454910278359 ], [ -90.883995056152344, 30.342958450317358 ], [ -90.884628295898438, 30.344743728637717 ], [ -90.885566711425781, 30.346071243286129 ], [ -90.886184692382812, 30.346235275268565 ], [ -90.886894226074219, 30.346109390258828 ], [ -90.889152526855469, 30.344167709350589 ], [ -90.890342712402344, 30.343801498413089 ], [ -90.891632080078125, 30.345052719116204 ], [ -90.894836425781264, 30.345590591430682 ], [ -90.895423889160156, 30.345384597778331 ], [ -90.89678955078125, 30.343942642211918 ], [ -90.898674011230469, 30.34337043762206 ], [ -90.900154113769531, 30.342294692993182 ], [ -90.902580261230469, 30.342592239379872 ], [ -90.9029541015625, 30.342340469360355 ], [ -90.903457641601562, 30.34107971191407 ], [ -90.904190063476562, 30.340438842773473 ], [ -90.904716491699219, 30.340438842773473 ], [ -90.906143188476562, 30.341630935668949 ], [ -90.906890869140625, 30.341585159301754 ], [ -90.908180236816406, 30.341058731079137 ], [ -90.909790039062514, 30.339591979980511 ], [ -90.910606384277344, 30.339250564575199 ], [ -90.912353515625, 30.3404865264893 ], [ -90.914314270019531, 30.340143203735341 ], [ -90.916549682617188, 30.340328216552734 ], [ -90.91721343994142, 30.340625762939432 ], [ -90.91729736328125, 30.341129302978512 ], [ -90.916816711425781, 30.342227935791048 ], [ -90.916893005371094, 30.343053817749073 ], [ -90.917747497558594, 30.344406127929684 ], [ -90.918769836425781, 30.345346450805703 ], [ -90.920066833496094, 30.345460891723636 ], [ -90.920753479003906, 30.345254898071261 ], [ -90.922836303710938, 30.344497680664073 ], [ -90.923637390136719, 30.343835830688494 ], [ -90.92431640625, 30.343467712402369 ], [ -90.927330017089844, 30.34310150146483 ], [ -90.928543090820312, 30.341428756713874 ], [ -90.929336547851562, 30.340993881225582 ], [ -90.929817199707031, 30.341085433959982 ], [ -90.930473327636719, 30.342300415039048 ], [ -90.930999755859375, 30.342643737792983 ], [ -90.931587219238295, 30.342483520507816 ], [ -90.932876586914062, 30.341360092163082 ], [ -90.935600280761719, 30.341543197631832 ], [ -90.939056396484375, 30.340032577514702 ], [ -90.9410400390625, 30.34087944030761 ], [ -90.9420166015625, 30.341039657592781 ], [ -90.943572998046875, 30.340833663940455 ], [ -90.944343566894531, 30.34147644042968 ], [ -90.945289611816406, 30.343034744262717 ], [ -90.945686340332031, 30.343170166015621 ], [ -90.946273803710938, 30.34312629699707 ], [ -90.947479248046875, 30.342552185058601 ], [ -90.948387145996094, 30.342758178710959 ], [ -90.948593139648438, 30.343467712402376 ], [ -90.948280334472656, 30.344362258911143 ], [ -90.948692321777344, 30.345096588134776 ], [ -90.950332641601562, 30.34440803527832 ], [ -90.952812194824219, 30.345643997192358 ], [ -90.953376770019531, 30.345643997192358 ], [ -90.954963684082031, 30.344911575317354 ], [ -90.956565856933594, 30.345346450805703 ], [ -90.959053039550781, 30.344911575317351 ], [ -90.960609436035156, 30.345506668090859 ], [ -90.962142944335938, 30.345161437988295 ], [ -90.962882995605469, 30.345575332641598 ], [ -90.963516235351562, 30.346513748168917 ], [ -90.96417236328125, 30.346744537353526 ], [ -90.96502685546875, 30.346673965454112 ], [ -90.966400146484375, 30.345985412597663 ], [ -90.967948913574219, 30.345573425292969 ], [ -90.970016479492202, 30.345779418945352 ], [ -90.973587036132812, 30.346742630004844 ], [ -90.974563598632812, 30.346696853637674 ], [ -90.975563049316406, 30.345848083496065 ], [ -90.975906372070312, 30.34442520141603 ], [ -90.976272583007812, 30.344083786010703 ], [ -90.978172302246094, 30.343740463256879 ], [ -90.980606079101562, 30.344127655029279 ], [ -90.981643676757812, 30.344127655029279 ], [ -90.982696533203125, 30.343822479248086 ], [ -90.983695983886719, 30.343622207641634 ], [ -90.984199523925781, 30.343828201293945 ], [ -90.98541259765625, 30.345087051391619 ], [ -90.986732482910156, 30.345453262329084 ], [ -90.98736572265625, 30.345041275024489 ], [ -90.987770080566406, 30.343667984008796 ], [ -90.988426208496094, 30.342979431152322 ], [ -90.990409851074219, 30.342611312866186 ], [ -90.992584228515625, 30.342561721801715 ], [ -90.99407958984375, 30.342243194580092 ], [ -90.99462890625, 30.341533660888686 ], [ -90.997108459472656, 30.341350555419918 ], [ -90.997802734375, 30.3409824371338 ], [ -90.998039245605469, 30.339838027954102 ], [ -90.998878479003906, 30.338233947753903 ], [ -91.0010986328125, 30.336093902587915 ], [ -91.001998901367188, 30.33599662780761 ], [ -91.003906250000014, 30.336782455444329 ], [ -91.007705688476562, 30.337699890136705 ], [ -91.008255004882812, 30.337371826171871 ], [ -91.009109497070312, 30.335960388183601 ], [ -91.012199401855469, 30.335500717163068 ], [ -91.014114379882812, 30.334613800048803 ], [ -91.014602661132812, 30.333999633789062 ], [ -91.0146484375, 30.333183288574244 ], [ -91.013900756835938, 30.331399917602532 ], [ -91.013534545898438, 30.330791473388683 ], [ -91.013603210449219, 30.330200195312504 ], [ -91.016304016113281, 30.327999114990288 ], [ -91.016998291015625, 30.32609939575195 ], [ -91.017562866210938, 30.325851440429691 ], [ -91.018875122070312, 30.324104309082053 ], [ -91.019500732421875, 30.323699951171871 ], [ -91.020721435546875, 30.323509216308572 ], [ -91.022216796875014, 30.323444366455121 ], [ -91.024734497070327, 30.32378387451174 ], [ -91.027069091796875, 30.324554443359382 ], [ -91.02935791015625, 30.325023651123065 ], [ -91.033920288085938, 30.327705383300781 ], [ -91.035331726074219, 30.328176498413086 ], [ -91.036201477050781, 30.329200744628906 ], [ -91.038986206054688, 30.330043792724585 ], [ -91.041549682617188, 30.331497192382784 ], [ -91.043289184570312, 30.331851959228512 ], [ -91.04461669921875, 30.332620620727511 ], [ -91.048797607421875, 30.333969116210913 ], [ -91.049102783203125, 30.334199905395529 ], [ -91.049400329589844, 30.335599899291989 ], [ -91.052963256835938, 30.336009979248047 ], [ -91.054580688476562, 30.336980819702159 ], [ -91.056488037109375, 30.337135314941435 ], [ -91.058135986328125, 30.337688446044908 ], [ -91.060943603515625, 30.339044570922905 ], [ -91.062530517578125, 30.340171813964893 ], [ -91.065315246582045, 30.341411590576147 ], [ -91.07196044921875, 30.343429565429691 ], [ -91.074981689453125, 30.345855712890611 ], [ -91.0791015625, 30.347200393676754 ], [ -91.08001708984375, 30.347698211669936 ], [ -91.081527709960938, 30.349449157714844 ], [ -91.083602905273438, 30.34980010986326 ], [ -91.08746337890625, 30.350498199462912 ], [ -91.08880615234375, 30.350997924804673 ], [ -91.091278076171875, 30.352880477905277 ], [ -91.09564208984375, 30.354858398437479 ], [ -91.097930908203125, 30.354032516479489 ], [ -91.098159790039062, 30.352775573730497 ], [ -91.0985107421875, 30.352544784545927 ], [ -91.099319458007812, 30.352539062500007 ], [ -91.100662231445312, 30.352947235107447 ], [ -91.104034423828125, 30.355163574218675 ], [ -91.105453491210938, 30.35541915893559 ], [ -91.108856201171875, 30.359062194824229 ], [ -91.110061645507812, 30.358879089355447 ], [ -91.110733032226562, 30.35901451110837 ], [ -91.111747741699233, 30.359729766845721 ], [ -91.113784790039062, 30.359962463378952 ], [ -91.115501403808594, 30.361200332641562 ], [ -91.114601135253906, 30.363500595092759 ], [ -91.109901428222656, 30.370800018310536 ], [ -91.114501953125014, 30.372699737548825 ], [ -91.112106323242188, 30.376800537109403 ], [ -91.108901977539062, 30.376499176025426 ], [ -91.110504150390625, 30.374099731445352 ], [ -91.105400085449233, 30.371900558471676 ], [ -91.10015869140625, 30.380874633789038 ], [ -91.103302001953125, 30.385900497436495 ], [ -91.099502563476562, 30.392000198364286 ], [ -91.108306884765625, 30.397199630737298 ], [ -91.103523254394531, 30.404619216918974 ], [ -91.103401184082031, 30.404800415039102 ], [ -91.103492736816406, 30.404809951782262 ], [ -91.113998413085938, 30.405899047851555 ], [ -91.118598937988281, 30.409900665283217 ], [ -91.122100830078125, 30.415599822998075 ], [ -91.124137878417969, 30.420551300048803 ], [ -91.124198913574219, 30.420700073242173 ], [ -91.137092590332031, 30.422443389892578 ], [ -91.139305114746094, 30.422700881958047 ], [ -91.1383056640625, 30.42429924011234 ], [ -91.137001037597656, 30.426500320434599 ], [ -91.137802124023438, 30.427099227905266 ], [ -91.139396667480469, 30.427299499511715 ], [ -91.145904541015625, 30.427099227905266 ], [ -91.151016235351577, 30.426937103271442 ], [ -91.150596618652344, 30.42659950256348 ], [ -91.150199890136719, 30.425399780273434 ], [ -91.15030670166017, 30.424699783325202 ], [ -91.151603698730469, 30.422399520874063 ], [ -91.1427001953125, 30.417200088500959 ], [ -91.141799926757812, 30.416900634765589 ], [ -91.131599426269531, 30.410800933837887 ], [ -91.131706237792969, 30.410499572753892 ], [ -91.12860107421875, 30.405099868774442 ], [ -91.129203796386719, 30.4015998840332 ], [ -91.12890625, 30.400299072265636 ], [ -91.124603271484375, 30.398399353027337 ], [ -91.125503540039062, 30.395799636840824 ], [ -91.124504089355469, 30.395399093627919 ], [ -91.122200012207031, 30.395099639892607 ], [ -91.122100830078125, 30.39489936828619 ], [ -91.120506286621108, 30.394599914550792 ], [ -91.118705749511719, 30.392700195312475 ], [ -91.117202758789062, 30.389999389648445 ], [ -91.11631011962892, 30.388967514038089 ], [ -91.126907348632812, 30.371299743652326 ], [ -91.127471923828125, 30.370237350463814 ], [ -91.138198852539062, 30.37560081481935 ], [ -91.139381408691406, 30.376493453979514 ], [ -91.151130676269531, 30.385341644287092 ], [ -91.15460205078125, 30.387899398803668 ], [ -91.156501770019531, 30.390199661254886 ], [ -91.160400390625, 30.391700744628928 ], [ -91.160858154296875, 30.39192962646483 ], [ -91.172500610351562, 30.401199340820277 ], [ -91.174102783203125, 30.39979934692381 ], [ -91.177597045898438, 30.395999908447244 ], [ -91.174797058105469, 30.392299652099627 ], [ -91.165786743164062, 30.391883850097663 ], [ -91.170402526855469, 30.386199951171868 ], [ -91.171638488769531, 30.384006500244141 ], [ -91.19101715087892, 30.385667800903313 ], [ -91.191925048828125, 30.381057739257827 ], [ -91.192626953125, 30.375648498535153 ], [ -91.199226379394531, 30.375957489013654 ], [ -91.198066711425781, 30.381719589233416 ], [ -91.203590393066406, 30.382282257080078 ], [ -91.199806213378906, 30.386455535888665 ], [ -91.221710205078125, 30.387071609497067 ], [ -91.220611572265625, 30.38813400268554 ], [ -91.21514892578125, 30.393817901611367 ], [ -91.21270751953125, 30.396900177001957 ], [ -91.208000183105469, 30.40349960327146 ], [ -91.205596923828125, 30.407800674438452 ], [ -91.19970703125, 30.418899536132859 ], [ -91.198951721191406, 30.422088623046868 ], [ -91.193000793457031, 30.421800613403317 ], [ -91.187400817871094, 30.422000885009794 ], [ -91.185600280761719, 30.422000885009794 ], [ -91.185600280761719, 30.421400070190458 ], [ -91.183998107910156, 30.421400070190426 ], [ -91.183998107910156, 30.422000885009794 ], [ -91.178306579589844, 30.422199249267546 ], [ -91.178001403808594, 30.421499252319371 ], [ -91.176399230957031, 30.421600341796871 ], [ -91.176200866699219, 30.421400070190458 ], [ -91.175003051757812, 30.421300888061531 ], [ -91.175003051757812, 30.421621322631847 ], [ -91.17474365234375, 30.423511505126942 ], [ -91.17340087890625, 30.423599243164052 ], [ -91.17340087890625, 30.424900054931623 ], [ -91.171501159667983, 30.424999237060593 ], [ -91.17120361328125, 30.427999496459972 ], [ -91.171401977539062, 30.428699493408207 ], [ -91.168304443359375, 30.426700592041026 ], [ -91.168403625488281, 30.428699493408207 ], [ -91.169197082519531, 30.431100845336921 ], [ -91.168907165527344, 30.432399749755817 ], [ -91.168304443359375, 30.433300018310547 ], [ -91.168701171875, 30.43840026855467 ], [ -91.170196533203125, 30.438299179077131 ], [ -91.170196533203125, 30.439599990844719 ], [ -91.17010498046875, 30.440000534057592 ], [ -91.170196533203125, 30.443500518798828 ], [ -91.166702270507827, 30.443599700927756 ], [ -91.165603637695312, 30.443599700927788 ], [ -91.162200927734375, 30.44370079040527 ], [ -91.154106140136719, 30.443899154663097 ], [ -91.142997741699219, 30.444200515747049 ], [ -91.1383056640625, 30.444299697876001 ], [ -91.138900756835938, 30.45059967041017 ], [ -91.127197265625014, 30.451099395751935 ], [ -91.122703552246094, 30.451200485229496 ], [ -91.111900329589844, 30.451599121093782 ], [ -91.102302551269545, 30.451999664306673 ], [ -91.095802307128906, 30.452800750732425 ], [ -91.108901977539062, 30.471200942993114 ], [ -91.112602233886719, 30.476400375366229 ], [ -91.115104675292983, 30.479900360107443 ], [ -91.118705749511719, 30.484899520873984 ], [ -91.117706298828125, 30.485052108764673 ], [ -91.117729187011719, 30.486278533935543 ], [ -91.116279602050781, 30.48624229431152 ], [ -91.116279602050781, 30.486684799194329 ], [ -91.11444091796875, 30.48668670654299 ], [ -91.113594055175781, 30.485652923583967 ], [ -91.107505798339844, 30.486299514770476 ], [ -91.106292724609375, 30.48594474792479 ], [ -91.104766845703125, 30.48594474792479 ], [ -91.102500915527344, 30.486999511718771 ], [ -91.100753784179702, 30.487058639526381 ], [ -91.10076904296875, 30.481697082519521 ], [ -91.101097106933608, 30.481700897216758 ], [ -91.101097106933608, 30.480426788330092 ], [ -91.089401245117188, 30.483499526977511 ], [ -91.088104248046875, 30.492500305175767 ], [ -91.087997436523438, 30.496299743652312 ], [ -91.087600708007812, 30.498800277709929 ], [ -91.086700439453125, 30.50230026245119 ], [ -91.085906982421889, 30.503000259399403 ], [ -91.084907531738281, 30.503999710083026 ], [ -91.081901550292969, 30.506500244140579 ], [ -91.080703735351562, 30.508899688720696 ], [ -91.079002380371094, 30.511400222778313 ], [ -91.073799133300781, 30.513200759887667 ], [ -91.074691772460938, 30.51428413391114 ], [ -91.076507568359375, 30.51584243774413 ], [ -91.077766418457031, 30.516254425048832 ], [ -91.078544616699219, 30.517110824584964 ], [ -91.081222534179688, 30.517496109008807 ], [ -91.083900451660156, 30.51729965209962 ], [ -91.085899353027344, 30.519428253173839 ], [ -91.087295532226562, 30.520301818847631 ], [ -91.088127136230469, 30.521858215332035 ], [ -91.089653015136719, 30.522325515747109 ], [ -91.090965270996094, 30.524967193603505 ], [ -91.094856262207031, 30.526437759399442 ], [ -91.0950927734375, 30.52668952941897 ], [ -91.094902038574219, 30.528358459472674 ], [ -91.093803405761733, 30.530399322509773 ], [ -91.10260009765625, 30.530399322509794 ], [ -91.108001708984375, 30.529100418090842 ], [ -91.110000610351562, 30.528499603271516 ], [ -91.110557556152344, 30.529306411743139 ], [ -91.109954833984375, 30.530019760131825 ], [ -91.110023498535156, 30.530584335327099 ], [ -91.110321044921875, 30.530797958374006 ], [ -91.111511230468764, 30.530843734741211 ], [ -91.112144470214844, 30.532321929931623 ], [ -91.11383056640625, 30.532934188842788 ], [ -91.114242553710938, 30.533401489257809 ], [ -91.114425659179688, 30.53452873229979 ], [ -91.115097045898438, 30.535694122314439 ], [ -91.115798950195312, 30.535659790039059 ], [ -91.116447448730469, 30.534656524658185 ], [ -91.117599487304688, 30.534526824951165 ], [ -91.118621826171875, 30.535055160522464 ], [ -91.119621276855469, 30.536243438720721 ], [ -91.123840332031264, 30.536270141601538 ], [ -91.123825073242188, 30.536947250366207 ], [ -91.123092651367188, 30.53746795654294 ], [ -91.123451232910156, 30.537916183471683 ], [ -91.123672485351562, 30.538072586059563 ], [ -91.124893188476562, 30.538002014160124 ], [ -91.125160217285156, 30.53831481933593 ], [ -91.12506103515625, 30.538934707641577 ], [ -91.125770568847656, 30.538782119750994 ], [ -91.12615966796875, 30.539154052734396 ], [ -91.126289367675781, 30.540647506713878 ], [ -91.126609802246094, 30.540786743164062 ], [ -91.127761840820312, 30.540250778198221 ], [ -91.128517150878906, 30.540777206420877 ], [ -91.12896728515625, 30.541749954223683 ], [ -91.131935119628906, 30.541727066040011 ], [ -91.133201599121094, 30.540882110595682 ], [ -91.133888244628906, 30.541059494018604 ], [ -91.134330749511719, 30.541915893554719 ], [ -91.137336730957031, 30.541954040527326 ], [ -91.1383056640625, 30.542200088501012 ], [ -91.133384704589844, 30.558303833007844 ], [ -91.133033752441406, 30.558307647705089 ], [ -91.1329345703125, 30.558612823486303 ], [ -91.121002197265625, 30.559099197387717 ], [ -91.118797302246094, 30.559099197387713 ], [ -91.115402221679688, 30.560600280761697 ], [ -91.108306884765625, 30.560800552368143 ], [ -91.108100891113281, 30.564599990844751 ], [ -91.106796264648438, 30.568599700927717 ], [ -91.105506896972656, 30.57469940185549 ], [ -91.1134033203125, 30.575300216674776 ], [ -91.117301940917969, 30.579099655151378 ], [ -91.121101379394531, 30.579200744628903 ], [ -91.122383117675781, 30.579414367675803 ], [ -91.12347412109375, 30.579385757446303 ], [ -91.124618530273438, 30.579477310180657 ], [ -91.124542236328125, 30.57976722717283 ], [ -91.124168395996094, 30.581239700317372 ], [ -91.125289916992188, 30.581548690795898 ], [ -91.125038146972656, 30.582172393798825 ], [ -91.126022338867188, 30.582386016845707 ], [ -91.125503540039062, 30.584899902343757 ], [ -91.126602172851562, 30.580200195312472 ], [ -91.140907287597656, 30.586399078369119 ], [ -91.149597167968764, 30.586700439453168 ], [ -91.155403137207031, 30.587600708007852 ], [ -91.162200927734375, 30.587499618530256 ], [ -91.168197631835938, 30.588100433349613 ], [ -91.170799255371094, 30.575300216674776 ], [ -91.170822143554688, 30.575168609619126 ], [ -91.171035766601562, 30.57522201538082 ], [ -91.171684265136719, 30.575389862060518 ], [ -91.171897888183594, 30.574075698852532 ], [ -91.175338745117188, 30.574129104614286 ], [ -91.175056457519531, 30.575342178344698 ], [ -91.176841735839844, 30.575250625610369 ], [ -91.176895141601562, 30.575670242309595 ], [ -91.183448791503906, 30.575799942016644 ], [ -91.180999755859375, 30.588899612426744 ], [ -91.185302734375, 30.589399337768572 ], [ -91.185203552246094, 30.589836120605455 ], [ -91.185104370117188, 30.590299606323246 ], [ -91.186302185058594, 30.590400695800771 ], [ -91.1864013671875, 30.589500427246129 ], [ -91.186996459960938, 30.589500427246129 ], [ -91.18430328369142, 30.605600357055643 ], [ -91.180900573730469, 30.605300903320316 ], [ -91.175605773925781, 30.605209350585923 ], [ -91.175575256347656, 30.601629257202127 ], [ -91.172622680664062, 30.601127624511722 ], [ -91.171836853027344, 30.599830627441399 ], [ -91.170501708984375, 30.599685668945291 ], [ -91.169914245605469, 30.600204467773423 ], [ -91.169609069824219, 30.5999450683594 ], [ -91.169731140136719, 30.599533081054702 ], [ -91.17041015625, 30.598293304443352 ], [ -91.171600341796875, 30.596099853515657 ], [ -91.171310424804688, 30.595237731933615 ], [ -91.170761108398438, 30.594564437866229 ], [ -91.167106628417969, 30.594100952148427 ], [ -91.167060852050781, 30.594287872314428 ], [ -91.166000366210938, 30.600200653076143 ], [ -91.163902282714844, 30.611400604248029 ], [ -91.163398742675781, 30.611400604248029 ], [ -91.161003112792969, 30.623699188232415 ], [ -91.147201538085938, 30.622400283813473 ], [ -91.14739990234375, 30.634099960327141 ], [ -91.152000427246094, 30.634700775146484 ], [ -91.152107238769531, 30.635900497436531 ], [ -91.157302856445312, 30.63579940795902 ], [ -91.159507751464844, 30.63330078125 ], [ -91.161399841308594, 30.623699188232415 ], [ -91.164596557617188, 30.624200820922823 ], [ -91.164016723632812, 30.631881713867177 ], [ -91.165725708007812, 30.631938934326183 ], [ -91.1661376953125, 30.632883071899432 ], [ -91.1737060546875, 30.63330078125 ], [ -91.173103332519531, 30.635900497436531 ], [ -91.172500610351562, 30.63579940795902 ], [ -91.170799255371094, 30.651599884033196 ], [ -91.180488586425781, 30.652967453002894 ], [ -91.180854797363281, 30.650625228881861 ], [ -91.184112548828125, 30.650915145874087 ], [ -91.183677673339844, 30.653354644775384 ], [ -91.19000244140625, 30.65410041809082 ], [ -91.190101623535156, 30.651399612426758 ], [ -91.193199157714844, 30.651100158691428 ], [ -91.193000793457031, 30.648099899291982 ], [ -91.193801879882812, 30.648000717163072 ], [ -91.193801879882812, 30.648300170898427 ], [ -91.198905944824219, 30.647899627685561 ], [ -91.199104309082031, 30.646999359130874 ], [ -91.201400756835938, 30.647100448608413 ], [ -91.200706481933594, 30.648700714111317 ], [ -91.198905944824219, 30.648700714111282 ], [ -91.198760986328125, 30.650987625122049 ], [ -91.199897766113281, 30.651046752929723 ], [ -91.199661254882812, 30.654798507690455 ], [ -91.198501586914062, 30.65509986877445 ], [ -91.197998046875, 30.66010093688962 ], [ -91.197273254394531, 30.664047241210923 ], [ -91.196029663085952, 30.663919448852557 ], [ -91.196121215820312, 30.663181304931651 ], [ -91.191520690917969, 30.662673950195316 ], [ -91.191253662109389, 30.663585662841797 ], [ -91.196189880371094, 30.664028167724638 ], [ -91.19610595703125, 30.66469955444337 ], [ -91.193649291992188, 30.664405822753945 ], [ -91.192680358886719, 30.66428947448729 ], [ -91.19110107421875, 30.664100646972649 ], [ -91.190101623535156, 30.668800354003917 ], [ -91.190048217773452, 30.671342849731417 ], [ -91.190399169921875, 30.672800064086964 ], [ -91.192596435546875, 30.673158645629879 ], [ -91.192703247070312, 30.673799514770501 ], [ -91.190597534179688, 30.673599243164073 ], [ -91.191879272460938, 30.679191589355447 ], [ -91.193534851074219, 30.68151473999022 ], [ -91.195228576660156, 30.681068420410146 ], [ -91.195419311523438, 30.681428909301715 ], [ -91.198143005371094, 30.680793762207067 ], [ -91.199516296386733, 30.684579849243182 ], [ -91.20037841796875, 30.685230255126903 ], [ -91.200546264648438, 30.68508338928218 ], [ -91.20098876953125, 30.685316085815426 ], [ -91.209877014160156, 30.674890518188466 ], [ -91.211227416992188, 30.675737380981484 ], [ -91.215843200683594, 30.678636550903331 ], [ -91.210983276367188, 30.684509277343732 ], [ -91.207771301269531, 30.685165405273455 ], [ -91.205696105957031, 30.68549728393555 ], [ -91.206733703613281, 30.690063476562528 ], [ -91.20550537109375, 30.690099716186541 ], [ -91.203071594238281, 30.68784332275391 ], [ -91.198913574218764, 30.690429687500039 ], [ -91.196907043457031, 30.689231872558601 ], [ -91.196006774902344, 30.689210891723647 ], [ -91.193344116210938, 30.691040039062461 ], [ -91.191993713378906, 30.69169235229495 ], [ -91.190322875976562, 30.692155838012695 ], [ -91.188308715820312, 30.692070007324247 ], [ -91.185806274414062, 30.694797515869169 ], [ -91.179351806640625, 30.690908432006836 ], [ -91.177162170410156, 30.705711364746097 ], [ -91.174057006835938, 30.705451965332035 ], [ -91.173858642578125, 30.707584381103526 ], [ -91.193824768066406, 30.706754684448217 ], [ -91.213706970214844, 30.705999374389592 ], [ -91.216598510742188, 30.706199645996094 ], [ -91.25, 30.704940795898427 ], [ -91.254142761230469, 30.705099105834933 ], [ -91.255760192871108, 30.703472137451193 ], [ -91.257453918457031, 30.702419281005838 ], [ -91.260299682617188, 30.701297760009762 ], [ -91.264717102050781, 30.698457717895515 ], [ -91.265625, 30.696075439453111 ], [ -91.266075134277344, 30.695526123046907 ], [ -91.267745971679702, 30.694633483886712 ], [ -91.267852783203139, 30.694311141967745 ], [ -91.267021179199219, 30.693561553955053 ], [ -91.267471313476562, 30.69117546081543 ], [ -91.267410278320312, 30.689926147460934 ], [ -91.26824951171875, 30.68891716003418 ], [ -91.267692565917969, 30.685928344726538 ], [ -91.270103454589844, 30.680744171142546 ], [ -91.288589477539062, 30.677724838256829 ], [ -91.289566040039062, 30.667442321777354 ], [ -91.291297912597656, 30.664066314697251 ], [ -91.292327880859375, 30.662567138671896 ], [ -91.292533874511733, 30.658058166503913 ], [ -91.293495178222656, 30.654850006103537 ], [ -91.297554016113281, 30.649362564086942 ], [ -91.298980712890625, 30.650859832763672 ], [ -91.300346374511719, 30.651638031005881 ], [ -91.304855346679688, 30.652828216552759 ], [ -91.3221435546875, 30.655839920043899 ], [ -91.326148986816406, 30.656923294067422 ], [ -91.330757141113281, 30.658491134643555 ], [ -91.333381652832031, 30.654176712036172 ], [ -91.333541870117188, 30.653488159179723 ], [ -91.309364318847656, 30.649860382080092 ], [ -91.316848754882812, 30.637344360351587 ], [ -91.319709777832031, 30.632774353027358 ], [ -91.335708618164062, 30.615474700927741 ], [ -91.349365234375, 30.603736877441413 ], [ -91.353904724121094, 30.5977592468262 ], [ -91.365211486816406, 30.587654113769531 ], [ -91.364952087402344, 30.568780899047798 ], [ -91.398330688476562, 30.568588256835927 ], [ -91.40087890625, 30.563564300537124 ], [ -91.400962829589844, 30.561935424804712 ], [ -91.402229309082031, 30.560333251953125 ], [ -91.403236389160156, 30.557790756225593 ], [ -91.404434204101562, 30.556598663330099 ], [ -91.404640197753906, 30.555568695068335 ], [ -91.40533447265625, 30.554536819458004 ], [ -91.405807495117188, 30.553161621093732 ], [ -91.406394958496094, 30.550756454467781 ], [ -91.406471252441406, 30.549083709716765 ], [ -91.407501220703125, 30.54669952392581 ], [ -91.407638549804688, 30.544843673706083 ], [ -91.408248901367188, 30.542896270751992 ], [ -91.407798767089858, 30.540058135986293 ], [ -91.414817810058594, 30.540033340454052 ], [ -91.414817810058594, 30.535549163818374 ], [ -91.414817810058594, 30.534975051879858 ], [ -91.414619445800795, 30.518068313598619 ], [ -91.414901733398438, 30.513944625854482 ], [ -91.414649963378906, 30.511325836181662 ], [ -91.441024780273438, 30.510955810546889 ], [ -91.448173522949219, 30.51106262207033 ], [ -91.459465026855469, 30.51096916198734 ], [ -91.466133117675781, 30.510675430297816 ], [ -91.481689453125, 30.510637283325202 ], [ -91.481361389160156, 30.4970817565918 ], [ -91.4849853515625, 30.496946334838878 ], [ -91.499397277832045, 30.496416091918967 ], [ -91.49932861328125, 30.497133255004861 ], [ -91.504684448242188, 30.496879577636665 ], [ -91.516746520996094, 30.496871948242205 ], [ -91.52587890625, 30.496870040893583 ], [ -91.527740478515625, 30.49901008605956 ], [ -91.537841796875, 30.510112762451165 ], [ -91.578300476074219, 30.554580688476548 ], [ -91.576644897460938, 30.554540634155277 ], [ -91.576644897460938, 30.555267333984368 ], [ -91.566535949707031, 30.557344436645575 ], [ -91.5615234375, 30.557359695434556 ], [ -91.560943603515625, 30.559217453002908 ], [ -91.556060791015625, 30.560504913330089 ], [ -91.554954528808594, 30.563180923461925 ], [ -91.5550537109375, 30.565219879150384 ], [ -91.555938720703125, 30.566366195678665 ], [ -91.556221008300781, 30.567304611206023 ], [ -91.555778503417969, 30.568061828613313 ], [ -91.551429748535156, 30.571704864501914 ], [ -91.550186157226562, 30.57328605651853 ], [ -91.547294616699219, 30.573743820190455 ], [ -91.546981811523438, 30.573995590210007 ], [ -91.546661376953125, 30.575210571289027 ], [ -91.546340942382812, 30.57550811767581 ], [ -91.544303894042969, 30.575988769531243 ], [ -91.544197082519531, 30.576951980590863 ], [ -91.545394897460938, 30.579288482666012 ], [ -91.545555114746094, 30.581054687499972 ], [ -91.545333862304688, 30.582061767578153 ], [ -91.543670654296875, 30.583116531372109 ], [ -91.54345703125, 30.583711624145504 ], [ -91.544837951660156, 30.584739685058608 ], [ -91.54486083984375, 30.585132598876964 ], [ -91.544326782226562, 30.586093902587887 ], [ -91.543907165527344, 30.587881088256871 ], [ -91.544937133789062, 30.588775634765629 ], [ -91.544914245605469, 30.58900451660158 ], [ -91.544570922851562, 30.589532852172873 ], [ -91.544509887695312, 30.590791702270511 ], [ -91.543617248535156, 30.591846466064439 ], [ -91.543586730957031, 30.592786788940433 ], [ -91.542633056640625, 30.595787048339826 ], [ -91.542816162109375, 30.59695625305174 ], [ -91.54400634765625, 30.598995208740206 ], [ -91.544113159179688, 30.59993553161625 ], [ -91.543685913085938, 30.600255966186548 ], [ -91.538818359375, 30.601768493652344 ], [ -91.538337707519531, 30.603326797485366 ], [ -91.538604736328125, 30.604173660278295 ], [ -91.538528442382812, 30.605571746826136 ], [ -91.538917541503906, 30.606946945190423 ], [ -91.540489196777344, 30.60923767089842 ], [ -91.545120239257827, 30.613271713256861 ], [ -91.548591613769531, 30.616825103759751 ], [ -91.550018310546875, 30.618522644042972 ], [ -91.551261901855469, 30.620767593383775 ], [ -91.552352905273438, 30.622165679931623 ], [ -91.554023742675781, 30.627521514892603 ], [ -91.554130554199219, 30.629423141479499 ], [ -91.554733276367188, 30.631187438964815 ], [ -91.554656982421875, 30.632677078247063 ], [ -91.554023742675781, 30.635129928588896 ], [ -91.553726196289077, 30.635496139526385 ], [ -91.547370910644531, 30.641008377075163 ], [ -91.544425964355469, 30.643333435058612 ], [ -91.533218383789062, 30.653001785278313 ], [ -91.530899047851562, 30.654434204101577 ], [ -91.522186279296875, 30.659597396850547 ], [ -91.519485473632812, 30.662168502807596 ], [ -91.517623901367188, 30.664064407348626 ], [ -91.514045715332031, 30.665874481201204 ], [ -91.512641906738281, 30.666996002197227 ], [ -91.510627746582045, 30.67121124267576 ], [ -91.505821228027344, 30.676227569580085 ], [ -91.502662658691406, 30.679113388061516 ], [ -91.497474670410156, 30.680492401123058 ], [ -91.494186401367188, 30.680881500244109 ], [ -91.490875244140639, 30.683219909667976 ], [ -91.48455810546875, 30.685537338256868 ], [ -91.479812622070312, 30.688861846923832 ], [ -91.484512329101562, 30.693073272705096 ], [ -91.480514526367188, 30.695817947387685 ], [ -91.479537963867188, 30.704406738281261 ], [ -91.475784301757812, 30.703849792480497 ], [ -91.468666076660156, 30.702793121337912 ], [ -91.449981689453125, 30.700019836425742 ], [ -91.437416076660156, 30.698602676391591 ], [ -91.435188293457031, 30.698261260986335 ], [ -91.431236267089844, 30.697902679443338 ], [ -91.419837951660156, 30.696605682373075 ], [ -91.419342041015625, 30.703992843627908 ], [ -91.425621032714844, 30.703969955444318 ], [ -91.429969787597656, 30.703855514526332 ], [ -91.430335998535156, 30.706529617309616 ], [ -91.432075500488281, 30.706304550170902 ], [ -91.432464599609375, 30.70900917053223 ], [ -91.431381225585952, 30.709466934204098 ], [ -91.430557250976562, 30.710214614868168 ], [ -91.430526733398438, 30.709787368774389 ], [ -91.430229187011719, 30.709581375122063 ], [ -91.429222106933594, 30.709627151489222 ], [ -91.428428649902344, 30.710430145263668 ], [ -91.427871704101562, 30.710315704345696 ], [ -91.426979064941406, 30.709674835205071 ], [ -91.426223754882812, 30.709514617919922 ], [ -91.424957275390625, 30.709123611450199 ], [ -91.423530578613281, 30.708023071289052 ], [ -91.422988891601562, 30.708068847656254 ], [ -91.421432495117188, 30.709146499633786 ], [ -91.42010498046875, 30.709327697753917 ], [ -91.417953491210938, 30.710176467895547 ], [ -91.417213439941406, 30.710771560668935 ], [ -91.416893005371094, 30.711389541626009 ], [ -91.416229248046875, 30.711481094360362 ], [ -91.415382385253906, 30.710771560668935 ], [ -91.415061950683594, 30.710794448852567 ], [ -91.414054870605469, 30.714403152465803 ], [ -91.406951904296875, 30.713197708129876 ], [ -91.402137756347656, 30.718498229980469 ], [ -91.401351928710938, 30.718118667602536 ], [ -91.399665832519545, 30.720254898071296 ], [ -91.39849853515625, 30.72177314758304 ], [ -91.398612976074219, 30.720260620117188 ], [ -91.39849853515625, 30.702495574951183 ], [ -91.397567749023438, 30.702678680419972 ], [ -91.395652770996094, 30.702632904052781 ], [ -91.389945983886719, 30.706581115722678 ], [ -91.385734558105469, 30.709686279296868 ], [ -91.380134582519531, 30.711654663085994 ], [ -91.379791259765625, 30.71204185485837 ], [ -91.378814697265625, 30.712156295776357 ], [ -91.370124816894531, 30.71559524536131 ], [ -91.367156982421875, 30.71653747558593 ], [ -91.365303039550795, 30.71731758117674 ], [ -91.36297607421875, 30.718856811523423 ], [ -91.359077453613281, 30.720029830932575 ], [ -91.359016418457031, 30.719839096069357 ], [ -91.356575012207031, 30.720321655273423 ], [ -91.352981567382812, 30.721586227416971 ], [ -91.357421875, 30.731155395507798 ], [ -91.36187744140625, 30.739120483398452 ], [ -91.368690490722656, 30.747159957885742 ], [ -91.375, 30.755672454833963 ], [ -91.375, 30.756534576416019 ], [ -91.380508422851562, 30.758621215820309 ], [ -91.384178161621094, 30.758722305297869 ], [ -91.390304565429688, 30.758424758911151 ], [ -91.394927978515625, 30.757709503173839 ], [ -91.397850036621094, 30.75705528259277 ], [ -91.408485412597656, 30.7530517578125 ], [ -91.422920227050781, 30.745281219482408 ], [ -91.440032958984375, 30.739158630371087 ], [ -91.450271606445312, 30.735986709594716 ], [ -91.4576416015625, 30.735073089599634 ], [ -91.460014343261719, 30.735143661499016 ], [ -91.463172912597656, 30.73573875427245 ], [ -91.480079650878906, 30.74039649963381 ], [ -91.48211669921875, 30.740684509277347 ], [ -91.486793518066406, 30.741153717041016 ], [ -91.5, 30.740856170654332 ], [ -91.502006530761719, 30.740306854248022 ], [ -91.509803771972656, 30.740095138549812 ], [ -91.513076782226562, 30.739620208740231 ], [ -91.52154541015625, 30.737834930419918 ], [ -91.53399658203125, 30.734071731567415 ], [ -91.538116455078125, 30.732856750488292 ], [ -91.545379638671875, 30.73134422302244 ], [ -91.552902221679688, 30.730613708496058 ], [ -91.555213928222656, 30.730766296386665 ], [ -91.559959411621094, 30.731491088867148 ], [ -91.565773010253906, 30.732997894287141 ], [ -91.570930480957031, 30.73506927490233 ], [ -91.577781677246094, 30.738975524902362 ], [ -91.581161499023452, 30.741205215454098 ], [ -91.587265014648438, 30.745235443115249 ], [ -91.589294433593764, 30.746889114379847 ], [ -91.592453002929688, 30.748212814331051 ], [ -91.593544006347656, 30.74897003173826 ], [ -91.594551086425781, 30.750259399414052 ], [ -91.59934234619142, 30.748687744140632 ], [ -91.601119995117188, 30.748106002807667 ], [ -91.60284423828125, 30.742099761962866 ], [ -91.595512390136733, 30.731121063232408 ], [ -91.603187561035156, 30.727661132812525 ], [ -91.601554870605469, 30.725393295288079 ], [ -91.602996826171875, 30.724390029907234 ], [ -91.607032775878906, 30.72250175476076 ], [ -91.60870361328125, 30.720462799072244 ], [ -91.611351013183594, 30.718465805053739 ], [ -91.611015319824219, 30.709722518920884 ], [ -91.625, 30.708909988403306 ], [ -91.638038635253906, 30.709362030029297 ], [ -91.653541564941406, 30.709550857543938 ], [ -91.661277770996094, 30.709102630615227 ], [ -91.683067321777344, 30.707700729370124 ], [ -91.702606201171875, 30.706941604614236 ], [ -91.728530883789062, 30.710126876831016 ], [ -91.729789733886719, 30.711086273193374 ], [ -91.736167907714858, 30.708923339843757 ], [ -91.737350463867188, 30.711278915405213 ], [ -91.739280700683594, 30.714008331298821 ], [ -91.743209838867188, 30.718313217163058 ], [ -91.744544982910156, 30.72048187255859 ], [ -91.746421813964844, 30.723361968994137 ], [ -91.747100830078125, 30.724971771240227 ], [ -91.747901916503906, 30.728090286254858 ], [ -91.751304626464844, 30.734098434448228 ], [ -91.751785278320312, 30.735616683959954 ], [ -91.75408935546875, 30.737136840820252 ], [ -91.757293701171875, 30.740070343017614 ], [ -91.757827758789062, 30.740804672241154 ], [ -91.757835388183608, 30.745384216308576 ], [ -91.756736755371094, 30.748516082763643 ], [ -91.755775451660156, 30.75 ], [ -91.75510406494142, 30.756385803222667 ], [ -91.75616455078125, 30.759950637817354 ], [ -91.760055541992188, 30.76559829711913 ], [ -91.760604858398438, 30.767028808593803 ], [ -91.763229370117188, 30.771858215332045 ], [ -91.765419006347656, 30.779785156249986 ], [ -91.767646789550781, 30.783735275268572 ], [ -91.768646240234375, 30.785203933715788 ], [ -91.777328491210938, 30.793384552001964 ], [ -91.779640197753906, 30.794958114624027 ], [ -91.781990051269531, 30.796171188354474 ], [ -91.786659240722656, 30.797317504882791 ], [ -91.790580749511719, 30.799818038940469 ], [ -91.792755126953125, 30.800971984863246 ], [ -91.794273376464844, 30.802318572998068 ], [ -91.799148559570327, 30.805576324462915 ], [ -91.800895690917969, 30.806560516357465 ], [ -91.803192138671875, 30.807102203369123 ], [ -91.80523681640625, 30.809299468994148 ], [ -91.807174682617202, 30.810884475708008 ], [ -91.8082275390625, 30.814296722412081 ], [ -91.808395385742188, 30.815942764282195 ], [ -91.807754516601577, 30.819313049316424 ], [ -91.80741119384767, 30.820116043090842 ], [ -91.805084228515625, 30.822534561157244 ], [ -91.8037109375, 30.823541641235323 ], [ -91.801483154296875, 30.824304580688473 ], [ -91.798347473144531, 30.828805923461914 ], [ -91.799339294433594, 30.834098815917972 ], [ -91.800994873046875, 30.837331771850568 ], [ -91.80450439453125, 30.84054756164554 ], [ -91.809272766113281, 30.843269348144542 ], [ -91.813194274902344, 30.84663581848146 ], [ -91.815147399902344, 30.847921371459947 ], [ -91.838081359863281, 30.847782135009787 ], [ -91.848937988281264, 30.848022460937511 ], [ -91.855575561523438, 30.847848892211907 ], [ -91.864364624023438, 30.848073959350572 ], [ -91.865386962890625, 30.847890853881829 ], [ -91.875, 30.847908020019531 ], [ -91.948234558105469, 30.848651885986321 ], [ -91.94921875, 30.848661422729521 ], [ -91.981132507324219, 30.848987579345678 ], [ -92.028678894042969, 30.849306106567397 ], [ -92.029876708984375, 30.849294662475561 ], [ -92.055496215820312, 30.849475860595689 ], [ -92.100418090820312, 30.84979629516603 ], [ -92.124824523925781, 30.84974861145021 ], [ -92.135871887207031, 30.849487304687486 ], [ -92.210166931152344, 30.848451614379901 ], [ -92.21258544921875, 30.84841346740723 ], [ -92.237579345703125, 30.848016738891598 ], [ -92.23809814453125, 30.89201545715331 ], [ -92.280586242675781, 30.935762405395518 ], [ -92.280593872070312, 30.938570022583036 ], [ -92.280609130859375, 30.964879989624041 ], [ -92.216995239257812, 30.964807510375984 ], [ -92.216011047363281, 30.964891433715806 ], [ -92.214866638183594, 30.965473175048793 ], [ -92.214118957519531, 30.965267181396495 ], [ -92.213615417480469, 30.963525772094687 ], [ -92.211433410644545, 30.962585449218757 ], [ -92.21044921875, 30.962379455566406 ], [ -92.208877563476562, 30.962541580200192 ], [ -92.2083740234375, 30.962081909179691 ], [ -92.207954406738281, 30.962244033813469 ], [ -92.207977294921875, 30.963138580322237 ], [ -92.208534240722656, 30.964260101318345 ], [ -92.20843505859375, 30.965681076049815 ], [ -92.204757690429688, 30.973062515258807 ], [ -92.205101013183594, 30.97358894348146 ], [ -92.206008911132812, 30.973863601684531 ], [ -92.207107543945312, 30.974847793579091 ], [ -92.210296630859375, 30.974412918090838 ], [ -92.21148681640625, 30.974779129028327 ], [ -92.212310791015625, 30.975444793701161 ], [ -92.212471008300781, 30.976497650146481 ], [ -92.211326599121108, 30.980600357055689 ], [ -92.21136474609375, 30.983346939086903 ], [ -92.211784362792969, 30.985757827758817 ], [ -92.212448120117188, 30.98731613159179 ], [ -92.214309692382812, 30.989904403686506 ], [ -92.216255187988281, 30.991119384765607 ], [ -92.227005004882812, 31.074680328369162 ], [ -92.229354858398438, 31.0748405456543 ], [ -92.232208251953125, 31.076740264892585 ], [ -92.233238220214844, 31.077129364013704 ], [ -92.235855102539077, 31.077564239501974 ], [ -92.2386474609375, 31.077152252197305 ], [ -92.244186401367188, 31.078271865844737 ], [ -92.248046875, 31.078430175781211 ], [ -92.25, 31.079467773437504 ], [ -92.250961303710938, 31.079639434814425 ], [ -92.25177001953125, 31.079456329345717 ], [ -92.252975463867188, 31.079998016357425 ], [ -92.255325317382812, 31.079662322998026 ], [ -92.257797241210938, 31.080299377441424 ], [ -92.259063720703125, 31.081733703613256 ], [ -92.260627746582031, 31.082351684570295 ], [ -92.26123046875, 31.082923889160185 ], [ -92.262680053710938, 31.083154678344762 ], [ -92.264053344726562, 31.083751678466768 ], [ -92.265869140625, 31.083415985107372 ], [ -92.266799926757812, 31.083900451660138 ], [ -92.267929077148438, 31.083444595336918 ], [ -92.26849365234375, 31.083688735961889 ], [ -92.269729614257812, 31.083154678344762 ], [ -92.270889282226562, 31.083402633666953 ], [ -92.271591186523438, 31.083175659179712 ], [ -92.273544311523438, 31.083499908447234 ], [ -92.274810791015625, 31.083398818969698 ], [ -92.276229858398438, 31.083919525146499 ], [ -92.281097412109375, 31.084104537963878 ], [ -92.284843444824219, 31.08305740356441 ], [ -92.285797119140625, 31.083385467529318 ], [ -92.28662109375, 31.083160400390636 ], [ -92.287200927734375, 31.084323883056584 ], [ -92.288436889648438, 31.085075378417962 ], [ -92.289901733398438, 31.088569641113263 ], [ -92.290306091308594, 31.088899612426768 ], [ -92.295562744140625, 31.087669372558594 ], [ -92.300430297851562, 31.08882141113282 ], [ -92.301895141601562, 31.089729309082006 ], [ -92.303634643554688, 31.092025756835884 ], [ -92.30511474609375, 31.092300415039052 ], [ -92.305900573730469, 31.09199905395511 ], [ -92.307754516601562, 31.092496871948235 ], [ -92.308609008789062, 31.094070434570316 ], [ -92.310203552246094, 31.095899581909194 ], [ -92.310516357421875, 31.096225738525391 ], [ -92.311874389648452, 31.0967292785644 ], [ -92.312744140625, 31.098114013671879 ], [ -92.313949584960938, 31.098449707031318 ], [ -92.315032958984375, 31.09925842285158 ], [ -92.316818237304688, 31.099853515625021 ], [ -92.318603515625, 31.100900650024435 ], [ -92.318931579589858, 31.100700378417955 ], [ -92.319999694824219, 31.100900650024435 ], [ -92.321853637695312, 31.102132797241204 ], [ -92.322105407714844, 31.102600097656229 ], [ -92.321975708007812, 31.103298187255824 ], [ -92.323028564453125, 31.103595733642553 ], [ -92.32366943359375, 31.104478836059542 ], [ -92.325401306152344, 31.105100631713864 ], [ -92.326141357421875, 31.105968475341825 ], [ -92.327316284179688, 31.106136322021456 ], [ -92.327880859375, 31.106849670410192 ], [ -92.327880859375, 31.107295989990227 ], [ -92.327346801757812, 31.107845306396477 ], [ -92.327285766601562, 31.108295440673835 ], [ -92.329803466796875, 31.111499786376925 ], [ -92.32904052734375, 31.113349914550799 ], [ -92.329116821289062, 31.113876342773441 ], [ -92.330215454101562, 31.114128112792951 ], [ -92.332077026367188, 31.115636825561541 ], [ -92.332962036132812, 31.115846633911161 ], [ -92.33447265625, 31.115795135498061 ], [ -92.336441040039062, 31.116241455078097 ], [ -92.337753295898438, 31.116062164306609 ], [ -92.3388671875, 31.116184234619141 ], [ -92.339859008789062, 31.117996215820305 ], [ -92.3409423828125, 31.119176864624034 ], [ -92.341720581054688, 31.119731903076133 ], [ -92.344100952148438, 31.120300292968754 ], [ -92.344398498535156, 31.120199203491197 ], [ -92.344940185546875, 31.11894989013669 ], [ -92.348281860351562, 31.115989685058601 ], [ -92.349624633789062, 31.11402130126957 ], [ -92.349822998046875, 31.113258361816406 ], [ -92.349273681640625, 31.112541198730458 ], [ -92.349197387695312, 31.111852645873999 ], [ -92.349853515625, 31.110494613647479 ], [ -92.3489990234375, 31.108968734741225 ], [ -92.348579406738281, 31.106327056884716 ], [ -92.348800659179688, 31.105499267578082 ], [ -92.349761962890625, 31.105527877807624 ], [ -92.350395202636719, 31.104995727539052 ], [ -92.350334167480469, 31.104568481445291 ], [ -92.350639343261719, 31.104251861572241 ], [ -92.352241516113281, 31.1029052734375 ], [ -92.352767944335938, 31.102817535400369 ], [ -92.35296630859375, 31.102199554443335 ], [ -92.3555908203125, 31.099723815917933 ], [ -92.35711669921875, 31.100051879882784 ], [ -92.357574462890625, 31.100471496581992 ], [ -92.357803344726562, 31.100999832153356 ], [ -92.357574462890625, 31.102703094482404 ], [ -92.35919189453125, 31.106761932373036 ], [ -92.36004638671875, 31.108055114746115 ], [ -92.361053466796875, 31.108665466308615 ], [ -92.362869262695327, 31.110620498657255 ], [ -92.36346435546875, 31.110982894897461 ], [ -92.365676879882812, 31.111122131347667 ], [ -92.371246337890625, 31.109624862670898 ], [ -92.371871948242188, 31.110069274902362 ], [ -92.37213134765625, 31.110950469970732 ], [ -92.373092651367188, 31.111608505249038 ], [ -92.374359130859389, 31.11142730712892 ], [ -92.377532958984375, 31.110317230224627 ], [ -92.383491516113281, 31.110744476318349 ], [ -92.384262084960938, 31.110378265380831 ], [ -92.386489868164062, 31.108106613159173 ], [ -92.387374877929688, 31.107582092285167 ], [ -92.388198852539062, 31.107500076293974 ], [ -92.393798828125, 31.110103607177784 ], [ -92.394821166992188, 31.110368728637678 ], [ -92.395309448242188, 31.110298156738271 ], [ -92.396575927734375, 31.10895919799804 ], [ -92.39813232421875, 31.108476638793967 ], [ -92.399032592773438, 31.10837173461919 ], [ -92.400100708007812, 31.108640670776346 ], [ -92.401260375976562, 31.109287261962848 ], [ -92.402359008789062, 31.109432220458977 ], [ -92.40350341796875, 31.109199523925788 ], [ -92.401351928710938, 31.099760055541992 ], [ -92.401504516601562, 31.099500656127915 ], [ -92.4058837890625, 31.097768783569304 ], [ -92.408401489257812, 31.096799850463878 ], [ -92.410102844238281, 31.096500396728505 ], [ -92.407546997070312, 31.091680526733381 ], [ -92.406677246093764, 31.092336654663118 ], [ -92.407379150390625, 31.085500717163089 ], [ -92.40997314453125, 31.083150863647482 ], [ -92.409202575683594, 31.082300186157241 ], [ -92.410614013671875, 31.081199645996072 ], [ -92.411506652832031, 31.081100463867163 ], [ -92.412704467773438, 31.079799652099606 ], [ -92.414764404296875, 31.077247619628888 ], [ -92.415512084960938, 31.076734542846658 ], [ -92.41961669921875, 31.076133728027322 ], [ -92.425094604492188, 31.073905944824254 ], [ -92.430801391601562, 31.073400497436555 ], [ -92.433799743652344, 31.071100234985352 ], [ -92.438400268554688, 31.06682205200196 ], [ -92.44232177734375, 31.064643859863324 ], [ -92.45556640625, 31.059934616088896 ], [ -92.468994140625, 31.06037521362304 ], [ -92.472061157226562, 31.060842514038072 ], [ -92.485198974609375, 31.059976577758778 ], [ -92.489654541015625, 31.059207916259762 ], [ -92.508705139160156, 31.059799194335966 ], [ -92.510307312011719, 31.059608459472692 ], [ -92.511398315429688, 31.058599472045874 ], [ -92.517501831054688, 31.058700561523459 ], [ -92.517501831054688, 31.061800003051783 ], [ -92.52130126953125, 31.061700820922862 ], [ -92.521202087402344, 31.063899993896506 ], [ -92.517501831054688, 31.063999176025384 ], [ -92.517501831054688, 31.067300796508803 ], [ -92.522598266601562, 31.06739997863766 ], [ -92.513504028320312, 31.092800140380852 ], [ -92.511306762695312, 31.099000930786136 ], [ -92.51080322265625, 31.101200103759826 ], [ -92.496803283691406, 31.140300750732401 ], [ -92.484519958496094, 31.140228271484357 ], [ -92.484504699707045, 31.143444061279311 ], [ -92.488304138183594, 31.143499374389673 ], [ -92.486503601074219, 31.147800445556591 ], [ -92.486434936523438, 31.147962570190369 ], [ -92.487716674804688, 31.147481918334947 ], [ -92.484519958496094, 31.153787612914982 ], [ -92.484588623046875, 31.156223297119119 ], [ -92.491203308105469, 31.156299591064435 ], [ -92.49334716796875, 31.156299591064435 ], [ -92.493247985839844, 31.163631439208988 ], [ -92.500534057617202, 31.16362190246582 ], [ -92.502593994140625, 31.17071342468267 ], [ -92.506057739257812, 31.170711517333963 ], [ -92.505943298339844, 31.167156219482415 ], [ -92.502052307128906, 31.167152404785142 ], [ -92.500984191894531, 31.163564682006839 ], [ -92.501678466796875, 31.163602828979524 ], [ -92.501655578613281, 31.159563064575206 ], [ -92.511085510253906, 31.159593582153338 ], [ -92.511138916015625, 31.151420593261722 ], [ -92.512954711914062, 31.151390075683587 ], [ -92.512954711914062, 31.150590896606481 ], [ -92.514671325683608, 31.150575637817365 ], [ -92.514671325683608, 31.151199340820305 ], [ -92.515769958496094, 31.151193618774421 ], [ -92.515792846679688, 31.150497436523423 ], [ -92.515373229980469, 31.150167465210004 ], [ -92.515586853027344, 31.149845123291016 ], [ -92.518310546875, 31.15139579772951 ], [ -92.519584655761719, 31.153289794921839 ], [ -92.520370483398438, 31.153738021850582 ], [ -92.520462036132812, 31.153610229492212 ], [ -92.523712158203125, 31.154804229736335 ], [ -92.5244140625, 31.155254364013672 ], [ -92.52691650390625, 31.157506942749041 ], [ -92.529251098632812, 31.158672332763643 ], [ -92.535140991210938, 31.163404464721655 ], [ -92.5377197265625, 31.166255950927749 ], [ -92.542396545410156, 31.172399520874073 ], [ -92.542755126953125, 31.172452926635721 ], [ -92.543975830078125, 31.174058914184545 ], [ -92.548568725585938, 31.176345825195359 ], [ -92.553482055664062, 31.179340362548832 ], [ -92.557876586914077, 31.181301116943366 ], [ -92.559783935546875, 31.18257141113282 ], [ -92.560371398925781, 31.183235168457053 ], [ -92.560600280761719, 31.184299468994151 ], [ -92.561996459960938, 31.187179565429716 ], [ -92.563369750976562, 31.188394546508807 ], [ -92.565635681152344, 31.189605712890625 ], [ -92.567047119140625, 31.191791534423789 ], [ -92.570236206054688, 31.193784713745096 ], [ -92.571380615234375, 31.196811676025355 ], [ -92.572250366210952, 31.198106765747028 ], [ -92.575057983398438, 31.200996398925792 ], [ -92.578300476074219, 31.20269966125489 ], [ -92.579360961914062, 31.203609466552763 ], [ -92.581291198730469, 31.204530715942411 ], [ -92.583145141601562, 31.205043792724645 ], [ -92.587600708007812, 31.205299377441392 ], [ -92.590118408203125, 31.205665588378903 ], [ -92.591903686523438, 31.206192016601584 ], [ -92.594528198242188, 31.207973480224602 ], [ -92.595001220703125, 31.209068298339812 ], [ -92.595199584960938, 31.212499618530302 ], [ -92.599700927734375, 31.217399597167958 ], [ -92.598785400390625, 31.220338821411143 ], [ -92.597030639648438, 31.221931457519545 ], [ -92.592811584472656, 31.224147796630842 ], [ -92.591629028320312, 31.225442886352543 ], [ -92.590057373046875, 31.227760314941381 ], [ -92.588821411132812, 31.22791481018071 ], [ -92.58740234375, 31.227399826049858 ], [ -92.584442138671875, 31.226266860961914 ], [ -92.58380126953125, 31.226316452026357 ], [ -92.5814208984375, 31.227512359619109 ], [ -92.58026123046875, 31.227506637573232 ], [ -92.578933715820312, 31.22791481018071 ], [ -92.577117919921875, 31.229360580444332 ], [ -92.575454711914062, 31.230331420898498 ], [ -92.574996948242188, 31.231357574462908 ], [ -92.574737548828125, 31.233814239501964 ], [ -92.574417114257812, 31.234363555908178 ], [ -92.571746826171875, 31.236087799072241 ], [ -92.569610595703125, 31.238182067871112 ], [ -92.568283081054688, 31.238811492919893 ], [ -92.566482543945312, 31.239120483398438 ], [ -92.563644409179702, 31.241292953491214 ], [ -92.559463500976562, 31.241348266601609 ], [ -92.557388305664062, 31.242073059082067 ], [ -92.552398681640625, 31.242000579834023 ], [ -92.549392700195312, 31.242462158203136 ], [ -92.548248291015625, 31.242996215820316 ], [ -92.541702270507812, 31.247499465942379 ], [ -92.520599365234375, 31.260400772094712 ], [ -92.520797729492188, 31.262599945068377 ], [ -92.504104614257812, 31.279199600219744 ], [ -92.499603271484375, 31.281452178955028 ], [ -92.495597839355469, 31.283300399780273 ], [ -92.493301391601562, 31.284799575805682 ], [ -92.492202758789062, 31.289400100708029 ], [ -92.493301391601562, 31.293100357055657 ], [ -92.494598388671875, 31.292861938476577 ], [ -92.49456787109375, 31.292358398437525 ], [ -92.495361328125, 31.292053222656282 ], [ -92.497589111328125, 31.292259216308647 ], [ -92.497055053710938, 31.294792175292923 ], [ -92.505500793457031, 31.29199981689457 ], [ -92.505584716796875, 31.29250717163087 ], [ -92.508529663085938, 31.29097175598146 ], [ -92.508537292480469, 31.293455123901392 ], [ -92.509712219238281, 31.293502807617205 ], [ -92.509712219238281, 31.293973922729496 ], [ -92.510726928710938, 31.293964385986314 ], [ -92.510688781738281, 31.294855117797848 ], [ -92.511131286621094, 31.294862747192337 ], [ -92.511131286621094, 31.293479919433636 ], [ -92.511726379394531, 31.293479919433636 ], [ -92.511695861816406, 31.294269561767553 ], [ -92.512901306152344, 31.29426383972168 ], [ -92.513069152832031, 31.294881820678683 ], [ -92.513107299804688, 31.293203353881854 ], [ -92.513763427734375, 31.293186187744151 ], [ -92.513778686523438, 31.293552398681651 ], [ -92.514472961425781, 31.29353332519533 ], [ -92.514450073242188, 31.294885635375991 ], [ -92.539024353027344, 31.29526710510255 ], [ -92.539253234863281, 31.295114517211928 ], [ -92.539230346679688, 31.295257568359396 ], [ -92.539199829101577, 31.295400619506847 ], [ -92.539024353027344, 31.295402526855433 ], [ -92.535263061523452, 31.313413619995139 ], [ -92.528305053710938, 31.312999725341772 ], [ -92.527534484863281, 31.312999725341772 ], [ -92.527549743652344, 31.312744140625036 ], [ -92.528396606445312, 31.312568664550771 ], [ -92.529541015625, 31.30751228332522 ], [ -92.527816772460938, 31.307308197021452 ], [ -92.529243469238281, 31.301645278930646 ], [ -92.530899047851562, 31.301511764526399 ], [ -92.532234191894531, 31.295610427856481 ], [ -92.529731750488281, 31.295579910278317 ], [ -92.529579162597656, 31.298871994018551 ], [ -92.528587341308594, 31.298839569091797 ], [ -92.528602600097656, 31.298257827758786 ], [ -92.528205871582045, 31.298292160034173 ], [ -92.528251647949219, 31.297601699829116 ], [ -92.526863098144531, 31.297676086425774 ], [ -92.526809692382812, 31.295299530029311 ], [ -92.519470214843764, 31.295074462890639 ], [ -92.519416809082031, 31.29635620117185 ], [ -92.519790649414062, 31.296291351318398 ], [ -92.519790649414062, 31.296997070312493 ], [ -92.518142700195312, 31.297328948974563 ], [ -92.518119812011719, 31.295072555542028 ], [ -92.516502380371094, 31.295068740844684 ], [ -92.510749816894531, 31.295059204101502 ], [ -92.510734558105469, 31.296636581420898 ], [ -92.497200012207045, 31.300800323486357 ], [ -92.495903015136719, 31.301300048828143 ], [ -92.494903564453125, 31.299999237060554 ], [ -92.494682312011733, 31.30010604858397 ], [ -92.488967895507812, 31.303266525268505 ], [ -92.488197326660156, 31.303699493408203 ], [ -92.486839294433594, 31.304014205932639 ], [ -92.485641479492188, 31.304260253906236 ], [ -92.484283447265625, 31.30453681945804 ], [ -92.483573913574219, 31.304681777954155 ], [ -92.479904174804688, 31.30550003051756 ], [ -92.479507446289062, 31.30559921264652 ], [ -92.47910308837892, 31.308500289917028 ], [ -92.477996826171875, 31.309999465942376 ], [ -92.477554321289077, 31.309589385986335 ], [ -92.476829528808594, 31.308542251586861 ], [ -92.475196838378906, 31.306999206542979 ], [ -92.475402832031264, 31.306999206542979 ], [ -92.473907470703125, 31.302799224853509 ], [ -92.473503112792969, 31.302900314331062 ], [ -92.472900390625, 31.301799774169918 ], [ -92.466201782226562, 31.304700851440458 ], [ -92.465507507324219, 31.30330085754392 ], [ -92.464797973632812, 31.302700042724659 ], [ -92.463905334472656, 31.302000045776339 ], [ -92.462799072265625, 31.301300048828143 ], [ -92.462104797363295, 31.300500869751016 ], [ -92.459396362304688, 31.298299789428714 ], [ -92.45770263671875, 31.296600341796893 ], [ -92.456306457519531, 31.294000625610337 ], [ -92.462997436523438, 31.291700363159212 ], [ -92.463203430175795, 31.291299819946261 ], [ -92.463905334472656, 31.28919982910157 ], [ -92.46490478515625, 31.288000106811538 ], [ -92.464706420898438, 31.287700653076158 ], [ -92.465103149414062, 31.28750038146973 ], [ -92.464202880859375, 31.287300109863327 ], [ -92.459602355957031, 31.289100646972649 ], [ -92.458122253417969, 31.289178848266587 ], [ -92.456710815429688, 31.289577484130881 ], [ -92.455329895019531, 31.290550231933597 ], [ -92.455101013183594, 31.290399551391584 ], [ -92.452903747558594, 31.291700363159173 ], [ -92.451797485351562, 31.291900634765625 ], [ -92.451705932617188, 31.288000106811548 ], [ -92.450103759765625, 31.284400939941399 ], [ -92.44970703125, 31.284000396728501 ], [ -92.447799682617188, 31.280000686645518 ], [ -92.450706481933594, 31.280300140380774 ], [ -92.455596923828125, 31.279600143432599 ], [ -92.462600708007827, 31.280099868774407 ], [ -92.46490478515625, 31.276699066162102 ], [ -92.465797424316406, 31.275800704956037 ], [ -92.468399047851562, 31.275499343872085 ], [ -92.468902587890625, 31.274700164794918 ], [ -92.468704223632812, 31.271299362182614 ], [ -92.468704223632812, 31.27079963684082 ], [ -92.469306945800781, 31.270399093627962 ], [ -92.469596862792969, 31.269699096679698 ], [ -92.469306945800781, 31.269599914550835 ], [ -92.468597412109375, 31.270299911499002 ], [ -92.467742919921889, 31.271650314331069 ], [ -92.46710205078125, 31.270599365234364 ], [ -92.465995788574219, 31.270685195922844 ], [ -92.466087341308594, 31.271816253662148 ], [ -92.465217590332031, 31.271877288818391 ], [ -92.464996337890625, 31.271293640136722 ], [ -92.464630126953125, 31.271751403808626 ], [ -92.463996887207031, 31.271400451660121 ], [ -92.463798522949219, 31.271600723266573 ], [ -92.452507019042969, 31.264099121093775 ], [ -92.448997497558594, 31.261499404907198 ], [ -92.448196411132812, 31.261400222778342 ], [ -92.444602966308594, 31.258699417114236 ], [ -92.437904357910156, 31.25259971618652 ], [ -92.434104919433594, 31.248600006103487 ], [ -92.433502197265625, 31.248100280761744 ], [ -92.433372497558594, 31.247930526733395 ], [ -92.433128356933594, 31.247928619384776 ], [ -92.433074951171875, 31.249046325683587 ], [ -92.433799743652344, 31.25259971618652 ], [ -92.432907104492202, 31.25329971313478 ], [ -92.43310546875, 31.253499984741211 ], [ -92.430198669433594, 31.255699157714869 ], [ -92.430397033691406, 31.255899429321289 ], [ -92.425300598144531, 31.25979995727538 ], [ -92.426307678222656, 31.261100769042969 ], [ -92.423576354980469, 31.263168334960927 ], [ -92.422500610351562, 31.262228012084957 ], [ -92.425201416015625, 31.259897232055625 ], [ -92.4237060546875, 31.258499145507823 ], [ -92.416702270507812, 31.26359939575195 ], [ -92.419296264648438, 31.265899658203097 ], [ -92.412338256835938, 31.270332336425763 ], [ -92.401901245117202, 31.277200698852521 ], [ -92.401199340820312, 31.276699066162102 ], [ -92.400505065917969, 31.277200698852521 ], [ -92.401107788085938, 31.277799606323249 ], [ -92.398399353027344, 31.288900375366211 ], [ -92.3988037109375, 31.290899276733384 ], [ -92.399055480957031, 31.291105270385689 ], [ -92.400703430175781, 31.292400360107411 ], [ -92.400199890136719, 31.294099807739226 ], [ -92.399803161621094, 31.29459953308109 ], [ -92.399002075195312, 31.29490089416505 ], [ -92.398506164550781, 31.295799255371076 ], [ -92.396102905273438, 31.297500610351573 ], [ -92.395797729492188, 31.298900604248026 ], [ -92.393402099609389, 31.299699783325174 ], [ -92.3927001953125, 31.298500061035153 ], [ -92.391555786132812, 31.299989700317361 ], [ -92.390960693359375, 31.299911499023466 ], [ -92.388168334960938, 31.300447463989226 ], [ -92.385963439941406, 31.301496505737322 ], [ -92.385986328125, 31.301967620849634 ], [ -92.386474609375, 31.30224227905271 ], [ -92.387588500976562, 31.305795669555696 ], [ -92.389617919921875, 31.307327270507805 ], [ -92.3905029296875, 31.308305740356488 ], [ -92.390754699707045, 31.308982849121104 ], [ -92.390884399414077, 31.309123992919865 ], [ -92.391326904296875, 31.310571670532251 ], [ -92.391769409179688, 31.310817718505881 ], [ -92.391876220703125, 31.311380386352539 ], [ -92.392562866210952, 31.312356948852539 ], [ -92.393829345703125, 31.312925338745096 ], [ -92.392196655273452, 31.313400268554709 ], [ -92.382705688476562, 31.314800262451183 ], [ -92.382598876953125, 31.316400527954109 ], [ -92.38250732421875, 31.318700790405284 ], [ -92.384902954101577, 31.319200515747095 ], [ -92.392295837402344, 31.321571350097649 ], [ -92.392196655273452, 31.31949996948245 ], [ -92.3902587890625, 31.31949424743652 ], [ -92.390281677246108, 31.31855583190918 ], [ -92.389984130859375, 31.318607330322287 ], [ -92.389595031738281, 31.318204879760795 ], [ -92.3896484375, 31.317928314209006 ], [ -92.390281677246108, 31.317911148071293 ], [ -92.390304565429688, 31.315599441528331 ], [ -92.392196655273452, 31.315542221069361 ], [ -92.394401550292969, 31.315477371215803 ], [ -92.394462585449219, 31.322725296020526 ], [ -92.395706176757812, 31.323400497436559 ], [ -92.398002624511719, 31.324199676513675 ], [ -92.405632019042969, 31.324167251586957 ], [ -92.405654907226562, 31.323848724365245 ], [ -92.406791687011719, 31.323802947998029 ], [ -92.406829833984375, 31.324192047119144 ], [ -92.407203674316406, 31.324199676513661 ], [ -92.406997680664062, 31.316299438476555 ], [ -92.410797119140625, 31.318500518798871 ], [ -92.412101745605469, 31.317100524902301 ], [ -92.413803100585938, 31.315200805664038 ], [ -92.416107177734375, 31.316699981689418 ], [ -92.416900634765625, 31.315799713134744 ], [ -92.415603637695312, 31.3148002624512 ], [ -92.415802001953125, 31.313999176025423 ], [ -92.416549682617188, 31.314527511596729 ], [ -92.416900634765625, 31.313899993896467 ], [ -92.416343688964844, 31.31361389160152 ], [ -92.416900634765625, 31.313074111938469 ], [ -92.418045043945312, 31.313770294189446 ], [ -92.417388916015625, 31.314311981201218 ], [ -92.416900634765625, 31.315299987792937 ], [ -92.418815612792969, 31.316705703735302 ], [ -92.4197998046875, 31.315599441528331 ], [ -92.419624328613281, 31.315494537353498 ], [ -92.419921875, 31.315158843994141 ], [ -92.419136047363295, 31.314607620239226 ], [ -92.419540405273438, 31.31415748596196 ], [ -92.419738769531264, 31.314292907714847 ], [ -92.419448852539062, 31.314622879028306 ], [ -92.420242309570312, 31.315160751342766 ], [ -92.42230224609375, 31.312999725341772 ], [ -92.420906066894531, 31.311899185180678 ], [ -92.420600891113281, 31.312200546264645 ], [ -92.419998168945312, 31.311700820922866 ], [ -92.420196533203125, 31.311399459838881 ], [ -92.418685913085938, 31.310161590576129 ], [ -92.418266296386719, 31.310567855834954 ], [ -92.416343688964844, 31.309234619140678 ], [ -92.416656494140625, 31.308942794799862 ], [ -92.416984558105483, 31.309101104736307 ], [ -92.41680908203125, 31.308782577514659 ], [ -92.417709350585938, 31.307859420776399 ], [ -92.419174194335938, 31.308923721313455 ], [ -92.420799255371094, 31.307300567626939 ], [ -92.41790771484375, 31.304800033569357 ], [ -92.4197998046875, 31.302904129028299 ], [ -92.424705505371094, 31.306200027465824 ], [ -92.428398132324219, 31.302400588989244 ], [ -92.430900573730469, 31.304199218749975 ], [ -92.436904907226562, 31.308900833129861 ], [ -92.4281005859375, 31.317199707031268 ], [ -92.42730712890625, 31.318799972534197 ], [ -92.42730712890625, 31.319400787353569 ], [ -92.428077697753906, 31.32326507568359 ], [ -92.429306030273438, 31.326599121093746 ], [ -92.430000305175781, 31.326200485229485 ], [ -92.435798645019531, 31.320100784301776 ], [ -92.437797546386719, 31.318399429321325 ], [ -92.44110107421875, 31.314599990844755 ], [ -92.442703247070312, 31.313100814819329 ], [ -92.445503234863281, 31.314800262451183 ], [ -92.448707580566406, 31.316900253295902 ], [ -92.448593139648452, 31.316982269287124 ], [ -92.432586669921875, 31.333003997802777 ], [ -92.43650054931642, 31.337799072265685 ], [ -92.439399719238281, 31.335199356079116 ], [ -92.447196960449219, 31.327100753784183 ], [ -92.448196411132812, 31.326499938964794 ], [ -92.450599670410156, 31.326799392700174 ], [ -92.451705932617188, 31.326599121093746 ], [ -92.451705932617188, 31.32675743103027 ], [ -92.45208740234375, 31.329742431640646 ], [ -92.453704833984375, 31.333400726318349 ], [ -92.453781127929688, 31.333570480346712 ], [ -92.45440673828125, 31.33486557006832 ], [ -92.45477294921875, 31.336740493774411 ], [ -92.45355224609375, 31.340717315673814 ], [ -92.45343017578125, 31.342445373535178 ], [ -92.455657958984375, 31.344028472900405 ], [ -92.456863403320312, 31.34452438354495 ], [ -92.459503173828125, 31.344999313354531 ], [ -92.471000671386719, 31.34589958190919 ], [ -92.472702026367188, 31.34539985656739 ], [ -92.474502563476562, 31.343200683593761 ], [ -92.474800109863295, 31.336399078369137 ], [ -92.476997375488281, 31.33390045166017 ], [ -92.482398986816406, 31.334100723266602 ], [ -92.482894897460938, 31.334276199340799 ], [ -92.484100341796875, 31.334699630737273 ], [ -92.490219116210938, 31.33805465698239 ], [ -92.489974975585938, 31.339923858642585 ], [ -92.490623474121094, 31.340332031249968 ], [ -92.491264343261719, 31.341222763061513 ], [ -92.493087768554688, 31.342260360717802 ], [ -92.494415283203125, 31.343465805053714 ], [ -92.505767822265625, 31.347633361816388 ], [ -92.511909484863281, 31.351858139038089 ], [ -92.512397766113281, 31.351900100707979 ], [ -92.519401550292969, 31.356199264526357 ], [ -92.522796630859375, 31.357599258422866 ], [ -92.528907775878906, 31.358999252319339 ], [ -92.530998229980469, 31.358800888061548 ], [ -92.534706115722656, 31.357900619506793 ], [ -92.538101196289062, 31.357500076293928 ], [ -92.5469970703125, 31.35989952087407 ], [ -92.551307678222656, 31.363100051879879 ], [ -92.557601928710938, 31.370800018310526 ], [ -92.561798095703125, 31.377500534057607 ], [ -92.563400268554688, 31.3838996887207 ], [ -92.565803527832031, 31.386299133300763 ], [ -92.570396423339844, 31.387899398803729 ], [ -92.573799133300795, 31.387800216674794 ], [ -92.579399108886719, 31.38859939575196 ], [ -92.581199645996094, 31.386800765991239 ], [ -92.579902648925781, 31.382099151611296 ], [ -92.580001831054688, 31.379199981689471 ], [ -92.582504272460938, 31.377845764160117 ], [ -92.585189819335938, 31.377296447753931 ], [ -92.586280822753906, 31.377231597900355 ], [ -92.592330932617188, 31.3769035339356 ], [ -92.595962524414077, 31.375579833984364 ], [ -92.599700927734375, 31.375799179077124 ], [ -92.604110717773438, 31.380928039550788 ], [ -92.605621337890625, 31.381973266601577 ], [ -92.607513427734375, 31.382087707519538 ], [ -92.608856201171875, 31.381368637084901 ], [ -92.609817504882812, 31.380384445190426 ], [ -92.612869262695312, 31.376232147216776 ], [ -92.614578247070312, 31.374809265136715 ], [ -92.618133544921875, 31.373771667480469 ], [ -92.619705200195312, 31.373500823974627 ], [ -92.621482849121094, 31.373546600341797 ], [ -92.624931335449219, 31.374301910400398 ], [ -92.627685546875, 31.375488281249979 ], [ -92.63189697265625, 31.378543853759751 ], [ -92.632904052734375, 31.379472732543956 ], [ -92.633682250976562, 31.380670547485337 ], [ -92.634323120117188, 31.382995605468754 ], [ -92.634124755859375, 31.384492874145533 ], [ -92.633659362792983, 31.385854721069371 ], [ -92.632499694824219, 31.387813568115234 ], [ -92.631797790527344, 31.390300750732433 ], [ -92.632186889648438, 31.391101837158235 ], [ -92.633224487304688, 31.392101287841808 ], [ -92.63580322265625, 31.393100738525394 ], [ -92.637039184570312, 31.393022537231452 ], [ -92.640228271484375, 31.392282485961928 ], [ -92.644241333007812, 31.390323638916051 ], [ -92.651657104492188, 31.388126373291023 ], [ -92.654998779296875, 31.387767791748065 ], [ -92.658500671386719, 31.387899398803739 ], [ -92.662101745605469, 31.389499664306594 ], [ -92.662750244140639, 31.389768600463871 ], [ -92.664199829101562, 31.391099929809503 ], [ -92.665901184082031, 31.393499374389648 ], [ -92.6666259765625, 31.394044876098576 ], [ -92.667282104492188, 31.397346496582038 ], [ -92.667129516601562, 31.399076461791964 ], [ -92.667312622070327, 31.400897979736317 ], [ -92.667709350585938, 31.403339385986317 ], [ -92.668304443359375, 31.404600143432688 ], [ -92.6689453125, 31.405088424682607 ], [ -92.669845581054688, 31.40504837036136 ], [ -92.671211242675781, 31.404533386230451 ], [ -92.672355651855469, 31.40264129638669 ], [ -92.673416137695312, 31.399274826049787 ], [ -92.675704956054688, 31.39708328247071 ], [ -92.679000854492188, 31.395965576171861 ], [ -92.679901123046875, 31.39590072631837 ], [ -92.681961059570312, 31.395814895629886 ], [ -92.6849365234375, 31.396423339843771 ], [ -92.692581176757812, 31.399526596069371 ], [ -92.694076538085938, 31.40077972412109 ], [ -92.6951904296875, 31.402130126953168 ], [ -92.695510864257812, 31.403432846069322 ], [ -92.695503234863281, 31.405099868774457 ], [ -92.69451904296875, 31.407064437866261 ], [ -92.6925048828125, 31.408313751220714 ], [ -92.685775756835938, 31.410858154296896 ], [ -92.681961059570312, 31.412731170654293 ], [ -92.679382324218764, 31.413570404052749 ], [ -92.677444458007812, 31.414562225341761 ], [ -92.677047729492188, 31.415424346923846 ], [ -92.677383422851562, 31.416675567626964 ], [ -92.67864990234375, 31.417697906494141 ], [ -92.687606811523438, 31.420438766479492 ], [ -92.69061279296875, 31.421943664550785 ], [ -92.692306518554688, 31.423259735107408 ], [ -92.693931579589844, 31.425416946411115 ], [ -92.69427490234375, 31.427986145019521 ], [ -92.693084716796875, 31.430801391601612 ], [ -92.691070556640625, 31.433132171630849 ], [ -92.6865234375, 31.436557769775359 ], [ -92.682113647460938, 31.44045448303223 ], [ -92.680007934570312, 31.443910598754897 ], [ -92.680313110351562, 31.445892333984339 ], [ -92.681427001953139, 31.447292327880891 ], [ -92.684173583984375, 31.447708129882777 ], [ -92.693344116210938, 31.444587707519496 ], [ -92.696304321289062, 31.444299697876001 ], [ -92.699447631835938, 31.444894790649386 ], [ -92.70245361328125, 31.446445465087912 ], [ -92.704643249511733, 31.448120117187447 ], [ -92.706085205078139, 31.450508117675728 ], [ -92.70697021484375, 31.45820617675777 ], [ -92.707107543945312, 31.468900680542017 ], [ -92.706802368164062, 31.470300674438494 ], [ -92.705101013183594, 31.471399307250952 ], [ -92.700904846191406, 31.471500396728509 ], [ -92.697601318359375, 31.470699310302738 ], [ -92.693000793457031, 31.471099853515675 ], [ -92.690505981445312, 31.47279930114745 ], [ -92.690505981445312, 31.474500656127887 ], [ -92.692100524902344, 31.47610092163087 ], [ -92.697196960449219, 31.478700637817376 ], [ -92.698707580566406, 31.48010063171386 ], [ -92.69940185546875, 31.48220062255859 ], [ -92.699302673339844, 31.484800338745096 ], [ -92.698883056640625, 31.486810684204098 ], [ -92.699203491210938, 31.490600585937496 ], [ -92.699005126953125, 31.491300582885785 ], [ -92.698600769042969, 31.491699218749982 ], [ -92.693901062011719, 31.492900848388679 ], [ -92.692489624023438, 31.492950439453129 ], [ -92.686920166015625, 31.492298126220742 ], [ -92.684921264648438, 31.4924011230469 ], [ -92.68402099609375, 31.492603302001942 ], [ -92.683197021484375, 31.493099212646527 ], [ -92.682525634765625, 31.49362182617185 ], [ -92.682052612304688, 31.49479484558104 ], [ -92.6824951171875, 31.497720718383817 ], [ -92.68316650390625, 31.498830795288086 ], [ -92.686012268066406, 31.500543594360344 ], [ -92.687850952148438, 31.50077438354494 ], [ -92.689743041992188, 31.5 ], [ -92.694602966308594, 31.494899749755859 ], [ -92.697189331054688, 31.4940376281738 ], [ -92.700210571289062, 31.493824005126971 ], [ -92.701797485351562, 31.494199752807592 ], [ -92.709114074707031, 31.501003265380898 ], [ -92.711456298828125, 31.504003524780277 ], [ -92.71405029296875, 31.5097541809082 ], [ -92.715019226074219, 31.511190414428672 ], [ -92.718833923339844, 31.517421722412113 ], [ -92.7183837890625, 31.519113540649396 ], [ -92.71636962890625, 31.522226333618168 ], [ -92.716293334960938, 31.523509979248022 ], [ -92.716941833496094, 31.524381637573274 ], [ -92.720008850097656, 31.525478363037099 ], [ -92.727287292480469, 31.525653839111314 ], [ -92.730880737304688, 31.527944564819347 ], [ -92.73663330078125, 31.532249450683647 ], [ -92.738250732421875, 31.533201217651339 ], [ -92.744102478027344, 31.53586959838869 ], [ -92.746185302734375, 31.53716278076169 ], [ -92.747657775878906, 31.538412094116229 ], [ -92.75, 31.541254043579116 ], [ -92.752708435058594, 31.543098449707056 ], [ -92.756729125976562, 31.54517173767092 ], [ -92.759979248046875, 31.546421051025391 ], [ -92.761161804199219, 31.547218322753906 ], [ -92.761466979980469, 31.54835510253908 ], [ -92.761192321777344, 31.550001144409173 ], [ -92.759994506835938, 31.551546096801744 ], [ -92.756034851074219, 31.5551357269287 ], [ -92.755584716796875, 31.556022644042965 ], [ -92.756027221679688, 31.55776786804196 ], [ -92.756904602050781, 31.55866813659669 ], [ -92.761894226074219, 31.561328887939457 ], [ -92.767524719238281, 31.563707351684538 ], [ -92.770660400390625, 31.565464019775398 ], [ -92.772735595703125, 31.566923141479485 ], [ -92.775360107421875, 31.569244384765589 ], [ -92.779518127441406, 31.573497772216776 ], [ -92.7833251953125, 31.576774597167976 ], [ -92.785888671875, 31.57754135131837 ], [ -92.787216186523438, 31.578491210937511 ], [ -92.793380737304688, 31.590122222900359 ], [ -92.795333862304688, 31.592403411865252 ], [ -92.798156738281264, 31.59480094909668 ], [ -92.800651550292983, 31.596492767334002 ], [ -92.802848815917969, 31.597469329833995 ], [ -92.806053161621108, 31.598377227783185 ], [ -92.808174133300781, 31.598564147949247 ], [ -92.816749572753906, 31.598442077636719 ], [ -92.821914672851562, 31.599107742309567 ], [ -92.828773498535156, 31.600479125976534 ], [ -92.831199645996094, 31.60063362121581 ], [ -92.835990905761719, 31.600473403930653 ], [ -92.838088989257812, 31.600585937500046 ], [ -92.840789794921875, 31.601064682006818 ], [ -92.847450256347656, 31.603767395019545 ], [ -92.852691650390625, 31.606561660766605 ], [ -92.862091064453125, 31.613180160522514 ], [ -92.867156982421875, 31.616134643554684 ], [ -92.869964599609375, 31.617500305175728 ], [ -92.871017456054688, 31.617551803588828 ], [ -92.875, 31.616708755493175 ], [ -92.877937316894531, 31.616350173950192 ], [ -92.882919311523438, 31.616434097290053 ], [ -92.884521484375, 31.616724014282212 ], [ -92.886589050292969, 31.617631912231435 ], [ -92.901329040527344, 31.62096595764163 ], [ -92.904739379882812, 31.622566223144521 ], [ -92.908157348632812, 31.625 ], [ -92.909400939941406, 31.626941680908185 ], [ -92.909843444824219, 31.628383636474641 ], [ -92.910011291503906, 31.630561828613267 ], [ -92.909851074218764, 31.632886886596687 ], [ -92.908615112304688, 31.638216018676783 ], [ -92.903656005859375, 31.650571823120181 ], [ -92.902778625488281, 31.653446197509744 ], [ -92.902252197265625, 31.65666961669919 ], [ -92.906074523925781, 31.656826019287102 ], [ -92.911453247070312, 31.657857894897475 ], [ -92.914886474609375, 31.656713485717749 ], [ -92.921401977539062, 31.65707969665532 ], [ -92.922309875488281, 31.656713485717749 ], [ -92.9259033203125, 31.654123306274428 ], [ -92.926567077636719, 31.653781890869102 ], [ -92.927879333496094, 31.653665542602543 ], [ -92.92962646484375, 31.654010772705085 ], [ -92.933616638183594, 31.655889511108441 ], [ -92.934211730957031, 31.655889511108441 ], [ -92.9427490234375, 31.651603698730479 ], [ -92.950088500976562, 31.648807525634751 ], [ -92.954032897949219, 31.646722793579084 ], [ -92.954994201660156, 31.6455078125 ], [ -92.955528259277344, 31.645484924316406 ], [ -92.958152770996094, 31.646697998046861 ], [ -92.960487365722656, 31.647478103637706 ], [ -92.965042114257812, 31.650548934936516 ], [ -92.972808837890639, 31.654235839843771 ], [ -92.975112915039062, 31.654922485351562 ], [ -92.989883422851562, 31.655260086059602 ], [ -93.000358581542969, 31.655210494995124 ], [ -93.000503540039062, 31.662590026855469 ], [ -93.000801086425781, 31.663232803344719 ], [ -93.002159118652344, 31.663576126098626 ], [ -93.00095367431642, 31.666141510009751 ], [ -93.00095367431642, 31.666852951049801 ], [ -93.001220703125, 31.667287826538086 ], [ -93.006233215332031, 31.669330596923892 ], [ -93.016380310058608, 31.671855926513672 ], [ -93.033241271972656, 31.678594589233409 ], [ -93.032997131347656, 31.679719924926772 ], [ -93.034828186035156, 31.679946899414062 ], [ -93.03515625, 31.679384231567397 ], [ -93.037071228027344, 31.680364608764638 ], [ -93.03814697265625, 31.681900024414066 ], [ -93.038108825683594, 31.683713912963835 ], [ -93.037841796875, 31.684551239013672 ], [ -93.044891357421875, 31.677991867065437 ], [ -93.045967102050795, 31.686914443969727 ], [ -93.046745300292969, 31.689897537231449 ], [ -93.047760009765625, 31.692235946655273 ], [ -93.049049377441406, 31.694223403930668 ], [ -93.059768676757812, 31.708646774291989 ], [ -93.064910888671875, 31.715635299682653 ], [ -93.066337585449219, 31.717651367187493 ], [ -93.066978454589844, 31.719276428222628 ], [ -93.067970275878906, 31.721433639526371 ], [ -93.072044372558608, 31.726980209350575 ], [ -93.074409484863281, 31.728866577148406 ], [ -93.075035095214858, 31.729368209838842 ], [ -93.076148986816406, 31.730600357055657 ], [ -93.074966430664062, 31.731206893920881 ], [ -93.074493408203125, 31.730560302734379 ], [ -93.073196411132812, 31.731222152709979 ], [ -93.072265625, 31.731834411621112 ], [ -93.071464538574233, 31.732048034667979 ], [ -93.071327209472656, 31.732389450073256 ], [ -93.070182800292969, 31.732408523559595 ], [ -93.068984985351562, 31.741790771484364 ], [ -93.069854736328125, 31.742027282714865 ], [ -93.070091247558594, 31.743377685546889 ], [ -93.064094543457031, 31.745557785034169 ], [ -93.063522338867188, 31.746961593627926 ], [ -93.062820434570312, 31.747394561767585 ], [ -93.061782836914062, 31.748718261718729 ], [ -93.061126708984375, 31.749446868896531 ], [ -93.064002990722656, 31.747516632080025 ], [ -93.066719055175781, 31.746515274047852 ], [ -93.067535400390625, 31.746215820312479 ], [ -93.070083618164062, 31.745306015014691 ], [ -93.072685241699219, 31.743843078613249 ], [ -93.078697204589844, 31.741067886352525 ], [ -93.080696105957031, 31.740314483642578 ], [ -93.081741333007812, 31.740510940551744 ], [ -93.081809997558594, 31.741760253906246 ], [ -93.082298278808594, 31.75 ], [ -93.082267761230469, 31.753526687622088 ], [ -93.07708740234375, 31.753206253051747 ], [ -93.076957702636719, 31.754856109619134 ], [ -93.0760498046875, 31.754810333251932 ], [ -93.075881958007812, 31.756576538085969 ], [ -93.078697204589844, 31.756849288940408 ], [ -93.078727722167969, 31.757514953613281 ], [ -93.084304809570312, 31.757926940917972 ], [ -93.084220886230469, 31.760286331176758 ], [ -93.084220886230469, 31.760515213012699 ], [ -93.084983825683594, 31.760557174682582 ], [ -93.084526062011719, 31.766620635986349 ], [ -93.084762573242188, 31.77071380615233 ], [ -93.084602355957031, 31.772592544555625 ], [ -93.0843505859375, 31.773574829101509 ], [ -93.082366943359375, 31.775060653686538 ], [ -93.082511901855469, 31.776809692382834 ], [ -93.084197998046875, 31.777795791625962 ], [ -93.084259033203125, 31.778024673461914 ], [ -93.083824157714844, 31.778392791747986 ], [ -93.084152221679688, 31.779237747192354 ], [ -93.08349609375, 31.780082702636744 ], [ -93.086135864257812, 31.780269622802749 ], [ -93.086456298828125, 31.781873703002972 ], [ -93.086433410644531, 31.784439086914066 ], [ -93.093826293945312, 31.784261703491207 ], [ -93.093597412109375, 31.78437423706054 ], [ -93.093368530273452, 31.784490585327191 ], [ -93.085838317871094, 31.788221359252923 ], [ -93.08599853515625, 31.790330886840838 ], [ -93.087158203125, 31.792852401733398 ], [ -93.087661743164062, 31.794754028320341 ], [ -93.087295532226562, 31.799243927001996 ], [ -93.088340759277344, 31.802888870239297 ], [ -93.088371276855469, 31.805179595947301 ], [ -93.086540222167969, 31.810634613037088 ], [ -93.085952758789062, 31.814508438110352 ], [ -93.084640502929688, 31.818569183349616 ], [ -93.083168029785156, 31.82143020629881 ], [ -93.081741333007812, 31.822895050048835 ], [ -93.080162048339844, 31.823675155639631 ], [ -93.078254699707031, 31.823949813842809 ], [ -93.06878662109375, 31.824729919433565 ], [ -93.063041687011719, 31.823974609375021 ], [ -93.055549621582031, 31.823608398437482 ], [ -93.045448303222656, 31.822170257568363 ], [ -93.036201477050781, 31.820693969726534 ], [ -93.032905578613295, 31.820383071899421 ], [ -93.032577514648438, 31.822675704956019 ], [ -93.030136108398438, 31.820642471313477 ], [ -93.02911376953125, 31.820945739746112 ], [ -93.027267456054702, 31.821357727050778 ], [ -93.0260009765625, 31.823303222656225 ], [ -93.023902893066406, 31.824274063110376 ], [ -93.024131774902344, 31.824466705322248 ], [ -93.023178100585938, 31.825469970703136 ], [ -93.023231506347656, 31.826528549194315 ], [ -93.022010803222656, 31.828727722167965 ], [ -93.022010803222656, 31.83042335510255 ], [ -93.022613525390625, 31.830501556396506 ], [ -93.024131774902344, 31.826532363891605 ], [ -93.039199829101562, 31.831335067749006 ], [ -93.040275573730469, 31.829759597778345 ], [ -93.052703857421875, 31.840360641479492 ], [ -93.057159423828125, 31.844142913818317 ], [ -93.070877075195312, 31.855897903442379 ], [ -93.084518432617188, 31.867193222045895 ], [ -93.105117797851562, 31.884881973266598 ], [ -93.104492187500014, 31.884685516357425 ], [ -93.10699462890625, 31.889211654663118 ], [ -93.109001159667969, 31.888729095458995 ], [ -93.11151123046875, 31.89427185058593 ], [ -93.111991882324219, 31.895334243774425 ], [ -93.11114501953125, 31.89549255371092 ], [ -93.111328125, 31.896215438842759 ], [ -93.112159729003906, 31.899410247802717 ], [ -93.111930847167969, 31.899436950683636 ], [ -93.112266540527344, 31.90064620971679 ], [ -93.11175537109375, 31.900711059570295 ], [ -93.112541198730469, 31.904373168945341 ], [ -93.112197875976562, 31.904439926147461 ], [ -93.11228179931642, 31.906772613525376 ], [ -93.112831115722656, 31.907609939575188 ], [ -93.110374450683594, 31.909421920776374 ], [ -93.107986450195312, 31.910392761230462 ], [ -93.105400085449219, 31.91325378417967 ], [ -93.105545043945312, 31.913627624511712 ], [ -93.105636596679688, 31.913873672485373 ], [ -93.107345581054688, 31.913673400878892 ], [ -93.109230041503906, 31.912057876586921 ], [ -93.110855102539062, 31.912025451660142 ], [ -93.1126708984375, 31.910768508911129 ], [ -93.113548278808594, 31.909059524536129 ], [ -93.113571166992188, 31.910915374755863 ], [ -93.115478515625, 31.913265228271491 ], [ -93.113471984863281, 31.913331985473604 ], [ -93.113471984863281, 31.91400909423832 ], [ -93.115806579589844, 31.914026260375948 ], [ -93.115478515625, 31.914520263671861 ], [ -93.116554260253906, 31.914585113525433 ], [ -93.116241455078125, 31.914007186889652 ], [ -93.117881774902344, 31.913982391357447 ], [ -93.11785888671875, 31.911754608154325 ], [ -93.11529541015625, 31.906879425048825 ], [ -93.116470336914062, 31.903701782226562 ], [ -93.120796203613281, 31.904684066772436 ], [ -93.121002197265625, 31.904077529907205 ], [ -93.117218017578125, 31.903060913085941 ], [ -93.119277954101562, 31.898563385009762 ], [ -93.122467041015625, 31.899887084960966 ], [ -93.124839782714844, 31.896753311157227 ], [ -93.123886108398438, 31.892532348632781 ], [ -93.12567138671875, 31.892608642578118 ], [ -93.127418518066406, 31.893157958984357 ], [ -93.129730224609375, 31.895360946655309 ], [ -93.131141662597656, 31.896200180053725 ], [ -93.131233215332031, 31.895200729370121 ], [ -93.131690979003906, 31.895154953002944 ], [ -93.133399963378906, 31.894216537475593 ], [ -93.137184143066406, 31.895067214965838 ], [ -93.139183044433594, 31.894145965576147 ], [ -93.157989501953125, 31.876937866210895 ], [ -93.160873413085938, 31.876731872558569 ], [ -93.163902282714844, 31.877956390380835 ], [ -93.1683349609375, 31.882356643676712 ], [ -93.175666809082031, 31.891395568847695 ], [ -93.1802978515625, 31.903247833251953 ], [ -93.183090209960938, 31.906190872192408 ], [ -93.185569763183594, 31.907518386840824 ], [ -93.188209533691406, 31.907360076904297 ], [ -93.18997955322267, 31.905944824218754 ], [ -93.191421508789062, 31.902389526367227 ], [ -93.190376281738281, 31.898080825805639 ], [ -93.188316345214844, 31.893312454223587 ], [ -93.188270568847656, 31.889938354492166 ], [ -93.189208984375, 31.888393402099592 ], [ -93.19281005859375, 31.887111663818381 ], [ -93.203704833984375, 31.88965988159179 ], [ -93.209213256835938, 31.89157867431641 ], [ -93.224250793457031, 31.895885467529315 ], [ -93.231742858886733, 31.898267745971697 ], [ -93.237869262695312, 31.902196884155305 ], [ -93.239326477050781, 31.903444290161126 ], [ -93.239311218261719, 31.905015945434517 ], [ -93.238899230957031, 31.932817459106438 ], [ -93.238876342773438, 31.933681488037113 ], [ -93.238304138183594, 31.972620010375994 ], [ -93.1500244140625, 31.972045898437518 ], [ -93.148872375488281, 31.972206115722642 ], [ -93.125, 31.972185134887692 ], [ -93.121025085449219, 31.972450256347621 ], [ -93.121536254882812, 31.972816467285185 ], [ -93.123176574707031, 31.973022460937486 ], [ -93.124061584472656, 31.973480224609357 ], [ -93.126129150390625, 31.975864410400426 ], [ -93.1279296875, 31.976505279540998 ], [ -93.128738403320312, 31.977491378784169 ], [ -93.129135131835938, 31.979209899902337 ], [ -93.130050659179688, 31.980493545532248 ], [ -93.131309509277344, 31.98131942749022 ], [ -93.1343994140625, 31.981847763061499 ], [ -93.1357421875, 31.982696533203125 ], [ -93.135932922363281, 31.983085632324187 ], [ -93.134910583496094, 31.986936569213871 ], [ -93.134101867675781, 31.987989425659148 ], [ -93.134422302246108, 31.988677978515629 ], [ -93.135986328125, 31.989526748657241 ], [ -93.138435363769531, 31.989366531372077 ], [ -93.139533996582031, 31.98982620239256 ], [ -93.140586853027344, 31.990856170654265 ], [ -93.141197204589844, 31.993240356445323 ], [ -93.141632080078125, 31.993904113769545 ], [ -93.143775939941406, 31.993768692016605 ], [ -93.144721984863281, 31.993951797485334 ], [ -93.145797729492188, 31.994661331176797 ], [ -93.147010803222656, 31.996105194091772 ], [ -93.148941040039062, 31.996267318725614 ], [ -93.150688171386719, 31.996795654296896 ], [ -93.152145385742188, 31.99874305725098 ], [ -93.152275085449219, 32.0 ], [ -93.15264892578125, 32.00072860717772 ], [ -93.154914855957031, 32.002220153808601 ], [ -93.155525207519531, 32.004764556884808 ], [ -93.156356811523438, 32.005908966064453 ], [ -93.157325744628906, 32.006458282470732 ], [ -93.159286499023438, 32.0067138671875 ], [ -93.158538818359375, 32.008613586425831 ], [ -93.159660339355469, 32.01216506958005 ], [ -93.158889770507812, 32.01363372802733 ], [ -93.156784057617188, 32.016063690185568 ], [ -93.156463623046875, 32.017070770263686 ], [ -93.156600952148438, 32.018100738525369 ], [ -93.157752990722656, 32.019157409667933 ], [ -93.158180236816406, 32.020736694335945 ], [ -93.156806945800781, 32.023097991943395 ], [ -93.156486511230469, 32.024494171142578 ], [ -93.157081604003906, 32.025573730468757 ], [ -93.158477783203139, 32.026786804199254 ], [ -93.158477783203139, 32.027542114257855 ], [ -93.156806945800781, 32.02905654907223 ], [ -93.153549194335938, 32.030910491943359 ], [ -93.153312683105469, 32.03242111206054 ], [ -93.152984619140625, 32.032630920410185 ], [ -93.152313232421875, 32.032585144042947 ], [ -93.152107238769531, 32.032035827636712 ], [ -93.151161193847656, 32.032627105712869 ], [ -93.151992797851562, 32.033752441406271 ], [ -93.150726318359375, 32.034255981445334 ], [ -93.149467468261719, 32.034187316894553 ], [ -93.148574829101562, 32.034759521484396 ], [ -93.14794921875, 32.03673171997071 ], [ -93.146881103515639, 32.036361694335945 ], [ -93.146072387695312, 32.036613464355455 ], [ -93.146347045898438, 32.037666320800746 ], [ -93.145423889160156, 32.038471221923864 ], [ -93.145370483398438, 32.039981842041051 ], [ -93.144027709960938, 32.040557861328118 ], [ -93.143348693847656, 32.041107177734347 ], [ -93.142623901367188, 32.041015624999979 ], [ -93.141822814941406, 32.040416717529332 ], [ -93.14141845703125, 32.040645599365213 ], [ -93.141517639160156, 32.04335021972657 ], [ -93.142601013183594, 32.044128417968771 ], [ -93.142784118652344, 32.044700622558551 ], [ -93.141334533691406, 32.045848846435526 ], [ -93.141227722167969, 32.047611236572287 ], [ -93.139366149902344, 32.047359466552749 ], [ -93.138557434082031, 32.047542572021435 ], [ -93.138534545898438, 32.048183441162124 ], [ -93.139205932617188, 32.049079895019538 ], [ -93.138671875, 32.049396514892578 ], [ -93.13751220703125, 32.049583435058587 ], [ -93.13751220703125, 32.049880981445284 ], [ -93.138290405273438, 32.050842285156271 ], [ -93.137557983398438, 32.051322937011747 ], [ -93.136428833007812, 32.051208496093707 ], [ -93.135757446289062, 32.051414489746108 ], [ -93.135818481445312, 32.052009582519524 ], [ -93.137138366699219, 32.053203582763615 ], [ -93.1361083984375, 32.05475997924804 ], [ -93.135917663574219, 32.05615615844728 ], [ -93.137237548828125, 32.05686950683593 ], [ -93.138877868652344, 32.060581207275369 ], [ -93.139869689941406, 32.061290740966818 ], [ -93.141754150390625, 32.063243865966783 ], [ -93.14263916015625, 32.064411163330064 ], [ -93.142967224121094, 32.0655326843262 ], [ -93.143798828125, 32.066402435302741 ], [ -93.143798828125, 32.066955566406257 ], [ -93.143074035644531, 32.068328857421861 ], [ -93.14337158203125, 32.070186614990256 ], [ -93.1446533203125, 32.070323944091768 ], [ -93.145004272460938, 32.070575714111357 ], [ -93.145278930664062, 32.072452545166016 ], [ -93.147323608398438, 32.072364807128913 ], [ -93.14788818359375, 32.073211669921861 ], [ -93.147857666015625, 32.073646545410199 ], [ -93.1488037109375, 32.074565887451151 ], [ -93.14923095703125, 32.075527191162102 ], [ -93.150520324707031, 32.074977874755852 ], [ -93.150955200195312, 32.075046539306669 ], [ -93.153083801269531, 32.075984954833977 ], [ -93.154556274414062, 32.077568054199254 ], [ -93.156394958496094, 32.077499389648452 ], [ -93.156951904296875, 32.07775115966799 ], [ -93.157577514648438, 32.078693389892599 ], [ -93.1572265625, 32.079792022705092 ], [ -93.157302856445312, 32.080547332763693 ], [ -93.157028198242188, 32.080799102783239 ], [ -93.157386779785156, 32.081233978271484 ], [ -93.157386779785156, 32.081874847412116 ], [ -93.158248901367188, 32.082012176513707 ], [ -93.158157348632812, 32.08263015747071 ], [ -93.158378601074219, 32.082725524902401 ], [ -93.159675598144531, 32.082336425781236 ], [ -93.160186767578125, 32.081394195556648 ], [ -93.160400390625, 32.081394195556648 ], [ -93.160995483398452, 32.082633972167947 ], [ -93.161827087402344, 32.083435058593729 ], [ -93.161155700683594, 32.083892822265611 ], [ -93.161155700683594, 32.084259033203132 ], [ -93.1624755859375, 32.085750579833949 ], [ -93.162818908691406, 32.088340759277379 ], [ -93.164108276367188, 32.090286254882834 ], [ -93.164108276367188, 32.09118270874027 ], [ -93.163330078125, 32.09241867065434 ], [ -93.163734436035156, 32.092578887939489 ], [ -93.163703918457031, 32.093311309814496 ], [ -93.163383483886733, 32.093521118164027 ], [ -93.161605834960938, 32.093746185302713 ], [ -93.160720825195312, 32.095809936523402 ], [ -93.159317016601577, 32.096611022949226 ], [ -93.158966064453125, 32.097778320312479 ], [ -93.158294677734375, 32.098606109619148 ], [ -93.152908325195312, 32.102088928222692 ], [ -93.152481079101562, 32.102680206298793 ], [ -93.152183532714844, 32.104286193847706 ], [ -93.152961730957031, 32.106830596923857 ], [ -93.154258728027344, 32.107841491699226 ], [ -93.154678344726562, 32.108551025390597 ], [ -93.155380249023452, 32.108345031738274 ], [ -93.155624389648438, 32.109512329101534 ], [ -93.156753540039062, 32.110385894775412 ], [ -93.1568603515625, 32.110935211181669 ], [ -93.157241821289062, 32.111324310302749 ], [ -93.158126831054688, 32.111850738525355 ], [ -93.158477783203139, 32.112583160400391 ], [ -93.159286499023438, 32.112697601318366 ], [ -93.160118103027344, 32.113754272460938 ], [ -93.160873413085938, 32.113662719726548 ], [ -93.161331176757812, 32.113868713378949 ], [ -93.161659240722656, 32.114418029785178 ], [ -93.161758422851562, 32.115837097167976 ], [ -93.162353515625, 32.116779327392599 ], [ -93.162376403808594, 32.117900848388643 ], [ -93.163322448730469, 32.118705749511747 ], [ -93.163589477539062, 32.11939239501956 ], [ -93.164237976074219, 32.119850158691371 ], [ -93.164665222167969, 32.120742797851534 ], [ -93.16552734375, 32.121681213378956 ], [ -93.166099548339844, 32.121799468994126 ], [ -93.166389465332031, 32.122119903564496 ], [ -93.166770935058594, 32.122829437255866 ], [ -93.167091369628906, 32.124477386474609 ], [ -93.166900634765625, 32.125400543212926 ], [ -93.167167663574219, 32.126377105712912 ], [ -93.167121887207031, 32.127635955810568 ], [ -93.167839050292969, 32.128257751464886 ], [ -93.16937255859375, 32.127498626708963 ], [ -93.170639038085938, 32.127773284912088 ], [ -93.171073913574219, 32.128162384033232 ], [ -93.171073913574219, 32.130088806152365 ], [ -93.173019409179688, 32.129699707031264 ], [ -93.173652648925781, 32.130546569824212 ], [ -93.173553466796875, 32.13132476806642 ], [ -93.173179626464844, 32.131809234619169 ], [ -93.174278259277344, 32.13286209106446 ], [ -93.174064636230469, 32.133319854736371 ], [ -93.173553466796875, 32.133548736572259 ], [ -93.173690795898452, 32.134651184082024 ], [ -93.175819396972656, 32.134876251220703 ], [ -93.176353454589844, 32.135681152343764 ], [ -93.177261352539062, 32.136001586914062 ], [ -93.177261352539062, 32.136344909667955 ], [ -93.176216125488281, 32.137168884277344 ], [ -93.176406860351562, 32.138225555419901 ], [ -93.17718505859375, 32.138225555419901 ], [ -93.178153991699219, 32.139461517333928 ], [ -93.178184509277344, 32.140197753906271 ], [ -93.178398132324219, 32.140308380126953 ], [ -93.179367065429688, 32.139919281005866 ], [ -93.180259704589844, 32.140701293945263 ], [ -93.181602478027344, 32.140354156494119 ], [ -93.182273864746094, 32.14131927490233 ], [ -93.184181213378906, 32.141136169433565 ], [ -93.184432983398438, 32.141525268554652 ], [ -93.184158325195312, 32.142074584960952 ], [ -93.184944152832045, 32.142578125 ], [ -93.185638427734375, 32.143676757812521 ], [ -93.185699462890625, 32.144641876220739 ], [ -93.18634033203125, 32.145511627197273 ], [ -93.185798645019531, 32.146724700927734 ], [ -93.186477661132812, 32.147415161132791 ], [ -93.18698883056642, 32.146957397460923 ], [ -93.187232971191406, 32.147003173828125 ], [ -93.187881469726562, 32.147529602050788 ], [ -93.188064575195327, 32.148262023925767 ], [ -93.134231567382812, 32.147876739501974 ], [ -93.125, 32.147880554199226 ], [ -93.117118835449219, 32.148342132568388 ], [ -93.098320007324219, 32.148075103759759 ], [ -93.083190917968764, 32.148109436035092 ], [ -93.066398620605469, 32.148147583007805 ], [ -93.026275634765625, 32.148281097412067 ], [ -93.002304077148438, 32.14829254150392 ], [ -93.0, 32.14764022827147 ], [ -92.972854614257812, 32.147979736328161 ], [ -92.938438415527344, 32.147785186767578 ], [ -92.902702331542969, 32.14781951904299 ], [ -92.875, 32.147281646728494 ], [ -92.814498901367188, 32.146751403808594 ], [ -92.791374206542969, 32.146446228027358 ], [ -92.772476196289062, 32.146469116210916 ], [ -92.75, 32.146541595458991 ], [ -92.74822998046875, 32.147026062011761 ], [ -92.724929809570312, 32.146915435790987 ], [ -92.699325561523438, 32.14679718017581 ], [ -92.646453857421875, 32.146736145019524 ], [ -92.594932556152344, 32.146606445312507 ], [ -92.593833923339844, 32.146598815917976 ], [ -92.533332824707031, 32.146354675292947 ], [ -92.481437683105469, 32.1463623046875 ], [ -92.45416259765625, 32.146308898925781 ], [ -92.42449951171875, 32.145645141601555 ], [ -92.407745361328125, 32.146129608154318 ], [ -92.375, 32.146228790283196 ], [ -92.351051330566406, 32.145576477050781 ], [ -92.339324951171875, 32.145469665527337 ], [ -92.312080383300781, 32.145969390869141 ], [ -92.31231689453125, 32.125 ], [ -92.311782836914062, 32.111843109130845 ], [ -92.311767578125014, 32.076126098632805 ], [ -92.312744140625, 31.991220474243118 ], [ -92.312492370605469, 31.936370849609375 ], [ -92.31247711181642, 31.927219390869162 ], [ -92.28155517578125, 31.927177429199226 ], [ -92.280632019042983, 31.926925659179705 ], [ -92.25, 31.927434921264645 ], [ -92.246170043945312, 31.927276611328121 ], [ -92.213294982910156, 31.927431106567404 ], [ -92.202537536621094, 31.927503585815423 ], [ -92.200706481933594, 31.927516937255877 ], [ -92.190834045410156, 31.927709579467788 ], [ -92.139724731445312, 31.92770004272462 ], [ -92.125, 31.927049636840824 ], [ -92.103569030761733, 31.927074432373058 ], [ -92.005302429199233, 31.927133560180668 ], [ -92.0, 31.9274005889893 ], [ -91.938499450683594, 31.9274005889893 ], [ -91.904251098632812, 31.9274005889893 ], [ -91.904586791992188, 31.971374511718771 ], [ -91.889556884765625, 31.971315383911122 ], [ -91.890373229980469, 31.972621917724613 ], [ -91.890701293945312, 31.974126815795909 ], [ -91.890266418457031, 31.976726531982422 ], [ -91.890556335449219, 31.977600097656268 ], [ -91.892234802246094, 31.97941589355468 ], [ -91.892768859863295, 31.98280715942381 ], [ -91.893585205078125, 31.983833312988271 ], [ -91.89459228515625, 31.984197616577173 ], [ -91.896400451660156, 31.984403610229492 ], [ -91.899467468261719, 31.988805770874013 ], [ -91.899353027343764, 31.98953819274902 ], [ -91.8974609375, 31.991405487060554 ], [ -91.897171020507812, 31.992345809936499 ], [ -91.897514343261719, 31.993108749389638 ], [ -91.898277282714858, 31.993221282958967 ], [ -91.900077819824219, 31.992700576782227 ], [ -91.900718688964844, 31.992769241333004 ], [ -91.901802062988281, 31.994661331176797 ], [ -91.90191650390625, 31.995645523071282 ], [ -91.901527404785156, 31.996328353881832 ], [ -91.901123046875, 31.996717453002919 ], [ -91.89727783203125, 31.998670578002937 ], [ -91.89678955078125, 31.999206542968789 ], [ -91.896537780761719, 32.0 ], [ -91.89678955078125, 32.0 ], [ -91.897171020507812, 32.000930786132812 ], [ -91.899024963378906, 32.00274658203125 ], [ -91.900337219238281, 32.004837036132812 ], [ -91.900100708007812, 32.00567245483402 ], [ -91.899566650390625, 32.00603866577147 ], [ -91.897979736328125, 32.006107330322223 ], [ -91.897560119628906, 32.006286621093707 ], [ -91.897392272949219, 32.006771087646456 ], [ -91.897689819335938, 32.007289886474602 ], [ -91.899116516113295, 32.008239746093771 ], [ -91.899375915527344, 32.008659362792997 ], [ -91.899139404296875, 32.009174346923849 ], [ -91.898460388183594, 32.009353637695341 ], [ -91.894737243652344, 32.009342193603516 ], [ -91.894416809082031, 32.009490966796861 ], [ -91.894287109375, 32.009918212890604 ], [ -91.894248962402344, 32.010395050048785 ], [ -91.895362854003906, 32.01250839233397 ], [ -91.895713806152344, 32.013900756835945 ], [ -91.897010803222656, 32.015663146972656 ], [ -91.897789001464844, 32.017772674560568 ], [ -91.898284912109375, 32.018043518066378 ], [ -91.899978637695312, 32.018035888671825 ], [ -91.900466918945312, 32.018299102783246 ], [ -91.900497436523438, 32.018791198730462 ], [ -91.899581909179688, 32.020080566406243 ], [ -91.899368286132812, 32.020797729492209 ], [ -91.9002685546875, 32.022369384765639 ], [ -91.902435302734375, 32.02423477172853 ], [ -91.90268707275392, 32.025287628173842 ], [ -91.900886535644531, 32.029075622558601 ], [ -91.898513793945327, 32.032207489013651 ], [ -91.898406982421875, 32.032890319824169 ], [ -91.898620605468764, 32.033924102783224 ], [ -91.899368286132812, 32.034835815429709 ], [ -91.900161743164062, 32.034988403320348 ], [ -91.902381896972656, 32.034793853759751 ], [ -91.903190612792969, 32.035057067871087 ], [ -91.904090881347656, 32.037017822265661 ], [ -91.90411376953125, 32.038822174072273 ], [ -91.903144836425781, 32.039863586425803 ], [ -91.901664733886719, 32.039688110351591 ], [ -91.900413513183594, 32.038658142089858 ], [ -91.899635314941406, 32.038509368896491 ], [ -91.898200988769531, 32.038883209228544 ], [ -91.898033142089844, 32.039394378662131 ], [ -91.898368835449219, 32.040035247802713 ], [ -91.901664733886719, 32.04229354858397 ], [ -91.903396606445312, 32.044719696044929 ], [ -91.908889770507812, 32.046054840087912 ], [ -91.909538269042969, 32.046535491943317 ], [ -91.909614562988281, 32.049003601074219 ], [ -91.910682678222656, 32.050407409667933 ], [ -91.911918640136733, 32.051380157470696 ], [ -91.913108825683594, 32.0531005859375 ], [ -91.913520812988281, 32.054634094238288 ], [ -91.912979125976562, 32.056678771972699 ], [ -91.912399291992188, 32.057529449462869 ], [ -91.911224365234375, 32.058444976806655 ], [ -91.90887451171875, 32.059497833251946 ], [ -91.908554077148438, 32.060016632080085 ], [ -91.908645629882812, 32.060947418212862 ], [ -91.909263610839844, 32.061492919921818 ], [ -91.910850524902344, 32.061660766601598 ], [ -91.9117431640625, 32.061168670654283 ], [ -91.915977478027344, 32.057106018066442 ], [ -91.916908264160156, 32.056980133056676 ], [ -91.918342590332031, 32.057697296142607 ], [ -91.919631958007812, 32.059474945068359 ], [ -91.920890808105483, 32.062553405761719 ], [ -91.921653747558594, 32.06566238403316 ], [ -91.921974182128906, 32.066143035888636 ], [ -91.923896789550781, 32.066749572753942 ], [ -91.925827026367188, 32.066539764404283 ], [ -91.927368164062514, 32.066215515136733 ], [ -91.929168701171875, 32.065402984619134 ], [ -91.930984497070312, 32.065021514892585 ], [ -91.932327270507812, 32.065147399902365 ], [ -91.932945251464844, 32.065853118896499 ], [ -91.933097839355469, 32.066726684570305 ], [ -91.932823181152344, 32.067222595214844 ], [ -91.928695678710938, 32.071159362792997 ], [ -91.926948547363281, 32.0743408203125 ], [ -91.925941467285156, 32.075328826904325 ], [ -91.923286437988281, 32.076229095458991 ], [ -91.918869018554702, 32.078224182128913 ], [ -91.918075561523438, 32.078395843505852 ], [ -91.91748046875, 32.078319549560547 ], [ -91.916122436523438, 32.077289581298849 ], [ -91.915458679199219, 32.077121734619091 ], [ -91.914695739746094, 32.077266693115234 ], [ -91.912017822265625, 32.080799102783239 ], [ -91.912429809570312, 32.082019805908253 ], [ -91.913810729980469, 32.083831787109332 ], [ -91.913246154785156, 32.08483505249027 ], [ -91.9119873046875, 32.085186004638629 ], [ -91.910949707031264, 32.084884643554723 ], [ -91.90997314453125, 32.083980560302727 ], [ -91.908134460449219, 32.081756591796854 ], [ -91.907241821289062, 32.080013275146477 ], [ -91.906639099121094, 32.079727172851555 ], [ -91.905982971191406, 32.079727172851555 ], [ -91.905250549316406, 32.080173492431655 ], [ -91.90362548828125, 32.082542419433587 ], [ -91.903099060058594, 32.082794189453111 ], [ -91.902320861816406, 32.082798004150398 ], [ -91.901802062988281, 32.082519531250014 ], [ -91.901557922363281, 32.081710815429688 ], [ -91.901710510253906, 32.080894470214837 ], [ -91.902206420898438, 32.079837799072259 ], [ -91.904014587402344, 32.077587127685568 ], [ -91.903923034667969, 32.076770782470703 ], [ -91.903396606445312, 32.075653076171875 ], [ -91.902214050292983, 32.074836730957045 ], [ -91.901260375976562, 32.07482147216799 ], [ -91.899986267089844, 32.075984954833977 ], [ -91.899879455566406, 32.077686309814432 ], [ -91.898391723632812, 32.084358215331982 ], [ -91.89788818359375, 32.085411071777322 ], [ -91.896141052246094, 32.086593627929716 ], [ -91.895271301269531, 32.086715698242195 ], [ -91.893890380859375, 32.086265563964837 ], [ -91.891654968261719, 32.08326339721679 ], [ -91.890060424804688, 32.083320617675774 ], [ -91.889541625976577, 32.083732604980447 ], [ -91.889755249023438, 32.084308624267585 ], [ -91.89117431640625, 32.086006164550767 ], [ -91.891677856445312, 32.087181091308629 ], [ -91.890312194824219, 32.089290618896506 ], [ -91.889106750488281, 32.090042114257869 ], [ -91.888145446777344, 32.090106964111342 ], [ -91.887382507324219, 32.089904785156229 ], [ -91.884208679199219, 32.088562011718757 ], [ -91.882011413574219, 32.088088989257791 ], [ -91.879310607910156, 32.087734222412102 ], [ -91.877830505371094, 32.087753295898438 ], [ -91.875, 32.088100433349588 ], [ -91.874191284179688, 32.088397979736357 ], [ -91.872764587402344, 32.089962005615241 ], [ -91.871833801269531, 32.090450286865213 ], [ -91.869468688964844, 32.09081268310549 ], [ -91.868072509765625, 32.091400146484354 ], [ -91.867973327636719, 32.092693328857415 ], [ -91.868408203125, 32.093475341796911 ], [ -91.870529174804688, 32.095470428466768 ], [ -91.870742797851562, 32.096889495849609 ], [ -91.870315551757812, 32.097640991210909 ], [ -91.869377136230469, 32.098228454589865 ], [ -91.867759704589844, 32.098701477050781 ], [ -91.867431640625, 32.099010467529276 ], [ -91.867469787597656, 32.099452972412102 ], [ -91.868423461914062, 32.100303649902301 ], [ -91.871322631835938, 32.101863861083956 ], [ -91.874336242675781, 32.103908538818366 ], [ -91.875701904296875, 32.105716705322216 ], [ -91.875534057617202, 32.107681274414034 ], [ -91.874038696289062, 32.110820770263665 ], [ -91.87237548828125, 32.11275100708005 ], [ -91.870086669921875, 32.114303588867166 ], [ -91.869354248046875, 32.115200042724574 ], [ -91.869087219238281, 32.116027832031236 ], [ -91.869140625, 32.117225646972642 ], [ -91.870445251464844, 32.119346618652337 ], [ -91.873031616210938, 32.121398925781264 ], [ -91.873794555664062, 32.122299194335938 ], [ -91.874069213867188, 32.123966217040994 ], [ -91.873977661132812, 32.125808715820334 ], [ -91.875, 32.126731872558629 ], [ -91.875831604003906, 32.127105712890618 ], [ -91.876838684082031, 32.126995086669929 ], [ -91.877578735351562, 32.126625061035149 ], [ -91.87957763671875, 32.125 ], [ -91.880455017089844, 32.121994018554702 ], [ -91.881439208984375, 32.12030029296875 ], [ -91.883132934570312, 32.119277954101534 ], [ -91.8839111328125, 32.11927032470701 ], [ -91.885032653808594, 32.119682312011726 ], [ -91.88525390625, 32.120967864990249 ], [ -91.883773803710952, 32.125 ], [ -91.884124755859375, 32.128200531005817 ], [ -91.883674621582031, 32.129535675048814 ], [ -91.882850646972656, 32.130645751953161 ], [ -91.882720947265625, 32.131637573242188 ], [ -91.882949829101562, 32.13219451904294 ], [ -91.88458251953125, 32.133560180664013 ], [ -91.887176513671875, 32.134639739990241 ], [ -91.888023376464844, 32.135204315185547 ], [ -91.889007568359375, 32.137271881103565 ], [ -91.889625549316406, 32.137992858886697 ], [ -91.890296936035156, 32.138267517089865 ], [ -91.890945434570312, 32.13819885253907 ], [ -91.892288208007812, 32.137649536132855 ], [ -91.893051147460938, 32.137626647949219 ], [ -91.894256591796875, 32.137832641601612 ], [ -91.895851135253906, 32.138748168945327 ], [ -91.895599365234375, 32.140697479248033 ], [ -91.897377014160156, 32.141845703124979 ], [ -91.897613525390625, 32.142509460449212 ], [ -91.896759033203125, 32.143997192382777 ], [ -91.896682739257812, 32.14521026611331 ], [ -91.897911071777358, 32.146633148193288 ], [ -91.897964477539062, 32.147296905517599 ], [ -91.89483642578125, 32.149955749511754 ], [ -91.894599914550781, 32.151397705078139 ], [ -91.894302368164062, 32.152404785156214 ], [ -91.893463134765625, 32.153553009033224 ], [ -91.891471862792969, 32.153892517089837 ], [ -91.890800476074219, 32.154285430908153 ], [ -91.890403747558594, 32.154834747314418 ], [ -91.8907470703125, 32.157192230224638 ], [ -91.889320373535156, 32.157997131347642 ], [ -91.887565612792969, 32.160217285156243 ], [ -91.887535095214844, 32.160907745361328 ], [ -91.888153076171875, 32.161659240722663 ], [ -91.888023376464844, 32.162528991699219 ], [ -91.887481689453125, 32.162719726562493 ], [ -91.885848999023438, 32.162376403808587 ], [ -91.884902954101562, 32.163101196289013 ], [ -91.884841918945312, 32.163883209228487 ], [ -91.886657714843764, 32.165161132812536 ], [ -91.886550903320312, 32.165798187255866 ], [ -91.883674621582031, 32.16814041137696 ], [ -91.880828857421875, 32.169185638427734 ], [ -91.880279541015625, 32.169914245605476 ], [ -91.880081176757812, 32.171363830566399 ], [ -91.879081726074219, 32.171287536621115 ], [ -91.876174926757812, 32.170494079589865 ], [ -91.8758544921875, 32.171058654785185 ], [ -91.875701904296875, 32.172473907470732 ], [ -91.875, 32.173740386962898 ], [ -91.874137878417969, 32.173511505126946 ], [ -91.873497009277344, 32.17225265502929 ], [ -91.872604370117188, 32.171672821044936 ], [ -91.871749877929688, 32.171768188476584 ], [ -91.871200561523438, 32.172092437744155 ], [ -91.870498657226577, 32.173061370849638 ], [ -91.870712280273438, 32.173843383789055 ], [ -91.870285034179688, 32.174449920654304 ], [ -91.869148254394531, 32.173828124999986 ], [ -91.868461608886719, 32.172145843505838 ], [ -91.867866516113281, 32.172290802001967 ], [ -91.867156982421875, 32.173492431640618 ], [ -91.866508483886719, 32.17392349243169 ], [ -91.865882873535156, 32.173439025878913 ], [ -91.86566162109375, 32.171901702880852 ], [ -91.864784240722656, 32.171470642089886 ], [ -91.864181518554688, 32.171901702880852 ], [ -91.86383056640625, 32.173717498779297 ], [ -91.863372802734375, 32.173957824707031 ], [ -91.862701416015625, 32.173839569091768 ], [ -91.861701965332031, 32.173168182373061 ], [ -91.858932495117188, 32.172534942626939 ], [ -91.857154846191406, 32.173175811767607 ], [ -91.856437683105469, 32.174163818359382 ], [ -91.85675048828125, 32.175514221191428 ], [ -91.855888366699233, 32.176097869873011 ], [ -91.855293273925781, 32.17615509033206 ], [ -91.85455322265625, 32.175891876220739 ], [ -91.854522705078125, 32.173809051513722 ], [ -91.853912353515625, 32.173938751220696 ], [ -91.852165222167969, 32.175189971923849 ], [ -91.851753234863281, 32.175209045410192 ], [ -91.851211547851562, 32.175045013427692 ], [ -91.850997924804688, 32.174659729003899 ], [ -91.851165771484375, 32.17380523681642 ], [ -91.850929260253906, 32.173248291015639 ], [ -91.850296020507812, 32.172813415527351 ], [ -91.848968505859375, 32.172710418701151 ], [ -91.846199035644531, 32.173873901367223 ], [ -91.845718383789062, 32.174400329589815 ], [ -91.845458984375, 32.175624847412095 ], [ -91.845046997070312, 32.176021575927741 ], [ -91.844474792480469, 32.176044464111328 ], [ -91.843009948730469, 32.174846649169922 ], [ -91.841842651367188, 32.174873352050788 ], [ -91.841102600097656, 32.175968170166001 ], [ -91.84100341796875, 32.177326202392528 ], [ -91.840141296386719, 32.177928924560526 ], [ -91.838058471679688, 32.177959442138643 ], [ -91.838088989257812, 32.176116943359375 ], [ -91.837944030761733, 32.175914764404311 ], [ -91.837158203125, 32.176006317138679 ], [ -91.835861206054688, 32.17718505859375 ], [ -91.8358154296875, 32.177726745605476 ], [ -91.834701538085938, 32.179180145263643 ], [ -91.835441589355469, 32.179733276367209 ], [ -91.837081909179688, 32.179767608642557 ], [ -91.83642578125, 32.181224822998054 ], [ -91.835594177246094, 32.181800842285163 ], [ -91.835235595703125, 32.181613922119148 ], [ -91.834617614746094, 32.180141448974659 ], [ -91.83349609375, 32.179500579834027 ], [ -91.833244323730469, 32.179412841796875 ], [ -91.831161499023438, 32.180046081542969 ], [ -91.830375671386719, 32.18086242675782 ], [ -91.831451416015625, 32.181499481201158 ], [ -91.831901550292969, 32.182239532470689 ], [ -91.833351135253906, 32.182933807373026 ], [ -91.833053588867188, 32.183185577392557 ], [ -91.831871032714844, 32.183322906494119 ], [ -91.831520080566406, 32.183689117431641 ], [ -91.831146240234375, 32.185661315917947 ], [ -91.830413818359375, 32.186462402343736 ], [ -91.830314636230469, 32.187835693359375 ], [ -91.829666137695312, 32.188888549804688 ], [ -91.826431274414077, 32.192348480224638 ], [ -91.825546264648438, 32.191318511962947 ], [ -91.824386596679688, 32.190792083740234 ], [ -91.823715209960938, 32.189990997314439 ], [ -91.823028564453125, 32.189853668212876 ], [ -91.822601318359389, 32.190494537353523 ], [ -91.823143005371094, 32.192672729492145 ], [ -91.824737548828125, 32.195327758789055 ], [ -91.824783325195312, 32.195808410644517 ], [ -91.824249267578125, 32.196796417236342 ], [ -91.824005126953125, 32.198032379150369 ], [ -91.824409484863295, 32.198925018310575 ], [ -91.823844909667969, 32.20124053955076 ], [ -91.824005126953125, 32.203048706054709 ], [ -91.822418212890625, 32.204883575439453 ], [ -91.821762084960952, 32.205181121826143 ], [ -91.821197509765625, 32.205245971679702 ], [ -91.819938659667969, 32.204883575439425 ], [ -91.819183349609375, 32.204883575439467 ], [ -91.818984985351562, 32.205177307128913 ], [ -91.819671630859375, 32.206577301025355 ], [ -91.820503234863281, 32.210426330566413 ], [ -91.820610046386719, 32.211208343505859 ], [ -91.820343017578139, 32.212581634521491 ], [ -91.81964111328125, 32.213523864746051 ], [ -91.813140869140625, 32.217071533203089 ], [ -91.812149047851562, 32.218402862548835 ], [ -91.811798095703125, 32.218555450439425 ], [ -91.812744140625, 32.22119522094723 ], [ -91.812744140625, 32.222015380859347 ], [ -91.812187194824233, 32.222316741943381 ], [ -91.810806274414062, 32.221855163574254 ], [ -91.810394287109375, 32.221149444580092 ], [ -91.810447692871094, 32.21937179565429 ], [ -91.811447143554688, 32.218769073486357 ], [ -91.810874938964858, 32.21839523315429 ], [ -91.80914306640625, 32.217945098876996 ], [ -91.808685302734375, 32.218112945556612 ], [ -91.808319091796875, 32.21909332275392 ], [ -91.809036254882812, 32.220928192138658 ], [ -91.808860778808594, 32.22144699096684 ], [ -91.808296203613281, 32.221721649169965 ], [ -91.807701110839844, 32.221652984619155 ], [ -91.807136535644531, 32.220645904540994 ], [ -91.804656982421889, 32.221630096435547 ], [ -91.802742004394545, 32.223190307617195 ], [ -91.802207946777344, 32.223396301269517 ], [ -91.800582885742188, 32.223415374755866 ], [ -91.799240112304688, 32.223693847656278 ], [ -91.798355102539062, 32.224494934082038 ], [ -91.797569274902344, 32.224838256835945 ], [ -91.7938232421875, 32.22495269775392 ], [ -91.792449951171875, 32.224792480468736 ], [ -91.792068481445312, 32.22495269775392 ], [ -91.791877746582031, 32.225524902343757 ], [ -91.792289733886719, 32.226623535156271 ], [ -91.793685913085938, 32.228321075439467 ], [ -91.793869018554688, 32.228939056396484 ], [ -91.792686462402344, 32.229808807373011 ], [ -91.79168701171875, 32.231826782226584 ], [ -91.790779113769545, 32.231941223144503 ], [ -91.789932250976562, 32.231662750244126 ], [ -91.7889404296875, 32.23184967041017 ], [ -91.787887573242188, 32.233703613281236 ], [ -91.785736083984375, 32.234962463378878 ], [ -91.78497314453125, 32.235649108886776 ], [ -91.7847900390625, 32.236404418945312 ], [ -91.785171508789062, 32.237026214599624 ], [ -91.786544799804688, 32.237369537353537 ], [ -91.787429809570312, 32.237918853759716 ], [ -91.787162780761719, 32.23871994018554 ], [ -91.786750793457031, 32.238948822021499 ], [ -91.784576416015625, 32.239406585693338 ], [ -91.78338623046875, 32.240093231201136 ], [ -91.781906127929688, 32.240528106689453 ], [ -91.780410766601562, 32.240036010742188 ], [ -91.778839111328125, 32.238197326660163 ], [ -91.777732849121094, 32.237972259521484 ], [ -91.777107238769531, 32.238151550292976 ], [ -91.776420593261719, 32.239231109619155 ], [ -91.776840209960938, 32.240352630615256 ], [ -91.777519226074219, 32.240989685058622 ], [ -91.778999328613281, 32.241310119628906 ], [ -91.7801513671875, 32.241851806640611 ], [ -91.780479431152344, 32.242172241210909 ], [ -91.780197143554688, 32.242889404296825 ], [ -91.779289245605469, 32.243461608886719 ], [ -91.778320312500014, 32.243461608886719 ], [ -91.775947570800781, 32.242610931396499 ], [ -91.775001525878906, 32.242908477783182 ], [ -91.774894714355469, 32.243186950683594 ], [ -91.775405883789062, 32.244560241699219 ], [ -91.774726867675795, 32.24687576293946 ], [ -91.77362060546875, 32.247425079345646 ], [ -91.77203369140625, 32.247604370117152 ], [ -91.771415710449219, 32.2479057312012 ], [ -91.771980285644531, 32.251888275146477 ], [ -91.773155212402344, 32.252552032470696 ], [ -91.773605346679688, 32.253593444824219 ], [ -91.773017883300781, 32.254474639892564 ], [ -91.771247863769531, 32.25440597534179 ], [ -91.769447326660156, 32.25580215454098 ], [ -91.769142150878906, 32.256214141845689 ], [ -91.76904296875, 32.257038116455092 ], [ -91.770042419433594, 32.25761413574218 ], [ -91.772903442382812, 32.258026123046882 ], [ -91.773269653320312, 32.258358001708984 ], [ -91.773109436035156, 32.258941650390618 ], [ -91.77252197265625, 32.259239196777401 ], [ -91.772621154785156, 32.259746551513707 ], [ -91.77191162109375, 32.259731292724616 ], [ -91.771141052246094, 32.259170532226534 ], [ -91.770774841308594, 32.259212493896484 ], [ -91.769729614257812, 32.260036468505859 ], [ -91.771842956542983, 32.261989593505874 ], [ -91.773101806640625, 32.262584686279311 ], [ -91.773704528808594, 32.263137817382777 ], [ -91.774215698242188, 32.264236450195312 ], [ -91.774238586425781, 32.266185760498068 ], [ -91.773025512695312, 32.269229888916023 ], [ -91.773384094238281, 32.270736694335916 ], [ -91.771041870117188, 32.271308898925803 ], [ -91.770599365234375, 32.27203750610348 ], [ -91.771675109863281, 32.272842407226548 ], [ -91.772193908691406, 32.272529602050767 ], [ -91.773086547851562, 32.272422790527358 ], [ -91.774345397949219, 32.27259826660157 ], [ -91.774505615234375, 32.273513793945312 ], [ -91.774017333984389, 32.275211334228537 ], [ -91.773994445800781, 32.277202606201172 ], [ -91.773262023925781, 32.278419494628892 ], [ -91.770355224609375, 32.281326293945298 ], [ -91.769996643066406, 32.281486511230483 ], [ -91.768348693847656, 32.28081893920897 ], [ -91.7677001953125, 32.281063079834013 ], [ -91.767776489257827, 32.282230377197294 ], [ -91.768600463867188, 32.283256530761726 ], [ -91.768218994140625, 32.283985137939474 ], [ -91.768409729003906, 32.286090850830035 ], [ -91.767669677734389, 32.288082122802727 ], [ -91.766998291015625, 32.288906097412102 ], [ -91.764762878417969, 32.290054321289041 ], [ -91.762413024902344, 32.293075561523416 ], [ -91.762794494628906, 32.294277191162067 ], [ -91.762344360351562, 32.295158386230455 ], [ -91.763206481933594, 32.295650482177756 ], [ -91.763816833496094, 32.295722961425746 ], [ -91.764541625976562, 32.294776916503878 ], [ -91.765213012695312, 32.294502258300788 ], [ -91.766357421875014, 32.295108795165987 ], [ -91.767608642578125, 32.294311523437486 ], [ -91.768989562988281, 32.294887542724609 ], [ -91.769088745117202, 32.295112609863267 ], [ -91.767929077148438, 32.296062469482457 ], [ -91.767662048339844, 32.296993255615185 ], [ -91.767196655273438, 32.297466278076207 ], [ -91.766395568847656, 32.297546386718743 ], [ -91.76611328125, 32.297775268554695 ], [ -91.76434326171875, 32.297687530517528 ], [ -91.762748718261719, 32.298477172851541 ], [ -91.761726379394531, 32.298358917236271 ], [ -91.762733459472656, 32.300659179687543 ], [ -91.762863159179688, 32.301532745361335 ], [ -91.763557434082031, 32.302204132080064 ], [ -91.764350891113281, 32.301635742187486 ], [ -91.764266967773438, 32.30100250244142 ], [ -91.764511108398438, 32.300819396972642 ], [ -91.766708374023438, 32.300045013427749 ], [ -91.767059326171875, 32.300148010253913 ], [ -91.767318725585938, 32.300933837890618 ], [ -91.766075134277344, 32.304256439208949 ], [ -91.766304016113281, 32.305130004882798 ], [ -91.766159057617188, 32.30547714233392 ], [ -91.764694213867188, 32.305713653564482 ], [ -91.763450622558594, 32.30471038818358 ], [ -91.762321472167969, 32.304805755615241 ], [ -91.761932373046875, 32.304561614990192 ], [ -91.761192321777358, 32.304851531982422 ], [ -91.760871887207031, 32.305309295654332 ], [ -91.760841369628906, 32.306156158447266 ], [ -91.759597778320312, 32.30860900878907 ], [ -91.757675170898438, 32.309776306152365 ], [ -91.758010864257812, 32.310230255126932 ], [ -91.759162902832031, 32.310291290283182 ], [ -91.759895324707031, 32.311176300048807 ], [ -91.760917663574219, 32.310539245605497 ], [ -91.763389587402344, 32.310176849365213 ], [ -91.765342712402344, 32.310241699218771 ], [ -91.765968322753906, 32.310573577880909 ], [ -91.766014099121094, 32.310897827148452 ], [ -91.765327453613281, 32.311920166015632 ], [ -91.76334381103517, 32.313163757324183 ], [ -91.762290954589844, 32.31358337402348 ], [ -91.761306762695312, 32.313549041748047 ], [ -91.760429382324219, 32.314041137695341 ], [ -91.760452270507812, 32.314430236816392 ], [ -91.759941101074219, 32.315116882324233 ], [ -91.758979797363281, 32.317569732666016 ], [ -91.758979797363281, 32.319351196289048 ], [ -91.759292602539062, 32.320293426513658 ], [ -91.760345458984375, 32.32146072387691 ], [ -91.760536193847656, 32.322059631347663 ], [ -91.760452270507812, 32.324073791503913 ], [ -91.761024475097656, 32.32445526123044 ], [ -91.762367248535156, 32.324363708496058 ], [ -91.762954711914062, 32.324699401855447 ], [ -91.762191772460938, 32.325809478759808 ], [ -91.761100769042969, 32.326717376708991 ], [ -91.761207580566406, 32.327213287353509 ], [ -91.762664794921875, 32.328266143798892 ], [ -91.7630615234375, 32.329048156738274 ], [ -91.763931274414062, 32.329574584960959 ], [ -91.764335632324219, 32.330169677734375 ], [ -91.762527465820312, 32.331474304199197 ], [ -91.761665344238295, 32.334156036376925 ], [ -91.76071929931642, 32.335208892822266 ], [ -91.759986877441406, 32.334934234619134 ], [ -91.757347106933594, 32.334659576416016 ], [ -91.756378173828125, 32.333808898925788 ], [ -91.754348754882812, 32.333923339843736 ], [ -91.7523193359375, 32.335319519043004 ], [ -91.749504089355469, 32.335502624511697 ], [ -91.746406555175781, 32.337017059326186 ], [ -91.746055603027344, 32.337612152099595 ], [ -91.746139526367188, 32.338943481445348 ], [ -91.745841979980469, 32.339286804199261 ], [ -91.744758605957031, 32.339355468750043 ], [ -91.744300842285156, 32.339172363281236 ], [ -91.743301391601562, 32.338119506835966 ], [ -91.742416381835938, 32.33454513549804 ], [ -91.741600036621094, 32.333995819091811 ], [ -91.740715026855469, 32.333744049072244 ], [ -91.736129760742188, 32.333080291748061 ], [ -91.732322692871094, 32.334640502929666 ], [ -91.730804443359375, 32.33484649658201 ], [ -91.729080200195312, 32.333747863769524 ], [ -91.727920532226562, 32.333496093749972 ], [ -91.726188659667969, 32.334735870361349 ], [ -91.725654602050781, 32.334781646728494 ], [ -91.72454833984375, 32.333797454834006 ], [ -91.723709106445312, 32.333404541015618 ], [ -91.723060607910156, 32.333477020263679 ], [ -91.722671508789062, 32.33481597900392 ], [ -91.719047546386719, 32.336364746093714 ], [ -91.717994689941406, 32.337944030761719 ], [ -91.715835571289077, 32.339294433593764 ], [ -91.715538024902344, 32.339778900146513 ], [ -91.715675354003906, 32.340991973876996 ], [ -91.715484619140625, 32.341793060302741 ], [ -91.714729309082031, 32.342708587646477 ], [ -91.714057922363281, 32.343055725097656 ], [ -91.711441040039062, 32.342872619628913 ], [ -91.707359313964844, 32.343307495117159 ], [ -91.704742431640625, 32.342643737793026 ], [ -91.702934265136719, 32.342689514160163 ], [ -91.701835632324219, 32.34376525878907 ], [ -91.701423645019531, 32.344753265380881 ], [ -91.7021484375, 32.348094940185554 ], [ -91.701423645019531, 32.349128723144545 ], [ -91.69989013671875, 32.349449157714872 ], [ -91.699508666992188, 32.349746704101541 ], [ -91.699508666992188, 32.350112915039034 ], [ -91.700454711914062, 32.351257324218771 ], [ -91.700515747070327, 32.352333068847635 ], [ -91.69870758056642, 32.353824615478558 ], [ -91.699478149414062, 32.35602569580076 ], [ -91.700157165527344, 32.356090545654304 ], [ -91.700698852539062, 32.355701446533196 ], [ -91.701286315917969, 32.355609893798821 ], [ -91.701805114746094, 32.355976104736328 ], [ -91.702072143554688, 32.35753631591799 ], [ -91.703155517578125, 32.358428955078125 ], [ -91.703262329101562, 32.359252929687486 ], [ -91.70172119140625, 32.361179351806641 ], [ -91.69818115234375, 32.361934661865213 ], [ -91.696945190429688, 32.362529754638658 ], [ -91.696647644042969, 32.363147735595717 ], [ -91.696784973144531, 32.364154815673871 ], [ -91.697647094726562, 32.366012573242209 ], [ -91.69870758056642, 32.369449615478494 ], [ -91.698509216308594, 32.370525360107443 ], [ -91.698135375976562, 32.370845794677706 ], [ -91.697364807128906, 32.370975494384744 ], [ -91.692626953125, 32.369998931884794 ], [ -91.691062927246094, 32.369907379150362 ], [ -91.690254211425781, 32.372245788574247 ], [ -91.689605712890639, 32.372772216796911 ], [ -91.685310363769531, 32.371074676513679 ], [ -91.684394836425781, 32.371395111084006 ], [ -91.683097839355469, 32.372428894042969 ], [ -91.680267333984389, 32.37300109863282 ], [ -91.680046081542969, 32.373504638671854 ], [ -91.680366516113281, 32.374526977539077 ], [ -91.679206848144531, 32.374652862548857 ], [ -91.678512573242188, 32.375816345214844 ], [ -91.678726196289062, 32.37785720825191 ], [ -91.678237915039062, 32.379325866699254 ], [ -91.678565979003906, 32.380332946777344 ], [ -91.679458618164062, 32.381683349609339 ], [ -91.680130004882812, 32.383403778076179 ], [ -91.680076599121094, 32.383880615234368 ], [ -91.679832458496094, 32.384178161621115 ], [ -91.678947448730469, 32.384273529052734 ], [ -91.676376342773438, 32.383560180664077 ], [ -91.67584228515625, 32.38323974609375 ], [ -91.674568176269531, 32.383308410644517 ], [ -91.67352294921875, 32.382942199707031 ], [ -91.670066833496094, 32.382987976074205 ], [ -91.669326782226562, 32.383399963378899 ], [ -91.669326782226562, 32.38463973999022 ], [ -91.6708984375, 32.386837005615227 ], [ -91.670875549316406, 32.38752365112304 ], [ -91.67041015625, 32.388027191162088 ], [ -91.669677734375, 32.388278961181683 ], [ -91.66900634765625, 32.388351440429716 ], [ -91.667221069335938, 32.387752532958991 ], [ -91.666473388671875, 32.387866973876939 ], [ -91.665496826171875, 32.388416290283253 ], [ -91.664176940917969, 32.388622283935533 ], [ -91.66241455078125, 32.387569427490206 ], [ -91.658172607421875, 32.386028289794929 ], [ -91.657669067382812, 32.386516571044908 ], [ -91.657089233398438, 32.390045166015597 ], [ -91.656478881835938, 32.391109466552749 ], [ -91.655776977539062, 32.389579772949226 ], [ -91.654556274414062, 32.388301849365213 ], [ -91.652458190917969, 32.388965606689439 ], [ -91.649917602539062, 32.38903045654299 ], [ -91.649375915527344, 32.389217376708977 ], [ -91.64862060546875, 32.389949798583999 ], [ -91.650001525878906, 32.392421722412088 ], [ -91.649726867675781, 32.393135070800753 ], [ -91.646217346191406, 32.393867492675795 ], [ -91.644218444824219, 32.393451690673849 ], [ -91.6431884765625, 32.393451690673835 ], [ -91.642898559570312, 32.393680572509787 ], [ -91.642738342285156, 32.396133422851534 ], [ -91.640998840332045, 32.398696899414048 ], [ -91.641273498535156, 32.402111053466811 ], [ -91.640975952148438, 32.402912139892592 ], [ -91.640159606933608, 32.402774810791001 ], [ -91.639114379882812, 32.401420593261726 ], [ -91.6375732421875, 32.400184631347628 ], [ -91.6361083984375, 32.400596618652351 ], [ -91.633522033691406, 32.402404785156278 ], [ -91.6317138671875, 32.402931213378913 ], [ -91.631004333496094, 32.403434753417997 ], [ -91.631004333496094, 32.4041938781738 ], [ -91.631736755371094, 32.40467071533201 ], [ -91.634056091308594, 32.404720306396477 ], [ -91.634811401367188, 32.405227661132798 ], [ -91.592720031738281, 32.405506134033175 ], [ -91.580238342285156, 32.405372619628878 ], [ -91.577568054199233, 32.405399322509759 ], [ -91.5006103515625, 32.405635833740241 ], [ -91.491912841796875, 32.405364990234368 ], [ -91.481048583984375, 32.405601501464858 ], [ -91.477897644042969, 32.405437469482429 ], [ -91.47662353515625, 32.405666351318374 ], [ -91.477302551269531, 32.406265258789098 ], [ -91.481170654296875, 32.40827941894532 ], [ -91.482437133789062, 32.410018920898438 ], [ -91.483978271484375, 32.410888671874986 ], [ -91.485244750976562, 32.412490844726555 ], [ -91.486732482910156, 32.413406372070334 ], [ -91.486679077148438, 32.413707733154268 ], [ -91.485603332519531, 32.414276123046839 ], [ -91.48465728759767, 32.415309906005881 ], [ -91.484443664550781, 32.418449401855526 ], [ -91.48465728759767, 32.419799804687507 ], [ -91.486358642578125, 32.422435760498054 ], [ -91.487197875976562, 32.424861907959013 ], [ -91.486495971679688, 32.429077148437486 ], [ -91.486419677734375, 32.434669494628928 ], [ -91.485153198242188, 32.436775207519602 ], [ -91.482421875, 32.4384956359863 ], [ -91.481559753417983, 32.438655853271484 ], [ -91.4803466796875, 32.438266754150376 ], [ -91.478988647460938, 32.437370300292955 ], [ -91.477127075195327, 32.437076568603516 ], [ -91.475898742675781, 32.436454772949226 ], [ -91.47601318359375, 32.434558868408217 ], [ -91.4771728515625, 32.433856964111342 ], [ -91.476890563964858, 32.432537078857443 ], [ -91.4764404296875, 32.432056427001939 ], [ -91.474822998046875, 32.432300567626946 ], [ -91.47344970703125, 32.433441162109411 ], [ -91.471534729003906, 32.433643341064425 ], [ -91.471321105957031, 32.434631347656257 ], [ -91.471481323242188, 32.435451507568381 ], [ -91.472282409667969, 32.436157226562514 ], [ -91.472488403320312, 32.436973571777315 ], [ -91.471649169921875, 32.439125061035149 ], [ -91.471672058105469, 32.439643859863303 ], [ -91.471969604492188, 32.439941406250014 ], [ -91.473991394042969, 32.440330505371129 ], [ -91.475181579589844, 32.440925598144574 ], [ -91.47540283203125, 32.44154357910157 ], [ -91.475181579589844, 32.443214416503885 ], [ -91.475433349609375, 32.443901062011669 ], [ -91.478187561035156, 32.445346832275426 ], [ -91.478652954101562, 32.446365356445334 ], [ -91.478126525878906, 32.447704315185568 ], [ -91.475273132324219, 32.449447631835916 ], [ -91.474700927734375, 32.450637817382812 ], [ -91.474891662597656, 32.452678680419908 ], [ -91.475860595703125, 32.454807281494105 ], [ -91.476295471191406, 32.45769500732424 ], [ -91.477622985839844, 32.460029602050788 ], [ -91.477874755859375, 32.463420867919922 ], [ -91.47857666015625, 32.46430969238282 ], [ -91.480003356933594, 32.465343475341811 ], [ -91.480545043945312, 32.466030120849609 ], [ -91.480522155761719, 32.468254089355476 ], [ -91.480918884277344, 32.469078063964822 ], [ -91.481788635253906, 32.469856262207074 ], [ -91.483734130859375, 32.470886230468771 ], [ -91.484245300292969, 32.471450805664084 ], [ -91.484443664550781, 32.472351074218757 ], [ -91.484085083007812, 32.472740173339844 ], [ -91.481925964355469, 32.473499298095703 ], [ -91.481788635253906, 32.474460601806662 ], [ -91.482467651367188, 32.475170135498054 ], [ -91.484817504882812, 32.475650787353537 ], [ -91.485496520996108, 32.476360321044908 ], [ -91.485443115234375, 32.478561401367188 ], [ -91.48590087890625, 32.480529785156222 ], [ -91.484901428222656, 32.481517791748033 ], [ -91.484771728515625, 32.482086181640646 ], [ -91.485877990722656, 32.485157012939453 ], [ -91.485710144042969, 32.485569000244162 ], [ -91.486015319824219, 32.487129211425767 ], [ -91.484336853027344, 32.489532470703104 ], [ -91.483688354492188, 32.489925384521499 ], [ -91.482391357421875, 32.489925384521499 ], [ -91.481956481933594, 32.49097824096679 ], [ -91.483558654785156, 32.493293762207045 ], [ -91.484779357910156, 32.494255065917976 ], [ -91.484855651855469, 32.494827270507805 ], [ -91.48309326171875, 32.496154785156271 ], [ -91.482391357421875, 32.496959686279304 ], [ -91.48052978515625, 32.497783660888658 ], [ -91.480148315429688, 32.498310089111335 ], [ -91.480613708496094, 32.498790740966825 ], [ -91.481956481933594, 32.498378753662095 ], [ -91.48309326171875, 32.49872207641603 ], [ -91.483833312988281, 32.5 ], [ -91.483673095703125, 32.500465393066406 ], [ -91.485160827636719, 32.502418518066413 ], [ -91.485107421875, 32.502784729003963 ], [ -91.484672546386719, 32.503223419189418 ], [ -91.483917236328125, 32.503494262695341 ], [ -91.483428955078125, 32.503402709960966 ], [ -91.482749938964844, 32.502944946289077 ], [ -91.482376098632827, 32.501800537109411 ], [ -91.48199462890625, 32.501457214355447 ], [ -91.481590270996094, 32.501182556152351 ], [ -91.481025695800781, 32.501480102539077 ], [ -91.479484558105469, 32.506019592285156 ], [ -91.478591918945312, 32.507301330566399 ], [ -91.477752685546875, 32.507934570312528 ], [ -91.476669311523438, 32.509845733642571 ], [ -91.476188659667969, 32.512821197509773 ], [ -91.474891662597656, 32.514633178710916 ], [ -91.473114013671875, 32.519489288330092 ], [ -91.471817016601562, 32.52100372314451 ], [ -91.46954345703125, 32.52258300781255 ], [ -91.469375610351562, 32.523246765136733 ], [ -91.46954345703125, 32.523593902587898 ], [ -91.470756530761719, 32.524646759033196 ], [ -91.471031188964844, 32.525424957275391 ], [ -91.468330383300781, 32.526638031005881 ], [ -91.468032836914062, 32.527095794677741 ], [ -91.467819213867188, 32.528335571289055 ], [ -91.468055725097656, 32.529205322265611 ], [ -91.468429565429688, 32.529708862304673 ], [ -91.470756530761719, 32.530807495117145 ], [ -91.47100830078125, 32.531356811523409 ], [ -91.469306945800781, 32.532711029052713 ], [ -91.468734741210952, 32.534336090087884 ], [ -91.468193054199219, 32.534862518310561 ], [ -91.464408874511719, 32.535091400146484 ], [ -91.462837219238281, 32.535804748535099 ], [ -91.459945678710938, 32.5361938476563 ], [ -91.458885192871094, 32.536582946777344 ], [ -91.457527160644531, 32.537666320800788 ], [ -91.426193237304688, 32.53758239746093 ], [ -91.377304077148438, 32.537807464599609 ], [ -91.368583679199219, 32.53760528564451 ], [ -91.339256286621094, 32.538066864013715 ], [ -91.306587219238281, 32.537723541259737 ], [ -91.233978271484375, 32.537456512451158 ], [ -91.200027465820312, 32.537570953369155 ], [ -91.169837951660156, 32.537693023681641 ], [ -91.133583068847656, 32.537811279296911 ], [ -91.130050659179688, 32.545223236083999 ], [ -91.108352661132812, 32.556037902832017 ], [ -91.108314514160156, 32.562484741210923 ], [ -91.069686889648438, 32.562667846679702 ] ] ] ] } },
{ "type": "Feature", "properties": { "STATENAME": "Louisiana", "ID": "022104104007", "DISTRICT": "7", "STA": "LA", "ST": "22", "LABEL": "7", "DIST_NAME": "Congressional District 7", "TYPE": "US Congressional", "TYPE_ABB": "US_Cong", "ELECT_YEAR": "1994", "STACD": "LA7" }, "geometry": { "type": "Polygon", "coordinates": [ [ [ -93.458290100097656, 31.276622772216779 ], [ -93.4423828125, 31.276533126831055 ], [ -93.434249877929688, 31.29020881652831 ], [ -93.408256530761719, 31.333915710449215 ], [ -93.390327453613281, 31.363967895507812 ], [ -93.377838134765625, 31.363784790039066 ], [ -93.370223999023438, 31.36401748657228 ], [ -93.337936401367188, 31.363996505737266 ], [ -93.325996398925781, 31.364007949829087 ], [ -93.25, 31.363908767700135 ], [ -93.236129760742188, 31.364324569702127 ], [ -93.23593902587892, 31.36433029174805 ], [ -93.205528259277344, 31.364494323730437 ], [ -93.170730590820312, 31.364568710327163 ], [ -93.150260925292969, 31.364641189575245 ], [ -93.135734558105483, 31.364440917968718 ], [ -93.032142639160156, 31.36412048339843 ], [ -93.032150268554688, 31.360303878784183 ], [ -93.007057189941406, 31.360013961792021 ], [ -92.991943359375, 31.360298156738299 ], [ -92.991767883300781, 31.359878540039059 ], [ -92.991104125976562, 31.359420776367195 ], [ -92.991104125976562, 31.35882377624511 ], [ -92.990539550781264, 31.358249664306669 ], [ -92.989814758300781, 31.358022689819389 ], [ -92.989601135253906, 31.357656478881829 ], [ -92.989654541015625, 31.356418609619134 ], [ -92.989334106445327, 31.355432510376001 ], [ -92.987464904785156, 31.354309082031236 ], [ -92.986961364746094, 31.353210449218775 ], [ -92.985969543457031, 31.352706909179695 ], [ -92.984848022460938, 31.351629257202202 ], [ -92.984825134277344, 31.351034164428725 ], [ -92.984413146972656, 31.350736618041974 ], [ -92.984733581542969, 31.350093841552759 ], [ -92.984634399414062, 31.349313735961903 ], [ -92.983192443847656, 31.349107742309553 ], [ -92.982818603515625, 31.348237991333022 ], [ -92.981300354003906, 31.346467971801786 ], [ -92.981231689453125, 31.339239120483352 ], [ -92.964431762695312, 31.339345932006832 ], [ -92.964324951171875, 31.332067489624048 ], [ -92.930130004882812, 31.332065582275437 ], [ -92.930099487304688, 31.32432746887201 ], [ -92.915412902832031, 31.32437324523924 ], [ -92.896499633789062, 31.324403762817386 ], [ -92.896484375, 31.317262649536133 ], [ -92.879600524902344, 31.317195892333974 ], [ -92.87955474853517, 31.310028076171864 ], [ -92.87939453125, 31.28843879699707 ], [ -92.862396240234375, 31.288499832153331 ], [ -92.862396240234375, 31.277099609374975 ], [ -92.862396240234375, 31.2740993499756 ], [ -92.846199035644531, 31.274000167846673 ], [ -92.846107482910156, 31.253099441528327 ], [ -92.82950592041017, 31.252099990844709 ], [ -92.829200744628906, 31.244100570678668 ], [ -92.829200744628906, 31.231399536132802 ], [ -92.829002380371094, 31.229200363159169 ], [ -92.8291015625, 31.214700698852493 ], [ -92.829002380371094, 31.194700241088853 ], [ -92.828506469726562, 31.108200073242212 ], [ -92.828506469726562, 31.102600097656229 ], [ -92.8280029296875, 31.094299316406268 ], [ -92.8275146484375, 31.010984420776374 ], [ -92.823760986328139, 31.010967254638636 ], [ -92.823905944824219, 30.998300552368178 ], [ -92.823997497558608, 30.974100112915014 ], [ -92.823997497558608, 30.910299301147464 ], [ -92.823501586914062, 30.899599075317358 ], [ -92.823501586914062, 30.88979911804195 ], [ -92.806800842285156, 30.889499664306626 ], [ -92.778999328613281, 30.888999938964865 ], [ -92.749801635742188, 30.891599655151378 ], [ -92.749801635742188, 30.892000198364261 ], [ -92.720901489257812, 30.891700744628928 ], [ -92.720939636230469, 30.895256042480494 ], [ -92.720733642578125, 30.896209716796879 ], [ -92.720306396484375, 30.89730072021483 ], [ -92.719100952148438, 30.899000167846662 ], [ -92.661300659179688, 30.899000167846662 ], [ -92.597305297851562, 30.898799896240206 ], [ -92.597602844238281, 30.895900726318335 ], [ -92.560798645019531, 30.897800445556637 ], [ -92.561569213867188, 30.898139953613313 ], [ -92.560989379882812, 30.898479461669908 ], [ -92.55987548828125, 30.898639678955124 ], [ -92.559417724609375, 30.899013519287092 ], [ -92.558837890625, 30.898866653442401 ], [ -92.556793212890625, 30.899303436279279 ], [ -92.55517578125, 30.900150299072269 ], [ -92.554458618164062, 30.900321960449173 ], [ -92.55413818359375, 30.900089263916055 ], [ -92.553512573242188, 30.900333404541026 ], [ -92.552230834960938, 30.90120315551755 ], [ -92.551651000976562, 30.902410507202145 ], [ -92.549468994140625, 30.902164459228498 ], [ -92.547904968261719, 30.902799606323232 ], [ -92.546920776367188, 30.901334762573221 ], [ -92.54486083984375, 30.900711059570344 ], [ -92.544570922851562, 30.900312423706094 ], [ -92.544631958007812, 30.899883270263704 ], [ -92.545501708984375, 30.899568557739201 ], [ -92.545318603515625, 30.899114608764616 ], [ -92.543838500976562, 30.898782730102536 ], [ -92.543167114257812, 30.898147583007798 ], [ -92.542800903320312, 30.898099899291996 ], [ -92.542312622070312, 30.898582458496076 ], [ -92.54022216796875, 30.897676467895486 ], [ -92.538314819335938, 30.897705078125028 ], [ -92.537933349609375, 30.898483276367205 ], [ -92.537567138671875, 30.898803710937464 ], [ -92.537017822265625, 30.89889144897462 ], [ -92.536758422851562, 30.898740768432614 ], [ -92.536392211914062, 30.897588729858406 ], [ -92.535446166992188, 30.898109436035163 ], [ -92.532180786132812, 30.898605346679716 ], [ -92.531204223632812, 30.899017333984386 ], [ -92.530014038085938, 30.898702621459954 ], [ -92.527969360351577, 30.898746490478523 ], [ -92.527198791503906, 30.899499893188509 ], [ -92.526603698730469, 30.896053314209009 ], [ -92.5257568359375, 30.894586563110359 ], [ -92.526504516601562, 30.89319992065429 ], [ -92.524703979492188, 30.893093109130835 ], [ -92.5244140625, 30.89350128173826 ], [ -92.523956298828125, 30.893056869506836 ], [ -92.524032592773438, 30.893699645996094 ], [ -92.523590087890625, 30.894107818603537 ], [ -92.523475646972656, 30.893547058105462 ], [ -92.522003173828125, 30.893724441528377 ], [ -92.521530151367188, 30.894012451171907 ], [ -92.520919799804688, 30.893932342529315 ], [ -92.520980834960938, 30.893394470214822 ], [ -92.519203186035156, 30.893646240234371 ], [ -92.519454956054688, 30.892951965331999 ], [ -92.518875122070312, 30.892925262451161 ], [ -92.517875671386719, 30.894676208496037 ], [ -92.515945434570312, 30.89479827880859 ], [ -92.515335083007812, 30.89446449279783 ], [ -92.51483154296875, 30.895082473754865 ], [ -92.514022827148438, 30.895032882690426 ], [ -92.513809204101562, 30.895915985107422 ], [ -92.513275146484375, 30.895866394042962 ], [ -92.512756347656264, 30.895256042480494 ], [ -92.511383056640625, 30.89536476135255 ], [ -92.510269165039062, 30.896427154541009 ], [ -92.509536743164062, 30.895622253417962 ], [ -92.50921630859375, 30.89604187011717 ], [ -92.509017944335938, 30.895629882812504 ], [ -92.5072021484375, 30.897346496582053 ], [ -92.506683349609375, 30.897060394287131 ], [ -92.506271362304688, 30.897850036621112 ], [ -92.505279541015625, 30.897499084472653 ], [ -92.505599975585938, 30.898178100585966 ], [ -92.504371643066406, 30.898336410522464 ], [ -92.503784179687514, 30.897891998291023 ], [ -92.502304077148438, 30.899099349975572 ], [ -92.501876831054688, 30.899543762207045 ], [ -92.501075744628906, 30.898824691772468 ], [ -92.500587463378906, 30.899021148681609 ], [ -92.500320434570312, 30.899944305419972 ], [ -92.498916625976562, 30.899543762207053 ], [ -92.498199462890625, 30.900276184081996 ], [ -92.498001098632812, 30.901283264160117 ], [ -92.496917724609375, 30.901863098144524 ], [ -92.496261596679688, 30.901073455810575 ], [ -92.495498657226562, 30.902158737182592 ], [ -92.495376586914062, 30.901302337646491 ], [ -92.49493408203125, 30.902730941772468 ], [ -92.4957275390625, 30.902542114257795 ], [ -92.496871948242188, 30.902772903442383 ], [ -92.495223999023438, 30.904575347900352 ], [ -92.494674682617188, 30.904209136962891 ], [ -92.494033813476562, 30.904724121093761 ], [ -92.49273681640625, 30.904457092285149 ], [ -92.493026733398438, 30.905437469482454 ], [ -92.490547180175781, 30.906501770019496 ], [ -92.489608764648438, 30.907562255859379 ], [ -92.488525390625, 30.908039093017585 ], [ -92.488098144531264, 30.907733917236332 ], [ -92.487907409667969, 30.908241271972631 ], [ -92.48712158203125, 30.908924102783242 ], [ -92.4873046875, 30.909431457519535 ], [ -92.486724853515625, 30.911182403564428 ], [ -92.484588623046875, 30.912445068359379 ], [ -92.484207153320312, 30.912361145019506 ], [ -92.482307434082031, 30.913799285888661 ], [ -92.482284545898438, 30.914608001708945 ], [ -92.482879638671875, 30.914886474609428 ], [ -92.482223510742202, 30.91551971435544 ], [ -92.48248291015625, 30.91679763793945 ], [ -92.480712890625, 30.917890548706037 ], [ -92.480224609375, 30.91775131225587 ], [ -92.48046875, 30.918685913085909 ], [ -92.48150634765625, 30.91837882995608 ], [ -92.482070922851562, 30.918964385986317 ], [ -92.480575561523438, 30.919374465942379 ], [ -92.480300903320312, 30.919933319091808 ], [ -92.480926513671875, 30.920295715332038 ], [ -92.48052978515625, 30.921501159667997 ], [ -92.481277465820327, 30.923091888427724 ], [ -92.479705810546889, 30.923500061035146 ], [ -92.479644775390625, 30.923927307128924 ], [ -92.478843688964844, 30.924652099609389 ], [ -92.47991943359375, 30.926652908325174 ], [ -92.47998046875, 30.927650451660149 ], [ -92.48052978515625, 30.928413391113292 ], [ -92.480438232421889, 30.929462432861278 ], [ -92.481101989746094, 30.930200576782273 ], [ -92.480728149414062, 30.931461334228516 ], [ -92.482284545898438, 30.935283660888654 ], [ -92.48193359375, 30.936241149902333 ], [ -92.482437133789062, 30.938642501831076 ], [ -92.481483459472656, 30.940370559692361 ], [ -92.482307434082031, 30.941232681274432 ], [ -92.482315063476562, 30.942956924438477 ], [ -92.481903076171875, 30.943752288818324 ], [ -92.482162475585938, 30.944557189941357 ], [ -92.481582641601562, 30.945194244384759 ], [ -92.481399536132812, 30.948808670043967 ], [ -92.480491638183594, 30.949928283691417 ], [ -92.480194091796875, 30.952079772949215 ], [ -92.478996276855483, 30.952199935913061 ], [ -92.47705078125, 30.951042175292965 ], [ -92.474990844726562, 30.950962066650352 ], [ -92.472885131835952, 30.951763153076172 ], [ -92.471817016601562, 30.952810287475547 ], [ -92.469863891601562, 30.953996658325202 ], [ -92.46917724609375, 30.956060409545898 ], [ -92.46923828125, 30.957382202148455 ], [ -92.469001770019531, 30.957599639892571 ], [ -92.465843200683594, 30.957099914550763 ], [ -92.460449218750014, 30.955392837524389 ], [ -92.45953369140625, 30.955564498901357 ], [ -92.458702087402344, 30.956399917602543 ], [ -92.456329345703125, 30.957794189453157 ], [ -92.453628540039077, 30.96022033691407 ], [ -92.4520263671875, 30.962013244628924 ], [ -92.451515197753906, 30.963191986083956 ], [ -92.45050048828125, 30.963943481445341 ], [ -92.447669982910156, 30.957056045532237 ], [ -92.445907592773438, 30.953500747680692 ], [ -92.444625854492188, 30.952386856079087 ], [ -92.444602966308594, 30.953302383422837 ], [ -92.443832397460938, 30.954051971435515 ], [ -92.442611694335952, 30.954561233520533 ], [ -92.44061279296875, 30.954450607299769 ], [ -92.4365234375, 30.951984405517603 ], [ -92.433403015136719, 30.951400756835948 ], [ -92.43267822265625, 30.951940536499006 ], [ -92.432632446289062, 30.952999114990217 ], [ -92.432197570800795, 30.953300476074212 ], [ -92.43109130859375, 30.953315734863239 ], [ -92.429603576660156, 30.954000473022433 ], [ -92.428680419921875, 30.95356369018559 ], [ -92.4267578125, 30.953172683715856 ], [ -92.426307678222656, 30.952495574951193 ], [ -92.425399780273438, 30.951799392700185 ], [ -92.425300598144531, 30.951000213623061 ], [ -92.425491333007812, 30.950645446777365 ], [ -92.42669677734375, 30.950019836425788 ], [ -92.426925659179702, 30.949060440063487 ], [ -92.42620849609375, 30.94569015502929 ], [ -92.42340087890625, 30.941799163818374 ], [ -92.429306030273438, 30.942499160766619 ], [ -92.431503295898438, 30.939933776855462 ], [ -92.432357788085938, 30.9394836425781 ], [ -92.432907104492202, 30.936977386474585 ], [ -92.436294555664062, 30.934181213378913 ], [ -92.436996459960938, 30.932899475097635 ], [ -92.437637329101562, 30.933143615722642 ], [ -92.43853759765625, 30.932483673095692 ], [ -92.438919067382812, 30.931774139404293 ], [ -92.438583374023438, 30.930782318115241 ], [ -92.43949127197267, 30.930042266845732 ], [ -92.44085693359375, 30.929603576660121 ], [ -92.441299438476562, 30.929897308349602 ], [ -92.4427490234375, 30.92963027954103 ], [ -92.442703247070312, 30.929166793823271 ], [ -92.443191528320327, 30.928943634033192 ], [ -92.4427490234375, 30.928628921508778 ], [ -92.442977905273438, 30.928272247314439 ], [ -92.443443298339844, 30.928216934204123 ], [ -92.443374633789062, 30.927532196044929 ], [ -92.442672729492188, 30.92645072937016 ], [ -92.442657470703125, 30.925630569458036 ], [ -92.442886352539062, 30.925270080566431 ], [ -92.443283081054688, 30.925294876098668 ], [ -92.443275451660156, 30.92500305175782 ], [ -92.44378662109375, 30.92464828491207 ], [ -92.444107055664062, 30.923671722412131 ], [ -92.445053100585938, 30.923095703125011 ], [ -92.445877075195312, 30.921918869018516 ], [ -92.446304321289062, 30.921936035156236 ], [ -92.4461669921875, 30.922203063964847 ], [ -92.447906494140625, 30.922298431396506 ], [ -92.448120117187514, 30.92266845703125 ], [ -92.449905395507827, 30.920816421508803 ], [ -92.44927978515625, 30.919403076171857 ], [ -92.450698852539062, 30.916057586669961 ], [ -92.450653076171875, 30.915695190429624 ], [ -92.451797485351562, 30.914699554443374 ], [ -92.451202392578125, 30.913284301757805 ], [ -92.451416015625, 30.912357330322276 ], [ -92.451202392578125, 30.911714553832972 ], [ -92.445907592773438, 30.902900695800778 ], [ -92.445304870605469, 30.902500152587891 ], [ -92.438400268554688, 30.900999069213874 ], [ -92.433601379394531, 30.894199371337901 ], [ -92.432907104492202, 30.892000198364251 ], [ -92.432601928710938, 30.891799926757798 ], [ -92.431701660156264, 30.891500473022418 ], [ -92.431686401367188, 30.890018463134748 ], [ -92.432601928710938, 30.888299942016587 ], [ -92.431800842285156, 30.884899139404311 ], [ -92.432907104492202, 30.884599685668956 ], [ -92.434005737304688, 30.884702682495114 ], [ -92.4366455078125, 30.884122848510707 ], [ -92.43890380859375, 30.882814407348601 ], [ -92.44036865234375, 30.880657196044901 ], [ -92.440902709960938, 30.878900527954123 ], [ -92.442787170410156, 30.878791809082049 ], [ -92.446914672851577, 30.877744674682603 ], [ -92.449569702148438, 30.878177642822255 ], [ -92.452407836914062, 30.877399444580099 ], [ -92.45452880859375, 30.876100540161133 ], [ -92.454879760742188, 30.875558853149411 ], [ -92.458305358886719, 30.874122619628917 ], [ -92.458328247070312, 30.871692657470675 ], [ -92.458992004394531, 30.869789123535103 ], [ -92.442283630371094, 30.861791610717773 ], [ -92.439140319824219, 30.860555648803736 ], [ -92.439254760742202, 30.858310699462908 ], [ -92.436965942382812, 30.856018066406278 ], [ -92.434715270996094, 30.855674743652362 ], [ -92.433860778808594, 30.855169296264645 ], [ -92.4326171875, 30.851821899414087 ], [ -92.431610107421875, 30.847902297973668 ], [ -92.423858642578125, 30.848091125488274 ], [ -92.417388916015625, 30.848154067993153 ], [ -92.417427062988281, 30.847877502441374 ], [ -92.417816162109375, 30.844818115234336 ], [ -92.416610717773438, 30.845031738281261 ], [ -92.414634704589844, 30.846138000488246 ], [ -92.413955688476562, 30.846088409423832 ], [ -92.412399291992188, 30.846494674682631 ], [ -92.410926818847656, 30.847248077392599 ], [ -92.409553527832031, 30.847356796264641 ], [ -92.408523559570312, 30.847175598144549 ], [ -92.407730102539062, 30.846485137939457 ], [ -92.407341003417969, 30.846534729003913 ], [ -92.406829833984375, 30.846120834350614 ], [ -92.406822204589844, 30.847648620605469 ], [ -92.40655517578125, 30.847740173339865 ], [ -92.398536682128906, 30.847759246826179 ], [ -92.398422241210938, 30.850740432739315 ], [ -92.389633178710938, 30.850828170776335 ], [ -92.3895263671875, 30.847801208496119 ], [ -92.389556884765625, 30.843149185180639 ], [ -92.38916015625, 30.842853546142585 ], [ -92.387313842773438, 30.842428207397447 ], [ -92.385086059570312, 30.842227935791023 ], [ -92.384101867675781, 30.841766357421868 ], [ -92.381111145019531, 30.841386795043984 ], [ -92.380447387695312, 30.841083526611346 ], [ -92.379920959472656, 30.840534210205089 ], [ -92.379890441894531, 30.840190887451232 ], [ -92.378753662109375, 30.839569091796868 ], [ -92.378593444824219, 30.838445663452134 ], [ -92.378776550292969, 30.837369918823253 ], [ -92.378692626953125, 30.836614608764666 ], [ -92.378433227539062, 30.836338043212862 ], [ -92.378456115722656, 30.836107254028349 ], [ -92.379074096679688, 30.835926055908168 ], [ -92.379096984863281, 30.835329055786115 ], [ -92.379417419433594, 30.834964752197269 ], [ -92.379119873046875, 30.834503173828111 ], [ -92.379394531250014, 30.833612442016605 ], [ -92.379310607910156, 30.832374572753952 ], [ -92.378730773925781, 30.832052230835021 ], [ -92.379074096679688, 30.831319808959996 ], [ -92.378913879394531, 30.831043243408175 ], [ -92.379096984863281, 30.829921722412124 ], [ -92.378570556640625, 30.829599380493175 ], [ -92.378570556640625, 30.829118728637681 ], [ -92.379470825195312, 30.828340530395486 ], [ -92.379341125488281, 30.827766418457035 ], [ -92.379898071289062, 30.826782226562489 ], [ -92.380455017089844, 30.826690673828104 ], [ -92.380455017089844, 30.826414108276346 ], [ -92.379974365234375, 30.826002120971662 ], [ -92.379974365234375, 30.82561111450196 ], [ -92.380722045898438, 30.8255214691162 ], [ -92.380638122558594, 30.824972152709925 ], [ -92.381278991699219, 30.824468612670923 ], [ -92.381301879882812, 30.823688507080039 ], [ -92.380378723144531, 30.822450637817408 ], [ -92.383140563964844, 30.821008682250977 ], [ -92.384574890136719, 30.821214675903335 ], [ -92.388374328613281, 30.820804595947244 ], [ -92.389167785644531, 30.82048225402831 ], [ -92.391693115234375, 30.820299148559592 ], [ -92.391876220703125, 30.820116043090842 ], [ -92.391532897949219, 30.819406509399382 ], [ -92.391693115234375, 30.818969726562493 ], [ -92.389724731445312, 30.818717956542947 ], [ -92.388717651367188, 30.818374633789098 ], [ -92.3878173828125, 30.817409515380884 ], [ -92.385902404785156, 30.817089080810593 ], [ -92.38616943359375, 30.816539764404311 ], [ -92.386970520019531, 30.816196441650366 ], [ -92.387069702148438, 30.81550788879397 ], [ -92.386810302734375, 30.81502532958984 ], [ -92.387260437011719, 30.814453125 ], [ -92.387451171875, 30.81307792663571 ], [ -92.387771606445312, 30.812711715698281 ], [ -92.388481140136719, 30.812551498413118 ], [ -92.38848876953125, 30.811016082763626 ], [ -92.388801574707031, 30.810787200927749 ], [ -92.388778686523438, 30.809274673461903 ], [ -92.387954711914062, 30.807165145874027 ], [ -92.387901306152344, 30.805217742919933 ], [ -92.3883056640625, 30.80381584167483 ], [ -92.3880615234375, 30.802146911621108 ], [ -92.388786315917969, 30.79997062683104 ], [ -92.388648986816406, 30.798572540283217 ], [ -92.388999938964844, 30.797082901000966 ], [ -92.387802124023438, 30.79490470886229 ], [ -92.3858642578125, 30.792907714843786 ], [ -92.385627746582031, 30.791761398315426 ], [ -92.386001586914062, 30.790983200073207 ], [ -92.386100769042969, 30.789539337158224 ], [ -92.387275695800781, 30.788507461547859 ], [ -92.387123107910156, 30.787935256958047 ], [ -92.387489318847656, 30.786148071289094 ], [ -92.386878967285156, 30.785551071167006 ], [ -92.38690185546875, 30.784910202026396 ], [ -92.386108398437514, 30.784200668334933 ], [ -92.385894775390625, 30.783580780029308 ], [ -92.38531494140625, 30.783351898193356 ], [ -92.385284423828125, 30.783649444580085 ], [ -92.384597778320312, 30.783672332763704 ], [ -92.383880615234375, 30.782320022582994 ], [ -92.383430480957031, 30.78208923339843 ], [ -92.382789611816406, 30.782182693481445 ], [ -92.381919860839844, 30.78153991699217 ], [ -92.380752563476562, 30.781194686889613 ], [ -92.380294799804688, 30.780370712280252 ], [ -92.379447937011719, 30.780208587646467 ], [ -92.378837585449219, 30.779682159423828 ], [ -92.378547668457031, 30.778535842895515 ], [ -92.377693176269531, 30.77787017822261 ], [ -92.377532958984375, 30.777067184448239 ], [ -92.377532958984375, 30.776792526245139 ], [ -92.378074645996094, 30.776357650756871 ], [ -92.3778076171875, 30.775669097900362 ], [ -92.378311157226562, 30.77555656433103 ], [ -92.378311157226562, 30.774982452392599 ], [ -92.378791809082045, 30.774707794189446 ], [ -92.378753662109375, 30.773143768310536 ], [ -92.378814697265625, 30.771888732910142 ], [ -92.377891540527344, 30.771223068237294 ], [ -92.377861022949219, 30.770259857177756 ], [ -92.378150939941406, 30.769138336181641 ], [ -92.378715515136719, 30.768655776977546 ], [ -92.378768920898438, 30.768314361572319 ], [ -92.37982177734375, 30.768083572387656 ], [ -92.380332946777344, 30.767763137817401 ], [ -92.380569458007812, 30.767282485961935 ], [ -92.380256652832031, 30.764669418334957 ], [ -92.380783081054688, 30.764303207397436 ], [ -92.380783081054688, 30.763523101806644 ], [ -92.381233215332031, 30.762399673461871 ], [ -92.381233215332031, 30.762178421020511 ], [ -92.379043579101562, 30.760246276855462 ], [ -92.378799438476562, 30.759351730346655 ], [ -92.378982543945312, 30.756875991821275 ], [ -92.378158569335938, 30.755546569824205 ], [ -92.378189086914077, 30.754928588867184 ], [ -92.377021789550781, 30.753459930419947 ], [ -92.37579345703125, 30.752828598022447 ], [ -92.372764587402344, 30.751649856567404 ], [ -92.370018005371094, 30.75 ], [ -92.367294311523438, 30.749593734741211 ], [ -92.366737365722656, 30.749206542968729 ], [ -92.366607666015625, 30.748792648315433 ], [ -92.366523742675781, 30.745882034301715 ], [ -92.36737060546875, 30.743864059448253 ], [ -92.368064880371094, 30.743267059326161 ], [ -92.371932983398438, 30.741523742675803 ], [ -92.3712158203125, 30.738866806030281 ], [ -92.370071411132812, 30.736644744873086 ], [ -92.369674682617188, 30.732105255126928 ], [ -92.365585327148438, 30.730663299560554 ], [ -92.365135192871094, 30.730962753295881 ], [ -92.363807678222656, 30.730869293212841 ], [ -92.362617492675781, 30.731649398803732 ], [ -92.360099792480469, 30.732589721679705 ], [ -92.3583984375, 30.732545852661161 ], [ -92.354736328125014, 30.731309890747092 ], [ -92.34521484375, 30.732915878295934 ], [ -92.343040466308594, 30.732000350952127 ], [ -92.342109680175781, 30.733352661132855 ], [ -92.339859008789062, 30.732755661010792 ], [ -92.338310241699219, 30.731794357299766 ], [ -92.337303161621094, 30.730831146240188 ], [ -92.335952758789062, 30.73032760620119 ], [ -92.335426330566406, 30.729869842529293 ], [ -92.333694458007812, 30.727371215820298 ], [ -92.332740783691406, 30.726455688476531 ], [ -92.331787109375, 30.726226806640653 ], [ -92.331413269042969, 30.725881576538079 ], [ -92.33099365234375, 30.725080490112283 ], [ -92.330909729003906, 30.723613739013675 ], [ -92.330406188964844, 30.723131179809574 ], [ -92.330337524414062, 30.722158432006822 ], [ -92.321784973144531, 30.721986770629883 ], [ -92.317649841308594, 30.721963882446257 ], [ -92.31756591796875, 30.725379943847674 ], [ -92.316642761230469, 30.725814819335902 ], [ -92.316581726074219, 30.727602005004869 ], [ -92.317962646484375, 30.72714805603027 ], [ -92.320144653320312, 30.727773666381847 ], [ -92.321258544921875, 30.728496551513675 ], [ -92.318328857421889, 30.732351303100621 ], [ -92.317291259765625, 30.734367370605465 ], [ -92.317161560058594, 30.735424041748061 ], [ -92.317916870117188, 30.738306045532212 ], [ -92.317489624023438, 30.740934371948207 ], [ -92.317520141601562, 30.742870330810568 ], [ -92.317382812500014, 30.743270874023448 ], [ -92.31353759765625, 30.743118286132759 ], [ -92.311416625976562, 30.743408203125004 ], [ -92.309661865234375, 30.743919372558576 ], [ -92.308013916015625, 30.745777130126921 ], [ -92.308097839355469, 30.746282577514638 ], [ -92.307777404785156, 30.747083663940408 ], [ -92.307914733886733, 30.747520446777337 ], [ -92.307670593261719, 30.74790763854978 ], [ -92.307914733886733, 30.748275756835898 ], [ -92.3076171875, 30.750701904296854 ], [ -92.308387756347656, 30.751045227050792 ], [ -92.308334350585938, 30.751390457153345 ], [ -92.307373046875, 30.753337860107457 ], [ -92.307350158691406, 30.753866195678718 ], [ -92.306427001953125, 30.754484176635728 ], [ -92.3045654296875, 30.755010604858388 ], [ -92.304084777832045, 30.754711151123061 ], [ -92.30352783203125, 30.755033493041996 ], [ -92.302841186523438, 30.754804611206033 ], [ -92.301513671875, 30.75521659851076 ], [ -92.300422668457031, 30.755285263061474 ], [ -92.299949645996094, 30.755559921264634 ], [ -92.299285888671875, 30.755378723144528 ], [ -92.297615051269531, 30.756385803222699 ], [ -92.296180725097656, 30.756294250488288 ], [ -92.294960021972656, 30.756958007812518 ], [ -92.294593811035156, 30.757621765136737 ], [ -92.293632507324219, 30.757486343383782 ], [ -92.293548583984375, 30.757738113403359 ], [ -92.292922973632812, 30.757873535156289 ], [ -92.292564392089844, 30.758447647094766 ], [ -92.291397094726562, 30.758998870849634 ], [ -92.29071044921875, 30.759662628173842 ], [ -92.289886474609375, 30.759845733642607 ], [ -92.288612365722656, 30.759754180908196 ], [ -92.288375854492188, 30.760257720947283 ], [ -92.288055419921889, 30.760211944580075 ], [ -92.287666320800781, 30.759708404541009 ], [ -92.284446716308594, 30.759706497192397 ], [ -92.284080505371094, 30.759431838989268 ], [ -92.282913208007827, 30.759843826293949 ], [ -92.282432556152344, 30.759109497070305 ], [ -92.282569885253906, 30.75803375244142 ], [ -92.283760070800781, 30.753013610839847 ], [ -92.28790283203125, 30.729661941528303 ], [ -92.287910461425781, 30.7206325531006 ], [ -92.286720275878906, 30.717332839965817 ], [ -92.281806945800781, 30.7173767089844 ], [ -92.280776977539062, 30.71593284606935 ], [ -92.258918762207031, 30.708774566650401 ], [ -92.26104736328125, 30.703502655029276 ], [ -92.26104736328125, 30.699743270874013 ], [ -92.249603271484375, 30.699838638305671 ], [ -92.249649047851562, 30.695913314819347 ], [ -92.2503662109375, 30.695131301879883 ], [ -92.250404357910156, 30.692359924316431 ], [ -92.251113891601562, 30.689174652099563 ], [ -92.251022338867188, 30.685276031494141 ], [ -92.252159118652344, 30.679813385009762 ], [ -92.251609802246094, 30.679576873779251 ], [ -92.251571655273438, 30.680433273315447 ], [ -92.25009918212892, 30.680334091186527 ], [ -92.250175476074219, 30.678705215454112 ], [ -92.249710083007812, 30.678611755371119 ], [ -92.2457275390625, 30.678571701049794 ], [ -92.2457275390625, 30.679023742675795 ], [ -92.243949890136719, 30.678949356079144 ], [ -92.243949890136719, 30.678703308105476 ], [ -92.243309020996094, 30.678647994995089 ], [ -92.243324279785156, 30.678869247436491 ], [ -92.240669250488281, 30.678869247436491 ], [ -92.240684509277344, 30.677902221679673 ], [ -92.25, 30.677818298339837 ], [ -92.261802673339844, 30.683103561401371 ], [ -92.264602661132812, 30.684272766113292 ], [ -92.265617370605469, 30.684740066528327 ], [ -92.265693664550781, 30.684780120849585 ], [ -92.268699645996094, 30.685972213745128 ], [ -92.267021179199219, 30.689502716064446 ], [ -92.264793395996094, 30.693693161010732 ], [ -92.265914916992202, 30.694059371948242 ], [ -92.265281677246094, 30.695627212524414 ], [ -92.266166687011719, 30.69592475891109 ], [ -92.2666015625, 30.695062637329105 ], [ -92.267158508300781, 30.695251464843754 ], [ -92.267448425292969, 30.694593429565415 ], [ -92.271530151367202, 30.695873260498036 ], [ -92.27423095703125, 30.696723937988313 ], [ -92.273223876953125, 30.698902130126946 ], [ -92.274131774902344, 30.699216842651389 ], [ -92.27459716796875, 30.698625564575206 ], [ -92.275184631347656, 30.697067260742195 ], [ -92.2786865234375, 30.690191268920877 ], [ -92.28033447265625, 30.690790176391591 ], [ -92.289192199707031, 30.694137573242166 ], [ -92.290168762207031, 30.694412231445334 ], [ -92.291862487792969, 30.69425201416016 ], [ -92.2958984375, 30.694000244140625 ], [ -92.300300598144531, 30.695613861083974 ], [ -92.309562683105469, 30.699089050292962 ], [ -92.311203002929688, 30.699777603149407 ], [ -92.31182861328125, 30.700004577636708 ], [ -92.314651489257812, 30.701015472412106 ], [ -92.321647644042969, 30.700923919677759 ], [ -92.330535888671875, 30.700685501098601 ], [ -92.339118957519531, 30.700496673584002 ], [ -92.338676452636719, 30.70005035400392 ], [ -92.336715698242188, 30.699775695800799 ], [ -92.335517883300781, 30.698423385620096 ], [ -92.33451080322267, 30.698104858398416 ], [ -92.334304809570312, 30.697324752807582 ], [ -92.333160400390625, 30.696567535400391 ], [ -92.330551147460952, 30.695379257202184 ], [ -92.32769775390625, 30.694665908813491 ], [ -92.325736999511719, 30.694620132446271 ], [ -92.324089050292969, 30.692810058593786 ], [ -92.324165344238281, 30.692121505737322 ], [ -92.3248291015625, 30.691089630126982 ], [ -92.326980590820312, 30.690471649169897 ], [ -92.328758239746094, 30.688776016235359 ], [ -92.329605102539077, 30.688226699829084 ], [ -92.33056640625, 30.687965393066396 ], [ -92.33209228515625, 30.688316345214822 ], [ -92.3331298828125, 30.687950134277322 ], [ -92.333503723144531, 30.687719345092741 ], [ -92.334030151367188, 30.68673324584962 ], [ -92.335990905761719, 30.684946060180696 ], [ -92.33819580078125, 30.683824539184517 ], [ -92.338272094726562, 30.682929992675835 ], [ -92.337905883789062, 30.681989669799819 ], [ -92.339118957519531, 30.679719924926758 ], [ -92.338615417480469, 30.67712974548337 ], [ -92.339096069335938, 30.67591667175293 ], [ -92.339569091796875, 30.672615051269535 ], [ -92.33819580078125, 30.670391082763658 ], [ -92.336151123046875, 30.6687202453613 ], [ -92.334266662597656, 30.667825698852511 ], [ -92.333793640136719, 30.667459487915036 ], [ -92.33367919921875, 30.667043685913111 ], [ -92.331985473632812, 30.666978836059577 ], [ -92.33062744140625, 30.667377471923846 ], [ -92.329658508300781, 30.668468475341779 ], [ -92.329231262207031, 30.670280456542997 ], [ -92.328651428222656, 30.671218872070323 ], [ -92.327857971191406, 30.671607971191406 ], [ -92.325706481933594, 30.671632766723636 ], [ -92.320587158203125, 30.671379089355515 ], [ -92.317726135253906, 30.671791076660135 ], [ -92.315231323242202, 30.671884536743207 ], [ -92.30181884765625, 30.670188903808612 ], [ -92.29998779296875, 30.67055320739745 ], [ -92.287551879882812, 30.668880462646452 ], [ -92.287101745605469, 30.668926239013718 ], [ -92.283309936523438, 30.674425125122028 ], [ -92.278640747070312, 30.672613143920927 ], [ -92.278854370117188, 30.664041519165046 ], [ -92.280288696289062, 30.661771774291967 ], [ -92.280609130859375, 30.661590576171861 ], [ -92.28118896484375, 30.660146713256847 ], [ -92.281059265136719, 30.659595489501928 ], [ -92.280502319335952, 30.657854080200199 ], [ -92.280502319335952, 30.655033111572273 ], [ -92.309455871582031, 30.658819198608402 ], [ -92.310089111328139, 30.658727645874038 ], [ -92.311599731445312, 30.657743453979489 ], [ -92.318038940429688, 30.657514572143562 ], [ -92.318222045898452, 30.655931472778345 ], [ -92.327003479003906, 30.655633926391591 ], [ -92.328193664550781, 30.653938293457053 ], [ -92.327476501464844, 30.653112411499006 ], [ -92.327346801757812, 30.652423858642582 ], [ -92.327873229980469, 30.651071548461893 ], [ -92.327873229980469, 30.650293350219727 ], [ -92.325965881347656, 30.649950027465845 ], [ -92.325942993164062, 30.649101257324173 ], [ -92.325042724609389, 30.648574829101541 ], [ -92.324745178222656, 30.647932052612294 ], [ -92.32318115234375, 30.647268295288097 ], [ -92.3232421875, 30.646007537841772 ], [ -92.322395324707031, 30.64543342590331 ], [ -92.321891784667969, 30.645320892333974 ], [ -92.321037292480469, 30.645526885986325 ], [ -92.319686889648438, 30.645252227783221 ], [ -92.319206237792969, 30.64460945129397 ], [ -92.317802429199219, 30.644702911376964 ], [ -92.317352294921875, 30.644311904907184 ], [ -92.317085266113281, 30.643783569335959 ], [ -92.317298889160156, 30.642204284668018 ], [ -92.315635681152344, 30.6407356262207 ], [ -92.315597534179702, 30.63968276977543 ], [ -92.314834594726562, 30.639635086059553 ], [ -92.313697814941406, 30.638719558715817 ], [ -92.314277648925781, 30.637275695800778 ], [ -92.313430786132812, 30.636907577514627 ], [ -92.313377380371094, 30.636610031127926 ], [ -92.313514709472656, 30.636335372924833 ], [ -92.314384460449219, 30.636289596557614 ], [ -92.314704895019531, 30.635463714599624 ], [ -92.315818786621094, 30.63518905639652 ], [ -92.318359375, 30.633699417114286 ], [ -92.318061828613281, 30.632324218749989 ], [ -92.318359375, 30.632049560546868 ], [ -92.319549560546875, 30.632141113281254 ], [ -92.320930480957031, 30.630353927612347 ], [ -92.32159423828125, 30.630031585693374 ], [ -92.321617126464844, 30.628452301025387 ], [ -92.320022583007812, 30.62799263000489 ], [ -92.319953918457031, 30.627214431762727 ], [ -92.320480346679688, 30.62668609619142 ], [ -92.3221435546875, 30.626640319824226 ], [ -92.321800231933594, 30.625564575195337 ], [ -92.323341369628906, 30.625394821166996 ], [ -92.323448181152344, 30.624330520629851 ], [ -92.323760986328125, 30.623918533325181 ], [ -92.324180603027344, 30.623804092407205 ], [ -92.325798034667969, 30.624446868896477 ], [ -92.326019287109375, 30.623207092285156 ], [ -92.326522827148438, 30.622932434082013 ], [ -92.327789306640625, 30.623184204101562 ], [ -92.330093383789062, 30.622999191284194 ], [ -92.330917358398452, 30.623207092285156 ], [ -92.331207275390625, 30.62297821044924 ], [ -92.331504821777344, 30.621625900268551 ], [ -92.332351684570312, 30.62077713012696 ], [ -92.331474304199219, 30.619632720947301 ], [ -92.333755493164062, 30.617340087890636 ], [ -92.333992004394531, 30.615896224975579 ], [ -92.333671569824233, 30.615230560302756 ], [ -92.334335327148438, 30.614473342895511 ], [ -92.335395812988281, 30.614244461059574 ], [ -92.335868835449219, 30.614612579345728 ], [ -92.337089538574219, 30.614658355712923 ], [ -92.338577270507827, 30.615503311157216 ], [ -92.33966064453125, 30.613647460937514 ], [ -92.340316772460938, 30.613372802734379 ], [ -92.340560913085938, 30.613555908203111 ], [ -92.340591430664062, 30.614679336547869 ], [ -92.341644287109375, 30.615642547607415 ], [ -92.342681884765625, 30.615779876708995 ], [ -92.343666076660156, 30.615457534790032 ], [ -92.344108581542969, 30.615894317626974 ], [ -92.344589233398438, 30.615869522094741 ], [ -92.345016479492188, 30.615343093872131 ], [ -92.343765258789062, 30.613992691040078 ], [ -92.34384918212892, 30.613578796386729 ], [ -92.344535827636719, 30.613418579101594 ], [ -92.344215393066406, 30.612157821655288 ], [ -92.346092224121094, 30.611377716064467 ], [ -92.346015930175781, 30.610483169555668 ], [ -92.347206115722656, 30.610689163207986 ], [ -92.347320556640625, 30.610139846801768 ], [ -92.34686279296875, 30.609245300292969 ], [ -92.348388671875014, 30.609582901000991 ], [ -92.349540710449219, 30.609313964843793 ], [ -92.350013732910156, 30.608398437500036 ], [ -92.350440979003906, 30.60837364196777 ], [ -92.350601196289062, 30.609222412109343 ], [ -92.351242065429688, 30.609130859375021 ], [ -92.351661682128906, 30.607707977294922 ], [ -92.353096008300781, 30.606721878051765 ], [ -92.354255676269531, 30.60718154907228 ], [ -92.355262756347656, 30.607179641723626 ], [ -92.35544586181642, 30.606998443603548 ], [ -92.354972839355483, 30.606103897094723 ], [ -92.356170654296875, 30.605508804321261 ], [ -92.357246398925781, 30.604108810424787 ], [ -92.357650756835938, 30.604177474975621 ], [ -92.357727050781264, 30.604841232299787 ], [ -92.35833740234375, 30.604795455932635 ], [ -92.358917236328125, 30.603994369506854 ], [ -92.359024047851562, 30.603328704834006 ], [ -92.358680725097656, 30.602298736572223 ], [ -92.359321594238281, 30.601747512817386 ], [ -92.360084533691406, 30.601472854614283 ], [ -92.359550476074219, 30.600074768066406 ], [ -92.360084533691406, 30.599914550781236 ], [ -92.361328125, 30.600280761718743 ], [ -92.361282348632812, 30.599271774292028 ], [ -92.362129211425781, 30.599821090698267 ], [ -92.362602233886719, 30.599752426147457 ], [ -92.362762451171889, 30.599475860595696 ], [ -92.362518310546875, 30.598331451416044 ], [ -92.362815856933594, 30.598308563232408 ], [ -92.364089965820312, 30.599224090576197 ], [ -92.364532470703125, 30.598468780517582 ], [ -92.363365173339858, 30.597253799438445 ], [ -92.3641357421875, 30.59638214111326 ], [ -92.364883422851562, 30.596450805664062 ], [ -92.365806579589844, 30.597436904907209 ], [ -92.366096496582045, 30.597412109374989 ], [ -92.366676330566406, 30.59686279296875 ], [ -92.366462707519545, 30.595899581909173 ], [ -92.366889953613281, 30.595876693725586 ], [ -92.367927551269531, 30.596677780151389 ], [ -92.371261596679702, 30.595577239990199 ], [ -92.370887756347656, 30.594408035278335 ], [ -92.370338439941406, 30.593835830688498 ], [ -92.371002197265639, 30.593170166015657 ], [ -92.369880676269531, 30.593126296997106 ], [ -92.369430541992188, 30.592874526977514 ], [ -92.369537353515625, 30.592071533203136 ], [ -92.372077941894531, 30.592300415039023 ], [ -92.372627258300781, 30.591756820678679 ], [ -92.3741455078125, 30.590808868408207 ], [ -92.37353515625, 30.589525222778345 ], [ -92.37353515625, 30.589019775390625 ], [ -92.373802185058594, 30.588745117187504 ], [ -92.374534606933594, 30.588584899902337 ], [ -92.374641418457031, 30.588195800781229 ], [ -92.373428344726562, 30.587280273437511 ], [ -92.373374938964844, 30.585836410522454 ], [ -92.373161315917969, 30.585514068603498 ], [ -92.371437072753906, 30.584115982055689 ], [ -92.370170593261719, 30.583635330200185 ], [ -92.369720458984375, 30.581779479980515 ], [ -92.369766235351562, 30.580564498901378 ], [ -92.368682861328125, 30.579786300659183 ], [ -92.367706298828125, 30.577632904052727 ], [ -92.367912292480469, 30.57712745666506 ], [ -92.368843078613281, 30.576667785644482 ], [ -92.371147155761719, 30.576255798339815 ], [ -92.371040344238281, 30.575773239135732 ], [ -92.369850158691406, 30.575269699096665 ], [ -92.369346618652358, 30.574697494506864 ], [ -92.370773315429688, 30.574398040771491 ], [ -92.371147155761719, 30.573802947998058 ], [ -92.371063232421875, 30.572748184204134 ], [ -92.369895935058594, 30.571098327636715 ], [ -92.370422363281264, 30.569997787475572 ], [ -92.369735717773438, 30.569723129272493 ], [ -92.368339538574219, 30.569883346557628 ], [ -92.370185852050795, 30.564796447753892 ], [ -92.372085571289062, 30.562068939208991 ], [ -92.371803283691406, 30.558881759643576 ], [ -92.372108459472656, 30.557804107665977 ], [ -92.373062133789062, 30.557275772094759 ], [ -92.375, 30.555282592773434 ], [ -92.376754760742188, 30.554477691650387 ], [ -92.378578186035156, 30.554479598999031 ], [ -92.381095886230469, 30.553197860717781 ], [ -92.38482666015625, 30.552856445312536 ], [ -92.385627746582031, 30.552970886230458 ], [ -92.38665771484375, 30.553590774536122 ], [ -92.389488220214844, 30.554622650146502 ], [ -92.39279937744142, 30.554347991943338 ], [ -92.395149230957031, 30.554531097412099 ], [ -92.397514343261719, 30.553524017333995 ], [ -92.399604797363281, 30.552288055419883 ], [ -92.401939392089844, 30.549789428710916 ], [ -92.403709411621094, 30.549217224121104 ], [ -92.406387329101562, 30.549217224121104 ], [ -92.409034729003906, 30.548805236816388 ], [ -92.410385131835938, 30.548004150390618 ], [ -92.411285400390625, 30.547018051147401 ], [ -92.411598205566406, 30.544887542724627 ], [ -92.412643432617188, 30.541379928588864 ], [ -92.41387939453125, 30.539455413818366 ], [ -92.415176391601577, 30.538423538208018 ], [ -92.371658325195312, 30.538665771484386 ], [ -92.371414184570312, 30.538528442382827 ], [ -92.370857238769531, 30.536878585815373 ], [ -92.370956420898438, 30.536352157592795 ], [ -92.384048461914062, 30.531675338745139 ], [ -92.385665893554688, 30.531263351440426 ], [ -92.39276123046875, 30.531312942504883 ], [ -92.396141052246094, 30.530397415161126 ], [ -92.403083801269531, 30.528978347778306 ], [ -92.405464172363281, 30.528749465942393 ], [ -92.40549468994142, 30.524141311645465 ], [ -92.40594482421875, 30.52393531799321 ], [ -92.406051635742188, 30.521942138671903 ], [ -92.405120849609375, 30.521667480468718 ], [ -92.404060363769531, 30.517908096313487 ], [ -92.40213775634767, 30.517242431640629 ], [ -92.401893615722656, 30.511650085449205 ], [ -92.410758972167969, 30.506063461303686 ], [ -92.410408020019531, 30.5058403015137 ], [ -92.410423278808594, 30.504917144775376 ], [ -92.410446166992188, 30.503236770629865 ], [ -92.414642333984375, 30.503210067749027 ], [ -92.416206359863281, 30.503200531005866 ], [ -92.423202514648452, 30.503133773803722 ], [ -92.424270629882812, 30.503128051757848 ], [ -92.424270629882812, 30.504962921142567 ], [ -92.426513671875, 30.50509834289554 ], [ -92.426528930664062, 30.503110885620082 ], [ -92.427375793457031, 30.503099441528374 ], [ -92.427474975585938, 30.502876281738303 ], [ -92.43475341796875, 30.502849578857425 ], [ -92.434768676757812, 30.505832672119183 ], [ -92.440223693847656, 30.505895614624023 ], [ -92.440269470214844, 30.5 ], [ -92.44024658203125, 30.496913909912095 ], [ -92.443717956542969, 30.496955871581992 ], [ -92.443771362304688, 30.495565414428757 ], [ -92.444473266601562, 30.49548721313478 ], [ -92.444473266601562, 30.49510955810549 ], [ -92.452239990234375, 30.495161056518565 ], [ -92.455734252929688, 30.494726181030288 ], [ -92.472381591796875, 30.489381790161165 ], [ -92.490768432617188, 30.483127593994123 ], [ -92.491142272949219, 30.482202529907251 ], [ -92.492889404296875, 30.481376647949205 ], [ -92.493125915527344, 30.480297088623036 ], [ -92.465682983398438, 30.480466842651378 ], [ -92.43597412109375, 30.480060577392592 ], [ -92.434730529785156, 30.480060577392557 ], [ -92.431678771972656, 30.480033874511712 ], [ -92.427360534667969, 30.479982376098668 ], [ -92.426605224609375, 30.479972839355465 ], [ -92.415008544921875, 30.479963302612312 ], [ -92.414627075195312, 30.479965209960966 ], [ -92.413444519042969, 30.479965209960966 ], [ -92.412651062011719, 30.479961395263647 ], [ -92.401802062988281, 30.479959487915018 ], [ -92.389045715332031, 30.47993278503418 ], [ -92.380744934082031, 30.479925155639663 ], [ -92.360198974609375, 30.479883193969691 ], [ -92.356864929199219, 30.479888916015661 ], [ -92.314193725585938, 30.479784011840845 ], [ -92.264472961425795, 30.480161666870107 ], [ -92.244819641113281, 30.480112075805675 ], [ -92.244285583496094, 30.436588287353477 ], [ -92.217681884765625, 30.4366645812988 ], [ -92.180854797363281, 30.436433792114236 ], [ -92.179145812988281, 30.436643600463857 ], [ -92.176345825195312, 30.436622619628853 ], [ -92.176383972167969, 30.422317504882805 ], [ -92.175865173339844, 30.400178909301758 ], [ -92.176002502441406, 30.385808944702156 ], [ -92.175689697265625, 30.3783359527588 ], [ -92.175735473632812, 30.371351242065412 ], [ -92.158584594726562, 30.371372222900415 ], [ -92.158836364746094, 30.400222778320359 ], [ -92.143638610839844, 30.400354385375973 ], [ -92.14239501953125, 30.401432037353501 ], [ -92.142204284667969, 30.402187347412102 ], [ -92.142311096191406, 30.405693054199219 ], [ -92.14154052734375, 30.407297134399411 ], [ -92.140510559082031, 30.407527923584006 ], [ -92.119171142578125, 30.40766143798826 ], [ -92.117042541503906, 30.408369064331044 ], [ -92.115730285644531, 30.409612655639648 ], [ -92.115097045898438, 30.41066551208494 ], [ -92.114067077636719, 30.414953231811555 ], [ -92.113166809082031, 30.416650772094719 ], [ -92.1114501953125, 30.416809082031218 ], [ -92.10736083984375, 30.416307449340806 ], [ -92.106925964355483, 30.417270660400373 ], [ -92.105499267578125, 30.418737411499041 ], [ -92.102165222167969, 30.420549392700192 ], [ -92.101478576660156, 30.422359466552717 ], [ -92.101478576660156, 30.423116683959947 ], [ -92.102485656738281, 30.425958633422901 ], [ -92.105056762695312, 30.427585601806634 ], [ -92.107009887695312, 30.429309844970717 ], [ -92.099044799804688, 30.428228378295923 ], [ -92.1021728515625, 30.436891555786115 ], [ -92.102310180664062, 30.44835281372071 ], [ -92.098907470703125, 30.466732025146474 ], [ -92.096267700195312, 30.472005844116207 ], [ -92.093772888183594, 30.485918045043888 ], [ -92.092987060546875, 30.489309310913065 ], [ -92.089988708496094, 30.493619918823242 ], [ -92.088531494140625, 30.496454238891619 ], [ -92.088104248046875, 30.49811172485353 ], [ -92.087333679199219, 30.501333236694304 ], [ -92.087081909179688, 30.50389289855956 ], [ -92.086746215820312, 30.505008697509762 ], [ -92.085700988769531, 30.506544113159197 ], [ -92.084999084472656, 30.507509231567397 ], [ -92.084259033203125, 30.508893966674812 ], [ -92.08392333984375, 30.510240554809602 ], [ -92.085975646972656, 30.510250091552692 ], [ -92.085975646972656, 30.510490417480518 ], [ -92.086395263671875, 30.510517120361374 ], [ -92.086990356445312, 30.510482788085895 ], [ -92.086967468261719, 30.511816024780277 ], [ -92.089080810546875, 30.511989593505817 ], [ -92.089118957519531, 30.51126289367679 ], [ -92.08843994140625, 30.511255264282216 ], [ -92.088378906250014, 30.510393142700199 ], [ -92.090087890625, 30.510375976562507 ], [ -92.090423583984375, 30.510372161865277 ], [ -92.090606689453125, 30.512897491455089 ], [ -92.090637207031264, 30.513441085815426 ], [ -92.09075927734375, 30.515657424926736 ], [ -92.090255737304688, 30.522150039672898 ], [ -92.089096069335938, 30.522024154663125 ], [ -92.08807373046875, 30.52520179748532 ], [ -92.088088989257812, 30.525903701782209 ], [ -92.087966918945312, 30.527700424194393 ], [ -92.085617065429688, 30.531574249267539 ], [ -92.084999084472656, 30.532991409301758 ], [ -92.081512451171875, 30.532535552978516 ], [ -92.082435607910156, 30.527242660522464 ], [ -92.082809448242188, 30.525293350219741 ], [ -92.082061767578125, 30.525087356567383 ], [ -92.080848693847656, 30.524995803833029 ], [ -92.081008911132812, 30.523872375488267 ], [ -92.078384399414062, 30.523391723632852 ], [ -92.078460693359375, 30.522773742675778 ], [ -92.076240539550781, 30.522497177123995 ], [ -92.076347351074219, 30.521284103393519 ], [ -92.076690673828125, 30.519266128540053 ], [ -92.069992065429688, 30.5184631347656 ], [ -92.068275451660156, 30.518211364746104 ], [ -92.066673278808594, 30.525140762329116 ], [ -92.066612243652344, 30.525407791137745 ], [ -92.069625854492188, 30.527082443237333 ], [ -92.068145751953125, 30.528526306152319 ], [ -92.068191528320312, 30.528709411621069 ], [ -92.06768798828125, 30.529195785522447 ], [ -92.0709228515625, 30.529638290405273 ], [ -92.071075439453125, 30.530235290527301 ], [ -92.07220458984375, 30.530342102050788 ], [ -92.072036743164062, 30.531230926513683 ], [ -92.071533203125, 30.531106948852504 ], [ -92.0675048828125, 30.530841827392624 ], [ -92.065254211425781, 30.531391143798849 ], [ -92.06390380859375, 30.531963348388658 ], [ -92.056259155273438, 30.536754608154304 ], [ -92.053634643554688, 30.537488937377905 ], [ -92.029960632324233, 30.539844512939474 ], [ -92.029014587402344, 30.537937164306598 ], [ -91.969657897949219, 30.544109344482393 ], [ -91.9710693359375, 30.542228698730444 ], [ -91.972816467285156, 30.537805557250959 ], [ -91.976600646972656, 30.531225204467791 ], [ -91.978271484375, 30.526779174804712 ], [ -91.979576110839844, 30.524141311645465 ], [ -91.978721618652344, 30.523778915405288 ], [ -91.975669860839844, 30.512548446655284 ], [ -91.974983215332031, 30.510990142822273 ], [ -91.975028991699219, 30.510164260864226 ], [ -91.973068237304688, 30.503307342529286 ], [ -91.971832275390625, 30.503587722778288 ], [ -91.970024108886719, 30.501731872558604 ], [ -91.951156616210938, 30.504072189331026 ], [ -91.949729919433594, 30.505149841308558 ], [ -91.948455810546875, 30.505746841430621 ], [ -91.9462890625, 30.508129119873043 ], [ -91.944671630859375, 30.508909225463864 ], [ -91.940841674804688, 30.510078430175778 ], [ -91.939537048339844, 30.509872436523427 ], [ -91.936897277832031, 30.508657455444343 ], [ -91.935279846191406, 30.508197784423807 ], [ -91.934349060058594, 30.508314132690444 ], [ -91.930564880371094, 30.509687423706051 ], [ -91.926994323730469, 30.509389877319318 ], [ -91.924400329589844, 30.508449554443381 ], [ -91.92376708984375, 30.508449554443342 ], [ -91.921348571777344, 30.50915908813478 ], [ -91.918548583984375, 30.507946014404261 ], [ -91.914505004882812, 30.505676269531289 ], [ -91.911354064941406, 30.50523948669435 ], [ -91.910926818847656, 30.505332946777397 ], [ -91.910057067871094, 30.506269454956062 ], [ -91.909469604492188, 30.50645446777343 ], [ -91.906478881835938, 30.507049560546829 ], [ -91.903121948242188, 30.50702667236326 ], [ -91.90264892578125, 30.507186889648398 ], [ -91.901824951171875, 30.507963180542006 ], [ -91.900047302246094, 30.506519317626996 ], [ -91.89923095703125, 30.505441665649446 ], [ -91.898811340332031, 30.504114151000987 ], [ -91.898094177246094, 30.5035400390625 ], [ -91.898490905761719, 30.501913070678711 ], [ -91.897613525390625, 30.5 ], [ -91.897750854492188, 30.499160766601612 ], [ -91.897720336914062, 30.498907089233391 ], [ -91.896873474121094, 30.498220443725561 ], [ -91.896766662597656, 30.497325897216811 ], [ -91.896347045898438, 30.497234344482457 ], [ -91.895370483398438, 30.497371673583981 ], [ -91.894439697265625, 30.497074127197234 ], [ -91.89306640625, 30.497049331665 ], [ -91.890838623046875, 30.496246337890604 ], [ -91.88909912109375, 30.496681213378871 ], [ -91.888465881347656, 30.497323989868175 ], [ -91.888275146484375, 30.497735977172855 ], [ -91.888221740722656, 30.500902175903295 ], [ -91.888778686523438, 30.502620697021531 ], [ -91.888755798339844, 30.503719329833988 ], [ -91.889488220214844, 30.50493621826169 ], [ -91.889328002929688, 30.506975173950206 ], [ -91.887794494628906, 30.508602142333999 ], [ -91.887260437011733, 30.510000228881886 ], [ -91.887481689453125, 30.511398315429688 ], [ -91.888351440429688, 30.512842178344719 ], [ -91.888236999511719, 30.513299942016623 ], [ -91.88623046875, 30.513896942138654 ], [ -91.885971069335938, 30.513208389282266 ], [ -91.886093139648438, 30.512062072753938 ], [ -91.885704040527344, 30.511465072631893 ], [ -91.885276794433594, 30.511281967163047 ], [ -91.883796691894531, 30.511579513549826 ], [ -91.883132934570312, 30.51022720336918 ], [ -91.880989074707031, 30.509057998657223 ], [ -91.880668640136719, 30.509057998657223 ], [ -91.880462646484375, 30.50933265686032 ], [ -91.880088806152344, 30.510959625244123 ], [ -91.879402160644531, 30.511142730712862 ], [ -91.879188537597656, 30.511028289794954 ], [ -91.879005432128906, 30.509538650512663 ], [ -91.878425598144531, 30.509147644042976 ], [ -91.877975463867188, 30.508367538452099 ], [ -91.877235412597656, 30.507886886596701 ], [ -91.876518249511719, 30.507909774780277 ], [ -91.876014709472656, 30.508550643920906 ], [ -91.8758544921875, 30.510408401489293 ], [ -91.874618530273438, 30.51027107238772 ], [ -91.874168395996094, 30.510318756103477 ], [ -91.874061584472656, 30.510545730590799 ], [ -91.874382019042969, 30.511074066162141 ], [ -91.875320434570312, 30.511461257934535 ], [ -91.875335693359375, 30.512516021728484 ], [ -91.874488830566406, 30.512815475463857 ], [ -91.873275756835938, 30.512496948242159 ], [ -91.871368408203125, 30.512977600097663 ], [ -91.870460510253906, 30.508462905883768 ], [ -91.869514465332031, 30.507087707519503 ], [ -91.868606567382812, 30.504705429077127 ], [ -91.868209838867188, 30.500471115112287 ], [ -91.867630004882812, 30.5 ], [ -91.867980957031264, 30.494731903076147 ], [ -91.869064331054688, 30.490810394287074 ], [ -91.868865966796875, 30.490129470825174 ], [ -91.86566162109375, 30.488874435424773 ], [ -91.863510131835938, 30.488796234130856 ], [ -91.862312316894531, 30.487834930419908 ], [ -91.861236572265625, 30.486667633056655 ], [ -91.86065673828125, 30.486438751220749 ], [ -91.858329772949219, 30.486600875854535 ], [ -91.857933044433608, 30.486461639404286 ], [ -91.857192993164062, 30.48566055297854 ], [ -91.855552673339844, 30.484560012817358 ], [ -91.854339599609389, 30.483484268188516 ], [ -91.853271484375, 30.48194885253907 ], [ -91.853225708007812, 30.480573654174826 ], [ -91.852584838867188, 30.479520797729485 ], [ -91.851951599121108, 30.478900909423864 ], [ -91.85089111328125, 30.478351593017582 ], [ -91.849357604980469, 30.478168487548864 ], [ -91.848670959472656, 30.47835159301755 ], [ -91.847869873046875, 30.478649139404279 ], [ -91.846229553222656, 30.479864120483434 ], [ -91.84454345703125, 30.480508804321293 ], [ -91.841896057128906, 30.480052947998058 ], [ -91.839065551757812, 30.471477508544883 ], [ -91.836555480957031, 30.470058441162113 ], [ -91.83453369140625, 30.469575881957972 ], [ -91.834457397460952, 30.469278335571275 ], [ -91.834327697753906, 30.466758728027305 ], [ -91.832046508789062, 30.464305877685572 ], [ -91.830909729003906, 30.461946487426726 ], [ -91.831413269042969, 30.460111618041989 ], [ -91.831230163574233, 30.458324432373029 ], [ -91.830307006835938, 30.457521438598611 ], [ -91.829109191894531, 30.457063674926733 ], [ -91.827919006347656, 30.4558506011963 ], [ -91.82720947265625, 30.455505371093718 ], [ -91.825691223144531, 30.45536613464354 ], [ -91.825363159179688, 30.455047607421879 ], [ -91.825202941894531, 30.453788757324197 ], [ -91.824348449707031, 30.451564788818363 ], [ -91.824325561523438, 30.450395584106456 ], [ -91.821945190429688, 30.447439193725547 ], [ -91.821441650390625, 30.447071075439435 ], [ -91.820831298828125, 30.446979522705114 ], [ -91.819114685058594, 30.447256088256879 ], [ -91.818687438964844, 30.447071075439435 ], [ -91.818031311035156, 30.446247100830067 ], [ -91.817634582519531, 30.444482803344744 ], [ -91.815544128417983, 30.441755294799769 ], [ -91.81488037109375, 30.441320419311516 ], [ -91.812873840332031, 30.440563201904272 ], [ -91.809883117675781, 30.44049644470212 ], [ -91.808883666992188, 30.439968109130859 ], [ -91.808296203613281, 30.439325332641644 ], [ -91.807083129882812, 30.43714714050293 ], [ -91.805625915527344, 30.435865402221665 ], [ -91.805282592773438, 30.434238433837887 ], [ -91.804649353027344, 30.433275222778327 ], [ -91.804435729980469, 30.432312011718782 ], [ -91.804489135742188, 30.431831359863335 ], [ -91.805038452148438, 30.431051254272507 ], [ -91.804908752441406, 30.428760528564453 ], [ -91.803619384765625, 30.428394317626978 ], [ -91.802558898925781, 30.427499771118178 ], [ -91.800941467285156, 30.427087783813491 ], [ -91.7994384765625, 30.425666809082035 ], [ -91.796897888183594, 30.423786163330039 ], [ -91.795051574707031, 30.423395156860355 ], [ -91.793571472167969, 30.422319412231424 ], [ -91.793304443359375, 30.421472549438445 ], [ -91.79388427734375, 30.418308258056655 ], [ -91.792167663574219, 30.413932800292972 ], [ -91.789947509765625, 30.411088943481452 ], [ -91.789680480957045, 30.409805297851577 ], [ -91.789154052734375, 30.409004211425728 ], [ -91.788970947265639, 30.407535552978548 ], [ -91.786064147949219, 30.40391349792479 ], [ -91.784080505371094, 30.400407791137749 ], [ -91.783233642578125, 30.400224685668977 ], [ -91.780143737792969, 30.400543212890664 ], [ -91.779960632324219, 30.400865554809581 ], [ -91.779426574707031, 30.400955200195284 ], [ -91.778205871582031, 30.400728225708047 ], [ -91.777290344238281, 30.401620864868132 ], [ -91.7745361328125, 30.402191162109389 ], [ -91.773902893066406, 30.401687622070302 ], [ -91.773880004882812, 30.400037765502933 ], [ -91.773323059082031, 30.399831771850629 ], [ -91.772468566894531, 30.400037765502901 ], [ -91.771255493164062, 30.398845672607386 ], [ -91.77001953125, 30.398685455322244 ], [ -91.769508361816406, 30.397722244262706 ], [ -91.764747619628906, 30.394229888916044 ], [ -91.802543640136719, 30.394090652465845 ], [ -91.811309814453125, 30.39406204223636 ], [ -91.812683105468764, 30.394063949584918 ], [ -91.814613342285156, 30.395231246948228 ], [ -91.814956665039062, 30.396308898925785 ], [ -91.815834045410156, 30.397155761718786 ], [ -91.819847106933608, 30.399677276611346 ], [ -91.823974609375, 30.399976730346641 ], [ -91.825164794921875, 30.400686264038079 ], [ -91.826461791992188, 30.401853561401364 ], [ -91.828155517578125, 30.401647567749038 ], [ -91.82928466796875, 30.402357101440433 ], [ -91.831085205078125, 30.402839660644535 ], [ -91.831695556640625, 30.403114318847638 ], [ -91.832244873046875, 30.403755187988306 ], [ -91.832305908203139, 30.404993057250973 ], [ -91.832511901855469, 30.405221939086964 ], [ -91.83392333984375, 30.40538215637206 ], [ -91.834678649902344, 30.406230926513651 ], [ -91.835159301757812, 30.406368255615206 ], [ -91.836746215820312, 30.406183242797827 ], [ -91.838409423828125, 30.406940460205089 ], [ -91.840950012207031, 30.40643692016603 ], [ -91.846549987792983, 30.406892776489226 ], [ -91.84814453125, 30.40625 ], [ -91.849197387695327, 30.406433105468729 ], [ -91.850654602050781, 30.407878875732436 ], [ -91.852294921875014, 30.410398483276378 ], [ -91.852767944335952, 30.412437438964854 ], [ -91.855278015136719, 30.412551879882827 ], [ -91.857345581054688, 30.412000656127901 ], [ -91.862449645996094, 30.413282394409134 ], [ -91.86395263671875, 30.41279983520506 ], [ -91.869209289550781, 30.417020797729496 ], [ -91.87188720703125, 30.416280746459982 ], [ -91.925247192382812, 30.398248672485309 ], [ -91.930572509765625, 30.396354675292979 ], [ -91.932525634765625, 30.39665222167973 ], [ -91.935203552246094, 30.395528793334933 ], [ -91.936126708984375, 30.39477157592772 ], [ -91.936759948730469, 30.394542694091808 ], [ -91.937789916992188, 30.394838333129872 ], [ -91.9390869140625, 30.395229339599624 ], [ -91.941177368164062, 30.395389556884762 ], [ -91.942070007324219, 30.396078109741222 ], [ -91.942527770996094, 30.396972656249982 ], [ -91.946281433105483, 30.399057388305604 ], [ -91.947418212890625, 30.399974822998011 ], [ -91.949905395507812, 30.399881362915014 ], [ -91.950958251953125, 30.400615692138665 ], [ -91.954391479492188, 30.401943206787163 ], [ -91.956062316894531, 30.403043746948224 ], [ -91.956939697265625, 30.403249740600561 ], [ -91.957382202148438, 30.404098510742173 ], [ -91.958259582519531, 30.404924392700195 ], [ -91.962165832519531, 30.406755447387702 ], [ -91.9632568359375, 30.408704757690419 ], [ -91.965057373046875, 30.410034179687464 ], [ -91.965583801269531, 30.410169601440419 ], [ -91.967353820800781, 30.409666061401392 ], [ -91.969917297363281, 30.410009384155259 ], [ -91.971267700195312, 30.409229278564482 ], [ -91.973617553710938, 30.408815383911119 ], [ -91.975654602050781, 30.407854080200202 ], [ -91.977767944335938, 30.407531738281268 ], [ -91.978096008300781, 30.407144546508786 ], [ -91.979774475097656, 30.407279968261747 ], [ -91.986045837402344, 30.406980514526367 ], [ -91.985702514648438, 30.408630371093704 ], [ -91.985015869140625, 30.410074234008782 ], [ -91.984588623046875, 30.415069580078121 ], [ -91.986495971679702, 30.415115356445305 ], [ -91.986839294433594, 30.415206909179719 ], [ -91.986923217773438, 30.415481567382784 ], [ -91.986236572265625, 30.422861099243164 ], [ -91.986053466796875, 30.423091888427734 ], [ -91.981185913085938, 30.42350578308108 ], [ -91.980873107910156, 30.423826217651374 ], [ -91.98089599609375, 30.424467086792003 ], [ -91.982109069824219, 30.426736831665053 ], [ -91.983016967773438, 30.429325103759776 ], [ -91.984024047851562, 30.43287849426267 ], [ -91.98406982421875, 30.433931350708001 ], [ -91.983665466308594, 30.434097290039052 ], [ -91.98309326171875, 30.43340682983396 ], [ -91.980636596679688, 30.432100296020533 ], [ -91.979598999023438, 30.430656433105458 ], [ -91.979209899902344, 30.428686141967759 ], [ -91.979179382324219, 30.427011489868139 ], [ -91.978065490722656, 30.424079895019506 ], [ -91.977508544921875, 30.42378234863282 ], [ -91.975494384765625, 30.423835754394513 ], [ -91.97418212890625, 30.433063507080078 ], [ -91.973442077636719, 30.435174942016619 ], [ -91.972122192382827, 30.436525344848576 ], [ -91.971809387207031, 30.437189102172866 ], [ -91.971473693847656, 30.439165115356442 ], [ -91.947021484375, 30.440431594848654 ], [ -91.931388854980469, 30.441963195800778 ], [ -91.922447204589844, 30.443103790283217 ], [ -91.924484252929702, 30.447782516479489 ], [ -91.92578125, 30.449867248535124 ], [ -91.927528381347656, 30.452022552490281 ], [ -91.931259155273438, 30.455278396606435 ], [ -91.93548583984375, 30.458347320556655 ], [ -91.938850402832031, 30.460479736328121 ], [ -91.944755554199219, 30.463346481323239 ], [ -91.952186584472656, 30.465728759765621 ], [ -91.958847045898452, 30.468889236450185 ], [ -91.966064453125, 30.47164154052733 ], [ -91.965362548828125, 30.476270675659173 ], [ -91.983924865722656, 30.480432510375966 ], [ -91.985252380371094, 30.476976394653295 ], [ -91.9962158203125, 30.472520828247102 ], [ -91.993743896484375, 30.465534210205078 ], [ -91.997024536132812, 30.464599609374982 ], [ -91.997146606445327, 30.463861465454116 ], [ -92.0, 30.463502883911111 ], [ -92.00445556640625, 30.463399887084993 ], [ -92.006622314453125, 30.463998794555721 ], [ -92.01202392578125, 30.466796874999972 ], [ -92.014930725097656, 30.46929550170897 ], [ -92.017333984375, 30.471977233886676 ], [ -92.021087646484375, 30.477731704711942 ], [ -92.023193359375, 30.481569290161122 ], [ -92.023757934570312, 30.477228164672823 ], [ -92.025985717773438, 30.480047225952102 ], [ -92.027381896972656, 30.481424331665011 ], [ -92.027786254882827, 30.481538772583022 ], [ -92.032684326171875, 30.451423645019528 ], [ -92.03607177734375, 30.446817398071289 ], [ -92.037162780761719, 30.444526672363303 ], [ -92.038047790527344, 30.441204071044844 ], [ -92.039146423339844, 30.43950843811033 ], [ -92.039199829101562, 30.43836212158206 ], [ -92.039749145507812, 30.437917709350614 ], [ -92.041389465332031, 30.437078475952159 ], [ -92.041847229003906, 30.436506271362294 ], [ -92.042289733886733, 30.431760787963864 ], [ -92.056411743164062, 30.431768417358356 ], [ -92.056434631347656, 30.425006866455085 ], [ -92.056442260742188, 30.422956466674805 ], [ -92.056396484375, 30.415897369384801 ], [ -92.056472778320312, 30.410312652587898 ], [ -92.05218505859375, 30.410142898559588 ], [ -92.052604675292969, 30.408012390136722 ], [ -92.050193786621094, 30.407661437988242 ], [ -92.049690246582031, 30.410018920898398 ], [ -92.039062500000014, 30.409790039062504 ], [ -92.040290832519531, 30.402347564697241 ], [ -92.039291381835938, 30.402347564697241 ], [ -92.039337158203125, 30.401502609252891 ], [ -92.040023803710938, 30.401529312133796 ], [ -92.039474487304688, 30.401235580444368 ], [ -92.042320251464844, 30.395772933959989 ], [ -92.04119873046875, 30.395338058471697 ], [ -92.039718627929688, 30.397924423217777 ], [ -92.038734436035156, 30.400842666625941 ], [ -92.03363037109375, 30.397907257080035 ], [ -92.033470153808594, 30.39671516418457 ], [ -92.034027099609389, 30.395225524902383 ], [ -92.036247253417969, 30.390115737915018 ], [ -92.033180236816406, 30.389083862304702 ], [ -92.039138793945312, 30.375404357910121 ], [ -92.041244506835938, 30.368293762207024 ], [ -92.040695190429688, 30.368024826049826 ], [ -92.039703369140625, 30.368074417114315 ], [ -92.039138793945312, 30.367439270019545 ], [ -92.038345336914062, 30.36778068542484 ], [ -92.037887573242188, 30.367654800415032 ], [ -92.038543701171875, 30.366157531738274 ], [ -92.038528442382812, 30.365644454956104 ], [ -92.038192749023438, 30.365447998046836 ], [ -92.036819458007812, 30.365543365478498 ], [ -92.036102294921875, 30.365177154541016 ], [ -92.035003662109375, 30.36380004882815 ], [ -92.035308837890625, 30.36305618286136 ], [ -92.035179138183594, 30.362550735473672 ], [ -92.034469604492188, 30.362575531005898 ], [ -92.034042358398438, 30.362007141113253 ], [ -92.032608032226562, 30.362148284912138 ], [ -92.031883239746094, 30.361112594604496 ], [ -92.03125, 30.360919952392617 ], [ -92.029190063476562, 30.361225128173817 ], [ -92.026901245117188, 30.359699249267557 ], [ -92.025970458984375, 30.359939575195305 ], [ -92.025009155273438, 30.360877990722646 ], [ -92.024002075195312, 30.363042831420938 ], [ -92.02447509765625, 30.363750457763693 ], [ -92.024299621582031, 30.364902496337901 ], [ -92.023452758789062, 30.36598587036131 ], [ -92.022659301757812, 30.36640167236326 ], [ -92.019332885742188, 30.366544723510764 ], [ -92.017425537109375, 30.368280410766612 ], [ -92.015907287597656, 30.370857238769556 ], [ -92.015106201171875, 30.371500015258814 ], [ -92.012115478515625, 30.370580673217766 ], [ -92.011474609375, 30.370609283447266 ], [ -92.01025390625, 30.369316101074205 ], [ -92.009689331054688, 30.367885589599602 ], [ -92.009048461914062, 30.36720466613767 ], [ -92.007537841796875, 30.367458343505877 ], [ -92.00640869140625, 30.367210388183569 ], [ -92.0042724609375, 30.365543365478498 ], [ -92.003265380859375, 30.365291595459002 ], [ -92.001502990722656, 30.364299774169918 ], [ -92.00048828125, 30.364400863647436 ], [ -92.0001220703125, 30.364820480346712 ], [ -92.000564575195312, 30.366216659545888 ], [ -92.000534057617188, 30.366733551025419 ], [ -92.0, 30.367599487304719 ], [ -91.998291015625, 30.368667602539066 ], [ -91.995727539062514, 30.369693756103494 ], [ -91.993270874023438, 30.370090484619137 ], [ -91.991928100585938, 30.369232177734382 ], [ -91.989219665527344, 30.368730545043945 ], [ -91.988601684570312, 30.368400573730455 ], [ -91.98846435546875, 30.367546081542969 ], [ -91.987640380859375, 30.366649627685518 ], [ -91.98577880859375, 30.366544723510764 ], [ -91.984237670898438, 30.367145538330071 ], [ -91.98333740234375, 30.367250442504904 ], [ -91.980621337890639, 30.366085052490238 ], [ -91.978775024414062, 30.365791320800756 ], [ -91.978363037109389, 30.365022659301765 ], [ -91.978706359863295, 30.362899780273434 ], [ -91.964706420898438, 30.361299514770522 ], [ -91.95379638671875, 30.359600067138661 ], [ -91.951202392578125, 30.350200653076151 ], [ -91.950798034667969, 30.34869956970218 ], [ -91.957504272460938, 30.34510040283201 ], [ -91.954307556152344, 30.338899612426758 ], [ -91.952903747558594, 30.338699340820305 ], [ -91.955001831054688, 30.333599090576183 ], [ -91.955802917480469, 30.333700180053672 ], [ -91.963905334472656, 30.328699111938445 ], [ -91.964706420898438, 30.328800201415994 ], [ -91.9658203125, 30.325666427612315 ], [ -91.96600341796875, 30.324014663696317 ], [ -91.965599060058594, 30.320899963378913 ], [ -91.964302062988281, 30.320600509643562 ], [ -91.962005615234375, 30.313255310058597 ], [ -91.961700439453125, 30.313100814819322 ], [ -91.9552001953125, 30.308399200439425 ], [ -91.954505920410156, 30.303699493408221 ], [ -91.952201843261719, 30.29290008544919 ], [ -91.952102661132812, 30.292499542236357 ], [ -91.950202941894531, 30.28339958190918 ], [ -91.949996948242188, 30.281099319457997 ], [ -91.948928833007812, 30.276569366455078 ], [ -91.975997924804688, 30.260700225830039 ], [ -91.976402282714844, 30.260200500488303 ], [ -91.976905822753906, 30.260499954223643 ], [ -91.980796813964844, 30.2581996917725 ], [ -91.981704711914062, 30.2581996917725 ], [ -91.982101440429688, 30.258899688720739 ], [ -91.981002807617188, 30.264200210571282 ], [ -91.983596801757812, 30.264600753784212 ], [ -91.984703063964844, 30.265399932861349 ], [ -91.982505798339844, 30.267299652099606 ], [ -91.984100341796875, 30.27039909362793 ], [ -91.998703002929688, 30.265800476074226 ], [ -92.002334594726562, 30.264532089233381 ], [ -92.005104064941406, 30.263399124145533 ], [ -92.007301330566406, 30.262500762939428 ], [ -92.005104064941406, 30.255199432373036 ], [ -92.004997253417969, 30.251699447631822 ], [ -92.005401611328125, 30.25040054321288 ], [ -92.000999450683594, 30.249799728393548 ], [ -92.001304626464844, 30.247800827026381 ], [ -92.0, 30.247600555419961 ], [ -91.998672485351562, 30.25520324707032 ], [ -91.995201110839844, 30.253599166870114 ], [ -91.991203308105469, 30.253499984741229 ], [ -91.981597900390625, 30.252300262451197 ], [ -91.982803344726562, 30.249300003051719 ], [ -91.98291015625, 30.248235702514634 ], [ -91.983100891113281, 30.246347427368203 ], [ -91.980117797851562, 30.246053695678686 ], [ -91.980415344238281, 30.243726730346658 ], [ -91.981437683105469, 30.24382400512696 ], [ -91.981513977050781, 30.243291854858398 ], [ -91.977050781250014, 30.242750167846665 ], [ -91.97686767578125, 30.242069244384759 ], [ -91.977218627929688, 30.241533279418899 ], [ -91.982437133789062, 30.241222381591818 ], [ -91.983009338378906, 30.240917205810572 ], [ -91.988800048828125, 30.241300582885767 ], [ -91.989044189453125, 30.238710403442372 ], [ -91.992889404296875, 30.239194869995089 ], [ -91.993301391601562, 30.2371006011963 ], [ -91.992904663085938, 30.236700057983402 ], [ -92.001602172851562, 30.237899780273441 ], [ -92.002197265625, 30.234199523925824 ], [ -92.002700805664062, 30.231399536132784 ], [ -92.002906799316406, 30.229600906372099 ], [ -92.007705688476562, 30.230300903320327 ], [ -92.009101867675781, 30.230499267578118 ], [ -92.011703491210938, 30.230600357055643 ], [ -92.016502380371094, 30.230800628662127 ], [ -92.022201538085938, 30.241500854492202 ], [ -92.013504028320312, 30.240400314331012 ], [ -92.01300048828125, 30.239799499511733 ], [ -92.012702941894545, 30.239799499511733 ], [ -92.012100219726562, 30.242900848388693 ], [ -92.012100219726562, 30.244199752807646 ], [ -92.013198852539077, 30.248399734497077 ], [ -92.013999938964844, 30.251600265502926 ], [ -92.015602111816406, 30.25919914245604 ], [ -92.027801513671875, 30.254199981689489 ], [ -92.036102294921875, 30.250799179077109 ], [ -92.038902282714844, 30.249700546264659 ], [ -92.03900146484375, 30.249500274658228 ], [ -92.049400329589844, 30.246799468994119 ], [ -92.058799743652344, 30.24659919738766 ], [ -92.066001892089844, 30.246700286865256 ], [ -92.066055297851562, 30.242078781127951 ], [ -92.066024780273438, 30.241601943969727 ], [ -92.066009521484375, 30.241436004638636 ], [ -92.065902709960938, 30.2399005889893 ], [ -92.065902709960938, 30.239023208618185 ], [ -92.062705993652344, 30.235099792480497 ], [ -92.062705993652344, 30.234500885009787 ], [ -92.05670166015625, 30.234600067138633 ], [ -92.03900146484375, 30.234500885009787 ], [ -92.032302856445312, 30.234399795532212 ], [ -92.032302856445312, 30.23209953308104 ], [ -92.030303955078139, 30.229000091552756 ], [ -92.029106140136719, 30.227199554443377 ], [ -92.0281982421875, 30.225799560546907 ], [ -92.026603698730483, 30.223400115966736 ], [ -92.026107788085938, 30.222700119018587 ], [ -92.025802612304688, 30.222299575805689 ], [ -92.025100708007812, 30.224399566650352 ], [ -92.022796630859375, 30.224399566650352 ], [ -92.022796630859375, 30.222600936889609 ], [ -92.020797729492188, 30.222600936889609 ], [ -92.020706176757812, 30.222299575805689 ], [ -92.019706726074219, 30.222299575805689 ], [ -92.019706726074219, 30.222600936889609 ], [ -92.018798828125, 30.222499847412077 ], [ -92.018707275390639, 30.225099563598629 ], [ -92.017402648925781, 30.226299285888654 ], [ -92.014602661132812, 30.227500915527383 ], [ -92.012901306152344, 30.224399566650369 ], [ -92.011680603027344, 30.222179412841793 ], [ -92.009597778320312, 30.218599319457969 ], [ -92.007301330566406, 30.213899612426779 ], [ -92.005401611328125, 30.2105007171631 ], [ -92.004104614257812, 30.207599639892599 ], [ -92.001907348632812, 30.208299636840781 ], [ -92.001602172851562, 30.20940017700195 ], [ -92.00250244140625, 30.210599899292003 ], [ -92.002105712890625, 30.211799621582035 ], [ -92.000503540039077, 30.213800430297844 ], [ -91.997901916503906, 30.214300155639638 ], [ -91.992301940917969, 30.216899871826232 ], [ -91.992904663085938, 30.219299316406254 ], [ -91.998306274414062, 30.223300933837912 ], [ -91.997909545898438, 30.223709106445334 ], [ -91.996505737304688, 30.224100112915014 ], [ -91.994796752929688, 30.225799560546861 ], [ -91.984596252441406, 30.218299865722642 ], [ -91.983802795410156, 30.217500686645476 ], [ -91.982307434082031, 30.216600418090827 ], [ -91.980506896972656, 30.216699600219698 ], [ -91.979507446289062, 30.215999603271491 ], [ -91.979103088378906, 30.214700698852557 ], [ -91.976303100585938, 30.213600158691385 ], [ -91.97650146484375, 30.210699081420877 ], [ -91.977104187011719, 30.20980072021484 ], [ -91.978866577148438, 30.209129333496115 ], [ -91.978729248046875, 30.208824157714837 ], [ -91.97674560546875, 30.207756042480518 ], [ -91.976684570312514, 30.207019805908203 ], [ -91.977157592773452, 30.206451416015582 ], [ -91.97882080078125, 30.206056594848654 ], [ -91.979202270507827, 30.205661773681648 ], [ -91.97955322265625, 30.202213287353551 ], [ -91.980255126953125, 30.201011657714879 ], [ -91.980026245117188, 30.200490951538097 ], [ -91.980438232421875, 30.199329376220732 ], [ -91.980148315429702, 30.198799133300771 ], [ -91.980697631835938, 30.19770431518555 ], [ -91.980331420898438, 30.195344924926779 ], [ -91.979690551757812, 30.19325447082521 ], [ -91.9788818359375, 30.192960739135735 ], [ -91.978599548339858, 30.192600250244141 ], [ -91.978988647460938, 30.192481994628899 ], [ -91.979293823242188, 30.191978454589858 ], [ -91.978790283203125, 30.191375732421868 ], [ -91.978729248046875, 30.190837860107397 ], [ -91.979446411132812, 30.190311431884819 ], [ -91.979354858398438, 30.188396453857397 ], [ -91.980026245117188, 30.187614440917947 ], [ -91.97991943359375, 30.186090469360391 ], [ -91.980209350585938, 30.185657501220753 ], [ -91.980209350585938, 30.185047149658235 ], [ -91.979782104492202, 30.183666229248036 ], [ -91.979812622070312, 30.182384490966804 ], [ -91.979110717773438, 30.181285858154304 ], [ -91.977890014648452, 30.18050765991212 ], [ -91.977294921875, 30.179359436035149 ], [ -91.975601196289062, 30.178636550903317 ], [ -91.974746704101562, 30.177490234375004 ], [ -91.974235534667969, 30.177162170410156 ], [ -91.973861694335938, 30.177116394042972 ], [ -91.973358154296875, 30.177406311035142 ], [ -91.972244262695312, 30.177238464355455 ], [ -91.971038818359375, 30.176240921020479 ], [ -91.968948364257812, 30.176698684692418 ], [ -91.968582153320312, 30.177032470703086 ], [ -91.966064453125, 30.176803588867184 ], [ -91.965507507324219, 30.176500320434581 ], [ -91.964515686035156, 30.176383972167972 ], [ -91.963577270507812, 30.17630767822266 ], [ -91.962799072265625, 30.175739288330103 ], [ -91.961776733398438, 30.176506042480469 ], [ -91.962158203125, 30.177619934082042 ], [ -91.96197509765625, 30.178052902221694 ], [ -91.961288452148438, 30.178514480590827 ], [ -91.960098266601562, 30.179119110107401 ], [ -91.958160400390625, 30.179502487182599 ], [ -91.956451416015625, 30.1803894042969 ], [ -91.955215454101562, 30.180553436279343 ], [ -91.953689575195312, 30.181545257568374 ], [ -91.953483581542969, 30.181903839111346 ], [ -91.953659057617188, 30.182144165039087 ], [ -91.954452514648438, 30.1825141906738 ], [ -91.954742431640625, 30.182916641235316 ], [ -91.953598022460938, 30.184101104736314 ], [ -91.954475402832031, 30.184833526611346 ], [ -91.954788208007812, 30.18539810180663 ], [ -91.954849243164062, 30.186023712158192 ], [ -91.954475402832031, 30.186943054199201 ], [ -91.954025268554688, 30.186901092529311 ], [ -91.9532470703125, 30.186166763305692 ], [ -91.952590942382812, 30.186058044433548 ], [ -91.951614379882812, 30.18643569946293 ], [ -91.948165893554688, 30.184930801391587 ], [ -91.947189331054688, 30.18499755859375 ], [ -91.945648193359375, 30.184570312499986 ], [ -91.944778442382812, 30.18398475646973 ], [ -91.941574096679688, 30.183769226074233 ], [ -91.939956665039062, 30.182605743408203 ], [ -91.938369750976562, 30.183143615722667 ], [ -91.936965942382812, 30.18265533447266 ], [ -91.935577392578125, 30.18281173706054 ], [ -91.933731079101562, 30.182508468627926 ], [ -91.933151245117188, 30.182571411132781 ], [ -91.932037353515639, 30.18324089050294 ], [ -91.93023681640625, 30.183656692504883 ], [ -91.929885864257812, 30.18407440185549 ], [ -91.924896240234375, 30.186044692993171 ], [ -91.921783447265625, 30.187965393066396 ], [ -91.921211242675781, 30.187999725341825 ], [ -91.920600891113281, 30.187700271606463 ], [ -91.921646118164062, 30.186485290527333 ], [ -91.92047119140625, 30.185531616210916 ], [ -91.918914794921875, 30.185300827026417 ], [ -91.918548583984375, 30.184362411499002 ], [ -91.91717529296875, 30.183757781982383 ], [ -91.917091369628906, 30.182895660400384 ], [ -91.916305541992188, 30.182382583618157 ], [ -91.916961669921875, 30.180351257324254 ], [ -91.916549682617188, 30.179630279541005 ], [ -91.915084838867188, 30.177930831909141 ], [ -91.911178588867188, 30.171855926513683 ], [ -91.910385131835938, 30.171489715576168 ], [ -91.909912109375, 30.170097351074194 ], [ -91.908966064453125, 30.169206619262649 ], [ -91.9088134765625, 30.16867256164549 ], [ -91.907516479492188, 30.167072296142592 ], [ -91.90777587890625, 30.166389465332021 ], [ -91.907470703125, 30.165512084960945 ], [ -91.908248901367188, 30.163909912109375 ], [ -91.909439086914062, 30.163330078125 ], [ -91.909713745117188, 30.162708282470732 ], [ -91.910690307617188, 30.163253784179712 ], [ -91.912063598632812, 30.163585662841822 ], [ -91.91265869140625, 30.163383483886751 ], [ -91.912612915039062, 30.162750244140629 ], [ -91.91217041015625, 30.162048339843711 ], [ -91.91143798828125, 30.159088134765604 ], [ -91.9110107421875, 30.15848922729495 ], [ -91.910415649414062, 30.15831375122071 ], [ -91.910331726074219, 30.157009124755877 ], [ -91.909805297851562, 30.156803131103519 ], [ -91.909088134765625, 30.156993865966811 ], [ -91.908691406250014, 30.15646362304685 ], [ -91.908157348632812, 30.154407501220696 ], [ -91.90771484375, 30.154148101806644 ], [ -91.906036376953125, 30.1548366546631 ], [ -91.905426025390625, 30.154415130615224 ], [ -91.905700683593764, 30.153799057006847 ], [ -91.907058715820312, 30.152004241943342 ], [ -91.907745361328125, 30.151611328125039 ], [ -91.908401489257812, 30.150600433349609 ], [ -91.9093017578125, 30.149999618530227 ], [ -91.919113159179688, 30.137935638427759 ], [ -91.919586181640625, 30.137355804443335 ], [ -91.926307678222656, 30.129199981689428 ], [ -91.930282592773438, 30.123857498168913 ], [ -91.933937072753906, 30.119701385498072 ], [ -91.934112548828125, 30.119222640991243 ], [ -91.941230773925781, 30.099771499633757 ], [ -91.950881958007812, 30.073011398315419 ], [ -91.964332580566406, 30.036716461181637 ], [ -91.96514892578125, 30.034479141235334 ], [ -91.97747802734375, 30.001838684082035 ], [ -91.980445861816406, 29.994180679321286 ], [ -91.981361389160156, 29.991712570190462 ], [ -91.981887817382812, 29.990333557128888 ], [ -91.986785888671875, 29.989660263061513 ], [ -91.989578247070312, 29.988563537597667 ], [ -91.991989135742188, 29.986669540405313 ], [ -91.993049621582031, 29.98526191711429 ], [ -91.993545532226562, 29.984138488769513 ], [ -91.993438720703125, 29.975025177001999 ], [ -91.992416381835938, 29.97161293029783 ], [ -91.991226196289062, 29.97055816650392 ], [ -91.990272521972656, 29.970121383666967 ], [ -91.98834228515625, 29.955751419067351 ], [ -91.987808227539077, 29.951490402221712 ], [ -91.987319946289062, 29.94816589355468 ], [ -91.986587524414062, 29.942991256713867 ], [ -91.982475280761719, 29.912254333496072 ], [ -91.972465515136719, 29.836826324462901 ], [ -91.971527099609375, 29.8297519683838 ], [ -91.969528198242188, 29.81668090820315 ], [ -91.970344543457031, 29.803468704223629 ], [ -91.977584838867188, 29.801010131835923 ], [ -91.985404968261719, 29.79248237609864 ], [ -92.037277221679688, 29.781114578247063 ], [ -92.109039306640625, 29.741323471069389 ], [ -92.144569396972656, 29.715744018554727 ], [ -92.145278930664062, 29.697269439697276 ], [ -92.115432739257812, 29.626216888427717 ], [ -92.104064941406264, 29.619819641113299 ], [ -92.059303283691406, 29.621952056884773 ], [ -92.040824890136719, 29.631900787353533 ], [ -92.028038024902344, 29.631900787353533 ], [ -92.018798828125, 29.621952056884773 ], [ -92.000213623046875, 29.612960815429663 ], [ -92.003189086914062, 29.610149383544954 ], [ -92.006324768066406, 29.607946395873995 ], [ -92.007301330566406, 29.606159210205085 ], [ -92.008163452148452, 29.603185653686523 ], [ -92.008514404296875, 29.600128173828114 ], [ -92.0096435546875, 29.598182678222649 ], [ -92.012847900390625, 29.595823287963899 ], [ -92.019378662109375, 29.592760086059585 ], [ -92.020698547363281, 29.591501235961953 ], [ -92.023063659667969, 29.586971282958942 ], [ -92.025260925292969, 29.585172653198221 ], [ -92.029022216796875, 29.584217071533192 ], [ -92.031028747558594, 29.584245681762674 ], [ -92.036369323730469, 29.58501052856446 ], [ -92.038497924804688, 29.584833145141577 ], [ -92.040435791015625, 29.582788467407202 ], [ -92.042770385742188, 29.577920913696282 ], [ -92.04278564453125, 29.573753356933562 ], [ -92.057876586914062, 29.580739974975586 ], [ -92.117568969726562, 29.585714340209968 ], [ -92.154510498046875, 29.582162857055653 ], [ -92.209220886230469, 29.562976837158256 ], [ -92.253990173339844, 29.538108825683612 ], [ -92.280281066894531, 29.532424926757802 ], [ -92.305862426757812, 29.532424926757791 ], [ -92.477813720703125, 29.560844421386737 ], [ -92.596473693847656, 29.575765609741225 ], [ -92.651504516601562, 29.586130142211889 ], [ -92.739608764648452, 29.614915847778331 ], [ -92.873069763183594, 29.669870376586942 ], [ -92.950706481933594, 29.704761505126942 ], [ -92.996932983398438, 29.72046470642087 ], [ -93.13824462890625, 29.759716033935536 ], [ -93.195823669433594, 29.773674011230447 ], [ -93.230712890625, 29.778034210205057 ], [ -93.265609741210938, 29.77890777587892 ], [ -93.308341979980469, 29.771928787231388 ], [ -93.347602844238281, 29.757972717285146 ], [ -93.443550109863281, 29.767568588256832 ], [ -93.500259399414062, 29.767568588256832 ], [ -93.604927062988281, 29.753610610961879 ], [ -93.6494140625, 29.75099372863771 ], [ -93.74100494384767, 29.73616409301756 ], [ -93.766304016113281, 29.729185104370085 ], [ -93.817909240722656, 29.704616546630845 ], [ -93.838104248046875, 29.690839767456058 ], [ -93.844337463378906, 29.69942474365239 ], [ -93.863037109375, 29.723840713500959 ], [ -93.868064880371094, 29.731935501098611 ], [ -93.868675231933594, 29.733583450317361 ], [ -93.869857788085938, 29.735263824462873 ], [ -93.87174224853517, 29.736703872680689 ], [ -93.873779296875, 29.737552642822266 ], [ -93.885856628417983, 29.741184234619165 ], [ -93.88739013671875, 29.741872787475575 ], [ -93.888656616210938, 29.74201583862309 ], [ -93.891471862792969, 29.744400024414073 ], [ -93.89263916015625, 29.746912002563462 ], [ -93.893661499023438, 29.752815246582035 ], [ -93.893165588378906, 29.751647949218771 ], [ -93.893264770507812, 29.754432678222678 ], [ -93.892608642578125, 29.756816864013658 ], [ -93.890625, 29.760656356811516 ], [ -93.890655517578139, 29.761455535888715 ], [ -93.892082214355469, 29.765024185180678 ], [ -93.893699645996094, 29.767072677612351 ], [ -93.898307800292969, 29.77136039733886 ], [ -93.922241210937514, 29.78483200073239 ], [ -93.926338195800781, 29.78934478759767 ], [ -93.928642272949219, 29.796863555908253 ], [ -93.929039001464844, 29.802736282348629 ], [ -93.927825927734375, 29.809423446655288 ], [ -93.925552368164062, 29.814527511596715 ], [ -93.922576904296875, 29.818592071533221 ], [ -93.916191101074219, 29.82475280761717 ], [ -93.903404235839844, 29.834783554077131 ], [ -93.895408630371094, 29.840032577514641 ], [ -93.88604736328125, 29.845504760742195 ], [ -93.880828857421875, 29.847999572753906 ], [ -93.872276306152344, 29.851436614990227 ], [ -93.866241455078125, 29.855047225952159 ], [ -93.859725952148438, 29.859706878662106 ], [ -93.854972839355469, 29.863883972168004 ], [ -93.854248046875014, 29.864837646484382 ], [ -93.850311279296889, 29.868719100952134 ], [ -93.844909667968764, 29.874622344970735 ], [ -93.838211059570312, 29.88264083862304 ], [ -93.830207824707031, 29.894144058227532 ], [ -93.818832397460952, 29.91460800170902 ], [ -93.817123413085938, 29.918207168579091 ], [ -93.816383361816406, 29.920511245727479 ], [ -93.8148193359375, 29.927663803100568 ], [ -93.813568115234375, 29.934911727905263 ], [ -93.810211181640625, 29.947135925292962 ], [ -93.807647705078125, 29.954336166381847 ], [ -93.806381225585938, 29.957231521606424 ], [ -93.803421020507812, 29.962095260620096 ], [ -93.795982360839844, 29.971824645996104 ], [ -93.794273376464844, 29.974559783935529 ], [ -93.792259216308594, 29.978895187377958 ], [ -93.7899169921875, 29.986352920532205 ], [ -93.789260864257812, 29.98760032653805 ], [ -93.786766052246094, 29.990367889404279 ], [ -93.783004760742188, 29.993007659912152 ], [ -93.780654907226562, 29.994064331054705 ], [ -93.778717041015625, 29.994655609130859 ], [ -93.776641845703125, 29.995183944702127 ], [ -93.77276611328125, 29.995376586914102 ], [ -93.771408081054702, 29.995712280273438 ], [ -93.770401000976562, 29.996320724487319 ], [ -93.769218444824219, 29.997488021850589 ], [ -93.768280029296875, 30.001482009887674 ], [ -93.767074584960938, 30.003168106079137 ], [ -93.761795043945312, 30.008848190307614 ], [ -93.756462097167969, 30.013952255248999 ], [ -93.754844665527344, 30.015151977539077 ], [ -93.748626708984375, 30.017280578613281 ], [ -93.743789672851562, 30.01932716369625 ], [ -93.740913391113281, 30.021360397338903 ], [ -93.739570617675781, 30.023775100708022 ], [ -93.738990783691406, 30.032415390014673 ], [ -93.737281799316406, 30.037071228027358 ], [ -93.734321594238281, 30.040592193603501 ], [ -93.732109069824219, 30.042512893676736 ], [ -93.727043151855469, 30.046272277832049 ], [ -93.722145080566406, 30.050848007202145 ], [ -93.72064208984375, 30.052831649780241 ], [ -93.719520568847656, 30.055839538574219 ], [ -93.719535827636719, 30.061695098876982 ], [ -93.719276428222656, 30.063600540161151 ], [ -93.718643188476562, 30.064592361450178 ], [ -93.717742919921875, 30.06532859802245 ], [ -93.7166748046875, 30.06561660766604 ], [ -93.715805053710938, 30.065471649169943 ], [ -93.714828491210938, 30.064895629882784 ], [ -93.713584899902344, 30.063728332519545 ], [ -93.711997985839844, 30.059808731079052 ], [ -93.711357116699219, 30.055183410644581 ], [ -93.710624694824219, 30.054271697998047 ], [ -93.709602355957031, 30.053632736206058 ], [ -93.707328796386719, 30.053184509277344 ], [ -93.704574584960938, 30.05376052856445 ], [ -93.701629638671889, 30.05528068542484 ], [ -93.70001220703125, 30.056783676147468 ], [ -93.699234008789062, 30.059040069580067 ], [ -93.699249267578125, 30.060079574584989 ], [ -93.700416564941406, 30.063455581665036 ], [ -93.702018737792969, 30.065263748168928 ], [ -93.703330993652344, 30.065872192382816 ], [ -93.705795288085938, 30.066576004028349 ], [ -93.711936950683594, 30.067136764526346 ], [ -93.715682983398438, 30.068576812744158 ], [ -93.718719482421875, 30.070991516113288 ], [ -93.725120544433594, 30.077039718627905 ], [ -93.728401184082031, 30.079423904418963 ], [ -93.731071472167969, 30.080799102783203 ], [ -93.73248291015625, 30.082160949707053 ], [ -93.733169555664062, 30.083295822143576 ], [ -93.733840942382812, 30.085439682006847 ], [ -93.733596801757812, 30.087360382080128 ], [ -93.732322692871094, 30.088703155517543 ], [ -93.7318115234375, 30.088848114013654 ], [ -93.730941772460938, 30.088735580444304 ], [ -93.729873657226562, 30.088207244873043 ], [ -93.729377746582031, 30.08764839172364 ], [ -93.727554321289062, 30.083200454711893 ], [ -93.7266845703125, 30.082031250000011 ], [ -93.725662231445312, 30.081792831420859 ], [ -93.724639892578125, 30.081888198852525 ], [ -93.723838806152344, 30.08241653442386 ], [ -93.723068237304688, 30.083679199218729 ], [ -93.722785949707031, 30.085920333862294 ], [ -93.722976684570312, 30.08851242065429 ], [ -93.72393798828125, 30.092800140380824 ], [ -93.723602294921875, 30.093919754028288 ], [ -93.722946166992188, 30.094655990600614 ], [ -93.717857360839844, 30.097919464111374 ], [ -93.715324401855469, 30.100320816040025 ], [ -93.714431762695327, 30.101615905761697 ], [ -93.713600158691406, 30.104112625122106 ], [ -93.71282958984375, 30.107648849487305 ], [ -93.71209716796875, 30.108831405639638 ], [ -93.710540771484375, 30.10955238342282 ], [ -93.706497192382812, 30.109903335571282 ], [ -93.704093933105469, 30.110448837280263 ], [ -93.702751159667969, 30.111568450927717 ], [ -93.7022705078125, 30.112512588500952 ], [ -93.702209472656264, 30.114543914794893 ], [ -93.702735900878906, 30.11620712280267 ], [ -93.7032470703125, 30.116975784301751 ], [ -93.706062316894545, 30.118751525878867 ], [ -93.707122802734375, 30.119152069091808 ], [ -93.707794189453125, 30.119808197021495 ], [ -93.70758056640625, 30.120735168456999 ], [ -93.706718444824219, 30.121343612670945 ], [ -93.702415466308594, 30.12163162231441 ], [ -93.701278686523438, 30.122079849243143 ], [ -93.700706481933594, 30.122911453247063 ], [ -93.700447082519531, 30.123952865600597 ], [ -93.700531005859375, 30.124895095825192 ], [ -93.701789855957031, 30.12942314147945 ], [ -93.701728820800781, 30.132448196411133 ], [ -93.701087951660156, 30.137168884277379 ], [ -93.700607299804688, 30.137935638427759 ], [ -93.699775695800781, 30.138399124145486 ], [ -93.698112487792969, 30.138399124145504 ], [ -93.696784973144531, 30.137247085571317 ], [ -93.695518493652358, 30.135520935058622 ], [ -93.694816589355469, 30.134975433349595 ], [ -93.693634033203125, 30.134784698486307 ], [ -93.692703247070312, 30.135007858276392 ], [ -93.691375732421875, 30.136287689208977 ], [ -93.690193176269531, 30.138080596923817 ], [ -93.688255310058594, 30.140304565429663 ], [ -93.68804931640625, 30.14116859436033 ], [ -93.689361572265625, 30.141536712646456 ], [ -93.691757202148438, 30.140880584716786 ], [ -93.693138122558594, 30.141696929931637 ], [ -93.693534851074219, 30.142303466796886 ], [ -93.694412231445312, 30.145616531372053 ], [ -93.695533752441406, 30.148336410522468 ], [ -93.696128845214844, 30.151391983032227 ], [ -93.696685791015625, 30.152160644531307 ], [ -93.697586059570312, 30.152736663818356 ], [ -93.698783874511719, 30.152799606323281 ], [ -93.70001220703125, 30.152511596679659 ], [ -93.701347351074219, 30.151824951171893 ], [ -93.702896118164062, 30.149663925170909 ], [ -93.706367492675781, 30.147216796874989 ], [ -93.708274841308594, 30.146400451660128 ], [ -93.709091186523438, 30.146272659301754 ], [ -93.70947265625, 30.146911621093764 ], [ -93.709182739257812, 30.147424697875973 ], [ -93.707023620605469, 30.148799896240252 ], [ -93.706253051757812, 30.149568557739261 ], [ -93.706001281738281, 30.151279449462898 ], [ -93.706863403320312, 30.154064178466779 ], [ -93.706748962402344, 30.156223297119112 ], [ -93.705390930175781, 30.159008026123058 ], [ -93.702896118164062, 30.160896301269524 ], [ -93.702285766601562, 30.161632537841818 ], [ -93.702239990234375, 30.163967132568349 ], [ -93.700637817382812, 30.166080474853565 ], [ -93.700668334960938, 30.166271209716808 ], [ -93.702018737792969, 30.166959762573264 ], [ -93.702354431152344, 30.167583465576175 ], [ -93.702735900878906, 30.169200897216776 ], [ -93.702812194824233, 30.170911788940433 ], [ -93.702301025390625, 30.1720485687256 ], [ -93.700302124023438, 30.17398452758788 ], [ -93.699874877929688, 30.174959182739268 ], [ -93.700431823730469, 30.175359725952198 ], [ -93.701324462890625, 30.175151824951186 ], [ -93.70263671875, 30.173824310302816 ], [ -93.703598022460938, 30.173728942871055 ], [ -93.704483032226562, 30.174016952514631 ], [ -93.705970764160156, 30.175407409667972 ], [ -93.706512451171875, 30.176864624023434 ], [ -93.706398010253906, 30.178064346313491 ], [ -93.705596923828125, 30.180095672607386 ], [ -93.706428527832031, 30.179775238037127 ], [ -93.707389831542969, 30.178880691528313 ], [ -93.708175659179688, 30.178800582885721 ], [ -93.712028503417969, 30.179935455322276 ], [ -93.712013244628906, 30.180128097534212 ], [ -93.710304260253906, 30.180463790893544 ], [ -93.709938049316406, 30.181087493896456 ], [ -93.70941162109375, 30.184368133544933 ], [ -93.708717346191406, 30.185695648193381 ], [ -93.709037780761719, 30.186239242553736 ], [ -93.711235046386719, 30.185760498046857 ], [ -93.711906433105469, 30.186256408691388 ], [ -93.712348937988281, 30.186992645263697 ], [ -93.712593078613281, 30.188911437988267 ], [ -93.712440490722656, 30.192291259765618 ], [ -93.711647033691406, 30.192279815673853 ], [ -93.710334777832031, 30.190919876098608 ], [ -93.708442687988281, 30.190679550170906 ], [ -93.707145690917969, 30.190839767456048 ], [ -93.705413818359375, 30.19140052795408 ], [ -93.705070495605469, 30.1916408538818 ], [ -93.705070495605469, 30.19268035888669 ], [ -93.705635070800781, 30.193799972534173 ], [ -93.707183837890625, 30.194120407104471 ], [ -93.707527160644531, 30.194599151611314 ], [ -93.707954406738295, 30.19668006896973 ], [ -93.7088623046875, 30.196960449218732 ], [ -93.709983825683594, 30.196559906005877 ], [ -93.710586547851562, 30.19599914550783 ], [ -93.712303161621094, 30.193376541137685 ], [ -93.712753295898452, 30.193296432495092 ], [ -93.712913513183594, 30.193033218383782 ], [ -93.716415405273438, 30.192672729492198 ], [ -93.716926574707031, 30.192863464355458 ], [ -93.717231750488281, 30.193231582641626 ], [ -93.717041015625, 30.194608688354499 ], [ -93.715682983398438, 30.196304321289059 ], [ -93.714515686035156, 30.196895599365249 ], [ -93.714256286621094, 30.197423934936552 ], [ -93.7164306640625, 30.198898315429663 ], [ -93.717033386230469, 30.199544906616218 ], [ -93.717247009277344, 30.200614929199212 ], [ -93.716957092285156, 30.201173782348665 ], [ -93.715736389160156, 30.202270507812468 ], [ -93.714424133300781, 30.202146530151364 ], [ -93.714256286621094, 30.202465057373082 ], [ -93.714569091796875, 30.204105377197287 ], [ -93.71392822265625, 30.208185195922852 ], [ -93.714538574218764, 30.208665847778324 ], [ -93.715179443359375, 30.208555221557614 ], [ -93.7156982421875, 30.208076477050778 ], [ -93.716400146484375, 30.206800460815433 ], [ -93.716880798339844, 30.206300735473608 ], [ -93.717292785644545, 30.20625686645505 ], [ -93.717910766601562, 30.206499099731428 ], [ -93.720329284667969, 30.208419799804695 ], [ -93.720787048339844, 30.209646224975604 ], [ -93.720016479492188, 30.210466384887727 ], [ -93.717864990234375, 30.210786819458018 ], [ -93.717170715332031, 30.211105346679663 ], [ -93.716827392578125, 30.211746215820302 ], [ -93.717002868652344, 30.212705612182631 ], [ -93.717521667480469, 30.213346481323221 ], [ -93.719512939453125, 30.214626312255898 ], [ -93.716438293457031, 30.216045379638672 ], [ -93.71630859375, 30.216466903686516 ], [ -93.716392517089844, 30.216945648193359 ], [ -93.71673583984375, 30.216945648193352 ], [ -93.717460632324219, 30.216279983520547 ], [ -93.717987060546875, 30.216119766235387 ], [ -93.71844482421875, 30.216255187988303 ], [ -93.71897125244142, 30.216815948486314 ], [ -93.71905517578125, 30.218336105346683 ], [ -93.718276977539062, 30.219535827636768 ], [ -93.716728210449219, 30.220336914062493 ], [ -93.715950012207031, 30.22049522399902 ], [ -93.715431213378906, 30.220336914062493 ], [ -93.713714599609375, 30.218656539917028 ], [ -93.71319580078125, 30.218416213989233 ], [ -93.712677001953125, 30.218576431274382 ], [ -93.712158203125, 30.219135284423835 ], [ -93.711128234863281, 30.221696853637734 ], [ -93.710861206054688, 30.222576141357447 ], [ -93.711036682128906, 30.22297668457032 ], [ -93.712593078613281, 30.223695755004869 ], [ -93.71319580078125, 30.224576950073278 ], [ -93.71319580078125, 30.225055694580089 ], [ -93.7127685546875, 30.225776672363292 ], [ -93.711296081542969, 30.226816177368164 ], [ -93.70965576171875, 30.227296829223629 ], [ -93.709442138671875, 30.227890014648462 ], [ -93.710136413574219, 30.228370666503892 ], [ -93.711601257324219, 30.228849411010746 ], [ -93.712959289550781, 30.22884941101076 ], [ -93.713134765625, 30.229089736938484 ], [ -93.713050842285156, 30.229410171508775 ], [ -93.711143493652344, 30.231330871582056 ], [ -93.710800170898438, 30.232566833496062 ], [ -93.710891723632812, 30.234886169433576 ], [ -93.710472106933608, 30.235261917114244 ], [ -93.709869384765639, 30.235342025756875 ], [ -93.709526062011733, 30.235101699829094 ], [ -93.709785461425781, 30.23398208618168 ], [ -93.709693908691406, 30.233501434326183 ], [ -93.709182739257812, 30.233261108398409 ], [ -93.707710266113281, 30.233421325683576 ], [ -93.705039978027344, 30.233102798461939 ], [ -93.704605102539062, 30.233341217041026 ], [ -93.704437255859375, 30.23390197753907 ], [ -93.704605102539062, 30.234382629394521 ], [ -93.705902099609375, 30.235902786254872 ], [ -93.707687377929688, 30.235736846923807 ], [ -93.708847045898438, 30.236865997314499 ], [ -93.709281921386719, 30.237825393676765 ], [ -93.7091064453125, 30.238386154174805 ], [ -93.708587646484375, 30.238866806030291 ], [ -93.7076416015625, 30.239135742187539 ], [ -93.706947326660156, 30.239055633544908 ], [ -93.704193115234375, 30.237855911254861 ], [ -93.703025817871094, 30.237985610961932 ], [ -93.702857971191406, 30.238466262817379 ], [ -93.703453063964844, 30.240465164184542 ], [ -93.704917907714844, 30.242546081542944 ], [ -93.707466125488281, 30.244321823120128 ], [ -93.708221435546875, 30.244607925415025 ], [ -93.709983825683594, 30.24464035034179 ], [ -93.710273742675781, 30.245334625244112 ], [ -93.709983825683594, 30.24599647521973 ], [ -93.708763122558594, 30.246294021606474 ], [ -93.707534790039062, 30.246194839477514 ], [ -93.706741333007812, 30.245433807373047 ], [ -93.706352233886719, 30.245367050170849 ], [ -93.706092834472656, 30.245763778686541 ], [ -93.706672668457031, 30.24738311767582 ], [ -93.70703125, 30.247745513916044 ], [ -93.708656311035156, 30.247779846191413 ], [ -93.709266662597656, 30.248340606689503 ], [ -93.709266662597656, 30.248737335205096 ], [ -93.708976745605469, 30.249004364013658 ], [ -93.707679748535156, 30.248672485351541 ], [ -93.70703125, 30.249202728271499 ], [ -93.707107543945312, 30.249731063842766 ], [ -93.708648681640625, 30.251405715942365 ], [ -93.708511352539062, 30.251703262329116 ], [ -93.706695556640625, 30.252208709716783 ], [ -93.7060546875, 30.252758026123033 ], [ -93.705459594726577, 30.253927230834964 ], [ -93.705558776855469, 30.255807876586932 ], [ -93.705215454101562, 30.25695419311522 ], [ -93.703346252441406, 30.259178161621129 ], [ -93.7027587890625, 30.260416030883775 ], [ -93.703079223632812, 30.260988235473608 ], [ -93.704978942871094, 30.260484695434592 ], [ -93.706878662109389, 30.26110267639157 ], [ -93.707199096679688, 30.261400222778295 ], [ -93.707199096679688, 30.262340545654293 ], [ -93.707939147949219, 30.263692855834964 ], [ -93.706352233886719, 30.26437950134277 ], [ -93.706062316894545, 30.264862060546871 ], [ -93.70611572265625, 30.265548706054666 ], [ -93.706489562988281, 30.266029357910163 ], [ -93.706802368164062, 30.265983581542962 ], [ -93.707405090332031, 30.265090942382805 ], [ -93.708015441894531, 30.264837265014634 ], [ -93.708702087402344, 30.265136718749975 ], [ -93.708808898925781, 30.266006469726587 ], [ -93.708518981933594, 30.266534805297844 ], [ -93.708015441894531, 30.266786575317383 ], [ -93.705802917480483, 30.267246246337898 ], [ -93.705322265625, 30.267910003662077 ], [ -93.705619812011719, 30.268093109130859 ], [ -93.708648681640625, 30.267566680908196 ], [ -93.70867919921875, 30.268598556518569 ], [ -93.707748413085938, 30.271440505981463 ], [ -93.707992553710938, 30.271692276000952 ], [ -93.708969116210938, 30.271621704101545 ], [ -93.70963287353517, 30.271806716918956 ], [ -93.710105895996094, 30.272195816040057 ], [ -93.710342407226562, 30.273090362548807 ], [ -93.70999908447267, 30.273662567138665 ], [ -93.709022521972656, 30.273387908935515 ], [ -93.708122253417969, 30.272768020629915 ], [ -93.707328796386719, 30.272792816162113 ], [ -93.706489562988281, 30.273319244384766 ], [ -93.705513000488281, 30.276390075683601 ], [ -93.705513000488281, 30.277191162109371 ], [ -93.70416259765625, 30.278705596923832 ], [ -93.704032897949219, 30.279989242553725 ], [ -93.704742431640625, 30.280632019042958 ], [ -93.708259582519531, 30.280792236328171 ], [ -93.709228515625, 30.281661987304688 ], [ -93.709228515625, 30.282577514648434 ], [ -93.708885192871094, 30.28360939025875 ], [ -93.708442687988281, 30.284023284912074 ], [ -93.706123352050781, 30.284688949584968 ], [ -93.705146789550781, 30.28594779968261 ], [ -93.704536437988281, 30.288402557373072 ], [ -93.704536437988281, 30.289707183837898 ], [ -93.705062866210938, 30.290716171264677 ], [ -93.705963134765625, 30.291633605957021 ], [ -93.707656860351562, 30.292526245117188 ], [ -93.708892822265625, 30.292366027832024 ], [ -93.709426879882812, 30.291976928710952 ], [ -93.709579467773438, 30.289247512817393 ], [ -93.710029602050781, 30.288217544555614 ], [ -93.710563659667969, 30.287712097167972 ], [ -93.712669372558594, 30.287712097167958 ], [ -93.713043212890625, 30.287849426269503 ], [ -93.713325500488281, 30.288307189941374 ], [ -93.713302612304688, 30.289592742919968 ], [ -93.712432861328125, 30.290737152099659 ], [ -93.712043762207045, 30.291631698608406 ], [ -93.712112426757812, 30.292135238647457 ], [ -93.715377807617202, 30.29543685913087 ], [ -93.715843200683594, 30.295343399047841 ], [ -93.715843200683594, 30.294977188110373 ], [ -93.714622497558594, 30.293579101562532 ], [ -93.714622497558594, 30.292961120605479 ], [ -93.715255737304688, 30.292572021484364 ], [ -93.716102600097656, 30.292823791503917 ], [ -93.717002868652344, 30.293418884277344 ], [ -93.718193054199219, 30.295595169067383 ], [ -93.718826293945312, 30.296054840087873 ], [ -93.720405578613281, 30.295755386352511 ], [ -93.721382141113295, 30.295114517211907 ], [ -93.72265625, 30.294723510742188 ], [ -93.724052429199219, 30.294929504394599 ], [ -93.724502563476562, 30.295434951782212 ], [ -93.724639892578125, 30.297658920288089 ], [ -93.725349426269531, 30.298023223876967 ], [ -93.726089477539062, 30.297977447509744 ], [ -93.727828979492188, 30.296579360961886 ], [ -93.728889465332031, 30.296510696411111 ], [ -93.729759216308594, 30.297723770141619 ], [ -93.731742858886719, 30.298181533813516 ], [ -93.732742309570327, 30.298799514770472 ], [ -93.734062194824219, 30.298616409301776 ], [ -93.735725402832031, 30.299236297607383 ], [ -93.737388610839844, 30.299165725708001 ], [ -93.737838745117188, 30.299325942993143 ], [ -93.737739562988281, 30.300060272216761 ], [ -93.734855651855469, 30.301000595092756 ], [ -93.734565734863281, 30.301595687866254 ], [ -93.737129211425781, 30.301940917968771 ], [ -93.738533020019531, 30.30359077453614 ], [ -93.739639282226562, 30.30333518981935 ], [ -93.741439819335938, 30.300973892211982 ], [ -93.741966247558594, 30.300767898559524 ], [ -93.742362976074219, 30.300952911376942 ], [ -93.742965698242188, 30.301570892333984 ], [ -93.743309020996094, 30.302991867065465 ], [ -93.744216918945312, 30.304182052612337 ], [ -93.7442626953125, 30.305236816406232 ], [ -93.741233825683594, 30.306110382080064 ], [ -93.740806579589844, 30.306476593017571 ], [ -93.740753173828125, 30.307025909423832 ], [ -93.743156433105483, 30.308790206909176 ], [ -93.744056701660156, 30.310440063476545 ], [ -93.745491027832031, 30.311515808105426 ], [ -93.747756958007812, 30.31151580810543 ], [ -93.748443603515625, 30.311744689941428 ], [ -93.748443603515625, 30.312202453613306 ], [ -93.746810913085938, 30.314014434814474 ], [ -93.746627807617188, 30.315092086792024 ], [ -93.747543334960938, 30.315710067749013 ], [ -93.749504089355483, 30.315801620483374 ], [ -93.74969482421875, 30.315961837768555 ], [ -93.749687194824219, 30.31681060791017 ], [ -93.74951171875, 30.317222595214872 ], [ -93.748161315917969, 30.31786346435549 ], [ -93.747520446777344, 30.318622589111339 ], [ -93.748077392578125, 30.318988800048782 ], [ -93.75, 30.319252014160188 ], [ -93.750762939453125, 30.319654464721687 ], [ -93.750999450683594, 30.320203781127937 ], [ -93.750518798828125, 30.321577072143509 ], [ -93.751419067382827, 30.322105407714872 ], [ -93.752525329589844, 30.322404861450231 ], [ -93.753158569335938, 30.323322296142564 ], [ -93.75604248046875, 30.325798034667947 ], [ -93.755859375, 30.3265781402588 ], [ -93.752235412597656, 30.327402114868161 ], [ -93.751625061035156, 30.328157424926793 ], [ -93.751518249511719, 30.329141616821289 ], [ -93.751808166503906, 30.329349517822266 ], [ -93.752182006835938, 30.329280853271424 ], [ -93.754318237304688, 30.328020095825206 ], [ -93.755088806152344, 30.328182220458967 ], [ -93.755409240722656, 30.328664779663121 ], [ -93.755218505859375, 30.330335617065415 ], [ -93.75543212890625, 30.331298828125007 ], [ -93.757118225097656, 30.332147598266605 ], [ -93.757965087890625, 30.331918716430639 ], [ -93.75931549072267, 30.330015182495099 ], [ -93.761962890625014, 30.329261779785178 ], [ -93.762802124023452, 30.329238891601559 ], [ -93.76409912109375, 30.33001708984375 ], [ -93.765655517578125, 30.332540512084986 ], [ -93.765655517578125, 30.333114624023455 ], [ -93.763938903808594, 30.333799362182585 ], [ -93.761924743652344, 30.335886001586907 ], [ -93.760162353515625, 30.337053298950199 ], [ -93.758491516113281, 30.338817596435501 ], [ -93.758598327636719, 30.33922958374021 ], [ -93.759017944335938, 30.339391708374027 ], [ -93.761100769042969, 30.338842391967809 ], [ -93.762214660644531, 30.338911056518587 ], [ -93.762924194335938, 30.339210510253857 ], [ -93.763778686523438, 30.339920043945316 ], [ -93.765541076660156, 30.343151092529268 ], [ -93.765380859375, 30.343999862670916 ], [ -93.764251708984375, 30.344205856323224 ], [ -93.760597229003906, 30.34159278869631 ], [ -93.759727478027344, 30.341659545898438 ], [ -93.759391784667969, 30.342119216918913 ], [ -93.760444641113281, 30.344160079956072 ], [ -93.761001586914062, 30.344755172729514 ], [ -93.761917114257812, 30.345306396484368 ], [ -93.763557434082031, 30.345809936523438 ], [ -93.763557434082031, 30.34620094299315 ], [ -93.763320922851562, 30.346338272094762 ], [ -93.762214660644531, 30.346246719360337 ], [ -93.761688232421875, 30.346565246582056 ], [ -93.759727478027344, 30.348606109619126 ], [ -93.758453369140625, 30.349086761474585 ], [ -93.757637023925795, 30.349819183349663 ], [ -93.757797241210938, 30.350370407104474 ], [ -93.758140563964844, 30.350622177124052 ], [ -93.76068115234375, 30.351608276367156 ], [ -93.762451171875, 30.352848052978501 ], [ -93.762161254882812, 30.35346603393555 ], [ -93.758674621582031, 30.353921890258835 ], [ -93.758216857910156, 30.354173660278324 ], [ -93.758087158203125, 30.354541778564467 ], [ -93.759910583496094, 30.355848312377951 ], [ -93.760932922363281, 30.356950759887663 ], [ -93.76104736328125, 30.359012603759751 ], [ -93.760810852050781, 30.359699249267557 ], [ -93.760360717773438, 30.360158920288079 ], [ -93.759429931640625, 30.360179901123075 ], [ -93.758399963378906, 30.356880187988285 ], [ -93.757217407226562, 30.355777740478473 ], [ -93.7564697265625, 30.35580253601076 ], [ -93.755813598632812, 30.356327056884737 ], [ -93.755805969238281, 30.358207702636719 ], [ -93.755546569824219, 30.359077453613306 ], [ -93.755203247070312, 30.359376907348597 ], [ -93.753883361816406, 30.359535217285153 ], [ -93.752006530761719, 30.359170913696286 ], [ -93.751266479492188, 30.359237670898423 ], [ -93.750816345214858, 30.359695434570302 ], [ -93.751083374023438, 30.360383987426783 ], [ -93.7515869140625, 30.360841751098636 ], [ -93.754776000976577, 30.363273620605494 ], [ -93.757530212402358, 30.36437416076657 ], [ -93.758583068847656, 30.366231918334975 ], [ -93.759056091308594, 30.368545532226523 ], [ -93.758468627929688, 30.369464874267535 ], [ -93.757713317871094, 30.369394302368175 ], [ -93.756332397460938, 30.366048812866214 ], [ -93.755805969238281, 30.365587234497099 ], [ -93.755172729492188, 30.365612030029279 ], [ -93.75469970703125, 30.365886688232415 ], [ -93.754539489746108, 30.366985321044872 ], [ -93.755203247070312, 30.368751525878913 ], [ -93.75482177734375, 30.372694015502905 ], [ -93.7550048828125, 30.378665924072251 ], [ -93.755561828613281, 30.380477905273452 ], [ -93.758758544921875, 30.383550643920913 ], [ -93.758621215820312, 30.384042739868125 ], [ -93.758041381835938, 30.384260177612287 ], [ -93.755950927734375, 30.38389396667483 ], [ -93.755294799804688, 30.383983612060554 ], [ -93.75457763671875, 30.384580612182631 ], [ -93.75439453125, 30.385084152221673 ], [ -93.754493713378906, 30.3858642578125 ], [ -93.755027770996094, 30.386322021484371 ], [ -93.757484436035156, 30.385728836059542 ], [ -93.758140563964844, 30.386140823364297 ], [ -93.758384704589844, 30.387744903564482 ], [ -93.757217407226562, 30.390586853027354 ], [ -93.756584167480469, 30.390930175781243 ], [ -93.754837036132812, 30.391273498535192 ], [ -93.753120422363281, 30.392005920410135 ], [ -93.752433776855469, 30.392532348632766 ], [ -93.752067565917969, 30.393198013305689 ], [ -93.752090454101562, 30.394870758056712 ], [ -93.751823425292969, 30.395536422729499 ], [ -93.750869750976562, 30.396289825439446 ], [ -93.7474365234375, 30.396633148193359 ], [ -93.745506286621094, 30.396360397338867 ], [ -93.745170593261719, 30.396818161010785 ], [ -93.745323181152344, 30.398538589477543 ], [ -93.744949340820312, 30.398857116699208 ], [ -93.742706298828125, 30.399547576904268 ], [ -93.741867065429688, 30.400304794311559 ], [ -93.741523742675781, 30.402458190917933 ], [ -93.741043090820312, 30.403673171997063 ], [ -93.740699768066406, 30.403902053833001 ], [ -93.739273071289062, 30.403833389282212 ], [ -93.738136291503906, 30.40404129028315 ], [ -93.735069274902344, 30.407205581664975 ], [ -93.734542846679688, 30.408351898193327 ], [ -93.734786987304702, 30.411056518554684 ], [ -93.734542846679688, 30.412958145141573 ], [ -93.733932495117188, 30.414241790771463 ], [ -93.733222961425781, 30.414953231811555 ], [ -93.732582092285156, 30.41506767272946 ], [ -93.732139587402358, 30.414794921874975 ], [ -93.731323242187514, 30.413669586181694 ], [ -93.73028564453125, 30.412937164306641 ], [ -93.729415893554688, 30.412960052490224 ], [ -93.728858947753906, 30.413236618041996 ], [ -93.727859497070312, 30.414474487304688 ], [ -93.727378845214844, 30.416240692138686 ], [ -93.727485656738281, 30.418003082275398 ], [ -93.726768493652344, 30.419334411621104 ], [ -93.72576904296875, 30.419723510742202 ], [ -93.723037719726577, 30.419609069824233 ], [ -93.722145080566406, 30.420528411865245 ], [ -93.722404479980469, 30.421213150024432 ], [ -93.726005554199219, 30.423116683959947 ], [ -93.726982116699219, 30.424055099487298 ], [ -93.727226257324219, 30.425590515136676 ], [ -93.726982116699219, 30.428730010986328 ], [ -93.726669311523438, 30.42953491210935 ], [ -93.72531890869142, 30.431276321411168 ], [ -93.723739624023438, 30.431940078735359 ], [ -93.722602844238281, 30.431779861450195 ], [ -93.722381591796875, 30.431482315063466 ], [ -93.722122192382812, 30.429328918457038 ], [ -93.719505310058594, 30.426006317138729 ], [ -93.719047546386719, 30.422681808471701 ], [ -93.718658447265625, 30.422475814819371 ], [ -93.71783447265625, 30.422567367553711 ], [ -93.716773986816406, 30.423231124877965 ], [ -93.716590881347656, 30.423599243164052 ], [ -93.7166748046875, 30.427747726440444 ], [ -93.716407775878906, 30.428482055664055 ], [ -93.716064453125, 30.428825378417944 ], [ -93.714263916015625, 30.429582595825181 ], [ -93.713554382324219, 30.430177688598661 ], [ -93.712440490722656, 30.432952880859371 ], [ -93.711326599121094, 30.433158874511768 ], [ -93.708770751953125, 30.43045425415038 ], [ -93.707862854003906, 30.429996490478484 ], [ -93.702499389648438, 30.429744720458995 ], [ -93.701835632324219, 30.430477142333981 ], [ -93.702072143554688, 30.431051254272507 ], [ -93.7039794921875, 30.43283843994142 ], [ -93.704292297363281, 30.433387756347631 ], [ -93.704032897949219, 30.434282302856399 ], [ -93.703079223632812, 30.435222625732383 ], [ -93.698684692382812, 30.437768936157219 ], [ -93.697898864746094, 30.439142227172887 ], [ -93.6976318359375, 30.440380096435572 ], [ -93.697654724121094, 30.443635940551733 ], [ -93.697921752929688, 30.444253921508814 ], [ -93.698822021484375, 30.445102691650391 ], [ -93.700141906738281, 30.445169448852493 ], [ -93.704742431640625, 30.44315147399907 ], [ -93.705963134765625, 30.443222045898469 ], [ -93.706703186035156, 30.443771362304691 ], [ -93.707267761230469, 30.445123672485366 ], [ -93.706787109375, 30.446224212646499 ], [ -93.706016540527344, 30.446865081787102 ], [ -93.703605651855469, 30.447965621948196 ], [ -93.702896118164062, 30.448562622070316 ], [ -93.702529907226562, 30.449388504028288 ], [ -93.702529907226562, 30.450143814086921 ], [ -93.702919006347656, 30.451059341430721 ], [ -93.705200195312514, 30.453031539916982 ], [ -93.706443786621094, 30.454544067382798 ], [ -93.706756591796875, 30.455415725707976 ], [ -93.706596374511719, 30.456790924072237 ], [ -93.705673217773438, 30.457546234130824 ], [ -93.699699401855469, 30.457616806030273 ], [ -93.69903564453125, 30.458463668823256 ], [ -93.699066162109375, 30.459243774414045 ], [ -93.702003479003906, 30.461214065551779 ], [ -93.703132629394531, 30.462451934814482 ], [ -93.703773498535156, 30.463644027709975 ], [ -93.705810546875, 30.465202331542972 ], [ -93.70758056640625, 30.467355728149396 ], [ -93.710891723632812, 30.468547821044936 ], [ -93.711685180664062, 30.469236373901339 ], [ -93.712028503417969, 30.469739913940408 ], [ -93.712059020996094, 30.470426559448246 ], [ -93.710128784179702, 30.474002838134773 ], [ -93.710258483886719, 30.475217819213846 ], [ -93.710678100585938, 30.475996017456023 ], [ -93.716476440429702, 30.481084823608374 ], [ -93.717010498046875, 30.482389450073192 ], [ -93.716903686523438, 30.483673095703125 ], [ -93.716445922851562, 30.484291076660149 ], [ -93.715446472167969, 30.484727859497127 ], [ -93.714462280273438, 30.484546661376935 ], [ -93.713752746582031, 30.484134674072234 ], [ -93.711502075195312, 30.481933593750011 ], [ -93.710311889648438, 30.482025146484325 ], [ -93.709808349609375, 30.482368469238242 ], [ -93.709281921386719, 30.483377456665078 ], [ -93.709861755371094, 30.484981536865234 ], [ -93.710525512695312, 30.485967636108391 ], [ -93.713119506835952, 30.488601684570344 ], [ -93.714309692382812, 30.490917205810558 ], [ -93.716506958007812, 30.493345260620096 ], [ -93.716506958007812, 30.493804931640636 ], [ -93.714523315429688, 30.497358322143551 ], [ -93.713966369628906, 30.497541427612333 ], [ -93.712142944335938, 30.4972438812256 ], [ -93.710044860839844, 30.497474670410181 ], [ -93.708915710449219, 30.498252868652372 ], [ -93.708541870117188, 30.499237060546861 ], [ -93.709121704101562, 30.500743865966808 ], [ -93.70965576171875, 30.501226425170927 ], [ -93.712692260742188, 30.500370025634755 ], [ -93.713783264160156, 30.500425338745071 ], [ -93.714256286621094, 30.500719070434595 ], [ -93.714553833007812, 30.501407623291012 ], [ -93.714370727539062, 30.501888275146467 ], [ -93.713485717773452, 30.50275993347169 ], [ -93.71142578125, 30.503929138183619 ], [ -93.709945678710938, 30.506198883056634 ], [ -93.7093505859375, 30.50639724731445 ], [ -93.707992553710938, 30.506385803222631 ], [ -93.706520080566406, 30.506866455078132 ], [ -93.706184387207031, 30.509452819824208 ], [ -93.707237243652344, 30.510156631469709 ], [ -93.707481384277358, 30.510864257812528 ], [ -93.709938049316406, 30.510356903076207 ], [ -93.711532592773438, 30.510551452636729 ], [ -93.711593627929688, 30.510713577270476 ], [ -93.71124267578125, 30.512018203735341 ], [ -93.710777282714844, 30.512592315673842 ], [ -93.709846496582031, 30.513126373291001 ], [ -93.709716796875, 30.513650894165078 ], [ -93.710662841796875, 30.516351699829094 ], [ -93.710601806640639, 30.517406463623043 ], [ -93.708061218261719, 30.519992828369148 ], [ -93.707862854003906, 30.52077293395995 ], [ -93.708274841308594, 30.521270751953125 ], [ -93.708824157714844, 30.521429061889624 ], [ -93.709381103515625, 30.521242141723626 ], [ -93.711921691894531, 30.519067764282219 ], [ -93.713417053222656, 30.518436431884737 ], [ -93.714149475097656, 30.518360137939457 ], [ -93.716293334960938, 30.519027709960945 ], [ -93.717826843261719, 30.51991844177244 ], [ -93.718528747558594, 30.520664215087933 ], [ -93.71970367431642, 30.523502349853537 ], [ -93.720314025878906, 30.524126052856424 ], [ -93.724609375000014, 30.524625778198239 ], [ -93.72650146484375, 30.525005340576158 ], [ -93.727554321289062, 30.525470733642535 ], [ -93.732620239257812, 30.529758453369116 ], [ -93.733589172363281, 30.531084060668956 ], [ -93.733650207519531, 30.531534194946303 ], [ -93.732345581054688, 30.5356121063232 ], [ -93.732643127441406, 30.536327362060543 ], [ -93.733154296875, 30.536647796630827 ], [ -93.738090515136719, 30.537410736083974 ], [ -93.739463806152344, 30.537887573242202 ], [ -93.740081787109375, 30.539367675781236 ], [ -93.739776611328125, 30.540035247802741 ], [ -93.738616943359389, 30.540773391723665 ], [ -93.734634399414062, 30.541530609130845 ], [ -93.729026794433594, 30.544639587402369 ], [ -93.728622436523438, 30.545341491699194 ], [ -93.728591918945312, 30.546236038208033 ], [ -93.730987548828125, 30.550163269042983 ], [ -93.731369018554688, 30.551908493041999 ], [ -93.731246948242188, 30.55265998840332 ], [ -93.729965209960938, 30.554016113281268 ], [ -93.725669860839844, 30.556776046752972 ], [ -93.724456787109375, 30.557924270629904 ], [ -93.723800659179688, 30.55898284912109 ], [ -93.723777770996094, 30.560302734374993 ], [ -93.724128723144531, 30.561813354492177 ], [ -93.724716186523452, 30.56274604797359 ], [ -93.727249145507812, 30.56543350219729 ], [ -93.727577209472656, 30.566286087036136 ], [ -93.727447509765625, 30.567066192626971 ], [ -93.726951599121094, 30.568002700805657 ], [ -93.726028442382812, 30.568964004516616 ], [ -93.725990295410156, 30.56931877136239 ], [ -93.728004455566406, 30.572668075561559 ], [ -93.727302551269531, 30.574522018432607 ], [ -93.7216796875, 30.580015182495114 ], [ -93.721244812011719, 30.58022880554201 ], [ -93.720306396484389, 30.580158233642589 ], [ -93.717376708984375, 30.577993392944368 ], [ -93.716682434082031, 30.577875137329073 ], [ -93.715873718261733, 30.578088760375987 ], [ -93.714897155761719, 30.578815460205064 ], [ -93.714241027832031, 30.580108642578136 ], [ -93.713127136230469, 30.58746147155761 ], [ -93.712280273437514, 30.588277816772401 ], [ -93.711227416992188, 30.588691711425778 ], [ -93.710418701171875, 30.588750839233416 ], [ -93.705635070800781, 30.588140487670881 ], [ -93.7037353515625, 30.588241577148406 ], [ -93.703132629394531, 30.588565826416016 ], [ -93.700721740722656, 30.591447830200217 ], [ -93.693801879882812, 30.594015121459922 ], [ -93.692695617675781, 30.594179153442372 ], [ -93.691879272460938, 30.593942642211928 ], [ -93.689361572265625, 30.592557907104489 ], [ -93.688232421875, 30.590757369995114 ], [ -93.688369750976562, 30.589645385742177 ], [ -93.692123413085938, 30.58636665344239 ], [ -93.6922607421875, 30.585994720458991 ], [ -93.692047119140625, 30.585504531860352 ], [ -93.691375732421875, 30.585279464721737 ], [ -93.686325073242188, 30.585540771484379 ], [ -93.685562133789062, 30.585775375366218 ], [ -93.684761047363281, 30.586944580078089 ], [ -93.684883117675781, 30.590269088745117 ], [ -93.68408203125, 30.592672348022457 ], [ -93.683250427246094, 30.593326568603494 ], [ -93.682655334472656, 30.593479156494094 ], [ -93.679443359375, 30.593202590942404 ], [ -93.678779602050781, 30.593435287475607 ], [ -93.678489685058594, 30.593896865844712 ], [ -93.6785888671875, 30.598428726196303 ], [ -93.67938232421875, 30.600141525268583 ], [ -93.681915283203125, 30.603055953979506 ], [ -93.682586669921889, 30.604776382446254 ], [ -93.682731628417969, 30.606418609619112 ], [ -93.6832275390625, 30.607839584350547 ], [ -93.684226989746094, 30.608980178832983 ], [ -93.688087463378906, 30.610013961792024 ], [ -93.689315795898438, 30.610952377319339 ], [ -93.689491271972656, 30.61147689819337 ], [ -93.689384460449219, 30.611854553222681 ], [ -93.686737060546875, 30.613546371459989 ], [ -93.685539245605469, 30.616245269775394 ], [ -93.682136535644531, 30.618671417236357 ], [ -93.681678771972656, 30.619552612304656 ], [ -93.681892395019531, 30.620725631713885 ], [ -93.684944152832031, 30.625 ], [ -93.684967041015625, 30.626293182373104 ], [ -93.683609008789062, 30.628564834594698 ], [ -93.684036254882812, 30.631679534912088 ], [ -93.683624267578125, 30.632406234741232 ], [ -93.680992126464844, 30.6338596343994 ], [ -93.680213928222656, 30.635257720947298 ], [ -93.680610656738281, 30.636585235595692 ], [ -93.682693481445312, 30.639146804809538 ], [ -93.682929992675781, 30.640562057495103 ], [ -93.682167053222656, 30.641893386840795 ], [ -93.680908203125014, 30.642908096313487 ], [ -93.678421020507812, 30.643989562988324 ], [ -93.6739501953125, 30.64848709106445 ], [ -93.673683166503906, 30.649440765380831 ], [ -93.673660278320312, 30.651092529296868 ], [ -93.672660827636719, 30.651910781860366 ], [ -93.670440673828125, 30.652845382690419 ], [ -93.66986083984375, 30.653856277465788 ], [ -93.670486450195312, 30.656309127807631 ], [ -93.670181274414062, 30.657833099365249 ], [ -93.668014526367188, 30.659946441650391 ], [ -93.665573120117188, 30.661373138427738 ], [ -93.66339111328125, 30.661682128906264 ], [ -93.66107177734375, 30.66133880615234 ], [ -93.659568786621094, 30.661851882934535 ], [ -93.658096313476562, 30.663951873779304 ], [ -93.654800415039062, 30.669984817504854 ], [ -93.6533203125, 30.670263290405224 ], [ -93.647132873535156, 30.668260574340788 ], [ -93.646682739257812, 30.668527603149421 ], [ -93.646133422851562, 30.671842575073256 ], [ -93.645126342773452, 30.673280715942393 ], [ -93.643394470214844, 30.673326492309531 ], [ -93.639389038085938, 30.672708511352493 ], [ -93.638038635253906, 30.672857284545927 ], [ -93.636802673339844, 30.674346923828132 ], [ -93.635879516601562, 30.676122665405298 ], [ -93.631294250488281, 30.677759170532212 ], [ -93.629730224609375, 30.679740905761729 ], [ -93.627769470214844, 30.683565139770479 ], [ -93.62705230712892, 30.68721008300782 ], [ -93.623420715332031, 30.691656112670902 ], [ -93.621726989746094, 30.693292617797859 ], [ -93.620918273925781, 30.694957733154336 ], [ -93.620872497558594, 30.695821762084961 ], [ -93.621429443359375, 30.69648933410647 ], [ -93.623016357421875, 30.697259902954062 ], [ -93.62420654296875, 30.698442459106467 ], [ -93.624496459960938, 30.699733734130852 ], [ -93.624290466308594, 30.700880050659226 ], [ -93.620597839355469, 30.703922271728523 ], [ -93.619941711425781, 30.705747604370114 ], [ -93.619987487792969, 30.706869125366204 ], [ -93.619544982910156, 30.70875358581543 ], [ -93.61661529541017, 30.712299346923821 ], [ -93.616004943847656, 30.713779449462926 ], [ -93.617057800292969, 30.718379974365266 ], [ -93.616111755371094, 30.718446731567383 ], [ -93.615341186523438, 30.719247817993192 ], [ -93.614234924316406, 30.719547271728501 ], [ -93.6136474609375, 30.719066619873065 ], [ -93.613189697265625, 30.716798782348665 ], [ -93.612770080566406, 30.7165927886963 ], [ -93.612342834472656, 30.716705322265661 ], [ -93.611015319824219, 30.717851638793949 ], [ -93.6097412109375, 30.717761993408203 ], [ -93.609298706054688, 30.717393875122085 ], [ -93.609054565429688, 30.715492248535199 ], [ -93.608497619628906, 30.715101242065366 ], [ -93.607513427734375, 30.715377807617202 ], [ -93.605445861816406, 30.716732025146474 ], [ -93.60491943359375, 30.717304229736303 ], [ -93.604759216308594, 30.717761993408203 ], [ -93.606468200683594, 30.718086242675831 ], [ -93.607948303222656, 30.718696594238306 ], [ -93.609527587890625, 30.720058441162099 ], [ -93.612953186035156, 30.721527099609375 ], [ -93.613471984863281, 30.721942901611364 ], [ -93.613578796386719, 30.722347259521516 ], [ -93.613105773925781, 30.722614288330082 ], [ -93.610466003417969, 30.722057342529297 ], [ -93.609367370605469, 30.722940444946293 ], [ -93.608871459960938, 30.724071502685568 ], [ -93.609519958496094, 30.726596832275359 ], [ -93.609458923339844, 30.727300643920852 ], [ -93.611915588378906, 30.727020263671871 ], [ -93.614761352539062, 30.727081298828125 ], [ -93.616752624511719, 30.728000640869162 ], [ -93.61712646484375, 30.729148864746115 ], [ -93.61639404296875, 30.729755401611293 ], [ -93.615135192871094, 30.729623794555689 ], [ -93.611930847167969, 30.728464126586921 ], [ -93.61053466796875, 30.728542327880859 ], [ -93.609542846679688, 30.728982925415011 ], [ -93.608963012695312, 30.729837417602536 ], [ -93.6092529296875, 30.730920791625984 ], [ -93.6109619140625, 30.733585357666037 ], [ -93.611763000488281, 30.735399246215785 ], [ -93.612648010253906, 30.736503601074251 ], [ -93.615798950195327, 30.737461090087891 ], [ -93.617515563964844, 30.738277435302759 ], [ -93.618858337402344, 30.74012947082521 ], [ -93.618949890136719, 30.741802215576193 ], [ -93.617584228515639, 30.743049621582038 ], [ -93.615493774414062, 30.74394607543945 ], [ -93.609779357910156, 30.745006561279286 ], [ -93.608711242675781, 30.745874404907262 ], [ -93.608123779296875, 30.746885299682639 ], [ -93.608192443847656, 30.747926712036094 ], [ -93.611534118652344, 30.752132415771463 ], [ -93.612174987792969, 30.753986358642589 ], [ -93.613800048828125, 30.754770278930661 ], [ -93.614669799804688, 30.755802154540969 ], [ -93.614326477050781, 30.758665084838832 ], [ -93.61358642578125, 30.760570526122994 ], [ -93.612686157226562, 30.760776519775341 ], [ -93.611808776855469, 30.760158538818381 ], [ -93.610115051269531, 30.757202148437511 ], [ -93.607582092285156, 30.7574577331543 ], [ -93.606605529785156, 30.757957458496062 ], [ -93.605926513671875, 30.759525299072294 ], [ -93.606491088867188, 30.763372421264634 ], [ -93.60626220703125, 30.76406860351565 ], [ -93.605766296386719, 30.76439476013179 ], [ -93.605453491210938, 30.764463424682624 ], [ -93.605056762695312, 30.764156341552749 ], [ -93.605194091796875, 30.762937545776357 ], [ -93.604759216308594, 30.760995864868164 ], [ -93.603485107421875, 30.759912490844723 ], [ -93.601959228515625, 30.760574340820312 ], [ -93.600303649902344, 30.761823654174798 ], [ -93.597824096679688, 30.76250457763668 ], [ -93.594955444335938, 30.762836456298817 ], [ -93.592658996582031, 30.763786315917955 ], [ -93.591743469238281, 30.765022277832049 ], [ -93.591377258300795, 30.767061233520536 ], [ -93.592544555664062, 30.769449234008768 ], [ -93.593330383300781, 30.772075653076168 ], [ -93.59195709228517, 30.776130676269553 ], [ -93.5897216796875, 30.777559280395529 ], [ -93.588340759277344, 30.777755737304684 ], [ -93.586807250976562, 30.777389526367145 ], [ -93.584121704101562, 30.777549743652369 ], [ -93.583198547363281, 30.778472900390657 ], [ -93.583175659179688, 30.779205322265625 ], [ -93.58371734619142, 30.780221939086946 ], [ -93.584281921386719, 30.78096580505375 ], [ -93.586784362792969, 30.782695770263711 ], [ -93.588348388671875, 30.784822463989247 ], [ -93.589210510253906, 30.786481857299837 ], [ -93.588775634765625, 30.787351608276332 ], [ -93.583625793457031, 30.787982940673832 ], [ -93.581871032714844, 30.789192199707013 ], [ -93.581253051757812, 30.79035758972168 ], [ -93.581214904785156, 30.791427612304673 ], [ -93.583259582519531, 30.793859481811527 ], [ -93.584091186523438, 30.796464920043924 ], [ -93.583976745605469, 30.798942565917958 ], [ -93.583221435546889, 30.801914215087901 ], [ -93.582084655761719, 30.802944183349613 ], [ -93.58036041259767, 30.802812576293981 ], [ -93.578224182128906, 30.8018474578857 ], [ -93.574531555175781, 30.801525115966857 ], [ -93.572288513183594, 30.802244186401385 ], [ -93.569129943847656, 30.802770614624002 ], [ -93.565643310546875, 30.8043327331543 ], [ -93.563072204589844, 30.806020736694265 ], [ -93.561492919921875, 30.807540893554666 ], [ -93.561065673828125, 30.808492660522472 ], [ -93.56097412109375, 30.810424804687493 ], [ -93.563591003417969, 30.81340980529782 ], [ -93.564414978027344, 30.816204071044922 ], [ -93.563987731933594, 30.817344665527362 ], [ -93.563117980957031, 30.81830596923832 ], [ -93.561698913574219, 30.819278717041048 ], [ -93.55792236328125, 30.821159362792972 ], [ -93.554588317871094, 30.823385238647454 ], [ -93.553886413574219, 30.824743270873967 ], [ -93.55419921875, 30.825469970703153 ], [ -93.55633544921875, 30.82704162597657 ], [ -93.557250976562514, 30.828363418579119 ], [ -93.557205200195312, 30.828659057617173 ], [ -93.555427551269531, 30.830539703369155 ], [ -93.553741455078125, 30.831727981567347 ], [ -93.553092956542969, 30.83356666564945 ], [ -93.553459167480469, 30.834941864013697 ], [ -93.557998657226562, 30.839775085449226 ], [ -93.559677124023438, 30.840789794921889 ], [ -93.563331604003906, 30.841848373413061 ], [ -93.565589904785156, 30.841989517211886 ], [ -93.567710876464844, 30.843015670776385 ], [ -93.56854248046875, 30.843984603881822 ], [ -93.568336486816406, 30.845058441162092 ], [ -93.56803131103517, 30.845315933227504 ], [ -93.563919067382812, 30.846553802490249 ], [ -93.557571411132812, 30.85226249694821 ], [ -93.557357788085952, 30.853355407714844 ], [ -93.557754516601562, 30.854103088378903 ], [ -93.559486389160156, 30.855409622192344 ], [ -93.561737060546875, 30.858110427856463 ], [ -93.561981201171875, 30.859132766723619 ], [ -93.56121826171875, 30.861728668212855 ], [ -93.558403015136719, 30.867717742919936 ], [ -93.558425903320312, 30.868618011474627 ], [ -93.558448791503906, 30.869228363037102 ], [ -93.558967590332031, 30.869741439819347 ], [ -93.559921264648438, 30.869909286499063 ], [ -93.560386657714844, 30.869838714599631 ], [ -93.563316345214844, 30.868204116821282 ], [ -93.564437866210952, 30.868476867675785 ], [ -93.564727783203125, 30.869014739990227 ], [ -93.564842224121094, 30.870250701904276 ], [ -93.563613891601562, 30.872266769409183 ], [ -93.563468933105483, 30.873170852661122 ], [ -93.563606262207031, 30.875 ], [ -93.564178466796889, 30.875339508056602 ], [ -93.565597534179688, 30.875408172607397 ], [ -93.567153930664062, 30.874681472778313 ], [ -93.568351745605469, 30.8744297027588 ], [ -93.569320678710938, 30.874513626098583 ], [ -93.570442199707031, 30.875 ], [ -93.571121215820312, 30.875934600830078 ], [ -93.571495056152358, 30.877071380615263 ], [ -93.571678161621094, 30.87918853759767 ], [ -93.573471069335938, 30.884426116943327 ], [ -93.573150634765625, 30.886846542358402 ], [ -93.571861267089858, 30.888402938842752 ], [ -93.57012939453125, 30.889972686767539 ], [ -93.568206787109375, 30.892164230346697 ], [ -93.567733764648438, 30.893098831176768 ], [ -93.566169738769531, 30.894643783569347 ], [ -93.562698364257812, 30.895420074462905 ], [ -93.561408996582031, 30.895484924316452 ], [ -93.557632446289062, 30.896547317504879 ], [ -93.5548095703125, 30.89636611938478 ], [ -93.55230712890625, 30.896505355834957 ], [ -93.551361083984375, 30.896690368652376 ], [ -93.5498046875, 30.897502899169908 ], [ -93.548385620117202, 30.899459838867152 ], [ -93.548576354980469, 30.900403976440479 ], [ -93.549064636230469, 30.900760650634815 ], [ -93.5528564453125, 30.901348114013654 ], [ -93.553573608398438, 30.90199661254881 ], [ -93.553855895996094, 30.90324592590331 ], [ -93.553245544433594, 30.905416488647479 ], [ -93.553153991699219, 30.908546447753928 ], [ -93.554130554199233, 30.909273147583047 ], [ -93.557647705078125, 30.910976409912116 ], [ -93.558341979980469, 30.912172317504876 ], [ -93.558395385742188, 30.913042068481481 ], [ -93.552101135253906, 30.918252944946296 ], [ -93.549148559570312, 30.923707962036126 ], [ -93.546653747558594, 30.926406860351559 ], [ -93.545516967773438, 30.926904678344727 ], [ -93.544296264648438, 30.926803588867152 ], [ -93.543060302734375, 30.926294326782248 ], [ -93.542457580566406, 30.925323486328121 ], [ -93.542655944824219, 30.923387527465788 ], [ -93.543258666992188, 30.921106338500998 ], [ -93.542976379394531, 30.920114517211932 ], [ -93.542320251464844, 30.919870376586889 ], [ -93.541603088378906, 30.92001342773435 ], [ -93.539779663085952, 30.921033859252951 ], [ -93.537811279296875, 30.922548294067397 ], [ -93.535667419433594, 30.923503875732408 ], [ -93.5338134765625, 30.923877716064457 ], [ -93.531845092773438, 30.923963546752962 ], [ -93.530769348144531, 30.924339294433558 ], [ -93.529411315917969, 30.927427291870096 ], [ -93.526153564453125, 30.929485321044879 ], [ -93.525978088378906, 30.929840087890621 ], [ -93.527671813964844, 30.932918548583981 ], [ -93.527481079101562, 30.934362411499052 ], [ -93.525955200195312, 30.938215255737294 ], [ -93.526069641113281, 30.939216613769531 ], [ -93.526168823242188, 30.939588546752944 ], [ -93.526725769042969, 30.94002342224119 ], [ -93.528114318847656, 30.940738677978551 ], [ -93.529640197753906, 30.941976547241179 ], [ -93.530784606933608, 30.944381713867219 ], [ -93.532188415527344, 30.948783874511733 ], [ -93.532379150390625, 30.950502395629893 ], [ -93.530982971191406, 30.954517364501974 ], [ -93.53094482421875, 30.955478668212869 ], [ -93.531951904296875, 30.957721710205071 ], [ -93.532829284667983, 30.95793342590326 ], [ -93.534439086914062, 30.957807540893576 ], [ -93.539146423339844, 30.956504821777383 ], [ -93.541130065917969, 30.956369400024439 ], [ -93.542953491210938, 30.956544876098654 ], [ -93.545722961425781, 30.957960128784151 ], [ -93.54638671875, 30.958616256713885 ], [ -93.5477294921875, 30.964500427246133 ], [ -93.548713684082031, 30.966003417968736 ], [ -93.549674987792969, 30.966924667358384 ], [ -93.550483703613281, 30.967306137084982 ], [ -93.554862976074233, 30.967992782592813 ], [ -93.555938720703139, 30.968446731567393 ], [ -93.558761596679688, 30.970468521118153 ], [ -93.56036376953125, 30.971092224121112 ], [ -93.562385559082031, 30.970718383789084 ], [ -93.566551208496094, 30.968828201293938 ], [ -93.568260192871094, 30.968904495239251 ], [ -93.573753356933594, 30.972061157226538 ], [ -93.574172973632812, 30.973369598388675 ], [ -93.573844909667969, 30.974077224731456 ], [ -93.569381713867188, 30.976282119750955 ], [ -93.567802429199219, 30.977788925170859 ], [ -93.566047668457031, 30.982383728027315 ], [ -93.565689086914062, 30.985109329223622 ], [ -93.564453125, 30.988206863403366 ], [ -93.564491271972656, 30.989538192748984 ], [ -93.564788818359375, 30.990133285522436 ], [ -93.565254211425781, 30.990385055541996 ], [ -93.566581726074219, 30.990613937377937 ], [ -93.568778991699219, 30.990474700927756 ], [ -93.570304870605469, 30.990621566772464 ], [ -93.572044372558594, 30.991020202636719 ], [ -93.573188781738281, 30.991634368896491 ], [ -93.57437896728517, 30.992662429809585 ], [ -93.576042175292969, 30.996448516845728 ], [ -93.578155517578125, 31.0 ], [ -93.577667236328125, 31.000865936279336 ], [ -93.5745849609375, 31.002548217773455 ], [ -93.573295593261719, 31.003553390502908 ], [ -93.572868347167969, 31.0045280456543 ], [ -93.572639465332031, 31.007276535034208 ], [ -93.571296691894531, 31.009405136108384 ], [ -93.566360473632812, 31.012472152709979 ], [ -93.565284729003906, 31.012483596801776 ], [ -93.56463623046875, 31.012147903442369 ], [ -93.5623779296875, 31.008558273315437 ], [ -93.55609130859375, 31.003894805908246 ], [ -93.555404663085938, 31.003725051879911 ], [ -93.554740905761719, 31.003807067871087 ], [ -93.554000854492188, 31.004283905029297 ], [ -93.551071166992188, 31.008691787719727 ], [ -93.550262451171875, 31.009305953979499 ], [ -93.549102783203125, 31.009786605834961 ], [ -93.547454833984375, 31.010179519653363 ], [ -93.54559326171875, 31.00983810424805 ], [ -93.542816162109375, 31.008453369140643 ], [ -93.540184020996094, 31.007942199707024 ], [ -93.539352416992188, 31.008306503295902 ], [ -93.538360595703125, 31.009256362915032 ], [ -93.533241271972656, 31.018764495849641 ], [ -93.532234191894531, 31.019445419311499 ], [ -93.530593872070312, 31.01998519897462 ], [ -93.528907775878906, 31.020034790039045 ], [ -93.524345397949219, 31.019453048706076 ], [ -93.522140502929688, 31.019905090332021 ], [ -93.515556335449219, 31.025016784667976 ], [ -93.508720397949219, 31.029140472412124 ], [ -93.508125305175781, 31.030141830444318 ], [ -93.507957458496094, 31.031286239624059 ], [ -93.508537292480483, 31.03207588195804 ], [ -93.510002136230469, 31.033115386962908 ], [ -93.521270751953125, 31.036565780639673 ], [ -93.523078918457031, 31.03764915466304 ], [ -93.524246215820312, 31.039791107177756 ], [ -93.524085998535156, 31.041097640991183 ], [ -93.523780822753906, 31.041433334350579 ], [ -93.522453308105469, 31.041872024536111 ], [ -93.519966125488281, 31.04228210449218 ], [ -93.519424438476577, 31.042703628540018 ], [ -93.519386291503906, 31.044397354125969 ], [ -93.519783020019531, 31.04497337341304 ], [ -93.520431518554688, 31.045280456542994 ], [ -93.526115417480483, 31.047082901000977 ], [ -93.527572631835938, 31.048130035400401 ], [ -93.530563354492188, 31.05155754089358 ], [ -93.531478881835938, 31.053447723388658 ], [ -93.531898498535156, 31.055074691772511 ], [ -93.531013488769531, 31.055919647216793 ], [ -93.529876708984375, 31.05642318725587 ], [ -93.528266906738295, 31.056892395019545 ], [ -93.522758483886733, 31.056488037109371 ], [ -93.521804809570312, 31.05660629272462 ], [ -93.52097320556642, 31.057081222534155 ], [ -93.519935607910156, 31.058942794799766 ], [ -93.519195556640625, 31.06184768676755 ], [ -93.519393920898438, 31.064495086669925 ], [ -93.520095825195312, 31.065544128417933 ], [ -93.520965576171875, 31.066133499145465 ], [ -93.523490905761733, 31.066556930541971 ], [ -93.526710510253906, 31.06764793395995 ], [ -93.528526306152358, 31.069013595581087 ], [ -93.528800964355469, 31.069448471069339 ], [ -93.528762817382827, 31.070051193237315 ], [ -93.5272216796875, 31.072912216186488 ], [ -93.527473449707031, 31.07431983947755 ], [ -93.528038024902344, 31.074623107910149 ], [ -93.532272338867188, 31.074756622314482 ], [ -93.533592224121094, 31.075059890747102 ], [ -93.537620544433594, 31.077032089233409 ], [ -93.539962768554688, 31.077814102172848 ], [ -93.543167114257812, 31.078306198120117 ], [ -93.551132202148438, 31.078557968139688 ], [ -93.552146911621094, 31.079658508300749 ], [ -93.552215576171889, 31.081619262695323 ], [ -93.551246643066406, 31.085586547851602 ], [ -93.548881530761719, 31.088701248168935 ], [ -93.549102783203125, 31.09025192260744 ], [ -93.549903869628906, 31.090881347656257 ], [ -93.550544738769531, 31.090799331665028 ], [ -93.552101135253906, 31.088138580322255 ], [ -93.554466247558594, 31.086683273315415 ], [ -93.555633544921875, 31.086778640747074 ], [ -93.556472778320312, 31.08724594116212 ], [ -93.557785034179688, 31.09047889709473 ], [ -93.559104919433594, 31.091396331787148 ], [ -93.563041687011719, 31.093259811401406 ], [ -93.563636779785156, 31.094427108764631 ], [ -93.563484191894531, 31.095821380615263 ], [ -93.563018798828125, 31.09679985046391 ], [ -93.562248229980469, 31.097341537475593 ], [ -93.561027526855469, 31.0975952148437 ], [ -93.559211730957031, 31.097488403320316 ], [ -93.557777404785156, 31.095689773559581 ], [ -93.556846618652344, 31.093719482421832 ], [ -93.555770874023438, 31.092967987060579 ], [ -93.553680419921875, 31.093429565429677 ], [ -93.553390502929688, 31.093975067138672 ], [ -93.553558349609375, 31.094387054443381 ], [ -93.557571411132812, 31.097333908081019 ], [ -93.557769775390625, 31.09807777404788 ], [ -93.557640075683594, 31.098989486694318 ], [ -93.557014465332045, 31.099710464477521 ], [ -93.555908203125, 31.100051879882784 ], [ -93.552581787109389, 31.099260330200192 ], [ -93.55133056640625, 31.09922409057614 ], [ -93.5501708984375, 31.099462509155252 ], [ -93.548896789550781, 31.10004615783695 ], [ -93.5484619140625, 31.101041793823232 ], [ -93.548912048339844, 31.104274749755842 ], [ -93.548530578613281, 31.105833053588864 ], [ -93.544937133789062, 31.111728668212912 ], [ -93.544227600097656, 31.112205505371129 ], [ -93.540565490722656, 31.113393783569339 ], [ -93.539665222167969, 31.113958358764659 ], [ -93.539199829101562, 31.115026473999038 ], [ -93.53765869140625, 31.125 ], [ -93.537696838378906, 31.126373291015632 ], [ -93.544525146484375, 31.135700225830053 ], [ -93.545928955078125, 31.143169403076168 ], [ -93.548347473144531, 31.148052215576175 ], [ -93.54852294921875, 31.1556587219238 ], [ -93.548042297363295, 31.156389236450149 ], [ -93.546768188476562, 31.156742095947248 ], [ -93.543663024902344, 31.156223297119134 ], [ -93.540077209472656, 31.156391143798825 ], [ -93.537734985351577, 31.157314300537092 ], [ -93.53665924072267, 31.15843200683593 ], [ -93.536460876464844, 31.15937614440919 ], [ -93.536605834960938, 31.160474777221701 ], [ -93.540916442871094, 31.166870117187479 ], [ -93.542709350585938, 31.169523239135753 ], [ -93.542762756347656, 31.17108917236326 ], [ -93.542144775390625, 31.171451568603519 ], [ -93.535888671875, 31.172515869140614 ], [ -93.534271240234389, 31.173269271850589 ], [ -93.5328369140625, 31.174419403076168 ], [ -93.531997680664062, 31.175853729248036 ], [ -93.531524658203125, 31.177991867065447 ], [ -93.531570434570312, 31.180629730224656 ], [ -93.531929016113281, 31.181900024414091 ], [ -93.533134460449219, 31.184276580810558 ], [ -93.534156799316406, 31.185247421264616 ], [ -93.534927368164062, 31.185428619384751 ], [ -93.536109924316406, 31.185123443603484 ], [ -93.537834167480469, 31.184167861938462 ], [ -93.541641235351562, 31.183122634887706 ], [ -93.543769836425781, 31.183425903320302 ], [ -93.548759460449219, 31.186414718627894 ], [ -93.550628662109375, 31.186080932617212 ], [ -93.552490234375, 31.185405731201161 ], [ -93.553009033203125, 31.186094284057642 ], [ -93.554824829101562, 31.187217712402322 ], [ -93.554824829101562, 31.187814712524393 ], [ -93.554290771484375, 31.188293457031254 ], [ -93.551826477050781, 31.189483642578121 ], [ -93.551223754882812, 31.190219879150433 ], [ -93.550895690917969, 31.192947387695291 ], [ -93.550003051757812, 31.194309234619148 ], [ -93.549797058105469, 31.197320938110359 ], [ -93.549697875976577, 31.197479248046854 ], [ -93.54730224609375, 31.197465896606445 ], [ -93.546875, 31.198352813720657 ], [ -93.546775817871094, 31.199878692626971 ], [ -93.546401977539062, 31.201063156127898 ], [ -93.544525146484375, 31.202560424804666 ], [ -93.544380187988281, 31.202922821044901 ], [ -93.544662475585938, 31.203695297241275 ], [ -93.546836853027358, 31.206907272338878 ], [ -93.547645568847656, 31.208879470825206 ], [ -93.549110412597656, 31.209594726562525 ], [ -93.549308776855469, 31.210838317871108 ], [ -93.548759460449219, 31.212305068969734 ], [ -93.548881530761719, 31.21285629272462 ], [ -93.551071166992188, 31.214290618896481 ], [ -93.551353454589844, 31.214702606201151 ], [ -93.551101684570312, 31.215242385864258 ], [ -93.549346923828125, 31.215875625610369 ], [ -93.548927307128906, 31.21639060974119 ], [ -93.548812866210938, 31.217302322387706 ], [ -93.549903869628906, 31.219114303588881 ], [ -93.5494384765625, 31.220039367675771 ], [ -93.547492980957031, 31.221559524536168 ], [ -93.545722961425781, 31.221683502197248 ], [ -93.544700622558594, 31.222133636474624 ], [ -93.544120788574219, 31.222988128662127 ], [ -93.544685363769545, 31.224401473999009 ], [ -93.54473876953125, 31.225435256958058 ], [ -93.544273376464844, 31.225902557373068 ], [ -93.54180908203125, 31.226202011108398 ], [ -93.541564941406264, 31.226377487182607 ], [ -93.541564941406264, 31.226991653442386 ], [ -93.544815063476562, 31.229658126831044 ], [ -93.546043395996094, 31.229433059692358 ], [ -93.546775817871094, 31.228662490844712 ], [ -93.550445556640625, 31.227640151977557 ], [ -93.550765991210938, 31.227865219116232 ], [ -93.549995422363281, 31.229534149169904 ], [ -93.550857543945312, 31.230804443359364 ], [ -93.551216125488281, 31.233324050903338 ], [ -93.551582336425781, 31.233671188354492 ], [ -93.552978515625, 31.233724594116232 ], [ -93.553131103515625, 31.234016418457003 ], [ -93.551963806152344, 31.235641479492191 ], [ -93.5518798828125, 31.236085891723619 ], [ -93.552330017089844, 31.236692428588842 ], [ -93.552108764648452, 31.238056182861349 ], [ -93.552642822265625, 31.238178253173878 ], [ -93.553459167480469, 31.237485885620089 ], [ -93.554664611816406, 31.237764358520518 ], [ -93.554290771484375, 31.238878250122038 ], [ -93.554458618164062, 31.239540100097656 ], [ -93.555503845214844, 31.240116119384744 ], [ -93.556159973144531, 31.240118026733349 ], [ -93.555946350097656, 31.241222381591786 ], [ -93.555427551269531, 31.241495132446342 ], [ -93.553993225097656, 31.240659713745103 ], [ -93.551925659179688, 31.241140365600607 ], [ -93.551200866699219, 31.24098396301267 ], [ -93.548133850097656, 31.241653442382791 ], [ -93.54522705078125, 31.243074417114254 ], [ -93.544044494628906, 31.243152618408196 ], [ -93.544288635253906, 31.244306564331033 ], [ -93.543571472167969, 31.245748519897464 ], [ -93.543647766113281, 31.246217727661136 ], [ -93.544204711914062, 31.246847152709968 ], [ -93.544181823730469, 31.247268676757862 ], [ -93.5439453125, 31.247501373291037 ], [ -93.542343139648438, 31.247190475463871 ], [ -93.541610717773438, 31.247850418090842 ], [ -93.541557312011719, 31.248180389404304 ], [ -93.5419921875, 31.248714447021477 ], [ -93.541534423828125, 31.249343872070327 ], [ -93.537841796875014, 31.251529693603509 ], [ -93.535713195800781, 31.252531051635767 ], [ -93.535888671875, 31.253356933593739 ], [ -93.537216186523438, 31.254550933837894 ], [ -93.537712097167969, 31.256086349487283 ], [ -93.538963317871094, 31.256771087646516 ], [ -93.539222717285156, 31.257144927978533 ], [ -93.538566589355469, 31.258024215698242 ], [ -93.538505554199219, 31.259193420410107 ], [ -93.538169860839844, 31.259468078613317 ], [ -93.536705017089844, 31.259275436401413 ], [ -93.536399841308594, 31.260164260864251 ], [ -93.535217285156264, 31.260147094726523 ], [ -93.534858703613281, 31.260374069213874 ], [ -93.534774780273438, 31.2608737945557 ], [ -93.53546142578125, 31.262237548828111 ], [ -93.53533935546875, 31.264587402343757 ], [ -93.535789489746094, 31.265233993530284 ], [ -93.535888671875, 31.267099380493146 ], [ -93.537109375, 31.268400192260717 ], [ -93.537101745605469, 31.268819808959982 ], [ -93.536689758300781, 31.269216537475611 ], [ -93.535346984863295, 31.269813537597678 ], [ -93.534660339355469, 31.270452499389648 ], [ -93.534698486328125, 31.271711349487319 ], [ -93.535850524902344, 31.272310256958018 ], [ -93.53607177734375, 31.272705078124961 ], [ -93.536041259765625, 31.273067474365252 ], [ -93.534469604492188, 31.274684906005891 ], [ -93.534469604492188, 31.275005340576168 ], [ -93.5352783203125, 31.275821685791012 ], [ -93.535240173339844, 31.276218414306683 ], [ -93.532432556152344, 31.276630401611346 ], [ -93.532096862792983, 31.276895523071296 ], [ -93.458290100097656, 31.276622772216779 ] ] ] } },
{ "type": "Feature", "properties": { "STATENAME": "Louisiana", "ID": "022104104002", "DISTRICT": "2", "STA": "LA", "ST": "22", "LABEL": "2", "DIST_NAME": "Congressional District 2", "TYPE": "US Congressional", "TYPE_ABB": "US_Cong", "ELECT_YEAR": "1994", "STACD": "LA2" }, "geometry": { "type": "Polygon", "coordinates": [ [ [ -89.850616455078125, 30.0074348449707 ], [ -89.851524353027344, 30.006843566894531 ], [ -89.852127075195327, 30.007326126098647 ], [ -89.852325439453125, 30.006805419921839 ], [ -89.85321044921875, 30.006603240966808 ], [ -89.853858947753906, 30.007196426391594 ], [ -89.85467529296875, 30.007007598876953 ], [ -89.857498168945312, 30.00423812866212 ], [ -89.859176635742188, 30.001857757568342 ], [ -89.8603515625, 30.000759124755866 ], [ -89.862075805664062, 29.999456405639645 ], [ -89.86411285400392, 29.998542785644545 ], [ -89.864425659179688, 29.99814033508304 ], [ -89.864303588867188, 29.996807098388665 ], [ -89.859321594238281, 29.993009567260778 ], [ -89.858909606933594, 29.991315841674805 ], [ -89.859268188476562, 29.990438461303732 ], [ -89.862037658691406, 29.98848342895506 ], [ -89.862991333007812, 29.988147735595696 ], [ -89.864143371582031, 29.98806953430174 ], [ -89.865524291992188, 29.988605499267567 ], [ -89.866439819335938, 29.989406585693374 ], [ -89.867813110351577, 29.992273330688487 ], [ -89.868568420410156, 29.99304962158201 ], [ -89.869659423828125, 29.99347114562989 ], [ -89.870712280273438, 29.99345207214354 ], [ -89.871742248535156, 29.992906570434556 ], [ -89.874267578125, 29.988304138183629 ], [ -89.875961303710938, 29.986787796020515 ], [ -89.878593444824233, 29.985864639282248 ], [ -89.879348754882812, 29.985242843627919 ], [ -89.879631042480469, 29.985248565673832 ], [ -89.88043212890625, 29.98526573181152 ], [ -89.882026672363281, 29.986520767211879 ], [ -89.883277893066406, 29.988683700561538 ], [ -89.884757995605469, 29.990518569946307 ], [ -89.884773254394531, 29.991569519042994 ], [ -89.88421630859375, 29.99263763427734 ], [ -89.884895324707031, 29.996143341064418 ], [ -89.887962341308594, 29.997154235839812 ], [ -89.888595581054688, 29.997787475585955 ], [ -89.88946533203125, 29.999879837036147 ], [ -89.892227172851562, 30.00123786926271 ], [ -89.893089294433594, 30.001352310180671 ], [ -89.894416809082031, 30.002334594726541 ], [ -89.895271301269531, 30.002262115478523 ], [ -89.897033691406264, 30.000875473022472 ], [ -89.898185729980469, 30.000778198242202 ], [ -89.90350341796875, 30.002334594726541 ], [ -89.904769897460938, 30.002492904663047 ], [ -89.905380249023438, 30.002319335937539 ], [ -89.9068603515625, 30.001785278320298 ], [ -89.908737182617188, 30.00063133239744 ], [ -89.909767150878906, 30.000242233276371 ], [ -89.911155700683594, 30.000270843505827 ], [ -89.912002563476562, 29.999765396118161 ], [ -89.913177490234375, 29.998149871826151 ], [ -89.914176940917969, 29.995349884033239 ], [ -89.914627075195312, 29.99461364746092 ], [ -89.915687561035156, 29.994470596313509 ], [ -89.916267395019531, 29.993967056274435 ], [ -89.916969299316406, 29.9934597015381 ], [ -89.917915344238281, 29.99336051940918 ], [ -89.919067382812514, 29.993675231933619 ], [ -89.92059326171875, 29.993503570556609 ], [ -89.922706604003906, 29.991641998290994 ], [ -89.924613952636719, 29.991785049438466 ], [ -89.92612457275392, 29.990604400634755 ], [ -89.9273681640625, 29.988655090332031 ], [ -89.928596496582031, 29.987731933593771 ], [ -89.929634094238281, 29.98783683776854 ], [ -89.931747436523438, 29.987470626831058 ], [ -89.934951782226562, 29.986375808715831 ], [ -89.936431884765625, 29.984718322753935 ], [ -89.937789916992188, 29.984615325927706 ], [ -89.938880920410156, 29.984256744384773 ], [ -89.939468383789062, 29.983259201049812 ], [ -89.938888549804688, 29.981153488159183 ], [ -89.939453125, 29.980367660522443 ], [ -89.940521240234375, 29.980251312255874 ], [ -89.941169738769531, 29.980598449707045 ], [ -89.94189453125, 29.980266571044901 ], [ -89.943183898925781, 29.980941772460952 ], [ -89.945541381835938, 29.981603622436513 ], [ -89.948799133300781, 29.980644226074222 ], [ -89.950637817382812, 29.980928421020497 ], [ -89.953193664550781, 29.980596542358363 ], [ -89.954734802246094, 29.981666564941392 ], [ -89.955291748046875, 29.982715606689478 ], [ -89.955818176269545, 29.985641479492188 ], [ -89.956245422363281, 29.986162185668952 ], [ -89.957305908203125, 29.986225128173867 ], [ -89.957832336425781, 29.985687255859332 ], [ -89.959419250488281, 29.9850883483887 ], [ -89.960212707519531, 29.985296249389627 ], [ -89.962982177734389, 29.987621307373022 ], [ -89.963722229003906, 29.98841094970706 ], [ -89.964485168457031, 29.988824844360341 ], [ -89.965026855468764, 29.989023208618182 ], [ -89.966278076171875, 29.988916397094727 ], [ -89.968040466308594, 29.990016937255838 ], [ -89.970390319824219, 29.990983963012702 ], [ -89.971168518066406, 29.992017745971676 ], [ -89.971038818359375, 29.993246078491218 ], [ -89.971633911132812, 29.993761062622077 ], [ -89.973159790039077, 29.993967056274411 ], [ -89.97393798828125, 29.993631362915078 ], [ -89.976799011230469, 29.990745544433572 ], [ -89.9788818359375, 29.98927688598631 ], [ -89.979759216308594, 29.987293243408214 ], [ -89.981239318847656, 29.986463546752979 ], [ -89.982475280761719, 29.986297607421861 ], [ -89.983749389648438, 29.986492156982404 ], [ -89.987327575683594, 29.988290786743157 ], [ -89.987625122070312, 29.988691329956087 ], [ -89.990287780761733, 29.987291336059549 ], [ -89.991203308105469, 29.985267639160188 ], [ -89.991462707519531, 29.983331680297887 ], [ -89.992347717285156, 29.982013702392564 ], [ -89.992347717285156, 29.979980468750025 ], [ -89.995643615722656, 29.972679138183562 ], [ -89.996192932128906, 29.972824096679659 ], [ -89.998504638671875, 29.973802566528359 ], [ -89.998756408691406, 29.973337173461914 ], [ -89.999900817871094, 29.971302032470685 ], [ -90.001548767089844, 29.967794418334933 ], [ -90.003997802734375, 29.96260261535646 ], [ -90.006301879882812, 29.958101272582972 ], [ -90.006401062011719, 29.957902908325185 ], [ -90.012199401855469, 29.945802688598643 ], [ -90.010467529296875, 29.944715499877912 ], [ -90.008201599121094, 29.943302154540994 ], [ -90.005653381347656, 29.941741943359396 ], [ -90.005409240722656, 29.941589355468732 ], [ -90.001998901367188, 29.939502716064506 ], [ -89.998748779296875, 29.937311172485366 ], [ -89.993240356445312, 29.933893203735348 ], [ -89.992034912109375, 29.933170318603516 ], [ -89.989265441894531, 29.931821823120124 ], [ -89.987289428710938, 29.930858612060533 ], [ -89.984504699707031, 29.929502487182607 ], [ -89.983963012695312, 29.929317474365252 ], [ -89.980033874511719, 29.92799186706543 ], [ -89.978775024414062, 29.927568435668899 ], [ -89.977615356445312, 29.927173614501974 ], [ -89.971939086914062, 29.925256729125977 ], [ -89.969703674316406, 29.924501419067361 ], [ -89.961601257324219, 29.923601150512695 ], [ -89.96063232421875, 29.92364883422854 ], [ -89.957084655761719, 29.923805236816388 ], [ -89.954154968261719, 29.923849105834954 ], [ -89.951347351074219, 29.923889160156303 ], [ -89.943290710449219, 29.924253463745139 ], [ -89.93865966796875, 29.924314498901349 ], [ -89.936546325683594, 29.924123764038107 ], [ -89.932121276855469, 29.923013687133842 ], [ -89.9287109375, 29.921585083007855 ], [ -89.926834106445327, 29.920417785644542 ], [ -89.924293518066406, 29.918615341186506 ], [ -89.920951843261719, 29.915527343749975 ], [ -89.916709899902344, 29.910163879394521 ], [ -89.912071228027344, 29.903139114379851 ], [ -89.910202026367202, 29.900499343872042 ], [ -89.907722473144531, 29.896951675415032 ], [ -89.905670166015625, 29.893255233764688 ], [ -89.903213500976562, 29.88723945617674 ], [ -89.90234375, 29.882688522338892 ], [ -89.902297973632812, 29.880596160888647 ], [ -89.902923583984375, 29.876754760742156 ], [ -89.904083251953125, 29.873891830444332 ], [ -89.905593872070312, 29.871719360351531 ], [ -89.907211303710952, 29.870168685913107 ], [ -89.908737182617188, 29.869264602661161 ], [ -89.910964965820312, 29.868341445922834 ], [ -89.914779663085938, 29.866905212402354 ], [ -89.917518615722656, 29.866458892822259 ], [ -89.934440612792969, 29.892774581909183 ], [ -89.958778381347656, 29.902030944824208 ], [ -89.972557067871094, 29.903823852539013 ], [ -89.977668762207031, 29.901777267456069 ], [ -89.979171752929688, 29.902095794677717 ], [ -89.985504150390625, 29.904302597045849 ], [ -89.987197875976562, 29.904802322387706 ], [ -89.988998413085938, 29.889301300048817 ], [ -90.002197265625, 29.897602081298839 ], [ -90.00250244140625, 29.892301559448221 ], [ -90.00830078125, 29.895301818847649 ], [ -90.017501831054688, 29.878002166748072 ], [ -90.021202087402344, 29.870702743530291 ], [ -90.022903442382812, 29.868001937866158 ], [ -90.023872375488281, 29.865539550781254 ], [ -90.026893615722656, 29.865928649902354 ], [ -90.030792236328125, 29.868793487548835 ], [ -90.032432556152344, 29.868652343750043 ], [ -90.033958435058594, 29.867864608764641 ], [ -90.036674499511719, 29.86646652221679 ], [ -90.038482666015625, 29.866222381591804 ], [ -90.039665222167969, 29.866455078125021 ], [ -90.042106628417969, 29.868402481079084 ], [ -90.041000366210938, 29.860502243041978 ], [ -90.045524597167969, 29.860536575317422 ], [ -90.047195434570312, 29.85989189147951 ], [ -90.047111511230469, 29.860548019409162 ], [ -90.047035217285156, 29.86170768737794 ], [ -90.047508239746094, 29.863552093505831 ], [ -90.054420471191406, 29.861288070678729 ], [ -90.056259155273452, 29.867147445678683 ], [ -90.055198669433594, 29.867401123046861 ], [ -90.055488586425781, 29.868017196655277 ], [ -90.055503845214844, 29.872501373290994 ], [ -90.060600280761719, 29.872402191162074 ], [ -90.063400268554688, 29.871702194213871 ], [ -90.05999755859375, 29.860801696777305 ], [ -90.058540344238281, 29.855154037475565 ], [ -90.055679321289062, 29.846126556396506 ], [ -90.052528381347656, 29.837760925292958 ], [ -90.053909301757812, 29.837816238403288 ], [ -90.056190490722656, 29.836900711059545 ], [ -90.058074951171875, 29.836580276489254 ], [ -90.058692932128906, 29.83625602722168 ], [ -90.060905456542969, 29.834112167358384 ], [ -90.064453125, 29.832712173461942 ], [ -90.06829833984375, 29.829160690307603 ], [ -90.0687255859375, 29.828308105468768 ], [ -90.068534851074219, 29.826559066772504 ], [ -90.068321228027344, 29.825912475585977 ], [ -90.0672607421875, 29.824962615966758 ], [ -90.067016601562514, 29.824327468872077 ], [ -90.068504333496094, 29.818979263305692 ], [ -90.068939208984375, 29.818178176879886 ], [ -90.071586608886719, 29.810087203979517 ], [ -90.071907043457031, 29.807632446289077 ], [ -90.071029663085938, 29.804573059082074 ], [ -90.070442199707031, 29.803478240966776 ], [ -90.069610595703125, 29.802703857421836 ], [ -90.068534851074219, 29.801940917968732 ], [ -90.06842041015625, 29.801557540893565 ], [ -90.064857482910156, 29.790719985961871 ], [ -90.062835693359375, 29.787391662597649 ], [ -90.060134887695312, 29.784801483154276 ], [ -90.059951782226562, 29.784297943115202 ], [ -90.060089111328139, 29.783603668212901 ], [ -90.060798645019545, 29.783182144165046 ], [ -90.062759399414062, 29.782987594604524 ], [ -90.067352294921875, 29.778392791748029 ], [ -90.067398071289062, 29.778337478637681 ], [ -90.069679260253906, 29.776248931884773 ], [ -90.07275390625, 29.773103713989247 ], [ -90.074264526367188, 29.772592544555714 ], [ -90.07562255859375, 29.771648406982443 ], [ -90.081298828125, 29.768217086791967 ], [ -90.08135986328125, 29.770902633666978 ], [ -90.081146240234375, 29.771816253662095 ], [ -90.082572937011719, 29.773601531982397 ], [ -90.083808898925781, 29.774406433105433 ], [ -90.086814880371094, 29.775926589965831 ], [ -90.090728759765639, 29.777124404907259 ], [ -90.097190856933594, 29.77789306640625 ], [ -90.101371765136719, 29.778572082519492 ], [ -90.102409362792969, 29.777875900268558 ], [ -90.110832214355469, 29.773035049438448 ], [ -90.120834350585938, 29.782487869262678 ], [ -90.130577087402344, 29.79036521911619 ], [ -90.13189697265625, 29.791688919067401 ], [ -90.134109497070312, 29.7947998046875 ], [ -90.134849548339844, 29.791086196899435 ], [ -90.139915466308594, 29.771255493164087 ], [ -90.140365600585938, 29.769912719726548 ], [ -90.145477294921875, 29.75941276550294 ], [ -90.14111328125, 29.740030288696275 ], [ -90.141899108886719, 29.739887237548853 ], [ -90.1453857421875, 29.740385055541985 ], [ -90.151321411132812, 29.740831375122067 ], [ -90.156150817871094, 29.738403320312514 ], [ -90.157371520996094, 29.738063812255856 ], [ -90.210853576660156, 29.729923248291048 ], [ -90.201797485351562, 29.75 ], [ -90.172355651855469, 29.803922653198228 ], [ -90.169639587402344, 29.805683135986321 ], [ -90.169349670410156, 29.806123733520511 ], [ -90.169174194335938, 29.807119369506861 ], [ -90.170585632324219, 29.81129074096679 ], [ -90.17083740234375, 29.813177108764656 ], [ -90.170562744140625, 29.813896179199219 ], [ -90.167510986328125, 29.816535949707067 ], [ -90.167213439941406, 29.817165374755866 ], [ -90.167198181152344, 29.818220138549798 ], [ -90.167655944824219, 29.819185256957955 ], [ -90.170028686523438, 29.821392059326186 ], [ -90.172187805175781, 29.824447631835962 ], [ -90.172966003417983, 29.826190948486289 ], [ -90.173141479492188, 29.827274322509766 ], [ -90.182174682617188, 29.827405929565394 ], [ -90.211334228515625, 29.844772338867188 ], [ -90.231697082519531, 29.856948852539048 ], [ -90.233177185058594, 29.857833862304688 ], [ -90.240150451660156, 29.862016677856467 ], [ -90.241607666015625, 29.868074417114205 ], [ -90.241439819335938, 29.868993759155256 ], [ -90.240341186523438, 29.871282577514648 ], [ -90.240310668945312, 29.871925354003874 ], [ -90.240699768066406, 29.87258338928223 ], [ -90.242156982421875, 29.873929977417017 ], [ -90.242820739746094, 29.875099182128864 ], [ -90.243072509765625, 29.87657737731935 ], [ -90.243095397949219, 29.880500793457063 ], [ -90.243682861328125, 29.881147384643509 ], [ -90.246139526367188, 29.882341384887727 ], [ -90.248634338378906, 29.884502410888686 ], [ -90.251190185546875, 29.887786865234379 ], [ -90.253768920898438, 29.889068603515646 ], [ -90.254676818847656, 29.889772415161129 ], [ -90.256416320800781, 29.893968582153331 ], [ -90.259193420410156, 29.896991729736367 ], [ -90.260284423828125, 29.897567749023427 ], [ -90.26153564453125, 29.897666931152369 ], [ -90.264328002929688, 29.898815155029311 ], [ -90.264541625976577, 29.899379730224624 ], [ -90.2642822265625, 29.900518417358406 ], [ -90.264480590820312, 29.901023864746119 ], [ -90.265884399414062, 29.901540756225625 ], [ -90.26593017578125, 29.902708053588867 ], [ -90.267906188964844, 29.904682159423821 ], [ -90.268424987792969, 29.905633926391612 ], [ -90.271148681640625, 29.914442062377901 ], [ -90.273597717285156, 29.922542572021477 ], [ -90.275436401367188, 29.939950942993192 ], [ -90.275505065917969, 29.940601348876964 ], [ -90.277999877929688, 29.961502075195334 ], [ -90.279266357421875, 29.968120574951151 ], [ -90.279922485351562, 29.971485137939467 ], [ -90.279998779296875, 29.971902847290067 ], [ -90.279983520507812, 29.976810455322262 ], [ -90.280105590820312, 29.979101181030291 ], [ -90.280105590820312, 29.991502761840884 ], [ -90.279998779296875, 30.006301879882834 ], [ -90.274757385253906, 30.006904602050803 ], [ -90.274978637695312, 30.010969161987362 ], [ -90.275001525878906, 30.011402130126974 ], [ -90.276702880859375, 30.011201858520543 ], [ -90.275489807128906, 30.02293968200685 ], [ -90.273200988769531, 30.022752761840852 ], [ -90.265403747558594, 30.022102355957063 ], [ -90.265907287597656, 30.018602371215827 ], [ -90.267402648925781, 30.017501831054716 ], [ -90.269996643066406, 30.017202377319357 ], [ -90.270103454589844, 30.015802383422891 ], [ -90.269905090332031, 30.015102386474624 ], [ -90.266998291015625, 30.011602401733384 ], [ -90.266403198242188, 30.010101318359361 ], [ -90.262306213378906, 30.010402679443388 ], [ -90.262397766113281, 30.012302398681641 ], [ -90.25970458984375, 30.012502670288093 ], [ -90.255599975585938, 30.012702941894513 ], [ -90.24639892578125, 30.013502120971701 ], [ -90.245597839355469, 30.010801315307642 ], [ -90.245101928710938, 30.00930213928223 ], [ -90.243011474609375, 30.00938415527343 ], [ -90.242156982421875, 30.009374618530245 ], [ -90.242485046386719, 30.009082794189421 ], [ -90.242973327636719, 30.008567810058555 ], [ -90.243095397949219, 30.007791519165092 ], [ -90.243316650390625, 30.006555557250987 ], [ -90.244613647460938, 30.001596450805692 ], [ -90.245590209960938, 29.997987747192408 ], [ -90.246604919433594, 29.994232177734403 ], [ -90.247344970703125, 29.991495132446275 ], [ -90.233688354492188, 29.988658905029311 ], [ -90.235748291015625, 29.981491088867209 ], [ -90.236396789550781, 29.979202270507827 ], [ -90.231597900390625, 29.979001998901364 ], [ -90.225105285644531, 29.978502273559581 ], [ -90.212707519531264, 29.977701187133768 ], [ -90.215904235839844, 29.974102020263707 ], [ -90.218505859375, 29.974201202392575 ], [ -90.225997924804688, 29.974702835082979 ], [ -90.228813171386719, 29.974878311157251 ], [ -90.228996276855483, 29.974601745605476 ], [ -90.232597351074219, 29.96880149841305 ], [ -90.235397338867188, 29.97040176391603 ], [ -90.238243103027344, 29.963758468627951 ], [ -90.234695434570312, 29.961557388305675 ], [ -90.230903625488281, 29.959201812744151 ], [ -90.229301452636719, 29.955753326416009 ], [ -90.221435546875, 29.938802719116218 ], [ -90.219902038574219, 29.935501098632809 ], [ -90.214706420898438, 29.926301956176726 ], [ -90.2064208984375, 29.923124313354478 ], [ -90.206100463867188, 29.923002243042006 ], [ -90.197196960449219, 29.924701690673807 ], [ -90.196144104003906, 29.925268173217798 ], [ -90.183998107910156, 29.93180274963381 ], [ -90.181800842285156, 29.933202743530249 ], [ -90.168960571289062, 29.944330215454048 ], [ -90.165306091308608, 29.941362380981481 ], [ -90.1636962890625, 29.939201354980536 ], [ -90.163200378417969, 29.937902450561523 ], [ -90.163002014160156, 29.936201095581012 ], [ -90.164390563964844, 29.932399749755891 ], [ -90.164909362792969, 29.929693222045913 ], [ -90.164398193359375, 29.930002212524407 ], [ -90.163307189941406, 29.930101394653327 ], [ -90.160102844238281, 29.929601669311534 ], [ -90.151603698730469, 29.926702499389631 ], [ -90.148704528808594, 29.931501388549794 ], [ -90.138999938964844, 29.932201385498072 ], [ -90.138900756835938, 29.938201904296903 ], [ -90.134597778320312, 29.942401885986367 ], [ -90.134300231933608, 29.941402435302727 ], [ -90.134101867675781, 29.941602706909187 ], [ -90.130203247070312, 29.938402175903317 ], [ -90.12890625, 29.937402725219712 ], [ -90.131904602050781, 29.933601379394556 ], [ -90.133102416992188, 29.932102203369144 ], [ -90.139198303222656, 29.924701690673807 ], [ -90.138816833496094, 29.921318054199201 ], [ -90.138504028320312, 29.918601989746087 ], [ -90.132400512695312, 29.912801742553725 ], [ -90.127304077148438, 29.910802841186499 ], [ -90.125816345214844, 29.910366058349624 ], [ -90.12188720703125, 29.909696578979506 ], [ -90.117645263671875, 29.909002304077148 ], [ -90.100799560546875, 29.909801483154268 ], [ -90.094100952148438, 29.911502838134741 ], [ -90.09100341796875, 29.91260147094729 ], [ -90.085502624511719, 29.914201736450227 ], [ -90.083106994628906, 29.907602310180643 ], [ -90.087905883789062, 29.906402587890604 ], [ -90.092300415039062, 29.905302047729517 ], [ -90.100700378417969, 29.903202056884755 ], [ -90.100303649902358, 29.898719787597628 ], [ -90.100303649902358, 29.89860153198244 ], [ -90.100105285644531, 29.894901275634769 ], [ -90.107505798339844, 29.894002914428704 ], [ -90.107704162597656, 29.899101257324258 ], [ -90.108573913574219, 29.899101257324258 ], [ -90.110107421875, 29.899301528930703 ], [ -90.110000610351562, 29.893901824951172 ], [ -90.110107421875, 29.890701293945334 ], [ -90.10980224609375, 29.886701583862319 ], [ -90.107101440429688, 29.886701583862319 ], [ -90.107002258300781, 29.879102706909151 ], [ -90.098785400390625, 29.8790092468262 ], [ -90.098426818847656, 29.875297546386737 ], [ -90.098045349121094, 29.875257492065433 ], [ -90.097984313964844, 29.874698638916009 ], [ -90.09832763671875, 29.874675750732447 ], [ -90.097801208496094, 29.86950111389163 ], [ -90.097702026367188, 29.866001129150373 ], [ -90.097198486328125, 29.864202499389627 ], [ -90.097373962402344, 29.862583160400391 ], [ -90.097724914550781, 29.862192153930618 ], [ -90.097869873046875, 29.862354278564467 ], [ -90.110397338867188, 29.861001968383803 ], [ -90.116630554199219, 29.860340118408153 ], [ -90.116302490234375, 29.855901718139648 ], [ -90.116798400878906, 29.854701995849577 ], [ -90.122627258300781, 29.854091644287092 ], [ -90.131278991699219, 29.85339164733886 ], [ -90.153533935546875, 29.844757080078125 ], [ -90.156257629394531, 29.8436794281006 ], [ -90.157020568847656, 29.843410491943345 ], [ -90.157463073730469, 29.842445373535163 ], [ -90.158622741699219, 29.842294692993143 ], [ -90.159271240234375, 29.841745376586911 ], [ -90.159591674804688, 29.840715408325213 ], [ -90.159896850585938, 29.840541839599648 ], [ -90.160774230957031, 29.840631484985369 ], [ -90.160690307617188, 29.841583251953118 ], [ -90.161094665527344, 29.842426300048821 ], [ -90.162239074707031, 29.842710494995163 ], [ -90.164421081542969, 29.841379165649421 ], [ -90.167266845703125, 29.840324401855462 ], [ -90.167861938476562, 29.840127944946289 ], [ -90.166664123535156, 29.835876464843746 ], [ -90.164955139160156, 29.832605361938477 ], [ -90.164871215820312, 29.831739425659201 ], [ -90.1654052734375, 29.830192565917994 ], [ -90.163917541503906, 29.827943801879897 ], [ -90.160636901855483, 29.817300796508803 ], [ -90.158493041992188, 29.817146301269553 ], [ -90.157386779785156, 29.816619873046911 ], [ -90.156639099121094, 29.816623687744151 ], [ -90.14886474609375, 29.817733764648452 ], [ -90.145942687988281, 29.818742752075202 ], [ -90.128532409667969, 29.818111419677692 ], [ -90.127265930175781, 29.812887191772461 ], [ -90.126884460449219, 29.812576293945334 ], [ -90.128013610839844, 29.809782028198224 ], [ -90.116043090820312, 29.807458877563487 ], [ -90.115005493164062, 29.806507110595714 ], [ -90.11376953125, 29.805587768554702 ], [ -90.102180480957031, 29.811666488647489 ], [ -90.1009521484375, 29.812768936157209 ], [ -90.100471496582031, 29.813636779785181 ], [ -90.100166320800781, 29.815240859985344 ], [ -90.100395202636719, 29.817087173461935 ], [ -90.103218078613281, 29.821020126342709 ], [ -90.104751586914062, 29.822471618652326 ], [ -90.10595703125, 29.824028015136705 ], [ -90.119796752929688, 29.842601776123011 ], [ -90.120201110839844, 29.843301773071314 ], [ -90.119400024414062, 29.845901489257805 ], [ -90.115997314453125, 29.848701477050753 ], [ -90.109397888183594, 29.852401733398413 ], [ -90.109100341796875, 29.851701736450163 ], [ -90.108589172363281, 29.846807479858374 ], [ -90.108245849609375, 29.843923568725579 ], [ -90.111648559570312, 29.843479156494094 ], [ -90.111198425292969, 29.838802337646456 ], [ -90.102775573730469, 29.824010848999041 ], [ -90.099563598632812, 29.818492889404318 ], [ -90.098579406738281, 29.817600250244158 ], [ -90.097984313964844, 29.817399978637717 ], [ -90.096878051757812, 29.809837341308576 ], [ -90.09698486328125, 29.792032241821325 ], [ -90.096237182617202, 29.791370391845739 ], [ -90.092002868652344, 29.796628952026378 ], [ -90.081962585449219, 29.809978485107436 ], [ -90.083114624023438, 29.823822021484368 ], [ -90.083274841308594, 29.826593399047844 ], [ -90.084121704101562, 29.835275650024421 ], [ -90.085548400878906, 29.84593200683593 ], [ -90.086112976074219, 29.850053787231442 ], [ -90.081466674804688, 29.850505828857454 ], [ -90.082305908203125, 29.855569839477511 ], [ -90.082138061523438, 29.856149673461914 ], [ -90.082527160644531, 29.859098434448207 ], [ -90.08414459228517, 29.868930816650369 ], [ -90.077033996582031, 29.869943618774411 ], [ -90.075828552246094, 29.869176864624031 ], [ -90.075218200683594, 29.869071960449205 ], [ -90.070091247558594, 29.869949340820359 ], [ -90.073509216308594, 29.880987167358391 ], [ -90.074180603027344, 29.883594512939457 ], [ -90.079330444335938, 29.898292541503938 ], [ -90.074905395507812, 29.899301528930717 ], [ -90.073196411132812, 29.899902343749986 ], [ -90.070304870605469, 29.901201248168938 ], [ -90.068359375, 29.902372360229496 ], [ -90.0635986328125, 29.905101776123033 ], [ -90.063400268554688, 29.905502319335938 ], [ -90.064903259277344, 29.907402038574205 ], [ -90.063201904296875, 29.908302307128878 ], [ -90.063796997070312, 29.909101486206055 ], [ -90.059906005859375, 29.911502838134712 ], [ -90.057640075683594, 29.908508300781254 ], [ -90.053596496582031, 29.902801513671857 ], [ -90.05230712890625, 29.901102066040057 ], [ -90.049102783203125, 29.896402359008789 ], [ -90.047599792480469, 29.897201538085948 ], [ -90.046501159667969, 29.895601272583004 ], [ -90.045906066894531, 29.895502090454116 ], [ -90.046600341796875, 29.885501861572248 ], [ -90.045906066894531, 29.885402679443377 ], [ -90.045906066894531, 29.884702682495082 ], [ -90.044403076171889, 29.884702682495082 ], [ -90.043426513671875, 29.876852035522482 ], [ -90.043174743652344, 29.875944137573249 ], [ -90.042343139648438, 29.876144409179688 ], [ -90.039100646972656, 29.88020133972168 ], [ -90.033706665039062, 29.88090133666995 ], [ -90.03110504150392, 29.881301879882784 ], [ -90.026702880859375, 29.882602691650408 ], [ -90.022651672363281, 29.881992340087891 ], [ -90.020103454589844, 29.880102157592791 ], [ -90.020217895507827, 29.882768630981449 ], [ -90.018501281738281, 29.906801223754865 ], [ -90.022300720214844, 29.910301208496051 ], [ -90.023002624511719, 29.911001205444361 ], [ -90.02459716796875, 29.909502029418903 ], [ -90.027397155761719, 29.908102035522429 ], [ -90.030502319335952, 29.908002853393555 ], [ -90.034507751464844, 29.909702301025412 ], [ -90.036903381347656, 29.911001205444361 ], [ -90.037506103515625, 29.910501480102528 ], [ -90.038398742675781, 29.907001495361325 ], [ -90.038307189941406, 29.899702072143533 ], [ -90.038398742675781, 29.896902084350568 ], [ -90.038505554199219, 29.893701553344755 ], [ -90.038597106933594, 29.893901824951175 ], [ -90.044105529785156, 29.897802352905305 ], [ -90.044105529785156, 29.898202896118164 ], [ -90.043876647949219, 29.900112152099634 ], [ -90.043106079101562, 29.906702041625966 ], [ -90.042945861816406, 29.91070938110354 ], [ -90.042724609375014, 29.915084838867212 ], [ -90.045501708984375, 29.915201187133757 ], [ -90.045501708984375, 29.914001464843743 ], [ -90.046600341796875, 29.914001464843743 ], [ -90.047203063964844, 29.914901733398438 ], [ -90.047500610351577, 29.915002822875973 ], [ -90.047500610351577, 29.915401458740263 ], [ -90.047996520996108, 29.915901184082042 ], [ -90.050506591796875, 29.91900253295896 ], [ -90.05230712890625, 29.921701431274414 ], [ -90.055305480957031, 29.919902801513658 ], [ -90.056999206542969, 29.91880226135255 ], [ -90.054603576660156, 29.915802001953136 ], [ -90.055397033691406, 29.915302276611321 ], [ -90.056198120117188, 29.914802551269485 ], [ -90.056907653808594, 29.914402008056655 ], [ -90.056198120117188, 29.913501739501939 ], [ -90.057304382324219, 29.912902832031257 ], [ -90.057907104492188, 29.913801193237266 ], [ -90.060302734375, 29.916902542114254 ], [ -90.059303283691406, 29.917501449584968 ], [ -90.059799194335938, 29.918102264404304 ], [ -90.067802429199219, 29.913402557373043 ], [ -90.071601867675781, 29.919101715087912 ], [ -90.072502136230469, 29.918802261352539 ], [ -90.080490112304688, 29.915964126586914 ], [ -90.083663940429688, 29.914848327636729 ], [ -90.085105895996094, 29.918401718139691 ], [ -90.088798522949219, 29.918001174926804 ], [ -90.093002319335938, 29.917701721191381 ], [ -90.097396850585938, 29.917301177978494 ], [ -90.097801208496094, 29.921102523803729 ], [ -90.101104736328125, 29.920801162719691 ], [ -90.100906372070327, 29.918701171875007 ], [ -90.107902526855469, 29.918201446533175 ], [ -90.108001708984375, 29.91650199890136 ], [ -90.107902526855469, 29.916101455688445 ], [ -90.112106323242188, 29.915802001953136 ], [ -90.112091064453125, 29.915447235107433 ], [ -90.116241455078125, 29.915395736694318 ], [ -90.11590576171875, 29.916402816772493 ], [ -90.115402221679688, 29.918401718139691 ], [ -90.114997863769531, 29.919801712036126 ], [ -90.119003295898438, 29.920501708984382 ], [ -90.121597290039062, 29.921201705932635 ], [ -90.121307373046875, 29.922101974487347 ], [ -90.120597839355469, 29.923801422119123 ], [ -90.119598388671875, 29.926502227783203 ], [ -90.117996215820312, 29.930902481079091 ], [ -90.120704650878906, 29.932802200317404 ], [ -90.121307373046875, 29.933301925659208 ], [ -90.125396728515625, 29.936101913452173 ], [ -90.126800537109375, 29.937202453613278 ], [ -90.128196716308594, 29.938301086425735 ], [ -90.126907348632812, 29.939901351928704 ], [ -90.13250732421875, 29.944301605224638 ], [ -90.130203247070312, 29.946401596069293 ], [ -90.135383605957031, 29.950513839721644 ], [ -90.137855529785156, 29.951196670532219 ], [ -90.13690185546875, 29.953102111816417 ], [ -90.136199951171875, 29.953901290893583 ], [ -90.137100219726562, 29.961702346801736 ], [ -90.137100219726562, 29.963701248168935 ], [ -90.136505126953125, 29.965101242065433 ], [ -90.133003234863281, 29.964702606201183 ], [ -90.130599975585952, 29.963901519775405 ], [ -90.128799438476562, 29.966901779174769 ], [ -90.128067016601562, 29.96813392639157 ], [ -90.130302429199219, 29.968502044677702 ], [ -90.135009765625014, 29.968610763549833 ], [ -90.145027160644531, 29.969329833984368 ], [ -90.152000427246094, 29.970001220703107 ], [ -90.152305603027344, 29.962802886962912 ], [ -90.154701232910156, 29.962902069091776 ], [ -90.15679931640625, 29.963001251220721 ], [ -90.156997680664062, 29.963001251220721 ], [ -90.158599853515625, 29.962802886962912 ], [ -90.159202575683594, 29.963102340698207 ], [ -90.161003112792983, 29.963102340698214 ], [ -90.162200927734375, 29.963201522827177 ], [ -90.162101745605469, 29.966402053832976 ], [ -90.161903381347656, 29.970001220703107 ], [ -90.161796569824219, 29.970602035522482 ], [ -90.161705017089844, 29.97500228881832 ], [ -90.160430908203125, 29.974809646606438 ], [ -90.154701232910156, 29.974401473999002 ], [ -90.151901245117202, 29.974302291870135 ], [ -90.143104553222656, 29.973501205444336 ], [ -90.139358520507812, 29.973133087158192 ], [ -90.125701904296875, 29.971902847290067 ], [ -90.124900817871094, 29.972902297973583 ], [ -90.124702453613281, 29.974002838134812 ], [ -90.124801635742188, 29.975902557373065 ], [ -90.12139892578125, 29.97500228881832 ], [ -90.119796752929688, 29.973602294921861 ], [ -90.118904113769531, 29.974601745605476 ], [ -90.117996215820312, 29.973901748657191 ], [ -90.117202758789062, 29.974601745605476 ], [ -90.116401672363281, 29.973901748657198 ], [ -90.114074707031264, 29.975990295410138 ], [ -90.11474609375, 29.976545333862322 ], [ -90.113960266113281, 29.977279663085938 ], [ -90.112129211425781, 29.977020263671861 ], [ -90.110336303710938, 29.97224235534668 ], [ -90.109596252441406, 29.973701477050803 ], [ -90.105796813964844, 29.977901458740252 ], [ -90.104103088378906, 29.976701736450224 ], [ -90.100997924804688, 29.980102539062532 ], [ -90.0968017578125, 29.977401733398459 ], [ -90.094306945800781, 29.975801467895469 ], [ -90.092704772949219, 29.974702835082976 ], [ -90.091026306152344, 29.97298049926761 ], [ -90.090202331542969, 29.975801467895469 ], [ -90.089202880859375, 29.977302551269506 ], [ -90.088401794433594, 29.978202819824208 ], [ -90.08740234375, 29.979701995849627 ], [ -90.090301513671875, 29.982402801513697 ], [ -90.089202880859375, 29.983501434326147 ], [ -90.087196350097656, 29.989002227783207 ], [ -90.086105346679688, 29.992502212524396 ], [ -90.08599853515625, 29.992902755737326 ], [ -90.085540771484375, 29.995058059692344 ], [ -90.084907531738281, 29.998102188110355 ], [ -90.084999084472656, 29.999101638793963 ], [ -90.084907531738281, 29.999702453613274 ], [ -90.083000183105469, 30.000501632690401 ], [ -90.082901000976562, 30.000701904296893 ], [ -90.083503723144531, 30.002002716064489 ], [ -90.084701538085938, 30.003601074218771 ], [ -90.08380126953125, 30.00620269775392 ], [ -90.084999084472656, 30.006502151489276 ], [ -90.084800720214844, 30.010902404785181 ], [ -90.08380126953125, 30.017902374267543 ], [ -90.082801818847656, 30.020502090454105 ], [ -90.079200744628906, 30.020702362060558 ], [ -90.077102661132812, 30.020801544189485 ], [ -90.076797485351562, 30.015502929687528 ], [ -90.076507568359375, 30.011302947998061 ], [ -90.069503784179688, 30.011701583862305 ], [ -90.069900512695327, 30.016002655029304 ], [ -90.070602416992188, 30.021102905273413 ], [ -90.070602416992188, 30.023101806640689 ], [ -90.073997497558594, 30.031002044677724 ], [ -90.075881958007827, 30.035366058349577 ], [ -90.081443786621094, 30.046646118164066 ], [ -90.075302124023438, 30.125 ], [ -90.071998596191406, 30.176393508911126 ], [ -90.068511962890625, 30.175569534301747 ], [ -90.061515808105469, 30.174943923950178 ], [ -90.049270629882812, 30.173801422119105 ], [ -90.047233581542969, 30.173603057861353 ], [ -90.040412902832031, 30.172304153442358 ], [ -90.037269592285156, 30.171361923217749 ], [ -90.031585693359375, 30.169477462768548 ], [ -90.027290344238281, 30.167312622070302 ], [ -90.0157470703125, 30.159084320068349 ], [ -90.006034851074219, 30.153282165527319 ], [ -90.0, 30.150011062622056 ], [ -89.997589111328125, 30.149358749389638 ], [ -89.996200561523438, 30.149425506591808 ], [ -89.996040344238281, 30.149440765380888 ], [ -89.993446350097656, 30.150115966796882 ], [ -89.912452697753906, 30.187589645385735 ], [ -89.901390075683594, 30.192281723022447 ], [ -89.896934509277344, 30.194128036499038 ], [ -89.888656616210938, 30.196836471557663 ], [ -89.884117126464844, 30.198009490966815 ], [ -89.878623962402344, 30.198997497558615 ], [ -89.875503540039062, 30.199129104614258 ], [ -89.873939514160156, 30.198881149291999 ], [ -89.871986389160156, 30.198097229003867 ], [ -89.870620727539062, 30.197095870971694 ], [ -89.86822509765625, 30.194364547729506 ], [ -89.865432739257812, 30.192110061645526 ], [ -89.860923767089844, 30.189926147460941 ], [ -89.85845947265625, 30.189275741577177 ], [ -89.842491149902344, 30.187086105346658 ], [ -89.833183288574219, 30.18585395812989 ], [ -89.829193115234375, 30.185068130493136 ], [ -89.826347351074219, 30.184232711791985 ], [ -89.823928833007812, 30.183221817016598 ], [ -89.8211669921875, 30.181394577026385 ], [ -89.819107055664062, 30.179534912109379 ], [ -89.818077087402344, 30.178314208984361 ], [ -89.816749572753906, 30.175926208496087 ], [ -89.815948486328125, 30.173549652099616 ], [ -89.815673828125, 30.17099571228027 ], [ -89.815696716308594, 30.168930053710948 ], [ -89.816314697265625, 30.166038513183594 ], [ -89.816261291503906, 30.164464950561513 ], [ -89.815414428710938, 30.161308288574233 ], [ -89.813117980957045, 30.157138824462869 ], [ -89.811065673828125, 30.155160903930646 ], [ -89.807830810546875, 30.152975082397425 ], [ -89.804641723632812, 30.151685714721655 ], [ -89.800483703613281, 30.150720596313487 ], [ -89.798309326171875, 30.150621414184567 ], [ -89.794822692871094, 30.150951385498033 ], [ -89.790016174316406, 30.152576446533196 ], [ -89.780303955078139, 30.157457351684577 ], [ -89.754402160644531, 30.173278808593768 ], [ -89.748367309570312, 30.176544189453121 ], [ -89.745010375976562, 30.17704582214354 ], [ -89.743820190429688, 30.176982879638661 ], [ -89.741065979003906, 30.176282882690408 ], [ -89.736953735351562, 30.174306869506843 ], [ -89.733032226562514, 30.170984268188452 ], [ -89.726104736328125, 30.164480209350565 ], [ -89.723640441894531, 30.162708282470732 ], [ -89.722427368164062, 30.162010192871115 ], [ -89.719276428222656, 30.16083526611331 ], [ -89.715621948242188, 30.160646438598604 ], [ -89.711662292480469, 30.161788940429688 ], [ -89.702278137207031, 30.165557861328121 ], [ -89.698799133300781, 30.167192459106474 ], [ -89.697563171386719, 30.168014526367223 ], [ -89.696434020996094, 30.169240951538047 ], [ -89.694061279296875, 30.172889709472692 ], [ -89.692520141601562, 30.174043655395518 ], [ -89.689224243164062, 30.175144195556648 ], [ -89.687881469726562, 30.175291061401381 ], [ -89.685234069824219, 30.175151824951186 ], [ -89.683067321777344, 30.174636840820288 ], [ -89.680076599121094, 30.173446655273416 ], [ -89.664710998535156, 30.166597366333011 ], [ -89.662879943847656, 30.165550231933615 ], [ -89.661544799804688, 30.164413452148477 ], [ -89.658721923828125, 30.161235809326175 ], [ -89.655349731445312, 30.159107208251957 ], [ -89.650382995605469, 30.157949447631857 ], [ -89.643959045410156, 30.158233642578161 ], [ -89.640449523925781, 30.158037185668913 ], [ -89.634056091308594, 30.156881332397464 ], [ -89.629074096679688, 30.15589523315429 ], [ -89.625, 30.154708862304688 ], [ -89.625, 30.15329933166506 ], [ -89.622390747070312, 30.151969909667976 ], [ -89.627464294433594, 30.145154953002944 ], [ -89.627670288085938, 30.144878387451154 ], [ -89.629058837890625, 30.143011093139648 ], [ -89.63214111328125, 30.142238616943345 ], [ -89.635696411132812, 30.141351699829134 ], [ -89.635993957519531, 30.141277313232461 ], [ -89.643569946289062, 30.134584426879918 ], [ -89.648422241210938, 30.130292892456023 ], [ -89.649452209472656, 30.128440856933601 ], [ -89.651863098144531, 30.124099731445273 ], [ -89.654205322265625, 30.119886398315415 ], [ -89.668655395507812, 30.110635757446289 ], [ -89.669029235839844, 30.110542297363271 ], [ -89.67041015625, 30.110198974609371 ], [ -89.677833557128906, 30.108343124389684 ], [ -89.677909851074219, 30.108324050903338 ], [ -89.67791748046875, 30.10825920104983 ], [ -89.682899475097656, 30.079193115234361 ], [ -89.683113098144545, 30.077924728393583 ], [ -89.68328857421875, 30.076910018920906 ], [ -89.683403015136719, 30.076238632202159 ], [ -89.690864562988281, 30.072507858276346 ], [ -89.693809509277344, 30.071035385131804 ], [ -89.695266723632812, 30.070922851562493 ], [ -89.695281982421875, 30.070920944213881 ], [ -89.701118469238281, 30.070472717285181 ], [ -89.704917907714844, 30.070180892944364 ], [ -89.708839416503906, 30.069877624511737 ], [ -89.709037780761719, 30.069795608520536 ], [ -89.723670959472656, 30.063854217529251 ], [ -89.724212646484375, 30.06363296508788 ], [ -89.726409912109375, 30.062740325927731 ], [ -89.72698974609375, 30.062505722045906 ], [ -89.727333068847656, 30.062364578247088 ], [ -89.727569580078125, 30.062026977539038 ], [ -89.727912902832031, 30.061542510986314 ], [ -89.729446411132812, 30.059373855590795 ], [ -89.729530334472656, 30.059251785278313 ], [ -89.729690551757812, 30.059024810791033 ], [ -89.729804992675781, 30.058864593505835 ], [ -89.730804443359375, 30.057449340820309 ], [ -89.730842590332031, 30.057123184204102 ], [ -89.731193542480469, 30.054327011108406 ], [ -89.731475830078125, 30.052110671997081 ], [ -89.731674194335938, 30.050512313842795 ], [ -89.731468200683594, 30.050155639648409 ], [ -89.726173400878906, 30.041109085083022 ], [ -89.720687866210938, 30.031721115112301 ], [ -89.717308044433594, 30.028762817382805 ], [ -89.716415405273438, 30.027984619140629 ], [ -89.716239929199219, 30.027830123901399 ], [ -89.716064453125, 30.027675628662092 ], [ -89.71624755859375, 30.027505874633814 ], [ -89.720085144042969, 30.023883819580043 ], [ -89.721275329589844, 30.022762298584006 ], [ -89.723655700683594, 30.022590637207074 ], [ -89.73337554931642, 30.021896362304744 ], [ -89.733406066894531, 30.021894454956076 ], [ -89.733451843261719, 30.021923065185543 ], [ -89.734161376953125, 30.022399902343768 ], [ -89.758743286132812, 30.038785934448306 ], [ -89.75933837890625, 30.039180755615277 ], [ -89.76202392578125, 30.040971755981435 ], [ -89.785728454589844, 30.045019149780238 ], [ -89.811744689941406, 30.043863296508786 ], [ -89.824081420898438, 30.036218643188462 ], [ -89.826698303222656, 30.03459930419919 ], [ -89.827163696289062, 30.034311294555671 ], [ -89.828201293945327, 30.033670425415075 ], [ -89.830642700195312, 30.032154083251982 ], [ -89.832275390625, 30.031143188476573 ], [ -89.83310699462892, 30.030069351196264 ], [ -89.850166320800781, 30.008020401000937 ], [ -89.850616455078125, 30.0074348449707 ] ] ] } },
{ "type": "Feature", "properties": { "STATENAME": "Louisiana", "ID": "022104104003", "DISTRICT": "3", "STA": "LA", "ST": "22", "LABEL": "3", "DIST_NAME": "Congressional District 3", "TYPE": "US Congressional", "TYPE_ABB": "US_Cong", "ELECT_YEAR": "1994", "STACD": "LA3" }, "geometry": { "type": "MultiPolygon", "coordinates": [ [ [ [ -88.865066528320312, 29.752714157104503 ], [ -88.889755249023438, 29.718204498291033 ], [ -88.940345764160156, 29.657234191894503 ], [ -88.944435119628906, 29.658805847167965 ], [ -88.946319580078125, 29.662578582763668 ], [ -88.941604614257812, 29.674833297729471 ], [ -88.920234680175781, 29.694318771362259 ], [ -88.911750793457031, 29.699348449707013 ], [ -88.890060424804688, 29.729202270507823 ], [ -88.873611450195312, 29.75804328918456 ], [ -88.867973327636719, 29.772272109985344 ], [ -88.867973327636719, 29.791330337524411 ], [ -88.86126708984375, 29.805826187133793 ], [ -88.84649658203125, 29.817100524902305 ], [ -88.843009948730469, 29.825960159301733 ], [ -88.836296081542969, 29.855220794677681 ], [ -88.836830139160156, 29.858978271484368 ], [ -88.843276977539062, 29.86380958557131 ], [ -88.831199645996094, 29.878839492797841 ], [ -88.828247070312514, 29.920717239379837 ], [ -88.837379455566406, 29.944877624511737 ], [ -88.838714599609375, 29.962326049804688 ], [ -88.835494995117188, 29.96769523620609 ], [ -88.835494995117188, 29.974138259887685 ], [ -88.839790344238281, 29.983802795410156 ], [ -88.840866088867188, 29.995613098144524 ], [ -88.844078063964844, 30.004203796386754 ], [ -88.849456787109375, 30.007156372070305 ], [ -88.848373413085938, 30.013330459594734 ], [ -88.857368469238281, 30.027826309204112 ], [ -88.869720458984375, 30.043798446655295 ], [ -88.881454467773438, 30.053201675415046 ], [ -88.870475769042969, 30.049211502075231 ], [ -88.855583190917969, 30.034414291381836 ], [ -88.841224670410156, 30.012788772582983 ], [ -88.833724975585938, 29.998821258544943 ], [ -88.824157714843764, 29.970460891723643 ], [ -88.8170166015625, 29.934249877929645 ], [ -88.818145751953125, 29.889108657836932 ], [ -88.8265380859375, 29.847091674804698 ], [ -88.832710266113281, 29.824062347412148 ], [ -88.844078063964844, 29.795713424682603 ], [ -88.865066528320312, 29.752714157104503 ] ] ], [ [ [ -92.04278564453125, 29.573753356933562 ], [ -92.042770385742188, 29.577920913696282 ], [ -92.040435791015625, 29.582788467407202 ], [ -92.038497924804688, 29.584833145141577 ], [ -92.036369323730469, 29.58501052856446 ], [ -92.031028747558594, 29.584245681762674 ], [ -92.029022216796875, 29.584217071533192 ], [ -92.025260925292969, 29.585172653198221 ], [ -92.023063659667969, 29.586971282958942 ], [ -92.020698547363281, 29.591501235961953 ], [ -92.019378662109375, 29.592760086059585 ], [ -92.012847900390625, 29.595823287963899 ], [ -92.0096435546875, 29.598182678222649 ], [ -92.008514404296875, 29.600128173828114 ], [ -92.008163452148452, 29.603185653686523 ], [ -92.007301330566406, 29.606159210205085 ], [ -92.006324768066406, 29.607946395873995 ], [ -92.003189086914062, 29.610149383544954 ], [ -92.000213623046875, 29.612960815429663 ], [ -91.9998779296875, 29.612800598144496 ], [ -91.99676513671875, 29.611293792724638 ], [ -91.981132507324219, 29.614135742187482 ], [ -91.957695007324219, 29.608451843261712 ], [ -91.939216613769531, 29.611293792724638 ], [ -91.927848815917969, 29.634742736816406 ], [ -91.915061950683594, 29.634742736816406 ], [ -91.901557922363281, 29.639715194702177 ], [ -91.888771057128906, 29.633319854736378 ], [ -91.839744567871094, 29.629058837890614 ], [ -91.827667236328125, 29.611293792724638 ], [ -91.811317443847656, 29.603477478027379 ], [ -91.782905578613281, 29.595661163330075 ], [ -91.770111083984375, 29.589265823364279 ], [ -91.76513671875, 29.576475143432596 ], [ -91.752342224121094, 29.574346542358388 ], [ -91.732444763183594, 29.580030441284173 ], [ -91.723213195800781, 29.566530227661151 ], [ -91.703323364257812, 29.57079124450685 ], [ -91.703323364257812, 29.565107345581055 ], [ -91.708999633789062, 29.555160522460962 ], [ -91.734580993652344, 29.537395477294918 ], [ -91.744529724121094, 29.5352668762207 ], [ -91.765846252441406, 29.516792297363263 ], [ -91.770111083984375, 29.503290176391619 ], [ -91.765846252441406, 29.491212844848633 ], [ -91.781478881835938, 29.481264114379918 ], [ -91.819137573242202, 29.474868774414098 ], [ -91.846847534179688, 29.477712631225589 ], [ -91.85040283203125, 29.489080429077138 ], [ -91.858924865722656, 29.49973869323729 ], [ -91.875274658203139, 29.502580642700188 ], [ -91.881660461425781, 29.501159667968739 ], [ -91.914344787597656, 29.51821136474609 ], [ -91.970489501953125, 29.540239334106452 ], [ -92.04278564453125, 29.573753356933562 ] ] ], [ [ [ -91.016998291015625, 30.32609939575195 ], [ -91.016304016113281, 30.327999114990288 ], [ -91.013603210449219, 30.330200195312504 ], [ -91.013534545898438, 30.330791473388683 ], [ -91.013900756835938, 30.331399917602532 ], [ -91.0146484375, 30.333183288574244 ], [ -91.014602661132812, 30.333999633789062 ], [ -91.014114379882812, 30.334613800048803 ], [ -91.012199401855469, 30.335500717163068 ], [ -91.009109497070312, 30.335960388183601 ], [ -91.008255004882812, 30.337371826171871 ], [ -91.007705688476562, 30.337699890136705 ], [ -91.003906250000014, 30.336782455444329 ], [ -91.001998901367188, 30.33599662780761 ], [ -91.0010986328125, 30.336093902587915 ], [ -90.998878479003906, 30.338233947753903 ], [ -90.998039245605469, 30.339838027954102 ], [ -90.997802734375, 30.3409824371338 ], [ -90.997108459472656, 30.341350555419918 ], [ -90.99462890625, 30.341533660888686 ], [ -90.99407958984375, 30.342243194580092 ], [ -90.992584228515625, 30.342561721801715 ], [ -90.990409851074219, 30.342611312866186 ], [ -90.988426208496094, 30.342979431152322 ], [ -90.987770080566406, 30.343667984008796 ], [ -90.98736572265625, 30.345041275024489 ], [ -90.986732482910156, 30.345453262329084 ], [ -90.98541259765625, 30.345087051391619 ], [ -90.984199523925781, 30.343828201293945 ], [ -90.983695983886719, 30.343622207641634 ], [ -90.982696533203125, 30.343822479248086 ], [ -90.981643676757812, 30.344127655029279 ], [ -90.980606079101562, 30.344127655029279 ], [ -90.978172302246094, 30.343740463256879 ], [ -90.976272583007812, 30.344083786010703 ], [ -90.975906372070312, 30.34442520141603 ], [ -90.975563049316406, 30.345848083496065 ], [ -90.974563598632812, 30.346696853637674 ], [ -90.973587036132812, 30.346742630004844 ], [ -90.970016479492202, 30.345779418945352 ], [ -90.967948913574219, 30.345573425292969 ], [ -90.966400146484375, 30.345985412597663 ], [ -90.96502685546875, 30.346673965454112 ], [ -90.96417236328125, 30.346744537353526 ], [ -90.963516235351562, 30.346513748168917 ], [ -90.962882995605469, 30.345575332641598 ], [ -90.962142944335938, 30.345161437988295 ], [ -90.960609436035156, 30.345506668090859 ], [ -90.959053039550781, 30.344911575317351 ], [ -90.956565856933594, 30.345346450805703 ], [ -90.954963684082031, 30.344911575317354 ], [ -90.953376770019531, 30.345643997192358 ], [ -90.952812194824219, 30.345643997192358 ], [ -90.950332641601562, 30.34440803527832 ], [ -90.948692321777344, 30.345096588134776 ], [ -90.948280334472656, 30.344362258911143 ], [ -90.948593139648438, 30.343467712402376 ], [ -90.948387145996094, 30.342758178710959 ], [ -90.947479248046875, 30.342552185058601 ], [ -90.946273803710938, 30.34312629699707 ], [ -90.945686340332031, 30.343170166015621 ], [ -90.945289611816406, 30.343034744262717 ], [ -90.944343566894531, 30.34147644042968 ], [ -90.943572998046875, 30.340833663940455 ], [ -90.9420166015625, 30.341039657592781 ], [ -90.9410400390625, 30.34087944030761 ], [ -90.939056396484375, 30.340032577514702 ], [ -90.935600280761719, 30.341543197631832 ], [ -90.932876586914062, 30.341360092163082 ], [ -90.931587219238295, 30.342483520507816 ], [ -90.930999755859375, 30.342643737792983 ], [ -90.930473327636719, 30.342300415039048 ], [ -90.929817199707031, 30.341085433959982 ], [ -90.929336547851562, 30.340993881225582 ], [ -90.928543090820312, 30.341428756713874 ], [ -90.927330017089844, 30.34310150146483 ], [ -90.92431640625, 30.343467712402369 ], [ -90.923637390136719, 30.343835830688494 ], [ -90.922836303710938, 30.344497680664073 ], [ -90.920753479003906, 30.345254898071261 ], [ -90.920066833496094, 30.345460891723636 ], [ -90.918769836425781, 30.345346450805703 ], [ -90.917747497558594, 30.344406127929684 ], [ -90.916893005371094, 30.343053817749073 ], [ -90.916816711425781, 30.342227935791048 ], [ -90.91729736328125, 30.341129302978512 ], [ -90.91721343994142, 30.340625762939432 ], [ -90.916549682617188, 30.340328216552734 ], [ -90.914314270019531, 30.340143203735341 ], [ -90.912353515625, 30.3404865264893 ], [ -90.910606384277344, 30.339250564575199 ], [ -90.909790039062514, 30.339591979980511 ], [ -90.908180236816406, 30.341058731079137 ], [ -90.906890869140625, 30.341585159301754 ], [ -90.906143188476562, 30.341630935668949 ], [ -90.904716491699219, 30.340438842773473 ], [ -90.904190063476562, 30.340438842773473 ], [ -90.903457641601562, 30.34107971191407 ], [ -90.9029541015625, 30.342340469360355 ], [ -90.902580261230469, 30.342592239379872 ], [ -90.900154113769531, 30.342294692993182 ], [ -90.898674011230469, 30.34337043762206 ], [ -90.89678955078125, 30.343942642211918 ], [ -90.895423889160156, 30.345384597778331 ], [ -90.894836425781264, 30.345590591430682 ], [ -90.891632080078125, 30.345052719116204 ], [ -90.890342712402344, 30.343801498413089 ], [ -90.889152526855469, 30.344167709350589 ], [ -90.886894226074219, 30.346109390258828 ], [ -90.886184692382812, 30.346235275268565 ], [ -90.885566711425781, 30.346071243286129 ], [ -90.884628295898438, 30.344743728637717 ], [ -90.883995056152344, 30.342958450317358 ], [ -90.883163452148438, 30.342454910278359 ], [ -90.882438659667969, 30.342926025390611 ], [ -90.882057189941406, 30.344490051269563 ], [ -90.881553649902344, 30.344852447509826 ], [ -90.881141662597656, 30.344921112060561 ], [ -90.879707336425781, 30.34442329406745 ], [ -90.8779296875, 30.344326019287141 ], [ -90.876991271972656, 30.343965530395526 ], [ -90.875770568847656, 30.343050003051744 ], [ -90.8753662109375, 30.343055725097642 ], [ -90.874557495117188, 30.343780517578086 ], [ -90.873992919921875, 30.34465408325191 ], [ -90.873588562011719, 30.344865798950185 ], [ -90.872550964355469, 30.344844818115259 ], [ -90.87127685546875, 30.344263076782209 ], [ -90.870895385742188, 30.343788146972642 ], [ -90.870857238769531, 30.343433380126953 ], [ -90.871627807617188, 30.342107772827163 ], [ -90.871559143066406, 30.341703414916978 ], [ -90.871231079101562, 30.341501235961907 ], [ -90.870529174804688, 30.341503143310582 ], [ -90.867042541503906, 30.342439651489233 ], [ -90.866622924804688, 30.342224121093714 ], [ -90.866142272949219, 30.340593338012685 ], [ -90.864410400390625, 30.340143203735387 ], [ -90.863357543945327, 30.340387344360366 ], [ -90.861526489257812, 30.341596603393576 ], [ -90.85906982421875, 30.34369277954103 ], [ -90.858413696289062, 30.343572616577163 ], [ -90.856742858886719, 30.340742111206055 ], [ -90.85693359375, 30.34041023254391 ], [ -90.859512329101562, 30.339622497558558 ], [ -90.859672546386719, 30.339370727539059 ], [ -90.859474182128906, 30.338821411132809 ], [ -90.857215881347656, 30.336872100830071 ], [ -90.855598449707031, 30.334550857543913 ], [ -90.855026245117188, 30.334196090698246 ], [ -90.854560852050781, 30.334196090698267 ], [ -90.853866577148438, 30.334650039672844 ], [ -90.8533935546875, 30.334596633911119 ], [ -90.851730346679688, 30.331714630126942 ], [ -90.850494384765625, 30.330038070678707 ], [ -90.848297119140625, 30.328590393066349 ], [ -90.845420837402344, 30.327753067016545 ], [ -90.842948913574219, 30.328243255615259 ], [ -90.83988189697267, 30.326604843139638 ], [ -90.836883544921875, 30.325799942016591 ], [ -90.836418151855483, 30.325002670288068 ], [ -90.836814880371094, 30.324411392211928 ], [ -90.839134216308594, 30.323520660400408 ], [ -90.839576721191406, 30.322669982910174 ], [ -90.839912414550781, 30.320974349975579 ], [ -90.839889526367188, 30.319463729858434 ], [ -90.839607238769531, 30.318809509277344 ], [ -90.838661193847656, 30.317987442016602 ], [ -90.838111877441406, 30.317867279052706 ], [ -90.835800170898438, 30.318422317504904 ], [ -90.830657958984375, 30.318431854248061 ], [ -90.829170227050781, 30.317636489868185 ], [ -90.828926086425781, 30.317232131958008 ], [ -90.828887939453125, 30.315801620483374 ], [ -90.829544067382812, 30.314720153808587 ], [ -90.829910278320312, 30.313095092773398 ], [ -90.829727172851562, 30.312343597412102 ], [ -90.82879638671875, 30.311910629272436 ], [ -90.827873229980469, 30.310426712036111 ], [ -90.825408935546875, 30.302726745605508 ], [ -90.8248291015625, 30.301807403564425 ], [ -90.82342529296875, 30.301204681396477 ], [ -90.822593688964844, 30.300413131713864 ], [ -90.82257080078125, 30.299776077270497 ], [ -90.822830200195312, 30.299549102783207 ], [ -90.824668884277344, 30.299442291259759 ], [ -90.825202941894531, 30.299182891845703 ], [ -90.825859069824219, 30.298156738281232 ], [ -90.826148986816406, 30.29636955261229 ], [ -90.825210571289062, 30.293474197387706 ], [ -90.824798583984389, 30.292924880981456 ], [ -90.823951721191406, 30.292497634887688 ], [ -90.821212768554688, 30.292211532592805 ], [ -90.818397521972656, 30.291215896606449 ], [ -90.816925048828125, 30.291225433349631 ], [ -90.813949584960938, 30.292354583740252 ], [ -90.813522338867188, 30.292226791381864 ], [ -90.813217163085938, 30.291782379150408 ], [ -90.81317138671875, 30.291225433349631 ], [ -90.813697814941406, 30.290271759033175 ], [ -90.81522369384767, 30.289146423339844 ], [ -90.816192626953139, 30.28795814514158 ], [ -90.816421508789062, 30.287471771240263 ], [ -90.816314697265625, 30.28669738769532 ], [ -90.813880920410156, 30.28297996520995 ], [ -90.812629699707031, 30.278709411621072 ], [ -90.810813903808594, 30.275505065917962 ], [ -90.808631896972656, 30.275203704833984 ], [ -90.807449340820312, 30.275642395019524 ], [ -90.805900573730469, 30.2772102355957 ], [ -90.804031372070312, 30.278078079223604 ], [ -90.798530578613281, 30.279266357421839 ], [ -90.797897338867188, 30.280050277709968 ], [ -90.797927856445312, 30.281084060668977 ], [ -90.7987060546875, 30.28312683105467 ], [ -90.798683166503906, 30.283819198608342 ], [ -90.798080444335938, 30.284532546997035 ], [ -90.796707153320312, 30.284227371215778 ], [ -90.794952392578125, 30.281717300415039 ], [ -90.79392242431642, 30.280672073364229 ], [ -90.792839050292969, 30.280275344848633 ], [ -90.789985656738281, 30.280805587768594 ], [ -90.787689208984375, 30.280794143676797 ], [ -90.784599304199219, 30.280071258544975 ], [ -90.784210205078125, 30.279506683349684 ], [ -90.785140991210938, 30.27851104736331 ], [ -90.785148620605469, 30.277631759643523 ], [ -90.784164428710938, 30.276575088500987 ], [ -90.7823486328125, 30.275609970092773 ], [ -90.782020568847656, 30.274648666381839 ], [ -90.783210754394531, 30.274276733398448 ], [ -90.7847900390625, 30.273246765136705 ], [ -90.786163330078125, 30.271709442138654 ], [ -90.788108825683594, 30.268411636352528 ], [ -90.790969848632812, 30.266235351562504 ], [ -90.791152954101562, 30.265525817871097 ], [ -90.791023254394531, 30.263715744018572 ], [ -90.790443420410156, 30.262363433837894 ], [ -90.786956787109375, 30.257982254028306 ], [ -90.78680419921875, 30.257530212402369 ], [ -90.787117004394531, 30.256681442260753 ], [ -90.783157348632812, 30.254619598388675 ], [ -90.781028747558594, 30.25438117980957 ], [ -90.779930114746094, 30.253286361694304 ], [ -90.777740478515625, 30.253030776977553 ], [ -90.776512145996094, 30.252353668212884 ], [ -90.774314880371094, 30.25178337097169 ], [ -90.773788452148438, 30.251388549804684 ], [ -90.773773193359375, 30.251113891601562 ], [ -90.773933410644545, 30.250261306762702 ], [ -90.774421691894531, 30.249435424804712 ], [ -90.775077819824219, 30.247875213623072 ], [ -90.774208068847656, 30.246913909912145 ], [ -90.772918701171875, 30.244483947753917 ], [ -90.771705627441406, 30.244003295898441 ], [ -90.770545959472656, 30.244001388549794 ], [ -90.770149230957031, 30.24304008483886 ], [ -90.770278930664062, 30.242467880249002 ], [ -90.769142150878906, 30.241367340087933 ], [ -90.76806640625, 30.24161911010745 ], [ -90.767303466796875, 30.240474700927688 ], [ -90.767646789550781, 30.239557266235327 ], [ -90.766754150390625, 30.23903083801271 ], [ -90.764610290527344, 30.239236831665039 ], [ -90.763580322265625, 30.239028930664041 ], [ -90.762611389160156, 30.239141464233445 ], [ -90.761947631835952, 30.238868713378896 ], [ -90.76025390625, 30.239004135131822 ], [ -90.759384155273438, 30.239692687988313 ], [ -90.75830078125, 30.240148544311541 ], [ -90.757698059082031, 30.240743637084989 ], [ -90.7562255859375, 30.240812301635753 ], [ -90.755218505859375, 30.240467071533235 ], [ -90.754241943359375, 30.240489959716793 ], [ -90.753768920898438, 30.240741729736325 ], [ -90.752685546875, 30.240444183349595 ], [ -90.751289367675781, 30.241083145141619 ], [ -90.750762939453125, 30.241130828857376 ], [ -90.750457763671889, 30.240924835205082 ], [ -90.748970031738281, 30.241226196289073 ], [ -90.748626708984375, 30.240676879882791 ], [ -90.748809814453125, 30.239416122436523 ], [ -90.748016357421875, 30.238773345947244 ], [ -90.747177124023438, 30.237056732177695 ], [ -90.746696472167969, 30.236965179443381 ], [ -90.745674133300781, 30.237356185913075 ], [ -90.744987487792969, 30.235912322998065 ], [ -90.744293212890625, 30.235637664794918 ], [ -90.743667602539062, 30.235042572021435 ], [ -90.743240356445312, 30.234973907470764 ], [ -90.742401123046875, 30.235868453979489 ], [ -90.741851806640639, 30.235822677612344 ], [ -90.741500854492188, 30.23520469665527 ], [ -90.741943359375, 30.231006622314432 ], [ -90.741043090820312, 30.228963851928683 ], [ -90.73825836181642, 30.226665496826186 ], [ -90.736770629882812, 30.224140167236317 ], [ -90.7359619140625, 30.22389793395994 ], [ -90.735191345214844, 30.224569320678665 ], [ -90.734588623046875, 30.224449157714812 ], [ -90.734138488769531, 30.22402191162109 ], [ -90.734565734863281, 30.22307586669919 ], [ -90.734329223632812, 30.22251129150392 ], [ -90.733436584472656, 30.222221374511694 ], [ -90.731101989746094, 30.220697402954094 ], [ -90.731010437011719, 30.219881057739272 ], [ -90.731735229492188, 30.218347549438466 ], [ -90.732124328613281, 30.216030120849595 ], [ -90.734443664550781, 30.215209960937514 ], [ -90.734870910644531, 30.21483802795413 ], [ -90.735313415527344, 30.212860107421836 ], [ -90.735153198242188, 30.212198257446264 ], [ -90.734321594238281, 30.211681365966786 ], [ -90.732589721679688, 30.211215972900405 ], [ -90.731338500976562, 30.212106704711893 ], [ -90.729270935058594, 30.212051391601637 ], [ -90.728004455566406, 30.211164474487255 ], [ -90.72686767578125, 30.211051940918018 ], [ -90.725173950195312, 30.209705352783203 ], [ -90.724800109863281, 30.20843887329104 ], [ -90.724121093750014, 30.207382202148438 ], [ -90.722541809082031, 30.206317901611353 ], [ -90.722526550292969, 30.204372406005835 ], [ -90.723014831542969, 30.203208923339869 ], [ -90.722526550292969, 30.202280044555678 ], [ -90.722381591796875, 30.200382232666016 ], [ -90.721214294433594, 30.19930267333983 ], [ -90.71942138671875, 30.198310852050774 ], [ -90.719001770019531, 30.197664260864247 ], [ -90.719161987304688, 30.196008682250973 ], [ -90.718879699707031, 30.195547103881832 ], [ -90.719329833984375, 30.193981170654286 ], [ -90.718765258789062, 30.192472457885739 ], [ -90.719345092773452, 30.189588546752972 ], [ -90.718070983886719, 30.189306259155249 ], [ -90.717582702636719, 30.188016891479482 ], [ -90.715927124023438, 30.18726539611815 ], [ -90.715690612792969, 30.1861763000488 ], [ -90.714279174804688, 30.186063766479492 ], [ -90.712303161621094, 30.1850070953369 ], [ -90.709449768066406, 30.184076309204109 ], [ -90.708396911621094, 30.184068679809574 ], [ -90.708137512207031, 30.184270858764648 ], [ -90.707916259765625, 30.186000823974606 ], [ -90.707191467285156, 30.186605453491236 ], [ -90.70526123046875, 30.186857223510746 ], [ -90.704010009765625, 30.186519622802688 ], [ -90.703178405761719, 30.185607910156243 ], [ -90.702072143554688, 30.182775497436499 ], [ -90.701957702636719, 30.181297302246065 ], [ -90.701446533203125, 30.179899215698196 ], [ -90.699806213378906, 30.17867660522462 ], [ -90.699325561523438, 30.176544189453121 ], [ -90.698951721191406, 30.176092147827191 ], [ -90.697975158691406, 30.175687789917021 ], [ -90.69537353515625, 30.175724029541023 ], [ -90.694053649902344, 30.174869537353526 ], [ -90.692375183105469, 30.175241470336925 ], [ -90.689727783203125, 30.176391601562539 ], [ -90.684883117675781, 30.18038558959967 ], [ -90.683303833007827, 30.182075500488324 ], [ -90.68218994140625, 30.184207916259759 ], [ -90.682296752929688, 30.186969757080096 ], [ -90.681869506835938, 30.188867568969762 ], [ -90.681396484375, 30.189596176147475 ], [ -90.680831909179688, 30.190048217773416 ], [ -90.6781005859375, 30.191301345825192 ], [ -90.677543640136719, 30.191795349121094 ], [ -90.67730712890625, 30.193338394165021 ], [ -90.677581787109375, 30.19433212280277 ], [ -90.677200317382812, 30.195655822753913 ], [ -90.676612854003906, 30.19618225097658 ], [ -90.675987243652344, 30.196392059326207 ], [ -90.673629760742188, 30.196805953979457 ], [ -90.673316955566406, 30.197315216064418 ], [ -90.673286437988281, 30.19841384887695 ], [ -90.673858642578139, 30.199413299560572 ], [ -90.675651550292969, 30.202030181884801 ], [ -90.678390502929688, 30.205104827880856 ], [ -90.678878784179688, 30.206493377685522 ], [ -90.678642272949219, 30.207334518432603 ], [ -90.677589416503906, 30.208690643310561 ], [ -90.674179077148438, 30.212013244628903 ], [ -90.670181274414062, 30.214721679687468 ], [ -90.668663024902344, 30.215152740478555 ], [ -90.667808532714844, 30.215103149414073 ], [ -90.666244506835938, 30.214532852172876 ], [ -90.66339111328125, 30.211803436279308 ], [ -90.6622314453125, 30.211925506591797 ], [ -90.661712646484375, 30.212871551513697 ], [ -90.661712646484375, 30.214252471923817 ], [ -90.662055969238281, 30.215171813964844 ], [ -90.663375854492188, 30.217035293579094 ], [ -90.66351318359375, 30.218774795532248 ], [ -90.660331726074219, 30.225334167480458 ], [ -90.658660888671875, 30.226594924926786 ], [ -90.654411315917969, 30.227420806884769 ], [ -90.653892517089844, 30.227703094482425 ], [ -90.649200439453125, 30.23209953308104 ], [ -90.647781372070312, 30.232498168945323 ], [ -90.646614074707031, 30.232295989990199 ], [ -90.642478942871094, 30.228551864624016 ], [ -90.637817382812514, 30.227891921997063 ], [ -90.635139465332031, 30.226860046386733 ], [ -90.634346008300781, 30.222402572631847 ], [ -90.633781433105469, 30.221612930297834 ], [ -90.632400512695312, 30.220954895019567 ], [ -90.629257202148438, 30.220232009887674 ], [ -90.617660522460938, 30.218856811523452 ], [ -90.616363525390625, 30.218051910400401 ], [ -90.613494873046875, 30.214393615722674 ], [ -90.611457824707031, 30.213817596435529 ], [ -90.609565734863295, 30.2140998840332 ], [ -90.60870361328125, 30.214468002319343 ], [ -90.604904174804688, 30.216690063476545 ], [ -90.601661682128906, 30.216989517211903 ], [ -90.599617004394531, 30.216543197631847 ], [ -90.59814453125, 30.215593338012642 ], [ -90.5963134765625, 30.213956832885746 ], [ -90.591934204101562, 30.208127975463871 ], [ -90.585617065429702, 30.201217651367173 ], [ -90.583267211914062, 30.198883056640632 ], [ -90.581390380859375, 30.197446823120128 ], [ -90.577796936035156, 30.195388793945312 ], [ -90.572227478027344, 30.193828582763686 ], [ -90.569976806640625, 30.19346618652342 ], [ -90.566749572753906, 30.192945480346708 ], [ -90.56170654296875, 30.193040847778359 ], [ -90.55682373046875, 30.19388580322266 ], [ -90.551750183105483, 30.195915222168001 ], [ -90.548446655273438, 30.197561264038132 ], [ -90.543907165527344, 30.200059890747056 ], [ -90.53936767578125, 30.203004837036161 ], [ -90.529815673828125, 30.211193084716779 ], [ -90.525253295898438, 30.216007232666044 ], [ -90.520072937011719, 30.222309112548803 ], [ -90.516563415527344, 30.227266311645504 ], [ -90.507736206054688, 30.241430282592738 ], [ -90.501358032226562, 30.251796722412092 ], [ -90.499488830566406, 30.255113601684609 ], [ -90.498359680175781, 30.256177902221634 ], [ -90.492630004882812, 30.259771347045898 ], [ -90.486946105957031, 30.262584686279279 ], [ -90.476097106933594, 30.266944885253874 ], [ -90.469329833984375, 30.269161224365231 ], [ -90.453010559082031, 30.273321151733427 ], [ -90.435829162597656, 30.27707481384277 ], [ -90.430801391601562, 30.277845382690423 ], [ -90.419685363769531, 30.279390335083004 ], [ -90.412307739257812, 30.280738830566428 ], [ -90.410400390625, 30.281377792358374 ], [ -90.403160095214844, 30.28469657897951 ], [ -90.401161193847656, 30.285358428955057 ], [ -90.40045166015625, 30.285499572753938 ], [ -90.397544860839844, 30.285856246948253 ], [ -90.390670776367188, 30.285026550292962 ], [ -90.3853759765625, 30.286453247070348 ], [ -90.383613586425781, 30.28646469116212 ], [ -90.381843566894531, 30.286069869995146 ], [ -90.376457214355469, 30.283742904663086 ], [ -90.373916625976562, 30.283075332641616 ], [ -90.372528076171875, 30.28312683105467 ], [ -90.370689392089844, 30.28383064270021 ], [ -90.368171691894531, 30.285598754882749 ], [ -90.365943908691406, 30.287778854370139 ], [ -90.362380981445312, 30.290031433105451 ], [ -90.349990844726562, 30.296480178833058 ], [ -90.348701477050781, 30.296859741211001 ], [ -90.346794128417969, 30.297014236450206 ], [ -90.340431213378906, 30.295354843139613 ], [ -90.337158203125, 30.295007705688516 ], [ -90.333473205566406, 30.294977188110373 ], [ -90.327758789062514, 30.296028137207017 ], [ -90.323394775390625, 30.298143386840845 ], [ -90.322280883789062, 30.298482894897493 ], [ -90.320457458496094, 30.298677444458004 ], [ -90.319442749023438, 30.298500061035153 ], [ -90.311660766601562, 30.295274734497085 ], [ -90.308090209960938, 30.294708251953104 ], [ -90.299758911132812, 30.294080734252923 ], [ -90.29736328125, 30.293256759643569 ], [ -90.277442932128906, 30.23035812377934 ], [ -90.278366088867188, 30.125 ], [ -90.278961181640625, 30.063320159912099 ], [ -90.279304504394531, 30.049201965332013 ], [ -90.279502868652344, 30.042367935180661 ], [ -90.279632568359375, 30.023265838623093 ], [ -90.279998779296875, 30.006301879882834 ], [ -90.280105590820312, 29.991502761840884 ], [ -90.280105590820312, 29.979101181030291 ], [ -90.279983520507812, 29.976810455322262 ], [ -90.279998779296875, 29.971902847290067 ], [ -90.279922485351562, 29.971485137939467 ], [ -90.279266357421875, 29.968120574951151 ], [ -90.277999877929688, 29.961502075195334 ], [ -90.275505065917969, 29.940601348876964 ], [ -90.275436401367188, 29.939950942993192 ], [ -90.273597717285156, 29.922542572021477 ], [ -90.271148681640625, 29.914442062377901 ], [ -90.268424987792969, 29.905633926391612 ], [ -90.267906188964844, 29.904682159423821 ], [ -90.26593017578125, 29.902708053588867 ], [ -90.265884399414062, 29.901540756225625 ], [ -90.264480590820312, 29.901023864746119 ], [ -90.2642822265625, 29.900518417358406 ], [ -90.264541625976577, 29.899379730224624 ], [ -90.264328002929688, 29.898815155029311 ], [ -90.26153564453125, 29.897666931152369 ], [ -90.260284423828125, 29.897567749023427 ], [ -90.259193420410156, 29.896991729736367 ], [ -90.256416320800781, 29.893968582153331 ], [ -90.254676818847656, 29.889772415161129 ], [ -90.253768920898438, 29.889068603515646 ], [ -90.251190185546875, 29.887786865234379 ], [ -90.248634338378906, 29.884502410888686 ], [ -90.246139526367188, 29.882341384887727 ], [ -90.243682861328125, 29.881147384643509 ], [ -90.243095397949219, 29.880500793457063 ], [ -90.243072509765625, 29.87657737731935 ], [ -90.242820739746094, 29.875099182128864 ], [ -90.242156982421875, 29.873929977417017 ], [ -90.240699768066406, 29.87258338928223 ], [ -90.240310668945312, 29.871925354003874 ], [ -90.240341186523438, 29.871282577514648 ], [ -90.241439819335938, 29.868993759155256 ], [ -90.241607666015625, 29.868074417114205 ], [ -90.240150451660156, 29.862016677856467 ], [ -90.233177185058594, 29.857833862304688 ], [ -90.231697082519531, 29.856948852539048 ], [ -90.211334228515625, 29.844772338867188 ], [ -90.182174682617188, 29.827405929565394 ], [ -90.173141479492188, 29.827274322509766 ], [ -90.172966003417983, 29.826190948486289 ], [ -90.172187805175781, 29.824447631835962 ], [ -90.170028686523438, 29.821392059326186 ], [ -90.167655944824219, 29.819185256957955 ], [ -90.167198181152344, 29.818220138549798 ], [ -90.167213439941406, 29.817165374755866 ], [ -90.167510986328125, 29.816535949707067 ], [ -90.170562744140625, 29.813896179199219 ], [ -90.17083740234375, 29.813177108764656 ], [ -90.170585632324219, 29.81129074096679 ], [ -90.169174194335938, 29.807119369506861 ], [ -90.169349670410156, 29.806123733520511 ], [ -90.169639587402344, 29.805683135986321 ], [ -90.172355651855469, 29.803922653198228 ], [ -90.201797485351562, 29.75 ], [ -90.210853576660156, 29.729923248291048 ], [ -90.157371520996094, 29.738063812255856 ], [ -90.156150817871094, 29.738403320312514 ], [ -90.151321411132812, 29.740831375122067 ], [ -90.1453857421875, 29.740385055541985 ], [ -90.141899108886719, 29.739887237548853 ], [ -90.14111328125, 29.740030288696275 ], [ -90.145477294921875, 29.75941276550294 ], [ -90.140365600585938, 29.769912719726548 ], [ -90.139915466308594, 29.771255493164087 ], [ -90.134849548339844, 29.791086196899435 ], [ -90.134109497070312, 29.7947998046875 ], [ -90.13189697265625, 29.791688919067401 ], [ -90.130577087402344, 29.79036521911619 ], [ -90.120834350585938, 29.782487869262678 ], [ -90.110832214355469, 29.773035049438448 ], [ -90.102409362792969, 29.777875900268558 ], [ -90.101371765136719, 29.778572082519492 ], [ -90.097190856933594, 29.77789306640625 ], [ -90.090728759765639, 29.777124404907259 ], [ -90.086814880371094, 29.775926589965831 ], [ -90.083808898925781, 29.774406433105433 ], [ -90.082572937011719, 29.773601531982397 ], [ -90.081146240234375, 29.771816253662095 ], [ -90.08135986328125, 29.770902633666978 ], [ -90.081298828125, 29.768217086791967 ], [ -90.07562255859375, 29.771648406982443 ], [ -90.074264526367188, 29.772592544555714 ], [ -90.07275390625, 29.773103713989247 ], [ -90.069679260253906, 29.776248931884773 ], [ -90.067398071289062, 29.778337478637681 ], [ -90.067352294921875, 29.778392791748029 ], [ -90.062759399414062, 29.782987594604524 ], [ -90.060798645019545, 29.783182144165046 ], [ -90.060089111328139, 29.783603668212901 ], [ -90.059951782226562, 29.784297943115202 ], [ -90.060134887695312, 29.784801483154276 ], [ -90.062835693359375, 29.787391662597649 ], [ -90.064857482910156, 29.790719985961871 ], [ -90.06842041015625, 29.801557540893565 ], [ -90.068534851074219, 29.801940917968732 ], [ -90.069610595703125, 29.802703857421836 ], [ -90.070442199707031, 29.803478240966776 ], [ -90.071029663085938, 29.804573059082074 ], [ -90.071907043457031, 29.807632446289077 ], [ -90.071586608886719, 29.810087203979517 ], [ -90.068939208984375, 29.818178176879886 ], [ -90.068504333496094, 29.818979263305692 ], [ -90.067016601562514, 29.824327468872077 ], [ -90.0672607421875, 29.824962615966758 ], [ -90.068321228027344, 29.825912475585977 ], [ -90.068534851074219, 29.826559066772504 ], [ -90.0687255859375, 29.828308105468768 ], [ -90.06829833984375, 29.829160690307603 ], [ -90.064453125, 29.832712173461942 ], [ -90.060905456542969, 29.834112167358384 ], [ -90.058692932128906, 29.83625602722168 ], [ -90.058074951171875, 29.836580276489254 ], [ -90.056190490722656, 29.836900711059545 ], [ -90.053909301757812, 29.837816238403288 ], [ -90.052528381347656, 29.837760925292958 ], [ -90.055679321289062, 29.846126556396506 ], [ -90.058540344238281, 29.855154037475565 ], [ -90.05999755859375, 29.860801696777305 ], [ -90.063400268554688, 29.871702194213871 ], [ -90.060600280761719, 29.872402191162074 ], [ -90.055503845214844, 29.872501373290994 ], [ -90.055488586425781, 29.868017196655277 ], [ -90.055198669433594, 29.867401123046861 ], [ -90.056259155273452, 29.867147445678683 ], [ -90.054420471191406, 29.861288070678729 ], [ -90.047508239746094, 29.863552093505831 ], [ -90.047035217285156, 29.86170768737794 ], [ -90.047111511230469, 29.860548019409162 ], [ -90.047195434570312, 29.85989189147951 ], [ -90.045524597167969, 29.860536575317422 ], [ -90.041000366210938, 29.860502243041978 ], [ -90.042106628417969, 29.868402481079084 ], [ -90.039665222167969, 29.866455078125021 ], [ -90.038482666015625, 29.866222381591804 ], [ -90.036674499511719, 29.86646652221679 ], [ -90.033958435058594, 29.867864608764641 ], [ -90.032432556152344, 29.868652343750043 ], [ -90.030792236328125, 29.868793487548835 ], [ -90.026893615722656, 29.865928649902354 ], [ -90.023872375488281, 29.865539550781254 ], [ -90.022903442382812, 29.868001937866158 ], [ -90.021202087402344, 29.870702743530291 ], [ -90.017501831054688, 29.878002166748072 ], [ -90.00830078125, 29.895301818847649 ], [ -90.00250244140625, 29.892301559448221 ], [ -90.002197265625, 29.897602081298839 ], [ -89.988998413085938, 29.889301300048817 ], [ -89.987197875976562, 29.904802322387706 ], [ -89.985504150390625, 29.904302597045849 ], [ -89.979171752929688, 29.902095794677717 ], [ -89.977668762207031, 29.901777267456069 ], [ -89.972557067871094, 29.903823852539013 ], [ -89.958778381347656, 29.902030944824208 ], [ -89.934440612792969, 29.892774581909183 ], [ -89.917518615722656, 29.866458892822259 ], [ -89.914779663085938, 29.866905212402354 ], [ -89.910964965820312, 29.868341445922834 ], [ -89.908737182617188, 29.869264602661161 ], [ -89.907211303710952, 29.870168685913107 ], [ -89.905593872070312, 29.871719360351531 ], [ -89.904083251953125, 29.873891830444332 ], [ -89.902923583984375, 29.876754760742156 ], [ -89.902297973632812, 29.880596160888647 ], [ -89.90234375, 29.882688522338892 ], [ -89.903213500976562, 29.88723945617674 ], [ -89.905670166015625, 29.893255233764688 ], [ -89.907722473144531, 29.896951675415032 ], [ -89.910202026367202, 29.900499343872042 ], [ -89.912071228027344, 29.903139114379851 ], [ -89.916709899902344, 29.910163879394521 ], [ -89.920951843261719, 29.915527343749975 ], [ -89.924293518066406, 29.918615341186506 ], [ -89.926834106445327, 29.920417785644542 ], [ -89.9287109375, 29.921585083007855 ], [ -89.932121276855469, 29.923013687133842 ], [ -89.936546325683594, 29.924123764038107 ], [ -89.93865966796875, 29.924314498901349 ], [ -89.943290710449219, 29.924253463745139 ], [ -89.951347351074219, 29.923889160156303 ], [ -89.954154968261719, 29.923849105834954 ], [ -89.957084655761719, 29.923805236816388 ], [ -89.96063232421875, 29.92364883422854 ], [ -89.961601257324219, 29.923601150512695 ], [ -89.969703674316406, 29.924501419067361 ], [ -89.971939086914062, 29.925256729125977 ], [ -89.977615356445312, 29.927173614501974 ], [ -89.978775024414062, 29.927568435668899 ], [ -89.980033874511719, 29.92799186706543 ], [ -89.983963012695312, 29.929317474365252 ], [ -89.984504699707031, 29.929502487182607 ], [ -89.987289428710938, 29.930858612060533 ], [ -89.989265441894531, 29.931821823120124 ], [ -89.992034912109375, 29.933170318603516 ], [ -89.993240356445312, 29.933893203735348 ], [ -89.998748779296875, 29.937311172485366 ], [ -90.001998901367188, 29.939502716064506 ], [ -90.005409240722656, 29.941589355468732 ], [ -90.005653381347656, 29.941741943359396 ], [ -90.008201599121094, 29.943302154540994 ], [ -90.010467529296875, 29.944715499877912 ], [ -90.012199401855469, 29.945802688598643 ], [ -90.006401062011719, 29.957902908325185 ], [ -90.006301879882812, 29.958101272582972 ], [ -90.003997802734375, 29.96260261535646 ], [ -90.001548767089844, 29.967794418334933 ], [ -89.999900817871094, 29.971302032470685 ], [ -89.998756408691406, 29.973337173461914 ], [ -89.998504638671875, 29.973802566528359 ], [ -89.996192932128906, 29.972824096679659 ], [ -89.995643615722656, 29.972679138183562 ], [ -89.992347717285156, 29.979980468750025 ], [ -89.992347717285156, 29.982013702392564 ], [ -89.991462707519531, 29.983331680297887 ], [ -89.991203308105469, 29.985267639160188 ], [ -89.990287780761733, 29.987291336059549 ], [ -89.987625122070312, 29.988691329956087 ], [ -89.987327575683594, 29.988290786743157 ], [ -89.983749389648438, 29.986492156982404 ], [ -89.982475280761719, 29.986297607421861 ], [ -89.981239318847656, 29.986463546752979 ], [ -89.979759216308594, 29.987293243408214 ], [ -89.9788818359375, 29.98927688598631 ], [ -89.976799011230469, 29.990745544433572 ], [ -89.97393798828125, 29.993631362915078 ], [ -89.973159790039077, 29.993967056274411 ], [ -89.971633911132812, 29.993761062622077 ], [ -89.971038818359375, 29.993246078491218 ], [ -89.971168518066406, 29.992017745971676 ], [ -89.970390319824219, 29.990983963012702 ], [ -89.968040466308594, 29.990016937255838 ], [ -89.966278076171875, 29.988916397094727 ], [ -89.965026855468764, 29.989023208618182 ], [ -89.964485168457031, 29.988824844360341 ], [ -89.963722229003906, 29.98841094970706 ], [ -89.962982177734389, 29.987621307373022 ], [ -89.960212707519531, 29.985296249389627 ], [ -89.959419250488281, 29.9850883483887 ], [ -89.957832336425781, 29.985687255859332 ], [ -89.957305908203125, 29.986225128173867 ], [ -89.956245422363281, 29.986162185668952 ], [ -89.955818176269545, 29.985641479492188 ], [ -89.955291748046875, 29.982715606689478 ], [ -89.954734802246094, 29.981666564941392 ], [ -89.953193664550781, 29.980596542358363 ], [ -89.950637817382812, 29.980928421020497 ], [ -89.948799133300781, 29.980644226074222 ], [ -89.945541381835938, 29.981603622436513 ], [ -89.943183898925781, 29.980941772460952 ], [ -89.94189453125, 29.980266571044901 ], [ -89.941169738769531, 29.980598449707045 ], [ -89.940521240234375, 29.980251312255874 ], [ -89.939453125, 29.980367660522443 ], [ -89.938888549804688, 29.981153488159183 ], [ -89.939468383789062, 29.983259201049812 ], [ -89.938880920410156, 29.984256744384773 ], [ -89.937789916992188, 29.984615325927706 ], [ -89.936431884765625, 29.984718322753935 ], [ -89.934951782226562, 29.986375808715831 ], [ -89.931747436523438, 29.987470626831058 ], [ -89.929634094238281, 29.98783683776854 ], [ -89.928596496582031, 29.987731933593771 ], [ -89.9273681640625, 29.988655090332031 ], [ -89.92612457275392, 29.990604400634755 ], [ -89.924613952636719, 29.991785049438466 ], [ -89.922706604003906, 29.991641998290994 ], [ -89.92059326171875, 29.993503570556609 ], [ -89.919067382812514, 29.993675231933619 ], [ -89.917915344238281, 29.99336051940918 ], [ -89.916969299316406, 29.9934597015381 ], [ -89.916267395019531, 29.993967056274435 ], [ -89.915687561035156, 29.994470596313509 ], [ -89.914627075195312, 29.99461364746092 ], [ -89.914176940917969, 29.995349884033239 ], [ -89.913177490234375, 29.998149871826151 ], [ -89.912002563476562, 29.999765396118161 ], [ -89.911155700683594, 30.000270843505827 ], [ -89.909767150878906, 30.000242233276371 ], [ -89.908737182617188, 30.00063133239744 ], [ -89.9068603515625, 30.001785278320298 ], [ -89.905380249023438, 30.002319335937539 ], [ -89.904769897460938, 30.002492904663047 ], [ -89.90350341796875, 30.002334594726541 ], [ -89.898185729980469, 30.000778198242202 ], [ -89.897033691406264, 30.000875473022472 ], [ -89.895271301269531, 30.002262115478523 ], [ -89.894416809082031, 30.002334594726541 ], [ -89.893089294433594, 30.001352310180671 ], [ -89.892227172851562, 30.00123786926271 ], [ -89.88946533203125, 29.999879837036147 ], [ -89.888595581054688, 29.997787475585955 ], [ -89.887962341308594, 29.997154235839812 ], [ -89.884895324707031, 29.996143341064418 ], [ -89.88421630859375, 29.99263763427734 ], [ -89.884773254394531, 29.991569519042994 ], [ -89.884757995605469, 29.990518569946307 ], [ -89.883277893066406, 29.988683700561538 ], [ -89.882026672363281, 29.986520767211879 ], [ -89.88043212890625, 29.98526573181152 ], [ -89.879631042480469, 29.985248565673832 ], [ -89.879348754882812, 29.985242843627919 ], [ -89.878593444824233, 29.985864639282248 ], [ -89.875961303710938, 29.986787796020515 ], [ -89.874267578125, 29.988304138183629 ], [ -89.871742248535156, 29.992906570434556 ], [ -89.870712280273438, 29.99345207214354 ], [ -89.869659423828125, 29.99347114562989 ], [ -89.868568420410156, 29.99304962158201 ], [ -89.867813110351577, 29.992273330688487 ], [ -89.866439819335938, 29.989406585693374 ], [ -89.865524291992188, 29.988605499267567 ], [ -89.864143371582031, 29.98806953430174 ], [ -89.862991333007812, 29.988147735595696 ], [ -89.862037658691406, 29.98848342895506 ], [ -89.859268188476562, 29.990438461303732 ], [ -89.858909606933594, 29.991315841674805 ], [ -89.859321594238281, 29.993009567260778 ], [ -89.864303588867188, 29.996807098388665 ], [ -89.864425659179688, 29.99814033508304 ], [ -89.86411285400392, 29.998542785644545 ], [ -89.862075805664062, 29.999456405639645 ], [ -89.8603515625, 30.000759124755866 ], [ -89.859176635742188, 30.001857757568342 ], [ -89.857498168945312, 30.00423812866212 ], [ -89.85467529296875, 30.007007598876953 ], [ -89.853858947753906, 30.007196426391594 ], [ -89.85321044921875, 30.006603240966808 ], [ -89.852325439453125, 30.006805419921839 ], [ -89.852127075195327, 30.007326126098647 ], [ -89.851524353027344, 30.006843566894531 ], [ -89.850616455078125, 30.0074348449707 ], [ -89.851058959960938, 30.006864547729482 ], [ -89.853080749511719, 29.991832733154283 ], [ -89.851631164550781, 29.975355148315483 ], [ -89.8409423828125, 29.950496673583991 ], [ -89.832847595214844, 29.942113876342795 ], [ -89.817817687988281, 29.933441162109414 ], [ -89.805099487304688, 29.931995391845721 ], [ -89.773292541503906, 29.937778472900384 ], [ -89.747291564941406, 29.945869445800739 ], [ -89.730804443359375, 29.957721710205121 ], [ -89.727333068847656, 29.95772171020511 ], [ -89.717796325683594, 29.951942443847621 ], [ -89.712600708007812, 29.945869445800739 ], [ -89.742080688476562, 29.933441162109414 ], [ -89.744392395019545, 29.930839538574215 ], [ -89.744392395019545, 29.912918090820334 ], [ -89.739479064941406, 29.904823303222624 ], [ -89.729942321777344, 29.899332046508821 ], [ -89.712013244628906, 29.87851905822755 ], [ -89.688308715820312, 29.868112564086914 ], [ -89.671554565429688, 29.867534637451211 ], [ -89.660568237304688, 29.862909317016566 ], [ -89.638015747070312, 29.8640651702881 ], [ -89.6131591796875, 29.872159957885749 ], [ -89.598129272460938, 29.881408691406286 ], [ -89.591194152832031, 29.897018432617198 ], [ -89.59234619140625, 29.917253494262674 ], [ -89.583099365234375, 29.931705474853501 ], [ -89.583099365234375, 29.945581436157234 ], [ -89.574996948242188, 29.959455490112315 ], [ -89.574424743652344, 29.983737945556634 ], [ -89.581359863281264, 29.994722366333036 ], [ -89.571533203125, 29.999925613403303 ], [ -89.551292419433594, 30.005708694457979 ], [ -89.5015869140625, 30.034036636352514 ], [ -89.494064331054688, 30.040971755981435 ], [ -89.494636535644531, 30.050800323486332 ], [ -89.499275207519531, 30.058893203735334 ], [ -89.493484497070327, 30.072191238403327 ], [ -89.481925964355469, 30.079128265380831 ], [ -89.458946228027344, 30.063449859619155 ], [ -89.444618225097656, 30.060958862304691 ], [ -89.429046630859375, 30.052240371704166 ], [ -89.418464660644531, 30.049747467041072 ], [ -89.37237548828125, 30.054729461669972 ], [ -89.368637084960938, 30.047256469726552 ], [ -89.37237548828125, 30.036670684814442 ], [ -89.381095886230469, 30.030441284179684 ], [ -89.3935546875, 30.029817581176754 ], [ -89.415969848632812, 30.020477294921907 ], [ -89.422813415527344, 30.015495300292987 ], [ -89.432785034179702, 30.008022308349638 ], [ -89.43341064453125, 29.991205215454073 ], [ -89.432785034179702, 29.978752136230455 ], [ -89.405380249023438, 29.965671539306644 ], [ -89.3935546875, 29.966295242309585 ], [ -89.379226684570312, 29.963804244995142 ], [ -89.37860107421875, 29.919588088989283 ], [ -89.36801910400392, 29.911491394042972 ], [ -89.331893920898438, 29.915849685668935 ], [ -89.315452575683594, 29.923208236694375 ], [ -89.283561706542969, 29.973320007324187 ], [ -89.2733154296875, 29.993820190429716 ], [ -89.263633728027344, 29.994390487670891 ], [ -89.250534057617188, 30.002361297607397 ], [ -89.243705749511719, 29.99723625183103 ], [ -89.249969482421875, 29.975597381591786 ], [ -89.218070983886719, 29.972749710083015 ], [ -89.223770141601577, 29.961929321289031 ], [ -89.231178283691406, 29.925483703613288 ], [ -89.244842529296875, 29.930040359497067 ], [ -89.2630615234375, 29.929471969604496 ], [ -89.280143737792983, 29.924915313720689 ], [ -89.318305969238281, 29.898149490356445 ], [ -89.322288513183594, 29.887332916259787 ], [ -89.31146240234375, 29.881635665893569 ], [ -89.289253234863281, 29.88049888610842 ], [ -89.272178649902344, 29.886762619018523 ], [ -89.241424560546875, 29.889610290527354 ], [ -89.236297607421875, 29.886762619018523 ], [ -89.236297607421875, 29.877080917358384 ], [ -89.2545166015625, 29.864551544189457 ], [ -89.2698974609375, 29.859996795654286 ], [ -89.294952392578125, 29.857149124145533 ], [ -89.317726135253906, 29.850885391235384 ], [ -89.363288879394531, 29.845760345459002 ], [ -89.3837890625, 29.838928222656275 ], [ -89.383216857910156, 29.830385208129904 ], [ -89.372970581054688, 29.825260162353519 ], [ -89.345634460449219, 29.820135116577173 ], [ -89.342781066894531, 29.798496246337876 ], [ -89.33197021484375, 29.790523529052766 ], [ -89.318305969238281, 29.788814544677741 ], [ -89.293251037597656, 29.803052902221697 ], [ -89.277297973632812, 29.807607650756843 ], [ -89.277297973632812, 29.79963493347168 ], [ -89.284133911132812, 29.795648574829119 ], [ -89.28470611572267, 29.788246154785146 ], [ -89.282424926757827, 29.784259796142599 ], [ -89.28470611572267, 29.770021438598629 ], [ -89.269325256347656, 29.760911941528299 ], [ -89.271034240722656, 29.756355285644499 ], [ -89.2869873046875, 29.758064270019517 ], [ -89.305198669433594, 29.756925582885739 ], [ -89.316024780273438, 29.760911941528299 ], [ -89.32513427734375, 29.772300720214819 ], [ -89.337661743164062, 29.779134750366236 ], [ -89.354179382324219, 29.781412124633796 ], [ -89.367271423339844, 29.775148391723665 ], [ -89.386062622070312, 29.788814544677741 ], [ -89.394607543945312, 29.784828186035202 ], [ -89.399162292480469, 29.770591735839869 ], [ -89.414535522460938, 29.752370834350568 ], [ -89.428207397460938, 29.741550445556602 ], [ -89.424209594726562, 29.697637557983409 ], [ -89.4481201171875, 29.703315734863285 ], [ -89.471992492675781, 29.718597412109343 ], [ -89.486961364746094, 29.725919723510746 ], [ -89.506065368652344, 29.73165130615233 ], [ -89.530258178710938, 29.743749618530316 ], [ -89.540130615234375, 29.743749618530316 ], [ -89.5601806640625, 29.735471725463864 ], [ -89.572921752929688, 29.746616363525387 ], [ -89.598068237304688, 29.747570037841772 ], [ -89.609535217285156, 29.741840362548853 ], [ -89.614311218261719, 29.742794036865192 ], [ -89.616539001464858, 29.747888565063484 ], [ -89.625137329101562, 29.752027511596705 ], [ -89.634048461914062, 29.752981185913082 ], [ -89.651237487792969, 29.749479293823249 ], [ -89.64837646484375, 29.73165130615233 ], [ -89.649650573730469, 29.719871520996112 ], [ -89.644561767578125, 29.710956573486328 ], [ -89.618446350097656, 29.700767517089844 ], [ -89.599029541015625, 29.704908370971655 ], [ -89.592979431152344, 29.702041625976545 ], [ -89.599662780761719, 29.690261840820327 ], [ -89.5968017578125, 29.684211730957013 ], [ -89.573883056640625, 29.674024581909173 ], [ -89.557319641113281, 29.670204162597649 ], [ -89.533760070800781, 29.670204162597681 ], [ -89.4879150390625, 29.630405426025384 ], [ -89.485366821289062, 29.624357223510735 ], [ -89.486930847167969, 29.620447158813469 ], [ -89.50473785400392, 29.631507873535195 ], [ -89.523017883300781, 29.639427185058615 ], [ -89.535202026367188, 29.648567199707038 ], [ -89.583335876464844, 29.652833938598672 ], [ -89.608924865722656, 29.65770721435544 ], [ -89.621109008789062, 29.657100677490256 ], [ -89.623550415039062, 29.662584304809585 ], [ -89.632698059082045, 29.671724319457994 ], [ -89.644271850585938, 29.675380706787074 ], [ -89.649749755859375, 29.672941207885728 ], [ -89.641227722167969, 29.647960662841825 ], [ -89.641227722167969, 29.635772705078089 ], [ -89.647323608398438, 29.625413894653335 ], [ -89.657676696777344, 29.624195098876967 ], [ -89.674736022949219, 29.626632690429677 ], [ -89.684486389160156, 29.624803543090842 ], [ -89.688140869140625, 29.615055084228466 ], [ -89.684486389160156, 29.602867126464837 ], [ -89.67108154296875, 29.588243484497092 ], [ -89.668647766113281, 29.580322265624989 ], [ -89.684486389160156, 29.56326293945315 ], [ -89.684486389160156, 29.551073074340842 ], [ -89.676567077636719, 29.541326522827156 ], [ -89.657676696777344, 29.533403396606445 ], [ -89.652801513671875, 29.521217346191424 ], [ -89.640007019042969, 29.509029388427738 ], [ -89.615020751953125, 29.494405746459918 ], [ -89.601615905761719, 29.491970062255824 ], [ -89.568107604980469, 29.494405746459918 ], [ -89.562614440917969, 29.470033645629869 ], [ -89.554695129394531, 29.460893630981413 ], [ -89.543121337890625, 29.456018447875927 ], [ -89.519363403320312, 29.459066390991175 ], [ -89.518135070800781, 29.456018447875927 ], [ -89.528495788574219, 29.441394805908192 ], [ -89.530937194824219, 29.432254791259744 ], [ -89.527885437011719, 29.421895980834901 ], [ -89.517524719238281, 29.41519355773929 ], [ -89.518135070800781, 29.394475936889645 ], [ -89.508003234863281, 29.385568618774418 ], [ -89.471206665039062, 29.40192031860353 ], [ -89.455535888671875, 29.393064498901374 ], [ -89.425559997558594, 29.393064498901374 ], [ -89.417381286621094, 29.388975143432656 ], [ -89.403068542480469, 29.391700744628867 ], [ -89.392852783203125, 29.388975143432656 ], [ -89.381271362304688, 29.393064498901374 ], [ -89.371726989746094, 29.386249542236381 ], [ -89.351974487304688, 29.38352394104005 ], [ -89.334938049316406, 29.3842067718506 ], [ -89.329490661621094, 29.377391815185554 ], [ -89.343109130859375, 29.368534088134766 ], [ -89.346519470214844, 29.360357284545888 ], [ -89.342430114746094, 29.348094940185522 ], [ -89.319267272949219, 29.347412109374982 ], [ -89.299514770507812, 29.360357284545888 ], [ -89.274299621582031, 29.352863311767535 ], [ -89.260673522949219, 29.337192535400355 ], [ -89.257942199707031, 29.32288360595706 ], [ -89.252494812011733, 29.31470870971679 ], [ -89.240234375, 29.311981201171832 ], [ -89.227966308593764, 29.314025878906278 ], [ -89.221832275390625, 29.32288360595706 ], [ -89.209564208984375, 29.331060409545913 ], [ -89.19866943359375, 29.34809494018554 ], [ -89.191177368164062, 29.347412109374982 ], [ -89.180953979492188, 29.341962814331051 ], [ -89.175506591796875, 29.331741333007823 ], [ -89.175506591796875, 29.32288360595706 ], [ -89.167327880859375, 29.315389633178764 ], [ -89.167327880859375, 29.303806304931616 ], [ -89.155067443847656, 29.295629501342773 ], [ -89.144157409667983, 29.293586730957021 ], [ -89.138710021972656, 29.289497375488271 ], [ -89.133262634277344, 29.282003402709982 ], [ -89.133941650390625, 29.273145675659126 ], [ -89.114860534667969, 29.253385543823256 ], [ -89.117591857910156, 29.243165969848622 ], [ -89.112136840820312, 29.23431015014647 ], [ -89.106689453125, 29.231584548950163 ], [ -89.105331420898438, 29.209779739379869 ], [ -89.084197998046875, 29.196153640747081 ], [ -89.065811157226562, 29.200923919677763 ], [ -89.030372619628906, 29.22136306762695 ], [ -89.020843505859389, 29.217275619506864 ], [ -89.022201538085938, 29.207056045532212 ], [ -89.01947021484375, 29.198879241943388 ], [ -89.011299133300781, 29.195472717285149 ], [ -89.003120422363281, 29.187978744506822 ], [ -89.000396728515625, 29.178438186645494 ], [ -89.010993957519531, 29.1627197265625 ], [ -89.021560668945312, 29.154594421386705 ], [ -89.024002075195312, 29.14240455627445 ], [ -89.021560668945312, 29.134277343749989 ], [ -89.0443115234375, 29.116399765014663 ], [ -89.051620483398438, 29.102584838867198 ], [ -89.058944702148438, 29.067640304565405 ], [ -89.096328735351562, 29.067640304565405 ], [ -89.109329223632812, 29.072515487670895 ], [ -89.122329711914062, 29.068452835083026 ], [ -89.144271850585938, 29.048135757446264 ], [ -89.154830932617188, 29.022129058837862 ], [ -89.14996337890625, 29.005878448486332 ], [ -89.154022216796875, 28.999376296997045 ], [ -89.184089660644531, 29.01644134521483 ], [ -89.209289550781264, 29.039196014404322 ], [ -89.2198486328125, 29.052198410034134 ], [ -89.254791259765625, 29.057888031005866 ], [ -89.28973388671875, 29.051385879516623 ], [ -89.306800842285156, 29.042446136474613 ], [ -89.316551208496108, 29.032693862915018 ], [ -89.365310668945312, 28.974184036254911 ], [ -89.371002197265625, 28.961179733276353 ], [ -89.383193969726562, 28.947366714477511 ], [ -89.411636352539062, 28.922985076904329 ], [ -89.419761657714844, 28.926235198974592 ], [ -89.414886474609375, 28.953865051269528 ], [ -89.404319763183594, 28.974996566772404 ], [ -89.381568908691406, 28.983121871948242 ], [ -89.353126525878906, 29.021318435668974 ], [ -89.343376159667969, 29.044071197509734 ], [ -89.345001220703125, 29.051385879516623 ], [ -89.353126525878906, 29.057073593139634 ], [ -89.359626770019531, 29.076578140258796 ], [ -89.379127502441406, 29.083080291748065 ], [ -89.403511047363281, 29.085517883300756 ], [ -89.410011291503906, 29.096895217895522 ], [ -89.410011291503906, 29.131839752197273 ], [ -89.426261901855469, 29.14240455627445 ], [ -89.43601226806642, 29.154594421386705 ], [ -89.446586608886719, 29.17490959167479 ], [ -89.466896057128906, 29.199289321899425 ], [ -89.483154296875, 29.213106155395476 ], [ -89.49615478515625, 29.220420837402362 ], [ -89.544914245605469, 29.235860824584957 ], [ -89.604743957519531, 29.251024246215806 ], [ -89.662750244140625, 29.282182693481445 ], [ -89.68994140625, 29.292844772338842 ], [ -89.721366882324219, 29.301536560058601 ], [ -89.782882690429688, 29.309560775756832 ], [ -89.820999145507812, 29.310228347778306 ], [ -89.847190856933594, 29.313724517822255 ], [ -89.846710205078125, 29.320867538452184 ], [ -89.842422485351562, 29.327058792114251 ], [ -89.839096069335938, 29.350391387939442 ], [ -89.820999145507812, 29.374679565429663 ], [ -89.823379516601562, 29.382776260376016 ], [ -89.829093933105469, 29.390869140624979 ], [ -89.834808349609375, 29.39277648925782 ], [ -89.838615417480483, 29.403728485107472 ], [ -89.847663879394531, 29.415157318115238 ], [ -89.852432250976562, 29.43135070800783 ], [ -89.841949462890625, 29.44087409973146 ], [ -89.837661743164062, 29.454208374023381 ], [ -89.836715698242188, 29.468017578125036 ], [ -89.8433837890625, 29.47563743591305 ], [ -89.857666015625, 29.472780227661151 ], [ -89.872901916503906, 29.472780227661158 ], [ -89.885757446289062, 29.466590881347656 ], [ -89.919097900390625, 29.456111907958974 ], [ -89.935768127441406, 29.458969116210916 ], [ -89.95147705078125, 29.457542419433569 ], [ -89.96624755859375, 29.46134948730473 ], [ -89.988471984863281, 29.458379745483381 ], [ -90.002662658691406, 29.455764770507848 ], [ -90.044509887695327, 29.433719635009783 ], [ -90.051986694335938, 29.421392440795881 ], [ -90.057586669921875, 29.404951095581051 ], [ -90.054977416992188, 29.388885498046839 ], [ -90.050491333007827, 29.382909774780284 ], [ -90.035171508789077, 29.383281707763683 ], [ -90.033302307128906, 29.376932144165039 ], [ -90.041519165039077, 29.367963790893569 ], [ -90.038536071777344, 29.350404739379872 ], [ -90.040779113769531, 29.342931747436513 ], [ -90.055343627929688, 29.336208343505835 ], [ -90.050491333007827, 29.317899703979496 ], [ -90.045631408691406, 29.311174392700156 ], [ -90.034049987792969, 29.304075241088867 ], [ -90.013870239257827, 29.301088333129847 ], [ -90.012382507324219, 29.295110702514638 ], [ -90.022842407226577, 29.282779693603516 ], [ -90.032928466796875, 29.280912399291978 ], [ -90.040023803710938, 29.285396575927734 ], [ -90.047874450683594, 29.28240585327146 ], [ -90.048248291015625, 29.288383483886712 ], [ -90.055343627929688, 29.291746139526385 ], [ -90.078132629394531, 29.293613433837876 ], [ -90.087478637695312, 29.30295562744142 ], [ -90.090461730957031, 29.314537048339805 ], [ -90.098312377929688, 29.320142745971687 ], [ -90.107276916503906, 29.318273544311502 ], [ -90.11138916015625, 29.307065963745117 ], [ -90.1207275390625, 29.298097610473647 ], [ -90.118865966796875, 29.2861423492431 ], [ -90.110641479492188, 29.280912399291978 ], [ -90.091583251953125, 29.236078262329112 ], [ -90.075523376464844, 29.226364135742163 ], [ -90.072906494140625, 29.210298538208008 ], [ -90.063934326171875, 29.208055496215838 ], [ -90.056838989257827, 29.210298538208008 ], [ -90.044891357421875, 29.225244522094705 ], [ -90.017608642578125, 29.234209060668956 ], [ -89.989593505859375, 29.26073646545408 ], [ -89.957832336425781, 29.266340255737333 ], [ -89.949615478515625, 29.262603759765668 ], [ -89.956336975097656, 29.253263473510767 ], [ -90.014251708984375, 29.220386505126974 ], [ -90.029190063476577, 29.209926605224616 ], [ -90.051742553710938, 29.187530517578153 ], [ -90.079200744628906, 29.169742584228509 ], [ -90.103324890136719, 29.150392532348601 ], [ -90.172096252441406, 29.105690002441435 ], [ -90.223678588867188, 29.084486007690437 ], [ -90.23284912109375, 29.086778640747134 ], [ -90.246597290039077, 29.084486007690437 ], [ -90.304481506347656, 29.066719055175763 ], [ -90.350326538085938, 29.055257797241193 ], [ -90.348609924316406, 29.06385421752929 ], [ -90.325111389160156, 29.077610015869155 ], [ -90.315940856933594, 29.074743270874052 ], [ -90.3050537109375, 29.074743270874052 ], [ -90.295890808105469, 29.077035903930653 ], [ -90.278694152832031, 29.090789794921921 ], [ -90.259780883789062, 29.092510223388668 ], [ -90.242591857910156, 29.119445800781257 ], [ -90.244880676269531, 29.13090515136718 ], [ -90.271240234375, 29.14695358276369 ], [ -90.2769775390625, 29.160133361816424 ], [ -90.284423828125014, 29.179046630859361 ], [ -90.286140441894531, 29.192802429199261 ], [ -90.275825500488281, 29.206556320190433 ], [ -90.280982971191406, 29.219163894653327 ], [ -90.294746398925781, 29.236356735229467 ], [ -90.299331665039062, 29.254695892333988 ], [ -90.337722778320312, 29.291946411132798 ], [ -90.345176696777344, 29.295957565307617 ], [ -90.356063842773438, 29.291374206542969 ], [ -90.40277099609375, 29.212285995483423 ], [ -90.411933898925781, 29.2028293609619 ], [ -90.424545288085938, 29.199678421020501 ], [ -90.433708190917983, 29.201684951782223 ], [ -90.443740844726562, 29.208848953247049 ], [ -90.452056884765625, 29.220310211181605 ], [ -90.457786560058594, 29.246671676635732 ], [ -90.456642150878906, 29.264724731445305 ], [ -90.462081909179688, 29.26930999755853 ], [ -90.487586975097656, 29.279912948608366 ], [ -90.498474121093764, 29.286788940429705 ], [ -90.515953063964844, 29.283349990844723 ], [ -90.525405883789062, 29.27647399902343 ], [ -90.543464660644531, 29.279052734375043 ], [ -90.552635192871094, 29.277046203613306 ], [ -90.5838623046875, 29.259565353393576 ], [ -90.587303161621094, 29.252975463867184 ], [ -90.587303161621094, 29.245811462402362 ], [ -90.581001281738281, 29.242660522460941 ], [ -90.570976257324219, 29.243520736694325 ], [ -90.562660217285156, 29.241228103637695 ], [ -90.55149078369142, 29.232057571411143 ], [ -90.55291748046875, 29.228620529174787 ], [ -90.562660217285156, 29.226327896118157 ], [ -90.562660217285156, 29.218589782714872 ], [ -90.547760009765625, 29.201112747192397 ], [ -90.552055358886719, 29.198818206787127 ], [ -90.558937072753906, 29.203403472900391 ], [ -90.576416015625, 29.206556320190465 ], [ -90.606216430664062, 29.202257156372049 ], [ -90.624275207519531, 29.209421157836907 ], [ -90.63372802734375, 29.207988739013665 ], [ -90.638313293457031, 29.197671890258817 ], [ -90.639167785644531, 29.171310424804673 ], [ -90.646903991699219, 29.128042221069379 ], [ -90.657791137695312, 29.128042221069379 ], [ -90.671554565429688, 29.122024536132809 ], [ -90.688453674316406, 29.122024536132837 ], [ -90.708229064941406, 29.110561370849624 ], [ -90.723831176757812, 29.11995124816896 ], [ -90.731292724609375, 29.121372222900366 ], [ -90.7384033203125, 29.11817550659179 ], [ -90.741241455078125, 29.112489700317361 ], [ -90.745155334472656, 29.111423492431669 ], [ -90.7540283203125, 29.114267349243153 ], [ -90.761848449707031, 29.111780166625969 ], [ -90.767890930175781, 29.107872009277358 ], [ -90.768600463867188, 29.100055694580089 ], [ -90.772506713867188, 29.098636627197266 ], [ -90.778907775878906, 29.101831436157216 ], [ -90.784942626953125, 29.100767135620146 ], [ -90.787422180175781, 29.091886520385746 ], [ -90.796310424804702, 29.087978363037116 ], [ -90.814781188964844, 29.085136413574226 ], [ -90.81976318359375, 29.073055267334002 ], [ -90.81976318359375, 29.065595626831055 ], [ -90.828277587890625, 29.063108444213892 ], [ -90.847824096679688, 29.069503784179712 ], [ -90.862388610839858, 29.092596054077127 ], [ -90.883705139160156, 29.115333557128931 ], [ -90.916389465332031, 29.14481925964354 ], [ -90.9444580078125, 29.164716720581044 ], [ -90.947654724121094, 29.173597335815447 ], [ -90.95440673828125, 29.177150726318363 ], [ -90.960800170898438, 29.179281234741243 ], [ -90.981407165527344, 29.1707553863525 ], [ -91.011604309082031, 29.170400619506861 ], [ -91.0950927734375, 29.185678482055714 ], [ -91.127067565917983, 29.213388442993143 ], [ -91.197410583496094, 29.219783782959023 ], [ -91.222282409667969, 29.225467681884794 ], [ -91.276283264160156, 29.246784210205117 ], [ -91.294754028320312, 29.259574890136744 ], [ -91.331703186035156, 29.293680191040018 ], [ -91.349464416503906, 29.318550109863253 ], [ -91.330276489257812, 29.31286430358886 ], [ -91.306831359863281, 29.31286430358886 ], [ -91.290496826171875, 29.319259643554705 ], [ -91.275566101074219, 29.343418121337898 ], [ -91.268463134765625, 29.359760284423835 ], [ -91.236488342285156, 29.373262405395494 ], [ -91.214462280273438, 29.415184020996101 ], [ -91.215888977050781, 29.426551818847646 ], [ -91.228668212890625, 29.435077667236321 ], [ -91.248565673828125, 29.442893981933597 ], [ -91.259231567382812, 29.442893981933597 ], [ -91.261360168457031, 29.461368560791001 ], [ -91.268463134765625, 29.47344779968261 ], [ -91.3331298828125, 29.483396530151371 ], [ -91.367942810058594, 29.511817932128906 ], [ -91.402763366699219, 29.512527465820295 ], [ -91.423370361328125, 29.517501831054677 ], [ -91.443252563476562, 29.541660308837898 ], [ -91.461738586425781, 29.54521179199217 ], [ -91.483757019042969, 29.540239334106452 ], [ -91.514312744140625, 29.528160095214826 ], [ -91.551261901855469, 29.517501831054677 ], [ -91.543449401855469, 29.531002044677734 ], [ -91.537757873535156, 29.566530227661115 ], [ -91.541313171386719, 29.590688705444308 ], [ -91.555526733398438, 29.633319854736378 ], [ -91.569023132324219, 29.63758468627929 ], [ -91.625869750976562, 29.625503540039084 ], [ -91.662109375, 29.631900787353533 ], [ -91.645057678222656, 29.642557144165043 ], [ -91.6265869140625, 29.67026710510256 ], [ -91.6265869140625, 29.689453125000014 ], [ -91.620185852050781, 29.715034484863345 ], [ -91.620895385742188, 29.73421859741206 ], [ -91.633689880371094, 29.742744445800785 ], [ -91.681297302246094, 29.744165420532266 ], [ -91.713973999023438, 29.735637664794915 ], [ -91.731742858886719, 29.746297836303707 ], [ -91.753768920898452, 29.747007369995099 ], [ -91.777214050292969, 29.741323471069382 ], [ -91.831924438476562, 29.717876434326172 ], [ -91.859642028808594, 29.702953338623029 ], [ -91.8802490234375, 29.712192535400423 ], [ -91.881660461425781, 29.745586395263672 ], [ -91.855377197265625, 29.796035766601555 ], [ -91.856086730957031, 29.8123779296875 ], [ -91.864608764648438, 29.824457168579105 ], [ -91.881660461425781, 29.834403991699215 ], [ -91.907249450683608, 29.830141067504876 ], [ -91.915771484375, 29.815929412841765 ], [ -91.937797546386719, 29.814510345458999 ], [ -91.970344543457031, 29.803468704223629 ], [ -91.969528198242188, 29.81668090820315 ], [ -91.971527099609375, 29.8297519683838 ], [ -91.972465515136719, 29.836826324462901 ], [ -91.982475280761719, 29.912254333496072 ], [ -91.986587524414062, 29.942991256713867 ], [ -91.987319946289062, 29.94816589355468 ], [ -91.987808227539077, 29.951490402221712 ], [ -91.98834228515625, 29.955751419067351 ], [ -91.990272521972656, 29.970121383666967 ], [ -91.991226196289062, 29.97055816650392 ], [ -91.992416381835938, 29.97161293029783 ], [ -91.993438720703125, 29.975025177001999 ], [ -91.993545532226562, 29.984138488769513 ], [ -91.993049621582031, 29.98526191711429 ], [ -91.991989135742188, 29.986669540405313 ], [ -91.989578247070312, 29.988563537597667 ], [ -91.986785888671875, 29.989660263061513 ], [ -91.981887817382812, 29.990333557128888 ], [ -91.981361389160156, 29.991712570190462 ], [ -91.980445861816406, 29.994180679321286 ], [ -91.97747802734375, 30.001838684082035 ], [ -91.96514892578125, 30.034479141235334 ], [ -91.964332580566406, 30.036716461181637 ], [ -91.950881958007812, 30.073011398315419 ], [ -91.907096862792969, 30.072275161743185 ], [ -91.896110534667969, 30.056884765624982 ], [ -91.883308410644531, 30.063625335693363 ], [ -91.876213073730469, 30.067417144775437 ], [ -91.819107055664062, 30.043811798095717 ], [ -91.815711975097656, 30.047664642334006 ], [ -91.813850402832031, 30.049703598022475 ], [ -91.798805236816406, 30.066545486450142 ], [ -91.801383972167969, 30.069715499877919 ], [ -91.794692993164062, 30.074350357055682 ], [ -91.791526794433594, 30.076173782348619 ], [ -91.789024353027344, 30.078098297119134 ], [ -91.785591125488281, 30.080137252807617 ], [ -91.778297424316406, 30.08595657348631 ], [ -91.776237487792969, 30.087215423583967 ], [ -91.770828247070312, 30.089769363403317 ], [ -91.760482788085952, 30.090578079223604 ], [ -91.763565063476562, 30.096643447875984 ], [ -91.768730163574219, 30.096063613891598 ], [ -91.765266418457031, 30.108459472656225 ], [ -91.764022827148438, 30.108642578124993 ], [ -91.762474060058594, 30.109443664550771 ], [ -91.757537841796875, 30.109922409057628 ], [ -91.754951477050781, 30.111480712890629 ], [ -91.753059387207045, 30.112052917480455 ], [ -91.751022338867188, 30.113334655761751 ], [ -91.746627807617188, 30.117347717285178 ], [ -91.7459716796875, 30.117715835571257 ], [ -91.739166259765625, 30.118909835815415 ], [ -91.735870361328125, 30.118635177612333 ], [ -91.732978820800781, 30.120033264160135 ], [ -91.732284545898438, 30.121686935424812 ], [ -91.731895446777344, 30.122030258178711 ], [ -91.730232238769531, 30.122396469116222 ], [ -91.727546691894531, 30.122058868408217 ], [ -91.7274169921875, 30.126777648925767 ], [ -91.728065490722656, 30.129449844360369 ], [ -91.728897094726562, 30.129756927490295 ], [ -91.73284912109375, 30.132642745971701 ], [ -91.735404968261719, 30.13376426696777 ], [ -91.737701416015625, 30.13548278808593 ], [ -91.743507385253906, 30.136945724487326 ], [ -91.746208190917969, 30.138767242431662 ], [ -91.743080139160156, 30.139053344726548 ], [ -91.742446899414062, 30.139139175415036 ], [ -91.734466552734375, 30.140216827392525 ], [ -91.734886169433594, 30.142381668090817 ], [ -91.735862731933594, 30.145177841186566 ], [ -91.736045837402344, 30.147682189941392 ], [ -91.736106872558594, 30.152212142944308 ], [ -91.736549377441406, 30.152717590332049 ], [ -91.737976074218764, 30.15869712829593 ], [ -91.738319396972656, 30.158765792846694 ], [ -91.736488342285156, 30.180355072021502 ], [ -91.737533569335938, 30.18049430847168 ], [ -91.739151000976562, 30.180011749267539 ], [ -91.742149353027344, 30.179920196533235 ], [ -91.744132995605469, 30.178405761718714 ], [ -91.745948791503906, 30.17808341979979 ], [ -91.75653076171875, 30.180856704711964 ], [ -91.7584228515625, 30.180488586425838 ], [ -91.761871337890625, 30.181011199951183 ], [ -91.76035308837892, 30.184387207031254 ], [ -91.758346557617188, 30.186677932739308 ], [ -91.758758544921875, 30.187217712402315 ], [ -91.759284973144531, 30.187572479248036 ], [ -91.756843566894531, 30.190986633300806 ], [ -91.755783081054688, 30.1922702789307 ], [ -91.7548828125, 30.192750930786147 ], [ -91.754959106445312, 30.193002700805689 ], [ -91.758232116699219, 30.195732116699201 ], [ -91.761894226074219, 30.198368072509773 ], [ -91.766273498535156, 30.202198028564503 ], [ -91.76969146728517, 30.20461273193359 ], [ -91.776985168457031, 30.208778381347621 ], [ -91.779014587402344, 30.21116447448728 ], [ -91.779777526855469, 30.215242385864283 ], [ -91.78515625, 30.220218658447248 ], [ -91.786903381347656, 30.223815917968786 ], [ -91.787437438964844, 30.2244358062744 ], [ -91.786163330078125, 30.226474761962919 ], [ -91.784629821777344, 30.22812461853027 ], [ -91.782417297363281, 30.22975158691402 ], [ -91.781692504882812, 30.231561660766577 ], [ -91.780326843261719, 30.23165130615233 ], [ -91.778190612792983, 30.230918884277322 ], [ -91.773757934570327, 30.227640151977504 ], [ -91.772651672363281, 30.227136611938466 ], [ -91.771591186523438, 30.225965499877923 ], [ -91.770088195800781, 30.225690841674812 ], [ -91.768501281738281, 30.224796295166037 ], [ -91.766708374023438, 30.224498748779297 ], [ -91.762176513671875, 30.224609375 ], [ -91.760032653808594, 30.225273132324251 ], [ -91.756683349609375, 30.22738265991206 ], [ -91.726058959960938, 30.225921630859382 ], [ -91.724449157714844, 30.225875854492205 ], [ -91.724250793457031, 30.2260627746582 ], [ -91.72635650634767, 30.228288650512706 ], [ -91.726837158203125, 30.231595993041999 ], [ -91.728439331054688, 30.233736038208001 ], [ -91.734664916992188, 30.24003601074218 ], [ -91.745201110839844, 30.249765396118157 ], [ -91.752510070800781, 30.258459091186538 ], [ -91.754463195800781, 30.26114082336429 ], [ -91.754768371582031, 30.262046813964851 ], [ -91.754730224609375, 30.267496109008757 ], [ -91.755126953125, 30.267627716064421 ], [ -91.755950927734375, 30.267375946044968 ], [ -91.757217407226562, 30.266483306884755 ], [ -91.758064270019531, 30.26691818237305 ], [ -91.759803771972656, 30.267080307006843 ], [ -91.763236999511733, 30.26570510864261 ], [ -91.765373229980469, 30.265546798706048 ], [ -91.766853332519531, 30.265890121459989 ], [ -91.768936157226562, 30.267013549804673 ], [ -91.775749206542969, 30.268001556396435 ], [ -91.78509521484375, 30.265781402587891 ], [ -91.789268493652344, 30.266126632690408 ], [ -91.793174743652344, 30.263193130493132 ], [ -91.797950744628906, 30.262758255004869 ], [ -91.799301147460938, 30.26344680786131 ], [ -91.801544189453125, 30.263240814209023 ], [ -91.80450439453125, 30.259481430053718 ], [ -91.804817199707031, 30.259275436401367 ], [ -91.806396484375, 30.259183883666989 ], [ -91.807304382324219, 30.258794784545906 ], [ -91.80780029296875, 30.257854461669904 ], [ -91.808280944824219, 30.257488250732386 ], [ -91.808036804199219, 30.256204605102486 ], [ -91.808570861816406, 30.255081176757827 ], [ -91.810394287109375, 30.254737854003917 ], [ -91.811790466308594, 30.25317955017093 ], [ -91.811943054199219, 30.252147674560565 ], [ -91.813079833984375, 30.251300811767539 ], [ -91.813690185546875, 30.251001358032237 ], [ -91.815376281738281, 30.250888824462923 ], [ -91.816352844238281, 30.250429153442347 ], [ -91.8167724609375, 30.249259948730447 ], [ -91.817512512207031, 30.248525619506854 ], [ -91.819709777832031, 30.237707138061499 ], [ -91.821197509765625, 30.236711502075241 ], [ -91.819114685058594, 30.233846664428707 ], [ -91.826065063476562, 30.228952407836911 ], [ -91.833030700683594, 30.232503890991193 ], [ -91.837417602539062, 30.229249954223651 ], [ -91.83984375, 30.228744506835934 ], [ -91.840972900390625, 30.227735519409169 ], [ -91.852752685546875, 30.219636917114247 ], [ -91.858573913574219, 30.219114303588874 ], [ -91.860610961914062, 30.219295501709006 ], [ -91.862930297851562, 30.219913482666019 ], [ -91.864669799804688, 30.221082687377923 ], [ -91.86932373046875, 30.22522926330571 ], [ -91.870170593261719, 30.226238250732457 ], [ -91.872306823730469, 30.229652404785149 ], [ -91.872627258300781, 30.231323242187489 ], [ -91.876106262207031, 30.237699508667014 ], [ -91.877593994140625, 30.236806869506832 ], [ -91.87872314453125, 30.238489151000987 ], [ -91.883399963378906, 30.25588417053218 ], [ -91.882705688476562, 30.256299972534169 ], [ -91.8634033203125, 30.268085479736328 ], [ -91.863433837890625, 30.268846511840874 ], [ -91.86444091796875, 30.271230697631818 ], [ -91.867500305175781, 30.275535583496087 ], [ -91.868400573730469, 30.277231216430632 ], [ -91.873992919921875, 30.273872375488263 ], [ -91.874626159667969, 30.274667739868168 ], [ -91.877548217773438, 30.27292442321777 ], [ -91.876960754394531, 30.272180557250948 ], [ -91.888626098632812, 30.265144348144556 ], [ -91.885505676269531, 30.260400772094723 ], [ -91.885673522949219, 30.260288238525405 ], [ -91.888702392578139, 30.258399963378892 ], [ -91.888702392578139, 30.25729942321777 ], [ -91.89019775390625, 30.256099700927685 ], [ -91.891754150390625, 30.258798599243153 ], [ -91.896797180175781, 30.266099929809577 ], [ -91.898429870605469, 30.264776229858438 ], [ -91.898704528808594, 30.264499664306609 ], [ -91.898307800292969, 30.263700485229492 ], [ -91.903701782226562, 30.259799957275373 ], [ -91.904403686523438, 30.260700225830039 ], [ -91.902198791503906, 30.262100219726531 ], [ -91.902442932128906, 30.262308120727539 ], [ -91.902923583984375, 30.262805938720707 ], [ -91.897377014160156, 30.266748428344709 ], [ -91.899307250976562, 30.268400192260717 ], [ -91.905906677246094, 30.272600173950167 ], [ -91.907798767089844, 30.273899078369134 ], [ -91.908599853515625, 30.274700164794911 ], [ -91.908660888671875, 30.275266647338835 ], [ -91.90850830078125, 30.275848388671886 ], [ -91.906196594238281, 30.277500152587912 ], [ -91.905197143554688, 30.278499603271484 ], [ -91.910507202148438, 30.281000137329098 ], [ -91.9107666015625, 30.281568527221673 ], [ -91.913139343261719, 30.282541275024396 ], [ -91.925056457519531, 30.288496017456062 ], [ -91.926383972167969, 30.289098739624023 ], [ -91.928367614746094, 30.290418624877933 ], [ -91.928199768066406, 30.290500640869141 ], [ -91.924003601074219, 30.292600631713878 ], [ -91.919303894042969, 30.29389953613283 ], [ -91.916107177734375, 30.295900344848633 ], [ -91.911796569824219, 30.295999526977553 ], [ -91.896102905273452, 30.300399780273448 ], [ -91.89019775390625, 30.293500900268576 ], [ -91.880722045898438, 30.294998168945312 ], [ -91.878524780273452, 30.295631408691378 ], [ -91.875, 30.295404434204038 ], [ -91.873191833496094, 30.296184539794972 ], [ -91.871185302734375, 30.293916702270437 ], [ -91.870918273925781, 30.293113708496104 ], [ -91.870811462402344, 30.288873672485359 ], [ -91.870201110839844, 30.289058685302763 ], [ -91.856689453125, 30.29724693298342 ], [ -91.849708557128906, 30.300502777099556 ], [ -91.848312377929688, 30.301900863647447 ], [ -91.840736389160156, 30.305156707763686 ], [ -91.83929443359375, 30.306629180908235 ], [ -91.836456298828125, 30.304101943969737 ], [ -91.836006164550795, 30.303026199340817 ], [ -91.834609985351562, 30.30139732360842 ], [ -91.831588745117188, 30.300184249877905 ], [ -91.830772399902344, 30.299657821655213 ], [ -91.828826904296875, 30.297479629516634 ], [ -91.828292846679688, 30.297044754028331 ], [ -91.826683044433594, 30.296403884887688 ], [ -91.825965881347656, 30.295463562011726 ], [ -91.824226379394531, 30.294883728027301 ], [ -91.820022583007812, 30.293584823608384 ], [ -91.816650390625, 30.293561935424776 ], [ -91.815193176269531, 30.293310165405277 ], [ -91.813507080078125, 30.288473129272454 ], [ -91.811714172363295, 30.285402297973661 ], [ -91.811393737792969, 30.283020019531271 ], [ -91.810417175292969, 30.280086517334016 ], [ -91.8060302734375, 30.280384063720749 ], [ -91.804367065429688, 30.279764175415071 ], [ -91.8031005859375, 30.279947280883796 ], [ -91.801811218261719, 30.27944374084473 ], [ -91.801254272460938, 30.279741287231428 ], [ -91.797584533691406, 30.280130386352553 ], [ -91.794891357421875, 30.281162261962891 ], [ -91.793304443359375, 30.282354354858381 ], [ -91.791961669921889, 30.282695770263647 ], [ -91.790420532226562, 30.282489776611342 ], [ -91.786911010742188, 30.280862808227536 ], [ -91.784774780273452, 30.288469314575217 ], [ -91.784980773925781, 30.289318084716808 ], [ -91.78643798828125, 30.291587829589844 ], [ -91.788475036621094, 30.293674468994151 ], [ -91.790977478027344, 30.295621871948239 ], [ -91.79266357421875, 30.296585083007788 ], [ -91.79376220703125, 30.297651290893548 ], [ -91.794464111328125, 30.298006057739236 ], [ -91.795074462890625, 30.297891616821271 ], [ -91.796257019042969, 30.298097610473615 ], [ -91.796836853027344, 30.297937393188523 ], [ -91.798690795898438, 30.29837417602538 ], [ -91.800086975097656, 30.298328399658178 ], [ -91.80106353759767, 30.298809051513672 ], [ -91.802467346191406, 30.300300598144567 ], [ -91.803390502929688, 30.301904678344734 ], [ -91.803573608398438, 30.302865982055668 ], [ -91.803359985351562, 30.303667068481452 ], [ -91.804336547851562, 30.307197570800742 ], [ -91.805610656738281, 30.307794570922876 ], [ -91.806930541992188, 30.309123992919901 ], [ -91.810600280761719, 30.310705184936499 ], [ -91.811271667480469, 30.311252593994169 ], [ -91.811225891113281, 30.311664581298828 ], [ -91.812431335449219, 30.312175750732411 ], [ -91.820053100585938, 30.31224632263185 ], [ -91.819992065429688, 30.313537597656275 ], [ -91.819839477539062, 30.316865921020494 ], [ -91.81601715087892, 30.317626953125039 ], [ -91.804573059082031, 30.320787429809542 ], [ -91.795547485351562, 30.322437286376942 ], [ -91.789093017578125, 30.324201583862322 ], [ -91.782882690429688, 30.325918197631839 ], [ -91.762336730957031, 30.331821441650419 ], [ -91.75, 30.334226608276385 ], [ -91.700126647949219, 30.348680496215835 ], [ -91.644271850585938, 30.363164901733402 ], [ -91.644927978515625, 30.36352920532229 ], [ -91.611099243164062, 30.372529983520518 ], [ -91.60968017578125, 30.373315811157283 ], [ -91.607864379882812, 30.373893737793001 ], [ -91.558250427246094, 30.387344360351541 ], [ -91.527633666992188, 30.394678115844716 ], [ -91.510261535644531, 30.399339675903288 ], [ -91.510139465332031, 30.399074554443338 ], [ -91.508148193359375, 30.392793655395518 ], [ -91.508209228515625, 30.392084121704048 ], [ -91.509239196777344, 30.389862060546864 ], [ -91.513526916503906, 30.383903503417933 ], [ -91.516990661621094, 30.373004913330121 ], [ -91.493881225585938, 30.385234832763679 ], [ -91.474273681640625, 30.395942687988246 ], [ -91.474273681640625, 30.396423339843739 ], [ -91.47607421875, 30.399082183837862 ], [ -91.478416442871094, 30.408277511596658 ], [ -91.478446960449219, 30.408426284790018 ], [ -91.470283508300795, 30.410453796386697 ], [ -91.456611633300781, 30.412860870361335 ], [ -91.447105407714844, 30.415039062500004 ], [ -91.446975708007812, 30.414924621582013 ], [ -91.444496154785156, 30.412811279296886 ], [ -91.441703796386719, 30.411052703857436 ], [ -91.436309814453139, 30.408193588256829 ], [ -91.431610107421875, 30.406661987304673 ], [ -91.427322387695312, 30.405569076538079 ], [ -91.421630859375, 30.404693603515657 ], [ -91.421531677246094, 30.406114578247074 ], [ -91.422409057617202, 30.40806388854979 ], [ -91.424575805664062, 30.41034317016603 ], [ -91.427986145019531, 30.411907196044908 ], [ -91.429672241210938, 30.414386749267578 ], [ -91.430145263671875, 30.415969848632852 ], [ -91.431877136230483, 30.419134140014648 ], [ -91.433319091796875, 30.422161102294925 ], [ -91.434310913085938, 30.42316246032717 ], [ -91.437408447265625, 30.424913406372077 ], [ -91.422378540039062, 30.435026168823185 ], [ -91.434669494628906, 30.443983078002912 ], [ -91.438911437988281, 30.450237274169925 ], [ -91.433525085449219, 30.453163146972653 ], [ -91.413864135742188, 30.431472778320305 ], [ -91.412376403808594, 30.432140350341797 ], [ -91.407722473144531, 30.425931930542021 ], [ -91.397079467773438, 30.411773681640657 ], [ -91.39471435546875, 30.408611297607468 ], [ -91.39471435546875, 30.408260345458974 ], [ -91.394744873046875, 30.395267486572251 ], [ -91.375, 30.387023925781243 ], [ -91.362541198730469, 30.382633209228512 ], [ -91.355545043945312, 30.375 ], [ -91.347755432128906, 30.365497589111346 ], [ -91.336868286132812, 30.352300643920902 ], [ -91.325477600097656, 30.346664428710959 ], [ -91.325370788574219, 30.346612930297852 ], [ -91.326210021972656, 30.330133438110359 ], [ -91.325340270996094, 30.324937820434592 ], [ -91.324440002441406, 30.322204589843679 ], [ -91.321540832519531, 30.31224060058592 ], [ -91.318000793457031, 30.301794052124048 ], [ -91.316215515136719, 30.294515609741193 ], [ -91.315231323242188, 30.292240142822276 ], [ -91.314735412597656, 30.289245605468725 ], [ -91.314033508300781, 30.287384033203171 ], [ -91.314056396484375, 30.285985946655291 ], [ -91.316421508789062, 30.280368804931623 ], [ -91.320365905761719, 30.27290344238282 ], [ -91.321182250976562, 30.263900756835945 ], [ -91.320625305175781, 30.261880874633782 ], [ -91.319793701171875, 30.261997222900405 ], [ -91.316635131835938, 30.260730743408157 ], [ -91.314285278320312, 30.258550643920881 ], [ -91.308433532714858, 30.255481719970682 ], [ -91.306137084960938, 30.255270004272496 ], [ -91.2974853515625, 30.252389907836932 ], [ -91.295494079589844, 30.251550674438509 ], [ -91.2908935546875, 30.249025344848615 ], [ -91.29058837890625, 30.247734069824222 ], [ -91.289718627929688, 30.244916915893601 ], [ -91.286079406738281, 30.235496520996133 ], [ -91.29315185546875, 30.231693267822244 ], [ -91.2928466796875, 30.205726623535138 ], [ -91.292213439941406, 30.180799484252944 ], [ -91.291847229003906, 30.177156448364258 ], [ -91.291114807128906, 30.175506591796882 ], [ -91.290481567382812, 30.174703598022468 ], [ -91.285842895507812, 30.170051574707081 ], [ -91.284492492675781, 30.167554855346669 ], [ -91.284347534179688, 30.148147583007827 ], [ -91.284690856933594, 30.144477844238242 ], [ -91.283897399902344, 30.143125534057603 ], [ -91.282371520996094, 30.14179611206055 ], [ -91.281021118164077, 30.140146255493164 ], [ -91.276695251464844, 30.130910873413093 ], [ -91.276199340820312, 30.126064300537138 ], [ -91.275390625, 30.126199722290036 ], [ -91.272201538085938, 30.126943588256832 ], [ -91.268402099609375, 30.12845611572266 ], [ -91.256034851074219, 30.133836746215817 ], [ -91.253562927246094, 30.135461807250966 ], [ -91.246345520019531, 30.138742446899442 ], [ -91.244781494140625, 30.139131546020504 ], [ -91.243888854980469, 30.139154434204091 ], [ -91.209060668945312, 30.132978439331051 ], [ -91.207778930664062, 30.132587432861325 ], [ -91.203506469726562, 30.1304111480713 ], [ -91.191352844238281, 30.149776458740238 ], [ -91.174240112304688, 30.14166450500489 ], [ -91.15216064453125, 30.176448822021456 ], [ -91.148117065429688, 30.175184249877926 ], [ -91.148757934570327, 30.173547744750948 ], [ -91.149200439453125, 30.173643112182631 ], [ -91.149810791015625, 30.172151565551736 ], [ -91.149345397949219, 30.172084808349609 ], [ -91.150550842285156, 30.169013977050842 ], [ -91.152397155761719, 30.164390563964862 ], [ -91.151092529296875, 30.164211273193335 ], [ -91.15057373046875, 30.164155960083011 ], [ -91.156364440917969, 30.148864746093754 ], [ -91.155593872070312, 30.148698806762663 ], [ -91.157615661621094, 30.143358230590803 ], [ -91.156059265136719, 30.143030166625955 ], [ -91.154960632324219, 30.14604377746582 ], [ -91.151893615722656, 30.145082473754886 ], [ -91.145454406738281, 30.164222717285163 ], [ -91.143608093261719, 30.163686752319368 ], [ -91.142494201660156, 30.16629981994625 ], [ -91.144523620605469, 30.166822433471715 ], [ -91.143783569335938, 30.168846130371076 ], [ -91.137313842773438, 30.166526794433608 ], [ -91.133750915527344, 30.16494178771973 ], [ -91.109588623046875, 30.151742935180643 ], [ -91.089996337890625, 30.140720367431665 ], [ -91.053474426269531, 30.121007919311555 ], [ -91.05120849609375, 30.119607925415064 ], [ -91.049919128417969, 30.118528366088871 ], [ -91.046470642089844, 30.116605758667035 ], [ -91.041732788085952, 30.114162445068366 ], [ -91.037994384765625, 30.112735748291058 ], [ -91.029220581054688, 30.11017608642576 ], [ -91.009895324707031, 30.104770660400412 ], [ -91.009284973144545, 30.104606628417976 ], [ -91.003746032714844, 30.10311508178717 ], [ -91.0, 30.102235794067365 ], [ -90.993598937988295, 30.099191665649396 ], [ -90.994522094726562, 30.097860336303725 ], [ -90.995651245117188, 30.097171783447237 ], [ -90.996681213378906, 30.096893310546886 ], [ -91.004188537597656, 30.096206665039094 ], [ -91.012161254882812, 30.096633911132816 ], [ -91.008132934570312, 30.085571289062536 ], [ -91.005119323730469, 30.085571289062536 ], [ -91.004768371582031, 30.084447860717816 ], [ -91.001937866210938, 30.085044860839808 ], [ -91.0, 30.079757690429663 ], [ -91.0, 30.080146789550778 ], [ -90.999664306640625, 30.079961776733441 ], [ -90.99835205078125, 30.075265884399428 ], [ -90.997230529785156, 30.075454711914052 ], [ -91.004112243652344, 30.094722747802717 ], [ -91.001792907714844, 30.094692230224631 ], [ -90.999496459960938, 30.094945907592738 ], [ -90.99652099609375, 30.086339950561506 ], [ -90.996177673339844, 30.086750030517592 ], [ -90.9937744140625, 30.085685729980483 ], [ -90.991928100585938, 30.0883979797363 ], [ -90.990585327148438, 30.090917587280305 ], [ -90.990066528320312, 30.091674804687461 ], [ -90.989845275878906, 30.091567993164094 ], [ -90.987251281738295, 30.096101760864236 ], [ -90.989585876464844, 30.097257614135764 ], [ -90.987297058105469, 30.10109138488766 ], [ -90.984771728515625, 30.105079650878906 ], [ -90.98577880859375, 30.105560302734364 ], [ -90.985374450683594, 30.106340408325192 ], [ -90.985557556152344, 30.10735511779783 ], [ -90.985275268554688, 30.107860565185536 ], [ -90.983711242675781, 30.111524581909144 ], [ -90.976608276367188, 30.1098518371582 ], [ -90.978149414062514, 30.105476379394535 ], [ -90.973556518554688, 30.103960037231452 ], [ -90.974327087402344, 30.101663589477575 ], [ -90.9749755859375, 30.10186958312989 ], [ -90.975746154785156, 30.100179672241211 ], [ -90.977806091308608, 30.100685119628913 ], [ -90.977607727050781, 30.101699829101548 ], [ -90.979606628417969, 30.102056503295874 ], [ -90.980056762695312, 30.100408554077148 ], [ -90.983192443847656, 30.094081878662113 ], [ -90.978622436523438, 30.091728210449219 ], [ -90.974029541015625, 30.088550567626918 ], [ -90.96337890625, 30.080457687377947 ], [ -90.953376770019531, 30.073251724243203 ], [ -90.935516357421875, 30.08544921875 ], [ -90.93707275390625, 30.088758468627919 ], [ -90.933921813964844, 30.091047286987312 ], [ -90.9320068359375, 30.092796325683594 ], [ -90.930671691894531, 30.095064163208047 ], [ -90.930259704589844, 30.09700584411619 ], [ -90.91448974609375, 30.108644485473594 ], [ -90.915336608886719, 30.112787246704102 ], [ -90.915382385253906, 30.11307907104495 ], [ -90.888580322265625, 30.117910385131797 ], [ -90.888534545898438, 30.117698669433626 ], [ -90.877700805664062, 30.119686126709006 ], [ -90.877647399902344, 30.119848251342766 ], [ -90.875, 30.120431900024421 ], [ -90.86907958984375, 30.121524810790987 ], [ -90.785263061523438, 30.138200759887678 ], [ -90.759445190429688, 30.143358230590803 ], [ -90.777290344238295, 30.148700714111325 ], [ -90.804855346679688, 30.15317726135261 ], [ -90.817985534667969, 30.155235290527298 ], [ -90.821769714355469, 30.156269073486303 ], [ -90.871513366699219, 30.169794082641559 ], [ -90.87255859375, 30.169918060302688 ], [ -90.883522033691406, 30.160449981689474 ], [ -90.890121459960938, 30.166391372680724 ], [ -90.881591796875, 30.17328262329103 ], [ -90.914909362792969, 30.189369201660135 ], [ -90.920074462890625, 30.189163208007795 ], [ -90.920249938964844, 30.210678100585927 ], [ -90.92034912109375, 30.218032836914009 ], [ -90.9287109375, 30.218055725097663 ], [ -90.928764343261719, 30.225227355957035 ], [ -90.927505493164062, 30.225271224975579 ], [ -90.92742919921875, 30.226921081543018 ], [ -90.926124572753906, 30.22673988342283 ], [ -90.924827575683594, 30.226207733154293 ], [ -90.924812316894531, 30.23080444335935 ], [ -90.927215576171875, 30.230794906616239 ], [ -90.927207946777344, 30.229986190795945 ], [ -90.927749633789062, 30.229967117309581 ], [ -90.927787780761719, 30.23081588745119 ], [ -90.929153442382812, 30.230794906616239 ], [ -90.929161071777344, 30.231607437133732 ], [ -90.929641723632812, 30.231624603271506 ], [ -90.929634094238281, 30.232513427734393 ], [ -90.930427551269531, 30.232513427734393 ], [ -90.944831848144531, 30.232400894165039 ], [ -90.945602416992188, 30.232101440429645 ], [ -90.946731567382812, 30.232370376586907 ], [ -90.950134277343764, 30.233131408691381 ], [ -90.953384399414077, 30.23299407958984 ], [ -90.957572937011719, 30.23363685607908 ], [ -90.958427429199219, 30.233568191528335 ], [ -90.961433410644531, 30.232444763183604 ], [ -90.963088989257812, 30.23237609863282 ], [ -90.963912963867188, 30.232627868652301 ], [ -90.964324951171875, 30.233154296875007 ], [ -90.964462280273438, 30.234001159667983 ], [ -90.963592529296875, 30.235536575317379 ], [ -90.964935302734375, 30.238927841186541 ], [ -90.965911865234375, 30.239866256713853 ], [ -90.966499328613281, 30.240095138549787 ], [ -90.969345092773438, 30.240324020385803 ], [ -90.974281311035156, 30.239774703979457 ], [ -90.98870849609375, 30.240068435668942 ], [ -90.989227294921875, 30.238386154174805 ], [ -90.990585327148438, 30.237386703491186 ], [ -90.991035461425781, 30.237293243408217 ], [ -90.992324829101562, 30.237798690795902 ], [ -90.992721557617188, 30.238164901733384 ], [ -90.99322509765625, 30.240982055664045 ], [ -90.993934631347656, 30.241737365722688 ], [ -90.994651794433594, 30.241966247558622 ], [ -90.996002197265625, 30.241851806640657 ], [ -90.997543334960938, 30.240039825439464 ], [ -90.998260498046875, 30.239744186401452 ], [ -90.999664306640625, 30.240451812744087 ], [ -91.00396728515625, 30.241207122802741 ], [ -91.008087158203125, 30.242675781250021 ], [ -91.009803771972656, 30.242401123046861 ], [ -91.011726379394531, 30.241233825683633 ], [ -91.013839721679688, 30.240501403808558 ], [ -91.0145263671875, 30.24086761474609 ], [ -91.014579772949219, 30.24199295043946 ], [ -91.014862060546875, 30.242404937744137 ], [ -91.016372680664062, 30.241945266723633 ], [ -91.0181884765625, 30.239748001098658 ], [ -91.020751953125, 30.239427566528295 ], [ -91.02288818359375, 30.239519119262642 ], [ -91.02349853515625, 30.239267349243171 ], [ -91.024078369140625, 30.238742828369119 ], [ -91.024635314941406, 30.237571716308608 ], [ -91.025482177734375, 30.236885070800781 ], [ -91.025932312011719, 30.235200881957997 ], [ -91.028778076171875, 30.233724594116218 ], [ -91.030647277832031, 30.231502532958995 ], [ -91.03076171875, 30.230930328369137 ], [ -91.029281616210938, 30.22989845275881 ], [ -91.029197692871094, 30.229028701782205 ], [ -91.030860900878906, 30.22517967224119 ], [ -91.035354614257812, 30.224126815795877 ], [ -91.036636352539062, 30.223003387451133 ], [ -91.037223815917969, 30.221996307373029 ], [ -91.037200927734375, 30.220254898071364 ], [ -91.038307189941406, 30.218513488769528 ], [ -91.038543701171875, 30.216154098510735 ], [ -91.038093566894531, 30.215742111206005 ], [ -91.037017822265625, 30.215923309326172 ], [ -91.036773681640625, 30.215694427490213 ], [ -91.037117004394531, 30.214870452880859 ], [ -91.038093566894531, 30.214000701904322 ], [ -91.038093566894531, 30.213542938232418 ], [ -91.037460327148438, 30.212556838989205 ], [ -91.036598205566406, 30.21230316162114 ], [ -91.037239074707031, 30.211349487304684 ], [ -91.036750793457031, 30.210355758666996 ], [ -91.03997802734375, 30.208364486694339 ], [ -91.052650451660156, 30.211629867553707 ], [ -91.059165954589844, 30.212917327880888 ], [ -91.057205200195312, 30.218196868896484 ], [ -91.044540405273438, 30.251827239990227 ], [ -91.039268493652344, 30.266477584838849 ], [ -91.019203186035156, 30.31809997558593 ], [ -91.019500732421875, 30.318599700927763 ], [ -91.019287109375, 30.319032669067397 ], [ -91.020004272460938, 30.319360733032259 ], [ -91.019798278808594, 30.319700241088857 ], [ -91.020477294921875, 30.32007217407228 ], [ -91.02030181884767, 30.320600509643562 ], [ -91.020904541015639, 30.321100234985334 ], [ -91.020904541015639, 30.321500778198253 ], [ -91.018104553222656, 30.323400497436545 ], [ -91.016998291015625, 30.32609939575195 ] ] ] ] } },
{ "type": "Feature", "properties": { "STATENAME": "Louisiana", "ID": "022104104001", "DISTRICT": "1", "STA": "LA", "ST": "22", "LABEL": "1", "DIST_NAME": "Congressional District 1", "TYPE": "US Congressional", "TYPE_ABB": "US_Cong", "ELECT_YEAR": "1994", "STACD": "LA1" }, "geometry": { "type": "Polygon", "coordinates": [ [ [ -90.567092895507812, 30.999589920043935 ], [ -90.515365600585938, 30.999692916870117 ], [ -90.445762634277344, 30.999429702758796 ], [ -90.380439758300781, 30.999694824218746 ], [ -90.370262145996094, 30.999916076660181 ], [ -90.369277954101562, 31.000156402587894 ], [ -90.25, 31.000656127929673 ], [ -90.2333984375, 31.00061798095706 ], [ -90.227882385253906, 31.000383377075195 ], [ -90.226661682128906, 31.000572204589844 ], [ -90.211647033691406, 31.000471115112298 ], [ -90.164192199707031, 31.000846862792933 ], [ -90.131309509277358, 31.000743865966797 ], [ -90.029487609863281, 31.001010894775401 ], [ -89.975349426269531, 31.00151252746582 ], [ -89.97271728515625, 31.001211166381847 ], [ -89.928497314453125, 31.001239776611321 ], [ -89.897438049316406, 31.001731872558562 ], [ -89.875, 31.001520156860312 ], [ -89.856781005859375, 31.001893997192347 ], [ -89.853042602539062, 31.00168800354006 ], [ -89.816352844238281, 31.001901626586939 ], [ -89.752571105957031, 31.001670837402358 ], [ -89.75205230712892, 31.0 ], [ -89.751411437988281, 30.999505996704091 ], [ -89.750404357910156, 30.999235153198239 ], [ -89.747642517089844, 30.999750137329094 ], [ -89.747154235839844, 31.0 ], [ -89.745147705078125, 31.002069473266619 ], [ -89.740921020507812, 31.003410339355462 ], [ -89.739799499511719, 31.003414154052763 ], [ -89.738319396972656, 31.003021240234393 ], [ -89.737258911132812, 31.002435684204105 ], [ -89.735992431640625, 31.001043319702145 ], [ -89.735710144042969, 31.001375198364233 ], [ -89.735420227050795, 31.003189086914084 ], [ -89.733497619628906, 31.004356384277362 ], [ -89.732429504394545, 31.004648208618178 ], [ -89.731597900390625, 31.004634857177713 ], [ -89.729545593261733, 31.003744125366225 ], [ -89.728050231933594, 31.002117156982447 ], [ -89.728057861328125, 31.000774383544908 ], [ -89.728591918945312, 31.000215530395497 ], [ -89.729927062988281, 30.999565124511715 ], [ -89.730705261230469, 30.999359130859357 ], [ -89.732154846191406, 30.9995517730713 ], [ -89.735466003417969, 30.999532699584961 ], [ -89.734909057617188, 30.998498916625977 ], [ -89.7347412109375, 30.996320724487262 ], [ -89.734153747558594, 30.99541854858397 ], [ -89.731956481933608, 30.994226455688526 ], [ -89.728485107421875, 30.994211196899411 ], [ -89.727706909179688, 30.993713378906268 ], [ -89.727622985839844, 30.993146896362344 ], [ -89.72784423828125, 30.992004394531243 ], [ -89.729743957519531, 30.988473892211914 ], [ -89.730545043945312, 30.986326217651403 ], [ -89.7298583984375, 30.981906890869141 ], [ -89.730430603027344, 30.979524612426765 ], [ -89.730888366699219, 30.978715896606431 ], [ -89.732093811035156, 30.977903366088864 ], [ -89.734786987304688, 30.977888107299819 ], [ -89.73583984375, 30.977682113647461 ], [ -89.736808776855469, 30.97693824768065 ], [ -89.737075805664062, 30.975898742675774 ], [ -89.736839294433594, 30.975128173828139 ], [ -89.736015319824219, 30.974262237548871 ], [ -89.729209899902344, 30.971588134765607 ], [ -89.728309631347656, 30.970958709716761 ], [ -89.727012634277344, 30.96952247619631 ], [ -89.726997375488281, 30.96721267700195 ], [ -89.72796630859375, 30.966331481933572 ], [ -89.729255676269531, 30.966058731079119 ], [ -89.7313232421875, 30.965946197509783 ], [ -89.733863830566406, 30.966735839843725 ], [ -89.735618591308594, 30.966390609741214 ], [ -89.739639282226562, 30.961574554443349 ], [ -89.74127197265625, 30.960689544677734 ], [ -89.74224853515625, 30.960451126098636 ], [ -89.743064880371094, 30.959810256958043 ], [ -89.743522644042969, 30.958297729492198 ], [ -89.743232727050781, 30.955486297607425 ], [ -89.744239807128906, 30.954641342163086 ], [ -89.75, 30.95211029052733 ], [ -89.751121520996094, 30.951255798339833 ], [ -89.753425598144531, 30.947111129760749 ], [ -89.755874633789062, 30.943935394287106 ], [ -89.756439208984375, 30.942678451538075 ], [ -89.756477355957031, 30.941766738891605 ], [ -89.755760192871094, 30.939357757568317 ], [ -89.754280090332031, 30.938169479370124 ], [ -89.75, 30.935577392578129 ], [ -89.749267578125, 30.934772491455071 ], [ -89.748825073242202, 30.933704376220689 ], [ -89.748779296875, 30.932632446289013 ], [ -89.75, 30.92963027954103 ], [ -89.752479553222656, 30.927972793579098 ], [ -89.753013610839844, 30.926408767700213 ], [ -89.752738952636719, 30.925228118896484 ], [ -89.752250671386719, 30.924356460571317 ], [ -89.75067138671875, 30.92306137084962 ], [ -89.75, 30.922874450683608 ], [ -89.748138427734375, 30.923183441162102 ], [ -89.745948791503906, 30.922662734985359 ], [ -89.745086669921875, 30.922231674194329 ], [ -89.744575500488281, 30.921363830566399 ], [ -89.744377136230469, 30.920391082763647 ], [ -89.744720458984375, 30.918748855590827 ], [ -89.746650695800781, 30.915620803832958 ], [ -89.75, 30.912746429443352 ], [ -89.752082824707031, 30.912490844726541 ], [ -89.754013061523438, 30.912616729736293 ], [ -89.755462646484375, 30.913335800170916 ], [ -89.757347106933594, 30.914808273315465 ], [ -89.759330749511719, 30.914949417114276 ], [ -89.761428833007812, 30.91425132751468 ], [ -89.762527465820312, 30.913551330566428 ], [ -89.764129638671875, 30.911722183227539 ], [ -89.764373779296875, 30.91009140014652 ], [ -89.763961791992188, 30.908281326293935 ], [ -89.7635498046875, 30.907548904418913 ], [ -89.761520385742202, 30.906406402587912 ], [ -89.759727478027344, 30.906032562255831 ], [ -89.758712768554688, 30.9046421051025 ], [ -89.757789611816406, 30.902427673339847 ], [ -89.756599426269531, 30.900884628295927 ], [ -89.7564697265625, 30.900245666503885 ], [ -89.756950378417969, 30.898761749267564 ], [ -89.758651733398438, 30.897134780883803 ], [ -89.759651184082031, 30.896417617797873 ], [ -89.760635375976562, 30.896121978759748 ], [ -89.763626098632812, 30.896482467651406 ], [ -89.765975952148438, 30.896921157836882 ], [ -89.768623352050781, 30.89847564697267 ], [ -89.770195007324219, 30.89920616149902 ], [ -89.770858764648452, 30.899248123168949 ], [ -89.77191162109375, 30.898942947387688 ], [ -89.773025512695312, 30.898153305053704 ], [ -89.773338317871094, 30.897508621215824 ], [ -89.773483276367202, 30.896678924560554 ], [ -89.771728515625, 30.892074584960927 ], [ -89.771934509277358, 30.890056610107433 ], [ -89.773361206054688, 30.88712882995608 ], [ -89.773483276367202, 30.886184692382805 ], [ -89.773109436035156, 30.884859085082976 ], [ -89.772560119628906, 30.884004592895526 ], [ -89.769950866699219, 30.882070541381861 ], [ -89.769462585449219, 30.881381988525355 ], [ -89.769508361816406, 30.88096427917483 ], [ -89.770545959472656, 30.87929153442381 ], [ -89.771064758300781, 30.879037857055689 ], [ -89.7730712890625, 30.879186630249027 ], [ -89.775382995605469, 30.881311416626023 ], [ -89.77587890625, 30.881393432617177 ], [ -89.77703857421875, 30.880903244018551 ], [ -89.778511047363281, 30.878717422485344 ], [ -89.7791748046875, 30.87582206726076 ], [ -89.779037475585938, 30.874645233154279 ], [ -89.777938842773438, 30.873226165771499 ], [ -89.773704528808594, 30.870584487915028 ], [ -89.771278381347656, 30.868164062499979 ], [ -89.768585205078125, 30.866569519042979 ], [ -89.767723083496094, 30.865392684936488 ], [ -89.76788330078125, 30.863672256469705 ], [ -89.768699645996094, 30.862638473510739 ], [ -89.771377563476562, 30.861133575439428 ], [ -89.772109985351562, 30.860439300537106 ], [ -89.772514343261719, 30.859453201293967 ], [ -89.772476196289062, 30.858268737792994 ], [ -89.771751403808594, 30.856010437011751 ], [ -89.771644592285156, 30.854492187499968 ], [ -89.772514343261719, 30.85347366333006 ], [ -89.774665832519531, 30.853067398071264 ], [ -89.775833129882812, 30.853504180908221 ], [ -89.778678894042969, 30.855613708496101 ], [ -89.779838562011719, 30.856098175048849 ], [ -89.781570434570312, 30.856428146362319 ], [ -89.783309936523438, 30.855836868286154 ], [ -89.78399658203125, 30.855083465576165 ], [ -89.784347534179688, 30.853557586669883 ], [ -89.783721923828125, 30.851945877075174 ], [ -89.780868530273438, 30.848356246948274 ], [ -89.780250549316406, 30.846807479858359 ], [ -89.7801513671875, 30.846050262451129 ], [ -89.780525207519531, 30.845321655273402 ], [ -89.781562805175781, 30.845087051391545 ], [ -89.782577514648438, 30.845077514648462 ], [ -89.784164428710938, 30.845626831054712 ], [ -89.785530090332031, 30.847337722778303 ], [ -89.785736083984375, 30.848836898803711 ], [ -89.787368774414062, 30.849334716796864 ], [ -89.789436340332031, 30.851196289062536 ], [ -89.790954589843764, 30.851348876953161 ], [ -89.791854858398438, 30.850919723510717 ], [ -89.79239654541017, 30.850200653076179 ], [ -89.791801452636719, 30.848506927490238 ], [ -89.788482666015625, 30.846145629882773 ], [ -89.787750244140625, 30.84509658813473 ], [ -89.787422180175781, 30.843925476074197 ], [ -89.787399291992188, 30.842596054077198 ], [ -89.787956237792969, 30.841327667236328 ], [ -89.78924560546875, 30.839647293090785 ], [ -89.790046691894531, 30.837797164916996 ], [ -89.789909362792969, 30.834705352783182 ], [ -89.790679931640625, 30.831581115722628 ], [ -89.790359497070312, 30.830799102783189 ], [ -89.789352416992188, 30.830284118652312 ], [ -89.787986755371094, 30.830190658569322 ], [ -89.786766052246094, 30.830455780029293 ], [ -89.786064147949219, 30.830886840820362 ], [ -89.784515380859375, 30.832494735717784 ], [ -89.784019470214844, 30.832704544067372 ], [ -89.782279968261719, 30.832366943359347 ], [ -89.782180786132812, 30.831075668334947 ], [ -89.782882690429688, 30.828960418701158 ], [ -89.783912658691406, 30.827199935913097 ], [ -89.787422180175781, 30.824008941650348 ], [ -89.787567138671875, 30.823287963867202 ], [ -89.787384033203139, 30.822401046752884 ], [ -89.786308288574233, 30.821054458618146 ], [ -89.784454345703125, 30.820718765258771 ], [ -89.782127380371094, 30.821033477783171 ], [ -89.781455993652344, 30.82066154479978 ], [ -89.781097412109375, 30.819938659667958 ], [ -89.78143310546875, 30.81875991821288 ], [ -89.782325744628906, 30.817789077758768 ], [ -89.783721923828125, 30.816827774047805 ], [ -89.78582763671875, 30.815776824951161 ], [ -89.7861328125, 30.815799713134787 ], [ -89.786689758300781, 30.816688537597649 ], [ -89.789085388183594, 30.818122863769535 ], [ -89.790702819824219, 30.819654464721687 ], [ -89.791671752929688, 30.820201873779293 ], [ -89.792228698730469, 30.820224761962859 ], [ -89.792686462402344, 30.82011222839354 ], [ -89.793418884277344, 30.819471359252937 ], [ -89.79388427734375, 30.817735671997063 ], [ -89.794456481933594, 30.817220687866172 ], [ -89.795257568359375, 30.817041397094702 ], [ -89.796112060546875, 30.817911148071271 ], [ -89.796073913574219, 30.818752288818352 ], [ -89.795425415039062, 30.82056808471679 ], [ -89.796562194824219, 30.821464538574219 ], [ -89.797416687011719, 30.821292877197248 ], [ -89.798583984375, 30.820669174194322 ], [ -89.799453735351577, 30.819795608520497 ], [ -89.800086975097656, 30.818197250366197 ], [ -89.799919128417969, 30.816009521484414 ], [ -89.799598693847656, 30.814985275268537 ], [ -89.797264099121094, 30.812406539916982 ], [ -89.797080993652344, 30.81156730651854 ], [ -89.797355651855469, 30.811267852783192 ], [ -89.7989501953125, 30.811153411865231 ], [ -89.799560546875, 30.810773849487322 ], [ -89.803977966308594, 30.80725860595701 ], [ -89.804252624511733, 30.806554794311502 ], [ -89.804283142089844, 30.805311203002944 ], [ -89.803993225097656, 30.803060531616204 ], [ -89.804557800292969, 30.802324295043981 ], [ -89.80810546875, 30.800376892089844 ], [ -89.810234069824233, 30.799993515014641 ], [ -89.811233520507812, 30.800130844116175 ], [ -89.811820983886719, 30.800476074218739 ], [ -89.813941955566406, 30.803579330444343 ], [ -89.81451416015625, 30.80391883850098 ], [ -89.815032958984389, 30.80392646789549 ], [ -89.815513610839844, 30.803651809692393 ], [ -89.815666198730469, 30.803165435790991 ], [ -89.81536865234375, 30.80265045166021 ], [ -89.811233520507812, 30.798223495483398 ], [ -89.808807373046875, 30.797042846679719 ], [ -89.808074951171875, 30.79624366760256 ], [ -89.807899475097656, 30.795274734497028 ], [ -89.808769226074219, 30.793085098266591 ], [ -89.808372497558594, 30.791650772094755 ], [ -89.807182312011719, 30.791345596313469 ], [ -89.80609130859375, 30.791532516479521 ], [ -89.805267333984375, 30.792161941528306 ], [ -89.804840087890625, 30.793817520141598 ], [ -89.804168701171875, 30.794301986694347 ], [ -89.803474426269531, 30.794368743896481 ], [ -89.802902221679688, 30.794046401977532 ], [ -89.802627563476562, 30.793287277221687 ], [ -89.802696228027344, 30.792570114135728 ], [ -89.803390502929688, 30.79095649719233 ], [ -89.804397583007812, 30.789855957031257 ], [ -89.807884216308594, 30.78861618041994 ], [ -89.809616088867188, 30.787685394287134 ], [ -89.810729980468764, 30.787345886230504 ], [ -89.812103271484375, 30.787466049194311 ], [ -89.812583923339844, 30.787948608398423 ], [ -89.813003540039062, 30.789045333862305 ], [ -89.812446594238281, 30.791170120239247 ], [ -89.812385559082045, 30.792936325073267 ], [ -89.815597534179688, 30.795499801635735 ], [ -89.816925048828125, 30.795982360839822 ], [ -89.819091796875, 30.795042037963881 ], [ -89.819610595703125, 30.793783187866207 ], [ -89.820915222167969, 30.792451858520511 ], [ -89.821319580078125, 30.791673660278285 ], [ -89.821372985839844, 30.789873123168963 ], [ -89.821052551269531, 30.788421630859354 ], [ -89.819358825683594, 30.785648345947301 ], [ -89.818954467773438, 30.784187316894556 ], [ -89.819244384765625, 30.783201217651399 ], [ -89.820022583007812, 30.78220748901369 ], [ -89.821220397949219, 30.781288146972685 ], [ -89.8226318359375, 30.780244827270476 ], [ -89.824317932128906, 30.779441833496094 ], [ -89.825614929199219, 30.779909133911158 ], [ -89.826164245605469, 30.78051376342777 ], [ -89.82684326171875, 30.782821655273438 ], [ -89.82733154296875, 30.783168792724606 ], [ -89.827995300292969, 30.783224105834968 ], [ -89.828926086425781, 30.782865524292017 ], [ -89.829452514648438, 30.782373428344734 ], [ -89.829971313476562, 30.781332015991168 ], [ -89.830337524414062, 30.779628753662106 ], [ -89.830177307128906, 30.778522491455089 ], [ -89.828155517578125, 30.775991439819347 ], [ -89.827583312988281, 30.774627685546857 ], [ -89.827468872070327, 30.772077560424812 ], [ -89.828681945800781, 30.768550872802756 ], [ -89.829505920410156, 30.767885208129872 ], [ -89.831619262695312, 30.767511367797855 ], [ -89.832366943359375, 30.768955230712855 ], [ -89.832366943359375, 30.770109176635742 ], [ -89.832695007324219, 30.771070480346662 ], [ -89.833633422851562, 30.771730422973619 ], [ -89.834152221679688, 30.771705627441431 ], [ -89.834716796875, 30.771366119384762 ], [ -89.83526611328125, 30.770275115966776 ], [ -89.835273742675781, 30.769598007202131 ], [ -89.834793090820312, 30.768741607666023 ], [ -89.8330078125, 30.767389297485341 ], [ -89.832733154296875, 30.766946792602539 ], [ -89.832695007324219, 30.764766693115213 ], [ -89.830833435058594, 30.762542724609357 ], [ -89.829803466796875, 30.760759353637688 ], [ -89.826049804687514, 30.758827209472642 ], [ -89.8255615234375, 30.75819778442386 ], [ -89.8255615234375, 30.757503509521452 ], [ -89.826805114746094, 30.755880355834943 ], [ -89.827178955078125, 30.755718231201172 ], [ -89.827812194824219, 30.755596160888651 ], [ -89.830924987792969, 30.756059646606403 ], [ -89.832572937011719, 30.755807876586939 ], [ -89.833168029785156, 30.755329132080075 ], [ -89.833343505859389, 30.754667282104542 ], [ -89.833404541015625, 30.753763198852518 ], [ -89.833099365234375, 30.75312805175783 ], [ -89.830368041992188, 30.751256942748995 ], [ -89.829277038574233, 30.751131057739265 ], [ -89.827812194824219, 30.751617431640618 ], [ -89.826683044433594, 30.752473831176729 ], [ -89.826301574707031, 30.753404617309602 ], [ -89.825759887695312, 30.753984451293942 ], [ -89.824897766113281, 30.754341125488281 ], [ -89.824150085449219, 30.754972457885724 ], [ -89.823524475097656, 30.755237579345692 ], [ -89.822868347167969, 30.755149841308594 ], [ -89.8223876953125, 30.754442214965831 ], [ -89.8223876953125, 30.753803253173828 ], [ -89.825706481933594, 30.747117996215806 ], [ -89.825798034667969, 30.745346069335948 ], [ -89.825057983398438, 30.742624282836953 ], [ -89.8250732421875, 30.741666793823274 ], [ -89.825958251953125, 30.740650177001921 ], [ -89.828620910644531, 30.73926353454593 ], [ -89.828857421875, 30.738353729248072 ], [ -89.82861328125, 30.737901687622077 ], [ -89.828010559082031, 30.737356185913129 ], [ -89.826385498046875, 30.737173080444332 ], [ -89.822898864746094, 30.739887237548835 ], [ -89.820213317871094, 30.740505218505838 ], [ -89.816696166992188, 30.739887237548835 ], [ -89.816139221191406, 30.739454269409165 ], [ -89.816001892089844, 30.738719940185558 ], [ -89.816802978515625, 30.737392425537138 ], [ -89.819129943847656, 30.73670578002935 ], [ -89.821464538574219, 30.736429214477528 ], [ -89.823982238769531, 30.737026214599592 ], [ -89.827346801757812, 30.736011505126914 ], [ -89.829856872558594, 30.736631393432617 ], [ -89.832855224609375, 30.736913681030284 ], [ -89.834182739257827, 30.736635208129911 ], [ -89.835365295410156, 30.73607254028315 ], [ -89.836204528808594, 30.735353469848629 ], [ -89.836799621582031, 30.734474182128896 ], [ -89.836585998535156, 30.733537673950167 ], [ -89.835945129394531, 30.732791900634808 ], [ -89.834442138671875, 30.732078552246108 ], [ -89.833045959472656, 30.732017517089847 ], [ -89.830207824707031, 30.732831954956055 ], [ -89.828514099121094, 30.733028411865206 ], [ -89.827812194824219, 30.732610702514627 ], [ -89.827644348144531, 30.73193931579593 ], [ -89.828041076660156, 30.73097801208494 ], [ -89.829116821289062, 30.730318069458022 ], [ -89.830085754394531, 30.730100631713857 ], [ -89.833541870117188, 30.729959487915039 ], [ -89.835807800292969, 30.729446411132848 ], [ -89.836517333984375, 30.728937149047859 ], [ -89.836868286132812, 30.728013992309577 ], [ -89.836799621582031, 30.72752952575685 ], [ -89.836257934570312, 30.727010726928711 ], [ -89.834632873535156, 30.726545333862266 ], [ -89.832992553710938, 30.726572036743153 ], [ -89.82879638671875, 30.728149414062528 ], [ -89.826972961425781, 30.728591918945323 ], [ -89.825775146484375, 30.728195190429741 ], [ -89.8255615234375, 30.727186203002958 ], [ -89.8284912109375, 30.724302291870146 ], [ -89.830940246582031, 30.72288131713869 ], [ -89.831199645996094, 30.722400665283228 ], [ -89.831314086914062, 30.721281051635746 ], [ -89.829933166503906, 30.71663093566896 ], [ -89.829994201660156, 30.71612167358402 ], [ -89.830909729003906, 30.715341567993171 ], [ -89.832893371582031, 30.715219497680646 ], [ -89.835151672363295, 30.715618133544943 ], [ -89.836639404296875, 30.716201782226555 ], [ -89.837745666503906, 30.717153549194322 ], [ -89.839363098144531, 30.720502853393569 ], [ -89.840812683105469, 30.720933914184538 ], [ -89.842185974121094, 30.720638275146516 ], [ -89.842453002929688, 30.720230102539077 ], [ -89.842262268066406, 30.718786239624038 ], [ -89.840866088867188, 30.716430664062482 ], [ -89.840042114257812, 30.711629867553718 ], [ -89.840728759765625, 30.710002899169886 ], [ -89.841598510742188, 30.709169387817372 ], [ -89.8448486328125, 30.707660675048839 ], [ -89.846321105957031, 30.706663131713828 ], [ -89.846580505371094, 30.705537796020508 ], [ -89.845855712890625, 30.703969955444318 ], [ -89.843536376953125, 30.702323913574229 ], [ -89.841659545898438, 30.702526092529268 ], [ -89.839241027832031, 30.703956604003892 ], [ -89.837989807128906, 30.703847885131829 ], [ -89.835777282714844, 30.699367523193374 ], [ -89.836112976074219, 30.697677612304688 ], [ -89.837959289550781, 30.696113586425792 ], [ -89.8382568359375, 30.695657730102575 ], [ -89.8382568359375, 30.694934844970689 ], [ -89.8375244140625, 30.693725585937454 ], [ -89.835433959960938, 30.691993713378956 ], [ -89.835220336914062, 30.691606521606484 ], [ -89.835411071777344, 30.690977096557564 ], [ -89.83673095703125, 30.690385818481424 ], [ -89.838661193847656, 30.690336227416942 ], [ -89.840103149414062, 30.690565109252887 ], [ -89.842231750488281, 30.691291809081989 ], [ -89.844100952148438, 30.69131660461429 ], [ -89.844940185546875, 30.690437316894492 ], [ -89.845771789550781, 30.688108444213874 ], [ -89.845375061035156, 30.687105178832994 ], [ -89.844818115234375, 30.686843872070273 ], [ -89.842071533203125, 30.686386108398484 ], [ -89.841018676757812, 30.686538696289048 ], [ -89.839492797851562, 30.687507629394524 ], [ -89.837982177734375, 30.688140869140636 ], [ -89.837417602539062, 30.687805175781254 ], [ -89.837257385253906, 30.687433242797866 ], [ -89.8377685546875, 30.68596458435054 ], [ -89.838691711425781, 30.68449592590331 ], [ -89.84149169921875, 30.682056427001946 ], [ -89.842018127441406, 30.68112564086913 ], [ -89.842193603515625, 30.680095672607465 ], [ -89.841888427734375, 30.679229736328139 ], [ -89.840576171875, 30.678720474243161 ], [ -89.839859008789062, 30.678674697875991 ], [ -89.837615966796875, 30.679180145263658 ], [ -89.837142944335938, 30.678779602050756 ], [ -89.837051391601562, 30.677715301513693 ], [ -89.837722778320312, 30.676948547363271 ], [ -89.840446472167969, 30.676713943481456 ], [ -89.842056274414062, 30.676267623901371 ], [ -89.843589782714844, 30.674419403076108 ], [ -89.844497680664062, 30.672767639160174 ], [ -89.847190856933594, 30.670719146728491 ], [ -89.847129821777344, 30.669849395751935 ], [ -89.846275329589858, 30.66901206970218 ], [ -89.845054626464844, 30.668535232543963 ], [ -89.843742370605469, 30.668571472167983 ], [ -89.842269897460938, 30.669536590576186 ], [ -89.841773986816406, 30.671932220458977 ], [ -89.840522766113281, 30.673460006713871 ], [ -89.839157104492188, 30.673690795898409 ], [ -89.838096618652344, 30.672964096069318 ], [ -89.837806701660156, 30.671640396118153 ], [ -89.838737487792969, 30.66890144348141 ], [ -89.839630126953125, 30.667942047119148 ], [ -89.841499328613281, 30.666845321655309 ], [ -89.842529296875, 30.665849685668977 ], [ -89.843276977539062, 30.663509368896484 ], [ -89.844337463378906, 30.662946701049812 ], [ -89.845252990722656, 30.662794113159205 ], [ -89.846405029296875, 30.662971496582031 ], [ -89.847381591796875, 30.663431167602585 ], [ -89.847869873046875, 30.663789749145511 ], [ -89.848297119140639, 30.664831161499052 ], [ -89.848808288574219, 30.665014266967777 ], [ -89.849822998046875, 30.664918899536175 ], [ -89.850479125976562, 30.664592742919933 ], [ -89.851142883300781, 30.664154052734386 ], [ -89.852195739746094, 30.662746429443349 ], [ -89.85214996337892, 30.661487579345717 ], [ -89.851814270019531, 30.661010742187525 ], [ -89.850326538085938, 30.660377502441392 ], [ -89.846031188964844, 30.659786224365234 ], [ -89.841873168945312, 30.660711288452163 ], [ -89.840866088867188, 30.660606384277326 ], [ -89.840492248535156, 30.659675598144542 ], [ -89.840919494628906, 30.658325195312507 ], [ -89.8409423828125, 30.657239913940433 ], [ -89.840400695800795, 30.655277252197241 ], [ -89.841056823730469, 30.652786254882812 ], [ -89.841003417968764, 30.652278900146477 ], [ -89.840644836425781, 30.652017593383853 ], [ -89.839881896972656, 30.651905059814482 ], [ -89.8389892578125, 30.652219772338874 ], [ -89.838287353515625, 30.652786254882812 ], [ -89.837242126464844, 30.654220581054659 ], [ -89.836715698242188, 30.656301498413075 ], [ -89.835975646972656, 30.657110214233423 ], [ -89.834671020507812, 30.657493591308569 ], [ -89.83319091796875, 30.657327651977557 ], [ -89.832237243652344, 30.656175613403313 ], [ -89.830772399902344, 30.653505325317386 ], [ -89.830490112304688, 30.651077270507823 ], [ -89.829719543457031, 30.650611877441413 ], [ -89.825942993164062, 30.649936676025401 ], [ -89.82464599609375, 30.648862838745117 ], [ -89.824752807617188, 30.647792816162131 ], [ -89.825752258300781, 30.646301269531254 ], [ -89.825683593750014, 30.645116806030259 ], [ -89.824638366699219, 30.644914627075234 ], [ -89.821746826171875, 30.646396636962862 ], [ -89.821083068847656, 30.646341323852536 ], [ -89.820594787597656, 30.645927429199197 ], [ -89.820686340332031, 30.644807815551765 ], [ -89.821067810058594, 30.644208908081026 ], [ -89.823165893554702, 30.64305877685549 ], [ -89.823486328125, 30.642431259155245 ], [ -89.823715209960938, 30.640531539916989 ], [ -89.823387145996094, 30.639715194702148 ], [ -89.82281494140625, 30.639139175415053 ], [ -89.820838928222656, 30.638334274291989 ], [ -89.819869995117188, 30.638326644897464 ], [ -89.815719604492188, 30.639047622680675 ], [ -89.814765930175781, 30.638797760009751 ], [ -89.813934326171875, 30.638074874877933 ], [ -89.813888549804688, 30.636848449707024 ], [ -89.814537048339844, 30.635951995849549 ], [ -89.818008422851562, 30.633829116821275 ], [ -89.820297241210938, 30.631891250610348 ], [ -89.820144653320312, 30.628965377807621 ], [ -89.822410583496094, 30.62567520141603 ], [ -89.822738647460938, 30.623464584350575 ], [ -89.823188781738281, 30.622613906860341 ], [ -89.825279235839844, 30.621389389038082 ], [ -89.826988220214844, 30.621433258056626 ], [ -89.829254150390625, 30.622072219848658 ], [ -89.830101013183594, 30.621923446655256 ], [ -89.83074951171875, 30.61749076843261 ], [ -89.830245971679688, 30.616718292236307 ], [ -89.829093933105469, 30.616773605346637 ], [ -89.828346252441406, 30.617410659790018 ], [ -89.825202941894531, 30.618108749389663 ], [ -89.822242736816406, 30.619594573974634 ], [ -89.82135009765625, 30.61962509155272 ], [ -89.82086181640625, 30.61886405944826 ], [ -89.82080078125, 30.618066787719748 ], [ -89.820938110351562, 30.617258071899396 ], [ -89.822235107421875, 30.614967346191445 ], [ -89.822135925292969, 30.612209320068402 ], [ -89.823318481445312, 30.609008789062482 ], [ -89.823211669921875, 30.608039855957053 ], [ -89.822395324707031, 30.607320785522464 ], [ -89.821212768554688, 30.606939315795856 ], [ -89.820022583007812, 30.60753059387206 ], [ -89.81683349609375, 30.60843086242674 ], [ -89.815315246582031, 30.608375549316413 ], [ -89.814552307128906, 30.608116149902326 ], [ -89.813850402832031, 30.607532501220689 ], [ -89.813972473144531, 30.606569290161119 ], [ -89.814498901367188, 30.605962753295895 ], [ -89.816879272460938, 30.604946136474638 ], [ -89.818473815917969, 30.604709625244169 ], [ -89.819511413574219, 30.60490417480468 ], [ -89.821449279785156, 30.605955123901385 ], [ -89.821922302246094, 30.605983734130852 ], [ -89.822303771972656, 30.605819702148462 ], [ -89.822433471679688, 30.604738235473626 ], [ -89.819557189941406, 30.601619720458988 ], [ -89.816368103027344, 30.600223541259755 ], [ -89.814369201660156, 30.598833084106445 ], [ -89.814002990722656, 30.598157882690423 ], [ -89.81390380859375, 30.596843719482418 ], [ -89.814697265625, 30.596355438232454 ], [ -89.8153076171875, 30.596261978149382 ], [ -89.818603515625, 30.596803665161122 ], [ -89.819625854492188, 30.596595764160131 ], [ -89.8199462890625, 30.595804214477553 ], [ -89.819725036621094, 30.594949722290039 ], [ -89.818458557128906, 30.592498779296871 ], [ -89.817794799804688, 30.591993331909162 ], [ -89.816329956054688, 30.591455459594751 ], [ -89.815010070800781, 30.591384887695312 ], [ -89.813270568847656, 30.59190368652342 ], [ -89.812522888183594, 30.591894149780291 ], [ -89.8118896484375, 30.59092140197756 ], [ -89.811485290527344, 30.586843490600536 ], [ -89.811042785644531, 30.586523056030263 ], [ -89.807998657226562, 30.587511062622028 ], [ -89.807044982910156, 30.587148666381829 ], [ -89.80712890625, 30.586406707763668 ], [ -89.807693481445312, 30.585636138916033 ], [ -89.809669494628906, 30.584524154663054 ], [ -89.810890197753906, 30.584379196167006 ], [ -89.811553955078125, 30.584512710571307 ], [ -89.812660217285156, 30.585269927978512 ], [ -89.815155029296875, 30.585899353027326 ], [ -89.8155517578125, 30.585517883300742 ], [ -89.814300537109389, 30.583244323730476 ], [ -89.813026428222656, 30.581581115722635 ], [ -89.811859130859375, 30.58079910278321 ], [ -89.810066223144531, 30.580432891845703 ], [ -89.809638977050781, 30.580154418945288 ], [ -89.809722900390625, 30.578838348388672 ], [ -89.809028625488281, 30.576721191406225 ], [ -89.807685852050781, 30.574737548828121 ], [ -89.806793212890625, 30.572374343872035 ], [ -89.807083129882812, 30.570821762084911 ], [ -89.808151245117188, 30.568193435668924 ], [ -89.80767822265625, 30.567623138427731 ], [ -89.806114196777344, 30.567354202270572 ], [ -89.803749084472656, 30.567939758300742 ], [ -89.802192687988281, 30.568574905395483 ], [ -89.799392700195312, 30.569196701049805 ], [ -89.795127868652344, 30.569667816162113 ], [ -89.794082641601562, 30.569208145141634 ], [ -89.793685913085938, 30.56871795654299 ], [ -89.793693542480469, 30.567718505859364 ], [ -89.794296264648438, 30.566915512084979 ], [ -89.795303344726562, 30.566175460815458 ], [ -89.795600891113281, 30.565568923950188 ], [ -89.795280456542983, 30.564941406249993 ], [ -89.794647216796875, 30.564430236816392 ], [ -89.793235778808608, 30.56405258178712 ], [ -89.792007446289062, 30.564212799072237 ], [ -89.791465759277344, 30.565023422241232 ], [ -89.791122436523438, 30.566291809082028 ], [ -89.790969848632812, 30.569454193115256 ], [ -89.790748596191406, 30.569770812988249 ], [ -89.789505004882812, 30.570075988769513 ], [ -89.788101196289062, 30.56994247436522 ], [ -89.787406921386719, 30.569421768188509 ], [ -89.787063598632812, 30.568368911743146 ], [ -89.787498474121094, 30.566558837890629 ], [ -89.787872314453125, 30.566072463989251 ], [ -89.790206909179688, 30.563402175903299 ], [ -89.7916259765625, 30.562545776367223 ], [ -89.793899536132812, 30.562152862548853 ], [ -89.79559326171875, 30.56157684326174 ], [ -89.796630859375, 30.561527252197227 ], [ -89.797126770019531, 30.561582565307607 ], [ -89.79974365234375, 30.563306808471644 ], [ -89.80126953125, 30.563545227050753 ], [ -89.802764892578125, 30.562690734863256 ], [ -89.80328369140625, 30.56190490722658 ], [ -89.803779602050795, 30.560577392578104 ], [ -89.80389404296875, 30.55928611755369 ], [ -89.803199768066406, 30.557952880859354 ], [ -89.802330017089844, 30.55759429931642 ], [ -89.794898986816406, 30.556636810302741 ], [ -89.794189453125, 30.556051254272457 ], [ -89.792427062988281, 30.553298950195291 ], [ -89.791526794433594, 30.551094055175756 ], [ -89.791473388671875, 30.550327301025376 ], [ -89.791893005371094, 30.548597335815426 ], [ -89.792587280273438, 30.548149108886747 ], [ -89.794273376464844, 30.548156738281268 ], [ -89.795166015625, 30.548391342163125 ], [ -89.796310424804688, 30.549077987670913 ], [ -89.797233581542969, 30.54907989501951 ], [ -89.799385070800781, 30.547943115234421 ], [ -89.799942016601562, 30.548131942749013 ], [ -89.800384521484375, 30.548889160156275 ], [ -89.802909851074219, 30.550630569458022 ], [ -89.803489685058594, 30.550601959228544 ], [ -89.803916931152344, 30.550212860107404 ], [ -89.804046630859375, 30.549388885498036 ], [ -89.803756713867188, 30.549028396606449 ], [ -89.799392700195312, 30.547048568725568 ], [ -89.795707702636719, 30.546289443969705 ], [ -89.788475036621094, 30.544273376464837 ], [ -89.783927917480469, 30.543884277343729 ], [ -89.780174255371094, 30.544416427612283 ], [ -89.779098510742188, 30.54383468627935 ], [ -89.77752685546875, 30.541240692138679 ], [ -89.776954650878906, 30.539558410644524 ], [ -89.775062561035156, 30.538610458374048 ], [ -89.774261474609375, 30.53762435913087 ], [ -89.774276733398438, 30.536970138549822 ], [ -89.775398254394545, 30.536180496215859 ], [ -89.776321411132812, 30.535030364990252 ], [ -89.77703857421875, 30.533670425415064 ], [ -89.777198791503906, 30.532829284668008 ], [ -89.777053833007812, 30.532651901245139 ], [ -89.774940490722656, 30.53260993957521 ], [ -89.774589538574219, 30.532329559326207 ], [ -89.774116516113281, 30.531131744384794 ], [ -89.7733154296875, 30.530572891235312 ], [ -89.769912719726562, 30.52971458435055 ], [ -89.768989562988281, 30.528985977172873 ], [ -89.769065856933594, 30.528446197509783 ], [ -89.769386291503906, 30.528154373168935 ], [ -89.770881652832031, 30.52744293212891 ], [ -89.771385192871094, 30.526180267333949 ], [ -89.770919799804688, 30.525667190551808 ], [ -89.77008056640625, 30.525695800781275 ], [ -89.769477844238281, 30.52515983581544 ], [ -89.769485473632812, 30.524837493896506 ], [ -89.770210266113281, 30.524307250976555 ], [ -89.770675659179688, 30.523298263549783 ], [ -89.7698974609375, 30.522277832031246 ], [ -89.770126342773452, 30.521291732788107 ], [ -89.770896911621094, 30.521053314208963 ], [ -89.772590637207031, 30.521236419677713 ], [ -89.772834777832031, 30.520975112915064 ], [ -89.772666931152344, 30.520494461059553 ], [ -89.771415710449219, 30.519542694091825 ], [ -89.769195556640625, 30.518436431884737 ], [ -89.767623901367188, 30.513202667236321 ], [ -89.766647338867188, 30.513298034667979 ], [ -89.764518737792969, 30.515150070190401 ], [ -89.763740539550781, 30.515485763549801 ], [ -89.760505676269531, 30.515569686889684 ], [ -89.759773254394531, 30.517238616943359 ], [ -89.758964538574219, 30.518186569213871 ], [ -89.757881164550781, 30.518627166748047 ], [ -89.757270812988281, 30.518148422241193 ], [ -89.757423400878906, 30.516687393188498 ], [ -89.759002685546889, 30.514944076538061 ], [ -89.758598327636719, 30.513784408569347 ], [ -89.7587890625, 30.512872695922884 ], [ -89.759269714355469, 30.512489318847667 ], [ -89.760635375976562, 30.512077331542997 ], [ -89.760597229003906, 30.511859893798842 ], [ -89.757057189941406, 30.509212493896474 ], [ -89.7562255859375, 30.509130477905273 ], [ -89.754768371582031, 30.509622573852525 ], [ -89.754280090332031, 30.509351730346669 ], [ -89.754249572753906, 30.508867263793991 ], [ -89.754684448242188, 30.50813865661619 ], [ -89.755699157714844, 30.507488250732393 ], [ -89.758201599121094, 30.507091522216808 ], [ -89.758514404296875, 30.505752563476577 ], [ -89.758064270019531, 30.505214691162063 ], [ -89.757476806640625, 30.505096435546871 ], [ -89.755668640136719, 30.505453109741204 ], [ -89.754257202148438, 30.506309509277333 ], [ -89.753570556640625, 30.50758171081543 ], [ -89.753067016601562, 30.507600784301736 ], [ -89.752799987792969, 30.507181167602557 ], [ -89.752937316894531, 30.505849838256818 ], [ -89.753677368164062, 30.504184722900359 ], [ -89.753677368164062, 30.503774642944329 ], [ -89.753013610839844, 30.502897262573239 ], [ -89.7529296875, 30.50214004516604 ], [ -89.753875732421875, 30.501482009887695 ], [ -89.756362915039062, 30.501562118530309 ], [ -89.757293701171875, 30.501161575317397 ], [ -89.757759094238281, 30.5 ], [ -89.757606506347656, 30.499582290649393 ], [ -89.756935119628906, 30.49905014038087 ], [ -89.75616455078125, 30.498685836791967 ], [ -89.755119323730469, 30.499864578247081 ], [ -89.754264831542969, 30.5 ], [ -89.754264831542969, 30.500333786010764 ], [ -89.752334594726562, 30.500482559204116 ], [ -89.750320434570312, 30.501743316650415 ], [ -89.747718811035156, 30.50155830383299 ], [ -89.74700927734375, 30.502222061157205 ], [ -89.746368408203125, 30.50242805480957 ], [ -89.746429443359375, 30.499694824218729 ], [ -89.74560546875, 30.498786926269556 ], [ -89.745208740234375, 30.497848510742173 ], [ -89.744659423828125, 30.49800872802729 ], [ -89.744209289550781, 30.498558044433548 ], [ -89.742912292480469, 30.498649597167976 ], [ -89.742828369140625, 30.497894287109375 ], [ -89.742088317871094, 30.497299194335923 ], [ -89.742088317871094, 30.497024536132852 ], [ -89.74285888671875, 30.496383666992184 ], [ -89.74298095703125, 30.49576377868652 ], [ -89.742637634277344, 30.495216369628899 ], [ -89.742881774902344, 30.494939804077156 ], [ -89.746894836425781, 30.493793487548789 ], [ -89.747421264648438, 30.49312782287598 ], [ -89.747108459472656, 30.492534637451183 ], [ -89.744705200195312, 30.492168426513672 ], [ -89.743087768554688, 30.493108749389627 ], [ -89.74224853515625, 30.494161605834982 ], [ -89.741317749023438, 30.494367599487305 ], [ -89.739654541015625, 30.495513916015643 ], [ -89.737190246582031, 30.495470046997038 ], [ -89.734550476074219, 30.494531631469734 ], [ -89.73370361328125, 30.495447158813501 ], [ -89.732933044433594, 30.495653152465842 ], [ -89.732933044433594, 30.495128631591797 ], [ -89.733596801757812, 30.49384689331059 ], [ -89.733383178710938, 30.49263191223146 ], [ -89.732856750488281, 30.492242813110348 ], [ -89.732147216796875, 30.492454528808583 ], [ -89.730300903320312, 30.491863250732433 ], [ -89.729896545410156, 30.491540908813501 ], [ -89.730247497558594, 30.490392684936531 ], [ -89.730056762695312, 30.490074157714844 ], [ -89.729476928710938, 30.489942550659158 ], [ -89.727340698242188, 30.490186691284148 ], [ -89.726676940917969, 30.492250442504893 ], [ -89.726089477539062, 30.492370605468736 ], [ -89.72454833984375, 30.49171257019043 ], [ -89.7232666015625, 30.490177154541019 ], [ -89.721534729003906, 30.488742828369144 ], [ -89.721122741699219, 30.488418579101538 ], [ -89.720817565917969, 30.487644195556598 ], [ -89.720741271972656, 30.486503601074219 ], [ -89.721694946289062, 30.483749389648434 ], [ -89.723434448242188, 30.483198165893558 ], [ -89.723609924316406, 30.482152938842756 ], [ -89.72216796875, 30.481365203857354 ], [ -89.721786499023438, 30.481487274169936 ], [ -89.720497131347656, 30.482904434204102 ], [ -89.719589233398438, 30.482976913452124 ], [ -89.719062805175781, 30.48266792297364 ], [ -89.718391418457031, 30.481475830078168 ], [ -89.717254638671875, 30.48085594177244 ], [ -89.715675354003906, 30.477523803710959 ], [ -89.712432861328125, 30.477319717407234 ], [ -89.710853576660156, 30.478025436401346 ], [ -89.710105895996094, 30.478118896484343 ], [ -89.709487915039062, 30.477661132812489 ], [ -89.70880126953125, 30.47629165649413 ], [ -89.7081298828125, 30.475793838500984 ], [ -89.708671569824219, 30.473291397094737 ], [ -89.708160400390625, 30.47286224365234 ], [ -89.706809997558594, 30.472837448120153 ], [ -89.705474853515625, 30.472158432006839 ], [ -89.704734802246094, 30.470174789428736 ], [ -89.704231262207031, 30.466552734375057 ], [ -89.705741882324219, 30.465368270873991 ], [ -89.705543518066406, 30.46464347839354 ], [ -89.703117370605469, 30.46396255493168 ], [ -89.701736450195312, 30.46492385864256 ], [ -89.701019287109375, 30.464910507202134 ], [ -89.69580078125, 30.463077545165987 ], [ -89.692405700683594, 30.460470199584954 ], [ -89.69004058837892, 30.459466934204094 ], [ -89.689834594726562, 30.458999633789066 ], [ -89.690223693847656, 30.457328796386761 ], [ -89.689109802246094, 30.455989837646502 ], [ -89.689033508300781, 30.45533370971679 ], [ -89.69000244140625, 30.454090118408217 ], [ -89.690185546875, 30.45362663269043 ], [ -89.689987182617188, 30.453218460082994 ], [ -89.689605712890625, 30.453041076660117 ], [ -89.687294006347656, 30.453273773193377 ], [ -89.686775207519531, 30.453731536865217 ], [ -89.686683654785156, 30.454513549804627 ], [ -89.686325073242188, 30.454654693603523 ], [ -89.685821533203125, 30.454313278198235 ], [ -89.685775756835938, 30.45300483703619 ], [ -89.685470581054688, 30.452602386474577 ], [ -89.683586120605483, 30.451887130737269 ], [ -89.683349609375014, 30.451602935790984 ], [ -89.683349609375014, 30.451181411743121 ], [ -89.683891296386719, 30.450551986694368 ], [ -89.684028625488281, 30.44812202453614 ], [ -89.684715270996094, 30.446889877319329 ], [ -89.684738159179688, 30.446382522582994 ], [ -89.684394836425781, 30.44606781005858 ], [ -89.682769775390625, 30.445617675781243 ], [ -89.682388305664062, 30.445215225219734 ], [ -89.682594299316406, 30.444379806518569 ], [ -89.682533264160156, 30.44214820861815 ], [ -89.68475341796875, 30.439851760864247 ], [ -89.684181213378906, 30.437047958374016 ], [ -89.683212280273438, 30.435415267944343 ], [ -89.683799743652344, 30.433963775634751 ], [ -89.683135986328125, 30.433567047119112 ], [ -89.681297302246094, 30.433986663818345 ], [ -89.680488586425781, 30.433666229248029 ], [ -89.680168151855469, 30.43317413330081 ], [ -89.679992675781264, 30.43089866638185 ], [ -89.680671691894531, 30.427177429199212 ], [ -89.680099487304688, 30.426649093627926 ], [ -89.679054260253906, 30.426387786865192 ], [ -89.678680419921889, 30.425991058349606 ], [ -89.679145812988281, 30.425437927246108 ], [ -89.680130004882812, 30.425109863281236 ], [ -89.680587768554688, 30.42469596862793 ], [ -89.680908203125, 30.424150466918928 ], [ -89.68084716796875, 30.423009872436523 ], [ -89.67950439453125, 30.420833587646523 ], [ -89.679389953613295, 30.420068740844719 ], [ -89.679786682128906, 30.41868400573728 ], [ -89.679229736328125, 30.418228149414031 ], [ -89.677650451660156, 30.418241500854478 ], [ -89.677223205566406, 30.417934417724627 ], [ -89.67742919921875, 30.417558670043935 ], [ -89.678909301757812, 30.416917800903338 ], [ -89.679214477539062, 30.416536331176779 ], [ -89.67938232421875, 30.416048049926744 ], [ -89.678459167480469, 30.413820266723668 ], [ -89.678596496582031, 30.413303375244155 ], [ -89.680068969726562, 30.411207199096712 ], [ -89.681106567382812, 30.411300659179695 ], [ -89.681632995605469, 30.412307739257841 ], [ -89.682258605957031, 30.412799835205075 ], [ -89.683609008789062, 30.412714004516594 ], [ -89.68405914306642, 30.412454605102546 ], [ -89.684226989746094, 30.411783218383793 ], [ -89.68304443359375, 30.410991668701193 ], [ -89.682586669921875, 30.409969329833967 ], [ -89.682731628417969, 30.409542083740188 ], [ -89.683944702148438, 30.408508300781204 ], [ -89.683837890625, 30.406366348266666 ], [ -89.683624267578125, 30.405681610107433 ], [ -89.68231201171875, 30.404411315917937 ], [ -89.681694030761719, 30.402978897094751 ], [ -89.680610656738281, 30.402517318725536 ], [ -89.679283142089858, 30.402381896972617 ], [ -89.679122924804688, 30.402139663696296 ], [ -89.679290771484375, 30.40039443969723 ], [ -89.679092407226562, 30.399797439575217 ], [ -89.677459716796875, 30.397977828979467 ], [ -89.677154541015625, 30.395866394042979 ], [ -89.676246643066406, 30.393306732177738 ], [ -89.675834655761719, 30.392946243286136 ], [ -89.673698425292969, 30.392652511596669 ], [ -89.673370361328125, 30.392217636108374 ], [ -89.673049926757812, 30.389804840087915 ], [ -89.6715087890625, 30.387710571289034 ], [ -89.671226501464844, 30.385406494140607 ], [ -89.670074462890625, 30.382236480712844 ], [ -89.66790771484375, 30.380195617675781 ], [ -89.666786193847656, 30.379678726196264 ], [ -89.664573669433594, 30.379308700561531 ], [ -89.664093017578125, 30.378971099853572 ], [ -89.665985107421889, 30.377323150634766 ], [ -89.665802001953125, 30.376808166503924 ], [ -89.663673400878906, 30.376506805419865 ], [ -89.663162231445312, 30.37601470947266 ], [ -89.664390563964844, 30.375221252441417 ], [ -89.664306640625014, 30.374429702758803 ], [ -89.662651062011719, 30.373674392700202 ], [ -89.660514831542969, 30.373531341552713 ], [ -89.660102844238281, 30.37322425842288 ], [ -89.659950256347656, 30.372732162475629 ], [ -89.662185668945312, 30.371534347534194 ], [ -89.662147521972656, 30.371074676513647 ], [ -89.661048889160156, 30.370647430419918 ], [ -89.658737182617188, 30.369085311889627 ], [ -89.658905029296875, 30.368341445922862 ], [ -89.658416748046875, 30.367155075073249 ], [ -89.65863037109375, 30.366645812988317 ], [ -89.659553527832031, 30.365266799926712 ], [ -89.660888671875, 30.364019393920902 ], [ -89.660629272460938, 30.363424301147504 ], [ -89.659202575683594, 30.363231658935568 ], [ -89.658760070800781, 30.362974166870121 ], [ -89.65924072265625, 30.361389160156282 ], [ -89.65789794921875, 30.359703063964826 ], [ -89.657951354980469, 30.358655929565458 ], [ -89.657630920410156, 30.358413696289059 ], [ -89.656578063964844, 30.358253479003913 ], [ -89.657135009765625, 30.356319427490245 ], [ -89.656639099121094, 30.356031417846694 ], [ -89.654731750488295, 30.356124877929698 ], [ -89.654335021972656, 30.355817794799833 ], [ -89.6539306640625, 30.354299545288107 ], [ -89.653495788574219, 30.354017257690412 ], [ -89.652809143066406, 30.354019165039048 ], [ -89.652488708496094, 30.354309082031282 ], [ -89.652633666992188, 30.355344772338935 ], [ -89.652427673339844, 30.355827331542976 ], [ -89.651573181152344, 30.355829238891598 ], [ -89.650863647460938, 30.354433059692386 ], [ -89.650192260742202, 30.353683471679673 ], [ -89.647499084472656, 30.352781295776367 ], [ -89.645973205566406, 30.351783752441388 ], [ -89.645561218261719, 30.35112190246582 ], [ -89.645439147949219, 30.348442077636701 ], [ -89.6451416015625, 30.347934722900366 ], [ -89.6446533203125, 30.347763061523459 ], [ -89.643440246582031, 30.348039627075192 ], [ -89.642257690429688, 30.348897933959989 ], [ -89.64166259765625, 30.348600387573214 ], [ -89.641593933105469, 30.347961425781261 ], [ -89.642105102539062, 30.346548080444311 ], [ -89.641845703125, 30.34606361389157 ], [ -89.640922546386719, 30.345806121826183 ], [ -89.639503479003906, 30.345930099487287 ], [ -89.637969970703139, 30.346996307373111 ], [ -89.636962890625, 30.347263336181634 ], [ -89.636405944824219, 30.346393585205103 ], [ -89.636505126953125, 30.344907760620153 ], [ -89.636238098144531, 30.343778610229482 ], [ -89.634262084960938, 30.342777252197283 ], [ -89.633674621582031, 30.340873718261701 ], [ -89.633087158203125, 30.340084075927788 ], [ -89.63238525390625, 30.339632034301726 ], [ -89.630470275878906, 30.339439392089822 ], [ -89.629669189453125, 30.339094161987312 ], [ -89.629539489746094, 30.338762283325178 ], [ -89.629814147949219, 30.337802886962887 ], [ -89.630569458007812, 30.337291717529247 ], [ -89.630180358886733, 30.335832595825181 ], [ -89.630340576171875, 30.332740783691399 ], [ -89.632392883300781, 30.328691482543938 ], [ -89.632652282714844, 30.327756881713849 ], [ -89.632125854492188, 30.326610565185561 ], [ -89.629669189453125, 30.326765060424798 ], [ -89.628952026367188, 30.326492309570288 ], [ -89.628730773925781, 30.326055526733381 ], [ -89.628875732421875, 30.325111389160156 ], [ -89.630470275878906, 30.324737548828139 ], [ -89.630561828613281, 30.32440567016603 ], [ -89.629562377929688, 30.321348190307596 ], [ -89.630012512207031, 30.32048416137695 ], [ -89.630523681640625, 30.320442199707035 ], [ -89.632415771484375, 30.321596145629847 ], [ -89.633682250976562, 30.321561813354474 ], [ -89.633934020996094, 30.321086883544933 ], [ -89.633262634277344, 30.32023811340331 ], [ -89.631790161132812, 30.319705963134773 ], [ -89.629791259765625, 30.317222595214872 ], [ -89.626548767089844, 30.315263748168963 ], [ -89.626121520996094, 30.314447402954109 ], [ -89.626167297363281, 30.314062118530288 ], [ -89.627670288085938, 30.313034057617145 ], [ -89.62876129150392, 30.311580657958991 ], [ -89.630577087402344, 30.310245513916048 ], [ -89.631584167480469, 30.30913734436038 ], [ -89.634056091308594, 30.309757232666026 ], [ -89.633827209472656, 30.3084011077881 ], [ -89.6341552734375, 30.308061599731456 ], [ -89.639816284179688, 30.307088851928736 ], [ -89.641105651855469, 30.305568695068349 ], [ -89.641647338867188, 30.303606033325224 ], [ -89.641464233398438, 30.303071975708018 ], [ -89.640640258789062, 30.301120758056651 ], [ -89.640312194824219, 30.298883438110355 ], [ -89.640205383300781, 30.297357559204087 ], [ -89.640457153320312, 30.295274734497085 ], [ -89.641189575195312, 30.294111251831072 ], [ -89.641990661621094, 30.293455123901392 ], [ -89.646965026855469, 30.291585922241204 ], [ -89.64739990234375, 30.291067123413097 ], [ -89.64752197265625, 30.290309906005842 ], [ -89.647186279296875, 30.28914070129392 ], [ -89.645790100097656, 30.288017272949219 ], [ -89.643386840820312, 30.287488937377926 ], [ -89.6385498046875, 30.287881851196289 ], [ -89.638046264648438, 30.286970138549854 ], [ -89.637588500976562, 30.284837722778299 ], [ -89.631355285644531, 30.279468536376992 ], [ -89.630462646484375, 30.276367187500032 ], [ -89.631439208984375, 30.273284912109339 ], [ -89.632453918457031, 30.271232604980469 ], [ -89.632415771484375, 30.268325805664066 ], [ -89.630958557128906, 30.267036437988274 ], [ -89.629707336425795, 30.267000198364258 ], [ -89.625961303710938, 30.265562057495149 ], [ -89.625442504882812, 30.264881134033232 ], [ -89.625373840332031, 30.263177871704137 ], [ -89.62567138671875, 30.262475967407266 ], [ -89.62628173828125, 30.261989593505852 ], [ -89.627578735351562, 30.261779785156271 ], [ -89.630592346191406, 30.261890411376989 ], [ -89.631156921386719, 30.261510848999073 ], [ -89.632171630859375, 30.259941101074201 ], [ -89.631736755371094, 30.25672912597658 ], [ -89.630157470703125, 30.254735946655249 ], [ -89.626861572265625, 30.251550674438509 ], [ -89.623199462890625, 30.249300003051719 ], [ -89.618904113769531, 30.248300552368164 ], [ -89.616104125976562, 30.24720001220707 ], [ -89.615402221679688, 30.246599197387642 ], [ -89.614105224609375, 30.244400024414048 ], [ -89.613800048828125, 30.243099212646502 ], [ -89.613998413085938, 30.241300582885767 ], [ -89.615798950195312, 30.235099792480497 ], [ -89.616996765136719, 30.227300643920877 ], [ -89.616905212402358, 30.225400924682624 ], [ -89.615798950195312, 30.222999572753864 ], [ -89.614303588867188, 30.221099853515632 ], [ -89.611701965332031, 30.218599319457969 ], [ -89.610603332519531, 30.217899322509787 ], [ -89.607597351074219, 30.216899871826232 ], [ -89.603500366210952, 30.216499328613256 ], [ -89.6011962890625, 30.215900421142571 ], [ -89.597000122070312, 30.211999893188441 ], [ -89.595596313476562, 30.210300445556616 ], [ -89.592597961425781, 30.205200195312461 ], [ -89.589996337890625, 30.201999664306594 ], [ -89.588798522949219, 30.200099945068335 ], [ -89.587303161621094, 30.194999694824251 ], [ -89.585700988769531, 30.19190025329587 ], [ -89.580703735351562, 30.186000823974606 ], [ -89.576797485351577, 30.18289756774902 ], [ -89.57440185546875, 30.181499481201161 ], [ -89.571907043457031, 30.18040084838869 ], [ -89.57010650634767, 30.18009948730468 ], [ -89.56719970703125, 30.180599212646456 ], [ -89.562202453613281, 30.182199478149407 ], [ -89.554603576660156, 30.185600280761715 ], [ -89.550796508789062, 30.188999176025366 ], [ -89.549003601074219, 30.19140052795408 ], [ -89.546905517578125, 30.192899703979506 ], [ -89.5447998046875, 30.194000244140607 ], [ -89.541397094726562, 30.195199966430671 ], [ -89.538597106933594, 30.195600509643544 ], [ -89.534797668457031, 30.195100784301719 ], [ -89.533302307128906, 30.194599151611325 ], [ -89.532302856445312, 30.194000244140607 ], [ -89.530601501464858, 30.19230079650881 ], [ -89.527900695800781, 30.188499450683562 ], [ -89.526802062988281, 30.185400009155266 ], [ -89.525703430175781, 30.18350028991701 ], [ -89.525192260742188, 30.182306289672855 ], [ -89.531158447265625, 30.17690277099608 ], [ -89.536796569824219, 30.18041419982908 ], [ -89.544235229492188, 30.181467056274432 ], [ -89.557098388671875, 30.179841995239293 ], [ -89.566535949707031, 30.174457550048832 ], [ -89.573074340820312, 30.167289733886701 ], [ -89.572174072265625, 30.159982681274411 ], [ -89.584609985351562, 30.151348114013661 ], [ -89.594970703125, 30.149694442749031 ], [ -89.598526000976562, 30.152418136596651 ], [ -89.619087219238281, 30.156402587890614 ], [ -89.622390747070312, 30.151969909667976 ], [ -89.625, 30.15329933166506 ], [ -89.625, 30.154708862304688 ], [ -89.629074096679688, 30.15589523315429 ], [ -89.634056091308594, 30.156881332397464 ], [ -89.640449523925781, 30.158037185668913 ], [ -89.643959045410156, 30.158233642578161 ], [ -89.650382995605469, 30.157949447631857 ], [ -89.655349731445312, 30.159107208251957 ], [ -89.658721923828125, 30.161235809326175 ], [ -89.661544799804688, 30.164413452148477 ], [ -89.662879943847656, 30.165550231933615 ], [ -89.664710998535156, 30.166597366333011 ], [ -89.680076599121094, 30.173446655273416 ], [ -89.683067321777344, 30.174636840820288 ], [ -89.685234069824219, 30.175151824951186 ], [ -89.687881469726562, 30.175291061401381 ], [ -89.689224243164062, 30.175144195556648 ], [ -89.692520141601562, 30.174043655395518 ], [ -89.694061279296875, 30.172889709472692 ], [ -89.696434020996094, 30.169240951538047 ], [ -89.697563171386719, 30.168014526367223 ], [ -89.698799133300781, 30.167192459106474 ], [ -89.702278137207031, 30.165557861328121 ], [ -89.711662292480469, 30.161788940429688 ], [ -89.715621948242188, 30.160646438598604 ], [ -89.719276428222656, 30.16083526611331 ], [ -89.722427368164062, 30.162010192871115 ], [ -89.723640441894531, 30.162708282470732 ], [ -89.726104736328125, 30.164480209350565 ], [ -89.733032226562514, 30.170984268188452 ], [ -89.736953735351562, 30.174306869506843 ], [ -89.741065979003906, 30.176282882690408 ], [ -89.743820190429688, 30.176982879638661 ], [ -89.745010375976562, 30.17704582214354 ], [ -89.748367309570312, 30.176544189453121 ], [ -89.754402160644531, 30.173278808593768 ], [ -89.780303955078139, 30.157457351684577 ], [ -89.790016174316406, 30.152576446533196 ], [ -89.794822692871094, 30.150951385498033 ], [ -89.798309326171875, 30.150621414184567 ], [ -89.800483703613281, 30.150720596313487 ], [ -89.804641723632812, 30.151685714721655 ], [ -89.807830810546875, 30.152975082397425 ], [ -89.811065673828125, 30.155160903930646 ], [ -89.813117980957045, 30.157138824462869 ], [ -89.815414428710938, 30.161308288574233 ], [ -89.816261291503906, 30.164464950561513 ], [ -89.816314697265625, 30.166038513183594 ], [ -89.815696716308594, 30.168930053710948 ], [ -89.815673828125, 30.17099571228027 ], [ -89.815948486328125, 30.173549652099616 ], [ -89.816749572753906, 30.175926208496087 ], [ -89.818077087402344, 30.178314208984361 ], [ -89.819107055664062, 30.179534912109379 ], [ -89.8211669921875, 30.181394577026385 ], [ -89.823928833007812, 30.183221817016598 ], [ -89.826347351074219, 30.184232711791985 ], [ -89.829193115234375, 30.185068130493136 ], [ -89.833183288574219, 30.18585395812989 ], [ -89.842491149902344, 30.187086105346658 ], [ -89.85845947265625, 30.189275741577177 ], [ -89.860923767089844, 30.189926147460941 ], [ -89.865432739257812, 30.192110061645526 ], [ -89.86822509765625, 30.194364547729506 ], [ -89.870620727539062, 30.197095870971694 ], [ -89.871986389160156, 30.198097229003867 ], [ -89.873939514160156, 30.198881149291999 ], [ -89.875503540039062, 30.199129104614258 ], [ -89.878623962402344, 30.198997497558615 ], [ -89.884117126464844, 30.198009490966815 ], [ -89.888656616210938, 30.196836471557663 ], [ -89.896934509277344, 30.194128036499038 ], [ -89.901390075683594, 30.192281723022447 ], [ -89.912452697753906, 30.187589645385735 ], [ -89.993446350097656, 30.150115966796882 ], [ -89.996040344238281, 30.149440765380888 ], [ -89.996200561523438, 30.149425506591808 ], [ -89.997589111328125, 30.149358749389638 ], [ -90.0, 30.150011062622056 ], [ -90.006034851074219, 30.153282165527319 ], [ -90.0157470703125, 30.159084320068349 ], [ -90.027290344238281, 30.167312622070302 ], [ -90.031585693359375, 30.169477462768548 ], [ -90.037269592285156, 30.171361923217749 ], [ -90.040412902832031, 30.172304153442358 ], [ -90.047233581542969, 30.173603057861353 ], [ -90.049270629882812, 30.173801422119105 ], [ -90.061515808105469, 30.174943923950178 ], [ -90.068511962890625, 30.175569534301747 ], [ -90.071998596191406, 30.176393508911126 ], [ -90.075302124023438, 30.125 ], [ -90.081443786621094, 30.046646118164066 ], [ -90.075881958007827, 30.035366058349577 ], [ -90.073997497558594, 30.031002044677724 ], [ -90.070602416992188, 30.023101806640689 ], [ -90.070602416992188, 30.021102905273413 ], [ -90.069900512695327, 30.016002655029304 ], [ -90.069503784179688, 30.011701583862305 ], [ -90.076507568359375, 30.011302947998061 ], [ -90.076797485351562, 30.015502929687528 ], [ -90.077102661132812, 30.020801544189485 ], [ -90.079200744628906, 30.020702362060558 ], [ -90.082801818847656, 30.020502090454105 ], [ -90.08380126953125, 30.017902374267543 ], [ -90.084800720214844, 30.010902404785181 ], [ -90.084999084472656, 30.006502151489276 ], [ -90.08380126953125, 30.00620269775392 ], [ -90.084701538085938, 30.003601074218771 ], [ -90.083503723144531, 30.002002716064489 ], [ -90.082901000976562, 30.000701904296893 ], [ -90.083000183105469, 30.000501632690401 ], [ -90.084907531738281, 29.999702453613274 ], [ -90.084999084472656, 29.999101638793963 ], [ -90.084907531738281, 29.998102188110355 ], [ -90.085540771484375, 29.995058059692344 ], [ -90.08599853515625, 29.992902755737326 ], [ -90.086105346679688, 29.992502212524396 ], [ -90.087196350097656, 29.989002227783207 ], [ -90.089202880859375, 29.983501434326147 ], [ -90.090301513671875, 29.982402801513697 ], [ -90.08740234375, 29.979701995849627 ], [ -90.088401794433594, 29.978202819824208 ], [ -90.089202880859375, 29.977302551269506 ], [ -90.090202331542969, 29.975801467895469 ], [ -90.091026306152344, 29.97298049926761 ], [ -90.092704772949219, 29.974702835082976 ], [ -90.094306945800781, 29.975801467895469 ], [ -90.0968017578125, 29.977401733398459 ], [ -90.100997924804688, 29.980102539062532 ], [ -90.104103088378906, 29.976701736450224 ], [ -90.105796813964844, 29.977901458740252 ], [ -90.109596252441406, 29.973701477050803 ], [ -90.110336303710938, 29.97224235534668 ], [ -90.112129211425781, 29.977020263671861 ], [ -90.113960266113281, 29.977279663085938 ], [ -90.11474609375, 29.976545333862322 ], [ -90.114074707031264, 29.975990295410138 ], [ -90.116401672363281, 29.973901748657198 ], [ -90.117202758789062, 29.974601745605476 ], [ -90.117996215820312, 29.973901748657191 ], [ -90.118904113769531, 29.974601745605476 ], [ -90.119796752929688, 29.973602294921861 ], [ -90.12139892578125, 29.97500228881832 ], [ -90.124801635742188, 29.975902557373065 ], [ -90.124702453613281, 29.974002838134812 ], [ -90.124900817871094, 29.972902297973583 ], [ -90.125701904296875, 29.971902847290067 ], [ -90.139358520507812, 29.973133087158192 ], [ -90.143104553222656, 29.973501205444336 ], [ -90.151901245117202, 29.974302291870135 ], [ -90.154701232910156, 29.974401473999002 ], [ -90.160430908203125, 29.974809646606438 ], [ -90.161705017089844, 29.97500228881832 ], [ -90.161796569824219, 29.970602035522482 ], [ -90.161903381347656, 29.970001220703107 ], [ -90.162101745605469, 29.966402053832976 ], [ -90.162200927734375, 29.963201522827177 ], [ -90.161003112792983, 29.963102340698214 ], [ -90.159202575683594, 29.963102340698207 ], [ -90.158599853515625, 29.962802886962912 ], [ -90.156997680664062, 29.963001251220721 ], [ -90.15679931640625, 29.963001251220721 ], [ -90.154701232910156, 29.962902069091776 ], [ -90.152305603027344, 29.962802886962912 ], [ -90.152000427246094, 29.970001220703107 ], [ -90.145027160644531, 29.969329833984368 ], [ -90.135009765625014, 29.968610763549833 ], [ -90.130302429199219, 29.968502044677702 ], [ -90.128067016601562, 29.96813392639157 ], [ -90.128799438476562, 29.966901779174769 ], [ -90.130599975585952, 29.963901519775405 ], [ -90.133003234863281, 29.964702606201183 ], [ -90.136505126953125, 29.965101242065433 ], [ -90.137100219726562, 29.963701248168935 ], [ -90.137100219726562, 29.961702346801736 ], [ -90.136199951171875, 29.953901290893583 ], [ -90.13690185546875, 29.953102111816417 ], [ -90.137855529785156, 29.951196670532219 ], [ -90.135383605957031, 29.950513839721644 ], [ -90.130203247070312, 29.946401596069293 ], [ -90.13250732421875, 29.944301605224638 ], [ -90.126907348632812, 29.939901351928704 ], [ -90.128196716308594, 29.938301086425735 ], [ -90.126800537109375, 29.937202453613278 ], [ -90.125396728515625, 29.936101913452173 ], [ -90.121307373046875, 29.933301925659208 ], [ -90.120704650878906, 29.932802200317404 ], [ -90.117996215820312, 29.930902481079091 ], [ -90.119598388671875, 29.926502227783203 ], [ -90.120597839355469, 29.923801422119123 ], [ -90.121307373046875, 29.922101974487347 ], [ -90.121597290039062, 29.921201705932635 ], [ -90.119003295898438, 29.920501708984382 ], [ -90.114997863769531, 29.919801712036126 ], [ -90.115402221679688, 29.918401718139691 ], [ -90.11590576171875, 29.916402816772493 ], [ -90.116241455078125, 29.915395736694318 ], [ -90.112091064453125, 29.915447235107433 ], [ -90.112106323242188, 29.915802001953136 ], [ -90.107902526855469, 29.916101455688445 ], [ -90.108001708984375, 29.91650199890136 ], [ -90.107902526855469, 29.918201446533175 ], [ -90.100906372070327, 29.918701171875007 ], [ -90.101104736328125, 29.920801162719691 ], [ -90.097801208496094, 29.921102523803729 ], [ -90.097396850585938, 29.917301177978494 ], [ -90.093002319335938, 29.917701721191381 ], [ -90.088798522949219, 29.918001174926804 ], [ -90.085105895996094, 29.918401718139691 ], [ -90.083663940429688, 29.914848327636729 ], [ -90.080490112304688, 29.915964126586914 ], [ -90.072502136230469, 29.918802261352539 ], [ -90.071601867675781, 29.919101715087912 ], [ -90.067802429199219, 29.913402557373043 ], [ -90.059799194335938, 29.918102264404304 ], [ -90.059303283691406, 29.917501449584968 ], [ -90.060302734375, 29.916902542114254 ], [ -90.057907104492188, 29.913801193237266 ], [ -90.057304382324219, 29.912902832031257 ], [ -90.056198120117188, 29.913501739501939 ], [ -90.056907653808594, 29.914402008056655 ], [ -90.056198120117188, 29.914802551269485 ], [ -90.055397033691406, 29.915302276611321 ], [ -90.054603576660156, 29.915802001953136 ], [ -90.056999206542969, 29.91880226135255 ], [ -90.055305480957031, 29.919902801513658 ], [ -90.05230712890625, 29.921701431274414 ], [ -90.050506591796875, 29.91900253295896 ], [ -90.047996520996108, 29.915901184082042 ], [ -90.047500610351577, 29.915401458740263 ], [ -90.047500610351577, 29.915002822875973 ], [ -90.047203063964844, 29.914901733398438 ], [ -90.046600341796875, 29.914001464843743 ], [ -90.045501708984375, 29.914001464843743 ], [ -90.045501708984375, 29.915201187133757 ], [ -90.042724609375014, 29.915084838867212 ], [ -90.042945861816406, 29.91070938110354 ], [ -90.043106079101562, 29.906702041625966 ], [ -90.043876647949219, 29.900112152099634 ], [ -90.044105529785156, 29.898202896118164 ], [ -90.044105529785156, 29.897802352905305 ], [ -90.038597106933594, 29.893901824951175 ], [ -90.038505554199219, 29.893701553344755 ], [ -90.038398742675781, 29.896902084350568 ], [ -90.038307189941406, 29.899702072143533 ], [ -90.038398742675781, 29.907001495361325 ], [ -90.037506103515625, 29.910501480102528 ], [ -90.036903381347656, 29.911001205444361 ], [ -90.034507751464844, 29.909702301025412 ], [ -90.030502319335952, 29.908002853393555 ], [ -90.027397155761719, 29.908102035522429 ], [ -90.02459716796875, 29.909502029418903 ], [ -90.023002624511719, 29.911001205444361 ], [ -90.022300720214844, 29.910301208496051 ], [ -90.018501281738281, 29.906801223754865 ], [ -90.020217895507827, 29.882768630981449 ], [ -90.020103454589844, 29.880102157592791 ], [ -90.022651672363281, 29.881992340087891 ], [ -90.026702880859375, 29.882602691650408 ], [ -90.03110504150392, 29.881301879882784 ], [ -90.033706665039062, 29.88090133666995 ], [ -90.039100646972656, 29.88020133972168 ], [ -90.042343139648438, 29.876144409179688 ], [ -90.043174743652344, 29.875944137573249 ], [ -90.043426513671875, 29.876852035522482 ], [ -90.044403076171889, 29.884702682495082 ], [ -90.045906066894531, 29.884702682495082 ], [ -90.045906066894531, 29.885402679443377 ], [ -90.046600341796875, 29.885501861572248 ], [ -90.045906066894531, 29.895502090454116 ], [ -90.046501159667969, 29.895601272583004 ], [ -90.047599792480469, 29.897201538085948 ], [ -90.049102783203125, 29.896402359008789 ], [ -90.05230712890625, 29.901102066040057 ], [ -90.053596496582031, 29.902801513671857 ], [ -90.057640075683594, 29.908508300781254 ], [ -90.059906005859375, 29.911502838134712 ], [ -90.063796997070312, 29.909101486206055 ], [ -90.063201904296875, 29.908302307128878 ], [ -90.064903259277344, 29.907402038574205 ], [ -90.063400268554688, 29.905502319335938 ], [ -90.0635986328125, 29.905101776123033 ], [ -90.068359375, 29.902372360229496 ], [ -90.070304870605469, 29.901201248168938 ], [ -90.073196411132812, 29.899902343749986 ], [ -90.074905395507812, 29.899301528930717 ], [ -90.079330444335938, 29.898292541503938 ], [ -90.074180603027344, 29.883594512939457 ], [ -90.073509216308594, 29.880987167358391 ], [ -90.070091247558594, 29.869949340820359 ], [ -90.075218200683594, 29.869071960449205 ], [ -90.075828552246094, 29.869176864624031 ], [ -90.077033996582031, 29.869943618774411 ], [ -90.08414459228517, 29.868930816650369 ], [ -90.082527160644531, 29.859098434448207 ], [ -90.082138061523438, 29.856149673461914 ], [ -90.082305908203125, 29.855569839477511 ], [ -90.081466674804688, 29.850505828857454 ], [ -90.086112976074219, 29.850053787231442 ], [ -90.085548400878906, 29.84593200683593 ], [ -90.084121704101562, 29.835275650024421 ], [ -90.083274841308594, 29.826593399047844 ], [ -90.083114624023438, 29.823822021484368 ], [ -90.081962585449219, 29.809978485107436 ], [ -90.092002868652344, 29.796628952026378 ], [ -90.096237182617202, 29.791370391845739 ], [ -90.09698486328125, 29.792032241821325 ], [ -90.096878051757812, 29.809837341308576 ], [ -90.097984313964844, 29.817399978637717 ], [ -90.098579406738281, 29.817600250244158 ], [ -90.099563598632812, 29.818492889404318 ], [ -90.102775573730469, 29.824010848999041 ], [ -90.111198425292969, 29.838802337646456 ], [ -90.111648559570312, 29.843479156494094 ], [ -90.108245849609375, 29.843923568725579 ], [ -90.108589172363281, 29.846807479858374 ], [ -90.109100341796875, 29.851701736450163 ], [ -90.109397888183594, 29.852401733398413 ], [ -90.115997314453125, 29.848701477050753 ], [ -90.119400024414062, 29.845901489257805 ], [ -90.120201110839844, 29.843301773071314 ], [ -90.119796752929688, 29.842601776123011 ], [ -90.10595703125, 29.824028015136705 ], [ -90.104751586914062, 29.822471618652326 ], [ -90.103218078613281, 29.821020126342709 ], [ -90.100395202636719, 29.817087173461935 ], [ -90.100166320800781, 29.815240859985344 ], [ -90.100471496582031, 29.813636779785181 ], [ -90.1009521484375, 29.812768936157209 ], [ -90.102180480957031, 29.811666488647489 ], [ -90.11376953125, 29.805587768554702 ], [ -90.115005493164062, 29.806507110595714 ], [ -90.116043090820312, 29.807458877563487 ], [ -90.128013610839844, 29.809782028198224 ], [ -90.126884460449219, 29.812576293945334 ], [ -90.127265930175781, 29.812887191772461 ], [ -90.128532409667969, 29.818111419677692 ], [ -90.145942687988281, 29.818742752075202 ], [ -90.14886474609375, 29.817733764648452 ], [ -90.156639099121094, 29.816623687744151 ], [ -90.157386779785156, 29.816619873046911 ], [ -90.158493041992188, 29.817146301269553 ], [ -90.160636901855483, 29.817300796508803 ], [ -90.163917541503906, 29.827943801879897 ], [ -90.1654052734375, 29.830192565917994 ], [ -90.164871215820312, 29.831739425659201 ], [ -90.164955139160156, 29.832605361938477 ], [ -90.166664123535156, 29.835876464843746 ], [ -90.167861938476562, 29.840127944946289 ], [ -90.167266845703125, 29.840324401855462 ], [ -90.164421081542969, 29.841379165649421 ], [ -90.162239074707031, 29.842710494995163 ], [ -90.161094665527344, 29.842426300048821 ], [ -90.160690307617188, 29.841583251953118 ], [ -90.160774230957031, 29.840631484985369 ], [ -90.159896850585938, 29.840541839599648 ], [ -90.159591674804688, 29.840715408325213 ], [ -90.159271240234375, 29.841745376586911 ], [ -90.158622741699219, 29.842294692993143 ], [ -90.157463073730469, 29.842445373535163 ], [ -90.157020568847656, 29.843410491943345 ], [ -90.156257629394531, 29.8436794281006 ], [ -90.153533935546875, 29.844757080078125 ], [ -90.131278991699219, 29.85339164733886 ], [ -90.122627258300781, 29.854091644287092 ], [ -90.116798400878906, 29.854701995849577 ], [ -90.116302490234375, 29.855901718139648 ], [ -90.116630554199219, 29.860340118408153 ], [ -90.110397338867188, 29.861001968383803 ], [ -90.097869873046875, 29.862354278564467 ], [ -90.097724914550781, 29.862192153930618 ], [ -90.097373962402344, 29.862583160400391 ], [ -90.097198486328125, 29.864202499389627 ], [ -90.097702026367188, 29.866001129150373 ], [ -90.097801208496094, 29.86950111389163 ], [ -90.09832763671875, 29.874675750732447 ], [ -90.097984313964844, 29.874698638916009 ], [ -90.098045349121094, 29.875257492065433 ], [ -90.098426818847656, 29.875297546386737 ], [ -90.098785400390625, 29.8790092468262 ], [ -90.107002258300781, 29.879102706909151 ], [ -90.107101440429688, 29.886701583862319 ], [ -90.10980224609375, 29.886701583862319 ], [ -90.110107421875, 29.890701293945334 ], [ -90.110000610351562, 29.893901824951172 ], [ -90.110107421875, 29.899301528930703 ], [ -90.108573913574219, 29.899101257324258 ], [ -90.107704162597656, 29.899101257324258 ], [ -90.107505798339844, 29.894002914428704 ], [ -90.100105285644531, 29.894901275634769 ], [ -90.100303649902358, 29.89860153198244 ], [ -90.100303649902358, 29.898719787597628 ], [ -90.100700378417969, 29.903202056884755 ], [ -90.092300415039062, 29.905302047729517 ], [ -90.087905883789062, 29.906402587890604 ], [ -90.083106994628906, 29.907602310180643 ], [ -90.085502624511719, 29.914201736450227 ], [ -90.09100341796875, 29.91260147094729 ], [ -90.094100952148438, 29.911502838134741 ], [ -90.100799560546875, 29.909801483154268 ], [ -90.117645263671875, 29.909002304077148 ], [ -90.12188720703125, 29.909696578979506 ], [ -90.125816345214844, 29.910366058349624 ], [ -90.127304077148438, 29.910802841186499 ], [ -90.132400512695312, 29.912801742553725 ], [ -90.138504028320312, 29.918601989746087 ], [ -90.138816833496094, 29.921318054199201 ], [ -90.139198303222656, 29.924701690673807 ], [ -90.133102416992188, 29.932102203369144 ], [ -90.131904602050781, 29.933601379394556 ], [ -90.12890625, 29.937402725219712 ], [ -90.130203247070312, 29.938402175903317 ], [ -90.134101867675781, 29.941602706909187 ], [ -90.134300231933608, 29.941402435302727 ], [ -90.134597778320312, 29.942401885986367 ], [ -90.138900756835938, 29.938201904296903 ], [ -90.138999938964844, 29.932201385498072 ], [ -90.148704528808594, 29.931501388549794 ], [ -90.151603698730469, 29.926702499389631 ], [ -90.160102844238281, 29.929601669311534 ], [ -90.163307189941406, 29.930101394653327 ], [ -90.164398193359375, 29.930002212524407 ], [ -90.164909362792969, 29.929693222045913 ], [ -90.164390563964844, 29.932399749755891 ], [ -90.163002014160156, 29.936201095581012 ], [ -90.163200378417969, 29.937902450561523 ], [ -90.1636962890625, 29.939201354980536 ], [ -90.165306091308608, 29.941362380981481 ], [ -90.168960571289062, 29.944330215454048 ], [ -90.181800842285156, 29.933202743530249 ], [ -90.183998107910156, 29.93180274963381 ], [ -90.196144104003906, 29.925268173217798 ], [ -90.197196960449219, 29.924701690673807 ], [ -90.206100463867188, 29.923002243042006 ], [ -90.2064208984375, 29.923124313354478 ], [ -90.214706420898438, 29.926301956176726 ], [ -90.219902038574219, 29.935501098632809 ], [ -90.221435546875, 29.938802719116218 ], [ -90.229301452636719, 29.955753326416009 ], [ -90.230903625488281, 29.959201812744151 ], [ -90.234695434570312, 29.961557388305675 ], [ -90.238243103027344, 29.963758468627951 ], [ -90.235397338867188, 29.97040176391603 ], [ -90.232597351074219, 29.96880149841305 ], [ -90.228996276855483, 29.974601745605476 ], [ -90.228813171386719, 29.974878311157251 ], [ -90.225997924804688, 29.974702835082979 ], [ -90.218505859375, 29.974201202392575 ], [ -90.215904235839844, 29.974102020263707 ], [ -90.212707519531264, 29.977701187133768 ], [ -90.225105285644531, 29.978502273559581 ], [ -90.231597900390625, 29.979001998901364 ], [ -90.236396789550781, 29.979202270507827 ], [ -90.235748291015625, 29.981491088867209 ], [ -90.233688354492188, 29.988658905029311 ], [ -90.247344970703125, 29.991495132446275 ], [ -90.246604919433594, 29.994232177734403 ], [ -90.245590209960938, 29.997987747192408 ], [ -90.244613647460938, 30.001596450805692 ], [ -90.243316650390625, 30.006555557250987 ], [ -90.243095397949219, 30.007791519165092 ], [ -90.242973327636719, 30.008567810058555 ], [ -90.242485046386719, 30.009082794189421 ], [ -90.242156982421875, 30.009374618530245 ], [ -90.243011474609375, 30.00938415527343 ], [ -90.245101928710938, 30.00930213928223 ], [ -90.245597839355469, 30.010801315307642 ], [ -90.24639892578125, 30.013502120971701 ], [ -90.255599975585938, 30.012702941894513 ], [ -90.25970458984375, 30.012502670288093 ], [ -90.262397766113281, 30.012302398681641 ], [ -90.262306213378906, 30.010402679443388 ], [ -90.266403198242188, 30.010101318359361 ], [ -90.266998291015625, 30.011602401733384 ], [ -90.269905090332031, 30.015102386474624 ], [ -90.270103454589844, 30.015802383422891 ], [ -90.269996643066406, 30.017202377319357 ], [ -90.267402648925781, 30.017501831054716 ], [ -90.265907287597656, 30.018602371215827 ], [ -90.265403747558594, 30.022102355957063 ], [ -90.273200988769531, 30.022752761840852 ], [ -90.275489807128906, 30.02293968200685 ], [ -90.276702880859375, 30.011201858520543 ], [ -90.275001525878906, 30.011402130126974 ], [ -90.274978637695312, 30.010969161987362 ], [ -90.274757385253906, 30.006904602050803 ], [ -90.279998779296875, 30.006301879882834 ], [ -90.279632568359375, 30.023265838623093 ], [ -90.279502868652344, 30.042367935180661 ], [ -90.279304504394531, 30.049201965332013 ], [ -90.278961181640625, 30.063320159912099 ], [ -90.278366088867188, 30.125 ], [ -90.277442932128906, 30.23035812377934 ], [ -90.29736328125, 30.293256759643569 ], [ -90.299758911132812, 30.294080734252923 ], [ -90.308090209960938, 30.294708251953104 ], [ -90.311660766601562, 30.295274734497085 ], [ -90.319442749023438, 30.298500061035153 ], [ -90.320457458496094, 30.298677444458004 ], [ -90.322280883789062, 30.298482894897493 ], [ -90.323394775390625, 30.298143386840845 ], [ -90.327758789062514, 30.296028137207017 ], [ -90.333473205566406, 30.294977188110373 ], [ -90.337158203125, 30.295007705688516 ], [ -90.340431213378906, 30.295354843139613 ], [ -90.346794128417969, 30.297014236450206 ], [ -90.348701477050781, 30.296859741211001 ], [ -90.349990844726562, 30.296480178833058 ], [ -90.362380981445312, 30.290031433105451 ], [ -90.365943908691406, 30.287778854370139 ], [ -90.368171691894531, 30.285598754882749 ], [ -90.370689392089844, 30.28383064270021 ], [ -90.372528076171875, 30.28312683105467 ], [ -90.373916625976562, 30.283075332641616 ], [ -90.376457214355469, 30.283742904663086 ], [ -90.381843566894531, 30.286069869995146 ], [ -90.383613586425781, 30.28646469116212 ], [ -90.3853759765625, 30.286453247070348 ], [ -90.390670776367188, 30.285026550292962 ], [ -90.397544860839844, 30.285856246948253 ], [ -90.40045166015625, 30.285499572753938 ], [ -90.401161193847656, 30.285358428955057 ], [ -90.403953552246094, 30.285327911376971 ], [ -90.419471740722656, 30.290004730224606 ], [ -90.431388854980469, 30.295490264892567 ], [ -90.439682006835938, 30.301731109619119 ], [ -90.442710876464844, 30.304462432861307 ], [ -90.474540710449219, 30.336328506469709 ], [ -90.475067138671875, 30.33726692199707 ], [ -90.475479125976562, 30.339817047119109 ], [ -90.47454833984375, 30.342157363891612 ], [ -90.473594665527344, 30.34346199035647 ], [ -90.473670959472656, 30.345052719116204 ], [ -90.474403381347656, 30.348371505737308 ], [ -90.476951599121094, 30.352514266967802 ], [ -90.47714996337892, 30.354459762573217 ], [ -90.477714538574219, 30.356254577636708 ], [ -90.479743957519531, 30.357849121093729 ], [ -90.480445861816406, 30.358078002929695 ], [ -90.481246948242188, 30.35803031921386 ], [ -90.483184814453125, 30.357503890991232 ], [ -90.488265991210938, 30.355224609375 ], [ -90.489234924316406, 30.355337142944329 ], [ -90.489883422851562, 30.35600471496587 ], [ -90.489967346191406, 30.358152389526378 ], [ -90.48846435546875, 30.36124038696293 ], [ -90.488327026367188, 30.362981796264656 ], [ -90.491996765136733, 30.365825653076168 ], [ -90.492942810058594, 30.365997314453121 ], [ -90.493629455566406, 30.365829467773423 ], [ -90.501251220703125, 30.361766815185579 ], [ -90.502449035644531, 30.361646652221669 ], [ -90.503440856933594, 30.362178802490266 ], [ -90.503524780273438, 30.363185882568345 ], [ -90.502784729003906, 30.364751815795906 ], [ -90.502777099609389, 30.366117477417035 ], [ -90.504096984863281, 30.368820190429723 ], [ -90.504081726074219, 30.369909286498995 ], [ -90.503318786621094, 30.370992660522454 ], [ -90.500541687011719, 30.372980117797869 ], [ -90.49957275390625, 30.375 ], [ -90.5, 30.376085281372099 ], [ -90.501968383789062, 30.378065109252976 ], [ -90.502159118652344, 30.379243850708018 ], [ -90.500946044921875, 30.381305694580078 ], [ -90.500724792480469, 30.383262634277312 ], [ -90.500923156738281, 30.38401222229006 ], [ -90.503829956054688, 30.388513565063526 ], [ -90.50439453125, 30.388912200927724 ], [ -90.505149841308594, 30.388849258422869 ], [ -90.506904602050781, 30.387586593627958 ], [ -90.507919311523452, 30.387634277343757 ], [ -90.514923095703125, 30.391700744628945 ], [ -90.515205383300781, 30.392564773559595 ], [ -90.514717102050781, 30.393302917480465 ], [ -90.513320922851577, 30.394031524658196 ], [ -90.512100219726562, 30.394098281860305 ], [ -90.510604858398438, 30.393688201904265 ], [ -90.510414123535156, 30.394029617309542 ], [ -90.510635375976562, 30.394931793212915 ], [ -90.512657165527344, 30.396524429321289 ], [ -90.513809204101562, 30.39816474914555 ], [ -90.513740539550781, 30.402042388915955 ], [ -90.514877319335938, 30.403810501098636 ], [ -90.51495361328125, 30.404413223266637 ], [ -90.514472961425781, 30.406057357788107 ], [ -90.514816284179688, 30.406797409057631 ], [ -90.516189575195312, 30.408138275146513 ], [ -90.51947021484375, 30.409517288208033 ], [ -90.520515441894531, 30.409711837768619 ], [ -90.521514892578125, 30.410388946533192 ], [ -90.521835327148438, 30.411441802978523 ], [ -90.521484375, 30.411716461181619 ], [ -90.520820617675781, 30.411716461181634 ], [ -90.519584655761719, 30.410570144653299 ], [ -90.519241333007812, 30.41066169738767 ], [ -90.518791198730469, 30.411418914794911 ], [ -90.518814086914062, 30.412057876586953 ], [ -90.519691467285156, 30.413547515869126 ], [ -90.520034790039062, 30.414989471435579 ], [ -90.520454406738281, 30.415357589721683 ], [ -90.521064758300781, 30.415311813354464 ], [ -90.521171569824219, 30.414854049682578 ], [ -90.520744323730483, 30.413913726806609 ], [ -90.521537780761719, 30.414123535156236 ], [ -90.52362060546875, 30.415382385253903 ], [ -90.5233154296875, 30.416389465331999 ], [ -90.52386474609375, 30.416755676269513 ], [ -90.524757385253906, 30.416641235351598 ], [ -90.525238037109375, 30.417764663696303 ], [ -90.525955200195312, 30.418291091918935 ], [ -90.529861450195312, 30.419231414794975 ], [ -90.531471252441406, 30.418796539306641 ], [ -90.532638549804688, 30.419004440307646 ], [ -90.533355712890625, 30.419689178466751 ], [ -90.533317565917969, 30.420034408569325 ], [ -90.532791137695312, 30.420125961303665 ], [ -90.532585144042969, 30.420423507690433 ], [ -90.532478332519531, 30.421201705932599 ], [ -90.533134460449219, 30.421453475952152 ], [ -90.534141540527344, 30.420675277709936 ], [ -90.534591674804688, 30.42053794860842 ], [ -90.535140991210938, 30.420789718627926 ], [ -90.535911560058594, 30.422851562499993 ], [ -90.535804748535156, 30.423675537109382 ], [ -90.536155700683594, 30.423997879028306 ], [ -90.536964416503906, 30.424089431762667 ], [ -90.537155151367188, 30.42436408996582 ], [ -90.537155151367188, 30.424707412719744 ], [ -90.536117553710938, 30.425142288208036 ], [ -90.536117553710938, 30.425577163696268 ], [ -90.536659240722656, 30.425737380981424 ], [ -90.537498474121094, 30.425510406494141 ], [ -90.538368225097656, 30.426197052001946 ], [ -90.540275573730469, 30.426450729370121 ], [ -90.542304992675781, 30.42901611328125 ], [ -90.543388366699219, 30.429336547851559 ], [ -90.54473876953125, 30.429243087768569 ], [ -90.545478820800781, 30.42958831787108 ], [ -90.545906066894531, 30.429910659790036 ], [ -90.546112060546889, 30.430755615234386 ], [ -90.546684265136719, 30.431314468383796 ], [ -90.545791625976562, 30.434444427490174 ], [ -90.546318054199219, 30.434787750244105 ], [ -90.546134948730469, 30.435359954834006 ], [ -90.546348571777358, 30.435842514038079 ], [ -90.545791625976562, 30.436437606811516 ], [ -90.546455383300781, 30.437971115112308 ], [ -90.547592163085938, 30.439140319824212 ], [ -90.54852294921875, 30.440605163574237 ], [ -90.549568176269531, 30.441377639770479 ], [ -90.550392150878906, 30.441797256469741 ], [ -90.550445556640625, 30.442348480224648 ], [ -90.549659729003906, 30.44370079040527 ], [ -90.54852294921875, 30.44406509399413 ], [ -90.548179626464844, 30.444591522216793 ], [ -90.546882629394531, 30.444730758666999 ], [ -90.547088623046875, 30.44596672058103 ], [ -90.546424865722656, 30.447225570678697 ], [ -90.546340942382812, 30.448051452636687 ], [ -90.546562194824219, 30.448394775390618 ], [ -90.547561645507812, 30.448921203613306 ], [ -90.548019409179688, 30.449699401855444 ], [ -90.549201965332031, 30.450410842895483 ], [ -90.549728393554688, 30.452930450439414 ], [ -90.5513916015625, 30.453731536865217 ], [ -90.5513916015625, 30.454946517944332 ], [ -90.550979614257812, 30.456068038940423 ], [ -90.552055358886719, 30.456596374511697 ], [ -90.551712036132812, 30.457397460937525 ], [ -90.551925659179688, 30.457603454589876 ], [ -90.552642822265625, 30.457490921020476 ], [ -90.553169250488295, 30.457672119140607 ], [ -90.553146362304688, 30.457969665527337 ], [ -90.552719116210938, 30.458290100097667 ], [ -90.552719116210938, 30.458749771118189 ], [ -90.553512573242188, 30.460443496704148 ], [ -90.552848815917969, 30.46055793762206 ], [ -90.552528381347656, 30.460948944091772 ], [ -90.552848815917969, 30.462619781494112 ], [ -90.551231384277344, 30.462642669677706 ], [ -90.551162719726562, 30.463468551635721 ], [ -90.550338745117188, 30.464544296264645 ], [ -90.550277709960938, 30.465002059936552 ], [ -90.550865173339844, 30.466421127319329 ], [ -90.550094604492188, 30.466949462890604 ], [ -90.549995422363281, 30.467819213867223 ], [ -90.550521850585938, 30.468576431274386 ], [ -90.551872253417969, 30.469743728637663 ], [ -90.552238464355469, 30.47047615051271 ], [ -90.552055358886719, 30.47171401977538 ], [ -90.552711486816406, 30.471828460693356 ], [ -90.553398132324219, 30.471530914306651 ], [ -90.554222106933594, 30.471990585327141 ], [ -90.554168701171875, 30.472448348999027 ], [ -90.55279541015625, 30.473867416381811 ], [ -90.552742004394531, 30.475378036499048 ], [ -90.553825378417969, 30.475402832031261 ], [ -90.555442810058594, 30.476501464843746 ], [ -90.557846069335938, 30.476730346679688 ], [ -90.558181762695312, 30.476982116699219 ], [ -90.557975769042969, 30.477737426757809 ], [ -90.558120727539062, 30.478624343872042 ], [ -90.558181762695312, 30.479501724243189 ], [ -90.557289123535156, 30.480762481689496 ], [ -90.557128906250014, 30.482639312744162 ], [ -90.556655883789077, 30.483442306518555 ], [ -90.556861877441406, 30.484428405761726 ], [ -90.557365417480483, 30.484495162963857 ], [ -90.558586120605469, 30.483810424804656 ], [ -90.560348510742188, 30.483488082885753 ], [ -90.56170654296875, 30.483579635620099 ], [ -90.562492370605469, 30.484197616577163 ], [ -90.563262939453125, 30.485780715942372 ], [ -90.564453125, 30.486696243286111 ], [ -90.566810607910156, 30.486625671386712 ], [ -90.567024230957031, 30.493988037109386 ], [ -90.566925048828125, 30.504064559936541 ], [ -90.566864013671875, 30.525865554809553 ], [ -90.567047119140625, 30.543928146362326 ], [ -90.567169189453125, 30.553560256958018 ], [ -90.566810607910156, 30.576740264892525 ], [ -90.56719970703125, 30.623794555664034 ], [ -90.567100524902344, 30.642831802368161 ], [ -90.567070007324233, 30.649835586547873 ], [ -90.565727233886719, 30.665300369262702 ], [ -90.566200256347656, 30.71620368957521 ], [ -90.566390991210938, 30.729776382446289 ], [ -90.566574096679702, 30.747423171997042 ], [ -90.567405700683594, 30.75 ], [ -90.567306518554702, 30.772537231445305 ], [ -90.567070007324233, 30.824661254882802 ], [ -90.566909790039062, 30.87929153442381 ], [ -90.566940307617202, 30.927082061767603 ], [ -90.567092895507812, 30.999589920043935 ] ] ] } }
]
}
