{
"type": "FeatureCollection",
"name": "IL_Upper_2021_Enacted",
"crs": { "type": "name", "properties": { "name": "urn:ogc:def:crs:OGC:1.3:CRS84" } },
"features": [
{ "type": "Feature", "properties": { "OID_": 0, "DISTRICT": "1", "STA": "IL", "ST": "17", "LABEL": "1", "DIST_NAME": "State Senate District 1", "TYPE": "State Legislature - Upper Chamber", "TYPE_ABB": "Leg_Upper", "ELECT_YEAR": "Enacted" }, "geometry": { "type": "Polygon", "coordinates": [ [ [ -87.712571, 41.772009, 0.0 ], [ -87.712709, 41.778626, 0.0 ], [ -87.712732, 41.77884, 0.0 ], [ -87.712903, 41.778839, 0.0 ], [ -87.713001, 41.780649, 0.0 ], [ -87.713505, 41.797032, 0.0 ], [ -87.716531, 41.796989, 0.0 ], [ -87.716585, 41.798817, 0.0 ], [ -87.722051, 41.798739, 0.0 ], [ -87.722102, 41.800577, 0.0 ], [ -87.723379, 41.800554, 0.0 ], [ -87.723375, 41.80037, 0.0 ], [ -87.728214, 41.798318, 0.0 ], [ -87.728174, 41.796839, 0.0 ], [ -87.731847, 41.796882, 0.0 ], [ -87.733068, 41.79662, 0.0 ], [ -87.735492, 41.795763, 0.0 ], [ -87.735499, 41.795607, 0.0 ], [ -87.736167, 41.795352, 0.0 ], [ -87.737863, 41.7953, 0.0 ], [ -87.738039, 41.799463, 0.0 ], [ -87.769583, 41.794619, 0.0 ], [ -87.769738, 41.796296, 0.0 ], [ -87.789245, 41.795949, 0.0 ], [ -87.789348, 41.799575, 0.0 ], [ -87.796048, 41.799438, 0.0 ], [ -87.796865, 41.799559, 0.0 ], [ -87.8021, 41.797855, 0.0 ], [ -87.802099, 41.798149, 0.0 ], [ -87.801735, 41.798444, 0.0 ], [ -87.801797, 41.799305, 0.0 ], [ -87.802111, 41.799366, 0.0 ], [ -87.825161, 41.798736, 0.0 ], [ -87.826562, 41.798678, 0.0 ], [ -87.826743, 41.798529, 0.0 ], [ -87.829777, 41.798585, 0.0 ], [ -87.829721, 41.79661, 0.0 ], [ -87.831659, 41.797191, 0.0 ], [ -87.833457, 41.798652, 0.0 ], [ -87.834171, 41.798346, 0.0 ], [ -87.840121, 41.798527, 0.0 ], [ -87.839937, 41.805644, 0.0 ], [ -87.840196, 41.81294, 0.0 ], [ -87.859765, 41.81265, 0.0 ], [ -87.860058, 41.82007, 0.0 ], [ -87.860982, 41.820038, 0.0 ], [ -87.861587, 41.834609, 0.0 ], [ -87.832165, 41.835309, 0.0 ], [ -87.832188, 41.830722, 0.0 ], [ -87.832033, 41.827907, 0.0 ], [ -87.831138, 41.827672, 0.0 ], [ -87.828651, 41.828054, 0.0 ], [ -87.825267, 41.828141, 0.0 ], [ -87.825265, 41.830634, 0.0 ], [ -87.822431, 41.830682, 0.0 ], [ -87.822495, 41.831109, 0.0 ], [ -87.821388, 41.829448, 0.0 ], [ -87.820885, 41.829138, 0.0 ], [ -87.820339, 41.829097, 0.0 ], [ -87.819641, 41.829287, 0.0 ], [ -87.818739, 41.830112, 0.0 ], [ -87.815359, 41.830227, 0.0 ], [ -87.812643, 41.830522, 0.0 ], [ -87.809854, 41.831124, 0.0 ], [ -87.805009, 41.832606, 0.0 ], [ -87.803016, 41.832846, 0.0 ], [ -87.803214, 41.837654, 0.0 ], [ -87.800525, 41.83769, 0.0 ], [ -87.800585, 41.839508, 0.0 ], [ -87.798028, 41.839545, 0.0 ], [ -87.798003, 41.840775, 0.0 ], [ -87.793027, 41.839322, 0.0 ], [ -87.793034, 41.839577, 0.0 ], [ -87.788141, 41.839667, 0.0 ], [ -87.788219, 41.842424, 0.0 ], [ -87.783321, 41.842488, 0.0 ], [ -87.783348, 41.843405, 0.0 ], [ -87.779669, 41.843459, 0.0 ], [ -87.779722, 41.845289, 0.0 ], [ -87.778493, 41.845306, 0.0 ], [ -87.778573, 41.848963, 0.0 ], [ -87.776137, 41.849, 0.0 ], [ -87.776088, 41.847172, 0.0 ], [ -87.773632, 41.847208, 0.0 ], [ -87.77368, 41.849038, 0.0 ], [ -87.772453, 41.849055, 0.0 ], [ -87.772503, 41.850933, 0.0 ], [ -87.763912, 41.851058, 0.0 ], [ -87.764111, 41.858363, 0.0 ], [ -87.759212, 41.85851, 0.0 ], [ -87.759415, 41.865686, 0.0 ], [ -87.752088, 41.865795, 0.0 ], [ -87.751974, 41.862136, 0.0 ], [ -87.749529, 41.862171, 0.0 ], [ -87.749181, 41.851277, 0.0 ], [ -87.744273, 41.851359, 0.0 ], [ -87.744051, 41.845291, 0.0 ], [ -87.744053, 41.844849, 0.0 ], [ -87.744199, 41.844836, 0.0 ], [ -87.743736, 41.83667, 0.0 ], [ -87.739158, 41.836726, 0.0 ], [ -87.738816, 41.832928, 0.0 ], [ -87.738539, 41.818042, 0.0 ], [ -87.715072, 41.82543, 0.0 ], [ -87.715429, 41.825712, 0.0 ], [ -87.714316, 41.826061, 0.0 ], [ -87.714324, 41.821459, 0.0 ], [ -87.713878, 41.808, 0.0 ], [ -87.685109, 41.808436, 0.0 ], [ -87.685209, 41.81207, 0.0 ], [ -87.685813, 41.812061, 0.0 ], [ -87.685909, 41.815685, 0.0 ], [ -87.684078, 41.815711, 0.0 ], [ -87.684477, 41.830731, 0.0 ], [ -87.684813, 41.833639, 0.0 ], [ -87.684565, 41.834191, 0.0 ], [ -87.684575, 41.83542, 0.0 ], [ -87.679618, 41.836874, 0.0 ], [ -87.675447, 41.837056, 0.0 ], [ -87.675094, 41.823121, 0.0 ], [ -87.667783, 41.823191, 0.0 ], [ -87.667794, 41.823643, 0.0 ], [ -87.665997, 41.823658, 0.0 ], [ -87.666116, 41.830029, 0.0 ], [ -87.666731, 41.830021, 0.0 ], [ -87.666742, 41.830496, 0.0 ], [ -87.641241, 41.830823, 0.0 ], [ -87.641069, 41.823531, 0.0 ], [ -87.655986, 41.823324, 0.0 ], [ -87.65554, 41.822693, 0.0 ], [ -87.655527, 41.821863, 0.0 ], [ -87.65579, 41.821248, 0.0 ], [ -87.655876, 41.820106, 0.0 ], [ -87.655412, 41.818601, 0.0 ], [ -87.655339, 41.81599, 0.0 ], [ -87.66272, 41.815783, 0.0 ], [ -87.664166, 41.815894, 0.0 ], [ -87.672455, 41.815815, 0.0 ], [ -87.672261, 41.808538, 0.0 ], [ -87.673478, 41.808529, 0.0 ], [ -87.6733, 41.801253, 0.0 ], [ -87.679647, 41.801176, 0.0 ], [ -87.679611, 41.798865, 0.0 ], [ -87.683609, 41.798835, 0.0 ], [ -87.683484, 41.793861, 0.0 ], [ -87.684048, 41.793885, 0.0 ], [ -87.683944, 41.790221, 0.0 ], [ -87.687604, 41.790163, 0.0 ], [ -87.687456, 41.78469, 0.0 ], [ -87.691112, 41.784632, 0.0 ], [ -87.691065, 41.782806, 0.0 ], [ -87.693503, 41.782768, 0.0 ], [ -87.693305, 41.775479, 0.0 ], [ -87.703058, 41.77533, 0.0 ], [ -87.702973, 41.771683, 0.0 ], [ -87.712555, 41.771531, 0.0 ], [ -87.712571, 41.772009, 0.0 ] ] ] } },
{ "type": "Feature", "properties": { "OID_": 0, "DISTRICT": "1", "STA": "IL", "ST": "17", "LABEL": "1", "DIST_NAME": "State Senate District 1", "TYPE": "State Legislature - Upper Chamber", "TYPE_ABB": "Leg_Upper", "ELECT_YEAR": "Enacted" }, "geometry": { "type": "Polygon", "coordinates": [ [ [ -87.798003, 41.840775, 0.0 ], [ -87.798193, 41.840831, 0.0 ], [ -87.798003, 41.840782, 0.0 ], [ -87.798003, 41.840775, 0.0 ] ] ] } },
{ "type": "Feature", "properties": { "OID_": 0, "DISTRICT": "2", "STA": "IL", "ST": "17", "LABEL": "2", "DIST_NAME": "State Senate District 2", "TYPE": "State Legislature - Upper Chamber", "TYPE_ABB": "Leg_Upper", "ELECT_YEAR": "Enacted" }, "geometry": { "type": "Polygon", "coordinates": [ [ [ -87.681797, 41.890335, 0.0 ], [ -87.68181, 41.890751, 0.0 ], [ -87.687395, 41.890637, 0.0 ], [ -87.699917, 41.895637, 0.0 ], [ -87.703804, 41.895591, 0.0 ], [ -87.704138, 41.89584, 0.0 ], [ -87.704048, 41.897282, 0.0 ], [ -87.708624, 41.899101, 0.0 ], [ -87.708959, 41.898596, 0.0 ], [ -87.708857, 41.895539, 0.0 ], [ -87.709913, 41.895529, 0.0 ], [ -87.709928, 41.896, 0.0 ], [ -87.71043, 41.896001, 0.0 ], [ -87.71044, 41.896439, 0.0 ], [ -87.710861, 41.89644, 0.0 ], [ -87.710875, 41.896894, 0.0 ], [ -87.710452, 41.896897, 0.0 ], [ -87.710476, 41.897349, 0.0 ], [ -87.724922, 41.897214, 0.0 ], [ -87.725032, 41.900866, 0.0 ], [ -87.726865, 41.900843, 0.0 ], [ -87.726917, 41.902668, 0.0 ], [ -87.741265, 41.902439, 0.0 ], [ -87.741387, 41.909684, 0.0 ], [ -87.74612, 41.909634, 0.0 ], [ -87.745904, 41.91085, 0.0 ], [ -87.745996, 41.913932, 0.0 ], [ -87.746901, 41.91427, 0.0 ], [ -87.748204, 41.914447, 0.0 ], [ -87.74858, 41.914809, 0.0 ], [ -87.749366, 41.914916, 0.0 ], [ -87.764042, 41.91659, 0.0 ], [ -87.785232, 41.91646, 0.0 ], [ -87.787429, 41.916803, 0.0 ], [ -87.789354, 41.917493, 0.0 ], [ -87.78982, 41.917899, 0.0 ], [ -87.790136, 41.918464, 0.0 ], [ -87.790413, 41.923644, 0.0 ], [ -87.803215, 41.923546, 0.0 ], [ -87.816291, 41.925586, 0.0 ], [ -87.816093, 41.925234, 0.0 ], [ -87.821639, 41.927012, 0.0 ], [ -87.825976, 41.928205, 0.0 ], [ -87.826063, 41.932542, 0.0 ], [ -87.823723, 41.932308, 0.0 ], [ -87.823788, 41.936002, 0.0 ], [ -87.816459, 41.936146, 0.0 ], [ -87.816525, 41.937947, 0.0 ], [ -87.785452, 41.938333, 0.0 ], [ -87.785568, 41.941087, 0.0 ], [ -87.783625, 41.941112, 0.0 ], [ -87.783662, 41.942036, 0.0 ], [ -87.781226, 41.942062, 0.0 ], [ -87.781379, 41.945729, 0.0 ], [ -87.766148, 41.945892, 0.0 ], [ -87.766026, 41.942244, 0.0 ], [ -87.766634, 41.942236, 0.0 ], [ -87.766506, 41.938583, 0.0 ], [ -87.764055, 41.938615, 0.0 ], [ -87.763859, 41.933139, 0.0 ], [ -87.765088, 41.933125, 0.0 ], [ -87.765024, 41.931302, 0.0 ], [ -87.766252, 41.931285, 0.0 ], [ -87.766109, 41.927177, 0.0 ], [ -87.761191, 41.927256, 0.0 ], [ -87.761074, 41.924053, 0.0 ], [ -87.731673, 41.924434, 0.0 ], [ -87.731784, 41.92806, 0.0 ], [ -87.712208, 41.928324, 0.0 ], [ -87.711911, 41.91735, 0.0 ], [ -87.687416, 41.917576, 0.0 ], [ -87.687368, 41.915709, 0.0 ], [ -87.6824, 41.912661, 0.0 ], [ -87.682292, 41.908179, 0.0 ], [ -87.67741, 41.908265, 0.0 ], [ -87.677451, 41.909766, 0.0 ], [ -87.67408, 41.907625, 0.0 ], [ -87.673685, 41.907964, 0.0 ], [ -87.667519, 41.904025, 0.0 ], [ -87.667298, 41.896082, 0.0 ], [ -87.669734, 41.896041, 0.0 ], [ -87.669555, 41.889856, 0.0 ], [ -87.671995, 41.889814, 0.0 ], [ -87.672016, 41.890534, 0.0 ], [ -87.672967, 41.890519, 0.0 ], [ -87.674459, 41.890481, 0.0 ], [ -87.674437, 41.889774, 0.0 ], [ -87.681774, 41.88965, 0.0 ], [ -87.681797, 41.890335, 0.0 ] ] ] } },
{ "type": "Feature", "properties": { "OID_": 0, "DISTRICT": "3", "STA": "IL", "ST": "17", "LABEL": "3", "DIST_NAME": "State Senate District 3", "TYPE": "State Legislature - Upper Chamber", "TYPE_ABB": "Leg_Upper", "ELECT_YEAR": "Enacted" }, "geometry": { "type": "Polygon", "coordinates": [ [ [ -87.588255, 41.751474, 0.0 ], [ -87.605533, 41.763986, 0.0 ], [ -87.605668, 41.768509, 0.0 ], [ -87.606426, 41.768497, 0.0 ], [ -87.606437, 41.768998, 0.0 ], [ -87.60768, 41.768967, 0.0 ], [ -87.607699, 41.769477, 0.0 ], [ -87.610523, 41.769414, 0.0 ], [ -87.610858, 41.769968, 0.0 ], [ -87.610571, 41.771249, 0.0 ], [ -87.611774, 41.771228, 0.0 ], [ -87.611789, 41.770914, 0.0 ], [ -87.613733, 41.769388, 0.0 ], [ -87.629865, 41.76909, 0.0 ], [ -87.629991, 41.772717, 0.0 ], [ -87.64703, 41.772448, 0.0 ], [ -87.647128, 41.776083, 0.0 ], [ -87.654408, 41.775982, 0.0 ], [ -87.654316, 41.772341, 0.0 ], [ -87.678721, 41.772023, 0.0 ], [ -87.678626, 41.768393, 0.0 ], [ -87.693126, 41.768185, 0.0 ], [ -87.693035, 41.764548, 0.0 ], [ -87.712546, 41.76425, 0.0 ], [ -87.71273, 41.77153, 0.0 ], [ -87.702973, 41.771683, 0.0 ], [ -87.703058, 41.77533, 0.0 ], [ -87.693305, 41.775479, 0.0 ], [ -87.693503, 41.782768, 0.0 ], [ -87.691065, 41.782806, 0.0 ], [ -87.691112, 41.784632, 0.0 ], [ -87.687456, 41.78469, 0.0 ], [ -87.687604, 41.790163, 0.0 ], [ -87.683944, 41.790221, 0.0 ], [ -87.684048, 41.793885, 0.0 ], [ -87.683484, 41.793861, 0.0 ], [ -87.683609, 41.798835, 0.0 ], [ -87.679611, 41.798865, 0.0 ], [ -87.679647, 41.801176, 0.0 ], [ -87.6733, 41.801253, 0.0 ], [ -87.673478, 41.808529, 0.0 ], [ -87.645544, 41.808872, 0.0 ], [ -87.645846, 41.820294, 0.0 ], [ -87.640984, 41.820361, 0.0 ], [ -87.640994, 41.820787, 0.0 ], [ -87.638549, 41.820817, 0.0 ], [ -87.638577, 41.821734, 0.0 ], [ -87.636157, 41.821841, 0.0 ], [ -87.63636, 41.823591, 0.0 ], [ -87.636385, 41.827239, 0.0 ], [ -87.636257, 41.830889, 0.0 ], [ -87.636134, 41.830891, 0.0 ], [ -87.636145, 41.83454, 0.0 ], [ -87.635896, 41.834543, 0.0 ], [ -87.635972, 41.837502, 0.0 ], [ -87.63615, 41.838183, 0.0 ], [ -87.62979, 41.838288, 0.0 ], [ -87.629796, 41.839512, 0.0 ], [ -87.630115, 41.85212, 0.0 ], [ -87.630575, 41.853885, 0.0 ], [ -87.630647, 41.8549, 0.0 ], [ -87.630164, 41.85513, 0.0 ], [ -87.63027, 41.860129, 0.0 ], [ -87.631278, 41.86003, 0.0 ], [ -87.632658, 41.860145, 0.0 ], [ -87.634508, 41.859942, 0.0 ], [ -87.634563, 41.865279, 0.0 ], [ -87.635442, 41.871807, 0.0 ], [ -87.636041, 41.874456, 0.0 ], [ -87.635091, 41.874468, 0.0 ], [ -87.635318, 41.881942, 0.0 ], [ -87.638254, 41.881906, 0.0 ], [ -87.638167, 41.883198, 0.0 ], [ -87.641239, 41.883185, 0.0 ], [ -87.641342, 41.886823, 0.0 ], [ -87.642812, 41.886819, 0.0 ], [ -87.64288, 41.889057, 0.0 ], [ -87.639362, 41.889089, 0.0 ], [ -87.641966, 41.892546, 0.0 ], [ -87.640744, 41.89259, 0.0 ], [ -87.641447, 41.893464, 0.0 ], [ -87.641472, 41.893905, 0.0 ], [ -87.642908, 41.89389, 0.0 ], [ -87.642916, 41.89468, 0.0 ], [ -87.637132, 41.89476, 0.0 ], [ -87.637451, 41.903812, 0.0 ], [ -87.633008, 41.903885, 0.0 ], [ -87.632792, 41.896621, 0.0 ], [ -87.628205, 41.896685, 0.0 ], [ -87.628159, 41.894884, 0.0 ], [ -87.624258, 41.89495, 0.0 ], [ -87.624201, 41.889872, 0.0 ], [ -87.624562, 41.887783, 0.0 ], [ -87.624458, 41.884479, 0.0 ], [ -87.622855, 41.884291, 0.0 ], [ -87.622717, 41.882134, 0.0 ], [ -87.622902, 41.880854, 0.0 ], [ -87.623015, 41.880852, 0.0 ], [ -87.622997, 41.875913, 0.0 ], [ -87.623278, 41.87589, 0.0 ], [ -87.623277, 41.875602, 0.0 ], [ -87.623023, 41.875588, 0.0 ], [ -87.622824, 41.87448, 0.0 ], [ -87.622638, 41.871337, 0.0 ], [ -87.621172, 41.867592, 0.0 ], [ -87.62098, 41.867595, 0.0 ], [ -87.62074, 41.867178, 0.0 ], [ -87.619537, 41.8642, 0.0 ], [ -87.619667, 41.864183, 0.0 ], [ -87.619468, 41.862362, 0.0 ], [ -87.618829, 41.860111, 0.0 ], [ -87.61793, 41.857971, 0.0 ], [ -87.619686, 41.857897, 0.0 ], [ -87.619144, 41.856829, 0.0 ], [ -87.619016, 41.850221, 0.0 ], [ -87.618778, 41.849689, 0.0 ], [ -87.61795, 41.848822, 0.0 ], [ -87.617785, 41.848457, 0.0 ], [ -87.618521, 41.848445, 0.0 ], [ -87.618073, 41.84818, 0.0 ], [ -87.617749, 41.848184, 0.0 ], [ -87.617744, 41.84808, 0.0 ], [ -87.618185, 41.848077, 0.0 ], [ -87.618044, 41.84789, 0.0 ], [ -87.618154, 41.847731, 0.0 ], [ -87.618944, 41.847534, 0.0 ], [ -87.618943, 41.846782, 0.0 ], [ -87.61887, 41.845718, 0.0 ], [ -87.617677, 41.845731, 0.0 ], [ -87.617233, 41.822668, 0.0 ], [ -87.612902, 41.822688, 0.0 ], [ -87.613944, 41.81759, 0.0 ], [ -87.616564, 41.817547, 0.0 ], [ -87.616434, 41.813022, 0.0 ], [ -87.619699, 41.812973, 0.0 ], [ -87.619599, 41.809344, 0.0 ], [ -87.616856, 41.809388, 0.0 ], [ -87.616719, 41.803927, 0.0 ], [ -87.616457, 41.80393, 0.0 ], [ -87.616358, 41.802951, 0.0 ], [ -87.616532, 41.802106, 0.0 ], [ -87.616117, 41.802111, 0.0 ], [ -87.615766, 41.785707, 0.0 ], [ -87.606043, 41.785882, 0.0 ], [ -87.606065, 41.787138, 0.0 ], [ -87.601226, 41.787188, 0.0 ], [ -87.601154, 41.784119, 0.0 ], [ -87.599533, 41.784139, 0.0 ], [ -87.59949, 41.782314, 0.0 ], [ -87.597877, 41.782332, 0.0 ], [ -87.59783, 41.780512, 0.0 ], [ -87.59621, 41.78053, 0.0 ], [ -87.596082, 41.775063, 0.0 ], [ -87.592956, 41.775087, 0.0 ], [ -87.59292, 41.773276, 0.0 ], [ -87.591175, 41.773293, 0.0 ], [ -87.590855, 41.760555, 0.0 ], [ -87.586191, 41.760597, 0.0 ], [ -87.586142, 41.758772, 0.0 ], [ -87.585744, 41.758776, 0.0 ], [ -87.585736, 41.758388, 0.0 ], [ -87.581032, 41.758369, 0.0 ], [ -87.581048, 41.75883, 0.0 ], [ -87.574916, 41.758899, 0.0 ], [ -87.574916, 41.759314, 0.0 ], [ -87.572453, 41.759321, 0.0 ], [ -87.572467, 41.758928, 0.0 ], [ -87.571252, 41.758942, 0.0 ], [ -87.571112, 41.751676, 0.0 ], [ -87.588255, 41.751474, 0.0 ] ] ] } },
{ "type": "Feature", "properties": { "OID_": 0, "DISTRICT": "4", "STA": "IL", "ST": "17", "LABEL": "4", "DIST_NAME": "State Senate District 4", "TYPE": "State Legislature - Upper Chamber", "TYPE_ABB": "Leg_Upper", "ELECT_YEAR": "Enacted" }, "geometry": { "type": "Polygon", "coordinates": [ [ [ -87.881932, 41.760855, 0.0 ], [ -87.882037, 41.763789, 0.0 ], [ -87.885276, 41.763731, 0.0 ], [ -87.885316, 41.7647, 0.0 ], [ -87.887075, 41.764662, 0.0 ], [ -87.887372, 41.771944, 0.0 ], [ -87.892167, 41.77188, 0.0 ], [ -87.89221, 41.77304, 0.0 ], [ -87.892715, 41.773337, 0.0 ], [ -87.893348, 41.773453, 0.0 ], [ -87.894696, 41.773359, 0.0 ], [ -87.894899, 41.773715, 0.0 ], [ -87.895435, 41.773964, 0.0 ], [ -87.897154, 41.773942, 0.0 ], [ -87.897181, 41.776004, 0.0 ], [ -87.896729, 41.782263, 0.0 ], [ -87.897563, 41.786306, 0.0 ], [ -87.898659, 41.809433, 0.0 ], [ -87.901885, 41.808705, 0.0 ], [ -87.901905, 41.808926, 0.0 ], [ -87.908277, 41.807497, 0.0 ], [ -87.908377, 41.810007, 0.0 ], [ -87.90858, 41.810316, 0.0 ], [ -87.908636, 41.810829, 0.0 ], [ -87.908447, 41.811798, 0.0 ], [ -87.908729, 41.818709, 0.0 ], [ -87.90997, 41.818884, 0.0 ], [ -87.911197, 41.818616, 0.0 ], [ -87.915416, 41.818515, 0.0 ], [ -87.918288, 41.818728, 0.0 ], [ -87.919891, 41.8185, 0.0 ], [ -87.946512, 41.817943, 0.0 ], [ -87.946536, 41.81774, 0.0 ], [ -87.947157, 41.817722, 0.0 ], [ -87.947165, 41.817902, 0.0 ], [ -87.952783, 41.817749, 0.0 ], [ -87.953157, 41.818668, 0.0 ], [ -87.953779, 41.828232, 0.0 ], [ -87.954509, 41.830658, 0.0 ], [ -87.956627, 41.834417, 0.0 ], [ -87.957574, 41.837156, 0.0 ], [ -87.95775, 41.838656, 0.0 ], [ -87.957825, 41.846662, 0.0 ], [ -87.942916, 41.847083, 0.0 ], [ -87.933068, 41.853294, 0.0 ], [ -87.93157, 41.854777, 0.0 ], [ -87.929734, 41.856953, 0.0 ], [ -87.9302, 41.859556, 0.0 ], [ -87.932049, 41.864982, 0.0 ], [ -87.939504, 41.882295, 0.0 ], [ -87.938444, 41.882326, 0.0 ], [ -87.935042, 41.881396, 0.0 ], [ -87.934882, 41.882732, 0.0 ], [ -87.935085, 41.883187, 0.0 ], [ -87.933033, 41.883257, 0.0 ], [ -87.931285, 41.883017, 0.0 ], [ -87.930243, 41.883346, 0.0 ], [ -87.930282, 41.890021, 0.0 ], [ -87.920631, 41.889698, 0.0 ], [ -87.920429, 41.906851, 0.0 ], [ -87.908159, 41.907069, 0.0 ], [ -87.908032, 41.906719, 0.0 ], [ -87.907995, 41.903048, 0.0 ], [ -87.905968, 41.902395, 0.0 ], [ -87.898781, 41.900918, 0.0 ], [ -87.890769, 41.898736, 0.0 ], [ -87.88442, 41.897284, 0.0 ], [ -87.881352, 41.896958, 0.0 ], [ -87.877677, 41.897425, 0.0 ], [ -87.876125, 41.89736, 0.0 ], [ -87.86656, 41.89523, 0.0 ], [ -87.859422, 41.894025, 0.0 ], [ -87.844322, 41.890778, 0.0 ], [ -87.844599, 41.898398, 0.0 ], [ -87.839649, 41.898339, 0.0 ], [ -87.839883, 41.904645, 0.0 ], [ -87.834854, 41.90464, 0.0 ], [ -87.834934, 41.906301, 0.0 ], [ -87.83186, 41.904096, 0.0 ], [ -87.832805, 41.902995, 0.0 ], [ -87.833653, 41.901114, 0.0 ], [ -87.834249, 41.898404, 0.0 ], [ -87.834682, 41.897161, 0.0 ], [ -87.834643, 41.895318, 0.0 ], [ -87.834093, 41.894296, 0.0 ], [ -87.83331, 41.893441, 0.0 ], [ -87.832329, 41.892863, 0.0 ], [ -87.831489, 41.892597, 0.0 ], [ -87.830167, 41.891563, 0.0 ], [ -87.829647, 41.890239, 0.0 ], [ -87.829836, 41.889894, 0.0 ], [ -87.832469, 41.888518, 0.0 ], [ -87.833491, 41.887027, 0.0 ], [ -87.833664, 41.886014, 0.0 ], [ -87.833305, 41.885168, 0.0 ], [ -87.832766, 41.884497, 0.0 ], [ -87.830784, 41.883141, 0.0 ], [ -87.828952, 41.881596, 0.0 ], [ -87.827317, 41.880548, 0.0 ], [ -87.82699, 41.879965, 0.0 ], [ -87.827331, 41.879183, 0.0 ], [ -87.819325, 41.879354, 0.0 ], [ -87.819641, 41.888247, 0.0 ], [ -87.817794, 41.888286, 0.0 ], [ -87.817751, 41.886983, 0.0 ], [ -87.814724, 41.887028, 0.0 ], [ -87.814587, 41.883082, 0.0 ], [ -87.806171, 41.883209, 0.0 ], [ -87.806108, 41.881372, 0.0 ], [ -87.804766, 41.881398, 0.0 ], [ -87.804402, 41.870486, 0.0 ], [ -87.803538, 41.870472, 0.0 ], [ -87.803469, 41.868646, 0.0 ], [ -87.77427, 41.869122, 0.0 ], [ -87.774899, 41.887419, 0.0 ], [ -87.770021, 41.887485, 0.0 ], [ -87.770008, 41.887144, 0.0 ], [ -87.765112, 41.887209, 0.0 ], [ -87.765187, 41.889298, 0.0 ], [ -87.764288, 41.889308, 0.0 ], [ -87.764353, 41.891111, 0.0 ], [ -87.760509, 41.891153, 0.0 ], [ -87.761065, 41.90582, 0.0 ], [ -87.76207, 41.90581, 0.0 ], [ -87.762126, 41.907618, 0.0 ], [ -87.765854, 41.907574, 0.0 ], [ -87.765893, 41.908872, 0.0 ], [ -87.765539, 41.910172, 0.0 ], [ -87.765751, 41.916632, 0.0 ], [ -87.763082, 41.91652, 0.0 ], [ -87.74858, 41.914809, 0.0 ], [ -87.748242, 41.914459, 0.0 ], [ -87.746901, 41.91427, 0.0 ], [ -87.745996, 41.913932, 0.0 ], [ -87.745904, 41.91085, 0.0 ], [ -87.74612, 41.91008, 0.0 ], [ -87.746121, 41.909211, 0.0 ], [ -87.745858, 41.896758, 0.0 ], [ -87.745152, 41.876816, 0.0 ], [ -87.740268, 41.876915, 0.0 ], [ -87.739938, 41.865968, 0.0 ], [ -87.774145, 41.865467, 0.0 ], [ -87.774084, 41.863643, 0.0 ], [ -87.804145, 41.863159, 0.0 ], [ -87.803798, 41.850377, 0.0 ], [ -87.829456, 41.849919, 0.0 ], [ -87.832879, 41.850919, 0.0 ], [ -87.832641, 41.842603, 0.0 ], [ -87.842194, 41.842414, 0.0 ], [ -87.842656, 41.843023, 0.0 ], [ -87.844839, 41.844949, 0.0 ], [ -87.849929, 41.844944, 0.0 ], [ -87.852213, 41.845902, 0.0 ], [ -87.853048, 41.846077, 0.0 ], [ -87.853317, 41.845464, 0.0 ], [ -87.854223, 41.845168, 0.0 ], [ -87.85426, 41.844487, 0.0 ], [ -87.856999, 41.843741, 0.0 ], [ -87.857981, 41.842889, 0.0 ], [ -87.858291, 41.842793, 0.0 ], [ -87.859114, 41.843112, 0.0 ], [ -87.860257, 41.843861, 0.0 ], [ -87.86199, 41.84419, 0.0 ], [ -87.861971, 41.843827, 0.0 ], [ -87.863869, 41.844581, 0.0 ], [ -87.865082, 41.844434, 0.0 ], [ -87.865261, 41.843834, 0.0 ], [ -87.866265, 41.843839, 0.0 ], [ -87.866289, 41.844421, 0.0 ], [ -87.868554, 41.844373, 0.0 ], [ -87.867856, 41.825322, 0.0 ], [ -87.864665, 41.825442, 0.0 ], [ -87.864394, 41.819639, 0.0 ], [ -87.864559, 41.819632, 0.0 ], [ -87.864565, 41.819256, 0.0 ], [ -87.864714, 41.819157, 0.0 ], [ -87.86465, 41.817862, 0.0 ], [ -87.864441, 41.817367, 0.0 ], [ -87.864583, 41.816917, 0.0 ], [ -87.864515, 41.815238, 0.0 ], [ -87.866007, 41.815213, 0.0 ], [ -87.864926, 41.812466, 0.0 ], [ -87.86555, 41.812452, 0.0 ], [ -87.86528, 41.805169, 0.0 ], [ -87.866838, 41.805135, 0.0 ], [ -87.866757, 41.803306, 0.0 ], [ -87.864307, 41.803361, 0.0 ], [ -87.864229, 41.801622, 0.0 ], [ -87.866685, 41.801487, 0.0 ], [ -87.866459, 41.796007, 0.0 ], [ -87.865228, 41.796028, 0.0 ], [ -87.865188, 41.7949, 0.0 ], [ -87.8664, 41.794277, 0.0 ], [ -87.866382, 41.793727, 0.0 ], [ -87.867578, 41.793136, 0.0 ], [ -87.867541, 41.792346, 0.0 ], [ -87.868763, 41.792322, 0.0 ], [ -87.868166, 41.778556, 0.0 ], [ -87.858578, 41.782864, 0.0 ], [ -87.858028, 41.768844, 0.0 ], [ -87.852985, 41.768936, 0.0 ], [ -87.849813, 41.767456, 0.0 ], [ -87.852615, 41.763982, 0.0 ], [ -87.852907, 41.763918, 0.0 ], [ -87.867376, 41.761912, 0.0 ], [ -87.867366, 41.761685, 0.0 ], [ -87.867542, 41.761662, 0.0 ], [ -87.867549, 41.761888, 0.0 ], [ -87.872947, 41.761183, 0.0 ], [ -87.881932, 41.760855, 0.0 ] ] ] } },
{ "type": "Feature", "properties": { "OID_": 0, "DISTRICT": "5", "STA": "IL", "ST": "17", "LABEL": "5", "DIST_NAME": "State Senate District 5", "TYPE": "State Legislature - Upper Chamber", "TYPE_ABB": "Leg_Upper", "ELECT_YEAR": "Enacted" }, "geometry": { "type": "Polygon", "coordinates": [ [ [ -87.739429, 41.851359, 0.0 ], [ -87.739852, 41.86032, 0.0 ], [ -87.740268, 41.876915, 0.0 ], [ -87.745152, 41.876816, 0.0 ], [ -87.745813, 41.895012, 0.0 ], [ -87.74612, 41.909634, 0.0 ], [ -87.741387, 41.909684, 0.0 ], [ -87.741265, 41.902439, 0.0 ], [ -87.726917, 41.902668, 0.0 ], [ -87.726865, 41.900843, 0.0 ], [ -87.725032, 41.900866, 0.0 ], [ -87.724922, 41.897214, 0.0 ], [ -87.710476, 41.897349, 0.0 ], [ -87.710452, 41.896897, 0.0 ], [ -87.710875, 41.896894, 0.0 ], [ -87.710861, 41.89644, 0.0 ], [ -87.71044, 41.896439, 0.0 ], [ -87.71043, 41.896001, 0.0 ], [ -87.709928, 41.896, 0.0 ], [ -87.709913, 41.895529, 0.0 ], [ -87.708857, 41.895539, 0.0 ], [ -87.708959, 41.898596, 0.0 ], [ -87.708624, 41.899101, 0.0 ], [ -87.704048, 41.897282, 0.0 ], [ -87.704138, 41.89584, 0.0 ], [ -87.703804, 41.895591, 0.0 ], [ -87.699917, 41.895637, 0.0 ], [ -87.687395, 41.890637, 0.0 ], [ -87.68181, 41.890751, 0.0 ], [ -87.681774, 41.88965, 0.0 ], [ -87.674437, 41.889774, 0.0 ], [ -87.674459, 41.890481, 0.0 ], [ -87.672967, 41.890519, 0.0 ], [ -87.672016, 41.890534, 0.0 ], [ -87.671995, 41.889814, 0.0 ], [ -87.669555, 41.889856, 0.0 ], [ -87.669734, 41.896041, 0.0 ], [ -87.667298, 41.896082, 0.0 ], [ -87.667519, 41.904025, 0.0 ], [ -87.673685, 41.907964, 0.0 ], [ -87.67408, 41.907625, 0.0 ], [ -87.677451, 41.909766, 0.0 ], [ -87.67741, 41.908265, 0.0 ], [ -87.682292, 41.908179, 0.0 ], [ -87.6824, 41.912661, 0.0 ], [ -87.687368, 41.915709, 0.0 ], [ -87.687714, 41.926686, 0.0 ], [ -87.687861, 41.92674, 0.0 ], [ -87.687715, 41.926747, 0.0 ], [ -87.687772, 41.928591, 0.0 ], [ -87.682794, 41.925915, 0.0 ], [ -87.683489, 41.925189, 0.0 ], [ -87.683106, 41.924971, 0.0 ], [ -87.651189, 41.925423, 0.0 ], [ -87.651005, 41.919967, 0.0 ], [ -87.649796, 41.919984, 0.0 ], [ -87.649731, 41.918169, 0.0 ], [ -87.649135, 41.918179, 0.0 ], [ -87.649062, 41.91602, 0.0 ], [ -87.649659, 41.916021, 0.0 ], [ -87.649583, 41.913818, 0.0 ], [ -87.643531, 41.913906, 0.0 ], [ -87.643437, 41.911026, 0.0 ], [ -87.637628, 41.911068, 0.0 ], [ -87.637525, 41.907625, 0.0 ], [ -87.637191, 41.90763, 0.0 ], [ -87.637022, 41.903819, 0.0 ], [ -87.637451, 41.903812, 0.0 ], [ -87.637132, 41.89476, 0.0 ], [ -87.642916, 41.89468, 0.0 ], [ -87.642908, 41.89389, 0.0 ], [ -87.641472, 41.893905, 0.0 ], [ -87.641447, 41.893464, 0.0 ], [ -87.640744, 41.89259, 0.0 ], [ -87.641966, 41.892546, 0.0 ], [ -87.639362, 41.889089, 0.0 ], [ -87.64288, 41.889057, 0.0 ], [ -87.642812, 41.886819, 0.0 ], [ -87.641342, 41.886823, 0.0 ], [ -87.641239, 41.883185, 0.0 ], [ -87.638167, 41.883198, 0.0 ], [ -87.638254, 41.881906, 0.0 ], [ -87.635318, 41.881942, 0.0 ], [ -87.635091, 41.874468, 0.0 ], [ -87.636041, 41.874456, 0.0 ], [ -87.635442, 41.871807, 0.0 ], [ -87.634563, 41.865279, 0.0 ], [ -87.634508, 41.859942, 0.0 ], [ -87.63902, 41.860026, 0.0 ], [ -87.671149, 41.85955, 0.0 ], [ -87.671163, 41.859896, 0.0 ], [ -87.673662, 41.859977, 0.0 ], [ -87.676063, 41.859758, 0.0 ], [ -87.676056, 41.859533, 0.0 ], [ -87.678582, 41.8594, 0.0 ], [ -87.68584, 41.859374, 0.0 ], [ -87.685845, 41.857648, 0.0 ], [ -87.687274, 41.857133, 0.0 ], [ -87.693135, 41.85579, 0.0 ], [ -87.693134, 41.85598, 0.0 ], [ -87.694946, 41.855583, 0.0 ], [ -87.699219, 41.855513, 0.0 ], [ -87.699182, 41.854464, 0.0 ], [ -87.700062, 41.85428, 0.0 ], [ -87.702898, 41.854191, 0.0 ], [ -87.702883, 41.85381, 0.0 ], [ -87.703672, 41.853632, 0.0 ], [ -87.711209, 41.853559, 0.0 ], [ -87.711149, 41.851999, 0.0 ], [ -87.712428, 41.851715, 0.0 ], [ -87.722286, 41.851553, 0.0 ], [ -87.722158, 41.849455, 0.0 ], [ -87.722267, 41.849317, 0.0 ], [ -87.734363, 41.846575, 0.0 ], [ -87.734395, 41.847705, 0.0 ], [ -87.739227, 41.845987, 0.0 ], [ -87.739429, 41.851359, 0.0 ] ] ] } },
{ "type": "Feature", "properties": { "OID_": 0, "DISTRICT": "6", "STA": "IL", "ST": "17", "LABEL": "6", "DIST_NAME": "State Senate District 6", "TYPE": "State Legislature - Upper Chamber", "TYPE_ABB": "Leg_Upper", "ELECT_YEAR": "Enacted" }, "geometry": { "type": "Polygon", "coordinates": [ [ [ -87.624058, 41.898394, 0.0 ], [ -87.624133, 41.899218, 0.0 ], [ -87.628271, 41.899148, 0.0 ], [ -87.628347, 41.902388, 0.0 ], [ -87.628667, 41.903272, 0.0 ], [ -87.628684, 41.90395, 0.0 ], [ -87.637022, 41.903819, 0.0 ], [ -87.637191, 41.90763, 0.0 ], [ -87.637525, 41.907625, 0.0 ], [ -87.637628, 41.911068, 0.0 ], [ -87.643437, 41.911026, 0.0 ], [ -87.643531, 41.913906, 0.0 ], [ -87.649583, 41.913818, 0.0 ], [ -87.649659, 41.916021, 0.0 ], [ -87.649062, 41.91602, 0.0 ], [ -87.649135, 41.918179, 0.0 ], [ -87.649731, 41.918169, 0.0 ], [ -87.649796, 41.919984, 0.0 ], [ -87.651005, 41.919967, 0.0 ], [ -87.651189, 41.925423, 0.0 ], [ -87.671672, 41.925114, 0.0 ], [ -87.67269, 41.92757, 0.0 ], [ -87.672449, 41.927395, 0.0 ], [ -87.671543, 41.928103, 0.0 ], [ -87.67173, 41.928238, 0.0 ], [ -87.671762, 41.928741, 0.0 ], [ -87.673031, 41.928723, 0.0 ], [ -87.673321, 41.930289, 0.0 ], [ -87.673432, 41.93235, 0.0 ], [ -87.678141, 41.932293, 0.0 ], [ -87.678361, 41.939581, 0.0 ], [ -87.688179, 41.939469, 0.0 ], [ -87.688264, 41.946739, 0.0 ], [ -87.689476, 41.946738, 0.0 ], [ -87.689489, 41.947191, 0.0 ], [ -87.690102, 41.947187, 0.0 ], [ -87.690135, 41.948529, 0.0 ], [ -87.688314, 41.948556, 0.0 ], [ -87.688367, 41.950387, 0.0 ], [ -87.690741, 41.950393, 0.0 ], [ -87.690883, 41.954021, 0.0 ], [ -87.694452, 41.954002, 0.0 ], [ -87.694362, 41.957734, 0.0 ], [ -87.6948, 41.961281, 0.0 ], [ -87.703363, 41.961227, 0.0 ], [ -87.703611, 41.968502, 0.0 ], [ -87.701099, 41.968522, 0.0 ], [ -87.69872, 41.966207, 0.0 ], [ -87.689458, 41.966183, 0.0 ], [ -87.689431, 41.965741, 0.0 ], [ -87.688822, 41.965746, 0.0 ], [ -87.688834, 41.96608, 0.0 ], [ -87.688235, 41.966156, 0.0 ], [ -87.688186, 41.964888, 0.0 ], [ -87.687582, 41.964898, 0.0 ], [ -87.687529, 41.963162, 0.0 ], [ -87.685008, 41.963198, 0.0 ], [ -87.683836, 41.961393, 0.0 ], [ -87.683155, 41.961407, 0.0 ], [ -87.682062, 41.959842, 0.0 ], [ -87.682051, 41.959591, 0.0 ], [ -87.68183, 41.959594, 0.0 ], [ -87.681366, 41.958688, 0.0 ], [ -87.681196, 41.95869, 0.0 ], [ -87.680787, 41.957784, 0.0 ], [ -87.67644, 41.957848, 0.0 ], [ -87.676416, 41.956935, 0.0 ], [ -87.674298, 41.956965, 0.0 ], [ -87.674272, 41.956054, 0.0 ], [ -87.673849, 41.956075, 0.0 ], [ -87.6738, 41.954233, 0.0 ], [ -87.669055, 41.954298, 0.0 ], [ -87.669105, 41.956136, 0.0 ], [ -87.667595, 41.956149, 0.0 ], [ -87.667411, 41.95067, 0.0 ], [ -87.664124, 41.950719, 0.0 ], [ -87.664131, 41.950984, 0.0 ], [ -87.656812, 41.951095, 0.0 ], [ -87.656798, 41.95446, 0.0 ], [ -87.654551, 41.954496, 0.0 ], [ -87.654754, 41.961787, 0.0 ], [ -87.648021, 41.961888, 0.0 ], [ -87.64548, 41.962099, 0.0 ], [ -87.646088, 41.960154, 0.0 ], [ -87.646011, 41.959258, 0.0 ], [ -87.645341, 41.957102, 0.0 ], [ -87.644192, 41.954667, 0.0 ], [ -87.641084, 41.954854, 0.0 ], [ -87.639931, 41.951779, 0.0 ], [ -87.63775, 41.947303, 0.0 ], [ -87.636024, 41.945238, 0.0 ], [ -87.633452, 41.942788, 0.0 ], [ -87.633305, 41.9423, 0.0 ], [ -87.633695, 41.942196, 0.0 ], [ -87.634023, 41.942486, 0.0 ], [ -87.634409, 41.941572, 0.0 ], [ -87.633953, 41.941284, 0.0 ], [ -87.63402, 41.940362, 0.0 ], [ -87.633447, 41.938753, 0.0 ], [ -87.632316, 41.937056, 0.0 ], [ -87.631818, 41.935414, 0.0 ], [ -87.63054, 41.933519, 0.0 ], [ -87.630746, 41.933108, 0.0 ], [ -87.631403, 41.932846, 0.0 ], [ -87.630769, 41.931999, 0.0 ], [ -87.63116, 41.930379, 0.0 ], [ -87.631095, 41.929204, 0.0 ], [ -87.630706, 41.928166, 0.0 ], [ -87.629605, 41.926661, 0.0 ], [ -87.62962, 41.926134, 0.0 ], [ -87.629848, 41.926041, 0.0 ], [ -87.629635, 41.925201, 0.0 ], [ -87.629305, 41.924624, 0.0 ], [ -87.629555, 41.924405, 0.0 ], [ -87.629497, 41.924169, 0.0 ], [ -87.628682, 41.922944, 0.0 ], [ -87.629277, 41.922554, 0.0 ], [ -87.629366, 41.922291, 0.0 ], [ -87.628551, 41.921011, 0.0 ], [ -87.62897, 41.920792, 0.0 ], [ -87.628963, 41.920666, 0.0 ], [ -87.628067, 41.919408, 0.0 ], [ -87.628516, 41.919166, 0.0 ], [ -87.62748, 41.917881, 0.0 ], [ -87.627738, 41.917706, 0.0 ], [ -87.627657, 41.917321, 0.0 ], [ -87.626027, 41.915591, 0.0 ], [ -87.624462, 41.914492, 0.0 ], [ -87.623081, 41.913794, 0.0 ], [ -87.622603, 41.913623, 0.0 ], [ -87.621626, 41.913623, 0.0 ], [ -87.620207, 41.91416, 0.0 ], [ -87.620317, 41.913639, 0.0 ], [ -87.620877, 41.913063, 0.0 ], [ -87.622965, 41.912635, 0.0 ], [ -87.624612, 41.911313, 0.0 ], [ -87.624723, 41.910682, 0.0 ], [ -87.625224, 41.910007, 0.0 ], [ -87.625276, 41.909595, 0.0 ], [ -87.624031, 41.904038, 0.0 ], [ -87.622724, 41.902923, 0.0 ], [ -87.622534, 41.902412, 0.0 ], [ -87.622666, 41.901929, 0.0 ], [ -87.619668, 41.901433, 0.0 ], [ -87.619162, 41.901065, 0.0 ], [ -87.618531, 41.900194, 0.0 ], [ -87.621895, 41.900053, 0.0 ], [ -87.621862, 41.898427, 0.0 ], [ -87.624058, 41.898394, 0.0 ] ] ] } },
{ "type": "Feature", "properties": { "OID_": 0, "DISTRICT": "7", "STA": "IL", "ST": "17", "LABEL": "7", "DIST_NAME": "State Senate District 7", "TYPE": "State Legislature - Upper Chamber", "TYPE_ABB": "Leg_Upper", "ELECT_YEAR": "Enacted" }, "geometry": { "type": "Polygon", "coordinates": [ [ [ -87.667423, 41.951128, 0.0 ], [ -87.667595, 41.956149, 0.0 ], [ -87.669105, 41.956136, 0.0 ], [ -87.669055, 41.954298, 0.0 ], [ -87.6738, 41.954233, 0.0 ], [ -87.673849, 41.956075, 0.0 ], [ -87.674272, 41.956054, 0.0 ], [ -87.674298, 41.956965, 0.0 ], [ -87.676416, 41.956935, 0.0 ], [ -87.67644, 41.957848, 0.0 ], [ -87.680787, 41.957784, 0.0 ], [ -87.681196, 41.95869, 0.0 ], [ -87.681366, 41.958688, 0.0 ], [ -87.68183, 41.959594, 0.0 ], [ -87.682051, 41.959591, 0.0 ], [ -87.682062, 41.959842, 0.0 ], [ -87.683155, 41.961407, 0.0 ], [ -87.683836, 41.961393, 0.0 ], [ -87.685008, 41.963198, 0.0 ], [ -87.687529, 41.963162, 0.0 ], [ -87.687582, 41.964898, 0.0 ], [ -87.688186, 41.964888, 0.0 ], [ -87.688235, 41.966156, 0.0 ], [ -87.688834, 41.96608, 0.0 ], [ -87.688822, 41.965746, 0.0 ], [ -87.689431, 41.965741, 0.0 ], [ -87.689458, 41.966183, 0.0 ], [ -87.69872, 41.966207, 0.0 ], [ -87.700645, 41.968023, 0.0 ], [ -87.702697, 41.97033, 0.0 ], [ -87.703116, 41.970896, 0.0 ], [ -87.703824, 41.972457, 0.0 ], [ -87.704754, 41.975783, 0.0 ], [ -87.698929, 41.975826, 0.0 ], [ -87.699074, 41.980392, 0.0 ], [ -87.693381, 41.980422, 0.0 ], [ -87.693456, 41.981331, 0.0 ], [ -87.694244, 41.981329, 0.0 ], [ -87.694276, 41.982241, 0.0 ], [ -87.694653, 41.982239, 0.0 ], [ -87.695322, 41.982675, 0.0 ], [ -87.696721, 41.982686, 0.0 ], [ -87.696738, 41.98314, 0.0 ], [ -87.697952, 41.983135, 0.0 ], [ -87.697986, 41.984265, 0.0 ], [ -87.699133, 41.984903, 0.0 ], [ -87.699829, 41.984945, 0.0 ], [ -87.69986, 41.985337, 0.0 ], [ -87.705401, 41.988638, 0.0 ], [ -87.705083, 41.989027, 0.0 ], [ -87.707377, 41.990403, 0.0 ], [ -87.70426, 41.990423, 0.0 ], [ -87.704242, 41.989921, 0.0 ], [ -87.703029, 41.989928, 0.0 ], [ -87.703046, 41.990431, 0.0 ], [ -87.674711, 41.990771, 0.0 ], [ -87.674901, 41.994362, 0.0 ], [ -87.675141, 41.994358, 0.0 ], [ -87.67539, 42.004339, 0.0 ], [ -87.675202, 42.004376, 0.0 ], [ -87.675317, 42.007755, 0.0 ], [ -87.680492, 42.007669, 0.0 ], [ -87.680769, 42.008269, 0.0 ], [ -87.680374, 42.008275, 0.0 ], [ -87.68039, 42.008878, 0.0 ], [ -87.68105, 42.008867, 0.0 ], [ -87.681487, 42.01008, 0.0 ], [ -87.686049, 42.010006, 0.0 ], [ -87.686053, 42.010559, 0.0 ], [ -87.688131, 42.010468, 0.0 ], [ -87.688122, 42.009914, 0.0 ], [ -87.690195, 42.009825, 0.0 ], [ -87.69018, 42.019536, 0.0 ], [ -87.673116, 42.019394, 0.0 ], [ -87.673084, 42.021184, 0.0 ], [ -87.674203, 42.021279, 0.0 ], [ -87.674244, 42.022543, 0.0 ], [ -87.671889, 42.022532, 0.0 ], [ -87.671891, 42.02306, 0.0 ], [ -87.665863, 42.023143, 0.0 ], [ -87.66511, 42.023027, 0.0 ], [ -87.664642, 42.021948, 0.0 ], [ -87.66476, 42.021926, 0.0 ], [ -87.664267, 42.0213, 0.0 ], [ -87.664061, 42.021355, 0.0 ], [ -87.663796, 42.020388, 0.0 ], [ -87.664083, 42.020169, 0.0 ], [ -87.663863, 42.019532, 0.0 ], [ -87.663716, 42.019565, 0.0 ], [ -87.663686, 42.019406, 0.0 ], [ -87.663848, 42.019351, 0.0 ], [ -87.66376, 42.018956, 0.0 ], [ -87.663237, 42.018461, 0.0 ], [ -87.663296, 42.018094, 0.0 ], [ -87.663083, 42.017616, 0.0 ], [ -87.663149, 42.016924, 0.0 ], [ -87.662818, 42.016628, 0.0 ], [ -87.662679, 42.015826, 0.0 ], [ -87.662473, 42.015771, 0.0 ], [ -87.661009, 42.012197, 0.0 ], [ -87.658706, 42.010022, 0.0 ], [ -87.658654, 42.009665, 0.0 ], [ -87.655549, 42.00676, 0.0 ], [ -87.655284, 42.006738, 0.0 ], [ -87.65577, 42.00631, 0.0 ], [ -87.657301, 42.006283, 0.0 ], [ -87.657324, 42.005251, 0.0 ], [ -87.656794, 42.00424, 0.0 ], [ -87.657295, 42.004191, 0.0 ], [ -87.656773, 42.002379, 0.0 ], [ -87.656199, 42.001275, 0.0 ], [ -87.656347, 42.001045, 0.0 ], [ -87.655876, 42.00004, 0.0 ], [ -87.655819, 41.999402, 0.0 ], [ -87.655135, 41.998737, 0.0 ], [ -87.655003, 41.998304, 0.0 ], [ -87.655135, 41.998309, 0.0 ], [ -87.655128, 41.998166, 0.0 ], [ -87.654739, 41.998161, 0.0 ], [ -87.654731, 41.997292, 0.0 ], [ -87.654519, 41.997286, 0.0 ], [ -87.654466, 41.996497, 0.0 ], [ -87.654724, 41.996376, 0.0 ], [ -87.654842, 41.995471, 0.0 ], [ -87.654687, 41.995322, 0.0 ], [ -87.654747, 41.994576, 0.0 ], [ -87.654482, 41.9944, 0.0 ], [ -87.654438, 41.994103, 0.0 ], [ -87.654806, 41.993192, 0.0 ], [ -87.654755, 41.992857, 0.0 ], [ -87.654247, 41.992571, 0.0 ], [ -87.654389, 41.99021, 0.0 ], [ -87.654131, 41.989066, 0.0 ], [ -87.650129, 41.984952, 0.0 ], [ -87.650484, 41.984132, 0.0 ], [ -87.650729, 41.982933, 0.0 ], [ -87.650682, 41.980692, 0.0 ], [ -87.650232, 41.979729, 0.0 ], [ -87.650377, 41.979605, 0.0 ], [ -87.649702, 41.979047, 0.0 ], [ -87.646786, 41.977465, 0.0 ], [ -87.646492, 41.977141, 0.0 ], [ -87.646317, 41.973589, 0.0 ], [ -87.646126, 41.972881, 0.0 ], [ -87.644848, 41.970618, 0.0 ], [ -87.643826, 41.969404, 0.0 ], [ -87.642554, 41.968257, 0.0 ], [ -87.640502, 41.966883, 0.0 ], [ -87.639208, 41.966213, 0.0 ], [ -87.636442, 41.965531, 0.0 ], [ -87.631977, 41.965249, 0.0 ], [ -87.631397, 41.96314, 0.0 ], [ -87.631471, 41.962932, 0.0 ], [ -87.631839, 41.962586, 0.0 ], [ -87.63443, 41.961357, 0.0 ], [ -87.635593, 41.960293, 0.0 ], [ -87.636535, 41.959755, 0.0 ], [ -87.637535, 41.959503, 0.0 ], [ -87.639029, 41.959537, 0.0 ], [ -87.640764, 41.960031, 0.0 ], [ -87.640896, 41.960668, 0.0 ], [ -87.640396, 41.960866, 0.0 ], [ -87.638874, 41.960332, 0.0 ], [ -87.636828, 41.960732, 0.0 ], [ -87.636328, 41.961023, 0.0 ], [ -87.635569, 41.961967, 0.0 ], [ -87.635437, 41.962412, 0.0 ], [ -87.635841, 41.962747, 0.0 ], [ -87.636488, 41.962874, 0.0 ], [ -87.640432, 41.962463, 0.0 ], [ -87.641417, 41.962321, 0.0 ], [ -87.642043, 41.961997, 0.0 ], [ -87.64233, 41.961212, 0.0 ], [ -87.641588, 41.960372, 0.0 ], [ -87.641722, 41.958577, 0.0 ], [ -87.6414, 41.955958, 0.0 ], [ -87.641084, 41.954854, 0.0 ], [ -87.644192, 41.954667, 0.0 ], [ -87.645341, 41.957102, 0.0 ], [ -87.646011, 41.959258, 0.0 ], [ -87.646088, 41.960154, 0.0 ], [ -87.64548, 41.962099, 0.0 ], [ -87.648021, 41.961888, 0.0 ], [ -87.654754, 41.961787, 0.0 ], [ -87.654551, 41.954496, 0.0 ], [ -87.656798, 41.95446, 0.0 ], [ -87.656812, 41.951095, 0.0 ], [ -87.664131, 41.950984, 0.0 ], [ -87.664124, 41.950719, 0.0 ], [ -87.667411, 41.95067, 0.0 ], [ -87.667423, 41.951128, 0.0 ] ] ] } },
{ "type": "Feature", "properties": { "OID_": 0, "DISTRICT": "8", "STA": "IL", "ST": "17", "LABEL": "8", "DIST_NAME": "State Senate District 8", "TYPE": "State Legislature - Upper Chamber", "TYPE_ABB": "Leg_Upper", "ELECT_YEAR": "Enacted" }, "geometry": { "type": "Polygon", "coordinates": [ [ [ -87.732727, 41.9609, 0.0 ], [ -87.746464, 41.960744, 0.0 ], [ -87.747379, 41.962441, 0.0 ], [ -87.746987, 41.963, 0.0 ], [ -87.747626, 41.964375, 0.0 ], [ -87.747864, 41.964372, 0.0 ], [ -87.747954, 41.967646, 0.0 ], [ -87.747896, 41.968034, 0.0 ], [ -87.747728, 41.968037, 0.0 ], [ -87.747565, 41.968543, 0.0 ], [ -87.747832, 41.969406, 0.0 ], [ -87.747918, 41.972889, 0.0 ], [ -87.749223, 41.973693, 0.0 ], [ -87.749277, 41.975319, 0.0 ], [ -87.751809, 41.975292, 0.0 ], [ -87.75474, 41.977095, 0.0 ], [ -87.755035, 41.977856, 0.0 ], [ -87.748743, 41.977941, 0.0 ], [ -87.748794, 41.979507, 0.0 ], [ -87.755388, 41.979421, 0.0 ], [ -87.755343, 41.979959, 0.0 ], [ -87.756328, 41.979893, 0.0 ], [ -87.759129, 41.985184, 0.0 ], [ -87.759502, 41.98518, 0.0 ], [ -87.759353, 41.984908, 0.0 ], [ -87.760461, 41.984907, 0.0 ], [ -87.760461, 41.9857, 0.0 ], [ -87.766751, 41.988757, 0.0 ], [ -87.768221, 41.987299, 0.0 ], [ -87.768306, 41.985009, 0.0 ], [ -87.783731, 41.993001, 0.0 ], [ -87.787466, 41.996919, 0.0 ], [ -87.787503, 41.995556, 0.0 ], [ -87.791984, 41.995524, 0.0 ], [ -87.792316, 41.997332, 0.0 ], [ -87.793946, 41.997326, 0.0 ], [ -87.793946, 42.00097, 0.0 ], [ -87.79713, 42.000948, 0.0 ], [ -87.797132, 42.000013, 0.0 ], [ -87.799487, 41.999993, 0.0 ], [ -87.800927, 42.006809, 0.0 ], [ -87.801294, 42.011067, 0.0 ], [ -87.801649, 42.011882, 0.0 ], [ -87.801374, 42.011957, 0.0 ], [ -87.80657, 42.01783, 0.0 ], [ -87.80643, 42.029864, 0.0 ], [ -87.811326, 42.029761, 0.0 ], [ -87.811307, 42.031571, 0.0 ], [ -87.812533, 42.031558, 0.0 ], [ -87.812509, 42.033371, 0.0 ], [ -87.820779, 42.033205, 0.0 ], [ -87.821083, 42.03319, 0.0 ], [ -87.821128, 42.029547, 0.0 ], [ -87.826038, 42.029437, 0.0 ], [ -87.82602, 42.031119, 0.0 ], [ -87.834556, 42.030872, 0.0 ], [ -87.834556, 42.031019, 0.0 ], [ -87.835768, 42.031031, 0.0 ], [ -87.835803, 42.028247, 0.0 ], [ -87.839455, 42.02813, 0.0 ], [ -87.839525, 42.027357, 0.0 ], [ -87.840665, 42.027272, 0.0 ], [ -87.840669, 42.029093, 0.0 ], [ -87.845533, 42.028995, 0.0 ], [ -87.84546, 42.036276, 0.0 ], [ -87.840587, 42.036257, 0.0 ], [ -87.840355, 42.05456, 0.0 ], [ -87.81094, 42.055198, 0.0 ], [ -87.763927, 42.05539, 0.0 ], [ -87.763762, 42.053206, 0.0 ], [ -87.764184, 42.040914, 0.0 ], [ -87.746509, 42.040756, 0.0 ], [ -87.746517, 42.038018, 0.0 ], [ -87.746086, 42.035322, 0.0 ], [ -87.747248, 42.035324, 0.0 ], [ -87.747301, 42.033524, 0.0 ], [ -87.74006, 42.03352, 0.0 ], [ -87.740072, 42.033074, 0.0 ], [ -87.738868, 42.033075, 0.0 ], [ -87.738856, 42.033519, 0.0 ], [ -87.727991, 42.03352, 0.0 ], [ -87.727891, 42.03715, 0.0 ], [ -87.710839, 42.037312, 0.0 ], [ -87.709844, 42.037193, 0.0 ], [ -87.70991, 42.033693, 0.0 ], [ -87.708667, 42.033684, 0.0 ], [ -87.709033, 42.019142, 0.0 ], [ -87.697239, 42.019386, 0.0 ], [ -87.697345, 42.013038, 0.0 ], [ -87.695049, 42.01309, 0.0 ], [ -87.694986, 42.012803, 0.0 ], [ -87.69283, 42.012851, 0.0 ], [ -87.692836, 42.012232, 0.0 ], [ -87.690253, 42.012288, 0.0 ], [ -87.690195, 42.009825, 0.0 ], [ -87.688122, 42.009914, 0.0 ], [ -87.688131, 42.010468, 0.0 ], [ -87.686053, 42.010559, 0.0 ], [ -87.686049, 42.010006, 0.0 ], [ -87.681487, 42.01008, 0.0 ], [ -87.68105, 42.008867, 0.0 ], [ -87.68039, 42.008878, 0.0 ], [ -87.680374, 42.008275, 0.0 ], [ -87.680769, 42.008269, 0.0 ], [ -87.680492, 42.007669, 0.0 ], [ -87.675317, 42.007755, 0.0 ], [ -87.675202, 42.004376, 0.0 ], [ -87.67539, 42.004339, 0.0 ], [ -87.675141, 41.994358, 0.0 ], [ -87.674901, 41.994362, 0.0 ], [ -87.674711, 41.990771, 0.0 ], [ -87.703046, 41.990431, 0.0 ], [ -87.703029, 41.989928, 0.0 ], [ -87.704242, 41.989921, 0.0 ], [ -87.70426, 41.990423, 0.0 ], [ -87.707377, 41.990403, 0.0 ], [ -87.705083, 41.989027, 0.0 ], [ -87.705401, 41.988638, 0.0 ], [ -87.69986, 41.985337, 0.0 ], [ -87.699829, 41.984945, 0.0 ], [ -87.699133, 41.984903, 0.0 ], [ -87.697986, 41.984265, 0.0 ], [ -87.697952, 41.983135, 0.0 ], [ -87.696738, 41.98314, 0.0 ], [ -87.696721, 41.982686, 0.0 ], [ -87.695357, 41.982688, 0.0 ], [ -87.694653, 41.982239, 0.0 ], [ -87.694276, 41.982241, 0.0 ], [ -87.694244, 41.981329, 0.0 ], [ -87.693456, 41.981331, 0.0 ], [ -87.693381, 41.980422, 0.0 ], [ -87.699074, 41.980392, 0.0 ], [ -87.698929, 41.975826, 0.0 ], [ -87.708687, 41.975756, 0.0 ], [ -87.708585, 41.972098, 0.0 ], [ -87.712813, 41.972033, 0.0 ], [ -87.714933, 41.971804, 0.0 ], [ -87.716054, 41.971919, 0.0 ], [ -87.716527, 41.972138, 0.0 ], [ -87.716449, 41.97202, 0.0 ], [ -87.728138, 41.971892, 0.0 ], [ -87.728034, 41.96825, 0.0 ], [ -87.730484, 41.968223, 0.0 ], [ -87.73046, 41.967774, 0.0 ], [ -87.73173, 41.967766, 0.0 ], [ -87.731717, 41.967127, 0.0 ], [ -87.730413, 41.96622, 0.0 ], [ -87.732812, 41.964312, 0.0 ], [ -87.731158, 41.963146, 0.0 ], [ -87.732384, 41.962174, 0.0 ], [ -87.730602, 41.960923, 0.0 ], [ -87.731057, 41.960918, 0.0 ], [ -87.731008, 41.959097, 0.0 ], [ -87.732644, 41.959078, 0.0 ], [ -87.732727, 41.9609, 0.0 ] ] ] } },
{ "type": "Feature", "properties": { "OID_": 0, "DISTRICT": "9", "STA": "IL", "ST": "17", "LABEL": "9", "DIST_NAME": "State Senate District 9", "TYPE": "State Legislature - Upper Chamber", "TYPE_ABB": "Leg_Upper", "ELECT_YEAR": "Enacted" }, "geometry": { "type": "Polygon", "coordinates": [ [ [ -87.697342, 42.013218, 0.0 ], [ -87.697239, 42.019386, 0.0 ], [ -87.709033, 42.019142, 0.0 ], [ -87.708667, 42.033684, 0.0 ], [ -87.70991, 42.033693, 0.0 ], [ -87.709844, 42.037193, 0.0 ], [ -87.710839, 42.037312, 0.0 ], [ -87.727891, 42.03715, 0.0 ], [ -87.727991, 42.03352, 0.0 ], [ -87.738856, 42.033519, 0.0 ], [ -87.738868, 42.033075, 0.0 ], [ -87.740072, 42.033074, 0.0 ], [ -87.74006, 42.03352, 0.0 ], [ -87.747301, 42.033524, 0.0 ], [ -87.747248, 42.035324, 0.0 ], [ -87.746086, 42.035322, 0.0 ], [ -87.746517, 42.038018, 0.0 ], [ -87.746509, 42.040756, 0.0 ], [ -87.764184, 42.040914, 0.0 ], [ -87.763762, 42.053206, 0.0 ], [ -87.763927, 42.05539, 0.0 ], [ -87.81094, 42.055198, 0.0 ], [ -87.840355, 42.05456, 0.0 ], [ -87.840299, 42.063142, 0.0 ], [ -87.839946, 42.065797, 0.0 ], [ -87.867287, 42.065904, 0.0 ], [ -87.865963, 42.082641, 0.0 ], [ -87.866214, 42.082885, 0.0 ], [ -87.866556, 42.085466, 0.0 ], [ -87.867991, 42.09029, 0.0 ], [ -87.86824, 42.092042, 0.0 ], [ -87.868146, 42.106669, 0.0 ], [ -87.866435, 42.106098, 0.0 ], [ -87.864718, 42.105812, 0.0 ], [ -87.858798, 42.105751, 0.0 ], [ -87.858776, 42.107563, 0.0 ], [ -87.853783, 42.107553, 0.0 ], [ -87.853715, 42.116614, 0.0 ], [ -87.839089, 42.116543, 0.0 ], [ -87.839054, 42.1193, 0.0 ], [ -87.834758, 42.119288, 0.0 ], [ -87.833584, 42.119503, 0.0 ], [ -87.833601, 42.11651, 0.0 ], [ -87.816795, 42.116428, 0.0 ], [ -87.81073, 42.122736, 0.0 ], [ -87.809195, 42.122665, 0.0 ], [ -87.809145, 42.123623, 0.0 ], [ -87.79381, 42.123483, 0.0 ], [ -87.791436, 42.123232, 0.0 ], [ -87.789635, 42.123254, 0.0 ], [ -87.789281, 42.123468, 0.0 ], [ -87.777698, 42.123488, 0.0 ], [ -87.777365, 42.123697, 0.0 ], [ -87.776805, 42.123455, 0.0 ], [ -87.77028, 42.123363, 0.0 ], [ -87.770283, 42.123653, 0.0 ], [ -87.760975, 42.123109, 0.0 ], [ -87.760972, 42.122664, 0.0 ], [ -87.763484, 42.122599, 0.0 ], [ -87.76353, 42.119581, 0.0 ], [ -87.762234, 42.119535, 0.0 ], [ -87.760727, 42.119772, 0.0 ], [ -87.760721, 42.119623, 0.0 ], [ -87.760445, 42.119611, 0.0 ], [ -87.760457, 42.119754, 0.0 ], [ -87.758334, 42.119694, 0.0 ], [ -87.758334, 42.119528, 0.0 ], [ -87.758112, 42.119523, 0.0 ], [ -87.758118, 42.1197, 0.0 ], [ -87.756407, 42.119681, 0.0 ], [ -87.756404, 42.119484, 0.0 ], [ -87.756171, 42.11948, 0.0 ], [ -87.756168, 42.119677, 0.0 ], [ -87.753019, 42.119668, 0.0 ], [ -87.753018, 42.119539, 0.0 ], [ -87.752742, 42.119537, 0.0 ], [ -87.752745, 42.119655, 0.0 ], [ -87.751302, 42.119651, 0.0 ], [ -87.751304, 42.11953, 0.0 ], [ -87.748866, 42.119437, 0.0 ], [ -87.746318, 42.119546, 0.0 ], [ -87.745929, 42.11945, 0.0 ], [ -87.745657, 42.119122, 0.0 ], [ -87.744983, 42.119439, 0.0 ], [ -87.741536, 42.119334, 0.0 ], [ -87.741774, 42.122669, 0.0 ], [ -87.741694, 42.128476, 0.0 ], [ -87.741332, 42.127675, 0.0 ], [ -87.740719, 42.127099, 0.0 ], [ -87.740896, 42.127016, 0.0 ], [ -87.739516, 42.125672, 0.0 ], [ -87.7397, 42.125589, 0.0 ], [ -87.7381, 42.123658, 0.0 ], [ -87.738284, 42.123554, 0.0 ], [ -87.737745, 42.122923, 0.0 ], [ -87.737457, 42.122857, 0.0 ], [ -87.737354, 42.122478, 0.0 ], [ -87.736689, 42.12182, 0.0 ], [ -87.736689, 42.121485, 0.0 ], [ -87.735996, 42.120914, 0.0 ], [ -87.736224, 42.120793, 0.0 ], [ -87.735612, 42.120179, 0.0 ], [ -87.730557, 42.116387, 0.0 ], [ -87.730203, 42.116332, 0.0 ], [ -87.729746, 42.116547, 0.0 ], [ -87.729466, 42.116212, 0.0 ], [ -87.730365, 42.115728, 0.0 ], [ -87.730505, 42.115503, 0.0 ], [ -87.730239, 42.115201, 0.0 ], [ -87.730018, 42.115267, 0.0 ], [ -87.730099, 42.115037, 0.0 ], [ -87.729826, 42.115037, 0.0 ], [ -87.730563, 42.114685, 0.0 ], [ -87.729383, 42.113423, 0.0 ], [ -87.729552, 42.113264, 0.0 ], [ -87.728202, 42.112056, 0.0 ], [ -87.727781, 42.111337, 0.0 ], [ -87.726962, 42.110657, 0.0 ], [ -87.726925, 42.110273, 0.0 ], [ -87.726357, 42.109702, 0.0 ], [ -87.726158, 42.109224, 0.0 ], [ -87.724586, 42.107929, 0.0 ], [ -87.724461, 42.107496, 0.0 ], [ -87.722668, 42.106091, 0.0 ], [ -87.721208, 42.10445, 0.0 ], [ -87.720337, 42.103846, 0.0 ], [ -87.720116, 42.103412, 0.0 ], [ -87.717844, 42.101618, 0.0 ], [ -87.714673, 42.09839, 0.0 ], [ -87.712549, 42.096645, 0.0 ], [ -87.711458, 42.096058, 0.0 ], [ -87.711236, 42.095707, 0.0 ], [ -87.707078, 42.09305, 0.0 ], [ -87.705935, 42.091771, 0.0 ], [ -87.703871, 42.090591, 0.0 ], [ -87.703893, 42.090454, 0.0 ], [ -87.703273, 42.089933, 0.0 ], [ -87.700236, 42.088396, 0.0 ], [ -87.700229, 42.088061, 0.0 ], [ -87.698459, 42.086936, 0.0 ], [ -87.698202, 42.087089, 0.0 ], [ -87.697531, 42.086541, 0.0 ], [ -87.697744, 42.086409, 0.0 ], [ -87.697354, 42.086052, 0.0 ], [ -87.696683, 42.085788, 0.0 ], [ -87.694531, 42.084389, 0.0 ], [ -87.689416, 42.081886, 0.0 ], [ -87.683409, 42.079426, 0.0 ], [ -87.681471, 42.078449, 0.0 ], [ -87.679975, 42.078805, 0.0 ], [ -87.679923, 42.078696, 0.0 ], [ -87.681043, 42.078421, 0.0 ], [ -87.680837, 42.077515, 0.0 ], [ -87.679842, 42.077581, 0.0 ], [ -87.679349, 42.077213, 0.0 ], [ -87.679466, 42.077147, 0.0 ], [ -87.679857, 42.077488, 0.0 ], [ -87.682237, 42.077202, 0.0 ], [ -87.682105, 42.077148, 0.0 ], [ -87.682156, 42.076933, 0.0 ], [ -87.681434, 42.076763, 0.0 ], [ -87.680093, 42.0769, 0.0 ], [ -87.681471, 42.076653, 0.0 ], [ -87.681884, 42.076719, 0.0 ], [ -87.682186, 42.075435, 0.0 ], [ -87.681906, 42.074765, 0.0 ], [ -87.681058, 42.073491, 0.0 ], [ -87.680027, 42.072415, 0.0 ], [ -87.678421, 42.069703, 0.0 ], [ -87.676638, 42.067089, 0.0 ], [ -87.675916, 42.066584, 0.0 ], [ -87.675636, 42.065991, 0.0 ], [ -87.675724, 42.065799, 0.0 ], [ -87.675415, 42.064871, 0.0 ], [ -87.674001, 42.064053, 0.0 ], [ -87.674207, 42.063866, 0.0 ], [ -87.673772, 42.06323, 0.0 ], [ -87.673382, 42.061824, 0.0 ], [ -87.673065, 42.061363, 0.0 ], [ -87.671283, 42.059738, 0.0 ], [ -87.67087, 42.060083, 0.0 ], [ -87.669876, 42.059946, 0.0 ], [ -87.669551, 42.059732, 0.0 ], [ -87.670009, 42.057882, 0.0 ], [ -87.670112, 42.055933, 0.0 ], [ -87.66987, 42.054, 0.0 ], [ -87.669325, 42.052331, 0.0 ], [ -87.669502, 42.05209, 0.0 ], [ -87.670165, 42.051969, 0.0 ], [ -87.670383, 42.052281, 0.0 ], [ -87.671048, 42.052349, 0.0 ], [ -87.671137, 42.050553, 0.0 ], [ -87.671219, 42.050728, 0.0 ], [ -87.672073, 42.050706, 0.0 ], [ -87.672626, 42.049746, 0.0 ], [ -87.672655, 42.049087, 0.0 ], [ -87.672221, 42.048236, 0.0 ], [ -87.673179, 42.047945, 0.0 ], [ -87.672258, 42.045612, 0.0 ], [ -87.672089, 42.04548, 0.0 ], [ -87.672148, 42.044689, 0.0 ], [ -87.671971, 42.0438, 0.0 ], [ -87.670248, 42.041944, 0.0 ], [ -87.669379, 42.041274, 0.0 ], [ -87.669115, 42.039556, 0.0 ], [ -87.669535, 42.039023, 0.0 ], [ -87.669572, 42.037557, 0.0 ], [ -87.669874, 42.037404, 0.0 ], [ -87.670051, 42.036937, 0.0 ], [ -87.669867, 42.036459, 0.0 ], [ -87.669086, 42.035515, 0.0 ], [ -87.669653, 42.035482, 0.0 ], [ -87.669403, 42.034367, 0.0 ], [ -87.669595, 42.034318, 0.0 ], [ -87.6693, 42.033818, 0.0 ], [ -87.659805, 42.033969, 0.0 ], [ -87.658863, 42.023439, 0.0 ], [ -87.657463, 42.019839, 0.0 ], [ -87.655362, 42.013439, 0.0 ], [ -87.661256, 42.012889, 0.0 ], [ -87.662097, 42.014602, 0.0 ], [ -87.662473, 42.015771, 0.0 ], [ -87.662679, 42.015826, 0.0 ], [ -87.662818, 42.016628, 0.0 ], [ -87.663149, 42.016924, 0.0 ], [ -87.663083, 42.017616, 0.0 ], [ -87.663296, 42.018094, 0.0 ], [ -87.663237, 42.018461, 0.0 ], [ -87.66376, 42.018956, 0.0 ], [ -87.663848, 42.019351, 0.0 ], [ -87.663686, 42.019406, 0.0 ], [ -87.663716, 42.019565, 0.0 ], [ -87.663863, 42.019532, 0.0 ], [ -87.664083, 42.020169, 0.0 ], [ -87.663796, 42.020388, 0.0 ], [ -87.664061, 42.021355, 0.0 ], [ -87.664267, 42.0213, 0.0 ], [ -87.66476, 42.021926, 0.0 ], [ -87.664642, 42.021948, 0.0 ], [ -87.66511, 42.023027, 0.0 ], [ -87.665863, 42.023143, 0.0 ], [ -87.671891, 42.02306, 0.0 ], [ -87.671889, 42.022532, 0.0 ], [ -87.674244, 42.022543, 0.0 ], [ -87.674203, 42.021279, 0.0 ], [ -87.673084, 42.021184, 0.0 ], [ -87.673116, 42.019394, 0.0 ], [ -87.69018, 42.019536, 0.0 ], [ -87.690253, 42.012288, 0.0 ], [ -87.692836, 42.012232, 0.0 ], [ -87.69283, 42.012851, 0.0 ], [ -87.694986, 42.012803, 0.0 ], [ -87.695009, 42.013085, 0.0 ], [ -87.697345, 42.013038, 0.0 ], [ -87.697342, 42.013218, 0.0 ] ] ] } },
{ "type": "Feature", "properties": { "OID_": 0, "DISTRICT": "10", "STA": "IL", "ST": "17", "LABEL": "10", "DIST_NAME": "State Senate District 10", "TYPE": "State Legislature - Upper Chamber", "TYPE_ABB": "Leg_Upper", "ELECT_YEAR": "Enacted" }, "geometry": { "type": "Polygon", "coordinates": [ [ [ -87.854647, 41.922552, 0.0 ], [ -87.857492, 41.930203, 0.0 ], [ -87.857823, 41.931535, 0.0 ], [ -87.858311, 41.931526, 0.0 ], [ -87.858737, 41.93274, 0.0 ], [ -87.858261, 41.932758, 0.0 ], [ -87.858815, 41.934299, 0.0 ], [ -87.865493, 41.936226, 0.0 ], [ -87.865951, 41.945843, 0.0 ], [ -87.875657, 41.945665, 0.0 ], [ -87.875679, 41.946138, 0.0 ], [ -87.878101, 41.946094, 0.0 ], [ -87.878115, 41.946411, 0.0 ], [ -87.880551, 41.946436, 0.0 ], [ -87.880509, 41.945555, 0.0 ], [ -87.884922, 41.945403, 0.0 ], [ -87.885401, 41.945569, 0.0 ], [ -87.885685, 41.953292, 0.0 ], [ -87.890669, 41.953438, 0.0 ], [ -87.890469, 41.954638, 0.0 ], [ -87.890769, 41.958038, 0.0 ], [ -87.884303, 41.957534, 0.0 ], [ -87.883248, 41.958538, 0.0 ], [ -87.880732, 41.960487, 0.0 ], [ -87.880884, 41.97309, 0.0 ], [ -87.877658, 41.973065, 0.0 ], [ -87.878479, 41.975827, 0.0 ], [ -87.878852, 41.977969, 0.0 ], [ -87.878784, 41.98116, 0.0 ], [ -87.879047, 41.981052, 0.0 ], [ -87.878841, 41.985964, 0.0 ], [ -87.879116, 41.987849, 0.0 ], [ -87.879592, 41.988985, 0.0 ], [ -87.880143, 41.989662, 0.0 ], [ -87.883069, 41.991601, 0.0 ], [ -87.884139, 41.992829, 0.0 ], [ -87.884616, 41.9943, 0.0 ], [ -87.884537, 41.998231, 0.0 ], [ -87.873358, 41.99535, 0.0 ], [ -87.873164, 41.995481, 0.0 ], [ -87.859443, 41.995855, 0.0 ], [ -87.858578, 41.995127, 0.0 ], [ -87.858432, 41.994606, 0.0 ], [ -87.858734, 41.993975, 0.0 ], [ -87.859709, 41.992963, 0.0 ], [ -87.859791, 41.992471, 0.0 ], [ -87.85962, 41.991918, 0.0 ], [ -87.858963, 41.991094, 0.0 ], [ -87.856633, 41.989871, 0.0 ], [ -87.855857, 41.989065, 0.0 ], [ -87.854138, 41.988658, 0.0 ], [ -87.850708, 41.988446, 0.0 ], [ -87.846535, 41.987861, 0.0 ], [ -87.846499, 41.973714, 0.0 ], [ -87.841556, 41.973796, 0.0 ], [ -87.84156, 41.974703, 0.0 ], [ -87.836635, 41.974798, 0.0 ], [ -87.836624, 41.986373, 0.0 ], [ -87.823333, 41.984517, 0.0 ], [ -87.823402, 41.98399, 0.0 ], [ -87.819272, 41.983451, 0.0 ], [ -87.816838, 41.982944, 0.0 ], [ -87.8167, 41.996985, 0.0 ], [ -87.831211, 41.996612, 0.0 ], [ -87.831249, 41.996827, 0.0 ], [ -87.831159, 42.008306, 0.0 ], [ -87.830746, 42.00837, 0.0 ], [ -87.830443, 42.008657, 0.0 ], [ -87.830621, 42.009185, 0.0 ], [ -87.830994, 42.009491, 0.0 ], [ -87.829523, 42.010994, 0.0 ], [ -87.829555, 42.011285, 0.0 ], [ -87.83156, 42.012539, 0.0 ], [ -87.830875, 42.013184, 0.0 ], [ -87.83087, 42.013421, 0.0 ], [ -87.830221, 42.013436, 0.0 ], [ -87.830225, 42.014878, 0.0 ], [ -87.827622, 42.01494, 0.0 ], [ -87.827601, 42.0185, 0.0 ], [ -87.826103, 42.018534, 0.0 ], [ -87.826103, 42.019964, 0.0 ], [ -87.824678, 42.019994, 0.0 ], [ -87.824821, 42.02377, 0.0 ], [ -87.824661, 42.025832, 0.0 ], [ -87.826082, 42.025815, 0.0 ], [ -87.826038, 42.029437, 0.0 ], [ -87.821128, 42.029547, 0.0 ], [ -87.821083, 42.03319, 0.0 ], [ -87.812509, 42.033371, 0.0 ], [ -87.812533, 42.031558, 0.0 ], [ -87.811307, 42.031571, 0.0 ], [ -87.811326, 42.029761, 0.0 ], [ -87.80643, 42.029864, 0.0 ], [ -87.80657, 42.01783, 0.0 ], [ -87.801374, 42.011957, 0.0 ], [ -87.801649, 42.011882, 0.0 ], [ -87.801294, 42.011067, 0.0 ], [ -87.800927, 42.006809, 0.0 ], [ -87.799487, 41.999993, 0.0 ], [ -87.797132, 42.000013, 0.0 ], [ -87.79713, 42.000948, 0.0 ], [ -87.793946, 42.00097, 0.0 ], [ -87.793946, 41.997326, 0.0 ], [ -87.792316, 41.997332, 0.0 ], [ -87.791984, 41.995524, 0.0 ], [ -87.787503, 41.995556, 0.0 ], [ -87.787466, 41.996919, 0.0 ], [ -87.783731, 41.993001, 0.0 ], [ -87.768306, 41.985009, 0.0 ], [ -87.768221, 41.987299, 0.0 ], [ -87.766751, 41.988757, 0.0 ], [ -87.760461, 41.9857, 0.0 ], [ -87.760461, 41.984907, 0.0 ], [ -87.759353, 41.984908, 0.0 ], [ -87.759502, 41.98518, 0.0 ], [ -87.759129, 41.985184, 0.0 ], [ -87.756328, 41.979893, 0.0 ], [ -87.755343, 41.979959, 0.0 ], [ -87.755388, 41.979421, 0.0 ], [ -87.748794, 41.979507, 0.0 ], [ -87.748743, 41.977941, 0.0 ], [ -87.755035, 41.977856, 0.0 ], [ -87.75474, 41.977095, 0.0 ], [ -87.751809, 41.975292, 0.0 ], [ -87.749277, 41.975319, 0.0 ], [ -87.749223, 41.973693, 0.0 ], [ -87.747918, 41.972889, 0.0 ], [ -87.747832, 41.969406, 0.0 ], [ -87.747565, 41.968543, 0.0 ], [ -87.747728, 41.968037, 0.0 ], [ -87.747896, 41.968034, 0.0 ], [ -87.747954, 41.967646, 0.0 ], [ -87.747864, 41.964372, 0.0 ], [ -87.747626, 41.964375, 0.0 ], [ -87.746987, 41.963, 0.0 ], [ -87.747379, 41.962441, 0.0 ], [ -87.746464, 41.960744, 0.0 ], [ -87.732727, 41.9609, 0.0 ], [ -87.732644, 41.959078, 0.0 ], [ -87.731008, 41.959097, 0.0 ], [ -87.731057, 41.960918, 0.0 ], [ -87.729699, 41.960935, 0.0 ], [ -87.729422, 41.960743, 0.0 ], [ -87.72938, 41.959114, 0.0 ], [ -87.727781, 41.959132, 0.0 ], [ -87.727624, 41.95367, 0.0 ], [ -87.733976, 41.953586, 0.0 ], [ -87.733989, 41.954809, 0.0 ], [ -87.738236, 41.95723, 0.0 ], [ -87.738212, 41.95706, 0.0 ], [ -87.738805, 41.957144, 0.0 ], [ -87.740115, 41.95795, 0.0 ], [ -87.742064, 41.957618, 0.0 ], [ -87.741859, 41.957157, 0.0 ], [ -87.741756, 41.953491, 0.0 ], [ -87.742756, 41.953482, 0.0 ], [ -87.742531, 41.953015, 0.0 ], [ -87.742436, 41.949846, 0.0 ], [ -87.742677, 41.949846, 0.0 ], [ -87.742638, 41.948008, 0.0 ], [ -87.747147, 41.94795, 0.0 ], [ -87.74717, 41.948866, 0.0 ], [ -87.747779, 41.948863, 0.0 ], [ -87.747962, 41.953412, 0.0 ], [ -87.747311, 41.953426, 0.0 ], [ -87.74736, 41.95525, 0.0 ], [ -87.757212, 41.95513, 0.0 ], [ -87.75701, 41.948746, 0.0 ], [ -87.761934, 41.948689, 0.0 ], [ -87.761842, 41.945949, 0.0 ], [ -87.781379, 41.945729, 0.0 ], [ -87.781226, 41.942062, 0.0 ], [ -87.783662, 41.942036, 0.0 ], [ -87.783625, 41.941112, 0.0 ], [ -87.785568, 41.941087, 0.0 ], [ -87.785452, 41.938333, 0.0 ], [ -87.816525, 41.937947, 0.0 ], [ -87.816459, 41.936146, 0.0 ], [ -87.823788, 41.936002, 0.0 ], [ -87.823723, 41.932308, 0.0 ], [ -87.826063, 41.932542, 0.0 ], [ -87.82626, 41.937758, 0.0 ], [ -87.830011, 41.937688, 0.0 ], [ -87.829838, 41.934424, 0.0 ], [ -87.835945, 41.934509, 0.0 ], [ -87.835825, 41.930639, 0.0 ], [ -87.841295, 41.932106, 0.0 ], [ -87.84389, 41.929958, 0.0 ], [ -87.846069, 41.929562, 0.0 ], [ -87.845115, 41.927755, 0.0 ], [ -87.843804, 41.925777, 0.0 ], [ -87.841269, 41.923102, 0.0 ], [ -87.842249, 41.922842, 0.0 ], [ -87.854647, 41.922552, 0.0 ] ] ] } },
{ "type": "Feature", "properties": { "OID_": 0, "DISTRICT": "11", "STA": "IL", "ST": "17", "LABEL": "11", "DIST_NAME": "State Senate District 11", "TYPE": "State Legislature - Upper Chamber", "TYPE_ABB": "Leg_Upper", "ELECT_YEAR": "Enacted" }, "geometry": { "type": "Polygon", "coordinates": [ [ [ -87.804132, 41.73705, 0.0 ], [ -87.806562, 41.737001, 0.0 ], [ -87.806712, 41.740646, 0.0 ], [ -87.808932, 41.74062, 0.0 ], [ -87.809098, 41.740468, 0.0 ], [ -87.810102, 41.74043, 0.0 ], [ -87.811067, 41.740558, 0.0 ], [ -87.838335, 41.740148, 0.0 ], [ -87.838603, 41.747329, 0.0 ], [ -87.83945, 41.747916, 0.0 ], [ -87.840166, 41.748388, 0.0 ], [ -87.841265, 41.747526, 0.0 ], [ -87.843212, 41.746463, 0.0 ], [ -87.845747, 41.74681, 0.0 ], [ -87.848347, 41.746783, 0.0 ], [ -87.848332, 41.747058, 0.0 ], [ -87.847462, 41.747139, 0.0 ], [ -87.84786, 41.754437, 0.0 ], [ -87.848811, 41.754437, 0.0 ], [ -87.848957, 41.756657, 0.0 ], [ -87.849007, 41.758427, 0.0 ], [ -87.848305, 41.759179, 0.0 ], [ -87.84849, 41.766249, 0.0 ], [ -87.849254, 41.765432, 0.0 ], [ -87.850359, 41.764639, 0.0 ], [ -87.851414, 41.764136, 0.0 ], [ -87.85282, 41.763723, 0.0 ], [ -87.849813, 41.767456, 0.0 ], [ -87.852985, 41.768936, 0.0 ], [ -87.858028, 41.768844, 0.0 ], [ -87.858578, 41.782864, 0.0 ], [ -87.868166, 41.778556, 0.0 ], [ -87.868763, 41.792322, 0.0 ], [ -87.867541, 41.792346, 0.0 ], [ -87.867578, 41.793136, 0.0 ], [ -87.866382, 41.793727, 0.0 ], [ -87.8664, 41.794277, 0.0 ], [ -87.865188, 41.7949, 0.0 ], [ -87.865228, 41.796028, 0.0 ], [ -87.866459, 41.796007, 0.0 ], [ -87.866685, 41.801487, 0.0 ], [ -87.864229, 41.801622, 0.0 ], [ -87.864307, 41.803361, 0.0 ], [ -87.866757, 41.803306, 0.0 ], [ -87.866838, 41.805135, 0.0 ], [ -87.86528, 41.805169, 0.0 ], [ -87.86555, 41.812452, 0.0 ], [ -87.864926, 41.812466, 0.0 ], [ -87.866007, 41.815213, 0.0 ], [ -87.864515, 41.815238, 0.0 ], [ -87.864583, 41.816917, 0.0 ], [ -87.864441, 41.817367, 0.0 ], [ -87.86465, 41.817862, 0.0 ], [ -87.864714, 41.819157, 0.0 ], [ -87.864565, 41.819256, 0.0 ], [ -87.864559, 41.819632, 0.0 ], [ -87.864394, 41.819639, 0.0 ], [ -87.864665, 41.825442, 0.0 ], [ -87.867856, 41.825322, 0.0 ], [ -87.868554, 41.844373, 0.0 ], [ -87.866289, 41.844421, 0.0 ], [ -87.866265, 41.843839, 0.0 ], [ -87.865261, 41.843834, 0.0 ], [ -87.865082, 41.844434, 0.0 ], [ -87.863869, 41.844581, 0.0 ], [ -87.861971, 41.843827, 0.0 ], [ -87.86199, 41.84419, 0.0 ], [ -87.860257, 41.843861, 0.0 ], [ -87.859114, 41.843112, 0.0 ], [ -87.858291, 41.842793, 0.0 ], [ -87.857981, 41.842889, 0.0 ], [ -87.856999, 41.843741, 0.0 ], [ -87.85426, 41.844487, 0.0 ], [ -87.854223, 41.845168, 0.0 ], [ -87.853317, 41.845464, 0.0 ], [ -87.853048, 41.846077, 0.0 ], [ -87.852213, 41.845902, 0.0 ], [ -87.849929, 41.844944, 0.0 ], [ -87.844839, 41.844949, 0.0 ], [ -87.842656, 41.843023, 0.0 ], [ -87.842194, 41.842414, 0.0 ], [ -87.832641, 41.842603, 0.0 ], [ -87.832879, 41.850919, 0.0 ], [ -87.829456, 41.849919, 0.0 ], [ -87.803798, 41.850377, 0.0 ], [ -87.804145, 41.863159, 0.0 ], [ -87.774084, 41.863643, 0.0 ], [ -87.774145, 41.865467, 0.0 ], [ -87.759415, 41.865686, 0.0 ], [ -87.759212, 41.85851, 0.0 ], [ -87.764111, 41.858363, 0.0 ], [ -87.763912, 41.851058, 0.0 ], [ -87.772503, 41.850933, 0.0 ], [ -87.772453, 41.849055, 0.0 ], [ -87.77368, 41.849038, 0.0 ], [ -87.773632, 41.847208, 0.0 ], [ -87.776088, 41.847172, 0.0 ], [ -87.776137, 41.849, 0.0 ], [ -87.778573, 41.848963, 0.0 ], [ -87.778493, 41.845306, 0.0 ], [ -87.779722, 41.845289, 0.0 ], [ -87.779669, 41.843459, 0.0 ], [ -87.783348, 41.843405, 0.0 ], [ -87.783321, 41.842488, 0.0 ], [ -87.788219, 41.842424, 0.0 ], [ -87.788141, 41.839667, 0.0 ], [ -87.793034, 41.839577, 0.0 ], [ -87.793027, 41.839322, 0.0 ], [ -87.798003, 41.840775, 0.0 ], [ -87.798028, 41.839545, 0.0 ], [ -87.800585, 41.839508, 0.0 ], [ -87.800525, 41.83769, 0.0 ], [ -87.803214, 41.837654, 0.0 ], [ -87.803016, 41.832846, 0.0 ], [ -87.805009, 41.832606, 0.0 ], [ -87.809854, 41.831124, 0.0 ], [ -87.812643, 41.830522, 0.0 ], [ -87.815359, 41.830227, 0.0 ], [ -87.818739, 41.830112, 0.0 ], [ -87.819641, 41.829287, 0.0 ], [ -87.820339, 41.829097, 0.0 ], [ -87.820885, 41.829138, 0.0 ], [ -87.821388, 41.829448, 0.0 ], [ -87.822495, 41.831109, 0.0 ], [ -87.822431, 41.830682, 0.0 ], [ -87.825265, 41.830634, 0.0 ], [ -87.825267, 41.828141, 0.0 ], [ -87.828651, 41.828054, 0.0 ], [ -87.831138, 41.827672, 0.0 ], [ -87.832033, 41.827907, 0.0 ], [ -87.832188, 41.830722, 0.0 ], [ -87.832165, 41.835309, 0.0 ], [ -87.861587, 41.834609, 0.0 ], [ -87.860982, 41.820038, 0.0 ], [ -87.860058, 41.82007, 0.0 ], [ -87.859765, 41.81265, 0.0 ], [ -87.840196, 41.81294, 0.0 ], [ -87.839937, 41.805644, 0.0 ], [ -87.840121, 41.798527, 0.0 ], [ -87.834171, 41.798346, 0.0 ], [ -87.833457, 41.798652, 0.0 ], [ -87.831659, 41.797191, 0.0 ], [ -87.829721, 41.79661, 0.0 ], [ -87.829777, 41.798585, 0.0 ], [ -87.826743, 41.798529, 0.0 ], [ -87.826562, 41.798678, 0.0 ], [ -87.825161, 41.798736, 0.0 ], [ -87.802111, 41.799366, 0.0 ], [ -87.801797, 41.799305, 0.0 ], [ -87.801735, 41.798444, 0.0 ], [ -87.802099, 41.798149, 0.0 ], [ -87.8021, 41.797855, 0.0 ], [ -87.796865, 41.799559, 0.0 ], [ -87.796048, 41.799438, 0.0 ], [ -87.789348, 41.799575, 0.0 ], [ -87.789245, 41.795949, 0.0 ], [ -87.769738, 41.796296, 0.0 ], [ -87.769583, 41.794619, 0.0 ], [ -87.738039, 41.799463, 0.0 ], [ -87.737863, 41.7953, 0.0 ], [ -87.736167, 41.795352, 0.0 ], [ -87.735499, 41.795607, 0.0 ], [ -87.735492, 41.795763, 0.0 ], [ -87.733068, 41.79662, 0.0 ], [ -87.731847, 41.796882, 0.0 ], [ -87.728174, 41.796839, 0.0 ], [ -87.728214, 41.798318, 0.0 ], [ -87.723375, 41.80037, 0.0 ], [ -87.723379, 41.800554, 0.0 ], [ -87.722102, 41.800577, 0.0 ], [ -87.722051, 41.798739, 0.0 ], [ -87.716585, 41.798817, 0.0 ], [ -87.716531, 41.796989, 0.0 ], [ -87.713505, 41.797032, 0.0 ], [ -87.713001, 41.780649, 0.0 ], [ -87.712903, 41.778839, 0.0 ], [ -87.712732, 41.77884, 0.0 ], [ -87.712709, 41.778626, 0.0 ], [ -87.712555, 41.771531, 0.0 ], [ -87.71273, 41.77153, 0.0 ], [ -87.712724, 41.770622, 0.0 ], [ -87.712329, 41.756915, 0.0 ], [ -87.722197, 41.756846, 0.0 ], [ -87.722182, 41.755102, 0.0 ], [ -87.732378, 41.754978, 0.0 ], [ -87.732335, 41.753313, 0.0 ], [ -87.732212, 41.753182, 0.0 ], [ -87.732611, 41.753074, 0.0 ], [ -87.735191, 41.753085, 0.0 ], [ -87.735198, 41.753198, 0.0 ], [ -87.739125, 41.753126, 0.0 ], [ -87.741502, 41.7533, 0.0 ], [ -87.741364, 41.749155, 0.0 ], [ -87.751083, 41.748986, 0.0 ], [ -87.750953, 41.745327, 0.0 ], [ -87.760675, 41.745153, 0.0 ], [ -87.760541, 41.741501, 0.0 ], [ -87.789695, 41.740982, 0.0 ], [ -87.789619, 41.739158, 0.0 ], [ -87.793267, 41.739091, 0.0 ], [ -87.793191, 41.737265, 0.0 ], [ -87.794405, 41.737242, 0.0 ], [ -87.794334, 41.735416, 0.0 ], [ -87.804056, 41.735214, 0.0 ], [ -87.804132, 41.73705, 0.0 ] ] ] } },
{ "type": "Feature", "properties": { "OID_": 0, "DISTRICT": "11", "STA": "IL", "ST": "17", "LABEL": "11", "DIST_NAME": "State Senate District 11", "TYPE": "State Legislature - Upper Chamber", "TYPE_ABB": "Leg_Upper", "ELECT_YEAR": "Enacted" }, "geometry": { "type": "Polygon", "coordinates": [ [ [ -87.798003, 41.840775, 0.0 ], [ -87.798193, 41.840831, 0.0 ], [ -87.798003, 41.840782, 0.0 ], [ -87.798003, 41.840775, 0.0 ] ] ] } },
{ "type": "Feature", "properties": { "OID_": 0, "DISTRICT": "12", "STA": "IL", "ST": "17", "LABEL": "12", "DIST_NAME": "State Senate District 12", "TYPE": "State Legislature - Upper Chamber", "TYPE_ABB": "Leg_Upper", "ELECT_YEAR": "Enacted" }, "geometry": { "type": "Polygon", "coordinates": [ [ [ -87.713882, 41.808188, 0.0 ], [ -87.714324, 41.821459, 0.0 ], [ -87.714316, 41.826061, 0.0 ], [ -87.715429, 41.825712, 0.0 ], [ -87.715072, 41.82543, 0.0 ], [ -87.738539, 41.818042, 0.0 ], [ -87.738816, 41.832928, 0.0 ], [ -87.739158, 41.836726, 0.0 ], [ -87.743736, 41.83667, 0.0 ], [ -87.744199, 41.844836, 0.0 ], [ -87.744053, 41.844849, 0.0 ], [ -87.744051, 41.845291, 0.0 ], [ -87.744273, 41.851359, 0.0 ], [ -87.749181, 41.851277, 0.0 ], [ -87.749529, 41.862171, 0.0 ], [ -87.751974, 41.862136, 0.0 ], [ -87.752088, 41.865795, 0.0 ], [ -87.739938, 41.865968, 0.0 ], [ -87.739852, 41.86032, 0.0 ], [ -87.739227, 41.845987, 0.0 ], [ -87.734395, 41.847705, 0.0 ], [ -87.734363, 41.846575, 0.0 ], [ -87.722267, 41.849317, 0.0 ], [ -87.722158, 41.849455, 0.0 ], [ -87.722286, 41.851553, 0.0 ], [ -87.712428, 41.851715, 0.0 ], [ -87.711149, 41.851999, 0.0 ], [ -87.711209, 41.853559, 0.0 ], [ -87.703672, 41.853632, 0.0 ], [ -87.702883, 41.85381, 0.0 ], [ -87.702898, 41.854191, 0.0 ], [ -87.700062, 41.85428, 0.0 ], [ -87.699182, 41.854464, 0.0 ], [ -87.699219, 41.855513, 0.0 ], [ -87.694946, 41.855583, 0.0 ], [ -87.693134, 41.85598, 0.0 ], [ -87.693135, 41.85579, 0.0 ], [ -87.687274, 41.857133, 0.0 ], [ -87.685845, 41.857648, 0.0 ], [ -87.68584, 41.859374, 0.0 ], [ -87.678582, 41.8594, 0.0 ], [ -87.676056, 41.859533, 0.0 ], [ -87.676063, 41.859758, 0.0 ], [ -87.673662, 41.859977, 0.0 ], [ -87.671163, 41.859896, 0.0 ], [ -87.671149, 41.85955, 0.0 ], [ -87.63902, 41.860026, 0.0 ], [ -87.634508, 41.859942, 0.0 ], [ -87.632658, 41.860145, 0.0 ], [ -87.631278, 41.86003, 0.0 ], [ -87.63027, 41.860129, 0.0 ], [ -87.630164, 41.85513, 0.0 ], [ -87.630647, 41.8549, 0.0 ], [ -87.630575, 41.853885, 0.0 ], [ -87.630115, 41.85212, 0.0 ], [ -87.62979, 41.838288, 0.0 ], [ -87.63615, 41.838183, 0.0 ], [ -87.635972, 41.837502, 0.0 ], [ -87.635896, 41.834543, 0.0 ], [ -87.636145, 41.83454, 0.0 ], [ -87.636134, 41.830891, 0.0 ], [ -87.636257, 41.830889, 0.0 ], [ -87.636385, 41.827239, 0.0 ], [ -87.63636, 41.823591, 0.0 ], [ -87.636157, 41.821841, 0.0 ], [ -87.638577, 41.821734, 0.0 ], [ -87.638549, 41.820817, 0.0 ], [ -87.640994, 41.820787, 0.0 ], [ -87.640984, 41.820361, 0.0 ], [ -87.645846, 41.820294, 0.0 ], [ -87.645544, 41.808872, 0.0 ], [ -87.672261, 41.808538, 0.0 ], [ -87.672455, 41.815815, 0.0 ], [ -87.664166, 41.815894, 0.0 ], [ -87.66272, 41.815783, 0.0 ], [ -87.655339, 41.81599, 0.0 ], [ -87.655412, 41.818601, 0.0 ], [ -87.655876, 41.820106, 0.0 ], [ -87.65579, 41.821248, 0.0 ], [ -87.655527, 41.821863, 0.0 ], [ -87.65554, 41.822693, 0.0 ], [ -87.655986, 41.823324, 0.0 ], [ -87.641069, 41.823531, 0.0 ], [ -87.641241, 41.830823, 0.0 ], [ -87.666742, 41.830496, 0.0 ], [ -87.666731, 41.830021, 0.0 ], [ -87.666116, 41.830029, 0.0 ], [ -87.665997, 41.823658, 0.0 ], [ -87.667794, 41.823643, 0.0 ], [ -87.667783, 41.823191, 0.0 ], [ -87.675094, 41.823121, 0.0 ], [ -87.675447, 41.837056, 0.0 ], [ -87.679618, 41.836874, 0.0 ], [ -87.684575, 41.83542, 0.0 ], [ -87.684565, 41.834191, 0.0 ], [ -87.684813, 41.833639, 0.0 ], [ -87.684477, 41.830731, 0.0 ], [ -87.684078, 41.815711, 0.0 ], [ -87.685909, 41.815685, 0.0 ], [ -87.685813, 41.812061, 0.0 ], [ -87.685209, 41.81207, 0.0 ], [ -87.685109, 41.808436, 0.0 ], [ -87.713805, 41.808, 0.0 ], [ -87.713882, 41.808188, 0.0 ] ] ] } },
{ "type": "Feature", "properties": { "OID_": 0, "DISTRICT": "13", "STA": "IL", "ST": "17", "LABEL": "13", "DIST_NAME": "State Senate District 13", "TYPE": "State Legislature - Upper Chamber", "TYPE_ABB": "Leg_Upper", "ELECT_YEAR": "Enacted" }, "geometry": { "type": "Polygon", "coordinates": [ [ [ -87.533536, 41.680933, 0.0 ], [ -87.537658, 41.680953, 0.0 ], [ -87.537662, 41.682773, 0.0 ], [ -87.541297, 41.682808, 0.0 ], [ -87.541324, 41.691871, 0.0 ], [ -87.540113, 41.691869, 0.0 ], [ -87.540117, 41.704588, 0.0 ], [ -87.539527, 41.704586, 0.0 ], [ -87.539546, 41.706404, 0.0 ], [ -87.535292, 41.7064, 0.0 ], [ -87.535292, 41.721406, 0.0 ], [ -87.535417, 41.721572, 0.0 ], [ -87.536549, 41.72295, 0.0 ], [ -87.575361, 41.722477, 0.0 ], [ -87.575541, 41.729769, 0.0 ], [ -87.572503, 41.72981, 0.0 ], [ -87.572596, 41.733459, 0.0 ], [ -87.56592, 41.73355, 0.0 ], [ -87.566003, 41.737201, 0.0 ], [ -87.565707, 41.737206, 0.0 ], [ -87.566034, 41.737441, 0.0 ], [ -87.566054, 41.73902, 0.0 ], [ -87.557541, 41.739129, 0.0 ], [ -87.557568, 41.740949, 0.0 ], [ -87.556355, 41.740964, 0.0 ], [ -87.556415, 41.7446, 0.0 ], [ -87.567348, 41.744454, 0.0 ], [ -87.567428, 41.749906, 0.0 ], [ -87.571083, 41.74986, 0.0 ], [ -87.571252, 41.758942, 0.0 ], [ -87.572467, 41.758928, 0.0 ], [ -87.572453, 41.759321, 0.0 ], [ -87.574916, 41.759314, 0.0 ], [ -87.574916, 41.758899, 0.0 ], [ -87.581048, 41.75883, 0.0 ], [ -87.581032, 41.758369, 0.0 ], [ -87.585736, 41.758388, 0.0 ], [ -87.585744, 41.758776, 0.0 ], [ -87.586142, 41.758772, 0.0 ], [ -87.586191, 41.760597, 0.0 ], [ -87.590855, 41.760555, 0.0 ], [ -87.591175, 41.773293, 0.0 ], [ -87.59292, 41.773276, 0.0 ], [ -87.592956, 41.775087, 0.0 ], [ -87.596082, 41.775063, 0.0 ], [ -87.59621, 41.78053, 0.0 ], [ -87.59783, 41.780512, 0.0 ], [ -87.597877, 41.782332, 0.0 ], [ -87.59949, 41.782314, 0.0 ], [ -87.599533, 41.784139, 0.0 ], [ -87.601154, 41.784119, 0.0 ], [ -87.601226, 41.787188, 0.0 ], [ -87.606065, 41.787138, 0.0 ], [ -87.606043, 41.785882, 0.0 ], [ -87.615766, 41.785707, 0.0 ], [ -87.616117, 41.802111, 0.0 ], [ -87.616532, 41.802106, 0.0 ], [ -87.616358, 41.802951, 0.0 ], [ -87.616457, 41.80393, 0.0 ], [ -87.616719, 41.803927, 0.0 ], [ -87.616856, 41.809388, 0.0 ], [ -87.619599, 41.809344, 0.0 ], [ -87.619699, 41.812973, 0.0 ], [ -87.616434, 41.813022, 0.0 ], [ -87.616564, 41.817547, 0.0 ], [ -87.613944, 41.81759, 0.0 ], [ -87.612902, 41.822688, 0.0 ], [ -87.617233, 41.822668, 0.0 ], [ -87.617677, 41.845731, 0.0 ], [ -87.61887, 41.845718, 0.0 ], [ -87.618943, 41.846782, 0.0 ], [ -87.618944, 41.847534, 0.0 ], [ -87.618154, 41.847731, 0.0 ], [ -87.618044, 41.84789, 0.0 ], [ -87.618185, 41.848077, 0.0 ], [ -87.617744, 41.84808, 0.0 ], [ -87.617749, 41.848184, 0.0 ], [ -87.618073, 41.84818, 0.0 ], [ -87.618521, 41.848445, 0.0 ], [ -87.617785, 41.848457, 0.0 ], [ -87.61795, 41.848822, 0.0 ], [ -87.618778, 41.849689, 0.0 ], [ -87.619016, 41.850221, 0.0 ], [ -87.619144, 41.856829, 0.0 ], [ -87.619686, 41.857897, 0.0 ], [ -87.61793, 41.857971, 0.0 ], [ -87.618829, 41.860111, 0.0 ], [ -87.619468, 41.862362, 0.0 ], [ -87.619667, 41.864183, 0.0 ], [ -87.619537, 41.8642, 0.0 ], [ -87.62074, 41.867178, 0.0 ], [ -87.62098, 41.867595, 0.0 ], [ -87.621172, 41.867592, 0.0 ], [ -87.622638, 41.871337, 0.0 ], [ -87.622824, 41.87448, 0.0 ], [ -87.623023, 41.875588, 0.0 ], [ -87.623277, 41.875602, 0.0 ], [ -87.623278, 41.87589, 0.0 ], [ -87.622997, 41.875913, 0.0 ], [ -87.623015, 41.880852, 0.0 ], [ -87.622902, 41.880854, 0.0 ], [ -87.622717, 41.882134, 0.0 ], [ -87.622855, 41.884291, 0.0 ], [ -87.624458, 41.884479, 0.0 ], [ -87.624562, 41.887783, 0.0 ], [ -87.624201, 41.889872, 0.0 ], [ -87.624258, 41.89495, 0.0 ], [ -87.628159, 41.894884, 0.0 ], [ -87.628205, 41.896685, 0.0 ], [ -87.632792, 41.896621, 0.0 ], [ -87.633008, 41.903885, 0.0 ], [ -87.628684, 41.90395, 0.0 ], [ -87.628667, 41.903272, 0.0 ], [ -87.628347, 41.902388, 0.0 ], [ -87.628271, 41.899148, 0.0 ], [ -87.624133, 41.899218, 0.0 ], [ -87.624109, 41.898394, 0.0 ], [ -87.621862, 41.898427, 0.0 ], [ -87.621895, 41.900053, 0.0 ], [ -87.618531, 41.900194, 0.0 ], [ -87.619162, 41.901065, 0.0 ], [ -87.619668, 41.901433, 0.0 ], [ -87.620139, 41.901604, 0.0 ], [ -87.622615, 41.901863, 0.0 ], [ -87.622534, 41.902412, 0.0 ], [ -87.622724, 41.902923, 0.0 ], [ -87.624031, 41.904038, 0.0 ], [ -87.624168, 41.904586, 0.0 ], [ -87.621958, 41.90424, 0.0 ], [ -87.617058, 41.90014, 0.0 ], [ -87.599764, 41.897729, 0.0 ], [ -87.595869, 41.888119, 0.0 ], [ -87.613919, 41.888332, 0.0 ], [ -87.613917, 41.888089, 0.0 ], [ -87.613444, 41.887895, 0.0 ], [ -87.612731, 41.887935, 0.0 ], [ -87.612759, 41.883525, 0.0 ], [ -87.613333, 41.882941, 0.0 ], [ -87.614027, 41.882624, 0.0 ], [ -87.615709, 41.88245, 0.0 ], [ -87.616105, 41.882269, 0.0 ], [ -87.609253, 41.882342, 0.0 ], [ -87.605628, 41.875041, 0.0 ], [ -87.605357, 41.874441, 0.0 ], [ -87.604844, 41.854244, 0.0 ], [ -87.601414, 41.844541, 0.0 ], [ -87.594682, 41.834699, 0.0 ], [ -87.582098, 41.815083, 0.0 ], [ -87.583454, 41.812441, 0.0 ], [ -87.566954, 41.802742, 0.0 ], [ -87.566653, 41.795342, 0.0 ], [ -87.561734, 41.776267, 0.0 ], [ -87.543727, 41.761665, 0.0 ], [ -87.523694, 41.762129, 0.0 ], [ -87.52416, 41.722453, 0.0 ], [ -87.524326, 41.718329, 0.0 ], [ -87.524171, 41.708322, 0.0 ], [ -87.524474, 41.703311, 0.0 ], [ -87.524666, 41.69181, 0.0 ], [ -87.530355, 41.691834, 0.0 ], [ -87.530348, 41.6864, 0.0 ], [ -87.530626, 41.683272, 0.0 ], [ -87.531155, 41.682056, 0.0 ], [ -87.531884, 41.680941, 0.0 ], [ -87.533536, 41.680933, 0.0 ] ] ] } },
{ "type": "Feature", "properties": { "OID_": 0, "DISTRICT": "14", "STA": "IL", "ST": "17", "LABEL": "14", "DIST_NAME": "State Senate District 14", "TYPE": "State Legislature - Upper Chamber", "TYPE_ABB": "Leg_Upper", "ELECT_YEAR": "Enacted" }, "geometry": { "type": "Polygon", "coordinates": [ [ [ -87.831788, 41.560931, 0.0 ], [ -87.832021, 41.567109, 0.0 ], [ -87.831831, 41.567612, 0.0 ], [ -87.830837, 41.568629, 0.0 ], [ -87.831911, 41.569322, 0.0 ], [ -87.83216, 41.569834, 0.0 ], [ -87.833258, 41.601702, 0.0 ], [ -87.847968, 41.60146, 0.0 ], [ -87.847376, 41.586829, 0.0 ], [ -87.891055, 41.586168, 0.0 ], [ -87.892365, 41.629778, 0.0 ], [ -87.872971, 41.630082, 0.0 ], [ -87.872857, 41.622773, 0.0 ], [ -87.867325, 41.623032, 0.0 ], [ -87.866908, 41.622619, 0.0 ], [ -87.866684, 41.622837, 0.0 ], [ -87.865553, 41.622959, 0.0 ], [ -87.859013, 41.623153, 0.0 ], [ -87.85606, 41.623075, 0.0 ], [ -87.853285, 41.623257, 0.0 ], [ -87.851283, 41.623184, 0.0 ], [ -87.851204, 41.622191, 0.0 ], [ -87.849023, 41.62221, 0.0 ], [ -87.848633, 41.622219, 0.0 ], [ -87.848635, 41.623349, 0.0 ], [ -87.837523, 41.623549, 0.0 ], [ -87.837492, 41.622649, 0.0 ], [ -87.835515, 41.622693, 0.0 ], [ -87.834762, 41.622413, 0.0 ], [ -87.834241, 41.622753, 0.0 ], [ -87.834081, 41.623039, 0.0 ], [ -87.834133, 41.624796, 0.0 ], [ -87.824224, 41.624786, 0.0 ], [ -87.824326, 41.626492, 0.0 ], [ -87.819514, 41.626575, 0.0 ], [ -87.819472, 41.625693, 0.0 ], [ -87.814703, 41.625818, 0.0 ], [ -87.814652, 41.62847, 0.0 ], [ -87.814808, 41.631221, 0.0 ], [ -87.795186, 41.631603, 0.0 ], [ -87.795714, 41.646238, 0.0 ], [ -87.757666, 41.646839, 0.0 ], [ -87.75796, 41.65414, 0.0 ], [ -87.763013, 41.654104, 0.0 ], [ -87.76281, 41.658848, 0.0 ], [ -87.762899, 41.661315, 0.0 ], [ -87.709534, 41.662244, 0.0 ], [ -87.709544, 41.665566, 0.0 ], [ -87.710184, 41.675065, 0.0 ], [ -87.709907, 41.676845, 0.0 ], [ -87.69536, 41.677056, 0.0 ], [ -87.695632, 41.684345, 0.0 ], [ -87.68156, 41.684541, 0.0 ], [ -87.681504, 41.682729, 0.0 ], [ -87.680881, 41.682738, 0.0 ], [ -87.68084, 41.68152, 0.0 ], [ -87.67906, 41.681918, 0.0 ], [ -87.679137, 41.684449, 0.0 ], [ -87.677343, 41.684164, 0.0 ], [ -87.677096, 41.683863, 0.0 ], [ -87.677022, 41.684331, 0.0 ], [ -87.676661, 41.684192, 0.0 ], [ -87.675751, 41.68428, 0.0 ], [ -87.673828, 41.683626, 0.0 ], [ -87.673437, 41.684635, 0.0 ], [ -87.67184, 41.684635, 0.0 ], [ -87.671438, 41.687927, 0.0 ], [ -87.67017, 41.687848, 0.0 ], [ -87.666595, 41.686706, 0.0 ], [ -87.664078, 41.691057, 0.0 ], [ -87.659328, 41.697852, 0.0 ], [ -87.657242, 41.703544, 0.0 ], [ -87.660513, 41.71133, 0.0 ], [ -87.658981, 41.71135, 0.0 ], [ -87.660297, 41.714005, 0.0 ], [ -87.657502, 41.71404, 0.0 ], [ -87.657706, 41.721338, 0.0 ], [ -87.657819, 41.721335, 0.0 ], [ -87.657833, 41.721756, 0.0 ], [ -87.657225, 41.721763, 0.0 ], [ -87.657388, 41.728596, 0.0 ], [ -87.656785, 41.728604, 0.0 ], [ -87.656993, 41.735887, 0.0 ], [ -87.658211, 41.73587, 0.0 ], [ -87.658258, 41.737691, 0.0 ], [ -87.649753, 41.737816, 0.0 ], [ -87.649854, 41.741457, 0.0 ], [ -87.647425, 41.741488, 0.0 ], [ -87.647375, 41.739662, 0.0 ], [ -87.64616, 41.739676, 0.0 ], [ -87.646212, 41.741504, 0.0 ], [ -87.643783, 41.741537, 0.0 ], [ -87.64348, 41.730798, 0.0 ], [ -87.635021, 41.730863, 0.0 ], [ -87.63494, 41.729994, 0.0 ], [ -87.624053, 41.730146, 0.0 ], [ -87.623687, 41.719815, 0.0 ], [ -87.622738, 41.716546, 0.0 ], [ -87.622835, 41.715869, 0.0 ], [ -87.623658, 41.713853, 0.0 ], [ -87.623529, 41.707173, 0.0 ], [ -87.618649, 41.707247, 0.0 ], [ -87.618548, 41.703567, 0.0 ], [ -87.623423, 41.703527, 0.0 ], [ -87.623083, 41.691686, 0.0 ], [ -87.625802, 41.691655, 0.0 ], [ -87.625609, 41.685297, 0.0 ], [ -87.622896, 41.68533, 0.0 ], [ -87.622094, 41.66346, 0.0 ], [ -87.621957, 41.663268, 0.0 ], [ -87.620476, 41.663287, 0.0 ], [ -87.619025, 41.662601, 0.0 ], [ -87.618416, 41.660537, 0.0 ], [ -87.618554, 41.659713, 0.0 ], [ -87.618978, 41.65889, 0.0 ], [ -87.619131, 41.658176, 0.0 ], [ -87.619592, 41.65739, 0.0 ], [ -87.62172, 41.655253, 0.0 ], [ -87.62207, 41.65371, 0.0 ], [ -87.621696, 41.652354, 0.0 ], [ -87.620634, 41.651813, 0.0 ], [ -87.62134, 41.650428, 0.0 ], [ -87.620244, 41.650109, 0.0 ], [ -87.617235, 41.650027, 0.0 ], [ -87.617212, 41.629909, 0.0 ], [ -87.65103, 41.629789, 0.0 ], [ -87.656346, 41.629905, 0.0 ], [ -87.656164, 41.632848, 0.0 ], [ -87.656245, 41.636771, 0.0 ], [ -87.656407, 41.641298, 0.0 ], [ -87.656649, 41.642423, 0.0 ], [ -87.65759, 41.641097, 0.0 ], [ -87.659054, 41.641102, 0.0 ], [ -87.659491, 41.640871, 0.0 ], [ -87.662805, 41.640772, 0.0 ], [ -87.663252, 41.640579, 0.0 ], [ -87.663936, 41.641001, 0.0 ], [ -87.665065, 41.641175, 0.0 ], [ -87.679511, 41.640876, 0.0 ], [ -87.676003, 41.627453, 0.0 ], [ -87.676419, 41.627377, 0.0 ], [ -87.677852, 41.626373, 0.0 ], [ -87.683855, 41.626245, 0.0 ], [ -87.685784, 41.626528, 0.0 ], [ -87.686214, 41.626518, 0.0 ], [ -87.686215, 41.626184, 0.0 ], [ -87.698332, 41.625905, 0.0 ], [ -87.698579, 41.632426, 0.0 ], [ -87.700996, 41.632878, 0.0 ], [ -87.70711, 41.632863, 0.0 ], [ -87.708883, 41.633025, 0.0 ], [ -87.710712, 41.632816, 0.0 ], [ -87.716086, 41.632952, 0.0 ], [ -87.735115, 41.632603, 0.0 ], [ -87.734847, 41.625263, 0.0 ], [ -87.747017, 41.625071, 0.0 ], [ -87.746784, 41.617751, 0.0 ], [ -87.75649, 41.617591, 0.0 ], [ -87.756005, 41.60291, 0.0 ], [ -87.74005, 41.6032, 0.0 ], [ -87.760605, 41.586079, 0.0 ], [ -87.764056, 41.584049, 0.0 ], [ -87.777091, 41.578454, 0.0 ], [ -87.776947, 41.578642, 0.0 ], [ -87.781143, 41.579008, 0.0 ], [ -87.784494, 41.578976, 0.0 ], [ -87.784545, 41.580557, 0.0 ], [ -87.793463, 41.58048, 0.0 ], [ -87.793666, 41.587753, 0.0 ], [ -87.799815, 41.587682, 0.0 ], [ -87.799871, 41.587398, 0.0 ], [ -87.800966, 41.586286, 0.0 ], [ -87.801419, 41.585495, 0.0 ], [ -87.802413, 41.585677, 0.0 ], [ -87.80275, 41.585603, 0.0 ], [ -87.802702, 41.584984, 0.0 ], [ -87.802944, 41.584516, 0.0 ], [ -87.802504, 41.584389, 0.0 ], [ -87.802833, 41.583527, 0.0 ], [ -87.802838, 41.58136, 0.0 ], [ -87.80307, 41.581345, 0.0 ], [ -87.803198, 41.58032, 0.0 ], [ -87.802965, 41.572975, 0.0 ], [ -87.812706, 41.572886, 0.0 ], [ -87.812268, 41.558299, 0.0 ], [ -87.831731, 41.558033, 0.0 ], [ -87.831788, 41.560931, 0.0 ] ] ] } },
{ "type": "Feature", "properties": { "OID_": 0, "DISTRICT": "15", "STA": "IL", "ST": "17", "LABEL": "15", "DIST_NAME": "State Senate District 15", "TYPE": "State Legislature - Upper Chamber", "TYPE_ABB": "Leg_Upper", "ELECT_YEAR": "Enacted" }, "geometry": { "type": "Polygon", "coordinates": [ [ [ -87.836708, 41.148151, 0.0 ], [ -87.838429, 41.148143, 0.0 ], [ -87.84437, 41.162738, 0.0 ], [ -87.836824, 41.162812, 0.0 ], [ -87.837513, 41.191769, 0.0 ], [ -87.838036, 41.206814, 0.0 ], [ -87.867102, 41.206672, 0.0 ], [ -87.867367, 41.217833, 0.0 ], [ -87.867017, 41.219613, 0.0 ], [ -87.866425, 41.221342, 0.0 ], [ -87.858632, 41.237604, 0.0 ], [ -87.858339, 41.237506, 0.0 ], [ -87.853306, 41.24785, 0.0 ], [ -87.852101, 41.25041, 0.0 ], [ -87.852475, 41.250408, 0.0 ], [ -87.845416, 41.26504, 0.0 ], [ -87.845615, 41.265062, 0.0 ], [ -87.84493, 41.266525, 0.0 ], [ -87.84211, 41.272372, 0.0 ], [ -87.841928, 41.272373, 0.0 ], [ -87.830854, 41.295242, 0.0 ], [ -87.830495, 41.295248, 0.0 ], [ -87.822566, 41.311778, 0.0 ], [ -87.821546, 41.314708, 0.0 ], [ -87.821016, 41.316998, 0.0 ], [ -87.815218, 41.349187, 0.0 ], [ -87.814745, 41.350614, 0.0 ], [ -87.813744, 41.352337, 0.0 ], [ -87.81214, 41.354118, 0.0 ], [ -87.78164, 41.381046, 0.0 ], [ -87.779356, 41.383538, 0.0 ], [ -87.76838, 41.397758, 0.0 ], [ -87.670348, 41.398498, 0.0 ], [ -87.670575, 41.42036, 0.0 ], [ -87.658505, 41.420609, 0.0 ], [ -87.651308, 41.420459, 0.0 ], [ -87.629875, 41.420624, 0.0 ], [ -87.630692, 41.435116, 0.0 ], [ -87.624905, 41.435187, 0.0 ], [ -87.624971, 41.438736, 0.0 ], [ -87.621535, 41.438874, 0.0 ], [ -87.621599, 41.442474, 0.0 ], [ -87.617933, 41.442509, 0.0 ], [ -87.617991, 41.447903, 0.0 ], [ -87.620315, 41.448079, 0.0 ], [ -87.622804, 41.447869, 0.0 ], [ -87.622871, 41.449736, 0.0 ], [ -87.631856, 41.449638, 0.0 ], [ -87.633346, 41.456899, 0.0 ], [ -87.622848, 41.457005, 0.0 ], [ -87.62289, 41.459211, 0.0 ], [ -87.62239, 41.46013, 0.0 ], [ -87.622912, 41.460157, 0.0 ], [ -87.622978, 41.464259, 0.0 ], [ -87.622426, 41.464264, 0.0 ], [ -87.621308, 41.464921, 0.0 ], [ -87.621301, 41.464243, 0.0 ], [ -87.618429, 41.464301, 0.0 ], [ -87.620299, 41.469084, 0.0 ], [ -87.619918, 41.46908, 0.0 ], [ -87.620218, 41.469841, 0.0 ], [ -87.619231, 41.469843, 0.0 ], [ -87.61924, 41.474183, 0.0 ], [ -87.619366, 41.474181, 0.0 ], [ -87.619375, 41.475494, 0.0 ], [ -87.619248, 41.475495, 0.0 ], [ -87.619266, 41.477096, 0.0 ], [ -87.616043, 41.477106, 0.0 ], [ -87.616371, 41.52145, 0.0 ], [ -87.616525, 41.528046, 0.0 ], [ -87.619885, 41.528042, 0.0 ], [ -87.619152, 41.529355, 0.0 ], [ -87.617789, 41.531206, 0.0 ], [ -87.616576, 41.532276, 0.0 ], [ -87.612827, 41.537927, 0.0 ], [ -87.612366, 41.539015, 0.0 ], [ -87.612073, 41.540267, 0.0 ], [ -87.611995, 41.542573, 0.0 ], [ -87.623871, 41.542482, 0.0 ], [ -87.62304, 41.535336, 0.0 ], [ -87.624195, 41.535341, 0.0 ], [ -87.624091, 41.535495, 0.0 ], [ -87.62427, 41.53712, 0.0 ], [ -87.624447, 41.537263, 0.0 ], [ -87.630095, 41.537219, 0.0 ], [ -87.629453, 41.538717, 0.0 ], [ -87.629702, 41.538771, 0.0 ], [ -87.655072, 41.538771, 0.0 ], [ -87.655075, 41.53898, 0.0 ], [ -87.662715, 41.539026, 0.0 ], [ -87.660116, 41.534821, 0.0 ], [ -87.656735, 41.527851, 0.0 ], [ -87.673806, 41.527882, 0.0 ], [ -87.677684, 41.528041, 0.0 ], [ -87.713293, 41.527945, 0.0 ], [ -87.71346, 41.548674, 0.0 ], [ -87.713354, 41.549735, 0.0 ], [ -87.713475, 41.549761, 0.0 ], [ -87.708531, 41.54974, 0.0 ], [ -87.708464, 41.550192, 0.0 ], [ -87.708135, 41.550593, 0.0 ], [ -87.707324, 41.550467, 0.0 ], [ -87.706677, 41.550946, 0.0 ], [ -87.705717, 41.55077, 0.0 ], [ -87.704062, 41.550957, 0.0 ], [ -87.703806, 41.549757, 0.0 ], [ -87.698535, 41.54984, 0.0 ], [ -87.69876, 41.551248, 0.0 ], [ -87.699015, 41.557166, 0.0 ], [ -87.689419, 41.557185, 0.0 ], [ -87.689455, 41.564434, 0.0 ], [ -87.684386, 41.564401, 0.0 ], [ -87.684452, 41.568042, 0.0 ], [ -87.680035, 41.568127, 0.0 ], [ -87.679875, 41.571774, 0.0 ], [ -87.67503, 41.571739, 0.0 ], [ -87.67486, 41.575301, 0.0 ], [ -87.675068, 41.578549, 0.0 ], [ -87.67602, 41.578934, 0.0 ], [ -87.675876, 41.579039, 0.0 ], [ -87.678004, 41.580286, 0.0 ], [ -87.67974, 41.581975, 0.0 ], [ -87.680845, 41.584057, 0.0 ], [ -87.681097, 41.585134, 0.0 ], [ -87.681149, 41.586251, 0.0 ], [ -87.713861, 41.586203, 0.0 ], [ -87.713967, 41.595287, 0.0 ], [ -87.714238, 41.596189, 0.0 ], [ -87.714891, 41.597105, 0.0 ], [ -87.716131, 41.596148, 0.0 ], [ -87.716091, 41.596496, 0.0 ], [ -87.716823, 41.595926, 0.0 ], [ -87.716761, 41.596448, 0.0 ], [ -87.716986, 41.596461, 0.0 ], [ -87.717974, 41.595642, 0.0 ], [ -87.719198, 41.595643, 0.0 ], [ -87.719206, 41.596043, 0.0 ], [ -87.732234, 41.595934, 0.0 ], [ -87.732212, 41.592218, 0.0 ], [ -87.736126, 41.592148, 0.0 ], [ -87.736214, 41.595952, 0.0 ], [ -87.749085, 41.595675, 0.0 ], [ -87.74005, 41.6032, 0.0 ], [ -87.756005, 41.60291, 0.0 ], [ -87.75649, 41.617591, 0.0 ], [ -87.746784, 41.617751, 0.0 ], [ -87.747017, 41.625071, 0.0 ], [ -87.734847, 41.625263, 0.0 ], [ -87.735115, 41.632603, 0.0 ], [ -87.716086, 41.632952, 0.0 ], [ -87.710712, 41.632816, 0.0 ], [ -87.708883, 41.633025, 0.0 ], [ -87.70711, 41.632863, 0.0 ], [ -87.700996, 41.632878, 0.0 ], [ -87.698579, 41.632426, 0.0 ], [ -87.698332, 41.625905, 0.0 ], [ -87.686215, 41.626184, 0.0 ], [ -87.686214, 41.626518, 0.0 ], [ -87.683855, 41.626245, 0.0 ], [ -87.677776, 41.626389, 0.0 ], [ -87.676419, 41.627377, 0.0 ], [ -87.676003, 41.627453, 0.0 ], [ -87.679511, 41.640876, 0.0 ], [ -87.665065, 41.641175, 0.0 ], [ -87.663936, 41.641001, 0.0 ], [ -87.663252, 41.640579, 0.0 ], [ -87.662805, 41.640772, 0.0 ], [ -87.659491, 41.640871, 0.0 ], [ -87.659054, 41.641102, 0.0 ], [ -87.65759, 41.641097, 0.0 ], [ -87.656649, 41.642423, 0.0 ], [ -87.656407, 41.641298, 0.0 ], [ -87.656245, 41.636771, 0.0 ], [ -87.656164, 41.632848, 0.0 ], [ -87.656346, 41.629905, 0.0 ], [ -87.65103, 41.629789, 0.0 ], [ -87.617212, 41.629909, 0.0 ], [ -87.617235, 41.650027, 0.0 ], [ -87.620244, 41.650109, 0.0 ], [ -87.62134, 41.650428, 0.0 ], [ -87.620634, 41.651813, 0.0 ], [ -87.621696, 41.652354, 0.0 ], [ -87.62207, 41.65371, 0.0 ], [ -87.62172, 41.655253, 0.0 ], [ -87.619592, 41.65739, 0.0 ], [ -87.619131, 41.658176, 0.0 ], [ -87.618978, 41.65889, 0.0 ], [ -87.618554, 41.659713, 0.0 ], [ -87.618416, 41.660537, 0.0 ], [ -87.619025, 41.662601, 0.0 ], [ -87.620476, 41.663287, 0.0 ], [ -87.621957, 41.663268, 0.0 ], [ -87.622094, 41.66346, 0.0 ], [ -87.622859, 41.684177, 0.0 ], [ -87.62068, 41.683048, 0.0 ], [ -87.620664, 41.682565, 0.0 ], [ -87.618974, 41.682576, 0.0 ], [ -87.618946, 41.682409, 0.0 ], [ -87.617945, 41.681918, 0.0 ], [ -87.617946, 41.682132, 0.0 ], [ -87.617303, 41.682138, 0.0 ], [ -87.617288, 41.681596, 0.0 ], [ -87.616685, 41.68139, 0.0 ], [ -87.616669, 41.680971, 0.0 ], [ -87.614652, 41.679823, 0.0 ], [ -87.613338, 41.678283, 0.0 ], [ -87.613162, 41.678664, 0.0 ], [ -87.612573, 41.678625, 0.0 ], [ -87.612402, 41.674898, 0.0 ], [ -87.611616, 41.673795, 0.0 ], [ -87.609169, 41.672466, 0.0 ], [ -87.606427, 41.671714, 0.0 ], [ -87.603754, 41.670111, 0.0 ], [ -87.600715, 41.666895, 0.0 ], [ -87.595339, 41.660657, 0.0 ], [ -87.595283, 41.660414, 0.0 ], [ -87.595462, 41.660234, 0.0 ], [ -87.597579, 41.659812, 0.0 ], [ -87.597703, 41.659453, 0.0 ], [ -87.594602, 41.659932, 0.0 ], [ -87.584136, 41.647901, 0.0 ], [ -87.580832, 41.645246, 0.0 ], [ -87.579961, 41.644739, 0.0 ], [ -87.564078, 41.644643, 0.0 ], [ -87.562388, 41.644757, 0.0 ], [ -87.559322, 41.644556, 0.0 ], [ -87.559219, 41.630012, 0.0 ], [ -87.554179, 41.629967, 0.0 ], [ -87.554114, 41.620888, 0.0 ], [ -87.55915, 41.620873, 0.0 ], [ -87.559012, 41.601019, 0.0 ], [ -87.568685, 41.601002, 0.0 ], [ -87.568558, 41.579255, 0.0 ], [ -87.573446, 41.579266, 0.0 ], [ -87.573437, 41.577877, 0.0 ], [ -87.58196, 41.577829, 0.0 ], [ -87.582327, 41.576275, 0.0 ], [ -87.583312, 41.573931, 0.0 ], [ -87.58376, 41.5715, 0.0 ], [ -87.583669, 41.553181, 0.0 ], [ -87.583478, 41.55125, 0.0 ], [ -87.582868, 41.548503, 0.0 ], [ -87.582682, 41.546923, 0.0 ], [ -87.582401, 41.527032, 0.0 ], [ -87.582098, 41.525241, 0.0 ], [ -87.581491, 41.523419, 0.0 ], [ -87.579079, 41.518953, 0.0 ], [ -87.578432, 41.517342, 0.0 ], [ -87.578021, 41.515687, 0.0 ], [ -87.57785, 41.514066, 0.0 ], [ -87.577345, 41.47, 0.0 ], [ -87.577109, 41.470001, 0.0 ], [ -87.576616, 41.435678, 0.0 ], [ -87.574467, 41.435707, 0.0 ], [ -87.573841, 41.384966, 0.0 ], [ -87.573685, 41.384235, 0.0 ], [ -87.573556, 41.375058, 0.0 ], [ -87.57302, 41.326737, 0.0 ], [ -87.573119, 41.325804, 0.0 ], [ -87.572942, 41.297612, 0.0 ], [ -87.664812, 41.296831, 0.0 ], [ -87.663789, 41.235017, 0.0 ], [ -87.663534, 41.207992, 0.0 ], [ -87.780113, 41.207264, 0.0 ], [ -87.7787, 41.148649, 0.0 ], [ -87.834095, 41.148167, 0.0 ], [ -87.83648, 41.147906, 0.0 ], [ -87.836708, 41.148151, 0.0 ] ] ] } },
{ "type": "Feature", "properties": { "OID_": 0, "DISTRICT": "16", "STA": "IL", "ST": "17", "LABEL": "16", "DIST_NAME": "State Senate District 16", "TYPE": "State Legislature - Upper Chamber", "TYPE_ABB": "Leg_Upper", "ELECT_YEAR": "Enacted" }, "geometry": { "type": "Polygon", "coordinates": [ [ [ -87.82704, 41.703836, 0.0 ], [ -87.827295, 41.71107, 0.0 ], [ -87.836964, 41.710919, 0.0 ], [ -87.836853, 41.708191, 0.0 ], [ -87.841591, 41.708069, 0.0 ], [ -87.84163, 41.708294, 0.0 ], [ -87.846485, 41.708185, 0.0 ], [ -87.846615, 41.711635, 0.0 ], [ -87.846861, 41.711569, 0.0 ], [ -87.846998, 41.717968, 0.0 ], [ -87.875872, 41.717317, 0.0 ], [ -87.876161, 41.72474, 0.0 ], [ -87.876385, 41.725853, 0.0 ], [ -87.87622, 41.726961, 0.0 ], [ -87.876729, 41.728417, 0.0 ], [ -87.876539, 41.728947, 0.0 ], [ -87.875557, 41.730157, 0.0 ], [ -87.875556, 41.730926, 0.0 ], [ -87.875891, 41.731293, 0.0 ], [ -87.877171, 41.731998, 0.0 ], [ -87.88086, 41.731739, 0.0 ], [ -87.88653, 41.731641, 0.0 ], [ -87.885859, 41.732132, 0.0 ], [ -87.886051, 41.736264, 0.0 ], [ -87.887071, 41.735765, 0.0 ], [ -87.887807, 41.734884, 0.0 ], [ -87.890576, 41.733441, 0.0 ], [ -87.890655, 41.731692, 0.0 ], [ -87.89543, 41.731585, 0.0 ], [ -87.897154, 41.773942, 0.0 ], [ -87.895435, 41.773964, 0.0 ], [ -87.894899, 41.773715, 0.0 ], [ -87.894696, 41.773359, 0.0 ], [ -87.893348, 41.773453, 0.0 ], [ -87.892715, 41.773337, 0.0 ], [ -87.89221, 41.77304, 0.0 ], [ -87.892167, 41.77188, 0.0 ], [ -87.887372, 41.771944, 0.0 ], [ -87.887075, 41.764662, 0.0 ], [ -87.885316, 41.7647, 0.0 ], [ -87.885276, 41.763731, 0.0 ], [ -87.882037, 41.763789, 0.0 ], [ -87.881932, 41.760855, 0.0 ], [ -87.872947, 41.761183, 0.0 ], [ -87.867549, 41.761888, 0.0 ], [ -87.867542, 41.761662, 0.0 ], [ -87.867366, 41.761685, 0.0 ], [ -87.867376, 41.761912, 0.0 ], [ -87.852615, 41.763982, 0.0 ], [ -87.85282, 41.763723, 0.0 ], [ -87.851414, 41.764136, 0.0 ], [ -87.850359, 41.764639, 0.0 ], [ -87.849254, 41.765432, 0.0 ], [ -87.84849, 41.766249, 0.0 ], [ -87.848305, 41.759179, 0.0 ], [ -87.849007, 41.758427, 0.0 ], [ -87.848957, 41.756657, 0.0 ], [ -87.848811, 41.754437, 0.0 ], [ -87.84786, 41.754437, 0.0 ], [ -87.847462, 41.747139, 0.0 ], [ -87.848332, 41.747058, 0.0 ], [ -87.848347, 41.746783, 0.0 ], [ -87.845747, 41.74681, 0.0 ], [ -87.843212, 41.746463, 0.0 ], [ -87.841265, 41.747526, 0.0 ], [ -87.840166, 41.748388, 0.0 ], [ -87.83945, 41.747916, 0.0 ], [ -87.838603, 41.747329, 0.0 ], [ -87.838335, 41.740148, 0.0 ], [ -87.811067, 41.740558, 0.0 ], [ -87.810102, 41.74043, 0.0 ], [ -87.809098, 41.740468, 0.0 ], [ -87.808932, 41.74062, 0.0 ], [ -87.806712, 41.740646, 0.0 ], [ -87.806562, 41.737001, 0.0 ], [ -87.804132, 41.73705, 0.0 ], [ -87.804056, 41.735214, 0.0 ], [ -87.794334, 41.735416, 0.0 ], [ -87.794405, 41.737242, 0.0 ], [ -87.793191, 41.737265, 0.0 ], [ -87.793267, 41.739091, 0.0 ], [ -87.789619, 41.739158, 0.0 ], [ -87.789695, 41.740982, 0.0 ], [ -87.760541, 41.741501, 0.0 ], [ -87.760675, 41.745153, 0.0 ], [ -87.750953, 41.745327, 0.0 ], [ -87.751083, 41.748986, 0.0 ], [ -87.741364, 41.749155, 0.0 ], [ -87.741502, 41.7533, 0.0 ], [ -87.739125, 41.753126, 0.0 ], [ -87.735198, 41.753198, 0.0 ], [ -87.735191, 41.753085, 0.0 ], [ -87.732611, 41.753074, 0.0 ], [ -87.732212, 41.753182, 0.0 ], [ -87.732335, 41.753313, 0.0 ], [ -87.732378, 41.754978, 0.0 ], [ -87.722182, 41.755102, 0.0 ], [ -87.722197, 41.756846, 0.0 ], [ -87.712329, 41.756915, 0.0 ], [ -87.712546, 41.76425, 0.0 ], [ -87.693035, 41.764548, 0.0 ], [ -87.693126, 41.768185, 0.0 ], [ -87.678626, 41.768393, 0.0 ], [ -87.678721, 41.772023, 0.0 ], [ -87.654316, 41.772341, 0.0 ], [ -87.654408, 41.775982, 0.0 ], [ -87.647128, 41.776083, 0.0 ], [ -87.64703, 41.772448, 0.0 ], [ -87.629991, 41.772717, 0.0 ], [ -87.629865, 41.76909, 0.0 ], [ -87.613733, 41.769388, 0.0 ], [ -87.611789, 41.770914, 0.0 ], [ -87.611774, 41.771228, 0.0 ], [ -87.610571, 41.771249, 0.0 ], [ -87.610858, 41.769968, 0.0 ], [ -87.610523, 41.769414, 0.0 ], [ -87.607699, 41.769477, 0.0 ], [ -87.60768, 41.768967, 0.0 ], [ -87.606437, 41.768998, 0.0 ], [ -87.606426, 41.768497, 0.0 ], [ -87.605668, 41.768509, 0.0 ], [ -87.605533, 41.763986, 0.0 ], [ -87.588255, 41.751474, 0.0 ], [ -87.597921, 41.751372, 0.0 ], [ -87.597873, 41.749593, 0.0 ], [ -87.598127, 41.74954, 0.0 ], [ -87.605195, 41.749465, 0.0 ], [ -87.605221, 41.751294, 0.0 ], [ -87.610088, 41.751207, 0.0 ], [ -87.610262, 41.758493, 0.0 ], [ -87.61671, 41.758387, 0.0 ], [ -87.616834, 41.763861, 0.0 ], [ -87.620049, 41.763798, 0.0 ], [ -87.619932, 41.758329, 0.0 ], [ -87.624765, 41.758245, 0.0 ], [ -87.624552, 41.750968, 0.0 ], [ -87.625401, 41.750944, 0.0 ], [ -87.625301, 41.747232, 0.0 ], [ -87.634212, 41.747152, 0.0 ], [ -87.63403, 41.740359, 0.0 ], [ -87.633763, 41.737414, 0.0 ], [ -87.632591, 41.736317, 0.0 ], [ -87.632364, 41.736816, 0.0 ], [ -87.63171, 41.736, 0.0 ], [ -87.628346, 41.736258, 0.0 ], [ -87.624171, 41.736307, 0.0 ], [ -87.624053, 41.730146, 0.0 ], [ -87.63494, 41.729994, 0.0 ], [ -87.635021, 41.730863, 0.0 ], [ -87.64348, 41.730798, 0.0 ], [ -87.643783, 41.741537, 0.0 ], [ -87.646212, 41.741504, 0.0 ], [ -87.64616, 41.739676, 0.0 ], [ -87.647375, 41.739662, 0.0 ], [ -87.647425, 41.741488, 0.0 ], [ -87.649854, 41.741457, 0.0 ], [ -87.649753, 41.737816, 0.0 ], [ -87.658258, 41.737691, 0.0 ], [ -87.658356, 41.741333, 0.0 ], [ -87.658967, 41.741177, 0.0 ], [ -87.660079, 41.741217, 0.0 ], [ -87.660455, 41.741441, 0.0 ], [ -87.661598, 41.741441, 0.0 ], [ -87.661545, 41.739464, 0.0 ], [ -87.663163, 41.73944, 0.0 ], [ -87.663071, 41.735798, 0.0 ], [ -87.673096, 41.735658, 0.0 ], [ -87.668222, 41.730185, 0.0 ], [ -87.667442, 41.728459, 0.0 ], [ -87.667735, 41.728404, 0.0 ], [ -87.667957, 41.728615, 0.0 ], [ -87.667897, 41.728423, 0.0 ], [ -87.669354, 41.728187, 0.0 ], [ -87.671351, 41.727174, 0.0 ], [ -87.671392, 41.728397, 0.0 ], [ -87.682297, 41.728244, 0.0 ], [ -87.682685, 41.742824, 0.0 ], [ -87.689843, 41.742709, 0.0 ], [ -87.689783, 41.740156, 0.0 ], [ -87.692379, 41.74011, 0.0 ], [ -87.692318, 41.737755, 0.0 ], [ -87.697174, 41.737554, 0.0 ], [ -87.697115, 41.735288, 0.0 ], [ -87.711984, 41.735037, 0.0 ], [ -87.711995, 41.732245, 0.0 ], [ -87.7125, 41.732236, 0.0 ], [ -87.712497, 41.732134, 0.0 ], [ -87.711994, 41.73217, 0.0 ], [ -87.711804, 41.72791, 0.0 ], [ -87.745921, 41.727286, 0.0 ], [ -87.745798, 41.723649, 0.0 ], [ -87.763411, 41.723361, 0.0 ], [ -87.764642, 41.723155, 0.0 ], [ -87.765748, 41.72264, 0.0 ], [ -87.766578, 41.723233, 0.0 ], [ -87.767399, 41.723504, 0.0 ], [ -87.770256, 41.723311, 0.0 ], [ -87.770143, 41.719681, 0.0 ], [ -87.768457, 41.719681, 0.0 ], [ -87.768784, 41.719324, 0.0 ], [ -87.772475, 41.716026, 0.0 ], [ -87.772462, 41.716484, 0.0 ], [ -87.774314, 41.716475, 0.0 ], [ -87.774929, 41.716464, 0.0 ], [ -87.774913, 41.716002, 0.0 ], [ -87.777366, 41.715985, 0.0 ], [ -87.777298, 41.714156, 0.0 ], [ -87.779752, 41.714134, 0.0 ], [ -87.779559, 41.709726, 0.0 ], [ -87.7831, 41.707365, 0.0 ], [ -87.784408, 41.70724, 0.0 ], [ -87.785658, 41.706844, 0.0 ], [ -87.786924, 41.70622, 0.0 ], [ -87.788498, 41.705118, 0.0 ], [ -87.790753, 41.70483, 0.0 ], [ -87.795004, 41.704616, 0.0 ], [ -87.796592, 41.70469, 0.0 ], [ -87.797822, 41.704416, 0.0 ], [ -87.82704, 41.703836, 0.0 ] ] ] } },
{ "type": "Feature", "properties": { "OID_": 0, "DISTRICT": "17", "STA": "IL", "ST": "17", "LABEL": "17", "DIST_NAME": "State Senate District 17", "TYPE": "State Legislature - Upper Chamber", "TYPE_ABB": "Leg_Upper", "ELECT_YEAR": "Enacted" }, "geometry": { "type": "Polygon", "coordinates": [ [ [ -87.813173, 41.004868, 0.0 ], [ -87.814668, 41.005501, 0.0 ], [ -87.821475, 41.007436, 0.0 ], [ -87.826745, 41.010154, 0.0 ], [ -87.827752, 41.01088, 0.0 ], [ -87.830078, 41.013891, 0.0 ], [ -87.83376, 41.016151, 0.0 ], [ -87.838712, 41.021599, 0.0 ], [ -87.840468, 41.023355, 0.0 ], [ -87.84287, 41.02542, 0.0 ], [ -87.844038, 41.027037, 0.0 ], [ -87.844591, 41.028098, 0.0 ], [ -87.844829, 41.029022, 0.0 ], [ -87.844912, 41.030305, 0.0 ], [ -87.844329, 41.033367, 0.0 ], [ -87.844329, 41.035091, 0.0 ], [ -87.844575, 41.035748, 0.0 ], [ -87.846377, 41.03865, 0.0 ], [ -87.847964, 41.040676, 0.0 ], [ -87.849584, 41.043748, 0.0 ], [ -87.849939, 41.044758, 0.0 ], [ -87.849956, 41.046821, 0.0 ], [ -87.849686, 41.047361, 0.0 ], [ -87.849146, 41.04774, 0.0 ], [ -87.849646, 41.04794, 0.0 ], [ -87.844478, 41.048335, 0.0 ], [ -87.843482, 41.048699, 0.0 ], [ -87.842746, 41.049209, 0.0 ], [ -87.842209, 41.049688, 0.0 ], [ -87.841777, 41.050434, 0.0 ], [ -87.841375, 41.051386, 0.0 ], [ -87.841093, 41.052924, 0.0 ], [ -87.838527, 41.055839, 0.0 ], [ -87.836439, 41.057696, 0.0 ], [ -87.832914, 41.059147, 0.0 ], [ -87.831656, 41.059854, 0.0 ], [ -87.830431, 41.062496, 0.0 ], [ -87.829903, 41.062816, 0.0 ], [ -87.830564, 41.062635, 0.0 ], [ -87.830008, 41.062976, 0.0 ], [ -87.829957, 41.063802, 0.0 ], [ -87.829835, 41.063803, 0.0 ], [ -87.829844, 41.064343, 0.0 ], [ -87.829964, 41.064344, 0.0 ], [ -87.830137, 41.077271, 0.0 ], [ -87.847977, 41.077096, 0.0 ], [ -87.848563, 41.077134, 0.0 ], [ -87.849346, 41.077613, 0.0 ], [ -87.84669, 41.078344, 0.0 ], [ -87.844241, 41.07936, 0.0 ], [ -87.8432, 41.079912, 0.0 ], [ -87.84363, 41.079855, 0.0 ], [ -87.841467, 41.081205, 0.0 ], [ -87.83966, 41.082603, 0.0 ], [ -87.838049, 41.084236, 0.0 ], [ -87.836157, 41.086985, 0.0 ], [ -87.835323, 41.0889, 0.0 ], [ -87.83476, 41.091561, 0.0 ], [ -87.834536, 41.091563, 0.0 ], [ -87.834498, 41.093457, 0.0 ], [ -87.835131, 41.108039, 0.0 ], [ -87.83527, 41.108173, 0.0 ], [ -87.835447, 41.112192, 0.0 ], [ -87.836001, 41.112758, 0.0 ], [ -87.835778, 41.112747, 0.0 ], [ -87.835455, 41.112417, 0.0 ], [ -87.836673, 41.141954, 0.0 ], [ -87.837242, 41.145124, 0.0 ], [ -87.838429, 41.148143, 0.0 ], [ -87.836708, 41.148151, 0.0 ], [ -87.83648, 41.147906, 0.0 ], [ -87.834095, 41.148167, 0.0 ], [ -87.7787, 41.148649, 0.0 ], [ -87.780113, 41.207264, 0.0 ], [ -87.663534, 41.207992, 0.0 ], [ -87.663789, 41.235017, 0.0 ], [ -87.664812, 41.296831, 0.0 ], [ -87.572942, 41.297612, 0.0 ], [ -87.573119, 41.325804, 0.0 ], [ -87.57302, 41.326737, 0.0 ], [ -87.573556, 41.375058, 0.0 ], [ -87.573685, 41.384235, 0.0 ], [ -87.573841, 41.384966, 0.0 ], [ -87.574467, 41.435707, 0.0 ], [ -87.576616, 41.435678, 0.0 ], [ -87.577109, 41.470001, 0.0 ], [ -87.577345, 41.47, 0.0 ], [ -87.57785, 41.514066, 0.0 ], [ -87.578021, 41.515687, 0.0 ], [ -87.578432, 41.517342, 0.0 ], [ -87.579079, 41.518953, 0.0 ], [ -87.581491, 41.523419, 0.0 ], [ -87.582098, 41.525241, 0.0 ], [ -87.582401, 41.527032, 0.0 ], [ -87.582682, 41.546923, 0.0 ], [ -87.582868, 41.548503, 0.0 ], [ -87.583478, 41.55125, 0.0 ], [ -87.583669, 41.553181, 0.0 ], [ -87.58376, 41.5715, 0.0 ], [ -87.583312, 41.573931, 0.0 ], [ -87.582327, 41.576275, 0.0 ], [ -87.58196, 41.577829, 0.0 ], [ -87.573437, 41.577877, 0.0 ], [ -87.573446, 41.579266, 0.0 ], [ -87.568558, 41.579255, 0.0 ], [ -87.568685, 41.601002, 0.0 ], [ -87.559012, 41.601019, 0.0 ], [ -87.55915, 41.620873, 0.0 ], [ -87.554114, 41.620888, 0.0 ], [ -87.554179, 41.629967, 0.0 ], [ -87.559219, 41.630012, 0.0 ], [ -87.559322, 41.644556, 0.0 ], [ -87.562388, 41.644757, 0.0 ], [ -87.564078, 41.644643, 0.0 ], [ -87.579961, 41.644739, 0.0 ], [ -87.580832, 41.645246, 0.0 ], [ -87.584136, 41.647901, 0.0 ], [ -87.594602, 41.659932, 0.0 ], [ -87.597703, 41.659453, 0.0 ], [ -87.597579, 41.659812, 0.0 ], [ -87.595462, 41.660234, 0.0 ], [ -87.595283, 41.660414, 0.0 ], [ -87.595339, 41.660657, 0.0 ], [ -87.600715, 41.666895, 0.0 ], [ -87.603519, 41.669907, 0.0 ], [ -87.606427, 41.671714, 0.0 ], [ -87.609169, 41.672466, 0.0 ], [ -87.611678, 41.67386, 0.0 ], [ -87.612414, 41.674961, 0.0 ], [ -87.612573, 41.678625, 0.0 ], [ -87.613162, 41.678664, 0.0 ], [ -87.613338, 41.678283, 0.0 ], [ -87.614652, 41.679823, 0.0 ], [ -87.616669, 41.680971, 0.0 ], [ -87.616685, 41.68139, 0.0 ], [ -87.617288, 41.681596, 0.0 ], [ -87.617303, 41.682138, 0.0 ], [ -87.617946, 41.682132, 0.0 ], [ -87.617945, 41.681918, 0.0 ], [ -87.618946, 41.682409, 0.0 ], [ -87.618974, 41.682576, 0.0 ], [ -87.620664, 41.682565, 0.0 ], [ -87.62068, 41.683048, 0.0 ], [ -87.622859, 41.684177, 0.0 ], [ -87.622896, 41.68533, 0.0 ], [ -87.625609, 41.685297, 0.0 ], [ -87.625802, 41.691655, 0.0 ], [ -87.623083, 41.691686, 0.0 ], [ -87.623423, 41.703527, 0.0 ], [ -87.618548, 41.703567, 0.0 ], [ -87.618649, 41.707247, 0.0 ], [ -87.623529, 41.707173, 0.0 ], [ -87.623658, 41.713853, 0.0 ], [ -87.622835, 41.715869, 0.0 ], [ -87.622738, 41.716546, 0.0 ], [ -87.623687, 41.719815, 0.0 ], [ -87.624171, 41.736307, 0.0 ], [ -87.628346, 41.736258, 0.0 ], [ -87.63171, 41.736, 0.0 ], [ -87.632364, 41.736816, 0.0 ], [ -87.632591, 41.736317, 0.0 ], [ -87.633763, 41.737414, 0.0 ], [ -87.63403, 41.740359, 0.0 ], [ -87.634212, 41.747152, 0.0 ], [ -87.625301, 41.747232, 0.0 ], [ -87.625401, 41.750944, 0.0 ], [ -87.624552, 41.750968, 0.0 ], [ -87.624765, 41.758245, 0.0 ], [ -87.619932, 41.758329, 0.0 ], [ -87.620049, 41.763798, 0.0 ], [ -87.616834, 41.763861, 0.0 ], [ -87.61671, 41.758387, 0.0 ], [ -87.610262, 41.758493, 0.0 ], [ -87.610088, 41.751207, 0.0 ], [ -87.605221, 41.751294, 0.0 ], [ -87.605195, 41.749465, 0.0 ], [ -87.597905, 41.749549, 0.0 ], [ -87.597921, 41.751372, 0.0 ], [ -87.571112, 41.751676, 0.0 ], [ -87.571083, 41.74986, 0.0 ], [ -87.567428, 41.749906, 0.0 ], [ -87.567348, 41.744454, 0.0 ], [ -87.556415, 41.7446, 0.0 ], [ -87.556355, 41.740964, 0.0 ], [ -87.557568, 41.740949, 0.0 ], [ -87.557541, 41.739129, 0.0 ], [ -87.566054, 41.73902, 0.0 ], [ -87.566034, 41.737441, 0.0 ], [ -87.565707, 41.737206, 0.0 ], [ -87.566003, 41.737201, 0.0 ], [ -87.56592, 41.73355, 0.0 ], [ -87.572596, 41.733459, 0.0 ], [ -87.572503, 41.72981, 0.0 ], [ -87.575541, 41.729769, 0.0 ], [ -87.575361, 41.722477, 0.0 ], [ -87.536549, 41.72295, 0.0 ], [ -87.535292, 41.721406, 0.0 ], [ -87.535292, 41.7064, 0.0 ], [ -87.539546, 41.706404, 0.0 ], [ -87.539527, 41.704586, 0.0 ], [ -87.540117, 41.704588, 0.0 ], [ -87.540113, 41.691869, 0.0 ], [ -87.541324, 41.691871, 0.0 ], [ -87.541297, 41.682808, 0.0 ], [ -87.537662, 41.682773, 0.0 ], [ -87.537658, 41.680953, 0.0 ], [ -87.531884, 41.680941, 0.0 ], [ -87.531155, 41.682056, 0.0 ], [ -87.530633, 41.683254, 0.0 ], [ -87.530416, 41.68466, 0.0 ], [ -87.530355, 41.691834, 0.0 ], [ -87.524666, 41.69181, 0.0 ], [ -87.524847, 41.676493, 0.0 ], [ -87.524749, 41.656745, 0.0 ], [ -87.525087, 41.635475, 0.0 ], [ -87.525202, 41.595593, 0.0 ], [ -87.525263, 41.59371, 0.0 ], [ -87.525388, 41.593539, 0.0 ], [ -87.525438, 41.587003, 0.0 ], [ -87.525288, 41.573846, 0.0 ], [ -87.525613, 41.528352, 0.0 ], [ -87.525544, 41.475255, 0.0 ], [ -87.525711, 41.470291, 0.0 ], [ -87.525597, 41.461019, 0.0 ], [ -87.525954, 41.443925, 0.0 ], [ -87.525821, 41.433067, 0.0 ], [ -87.526175, 41.408033, 0.0 ], [ -87.526078, 41.404423, 0.0 ], [ -87.526763, 41.308333, 0.0 ], [ -87.526508, 41.223835, 0.0 ], [ -87.52654, 41.164434, 0.0 ], [ -87.526667, 41.155053, 0.0 ], [ -87.526477, 41.152464, 0.0 ], [ -87.526702, 41.14923, 0.0 ], [ -87.526575, 41.139736, 0.0 ], [ -87.526681, 41.116719, 0.0 ], [ -87.526329, 41.045449, 0.0 ], [ -87.526434, 41.024374, 0.0 ], [ -87.526214, 41.010349, 0.0 ], [ -87.552053, 41.009948, 0.0 ], [ -87.614701, 41.008571, 0.0 ], [ -87.641227, 41.008203, 0.0 ], [ -87.655464, 41.008252, 0.0 ], [ -87.655518, 41.008135, 0.0 ], [ -87.694792, 41.007048, 0.0 ], [ -87.751478, 41.005911, 0.0 ], [ -87.771448, 41.005692, 0.0 ], [ -87.771438, 41.0054, 0.0 ], [ -87.812305, 41.005071, 0.0 ], [ -87.813173, 41.004868, 0.0 ] ] ] } },
{ "type": "Feature", "properties": { "OID_": 0, "DISTRICT": "18", "STA": "IL", "ST": "17", "LABEL": "18", "DIST_NAME": "State Senate District 18", "TYPE": "State Legislature - Upper Chamber", "TYPE_ABB": "Leg_Upper", "ELECT_YEAR": "Enacted" }, "geometry": { "type": "Polygon", "coordinates": [ [ [ -87.851283, 41.623184, 0.0 ], [ -87.853285, 41.623257, 0.0 ], [ -87.85606, 41.623075, 0.0 ], [ -87.859013, 41.623153, 0.0 ], [ -87.865553, 41.622959, 0.0 ], [ -87.866684, 41.622837, 0.0 ], [ -87.866908, 41.622619, 0.0 ], [ -87.867325, 41.623032, 0.0 ], [ -87.872857, 41.622773, 0.0 ], [ -87.872971, 41.630082, 0.0 ], [ -87.901449, 41.62961, 0.0 ], [ -87.901469, 41.630572, 0.0 ], [ -87.901295, 41.630864, 0.0 ], [ -87.900452, 41.631209, 0.0 ], [ -87.899955, 41.631955, 0.0 ], [ -87.89793, 41.632973, 0.0 ], [ -87.898034, 41.636925, 0.0 ], [ -87.892622, 41.637038, 0.0 ], [ -87.892627, 41.644282, 0.0 ], [ -87.892877, 41.652324, 0.0 ], [ -87.89301, 41.652322, 0.0 ], [ -87.892932, 41.656321, 0.0 ], [ -87.893335, 41.666119, 0.0 ], [ -87.912698, 41.665752, 0.0 ], [ -87.912928, 41.672549, 0.0 ], [ -87.912804, 41.672555, 0.0 ], [ -87.912827, 41.67304, 0.0 ], [ -87.912952, 41.673048, 0.0 ], [ -87.913175, 41.679685, 0.0 ], [ -87.913308, 41.680126, 0.0 ], [ -87.913777, 41.693784, 0.0 ], [ -87.91374, 41.696539, 0.0 ], [ -87.914367, 41.711622, 0.0 ], [ -87.91427, 41.716606, 0.0 ], [ -87.902646, 41.722635, 0.0 ], [ -87.893434, 41.727053, 0.0 ], [ -87.889559, 41.729361, 0.0 ], [ -87.888569, 41.730677, 0.0 ], [ -87.887475, 41.731045, 0.0 ], [ -87.88653, 41.731641, 0.0 ], [ -87.88086, 41.731739, 0.0 ], [ -87.877171, 41.731998, 0.0 ], [ -87.875891, 41.731293, 0.0 ], [ -87.875464, 41.730641, 0.0 ], [ -87.875557, 41.730157, 0.0 ], [ -87.876539, 41.728947, 0.0 ], [ -87.876729, 41.728417, 0.0 ], [ -87.87622, 41.726961, 0.0 ], [ -87.876385, 41.725853, 0.0 ], [ -87.876161, 41.72474, 0.0 ], [ -87.875872, 41.717317, 0.0 ], [ -87.846998, 41.717968, 0.0 ], [ -87.846861, 41.711569, 0.0 ], [ -87.846615, 41.711635, 0.0 ], [ -87.846485, 41.708185, 0.0 ], [ -87.84163, 41.708294, 0.0 ], [ -87.841591, 41.708069, 0.0 ], [ -87.836853, 41.708191, 0.0 ], [ -87.836964, 41.710919, 0.0 ], [ -87.827295, 41.71107, 0.0 ], [ -87.82704, 41.703836, 0.0 ], [ -87.797822, 41.704416, 0.0 ], [ -87.796592, 41.70469, 0.0 ], [ -87.795004, 41.704616, 0.0 ], [ -87.789867, 41.704894, 0.0 ], [ -87.788498, 41.705118, 0.0 ], [ -87.786924, 41.70622, 0.0 ], [ -87.785658, 41.706844, 0.0 ], [ -87.784408, 41.70724, 0.0 ], [ -87.7831, 41.707365, 0.0 ], [ -87.779559, 41.709726, 0.0 ], [ -87.779752, 41.714134, 0.0 ], [ -87.777298, 41.714156, 0.0 ], [ -87.777366, 41.715985, 0.0 ], [ -87.774913, 41.716002, 0.0 ], [ -87.774929, 41.716464, 0.0 ], [ -87.774314, 41.716475, 0.0 ], [ -87.772462, 41.716484, 0.0 ], [ -87.772475, 41.716026, 0.0 ], [ -87.768784, 41.719324, 0.0 ], [ -87.768457, 41.719681, 0.0 ], [ -87.770143, 41.719681, 0.0 ], [ -87.770256, 41.723311, 0.0 ], [ -87.767399, 41.723504, 0.0 ], [ -87.766578, 41.723233, 0.0 ], [ -87.765748, 41.72264, 0.0 ], [ -87.764642, 41.723155, 0.0 ], [ -87.763411, 41.723361, 0.0 ], [ -87.745798, 41.723649, 0.0 ], [ -87.745921, 41.727286, 0.0 ], [ -87.711804, 41.72791, 0.0 ], [ -87.711994, 41.73217, 0.0 ], [ -87.712497, 41.732134, 0.0 ], [ -87.7125, 41.732236, 0.0 ], [ -87.711995, 41.732245, 0.0 ], [ -87.711984, 41.735037, 0.0 ], [ -87.697115, 41.735288, 0.0 ], [ -87.697174, 41.737554, 0.0 ], [ -87.692318, 41.737755, 0.0 ], [ -87.692379, 41.74011, 0.0 ], [ -87.689783, 41.740156, 0.0 ], [ -87.689843, 41.742709, 0.0 ], [ -87.682685, 41.742824, 0.0 ], [ -87.682297, 41.728244, 0.0 ], [ -87.671392, 41.728397, 0.0 ], [ -87.671351, 41.727174, 0.0 ], [ -87.669354, 41.728187, 0.0 ], [ -87.667897, 41.728423, 0.0 ], [ -87.667957, 41.728615, 0.0 ], [ -87.667735, 41.728404, 0.0 ], [ -87.667442, 41.728459, 0.0 ], [ -87.668222, 41.730185, 0.0 ], [ -87.673096, 41.735658, 0.0 ], [ -87.663071, 41.735798, 0.0 ], [ -87.663163, 41.73944, 0.0 ], [ -87.661545, 41.739464, 0.0 ], [ -87.661598, 41.741441, 0.0 ], [ -87.660455, 41.741441, 0.0 ], [ -87.660079, 41.741217, 0.0 ], [ -87.658967, 41.741177, 0.0 ], [ -87.658356, 41.741333, 0.0 ], [ -87.658211, 41.73587, 0.0 ], [ -87.656993, 41.735887, 0.0 ], [ -87.656785, 41.728604, 0.0 ], [ -87.657388, 41.728596, 0.0 ], [ -87.657225, 41.721763, 0.0 ], [ -87.657833, 41.721756, 0.0 ], [ -87.657819, 41.721335, 0.0 ], [ -87.657706, 41.721338, 0.0 ], [ -87.657502, 41.71404, 0.0 ], [ -87.660297, 41.714005, 0.0 ], [ -87.658981, 41.71135, 0.0 ], [ -87.660513, 41.71133, 0.0 ], [ -87.657242, 41.703544, 0.0 ], [ -87.659328, 41.697852, 0.0 ], [ -87.664078, 41.691057, 0.0 ], [ -87.666595, 41.686706, 0.0 ], [ -87.67017, 41.687848, 0.0 ], [ -87.671438, 41.687927, 0.0 ], [ -87.67184, 41.684635, 0.0 ], [ -87.673437, 41.684635, 0.0 ], [ -87.673828, 41.683626, 0.0 ], [ -87.675751, 41.68428, 0.0 ], [ -87.676661, 41.684192, 0.0 ], [ -87.677022, 41.684331, 0.0 ], [ -87.677096, 41.683863, 0.0 ], [ -87.677343, 41.684164, 0.0 ], [ -87.679137, 41.684449, 0.0 ], [ -87.67906, 41.681918, 0.0 ], [ -87.68084, 41.68152, 0.0 ], [ -87.680881, 41.682738, 0.0 ], [ -87.681504, 41.682729, 0.0 ], [ -87.68156, 41.684541, 0.0 ], [ -87.695632, 41.684345, 0.0 ], [ -87.69536, 41.677056, 0.0 ], [ -87.709907, 41.676845, 0.0 ], [ -87.710184, 41.675065, 0.0 ], [ -87.709544, 41.665566, 0.0 ], [ -87.709534, 41.662244, 0.0 ], [ -87.762899, 41.661315, 0.0 ], [ -87.76281, 41.658848, 0.0 ], [ -87.763013, 41.654104, 0.0 ], [ -87.75796, 41.65414, 0.0 ], [ -87.757666, 41.646839, 0.0 ], [ -87.795714, 41.646238, 0.0 ], [ -87.795186, 41.631603, 0.0 ], [ -87.814808, 41.631221, 0.0 ], [ -87.814652, 41.62847, 0.0 ], [ -87.814703, 41.625818, 0.0 ], [ -87.819472, 41.625693, 0.0 ], [ -87.819514, 41.626575, 0.0 ], [ -87.824326, 41.626492, 0.0 ], [ -87.824224, 41.624786, 0.0 ], [ -87.834133, 41.624796, 0.0 ], [ -87.834081, 41.623039, 0.0 ], [ -87.834241, 41.622753, 0.0 ], [ -87.834762, 41.622413, 0.0 ], [ -87.835515, 41.622693, 0.0 ], [ -87.837492, 41.622649, 0.0 ], [ -87.837523, 41.623549, 0.0 ], [ -87.848635, 41.623349, 0.0 ], [ -87.848633, 41.622219, 0.0 ], [ -87.851204, 41.622191, 0.0 ], [ -87.851283, 41.623184, 0.0 ] ] ] } },
{ "type": "Feature", "properties": { "OID_": 0, "DISTRICT": "19", "STA": "IL", "ST": "17", "LABEL": "19", "DIST_NAME": "State Senate District 19", "TYPE": "State Legislature - Upper Chamber", "TYPE_ABB": "Leg_Upper", "ELECT_YEAR": "Enacted" }, "geometry": { "type": "Polygon", "coordinates": [ [ [ -87.728901, 41.469713, 0.0 ], [ -87.826141, 41.46997, 0.0 ], [ -87.887181, 41.469926, 0.0 ], [ -87.888257, 41.498527, 0.0 ], [ -87.907432, 41.498293, 0.0 ], [ -87.907439, 41.498431, 0.0 ], [ -87.921944, 41.498342, 0.0 ], [ -87.922064, 41.501885, 0.0 ], [ -87.926896, 41.501847, 0.0 ], [ -87.926779, 41.498077, 0.0 ], [ -87.933011, 41.498002, 0.0 ], [ -87.938095, 41.498131, 0.0 ], [ -87.941198, 41.498659, 0.0 ], [ -87.941186, 41.498008, 0.0 ], [ -87.965277, 41.497608, 0.0 ], [ -87.965106, 41.492336, 0.0 ], [ -87.984344, 41.49203, 0.0 ], [ -87.984094, 41.485415, 0.0 ], [ -87.988346, 41.485238, 0.0 ], [ -87.989571, 41.484794, 0.0 ], [ -87.990798, 41.484092, 0.0 ], [ -87.992649, 41.485425, 0.0 ], [ -87.993732, 41.48484, 0.0 ], [ -87.994032, 41.491878, 0.0 ], [ -88.003626, 41.491723, 0.0 ], [ -88.003864, 41.497022, 0.0 ], [ -88.023059, 41.496564, 0.0 ], [ -88.026081, 41.590566, 0.0 ], [ -88.007037, 41.591027, 0.0 ], [ -88.007269, 41.598238, 0.0 ], [ -87.978366, 41.598908, 0.0 ], [ -87.978961, 41.613469, 0.0 ], [ -87.949862, 41.614159, 0.0 ], [ -87.94956, 41.607406, 0.0 ], [ -87.94894, 41.607418, 0.0 ], [ -87.941141, 41.607602, 0.0 ], [ -87.940705, 41.607825, 0.0 ], [ -87.940675, 41.608528, 0.0 ], [ -87.934357, 41.608618, 0.0 ], [ -87.934344, 41.60906, 0.0 ], [ -87.934703, 41.609645, 0.0 ], [ -87.934934, 41.614494, 0.0 ], [ -87.906225, 41.614997, 0.0 ], [ -87.905096, 41.616093, 0.0 ], [ -87.904638, 41.615913, 0.0 ], [ -87.900824, 41.615956, 0.0 ], [ -87.900807, 41.615099, 0.0 ], [ -87.891901, 41.615252, 0.0 ], [ -87.891055, 41.586168, 0.0 ], [ -87.847376, 41.586829, 0.0 ], [ -87.847968, 41.60146, 0.0 ], [ -87.833258, 41.601702, 0.0 ], [ -87.83216, 41.569834, 0.0 ], [ -87.831911, 41.569322, 0.0 ], [ -87.830837, 41.568629, 0.0 ], [ -87.831831, 41.567612, 0.0 ], [ -87.832021, 41.567109, 0.0 ], [ -87.831731, 41.558033, 0.0 ], [ -87.812268, 41.558299, 0.0 ], [ -87.812706, 41.572886, 0.0 ], [ -87.802965, 41.572975, 0.0 ], [ -87.803198, 41.58032, 0.0 ], [ -87.80307, 41.581345, 0.0 ], [ -87.802838, 41.58136, 0.0 ], [ -87.802833, 41.583527, 0.0 ], [ -87.802504, 41.584389, 0.0 ], [ -87.802944, 41.584516, 0.0 ], [ -87.802702, 41.584984, 0.0 ], [ -87.80275, 41.585603, 0.0 ], [ -87.802413, 41.585677, 0.0 ], [ -87.801419, 41.585495, 0.0 ], [ -87.800966, 41.586286, 0.0 ], [ -87.799871, 41.587398, 0.0 ], [ -87.799815, 41.587682, 0.0 ], [ -87.793666, 41.587753, 0.0 ], [ -87.793463, 41.58048, 0.0 ], [ -87.784545, 41.580557, 0.0 ], [ -87.784494, 41.578976, 0.0 ], [ -87.781143, 41.579008, 0.0 ], [ -87.776947, 41.578642, 0.0 ], [ -87.777091, 41.578454, 0.0 ], [ -87.764056, 41.584049, 0.0 ], [ -87.761683, 41.585353, 0.0 ], [ -87.760045, 41.586507, 0.0 ], [ -87.749085, 41.595675, 0.0 ], [ -87.736214, 41.595952, 0.0 ], [ -87.736126, 41.592148, 0.0 ], [ -87.732212, 41.592218, 0.0 ], [ -87.732234, 41.595934, 0.0 ], [ -87.719206, 41.596043, 0.0 ], [ -87.719198, 41.595643, 0.0 ], [ -87.717974, 41.595642, 0.0 ], [ -87.716986, 41.596461, 0.0 ], [ -87.716761, 41.596448, 0.0 ], [ -87.716823, 41.595926, 0.0 ], [ -87.716091, 41.596496, 0.0 ], [ -87.716131, 41.596148, 0.0 ], [ -87.714891, 41.597105, 0.0 ], [ -87.714238, 41.596189, 0.0 ], [ -87.713967, 41.595287, 0.0 ], [ -87.713861, 41.586203, 0.0 ], [ -87.681149, 41.586251, 0.0 ], [ -87.681097, 41.585134, 0.0 ], [ -87.680845, 41.584057, 0.0 ], [ -87.67974, 41.581975, 0.0 ], [ -87.678004, 41.580286, 0.0 ], [ -87.675876, 41.579039, 0.0 ], [ -87.67602, 41.578934, 0.0 ], [ -87.675068, 41.578549, 0.0 ], [ -87.67486, 41.575301, 0.0 ], [ -87.67503, 41.571739, 0.0 ], [ -87.679875, 41.571774, 0.0 ], [ -87.680035, 41.568127, 0.0 ], [ -87.684452, 41.568042, 0.0 ], [ -87.684386, 41.564401, 0.0 ], [ -87.689455, 41.564434, 0.0 ], [ -87.689419, 41.557185, 0.0 ], [ -87.699015, 41.557166, 0.0 ], [ -87.69876, 41.551248, 0.0 ], [ -87.698535, 41.54984, 0.0 ], [ -87.703806, 41.549757, 0.0 ], [ -87.704062, 41.550957, 0.0 ], [ -87.705717, 41.55077, 0.0 ], [ -87.706677, 41.550946, 0.0 ], [ -87.707324, 41.550467, 0.0 ], [ -87.708135, 41.550593, 0.0 ], [ -87.708464, 41.550192, 0.0 ], [ -87.708531, 41.54974, 0.0 ], [ -87.713475, 41.549761, 0.0 ], [ -87.713354, 41.549735, 0.0 ], [ -87.71346, 41.548674, 0.0 ], [ -87.713293, 41.527945, 0.0 ], [ -87.677684, 41.528041, 0.0 ], [ -87.673806, 41.527882, 0.0 ], [ -87.664772, 41.527868, 0.0 ], [ -87.664651, 41.524342, 0.0 ], [ -87.664759, 41.520578, 0.0 ], [ -87.674467, 41.520589, 0.0 ], [ -87.674464, 41.520122, 0.0 ], [ -87.680627, 41.520106, 0.0 ], [ -87.681525, 41.520255, 0.0 ], [ -87.681855, 41.519699, 0.0 ], [ -87.681906, 41.518811, 0.0 ], [ -87.682255, 41.518629, 0.0 ], [ -87.682562, 41.517089, 0.0 ], [ -87.682949, 41.517506, 0.0 ], [ -87.683723, 41.517179, 0.0 ], [ -87.683732, 41.516642, 0.0 ], [ -87.686351, 41.516642, 0.0 ], [ -87.686351, 41.514842, 0.0 ], [ -87.685257, 41.513259, 0.0 ], [ -87.685093, 41.51279, 0.0 ], [ -87.684685, 41.512779, 0.0 ], [ -87.684694, 41.513485, 0.0 ], [ -87.674396, 41.513525, 0.0 ], [ -87.674335, 41.504078, 0.0 ], [ -87.679211, 41.503984, 0.0 ], [ -87.679205, 41.506184, 0.0 ], [ -87.698316, 41.506173, 0.0 ], [ -87.70055, 41.502144, 0.0 ], [ -87.700289, 41.502149, 0.0 ], [ -87.705925, 41.49164, 0.0 ], [ -87.713001, 41.491544, 0.0 ], [ -87.712942, 41.484307, 0.0 ], [ -87.722392, 41.484309, 0.0 ], [ -87.722297, 41.476693, 0.0 ], [ -87.722212, 41.474363, 0.0 ], [ -87.722052, 41.474159, 0.0 ], [ -87.722384, 41.471068, 0.0 ], [ -87.722351, 41.469742, 0.0 ], [ -87.728901, 41.469713, 0.0 ] ] ] } },
{ "type": "Feature", "properties": { "OID_": 0, "DISTRICT": "20", "STA": "IL", "ST": "17", "LABEL": "20", "DIST_NAME": "State Senate District 20", "TYPE": "State Legislature - Upper Chamber", "TYPE_ABB": "Leg_Upper", "ELECT_YEAR": "Enacted" }, "geometry": { "type": "Polygon", "coordinates": [ [ [ -87.711908, 41.917532, 0.0 ], [ -87.712208, 41.928324, 0.0 ], [ -87.731784, 41.92806, 0.0 ], [ -87.731673, 41.924434, 0.0 ], [ -87.761074, 41.924053, 0.0 ], [ -87.761191, 41.927256, 0.0 ], [ -87.766109, 41.927177, 0.0 ], [ -87.766252, 41.931285, 0.0 ], [ -87.765024, 41.931302, 0.0 ], [ -87.765088, 41.933125, 0.0 ], [ -87.763859, 41.933139, 0.0 ], [ -87.764055, 41.938615, 0.0 ], [ -87.766506, 41.938583, 0.0 ], [ -87.766634, 41.942236, 0.0 ], [ -87.766026, 41.942244, 0.0 ], [ -87.766148, 41.945892, 0.0 ], [ -87.761842, 41.945949, 0.0 ], [ -87.761934, 41.948689, 0.0 ], [ -87.75701, 41.948746, 0.0 ], [ -87.757212, 41.95513, 0.0 ], [ -87.74736, 41.95525, 0.0 ], [ -87.747311, 41.953426, 0.0 ], [ -87.747962, 41.953412, 0.0 ], [ -87.74788, 41.949769, 0.0 ], [ -87.747779, 41.948863, 0.0 ], [ -87.74717, 41.948866, 0.0 ], [ -87.747147, 41.94795, 0.0 ], [ -87.742638, 41.948008, 0.0 ], [ -87.742677, 41.949846, 0.0 ], [ -87.742436, 41.949846, 0.0 ], [ -87.742531, 41.953015, 0.0 ], [ -87.742756, 41.953482, 0.0 ], [ -87.741756, 41.953491, 0.0 ], [ -87.741859, 41.957157, 0.0 ], [ -87.742064, 41.957618, 0.0 ], [ -87.740115, 41.95795, 0.0 ], [ -87.738805, 41.957144, 0.0 ], [ -87.738212, 41.95706, 0.0 ], [ -87.738236, 41.95723, 0.0 ], [ -87.733989, 41.954809, 0.0 ], [ -87.733976, 41.953586, 0.0 ], [ -87.727624, 41.95367, 0.0 ], [ -87.727781, 41.959132, 0.0 ], [ -87.72938, 41.959114, 0.0 ], [ -87.729422, 41.960743, 0.0 ], [ -87.729699, 41.960935, 0.0 ], [ -87.730602, 41.960923, 0.0 ], [ -87.732384, 41.962174, 0.0 ], [ -87.731158, 41.963146, 0.0 ], [ -87.732812, 41.964312, 0.0 ], [ -87.730413, 41.96622, 0.0 ], [ -87.731717, 41.967127, 0.0 ], [ -87.73173, 41.967766, 0.0 ], [ -87.73046, 41.967774, 0.0 ], [ -87.730484, 41.968223, 0.0 ], [ -87.728034, 41.96825, 0.0 ], [ -87.728138, 41.971892, 0.0 ], [ -87.716449, 41.97202, 0.0 ], [ -87.716527, 41.972138, 0.0 ], [ -87.716054, 41.971919, 0.0 ], [ -87.714933, 41.971804, 0.0 ], [ -87.712813, 41.972033, 0.0 ], [ -87.708585, 41.972098, 0.0 ], [ -87.708687, 41.975756, 0.0 ], [ -87.704754, 41.975783, 0.0 ], [ -87.703824, 41.972457, 0.0 ], [ -87.703116, 41.970896, 0.0 ], [ -87.701099, 41.968522, 0.0 ], [ -87.703611, 41.968502, 0.0 ], [ -87.703363, 41.961227, 0.0 ], [ -87.6948, 41.961281, 0.0 ], [ -87.694362, 41.957734, 0.0 ], [ -87.694452, 41.954002, 0.0 ], [ -87.690883, 41.954021, 0.0 ], [ -87.690741, 41.950393, 0.0 ], [ -87.688367, 41.950387, 0.0 ], [ -87.688314, 41.948556, 0.0 ], [ -87.690135, 41.948529, 0.0 ], [ -87.690102, 41.947187, 0.0 ], [ -87.689489, 41.947191, 0.0 ], [ -87.689476, 41.946738, 0.0 ], [ -87.688264, 41.946739, 0.0 ], [ -87.688179, 41.939469, 0.0 ], [ -87.678361, 41.939581, 0.0 ], [ -87.678141, 41.932293, 0.0 ], [ -87.673432, 41.93235, 0.0 ], [ -87.673321, 41.930289, 0.0 ], [ -87.673031, 41.928723, 0.0 ], [ -87.671762, 41.928741, 0.0 ], [ -87.67173, 41.928238, 0.0 ], [ -87.671543, 41.928103, 0.0 ], [ -87.672449, 41.927395, 0.0 ], [ -87.67269, 41.92757, 0.0 ], [ -87.671672, 41.925114, 0.0 ], [ -87.683106, 41.924971, 0.0 ], [ -87.683489, 41.925189, 0.0 ], [ -87.682794, 41.925915, 0.0 ], [ -87.687772, 41.928591, 0.0 ], [ -87.687715, 41.926747, 0.0 ], [ -87.687861, 41.92674, 0.0 ], [ -87.687714, 41.926686, 0.0 ], [ -87.687416, 41.917576, 0.0 ], [ -87.711911, 41.91735, 0.0 ], [ -87.711908, 41.917532, 0.0 ] ] ] } },
{ "type": "Feature", "properties": { "OID_": 0, "DISTRICT": "21", "STA": "IL", "ST": "17", "LABEL": "21", "DIST_NAME": "State Senate District 21", "TYPE": "State Legislature - Upper Chamber", "TYPE_ABB": "Leg_Upper", "ELECT_YEAR": "Enacted" }, "geometry": { "type": "Polygon", "coordinates": [ [ [ -88.179308, 41.680643, 0.0 ], [ -88.185579, 41.680923, 0.0 ], [ -88.204741, 41.680663, 0.0 ], [ -88.205268, 41.695222, 0.0 ], [ -88.214713, 41.695078, 0.0 ], [ -88.214856, 41.705104, 0.0 ], [ -88.213924, 41.705045, 0.0 ], [ -88.213801, 41.705414, 0.0 ], [ -88.213709, 41.705929, 0.0 ], [ -88.213883, 41.708071, 0.0 ], [ -88.212208, 41.708091, 0.0 ], [ -88.211996, 41.705484, 0.0 ], [ -88.205807, 41.705561, 0.0 ], [ -88.205919, 41.709791, 0.0 ], [ -88.194418, 41.709889, 0.0 ], [ -88.194593, 41.71334, 0.0 ], [ -88.196001, 41.714731, 0.0 ], [ -88.1962, 41.71811, 0.0 ], [ -88.197074, 41.719981, 0.0 ], [ -88.197316, 41.721328, 0.0 ], [ -88.198511, 41.722607, 0.0 ], [ -88.198636, 41.723538, 0.0 ], [ -88.198869, 41.723954, 0.0 ], [ -88.199807, 41.724636, 0.0 ], [ -88.200116, 41.725334, 0.0 ], [ -88.206304, 41.725259, 0.0 ], [ -88.206209, 41.732579, 0.0 ], [ -88.206004, 41.732583, 0.0 ], [ -88.205903, 41.739708, 0.0 ], [ -88.206174, 41.739822, 0.0 ], [ -88.206065, 41.753266, 0.0 ], [ -88.195868, 41.756574, 0.0 ], [ -88.196597, 41.757888, 0.0 ], [ -88.196773, 41.758723, 0.0 ], [ -88.196684, 41.759229, 0.0 ], [ -88.195737, 41.761235, 0.0 ], [ -88.196043, 41.763265, 0.0 ], [ -88.195972, 41.769342, 0.0 ], [ -88.201896, 41.769307, 0.0 ], [ -88.20436, 41.770173, 0.0 ], [ -88.205889, 41.770227, 0.0 ], [ -88.205755, 41.781389, 0.0 ], [ -88.210572, 41.781446, 0.0 ], [ -88.21059, 41.782429, 0.0 ], [ -88.210797, 41.783249, 0.0 ], [ -88.211168, 41.783963, 0.0 ], [ -88.212106, 41.785143, 0.0 ], [ -88.212839, 41.78559, 0.0 ], [ -88.21696, 41.787037, 0.0 ], [ -88.217883, 41.787856, 0.0 ], [ -88.216303, 41.789625, 0.0 ], [ -88.216191, 41.790895, 0.0 ], [ -88.215365, 41.790904, 0.0 ], [ -88.215328, 41.79042, 0.0 ], [ -88.214733, 41.790429, 0.0 ], [ -88.214658, 41.794499, 0.0 ], [ -88.213626, 41.794549, 0.0 ], [ -88.213609, 41.795006, 0.0 ], [ -88.213373, 41.795209, 0.0 ], [ -88.212088, 41.795513, 0.0 ], [ -88.211282, 41.795509, 0.0 ], [ -88.210644, 41.79522, 0.0 ], [ -88.210547, 41.794577, 0.0 ], [ -88.209518, 41.794594, 0.0 ], [ -88.209102, 41.794795, 0.0 ], [ -88.208787, 41.794459, 0.0 ], [ -88.208794, 41.793636, 0.0 ], [ -88.207718, 41.793648, 0.0 ], [ -88.207738, 41.791663, 0.0 ], [ -88.205663, 41.791692, 0.0 ], [ -88.20547, 41.796365, 0.0 ], [ -88.204977, 41.798105, 0.0 ], [ -88.204614, 41.79902, 0.0 ], [ -88.20443, 41.799066, 0.0 ], [ -88.204596, 41.799065, 0.0 ], [ -88.203933, 41.80157, 0.0 ], [ -88.203681, 41.809878, 0.0 ], [ -88.204001, 41.812065, 0.0 ], [ -88.204855, 41.814766, 0.0 ], [ -88.20502, 41.815962, 0.0 ], [ -88.204882, 41.817112, 0.0 ], [ -88.203792, 41.820729, 0.0 ], [ -88.213323, 41.820956, 0.0 ], [ -88.213189, 41.823934, 0.0 ], [ -88.213072, 41.82404, 0.0 ], [ -88.213437, 41.824045, 0.0 ], [ -88.212693, 41.833071, 0.0 ], [ -88.211079, 41.833103, 0.0 ], [ -88.211107, 41.833426, 0.0 ], [ -88.210666, 41.833456, 0.0 ], [ -88.209707, 41.833024, 0.0 ], [ -88.209427, 41.83323, 0.0 ], [ -88.208833, 41.834228, 0.0 ], [ -88.201566, 41.831857, 0.0 ], [ -88.196801, 41.830706, 0.0 ], [ -88.187471, 41.827316, 0.0 ], [ -88.187751, 41.824808, 0.0 ], [ -88.184665, 41.824472, 0.0 ], [ -88.184776, 41.823601, 0.0 ], [ -88.18411, 41.822821, 0.0 ], [ -88.184811, 41.822504, 0.0 ], [ -88.185235, 41.820723, 0.0 ], [ -88.186696, 41.820921, 0.0 ], [ -88.188504, 41.813032, 0.0 ], [ -88.181678, 41.81301, 0.0 ], [ -88.181852, 41.807121, 0.0 ], [ -88.186239, 41.806583, 0.0 ], [ -88.18842, 41.806925, 0.0 ], [ -88.189134, 41.798508, 0.0 ], [ -88.187553, 41.794157, 0.0 ], [ -88.184771, 41.788503, 0.0 ], [ -88.183196, 41.785656, 0.0 ], [ -88.183147, 41.78473, 0.0 ], [ -88.182401, 41.784457, 0.0 ], [ -88.181886, 41.784044, 0.0 ], [ -88.179482, 41.780691, 0.0 ], [ -88.162901, 41.78546, 0.0 ], [ -88.16037, 41.785874, 0.0 ], [ -88.147572, 41.785724, 0.0 ], [ -88.137466, 41.785803, 0.0 ], [ -88.136682, 41.785938, 0.0 ], [ -88.136709, 41.785812, 0.0 ], [ -88.136408, 41.785784, 0.0 ], [ -88.129318, 41.785704, 0.0 ], [ -88.129268, 41.784744, 0.0 ], [ -88.129066, 41.784121, 0.0 ], [ -88.127255, 41.785539, 0.0 ], [ -88.124678, 41.787143, 0.0 ], [ -88.113444, 41.795571, 0.0 ], [ -88.113058, 41.795919, 0.0 ], [ -88.11305, 41.796313, 0.0 ], [ -88.110269, 41.796443, 0.0 ], [ -88.110851, 41.799626, 0.0 ], [ -88.11108, 41.805994, 0.0 ], [ -88.112574, 41.80604, 0.0 ], [ -88.11254, 41.806243, 0.0 ], [ -88.101197, 41.806084, 0.0 ], [ -88.101165, 41.805393, 0.0 ], [ -88.099303, 41.805362, 0.0 ], [ -88.099361, 41.805812, 0.0 ], [ -88.08716, 41.805693, 0.0 ], [ -88.08415, 41.806255, 0.0 ], [ -88.082138, 41.807081, 0.0 ], [ -88.081236, 41.807536, 0.0 ], [ -88.081719, 41.807525, 0.0 ], [ -88.081084, 41.807794, 0.0 ], [ -88.080649, 41.811083, 0.0 ], [ -88.07896, 41.813467, 0.0 ], [ -88.079239, 41.813574, 0.0 ], [ -88.079513, 41.813339, 0.0 ], [ -88.079878, 41.813368, 0.0 ], [ -88.079999, 41.813799, 0.0 ], [ -88.080462, 41.813861, 0.0 ], [ -88.080557, 41.815034, 0.0 ], [ -88.08706, 41.815035, 0.0 ], [ -88.087099, 41.822335, 0.0 ], [ -88.087389, 41.82234, 0.0 ], [ -88.087384, 41.826927, 0.0 ], [ -88.087089, 41.829793, 0.0 ], [ -88.087283, 41.83042, 0.0 ], [ -88.087413, 41.832347, 0.0 ], [ -88.087713, 41.833067, 0.0 ], [ -88.087349, 41.833166, 0.0 ], [ -88.08734, 41.835671, 0.0 ], [ -88.086426, 41.835685, 0.0 ], [ -88.086452, 41.836602, 0.0 ], [ -88.087403, 41.836587, 0.0 ], [ -88.088013, 41.837799, 0.0 ], [ -88.087343, 41.844395, 0.0 ], [ -88.091618, 41.844301, 0.0 ], [ -88.091662, 41.845237, 0.0 ], [ -88.092132, 41.845446, 0.0 ], [ -88.091606, 41.846077, 0.0 ], [ -88.091938, 41.846205, 0.0 ], [ -88.09196, 41.851641, 0.0 ], [ -88.099486, 41.851544, 0.0 ], [ -88.099496, 41.851819, 0.0 ], [ -88.100181, 41.851814, 0.0 ], [ -88.100172, 41.851542, 0.0 ], [ -88.10176, 41.851516, 0.0 ], [ -88.103071, 41.864881, 0.0 ], [ -88.103047, 41.865348, 0.0 ], [ -88.101177, 41.865723, 0.0 ], [ -88.101159, 41.8652, 0.0 ], [ -88.092004, 41.867165, 0.0 ], [ -88.092004, 41.867695, 0.0 ], [ -88.089969, 41.868538, 0.0 ], [ -88.088305, 41.869498, 0.0 ], [ -88.088719, 41.869406, 0.0 ], [ -88.082695, 41.874252, 0.0 ], [ -88.080438, 41.875548, 0.0 ], [ -88.080453, 41.87836, 0.0 ], [ -88.082319, 41.87827, 0.0 ], [ -88.082273, 41.883644, 0.0 ], [ -88.082669, 41.884325, 0.0 ], [ -88.083658, 41.884814, 0.0 ], [ -88.084121, 41.885437, 0.0 ], [ -88.084174, 41.888791, 0.0 ], [ -88.064626, 41.889929, 0.0 ], [ -88.051575, 41.89029, 0.0 ], [ -88.050663, 41.890158, 0.0 ], [ -88.05092, 41.889024, 0.0 ], [ -88.05086, 41.888511, 0.0 ], [ -88.051063, 41.888529, 0.0 ], [ -88.050953, 41.888121, 0.0 ], [ -88.050046, 41.887514, 0.0 ], [ -88.04791, 41.886541, 0.0 ], [ -88.046488, 41.88554, 0.0 ], [ -88.045825, 41.885502, 0.0 ], [ -88.044697, 41.885085, 0.0 ], [ -88.043091, 41.885448, 0.0 ], [ -88.042497, 41.88498, 0.0 ], [ -88.041522, 41.884821, 0.0 ], [ -88.041293, 41.884608, 0.0 ], [ -88.041267, 41.884739, 0.0 ], [ -88.040227, 41.885072, 0.0 ], [ -88.038638, 41.884294, 0.0 ], [ -88.037105, 41.884121, 0.0 ], [ -88.036515, 41.883808, 0.0 ], [ -88.0331, 41.884213, 0.0 ], [ -88.033467, 41.885104, 0.0 ], [ -88.033103, 41.885163, 0.0 ], [ -88.03322, 41.885728, 0.0 ], [ -88.03293, 41.88579, 0.0 ], [ -88.033224, 41.886322, 0.0 ], [ -88.033062, 41.886571, 0.0 ], [ -88.033461, 41.8867, 0.0 ], [ -88.032968, 41.887612, 0.0 ], [ -88.033344, 41.887726, 0.0 ], [ -88.032734, 41.888287, 0.0 ], [ -88.033265, 41.888461, 0.0 ], [ -88.032367, 41.889799, 0.0 ], [ -88.033453, 41.889863, 0.0 ], [ -88.032794, 41.892232, 0.0 ], [ -88.032629, 41.896922, 0.0 ], [ -88.030293, 41.896826, 0.0 ], [ -88.030273, 41.897743, 0.0 ], [ -88.027784, 41.897674, 0.0 ], [ -88.027686, 41.900891, 0.0 ], [ -88.024315, 41.900478, 0.0 ], [ -88.01789, 41.900483, 0.0 ], [ -88.018055, 41.894193, 0.0 ], [ -88.008343, 41.894025, 0.0 ], [ -88.008316, 41.894961, 0.0 ], [ -88.003386, 41.895117, 0.0 ], [ -87.99857, 41.89505, 0.0 ], [ -87.998583, 41.889914, 0.0 ], [ -87.988847, 41.88978, 0.0 ], [ -87.988436, 41.871452, 0.0 ], [ -87.987199, 41.871435, 0.0 ], [ -87.987012, 41.866882, 0.0 ], [ -87.993076, 41.866949, 0.0 ], [ -87.991997, 41.845942, 0.0 ], [ -87.990745, 41.842997, 0.0 ], [ -88.005488, 41.836911, 0.0 ], [ -88.010977, 41.835411, 0.0 ], [ -88.010475, 41.823718, 0.0 ], [ -88.018643, 41.823524, 0.0 ], [ -88.0187, 41.822395, 0.0 ], [ -88.018562, 41.821828, 0.0 ], [ -88.019014, 41.82175, 0.0 ], [ -88.01955, 41.820842, 0.0 ], [ -88.019446, 41.820293, 0.0 ], [ -88.018869, 41.819711, 0.0 ], [ -88.018751, 41.81934, 0.0 ], [ -88.018276, 41.808138, 0.0 ], [ -88.027327, 41.808204, 0.0 ], [ -88.032965, 41.80788, 0.0 ], [ -88.046272, 41.805009, 0.0 ], [ -88.052672, 41.804012, 0.0 ], [ -88.052567, 41.801172, 0.0 ], [ -88.053534, 41.801148, 0.0 ], [ -88.053677, 41.800941, 0.0 ], [ -88.056501, 41.800937, 0.0 ], [ -88.056665, 41.799967, 0.0 ], [ -88.056871, 41.797464, 0.0 ], [ -88.056554, 41.79098, 0.0 ], [ -88.056331, 41.788661, 0.0 ], [ -88.055682, 41.785956, 0.0 ], [ -88.056724, 41.786079, 0.0 ], [ -88.056763, 41.786288, 0.0 ], [ -88.057069, 41.786334, 0.0 ], [ -88.061728, 41.786797, 0.0 ], [ -88.065575, 41.78701, 0.0 ], [ -88.06737, 41.78691, 0.0 ], [ -88.06667, 41.784649, 0.0 ], [ -88.073605, 41.784017, 0.0 ], [ -88.074195, 41.78654, 0.0 ], [ -88.084052, 41.785369, 0.0 ], [ -88.085918, 41.784793, 0.0 ], [ -88.0887, 41.783208, 0.0 ], [ -88.090726, 41.78249, 0.0 ], [ -88.093513, 41.782049, 0.0 ], [ -88.097689, 41.781785, 0.0 ], [ -88.100009, 41.781431, 0.0 ], [ -88.10758, 41.779778, 0.0 ], [ -88.107568, 41.779635, 0.0 ], [ -88.112463, 41.778336, 0.0 ], [ -88.119546, 41.776754, 0.0 ], [ -88.120432, 41.768438, 0.0 ], [ -88.121172, 41.763332, 0.0 ], [ -88.122165, 41.760345, 0.0 ], [ -88.118257, 41.758863, 0.0 ], [ -88.117486, 41.757853, 0.0 ], [ -88.117322, 41.75587, 0.0 ], [ -88.117783, 41.754999, 0.0 ], [ -88.11932, 41.754217, 0.0 ], [ -88.119817, 41.753789, 0.0 ], [ -88.119894, 41.753427, 0.0 ], [ -88.1197, 41.7528, 0.0 ], [ -88.123443, 41.752129, 0.0 ], [ -88.123944, 41.749516, 0.0 ], [ -88.123697, 41.742231, 0.0 ], [ -88.122982, 41.740715, 0.0 ], [ -88.123091, 41.734435, 0.0 ], [ -88.120496, 41.734464, 0.0 ], [ -88.119627, 41.735292, 0.0 ], [ -88.118819, 41.735059, 0.0 ], [ -88.117556, 41.735091, 0.0 ], [ -88.117299, 41.726856, 0.0 ], [ -88.131625, 41.726528, 0.0 ], [ -88.13186, 41.726057, 0.0 ], [ -88.133016, 41.726214, 0.0 ], [ -88.133997, 41.725421, 0.0 ], [ -88.135021, 41.725423, 0.0 ], [ -88.136178, 41.725148, 0.0 ], [ -88.136607, 41.724535, 0.0 ], [ -88.13685, 41.723653, 0.0 ], [ -88.137978, 41.722046, 0.0 ], [ -88.135218, 41.72106, 0.0 ], [ -88.134279, 41.72105, 0.0 ], [ -88.132928, 41.721417, 0.0 ], [ -88.131721, 41.720057, 0.0 ], [ -88.132068, 41.719936, 0.0 ], [ -88.132273, 41.719349, 0.0 ], [ -88.133928, 41.716557, 0.0 ], [ -88.134845, 41.715442, 0.0 ], [ -88.136161, 41.714469, 0.0 ], [ -88.138032, 41.713712, 0.0 ], [ -88.136664, 41.709284, 0.0 ], [ -88.135976, 41.709531, 0.0 ], [ -88.135955, 41.709039, 0.0 ], [ -88.135699, 41.708515, 0.0 ], [ -88.134807, 41.708249, 0.0 ], [ -88.133299, 41.708294, 0.0 ], [ -88.12918, 41.70926, 0.0 ], [ -88.128733, 41.708863, 0.0 ], [ -88.128414, 41.708827, 0.0 ], [ -88.128156, 41.708933, 0.0 ], [ -88.128048, 41.709287, 0.0 ], [ -88.128503, 41.709999, 0.0 ], [ -88.12857, 41.710585, 0.0 ], [ -88.128442, 41.710858, 0.0 ], [ -88.128005, 41.711116, 0.0 ], [ -88.126546, 41.705928, 0.0 ], [ -88.125449, 41.702974, 0.0 ], [ -88.13074, 41.702235, 0.0 ], [ -88.130528, 41.693717, 0.0 ], [ -88.131843, 41.693363, 0.0 ], [ -88.132268, 41.693774, 0.0 ], [ -88.132494, 41.694352, 0.0 ], [ -88.133281, 41.694188, 0.0 ], [ -88.133122, 41.693679, 0.0 ], [ -88.133212, 41.693456, 0.0 ], [ -88.134022, 41.693688, 0.0 ], [ -88.135934, 41.693576, 0.0 ], [ -88.135966, 41.691618, 0.0 ], [ -88.136433, 41.691359, 0.0 ], [ -88.137919, 41.691091, 0.0 ], [ -88.138513, 41.690522, 0.0 ], [ -88.143376, 41.690772, 0.0 ], [ -88.150715, 41.690427, 0.0 ], [ -88.152405, 41.690728, 0.0 ], [ -88.152513, 41.693022, 0.0 ], [ -88.15314, 41.693997, 0.0 ], [ -88.157532, 41.692352, 0.0 ], [ -88.162332, 41.69099, 0.0 ], [ -88.164334, 41.689107, 0.0 ], [ -88.165062, 41.688902, 0.0 ], [ -88.166242, 41.688871, 0.0 ], [ -88.166095, 41.682733, 0.0 ], [ -88.166483, 41.681451, 0.0 ], [ -88.174971, 41.681182, 0.0 ], [ -88.179308, 41.680643, 0.0 ] ] ] } },
{ "type": "Feature", "properties": { "OID_": 0, "DISTRICT": "22", "STA": "IL", "ST": "17", "LABEL": "22", "DIST_NAME": "State Senate District 22", "TYPE": "State Legislature - Upper Chamber", "TYPE_ABB": "Leg_Upper", "ELECT_YEAR": "Enacted" }, "geometry": { "type": "Polygon", "coordinates": [ [ [ -88.159885, 41.98792, 0.0 ], [ -88.159877, 41.989342, 0.0 ], [ -88.174101, 41.991102, 0.0 ], [ -88.174122, 41.996887, 0.0 ], [ -88.175308, 41.99689, 0.0 ], [ -88.1753, 41.998728, 0.0 ], [ -88.177119, 41.998705, 0.0 ], [ -88.177095, 42.002021, 0.0 ], [ -88.184157, 42.003629, 0.0 ], [ -88.190014, 42.005244, 0.0 ], [ -88.196831, 42.00635, 0.0 ], [ -88.200244, 42.007234, 0.0 ], [ -88.206313, 42.009286, 0.0 ], [ -88.205723, 42.009317, 0.0 ], [ -88.207622, 42.009726, 0.0 ], [ -88.213197, 42.011762, 0.0 ], [ -88.217345, 42.012884, 0.0 ], [ -88.218187, 42.013361, 0.0 ], [ -88.219602, 42.014518, 0.0 ], [ -88.220738, 42.014955, 0.0 ], [ -88.22602, 42.015183, 0.0 ], [ -88.22728, 42.01553, 0.0 ], [ -88.230626, 42.016956, 0.0 ], [ -88.235264, 42.018075, 0.0 ], [ -88.236185, 42.018282, 0.0 ], [ -88.2365, 42.017723, 0.0 ], [ -88.237204, 42.017515, 0.0 ], [ -88.242415, 42.018697, 0.0 ], [ -88.243795, 42.019312, 0.0 ], [ -88.244717, 42.019533, 0.0 ], [ -88.252824, 42.019434, 0.0 ], [ -88.252823, 42.015332, 0.0 ], [ -88.258279, 42.015334, 0.0 ], [ -88.259383, 42.014917, 0.0 ], [ -88.260243, 42.015087, 0.0 ], [ -88.261078, 42.014385, 0.0 ], [ -88.261106, 42.014269, 0.0 ], [ -88.260756, 42.014145, 0.0 ], [ -88.26084, 42.013829, 0.0 ], [ -88.261746, 42.013882, 0.0 ], [ -88.262194, 42.013482, 0.0 ], [ -88.262507, 42.013483, 0.0 ], [ -88.263216, 42.013938, 0.0 ], [ -88.263192, 42.01199, 0.0 ], [ -88.264809, 42.011729, 0.0 ], [ -88.266771, 42.011748, 0.0 ], [ -88.268467, 42.01207, 0.0 ], [ -88.269845, 42.012577, 0.0 ], [ -88.274474, 42.010462, 0.0 ], [ -88.274621, 42.012542, 0.0 ], [ -88.280078, 42.01261, 0.0 ], [ -88.280186, 42.012234, 0.0 ], [ -88.285082, 42.012337, 0.0 ], [ -88.287684, 42.012167, 0.0 ], [ -88.288, 42.012345, 0.0 ], [ -88.290022, 42.012299, 0.0 ], [ -88.290005, 42.01255, 0.0 ], [ -88.301993, 42.012693, 0.0 ], [ -88.302114, 42.006262, 0.0 ], [ -88.31136, 42.006101, 0.0 ], [ -88.31136, 42.006261, 0.0 ], [ -88.311685, 42.006266, 0.0 ], [ -88.31169, 42.00653, 0.0 ], [ -88.315161, 42.006473, 0.0 ], [ -88.314888, 42.010524, 0.0 ], [ -88.320579, 42.010486, 0.0 ], [ -88.320594, 42.006775, 0.0 ], [ -88.322169, 42.006786, 0.0 ], [ -88.326543, 42.007203, 0.0 ], [ -88.336197, 42.007036, 0.0 ], [ -88.336403, 42.016832, 0.0 ], [ -88.336793, 42.017925, 0.0 ], [ -88.338904, 42.020833, 0.0 ], [ -88.339324, 42.02195, 0.0 ], [ -88.339408, 42.022623, 0.0 ], [ -88.33807, 42.030235, 0.0 ], [ -88.338134, 42.032212, 0.0 ], [ -88.337195, 42.031934, 0.0 ], [ -88.336196, 42.031873, 0.0 ], [ -88.336096, 42.03141, 0.0 ], [ -88.320255, 42.026047, 0.0 ], [ -88.32025, 42.032942, 0.0 ], [ -88.320417, 42.034986, 0.0 ], [ -88.320852, 42.035737, 0.0 ], [ -88.322635, 42.036985, 0.0 ], [ -88.322896, 42.037313, 0.0 ], [ -88.319939, 42.037357, 0.0 ], [ -88.319939, 42.037732, 0.0 ], [ -88.317381, 42.038059, 0.0 ], [ -88.311885, 42.038086, 0.0 ], [ -88.311885, 42.03977, 0.0 ], [ -88.316834, 42.040457, 0.0 ], [ -88.31698, 42.043578, 0.0 ], [ -88.316753, 42.043754, 0.0 ], [ -88.31691, 42.044239, 0.0 ], [ -88.316544, 42.04441, 0.0 ], [ -88.316645, 42.044805, 0.0 ], [ -88.316413, 42.045317, 0.0 ], [ -88.315669, 42.045589, 0.0 ], [ -88.315641, 42.045724, 0.0 ], [ -88.315947, 42.04595, 0.0 ], [ -88.315538, 42.046129, 0.0 ], [ -88.316003, 42.046581, 0.0 ], [ -88.315632, 42.048053, 0.0 ], [ -88.315761, 42.048249, 0.0 ], [ -88.316332, 42.04821, 0.0 ], [ -88.316538, 42.048402, 0.0 ], [ -88.316, 42.048734, 0.0 ], [ -88.316082, 42.049181, 0.0 ], [ -88.315694, 42.049301, 0.0 ], [ -88.31536, 42.055441, 0.0 ], [ -88.315431, 42.058405, 0.0 ], [ -88.302296, 42.058696, 0.0 ], [ -88.294977, 42.058404, 0.0 ], [ -88.290725, 42.058487, 0.0 ], [ -88.286614, 42.058305, 0.0 ], [ -88.283011, 42.058525, 0.0 ], [ -88.282965, 42.059356, 0.0 ], [ -88.282214, 42.059844, 0.0 ], [ -88.282235, 42.060076, 0.0 ], [ -88.282609, 42.060092, 0.0 ], [ -88.283086, 42.060789, 0.0 ], [ -88.283086, 42.061672, 0.0 ], [ -88.281691, 42.063406, 0.0 ], [ -88.280423, 42.06387, 0.0 ], [ -88.280984, 42.064614, 0.0 ], [ -88.280069, 42.06497, 0.0 ], [ -88.278884, 42.064985, 0.0 ], [ -88.278904, 42.065357, 0.0 ], [ -88.278546, 42.065494, 0.0 ], [ -88.277979, 42.065316, 0.0 ], [ -88.276993, 42.065529, 0.0 ], [ -88.277002, 42.065907, 0.0 ], [ -88.273312, 42.065938, 0.0 ], [ -88.272049, 42.066157, 0.0 ], [ -88.271149, 42.066115, 0.0 ], [ -88.270816, 42.06641, 0.0 ], [ -88.270742, 42.066815, 0.0 ], [ -88.263069, 42.066885, 0.0 ], [ -88.261655, 42.068622, 0.0 ], [ -88.260616, 42.070712, 0.0 ], [ -88.260024, 42.072362, 0.0 ], [ -88.258869, 42.078349, 0.0 ], [ -88.259862, 42.078453, 0.0 ], [ -88.259737, 42.079071, 0.0 ], [ -88.25875, 42.078961, 0.0 ], [ -88.25812, 42.082117, 0.0 ], [ -88.257878, 42.084455, 0.0 ], [ -88.257974, 42.113953, 0.0 ], [ -88.260529, 42.113945, 0.0 ], [ -88.260535, 42.113823, 0.0 ], [ -88.267586, 42.113925, 0.0 ], [ -88.267617, 42.122767, 0.0 ], [ -88.268276, 42.122773, 0.0 ], [ -88.269749, 42.123443, 0.0 ], [ -88.272993, 42.123449, 0.0 ], [ -88.273504, 42.127199, 0.0 ], [ -88.272577, 42.127384, 0.0 ], [ -88.272695, 42.128331, 0.0 ], [ -88.273443, 42.128287, 0.0 ], [ -88.274025, 42.128048, 0.0 ], [ -88.27437, 42.127704, 0.0 ], [ -88.275926, 42.12728, 0.0 ], [ -88.276959, 42.127307, 0.0 ], [ -88.276298, 42.128155, 0.0 ], [ -88.276062, 42.131319, 0.0 ], [ -88.275701, 42.133314, 0.0 ], [ -88.27564, 42.135641, 0.0 ], [ -88.276214, 42.137627, 0.0 ], [ -88.274424, 42.138227, 0.0 ], [ -88.274772, 42.139325, 0.0 ], [ -88.273123, 42.138686, 0.0 ], [ -88.272523, 42.138837, 0.0 ], [ -88.272426, 42.139503, 0.0 ], [ -88.257801, 42.139583, 0.0 ], [ -88.257635, 42.139473, 0.0 ], [ -88.257622, 42.139118, 0.0 ], [ -88.257106, 42.139122, 0.0 ], [ -88.257119, 42.139484, 0.0 ], [ -88.256764, 42.139594, 0.0 ], [ -88.248065, 42.13965, 0.0 ], [ -88.248053, 42.135996, 0.0 ], [ -88.243285, 42.135918, 0.0 ], [ -88.24319, 42.13242, 0.0 ], [ -88.243641, 42.132339, 0.0 ], [ -88.238352, 42.132296, 0.0 ], [ -88.238192, 42.066993, 0.0 ], [ -88.214184, 42.067038, 0.0 ], [ -88.210543, 42.067295, 0.0 ], [ -88.207012, 42.06709, 0.0 ], [ -88.20099, 42.067413, 0.0 ], [ -88.192771, 42.067435, 0.0 ], [ -88.184382, 42.067034, 0.0 ], [ -88.183587, 42.067234, 0.0 ], [ -88.179807, 42.067334, 0.0 ], [ -88.163418, 42.067232, 0.0 ], [ -88.160632, 42.066979, 0.0 ], [ -88.150481, 42.067334, 0.0 ], [ -88.145707, 42.067339, 0.0 ], [ -88.144024, 42.067134, 0.0 ], [ -88.078717, 42.067009, 0.0 ], [ -88.079254, 42.066265, 0.0 ], [ -88.079459, 42.065406, 0.0 ], [ -88.079802, 42.040006, 0.0 ], [ -88.083322, 42.039292, 0.0 ], [ -88.085687, 42.037793, 0.0 ], [ -88.086524, 42.0381, 0.0 ], [ -88.089003, 42.038117, 0.0 ], [ -88.089009, 42.037217, 0.0 ], [ -88.091406, 42.037225, 0.0 ], [ -88.091415, 42.036396, 0.0 ], [ -88.094517, 42.036402, 0.0 ], [ -88.0947, 42.035482, 0.0 ], [ -88.09521, 42.03476, 0.0 ], [ -88.096119, 42.035194, 0.0 ], [ -88.099513, 42.035099, 0.0 ], [ -88.099496, 42.0375, 0.0 ], [ -88.10197, 42.037473, 0.0 ], [ -88.101948, 42.037072, 0.0 ], [ -88.106004, 42.036928, 0.0 ], [ -88.106011, 42.037337, 0.0 ], [ -88.119121, 42.036844, 0.0 ], [ -88.119141, 42.03306, 0.0 ], [ -88.130379, 42.033026, 0.0 ], [ -88.130454, 42.032686, 0.0 ], [ -88.130777, 42.032379, 0.0 ], [ -88.134202, 42.030773, 0.0 ], [ -88.134576, 42.031246, 0.0 ], [ -88.13458, 42.032335, 0.0 ], [ -88.134372, 42.032767, 0.0 ], [ -88.134743, 42.032606, 0.0 ], [ -88.136659, 42.032526, 0.0 ], [ -88.136144, 42.031271, 0.0 ], [ -88.136135, 42.030671, 0.0 ], [ -88.136585, 42.029563, 0.0 ], [ -88.137808, 42.027741, 0.0 ], [ -88.138055, 42.025579, 0.0 ], [ -88.138118, 42.019845, 0.0 ], [ -88.137533, 42.018212, 0.0 ], [ -88.135646, 42.01827, 0.0 ], [ -88.135641, 42.017816, 0.0 ], [ -88.128918, 42.018118, 0.0 ], [ -88.129031, 42.009341, 0.0 ], [ -88.129149, 42.009013, 0.0 ], [ -88.129915, 42.008226, 0.0 ], [ -88.130108, 42.007486, 0.0 ], [ -88.129576, 42.007341, 0.0 ], [ -88.12959, 42.006514, 0.0 ], [ -88.12847, 42.006325, 0.0 ], [ -88.128479, 42.005655, 0.0 ], [ -88.127988, 42.005633, 0.0 ], [ -88.128006, 42.003478, 0.0 ], [ -88.129014, 42.003444, 0.0 ], [ -88.129029, 41.99936, 0.0 ], [ -88.129365, 41.996121, 0.0 ], [ -88.138585, 41.995684, 0.0 ], [ -88.138522, 41.992127, 0.0 ], [ -88.144905, 41.992097, 0.0 ], [ -88.145107, 41.98825, 0.0 ], [ -88.159885, 41.98792, 0.0 ] ] ] } },
{ "type": "Feature", "properties": { "OID_": 0, "DISTRICT": "23", "STA": "IL", "ST": "17", "LABEL": "23", "DIST_NAME": "State Senate District 23", "TYPE": "State Legislature - Upper Chamber", "TYPE_ABB": "Leg_Upper", "ELECT_YEAR": "Enacted" }, "geometry": { "type": "Polygon", "coordinates": [ [ [ -87.974333, 41.766394, 0.0 ], [ -87.974533, 41.773666, 0.0 ], [ -87.993953, 41.773296, 0.0 ], [ -87.994284, 41.784186, 0.0 ], [ -87.987055, 41.784347, 0.0 ], [ -87.987166, 41.787965, 0.0 ], [ -87.984792, 41.788028, 0.0 ], [ -87.984759, 41.788176, 0.0 ], [ -87.985015, 41.795645, 0.0 ], [ -87.985078, 41.795842, 0.0 ], [ -87.986689, 41.795847, 0.0 ], [ -87.987088, 41.806149, 0.0 ], [ -87.986415, 41.806166, 0.0 ], [ -87.986427, 41.806462, 0.0 ], [ -87.986208, 41.806467, 0.0 ], [ -87.986629, 41.806565, 0.0 ], [ -87.986623, 41.806457, 0.0 ], [ -87.987097, 41.806446, 0.0 ], [ -87.987211, 41.809818, 0.0 ], [ -87.999154, 41.809454, 0.0 ], [ -88.012362, 41.808779, 0.0 ], [ -88.018276, 41.808138, 0.0 ], [ -88.018751, 41.81934, 0.0 ], [ -88.018869, 41.819711, 0.0 ], [ -88.019446, 41.820293, 0.0 ], [ -88.01955, 41.820842, 0.0 ], [ -88.019014, 41.82175, 0.0 ], [ -88.018562, 41.821828, 0.0 ], [ -88.0187, 41.822395, 0.0 ], [ -88.018643, 41.823524, 0.0 ], [ -88.010475, 41.823718, 0.0 ], [ -88.010977, 41.835411, 0.0 ], [ -88.005488, 41.836911, 0.0 ], [ -87.990745, 41.842997, 0.0 ], [ -87.991997, 41.845942, 0.0 ], [ -87.993076, 41.866949, 0.0 ], [ -87.987012, 41.866882, 0.0 ], [ -87.987199, 41.871435, 0.0 ], [ -87.988436, 41.871452, 0.0 ], [ -87.988847, 41.88978, 0.0 ], [ -87.998583, 41.889914, 0.0 ], [ -87.99857, 41.89505, 0.0 ], [ -88.003386, 41.895117, 0.0 ], [ -88.008316, 41.894961, 0.0 ], [ -88.008343, 41.894025, 0.0 ], [ -88.018055, 41.894193, 0.0 ], [ -88.01789, 41.900483, 0.0 ], [ -88.024315, 41.900478, 0.0 ], [ -88.027686, 41.900891, 0.0 ], [ -88.027784, 41.897674, 0.0 ], [ -88.030273, 41.897743, 0.0 ], [ -88.030293, 41.896826, 0.0 ], [ -88.032629, 41.896922, 0.0 ], [ -88.032794, 41.892232, 0.0 ], [ -88.033453, 41.889863, 0.0 ], [ -88.032367, 41.889799, 0.0 ], [ -88.033265, 41.888461, 0.0 ], [ -88.032734, 41.888287, 0.0 ], [ -88.033344, 41.887726, 0.0 ], [ -88.032968, 41.887612, 0.0 ], [ -88.033461, 41.8867, 0.0 ], [ -88.033062, 41.886571, 0.0 ], [ -88.033224, 41.886322, 0.0 ], [ -88.03293, 41.88579, 0.0 ], [ -88.03322, 41.885728, 0.0 ], [ -88.033103, 41.885163, 0.0 ], [ -88.033467, 41.885104, 0.0 ], [ -88.0331, 41.884213, 0.0 ], [ -88.036515, 41.883808, 0.0 ], [ -88.037105, 41.884121, 0.0 ], [ -88.038638, 41.884294, 0.0 ], [ -88.040227, 41.885072, 0.0 ], [ -88.041267, 41.884739, 0.0 ], [ -88.041293, 41.884608, 0.0 ], [ -88.041522, 41.884821, 0.0 ], [ -88.042497, 41.88498, 0.0 ], [ -88.043091, 41.885448, 0.0 ], [ -88.044697, 41.885085, 0.0 ], [ -88.045825, 41.885502, 0.0 ], [ -88.046488, 41.88554, 0.0 ], [ -88.04791, 41.886541, 0.0 ], [ -88.050046, 41.887514, 0.0 ], [ -88.050953, 41.888121, 0.0 ], [ -88.051063, 41.888529, 0.0 ], [ -88.05086, 41.888511, 0.0 ], [ -88.05092, 41.889024, 0.0 ], [ -88.050663, 41.890158, 0.0 ], [ -88.051575, 41.89029, 0.0 ], [ -88.064626, 41.889929, 0.0 ], [ -88.082235, 41.888889, 0.0 ], [ -88.082221, 41.896539, 0.0 ], [ -88.096446, 41.897836, 0.0 ], [ -88.096443, 41.898066, 0.0 ], [ -88.10196, 41.898433, 0.0 ], [ -88.101807, 41.902057, 0.0 ], [ -88.103954, 41.902112, 0.0 ], [ -88.106913, 41.902452, 0.0 ], [ -88.106969, 41.902087, 0.0 ], [ -88.110123, 41.901985, 0.0 ], [ -88.110216, 41.901142, 0.0 ], [ -88.112413, 41.901132, 0.0 ], [ -88.112677, 41.902044, 0.0 ], [ -88.120562, 41.901701, 0.0 ], [ -88.12057, 41.916412, 0.0 ], [ -88.123027, 41.91651, 0.0 ], [ -88.123274, 41.915787, 0.0 ], [ -88.12327, 41.914021, 0.0 ], [ -88.125689, 41.913985, 0.0 ], [ -88.127869, 41.914676, 0.0 ], [ -88.129774, 41.914738, 0.0 ], [ -88.129762, 41.916182, 0.0 ], [ -88.13042, 41.916159, 0.0 ], [ -88.130453, 41.919804, 0.0 ], [ -88.130302, 41.920696, 0.0 ], [ -88.130768, 41.920715, 0.0 ], [ -88.13072, 41.923517, 0.0 ], [ -88.130991, 41.923506, 0.0 ], [ -88.13099, 41.923939, 0.0 ], [ -88.130227, 41.924612, 0.0 ], [ -88.131546, 41.925355, 0.0 ], [ -88.132969, 41.925462, 0.0 ], [ -88.136524, 41.9243, 0.0 ], [ -88.137171, 41.924241, 0.0 ], [ -88.137901, 41.924439, 0.0 ], [ -88.138798, 41.92357, 0.0 ], [ -88.140158, 41.923567, 0.0 ], [ -88.140126, 41.930385, 0.0 ], [ -88.145585, 41.930074, 0.0 ], [ -88.14564, 41.930194, 0.0 ], [ -88.145579, 41.930885, 0.0 ], [ -88.145703, 41.93114, 0.0 ], [ -88.145383, 41.931318, 0.0 ], [ -88.145575, 41.931446, 0.0 ], [ -88.145199, 41.931759, 0.0 ], [ -88.145518, 41.931973, 0.0 ], [ -88.145018, 41.932592, 0.0 ], [ -88.145613, 41.932757, 0.0 ], [ -88.145456, 41.933207, 0.0 ], [ -88.145688, 41.933271, 0.0 ], [ -88.145348, 41.93409, 0.0 ], [ -88.145482, 41.934119, 0.0 ], [ -88.145474, 41.935515, 0.0 ], [ -88.145786, 41.935972, 0.0 ], [ -88.145295, 41.936092, 0.0 ], [ -88.145521, 41.936861, 0.0 ], [ -88.145424, 41.940298, 0.0 ], [ -88.13507, 41.939665, 0.0 ], [ -88.101092, 41.939017, 0.0 ], [ -88.086163, 41.937682, 0.0 ], [ -88.086181, 41.942978, 0.0 ], [ -88.080522, 41.943157, 0.0 ], [ -88.08066, 41.946864, 0.0 ], [ -88.070355, 41.947073, 0.0 ], [ -88.070245, 41.947219, 0.0 ], [ -88.066466, 41.947291, 0.0 ], [ -88.06472, 41.947735, 0.0 ], [ -88.061823, 41.947473, 0.0 ], [ -88.061698, 41.956882, 0.0 ], [ -88.049208, 41.954272, 0.0 ], [ -88.037319, 41.952571, 0.0 ], [ -88.021984, 41.946382, 0.0 ], [ -88.022504, 41.94138, 0.0 ], [ -88.022521, 41.939306, 0.0 ], [ -88.01319, 41.939523, 0.0 ], [ -88.013127, 41.936202, 0.0 ], [ -88.00912, 41.936302, 0.0 ], [ -88.008132, 41.936126, 0.0 ], [ -88.008134, 41.93417, 0.0 ], [ -88.008303, 41.934167, 0.0 ], [ -88.008303, 41.92996, 0.0 ], [ -88.013204, 41.929474, 0.0 ], [ -88.013199, 41.926755, 0.0 ], [ -88.008298, 41.926869, 0.0 ], [ -88.008305, 41.923213, 0.0 ], [ -88.003412, 41.923314, 0.0 ], [ -88.003409, 41.923717, 0.0 ], [ -87.998653, 41.923836, 0.0 ], [ -87.998441, 41.919759, 0.0 ], [ -87.969324, 41.920279, 0.0 ], [ -87.969258, 41.927855, 0.0 ], [ -87.960129, 41.926813, 0.0 ], [ -87.95674, 41.930049, 0.0 ], [ -87.957336, 41.93051, 0.0 ], [ -87.933899, 41.93167, 0.0 ], [ -87.920294, 41.931308, 0.0 ], [ -87.920622, 41.889713, 0.0 ], [ -87.930282, 41.890021, 0.0 ], [ -87.930243, 41.883346, 0.0 ], [ -87.931285, 41.883017, 0.0 ], [ -87.933033, 41.883257, 0.0 ], [ -87.935085, 41.883187, 0.0 ], [ -87.934882, 41.882732, 0.0 ], [ -87.935042, 41.881396, 0.0 ], [ -87.938444, 41.882326, 0.0 ], [ -87.939504, 41.882295, 0.0 ], [ -87.932049, 41.864982, 0.0 ], [ -87.9302, 41.859556, 0.0 ], [ -87.929734, 41.856953, 0.0 ], [ -87.93157, 41.854777, 0.0 ], [ -87.933068, 41.853294, 0.0 ], [ -87.942916, 41.847083, 0.0 ], [ -87.957825, 41.846662, 0.0 ], [ -87.957707, 41.838044, 0.0 ], [ -87.957442, 41.836553, 0.0 ], [ -87.956925, 41.835089, 0.0 ], [ -87.954509, 41.830658, 0.0 ], [ -87.953779, 41.828232, 0.0 ], [ -87.953249, 41.819156, 0.0 ], [ -87.952783, 41.817749, 0.0 ], [ -87.947165, 41.817902, 0.0 ], [ -87.947157, 41.817722, 0.0 ], [ -87.946536, 41.81774, 0.0 ], [ -87.946512, 41.817943, 0.0 ], [ -87.919891, 41.8185, 0.0 ], [ -87.918288, 41.818728, 0.0 ], [ -87.915416, 41.818515, 0.0 ], [ -87.911197, 41.818616, 0.0 ], [ -87.90997, 41.818884, 0.0 ], [ -87.908729, 41.818709, 0.0 ], [ -87.908447, 41.811798, 0.0 ], [ -87.908636, 41.810829, 0.0 ], [ -87.90858, 41.810316, 0.0 ], [ -87.908377, 41.810007, 0.0 ], [ -87.908277, 41.807497, 0.0 ], [ -87.917678, 41.805406, 0.0 ], [ -87.917682, 41.805652, 0.0 ], [ -87.925721, 41.803714, 0.0 ], [ -87.927239, 41.803074, 0.0 ], [ -87.92676, 41.791041, 0.0 ], [ -87.928835, 41.791, 0.0 ], [ -87.929029, 41.790749, 0.0 ], [ -87.929586, 41.790682, 0.0 ], [ -87.930341, 41.790764, 0.0 ], [ -87.930557, 41.790965, 0.0 ], [ -87.931892, 41.790938, 0.0 ], [ -87.931822, 41.789128, 0.0 ], [ -87.936358, 41.789029, 0.0 ], [ -87.935784, 41.774447, 0.0 ], [ -87.937552, 41.774515, 0.0 ], [ -87.944349, 41.774201, 0.0 ], [ -87.955167, 41.774092, 0.0 ], [ -87.954944, 41.768619, 0.0 ], [ -87.954959, 41.76812, 0.0 ], [ -87.955082, 41.768119, 0.0 ], [ -87.954915, 41.766773, 0.0 ], [ -87.974333, 41.766394, 0.0 ] ] ] } },
{ "type": "Feature", "properties": { "OID_": 0, "DISTRICT": "24", "STA": "IL", "ST": "17", "LABEL": "24", "DIST_NAME": "State Senate District 24", "TYPE": "State Legislature - Upper Chamber", "TYPE_ABB": "Leg_Upper", "ELECT_YEAR": "Enacted" }, "geometry": { "type": "Polygon", "coordinates": [ [ [ -88.181906, 41.784066, 0.0 ], [ -88.182401, 41.784457, 0.0 ], [ -88.183147, 41.78473, 0.0 ], [ -88.183196, 41.785656, 0.0 ], [ -88.184771, 41.788503, 0.0 ], [ -88.187553, 41.794157, 0.0 ], [ -88.189134, 41.798508, 0.0 ], [ -88.18842, 41.806925, 0.0 ], [ -88.186239, 41.806583, 0.0 ], [ -88.181852, 41.807121, 0.0 ], [ -88.181678, 41.81301, 0.0 ], [ -88.188504, 41.813032, 0.0 ], [ -88.186696, 41.820921, 0.0 ], [ -88.185235, 41.820723, 0.0 ], [ -88.184811, 41.822504, 0.0 ], [ -88.18411, 41.822821, 0.0 ], [ -88.184633, 41.823343, 0.0 ], [ -88.178538, 41.825833, 0.0 ], [ -88.172872, 41.829092, 0.0 ], [ -88.170539, 41.829846, 0.0 ], [ -88.168268, 41.830222, 0.0 ], [ -88.168339, 41.831446, 0.0 ], [ -88.170817, 41.840654, 0.0 ], [ -88.170862, 41.8426, 0.0 ], [ -88.170522, 41.843296, 0.0 ], [ -88.170801, 41.843765, 0.0 ], [ -88.17565, 41.847835, 0.0 ], [ -88.17566, 41.856907, 0.0 ], [ -88.1791, 41.857441, 0.0 ], [ -88.185554, 41.859088, 0.0 ], [ -88.192789, 41.861464, 0.0 ], [ -88.190783, 41.863935, 0.0 ], [ -88.190556, 41.863938, 0.0 ], [ -88.190256, 41.865596, 0.0 ], [ -88.190057, 41.865799, 0.0 ], [ -88.190024, 41.865441, 0.0 ], [ -88.189666, 41.866086, 0.0 ], [ -88.188399, 41.866555, 0.0 ], [ -88.187322, 41.867498, 0.0 ], [ -88.185917, 41.867792, 0.0 ], [ -88.184466, 41.869132, 0.0 ], [ -88.182106, 41.869986, 0.0 ], [ -88.180673, 41.871223, 0.0 ], [ -88.178782, 41.871321, 0.0 ], [ -88.178527, 41.871551, 0.0 ], [ -88.177981, 41.871344, 0.0 ], [ -88.175274, 41.871386, 0.0 ], [ -88.175304, 41.875712, 0.0 ], [ -88.175653, 41.875791, 0.0 ], [ -88.175752, 41.878706, 0.0 ], [ -88.170071, 41.878893, 0.0 ], [ -88.170275, 41.882516, 0.0 ], [ -88.170548, 41.882513, 0.0 ], [ -88.170498, 41.88601, 0.0 ], [ -88.175003, 41.885946, 0.0 ], [ -88.175099, 41.898615, 0.0 ], [ -88.175675, 41.898697, 0.0 ], [ -88.175079, 41.899007, 0.0 ], [ -88.175072, 41.900383, 0.0 ], [ -88.19574, 41.900078, 0.0 ], [ -88.197191, 41.900841, 0.0 ], [ -88.202206, 41.902208, 0.0 ], [ -88.203157, 41.902748, 0.0 ], [ -88.20379, 41.903444, 0.0 ], [ -88.205121, 41.908019, 0.0 ], [ -88.207577, 41.911732, 0.0 ], [ -88.20865, 41.913868, 0.0 ], [ -88.208876, 41.914975, 0.0 ], [ -88.209005, 41.929222, 0.0 ], [ -88.208334, 41.945386, 0.0 ], [ -88.208447, 41.94539, 0.0 ], [ -88.207911, 41.947938, 0.0 ], [ -88.205746, 41.952334, 0.0 ], [ -88.205367, 41.953465, 0.0 ], [ -88.205283, 41.954616, 0.0 ], [ -88.206098, 41.961049, 0.0 ], [ -88.205942, 41.961023, 0.0 ], [ -88.205958, 41.961176, 0.0 ], [ -88.193749, 41.959202, 0.0 ], [ -88.19375, 41.95931, 0.0 ], [ -88.191215, 41.959322, 0.0 ], [ -88.191224, 41.959653, 0.0 ], [ -88.190716, 41.959736, 0.0 ], [ -88.191235, 41.959733, 0.0 ], [ -88.191314, 41.960353, 0.0 ], [ -88.191758, 41.961119, 0.0 ], [ -88.191625, 41.962006, 0.0 ], [ -88.192109, 41.962667, 0.0 ], [ -88.192169, 41.96298, 0.0 ], [ -88.193265, 41.963253, 0.0 ], [ -88.194464, 41.965111, 0.0 ], [ -88.194061, 41.965253, 0.0 ], [ -88.194297, 41.965624, 0.0 ], [ -88.194139, 41.96568, 0.0 ], [ -88.194312, 41.965961, 0.0 ], [ -88.194164, 41.967134, 0.0 ], [ -88.193263, 41.967154, 0.0 ], [ -88.19327, 41.966997, 0.0 ], [ -88.192293, 41.967328, 0.0 ], [ -88.192628, 41.968231, 0.0 ], [ -88.19256, 41.973382, 0.0 ], [ -88.192708, 41.974004, 0.0 ], [ -88.196684, 41.974484, 0.0 ], [ -88.207122, 41.97496, 0.0 ], [ -88.207249, 41.979853, 0.0 ], [ -88.207103, 41.979851, 0.0 ], [ -88.207114, 41.980419, 0.0 ], [ -88.207257, 41.980416, 0.0 ], [ -88.207625, 41.992542, 0.0 ], [ -88.207483, 41.993644, 0.0 ], [ -88.207152, 41.994592, 0.0 ], [ -88.198961, 41.994636, 0.0 ], [ -88.193235, 41.993101, 0.0 ], [ -88.193178, 41.991355, 0.0 ], [ -88.192456, 41.990166, 0.0 ], [ -88.192421, 41.989176, 0.0 ], [ -88.192686, 41.988543, 0.0 ], [ -88.192642, 41.988224, 0.0 ], [ -88.192273, 41.987852, 0.0 ], [ -88.191241, 41.987736, 0.0 ], [ -88.191183, 41.987547, 0.0 ], [ -88.174102, 41.987707, 0.0 ], [ -88.174101, 41.991102, 0.0 ], [ -88.159877, 41.989342, 0.0 ], [ -88.159885, 41.98792, 0.0 ], [ -88.159578, 41.987927, 0.0 ], [ -88.159594, 41.987271, 0.0 ], [ -88.160237, 41.987259, 0.0 ], [ -88.160294, 41.980385, 0.0 ], [ -88.151947, 41.980332, 0.0 ], [ -88.151962, 41.97932, 0.0 ], [ -88.150152, 41.979304, 0.0 ], [ -88.150293, 41.973708, 0.0 ], [ -88.158006, 41.973748, 0.0 ], [ -88.158104, 41.966341, 0.0 ], [ -88.145151, 41.966476, 0.0 ], [ -88.135066, 41.967179, 0.0 ], [ -88.125839, 41.967588, 0.0 ], [ -88.125261, 41.967647, 0.0 ], [ -88.125, 41.974521, 0.0 ], [ -88.119674, 41.972071, 0.0 ], [ -88.11914, 41.972702, 0.0 ], [ -88.118845, 41.973309, 0.0 ], [ -88.118766, 41.97395, 0.0 ], [ -88.118551, 41.982463, 0.0 ], [ -88.110387, 41.982693, 0.0 ], [ -88.110237, 41.989005, 0.0 ], [ -88.109861, 41.989593, 0.0 ], [ -88.076706, 41.990903, 0.0 ], [ -88.069718, 41.99105, 0.0 ], [ -88.051072, 41.991925, 0.0 ], [ -88.049251, 41.991866, 0.0 ], [ -88.031455, 41.992535, 0.0 ], [ -88.023472, 41.992496, 0.0 ], [ -88.023835, 41.994503, 0.0 ], [ -88.024529, 41.996974, 0.0 ], [ -88.028155, 42.008415, 0.0 ], [ -88.018679, 42.008414, 0.0 ], [ -88.018738, 42.014416, 0.0 ], [ -88.003496, 42.014587, 0.0 ], [ -88.003463, 42.012011, 0.0 ], [ -88.003088, 42.011605, 0.0 ], [ -88.002321, 42.011971, 0.0 ], [ -87.998616, 42.012596, 0.0 ], [ -87.997422, 42.013053, 0.0 ], [ -87.997496, 42.013147, 0.0 ], [ -87.997316, 42.013221, 0.0 ], [ -87.996653, 42.012388, 0.0 ], [ -87.993634, 42.013617, 0.0 ], [ -87.989305, 42.013664, 0.0 ], [ -87.989311, 42.014754, 0.0 ], [ -87.985831, 42.014784, 0.0 ], [ -87.985812, 42.016602, 0.0 ], [ -87.979209, 42.015285, 0.0 ], [ -87.979182, 42.007403, 0.0 ], [ -87.978673, 41.996337, 0.0 ], [ -87.979547, 41.99288, 0.0 ], [ -87.970642, 41.993005, 0.0 ], [ -87.97036, 41.988348, 0.0 ], [ -87.970414, 41.983973, 0.0 ], [ -87.969538, 41.983891, 0.0 ], [ -87.969588, 41.978099, 0.0 ], [ -87.971548, 41.977954, 0.0 ], [ -87.970752, 41.97692, 0.0 ], [ -87.969092, 41.971639, 0.0 ], [ -87.968865, 41.971645, 0.0 ], [ -87.968871, 41.969263, 0.0 ], [ -87.976045, 41.969114, 0.0 ], [ -87.97606, 41.963088, 0.0 ], [ -87.977314, 41.963247, 0.0 ], [ -87.973179, 41.961932, 0.0 ], [ -87.969125, 41.961176, 0.0 ], [ -87.96916, 41.94956, 0.0 ], [ -87.97195, 41.94957, 0.0 ], [ -87.972104, 41.949405, 0.0 ], [ -87.972192, 41.949567, 0.0 ], [ -87.988698, 41.949209, 0.0 ], [ -87.988728, 41.94995, 0.0 ], [ -87.991708, 41.949905, 0.0 ], [ -87.992368, 41.950148, 0.0 ], [ -87.99411, 41.95011, 0.0 ], [ -87.995112, 41.949412, 0.0 ], [ -87.995017, 41.947064, 0.0 ], [ -87.995702, 41.947049, 0.0 ], [ -87.997186, 41.947704, 0.0 ], [ -87.997183, 41.948216, 0.0 ], [ -87.996891, 41.948402, 0.0 ], [ -87.996892, 41.949483, 0.0 ], [ -87.997296, 41.949483, 0.0 ], [ -87.997304, 41.949942, 0.0 ], [ -87.99753, 41.950068, 0.0 ], [ -87.997704, 41.94998, 0.0 ], [ -87.998052, 41.948621, 0.0 ], [ -87.998036, 41.947847, 0.0 ], [ -87.998398, 41.948008, 0.0 ], [ -87.998412, 41.947023, 0.0 ], [ -87.998285, 41.94681, 0.0 ], [ -88.003331, 41.949008, 0.0 ], [ -88.003368, 41.938453, 0.0 ], [ -88.027446, 41.948675, 0.0 ], [ -88.037319, 41.952571, 0.0 ], [ -88.049208, 41.954272, 0.0 ], [ -88.061698, 41.956882, 0.0 ], [ -88.061823, 41.947473, 0.0 ], [ -88.06472, 41.947735, 0.0 ], [ -88.066466, 41.947291, 0.0 ], [ -88.070245, 41.947219, 0.0 ], [ -88.070355, 41.947073, 0.0 ], [ -88.08066, 41.946864, 0.0 ], [ -88.080522, 41.943157, 0.0 ], [ -88.086181, 41.942978, 0.0 ], [ -88.086163, 41.937682, 0.0 ], [ -88.101092, 41.939017, 0.0 ], [ -88.13507, 41.939665, 0.0 ], [ -88.145424, 41.940298, 0.0 ], [ -88.145521, 41.936861, 0.0 ], [ -88.145295, 41.936092, 0.0 ], [ -88.145786, 41.935972, 0.0 ], [ -88.145474, 41.935515, 0.0 ], [ -88.145482, 41.934119, 0.0 ], [ -88.145348, 41.93409, 0.0 ], [ -88.145688, 41.933271, 0.0 ], [ -88.145456, 41.933207, 0.0 ], [ -88.145613, 41.932757, 0.0 ], [ -88.145018, 41.932592, 0.0 ], [ -88.145518, 41.931973, 0.0 ], [ -88.145199, 41.931759, 0.0 ], [ -88.145575, 41.931446, 0.0 ], [ -88.145383, 41.931318, 0.0 ], [ -88.145703, 41.93114, 0.0 ], [ -88.145579, 41.930885, 0.0 ], [ -88.14564, 41.930194, 0.0 ], [ -88.145585, 41.930074, 0.0 ], [ -88.140126, 41.930385, 0.0 ], [ -88.140158, 41.923567, 0.0 ], [ -88.138798, 41.92357, 0.0 ], [ -88.137901, 41.924439, 0.0 ], [ -88.137171, 41.924241, 0.0 ], [ -88.136524, 41.9243, 0.0 ], [ -88.132969, 41.925462, 0.0 ], [ -88.131546, 41.925355, 0.0 ], [ -88.130227, 41.924612, 0.0 ], [ -88.13099, 41.923939, 0.0 ], [ -88.130991, 41.923506, 0.0 ], [ -88.13072, 41.923517, 0.0 ], [ -88.130768, 41.920715, 0.0 ], [ -88.130302, 41.920696, 0.0 ], [ -88.130453, 41.919804, 0.0 ], [ -88.13042, 41.916159, 0.0 ], [ -88.129762, 41.916182, 0.0 ], [ -88.129774, 41.914738, 0.0 ], [ -88.127869, 41.914676, 0.0 ], [ -88.125689, 41.913985, 0.0 ], [ -88.12327, 41.914021, 0.0 ], [ -88.123274, 41.915787, 0.0 ], [ -88.123027, 41.91651, 0.0 ], [ -88.12057, 41.916412, 0.0 ], [ -88.120562, 41.901701, 0.0 ], [ -88.112677, 41.902044, 0.0 ], [ -88.112413, 41.901132, 0.0 ], [ -88.110216, 41.901142, 0.0 ], [ -88.110123, 41.901985, 0.0 ], [ -88.106969, 41.902087, 0.0 ], [ -88.106913, 41.902452, 0.0 ], [ -88.103954, 41.902112, 0.0 ], [ -88.101807, 41.902057, 0.0 ], [ -88.10196, 41.898433, 0.0 ], [ -88.096443, 41.898066, 0.0 ], [ -88.096446, 41.897836, 0.0 ], [ -88.082221, 41.896539, 0.0 ], [ -88.082235, 41.888889, 0.0 ], [ -88.084174, 41.888791, 0.0 ], [ -88.084157, 41.885609, 0.0 ], [ -88.083658, 41.884814, 0.0 ], [ -88.082669, 41.884325, 0.0 ], [ -88.082324, 41.88384, 0.0 ], [ -88.082319, 41.87827, 0.0 ], [ -88.080453, 41.87836, 0.0 ], [ -88.080438, 41.875548, 0.0 ], [ -88.082695, 41.874252, 0.0 ], [ -88.088719, 41.869406, 0.0 ], [ -88.088305, 41.869498, 0.0 ], [ -88.089969, 41.868538, 0.0 ], [ -88.092004, 41.867695, 0.0 ], [ -88.092004, 41.867165, 0.0 ], [ -88.101159, 41.8652, 0.0 ], [ -88.101177, 41.865723, 0.0 ], [ -88.103047, 41.865348, 0.0 ], [ -88.103071, 41.864881, 0.0 ], [ -88.10176, 41.851516, 0.0 ], [ -88.100172, 41.851542, 0.0 ], [ -88.100181, 41.851814, 0.0 ], [ -88.099496, 41.851819, 0.0 ], [ -88.099486, 41.851544, 0.0 ], [ -88.09196, 41.851641, 0.0 ], [ -88.091938, 41.846205, 0.0 ], [ -88.091606, 41.846077, 0.0 ], [ -88.092132, 41.845446, 0.0 ], [ -88.091662, 41.845237, 0.0 ], [ -88.091618, 41.844301, 0.0 ], [ -88.087343, 41.844395, 0.0 ], [ -88.088013, 41.837799, 0.0 ], [ -88.087403, 41.836587, 0.0 ], [ -88.086452, 41.836602, 0.0 ], [ -88.086426, 41.835685, 0.0 ], [ -88.08734, 41.835671, 0.0 ], [ -88.087349, 41.833166, 0.0 ], [ -88.087713, 41.833067, 0.0 ], [ -88.087413, 41.832347, 0.0 ], [ -88.087283, 41.83042, 0.0 ], [ -88.087089, 41.829793, 0.0 ], [ -88.087384, 41.826927, 0.0 ], [ -88.087389, 41.82234, 0.0 ], [ -88.087099, 41.822335, 0.0 ], [ -88.08706, 41.815035, 0.0 ], [ -88.080557, 41.815034, 0.0 ], [ -88.080462, 41.813861, 0.0 ], [ -88.079999, 41.813799, 0.0 ], [ -88.079878, 41.813368, 0.0 ], [ -88.079513, 41.813339, 0.0 ], [ -88.079239, 41.813574, 0.0 ], [ -88.07895, 41.813447, 0.0 ], [ -88.080649, 41.811083, 0.0 ], [ -88.081084, 41.807794, 0.0 ], [ -88.081719, 41.807525, 0.0 ], [ -88.081236, 41.807536, 0.0 ], [ -88.08352, 41.806475, 0.0 ], [ -88.085106, 41.806018, 0.0 ], [ -88.08716, 41.805693, 0.0 ], [ -88.099361, 41.805812, 0.0 ], [ -88.099303, 41.805362, 0.0 ], [ -88.101165, 41.805393, 0.0 ], [ -88.101197, 41.806084, 0.0 ], [ -88.11254, 41.806243, 0.0 ], [ -88.112574, 41.80604, 0.0 ], [ -88.11108, 41.805994, 0.0 ], [ -88.110851, 41.799626, 0.0 ], [ -88.110269, 41.796443, 0.0 ], [ -88.11305, 41.796313, 0.0 ], [ -88.113058, 41.795919, 0.0 ], [ -88.113444, 41.795571, 0.0 ], [ -88.124678, 41.787143, 0.0 ], [ -88.127255, 41.785539, 0.0 ], [ -88.129066, 41.784121, 0.0 ], [ -88.129268, 41.784744, 0.0 ], [ -88.129318, 41.785704, 0.0 ], [ -88.136408, 41.785784, 0.0 ], [ -88.136709, 41.785812, 0.0 ], [ -88.136682, 41.785938, 0.0 ], [ -88.137466, 41.785803, 0.0 ], [ -88.147572, 41.785724, 0.0 ], [ -88.16037, 41.785874, 0.0 ], [ -88.162901, 41.78546, 0.0 ], [ -88.179482, 41.780691, 0.0 ], [ -88.181906, 41.784066, 0.0 ] ] ] } },
{ "type": "Feature", "properties": { "OID_": 0, "DISTRICT": "25", "STA": "IL", "ST": "17", "LABEL": "25", "DIST_NAME": "State Senate District 25", "TYPE": "State Legislature - Upper Chamber", "TYPE_ABB": "Leg_Upper", "ELECT_YEAR": "Enacted" }, "geometry": { "type": "Polygon", "coordinates": [ [ [ -88.426376, 41.659398, 0.0 ], [ -88.427276, 41.660245, 0.0 ], [ -88.4281, 41.663081, 0.0 ], [ -88.4281, 41.666235, 0.0 ], [ -88.424074, 41.668804, 0.0 ], [ -88.427106, 41.671538, 0.0 ], [ -88.416223, 41.677223, 0.0 ], [ -88.410831, 41.679741, 0.0 ], [ -88.412946, 41.681698, 0.0 ], [ -88.416626, 41.683988, 0.0 ], [ -88.418076, 41.684528, 0.0 ], [ -88.420948, 41.684927, 0.0 ], [ -88.420476, 41.688645, 0.0 ], [ -88.445866, 41.682938, 0.0 ], [ -88.447336, 41.687388, 0.0 ], [ -88.447956, 41.689998, 0.0 ], [ -88.448186, 41.692328, 0.0 ], [ -88.448426, 41.701398, 0.0 ], [ -88.448316, 41.702248, 0.0 ], [ -88.447846, 41.703468, 0.0 ], [ -88.445736, 41.706058, 0.0 ], [ -88.445226, 41.707238, 0.0 ], [ -88.445116, 41.715888, 0.0 ], [ -88.444786, 41.718128, 0.0 ], [ -88.443602, 41.722961, 0.0 ], [ -88.443522, 41.727293, 0.0 ], [ -88.438635, 41.726259, 0.0 ], [ -88.433779, 41.726684, 0.0 ], [ -88.431893, 41.727227, 0.0 ], [ -88.426277, 41.729727, 0.0 ], [ -88.420881, 41.731617, 0.0 ], [ -88.396599, 41.737689, 0.0 ], [ -88.387987, 41.73943, 0.0 ], [ -88.385269, 41.740228, 0.0 ], [ -88.386482, 41.742133, 0.0 ], [ -88.387296, 41.742948, 0.0 ], [ -88.388758, 41.745906, 0.0 ], [ -88.390482, 41.748139, 0.0 ], [ -88.394918, 41.748562, 0.0 ], [ -88.394914, 41.747847, 0.0 ], [ -88.399037, 41.747784, 0.0 ], [ -88.399068, 41.751395, 0.0 ], [ -88.399877, 41.751383, 0.0 ], [ -88.404723, 41.752579, 0.0 ], [ -88.408128, 41.754658, 0.0 ], [ -88.408375, 41.755053, 0.0 ], [ -88.406489, 41.76829, 0.0 ], [ -88.414938, 41.769311, 0.0 ], [ -88.414895, 41.77038, 0.0 ], [ -88.413152, 41.772438, 0.0 ], [ -88.412234, 41.774172, 0.0 ], [ -88.407241, 41.788429, 0.0 ], [ -88.406517, 41.789746, 0.0 ], [ -88.405471, 41.79099, 0.0 ], [ -88.404293, 41.792007, 0.0 ], [ -88.403247, 41.792695, 0.0 ], [ -88.401359, 41.7936, 0.0 ], [ -88.401482, 41.79378, 0.0 ], [ -88.396617, 41.795597, 0.0 ], [ -88.395479, 41.795813, 0.0 ], [ -88.395459, 41.79963, 0.0 ], [ -88.395291, 41.800366, 0.0 ], [ -88.395434, 41.800641, 0.0 ], [ -88.395417, 41.805419, 0.0 ], [ -88.395695, 41.8061, 0.0 ], [ -88.396389, 41.806566, 0.0 ], [ -88.398984, 41.8073, 0.0 ], [ -88.401546, 41.808634, 0.0 ], [ -88.402184, 41.809188, 0.0 ], [ -88.402502, 41.809851, 0.0 ], [ -88.404385, 41.809836, 0.0 ], [ -88.404426, 41.813282, 0.0 ], [ -88.402912, 41.813296, 0.0 ], [ -88.40299, 41.821181, 0.0 ], [ -88.402645, 41.822484, 0.0 ], [ -88.402178, 41.823456, 0.0 ], [ -88.401671, 41.824105, 0.0 ], [ -88.397655, 41.827993, 0.0 ], [ -88.395827, 41.827636, 0.0 ], [ -88.388218, 41.828214, 0.0 ], [ -88.383748, 41.826136, 0.0 ], [ -88.376027, 41.824476, 0.0 ], [ -88.376038, 41.831919, 0.0 ], [ -88.375593, 41.851383, 0.0 ], [ -88.375591, 41.851974, 0.0 ], [ -88.37573, 41.851971, 0.0 ], [ -88.375565, 41.864463, 0.0 ], [ -88.372936, 41.865263, 0.0 ], [ -88.371267, 41.865491, 0.0 ], [ -88.37121, 41.86582, 0.0 ], [ -88.370697, 41.866147, 0.0 ], [ -88.34898, 41.87719, 0.0 ], [ -88.346657, 41.878316, 0.0 ], [ -88.345061, 41.878589, 0.0 ], [ -88.34484, 41.879278, 0.0 ], [ -88.341203, 41.88115, 0.0 ], [ -88.341213, 41.881322, 0.0 ], [ -88.340408, 41.881715, 0.0 ], [ -88.340397, 41.89773, 0.0 ], [ -88.359481, 41.897387, 0.0 ], [ -88.359305, 41.904078, 0.0 ], [ -88.360012, 41.907738, 0.0 ], [ -88.360168, 41.91355, 0.0 ], [ -88.350593, 41.913186, 0.0 ], [ -88.349307, 41.91332, 0.0 ], [ -88.347834, 41.913012, 0.0 ], [ -88.339997, 41.912642, 0.0 ], [ -88.339998, 41.917345, 0.0 ], [ -88.314941, 41.916893, 0.0 ], [ -88.314914, 41.916708, 0.0 ], [ -88.314314, 41.916377, 0.0 ], [ -88.314348, 41.915729, 0.0 ], [ -88.31345, 41.914513, 0.0 ], [ -88.313527, 41.914251, 0.0 ], [ -88.313229, 41.913727, 0.0 ], [ -88.313557, 41.913678, 0.0 ], [ -88.312363, 41.911979, 0.0 ], [ -88.308702, 41.908214, 0.0 ], [ -88.306319, 41.9061, 0.0 ], [ -88.30471, 41.903784, 0.0 ], [ -88.30349, 41.900977, 0.0 ], [ -88.302927, 41.898256, 0.0 ], [ -88.303373, 41.898258, 0.0 ], [ -88.30278, 41.896534, 0.0 ], [ -88.302531, 41.894459, 0.0 ], [ -88.302634, 41.893634, 0.0 ], [ -88.302503, 41.89158, 0.0 ], [ -88.302701, 41.890774, 0.0 ], [ -88.302742, 41.889364, 0.0 ], [ -88.303035, 41.888613, 0.0 ], [ -88.302901, 41.888513, 0.0 ], [ -88.303036, 41.888084, 0.0 ], [ -88.302891, 41.88743, 0.0 ], [ -88.303857, 41.881759, 0.0 ], [ -88.304928, 41.879141, 0.0 ], [ -88.30736, 41.875562, 0.0 ], [ -88.308044, 41.873543, 0.0 ], [ -88.308853, 41.869882, 0.0 ], [ -88.309747, 41.868041, 0.0 ], [ -88.310325, 41.865319, 0.0 ], [ -88.310209, 41.865053, 0.0 ], [ -88.310156, 41.860046, 0.0 ], [ -88.310416, 41.857835, 0.0 ], [ -88.310218, 41.856058, 0.0 ], [ -88.310813, 41.856021, 0.0 ], [ -88.310886, 41.856236, 0.0 ], [ -88.310751, 41.856612, 0.0 ], [ -88.310904, 41.857327, 0.0 ], [ -88.310739, 41.857979, 0.0 ], [ -88.311132, 41.859187, 0.0 ], [ -88.311167, 41.860023, 0.0 ], [ -88.327609, 41.859909, 0.0 ], [ -88.328095, 41.85565, 0.0 ], [ -88.327482, 41.855422, 0.0 ], [ -88.327342, 41.854503, 0.0 ], [ -88.328318, 41.854005, 0.0 ], [ -88.327768, 41.853469, 0.0 ], [ -88.327081, 41.853171, 0.0 ], [ -88.327421, 41.852705, 0.0 ], [ -88.326071, 41.852152, 0.0 ], [ -88.321696, 41.852155, 0.0 ], [ -88.321664, 41.849861, 0.0 ], [ -88.340159, 41.849749, 0.0 ], [ -88.340092, 41.835426, 0.0 ], [ -88.340315, 41.818049, 0.0 ], [ -88.340482, 41.816598, 0.0 ], [ -88.340412, 41.810561, 0.0 ], [ -88.347308, 41.810226, 0.0 ], [ -88.355245, 41.810314, 0.0 ], [ -88.376113, 41.809896, 0.0 ], [ -88.375845, 41.801983, 0.0 ], [ -88.375397, 41.797352, 0.0 ], [ -88.375485, 41.780925, 0.0 ], [ -88.375742, 41.777089, 0.0 ], [ -88.375707, 41.765289, 0.0 ], [ -88.370315, 41.764807, 0.0 ], [ -88.370363, 41.767595, 0.0 ], [ -88.370231, 41.767964, 0.0 ], [ -88.367929, 41.770553, 0.0 ], [ -88.36742, 41.771663, 0.0 ], [ -88.366729, 41.771453, 0.0 ], [ -88.364317, 41.770221, 0.0 ], [ -88.363396, 41.770025, 0.0 ], [ -88.34976, 41.770181, 0.0 ], [ -88.349739, 41.76662, 0.0 ], [ -88.336827, 41.766845, 0.0 ], [ -88.336744, 41.765841, 0.0 ], [ -88.336958, 41.764995, 0.0 ], [ -88.330349, 41.764405, 0.0 ], [ -88.330495, 41.763618, 0.0 ], [ -88.32935, 41.763509, 0.0 ], [ -88.329898, 41.760124, 0.0 ], [ -88.321619, 41.759393, 0.0 ], [ -88.321644, 41.758991, 0.0 ], [ -88.321407, 41.758806, 0.0 ], [ -88.326227, 41.755766, 0.0 ], [ -88.33509, 41.748624, 0.0 ], [ -88.334028, 41.747883, 0.0 ], [ -88.335922, 41.746352, 0.0 ], [ -88.335656, 41.746171, 0.0 ], [ -88.331123, 41.744252, 0.0 ], [ -88.330444, 41.745152, 0.0 ], [ -88.329492, 41.745237, 0.0 ], [ -88.327777, 41.744545, 0.0 ], [ -88.328208, 41.743931, 0.0 ], [ -88.329447, 41.742822, 0.0 ], [ -88.329979, 41.740861, 0.0 ], [ -88.3315, 41.738012, 0.0 ], [ -88.320846, 41.738171, 0.0 ], [ -88.317346, 41.737935, 0.0 ], [ -88.317079, 41.739624, 0.0 ], [ -88.315833, 41.73951, 0.0 ], [ -88.316087, 41.737837, 0.0 ], [ -88.312953, 41.737603, 0.0 ], [ -88.31275, 41.739275, 0.0 ], [ -88.311092, 41.739126, 0.0 ], [ -88.310883, 41.740618, 0.0 ], [ -88.306851, 41.740275, 0.0 ], [ -88.307095, 41.738752, 0.0 ], [ -88.301521, 41.738234, 0.0 ], [ -88.301319, 41.739792, 0.0 ], [ -88.300798, 41.741673, 0.0 ], [ -88.300702, 41.743498, 0.0 ], [ -88.295857, 41.743007, 0.0 ], [ -88.294229, 41.743043, 0.0 ], [ -88.294245, 41.743992, 0.0 ], [ -88.290655, 41.744059, 0.0 ], [ -88.291085, 41.74496, 0.0 ], [ -88.291252, 41.75811, 0.0 ], [ -88.286456, 41.757881, 0.0 ], [ -88.286455, 41.760603, 0.0 ], [ -88.276717, 41.760788, 0.0 ], [ -88.276721, 41.76014, 0.0 ], [ -88.276291, 41.760152, 0.0 ], [ -88.276234, 41.759073, 0.0 ], [ -88.27528, 41.759089, 0.0 ], [ -88.275285, 41.757791, 0.0 ], [ -88.271299, 41.759018, 0.0 ], [ -88.271308, 41.759631, 0.0 ], [ -88.271822, 41.759614, 0.0 ], [ -88.271879, 41.763405, 0.0 ], [ -88.271009, 41.763764, 0.0 ], [ -88.262179, 41.764676, 0.0 ], [ -88.262267, 41.771294, 0.0 ], [ -88.247566, 41.773466, 0.0 ], [ -88.244161, 41.774399, 0.0 ], [ -88.242318, 41.774701, 0.0 ], [ -88.242296, 41.77514, 0.0 ], [ -88.232037, 41.776665, 0.0 ], [ -88.23167, 41.781476, 0.0 ], [ -88.205755, 41.781389, 0.0 ], [ -88.205889, 41.770227, 0.0 ], [ -88.20436, 41.770173, 0.0 ], [ -88.201896, 41.769307, 0.0 ], [ -88.195972, 41.769342, 0.0 ], [ -88.196043, 41.763265, 0.0 ], [ -88.195737, 41.761235, 0.0 ], [ -88.196684, 41.759229, 0.0 ], [ -88.196773, 41.758723, 0.0 ], [ -88.196597, 41.757888, 0.0 ], [ -88.195868, 41.756574, 0.0 ], [ -88.206065, 41.753266, 0.0 ], [ -88.206174, 41.739822, 0.0 ], [ -88.205903, 41.739708, 0.0 ], [ -88.206004, 41.732583, 0.0 ], [ -88.206209, 41.732579, 0.0 ], [ -88.206304, 41.725259, 0.0 ], [ -88.200116, 41.725334, 0.0 ], [ -88.199807, 41.724636, 0.0 ], [ -88.198869, 41.723954, 0.0 ], [ -88.198636, 41.723538, 0.0 ], [ -88.198511, 41.722607, 0.0 ], [ -88.197316, 41.721328, 0.0 ], [ -88.197074, 41.719981, 0.0 ], [ -88.1962, 41.71811, 0.0 ], [ -88.196001, 41.714731, 0.0 ], [ -88.194593, 41.71334, 0.0 ], [ -88.194418, 41.709889, 0.0 ], [ -88.205919, 41.709791, 0.0 ], [ -88.205807, 41.705561, 0.0 ], [ -88.211996, 41.705484, 0.0 ], [ -88.212208, 41.708091, 0.0 ], [ -88.213883, 41.708071, 0.0 ], [ -88.213709, 41.705929, 0.0 ], [ -88.213801, 41.705414, 0.0 ], [ -88.213924, 41.705045, 0.0 ], [ -88.214856, 41.705104, 0.0 ], [ -88.214713, 41.695078, 0.0 ], [ -88.234418, 41.694748, 0.0 ], [ -88.234724, 41.703656, 0.0 ], [ -88.237954, 41.701789, 0.0 ], [ -88.242728, 41.699851, 0.0 ], [ -88.253886, 41.697278, 0.0 ], [ -88.261466, 41.695718, 0.0 ], [ -88.273836, 41.693978, 0.0 ], [ -88.306898, 41.690983, 0.0 ], [ -88.306926, 41.692024, 0.0 ], [ -88.309213, 41.691975, 0.0 ], [ -88.309215, 41.690755, 0.0 ], [ -88.314046, 41.690368, 0.0 ], [ -88.314226, 41.697558, 0.0 ], [ -88.314596, 41.698368, 0.0 ], [ -88.315886, 41.699678, 0.0 ], [ -88.325296, 41.694508, 0.0 ], [ -88.326956, 41.693878, 0.0 ], [ -88.334356, 41.691948, 0.0 ], [ -88.336006, 41.691168, 0.0 ], [ -88.336556, 41.690718, 0.0 ], [ -88.338996, 41.687818, 0.0 ], [ -88.346236, 41.678838, 0.0 ], [ -88.348496, 41.677148, 0.0 ], [ -88.350913, 41.676008, 0.0 ], [ -88.352533, 41.675513, 0.0 ], [ -88.355336, 41.675078, 0.0 ], [ -88.361586, 41.675298, 0.0 ], [ -88.364753, 41.675132, 0.0 ], [ -88.376711, 41.672234, 0.0 ], [ -88.376686, 41.672128, 0.0 ], [ -88.376746, 41.672225, 0.0 ], [ -88.377564, 41.672029, 0.0 ], [ -88.377566, 41.673928, 0.0 ], [ -88.377972, 41.675397, 0.0 ], [ -88.377796, 41.675397, 0.0 ], [ -88.377999, 41.675662, 0.0 ], [ -88.379381, 41.675565, 0.0 ], [ -88.379486, 41.675858, 0.0 ], [ -88.381827, 41.675473, 0.0 ], [ -88.384333, 41.675566, 0.0 ], [ -88.384796, 41.675799, 0.0 ], [ -88.384827, 41.676006, 0.0 ], [ -88.384116, 41.676577, 0.0 ], [ -88.384889, 41.676452, 0.0 ], [ -88.388936, 41.676471, 0.0 ], [ -88.393708, 41.675236, 0.0 ], [ -88.395945, 41.673881, 0.0 ], [ -88.397686, 41.673225, 0.0 ], [ -88.400473, 41.671568, 0.0 ], [ -88.402771, 41.669781, 0.0 ], [ -88.403749, 41.668614, 0.0 ], [ -88.406276, 41.668218, 0.0 ], [ -88.406446, 41.668708, 0.0 ], [ -88.407106, 41.669388, 0.0 ], [ -88.426376, 41.659398, 0.0 ] ] ] } },
{ "type": "Feature", "properties": { "OID_": 0, "DISTRICT": "26", "STA": "IL", "ST": "17", "LABEL": "26", "DIST_NAME": "State Senate District 26", "TYPE": "State Legislature - Upper Chamber", "TYPE_ABB": "Leg_Upper", "ELECT_YEAR": "Enacted" }, "geometry": { "type": "Polygon", "coordinates": [ [ [ -88.235134, 42.066934, 0.0 ], [ -88.238192, 42.066993, 0.0 ], [ -88.238352, 42.132296, 0.0 ], [ -88.243641, 42.132339, 0.0 ], [ -88.24319, 42.13242, 0.0 ], [ -88.243285, 42.135918, 0.0 ], [ -88.248053, 42.135996, 0.0 ], [ -88.248065, 42.13965, 0.0 ], [ -88.256764, 42.139594, 0.0 ], [ -88.257119, 42.139484, 0.0 ], [ -88.257106, 42.139122, 0.0 ], [ -88.257622, 42.139118, 0.0 ], [ -88.257635, 42.139473, 0.0 ], [ -88.257802, 42.139491, 0.0 ], [ -88.257548, 42.146666, 0.0 ], [ -88.257695, 42.154081, 0.0 ], [ -88.260865, 42.154028, 0.0 ], [ -88.265158, 42.153675, 0.0 ], [ -88.27729, 42.153979, 0.0 ], [ -88.286496, 42.153731, 0.0 ], [ -88.297022, 42.153945, 0.0 ], [ -88.315206, 42.153832, 0.0 ], [ -88.316271, 42.15385, 0.0 ], [ -88.316262, 42.154564, 0.0 ], [ -88.31669, 42.153852, 0.0 ], [ -88.332628, 42.15393, 0.0 ], [ -88.332594, 42.155239, 0.0 ], [ -88.333343, 42.15549, 0.0 ], [ -88.334233, 42.15556, 0.0 ], [ -88.334244, 42.155803, 0.0 ], [ -88.335835, 42.155807, 0.0 ], [ -88.335617, 42.161243, 0.0 ], [ -88.334411, 42.161329, 0.0 ], [ -88.331514, 42.163331, 0.0 ], [ -88.328764, 42.164281, 0.0 ], [ -88.324388, 42.164485, 0.0 ], [ -88.322892, 42.164963, 0.0 ], [ -88.320576, 42.165148, 0.0 ], [ -88.318629, 42.165882, 0.0 ], [ -88.317054, 42.167168, 0.0 ], [ -88.315969, 42.167281, 0.0 ], [ -88.315907, 42.174574, 0.0 ], [ -88.31626, 42.175967, 0.0 ], [ -88.316417, 42.177633, 0.0 ], [ -88.316858, 42.17859, 0.0 ], [ -88.316422, 42.179616, 0.0 ], [ -88.317442, 42.18113, 0.0 ], [ -88.317842, 42.182871, 0.0 ], [ -88.316331, 42.182821, 0.0 ], [ -88.316326, 42.183086, 0.0 ], [ -88.315557, 42.183089, 0.0 ], [ -88.315447, 42.188589, 0.0 ], [ -88.315559, 42.190073, 0.0 ], [ -88.325747, 42.190287, 0.0 ], [ -88.325707, 42.196228, 0.0 ], [ -88.325407, 42.196222, 0.0 ], [ -88.32541, 42.204495, 0.0 ], [ -88.325714, 42.204495, 0.0 ], [ -88.32572, 42.211291, 0.0 ], [ -88.320426, 42.211353, 0.0 ], [ -88.315721, 42.211645, 0.0 ], [ -88.315789, 42.213945, 0.0 ], [ -88.316553, 42.216031, 0.0 ], [ -88.316375, 42.216645, 0.0 ], [ -88.315635, 42.217966, 0.0 ], [ -88.315796, 42.226227, 0.0 ], [ -88.314464, 42.226219, 0.0 ], [ -88.314432, 42.223099, 0.0 ], [ -88.310954, 42.223078, 0.0 ], [ -88.310911, 42.224067, 0.0 ], [ -88.311135, 42.226195, 0.0 ], [ -88.296288, 42.226148, 0.0 ], [ -88.296274, 42.233182, 0.0 ], [ -88.291155, 42.230528, 0.0 ], [ -88.287926, 42.229243, 0.0 ], [ -88.287956, 42.22948, 0.0 ], [ -88.287814, 42.229425, 0.0 ], [ -88.287788, 42.22919, 0.0 ], [ -88.282724, 42.227262, 0.0 ], [ -88.282763, 42.22705, 0.0 ], [ -88.280198, 42.22609, 0.0 ], [ -88.276796, 42.226113, 0.0 ], [ -88.276734, 42.226698, 0.0 ], [ -88.266452, 42.226688, 0.0 ], [ -88.26642, 42.229871, 0.0 ], [ -88.262072, 42.229904, 0.0 ], [ -88.261941, 42.238863, 0.0 ], [ -88.262042, 42.241552, 0.0 ], [ -88.252776, 42.241554, 0.0 ], [ -88.252743, 42.24345, 0.0 ], [ -88.251823, 42.244616, 0.0 ], [ -88.250772, 42.245137, 0.0 ], [ -88.250461, 42.245986, 0.0 ], [ -88.250412, 42.252488, 0.0 ], [ -88.257343, 42.252455, 0.0 ], [ -88.25741, 42.263501, 0.0 ], [ -88.257788, 42.274244, 0.0 ], [ -88.249726, 42.27413, 0.0 ], [ -88.242383, 42.276359, 0.0 ], [ -88.23842, 42.277122, 0.0 ], [ -88.236932, 42.277927, 0.0 ], [ -88.22934, 42.277977, 0.0 ], [ -88.228466, 42.278724, 0.0 ], [ -88.226797, 42.279738, 0.0 ], [ -88.227449, 42.280704, 0.0 ], [ -88.228533, 42.283339, 0.0 ], [ -88.228668, 42.285061, 0.0 ], [ -88.228075, 42.285034, 0.0 ], [ -88.228077, 42.283829, 0.0 ], [ -88.227788, 42.282128, 0.0 ], [ -88.226525, 42.279899, 0.0 ], [ -88.224049, 42.281193, 0.0 ], [ -88.221016, 42.28192, 0.0 ], [ -88.210868, 42.282355, 0.0 ], [ -88.209808, 42.282303, 0.0 ], [ -88.208539, 42.281937, 0.0 ], [ -88.207141, 42.280969, 0.0 ], [ -88.200932, 42.273484, 0.0 ], [ -88.199835, 42.272731, 0.0 ], [ -88.198468, 42.272293, 0.0 ], [ -88.198491, 42.274442, 0.0 ], [ -88.197594, 42.274438, 0.0 ], [ -88.196687, 42.274116, 0.0 ], [ -88.195688, 42.274018, 0.0 ], [ -88.19333, 42.27455, 0.0 ], [ -88.191233, 42.274554, 0.0 ], [ -88.191227, 42.273737, 0.0 ], [ -88.188339, 42.27379, 0.0 ], [ -88.187005, 42.273937, 0.0 ], [ -88.1856, 42.274377, 0.0 ], [ -88.185012, 42.274318, 0.0 ], [ -88.183936, 42.274509, 0.0 ], [ -88.18397, 42.27769, 0.0 ], [ -88.135225, 42.277493, 0.0 ], [ -88.135299, 42.298491, 0.0 ], [ -88.132187, 42.296523, 0.0 ], [ -88.130588, 42.295903, 0.0 ], [ -88.127615, 42.295128, 0.0 ], [ -88.127168, 42.295953, 0.0 ], [ -88.126533, 42.295804, 0.0 ], [ -88.125764, 42.296439, 0.0 ], [ -88.123919, 42.297238, 0.0 ], [ -88.120565, 42.297699, 0.0 ], [ -88.120569, 42.305963, 0.0 ], [ -88.118823, 42.306486, 0.0 ], [ -88.112774, 42.306198, 0.0 ], [ -88.108957, 42.306246, 0.0 ], [ -88.104681, 42.305351, 0.0 ], [ -88.102399, 42.305178, 0.0 ], [ -88.098303, 42.305151, 0.0 ], [ -88.090259, 42.303212, 0.0 ], [ -88.082081, 42.305431, 0.0 ], [ -88.077544, 42.304319, 0.0 ], [ -88.076382, 42.303425, 0.0 ], [ -88.076639, 42.303269, 0.0 ], [ -88.076363, 42.303012, 0.0 ], [ -88.073017, 42.30553, 0.0 ], [ -88.07221, 42.305928, 0.0 ], [ -88.070765, 42.306241, 0.0 ], [ -88.068808, 42.306282, 0.0 ], [ -88.068801, 42.306112, 0.0 ], [ -88.065422, 42.306216, 0.0 ], [ -88.043208, 42.306132, 0.0 ], [ -88.043229, 42.298819, 0.0 ], [ -88.038173, 42.298943, 0.0 ], [ -88.032527, 42.299835, 0.0 ], [ -88.032293, 42.300247, 0.0 ], [ -88.018016, 42.299196, 0.0 ], [ -88.009162, 42.298178, 0.0 ], [ -88.009131, 42.297068, 0.0 ], [ -88.007106, 42.297063, 0.0 ], [ -88.007093, 42.296625, 0.0 ], [ -88.005047, 42.296618, 0.0 ], [ -88.005021, 42.296184, 0.0 ], [ -88.004231, 42.296179, 0.0 ], [ -88.004335, 42.311305, 0.0 ], [ -88.004562, 42.32058, 0.0 ], [ -87.974913, 42.320625, 0.0 ], [ -87.960732, 42.320474, 0.0 ], [ -87.961607, 42.31863, 0.0 ], [ -87.963628, 42.312759, 0.0 ], [ -87.963728, 42.311689, 0.0 ], [ -87.963527, 42.31071, 0.0 ], [ -87.963051, 42.309612, 0.0 ], [ -87.960098, 42.305948, 0.0 ], [ -87.972494, 42.30611, 0.0 ], [ -87.972496, 42.30597, 0.0 ], [ -87.973723, 42.305976, 0.0 ], [ -87.973751, 42.30159, 0.0 ], [ -87.973909, 42.300829, 0.0 ], [ -87.971904, 42.300853, 0.0 ], [ -87.971942, 42.29875, 0.0 ], [ -87.969453, 42.298736, 0.0 ], [ -87.969415, 42.298519, 0.0 ], [ -87.968975, 42.298148, 0.0 ], [ -87.969078, 42.297774, 0.0 ], [ -87.968177, 42.297288, 0.0 ], [ -87.968226, 42.296992, 0.0 ], [ -87.967843, 42.296755, 0.0 ], [ -87.966925, 42.295564, 0.0 ], [ -87.966888, 42.295265, 0.0 ], [ -87.966191, 42.294515, 0.0 ], [ -87.966662, 42.293226, 0.0 ], [ -87.966663, 42.292323, 0.0 ], [ -87.966333, 42.292114, 0.0 ], [ -87.965327, 42.292318, 0.0 ], [ -87.965464, 42.291363, 0.0 ], [ -87.965149, 42.291303, 0.0 ], [ -87.965063, 42.291095, 0.0 ], [ -87.965181, 42.290674, 0.0 ], [ -87.965469, 42.290416, 0.0 ], [ -87.965123, 42.289786, 0.0 ], [ -87.963803, 42.289506, 0.0 ], [ -87.962598, 42.288913, 0.0 ], [ -87.962219, 42.288607, 0.0 ], [ -87.962259, 42.288186, 0.0 ], [ -87.9621, 42.288123, 0.0 ], [ -87.962317, 42.288125, 0.0 ], [ -87.963316, 42.287437, 0.0 ], [ -87.970257, 42.286636, 0.0 ], [ -87.970147, 42.28664, 0.0 ], [ -87.971177, 42.285725, 0.0 ], [ -87.971555, 42.285014, 0.0 ], [ -87.972475, 42.284327, 0.0 ], [ -87.972622, 42.282244, 0.0 ], [ -87.971867, 42.282313, 0.0 ], [ -87.970337, 42.28296, 0.0 ], [ -87.970006, 42.283246, 0.0 ], [ -87.969467, 42.282789, 0.0 ], [ -87.969478, 42.272436, 0.0 ], [ -87.969091, 42.27233, 0.0 ], [ -87.969131, 42.269989, 0.0 ], [ -87.969328, 42.269653, 0.0 ], [ -87.983883, 42.269681, 0.0 ], [ -87.983797, 42.276289, 0.0 ], [ -87.986157, 42.274893, 0.0 ], [ -87.987267, 42.274414, 0.0 ], [ -87.994508, 42.272425, 0.0 ], [ -87.995971, 42.272239, 0.0 ], [ -87.997066, 42.272351, 0.0 ], [ -87.999364, 42.272972, 0.0 ], [ -88.005704, 42.274016, 0.0 ], [ -88.0096, 42.274487, 0.0 ], [ -88.017247, 42.275017, 0.0 ], [ -88.026649, 42.276657, 0.0 ], [ -88.028232, 42.269837, 0.0 ], [ -88.031852, 42.269775, 0.0 ], [ -88.033686, 42.269137, 0.0 ], [ -88.028678, 42.263529, 0.0 ], [ -88.028245, 42.248376, 0.0 ], [ -88.023972, 42.252367, 0.0 ], [ -88.020416, 42.254732, 0.0 ], [ -88.01643, 42.249224, 0.0 ], [ -88.014799, 42.24751, 0.0 ], [ -88.013667, 42.246605, 0.0 ], [ -88.013854, 42.243562, 0.0 ], [ -88.013749, 42.241683, 0.0 ], [ -88.01241, 42.241837, 0.0 ], [ -88.012412, 42.241644, 0.0 ], [ -88.004282, 42.242805, 0.0 ], [ -88.004182, 42.24154, 0.0 ], [ -88.004299, 42.239882, 0.0 ], [ -88.002593, 42.239879, 0.0 ], [ -88.002601, 42.238524, 0.0 ], [ -88.001303, 42.238523, 0.0 ], [ -88.001301, 42.238794, 0.0 ], [ -87.999531, 42.237905, 0.0 ], [ -87.998715, 42.238756, 0.0 ], [ -87.99793, 42.238351, 0.0 ], [ -87.998742, 42.237499, 0.0 ], [ -87.998347, 42.237296, 0.0 ], [ -87.997535, 42.238147, 0.0 ], [ -87.996353, 42.237532, 0.0 ], [ -87.997162, 42.236687, 0.0 ], [ -87.996373, 42.236282, 0.0 ], [ -87.995558, 42.237126, 0.0 ], [ -87.994867, 42.236777, 0.0 ], [ -87.994904, 42.235479, 0.0 ], [ -87.994162, 42.235474, 0.0 ], [ -87.994257, 42.213184, 0.0 ], [ -87.993582, 42.211407, 0.0 ], [ -87.990609, 42.207352, 0.0 ], [ -87.989875, 42.205854, 0.0 ], [ -87.989553, 42.203906, 0.0 ], [ -87.989594, 42.197216, 0.0 ], [ -87.9894, 42.197217, 0.0 ], [ -87.989344, 42.204075, 0.0 ], [ -87.989855, 42.20629, 0.0 ], [ -87.988479, 42.206402, 0.0 ], [ -87.9864, 42.206209, 0.0 ], [ -87.985203, 42.204261, 0.0 ], [ -87.984449, 42.203848, 0.0 ], [ -87.983388, 42.203765, 0.0 ], [ -87.979656, 42.204098, 0.0 ], [ -87.979755, 42.197212, 0.0 ], [ -87.973291, 42.197207, 0.0 ], [ -87.97337, 42.190548, 0.0 ], [ -87.974455, 42.190534, 0.0 ], [ -87.972342, 42.189069, 0.0 ], [ -87.972323, 42.188308, 0.0 ], [ -87.975657, 42.190548, 0.0 ], [ -87.978061, 42.190563, 0.0 ], [ -87.978085, 42.1877, 0.0 ], [ -87.977378, 42.187694, 0.0 ], [ -87.977379, 42.186152, 0.0 ], [ -87.976103, 42.184726, 0.0 ], [ -87.976449, 42.18473, 0.0 ], [ -87.97496, 42.183287, 0.0 ], [ -87.974969, 42.182704, 0.0 ], [ -87.976053, 42.182705, 0.0 ], [ -87.976044, 42.181328, 0.0 ], [ -87.975011, 42.181324, 0.0 ], [ -87.975026, 42.179045, 0.0 ], [ -87.984764, 42.179077, 0.0 ], [ -87.984795, 42.175453, 0.0 ], [ -87.991975, 42.175463, 0.0 ], [ -87.991652, 42.174625, 0.0 ], [ -87.990926, 42.174068, 0.0 ], [ -87.991294, 42.173835, 0.0 ], [ -87.991473, 42.173466, 0.0 ], [ -87.992178, 42.173471, 0.0 ], [ -87.993234, 42.172682, 0.0 ], [ -87.992837, 42.172509, 0.0 ], [ -87.993462, 42.172084, 0.0 ], [ -87.99298, 42.171824, 0.0 ], [ -87.993678, 42.171828, 0.0 ], [ -87.993688, 42.168188, 0.0 ], [ -87.984832, 42.16819, 0.0 ], [ -87.985, 42.153634, 0.0 ], [ -88.028631, 42.15374, 0.0 ], [ -88.032673, 42.147883, 0.0 ], [ -88.033479, 42.146346, 0.0 ], [ -88.033826, 42.144795, 0.0 ], [ -88.033871, 42.139338, 0.0 ], [ -88.049776, 42.139413, 0.0 ], [ -88.049763, 42.138839, 0.0 ], [ -88.050319, 42.138823, 0.0 ], [ -88.050321, 42.139416, 0.0 ], [ -88.054644, 42.139379, 0.0 ], [ -88.058477, 42.13848, 0.0 ], [ -88.058447, 42.138379, 0.0 ], [ -88.062993, 42.137183, 0.0 ], [ -88.062992, 42.137298, 0.0 ], [ -88.065612, 42.136902, 0.0 ], [ -88.071062, 42.136423, 0.0 ], [ -88.071061, 42.135483, 0.0 ], [ -88.071829, 42.134534, 0.0 ], [ -88.072014, 42.13399, 0.0 ], [ -88.071688, 42.132907, 0.0 ], [ -88.072146, 42.131244, 0.0 ], [ -88.071707, 42.129516, 0.0 ], [ -88.071863, 42.127515, 0.0 ], [ -88.073276, 42.12752, 0.0 ], [ -88.073272, 42.128274, 0.0 ], [ -88.074035, 42.128109, 0.0 ], [ -88.074483, 42.126837, 0.0 ], [ -88.075925, 42.125188, 0.0 ], [ -88.075166, 42.124833, 0.0 ], [ -88.075612, 42.124793, 0.0 ], [ -88.067863, 42.121334, 0.0 ], [ -88.067856, 42.121147, 0.0 ], [ -88.067842, 42.121614, 0.0 ], [ -88.043767, 42.110876, 0.0 ], [ -88.043768, 42.110366, 0.0 ], [ -88.042547, 42.110361, 0.0 ], [ -88.041962, 42.110122, 0.0 ], [ -88.020187, 42.10039, 0.0 ], [ -88.023738, 42.098507, 0.0 ], [ -88.025913, 42.096893, 0.0 ], [ -88.028138, 42.094629, 0.0 ], [ -88.029832, 42.092149, 0.0 ], [ -88.030722, 42.090045, 0.0 ], [ -88.031338, 42.087368, 0.0 ], [ -88.03137, 42.084863, 0.0 ], [ -88.03088, 42.082497, 0.0 ], [ -88.033545, 42.08365, 0.0 ], [ -88.033748, 42.083353, 0.0 ], [ -88.035011, 42.083006, 0.0 ], [ -88.034955, 42.080441, 0.0 ], [ -88.040239, 42.080464, 0.0 ], [ -88.041601, 42.079777, 0.0 ], [ -88.043895, 42.079729, 0.0 ], [ -88.043841, 42.088574, 0.0 ], [ -88.041058, 42.088573, 0.0 ], [ -88.041095, 42.089164, 0.0 ], [ -88.041657, 42.089698, 0.0 ], [ -88.04302, 42.089722, 0.0 ], [ -88.043014, 42.090314, 0.0 ], [ -88.043832, 42.090374, 0.0 ], [ -88.043809, 42.092199, 0.0 ], [ -88.050949, 42.092219, 0.0 ], [ -88.051023, 42.090836, 0.0 ], [ -88.052306, 42.089024, 0.0 ], [ -88.052281, 42.088626, 0.0 ], [ -88.054864, 42.088627, 0.0 ], [ -88.056781, 42.088356, 0.0 ], [ -88.070196, 42.085127, 0.0 ], [ -88.071558, 42.084991, 0.0 ], [ -88.07793, 42.085003, 0.0 ], [ -88.077933, 42.081518, 0.0 ], [ -88.082449, 42.081562, 0.0 ], [ -88.082612, 42.081384, 0.0 ], [ -88.080037, 42.079933, 0.0 ], [ -88.077924, 42.079062, 0.0 ], [ -88.077959, 42.068755, 0.0 ], [ -88.078213, 42.067705, 0.0 ], [ -88.078717, 42.067009, 0.0 ], [ -88.144024, 42.067134, 0.0 ], [ -88.145707, 42.067339, 0.0 ], [ -88.150481, 42.067334, 0.0 ], [ -88.160632, 42.066979, 0.0 ], [ -88.163418, 42.067232, 0.0 ], [ -88.179807, 42.067334, 0.0 ], [ -88.183587, 42.067234, 0.0 ], [ -88.184382, 42.067034, 0.0 ], [ -88.192771, 42.067435, 0.0 ], [ -88.20099, 42.067413, 0.0 ], [ -88.207012, 42.06709, 0.0 ], [ -88.210543, 42.067295, 0.0 ], [ -88.214184, 42.067038, 0.0 ], [ -88.235134, 42.066934, 0.0 ] ] ] } },
{ "type": "Feature", "properties": { "OID_": 0, "DISTRICT": "26", "STA": "IL", "ST": "17", "LABEL": "26", "DIST_NAME": "State Senate District 26", "TYPE": "State Legislature - Upper Chamber", "TYPE_ABB": "Leg_Upper", "ELECT_YEAR": "Enacted" }, "geometry": { "type": "Polygon", "coordinates": [ [ [ -87.972208, 42.286101, 0.0 ], [ -87.972313, 42.286145, 0.0 ], [ -87.972212, 42.286348, 0.0 ], [ -87.97261, 42.286364, 0.0 ], [ -87.97145, 42.286498, 0.0 ], [ -87.971565, 42.286408, 0.0 ], [ -87.972139, 42.286322, 0.0 ], [ -87.972208, 42.286101, 0.0 ] ] ] } },
{ "type": "Feature", "properties": { "OID_": 0, "DISTRICT": "26", "STA": "IL", "ST": "17", "LABEL": "26", "DIST_NAME": "State Senate District 26", "TYPE": "State Legislature - Upper Chamber", "TYPE_ABB": "Leg_Upper", "ELECT_YEAR": "Enacted" }, "geometry": { "type": "Polygon", "coordinates": [ [ [ -87.97145, 42.286498, 0.0 ], [ -87.971328, 42.286593, 0.0 ], [ -87.970257, 42.286636, 0.0 ], [ -87.97145, 42.286498, 0.0 ] ] ] } },
{ "type": "Feature", "properties": { "OID_": 0, "DISTRICT": "27", "STA": "IL", "ST": "17", "LABEL": "27", "DIST_NAME": "State Senate District 27", "TYPE": "State Legislature - Upper Chamber", "TYPE_ABB": "Leg_Upper", "ELECT_YEAR": "Enacted" }, "geometry": { "type": "Polygon", "coordinates": [ [ [ -87.959941, 42.025168, 0.0 ], [ -87.972688, 42.034654, 0.0 ], [ -87.976239, 42.036888, 0.0 ], [ -87.978951, 42.038251, 0.0 ], [ -87.979963, 42.039018, 0.0 ], [ -88.006316, 42.051183, 0.0 ], [ -88.007006, 42.051282, 0.0 ], [ -88.006545, 42.05129, 0.0 ], [ -88.010899, 42.053303, 0.0 ], [ -88.015345, 42.055053, 0.0 ], [ -88.021038, 42.056583, 0.0 ], [ -88.025108, 42.057296, 0.0 ], [ -88.028544, 42.057704, 0.0 ], [ -88.028533, 42.057874, 0.0 ], [ -88.03048, 42.058092, 0.0 ], [ -88.03048, 42.057947, 0.0 ], [ -88.079481, 42.063949, 0.0 ], [ -88.079369, 42.065968, 0.0 ], [ -88.078213, 42.067705, 0.0 ], [ -88.077981, 42.068428, 0.0 ], [ -88.077924, 42.079062, 0.0 ], [ -88.080037, 42.079933, 0.0 ], [ -88.082612, 42.081384, 0.0 ], [ -88.082449, 42.081562, 0.0 ], [ -88.077933, 42.081518, 0.0 ], [ -88.07793, 42.085003, 0.0 ], [ -88.071558, 42.084991, 0.0 ], [ -88.070196, 42.085127, 0.0 ], [ -88.056781, 42.088356, 0.0 ], [ -88.054864, 42.088627, 0.0 ], [ -88.052281, 42.088626, 0.0 ], [ -88.052306, 42.089024, 0.0 ], [ -88.051023, 42.090836, 0.0 ], [ -88.050949, 42.092219, 0.0 ], [ -88.043809, 42.092199, 0.0 ], [ -88.043832, 42.090374, 0.0 ], [ -88.043014, 42.090314, 0.0 ], [ -88.04302, 42.089722, 0.0 ], [ -88.041657, 42.089698, 0.0 ], [ -88.041095, 42.089164, 0.0 ], [ -88.041058, 42.088573, 0.0 ], [ -88.043841, 42.088574, 0.0 ], [ -88.043895, 42.079729, 0.0 ], [ -88.041601, 42.079777, 0.0 ], [ -88.040239, 42.080464, 0.0 ], [ -88.034955, 42.080441, 0.0 ], [ -88.035011, 42.083006, 0.0 ], [ -88.033748, 42.083353, 0.0 ], [ -88.033545, 42.08365, 0.0 ], [ -88.03088, 42.082497, 0.0 ], [ -88.031396, 42.085193, 0.0 ], [ -88.031212, 42.088228, 0.0 ], [ -88.030142, 42.091522, 0.0 ], [ -88.028771, 42.093803, 0.0 ], [ -88.027037, 42.095852, 0.0 ], [ -88.024855, 42.097735, 0.0 ], [ -88.022434, 42.099288, 0.0 ], [ -88.020187, 42.10039, 0.0 ], [ -88.041962, 42.110122, 0.0 ], [ -88.042547, 42.110361, 0.0 ], [ -88.043768, 42.110366, 0.0 ], [ -88.043767, 42.110876, 0.0 ], [ -88.067842, 42.121614, 0.0 ], [ -88.067856, 42.121147, 0.0 ], [ -88.067863, 42.121334, 0.0 ], [ -88.075612, 42.124793, 0.0 ], [ -88.075166, 42.124833, 0.0 ], [ -88.075925, 42.125188, 0.0 ], [ -88.074483, 42.126837, 0.0 ], [ -88.074035, 42.128109, 0.0 ], [ -88.073272, 42.128274, 0.0 ], [ -88.073276, 42.12752, 0.0 ], [ -88.071863, 42.127515, 0.0 ], [ -88.071707, 42.129516, 0.0 ], [ -88.072146, 42.131244, 0.0 ], [ -88.071688, 42.132907, 0.0 ], [ -88.072014, 42.13399, 0.0 ], [ -88.071829, 42.134534, 0.0 ], [ -88.071061, 42.135483, 0.0 ], [ -88.071062, 42.136423, 0.0 ], [ -88.065612, 42.136902, 0.0 ], [ -88.062992, 42.137298, 0.0 ], [ -88.062993, 42.137183, 0.0 ], [ -88.058447, 42.138379, 0.0 ], [ -88.058477, 42.13848, 0.0 ], [ -88.054644, 42.139379, 0.0 ], [ -88.050321, 42.139416, 0.0 ], [ -88.050319, 42.138823, 0.0 ], [ -88.049763, 42.138839, 0.0 ], [ -88.049776, 42.139413, 0.0 ], [ -88.033871, 42.139338, 0.0 ], [ -88.033826, 42.144795, 0.0 ], [ -88.033479, 42.146346, 0.0 ], [ -88.032673, 42.147883, 0.0 ], [ -88.028631, 42.15374, 0.0 ], [ -87.999598, 42.153648, 0.0 ], [ -87.999665, 42.1479, 0.0 ], [ -87.994797, 42.147713, 0.0 ], [ -87.994991, 42.144132, 0.0 ], [ -87.985477, 42.144209, 0.0 ], [ -87.985272, 42.142272, 0.0 ], [ -87.985119, 42.142132, 0.0 ], [ -87.985156, 42.136406, 0.0 ], [ -87.985027, 42.135722, 0.0 ], [ -87.984623, 42.135265, 0.0 ], [ -87.980807, 42.1331, 0.0 ], [ -87.980684, 42.132987, 0.0 ], [ -87.981155, 42.132725, 0.0 ], [ -87.980368, 42.132548, 0.0 ], [ -87.980312, 42.132371, 0.0 ], [ -87.980382, 42.124563, 0.0 ], [ -87.951386, 42.124365, 0.0 ], [ -87.951284, 42.116534, 0.0 ], [ -87.946526, 42.116536, 0.0 ], [ -87.946463, 42.10972, 0.0 ], [ -87.942295, 42.109668, 0.0 ], [ -87.941594, 42.109144, 0.0 ], [ -87.941615, 42.107398, 0.0 ], [ -87.936784, 42.107506, 0.0 ], [ -87.936784, 42.109939, 0.0 ], [ -87.930192, 42.109913, 0.0 ], [ -87.930124, 42.109766, 0.0 ], [ -87.928887, 42.109759, 0.0 ], [ -87.928872, 42.109066, 0.0 ], [ -87.927103, 42.109072, 0.0 ], [ -87.927088, 42.104335, 0.0 ], [ -87.922243, 42.104298, 0.0 ], [ -87.922254, 42.102481, 0.0 ], [ -87.917392, 42.102459, 0.0 ], [ -87.917401, 42.100655, 0.0 ], [ -87.915878, 42.100653, 0.0 ], [ -87.915697, 42.09974, 0.0 ], [ -87.913057, 42.095188, 0.0 ], [ -87.905871, 42.095149, 0.0 ], [ -87.905877, 42.094735, 0.0 ], [ -87.907922, 42.094702, 0.0 ], [ -87.907666, 42.091538, 0.0 ], [ -87.908836, 42.091541, 0.0 ], [ -87.908029, 42.090215, 0.0 ], [ -87.907713, 42.088892, 0.0 ], [ -87.907733, 42.066112, 0.0 ], [ -87.900722, 42.066069, 0.0 ], [ -87.900698, 42.055873, 0.0 ], [ -87.900262, 42.054046, 0.0 ], [ -87.909133, 42.053751, 0.0 ], [ -87.909136, 42.053251, 0.0 ], [ -87.909966, 42.053078, 0.0 ], [ -87.910277, 42.053723, 0.0 ], [ -87.91229, 42.050542, 0.0 ], [ -87.912659, 42.050301, 0.0 ], [ -87.921187, 42.048718, 0.0 ], [ -87.921011, 42.03752, 0.0 ], [ -87.927037, 42.037336, 0.0 ], [ -87.941434, 42.037396, 0.0 ], [ -87.960603, 42.037025, 0.0 ], [ -87.960126, 42.034749, 0.0 ], [ -87.959941, 42.025168, 0.0 ] ] ] } },
{ "type": "Feature", "properties": { "OID_": 0, "DISTRICT": "28", "STA": "IL", "ST": "17", "LABEL": "28", "DIST_NAME": "State Senate District 28", "TYPE": "State Legislature - Upper Chamber", "TYPE_ABB": "Leg_Upper", "ELECT_YEAR": "Enacted" }, "geometry": { "type": "Polygon", "coordinates": [ [ [ -88.157387, 41.973735, 0.0 ], [ -88.150293, 41.973708, 0.0 ], [ -88.150152, 41.979304, 0.0 ], [ -88.151962, 41.97932, 0.0 ], [ -88.151947, 41.980332, 0.0 ], [ -88.160294, 41.980385, 0.0 ], [ -88.160237, 41.987259, 0.0 ], [ -88.159594, 41.987271, 0.0 ], [ -88.159578, 41.987927, 0.0 ], [ -88.145107, 41.98825, 0.0 ], [ -88.144905, 41.992097, 0.0 ], [ -88.138522, 41.992127, 0.0 ], [ -88.138585, 41.995684, 0.0 ], [ -88.129365, 41.996121, 0.0 ], [ -88.129029, 41.99936, 0.0 ], [ -88.129014, 42.003444, 0.0 ], [ -88.128006, 42.003478, 0.0 ], [ -88.127988, 42.005633, 0.0 ], [ -88.128479, 42.005655, 0.0 ], [ -88.12847, 42.006325, 0.0 ], [ -88.12959, 42.006514, 0.0 ], [ -88.129576, 42.007341, 0.0 ], [ -88.130108, 42.007486, 0.0 ], [ -88.129915, 42.008226, 0.0 ], [ -88.129149, 42.009013, 0.0 ], [ -88.129031, 42.009341, 0.0 ], [ -88.128918, 42.018118, 0.0 ], [ -88.135641, 42.017816, 0.0 ], [ -88.135646, 42.01827, 0.0 ], [ -88.137533, 42.018212, 0.0 ], [ -88.138118, 42.019845, 0.0 ], [ -88.138055, 42.025579, 0.0 ], [ -88.137808, 42.027741, 0.0 ], [ -88.136585, 42.029563, 0.0 ], [ -88.136135, 42.030671, 0.0 ], [ -88.136144, 42.031271, 0.0 ], [ -88.136659, 42.032526, 0.0 ], [ -88.134743, 42.032606, 0.0 ], [ -88.134372, 42.032767, 0.0 ], [ -88.13458, 42.032335, 0.0 ], [ -88.134576, 42.031246, 0.0 ], [ -88.134202, 42.030773, 0.0 ], [ -88.130777, 42.032379, 0.0 ], [ -88.130454, 42.032686, 0.0 ], [ -88.130379, 42.033026, 0.0 ], [ -88.119141, 42.03306, 0.0 ], [ -88.119121, 42.036844, 0.0 ], [ -88.106011, 42.037337, 0.0 ], [ -88.106004, 42.036928, 0.0 ], [ -88.101948, 42.037072, 0.0 ], [ -88.10197, 42.037473, 0.0 ], [ -88.099496, 42.0375, 0.0 ], [ -88.099513, 42.035099, 0.0 ], [ -88.096119, 42.035194, 0.0 ], [ -88.09521, 42.03476, 0.0 ], [ -88.0947, 42.035482, 0.0 ], [ -88.094517, 42.036402, 0.0 ], [ -88.091415, 42.036396, 0.0 ], [ -88.091406, 42.037225, 0.0 ], [ -88.089009, 42.037217, 0.0 ], [ -88.089003, 42.038117, 0.0 ], [ -88.086524, 42.0381, 0.0 ], [ -88.085687, 42.037793, 0.0 ], [ -88.083322, 42.039292, 0.0 ], [ -88.079802, 42.040006, 0.0 ], [ -88.079481, 42.063949, 0.0 ], [ -88.03048, 42.057947, 0.0 ], [ -88.03048, 42.058092, 0.0 ], [ -88.028533, 42.057874, 0.0 ], [ -88.028544, 42.057704, 0.0 ], [ -88.025108, 42.057296, 0.0 ], [ -88.021038, 42.056583, 0.0 ], [ -88.015345, 42.055053, 0.0 ], [ -88.010899, 42.053303, 0.0 ], [ -88.006545, 42.05129, 0.0 ], [ -88.007006, 42.051282, 0.0 ], [ -88.006316, 42.051183, 0.0 ], [ -87.979963, 42.039018, 0.0 ], [ -87.978951, 42.038251, 0.0 ], [ -87.976239, 42.036888, 0.0 ], [ -87.972688, 42.034654, 0.0 ], [ -87.959941, 42.025168, 0.0 ], [ -87.960126, 42.034749, 0.0 ], [ -87.960603, 42.037025, 0.0 ], [ -87.941434, 42.037396, 0.0 ], [ -87.927037, 42.037336, 0.0 ], [ -87.921011, 42.03752, 0.0 ], [ -87.921187, 42.048718, 0.0 ], [ -87.912659, 42.050301, 0.0 ], [ -87.91229, 42.050542, 0.0 ], [ -87.910277, 42.053723, 0.0 ], [ -87.909966, 42.053078, 0.0 ], [ -87.909136, 42.053251, 0.0 ], [ -87.909133, 42.053751, 0.0 ], [ -87.900262, 42.054046, 0.0 ], [ -87.900698, 42.055873, 0.0 ], [ -87.900722, 42.066069, 0.0 ], [ -87.839946, 42.065797, 0.0 ], [ -87.840299, 42.063142, 0.0 ], [ -87.840587, 42.036257, 0.0 ], [ -87.84546, 42.036276, 0.0 ], [ -87.845533, 42.028995, 0.0 ], [ -87.840669, 42.029093, 0.0 ], [ -87.840665, 42.027272, 0.0 ], [ -87.83961, 42.027323, 0.0 ], [ -87.839493, 42.027392, 0.0 ], [ -87.839455, 42.02813, 0.0 ], [ -87.835803, 42.028247, 0.0 ], [ -87.835768, 42.031031, 0.0 ], [ -87.834556, 42.031019, 0.0 ], [ -87.834556, 42.030872, 0.0 ], [ -87.82602, 42.031119, 0.0 ], [ -87.826082, 42.025815, 0.0 ], [ -87.824661, 42.025832, 0.0 ], [ -87.824821, 42.02377, 0.0 ], [ -87.824678, 42.019994, 0.0 ], [ -87.826103, 42.019964, 0.0 ], [ -87.826103, 42.018534, 0.0 ], [ -87.827601, 42.0185, 0.0 ], [ -87.827622, 42.01494, 0.0 ], [ -87.830225, 42.014878, 0.0 ], [ -87.830221, 42.013436, 0.0 ], [ -87.83087, 42.013421, 0.0 ], [ -87.830875, 42.013184, 0.0 ], [ -87.83156, 42.012539, 0.0 ], [ -87.829555, 42.011285, 0.0 ], [ -87.829523, 42.010994, 0.0 ], [ -87.830994, 42.009491, 0.0 ], [ -87.830621, 42.009185, 0.0 ], [ -87.830443, 42.008657, 0.0 ], [ -87.830746, 42.00837, 0.0 ], [ -87.831159, 42.008306, 0.0 ], [ -87.831211, 41.996612, 0.0 ], [ -87.8167, 41.996985, 0.0 ], [ -87.816838, 41.982944, 0.0 ], [ -87.819272, 41.983451, 0.0 ], [ -87.823402, 41.98399, 0.0 ], [ -87.823333, 41.984517, 0.0 ], [ -87.836624, 41.986373, 0.0 ], [ -87.836635, 41.974798, 0.0 ], [ -87.84156, 41.974703, 0.0 ], [ -87.841556, 41.973796, 0.0 ], [ -87.846499, 41.973714, 0.0 ], [ -87.846535, 41.987861, 0.0 ], [ -87.850708, 41.988446, 0.0 ], [ -87.854138, 41.988658, 0.0 ], [ -87.855857, 41.989065, 0.0 ], [ -87.856633, 41.989871, 0.0 ], [ -87.858963, 41.991094, 0.0 ], [ -87.85962, 41.991918, 0.0 ], [ -87.859791, 41.992471, 0.0 ], [ -87.859709, 41.992963, 0.0 ], [ -87.858734, 41.993975, 0.0 ], [ -87.858432, 41.994606, 0.0 ], [ -87.858578, 41.995127, 0.0 ], [ -87.859443, 41.995855, 0.0 ], [ -87.873164, 41.995481, 0.0 ], [ -87.873358, 41.99535, 0.0 ], [ -87.884537, 41.998231, 0.0 ], [ -87.884553, 42.004106, 0.0 ], [ -87.884746, 42.006022, 0.0 ], [ -87.89061, 42.005832, 0.0 ], [ -87.890609, 42.00949, 0.0 ], [ -87.921153, 42.008449, 0.0 ], [ -87.938308, 42.008126, 0.0 ], [ -87.940258, 42.008313, 0.0 ], [ -87.939952, 41.993489, 0.0 ], [ -87.979547, 41.99288, 0.0 ], [ -87.978673, 41.996337, 0.0 ], [ -87.979182, 42.007403, 0.0 ], [ -87.979209, 42.015285, 0.0 ], [ -87.985812, 42.016602, 0.0 ], [ -87.985831, 42.014784, 0.0 ], [ -87.989311, 42.014754, 0.0 ], [ -87.989305, 42.013664, 0.0 ], [ -87.993634, 42.013617, 0.0 ], [ -87.996653, 42.012388, 0.0 ], [ -87.997316, 42.013221, 0.0 ], [ -87.997496, 42.013147, 0.0 ], [ -87.997422, 42.013053, 0.0 ], [ -87.998616, 42.012596, 0.0 ], [ -88.002321, 42.011971, 0.0 ], [ -88.003088, 42.011605, 0.0 ], [ -88.003463, 42.012011, 0.0 ], [ -88.003496, 42.014587, 0.0 ], [ -88.018738, 42.014416, 0.0 ], [ -88.018679, 42.008414, 0.0 ], [ -88.028155, 42.008415, 0.0 ], [ -88.024529, 41.996974, 0.0 ], [ -88.023835, 41.994503, 0.0 ], [ -88.023472, 41.992496, 0.0 ], [ -88.031455, 41.992535, 0.0 ], [ -88.049251, 41.991866, 0.0 ], [ -88.051072, 41.991925, 0.0 ], [ -88.069718, 41.99105, 0.0 ], [ -88.076706, 41.990903, 0.0 ], [ -88.109861, 41.989593, 0.0 ], [ -88.110237, 41.989005, 0.0 ], [ -88.110387, 41.982693, 0.0 ], [ -88.118551, 41.982463, 0.0 ], [ -88.118766, 41.97395, 0.0 ], [ -88.118845, 41.973309, 0.0 ], [ -88.119674, 41.972071, 0.0 ], [ -88.125, 41.974521, 0.0 ], [ -88.125261, 41.967647, 0.0 ], [ -88.135066, 41.967179, 0.0 ], [ -88.145151, 41.966476, 0.0 ], [ -88.158104, 41.966341, 0.0 ], [ -88.158006, 41.973748, 0.0 ], [ -88.157387, 41.973735, 0.0 ] ] ] } },
{ "type": "Feature", "properties": { "OID_": 0, "DISTRICT": "29", "STA": "IL", "ST": "17", "LABEL": "29", "DIST_NAME": "State Senate District 29", "TYPE": "State Legislature - Upper Chamber", "TYPE_ABB": "Leg_Upper", "ELECT_YEAR": "Enacted" }, "geometry": { "type": "Polygon", "coordinates": [ [ [ -87.867287, 42.065904, 0.0 ], [ -87.907733, 42.066112, 0.0 ], [ -87.907713, 42.088892, 0.0 ], [ -87.908029, 42.090215, 0.0 ], [ -87.908836, 42.091541, 0.0 ], [ -87.907666, 42.091538, 0.0 ], [ -87.907922, 42.094702, 0.0 ], [ -87.905877, 42.094735, 0.0 ], [ -87.905871, 42.095149, 0.0 ], [ -87.913057, 42.095188, 0.0 ], [ -87.915697, 42.09974, 0.0 ], [ -87.915878, 42.100653, 0.0 ], [ -87.917401, 42.100655, 0.0 ], [ -87.917392, 42.102459, 0.0 ], [ -87.922254, 42.102481, 0.0 ], [ -87.922243, 42.104298, 0.0 ], [ -87.927088, 42.104335, 0.0 ], [ -87.927103, 42.109072, 0.0 ], [ -87.928872, 42.109066, 0.0 ], [ -87.928887, 42.109759, 0.0 ], [ -87.930124, 42.109766, 0.0 ], [ -87.930192, 42.109913, 0.0 ], [ -87.936784, 42.109939, 0.0 ], [ -87.936784, 42.107506, 0.0 ], [ -87.941615, 42.107398, 0.0 ], [ -87.941594, 42.109144, 0.0 ], [ -87.942295, 42.109668, 0.0 ], [ -87.946463, 42.10972, 0.0 ], [ -87.946526, 42.116536, 0.0 ], [ -87.951284, 42.116534, 0.0 ], [ -87.951386, 42.124365, 0.0 ], [ -87.980382, 42.124563, 0.0 ], [ -87.980312, 42.132371, 0.0 ], [ -87.980368, 42.132548, 0.0 ], [ -87.981155, 42.132725, 0.0 ], [ -87.980684, 42.132987, 0.0 ], [ -87.980807, 42.1331, 0.0 ], [ -87.984623, 42.135265, 0.0 ], [ -87.985027, 42.135722, 0.0 ], [ -87.985156, 42.136406, 0.0 ], [ -87.985119, 42.142132, 0.0 ], [ -87.985272, 42.142272, 0.0 ], [ -87.985477, 42.144209, 0.0 ], [ -87.994991, 42.144132, 0.0 ], [ -87.994797, 42.147713, 0.0 ], [ -87.999665, 42.1479, 0.0 ], [ -87.999598, 42.153648, 0.0 ], [ -87.968957, 42.153597, 0.0 ], [ -87.967324, 42.154422, 0.0 ], [ -87.967643, 42.154765, 0.0 ], [ -87.967704, 42.155463, 0.0 ], [ -87.967229, 42.157483, 0.0 ], [ -87.964395, 42.157053, 0.0 ], [ -87.963999, 42.155732, 0.0 ], [ -87.962101, 42.153556, 0.0 ], [ -87.951618, 42.153469, 0.0 ], [ -87.948851, 42.15319, 0.0 ], [ -87.936414, 42.153103, 0.0 ], [ -87.936402, 42.146489, 0.0 ], [ -87.93657, 42.144619, 0.0 ], [ -87.936453, 42.144521, 0.0 ], [ -87.936662, 42.139196, 0.0 ], [ -87.928426, 42.139321, 0.0 ], [ -87.924818, 42.131128, 0.0 ], [ -87.924517, 42.131335, 0.0 ], [ -87.913937, 42.131151, 0.0 ], [ -87.912432, 42.13147, 0.0 ], [ -87.901375, 42.131391, 0.0 ], [ -87.902706, 42.133806, 0.0 ], [ -87.903999, 42.135604, 0.0 ], [ -87.907542, 42.13928, 0.0 ], [ -87.915145, 42.153767, 0.0 ], [ -87.920494, 42.16352, 0.0 ], [ -87.924375, 42.176372, 0.0 ], [ -87.922651, 42.17634, 0.0 ], [ -87.922235, 42.17563, 0.0 ], [ -87.921022, 42.17561, 0.0 ], [ -87.921021, 42.175898, 0.0 ], [ -87.92133, 42.1759, 0.0 ], [ -87.922052, 42.177065, 0.0 ], [ -87.92218, 42.177796, 0.0 ], [ -87.92182, 42.178881, 0.0 ], [ -87.920983, 42.179975, 0.0 ], [ -87.920416, 42.181163, 0.0 ], [ -87.92036, 42.181484, 0.0 ], [ -87.920648, 42.181666, 0.0 ], [ -87.920615, 42.182052, 0.0 ], [ -87.919161, 42.183628, 0.0 ], [ -87.91888, 42.183384, 0.0 ], [ -87.918435, 42.183306, 0.0 ], [ -87.917351, 42.18432, 0.0 ], [ -87.916488, 42.184614, 0.0 ], [ -87.91746, 42.184897, 0.0 ], [ -87.917196, 42.185242, 0.0 ], [ -87.916819, 42.18526, 0.0 ], [ -87.916464, 42.184954, 0.0 ], [ -87.915469, 42.184905, 0.0 ], [ -87.913973, 42.185686, 0.0 ], [ -87.914015, 42.185476, 0.0 ], [ -87.913813, 42.185523, 0.0 ], [ -87.913493, 42.185942, 0.0 ], [ -87.913792, 42.18571, 0.0 ], [ -87.913698, 42.186087, 0.0 ], [ -87.9145, 42.186998, 0.0 ], [ -87.916413, 42.187833, 0.0 ], [ -87.916983, 42.188229, 0.0 ], [ -87.917188, 42.188764, 0.0 ], [ -87.918569, 42.19003, 0.0 ], [ -87.918809, 42.190939, 0.0 ], [ -87.919226, 42.191713, 0.0 ], [ -87.921263, 42.192337, 0.0 ], [ -87.921916, 42.193057, 0.0 ], [ -87.922302, 42.194265, 0.0 ], [ -87.922588, 42.194465, 0.0 ], [ -87.922283, 42.19438, 0.0 ], [ -87.922036, 42.195182, 0.0 ], [ -87.920552, 42.196812, 0.0 ], [ -87.925839, 42.196967, 0.0 ], [ -87.925803, 42.201231, 0.0 ], [ -87.927421, 42.20148, 0.0 ], [ -87.927368, 42.204116, 0.0 ], [ -87.925963, 42.204085, 0.0 ], [ -87.926123, 42.20449, 0.0 ], [ -87.925833, 42.205012, 0.0 ], [ -87.92555, 42.205034, 0.0 ], [ -87.924497, 42.206173, 0.0 ], [ -87.924114, 42.206839, 0.0 ], [ -87.924103, 42.207363, 0.0 ], [ -87.924415, 42.207926, 0.0 ], [ -87.924897, 42.208014, 0.0 ], [ -87.926089, 42.208611, 0.0 ], [ -87.926752, 42.209301, 0.0 ], [ -87.926798, 42.210322, 0.0 ], [ -87.926421, 42.211591, 0.0 ], [ -87.926729, 42.212914, 0.0 ], [ -87.926626, 42.213435, 0.0 ], [ -87.926748, 42.214202, 0.0 ], [ -87.926525, 42.214283, 0.0 ], [ -87.927596, 42.214854, 0.0 ], [ -87.927758, 42.214677, 0.0 ], [ -87.929451, 42.214646, 0.0 ], [ -87.930382, 42.215049, 0.0 ], [ -87.930217, 42.216314, 0.0 ], [ -87.930518, 42.217272, 0.0 ], [ -87.931633, 42.21875, 0.0 ], [ -87.932345, 42.21881, 0.0 ], [ -87.93326, 42.219611, 0.0 ], [ -87.934142, 42.220786, 0.0 ], [ -87.935128, 42.221536, 0.0 ], [ -87.936028, 42.222929, 0.0 ], [ -87.936629, 42.223463, 0.0 ], [ -87.936997, 42.224714, 0.0 ], [ -87.93772, 42.226046, 0.0 ], [ -87.937379, 42.22646, 0.0 ], [ -87.934922, 42.227557, 0.0 ], [ -87.93358, 42.228418, 0.0 ], [ -87.93343, 42.230104, 0.0 ], [ -87.933692, 42.230903, 0.0 ], [ -87.934901, 42.232089, 0.0 ], [ -87.935155, 42.234359, 0.0 ], [ -87.935805, 42.234906, 0.0 ], [ -87.93588, 42.235134, 0.0 ], [ -87.935746, 42.236672, 0.0 ], [ -87.936285, 42.238187, 0.0 ], [ -87.936942, 42.239102, 0.0 ], [ -87.93712, 42.239212, 0.0 ], [ -87.93725, 42.239073, 0.0 ], [ -87.938795, 42.239961, 0.0 ], [ -87.939059, 42.240543, 0.0 ], [ -87.930704, 42.24068, 0.0 ], [ -87.92526, 42.240269, 0.0 ], [ -87.924974, 42.261958, 0.0 ], [ -87.905467, 42.26191, 0.0 ], [ -87.905459, 42.263363, 0.0 ], [ -87.90519, 42.263013, 0.0 ], [ -87.904665, 42.26321, 0.0 ], [ -87.911578, 42.272276, 0.0 ], [ -87.909524, 42.273644, 0.0 ], [ -87.905346, 42.275351, 0.0 ], [ -87.905294, 42.280027, 0.0 ], [ -87.889686, 42.280037, 0.0 ], [ -87.885648, 42.279837, 0.0 ], [ -87.885639, 42.286145, 0.0 ], [ -87.886695, 42.28654, 0.0 ], [ -87.885635, 42.286983, 0.0 ], [ -87.885664, 42.289132, 0.0 ], [ -87.887076, 42.290814, 0.0 ], [ -87.885749, 42.290828, 0.0 ], [ -87.885601, 42.291085, 0.0 ], [ -87.885372, 42.298135, 0.0 ], [ -87.885483, 42.299706, 0.0 ], [ -87.885405, 42.307538, 0.0 ], [ -87.885265, 42.307534, 0.0 ], [ -87.885276, 42.308867, 0.0 ], [ -87.862544, 42.308602, 0.0 ], [ -87.857608, 42.308231, 0.0 ], [ -87.854907, 42.308364, 0.0 ], [ -87.854909, 42.308688, 0.0 ], [ -87.852485, 42.308824, 0.0 ], [ -87.852458, 42.315439, 0.0 ], [ -87.852177, 42.31603, 0.0 ], [ -87.852211, 42.317061, 0.0 ], [ -87.85249, 42.316949, 0.0 ], [ -87.852549, 42.317078, 0.0 ], [ -87.852528, 42.319375, 0.0 ], [ -87.842623, 42.319414, 0.0 ], [ -87.842167, 42.31929, 0.0 ], [ -87.833, 42.319233, 0.0 ], [ -87.833, 42.320739, 0.0 ], [ -87.834919, 42.321108, 0.0 ], [ -87.835037, 42.322208, 0.0 ], [ -87.834175, 42.322196, 0.0 ], [ -87.834173, 42.322009, 0.0 ], [ -87.833991, 42.32201, 0.0 ], [ -87.833994, 42.322198, 0.0 ], [ -87.832251, 42.322198, 0.0 ], [ -87.832246, 42.321592, 0.0 ], [ -87.830674, 42.321397, 0.0 ], [ -87.830745, 42.32163, 0.0 ], [ -87.830532, 42.321891, 0.0 ], [ -87.830518, 42.32227, 0.0 ], [ -87.831343, 42.323934, 0.0 ], [ -87.831972, 42.325747, 0.0 ], [ -87.831712, 42.326789, 0.0 ], [ -87.831712, 42.32768, 0.0 ], [ -87.831487, 42.327965, 0.0 ], [ -87.831639, 42.328538, 0.0 ], [ -87.820325, 42.328866, 0.0 ], [ -87.819637, 42.323789, 0.0 ], [ -87.819149, 42.310666, 0.0 ], [ -87.820272, 42.304488, 0.0 ], [ -87.83052, 42.304833, 0.0 ], [ -87.830692, 42.304718, 0.0 ], [ -87.832646, 42.3047, 0.0 ], [ -87.833629, 42.304087, 0.0 ], [ -87.834097, 42.303359, 0.0 ], [ -87.834344, 42.302539, 0.0 ], [ -87.834255, 42.301802, 0.0 ], [ -87.834432, 42.300961, 0.0 ], [ -87.834154, 42.299518, 0.0 ], [ -87.833438, 42.298052, 0.0 ], [ -87.832982, 42.29569, 0.0 ], [ -87.833155, 42.295416, 0.0 ], [ -87.833039, 42.295135, 0.0 ], [ -87.833791, 42.294742, 0.0 ], [ -87.833835, 42.293867, 0.0 ], [ -87.833394, 42.292363, 0.0 ], [ -87.832489, 42.290467, 0.0 ], [ -87.832657, 42.289907, 0.0 ], [ -87.832572, 42.288454, 0.0 ], [ -87.83208, 42.286917, 0.0 ], [ -87.831769, 42.28524, 0.0 ], [ -87.831369, 42.284744, 0.0 ], [ -87.831623, 42.284625, 0.0 ], [ -87.83148, 42.284442, 0.0 ], [ -87.831328, 42.284524, 0.0 ], [ -87.831511, 42.284369, 0.0 ], [ -87.831375, 42.283956, 0.0 ], [ -87.829999, 42.280914, 0.0 ], [ -87.829579, 42.279631, 0.0 ], [ -87.829349, 42.279429, 0.0 ], [ -87.829136, 42.279503, 0.0 ], [ -87.829064, 42.279166, 0.0 ], [ -87.829236, 42.279219, 0.0 ], [ -87.829358, 42.279067, 0.0 ], [ -87.828679, 42.277501, 0.0 ], [ -87.82848, 42.277361, 0.0 ], [ -87.828538, 42.277048, 0.0 ], [ -87.82879, 42.277202, 0.0 ], [ -87.829053, 42.276891, 0.0 ], [ -87.828853, 42.276317, 0.0 ], [ -87.8287, 42.276212, 0.0 ], [ -87.82856, 42.276309, 0.0 ], [ -87.828448, 42.276132, 0.0 ], [ -87.828992, 42.27601, 0.0 ], [ -87.829024, 42.275261, 0.0 ], [ -87.82853, 42.275253, 0.0 ], [ -87.828768, 42.274899, 0.0 ], [ -87.829003, 42.274922, 0.0 ], [ -87.829029, 42.27397, 0.0 ], [ -87.828398, 42.272201, 0.0 ], [ -87.828609, 42.271811, 0.0 ], [ -87.828317, 42.271194, 0.0 ], [ -87.828512, 42.270898, 0.0 ], [ -87.828466, 42.270229, 0.0 ], [ -87.828294, 42.269378, 0.0 ], [ -87.827951, 42.26874, 0.0 ], [ -87.82802, 42.268519, 0.0 ], [ -87.827225, 42.267415, 0.0 ], [ -87.826766, 42.267284, 0.0 ], [ -87.826483, 42.266705, 0.0 ], [ -87.826364, 42.266348, 0.0 ], [ -87.826814, 42.266202, 0.0 ], [ -87.826981, 42.265883, 0.0 ], [ -87.826889, 42.265546, 0.0 ], [ -87.826477, 42.265212, 0.0 ], [ -87.826406, 42.264901, 0.0 ], [ -87.826084, 42.264841, 0.0 ], [ -87.826288, 42.264765, 0.0 ], [ -87.82627, 42.264596, 0.0 ], [ -87.825953, 42.264595, 0.0 ], [ -87.826212, 42.264285, 0.0 ], [ -87.824486, 42.260604, 0.0 ], [ -87.823026, 42.258523, 0.0 ], [ -87.822181, 42.257624, 0.0 ], [ -87.821459, 42.256367, 0.0 ], [ -87.820669, 42.255801, 0.0 ], [ -87.820978, 42.255742, 0.0 ], [ -87.820791, 42.255337, 0.0 ], [ -87.820213, 42.255163, 0.0 ], [ -87.820093, 42.255193, 0.0 ], [ -87.820239, 42.255389, 0.0 ], [ -87.820102, 42.255403, 0.0 ], [ -87.819632, 42.254899, 0.0 ], [ -87.819731, 42.254826, 0.0 ], [ -87.819962, 42.255031, 0.0 ], [ -87.82011, 42.254688, 0.0 ], [ -87.819999, 42.254336, 0.0 ], [ -87.819443, 42.254081, 0.0 ], [ -87.819258, 42.254088, 0.0 ], [ -87.819335, 42.254338, 0.0 ], [ -87.819199, 42.254288, 0.0 ], [ -87.81892, 42.253742, 0.0 ], [ -87.819229, 42.253976, 0.0 ], [ -87.819457, 42.253323, 0.0 ], [ -87.8191, 42.252914, 0.0 ], [ -87.81873, 42.253036, 0.0 ], [ -87.818656, 42.252573, 0.0 ], [ -87.818762, 42.252506, 0.0 ], [ -87.818831, 42.252686, 0.0 ], [ -87.819039, 42.252582, 0.0 ], [ -87.81914, 42.252129, 0.0 ], [ -87.818804, 42.251728, 0.0 ], [ -87.818404, 42.251824, 0.0 ], [ -87.817671, 42.250738, 0.0 ], [ -87.81766, 42.250546, 0.0 ], [ -87.817845, 42.250541, 0.0 ], [ -87.817991, 42.250919, 0.0 ], [ -87.818274, 42.25113, 0.0 ], [ -87.818846, 42.250961, 0.0 ], [ -87.818647, 42.25059, 0.0 ], [ -87.818517, 42.25063, 0.0 ], [ -87.817447, 42.248728, 0.0 ], [ -87.817437, 42.248459, 0.0 ], [ -87.817811, 42.248195, 0.0 ], [ -87.817769, 42.247788, 0.0 ], [ -87.81735, 42.246587, 0.0 ], [ -87.81679, 42.245913, 0.0 ], [ -87.816991, 42.245831, 0.0 ], [ -87.816987, 42.245665, 0.0 ], [ -87.816577, 42.245422, 0.0 ], [ -87.816586, 42.245176, 0.0 ], [ -87.816807, 42.245225, 0.0 ], [ -87.816903, 42.245035, 0.0 ], [ -87.816676, 42.244826, 0.0 ], [ -87.81647, 42.244944, 0.0 ], [ -87.816412, 42.244724, 0.0 ], [ -87.816723, 42.244617, 0.0 ], [ -87.816708, 42.244462, 0.0 ], [ -87.816515, 42.244015, 0.0 ], [ -87.816247, 42.243839, 0.0 ], [ -87.816501, 42.243798, 0.0 ], [ -87.816433, 42.243451, 0.0 ], [ -87.816193, 42.243456, 0.0 ], [ -87.816187, 42.243609, 0.0 ], [ -87.816071, 42.24345, 0.0 ], [ -87.816516, 42.243302, 0.0 ], [ -87.816419, 42.242936, 0.0 ], [ -87.816221, 42.242463, 0.0 ], [ -87.815804, 42.242048, 0.0 ], [ -87.816004, 42.241973, 0.0 ], [ -87.815928, 42.241721, 0.0 ], [ -87.815375, 42.241058, 0.0 ], [ -87.815509, 42.24081, 0.0 ], [ -87.81516, 42.240792, 0.0 ], [ -87.81531, 42.240451, 0.0 ], [ -87.814946, 42.240025, 0.0 ], [ -87.815038, 42.239641, 0.0 ], [ -87.814562, 42.239084, 0.0 ], [ -87.814661, 42.238791, 0.0 ], [ -87.814223, 42.238149, 0.0 ], [ -87.814312, 42.237931, 0.0 ], [ -87.81385, 42.236579, 0.0 ], [ -87.813912, 42.236324, 0.0 ], [ -87.813429, 42.235419, 0.0 ], [ -87.813144, 42.235255, 0.0 ], [ -87.813414, 42.235101, 0.0 ], [ -87.813352, 42.234862, 0.0 ], [ -87.812849, 42.234427, 0.0 ], [ -87.813108, 42.234269, 0.0 ], [ -87.813092, 42.234116, 0.0 ], [ -87.81273, 42.233643, 0.0 ], [ -87.812455, 42.23362, 0.0 ], [ -87.812824, 42.233413, 0.0 ], [ -87.812546, 42.2329, 0.0 ], [ -87.812229, 42.232769, 0.0 ], [ -87.812491, 42.232618, 0.0 ], [ -87.812477, 42.232464, 0.0 ], [ -87.811506, 42.231259, 0.0 ], [ -87.812045, 42.231153, 0.0 ], [ -87.811915, 42.230714, 0.0 ], [ -87.812112, 42.230245, 0.0 ], [ -87.811505, 42.228498, 0.0 ], [ -87.810931, 42.227545, 0.0 ], [ -87.809615, 42.225993, 0.0 ], [ -87.809528, 42.225647, 0.0 ], [ -87.808654, 42.224864, 0.0 ], [ -87.808579, 42.224492, 0.0 ], [ -87.806543, 42.222856, 0.0 ], [ -87.806839, 42.22273, 0.0 ], [ -87.806881, 42.222287, 0.0 ], [ -87.806111, 42.221323, 0.0 ], [ -87.806306, 42.221229, 0.0 ], [ -87.806229, 42.221052, 0.0 ], [ -87.805752, 42.220407, 0.0 ], [ -87.804859, 42.218599, 0.0 ], [ -87.804978, 42.218547, 0.0 ], [ -87.804912, 42.218379, 0.0 ], [ -87.804534, 42.217814, 0.0 ], [ -87.804677, 42.217431, 0.0 ], [ -87.803856, 42.21604, 0.0 ], [ -87.803598, 42.214631, 0.0 ], [ -87.802866, 42.213176, 0.0 ], [ -87.802855, 42.212608, 0.0 ], [ -87.802404, 42.211752, 0.0 ], [ -87.80246, 42.211482, 0.0 ], [ -87.80228, 42.211036, 0.0 ], [ -87.80191, 42.210547, 0.0 ], [ -87.801654, 42.210545, 0.0 ], [ -87.801437, 42.210161, 0.0 ], [ -87.800958, 42.210064, 0.0 ], [ -87.800865, 42.209876, 0.0 ], [ -87.801083, 42.209866, 0.0 ], [ -87.801092, 42.209629, 0.0 ], [ -87.800822, 42.209493, 0.0 ], [ -87.800681, 42.209611, 0.0 ], [ -87.8005, 42.209388, 0.0 ], [ -87.800817, 42.209185, 0.0 ], [ -87.800773, 42.208959, 0.0 ], [ -87.799729, 42.207925, 0.0 ], [ -87.799803, 42.207716, 0.0 ], [ -87.798915, 42.206799, 0.0 ], [ -87.798535, 42.206871, 0.0 ], [ -87.79909, 42.206526, 0.0 ], [ -87.797967, 42.205031, 0.0 ], [ -87.796509, 42.203779, 0.0 ], [ -87.796489, 42.203349, 0.0 ], [ -87.796678, 42.203277, 0.0 ], [ -87.796316, 42.202509, 0.0 ], [ -87.796418, 42.202287, 0.0 ], [ -87.795619, 42.201276, 0.0 ], [ -87.795695, 42.201148, 0.0 ], [ -87.795292, 42.20049, 0.0 ], [ -87.794706, 42.199865, 0.0 ], [ -87.794625, 42.199534, 0.0 ], [ -87.794065, 42.198805, 0.0 ], [ -87.793499, 42.198284, 0.0 ], [ -87.793432, 42.198028, 0.0 ], [ -87.792851, 42.197498, 0.0 ], [ -87.792837, 42.197297, 0.0 ], [ -87.792164, 42.19678, 0.0 ], [ -87.792358, 42.196656, 0.0 ], [ -87.792338, 42.19647, 0.0 ], [ -87.791571, 42.195814, 0.0 ], [ -87.791741, 42.195625, 0.0 ], [ -87.791067, 42.195118, 0.0 ], [ -87.791204, 42.19499, 0.0 ], [ -87.789947, 42.193785, 0.0 ], [ -87.790034, 42.19361, 0.0 ], [ -87.789357, 42.193132, 0.0 ], [ -87.789448, 42.192982, 0.0 ], [ -87.78928, 42.192839, 0.0 ], [ -87.787564, 42.191666, 0.0 ], [ -87.786641, 42.190157, 0.0 ], [ -87.78677, 42.190108, 0.0 ], [ -87.787007, 42.190344, 0.0 ], [ -87.787341, 42.189813, 0.0 ], [ -87.787102, 42.189247, 0.0 ], [ -87.786552, 42.188736, 0.0 ], [ -87.78672, 42.188574, 0.0 ], [ -87.786193, 42.188133, 0.0 ], [ -87.786234, 42.187895, 0.0 ], [ -87.785744, 42.187527, 0.0 ], [ -87.785751, 42.187234, 0.0 ], [ -87.784461, 42.185985, 0.0 ], [ -87.784318, 42.185656, 0.0 ], [ -87.784009, 42.185517, 0.0 ], [ -87.784057, 42.185298, 0.0 ], [ -87.7836, 42.185003, 0.0 ], [ -87.783706, 42.184911, 0.0 ], [ -87.783586, 42.184737, 0.0 ], [ -87.783136, 42.184419, 0.0 ], [ -87.783225, 42.184312, 0.0 ], [ -87.782096, 42.182974, 0.0 ], [ -87.781879, 42.18292, 0.0 ], [ -87.782004, 42.182847, 0.0 ], [ -87.781914, 42.182681, 0.0 ], [ -87.781253, 42.182204, 0.0 ], [ -87.781342, 42.181976, 0.0 ], [ -87.780643, 42.181346, 0.0 ], [ -87.780832, 42.181105, 0.0 ], [ -87.780231, 42.180609, 0.0 ], [ -87.780321, 42.180425, 0.0 ], [ -87.780104, 42.180164, 0.0 ], [ -87.779688, 42.179941, 0.0 ], [ -87.779596, 42.17947, 0.0 ], [ -87.778994, 42.178978, 0.0 ], [ -87.779106, 42.178813, 0.0 ], [ -87.778006, 42.17767, 0.0 ], [ -87.778012, 42.17742, 0.0 ], [ -87.777556, 42.17708, 0.0 ], [ -87.777637, 42.176929, 0.0 ], [ -87.777042, 42.176501, 0.0 ], [ -87.77717, 42.176361, 0.0 ], [ -87.77507, 42.174199, 0.0 ], [ -87.775111, 42.174044, 0.0 ], [ -87.774181, 42.17315, 0.0 ], [ -87.774283, 42.173085, 0.0 ], [ -87.774143, 42.172915, 0.0 ], [ -87.773553, 42.17257, 0.0 ], [ -87.773636, 42.172488, 0.0 ], [ -87.773475, 42.172294, 0.0 ], [ -87.772532, 42.171472, 0.0 ], [ -87.772632, 42.171365, 0.0 ], [ -87.772403, 42.171374, 0.0 ], [ -87.772569, 42.171284, 0.0 ], [ -87.772323, 42.171106, 0.0 ], [ -87.772294, 42.170825, 0.0 ], [ -87.771012, 42.169669, 0.0 ], [ -87.771108, 42.169509, 0.0 ], [ -87.769725, 42.16846, 0.0 ], [ -87.769462, 42.168163, 0.0 ], [ -87.769591, 42.168099, 0.0 ], [ -87.768984, 42.167576, 0.0 ], [ -87.768951, 42.167285, 0.0 ], [ -87.768312, 42.166843, 0.0 ], [ -87.768604, 42.166706, 0.0 ], [ -87.768559, 42.166596, 0.0 ], [ -87.766133, 42.163393, 0.0 ], [ -87.76586, 42.162841, 0.0 ], [ -87.764655, 42.161779, 0.0 ], [ -87.765153, 42.161425, 0.0 ], [ -87.764819, 42.160843, 0.0 ], [ -87.76378, 42.159828, 0.0 ], [ -87.764021, 42.159685, 0.0 ], [ -87.764007, 42.159537, 0.0 ], [ -87.762458, 42.158038, 0.0 ], [ -87.762506, 42.157857, 0.0 ], [ -87.762079, 42.157295, 0.0 ], [ -87.761628, 42.157009, 0.0 ], [ -87.761868, 42.156811, 0.0 ], [ -87.761305, 42.156081, 0.0 ], [ -87.761497, 42.155982, 0.0 ], [ -87.761407, 42.155703, 0.0 ], [ -87.759698, 42.153667, 0.0 ], [ -87.759091, 42.152508, 0.0 ], [ -87.758835, 42.152277, 0.0 ], [ -87.758776, 42.152382, 0.0 ], [ -87.74846, 42.152868, 0.0 ], [ -87.725973, 42.12502, 0.0 ], [ -87.739195, 42.125019, 0.0 ], [ -87.7397, 42.125589, 0.0 ], [ -87.739516, 42.125672, 0.0 ], [ -87.740896, 42.127016, 0.0 ], [ -87.740719, 42.127099, 0.0 ], [ -87.741332, 42.127675, 0.0 ], [ -87.741694, 42.128476, 0.0 ], [ -87.741774, 42.122669, 0.0 ], [ -87.741536, 42.119334, 0.0 ], [ -87.744983, 42.119439, 0.0 ], [ -87.745657, 42.119122, 0.0 ], [ -87.745929, 42.11945, 0.0 ], [ -87.746318, 42.119546, 0.0 ], [ -87.748866, 42.119437, 0.0 ], [ -87.751304, 42.11953, 0.0 ], [ -87.751302, 42.119651, 0.0 ], [ -87.752745, 42.119655, 0.0 ], [ -87.752742, 42.119537, 0.0 ], [ -87.753018, 42.119539, 0.0 ], [ -87.753019, 42.119668, 0.0 ], [ -87.756168, 42.119677, 0.0 ], [ -87.756171, 42.11948, 0.0 ], [ -87.756404, 42.119484, 0.0 ], [ -87.756407, 42.119681, 0.0 ], [ -87.758118, 42.1197, 0.0 ], [ -87.758112, 42.119523, 0.0 ], [ -87.758334, 42.119528, 0.0 ], [ -87.758334, 42.119694, 0.0 ], [ -87.760457, 42.119754, 0.0 ], [ -87.760445, 42.119611, 0.0 ], [ -87.760721, 42.119623, 0.0 ], [ -87.760727, 42.119772, 0.0 ], [ -87.762234, 42.119535, 0.0 ], [ -87.76353, 42.119581, 0.0 ], [ -87.763484, 42.122599, 0.0 ], [ -87.760972, 42.122664, 0.0 ], [ -87.760975, 42.123109, 0.0 ], [ -87.770283, 42.123653, 0.0 ], [ -87.77028, 42.123363, 0.0 ], [ -87.776805, 42.123455, 0.0 ], [ -87.777365, 42.123697, 0.0 ], [ -87.777698, 42.123488, 0.0 ], [ -87.789281, 42.123468, 0.0 ], [ -87.789635, 42.123254, 0.0 ], [ -87.791436, 42.123232, 0.0 ], [ -87.79381, 42.123483, 0.0 ], [ -87.809145, 42.123623, 0.0 ], [ -87.809195, 42.122665, 0.0 ], [ -87.81073, 42.122736, 0.0 ], [ -87.816795, 42.116428, 0.0 ], [ -87.833601, 42.11651, 0.0 ], [ -87.833584, 42.119503, 0.0 ], [ -87.834758, 42.119288, 0.0 ], [ -87.839054, 42.1193, 0.0 ], [ -87.839089, 42.116543, 0.0 ], [ -87.853715, 42.116614, 0.0 ], [ -87.853783, 42.107553, 0.0 ], [ -87.858776, 42.107563, 0.0 ], [ -87.858798, 42.105751, 0.0 ], [ -87.864718, 42.105812, 0.0 ], [ -87.866435, 42.106098, 0.0 ], [ -87.868146, 42.106669, 0.0 ], [ -87.86824, 42.092042, 0.0 ], [ -87.867991, 42.09029, 0.0 ], [ -87.866556, 42.085466, 0.0 ], [ -87.866214, 42.082885, 0.0 ], [ -87.865963, 42.082641, 0.0 ], [ -87.867287, 42.065904, 0.0 ] ] ] } },
{ "type": "Feature", "properties": { "OID_": 0, "DISTRICT": "30", "STA": "IL", "ST": "17", "LABEL": "30", "DIST_NAME": "State Senate District 30", "TYPE": "State Legislature - Upper Chamber", "TYPE_ABB": "Leg_Upper", "ELECT_YEAR": "Enacted" }, "geometry": { "type": "Polygon", "coordinates": [ [ [ -87.907664, 42.139504, 0.0 ], [ -87.907147, 42.138727, 0.0 ], [ -87.903999, 42.135604, 0.0 ], [ -87.902706, 42.133806, 0.0 ], [ -87.901375, 42.131391, 0.0 ], [ -87.912432, 42.13147, 0.0 ], [ -87.913937, 42.131151, 0.0 ], [ -87.924517, 42.131335, 0.0 ], [ -87.924818, 42.131128, 0.0 ], [ -87.928426, 42.139321, 0.0 ], [ -87.936662, 42.139196, 0.0 ], [ -87.936453, 42.144521, 0.0 ], [ -87.93657, 42.144619, 0.0 ], [ -87.936402, 42.146489, 0.0 ], [ -87.936414, 42.153103, 0.0 ], [ -87.948851, 42.15319, 0.0 ], [ -87.951618, 42.153469, 0.0 ], [ -87.962101, 42.153556, 0.0 ], [ -87.963999, 42.155732, 0.0 ], [ -87.964395, 42.157053, 0.0 ], [ -87.967229, 42.157483, 0.0 ], [ -87.967704, 42.155463, 0.0 ], [ -87.967643, 42.154765, 0.0 ], [ -87.967324, 42.154422, 0.0 ], [ -87.968957, 42.153597, 0.0 ], [ -87.985, 42.153634, 0.0 ], [ -87.984832, 42.16819, 0.0 ], [ -87.993688, 42.168188, 0.0 ], [ -87.993678, 42.171828, 0.0 ], [ -87.99298, 42.171824, 0.0 ], [ -87.993462, 42.172084, 0.0 ], [ -87.992837, 42.172509, 0.0 ], [ -87.993234, 42.172682, 0.0 ], [ -87.992178, 42.173471, 0.0 ], [ -87.991473, 42.173466, 0.0 ], [ -87.991294, 42.173835, 0.0 ], [ -87.990926, 42.174068, 0.0 ], [ -87.991652, 42.174625, 0.0 ], [ -87.991975, 42.175463, 0.0 ], [ -87.984795, 42.175453, 0.0 ], [ -87.984764, 42.179077, 0.0 ], [ -87.975026, 42.179045, 0.0 ], [ -87.975011, 42.181324, 0.0 ], [ -87.976044, 42.181328, 0.0 ], [ -87.976053, 42.182705, 0.0 ], [ -87.974969, 42.182704, 0.0 ], [ -87.97496, 42.183287, 0.0 ], [ -87.976449, 42.18473, 0.0 ], [ -87.976103, 42.184726, 0.0 ], [ -87.977379, 42.186152, 0.0 ], [ -87.977378, 42.187694, 0.0 ], [ -87.978085, 42.1877, 0.0 ], [ -87.978061, 42.190563, 0.0 ], [ -87.975657, 42.190548, 0.0 ], [ -87.972323, 42.188308, 0.0 ], [ -87.972342, 42.189069, 0.0 ], [ -87.974455, 42.190534, 0.0 ], [ -87.97337, 42.190548, 0.0 ], [ -87.973291, 42.197207, 0.0 ], [ -87.979755, 42.197212, 0.0 ], [ -87.979656, 42.204098, 0.0 ], [ -87.983388, 42.203765, 0.0 ], [ -87.984649, 42.203899, 0.0 ], [ -87.985302, 42.204383, 0.0 ], [ -87.9864, 42.206209, 0.0 ], [ -87.988479, 42.206402, 0.0 ], [ -87.989855, 42.20629, 0.0 ], [ -87.989344, 42.204075, 0.0 ], [ -87.9894, 42.197217, 0.0 ], [ -87.989594, 42.197216, 0.0 ], [ -87.989553, 42.203906, 0.0 ], [ -87.989875, 42.205854, 0.0 ], [ -87.990609, 42.207352, 0.0 ], [ -87.993582, 42.211407, 0.0 ], [ -87.994257, 42.213184, 0.0 ], [ -87.994162, 42.235474, 0.0 ], [ -87.994904, 42.235479, 0.0 ], [ -87.994867, 42.236777, 0.0 ], [ -87.995558, 42.237126, 0.0 ], [ -87.996373, 42.236282, 0.0 ], [ -87.997162, 42.236687, 0.0 ], [ -87.996353, 42.237532, 0.0 ], [ -87.997535, 42.238147, 0.0 ], [ -87.998347, 42.237296, 0.0 ], [ -87.998742, 42.237499, 0.0 ], [ -87.99793, 42.238351, 0.0 ], [ -87.998715, 42.238756, 0.0 ], [ -87.999531, 42.237905, 0.0 ], [ -88.001301, 42.238794, 0.0 ], [ -88.001303, 42.238523, 0.0 ], [ -88.002601, 42.238524, 0.0 ], [ -88.002593, 42.239879, 0.0 ], [ -88.004299, 42.239882, 0.0 ], [ -88.004182, 42.24154, 0.0 ], [ -88.004282, 42.242805, 0.0 ], [ -88.012412, 42.241644, 0.0 ], [ -88.01241, 42.241837, 0.0 ], [ -88.013749, 42.241683, 0.0 ], [ -88.013854, 42.243562, 0.0 ], [ -88.013667, 42.246605, 0.0 ], [ -88.014799, 42.24751, 0.0 ], [ -88.01643, 42.249224, 0.0 ], [ -88.020416, 42.254732, 0.0 ], [ -88.023972, 42.252367, 0.0 ], [ -88.028245, 42.248376, 0.0 ], [ -88.028678, 42.263529, 0.0 ], [ -88.033686, 42.269137, 0.0 ], [ -88.031852, 42.269775, 0.0 ], [ -88.028232, 42.269837, 0.0 ], [ -88.026649, 42.276657, 0.0 ], [ -88.017247, 42.275017, 0.0 ], [ -88.0096, 42.274487, 0.0 ], [ -88.005704, 42.274016, 0.0 ], [ -87.999364, 42.272972, 0.0 ], [ -87.997066, 42.272351, 0.0 ], [ -87.995971, 42.272239, 0.0 ], [ -87.994508, 42.272425, 0.0 ], [ -87.987267, 42.274414, 0.0 ], [ -87.986157, 42.274893, 0.0 ], [ -87.983797, 42.276289, 0.0 ], [ -87.983883, 42.269681, 0.0 ], [ -87.969074, 42.269652, 0.0 ], [ -87.969083, 42.269331, 0.0 ], [ -87.968426, 42.269323, 0.0 ], [ -87.965896, 42.269655, 0.0 ], [ -87.965847, 42.266971, 0.0 ], [ -87.962434, 42.266961, 0.0 ], [ -87.961783, 42.266752, 0.0 ], [ -87.961024, 42.265969, 0.0 ], [ -87.960813, 42.265467, 0.0 ], [ -87.961316, 42.26437, 0.0 ], [ -87.961347, 42.263944, 0.0 ], [ -87.957817, 42.263759, 0.0 ], [ -87.956783, 42.263995, 0.0 ], [ -87.955322, 42.264605, 0.0 ], [ -87.954443, 42.264695, 0.0 ], [ -87.953638, 42.264584, 0.0 ], [ -87.950758, 42.263632, 0.0 ], [ -87.949209, 42.263668, 0.0 ], [ -87.950504, 42.26954, 0.0 ], [ -87.943788, 42.269032, 0.0 ], [ -87.938841, 42.26919, 0.0 ], [ -87.939747, 42.271741, 0.0 ], [ -87.939138, 42.274604, 0.0 ], [ -87.939386, 42.27507, 0.0 ], [ -87.939065, 42.277121, 0.0 ], [ -87.938876, 42.277408, 0.0 ], [ -87.937498, 42.277653, 0.0 ], [ -87.936314, 42.278284, 0.0 ], [ -87.934702, 42.280582, 0.0 ], [ -87.934225, 42.280902, 0.0 ], [ -87.933508, 42.282183, 0.0 ], [ -87.933755, 42.282935, 0.0 ], [ -87.934398, 42.283301, 0.0 ], [ -87.935407, 42.283583, 0.0 ], [ -87.935661, 42.283841, 0.0 ], [ -87.935753, 42.284311, 0.0 ], [ -87.936175, 42.284432, 0.0 ], [ -87.93575, 42.284367, 0.0 ], [ -87.935492, 42.284739, 0.0 ], [ -87.935517, 42.285144, 0.0 ], [ -87.935843, 42.285253, 0.0 ], [ -87.936707, 42.285153, 0.0 ], [ -87.937444, 42.285461, 0.0 ], [ -87.937392, 42.285799, 0.0 ], [ -87.936887, 42.286233, 0.0 ], [ -87.936728, 42.286942, 0.0 ], [ -87.936889, 42.287637, 0.0 ], [ -87.937422, 42.288221, 0.0 ], [ -87.937653, 42.288851, 0.0 ], [ -87.933526, 42.288733, 0.0 ], [ -87.93363, 42.289603, 0.0 ], [ -87.934786, 42.291122, 0.0 ], [ -87.933296, 42.290942, 0.0 ], [ -87.924922, 42.29094, 0.0 ], [ -87.924828, 42.29412, 0.0 ], [ -87.924437, 42.295905, 0.0 ], [ -87.921213, 42.303525, 0.0 ], [ -87.920944, 42.304703, 0.0 ], [ -87.920866, 42.306013, 0.0 ], [ -87.914779, 42.309421, 0.0 ], [ -87.911265, 42.311006, 0.0 ], [ -87.909442, 42.311472, 0.0 ], [ -87.907732, 42.31169, 0.0 ], [ -87.904894, 42.311586, 0.0 ], [ -87.907084, 42.324852, 0.0 ], [ -87.907851, 42.327331, 0.0 ], [ -87.904071, 42.327333, 0.0 ], [ -87.905582, 42.338926, 0.0 ], [ -87.905333, 42.338941, 0.0 ], [ -87.905514, 42.340465, 0.0 ], [ -87.905749, 42.34071, 0.0 ], [ -87.906268, 42.346817, 0.0 ], [ -87.945214, 42.343385, 0.0 ], [ -87.935765, 42.356467, 0.0 ], [ -87.937877, 42.356574, 0.0 ], [ -87.937868, 42.360755, 0.0 ], [ -87.93717, 42.360748, 0.0 ], [ -87.938906, 42.363836, 0.0 ], [ -87.938451, 42.363835, 0.0 ], [ -87.939838, 42.366671, 0.0 ], [ -87.9404, 42.367655, 0.0 ], [ -87.940791, 42.367666, 0.0 ], [ -87.948056, 42.382471, 0.0 ], [ -87.948699, 42.384177, 0.0 ], [ -87.949049, 42.385699, 0.0 ], [ -87.941521, 42.385657, 0.0 ], [ -87.941392, 42.385686, 0.0 ], [ -87.941521, 42.386134, 0.0 ], [ -87.941142, 42.385992, 0.0 ], [ -87.92898, 42.385908, 0.0 ], [ -87.928885, 42.385601, 0.0 ], [ -87.924091, 42.385588, 0.0 ], [ -87.924091, 42.385885, 0.0 ], [ -87.921204, 42.38587, 0.0 ], [ -87.920844, 42.38556, 0.0 ], [ -87.920983, 42.385868, 0.0 ], [ -87.913907, 42.38581, 0.0 ], [ -87.915503, 42.389356, 0.0 ], [ -87.927486, 42.410544, 0.0 ], [ -87.928524, 42.4133, 0.0 ], [ -87.928882, 42.415789, 0.0 ], [ -87.928644, 42.429076, 0.0 ], [ -87.928537, 42.432461, 0.0 ], [ -87.928244, 42.432458, 0.0 ], [ -87.928046, 42.443384, 0.0 ], [ -87.8985, 42.443211, 0.0 ], [ -87.898774, 42.392581, 0.0 ], [ -87.885553, 42.39213, 0.0 ], [ -87.87486, 42.392064, 0.0 ], [ -87.874801, 42.395685, 0.0 ], [ -87.872349, 42.395651, 0.0 ], [ -87.872329, 42.396565, 0.0 ], [ -87.86988, 42.396555, 0.0 ], [ -87.869897, 42.395644, 0.0 ], [ -87.869112, 42.395637, 0.0 ], [ -87.869088, 42.396037, 0.0 ], [ -87.868875, 42.396117, 0.0 ], [ -87.865019, 42.396101, 0.0 ], [ -87.865095, 42.39201, 0.0 ], [ -87.850395, 42.39196, 0.0 ], [ -87.850365, 42.395665, 0.0 ], [ -87.842727, 42.395658, 0.0 ], [ -87.842666, 42.399162, 0.0 ], [ -87.822078, 42.399131, 0.0 ], [ -87.82085, 42.413807, 0.0 ], [ -87.80452, 42.413829, 0.0 ], [ -87.802921, 42.413777, 0.0 ], [ -87.802903, 42.41359, 0.0 ], [ -87.802588, 42.407498, 0.0 ], [ -87.80304, 42.404825, 0.0 ], [ -87.802905, 42.400324, 0.0 ], [ -87.802624, 42.396017, 0.0 ], [ -87.80169, 42.390572, 0.0 ], [ -87.801923, 42.390362, 0.0 ], [ -87.802955, 42.390096, 0.0 ], [ -87.804152, 42.388587, 0.0 ], [ -87.804762, 42.38678, 0.0 ], [ -87.804873, 42.386181, 0.0 ], [ -87.804785, 42.385471, 0.0 ], [ -87.805422, 42.383119, 0.0 ], [ -87.806691, 42.383466, 0.0 ], [ -87.807464, 42.382465, 0.0 ], [ -87.808549, 42.380087, 0.0 ], [ -87.808971, 42.378628, 0.0 ], [ -87.809569, 42.377274, 0.0 ], [ -87.81247, 42.371911, 0.0 ], [ -87.812569, 42.370067, 0.0 ], [ -87.813053, 42.367685, 0.0 ], [ -87.812784, 42.363864, 0.0 ], [ -87.810636, 42.362293, 0.0 ], [ -87.810765, 42.362246, 0.0 ], [ -87.813012, 42.363933, 0.0 ], [ -87.814853, 42.364175, 0.0 ], [ -87.816207, 42.36287, 0.0 ], [ -87.816496, 42.362331, 0.0 ], [ -87.816541, 42.361801, 0.0 ], [ -87.816501, 42.361463, 0.0 ], [ -87.814639, 42.361369, 0.0 ], [ -87.820127, 42.361402, 0.0 ], [ -87.820954, 42.361668, 0.0 ], [ -87.822083, 42.362594, 0.0 ], [ -87.822088, 42.36348, 0.0 ], [ -87.823609, 42.36321, 0.0 ], [ -87.82362, 42.361876, 0.0 ], [ -87.824116, 42.361844, 0.0 ], [ -87.824079, 42.36051, 0.0 ], [ -87.824296, 42.360323, 0.0 ], [ -87.824217, 42.359793, 0.0 ], [ -87.821344, 42.360788, 0.0 ], [ -87.813308, 42.36065, 0.0 ], [ -87.819747, 42.360708, 0.0 ], [ -87.819861, 42.356241, 0.0 ], [ -87.820483, 42.355773, 0.0 ], [ -87.820589, 42.355849, 0.0 ], [ -87.82, 42.356258, 0.0 ], [ -87.819916, 42.36068, 0.0 ], [ -87.821308, 42.360722, 0.0 ], [ -87.824128, 42.359767, 0.0 ], [ -87.824187, 42.357066, 0.0 ], [ -87.820604, 42.356703, 0.0 ], [ -87.823141, 42.35659, 0.0 ], [ -87.824544, 42.356775, 0.0 ], [ -87.825474, 42.355983, 0.0 ], [ -87.825823, 42.355383, 0.0 ], [ -87.825822, 42.353884, 0.0 ], [ -87.826087, 42.351431, 0.0 ], [ -87.826594, 42.348598, 0.0 ], [ -87.826411, 42.347499, 0.0 ], [ -87.826548, 42.347092, 0.0 ], [ -87.826913, 42.346805, 0.0 ], [ -87.827012, 42.346276, 0.0 ], [ -87.826923, 42.344498, 0.0 ], [ -87.826722, 42.343612, 0.0 ], [ -87.826862, 42.341266, 0.0 ], [ -87.826651, 42.340421, 0.0 ], [ -87.826871, 42.338914, 0.0 ], [ -87.826802, 42.338287, 0.0 ], [ -87.827367, 42.337162, 0.0 ], [ -87.827469, 42.336579, 0.0 ], [ -87.828401, 42.335103, 0.0 ], [ -87.828706, 42.334186, 0.0 ], [ -87.829702, 42.333007, 0.0 ], [ -87.830375, 42.331542, 0.0 ], [ -87.830748, 42.331318, 0.0 ], [ -87.831049, 42.330736, 0.0 ], [ -87.83143, 42.330534, 0.0 ], [ -87.831477, 42.330254, 0.0 ], [ -87.831639, 42.328538, 0.0 ], [ -87.831487, 42.327965, 0.0 ], [ -87.831712, 42.32768, 0.0 ], [ -87.831712, 42.326789, 0.0 ], [ -87.831972, 42.325747, 0.0 ], [ -87.831343, 42.323934, 0.0 ], [ -87.830518, 42.32227, 0.0 ], [ -87.830532, 42.321891, 0.0 ], [ -87.830745, 42.32163, 0.0 ], [ -87.830674, 42.321397, 0.0 ], [ -87.832246, 42.321592, 0.0 ], [ -87.832251, 42.322198, 0.0 ], [ -87.833994, 42.322198, 0.0 ], [ -87.833991, 42.32201, 0.0 ], [ -87.834173, 42.322009, 0.0 ], [ -87.834175, 42.322196, 0.0 ], [ -87.835037, 42.322208, 0.0 ], [ -87.834919, 42.321108, 0.0 ], [ -87.833, 42.320739, 0.0 ], [ -87.833, 42.319233, 0.0 ], [ -87.842167, 42.31929, 0.0 ], [ -87.842623, 42.319414, 0.0 ], [ -87.852528, 42.319375, 0.0 ], [ -87.852549, 42.317078, 0.0 ], [ -87.85249, 42.316949, 0.0 ], [ -87.852211, 42.317061, 0.0 ], [ -87.852177, 42.31603, 0.0 ], [ -87.852458, 42.315439, 0.0 ], [ -87.852485, 42.308824, 0.0 ], [ -87.854909, 42.308688, 0.0 ], [ -87.854907, 42.308364, 0.0 ], [ -87.857608, 42.308231, 0.0 ], [ -87.862544, 42.308602, 0.0 ], [ -87.885276, 42.308867, 0.0 ], [ -87.885265, 42.307534, 0.0 ], [ -87.885405, 42.307538, 0.0 ], [ -87.885483, 42.299706, 0.0 ], [ -87.885372, 42.298135, 0.0 ], [ -87.885601, 42.291085, 0.0 ], [ -87.885749, 42.290828, 0.0 ], [ -87.887076, 42.290814, 0.0 ], [ -87.885664, 42.289132, 0.0 ], [ -87.885635, 42.286983, 0.0 ], [ -87.886695, 42.28654, 0.0 ], [ -87.885639, 42.286145, 0.0 ], [ -87.885648, 42.279837, 0.0 ], [ -87.889686, 42.280037, 0.0 ], [ -87.905294, 42.280027, 0.0 ], [ -87.905346, 42.275351, 0.0 ], [ -87.909524, 42.273644, 0.0 ], [ -87.911578, 42.272276, 0.0 ], [ -87.904665, 42.26321, 0.0 ], [ -87.90519, 42.263013, 0.0 ], [ -87.905459, 42.263363, 0.0 ], [ -87.905467, 42.26191, 0.0 ], [ -87.924974, 42.261958, 0.0 ], [ -87.92526, 42.240269, 0.0 ], [ -87.930704, 42.24068, 0.0 ], [ -87.939059, 42.240543, 0.0 ], [ -87.938795, 42.239961, 0.0 ], [ -87.93725, 42.239073, 0.0 ], [ -87.93712, 42.239212, 0.0 ], [ -87.936942, 42.239102, 0.0 ], [ -87.936285, 42.238187, 0.0 ], [ -87.935746, 42.236672, 0.0 ], [ -87.93588, 42.235134, 0.0 ], [ -87.935805, 42.234906, 0.0 ], [ -87.935155, 42.234359, 0.0 ], [ -87.934901, 42.232089, 0.0 ], [ -87.933692, 42.230903, 0.0 ], [ -87.93343, 42.230104, 0.0 ], [ -87.93358, 42.228418, 0.0 ], [ -87.934922, 42.227557, 0.0 ], [ -87.937379, 42.22646, 0.0 ], [ -87.93772, 42.226046, 0.0 ], [ -87.936997, 42.224714, 0.0 ], [ -87.936629, 42.223463, 0.0 ], [ -87.936028, 42.222929, 0.0 ], [ -87.935128, 42.221536, 0.0 ], [ -87.934142, 42.220786, 0.0 ], [ -87.93326, 42.219611, 0.0 ], [ -87.932345, 42.21881, 0.0 ], [ -87.931633, 42.21875, 0.0 ], [ -87.930518, 42.217272, 0.0 ], [ -87.930217, 42.216314, 0.0 ], [ -87.930382, 42.215049, 0.0 ], [ -87.929451, 42.214646, 0.0 ], [ -87.927758, 42.214677, 0.0 ], [ -87.927596, 42.214854, 0.0 ], [ -87.926525, 42.214283, 0.0 ], [ -87.926748, 42.214202, 0.0 ], [ -87.926626, 42.213435, 0.0 ], [ -87.926729, 42.212914, 0.0 ], [ -87.926421, 42.211591, 0.0 ], [ -87.926798, 42.210322, 0.0 ], [ -87.926752, 42.209301, 0.0 ], [ -87.926089, 42.208611, 0.0 ], [ -87.924897, 42.208014, 0.0 ], [ -87.924415, 42.207926, 0.0 ], [ -87.924103, 42.207363, 0.0 ], [ -87.924114, 42.206839, 0.0 ], [ -87.924497, 42.206173, 0.0 ], [ -87.92555, 42.205034, 0.0 ], [ -87.925833, 42.205012, 0.0 ], [ -87.926123, 42.20449, 0.0 ], [ -87.925963, 42.204085, 0.0 ], [ -87.927368, 42.204116, 0.0 ], [ -87.927421, 42.20148, 0.0 ], [ -87.925803, 42.201231, 0.0 ], [ -87.925839, 42.196967, 0.0 ], [ -87.920552, 42.196812, 0.0 ], [ -87.922036, 42.195182, 0.0 ], [ -87.922283, 42.19438, 0.0 ], [ -87.922588, 42.194465, 0.0 ], [ -87.922302, 42.194265, 0.0 ], [ -87.921916, 42.193057, 0.0 ], [ -87.921263, 42.192337, 0.0 ], [ -87.919226, 42.191713, 0.0 ], [ -87.918809, 42.190939, 0.0 ], [ -87.918569, 42.19003, 0.0 ], [ -87.917188, 42.188764, 0.0 ], [ -87.916983, 42.188229, 0.0 ], [ -87.916413, 42.187833, 0.0 ], [ -87.9145, 42.186998, 0.0 ], [ -87.913698, 42.186087, 0.0 ], [ -87.913792, 42.18571, 0.0 ], [ -87.913493, 42.185942, 0.0 ], [ -87.913813, 42.185523, 0.0 ], [ -87.914015, 42.185476, 0.0 ], [ -87.913973, 42.185686, 0.0 ], [ -87.915469, 42.184905, 0.0 ], [ -87.916464, 42.184954, 0.0 ], [ -87.916819, 42.18526, 0.0 ], [ -87.917196, 42.185242, 0.0 ], [ -87.91746, 42.184897, 0.0 ], [ -87.916488, 42.184614, 0.0 ], [ -87.917351, 42.18432, 0.0 ], [ -87.918435, 42.183306, 0.0 ], [ -87.91888, 42.183384, 0.0 ], [ -87.919161, 42.183628, 0.0 ], [ -87.920615, 42.182052, 0.0 ], [ -87.920648, 42.181666, 0.0 ], [ -87.92036, 42.181484, 0.0 ], [ -87.920416, 42.181163, 0.0 ], [ -87.920983, 42.179975, 0.0 ], [ -87.92182, 42.178881, 0.0 ], [ -87.92218, 42.177796, 0.0 ], [ -87.922052, 42.177065, 0.0 ], [ -87.92133, 42.1759, 0.0 ], [ -87.921021, 42.175898, 0.0 ], [ -87.921022, 42.17561, 0.0 ], [ -87.922235, 42.17563, 0.0 ], [ -87.922651, 42.17634, 0.0 ], [ -87.924375, 42.176372, 0.0 ], [ -87.920828, 42.16453, 0.0 ], [ -87.920147, 42.162692, 0.0 ], [ -87.917484, 42.158132, 0.0 ], [ -87.907664, 42.139504, 0.0 ] ] ] } },
{ "type": "Feature", "properties": { "OID_": 0, "DISTRICT": "31", "STA": "IL", "ST": "17", "LABEL": "31", "DIST_NAME": "State Senate District 31", "TYPE": "State Legislature - Upper Chamber", "TYPE_ABB": "Leg_Upper", "ELECT_YEAR": "Enacted" }, "geometry": { "type": "Polygon", "coordinates": [ [ [ -87.95026, 42.263598, 0.0 ], [ -87.951153, 42.26371, 0.0 ], [ -87.953638, 42.264584, 0.0 ], [ -87.954443, 42.264695, 0.0 ], [ -87.955322, 42.264605, 0.0 ], [ -87.956783, 42.263995, 0.0 ], [ -87.957817, 42.263759, 0.0 ], [ -87.961347, 42.263944, 0.0 ], [ -87.961316, 42.26437, 0.0 ], [ -87.960813, 42.265467, 0.0 ], [ -87.961024, 42.265969, 0.0 ], [ -87.961783, 42.266752, 0.0 ], [ -87.962434, 42.266961, 0.0 ], [ -87.965847, 42.266971, 0.0 ], [ -87.965896, 42.269655, 0.0 ], [ -87.969083, 42.269331, 0.0 ], [ -87.969074, 42.269652, 0.0 ], [ -87.969328, 42.269653, 0.0 ], [ -87.969131, 42.269989, 0.0 ], [ -87.969091, 42.27233, 0.0 ], [ -87.969478, 42.272436, 0.0 ], [ -87.969467, 42.282789, 0.0 ], [ -87.970006, 42.283246, 0.0 ], [ -87.970337, 42.28296, 0.0 ], [ -87.971867, 42.282313, 0.0 ], [ -87.972622, 42.282244, 0.0 ], [ -87.972475, 42.284327, 0.0 ], [ -87.971555, 42.285014, 0.0 ], [ -87.971177, 42.285725, 0.0 ], [ -87.970147, 42.28664, 0.0 ], [ -87.970257, 42.286636, 0.0 ], [ -87.963316, 42.287437, 0.0 ], [ -87.962317, 42.288125, 0.0 ], [ -87.9621, 42.288123, 0.0 ], [ -87.962259, 42.288186, 0.0 ], [ -87.962219, 42.288607, 0.0 ], [ -87.962598, 42.288913, 0.0 ], [ -87.963803, 42.289506, 0.0 ], [ -87.965123, 42.289786, 0.0 ], [ -87.965469, 42.290416, 0.0 ], [ -87.965181, 42.290674, 0.0 ], [ -87.965063, 42.291095, 0.0 ], [ -87.965149, 42.291303, 0.0 ], [ -87.965464, 42.291363, 0.0 ], [ -87.965327, 42.292318, 0.0 ], [ -87.966333, 42.292114, 0.0 ], [ -87.966663, 42.292323, 0.0 ], [ -87.966662, 42.293226, 0.0 ], [ -87.966191, 42.294515, 0.0 ], [ -87.966888, 42.295265, 0.0 ], [ -87.966925, 42.295564, 0.0 ], [ -87.967843, 42.296755, 0.0 ], [ -87.968226, 42.296992, 0.0 ], [ -87.968177, 42.297288, 0.0 ], [ -87.969078, 42.297774, 0.0 ], [ -87.968975, 42.298148, 0.0 ], [ -87.969415, 42.298519, 0.0 ], [ -87.969453, 42.298736, 0.0 ], [ -87.971942, 42.29875, 0.0 ], [ -87.971904, 42.300853, 0.0 ], [ -87.973909, 42.300829, 0.0 ], [ -87.973751, 42.30159, 0.0 ], [ -87.973723, 42.305976, 0.0 ], [ -87.972496, 42.30597, 0.0 ], [ -87.972494, 42.30611, 0.0 ], [ -87.960098, 42.305948, 0.0 ], [ -87.963051, 42.309612, 0.0 ], [ -87.963527, 42.31071, 0.0 ], [ -87.963728, 42.311689, 0.0 ], [ -87.963628, 42.312759, 0.0 ], [ -87.961607, 42.31863, 0.0 ], [ -87.960732, 42.320474, 0.0 ], [ -87.974913, 42.320625, 0.0 ], [ -88.004562, 42.32058, 0.0 ], [ -88.004335, 42.311305, 0.0 ], [ -88.004231, 42.296179, 0.0 ], [ -88.005021, 42.296184, 0.0 ], [ -88.005047, 42.296618, 0.0 ], [ -88.007093, 42.296625, 0.0 ], [ -88.007106, 42.297063, 0.0 ], [ -88.009131, 42.297068, 0.0 ], [ -88.009162, 42.298178, 0.0 ], [ -88.018016, 42.299196, 0.0 ], [ -88.032293, 42.300247, 0.0 ], [ -88.032527, 42.299835, 0.0 ], [ -88.038173, 42.298943, 0.0 ], [ -88.043229, 42.298819, 0.0 ], [ -88.043208, 42.306132, 0.0 ], [ -88.065422, 42.306216, 0.0 ], [ -88.068801, 42.306112, 0.0 ], [ -88.068808, 42.306282, 0.0 ], [ -88.070765, 42.306241, 0.0 ], [ -88.07221, 42.305928, 0.0 ], [ -88.073017, 42.30553, 0.0 ], [ -88.076363, 42.303012, 0.0 ], [ -88.076639, 42.303269, 0.0 ], [ -88.076382, 42.303425, 0.0 ], [ -88.077544, 42.304319, 0.0 ], [ -88.082081, 42.305431, 0.0 ], [ -88.090037, 42.303208, 0.0 ], [ -88.098106, 42.305124, 0.0 ], [ -88.104681, 42.305351, 0.0 ], [ -88.108957, 42.306246, 0.0 ], [ -88.112774, 42.306198, 0.0 ], [ -88.118823, 42.306486, 0.0 ], [ -88.120569, 42.305963, 0.0 ], [ -88.120717, 42.328457, 0.0 ], [ -88.144985, 42.328525, 0.0 ], [ -88.144764, 42.350438, 0.0 ], [ -88.139905, 42.350468, 0.0 ], [ -88.1399, 42.357745, 0.0 ], [ -88.147251, 42.357767, 0.0 ], [ -88.147253, 42.361423, 0.0 ], [ -88.148487, 42.361427, 0.0 ], [ -88.148474, 42.362979, 0.0 ], [ -88.146039, 42.362971, 0.0 ], [ -88.146479, 42.362525, 0.0 ], [ -88.145209, 42.363471, 0.0 ], [ -88.144678, 42.364279, 0.0 ], [ -88.144614, 42.364701, 0.0 ], [ -88.14517, 42.36585, 0.0 ], [ -88.146083, 42.366599, 0.0 ], [ -88.146184, 42.366467, 0.0 ], [ -88.149213, 42.366467, 0.0 ], [ -88.14906, 42.368709, 0.0 ], [ -88.149235, 42.368718, 0.0 ], [ -88.148968, 42.368797, 0.0 ], [ -88.149071, 42.370246, 0.0 ], [ -88.148836, 42.371134, 0.0 ], [ -88.147961, 42.370537, 0.0 ], [ -88.148724, 42.371274, 0.0 ], [ -88.149693, 42.371463, 0.0 ], [ -88.149711, 42.372513, 0.0 ], [ -88.145885, 42.372294, 0.0 ], [ -88.139887, 42.372312, 0.0 ], [ -88.139841, 42.381232, 0.0 ], [ -88.13742, 42.381016, 0.0 ], [ -88.134166, 42.381339, 0.0 ], [ -88.133164, 42.381721, 0.0 ], [ -88.131848, 42.382679, 0.0 ], [ -88.130673, 42.383011, 0.0 ], [ -88.121979, 42.382885, 0.0 ], [ -88.120087, 42.383062, 0.0 ], [ -88.120391, 42.400984, 0.0 ], [ -88.107699, 42.400966, 0.0 ], [ -88.106487, 42.400745, 0.0 ], [ -88.105558, 42.40036, 0.0 ], [ -88.103506, 42.398813, 0.0 ], [ -88.101925, 42.398265, 0.0 ], [ -88.101982, 42.393705, 0.0 ], [ -88.097082, 42.393653, 0.0 ], [ -88.097083, 42.386398, 0.0 ], [ -88.092138, 42.386323, 0.0 ], [ -88.092132, 42.389954, 0.0 ], [ -88.087263, 42.389878, 0.0 ], [ -88.087143, 42.398014, 0.0 ], [ -88.078312, 42.398068, 0.0 ], [ -88.076533, 42.397755, 0.0 ], [ -88.071522, 42.396088, 0.0 ], [ -88.06522, 42.396073, 0.0 ], [ -88.065076, 42.395454, 0.0 ], [ -88.058025, 42.39541, 0.0 ], [ -88.057971, 42.398284, 0.0 ], [ -88.056818, 42.398279, 0.0 ], [ -88.056807, 42.399806, 0.0 ], [ -88.057935, 42.399858, 0.0 ], [ -88.057783, 42.40009, 0.0 ], [ -88.056748, 42.400672, 0.0 ], [ -88.051046, 42.400639, 0.0 ], [ -88.051034, 42.401256, 0.0 ], [ -88.052939, 42.401265, 0.0 ], [ -88.052886, 42.406199, 0.0 ], [ -88.053046, 42.406199, 0.0 ], [ -88.053019, 42.408018, 0.0 ], [ -88.043207, 42.408028, 0.0 ], [ -88.043361, 42.408899, 0.0 ], [ -88.042975, 42.408946, 0.0 ], [ -88.042486, 42.40827, 0.0 ], [ -88.041381, 42.407805, 0.0 ], [ -88.037917, 42.408189, 0.0 ], [ -88.036936, 42.40811, 0.0 ], [ -88.036129, 42.408495, 0.0 ], [ -88.035667, 42.409526, 0.0 ], [ -88.035973, 42.41081, 0.0 ], [ -88.036706, 42.411479, 0.0 ], [ -88.037367, 42.411518, 0.0 ], [ -88.037603, 42.411786, 0.0 ], [ -88.038764, 42.412339, 0.0 ], [ -88.040047, 42.413729, 0.0 ], [ -88.041117, 42.414292, 0.0 ], [ -88.040418, 42.414892, 0.0 ], [ -88.040701, 42.415031, 0.0 ], [ -88.042114, 42.415277, 0.0 ], [ -88.057761, 42.415437, 0.0 ], [ -88.057783, 42.417286, 0.0 ], [ -88.057937, 42.417323, 0.0 ], [ -88.057904, 42.422522, 0.0 ], [ -88.058024, 42.423136, 0.0 ], [ -88.059701, 42.426292, 0.0 ], [ -88.061045, 42.427998, 0.0 ], [ -88.060886, 42.428028, 0.0 ], [ -88.061202, 42.428187, 0.0 ], [ -88.062536, 42.429979, 0.0 ], [ -88.062398, 42.42998, 0.0 ], [ -88.06253, 42.43049, 0.0 ], [ -88.06245, 42.436325, 0.0 ], [ -88.062583, 42.436326, 0.0 ], [ -88.062474, 42.459043, 0.0 ], [ -88.052601, 42.459002, 0.0 ], [ -88.052649, 42.452609, 0.0 ], [ -88.052836, 42.452463, 0.0 ], [ -88.052842, 42.451613, 0.0 ], [ -88.052656, 42.451612, 0.0 ], [ -88.052655, 42.451749, 0.0 ], [ -88.047722, 42.451748, 0.0 ], [ -88.047731, 42.450402, 0.0 ], [ -88.0428, 42.450403, 0.0 ], [ -88.042827, 42.447243, 0.0 ], [ -88.037918, 42.447253, 0.0 ], [ -88.037923, 42.446687, 0.0 ], [ -88.032644, 42.447312, 0.0 ], [ -88.032612, 42.449217, 0.0 ], [ -88.030196, 42.449342, 0.0 ], [ -88.03013, 42.456925, 0.0 ], [ -88.02712, 42.456911, 0.0 ], [ -88.027551, 42.458033, 0.0 ], [ -88.027227, 42.4583, 0.0 ], [ -88.02735, 42.458642, 0.0 ], [ -88.027078, 42.458413, 0.0 ], [ -88.026558, 42.458684, 0.0 ], [ -88.025971, 42.458717, 0.0 ], [ -88.024779, 42.458438, 0.0 ], [ -88.024442, 42.458093, 0.0 ], [ -88.022738, 42.458247, 0.0 ], [ -88.022334, 42.458157, 0.0 ], [ -88.022576, 42.458087, 0.0 ], [ -88.022558, 42.457883, 0.0 ], [ -88.020388, 42.457787, 0.0 ], [ -88.019492, 42.458854, 0.0 ], [ -88.018308, 42.459103, 0.0 ], [ -88.017748, 42.458962, 0.0 ], [ -88.017754, 42.458749, 0.0 ], [ -88.017062, 42.457874, 0.0 ], [ -88.016526, 42.457521, 0.0 ], [ -88.015059, 42.45752, 0.0 ], [ -88.015579, 42.459164, 0.0 ], [ -88.016784, 42.464868, 0.0 ], [ -88.017925, 42.468898, 0.0 ], [ -88.01787, 42.480516, 0.0 ], [ -88.018059, 42.482629, 0.0 ], [ -88.018963, 42.484879, 0.0 ], [ -88.024283, 42.492941, 0.0 ], [ -88.025056, 42.495121, 0.0 ], [ -87.961778, 42.494764, 0.0 ], [ -87.902816, 42.49399, 0.0 ], [ -87.846589, 42.493086, 0.0 ], [ -87.805349, 42.492619, 0.0 ], [ -87.803224, 42.492574, 0.0 ], [ -87.800567, 42.491928, 0.0 ], [ -87.797278, 42.491928, 0.0 ], [ -87.79494, 42.48518, 0.0 ], [ -87.794124, 42.48217, 0.0 ], [ -87.793226, 42.476813, 0.0 ], [ -87.792736, 42.464412, 0.0 ], [ -87.793554, 42.446412, 0.0 ], [ -87.79543, 42.443342, 0.0 ], [ -87.797878, 42.43371, 0.0 ], [ -87.797715, 42.415501, 0.0 ], [ -87.797428, 42.413654, 0.0 ], [ -87.80452, 42.413829, 0.0 ], [ -87.82085, 42.413807, 0.0 ], [ -87.822078, 42.399131, 0.0 ], [ -87.842666, 42.399162, 0.0 ], [ -87.842727, 42.395658, 0.0 ], [ -87.850365, 42.395665, 0.0 ], [ -87.850395, 42.39196, 0.0 ], [ -87.865095, 42.39201, 0.0 ], [ -87.865019, 42.396101, 0.0 ], [ -87.868875, 42.396117, 0.0 ], [ -87.869088, 42.396037, 0.0 ], [ -87.869112, 42.395637, 0.0 ], [ -87.869897, 42.395644, 0.0 ], [ -87.86988, 42.396555, 0.0 ], [ -87.872329, 42.396565, 0.0 ], [ -87.872349, 42.395651, 0.0 ], [ -87.874801, 42.395685, 0.0 ], [ -87.87486, 42.392064, 0.0 ], [ -87.885553, 42.39213, 0.0 ], [ -87.898774, 42.392581, 0.0 ], [ -87.8985, 42.443211, 0.0 ], [ -87.928046, 42.443384, 0.0 ], [ -87.928244, 42.432458, 0.0 ], [ -87.928537, 42.432461, 0.0 ], [ -87.928644, 42.429076, 0.0 ], [ -87.928882, 42.415789, 0.0 ], [ -87.928524, 42.4133, 0.0 ], [ -87.927486, 42.410544, 0.0 ], [ -87.915503, 42.389356, 0.0 ], [ -87.913907, 42.38581, 0.0 ], [ -87.920983, 42.385868, 0.0 ], [ -87.920844, 42.38556, 0.0 ], [ -87.921204, 42.38587, 0.0 ], [ -87.924091, 42.385885, 0.0 ], [ -87.924091, 42.385588, 0.0 ], [ -87.928885, 42.385601, 0.0 ], [ -87.92898, 42.385908, 0.0 ], [ -87.941142, 42.385992, 0.0 ], [ -87.941521, 42.386134, 0.0 ], [ -87.941392, 42.385686, 0.0 ], [ -87.941521, 42.385657, 0.0 ], [ -87.949049, 42.385699, 0.0 ], [ -87.948699, 42.384177, 0.0 ], [ -87.948056, 42.382471, 0.0 ], [ -87.940791, 42.367666, 0.0 ], [ -87.9404, 42.367655, 0.0 ], [ -87.939838, 42.366671, 0.0 ], [ -87.938451, 42.363835, 0.0 ], [ -87.938906, 42.363836, 0.0 ], [ -87.93717, 42.360748, 0.0 ], [ -87.937868, 42.360755, 0.0 ], [ -87.937877, 42.356574, 0.0 ], [ -87.935765, 42.356467, 0.0 ], [ -87.945214, 42.343385, 0.0 ], [ -87.906268, 42.346817, 0.0 ], [ -87.905749, 42.34071, 0.0 ], [ -87.905514, 42.340465, 0.0 ], [ -87.905333, 42.338941, 0.0 ], [ -87.905582, 42.338926, 0.0 ], [ -87.904071, 42.327333, 0.0 ], [ -87.907851, 42.327331, 0.0 ], [ -87.907084, 42.324852, 0.0 ], [ -87.904894, 42.311586, 0.0 ], [ -87.907732, 42.31169, 0.0 ], [ -87.909442, 42.311472, 0.0 ], [ -87.911265, 42.311006, 0.0 ], [ -87.914779, 42.309421, 0.0 ], [ -87.920866, 42.306013, 0.0 ], [ -87.920944, 42.304703, 0.0 ], [ -87.921213, 42.303525, 0.0 ], [ -87.924437, 42.295905, 0.0 ], [ -87.924828, 42.29412, 0.0 ], [ -87.924922, 42.29094, 0.0 ], [ -87.933296, 42.290942, 0.0 ], [ -87.934786, 42.291122, 0.0 ], [ -87.93363, 42.289603, 0.0 ], [ -87.933526, 42.288733, 0.0 ], [ -87.937653, 42.288851, 0.0 ], [ -87.937422, 42.288221, 0.0 ], [ -87.936889, 42.287637, 0.0 ], [ -87.936728, 42.286942, 0.0 ], [ -87.936887, 42.286233, 0.0 ], [ -87.937392, 42.285799, 0.0 ], [ -87.937444, 42.285461, 0.0 ], [ -87.936707, 42.285153, 0.0 ], [ -87.935843, 42.285253, 0.0 ], [ -87.935517, 42.285144, 0.0 ], [ -87.935492, 42.284739, 0.0 ], [ -87.93575, 42.284367, 0.0 ], [ -87.936175, 42.284432, 0.0 ], [ -87.935753, 42.284311, 0.0 ], [ -87.935661, 42.283841, 0.0 ], [ -87.935407, 42.283583, 0.0 ], [ -87.934398, 42.283301, 0.0 ], [ -87.933755, 42.282935, 0.0 ], [ -87.933508, 42.282183, 0.0 ], [ -87.934225, 42.280902, 0.0 ], [ -87.934702, 42.280582, 0.0 ], [ -87.936314, 42.278284, 0.0 ], [ -87.937498, 42.277653, 0.0 ], [ -87.938876, 42.277408, 0.0 ], [ -87.939065, 42.277121, 0.0 ], [ -87.939386, 42.27507, 0.0 ], [ -87.939138, 42.274604, 0.0 ], [ -87.939747, 42.271741, 0.0 ], [ -87.938841, 42.26919, 0.0 ], [ -87.943788, 42.269032, 0.0 ], [ -87.950504, 42.26954, 0.0 ], [ -87.949209, 42.263668, 0.0 ], [ -87.95026, 42.263598, 0.0 ] ] ] } },
{ "type": "Feature", "properties": { "OID_": 0, "DISTRICT": "31", "STA": "IL", "ST": "17", "LABEL": "31", "DIST_NAME": "State Senate District 31", "TYPE": "State Legislature - Upper Chamber", "TYPE_ABB": "Leg_Upper", "ELECT_YEAR": "Enacted" }, "geometry": { "type": "Polygon", "coordinates": [ [ [ -87.972208, 42.286101, 0.0 ], [ -87.972313, 42.286145, 0.0 ], [ -87.972212, 42.286348, 0.0 ], [ -87.97261, 42.286364, 0.0 ], [ -87.97145, 42.286498, 0.0 ], [ -87.971565, 42.286408, 0.0 ], [ -87.972139, 42.286322, 0.0 ], [ -87.972208, 42.286101, 0.0 ] ] ] } },
{ "type": "Feature", "properties": { "OID_": 0, "DISTRICT": "31", "STA": "IL", "ST": "17", "LABEL": "31", "DIST_NAME": "State Senate District 31", "TYPE": "State Legislature - Upper Chamber", "TYPE_ABB": "Leg_Upper", "ELECT_YEAR": "Enacted" }, "geometry": { "type": "Polygon", "coordinates": [ [ [ -87.97145, 42.286498, 0.0 ], [ -87.971328, 42.286593, 0.0 ], [ -87.970257, 42.286636, 0.0 ], [ -87.97145, 42.286498, 0.0 ] ] ] } },
{ "type": "Feature", "properties": { "OID_": 0, "DISTRICT": "32", "STA": "IL", "ST": "17", "LABEL": "32", "DIST_NAME": "State Senate District 32", "TYPE": "State Legislature - Upper Chamber", "TYPE_ABB": "Leg_Upper", "ELECT_YEAR": "Enacted" }, "geometry": { "type": "Polygon", "coordinates": [ [ [ -88.428129, 42.168405, 0.0 ], [ -88.456522, 42.168236, 0.0 ], [ -88.456539, 42.169241, 0.0 ], [ -88.456757, 42.169926, 0.0 ], [ -88.457706, 42.171635, 0.0 ], [ -88.458678, 42.172672, 0.0 ], [ -88.462909, 42.175353, 0.0 ], [ -88.467688, 42.177618, 0.0 ], [ -88.471985, 42.180091, 0.0 ], [ -88.471916, 42.240538, 0.0 ], [ -88.589004, 42.240717, 0.0 ], [ -88.588705, 42.342237, 0.0 ], [ -88.589142, 42.400041, 0.0 ], [ -88.589046, 42.414824, 0.0 ], [ -88.589275, 42.472776, 0.0 ], [ -88.589394, 42.487363, 0.0 ], [ -88.589878, 42.495035, 0.0 ], [ -88.525715, 42.494928, 0.0 ], [ -88.500104, 42.494784, 0.0 ], [ -88.497804, 42.494626, 0.0 ], [ -88.470603, 42.494626, 0.0 ], [ -88.46182, 42.494806, 0.0 ], [ -88.431639, 42.494677, 0.0 ], [ -88.422247, 42.494503, 0.0 ], [ -88.421898, 42.494677, 0.0 ], [ -88.39, 42.494524, 0.0 ], [ -88.303198, 42.494626, 0.0 ], [ -88.279555, 42.494835, 0.0 ], [ -88.272669, 42.494826, 0.0 ], [ -88.270102, 42.494685, 0.0 ], [ -88.257033, 42.494897, 0.0 ], [ -88.237896, 42.494903, 0.0 ], [ -88.138884, 42.495612, 0.0 ], [ -88.081072, 42.495639, 0.0 ], [ -88.025056, 42.495121, 0.0 ], [ -88.024283, 42.492941, 0.0 ], [ -88.018963, 42.484879, 0.0 ], [ -88.018059, 42.482629, 0.0 ], [ -88.01787, 42.480516, 0.0 ], [ -88.017925, 42.468898, 0.0 ], [ -88.016784, 42.464868, 0.0 ], [ -88.015579, 42.459164, 0.0 ], [ -88.015059, 42.45752, 0.0 ], [ -88.016526, 42.457521, 0.0 ], [ -88.017062, 42.457874, 0.0 ], [ -88.017754, 42.458749, 0.0 ], [ -88.017748, 42.458962, 0.0 ], [ -88.018308, 42.459103, 0.0 ], [ -88.019492, 42.458854, 0.0 ], [ -88.020388, 42.457787, 0.0 ], [ -88.022558, 42.457883, 0.0 ], [ -88.022576, 42.458087, 0.0 ], [ -88.022334, 42.458157, 0.0 ], [ -88.022738, 42.458247, 0.0 ], [ -88.024442, 42.458093, 0.0 ], [ -88.024779, 42.458438, 0.0 ], [ -88.025971, 42.458717, 0.0 ], [ -88.026558, 42.458684, 0.0 ], [ -88.027078, 42.458413, 0.0 ], [ -88.02735, 42.458642, 0.0 ], [ -88.027227, 42.4583, 0.0 ], [ -88.027551, 42.458033, 0.0 ], [ -88.02712, 42.456911, 0.0 ], [ -88.03013, 42.456925, 0.0 ], [ -88.030196, 42.449342, 0.0 ], [ -88.032612, 42.449217, 0.0 ], [ -88.032644, 42.447312, 0.0 ], [ -88.037923, 42.446687, 0.0 ], [ -88.037918, 42.447253, 0.0 ], [ -88.042827, 42.447243, 0.0 ], [ -88.0428, 42.450403, 0.0 ], [ -88.047731, 42.450402, 0.0 ], [ -88.047722, 42.451748, 0.0 ], [ -88.052655, 42.451749, 0.0 ], [ -88.052656, 42.451612, 0.0 ], [ -88.052842, 42.451613, 0.0 ], [ -88.052836, 42.452463, 0.0 ], [ -88.052649, 42.452609, 0.0 ], [ -88.052601, 42.459002, 0.0 ], [ -88.062474, 42.459043, 0.0 ], [ -88.062583, 42.436326, 0.0 ], [ -88.06245, 42.436325, 0.0 ], [ -88.06253, 42.43049, 0.0 ], [ -88.062398, 42.42998, 0.0 ], [ -88.062536, 42.429979, 0.0 ], [ -88.061202, 42.428187, 0.0 ], [ -88.060886, 42.428028, 0.0 ], [ -88.061045, 42.427998, 0.0 ], [ -88.059701, 42.426292, 0.0 ], [ -88.058024, 42.423136, 0.0 ], [ -88.057904, 42.422522, 0.0 ], [ -88.057937, 42.417323, 0.0 ], [ -88.057783, 42.417286, 0.0 ], [ -88.057761, 42.415437, 0.0 ], [ -88.042114, 42.415277, 0.0 ], [ -88.040701, 42.415031, 0.0 ], [ -88.040418, 42.414892, 0.0 ], [ -88.041117, 42.414292, 0.0 ], [ -88.040047, 42.413729, 0.0 ], [ -88.038764, 42.412339, 0.0 ], [ -88.037603, 42.411786, 0.0 ], [ -88.037367, 42.411518, 0.0 ], [ -88.036706, 42.411479, 0.0 ], [ -88.035973, 42.41081, 0.0 ], [ -88.035667, 42.409526, 0.0 ], [ -88.036129, 42.408495, 0.0 ], [ -88.036936, 42.40811, 0.0 ], [ -88.037917, 42.408189, 0.0 ], [ -88.041381, 42.407805, 0.0 ], [ -88.042486, 42.40827, 0.0 ], [ -88.042975, 42.408946, 0.0 ], [ -88.043361, 42.408899, 0.0 ], [ -88.043207, 42.408028, 0.0 ], [ -88.053019, 42.408018, 0.0 ], [ -88.053046, 42.406199, 0.0 ], [ -88.052886, 42.406199, 0.0 ], [ -88.052939, 42.401265, 0.0 ], [ -88.051034, 42.401256, 0.0 ], [ -88.051046, 42.400639, 0.0 ], [ -88.056748, 42.400672, 0.0 ], [ -88.057783, 42.40009, 0.0 ], [ -88.057935, 42.399858, 0.0 ], [ -88.056807, 42.399806, 0.0 ], [ -88.056818, 42.398279, 0.0 ], [ -88.057971, 42.398284, 0.0 ], [ -88.058025, 42.39541, 0.0 ], [ -88.065076, 42.395454, 0.0 ], [ -88.06522, 42.396073, 0.0 ], [ -88.071522, 42.396088, 0.0 ], [ -88.076533, 42.397755, 0.0 ], [ -88.078312, 42.398068, 0.0 ], [ -88.087143, 42.398014, 0.0 ], [ -88.087263, 42.389878, 0.0 ], [ -88.092132, 42.389954, 0.0 ], [ -88.092138, 42.386323, 0.0 ], [ -88.097083, 42.386398, 0.0 ], [ -88.097082, 42.393653, 0.0 ], [ -88.101982, 42.393705, 0.0 ], [ -88.101925, 42.398265, 0.0 ], [ -88.103506, 42.398813, 0.0 ], [ -88.105558, 42.40036, 0.0 ], [ -88.106487, 42.400745, 0.0 ], [ -88.107699, 42.400966, 0.0 ], [ -88.120391, 42.400984, 0.0 ], [ -88.120087, 42.383062, 0.0 ], [ -88.121979, 42.382885, 0.0 ], [ -88.130673, 42.383011, 0.0 ], [ -88.131848, 42.382679, 0.0 ], [ -88.133164, 42.381721, 0.0 ], [ -88.134166, 42.381339, 0.0 ], [ -88.13742, 42.381016, 0.0 ], [ -88.139841, 42.381232, 0.0 ], [ -88.139887, 42.372312, 0.0 ], [ -88.145885, 42.372294, 0.0 ], [ -88.149711, 42.372513, 0.0 ], [ -88.149693, 42.371463, 0.0 ], [ -88.148724, 42.371274, 0.0 ], [ -88.147961, 42.370537, 0.0 ], [ -88.148836, 42.371134, 0.0 ], [ -88.149071, 42.370246, 0.0 ], [ -88.148968, 42.368797, 0.0 ], [ -88.149235, 42.368718, 0.0 ], [ -88.14906, 42.368709, 0.0 ], [ -88.149213, 42.366467, 0.0 ], [ -88.146184, 42.366467, 0.0 ], [ -88.146083, 42.366599, 0.0 ], [ -88.14517, 42.36585, 0.0 ], [ -88.144614, 42.364701, 0.0 ], [ -88.144678, 42.364279, 0.0 ], [ -88.145209, 42.363471, 0.0 ], [ -88.146479, 42.362525, 0.0 ], [ -88.146039, 42.362971, 0.0 ], [ -88.148474, 42.362979, 0.0 ], [ -88.148487, 42.361427, 0.0 ], [ -88.147253, 42.361423, 0.0 ], [ -88.147251, 42.357767, 0.0 ], [ -88.1399, 42.357745, 0.0 ], [ -88.139905, 42.350468, 0.0 ], [ -88.144764, 42.350438, 0.0 ], [ -88.144985, 42.328525, 0.0 ], [ -88.120717, 42.328457, 0.0 ], [ -88.120565, 42.297699, 0.0 ], [ -88.123919, 42.297238, 0.0 ], [ -88.125764, 42.296439, 0.0 ], [ -88.126533, 42.295804, 0.0 ], [ -88.127168, 42.295953, 0.0 ], [ -88.127615, 42.295128, 0.0 ], [ -88.130588, 42.295903, 0.0 ], [ -88.132187, 42.296523, 0.0 ], [ -88.135299, 42.298491, 0.0 ], [ -88.135225, 42.277493, 0.0 ], [ -88.18397, 42.27769, 0.0 ], [ -88.183936, 42.274509, 0.0 ], [ -88.185012, 42.274318, 0.0 ], [ -88.1856, 42.274377, 0.0 ], [ -88.187005, 42.273937, 0.0 ], [ -88.188339, 42.27379, 0.0 ], [ -88.191227, 42.273737, 0.0 ], [ -88.191233, 42.274554, 0.0 ], [ -88.19333, 42.27455, 0.0 ], [ -88.195688, 42.274018, 0.0 ], [ -88.196687, 42.274116, 0.0 ], [ -88.197594, 42.274438, 0.0 ], [ -88.198491, 42.274442, 0.0 ], [ -88.198468, 42.272293, 0.0 ], [ -88.199835, 42.272731, 0.0 ], [ -88.200932, 42.273484, 0.0 ], [ -88.207141, 42.280969, 0.0 ], [ -88.208539, 42.281937, 0.0 ], [ -88.209808, 42.282303, 0.0 ], [ -88.210868, 42.282355, 0.0 ], [ -88.221016, 42.28192, 0.0 ], [ -88.224049, 42.281193, 0.0 ], [ -88.226525, 42.279899, 0.0 ], [ -88.227788, 42.282128, 0.0 ], [ -88.228077, 42.283829, 0.0 ], [ -88.228075, 42.285034, 0.0 ], [ -88.228668, 42.285061, 0.0 ], [ -88.228533, 42.283339, 0.0 ], [ -88.227449, 42.280704, 0.0 ], [ -88.226797, 42.279738, 0.0 ], [ -88.228466, 42.278724, 0.0 ], [ -88.22934, 42.277977, 0.0 ], [ -88.236932, 42.277927, 0.0 ], [ -88.23842, 42.277122, 0.0 ], [ -88.242383, 42.276359, 0.0 ], [ -88.249726, 42.27413, 0.0 ], [ -88.257788, 42.274244, 0.0 ], [ -88.25741, 42.263501, 0.0 ], [ -88.257343, 42.252455, 0.0 ], [ -88.250412, 42.252488, 0.0 ], [ -88.250461, 42.245986, 0.0 ], [ -88.250772, 42.245137, 0.0 ], [ -88.251823, 42.244616, 0.0 ], [ -88.252743, 42.24345, 0.0 ], [ -88.252776, 42.241554, 0.0 ], [ -88.262042, 42.241552, 0.0 ], [ -88.261941, 42.238863, 0.0 ], [ -88.262072, 42.229904, 0.0 ], [ -88.26642, 42.229871, 0.0 ], [ -88.266452, 42.226688, 0.0 ], [ -88.276734, 42.226698, 0.0 ], [ -88.276796, 42.226113, 0.0 ], [ -88.280198, 42.22609, 0.0 ], [ -88.282763, 42.22705, 0.0 ], [ -88.282724, 42.227262, 0.0 ], [ -88.287788, 42.22919, 0.0 ], [ -88.287814, 42.229425, 0.0 ], [ -88.287956, 42.22948, 0.0 ], [ -88.287926, 42.229243, 0.0 ], [ -88.291857, 42.230856, 0.0 ], [ -88.305576, 42.237987, 0.0 ], [ -88.305535, 42.238091, 0.0 ], [ -88.311479, 42.241227, 0.0 ], [ -88.316092, 42.241133, 0.0 ], [ -88.316112, 42.243303, 0.0 ], [ -88.317006, 42.243395, 0.0 ], [ -88.319942, 42.244893, 0.0 ], [ -88.321002, 42.24473, 0.0 ], [ -88.335758, 42.244569, 0.0 ], [ -88.335757, 42.240974, 0.0 ], [ -88.35506, 42.24076, 0.0 ], [ -88.374361, 42.240773, 0.0 ], [ -88.374217, 42.230174, 0.0 ], [ -88.370035, 42.230115, 0.0 ], [ -88.369355, 42.230052, 0.0 ], [ -88.369363, 42.229909, 0.0 ], [ -88.364393, 42.229932, 0.0 ], [ -88.364529, 42.219033, 0.0 ], [ -88.363159, 42.219037, 0.0 ], [ -88.363139, 42.218115, 0.0 ], [ -88.364572, 42.218215, 0.0 ], [ -88.364326, 42.204493, 0.0 ], [ -88.383628, 42.204611, 0.0 ], [ -88.383726, 42.190298, 0.0 ], [ -88.38658, 42.190325, 0.0 ], [ -88.387286, 42.190545, 0.0 ], [ -88.387852, 42.190941, 0.0 ], [ -88.388384, 42.190548, 0.0 ], [ -88.391399, 42.190289, 0.0 ], [ -88.393225, 42.191011, 0.0 ], [ -88.393198, 42.190096, 0.0 ], [ -88.403057, 42.190061, 0.0 ], [ -88.403107, 42.182828, 0.0 ], [ -88.411361, 42.182776, 0.0 ], [ -88.413804, 42.182993, 0.0 ], [ -88.421905, 42.182985, 0.0 ], [ -88.422522, 42.1831, 0.0 ], [ -88.423281, 42.181934, 0.0 ], [ -88.426286, 42.179001, 0.0 ], [ -88.427036, 42.177762, 0.0 ], [ -88.427258, 42.176743, 0.0 ], [ -88.427307, 42.173788, 0.0 ], [ -88.428129, 42.168405, 0.0 ] ] ] } },
{ "type": "Feature", "properties": { "OID_": 0, "DISTRICT": "33", "STA": "IL", "ST": "17", "LABEL": "33", "DIST_NAME": "State Senate District 33", "TYPE": "State Legislature - Upper Chamber", "TYPE_ABB": "Leg_Upper", "ELECT_YEAR": "Enacted" }, "geometry": { "type": "Polygon", "coordinates": [ [ [ -88.489117, 41.763656, 0.0 ], [ -88.489466, 41.804919, 0.0 ], [ -88.48898, 41.840966, 0.0 ], [ -88.488807, 41.850246, 0.0 ], [ -88.488654, 41.85204, 0.0 ], [ -88.488958, 41.860271, 0.0 ], [ -88.48852, 41.881327, 0.0 ], [ -88.488338, 41.894612, 0.0 ], [ -88.488456, 41.901042, 0.0 ], [ -88.488022, 41.923984, 0.0 ], [ -88.488535, 41.950461, 0.0 ], [ -88.488683, 41.982506, 0.0 ], [ -88.477878, 41.982773, 0.0 ], [ -88.477743, 41.984365, 0.0 ], [ -88.477413, 41.985147, 0.0 ], [ -88.476573, 41.986159, 0.0 ], [ -88.475822, 41.986706, 0.0 ], [ -88.474237, 41.987361, 0.0 ], [ -88.468205, 41.988381, 0.0 ], [ -88.467025, 41.988727, 0.0 ], [ -88.465412, 41.98963, 0.0 ], [ -88.464198, 41.990964, 0.0 ], [ -88.463705, 41.992137, 0.0 ], [ -88.463562, 41.992944, 0.0 ], [ -88.463705, 42.007354, 0.0 ], [ -88.464084, 42.019371, 0.0 ], [ -88.420351, 42.020115, 0.0 ], [ -88.420563, 42.034323, 0.0 ], [ -88.420418, 42.043395, 0.0 ], [ -88.420093, 42.046945, 0.0 ], [ -88.396468, 42.043964, 0.0 ], [ -88.394683, 42.043578, 0.0 ], [ -88.391315, 42.042526, 0.0 ], [ -88.379685, 42.042592, 0.0 ], [ -88.376268, 42.042924, 0.0 ], [ -88.376263, 42.049916, 0.0 ], [ -88.376618, 42.065977, 0.0 ], [ -88.376222, 42.066756, 0.0 ], [ -88.374944, 42.06823, 0.0 ], [ -88.374512, 42.069216, 0.0 ], [ -88.374496, 42.077578, 0.0 ], [ -88.358094, 42.072628, 0.0 ], [ -88.355237, 42.072422, 0.0 ], [ -88.355133, 42.079333, 0.0 ], [ -88.354865, 42.079329, 0.0 ], [ -88.354782, 42.089097, 0.0 ], [ -88.359622, 42.091197, 0.0 ], [ -88.35962, 42.091466, 0.0 ], [ -88.354778, 42.089341, 0.0 ], [ -88.354422, 42.154008, 0.0 ], [ -88.354716, 42.204531, 0.0 ], [ -88.364326, 42.204493, 0.0 ], [ -88.364572, 42.218215, 0.0 ], [ -88.363139, 42.218115, 0.0 ], [ -88.363159, 42.219037, 0.0 ], [ -88.364529, 42.219033, 0.0 ], [ -88.364393, 42.229932, 0.0 ], [ -88.369363, 42.229909, 0.0 ], [ -88.369355, 42.230052, 0.0 ], [ -88.370035, 42.230115, 0.0 ], [ -88.374217, 42.230174, 0.0 ], [ -88.374361, 42.240773, 0.0 ], [ -88.35506, 42.24076, 0.0 ], [ -88.335757, 42.240974, 0.0 ], [ -88.335758, 42.244569, 0.0 ], [ -88.319773, 42.244849, 0.0 ], [ -88.317006, 42.243395, 0.0 ], [ -88.316112, 42.243303, 0.0 ], [ -88.316092, 42.241133, 0.0 ], [ -88.311479, 42.241227, 0.0 ], [ -88.305535, 42.238091, 0.0 ], [ -88.305576, 42.237987, 0.0 ], [ -88.296274, 42.233182, 0.0 ], [ -88.296288, 42.226148, 0.0 ], [ -88.311135, 42.226195, 0.0 ], [ -88.310911, 42.224067, 0.0 ], [ -88.310954, 42.223078, 0.0 ], [ -88.314432, 42.223099, 0.0 ], [ -88.314464, 42.226219, 0.0 ], [ -88.315796, 42.226227, 0.0 ], [ -88.315635, 42.217966, 0.0 ], [ -88.316375, 42.216645, 0.0 ], [ -88.316553, 42.216031, 0.0 ], [ -88.315789, 42.213945, 0.0 ], [ -88.315721, 42.211645, 0.0 ], [ -88.320426, 42.211353, 0.0 ], [ -88.32572, 42.211291, 0.0 ], [ -88.325714, 42.204495, 0.0 ], [ -88.32541, 42.204495, 0.0 ], [ -88.325407, 42.196222, 0.0 ], [ -88.325707, 42.196228, 0.0 ], [ -88.325747, 42.190287, 0.0 ], [ -88.315559, 42.190073, 0.0 ], [ -88.315447, 42.188589, 0.0 ], [ -88.315557, 42.183089, 0.0 ], [ -88.316326, 42.183086, 0.0 ], [ -88.316331, 42.182821, 0.0 ], [ -88.317842, 42.182871, 0.0 ], [ -88.317442, 42.18113, 0.0 ], [ -88.316422, 42.179616, 0.0 ], [ -88.316858, 42.17859, 0.0 ], [ -88.316417, 42.177633, 0.0 ], [ -88.31626, 42.175967, 0.0 ], [ -88.315907, 42.174574, 0.0 ], [ -88.315969, 42.167281, 0.0 ], [ -88.317054, 42.167168, 0.0 ], [ -88.318629, 42.165882, 0.0 ], [ -88.320576, 42.165148, 0.0 ], [ -88.322892, 42.164963, 0.0 ], [ -88.324388, 42.164485, 0.0 ], [ -88.328764, 42.164281, 0.0 ], [ -88.331514, 42.163331, 0.0 ], [ -88.334411, 42.161329, 0.0 ], [ -88.335617, 42.161243, 0.0 ], [ -88.335835, 42.155807, 0.0 ], [ -88.334244, 42.155803, 0.0 ], [ -88.334233, 42.15556, 0.0 ], [ -88.333343, 42.15549, 0.0 ], [ -88.332594, 42.155239, 0.0 ], [ -88.332628, 42.15393, 0.0 ], [ -88.31669, 42.153852, 0.0 ], [ -88.316262, 42.154564, 0.0 ], [ -88.316271, 42.15385, 0.0 ], [ -88.315206, 42.153832, 0.0 ], [ -88.297022, 42.153945, 0.0 ], [ -88.286496, 42.153731, 0.0 ], [ -88.27729, 42.153979, 0.0 ], [ -88.265158, 42.153675, 0.0 ], [ -88.260865, 42.154028, 0.0 ], [ -88.257695, 42.154081, 0.0 ], [ -88.257548, 42.146666, 0.0 ], [ -88.257801, 42.139583, 0.0 ], [ -88.272426, 42.139503, 0.0 ], [ -88.272523, 42.138837, 0.0 ], [ -88.273123, 42.138686, 0.0 ], [ -88.274772, 42.139325, 0.0 ], [ -88.274424, 42.138227, 0.0 ], [ -88.276214, 42.137627, 0.0 ], [ -88.27564, 42.135641, 0.0 ], [ -88.275701, 42.133314, 0.0 ], [ -88.276062, 42.131319, 0.0 ], [ -88.276298, 42.128155, 0.0 ], [ -88.276959, 42.127307, 0.0 ], [ -88.275926, 42.12728, 0.0 ], [ -88.27437, 42.127704, 0.0 ], [ -88.274025, 42.128048, 0.0 ], [ -88.273443, 42.128287, 0.0 ], [ -88.272695, 42.128331, 0.0 ], [ -88.272577, 42.127384, 0.0 ], [ -88.273504, 42.127199, 0.0 ], [ -88.272993, 42.123449, 0.0 ], [ -88.269749, 42.123443, 0.0 ], [ -88.268276, 42.122773, 0.0 ], [ -88.267617, 42.122767, 0.0 ], [ -88.267586, 42.113925, 0.0 ], [ -88.260535, 42.113823, 0.0 ], [ -88.260529, 42.113945, 0.0 ], [ -88.257974, 42.113953, 0.0 ], [ -88.257878, 42.084455, 0.0 ], [ -88.25812, 42.082117, 0.0 ], [ -88.25875, 42.078961, 0.0 ], [ -88.259737, 42.079071, 0.0 ], [ -88.259862, 42.078453, 0.0 ], [ -88.258869, 42.078349, 0.0 ], [ -88.260259, 42.071519, 0.0 ], [ -88.261655, 42.068622, 0.0 ], [ -88.263069, 42.066885, 0.0 ], [ -88.270742, 42.066815, 0.0 ], [ -88.270816, 42.06641, 0.0 ], [ -88.271149, 42.066115, 0.0 ], [ -88.272049, 42.066157, 0.0 ], [ -88.273312, 42.065938, 0.0 ], [ -88.277002, 42.065907, 0.0 ], [ -88.276993, 42.065529, 0.0 ], [ -88.277979, 42.065316, 0.0 ], [ -88.278546, 42.065494, 0.0 ], [ -88.278904, 42.065357, 0.0 ], [ -88.278884, 42.064985, 0.0 ], [ -88.280069, 42.06497, 0.0 ], [ -88.280984, 42.064614, 0.0 ], [ -88.280423, 42.06387, 0.0 ], [ -88.281691, 42.063406, 0.0 ], [ -88.283086, 42.061672, 0.0 ], [ -88.283086, 42.060789, 0.0 ], [ -88.282609, 42.060092, 0.0 ], [ -88.282235, 42.060076, 0.0 ], [ -88.282214, 42.059844, 0.0 ], [ -88.282965, 42.059356, 0.0 ], [ -88.283011, 42.058525, 0.0 ], [ -88.286614, 42.058305, 0.0 ], [ -88.290725, 42.058487, 0.0 ], [ -88.294977, 42.058404, 0.0 ], [ -88.302296, 42.058696, 0.0 ], [ -88.315431, 42.058405, 0.0 ], [ -88.31536, 42.055441, 0.0 ], [ -88.315694, 42.049301, 0.0 ], [ -88.316082, 42.049181, 0.0 ], [ -88.316, 42.048734, 0.0 ], [ -88.316538, 42.048402, 0.0 ], [ -88.316332, 42.04821, 0.0 ], [ -88.315761, 42.048249, 0.0 ], [ -88.315632, 42.048053, 0.0 ], [ -88.316003, 42.046581, 0.0 ], [ -88.315538, 42.046129, 0.0 ], [ -88.315947, 42.04595, 0.0 ], [ -88.315641, 42.045724, 0.0 ], [ -88.315669, 42.045589, 0.0 ], [ -88.316413, 42.045317, 0.0 ], [ -88.316645, 42.044805, 0.0 ], [ -88.316544, 42.04441, 0.0 ], [ -88.31691, 42.044239, 0.0 ], [ -88.316753, 42.043754, 0.0 ], [ -88.31698, 42.043578, 0.0 ], [ -88.316834, 42.040457, 0.0 ], [ -88.311885, 42.03977, 0.0 ], [ -88.311885, 42.038086, 0.0 ], [ -88.317381, 42.038059, 0.0 ], [ -88.319939, 42.037732, 0.0 ], [ -88.319939, 42.037357, 0.0 ], [ -88.322896, 42.037313, 0.0 ], [ -88.322635, 42.036985, 0.0 ], [ -88.320852, 42.035737, 0.0 ], [ -88.320417, 42.034986, 0.0 ], [ -88.32025, 42.032942, 0.0 ], [ -88.320255, 42.026047, 0.0 ], [ -88.336096, 42.03141, 0.0 ], [ -88.336196, 42.031873, 0.0 ], [ -88.337195, 42.031934, 0.0 ], [ -88.338134, 42.032212, 0.0 ], [ -88.33807, 42.030235, 0.0 ], [ -88.339408, 42.022623, 0.0 ], [ -88.339324, 42.02195, 0.0 ], [ -88.338904, 42.020833, 0.0 ], [ -88.336793, 42.017925, 0.0 ], [ -88.336403, 42.016832, 0.0 ], [ -88.336197, 42.007036, 0.0 ], [ -88.326543, 42.007203, 0.0 ], [ -88.322169, 42.006786, 0.0 ], [ -88.320594, 42.006775, 0.0 ], [ -88.320579, 42.010486, 0.0 ], [ -88.314888, 42.010524, 0.0 ], [ -88.315161, 42.006473, 0.0 ], [ -88.31169, 42.00653, 0.0 ], [ -88.311685, 42.006266, 0.0 ], [ -88.31136, 42.006261, 0.0 ], [ -88.31136, 42.006101, 0.0 ], [ -88.302114, 42.006262, 0.0 ], [ -88.301993, 42.012693, 0.0 ], [ -88.290005, 42.01255, 0.0 ], [ -88.290022, 42.012299, 0.0 ], [ -88.288, 42.012345, 0.0 ], [ -88.287684, 42.012167, 0.0 ], [ -88.285082, 42.012337, 0.0 ], [ -88.280186, 42.012234, 0.0 ], [ -88.280078, 42.01261, 0.0 ], [ -88.274621, 42.012542, 0.0 ], [ -88.274474, 42.010462, 0.0 ], [ -88.269845, 42.012577, 0.0 ], [ -88.268467, 42.01207, 0.0 ], [ -88.266771, 42.011748, 0.0 ], [ -88.264809, 42.011729, 0.0 ], [ -88.263192, 42.01199, 0.0 ], [ -88.263216, 42.013938, 0.0 ], [ -88.262507, 42.013483, 0.0 ], [ -88.262194, 42.013482, 0.0 ], [ -88.261746, 42.013882, 0.0 ], [ -88.26084, 42.013829, 0.0 ], [ -88.260756, 42.014145, 0.0 ], [ -88.261106, 42.014269, 0.0 ], [ -88.261078, 42.014385, 0.0 ], [ -88.260243, 42.015087, 0.0 ], [ -88.259383, 42.014917, 0.0 ], [ -88.258279, 42.015334, 0.0 ], [ -88.252823, 42.015332, 0.0 ], [ -88.252824, 42.019434, 0.0 ], [ -88.244717, 42.019533, 0.0 ], [ -88.243795, 42.019312, 0.0 ], [ -88.242415, 42.018697, 0.0 ], [ -88.237204, 42.017515, 0.0 ], [ -88.2365, 42.017723, 0.0 ], [ -88.236185, 42.018282, 0.0 ], [ -88.235264, 42.018075, 0.0 ], [ -88.230626, 42.016956, 0.0 ], [ -88.22728, 42.01553, 0.0 ], [ -88.22602, 42.015183, 0.0 ], [ -88.220738, 42.014955, 0.0 ], [ -88.219602, 42.014518, 0.0 ], [ -88.218187, 42.013361, 0.0 ], [ -88.217345, 42.012884, 0.0 ], [ -88.213197, 42.011762, 0.0 ], [ -88.207622, 42.009726, 0.0 ], [ -88.205723, 42.009317, 0.0 ], [ -88.206313, 42.009286, 0.0 ], [ -88.200244, 42.007234, 0.0 ], [ -88.196831, 42.00635, 0.0 ], [ -88.190014, 42.005244, 0.0 ], [ -88.184157, 42.003629, 0.0 ], [ -88.177095, 42.002021, 0.0 ], [ -88.177119, 41.998705, 0.0 ], [ -88.1753, 41.998728, 0.0 ], [ -88.175308, 41.99689, 0.0 ], [ -88.174122, 41.996887, 0.0 ], [ -88.174102, 41.987707, 0.0 ], [ -88.191183, 41.987547, 0.0 ], [ -88.191241, 41.987736, 0.0 ], [ -88.192081, 41.98778, 0.0 ], [ -88.192464, 41.987975, 0.0 ], [ -88.192696, 41.988429, 0.0 ], [ -88.192421, 41.989176, 0.0 ], [ -88.192456, 41.990166, 0.0 ], [ -88.193178, 41.991355, 0.0 ], [ -88.193235, 41.993101, 0.0 ], [ -88.194918, 41.99346, 0.0 ], [ -88.197617, 41.994368, 0.0 ], [ -88.199232, 41.994658, 0.0 ], [ -88.269477, 41.993511, 0.0 ], [ -88.27185, 41.994126, 0.0 ], [ -88.276732, 41.994113, 0.0 ], [ -88.282905, 41.993306, 0.0 ], [ -88.293689, 41.993352, 0.0 ], [ -88.294385, 41.993225, 0.0 ], [ -88.294243, 41.989447, 0.0 ], [ -88.294747, 41.986839, 0.0 ], [ -88.29475, 41.985938, 0.0 ], [ -88.294134, 41.986082, 0.0 ], [ -88.294073, 41.985868, 0.0 ], [ -88.294769, 41.98575, 0.0 ], [ -88.294962, 41.983857, 0.0 ], [ -88.294707, 41.983684, 0.0 ], [ -88.294734, 41.983306, 0.0 ], [ -88.294002, 41.982108, 0.0 ], [ -88.293592, 41.980619, 0.0 ], [ -88.293739, 41.978522, 0.0 ], [ -88.28898, 41.978311, 0.0 ], [ -88.278805, 41.977089, 0.0 ], [ -88.277388, 41.978286, 0.0 ], [ -88.276659, 41.978677, 0.0 ], [ -88.275821, 41.978871, 0.0 ], [ -88.27279, 41.978438, 0.0 ], [ -88.271768, 41.978761, 0.0 ], [ -88.270197, 41.978802, 0.0 ], [ -88.269417, 41.979091, 0.0 ], [ -88.269259, 41.980187, 0.0 ], [ -88.269, 41.980776, 0.0 ], [ -88.269187, 41.979158, 0.0 ], [ -88.269087, 41.97781, 0.0 ], [ -88.267671, 41.975699, 0.0 ], [ -88.262827, 41.974565, 0.0 ], [ -88.262842, 41.976367, 0.0 ], [ -88.254439, 41.977216, 0.0 ], [ -88.245768, 41.977024, 0.0 ], [ -88.237027, 41.975957, 0.0 ], [ -88.236948, 41.969093, 0.0 ], [ -88.236679, 41.968467, 0.0 ], [ -88.236159, 41.967998, 0.0 ], [ -88.240167, 41.969001, 0.0 ], [ -88.240184, 41.968842, 0.0 ], [ -88.237135, 41.968071, 0.0 ], [ -88.237569, 41.936013, 0.0 ], [ -88.242596, 41.935978, 0.0 ], [ -88.243167, 41.937184, 0.0 ], [ -88.26269, 41.937186, 0.0 ], [ -88.26269, 41.937034, 0.0 ], [ -88.266525, 41.936959, 0.0 ], [ -88.266554, 41.933258, 0.0 ], [ -88.266408, 41.933215, 0.0 ], [ -88.266422, 41.9318, 0.0 ], [ -88.266788, 41.931745, 0.0 ], [ -88.26689, 41.932007, 0.0 ], [ -88.270358, 41.931909, 0.0 ], [ -88.270329, 41.932224, 0.0 ], [ -88.271237, 41.933269, 0.0 ], [ -88.280744, 41.934147, 0.0 ], [ -88.279944, 41.936582, 0.0 ], [ -88.278566, 41.938718, 0.0 ], [ -88.281418, 41.938927, 0.0 ], [ -88.281364, 41.937459, 0.0 ], [ -88.287934, 41.937302, 0.0 ], [ -88.287945, 41.936242, 0.0 ], [ -88.289347, 41.936221, 0.0 ], [ -88.29029, 41.935787, 0.0 ], [ -88.29079, 41.936146, 0.0 ], [ -88.291706, 41.936478, 0.0 ], [ -88.292011, 41.93682, 0.0 ], [ -88.292195, 41.937942, 0.0 ], [ -88.293797, 41.937821, 0.0 ], [ -88.296466, 41.938004, 0.0 ], [ -88.313809, 41.937068, 0.0 ], [ -88.314228, 41.936015, 0.0 ], [ -88.314898, 41.935791, 0.0 ], [ -88.315492, 41.933239, 0.0 ], [ -88.315984, 41.932215, 0.0 ], [ -88.316634, 41.931373, 0.0 ], [ -88.316847, 41.930195, 0.0 ], [ -88.316614, 41.928469, 0.0 ], [ -88.316815, 41.927611, 0.0 ], [ -88.317887, 41.926713, 0.0 ], [ -88.318514, 41.925702, 0.0 ], [ -88.318767, 41.925617, 0.0 ], [ -88.319217, 41.925093, 0.0 ], [ -88.319263, 41.924741, 0.0 ], [ -88.31921, 41.923909, 0.0 ], [ -88.318507, 41.923216, 0.0 ], [ -88.318338, 41.923781, 0.0 ], [ -88.318436, 41.923941, 0.0 ], [ -88.318924, 41.923893, 0.0 ], [ -88.318988, 41.924247, 0.0 ], [ -88.318529, 41.924277, 0.0 ], [ -88.318361, 41.923987, 0.0 ], [ -88.318248, 41.924198, 0.0 ], [ -88.318687, 41.924561, 0.0 ], [ -88.318542, 41.924931, 0.0 ], [ -88.318191, 41.924944, 0.0 ], [ -88.317934, 41.924583, 0.0 ], [ -88.317738, 41.923023, 0.0 ], [ -88.317354, 41.921948, 0.0 ], [ -88.316462, 41.919962, 0.0 ], [ -88.31559, 41.918492, 0.0 ], [ -88.315328, 41.918451, 0.0 ], [ -88.315452, 41.918262, 0.0 ], [ -88.314878, 41.917418, 0.0 ], [ -88.314941, 41.916893, 0.0 ], [ -88.339998, 41.917345, 0.0 ], [ -88.339997, 41.912642, 0.0 ], [ -88.347834, 41.913012, 0.0 ], [ -88.349307, 41.91332, 0.0 ], [ -88.350593, 41.913186, 0.0 ], [ -88.360168, 41.91355, 0.0 ], [ -88.360012, 41.907738, 0.0 ], [ -88.359305, 41.904078, 0.0 ], [ -88.359481, 41.897387, 0.0 ], [ -88.340397, 41.89773, 0.0 ], [ -88.340408, 41.881715, 0.0 ], [ -88.341213, 41.881322, 0.0 ], [ -88.341203, 41.88115, 0.0 ], [ -88.34484, 41.879278, 0.0 ], [ -88.345061, 41.878589, 0.0 ], [ -88.346657, 41.878316, 0.0 ], [ -88.34898, 41.87719, 0.0 ], [ -88.370697, 41.866147, 0.0 ], [ -88.37121, 41.86582, 0.0 ], [ -88.371267, 41.865491, 0.0 ], [ -88.372936, 41.865263, 0.0 ], [ -88.375565, 41.864463, 0.0 ], [ -88.37573, 41.851971, 0.0 ], [ -88.375591, 41.851974, 0.0 ], [ -88.375593, 41.851383, 0.0 ], [ -88.376038, 41.831919, 0.0 ], [ -88.376027, 41.824476, 0.0 ], [ -88.383748, 41.826136, 0.0 ], [ -88.388218, 41.828214, 0.0 ], [ -88.395827, 41.827636, 0.0 ], [ -88.397655, 41.827993, 0.0 ], [ -88.402095, 41.823589, 0.0 ], [ -88.402964, 41.821527, 0.0 ], [ -88.402912, 41.813296, 0.0 ], [ -88.404426, 41.813282, 0.0 ], [ -88.404385, 41.809836, 0.0 ], [ -88.402502, 41.809851, 0.0 ], [ -88.402184, 41.809188, 0.0 ], [ -88.401546, 41.808634, 0.0 ], [ -88.398984, 41.8073, 0.0 ], [ -88.396389, 41.806566, 0.0 ], [ -88.395695, 41.8061, 0.0 ], [ -88.395417, 41.805419, 0.0 ], [ -88.395434, 41.800641, 0.0 ], [ -88.395291, 41.800366, 0.0 ], [ -88.395459, 41.79963, 0.0 ], [ -88.395479, 41.795813, 0.0 ], [ -88.396617, 41.795597, 0.0 ], [ -88.401482, 41.79378, 0.0 ], [ -88.401359, 41.7936, 0.0 ], [ -88.403247, 41.792695, 0.0 ], [ -88.404293, 41.792007, 0.0 ], [ -88.405471, 41.79099, 0.0 ], [ -88.406517, 41.789746, 0.0 ], [ -88.407241, 41.788429, 0.0 ], [ -88.412234, 41.774172, 0.0 ], [ -88.413152, 41.772438, 0.0 ], [ -88.414895, 41.77038, 0.0 ], [ -88.414938, 41.769311, 0.0 ], [ -88.415932, 41.769451, 0.0 ], [ -88.41844, 41.76773, 0.0 ], [ -88.420618, 41.766794, 0.0 ], [ -88.423779, 41.765837, 0.0 ], [ -88.425497, 41.765552, 0.0 ], [ -88.427906, 41.765388, 0.0 ], [ -88.452268, 41.765094, 0.0 ], [ -88.455575, 41.765065, 0.0 ], [ -88.455582, 41.76524, 0.0 ], [ -88.463046, 41.7652, 0.0 ], [ -88.478851, 41.764104, 0.0 ], [ -88.478908, 41.763938, 0.0 ], [ -88.480238, 41.763441, 0.0 ], [ -88.480988, 41.762935, 0.0 ], [ -88.481156, 41.761947, 0.0 ], [ -88.48141, 41.761657, 0.0 ], [ -88.481972, 41.761434, 0.0 ], [ -88.481987, 41.761041, 0.0 ], [ -88.489113, 41.763355, 0.0 ], [ -88.489117, 41.763656, 0.0 ] ] ] } },
{ "type": "Feature", "properties": { "OID_": 0, "DISTRICT": "34", "STA": "IL", "ST": "17", "LABEL": "34", "DIST_NAME": "State Senate District 34", "TYPE": "State Legislature - Upper Chamber", "TYPE_ABB": "Leg_Upper", "ELECT_YEAR": "Enacted" }, "geometry": { "type": "Polygon", "coordinates": [ [ [ -89.023426, 42.165892, 0.0 ], [ -89.023833, 42.165888, 0.0 ], [ -89.023928, 42.173155, 0.0 ], [ -89.067014, 42.172658, 0.0 ], [ -89.066937, 42.165349, 0.0 ], [ -89.068794, 42.165531, 0.0 ], [ -89.071844, 42.166627, 0.0 ], [ -89.075699, 42.167482, 0.0 ], [ -89.076562, 42.167944, 0.0 ], [ -89.077096, 42.168556, 0.0 ], [ -89.077911, 42.168107, 0.0 ], [ -89.079047, 42.167845, 0.0 ], [ -89.084806, 42.167794, 0.0 ], [ -89.086407, 42.167986, 0.0 ], [ -89.086406, 42.168888, 0.0 ], [ -89.087065, 42.168877, 0.0 ], [ -89.087234, 42.168226, 0.0 ], [ -89.089024, 42.168707, 0.0 ], [ -89.091264, 42.168793, 0.0 ], [ -89.091256, 42.167895, 0.0 ], [ -89.093027, 42.167854, 0.0 ], [ -89.093029, 42.168349, 0.0 ], [ -89.095988, 42.168363, 0.0 ], [ -89.096101, 42.168832, 0.0 ], [ -89.100986, 42.168796, 0.0 ], [ -89.101007, 42.172437, 0.0 ], [ -89.106883, 42.1724, 0.0 ], [ -89.107293, 42.17311, 0.0 ], [ -89.107237, 42.173646, 0.0 ], [ -89.106983, 42.174095, 0.0 ], [ -89.107029, 42.174431, 0.0 ], [ -89.107347, 42.174706, 0.0 ], [ -89.10812, 42.174956, 0.0 ], [ -89.109308, 42.174889, 0.0 ], [ -89.10912, 42.174401, 0.0 ], [ -89.108333, 42.174758, 0.0 ], [ -89.107683, 42.174452, 0.0 ], [ -89.107656, 42.174136, 0.0 ], [ -89.107964, 42.173433, 0.0 ], [ -89.107478, 42.172397, 0.0 ], [ -89.110767, 42.172375, 0.0 ], [ -89.110859, 42.176023, 0.0 ], [ -89.115664, 42.175992, 0.0 ], [ -89.115686, 42.17964, 0.0 ], [ -89.117861, 42.179611, 0.0 ], [ -89.118877, 42.178974, 0.0 ], [ -89.120053, 42.179209, 0.0 ], [ -89.121087, 42.17904, 0.0 ], [ -89.121468, 42.179168, 0.0 ], [ -89.1217, 42.178861, 0.0 ], [ -89.12232, 42.178534, 0.0 ], [ -89.123676, 42.178197, 0.0 ], [ -89.124837, 42.178409, 0.0 ], [ -89.125907, 42.178054, 0.0 ], [ -89.126709, 42.17812, 0.0 ], [ -89.127848, 42.179707, 0.0 ], [ -89.129476, 42.180977, 0.0 ], [ -89.129965, 42.182988, 0.0 ], [ -89.130616, 42.18455, 0.0 ], [ -89.130872, 42.185043, 0.0 ], [ -89.13108, 42.184978, 0.0 ], [ -89.131936, 42.186277, 0.0 ], [ -89.133294, 42.186981, 0.0 ], [ -89.137858, 42.188078, 0.0 ], [ -89.138539, 42.188073, 0.0 ], [ -89.140762, 42.187115, 0.0 ], [ -89.144566, 42.185926, 0.0 ], [ -89.146801, 42.184979, 0.0 ], [ -89.151513, 42.183488, 0.0 ], [ -89.152994, 42.18289, 0.0 ], [ -89.157708, 42.1804, 0.0 ], [ -89.162016, 42.178809, 0.0 ], [ -89.163362, 42.178811, 0.0 ], [ -89.165312, 42.179212, 0.0 ], [ -89.167264, 42.179315, 0.0 ], [ -89.168808, 42.179978, 0.0 ], [ -89.169352, 42.180015, 0.0 ], [ -89.169296, 42.179886, 0.0 ], [ -89.169451, 42.179844, 0.0 ], [ -89.171478, 42.180195, 0.0 ], [ -89.172511, 42.180179, 0.0 ], [ -89.172518, 42.181621, 0.0 ], [ -89.172931, 42.18273, 0.0 ], [ -89.173009, 42.208406, 0.0 ], [ -89.139848, 42.208504, 0.0 ], [ -89.138922, 42.210354, 0.0 ], [ -89.138122, 42.211469, 0.0 ], [ -89.125832, 42.22462, 0.0 ], [ -89.131064, 42.228906, 0.0 ], [ -89.132834, 42.230834, 0.0 ], [ -89.133666, 42.231989, 0.0 ], [ -89.134747, 42.234013, 0.0 ], [ -89.134998, 42.233932, 0.0 ], [ -89.134957, 42.234392, 0.0 ], [ -89.138958, 42.241171, 0.0 ], [ -89.140335, 42.242812, 0.0 ], [ -89.142728, 42.244147, 0.0 ], [ -89.143765, 42.243621, 0.0 ], [ -89.144629, 42.244589, 0.0 ], [ -89.155154, 42.244505, 0.0 ], [ -89.155165, 42.25695, 0.0 ], [ -89.148547, 42.257354, 0.0 ], [ -89.149897, 42.259038, 0.0 ], [ -89.151247, 42.260356, 0.0 ], [ -89.153109, 42.261779, 0.0 ], [ -89.155223, 42.263036, 0.0 ], [ -89.157493, 42.264062, 0.0 ], [ -89.160458, 42.265011, 0.0 ], [ -89.164505, 42.265717, 0.0 ], [ -89.170451, 42.265857, 0.0 ], [ -89.173612, 42.266266, 0.0 ], [ -89.173605, 42.271103, 0.0 ], [ -89.172918, 42.279389, 0.0 ], [ -89.173427, 42.279417, 0.0 ], [ -89.173577, 42.280412, 0.0 ], [ -89.173935, 42.324432, 0.0 ], [ -89.168288, 42.324313, 0.0 ], [ -89.155286, 42.324409, 0.0 ], [ -89.135094, 42.314096, 0.0 ], [ -89.133394, 42.314979, 0.0 ], [ -89.13158, 42.315293, 0.0 ], [ -89.096934, 42.315668, 0.0 ], [ -89.097058, 42.324684, 0.0 ], [ -89.071135, 42.324736, 0.0 ], [ -89.065189, 42.324888, 0.0 ], [ -89.061595, 42.326675, 0.0 ], [ -89.060786, 42.327338, 0.0 ], [ -89.059712, 42.328626, 0.0 ], [ -89.059374, 42.329457, 0.0 ], [ -89.059243, 42.330402, 0.0 ], [ -89.046174, 42.330705, 0.0 ], [ -89.046254, 42.334375, 0.0 ], [ -89.046679, 42.33437, 0.0 ], [ -89.046875, 42.339636, 0.0 ], [ -89.03075, 42.33988, 0.0 ], [ -89.025759, 42.340175, 0.0 ], [ -89.007316, 42.340403, 0.0 ], [ -88.996478, 42.339425, 0.0 ], [ -88.986722, 42.340717, 0.0 ], [ -88.973541, 42.34095, 0.0 ], [ -88.971869, 42.341334, 0.0 ], [ -88.968328, 42.342736, 0.0 ], [ -88.964167, 42.343643, 0.0 ], [ -88.964425, 42.319059, 0.0 ], [ -88.9647, 42.319063, 0.0 ], [ -88.964844, 42.304551, 0.0 ], [ -88.979227, 42.304308, 0.0 ], [ -88.979205, 42.307558, 0.0 ], [ -88.992729, 42.304221, 0.0 ], [ -88.999481, 42.304027, 0.0 ], [ -88.999657, 42.292302, 0.0 ], [ -89.000441, 42.292307, 0.0 ], [ -89.000537, 42.291959, 0.0 ], [ -89.001215, 42.291875, 0.0 ], [ -89.004181, 42.292341, 0.0 ], [ -89.005619, 42.292071, 0.0 ], [ -89.005834, 42.2926, 0.0 ], [ -89.007029, 42.292375, 0.0 ], [ -89.007016, 42.291798, 0.0 ], [ -89.007267, 42.291156, 0.0 ], [ -89.00843, 42.289615, 0.0 ], [ -89.009483, 42.288805, 0.0 ], [ -89.009516, 42.289405, 0.0 ], [ -89.014249, 42.289359, 0.0 ], [ -89.014354, 42.285079, 0.0 ], [ -89.016716, 42.285046, 0.0 ], [ -89.016693, 42.282041, 0.0 ], [ -89.017999, 42.282029, 0.0 ], [ -89.017997, 42.281481, 0.0 ], [ -89.018366, 42.281477, 0.0 ], [ -89.018372, 42.282001, 0.0 ], [ -89.019263, 42.28166, 0.0 ], [ -89.019266, 42.274755, 0.0 ], [ -89.008403, 42.274848, 0.0 ], [ -89.00841, 42.275317, 0.0 ], [ -89.008112, 42.275319, 0.0 ], [ -89.008108, 42.274861, 0.0 ], [ -89.001325, 42.274918, 0.0 ], [ -89.001308, 42.275567, 0.0 ], [ -88.999737, 42.275623, 0.0 ], [ -88.999743, 42.273551, 0.0 ], [ -88.999595, 42.273544, 0.0 ], [ -88.999567, 42.282214, 0.0 ], [ -88.979916, 42.282472, 0.0 ], [ -88.979871, 42.277616, 0.0 ], [ -88.976967, 42.277654, 0.0 ], [ -88.976897, 42.279804, 0.0 ], [ -88.974305, 42.279972, 0.0 ], [ -88.973973, 42.280804, 0.0 ], [ -88.973075, 42.281258, 0.0 ], [ -88.972367, 42.281286, 0.0 ], [ -88.97177, 42.281123, 0.0 ], [ -88.972157, 42.280754, 0.0 ], [ -88.971611, 42.280585, 0.0 ], [ -88.970533, 42.280704, 0.0 ], [ -88.970261, 42.280698, 0.0 ], [ -88.970261, 42.280492, 0.0 ], [ -88.964941, 42.280617, 0.0 ], [ -88.964966, 42.271098, 0.0 ], [ -88.964676, 42.271135, 0.0 ], [ -88.964683, 42.271021, 0.0 ], [ -88.960488, 42.271574, 0.0 ], [ -88.960495, 42.263791, 0.0 ], [ -88.960296, 42.262972, 0.0 ], [ -88.959853, 42.262241, 0.0 ], [ -88.959619, 42.261982, 0.0 ], [ -88.958644, 42.262273, 0.0 ], [ -88.955432, 42.262357, 0.0 ], [ -88.955459, 42.26094, 0.0 ], [ -88.950927, 42.261021, 0.0 ], [ -88.950269, 42.261225, 0.0 ], [ -88.948994, 42.26125, 0.0 ], [ -88.94739, 42.259799, 0.0 ], [ -88.947161, 42.259091, 0.0 ], [ -88.947065, 42.256702, 0.0 ], [ -88.946625, 42.255831, 0.0 ], [ -88.949572, 42.254918, 0.0 ], [ -88.949811, 42.254624, 0.0 ], [ -88.949795, 42.253857, 0.0 ], [ -88.932533, 42.254165, 0.0 ], [ -88.930921, 42.253972, 0.0 ], [ -88.930982, 42.25451, 0.0 ], [ -88.930505, 42.255742, 0.0 ], [ -88.930527, 42.256706, 0.0 ], [ -88.93074, 42.257417, 0.0 ], [ -88.932976, 42.261538, 0.0 ], [ -88.933136, 42.269534, 0.0 ], [ -88.933714, 42.273987, 0.0 ], [ -88.93387, 42.274423, 0.0 ], [ -88.934503, 42.275176, 0.0 ], [ -88.929962, 42.275866, 0.0 ], [ -88.927258, 42.276031, 0.0 ], [ -88.873426, 42.276522, 0.0 ], [ -88.870937, 42.276413, 0.0 ], [ -88.869826, 42.276148, 0.0 ], [ -88.868508, 42.275574, 0.0 ], [ -88.868395, 42.275708, 0.0 ], [ -88.868154, 42.275597, 0.0 ], [ -88.867331, 42.27656, 0.0 ], [ -88.867329, 42.276834, 0.0 ], [ -88.861112, 42.276894, 0.0 ], [ -88.861114, 42.27662, 0.0 ], [ -88.855562, 42.276668, 0.0 ], [ -88.855561, 42.276355, 0.0 ], [ -88.851435, 42.276446, 0.0 ], [ -88.851439, 42.276742, 0.0 ], [ -88.850863, 42.276755, 0.0 ], [ -88.841555, 42.276896, 0.0 ], [ -88.841527, 42.276689, 0.0 ], [ -88.83853, 42.276721, 0.0 ], [ -88.838524, 42.276938, 0.0 ], [ -88.831787, 42.276961, 0.0 ], [ -88.831746, 42.27773, 0.0 ], [ -88.830905, 42.277852, 0.0 ], [ -88.82972, 42.277808, 0.0 ], [ -88.825987, 42.276994, 0.0 ], [ -88.822057, 42.276987, 0.0 ], [ -88.8224, 42.275055, 0.0 ], [ -88.822068, 42.274746, 0.0 ], [ -88.821781, 42.267295, 0.0 ], [ -88.822084, 42.2596, 0.0 ], [ -88.820355, 42.259243, 0.0 ], [ -88.815404, 42.2587, 0.0 ], [ -88.815413, 42.255184, 0.0 ], [ -88.812928, 42.255196, 0.0 ], [ -88.813085, 42.250565, 0.0 ], [ -88.815484, 42.251026, 0.0 ], [ -88.814467, 42.247911, 0.0 ], [ -88.805699, 42.247902, 0.0 ], [ -88.805154, 42.249137, 0.0 ], [ -88.804861, 42.24908, 0.0 ], [ -88.805379, 42.247902, 0.0 ], [ -88.803241, 42.2479, 0.0 ], [ -88.803393, 42.241052, 0.0 ], [ -88.812867, 42.241067, 0.0 ], [ -88.812664, 42.233937, 0.0 ], [ -88.822171, 42.233856, 0.0 ], [ -88.822166, 42.233437, 0.0 ], [ -88.827089, 42.233398, 0.0 ], [ -88.82709, 42.233583, 0.0 ], [ -88.841757, 42.23345, 0.0 ], [ -88.841757, 42.233251, 0.0 ], [ -88.861223, 42.233088, 0.0 ], [ -88.861226, 42.233296, 0.0 ], [ -88.900604, 42.232997, 0.0 ], [ -88.904975, 42.233472, 0.0 ], [ -88.909125, 42.234623, 0.0 ], [ -88.913041, 42.23651, 0.0 ], [ -88.91766, 42.239544, 0.0 ], [ -88.920345, 42.239482, 0.0 ], [ -88.92036, 42.239692, 0.0 ], [ -88.92871, 42.23965, 0.0 ], [ -88.940998, 42.239399, 0.0 ], [ -88.940984, 42.238694, 0.0 ], [ -88.943118, 42.238652, 0.0 ], [ -88.946458, 42.238909, 0.0 ], [ -88.955771, 42.239053, 0.0 ], [ -88.955728, 42.239726, 0.0 ], [ -88.95637, 42.239058, 0.0 ], [ -88.965923, 42.239083, 0.0 ], [ -88.969519, 42.235525, 0.0 ], [ -88.974756, 42.23079, 0.0 ], [ -88.960221, 42.23449, 0.0 ], [ -88.96021, 42.233414, 0.0 ], [ -88.958489, 42.234974, 0.0 ], [ -88.956673, 42.235577, 0.0 ], [ -88.956104, 42.236392, 0.0 ], [ -88.951967, 42.235221, 0.0 ], [ -88.952761, 42.233825, 0.0 ], [ -88.946752, 42.228757, 0.0 ], [ -88.940568, 42.222833, 0.0 ], [ -88.940106, 42.196462, 0.0 ], [ -88.939738, 42.152328, 0.0 ], [ -89.023258, 42.151422, 0.0 ], [ -89.023426, 42.165892, 0.0 ] ] ] } },
{ "type": "Feature", "properties": { "OID_": 0, "DISTRICT": "35", "STA": "IL", "ST": "17", "LABEL": "35", "DIST_NAME": "State Senate District 35", "TYPE": "State Legislature - Upper Chamber", "TYPE_ABB": "Leg_Upper", "ELECT_YEAR": "Enacted" }, "geometry": { "type": "Polygon", "coordinates": [ [ [ -89.164684, 41.366901, 0.0 ], [ -89.165875, 41.43747, 0.0 ], [ -89.166437, 41.481657, 0.0 ], [ -89.166591, 41.524923, 0.0 ], [ -89.166479, 41.541705, 0.0 ], [ -89.108342, 41.540427, 0.0 ], [ -89.108482, 41.541632, 0.0 ], [ -89.1086, 41.554989, 0.0 ], [ -89.108454, 41.554987, 0.0 ], [ -89.108868, 41.577188, 0.0 ], [ -89.109069, 41.578648, 0.0 ], [ -89.10937, 41.605756, 0.0 ], [ -89.109879, 41.627592, 0.0 ], [ -89.167156, 41.628665, 0.0 ], [ -89.1673, 41.63499, 0.0 ], [ -89.167483, 41.693275, 0.0 ], [ -89.168378, 41.74499, 0.0 ], [ -89.168503, 41.779921, 0.0 ], [ -89.168412, 41.830726, 0.0 ], [ -89.168291, 41.830754, 0.0 ], [ -89.168198, 41.845577, 0.0 ], [ -89.168314, 41.846616, 0.0 ], [ -89.168683, 41.88951, 0.0 ], [ -89.154287, 41.889587, 0.0 ], [ -89.15086, 41.889809, 0.0 ], [ -89.141135, 41.889723, 0.0 ], [ -89.114601, 41.890007, 0.0 ], [ -89.09605, 41.890031, 0.0 ], [ -89.093006, 41.890238, 0.0 ], [ -89.053547, 41.890591, 0.0 ], [ -89.039784, 41.890562, 0.0 ], [ -89.013302, 41.891015, 0.0 ], [ -88.941285, 41.89176, 0.0 ], [ -88.941687, 41.930911, 0.0 ], [ -88.941971, 41.993461, 0.0 ], [ -88.94185, 42.015226, 0.0 ], [ -88.94199, 42.021789, 0.0 ], [ -88.941917, 42.029782, 0.0 ], [ -88.942152, 42.065058, 0.0 ], [ -88.938941, 42.065105, 0.0 ], [ -88.939645, 42.137719, 0.0 ], [ -88.939897, 42.144848, 0.0 ], [ -88.939704, 42.146581, 0.0 ], [ -88.939933, 42.18141, 0.0 ], [ -88.940568, 42.222833, 0.0 ], [ -88.946752, 42.228757, 0.0 ], [ -88.952761, 42.233825, 0.0 ], [ -88.951967, 42.235221, 0.0 ], [ -88.956104, 42.236392, 0.0 ], [ -88.956673, 42.235577, 0.0 ], [ -88.958489, 42.234974, 0.0 ], [ -88.96021, 42.233414, 0.0 ], [ -88.960221, 42.23449, 0.0 ], [ -88.974756, 42.23079, 0.0 ], [ -88.969519, 42.235525, 0.0 ], [ -88.965923, 42.239083, 0.0 ], [ -88.95637, 42.239058, 0.0 ], [ -88.955728, 42.239726, 0.0 ], [ -88.955771, 42.239053, 0.0 ], [ -88.946458, 42.238909, 0.0 ], [ -88.943118, 42.238652, 0.0 ], [ -88.940984, 42.238694, 0.0 ], [ -88.940998, 42.239399, 0.0 ], [ -88.92871, 42.23965, 0.0 ], [ -88.92036, 42.239692, 0.0 ], [ -88.920345, 42.239482, 0.0 ], [ -88.91766, 42.239544, 0.0 ], [ -88.913041, 42.23651, 0.0 ], [ -88.910017, 42.234971, 0.0 ], [ -88.906068, 42.233696, 0.0 ], [ -88.90184, 42.233059, 0.0 ], [ -88.861226, 42.233296, 0.0 ], [ -88.861223, 42.233088, 0.0 ], [ -88.841757, 42.233251, 0.0 ], [ -88.841757, 42.23345, 0.0 ], [ -88.82709, 42.233583, 0.0 ], [ -88.827089, 42.233398, 0.0 ], [ -88.822166, 42.233437, 0.0 ], [ -88.822171, 42.233856, 0.0 ], [ -88.812664, 42.233937, 0.0 ], [ -88.812867, 42.241067, 0.0 ], [ -88.803393, 42.241052, 0.0 ], [ -88.803241, 42.2479, 0.0 ], [ -88.805379, 42.247902, 0.0 ], [ -88.804861, 42.24908, 0.0 ], [ -88.805154, 42.249137, 0.0 ], [ -88.805699, 42.247902, 0.0 ], [ -88.814467, 42.247911, 0.0 ], [ -88.815484, 42.251026, 0.0 ], [ -88.813085, 42.250565, 0.0 ], [ -88.812928, 42.255196, 0.0 ], [ -88.815413, 42.255184, 0.0 ], [ -88.815404, 42.2587, 0.0 ], [ -88.820355, 42.259243, 0.0 ], [ -88.822084, 42.2596, 0.0 ], [ -88.821781, 42.267295, 0.0 ], [ -88.822068, 42.274746, 0.0 ], [ -88.8224, 42.275055, 0.0 ], [ -88.822057, 42.276987, 0.0 ], [ -88.825987, 42.276994, 0.0 ], [ -88.82972, 42.277808, 0.0 ], [ -88.830905, 42.277852, 0.0 ], [ -88.831746, 42.27773, 0.0 ], [ -88.831787, 42.276961, 0.0 ], [ -88.838524, 42.276938, 0.0 ], [ -88.83853, 42.276721, 0.0 ], [ -88.841527, 42.276689, 0.0 ], [ -88.841555, 42.276896, 0.0 ], [ -88.850863, 42.276755, 0.0 ], [ -88.851439, 42.276742, 0.0 ], [ -88.851435, 42.276446, 0.0 ], [ -88.855561, 42.276355, 0.0 ], [ -88.855562, 42.276668, 0.0 ], [ -88.861114, 42.27662, 0.0 ], [ -88.861112, 42.276894, 0.0 ], [ -88.867329, 42.276834, 0.0 ], [ -88.867331, 42.27656, 0.0 ], [ -88.868154, 42.275597, 0.0 ], [ -88.868395, 42.275708, 0.0 ], [ -88.868508, 42.275574, 0.0 ], [ -88.869826, 42.276148, 0.0 ], [ -88.870937, 42.276413, 0.0 ], [ -88.873426, 42.276522, 0.0 ], [ -88.927258, 42.276031, 0.0 ], [ -88.929962, 42.275866, 0.0 ], [ -88.934503, 42.275176, 0.0 ], [ -88.93387, 42.274423, 0.0 ], [ -88.933714, 42.273987, 0.0 ], [ -88.933136, 42.269534, 0.0 ], [ -88.932976, 42.261538, 0.0 ], [ -88.93074, 42.257417, 0.0 ], [ -88.930527, 42.256706, 0.0 ], [ -88.930505, 42.255742, 0.0 ], [ -88.930982, 42.25451, 0.0 ], [ -88.930921, 42.253972, 0.0 ], [ -88.932533, 42.254165, 0.0 ], [ -88.949795, 42.253857, 0.0 ], [ -88.949811, 42.254624, 0.0 ], [ -88.949572, 42.254918, 0.0 ], [ -88.946625, 42.255831, 0.0 ], [ -88.947065, 42.256702, 0.0 ], [ -88.947161, 42.259091, 0.0 ], [ -88.94739, 42.259799, 0.0 ], [ -88.948994, 42.26125, 0.0 ], [ -88.950269, 42.261225, 0.0 ], [ -88.950927, 42.261021, 0.0 ], [ -88.955459, 42.26094, 0.0 ], [ -88.955432, 42.262357, 0.0 ], [ -88.958644, 42.262273, 0.0 ], [ -88.959619, 42.261982, 0.0 ], [ -88.959853, 42.262241, 0.0 ], [ -88.960296, 42.262972, 0.0 ], [ -88.960495, 42.263791, 0.0 ], [ -88.960488, 42.271574, 0.0 ], [ -88.964683, 42.271021, 0.0 ], [ -88.964676, 42.271135, 0.0 ], [ -88.964966, 42.271098, 0.0 ], [ -88.964941, 42.280617, 0.0 ], [ -88.970261, 42.280492, 0.0 ], [ -88.970261, 42.280698, 0.0 ], [ -88.970533, 42.280704, 0.0 ], [ -88.971611, 42.280585, 0.0 ], [ -88.972157, 42.280754, 0.0 ], [ -88.97177, 42.281123, 0.0 ], [ -88.972367, 42.281286, 0.0 ], [ -88.973075, 42.281258, 0.0 ], [ -88.973973, 42.280804, 0.0 ], [ -88.974305, 42.279972, 0.0 ], [ -88.976897, 42.279804, 0.0 ], [ -88.976967, 42.277654, 0.0 ], [ -88.979871, 42.277616, 0.0 ], [ -88.979916, 42.282472, 0.0 ], [ -88.999567, 42.282214, 0.0 ], [ -88.999595, 42.273544, 0.0 ], [ -88.999743, 42.273551, 0.0 ], [ -88.999737, 42.275623, 0.0 ], [ -89.001308, 42.275567, 0.0 ], [ -89.001325, 42.274918, 0.0 ], [ -89.008108, 42.274861, 0.0 ], [ -89.008112, 42.275319, 0.0 ], [ -89.00841, 42.275317, 0.0 ], [ -89.008403, 42.274848, 0.0 ], [ -89.019266, 42.274755, 0.0 ], [ -89.019263, 42.28166, 0.0 ], [ -89.018372, 42.282001, 0.0 ], [ -89.018366, 42.281477, 0.0 ], [ -89.017997, 42.281481, 0.0 ], [ -89.017999, 42.282029, 0.0 ], [ -89.016693, 42.282041, 0.0 ], [ -89.016716, 42.285046, 0.0 ], [ -89.014354, 42.285079, 0.0 ], [ -89.014249, 42.289359, 0.0 ], [ -89.009516, 42.289405, 0.0 ], [ -89.009483, 42.288805, 0.0 ], [ -89.00843, 42.289615, 0.0 ], [ -89.007267, 42.291156, 0.0 ], [ -89.007016, 42.291798, 0.0 ], [ -89.007029, 42.292375, 0.0 ], [ -89.005834, 42.2926, 0.0 ], [ -89.005619, 42.292071, 0.0 ], [ -89.004181, 42.292341, 0.0 ], [ -89.001215, 42.291875, 0.0 ], [ -89.000537, 42.291959, 0.0 ], [ -89.000441, 42.292307, 0.0 ], [ -88.999657, 42.292302, 0.0 ], [ -88.999481, 42.304027, 0.0 ], [ -88.992729, 42.304221, 0.0 ], [ -88.979205, 42.307558, 0.0 ], [ -88.979227, 42.304308, 0.0 ], [ -88.964844, 42.304551, 0.0 ], [ -88.9647, 42.319063, 0.0 ], [ -88.964425, 42.319059, 0.0 ], [ -88.964025, 42.361168, 0.0 ], [ -88.964617, 42.365223, 0.0 ], [ -88.965391, 42.367943, 0.0 ], [ -88.966227, 42.370008, 0.0 ], [ -88.953358, 42.370098, 0.0 ], [ -88.95617, 42.370301, 0.0 ], [ -88.966333, 42.370245, 0.0 ], [ -88.97435, 42.388844, 0.0 ], [ -88.967062, 42.389524, 0.0 ], [ -88.966954, 42.391461, 0.0 ], [ -88.96538, 42.391465, 0.0 ], [ -88.965378, 42.391862, 0.0 ], [ -88.960458, 42.391908, 0.0 ], [ -88.960511, 42.394449, 0.0 ], [ -88.961315, 42.395234, 0.0 ], [ -88.960623, 42.395946, 0.0 ], [ -88.960515, 42.396469, 0.0 ], [ -88.960577, 42.406816, 0.0 ], [ -88.963395, 42.40692, 0.0 ], [ -88.962888, 42.407392, 0.0 ], [ -88.962073, 42.407026, 0.0 ], [ -88.960579, 42.407014, 0.0 ], [ -88.960595, 42.409381, 0.0 ], [ -88.96123, 42.409545, 0.0 ], [ -88.962539, 42.410562, 0.0 ], [ -88.962218, 42.41091, 0.0 ], [ -88.962193, 42.412497, 0.0 ], [ -88.961628, 42.413582, 0.0 ], [ -88.9532, 42.413689, 0.0 ], [ -88.949629, 42.413881, 0.0 ], [ -88.940759, 42.413878, 0.0 ], [ -88.940394, 42.495053, 0.0 ], [ -88.862416, 42.493559, 0.0 ], [ -88.852597, 42.493053, 0.0 ], [ -88.81648, 42.492221, 0.0 ], [ -88.776596, 42.491921, 0.0 ], [ -88.765348, 42.492005, 0.0 ], [ -88.746249, 42.492436, 0.0 ], [ -88.712306, 42.493483, 0.0 ], [ -88.658009, 42.49483, 0.0 ], [ -88.629003, 42.495053, 0.0 ], [ -88.589878, 42.495035, 0.0 ], [ -88.589394, 42.487363, 0.0 ], [ -88.589275, 42.472776, 0.0 ], [ -88.589046, 42.414824, 0.0 ], [ -88.589142, 42.400041, 0.0 ], [ -88.588705, 42.342237, 0.0 ], [ -88.589004, 42.240717, 0.0 ], [ -88.471916, 42.240538, 0.0 ], [ -88.471985, 42.180091, 0.0 ], [ -88.467688, 42.177618, 0.0 ], [ -88.462909, 42.175353, 0.0 ], [ -88.458678, 42.172672, 0.0 ], [ -88.457706, 42.171635, 0.0 ], [ -88.456757, 42.169926, 0.0 ], [ -88.456539, 42.169241, 0.0 ], [ -88.456522, 42.168236, 0.0 ], [ -88.428135, 42.168341, 0.0 ], [ -88.427307, 42.173788, 0.0 ], [ -88.427258, 42.176743, 0.0 ], [ -88.427036, 42.177762, 0.0 ], [ -88.426286, 42.179001, 0.0 ], [ -88.423281, 42.181934, 0.0 ], [ -88.422522, 42.1831, 0.0 ], [ -88.421905, 42.182985, 0.0 ], [ -88.413804, 42.182993, 0.0 ], [ -88.411361, 42.182776, 0.0 ], [ -88.403107, 42.182828, 0.0 ], [ -88.403057, 42.190061, 0.0 ], [ -88.393198, 42.190096, 0.0 ], [ -88.393225, 42.191011, 0.0 ], [ -88.391399, 42.190289, 0.0 ], [ -88.388384, 42.190548, 0.0 ], [ -88.387852, 42.190941, 0.0 ], [ -88.387286, 42.190545, 0.0 ], [ -88.38658, 42.190325, 0.0 ], [ -88.383726, 42.190298, 0.0 ], [ -88.383628, 42.204611, 0.0 ], [ -88.354716, 42.204531, 0.0 ], [ -88.354422, 42.154008, 0.0 ], [ -88.354778, 42.089341, 0.0 ], [ -88.35962, 42.091466, 0.0 ], [ -88.359622, 42.091197, 0.0 ], [ -88.354782, 42.089097, 0.0 ], [ -88.354865, 42.079329, 0.0 ], [ -88.355133, 42.079333, 0.0 ], [ -88.355237, 42.072422, 0.0 ], [ -88.358094, 42.072628, 0.0 ], [ -88.374496, 42.077578, 0.0 ], [ -88.374512, 42.069216, 0.0 ], [ -88.374944, 42.06823, 0.0 ], [ -88.376222, 42.066756, 0.0 ], [ -88.376618, 42.065977, 0.0 ], [ -88.376263, 42.049916, 0.0 ], [ -88.376268, 42.042924, 0.0 ], [ -88.379685, 42.042592, 0.0 ], [ -88.391315, 42.042526, 0.0 ], [ -88.394683, 42.043578, 0.0 ], [ -88.396468, 42.043964, 0.0 ], [ -88.420093, 42.046945, 0.0 ], [ -88.420418, 42.043395, 0.0 ], [ -88.420563, 42.034323, 0.0 ], [ -88.420351, 42.020115, 0.0 ], [ -88.464084, 42.019371, 0.0 ], [ -88.463705, 42.007354, 0.0 ], [ -88.463562, 41.992944, 0.0 ], [ -88.463705, 41.992137, 0.0 ], [ -88.464198, 41.990964, 0.0 ], [ -88.465412, 41.98963, 0.0 ], [ -88.467025, 41.988727, 0.0 ], [ -88.468205, 41.988381, 0.0 ], [ -88.474237, 41.987361, 0.0 ], [ -88.475822, 41.986706, 0.0 ], [ -88.476573, 41.986159, 0.0 ], [ -88.477413, 41.985147, 0.0 ], [ -88.477743, 41.984365, 0.0 ], [ -88.477878, 41.982773, 0.0 ], [ -88.488683, 41.982506, 0.0 ], [ -88.488535, 41.950461, 0.0 ], [ -88.488022, 41.923984, 0.0 ], [ -88.488456, 41.901042, 0.0 ], [ -88.488338, 41.894612, 0.0 ], [ -88.48852, 41.881327, 0.0 ], [ -88.488958, 41.860271, 0.0 ], [ -88.488654, 41.85204, 0.0 ], [ -88.488807, 41.850246, 0.0 ], [ -88.48898, 41.840966, 0.0 ], [ -88.489466, 41.804919, 0.0 ], [ -88.489113, 41.763355, 0.0 ], [ -88.481987, 41.761041, 0.0 ], [ -88.481972, 41.761434, 0.0 ], [ -88.48141, 41.761657, 0.0 ], [ -88.481156, 41.761947, 0.0 ], [ -88.480988, 41.762935, 0.0 ], [ -88.480238, 41.763441, 0.0 ], [ -88.478908, 41.763938, 0.0 ], [ -88.478851, 41.764104, 0.0 ], [ -88.463046, 41.7652, 0.0 ], [ -88.455582, 41.76524, 0.0 ], [ -88.455575, 41.765065, 0.0 ], [ -88.452268, 41.765094, 0.0 ], [ -88.427906, 41.765388, 0.0 ], [ -88.425497, 41.765552, 0.0 ], [ -88.423779, 41.765837, 0.0 ], [ -88.420618, 41.766794, 0.0 ], [ -88.41844, 41.76773, 0.0 ], [ -88.415932, 41.769451, 0.0 ], [ -88.406489, 41.76829, 0.0 ], [ -88.408375, 41.755053, 0.0 ], [ -88.408218, 41.754771, 0.0 ], [ -88.407758, 41.754358, 0.0 ], [ -88.404723, 41.752579, 0.0 ], [ -88.399877, 41.751383, 0.0 ], [ -88.399068, 41.751395, 0.0 ], [ -88.399037, 41.747784, 0.0 ], [ -88.394914, 41.747847, 0.0 ], [ -88.394918, 41.748562, 0.0 ], [ -88.390482, 41.748139, 0.0 ], [ -88.388758, 41.745906, 0.0 ], [ -88.387296, 41.742948, 0.0 ], [ -88.386482, 41.742133, 0.0 ], [ -88.385269, 41.740228, 0.0 ], [ -88.387987, 41.73943, 0.0 ], [ -88.396599, 41.737689, 0.0 ], [ -88.420881, 41.731617, 0.0 ], [ -88.426277, 41.729727, 0.0 ], [ -88.431893, 41.727227, 0.0 ], [ -88.433779, 41.726684, 0.0 ], [ -88.438635, 41.726259, 0.0 ], [ -88.443522, 41.727293, 0.0 ], [ -88.443602, 41.722961, 0.0 ], [ -88.444786, 41.718128, 0.0 ], [ -88.445116, 41.715888, 0.0 ], [ -88.445226, 41.707238, 0.0 ], [ -88.445736, 41.706058, 0.0 ], [ -88.447846, 41.703468, 0.0 ], [ -88.448316, 41.702248, 0.0 ], [ -88.448436, 41.701098, 0.0 ], [ -88.448186, 41.692328, 0.0 ], [ -88.447956, 41.689998, 0.0 ], [ -88.447336, 41.687388, 0.0 ], [ -88.445066, 41.680408, 0.0 ], [ -88.443976, 41.674648, 0.0 ], [ -88.448986, 41.674108, 0.0 ], [ -88.452276, 41.671848, 0.0 ], [ -88.452846, 41.671258, 0.0 ], [ -88.453766, 41.671508, 0.0 ], [ -88.460252, 41.672258, 0.0 ], [ -88.460774, 41.67246, 0.0 ], [ -88.461123, 41.672847, 0.0 ], [ -88.463128, 41.672599, 0.0 ], [ -88.469616, 41.673418, 0.0 ], [ -88.479616, 41.675338, 0.0 ], [ -88.522119, 41.665774, 0.0 ], [ -88.522142, 41.665281, 0.0 ], [ -88.524557, 41.664666, 0.0 ], [ -88.52462, 41.665207, 0.0 ], [ -88.539566, 41.661798, 0.0 ], [ -88.585176, 41.649778, 0.0 ], [ -88.591036, 41.648708, 0.0 ], [ -88.600156, 41.647768, 0.0 ], [ -88.600213, 41.648004, 0.0 ], [ -88.602352, 41.647845, 0.0 ], [ -88.602415, 41.63868, 0.0 ], [ -88.602246, 41.631397, 0.0 ], [ -88.650726, 41.631001, 0.0 ], [ -88.651018, 41.64558, 0.0 ], [ -88.651103, 41.660029, 0.0 ], [ -88.65139, 41.6601, 0.0 ], [ -88.651827, 41.681883, 0.0 ], [ -88.652087, 41.709326, 0.0 ], [ -88.651737, 41.712289, 0.0 ], [ -88.65218, 41.719076, 0.0 ], [ -88.715399, 41.718411, 0.0 ], [ -88.715203, 41.793855, 0.0 ], [ -88.714668, 41.89281, 0.0 ], [ -88.714757, 41.945378, 0.0 ], [ -88.714719, 41.973332, 0.0 ], [ -88.71458, 41.973558, 0.0 ], [ -88.714719, 41.97374, 0.0 ], [ -88.714734, 41.980053, 0.0 ], [ -88.736837, 41.979962, 0.0 ], [ -88.736459, 41.977326, 0.0 ], [ -88.736247, 41.972515, 0.0 ], [ -88.736403, 41.971602, 0.0 ], [ -88.758958, 41.971774, 0.0 ], [ -88.760271, 41.971907, 0.0 ], [ -88.763703, 41.972711, 0.0 ], [ -88.773135, 41.972716, 0.0 ], [ -88.77313, 41.965255, 0.0 ], [ -88.790617, 41.965276, 0.0 ], [ -88.792154, 41.965073, 0.0 ], [ -88.793975, 41.964454, 0.0 ], [ -88.795236, 41.963688, 0.0 ], [ -88.796209, 41.962754, 0.0 ], [ -88.796883, 41.961676, 0.0 ], [ -88.797239, 41.960315, 0.0 ], [ -88.797271, 41.943574, 0.0 ], [ -88.797431, 41.94358, 0.0 ], [ -88.797383, 41.933209, 0.0 ], [ -88.792569, 41.933095, 0.0 ], [ -88.792566, 41.92272, 0.0 ], [ -88.791642, 41.922724, 0.0 ], [ -88.791637, 41.921885, 0.0 ], [ -88.791988, 41.921791, 0.0 ], [ -88.773047, 41.921875, 0.0 ], [ -88.773164, 41.920578, 0.0 ], [ -88.773941, 41.91867, 0.0 ], [ -88.774063, 41.917715, 0.0 ], [ -88.773732, 41.907357, 0.0 ], [ -88.774164, 41.902892, 0.0 ], [ -88.773319, 41.903009, 0.0 ], [ -88.773316, 41.902773, 0.0 ], [ -88.767157, 41.903667, 0.0 ], [ -88.7648, 41.903823, 0.0 ], [ -88.761951, 41.903736, 0.0 ], [ -88.75351, 41.902878, 0.0 ], [ -88.753504, 41.899527, 0.0 ], [ -88.775056, 41.863641, 0.0 ], [ -88.773334, 41.863653, 0.0 ], [ -88.773284, 41.813401, 0.0 ], [ -88.773746, 41.797755, 0.0 ], [ -88.773875, 41.784009, 0.0 ], [ -88.773863, 41.766146, 0.0 ], [ -88.773473, 41.732592, 0.0 ], [ -88.77362, 41.725393, 0.0 ], [ -88.773484, 41.725158, 0.0 ], [ -88.772595, 41.72512, 0.0 ], [ -88.772337, 41.724912, 0.0 ], [ -88.772347, 41.717958, 0.0 ], [ -88.776609, 41.717944, 0.0 ], [ -88.776232, 41.703743, 0.0 ], [ -88.781168, 41.704962, 0.0 ], [ -88.780107, 41.63106, 0.0 ], [ -88.770397, 41.63099, 0.0 ], [ -88.770103, 41.61924, 0.0 ], [ -88.769687, 41.616414, 0.0 ], [ -88.770007, 41.615193, 0.0 ], [ -88.769862, 41.609173, 0.0 ], [ -88.762624, 41.609126, 0.0 ], [ -88.79267, 41.591096, 0.0 ], [ -88.796412, 41.589313, 0.0 ], [ -88.799642, 41.588354, 0.0 ], [ -88.803305, 41.587784, 0.0 ], [ -88.817593, 41.587709, 0.0 ], [ -88.816782, 41.533093, 0.0 ], [ -88.815741, 41.514318, 0.0 ], [ -88.815461, 41.500054, 0.0 ], [ -88.815961, 41.500068, 0.0 ], [ -88.816328, 41.485635, 0.0 ], [ -88.81608, 41.456073, 0.0 ], [ -88.821388, 41.456312, 0.0 ], [ -88.845314, 41.455838, 0.0 ], [ -88.845477, 41.382883, 0.0 ], [ -88.845634, 41.374274, 0.0 ], [ -88.84547, 41.368298, 0.0 ], [ -88.849229, 41.368398, 0.0 ], [ -88.855418, 41.368233, 0.0 ], [ -88.87267, 41.368169, 0.0 ], [ -88.873499, 41.367946, 0.0 ], [ -88.875043, 41.3679, 0.0 ], [ -88.876508, 41.368144, 0.0 ], [ -88.880699, 41.368106, 0.0 ], [ -88.911591, 41.367549, 0.0 ], [ -88.933377, 41.367345, 0.0 ], [ -88.952556, 41.367345, 0.0 ], [ -88.971745, 41.367772, 0.0 ], [ -89.015081, 41.367506, 0.0 ], [ -89.027281, 41.367889, 0.0 ], [ -89.060359, 41.36773, 0.0 ], [ -89.062062, 41.367763, 0.0 ], [ -89.06491, 41.368172, 0.0 ], [ -89.081531, 41.368114, 0.0 ], [ -89.084337, 41.367956, 0.0 ], [ -89.10871, 41.367831, 0.0 ], [ -89.111544, 41.36759, 0.0 ], [ -89.125459, 41.367476, 0.0 ], [ -89.127586, 41.367275, 0.0 ], [ -89.128446, 41.367406, 0.0 ], [ -89.164684, 41.366901, 0.0 ] ] ] } },
{ "type": "Feature", "properties": { "OID_": 0, "DISTRICT": "36", "STA": "IL", "ST": "17", "LABEL": "36", "DIST_NAME": "State Senate District 36", "TYPE": "State Legislature - Upper Chamber", "TYPE_ABB": "Leg_Upper", "ELECT_YEAR": "Enacted" }, "geometry": { "type": "Polygon", "coordinates": [ [ [ -90.691858, 40.44771, 0.0 ], [ -90.699831, 40.447847, 0.0 ], [ -90.699602, 40.453827, 0.0 ], [ -90.704808, 40.452348, 0.0 ], [ -90.704779, 40.453138, 0.0 ], [ -90.705897, 40.4529, 0.0 ], [ -90.705894, 40.454028, 0.0 ], [ -90.706008, 40.454125, 0.0 ], [ -90.704811, 40.455366, 0.0 ], [ -90.70522, 40.455515, 0.0 ], [ -90.749083, 40.455894, 0.0 ], [ -90.753355, 40.456059, 0.0 ], [ -90.791077, 40.456123, 0.0 ], [ -90.790191, 40.545264, 0.0 ], [ -90.67397, 40.543195, 0.0 ], [ -90.673704, 40.547092, 0.0 ], [ -90.673558, 40.575752, 0.0 ], [ -90.673762, 40.577919, 0.0 ], [ -90.673767, 40.608615, 0.0 ], [ -90.673226, 40.628598, 0.0 ], [ -90.673018, 40.665999, 0.0 ], [ -90.672572, 40.686165, 0.0 ], [ -90.672735, 40.690875, 0.0 ], [ -90.672272, 40.710752, 0.0 ], [ -90.671902, 40.711378, 0.0 ], [ -90.671697, 40.717934, 0.0 ], [ -90.674029, 40.717964, 0.0 ], [ -90.674007, 40.725252, 0.0 ], [ -90.673764, 40.732501, 0.0 ], [ -90.673583, 40.761517, 0.0 ], [ -90.673069, 40.783168, 0.0 ], [ -90.672507, 40.819652, 0.0 ], [ -90.672298, 40.850093, 0.0 ], [ -90.671755, 40.87314, 0.0 ], [ -90.671629, 40.885483, 0.0 ], [ -90.671397, 40.886958, 0.0 ], [ -90.671596, 40.888344, 0.0 ], [ -90.671578, 40.890832, 0.0 ], [ -90.670417, 40.957676, 0.0 ], [ -90.669702, 40.974312, 0.0 ], [ -90.669611, 40.980234, 0.0 ], [ -90.617098, 40.978452, 0.0 ], [ -90.553258, 40.976912, 0.0 ], [ -90.54874, 41.122786, 0.0 ], [ -90.548785, 41.133218, 0.0 ], [ -90.547708, 41.201193, 0.0 ], [ -90.547695, 41.212279, 0.0 ], [ -90.547077, 41.239385, 0.0 ], [ -90.54681, 41.239693, 0.0 ], [ -90.552278, 41.239723, 0.0 ], [ -90.549961, 41.324998, 0.0 ], [ -90.549576, 41.352465, 0.0 ], [ -90.549507, 41.379988, 0.0 ], [ -90.549149, 41.386303, 0.0 ], [ -90.549136, 41.3977, 0.0 ], [ -90.548941, 41.402065, 0.0 ], [ -90.548794, 41.413695, 0.0 ], [ -90.563031, 41.413744, 0.0 ], [ -90.605828, 41.414543, 0.0 ], [ -90.62897, 41.415039, 0.0 ], [ -90.637844, 41.415487, 0.0 ], [ -90.651593, 41.415742, 0.0 ], [ -90.66768, 41.415695, 0.0 ], [ -90.666597, 41.426518, 0.0 ], [ -90.66619, 41.455571, 0.0 ], [ -90.666246, 41.46064, 0.0 ], [ -90.655846, 41.46214, 0.0 ], [ -90.650245, 41.46504, 0.0 ], [ -90.640245, 41.47334, 0.0 ], [ -90.632545, 41.47874, 0.0 ], [ -90.630745, 41.47974, 0.0 ], [ -90.618544, 41.48504, 0.0 ], [ -90.605943, 41.49424, 0.0 ], [ -90.604244, 41.49704, 0.0 ], [ -90.602144, 41.50604, 0.0 ], [ -90.595244, 41.51104, 0.0 ], [ -90.591044, 41.51284, 0.0 ], [ -90.586243, 41.51424, 0.0 ], [ -90.582943, 41.51484, 0.0 ], [ -90.582036, 41.515141, 0.0 ], [ -90.571143, 41.51634, 0.0 ], [ -90.567243, 41.51754, 0.0 ], [ -90.566335, 41.517945, 0.0 ], [ -90.563843, 41.51964, 0.0 ], [ -90.556242, 41.52424, 0.0 ], [ -90.545542, 41.52574, 0.0 ], [ -90.540942, 41.526141, 0.0 ], [ -90.533042, 41.524941, 0.0 ], [ -90.513141, 41.519541, 0.0 ], [ -90.50364, 41.518241, 0.0 ], [ -90.50064, 41.518041, 0.0 ], [ -90.48994, 41.518241, 0.0 ], [ -90.474339, 41.519741, 0.0 ], [ -90.461439, 41.523541, 0.0 ], [ -90.445238, 41.536141, 0.0 ], [ -90.438438, 41.544141, 0.0 ], [ -90.432738, 41.549541, 0.0 ], [ -90.427238, 41.551541, 0.0 ], [ -90.422237, 41.554241, 0.0 ], [ -90.418837, 41.559241, 0.0 ], [ -90.415837, 41.562941, 0.0 ], [ -90.412832, 41.565337, 0.0 ], [ -90.405737, 41.568341, 0.0 ], [ -90.397937, 41.572241, 0.0 ], [ -90.381336, 41.576641, 0.0 ], [ -90.371005, 41.578443, 0.0 ], [ -90.371275, 41.571981, 0.0 ], [ -90.371452, 41.559841, 0.0 ], [ -90.357272, 41.559855, 0.0 ], [ -90.356912, 41.549989, 0.0 ], [ -90.356886, 41.541735, 0.0 ], [ -90.347999, 41.541554, 0.0 ], [ -90.340641, 41.541602, 0.0 ], [ -90.340689, 41.541744, 0.0 ], [ -90.337354, 41.541636, 0.0 ], [ -90.322032, 41.541741, 0.0 ], [ -90.317871, 41.541569, 0.0 ], [ -90.317561, 41.530442, 0.0 ], [ -90.317874, 41.530396, 0.0 ], [ -90.31789, 41.508763, 0.0 ], [ -90.318739, 41.508906, 0.0 ], [ -90.319198, 41.509584, 0.0 ], [ -90.319516, 41.509713, 0.0 ], [ -90.319867, 41.501789, 0.0 ], [ -90.319306, 41.445786, 0.0 ], [ -90.319188, 41.406219, 0.0 ], [ -90.31942, 41.387416, 0.0 ], [ -90.319236, 41.382345, 0.0 ], [ -90.319443, 41.367647, 0.0 ], [ -90.319422, 41.334367, 0.0 ], [ -90.319639, 41.288791, 0.0 ], [ -90.320168, 41.254832, 0.0 ], [ -90.320181, 41.237497, 0.0 ], [ -90.320188, 41.23721, 0.0 ], [ -90.322031, 41.237226, 0.0 ], [ -90.323178, 41.155184, 0.0 ], [ -90.324414, 41.041976, 0.0 ], [ -90.325418, 40.988316, 0.0 ], [ -90.325458, 40.9865, 0.0 ], [ -90.325635, 40.985836, 0.0 ], [ -90.325839, 40.976479, 0.0 ], [ -90.278072, 40.976016, 0.0 ], [ -90.211321, 40.975882, 0.0 ], [ -90.212776, 40.888505, 0.0 ], [ -90.303777, 40.888699, 0.0 ], [ -90.378426, 40.889157, 0.0 ], [ -90.441766, 40.889068, 0.0 ], [ -90.442082, 40.867686, 0.0 ], [ -90.442161, 40.865538, 0.0 ], [ -90.442466, 40.863706, 0.0 ], [ -90.442237, 40.86216, 0.0 ], [ -90.442206, 40.853042, 0.0 ], [ -90.442443, 40.847527, 0.0 ], [ -90.443241, 40.780301, 0.0 ], [ -90.443141, 40.773203, 0.0 ], [ -90.443736, 40.758631, 0.0 ], [ -90.443726, 40.751497, 0.0 ], [ -90.444316, 40.719777, 0.0 ], [ -90.444435, 40.697378, 0.0 ], [ -90.444612, 40.695512, 0.0 ], [ -90.445061, 40.656811, 0.0 ], [ -90.445405, 40.642273, 0.0 ], [ -90.445489, 40.631087, 0.0 ], [ -90.445809, 40.621058, 0.0 ], [ -90.446633, 40.569077, 0.0 ], [ -90.44687, 40.534594, 0.0 ], [ -90.447227, 40.510888, 0.0 ], [ -90.447236, 40.49592, 0.0 ], [ -90.447567, 40.477263, 0.0 ], [ -90.447467, 40.452062, 0.0 ], [ -90.56005, 40.455258, 0.0 ], [ -90.57858, 40.455047, 0.0 ], [ -90.614778, 40.454985, 0.0 ], [ -90.616585, 40.455315, 0.0 ], [ -90.622193, 40.458156, 0.0 ], [ -90.623842, 40.458584, 0.0 ], [ -90.654433, 40.458611, 0.0 ], [ -90.654469, 40.457596, 0.0 ], [ -90.654632, 40.457138, 0.0 ], [ -90.655723, 40.456031, 0.0 ], [ -90.656036, 40.455344, 0.0 ], [ -90.656233, 40.447914, 0.0 ], [ -90.67507, 40.447963, 0.0 ], [ -90.676749, 40.447741, 0.0 ], [ -90.691858, 40.44771, 0.0 ] ] ] } },
{ "type": "Feature", "properties": { "OID_": 0, "DISTRICT": "37", "STA": "IL", "ST": "17", "LABEL": "37", "DIST_NAME": "State Senate District 37", "TYPE": "State Legislature - Upper Chamber", "TYPE_ABB": "Leg_Upper", "ELECT_YEAR": "Enacted" }, "geometry": { "type": "Polygon", "coordinates": [ [ [ -89.563766, 40.756585, 0.0 ], [ -89.564179, 40.757355, 0.0 ], [ -89.564294, 40.75725, 0.0 ], [ -89.564839, 40.758092, 0.0 ], [ -89.565514, 40.758011, 0.0 ], [ -89.565467, 40.757769, 0.0 ], [ -89.566338, 40.757671, 0.0 ], [ -89.566478, 40.758313, 0.0 ], [ -89.567442, 40.758189, 0.0 ], [ -89.567781, 40.759657, 0.0 ], [ -89.56905, 40.759681, 0.0 ], [ -89.569036, 40.760569, 0.0 ], [ -89.572372, 40.760609, 0.0 ], [ -89.572366, 40.757861, 0.0 ], [ -89.573967, 40.757873, 0.0 ], [ -89.574755, 40.757892, 0.0 ], [ -89.574757, 40.759484, 0.0 ], [ -89.576621, 40.759512, 0.0 ], [ -89.576591, 40.760667, 0.0 ], [ -89.582922, 40.760723, 0.0 ], [ -89.582858, 40.775305, 0.0 ], [ -89.587772, 40.775366, 0.0 ], [ -89.601449, 40.776021, 0.0 ], [ -89.601133, 40.775364, 0.0 ], [ -89.602472, 40.775416, 0.0 ], [ -89.60246, 40.770882, 0.0 ], [ -89.602324, 40.76987, 0.0 ], [ -89.601912, 40.768579, 0.0 ], [ -89.602624, 40.768393, 0.0 ], [ -89.603246, 40.768621, 0.0 ], [ -89.614573, 40.768813, 0.0 ], [ -89.615705, 40.771187, 0.0 ], [ -89.616493, 40.772153, 0.0 ], [ -89.614614, 40.774166, 0.0 ], [ -89.611003, 40.775545, 0.0 ], [ -89.611816, 40.778837, 0.0 ], [ -89.613875, 40.779286, 0.0 ], [ -89.613873, 40.779791, 0.0 ], [ -89.621541, 40.779813, 0.0 ], [ -89.621549, 40.777207, 0.0 ], [ -89.621286, 40.776206, 0.0 ], [ -89.6249, 40.776415, 0.0 ], [ -89.626877, 40.776259, 0.0 ], [ -89.631144, 40.776313, 0.0 ], [ -89.630846, 40.823801, 0.0 ], [ -89.630102, 40.823794, 0.0 ], [ -89.630072, 40.825524, 0.0 ], [ -89.630821, 40.825532, 0.0 ], [ -89.630532, 40.847473, 0.0 ], [ -89.630403, 40.849685, 0.0 ], [ -89.629923, 40.849976, 0.0 ], [ -89.630357, 40.851157, 0.0 ], [ -89.630484, 40.852416, 0.0 ], [ -89.630418, 40.864437, 0.0 ], [ -89.629986, 40.886308, 0.0 ], [ -89.716463, 40.886707, 0.0 ], [ -89.755288, 40.886504, 0.0 ], [ -89.754622, 40.973947, 0.0 ], [ -89.774179, 40.974296, 0.0 ], [ -89.829137, 40.974891, 0.0 ], [ -89.869394, 40.975041, 0.0 ], [ -89.868623, 41.050344, 0.0 ], [ -89.868624, 41.064077, 0.0 ], [ -89.868817, 41.064599, 0.0 ], [ -89.868402, 41.065276, 0.0 ], [ -89.868755, 41.088717, 0.0 ], [ -89.868353, 41.125014, 0.0 ], [ -89.868375, 41.149501, 0.0 ], [ -89.935491, 41.149312, 0.0 ], [ -89.984565, 41.149402, 0.0 ], [ -89.98374, 41.234597, 0.0 ], [ -90.118453, 41.235489, 0.0 ], [ -90.185138, 41.236236, 0.0 ], [ -90.214368, 41.236299, 0.0 ], [ -90.226076, 41.236502, 0.0 ], [ -90.320188, 41.23721, 0.0 ], [ -90.320168, 41.254832, 0.0 ], [ -90.319639, 41.288791, 0.0 ], [ -90.319422, 41.334367, 0.0 ], [ -90.319443, 41.367647, 0.0 ], [ -90.319236, 41.382345, 0.0 ], [ -90.31942, 41.387416, 0.0 ], [ -90.319188, 41.406219, 0.0 ], [ -90.319306, 41.445786, 0.0 ], [ -90.319867, 41.501789, 0.0 ], [ -90.319516, 41.509713, 0.0 ], [ -90.319198, 41.509584, 0.0 ], [ -90.318739, 41.508906, 0.0 ], [ -90.31789, 41.508763, 0.0 ], [ -90.317874, 41.530396, 0.0 ], [ -90.317561, 41.530442, 0.0 ], [ -90.317871, 41.541569, 0.0 ], [ -90.322032, 41.541741, 0.0 ], [ -90.337354, 41.541636, 0.0 ], [ -90.340689, 41.541744, 0.0 ], [ -90.340641, 41.541602, 0.0 ], [ -90.347999, 41.541554, 0.0 ], [ -90.356886, 41.541735, 0.0 ], [ -90.356912, 41.549989, 0.0 ], [ -90.357272, 41.559855, 0.0 ], [ -90.371452, 41.559841, 0.0 ], [ -90.371275, 41.571981, 0.0 ], [ -90.371005, 41.578443, 0.0 ], [ -90.364135, 41.579641, 0.0 ], [ -90.343235, 41.587841, 0.0 ], [ -90.341535, 41.590641, 0.0 ], [ -90.339535, 41.598641, 0.0 ], [ -90.341035, 41.61434, 0.0 ], [ -90.340925, 41.61648, 0.0 ], [ -90.341947, 41.623484, 0.0 ], [ -90.341978, 41.627497, 0.0 ], [ -90.342513, 41.634325, 0.0 ], [ -90.342818, 41.638079, 0.0 ], [ -90.343337, 41.640863, 0.0 ], [ -90.343459, 41.646967, 0.0 ], [ -90.342879, 41.649233, 0.0 ], [ -90.342238, 41.650972, 0.0 ], [ -90.3412, 41.653177, 0.0 ], [ -90.339766, 41.65687, 0.0 ], [ -90.33766, 41.661432, 0.0 ], [ -90.336736, 41.66454, 0.0 ], [ -90.335736, 41.67044, 0.0 ], [ -90.335356, 41.674585, 0.0 ], [ -90.334532, 41.679567, 0.0 ], [ -90.333628, 41.680928, 0.0 ], [ -90.332488, 41.682154, 0.0 ], [ -90.330229, 41.683962, 0.0 ], [ -90.328978, 41.684725, 0.0 ], [ -90.326964, 41.685648, 0.0 ], [ -90.323241, 41.687941, 0.0 ], [ -90.319931, 41.689729, 0.0 ], [ -90.317322, 41.691678, 0.0 ], [ -90.315988, 41.692997, 0.0 ], [ -90.314694, 41.694838, 0.0 ], [ -90.313442, 41.69809, 0.0 ], [ -90.313059, 41.699639, 0.0 ], [ -90.312777, 41.702434, 0.0 ], [ -90.312674, 41.704589, 0.0 ], [ -90.3129, 41.707536, 0.0 ], [ -90.313327, 41.709502, 0.0 ], [ -90.316113, 41.714958, 0.0 ], [ -90.317428, 41.718341, 0.0 ], [ -90.317675, 41.722697, 0.0 ], [ -90.316137, 41.728777, 0.0 ], [ -90.316569, 41.728936, 0.0 ], [ -90.315556, 41.734434, 0.0 ], [ -90.312616, 41.739947, 0.0 ], [ -90.310658, 41.742608, 0.0 ], [ -90.307251, 41.7461, 0.0 ], [ -90.302789, 41.750039, 0.0 ], [ -90.289739, 41.759515, 0.0 ], [ -90.287704, 41.760553, 0.0 ], [ -90.284558, 41.76309, 0.0 ], [ -90.283948, 41.763688, 0.0 ], [ -90.283559, 41.764394, 0.0 ], [ -90.281901, 41.765182, 0.0 ], [ -90.27864, 41.767366, 0.0 ], [ -90.269701, 41.770294, 0.0 ], [ -90.264703, 41.771483, 0.0 ], [ -90.263293, 41.77212, 0.0 ], [ -90.26163, 41.773109, 0.0 ], [ -90.258629, 41.775303, 0.0 ], [ -90.248638, 41.779813, 0.0 ], [ -90.222167, 41.793183, 0.0 ], [ -90.216895, 41.795343, 0.0 ], [ -90.203594, 41.799117, 0.0 ], [ -90.196171, 41.800664, 0.0 ], [ -90.187975, 41.803171, 0.0 ], [ -90.181979, 41.807078, 0.0 ], [ -90.18096, 41.809362, 0.0 ], [ -90.180649, 41.811987, 0.0 ], [ -90.18191, 41.824613, 0.0 ], [ -90.181895, 41.827763, 0.0 ], [ -90.183193, 41.830055, 0.0 ], [ -90.183655, 41.831389, 0.0 ], [ -90.183979, 41.833078, 0.0 ], [ -90.183771, 41.836248, 0.0 ], [ -90.183257, 41.837914, 0.0 ], [ -90.182614, 41.839243, 0.0 ], [ -90.181907, 41.843224, 0.0 ], [ -90.181407, 41.844655, 0.0 ], [ -90.180055, 41.846284, 0.0 ], [ -90.175063, 41.853623, 0.0 ], [ -90.173015, 41.857401, 0.0 ], [ -90.172876, 41.858417, 0.0 ], [ -90.173335, 41.863679, 0.0 ], [ -90.173243, 41.864618, 0.0 ], [ -90.172771, 41.866157, 0.0 ], [ -90.17099, 41.870141, 0.0 ], [ -90.170497, 41.875036, 0.0 ], [ -90.170047, 41.876447, 0.0 ], [ -90.167871, 41.879403, 0.0 ], [ -90.165071, 41.883785, 0.0 ], [ -90.157025, 41.898027, 0.0 ], [ -90.15359, 41.906622, 0.0 ], [ -90.153368, 41.915601, 0.0 ], [ -90.151986, 41.928925, 0.0 ], [ -90.125906, 41.928992, 0.0 ], [ -90.12478, 41.929409, 0.0 ], [ -90.115016, 41.929717, 0.0 ], [ -90.091939, 41.929696, 0.0 ], [ -90.054156, 41.93024, 0.0 ], [ -90.018147, 41.930442, 0.0 ], [ -89.978443, 41.931195, 0.0 ], [ -89.968674, 41.931245, 0.0 ], [ -89.907896, 41.931244, 0.0 ], [ -89.860824, 41.930444, 0.0 ], [ -89.826187, 41.930173, 0.0 ], [ -89.795885, 41.93018, 0.0 ], [ -89.736331, 41.930717, 0.0 ], [ -89.628913, 41.930052, 0.0 ], [ -89.629336, 41.901625, 0.0 ], [ -89.557181, 41.902194, 0.0 ], [ -89.534693, 41.902623, 0.0 ], [ -89.514627, 41.902174, 0.0 ], [ -89.512966, 41.902439, 0.0 ], [ -89.495069, 41.90229, 0.0 ], [ -89.479995, 41.90251, 0.0 ], [ -89.479379, 41.904825, 0.0 ], [ -89.478372, 41.906976, 0.0 ], [ -89.477693, 41.907893, 0.0 ], [ -89.476203, 41.909299, 0.0 ], [ -89.473275, 41.91073, 0.0 ], [ -89.471413, 41.911348, 0.0 ], [ -89.469271, 41.911641, 0.0 ], [ -89.465784, 41.911724, 0.0 ], [ -89.464245, 41.911574, 0.0 ], [ -89.458371, 41.910409, 0.0 ], [ -89.45479, 41.909904, 0.0 ], [ -89.45199, 41.91016, 0.0 ], [ -89.446489, 41.909824, 0.0 ], [ -89.442025, 41.908875, 0.0 ], [ -89.438814, 41.907885, 0.0 ], [ -89.435686, 41.907409, 0.0 ], [ -89.434363, 41.907307, 0.0 ], [ -89.429619, 41.907778, 0.0 ], [ -89.427722, 41.907765, 0.0 ], [ -89.426118, 41.90738, 0.0 ], [ -89.423214, 41.906094, 0.0 ], [ -89.422418, 41.905575, 0.0 ], [ -89.421907, 41.90494, 0.0 ], [ -89.421718, 41.904368, 0.0 ], [ -89.422279, 41.901444, 0.0 ], [ -89.422191, 41.90004, 0.0 ], [ -89.422331, 41.89965, 0.0 ], [ -89.425019, 41.898147, 0.0 ], [ -89.428259, 41.897488, 0.0 ], [ -89.428716, 41.896919, 0.0 ], [ -89.42986, 41.896949, 0.0 ], [ -89.430592, 41.896597, 0.0 ], [ -89.431713, 41.89521, 0.0 ], [ -89.431903, 41.894284, 0.0 ], [ -89.431565, 41.89377, 0.0 ], [ -89.430908, 41.893322, 0.0 ], [ -89.429739, 41.892997, 0.0 ], [ -89.426986, 41.891671, 0.0 ], [ -89.423704, 41.890676, 0.0 ], [ -89.421852, 41.889715, 0.0 ], [ -89.420659, 41.889327, 0.0 ], [ -89.420115, 41.888996, 0.0 ], [ -89.419865, 41.888427, 0.0 ], [ -89.419467, 41.88832, 0.0 ], [ -89.418255, 41.887396, 0.0 ], [ -89.416378, 41.886655, 0.0 ], [ -89.415152, 41.885772, 0.0 ], [ -89.413966, 41.885485, 0.0 ], [ -89.412508, 41.88577, 0.0 ], [ -89.411382, 41.886884, 0.0 ], [ -89.411197, 41.887294, 0.0 ], [ -89.411301, 41.888384, 0.0 ], [ -89.411822, 41.890086, 0.0 ], [ -89.411931, 41.891016, 0.0 ], [ -89.411859, 41.89218, 0.0 ], [ -89.412127, 41.893377, 0.0 ], [ -89.411942, 41.893917, 0.0 ], [ -89.411112, 41.8947, 0.0 ], [ -89.410495, 41.894995, 0.0 ], [ -89.408069, 41.895357, 0.0 ], [ -89.407526, 41.895709, 0.0 ], [ -89.407136, 41.896205, 0.0 ], [ -89.405433, 41.897389, 0.0 ], [ -89.403648, 41.899073, 0.0 ], [ -89.4022, 41.900831, 0.0 ], [ -89.402064, 41.90118, 0.0 ], [ -89.402089, 41.902284, 0.0 ], [ -89.398671, 41.902274, 0.0 ], [ -89.398658, 41.902841, 0.0 ], [ -89.379306, 41.90262, 0.0 ], [ -89.366048, 41.902656, 0.0 ], [ -89.36446, 41.902777, 0.0 ], [ -89.360398, 41.902624, 0.0 ], [ -89.360584, 41.888026, 0.0 ], [ -89.350184, 41.888141, 0.0 ], [ -89.283397, 41.887927, 0.0 ], [ -89.283395, 41.888081, 0.0 ], [ -89.282885, 41.888101, 0.0 ], [ -89.255841, 41.888517, 0.0 ], [ -89.168683, 41.88951, 0.0 ], [ -89.168314, 41.846616, 0.0 ], [ -89.168198, 41.845577, 0.0 ], [ -89.168291, 41.830754, 0.0 ], [ -89.168412, 41.830726, 0.0 ], [ -89.168503, 41.779921, 0.0 ], [ -89.168378, 41.74499, 0.0 ], [ -89.167483, 41.693275, 0.0 ], [ -89.1673, 41.63499, 0.0 ], [ -89.167156, 41.628665, 0.0 ], [ -89.109879, 41.627592, 0.0 ], [ -89.10937, 41.605756, 0.0 ], [ -89.109069, 41.578648, 0.0 ], [ -89.108868, 41.577188, 0.0 ], [ -89.108454, 41.554987, 0.0 ], [ -89.1086, 41.554989, 0.0 ], [ -89.108482, 41.541632, 0.0 ], [ -89.108342, 41.540427, 0.0 ], [ -89.166479, 41.541705, 0.0 ], [ -89.166591, 41.524923, 0.0 ], [ -89.166437, 41.481657, 0.0 ], [ -89.165875, 41.43747, 0.0 ], [ -89.16531, 41.408435, 0.0 ], [ -89.182039, 41.408512, 0.0 ], [ -89.221994, 41.407947, 0.0 ], [ -89.277517, 41.407815, 0.0 ], [ -89.277823, 41.349323, 0.0 ], [ -89.277336, 41.320834, 0.0 ], [ -89.277405, 41.316719, 0.0 ], [ -89.275175, 41.318453, 0.0 ], [ -89.27173, 41.320601, 0.0 ], [ -89.268857, 41.321828, 0.0 ], [ -89.26495, 41.322375, 0.0 ], [ -89.259122, 41.322533, 0.0 ], [ -89.25737, 41.322372, 0.0 ], [ -89.255375, 41.321927, 0.0 ], [ -89.249433, 41.319322, 0.0 ], [ -89.247469, 41.318875, 0.0 ], [ -89.239839, 41.317725, 0.0 ], [ -89.236491, 41.316944, 0.0 ], [ -89.23358, 41.316102, 0.0 ], [ -89.228004, 41.313835, 0.0 ], [ -89.22486, 41.313108, 0.0 ], [ -89.221663, 41.313011, 0.0 ], [ -89.213965, 41.312224, 0.0 ], [ -89.203151, 41.312264, 0.0 ], [ -89.200562, 41.31208, 0.0 ], [ -89.193302, 41.310609, 0.0 ], [ -89.185429, 41.310169, 0.0 ], [ -89.180717, 41.309176, 0.0 ], [ -89.16641, 41.309129, 0.0 ], [ -89.163711, 41.310195, 0.0 ], [ -89.163222, 41.280595, 0.0 ], [ -89.162626, 41.19232, 0.0 ], [ -89.210869, 41.191908, 0.0 ], [ -89.210822, 41.179123, 0.0 ], [ -89.210666, 41.176778, 0.0 ], [ -89.210436, 41.17678, 0.0 ], [ -89.210382, 41.172865, 0.0 ], [ -89.210702, 41.172773, 0.0 ], [ -89.210705, 41.168447, 0.0 ], [ -89.210408, 41.167033, 0.0 ], [ -89.209869, 41.165801, 0.0 ], [ -89.207251, 41.162768, 0.0 ], [ -89.206417, 41.162422, 0.0 ], [ -89.206303, 41.147763, 0.0 ], [ -89.279716, 41.147675, 0.0 ], [ -89.279492, 41.133007, 0.0 ], [ -89.302694, 41.132881, 0.0 ], [ -89.311411, 41.13301, 0.0 ], [ -89.312214, 41.131236, 0.0 ], [ -89.313251, 41.127964, 0.0 ], [ -89.314145, 41.126155, 0.0 ], [ -89.316516, 41.122625, 0.0 ], [ -89.320776, 41.117161, 0.0 ], [ -89.323815, 41.113816, 0.0 ], [ -89.330817, 41.107231, 0.0 ], [ -89.331545, 41.106117, 0.0 ], [ -89.331842, 41.104784, 0.0 ], [ -89.332799, 41.104615, 0.0 ], [ -89.333685, 41.104102, 0.0 ], [ -89.336436, 41.100468, 0.0 ], [ -89.337436, 41.099628, 0.0 ], [ -89.338606, 41.099098, 0.0 ], [ -89.339816, 41.098868, 0.0 ], [ -89.340096, 41.097468, 0.0 ], [ -89.340436, 41.096858, 0.0 ], [ -89.345516, 41.091788, 0.0 ], [ -89.349776, 41.086698, 0.0 ], [ -89.351746, 41.084668, 0.0 ], [ -89.359026, 41.078008, 0.0 ], [ -89.363836, 41.074648, 0.0 ], [ -89.366896, 41.072838, 0.0 ], [ -89.378186, 41.067018, 0.0 ], [ -89.384976, 41.062948, 0.0 ], [ -89.386136, 41.061958, 0.0 ], [ -89.389806, 41.057438, 0.0 ], [ -89.392514, 41.054769, 0.0 ], [ -89.391789, 41.023529, 0.0 ], [ -89.391616, 40.999518, 0.0 ], [ -89.391323, 40.993544, 0.0 ], [ -89.391391, 40.987477, 0.0 ], [ -89.391616, 40.987187, 0.0 ], [ -89.391466, 40.986988, 0.0 ], [ -89.390886, 40.954768, 0.0 ], [ -89.391069, 40.954431, 0.0 ], [ -89.390778, 40.940051, 0.0 ], [ -89.390882, 40.935461, 0.0 ], [ -89.390626, 40.932384, 0.0 ], [ -89.390208, 40.91716, 0.0 ], [ -89.389179, 40.849885, 0.0 ], [ -89.38912, 40.835456, 0.0 ], [ -89.399081, 40.835193, 0.0 ], [ -89.466713, 40.834936, 0.0 ], [ -89.466511, 40.82828, 0.0 ], [ -89.466767, 40.821802, 0.0 ], [ -89.466821, 40.814584, 0.0 ], [ -89.466647, 40.813898, 0.0 ], [ -89.466277, 40.813472, 0.0 ], [ -89.465572, 40.813102, 0.0 ], [ -89.462109, 40.812906, 0.0 ], [ -89.459975, 40.81204, 0.0 ], [ -89.45732, 40.811715, 0.0 ], [ -89.456585, 40.811353, 0.0 ], [ -89.453986, 40.807667, 0.0 ], [ -89.452271, 40.805909, 0.0 ], [ -89.452044, 40.805348, 0.0 ], [ -89.45201, 40.802972, 0.0 ], [ -89.451674, 40.802037, 0.0 ], [ -89.449409, 40.798844, 0.0 ], [ -89.4475, 40.797415, 0.0 ], [ -89.447181, 40.796927, 0.0 ], [ -89.447101, 40.792452, 0.0 ], [ -89.446911, 40.791268, 0.0 ], [ -89.447249, 40.791272, 0.0 ], [ -89.446474, 40.791146, 0.0 ], [ -89.446749, 40.775626, 0.0 ], [ -89.447128, 40.775018, 0.0 ], [ -89.4472, 40.773918, 0.0 ], [ -89.447163, 40.773036, 0.0 ], [ -89.446904, 40.772465, 0.0 ], [ -89.44686, 40.770945, 0.0 ], [ -89.442236, 40.771985, 0.0 ], [ -89.442212, 40.771722, 0.0 ], [ -89.442239, 40.77029, 0.0 ], [ -89.442467, 40.770289, 0.0 ], [ -89.442412, 40.766955, 0.0 ], [ -89.447118, 40.766916, 0.0 ], [ -89.446792, 40.760066, 0.0 ], [ -89.44685, 40.757307, 0.0 ], [ -89.45046, 40.757313, 0.0 ], [ -89.453178, 40.757109, 0.0 ], [ -89.453091, 40.752961, 0.0 ], [ -89.460226, 40.753202, 0.0 ], [ -89.462196, 40.753126, 0.0 ], [ -89.462102, 40.750763, 0.0 ], [ -89.467034, 40.750553, 0.0 ], [ -89.467089, 40.747596, 0.0 ], [ -89.555, 40.747645, 0.0 ], [ -89.555917, 40.747141, 0.0 ], [ -89.555272, 40.746418, 0.0 ], [ -89.555348, 40.746245, 0.0 ], [ -89.555515, 40.746231, 0.0 ], [ -89.556119, 40.746995, 0.0 ], [ -89.556445, 40.746891, 0.0 ], [ -89.556466, 40.746717, 0.0 ], [ -89.555931, 40.745849, 0.0 ], [ -89.555299, 40.745995, 0.0 ], [ -89.555737, 40.745634, 0.0 ], [ -89.555591, 40.745356, 0.0 ], [ -89.555295, 40.745381, 0.0 ], [ -89.555501, 40.745162, 0.0 ], [ -89.555362, 40.744877, 0.0 ], [ -89.553633, 40.743912, 0.0 ], [ -89.55373, 40.743814, 0.0 ], [ -89.554181, 40.744064, 0.0 ], [ -89.554383, 40.743807, 0.0 ], [ -89.554133, 40.743523, 0.0 ], [ -89.553945, 40.742821, 0.0 ], [ -89.553577, 40.742599, 0.0 ], [ -89.553383, 40.742689, 0.0 ], [ -89.553535, 40.743648, 0.0 ], [ -89.553279, 40.743377, 0.0 ], [ -89.552931, 40.741745, 0.0 ], [ -89.553147, 40.741495, 0.0 ], [ -89.553258, 40.741877, 0.0 ], [ -89.553619, 40.741877, 0.0 ], [ -89.553299, 40.741384, 0.0 ], [ -89.553549, 40.741002, 0.0 ], [ -89.552269, 40.738804, 0.0 ], [ -89.552884, 40.738885, 0.0 ], [ -89.55498, 40.743363, 0.0 ], [ -89.56168, 40.753977, 0.0 ], [ -89.561531, 40.754032, 0.0 ], [ -89.562436, 40.755466, 0.0 ], [ -89.562973, 40.755335, 0.0 ], [ -89.563766, 40.756585, 0.0 ] ] ] } },
{ "type": "Feature", "properties": { "OID_": 0, "DISTRICT": "38", "STA": "IL", "ST": "17", "LABEL": "38", "DIST_NAME": "State Senate District 38", "TYPE": "State Legislature - Upper Chamber", "TYPE_ABB": "Leg_Upper", "ELECT_YEAR": "Enacted" }, "geometry": { "type": "Polygon", "coordinates": [ [ [ -89.02818, 41.192358, 0.0 ], [ -89.029051, 41.192488, 0.0 ], [ -89.04827, 41.192392, 0.0 ], [ -89.048877, 41.236357, 0.0 ], [ -89.068958, 41.235877, 0.0 ], [ -89.118516, 41.236019, 0.0 ], [ -89.162866, 41.235952, 0.0 ], [ -89.163335, 41.291427, 0.0 ], [ -89.163711, 41.310195, 0.0 ], [ -89.16641, 41.309129, 0.0 ], [ -89.180717, 41.309176, 0.0 ], [ -89.185429, 41.310169, 0.0 ], [ -89.193302, 41.310609, 0.0 ], [ -89.200562, 41.31208, 0.0 ], [ -89.203151, 41.312264, 0.0 ], [ -89.213965, 41.312224, 0.0 ], [ -89.221663, 41.313011, 0.0 ], [ -89.22486, 41.313108, 0.0 ], [ -89.228004, 41.313835, 0.0 ], [ -89.23358, 41.316102, 0.0 ], [ -89.236491, 41.316944, 0.0 ], [ -89.239839, 41.317725, 0.0 ], [ -89.247469, 41.318875, 0.0 ], [ -89.249433, 41.319322, 0.0 ], [ -89.255375, 41.321927, 0.0 ], [ -89.25737, 41.322372, 0.0 ], [ -89.259122, 41.322533, 0.0 ], [ -89.26495, 41.322375, 0.0 ], [ -89.268857, 41.321828, 0.0 ], [ -89.27173, 41.320601, 0.0 ], [ -89.275175, 41.318453, 0.0 ], [ -89.277405, 41.316719, 0.0 ], [ -89.277336, 41.320834, 0.0 ], [ -89.277823, 41.349323, 0.0 ], [ -89.277517, 41.407815, 0.0 ], [ -89.221994, 41.407947, 0.0 ], [ -89.182039, 41.408512, 0.0 ], [ -89.16531, 41.408435, 0.0 ], [ -89.164684, 41.366901, 0.0 ], [ -89.128446, 41.367406, 0.0 ], [ -89.127586, 41.367275, 0.0 ], [ -89.125459, 41.367476, 0.0 ], [ -89.111544, 41.36759, 0.0 ], [ -89.10871, 41.367831, 0.0 ], [ -89.084337, 41.367956, 0.0 ], [ -89.081531, 41.368114, 0.0 ], [ -89.06491, 41.368172, 0.0 ], [ -89.062062, 41.367763, 0.0 ], [ -89.060359, 41.36773, 0.0 ], [ -89.027281, 41.367889, 0.0 ], [ -89.015081, 41.367506, 0.0 ], [ -88.971745, 41.367772, 0.0 ], [ -88.952556, 41.367345, 0.0 ], [ -88.933377, 41.367345, 0.0 ], [ -88.911591, 41.367549, 0.0 ], [ -88.880699, 41.368106, 0.0 ], [ -88.876508, 41.368144, 0.0 ], [ -88.875043, 41.3679, 0.0 ], [ -88.873499, 41.367946, 0.0 ], [ -88.87267, 41.368169, 0.0 ], [ -88.855418, 41.368233, 0.0 ], [ -88.849229, 41.368398, 0.0 ], [ -88.84547, 41.368298, 0.0 ], [ -88.845634, 41.374274, 0.0 ], [ -88.845477, 41.382883, 0.0 ], [ -88.845314, 41.455838, 0.0 ], [ -88.821388, 41.456312, 0.0 ], [ -88.81608, 41.456073, 0.0 ], [ -88.816328, 41.485635, 0.0 ], [ -88.815961, 41.500068, 0.0 ], [ -88.815461, 41.500054, 0.0 ], [ -88.815741, 41.514318, 0.0 ], [ -88.816782, 41.533093, 0.0 ], [ -88.817593, 41.587709, 0.0 ], [ -88.803305, 41.587784, 0.0 ], [ -88.799642, 41.588354, 0.0 ], [ -88.796412, 41.589313, 0.0 ], [ -88.79267, 41.591096, 0.0 ], [ -88.762624, 41.609126, 0.0 ], [ -88.769862, 41.609173, 0.0 ], [ -88.770007, 41.615193, 0.0 ], [ -88.769687, 41.616414, 0.0 ], [ -88.770103, 41.61924, 0.0 ], [ -88.770397, 41.63099, 0.0 ], [ -88.780107, 41.63106, 0.0 ], [ -88.781168, 41.704962, 0.0 ], [ -88.776232, 41.703743, 0.0 ], [ -88.776609, 41.717944, 0.0 ], [ -88.772347, 41.717958, 0.0 ], [ -88.772337, 41.724912, 0.0 ], [ -88.772595, 41.72512, 0.0 ], [ -88.773484, 41.725158, 0.0 ], [ -88.77362, 41.725393, 0.0 ], [ -88.773473, 41.732592, 0.0 ], [ -88.773863, 41.766146, 0.0 ], [ -88.773875, 41.784009, 0.0 ], [ -88.773746, 41.797755, 0.0 ], [ -88.773284, 41.813401, 0.0 ], [ -88.773334, 41.863653, 0.0 ], [ -88.775056, 41.863641, 0.0 ], [ -88.753504, 41.899527, 0.0 ], [ -88.75351, 41.902878, 0.0 ], [ -88.761951, 41.903736, 0.0 ], [ -88.7648, 41.903823, 0.0 ], [ -88.767157, 41.903667, 0.0 ], [ -88.773316, 41.902773, 0.0 ], [ -88.773319, 41.903009, 0.0 ], [ -88.774164, 41.902892, 0.0 ], [ -88.773732, 41.907357, 0.0 ], [ -88.774063, 41.917715, 0.0 ], [ -88.773941, 41.91867, 0.0 ], [ -88.773164, 41.920578, 0.0 ], [ -88.773047, 41.921875, 0.0 ], [ -88.791988, 41.921791, 0.0 ], [ -88.791637, 41.921885, 0.0 ], [ -88.791642, 41.922724, 0.0 ], [ -88.792566, 41.92272, 0.0 ], [ -88.792569, 41.933095, 0.0 ], [ -88.797383, 41.933209, 0.0 ], [ -88.797431, 41.94358, 0.0 ], [ -88.797271, 41.943574, 0.0 ], [ -88.797239, 41.960315, 0.0 ], [ -88.797011, 41.961359, 0.0 ], [ -88.796488, 41.962381, 0.0 ], [ -88.795603, 41.963384, 0.0 ], [ -88.794458, 41.964202, 0.0 ], [ -88.792643, 41.964951, 0.0 ], [ -88.790617, 41.965276, 0.0 ], [ -88.77313, 41.965255, 0.0 ], [ -88.773135, 41.972716, 0.0 ], [ -88.763703, 41.972711, 0.0 ], [ -88.760271, 41.971907, 0.0 ], [ -88.758958, 41.971774, 0.0 ], [ -88.736403, 41.971602, 0.0 ], [ -88.736247, 41.972515, 0.0 ], [ -88.736459, 41.977326, 0.0 ], [ -88.736837, 41.979962, 0.0 ], [ -88.714734, 41.980053, 0.0 ], [ -88.714719, 41.97374, 0.0 ], [ -88.71458, 41.973558, 0.0 ], [ -88.714719, 41.973332, 0.0 ], [ -88.714757, 41.945378, 0.0 ], [ -88.714668, 41.89281, 0.0 ], [ -88.715203, 41.793855, 0.0 ], [ -88.715399, 41.718411, 0.0 ], [ -88.65218, 41.719076, 0.0 ], [ -88.651737, 41.712289, 0.0 ], [ -88.652087, 41.709326, 0.0 ], [ -88.651827, 41.681883, 0.0 ], [ -88.65139, 41.6601, 0.0 ], [ -88.651103, 41.660029, 0.0 ], [ -88.651018, 41.64558, 0.0 ], [ -88.650726, 41.631001, 0.0 ], [ -88.602246, 41.631397, 0.0 ], [ -88.602415, 41.63868, 0.0 ], [ -88.602352, 41.647845, 0.0 ], [ -88.600213, 41.648004, 0.0 ], [ -88.600156, 41.647768, 0.0 ], [ -88.591036, 41.648708, 0.0 ], [ -88.585176, 41.649778, 0.0 ], [ -88.539566, 41.661798, 0.0 ], [ -88.52462, 41.665207, 0.0 ], [ -88.524557, 41.664666, 0.0 ], [ -88.522142, 41.665281, 0.0 ], [ -88.522119, 41.665774, 0.0 ], [ -88.479616, 41.675338, 0.0 ], [ -88.469616, 41.673418, 0.0 ], [ -88.463128, 41.672599, 0.0 ], [ -88.461123, 41.672847, 0.0 ], [ -88.460774, 41.67246, 0.0 ], [ -88.460252, 41.672258, 0.0 ], [ -88.453766, 41.671508, 0.0 ], [ -88.452846, 41.671258, 0.0 ], [ -88.452276, 41.671848, 0.0 ], [ -88.448986, 41.674108, 0.0 ], [ -88.443976, 41.674648, 0.0 ], [ -88.445066, 41.680408, 0.0 ], [ -88.445866, 41.682938, 0.0 ], [ -88.420476, 41.688645, 0.0 ], [ -88.420948, 41.684927, 0.0 ], [ -88.418076, 41.684528, 0.0 ], [ -88.416626, 41.683988, 0.0 ], [ -88.412946, 41.681698, 0.0 ], [ -88.410831, 41.679741, 0.0 ], [ -88.416223, 41.677223, 0.0 ], [ -88.427106, 41.671538, 0.0 ], [ -88.424074, 41.668804, 0.0 ], [ -88.4281, 41.666235, 0.0 ], [ -88.4281, 41.663081, 0.0 ], [ -88.427276, 41.660245, 0.0 ], [ -88.426376, 41.659398, 0.0 ], [ -88.407106, 41.669388, 0.0 ], [ -88.406446, 41.668708, 0.0 ], [ -88.406276, 41.668218, 0.0 ], [ -88.403749, 41.668614, 0.0 ], [ -88.402771, 41.669781, 0.0 ], [ -88.400473, 41.671568, 0.0 ], [ -88.397686, 41.673225, 0.0 ], [ -88.395945, 41.673881, 0.0 ], [ -88.393708, 41.675236, 0.0 ], [ -88.388936, 41.676471, 0.0 ], [ -88.384889, 41.676452, 0.0 ], [ -88.384116, 41.676577, 0.0 ], [ -88.384827, 41.676006, 0.0 ], [ -88.384796, 41.675799, 0.0 ], [ -88.384333, 41.675566, 0.0 ], [ -88.381827, 41.675473, 0.0 ], [ -88.379486, 41.675858, 0.0 ], [ -88.379381, 41.675565, 0.0 ], [ -88.377999, 41.675662, 0.0 ], [ -88.377796, 41.675397, 0.0 ], [ -88.377972, 41.675397, 0.0 ], [ -88.377566, 41.673928, 0.0 ], [ -88.377564, 41.672029, 0.0 ], [ -88.376746, 41.672225, 0.0 ], [ -88.376686, 41.672128, 0.0 ], [ -88.376711, 41.672234, 0.0 ], [ -88.364753, 41.675132, 0.0 ], [ -88.361586, 41.675298, 0.0 ], [ -88.355336, 41.675078, 0.0 ], [ -88.352533, 41.675513, 0.0 ], [ -88.350913, 41.676008, 0.0 ], [ -88.348496, 41.677148, 0.0 ], [ -88.346236, 41.678838, 0.0 ], [ -88.338996, 41.687818, 0.0 ], [ -88.336556, 41.690718, 0.0 ], [ -88.336006, 41.691168, 0.0 ], [ -88.334356, 41.691948, 0.0 ], [ -88.326956, 41.693878, 0.0 ], [ -88.325296, 41.694508, 0.0 ], [ -88.315886, 41.699678, 0.0 ], [ -88.314596, 41.698368, 0.0 ], [ -88.314226, 41.697558, 0.0 ], [ -88.314046, 41.690368, 0.0 ], [ -88.309806, 41.690698, 0.0 ], [ -88.309426, 41.679598, 0.0 ], [ -88.308946, 41.678298, 0.0 ], [ -88.3088, 41.6783, 0.0 ], [ -88.308016, 41.650058, 0.0 ], [ -88.316936, 41.649878, 0.0 ], [ -88.317346, 41.650238, 0.0 ], [ -88.317566, 41.650018, 0.0 ], [ -88.317104, 41.635538, 0.0 ], [ -88.259126, 41.636208, 0.0 ], [ -88.25728, 41.593477, 0.0 ], [ -88.260136, 41.593558, 0.0 ], [ -88.315036, 41.592478, 0.0 ], [ -88.314076, 41.564888, 0.0 ], [ -88.314174, 41.556339, 0.0 ], [ -88.313919, 41.548897, 0.0 ], [ -88.294086, 41.549318, 0.0 ], [ -88.294046, 41.547748, 0.0 ], [ -88.293686, 41.546408, 0.0 ], [ -88.292816, 41.520038, 0.0 ], [ -88.25431, 41.520995, 0.0 ], [ -88.249829, 41.39684, 0.0 ], [ -88.248944, 41.368374, 0.0 ], [ -88.248863, 41.360515, 0.0 ], [ -88.248006, 41.331253, 0.0 ], [ -88.247977, 41.325116, 0.0 ], [ -88.247771, 41.32494, 0.0 ], [ -88.247259, 41.324917, 0.0 ], [ -88.230003, 41.325127, 0.0 ], [ -88.227696, 41.325328, 0.0 ], [ -88.210584, 41.325527, 0.0 ], [ -88.191364, 41.326009, 0.0 ], [ -88.191307, 41.324971, 0.0 ], [ -88.190507, 41.324988, 0.0 ], [ -88.190212, 41.318757, 0.0 ], [ -88.190343, 41.315047, 0.0 ], [ -88.189746, 41.307931, 0.0 ], [ -88.190001, 41.30776, 0.0 ], [ -88.189994, 41.307508, 0.0 ], [ -88.18915, 41.28984, 0.0 ], [ -88.208792, 41.289359, 0.0 ], [ -88.208167, 41.275058, 0.0 ], [ -88.207994, 41.274804, 0.0 ], [ -88.207871, 41.269772, 0.0 ], [ -88.207617, 41.269263, 0.0 ], [ -88.20681, 41.268603, 0.0 ], [ -88.207964, 41.267737, 0.0 ], [ -88.207935, 41.266803, 0.0 ], [ -88.209455, 41.265272, 0.0 ], [ -88.211238, 41.263796, 0.0 ], [ -88.21227, 41.264536, 0.0 ], [ -88.212689, 41.264619, 0.0 ], [ -88.246201, 41.26394, 0.0 ], [ -88.247038, 41.288588, 0.0 ], [ -88.367119, 41.286101, 0.0 ], [ -88.475855, 41.283417, 0.0 ], [ -88.547971, 41.282794, 0.0 ], [ -88.547808, 41.276201, 0.0 ], [ -88.547619, 41.275663, 0.0 ], [ -88.547597, 41.268142, 0.0 ], [ -88.58848, 41.267961, 0.0 ], [ -88.589445, 41.290093, 0.0 ], [ -88.589987, 41.289683, 0.0 ], [ -88.634907, 41.289076, 0.0 ], [ -88.635146, 41.296541, 0.0 ], [ -88.637848, 41.296503, 0.0 ], [ -88.63804, 41.302245, 0.0 ], [ -88.637946, 41.3096, 0.0 ], [ -88.638427, 41.309874, 0.0 ], [ -88.641469, 41.311016, 0.0 ], [ -88.646316, 41.312105, 0.0 ], [ -88.649917, 41.313288, 0.0 ], [ -88.653162, 41.313953, 0.0 ], [ -88.658852, 41.313936, 0.0 ], [ -88.66282, 41.312354, 0.0 ], [ -88.665507, 41.311693, 0.0 ], [ -88.66841, 41.311665, 0.0 ], [ -88.670686, 41.311949, 0.0 ], [ -88.675171, 41.313427, 0.0 ], [ -88.682839, 41.315201, 0.0 ], [ -88.683944, 41.315707, 0.0 ], [ -88.684697, 41.316355, 0.0 ], [ -88.685633, 41.316826, 0.0 ], [ -88.685994, 41.317248, 0.0 ], [ -88.687889, 41.318619, 0.0 ], [ -88.690732, 41.319585, 0.0 ], [ -88.694533, 41.321182, 0.0 ], [ -88.696945, 41.321419, 0.0 ], [ -88.698168, 41.321372, 0.0 ], [ -88.69986, 41.321857, 0.0 ], [ -88.705168, 41.322117, 0.0 ], [ -88.704452, 41.281518, 0.0 ], [ -88.762131, 41.281446, 0.0 ], [ -88.817019, 41.281176, 0.0 ], [ -88.816605, 41.193747, 0.0 ], [ -88.932204, 41.192687, 0.0 ], [ -89.000152, 41.192626, 0.0 ], [ -89.02818, 41.192358, 0.0 ] ] ] } },
{ "type": "Feature", "properties": { "OID_": 0, "DISTRICT": "39", "STA": "IL", "ST": "17", "LABEL": "39", "DIST_NAME": "State Senate District 39", "TYPE": "State Legislature - Upper Chamber", "TYPE_ABB": "Leg_Upper", "ELECT_YEAR": "Enacted" }, "geometry": { "type": "Polygon", "coordinates": [ [ [ -87.803538, 41.870472, 0.0 ], [ -87.804402, 41.870486, 0.0 ], [ -87.804766, 41.881398, 0.0 ], [ -87.806108, 41.881372, 0.0 ], [ -87.806171, 41.883209, 0.0 ], [ -87.814587, 41.883082, 0.0 ], [ -87.814724, 41.887028, 0.0 ], [ -87.817751, 41.886983, 0.0 ], [ -87.817794, 41.888286, 0.0 ], [ -87.819641, 41.888247, 0.0 ], [ -87.819325, 41.879354, 0.0 ], [ -87.827331, 41.879183, 0.0 ], [ -87.82699, 41.879965, 0.0 ], [ -87.827317, 41.880548, 0.0 ], [ -87.828952, 41.881596, 0.0 ], [ -87.833019, 41.884757, 0.0 ], [ -87.833415, 41.885364, 0.0 ], [ -87.8337, 41.886226, 0.0 ], [ -87.833124, 41.887686, 0.0 ], [ -87.832469, 41.888518, 0.0 ], [ -87.829836, 41.889894, 0.0 ], [ -87.829647, 41.890239, 0.0 ], [ -87.830167, 41.891563, 0.0 ], [ -87.831489, 41.892597, 0.0 ], [ -87.832329, 41.892863, 0.0 ], [ -87.83331, 41.893441, 0.0 ], [ -87.834093, 41.894296, 0.0 ], [ -87.834643, 41.895318, 0.0 ], [ -87.834682, 41.897161, 0.0 ], [ -87.834249, 41.898404, 0.0 ], [ -87.833653, 41.901114, 0.0 ], [ -87.832805, 41.902995, 0.0 ], [ -87.83186, 41.904096, 0.0 ], [ -87.834934, 41.906301, 0.0 ], [ -87.834854, 41.90464, 0.0 ], [ -87.839883, 41.904645, 0.0 ], [ -87.839649, 41.898339, 0.0 ], [ -87.844599, 41.898398, 0.0 ], [ -87.844322, 41.890778, 0.0 ], [ -87.859422, 41.894025, 0.0 ], [ -87.86656, 41.89523, 0.0 ], [ -87.876125, 41.89736, 0.0 ], [ -87.877677, 41.897425, 0.0 ], [ -87.881352, 41.896958, 0.0 ], [ -87.88442, 41.897284, 0.0 ], [ -87.890769, 41.898736, 0.0 ], [ -87.898781, 41.900918, 0.0 ], [ -87.906291, 41.902487, 0.0 ], [ -87.907995, 41.903048, 0.0 ], [ -87.908032, 41.906719, 0.0 ], [ -87.908159, 41.907069, 0.0 ], [ -87.920429, 41.906851, 0.0 ], [ -87.920294, 41.931308, 0.0 ], [ -87.92053, 41.931357, 0.0 ], [ -87.933899, 41.93167, 0.0 ], [ -87.957336, 41.93051, 0.0 ], [ -87.95674, 41.930049, 0.0 ], [ -87.960129, 41.926813, 0.0 ], [ -87.969258, 41.927855, 0.0 ], [ -87.969324, 41.920279, 0.0 ], [ -87.998441, 41.919759, 0.0 ], [ -87.998653, 41.923836, 0.0 ], [ -88.003409, 41.923717, 0.0 ], [ -88.003412, 41.923314, 0.0 ], [ -88.008305, 41.923213, 0.0 ], [ -88.008298, 41.926869, 0.0 ], [ -88.013199, 41.926755, 0.0 ], [ -88.013204, 41.929474, 0.0 ], [ -88.008303, 41.92996, 0.0 ], [ -88.008303, 41.934167, 0.0 ], [ -88.008134, 41.93417, 0.0 ], [ -88.008132, 41.936126, 0.0 ], [ -88.00912, 41.936302, 0.0 ], [ -88.013127, 41.936202, 0.0 ], [ -88.01319, 41.939523, 0.0 ], [ -88.022521, 41.939306, 0.0 ], [ -88.022504, 41.94138, 0.0 ], [ -88.021984, 41.946382, 0.0 ], [ -88.003368, 41.938453, 0.0 ], [ -88.003331, 41.949008, 0.0 ], [ -87.998285, 41.94681, 0.0 ], [ -87.998412, 41.947023, 0.0 ], [ -87.998398, 41.948008, 0.0 ], [ -87.998036, 41.947847, 0.0 ], [ -87.998052, 41.948621, 0.0 ], [ -87.997704, 41.94998, 0.0 ], [ -87.99753, 41.950068, 0.0 ], [ -87.997304, 41.949942, 0.0 ], [ -87.997296, 41.949483, 0.0 ], [ -87.996892, 41.949483, 0.0 ], [ -87.996891, 41.948402, 0.0 ], [ -87.997183, 41.948216, 0.0 ], [ -87.997186, 41.947704, 0.0 ], [ -87.995702, 41.947049, 0.0 ], [ -87.995017, 41.947064, 0.0 ], [ -87.995112, 41.949412, 0.0 ], [ -87.99411, 41.95011, 0.0 ], [ -87.992368, 41.950148, 0.0 ], [ -87.991708, 41.949905, 0.0 ], [ -87.988728, 41.94995, 0.0 ], [ -87.988698, 41.949209, 0.0 ], [ -87.972192, 41.949567, 0.0 ], [ -87.972104, 41.949405, 0.0 ], [ -87.97195, 41.94957, 0.0 ], [ -87.96916, 41.94956, 0.0 ], [ -87.969125, 41.961176, 0.0 ], [ -87.973179, 41.961932, 0.0 ], [ -87.977314, 41.963247, 0.0 ], [ -87.97606, 41.963088, 0.0 ], [ -87.976045, 41.969114, 0.0 ], [ -87.968871, 41.969263, 0.0 ], [ -87.968865, 41.971645, 0.0 ], [ -87.969092, 41.971639, 0.0 ], [ -87.970752, 41.97692, 0.0 ], [ -87.971548, 41.977954, 0.0 ], [ -87.969588, 41.978099, 0.0 ], [ -87.969538, 41.983891, 0.0 ], [ -87.970414, 41.983973, 0.0 ], [ -87.97036, 41.988348, 0.0 ], [ -87.970642, 41.993005, 0.0 ], [ -87.939952, 41.993489, 0.0 ], [ -87.940258, 42.008313, 0.0 ], [ -87.938308, 42.008126, 0.0 ], [ -87.921153, 42.008449, 0.0 ], [ -87.890609, 42.00949, 0.0 ], [ -87.89061, 42.005832, 0.0 ], [ -87.884746, 42.006022, 0.0 ], [ -87.884553, 42.004106, 0.0 ], [ -87.88453, 41.993753, 0.0 ], [ -87.884139, 41.992829, 0.0 ], [ -87.883543, 41.99203, 0.0 ], [ -87.880328, 41.989837, 0.0 ], [ -87.879592, 41.988985, 0.0 ], [ -87.879191, 41.988113, 0.0 ], [ -87.878841, 41.985964, 0.0 ], [ -87.879047, 41.981052, 0.0 ], [ -87.878784, 41.98116, 0.0 ], [ -87.878852, 41.977969, 0.0 ], [ -87.878479, 41.975827, 0.0 ], [ -87.877658, 41.973065, 0.0 ], [ -87.880884, 41.97309, 0.0 ], [ -87.880732, 41.960487, 0.0 ], [ -87.883248, 41.958538, 0.0 ], [ -87.884303, 41.957534, 0.0 ], [ -87.890769, 41.958038, 0.0 ], [ -87.890469, 41.954638, 0.0 ], [ -87.890669, 41.953438, 0.0 ], [ -87.885685, 41.953292, 0.0 ], [ -87.885401, 41.945569, 0.0 ], [ -87.884922, 41.945403, 0.0 ], [ -87.880509, 41.945555, 0.0 ], [ -87.880551, 41.946436, 0.0 ], [ -87.878115, 41.946411, 0.0 ], [ -87.878101, 41.946094, 0.0 ], [ -87.875679, 41.946138, 0.0 ], [ -87.875657, 41.945665, 0.0 ], [ -87.865951, 41.945843, 0.0 ], [ -87.865493, 41.936226, 0.0 ], [ -87.858815, 41.934299, 0.0 ], [ -87.858261, 41.932758, 0.0 ], [ -87.858737, 41.93274, 0.0 ], [ -87.858311, 41.931526, 0.0 ], [ -87.857823, 41.931535, 0.0 ], [ -87.857492, 41.930203, 0.0 ], [ -87.854647, 41.922552, 0.0 ], [ -87.842249, 41.922842, 0.0 ], [ -87.841269, 41.923102, 0.0 ], [ -87.843804, 41.925777, 0.0 ], [ -87.845115, 41.927755, 0.0 ], [ -87.846069, 41.929562, 0.0 ], [ -87.84389, 41.929958, 0.0 ], [ -87.841295, 41.932106, 0.0 ], [ -87.835825, 41.930639, 0.0 ], [ -87.835945, 41.934509, 0.0 ], [ -87.829838, 41.934424, 0.0 ], [ -87.830011, 41.937688, 0.0 ], [ -87.82626, 41.937758, 0.0 ], [ -87.825976, 41.928205, 0.0 ], [ -87.821639, 41.927012, 0.0 ], [ -87.816093, 41.925234, 0.0 ], [ -87.816291, 41.925586, 0.0 ], [ -87.803276, 41.923552, 0.0 ], [ -87.790413, 41.923644, 0.0 ], [ -87.790254, 41.918965, 0.0 ], [ -87.789999, 41.918172, 0.0 ], [ -87.789354, 41.917493, 0.0 ], [ -87.786867, 41.916676, 0.0 ], [ -87.785232, 41.91646, 0.0 ], [ -87.765751, 41.916632, 0.0 ], [ -87.765539, 41.910172, 0.0 ], [ -87.765893, 41.908872, 0.0 ], [ -87.765854, 41.907574, 0.0 ], [ -87.762126, 41.907618, 0.0 ], [ -87.76207, 41.90581, 0.0 ], [ -87.761065, 41.90582, 0.0 ], [ -87.760509, 41.891153, 0.0 ], [ -87.764353, 41.891111, 0.0 ], [ -87.764288, 41.889308, 0.0 ], [ -87.765187, 41.889298, 0.0 ], [ -87.765112, 41.887209, 0.0 ], [ -87.770008, 41.887144, 0.0 ], [ -87.770021, 41.887485, 0.0 ], [ -87.774899, 41.887419, 0.0 ], [ -87.77427, 41.869122, 0.0 ], [ -87.803469, 41.868646, 0.0 ], [ -87.803538, 41.870472, 0.0 ] ] ] } },
{ "type": "Feature", "properties": { "OID_": 0, "DISTRICT": "40", "STA": "IL", "ST": "17", "LABEL": "40", "DIST_NAME": "State Senate District 40", "TYPE": "State Legislature - Upper Chamber", "TYPE_ABB": "Leg_Upper", "ELECT_YEAR": "Enacted" }, "geometry": { "type": "Polygon", "coordinates": [ [ [ -88.247306, 40.994568, 0.0 ], [ -88.251507, 41.114226, 0.0 ], [ -88.260046, 41.114068, 0.0 ], [ -88.260534, 41.128632, 0.0 ], [ -88.270124, 41.128384, 0.0 ], [ -88.270618, 41.142862, 0.0 ], [ -88.265814, 41.142985, 0.0 ], [ -88.266565, 41.163882, 0.0 ], [ -88.266708, 41.16441, 0.0 ], [ -88.267888, 41.165403, 0.0 ], [ -88.268091, 41.165815, 0.0 ], [ -88.268623, 41.172133, 0.0 ], [ -88.271607, 41.172079, 0.0 ], [ -88.271586, 41.170028, 0.0 ], [ -88.281163, 41.170011, 0.0 ], [ -88.282198, 41.200626, 0.0 ], [ -88.282408, 41.200813, 0.0 ], [ -88.282572, 41.215325, 0.0 ], [ -88.279907, 41.215369, 0.0 ], [ -88.279974, 41.223535, 0.0 ], [ -88.290573, 41.215172, 0.0 ], [ -88.290751, 41.215315, 0.0 ], [ -88.279983, 41.223789, 0.0 ], [ -88.28011, 41.229902, 0.0 ], [ -88.302927, 41.229401, 0.0 ], [ -88.304497, 41.281917, 0.0 ], [ -88.30291, 41.281938, 0.0 ], [ -88.302949, 41.282846, 0.0 ], [ -88.298094, 41.282934, 0.0 ], [ -88.298135, 41.28384, 0.0 ], [ -88.294587, 41.283907, 0.0 ], [ -88.294688, 41.286617, 0.0 ], [ -88.294891, 41.28755, 0.0 ], [ -88.246999, 41.288587, 0.0 ], [ -88.246201, 41.26394, 0.0 ], [ -88.212689, 41.264619, 0.0 ], [ -88.21227, 41.264536, 0.0 ], [ -88.211238, 41.263796, 0.0 ], [ -88.209455, 41.265272, 0.0 ], [ -88.207935, 41.266803, 0.0 ], [ -88.207964, 41.267737, 0.0 ], [ -88.20681, 41.268603, 0.0 ], [ -88.207617, 41.269263, 0.0 ], [ -88.207871, 41.269772, 0.0 ], [ -88.207994, 41.274804, 0.0 ], [ -88.208167, 41.275058, 0.0 ], [ -88.208792, 41.289359, 0.0 ], [ -88.18915, 41.28984, 0.0 ], [ -88.189994, 41.307508, 0.0 ], [ -88.190001, 41.30776, 0.0 ], [ -88.189746, 41.307931, 0.0 ], [ -88.190343, 41.315047, 0.0 ], [ -88.190212, 41.318757, 0.0 ], [ -88.190507, 41.324988, 0.0 ], [ -88.191307, 41.324971, 0.0 ], [ -88.191364, 41.326009, 0.0 ], [ -88.191079, 41.326013, 0.0 ], [ -88.191626, 41.338175, 0.0 ], [ -88.192219, 41.362463, 0.0 ], [ -88.192823, 41.376875, 0.0 ], [ -88.096164, 41.379118, 0.0 ], [ -88.018997, 41.380448, 0.0 ], [ -88.021678, 41.453154, 0.0 ], [ -88.023059, 41.496564, 0.0 ], [ -88.003864, 41.497022, 0.0 ], [ -88.003626, 41.491723, 0.0 ], [ -87.994032, 41.491878, 0.0 ], [ -87.993732, 41.48484, 0.0 ], [ -87.992649, 41.485425, 0.0 ], [ -87.990798, 41.484092, 0.0 ], [ -87.989571, 41.484794, 0.0 ], [ -87.988346, 41.485238, 0.0 ], [ -87.984094, 41.485415, 0.0 ], [ -87.984344, 41.49203, 0.0 ], [ -87.965106, 41.492336, 0.0 ], [ -87.965277, 41.497608, 0.0 ], [ -87.941186, 41.498008, 0.0 ], [ -87.941198, 41.498659, 0.0 ], [ -87.938095, 41.498131, 0.0 ], [ -87.933011, 41.498002, 0.0 ], [ -87.926779, 41.498077, 0.0 ], [ -87.926896, 41.501847, 0.0 ], [ -87.926714, 41.501852, 0.0 ], [ -87.922064, 41.501885, 0.0 ], [ -87.921944, 41.498342, 0.0 ], [ -87.907439, 41.498431, 0.0 ], [ -87.907432, 41.498293, 0.0 ], [ -87.888257, 41.498527, 0.0 ], [ -87.887181, 41.469926, 0.0 ], [ -87.865028, 41.470017, 0.0 ], [ -87.722351, 41.469742, 0.0 ], [ -87.722384, 41.471068, 0.0 ], [ -87.722052, 41.474159, 0.0 ], [ -87.722212, 41.474363, 0.0 ], [ -87.722297, 41.476693, 0.0 ], [ -87.722392, 41.484309, 0.0 ], [ -87.712942, 41.484307, 0.0 ], [ -87.713001, 41.491544, 0.0 ], [ -87.705925, 41.49164, 0.0 ], [ -87.700289, 41.502149, 0.0 ], [ -87.70055, 41.502144, 0.0 ], [ -87.698316, 41.506173, 0.0 ], [ -87.679205, 41.506184, 0.0 ], [ -87.679211, 41.503984, 0.0 ], [ -87.674335, 41.504078, 0.0 ], [ -87.674396, 41.513525, 0.0 ], [ -87.684694, 41.513485, 0.0 ], [ -87.684685, 41.512779, 0.0 ], [ -87.685093, 41.51279, 0.0 ], [ -87.685257, 41.513259, 0.0 ], [ -87.686351, 41.514842, 0.0 ], [ -87.686351, 41.516642, 0.0 ], [ -87.683732, 41.516642, 0.0 ], [ -87.683723, 41.517179, 0.0 ], [ -87.682949, 41.517506, 0.0 ], [ -87.682562, 41.517089, 0.0 ], [ -87.682255, 41.518629, 0.0 ], [ -87.681906, 41.518811, 0.0 ], [ -87.681855, 41.519699, 0.0 ], [ -87.681525, 41.520255, 0.0 ], [ -87.680627, 41.520106, 0.0 ], [ -87.674464, 41.520122, 0.0 ], [ -87.674467, 41.520589, 0.0 ], [ -87.664759, 41.520578, 0.0 ], [ -87.664651, 41.524342, 0.0 ], [ -87.664772, 41.527868, 0.0 ], [ -87.656735, 41.527851, 0.0 ], [ -87.660116, 41.534821, 0.0 ], [ -87.662715, 41.539026, 0.0 ], [ -87.655075, 41.53898, 0.0 ], [ -87.655072, 41.538771, 0.0 ], [ -87.629702, 41.538771, 0.0 ], [ -87.629453, 41.538717, 0.0 ], [ -87.630095, 41.537219, 0.0 ], [ -87.624447, 41.537263, 0.0 ], [ -87.62427, 41.53712, 0.0 ], [ -87.624091, 41.535495, 0.0 ], [ -87.624195, 41.535341, 0.0 ], [ -87.62304, 41.535336, 0.0 ], [ -87.623871, 41.542482, 0.0 ], [ -87.611995, 41.542573, 0.0 ], [ -87.612073, 41.540267, 0.0 ], [ -87.612366, 41.539015, 0.0 ], [ -87.612827, 41.537927, 0.0 ], [ -87.616576, 41.532276, 0.0 ], [ -87.617789, 41.531206, 0.0 ], [ -87.619152, 41.529355, 0.0 ], [ -87.619885, 41.528042, 0.0 ], [ -87.616525, 41.528046, 0.0 ], [ -87.616371, 41.52145, 0.0 ], [ -87.616043, 41.477106, 0.0 ], [ -87.619266, 41.477096, 0.0 ], [ -87.619248, 41.475495, 0.0 ], [ -87.619375, 41.475494, 0.0 ], [ -87.619366, 41.474181, 0.0 ], [ -87.61924, 41.474183, 0.0 ], [ -87.619231, 41.469843, 0.0 ], [ -87.620218, 41.469841, 0.0 ], [ -87.619918, 41.46908, 0.0 ], [ -87.620299, 41.469084, 0.0 ], [ -87.618429, 41.464301, 0.0 ], [ -87.621301, 41.464243, 0.0 ], [ -87.621308, 41.464921, 0.0 ], [ -87.622426, 41.464264, 0.0 ], [ -87.622978, 41.464259, 0.0 ], [ -87.622912, 41.460157, 0.0 ], [ -87.62239, 41.46013, 0.0 ], [ -87.62289, 41.459211, 0.0 ], [ -87.622848, 41.457005, 0.0 ], [ -87.633346, 41.456899, 0.0 ], [ -87.631856, 41.449638, 0.0 ], [ -87.622871, 41.449736, 0.0 ], [ -87.622804, 41.447869, 0.0 ], [ -87.620315, 41.448079, 0.0 ], [ -87.617991, 41.447903, 0.0 ], [ -87.617933, 41.442509, 0.0 ], [ -87.621599, 41.442474, 0.0 ], [ -87.621535, 41.438874, 0.0 ], [ -87.624971, 41.438736, 0.0 ], [ -87.624905, 41.435187, 0.0 ], [ -87.630692, 41.435116, 0.0 ], [ -87.629875, 41.420624, 0.0 ], [ -87.651308, 41.420459, 0.0 ], [ -87.658505, 41.420609, 0.0 ], [ -87.670575, 41.42036, 0.0 ], [ -87.670348, 41.398498, 0.0 ], [ -87.76838, 41.397758, 0.0 ], [ -87.779356, 41.383538, 0.0 ], [ -87.781174, 41.381514, 0.0 ], [ -87.81214, 41.354118, 0.0 ], [ -87.813368, 41.352826, 0.0 ], [ -87.814353, 41.35139, 0.0 ], [ -87.815218, 41.349187, 0.0 ], [ -87.821256, 41.315838, 0.0 ], [ -87.822566, 41.311778, 0.0 ], [ -87.830495, 41.295248, 0.0 ], [ -87.830854, 41.295242, 0.0 ], [ -87.841928, 41.272373, 0.0 ], [ -87.84211, 41.272372, 0.0 ], [ -87.845615, 41.265062, 0.0 ], [ -87.845416, 41.26504, 0.0 ], [ -87.852475, 41.250408, 0.0 ], [ -87.852101, 41.25041, 0.0 ], [ -87.853306, 41.24785, 0.0 ], [ -87.858339, 41.237506, 0.0 ], [ -87.858632, 41.237604, 0.0 ], [ -87.866532, 41.221092, 0.0 ], [ -87.867017, 41.219613, 0.0 ], [ -87.867432, 41.217185, 0.0 ], [ -87.867102, 41.206672, 0.0 ], [ -87.838036, 41.206814, 0.0 ], [ -87.837513, 41.191769, 0.0 ], [ -87.836824, 41.162812, 0.0 ], [ -87.84437, 41.162738, 0.0 ], [ -87.837483, 41.145786, 0.0 ], [ -87.836746, 41.142716, 0.0 ], [ -87.835455, 41.112417, 0.0 ], [ -87.835778, 41.112747, 0.0 ], [ -87.836001, 41.112758, 0.0 ], [ -87.835447, 41.112192, 0.0 ], [ -87.83527, 41.108173, 0.0 ], [ -87.835131, 41.108039, 0.0 ], [ -87.834498, 41.093457, 0.0 ], [ -87.834536, 41.091563, 0.0 ], [ -87.83476, 41.091561, 0.0 ], [ -87.835323, 41.0889, 0.0 ], [ -87.836157, 41.086985, 0.0 ], [ -87.838049, 41.084236, 0.0 ], [ -87.83966, 41.082603, 0.0 ], [ -87.841467, 41.081205, 0.0 ], [ -87.84363, 41.079855, 0.0 ], [ -87.8432, 41.079912, 0.0 ], [ -87.844241, 41.07936, 0.0 ], [ -87.84669, 41.078344, 0.0 ], [ -87.849346, 41.077613, 0.0 ], [ -87.848563, 41.077134, 0.0 ], [ -87.847977, 41.077096, 0.0 ], [ -87.830137, 41.077271, 0.0 ], [ -87.829964, 41.064344, 0.0 ], [ -87.829844, 41.064343, 0.0 ], [ -87.829835, 41.063803, 0.0 ], [ -87.829957, 41.063802, 0.0 ], [ -87.830008, 41.062976, 0.0 ], [ -87.830564, 41.062635, 0.0 ], [ -87.829903, 41.062816, 0.0 ], [ -87.830431, 41.062496, 0.0 ], [ -87.831656, 41.059854, 0.0 ], [ -87.832914, 41.059147, 0.0 ], [ -87.836439, 41.057696, 0.0 ], [ -87.838527, 41.055839, 0.0 ], [ -87.841093, 41.052924, 0.0 ], [ -87.841375, 41.051386, 0.0 ], [ -87.841777, 41.050434, 0.0 ], [ -87.842209, 41.049688, 0.0 ], [ -87.842746, 41.049209, 0.0 ], [ -87.843482, 41.048699, 0.0 ], [ -87.844478, 41.048335, 0.0 ], [ -87.849646, 41.04794, 0.0 ], [ -87.849146, 41.04774, 0.0 ], [ -87.849686, 41.047361, 0.0 ], [ -87.849956, 41.046821, 0.0 ], [ -87.849939, 41.044758, 0.0 ], [ -87.849584, 41.043748, 0.0 ], [ -87.847964, 41.040676, 0.0 ], [ -87.846377, 41.03865, 0.0 ], [ -87.844575, 41.035748, 0.0 ], [ -87.844329, 41.035091, 0.0 ], [ -87.844329, 41.033367, 0.0 ], [ -87.844912, 41.030305, 0.0 ], [ -87.844829, 41.029022, 0.0 ], [ -87.844591, 41.028098, 0.0 ], [ -87.844038, 41.027037, 0.0 ], [ -87.84287, 41.02542, 0.0 ], [ -87.840468, 41.023355, 0.0 ], [ -87.838712, 41.021599, 0.0 ], [ -87.83376, 41.016151, 0.0 ], [ -87.830078, 41.013891, 0.0 ], [ -87.827752, 41.01088, 0.0 ], [ -87.826745, 41.010154, 0.0 ], [ -87.821475, 41.007436, 0.0 ], [ -87.814668, 41.005501, 0.0 ], [ -87.813173, 41.004868, 0.0 ], [ -87.814051, 41.004707, 0.0 ], [ -87.848048, 41.00434, 0.0 ], [ -87.882582, 41.003657, 0.0 ], [ -87.907412, 41.002808, 0.0 ], [ -87.908144, 41.002932, 0.0 ], [ -87.91097, 41.002764, 0.0 ], [ -87.910984, 41.003213, 0.0 ], [ -87.912591, 41.00318, 0.0 ], [ -87.912691, 41.002722, 0.0 ], [ -87.943443, 41.001964, 0.0 ], [ -87.969755, 41.000867, 0.0 ], [ -88.002005, 41.000134, 0.0 ], [ -88.039917, 40.999547, 0.0 ], [ -88.074356, 40.998632, 0.0 ], [ -88.131129, 40.997875, 0.0 ], [ -88.134512, 40.997572, 0.0 ], [ -88.207251, 40.995642, 0.0 ], [ -88.228246, 40.995648, 0.0 ], [ -88.247306, 40.994568, 0.0 ] ] ] } },
{ "type": "Feature", "properties": { "OID_": 0, "DISTRICT": "41", "STA": "IL", "ST": "17", "LABEL": "41", "DIST_NAME": "State Senate District 41", "TYPE": "State Legislature - Upper Chamber", "TYPE_ABB": "Leg_Upper", "ELECT_YEAR": "Enacted" }, "geometry": { "type": "Polygon", "coordinates": [ [ [ -88.036242, 41.59099, 0.0 ], [ -88.035927, 41.591867, 0.0 ], [ -88.035856, 41.592688, 0.0 ], [ -88.033867, 41.593004, 0.0 ], [ -88.034226, 41.593708, 0.0 ], [ -88.03429, 41.594397, 0.0 ], [ -88.033366, 41.594418, 0.0 ], [ -88.03343, 41.59542, 0.0 ], [ -88.033304, 41.59563, 0.0 ], [ -88.032435, 41.595775, 0.0 ], [ -88.031564, 41.595541, 0.0 ], [ -88.030862, 41.595628, 0.0 ], [ -88.03103, 41.596007, 0.0 ], [ -88.031063, 41.597669, 0.0 ], [ -88.026316, 41.597788, 0.0 ], [ -88.026776, 41.609178, 0.0 ], [ -88.027039, 41.618458, 0.0 ], [ -88.026984, 41.621355, 0.0 ], [ -88.027309, 41.626957, 0.0 ], [ -88.031022, 41.75076, 0.0 ], [ -88.033222, 41.750803, 0.0 ], [ -88.043624, 41.750372, 0.0 ], [ -88.0436, 41.749716, 0.0 ], [ -88.043856, 41.749177, 0.0 ], [ -88.04327, 41.74878, 0.0 ], [ -88.043876, 41.748334, 0.0 ], [ -88.044489, 41.746873, 0.0 ], [ -88.044537, 41.746308, 0.0 ], [ -88.047751, 41.746092, 0.0 ], [ -88.049207, 41.745532, 0.0 ], [ -88.04821, 41.744292, 0.0 ], [ -88.050411, 41.743423, 0.0 ], [ -88.055969, 41.743245, 0.0 ], [ -88.056896, 41.742924, 0.0 ], [ -88.059817, 41.742705, 0.0 ], [ -88.060248, 41.742554, 0.0 ], [ -88.060512, 41.742151, 0.0 ], [ -88.060602, 41.741171, 0.0 ], [ -88.061146, 41.740635, 0.0 ], [ -88.061982, 41.740398, 0.0 ], [ -88.062272, 41.740493, 0.0 ], [ -88.062414, 41.740779, 0.0 ], [ -88.062742, 41.740807, 0.0 ], [ -88.062736, 41.730567, 0.0 ], [ -88.062846, 41.729668, 0.0 ], [ -88.063373, 41.728155, 0.0 ], [ -88.117299, 41.726856, 0.0 ], [ -88.117556, 41.735091, 0.0 ], [ -88.118819, 41.735059, 0.0 ], [ -88.119627, 41.735292, 0.0 ], [ -88.120496, 41.734464, 0.0 ], [ -88.123091, 41.734435, 0.0 ], [ -88.122982, 41.740715, 0.0 ], [ -88.123697, 41.742231, 0.0 ], [ -88.123944, 41.749516, 0.0 ], [ -88.123443, 41.752129, 0.0 ], [ -88.1197, 41.7528, 0.0 ], [ -88.119894, 41.753427, 0.0 ], [ -88.119817, 41.753789, 0.0 ], [ -88.11932, 41.754217, 0.0 ], [ -88.117783, 41.754999, 0.0 ], [ -88.117322, 41.75587, 0.0 ], [ -88.117486, 41.757853, 0.0 ], [ -88.118257, 41.758863, 0.0 ], [ -88.122165, 41.760345, 0.0 ], [ -88.121172, 41.763332, 0.0 ], [ -88.120432, 41.768438, 0.0 ], [ -88.119546, 41.776754, 0.0 ], [ -88.112463, 41.778336, 0.0 ], [ -88.107568, 41.779635, 0.0 ], [ -88.10758, 41.779778, 0.0 ], [ -88.100009, 41.781431, 0.0 ], [ -88.097689, 41.781785, 0.0 ], [ -88.093513, 41.782049, 0.0 ], [ -88.090726, 41.78249, 0.0 ], [ -88.0887, 41.783208, 0.0 ], [ -88.085918, 41.784793, 0.0 ], [ -88.084052, 41.785369, 0.0 ], [ -88.074195, 41.78654, 0.0 ], [ -88.073605, 41.784017, 0.0 ], [ -88.06667, 41.784649, 0.0 ], [ -88.06737, 41.78691, 0.0 ], [ -88.065575, 41.78701, 0.0 ], [ -88.061728, 41.786797, 0.0 ], [ -88.057069, 41.786334, 0.0 ], [ -88.056763, 41.786288, 0.0 ], [ -88.056724, 41.786079, 0.0 ], [ -88.055682, 41.785956, 0.0 ], [ -88.056331, 41.788661, 0.0 ], [ -88.056554, 41.79098, 0.0 ], [ -88.056871, 41.797464, 0.0 ], [ -88.056665, 41.799967, 0.0 ], [ -88.056501, 41.800937, 0.0 ], [ -88.053677, 41.800941, 0.0 ], [ -88.053534, 41.801148, 0.0 ], [ -88.052567, 41.801172, 0.0 ], [ -88.052672, 41.804012, 0.0 ], [ -88.046272, 41.805009, 0.0 ], [ -88.032965, 41.80788, 0.0 ], [ -88.027327, 41.808204, 0.0 ], [ -88.018276, 41.808138, 0.0 ], [ -88.012362, 41.808779, 0.0 ], [ -87.999154, 41.809454, 0.0 ], [ -87.987211, 41.809818, 0.0 ], [ -87.987097, 41.806446, 0.0 ], [ -87.986623, 41.806457, 0.0 ], [ -87.986629, 41.806565, 0.0 ], [ -87.986208, 41.806467, 0.0 ], [ -87.986427, 41.806462, 0.0 ], [ -87.986415, 41.806166, 0.0 ], [ -87.987088, 41.806149, 0.0 ], [ -87.986689, 41.795847, 0.0 ], [ -87.985078, 41.795842, 0.0 ], [ -87.985015, 41.795645, 0.0 ], [ -87.984759, 41.788176, 0.0 ], [ -87.984792, 41.788028, 0.0 ], [ -87.987166, 41.787965, 0.0 ], [ -87.987055, 41.784347, 0.0 ], [ -87.994284, 41.784186, 0.0 ], [ -87.993953, 41.773296, 0.0 ], [ -87.974533, 41.773666, 0.0 ], [ -87.974333, 41.766394, 0.0 ], [ -87.954915, 41.766773, 0.0 ], [ -87.955082, 41.768119, 0.0 ], [ -87.954959, 41.76812, 0.0 ], [ -87.954944, 41.768619, 0.0 ], [ -87.955167, 41.774092, 0.0 ], [ -87.944349, 41.774201, 0.0 ], [ -87.937552, 41.774515, 0.0 ], [ -87.935784, 41.774447, 0.0 ], [ -87.936358, 41.789029, 0.0 ], [ -87.931822, 41.789128, 0.0 ], [ -87.931892, 41.790938, 0.0 ], [ -87.930557, 41.790965, 0.0 ], [ -87.930341, 41.790764, 0.0 ], [ -87.929586, 41.790682, 0.0 ], [ -87.929029, 41.790749, 0.0 ], [ -87.928835, 41.791, 0.0 ], [ -87.92676, 41.791041, 0.0 ], [ -87.927239, 41.803074, 0.0 ], [ -87.925721, 41.803714, 0.0 ], [ -87.917682, 41.805652, 0.0 ], [ -87.917678, 41.805406, 0.0 ], [ -87.901905, 41.808926, 0.0 ], [ -87.901885, 41.808705, 0.0 ], [ -87.898659, 41.809433, 0.0 ], [ -87.897563, 41.786306, 0.0 ], [ -87.896729, 41.782263, 0.0 ], [ -87.897181, 41.776004, 0.0 ], [ -87.89715, 41.772987, 0.0 ], [ -87.89546, 41.731714, 0.0 ], [ -87.89543, 41.731585, 0.0 ], [ -87.890655, 41.731692, 0.0 ], [ -87.890576, 41.733441, 0.0 ], [ -87.887807, 41.734884, 0.0 ], [ -87.887071, 41.735765, 0.0 ], [ -87.886051, 41.736264, 0.0 ], [ -87.885859, 41.732132, 0.0 ], [ -87.887239, 41.731169, 0.0 ], [ -87.888569, 41.730677, 0.0 ], [ -87.889559, 41.729361, 0.0 ], [ -87.893434, 41.727053, 0.0 ], [ -87.902646, 41.722635, 0.0 ], [ -87.91427, 41.716606, 0.0 ], [ -87.914367, 41.711622, 0.0 ], [ -87.91374, 41.696539, 0.0 ], [ -87.913777, 41.693784, 0.0 ], [ -87.913308, 41.680126, 0.0 ], [ -87.913175, 41.679685, 0.0 ], [ -87.912952, 41.673048, 0.0 ], [ -87.912827, 41.67304, 0.0 ], [ -87.912804, 41.672555, 0.0 ], [ -87.912928, 41.672549, 0.0 ], [ -87.912698, 41.665752, 0.0 ], [ -87.893335, 41.666119, 0.0 ], [ -87.892932, 41.656321, 0.0 ], [ -87.89301, 41.652322, 0.0 ], [ -87.892877, 41.652324, 0.0 ], [ -87.892627, 41.644282, 0.0 ], [ -87.892622, 41.637038, 0.0 ], [ -87.898034, 41.636925, 0.0 ], [ -87.89793, 41.632973, 0.0 ], [ -87.899955, 41.631955, 0.0 ], [ -87.900452, 41.631209, 0.0 ], [ -87.901295, 41.630864, 0.0 ], [ -87.901469, 41.630572, 0.0 ], [ -87.901449, 41.62961, 0.0 ], [ -87.892365, 41.629778, 0.0 ], [ -87.891901, 41.615252, 0.0 ], [ -87.900807, 41.615099, 0.0 ], [ -87.900824, 41.615956, 0.0 ], [ -87.904638, 41.615913, 0.0 ], [ -87.905096, 41.616093, 0.0 ], [ -87.906225, 41.614997, 0.0 ], [ -87.934934, 41.614494, 0.0 ], [ -87.934703, 41.609645, 0.0 ], [ -87.934344, 41.60906, 0.0 ], [ -87.934357, 41.608618, 0.0 ], [ -87.940675, 41.608528, 0.0 ], [ -87.940705, 41.607825, 0.0 ], [ -87.941141, 41.607602, 0.0 ], [ -87.94894, 41.607418, 0.0 ], [ -87.94956, 41.607406, 0.0 ], [ -87.949862, 41.614159, 0.0 ], [ -87.978961, 41.613469, 0.0 ], [ -87.978366, 41.598908, 0.0 ], [ -88.007269, 41.598238, 0.0 ], [ -88.007037, 41.591027, 0.0 ], [ -88.036223, 41.590268, 0.0 ], [ -88.036242, 41.59099, 0.0 ] ] ] } },
{ "type": "Feature", "properties": { "OID_": 0, "DISTRICT": "42", "STA": "IL", "ST": "17", "LABEL": "42", "DIST_NAME": "State Senate District 42", "TYPE": "State Legislature - Upper Chamber", "TYPE_ABB": "Leg_Upper", "ELECT_YEAR": "Enacted" }, "geometry": { "type": "Polygon", "coordinates": [ [ [ -88.300798, 41.741673, 0.0 ], [ -88.301319, 41.739792, 0.0 ], [ -88.301521, 41.738234, 0.0 ], [ -88.307095, 41.738752, 0.0 ], [ -88.306851, 41.740275, 0.0 ], [ -88.310883, 41.740618, 0.0 ], [ -88.311092, 41.739126, 0.0 ], [ -88.31275, 41.739275, 0.0 ], [ -88.312953, 41.737603, 0.0 ], [ -88.316087, 41.737837, 0.0 ], [ -88.315833, 41.73951, 0.0 ], [ -88.317079, 41.739624, 0.0 ], [ -88.317346, 41.737935, 0.0 ], [ -88.320846, 41.738171, 0.0 ], [ -88.3315, 41.738012, 0.0 ], [ -88.329979, 41.740861, 0.0 ], [ -88.329447, 41.742822, 0.0 ], [ -88.328208, 41.743931, 0.0 ], [ -88.327777, 41.744545, 0.0 ], [ -88.329492, 41.745237, 0.0 ], [ -88.330444, 41.745152, 0.0 ], [ -88.331123, 41.744252, 0.0 ], [ -88.335656, 41.746171, 0.0 ], [ -88.335922, 41.746352, 0.0 ], [ -88.334028, 41.747883, 0.0 ], [ -88.33509, 41.748624, 0.0 ], [ -88.326227, 41.755766, 0.0 ], [ -88.321407, 41.758806, 0.0 ], [ -88.321644, 41.758991, 0.0 ], [ -88.321619, 41.759393, 0.0 ], [ -88.329898, 41.760124, 0.0 ], [ -88.32935, 41.763509, 0.0 ], [ -88.330495, 41.763618, 0.0 ], [ -88.330349, 41.764405, 0.0 ], [ -88.336958, 41.764995, 0.0 ], [ -88.336744, 41.765841, 0.0 ], [ -88.336827, 41.766845, 0.0 ], [ -88.349739, 41.76662, 0.0 ], [ -88.34976, 41.770181, 0.0 ], [ -88.363396, 41.770025, 0.0 ], [ -88.364317, 41.770221, 0.0 ], [ -88.366729, 41.771453, 0.0 ], [ -88.36742, 41.771663, 0.0 ], [ -88.367929, 41.770553, 0.0 ], [ -88.370231, 41.767964, 0.0 ], [ -88.370363, 41.767595, 0.0 ], [ -88.370315, 41.764807, 0.0 ], [ -88.375707, 41.765289, 0.0 ], [ -88.375742, 41.777089, 0.0 ], [ -88.375485, 41.780925, 0.0 ], [ -88.375397, 41.797352, 0.0 ], [ -88.375845, 41.801983, 0.0 ], [ -88.376113, 41.809896, 0.0 ], [ -88.355245, 41.810314, 0.0 ], [ -88.347308, 41.810226, 0.0 ], [ -88.340412, 41.810561, 0.0 ], [ -88.340482, 41.816598, 0.0 ], [ -88.340315, 41.818049, 0.0 ], [ -88.340092, 41.835426, 0.0 ], [ -88.340159, 41.849749, 0.0 ], [ -88.321664, 41.849861, 0.0 ], [ -88.321696, 41.852155, 0.0 ], [ -88.326071, 41.852152, 0.0 ], [ -88.327421, 41.852705, 0.0 ], [ -88.327081, 41.853171, 0.0 ], [ -88.327768, 41.853469, 0.0 ], [ -88.328318, 41.854005, 0.0 ], [ -88.327342, 41.854503, 0.0 ], [ -88.327482, 41.855422, 0.0 ], [ -88.328095, 41.85565, 0.0 ], [ -88.327609, 41.859909, 0.0 ], [ -88.311167, 41.860023, 0.0 ], [ -88.311132, 41.859187, 0.0 ], [ -88.310739, 41.857979, 0.0 ], [ -88.310904, 41.857327, 0.0 ], [ -88.310751, 41.856612, 0.0 ], [ -88.310886, 41.856236, 0.0 ], [ -88.310813, 41.856021, 0.0 ], [ -88.310218, 41.856058, 0.0 ], [ -88.310416, 41.857835, 0.0 ], [ -88.310156, 41.860046, 0.0 ], [ -88.310209, 41.865053, 0.0 ], [ -88.310325, 41.865319, 0.0 ], [ -88.309747, 41.868041, 0.0 ], [ -88.308853, 41.869882, 0.0 ], [ -88.308044, 41.873543, 0.0 ], [ -88.30736, 41.875562, 0.0 ], [ -88.304928, 41.879141, 0.0 ], [ -88.303857, 41.881759, 0.0 ], [ -88.302891, 41.88743, 0.0 ], [ -88.303036, 41.888084, 0.0 ], [ -88.302901, 41.888513, 0.0 ], [ -88.303035, 41.888613, 0.0 ], [ -88.302742, 41.889364, 0.0 ], [ -88.302701, 41.890774, 0.0 ], [ -88.302503, 41.89158, 0.0 ], [ -88.302634, 41.893634, 0.0 ], [ -88.302531, 41.894459, 0.0 ], [ -88.30278, 41.896534, 0.0 ], [ -88.303373, 41.898258, 0.0 ], [ -88.302927, 41.898256, 0.0 ], [ -88.30349, 41.900977, 0.0 ], [ -88.30471, 41.903784, 0.0 ], [ -88.306319, 41.9061, 0.0 ], [ -88.308702, 41.908214, 0.0 ], [ -88.312363, 41.911979, 0.0 ], [ -88.313557, 41.913678, 0.0 ], [ -88.313229, 41.913727, 0.0 ], [ -88.313527, 41.914251, 0.0 ], [ -88.31345, 41.914513, 0.0 ], [ -88.314332, 41.91569, 0.0 ], [ -88.314333, 41.916409, 0.0 ], [ -88.314938, 41.916735, 0.0 ], [ -88.314878, 41.917418, 0.0 ], [ -88.315452, 41.918262, 0.0 ], [ -88.315328, 41.918451, 0.0 ], [ -88.315605, 41.918512, 0.0 ], [ -88.316645, 41.920307, 0.0 ], [ -88.317738, 41.923023, 0.0 ], [ -88.317934, 41.924583, 0.0 ], [ -88.318191, 41.924944, 0.0 ], [ -88.318542, 41.924931, 0.0 ], [ -88.318683, 41.924542, 0.0 ], [ -88.31827, 41.924128, 0.0 ], [ -88.318404, 41.92398, 0.0 ], [ -88.318457, 41.924241, 0.0 ], [ -88.318752, 41.924338, 0.0 ], [ -88.319027, 41.92415, 0.0 ], [ -88.318874, 41.923867, 0.0 ], [ -88.318415, 41.923931, 0.0 ], [ -88.318465, 41.923221, 0.0 ], [ -88.319261, 41.924027, 0.0 ], [ -88.319217, 41.925093, 0.0 ], [ -88.318767, 41.925617, 0.0 ], [ -88.318514, 41.925702, 0.0 ], [ -88.317887, 41.926713, 0.0 ], [ -88.316815, 41.927611, 0.0 ], [ -88.316614, 41.928469, 0.0 ], [ -88.316847, 41.930195, 0.0 ], [ -88.316634, 41.931373, 0.0 ], [ -88.315984, 41.932215, 0.0 ], [ -88.315492, 41.933239, 0.0 ], [ -88.314898, 41.935791, 0.0 ], [ -88.314228, 41.936015, 0.0 ], [ -88.313809, 41.937068, 0.0 ], [ -88.296466, 41.938004, 0.0 ], [ -88.293797, 41.937821, 0.0 ], [ -88.292195, 41.937942, 0.0 ], [ -88.292011, 41.93682, 0.0 ], [ -88.291706, 41.936478, 0.0 ], [ -88.29079, 41.936146, 0.0 ], [ -88.29029, 41.935787, 0.0 ], [ -88.289347, 41.936221, 0.0 ], [ -88.287945, 41.936242, 0.0 ], [ -88.287934, 41.937302, 0.0 ], [ -88.281364, 41.937459, 0.0 ], [ -88.281418, 41.938927, 0.0 ], [ -88.278566, 41.938718, 0.0 ], [ -88.279944, 41.936582, 0.0 ], [ -88.280744, 41.934147, 0.0 ], [ -88.271237, 41.933269, 0.0 ], [ -88.270329, 41.932224, 0.0 ], [ -88.270358, 41.931909, 0.0 ], [ -88.26689, 41.932007, 0.0 ], [ -88.266788, 41.931745, 0.0 ], [ -88.266422, 41.9318, 0.0 ], [ -88.266408, 41.933215, 0.0 ], [ -88.266554, 41.933258, 0.0 ], [ -88.266525, 41.936959, 0.0 ], [ -88.26269, 41.937034, 0.0 ], [ -88.26269, 41.937186, 0.0 ], [ -88.243167, 41.937184, 0.0 ], [ -88.242596, 41.935978, 0.0 ], [ -88.237569, 41.936013, 0.0 ], [ -88.237135, 41.968071, 0.0 ], [ -88.240184, 41.968842, 0.0 ], [ -88.240167, 41.969001, 0.0 ], [ -88.236159, 41.967998, 0.0 ], [ -88.236679, 41.968467, 0.0 ], [ -88.236948, 41.969093, 0.0 ], [ -88.237027, 41.975957, 0.0 ], [ -88.245768, 41.977024, 0.0 ], [ -88.254439, 41.977216, 0.0 ], [ -88.262842, 41.976367, 0.0 ], [ -88.262827, 41.974565, 0.0 ], [ -88.267671, 41.975699, 0.0 ], [ -88.269087, 41.97781, 0.0 ], [ -88.269187, 41.979158, 0.0 ], [ -88.269, 41.980776, 0.0 ], [ -88.269259, 41.980187, 0.0 ], [ -88.269417, 41.979091, 0.0 ], [ -88.270197, 41.978802, 0.0 ], [ -88.271768, 41.978761, 0.0 ], [ -88.27279, 41.978438, 0.0 ], [ -88.275821, 41.978871, 0.0 ], [ -88.276659, 41.978677, 0.0 ], [ -88.277388, 41.978286, 0.0 ], [ -88.278805, 41.977089, 0.0 ], [ -88.28898, 41.978311, 0.0 ], [ -88.293739, 41.978522, 0.0 ], [ -88.293592, 41.980619, 0.0 ], [ -88.294002, 41.982108, 0.0 ], [ -88.294734, 41.983306, 0.0 ], [ -88.294707, 41.983684, 0.0 ], [ -88.294962, 41.983857, 0.0 ], [ -88.294769, 41.98575, 0.0 ], [ -88.294073, 41.985868, 0.0 ], [ -88.294134, 41.986082, 0.0 ], [ -88.29475, 41.985938, 0.0 ], [ -88.294747, 41.986839, 0.0 ], [ -88.294243, 41.989447, 0.0 ], [ -88.294385, 41.993225, 0.0 ], [ -88.293689, 41.993352, 0.0 ], [ -88.282905, 41.993306, 0.0 ], [ -88.276732, 41.994113, 0.0 ], [ -88.27185, 41.994126, 0.0 ], [ -88.269477, 41.993511, 0.0 ], [ -88.207152, 41.994592, 0.0 ], [ -88.207483, 41.993644, 0.0 ], [ -88.207625, 41.992542, 0.0 ], [ -88.207257, 41.980416, 0.0 ], [ -88.207114, 41.980419, 0.0 ], [ -88.207103, 41.979851, 0.0 ], [ -88.207249, 41.979853, 0.0 ], [ -88.207122, 41.97496, 0.0 ], [ -88.196684, 41.974484, 0.0 ], [ -88.192708, 41.974004, 0.0 ], [ -88.19256, 41.973382, 0.0 ], [ -88.192628, 41.968231, 0.0 ], [ -88.192293, 41.967328, 0.0 ], [ -88.19327, 41.966997, 0.0 ], [ -88.193263, 41.967154, 0.0 ], [ -88.194164, 41.967134, 0.0 ], [ -88.194312, 41.965961, 0.0 ], [ -88.194139, 41.96568, 0.0 ], [ -88.194297, 41.965624, 0.0 ], [ -88.194061, 41.965253, 0.0 ], [ -88.194464, 41.965111, 0.0 ], [ -88.193265, 41.963253, 0.0 ], [ -88.192169, 41.96298, 0.0 ], [ -88.192109, 41.962667, 0.0 ], [ -88.191625, 41.962006, 0.0 ], [ -88.191758, 41.961119, 0.0 ], [ -88.191314, 41.960353, 0.0 ], [ -88.191235, 41.959733, 0.0 ], [ -88.190716, 41.959736, 0.0 ], [ -88.191224, 41.959653, 0.0 ], [ -88.191215, 41.959322, 0.0 ], [ -88.19375, 41.95931, 0.0 ], [ -88.193749, 41.959202, 0.0 ], [ -88.205958, 41.961176, 0.0 ], [ -88.205942, 41.961023, 0.0 ], [ -88.206098, 41.961049, 0.0 ], [ -88.205283, 41.954616, 0.0 ], [ -88.205367, 41.953465, 0.0 ], [ -88.205746, 41.952334, 0.0 ], [ -88.207911, 41.947938, 0.0 ], [ -88.208447, 41.94539, 0.0 ], [ -88.208334, 41.945386, 0.0 ], [ -88.209005, 41.929222, 0.0 ], [ -88.208793, 41.914391, 0.0 ], [ -88.207879, 41.912244, 0.0 ], [ -88.205121, 41.908019, 0.0 ], [ -88.203876, 41.903601, 0.0 ], [ -88.203157, 41.902748, 0.0 ], [ -88.202206, 41.902208, 0.0 ], [ -88.197191, 41.900841, 0.0 ], [ -88.19574, 41.900078, 0.0 ], [ -88.175072, 41.900383, 0.0 ], [ -88.175079, 41.899007, 0.0 ], [ -88.175675, 41.898697, 0.0 ], [ -88.175099, 41.898615, 0.0 ], [ -88.175003, 41.885946, 0.0 ], [ -88.170498, 41.88601, 0.0 ], [ -88.170548, 41.882513, 0.0 ], [ -88.170275, 41.882516, 0.0 ], [ -88.170071, 41.878893, 0.0 ], [ -88.175752, 41.878706, 0.0 ], [ -88.175653, 41.875791, 0.0 ], [ -88.175304, 41.875712, 0.0 ], [ -88.175274, 41.871386, 0.0 ], [ -88.177981, 41.871344, 0.0 ], [ -88.178527, 41.871551, 0.0 ], [ -88.178782, 41.871321, 0.0 ], [ -88.180673, 41.871223, 0.0 ], [ -88.182106, 41.869986, 0.0 ], [ -88.184466, 41.869132, 0.0 ], [ -88.185917, 41.867792, 0.0 ], [ -88.187322, 41.867498, 0.0 ], [ -88.188399, 41.866555, 0.0 ], [ -88.189666, 41.866086, 0.0 ], [ -88.190024, 41.865441, 0.0 ], [ -88.190057, 41.865799, 0.0 ], [ -88.190256, 41.865596, 0.0 ], [ -88.190556, 41.863938, 0.0 ], [ -88.190783, 41.863935, 0.0 ], [ -88.192789, 41.861464, 0.0 ], [ -88.185554, 41.859088, 0.0 ], [ -88.1791, 41.857441, 0.0 ], [ -88.17566, 41.856907, 0.0 ], [ -88.17565, 41.847835, 0.0 ], [ -88.170801, 41.843765, 0.0 ], [ -88.170522, 41.843296, 0.0 ], [ -88.170862, 41.8426, 0.0 ], [ -88.170817, 41.840654, 0.0 ], [ -88.168489, 41.832269, 0.0 ], [ -88.168268, 41.830222, 0.0 ], [ -88.170539, 41.829846, 0.0 ], [ -88.172872, 41.829092, 0.0 ], [ -88.178538, 41.825833, 0.0 ], [ -88.184633, 41.823343, 0.0 ], [ -88.184776, 41.823601, 0.0 ], [ -88.184665, 41.824472, 0.0 ], [ -88.187751, 41.824808, 0.0 ], [ -88.187471, 41.827316, 0.0 ], [ -88.195858, 41.830394, 0.0 ], [ -88.19823, 41.831114, 0.0 ], [ -88.201566, 41.831857, 0.0 ], [ -88.208833, 41.834228, 0.0 ], [ -88.209427, 41.83323, 0.0 ], [ -88.209707, 41.833024, 0.0 ], [ -88.210666, 41.833456, 0.0 ], [ -88.211107, 41.833426, 0.0 ], [ -88.211079, 41.833103, 0.0 ], [ -88.212693, 41.833071, 0.0 ], [ -88.213437, 41.824045, 0.0 ], [ -88.213072, 41.82404, 0.0 ], [ -88.213189, 41.823934, 0.0 ], [ -88.213323, 41.820956, 0.0 ], [ -88.203792, 41.820729, 0.0 ], [ -88.204882, 41.817112, 0.0 ], [ -88.20502, 41.815962, 0.0 ], [ -88.204855, 41.814766, 0.0 ], [ -88.204001, 41.812065, 0.0 ], [ -88.203681, 41.809878, 0.0 ], [ -88.203885, 41.80221, 0.0 ], [ -88.204054, 41.800838, 0.0 ], [ -88.204596, 41.799065, 0.0 ], [ -88.20443, 41.799066, 0.0 ], [ -88.204614, 41.79902, 0.0 ], [ -88.204977, 41.798105, 0.0 ], [ -88.20547, 41.796365, 0.0 ], [ -88.205663, 41.791692, 0.0 ], [ -88.207738, 41.791663, 0.0 ], [ -88.207718, 41.793648, 0.0 ], [ -88.208794, 41.793636, 0.0 ], [ -88.208787, 41.794459, 0.0 ], [ -88.209102, 41.794795, 0.0 ], [ -88.209518, 41.794594, 0.0 ], [ -88.210547, 41.794577, 0.0 ], [ -88.210644, 41.79522, 0.0 ], [ -88.211282, 41.795509, 0.0 ], [ -88.212088, 41.795513, 0.0 ], [ -88.213373, 41.795209, 0.0 ], [ -88.213609, 41.795006, 0.0 ], [ -88.213626, 41.794549, 0.0 ], [ -88.214658, 41.794499, 0.0 ], [ -88.214733, 41.790429, 0.0 ], [ -88.215328, 41.79042, 0.0 ], [ -88.215365, 41.790904, 0.0 ], [ -88.216191, 41.790895, 0.0 ], [ -88.216303, 41.789625, 0.0 ], [ -88.217883, 41.787856, 0.0 ], [ -88.21696, 41.787037, 0.0 ], [ -88.212839, 41.78559, 0.0 ], [ -88.212106, 41.785143, 0.0 ], [ -88.211168, 41.783963, 0.0 ], [ -88.210797, 41.783249, 0.0 ], [ -88.21059, 41.782429, 0.0 ], [ -88.210572, 41.781446, 0.0 ], [ -88.23167, 41.781476, 0.0 ], [ -88.232037, 41.776665, 0.0 ], [ -88.242296, 41.77514, 0.0 ], [ -88.242318, 41.774701, 0.0 ], [ -88.244161, 41.774399, 0.0 ], [ -88.247566, 41.773466, 0.0 ], [ -88.262267, 41.771294, 0.0 ], [ -88.262179, 41.764676, 0.0 ], [ -88.271009, 41.763764, 0.0 ], [ -88.271879, 41.763405, 0.0 ], [ -88.271822, 41.759614, 0.0 ], [ -88.271308, 41.759631, 0.0 ], [ -88.271299, 41.759018, 0.0 ], [ -88.275285, 41.757791, 0.0 ], [ -88.27528, 41.759089, 0.0 ], [ -88.276234, 41.759073, 0.0 ], [ -88.276291, 41.760152, 0.0 ], [ -88.276721, 41.76014, 0.0 ], [ -88.276717, 41.760788, 0.0 ], [ -88.286455, 41.760603, 0.0 ], [ -88.286456, 41.757881, 0.0 ], [ -88.291252, 41.75811, 0.0 ], [ -88.291085, 41.74496, 0.0 ], [ -88.290655, 41.744059, 0.0 ], [ -88.294245, 41.743992, 0.0 ], [ -88.294229, 41.743043, 0.0 ], [ -88.295857, 41.743007, 0.0 ], [ -88.300702, 41.743498, 0.0 ], [ -88.300798, 41.741673, 0.0 ] ] ] } },
{ "type": "Feature", "properties": { "OID_": 0, "DISTRICT": "43", "STA": "IL", "ST": "17", "LABEL": "43", "DIST_NAME": "State Senate District 43", "TYPE": "State Legislature - Upper Chamber", "TYPE_ABB": "Leg_Upper", "ELECT_YEAR": "Enacted" }, "geometry": { "type": "Polygon", "coordinates": [ [ [ -88.248469, 41.34675, 0.0 ], [ -88.248984, 41.369873, 0.0 ], [ -88.249829, 41.39684, 0.0 ], [ -88.254296, 41.520729, 0.0 ], [ -88.242254, 41.52109, 0.0 ], [ -88.198662, 41.521557, 0.0 ], [ -88.19922, 41.536067, 0.0 ], [ -88.150084, 41.536606, 0.0 ], [ -88.115769, 41.537404, 0.0 ], [ -88.115535, 41.531953, 0.0 ], [ -88.093984, 41.532544, 0.0 ], [ -88.094086, 41.537941, 0.0 ], [ -88.096376, 41.5379, 0.0 ], [ -88.096431, 41.539735, 0.0 ], [ -88.094132, 41.539817, 0.0 ], [ -88.094452, 41.548771, 0.0 ], [ -88.086992, 41.549036, 0.0 ], [ -88.088089, 41.552631, 0.0 ], [ -88.089399, 41.552603, 0.0 ], [ -88.089813, 41.559814, 0.0 ], [ -88.094295, 41.559736, 0.0 ], [ -88.094347, 41.560812, 0.0 ], [ -88.094183, 41.561519, 0.0 ], [ -88.096099, 41.561481, 0.0 ], [ -88.096284, 41.564349, 0.0 ], [ -88.111291, 41.564211, 0.0 ], [ -88.111645, 41.567891, 0.0 ], [ -88.112685, 41.588276, 0.0 ], [ -88.112798, 41.58828, 0.0 ], [ -88.113055, 41.595523, 0.0 ], [ -88.122714, 41.595257, 0.0 ], [ -88.124014, 41.631698, 0.0 ], [ -88.126753, 41.631774, 0.0 ], [ -88.12637, 41.631468, 0.0 ], [ -88.134575, 41.631292, 0.0 ], [ -88.135203, 41.630497, 0.0 ], [ -88.135409, 41.630579, 0.0 ], [ -88.135656, 41.630296, 0.0 ], [ -88.13673, 41.630524, 0.0 ], [ -88.137177, 41.631046, 0.0 ], [ -88.136797, 41.631243, 0.0 ], [ -88.138806, 41.631207, 0.0 ], [ -88.13946, 41.63075, 0.0 ], [ -88.141155, 41.631053, 0.0 ], [ -88.142017, 41.630602, 0.0 ], [ -88.142632, 41.631105, 0.0 ], [ -88.144817, 41.631071, 0.0 ], [ -88.145303, 41.645492, 0.0 ], [ -88.133715, 41.651934, 0.0 ], [ -88.130625, 41.653295, 0.0 ], [ -88.12997, 41.653358, 0.0 ], [ -88.124913, 41.655459, 0.0 ], [ -88.124913, 41.655574, 0.0 ], [ -88.118687, 41.658658, 0.0 ], [ -88.09549, 41.670706, 0.0 ], [ -88.095495, 41.670855, 0.0 ], [ -88.079323, 41.679383, 0.0 ], [ -88.080282, 41.680449, 0.0 ], [ -88.080357, 41.680772, 0.0 ], [ -88.079016, 41.681595, 0.0 ], [ -88.078858, 41.681975, 0.0 ], [ -88.079804, 41.683626, 0.0 ], [ -88.079864, 41.684141, 0.0 ], [ -88.082267, 41.684262, 0.0 ], [ -88.082415, 41.689312, 0.0 ], [ -88.082887, 41.68933, 0.0 ], [ -88.082941, 41.690879, 0.0 ], [ -88.109666, 41.690028, 0.0 ], [ -88.109825, 41.695864, 0.0 ], [ -88.108707, 41.697063, 0.0 ], [ -88.108589, 41.698909, 0.0 ], [ -88.107204, 41.700338, 0.0 ], [ -88.10697, 41.700914, 0.0 ], [ -88.107134, 41.702403, 0.0 ], [ -88.108447, 41.703618, 0.0 ], [ -88.108624, 41.704058, 0.0 ], [ -88.108669, 41.704939, 0.0 ], [ -88.125392, 41.702835, 0.0 ], [ -88.126546, 41.705928, 0.0 ], [ -88.128005, 41.711116, 0.0 ], [ -88.128442, 41.710858, 0.0 ], [ -88.12857, 41.710585, 0.0 ], [ -88.128503, 41.709999, 0.0 ], [ -88.128048, 41.709287, 0.0 ], [ -88.128156, 41.708933, 0.0 ], [ -88.128414, 41.708827, 0.0 ], [ -88.128733, 41.708863, 0.0 ], [ -88.12918, 41.70926, 0.0 ], [ -88.133299, 41.708294, 0.0 ], [ -88.134807, 41.708249, 0.0 ], [ -88.135699, 41.708515, 0.0 ], [ -88.135955, 41.709039, 0.0 ], [ -88.135976, 41.709531, 0.0 ], [ -88.136664, 41.709284, 0.0 ], [ -88.138032, 41.713712, 0.0 ], [ -88.136161, 41.714469, 0.0 ], [ -88.134845, 41.715442, 0.0 ], [ -88.133928, 41.716557, 0.0 ], [ -88.132273, 41.719349, 0.0 ], [ -88.132068, 41.719936, 0.0 ], [ -88.131721, 41.720057, 0.0 ], [ -88.132928, 41.721417, 0.0 ], [ -88.134279, 41.72105, 0.0 ], [ -88.135218, 41.72106, 0.0 ], [ -88.137978, 41.722046, 0.0 ], [ -88.13685, 41.723653, 0.0 ], [ -88.136607, 41.724535, 0.0 ], [ -88.136178, 41.725148, 0.0 ], [ -88.135021, 41.725423, 0.0 ], [ -88.133997, 41.725421, 0.0 ], [ -88.133016, 41.726214, 0.0 ], [ -88.13186, 41.726057, 0.0 ], [ -88.131625, 41.726528, 0.0 ], [ -88.063373, 41.728155, 0.0 ], [ -88.062846, 41.729668, 0.0 ], [ -88.062736, 41.730567, 0.0 ], [ -88.062742, 41.740807, 0.0 ], [ -88.062414, 41.740779, 0.0 ], [ -88.062272, 41.740493, 0.0 ], [ -88.061982, 41.740398, 0.0 ], [ -88.061146, 41.740635, 0.0 ], [ -88.060602, 41.741171, 0.0 ], [ -88.060512, 41.742151, 0.0 ], [ -88.060248, 41.742554, 0.0 ], [ -88.059817, 41.742705, 0.0 ], [ -88.056896, 41.742924, 0.0 ], [ -88.055969, 41.743245, 0.0 ], [ -88.050411, 41.743423, 0.0 ], [ -88.04821, 41.744292, 0.0 ], [ -88.049207, 41.745532, 0.0 ], [ -88.047751, 41.746092, 0.0 ], [ -88.044537, 41.746308, 0.0 ], [ -88.044489, 41.746873, 0.0 ], [ -88.043876, 41.748334, 0.0 ], [ -88.04327, 41.74878, 0.0 ], [ -88.043856, 41.749177, 0.0 ], [ -88.0436, 41.749716, 0.0 ], [ -88.043624, 41.750372, 0.0 ], [ -88.033222, 41.750803, 0.0 ], [ -88.031022, 41.75076, 0.0 ], [ -88.027309, 41.626957, 0.0 ], [ -88.026984, 41.621355, 0.0 ], [ -88.027039, 41.618458, 0.0 ], [ -88.026776, 41.609178, 0.0 ], [ -88.026316, 41.597788, 0.0 ], [ -88.031063, 41.597669, 0.0 ], [ -88.03103, 41.596007, 0.0 ], [ -88.030862, 41.595628, 0.0 ], [ -88.031564, 41.595541, 0.0 ], [ -88.032435, 41.595775, 0.0 ], [ -88.033304, 41.59563, 0.0 ], [ -88.03343, 41.59542, 0.0 ], [ -88.033366, 41.594418, 0.0 ], [ -88.03429, 41.594397, 0.0 ], [ -88.034226, 41.593708, 0.0 ], [ -88.033867, 41.593004, 0.0 ], [ -88.035856, 41.592688, 0.0 ], [ -88.036247, 41.590827, 0.0 ], [ -88.036223, 41.590268, 0.0 ], [ -88.026081, 41.590566, 0.0 ], [ -88.021678, 41.453154, 0.0 ], [ -88.018997, 41.380448, 0.0 ], [ -88.096164, 41.379118, 0.0 ], [ -88.192823, 41.376875, 0.0 ], [ -88.192219, 41.362463, 0.0 ], [ -88.191626, 41.338175, 0.0 ], [ -88.191079, 41.326013, 0.0 ], [ -88.210584, 41.325527, 0.0 ], [ -88.227696, 41.325328, 0.0 ], [ -88.230003, 41.325127, 0.0 ], [ -88.247771, 41.32494, 0.0 ], [ -88.247977, 41.325116, 0.0 ], [ -88.24801, 41.33143, 0.0 ], [ -88.248469, 41.34675, 0.0 ] ] ] } },
{ "type": "Feature", "properties": { "OID_": 0, "DISTRICT": "44", "STA": "IL", "ST": "17", "LABEL": "44", "DIST_NAME": "State Senate District 44", "TYPE": "State Legislature - Upper Chamber", "TYPE_ABB": "Leg_Upper", "ELECT_YEAR": "Enacted" }, "geometry": { "type": "Polygon", "coordinates": [ [ [ -88.850184, 39.762967, 0.0 ], [ -88.851449, 39.762954, 0.0 ], [ -88.851911, 39.764228, 0.0 ], [ -88.852601, 39.765176, 0.0 ], [ -88.85346, 39.765949, 0.0 ], [ -88.854978, 39.766784, 0.0 ], [ -88.856508, 39.767236, 0.0 ], [ -88.867916, 39.769526, 0.0 ], [ -88.869128, 39.77009, 0.0 ], [ -88.870189, 39.771246, 0.0 ], [ -88.870564, 39.772567, 0.0 ], [ -88.870471, 39.77773, 0.0 ], [ -88.870795, 39.789196, 0.0 ], [ -88.871254, 39.792228, 0.0 ], [ -88.871685, 39.793738, 0.0 ], [ -88.872536, 39.795762, 0.0 ], [ -88.873484, 39.797492, 0.0 ], [ -88.875648, 39.800551, 0.0 ], [ -88.877117, 39.803093, 0.0 ], [ -88.877653, 39.804384, 0.0 ], [ -88.877864, 39.805431, 0.0 ], [ -88.878541, 39.834589, 0.0 ], [ -88.888082, 39.834505, 0.0 ], [ -88.888375, 39.844487, 0.0 ], [ -88.887604, 39.845037, 0.0 ], [ -88.886632, 39.845317, 0.0 ], [ -88.881105, 39.845433, 0.0 ], [ -88.881241, 39.849079, 0.0 ], [ -88.878275, 39.849141, 0.0 ], [ -88.878506, 39.851357, 0.0 ], [ -88.877955, 39.856353, 0.0 ], [ -88.878431, 39.85992, 0.0 ], [ -88.878588, 39.862572, 0.0 ], [ -88.878983, 39.863937, 0.0 ], [ -88.878883, 39.867413, 0.0 ], [ -88.879158, 39.874122, 0.0 ], [ -88.879542, 39.876487, 0.0 ], [ -88.879482, 39.878705, 0.0 ], [ -88.878919, 39.88105, 0.0 ], [ -88.878986, 39.885704, 0.0 ], [ -88.883845, 39.885642, 0.0 ], [ -88.8838, 39.893123, 0.0 ], [ -88.908964, 39.892632, 0.0 ], [ -88.90987, 39.892671, 0.0 ], [ -88.91258, 39.893238, 0.0 ], [ -88.915473, 39.892482, 0.0 ], [ -88.917524, 39.892398, 0.0 ], [ -88.917787, 39.909619, 0.0 ], [ -88.955268, 39.908433, 0.0 ], [ -88.955258, 39.908177, 0.0 ], [ -88.955458, 39.908159, 0.0 ], [ -88.955298, 39.89857, 0.0 ], [ -88.964563, 39.898386, 0.0 ], [ -88.964508, 39.887795, 0.0 ], [ -88.962976, 39.887809, 0.0 ], [ -88.962139, 39.887506, 0.0 ], [ -88.960382, 39.887529, 0.0 ], [ -88.960362, 39.884631, 0.0 ], [ -88.960919, 39.882611, 0.0 ], [ -88.960904, 39.880227, 0.0 ], [ -88.961091, 39.879118, 0.0 ], [ -88.960599, 39.87763, 0.0 ], [ -88.961449, 39.876992, 0.0 ], [ -88.961554, 39.876563, 0.0 ], [ -88.973, 39.876385, 0.0 ], [ -88.972914, 39.865628, 0.0 ], [ -88.975547, 39.865714, 0.0 ], [ -88.977779, 39.865484, 0.0 ], [ -88.990837, 39.865129, 0.0 ], [ -88.992303, 39.865471, 0.0 ], [ -88.992247, 39.861415, 0.0 ], [ -88.994516, 39.861364, 0.0 ], [ -88.995743, 39.860929, 0.0 ], [ -88.996372, 39.860894, 0.0 ], [ -88.996383, 39.860352, 0.0 ], [ -88.99798, 39.86033, 0.0 ], [ -88.997969, 39.859073, 0.0 ], [ -88.99936, 39.85913, 0.0 ], [ -88.999783, 39.859314, 0.0 ], [ -89.001397, 39.860881, 0.0 ], [ -89.001937, 39.85997, 0.0 ], [ -89.002376, 39.858321, 0.0 ], [ -89.003377, 39.857884, 0.0 ], [ -89.005317, 39.858936, 0.0 ], [ -89.010272, 39.859867, 0.0 ], [ -89.010525, 39.8755, 0.0 ], [ -89.028875, 39.87539, 0.0 ], [ -89.043372, 39.861736, 0.0 ], [ -89.044914, 39.859361, 0.0 ], [ -89.045463, 39.857851, 0.0 ], [ -89.045646, 39.856021, 0.0 ], [ -89.045687, 39.846191, 0.0 ], [ -89.042239, 39.84623, 0.0 ], [ -89.042237, 39.846055, 0.0 ], [ -89.045685, 39.846004, 0.0 ], [ -89.046011, 39.843309, 0.0 ], [ -89.046961, 39.841235, 0.0 ], [ -89.048323, 39.839597, 0.0 ], [ -89.050426, 39.838029, 0.0 ], [ -89.04798, 39.837949, 0.0 ], [ -89.047958, 39.837421, 0.0 ], [ -89.059135, 39.835683, 0.0 ], [ -89.082509, 39.831579, 0.0 ], [ -89.086779, 39.831193, 0.0 ], [ -89.103051, 39.831119, 0.0 ], [ -89.104061, 39.831125, 0.0 ], [ -89.104106, 39.831402, 0.0 ], [ -89.104314, 39.831404, 0.0 ], [ -89.122699, 39.831302, 0.0 ], [ -89.138543, 39.831431, 0.0 ], [ -89.14256, 39.831716, 0.0 ], [ -89.142556, 39.831404, 0.0 ], [ -89.145715, 39.831986, 0.0 ], [ -89.163568, 39.836031, 0.0 ], [ -89.167927, 39.836616, 0.0 ], [ -89.217471, 39.836498, 0.0 ], [ -89.217481, 39.813224, 0.0 ], [ -89.218386, 39.813285, 0.0 ], [ -89.220181, 39.812917, 0.0 ], [ -89.221854, 39.813365, 0.0 ], [ -89.222557, 39.814105, 0.0 ], [ -89.223531, 39.814659, 0.0 ], [ -89.225266, 39.81496, 0.0 ], [ -89.227008, 39.814374, 0.0 ], [ -89.227707, 39.813929, 0.0 ], [ -89.228254, 39.813212, 0.0 ], [ -89.229439, 39.813287, 0.0 ], [ -89.229853, 39.813585, 0.0 ], [ -89.231388, 39.813525, 0.0 ], [ -89.232128, 39.813267, 0.0 ], [ -89.233358, 39.813225, 0.0 ], [ -89.233952, 39.812859, 0.0 ], [ -89.23444, 39.813425, 0.0 ], [ -89.234452, 39.813787, 0.0 ], [ -89.233956, 39.813999, 0.0 ], [ -89.233891, 39.814436, 0.0 ], [ -89.234248, 39.815155, 0.0 ], [ -89.233811, 39.815313, 0.0 ], [ -89.233749, 39.815526, 0.0 ], [ -89.233015, 39.815456, 0.0 ], [ -89.232387, 39.815632, 0.0 ], [ -89.231568, 39.8161, 0.0 ], [ -89.231541, 39.816313, 0.0 ], [ -89.231853, 39.816539, 0.0 ], [ -89.232615, 39.816644, 0.0 ], [ -89.234285, 39.816274, 0.0 ], [ -89.234543, 39.816556, 0.0 ], [ -89.234759, 39.817517, 0.0 ], [ -89.235097, 39.817653, 0.0 ], [ -89.236184, 39.817569, 0.0 ], [ -89.236362, 39.817707, 0.0 ], [ -89.236291, 39.818005, 0.0 ], [ -89.235514, 39.818479, 0.0 ], [ -89.235415, 39.818703, 0.0 ], [ -89.235731, 39.818993, 0.0 ], [ -89.23682, 39.819278, 0.0 ], [ -89.237163, 39.819687, 0.0 ], [ -89.236254, 39.82171, 0.0 ], [ -89.236343, 39.822164, 0.0 ], [ -89.236831, 39.822332, 0.0 ], [ -89.237199, 39.82218, 0.0 ], [ -89.237556, 39.821862, 0.0 ], [ -89.237669, 39.821399, 0.0 ], [ -89.238256, 39.821069, 0.0 ], [ -89.239796, 39.821329, 0.0 ], [ -89.240307, 39.821846, 0.0 ], [ -89.240072, 39.822888, 0.0 ], [ -89.240098, 39.823144, 0.0 ], [ -89.240316, 39.823334, 0.0 ], [ -89.240634, 39.823389, 0.0 ], [ -89.242196, 39.82305, 0.0 ], [ -89.242844, 39.82316, 0.0 ], [ -89.245124, 39.824552, 0.0 ], [ -89.246241, 39.825955, 0.0 ], [ -89.246538, 39.826092, 0.0 ], [ -89.248615, 39.82573, 0.0 ], [ -89.249504, 39.825121, 0.0 ], [ -89.25033, 39.824044, 0.0 ], [ -89.251918, 39.822563, 0.0 ], [ -89.252331, 39.820423, 0.0 ], [ -89.253016, 39.818985, 0.0 ], [ -89.253173, 39.818201, 0.0 ], [ -89.254994, 39.815052, 0.0 ], [ -89.2555, 39.814412, 0.0 ], [ -89.256227, 39.813857, 0.0 ], [ -89.256723, 39.813125, 0.0 ], [ -89.256777, 39.8111, 0.0 ], [ -89.257181, 39.809815, 0.0 ], [ -89.258683, 39.809097, 0.0 ], [ -89.259979, 39.808009, 0.0 ], [ -89.26002, 39.80726, 0.0 ], [ -89.259758, 39.806789, 0.0 ], [ -89.260382, 39.805609, 0.0 ], [ -89.260972, 39.8051, 0.0 ], [ -89.262547, 39.804392, 0.0 ], [ -89.263621, 39.804179, 0.0 ], [ -89.264594, 39.804285, 0.0 ], [ -89.265058, 39.805103, 0.0 ], [ -89.264937, 39.806001, 0.0 ], [ -89.26504, 39.806427, 0.0 ], [ -89.265379, 39.806429, 0.0 ], [ -89.266712, 39.805196, 0.0 ], [ -89.270425, 39.80387, 0.0 ], [ -89.270814, 39.803609, 0.0 ], [ -89.271422, 39.802898, 0.0 ], [ -89.272097, 39.801132, 0.0 ], [ -89.274331, 39.800061, 0.0 ], [ -89.276412, 39.799151, 0.0 ], [ -89.278784, 39.800101, 0.0 ], [ -89.27899, 39.799461, 0.0 ], [ -89.279548, 39.798931, 0.0 ], [ -89.280558, 39.799029, 0.0 ], [ -89.281355, 39.798906, 0.0 ], [ -89.28178, 39.796614, 0.0 ], [ -89.282512, 39.796232, 0.0 ], [ -89.283372, 39.796032, 0.0 ], [ -89.283684, 39.795767, 0.0 ], [ -89.283079, 39.79537, 0.0 ], [ -89.282683, 39.794617, 0.0 ], [ -89.282929, 39.794162, 0.0 ], [ -89.283399, 39.79386, 0.0 ], [ -89.285728, 39.793806, 0.0 ], [ -89.28605, 39.79362, 0.0 ], [ -89.286594, 39.79276, 0.0 ], [ -89.288223, 39.792053, 0.0 ], [ -89.289311, 39.791958, 0.0 ], [ -89.291732, 39.792746, 0.0 ], [ -89.29211, 39.792761, 0.0 ], [ -89.29246, 39.792557, 0.0 ], [ -89.292616, 39.792276, 0.0 ], [ -89.292523, 39.791715, 0.0 ], [ -89.291561, 39.790675, 0.0 ], [ -89.291488, 39.790311, 0.0 ], [ -89.291912, 39.789786, 0.0 ], [ -89.292301, 39.789576, 0.0 ], [ -89.293097, 39.789557, 0.0 ], [ -89.293802, 39.790074, 0.0 ], [ -89.294428, 39.79015, 0.0 ], [ -89.295177, 39.789912, 0.0 ], [ -89.296373, 39.789886, 0.0 ], [ -89.297366, 39.789074, 0.0 ], [ -89.297709, 39.787792, 0.0 ], [ -89.299721, 39.784547, 0.0 ], [ -89.299587, 39.784339, 0.0 ], [ -89.298473, 39.783986, 0.0 ], [ -89.298241, 39.783691, 0.0 ], [ -89.298295, 39.783306, 0.0 ], [ -89.298642, 39.78304, 0.0 ], [ -89.299632, 39.782805, 0.0 ], [ -89.299811, 39.782547, 0.0 ], [ -89.299645, 39.782022, 0.0 ], [ -89.299772, 39.781638, 0.0 ], [ -89.300897, 39.780554, 0.0 ], [ -89.301441, 39.779774, 0.0 ], [ -89.301437, 39.7792, 0.0 ], [ -89.300633, 39.77874, 0.0 ], [ -89.30045, 39.778421, 0.0 ], [ -89.302326, 39.776781, 0.0 ], [ -89.303128, 39.77582, 0.0 ], [ -89.305973, 39.775117, 0.0 ], [ -89.307849, 39.774368, 0.0 ], [ -89.310454, 39.772176, 0.0 ], [ -89.312587, 39.771307, 0.0 ], [ -89.313443, 39.771321, 0.0 ], [ -89.314285, 39.771109, 0.0 ], [ -89.315505, 39.77194, 0.0 ], [ -89.31586, 39.771946, 0.0 ], [ -89.31678, 39.771114, 0.0 ], [ -89.3173, 39.770817, 0.0 ], [ -89.317781, 39.7708, 0.0 ], [ -89.319439, 39.771293, 0.0 ], [ -89.320564, 39.771828, 0.0 ], [ -89.321361, 39.771962, 0.0 ], [ -89.322348, 39.771866, 0.0 ], [ -89.324188, 39.770713, 0.0 ], [ -89.325637, 39.770059, 0.0 ], [ -89.327924, 39.769701, 0.0 ], [ -89.328768, 39.769344, 0.0 ], [ -89.329158, 39.768811, 0.0 ], [ -89.32861, 39.767578, 0.0 ], [ -89.327854, 39.767294, 0.0 ], [ -89.325231, 39.767333, 0.0 ], [ -89.325029, 39.767032, 0.0 ], [ -89.325313, 39.766191, 0.0 ], [ -89.325715, 39.766004, 0.0 ], [ -89.32731, 39.766166, 0.0 ], [ -89.327785, 39.765981, 0.0 ], [ -89.327861, 39.765459, 0.0 ], [ -89.327102, 39.764521, 0.0 ], [ -89.327192, 39.764273, 0.0 ], [ -89.328077, 39.764046, 0.0 ], [ -89.328707, 39.763549, 0.0 ], [ -89.32971, 39.763766, 0.0 ], [ -89.331559, 39.764568, 0.0 ], [ -89.334061, 39.764864, 0.0 ], [ -89.33743, 39.765947, 0.0 ], [ -89.340754, 39.766475, 0.0 ], [ -89.341598, 39.766939, 0.0 ], [ -89.34232, 39.766886, 0.0 ], [ -89.342944, 39.766614, 0.0 ], [ -89.344534, 39.766913, 0.0 ], [ -89.345963, 39.767422, 0.0 ], [ -89.346277, 39.767752, 0.0 ], [ -89.350029, 39.769646, 0.0 ], [ -89.350841, 39.769755, 0.0 ], [ -89.352673, 39.769623, 0.0 ], [ -89.352694, 39.770388, 0.0 ], [ -89.353048, 39.77082, 0.0 ], [ -89.35301, 39.771471, 0.0 ], [ -89.35361, 39.771698, 0.0 ], [ -89.353964, 39.772114, 0.0 ], [ -89.355309, 39.771426, 0.0 ], [ -89.355694, 39.7707, 0.0 ], [ -89.355916, 39.770607, 0.0 ], [ -89.35734, 39.770878, 0.0 ], [ -89.358119, 39.770649, 0.0 ], [ -89.358412, 39.770227, 0.0 ], [ -89.358879, 39.768778, 0.0 ], [ -89.36004, 39.767524, 0.0 ], [ -89.359602, 39.764886, 0.0 ], [ -89.359718, 39.764785, 0.0 ], [ -89.360009, 39.765014, 0.0 ], [ -89.360003, 39.76555, 0.0 ], [ -89.36054, 39.766035, 0.0 ], [ -89.360876, 39.766974, 0.0 ], [ -89.360549, 39.767518, 0.0 ], [ -89.360043, 39.767774, 0.0 ], [ -89.36016, 39.767883, 0.0 ], [ -89.360845, 39.768004, 0.0 ], [ -89.367933, 39.768073, 0.0 ], [ -89.368211, 39.768395, 0.0 ], [ -89.368132, 39.771677, 0.0 ], [ -89.36843, 39.771892, 0.0 ], [ -89.368154, 39.787495, 0.0 ], [ -89.415669, 39.788052, 0.0 ], [ -89.444667, 39.788192, 0.0 ], [ -89.444448, 39.839221, 0.0 ], [ -89.459059, 39.839602, 0.0 ], [ -89.473235, 39.838662, 0.0 ], [ -89.482884, 39.838447, 0.0 ], [ -89.482883, 39.838833, 0.0 ], [ -89.50227, 39.838346, 0.0 ], [ -89.515866, 39.838295, 0.0 ], [ -89.515863, 39.83798, 0.0 ], [ -89.526014, 39.837764, 0.0 ], [ -89.533874, 39.836704, 0.0 ], [ -89.536573, 39.835941, 0.0 ], [ -89.538298, 39.835041, 0.0 ], [ -89.539366, 39.83427, 0.0 ], [ -89.543226, 39.830415, 0.0 ], [ -89.544685, 39.831692, 0.0 ], [ -89.545006, 39.83223, 0.0 ], [ -89.544834, 39.834772, 0.0 ], [ -89.544926, 39.836105, 0.0 ], [ -89.545212, 39.836637, 0.0 ], [ -89.545228, 39.837781, 0.0 ], [ -89.544876, 39.838033, 0.0 ], [ -89.546216, 39.83803, 0.0 ], [ -89.546735, 39.838938, 0.0 ], [ -89.546809, 39.839573, 0.0 ], [ -89.546667, 39.839588, 0.0 ], [ -89.546568, 39.84013, 0.0 ], [ -89.546928, 39.842186, 0.0 ], [ -89.548151, 39.844268, 0.0 ], [ -89.548984, 39.846547, 0.0 ], [ -89.549831, 39.847924, 0.0 ], [ -89.550715, 39.848716, 0.0 ], [ -89.551864, 39.849088, 0.0 ], [ -89.552651, 39.848984, 0.0 ], [ -89.554766, 39.847852, 0.0 ], [ -89.555444, 39.847696, 0.0 ], [ -89.556515, 39.847988, 0.0 ], [ -89.55818, 39.849123, 0.0 ], [ -89.558274, 39.849969, 0.0 ], [ -89.557964, 39.850634, 0.0 ], [ -89.557325, 39.85123, 0.0 ], [ -89.555607, 39.852256, 0.0 ], [ -89.555144, 39.852991, 0.0 ], [ -89.554837, 39.854523, 0.0 ], [ -89.554859, 39.855363, 0.0 ], [ -89.555058, 39.855906, 0.0 ], [ -89.55498, 39.856521, 0.0 ], [ -89.555186, 39.857295, 0.0 ], [ -89.555911, 39.858762, 0.0 ], [ -89.555645, 39.859077, 0.0 ], [ -89.558097, 39.861135, 0.0 ], [ -89.558705, 39.861412, 0.0 ], [ -89.559567, 39.8615, 0.0 ], [ -89.561583, 39.861187, 0.0 ], [ -89.562288, 39.861489, 0.0 ], [ -89.562665, 39.861972, 0.0 ], [ -89.562495, 39.862702, 0.0 ], [ -89.561932, 39.863443, 0.0 ], [ -89.559788, 39.865205, 0.0 ], [ -89.559239, 39.866237, 0.0 ], [ -89.559118, 39.867214, 0.0 ], [ -89.559396, 39.868268, 0.0 ], [ -89.560037, 39.86908, 0.0 ], [ -89.560764, 39.869443, 0.0 ], [ -89.563065, 39.869635, 0.0 ], [ -89.563713, 39.870189, 0.0 ], [ -89.563785, 39.870963, 0.0 ], [ -89.562239, 39.871649, 0.0 ], [ -89.561747, 39.872072, 0.0 ], [ -89.561869, 39.872527, 0.0 ], [ -89.562859, 39.873806, 0.0 ], [ -89.563348, 39.874017, 0.0 ], [ -89.563291, 39.874104, 0.0 ], [ -89.56369, 39.874298, 0.0 ], [ -89.584471, 39.874186, 0.0 ], [ -89.597487, 39.87429, 0.0 ], [ -89.61402, 39.874088, 0.0 ], [ -89.614074, 39.878541, 0.0 ], [ -89.613816, 39.880275, 0.0 ], [ -89.613327, 39.881919, 0.0 ], [ -89.612676, 39.883391, 0.0 ], [ -89.611704, 39.885026, 0.0 ], [ -89.608845, 39.888512, 0.0 ], [ -89.609628, 39.88869, 0.0 ], [ -89.616364, 39.88864, 0.0 ], [ -89.616469, 39.895967, 0.0 ], [ -89.673207, 39.895337, 0.0 ], [ -89.673686, 39.917139, 0.0 ], [ -89.70187, 39.916794, 0.0 ], [ -89.702319, 39.93851, 0.0 ], [ -89.702289, 39.938626, 0.0 ], [ -89.697624, 39.938658, 0.0 ], [ -89.698265, 39.975316, 0.0 ], [ -89.656741, 39.975674, 0.0 ], [ -89.656808, 39.988583, 0.0 ], [ -89.656678, 40.000078, 0.0 ], [ -89.656958, 40.013995, 0.0 ], [ -89.656868, 40.019377, 0.0 ], [ -89.637773, 40.019367, 0.0 ], [ -89.638004, 40.041166, 0.0 ], [ -89.628637, 40.04125, 0.0 ], [ -89.628903, 40.063062, 0.0 ], [ -89.652277, 40.062924, 0.0 ], [ -89.65259, 40.063172, 0.0 ], [ -89.652728, 40.070176, 0.0 ], [ -89.66687, 40.070043, 0.0 ], [ -89.667014, 40.080839, 0.0 ], [ -89.667425, 40.091591, 0.0 ], [ -89.667549, 40.091871, 0.0 ], [ -89.66776, 40.09619, 0.0 ], [ -89.667967, 40.115271, 0.0 ], [ -89.668296, 40.125122, 0.0 ], [ -89.668693, 40.151454, 0.0 ], [ -89.668938, 40.152305, 0.0 ], [ -89.668968, 40.16067, 0.0 ], [ -89.667772, 40.160733, 0.0 ], [ -89.666131, 40.160334, 0.0 ], [ -89.665233, 40.160021, 0.0 ], [ -89.661618, 40.158116, 0.0 ], [ -89.661113, 40.157419, 0.0 ], [ -89.66069, 40.156037, 0.0 ], [ -89.659961, 40.155637, 0.0 ], [ -89.658343, 40.155923, 0.0 ], [ -89.657053, 40.156657, 0.0 ], [ -89.656702, 40.156668, 0.0 ], [ -89.655929, 40.15703, 0.0 ], [ -89.654658, 40.156331, 0.0 ], [ -89.653204, 40.156078, 0.0 ], [ -89.651981, 40.154916, 0.0 ], [ -89.651615, 40.154833, 0.0 ], [ -89.6513, 40.154895, 0.0 ], [ -89.651076, 40.155215, 0.0 ], [ -89.650275, 40.157193, 0.0 ], [ -89.649598, 40.157663, 0.0 ], [ -89.648699, 40.157415, 0.0 ], [ -89.648337, 40.157041, 0.0 ], [ -89.648048, 40.156473, 0.0 ], [ -89.647737, 40.154787, 0.0 ], [ -89.646399, 40.153608, 0.0 ], [ -89.645571, 40.15357, 0.0 ], [ -89.643865, 40.154226, 0.0 ], [ -89.641768, 40.154202, 0.0 ], [ -89.639703, 40.155016, 0.0 ], [ -89.638768, 40.155154, 0.0 ], [ -89.638268, 40.154877, 0.0 ], [ -89.638402, 40.154225, 0.0 ], [ -89.638208, 40.152998, 0.0 ], [ -89.637517, 40.152162, 0.0 ], [ -89.636339, 40.15233, 0.0 ], [ -89.634992, 40.153578, 0.0 ], [ -89.634207, 40.153418, 0.0 ], [ -89.633155, 40.152096, 0.0 ], [ -89.632193, 40.148679, 0.0 ], [ -89.631801, 40.1482, 0.0 ], [ -89.631527, 40.148295, 0.0 ], [ -89.630896, 40.149193, 0.0 ], [ -89.630003, 40.149412, 0.0 ], [ -89.629217, 40.149325, 0.0 ], [ -89.628008, 40.148824, 0.0 ], [ -89.627846, 40.148379, 0.0 ], [ -89.628066, 40.147559, 0.0 ], [ -89.628054, 40.146905, 0.0 ], [ -89.627314, 40.146561, 0.0 ], [ -89.626809, 40.14592, 0.0 ], [ -89.627543, 40.144297, 0.0 ], [ -89.627246, 40.143723, 0.0 ], [ -89.626077, 40.143294, 0.0 ], [ -89.623874, 40.143172, 0.0 ], [ -89.622739, 40.142383, 0.0 ], [ -89.622262, 40.141864, 0.0 ], [ -89.621756, 40.141079, 0.0 ], [ -89.621392, 40.13938, 0.0 ], [ -89.621103, 40.139341, 0.0 ], [ -89.620567, 40.138884, 0.0 ], [ -89.620536, 40.138495, 0.0 ], [ -89.620923, 40.137763, 0.0 ], [ -89.620952, 40.137054, 0.0 ], [ -89.620684, 40.136597, 0.0 ], [ -89.620296, 40.136231, 0.0 ], [ -89.619402, 40.135911, 0.0 ], [ -89.616959, 40.13573, 0.0 ], [ -89.615677, 40.135113, 0.0 ], [ -89.613769, 40.134588, 0.0 ], [ -89.613561, 40.134405, 0.0 ], [ -89.61353, 40.133787, 0.0 ], [ -89.612665, 40.132462, 0.0 ], [ -89.609147, 40.129216, 0.0 ], [ -89.609724, 40.129128, 0.0 ], [ -89.610893, 40.128563, 0.0 ], [ -89.611203, 40.128025, 0.0 ], [ -89.610895, 40.127337, 0.0 ], [ -89.610343, 40.126995, 0.0 ], [ -89.609266, 40.126698, 0.0 ], [ -89.60764, 40.1268, 0.0 ], [ -89.605808, 40.126518, 0.0 ], [ -89.605659, 40.126175, 0.0 ], [ -89.606349, 40.124358, 0.0 ], [ -89.606408, 40.123626, 0.0 ], [ -89.60593, 40.122757, 0.0 ], [ -89.605006, 40.122117, 0.0 ], [ -89.603963, 40.121592, 0.0 ], [ -89.603278, 40.121432, 0.0 ], [ -89.601694, 40.122385, 0.0 ], [ -89.603604, 40.218385, 0.0 ], [ -89.601017, 40.21842, 0.0 ], [ -89.601396, 40.23293, 0.0 ], [ -89.602725, 40.308418, 0.0 ], [ -89.604706, 40.39317, 0.0 ], [ -89.716348, 40.391837, 0.0 ], [ -89.716908, 40.42535, 0.0 ], [ -89.71716, 40.426598, 0.0 ], [ -89.716993, 40.430773, 0.0 ], [ -89.717929, 40.479178, 0.0 ], [ -89.718353, 40.486377, 0.0 ], [ -89.718439, 40.502152, 0.0 ], [ -89.719088, 40.533283, 0.0 ], [ -89.714799, 40.536025, 0.0 ], [ -89.712507, 40.537041, 0.0 ], [ -89.712084, 40.526971, 0.0 ], [ -89.712454, 40.526459, 0.0 ], [ -89.712454, 40.526141, 0.0 ], [ -89.712014, 40.525594, 0.0 ], [ -89.711114, 40.524924, 0.0 ], [ -89.71045, 40.523935, 0.0 ], [ -89.709951, 40.523909, 0.0 ], [ -89.708956, 40.524191, 0.0 ], [ -89.708192, 40.523282, 0.0 ], [ -89.70755, 40.523163, 0.0 ], [ -89.664345, 40.523575, 0.0 ], [ -89.664475, 40.530893, 0.0 ], [ -89.627022, 40.531026, 0.0 ], [ -89.606691, 40.531485, 0.0 ], [ -89.606776, 40.54042, 0.0 ], [ -89.606987, 40.540431, 0.0 ], [ -89.60715, 40.542025, 0.0 ], [ -89.607546, 40.567893, 0.0 ], [ -89.607905, 40.629138, 0.0 ], [ -89.613678, 40.629525, 0.0 ], [ -89.613382, 40.629924, 0.0 ], [ -89.616824, 40.630846, 0.0 ], [ -89.618299, 40.631557, 0.0 ], [ -89.620231, 40.63287, 0.0 ], [ -89.622558, 40.633279, 0.0 ], [ -89.621587, 40.634026, 0.0 ], [ -89.622684, 40.634956, 0.0 ], [ -89.622445, 40.635132, 0.0 ], [ -89.621391, 40.634238, 0.0 ], [ -89.608096, 40.651338, 0.0 ], [ -89.608086, 40.650722, 0.0 ], [ -89.60739, 40.650984, 0.0 ], [ -89.605761, 40.651917, 0.0 ], [ -89.605106, 40.652099, 0.0 ], [ -89.604113, 40.652942, 0.0 ], [ -89.598709, 40.655815, 0.0 ], [ -89.597821, 40.654874, 0.0 ], [ -89.597781, 40.655731, 0.0 ], [ -89.597139, 40.656581, 0.0 ], [ -89.593305, 40.658345, 0.0 ], [ -89.589233, 40.660595, 0.0 ], [ -89.563892, 40.660504, 0.0 ], [ -89.557173, 40.660164, 0.0 ], [ -89.556603, 40.659945, 0.0 ], [ -89.554057, 40.659697, 0.0 ], [ -89.549626, 40.659915, 0.0 ], [ -89.540271, 40.659771, 0.0 ], [ -89.53438, 40.660172, 0.0 ], [ -89.514829, 40.660065, 0.0 ], [ -89.501404, 40.660226, 0.0 ], [ -89.499577, 40.658988, 0.0 ], [ -89.497916, 40.65828, 0.0 ], [ -89.492477, 40.656928, 0.0 ], [ -89.491119, 40.656403, 0.0 ], [ -89.489405, 40.655219, 0.0 ], [ -89.487889, 40.653333, 0.0 ], [ -89.486924, 40.652399, 0.0 ], [ -89.485087, 40.651202, 0.0 ], [ -89.483411, 40.650488, 0.0 ], [ -89.47999, 40.649616, 0.0 ], [ -89.476977, 40.64937, 0.0 ], [ -89.474464, 40.649638, 0.0 ], [ -89.470328, 40.650828, 0.0 ], [ -89.469127, 40.650892, 0.0 ], [ -89.467692, 40.650673, 0.0 ], [ -89.462445, 40.649089, 0.0 ], [ -89.45916, 40.646875, 0.0 ], [ -89.453816, 40.644487, 0.0 ], [ -89.452168, 40.643485, 0.0 ], [ -89.450405, 40.641878, 0.0 ], [ -89.450293, 40.641164, 0.0 ], [ -89.450455, 40.638416, 0.0 ], [ -89.450302, 40.622186, 0.0 ], [ -89.45049, 40.621298, 0.0 ], [ -89.446761, 40.621103, 0.0 ], [ -89.445185, 40.622333, 0.0 ], [ -89.445062, 40.622246, 0.0 ], [ -89.44577, 40.621701, 0.0 ], [ -89.445408, 40.621036, 0.0 ], [ -89.440995, 40.620866, 0.0 ], [ -89.403374, 40.622088, 0.0 ], [ -89.38965, 40.622257, 0.0 ], [ -89.337471, 40.622811, 0.0 ], [ -89.302111, 40.621767, 0.0 ], [ -89.276253, 40.622742, 0.0 ], [ -89.27397, 40.622467, 0.0 ], [ -89.272051, 40.622003, 0.0 ], [ -89.248298, 40.614365, 0.0 ], [ -89.236932, 40.611392, 0.0 ], [ -89.231167, 40.610327, 0.0 ], [ -89.226916, 40.609925, 0.0 ], [ -89.223979, 40.609834, 0.0 ], [ -89.197798, 40.610054, 0.0 ], [ -89.192907, 40.609665, 0.0 ], [ -89.1888, 40.60899, 0.0 ], [ -89.188786, 40.61052, 0.0 ], [ -89.18333, 40.607948, 0.0 ], [ -89.179104, 40.606252, 0.0 ], [ -89.16466, 40.599905, 0.0 ], [ -89.164664, 40.59953, 0.0 ], [ -89.149351, 40.589949, 0.0 ], [ -89.147407, 40.58822, 0.0 ], [ -89.142546, 40.583127, 0.0 ], [ -89.140713, 40.581534, 0.0 ], [ -89.105562, 40.556963, 0.0 ], [ -89.102132, 40.55479, 0.0 ], [ -89.079131, 40.541921, 0.0 ], [ -89.076264, 40.540911, 0.0 ], [ -89.073016, 40.540426, 0.0 ], [ -89.041925, 40.539363, 0.0 ], [ -89.041916, 40.539122, 0.0 ], [ -89.071916, 40.540141, 0.0 ], [ -89.061827, 40.531833, 0.0 ], [ -89.060163, 40.53184, 0.0 ], [ -89.05955, 40.530547, 0.0 ], [ -89.058499, 40.529309, 0.0 ], [ -89.058496, 40.5292, 0.0 ], [ -89.059642, 40.530549, 0.0 ], [ -89.06046, 40.530607, 0.0 ], [ -89.060279, 40.524234, 0.0 ], [ -89.059918, 40.520205, 0.0 ], [ -89.05899, 40.487678, 0.0 ], [ -89.050102, 40.487622, 0.0 ], [ -89.044869, 40.487356, 0.0 ], [ -89.040595, 40.486809, 0.0 ], [ -89.028667, 40.484883, 0.0 ], [ -89.028776, 40.480223, 0.0 ], [ -89.031203, 40.470027, 0.0 ], [ -89.031374, 40.467809, 0.0 ], [ -89.031166, 40.466307, 0.0 ], [ -89.030522, 40.464362, 0.0 ], [ -89.027511, 40.458746, 0.0 ], [ -89.006285, 40.458953, 0.0 ], [ -89.006011, 40.458933, 0.0 ], [ -89.006002, 40.457945, 0.0 ], [ -89.004022, 40.45864, 0.0 ], [ -89.001541, 40.459018, 0.0 ], [ -88.968957, 40.459733, 0.0 ], [ -88.965518, 40.460183, 0.0 ], [ -88.962501, 40.461035, 0.0 ], [ -88.962799, 40.473849, 0.0 ], [ -88.962711, 40.481164, 0.0 ], [ -88.962799, 40.481414, 0.0 ], [ -88.963225, 40.481684, 0.0 ], [ -88.964492, 40.482016, 0.0 ], [ -88.964226, 40.482024, 0.0 ], [ -88.964017, 40.48837, 0.0 ], [ -88.959303, 40.488158, 0.0 ], [ -88.952743, 40.488131, 0.0 ], [ -88.95292, 40.496698, 0.0 ], [ -88.94923, 40.496687, 0.0 ], [ -88.947096, 40.496161, 0.0 ], [ -88.93835, 40.496171, 0.0 ], [ -88.936547, 40.49578, 0.0 ], [ -88.933656, 40.495765, 0.0 ], [ -88.933591, 40.488475, 0.0 ], [ -88.931026, 40.488436, 0.0 ], [ -88.931024, 40.48831, 0.0 ], [ -88.898995, 40.488125, 0.0 ], [ -88.80664, 40.486851, 0.0 ], [ -88.805552, 40.39927, 0.0 ], [ -88.786081, 40.399037, 0.0 ], [ -88.78202, 40.399183, 0.0 ], [ -88.759862, 40.399135, 0.0 ], [ -88.631434, 40.398484, 0.0 ], [ -88.574289, 40.398015, 0.0 ], [ -88.574521, 40.485215, 0.0 ], [ -88.459233, 40.486251, 0.0 ], [ -88.459639, 40.426127, 0.0 ], [ -88.460334, 40.363156, 0.0 ], [ -88.460423, 40.340534, 0.0 ], [ -88.46027, 40.310868, 0.0 ], [ -88.460726, 40.22333, 0.0 ], [ -88.463557, 40.223279, 0.0 ], [ -88.46364, 40.218265, 0.0 ], [ -88.463468, 40.211357, 0.0 ], [ -88.463369, 40.15663, 0.0 ], [ -88.46318, 40.142204, 0.0 ], [ -88.463368, 40.124906, 0.0 ], [ -88.463104, 40.087931, 0.0 ], [ -88.462957, 40.01814, 0.0 ], [ -88.46221, 39.880305, 0.0 ], [ -88.462334, 39.791827, 0.0 ], [ -88.589825, 39.792172, 0.0 ], [ -88.707892, 39.792268, 0.0 ], [ -88.707946, 39.799569, 0.0 ], [ -88.714636, 39.799581, 0.0 ], [ -88.714636, 39.799418, 0.0 ], [ -88.716025, 39.799279, 0.0 ], [ -88.718801, 39.79928, 0.0 ], [ -88.720138, 39.799417, 0.0 ], [ -88.720136, 39.799582, 0.0 ], [ -88.726849, 39.799554, 0.0 ], [ -88.74573, 39.799971, 0.0 ], [ -88.745702, 39.799418, 0.0 ], [ -88.745943, 39.799669, 0.0 ], [ -88.765354, 39.799683, 0.0 ], [ -88.770915, 39.799519, 0.0 ], [ -88.783472, 39.799527, 0.0 ], [ -88.783475, 39.799258, 0.0 ], [ -88.791176, 39.799171, 0.0 ], [ -88.791204, 39.799951, 0.0 ], [ -88.791674, 39.800151, 0.0 ], [ -88.792203, 39.800136, 0.0 ], [ -88.792243, 39.799308, 0.0 ], [ -88.792826, 39.799478, 0.0 ], [ -88.794047, 39.799117, 0.0 ], [ -88.814747, 39.798958, 0.0 ], [ -88.814633, 39.79326, 0.0 ], [ -88.814263, 39.789884, 0.0 ], [ -88.813482, 39.762854, 0.0 ], [ -88.850184, 39.762967, 0.0 ] ] ] } },
{ "type": "Feature", "properties": { "OID_": 0, "DISTRICT": "45", "STA": "IL", "ST": "17", "LABEL": "45", "DIST_NAME": "State Senate District 45", "TYPE": "State Legislature - Upper Chamber", "TYPE_ABB": "Leg_Upper", "ELECT_YEAR": "Enacted" }, "geometry": { "type": "Polygon", "coordinates": [ [ [ -89.173006, 42.204249, 0.0 ], [ -89.172931, 42.18273, 0.0 ], [ -89.172518, 42.181621, 0.0 ], [ -89.172511, 42.180179, 0.0 ], [ -89.171478, 42.180195, 0.0 ], [ -89.169451, 42.179844, 0.0 ], [ -89.169296, 42.179886, 0.0 ], [ -89.169352, 42.180015, 0.0 ], [ -89.168808, 42.179978, 0.0 ], [ -89.167264, 42.179315, 0.0 ], [ -89.165312, 42.179212, 0.0 ], [ -89.163362, 42.178811, 0.0 ], [ -89.162016, 42.178809, 0.0 ], [ -89.157708, 42.1804, 0.0 ], [ -89.152994, 42.18289, 0.0 ], [ -89.151513, 42.183488, 0.0 ], [ -89.146801, 42.184979, 0.0 ], [ -89.144566, 42.185926, 0.0 ], [ -89.140762, 42.187115, 0.0 ], [ -89.138539, 42.188073, 0.0 ], [ -89.137858, 42.188078, 0.0 ], [ -89.133294, 42.186981, 0.0 ], [ -89.131936, 42.186277, 0.0 ], [ -89.13108, 42.184978, 0.0 ], [ -89.130872, 42.185043, 0.0 ], [ -89.130616, 42.18455, 0.0 ], [ -89.129965, 42.182988, 0.0 ], [ -89.129476, 42.180977, 0.0 ], [ -89.127848, 42.179707, 0.0 ], [ -89.126709, 42.17812, 0.0 ], [ -89.125907, 42.178054, 0.0 ], [ -89.124837, 42.178409, 0.0 ], [ -89.123676, 42.178197, 0.0 ], [ -89.12232, 42.178534, 0.0 ], [ -89.1217, 42.178861, 0.0 ], [ -89.121468, 42.179168, 0.0 ], [ -89.121087, 42.17904, 0.0 ], [ -89.120053, 42.179209, 0.0 ], [ -89.118877, 42.178974, 0.0 ], [ -89.117861, 42.179611, 0.0 ], [ -89.115686, 42.17964, 0.0 ], [ -89.115664, 42.175992, 0.0 ], [ -89.110859, 42.176023, 0.0 ], [ -89.110767, 42.172375, 0.0 ], [ -89.107478, 42.172397, 0.0 ], [ -89.107964, 42.173433, 0.0 ], [ -89.107656, 42.174136, 0.0 ], [ -89.107683, 42.174452, 0.0 ], [ -89.108333, 42.174758, 0.0 ], [ -89.10912, 42.174401, 0.0 ], [ -89.109308, 42.174889, 0.0 ], [ -89.10812, 42.174956, 0.0 ], [ -89.107347, 42.174706, 0.0 ], [ -89.107029, 42.174431, 0.0 ], [ -89.106983, 42.174095, 0.0 ], [ -89.107237, 42.173646, 0.0 ], [ -89.107293, 42.17311, 0.0 ], [ -89.106883, 42.1724, 0.0 ], [ -89.101007, 42.172437, 0.0 ], [ -89.100986, 42.168796, 0.0 ], [ -89.096101, 42.168832, 0.0 ], [ -89.095988, 42.168363, 0.0 ], [ -89.093029, 42.168349, 0.0 ], [ -89.093027, 42.167854, 0.0 ], [ -89.091256, 42.167895, 0.0 ], [ -89.091264, 42.168793, 0.0 ], [ -89.089024, 42.168707, 0.0 ], [ -89.087234, 42.168226, 0.0 ], [ -89.087065, 42.168877, 0.0 ], [ -89.086406, 42.168888, 0.0 ], [ -89.086407, 42.167986, 0.0 ], [ -89.084806, 42.167794, 0.0 ], [ -89.079047, 42.167845, 0.0 ], [ -89.077911, 42.168107, 0.0 ], [ -89.077096, 42.168556, 0.0 ], [ -89.076562, 42.167944, 0.0 ], [ -89.075699, 42.167482, 0.0 ], [ -89.071844, 42.166627, 0.0 ], [ -89.068794, 42.165531, 0.0 ], [ -89.066937, 42.165349, 0.0 ], [ -89.067014, 42.172658, 0.0 ], [ -89.023928, 42.173155, 0.0 ], [ -89.023833, 42.165888, 0.0 ], [ -89.023426, 42.165892, 0.0 ], [ -89.023258, 42.151422, 0.0 ], [ -88.939738, 42.152328, 0.0 ], [ -88.939704, 42.146581, 0.0 ], [ -88.939897, 42.144848, 0.0 ], [ -88.939645, 42.137719, 0.0 ], [ -88.938941, 42.065105, 0.0 ], [ -88.942152, 42.065058, 0.0 ], [ -88.941917, 42.029782, 0.0 ], [ -88.94199, 42.021789, 0.0 ], [ -88.94185, 42.015226, 0.0 ], [ -88.941971, 41.993461, 0.0 ], [ -88.941687, 41.930911, 0.0 ], [ -88.941285, 41.89176, 0.0 ], [ -89.013302, 41.891015, 0.0 ], [ -89.039784, 41.890562, 0.0 ], [ -89.053547, 41.890591, 0.0 ], [ -89.093006, 41.890238, 0.0 ], [ -89.09605, 41.890031, 0.0 ], [ -89.114601, 41.890007, 0.0 ], [ -89.141135, 41.889723, 0.0 ], [ -89.15086, 41.889809, 0.0 ], [ -89.154287, 41.889587, 0.0 ], [ -89.265631, 41.88838, 0.0 ], [ -89.282885, 41.888101, 0.0 ], [ -89.283395, 41.888081, 0.0 ], [ -89.283397, 41.887927, 0.0 ], [ -89.350184, 41.888141, 0.0 ], [ -89.360584, 41.888026, 0.0 ], [ -89.360398, 41.902624, 0.0 ], [ -89.36446, 41.902777, 0.0 ], [ -89.366048, 41.902656, 0.0 ], [ -89.379306, 41.90262, 0.0 ], [ -89.398658, 41.902841, 0.0 ], [ -89.398671, 41.902274, 0.0 ], [ -89.402089, 41.902284, 0.0 ], [ -89.402064, 41.90118, 0.0 ], [ -89.4022, 41.900831, 0.0 ], [ -89.403648, 41.899073, 0.0 ], [ -89.405433, 41.897389, 0.0 ], [ -89.407136, 41.896205, 0.0 ], [ -89.407526, 41.895709, 0.0 ], [ -89.408069, 41.895357, 0.0 ], [ -89.410495, 41.894995, 0.0 ], [ -89.411112, 41.8947, 0.0 ], [ -89.411942, 41.893917, 0.0 ], [ -89.412127, 41.893377, 0.0 ], [ -89.411859, 41.89218, 0.0 ], [ -89.411931, 41.891016, 0.0 ], [ -89.411822, 41.890086, 0.0 ], [ -89.411301, 41.888384, 0.0 ], [ -89.411197, 41.887294, 0.0 ], [ -89.411382, 41.886884, 0.0 ], [ -89.412508, 41.88577, 0.0 ], [ -89.413766, 41.885471, 0.0 ], [ -89.415152, 41.885772, 0.0 ], [ -89.416378, 41.886655, 0.0 ], [ -89.418255, 41.887396, 0.0 ], [ -89.419467, 41.88832, 0.0 ], [ -89.419865, 41.888427, 0.0 ], [ -89.420115, 41.888996, 0.0 ], [ -89.420659, 41.889327, 0.0 ], [ -89.421852, 41.889715, 0.0 ], [ -89.423704, 41.890676, 0.0 ], [ -89.426986, 41.891671, 0.0 ], [ -89.429739, 41.892997, 0.0 ], [ -89.430908, 41.893322, 0.0 ], [ -89.431565, 41.89377, 0.0 ], [ -89.431903, 41.894284, 0.0 ], [ -89.431713, 41.89521, 0.0 ], [ -89.430592, 41.896597, 0.0 ], [ -89.42986, 41.896949, 0.0 ], [ -89.428716, 41.896919, 0.0 ], [ -89.428259, 41.897488, 0.0 ], [ -89.425019, 41.898147, 0.0 ], [ -89.422331, 41.89965, 0.0 ], [ -89.422191, 41.90004, 0.0 ], [ -89.422279, 41.901444, 0.0 ], [ -89.421718, 41.904368, 0.0 ], [ -89.421907, 41.90494, 0.0 ], [ -89.422418, 41.905575, 0.0 ], [ -89.423214, 41.906094, 0.0 ], [ -89.426118, 41.90738, 0.0 ], [ -89.427722, 41.907765, 0.0 ], [ -89.429619, 41.907778, 0.0 ], [ -89.434363, 41.907307, 0.0 ], [ -89.435686, 41.907409, 0.0 ], [ -89.438814, 41.907885, 0.0 ], [ -89.442025, 41.908875, 0.0 ], [ -89.446489, 41.909824, 0.0 ], [ -89.45199, 41.91016, 0.0 ], [ -89.45479, 41.909904, 0.0 ], [ -89.465561, 41.911714, 0.0 ], [ -89.469271, 41.911641, 0.0 ], [ -89.471413, 41.911348, 0.0 ], [ -89.473275, 41.91073, 0.0 ], [ -89.476203, 41.909299, 0.0 ], [ -89.477693, 41.907893, 0.0 ], [ -89.478372, 41.906976, 0.0 ], [ -89.479379, 41.904825, 0.0 ], [ -89.479995, 41.90251, 0.0 ], [ -89.495069, 41.90229, 0.0 ], [ -89.512966, 41.902439, 0.0 ], [ -89.514627, 41.902174, 0.0 ], [ -89.534693, 41.902623, 0.0 ], [ -89.557181, 41.902194, 0.0 ], [ -89.629336, 41.901625, 0.0 ], [ -89.628913, 41.930052, 0.0 ], [ -89.736331, 41.930717, 0.0 ], [ -89.795885, 41.93018, 0.0 ], [ -89.826187, 41.930173, 0.0 ], [ -89.860824, 41.930444, 0.0 ], [ -89.907896, 41.931244, 0.0 ], [ -89.968674, 41.931245, 0.0 ], [ -89.978443, 41.931195, 0.0 ], [ -90.018147, 41.930442, 0.0 ], [ -90.054156, 41.93024, 0.0 ], [ -90.091939, 41.929696, 0.0 ], [ -90.115016, 41.929717, 0.0 ], [ -90.12478, 41.929409, 0.0 ], [ -90.125906, 41.928992, 0.0 ], [ -90.151986, 41.928925, 0.0 ], [ -90.151606, 41.93101, 0.0 ], [ -90.152665, 41.933066, 0.0 ], [ -90.154316, 41.934535, 0.0 ], [ -90.156908, 41.938189, 0.0 ], [ -90.160654, 41.940853, 0.0 ], [ -90.163853, 41.944942, 0.0 ], [ -90.164945, 41.948869, 0.0 ], [ -90.164141, 41.956186, 0.0 ], [ -90.162147, 41.961301, 0.0 ], [ -90.158598, 41.967125, 0.0 ], [ -90.156321, 41.969121, 0.0 ], [ -90.15507, 41.971345, 0.0 ], [ -90.153834, 41.974129, 0.0 ], [ -90.152113, 41.975678, 0.0 ], [ -90.148605, 41.978277, 0.0 ], [ -90.146231, 41.981337, 0.0 ], [ -90.146405, 41.985383, 0.0 ], [ -90.146039, 41.988147, 0.0 ], [ -90.144247, 41.991039, 0.0 ], [ -90.140619, 41.996007, 0.0 ], [ -90.140542, 42.000034, 0.0 ], [ -90.140067, 42.00326, 0.0 ], [ -90.141173, 42.008939, 0.0 ], [ -90.142312, 42.011847, 0.0 ], [ -90.143782, 42.014889, 0.0 ], [ -90.144689, 42.016206, 0.0 ], [ -90.146032, 42.017279, 0.0 ], [ -90.1472, 42.018487, 0.0 ], [ -90.148102, 42.020022, 0.0 ], [ -90.149118, 42.022687, 0.0 ], [ -90.149194, 42.024066, 0.0 ], [ -90.149739, 42.026572, 0.0 ], [ -90.150922, 42.029448, 0.0 ], [ -90.151585, 42.030641, 0.0 ], [ -90.153341, 42.032074, 0.0 ], [ -90.155536, 42.034592, 0.0 ], [ -90.15667, 42.03542, 0.0 ], [ -90.158836, 42.037777, 0.0 ], [ -90.161636, 42.039256, 0.0 ], [ -90.163453, 42.040415, 0.0 ], [ -90.164344, 42.041523, 0.0 ], [ -90.164492, 42.042113, 0.0 ], [ -90.164544, 42.045015, 0.0 ], [ -90.165301, 42.050981, 0.0 ], [ -90.166502, 42.054551, 0.0 ], [ -90.16686, 42.054918, 0.0 ], [ -90.166815, 42.055941, 0.0 ], [ -90.165772, 42.060055, 0.0 ], [ -90.165533, 42.061526, 0.0 ], [ -90.165562, 42.062646, 0.0 ], [ -90.166489, 42.067341, 0.0 ], [ -90.167741, 42.071492, 0.0 ], [ -90.168365, 42.075787, 0.0 ], [ -90.167563, 42.078324, 0.0 ], [ -90.166519, 42.080576, 0.0 ], [ -90.165737, 42.081759, 0.0 ], [ -90.163412, 42.087621, 0.0 ], [ -90.162622, 42.091003, 0.0 ], [ -90.162408, 42.094193, 0.0 ], [ -90.161786, 42.096844, 0.0 ], [ -90.161511, 42.09892, 0.0 ], [ -90.161127, 42.104412, 0.0 ], [ -90.161167, 42.10638, 0.0 ], [ -90.161359, 42.110178, 0.0 ], [ -90.161891, 42.113788, 0.0 ], [ -90.162902, 42.116726, 0.0 ], [ -90.163999, 42.118311, 0.0 ], [ -90.16754, 42.122483, 0.0 ], [ -90.170417, 42.125029, 0.0 ], [ -90.170977, 42.125206, 0.0 ], [ -90.184717, 42.125206, 0.0 ], [ -90.187481, 42.125431, 0.0 ], [ -90.190459, 42.125787, 0.0 ], [ -90.197349, 42.128171, 0.0 ], [ -90.201411, 42.130945, 0.0 ], [ -90.204152, 42.137003, 0.0 ], [ -90.205367, 42.139087, 0.0 ], [ -90.206376, 42.145508, 0.0 ], [ -90.207428, 42.149117, 0.0 ], [ -90.208267, 42.150998, 0.0 ], [ -90.209486, 42.152688, 0.0 ], [ -90.211335, 42.154018, 0.0 ], [ -90.216114, 42.156738, 0.0 ], [ -90.224251, 42.160036, 0.0 ], [ -90.234926, 42.165439, 0.0 ], [ -90.250136, 42.171477, 0.0 ], [ -90.255463, 42.171829, 0.0 ], [ -90.262352, 42.173459, 0.0 ], [ -90.269087, 42.174508, 0.0 ], [ -90.28218, 42.178854, 0.0 ], [ -90.298449, 42.187584, 0.0 ], [ -90.306538, 42.190447, 0.0 ], [ -90.314472, 42.192545, 0.0 ], [ -90.317781, 42.193797, 0.0 ], [ -90.32828, 42.201055, 0.0 ], [ -90.332184, 42.20224, 0.0 ], [ -90.338176, 42.203329, 0.0 ], [ -90.349169, 42.204285, 0.0 ], [ -90.356971, 42.205453, 0.0 ], [ -90.365145, 42.210534, 0.0 ], [ -90.375136, 42.214819, 0.0 ], [ -90.382258, 42.219654, 0.0 ], [ -90.386788, 42.222975, 0.0 ], [ -90.391115, 42.225481, 0.0 ], [ -90.393158, 42.227194, 0.0 ], [ -90.394756, 42.229067, 0.0 ], [ -90.39589, 42.233141, 0.0 ], [ -90.40066, 42.239301, 0.0 ], [ -90.410478, 42.247757, 0.0 ], [ -90.413649, 42.250024, 0.0 ], [ -90.416322, 42.251687, 0.0 ], [ -90.418281, 42.253223, 0.0 ], [ -90.419333, 42.254475, 0.0 ], [ -90.420987, 42.25729, 0.0 ], [ -90.422188, 42.259907, 0.0 ], [ -90.422739, 42.261324, 0.0 ], [ -90.423249, 42.264419, 0.0 ], [ -90.424105, 42.266372, 0.0 ], [ -90.430891, 42.278238, 0.0 ], [ -90.431046, 42.28246, 0.0 ], [ -90.430742, 42.284219, 0.0 ], [ -90.430225, 42.284601, 0.0 ], [ -90.426916, 42.290727, 0.0 ], [ -90.424333, 42.293334, 0.0 ], [ -90.424264, 42.294584, 0.0 ], [ -90.422682, 42.298812, 0.0 ], [ -90.421683, 42.302514, 0.0 ], [ -90.419885, 42.306611, 0.0 ], [ -90.418922, 42.308336, 0.0 ], [ -90.419015, 42.309225, 0.0 ], [ -90.420307, 42.311698, 0.0 ], [ -90.421189, 42.315263, 0.0 ], [ -90.421054, 42.316117, 0.0 ], [ -90.42076, 42.316808, 0.0 ], [ -90.420082, 42.317689, 0.0 ], [ -90.417132, 42.319951, 0.0 ], [ -90.416633, 42.320584, 0.0 ], [ -90.416207, 42.321322, 0.0 ], [ -90.415944, 42.322707, 0.0 ], [ -90.416542, 42.325117, 0.0 ], [ -90.419034, 42.328513, 0.0 ], [ -90.421357, 42.33048, 0.0 ], [ -90.42537, 42.332623, 0.0 ], [ -90.430553, 42.336868, 0.0 ], [ -90.433956, 42.341709, 0.0 ], [ -90.438958, 42.347718, 0.0 ], [ -90.442487, 42.353519, 0.0 ], [ -90.443881, 42.355226, 0.0 ], [ -90.445174, 42.356449, 0.0 ], [ -90.446327, 42.357049, 0.0 ], [ -90.450843, 42.358535, 0.0 ], [ -90.452731, 42.359311, 0.0 ], [ -90.454653, 42.36066, 0.0 ], [ -90.456305, 42.362556, 0.0 ], [ -90.462626, 42.367261, 0.0 ], [ -90.464795, 42.36946, 0.0 ], [ -90.465886, 42.371155, 0.0 ], [ -90.467757, 42.374889, 0.0 ], [ -90.47028, 42.378363, 0.0 ], [ -90.474128, 42.381737, 0.0 ], [ -90.477286, 42.383802, 0.0 ], [ -90.477948, 42.384159, 0.0 ], [ -90.480155, 42.384624, 0.0 ], [ -90.484628, 42.384538, 0.0 ], [ -90.485705, 42.38467, 0.0 ], [ -90.487161, 42.385149, 0.0 ], [ -90.490341, 42.387101, 0.0 ], [ -90.493649, 42.390004, 0.0 ], [ -90.495773, 42.392414, 0.0 ], [ -90.496816, 42.392957, 0.0 ], [ -90.500135, 42.395547, 0.0 ], [ -90.506836, 42.3988, 0.0 ], [ -90.513511, 42.401301, 0.0 ], [ -90.517523, 42.403027, 0.0 ], [ -90.541961, 42.411382, 0.0 ], [ -90.548075, 42.413123, 0.0 ], [ -90.552817, 42.414993, 0.0 ], [ -90.555025, 42.416146, 0.0 ], [ -90.556156, 42.417291, 0.0 ], [ -90.557557, 42.419266, 0.0 ], [ -90.558175, 42.420992, 0.0 ], [ -90.558333, 42.425412, 0.0 ], [ -90.558808, 42.428525, 0.0 ], [ -90.559458, 42.430703, 0.0 ], [ -90.560446, 42.432905, 0.0 ], [ -90.561848, 42.435042, 0.0 ], [ -90.565255, 42.43875, 0.0 ], [ -90.567975, 42.440397, 0.0 ], [ -90.570743, 42.441709, 0.0 ], [ -90.575111, 42.442893, 0.0 ], [ -90.582135, 42.444445, 0.0 ], [ -90.590423, 42.447501, 0.0 ], [ -90.597495, 42.449485, 0.0 ], [ -90.604023, 42.450813, 0.0 ], [ -90.606335, 42.451513, 0.0 ], [ -90.624335, 42.458912, 0.0 ], [ -90.64608, 42.471095, 0.0 ], [ -90.651127, 42.475197, 0.0 ], [ -90.654355, 42.479024, 0.0 ], [ -90.655147, 42.480271, 0.0 ], [ -90.656309, 42.483699, 0.0 ], [ -90.656717, 42.488843, 0.0 ], [ -90.656469, 42.49097, 0.0 ], [ -90.656053, 42.491714, 0.0 ], [ -90.652952, 42.495802, 0.0 ], [ -90.651033, 42.497713, 0.0 ], [ -90.649619, 42.500914, 0.0 ], [ -90.647872, 42.502471, 0.0 ], [ -90.645512, 42.505535, 0.0 ], [ -90.64285, 42.508489, 0.0 ], [ -90.639434, 42.508204, 0.0 ], [ -90.639034, 42.50831, 0.0 ], [ -90.629713, 42.50831, 0.0 ], [ -90.569523, 42.507653, 0.0 ], [ -90.561808, 42.507804, 0.0 ], [ -90.556436, 42.507769, 0.0 ], [ -90.555698, 42.507622, 0.0 ], [ -90.555172, 42.507866, 0.0 ], [ -90.544362, 42.507818, 0.0 ], [ -90.541381, 42.508194, 0.0 ], [ -90.535135, 42.507758, 0.0 ], [ -90.521772, 42.507592, 0.0 ], [ -90.515515, 42.507725, 0.0 ], [ -90.505707, 42.507507, 0.0 ], [ -90.504239, 42.507651, 0.0 ], [ -90.48754, 42.507623, 0.0 ], [ -90.479453, 42.507424, 0.0 ], [ -90.477651, 42.507217, 0.0 ], [ -90.475766, 42.507309, 0.0 ], [ -90.474962, 42.507492, 0.0 ], [ -90.40171, 42.506897, 0.0 ], [ -90.37068, 42.507119, 0.0 ], [ -90.36797, 42.507348, 0.0 ], [ -90.367732, 42.507185, 0.0 ], [ -90.366533, 42.507151, 0.0 ], [ -90.353581, 42.50712, 0.0 ], [ -90.299274, 42.507499, 0.0 ], [ -90.297055, 42.507697, 0.0 ], [ -90.286608, 42.507459, 0.0 ], [ -90.272739, 42.507558, 0.0 ], [ -90.269342, 42.507734, 0.0 ], [ -90.265301, 42.507468, 0.0 ], [ -90.253117, 42.507347, 0.0 ], [ -90.252386, 42.507575, 0.0 ], [ -90.243501, 42.507693, 0.0 ], [ -90.217943, 42.5078, 0.0 ], [ -90.216689, 42.507931, 0.0 ], [ -90.202913, 42.507816, 0.0 ], [ -90.20224, 42.507938, 0.0 ], [ -90.157413, 42.508333, 0.0 ], [ -90.142413, 42.508346, 0.0 ], [ -90.134, 42.508109, 0.0 ], [ -90.095241, 42.507894, 0.0 ], [ -90.094983, 42.5082, 0.0 ], [ -90.093204, 42.508303, 0.0 ], [ -90.084709, 42.50813, 0.0 ], [ -90.073677, 42.508283, 0.0 ], [ -90.031811, 42.50772, 0.0 ], [ -90.017035, 42.507135, 0.0 ], [ -89.985981, 42.506659, 0.0 ], [ -89.985366, 42.506529, 0.0 ], [ -89.955243, 42.505659, 0.0 ], [ -89.902102, 42.505826, 0.0 ], [ -89.833768, 42.505732, 0.0 ], [ -89.76849, 42.505339, 0.0 ], [ -89.742409, 42.505451, 0.0 ], [ -89.734183, 42.505261, 0.0 ], [ -89.669826, 42.505052, 0.0 ], [ -89.651091, 42.50472, 0.0 ], [ -89.650651, 42.504549, 0.0 ], [ -89.643872, 42.504636, 0.0 ], [ -89.62326, 42.504254, 0.0 ], [ -89.613326, 42.504024, 0.0 ], [ -89.606341, 42.503678, 0.0 ], [ -89.600118, 42.503787, 0.0 ], [ -89.599528, 42.50354, 0.0 ], [ -89.593735, 42.503562, 0.0 ], [ -89.579481, 42.503112, 0.0 ], [ -89.578272, 42.502933, 0.0 ], [ -89.576716, 42.503032, 0.0 ], [ -89.562868, 42.50259, 0.0 ], [ -89.529977, 42.502028, 0.0 ], [ -89.353586, 42.499961, 0.0 ], [ -89.29144, 42.498925, 0.0 ], [ -89.250765, 42.498002, 0.0 ], [ -89.250119, 42.498138, 0.0 ], [ -89.246978, 42.498138, 0.0 ], [ -89.224191, 42.497978, 0.0 ], [ -89.166753, 42.497255, 0.0 ], [ -89.126198, 42.497077, 0.0 ], [ -89.098918, 42.496635, 0.0 ], [ -89.098918, 42.496525, 0.0 ], [ -89.071152, 42.496214, 0.0 ], [ -88.991617, 42.496013, 0.0 ], [ -88.940394, 42.495053, 0.0 ], [ -88.940759, 42.413878, 0.0 ], [ -88.949629, 42.413881, 0.0 ], [ -88.9532, 42.413689, 0.0 ], [ -88.961628, 42.413582, 0.0 ], [ -88.962193, 42.412497, 0.0 ], [ -88.962218, 42.41091, 0.0 ], [ -88.962539, 42.410562, 0.0 ], [ -88.96123, 42.409545, 0.0 ], [ -88.960595, 42.409381, 0.0 ], [ -88.960579, 42.407014, 0.0 ], [ -88.962073, 42.407026, 0.0 ], [ -88.962888, 42.407392, 0.0 ], [ -88.963395, 42.40692, 0.0 ], [ -88.960577, 42.406816, 0.0 ], [ -88.960515, 42.396469, 0.0 ], [ -88.960623, 42.395946, 0.0 ], [ -88.961315, 42.395234, 0.0 ], [ -88.960511, 42.394449, 0.0 ], [ -88.960458, 42.391908, 0.0 ], [ -88.965378, 42.391862, 0.0 ], [ -88.96538, 42.391465, 0.0 ], [ -88.966954, 42.391461, 0.0 ], [ -88.967062, 42.389524, 0.0 ], [ -88.97435, 42.388844, 0.0 ], [ -88.966333, 42.370245, 0.0 ], [ -88.95617, 42.370301, 0.0 ], [ -88.953358, 42.370098, 0.0 ], [ -88.966227, 42.370008, 0.0 ], [ -88.965391, 42.367943, 0.0 ], [ -88.964617, 42.365223, 0.0 ], [ -88.964025, 42.361168, 0.0 ], [ -88.964167, 42.343643, 0.0 ], [ -88.968328, 42.342736, 0.0 ], [ -88.971869, 42.341334, 0.0 ], [ -88.973541, 42.34095, 0.0 ], [ -88.986722, 42.340717, 0.0 ], [ -88.996478, 42.339425, 0.0 ], [ -89.007316, 42.340403, 0.0 ], [ -89.025759, 42.340175, 0.0 ], [ -89.03075, 42.33988, 0.0 ], [ -89.046875, 42.339636, 0.0 ], [ -89.046679, 42.33437, 0.0 ], [ -89.046254, 42.334375, 0.0 ], [ -89.046174, 42.330705, 0.0 ], [ -89.059243, 42.330402, 0.0 ], [ -89.059374, 42.329457, 0.0 ], [ -89.059712, 42.328626, 0.0 ], [ -89.060786, 42.327338, 0.0 ], [ -89.061595, 42.326675, 0.0 ], [ -89.065189, 42.324888, 0.0 ], [ -89.071135, 42.324736, 0.0 ], [ -89.097058, 42.324684, 0.0 ], [ -89.096934, 42.315668, 0.0 ], [ -89.13158, 42.315293, 0.0 ], [ -89.133394, 42.314979, 0.0 ], [ -89.135094, 42.314096, 0.0 ], [ -89.155286, 42.324409, 0.0 ], [ -89.168288, 42.324313, 0.0 ], [ -89.173935, 42.324432, 0.0 ], [ -89.173577, 42.280412, 0.0 ], [ -89.173427, 42.279417, 0.0 ], [ -89.172918, 42.279389, 0.0 ], [ -89.173605, 42.271103, 0.0 ], [ -89.173612, 42.266266, 0.0 ], [ -89.170451, 42.265857, 0.0 ], [ -89.164505, 42.265717, 0.0 ], [ -89.160458, 42.265011, 0.0 ], [ -89.157493, 42.264062, 0.0 ], [ -89.155223, 42.263036, 0.0 ], [ -89.153109, 42.261779, 0.0 ], [ -89.151247, 42.260356, 0.0 ], [ -89.149897, 42.259038, 0.0 ], [ -89.148547, 42.257354, 0.0 ], [ -89.155165, 42.25695, 0.0 ], [ -89.155154, 42.244505, 0.0 ], [ -89.144629, 42.244589, 0.0 ], [ -89.143765, 42.243621, 0.0 ], [ -89.142728, 42.244147, 0.0 ], [ -89.140335, 42.242812, 0.0 ], [ -89.138958, 42.241171, 0.0 ], [ -89.134957, 42.234392, 0.0 ], [ -89.134998, 42.233932, 0.0 ], [ -89.134747, 42.234013, 0.0 ], [ -89.133666, 42.231989, 0.0 ], [ -89.132834, 42.230834, 0.0 ], [ -89.131064, 42.228906, 0.0 ], [ -89.125832, 42.22462, 0.0 ], [ -89.138122, 42.211469, 0.0 ], [ -89.138922, 42.210354, 0.0 ], [ -89.139848, 42.208504, 0.0 ], [ -89.173009, 42.208406, 0.0 ], [ -89.173006, 42.204249, 0.0 ] ] ] } },
{ "type": "Feature", "properties": { "OID_": 0, "DISTRICT": "46", "STA": "IL", "ST": "17", "LABEL": "46", "DIST_NAME": "State Senate District 46", "TYPE": "State Legislature - Upper Chamber", "TYPE_ABB": "Leg_Upper", "ELECT_YEAR": "Enacted" }, "geometry": { "type": "Polygon", "coordinates": [ [ [ -89.006011, 40.458933, 0.0 ], [ -89.027511, 40.458746, 0.0 ], [ -89.030522, 40.464362, 0.0 ], [ -89.031166, 40.466307, 0.0 ], [ -89.031374, 40.467809, 0.0 ], [ -89.031203, 40.470027, 0.0 ], [ -89.028776, 40.480223, 0.0 ], [ -89.028667, 40.484883, 0.0 ], [ -89.040595, 40.486809, 0.0 ], [ -89.044869, 40.487356, 0.0 ], [ -89.050102, 40.487622, 0.0 ], [ -89.05899, 40.487678, 0.0 ], [ -89.059918, 40.520205, 0.0 ], [ -89.060279, 40.524234, 0.0 ], [ -89.06046, 40.530607, 0.0 ], [ -89.059642, 40.530549, 0.0 ], [ -89.058496, 40.5292, 0.0 ], [ -89.058499, 40.529309, 0.0 ], [ -89.05955, 40.530547, 0.0 ], [ -89.060163, 40.53184, 0.0 ], [ -89.061827, 40.531833, 0.0 ], [ -89.071916, 40.540141, 0.0 ], [ -89.041916, 40.539122, 0.0 ], [ -89.041925, 40.539363, 0.0 ], [ -89.073016, 40.540426, 0.0 ], [ -89.076264, 40.540911, 0.0 ], [ -89.079131, 40.541921, 0.0 ], [ -89.102132, 40.55479, 0.0 ], [ -89.105562, 40.556963, 0.0 ], [ -89.140713, 40.581534, 0.0 ], [ -89.142546, 40.583127, 0.0 ], [ -89.147407, 40.58822, 0.0 ], [ -89.149351, 40.589949, 0.0 ], [ -89.164664, 40.59953, 0.0 ], [ -89.16466, 40.599905, 0.0 ], [ -89.179104, 40.606252, 0.0 ], [ -89.18333, 40.607948, 0.0 ], [ -89.188786, 40.61052, 0.0 ], [ -89.1888, 40.60899, 0.0 ], [ -89.192907, 40.609665, 0.0 ], [ -89.197798, 40.610054, 0.0 ], [ -89.223979, 40.609834, 0.0 ], [ -89.226916, 40.609925, 0.0 ], [ -89.231167, 40.610327, 0.0 ], [ -89.236932, 40.611392, 0.0 ], [ -89.248298, 40.614365, 0.0 ], [ -89.272051, 40.622003, 0.0 ], [ -89.27397, 40.622467, 0.0 ], [ -89.276253, 40.622742, 0.0 ], [ -89.302111, 40.621767, 0.0 ], [ -89.337471, 40.622811, 0.0 ], [ -89.38965, 40.622257, 0.0 ], [ -89.403374, 40.622088, 0.0 ], [ -89.440995, 40.620866, 0.0 ], [ -89.445408, 40.621036, 0.0 ], [ -89.44577, 40.621701, 0.0 ], [ -89.445062, 40.622246, 0.0 ], [ -89.445185, 40.622333, 0.0 ], [ -89.446761, 40.621103, 0.0 ], [ -89.45049, 40.621298, 0.0 ], [ -89.450302, 40.622186, 0.0 ], [ -89.450455, 40.638416, 0.0 ], [ -89.450293, 40.641164, 0.0 ], [ -89.450405, 40.641878, 0.0 ], [ -89.452168, 40.643485, 0.0 ], [ -89.453816, 40.644487, 0.0 ], [ -89.45916, 40.646875, 0.0 ], [ -89.462445, 40.649089, 0.0 ], [ -89.467692, 40.650673, 0.0 ], [ -89.469127, 40.650892, 0.0 ], [ -89.470328, 40.650828, 0.0 ], [ -89.474464, 40.649638, 0.0 ], [ -89.476977, 40.64937, 0.0 ], [ -89.47999, 40.649616, 0.0 ], [ -89.483411, 40.650488, 0.0 ], [ -89.485087, 40.651202, 0.0 ], [ -89.486924, 40.652399, 0.0 ], [ -89.487889, 40.653333, 0.0 ], [ -89.489405, 40.655219, 0.0 ], [ -89.491119, 40.656403, 0.0 ], [ -89.492477, 40.656928, 0.0 ], [ -89.497916, 40.65828, 0.0 ], [ -89.499577, 40.658988, 0.0 ], [ -89.501404, 40.660226, 0.0 ], [ -89.514829, 40.660065, 0.0 ], [ -89.53438, 40.660172, 0.0 ], [ -89.540271, 40.659771, 0.0 ], [ -89.549626, 40.659915, 0.0 ], [ -89.554057, 40.659697, 0.0 ], [ -89.556603, 40.659945, 0.0 ], [ -89.557173, 40.660164, 0.0 ], [ -89.563892, 40.660504, 0.0 ], [ -89.589233, 40.660595, 0.0 ], [ -89.593305, 40.658345, 0.0 ], [ -89.597139, 40.656581, 0.0 ], [ -89.597781, 40.655731, 0.0 ], [ -89.597821, 40.654874, 0.0 ], [ -89.598709, 40.655815, 0.0 ], [ -89.604113, 40.652942, 0.0 ], [ -89.605106, 40.652099, 0.0 ], [ -89.605761, 40.651917, 0.0 ], [ -89.60739, 40.650984, 0.0 ], [ -89.608086, 40.650722, 0.0 ], [ -89.608096, 40.651338, 0.0 ], [ -89.621391, 40.634238, 0.0 ], [ -89.622445, 40.635132, 0.0 ], [ -89.624194, 40.634087, 0.0 ], [ -89.626411, 40.632081, 0.0 ], [ -89.628748, 40.628697, 0.0 ], [ -89.635924, 40.623136, 0.0 ], [ -89.637215, 40.623346, 0.0 ], [ -89.642807, 40.623446, 0.0 ], [ -89.680469, 40.623487, 0.0 ], [ -89.717404, 40.623933, 0.0 ], [ -89.717474, 40.632135, 0.0 ], [ -89.718261, 40.632144, 0.0 ], [ -89.718269, 40.635059, 0.0 ], [ -89.718427, 40.635917, 0.0 ], [ -89.718957, 40.637034, 0.0 ], [ -89.719734, 40.637962, 0.0 ], [ -89.718549, 40.6384, 0.0 ], [ -89.713476, 40.638303, 0.0 ], [ -89.713467, 40.643777, 0.0 ], [ -89.71372, 40.643992, 0.0 ], [ -89.713508, 40.645539, 0.0 ], [ -89.704692, 40.645336, 0.0 ], [ -89.705114, 40.652174, 0.0 ], [ -89.699034, 40.652413, 0.0 ], [ -89.699323, 40.656648, 0.0 ], [ -89.701008, 40.656704, 0.0 ], [ -89.700837, 40.657471, 0.0 ], [ -89.701819, 40.657444, 0.0 ], [ -89.701949, 40.656865, 0.0 ], [ -89.703052, 40.656808, 0.0 ], [ -89.703072, 40.657328, 0.0 ], [ -89.702398, 40.660921, 0.0 ], [ -89.699488, 40.665366, 0.0 ], [ -89.699509, 40.667017, 0.0 ], [ -89.703971, 40.66702, 0.0 ], [ -89.703951, 40.674242, 0.0 ], [ -89.697897, 40.674047, 0.0 ], [ -89.68573, 40.674211, 0.0 ], [ -89.684898, 40.67404, 0.0 ], [ -89.684172, 40.673621, 0.0 ], [ -89.68343, 40.673969, 0.0 ], [ -89.6819, 40.674249, 0.0 ], [ -89.675556, 40.674097, 0.0 ], [ -89.67566, 40.68045, 0.0 ], [ -89.675442, 40.680433, 0.0 ], [ -89.675619, 40.684474, 0.0 ], [ -89.670818, 40.684478, 0.0 ], [ -89.670393, 40.684288, 0.0 ], [ -89.670284, 40.683466, 0.0 ], [ -89.668603, 40.683416, 0.0 ], [ -89.668391, 40.682346, 0.0 ], [ -89.668061, 40.682027, 0.0 ], [ -89.667271, 40.681697, 0.0 ], [ -89.667278, 40.68125, 0.0 ], [ -89.665892, 40.681197, 0.0 ], [ -89.665917, 40.679329, 0.0 ], [ -89.665314, 40.679203, 0.0 ], [ -89.66382, 40.67914, 0.0 ], [ -89.662402, 40.679407, 0.0 ], [ -89.661238, 40.679873, 0.0 ], [ -89.661248, 40.681174, 0.0 ], [ -89.659435, 40.680876, 0.0 ], [ -89.659143, 40.680918, 0.0 ], [ -89.659294, 40.68129, 0.0 ], [ -89.658774, 40.681244, 0.0 ], [ -89.658784, 40.681442, 0.0 ], [ -89.658, 40.681495, 0.0 ], [ -89.657373, 40.68199, 0.0 ], [ -89.658481, 40.682829, 0.0 ], [ -89.658083, 40.682834, 0.0 ], [ -89.658258, 40.683137, 0.0 ], [ -89.655589, 40.683175, 0.0 ], [ -89.655145, 40.685425, 0.0 ], [ -89.654998, 40.68724, 0.0 ], [ -89.654602, 40.687966, 0.0 ], [ -89.654006, 40.688496, 0.0 ], [ -89.661188, 40.688354, 0.0 ], [ -89.661054, 40.695803, 0.0 ], [ -89.661084, 40.697329, 0.0 ], [ -89.661327, 40.697616, 0.0 ], [ -89.659957, 40.698166, 0.0 ], [ -89.6575, 40.699954, 0.0 ], [ -89.654466, 40.700991, 0.0 ], [ -89.654846, 40.702474, 0.0 ], [ -89.656622, 40.705837, 0.0 ], [ -89.656762, 40.707113, 0.0 ], [ -89.657389, 40.709041, 0.0 ], [ -89.657493, 40.710945, 0.0 ], [ -89.653505, 40.710745, 0.0 ], [ -89.648574, 40.710731, 0.0 ], [ -89.646315, 40.710896, 0.0 ], [ -89.641848, 40.710696, 0.0 ], [ -89.641753, 40.718078, 0.0 ], [ -89.651419, 40.717966, 0.0 ], [ -89.651388, 40.728812, 0.0 ], [ -89.656274, 40.728747, 0.0 ], [ -89.656237, 40.730465, 0.0 ], [ -89.65581, 40.731428, 0.0 ], [ -89.655374, 40.731522, 0.0 ], [ -89.655369, 40.731723, 0.0 ], [ -89.655801, 40.731796, 0.0 ], [ -89.655384, 40.734654, 0.0 ], [ -89.654631, 40.736774, 0.0 ], [ -89.65456, 40.737954, 0.0 ], [ -89.650378, 40.738124, 0.0 ], [ -89.65024, 40.740107, 0.0 ], [ -89.653596, 40.740799, 0.0 ], [ -89.65304, 40.74224, 0.0 ], [ -89.652353, 40.743397, 0.0 ], [ -89.650629, 40.743551, 0.0 ], [ -89.64997, 40.744878, 0.0 ], [ -89.650259, 40.747281, 0.0 ], [ -89.650524, 40.747047, 0.0 ], [ -89.650946, 40.747017, 0.0 ], [ -89.650943, 40.747123, 0.0 ], [ -89.649338, 40.748517, 0.0 ], [ -89.650838, 40.750015, 0.0 ], [ -89.650843, 40.749897, 0.0 ], [ -89.651527, 40.750221, 0.0 ], [ -89.65078, 40.751626, 0.0 ], [ -89.650721, 40.753291, 0.0 ], [ -89.651512, 40.753397, 0.0 ], [ -89.652184, 40.753843, 0.0 ], [ -89.652468, 40.754264, 0.0 ], [ -89.653115, 40.754262, 0.0 ], [ -89.653112, 40.753598, 0.0 ], [ -89.65376, 40.753595, 0.0 ], [ -89.65406, 40.753606, 0.0 ], [ -89.654036, 40.754337, 0.0 ], [ -89.660189, 40.754227, 0.0 ], [ -89.660188, 40.754339, 0.0 ], [ -89.67139, 40.754507, 0.0 ], [ -89.67146, 40.752685, 0.0 ], [ -89.671, 40.750726, 0.0 ], [ -89.670492, 40.749695, 0.0 ], [ -89.668618, 40.74721, 0.0 ], [ -89.667789, 40.745385, 0.0 ], [ -89.66758, 40.744052, 0.0 ], [ -89.667751, 40.742415, 0.0 ], [ -89.674816, 40.744416, 0.0 ], [ -89.674779, 40.754574, 0.0 ], [ -89.683084, 40.754763, 0.0 ], [ -89.684083, 40.75494, 0.0 ], [ -89.686482, 40.755779, 0.0 ], [ -89.688678, 40.755901, 0.0 ], [ -89.68858, 40.75845, 0.0 ], [ -89.683147, 40.758803, 0.0 ], [ -89.682561, 40.758952, 0.0 ], [ -89.680483, 40.76, 0.0 ], [ -89.679475, 40.760264, 0.0 ], [ -89.679447, 40.761909, 0.0 ], [ -89.680388, 40.761948, 0.0 ], [ -89.679411, 40.762014, 0.0 ], [ -89.679354, 40.768929, 0.0 ], [ -89.679804, 40.769294, 0.0 ], [ -89.674662, 40.769295, 0.0 ], [ -89.674666, 40.769031, 0.0 ], [ -89.670232, 40.768951, 0.0 ], [ -89.670807, 40.761817, 0.0 ], [ -89.670443, 40.761996, 0.0 ], [ -89.669403, 40.774829, 0.0 ], [ -89.665169, 40.773596, 0.0 ], [ -89.665012, 40.773728, 0.0 ], [ -89.664408, 40.773548, 0.0 ], [ -89.664416, 40.774839, 0.0 ], [ -89.664527, 40.774824, 0.0 ], [ -89.66461, 40.774165, 0.0 ], [ -89.665607, 40.774173, 0.0 ], [ -89.665608, 40.774841, 0.0 ], [ -89.665084, 40.774835, 0.0 ], [ -89.665087, 40.776362, 0.0 ], [ -89.668622, 40.776384, 0.0 ], [ -89.668602, 40.779031, 0.0 ], [ -89.666235, 40.783372, 0.0 ], [ -89.669663, 40.783442, 0.0 ], [ -89.669465, 40.798164, 0.0 ], [ -89.664683, 40.798069, 0.0 ], [ -89.664544, 40.804445, 0.0 ], [ -89.666221, 40.804457, 0.0 ], [ -89.6662, 40.805485, 0.0 ], [ -89.669382, 40.805484, 0.0 ], [ -89.669313, 40.812836, 0.0 ], [ -89.641483, 40.812661, 0.0 ], [ -89.641282, 40.813394, 0.0 ], [ -89.639829, 40.81363, 0.0 ], [ -89.63992, 40.821133, 0.0 ], [ -89.637094, 40.821081, 0.0 ], [ -89.633162, 40.820499, 0.0 ], [ -89.630897, 40.820491, 0.0 ], [ -89.631144, 40.776313, 0.0 ], [ -89.626877, 40.776259, 0.0 ], [ -89.6249, 40.776415, 0.0 ], [ -89.621286, 40.776206, 0.0 ], [ -89.621549, 40.777207, 0.0 ], [ -89.621541, 40.779813, 0.0 ], [ -89.613873, 40.779791, 0.0 ], [ -89.613875, 40.779286, 0.0 ], [ -89.611816, 40.778837, 0.0 ], [ -89.611003, 40.775545, 0.0 ], [ -89.614614, 40.774166, 0.0 ], [ -89.616493, 40.772153, 0.0 ], [ -89.615705, 40.771187, 0.0 ], [ -89.614573, 40.768813, 0.0 ], [ -89.603246, 40.768621, 0.0 ], [ -89.602624, 40.768393, 0.0 ], [ -89.601912, 40.768579, 0.0 ], [ -89.602324, 40.76987, 0.0 ], [ -89.60246, 40.770882, 0.0 ], [ -89.602472, 40.775416, 0.0 ], [ -89.601133, 40.775364, 0.0 ], [ -89.601449, 40.776021, 0.0 ], [ -89.587772, 40.775366, 0.0 ], [ -89.582858, 40.775305, 0.0 ], [ -89.582922, 40.760723, 0.0 ], [ -89.576591, 40.760667, 0.0 ], [ -89.576621, 40.759512, 0.0 ], [ -89.574757, 40.759484, 0.0 ], [ -89.574755, 40.757892, 0.0 ], [ -89.573967, 40.757873, 0.0 ], [ -89.572366, 40.757861, 0.0 ], [ -89.572372, 40.760609, 0.0 ], [ -89.569036, 40.760569, 0.0 ], [ -89.56905, 40.759681, 0.0 ], [ -89.567781, 40.759657, 0.0 ], [ -89.567442, 40.758189, 0.0 ], [ -89.566478, 40.758313, 0.0 ], [ -89.566338, 40.757671, 0.0 ], [ -89.565467, 40.757769, 0.0 ], [ -89.565514, 40.758011, 0.0 ], [ -89.564839, 40.758092, 0.0 ], [ -89.564294, 40.75725, 0.0 ], [ -89.564179, 40.757355, 0.0 ], [ -89.562973, 40.755335, 0.0 ], [ -89.562436, 40.755466, 0.0 ], [ -89.561531, 40.754032, 0.0 ], [ -89.56168, 40.753977, 0.0 ], [ -89.55498, 40.743363, 0.0 ], [ -89.552884, 40.738885, 0.0 ], [ -89.552196, 40.738816, 0.0 ], [ -89.552848, 40.739912, 0.0 ], [ -89.55316, 40.740168, 0.0 ], [ -89.553549, 40.741002, 0.0 ], [ -89.553299, 40.741384, 0.0 ], [ -89.553619, 40.741877, 0.0 ], [ -89.553258, 40.741877, 0.0 ], [ -89.553147, 40.741495, 0.0 ], [ -89.552931, 40.741745, 0.0 ], [ -89.553279, 40.743377, 0.0 ], [ -89.553535, 40.743648, 0.0 ], [ -89.553383, 40.742689, 0.0 ], [ -89.553577, 40.742599, 0.0 ], [ -89.553945, 40.742821, 0.0 ], [ -89.554133, 40.743523, 0.0 ], [ -89.554383, 40.743807, 0.0 ], [ -89.554181, 40.744064, 0.0 ], [ -89.55373, 40.743814, 0.0 ], [ -89.553633, 40.743912, 0.0 ], [ -89.555362, 40.744877, 0.0 ], [ -89.555501, 40.745162, 0.0 ], [ -89.555295, 40.745381, 0.0 ], [ -89.555591, 40.745356, 0.0 ], [ -89.555737, 40.745634, 0.0 ], [ -89.555299, 40.745995, 0.0 ], [ -89.555931, 40.745849, 0.0 ], [ -89.556466, 40.746717, 0.0 ], [ -89.556445, 40.746891, 0.0 ], [ -89.556119, 40.746995, 0.0 ], [ -89.555515, 40.746231, 0.0 ], [ -89.555348, 40.746245, 0.0 ], [ -89.555272, 40.746418, 0.0 ], [ -89.555917, 40.747141, 0.0 ], [ -89.554967, 40.747579, 0.0 ], [ -89.5506, 40.738745, 0.0 ], [ -89.549603, 40.735388, 0.0 ], [ -89.549703, 40.729788, 0.0 ], [ -89.549253, 40.728313, 0.0 ], [ -89.547682, 40.725207, 0.0 ], [ -89.546503, 40.720251, 0.0 ], [ -89.534101, 40.716246, 0.0 ], [ -89.529372, 40.715117, 0.0 ], [ -89.525016, 40.714862, 0.0 ], [ -89.507687, 40.715086, 0.0 ], [ -89.507625, 40.703877, 0.0 ], [ -89.519662, 40.703811, 0.0 ], [ -89.520721, 40.70394, 0.0 ], [ -89.521562, 40.70428, 0.0 ], [ -89.521853, 40.703799, 0.0 ], [ -89.521833, 40.701455, 0.0 ], [ -89.522011, 40.700987, 0.0 ], [ -89.521811, 40.70072, 0.0 ], [ -89.521789, 40.698712, 0.0 ], [ -89.517764, 40.698754, 0.0 ], [ -89.517722, 40.697468, 0.0 ], [ -89.512868, 40.697718, 0.0 ], [ -89.512964, 40.697027, 0.0 ], [ -89.513517, 40.696606, 0.0 ], [ -89.502842, 40.696645, 0.0 ], [ -89.502826, 40.689565, 0.0 ], [ -89.501647, 40.690138, 0.0 ], [ -89.500323, 40.690481, 0.0 ], [ -89.486989, 40.6924, 0.0 ], [ -89.474081, 40.694925, 0.0 ], [ -89.47398, 40.690472, 0.0 ], [ -89.47408, 40.689801, 0.0 ], [ -89.469423, 40.68978, 0.0 ], [ -89.469429, 40.689244, 0.0 ], [ -89.469231, 40.68923, 0.0 ], [ -89.469199, 40.687024, 0.0 ], [ -89.468465, 40.687079, 0.0 ], [ -89.466481, 40.686748, 0.0 ], [ -89.46262, 40.685368, 0.0 ], [ -89.460914, 40.685121, 0.0 ], [ -89.459506, 40.685124, 0.0 ], [ -89.438662, 40.68692, 0.0 ], [ -89.43574, 40.687813, 0.0 ], [ -89.432493, 40.689752, 0.0 ], [ -89.431258, 40.689744, 0.0 ], [ -89.431262, 40.690144, 0.0 ], [ -89.431609, 40.690147, 0.0 ], [ -89.430797, 40.69068, 0.0 ], [ -89.430819, 40.690832, 0.0 ], [ -89.420663, 40.69759, 0.0 ], [ -89.420502, 40.697694, 0.0 ], [ -89.420498, 40.697522, 0.0 ], [ -89.411493, 40.70334, 0.0 ], [ -89.397359, 40.703593, 0.0 ], [ -89.393942, 40.704491, 0.0 ], [ -89.386737, 40.704213, 0.0 ], [ -89.369012, 40.704214, 0.0 ], [ -89.316258, 40.704587, 0.0 ], [ -89.314567, 40.704766, 0.0 ], [ -89.313879, 40.704606, 0.0 ], [ -89.293403, 40.704792, 0.0 ], [ -89.292269, 40.704816, 0.0 ], [ -89.292269, 40.705261, 0.0 ], [ -89.291726, 40.705513, 0.0 ], [ -89.291608, 40.704416, 0.0 ], [ -89.292267, 40.704414, 0.0 ], [ -89.29225, 40.701448, 0.0 ], [ -89.291516, 40.701448, 0.0 ], [ -89.291516, 40.701643, 0.0 ], [ -89.283947, 40.701658, 0.0 ], [ -89.283897, 40.697538, 0.0 ], [ -89.272449, 40.697514, 0.0 ], [ -89.272474, 40.69846, 0.0 ], [ -89.269479, 40.698506, 0.0 ], [ -89.269502, 40.699302, 0.0 ], [ -89.267567, 40.699333, 0.0 ], [ -89.267666, 40.70493, 0.0 ], [ -89.264928, 40.70495, 0.0 ], [ -89.264946, 40.705744, 0.0 ], [ -89.263878, 40.705745, 0.0 ], [ -89.263911, 40.707536, 0.0 ], [ -89.260394, 40.707586, 0.0 ], [ -89.260458, 40.711612, 0.0 ], [ -89.259232, 40.711616, 0.0 ], [ -89.259249, 40.713246, 0.0 ], [ -89.258816, 40.713359, 0.0 ], [ -89.258855, 40.716416, 0.0 ], [ -89.263019, 40.716431, 0.0 ], [ -89.263053, 40.719529, 0.0 ], [ -89.262018, 40.719537, 0.0 ], [ -89.262024, 40.720028, 0.0 ], [ -89.263085, 40.72002, 0.0 ], [ -89.263154, 40.722861, 0.0 ], [ -89.262789, 40.723322, 0.0 ], [ -89.261315, 40.72426, 0.0 ], [ -89.259715, 40.724867, 0.0 ], [ -89.258594, 40.725112, 0.0 ], [ -89.17566, 40.735601, 0.0 ], [ -89.159889, 40.735672, 0.0 ], [ -89.158528, 40.735546, 0.0 ], [ -89.155357, 40.73491, 0.0 ], [ -89.14895, 40.734917, 0.0 ], [ -89.119955, 40.735449, 0.0 ], [ -89.087847, 40.735792, 0.0 ], [ -89.0346, 40.736872, 0.0 ], [ -89.034108, 40.716521, 0.0 ], [ -89.033763, 40.715348, 0.0 ], [ -89.032919, 40.713836, 0.0 ], [ -89.030465, 40.710918, 0.0 ], [ -89.030001, 40.709965, 0.0 ], [ -89.029647, 40.708735, 0.0 ], [ -89.028961, 40.681974, 0.0 ], [ -89.028693, 40.68039, 0.0 ], [ -89.028148, 40.679119, 0.0 ], [ -89.026978, 40.677526, 0.0 ], [ -89.025223, 40.676091, 0.0 ], [ -89.011777, 40.669697, 0.0 ], [ -89.008885, 40.667735, 0.0 ], [ -89.007426, 40.666306, 0.0 ], [ -89.005706, 40.663767, 0.0 ], [ -89.00498, 40.661382, 0.0 ], [ -89.004669, 40.650324, 0.0 ], [ -88.989789, 40.649759, 0.0 ], [ -88.989481, 40.636158, 0.0 ], [ -88.988772, 40.620465, 0.0 ], [ -88.987982, 40.612903, 0.0 ], [ -88.991167, 40.613259, 0.0 ], [ -88.993449, 40.61334, 0.0 ], [ -88.993251, 40.610879, 0.0 ], [ -88.994088, 40.610882, 0.0 ], [ -88.994018, 40.609401, 0.0 ], [ -88.993018, 40.60927, 0.0 ], [ -88.99317, 40.609013, 0.0 ], [ -88.993002, 40.606387, 0.0 ], [ -88.990795, 40.606548, 0.0 ], [ -88.990601, 40.600667, 0.0 ], [ -88.99049, 40.600548, 0.0 ], [ -88.98917, 40.600529, 0.0 ], [ -88.989332, 40.5992, 0.0 ], [ -88.990439, 40.598644, 0.0 ], [ -88.990743, 40.598184, 0.0 ], [ -88.990346, 40.593561, 0.0 ], [ -88.989986, 40.593162, 0.0 ], [ -88.989478, 40.593035, 0.0 ], [ -88.987524, 40.593049, 0.0 ], [ -88.987271, 40.592427, 0.0 ], [ -88.98667, 40.591824, 0.0 ], [ -88.984303, 40.590685, 0.0 ], [ -88.983944, 40.59028, 0.0 ], [ -88.983676, 40.589591, 0.0 ], [ -88.982903, 40.548877, 0.0 ], [ -88.982952, 40.547583, 0.0 ], [ -88.983657, 40.545406, 0.0 ], [ -88.983257, 40.531676, 0.0 ], [ -88.968042, 40.531976, 0.0 ], [ -88.96788, 40.52503, 0.0 ], [ -88.959927, 40.525105, 0.0 ], [ -88.958823, 40.52532, 0.0 ], [ -88.958, 40.525691, 0.0 ], [ -88.951641, 40.52981, 0.0 ], [ -88.953231, 40.512662, 0.0 ], [ -88.952743, 40.488131, 0.0 ], [ -88.959303, 40.488158, 0.0 ], [ -88.964017, 40.48837, 0.0 ], [ -88.964226, 40.482024, 0.0 ], [ -88.964492, 40.482016, 0.0 ], [ -88.963225, 40.481684, 0.0 ], [ -88.962799, 40.481414, 0.0 ], [ -88.962711, 40.481164, 0.0 ], [ -88.962799, 40.473849, 0.0 ], [ -88.962501, 40.461035, 0.0 ], [ -88.965518, 40.460183, 0.0 ], [ -88.968957, 40.459733, 0.0 ], [ -89.001541, 40.459018, 0.0 ], [ -89.004022, 40.45864, 0.0 ], [ -89.006002, 40.457945, 0.0 ], [ -89.006011, 40.458933, 0.0 ] ] ] } },
{ "type": "Feature", "properties": { "OID_": 0, "DISTRICT": "47", "STA": "IL", "ST": "17", "LABEL": "47", "DIST_NAME": "State Senate District 47", "TYPE": "State Legislature - Upper Chamber", "TYPE_ABB": "Leg_Upper", "ELECT_YEAR": "Enacted" }, "geometry": { "type": "Polygon", "coordinates": [ [ [ -89.882566, 39.901538, 0.0 ], [ -89.90901, 39.9018, 0.0 ], [ -89.929605, 39.901733, 0.0 ], [ -89.938261, 39.901903, 0.0 ], [ -89.994512, 39.901932, 0.0 ], [ -89.994813, 39.960081, 0.0 ], [ -89.994731, 39.976094, 0.0 ], [ -89.994983, 40.01819, 0.0 ], [ -89.994946, 40.039461, 0.0 ], [ -89.995047, 40.039609, 0.0 ], [ -89.99499, 40.046656, 0.0 ], [ -89.994712, 40.046655, 0.0 ], [ -89.994738, 40.058555, 0.0 ], [ -89.995086, 40.110853, 0.0 ], [ -89.9959, 40.112157, 0.0 ], [ -89.996708, 40.112721, 0.0 ], [ -89.997139, 40.112819, 0.0 ], [ -89.997595, 40.112781, 0.0 ], [ -89.997773, 40.112548, 0.0 ], [ -89.997827, 40.111128, 0.0 ], [ -89.998032, 40.11041, 0.0 ], [ -89.999759, 40.108098, 0.0 ], [ -89.99994, 40.106698, 0.0 ], [ -89.999668, 40.103898, 0.0 ], [ -89.999822, 40.103334, 0.0 ], [ -90.000123, 40.103042, 0.0 ], [ -90.000557, 40.102946, 0.0 ], [ -90.001367, 40.103161, 0.0 ], [ -90.001999, 40.103629, 0.0 ], [ -90.003031, 40.106391, 0.0 ], [ -90.002975, 40.108433, 0.0 ], [ -90.0031, 40.108939, 0.0 ], [ -90.003315, 40.109264, 0.0 ], [ -90.004391, 40.109271, 0.0 ], [ -90.004924, 40.109, 0.0 ], [ -90.006157, 40.10738, 0.0 ], [ -90.006272, 40.106649, 0.0 ], [ -90.00587, 40.10519, 0.0 ], [ -90.005871, 40.104509, 0.0 ], [ -90.006126, 40.103887, 0.0 ], [ -90.006633, 40.103557, 0.0 ], [ -90.008027, 40.103345, 0.0 ], [ -90.009975, 40.103931, 0.0 ], [ -90.010558, 40.103893, 0.0 ], [ -90.01109, 40.103641, 0.0 ], [ -90.011444, 40.102913, 0.0 ], [ -90.011297, 40.101755, 0.0 ], [ -90.011729, 40.101017, 0.0 ], [ -90.012185, 40.100842, 0.0 ], [ -90.012869, 40.100843, 0.0 ], [ -90.013451, 40.101233, 0.0 ], [ -90.013751, 40.102692, 0.0 ], [ -90.014257, 40.103159, 0.0 ], [ -90.015219, 40.103024, 0.0 ], [ -90.016082, 40.10215, 0.0 ], [ -90.017222, 40.101919, 0.0 ], [ -90.017703, 40.102114, 0.0 ], [ -90.018258, 40.102989, 0.0 ], [ -90.018612, 40.103243, 0.0 ], [ -90.020789, 40.103596, 0.0 ], [ -90.021017, 40.103751, 0.0 ], [ -90.020965, 40.104179, 0.0 ], [ -90.019869, 40.104629, 0.0 ], [ -90.019495, 40.104994, 0.0 ], [ -90.01957, 40.105461, 0.0 ], [ -90.019848, 40.105597, 0.0 ], [ -90.020709, 40.105559, 0.0 ], [ -90.02185, 40.105094, 0.0 ], [ -90.023573, 40.104727, 0.0 ], [ -90.024484, 40.104806, 0.0 ], [ -90.026939, 40.105508, 0.0 ], [ -90.030789, 40.105299, 0.0 ], [ -90.031877, 40.105495, 0.0 ], [ -90.032181, 40.105768, 0.0 ], [ -90.032255, 40.106468, 0.0 ], [ -90.030959, 40.108722, 0.0 ], [ -90.030806, 40.10948, 0.0 ], [ -90.031006, 40.11055, 0.0 ], [ -90.031665, 40.110745, 0.0 ], [ -90.032171, 40.110532, 0.0 ], [ -90.032832, 40.109619, 0.0 ], [ -90.035037, 40.108221, 0.0 ], [ -90.036867, 40.104937, 0.0 ], [ -90.037402, 40.10342, 0.0 ], [ -90.037656, 40.10309, 0.0 ], [ -90.038315, 40.102663, 0.0 ], [ -90.039201, 40.102567, 0.0 ], [ -90.039682, 40.102859, 0.0 ], [ -90.038816, 40.105523, 0.0 ], [ -90.038866, 40.106087, 0.0 ], [ -90.03932, 40.107312, 0.0 ], [ -90.04028, 40.108597, 0.0 ], [ -90.041013, 40.109045, 0.0 ], [ -90.042101, 40.109162, 0.0 ], [ -90.043444, 40.108813, 0.0 ], [ -90.044687, 40.108121, 0.0 ], [ -90.04697, 40.106315, 0.0 ], [ -90.049175, 40.105014, 0.0 ], [ -90.050055, 40.104096, 0.0 ], [ -90.050977, 40.102962, 0.0 ], [ -90.051232, 40.102343, 0.0 ], [ -90.051308, 40.101633, 0.0 ], [ -90.051057, 40.100109, 0.0 ], [ -90.051132, 40.09965, 0.0 ], [ -90.051775, 40.099055, 0.0 ], [ -90.052998, 40.099137, 0.0 ], [ -90.05434, 40.099791, 0.0 ], [ -90.056184, 40.100348, 0.0 ], [ -90.058058, 40.100192, 0.0 ], [ -90.059463, 40.100261, 0.0 ], [ -90.061102, 40.10078, 0.0 ], [ -90.062888, 40.100849, 0.0 ], [ -90.063649, 40.100692, 0.0 ], [ -90.064668, 40.100152, 0.0 ], [ -90.065353, 40.099238, 0.0 ], [ -90.065657, 40.098065, 0.0 ], [ -90.065822, 40.096287, 0.0 ], [ -90.065677, 40.09577, 0.0 ], [ -90.065326, 40.095298, 0.0 ], [ -90.065181, 40.094488, 0.0 ], [ -90.065269, 40.094038, 0.0 ], [ -90.065739, 40.093364, 0.0 ], [ -90.066119, 40.09323, 0.0 ], [ -90.067759, 40.093388, 0.0 ], [ -90.070363, 40.094223, 0.0 ], [ -90.071241, 40.094246, 0.0 ], [ -90.071593, 40.094089, 0.0 ], [ -90.071886, 40.093707, 0.0 ], [ -90.07177, 40.093032, 0.0 ], [ -90.070049, 40.09109, 0.0 ], [ -90.069842, 40.090515, 0.0 ], [ -90.070223, 40.089996, 0.0 ], [ -90.071423, 40.089704, 0.0 ], [ -90.073032, 40.090335, 0.0 ], [ -90.074217, 40.090226, 0.0 ], [ -90.076186, 40.089108, 0.0 ], [ -90.076625, 40.08863, 0.0 ], [ -90.078217, 40.088136, 0.0 ], [ -90.079184, 40.087529, 0.0 ], [ -90.07936, 40.08726, 0.0 ], [ -90.079301, 40.086967, 0.0 ], [ -90.077751, 40.085999, 0.0 ], [ -90.07781, 40.085662, 0.0 ], [ -90.078133, 40.085325, 0.0 ], [ -90.079149, 40.085392, 0.0 ], [ -90.08021, 40.085776, 0.0 ], [ -90.080708, 40.085777, 0.0 ], [ -90.081059, 40.085575, 0.0 ], [ -90.081206, 40.085282, 0.0 ], [ -90.081148, 40.084923, 0.0 ], [ -90.080476, 40.084158, 0.0 ], [ -90.080067, 40.083146, 0.0 ], [ -90.079893, 40.081796, 0.0 ], [ -90.080062, 40.08094, 0.0 ], [ -90.080685, 40.080155, 0.0 ], [ -90.081862, 40.080202, 0.0 ], [ -90.082383, 40.080472, 0.0 ], [ -90.083728, 40.081574, 0.0 ], [ -90.085191, 40.082183, 0.0 ], [ -90.087326, 40.083915, 0.0 ], [ -90.087999, 40.084006, 0.0 ], [ -90.088292, 40.083871, 0.0 ], [ -90.088556, 40.083174, 0.0 ], [ -90.088352, 40.082589, 0.0 ], [ -90.087534, 40.08133, 0.0 ], [ -90.087447, 40.080543, 0.0 ], [ -90.087623, 40.079823, 0.0 ], [ -90.088267, 40.079666, 0.0 ], [ -90.088618, 40.079779, 0.0 ], [ -90.089057, 40.080117, 0.0 ], [ -90.089408, 40.080702, 0.0 ], [ -90.0897, 40.080837, 0.0 ], [ -90.0909, 40.080769, 0.0 ], [ -90.091838, 40.079984, 0.0 ], [ -90.0926, 40.078478, 0.0 ], [ -90.093187, 40.077759, 0.0 ], [ -90.093919, 40.077219, 0.0 ], [ -90.094417, 40.077107, 0.0 ], [ -90.095324, 40.077175, 0.0 ], [ -90.095792, 40.077378, 0.0 ], [ -90.09626, 40.077805, 0.0 ], [ -90.09626, 40.078053, 0.0 ], [ -90.096113, 40.078345, 0.0 ], [ -90.094707, 40.079401, 0.0 ], [ -90.093652, 40.080502, 0.0 ], [ -90.093652, 40.080862, 0.0 ], [ -90.093856, 40.081176, 0.0 ], [ -90.094353, 40.081401, 0.0 ], [ -90.095437, 40.081065, 0.0 ], [ -90.096023, 40.080661, 0.0 ], [ -90.097751, 40.079245, 0.0 ], [ -90.098689, 40.078144, 0.0 ], [ -90.099714, 40.077695, 0.0 ], [ -90.100914, 40.077761, 0.0 ], [ -90.101908, 40.078234, 0.0 ], [ -90.102405, 40.078819, 0.0 ], [ -90.10258, 40.080235, 0.0 ], [ -90.103252, 40.08073, 0.0 ], [ -90.103603, 40.080752, 0.0 ], [ -90.104336, 40.080349, 0.0 ], [ -90.104952, 40.078415, 0.0 ], [ -90.105274, 40.078191, 0.0 ], [ -90.106094, 40.078011, 0.0 ], [ -90.106562, 40.078079, 0.0 ], [ -90.108635, 40.079517, 0.0 ], [ -90.109283, 40.079272, 0.0 ], [ -90.109723, 40.078373, 0.0 ], [ -90.110016, 40.078238, 0.0 ], [ -90.110396, 40.078306, 0.0 ], [ -90.110689, 40.078598, 0.0 ], [ -90.110893, 40.079295, 0.0 ], [ -90.112034, 40.080083, 0.0 ], [ -90.112941, 40.081005, 0.0 ], [ -90.113233, 40.081072, 0.0 ], [ -90.113643, 40.08105, 0.0 ], [ -90.113877, 40.080803, 0.0 ], [ -90.113995, 40.080218, 0.0 ], [ -90.114229, 40.079971, 0.0 ], [ -90.114668, 40.080016, 0.0 ], [ -90.115282, 40.080646, 0.0 ], [ -90.115663, 40.080804, 0.0 ], [ -90.11619, 40.080759, 0.0 ], [ -90.116366, 40.080174, 0.0 ], [ -90.115986, 40.079455, 0.0 ], [ -90.115898, 40.079028, 0.0 ], [ -90.116016, 40.078668, 0.0 ], [ -90.116923, 40.078286, 0.0 ], [ -90.118972, 40.077837, 0.0 ], [ -90.119997, 40.076893, 0.0 ], [ -90.120729, 40.076534, 0.0 ], [ -90.121607, 40.076534, 0.0 ], [ -90.122076, 40.076894, 0.0 ], [ -90.122368, 40.077389, 0.0 ], [ -90.12266, 40.077501, 0.0 ], [ -90.125031, 40.077412, 0.0 ], [ -90.126223, 40.07699, 0.0 ], [ -90.126759, 40.076626, 0.0 ], [ -90.126934, 40.076221, 0.0 ], [ -90.126935, 40.075502, 0.0 ], [ -90.12714, 40.075165, 0.0 ], [ -90.128487, 40.074266, 0.0 ], [ -90.128779, 40.073906, 0.0 ], [ -90.128868, 40.07267, 0.0 ], [ -90.130362, 40.070849, 0.0 ], [ -90.130362, 40.070174, 0.0 ], [ -90.129923, 40.069567, 0.0 ], [ -90.130086, 40.068847, 0.0 ], [ -90.130802, 40.068511, 0.0 ], [ -90.132236, 40.068736, 0.0 ], [ -90.132733, 40.068736, 0.0 ], [ -90.132997, 40.068534, 0.0 ], [ -90.133114, 40.067994, 0.0 ], [ -90.132207, 40.066779, 0.0 ], [ -90.132149, 40.066263, 0.0 ], [ -90.133174, 40.065633, 0.0 ], [ -90.133847, 40.064959, 0.0 ], [ -90.134257, 40.063678, 0.0 ], [ -90.13417, 40.062846, 0.0 ], [ -90.134287, 40.062531, 0.0 ], [ -90.134843, 40.062261, 0.0 ], [ -90.136393, 40.062913, 0.0 ], [ -90.137798, 40.062869, 0.0 ], [ -90.138998, 40.063116, 0.0 ], [ -90.139261, 40.063656, 0.0 ], [ -90.137915, 40.065005, 0.0 ], [ -90.137885, 40.065589, 0.0 ], [ -90.138265, 40.065994, 0.0 ], [ -90.139143, 40.066084, 0.0 ], [ -90.139816, 40.065904, 0.0 ], [ -90.140489, 40.06532, 0.0 ], [ -90.141091, 40.064381, 0.0 ], [ -90.141983, 40.064039, 0.0 ], [ -90.142451, 40.064062, 0.0 ], [ -90.143036, 40.064467, 0.0 ], [ -90.144001, 40.065816, 0.0 ], [ -90.144906, 40.066683, 0.0 ], [ -90.146196, 40.067165, 0.0 ], [ -90.149883, 40.067638, 0.0 ], [ -90.150263, 40.067593, 0.0 ], [ -90.150468, 40.067211, 0.0 ], [ -90.149678, 40.065502, 0.0 ], [ -90.149707, 40.065187, 0.0 ], [ -90.149912, 40.065052, 0.0 ], [ -90.150673, 40.065232, 0.0 ], [ -90.152136, 40.066379, 0.0 ], [ -90.153131, 40.066514, 0.0 ], [ -90.154097, 40.066245, 0.0 ], [ -90.154776, 40.064823, 0.0 ], [ -90.155521, 40.062036, 0.0 ], [ -90.155743, 40.061637, 0.0 ], [ -90.156357, 40.061223, 0.0 ], [ -90.157677, 40.061251, 0.0 ], [ -90.158105, 40.062737, 0.0 ], [ -90.158755, 40.063152, 0.0 ], [ -90.159239, 40.063166, 0.0 ], [ -90.160224, 40.062852, 0.0 ], [ -90.160355, 40.06218, 0.0 ], [ -90.160243, 40.061223, 0.0 ], [ -90.160578, 40.060837, 0.0 ], [ -90.160968, 40.060723, 0.0 ], [ -90.162103, 40.060809, 0.0 ], [ -90.162431, 40.061005, 0.0 ], [ -90.166019, 40.061035, 0.0 ], [ -90.166852, 40.06066, 0.0 ], [ -90.167454, 40.060848, 0.0 ], [ -90.168109, 40.060584, 0.0 ], [ -90.168765, 40.059647, 0.0 ], [ -90.169219, 40.059624, 0.0 ], [ -90.169551, 40.059833, 0.0 ], [ -90.170277, 40.061638, 0.0 ], [ -90.170902, 40.062018, 0.0 ], [ -90.171406, 40.062087, 0.0 ], [ -90.172213, 40.061847, 0.0 ], [ -90.173158, 40.060666, 0.0 ], [ -90.173604, 40.060344, 0.0 ], [ -90.174895, 40.060057, 0.0 ], [ -90.175953, 40.060019, 0.0 ], [ -90.17672, 40.060274, 0.0 ], [ -90.177224, 40.060747, 0.0 ], [ -90.17792, 40.063202, 0.0 ], [ -90.178757, 40.063838, 0.0 ], [ -90.180017, 40.063783, 0.0 ], [ -90.181348, 40.062869, 0.0 ], [ -90.182024, 40.062605, 0.0 ], [ -90.183062, 40.062675, 0.0 ], [ -90.183103, 40.06345, 0.0 ], [ -90.182659, 40.064046, 0.0 ], [ -90.182589, 40.064782, 0.0 ], [ -90.181782, 40.065933, 0.0 ], [ -90.181651, 40.066421, 0.0 ], [ -90.182045, 40.066855, 0.0 ], [ -90.183335, 40.066986, 0.0 ], [ -90.184202, 40.066637, 0.0 ], [ -90.184565, 40.064794, 0.0 ], [ -90.185018, 40.064375, 0.0 ], [ -90.186057, 40.064422, 0.0 ], [ -90.18757, 40.065607, 0.0 ], [ -90.188195, 40.065872, 0.0 ], [ -90.188971, 40.065884, 0.0 ], [ -90.189389, 40.065657, 0.0 ], [ -90.189513, 40.06524, 0.0 ], [ -90.189327, 40.064764, 0.0 ], [ -90.187333, 40.06366, 0.0 ], [ -90.186504, 40.063025, 0.0 ], [ -90.18624, 40.062465, 0.0 ], [ -90.186302, 40.061654, 0.0 ], [ -90.186814, 40.061452, 0.0 ], [ -90.188659, 40.061308, 0.0 ], [ -90.189015, 40.060391, 0.0 ], [ -90.189589, 40.060069, 0.0 ], [ -90.191419, 40.060271, 0.0 ], [ -90.192132, 40.059997, 0.0 ], [ -90.192256, 40.05958, 0.0 ], [ -90.192207, 40.057814, 0.0 ], [ -90.192426, 40.057328, 0.0 ], [ -90.194767, 40.056339, 0.0 ], [ -90.195015, 40.056076, 0.0 ], [ -90.194498, 40.054459, 0.0 ], [ -90.194673, 40.053777, 0.0 ], [ -90.195107, 40.053467, 0.0 ], [ -90.197045, 40.053312, 0.0 ], [ -90.200115, 40.054026, 0.0 ], [ -90.201231, 40.054073, 0.0 ], [ -90.20272, 40.053727, 0.0 ], [ -90.20365, 40.052916, 0.0 ], [ -90.204177, 40.052892, 0.0 ], [ -90.204564, 40.053297, 0.0 ], [ -90.204906, 40.054358, 0.0 ], [ -90.206302, 40.054774, 0.0 ], [ -90.206845, 40.055382, 0.0 ], [ -90.206939, 40.056442, 0.0 ], [ -90.206195, 40.057872, 0.0 ], [ -90.205979, 40.05954, 0.0 ], [ -90.206367, 40.060088, 0.0 ], [ -90.207127, 40.060267, 0.0 ], [ -90.2086, 40.059659, 0.0 ], [ -90.208992, 40.059235, 0.0 ], [ -90.209915, 40.056119, 0.0 ], [ -90.210418, 40.055532, 0.0 ], [ -90.211016, 40.055249, 0.0 ], [ -90.211698, 40.05544, 0.0 ], [ -90.212117, 40.056083, 0.0 ], [ -90.212149, 40.057036, 0.0 ], [ -90.211669, 40.058418, 0.0 ], [ -90.211887, 40.059086, 0.0 ], [ -90.212538, 40.059443, 0.0 ], [ -90.213081, 40.059347, 0.0 ], [ -90.213546, 40.059061, 0.0 ], [ -90.215033, 40.057261, 0.0 ], [ -90.216087, 40.05657, 0.0 ], [ -90.216086, 40.056343, 0.0 ], [ -90.215497, 40.056164, 0.0 ], [ -90.214877, 40.055736, 0.0 ], [ -90.214659, 40.055533, 0.0 ], [ -90.214597, 40.055188, 0.0 ], [ -90.216286, 40.053817, 0.0 ], [ -90.216379, 40.053114, 0.0 ], [ -90.216192, 40.052339, 0.0 ], [ -90.216346, 40.051493, 0.0 ], [ -90.216827, 40.051017, 0.0 ], [ -90.217338, 40.050933, 0.0 ], [ -90.218114, 40.051266, 0.0 ], [ -90.218472, 40.052767, 0.0 ], [ -90.218736, 40.053279, 0.0 ], [ -90.219449, 40.054006, 0.0 ], [ -90.220458, 40.054506, 0.0 ], [ -90.221668, 40.054851, 0.0 ], [ -90.223625, 40.055141, 0.0 ], [ -90.225436, 40.054981, 0.0 ], [ -90.226536, 40.054515, 0.0 ], [ -90.226815, 40.054086, 0.0 ], [ -90.226705, 40.052561, 0.0 ], [ -90.226883, 40.051691, 0.0 ], [ -90.22734, 40.051512, 0.0 ], [ -90.228193, 40.051679, 0.0 ], [ -90.228736, 40.052393, 0.0 ], [ -90.229249, 40.053716, 0.0 ], [ -90.229267, 40.05481, 0.0 ], [ -90.229065, 40.055896, 0.0 ], [ -90.229391, 40.056706, 0.0 ], [ -90.230384, 40.057028, 0.0 ], [ -90.232492, 40.057026, 0.0 ], [ -90.235315, 40.057811, 0.0 ], [ -90.235703, 40.058097, 0.0 ], [ -90.235688, 40.058681, 0.0 ], [ -90.235007, 40.059539, 0.0 ], [ -90.234278, 40.059849, 0.0 ], [ -90.233906, 40.060218, 0.0 ], [ -90.233938, 40.060766, 0.0 ], [ -90.234621, 40.061124, 0.0 ], [ -90.235784, 40.060956, 0.0 ], [ -90.237131, 40.059573, 0.0 ], [ -90.239192, 40.058107, 0.0 ], [ -90.243068, 40.057806, 0.0 ], [ -90.243766, 40.058032, 0.0 ], [ -90.24445, 40.059044, 0.0 ], [ -90.244311, 40.059402, 0.0 ], [ -90.243474, 40.059998, 0.0 ], [ -90.243257, 40.060641, 0.0 ], [ -90.2438, 40.061189, 0.0 ], [ -90.244436, 40.061272, 0.0 ], [ -90.244914, 40.061011, 0.0 ], [ -90.245706, 40.059663, 0.0 ], [ -90.246931, 40.058959, 0.0 ], [ -90.247194, 40.058661, 0.0 ], [ -90.247348, 40.057791, 0.0 ], [ -90.246959, 40.056826, 0.0 ], [ -90.247114, 40.056636, 0.0 ], [ -90.247564, 40.056576, 0.0 ], [ -90.248293, 40.056837, 0.0 ], [ -90.249147, 40.058088, 0.0 ], [ -90.249861, 40.058302, 0.0 ], [ -90.250556, 40.05823, 0.0 ], [ -90.252635, 40.057037, 0.0 ], [ -90.253992, 40.057101, 0.0 ], [ -90.255318, 40.058095, 0.0 ], [ -90.257025, 40.059047, 0.0 ], [ -90.258173, 40.059237, 0.0 ], [ -90.26008, 40.059176, 0.0 ], [ -90.260577, 40.059378, 0.0 ], [ -90.260732, 40.059747, 0.0 ], [ -90.260517, 40.061046, 0.0 ], [ -90.260796, 40.061462, 0.0 ], [ -90.261494, 40.061498, 0.0 ], [ -90.263324, 40.06102, 0.0 ], [ -90.264331, 40.060936, 0.0 ], [ -90.264782, 40.061281, 0.0 ], [ -90.264976, 40.062018, 0.0 ], [ -90.265833, 40.062145, 0.0 ], [ -90.268829, 40.061611, 0.0 ], [ -90.269558, 40.061217, 0.0 ], [ -90.269727, 40.06074, 0.0 ], [ -90.269679, 40.059335, 0.0 ], [ -90.270254, 40.057536, 0.0 ], [ -90.270589, 40.056982, 0.0 ], [ -90.271488, 40.05608, 0.0 ], [ -90.272029, 40.055162, 0.0 ], [ -90.272618, 40.054816, 0.0 ], [ -90.273254, 40.054696, 0.0 ], [ -90.273987, 40.054814, 0.0 ], [ -90.275708, 40.056445, 0.0 ], [ -90.276646, 40.056768, 0.0 ], [ -90.281628, 40.056559, 0.0 ], [ -90.283096, 40.056258, 0.0 ], [ -90.284501, 40.055476, 0.0 ], [ -90.285198, 40.055376, 0.0 ], [ -90.285516, 40.055499, 0.0 ], [ -90.285783, 40.056075, 0.0 ], [ -90.285331, 40.057, 0.0 ], [ -90.285332, 40.0576, 0.0 ], [ -90.285848, 40.057935, 0.0 ], [ -90.28791, 40.057957, 0.0 ], [ -90.288865, 40.058737, 0.0 ], [ -90.289068, 40.059192, 0.0 ], [ -90.28843, 40.060501, 0.0 ], [ -90.286793, 40.062244, 0.0 ], [ -90.286763, 40.062952, 0.0 ], [ -90.287108, 40.063384, 0.0 ], [ -90.287843, 40.063791, 0.0 ], [ -90.290124, 40.064257, 0.0 ], [ -90.290983, 40.06422, 0.0 ], [ -90.292544, 40.06345, 0.0 ], [ -90.292966, 40.063497, 0.0 ], [ -90.293388, 40.063797, 0.0 ], [ -90.293422, 40.064236, 0.0 ], [ -90.293249, 40.064505, 0.0 ], [ -90.291517, 40.065708, 0.0 ], [ -90.291393, 40.066188, 0.0 ], [ -90.291458, 40.067256, 0.0 ], [ -90.290569, 40.068505, 0.0 ], [ -90.290726, 40.069045, 0.0 ], [ -90.29279, 40.069847, 0.0 ], [ -90.293244, 40.070375, 0.0 ], [ -90.293888, 40.071791, 0.0 ], [ -90.29456, 40.072354, 0.0 ], [ -90.296328, 40.073156, 0.0 ], [ -90.297284, 40.074944, 0.0 ], [ -90.298599, 40.076023, 0.0 ], [ -90.299459, 40.07637, 0.0 ], [ -90.300271, 40.076453, 0.0 ], [ -90.301723, 40.075995, 0.0 ], [ -90.302567, 40.076126, 0.0 ], [ -90.30396, 40.076869, 0.0 ], [ -90.304664, 40.077408, 0.0 ], [ -90.304993, 40.077912, 0.0 ], [ -90.30459, 40.079388, 0.0 ], [ -90.304781, 40.081069, 0.0 ], [ -90.30447, 40.081825, 0.0 ], [ -90.303236, 40.082499, 0.0 ], [ -90.30169, 40.082801, 0.0 ], [ -90.300987, 40.083102, 0.0 ], [ -90.301051, 40.083534, 0.0 ], [ -90.301254, 40.08375, 0.0 ], [ -90.303053, 40.084635, 0.0 ], [ -90.303231, 40.084907, 0.0 ], [ -90.303252, 40.085284, 0.0 ], [ -90.302633, 40.085993, 0.0 ], [ -90.302495, 40.086606, 0.0 ], [ -90.30242, 40.088623, 0.0 ], [ -90.303099, 40.092175, 0.0 ], [ -90.30332, 40.092821, 0.0 ], [ -90.303742, 40.093205, 0.0 ], [ -90.304556, 40.093552, 0.0 ], [ -90.3049, 40.093552, 0.0 ], [ -90.306007, 40.09265, 0.0 ], [ -90.306617, 40.092662, 0.0 ], [ -90.306805, 40.092937, 0.0 ], [ -90.306963, 40.093933, 0.0 ], [ -90.306872, 40.095134, 0.0 ], [ -90.307108, 40.095818, 0.0 ], [ -90.307063, 40.096946, 0.0 ], [ -90.307236, 40.097318, 0.0 ], [ -90.307659, 40.097678, 0.0 ], [ -90.309082, 40.098252, 0.0 ], [ -90.310822, 40.100602, 0.0 ], [ -90.310886, 40.101443, 0.0 ], [ -90.313032, 40.103504, 0.0 ], [ -90.313222, 40.104308, 0.0 ], [ -90.313145, 40.105149, 0.0 ], [ -90.312601, 40.106278, 0.0 ], [ -90.312836, 40.106565, 0.0 ], [ -90.313837, 40.10702, 0.0 ], [ -90.314134, 40.108459, 0.0 ], [ -90.314283, 40.110365, 0.0 ], [ -90.31469, 40.111016, 0.0 ], [ -90.315347, 40.111267, 0.0 ], [ -90.315502, 40.111571, 0.0 ], [ -90.314177, 40.112589, 0.0 ], [ -90.313788, 40.11331, 0.0 ], [ -90.313822, 40.114774, 0.0 ], [ -90.314606, 40.115602, 0.0 ], [ -90.317939, 40.116798, 0.0 ], [ -90.3193, 40.117132, 0.0 ], [ -90.320633, 40.117022, 0.0 ], [ -90.321942, 40.117188, 0.0 ], [ -90.323083, 40.117055, 0.0 ], [ -90.323976, 40.11781, 0.0 ], [ -90.326088, 40.118659, 0.0 ], [ -90.328044, 40.119041, 0.0 ], [ -90.328466, 40.11928, 0.0 ], [ -90.329016, 40.120215, 0.0 ], [ -90.330221, 40.120598, 0.0 ], [ -90.331251, 40.120104, 0.0 ], [ -90.333488, 40.120269, 0.0 ], [ -90.333706, 40.120173, 0.0 ], [ -90.333846, 40.119764, 0.0 ], [ -90.332952, 40.118505, 0.0 ], [ -90.333107, 40.118145, 0.0 ], [ -90.333373, 40.118145, 0.0 ], [ -90.334562, 40.118659, 0.0 ], [ -90.335205, 40.119198, 0.0 ], [ -90.335053, 40.121239, 0.0 ], [ -90.335243, 40.121971, 0.0 ], [ -90.33576, 40.12239, 0.0 ], [ -90.336542, 40.122545, 0.0 ], [ -90.337433, 40.122412, 0.0 ], [ -90.338603, 40.121534, 0.0 ], [ -90.339316, 40.119108, 0.0 ], [ -90.339924, 40.118363, 0.0 ], [ -90.34097, 40.117809, 0.0 ], [ -90.341831, 40.117928, 0.0 ], [ -90.342002, 40.117796, 0.0 ], [ -90.342188, 40.116883, 0.0 ], [ -90.342925, 40.116761, 0.0 ], [ -90.343329, 40.117074, 0.0 ], [ -90.343895, 40.118057, 0.0 ], [ -90.344568, 40.11838, 0.0 ], [ -90.345443, 40.118415, 0.0 ], [ -90.348241, 40.11793, 0.0 ], [ -90.348819, 40.117941, 0.0 ], [ -90.349774, 40.118276, 0.0 ], [ -90.350214, 40.119152, 0.0 ], [ -90.350281, 40.121095, 0.0 ], [ -90.350815, 40.121827, 0.0 ], [ -90.350597, 40.122223, 0.0 ], [ -90.349676, 40.122633, 0.0 ], [ -90.349567, 40.122813, 0.0 ], [ -90.349755, 40.123125, 0.0 ], [ -90.350631, 40.123147, 0.0 ], [ -90.352442, 40.12216, 0.0 ], [ -90.353022, 40.122088, 0.0 ], [ -90.353662, 40.122458, 0.0 ], [ -90.35453, 40.124224, 0.0 ], [ -90.356223, 40.12435, 0.0 ], [ -90.360076, 40.125217, 0.0 ], [ -90.361293, 40.125299, 0.0 ], [ -90.364757, 40.125053, 0.0 ], [ -90.367568, 40.124279, 0.0 ], [ -90.371981, 40.122781, 0.0 ], [ -90.372842, 40.12237, 0.0 ], [ -90.374333, 40.12116, 0.0 ], [ -90.37513, 40.119888, 0.0 ], [ -90.378921, 40.114998, 0.0 ], [ -90.380754, 40.112057, 0.0 ], [ -90.381429, 40.11055, 0.0 ], [ -90.383247, 40.104971, 0.0 ], [ -90.383995, 40.103376, 0.0 ], [ -90.385028, 40.101788, 0.0 ], [ -90.387596, 40.09847, 0.0 ], [ -90.391942, 40.093951, 0.0 ], [ -90.393437, 40.091873, 0.0 ], [ -90.393619, 40.089582, 0.0 ], [ -90.39341, 40.088904, 0.0 ], [ -90.392007, 40.086838, 0.0 ], [ -90.391693, 40.08612, 0.0 ], [ -90.391379, 40.085119, 0.0 ], [ -90.391308, 40.084135, 0.0 ], [ -90.391531, 40.082563, 0.0 ], [ -90.39229, 40.080579, 0.0 ], [ -90.393438, 40.078766, 0.0 ], [ -90.394437, 40.077711, 0.0 ], [ -90.395741, 40.076664, 0.0 ], [ -90.398452, 40.075039, 0.0 ], [ -90.404495, 40.072816, 0.0 ], [ -90.417281, 40.066222, 0.0 ], [ -90.424829, 40.063317, 0.0 ], [ -90.427435, 40.061693, 0.0 ], [ -90.428644, 40.060352, 0.0 ], [ -90.429317, 40.059089, 0.0 ], [ -90.429632, 40.057881, 0.0 ], [ -90.429691, 40.056139, 0.0 ], [ -90.428811, 40.050545, 0.0 ], [ -90.428667, 40.048157, 0.0 ], [ -90.428791, 40.043947, 0.0 ], [ -90.429332, 40.039998, 0.0 ], [ -90.429659, 40.038628, 0.0 ], [ -90.432236, 40.032311, 0.0 ], [ -90.432594, 40.031038, 0.0 ], [ -90.433267, 40.026339, 0.0 ], [ -90.433224, 40.025411, 0.0 ], [ -90.433529, 40.024008, 0.0 ], [ -90.43463, 40.021894, 0.0 ], [ -90.435858, 40.020569, 0.0 ], [ -90.437262, 40.019568, 0.0 ], [ -90.442631, 40.016893, 0.0 ], [ -90.445504, 40.015665, 0.0 ], [ -90.450899, 40.012441, 0.0 ], [ -90.453774, 40.01085, 0.0 ], [ -90.455278, 40.010253, 0.0 ], [ -90.460406, 40.008745, 0.0 ], [ -90.469835, 40.006564, 0.0 ], [ -90.474777, 40.004628, 0.0 ], [ -90.479089, 40.004019, 0.0 ], [ -90.482033, 40.003944, 0.0 ], [ -90.48426, 40.003381, 0.0 ], [ -90.491386, 40.000873, 0.0 ], [ -90.493959, 40.000143, 0.0 ], [ -90.495073, 40.000055, 0.0 ], [ -90.502319, 39.997717, 0.0 ], [ -90.506431, 39.996169, 0.0 ], [ -90.510893, 39.993829, 0.0 ], [ -90.512235, 39.992638, 0.0 ], [ -90.513395, 39.990883, 0.0 ], [ -90.513753, 39.987898, 0.0 ], [ -90.515204, 39.986989, 0.0 ], [ -90.515116, 39.985297, 0.0 ], [ -90.515414, 39.984542, 0.0 ], [ -90.515711, 39.984359, 0.0 ], [ -90.516752, 39.984359, 0.0 ], [ -90.517971, 39.98468, 0.0 ], [ -90.519606, 39.985436, 0.0 ], [ -90.520081, 39.985939, 0.0 ], [ -90.519872, 39.987723, 0.0 ], [ -90.520288, 39.988135, 0.0 ], [ -90.520733, 39.988318, 0.0 ], [ -90.521358, 39.988296, 0.0 ], [ -90.52335, 39.987656, 0.0 ], [ -90.525075, 39.987542, 0.0 ], [ -90.526591, 39.987657, 0.0 ], [ -90.527246, 39.987314, 0.0 ], [ -90.527484, 39.987017, 0.0 ], [ -90.527484, 39.986651, 0.0 ], [ -90.526741, 39.986125, 0.0 ], [ -90.524482, 39.985232, 0.0 ], [ -90.523798, 39.984523, 0.0 ], [ -90.523591, 39.98379, 0.0 ], [ -90.523859, 39.98331, 0.0 ], [ -90.52487, 39.982716, 0.0 ], [ -90.52597, 39.982282, 0.0 ], [ -90.526952, 39.982122, 0.0 ], [ -90.527962, 39.982465, 0.0 ], [ -90.528705, 39.983129, 0.0 ], [ -90.528764, 39.984067, 0.0 ], [ -90.52921, 39.984868, 0.0 ], [ -90.529566, 39.985119, 0.0 ], [ -90.530458, 39.984937, 0.0 ], [ -90.533314, 39.982719, 0.0 ], [ -90.534146, 39.982467, 0.0 ], [ -90.535187, 39.982902, 0.0 ], [ -90.535841, 39.98352, 0.0 ], [ -90.536732, 39.984001, 0.0 ], [ -90.539319, 39.983727, 0.0 ], [ -90.539944, 39.983064, 0.0 ], [ -90.540658, 39.981554, 0.0 ], [ -90.541461, 39.980731, 0.0 ], [ -90.542472, 39.980457, 0.0 ], [ -90.543602, 39.980366, 0.0 ], [ -90.545207, 39.980732, 0.0 ], [ -90.546783, 39.98135, 0.0 ], [ -90.55035, 39.983455, 0.0 ], [ -90.558913, 39.983181, 0.0 ], [ -90.560816, 39.982655, 0.0 ], [ -90.561559, 39.982632, 0.0 ], [ -90.566436, 39.983822, 0.0 ], [ -90.56822, 39.983822, 0.0 ], [ -90.570094, 39.983456, 0.0 ], [ -90.572353, 39.982587, 0.0 ], [ -90.578954, 39.981328, 0.0 ], [ -90.5836, 39.979456, 0.0 ], [ -90.58554, 39.978837, 0.0 ], [ -90.594027, 39.979633, 0.0 ], [ -90.59593, 39.980022, 0.0 ], [ -90.596525, 39.980319, 0.0 ], [ -90.59709, 39.980845, 0.0 ], [ -90.597982, 39.981142, 0.0 ], [ -90.599023, 39.981004, 0.0 ], [ -90.60372, 39.981163, 0.0 ], [ -90.60714, 39.981665, 0.0 ], [ -90.607765, 39.982123, 0.0 ], [ -90.607765, 39.982923, 0.0 ], [ -90.607349, 39.983815, 0.0 ], [ -90.606517, 39.984822, 0.0 ], [ -90.605924, 39.986538, 0.0 ], [ -90.605835, 39.987338, 0.0 ], [ -90.606015, 39.991204, 0.0 ], [ -90.603134, 39.99658, 0.0 ], [ -90.603075, 39.997907, 0.0 ], [ -90.602718, 39.998868, 0.0 ], [ -90.602042, 40.002158, 0.0 ], [ -90.601953, 40.003324, 0.0 ], [ -90.602192, 40.003896, 0.0 ], [ -90.602787, 40.004559, 0.0 ], [ -90.603352, 40.004925, 0.0 ], [ -90.60597, 40.006113, 0.0 ], [ -90.607725, 40.00657, 0.0 ], [ -90.608201, 40.006867, 0.0 ], [ -90.608857, 40.007942, 0.0 ], [ -90.60969, 40.008788, 0.0 ], [ -90.611683, 40.009611, 0.0 ], [ -90.613588, 40.010799, 0.0 ], [ -90.61582, 40.012766, 0.0 ], [ -90.616356, 40.012765, 0.0 ], [ -90.61698, 40.012239, 0.0 ], [ -90.617575, 40.01217, 0.0 ], [ -90.618021, 40.012399, 0.0 ], [ -90.618676, 40.01345, 0.0 ], [ -90.619035, 40.015166, 0.0 ], [ -90.618798, 40.016698, 0.0 ], [ -90.618323, 40.017957, 0.0 ], [ -90.616927, 40.020519, 0.0 ], [ -90.616451, 40.020748, 0.0 ], [ -90.61544, 40.020749, 0.0 ], [ -90.614041, 40.02036, 0.0 ], [ -90.613357, 40.01988, 0.0 ], [ -90.612165, 40.018142, 0.0 ], [ -90.611302, 40.017571, 0.0 ], [ -90.610707, 40.017663, 0.0 ], [ -90.610172, 40.018075, 0.0 ], [ -90.60931, 40.019196, 0.0 ], [ -90.607288, 40.020843, 0.0 ], [ -90.607021, 40.021232, 0.0 ], [ -90.606783, 40.02185, 0.0 ], [ -90.606754, 40.022536, 0.0 ], [ -90.605744, 40.02471, 0.0 ], [ -90.605745, 40.026219, 0.0 ], [ -90.605894, 40.02686, 0.0 ], [ -90.60646, 40.028369, 0.0 ], [ -90.607264, 40.029513, 0.0 ], [ -90.608544, 40.030679, 0.0 ], [ -90.610033, 40.032348, 0.0 ], [ -90.610986, 40.032873, 0.0 ], [ -90.61167, 40.032919, 0.0 ], [ -90.611938, 40.032759, 0.0 ], [ -90.615832, 40.027679, 0.0 ], [ -90.616694, 40.027015, 0.0 ], [ -90.617438, 40.026718, 0.0 ], [ -90.618538, 40.026603, 0.0 ], [ -90.621216, 40.026807, 0.0 ], [ -90.623388, 40.026212, 0.0 ], [ -90.625133, 40.026004, 0.0 ], [ -90.626077, 40.025682, 0.0 ], [ -90.629441, 40.023785, 0.0 ], [ -90.630393, 40.023671, 0.0 ], [ -90.630869, 40.023809, 0.0 ], [ -90.631731, 40.02477, 0.0 ], [ -90.63259, 40.027009, 0.0 ], [ -90.632798, 40.028085, 0.0 ], [ -90.633512, 40.028977, 0.0 ], [ -90.633958, 40.029229, 0.0 ], [ -90.634999, 40.029458, 0.0 ], [ -90.641041, 40.029738, 0.0 ], [ -90.645652, 40.030334, 0.0 ], [ -90.653893, 40.033448, 0.0 ], [ -90.654249, 40.033928, 0.0 ], [ -90.654279, 40.035026, 0.0 ], [ -90.652104, 40.03921, 0.0 ], [ -90.652133, 40.040057, 0.0 ], [ -90.652609, 40.040423, 0.0 ], [ -90.653234, 40.040583, 0.0 ], [ -90.657609, 40.04079, 0.0 ], [ -90.659751, 40.041409, 0.0 ], [ -90.659334, 40.042895, 0.0 ], [ -90.659541, 40.04484, 0.0 ], [ -90.65969, 40.045183, 0.0 ], [ -90.661028, 40.046395, 0.0 ], [ -90.66201, 40.046785, 0.0 ], [ -90.665135, 40.046877, 0.0 ], [ -90.667249, 40.046557, 0.0 ], [ -90.667993, 40.0461, 0.0 ], [ -90.668142, 40.044842, 0.0 ], [ -90.668678, 40.043995, 0.0 ], [ -90.669452, 40.04379, 0.0 ], [ -90.670077, 40.043813, 0.0 ], [ -90.672666, 40.044591, 0.0 ], [ -90.674243, 40.045369, 0.0 ], [ -90.675076, 40.045986, 0.0 ], [ -90.67579, 40.047931, 0.0 ], [ -90.677545, 40.05047, 0.0 ], [ -90.678051, 40.051911, 0.0 ], [ -90.677872, 40.053146, 0.0 ], [ -90.676711, 40.054679, 0.0 ], [ -90.67558, 40.056669, 0.0 ], [ -90.67549, 40.05708, 0.0 ], [ -90.675609, 40.057469, 0.0 ], [ -90.676651, 40.057927, 0.0 ], [ -90.677276, 40.058544, 0.0 ], [ -90.677603, 40.059116, 0.0 ], [ -90.677573, 40.059894, 0.0 ], [ -90.675995, 40.060786, 0.0 ], [ -90.674953, 40.061792, 0.0 ], [ -90.674804, 40.062158, 0.0 ], [ -90.674685, 40.062844, 0.0 ], [ -90.674804, 40.063325, 0.0 ], [ -90.675012, 40.063599, 0.0 ], [ -90.676501, 40.064492, 0.0 ], [ -90.676739, 40.064995, 0.0 ], [ -90.676768, 40.066001, 0.0 ], [ -90.676411, 40.067259, 0.0 ], [ -90.674505, 40.070164, 0.0 ], [ -90.674058, 40.073, 0.0 ], [ -90.673164, 40.074967, 0.0 ], [ -90.671526, 40.077369, 0.0 ], [ -90.671466, 40.078192, 0.0 ], [ -90.671674, 40.079359, 0.0 ], [ -90.672001, 40.080137, 0.0 ], [ -90.672805, 40.0808, 0.0 ], [ -90.673281, 40.080892, 0.0 ], [ -90.677272, 40.080229, 0.0 ], [ -90.679892, 40.079497, 0.0 ], [ -90.683138, 40.079269, 0.0 ], [ -90.686056, 40.078812, 0.0 ], [ -90.694512, 40.079385, 0.0 ], [ -90.695643, 40.07959, 0.0 ], [ -90.699694, 40.0811, 0.0 ], [ -90.70294, 40.082862, 0.0 ], [ -90.705531, 40.084598, 0.0 ], [ -90.705799, 40.084895, 0.0 ], [ -90.70577, 40.085193, 0.0 ], [ -90.705531, 40.085536, 0.0 ], [ -90.704727, 40.086085, 0.0 ], [ -90.7044, 40.086657, 0.0 ], [ -90.704519, 40.087823, 0.0 ], [ -90.705175, 40.088555, 0.0 ], [ -90.706991, 40.08883, 0.0 ], [ -90.707915, 40.089241, 0.0 ], [ -90.709166, 40.09043, 0.0 ], [ -90.709285, 40.091963, 0.0 ], [ -90.709017, 40.092626, 0.0 ], [ -90.7086, 40.093084, 0.0 ], [ -90.708064, 40.093267, 0.0 ], [ -90.705622, 40.092787, 0.0 ], [ -90.704967, 40.092879, 0.0 ], [ -90.704223, 40.093222, 0.0 ], [ -90.701542, 40.093611, 0.0 ], [ -90.699934, 40.094457, 0.0 ], [ -90.699547, 40.095464, 0.0 ], [ -90.699547, 40.0975, 0.0 ], [ -90.697403, 40.100404, 0.0 ], [ -90.696182, 40.100907, 0.0 ], [ -90.696212, 40.101181, 0.0 ], [ -90.697254, 40.101753, 0.0 ], [ -90.697492, 40.102554, 0.0 ], [ -90.697224, 40.102851, 0.0 ], [ -90.696003, 40.103126, 0.0 ], [ -90.695735, 40.103355, 0.0 ], [ -90.696013, 40.103974, 0.0 ], [ -90.71941, 40.104251, 0.0 ], [ -90.775562, 40.105265, 0.0 ], [ -90.786163, 40.105492, 0.0 ], [ -90.796254, 40.105909, 0.0 ], [ -90.815354, 40.105317, 0.0 ], [ -90.913476, 40.104462, 0.0 ], [ -91.028919, 40.106645, 0.0 ], [ -91.102455, 40.107146, 0.0 ], [ -91.14701, 40.107694, 0.0 ], [ -91.202779, 40.109198, 0.0 ], [ -91.260409, 40.109905, 0.0 ], [ -91.260986, 40.109982, 0.0 ], [ -91.258773, 40.197306, 0.0 ], [ -91.406475, 40.199595, 0.0 ], [ -91.418243, 40.199549, 0.0 ], [ -91.425907, 40.199716, 0.0 ], [ -91.489338, 40.200048, 0.0 ], [ -91.505068, 40.199932, 0.0 ], [ -91.505841, 40.201815, 0.0 ], [ -91.506671, 40.204765, 0.0 ], [ -91.507276, 40.209345, 0.0 ], [ -91.506954, 40.215557, 0.0 ], [ -91.5052, 40.220868, 0.0 ], [ -91.504622, 40.223491, 0.0 ], [ -91.504289, 40.224306, 0.0 ], [ -91.504296, 40.231719, 0.0 ], [ -91.505975, 40.234312, 0.0 ], [ -91.506508, 40.236311, 0.0 ], [ -91.505835, 40.238846, 0.0 ], [ -91.503759, 40.242633, 0.0 ], [ -91.502558, 40.244386, 0.0 ], [ -91.500862, 40.245729, 0.0 ], [ -91.498876, 40.246722, 0.0 ], [ -91.497503, 40.248243, 0.0 ], [ -91.496805, 40.249669, 0.0 ], [ -91.493257, 40.254649, 0.0 ], [ -91.491742, 40.25707, 0.0 ], [ -91.490531, 40.259505, 0.0 ], [ -91.489976, 40.262347, 0.0 ], [ -91.490532, 40.264821, 0.0 ], [ -91.492047, 40.267434, 0.0 ], [ -91.492898, 40.26993, 0.0 ], [ -91.493068, 40.275269, 0.0 ], [ -91.492734, 40.278224, 0.0 ], [ -91.490978, 40.283371, 0.0 ], [ -91.489875, 40.286055, 0.0 ], [ -91.487329, 40.291191, 0.0 ], [ -91.484233, 40.2965, 0.0 ], [ -91.483748, 40.298093, 0.0 ], [ -91.482457, 40.30059, 0.0 ], [ -91.47709, 40.308261, 0.0 ], [ -91.471833, 40.317347, 0.0 ], [ -91.469663, 40.322416, 0.0 ], [ -91.467145, 40.332884, 0.0 ], [ -91.46661, 40.334468, 0.0 ], [ -91.463977, 40.339604, 0.0 ], [ -91.462147, 40.342421, 0.0 ], [ -91.458831, 40.346512, 0.0 ], [ -91.454083, 40.351868, 0.0 ], [ -91.452244, 40.353677, 0.0 ], [ -91.450877, 40.355345, 0.0 ], [ -91.447842, 40.359136, 0.0 ], [ -91.446315, 40.36183, 0.0 ], [ -91.444777, 40.363221, 0.0 ], [ -91.441593, 40.365379, 0.0 ], [ -91.439349, 40.366576, 0.0 ], [ -91.429449, 40.370393, 0.0 ], [ -91.426639, 40.371995, 0.0 ], [ -91.422869, 40.375051, 0.0 ], [ -91.417073, 40.380409, 0.0 ], [ -91.415058, 40.381754, 0.0 ], [ -91.413018, 40.382284, 0.0 ], [ -91.402399, 40.382699, 0.0 ], [ -91.397003, 40.383134, 0.0 ], [ -91.39162, 40.384045, 0.0 ], [ -91.388367, 40.384936, 0.0 ], [ -91.384208, 40.386437, 0.0 ], [ -91.381965, 40.387639, 0.0 ], [ -91.37995, 40.388951, 0.0 ], [ -91.378429, 40.389677, 0.0 ], [ -91.376918, 40.390783, 0.0 ], [ -91.375719, 40.391932, 0.0 ], [ -91.372928, 40.399115, 0.0 ], [ -91.372561, 40.401207, 0.0 ], [ -91.372386, 40.405386, 0.0 ], [ -91.372457, 40.411482, 0.0 ], [ -91.372833, 40.414286, 0.0 ], [ -91.373287, 40.416503, 0.0 ], [ -91.375158, 40.421663, 0.0 ], [ -91.377632, 40.426342, 0.0 ], [ -91.380184, 40.432911, 0.0 ], [ -91.380972, 40.435402, 0.0 ], [ -91.381464, 40.437315, 0.0 ], [ -91.381776, 40.442562, 0.0 ], [ -91.381475, 40.446047, 0.0 ], [ -91.381052, 40.448497, 0.0 ], [ -91.379914, 40.452117, 0.0 ], [ -91.378151, 40.456401, 0.0 ], [ -91.374215, 40.464, 0.0 ], [ -91.369579, 40.471387, 0.0 ], [ -91.368081, 40.474649, 0.0 ], [ -91.36647, 40.478876, 0.0 ], [ -91.364922, 40.484175, 0.0 ], [ -91.363917, 40.490129, 0.0 ], [ -91.36369, 40.494218, 0.0 ], [ -91.363886, 40.498069, 0.0 ], [ -91.364218, 40.50005, 0.0 ], [ -91.367883, 40.510486, 0.0 ], [ -91.369066, 40.512539, 0.0 ], [ -91.381864, 40.528254, 0.0 ], [ -91.384538, 40.530955, 0.0 ], [ -91.388074, 40.533076, 0.0 ], [ -91.394482, 40.53455, 0.0 ], [ -91.400732, 40.536796, 0.0 ], [ -91.404132, 40.539134, 0.0 ], [ -91.406209, 40.542705, 0.0 ], [ -91.406858, 40.547564, 0.0 ], [ -91.40638, 40.551838, 0.0 ], [ -91.405248, 40.554648, 0.0 ], [ -91.401489, 40.559465, 0.0 ], [ -91.385226, 40.570653, 0.0 ], [ -91.381199, 40.573241, 0.0 ], [ -91.379759, 40.574457, 0.0 ], [ -91.374259, 40.582597, 0.0 ], [ -91.35988, 40.601812, 0.0 ], [ -91.357065, 40.60427, 0.0 ], [ -91.353996, 40.60656, 0.0 ], [ -91.34874, 40.609702, 0.0 ], [ -91.339726, 40.613495, 0.0 ], [ -91.309084, 40.62544, 0.0 ], [ -91.306575, 40.626226, 0.0 ], [ -91.303493, 40.62693, 0.0 ], [ -91.286677, 40.629907, 0.0 ], [ -91.276182, 40.632247, 0.0 ], [ -91.273146, 40.632759, 0.0 ], [ -91.268123, 40.633332, 0.0 ], [ -91.26496, 40.6339, 0.0 ], [ -91.262535, 40.634759, 0.0 ], [ -91.258256, 40.636679, 0.0 ], [ -91.253081, 40.637969, 0.0 ], [ -91.247858, 40.638397, 0.0 ], [ -91.232447, 40.638122, 0.0 ], [ -91.224607, 40.63848, 0.0 ], [ -91.218444, 40.638444, 0.0 ], [ -91.211359, 40.637889, 0.0 ], [ -91.202391, 40.636601, 0.0 ], [ -91.197913, 40.636114, 0.0 ], [ -91.192565, 40.636515, 0.0 ], [ -91.186987, 40.637304, 0.0 ], [ -91.185302, 40.63781, 0.0 ], [ -91.1543, 40.653603, 0.0 ], [ -91.14497, 40.657639, 0.0 ], [ -91.138062, 40.6609, 0.0 ], [ -91.125151, 40.668745, 0.0 ], [ -91.123935, 40.669159, 0.0 ], [ -91.122428, 40.670682, 0.0 ], [ -91.120827, 40.672784, 0.0 ], [ -91.119639, 40.675899, 0.0 ], [ -91.117838, 40.683438, 0.0 ], [ -91.115414, 40.691832, 0.0 ], [ -91.113328, 40.695149, 0.0 ], [ -91.111947, 40.697025, 0.0 ], [ -91.110934, 40.703269, 0.0 ], [ -91.111102, 40.708289, 0.0 ], [ -91.113892, 40.719539, 0.0 ], [ -91.115165, 40.721902, 0.0 ], [ -91.115697, 40.723945, 0.0 ], [ -91.115742, 40.725175, 0.0 ], [ -91.110431, 40.745535, 0.0 ], [ -91.108772, 40.750047, 0.0 ], [ -91.108207, 40.750942, 0.0 ], [ -91.102493, 40.757083, 0.0 ], [ -91.098112, 40.76324, 0.0 ], [ -91.09614, 40.767141, 0.0 ], [ -91.092483, 40.776845, 0.0 ], [ -91.09171, 40.779715, 0.0 ], [ -91.091269, 40.783067, 0.0 ], [ -91.091253, 40.786731, 0.0 ], [ -91.091671, 40.790272, 0.0 ], [ -91.092263, 40.792916, 0.0 ], [ -91.097038, 40.802478, 0.0 ], [ -91.097656, 40.805582, 0.0 ], [ -91.09756, 40.80844, 0.0 ], [ -91.096953, 40.81141, 0.0 ], [ -91.095374, 40.815981, 0.0 ], [ -91.093, 40.821086, 0.0 ], [ -91.090079, 40.824645, 0.0 ], [ -91.081314, 40.830607, 0.0 ], [ -91.077528, 40.833412, 0.0 ], [ -91.071458, 40.838689, 0.0 ], [ -91.067166, 40.842004, 0.0 ], [ -91.062233, 40.844652, 0.0 ], [ -91.058756, 40.846316, 0.0 ], [ -91.056437, 40.848394, 0.0 ], [ -91.052785, 40.854022, 0.0 ], [ -91.050248, 40.858521, 0.0 ], [ -91.047351, 40.864661, 0.0 ], [ -91.04466, 40.868363, 0.0 ], [ -91.042005, 40.871104, 0.0 ], [ -91.039104, 40.873572, 0.0 ], [ -91.036796, 40.875045, 0.0 ], [ -91.032466, 40.876815, 0.0 ], [ -91.027496, 40.87918, 0.0 ], [ -91.021569, 40.884028, 0.0 ], [ -91.019548, 40.886682, 0.0 ], [ -91.013247, 40.896629, 0.0 ], [ -91.012142, 40.898128, 0.0 ], [ -91.009543, 40.900572, 0.0 ], [ -91.003543, 40.905153, 0.0 ], [ -91.000149, 40.907337, 0.0 ], [ -90.998507, 40.908127, 0.0 ], [ -90.995576, 40.909143, 0.0 ], [ -90.992929, 40.909688, 0.0 ], [ -90.985469, 40.912148, 0.0 ], [ -90.979197, 40.915529, 0.0 ], [ -90.969002, 40.919135, 0.0 ], [ -90.965351, 40.921641, 0.0 ], [ -90.962923, 40.924965, 0.0 ], [ -90.962567, 40.925839, 0.0 ], [ -90.961899, 40.928481, 0.0 ], [ -90.961119, 40.933545, 0.0 ], [ -90.960469, 40.936364, 0.0 ], [ -90.959954, 40.937744, 0.0 ], [ -90.957222, 40.943439, 0.0 ], [ -90.953594, 40.95051, 0.0 ], [ -90.95224, 40.954055, 0.0 ], [ -90.951974, 40.958246, 0.0 ], [ -90.952722, 40.962095, 0.0 ], [ -90.955118, 40.969866, 0.0 ], [ -90.958096, 40.976651, 0.0 ], [ -90.958149, 40.979775, 0.0 ], [ -90.955208, 40.986813, 0.0 ], [ -90.951818, 40.991415, 0.0 ], [ -90.949641, 40.995256, 0.0 ], [ -90.94846, 41.000044, 0.0 ], [ -90.945956, 41.006503, 0.0 ], [ -90.945061, 41.011925, 0.0 ], [ -90.945434, 41.015556, 0.0 ], [ -90.945331, 41.019287, 0.0 ], [ -90.94226, 41.03471, 0.0 ], [ -90.942327, 41.03848, 0.0 ], [ -90.943746, 41.043109, 0.0 ], [ -90.943957, 41.045162, 0.0 ], [ -90.943659, 41.048645, 0.0 ], [ -90.944584, 41.052263, 0.0 ], [ -90.946006, 41.056344, 0.0 ], [ -90.945556, 41.061738, 0.0 ], [ -90.946031, 41.063652, 0.0 ], [ -90.947146, 41.065721, 0.0 ], [ -90.949142, 41.070618, 0.0 ], [ -90.949397, 41.072791, 0.0 ], [ -90.949329, 41.074492, 0.0 ], [ -90.948404, 41.081083, 0.0 ], [ -90.948034, 41.0874, 0.0 ], [ -90.947483, 41.090515, 0.0 ], [ -90.946267, 41.094738, 0.0 ], [ -90.946632, 41.096636, 0.0 ], [ -90.949759, 41.101279, 0.0 ], [ -90.957272, 41.111075, 0.0 ], [ -90.960809, 41.114782, 0.0 ], [ -90.965915, 41.119567, 0.0 ], [ -90.968858, 41.125661, 0.0 ], [ -90.969354, 41.127396, 0.0 ], [ -90.970863, 41.130117, 0.0 ], [ -90.976436, 41.137139, 0.0 ], [ -90.979084, 41.139783, 0.0 ], [ -90.981334, 41.142683, 0.0 ], [ -90.984965, 41.148282, 0.0 ], [ -90.986076, 41.150616, 0.0 ], [ -90.989669, 41.155715, 0.0 ], [ -90.99497, 41.160638, 0.0 ], [ -90.997912, 41.16257, 0.0 ], [ -91.005512, 41.165632, 0.0 ], [ -91.007601, 41.166195, 0.0 ], [ -91.009614, 41.166253, 0.0 ], [ -91.012577, 41.165932, 0.0 ], [ -91.017846, 41.165171, 0.0 ], [ -91.024093, 41.163633, 0.0 ], [ -91.027238, 41.163391, 0.0 ], [ -91.030052, 41.163561, 0.0 ], [ -91.034431, 41.164439, 0.0 ], [ -91.038599, 41.165559, 0.0 ], [ -91.041564, 41.16617, 0.0 ], [ -91.043901, 41.169131, 0.0 ], [ -91.055075, 41.185797, 0.0 ], [ -91.063765, 41.196628, 0.0 ], [ -91.065906, 41.199525, 0.0 ], [ -91.072991, 41.207159, 0.0 ], [ -91.081459, 41.214437, 0.0 ], [ -91.087083, 41.21823, 0.0 ], [ -91.093037, 41.222642, 0.0 ], [ -91.097484, 41.227508, 0.0 ], [ -91.098944, 41.228972, 0.0 ], [ -91.100852, 41.230539, 0.0 ], [ -91.106222, 41.234566, 0.0 ], [ -91.108789, 41.235972, 0.0 ], [ -91.109589, 41.236574, 0.0 ], [ -91.112355, 41.23901, 0.0 ], [ -91.113069, 41.239976, 0.0 ], [ -91.113664, 41.241409, 0.0 ], [ -91.114144, 41.245048, 0.0 ], [ -91.114193, 41.250037, 0.0 ], [ -91.11279, 41.252539, 0.0 ], [ -91.110311, 41.256096, 0.0 ], [ -91.107332, 41.258951, 0.0 ], [ -91.104469, 41.262112, 0.0 ], [ -91.101149, 41.267177, 0.0 ], [ -91.098947, 41.271532, 0.0 ], [ -91.094169, 41.282613, 0.0 ], [ -91.092041, 41.286919, 0.0 ], [ -91.09071, 41.289105, 0.0 ], [ -91.086887, 41.294379, 0.0 ], [ -91.077512, 41.301836, 0.0 ], [ -91.075999, 41.303723, 0.0 ], [ -91.074848, 41.305586, 0.0 ], [ -91.074156, 41.307602, 0.0 ], [ -91.07356, 41.310489, 0.0 ], [ -91.073239, 41.313448, 0.0 ], [ -91.072791, 41.321425, 0.0 ], [ -91.07212, 41.329578, 0.0 ], [ -91.071977, 41.335003, 0.0 ], [ -91.071562, 41.339656, 0.0 ], [ -91.06977, 41.35031, 0.0 ], [ -91.067593, 41.359327, 0.0 ], [ -91.06692, 41.363425, 0.0 ], [ -91.066239, 41.366375, 0.0 ], [ -91.065663, 41.368004, 0.0 ], [ -91.065065, 41.369109, 0.0 ], [ -91.062292, 41.372543, 0.0 ], [ -91.059978, 41.375036, 0.0 ], [ -91.059614, 41.375875, 0.0 ], [ -91.05682, 41.378936, 0.0 ], [ -91.055605, 41.380034, 0.0 ], [ -91.05194, 41.38449, 0.0 ], [ -91.051113, 41.386659, 0.0 ], [ -91.051017, 41.387564, 0.0 ], [ -91.050756, 41.395978, 0.0 ], [ -91.050335, 41.400057, 0.0 ], [ -91.048266, 41.409756, 0.0 ], [ -91.047649, 41.411318, 0.0 ], [ -91.045897, 41.414093, 0.0 ], [ -91.043995, 41.415905, 0.0 ], [ -91.039879, 41.418531, 0.0 ], [ -91.037138, 41.420025, 0.0 ], [ -91.033191, 41.421417, 0.0 ], [ -91.027794, 41.423611, 0.0 ], [ -91.024143, 41.42407, 0.0 ], [ -91.011987, 41.425032, 0.0 ], [ -91.005853, 41.426143, 0.0 ], [ -91.003375, 41.427345, 0.0 ], [ -90.993976, 41.43029, 0.0 ], [ -90.986796, 41.433412, 0.0 ], [ -90.985893, 41.433697, 0.0 ], [ -90.98292, 41.434179, 0.0 ], [ -90.979822, 41.434329, 0.0 ], [ -90.977947, 41.434237, 0.0 ], [ -90.975175, 41.433993, 0.0 ], [ -90.974192, 41.43372, 0.0 ], [ -90.973093, 41.433284, 0.0 ], [ -90.97018, 41.431246, 0.0 ], [ -90.966669, 41.430059, 0.0 ], [ -90.962102, 41.429335, 0.0 ], [ -90.958871, 41.428037, 0.0 ], [ -90.954742, 41.425618, 0.0 ], [ -90.949798, 41.424171, 0.0 ], [ -90.939675, 41.42315, 0.0 ], [ -90.931393, 41.421446, 0.0 ], [ -90.930698, 41.421376, 0.0 ], [ -90.929261, 41.421552, 0.0 ], [ -90.925802, 41.422345, 0.0 ], [ -90.92435, 41.422868, 0.0 ], [ -90.919358, 41.425597, 0.0 ], [ -90.909357, 41.428809, 0.0 ], [ -90.902674, 41.430321, 0.0 ], [ -90.900478, 41.431162, 0.0 ], [ -90.89215, 41.434957, 0.0 ], [ -90.890683, 41.435496, 0.0 ], [ -90.879785, 41.441073, 0.0 ], [ -90.876965, 41.442879, 0.0 ], [ -90.869825, 41.446768, 0.0 ], [ -90.869247, 41.447212, 0.0 ], [ -90.860633, 41.451401, 0.0 ], [ -90.857561, 41.452759, 0.0 ], [ -90.853611, 41.453917, 0.0 ], [ -90.846565, 41.455149, 0.0 ], [ -90.840762, 41.455629, 0.0 ], [ -90.835366, 41.455583, 0.0 ], [ -90.829037, 41.455135, 0.0 ], [ -90.824743, 41.454475, 0.0 ], [ -90.816777, 41.454334, 0.0 ], [ -90.810042, 41.454578, 0.0 ], [ -90.798938, 41.454033, 0.0 ], [ -90.78821, 41.453155, 0.0 ], [ -90.77759, 41.451269, 0.0 ], [ -90.773424, 41.45089, 0.0 ], [ -90.765491, 41.45068, 0.0 ], [ -90.751713, 41.449686, 0.0 ], [ -90.745953, 41.449738, 0.0 ], [ -90.737544, 41.450135, 0.0 ], [ -90.733448, 41.450939, 0.0 ], [ -90.723552, 41.452256, 0.0 ], [ -90.707865, 41.453751, 0.0 ], [ -90.701166, 41.454751, 0.0 ], [ -90.690958, 41.456651, 0.0 ], [ -90.676446, 41.46084, 0.0 ], [ -90.666246, 41.46064, 0.0 ], [ -90.66619, 41.455571, 0.0 ], [ -90.666597, 41.426518, 0.0 ], [ -90.66768, 41.415695, 0.0 ], [ -90.651593, 41.415742, 0.0 ], [ -90.637844, 41.415487, 0.0 ], [ -90.62897, 41.415039, 0.0 ], [ -90.605828, 41.414543, 0.0 ], [ -90.563031, 41.413744, 0.0 ], [ -90.548794, 41.413695, 0.0 ], [ -90.548941, 41.402065, 0.0 ], [ -90.549136, 41.3977, 0.0 ], [ -90.549149, 41.386303, 0.0 ], [ -90.549507, 41.379988, 0.0 ], [ -90.549576, 41.352465, 0.0 ], [ -90.549961, 41.324998, 0.0 ], [ -90.552278, 41.239723, 0.0 ], [ -90.54681, 41.239693, 0.0 ], [ -90.547077, 41.239385, 0.0 ], [ -90.547695, 41.212279, 0.0 ], [ -90.547708, 41.201193, 0.0 ], [ -90.548785, 41.133218, 0.0 ], [ -90.54874, 41.122786, 0.0 ], [ -90.553258, 40.976912, 0.0 ], [ -90.617098, 40.978452, 0.0 ], [ -90.669611, 40.980234, 0.0 ], [ -90.669702, 40.974312, 0.0 ], [ -90.670417, 40.957676, 0.0 ], [ -90.671578, 40.890832, 0.0 ], [ -90.671596, 40.888344, 0.0 ], [ -90.671397, 40.886958, 0.0 ], [ -90.671629, 40.885483, 0.0 ], [ -90.671755, 40.87314, 0.0 ], [ -90.672298, 40.850093, 0.0 ], [ -90.672507, 40.819652, 0.0 ], [ -90.673069, 40.783168, 0.0 ], [ -90.673583, 40.761517, 0.0 ], [ -90.673764, 40.732501, 0.0 ], [ -90.674007, 40.725252, 0.0 ], [ -90.674029, 40.717964, 0.0 ], [ -90.671697, 40.717934, 0.0 ], [ -90.671902, 40.711378, 0.0 ], [ -90.672272, 40.710752, 0.0 ], [ -90.672735, 40.690875, 0.0 ], [ -90.672572, 40.686165, 0.0 ], [ -90.673018, 40.665999, 0.0 ], [ -90.673226, 40.628598, 0.0 ], [ -90.673767, 40.608615, 0.0 ], [ -90.673762, 40.577919, 0.0 ], [ -90.673558, 40.575752, 0.0 ], [ -90.673704, 40.547092, 0.0 ], [ -90.67397, 40.543195, 0.0 ], [ -90.790191, 40.545264, 0.0 ], [ -90.79106, 40.456112, 0.0 ], [ -90.753355, 40.456059, 0.0 ], [ -90.749083, 40.455894, 0.0 ], [ -90.70522, 40.455515, 0.0 ], [ -90.704811, 40.455366, 0.0 ], [ -90.706008, 40.454125, 0.0 ], [ -90.705894, 40.454028, 0.0 ], [ -90.705897, 40.4529, 0.0 ], [ -90.704779, 40.453138, 0.0 ], [ -90.704808, 40.452348, 0.0 ], [ -90.699602, 40.453827, 0.0 ], [ -90.699831, 40.447847, 0.0 ], [ -90.696403, 40.447736, 0.0 ], [ -90.677259, 40.447735, 0.0 ], [ -90.67507, 40.447963, 0.0 ], [ -90.656233, 40.447914, 0.0 ], [ -90.656036, 40.455344, 0.0 ], [ -90.655723, 40.456031, 0.0 ], [ -90.654632, 40.457138, 0.0 ], [ -90.654469, 40.457596, 0.0 ], [ -90.654433, 40.458611, 0.0 ], [ -90.623842, 40.458584, 0.0 ], [ -90.622193, 40.458156, 0.0 ], [ -90.616585, 40.455315, 0.0 ], [ -90.614778, 40.454985, 0.0 ], [ -90.57858, 40.455047, 0.0 ], [ -90.56005, 40.455258, 0.0 ], [ -90.447467, 40.452062, 0.0 ], [ -90.447567, 40.477263, 0.0 ], [ -90.447236, 40.49592, 0.0 ], [ -90.447227, 40.510888, 0.0 ], [ -90.44687, 40.534594, 0.0 ], [ -90.446633, 40.569077, 0.0 ], [ -90.445809, 40.621058, 0.0 ], [ -90.445489, 40.631087, 0.0 ], [ -90.445405, 40.642273, 0.0 ], [ -90.445061, 40.656811, 0.0 ], [ -90.444612, 40.695512, 0.0 ], [ -90.444435, 40.697378, 0.0 ], [ -90.444316, 40.719777, 0.0 ], [ -90.443726, 40.751497, 0.0 ], [ -90.443736, 40.758631, 0.0 ], [ -90.443141, 40.773203, 0.0 ], [ -90.443241, 40.780301, 0.0 ], [ -90.442443, 40.847527, 0.0 ], [ -90.442206, 40.853042, 0.0 ], [ -90.442237, 40.86216, 0.0 ], [ -90.442466, 40.863706, 0.0 ], [ -90.442161, 40.865538, 0.0 ], [ -90.442082, 40.867686, 0.0 ], [ -90.441766, 40.889068, 0.0 ], [ -90.378426, 40.889157, 0.0 ], [ -90.303777, 40.888699, 0.0 ], [ -90.212776, 40.888505, 0.0 ], [ -90.211321, 40.975882, 0.0 ], [ -90.278072, 40.976016, 0.0 ], [ -90.325839, 40.976479, 0.0 ], [ -90.325635, 40.985836, 0.0 ], [ -90.325458, 40.9865, 0.0 ], [ -90.325418, 40.988316, 0.0 ], [ -90.324414, 41.041976, 0.0 ], [ -90.323178, 41.155184, 0.0 ], [ -90.322031, 41.237226, 0.0 ], [ -90.226076, 41.236502, 0.0 ], [ -90.214368, 41.236299, 0.0 ], [ -90.185138, 41.236236, 0.0 ], [ -90.118453, 41.235489, 0.0 ], [ -89.98374, 41.234597, 0.0 ], [ -89.984565, 41.149402, 0.0 ], [ -89.935491, 41.149312, 0.0 ], [ -89.868375, 41.149501, 0.0 ], [ -89.868353, 41.125014, 0.0 ], [ -89.868755, 41.088717, 0.0 ], [ -89.868402, 41.065276, 0.0 ], [ -89.868817, 41.064599, 0.0 ], [ -89.868624, 41.064077, 0.0 ], [ -89.868623, 41.050344, 0.0 ], [ -89.869394, 40.975041, 0.0 ], [ -89.829137, 40.974891, 0.0 ], [ -89.774179, 40.974296, 0.0 ], [ -89.754622, 40.973947, 0.0 ], [ -89.755288, 40.886504, 0.0 ], [ -89.716463, 40.886707, 0.0 ], [ -89.629986, 40.886308, 0.0 ], [ -89.630418, 40.864437, 0.0 ], [ -89.630484, 40.852416, 0.0 ], [ -89.630357, 40.851157, 0.0 ], [ -89.629923, 40.849976, 0.0 ], [ -89.630403, 40.849685, 0.0 ], [ -89.630532, 40.847473, 0.0 ], [ -89.630821, 40.825532, 0.0 ], [ -89.630072, 40.825524, 0.0 ], [ -89.630074, 40.825351, 0.0 ], [ -89.630102, 40.823794, 0.0 ], [ -89.630846, 40.823801, 0.0 ], [ -89.630897, 40.820491, 0.0 ], [ -89.633162, 40.820499, 0.0 ], [ -89.637094, 40.821081, 0.0 ], [ -89.63992, 40.821133, 0.0 ], [ -89.639829, 40.81363, 0.0 ], [ -89.641282, 40.813394, 0.0 ], [ -89.641483, 40.812661, 0.0 ], [ -89.669313, 40.812836, 0.0 ], [ -89.669382, 40.805484, 0.0 ], [ -89.6662, 40.805485, 0.0 ], [ -89.666221, 40.804457, 0.0 ], [ -89.664544, 40.804445, 0.0 ], [ -89.664683, 40.798069, 0.0 ], [ -89.669465, 40.798164, 0.0 ], [ -89.669663, 40.783442, 0.0 ], [ -89.666235, 40.783372, 0.0 ], [ -89.668602, 40.779031, 0.0 ], [ -89.668622, 40.776384, 0.0 ], [ -89.665087, 40.776362, 0.0 ], [ -89.665084, 40.774835, 0.0 ], [ -89.665608, 40.774841, 0.0 ], [ -89.665607, 40.774173, 0.0 ], [ -89.66461, 40.774165, 0.0 ], [ -89.664527, 40.774824, 0.0 ], [ -89.664416, 40.774839, 0.0 ], [ -89.664408, 40.773548, 0.0 ], [ -89.665012, 40.773728, 0.0 ], [ -89.665169, 40.773596, 0.0 ], [ -89.669403, 40.774829, 0.0 ], [ -89.670443, 40.761996, 0.0 ], [ -89.670807, 40.761817, 0.0 ], [ -89.670232, 40.768951, 0.0 ], [ -89.674666, 40.769031, 0.0 ], [ -89.674662, 40.769295, 0.0 ], [ -89.679804, 40.769294, 0.0 ], [ -89.679354, 40.768929, 0.0 ], [ -89.679411, 40.762014, 0.0 ], [ -89.680388, 40.761948, 0.0 ], [ -89.679447, 40.761909, 0.0 ], [ -89.679475, 40.760264, 0.0 ], [ -89.680483, 40.76, 0.0 ], [ -89.682561, 40.758952, 0.0 ], [ -89.683147, 40.758803, 0.0 ], [ -89.68858, 40.75845, 0.0 ], [ -89.688678, 40.755901, 0.0 ], [ -89.686482, 40.755779, 0.0 ], [ -89.684083, 40.75494, 0.0 ], [ -89.683084, 40.754763, 0.0 ], [ -89.674779, 40.754574, 0.0 ], [ -89.674816, 40.744416, 0.0 ], [ -89.667751, 40.742415, 0.0 ], [ -89.66758, 40.744052, 0.0 ], [ -89.667789, 40.745385, 0.0 ], [ -89.668618, 40.74721, 0.0 ], [ -89.670492, 40.749695, 0.0 ], [ -89.671, 40.750726, 0.0 ], [ -89.67146, 40.752685, 0.0 ], [ -89.67139, 40.754507, 0.0 ], [ -89.660188, 40.754339, 0.0 ], [ -89.660189, 40.754227, 0.0 ], [ -89.654036, 40.754337, 0.0 ], [ -89.65406, 40.753606, 0.0 ], [ -89.65376, 40.753595, 0.0 ], [ -89.653112, 40.753598, 0.0 ], [ -89.653115, 40.754262, 0.0 ], [ -89.652468, 40.754264, 0.0 ], [ -89.652184, 40.753843, 0.0 ], [ -89.651512, 40.753397, 0.0 ], [ -89.650721, 40.753291, 0.0 ], [ -89.65078, 40.751626, 0.0 ], [ -89.651527, 40.750221, 0.0 ], [ -89.650843, 40.749897, 0.0 ], [ -89.650838, 40.750015, 0.0 ], [ -89.649338, 40.748517, 0.0 ], [ -89.650943, 40.747123, 0.0 ], [ -89.650946, 40.747017, 0.0 ], [ -89.650524, 40.747047, 0.0 ], [ -89.650259, 40.747281, 0.0 ], [ -89.64997, 40.744878, 0.0 ], [ -89.650629, 40.743551, 0.0 ], [ -89.652353, 40.743397, 0.0 ], [ -89.65304, 40.74224, 0.0 ], [ -89.653596, 40.740799, 0.0 ], [ -89.65024, 40.740107, 0.0 ], [ -89.650378, 40.738124, 0.0 ], [ -89.65456, 40.737954, 0.0 ], [ -89.654631, 40.736774, 0.0 ], [ -89.655384, 40.734654, 0.0 ], [ -89.655801, 40.731796, 0.0 ], [ -89.655369, 40.731723, 0.0 ], [ -89.655374, 40.731522, 0.0 ], [ -89.65581, 40.731428, 0.0 ], [ -89.656237, 40.730465, 0.0 ], [ -89.656274, 40.728747, 0.0 ], [ -89.651388, 40.728812, 0.0 ], [ -89.651419, 40.717966, 0.0 ], [ -89.641753, 40.718078, 0.0 ], [ -89.641848, 40.710696, 0.0 ], [ -89.646315, 40.710896, 0.0 ], [ -89.648574, 40.710731, 0.0 ], [ -89.653505, 40.710745, 0.0 ], [ -89.657493, 40.710945, 0.0 ], [ -89.657389, 40.709041, 0.0 ], [ -89.656762, 40.707113, 0.0 ], [ -89.656622, 40.705837, 0.0 ], [ -89.654846, 40.702474, 0.0 ], [ -89.654466, 40.700991, 0.0 ], [ -89.6575, 40.699954, 0.0 ], [ -89.659957, 40.698166, 0.0 ], [ -89.661327, 40.697616, 0.0 ], [ -89.661084, 40.697329, 0.0 ], [ -89.661054, 40.695803, 0.0 ], [ -89.661188, 40.688354, 0.0 ], [ -89.654006, 40.688496, 0.0 ], [ -89.654602, 40.687966, 0.0 ], [ -89.654998, 40.68724, 0.0 ], [ -89.655145, 40.685425, 0.0 ], [ -89.655589, 40.683175, 0.0 ], [ -89.658258, 40.683137, 0.0 ], [ -89.658083, 40.682834, 0.0 ], [ -89.658481, 40.682829, 0.0 ], [ -89.657373, 40.68199, 0.0 ], [ -89.658, 40.681495, 0.0 ], [ -89.658784, 40.681442, 0.0 ], [ -89.658774, 40.681244, 0.0 ], [ -89.659294, 40.68129, 0.0 ], [ -89.659143, 40.680918, 0.0 ], [ -89.659435, 40.680876, 0.0 ], [ -89.661248, 40.681174, 0.0 ], [ -89.661238, 40.679873, 0.0 ], [ -89.662402, 40.679407, 0.0 ], [ -89.66382, 40.67914, 0.0 ], [ -89.665314, 40.679203, 0.0 ], [ -89.665917, 40.679329, 0.0 ], [ -89.665892, 40.681197, 0.0 ], [ -89.667278, 40.68125, 0.0 ], [ -89.667271, 40.681697, 0.0 ], [ -89.668061, 40.682027, 0.0 ], [ -89.668391, 40.682346, 0.0 ], [ -89.668603, 40.683416, 0.0 ], [ -89.670284, 40.683466, 0.0 ], [ -89.670393, 40.684288, 0.0 ], [ -89.670818, 40.684478, 0.0 ], [ -89.675619, 40.684474, 0.0 ], [ -89.675442, 40.680433, 0.0 ], [ -89.67566, 40.68045, 0.0 ], [ -89.675556, 40.674097, 0.0 ], [ -89.6819, 40.674249, 0.0 ], [ -89.68343, 40.673969, 0.0 ], [ -89.684172, 40.673621, 0.0 ], [ -89.684898, 40.67404, 0.0 ], [ -89.68573, 40.674211, 0.0 ], [ -89.697897, 40.674047, 0.0 ], [ -89.703951, 40.674242, 0.0 ], [ -89.703971, 40.66702, 0.0 ], [ -89.699509, 40.667017, 0.0 ], [ -89.699488, 40.665366, 0.0 ], [ -89.702398, 40.660921, 0.0 ], [ -89.703072, 40.657328, 0.0 ], [ -89.703052, 40.656808, 0.0 ], [ -89.701949, 40.656865, 0.0 ], [ -89.701819, 40.657444, 0.0 ], [ -89.700837, 40.657471, 0.0 ], [ -89.701008, 40.656704, 0.0 ], [ -89.699323, 40.656648, 0.0 ], [ -89.699034, 40.652413, 0.0 ], [ -89.705114, 40.652174, 0.0 ], [ -89.704692, 40.645336, 0.0 ], [ -89.713508, 40.645539, 0.0 ], [ -89.71372, 40.643992, 0.0 ], [ -89.713467, 40.643777, 0.0 ], [ -89.713476, 40.638303, 0.0 ], [ -89.718549, 40.6384, 0.0 ], [ -89.719734, 40.637962, 0.0 ], [ -89.718957, 40.637034, 0.0 ], [ -89.718427, 40.635917, 0.0 ], [ -89.718269, 40.635059, 0.0 ], [ -89.718261, 40.632144, 0.0 ], [ -89.717474, 40.632135, 0.0 ], [ -89.717404, 40.623933, 0.0 ], [ -89.680469, 40.623487, 0.0 ], [ -89.642807, 40.623446, 0.0 ], [ -89.637215, 40.623346, 0.0 ], [ -89.635924, 40.623136, 0.0 ], [ -89.628748, 40.628697, 0.0 ], [ -89.626411, 40.632081, 0.0 ], [ -89.624194, 40.634087, 0.0 ], [ -89.622684, 40.634956, 0.0 ], [ -89.621587, 40.634026, 0.0 ], [ -89.622558, 40.633279, 0.0 ], [ -89.620231, 40.63287, 0.0 ], [ -89.618299, 40.631557, 0.0 ], [ -89.616824, 40.630846, 0.0 ], [ -89.613382, 40.629924, 0.0 ], [ -89.613678, 40.629525, 0.0 ], [ -89.607905, 40.629138, 0.0 ], [ -89.607546, 40.567893, 0.0 ], [ -89.60715, 40.542025, 0.0 ], [ -89.606987, 40.540431, 0.0 ], [ -89.606776, 40.54042, 0.0 ], [ -89.606691, 40.531485, 0.0 ], [ -89.627022, 40.531026, 0.0 ], [ -89.664475, 40.530893, 0.0 ], [ -89.664345, 40.523575, 0.0 ], [ -89.70755, 40.523163, 0.0 ], [ -89.708192, 40.523282, 0.0 ], [ -89.708956, 40.524191, 0.0 ], [ -89.709951, 40.523909, 0.0 ], [ -89.71045, 40.523935, 0.0 ], [ -89.711114, 40.524924, 0.0 ], [ -89.712014, 40.525594, 0.0 ], [ -89.712454, 40.526141, 0.0 ], [ -89.712454, 40.526459, 0.0 ], [ -89.712084, 40.526971, 0.0 ], [ -89.712507, 40.537041, 0.0 ], [ -89.714799, 40.536025, 0.0 ], [ -89.719088, 40.533283, 0.0 ], [ -89.718439, 40.502152, 0.0 ], [ -89.718353, 40.486377, 0.0 ], [ -89.717929, 40.479178, 0.0 ], [ -89.716993, 40.430773, 0.0 ], [ -89.71716, 40.426598, 0.0 ], [ -89.716908, 40.42535, 0.0 ], [ -89.716348, 40.391837, 0.0 ], [ -89.604706, 40.39317, 0.0 ], [ -89.602725, 40.308418, 0.0 ], [ -89.601396, 40.23293, 0.0 ], [ -89.601017, 40.21842, 0.0 ], [ -89.603604, 40.218385, 0.0 ], [ -89.601694, 40.122385, 0.0 ], [ -89.603278, 40.121432, 0.0 ], [ -89.603963, 40.121592, 0.0 ], [ -89.605006, 40.122117, 0.0 ], [ -89.60593, 40.122757, 0.0 ], [ -89.606408, 40.123626, 0.0 ], [ -89.606349, 40.124358, 0.0 ], [ -89.605659, 40.126175, 0.0 ], [ -89.605808, 40.126518, 0.0 ], [ -89.60764, 40.1268, 0.0 ], [ -89.609266, 40.126698, 0.0 ], [ -89.610343, 40.126995, 0.0 ], [ -89.610895, 40.127337, 0.0 ], [ -89.611203, 40.128025, 0.0 ], [ -89.610893, 40.128563, 0.0 ], [ -89.609724, 40.129128, 0.0 ], [ -89.609147, 40.129216, 0.0 ], [ -89.612665, 40.132462, 0.0 ], [ -89.61353, 40.133787, 0.0 ], [ -89.613561, 40.134405, 0.0 ], [ -89.613769, 40.134588, 0.0 ], [ -89.615677, 40.135113, 0.0 ], [ -89.616959, 40.13573, 0.0 ], [ -89.619402, 40.135911, 0.0 ], [ -89.620296, 40.136231, 0.0 ], [ -89.620684, 40.136597, 0.0 ], [ -89.620952, 40.137054, 0.0 ], [ -89.620923, 40.137763, 0.0 ], [ -89.620536, 40.138495, 0.0 ], [ -89.620567, 40.138884, 0.0 ], [ -89.621103, 40.139341, 0.0 ], [ -89.621392, 40.13938, 0.0 ], [ -89.621756, 40.141079, 0.0 ], [ -89.622262, 40.141864, 0.0 ], [ -89.622739, 40.142383, 0.0 ], [ -89.623874, 40.143172, 0.0 ], [ -89.626077, 40.143294, 0.0 ], [ -89.627246, 40.143723, 0.0 ], [ -89.627543, 40.144297, 0.0 ], [ -89.626809, 40.14592, 0.0 ], [ -89.627314, 40.146561, 0.0 ], [ -89.628054, 40.146905, 0.0 ], [ -89.628066, 40.147559, 0.0 ], [ -89.627846, 40.148379, 0.0 ], [ -89.628008, 40.148824, 0.0 ], [ -89.629217, 40.149325, 0.0 ], [ -89.630003, 40.149412, 0.0 ], [ -89.630896, 40.149193, 0.0 ], [ -89.631527, 40.148295, 0.0 ], [ -89.631801, 40.1482, 0.0 ], [ -89.632193, 40.148679, 0.0 ], [ -89.633155, 40.152096, 0.0 ], [ -89.634207, 40.153418, 0.0 ], [ -89.634992, 40.153578, 0.0 ], [ -89.636339, 40.15233, 0.0 ], [ -89.637517, 40.152162, 0.0 ], [ -89.638208, 40.152998, 0.0 ], [ -89.638402, 40.154225, 0.0 ], [ -89.638268, 40.154877, 0.0 ], [ -89.638768, 40.155154, 0.0 ], [ -89.639703, 40.155016, 0.0 ], [ -89.641768, 40.154202, 0.0 ], [ -89.643865, 40.154226, 0.0 ], [ -89.645571, 40.15357, 0.0 ], [ -89.646399, 40.153608, 0.0 ], [ -89.647737, 40.154787, 0.0 ], [ -89.648048, 40.156473, 0.0 ], [ -89.648337, 40.157041, 0.0 ], [ -89.648699, 40.157415, 0.0 ], [ -89.649598, 40.157663, 0.0 ], [ -89.650275, 40.157193, 0.0 ], [ -89.651076, 40.155215, 0.0 ], [ -89.6513, 40.154895, 0.0 ], [ -89.651615, 40.154833, 0.0 ], [ -89.651981, 40.154916, 0.0 ], [ -89.653204, 40.156078, 0.0 ], [ -89.654658, 40.156331, 0.0 ], [ -89.655929, 40.15703, 0.0 ], [ -89.656702, 40.156668, 0.0 ], [ -89.657053, 40.156657, 0.0 ], [ -89.658343, 40.155923, 0.0 ], [ -89.659961, 40.155637, 0.0 ], [ -89.66069, 40.156037, 0.0 ], [ -89.661113, 40.157419, 0.0 ], [ -89.661618, 40.158116, 0.0 ], [ -89.665233, 40.160021, 0.0 ], [ -89.666131, 40.160334, 0.0 ], [ -89.667772, 40.160733, 0.0 ], [ -89.668968, 40.16067, 0.0 ], [ -89.668938, 40.152305, 0.0 ], [ -89.668693, 40.151454, 0.0 ], [ -89.668296, 40.125122, 0.0 ], [ -89.667967, 40.115271, 0.0 ], [ -89.66776, 40.09619, 0.0 ], [ -89.667549, 40.091871, 0.0 ], [ -89.667425, 40.091591, 0.0 ], [ -89.667014, 40.080839, 0.0 ], [ -89.66687, 40.070043, 0.0 ], [ -89.652728, 40.070176, 0.0 ], [ -89.65259, 40.063172, 0.0 ], [ -89.652277, 40.062924, 0.0 ], [ -89.628903, 40.063062, 0.0 ], [ -89.628637, 40.04125, 0.0 ], [ -89.638004, 40.041166, 0.0 ], [ -89.637773, 40.019367, 0.0 ], [ -89.656868, 40.019377, 0.0 ], [ -89.656958, 40.013995, 0.0 ], [ -89.656678, 40.000078, 0.0 ], [ -89.656808, 39.988583, 0.0 ], [ -89.656741, 39.975674, 0.0 ], [ -89.698265, 39.975316, 0.0 ], [ -89.697624, 39.938658, 0.0 ], [ -89.702289, 39.938626, 0.0 ], [ -89.702319, 39.93851, 0.0 ], [ -89.70187, 39.916794, 0.0 ], [ -89.712722, 39.916776, 0.0 ], [ -89.712726, 39.916932, 0.0 ], [ -89.749815, 39.916543, 0.0 ], [ -89.769149, 39.916872, 0.0 ], [ -89.769174, 39.902357, 0.0 ], [ -89.77348, 39.902316, 0.0 ], [ -89.774161, 39.902479, 0.0 ], [ -89.793237, 39.902433, 0.0 ], [ -89.825942, 39.902194, 0.0 ], [ -89.825944, 39.902321, 0.0 ], [ -89.836338, 39.901912, 0.0 ], [ -89.846683, 39.90173, 0.0 ], [ -89.882566, 39.901538, 0.0 ] ] ] } },
{ "type": "Feature", "properties": { "OID_": 0, "DISTRICT": "48", "STA": "IL", "ST": "17", "LABEL": "48", "DIST_NAME": "State Senate District 48", "TYPE": "State Legislature - Upper Chamber", "TYPE_ABB": "Leg_Upper", "ELECT_YEAR": "Enacted" }, "geometry": { "type": "Polygon", "coordinates": [ [ [ -89.26232, 39.523563, 0.0 ], [ -89.287654, 39.52363, 0.0 ], [ -89.325534, 39.523989, 0.0 ], [ -89.329391, 39.524, 0.0 ], [ -89.329874, 39.523883, 0.0 ], [ -89.366455, 39.52431, 0.0 ], [ -89.533661, 39.524599, 0.0 ], [ -89.533892, 39.557235, 0.0 ], [ -89.535082, 39.609998, 0.0 ], [ -89.535004, 39.612233, 0.0 ], [ -89.534855, 39.612239, 0.0 ], [ -89.534618, 39.614502, 0.0 ], [ -89.535696, 39.684739, 0.0 ], [ -89.53614, 39.699674, 0.0 ], [ -89.59207, 39.700504, 0.0 ], [ -89.592078, 39.703759, 0.0 ], [ -89.592562, 39.703751, 0.0 ], [ -89.592572, 39.704326, 0.0 ], [ -89.592086, 39.704315, 0.0 ], [ -89.592095, 39.704975, 0.0 ], [ -89.592916, 39.705123, 0.0 ], [ -89.592954, 39.704569, 0.0 ], [ -89.594092, 39.704571, 0.0 ], [ -89.594202, 39.703443, 0.0 ], [ -89.594408, 39.703366, 0.0 ], [ -89.595516, 39.701642, 0.0 ], [ -89.596098, 39.701439, 0.0 ], [ -89.597099, 39.699852, 0.0 ], [ -89.597951, 39.698738, 0.0 ], [ -89.598662, 39.698178, 0.0 ], [ -89.600011, 39.696228, 0.0 ], [ -89.600536, 39.696113, 0.0 ], [ -89.601148, 39.696266, 0.0 ], [ -89.602719, 39.697896, 0.0 ], [ -89.603871, 39.698489, 0.0 ], [ -89.606151, 39.69812, 0.0 ], [ -89.606521, 39.697703, 0.0 ], [ -89.606805, 39.697752, 0.0 ], [ -89.60684, 39.697917, 0.0 ], [ -89.607423, 39.69829, 0.0 ], [ -89.608887, 39.698613, 0.0 ], [ -89.609463, 39.698261, 0.0 ], [ -89.610393, 39.696773, 0.0 ], [ -89.610058, 39.696296, 0.0 ], [ -89.609397, 39.695813, 0.0 ], [ -89.609255, 39.695451, 0.0 ], [ -89.609703, 39.695769, 0.0 ], [ -89.610157, 39.69567, 0.0 ], [ -89.610271, 39.696093, 0.0 ], [ -89.610584, 39.696252, 0.0 ], [ -89.61096, 39.695823, 0.0 ], [ -89.611152, 39.69601, 0.0 ], [ -89.61177, 39.695768, 0.0 ], [ -89.612701, 39.695746, 0.0 ], [ -89.612829, 39.695103, 0.0 ], [ -89.612245, 39.693622, 0.0 ], [ -89.612109, 39.692738, 0.0 ], [ -89.612237, 39.692438, 0.0 ], [ -89.612577, 39.69246, 0.0 ], [ -89.613203, 39.694069, 0.0 ], [ -89.613681, 39.694494, 0.0 ], [ -89.614072, 39.69524, 0.0 ], [ -89.6143, 39.696244, 0.0 ], [ -89.615046, 39.69631, 0.0 ], [ -89.616887, 39.696084, 0.0 ], [ -89.618258, 39.696528, 0.0 ], [ -89.618443, 39.696325, 0.0 ], [ -89.618016, 39.695271, 0.0 ], [ -89.618421, 39.694843, 0.0 ], [ -89.619018, 39.695221, 0.0 ], [ -89.620367, 39.695582, 0.0 ], [ -89.621105, 39.695558, 0.0 ], [ -89.621018, 39.69517, 0.0 ], [ -89.620367, 39.694412, 0.0 ], [ -89.621405, 39.69366, 0.0 ], [ -89.621822, 39.69298, 0.0 ], [ -89.62197, 39.693143, 0.0 ], [ -89.62158, 39.694276, 0.0 ], [ -89.621688, 39.694519, 0.0 ], [ -89.622467, 39.694946, 0.0 ], [ -89.622766, 39.695601, 0.0 ], [ -89.624231, 39.694761, 0.0 ], [ -89.623863, 39.694117, 0.0 ], [ -89.624153, 39.694021, 0.0 ], [ -89.624075, 39.69357, 0.0 ], [ -89.624282, 39.693609, 0.0 ], [ -89.624644, 39.694338, 0.0 ], [ -89.624983, 39.69442, 0.0 ], [ -89.624953, 39.693773, 0.0 ], [ -89.625152, 39.693182, 0.0 ], [ -89.625355, 39.693609, 0.0 ], [ -89.625495, 39.693582, 0.0 ], [ -89.625529, 39.694075, 0.0 ], [ -89.625655, 39.694062, 0.0 ], [ -89.626276, 39.69342, 0.0 ], [ -89.626158, 39.693273, 0.0 ], [ -89.62763, 39.692489, 0.0 ], [ -89.627907, 39.692176, 0.0 ], [ -89.62795, 39.691518, 0.0 ], [ -89.627616, 39.691605, 0.0 ], [ -89.627283, 39.691254, 0.0 ], [ -89.627709, 39.691243, 0.0 ], [ -89.627767, 39.690491, 0.0 ], [ -89.628342, 39.690524, 0.0 ], [ -89.627994, 39.690716, 0.0 ], [ -89.628143, 39.691139, 0.0 ], [ -89.62891, 39.691562, 0.0 ], [ -89.630402, 39.691233, 0.0 ], [ -89.630758, 39.690745, 0.0 ], [ -89.63102, 39.690932, 0.0 ], [ -89.630521, 39.693122, 0.0 ], [ -89.630747, 39.693209, 0.0 ], [ -89.630284, 39.694851, 0.0 ], [ -89.631572, 39.694846, 0.0 ], [ -89.632666, 39.695253, 0.0 ], [ -89.63302, 39.696702, 0.0 ], [ -89.633481, 39.697009, 0.0 ], [ -89.634341, 39.69724, 0.0 ], [ -89.63449, 39.697482, 0.0 ], [ -89.634488, 39.69775, 0.0 ], [ -89.634149, 39.698234, 0.0 ], [ -89.634738, 39.698283, 0.0 ], [ -89.635505, 39.699085, 0.0 ], [ -89.636066, 39.699354, 0.0 ], [ -89.636095, 39.699536, 0.0 ], [ -89.635874, 39.699651, 0.0 ], [ -89.636272, 39.699964, 0.0 ], [ -89.636741, 39.699728, 0.0 ], [ -89.636912, 39.699893, 0.0 ], [ -89.63753, 39.699975, 0.0 ], [ -89.637785, 39.700332, 0.0 ], [ -89.638077, 39.699954, 0.0 ], [ -89.639811, 39.699855, 0.0 ], [ -89.640877, 39.699499, 0.0 ], [ -89.641978, 39.699642, 0.0 ], [ -89.642822, 39.699192, 0.0 ], [ -89.643235, 39.69917, 0.0 ], [ -89.642463, 39.694975, 0.0 ], [ -89.643055, 39.693829, 0.0 ], [ -89.643012, 39.693286, 0.0 ], [ -89.642672, 39.692814, 0.0 ], [ -89.643376, 39.69198, 0.0 ], [ -89.643276, 39.691436, 0.0 ], [ -89.64366, 39.691255, 0.0 ], [ -89.643994, 39.691305, 0.0 ], [ -89.644151, 39.690948, 0.0 ], [ -89.644648, 39.691009, 0.0 ], [ -89.645039, 39.690657, 0.0 ], [ -89.645053, 39.690366, 0.0 ], [ -89.644776, 39.690169, 0.0 ], [ -89.645174, 39.689878, 0.0 ], [ -89.645139, 39.689219, 0.0 ], [ -89.64548, 39.689483, 0.0 ], [ -89.645807, 39.689445, 0.0 ], [ -89.646248, 39.688221, 0.0 ], [ -89.647009, 39.687288, 0.0 ], [ -89.647563, 39.687211, 0.0 ], [ -89.648558, 39.686613, 0.0 ], [ -89.648793, 39.686322, 0.0 ], [ -89.648771, 39.685927, 0.0 ], [ -89.650008, 39.685982, 0.0 ], [ -89.6502, 39.68528, 0.0 ], [ -89.650519, 39.685329, 0.0 ], [ -89.650839, 39.685648, 0.0 ], [ -89.6515, 39.685648, 0.0 ], [ -89.65204, 39.685456, 0.0 ], [ -89.652068, 39.68517, 0.0 ], [ -89.652296, 39.685006, 0.0 ], [ -89.653212, 39.684885, 0.0 ], [ -89.654228, 39.685111, 0.0 ], [ -89.653419, 39.684144, 0.0 ], [ -89.652468, 39.681937, 0.0 ], [ -89.653192, 39.681702, 0.0 ], [ -89.653704, 39.68073, 0.0 ], [ -89.654259, 39.680192, 0.0 ], [ -89.656298, 39.679441, 0.0 ], [ -89.656717, 39.678546, 0.0 ], [ -89.657186, 39.678206, 0.0 ], [ -89.657257, 39.67786, 0.0 ], [ -89.657648, 39.677932, 0.0 ], [ -89.658366, 39.677668, 0.0 ], [ -89.658465, 39.677388, 0.0 ], [ -89.658764, 39.677273, 0.0 ], [ -89.658934, 39.676988, 0.0 ], [ -89.659126, 39.677449, 0.0 ], [ -89.659353, 39.677465, 0.0 ], [ -89.660582, 39.677219, 0.0 ], [ -89.662365, 39.676538, 0.0 ], [ -89.662501, 39.676368, 0.0 ], [ -89.663012, 39.676582, 0.0 ], [ -89.663651, 39.676495, 0.0 ], [ -89.664653, 39.675968, 0.0 ], [ -89.664746, 39.675402, 0.0 ], [ -89.664014, 39.674672, 0.0 ], [ -89.663545, 39.674425, 0.0 ], [ -89.663112, 39.67353, 0.0 ], [ -89.663702, 39.673448, 0.0 ], [ -89.663692, 39.673278, 0.0 ], [ -89.665583, 39.673244, 0.0 ], [ -89.666283, 39.673402, 0.0 ], [ -89.666673, 39.672838, 0.0 ], [ -89.667142, 39.672735, 0.0 ], [ -89.667117, 39.669934, 0.0 ], [ -89.668529, 39.669883, 0.0 ], [ -89.668543, 39.669427, 0.0 ], [ -89.669398, 39.669426, 0.0 ], [ -89.6694, 39.669536, 0.0 ], [ -89.694889, 39.669577, 0.0 ], [ -89.695518, 39.669567, 0.0 ], [ -89.695516, 39.669418, 0.0 ], [ -89.704466, 39.669346, 0.0 ], [ -89.704496, 39.671667, 0.0 ], [ -89.705122, 39.671932, 0.0 ], [ -89.706624, 39.670799, 0.0 ], [ -89.707448, 39.671276, 0.0 ], [ -89.71257, 39.671209, 0.0 ], [ -89.71262, 39.674358, 0.0 ], [ -89.713994, 39.674195, 0.0 ], [ -89.714115, 39.676336, 0.0 ], [ -89.704559, 39.676314, 0.0 ], [ -89.704985, 39.698238, 0.0 ], [ -89.704795, 39.698303, 0.0 ], [ -89.704707, 39.701764, 0.0 ], [ -89.704805, 39.709367, 0.0 ], [ -89.704642, 39.720101, 0.0 ], [ -89.698442, 39.720262, 0.0 ], [ -89.698448, 39.720378, 0.0 ], [ -89.704645, 39.720181, 0.0 ], [ -89.704742, 39.721826, 0.0 ], [ -89.704337, 39.721827, 0.0 ], [ -89.705297, 39.729062, 0.0 ], [ -89.705284, 39.734772, 0.0 ], [ -89.705724, 39.734757, 0.0 ], [ -89.705842, 39.742627, 0.0 ], [ -89.719932, 39.747085, 0.0 ], [ -89.719928, 39.7468, 0.0 ], [ -89.731849, 39.750566, 0.0 ], [ -89.731351, 39.750679, 0.0 ], [ -89.73208, 39.750896, 0.0 ], [ -89.732523, 39.751554, 0.0 ], [ -89.731884, 39.751351, 0.0 ], [ -89.731886, 39.751519, 0.0 ], [ -89.72983, 39.751542, 0.0 ], [ -89.729846, 39.752539, 0.0 ], [ -89.73173, 39.752525, 0.0 ], [ -89.732138, 39.752776, 0.0 ], [ -89.73222, 39.756372, 0.0 ], [ -89.734426, 39.756345, 0.0 ], [ -89.734666, 39.780543, 0.0 ], [ -89.73449, 39.781133, 0.0 ], [ -89.733843, 39.781904, 0.0 ], [ -89.733835, 39.783441, 0.0 ], [ -89.730564, 39.78669, 0.0 ], [ -89.729565, 39.786694, 0.0 ], [ -89.729583, 39.787799, 0.0 ], [ -89.720222, 39.796545, 0.0 ], [ -89.720286, 39.801164, 0.0 ], [ -89.715375, 39.801142, 0.0 ], [ -89.713545, 39.80354, 0.0 ], [ -89.712602, 39.805367, 0.0 ], [ -89.712031, 39.806998, 0.0 ], [ -89.711123, 39.81266, 0.0 ], [ -89.710617, 39.812874, 0.0 ], [ -89.710708, 39.815457, 0.0 ], [ -89.709493, 39.823073, 0.0 ], [ -89.703546, 39.821614, 0.0 ], [ -89.701545, 39.821626, 0.0 ], [ -89.70147, 39.816086, 0.0 ], [ -89.700629, 39.815845, 0.0 ], [ -89.694484, 39.820649, 0.0 ], [ -89.694436, 39.820116, 0.0 ], [ -89.69445, 39.820675, 0.0 ], [ -89.69109, 39.823096, 0.0 ], [ -89.687397, 39.825153, 0.0 ], [ -89.682216, 39.827455, 0.0 ], [ -89.679471, 39.828625, 0.0 ], [ -89.665465, 39.833251, 0.0 ], [ -89.662553, 39.834423, 0.0 ], [ -89.660471, 39.835479, 0.0 ], [ -89.657394, 39.837478, 0.0 ], [ -89.655716, 39.838319, 0.0 ], [ -89.649891, 39.84069, 0.0 ], [ -89.647957, 39.841713, 0.0 ], [ -89.644826, 39.841744, 0.0 ], [ -89.644854, 39.843337, 0.0 ], [ -89.643914, 39.843669, 0.0 ], [ -89.64094, 39.844311, 0.0 ], [ -89.635628, 39.844719, 0.0 ], [ -89.635603, 39.844585, 0.0 ], [ -89.636557, 39.844383, 0.0 ], [ -89.635904, 39.844391, 0.0 ], [ -89.633936, 39.844857, 0.0 ], [ -89.633149, 39.844774, 0.0 ], [ -89.632733, 39.845042, 0.0 ], [ -89.633034, 39.84563, 0.0 ], [ -89.631918, 39.845629, 0.0 ], [ -89.632045, 39.846162, 0.0 ], [ -89.625664, 39.850302, 0.0 ], [ -89.62566, 39.85054, 0.0 ], [ -89.625501, 39.85041, 0.0 ], [ -89.622246, 39.852541, 0.0 ], [ -89.622396, 39.852676, 0.0 ], [ -89.622392, 39.853032, 0.0 ], [ -89.6216, 39.852964, 0.0 ], [ -89.620688, 39.85356, 0.0 ], [ -89.620833, 39.853699, 0.0 ], [ -89.620835, 39.854291, 0.0 ], [ -89.619606, 39.854268, 0.0 ], [ -89.616622, 39.856222, 0.0 ], [ -89.615065, 39.857847, 0.0 ], [ -89.614132, 39.859688, 0.0 ], [ -89.613809, 39.861107, 0.0 ], [ -89.613968, 39.87035, 0.0 ], [ -89.614284, 39.870563, 0.0 ], [ -89.613963, 39.870837, 0.0 ], [ -89.61402, 39.874088, 0.0 ], [ -89.597487, 39.87429, 0.0 ], [ -89.584471, 39.874186, 0.0 ], [ -89.56369, 39.874298, 0.0 ], [ -89.563291, 39.874104, 0.0 ], [ -89.563348, 39.874017, 0.0 ], [ -89.562859, 39.873806, 0.0 ], [ -89.561869, 39.872527, 0.0 ], [ -89.561747, 39.872072, 0.0 ], [ -89.562239, 39.871649, 0.0 ], [ -89.563785, 39.870963, 0.0 ], [ -89.563713, 39.870189, 0.0 ], [ -89.563065, 39.869635, 0.0 ], [ -89.560764, 39.869443, 0.0 ], [ -89.560037, 39.86908, 0.0 ], [ -89.559396, 39.868268, 0.0 ], [ -89.559118, 39.867214, 0.0 ], [ -89.559239, 39.866237, 0.0 ], [ -89.559788, 39.865205, 0.0 ], [ -89.561932, 39.863443, 0.0 ], [ -89.562495, 39.862702, 0.0 ], [ -89.562665, 39.861972, 0.0 ], [ -89.562288, 39.861489, 0.0 ], [ -89.561583, 39.861187, 0.0 ], [ -89.559567, 39.8615, 0.0 ], [ -89.558705, 39.861412, 0.0 ], [ -89.558097, 39.861135, 0.0 ], [ -89.555645, 39.859077, 0.0 ], [ -89.555911, 39.858762, 0.0 ], [ -89.555186, 39.857295, 0.0 ], [ -89.55498, 39.856521, 0.0 ], [ -89.555058, 39.855906, 0.0 ], [ -89.554859, 39.855363, 0.0 ], [ -89.554837, 39.854523, 0.0 ], [ -89.555144, 39.852991, 0.0 ], [ -89.555607, 39.852256, 0.0 ], [ -89.557325, 39.85123, 0.0 ], [ -89.557964, 39.850634, 0.0 ], [ -89.558274, 39.849969, 0.0 ], [ -89.55818, 39.849123, 0.0 ], [ -89.556515, 39.847988, 0.0 ], [ -89.555444, 39.847696, 0.0 ], [ -89.554766, 39.847852, 0.0 ], [ -89.552651, 39.848984, 0.0 ], [ -89.551864, 39.849088, 0.0 ], [ -89.550715, 39.848716, 0.0 ], [ -89.549831, 39.847924, 0.0 ], [ -89.548984, 39.846547, 0.0 ], [ -89.548151, 39.844268, 0.0 ], [ -89.546928, 39.842186, 0.0 ], [ -89.546568, 39.84013, 0.0 ], [ -89.546667, 39.839588, 0.0 ], [ -89.546809, 39.839573, 0.0 ], [ -89.546735, 39.838938, 0.0 ], [ -89.546216, 39.83803, 0.0 ], [ -89.544876, 39.838033, 0.0 ], [ -89.545228, 39.837781, 0.0 ], [ -89.545212, 39.836637, 0.0 ], [ -89.544926, 39.836105, 0.0 ], [ -89.544834, 39.834772, 0.0 ], [ -89.545006, 39.83223, 0.0 ], [ -89.544685, 39.831692, 0.0 ], [ -89.543226, 39.830415, 0.0 ], [ -89.539366, 39.83427, 0.0 ], [ -89.538298, 39.835041, 0.0 ], [ -89.536573, 39.835941, 0.0 ], [ -89.533874, 39.836704, 0.0 ], [ -89.526014, 39.837764, 0.0 ], [ -89.515863, 39.83798, 0.0 ], [ -89.515866, 39.838295, 0.0 ], [ -89.50227, 39.838346, 0.0 ], [ -89.482883, 39.838833, 0.0 ], [ -89.482884, 39.838447, 0.0 ], [ -89.473235, 39.838662, 0.0 ], [ -89.459059, 39.839602, 0.0 ], [ -89.444448, 39.839221, 0.0 ], [ -89.444667, 39.788192, 0.0 ], [ -89.415669, 39.788052, 0.0 ], [ -89.368154, 39.787495, 0.0 ], [ -89.36843, 39.771892, 0.0 ], [ -89.368132, 39.771677, 0.0 ], [ -89.368211, 39.768395, 0.0 ], [ -89.367933, 39.768073, 0.0 ], [ -89.360845, 39.768004, 0.0 ], [ -89.36016, 39.767883, 0.0 ], [ -89.360043, 39.767774, 0.0 ], [ -89.360549, 39.767518, 0.0 ], [ -89.360876, 39.766974, 0.0 ], [ -89.36054, 39.766035, 0.0 ], [ -89.360003, 39.76555, 0.0 ], [ -89.360009, 39.765014, 0.0 ], [ -89.359718, 39.764785, 0.0 ], [ -89.359602, 39.764886, 0.0 ], [ -89.36004, 39.767524, 0.0 ], [ -89.358879, 39.768778, 0.0 ], [ -89.358412, 39.770227, 0.0 ], [ -89.358119, 39.770649, 0.0 ], [ -89.35734, 39.770878, 0.0 ], [ -89.355916, 39.770607, 0.0 ], [ -89.355694, 39.7707, 0.0 ], [ -89.355309, 39.771426, 0.0 ], [ -89.353964, 39.772114, 0.0 ], [ -89.35361, 39.771698, 0.0 ], [ -89.35301, 39.771471, 0.0 ], [ -89.353048, 39.77082, 0.0 ], [ -89.352694, 39.770388, 0.0 ], [ -89.352673, 39.769623, 0.0 ], [ -89.350841, 39.769755, 0.0 ], [ -89.350029, 39.769646, 0.0 ], [ -89.346277, 39.767752, 0.0 ], [ -89.345963, 39.767422, 0.0 ], [ -89.344534, 39.766913, 0.0 ], [ -89.342944, 39.766614, 0.0 ], [ -89.34232, 39.766886, 0.0 ], [ -89.341598, 39.766939, 0.0 ], [ -89.340754, 39.766475, 0.0 ], [ -89.33743, 39.765947, 0.0 ], [ -89.334061, 39.764864, 0.0 ], [ -89.331559, 39.764568, 0.0 ], [ -89.32971, 39.763766, 0.0 ], [ -89.328707, 39.763549, 0.0 ], [ -89.328077, 39.764046, 0.0 ], [ -89.327192, 39.764273, 0.0 ], [ -89.327102, 39.764521, 0.0 ], [ -89.327861, 39.765459, 0.0 ], [ -89.327785, 39.765981, 0.0 ], [ -89.32731, 39.766166, 0.0 ], [ -89.325715, 39.766004, 0.0 ], [ -89.325313, 39.766191, 0.0 ], [ -89.325029, 39.767032, 0.0 ], [ -89.325231, 39.767333, 0.0 ], [ -89.327854, 39.767294, 0.0 ], [ -89.32861, 39.767578, 0.0 ], [ -89.329158, 39.768811, 0.0 ], [ -89.328768, 39.769344, 0.0 ], [ -89.327924, 39.769701, 0.0 ], [ -89.325637, 39.770059, 0.0 ], [ -89.324188, 39.770713, 0.0 ], [ -89.322348, 39.771866, 0.0 ], [ -89.321361, 39.771962, 0.0 ], [ -89.320564, 39.771828, 0.0 ], [ -89.319439, 39.771293, 0.0 ], [ -89.317781, 39.7708, 0.0 ], [ -89.3173, 39.770817, 0.0 ], [ -89.31678, 39.771114, 0.0 ], [ -89.31586, 39.771946, 0.0 ], [ -89.315505, 39.77194, 0.0 ], [ -89.314285, 39.771109, 0.0 ], [ -89.313443, 39.771321, 0.0 ], [ -89.312587, 39.771307, 0.0 ], [ -89.310454, 39.772176, 0.0 ], [ -89.307849, 39.774368, 0.0 ], [ -89.305973, 39.775117, 0.0 ], [ -89.303128, 39.77582, 0.0 ], [ -89.302326, 39.776781, 0.0 ], [ -89.30045, 39.778421, 0.0 ], [ -89.300633, 39.77874, 0.0 ], [ -89.301437, 39.7792, 0.0 ], [ -89.301441, 39.779774, 0.0 ], [ -89.300897, 39.780554, 0.0 ], [ -89.299772, 39.781638, 0.0 ], [ -89.299645, 39.782022, 0.0 ], [ -89.299811, 39.782547, 0.0 ], [ -89.299632, 39.782805, 0.0 ], [ -89.298642, 39.78304, 0.0 ], [ -89.298295, 39.783306, 0.0 ], [ -89.298241, 39.783691, 0.0 ], [ -89.298473, 39.783986, 0.0 ], [ -89.299587, 39.784339, 0.0 ], [ -89.299721, 39.784547, 0.0 ], [ -89.297709, 39.787792, 0.0 ], [ -89.297366, 39.789074, 0.0 ], [ -89.296373, 39.789886, 0.0 ], [ -89.295177, 39.789912, 0.0 ], [ -89.294428, 39.79015, 0.0 ], [ -89.293802, 39.790074, 0.0 ], [ -89.293097, 39.789557, 0.0 ], [ -89.292301, 39.789576, 0.0 ], [ -89.291912, 39.789786, 0.0 ], [ -89.291488, 39.790311, 0.0 ], [ -89.291561, 39.790675, 0.0 ], [ -89.292523, 39.791715, 0.0 ], [ -89.292616, 39.792276, 0.0 ], [ -89.29246, 39.792557, 0.0 ], [ -89.29211, 39.792761, 0.0 ], [ -89.291732, 39.792746, 0.0 ], [ -89.289311, 39.791958, 0.0 ], [ -89.288223, 39.792053, 0.0 ], [ -89.286594, 39.79276, 0.0 ], [ -89.28605, 39.79362, 0.0 ], [ -89.285728, 39.793806, 0.0 ], [ -89.283399, 39.79386, 0.0 ], [ -89.282929, 39.794162, 0.0 ], [ -89.282683, 39.794617, 0.0 ], [ -89.283079, 39.79537, 0.0 ], [ -89.283684, 39.795767, 0.0 ], [ -89.283372, 39.796032, 0.0 ], [ -89.282512, 39.796232, 0.0 ], [ -89.28178, 39.796614, 0.0 ], [ -89.281355, 39.798906, 0.0 ], [ -89.280558, 39.799029, 0.0 ], [ -89.279548, 39.798931, 0.0 ], [ -89.27899, 39.799461, 0.0 ], [ -89.278784, 39.800101, 0.0 ], [ -89.276412, 39.799151, 0.0 ], [ -89.274331, 39.800061, 0.0 ], [ -89.272097, 39.801132, 0.0 ], [ -89.271422, 39.802898, 0.0 ], [ -89.270814, 39.803609, 0.0 ], [ -89.270425, 39.80387, 0.0 ], [ -89.266712, 39.805196, 0.0 ], [ -89.265379, 39.806429, 0.0 ], [ -89.26504, 39.806427, 0.0 ], [ -89.264937, 39.806001, 0.0 ], [ -89.265058, 39.805103, 0.0 ], [ -89.264594, 39.804285, 0.0 ], [ -89.263621, 39.804179, 0.0 ], [ -89.262547, 39.804392, 0.0 ], [ -89.260972, 39.8051, 0.0 ], [ -89.260382, 39.805609, 0.0 ], [ -89.259758, 39.806789, 0.0 ], [ -89.26002, 39.80726, 0.0 ], [ -89.259979, 39.808009, 0.0 ], [ -89.258683, 39.809097, 0.0 ], [ -89.257181, 39.809815, 0.0 ], [ -89.256777, 39.8111, 0.0 ], [ -89.256723, 39.813125, 0.0 ], [ -89.256227, 39.813857, 0.0 ], [ -89.2555, 39.814412, 0.0 ], [ -89.254994, 39.815052, 0.0 ], [ -89.253173, 39.818201, 0.0 ], [ -89.253016, 39.818985, 0.0 ], [ -89.252331, 39.820423, 0.0 ], [ -89.251918, 39.822563, 0.0 ], [ -89.25033, 39.824044, 0.0 ], [ -89.249504, 39.825121, 0.0 ], [ -89.248615, 39.82573, 0.0 ], [ -89.246538, 39.826092, 0.0 ], [ -89.246241, 39.825955, 0.0 ], [ -89.245124, 39.824552, 0.0 ], [ -89.242844, 39.82316, 0.0 ], [ -89.242196, 39.82305, 0.0 ], [ -89.240634, 39.823389, 0.0 ], [ -89.240316, 39.823334, 0.0 ], [ -89.240098, 39.823144, 0.0 ], [ -89.240072, 39.822888, 0.0 ], [ -89.240307, 39.821846, 0.0 ], [ -89.239796, 39.821329, 0.0 ], [ -89.238256, 39.821069, 0.0 ], [ -89.237669, 39.821399, 0.0 ], [ -89.237556, 39.821862, 0.0 ], [ -89.237199, 39.82218, 0.0 ], [ -89.236831, 39.822332, 0.0 ], [ -89.236343, 39.822164, 0.0 ], [ -89.236254, 39.82171, 0.0 ], [ -89.237163, 39.819687, 0.0 ], [ -89.23682, 39.819278, 0.0 ], [ -89.235731, 39.818993, 0.0 ], [ -89.235415, 39.818703, 0.0 ], [ -89.235514, 39.818479, 0.0 ], [ -89.236291, 39.818005, 0.0 ], [ -89.236362, 39.817707, 0.0 ], [ -89.236184, 39.817569, 0.0 ], [ -89.235097, 39.817653, 0.0 ], [ -89.234759, 39.817517, 0.0 ], [ -89.234543, 39.816556, 0.0 ], [ -89.234285, 39.816274, 0.0 ], [ -89.232615, 39.816644, 0.0 ], [ -89.231853, 39.816539, 0.0 ], [ -89.231541, 39.816313, 0.0 ], [ -89.231568, 39.8161, 0.0 ], [ -89.232387, 39.815632, 0.0 ], [ -89.233015, 39.815456, 0.0 ], [ -89.233749, 39.815526, 0.0 ], [ -89.233811, 39.815313, 0.0 ], [ -89.234248, 39.815155, 0.0 ], [ -89.233891, 39.814436, 0.0 ], [ -89.233956, 39.813999, 0.0 ], [ -89.234452, 39.813787, 0.0 ], [ -89.23444, 39.813425, 0.0 ], [ -89.233952, 39.812859, 0.0 ], [ -89.233358, 39.813225, 0.0 ], [ -89.232128, 39.813267, 0.0 ], [ -89.231388, 39.813525, 0.0 ], [ -89.229853, 39.813585, 0.0 ], [ -89.229439, 39.813287, 0.0 ], [ -89.228254, 39.813212, 0.0 ], [ -89.227707, 39.813929, 0.0 ], [ -89.227008, 39.814374, 0.0 ], [ -89.225266, 39.81496, 0.0 ], [ -89.223531, 39.814659, 0.0 ], [ -89.222557, 39.814105, 0.0 ], [ -89.221854, 39.813365, 0.0 ], [ -89.220181, 39.812917, 0.0 ], [ -89.218386, 39.813285, 0.0 ], [ -89.217481, 39.813224, 0.0 ], [ -89.217471, 39.836498, 0.0 ], [ -89.167927, 39.836616, 0.0 ], [ -89.163568, 39.836031, 0.0 ], [ -89.145715, 39.831986, 0.0 ], [ -89.142556, 39.831404, 0.0 ], [ -89.14256, 39.831716, 0.0 ], [ -89.138543, 39.831431, 0.0 ], [ -89.122699, 39.831302, 0.0 ], [ -89.104106, 39.831402, 0.0 ], [ -89.104061, 39.831125, 0.0 ], [ -89.103051, 39.831119, 0.0 ], [ -89.086779, 39.831193, 0.0 ], [ -89.083542, 39.831418, 0.0 ], [ -89.059135, 39.835683, 0.0 ], [ -89.052652, 39.836598, 0.0 ], [ -89.047958, 39.837421, 0.0 ], [ -89.04798, 39.837949, 0.0 ], [ -89.050426, 39.838029, 0.0 ], [ -89.048323, 39.839597, 0.0 ], [ -89.046961, 39.841235, 0.0 ], [ -89.046011, 39.843309, 0.0 ], [ -89.045685, 39.846004, 0.0 ], [ -89.042237, 39.846055, 0.0 ], [ -89.042239, 39.84623, 0.0 ], [ -89.045687, 39.846191, 0.0 ], [ -89.045646, 39.856021, 0.0 ], [ -89.045371, 39.858232, 0.0 ], [ -89.044574, 39.859964, 0.0 ], [ -89.043372, 39.861736, 0.0 ], [ -89.04249, 39.862603, 0.0 ], [ -89.028875, 39.87539, 0.0 ], [ -89.010525, 39.8755, 0.0 ], [ -89.010272, 39.859867, 0.0 ], [ -89.005317, 39.858936, 0.0 ], [ -89.003377, 39.857884, 0.0 ], [ -89.002376, 39.858321, 0.0 ], [ -89.001937, 39.85997, 0.0 ], [ -89.001397, 39.860881, 0.0 ], [ -88.999783, 39.859314, 0.0 ], [ -88.99936, 39.85913, 0.0 ], [ -88.997969, 39.859073, 0.0 ], [ -88.99798, 39.86033, 0.0 ], [ -88.996383, 39.860352, 0.0 ], [ -88.996372, 39.860894, 0.0 ], [ -88.995743, 39.860929, 0.0 ], [ -88.994516, 39.861364, 0.0 ], [ -88.992247, 39.861415, 0.0 ], [ -88.992303, 39.865471, 0.0 ], [ -88.990837, 39.865129, 0.0 ], [ -88.977779, 39.865484, 0.0 ], [ -88.975547, 39.865714, 0.0 ], [ -88.972914, 39.865628, 0.0 ], [ -88.973, 39.876385, 0.0 ], [ -88.961554, 39.876563, 0.0 ], [ -88.961449, 39.876992, 0.0 ], [ -88.960599, 39.87763, 0.0 ], [ -88.961091, 39.879118, 0.0 ], [ -88.960904, 39.880227, 0.0 ], [ -88.960919, 39.882611, 0.0 ], [ -88.960362, 39.884631, 0.0 ], [ -88.960382, 39.887529, 0.0 ], [ -88.962139, 39.887506, 0.0 ], [ -88.962976, 39.887809, 0.0 ], [ -88.964508, 39.887795, 0.0 ], [ -88.964563, 39.898386, 0.0 ], [ -88.955298, 39.89857, 0.0 ], [ -88.955458, 39.908159, 0.0 ], [ -88.955258, 39.908177, 0.0 ], [ -88.955268, 39.908433, 0.0 ], [ -88.917787, 39.909619, 0.0 ], [ -88.917524, 39.892398, 0.0 ], [ -88.915473, 39.892482, 0.0 ], [ -88.91258, 39.893238, 0.0 ], [ -88.90987, 39.892671, 0.0 ], [ -88.908964, 39.892632, 0.0 ], [ -88.8838, 39.893123, 0.0 ], [ -88.883845, 39.885642, 0.0 ], [ -88.878986, 39.885704, 0.0 ], [ -88.878919, 39.88105, 0.0 ], [ -88.879482, 39.878705, 0.0 ], [ -88.879542, 39.876487, 0.0 ], [ -88.879158, 39.874122, 0.0 ], [ -88.878883, 39.867413, 0.0 ], [ -88.878983, 39.863937, 0.0 ], [ -88.878588, 39.862572, 0.0 ], [ -88.878431, 39.85992, 0.0 ], [ -88.877955, 39.856353, 0.0 ], [ -88.878506, 39.851357, 0.0 ], [ -88.878275, 39.849141, 0.0 ], [ -88.881241, 39.849079, 0.0 ], [ -88.881105, 39.845433, 0.0 ], [ -88.886632, 39.845317, 0.0 ], [ -88.887604, 39.845037, 0.0 ], [ -88.888375, 39.844487, 0.0 ], [ -88.888082, 39.834505, 0.0 ], [ -88.878541, 39.834589, 0.0 ], [ -88.878254, 39.820035, 0.0 ], [ -88.8862, 39.819916, 0.0 ], [ -88.888815, 39.820031, 0.0 ], [ -88.890035, 39.819577, 0.0 ], [ -88.891173, 39.819964, 0.0 ], [ -88.893901, 39.819913, 0.0 ], [ -88.895456, 39.81956, 0.0 ], [ -88.897087, 39.819463, 0.0 ], [ -88.907733, 39.819906, 0.0 ], [ -88.907701, 39.814343, 0.0 ], [ -88.907285, 39.812471, 0.0 ], [ -88.911922, 39.812413, 0.0 ], [ -88.915889, 39.812712, 0.0 ], [ -88.915697, 39.808523, 0.0 ], [ -88.920338, 39.808507, 0.0 ], [ -88.920482, 39.812543, 0.0 ], [ -88.924982, 39.812643, 0.0 ], [ -88.925301, 39.819447, 0.0 ], [ -88.935034, 39.819161, 0.0 ], [ -88.93495, 39.813345, 0.0 ], [ -88.935441, 39.814243, 0.0 ], [ -88.936281, 39.815061, 0.0 ], [ -88.936801, 39.815346, 0.0 ], [ -88.93737, 39.81522, 0.0 ], [ -88.938268, 39.815489, 0.0 ], [ -88.941564, 39.815758, 0.0 ], [ -88.942376, 39.816104, 0.0 ], [ -88.942639, 39.816071, 0.0 ], [ -88.943423, 39.816625, 0.0 ], [ -88.944462, 39.817004, 0.0 ], [ -88.944776, 39.817537, 0.0 ], [ -88.946848, 39.818256, 0.0 ], [ -88.947709, 39.818052, 0.0 ], [ -88.948286, 39.818667, 0.0 ], [ -88.949133, 39.81898, 0.0 ], [ -88.949617, 39.818997, 0.0 ], [ -88.94836, 39.817028, 0.0 ], [ -88.948239, 39.816436, 0.0 ], [ -88.948332, 39.815808, 0.0 ], [ -88.950152, 39.816202, 0.0 ], [ -88.950512, 39.815616, 0.0 ], [ -88.951686, 39.816133, 0.0 ], [ -88.951606, 39.817099, 0.0 ], [ -88.951863, 39.817375, 0.0 ], [ -88.953322, 39.817375, 0.0 ], [ -88.954153, 39.818359, 0.0 ], [ -88.95451, 39.819324, 0.0 ], [ -88.955139, 39.819205, 0.0 ], [ -88.955324, 39.819007, 0.0 ], [ -88.958257, 39.819052, 0.0 ], [ -88.958544, 39.818819, 0.0 ], [ -88.958632, 39.818184, 0.0 ], [ -88.961561, 39.818088, 0.0 ], [ -88.962553, 39.817012, 0.0 ], [ -88.961737, 39.815826, 0.0 ], [ -88.96112, 39.815659, 0.0 ], [ -88.961387, 39.814894, 0.0 ], [ -88.961609, 39.814891, 0.0 ], [ -88.962218, 39.815411, 0.0 ], [ -88.962938, 39.816294, 0.0 ], [ -88.963433, 39.817399, 0.0 ], [ -88.963815, 39.818825, 0.0 ], [ -88.966686, 39.814776, 0.0 ], [ -88.96711, 39.814876, 0.0 ], [ -88.964818, 39.818242, 0.0 ], [ -88.973887, 39.818136, 0.0 ], [ -88.977137, 39.818269, 0.0 ], [ -89.009652, 39.817689, 0.0 ], [ -89.028817, 39.817563, 0.0 ], [ -89.028695, 39.809872, 0.0 ], [ -89.028465, 39.806584, 0.0 ], [ -89.028374, 39.788211, 0.0 ], [ -89.028848, 39.788176, 0.0 ], [ -89.028679, 39.769435, 0.0 ], [ -89.028345, 39.754066, 0.0 ], [ -89.027489, 39.727904, 0.0 ], [ -89.036979, 39.728235, 0.0 ], [ -89.046396, 39.728339, 0.0 ], [ -89.08403, 39.728288, 0.0 ], [ -89.09351, 39.728438, 0.0 ], [ -89.121782, 39.728483, 0.0 ], [ -89.140534, 39.72822, 0.0 ], [ -89.139472, 39.676994, 0.0 ], [ -89.138431, 39.604285, 0.0 ], [ -89.138023, 39.56628, 0.0 ], [ -89.137802, 39.523903, 0.0 ], [ -89.194517, 39.523915, 0.0 ], [ -89.213387, 39.52364, 0.0 ], [ -89.26232, 39.523563, 0.0 ] ] ] } },
{ "type": "Feature", "properties": { "OID_": 0, "DISTRICT": "49", "STA": "IL", "ST": "17", "LABEL": "49", "DIST_NAME": "State Senate District 49", "TYPE": "State Legislature - Upper Chamber", "TYPE_ABB": "Leg_Upper", "ELECT_YEAR": "Enacted" }, "geometry": { "type": "Polygon", "coordinates": [ [ [ -88.292816, 41.520038, 0.0 ], [ -88.293686, 41.546408, 0.0 ], [ -88.294046, 41.547748, 0.0 ], [ -88.294086, 41.549318, 0.0 ], [ -88.313919, 41.548897, 0.0 ], [ -88.314174, 41.556339, 0.0 ], [ -88.314076, 41.564888, 0.0 ], [ -88.315036, 41.592478, 0.0 ], [ -88.260136, 41.593558, 0.0 ], [ -88.25728, 41.593477, 0.0 ], [ -88.259126, 41.636208, 0.0 ], [ -88.317104, 41.635538, 0.0 ], [ -88.317566, 41.650018, 0.0 ], [ -88.317346, 41.650238, 0.0 ], [ -88.316936, 41.649878, 0.0 ], [ -88.308016, 41.650058, 0.0 ], [ -88.3088, 41.6783, 0.0 ], [ -88.308946, 41.678298, 0.0 ], [ -88.309426, 41.679598, 0.0 ], [ -88.309696, 41.686468, 0.0 ], [ -88.309806, 41.690698, 0.0 ], [ -88.309215, 41.690755, 0.0 ], [ -88.309213, 41.691975, 0.0 ], [ -88.306926, 41.692024, 0.0 ], [ -88.306898, 41.690983, 0.0 ], [ -88.278256, 41.693518, 0.0 ], [ -88.270977, 41.694308, 0.0 ], [ -88.263406, 41.695398, 0.0 ], [ -88.253886, 41.697278, 0.0 ], [ -88.242728, 41.699851, 0.0 ], [ -88.237954, 41.701789, 0.0 ], [ -88.234724, 41.703656, 0.0 ], [ -88.234418, 41.694748, 0.0 ], [ -88.205268, 41.695222, 0.0 ], [ -88.204741, 41.680663, 0.0 ], [ -88.185579, 41.680923, 0.0 ], [ -88.179308, 41.680643, 0.0 ], [ -88.174971, 41.681182, 0.0 ], [ -88.166483, 41.681451, 0.0 ], [ -88.166095, 41.682733, 0.0 ], [ -88.166242, 41.688871, 0.0 ], [ -88.165062, 41.688902, 0.0 ], [ -88.164334, 41.689107, 0.0 ], [ -88.162332, 41.69099, 0.0 ], [ -88.157532, 41.692352, 0.0 ], [ -88.15314, 41.693997, 0.0 ], [ -88.152513, 41.693022, 0.0 ], [ -88.152405, 41.690728, 0.0 ], [ -88.150715, 41.690427, 0.0 ], [ -88.143376, 41.690772, 0.0 ], [ -88.138513, 41.690522, 0.0 ], [ -88.137919, 41.691091, 0.0 ], [ -88.136433, 41.691359, 0.0 ], [ -88.135966, 41.691618, 0.0 ], [ -88.135934, 41.693576, 0.0 ], [ -88.134022, 41.693688, 0.0 ], [ -88.133212, 41.693456, 0.0 ], [ -88.133122, 41.693679, 0.0 ], [ -88.133281, 41.694188, 0.0 ], [ -88.132494, 41.694352, 0.0 ], [ -88.132268, 41.693774, 0.0 ], [ -88.131843, 41.693363, 0.0 ], [ -88.130528, 41.693717, 0.0 ], [ -88.13074, 41.702235, 0.0 ], [ -88.108669, 41.704939, 0.0 ], [ -88.108624, 41.704058, 0.0 ], [ -88.108447, 41.703618, 0.0 ], [ -88.107134, 41.702403, 0.0 ], [ -88.10697, 41.700914, 0.0 ], [ -88.107204, 41.700338, 0.0 ], [ -88.108589, 41.698909, 0.0 ], [ -88.108707, 41.697063, 0.0 ], [ -88.109825, 41.695864, 0.0 ], [ -88.109666, 41.690028, 0.0 ], [ -88.082941, 41.690879, 0.0 ], [ -88.082887, 41.68933, 0.0 ], [ -88.082415, 41.689312, 0.0 ], [ -88.082267, 41.684262, 0.0 ], [ -88.079864, 41.684141, 0.0 ], [ -88.079804, 41.683626, 0.0 ], [ -88.078848, 41.681879, 0.0 ], [ -88.079016, 41.681595, 0.0 ], [ -88.080214, 41.680959, 0.0 ], [ -88.080365, 41.6806, 0.0 ], [ -88.079323, 41.679383, 0.0 ], [ -88.095495, 41.670855, 0.0 ], [ -88.09549, 41.670706, 0.0 ], [ -88.118687, 41.658658, 0.0 ], [ -88.124913, 41.655574, 0.0 ], [ -88.124913, 41.655459, 0.0 ], [ -88.12997, 41.653358, 0.0 ], [ -88.130625, 41.653295, 0.0 ], [ -88.133715, 41.651934, 0.0 ], [ -88.145303, 41.645492, 0.0 ], [ -88.144817, 41.631071, 0.0 ], [ -88.142632, 41.631105, 0.0 ], [ -88.142017, 41.630602, 0.0 ], [ -88.141155, 41.631053, 0.0 ], [ -88.13946, 41.63075, 0.0 ], [ -88.138806, 41.631207, 0.0 ], [ -88.136797, 41.631243, 0.0 ], [ -88.137177, 41.631046, 0.0 ], [ -88.13673, 41.630524, 0.0 ], [ -88.135656, 41.630296, 0.0 ], [ -88.135409, 41.630579, 0.0 ], [ -88.135203, 41.630497, 0.0 ], [ -88.134575, 41.631292, 0.0 ], [ -88.12637, 41.631468, 0.0 ], [ -88.126753, 41.631774, 0.0 ], [ -88.124014, 41.631698, 0.0 ], [ -88.122714, 41.595257, 0.0 ], [ -88.113055, 41.595523, 0.0 ], [ -88.112798, 41.58828, 0.0 ], [ -88.112685, 41.588276, 0.0 ], [ -88.111645, 41.567891, 0.0 ], [ -88.111291, 41.564211, 0.0 ], [ -88.096284, 41.564349, 0.0 ], [ -88.096099, 41.561481, 0.0 ], [ -88.094183, 41.561519, 0.0 ], [ -88.094347, 41.560812, 0.0 ], [ -88.094295, 41.559736, 0.0 ], [ -88.089813, 41.559814, 0.0 ], [ -88.089399, 41.552603, 0.0 ], [ -88.088089, 41.552631, 0.0 ], [ -88.086992, 41.549036, 0.0 ], [ -88.094452, 41.548771, 0.0 ], [ -88.094132, 41.539817, 0.0 ], [ -88.096431, 41.539735, 0.0 ], [ -88.096376, 41.5379, 0.0 ], [ -88.094086, 41.537941, 0.0 ], [ -88.093984, 41.532544, 0.0 ], [ -88.115535, 41.531953, 0.0 ], [ -88.115769, 41.537404, 0.0 ], [ -88.150084, 41.536606, 0.0 ], [ -88.19922, 41.536067, 0.0 ], [ -88.198662, 41.521557, 0.0 ], [ -88.242254, 41.52109, 0.0 ], [ -88.254296, 41.520729, 0.0 ], [ -88.25431, 41.520995, 0.0 ], [ -88.292816, 41.520038, 0.0 ] ] ] } },
{ "type": "Feature", "properties": { "OID_": 0, "DISTRICT": "50", "STA": "IL", "ST": "17", "LABEL": "50", "DIST_NAME": "State Senate District 50", "TYPE": "State Legislature - Upper Chamber", "TYPE_ABB": "Leg_Upper", "ELECT_YEAR": "Enacted" }, "geometry": { "type": "Polygon", "coordinates": [ [ [ -89.928037, 38.832084, 0.0 ], [ -89.93284, 38.832266, 0.0 ], [ -89.967105, 38.832654, 0.0 ], [ -89.964823, 38.836209, 0.0 ], [ -89.963354, 38.838988, 0.0 ], [ -89.965761, 38.841263, 0.0 ], [ -89.966654, 38.842417, 0.0 ], [ -89.967039, 38.84349, 0.0 ], [ -89.968528, 38.844862, 0.0 ], [ -89.969904, 38.845536, 0.0 ], [ -89.972323, 38.846274, 0.0 ], [ -89.973411, 38.84696, 0.0 ], [ -89.973814, 38.847435, 0.0 ], [ -89.97392, 38.849566, 0.0 ], [ -89.973783, 38.863547, 0.0 ], [ -89.973916, 38.86727, 0.0 ], [ -89.974169, 38.867415, 0.0 ], [ -89.976602, 38.867457, 0.0 ], [ -89.978188, 38.867595, 0.0 ], [ -89.97835, 38.867722, 0.0 ], [ -89.97852, 38.870143, 0.0 ], [ -89.978568, 38.876659, 0.0 ], [ -90.002794, 38.876646, 0.0 ], [ -90.010942, 38.876805, 0.0 ], [ -90.011407, 38.891354, 0.0 ], [ -90.020557, 38.891626, 0.0 ], [ -90.020749, 38.894897, 0.0 ], [ -90.020731, 38.906334, 0.0 ], [ -90.038357, 38.906626, 0.0 ], [ -90.038386, 38.908243, 0.0 ], [ -90.040612, 38.908235, 0.0 ], [ -90.04096, 38.923883, 0.0 ], [ -90.055431, 38.92377, 0.0 ], [ -90.056696, 38.923824, 0.0 ], [ -90.057036, 38.92406, 0.0 ], [ -90.057763, 38.923912, 0.0 ], [ -90.06359, 38.923782, 0.0 ], [ -90.073185, 38.923713, 0.0 ], [ -90.076838, 38.923943, 0.0 ], [ -90.080737, 38.923573, 0.0 ], [ -90.090116, 38.923507, 0.0 ], [ -90.09006, 38.92469, 0.0 ], [ -90.090514, 38.924692, 0.0 ], [ -90.090546, 38.9235, 0.0 ], [ -90.090374, 38.923504, 0.0 ], [ -90.090366, 38.923228, 0.0 ], [ -90.09078, 38.923023, 0.0 ], [ -90.090863, 38.923493, 0.0 ], [ -90.103991, 38.923317, 0.0 ], [ -90.103987, 38.923938, 0.0 ], [ -90.105536, 38.923836, 0.0 ], [ -90.105098, 38.924973, 0.0 ], [ -90.104091, 38.926518, 0.0 ], [ -90.104693, 38.926556, 0.0 ], [ -90.104681, 38.926962, 0.0 ], [ -90.1051, 38.926959, 0.0 ], [ -90.11832, 38.926724, 0.0 ], [ -90.118362, 38.923076, 0.0 ], [ -90.117881, 38.923007, 0.0 ], [ -90.119802, 38.923171, 0.0 ], [ -90.132703, 38.922885, 0.0 ], [ -90.132716, 38.923791, 0.0 ], [ -90.137456, 38.923723, 0.0 ], [ -90.137436, 38.930101, 0.0 ], [ -90.14228, 38.930004, 0.0 ], [ -90.14243, 38.926409, 0.0 ], [ -90.147134, 38.926413, 0.0 ], [ -90.147134, 38.925099, 0.0 ], [ -90.149596, 38.925111, 0.0 ], [ -90.150462, 38.926114, 0.0 ], [ -90.150577, 38.926467, 0.0 ], [ -90.150782, 38.92643, 0.0 ], [ -90.152593, 38.932123, 0.0 ], [ -90.153106, 38.933111, 0.0 ], [ -90.157188, 38.937093, 0.0 ], [ -90.169716, 38.936916, 0.0 ], [ -90.171195, 38.938825, 0.0 ], [ -90.173021, 38.940606, 0.0 ], [ -90.174855, 38.941959, 0.0 ], [ -90.178142, 38.943891, 0.0 ], [ -90.177866, 38.944393, 0.0 ], [ -90.179126, 38.944839, 0.0 ], [ -90.180208, 38.945746, 0.0 ], [ -90.181129, 38.948154, 0.0 ], [ -90.181142, 38.950879, 0.0 ], [ -90.190803, 38.950921, 0.0 ], [ -90.190791, 38.957459, 0.0 ], [ -90.190923, 38.958758, 0.0 ], [ -90.215116, 38.95867, 0.0 ], [ -90.214894, 38.957917, 0.0 ], [ -90.214771, 38.956512, 0.0 ], [ -90.214957, 38.952635, 0.0 ], [ -90.21494, 38.946933, 0.0 ], [ -90.214626, 38.946318, 0.0 ], [ -90.213767, 38.945311, 0.0 ], [ -90.213942, 38.944092, 0.0 ], [ -90.213847, 38.943583, 0.0 ], [ -90.211577, 38.940126, 0.0 ], [ -90.212974, 38.939763, 0.0 ], [ -90.214009, 38.939126, 0.0 ], [ -90.21584, 38.939088, 0.0 ], [ -90.215359, 38.938121, 0.0 ], [ -90.215352, 38.936901, 0.0 ], [ -90.211825, 38.936937, 0.0 ], [ -90.21181, 38.934419, 0.0 ], [ -90.215131, 38.934427, 0.0 ], [ -90.21536, 38.931668, 0.0 ], [ -90.214727, 38.931858, 0.0 ], [ -90.213084, 38.930921, 0.0 ], [ -90.213124, 38.930172, 0.0 ], [ -90.213547, 38.929614, 0.0 ], [ -90.210837, 38.928099, 0.0 ], [ -90.213153, 38.925858, 0.0 ], [ -90.214304, 38.924498, 0.0 ], [ -90.214445, 38.921347, 0.0 ], [ -90.215851, 38.921383, 0.0 ], [ -90.216985, 38.903083, 0.0 ], [ -90.223047, 38.907396, 0.0 ], [ -90.225856, 38.90893, 0.0 ], [ -90.230342, 38.910867, 0.0 ], [ -90.236033, 38.912607, 0.0 ], [ -90.241709, 38.914835, 0.0 ], [ -90.246409, 38.917123, 0.0 ], [ -90.250254, 38.919351, 0.0 ], [ -90.254039, 38.920496, 0.0 ], [ -90.256999, 38.92077, 0.0 ], [ -90.260906, 38.920335, 0.0 ], [ -90.262798, 38.920351, 0.0 ], [ -90.265209, 38.9209, 0.0 ], [ -90.26791, 38.922044, 0.0 ], [ -90.269878, 38.922563, 0.0 ], [ -90.275708, 38.923536, 0.0 ], [ -90.280758, 38.923959, 0.0 ], [ -90.283718, 38.924055, 0.0 ], [ -90.294506, 38.923441, 0.0 ], [ -90.298717, 38.923402, 0.0 ], [ -90.302472, 38.923601, 0.0 ], [ -90.306119, 38.923532, 0.0 ], [ -90.30946, 38.924127, 0.0 ], [ -90.319058, 38.928674, 0.0 ], [ -90.324185, 38.929834, 0.0 ], [ -90.327603, 38.931032, 0.0 ], [ -90.333539, 38.933496, 0.0 ], [ -90.338208, 38.935838, 0.0 ], [ -90.340619, 38.937555, 0.0 ], [ -90.346448, 38.940797, 0.0 ], [ -90.37512, 38.952282, 0.0 ], [ -90.377253, 38.952833, 0.0 ], [ -90.380048, 38.953953, 0.0 ], [ -90.383132, 38.95546, 0.0 ], [ -90.391485, 38.958441, 0.0 ], [ -90.392727, 38.959078, 0.0 ], [ -90.395822, 38.960044, 0.0 ], [ -90.398256, 38.960607, 0.0 ], [ -90.399488, 38.961058, 0.0 ], [ -90.406373, 38.962561, 0.0 ], [ -90.411167, 38.963161, 0.0 ], [ -90.419275, 38.963661, 0.0 ], [ -90.429786, 38.963785, 0.0 ], [ -90.430541, 38.964253, 0.0 ], [ -90.436516, 38.966579, 0.0 ], [ -90.439209, 38.967294, 0.0 ], [ -90.439944, 38.96739, 0.0 ], [ -90.442036, 38.967266, 0.0 ], [ -90.444108, 38.966803, 0.0 ], [ -90.445309, 38.966833, 0.0 ], [ -90.447955, 38.967112, 0.0 ], [ -90.450819, 38.967776, 0.0 ], [ -90.452092, 38.967486, 0.0 ], [ -90.453211, 38.966967, 0.0 ], [ -90.455137, 38.966641, 0.0 ], [ -90.462417, 38.964329, 0.0 ], [ -90.46779, 38.961816, 0.0 ], [ -90.472128, 38.958845, 0.0 ], [ -90.472956, 38.95722, 0.0 ], [ -90.473443, 38.956767, 0.0 ], [ -90.475843, 38.952806, 0.0 ], [ -90.478399, 38.950023, 0.0 ], [ -90.480491, 38.947403, 0.0 ], [ -90.481235, 38.946069, 0.0 ], [ -90.482177, 38.944888, 0.0 ], [ -90.483077, 38.943077, 0.0 ], [ -90.483345, 38.94214, 0.0 ], [ -90.483416, 38.939402, 0.0 ], [ -90.482805, 38.937352, 0.0 ], [ -90.482731, 38.934719, 0.0 ], [ -90.482927, 38.933992, 0.0 ], [ -90.484013, 38.932181, 0.0 ], [ -90.48422, 38.931583, 0.0 ], [ -90.486236, 38.928462, 0.0 ], [ -90.487064, 38.925869, 0.0 ], [ -90.494043, 38.917374, 0.0 ], [ -90.496029, 38.915343, 0.0 ], [ -90.499678, 38.910612, 0.0 ], [ -90.500123, 38.910415, 0.0 ], [ -90.503154, 38.907391, 0.0 ], [ -90.507457, 38.902774, 0.0 ], [ -90.510692, 38.901113, 0.0 ], [ -90.5143, 38.900092, 0.0 ], [ -90.51528, 38.899507, 0.0 ], [ -90.516969, 38.898825, 0.0 ], [ -90.518587, 38.896986, 0.0 ], [ -90.52825, 38.889428, 0.0 ], [ -90.53276, 38.885477, 0.0 ], [ -90.538593, 38.879749, 0.0 ], [ -90.545716, 38.875057, 0.0 ], [ -90.546837, 38.874016, 0.0 ], [ -90.548923, 38.872944, 0.0 ], [ -90.551211, 38.872082, 0.0 ], [ -90.55457, 38.871116, 0.0 ], [ -90.557575, 38.870464, 0.0 ], [ -90.561027, 38.869483, 0.0 ], [ -90.568362, 38.868749, 0.0 ], [ -90.573097, 38.868442, 0.0 ], [ -90.577582, 38.868391, 0.0 ], [ -90.582265, 38.868801, 0.0 ], [ -90.583394, 38.869037, 0.0 ], [ -90.585408, 38.869777, 0.0 ], [ -90.586187, 38.870693, 0.0 ], [ -90.586293, 38.871143, 0.0 ], [ -90.586527, 38.871357, 0.0 ], [ -90.599718, 38.876962, 0.0 ], [ -90.611254, 38.882249, 0.0 ], [ -90.61947, 38.885373, 0.0 ], [ -90.623362, 38.887156, 0.0 ], [ -90.624743, 38.888195, 0.0 ], [ -90.628491, 38.891624, 0.0 ], [ -90.629674, 38.893243, 0.0 ], [ -90.635902, 38.903948, 0.0 ], [ -90.637, 38.90513, 0.0 ], [ -90.640732, 38.908038, 0.0 ], [ -90.644149, 38.910385, 0.0 ], [ -90.647296, 38.912102, 0.0 ], [ -90.651562, 38.915877, 0.0 ], [ -90.659243, 38.923418, 0.0 ], [ -90.663024, 38.92629, 0.0 ], [ -90.663472, 38.927391, 0.0 ], [ -90.66366, 38.928723, 0.0 ], [ -90.66286, 38.93309, 0.0 ], [ -90.66343, 38.935558, 0.0 ], [ -90.66434, 38.937286, 0.0 ], [ -90.665906, 38.93926, 0.0 ], [ -90.668095, 38.94301, 0.0 ], [ -90.668598, 38.944691, 0.0 ], [ -90.66888, 38.946969, 0.0 ], [ -90.669235, 38.948183, 0.0 ], [ -90.67185, 38.952303, 0.0 ], [ -90.674328, 38.957737, 0.0 ], [ -90.675955, 38.962147, 0.0 ], [ -90.676348, 38.964421, 0.0 ], [ -90.676423, 38.965819, 0.0 ], [ -90.676215, 38.971975, 0.0 ], [ -90.676389, 38.975086, 0.0 ], [ -90.676251, 38.97828, 0.0 ], [ -90.675721, 38.981073, 0.0 ], [ -90.675947, 38.982618, 0.0 ], [ -90.677762, 38.989284, 0.0 ], [ -90.678199, 38.991858, 0.0 ], [ -90.679033, 38.993874, 0.0 ], [ -90.682074, 38.998785, 0.0 ], [ -90.683689, 39.000056, 0.0 ], [ -90.68552, 39.002284, 0.0 ], [ -90.687725, 39.005381, 0.0 ], [ -90.688819, 39.007349, 0.0 ], [ -90.690006, 39.012176, 0.0 ], [ -90.692409, 39.016663, 0.0 ], [ -90.700601, 39.029081, 0.0 ], [ -90.707891, 39.042269, 0.0 ], [ -90.711586, 39.046805, 0.0 ], [ -90.712732, 39.049743, 0.0 ], [ -90.713635, 39.053984, 0.0 ], [ -90.713591, 39.055574, 0.0 ], [ -90.712547, 39.057071, 0.0 ], [ -90.702949, 39.064552, 0.0 ], [ -90.702142, 39.065575, 0.0 ], [ -90.701207, 39.070327, 0.0 ], [ -90.700171, 39.072286, 0.0 ], [ -90.698288, 39.074656, 0.0 ], [ -90.693557, 39.079244, 0.0 ], [ -90.690733, 39.081673, 0.0 ], [ -90.686243, 39.084996, 0.0 ], [ -90.68275, 39.088355, 0.0 ], [ -90.682, 39.090073, 0.0 ], [ -90.681044, 39.099498, 0.0 ], [ -90.681092, 39.100597, 0.0 ], [ -90.684524, 39.113574, 0.0 ], [ -90.686057, 39.117792, 0.0 ], [ -90.687396, 39.119917, 0.0 ], [ -90.692267, 39.125055, 0.0 ], [ -90.693455, 39.127303, 0.0 ], [ -90.695932, 39.131129, 0.0 ], [ -90.697102, 39.132437, 0.0 ], [ -90.70047, 39.135446, 0.0 ], [ -90.702929, 39.138756, 0.0 ], [ -90.705174, 39.143159, 0.0 ], [ -90.707908, 39.150867, 0.0 ], [ -90.709152, 39.155118, 0.0 ], [ -90.709959, 39.172931, 0.0 ], [ -90.710486, 39.176373, 0.0 ], [ -90.71111, 39.178398, 0.0 ], [ -90.713719, 39.183346, 0.0 ], [ -90.714376, 39.185315, 0.0 ], [ -90.71741, 39.197421, 0.0 ], [ -90.717591, 39.200189, 0.0 ], [ -90.717433, 39.202798, 0.0 ], [ -90.716683, 39.20673, 0.0 ], [ -90.716603, 39.210421, 0.0 ], [ -90.717119, 39.213919, 0.0 ], [ -90.721841, 39.224115, 0.0 ], [ -90.721981, 39.225205, 0.0 ], [ -90.72179, 39.226653, 0.0 ], [ -90.72137, 39.228098, 0.0 ], [ -90.721194, 39.230183, 0.0 ], [ -90.721599, 39.232737, 0.0 ], [ -90.723731, 39.23919, 0.0 ], [ -90.726987, 39.25118, 0.0 ], [ -90.728619, 39.254099, 0.0 ], [ -90.729966, 39.255901, 0.0 ], [ -90.731973, 39.25772, 0.0 ], [ -90.733982, 39.259105, 0.0 ], [ -90.736011, 39.260393, 0.0 ], [ -90.739093, 39.2619, 0.0 ], [ -90.742321, 39.262861, 0.0 ], [ -90.748883, 39.264133, 0.0 ], [ -90.750131, 39.264537, 0.0 ], [ -90.751605, 39.265439, 0.0 ], [ -90.757748, 39.271322, 0.0 ], [ -90.767654, 39.280032, 0.0 ], [ -90.768883, 39.281519, 0.0 ], [ -90.773893, 39.290551, 0.0 ], [ -90.774762, 39.291881, 0.0 ], [ -90.775679, 39.292818, 0.0 ], [ -90.776804, 39.293627, 0.0 ], [ -90.779492, 39.295129, 0.0 ], [ -90.783795, 39.297171, 0.0 ], [ -90.786066, 39.298855, 0.0 ], [ -90.790681, 39.302915, 0.0 ], [ -90.791311, 39.304284, 0.0 ], [ -90.791695, 39.306964, 0.0 ], [ -90.792316, 39.308268, 0.0 ], [ -90.793467, 39.309505, 0.0 ], [ -90.799352, 39.313094, 0.0 ], [ -90.807484, 39.316728, 0.0 ], [ -90.814154, 39.319195, 0.0 ], [ -90.816857, 39.320503, 0.0 ], [ -90.821312, 39.323666, 0.0 ], [ -90.834759, 39.335468, 0.0 ], [ -90.840112, 39.340445, 0.0 ], [ -90.842181, 39.341939, 0.0 ], [ -90.847506, 39.345279, 0.0 ], [ -90.859119, 39.351377, 0.0 ], [ -90.866581, 39.354647, 0.0 ], [ -90.876086, 39.359485, 0.0 ], [ -90.890496, 39.365531, 0.0 ], [ -90.893783, 39.36735, 0.0 ], [ -90.896468, 39.369183, 0.0 ], [ -90.900101, 39.372361, 0.0 ], [ -90.902662, 39.375373, 0.0 ], [ -90.902911, 39.377541, 0.0 ], [ -90.90377, 39.378564, 0.0 ], [ -90.904868, 39.37941, 0.0 ], [ -90.906804, 39.380401, 0.0 ], [ -90.908005, 39.380819, 0.0 ], [ -90.91076, 39.381504, 0.0 ], [ -90.914664, 39.381963, 0.0 ], [ -90.920982, 39.383694, 0.0 ], [ -90.924607, 39.385143, 0.0 ], [ -90.928751, 39.387551, 0.0 ], [ -90.930926, 39.38921, 0.0 ], [ -90.934013, 39.392134, 0.0 ], [ -90.934791, 39.393536, 0.0 ], [ -90.935735, 39.397338, 0.0 ], [ -90.937425, 39.40081, 0.0 ], [ -90.939031, 39.402751, 0.0 ], [ -90.940772, 39.403991, 0.0 ], [ -90.944948, 39.406254, 0.0 ], [ -90.948305, 39.407509, 0.0 ], [ -90.951187, 39.408112, 0.0 ], [ -90.957465, 39.409003, 0.0 ], [ -90.962304, 39.410274, 0.0 ], [ -90.967486, 39.411955, 0.0 ], [ -90.972471, 39.414151, 0.0 ], [ -90.974482, 39.415592, 0.0 ], [ -90.976961, 39.417863, 0.0 ], [ -90.977624, 39.418297, 0.0 ], [ -90.983026, 39.420469, 0.0 ], [ -90.985721, 39.421119, 0.0 ], [ -90.990001, 39.421849, 0.0 ], [ -90.992323, 39.42242, 0.0 ], [ -90.993795, 39.422966, 0.0 ], [ -90.995806, 39.424004, 0.0 ], [ -90.999695, 39.426385, 0.0 ], [ -91.002609, 39.427089, 0.0 ], [ -91.003698, 39.42761, 0.0 ], [ -91.01196, 39.432668, 0.0 ], [ -91.023616, 39.438701, 0.0 ], [ -91.029715, 39.442522, 0.0 ], [ -91.03395, 39.445651, 0.0 ], [ -91.038276, 39.448442, 0.0 ], [ -91.046778, 39.456065, 0.0 ], [ -91.049607, 39.458994, 0.0 ], [ -91.053065, 39.462129, 0.0 ], [ -91.057121, 39.466093, 0.0 ], [ -91.059446, 39.468867, 0.0 ], [ -91.061174, 39.471384, 0.0 ], [ -91.062421, 39.474129, 0.0 ], [ -91.062796, 39.478054, 0.0 ], [ -91.063072, 39.484016, 0.0 ], [ -91.064312, 39.49465, 0.0 ], [ -91.066645, 39.496021, 0.0 ], [ -91.075316, 39.502852, 0.0 ], [ -91.079776, 39.507735, 0.0 ], [ -91.086299, 39.517148, 0.0 ], [ -91.089264, 39.522978, 0.0 ], [ -91.092876, 39.529282, 0.0 ], [ -91.096504, 39.534344, 0.0 ], [ -91.100314, 39.538702, 0.0 ], [ -91.100918, 39.539008, 0.0 ], [ -91.102912, 39.539356, 0.0 ], [ -91.114312, 39.541105, 0.0 ], [ -91.126645, 39.542234, 0.0 ], [ -91.136751, 39.544259, 0.0 ], [ -91.146603, 39.545493, 0.0 ], [ -91.149225, 39.546106, 0.0 ], [ -91.153635, 39.548255, 0.0 ], [ -91.156249, 39.550583, 0.0 ], [ -91.163641, 39.558573, 0.0 ], [ -91.166622, 39.562311, 0.0 ], [ -91.168426, 39.564935, 0.0 ], [ -91.168878, 39.56608, 0.0 ], [ -91.169827, 39.569562, 0.0 ], [ -91.170734, 39.577538, 0.0 ], [ -91.171648, 39.581906, 0.0 ], [ -91.174658, 39.59332, 0.0 ], [ -91.1784, 39.598704, 0.0 ], [ -91.180403, 39.601142, 0.0 ], [ -91.181943, 39.602684, 0.0 ], [ -91.183981, 39.604099, 0.0 ], [ -91.185928, 39.605126, 0.0 ], [ -91.201853, 39.61005, 0.0 ], [ -91.216647, 39.615131, 0.0 ], [ -91.223335, 39.61761, 0.0 ], [ -91.229324, 39.62086, 0.0 ], [ -91.235126, 39.625053, 0.0 ], [ -91.239747, 39.628655, 0.0 ], [ -91.241232, 39.630074, 0.0 ], [ -91.243567, 39.633071, 0.0 ], [ -91.24507, 39.636037, 0.0 ], [ -91.245921, 39.637318, 0.0 ], [ -91.248786, 39.640887, 0.0 ], [ -91.251856, 39.643302, 0.0 ], [ -91.254282, 39.644608, 0.0 ], [ -91.259279, 39.648024, 0.0 ], [ -91.260482, 39.649031, 0.0 ], [ -91.264336, 39.654381, 0.0 ], [ -91.266772, 39.657, 0.0 ], [ -91.270463, 39.66069, 0.0 ], [ -91.276147, 39.665766, 0.0 ], [ -91.278564, 39.666982, 0.0 ], [ -91.283336, 39.670141, 0.0 ], [ -91.293795, 39.674773, 0.0 ], [ -91.296597, 39.676521, 0.0 ], [ -91.30161, 39.679075, 0.0 ], [ -91.303395, 39.680468, 0.0 ], [ -91.304681, 39.683344, 0.0 ], [ -91.305355, 39.683964, 0.0 ], [ -91.317821, 39.692598, 0.0 ], [ -91.33161, 39.70044, 0.0 ], [ -91.337809, 39.70445, 0.0 ], [ -91.343562, 39.708419, 0.0 ], [ -91.34726, 39.710487, 0.0 ], [ -91.350324, 39.713781, 0.0 ], [ -91.351561, 39.714674, 0.0 ], [ -91.35448, 39.716236, 0.0 ], [ -91.355321, 39.716992, 0.0 ], [ -91.358283, 39.720608, 0.0 ], [ -91.36776, 39.729036, 0.0 ], [ -91.369402, 39.73117, 0.0 ], [ -91.370016, 39.732531, 0.0 ], [ -91.370109, 39.733328, 0.0 ], [ -91.369395, 39.73722, 0.0 ], [ -91.369937, 39.740135, 0.0 ], [ -91.36996, 39.745049, 0.0 ], [ -91.369846, 39.745709, 0.0 ], [ -91.368954, 39.748054, 0.0 ], [ -91.367413, 39.753887, 0.0 ], [ -91.366054, 39.755962, 0.0 ], [ -91.365287, 39.757729, 0.0 ], [ -91.365132, 39.75873, 0.0 ], [ -91.365218, 39.760157, 0.0 ], [ -91.365913, 39.764963, 0.0 ], [ -91.365701, 39.774917, 0.0 ], [ -91.365403, 39.777273, 0.0 ], [ -91.364855, 39.779395, 0.0 ], [ -91.363475, 39.78243, 0.0 ], [ -91.362446, 39.783585, 0.0 ], [ -91.361751, 39.785086, 0.0 ], [ -91.361578, 39.787555, 0.0 ], [ -91.362395, 39.790489, 0.0 ], [ -91.363451, 39.792811, 0.0 ], [ -91.367973, 39.80041, 0.0 ], [ -91.370812, 39.803485, 0.0 ], [ -91.372168, 39.805518, 0.0 ], [ -91.374712, 39.80837, 0.0 ], [ -91.376495, 39.81004, 0.0 ], [ -91.381181, 39.812678, 0.0 ], [ -91.383714, 39.814607, 0.0 ], [ -91.390738, 39.818603, 0.0 ], [ -91.39342, 39.819917, 0.0 ], [ -91.400075, 39.822528, 0.0 ], [ -91.405097, 39.825547, 0.0 ], [ -91.4078, 39.827588, 0.0 ], [ -91.411281, 39.82941, 0.0 ], [ -91.428476, 39.837633, 0.0 ], [ -91.430409, 39.838909, 0.0 ], [ -91.433805, 39.841872, 0.0 ], [ -91.435548, 39.845081, 0.0 ], [ -91.436536, 39.847085, 0.0 ], [ -91.437463, 39.849741, 0.0 ], [ -91.4377, 39.85199, 0.0 ], [ -91.439664, 39.857903, 0.0 ], [ -91.44135, 39.86199, 0.0 ], [ -91.443939, 39.867109, 0.0 ], [ -91.446692, 39.871649, 0.0 ], [ -91.447509, 39.875052, 0.0 ], [ -91.447851, 39.877958, 0.0 ], [ -91.446929, 39.883041, 0.0 ], [ -91.445558, 39.887187, 0.0 ], [ -91.444288, 39.891781, 0.0 ], [ -91.44352, 39.89359, 0.0 ], [ -91.44105, 39.896156, 0.0 ], [ -91.428963, 39.907736, 0.0 ], [ -91.423715, 39.912152, 0.0 ], [ -91.420885, 39.914872, 0.0 ], [ -91.419887, 39.91654, 0.0 ], [ -91.419366, 39.918533, 0.0 ], [ -91.418814, 39.922133, 0.0 ], [ -91.418868, 39.923842, 0.0 ], [ -91.419367, 39.927724, 0.0 ], [ -91.420695, 39.931156, 0.0 ], [ -91.421273, 39.932103, 0.0 ], [ -91.421837, 39.932977, 0.0 ], [ -91.425789, 39.937772, 0.0 ], [ -91.427506, 39.939547, 0.0 ], [ -91.429062, 39.940748, 0.0 ], [ -91.437097, 39.946424, 0.0 ], [ -91.439326, 39.948686, 0.0 ], [ -91.441567, 39.951306, 0.0 ], [ -91.443454, 39.953682, 0.0 ], [ -91.447243, 39.959509, 0.0 ], [ -91.449813, 39.965285, 0.0 ], [ -91.454654, 39.971313, 0.0 ], [ -91.457198, 39.975776, 0.0 ], [ -91.457875, 39.977544, 0.0 ], [ -91.458859, 39.979022, 0.0 ], [ -91.45954, 39.979899, 0.0 ], [ -91.461397, 39.980937, 0.0 ], [ -91.462769, 39.981331, 0.0 ], [ -91.46369, 39.981852, 0.0 ], [ -91.465322, 39.984002, 0.0 ], [ -91.466689, 39.98726, 0.0 ], [ -91.467301, 39.990638, 0.0 ], [ -91.469254, 39.995334, 0.0 ], [ -91.474058, 40.00229, 0.0 ], [ -91.476574, 40.008049, 0.0 ], [ -91.484071, 40.019339, 0.0 ], [ -91.485291, 40.021019, 0.0 ], [ -91.487129, 40.022699, 0.0 ], [ -91.494885, 40.03646, 0.0 ], [ -91.494988, 40.036952, 0.0 ], [ -91.492897, 40.045374, 0.0 ], [ -91.489741, 40.056434, 0.0 ], [ -91.489613, 40.057442, 0.0 ], [ -91.495372, 40.070958, 0.0 ], [ -91.49767, 40.078264, 0.0 ], [ -91.50083, 40.090963, 0.0 ], [ -91.501441, 40.095859, 0.0 ], [ -91.504858, 40.10421, 0.0 ], [ -91.50646, 40.109973, 0.0 ], [ -91.508247, 40.118952, 0.0 ], [ -91.509252, 40.121883, 0.0 ], [ -91.510611, 40.125052, 0.0 ], [ -91.510846, 40.126144, 0.0 ], [ -91.510329, 40.128001, 0.0 ], [ -91.510393, 40.131122, 0.0 ], [ -91.510753, 40.134687, 0.0 ], [ -91.511551, 40.137669, 0.0 ], [ -91.511683, 40.139234, 0.0 ], [ -91.511343, 40.143284, 0.0 ], [ -91.511654, 40.145114, 0.0 ], [ -91.511756, 40.147098, 0.0 ], [ -91.511597, 40.149276, 0.0 ], [ -91.509685, 40.153935, 0.0 ], [ -91.508331, 40.156333, 0.0 ], [ -91.508231, 40.157672, 0.0 ], [ -91.511963, 40.170448, 0.0 ], [ -91.513086, 40.178544, 0.0 ], [ -91.512981, 40.181069, 0.0 ], [ -91.512323, 40.184724, 0.0 ], [ -91.51108, 40.188801, 0.0 ], [ -91.509558, 40.191345, 0.0 ], [ -91.505502, 40.195613, 0.0 ], [ -91.504772, 40.196744, 0.0 ], [ -91.504484, 40.198269, 0.0 ], [ -91.505068, 40.199932, 0.0 ], [ -91.489338, 40.200048, 0.0 ], [ -91.425907, 40.199716, 0.0 ], [ -91.418243, 40.199549, 0.0 ], [ -91.406475, 40.199595, 0.0 ], [ -91.258773, 40.197306, 0.0 ], [ -91.260986, 40.109982, 0.0 ], [ -91.260409, 40.109905, 0.0 ], [ -91.202779, 40.109198, 0.0 ], [ -91.14701, 40.107694, 0.0 ], [ -91.102455, 40.107146, 0.0 ], [ -91.028919, 40.106645, 0.0 ], [ -90.913476, 40.104462, 0.0 ], [ -90.815354, 40.105317, 0.0 ], [ -90.796254, 40.105909, 0.0 ], [ -90.786163, 40.105492, 0.0 ], [ -90.775562, 40.105265, 0.0 ], [ -90.71941, 40.104251, 0.0 ], [ -90.696013, 40.103974, 0.0 ], [ -90.695735, 40.103355, 0.0 ], [ -90.696003, 40.103126, 0.0 ], [ -90.697224, 40.102851, 0.0 ], [ -90.697492, 40.102554, 0.0 ], [ -90.697254, 40.101753, 0.0 ], [ -90.696212, 40.101181, 0.0 ], [ -90.696182, 40.100907, 0.0 ], [ -90.697403, 40.100404, 0.0 ], [ -90.699547, 40.0975, 0.0 ], [ -90.699547, 40.095464, 0.0 ], [ -90.699934, 40.094457, 0.0 ], [ -90.701542, 40.093611, 0.0 ], [ -90.704223, 40.093222, 0.0 ], [ -90.704967, 40.092879, 0.0 ], [ -90.705622, 40.092787, 0.0 ], [ -90.708064, 40.093267, 0.0 ], [ -90.7086, 40.093084, 0.0 ], [ -90.709017, 40.092626, 0.0 ], [ -90.709285, 40.091963, 0.0 ], [ -90.709166, 40.09043, 0.0 ], [ -90.707915, 40.089241, 0.0 ], [ -90.706991, 40.08883, 0.0 ], [ -90.705175, 40.088555, 0.0 ], [ -90.704519, 40.087823, 0.0 ], [ -90.7044, 40.086657, 0.0 ], [ -90.704727, 40.086085, 0.0 ], [ -90.705531, 40.085536, 0.0 ], [ -90.70577, 40.085193, 0.0 ], [ -90.705799, 40.084895, 0.0 ], [ -90.705531, 40.084598, 0.0 ], [ -90.70294, 40.082862, 0.0 ], [ -90.699694, 40.0811, 0.0 ], [ -90.695643, 40.07959, 0.0 ], [ -90.694512, 40.079385, 0.0 ], [ -90.686056, 40.078812, 0.0 ], [ -90.683138, 40.079269, 0.0 ], [ -90.679892, 40.079497, 0.0 ], [ -90.677272, 40.080229, 0.0 ], [ -90.673281, 40.080892, 0.0 ], [ -90.672805, 40.0808, 0.0 ], [ -90.672001, 40.080137, 0.0 ], [ -90.671674, 40.079359, 0.0 ], [ -90.671466, 40.078192, 0.0 ], [ -90.671526, 40.077369, 0.0 ], [ -90.673164, 40.074967, 0.0 ], [ -90.674058, 40.073, 0.0 ], [ -90.674505, 40.070164, 0.0 ], [ -90.676411, 40.067259, 0.0 ], [ -90.676768, 40.066001, 0.0 ], [ -90.676739, 40.064995, 0.0 ], [ -90.676501, 40.064492, 0.0 ], [ -90.675012, 40.063599, 0.0 ], [ -90.674804, 40.063325, 0.0 ], [ -90.674685, 40.062844, 0.0 ], [ -90.674804, 40.062158, 0.0 ], [ -90.674953, 40.061792, 0.0 ], [ -90.675995, 40.060786, 0.0 ], [ -90.677573, 40.059894, 0.0 ], [ -90.677603, 40.059116, 0.0 ], [ -90.677276, 40.058544, 0.0 ], [ -90.676651, 40.057927, 0.0 ], [ -90.675609, 40.057469, 0.0 ], [ -90.67549, 40.05708, 0.0 ], [ -90.67558, 40.056669, 0.0 ], [ -90.676711, 40.054679, 0.0 ], [ -90.677872, 40.053146, 0.0 ], [ -90.678051, 40.051911, 0.0 ], [ -90.677545, 40.05047, 0.0 ], [ -90.67579, 40.047931, 0.0 ], [ -90.675076, 40.045986, 0.0 ], [ -90.674243, 40.045369, 0.0 ], [ -90.672666, 40.044591, 0.0 ], [ -90.670077, 40.043813, 0.0 ], [ -90.669452, 40.04379, 0.0 ], [ -90.668678, 40.043995, 0.0 ], [ -90.668142, 40.044842, 0.0 ], [ -90.667993, 40.0461, 0.0 ], [ -90.667249, 40.046557, 0.0 ], [ -90.665135, 40.046877, 0.0 ], [ -90.66201, 40.046785, 0.0 ], [ -90.661028, 40.046395, 0.0 ], [ -90.65969, 40.045183, 0.0 ], [ -90.659541, 40.04484, 0.0 ], [ -90.659334, 40.042895, 0.0 ], [ -90.659751, 40.041409, 0.0 ], [ -90.657609, 40.04079, 0.0 ], [ -90.653234, 40.040583, 0.0 ], [ -90.652609, 40.040423, 0.0 ], [ -90.652133, 40.040057, 0.0 ], [ -90.652104, 40.03921, 0.0 ], [ -90.654279, 40.035026, 0.0 ], [ -90.654249, 40.033928, 0.0 ], [ -90.653893, 40.033448, 0.0 ], [ -90.645652, 40.030334, 0.0 ], [ -90.641041, 40.029738, 0.0 ], [ -90.634999, 40.029458, 0.0 ], [ -90.633958, 40.029229, 0.0 ], [ -90.633512, 40.028977, 0.0 ], [ -90.632798, 40.028085, 0.0 ], [ -90.63259, 40.027009, 0.0 ], [ -90.631731, 40.02477, 0.0 ], [ -90.630869, 40.023809, 0.0 ], [ -90.630393, 40.023671, 0.0 ], [ -90.629441, 40.023785, 0.0 ], [ -90.626077, 40.025682, 0.0 ], [ -90.625133, 40.026004, 0.0 ], [ -90.623388, 40.026212, 0.0 ], [ -90.621216, 40.026807, 0.0 ], [ -90.618538, 40.026603, 0.0 ], [ -90.617438, 40.026718, 0.0 ], [ -90.616694, 40.027015, 0.0 ], [ -90.615832, 40.027679, 0.0 ], [ -90.611938, 40.032759, 0.0 ], [ -90.61167, 40.032919, 0.0 ], [ -90.610986, 40.032873, 0.0 ], [ -90.610033, 40.032348, 0.0 ], [ -90.608544, 40.030679, 0.0 ], [ -90.607264, 40.029513, 0.0 ], [ -90.60646, 40.028369, 0.0 ], [ -90.605894, 40.02686, 0.0 ], [ -90.605745, 40.026219, 0.0 ], [ -90.605744, 40.02471, 0.0 ], [ -90.606754, 40.022536, 0.0 ], [ -90.606783, 40.02185, 0.0 ], [ -90.607021, 40.021232, 0.0 ], [ -90.607288, 40.020843, 0.0 ], [ -90.60931, 40.019196, 0.0 ], [ -90.610172, 40.018075, 0.0 ], [ -90.610707, 40.017663, 0.0 ], [ -90.611302, 40.017571, 0.0 ], [ -90.612165, 40.018142, 0.0 ], [ -90.613357, 40.01988, 0.0 ], [ -90.614041, 40.02036, 0.0 ], [ -90.61544, 40.020749, 0.0 ], [ -90.616451, 40.020748, 0.0 ], [ -90.616927, 40.020519, 0.0 ], [ -90.618323, 40.017957, 0.0 ], [ -90.618798, 40.016698, 0.0 ], [ -90.619035, 40.015166, 0.0 ], [ -90.618676, 40.01345, 0.0 ], [ -90.618021, 40.012399, 0.0 ], [ -90.617575, 40.01217, 0.0 ], [ -90.61698, 40.012239, 0.0 ], [ -90.616356, 40.012765, 0.0 ], [ -90.61582, 40.012766, 0.0 ], [ -90.613588, 40.010799, 0.0 ], [ -90.611683, 40.009611, 0.0 ], [ -90.60969, 40.008788, 0.0 ], [ -90.608857, 40.007942, 0.0 ], [ -90.608201, 40.006867, 0.0 ], [ -90.607725, 40.00657, 0.0 ], [ -90.60597, 40.006113, 0.0 ], [ -90.603352, 40.004925, 0.0 ], [ -90.602787, 40.004559, 0.0 ], [ -90.602192, 40.003896, 0.0 ], [ -90.601953, 40.003324, 0.0 ], [ -90.602042, 40.002158, 0.0 ], [ -90.602718, 39.998868, 0.0 ], [ -90.603075, 39.997907, 0.0 ], [ -90.603134, 39.99658, 0.0 ], [ -90.606015, 39.991204, 0.0 ], [ -90.605835, 39.987338, 0.0 ], [ -90.605924, 39.986538, 0.0 ], [ -90.606517, 39.984822, 0.0 ], [ -90.607349, 39.983815, 0.0 ], [ -90.607765, 39.982923, 0.0 ], [ -90.607765, 39.982123, 0.0 ], [ -90.60714, 39.981665, 0.0 ], [ -90.60372, 39.981163, 0.0 ], [ -90.599023, 39.981004, 0.0 ], [ -90.597982, 39.981142, 0.0 ], [ -90.59709, 39.980845, 0.0 ], [ -90.596525, 39.980319, 0.0 ], [ -90.59593, 39.980022, 0.0 ], [ -90.594027, 39.979633, 0.0 ], [ -90.58554, 39.978837, 0.0 ], [ -90.5836, 39.979456, 0.0 ], [ -90.578954, 39.981328, 0.0 ], [ -90.572353, 39.982587, 0.0 ], [ -90.570094, 39.983456, 0.0 ], [ -90.56822, 39.983822, 0.0 ], [ -90.566436, 39.983822, 0.0 ], [ -90.561559, 39.982632, 0.0 ], [ -90.560816, 39.982655, 0.0 ], [ -90.558913, 39.983181, 0.0 ], [ -90.55035, 39.983455, 0.0 ], [ -90.546783, 39.98135, 0.0 ], [ -90.545207, 39.980732, 0.0 ], [ -90.543602, 39.980366, 0.0 ], [ -90.542472, 39.980457, 0.0 ], [ -90.541461, 39.980731, 0.0 ], [ -90.540658, 39.981554, 0.0 ], [ -90.539944, 39.983064, 0.0 ], [ -90.539319, 39.983727, 0.0 ], [ -90.536732, 39.984001, 0.0 ], [ -90.535841, 39.98352, 0.0 ], [ -90.535187, 39.982902, 0.0 ], [ -90.534146, 39.982467, 0.0 ], [ -90.533314, 39.982719, 0.0 ], [ -90.530458, 39.984937, 0.0 ], [ -90.529566, 39.985119, 0.0 ], [ -90.52921, 39.984868, 0.0 ], [ -90.528764, 39.984067, 0.0 ], [ -90.528705, 39.983129, 0.0 ], [ -90.527962, 39.982465, 0.0 ], [ -90.526952, 39.982122, 0.0 ], [ -90.52597, 39.982282, 0.0 ], [ -90.52487, 39.982716, 0.0 ], [ -90.523859, 39.98331, 0.0 ], [ -90.523591, 39.98379, 0.0 ], [ -90.523798, 39.984523, 0.0 ], [ -90.524482, 39.985232, 0.0 ], [ -90.526741, 39.986125, 0.0 ], [ -90.527484, 39.986651, 0.0 ], [ -90.527484, 39.987017, 0.0 ], [ -90.527246, 39.987314, 0.0 ], [ -90.526591, 39.987657, 0.0 ], [ -90.525075, 39.987542, 0.0 ], [ -90.52335, 39.987656, 0.0 ], [ -90.521358, 39.988296, 0.0 ], [ -90.520733, 39.988318, 0.0 ], [ -90.520288, 39.988135, 0.0 ], [ -90.519872, 39.987723, 0.0 ], [ -90.520081, 39.985939, 0.0 ], [ -90.519606, 39.985436, 0.0 ], [ -90.517971, 39.98468, 0.0 ], [ -90.516752, 39.984359, 0.0 ], [ -90.515711, 39.984359, 0.0 ], [ -90.515414, 39.984542, 0.0 ], [ -90.515116, 39.985297, 0.0 ], [ -90.515204, 39.986989, 0.0 ], [ -90.513753, 39.987898, 0.0 ], [ -90.513395, 39.990883, 0.0 ], [ -90.512235, 39.992638, 0.0 ], [ -90.510893, 39.993829, 0.0 ], [ -90.506431, 39.996169, 0.0 ], [ -90.502319, 39.997717, 0.0 ], [ -90.495073, 40.000055, 0.0 ], [ -90.493959, 40.000143, 0.0 ], [ -90.491386, 40.000873, 0.0 ], [ -90.48426, 40.003381, 0.0 ], [ -90.482033, 40.003944, 0.0 ], [ -90.479089, 40.004019, 0.0 ], [ -90.474777, 40.004628, 0.0 ], [ -90.469835, 40.006564, 0.0 ], [ -90.460406, 40.008745, 0.0 ], [ -90.455278, 40.010253, 0.0 ], [ -90.453774, 40.01085, 0.0 ], [ -90.450899, 40.012441, 0.0 ], [ -90.445504, 40.015665, 0.0 ], [ -90.442631, 40.016893, 0.0 ], [ -90.437262, 40.019568, 0.0 ], [ -90.435858, 40.020569, 0.0 ], [ -90.43463, 40.021894, 0.0 ], [ -90.433529, 40.024008, 0.0 ], [ -90.433224, 40.025411, 0.0 ], [ -90.433267, 40.026339, 0.0 ], [ -90.432594, 40.031038, 0.0 ], [ -90.432236, 40.032311, 0.0 ], [ -90.429659, 40.038628, 0.0 ], [ -90.429332, 40.039998, 0.0 ], [ -90.428791, 40.043947, 0.0 ], [ -90.428667, 40.048157, 0.0 ], [ -90.428811, 40.050545, 0.0 ], [ -90.429691, 40.056139, 0.0 ], [ -90.429632, 40.057881, 0.0 ], [ -90.429317, 40.059089, 0.0 ], [ -90.428644, 40.060352, 0.0 ], [ -90.427435, 40.061693, 0.0 ], [ -90.424829, 40.063317, 0.0 ], [ -90.417281, 40.066222, 0.0 ], [ -90.404495, 40.072816, 0.0 ], [ -90.398452, 40.075039, 0.0 ], [ -90.395741, 40.076664, 0.0 ], [ -90.394437, 40.077711, 0.0 ], [ -90.393438, 40.078766, 0.0 ], [ -90.39229, 40.080579, 0.0 ], [ -90.391531, 40.082563, 0.0 ], [ -90.391308, 40.084135, 0.0 ], [ -90.391379, 40.085119, 0.0 ], [ -90.391693, 40.08612, 0.0 ], [ -90.392007, 40.086838, 0.0 ], [ -90.39341, 40.088904, 0.0 ], [ -90.393619, 40.089582, 0.0 ], [ -90.393437, 40.091873, 0.0 ], [ -90.391942, 40.093951, 0.0 ], [ -90.387596, 40.09847, 0.0 ], [ -90.385028, 40.101788, 0.0 ], [ -90.383995, 40.103376, 0.0 ], [ -90.383247, 40.104971, 0.0 ], [ -90.381429, 40.11055, 0.0 ], [ -90.380754, 40.112057, 0.0 ], [ -90.378921, 40.114998, 0.0 ], [ -90.37513, 40.119888, 0.0 ], [ -90.374333, 40.12116, 0.0 ], [ -90.372842, 40.12237, 0.0 ], [ -90.371981, 40.122781, 0.0 ], [ -90.367568, 40.124279, 0.0 ], [ -90.364757, 40.125053, 0.0 ], [ -90.361293, 40.125299, 0.0 ], [ -90.360076, 40.125217, 0.0 ], [ -90.356223, 40.12435, 0.0 ], [ -90.35453, 40.124224, 0.0 ], [ -90.353662, 40.122458, 0.0 ], [ -90.353022, 40.122088, 0.0 ], [ -90.352442, 40.12216, 0.0 ], [ -90.350631, 40.123147, 0.0 ], [ -90.349755, 40.123125, 0.0 ], [ -90.349567, 40.122813, 0.0 ], [ -90.349676, 40.122633, 0.0 ], [ -90.350597, 40.122223, 0.0 ], [ -90.350815, 40.121827, 0.0 ], [ -90.350281, 40.121095, 0.0 ], [ -90.350214, 40.119152, 0.0 ], [ -90.349774, 40.118276, 0.0 ], [ -90.348819, 40.117941, 0.0 ], [ -90.348241, 40.11793, 0.0 ], [ -90.345443, 40.118415, 0.0 ], [ -90.344568, 40.11838, 0.0 ], [ -90.343895, 40.118057, 0.0 ], [ -90.343329, 40.117074, 0.0 ], [ -90.342925, 40.116761, 0.0 ], [ -90.342188, 40.116883, 0.0 ], [ -90.342002, 40.117796, 0.0 ], [ -90.341831, 40.117928, 0.0 ], [ -90.34097, 40.117809, 0.0 ], [ -90.339924, 40.118363, 0.0 ], [ -90.339316, 40.119108, 0.0 ], [ -90.338603, 40.121534, 0.0 ], [ -90.337433, 40.122412, 0.0 ], [ -90.336542, 40.122545, 0.0 ], [ -90.33576, 40.12239, 0.0 ], [ -90.335243, 40.121971, 0.0 ], [ -90.335053, 40.121239, 0.0 ], [ -90.335205, 40.119198, 0.0 ], [ -90.334562, 40.118659, 0.0 ], [ -90.333373, 40.118145, 0.0 ], [ -90.333107, 40.118145, 0.0 ], [ -90.332952, 40.118505, 0.0 ], [ -90.333846, 40.119764, 0.0 ], [ -90.333706, 40.120173, 0.0 ], [ -90.333488, 40.120269, 0.0 ], [ -90.331251, 40.120104, 0.0 ], [ -90.330221, 40.120598, 0.0 ], [ -90.329016, 40.120215, 0.0 ], [ -90.328466, 40.11928, 0.0 ], [ -90.328044, 40.119041, 0.0 ], [ -90.326088, 40.118659, 0.0 ], [ -90.323976, 40.11781, 0.0 ], [ -90.323083, 40.117055, 0.0 ], [ -90.321942, 40.117188, 0.0 ], [ -90.320633, 40.117022, 0.0 ], [ -90.3193, 40.117132, 0.0 ], [ -90.317939, 40.116798, 0.0 ], [ -90.314606, 40.115602, 0.0 ], [ -90.313822, 40.114774, 0.0 ], [ -90.313788, 40.11331, 0.0 ], [ -90.314177, 40.112589, 0.0 ], [ -90.315502, 40.111571, 0.0 ], [ -90.315347, 40.111267, 0.0 ], [ -90.31469, 40.111016, 0.0 ], [ -90.314283, 40.110365, 0.0 ], [ -90.314134, 40.108459, 0.0 ], [ -90.313837, 40.10702, 0.0 ], [ -90.312836, 40.106565, 0.0 ], [ -90.312601, 40.106278, 0.0 ], [ -90.313145, 40.105149, 0.0 ], [ -90.313222, 40.104308, 0.0 ], [ -90.313032, 40.103504, 0.0 ], [ -90.310886, 40.101443, 0.0 ], [ -90.310822, 40.100602, 0.0 ], [ -90.309082, 40.098252, 0.0 ], [ -90.307659, 40.097678, 0.0 ], [ -90.307236, 40.097318, 0.0 ], [ -90.307063, 40.096946, 0.0 ], [ -90.307108, 40.095818, 0.0 ], [ -90.306872, 40.095134, 0.0 ], [ -90.306963, 40.093933, 0.0 ], [ -90.306805, 40.092937, 0.0 ], [ -90.306617, 40.092662, 0.0 ], [ -90.306007, 40.09265, 0.0 ], [ -90.3049, 40.093552, 0.0 ], [ -90.304556, 40.093552, 0.0 ], [ -90.303742, 40.093205, 0.0 ], [ -90.30332, 40.092821, 0.0 ], [ -90.303099, 40.092175, 0.0 ], [ -90.30242, 40.088623, 0.0 ], [ -90.302495, 40.086606, 0.0 ], [ -90.302633, 40.085993, 0.0 ], [ -90.303252, 40.085284, 0.0 ], [ -90.303231, 40.084907, 0.0 ], [ -90.303053, 40.084635, 0.0 ], [ -90.301254, 40.08375, 0.0 ], [ -90.301051, 40.083534, 0.0 ], [ -90.300987, 40.083102, 0.0 ], [ -90.30169, 40.082801, 0.0 ], [ -90.303236, 40.082499, 0.0 ], [ -90.30447, 40.081825, 0.0 ], [ -90.304781, 40.081069, 0.0 ], [ -90.30459, 40.079388, 0.0 ], [ -90.304993, 40.077912, 0.0 ], [ -90.304664, 40.077408, 0.0 ], [ -90.30396, 40.076869, 0.0 ], [ -90.302567, 40.076126, 0.0 ], [ -90.301723, 40.075995, 0.0 ], [ -90.300271, 40.076453, 0.0 ], [ -90.299459, 40.07637, 0.0 ], [ -90.298599, 40.076023, 0.0 ], [ -90.297284, 40.074944, 0.0 ], [ -90.296328, 40.073156, 0.0 ], [ -90.29456, 40.072354, 0.0 ], [ -90.293888, 40.071791, 0.0 ], [ -90.293244, 40.070375, 0.0 ], [ -90.29279, 40.069847, 0.0 ], [ -90.290726, 40.069045, 0.0 ], [ -90.290569, 40.068505, 0.0 ], [ -90.291458, 40.067256, 0.0 ], [ -90.291393, 40.066188, 0.0 ], [ -90.291517, 40.065708, 0.0 ], [ -90.293249, 40.064505, 0.0 ], [ -90.293422, 40.064236, 0.0 ], [ -90.293388, 40.063797, 0.0 ], [ -90.292966, 40.063497, 0.0 ], [ -90.292544, 40.06345, 0.0 ], [ -90.290983, 40.06422, 0.0 ], [ -90.290124, 40.064257, 0.0 ], [ -90.287843, 40.063791, 0.0 ], [ -90.287108, 40.063384, 0.0 ], [ -90.286763, 40.062952, 0.0 ], [ -90.286793, 40.062244, 0.0 ], [ -90.28843, 40.060501, 0.0 ], [ -90.289068, 40.059192, 0.0 ], [ -90.288865, 40.058737, 0.0 ], [ -90.28791, 40.057957, 0.0 ], [ -90.285848, 40.057935, 0.0 ], [ -90.285332, 40.0576, 0.0 ], [ -90.285331, 40.057, 0.0 ], [ -90.285783, 40.056075, 0.0 ], [ -90.285516, 40.055499, 0.0 ], [ -90.285198, 40.055376, 0.0 ], [ -90.284501, 40.055476, 0.0 ], [ -90.283096, 40.056258, 0.0 ], [ -90.281628, 40.056559, 0.0 ], [ -90.276646, 40.056768, 0.0 ], [ -90.275708, 40.056445, 0.0 ], [ -90.273987, 40.054814, 0.0 ], [ -90.273254, 40.054696, 0.0 ], [ -90.272618, 40.054816, 0.0 ], [ -90.272029, 40.055162, 0.0 ], [ -90.271488, 40.05608, 0.0 ], [ -90.270589, 40.056982, 0.0 ], [ -90.270254, 40.057536, 0.0 ], [ -90.269679, 40.059335, 0.0 ], [ -90.269727, 40.06074, 0.0 ], [ -90.269558, 40.061217, 0.0 ], [ -90.268829, 40.061611, 0.0 ], [ -90.265833, 40.062145, 0.0 ], [ -90.264976, 40.062018, 0.0 ], [ -90.264782, 40.061281, 0.0 ], [ -90.264331, 40.060936, 0.0 ], [ -90.263324, 40.06102, 0.0 ], [ -90.261494, 40.061498, 0.0 ], [ -90.260796, 40.061462, 0.0 ], [ -90.260517, 40.061046, 0.0 ], [ -90.260732, 40.059747, 0.0 ], [ -90.260577, 40.059378, 0.0 ], [ -90.26008, 40.059176, 0.0 ], [ -90.258173, 40.059237, 0.0 ], [ -90.257025, 40.059047, 0.0 ], [ -90.255318, 40.058095, 0.0 ], [ -90.253992, 40.057101, 0.0 ], [ -90.252635, 40.057037, 0.0 ], [ -90.250556, 40.05823, 0.0 ], [ -90.249861, 40.058302, 0.0 ], [ -90.249147, 40.058088, 0.0 ], [ -90.248293, 40.056837, 0.0 ], [ -90.247564, 40.056576, 0.0 ], [ -90.247114, 40.056636, 0.0 ], [ -90.246959, 40.056826, 0.0 ], [ -90.247348, 40.057791, 0.0 ], [ -90.247194, 40.058661, 0.0 ], [ -90.246931, 40.058959, 0.0 ], [ -90.245706, 40.059663, 0.0 ], [ -90.244914, 40.061011, 0.0 ], [ -90.244436, 40.061272, 0.0 ], [ -90.2438, 40.061189, 0.0 ], [ -90.243257, 40.060641, 0.0 ], [ -90.243474, 40.059998, 0.0 ], [ -90.244311, 40.059402, 0.0 ], [ -90.24445, 40.059044, 0.0 ], [ -90.243766, 40.058032, 0.0 ], [ -90.243068, 40.057806, 0.0 ], [ -90.239192, 40.058107, 0.0 ], [ -90.237131, 40.059573, 0.0 ], [ -90.235784, 40.060956, 0.0 ], [ -90.234621, 40.061124, 0.0 ], [ -90.233938, 40.060766, 0.0 ], [ -90.233906, 40.060218, 0.0 ], [ -90.234278, 40.059849, 0.0 ], [ -90.235007, 40.059539, 0.0 ], [ -90.235688, 40.058681, 0.0 ], [ -90.235703, 40.058097, 0.0 ], [ -90.235315, 40.057811, 0.0 ], [ -90.232492, 40.057026, 0.0 ], [ -90.230384, 40.057028, 0.0 ], [ -90.229391, 40.056706, 0.0 ], [ -90.229065, 40.055896, 0.0 ], [ -90.229267, 40.05481, 0.0 ], [ -90.229249, 40.053716, 0.0 ], [ -90.228736, 40.052393, 0.0 ], [ -90.228193, 40.051679, 0.0 ], [ -90.22734, 40.051512, 0.0 ], [ -90.226883, 40.051691, 0.0 ], [ -90.226705, 40.052561, 0.0 ], [ -90.226815, 40.054086, 0.0 ], [ -90.226536, 40.054515, 0.0 ], [ -90.225436, 40.054981, 0.0 ], [ -90.223625, 40.055141, 0.0 ], [ -90.221668, 40.054851, 0.0 ], [ -90.220458, 40.054506, 0.0 ], [ -90.219449, 40.054006, 0.0 ], [ -90.218736, 40.053279, 0.0 ], [ -90.218472, 40.052767, 0.0 ], [ -90.218114, 40.051266, 0.0 ], [ -90.217338, 40.050933, 0.0 ], [ -90.216827, 40.051017, 0.0 ], [ -90.216346, 40.051493, 0.0 ], [ -90.216192, 40.052339, 0.0 ], [ -90.216379, 40.053114, 0.0 ], [ -90.216286, 40.053817, 0.0 ], [ -90.214597, 40.055188, 0.0 ], [ -90.214659, 40.055533, 0.0 ], [ -90.214877, 40.055736, 0.0 ], [ -90.215497, 40.056164, 0.0 ], [ -90.216086, 40.056343, 0.0 ], [ -90.216087, 40.05657, 0.0 ], [ -90.215033, 40.057261, 0.0 ], [ -90.213546, 40.059061, 0.0 ], [ -90.213081, 40.059347, 0.0 ], [ -90.212538, 40.059443, 0.0 ], [ -90.211887, 40.059086, 0.0 ], [ -90.211669, 40.058418, 0.0 ], [ -90.212149, 40.057036, 0.0 ], [ -90.212117, 40.056083, 0.0 ], [ -90.211698, 40.05544, 0.0 ], [ -90.211016, 40.055249, 0.0 ], [ -90.210418, 40.055532, 0.0 ], [ -90.209915, 40.056119, 0.0 ], [ -90.208992, 40.059235, 0.0 ], [ -90.2086, 40.059659, 0.0 ], [ -90.207127, 40.060267, 0.0 ], [ -90.206367, 40.060088, 0.0 ], [ -90.205979, 40.05954, 0.0 ], [ -90.206195, 40.057872, 0.0 ], [ -90.206939, 40.056442, 0.0 ], [ -90.206845, 40.055382, 0.0 ], [ -90.206302, 40.054774, 0.0 ], [ -90.204906, 40.054358, 0.0 ], [ -90.204564, 40.053297, 0.0 ], [ -90.204177, 40.052892, 0.0 ], [ -90.20365, 40.052916, 0.0 ], [ -90.20272, 40.053727, 0.0 ], [ -90.201231, 40.054073, 0.0 ], [ -90.200115, 40.054026, 0.0 ], [ -90.197045, 40.053312, 0.0 ], [ -90.195107, 40.053467, 0.0 ], [ -90.194673, 40.053777, 0.0 ], [ -90.194498, 40.054459, 0.0 ], [ -90.195015, 40.056076, 0.0 ], [ -90.194767, 40.056339, 0.0 ], [ -90.192426, 40.057328, 0.0 ], [ -90.192207, 40.057814, 0.0 ], [ -90.192256, 40.05958, 0.0 ], [ -90.192132, 40.059997, 0.0 ], [ -90.191419, 40.060271, 0.0 ], [ -90.189589, 40.060069, 0.0 ], [ -90.189015, 40.060391, 0.0 ], [ -90.188659, 40.061308, 0.0 ], [ -90.186814, 40.061452, 0.0 ], [ -90.186302, 40.061654, 0.0 ], [ -90.18624, 40.062465, 0.0 ], [ -90.186504, 40.063025, 0.0 ], [ -90.187333, 40.06366, 0.0 ], [ -90.189327, 40.064764, 0.0 ], [ -90.189513, 40.06524, 0.0 ], [ -90.189389, 40.065657, 0.0 ], [ -90.188971, 40.065884, 0.0 ], [ -90.188195, 40.065872, 0.0 ], [ -90.18757, 40.065607, 0.0 ], [ -90.186057, 40.064422, 0.0 ], [ -90.185018, 40.064375, 0.0 ], [ -90.184565, 40.064794, 0.0 ], [ -90.184202, 40.066637, 0.0 ], [ -90.183335, 40.066986, 0.0 ], [ -90.182045, 40.066855, 0.0 ], [ -90.181651, 40.066421, 0.0 ], [ -90.181782, 40.065933, 0.0 ], [ -90.182589, 40.064782, 0.0 ], [ -90.182659, 40.064046, 0.0 ], [ -90.183103, 40.06345, 0.0 ], [ -90.183062, 40.062675, 0.0 ], [ -90.182024, 40.062605, 0.0 ], [ -90.181348, 40.062869, 0.0 ], [ -90.180017, 40.063783, 0.0 ], [ -90.178757, 40.063838, 0.0 ], [ -90.17792, 40.063202, 0.0 ], [ -90.177224, 40.060747, 0.0 ], [ -90.17672, 40.060274, 0.0 ], [ -90.175953, 40.060019, 0.0 ], [ -90.174895, 40.060057, 0.0 ], [ -90.173604, 40.060344, 0.0 ], [ -90.173158, 40.060666, 0.0 ], [ -90.172213, 40.061847, 0.0 ], [ -90.171406, 40.062087, 0.0 ], [ -90.170902, 40.062018, 0.0 ], [ -90.170277, 40.061638, 0.0 ], [ -90.169551, 40.059833, 0.0 ], [ -90.169219, 40.059624, 0.0 ], [ -90.168765, 40.059647, 0.0 ], [ -90.168109, 40.060584, 0.0 ], [ -90.167454, 40.060848, 0.0 ], [ -90.166852, 40.06066, 0.0 ], [ -90.166019, 40.061035, 0.0 ], [ -90.162431, 40.061005, 0.0 ], [ -90.162103, 40.060809, 0.0 ], [ -90.160968, 40.060723, 0.0 ], [ -90.160578, 40.060837, 0.0 ], [ -90.160243, 40.061223, 0.0 ], [ -90.160355, 40.06218, 0.0 ], [ -90.160224, 40.062852, 0.0 ], [ -90.159239, 40.063166, 0.0 ], [ -90.158755, 40.063152, 0.0 ], [ -90.158105, 40.062737, 0.0 ], [ -90.157677, 40.061251, 0.0 ], [ -90.156357, 40.061223, 0.0 ], [ -90.155743, 40.061637, 0.0 ], [ -90.155521, 40.062036, 0.0 ], [ -90.154776, 40.064823, 0.0 ], [ -90.154097, 40.066245, 0.0 ], [ -90.153131, 40.066514, 0.0 ], [ -90.152136, 40.066379, 0.0 ], [ -90.150673, 40.065232, 0.0 ], [ -90.149912, 40.065052, 0.0 ], [ -90.149707, 40.065187, 0.0 ], [ -90.149678, 40.065502, 0.0 ], [ -90.150468, 40.067211, 0.0 ], [ -90.150263, 40.067593, 0.0 ], [ -90.149883, 40.067638, 0.0 ], [ -90.146196, 40.067165, 0.0 ], [ -90.144906, 40.066683, 0.0 ], [ -90.144001, 40.065816, 0.0 ], [ -90.143036, 40.064467, 0.0 ], [ -90.142451, 40.064062, 0.0 ], [ -90.141983, 40.064039, 0.0 ], [ -90.141091, 40.064381, 0.0 ], [ -90.140489, 40.06532, 0.0 ], [ -90.139816, 40.065904, 0.0 ], [ -90.139143, 40.066084, 0.0 ], [ -90.138265, 40.065994, 0.0 ], [ -90.137885, 40.065589, 0.0 ], [ -90.137915, 40.065005, 0.0 ], [ -90.139261, 40.063656, 0.0 ], [ -90.138998, 40.063116, 0.0 ], [ -90.137798, 40.062869, 0.0 ], [ -90.136393, 40.062913, 0.0 ], [ -90.134843, 40.062261, 0.0 ], [ -90.134287, 40.062531, 0.0 ], [ -90.13417, 40.062846, 0.0 ], [ -90.134257, 40.063678, 0.0 ], [ -90.133847, 40.064959, 0.0 ], [ -90.133174, 40.065633, 0.0 ], [ -90.132149, 40.066263, 0.0 ], [ -90.132207, 40.066779, 0.0 ], [ -90.133114, 40.067994, 0.0 ], [ -90.132997, 40.068534, 0.0 ], [ -90.132733, 40.068736, 0.0 ], [ -90.132236, 40.068736, 0.0 ], [ -90.130802, 40.068511, 0.0 ], [ -90.130086, 40.068847, 0.0 ], [ -90.129923, 40.069567, 0.0 ], [ -90.130362, 40.070174, 0.0 ], [ -90.130362, 40.070849, 0.0 ], [ -90.128868, 40.07267, 0.0 ], [ -90.128779, 40.073906, 0.0 ], [ -90.128487, 40.074266, 0.0 ], [ -90.12714, 40.075165, 0.0 ], [ -90.126935, 40.075502, 0.0 ], [ -90.126934, 40.076221, 0.0 ], [ -90.126759, 40.076626, 0.0 ], [ -90.126223, 40.07699, 0.0 ], [ -90.125031, 40.077412, 0.0 ], [ -90.12266, 40.077501, 0.0 ], [ -90.122368, 40.077389, 0.0 ], [ -90.122076, 40.076894, 0.0 ], [ -90.121607, 40.076534, 0.0 ], [ -90.120729, 40.076534, 0.0 ], [ -90.119997, 40.076893, 0.0 ], [ -90.118972, 40.077837, 0.0 ], [ -90.116923, 40.078286, 0.0 ], [ -90.116016, 40.078668, 0.0 ], [ -90.115898, 40.079028, 0.0 ], [ -90.115986, 40.079455, 0.0 ], [ -90.116366, 40.080174, 0.0 ], [ -90.11619, 40.080759, 0.0 ], [ -90.115663, 40.080804, 0.0 ], [ -90.115282, 40.080646, 0.0 ], [ -90.114668, 40.080016, 0.0 ], [ -90.114229, 40.079971, 0.0 ], [ -90.113995, 40.080218, 0.0 ], [ -90.113877, 40.080803, 0.0 ], [ -90.113643, 40.08105, 0.0 ], [ -90.113233, 40.081072, 0.0 ], [ -90.112941, 40.081005, 0.0 ], [ -90.112034, 40.080083, 0.0 ], [ -90.110893, 40.079295, 0.0 ], [ -90.110689, 40.078598, 0.0 ], [ -90.110396, 40.078306, 0.0 ], [ -90.110016, 40.078238, 0.0 ], [ -90.109723, 40.078373, 0.0 ], [ -90.109283, 40.079272, 0.0 ], [ -90.108635, 40.079517, 0.0 ], [ -90.106562, 40.078079, 0.0 ], [ -90.106094, 40.078011, 0.0 ], [ -90.105274, 40.078191, 0.0 ], [ -90.104952, 40.078415, 0.0 ], [ -90.104336, 40.080349, 0.0 ], [ -90.103603, 40.080752, 0.0 ], [ -90.103252, 40.08073, 0.0 ], [ -90.10258, 40.080235, 0.0 ], [ -90.102405, 40.078819, 0.0 ], [ -90.101908, 40.078234, 0.0 ], [ -90.100914, 40.077761, 0.0 ], [ -90.099714, 40.077695, 0.0 ], [ -90.098689, 40.078144, 0.0 ], [ -90.097751, 40.079245, 0.0 ], [ -90.096023, 40.080661, 0.0 ], [ -90.095437, 40.081065, 0.0 ], [ -90.094353, 40.081401, 0.0 ], [ -90.093856, 40.081176, 0.0 ], [ -90.093652, 40.080862, 0.0 ], [ -90.093652, 40.080502, 0.0 ], [ -90.094707, 40.079401, 0.0 ], [ -90.096113, 40.078345, 0.0 ], [ -90.09626, 40.078053, 0.0 ], [ -90.09626, 40.077805, 0.0 ], [ -90.095792, 40.077378, 0.0 ], [ -90.095324, 40.077175, 0.0 ], [ -90.094417, 40.077107, 0.0 ], [ -90.093919, 40.077219, 0.0 ], [ -90.093187, 40.077759, 0.0 ], [ -90.0926, 40.078478, 0.0 ], [ -90.091838, 40.079984, 0.0 ], [ -90.0909, 40.080769, 0.0 ], [ -90.0897, 40.080837, 0.0 ], [ -90.089408, 40.080702, 0.0 ], [ -90.089057, 40.080117, 0.0 ], [ -90.088618, 40.079779, 0.0 ], [ -90.088267, 40.079666, 0.0 ], [ -90.087623, 40.079823, 0.0 ], [ -90.087447, 40.080543, 0.0 ], [ -90.087534, 40.08133, 0.0 ], [ -90.088352, 40.082589, 0.0 ], [ -90.088556, 40.083174, 0.0 ], [ -90.088292, 40.083871, 0.0 ], [ -90.087999, 40.084006, 0.0 ], [ -90.087326, 40.083915, 0.0 ], [ -90.085191, 40.082183, 0.0 ], [ -90.083728, 40.081574, 0.0 ], [ -90.082383, 40.080472, 0.0 ], [ -90.081862, 40.080202, 0.0 ], [ -90.080685, 40.080155, 0.0 ], [ -90.080062, 40.08094, 0.0 ], [ -90.079893, 40.081796, 0.0 ], [ -90.080067, 40.083146, 0.0 ], [ -90.080476, 40.084158, 0.0 ], [ -90.081148, 40.084923, 0.0 ], [ -90.081206, 40.085282, 0.0 ], [ -90.081059, 40.085575, 0.0 ], [ -90.080708, 40.085777, 0.0 ], [ -90.08021, 40.085776, 0.0 ], [ -90.079149, 40.085392, 0.0 ], [ -90.078133, 40.085325, 0.0 ], [ -90.07781, 40.085662, 0.0 ], [ -90.077751, 40.085999, 0.0 ], [ -90.079301, 40.086967, 0.0 ], [ -90.07936, 40.08726, 0.0 ], [ -90.079184, 40.087529, 0.0 ], [ -90.078217, 40.088136, 0.0 ], [ -90.076625, 40.08863, 0.0 ], [ -90.076186, 40.089108, 0.0 ], [ -90.074217, 40.090226, 0.0 ], [ -90.073032, 40.090335, 0.0 ], [ -90.071423, 40.089704, 0.0 ], [ -90.070223, 40.089996, 0.0 ], [ -90.069842, 40.090515, 0.0 ], [ -90.070049, 40.09109, 0.0 ], [ -90.07177, 40.093032, 0.0 ], [ -90.071886, 40.093707, 0.0 ], [ -90.071593, 40.094089, 0.0 ], [ -90.071241, 40.094246, 0.0 ], [ -90.070363, 40.094223, 0.0 ], [ -90.067759, 40.093388, 0.0 ], [ -90.066119, 40.09323, 0.0 ], [ -90.065739, 40.093364, 0.0 ], [ -90.065269, 40.094038, 0.0 ], [ -90.065181, 40.094488, 0.0 ], [ -90.065326, 40.095298, 0.0 ], [ -90.065677, 40.09577, 0.0 ], [ -90.065822, 40.096287, 0.0 ], [ -90.065657, 40.098065, 0.0 ], [ -90.065353, 40.099238, 0.0 ], [ -90.064668, 40.100152, 0.0 ], [ -90.063649, 40.100692, 0.0 ], [ -90.062888, 40.100849, 0.0 ], [ -90.061102, 40.10078, 0.0 ], [ -90.059463, 40.100261, 0.0 ], [ -90.058058, 40.100192, 0.0 ], [ -90.056184, 40.100348, 0.0 ], [ -90.05434, 40.099791, 0.0 ], [ -90.052998, 40.099137, 0.0 ], [ -90.051775, 40.099055, 0.0 ], [ -90.051132, 40.09965, 0.0 ], [ -90.051057, 40.100109, 0.0 ], [ -90.051308, 40.101633, 0.0 ], [ -90.051232, 40.102343, 0.0 ], [ -90.050977, 40.102962, 0.0 ], [ -90.050055, 40.104096, 0.0 ], [ -90.049175, 40.105014, 0.0 ], [ -90.04697, 40.106315, 0.0 ], [ -90.044687, 40.108121, 0.0 ], [ -90.043444, 40.108813, 0.0 ], [ -90.042101, 40.109162, 0.0 ], [ -90.041013, 40.109045, 0.0 ], [ -90.04028, 40.108597, 0.0 ], [ -90.03932, 40.107312, 0.0 ], [ -90.038866, 40.106087, 0.0 ], [ -90.038816, 40.105523, 0.0 ], [ -90.039682, 40.102859, 0.0 ], [ -90.039201, 40.102567, 0.0 ], [ -90.038315, 40.102663, 0.0 ], [ -90.037656, 40.10309, 0.0 ], [ -90.037402, 40.10342, 0.0 ], [ -90.036867, 40.104937, 0.0 ], [ -90.035037, 40.108221, 0.0 ], [ -90.032832, 40.109619, 0.0 ], [ -90.032171, 40.110532, 0.0 ], [ -90.031665, 40.110745, 0.0 ], [ -90.031006, 40.11055, 0.0 ], [ -90.030806, 40.10948, 0.0 ], [ -90.030959, 40.108722, 0.0 ], [ -90.032255, 40.106468, 0.0 ], [ -90.032181, 40.105768, 0.0 ], [ -90.031877, 40.105495, 0.0 ], [ -90.030789, 40.105299, 0.0 ], [ -90.026939, 40.105508, 0.0 ], [ -90.024484, 40.104806, 0.0 ], [ -90.023573, 40.104727, 0.0 ], [ -90.02185, 40.105094, 0.0 ], [ -90.020709, 40.105559, 0.0 ], [ -90.019848, 40.105597, 0.0 ], [ -90.01957, 40.105461, 0.0 ], [ -90.019495, 40.104994, 0.0 ], [ -90.019869, 40.104629, 0.0 ], [ -90.020965, 40.104179, 0.0 ], [ -90.021017, 40.103751, 0.0 ], [ -90.020789, 40.103596, 0.0 ], [ -90.018612, 40.103243, 0.0 ], [ -90.018258, 40.102989, 0.0 ], [ -90.017703, 40.102114, 0.0 ], [ -90.017222, 40.101919, 0.0 ], [ -90.016082, 40.10215, 0.0 ], [ -90.015219, 40.103024, 0.0 ], [ -90.014257, 40.103159, 0.0 ], [ -90.013751, 40.102692, 0.0 ], [ -90.013451, 40.101233, 0.0 ], [ -90.012869, 40.100843, 0.0 ], [ -90.012185, 40.100842, 0.0 ], [ -90.011729, 40.101017, 0.0 ], [ -90.011297, 40.101755, 0.0 ], [ -90.011444, 40.102913, 0.0 ], [ -90.01109, 40.103641, 0.0 ], [ -90.010558, 40.103893, 0.0 ], [ -90.009975, 40.103931, 0.0 ], [ -90.008027, 40.103345, 0.0 ], [ -90.006633, 40.103557, 0.0 ], [ -90.006126, 40.103887, 0.0 ], [ -90.005871, 40.104509, 0.0 ], [ -90.00587, 40.10519, 0.0 ], [ -90.006272, 40.106649, 0.0 ], [ -90.006157, 40.10738, 0.0 ], [ -90.004924, 40.109, 0.0 ], [ -90.004391, 40.109271, 0.0 ], [ -90.003315, 40.109264, 0.0 ], [ -90.0031, 40.108939, 0.0 ], [ -90.002975, 40.108433, 0.0 ], [ -90.003031, 40.106391, 0.0 ], [ -90.001999, 40.103629, 0.0 ], [ -90.001367, 40.103161, 0.0 ], [ -90.000557, 40.102946, 0.0 ], [ -90.000123, 40.103042, 0.0 ], [ -89.999822, 40.103334, 0.0 ], [ -89.999668, 40.103898, 0.0 ], [ -89.99994, 40.106698, 0.0 ], [ -89.999759, 40.108098, 0.0 ], [ -89.998032, 40.11041, 0.0 ], [ -89.997827, 40.111128, 0.0 ], [ -89.997773, 40.112548, 0.0 ], [ -89.997595, 40.112781, 0.0 ], [ -89.997139, 40.112819, 0.0 ], [ -89.996708, 40.112721, 0.0 ], [ -89.9959, 40.112157, 0.0 ], [ -89.995086, 40.110853, 0.0 ], [ -89.995119, 40.104759, 0.0 ], [ -89.994855, 40.090583, 0.0 ], [ -89.994712, 40.046655, 0.0 ], [ -89.99499, 40.046656, 0.0 ], [ -89.995047, 40.039609, 0.0 ], [ -89.994946, 40.039461, 0.0 ], [ -89.994983, 40.01819, 0.0 ], [ -89.994731, 39.976094, 0.0 ], [ -89.994813, 39.960081, 0.0 ], [ -89.994395, 39.858111, 0.0 ], [ -89.994077, 39.821832, 0.0 ], [ -89.993545, 39.7854, 0.0 ], [ -89.985568, 39.785423, 0.0 ], [ -89.984751, 39.718086, 0.0 ], [ -89.982217, 39.711029, 0.0 ], [ -89.971304, 39.682849, 0.0 ], [ -89.947425, 39.620249, 0.0 ], [ -89.945806, 39.616403, 0.0 ], [ -89.929633, 39.57323, 0.0 ], [ -89.923961, 39.558685, 0.0 ], [ -89.926053, 39.525641, 0.0 ], [ -89.926077, 39.517185, 0.0 ], [ -89.925755, 39.507586, 0.0 ], [ -89.925969, 39.49855, 0.0 ], [ -89.925255, 39.429295, 0.0 ], [ -89.925204, 39.405823, 0.0 ], [ -89.924807, 39.38404, 0.0 ], [ -89.92468, 39.347462, 0.0 ], [ -89.924138, 39.347467, 0.0 ], [ -89.923879, 39.286094, 0.0 ], [ -89.924104, 39.251117, 0.0 ], [ -89.923892, 39.248315, 0.0 ], [ -89.92384, 39.244226, 0.0 ], [ -89.923813, 39.208465, 0.0 ], [ -89.923411, 39.18215, 0.0 ], [ -89.923571, 39.181942, 0.0 ], [ -89.922527, 38.998755, 0.0 ], [ -89.926986, 38.998773, 0.0 ], [ -89.927028, 38.963249, 0.0 ], [ -89.927395, 38.926272, 0.0 ], [ -89.927349, 38.92586, 0.0 ], [ -89.927113, 38.925752, 0.0 ], [ -89.927573, 38.925273, 0.0 ], [ -89.927456, 38.925191, 0.0 ], [ -89.927389, 38.922507, 0.0 ], [ -89.927458, 38.901415, 0.0 ], [ -89.927867, 38.878909, 0.0 ], [ -89.927765, 38.868585, 0.0 ], [ -89.927616, 38.868364, 0.0 ], [ -89.927608, 38.853957, 0.0 ], [ -89.927568, 38.852782, 0.0 ], [ -89.927345, 38.852202, 0.0 ], [ -89.927536, 38.851358, 0.0 ], [ -89.928037, 38.832084, 0.0 ] ] ] } },
{ "type": "Feature", "properties": { "OID_": 0, "DISTRICT": "51", "STA": "IL", "ST": "17", "LABEL": "51", "DIST_NAME": "State Senate District 51", "TYPE": "State Legislature - Upper Chamber", "TYPE_ABB": "Leg_Upper", "ELECT_YEAR": "Enacted" }, "geometry": { "type": "Polygon", "coordinates": [ [ [ -87.529191, 38.852139, 0.0 ], [ -87.528199, 38.851698, 0.0 ], [ -87.526734, 38.850369, 0.0 ], [ -87.525898, 38.848802, 0.0 ], [ -87.526001, 38.846066, 0.0 ], [ -87.526173, 38.845375, 0.0 ], [ -87.525909, 38.844149, 0.0 ], [ -87.526111, 38.843475, 0.0 ], [ -87.526687, 38.842553, 0.0 ], [ -87.5267, 38.838585, 0.0 ], [ -87.525966, 38.836205, 0.0 ], [ -87.524582, 38.833641, 0.0 ], [ -87.522217, 38.83049, 0.0 ], [ -87.521846, 38.828741, 0.0 ], [ -87.521686, 38.826583, 0.0 ], [ -87.523183, 38.824017, 0.0 ], [ -87.523641, 38.822604, 0.0 ], [ -87.525906, 38.821178, 0.0 ], [ -87.526468, 38.820545, 0.0 ], [ -87.527412, 38.818773, 0.0 ], [ -87.527347, 38.818128, 0.0 ], [ -87.526821, 38.817376, 0.0 ], [ -87.5216, 38.81302, 0.0 ], [ -87.519225, 38.810485, 0.0 ], [ -87.516694, 38.806187, 0.0 ], [ -87.514924, 38.80372, 0.0 ], [ -87.512277, 38.800773, 0.0 ], [ -87.510558, 38.798403, 0.0 ], [ -87.508216, 38.795723, 0.0 ], [ -87.506565, 38.794553, 0.0 ], [ -87.503134, 38.792881, 0.0 ], [ -87.501128, 38.791387, 0.0 ], [ -87.497917, 38.787706, 0.0 ], [ -87.497826, 38.787078, 0.0 ], [ -87.49591, 38.785441, 0.0 ], [ -87.495514, 38.784633, 0.0 ], [ -87.495216, 38.783067, 0.0 ], [ -87.495204, 38.781986, 0.0 ], [ -87.495744, 38.78031, 0.0 ], [ -87.496542, 38.778578, 0.0 ], [ -87.497435, 38.777445, 0.0 ], [ -87.498592, 38.776487, 0.0 ], [ -87.50212, 38.774635, 0.0 ], [ -87.504306, 38.773853, 0.0 ], [ -87.505673, 38.773677, 0.0 ], [ -87.511803, 38.773565, 0.0 ], [ -87.513142, 38.773203, 0.0 ], [ -87.513804, 38.772765, 0.0 ], [ -87.514553, 38.771828, 0.0 ], [ -87.514866, 38.77051, 0.0 ], [ -87.514378, 38.769179, 0.0 ], [ -87.513657, 38.768482, 0.0 ], [ -87.511974, 38.767545, 0.0 ], [ -87.510335, 38.767188, 0.0 ], [ -87.508188, 38.767319, 0.0 ], [ -87.50657, 38.767863, 0.0 ], [ -87.505886, 38.768438, 0.0 ], [ -87.504958, 38.768867, 0.0 ], [ -87.502521, 38.76918, 0.0 ], [ -87.500499, 38.769183, 0.0 ], [ -87.499136, 38.768842, 0.0 ], [ -87.498221, 38.768314, 0.0 ], [ -87.497534, 38.767731, 0.0 ], [ -87.496911, 38.766825, 0.0 ], [ -87.497115, 38.764543, 0.0 ], [ -87.49852, 38.75899, 0.0 ], [ -87.498953, 38.757781, 0.0 ], [ -87.500025, 38.756189, 0.0 ], [ -87.501819, 38.754204, 0.0 ], [ -87.503385, 38.750987, 0.0 ], [ -87.503581, 38.750053, 0.0 ], [ -87.504011, 38.749717, 0.0 ], [ -87.504051, 38.748514, 0.0 ], [ -87.503323, 38.747087, 0.0 ], [ -87.501595, 38.745732, 0.0 ], [ -87.500025, 38.744919, 0.0 ], [ -87.499565, 38.744464, 0.0 ], [ -87.49741, 38.743416, 0.0 ], [ -87.496499, 38.742735, 0.0 ], [ -87.495799, 38.741368, 0.0 ], [ -87.495804, 38.740706, 0.0 ], [ -87.496046, 38.739988, 0.0 ], [ -87.496525, 38.739343, 0.0 ], [ -87.497531, 38.738539, 0.0 ], [ -87.500025, 38.737015, 0.0 ], [ -87.504064, 38.73583, 0.0 ], [ -87.505344, 38.734977, 0.0 ], [ -87.506177, 38.733732, 0.0 ], [ -87.507702, 38.727342, 0.0 ], [ -87.50852, 38.725775, 0.0 ], [ -87.514612, 38.718987, 0.0 ], [ -87.516712, 38.716339, 0.0 ], [ -87.518603, 38.712746, 0.0 ], [ -87.519524, 38.710462, 0.0 ], [ -87.518951, 38.705156, 0.0 ], [ -87.519043, 38.699533, 0.0 ], [ -87.519615, 38.697205, 0.0 ], [ -87.522044, 38.693357, 0.0 ], [ -87.528136, 38.686835, 0.0 ], [ -87.531236, 38.684043, 0.0 ], [ -87.53444, 38.681761, 0.0 ], [ -87.540056, 38.67915, 0.0 ], [ -87.545543, 38.67762, 0.0 ], [ -87.558435, 38.675592, 0.0 ], [ -87.569612, 38.674365, 0.0 ], [ -87.579402, 38.672482, 0.0 ], [ -87.587689, 38.669987, 0.0 ], [ -87.593683, 38.667409, 0.0 ], [ -87.597252, 38.665321, 0.0 ], [ -87.600185, 38.662469, 0.0 ], [ -87.602036, 38.65906, 0.0 ], [ -87.602868, 38.65637, 0.0 ], [ -87.602764, 38.654382, 0.0 ], [ -87.602955, 38.651243, 0.0 ], [ -87.604335, 38.648363, 0.0 ], [ -87.605822, 38.646525, 0.0 ], [ -87.607901, 38.644991, 0.0 ], [ -87.609836, 38.644223, 0.0 ], [ -87.61732, 38.642164, 0.0 ], [ -87.619202, 38.640757, 0.0 ], [ -87.620125, 38.639496, 0.0 ], [ -87.620985, 38.637662, 0.0 ], [ -87.620905, 38.636135, 0.0 ], [ -87.619824, 38.632744, 0.0 ], [ -87.618929, 38.631389, 0.0 ], [ -87.61643, 38.628681, 0.0 ], [ -87.615948, 38.627959, 0.0 ], [ -87.615474, 38.625896, 0.0 ], [ -87.61559, 38.625054, 0.0 ], [ -87.616157, 38.623222, 0.0 ], [ -87.617048, 38.622202, 0.0 ], [ -87.6191, 38.620962, 0.0 ], [ -87.620479, 38.620485, 0.0 ], [ -87.621799, 38.619604, 0.0 ], [ -87.62238, 38.61888, 0.0 ], [ -87.622764, 38.617091, 0.0 ], [ -87.620357, 38.612793, 0.0 ], [ -87.620537, 38.612172, 0.0 ], [ -87.621311, 38.611523, 0.0 ], [ -87.625515, 38.609448, 0.0 ], [ -87.626992, 38.607967, 0.0 ], [ -87.627223, 38.607557, 0.0 ], [ -87.627451, 38.606592, 0.0 ], [ -87.627428, 38.605979, 0.0 ], [ -87.627353, 38.605447, 0.0 ], [ -87.625857, 38.602059, 0.0 ], [ -87.625411, 38.599195, 0.0 ], [ -87.625029, 38.598266, 0.0 ], [ -87.624148, 38.596962, 0.0 ], [ -87.623446, 38.596248, 0.0 ], [ -87.622641, 38.595655, 0.0 ], [ -87.619448, 38.594831, 0.0 ], [ -87.613466, 38.595049, 0.0 ], [ -87.612444, 38.594649, 0.0 ], [ -87.611355, 38.593618, 0.0 ], [ -87.610891, 38.592639, 0.0 ], [ -87.610912, 38.591412, 0.0 ], [ -87.611965, 38.589255, 0.0 ], [ -87.613143, 38.588284, 0.0 ], [ -87.614513, 38.587517, 0.0 ], [ -87.616609, 38.587036, 0.0 ], [ -87.621406, 38.586125, 0.0 ], [ -87.622902, 38.586205, 0.0 ], [ -87.625029, 38.586692, 0.0 ], [ -87.627388, 38.587651, 0.0 ], [ -87.632177, 38.591238, 0.0 ], [ -87.634062, 38.592379, 0.0 ], [ -87.634828, 38.592699, 0.0 ], [ -87.636242, 38.592918, 0.0 ], [ -87.637632, 38.592661, 0.0 ], [ -87.638398, 38.592207, 0.0 ], [ -87.639438, 38.591262, 0.0 ], [ -87.640118, 38.590107, 0.0 ], [ -87.640263, 38.589206, 0.0 ], [ -87.640265, 38.585877, 0.0 ], [ -87.63978, 38.582005, 0.0 ], [ -87.638102, 38.578351, 0.0 ], [ -87.638121, 38.576836, 0.0 ], [ -87.638916, 38.574883, 0.0 ], [ -87.640059, 38.573778, 0.0 ], [ -87.642313, 38.572512, 0.0 ], [ -87.643972, 38.572007, 0.0 ], [ -87.647891, 38.571348, 0.0 ], [ -87.649687, 38.57053, 0.0 ], [ -87.651112, 38.569033, 0.0 ], [ -87.651534, 38.568173, 0.0 ], [ -87.654216, 38.568307, 0.0 ], [ -87.654317, 38.568068, 0.0 ], [ -87.658693, 38.568071, 0.0 ], [ -87.741343, 38.568477, 0.0 ], [ -87.77875, 38.569103, 0.0 ], [ -87.813207, 38.569311, 0.0 ], [ -87.817747, 38.569605, 0.0 ], [ -87.855322, 38.570017, 0.0 ], [ -87.864753, 38.569882, 0.0 ], [ -87.912292, 38.570111, 0.0 ], [ -87.912278, 38.570815, 0.0 ], [ -87.910264, 38.575081, 0.0 ], [ -87.910064, 38.588441, 0.0 ], [ -87.909853, 38.590002, 0.0 ], [ -87.910008, 38.592879, 0.0 ], [ -87.908892, 38.749939, 0.0 ], [ -87.908489, 38.782107, 0.0 ], [ -87.908119, 38.850114, 0.0 ], [ -87.949922, 38.850254, 0.0 ], [ -87.983524, 38.849593, 0.0 ], [ -88.003794, 38.849881, 0.0 ], [ -88.023343, 38.849874, 0.0 ], [ -88.023347, 38.849733, 0.0 ], [ -88.023995, 38.849721, 0.0 ], [ -88.038315, 38.849863, 0.0 ], [ -88.03832, 38.849621, 0.0 ], [ -88.046916, 38.849424, 0.0 ], [ -88.048519, 38.849571, 0.0 ], [ -88.075888, 38.849003, 0.0 ], [ -88.150271, 38.84696, 0.0 ], [ -88.18515, 38.846892, 0.0 ], [ -88.206998, 38.847219, 0.0 ], [ -88.258344, 38.847504, 0.0 ], [ -88.277663, 38.848166, 0.0 ], [ -88.286401, 38.848666, 0.0 ], [ -88.289601, 38.848678, 0.0 ], [ -88.361764, 38.852131, 0.0 ], [ -88.361986, 38.881627, 0.0 ], [ -88.361721, 38.893649, 0.0 ], [ -88.361751, 38.910854, 0.0 ], [ -88.362785, 39.001236, 0.0 ], [ -88.408778, 39.001054, 0.0 ], [ -88.468429, 39.001058, 0.0 ], [ -88.468316, 39.041358, 0.0 ], [ -88.46812, 39.045365, 0.0 ], [ -88.46753, 39.086699, 0.0 ], [ -88.467446, 39.125048, 0.0 ], [ -88.467272, 39.139836, 0.0 ], [ -88.467442, 39.155652, 0.0 ], [ -88.467227, 39.1575, 0.0 ], [ -88.467178, 39.16091, 0.0 ], [ -88.467283, 39.162108, 0.0 ], [ -88.467221, 39.171299, 0.0 ], [ -88.467393, 39.171488, 0.0 ], [ -88.470871, 39.17147, 0.0 ], [ -88.470887, 39.218469, 0.0 ], [ -88.470917, 39.220421, 0.0 ], [ -88.471129, 39.222037, 0.0 ], [ -88.470937, 39.229516, 0.0 ], [ -88.470953, 39.2544, 0.0 ], [ -88.471145, 39.272975, 0.0 ], [ -88.378237, 39.272749, 0.0 ], [ -88.378551, 39.346792, 0.0 ], [ -88.37846, 39.359345, 0.0 ], [ -88.378049, 39.360891, 0.0 ], [ -88.378209, 39.361161, 0.0 ], [ -88.378452, 39.36119, 0.0 ], [ -88.378461, 39.361445, 0.0 ], [ -88.378392, 39.374186, 0.0 ], [ -88.43417, 39.374398, 0.0 ], [ -88.453175, 39.373645, 0.0 ], [ -88.470836, 39.374522, 0.0 ], [ -88.470357, 39.432636, 0.0 ], [ -88.470511, 39.447048, 0.0 ], [ -88.490348, 39.447158, 0.0 ], [ -88.49339, 39.447347, 0.0 ], [ -88.545434, 39.447494, 0.0 ], [ -88.545921, 39.447654, 0.0 ], [ -88.584279, 39.447589, 0.0 ], [ -88.584372, 39.460722, 0.0 ], [ -88.584262, 39.461664, 0.0 ], [ -88.584549, 39.476995, 0.0 ], [ -88.59383, 39.477016, 0.0 ], [ -88.594389, 39.520796, 0.0 ], [ -88.584986, 39.520714, 0.0 ], [ -88.585537, 39.589775, 0.0 ], [ -88.585766, 39.600757, 0.0 ], [ -88.585879, 39.600842, 0.0 ], [ -88.586449, 39.68094, 0.0 ], [ -88.58723, 39.732162, 0.0 ], [ -88.587184, 39.753988, 0.0 ], [ -88.587529, 39.792141, 0.0 ], [ -88.462334, 39.791827, 0.0 ], [ -88.46221, 39.880305, 0.0 ], [ -88.462957, 40.01814, 0.0 ], [ -88.463104, 40.087931, 0.0 ], [ -88.463368, 40.124906, 0.0 ], [ -88.46318, 40.142204, 0.0 ], [ -88.463369, 40.15663, 0.0 ], [ -88.463468, 40.211357, 0.0 ], [ -88.46364, 40.218265, 0.0 ], [ -88.463557, 40.223279, 0.0 ], [ -88.460726, 40.22333, 0.0 ], [ -88.46027, 40.310868, 0.0 ], [ -88.460423, 40.340534, 0.0 ], [ -88.460334, 40.363156, 0.0 ], [ -88.459963, 40.398858, 0.0 ], [ -88.422443, 40.398542, 0.0 ], [ -88.346993, 40.398425, 0.0 ], [ -88.233726, 40.399526, 0.0 ], [ -88.233068, 40.340805, 0.0 ], [ -88.23289, 40.302675, 0.0 ], [ -88.232096, 40.262475, 0.0 ], [ -88.231615, 40.22399, 0.0 ], [ -88.240471, 40.223923, 0.0 ], [ -88.239936, 40.187409, 0.0 ], [ -88.239772, 40.185411, 0.0 ], [ -88.239704, 40.174455, 0.0 ], [ -88.239119, 40.149092, 0.0 ], [ -88.243862, 40.149109, 0.0 ], [ -88.243913, 40.15222, 0.0 ], [ -88.244111, 40.152723, 0.0 ], [ -88.248626, 40.152754, 0.0 ], [ -88.248695, 40.157032, 0.0 ], [ -88.267301, 40.156958, 0.0 ], [ -88.269375, 40.157168, 0.0 ], [ -88.269362, 40.158066, 0.0 ], [ -88.270425, 40.158474, 0.0 ], [ -88.271844, 40.15807, 0.0 ], [ -88.273083, 40.157438, 0.0 ], [ -88.275224, 40.157777, 0.0 ], [ -88.277106, 40.157721, 0.0 ], [ -88.277123, 40.163714, 0.0 ], [ -88.277615, 40.163707, 0.0 ], [ -88.277617, 40.163982, 0.0 ], [ -88.283452, 40.163988, 0.0 ], [ -88.283457, 40.163627, 0.0 ], [ -88.284651, 40.163563, 0.0 ], [ -88.284767, 40.163071, 0.0 ], [ -88.28457, 40.163048, 0.0 ], [ -88.284667, 40.1627, 0.0 ], [ -88.287031, 40.163346, 0.0 ], [ -88.287511, 40.162387, 0.0 ], [ -88.285712, 40.161802, 0.0 ], [ -88.286011, 40.16146, 0.0 ], [ -88.285424, 40.161166, 0.0 ], [ -88.285379, 40.160994, 0.0 ], [ -88.28649, 40.159789, 0.0 ], [ -88.28728, 40.158424, 0.0 ], [ -88.289303, 40.157517, 0.0 ], [ -88.289851, 40.157113, 0.0 ], [ -88.290217, 40.15647, 0.0 ], [ -88.291272, 40.156702, 0.0 ], [ -88.295676, 40.156708, 0.0 ], [ -88.298011, 40.158706, 0.0 ], [ -88.298548, 40.158202, 0.0 ], [ -88.299172, 40.157306, 0.0 ], [ -88.299157, 40.156234, 0.0 ], [ -88.298675, 40.155256, 0.0 ], [ -88.301087, 40.153617, 0.0 ], [ -88.295101, 40.150799, 0.0 ], [ -88.291883, 40.148982, 0.0 ], [ -88.290713, 40.147659, 0.0 ], [ -88.289941, 40.14561, 0.0 ], [ -88.289429, 40.144699, 0.0 ], [ -88.288541, 40.143773, 0.0 ], [ -88.287308, 40.142917, 0.0 ], [ -88.301766, 40.130291, 0.0 ], [ -88.30294, 40.129042, 0.0 ], [ -88.303846, 40.127696, 0.0 ], [ -88.304188, 40.127699, 0.0 ], [ -88.303497, 40.128792, 0.0 ], [ -88.302402, 40.130069, 0.0 ], [ -88.295806, 40.135881, 0.0 ], [ -88.295831, 40.136666, 0.0 ], [ -88.297148, 40.136682, 0.0 ], [ -88.297158, 40.137176, 0.0 ], [ -88.305252, 40.137286, 0.0 ], [ -88.305226, 40.134917, 0.0 ], [ -88.314795, 40.135112, 0.0 ], [ -88.314717, 40.122008, 0.0 ], [ -88.315015, 40.122003, 0.0 ], [ -88.315071, 40.120568, 0.0 ], [ -88.315037, 40.120261, 0.0 ], [ -88.314565, 40.120254, 0.0 ], [ -88.314563, 40.12001, 0.0 ], [ -88.322831, 40.120394, 0.0 ], [ -88.33341, 40.120397, 0.0 ], [ -88.332673, 40.055131, 0.0 ], [ -88.23841, 40.05439, 0.0 ], [ -88.123894, 40.054996, 0.0 ], [ -88.124694, 40.120649, 0.0 ], [ -88.09246, 40.12083, 0.0 ], [ -88.061492, 40.12061, 0.0 ], [ -88.06149, 40.120935, 0.0 ], [ -88.052474, 40.120885, 0.0 ], [ -88.052249, 40.120883, 0.0 ], [ -88.052266, 40.120531, 0.0 ], [ -88.01908, 40.120266, 0.0 ], [ -88.01908, 40.120594, 0.0 ], [ -88.009889, 40.12058, 0.0 ], [ -88.010092, 40.120193, 0.0 ], [ -87.972422, 40.119892, 0.0 ], [ -87.940146, 40.120219, 0.0 ], [ -87.939638, 40.083624, 0.0 ], [ -87.883194, 40.084161, 0.0 ], [ -87.883199, 40.084679, 0.0 ], [ -87.863487, 40.084836, 0.0 ], [ -87.826836, 40.085648, 0.0 ], [ -87.806489, 40.085921, 0.0 ], [ -87.801106, 40.085938, 0.0 ], [ -87.800786, 40.085828, 0.0 ], [ -87.780764, 40.08664, 0.0 ], [ -87.768069, 40.086693, 0.0 ], [ -87.768071, 40.086883, 0.0 ], [ -87.766244, 40.087255, 0.0 ], [ -87.765642, 40.08762, 0.0 ], [ -87.765177, 40.087697, 0.0 ], [ -87.764397, 40.087586, 0.0 ], [ -87.763806, 40.087282, 0.0 ], [ -87.753376, 40.087368, 0.0 ], [ -87.753246, 40.087415, 0.0 ], [ -87.753246, 40.093258, 0.0 ], [ -87.753765, 40.094905, 0.0 ], [ -87.753459, 40.098346, 0.0 ], [ -87.752213, 40.097478, 0.0 ], [ -87.751865, 40.096904, 0.0 ], [ -87.751961, 40.096348, 0.0 ], [ -87.752731, 40.095347, 0.0 ], [ -87.752406, 40.0946, 0.0 ], [ -87.751915, 40.094223, 0.0 ], [ -87.749365, 40.093262, 0.0 ], [ -87.747951, 40.093164, 0.0 ], [ -87.749061, 40.093275, 0.0 ], [ -87.745912, 40.09329, 0.0 ], [ -87.743711, 40.093743, 0.0 ], [ -87.741343, 40.093809, 0.0 ], [ -87.739522, 40.094431, 0.0 ], [ -87.737701, 40.095794, 0.0 ], [ -87.737097, 40.096595, 0.0 ], [ -87.73692, 40.097391, 0.0 ], [ -87.737206, 40.098457, 0.0 ], [ -87.738641, 40.100855, 0.0 ], [ -87.740522, 40.102384, 0.0 ], [ -87.740923, 40.103594, 0.0 ], [ -87.740882, 40.104182, 0.0 ], [ -87.739928, 40.105312, 0.0 ], [ -87.739358, 40.106508, 0.0 ], [ -87.73928, 40.10722, 0.0 ], [ -87.73948, 40.108183, 0.0 ], [ -87.739295, 40.108908, 0.0 ], [ -87.738271, 40.109791, 0.0 ], [ -87.737201, 40.110335, 0.0 ], [ -87.734345, 40.110701, 0.0 ], [ -87.731208, 40.111576, 0.0 ], [ -87.728728, 40.111166, 0.0 ], [ -87.726677, 40.110328, 0.0 ], [ -87.726187, 40.108442, 0.0 ], [ -87.725668, 40.107463, 0.0 ], [ -87.723155, 40.105163, 0.0 ], [ -87.721824, 40.104401, 0.0 ], [ -87.720281, 40.10394, 0.0 ], [ -87.717187, 40.103653, 0.0 ], [ -87.717126, 40.103813, 0.0 ], [ -87.718077, 40.104248, 0.0 ], [ -87.71826, 40.104495, 0.0 ], [ -87.718084, 40.10514, 0.0 ], [ -87.718911, 40.105406, 0.0 ], [ -87.719454, 40.105779, 0.0 ], [ -87.71921, 40.105899, 0.0 ], [ -87.7186, 40.105479, 0.0 ], [ -87.717743, 40.105319, 0.0 ], [ -87.717862, 40.104385, 0.0 ], [ -87.717118, 40.104184, 0.0 ], [ -87.715719, 40.102633, 0.0 ], [ -87.715446, 40.102828, 0.0 ], [ -87.715491, 40.101634, 0.0 ], [ -87.705664, 40.101554, 0.0 ], [ -87.691276, 40.101828, 0.0 ], [ -87.667884, 40.101741, 0.0 ], [ -87.667726, 40.094978, 0.0 ], [ -87.667586, 40.094778, 0.0 ], [ -87.667576, 40.087238, 0.0 ], [ -87.667196, 40.087048, 0.0 ], [ -87.658151, 40.086965, 0.0 ], [ -87.657801, 40.065028, 0.0 ], [ -87.657404, 40.057689, 0.0 ], [ -87.657074, 40.028061, 0.0 ], [ -87.656726, 40.027988, 0.0 ], [ -87.641886, 40.027898, 0.0 ], [ -87.638058, 40.028036, 0.0 ], [ -87.638036, 40.027328, 0.0 ], [ -87.637326, 40.027348, 0.0 ], [ -87.637325, 40.027229, 0.0 ], [ -87.633959, 40.026765, 0.0 ], [ -87.633986, 40.028018, 0.0 ], [ -87.63094, 40.027923, 0.0 ], [ -87.631226, 40.035244, 0.0 ], [ -87.617836, 40.035428, 0.0 ], [ -87.616446, 40.035268, 0.0 ], [ -87.600386, 40.035088, 0.0 ], [ -87.600586, 40.041808, 0.0 ], [ -87.600726, 40.042268, 0.0 ], [ -87.601096, 40.042618, 0.0 ], [ -87.600626, 40.042948, 0.0 ], [ -87.600515, 40.044584, 0.0 ], [ -87.600984, 40.050151, 0.0 ], [ -87.601164, 40.058146, 0.0 ], [ -87.548792, 40.058801, 0.0 ], [ -87.532177, 40.05881, 0.0 ], [ -87.532405, 40.015178, 0.0 ], [ -87.532236, 39.999978, 0.0 ], [ -87.532659, 39.975036, 0.0 ], [ -87.532606, 39.970868, 0.0 ], [ -87.532779, 39.969577, 0.0 ], [ -87.532747, 39.937044, 0.0 ], [ -87.533275, 39.875044, 0.0 ], [ -87.533131, 39.832604, 0.0 ], [ -87.533244, 39.804027, 0.0 ], [ -87.533061, 39.803819, 0.0 ], [ -87.533198, 39.785893, 0.0 ], [ -87.533046, 39.774292, 0.0 ], [ -87.532713, 39.66621, 0.0 ], [ -87.532494, 39.660988, 0.0 ], [ -87.532031, 39.568361, 0.0 ], [ -87.531857, 39.563707, 0.0 ], [ -87.531789, 39.542561, 0.0 ], [ -87.53196, 39.524547, 0.0 ], [ -87.53136, 39.437739, 0.0 ], [ -87.531427, 39.375161, 0.0 ], [ -87.531696, 39.371049, 0.0 ], [ -87.531651, 39.347895, 0.0 ], [ -87.532429, 39.347934, 0.0 ], [ -87.537276, 39.352096, 0.0 ], [ -87.538698, 39.352643, 0.0 ], [ -87.540383, 39.352956, 0.0 ], [ -87.542242, 39.353103, 0.0 ], [ -87.544018, 39.352914, 0.0 ], [ -87.545887, 39.352154, 0.0 ], [ -87.548162, 39.349887, 0.0 ], [ -87.549483, 39.347747, 0.0 ], [ -87.550265, 39.343355, 0.0 ], [ -87.550837, 39.342385, 0.0 ], [ -87.552145, 39.341487, 0.0 ], [ -87.554405, 39.340495, 0.0 ], [ -87.557749, 39.339342, 0.0 ], [ -87.560697, 39.338858, 0.0 ], [ -87.56247, 39.338937, 0.0 ], [ -87.566139, 39.339733, 0.0 ], [ -87.570711, 39.341274, 0.0 ], [ -87.572138, 39.341451, 0.0 ], [ -87.574086, 39.34143, 0.0 ], [ -87.575776, 39.341172, 0.0 ], [ -87.578337, 39.34035, 0.0 ], [ -87.584858, 39.337336, 0.0 ], [ -87.58909, 39.333838, 0.0 ], [ -87.591807, 39.330331, 0.0 ], [ -87.596735, 39.322036, 0.0 ], [ -87.600662, 39.318536, 0.0 ], [ -87.603992, 39.313613, 0.0 ], [ -87.605926, 39.311083, 0.0 ], [ -87.608534, 39.309823, 0.0 ], [ -87.612612, 39.308573, 0.0 ], [ -87.616681, 39.308195, 0.0 ], [ -87.618544, 39.307871, 0.0 ], [ -87.620184, 39.307402, 0.0 ], [ -87.620595, 39.307053, 0.0 ], [ -87.621153, 39.305313, 0.0 ], [ -87.621182, 39.304169, 0.0 ], [ -87.620945, 39.303414, 0.0 ], [ -87.620532, 39.302842, 0.0 ], [ -87.61897, 39.301698, 0.0 ], [ -87.617792, 39.301264, 0.0 ], [ -87.615847, 39.300876, 0.0 ], [ -87.614021, 39.300945, 0.0 ], [ -87.608425, 39.30271, 0.0 ], [ -87.605354, 39.303224, 0.0 ], [ -87.599841, 39.300941, 0.0 ], [ -87.598422, 39.300093, 0.0 ], [ -87.597952, 39.299486, 0.0 ], [ -87.597329, 39.296964, 0.0 ], [ -87.597551, 39.296395, 0.0 ], [ -87.599913, 39.29359, 0.0 ], [ -87.608759, 39.286696, 0.0 ], [ -87.609773, 39.284721, 0.0 ], [ -87.610056, 39.282239, 0.0 ], [ -87.609444, 39.278542, 0.0 ], [ -87.608549, 39.277194, 0.0 ], [ -87.607348, 39.276213, 0.0 ], [ -87.6064, 39.275905, 0.0 ], [ -87.603074, 39.275549, 0.0 ], [ -87.601954, 39.275172, 0.0 ], [ -87.601399, 39.274397, 0.0 ], [ -87.601277, 39.27359, 0.0 ], [ -87.601507, 39.272249, 0.0 ], [ -87.605268, 39.26341, 0.0 ], [ -87.60558, 39.262405, 0.0 ], [ -87.605549, 39.261129, 0.0 ], [ -87.604953, 39.260219, 0.0 ], [ -87.600542, 39.256095, 0.0 ], [ -87.598141, 39.2541, 0.0 ], [ -87.596052, 39.251166, 0.0 ], [ -87.594689, 39.248749, 0.0 ], [ -87.593491, 39.247459, 0.0 ], [ -87.592399, 39.247153, 0.0 ], [ -87.591115, 39.247268, 0.0 ], [ -87.59032, 39.247573, 0.0 ], [ -87.588344, 39.24871, 0.0 ], [ -87.587163, 39.249623, 0.0 ], [ -87.585185, 39.253145, 0.0 ], [ -87.584182, 39.254011, 0.0 ], [ -87.582392, 39.254771, 0.0 ], [ -87.580657, 39.255244, 0.0 ], [ -87.576841, 39.255465, 0.0 ], [ -87.574796, 39.255136, 0.0 ], [ -87.573444, 39.254589, 0.0 ], [ -87.572385, 39.253676, 0.0 ], [ -87.571591, 39.252294, 0.0 ], [ -87.571326, 39.250827, 0.0 ], [ -87.571472, 39.249329, 0.0 ], [ -87.572093, 39.247832, 0.0 ], [ -87.573079, 39.2467, 0.0 ], [ -87.574357, 39.24586, 0.0 ], [ -87.576476, 39.245166, 0.0 ], [ -87.578229, 39.244801, 0.0 ], [ -87.578997, 39.244151, 0.0 ], [ -87.579324, 39.243559, 0.0 ], [ -87.579157, 39.242672, 0.0 ], [ -87.577614, 39.239191, 0.0 ], [ -87.575378, 39.228362, 0.0 ], [ -87.57462, 39.223938, 0.0 ], [ -87.574563, 39.218411, 0.0 ], [ -87.575606, 39.213844, 0.0 ], [ -87.577034, 39.21113, 0.0 ], [ -87.580337, 39.208417, 0.0 ], [ -87.584982, 39.205283, 0.0 ], [ -87.585741, 39.203873, 0.0 ], [ -87.585923, 39.202613, 0.0 ], [ -87.58573, 39.200403, 0.0 ], [ -87.588619, 39.197831, 0.0 ], [ -87.594156, 39.194939, 0.0 ], [ -87.600104, 39.193448, 0.0 ], [ -87.601636, 39.1925, 0.0 ], [ -87.60305, 39.191311, 0.0 ], [ -87.603719, 39.189305, 0.0 ], [ -87.605178, 39.185904, 0.0 ], [ -87.606298, 39.185137, 0.0 ], [ -87.607884, 39.18447, 0.0 ], [ -87.609981, 39.18405, 0.0 ], [ -87.613069, 39.184187, 0.0 ], [ -87.616313, 39.185856, 0.0 ], [ -87.618557, 39.186411, 0.0 ], [ -87.619609, 39.186039, 0.0 ], [ -87.620406, 39.185202, 0.0 ], [ -87.621146, 39.183905, 0.0 ], [ -87.621442, 39.18195, 0.0 ], [ -87.621403, 39.178875, 0.0 ], [ -87.620802, 39.174797, 0.0 ], [ -87.61978, 39.173425, 0.0 ], [ -87.619409, 39.172073, 0.0 ], [ -87.619623, 39.170982, 0.0 ], [ -87.620527, 39.170337, 0.0 ], [ -87.623613, 39.169497, 0.0 ], [ -87.62503, 39.169303, 0.0 ], [ -87.629629, 39.168899, 0.0 ], [ -87.634798, 39.169, 0.0 ], [ -87.636496, 39.16884, 0.0 ], [ -87.63794, 39.168435, 0.0 ], [ -87.639507, 39.167491, 0.0 ], [ -87.64044, 39.166734, 0.0 ], [ -87.641291, 39.165267, 0.0 ], [ -87.642071, 39.162484, 0.0 ], [ -87.642069, 39.161339, 0.0 ], [ -87.641555, 39.160479, 0.0 ], [ -87.640862, 39.159874, 0.0 ], [ -87.63833, 39.159146, 0.0 ], [ -87.631762, 39.158611, 0.0 ], [ -87.629383, 39.15803, 0.0 ], [ -87.628192, 39.156927, 0.0 ], [ -87.627748, 39.156237, 0.0 ], [ -87.627515, 39.155387, 0.0 ], [ -87.627719, 39.154913, 0.0 ], [ -87.628749, 39.153924, 0.0 ], [ -87.630229, 39.153213, 0.0 ], [ -87.631577, 39.152993, 0.0 ], [ -87.633354, 39.153075, 0.0 ], [ -87.634385, 39.153426, 0.0 ], [ -87.637449, 39.15678, 0.0 ], [ -87.639025, 39.157159, 0.0 ], [ -87.642181, 39.157104, 0.0 ], [ -87.643468, 39.156076, 0.0 ], [ -87.644222, 39.154865, 0.0 ], [ -87.644976, 39.154308, 0.0 ], [ -87.651725, 39.150609, 0.0 ], [ -87.652788, 39.149442, 0.0 ], [ -87.653317, 39.148035, 0.0 ], [ -87.653346, 39.145615, 0.0 ], [ -87.653058, 39.14487, 0.0 ], [ -87.653207, 39.144, 0.0 ], [ -87.654086, 39.142694, 0.0 ], [ -87.658207, 39.138411, 0.0 ], [ -87.6587, 39.137318, 0.0 ], [ -87.658751, 39.136004, 0.0 ], [ -87.658117, 39.134941, 0.0 ], [ -87.657051, 39.133728, 0.0 ], [ -87.655245, 39.13229, 0.0 ], [ -87.651506, 39.130824, 0.0 ], [ -87.647073, 39.130166, 0.0 ], [ -87.64481, 39.12953, 0.0 ], [ -87.643151, 39.128569, 0.0 ], [ -87.642726, 39.128016, 0.0 ], [ -87.642341, 39.126898, 0.0 ], [ -87.642061, 39.125047, 0.0 ], [ -87.642176, 39.123219, 0.0 ], [ -87.640896, 39.122781, 0.0 ], [ -87.639332, 39.12306, 0.0 ], [ -87.638193, 39.123476, 0.0 ], [ -87.636933, 39.123111, 0.0 ], [ -87.635106, 39.122305, 0.0 ], [ -87.635025, 39.122131, 0.0 ], [ -87.634977, 39.120096, 0.0 ], [ -87.635909, 39.118336, 0.0 ], [ -87.63652, 39.117668, 0.0 ], [ -87.6375, 39.11695, 0.0 ], [ -87.640905, 39.11529, 0.0 ], [ -87.640767, 39.114379, 0.0 ], [ -87.644323, 39.115212, 0.0 ], [ -87.64765, 39.115644, 0.0 ], [ -87.65044, 39.116502, 0.0 ], [ -87.651028, 39.116446, 0.0 ], [ -87.652089, 39.11555, 0.0 ], [ -87.654188, 39.113389, 0.0 ], [ -87.654865, 39.112401, 0.0 ], [ -87.655048, 39.110928, 0.0 ], [ -87.654642, 39.109118, 0.0 ], [ -87.652802, 39.106846, 0.0 ], [ -87.649172, 39.10481, 0.0 ], [ -87.647076, 39.104275, 0.0 ], [ -87.644615, 39.104439, 0.0 ], [ -87.642358, 39.105167, 0.0 ], [ -87.638591, 39.105901, 0.0 ], [ -87.634726, 39.105394, 0.0 ], [ -87.63266, 39.104915, 0.0 ], [ -87.628691, 39.104497, 0.0 ], [ -87.625029, 39.104232, 0.0 ], [ -87.623514, 39.104483, 0.0 ], [ -87.61839, 39.104291, 0.0 ], [ -87.615689, 39.103323, 0.0 ], [ -87.614886, 39.102662, 0.0 ], [ -87.614001, 39.101002, 0.0 ], [ -87.613951, 39.099543, 0.0 ], [ -87.614314, 39.097785, 0.0 ], [ -87.61547, 39.095778, 0.0 ], [ -87.617616, 39.094294, 0.0 ], [ -87.620392, 39.091529, 0.0 ], [ -87.621147, 39.088973, 0.0 ], [ -87.620983, 39.088103, 0.0 ], [ -87.620263, 39.086579, 0.0 ], [ -87.618595, 39.08487, 0.0 ], [ -87.615969, 39.082573, 0.0 ], [ -87.614176, 39.081791, 0.0 ], [ -87.611868, 39.081259, 0.0 ], [ -87.607126, 39.081186, 0.0 ], [ -87.60291, 39.081565, 0.0 ], [ -87.601106, 39.081412, 0.0 ], [ -87.598561, 39.080629, 0.0 ], [ -87.596378, 39.079646, 0.0 ], [ -87.594597, 39.077993, 0.0 ], [ -87.593959, 39.077162, 0.0 ], [ -87.592827, 39.075235, 0.0 ], [ -87.592447, 39.07426, 0.0 ], [ -87.59152, 39.073188, 0.0 ], [ -87.585692, 39.069736, 0.0 ], [ -87.583551, 39.067954, 0.0 ], [ -87.580105, 39.063898, 0.0 ], [ -87.578707, 39.061705, 0.0 ], [ -87.576989, 39.060189, 0.0 ], [ -87.572593, 39.057293, 0.0 ], [ -87.572143, 39.055455, 0.0 ], [ -87.571931, 39.052746, 0.0 ], [ -87.572295, 39.050594, 0.0 ], [ -87.572988, 39.049208, 0.0 ], [ -87.574733, 39.046936, 0.0 ], [ -87.577477, 39.044494, 0.0 ], [ -87.578829, 39.043535, 0.0 ], [ -87.580212, 39.041947, 0.0 ], [ -87.580378, 39.040714, 0.0 ], [ -87.580257, 39.039384, 0.0 ], [ -87.579517, 39.038408, 0.0 ], [ -87.575032, 39.034069, 0.0 ], [ -87.56988, 39.023112, 0.0 ], [ -87.569584, 39.02187, 0.0 ], [ -87.569701, 39.01942, 0.0 ], [ -87.571875, 39.012552, 0.0 ], [ -87.573766, 39.008691, 0.0 ], [ -87.576841, 39.004798, 0.0 ], [ -87.578574, 39.003057, 0.0 ], [ -87.579122, 39.001614, 0.0 ], [ -87.578659, 38.999509, 0.0 ], [ -87.578263, 38.998769, 0.0 ], [ -87.577632, 38.997921, 0.0 ], [ -87.57657, 38.997034, 0.0 ], [ -87.57131, 38.994789, 0.0 ], [ -87.56821, 38.993712, 0.0 ], [ -87.56709, 38.993551, 0.0 ], [ -87.5665, 38.993631, 0.0 ], [ -87.566101, 38.993941, 0.0 ], [ -87.563356, 38.994475, 0.0 ], [ -87.561981, 38.994205, 0.0 ], [ -87.560996, 38.993521, 0.0 ], [ -87.560432, 38.992432, 0.0 ], [ -87.560747, 38.991322, 0.0 ], [ -87.561274, 38.990385, 0.0 ], [ -87.562048, 38.989476, 0.0 ], [ -87.562986, 38.989029, 0.0 ], [ -87.563971, 38.988809, 0.0 ], [ -87.565198, 38.988802, 0.0 ], [ -87.566799, 38.98914, 0.0 ], [ -87.572545, 38.991255, 0.0 ], [ -87.57454, 38.991525, 0.0 ], [ -87.576989, 38.991277, 0.0 ], [ -87.578024, 38.990654, 0.0 ], [ -87.578498, 38.989756, 0.0 ], [ -87.578324, 38.988793, 0.0 ], [ -87.576536, 38.986718, 0.0 ], [ -87.57561, 38.986173, 0.0 ], [ -87.573471, 38.985448, 0.0 ], [ -87.564371, 38.983029, 0.0 ], [ -87.562569, 38.982462, 0.0 ], [ -87.560284, 38.981373, 0.0 ], [ -87.55799, 38.980694, 0.0 ], [ -87.548039, 38.978511, 0.0 ], [ -87.542498, 38.975606, 0.0 ], [ -87.537811, 38.974562, 0.0 ], [ -87.532454, 38.973065, 0.0 ], [ -87.529501, 38.971932, 0.0 ], [ -87.527602, 38.969838, 0.0 ], [ -87.527007, 38.968837, 0.0 ], [ -87.525491, 38.964884, 0.0 ], [ -87.52434, 38.962971, 0.0 ], [ -87.521805, 38.960722, 0.0 ], [ -87.519178, 38.958917, 0.0 ], [ -87.51637, 38.957342, 0.0 ], [ -87.513351, 38.956007, 0.0 ], [ -87.512192, 38.954424, 0.0 ], [ -87.512333, 38.951948, 0.0 ], [ -87.512932, 38.95014, 0.0 ], [ -87.513603, 38.948802, 0.0 ], [ -87.516348, 38.945565, 0.0 ], [ -87.519323, 38.943074, 0.0 ], [ -87.521005, 38.942114, 0.0 ], [ -87.52177, 38.941124, 0.0 ], [ -87.521856, 38.940076, 0.0 ], [ -87.521245, 38.938897, 0.0 ], [ -87.51736, 38.93495, 0.0 ], [ -87.516755, 38.933972, 0.0 ], [ -87.516663, 38.933487, 0.0 ], [ -87.516633, 38.933002, 0.0 ], [ -87.517051, 38.931474, 0.0 ], [ -87.518436, 38.929073, 0.0 ], [ -87.518701, 38.928334, 0.0 ], [ -87.518794, 38.927851, 0.0 ], [ -87.518474, 38.924805, 0.0 ], [ -87.518831, 38.923212, 0.0 ], [ -87.519124, 38.92261, 0.0 ], [ -87.520639, 38.921672, 0.0 ], [ -87.52248, 38.921352, 0.0 ], [ -87.524842, 38.921668, 0.0 ], [ -87.526063, 38.921362, 0.0 ], [ -87.527189, 38.920353, 0.0 ], [ -87.52772, 38.919239, 0.0 ], [ -87.527486, 38.917339, 0.0 ], [ -87.527058, 38.916259, 0.0 ], [ -87.526312, 38.915118, 0.0 ], [ -87.526038, 38.913613, 0.0 ], [ -87.526051, 38.91308, 0.0 ], [ -87.527205, 38.910409, 0.0 ], [ -87.527892, 38.909208, 0.0 ], [ -87.527915, 38.908216, 0.0 ], [ -87.52765, 38.907695, 0.0 ], [ -87.52663, 38.906389, 0.0 ], [ -87.526073, 38.905953, 0.0 ], [ -87.524319, 38.905201, 0.0 ], [ -87.522736, 38.905106, 0.0 ], [ -87.518958, 38.905866, 0.0 ], [ -87.517737, 38.905679, 0.0 ], [ -87.516981, 38.905006, 0.0 ], [ -87.516733, 38.90413, 0.0 ], [ -87.516836, 38.903704, 0.0 ], [ -87.51743, 38.902994, 0.0 ], [ -87.518013, 38.902712, 0.0 ], [ -87.52447, 38.902372, 0.0 ], [ -87.529009, 38.90159, 0.0 ], [ -87.531342, 38.901793, 0.0 ], [ -87.532106, 38.901724, 0.0 ], [ -87.532935, 38.901526, 0.0 ], [ -87.5337, 38.900964, 0.0 ], [ -87.534051, 38.900024, 0.0 ], [ -87.536596, 38.895573, 0.0 ], [ -87.536608, 38.895049, 0.0 ], [ -87.536403, 38.894569, 0.0 ], [ -87.534477, 38.892346, 0.0 ], [ -87.534347, 38.891303, 0.0 ], [ -87.534368, 38.890383, 0.0 ], [ -87.534794, 38.88888, 0.0 ], [ -87.535177, 38.887933, 0.0 ], [ -87.53596, 38.887, 0.0 ], [ -87.537601, 38.889558, 0.0 ], [ -87.537723, 38.890932, 0.0 ], [ -87.538416, 38.892589, 0.0 ], [ -87.538581, 38.893455, 0.0 ], [ -87.5385, 38.895181, 0.0 ], [ -87.538595, 38.895537, 0.0 ], [ -87.539127, 38.896126, 0.0 ], [ -87.539874, 38.896314, 0.0 ], [ -87.541633, 38.896388, 0.0 ], [ -87.542442, 38.896174, 0.0 ], [ -87.544094, 38.8951, 0.0 ], [ -87.544646, 38.894381, 0.0 ], [ -87.544924, 38.893457, 0.0 ], [ -87.545135, 38.891474, 0.0 ], [ -87.544859, 38.890066, 0.0 ], [ -87.544297, 38.88896, 0.0 ], [ -87.542565, 38.887708, 0.0 ], [ -87.541547, 38.887209, 0.0 ], [ -87.53986, 38.886725, 0.0 ], [ -87.538285, 38.885806, 0.0 ], [ -87.537557, 38.884763, 0.0 ], [ -87.536746, 38.882854, 0.0 ], [ -87.53613, 38.882337, 0.0 ], [ -87.534997, 38.880601, 0.0 ], [ -87.534839, 38.879421, 0.0 ], [ -87.534924, 38.878881, 0.0 ], [ -87.535477, 38.878098, 0.0 ], [ -87.536821, 38.877415, 0.0 ], [ -87.54182, 38.876769, 0.0 ], [ -87.545208, 38.876737, 0.0 ], [ -87.54666, 38.876265, 0.0 ], [ -87.547375, 38.875621, 0.0 ], [ -87.547744, 38.874021, 0.0 ], [ -87.547616, 38.872523, 0.0 ], [ -87.546962, 38.871191, 0.0 ], [ -87.545875, 38.870001, 0.0 ], [ -87.543276, 38.867948, 0.0 ], [ -87.542611, 38.866648, 0.0 ], [ -87.542647, 38.865288, 0.0 ], [ -87.543193, 38.864221, 0.0 ], [ -87.54424, 38.863382, 0.0 ], [ -87.545724, 38.863037, 0.0 ], [ -87.547909, 38.863413, 0.0 ], [ -87.549474, 38.864188, 0.0 ], [ -87.55099, 38.864608, 0.0 ], [ -87.552071, 38.864518, 0.0 ], [ -87.552876, 38.864153, 0.0 ], [ -87.553389, 38.863351, 0.0 ], [ -87.553399, 38.862417, 0.0 ], [ -87.553111, 38.861418, 0.0 ], [ -87.552033, 38.860325, 0.0 ], [ -87.544835, 38.856835, 0.0 ], [ -87.542613, 38.85596, 0.0 ], [ -87.541695, 38.85535, 0.0 ], [ -87.537253, 38.853599, 0.0 ], [ -87.529191, 38.852139, 0.0 ] ] ] } },
{ "type": "Feature", "properties": { "OID_": 0, "DISTRICT": "52", "STA": "IL", "ST": "17", "LABEL": "52", "DIST_NAME": "State Senate District 52", "TYPE": "State Legislature - Upper Chamber", "TYPE_ABB": "Leg_Upper", "ELECT_YEAR": "Enacted" }, "geometry": { "type": "Polygon", "coordinates": [ [ [ -87.637326, 40.027348, 0.0 ], [ -87.638036, 40.027328, 0.0 ], [ -87.638058, 40.028036, 0.0 ], [ -87.648086, 40.027888, 0.0 ], [ -87.657074, 40.028061, 0.0 ], [ -87.657404, 40.057689, 0.0 ], [ -87.657801, 40.065028, 0.0 ], [ -87.658151, 40.086965, 0.0 ], [ -87.667196, 40.087048, 0.0 ], [ -87.667576, 40.087238, 0.0 ], [ -87.667586, 40.094778, 0.0 ], [ -87.667726, 40.094978, 0.0 ], [ -87.667884, 40.101741, 0.0 ], [ -87.691276, 40.101828, 0.0 ], [ -87.705664, 40.101554, 0.0 ], [ -87.715491, 40.101634, 0.0 ], [ -87.715446, 40.102828, 0.0 ], [ -87.715719, 40.102633, 0.0 ], [ -87.717118, 40.104184, 0.0 ], [ -87.717862, 40.104385, 0.0 ], [ -87.717743, 40.105319, 0.0 ], [ -87.7186, 40.105479, 0.0 ], [ -87.71921, 40.105899, 0.0 ], [ -87.719454, 40.105779, 0.0 ], [ -87.718911, 40.105406, 0.0 ], [ -87.718084, 40.10514, 0.0 ], [ -87.71826, 40.104495, 0.0 ], [ -87.718077, 40.104248, 0.0 ], [ -87.717126, 40.103813, 0.0 ], [ -87.717187, 40.103653, 0.0 ], [ -87.720495, 40.103977, 0.0 ], [ -87.7223, 40.104625, 0.0 ], [ -87.724323, 40.106158, 0.0 ], [ -87.725769, 40.107591, 0.0 ], [ -87.726187, 40.108442, 0.0 ], [ -87.726677, 40.110328, 0.0 ], [ -87.728728, 40.111166, 0.0 ], [ -87.730717, 40.111578, 0.0 ], [ -87.731208, 40.111576, 0.0 ], [ -87.732543, 40.111112, 0.0 ], [ -87.734917, 40.110591, 0.0 ], [ -87.737201, 40.110335, 0.0 ], [ -87.738271, 40.109791, 0.0 ], [ -87.739295, 40.108908, 0.0 ], [ -87.73948, 40.108183, 0.0 ], [ -87.73928, 40.10722, 0.0 ], [ -87.739358, 40.106508, 0.0 ], [ -87.739928, 40.105312, 0.0 ], [ -87.740882, 40.104182, 0.0 ], [ -87.740923, 40.103594, 0.0 ], [ -87.740522, 40.102384, 0.0 ], [ -87.738641, 40.100855, 0.0 ], [ -87.737206, 40.098457, 0.0 ], [ -87.73692, 40.097391, 0.0 ], [ -87.737097, 40.096595, 0.0 ], [ -87.737701, 40.095794, 0.0 ], [ -87.739522, 40.094431, 0.0 ], [ -87.741343, 40.093809, 0.0 ], [ -87.743711, 40.093743, 0.0 ], [ -87.745912, 40.09329, 0.0 ], [ -87.749061, 40.093275, 0.0 ], [ -87.747951, 40.093164, 0.0 ], [ -87.749365, 40.093262, 0.0 ], [ -87.751915, 40.094223, 0.0 ], [ -87.752406, 40.0946, 0.0 ], [ -87.752731, 40.095347, 0.0 ], [ -87.751961, 40.096348, 0.0 ], [ -87.751865, 40.096904, 0.0 ], [ -87.752213, 40.097478, 0.0 ], [ -87.753459, 40.098346, 0.0 ], [ -87.753765, 40.094905, 0.0 ], [ -87.753246, 40.093258, 0.0 ], [ -87.753246, 40.087415, 0.0 ], [ -87.753376, 40.087368, 0.0 ], [ -87.763806, 40.087282, 0.0 ], [ -87.764397, 40.087586, 0.0 ], [ -87.765177, 40.087697, 0.0 ], [ -87.765642, 40.08762, 0.0 ], [ -87.766244, 40.087255, 0.0 ], [ -87.768071, 40.086883, 0.0 ], [ -87.768069, 40.086693, 0.0 ], [ -87.780764, 40.08664, 0.0 ], [ -87.800786, 40.085828, 0.0 ], [ -87.801106, 40.085938, 0.0 ], [ -87.806489, 40.085921, 0.0 ], [ -87.826836, 40.085648, 0.0 ], [ -87.863487, 40.084836, 0.0 ], [ -87.883199, 40.084679, 0.0 ], [ -87.883194, 40.084161, 0.0 ], [ -87.939638, 40.083624, 0.0 ], [ -87.940146, 40.120219, 0.0 ], [ -87.974423, 40.119901, 0.0 ], [ -88.010092, 40.120193, 0.0 ], [ -88.009889, 40.12058, 0.0 ], [ -88.01908, 40.120594, 0.0 ], [ -88.01908, 40.120266, 0.0 ], [ -88.052266, 40.120531, 0.0 ], [ -88.052249, 40.120883, 0.0 ], [ -88.06149, 40.120935, 0.0 ], [ -88.061492, 40.12061, 0.0 ], [ -88.090684, 40.120832, 0.0 ], [ -88.124694, 40.120649, 0.0 ], [ -88.123894, 40.054996, 0.0 ], [ -88.23841, 40.05439, 0.0 ], [ -88.332673, 40.055131, 0.0 ], [ -88.33341, 40.120397, 0.0 ], [ -88.322831, 40.120394, 0.0 ], [ -88.314563, 40.12001, 0.0 ], [ -88.314565, 40.120254, 0.0 ], [ -88.315037, 40.120261, 0.0 ], [ -88.315071, 40.120568, 0.0 ], [ -88.315015, 40.122003, 0.0 ], [ -88.314717, 40.122008, 0.0 ], [ -88.314795, 40.135112, 0.0 ], [ -88.305226, 40.134917, 0.0 ], [ -88.305252, 40.137286, 0.0 ], [ -88.297158, 40.137176, 0.0 ], [ -88.297148, 40.136682, 0.0 ], [ -88.295831, 40.136666, 0.0 ], [ -88.295806, 40.135881, 0.0 ], [ -88.302402, 40.130069, 0.0 ], [ -88.303497, 40.128792, 0.0 ], [ -88.304188, 40.127699, 0.0 ], [ -88.303846, 40.127696, 0.0 ], [ -88.30294, 40.129042, 0.0 ], [ -88.301766, 40.130291, 0.0 ], [ -88.287308, 40.142917, 0.0 ], [ -88.288541, 40.143773, 0.0 ], [ -88.289429, 40.144699, 0.0 ], [ -88.289941, 40.14561, 0.0 ], [ -88.290713, 40.147659, 0.0 ], [ -88.291883, 40.148982, 0.0 ], [ -88.295101, 40.150799, 0.0 ], [ -88.301087, 40.153617, 0.0 ], [ -88.298675, 40.155256, 0.0 ], [ -88.299157, 40.156234, 0.0 ], [ -88.299172, 40.157306, 0.0 ], [ -88.298011, 40.158706, 0.0 ], [ -88.295676, 40.156708, 0.0 ], [ -88.291272, 40.156702, 0.0 ], [ -88.290217, 40.15647, 0.0 ], [ -88.289851, 40.157113, 0.0 ], [ -88.289303, 40.157517, 0.0 ], [ -88.287355, 40.15836, 0.0 ], [ -88.28649, 40.159789, 0.0 ], [ -88.285379, 40.160994, 0.0 ], [ -88.285424, 40.161166, 0.0 ], [ -88.286011, 40.16146, 0.0 ], [ -88.285712, 40.161802, 0.0 ], [ -88.287511, 40.162387, 0.0 ], [ -88.287031, 40.163346, 0.0 ], [ -88.284667, 40.1627, 0.0 ], [ -88.28457, 40.163048, 0.0 ], [ -88.284767, 40.163071, 0.0 ], [ -88.284651, 40.163563, 0.0 ], [ -88.283457, 40.163627, 0.0 ], [ -88.283452, 40.163988, 0.0 ], [ -88.277617, 40.163982, 0.0 ], [ -88.277615, 40.163707, 0.0 ], [ -88.277123, 40.163714, 0.0 ], [ -88.277106, 40.157721, 0.0 ], [ -88.275224, 40.157777, 0.0 ], [ -88.273083, 40.157438, 0.0 ], [ -88.271844, 40.15807, 0.0 ], [ -88.270425, 40.158474, 0.0 ], [ -88.269362, 40.158066, 0.0 ], [ -88.269375, 40.157168, 0.0 ], [ -88.267301, 40.156958, 0.0 ], [ -88.248695, 40.157032, 0.0 ], [ -88.248626, 40.152754, 0.0 ], [ -88.244111, 40.152723, 0.0 ], [ -88.243913, 40.15222, 0.0 ], [ -88.243862, 40.149109, 0.0 ], [ -88.239119, 40.149092, 0.0 ], [ -88.239704, 40.174455, 0.0 ], [ -88.239772, 40.185411, 0.0 ], [ -88.239936, 40.187409, 0.0 ], [ -88.240471, 40.223923, 0.0 ], [ -88.231615, 40.22399, 0.0 ], [ -88.232096, 40.262475, 0.0 ], [ -88.23242, 40.281092, 0.0 ], [ -88.23267, 40.286557, 0.0 ], [ -88.232916, 40.311578, 0.0 ], [ -88.21286, 40.311726, 0.0 ], [ -88.212996, 40.318921, 0.0 ], [ -88.20356, 40.318964, 0.0 ], [ -88.20356, 40.319152, 0.0 ], [ -88.193836, 40.319212, 0.0 ], [ -88.193811, 40.319026, 0.0 ], [ -88.18183, 40.319049, 0.0 ], [ -88.174728, 40.317345, 0.0 ], [ -88.174739, 40.319269, 0.0 ], [ -88.156317, 40.319335, 0.0 ], [ -88.155765, 40.320901, 0.0 ], [ -88.155737, 40.326637, 0.0 ], [ -88.149809, 40.326519, 0.0 ], [ -88.136149, 40.32572, 0.0 ], [ -88.123861, 40.325711, 0.0 ], [ -88.123273, 40.323979, 0.0 ], [ -88.122472, 40.323708, 0.0 ], [ -88.122218, 40.323386, 0.0 ], [ -88.122382, 40.321236, 0.0 ], [ -88.121807, 40.320253, 0.0 ], [ -88.121741, 40.319486, 0.0 ], [ -88.122738, 40.318311, 0.0 ], [ -88.12304, 40.317416, 0.0 ], [ -88.123019, 40.316896, 0.0 ], [ -88.122952, 40.316456, 0.0 ], [ -88.121934, 40.31501, 0.0 ], [ -88.121384, 40.312707, 0.0 ], [ -88.12104, 40.312153, 0.0 ], [ -88.117459, 40.312174, 0.0 ], [ -88.116636, 40.224611, 0.0 ], [ -87.994617, 40.224991, 0.0 ], [ -87.956362, 40.225333, 0.0 ], [ -87.955122, 40.226314, 0.0 ], [ -87.954256, 40.226289, 0.0 ], [ -87.954413, 40.225996, 0.0 ], [ -87.953546, 40.225688, 0.0 ], [ -87.953074, 40.225859, 0.0 ], [ -87.95283, 40.225548, 0.0 ], [ -87.952386, 40.225387, 0.0 ], [ -87.848856, 40.226298, 0.0 ], [ -87.819286, 40.226428, 0.0 ], [ -87.818126, 40.226038, 0.0 ], [ -87.817086, 40.224878, 0.0 ], [ -87.816286, 40.224568, 0.0 ], [ -87.806496, 40.224748, 0.0 ], [ -87.806376, 40.223838, 0.0 ], [ -87.805256, 40.223798, 0.0 ], [ -87.805286, 40.224318, 0.0 ], [ -87.804016, 40.224338, 0.0 ], [ -87.804036, 40.224798, 0.0 ], [ -87.790126, 40.225108, 0.0 ], [ -87.769936, 40.226178, 0.0 ], [ -87.769806, 40.226078, 0.0 ], [ -87.769606, 40.210568, 0.0 ], [ -87.769786, 40.208748, 0.0 ], [ -87.769566, 40.207248, 0.0 ], [ -87.769446, 40.196528, 0.0 ], [ -87.752616, 40.196568, 0.0 ], [ -87.751526, 40.196168, 0.0 ], [ -87.750356, 40.196138, 0.0 ], [ -87.749326, 40.196508, 0.0 ], [ -87.743896, 40.196378, 0.0 ], [ -87.742772, 40.196847, 0.0 ], [ -87.742793, 40.183174, 0.0 ], [ -87.735384, 40.183136, 0.0 ], [ -87.735351, 40.182677, 0.0 ], [ -87.734903, 40.18323, 0.0 ], [ -87.734371, 40.18358, 0.0 ], [ -87.733824, 40.18365, 0.0 ], [ -87.733339, 40.183438, 0.0 ], [ -87.732871, 40.182636, 0.0 ], [ -87.732863, 40.181998, 0.0 ], [ -87.733029, 40.181563, 0.0 ], [ -87.733446, 40.181183, 0.0 ], [ -87.734547, 40.180786, 0.0 ], [ -87.734836, 40.180361, 0.0 ], [ -87.734331, 40.179228, 0.0 ], [ -87.734159, 40.178151, 0.0 ], [ -87.733519, 40.177518, 0.0 ], [ -87.733651, 40.177148, 0.0 ], [ -87.734237, 40.176696, 0.0 ], [ -87.733971, 40.176525, 0.0 ], [ -87.733537, 40.176536, 0.0 ], [ -87.732723, 40.177174, 0.0 ], [ -87.73129, 40.177269, 0.0 ], [ -87.730594, 40.177953, 0.0 ], [ -87.729393, 40.178163, 0.0 ], [ -87.725296, 40.177458, 0.0 ], [ -87.724236, 40.177548, 0.0 ], [ -87.723236, 40.178058, 0.0 ], [ -87.722516, 40.178218, 0.0 ], [ -87.711566, 40.178388, 0.0 ], [ -87.711516, 40.174968, 0.0 ], [ -87.711316, 40.174778, 0.0 ], [ -87.675236, 40.174568, 0.0 ], [ -87.673586, 40.172568, 0.0 ], [ -87.673496, 40.172198, 0.0 ], [ -87.668866, 40.170668, 0.0 ], [ -87.667115, 40.17024, 0.0 ], [ -87.660326, 40.170058, 0.0 ], [ -87.651206, 40.166678, 0.0 ], [ -87.647956, 40.168178, 0.0 ], [ -87.647746, 40.168188, 0.0 ], [ -87.647378, 40.167186, 0.0 ], [ -87.647228, 40.167945, 0.0 ], [ -87.646356, 40.169084, 0.0 ], [ -87.645701, 40.170372, 0.0 ], [ -87.645751, 40.170557, 0.0 ], [ -87.646535, 40.171093, 0.0 ], [ -87.646925, 40.172267, 0.0 ], [ -87.646977, 40.173015, 0.0 ], [ -87.646304, 40.173751, 0.0 ], [ -87.646651, 40.174614, 0.0 ], [ -87.646528, 40.174615, 0.0 ], [ -87.646048, 40.175776, 0.0 ], [ -87.645549, 40.175611, 0.0 ], [ -87.645119, 40.175867, 0.0 ], [ -87.644952, 40.175344, 0.0 ], [ -87.644457, 40.176313, 0.0 ], [ -87.643701, 40.176945, 0.0 ], [ -87.643536, 40.177636, 0.0 ], [ -87.642877, 40.178015, 0.0 ], [ -87.64272, 40.178363, 0.0 ], [ -87.642896, 40.178935, 0.0 ], [ -87.644245, 40.179782, 0.0 ], [ -87.644654, 40.180203, 0.0 ], [ -87.644801, 40.18067, 0.0 ], [ -87.644353, 40.181608, 0.0 ], [ -87.644417, 40.181937, 0.0 ], [ -87.644845, 40.182253, 0.0 ], [ -87.645092, 40.182912, 0.0 ], [ -87.644698, 40.183317, 0.0 ], [ -87.644981, 40.183452, 0.0 ], [ -87.644781, 40.183956, 0.0 ], [ -87.645865, 40.18488, 0.0 ], [ -87.645807, 40.188397, 0.0 ], [ -87.64523, 40.189653, 0.0 ], [ -87.645281, 40.193112, 0.0 ], [ -87.645568, 40.194221, 0.0 ], [ -87.645472, 40.19601, 0.0 ], [ -87.644307, 40.19605, 0.0 ], [ -87.645595, 40.197006, 0.0 ], [ -87.645622, 40.198007, 0.0 ], [ -87.645237, 40.199481, 0.0 ], [ -87.645756, 40.204738, 0.0 ], [ -87.645286, 40.204038, 0.0 ], [ -87.63199, 40.20429, 0.0 ], [ -87.631741, 40.204151, 0.0 ], [ -87.631766, 40.204248, 0.0 ], [ -87.631016, 40.204318, 0.0 ], [ -87.615256, 40.204618, 0.0 ], [ -87.615576, 40.217308, 0.0 ], [ -87.615426, 40.219088, 0.0 ], [ -87.585856, 40.219968, 0.0 ], [ -87.583246, 40.220218, 0.0 ], [ -87.581286, 40.220148, 0.0 ], [ -87.565406, 40.221028, 0.0 ], [ -87.546716, 40.220848, 0.0 ], [ -87.530423, 40.221098, 0.0 ], [ -87.530705, 40.199778, 0.0 ], [ -87.530864, 40.197002, 0.0 ], [ -87.530797, 40.191838, 0.0 ], [ -87.531424, 40.149591, 0.0 ], [ -87.531765, 40.144281, 0.0 ], [ -87.531536, 40.142783, 0.0 ], [ -87.531546, 40.137118, 0.0 ], [ -87.532177, 40.05881, 0.0 ], [ -87.548792, 40.058801, 0.0 ], [ -87.601164, 40.058146, 0.0 ], [ -87.600984, 40.050151, 0.0 ], [ -87.600515, 40.044584, 0.0 ], [ -87.600626, 40.042948, 0.0 ], [ -87.601096, 40.042618, 0.0 ], [ -87.600726, 40.042268, 0.0 ], [ -87.600586, 40.041808, 0.0 ], [ -87.600386, 40.035088, 0.0 ], [ -87.616446, 40.035268, 0.0 ], [ -87.617836, 40.035428, 0.0 ], [ -87.631226, 40.035244, 0.0 ], [ -87.63094, 40.027923, 0.0 ], [ -87.633986, 40.028018, 0.0 ], [ -87.633959, 40.026765, 0.0 ], [ -87.637325, 40.027229, 0.0 ], [ -87.637326, 40.027348, 0.0 ] ] ] } },
{ "type": "Feature", "properties": { "OID_": 0, "DISTRICT": "53", "STA": "IL", "ST": "17", "LABEL": "53", "DIST_NAME": "State Senate District 53", "TYPE": "State Legislature - Upper Chamber", "TYPE_ABB": "Leg_Upper", "ELECT_YEAR": "Enacted" }, "geometry": { "type": "Polygon", "coordinates": [ [ [ -87.651206, 40.166678, 0.0 ], [ -87.660326, 40.170058, 0.0 ], [ -87.667115, 40.17024, 0.0 ], [ -87.668866, 40.170668, 0.0 ], [ -87.673496, 40.172198, 0.0 ], [ -87.673586, 40.172568, 0.0 ], [ -87.675236, 40.174568, 0.0 ], [ -87.711316, 40.174778, 0.0 ], [ -87.711516, 40.174968, 0.0 ], [ -87.711566, 40.178388, 0.0 ], [ -87.722516, 40.178218, 0.0 ], [ -87.723236, 40.178058, 0.0 ], [ -87.724236, 40.177548, 0.0 ], [ -87.725296, 40.177458, 0.0 ], [ -87.729393, 40.178163, 0.0 ], [ -87.730594, 40.177953, 0.0 ], [ -87.73129, 40.177269, 0.0 ], [ -87.732723, 40.177174, 0.0 ], [ -87.733537, 40.176536, 0.0 ], [ -87.733971, 40.176525, 0.0 ], [ -87.734237, 40.176696, 0.0 ], [ -87.733651, 40.177148, 0.0 ], [ -87.733519, 40.177518, 0.0 ], [ -87.734159, 40.178151, 0.0 ], [ -87.734331, 40.179228, 0.0 ], [ -87.734836, 40.180361, 0.0 ], [ -87.734547, 40.180786, 0.0 ], [ -87.733446, 40.181183, 0.0 ], [ -87.733029, 40.181563, 0.0 ], [ -87.732863, 40.181998, 0.0 ], [ -87.732871, 40.182636, 0.0 ], [ -87.733339, 40.183438, 0.0 ], [ -87.733824, 40.18365, 0.0 ], [ -87.734371, 40.18358, 0.0 ], [ -87.734903, 40.18323, 0.0 ], [ -87.735351, 40.182677, 0.0 ], [ -87.735384, 40.183136, 0.0 ], [ -87.742793, 40.183174, 0.0 ], [ -87.742772, 40.196847, 0.0 ], [ -87.743896, 40.196378, 0.0 ], [ -87.749326, 40.196508, 0.0 ], [ -87.750356, 40.196138, 0.0 ], [ -87.751526, 40.196168, 0.0 ], [ -87.752616, 40.196568, 0.0 ], [ -87.769446, 40.196528, 0.0 ], [ -87.769566, 40.207248, 0.0 ], [ -87.769786, 40.208748, 0.0 ], [ -87.769606, 40.210568, 0.0 ], [ -87.769806, 40.226078, 0.0 ], [ -87.769936, 40.226178, 0.0 ], [ -87.790126, 40.225108, 0.0 ], [ -87.804036, 40.224798, 0.0 ], [ -87.804016, 40.224338, 0.0 ], [ -87.805286, 40.224318, 0.0 ], [ -87.805256, 40.223798, 0.0 ], [ -87.806376, 40.223838, 0.0 ], [ -87.806496, 40.224748, 0.0 ], [ -87.816286, 40.224568, 0.0 ], [ -87.817086, 40.224878, 0.0 ], [ -87.818126, 40.226038, 0.0 ], [ -87.819286, 40.226428, 0.0 ], [ -87.848856, 40.226298, 0.0 ], [ -87.952386, 40.225387, 0.0 ], [ -87.95283, 40.225548, 0.0 ], [ -87.953074, 40.225859, 0.0 ], [ -87.953546, 40.225688, 0.0 ], [ -87.954413, 40.225996, 0.0 ], [ -87.954256, 40.226289, 0.0 ], [ -87.955122, 40.226314, 0.0 ], [ -87.956362, 40.225333, 0.0 ], [ -87.994617, 40.224991, 0.0 ], [ -88.116636, 40.224611, 0.0 ], [ -88.117459, 40.312174, 0.0 ], [ -88.12104, 40.312153, 0.0 ], [ -88.121384, 40.312707, 0.0 ], [ -88.121934, 40.31501, 0.0 ], [ -88.122952, 40.316456, 0.0 ], [ -88.123019, 40.316896, 0.0 ], [ -88.12304, 40.317416, 0.0 ], [ -88.122738, 40.318311, 0.0 ], [ -88.121741, 40.319486, 0.0 ], [ -88.121807, 40.320253, 0.0 ], [ -88.122382, 40.321236, 0.0 ], [ -88.122218, 40.323386, 0.0 ], [ -88.122472, 40.323708, 0.0 ], [ -88.123273, 40.323979, 0.0 ], [ -88.123861, 40.325711, 0.0 ], [ -88.136149, 40.32572, 0.0 ], [ -88.149809, 40.326519, 0.0 ], [ -88.155737, 40.326637, 0.0 ], [ -88.155765, 40.320901, 0.0 ], [ -88.156317, 40.319335, 0.0 ], [ -88.174739, 40.319269, 0.0 ], [ -88.174728, 40.317345, 0.0 ], [ -88.18183, 40.319049, 0.0 ], [ -88.193811, 40.319026, 0.0 ], [ -88.193836, 40.319212, 0.0 ], [ -88.20356, 40.319152, 0.0 ], [ -88.20356, 40.318964, 0.0 ], [ -88.212996, 40.318921, 0.0 ], [ -88.21286, 40.311726, 0.0 ], [ -88.232916, 40.311578, 0.0 ], [ -88.233068, 40.340805, 0.0 ], [ -88.233726, 40.399526, 0.0 ], [ -88.346993, 40.398425, 0.0 ], [ -88.422443, 40.398542, 0.0 ], [ -88.459963, 40.398858, 0.0 ], [ -88.459233, 40.486251, 0.0 ], [ -88.574521, 40.485215, 0.0 ], [ -88.574289, 40.398015, 0.0 ], [ -88.631434, 40.398484, 0.0 ], [ -88.759862, 40.399135, 0.0 ], [ -88.78202, 40.399183, 0.0 ], [ -88.786081, 40.399037, 0.0 ], [ -88.805552, 40.39927, 0.0 ], [ -88.80664, 40.486851, 0.0 ], [ -88.898995, 40.488125, 0.0 ], [ -88.931024, 40.48831, 0.0 ], [ -88.931026, 40.488436, 0.0 ], [ -88.933591, 40.488475, 0.0 ], [ -88.933656, 40.495765, 0.0 ], [ -88.936547, 40.49578, 0.0 ], [ -88.93835, 40.496171, 0.0 ], [ -88.947096, 40.496161, 0.0 ], [ -88.94923, 40.496687, 0.0 ], [ -88.95292, 40.496698, 0.0 ], [ -88.953212, 40.513321, 0.0 ], [ -88.951641, 40.52981, 0.0 ], [ -88.958, 40.525691, 0.0 ], [ -88.958823, 40.52532, 0.0 ], [ -88.959927, 40.525105, 0.0 ], [ -88.96788, 40.52503, 0.0 ], [ -88.968042, 40.531976, 0.0 ], [ -88.983257, 40.531676, 0.0 ], [ -88.983657, 40.545406, 0.0 ], [ -88.982952, 40.547583, 0.0 ], [ -88.982903, 40.548877, 0.0 ], [ -88.983676, 40.589591, 0.0 ], [ -88.983944, 40.59028, 0.0 ], [ -88.984303, 40.590685, 0.0 ], [ -88.98667, 40.591824, 0.0 ], [ -88.987271, 40.592427, 0.0 ], [ -88.987524, 40.593049, 0.0 ], [ -88.989478, 40.593035, 0.0 ], [ -88.989986, 40.593162, 0.0 ], [ -88.990346, 40.593561, 0.0 ], [ -88.990743, 40.598184, 0.0 ], [ -88.990439, 40.598644, 0.0 ], [ -88.989332, 40.5992, 0.0 ], [ -88.98917, 40.600529, 0.0 ], [ -88.99049, 40.600548, 0.0 ], [ -88.990601, 40.600667, 0.0 ], [ -88.990795, 40.606548, 0.0 ], [ -88.993002, 40.606387, 0.0 ], [ -88.99317, 40.609013, 0.0 ], [ -88.993018, 40.60927, 0.0 ], [ -88.994018, 40.609401, 0.0 ], [ -88.994088, 40.610882, 0.0 ], [ -88.993251, 40.610879, 0.0 ], [ -88.993449, 40.61334, 0.0 ], [ -88.991167, 40.613259, 0.0 ], [ -88.987982, 40.612903, 0.0 ], [ -88.988772, 40.620465, 0.0 ], [ -88.989481, 40.636158, 0.0 ], [ -88.989789, 40.649759, 0.0 ], [ -89.004669, 40.650324, 0.0 ], [ -89.00498, 40.661382, 0.0 ], [ -89.005706, 40.663767, 0.0 ], [ -89.007426, 40.666306, 0.0 ], [ -89.008885, 40.667735, 0.0 ], [ -89.011777, 40.669697, 0.0 ], [ -89.025223, 40.676091, 0.0 ], [ -89.026978, 40.677526, 0.0 ], [ -89.028148, 40.679119, 0.0 ], [ -89.028693, 40.68039, 0.0 ], [ -89.028961, 40.681974, 0.0 ], [ -89.029647, 40.708735, 0.0 ], [ -89.030001, 40.709965, 0.0 ], [ -89.030465, 40.710918, 0.0 ], [ -89.032919, 40.713836, 0.0 ], [ -89.033763, 40.715348, 0.0 ], [ -89.034108, 40.716521, 0.0 ], [ -89.0346, 40.736872, 0.0 ], [ -89.087847, 40.735792, 0.0 ], [ -89.119955, 40.735449, 0.0 ], [ -89.14895, 40.734917, 0.0 ], [ -89.155357, 40.73491, 0.0 ], [ -89.158528, 40.735546, 0.0 ], [ -89.159889, 40.735672, 0.0 ], [ -89.1752, 40.735619, 0.0 ], [ -89.177111, 40.73548, 0.0 ], [ -89.258208, 40.725174, 0.0 ], [ -89.259715, 40.724867, 0.0 ], [ -89.260895, 40.724439, 0.0 ], [ -89.262355, 40.723652, 0.0 ], [ -89.263121, 40.723054, 0.0 ], [ -89.263085, 40.72002, 0.0 ], [ -89.262024, 40.720028, 0.0 ], [ -89.262018, 40.719537, 0.0 ], [ -89.263053, 40.719529, 0.0 ], [ -89.263019, 40.716431, 0.0 ], [ -89.258855, 40.716416, 0.0 ], [ -89.258816, 40.713359, 0.0 ], [ -89.259249, 40.713246, 0.0 ], [ -89.259232, 40.711616, 0.0 ], [ -89.260458, 40.711612, 0.0 ], [ -89.260394, 40.707586, 0.0 ], [ -89.263911, 40.707536, 0.0 ], [ -89.263878, 40.705745, 0.0 ], [ -89.264946, 40.705744, 0.0 ], [ -89.264928, 40.70495, 0.0 ], [ -89.267666, 40.70493, 0.0 ], [ -89.267567, 40.699333, 0.0 ], [ -89.269502, 40.699302, 0.0 ], [ -89.269479, 40.698506, 0.0 ], [ -89.272474, 40.69846, 0.0 ], [ -89.272449, 40.697514, 0.0 ], [ -89.283897, 40.697538, 0.0 ], [ -89.283947, 40.701658, 0.0 ], [ -89.291516, 40.701643, 0.0 ], [ -89.291516, 40.701448, 0.0 ], [ -89.29225, 40.701448, 0.0 ], [ -89.292267, 40.704414, 0.0 ], [ -89.291608, 40.704416, 0.0 ], [ -89.291726, 40.705513, 0.0 ], [ -89.292269, 40.705261, 0.0 ], [ -89.292269, 40.704816, 0.0 ], [ -89.293403, 40.704792, 0.0 ], [ -89.313879, 40.704606, 0.0 ], [ -89.314567, 40.704766, 0.0 ], [ -89.316258, 40.704587, 0.0 ], [ -89.369012, 40.704214, 0.0 ], [ -89.386737, 40.704213, 0.0 ], [ -89.393942, 40.704491, 0.0 ], [ -89.397359, 40.703593, 0.0 ], [ -89.411493, 40.70334, 0.0 ], [ -89.420498, 40.697522, 0.0 ], [ -89.420502, 40.697694, 0.0 ], [ -89.420663, 40.69759, 0.0 ], [ -89.430819, 40.690832, 0.0 ], [ -89.430797, 40.69068, 0.0 ], [ -89.431609, 40.690147, 0.0 ], [ -89.431262, 40.690144, 0.0 ], [ -89.431258, 40.689744, 0.0 ], [ -89.432493, 40.689752, 0.0 ], [ -89.434662, 40.688364, 0.0 ], [ -89.436435, 40.687517, 0.0 ], [ -89.438215, 40.687009, 0.0 ], [ -89.439777, 40.686785, 0.0 ], [ -89.460094, 40.685094, 0.0 ], [ -89.46262, 40.685368, 0.0 ], [ -89.466481, 40.686748, 0.0 ], [ -89.468465, 40.687079, 0.0 ], [ -89.469199, 40.687024, 0.0 ], [ -89.469231, 40.68923, 0.0 ], [ -89.469429, 40.689244, 0.0 ], [ -89.469423, 40.68978, 0.0 ], [ -89.47408, 40.689801, 0.0 ], [ -89.47398, 40.690472, 0.0 ], [ -89.474081, 40.694925, 0.0 ], [ -89.486989, 40.6924, 0.0 ], [ -89.500323, 40.690481, 0.0 ], [ -89.501647, 40.690138, 0.0 ], [ -89.502826, 40.689565, 0.0 ], [ -89.502842, 40.696645, 0.0 ], [ -89.513517, 40.696606, 0.0 ], [ -89.512964, 40.697027, 0.0 ], [ -89.512868, 40.697718, 0.0 ], [ -89.517722, 40.697468, 0.0 ], [ -89.517764, 40.698754, 0.0 ], [ -89.521789, 40.698712, 0.0 ], [ -89.521811, 40.70072, 0.0 ], [ -89.522011, 40.700987, 0.0 ], [ -89.521833, 40.701455, 0.0 ], [ -89.521853, 40.703799, 0.0 ], [ -89.521562, 40.70428, 0.0 ], [ -89.520721, 40.70394, 0.0 ], [ -89.519662, 40.703811, 0.0 ], [ -89.507625, 40.703877, 0.0 ], [ -89.507687, 40.715086, 0.0 ], [ -89.525016, 40.714862, 0.0 ], [ -89.529372, 40.715117, 0.0 ], [ -89.534101, 40.716246, 0.0 ], [ -89.546503, 40.720251, 0.0 ], [ -89.547682, 40.725207, 0.0 ], [ -89.549253, 40.728313, 0.0 ], [ -89.549703, 40.729788, 0.0 ], [ -89.549603, 40.735388, 0.0 ], [ -89.5506, 40.738745, 0.0 ], [ -89.555, 40.747645, 0.0 ], [ -89.467089, 40.747596, 0.0 ], [ -89.467034, 40.750553, 0.0 ], [ -89.462102, 40.750763, 0.0 ], [ -89.462196, 40.753126, 0.0 ], [ -89.460226, 40.753202, 0.0 ], [ -89.453091, 40.752961, 0.0 ], [ -89.453178, 40.757109, 0.0 ], [ -89.45046, 40.757313, 0.0 ], [ -89.44685, 40.757307, 0.0 ], [ -89.446792, 40.760066, 0.0 ], [ -89.447118, 40.766916, 0.0 ], [ -89.442412, 40.766955, 0.0 ], [ -89.442467, 40.770289, 0.0 ], [ -89.442239, 40.77029, 0.0 ], [ -89.442212, 40.771722, 0.0 ], [ -89.442236, 40.771985, 0.0 ], [ -89.44686, 40.770945, 0.0 ], [ -89.446904, 40.772465, 0.0 ], [ -89.447163, 40.773036, 0.0 ], [ -89.4472, 40.773918, 0.0 ], [ -89.447128, 40.775018, 0.0 ], [ -89.446749, 40.775626, 0.0 ], [ -89.446474, 40.791146, 0.0 ], [ -89.447249, 40.791272, 0.0 ], [ -89.446911, 40.791268, 0.0 ], [ -89.447101, 40.792452, 0.0 ], [ -89.447181, 40.796927, 0.0 ], [ -89.4475, 40.797415, 0.0 ], [ -89.449409, 40.798844, 0.0 ], [ -89.451674, 40.802037, 0.0 ], [ -89.45201, 40.802972, 0.0 ], [ -89.452044, 40.805348, 0.0 ], [ -89.452271, 40.805909, 0.0 ], [ -89.453986, 40.807667, 0.0 ], [ -89.456585, 40.811353, 0.0 ], [ -89.45732, 40.811715, 0.0 ], [ -89.459975, 40.81204, 0.0 ], [ -89.462109, 40.812906, 0.0 ], [ -89.465572, 40.813102, 0.0 ], [ -89.466277, 40.813472, 0.0 ], [ -89.466647, 40.813898, 0.0 ], [ -89.466821, 40.814584, 0.0 ], [ -89.466767, 40.821802, 0.0 ], [ -89.466511, 40.82828, 0.0 ], [ -89.466713, 40.834936, 0.0 ], [ -89.399081, 40.835193, 0.0 ], [ -89.38912, 40.835456, 0.0 ], [ -89.389179, 40.849885, 0.0 ], [ -89.390208, 40.91716, 0.0 ], [ -89.390626, 40.932384, 0.0 ], [ -89.390882, 40.935461, 0.0 ], [ -89.390778, 40.940051, 0.0 ], [ -89.391069, 40.954431, 0.0 ], [ -89.390886, 40.954768, 0.0 ], [ -89.391466, 40.986988, 0.0 ], [ -89.391616, 40.987187, 0.0 ], [ -89.391391, 40.987477, 0.0 ], [ -89.391323, 40.993544, 0.0 ], [ -89.391616, 40.999518, 0.0 ], [ -89.391789, 41.023529, 0.0 ], [ -89.392514, 41.054769, 0.0 ], [ -89.389806, 41.057438, 0.0 ], [ -89.386136, 41.061958, 0.0 ], [ -89.384976, 41.062948, 0.0 ], [ -89.378186, 41.067018, 0.0 ], [ -89.366896, 41.072838, 0.0 ], [ -89.363836, 41.074648, 0.0 ], [ -89.359026, 41.078008, 0.0 ], [ -89.351746, 41.084668, 0.0 ], [ -89.349776, 41.086698, 0.0 ], [ -89.345516, 41.091788, 0.0 ], [ -89.340436, 41.096858, 0.0 ], [ -89.340096, 41.097468, 0.0 ], [ -89.339816, 41.098868, 0.0 ], [ -89.338606, 41.099098, 0.0 ], [ -89.337436, 41.099628, 0.0 ], [ -89.336436, 41.100468, 0.0 ], [ -89.333685, 41.104102, 0.0 ], [ -89.332799, 41.104615, 0.0 ], [ -89.331842, 41.104784, 0.0 ], [ -89.331545, 41.106117, 0.0 ], [ -89.330817, 41.107231, 0.0 ], [ -89.323815, 41.113816, 0.0 ], [ -89.320776, 41.117161, 0.0 ], [ -89.316516, 41.122625, 0.0 ], [ -89.314145, 41.126155, 0.0 ], [ -89.313251, 41.127964, 0.0 ], [ -89.312214, 41.131236, 0.0 ], [ -89.311411, 41.13301, 0.0 ], [ -89.302694, 41.132881, 0.0 ], [ -89.279492, 41.133007, 0.0 ], [ -89.279716, 41.147675, 0.0 ], [ -89.206303, 41.147763, 0.0 ], [ -89.206417, 41.162422, 0.0 ], [ -89.207251, 41.162768, 0.0 ], [ -89.209869, 41.165801, 0.0 ], [ -89.210408, 41.167033, 0.0 ], [ -89.210705, 41.168447, 0.0 ], [ -89.210702, 41.172773, 0.0 ], [ -89.210382, 41.172865, 0.0 ], [ -89.210436, 41.17678, 0.0 ], [ -89.210666, 41.176778, 0.0 ], [ -89.210822, 41.179123, 0.0 ], [ -89.210869, 41.191908, 0.0 ], [ -89.162626, 41.19232, 0.0 ], [ -89.162866, 41.235952, 0.0 ], [ -89.118516, 41.236019, 0.0 ], [ -89.068958, 41.235877, 0.0 ], [ -89.048877, 41.236357, 0.0 ], [ -89.04827, 41.192392, 0.0 ], [ -89.029051, 41.192488, 0.0 ], [ -89.02818, 41.192358, 0.0 ], [ -89.000152, 41.192626, 0.0 ], [ -88.934195, 41.192675, 0.0 ], [ -88.816605, 41.193747, 0.0 ], [ -88.817019, 41.281176, 0.0 ], [ -88.762131, 41.281446, 0.0 ], [ -88.704452, 41.281518, 0.0 ], [ -88.705168, 41.322117, 0.0 ], [ -88.69986, 41.321857, 0.0 ], [ -88.698168, 41.321372, 0.0 ], [ -88.696945, 41.321419, 0.0 ], [ -88.694533, 41.321182, 0.0 ], [ -88.690732, 41.319585, 0.0 ], [ -88.687889, 41.318619, 0.0 ], [ -88.685994, 41.317248, 0.0 ], [ -88.685633, 41.316826, 0.0 ], [ -88.684697, 41.316355, 0.0 ], [ -88.683944, 41.315707, 0.0 ], [ -88.682839, 41.315201, 0.0 ], [ -88.675171, 41.313427, 0.0 ], [ -88.670686, 41.311949, 0.0 ], [ -88.66841, 41.311665, 0.0 ], [ -88.665507, 41.311693, 0.0 ], [ -88.66282, 41.312354, 0.0 ], [ -88.658852, 41.313936, 0.0 ], [ -88.653162, 41.313953, 0.0 ], [ -88.649917, 41.313288, 0.0 ], [ -88.646316, 41.312105, 0.0 ], [ -88.641469, 41.311016, 0.0 ], [ -88.638427, 41.309874, 0.0 ], [ -88.637946, 41.3096, 0.0 ], [ -88.63804, 41.302245, 0.0 ], [ -88.637848, 41.296503, 0.0 ], [ -88.635146, 41.296541, 0.0 ], [ -88.634907, 41.289076, 0.0 ], [ -88.589987, 41.289683, 0.0 ], [ -88.589445, 41.290093, 0.0 ], [ -88.58848, 41.267961, 0.0 ], [ -88.547597, 41.268142, 0.0 ], [ -88.547619, 41.275663, 0.0 ], [ -88.547808, 41.276201, 0.0 ], [ -88.547971, 41.282794, 0.0 ], [ -88.475855, 41.283417, 0.0 ], [ -88.399758, 41.285358, 0.0 ], [ -88.294891, 41.28755, 0.0 ], [ -88.294688, 41.286617, 0.0 ], [ -88.294587, 41.283907, 0.0 ], [ -88.298135, 41.28384, 0.0 ], [ -88.298094, 41.282934, 0.0 ], [ -88.302949, 41.282846, 0.0 ], [ -88.30291, 41.281938, 0.0 ], [ -88.304497, 41.281917, 0.0 ], [ -88.302927, 41.229401, 0.0 ], [ -88.28011, 41.229902, 0.0 ], [ -88.279983, 41.223789, 0.0 ], [ -88.290751, 41.215315, 0.0 ], [ -88.290573, 41.215172, 0.0 ], [ -88.279974, 41.223535, 0.0 ], [ -88.279907, 41.215369, 0.0 ], [ -88.282572, 41.215325, 0.0 ], [ -88.282408, 41.200813, 0.0 ], [ -88.282198, 41.200626, 0.0 ], [ -88.281163, 41.170011, 0.0 ], [ -88.271586, 41.170028, 0.0 ], [ -88.271607, 41.172079, 0.0 ], [ -88.268623, 41.172133, 0.0 ], [ -88.268091, 41.165815, 0.0 ], [ -88.267888, 41.165403, 0.0 ], [ -88.266708, 41.16441, 0.0 ], [ -88.266565, 41.163882, 0.0 ], [ -88.265814, 41.142985, 0.0 ], [ -88.270618, 41.142862, 0.0 ], [ -88.270124, 41.128384, 0.0 ], [ -88.260534, 41.128632, 0.0 ], [ -88.260046, 41.114068, 0.0 ], [ -88.251507, 41.114226, 0.0 ], [ -88.247306, 40.994568, 0.0 ], [ -88.228246, 40.995648, 0.0 ], [ -88.207251, 40.995642, 0.0 ], [ -88.134512, 40.997572, 0.0 ], [ -88.131129, 40.997875, 0.0 ], [ -88.074356, 40.998632, 0.0 ], [ -88.039917, 40.999547, 0.0 ], [ -88.002005, 41.000134, 0.0 ], [ -87.969755, 41.000867, 0.0 ], [ -87.943443, 41.001964, 0.0 ], [ -87.912691, 41.002722, 0.0 ], [ -87.912591, 41.00318, 0.0 ], [ -87.910984, 41.003213, 0.0 ], [ -87.91097, 41.002764, 0.0 ], [ -87.908144, 41.002932, 0.0 ], [ -87.907412, 41.002808, 0.0 ], [ -87.882582, 41.003657, 0.0 ], [ -87.848048, 41.00434, 0.0 ], [ -87.814051, 41.004707, 0.0 ], [ -87.812305, 41.005071, 0.0 ], [ -87.771438, 41.0054, 0.0 ], [ -87.771448, 41.005692, 0.0 ], [ -87.751478, 41.005911, 0.0 ], [ -87.694792, 41.007048, 0.0 ], [ -87.655518, 41.008135, 0.0 ], [ -87.655464, 41.008252, 0.0 ], [ -87.641227, 41.008203, 0.0 ], [ -87.614701, 41.008571, 0.0 ], [ -87.552053, 41.009948, 0.0 ], [ -87.526214, 41.010349, 0.0 ], [ -87.526251, 40.993215, 0.0 ], [ -87.525988, 40.974273, 0.0 ], [ -87.526129, 40.937602, 0.0 ], [ -87.525967, 40.894513, 0.0 ], [ -87.526058, 40.894248, 0.0 ], [ -87.526442, 40.894162, 0.0 ], [ -87.525921, 40.880603, 0.0 ], [ -87.526119, 40.879711, 0.0 ], [ -87.52593, 40.875043, 0.0 ], [ -87.525981, 40.865025, 0.0 ], [ -87.525667, 40.83614, 0.0 ], [ -87.525702, 40.817258, 0.0 ], [ -87.525904, 40.803118, 0.0 ], [ -87.525844, 40.787538, 0.0 ], [ -87.526005, 40.774998, 0.0 ], [ -87.525982, 40.749739, 0.0 ], [ -87.52631, 40.678679, 0.0 ], [ -87.526123, 40.622337, 0.0 ], [ -87.525939, 40.621522, 0.0 ], [ -87.526107, 40.618991, 0.0 ], [ -87.526009, 40.606911, 0.0 ], [ -87.526352, 40.540409, 0.0 ], [ -87.526379, 40.520645, 0.0 ], [ -87.526174, 40.505769, 0.0 ], [ -87.527319, 40.432708, 0.0 ], [ -87.527501, 40.410886, 0.0 ], [ -87.527926, 40.396069, 0.0 ], [ -87.528113, 40.370797, 0.0 ], [ -87.528392, 40.360336, 0.0 ], [ -87.528213, 40.35969, 0.0 ], [ -87.528417, 40.35514, 0.0 ], [ -87.529459, 40.293237, 0.0 ], [ -87.530423, 40.221098, 0.0 ], [ -87.546716, 40.220848, 0.0 ], [ -87.565406, 40.221028, 0.0 ], [ -87.581286, 40.220148, 0.0 ], [ -87.583246, 40.220218, 0.0 ], [ -87.585856, 40.219968, 0.0 ], [ -87.615426, 40.219088, 0.0 ], [ -87.615576, 40.217308, 0.0 ], [ -87.615256, 40.204618, 0.0 ], [ -87.631016, 40.204318, 0.0 ], [ -87.631766, 40.204248, 0.0 ], [ -87.631741, 40.204151, 0.0 ], [ -87.63199, 40.20429, 0.0 ], [ -87.645286, 40.204038, 0.0 ], [ -87.645756, 40.204738, 0.0 ], [ -87.645237, 40.199481, 0.0 ], [ -87.645622, 40.198007, 0.0 ], [ -87.645595, 40.197006, 0.0 ], [ -87.644307, 40.19605, 0.0 ], [ -87.645472, 40.19601, 0.0 ], [ -87.645568, 40.194221, 0.0 ], [ -87.645281, 40.193112, 0.0 ], [ -87.64523, 40.189653, 0.0 ], [ -87.645807, 40.188397, 0.0 ], [ -87.645865, 40.18488, 0.0 ], [ -87.644781, 40.183956, 0.0 ], [ -87.644981, 40.183452, 0.0 ], [ -87.644698, 40.183317, 0.0 ], [ -87.645092, 40.182912, 0.0 ], [ -87.644845, 40.182253, 0.0 ], [ -87.644417, 40.181937, 0.0 ], [ -87.644353, 40.181608, 0.0 ], [ -87.644801, 40.18067, 0.0 ], [ -87.644654, 40.180203, 0.0 ], [ -87.644245, 40.179782, 0.0 ], [ -87.642896, 40.178935, 0.0 ], [ -87.64272, 40.178363, 0.0 ], [ -87.642877, 40.178015, 0.0 ], [ -87.643536, 40.177636, 0.0 ], [ -87.643701, 40.176945, 0.0 ], [ -87.644457, 40.176313, 0.0 ], [ -87.644952, 40.175344, 0.0 ], [ -87.645119, 40.175867, 0.0 ], [ -87.645549, 40.175611, 0.0 ], [ -87.646048, 40.175776, 0.0 ], [ -87.646528, 40.174615, 0.0 ], [ -87.646651, 40.174614, 0.0 ], [ -87.646304, 40.173751, 0.0 ], [ -87.646977, 40.173015, 0.0 ], [ -87.646925, 40.172267, 0.0 ], [ -87.646535, 40.171093, 0.0 ], [ -87.645751, 40.170557, 0.0 ], [ -87.645701, 40.170372, 0.0 ], [ -87.646356, 40.169084, 0.0 ], [ -87.647228, 40.167945, 0.0 ], [ -87.647378, 40.167186, 0.0 ], [ -87.647746, 40.168188, 0.0 ], [ -87.647956, 40.168178, 0.0 ], [ -87.651206, 40.166678, 0.0 ] ] ] } },
{ "type": "Feature", "properties": { "OID_": 0, "DISTRICT": "54", "STA": "IL", "ST": "17", "LABEL": "54", "DIST_NAME": "State Senate District 54", "TYPE": "State Legislature - Upper Chamber", "TYPE_ABB": "Leg_Upper", "ELECT_YEAR": "Enacted" }, "geometry": { "type": "Polygon", "coordinates": [ [ [ -89.708027, 38.82968, 0.0 ], [ -89.790154, 38.830042, 0.0 ], [ -89.928037, 38.832084, 0.0 ], [ -89.927536, 38.851358, 0.0 ], [ -89.927345, 38.852202, 0.0 ], [ -89.927568, 38.852782, 0.0 ], [ -89.927608, 38.853957, 0.0 ], [ -89.927616, 38.868364, 0.0 ], [ -89.927765, 38.868585, 0.0 ], [ -89.927867, 38.878909, 0.0 ], [ -89.927458, 38.901415, 0.0 ], [ -89.927389, 38.922507, 0.0 ], [ -89.927456, 38.925191, 0.0 ], [ -89.927573, 38.925273, 0.0 ], [ -89.927113, 38.925752, 0.0 ], [ -89.927349, 38.92586, 0.0 ], [ -89.927395, 38.926272, 0.0 ], [ -89.927028, 38.963249, 0.0 ], [ -89.926986, 38.998773, 0.0 ], [ -89.922527, 38.998755, 0.0 ], [ -89.923571, 39.181942, 0.0 ], [ -89.923411, 39.18215, 0.0 ], [ -89.923813, 39.208465, 0.0 ], [ -89.92384, 39.244226, 0.0 ], [ -89.923892, 39.248315, 0.0 ], [ -89.924104, 39.251117, 0.0 ], [ -89.923879, 39.286094, 0.0 ], [ -89.924138, 39.347467, 0.0 ], [ -89.92468, 39.347462, 0.0 ], [ -89.924807, 39.38404, 0.0 ], [ -89.925204, 39.405823, 0.0 ], [ -89.925255, 39.429295, 0.0 ], [ -89.925969, 39.49855, 0.0 ], [ -89.925755, 39.507586, 0.0 ], [ -89.926077, 39.517185, 0.0 ], [ -89.926053, 39.525641, 0.0 ], [ -89.923961, 39.558685, 0.0 ], [ -89.929633, 39.57323, 0.0 ], [ -89.945806, 39.616403, 0.0 ], [ -89.947425, 39.620249, 0.0 ], [ -89.971304, 39.682849, 0.0 ], [ -89.982217, 39.711029, 0.0 ], [ -89.984751, 39.718086, 0.0 ], [ -89.985568, 39.785423, 0.0 ], [ -89.993545, 39.7854, 0.0 ], [ -89.994368, 39.854496, 0.0 ], [ -89.994512, 39.901932, 0.0 ], [ -89.938261, 39.901903, 0.0 ], [ -89.929605, 39.901733, 0.0 ], [ -89.90901, 39.9018, 0.0 ], [ -89.873046, 39.901544, 0.0 ], [ -89.846683, 39.90173, 0.0 ], [ -89.836338, 39.901912, 0.0 ], [ -89.825944, 39.902321, 0.0 ], [ -89.825942, 39.902194, 0.0 ], [ -89.793237, 39.902433, 0.0 ], [ -89.774161, 39.902479, 0.0 ], [ -89.77348, 39.902316, 0.0 ], [ -89.769174, 39.902357, 0.0 ], [ -89.769149, 39.916872, 0.0 ], [ -89.749815, 39.916543, 0.0 ], [ -89.712726, 39.916932, 0.0 ], [ -89.712722, 39.916776, 0.0 ], [ -89.692444, 39.916852, 0.0 ], [ -89.673686, 39.917139, 0.0 ], [ -89.673207, 39.895337, 0.0 ], [ -89.616469, 39.895967, 0.0 ], [ -89.616364, 39.88864, 0.0 ], [ -89.609628, 39.88869, 0.0 ], [ -89.608845, 39.888512, 0.0 ], [ -89.61114, 39.885789, 0.0 ], [ -89.612187, 39.884263, 0.0 ], [ -89.613131, 39.882416, 0.0 ], [ -89.613816, 39.880275, 0.0 ], [ -89.614104, 39.877955, 0.0 ], [ -89.613963, 39.870837, 0.0 ], [ -89.614284, 39.870563, 0.0 ], [ -89.613968, 39.87035, 0.0 ], [ -89.613809, 39.861107, 0.0 ], [ -89.613909, 39.860377, 0.0 ], [ -89.614489, 39.858815, 0.0 ], [ -89.615307, 39.857523, 0.0 ], [ -89.616622, 39.856222, 0.0 ], [ -89.619606, 39.854268, 0.0 ], [ -89.620835, 39.854291, 0.0 ], [ -89.620833, 39.853699, 0.0 ], [ -89.620688, 39.85356, 0.0 ], [ -89.6216, 39.852964, 0.0 ], [ -89.622392, 39.853032, 0.0 ], [ -89.622396, 39.852676, 0.0 ], [ -89.622246, 39.852541, 0.0 ], [ -89.625501, 39.85041, 0.0 ], [ -89.62566, 39.85054, 0.0 ], [ -89.625664, 39.850302, 0.0 ], [ -89.632045, 39.846162, 0.0 ], [ -89.631918, 39.845629, 0.0 ], [ -89.633034, 39.84563, 0.0 ], [ -89.632733, 39.845042, 0.0 ], [ -89.633149, 39.844774, 0.0 ], [ -89.633936, 39.844857, 0.0 ], [ -89.635904, 39.844391, 0.0 ], [ -89.636557, 39.844383, 0.0 ], [ -89.635603, 39.844585, 0.0 ], [ -89.635628, 39.844719, 0.0 ], [ -89.64094, 39.844311, 0.0 ], [ -89.643914, 39.843669, 0.0 ], [ -89.644854, 39.843337, 0.0 ], [ -89.644826, 39.841744, 0.0 ], [ -89.647957, 39.841713, 0.0 ], [ -89.649891, 39.84069, 0.0 ], [ -89.655716, 39.838319, 0.0 ], [ -89.657394, 39.837478, 0.0 ], [ -89.660471, 39.835479, 0.0 ], [ -89.662553, 39.834423, 0.0 ], [ -89.665465, 39.833251, 0.0 ], [ -89.679471, 39.828625, 0.0 ], [ -89.682216, 39.827455, 0.0 ], [ -89.687397, 39.825153, 0.0 ], [ -89.69109, 39.823096, 0.0 ], [ -89.69445, 39.820675, 0.0 ], [ -89.694436, 39.820116, 0.0 ], [ -89.694484, 39.820649, 0.0 ], [ -89.700629, 39.815845, 0.0 ], [ -89.70147, 39.816086, 0.0 ], [ -89.701545, 39.821626, 0.0 ], [ -89.703546, 39.821614, 0.0 ], [ -89.709493, 39.823073, 0.0 ], [ -89.710708, 39.815457, 0.0 ], [ -89.710617, 39.812874, 0.0 ], [ -89.711123, 39.81266, 0.0 ], [ -89.712031, 39.806998, 0.0 ], [ -89.712602, 39.805367, 0.0 ], [ -89.713545, 39.80354, 0.0 ], [ -89.715375, 39.801142, 0.0 ], [ -89.720286, 39.801164, 0.0 ], [ -89.720222, 39.796545, 0.0 ], [ -89.729583, 39.787799, 0.0 ], [ -89.729565, 39.786694, 0.0 ], [ -89.730564, 39.78669, 0.0 ], [ -89.733835, 39.783441, 0.0 ], [ -89.733843, 39.781904, 0.0 ], [ -89.73449, 39.781133, 0.0 ], [ -89.734666, 39.780543, 0.0 ], [ -89.734426, 39.756345, 0.0 ], [ -89.73222, 39.756372, 0.0 ], [ -89.732138, 39.752776, 0.0 ], [ -89.73173, 39.752525, 0.0 ], [ -89.729846, 39.752539, 0.0 ], [ -89.72983, 39.751542, 0.0 ], [ -89.731886, 39.751519, 0.0 ], [ -89.731884, 39.751351, 0.0 ], [ -89.732523, 39.751554, 0.0 ], [ -89.73208, 39.750896, 0.0 ], [ -89.731351, 39.750679, 0.0 ], [ -89.731849, 39.750566, 0.0 ], [ -89.719928, 39.7468, 0.0 ], [ -89.719932, 39.747085, 0.0 ], [ -89.705842, 39.742627, 0.0 ], [ -89.705724, 39.734757, 0.0 ], [ -89.705284, 39.734772, 0.0 ], [ -89.705297, 39.729062, 0.0 ], [ -89.704337, 39.721827, 0.0 ], [ -89.704742, 39.721826, 0.0 ], [ -89.704645, 39.720181, 0.0 ], [ -89.698448, 39.720378, 0.0 ], [ -89.698442, 39.720262, 0.0 ], [ -89.704642, 39.720101, 0.0 ], [ -89.704805, 39.709367, 0.0 ], [ -89.704707, 39.701764, 0.0 ], [ -89.704795, 39.698303, 0.0 ], [ -89.704985, 39.698238, 0.0 ], [ -89.704559, 39.676314, 0.0 ], [ -89.714115, 39.676336, 0.0 ], [ -89.713994, 39.674195, 0.0 ], [ -89.71262, 39.674358, 0.0 ], [ -89.71257, 39.671209, 0.0 ], [ -89.707448, 39.671276, 0.0 ], [ -89.706624, 39.670799, 0.0 ], [ -89.705122, 39.671932, 0.0 ], [ -89.704496, 39.671667, 0.0 ], [ -89.704466, 39.669346, 0.0 ], [ -89.695516, 39.669418, 0.0 ], [ -89.695518, 39.669567, 0.0 ], [ -89.694889, 39.669577, 0.0 ], [ -89.6694, 39.669536, 0.0 ], [ -89.669398, 39.669426, 0.0 ], [ -89.668543, 39.669427, 0.0 ], [ -89.668529, 39.669883, 0.0 ], [ -89.667117, 39.669934, 0.0 ], [ -89.667142, 39.672735, 0.0 ], [ -89.666673, 39.672838, 0.0 ], [ -89.666283, 39.673402, 0.0 ], [ -89.665583, 39.673244, 0.0 ], [ -89.663692, 39.673278, 0.0 ], [ -89.663702, 39.673448, 0.0 ], [ -89.663112, 39.67353, 0.0 ], [ -89.663545, 39.674425, 0.0 ], [ -89.664014, 39.674672, 0.0 ], [ -89.664746, 39.675402, 0.0 ], [ -89.664653, 39.675968, 0.0 ], [ -89.663651, 39.676495, 0.0 ], [ -89.663012, 39.676582, 0.0 ], [ -89.662501, 39.676368, 0.0 ], [ -89.662365, 39.676538, 0.0 ], [ -89.660582, 39.677219, 0.0 ], [ -89.659353, 39.677465, 0.0 ], [ -89.659126, 39.677449, 0.0 ], [ -89.658934, 39.676988, 0.0 ], [ -89.658764, 39.677273, 0.0 ], [ -89.658465, 39.677388, 0.0 ], [ -89.658366, 39.677668, 0.0 ], [ -89.657648, 39.677932, 0.0 ], [ -89.657257, 39.67786, 0.0 ], [ -89.657186, 39.678206, 0.0 ], [ -89.656717, 39.678546, 0.0 ], [ -89.656298, 39.679441, 0.0 ], [ -89.654259, 39.680192, 0.0 ], [ -89.653704, 39.68073, 0.0 ], [ -89.653192, 39.681702, 0.0 ], [ -89.652468, 39.681937, 0.0 ], [ -89.653419, 39.684144, 0.0 ], [ -89.654228, 39.685111, 0.0 ], [ -89.653212, 39.684885, 0.0 ], [ -89.652296, 39.685006, 0.0 ], [ -89.652068, 39.68517, 0.0 ], [ -89.65204, 39.685456, 0.0 ], [ -89.6515, 39.685648, 0.0 ], [ -89.650839, 39.685648, 0.0 ], [ -89.650519, 39.685329, 0.0 ], [ -89.6502, 39.68528, 0.0 ], [ -89.650008, 39.685982, 0.0 ], [ -89.648771, 39.685927, 0.0 ], [ -89.648793, 39.686322, 0.0 ], [ -89.648558, 39.686613, 0.0 ], [ -89.647563, 39.687211, 0.0 ], [ -89.647009, 39.687288, 0.0 ], [ -89.646248, 39.688221, 0.0 ], [ -89.645807, 39.689445, 0.0 ], [ -89.64548, 39.689483, 0.0 ], [ -89.645139, 39.689219, 0.0 ], [ -89.645174, 39.689878, 0.0 ], [ -89.644776, 39.690169, 0.0 ], [ -89.645053, 39.690366, 0.0 ], [ -89.645039, 39.690657, 0.0 ], [ -89.644648, 39.691009, 0.0 ], [ -89.644151, 39.690948, 0.0 ], [ -89.643994, 39.691305, 0.0 ], [ -89.64366, 39.691255, 0.0 ], [ -89.643276, 39.691436, 0.0 ], [ -89.643376, 39.69198, 0.0 ], [ -89.642672, 39.692814, 0.0 ], [ -89.643012, 39.693286, 0.0 ], [ -89.643055, 39.693829, 0.0 ], [ -89.642463, 39.694975, 0.0 ], [ -89.643235, 39.69917, 0.0 ], [ -89.642822, 39.699192, 0.0 ], [ -89.641978, 39.699642, 0.0 ], [ -89.640877, 39.699499, 0.0 ], [ -89.639811, 39.699855, 0.0 ], [ -89.638077, 39.699954, 0.0 ], [ -89.637785, 39.700332, 0.0 ], [ -89.63753, 39.699975, 0.0 ], [ -89.636912, 39.699893, 0.0 ], [ -89.636741, 39.699728, 0.0 ], [ -89.636272, 39.699964, 0.0 ], [ -89.635874, 39.699651, 0.0 ], [ -89.636095, 39.699536, 0.0 ], [ -89.636066, 39.699354, 0.0 ], [ -89.635505, 39.699085, 0.0 ], [ -89.634738, 39.698283, 0.0 ], [ -89.634149, 39.698234, 0.0 ], [ -89.634488, 39.69775, 0.0 ], [ -89.63449, 39.697482, 0.0 ], [ -89.634341, 39.69724, 0.0 ], [ -89.633481, 39.697009, 0.0 ], [ -89.63302, 39.696702, 0.0 ], [ -89.632666, 39.695253, 0.0 ], [ -89.631572, 39.694846, 0.0 ], [ -89.630284, 39.694851, 0.0 ], [ -89.630747, 39.693209, 0.0 ], [ -89.630521, 39.693122, 0.0 ], [ -89.63102, 39.690932, 0.0 ], [ -89.630758, 39.690745, 0.0 ], [ -89.630402, 39.691233, 0.0 ], [ -89.62891, 39.691562, 0.0 ], [ -89.628143, 39.691139, 0.0 ], [ -89.627994, 39.690716, 0.0 ], [ -89.628342, 39.690524, 0.0 ], [ -89.627767, 39.690491, 0.0 ], [ -89.627709, 39.691243, 0.0 ], [ -89.627283, 39.691254, 0.0 ], [ -89.627616, 39.691605, 0.0 ], [ -89.62795, 39.691518, 0.0 ], [ -89.627907, 39.692176, 0.0 ], [ -89.62763, 39.692489, 0.0 ], [ -89.626158, 39.693273, 0.0 ], [ -89.626276, 39.69342, 0.0 ], [ -89.625655, 39.694062, 0.0 ], [ -89.625529, 39.694075, 0.0 ], [ -89.625495, 39.693582, 0.0 ], [ -89.625355, 39.693609, 0.0 ], [ -89.625152, 39.693182, 0.0 ], [ -89.624953, 39.693773, 0.0 ], [ -89.624983, 39.69442, 0.0 ], [ -89.624644, 39.694338, 0.0 ], [ -89.624282, 39.693609, 0.0 ], [ -89.624075, 39.69357, 0.0 ], [ -89.624153, 39.694021, 0.0 ], [ -89.623863, 39.694117, 0.0 ], [ -89.624231, 39.694761, 0.0 ], [ -89.622766, 39.695601, 0.0 ], [ -89.622467, 39.694946, 0.0 ], [ -89.621688, 39.694519, 0.0 ], [ -89.62158, 39.694276, 0.0 ], [ -89.62197, 39.693143, 0.0 ], [ -89.621822, 39.69298, 0.0 ], [ -89.621405, 39.69366, 0.0 ], [ -89.620367, 39.694412, 0.0 ], [ -89.621018, 39.69517, 0.0 ], [ -89.621105, 39.695558, 0.0 ], [ -89.620367, 39.695582, 0.0 ], [ -89.619018, 39.695221, 0.0 ], [ -89.618421, 39.694843, 0.0 ], [ -89.618016, 39.695271, 0.0 ], [ -89.618443, 39.696325, 0.0 ], [ -89.618258, 39.696528, 0.0 ], [ -89.616887, 39.696084, 0.0 ], [ -89.615046, 39.69631, 0.0 ], [ -89.6143, 39.696244, 0.0 ], [ -89.614072, 39.69524, 0.0 ], [ -89.613681, 39.694494, 0.0 ], [ -89.613203, 39.694069, 0.0 ], [ -89.612577, 39.69246, 0.0 ], [ -89.612237, 39.692438, 0.0 ], [ -89.612109, 39.692738, 0.0 ], [ -89.612245, 39.693622, 0.0 ], [ -89.612829, 39.695103, 0.0 ], [ -89.612701, 39.695746, 0.0 ], [ -89.61177, 39.695768, 0.0 ], [ -89.611152, 39.69601, 0.0 ], [ -89.61096, 39.695823, 0.0 ], [ -89.610584, 39.696252, 0.0 ], [ -89.610271, 39.696093, 0.0 ], [ -89.610157, 39.69567, 0.0 ], [ -89.609703, 39.695769, 0.0 ], [ -89.609255, 39.695451, 0.0 ], [ -89.609397, 39.695813, 0.0 ], [ -89.610058, 39.696296, 0.0 ], [ -89.610393, 39.696773, 0.0 ], [ -89.609463, 39.698261, 0.0 ], [ -89.608887, 39.698613, 0.0 ], [ -89.607423, 39.69829, 0.0 ], [ -89.60684, 39.697917, 0.0 ], [ -89.606805, 39.697752, 0.0 ], [ -89.606521, 39.697703, 0.0 ], [ -89.606151, 39.69812, 0.0 ], [ -89.603871, 39.698489, 0.0 ], [ -89.602719, 39.697896, 0.0 ], [ -89.601148, 39.696266, 0.0 ], [ -89.600536, 39.696113, 0.0 ], [ -89.600011, 39.696228, 0.0 ], [ -89.598662, 39.698178, 0.0 ], [ -89.597951, 39.698738, 0.0 ], [ -89.597099, 39.699852, 0.0 ], [ -89.596098, 39.701439, 0.0 ], [ -89.595516, 39.701642, 0.0 ], [ -89.594408, 39.703366, 0.0 ], [ -89.594202, 39.703443, 0.0 ], [ -89.594092, 39.704571, 0.0 ], [ -89.592954, 39.704569, 0.0 ], [ -89.592916, 39.705123, 0.0 ], [ -89.592095, 39.704975, 0.0 ], [ -89.592086, 39.704315, 0.0 ], [ -89.592572, 39.704326, 0.0 ], [ -89.592562, 39.703751, 0.0 ], [ -89.592078, 39.703759, 0.0 ], [ -89.59207, 39.700504, 0.0 ], [ -89.53614, 39.699674, 0.0 ], [ -89.535696, 39.684739, 0.0 ], [ -89.534618, 39.614502, 0.0 ], [ -89.534855, 39.612239, 0.0 ], [ -89.535004, 39.612233, 0.0 ], [ -89.535082, 39.609998, 0.0 ], [ -89.533892, 39.557235, 0.0 ], [ -89.533661, 39.524599, 0.0 ], [ -89.366455, 39.52431, 0.0 ], [ -89.329874, 39.523883, 0.0 ], [ -89.329391, 39.524, 0.0 ], [ -89.325534, 39.523989, 0.0 ], [ -89.279731, 39.523581, 0.0 ], [ -89.213387, 39.52364, 0.0 ], [ -89.194517, 39.523915, 0.0 ], [ -89.137802, 39.523903, 0.0 ], [ -89.138023, 39.56628, 0.0 ], [ -89.138431, 39.604285, 0.0 ], [ -89.139472, 39.676994, 0.0 ], [ -89.140534, 39.72822, 0.0 ], [ -89.121782, 39.728483, 0.0 ], [ -89.09351, 39.728438, 0.0 ], [ -89.08403, 39.728288, 0.0 ], [ -89.046396, 39.728339, 0.0 ], [ -89.036979, 39.728235, 0.0 ], [ -89.027489, 39.727904, 0.0 ], [ -89.028345, 39.754066, 0.0 ], [ -89.028679, 39.769435, 0.0 ], [ -89.028848, 39.788176, 0.0 ], [ -89.028374, 39.788211, 0.0 ], [ -89.028465, 39.806584, 0.0 ], [ -89.028695, 39.809872, 0.0 ], [ -89.028817, 39.817563, 0.0 ], [ -89.009652, 39.817689, 0.0 ], [ -88.977137, 39.818269, 0.0 ], [ -88.973887, 39.818136, 0.0 ], [ -88.964818, 39.818242, 0.0 ], [ -88.96711, 39.814876, 0.0 ], [ -88.966686, 39.814776, 0.0 ], [ -88.963815, 39.818825, 0.0 ], [ -88.963433, 39.817399, 0.0 ], [ -88.962938, 39.816294, 0.0 ], [ -88.962218, 39.815411, 0.0 ], [ -88.961609, 39.814891, 0.0 ], [ -88.961387, 39.814894, 0.0 ], [ -88.96112, 39.815659, 0.0 ], [ -88.961737, 39.815826, 0.0 ], [ -88.962553, 39.817012, 0.0 ], [ -88.961561, 39.818088, 0.0 ], [ -88.958632, 39.818184, 0.0 ], [ -88.958544, 39.818819, 0.0 ], [ -88.958257, 39.819052, 0.0 ], [ -88.955324, 39.819007, 0.0 ], [ -88.955139, 39.819205, 0.0 ], [ -88.95451, 39.819324, 0.0 ], [ -88.954153, 39.818359, 0.0 ], [ -88.953322, 39.817375, 0.0 ], [ -88.951863, 39.817375, 0.0 ], [ -88.951606, 39.817099, 0.0 ], [ -88.951686, 39.816133, 0.0 ], [ -88.950512, 39.815616, 0.0 ], [ -88.950152, 39.816202, 0.0 ], [ -88.948332, 39.815808, 0.0 ], [ -88.948239, 39.816436, 0.0 ], [ -88.94836, 39.817028, 0.0 ], [ -88.949617, 39.818997, 0.0 ], [ -88.949133, 39.81898, 0.0 ], [ -88.948286, 39.818667, 0.0 ], [ -88.947709, 39.818052, 0.0 ], [ -88.946848, 39.818256, 0.0 ], [ -88.944776, 39.817537, 0.0 ], [ -88.944462, 39.817004, 0.0 ], [ -88.943423, 39.816625, 0.0 ], [ -88.942639, 39.816071, 0.0 ], [ -88.942376, 39.816104, 0.0 ], [ -88.941564, 39.815758, 0.0 ], [ -88.938268, 39.815489, 0.0 ], [ -88.93737, 39.81522, 0.0 ], [ -88.936801, 39.815346, 0.0 ], [ -88.936281, 39.815061, 0.0 ], [ -88.935441, 39.814243, 0.0 ], [ -88.93495, 39.813345, 0.0 ], [ -88.935034, 39.819161, 0.0 ], [ -88.925301, 39.819447, 0.0 ], [ -88.924982, 39.812643, 0.0 ], [ -88.920482, 39.812543, 0.0 ], [ -88.920338, 39.808507, 0.0 ], [ -88.915697, 39.808523, 0.0 ], [ -88.915889, 39.812712, 0.0 ], [ -88.911922, 39.812413, 0.0 ], [ -88.907285, 39.812471, 0.0 ], [ -88.907701, 39.814343, 0.0 ], [ -88.907733, 39.819906, 0.0 ], [ -88.897087, 39.819463, 0.0 ], [ -88.895456, 39.81956, 0.0 ], [ -88.893901, 39.819913, 0.0 ], [ -88.891173, 39.819964, 0.0 ], [ -88.890035, 39.819577, 0.0 ], [ -88.888815, 39.820031, 0.0 ], [ -88.8862, 39.819916, 0.0 ], [ -88.878254, 39.820035, 0.0 ], [ -88.877767, 39.804803, 0.0 ], [ -88.877188, 39.803232, 0.0 ], [ -88.875932, 39.800991, 0.0 ], [ -88.874021, 39.798335, 0.0 ], [ -88.872536, 39.795762, 0.0 ], [ -88.871685, 39.793738, 0.0 ], [ -88.871019, 39.791135, 0.0 ], [ -88.870795, 39.789196, 0.0 ], [ -88.870495, 39.779022, 0.0 ], [ -88.870564, 39.772567, 0.0 ], [ -88.870287, 39.771431, 0.0 ], [ -88.869215, 39.770156, 0.0 ], [ -88.867916, 39.769526, 0.0 ], [ -88.856508, 39.767236, 0.0 ], [ -88.854725, 39.766676, 0.0 ], [ -88.85346, 39.765949, 0.0 ], [ -88.852601, 39.765176, 0.0 ], [ -88.851911, 39.764228, 0.0 ], [ -88.851449, 39.762954, 0.0 ], [ -88.813482, 39.762854, 0.0 ], [ -88.814263, 39.789884, 0.0 ], [ -88.814633, 39.79326, 0.0 ], [ -88.814747, 39.798958, 0.0 ], [ -88.794047, 39.799117, 0.0 ], [ -88.792826, 39.799478, 0.0 ], [ -88.792243, 39.799308, 0.0 ], [ -88.792203, 39.800136, 0.0 ], [ -88.791674, 39.800151, 0.0 ], [ -88.791204, 39.799951, 0.0 ], [ -88.791176, 39.799171, 0.0 ], [ -88.783475, 39.799258, 0.0 ], [ -88.783472, 39.799527, 0.0 ], [ -88.770915, 39.799519, 0.0 ], [ -88.765354, 39.799683, 0.0 ], [ -88.745943, 39.799669, 0.0 ], [ -88.745702, 39.799418, 0.0 ], [ -88.74573, 39.799971, 0.0 ], [ -88.726849, 39.799554, 0.0 ], [ -88.720136, 39.799582, 0.0 ], [ -88.720138, 39.799417, 0.0 ], [ -88.718801, 39.79928, 0.0 ], [ -88.716025, 39.799279, 0.0 ], [ -88.714636, 39.799418, 0.0 ], [ -88.714636, 39.799581, 0.0 ], [ -88.707946, 39.799569, 0.0 ], [ -88.707892, 39.792268, 0.0 ], [ -88.587529, 39.792141, 0.0 ], [ -88.587184, 39.753988, 0.0 ], [ -88.58723, 39.732162, 0.0 ], [ -88.586449, 39.68094, 0.0 ], [ -88.585879, 39.600842, 0.0 ], [ -88.585766, 39.600757, 0.0 ], [ -88.585537, 39.589775, 0.0 ], [ -88.584986, 39.520714, 0.0 ], [ -88.594389, 39.520796, 0.0 ], [ -88.59383, 39.477016, 0.0 ], [ -88.584549, 39.476995, 0.0 ], [ -88.584262, 39.461664, 0.0 ], [ -88.584372, 39.460722, 0.0 ], [ -88.584279, 39.447589, 0.0 ], [ -88.545921, 39.447654, 0.0 ], [ -88.545434, 39.447494, 0.0 ], [ -88.49339, 39.447347, 0.0 ], [ -88.490348, 39.447158, 0.0 ], [ -88.470511, 39.447048, 0.0 ], [ -88.470357, 39.432636, 0.0 ], [ -88.470836, 39.374522, 0.0 ], [ -88.453175, 39.373645, 0.0 ], [ -88.43417, 39.374398, 0.0 ], [ -88.378392, 39.374186, 0.0 ], [ -88.378461, 39.361445, 0.0 ], [ -88.378452, 39.36119, 0.0 ], [ -88.378209, 39.361161, 0.0 ], [ -88.378049, 39.360891, 0.0 ], [ -88.37846, 39.359345, 0.0 ], [ -88.378551, 39.346792, 0.0 ], [ -88.378237, 39.272749, 0.0 ], [ -88.471145, 39.272975, 0.0 ], [ -88.470953, 39.2544, 0.0 ], [ -88.470937, 39.229516, 0.0 ], [ -88.471129, 39.222037, 0.0 ], [ -88.470917, 39.220421, 0.0 ], [ -88.470887, 39.218469, 0.0 ], [ -88.470871, 39.17147, 0.0 ], [ -88.467393, 39.171488, 0.0 ], [ -88.467221, 39.171299, 0.0 ], [ -88.467283, 39.162108, 0.0 ], [ -88.467178, 39.16091, 0.0 ], [ -88.467227, 39.1575, 0.0 ], [ -88.467442, 39.155652, 0.0 ], [ -88.467272, 39.139836, 0.0 ], [ -88.467446, 39.125048, 0.0 ], [ -88.46753, 39.086699, 0.0 ], [ -88.46812, 39.045365, 0.0 ], [ -88.468316, 39.041358, 0.0 ], [ -88.468429, 39.001058, 0.0 ], [ -88.468587, 39.000166, 0.0 ], [ -88.468649, 38.986686, 0.0 ], [ -88.468865, 38.986637, 0.0 ], [ -88.468874, 38.986306, 0.0 ], [ -88.46956, 38.939963, 0.0 ], [ -88.470237, 38.912903, 0.0 ], [ -88.521149, 38.91398, 0.0 ], [ -88.55801, 38.915034, 0.0 ], [ -88.579722, 38.915392, 0.0 ], [ -88.616246, 38.915338, 0.0 ], [ -88.634849, 38.915033, 0.0 ], [ -88.693537, 38.914624, 0.0 ], [ -88.692399, 38.98815, 0.0 ], [ -88.692343, 39.002558, 0.0 ], [ -88.806159, 38.99893, 0.0 ], [ -88.805694, 39.086343, 0.0 ], [ -88.805628, 39.129887, 0.0 ], [ -88.819293, 39.12993, 0.0 ], [ -88.819616, 39.129707, 0.0 ], [ -88.8244, 39.129699, 0.0 ], [ -88.842988, 39.129829, 0.0 ], [ -88.842953, 39.119769, 0.0 ], [ -88.843227, 39.119625, 0.0 ], [ -88.845981, 39.119829, 0.0 ], [ -88.847307, 39.119446, 0.0 ], [ -88.847578, 39.119181, 0.0 ], [ -88.847705, 39.112629, 0.0 ], [ -88.847565, 39.100683, 0.0 ], [ -88.851439, 39.100638, 0.0 ], [ -88.852266, 39.100275, 0.0 ], [ -88.852371, 39.099905, 0.0 ], [ -88.85224, 39.098608, 0.0 ], [ -88.852265, 39.093338, 0.0 ], [ -88.905835, 39.093342, 0.0 ], [ -88.915156, 39.086133, 0.0 ], [ -88.917884, 39.086124, 0.0 ], [ -88.918142, 39.086244, 0.0 ], [ -88.918354, 39.08031, 0.0 ], [ -88.918235, 39.074559, 0.0 ], [ -88.918978, 39.019518, 0.0 ], [ -88.91926, 39.001945, 0.0 ], [ -88.919426, 38.998987, 0.0 ], [ -88.937894, 38.9987, 0.0 ], [ -88.937846, 39.005819, 0.0 ], [ -88.938267, 39.005825, 0.0 ], [ -88.99672, 39.005052, 0.0 ], [ -89.0021, 39.005111, 0.0 ], [ -89.003629, 39.004956, 0.0 ], [ -89.028028, 39.004669, 0.0 ], [ -89.065821, 39.005227, 0.0 ], [ -89.065912, 38.997965, 0.0 ], [ -89.074707, 38.998046, 0.0 ], [ -89.078048, 38.998244, 0.0 ], [ -89.096815, 38.998611, 0.0 ], [ -89.138321, 38.999156, 0.0 ], [ -89.21753, 38.999099, 0.0 ], [ -89.221135, 38.999227, 0.0 ], [ -89.25037, 38.999038, 0.0 ], [ -89.250244, 39.028191, 0.0 ], [ -89.269011, 39.028387, 0.0 ], [ -89.359875, 39.027736, 0.0 ], [ -89.398224, 39.027868, 0.0 ], [ -89.417612, 39.027639, 0.0 ], [ -89.476058, 39.027787, 0.0 ], [ -89.548495, 39.028365, 0.0 ], [ -89.58635, 39.028336, 0.0 ], [ -89.586118, 39.013839, 0.0 ], [ -89.586098, 38.999463, 0.0 ], [ -89.639271, 38.999136, 0.0 ], [ -89.638653, 38.975812, 0.0 ], [ -89.638768, 38.975365, 0.0 ], [ -89.638649, 38.973867, 0.0 ], [ -89.638715, 38.963151, 0.0 ], [ -89.63846, 38.948501, 0.0 ], [ -89.638031, 38.933249, 0.0 ], [ -89.637055, 38.918371, 0.0 ], [ -89.637937, 38.918359, 0.0 ], [ -89.637176, 38.888821, 0.0 ], [ -89.636984, 38.874675, 0.0 ], [ -89.63688, 38.874285, 0.0 ], [ -89.628959, 38.874404, 0.0 ], [ -89.627564, 38.874144, 0.0 ], [ -89.627424, 38.874406, 0.0 ], [ -89.599599, 38.874537, 0.0 ], [ -89.599129, 38.830536, 0.0 ], [ -89.678388, 38.829805, 0.0 ], [ -89.708027, 38.82968, 0.0 ] ] ] } },
{ "type": "Feature", "properties": { "OID_": 0, "DISTRICT": "55", "STA": "IL", "ST": "17", "LABEL": "55", "DIST_NAME": "State Senate District 55", "TYPE": "State Legislature - Upper Chamber", "TYPE_ABB": "Leg_Upper", "ELECT_YEAR": "Enacted" }, "geometry": { "type": "Polygon", "coordinates": [ [ [ -87.964285, 38.236304, 0.0 ], [ -87.967562, 38.236736, 0.0 ], [ -87.968974, 38.237396, 0.0 ], [ -87.970206, 38.23863, 0.0 ], [ -87.970599, 38.240868, 0.0 ], [ -87.969953, 38.243361, 0.0 ], [ -87.970472, 38.244575, 0.0 ], [ -87.972265, 38.247046, 0.0 ], [ -87.981874, 38.256451, 0.0 ], [ -87.984711, 38.25796, 0.0 ], [ -87.986115, 38.258065, 0.0 ], [ -87.987109, 38.257738, 0.0 ], [ -87.987624, 38.257388, 0.0 ], [ -87.987917, 38.256964, 0.0 ], [ -87.989673, 38.257644, 0.0 ], [ -87.990662, 38.258238, 0.0 ], [ -87.990836, 38.258536, 0.0 ], [ -87.990634, 38.259636, 0.0 ], [ -88.027683, 38.259901, 0.0 ], [ -88.027755, 38.255668, 0.0 ], [ -88.150805, 38.256165, 0.0 ], [ -88.152066, 38.256059, 0.0 ], [ -88.173602, 38.256594, 0.0 ], [ -88.205928, 38.256559, 0.0 ], [ -88.233393, 38.257032, 0.0 ], [ -88.247075, 38.25708, 0.0 ], [ -88.249616, 38.258449, 0.0 ], [ -88.251874, 38.259388, 0.0 ], [ -88.254274, 38.260084, 0.0 ], [ -88.256766, 38.260526, 0.0 ], [ -88.259952, 38.26071, 0.0 ], [ -88.279896, 38.259787, 0.0 ], [ -88.28254, 38.259891, 0.0 ], [ -88.286732, 38.26064, 0.0 ], [ -88.296567, 38.263607, 0.0 ], [ -88.314901, 38.266196, 0.0 ], [ -88.324769, 38.266348, 0.0 ], [ -88.333244, 38.267492, 0.0 ], [ -88.335799, 38.267615, 0.0 ], [ -88.33889, 38.267414, 0.0 ], [ -88.347764, 38.265954, 0.0 ], [ -88.347905, 38.267639, 0.0 ], [ -88.348377, 38.269337, 0.0 ], [ -88.349317, 38.271084, 0.0 ], [ -88.351198, 38.273629, 0.0 ], [ -88.351613, 38.274573, 0.0 ], [ -88.351859, 38.275859, 0.0 ], [ -88.351125, 38.301419, 0.0 ], [ -88.351107, 38.309474, 0.0 ], [ -88.35144, 38.310291, 0.0 ], [ -88.352092, 38.310998, 0.0 ], [ -88.359041, 38.31574, 0.0 ], [ -88.35963, 38.316284, 0.0 ], [ -88.360081, 38.317073, 0.0 ], [ -88.360198, 38.317618, 0.0 ], [ -88.360216, 38.342968, 0.0 ], [ -88.369252, 38.342983, 0.0 ], [ -88.369047, 38.357768, 0.0 ], [ -88.373256, 38.35776, 0.0 ], [ -88.373202, 38.354091, 0.0 ], [ -88.40625, 38.354111, 0.0 ], [ -88.40613, 38.376932, 0.0 ], [ -88.407391, 38.375816, 0.0 ], [ -88.406501, 38.377389, 0.0 ], [ -88.405007, 38.378493, 0.0 ], [ -88.405365, 38.378669, 0.0 ], [ -88.4058, 38.379376, 0.0 ], [ -88.405728, 38.38408, 0.0 ], [ -88.404077, 38.438568, 0.0 ], [ -88.403091, 38.438638, 0.0 ], [ -88.402723, 38.438874, 0.0 ], [ -88.401881, 38.438821, 0.0 ], [ -88.401859, 38.439301, 0.0 ], [ -88.401879, 38.440083, 0.0 ], [ -88.402916, 38.440123, 0.0 ], [ -88.402886, 38.441657, 0.0 ], [ -88.401858, 38.441648, 0.0 ], [ -88.401848, 38.442536, 0.0 ], [ -88.402899, 38.442557, 0.0 ], [ -88.402881, 38.444312, 0.0 ], [ -88.403975, 38.444445, 0.0 ], [ -88.403303, 38.471763, 0.0 ], [ -88.471171, 38.472639, 0.0 ], [ -88.490216, 38.472514, 0.0 ], [ -88.499463, 38.473116, 0.0 ], [ -88.52765, 38.474092, 0.0 ], [ -88.574422, 38.476047, 0.0 ], [ -88.587354, 38.476432, 0.0 ], [ -88.604025, 38.476369, 0.0 ], [ -88.6246, 38.476058, 0.0 ], [ -88.659742, 38.4752, 0.0 ], [ -88.673192, 38.475205, 0.0 ], [ -88.698967, 38.474921, 0.0 ], [ -88.713054, 38.475014, 0.0 ], [ -88.736451, 38.475526, 0.0 ], [ -88.82927, 38.475895, 0.0 ], [ -88.922434, 38.476976, 0.0 ], [ -89.016729, 38.474519, 0.0 ], [ -89.033161, 38.47397, 0.0 ], [ -89.070141, 38.474248, 0.0 ], [ -89.097981, 38.474235, 0.0 ], [ -89.144394, 38.473885, 0.0 ], [ -89.143872, 38.503096, 0.0 ], [ -89.181011, 38.505042, 0.0 ], [ -89.218096, 38.506492, 0.0 ], [ -89.254891, 38.508563, 0.0 ], [ -89.254114, 38.56686, 0.0 ], [ -89.346955, 38.566372, 0.0 ], [ -89.359055, 38.566188, 0.0 ], [ -89.358783, 38.56598, 0.0 ], [ -89.372625, 38.565769, 0.0 ], [ -89.372631, 38.565935, 0.0 ], [ -89.380046, 38.565922, 0.0 ], [ -89.380788, 38.565641, 0.0 ], [ -89.381662, 38.565846, 0.0 ], [ -89.386124, 38.565559, 0.0 ], [ -89.391905, 38.565481, 0.0 ], [ -89.396083, 38.565467, 0.0 ], [ -89.396086, 38.565753, 0.0 ], [ -89.405402, 38.565506, 0.0 ], [ -89.41113, 38.565596, 0.0 ], [ -89.443511, 38.565354, 0.0 ], [ -89.464745, 38.565404, 0.0 ], [ -89.467149, 38.565424, 0.0 ], [ -89.467654, 38.565574, 0.0 ], [ -89.479568, 38.565642, 0.0 ], [ -89.479429, 38.521874, 0.0 ], [ -89.478603, 38.471269, 0.0 ], [ -89.478126, 38.471383, 0.0 ], [ -89.477657, 38.414315, 0.0 ], [ -89.477845, 38.413651, 0.0 ], [ -89.478293, 38.413163, 0.0 ], [ -89.478885, 38.412858, 0.0 ], [ -89.479692, 38.412731, 0.0 ], [ -89.477647, 38.412668, 0.0 ], [ -89.477391, 38.398073, 0.0 ], [ -89.491972, 38.398471, 0.0 ], [ -89.492001, 38.39966, 0.0 ], [ -89.494842, 38.399736, 0.0 ], [ -89.494856, 38.399458, 0.0 ], [ -89.495711, 38.39948, 0.0 ], [ -89.495761, 38.391301, 0.0 ], [ -89.531285, 38.392095, 0.0 ], [ -89.568625, 38.393257, 0.0 ], [ -89.57884, 38.393403, 0.0 ], [ -89.593135, 38.393546, 0.0 ], [ -89.641569, 38.392942, 0.0 ], [ -89.641654, 38.401298, 0.0 ], [ -89.649692, 38.401234, 0.0 ], [ -89.649712, 38.392887, 0.0 ], [ -89.685549, 38.392686, 0.0 ], [ -89.704138, 38.392782, 0.0 ], [ -89.70423, 38.407565, 0.0 ], [ -89.774449, 38.40801, 0.0 ], [ -89.776917, 38.405663, 0.0 ], [ -89.777422, 38.405357, 0.0 ], [ -89.778233, 38.405234, 0.0 ], [ -89.780403, 38.406162, 0.0 ], [ -89.781844, 38.407234, 0.0 ], [ -89.781113, 38.393972, 0.0 ], [ -89.817207, 38.394384, 0.0 ], [ -89.816995, 38.41746, 0.0 ], [ -89.816785, 38.419855, 0.0 ], [ -89.817427, 38.453586, 0.0 ], [ -89.817633, 38.481761, 0.0 ], [ -89.800513, 38.481426, 0.0 ], [ -89.794577, 38.481475, 0.0 ], [ -89.793738, 38.482098, 0.0 ], [ -89.793738, 38.485114, 0.0 ], [ -89.792509, 38.485107, 0.0 ], [ -89.792509, 38.491718, 0.0 ], [ -89.791281, 38.491714, 0.0 ], [ -89.791296, 38.493644, 0.0 ], [ -89.792471, 38.493648, 0.0 ], [ -89.792446, 38.496016, 0.0 ], [ -89.792731, 38.496242, 0.0 ], [ -89.793669, 38.496116, 0.0 ], [ -89.79302, 38.498355, 0.0 ], [ -89.79286, 38.499804, 0.0 ], [ -89.793028, 38.514004, 0.0 ], [ -89.793807, 38.513976, 0.0 ], [ -89.793734, 38.514414, 0.0 ], [ -89.793033, 38.51441, 0.0 ], [ -89.793189, 38.526916, 0.0 ], [ -89.793394, 38.528438, 0.0 ], [ -89.794567, 38.532802, 0.0 ], [ -89.793706, 38.532782, 0.0 ], [ -89.793317, 38.545226, 0.0 ], [ -89.793302, 38.552463, 0.0 ], [ -89.7938, 38.554097, 0.0 ], [ -89.79416, 38.567362, 0.0 ], [ -89.795416, 38.567362, 0.0 ], [ -89.795404, 38.568396, 0.0 ], [ -89.77825, 38.568115, 0.0 ], [ -89.761486, 38.568227, 0.0 ], [ -89.761419, 38.582802, 0.0 ], [ -89.779784, 38.583001, 0.0 ], [ -89.77986, 38.603767, 0.0 ], [ -89.779776, 38.611955, 0.0 ], [ -89.760849, 38.611945, 0.0 ], [ -89.760859, 38.655298, 0.0 ], [ -89.777482, 38.655481, 0.0 ], [ -89.777833, 38.655145, 0.0 ], [ -89.778531, 38.653828, 0.0 ], [ -89.77932, 38.654249, 0.0 ], [ -89.779609, 38.654198, 0.0 ], [ -89.779885, 38.653908, 0.0 ], [ -89.780641, 38.653764, 0.0 ], [ -89.781186, 38.653923, 0.0 ], [ -89.782365, 38.6538, 0.0 ], [ -89.782994, 38.65418, 0.0 ], [ -89.783603, 38.653637, 0.0 ], [ -89.784856, 38.653939, 0.0 ], [ -89.787377, 38.65327, 0.0 ], [ -89.788315, 38.652754, 0.0 ], [ -89.788161, 38.652425, 0.0 ], [ -89.788413, 38.652063, 0.0 ], [ -89.789099, 38.652008, 0.0 ], [ -89.789323, 38.651514, 0.0 ], [ -89.790184, 38.651332, 0.0 ], [ -89.790314, 38.655575, 0.0 ], [ -89.808836, 38.655733, 0.0 ], [ -89.808241, 38.639148, 0.0 ], [ -89.807539, 38.626838, 0.0 ], [ -89.807574, 38.619028, 0.0 ], [ -89.811298, 38.619228, 0.0 ], [ -89.812358, 38.619087, 0.0 ], [ -89.814125, 38.618458, 0.0 ], [ -89.813387, 38.617343, 0.0 ], [ -89.815687, 38.617256, 0.0 ], [ -89.816052, 38.617343, 0.0 ], [ -89.817249, 38.618402, 0.0 ], [ -89.817614, 38.618526, 0.0 ], [ -89.81861, 38.619866, 0.0 ], [ -89.818606, 38.616109, 0.0 ], [ -89.819243, 38.616119, 0.0 ], [ -89.819235, 38.612361, 0.0 ], [ -89.827678, 38.612412, 0.0 ], [ -89.827768, 38.611999, 0.0 ], [ -89.827869, 38.608818, 0.0 ], [ -89.825616, 38.608796, 0.0 ], [ -89.82554, 38.60518, 0.0 ], [ -89.827868, 38.605205, 0.0 ], [ -89.827884, 38.601121, 0.0 ], [ -89.825857, 38.601114, 0.0 ], [ -89.825796, 38.600541, 0.0 ], [ -89.824503, 38.600536, 0.0 ], [ -89.824506, 38.599848, 0.0 ], [ -89.823526, 38.599988, 0.0 ], [ -89.823505, 38.598342, 0.0 ], [ -89.820603, 38.598406, 0.0 ], [ -89.82132, 38.597683, 0.0 ], [ -89.821717, 38.597545, 0.0 ], [ -89.824275, 38.597261, 0.0 ], [ -89.825806, 38.596706, 0.0 ], [ -89.827968, 38.596764, 0.0 ], [ -89.827907, 38.594502, 0.0 ], [ -89.818607, 38.594306, 0.0 ], [ -89.818601, 38.59418, 0.0 ], [ -89.831847, 38.594402, 0.0 ], [ -89.834799, 38.594241, 0.0 ], [ -89.837009, 38.593869, 0.0 ], [ -89.849821, 38.59082, 0.0 ], [ -89.853178, 38.590282, 0.0 ], [ -89.853341, 38.590684, 0.0 ], [ -89.85386, 38.591001, 0.0 ], [ -89.864902, 38.59143, 0.0 ], [ -89.864828, 38.593038, 0.0 ], [ -89.861707, 38.594949, 0.0 ], [ -89.864874, 38.595064, 0.0 ], [ -89.864876, 38.594763, 0.0 ], [ -89.86773, 38.592406, 0.0 ], [ -89.869441, 38.592464, 0.0 ], [ -89.869439, 38.598853, 0.0 ], [ -89.864847, 38.598667, 0.0 ], [ -89.864729, 38.604739, 0.0 ], [ -89.864773, 38.605164, 0.0 ], [ -89.86557, 38.605199, 0.0 ], [ -89.865602, 38.604626, 0.0 ], [ -89.867312, 38.604595, 0.0 ], [ -89.867307, 38.604734, 0.0 ], [ -89.867685, 38.604877, 0.0 ], [ -89.868513, 38.604963, 0.0 ], [ -89.869456, 38.605634, 0.0 ], [ -89.870142, 38.605875, 0.0 ], [ -89.870167, 38.606158, 0.0 ], [ -89.869438, 38.606121, 0.0 ], [ -89.869429, 38.610231, 0.0 ], [ -89.874082, 38.610437, 0.0 ], [ -89.873999, 38.59941, 0.0 ], [ -89.892488, 38.599312, 0.0 ], [ -89.892401, 38.614141, 0.0 ], [ -89.910833, 38.614241, 0.0 ], [ -89.910704, 38.62719, 0.0 ], [ -89.911413, 38.627409, 0.0 ], [ -89.913581, 38.629131, 0.0 ], [ -89.913582, 38.628976, 0.0 ], [ -89.921146, 38.629036, 0.0 ], [ -89.921164, 38.627308, 0.0 ], [ -89.922304, 38.627167, 0.0 ], [ -89.924185, 38.626095, 0.0 ], [ -89.924516, 38.626091, 0.0 ], [ -89.923665, 38.625194, 0.0 ], [ -89.925409, 38.624439, 0.0 ], [ -89.925794, 38.623813, 0.0 ], [ -89.926717, 38.623105, 0.0 ], [ -89.928202, 38.62279, 0.0 ], [ -89.927786, 38.623347, 0.0 ], [ -89.928308, 38.624377, 0.0 ], [ -89.928313, 38.629501, 0.0 ], [ -89.928933, 38.63082, 0.0 ], [ -89.929265, 38.632458, 0.0 ], [ -89.929221, 38.632823, 0.0 ], [ -89.928816, 38.632736, 0.0 ], [ -89.928808, 38.649242, 0.0 ], [ -89.928778, 38.649669, 0.0 ], [ -89.928406, 38.650378, 0.0 ], [ -89.928406, 38.657714, 0.0 ], [ -89.947299, 38.657983, 0.0 ], [ -89.947389, 38.659346, 0.0 ], [ -89.947242, 38.661421, 0.0 ], [ -89.947431, 38.661674, 0.0 ], [ -89.956338, 38.66173, 0.0 ], [ -89.956504, 38.661838, 0.0 ], [ -89.957143, 38.663432, 0.0 ], [ -89.957912, 38.664311, 0.0 ], [ -89.95821, 38.665044, 0.0 ], [ -89.960131, 38.664999, 0.0 ], [ -89.960869, 38.665133, 0.0 ], [ -89.963539, 38.668428, 0.0 ], [ -89.965862, 38.669792, 0.0 ], [ -89.966764, 38.6719, 0.0 ], [ -89.96804, 38.673344, 0.0 ], [ -89.968174, 38.674594, 0.0 ], [ -89.966989, 38.674907, 0.0 ], [ -89.965983, 38.67491, 0.0 ], [ -89.965634, 38.674719, 0.0 ], [ -89.965253, 38.675055, 0.0 ], [ -89.964576, 38.674946, 0.0 ], [ -89.964287, 38.674327, 0.0 ], [ -89.96406, 38.674808, 0.0 ], [ -89.962877, 38.674595, 0.0 ], [ -89.961625, 38.674716, 0.0 ], [ -89.961233, 38.674985, 0.0 ], [ -89.960264, 38.674466, 0.0 ], [ -89.959583, 38.675093, 0.0 ], [ -89.958434, 38.675492, 0.0 ], [ -89.957377, 38.674874, 0.0 ], [ -89.956294, 38.675233, 0.0 ], [ -89.955122, 38.675125, 0.0 ], [ -89.954462, 38.675591, 0.0 ], [ -89.953779, 38.675545, 0.0 ], [ -89.953527, 38.675895, 0.0 ], [ -89.952916, 38.676103, 0.0 ], [ -89.951916, 38.677132, 0.0 ], [ -89.951345, 38.677419, 0.0 ], [ -89.950559, 38.67895, 0.0 ], [ -89.950857, 38.681625, 0.0 ], [ -89.951273, 38.683146, 0.0 ], [ -89.951863, 38.683948, 0.0 ], [ -89.951638, 38.684266, 0.0 ], [ -89.952001, 38.686017, 0.0 ], [ -89.952738, 38.68718, 0.0 ], [ -89.953138, 38.687378, 0.0 ], [ -89.953185, 38.687771, 0.0 ], [ -89.95349, 38.68795, 0.0 ], [ -89.953496, 38.689454, 0.0 ], [ -89.953292, 38.689451, 0.0 ], [ -89.952906, 38.691486, 0.0 ], [ -89.951536, 38.693581, 0.0 ], [ -89.95234, 38.694223, 0.0 ], [ -89.954972, 38.693904, 0.0 ], [ -89.956664, 38.696406, 0.0 ], [ -89.957391, 38.698431, 0.0 ], [ -89.956662, 38.698542, 0.0 ], [ -89.956703, 38.701759, 0.0 ], [ -89.960968, 38.701956, 0.0 ], [ -89.960521, 38.702653, 0.0 ], [ -89.960084, 38.703889, 0.0 ], [ -89.956769, 38.715021, 0.0 ], [ -89.956526, 38.716475, 0.0 ], [ -89.956503, 38.718979, 0.0 ], [ -89.955428, 38.719734, 0.0 ], [ -89.953512, 38.722816, 0.0 ], [ -89.952695, 38.723761, 0.0 ], [ -89.948795, 38.726716, 0.0 ], [ -89.947293, 38.727654, 0.0 ], [ -89.940978, 38.730026, 0.0 ], [ -89.935158, 38.730995, 0.0 ], [ -89.935177, 38.736953, 0.0 ], [ -89.934917, 38.73787, 0.0 ], [ -89.947426, 38.738168, 0.0 ], [ -89.947342, 38.740515, 0.0 ], [ -89.947145, 38.740509, 0.0 ], [ -89.947075, 38.742037, 0.0 ], [ -89.947143, 38.744967, 0.0 ], [ -89.928717, 38.745032, 0.0 ], [ -89.92839, 38.793039, 0.0 ], [ -89.928125, 38.793298, 0.0 ], [ -89.928544, 38.793556, 0.0 ], [ -89.928343, 38.79408, 0.0 ], [ -89.928206, 38.795828, 0.0 ], [ -89.928536, 38.795949, 0.0 ], [ -89.928356, 38.796752, 0.0 ], [ -89.928294, 38.802372, 0.0 ], [ -89.92844, 38.802569, 0.0 ], [ -89.928139, 38.803447, 0.0 ], [ -89.928364, 38.803465, 0.0 ], [ -89.928349, 38.804135, 0.0 ], [ -89.928572, 38.804824, 0.0 ], [ -89.927947, 38.806033, 0.0 ], [ -89.928584, 38.806281, 0.0 ], [ -89.927932, 38.80715, 0.0 ], [ -89.928574, 38.807494, 0.0 ], [ -89.928178, 38.807962, 0.0 ], [ -89.928285, 38.808134, 0.0 ], [ -89.928059, 38.817868, 0.0 ], [ -89.92818, 38.818253, 0.0 ], [ -89.928037, 38.832084, 0.0 ], [ -89.821647, 38.830418, 0.0 ], [ -89.776698, 38.829938, 0.0 ], [ -89.706514, 38.829683, 0.0 ], [ -89.633527, 38.83016, 0.0 ], [ -89.599129, 38.830536, 0.0 ], [ -89.599599, 38.874537, 0.0 ], [ -89.627424, 38.874406, 0.0 ], [ -89.627564, 38.874144, 0.0 ], [ -89.628959, 38.874404, 0.0 ], [ -89.63688, 38.874285, 0.0 ], [ -89.636984, 38.874675, 0.0 ], [ -89.637176, 38.888821, 0.0 ], [ -89.637937, 38.918359, 0.0 ], [ -89.637055, 38.918371, 0.0 ], [ -89.638031, 38.933249, 0.0 ], [ -89.63846, 38.948501, 0.0 ], [ -89.638715, 38.963151, 0.0 ], [ -89.638649, 38.973867, 0.0 ], [ -89.638768, 38.975365, 0.0 ], [ -89.638653, 38.975812, 0.0 ], [ -89.639271, 38.999136, 0.0 ], [ -89.586098, 38.999463, 0.0 ], [ -89.586118, 39.013839, 0.0 ], [ -89.58635, 39.028336, 0.0 ], [ -89.548495, 39.028365, 0.0 ], [ -89.476058, 39.027787, 0.0 ], [ -89.417612, 39.027639, 0.0 ], [ -89.398224, 39.027868, 0.0 ], [ -89.359875, 39.027736, 0.0 ], [ -89.269011, 39.028387, 0.0 ], [ -89.250244, 39.028191, 0.0 ], [ -89.25037, 38.999038, 0.0 ], [ -89.221135, 38.999227, 0.0 ], [ -89.21753, 38.999099, 0.0 ], [ -89.138321, 38.999156, 0.0 ], [ -89.096815, 38.998611, 0.0 ], [ -89.078048, 38.998244, 0.0 ], [ -89.074707, 38.998046, 0.0 ], [ -89.065912, 38.997965, 0.0 ], [ -89.065821, 39.005227, 0.0 ], [ -89.028028, 39.004669, 0.0 ], [ -89.003629, 39.004956, 0.0 ], [ -89.0021, 39.005111, 0.0 ], [ -88.99672, 39.005052, 0.0 ], [ -88.938267, 39.005825, 0.0 ], [ -88.937846, 39.005819, 0.0 ], [ -88.937894, 38.9987, 0.0 ], [ -88.919426, 38.998987, 0.0 ], [ -88.91926, 39.001945, 0.0 ], [ -88.918978, 39.019518, 0.0 ], [ -88.918235, 39.074559, 0.0 ], [ -88.918354, 39.08031, 0.0 ], [ -88.918142, 39.086244, 0.0 ], [ -88.917884, 39.086124, 0.0 ], [ -88.915156, 39.086133, 0.0 ], [ -88.905835, 39.093342, 0.0 ], [ -88.852265, 39.093338, 0.0 ], [ -88.85224, 39.098608, 0.0 ], [ -88.852371, 39.099905, 0.0 ], [ -88.852266, 39.100275, 0.0 ], [ -88.851439, 39.100638, 0.0 ], [ -88.847565, 39.100683, 0.0 ], [ -88.847705, 39.112629, 0.0 ], [ -88.847578, 39.119181, 0.0 ], [ -88.847307, 39.119446, 0.0 ], [ -88.845981, 39.119829, 0.0 ], [ -88.843227, 39.119625, 0.0 ], [ -88.842953, 39.119769, 0.0 ], [ -88.842988, 39.129829, 0.0 ], [ -88.8244, 39.129699, 0.0 ], [ -88.819616, 39.129707, 0.0 ], [ -88.819293, 39.12993, 0.0 ], [ -88.805628, 39.129887, 0.0 ], [ -88.805694, 39.086343, 0.0 ], [ -88.806159, 38.99893, 0.0 ], [ -88.692343, 39.002558, 0.0 ], [ -88.692399, 38.98815, 0.0 ], [ -88.693537, 38.914624, 0.0 ], [ -88.634849, 38.915033, 0.0 ], [ -88.616246, 38.915338, 0.0 ], [ -88.579722, 38.915392, 0.0 ], [ -88.55801, 38.915034, 0.0 ], [ -88.521149, 38.91398, 0.0 ], [ -88.470237, 38.912903, 0.0 ], [ -88.46956, 38.939963, 0.0 ], [ -88.468874, 38.986306, 0.0 ], [ -88.468865, 38.986637, 0.0 ], [ -88.468649, 38.986686, 0.0 ], [ -88.468587, 39.000166, 0.0 ], [ -88.468429, 39.001058, 0.0 ], [ -88.408778, 39.001054, 0.0 ], [ -88.362785, 39.001236, 0.0 ], [ -88.361751, 38.910854, 0.0 ], [ -88.361721, 38.893649, 0.0 ], [ -88.361986, 38.881627, 0.0 ], [ -88.361764, 38.852131, 0.0 ], [ -88.289601, 38.848678, 0.0 ], [ -88.286401, 38.848666, 0.0 ], [ -88.277663, 38.848166, 0.0 ], [ -88.258344, 38.847504, 0.0 ], [ -88.206998, 38.847219, 0.0 ], [ -88.18515, 38.846892, 0.0 ], [ -88.150271, 38.84696, 0.0 ], [ -88.075888, 38.849003, 0.0 ], [ -88.048519, 38.849571, 0.0 ], [ -88.046916, 38.849424, 0.0 ], [ -88.03832, 38.849621, 0.0 ], [ -88.038315, 38.849863, 0.0 ], [ -88.023995, 38.849721, 0.0 ], [ -88.023347, 38.849733, 0.0 ], [ -88.023343, 38.849874, 0.0 ], [ -88.003794, 38.849881, 0.0 ], [ -87.983524, 38.849593, 0.0 ], [ -87.949922, 38.850254, 0.0 ], [ -87.908119, 38.850114, 0.0 ], [ -87.908489, 38.782107, 0.0 ], [ -87.908892, 38.749939, 0.0 ], [ -87.910008, 38.592879, 0.0 ], [ -87.909853, 38.590002, 0.0 ], [ -87.910064, 38.588441, 0.0 ], [ -87.910264, 38.575081, 0.0 ], [ -87.912278, 38.570815, 0.0 ], [ -87.912292, 38.570111, 0.0 ], [ -87.864753, 38.569882, 0.0 ], [ -87.855322, 38.570017, 0.0 ], [ -87.817747, 38.569605, 0.0 ], [ -87.813207, 38.569311, 0.0 ], [ -87.77875, 38.569103, 0.0 ], [ -87.741343, 38.568477, 0.0 ], [ -87.658693, 38.568071, 0.0 ], [ -87.654317, 38.568068, 0.0 ], [ -87.654216, 38.568307, 0.0 ], [ -87.651534, 38.568173, 0.0 ], [ -87.652453, 38.566035, 0.0 ], [ -87.652743, 38.565046, 0.0 ], [ -87.65275, 38.564466, 0.0 ], [ -87.652519, 38.563287, 0.0 ], [ -87.650996, 38.560343, 0.0 ], [ -87.650219, 38.558428, 0.0 ], [ -87.650146, 38.557742, 0.0 ], [ -87.650709, 38.556247, 0.0 ], [ -87.652004, 38.555216, 0.0 ], [ -87.662406, 38.551344, 0.0 ], [ -87.66544, 38.549953, 0.0 ], [ -87.668455, 38.547748, 0.0 ], [ -87.669225, 38.546819, 0.0 ], [ -87.670076, 38.545244, 0.0 ], [ -87.670089, 38.54414, 0.0 ], [ -87.669588, 38.542388, 0.0 ], [ -87.668793, 38.541085, 0.0 ], [ -87.660983, 38.532152, 0.0 ], [ -87.660757, 38.530499, 0.0 ], [ -87.659733, 38.527873, 0.0 ], [ -87.659481, 38.526718, 0.0 ], [ -87.655785, 38.521213, 0.0 ], [ -87.654596, 38.520335, 0.0 ], [ -87.652924, 38.519566, 0.0 ], [ -87.647724, 38.516284, 0.0 ], [ -87.646231, 38.515097, 0.0 ], [ -87.645758, 38.514433, 0.0 ], [ -87.645376, 38.513842, 0.0 ], [ -87.645155, 38.512656, 0.0 ], [ -87.645123, 38.511116, 0.0 ], [ -87.645815, 38.509089, 0.0 ], [ -87.646724, 38.507774, 0.0 ], [ -87.648355, 38.506068, 0.0 ], [ -87.650097, 38.504613, 0.0 ], [ -87.651296, 38.503839, 0.0 ], [ -87.65237, 38.503226, 0.0 ], [ -87.655029, 38.502163, 0.0 ], [ -87.655842, 38.501903, 0.0 ], [ -87.65767, 38.501697, 0.0 ], [ -87.659535, 38.501798, 0.0 ], [ -87.663706, 38.502938, 0.0 ], [ -87.665487, 38.504038, 0.0 ], [ -87.669816, 38.507185, 0.0 ], [ -87.670714, 38.507545, 0.0 ], [ -87.671903, 38.507618, 0.0 ], [ -87.672387, 38.507403, 0.0 ], [ -87.673837, 38.506268, 0.0 ], [ -87.674244, 38.505731, 0.0 ], [ -87.676808, 38.500662, 0.0 ], [ -87.677412, 38.500054, 0.0 ], [ -87.678379, 38.498445, 0.0 ], [ -87.682329, 38.494625, 0.0 ], [ -87.685926, 38.49185, 0.0 ], [ -87.693193, 38.488045, 0.0 ], [ -87.697657, 38.48611, 0.0 ], [ -87.708059, 38.482196, 0.0 ], [ -87.711563, 38.480631, 0.0 ], [ -87.714052, 38.479887, 0.0 ], [ -87.719925, 38.479498, 0.0 ], [ -87.728018, 38.479863, 0.0 ], [ -87.73005, 38.480261, 0.0 ], [ -87.734651, 38.480085, 0.0 ], [ -87.740029, 38.47923, 0.0 ], [ -87.744649, 38.477273, 0.0 ], [ -87.750033, 38.471434, 0.0 ], [ -87.751905, 38.468494, 0.0 ], [ -87.754673, 38.465076, 0.0 ], [ -87.756184, 38.462545, 0.0 ], [ -87.756719, 38.460306, 0.0 ], [ -87.75683, 38.458509, 0.0 ], [ -87.756539, 38.456951, 0.0 ], [ -87.755936, 38.455883, 0.0 ], [ -87.754839, 38.455183, 0.0 ], [ -87.752831, 38.454422, 0.0 ], [ -87.751482, 38.45422, 0.0 ], [ -87.750031, 38.454187, 0.0 ], [ -87.74948, 38.454424, 0.0 ], [ -87.748434, 38.454536, 0.0 ], [ -87.745393, 38.45463, 0.0 ], [ -87.743904, 38.455004, 0.0 ], [ -87.74053, 38.454723, 0.0 ], [ -87.73932, 38.454171, 0.0 ], [ -87.735734, 38.452993, 0.0 ], [ -87.733223, 38.451832, 0.0 ], [ -87.731979, 38.450787, 0.0 ], [ -87.730825, 38.449235, 0.0 ], [ -87.730374, 38.447891, 0.0 ], [ -87.730139, 38.446525, 0.0 ], [ -87.730704, 38.442915, 0.0 ], [ -87.732854, 38.4414, 0.0 ], [ -87.734612, 38.440883, 0.0 ], [ -87.738817, 38.438936, 0.0 ], [ -87.739772, 38.437984, 0.0 ], [ -87.740399, 38.437086, 0.0 ], [ -87.741045, 38.435583, 0.0 ], [ -87.742833, 38.427342, 0.0 ], [ -87.743777, 38.413122, 0.0 ], [ -87.745259, 38.409003, 0.0 ], [ -87.750035, 38.403034, 0.0 ], [ -87.75411, 38.398994, 0.0 ], [ -87.757312, 38.394853, 0.0 ], [ -87.761684, 38.390299, 0.0 ], [ -87.763123, 38.388533, 0.0 ], [ -87.765747, 38.385936, 0.0 ], [ -87.769726, 38.380702, 0.0 ], [ -87.775375, 38.375053, 0.0 ], [ -87.780001, 38.370849, 0.0 ], [ -87.783084, 38.368869, 0.0 ], [ -87.786098, 38.367656, 0.0 ], [ -87.790256, 38.366709, 0.0 ], [ -87.795446, 38.366124, 0.0 ], [ -87.799621, 38.364903, 0.0 ], [ -87.801991, 38.364599, 0.0 ], [ -87.80358, 38.364195, 0.0 ], [ -87.80608, 38.36315, 0.0 ], [ -87.808327, 38.361134, 0.0 ], [ -87.81102, 38.357946, 0.0 ], [ -87.811892, 38.356378, 0.0 ], [ -87.813796, 38.353799, 0.0 ], [ -87.818151, 38.350474, 0.0 ], [ -87.820054, 38.349244, 0.0 ], [ -87.822726, 38.346919, 0.0 ], [ -87.824176, 38.344535, 0.0 ], [ -87.825818, 38.338323, 0.0 ], [ -87.826488, 38.336638, 0.0 ], [ -87.828765, 38.332008, 0.0 ], [ -87.829994, 38.329936, 0.0 ], [ -87.831401, 38.328093, 0.0 ], [ -87.832427, 38.325986, 0.0 ], [ -87.832728, 38.32486, 0.0 ], [ -87.833482, 38.319562, 0.0 ], [ -87.833349, 38.315656, 0.0 ], [ -87.831853, 38.308163, 0.0 ], [ -87.831141, 38.306821, 0.0 ], [ -87.830854, 38.305615, 0.0 ], [ -87.830719, 38.30308, 0.0 ], [ -87.830958, 38.299372, 0.0 ], [ -87.831528, 38.296734, 0.0 ], [ -87.833939, 38.290621, 0.0 ], [ -87.8365, 38.285493, 0.0 ], [ -87.838984, 38.282334, 0.0 ], [ -87.840989, 38.280112, 0.0 ], [ -87.843455, 38.278179, 0.0 ], [ -87.845942, 38.276674, 0.0 ], [ -87.849193, 38.27555, 0.0 ], [ -87.851135, 38.275127, 0.0 ], [ -87.85661, 38.275529, 0.0 ], [ -87.859656, 38.276718, 0.0 ], [ -87.861779, 38.278644, 0.0 ], [ -87.863037, 38.280179, 0.0 ], [ -87.865527, 38.286088, 0.0 ], [ -87.866037, 38.28783, 0.0 ], [ -87.866253, 38.289987, 0.0 ], [ -87.86584, 38.292038, 0.0 ], [ -87.864817, 38.295396, 0.0 ], [ -87.861791, 38.300008, 0.0 ], [ -87.860458, 38.30312, 0.0 ], [ -87.860458, 38.305379, 0.0 ], [ -87.861125, 38.307833, 0.0 ], [ -87.863116, 38.30983, 0.0 ], [ -87.864277, 38.31071, 0.0 ], [ -87.86597, 38.31146, 0.0 ], [ -87.867271, 38.311987, 0.0 ], [ -87.868892, 38.312284, 0.0 ], [ -87.870543, 38.312227, 0.0 ], [ -87.872902, 38.311413, 0.0 ], [ -87.87567, 38.309938, 0.0 ], [ -87.878309, 38.307856, 0.0 ], [ -87.879395, 38.306514, 0.0 ], [ -87.880854, 38.303732, 0.0 ], [ -87.881593, 38.300182, 0.0 ], [ -87.882771, 38.296646, 0.0 ], [ -87.884284, 38.294244, 0.0 ], [ -87.885152, 38.292487, 0.0 ], [ -87.885769, 38.28896, 0.0 ], [ -87.886458, 38.287016, 0.0 ], [ -87.887855, 38.285306, 0.0 ], [ -87.889065, 38.284385, 0.0 ], [ -87.890949, 38.283391, 0.0 ], [ -87.892436, 38.282861, 0.0 ], [ -87.894566, 38.281797, 0.0 ], [ -87.897073, 38.280141, 0.0 ], [ -87.897809, 38.279489, 0.0 ], [ -87.903722, 38.272766, 0.0 ], [ -87.906847, 38.269641, 0.0 ], [ -87.908548, 38.268588, 0.0 ], [ -87.910126, 38.268115, 0.0 ], [ -87.911116, 38.268038, 0.0 ], [ -87.914087, 38.268316, 0.0 ], [ -87.916131, 38.269091, 0.0 ], [ -87.917098, 38.269708, 0.0 ], [ -87.917621, 38.270085, 0.0 ], [ -87.9188, 38.271923, 0.0 ], [ -87.919222, 38.272808, 0.0 ], [ -87.919476, 38.274554, 0.0 ], [ -87.919298, 38.275915, 0.0 ], [ -87.917717, 38.279358, 0.0 ], [ -87.913698, 38.284522, 0.0 ], [ -87.912032, 38.28702, 0.0 ], [ -87.908535, 38.290964, 0.0 ], [ -87.908, 38.292338, 0.0 ], [ -87.907872, 38.293183, 0.0 ], [ -87.908014, 38.293774, 0.0 ], [ -87.909542, 38.296068, 0.0 ], [ -87.9114, 38.297583, 0.0 ], [ -87.914819, 38.299012, 0.0 ], [ -87.916495, 38.299379, 0.0 ], [ -87.921429, 38.29935, 0.0 ], [ -87.922839, 38.299205, 0.0 ], [ -87.924979, 38.298666, 0.0 ], [ -87.928797, 38.297267, 0.0 ], [ -87.931879, 38.296505, 0.0 ], [ -87.933562, 38.295903, 0.0 ], [ -87.93485, 38.295152, 0.0 ], [ -87.937335, 38.292438, 0.0 ], [ -87.93825, 38.290286, 0.0 ], [ -87.93886, 38.287542, 0.0 ], [ -87.938873, 38.284532, 0.0 ], [ -87.939218, 38.28293, 0.0 ], [ -87.940291, 38.281071, 0.0 ], [ -87.942339, 38.279409, 0.0 ], [ -87.944023, 38.278688, 0.0 ], [ -87.949285, 38.277352, 0.0 ], [ -87.950304, 38.276799, 0.0 ], [ -87.951177, 38.275841, 0.0 ], [ -87.952131, 38.27377, 0.0 ], [ -87.952302, 38.271634, 0.0 ], [ -87.952169, 38.270519, 0.0 ], [ -87.951283, 38.268757, 0.0 ], [ -87.950694, 38.268032, 0.0 ], [ -87.950657, 38.266826, 0.0 ], [ -87.948909, 38.264123, 0.0 ], [ -87.94662, 38.262756, 0.0 ], [ -87.945475, 38.262502, 0.0 ], [ -87.942073, 38.260308, 0.0 ], [ -87.943036, 38.257797, 0.0 ], [ -87.943605, 38.257088, 0.0 ], [ -87.946071, 38.255326, 0.0 ], [ -87.948183, 38.254584, 0.0 ], [ -87.950729, 38.254057, 0.0 ], [ -87.954038, 38.253039, 0.0 ], [ -87.956151, 38.251659, 0.0 ], [ -87.957616, 38.250053, 0.0 ], [ -87.958889, 38.246673, 0.0 ], [ -87.958847, 38.244981, 0.0 ], [ -87.957903, 38.241263, 0.0 ], [ -87.958266, 38.239029, 0.0 ], [ -87.958873, 38.238301, 0.0 ], [ -87.960231, 38.237125, 0.0 ], [ -87.960974, 38.236814, 0.0 ], [ -87.963207, 38.236318, 0.0 ], [ -87.964285, 38.236304, 0.0 ] ] ] } },
{ "type": "Feature", "properties": { "OID_": 0, "DISTRICT": "56", "STA": "IL", "ST": "17", "LABEL": "56", "DIST_NAME": "State Senate District 56", "TYPE": "State Legislature - Upper Chamber", "TYPE_ABB": "Leg_Upper", "ELECT_YEAR": "Enacted" }, "geometry": { "type": "Polygon", "coordinates": [ [ [ -89.935774, 38.552447, 0.0 ], [ -89.93577, 38.555764, 0.0 ], [ -89.937506, 38.555709, 0.0 ], [ -89.937635, 38.559251, 0.0 ], [ -89.938156, 38.559258, 0.0 ], [ -89.938348, 38.57059, 0.0 ], [ -89.943001, 38.570483, 0.0 ], [ -89.952647, 38.570718, 0.0 ], [ -89.952539, 38.567244, 0.0 ], [ -89.952866, 38.566637, 0.0 ], [ -89.953424, 38.566272, 0.0 ], [ -89.954791, 38.566022, 0.0 ], [ -89.964487, 38.565954, 0.0 ], [ -89.9647, 38.567445, 0.0 ], [ -89.966067, 38.570823, 0.0 ], [ -89.984793, 38.571033, 0.0 ], [ -89.984846, 38.585544, 0.0 ], [ -89.994139, 38.58562, 0.0 ], [ -90.002219, 38.586799, 0.0 ], [ -90.003493, 38.586738, 0.0 ], [ -90.003508, 38.589042, 0.0 ], [ -90.003935, 38.588764, 0.0 ], [ -90.004484, 38.589324, 0.0 ], [ -90.004561, 38.590503, 0.0 ], [ -90.006186, 38.590503, 0.0 ], [ -90.006171, 38.592082, 0.0 ], [ -90.006895, 38.592948, 0.0 ], [ -90.007582, 38.592944, 0.0 ], [ -90.013312, 38.593864, 0.0 ], [ -90.036603, 38.595195, 0.0 ], [ -90.036991, 38.610384, 0.0 ], [ -90.053324, 38.617958, 0.0 ], [ -90.056939, 38.618782, 0.0 ], [ -90.060272, 38.618948, 0.0 ], [ -90.0604, 38.622474, 0.0 ], [ -90.067207, 38.622705, 0.0 ], [ -90.067096, 38.627827, 0.0 ], [ -90.066677, 38.62925, 0.0 ], [ -90.065871, 38.630595, 0.0 ], [ -90.064162, 38.632268, 0.0 ], [ -90.057199, 38.636905, 0.0 ], [ -90.079804, 38.636943, 0.0 ], [ -90.080114, 38.659233, 0.0 ], [ -90.110155, 38.65985, 0.0 ], [ -90.147332, 38.660245, 0.0 ], [ -90.147413, 38.661305, 0.0 ], [ -90.147076, 38.661948, 0.0 ], [ -90.147014, 38.671057, 0.0 ], [ -90.147314, 38.672457, 0.0 ], [ -90.147415, 38.67548, 0.0 ], [ -90.147885, 38.676897, 0.0 ], [ -90.148154, 38.678397, 0.0 ], [ -90.14845, 38.692256, 0.0 ], [ -90.151754, 38.692221, 0.0 ], [ -90.151834, 38.692047, 0.0 ], [ -90.152327, 38.692143, 0.0 ], [ -90.152354, 38.692037, 0.0 ], [ -90.153484, 38.692194, 0.0 ], [ -90.153533, 38.692036, 0.0 ], [ -90.154718, 38.692142, 0.0 ], [ -90.154791, 38.691902, 0.0 ], [ -90.156456, 38.692203, 0.0 ], [ -90.156515, 38.692006, 0.0 ], [ -90.157626, 38.69211, 0.0 ], [ -90.157623, 38.691912, 0.0 ], [ -90.166919, 38.691882, 0.0 ], [ -90.166932, 38.693596, 0.0 ], [ -90.168928, 38.691253, 0.0 ], [ -90.169032, 38.691292, 0.0 ], [ -90.16882, 38.691589, 0.0 ], [ -90.170004, 38.691614, 0.0 ], [ -90.170804, 38.689171, 0.0 ], [ -90.171589, 38.687666, 0.0 ], [ -90.177316, 38.689164, 0.0 ], [ -90.177452, 38.688849, 0.0 ], [ -90.178342, 38.689064, 0.0 ], [ -90.185385, 38.689836, 0.0 ], [ -90.185766, 38.68983, 0.0 ], [ -90.185717, 38.688968, 0.0 ], [ -90.189479, 38.688947, 0.0 ], [ -90.18927, 38.689781, 0.0 ], [ -90.19735, 38.689389, 0.0 ], [ -90.202208, 38.693486, 0.0 ], [ -90.209208, 38.702786, 0.0 ], [ -90.212008, 38.711786, 0.0 ], [ -90.211916, 38.717957, 0.0 ], [ -90.211416, 38.721357, 0.0 ], [ -90.209747, 38.726296, 0.0 ], [ -90.205183, 38.732207, 0.0 ], [ -90.191307, 38.742985, 0.0 ], [ -90.183288, 38.747012, 0.0 ], [ -90.176307, 38.754485, 0.0 ], [ -90.175107, 38.760285, 0.0 ], [ -90.171307, 38.766585, 0.0 ], [ -90.16637, 38.772682, 0.0 ], [ -90.160414, 38.776156, 0.0 ], [ -90.146714, 38.783056, 0.0 ], [ -90.123113, 38.798055, 0.0 ], [ -90.117713, 38.805755, 0.0 ], [ -90.114713, 38.815055, 0.0 ], [ -90.109113, 38.837455, 0.0 ], [ -90.109413, 38.843555, 0.0 ], [ -90.111792, 38.846803, 0.0 ], [ -90.113333, 38.849313, 0.0 ], [ -90.131913, 38.857955, 0.0 ], [ -90.140114, 38.862755, 0.0 ], [ -90.144814, 38.864255, 0.0 ], [ -90.151514, 38.867155, 0.0 ], [ -90.163315, 38.874755, 0.0 ], [ -90.166415, 38.876355, 0.0 ], [ -90.186915, 38.885055, 0.0 ], [ -90.190315, 38.886255, 0.0 ], [ -90.195216, 38.886755, 0.0 ], [ -90.197616, 38.887655, 0.0 ], [ -90.209016, 38.896655, 0.0 ], [ -90.213525, 38.900461, 0.0 ], [ -90.216985, 38.903083, 0.0 ], [ -90.215851, 38.921383, 0.0 ], [ -90.214445, 38.921347, 0.0 ], [ -90.214304, 38.924498, 0.0 ], [ -90.213153, 38.925858, 0.0 ], [ -90.210837, 38.928099, 0.0 ], [ -90.213547, 38.929614, 0.0 ], [ -90.213124, 38.930172, 0.0 ], [ -90.213084, 38.930921, 0.0 ], [ -90.214727, 38.931858, 0.0 ], [ -90.21536, 38.931668, 0.0 ], [ -90.215131, 38.934427, 0.0 ], [ -90.21181, 38.934419, 0.0 ], [ -90.211825, 38.936937, 0.0 ], [ -90.215352, 38.936901, 0.0 ], [ -90.215359, 38.938121, 0.0 ], [ -90.21584, 38.939088, 0.0 ], [ -90.214009, 38.939126, 0.0 ], [ -90.212974, 38.939763, 0.0 ], [ -90.211577, 38.940126, 0.0 ], [ -90.213847, 38.943583, 0.0 ], [ -90.213942, 38.944092, 0.0 ], [ -90.213767, 38.945311, 0.0 ], [ -90.214626, 38.946318, 0.0 ], [ -90.21494, 38.946933, 0.0 ], [ -90.214957, 38.952635, 0.0 ], [ -90.214771, 38.956512, 0.0 ], [ -90.214894, 38.957917, 0.0 ], [ -90.215116, 38.95867, 0.0 ], [ -90.190923, 38.958758, 0.0 ], [ -90.190791, 38.957459, 0.0 ], [ -90.190803, 38.950921, 0.0 ], [ -90.181142, 38.950879, 0.0 ], [ -90.181129, 38.948154, 0.0 ], [ -90.180208, 38.945746, 0.0 ], [ -90.179126, 38.944839, 0.0 ], [ -90.177866, 38.944393, 0.0 ], [ -90.178142, 38.943891, 0.0 ], [ -90.174855, 38.941959, 0.0 ], [ -90.173021, 38.940606, 0.0 ], [ -90.171195, 38.938825, 0.0 ], [ -90.169716, 38.936916, 0.0 ], [ -90.157188, 38.937093, 0.0 ], [ -90.153106, 38.933111, 0.0 ], [ -90.152593, 38.932123, 0.0 ], [ -90.150782, 38.92643, 0.0 ], [ -90.150577, 38.926467, 0.0 ], [ -90.150462, 38.926114, 0.0 ], [ -90.149596, 38.925111, 0.0 ], [ -90.147134, 38.925099, 0.0 ], [ -90.147134, 38.926413, 0.0 ], [ -90.14243, 38.926409, 0.0 ], [ -90.14228, 38.930004, 0.0 ], [ -90.137436, 38.930101, 0.0 ], [ -90.137456, 38.923723, 0.0 ], [ -90.132716, 38.923791, 0.0 ], [ -90.132703, 38.922885, 0.0 ], [ -90.119802, 38.923171, 0.0 ], [ -90.117881, 38.923007, 0.0 ], [ -90.118362, 38.923076, 0.0 ], [ -90.11832, 38.926724, 0.0 ], [ -90.1051, 38.926959, 0.0 ], [ -90.104681, 38.926962, 0.0 ], [ -90.104693, 38.926556, 0.0 ], [ -90.104091, 38.926518, 0.0 ], [ -90.105098, 38.924973, 0.0 ], [ -90.105536, 38.923836, 0.0 ], [ -90.103987, 38.923938, 0.0 ], [ -90.103991, 38.923317, 0.0 ], [ -90.090863, 38.923493, 0.0 ], [ -90.09078, 38.923023, 0.0 ], [ -90.090366, 38.923228, 0.0 ], [ -90.090374, 38.923504, 0.0 ], [ -90.090546, 38.9235, 0.0 ], [ -90.090514, 38.924692, 0.0 ], [ -90.09006, 38.92469, 0.0 ], [ -90.090116, 38.923507, 0.0 ], [ -90.080737, 38.923573, 0.0 ], [ -90.076838, 38.923943, 0.0 ], [ -90.073185, 38.923713, 0.0 ], [ -90.06359, 38.923782, 0.0 ], [ -90.057763, 38.923912, 0.0 ], [ -90.057036, 38.92406, 0.0 ], [ -90.056696, 38.923824, 0.0 ], [ -90.055431, 38.92377, 0.0 ], [ -90.04096, 38.923883, 0.0 ], [ -90.040612, 38.908235, 0.0 ], [ -90.038386, 38.908243, 0.0 ], [ -90.038357, 38.906626, 0.0 ], [ -90.020731, 38.906334, 0.0 ], [ -90.020749, 38.894897, 0.0 ], [ -90.020557, 38.891626, 0.0 ], [ -90.011407, 38.891354, 0.0 ], [ -90.010942, 38.876805, 0.0 ], [ -90.002794, 38.876646, 0.0 ], [ -89.978568, 38.876659, 0.0 ], [ -89.97852, 38.870143, 0.0 ], [ -89.97835, 38.867722, 0.0 ], [ -89.978188, 38.867595, 0.0 ], [ -89.976602, 38.867457, 0.0 ], [ -89.974169, 38.867415, 0.0 ], [ -89.973916, 38.86727, 0.0 ], [ -89.973783, 38.863547, 0.0 ], [ -89.97392, 38.849566, 0.0 ], [ -89.973814, 38.847435, 0.0 ], [ -89.973411, 38.84696, 0.0 ], [ -89.972323, 38.846274, 0.0 ], [ -89.969904, 38.845536, 0.0 ], [ -89.968528, 38.844862, 0.0 ], [ -89.967039, 38.84349, 0.0 ], [ -89.966654, 38.842417, 0.0 ], [ -89.965761, 38.841263, 0.0 ], [ -89.963354, 38.838988, 0.0 ], [ -89.964823, 38.836209, 0.0 ], [ -89.967105, 38.832654, 0.0 ], [ -89.93284, 38.832266, 0.0 ], [ -89.928037, 38.832084, 0.0 ], [ -89.92818, 38.818253, 0.0 ], [ -89.928059, 38.817868, 0.0 ], [ -89.928285, 38.808134, 0.0 ], [ -89.928178, 38.807962, 0.0 ], [ -89.928574, 38.807494, 0.0 ], [ -89.927932, 38.80715, 0.0 ], [ -89.928584, 38.806281, 0.0 ], [ -89.927947, 38.806033, 0.0 ], [ -89.928572, 38.804824, 0.0 ], [ -89.928349, 38.804135, 0.0 ], [ -89.928364, 38.803465, 0.0 ], [ -89.928139, 38.803447, 0.0 ], [ -89.92844, 38.802569, 0.0 ], [ -89.928294, 38.802372, 0.0 ], [ -89.928356, 38.796752, 0.0 ], [ -89.928536, 38.795949, 0.0 ], [ -89.928206, 38.795828, 0.0 ], [ -89.928343, 38.79408, 0.0 ], [ -89.928544, 38.793556, 0.0 ], [ -89.928125, 38.793298, 0.0 ], [ -89.92839, 38.793039, 0.0 ], [ -89.928717, 38.745032, 0.0 ], [ -89.947143, 38.744967, 0.0 ], [ -89.947075, 38.742037, 0.0 ], [ -89.947145, 38.740509, 0.0 ], [ -89.947342, 38.740515, 0.0 ], [ -89.947426, 38.738168, 0.0 ], [ -89.934917, 38.73787, 0.0 ], [ -89.935177, 38.736953, 0.0 ], [ -89.935158, 38.730995, 0.0 ], [ -89.940978, 38.730026, 0.0 ], [ -89.947293, 38.727654, 0.0 ], [ -89.948795, 38.726716, 0.0 ], [ -89.952695, 38.723761, 0.0 ], [ -89.953512, 38.722816, 0.0 ], [ -89.955428, 38.719734, 0.0 ], [ -89.956503, 38.718979, 0.0 ], [ -89.956526, 38.716475, 0.0 ], [ -89.956769, 38.715021, 0.0 ], [ -89.960084, 38.703889, 0.0 ], [ -89.960521, 38.702653, 0.0 ], [ -89.960968, 38.701956, 0.0 ], [ -89.956703, 38.701759, 0.0 ], [ -89.956662, 38.698542, 0.0 ], [ -89.957391, 38.698431, 0.0 ], [ -89.956664, 38.696406, 0.0 ], [ -89.954972, 38.693904, 0.0 ], [ -89.95234, 38.694223, 0.0 ], [ -89.951536, 38.693581, 0.0 ], [ -89.952906, 38.691486, 0.0 ], [ -89.953292, 38.689451, 0.0 ], [ -89.953496, 38.689454, 0.0 ], [ -89.95349, 38.68795, 0.0 ], [ -89.953185, 38.687771, 0.0 ], [ -89.953138, 38.687378, 0.0 ], [ -89.952738, 38.68718, 0.0 ], [ -89.952001, 38.686017, 0.0 ], [ -89.951638, 38.684266, 0.0 ], [ -89.951863, 38.683948, 0.0 ], [ -89.951273, 38.683146, 0.0 ], [ -89.950857, 38.681625, 0.0 ], [ -89.950559, 38.67895, 0.0 ], [ -89.951345, 38.677419, 0.0 ], [ -89.951916, 38.677132, 0.0 ], [ -89.952916, 38.676103, 0.0 ], [ -89.953527, 38.675895, 0.0 ], [ -89.953779, 38.675545, 0.0 ], [ -89.954462, 38.675591, 0.0 ], [ -89.955122, 38.675125, 0.0 ], [ -89.956294, 38.675233, 0.0 ], [ -89.957377, 38.674874, 0.0 ], [ -89.958434, 38.675492, 0.0 ], [ -89.959583, 38.675093, 0.0 ], [ -89.960264, 38.674466, 0.0 ], [ -89.961233, 38.674985, 0.0 ], [ -89.961625, 38.674716, 0.0 ], [ -89.962877, 38.674595, 0.0 ], [ -89.96406, 38.674808, 0.0 ], [ -89.964287, 38.674327, 0.0 ], [ -89.964576, 38.674946, 0.0 ], [ -89.965253, 38.675055, 0.0 ], [ -89.965634, 38.674719, 0.0 ], [ -89.965983, 38.67491, 0.0 ], [ -89.966989, 38.674907, 0.0 ], [ -89.968174, 38.674594, 0.0 ], [ -89.96804, 38.673344, 0.0 ], [ -89.966764, 38.6719, 0.0 ], [ -89.965862, 38.669792, 0.0 ], [ -89.963539, 38.668428, 0.0 ], [ -89.960869, 38.665133, 0.0 ], [ -89.960131, 38.664999, 0.0 ], [ -89.95821, 38.665044, 0.0 ], [ -89.957912, 38.664311, 0.0 ], [ -89.957143, 38.663432, 0.0 ], [ -89.956504, 38.661838, 0.0 ], [ -89.956338, 38.66173, 0.0 ], [ -89.947431, 38.661674, 0.0 ], [ -89.947242, 38.661421, 0.0 ], [ -89.947389, 38.659346, 0.0 ], [ -89.947299, 38.657983, 0.0 ], [ -89.928406, 38.657714, 0.0 ], [ -89.928406, 38.650378, 0.0 ], [ -89.928778, 38.649669, 0.0 ], [ -89.928808, 38.649242, 0.0 ], [ -89.928816, 38.632736, 0.0 ], [ -89.929221, 38.632823, 0.0 ], [ -89.929265, 38.632458, 0.0 ], [ -89.928933, 38.63082, 0.0 ], [ -89.928313, 38.629501, 0.0 ], [ -89.928308, 38.624377, 0.0 ], [ -89.927786, 38.623347, 0.0 ], [ -89.928, 38.623225, 0.0 ], [ -89.928236, 38.622638, 0.0 ], [ -89.928815, 38.62265, 0.0 ], [ -89.928811, 38.621381, 0.0 ], [ -89.929829, 38.621387, 0.0 ], [ -89.92995, 38.621145, 0.0 ], [ -89.930342, 38.621079, 0.0 ], [ -89.930496, 38.62092, 0.0 ], [ -89.93037, 38.620547, 0.0 ], [ -89.930839, 38.619866, 0.0 ], [ -89.931217, 38.619778, 0.0 ], [ -89.934043, 38.617594, 0.0 ], [ -89.935044, 38.615848, 0.0 ], [ -89.9351, 38.615513, 0.0 ], [ -89.935114, 38.615173, 0.0 ], [ -89.934407, 38.614788, 0.0 ], [ -89.934456, 38.614487, 0.0 ], [ -89.935316, 38.614063, 0.0 ], [ -89.936263, 38.614057, 0.0 ], [ -89.936548, 38.613443, 0.0 ], [ -89.9375, 38.614135, 0.0 ], [ -89.93805, 38.614282, 0.0 ], [ -89.947573, 38.614319, 0.0 ], [ -89.947539, 38.596558, 0.0 ], [ -89.938529, 38.594627, 0.0 ], [ -89.93827, 38.591823, 0.0 ], [ -89.939609, 38.591106, 0.0 ], [ -89.939899, 38.590694, 0.0 ], [ -89.940076, 38.589997, 0.0 ], [ -89.940064, 38.587932, 0.0 ], [ -89.939914, 38.587575, 0.0 ], [ -89.937477, 38.584452, 0.0 ], [ -89.937062, 38.584255, 0.0 ], [ -89.935937, 38.584147, 0.0 ], [ -89.935321, 38.58376, 0.0 ], [ -89.934734, 38.58294, 0.0 ], [ -89.934304, 38.581419, 0.0 ], [ -89.932643, 38.57977, 0.0 ], [ -89.932007, 38.579565, 0.0 ], [ -89.928986, 38.57955, 0.0 ], [ -89.929015, 38.553271, 0.0 ], [ -89.934726, 38.553224, 0.0 ], [ -89.934726, 38.552454, 0.0 ], [ -89.935774, 38.552447, 0.0 ] ] ] } },
{ "type": "Feature", "properties": { "OID_": 0, "DISTRICT": "57", "STA": "IL", "ST": "17", "LABEL": "57", "DIST_NAME": "State Senate District 57", "TYPE": "State Legislature - Upper Chamber", "TYPE_ABB": "Leg_Upper", "ELECT_YEAR": "Enacted" }, "geometry": { "type": "Polygon", "coordinates": [ [ [ -89.817207, 38.394384, 0.0 ], [ -89.834135, 38.394553, 0.0 ], [ -89.846474, 38.394466, 0.0 ], [ -89.895708, 38.395056, 0.0 ], [ -89.908881, 38.395385, 0.0 ], [ -89.910683, 38.395192, 0.0 ], [ -89.927025, 38.395211, 0.0 ], [ -90.036113, 38.396306, 0.0 ], [ -90.036244, 38.41065, 0.0 ], [ -90.036406, 38.410858, 0.0 ], [ -90.038099, 38.410892, 0.0 ], [ -90.0389, 38.410788, 0.0 ], [ -90.073156, 38.410862, 0.0 ], [ -90.073155, 38.411061, 0.0 ], [ -90.07338, 38.411151, 0.0 ], [ -90.091773, 38.411399, 0.0 ], [ -90.091902, 38.396789, 0.0 ], [ -90.102181, 38.396902, 0.0 ], [ -90.114137, 38.397239, 0.0 ], [ -90.117407, 38.397467, 0.0 ], [ -90.129065, 38.397577, 0.0 ], [ -90.133892, 38.401668, 0.0 ], [ -90.145568, 38.41206, 0.0 ], [ -90.145446, 38.42269, 0.0 ], [ -90.145581, 38.4237, 0.0 ], [ -90.145536, 38.426269, 0.0 ], [ -90.145406, 38.426681, 0.0 ], [ -90.166698, 38.444004, 0.0 ], [ -90.183808, 38.457527, 0.0 ], [ -90.185827, 38.459273, 0.0 ], [ -90.186732, 38.459806, 0.0 ], [ -90.201637, 38.471389, 0.0 ], [ -90.203879, 38.472902, 0.0 ], [ -90.204093, 38.473347, 0.0 ], [ -90.221869, 38.487479, 0.0 ], [ -90.225141, 38.489579, 0.0 ], [ -90.226362, 38.491013, 0.0 ], [ -90.239692, 38.501501, 0.0 ], [ -90.240651, 38.502397, 0.0 ], [ -90.258032, 38.515739, 0.0 ], [ -90.264129, 38.520735, 0.0 ], [ -90.263256, 38.522477, 0.0 ], [ -90.257419, 38.531859, 0.0 ], [ -90.257788, 38.532019, 0.0 ], [ -90.248911, 38.544788, 0.0 ], [ -90.22421, 38.575087, 0.0 ], [ -90.22211, 38.576487, 0.0 ], [ -90.21671, 38.578787, 0.0 ], [ -90.210109, 38.583987, 0.0 ], [ -90.202509, 38.588687, 0.0 ], [ -90.196009, 38.594487, 0.0 ], [ -90.191809, 38.598987, 0.0 ], [ -90.184508, 38.611587, 0.0 ], [ -90.178817, 38.629164, 0.0 ], [ -90.178008, 38.633786, 0.0 ], [ -90.177708, 38.642786, 0.0 ], [ -90.181108, 38.659586, 0.0 ], [ -90.182608, 38.665386, 0.0 ], [ -90.186408, 38.674786, 0.0 ], [ -90.195208, 38.687586, 0.0 ], [ -90.19735, 38.689389, 0.0 ], [ -90.18927, 38.689781, 0.0 ], [ -90.189479, 38.688947, 0.0 ], [ -90.185717, 38.688968, 0.0 ], [ -90.185766, 38.68983, 0.0 ], [ -90.185385, 38.689836, 0.0 ], [ -90.178342, 38.689064, 0.0 ], [ -90.177452, 38.688849, 0.0 ], [ -90.177316, 38.689164, 0.0 ], [ -90.171589, 38.687666, 0.0 ], [ -90.170804, 38.689171, 0.0 ], [ -90.170004, 38.691614, 0.0 ], [ -90.16882, 38.691589, 0.0 ], [ -90.169032, 38.691292, 0.0 ], [ -90.168928, 38.691253, 0.0 ], [ -90.166932, 38.693596, 0.0 ], [ -90.166919, 38.691882, 0.0 ], [ -90.157623, 38.691912, 0.0 ], [ -90.157626, 38.69211, 0.0 ], [ -90.156515, 38.692006, 0.0 ], [ -90.156456, 38.692203, 0.0 ], [ -90.154791, 38.691902, 0.0 ], [ -90.154718, 38.692142, 0.0 ], [ -90.153533, 38.692036, 0.0 ], [ -90.153484, 38.692194, 0.0 ], [ -90.152354, 38.692037, 0.0 ], [ -90.152327, 38.692143, 0.0 ], [ -90.151834, 38.692047, 0.0 ], [ -90.151754, 38.692221, 0.0 ], [ -90.14845, 38.692256, 0.0 ], [ -90.148154, 38.678397, 0.0 ], [ -90.147885, 38.676897, 0.0 ], [ -90.147415, 38.67548, 0.0 ], [ -90.147314, 38.672457, 0.0 ], [ -90.147014, 38.671057, 0.0 ], [ -90.147076, 38.661948, 0.0 ], [ -90.147413, 38.661305, 0.0 ], [ -90.147332, 38.660245, 0.0 ], [ -90.110155, 38.65985, 0.0 ], [ -90.080114, 38.659233, 0.0 ], [ -90.079804, 38.636943, 0.0 ], [ -90.057199, 38.636905, 0.0 ], [ -90.064162, 38.632268, 0.0 ], [ -90.065871, 38.630595, 0.0 ], [ -90.066677, 38.62925, 0.0 ], [ -90.067096, 38.627827, 0.0 ], [ -90.067207, 38.622705, 0.0 ], [ -90.0604, 38.622474, 0.0 ], [ -90.060272, 38.618948, 0.0 ], [ -90.056939, 38.618782, 0.0 ], [ -90.053324, 38.617958, 0.0 ], [ -90.036991, 38.610384, 0.0 ], [ -90.036603, 38.595195, 0.0 ], [ -90.013312, 38.593864, 0.0 ], [ -90.007582, 38.592944, 0.0 ], [ -90.006895, 38.592948, 0.0 ], [ -90.006171, 38.592082, 0.0 ], [ -90.006186, 38.590503, 0.0 ], [ -90.004561, 38.590503, 0.0 ], [ -90.004484, 38.589324, 0.0 ], [ -90.003935, 38.588764, 0.0 ], [ -90.003508, 38.589042, 0.0 ], [ -90.003493, 38.586738, 0.0 ], [ -90.002219, 38.586799, 0.0 ], [ -89.994139, 38.58562, 0.0 ], [ -89.984846, 38.585544, 0.0 ], [ -89.984793, 38.571033, 0.0 ], [ -89.966067, 38.570823, 0.0 ], [ -89.9647, 38.567445, 0.0 ], [ -89.964487, 38.565954, 0.0 ], [ -89.954791, 38.566022, 0.0 ], [ -89.953424, 38.566272, 0.0 ], [ -89.952866, 38.566637, 0.0 ], [ -89.952539, 38.567244, 0.0 ], [ -89.952647, 38.570718, 0.0 ], [ -89.943001, 38.570483, 0.0 ], [ -89.938348, 38.57059, 0.0 ], [ -89.938156, 38.559258, 0.0 ], [ -89.937635, 38.559251, 0.0 ], [ -89.937506, 38.555709, 0.0 ], [ -89.93577, 38.555764, 0.0 ], [ -89.935774, 38.552447, 0.0 ], [ -89.934726, 38.552454, 0.0 ], [ -89.934726, 38.553224, 0.0 ], [ -89.929015, 38.553271, 0.0 ], [ -89.928986, 38.57955, 0.0 ], [ -89.932007, 38.579565, 0.0 ], [ -89.932643, 38.57977, 0.0 ], [ -89.934304, 38.581419, 0.0 ], [ -89.934734, 38.58294, 0.0 ], [ -89.935321, 38.58376, 0.0 ], [ -89.935937, 38.584147, 0.0 ], [ -89.937062, 38.584255, 0.0 ], [ -89.937477, 38.584452, 0.0 ], [ -89.939914, 38.587575, 0.0 ], [ -89.940064, 38.587932, 0.0 ], [ -89.940076, 38.589997, 0.0 ], [ -89.939899, 38.590694, 0.0 ], [ -89.939609, 38.591106, 0.0 ], [ -89.93827, 38.591823, 0.0 ], [ -89.938529, 38.594627, 0.0 ], [ -89.947539, 38.596558, 0.0 ], [ -89.947573, 38.614319, 0.0 ], [ -89.93805, 38.614282, 0.0 ], [ -89.9375, 38.614135, 0.0 ], [ -89.936548, 38.613443, 0.0 ], [ -89.936263, 38.614057, 0.0 ], [ -89.935316, 38.614063, 0.0 ], [ -89.934456, 38.614487, 0.0 ], [ -89.934407, 38.614788, 0.0 ], [ -89.935114, 38.615173, 0.0 ], [ -89.9351, 38.615513, 0.0 ], [ -89.93426, 38.617297, 0.0 ], [ -89.933652, 38.618016, 0.0 ], [ -89.932798, 38.618488, 0.0 ], [ -89.931217, 38.619778, 0.0 ], [ -89.930839, 38.619866, 0.0 ], [ -89.93037, 38.620547, 0.0 ], [ -89.930496, 38.62092, 0.0 ], [ -89.930342, 38.621079, 0.0 ], [ -89.92995, 38.621145, 0.0 ], [ -89.929829, 38.621387, 0.0 ], [ -89.928811, 38.621381, 0.0 ], [ -89.928815, 38.62265, 0.0 ], [ -89.928236, 38.622638, 0.0 ], [ -89.928202, 38.62279, 0.0 ], [ -89.926717, 38.623105, 0.0 ], [ -89.925794, 38.623813, 0.0 ], [ -89.925409, 38.624439, 0.0 ], [ -89.923665, 38.625194, 0.0 ], [ -89.924516, 38.626091, 0.0 ], [ -89.924185, 38.626095, 0.0 ], [ -89.922304, 38.627167, 0.0 ], [ -89.921164, 38.627308, 0.0 ], [ -89.921146, 38.629036, 0.0 ], [ -89.913582, 38.628976, 0.0 ], [ -89.913581, 38.629131, 0.0 ], [ -89.911413, 38.627409, 0.0 ], [ -89.910704, 38.62719, 0.0 ], [ -89.910833, 38.614241, 0.0 ], [ -89.892401, 38.614141, 0.0 ], [ -89.892488, 38.599312, 0.0 ], [ -89.873999, 38.59941, 0.0 ], [ -89.874082, 38.610437, 0.0 ], [ -89.869429, 38.610231, 0.0 ], [ -89.869438, 38.606121, 0.0 ], [ -89.870167, 38.606158, 0.0 ], [ -89.870142, 38.605875, 0.0 ], [ -89.869456, 38.605634, 0.0 ], [ -89.868513, 38.604963, 0.0 ], [ -89.867685, 38.604877, 0.0 ], [ -89.867307, 38.604734, 0.0 ], [ -89.867312, 38.604595, 0.0 ], [ -89.865602, 38.604626, 0.0 ], [ -89.86557, 38.605199, 0.0 ], [ -89.864773, 38.605164, 0.0 ], [ -89.864729, 38.604739, 0.0 ], [ -89.864847, 38.598667, 0.0 ], [ -89.869439, 38.598853, 0.0 ], [ -89.869441, 38.592464, 0.0 ], [ -89.86773, 38.592406, 0.0 ], [ -89.864876, 38.594763, 0.0 ], [ -89.864874, 38.595064, 0.0 ], [ -89.861707, 38.594949, 0.0 ], [ -89.864828, 38.593038, 0.0 ], [ -89.864902, 38.59143, 0.0 ], [ -89.85386, 38.591001, 0.0 ], [ -89.853341, 38.590684, 0.0 ], [ -89.853178, 38.590282, 0.0 ], [ -89.849821, 38.59082, 0.0 ], [ -89.837009, 38.593869, 0.0 ], [ -89.834799, 38.594241, 0.0 ], [ -89.831847, 38.594402, 0.0 ], [ -89.818601, 38.59418, 0.0 ], [ -89.818607, 38.594306, 0.0 ], [ -89.827907, 38.594502, 0.0 ], [ -89.827968, 38.596764, 0.0 ], [ -89.825806, 38.596706, 0.0 ], [ -89.824275, 38.597261, 0.0 ], [ -89.821717, 38.597545, 0.0 ], [ -89.82132, 38.597683, 0.0 ], [ -89.820603, 38.598406, 0.0 ], [ -89.823505, 38.598342, 0.0 ], [ -89.823526, 38.599988, 0.0 ], [ -89.824506, 38.599848, 0.0 ], [ -89.824503, 38.600536, 0.0 ], [ -89.825796, 38.600541, 0.0 ], [ -89.825857, 38.601114, 0.0 ], [ -89.827884, 38.601121, 0.0 ], [ -89.827868, 38.605205, 0.0 ], [ -89.82554, 38.60518, 0.0 ], [ -89.825616, 38.608796, 0.0 ], [ -89.827869, 38.608818, 0.0 ], [ -89.827768, 38.611999, 0.0 ], [ -89.827678, 38.612412, 0.0 ], [ -89.819235, 38.612361, 0.0 ], [ -89.819243, 38.616119, 0.0 ], [ -89.818606, 38.616109, 0.0 ], [ -89.81861, 38.619866, 0.0 ], [ -89.817614, 38.618526, 0.0 ], [ -89.817249, 38.618402, 0.0 ], [ -89.816052, 38.617343, 0.0 ], [ -89.815687, 38.617256, 0.0 ], [ -89.813387, 38.617343, 0.0 ], [ -89.814125, 38.618458, 0.0 ], [ -89.812358, 38.619087, 0.0 ], [ -89.811298, 38.619228, 0.0 ], [ -89.807574, 38.619028, 0.0 ], [ -89.807539, 38.626838, 0.0 ], [ -89.808241, 38.639148, 0.0 ], [ -89.808836, 38.655733, 0.0 ], [ -89.790314, 38.655575, 0.0 ], [ -89.790184, 38.651332, 0.0 ], [ -89.789323, 38.651514, 0.0 ], [ -89.789099, 38.652008, 0.0 ], [ -89.788413, 38.652063, 0.0 ], [ -89.788161, 38.652425, 0.0 ], [ -89.788315, 38.652754, 0.0 ], [ -89.787377, 38.65327, 0.0 ], [ -89.784856, 38.653939, 0.0 ], [ -89.783603, 38.653637, 0.0 ], [ -89.782994, 38.65418, 0.0 ], [ -89.782365, 38.6538, 0.0 ], [ -89.781186, 38.653923, 0.0 ], [ -89.780641, 38.653764, 0.0 ], [ -89.779885, 38.653908, 0.0 ], [ -89.779609, 38.654198, 0.0 ], [ -89.77932, 38.654249, 0.0 ], [ -89.778531, 38.653828, 0.0 ], [ -89.777833, 38.655145, 0.0 ], [ -89.777482, 38.655481, 0.0 ], [ -89.760859, 38.655298, 0.0 ], [ -89.760849, 38.611945, 0.0 ], [ -89.779776, 38.611955, 0.0 ], [ -89.77986, 38.603767, 0.0 ], [ -89.779784, 38.583001, 0.0 ], [ -89.761419, 38.582802, 0.0 ], [ -89.761486, 38.568227, 0.0 ], [ -89.77825, 38.568115, 0.0 ], [ -89.795404, 38.568396, 0.0 ], [ -89.795416, 38.567362, 0.0 ], [ -89.79416, 38.567362, 0.0 ], [ -89.7938, 38.554097, 0.0 ], [ -89.793302, 38.552463, 0.0 ], [ -89.793317, 38.545226, 0.0 ], [ -89.793706, 38.532782, 0.0 ], [ -89.794567, 38.532802, 0.0 ], [ -89.793394, 38.528438, 0.0 ], [ -89.793189, 38.526916, 0.0 ], [ -89.793033, 38.51441, 0.0 ], [ -89.793734, 38.514414, 0.0 ], [ -89.793807, 38.513976, 0.0 ], [ -89.793028, 38.514004, 0.0 ], [ -89.79286, 38.499804, 0.0 ], [ -89.79302, 38.498355, 0.0 ], [ -89.793669, 38.496116, 0.0 ], [ -89.792731, 38.496242, 0.0 ], [ -89.792446, 38.496016, 0.0 ], [ -89.792471, 38.493648, 0.0 ], [ -89.791296, 38.493644, 0.0 ], [ -89.791281, 38.491714, 0.0 ], [ -89.792509, 38.491718, 0.0 ], [ -89.792509, 38.485107, 0.0 ], [ -89.793738, 38.485114, 0.0 ], [ -89.793738, 38.482098, 0.0 ], [ -89.794577, 38.481475, 0.0 ], [ -89.800513, 38.481426, 0.0 ], [ -89.817633, 38.481761, 0.0 ], [ -89.817427, 38.453586, 0.0 ], [ -89.816785, 38.419855, 0.0 ], [ -89.816995, 38.41746, 0.0 ], [ -89.817207, 38.394384, 0.0 ] ] ] } },
{ "type": "Feature", "properties": { "OID_": 0, "DISTRICT": "58", "STA": "IL", "ST": "17", "LABEL": "58", "DIST_NAME": "State Senate District 58", "TYPE": "State Legislature - Upper Chamber", "TYPE_ABB": "Leg_Upper", "ELECT_YEAR": "Enacted" }, "geometry": { "type": "Polygon", "coordinates": [ [ [ -89.268039, 37.686585, 0.0 ], [ -89.277643, 37.686974, 0.0 ], [ -89.277944, 37.686841, 0.0 ], [ -89.299204, 37.687073, 0.0 ], [ -89.318556, 37.687338, 0.0 ], [ -89.319599, 37.687492, 0.0 ], [ -89.323609, 37.687191, 0.0 ], [ -89.33961, 37.687437, 0.0 ], [ -89.360971, 37.68752, 0.0 ], [ -89.369564, 37.687885, 0.0 ], [ -89.375081, 37.687754, 0.0 ], [ -89.415542, 37.689338, 0.0 ], [ -89.435103, 37.689863, 0.0 ], [ -89.454339, 37.692312, 0.0 ], [ -89.51664, 37.692717, 0.0 ], [ -89.519239, 37.694751, 0.0 ], [ -89.521954, 37.696482, 0.0 ], [ -89.525736, 37.698448, 0.0 ], [ -89.531433, 37.700341, 0.0 ], [ -89.538658, 37.701061, 0.0 ], [ -89.548502, 37.703076, 0.0 ], [ -89.556655, 37.705225, 0.0 ], [ -89.56671, 37.707196, 0.0 ], [ -89.573522, 37.709072, 0.0 ], [ -89.576703, 37.710562, 0.0 ], [ -89.581591, 37.712348, 0.0 ], [ -89.583322, 37.713268, 0.0 ], [ -89.584008, 37.713859, 0.0 ], [ -89.586005, 37.715872, 0.0 ], [ -89.586743, 37.716818, 0.0 ], [ -89.58882, 37.720464, 0.0 ], [ -89.591287, 37.723474, 0.0 ], [ -89.591696, 37.725451, 0.0 ], [ -89.593702, 37.727698, 0.0 ], [ -89.594104, 37.729332, 0.0 ], [ -89.5947, 37.73043, 0.0 ], [ -89.595244, 37.731176, 0.0 ], [ -89.596096, 37.731903, 0.0 ], [ -89.597487, 37.733484, 0.0 ], [ -89.598634, 37.734436, 0.0 ], [ -89.600864, 37.735527, 0.0 ], [ -89.602333, 37.736529, 0.0 ], [ -89.606674, 37.738411, 0.0 ], [ -89.608763, 37.739691, 0.0 ], [ -89.610325, 37.740076, 0.0 ], [ -89.611564, 37.73994, 0.0 ], [ -89.612515, 37.740042, 0.0 ], [ -89.613506, 37.740753, 0.0 ], [ -89.614663, 37.742007, 0.0 ], [ -89.61575, 37.742732, 0.0 ], [ -89.616162, 37.743715, 0.0 ], [ -89.616199, 37.74429, 0.0 ], [ -89.615939, 37.748191, 0.0 ], [ -89.616395, 37.749174, 0.0 ], [ -89.617284, 37.749727, 0.0 ], [ -89.618073, 37.749827, 0.0 ], [ -89.621581, 37.749351, 0.0 ], [ -89.626338, 37.749053, 0.0 ], [ -89.628016, 37.748142, 0.0 ], [ -89.633376, 37.745789, 0.0 ], [ -89.636239, 37.74614, 0.0 ], [ -89.645435, 37.746115, 0.0 ], [ -89.649536, 37.745503, 0.0 ], [ -89.652704, 37.746064, 0.0 ], [ -89.65846, 37.747717, 0.0 ], [ -89.660067, 37.748247, 0.0 ], [ -89.663358, 37.750059, 0.0 ], [ -89.664879, 37.751206, 0.0 ], [ -89.665552, 37.752102, 0.0 ], [ -89.666051, 37.753754, 0.0 ], [ -89.666133, 37.754869, 0.0 ], [ -89.6665, 37.755906, 0.0 ], [ -89.667872, 37.75861, 0.0 ], [ -89.667999, 37.759491, 0.0 ], [ -89.667874, 37.760264, 0.0 ], [ -89.666852, 37.762552, 0.0 ], [ -89.66648, 37.764202, 0.0 ], [ -89.664136, 37.768517, 0.0 ], [ -89.661196, 37.775739, 0.0 ], [ -89.66072, 37.777469, 0.0 ], [ -89.660233, 37.781039, 0.0 ], [ -89.660386, 37.786303, 0.0 ], [ -89.660744, 37.7873, 0.0 ], [ -89.661326, 37.788211, 0.0 ], [ -89.663988, 37.790808, 0.0 ], [ -89.66592, 37.793954, 0.0 ], [ -89.667215, 37.796471, 0.0 ], [ -89.66965, 37.799929, 0.0 ], [ -89.674298, 37.803147, 0.0 ], [ -89.675325, 37.80357, 0.0 ], [ -89.677611, 37.805073, 0.0 ], [ -89.67955, 37.806072, 0.0 ], [ -89.681203, 37.80668, 0.0 ], [ -89.682856, 37.807796, 0.0 ], [ -89.687067, 37.809418, 0.0 ], [ -89.690069, 37.811155, 0.0 ], [ -89.696565, 37.814344, 0.0 ], [ -89.700707, 37.815835, 0.0 ], [ -89.70285, 37.816819, 0.0 ], [ -89.706757, 37.819067, 0.0 ], [ -89.710095, 37.821343, 0.0 ], [ -89.717448, 37.82573, 0.0 ], [ -89.720607, 37.828069, 0.0 ], [ -89.72284, 37.830211, 0.0 ], [ -89.727249, 37.833219, 0.0 ], [ -89.729437, 37.835121, 0.0 ], [ -89.733782, 37.839545, 0.0 ], [ -89.734349, 37.840796, 0.0 ], [ -89.736391, 37.843462, 0.0 ], [ -89.738874, 37.845232, 0.0 ], [ -89.739675, 37.846235, 0.0 ], [ -89.739881, 37.846928, 0.0 ], [ -89.740727, 37.847071, 0.0 ], [ -89.741986, 37.846959, 0.0 ], [ -89.744751, 37.846127, 0.0 ], [ -89.74501, 37.846385, 0.0 ], [ -89.745651, 37.846188, 0.0 ], [ -89.746969, 37.846493, 0.0 ], [ -89.74779, 37.847011, 0.0 ], [ -89.749975, 37.846984, 0.0 ], [ -89.754105, 37.84636, 0.0 ], [ -89.757359, 37.847611, 0.0 ], [ -89.761981, 37.850649, 0.0 ], [ -89.765206, 37.85177, 0.0 ], [ -89.7695, 37.852196, 0.0 ], [ -89.774311, 37.852134, 0.0 ], [ -89.779817, 37.853878, 0.0 ], [ -89.781997, 37.85506, 0.0 ], [ -89.786332, 37.851696, 0.0 ], [ -89.793743, 37.85707, 0.0 ], [ -89.796096, 37.859526, 0.0 ], [ -89.797548, 37.862135, 0.0 ], [ -89.799361, 37.86752, 0.0 ], [ -89.800359, 37.868633, 0.0 ], [ -89.799977, 37.869924, 0.0 ], [ -89.800026, 37.870874, 0.0 ], [ -89.799827, 37.87135, 0.0 ], [ -89.798284, 37.872961, 0.0 ], [ -89.797702, 37.874399, 0.0 ], [ -89.798099, 37.875171, 0.0 ], [ -89.798388, 37.877168, 0.0 ], [ -89.798046, 37.87966, 0.0 ], [ -89.798275, 37.88049, 0.0 ], [ -89.799335, 37.881523, 0.0 ], [ -89.803898, 37.882985, 0.0 ], [ -89.813642, 37.887703, 0.0 ], [ -89.836357, 37.901863, 0.0 ], [ -89.84032, 37.904105, 0.0 ], [ -89.842644, 37.905204, 0.0 ], [ -89.844792, 37.905579, 0.0 ], [ -89.847329, 37.904725, 0.0 ], [ -89.85053, 37.904179, 0.0 ], [ -89.851431, 37.903708, 0.0 ], [ -89.85155, 37.903411, 0.0 ], [ -89.853233, 37.902189, 0.0 ], [ -89.856141, 37.900375, 0.0 ], [ -89.856653, 37.899578, 0.0 ], [ -89.857077, 37.899211, 0.0 ], [ -89.859522, 37.898682, 0.0 ], [ -89.861883, 37.897691, 0.0 ], [ -89.865195, 37.895211, 0.0 ], [ -89.870499, 37.889974, 0.0 ], [ -89.871942, 37.88812, 0.0 ], [ -89.873722, 37.886356, 0.0 ], [ -89.874838, 37.884953, 0.0 ], [ -89.875157, 37.884813, 0.0 ], [ -89.876093, 37.883648, 0.0 ], [ -89.879694, 37.880743, 0.0 ], [ -89.883855, 37.878286, 0.0 ], [ -89.889751, 37.875144, 0.0 ], [ -89.89003, 37.874854, 0.0 ], [ -89.898759, 37.870787, 0.0 ], [ -89.901591, 37.869943, 0.0 ], [ -89.902067, 37.869955, 0.0 ], [ -89.902383, 37.869747, 0.0 ], [ -89.905637, 37.8694, 0.0 ], [ -89.91755, 37.869902, 0.0 ], [ -89.922266, 37.870458, 0.0 ], [ -89.925306, 37.87116, 0.0 ], [ -89.931661, 37.873299, 0.0 ], [ -89.933892, 37.873789, 0.0 ], [ -89.936951, 37.874842, 0.0 ], [ -89.937255, 37.874904, 0.0 ], [ -89.937912, 37.874444, 0.0 ], [ -89.938614, 37.874311, 0.0 ], [ -89.937696, 37.875105, 0.0 ], [ -89.939543, 37.875802, 0.0 ], [ -89.947764, 37.879854, 0.0 ], [ -89.95115, 37.882104, 0.0 ], [ -89.953014, 37.884044, 0.0 ], [ -89.95598, 37.889851, 0.0 ], [ -89.960548, 37.897376, 0.0 ], [ -89.963314, 37.90061, 0.0 ], [ -89.965291, 37.90231, 0.0 ], [ -89.965044, 37.902539, 0.0 ], [ -89.965696, 37.90401, 0.0 ], [ -89.966335, 37.906738, 0.0 ], [ -89.968311, 37.909889, 0.0 ], [ -89.970835, 37.914587, 0.0 ], [ -89.97304, 37.916931, 0.0 ], [ -89.973768, 37.918023, 0.0 ], [ -89.974192, 37.919516, 0.0 ], [ -89.97411, 37.92264, 0.0 ], [ -89.97468, 37.924918, 0.0 ], [ -89.974867, 37.925988, 0.0 ], [ -89.974805, 37.926532, 0.0 ], [ -89.97466, 37.927081, 0.0 ], [ -89.973462, 37.928366, 0.0 ], [ -89.971071, 37.929964, 0.0 ], [ -89.965819, 37.933018, 0.0 ], [ -89.962063, 37.933925, 0.0 ], [ -89.961903, 37.934144, 0.0 ], [ -89.961952, 37.934457, 0.0 ], [ -89.962575, 37.934994, 0.0 ], [ -89.962618, 37.935258, 0.0 ], [ -89.962271, 37.935747, 0.0 ], [ -89.961308, 37.936231, 0.0 ], [ -89.96092, 37.936604, 0.0 ], [ -89.960768, 37.937427, 0.0 ], [ -89.96038, 37.938108, 0.0 ], [ -89.960263, 37.939289, 0.0 ], [ -89.959778, 37.94009, 0.0 ], [ -89.958579, 37.940194, 0.0 ], [ -89.957497, 37.93995, 0.0 ], [ -89.954474, 37.940412, 0.0 ], [ -89.951827, 37.940046, 0.0 ], [ -89.94838, 37.940038, 0.0 ], [ -89.947328, 37.94029, 0.0 ], [ -89.945678, 37.941212, 0.0 ], [ -89.944722, 37.941992, 0.0 ], [ -89.941714, 37.943595, 0.0 ], [ -89.937326, 37.94667, 0.0 ], [ -89.936424, 37.946835, 0.0 ], [ -89.934116, 37.946884, 0.0 ], [ -89.933007, 37.947257, 0.0 ], [ -89.931273, 37.948284, 0.0 ], [ -89.93058, 37.949245, 0.0 ], [ -89.928174, 37.9511, 0.0 ], [ -89.927488, 37.952028, 0.0 ], [ -89.926718, 37.952604, 0.0 ], [ -89.92672, 37.952853, 0.0 ], [ -89.925298, 37.954194, 0.0 ], [ -89.924859, 37.954913, 0.0 ], [ -89.924685, 37.9558, 0.0 ], [ -89.924815, 37.955966, 0.0 ], [ -89.924753, 37.95664, 0.0 ], [ -89.925142, 37.958758, 0.0 ], [ -89.924603, 37.959856, 0.0 ], [ -89.925091, 37.960028, 0.0 ], [ -89.933803, 37.95915, 0.0 ], [ -89.935891, 37.959588, 0.0 ], [ -89.936414, 37.960026, 0.0 ], [ -89.936957, 37.961445, 0.0 ], [ -89.936716, 37.962779, 0.0 ], [ -89.937746, 37.965001, 0.0 ], [ -89.939312, 37.966465, 0.0 ], [ -89.939504, 37.967867, 0.0 ], [ -89.939732, 37.968064, 0.0 ], [ -89.940693, 37.970881, 0.0 ], [ -89.950751, 37.967994, 0.0 ], [ -89.965052, 37.9644, 0.0 ], [ -89.969357, 37.96394, 0.0 ], [ -89.972422, 37.963876, 0.0 ], [ -89.978954, 37.962809, 0.0 ], [ -89.982234, 37.962118, 0.0 ], [ -89.988114, 37.961756, 0.0 ], [ -89.991964, 37.962172, 0.0 ], [ -89.996854, 37.963226, 0.0 ], [ -90.000116, 37.96457, 0.0 ], [ -90.003356, 37.966415, 0.0 ], [ -90.007942, 37.970117, 0.0 ], [ -90.022292, 37.986171, 0.0 ], [ -90.031801, 37.995133, 0.0 ], [ -90.035688, 37.997754, 0.0 ], [ -90.040452, 38.000229, 0.0 ], [ -90.051947, 38.005439, 0.0 ], [ -90.053071, 38.007083, 0.0 ], [ -90.053761, 38.009232, 0.0 ], [ -90.053621, 38.009436, 0.0 ], [ -90.054292, 38.010071, 0.0 ], [ -90.055405, 38.011959, 0.0 ], [ -90.056438, 38.013056, 0.0 ], [ -90.057275, 38.014369, 0.0 ], [ -90.059373, 38.01555, 0.0 ], [ -90.065051, 38.016882, 0.0 ], [ -90.072289, 38.017008, 0.0 ], [ -90.077172, 38.015973, 0.0 ], [ -90.080965, 38.015435, 0.0 ], [ -90.084154, 38.015393, 0.0 ], [ -90.085273, 38.015687, 0.0 ], [ -90.086831, 38.015528, 0.0 ], [ -90.088266, 38.015779, 0.0 ], [ -90.091451, 38.016978, 0.0 ], [ -90.092844, 38.017267, 0.0 ], [ -90.096609, 38.019403, 0.0 ], [ -90.097414, 38.019626, 0.0 ], [ -90.097822, 38.019947, 0.0 ], [ -90.099104, 38.020203, 0.0 ], [ -90.106005, 38.024155, 0.0 ], [ -90.106481, 38.024566, 0.0 ], [ -90.110527, 38.026556, 0.0 ], [ -90.113432, 38.02865, 0.0 ], [ -90.114246, 38.029068, 0.0 ], [ -90.119112, 38.033275, 0.0 ], [ -90.122534, 38.036969, 0.0 ], [ -90.125122, 38.039271, 0.0 ], [ -90.126202, 38.040713, 0.0 ], [ -90.126538, 38.041672, 0.0 ], [ -90.126618, 38.043988, 0.0 ], [ -90.126146, 38.047093, 0.0 ], [ -90.126012, 38.050576, 0.0 ], [ -90.126402, 38.054904, 0.0 ], [ -90.128165, 38.059652, 0.0 ], [ -90.128798, 38.060667, 0.0 ], [ -90.130794, 38.062348, 0.0 ], [ -90.133871, 38.063962, 0.0 ], [ -90.13672, 38.064667, 0.0 ], [ -90.141647, 38.067641, 0.0 ], [ -90.143208, 38.068425, 0.0 ], [ -90.146335, 38.069784, 0.0 ], [ -90.149303, 38.070713, 0.0 ], [ -90.152865, 38.072312, 0.0 ], [ -90.153754, 38.072949, 0.0 ], [ -90.158279, 38.074957, 0.0 ], [ -90.161568, 38.074897, 0.0 ], [ -90.163419, 38.074353, 0.0 ], [ -90.172226, 38.069643, 0.0 ], [ -90.176046, 38.070667, 0.0 ], [ -90.178836, 38.071893, 0.0 ], [ -90.188121, 38.076858, 0.0 ], [ -90.202774, 38.085166, 0.0 ], [ -90.206691, 38.087976, 0.0 ], [ -90.217025, 38.093473, 0.0 ], [ -90.228198, 38.101276, 0.0 ], [ -90.230336, 38.103425, 0.0 ], [ -90.234311, 38.106069, 0.0 ], [ -90.237953, 38.108204, 0.0 ], [ -90.240719, 38.110382, 0.0 ], [ -90.24258, 38.112132, 0.0 ], [ -90.245657, 38.115898, 0.0 ], [ -90.248722, 38.120881, 0.0 ], [ -90.250124, 38.125061, 0.0 ], [ -90.252474, 38.127554, 0.0 ], [ -90.274849, 38.157566, 0.0 ], [ -90.282986, 38.16438, 0.0 ], [ -90.290635, 38.17037, 0.0 ], [ -90.300335, 38.175146, 0.0 ], [ -90.310633, 38.17858, 0.0 ], [ -90.316882, 38.179484, 0.0 ], [ -90.323977, 38.182412, 0.0 ], [ -90.327224, 38.184318, 0.0 ], [ -90.330176, 38.18653, 0.0 ], [ -90.334178, 38.189864, 0.0 ], [ -90.33987, 38.196337, 0.0 ], [ -90.34331, 38.201311, 0.0 ], [ -90.35342, 38.21322, 0.0 ], [ -90.355799, 38.216894, 0.0 ], [ -90.358634, 38.221988, 0.0 ], [ -90.36225, 38.23118, 0.0 ], [ -90.363932, 38.236362, 0.0 ], [ -90.365145, 38.240731, 0.0 ], [ -90.366954, 38.248351, 0.0 ], [ -90.366878, 38.252485, 0.0 ], [ -90.367206, 38.255502, 0.0 ], [ -90.36845, 38.261641, 0.0 ], [ -90.369921, 38.267715, 0.0 ], [ -90.370739, 38.274448, 0.0 ], [ -90.371625, 38.280049, 0.0 ], [ -90.372428, 38.283732, 0.0 ], [ -90.372665, 38.286237, 0.0 ], [ -90.37256, 38.300425, 0.0 ], [ -90.371522, 38.306198, 0.0 ], [ -90.371667, 38.307872, 0.0 ], [ -90.372274, 38.31004, 0.0 ], [ -90.372533, 38.311962, 0.0 ], [ -90.372632, 38.316169, 0.0 ], [ -90.371411, 38.322976, 0.0 ], [ -90.371295, 38.326545, 0.0 ], [ -90.371482, 38.330904, 0.0 ], [ -90.370825, 38.333561, 0.0 ], [ -90.367393, 38.341133, 0.0 ], [ -90.364367, 38.347521, 0.0 ], [ -90.361214, 38.35245, 0.0 ], [ -90.357775, 38.357203, 0.0 ], [ -90.355948, 38.360467, 0.0 ], [ -90.354023, 38.367327, 0.0 ], [ -90.352111, 38.371827, 0.0 ], [ -90.349228, 38.37734, 0.0 ], [ -90.345124, 38.382841, 0.0 ], [ -90.341452, 38.388305, 0.0 ], [ -90.340395, 38.389297, 0.0 ], [ -90.337917, 38.390917, 0.0 ], [ -90.334283, 38.394851, 0.0 ], [ -90.330023, 38.397425, 0.0 ], [ -90.325845, 38.40097, 0.0 ], [ -90.320477, 38.406534, 0.0 ], [ -90.314378, 38.412359, 0.0 ], [ -90.311176, 38.415686, 0.0 ], [ -90.304215, 38.419959, 0.0 ], [ -90.296876, 38.424815, 0.0 ], [ -90.293691, 38.427467, 0.0 ], [ -90.29109, 38.430897, 0.0 ], [ -90.289907, 38.433143, 0.0 ], [ -90.288547, 38.436868, 0.0 ], [ -90.285679, 38.44567, 0.0 ], [ -90.284049, 38.451681, 0.0 ], [ -90.282683, 38.457552, 0.0 ], [ -90.282393, 38.46056, 0.0 ], [ -90.280932, 38.466418, 0.0 ], [ -90.279197, 38.471879, 0.0 ], [ -90.279083, 38.474021, 0.0 ], [ -90.278537, 38.477689, 0.0 ], [ -90.277847, 38.479915, 0.0 ], [ -90.276805, 38.482473, 0.0 ], [ -90.274717, 38.486614, 0.0 ], [ -90.273877, 38.489066, 0.0 ], [ -90.273287, 38.491453, 0.0 ], [ -90.272189, 38.494254, 0.0 ], [ -90.271267, 38.497583, 0.0 ], [ -90.270544, 38.501547, 0.0 ], [ -90.269561, 38.504122, 0.0 ], [ -90.268766, 38.507196, 0.0 ], [ -90.266322, 38.512695, 0.0 ], [ -90.264929, 38.517234, 0.0 ], [ -90.264129, 38.520735, 0.0 ], [ -90.258032, 38.515739, 0.0 ], [ -90.240651, 38.502397, 0.0 ], [ -90.239692, 38.501501, 0.0 ], [ -90.226362, 38.491013, 0.0 ], [ -90.225141, 38.489579, 0.0 ], [ -90.221869, 38.487479, 0.0 ], [ -90.204093, 38.473347, 0.0 ], [ -90.203879, 38.472902, 0.0 ], [ -90.201637, 38.471389, 0.0 ], [ -90.186732, 38.459806, 0.0 ], [ -90.185827, 38.459273, 0.0 ], [ -90.183808, 38.457527, 0.0 ], [ -90.166698, 38.444004, 0.0 ], [ -90.145406, 38.426681, 0.0 ], [ -90.145536, 38.426269, 0.0 ], [ -90.145581, 38.4237, 0.0 ], [ -90.145446, 38.42269, 0.0 ], [ -90.145568, 38.41206, 0.0 ], [ -90.133892, 38.401668, 0.0 ], [ -90.129065, 38.397577, 0.0 ], [ -90.117407, 38.397467, 0.0 ], [ -90.114137, 38.397239, 0.0 ], [ -90.102181, 38.396902, 0.0 ], [ -90.091902, 38.396789, 0.0 ], [ -90.091773, 38.411399, 0.0 ], [ -90.07338, 38.411151, 0.0 ], [ -90.073155, 38.411061, 0.0 ], [ -90.073156, 38.410862, 0.0 ], [ -90.0389, 38.410788, 0.0 ], [ -90.038099, 38.410892, 0.0 ], [ -90.036406, 38.410858, 0.0 ], [ -90.036244, 38.41065, 0.0 ], [ -90.036113, 38.396306, 0.0 ], [ -89.927025, 38.395211, 0.0 ], [ -89.910683, 38.395192, 0.0 ], [ -89.908881, 38.395385, 0.0 ], [ -89.895708, 38.395056, 0.0 ], [ -89.846474, 38.394466, 0.0 ], [ -89.834135, 38.394553, 0.0 ], [ -89.781113, 38.393972, 0.0 ], [ -89.781844, 38.407234, 0.0 ], [ -89.780403, 38.406162, 0.0 ], [ -89.778233, 38.405234, 0.0 ], [ -89.777422, 38.405357, 0.0 ], [ -89.776917, 38.405663, 0.0 ], [ -89.774449, 38.40801, 0.0 ], [ -89.70423, 38.407565, 0.0 ], [ -89.704138, 38.392782, 0.0 ], [ -89.685549, 38.392686, 0.0 ], [ -89.649712, 38.392887, 0.0 ], [ -89.649692, 38.401234, 0.0 ], [ -89.641654, 38.401298, 0.0 ], [ -89.641569, 38.392942, 0.0 ], [ -89.593135, 38.393546, 0.0 ], [ -89.57884, 38.393403, 0.0 ], [ -89.568625, 38.393257, 0.0 ], [ -89.531285, 38.392095, 0.0 ], [ -89.495761, 38.391301, 0.0 ], [ -89.495711, 38.39948, 0.0 ], [ -89.494856, 38.399458, 0.0 ], [ -89.494842, 38.399736, 0.0 ], [ -89.492001, 38.39966, 0.0 ], [ -89.491972, 38.398471, 0.0 ], [ -89.477391, 38.398073, 0.0 ], [ -89.477647, 38.412668, 0.0 ], [ -89.479692, 38.412731, 0.0 ], [ -89.478885, 38.412858, 0.0 ], [ -89.478293, 38.413163, 0.0 ], [ -89.477845, 38.413651, 0.0 ], [ -89.477657, 38.414315, 0.0 ], [ -89.478126, 38.471383, 0.0 ], [ -89.478603, 38.471269, 0.0 ], [ -89.479429, 38.521874, 0.0 ], [ -89.479568, 38.565642, 0.0 ], [ -89.467654, 38.565574, 0.0 ], [ -89.467149, 38.565424, 0.0 ], [ -89.464745, 38.565404, 0.0 ], [ -89.443511, 38.565354, 0.0 ], [ -89.41113, 38.565596, 0.0 ], [ -89.405402, 38.565506, 0.0 ], [ -89.396086, 38.565753, 0.0 ], [ -89.396083, 38.565467, 0.0 ], [ -89.391905, 38.565481, 0.0 ], [ -89.386124, 38.565559, 0.0 ], [ -89.381662, 38.565846, 0.0 ], [ -89.380788, 38.565641, 0.0 ], [ -89.380046, 38.565922, 0.0 ], [ -89.372631, 38.565935, 0.0 ], [ -89.372625, 38.565769, 0.0 ], [ -89.358783, 38.56598, 0.0 ], [ -89.359055, 38.566188, 0.0 ], [ -89.346955, 38.566372, 0.0 ], [ -89.254114, 38.56686, 0.0 ], [ -89.254891, 38.508563, 0.0 ], [ -89.218096, 38.506492, 0.0 ], [ -89.181011, 38.505042, 0.0 ], [ -89.143872, 38.503096, 0.0 ], [ -89.144394, 38.473885, 0.0 ], [ -89.097981, 38.474235, 0.0 ], [ -89.070141, 38.474248, 0.0 ], [ -89.033161, 38.47397, 0.0 ], [ -89.016729, 38.474519, 0.0 ], [ -88.922434, 38.476976, 0.0 ], [ -88.82927, 38.475895, 0.0 ], [ -88.736451, 38.475526, 0.0 ], [ -88.713054, 38.475014, 0.0 ], [ -88.698967, 38.474921, 0.0 ], [ -88.673192, 38.475205, 0.0 ], [ -88.659742, 38.4752, 0.0 ], [ -88.6246, 38.476058, 0.0 ], [ -88.604025, 38.476369, 0.0 ], [ -88.587354, 38.476432, 0.0 ], [ -88.574422, 38.476047, 0.0 ], [ -88.52765, 38.474092, 0.0 ], [ -88.499463, 38.473116, 0.0 ], [ -88.490216, 38.472514, 0.0 ], [ -88.471171, 38.472639, 0.0 ], [ -88.403303, 38.471763, 0.0 ], [ -88.403975, 38.444445, 0.0 ], [ -88.402881, 38.444312, 0.0 ], [ -88.402899, 38.442557, 0.0 ], [ -88.401848, 38.442536, 0.0 ], [ -88.401858, 38.441648, 0.0 ], [ -88.402886, 38.441657, 0.0 ], [ -88.402916, 38.440123, 0.0 ], [ -88.401879, 38.440083, 0.0 ], [ -88.401859, 38.439301, 0.0 ], [ -88.401881, 38.438821, 0.0 ], [ -88.402723, 38.438874, 0.0 ], [ -88.403091, 38.438638, 0.0 ], [ -88.404077, 38.438568, 0.0 ], [ -88.405728, 38.38408, 0.0 ], [ -88.4058, 38.379376, 0.0 ], [ -88.405365, 38.378669, 0.0 ], [ -88.405007, 38.378493, 0.0 ], [ -88.406501, 38.377389, 0.0 ], [ -88.407391, 38.375816, 0.0 ], [ -88.40613, 38.376932, 0.0 ], [ -88.40625, 38.354111, 0.0 ], [ -88.373202, 38.354091, 0.0 ], [ -88.373256, 38.35776, 0.0 ], [ -88.369047, 38.357768, 0.0 ], [ -88.369252, 38.342983, 0.0 ], [ -88.360216, 38.342968, 0.0 ], [ -88.360198, 38.317618, 0.0 ], [ -88.360081, 38.317073, 0.0 ], [ -88.35963, 38.316284, 0.0 ], [ -88.359041, 38.31574, 0.0 ], [ -88.352092, 38.310998, 0.0 ], [ -88.35144, 38.310291, 0.0 ], [ -88.351107, 38.309474, 0.0 ], [ -88.351125, 38.301419, 0.0 ], [ -88.351859, 38.275859, 0.0 ], [ -88.351613, 38.274573, 0.0 ], [ -88.351198, 38.273629, 0.0 ], [ -88.349317, 38.271084, 0.0 ], [ -88.348377, 38.269337, 0.0 ], [ -88.347905, 38.267639, 0.0 ], [ -88.347764, 38.265954, 0.0 ], [ -88.33889, 38.267414, 0.0 ], [ -88.335799, 38.267615, 0.0 ], [ -88.333244, 38.267492, 0.0 ], [ -88.324769, 38.266348, 0.0 ], [ -88.314901, 38.266196, 0.0 ], [ -88.296567, 38.263607, 0.0 ], [ -88.286732, 38.26064, 0.0 ], [ -88.28254, 38.259891, 0.0 ], [ -88.279896, 38.259787, 0.0 ], [ -88.259952, 38.26071, 0.0 ], [ -88.256766, 38.260526, 0.0 ], [ -88.254274, 38.260084, 0.0 ], [ -88.251874, 38.259388, 0.0 ], [ -88.249616, 38.258449, 0.0 ], [ -88.247075, 38.25708, 0.0 ], [ -88.233393, 38.257032, 0.0 ], [ -88.205928, 38.256559, 0.0 ], [ -88.173602, 38.256594, 0.0 ], [ -88.152066, 38.256059, 0.0 ], [ -88.150805, 38.256165, 0.0 ], [ -88.027755, 38.255668, 0.0 ], [ -88.027683, 38.259901, 0.0 ], [ -87.990634, 38.259636, 0.0 ], [ -87.990836, 38.258536, 0.0 ], [ -87.990662, 38.258238, 0.0 ], [ -87.989673, 38.257644, 0.0 ], [ -87.987917, 38.256964, 0.0 ], [ -87.988084, 38.256724, 0.0 ], [ -87.98817, 38.255845, 0.0 ], [ -87.987877, 38.255148, 0.0 ], [ -87.984653, 38.251884, 0.0 ], [ -87.983064, 38.250053, 0.0 ], [ -87.980911, 38.245126, 0.0 ], [ -87.979795, 38.241668, 0.0 ], [ -87.979635, 38.240557, 0.0 ], [ -87.979695, 38.238953, 0.0 ], [ -87.980164, 38.236122, 0.0 ], [ -87.981221, 38.234222, 0.0 ], [ -87.984844, 38.228681, 0.0 ], [ -87.985564, 38.222489, 0.0 ], [ -87.985633, 38.218, 0.0 ], [ -87.985192, 38.21486, 0.0 ], [ -87.983979, 38.209114, 0.0 ], [ -87.982769, 38.206712, 0.0 ], [ -87.979814, 38.202661, 0.0 ], [ -87.975825, 38.197841, 0.0 ], [ -87.969871, 38.191793, 0.0 ], [ -87.959506, 38.184383, 0.0 ], [ -87.957521, 38.18325, 0.0 ], [ -87.947687, 38.178914, 0.0 ], [ -87.945141, 38.177567, 0.0 ], [ -87.940497, 38.174909, 0.0 ], [ -87.937168, 38.172196, 0.0 ], [ -87.936449, 38.171362, 0.0 ], [ -87.935054, 38.16838, 0.0 ], [ -87.933765, 38.164358, 0.0 ], [ -87.933757, 38.163101, 0.0 ], [ -87.934184, 38.161342, 0.0 ], [ -87.93524, 38.159322, 0.0 ], [ -87.935257, 38.158742, 0.0 ], [ -87.934643, 38.156755, 0.0 ], [ -87.934305, 38.156466, 0.0 ], [ -87.933774, 38.156324, 0.0 ], [ -87.931217, 38.156355, 0.0 ], [ -87.927419, 38.15818, 0.0 ], [ -87.926394, 38.158847, 0.0 ], [ -87.925969, 38.159349, 0.0 ], [ -87.924587, 38.161419, 0.0 ], [ -87.924519, 38.162032, 0.0 ], [ -87.924662, 38.163683, 0.0 ], [ -87.925902, 38.16648, 0.0 ], [ -87.925236, 38.170641, 0.0 ], [ -87.924247, 38.172237, 0.0 ], [ -87.922907, 38.173298, 0.0 ], [ -87.921726, 38.173817, 0.0 ], [ -87.920718, 38.174039, 0.0 ], [ -87.917006, 38.174085, 0.0 ], [ -87.913094, 38.171537, 0.0 ], [ -87.912684, 38.171056, 0.0 ], [ -87.912331, 38.170066, 0.0 ], [ -87.910798, 38.167673, 0.0 ], [ -87.910629, 38.166611, 0.0 ], [ -87.91104, 38.162201, 0.0 ], [ -87.912874, 38.160595, 0.0 ], [ -87.91367, 38.159205, 0.0 ], [ -87.91519, 38.157795, 0.0 ], [ -87.917725, 38.155896, 0.0 ], [ -87.919096, 38.155139, 0.0 ], [ -87.924094, 38.152929, 0.0 ], [ -87.925897, 38.152919, 0.0 ], [ -87.927239, 38.152315, 0.0 ], [ -87.927905, 38.151653, 0.0 ], [ -87.928276, 38.1509, 0.0 ], [ -87.92824, 38.150423, 0.0 ], [ -87.926901, 38.149189, 0.0 ], [ -87.925899, 38.147839, 0.0 ], [ -87.925506, 38.146258, 0.0 ], [ -87.925442, 38.14487, 0.0 ], [ -87.925817, 38.14364, 0.0 ], [ -87.926633, 38.142553, 0.0 ], [ -87.927836, 38.141552, 0.0 ], [ -87.929429, 38.140734, 0.0 ], [ -87.935141, 38.139435, 0.0 ], [ -87.938625, 38.136024, 0.0 ], [ -87.942181, 38.131766, 0.0 ], [ -87.944831, 38.127279, 0.0 ], [ -87.945478, 38.126623, 0.0 ], [ -87.945875, 38.126459, 0.0 ], [ -87.947214, 38.126931, 0.0 ], [ -87.947676, 38.127595, 0.0 ], [ -87.949182, 38.129081, 0.0 ], [ -87.951414, 38.130799, 0.0 ], [ -87.954864, 38.132629, 0.0 ], [ -87.955878, 38.132904, 0.0 ], [ -87.956949, 38.132881, 0.0 ], [ -87.959358, 38.132217, 0.0 ], [ -87.960488, 38.132102, 0.0 ], [ -87.964312, 38.132651, 0.0 ], [ -87.966399, 38.132513, 0.0 ], [ -87.968398, 38.131574, 0.0 ], [ -87.96947, 38.130751, 0.0 ], [ -87.971497, 38.127912, 0.0 ], [ -87.973004, 38.125053, 0.0 ], [ -87.974104, 38.12208, 0.0 ], [ -87.974278, 38.121988, 0.0 ], [ -87.974451, 38.120843, 0.0 ], [ -87.974508, 38.119607, 0.0 ], [ -87.974366, 38.11892, 0.0 ], [ -87.973957, 38.118255, 0.0 ], [ -87.973838, 38.113403, 0.0 ], [ -87.974242, 38.111641, 0.0 ], [ -87.974787, 38.110522, 0.0 ], [ -87.976064, 38.109569, 0.0 ], [ -87.978499, 38.10843, 0.0 ], [ -87.983074, 38.107146, 0.0 ], [ -87.985846, 38.107076, 0.0 ], [ -87.991281, 38.107469, 0.0 ], [ -87.997389, 38.108587, 0.0 ], [ -87.99823, 38.108564, 0.0 ], [ -88.000037, 38.107903, 0.0 ], [ -88.003236, 38.107277, 0.0 ], [ -88.009886, 38.105073, 0.0 ], [ -88.013124, 38.103534, 0.0 ], [ -88.01512, 38.101418, 0.0 ], [ -88.015922, 38.099825, 0.0 ], [ -88.016735, 38.097264, 0.0 ], [ -88.016812, 38.095724, 0.0 ], [ -88.014639, 38.090405, 0.0 ], [ -88.014156, 38.088832, 0.0 ], [ -88.013131, 38.086815, 0.0 ], [ -88.012137, 38.085282, 0.0 ], [ -88.011396, 38.084698, 0.0 ], [ -88.010149, 38.084388, 0.0 ], [ -88.006723, 38.083931, 0.0 ], [ -88.004703, 38.083972, 0.0 ], [ -88.002641, 38.084497, 0.0 ], [ -87.996994, 38.086658, 0.0 ], [ -87.990102, 38.088744, 0.0 ], [ -87.985556, 38.090348, 0.0 ], [ -87.975306, 38.094175, 0.0 ], [ -87.968819, 38.095939, 0.0 ], [ -87.968037, 38.096283, 0.0 ], [ -87.966299, 38.097519, 0.0 ], [ -87.964012, 38.09942, 0.0 ], [ -87.96294, 38.099924, 0.0 ], [ -87.960683, 38.100198, 0.0 ], [ -87.960236, 38.0999, 0.0 ], [ -87.960469, 38.099093, 0.0 ], [ -87.960285, 38.096477, 0.0 ], [ -87.959144, 38.092546, 0.0 ], [ -87.956884, 38.088291, 0.0 ], [ -87.95667, 38.086209, 0.0 ], [ -87.959029, 38.081529, 0.0 ], [ -87.964, 38.074293, 0.0 ], [ -87.96582, 38.070541, 0.0 ], [ -87.967232, 38.067112, 0.0 ], [ -87.978741, 38.059822, 0.0 ], [ -87.988776, 38.055598, 0.0 ], [ -88.000036, 38.052352, 0.0 ], [ -88.001336, 38.051552, 0.0 ], [ -88.004737, 38.051052, 0.0 ], [ -88.010537, 38.051252, 0.0 ], [ -88.017237, 38.051752, 0.0 ], [ -88.030038, 38.052152, 0.0 ], [ -88.035338, 38.051152, 0.0 ], [ -88.037838, 38.050252, 0.0 ], [ -88.040438, 38.048452, 0.0 ], [ -88.042138, 38.046352, 0.0 ], [ -88.042438, 38.044552, 0.0 ], [ -88.042138, 38.038952, 0.0 ], [ -88.041538, 38.037352, 0.0 ], [ -88.040238, 38.035652, 0.0 ], [ -88.037938, 38.033952, 0.0 ], [ -88.034138, 38.032052, 0.0 ], [ -88.032538, 38.031652, 0.0 ], [ -88.030438, 38.031552, 0.0 ], [ -88.027737, 38.031752, 0.0 ], [ -88.024637, 38.032552, 0.0 ], [ -88.019637, 38.034252, 0.0 ], [ -88.017637, 38.034752, 0.0 ], [ -88.015937, 38.034652, 0.0 ], [ -88.012137, 38.033852, 0.0 ], [ -88.010537, 38.033052, 0.0 ], [ -88.008937, 38.031952, 0.0 ], [ -88.007937, 38.030852, 0.0 ], [ -88.007637, 38.029152, 0.0 ], [ -88.008637, 38.027552, 0.0 ], [ -88.010637, 38.026352, 0.0 ], [ -88.012737, 38.025652, 0.0 ], [ -88.015037, 38.025152, 0.0 ], [ -88.016937, 38.024052, 0.0 ], [ -88.018937, 38.021952, 0.0 ], [ -88.021037, 38.019352, 0.0 ], [ -88.022437, 38.017152, 0.0 ], [ -88.024437, 38.013052, 0.0 ], [ -88.025137, 38.011152, 0.0 ], [ -88.025637, 38.009152, 0.0 ], [ -88.025837, 38.007252, 0.0 ], [ -88.025437, 38.005652, 0.0 ], [ -88.023637, 38.000952, 0.0 ], [ -88.023137, 38.000052, 0.0 ], [ -88.023088, 37.998642, 0.0 ], [ -88.02287, 37.99799, 0.0 ], [ -88.019498, 37.991064, 0.0 ], [ -88.015223, 37.982964, 0.0 ], [ -88.01258, 37.977069, 0.0 ], [ -88.012277, 37.969948, 0.0 ], [ -88.012935, 37.966551, 0.0 ], [ -88.013888, 37.96458, 0.0 ], [ -88.015105, 37.962746, 0.0 ], [ -88.016317, 37.961581, 0.0 ], [ -88.020874, 37.959358, 0.0 ], [ -88.028224, 37.958416, 0.0 ], [ -88.031995, 37.958597, 0.0 ], [ -88.034806, 37.958, 0.0 ], [ -88.03589, 37.957488, 0.0 ], [ -88.036799, 37.9568, 0.0 ], [ -88.037019, 37.956283, 0.0 ], [ -88.036131, 37.942752, 0.0 ], [ -88.033001, 37.935539, 0.0 ], [ -88.03071, 37.932074, 0.0 ], [ -88.030346, 37.931052, 0.0 ], [ -88.03054, 37.929633, 0.0 ], [ -88.031073, 37.928896, 0.0 ], [ -88.034071, 37.926166, 0.0 ], [ -88.037741, 37.924606, 0.0 ], [ -88.03965, 37.924316, 0.0 ], [ -88.041302, 37.924297, 0.0 ], [ -88.04246, 37.924464, 0.0 ], [ -88.044995, 37.925106, 0.0 ], [ -88.047135, 37.926008, 0.0 ], [ -88.04936, 37.927199, 0.0 ], [ -88.050545, 37.928137, 0.0 ], [ -88.052799, 37.930495, 0.0 ], [ -88.053261, 37.931136, 0.0 ], [ -88.053636, 37.932533, 0.0 ], [ -88.054128, 37.933036, 0.0 ], [ -88.054763, 37.933494, 0.0 ], [ -88.057133, 37.934158, 0.0 ], [ -88.059908, 37.933838, 0.0 ], [ -88.063347, 37.932785, 0.0 ], [ -88.064821, 37.932029, 0.0 ], [ -88.067567, 37.930221, 0.0 ], [ -88.068954, 37.928572, 0.0 ], [ -88.069503, 37.927359, 0.0 ], [ -88.069619, 37.926855, 0.0 ], [ -88.069474, 37.925711, 0.0 ], [ -88.069011, 37.924246, 0.0 ], [ -88.068231, 37.922712, 0.0 ], [ -88.068029, 37.922712, 0.0 ], [ -88.06693, 37.921339, 0.0 ], [ -88.065196, 37.919691, 0.0 ], [ -88.063809, 37.918592, 0.0 ], [ -88.062248, 37.917905, 0.0 ], [ -88.053378, 37.916074, 0.0 ], [ -88.048495, 37.915478, 0.0 ], [ -88.042052, 37.914974, 0.0 ], [ -88.036388, 37.914904, 0.0 ], [ -88.034799, 37.914629, 0.0 ], [ -88.03295, 37.913667, 0.0 ], [ -88.031852, 37.913758, 0.0 ], [ -88.030205, 37.914353, 0.0 ], [ -88.02876, 37.914627, 0.0 ], [ -88.027316, 37.914718, 0.0 ], [ -88.02408, 37.914557, 0.0 ], [ -88.022519, 37.914763, 0.0 ], [ -88.021884, 37.91419, 0.0 ], [ -88.02083, 37.913765, 0.0 ], [ -88.020066, 37.912907, 0.0 ], [ -88.019899, 37.912359, 0.0 ], [ -88.019983, 37.909778, 0.0 ], [ -88.017822, 37.902703, 0.0 ], [ -88.015965, 37.899959, 0.0 ], [ -88.013361, 37.894861, 0.0 ], [ -88.013457, 37.893958, 0.0 ], [ -88.014357, 37.891923, 0.0 ], [ -88.015161, 37.890799, 0.0 ], [ -88.017079, 37.889229, 0.0 ], [ -88.018699, 37.88841, 0.0 ], [ -88.02029, 37.888058, 0.0 ], [ -88.023216, 37.888339, 0.0 ], [ -88.024824, 37.888867, 0.0 ], [ -88.026575, 37.891031, 0.0 ], [ -88.02781, 37.892051, 0.0 ], [ -88.029144, 37.892644, 0.0 ], [ -88.031283, 37.892973, 0.0 ], [ -88.035998, 37.892784, 0.0 ], [ -88.038785, 37.892057, 0.0 ], [ -88.044932, 37.891223, 0.0 ], [ -88.049551, 37.891111, 0.0 ], [ -88.055379, 37.891245, 0.0 ], [ -88.056671, 37.891693, 0.0 ], [ -88.058162, 37.89276, 0.0 ], [ -88.06215, 37.893941, 0.0 ], [ -88.067903, 37.894856, 0.0 ], [ -88.071455, 37.89582, 0.0 ], [ -88.079014, 37.900512, 0.0 ], [ -88.082896, 37.903635, 0.0 ], [ -88.086243, 37.90572, 0.0 ], [ -88.092664, 37.906205, 0.0 ], [ -88.095668, 37.905815, 0.0 ], [ -88.097766, 37.904033, 0.0 ], [ -88.097898, 37.901524, 0.0 ], [ -88.094962, 37.893696, 0.0 ], [ -88.093527, 37.891959, 0.0 ], [ -88.093055, 37.891611, 0.0 ], [ -88.093838, 37.891219, 0.0 ], [ -88.095894, 37.889684, 0.0 ], [ -88.098144, 37.889813, 0.0 ], [ -88.098837, 37.890251, 0.0 ], [ -88.098771, 37.890583, 0.0 ], [ -88.098529, 37.890908, 0.0 ], [ -88.096974, 37.892019, 0.0 ], [ -88.096739, 37.892551, 0.0 ], [ -88.096848, 37.89293, 0.0 ], [ -88.097695, 37.893412, 0.0 ], [ -88.10056, 37.893978, 0.0 ], [ -88.101364, 37.894543, 0.0 ], [ -88.102114, 37.895938, 0.0 ], [ -88.102292, 37.897703, 0.0 ], [ -88.102664, 37.898267, 0.0 ], [ -88.103461, 37.898941, 0.0 ], [ -88.105812, 37.89985, 0.0 ], [ -88.106668, 37.900413, 0.0 ], [ -88.107893, 37.901541, 0.0 ], [ -88.109123, 37.902965, 0.0 ], [ -88.11058, 37.904203, 0.0 ], [ -88.113963, 37.906276, 0.0 ], [ -88.115089, 37.906762, 0.0 ], [ -88.122265, 37.908649, 0.0 ], [ -88.124091, 37.909423, 0.0 ], [ -88.12548, 37.91013, 0.0 ], [ -88.133505, 37.915068, 0.0 ], [ -88.135893, 37.916125, 0.0 ], [ -88.135987, 37.907802, 0.0 ], [ -88.136544, 37.907744, 0.0 ], [ -88.169839, 37.907563, 0.0 ], [ -88.181607, 37.908065, 0.0 ], [ -88.196803, 37.908, 0.0 ], [ -88.227474, 37.90868, 0.0 ], [ -88.262423, 37.908631, 0.0 ], [ -88.280495, 37.908812, 0.0 ], [ -88.30346, 37.908795, 0.0 ], [ -88.308449, 37.908326, 0.0 ], [ -88.31882, 37.908931, 0.0 ], [ -88.35173, 37.908907, 0.0 ], [ -88.356941, 37.90909, 0.0 ], [ -88.357196, 37.908527, 0.0 ], [ -88.374527, 37.908398, 0.0 ], [ -88.374403, 37.951103, 0.0 ], [ -88.37465, 37.973402, 0.0 ], [ -88.37444, 37.980729, 0.0 ], [ -88.374448, 37.994602, 0.0 ], [ -88.37397, 38.031362, 0.0 ], [ -88.373998, 38.03867, 0.0 ], [ -88.405767, 38.038957, 0.0 ], [ -88.443131, 38.039008, 0.0 ], [ -88.468956, 38.03876, 0.0 ], [ -88.484458, 38.038286, 0.0 ], [ -88.502067, 38.038474, 0.0 ], [ -88.553209, 38.038562, 0.0 ], [ -88.608422, 38.038095, 0.0 ], [ -88.612793, 38.038256, 0.0 ], [ -88.633144, 38.038297, 0.0 ], [ -88.705853, 38.038005, 0.0 ], [ -88.705861, 38.027223, 0.0 ], [ -88.706259, 38.004175, 0.0 ], [ -88.706165, 38.000055, 0.0 ], [ -88.706494, 37.951056, 0.0 ], [ -88.798799, 37.950985, 0.0 ], [ -88.799148, 37.950869, 0.0 ], [ -88.822139, 37.950663, 0.0 ], [ -88.82646, 37.950674, 0.0 ], [ -88.826992, 37.950832, 0.0 ], [ -88.83107, 37.950665, 0.0 ], [ -88.860481, 37.950762, 0.0 ], [ -88.863626, 37.950641, 0.0 ], [ -88.863974, 37.950833, 0.0 ], [ -88.882038, 37.950584, 0.0 ], [ -88.882228, 37.950684, 0.0 ], [ -88.893984, 37.950569, 0.0 ], [ -88.894383, 37.950713, 0.0 ], [ -88.894634, 37.950566, 0.0 ], [ -88.92863, 37.95027, 0.0 ], [ -88.994343, 37.950113, 0.0 ], [ -89.000231, 37.950258, 0.0 ], [ -89.001998, 37.950062, 0.0 ], [ -89.003358, 37.950179, 0.0 ], [ -89.136042, 37.950015, 0.0 ], [ -89.138325, 37.950063, 0.0 ], [ -89.138582, 37.950481, 0.0 ], [ -89.15084, 37.950203, 0.0 ], [ -89.18048, 37.950368, 0.0 ], [ -89.199175, 37.950193, 0.0 ], [ -89.262313, 37.950493, 0.0 ], [ -89.263103, 37.921421, 0.0 ], [ -89.262986, 37.918588, 0.0 ], [ -89.263064, 37.906996, 0.0 ], [ -89.26348, 37.885347, 0.0 ], [ -89.26424, 37.863072, 0.0 ], [ -89.264536, 37.845893, 0.0 ], [ -89.265027, 37.826536, 0.0 ], [ -89.265141, 37.826291, 0.0 ], [ -89.265762, 37.791472, 0.0 ], [ -89.266771, 37.754215, 0.0 ], [ -89.267119, 37.724723, 0.0 ], [ -89.267846, 37.703314, 0.0 ], [ -89.268039, 37.686585, 0.0 ] ] ] } },
{ "type": "Feature", "properties": { "OID_": 0, "DISTRICT": "59", "STA": "IL", "ST": "17", "LABEL": "59", "DIST_NAME": "State Senate District 59", "TYPE": "State Legislature - Upper Chamber", "TYPE_ABB": "Leg_Upper", "ELECT_YEAR": "Enacted" }, "geometry": { "type": "Polygon", "coordinates": [ [ [ -89.170015, 36.970305, 0.0 ], [ -89.177241, 36.970892, 0.0 ], [ -89.185497, 36.973525, 0.0 ], [ -89.192103, 36.980002, 0.0 ], [ -89.194093, 36.985666, 0.0 ], [ -89.195045, 36.989775, 0.0 ], [ -89.195285, 36.993414, 0.0 ], [ -89.195035, 37.000058, 0.0 ], [ -89.198494, 37.01173, 0.0 ], [ -89.199814, 37.01459, 0.0 ], [ -89.200799, 37.016171, 0.0 ], [ -89.203414, 37.018863, 0.0 ], [ -89.205059, 37.020064, 0.0 ], [ -89.206193, 37.020507, 0.0 ], [ -89.209742, 37.02277, 0.0 ], [ -89.215679, 37.026143, 0.0 ], [ -89.219191, 37.027702, 0.0 ], [ -89.225488, 37.031084, 0.0 ], [ -89.227638, 37.032449, 0.0 ], [ -89.229396, 37.033899, 0.0 ], [ -89.232263, 37.035688, 0.0 ], [ -89.234059, 37.037284, 0.0 ], [ -89.237117, 37.041019, 0.0 ], [ -89.238259, 37.04286, 0.0 ], [ -89.23938, 37.044814, 0.0 ], [ -89.241043, 37.048547, 0.0 ], [ -89.245654, 37.05779, 0.0 ], [ -89.250082, 37.06484, 0.0 ], [ -89.254936, 37.072021, 0.0 ], [ -89.256463, 37.069501, 0.0 ], [ -89.259488, 37.065281, 0.0 ], [ -89.259314, 37.064738, 0.0 ], [ -89.259941, 37.064077, 0.0 ], [ -89.261677, 37.064104, 0.0 ], [ -89.264485, 37.06482, 0.0 ], [ -89.280368, 37.065229, 0.0 ], [ -89.281583, 37.065677, 0.0 ], [ -89.283479, 37.065816, 0.0 ], [ -89.283674, 37.06674, 0.0 ], [ -89.294021, 37.06735, 0.0 ], [ -89.298903, 37.068316, 0.0 ], [ -89.300188, 37.068706, 0.0 ], [ -89.30433, 37.069165, 0.0 ], [ -89.305244, 37.069142, 0.0 ], [ -89.307732, 37.069661, 0.0 ], [ -89.308296, 37.068378, 0.0 ], [ -89.310825, 37.057904, 0.0 ], [ -89.310402, 37.055948, 0.0 ], [ -89.309407, 37.053776, 0.0 ], [ -89.307403, 37.050439, 0.0 ], [ -89.304758, 37.047572, 0.0 ], [ -89.301374, 37.044989, 0.0 ], [ -89.291191, 37.040415, 0.0 ], [ -89.28411, 37.038286, 0.0 ], [ -89.277721, 37.036147, 0.0 ], [ -89.275216, 37.034713, 0.0 ], [ -89.266292, 37.02869, 0.0 ], [ -89.260009, 37.023295, 0.0 ], [ -89.257614, 37.015503, 0.0 ], [ -89.263533, 37.000057, 0.0 ], [ -89.266248, 36.996309, 0.0 ], [ -89.26957, 36.993408, 0.0 ], [ -89.274204, 36.990502, 0.0 ], [ -89.278634, 36.988677, 0.0 ], [ -89.292136, 36.992196, 0.0 ], [ -89.317174, 37.012774, 0.0 ], [ -89.322988, 37.016097, 0.0 ], [ -89.33117, 37.019943, 0.0 ], [ -89.346002, 37.025528, 0.0 ], [ -89.362403, 37.030163, 0.0 ], [ -89.367958, 37.033251, 0.0 ], [ -89.376638, 37.038489, 0.0 ], [ -89.379616, 37.040676, 0.0 ], [ -89.38165, 37.043017, 0.0 ], [ -89.382599, 37.044385, 0.0 ], [ -89.383943, 37.046448, 0.0 ], [ -89.384687, 37.048258, 0.0 ], [ -89.385142, 37.050945, 0.0 ], [ -89.38544, 37.055137, 0.0 ], [ -89.385192, 37.057755, 0.0 ], [ -89.380983, 37.065699, 0.0 ], [ -89.378895, 37.070506, 0.0 ], [ -89.377097, 37.075443, 0.0 ], [ -89.375718, 37.080512, 0.0 ], [ -89.375544, 37.08184, 0.0 ], [ -89.375621, 37.085943, 0.0 ], [ -89.377119, 37.090772, 0.0 ], [ -89.378716, 37.094593, 0.0 ], [ -89.384181, 37.103274, 0.0 ], [ -89.385073, 37.104432, 0.0 ], [ -89.388056, 37.107488, 0.0 ], [ -89.388982, 37.108284, 0.0 ], [ -89.393433, 37.111204, 0.0 ], [ -89.400996, 37.115359, 0.0 ], [ -89.407457, 37.119314, 0.0 ], [ -89.411736, 37.122514, 0.0 ], [ -89.414477, 37.125057, 0.0 ], [ -89.425586, 37.138242, 0.0 ], [ -89.435208, 37.152097, 0.0 ], [ -89.438281, 37.161294, 0.0 ], [ -89.447243, 37.174457, 0.0 ], [ -89.456111, 37.188127, 0.0 ], [ -89.461868, 37.199524, 0.0 ], [ -89.462682, 37.203358, 0.0 ], [ -89.467637, 37.218207, 0.0 ], [ -89.467506, 37.221851, 0.0 ], [ -89.465791, 37.22587, 0.0 ], [ -89.459975, 37.236582, 0.0 ], [ -89.458308, 37.240375, 0.0 ], [ -89.457838, 37.242601, 0.0 ], [ -89.458252, 37.247073, 0.0 ], [ -89.458833, 37.248668, 0.0 ], [ -89.460012, 37.250057, 0.0 ], [ -89.460698, 37.250584, 0.0 ], [ -89.462666, 37.251527, 0.0 ], [ -89.466875, 37.252743, 0.0 ], [ -89.470531, 37.253364, 0.0 ], [ -89.474479, 37.253332, 0.0 ], [ -89.479211, 37.253059, 0.0 ], [ -89.484134, 37.251966, 0.0 ], [ -89.489921, 37.251322, 0.0 ], [ -89.496392, 37.258481, 0.0 ], [ -89.502309, 37.263745, 0.0 ], [ -89.509268, 37.271378, 0.0 ], [ -89.515368, 37.278916, 0.0 ], [ -89.517676, 37.283179, 0.0 ], [ -89.518475, 37.286263, 0.0 ], [ -89.518399, 37.289361, 0.0 ], [ -89.517941, 37.291257, 0.0 ], [ -89.517698, 37.292047, 0.0 ], [ -89.515732, 37.295412, 0.0 ], [ -89.514602, 37.299341, 0.0 ], [ -89.514048, 37.303783, 0.0 ], [ -89.512839, 37.308485, 0.0 ], [ -89.511848, 37.310832, 0.0 ], [ -89.510766, 37.312751, 0.0 ], [ -89.509705, 37.314267, 0.0 ], [ -89.50818, 37.315669, 0.0 ], [ -89.499096, 37.321497, 0.0 ], [ -89.497285, 37.322835, 0.0 ], [ -89.495166, 37.324802, 0.0 ], [ -89.4912, 37.331368, 0.0 ], [ -89.489011, 37.333375, 0.0 ], [ -89.487778, 37.33409, 0.0 ], [ -89.484217, 37.335653, 0.0 ], [ -89.481025, 37.336683, 0.0 ], [ -89.474575, 37.338172, 0.0 ], [ -89.46161, 37.339048, 0.0 ], [ -89.454729, 37.33929, 0.0 ], [ -89.451309, 37.339603, 0.0 ], [ -89.447562, 37.340482, 0.0 ], [ -89.445213, 37.341314, 0.0 ], [ -89.441853, 37.343013, 0.0 ], [ -89.436046, 37.344448, 0.0 ], [ -89.434322, 37.345631, 0.0 ], [ -89.432842, 37.347063, 0.0 ], [ -89.431864, 37.348316, 0.0 ], [ -89.429744, 37.351963, 0.0 ], [ -89.428191, 37.356165, 0.0 ], [ -89.426452, 37.364143, 0.0 ], [ -89.422043, 37.380537, 0.0 ], [ -89.420548, 37.388014, 0.0 ], [ -89.420945, 37.393959, 0.0 ], [ -89.426528, 37.409005, 0.0 ], [ -89.434136, 37.426854, 0.0 ], [ -89.436849, 37.432243, 0.0 ], [ -89.439775, 37.437207, 0.0 ], [ -89.443499, 37.442136, 0.0 ], [ -89.44657, 37.445578, 0.0 ], [ -89.450975, 37.450076, 0.0 ], [ -89.452646, 37.451662, 0.0 ], [ -89.462689, 37.459895, 0.0 ], [ -89.466501, 37.462599, 0.0 ], [ -89.471207, 37.46648, 0.0 ], [ -89.472778, 37.46808, 0.0 ], [ -89.475531, 37.471395, 0.0 ], [ -89.480165, 37.477944, 0.0 ], [ -89.489702, 37.490409, 0.0 ], [ -89.492057, 37.494015, 0.0 ], [ -89.494285, 37.497779, 0.0 ], [ -89.497695, 37.504955, 0.0 ], [ -89.499504, 37.510317, 0.0 ], [ -89.500102, 37.512769, 0.0 ], [ -89.502923, 37.517877, 0.0 ], [ -89.50682, 37.523167, 0.0 ], [ -89.508378, 37.525763, 0.0 ], [ -89.511157, 37.528217, 0.0 ], [ -89.512406, 37.529817, 0.0 ], [ -89.513569, 37.531708, 0.0 ], [ -89.516453, 37.535565, 0.0 ], [ -89.517057, 37.537285, 0.0 ], [ -89.5189, 37.546115, 0.0 ], [ -89.520574, 37.551357, 0.0 ], [ -89.521099, 37.553812, 0.0 ], [ -89.521703, 37.557332, 0.0 ], [ -89.521931, 37.560742, 0.0 ], [ -89.521985, 37.563404, 0.0 ], [ -89.52128, 37.578977, 0.0 ], [ -89.52081, 37.581161, 0.0 ], [ -89.519814, 37.582754, 0.0 ], [ -89.518013, 37.583968, 0.0 ], [ -89.516544, 37.58451, 0.0 ], [ -89.513949, 37.584822, 0.0 ], [ -89.509548, 37.584154, 0.0 ], [ -89.504668, 37.582685, 0.0 ], [ -89.494057, 37.580123, 0.0 ], [ -89.492164, 37.58008, 0.0 ], [ -89.489066, 37.580325, 0.0 ], [ -89.486068, 37.58086, 0.0 ], [ -89.484346, 37.581422, 0.0 ], [ -89.481124, 37.58298, 0.0 ], [ -89.479117, 37.584395, 0.0 ], [ -89.477554, 37.585892, 0.0 ], [ -89.476517, 37.588163, 0.0 ], [ -89.476036, 37.590233, 0.0 ], [ -89.475938, 37.593005, 0.0 ], [ -89.47652, 37.595561, 0.0 ], [ -89.478405, 37.598876, 0.0 ], [ -89.480818, 37.601781, 0.0 ], [ -89.485798, 37.607164, 0.0 ], [ -89.487799, 37.609174, 0.0 ], [ -89.490468, 37.611337, 0.0 ], [ -89.492853, 37.61317, 0.0 ], [ -89.49507, 37.614533, 0.0 ], [ -89.497103, 37.616184, 0.0 ], [ -89.500092, 37.619669, 0.0 ], [ -89.506569, 37.625057, 0.0 ], [ -89.509268, 37.629998, 0.0 ], [ -89.510532, 37.631761, 0.0 ], [ -89.515655, 37.636452, 0.0 ], [ -89.517724, 37.641224, 0.0 ], [ -89.517142, 37.643796, 0.0 ], [ -89.515866, 37.645562, 0.0 ], [ -89.515909, 37.65081, 0.0 ], [ -89.516833, 37.656096, 0.0 ], [ -89.516724, 37.66083, 0.0 ], [ -89.516152, 37.667982, 0.0 ], [ -89.515442, 37.671377, 0.0 ], [ -89.513933, 37.676582, 0.0 ], [ -89.512046, 37.680992, 0.0 ], [ -89.512015, 37.685532, 0.0 ], [ -89.514261, 37.68993, 0.0 ], [ -89.51664, 37.692717, 0.0 ], [ -89.454339, 37.692312, 0.0 ], [ -89.435103, 37.689863, 0.0 ], [ -89.415542, 37.689338, 0.0 ], [ -89.375081, 37.687754, 0.0 ], [ -89.369564, 37.687885, 0.0 ], [ -89.360971, 37.68752, 0.0 ], [ -89.33961, 37.687437, 0.0 ], [ -89.323609, 37.687191, 0.0 ], [ -89.319599, 37.687492, 0.0 ], [ -89.318556, 37.687338, 0.0 ], [ -89.299204, 37.687073, 0.0 ], [ -89.277944, 37.686841, 0.0 ], [ -89.277643, 37.686974, 0.0 ], [ -89.268039, 37.686585, 0.0 ], [ -89.267846, 37.703314, 0.0 ], [ -89.267119, 37.724723, 0.0 ], [ -89.266771, 37.754215, 0.0 ], [ -89.265762, 37.791472, 0.0 ], [ -89.265141, 37.826291, 0.0 ], [ -89.265027, 37.826536, 0.0 ], [ -89.264536, 37.845893, 0.0 ], [ -89.26424, 37.863072, 0.0 ], [ -89.26348, 37.885347, 0.0 ], [ -89.263064, 37.906996, 0.0 ], [ -89.262986, 37.918588, 0.0 ], [ -89.263103, 37.921421, 0.0 ], [ -89.262313, 37.950493, 0.0 ], [ -89.199175, 37.950193, 0.0 ], [ -89.18048, 37.950368, 0.0 ], [ -89.15084, 37.950203, 0.0 ], [ -89.138582, 37.950481, 0.0 ], [ -89.138325, 37.950063, 0.0 ], [ -89.136042, 37.950015, 0.0 ], [ -89.003358, 37.950179, 0.0 ], [ -89.001998, 37.950062, 0.0 ], [ -89.000231, 37.950258, 0.0 ], [ -88.994343, 37.950113, 0.0 ], [ -88.92863, 37.95027, 0.0 ], [ -88.894634, 37.950566, 0.0 ], [ -88.894383, 37.950713, 0.0 ], [ -88.893984, 37.950569, 0.0 ], [ -88.882228, 37.950684, 0.0 ], [ -88.882038, 37.950584, 0.0 ], [ -88.863974, 37.950833, 0.0 ], [ -88.863626, 37.950641, 0.0 ], [ -88.860481, 37.950762, 0.0 ], [ -88.83107, 37.950665, 0.0 ], [ -88.826992, 37.950832, 0.0 ], [ -88.82646, 37.950674, 0.0 ], [ -88.822139, 37.950663, 0.0 ], [ -88.799148, 37.950869, 0.0 ], [ -88.798799, 37.950985, 0.0 ], [ -88.706494, 37.951056, 0.0 ], [ -88.706165, 38.000055, 0.0 ], [ -88.706259, 38.004175, 0.0 ], [ -88.705861, 38.027223, 0.0 ], [ -88.705853, 38.038005, 0.0 ], [ -88.633144, 38.038297, 0.0 ], [ -88.612793, 38.038256, 0.0 ], [ -88.608422, 38.038095, 0.0 ], [ -88.553209, 38.038562, 0.0 ], [ -88.502067, 38.038474, 0.0 ], [ -88.484458, 38.038286, 0.0 ], [ -88.468956, 38.03876, 0.0 ], [ -88.443131, 38.039008, 0.0 ], [ -88.405767, 38.038957, 0.0 ], [ -88.373998, 38.03867, 0.0 ], [ -88.37397, 38.031362, 0.0 ], [ -88.374448, 37.994602, 0.0 ], [ -88.37444, 37.980729, 0.0 ], [ -88.37465, 37.973402, 0.0 ], [ -88.374403, 37.951103, 0.0 ], [ -88.374527, 37.908398, 0.0 ], [ -88.357196, 37.908527, 0.0 ], [ -88.356941, 37.90909, 0.0 ], [ -88.35173, 37.908907, 0.0 ], [ -88.31882, 37.908931, 0.0 ], [ -88.308449, 37.908326, 0.0 ], [ -88.30346, 37.908795, 0.0 ], [ -88.280495, 37.908812, 0.0 ], [ -88.262423, 37.908631, 0.0 ], [ -88.227474, 37.90868, 0.0 ], [ -88.196803, 37.908, 0.0 ], [ -88.181607, 37.908065, 0.0 ], [ -88.169839, 37.907563, 0.0 ], [ -88.136544, 37.907744, 0.0 ], [ -88.135987, 37.907802, 0.0 ], [ -88.135893, 37.916125, 0.0 ], [ -88.133505, 37.915068, 0.0 ], [ -88.12548, 37.91013, 0.0 ], [ -88.124091, 37.909423, 0.0 ], [ -88.122265, 37.908649, 0.0 ], [ -88.115089, 37.906762, 0.0 ], [ -88.113963, 37.906276, 0.0 ], [ -88.11058, 37.904203, 0.0 ], [ -88.109123, 37.902965, 0.0 ], [ -88.107893, 37.901541, 0.0 ], [ -88.106668, 37.900413, 0.0 ], [ -88.105812, 37.89985, 0.0 ], [ -88.103461, 37.898941, 0.0 ], [ -88.102664, 37.898267, 0.0 ], [ -88.102292, 37.897703, 0.0 ], [ -88.102114, 37.895938, 0.0 ], [ -88.101364, 37.894543, 0.0 ], [ -88.10056, 37.893978, 0.0 ], [ -88.097695, 37.893412, 0.0 ], [ -88.096848, 37.89293, 0.0 ], [ -88.096739, 37.892551, 0.0 ], [ -88.096974, 37.892019, 0.0 ], [ -88.098529, 37.890908, 0.0 ], [ -88.098771, 37.890583, 0.0 ], [ -88.098837, 37.890251, 0.0 ], [ -88.098572, 37.889993, 0.0 ], [ -88.097547, 37.88969, 0.0 ], [ -88.095894, 37.889684, 0.0 ], [ -88.093838, 37.891219, 0.0 ], [ -88.093055, 37.891611, 0.0 ], [ -88.089339, 37.888684, 0.0 ], [ -88.084391, 37.885589, 0.0 ], [ -88.078535, 37.879125, 0.0 ], [ -88.076024, 37.873324, 0.0 ], [ -88.074778, 37.870815, 0.0 ], [ -88.073166, 37.86836, 0.0 ], [ -88.072358, 37.866773, 0.0 ], [ -88.06854, 37.858018, 0.0 ], [ -88.06737, 37.856058, 0.0 ], [ -88.066218, 37.854461, 0.0 ], [ -88.065042, 37.853179, 0.0 ], [ -88.059431, 37.848739, 0.0 ], [ -88.053487, 37.846323, 0.0 ], [ -88.049459, 37.845194, 0.0 ], [ -88.043329, 37.844181, 0.0 ], [ -88.036027, 37.842651, 0.0 ], [ -88.033315, 37.841924, 0.0 ], [ -88.031425, 37.84121, 0.0 ], [ -88.028223, 37.838592, 0.0 ], [ -88.027366, 37.837061, 0.0 ], [ -88.026059, 37.833695, 0.0 ], [ -88.025927, 37.832701, 0.0 ], [ -88.026388, 37.831114, 0.0 ], [ -88.027052, 37.8296, 0.0 ], [ -88.028699, 37.827116, 0.0 ], [ -88.031539, 37.825099, 0.0 ], [ -88.033017, 37.82439, 0.0 ], [ -88.036964, 37.82317, 0.0 ], [ -88.043837, 37.821532, 0.0 ], [ -88.047953, 37.821734, 0.0 ], [ -88.05514, 37.822374, 0.0 ], [ -88.058061, 37.822456, 0.0 ], [ -88.061018, 37.823022, 0.0 ], [ -88.063678, 37.823869, 0.0 ], [ -88.06776, 37.825652, 0.0 ], [ -88.074048, 37.829167, 0.0 ], [ -88.076433, 37.830246, 0.0 ], [ -88.078001, 37.83078, 0.0 ], [ -88.07947, 37.830998, 0.0 ], [ -88.081938, 37.830689, 0.0 ], [ -88.085733, 37.829395, 0.0 ], [ -88.087631, 37.828202, 0.0 ], [ -88.090098, 37.825649, 0.0 ], [ -88.09155, 37.823228, 0.0 ], [ -88.091854, 37.822115, 0.0 ], [ -88.091773, 37.82092, 0.0 ], [ -88.091241, 37.819158, 0.0 ], [ -88.090045, 37.816778, 0.0 ], [ -88.088676, 37.815519, 0.0 ], [ -88.08685, 37.814451, 0.0 ], [ -88.085167, 37.813191, 0.0 ], [ -88.08321, 37.810904, 0.0 ], [ -88.077035, 37.805, 0.0 ], [ -88.070676, 37.801711, 0.0 ], [ -88.068928, 37.80099, 0.0 ], [ -88.066884, 37.800566, 0.0 ], [ -88.064187, 37.800438, 0.0 ], [ -88.062229, 37.800588, 0.0 ], [ -88.059668, 37.801203, 0.0 ], [ -88.054403, 37.803529, 0.0 ], [ -88.050832, 37.805825, 0.0 ], [ -88.045759, 37.808136, 0.0 ], [ -88.039892, 37.809748, 0.0 ], [ -88.037629, 37.809871, 0.0 ], [ -88.035462, 37.809527, 0.0 ], [ -88.032906, 37.808627, 0.0 ], [ -88.030787, 37.807336, 0.0 ], [ -88.029824, 37.806281, 0.0 ], [ -88.028483, 37.804424, 0.0 ], [ -88.028196, 37.802574, 0.0 ], [ -88.028363, 37.80004, 0.0 ], [ -88.028026, 37.799204, 0.0 ], [ -88.029856, 37.798259, 0.0 ], [ -88.031596, 37.797082, 0.0 ], [ -88.035277, 37.792655, 0.0 ], [ -88.036322, 37.791164, 0.0 ], [ -88.038595, 37.784513, 0.0 ], [ -88.038868, 37.783247, 0.0 ], [ -88.038949, 37.781806, 0.0 ], [ -88.039446, 37.780501, 0.0 ], [ -88.040135, 37.775525, 0.0 ], [ -88.040843, 37.771933, 0.0 ], [ -88.041599, 37.76941, 0.0 ], [ -88.042471, 37.767325, 0.0 ], [ -88.043706, 37.765234, 0.0 ], [ -88.044591, 37.763129, 0.0 ], [ -88.049189, 37.75508, 0.0 ], [ -88.051621, 37.751822, 0.0 ], [ -88.056269, 37.747989, 0.0 ], [ -88.056772, 37.747351, 0.0 ], [ -88.057921, 37.744768, 0.0 ], [ -88.059339, 37.742974, 0.0 ], [ -88.064339, 37.738095, 0.0 ], [ -88.069644, 37.733723, 0.0 ], [ -88.07032, 37.73333, 0.0 ], [ -88.070958, 37.733023, 0.0 ], [ -88.074704, 37.732399, 0.0 ], [ -88.076732, 37.731008, 0.0 ], [ -88.078064, 37.730414, 0.0 ], [ -88.083305, 37.729348, 0.0 ], [ -88.086652, 37.727634, 0.0 ], [ -88.090552, 37.72603, 0.0 ], [ -88.095714, 37.723222, 0.0 ], [ -88.097251, 37.722122, 0.0 ], [ -88.099284, 37.719844, 0.0 ], [ -88.100757, 37.71862, 0.0 ], [ -88.10322, 37.717539, 0.0 ], [ -88.116696, 37.712873, 0.0 ], [ -88.120239, 37.711234, 0.0 ], [ -88.121528, 37.71025, 0.0 ], [ -88.122977, 37.708641, 0.0 ], [ -88.124999, 37.70723, 0.0 ], [ -88.128634, 37.70188, 0.0 ], [ -88.132099, 37.697489, 0.0 ], [ -88.133032, 37.695865, 0.0 ], [ -88.133346, 37.695006, 0.0 ], [ -88.134221, 37.691547, 0.0 ], [ -88.134922, 37.690961, 0.0 ], [ -88.13702, 37.689858, 0.0 ], [ -88.137252, 37.688988, 0.0 ], [ -88.137972, 37.688532, 0.0 ], [ -88.138418, 37.687884, 0.0 ], [ -88.138878, 37.687694, 0.0 ], [ -88.142807, 37.684602, 0.0 ], [ -88.145144, 37.683001, 0.0 ], [ -88.14788, 37.680031, 0.0 ], [ -88.150553, 37.67676, 0.0 ], [ -88.152916, 37.67326, 0.0 ], [ -88.154407, 37.669758, 0.0 ], [ -88.157594, 37.66563, 0.0 ], [ -88.158408, 37.664239, 0.0 ], [ -88.159616, 37.661385, 0.0 ], [ -88.160092, 37.658927, 0.0 ], [ -88.160313, 37.656364, 0.0 ], [ -88.160159, 37.65433, 0.0 ], [ -88.158754, 37.649071, 0.0 ], [ -88.158598, 37.647348, 0.0 ], [ -88.158597, 37.642221, 0.0 ], [ -88.158298, 37.639197, 0.0 ], [ -88.157999, 37.636955, 0.0 ], [ -88.157074, 37.633282, 0.0 ], [ -88.156236, 37.631151, 0.0 ], [ -88.154602, 37.627803, 0.0 ], [ -88.153498, 37.624768, 0.0 ], [ -88.152899, 37.623996, 0.0 ], [ -88.152569, 37.622618, 0.0 ], [ -88.151887, 37.622153, 0.0 ], [ -88.150263, 37.618378, 0.0 ], [ -88.146423, 37.611233, 0.0 ], [ -88.142799, 37.605091, 0.0 ], [ -88.141871, 37.603258, 0.0 ], [ -88.140687, 37.599725, 0.0 ], [ -88.141856, 37.59968, 0.0 ], [ -88.141629, 37.597655, 0.0 ], [ -88.142389, 37.592439, 0.0 ], [ -88.1419, 37.591042, 0.0 ], [ -88.140789, 37.585224, 0.0 ], [ -88.136495, 37.577314, 0.0 ], [ -88.134287, 37.574643, 0.0 ], [ -88.133432, 37.574323, 0.0 ], [ -88.130948, 37.572717, 0.0 ], [ -88.129163, 37.571889, 0.0 ], [ -88.125692, 37.570672, 0.0 ], [ -88.123514, 37.569704, 0.0 ], [ -88.122357, 37.568986, 0.0 ], [ -88.115507, 37.56359, 0.0 ], [ -88.112955, 37.561287, 0.0 ], [ -88.110528, 37.559629, 0.0 ], [ -88.107006, 37.557552, 0.0 ], [ -88.105746, 37.556601, 0.0 ], [ -88.103144, 37.553942, 0.0 ], [ -88.101244, 37.551619, 0.0 ], [ -88.096916, 37.545705, 0.0 ], [ -88.096118, 37.544311, 0.0 ], [ -88.093353, 37.540479, 0.0 ], [ -88.091628, 37.538449, 0.0 ], [ -88.08945, 37.536373, 0.0 ], [ -88.08759, 37.535029, 0.0 ], [ -88.082931, 37.533617, 0.0 ], [ -88.081121, 37.532574, 0.0 ], [ -88.079473, 37.532501, 0.0 ], [ -88.077709, 37.532009, 0.0 ], [ -88.074446, 37.530394, 0.0 ], [ -88.072105, 37.528818, 0.0 ], [ -88.069845, 37.526442, 0.0 ], [ -88.06882, 37.525117, 0.0 ], [ -88.066993, 37.521255, 0.0 ], [ -88.06304, 37.51533, 0.0 ], [ -88.062685, 37.51434, 0.0 ], [ -88.062565, 37.513265, 0.0 ], [ -88.062876, 37.510429, 0.0 ], [ -88.062809, 37.50843, 0.0 ], [ -88.062543, 37.507487, 0.0 ], [ -88.06153, 37.505967, 0.0 ], [ -88.061257, 37.505183, 0.0 ], [ -88.061119, 37.504129, 0.0 ], [ -88.061283, 37.501986, 0.0 ], [ -88.06182, 37.499141, 0.0 ], [ -88.063075, 37.494931, 0.0 ], [ -88.063841, 37.49307, 0.0 ], [ -88.065074, 37.490906, 0.0 ], [ -88.065435, 37.488767, 0.0 ], [ -88.066883, 37.487501, 0.0 ], [ -88.067849, 37.485874, 0.0 ], [ -88.068443, 37.485456, 0.0 ], [ -88.069173, 37.485293, 0.0 ], [ -88.069662, 37.485305, 0.0 ], [ -88.071573, 37.485985, 0.0 ], [ -88.072656, 37.485948, 0.0 ], [ -88.073127, 37.485698, 0.0 ], [ -88.073353, 37.485429, 0.0 ], [ -88.073645, 37.482886, 0.0 ], [ -88.074261, 37.481621, 0.0 ], [ -88.075782, 37.480618, 0.0 ], [ -88.077188, 37.479183, 0.0 ], [ -88.080897, 37.473918, 0.0 ], [ -88.081905, 37.47305, 0.0 ], [ -88.082998, 37.472398, 0.0 ], [ -88.085462, 37.471571, 0.0 ], [ -88.087031, 37.471471, 0.0 ], [ -88.088983, 37.471728, 0.0 ], [ -88.090441, 37.472431, 0.0 ], [ -88.091931, 37.473569, 0.0 ], [ -88.093882, 37.47381, 0.0 ], [ -88.095832, 37.473587, 0.0 ], [ -88.096938, 37.4733, 0.0 ], [ -88.100358, 37.473557, 0.0 ], [ -88.1025, 37.473056, 0.0 ], [ -88.105622, 37.472817, 0.0 ], [ -88.107653, 37.472486, 0.0 ], [ -88.1124, 37.472337, 0.0 ], [ -88.114547, 37.472038, 0.0 ], [ -88.122911, 37.471902, 0.0 ], [ -88.123786, 37.471795, 0.0 ], [ -88.127144, 37.470745, 0.0 ], [ -88.128417, 37.470502, 0.0 ], [ -88.130157, 37.470739, 0.0 ], [ -88.132741, 37.471715, 0.0 ], [ -88.134094, 37.471844, 0.0 ], [ -88.135167, 37.471761, 0.0 ], [ -88.146052, 37.469657, 0.0 ], [ -88.150399, 37.468469, 0.0 ], [ -88.151155, 37.4681, 0.0 ], [ -88.156989, 37.466996, 0.0 ], [ -88.160319, 37.466529, 0.0 ], [ -88.168558, 37.466138, 0.0 ], [ -88.172094, 37.465735, 0.0 ], [ -88.173161, 37.465313, 0.0 ], [ -88.174659, 37.464126, 0.0 ], [ -88.175748, 37.463743, 0.0 ], [ -88.180363, 37.464186, 0.0 ], [ -88.181651, 37.463894, 0.0 ], [ -88.184165, 37.462965, 0.0 ], [ -88.186258, 37.462493, 0.0 ], [ -88.19178, 37.461413, 0.0 ], [ -88.196545, 37.46071, 0.0 ], [ -88.201392, 37.460664, 0.0 ], [ -88.204164, 37.460348, 0.0 ], [ -88.20854, 37.460244, 0.0 ], [ -88.211972, 37.459234, 0.0 ], [ -88.217301, 37.458796, 0.0 ], [ -88.221687, 37.457997, 0.0 ], [ -88.225669, 37.457542, 0.0 ], [ -88.22632, 37.457288, 0.0 ], [ -88.227974, 37.457106, 0.0 ], [ -88.231919, 37.457004, 0.0 ], [ -88.23472, 37.457213, 0.0 ], [ -88.240374, 37.456569, 0.0 ], [ -88.246982, 37.456543, 0.0 ], [ -88.251665, 37.456889, 0.0 ], [ -88.254622, 37.456651, 0.0 ], [ -88.255143, 37.456768, 0.0 ], [ -88.263112, 37.455548, 0.0 ], [ -88.267251, 37.455156, 0.0 ], [ -88.279213, 37.453299, 0.0 ], [ -88.281637, 37.452736, 0.0 ], [ -88.287465, 37.450977, 0.0 ], [ -88.295199, 37.447838, 0.0 ], [ -88.299725, 37.446312, 0.0 ], [ -88.303927, 37.444256, 0.0 ], [ -88.306313, 37.443518, 0.0 ], [ -88.308161, 37.442506, 0.0 ], [ -88.31198, 37.441008, 0.0 ], [ -88.313927, 37.43969, 0.0 ], [ -88.316664, 37.436986, 0.0 ], [ -88.318128, 37.435866, 0.0 ], [ -88.319309, 37.435335, 0.0 ], [ -88.322259, 37.43461, 0.0 ], [ -88.323639, 37.433999, 0.0 ], [ -88.325395, 37.432487, 0.0 ], [ -88.326969, 37.431444, 0.0 ], [ -88.330746, 37.429541, 0.0 ], [ -88.333512, 37.427155, 0.0 ], [ -88.335346, 37.424883, 0.0 ], [ -88.336728, 37.423686, 0.0 ], [ -88.342999, 37.417451, 0.0 ], [ -88.346607, 37.412644, 0.0 ], [ -88.347512, 37.411969, 0.0 ], [ -88.348404, 37.410967, 0.0 ], [ -88.351075, 37.409053, 0.0 ], [ -88.352552, 37.408904, 0.0 ], [ -88.352965, 37.40871, 0.0 ], [ -88.356845, 37.405901, 0.0 ], [ -88.360794, 37.403364, 0.0 ], [ -88.364471, 37.401743, 0.0 ], [ -88.366095, 37.401614, 0.0 ], [ -88.369603, 37.402112, 0.0 ], [ -88.371151, 37.402614, 0.0 ], [ -88.372143, 37.403113, 0.0 ], [ -88.373896, 37.404739, 0.0 ], [ -88.374893, 37.406498, 0.0 ], [ -88.377153, 37.409651, 0.0 ], [ -88.378687, 37.410404, 0.0 ], [ -88.382695, 37.413563, 0.0 ], [ -88.384343, 37.414593, 0.0 ], [ -88.395224, 37.42054, 0.0 ], [ -88.401253, 37.423109, 0.0 ], [ -88.403802, 37.423992, 0.0 ], [ -88.404812, 37.424101, 0.0 ], [ -88.405337, 37.424467, 0.0 ], [ -88.40653, 37.424811, 0.0 ], [ -88.409235, 37.425322, 0.0 ], [ -88.41212, 37.425068, 0.0 ], [ -88.423045, 37.420875, 0.0 ], [ -88.425212, 37.420296, 0.0 ], [ -88.428867, 37.419753, 0.0 ], [ -88.43237, 37.418816, 0.0 ], [ -88.434766, 37.418405, 0.0 ], [ -88.444092, 37.414862, 0.0 ], [ -88.452819, 37.410947, 0.0 ], [ -88.454548, 37.409855, 0.0 ], [ -88.457802, 37.407326, 0.0 ], [ -88.467085, 37.399846, 0.0 ], [ -88.469414, 37.397418, 0.0 ], [ -88.471876, 37.39403, 0.0 ], [ -88.474651, 37.39079, 0.0 ], [ -88.475978, 37.388704, 0.0 ], [ -88.476671, 37.386165, 0.0 ], [ -88.477002, 37.383468, 0.0 ], [ -88.476994, 37.382093, 0.0 ], [ -88.477371, 37.379815, 0.0 ], [ -88.477973, 37.378185, 0.0 ], [ -88.478526, 37.375646, 0.0 ], [ -88.480245, 37.370582, 0.0 ], [ -88.480418, 37.369522, 0.0 ], [ -88.480905, 37.368197, 0.0 ], [ -88.481312, 37.367629, 0.0 ], [ -88.48197, 37.366127, 0.0 ], [ -88.482513, 37.364096, 0.0 ], [ -88.482344, 37.361451, 0.0 ], [ -88.482691, 37.353815, 0.0 ], [ -88.483044, 37.353244, 0.0 ], [ -88.483593, 37.350329, 0.0 ], [ -88.484655, 37.347246, 0.0 ], [ -88.484766, 37.346687, 0.0 ], [ -88.484595, 37.346099, 0.0 ], [ -88.484689, 37.345241, 0.0 ], [ -88.485293, 37.34448, 0.0 ], [ -88.486043, 37.342908, 0.0 ], [ -88.486613, 37.340465, 0.0 ], [ -88.487242, 37.339114, 0.0 ], [ -88.490586, 37.334771, 0.0 ], [ -88.491282, 37.333498, 0.0 ], [ -88.49218, 37.330465, 0.0 ], [ -88.493737, 37.328575, 0.0 ], [ -88.498453, 37.321243, 0.0 ], [ -88.498986, 37.319987, 0.0 ], [ -88.501125, 37.316502, 0.0 ], [ -88.502265, 37.313765, 0.0 ], [ -88.502381, 37.312954, 0.0 ], [ -88.504564, 37.308693, 0.0 ], [ -88.506388, 37.305944, 0.0 ], [ -88.507427, 37.304814, 0.0 ], [ -88.508829, 37.302837, 0.0 ], [ -88.511035, 37.299303, 0.0 ], [ -88.511484, 37.298124, 0.0 ], [ -88.512441, 37.296623, 0.0 ], [ -88.513717, 37.293008, 0.0 ], [ -88.514544, 37.29138, 0.0 ], [ -88.515045, 37.288485, 0.0 ], [ -88.514223, 37.288026, 0.0 ], [ -88.515076, 37.287671, 0.0 ], [ -88.515304, 37.285968, 0.0 ], [ -88.515909, 37.284098, 0.0 ], [ -88.514516, 37.282735, 0.0 ], [ -88.514316, 37.282369, 0.0 ], [ -88.513815, 37.280593, 0.0 ], [ -88.514143, 37.279505, 0.0 ], [ -88.513474, 37.279471, 0.0 ], [ -88.513377, 37.278854, 0.0 ], [ -88.51309, 37.278471, 0.0 ], [ -88.511077, 37.277109, 0.0 ], [ -88.51007, 37.275737, 0.0 ], [ -88.508968, 37.27077, 0.0 ], [ -88.508459, 37.269456, 0.0 ], [ -88.506951, 37.266822, 0.0 ], [ -88.506881, 37.26532, 0.0 ], [ -88.506733, 37.264996, 0.0 ], [ -88.505805, 37.264532, 0.0 ], [ -88.505431, 37.264674, 0.0 ], [ -88.504841, 37.265221, 0.0 ], [ -88.504281, 37.265186, 0.0 ], [ -88.503948, 37.264794, 0.0 ], [ -88.504121, 37.264133, 0.0 ], [ -88.504599, 37.263696, 0.0 ], [ -88.506569, 37.262954, 0.0 ], [ -88.507289, 37.262413, 0.0 ], [ -88.508151, 37.262688, 0.0 ], [ -88.509161, 37.262082, 0.0 ], [ -88.509728, 37.262227, 0.0 ], [ -88.511422, 37.263728, 0.0 ], [ -88.511807, 37.263868, 0.0 ], [ -88.51216, 37.263796, 0.0 ], [ -88.512339, 37.2635, 0.0 ], [ -88.512225, 37.262872, 0.0 ], [ -88.511416, 37.261484, 0.0 ], [ -88.510624, 37.260993, 0.0 ], [ -88.508645, 37.260433, 0.0 ], [ -88.506979, 37.259695, 0.0 ], [ -88.505307, 37.258352, 0.0 ], [ -88.503484, 37.256154, 0.0 ], [ -88.501313, 37.25414, 0.0 ], [ -88.500797, 37.253409, 0.0 ], [ -88.500216, 37.253202, 0.0 ], [ -88.49837, 37.252024, 0.0 ], [ -88.496028, 37.25026, 0.0 ], [ -88.491279, 37.247739, 0.0 ], [ -88.487443, 37.244301, 0.0 ], [ -88.484814, 37.240671, 0.0 ], [ -88.483078, 37.237112, 0.0 ], [ -88.481127, 37.232163, 0.0 ], [ -88.479098, 37.228395, 0.0 ], [ -88.477564, 37.226299, 0.0 ], [ -88.474938, 37.223489, 0.0 ], [ -88.473748, 37.221902, 0.0 ], [ -88.47218, 37.220314, 0.0 ], [ -88.468438, 37.217793, 0.0 ], [ -88.464452, 37.216142, 0.0 ], [ -88.46162, 37.214593, 0.0 ], [ -88.458523, 37.213361, 0.0 ], [ -88.457565, 37.212649, 0.0 ], [ -88.454748, 37.209805, 0.0 ], [ -88.450729, 37.206841, 0.0 ], [ -88.448044, 37.203649, 0.0 ], [ -88.44592, 37.198683, 0.0 ], [ -88.444076, 37.19494, 0.0 ], [ -88.443843, 37.192413, 0.0 ], [ -88.443584, 37.191772, 0.0 ], [ -88.442236, 37.189861, 0.0 ], [ -88.441996, 37.187998, 0.0 ], [ -88.441089, 37.186421, 0.0 ], [ -88.440149, 37.183296, 0.0 ], [ -88.439297, 37.181537, 0.0 ], [ -88.437996, 37.180362, 0.0 ], [ -88.43786, 37.180005, 0.0 ], [ -88.437097, 37.176671, 0.0 ], [ -88.435205, 37.171265, 0.0 ], [ -88.434804, 37.169201, 0.0 ], [ -88.433437, 37.166733, 0.0 ], [ -88.433415, 37.16584, 0.0 ], [ -88.433747, 37.165382, 0.0 ], [ -88.433811, 37.164881, 0.0 ], [ -88.433066, 37.162644, 0.0 ], [ -88.431079, 37.160018, 0.0 ], [ -88.429554, 37.158586, 0.0 ], [ -88.428148, 37.157669, 0.0 ], [ -88.426044, 37.155167, 0.0 ], [ -88.425374, 37.154166, 0.0 ], [ -88.424663, 37.152298, 0.0 ], [ -88.424605, 37.151521, 0.0 ], [ -88.424762, 37.150739, 0.0 ], [ -88.42632, 37.148046, 0.0 ], [ -88.428637, 37.140891, 0.0 ], [ -88.430232, 37.1376, 0.0 ], [ -88.43169, 37.134073, 0.0 ], [ -88.432648, 37.132271, 0.0 ], [ -88.433641, 37.129029, 0.0 ], [ -88.43467, 37.126658, 0.0 ], [ -88.437356, 37.122367, 0.0 ], [ -88.437593, 37.121682, 0.0 ], [ -88.43847, 37.120497, 0.0 ], [ -88.441782, 37.113944, 0.0 ], [ -88.44299, 37.111925, 0.0 ], [ -88.443383, 37.110516, 0.0 ], [ -88.44343, 37.108701, 0.0 ], [ -88.443208, 37.108706, 0.0 ], [ -88.4429, 37.109185, 0.0 ], [ -88.44266, 37.109201, 0.0 ], [ -88.442545, 37.108395, 0.0 ], [ -88.442166, 37.108138, 0.0 ], [ -88.440962, 37.10923, 0.0 ], [ -88.440632, 37.109307, 0.0 ], [ -88.440632, 37.108607, 0.0 ], [ -88.441821, 37.104991, 0.0 ], [ -88.442717, 37.103206, 0.0 ], [ -88.444285, 37.100879, 0.0 ], [ -88.445782, 37.09969, 0.0 ], [ -88.44581, 37.099437, 0.0 ], [ -88.444991, 37.098203, 0.0 ], [ -88.444628, 37.097362, 0.0 ], [ -88.444589, 37.096426, 0.0 ], [ -88.444773, 37.095263, 0.0 ], [ -88.44562, 37.093339, 0.0 ], [ -88.446377, 37.092072, 0.0 ], [ -88.448789, 37.089176, 0.0 ], [ -88.449386, 37.087615, 0.0 ], [ -88.452534, 37.084505, 0.0 ], [ -88.455728, 37.080845, 0.0 ], [ -88.458523, 37.076105, 0.0 ], [ -88.459947, 37.074635, 0.0 ], [ -88.461964, 37.073564, 0.0 ], [ -88.469367, 37.071402, 0.0 ], [ -88.472846, 37.069781, 0.0 ], [ -88.474673, 37.06926, 0.0 ], [ -88.479547, 37.068531, 0.0 ], [ -88.480715, 37.068196, 0.0 ], [ -88.48263, 37.067264, 0.0 ], [ -88.484165, 37.067906, 0.0 ], [ -88.486567, 37.0676, 0.0 ], [ -88.488189, 37.068256, 0.0 ], [ -88.489412, 37.068463, 0.0 ], [ -88.49498, 37.066988, 0.0 ], [ -88.499985, 37.066051, 0.0 ], [ -88.501483, 37.066009, 0.0 ], [ -88.502978, 37.065647, 0.0 ], [ -88.511209, 37.065357, 0.0 ], [ -88.512315, 37.065508, 0.0 ], [ -88.516692, 37.065391, 0.0 ], [ -88.522769, 37.065797, 0.0 ], [ -88.528989, 37.066833, 0.0 ], [ -88.534439, 37.068073, 0.0 ], [ -88.535587, 37.068191, 0.0 ], [ -88.541447, 37.069764, 0.0 ], [ -88.545197, 37.07055, 0.0 ], [ -88.545709, 37.070521, 0.0 ], [ -88.548649, 37.071297, 0.0 ], [ -88.554383, 37.073304, 0.0 ], [ -88.557151, 37.0745, 0.0 ], [ -88.560845, 37.076519, 0.0 ], [ -88.56463, 37.077199, 0.0 ], [ -88.565902, 37.077701, 0.0 ], [ -88.566149, 37.077594, 0.0 ], [ -88.566063, 37.077261, 0.0 ], [ -88.565364, 37.076465, 0.0 ], [ -88.565064, 37.075726, 0.0 ], [ -88.565369, 37.075199, 0.0 ], [ -88.565929, 37.075202, 0.0 ], [ -88.567732, 37.076014, 0.0 ], [ -88.569941, 37.078007, 0.0 ], [ -88.572869, 37.079663, 0.0 ], [ -88.573347, 37.080415, 0.0 ], [ -88.573581, 37.08248, 0.0 ], [ -88.574522, 37.084851, 0.0 ], [ -88.576856, 37.085787, 0.0 ], [ -88.577001, 37.08616, 0.0 ], [ -88.578284, 37.08692, 0.0 ], [ -88.578282, 37.087362, 0.0 ], [ -88.579156, 37.087868, 0.0 ], [ -88.583798, 37.092007, 0.0 ], [ -88.587558, 37.09655, 0.0 ], [ -88.588685, 37.097695, 0.0 ], [ -88.589871, 37.099792, 0.0 ], [ -88.59451, 37.102109, 0.0 ], [ -88.597155, 37.104738, 0.0 ], [ -88.598597, 37.105766, 0.0 ], [ -88.601653, 37.1075, 0.0 ], [ -88.602976, 37.10851, 0.0 ], [ -88.604418, 37.109211, 0.0 ], [ -88.609637, 37.11235, 0.0 ], [ -88.613345, 37.114104, 0.0 ], [ -88.615531, 37.115373, 0.0 ], [ -88.621851, 37.118077, 0.0 ], [ -88.629065, 37.120629, 0.0 ], [ -88.631922, 37.12117, 0.0 ], [ -88.634255, 37.120971, 0.0 ], [ -88.639269, 37.121496, 0.0 ], [ -88.641145, 37.121991, 0.0 ], [ -88.644048, 37.122396, 0.0 ], [ -88.645681, 37.123735, 0.0 ], [ -88.647274, 37.1244, 0.0 ], [ -88.650507, 37.125568, 0.0 ], [ -88.651146, 37.125664, 0.0 ], [ -88.651456, 37.125549, 0.0 ], [ -88.657237, 37.127447, 0.0 ], [ -88.667189, 37.13142, 0.0 ], [ -88.667698, 37.131504, 0.0 ], [ -88.674874, 37.134706, 0.0 ], [ -88.67753, 37.135293, 0.0 ], [ -88.678841, 37.135786, 0.0 ], [ -88.680323, 37.13657, 0.0 ], [ -88.681258, 37.137352, 0.0 ], [ -88.688158, 37.139839, 0.0 ], [ -88.692614, 37.141112, 0.0 ], [ -88.694578, 37.141453, 0.0 ], [ -88.696753, 37.141596, 0.0 ], [ -88.70438, 37.142977, 0.0 ], [ -88.704624, 37.14267, 0.0 ], [ -88.703875, 37.142284, 0.0 ], [ -88.703912, 37.142079, 0.0 ], [ -88.705152, 37.141878, 0.0 ], [ -88.706209, 37.1415, 0.0 ], [ -88.707015, 37.141549, 0.0 ], [ -88.707192, 37.141811, 0.0 ], [ -88.70721, 37.142286, 0.0 ], [ -88.707585, 37.142598, 0.0 ], [ -88.70886, 37.142449, 0.0 ], [ -88.710736, 37.141903, 0.0 ], [ -88.71628, 37.140972, 0.0 ], [ -88.719466, 37.140758, 0.0 ], [ -88.722399, 37.141097, 0.0 ], [ -88.725428, 37.14172, 0.0 ], [ -88.728305, 37.142526, 0.0 ], [ -88.733025, 37.144149, 0.0 ], [ -88.735456, 37.145202, 0.0 ], [ -88.739164, 37.147179, 0.0 ], [ -88.744222, 37.150453, 0.0 ], [ -88.745648, 37.151532, 0.0 ], [ -88.750384, 37.15364, 0.0 ], [ -88.753074, 37.155045, 0.0 ], [ -88.756122, 37.15699, 0.0 ], [ -88.761506, 37.159619, 0.0 ], [ -88.76765, 37.164113, 0.0 ], [ -88.775434, 37.168775, 0.0 ], [ -88.777585, 37.170424, 0.0 ], [ -88.779121, 37.172277, 0.0 ], [ -88.780129, 37.173179, 0.0 ], [ -88.784031, 37.174933, 0.0 ], [ -88.784842, 37.175578, 0.0 ], [ -88.785815, 37.177235, 0.0 ], [ -88.786647, 37.178186, 0.0 ], [ -88.788942, 37.179473, 0.0 ], [ -88.790078, 37.180528, 0.0 ], [ -88.790864, 37.181009, 0.0 ], [ -88.792905, 37.181809, 0.0 ], [ -88.794495, 37.182745, 0.0 ], [ -88.796309, 37.184181, 0.0 ], [ -88.799886, 37.186478, 0.0 ], [ -88.803636, 37.188166, 0.0 ], [ -88.804923, 37.188562, 0.0 ], [ -88.813452, 37.190086, 0.0 ], [ -88.81664, 37.191364, 0.0 ], [ -88.819922, 37.191855, 0.0 ], [ -88.82308, 37.19304, 0.0 ], [ -88.835096, 37.1965, 0.0 ], [ -88.842966, 37.199908, 0.0 ], [ -88.848346, 37.201659, 0.0 ], [ -88.850698, 37.20267, 0.0 ], [ -88.851311, 37.202726, 0.0 ], [ -88.853573, 37.203631, 0.0 ], [ -88.854494, 37.203693, 0.0 ], [ -88.854697, 37.204108, 0.0 ], [ -88.857877, 37.205469, 0.0 ], [ -88.859054, 37.205784, 0.0 ], [ -88.860309, 37.20655, 0.0 ], [ -88.862729, 37.207462, 0.0 ], [ -88.863436, 37.20751, 0.0 ], [ -88.866694, 37.208851, 0.0 ], [ -88.877194, 37.212268, 0.0 ], [ -88.885705, 37.214698, 0.0 ], [ -88.891737, 37.216179, 0.0 ], [ -88.901794, 37.219318, 0.0 ], [ -88.909127, 37.221874, 0.0 ], [ -88.916186, 37.223998, 0.0 ], [ -88.919867, 37.22466, 0.0 ], [ -88.924061, 37.225119, 0.0 ], [ -88.931519, 37.227434, 0.0 ], [ -88.936853, 37.228026, 0.0 ], [ -88.941595, 37.22883, 0.0 ], [ -88.942255, 37.228727, 0.0 ], [ -88.94103, 37.228016, 0.0 ], [ -88.934292, 37.226074, 0.0 ], [ -88.932848, 37.225539, 0.0 ], [ -88.93269, 37.225267, 0.0 ], [ -88.934411, 37.224796, 0.0 ], [ -88.938704, 37.224359, 0.0 ], [ -88.941866, 37.224312, 0.0 ], [ -88.950236, 37.224878, 0.0 ], [ -88.954506, 37.224924, 0.0 ], [ -88.958823, 37.225855, 0.0 ], [ -88.96194, 37.225803, 0.0 ], [ -88.965739, 37.226278, 0.0 ], [ -88.96695, 37.226782, 0.0 ], [ -88.968403, 37.227826, 0.0 ], [ -88.969466, 37.228286, 0.0 ], [ -88.970588, 37.22842, 0.0 ], [ -88.972689, 37.228325, 0.0 ], [ -88.972962, 37.228498, 0.0 ], [ -88.972112, 37.228819, 0.0 ], [ -88.968277, 37.229486, 0.0 ], [ -88.96602, 37.229601, 0.0 ], [ -88.966039, 37.229718, 0.0 ], [ -88.966534, 37.2298, 0.0 ], [ -88.9662, 37.230064, 0.0 ], [ -88.96642, 37.230114, 0.0 ], [ -88.967783, 37.229793, 0.0 ], [ -88.968318, 37.2299, 0.0 ], [ -88.969365, 37.22981, 0.0 ], [ -88.970014, 37.230011, 0.0 ], [ -88.970514, 37.229843, 0.0 ], [ -88.972892, 37.229875, 0.0 ], [ -88.974089, 37.229615, 0.0 ], [ -88.977705, 37.229411, 0.0 ], [ -88.97829, 37.229022, 0.0 ], [ -88.979956, 37.229126, 0.0 ], [ -88.982514, 37.228824, 0.0 ], [ -88.983087, 37.228599, 0.0 ], [ -88.983641, 37.228626, 0.0 ], [ -88.984349, 37.22831, 0.0 ], [ -88.98608, 37.228134, 0.0 ], [ -88.986525, 37.22764, 0.0 ], [ -88.98755, 37.227349, 0.0 ], [ -88.988449, 37.227375, 0.0 ], [ -88.99029, 37.227052, 0.0 ], [ -88.992452, 37.226566, 0.0 ], [ -88.992799, 37.226256, 0.0 ], [ -88.993518, 37.22634, 0.0 ], [ -88.995191, 37.225857, 0.0 ], [ -88.996991, 37.225592, 0.0 ], [ -88.997443, 37.225239, 0.0 ], [ -88.999017, 37.225111, 0.0 ], [ -89.000071, 37.224767, 0.0 ], [ -89.008484, 37.220587, 0.0 ], [ -89.008572, 37.220465, 0.0 ], [ -89.008371, 37.220406, 0.0 ], [ -89.006095, 37.221362, 0.0 ], [ -89.005814, 37.221329, 0.0 ], [ -89.01316, 37.216485, 0.0 ], [ -89.01448, 37.215938, 0.0 ], [ -89.017537, 37.215267, 0.0 ], [ -89.019214, 37.21466, 0.0 ], [ -89.024161, 37.21261, 0.0 ], [ -89.026719, 37.211329, 0.0 ], [ -89.027323, 37.211221, 0.0 ], [ -89.028808, 37.211385, 0.0 ], [ -89.029471, 37.21131, 0.0 ], [ -89.033527, 37.20817, 0.0 ], [ -89.037465, 37.204023, 0.0 ], [ -89.038373, 37.20356, 0.0 ], [ -89.039686, 37.203399, 0.0 ], [ -89.040991, 37.203009, 0.0 ], [ -89.048165, 37.197074, 0.0 ], [ -89.056535, 37.189737, 0.0 ], [ -89.059105, 37.187974, 0.0 ], [ -89.071147, 37.178931, 0.0 ], [ -89.072495, 37.177569, 0.0 ], [ -89.074583, 37.176261, 0.0 ], [ -89.076464, 37.174744, 0.0 ], [ -89.077779, 37.173562, 0.0 ], [ -89.077838, 37.173172, 0.0 ], [ -89.079049, 37.171923, 0.0 ], [ -89.080076, 37.171553, 0.0 ], [ -89.083526, 37.168, 0.0 ], [ -89.086718, 37.165458, 0.0 ], [ -89.089411, 37.161196, 0.0 ], [ -89.092761, 37.15677, 0.0 ], [ -89.093686, 37.155081, 0.0 ], [ -89.0957, 37.150521, 0.0 ], [ -89.096652, 37.146226, 0.0 ], [ -89.099073, 37.141039, 0.0 ], [ -89.099017, 37.140413, 0.0 ], [ -89.101243, 37.137497, 0.0 ], [ -89.102055, 37.136123, 0.0 ], [ -89.10296, 37.134098, 0.0 ], [ -89.103598, 37.13213, 0.0 ], [ -89.105292, 37.129712, 0.0 ], [ -89.106834, 37.126893, 0.0 ], [ -89.108124, 37.12532, 0.0 ], [ -89.108549, 37.124406, 0.0 ], [ -89.109506, 37.1231, 0.0 ], [ -89.110502, 37.122189, 0.0 ], [ -89.112799, 37.120826, 0.0 ], [ -89.115015, 37.118391, 0.0 ], [ -89.118435, 37.115582, 0.0 ], [ -89.119951, 37.114129, 0.0 ], [ -89.122419, 37.111105, 0.0 ], [ -89.125856, 37.108483, 0.0 ], [ -89.142858, 37.099026, 0.0 ], [ -89.143856, 37.098919, 0.0 ], [ -89.144916, 37.099083, 0.0 ], [ -89.146724, 37.099068, 0.0 ], [ -89.147466, 37.098913, 0.0 ], [ -89.148183, 37.098424, 0.0 ], [ -89.148908, 37.097525, 0.0 ], [ -89.149658, 37.096077, 0.0 ], [ -89.150588, 37.093706, 0.0 ], [ -89.146076, 37.091011, 0.0 ], [ -89.147033, 37.090661, 0.0 ], [ -89.147348, 37.090746, 0.0 ], [ -89.147758, 37.091233, 0.0 ], [ -89.148235, 37.091236, 0.0 ], [ -89.14952, 37.090118, 0.0 ], [ -89.151304, 37.089002, 0.0 ], [ -89.151446, 37.089174, 0.0 ], [ -89.15093, 37.090527, 0.0 ], [ -89.151493, 37.090561, 0.0 ], [ -89.152407, 37.090094, 0.0 ], [ -89.154913, 37.088036, 0.0 ], [ -89.155661, 37.087736, 0.0 ], [ -89.158146, 37.085248, 0.0 ], [ -89.161647, 37.081234, 0.0 ], [ -89.167085, 37.075416, 0.0 ], [ -89.172087, 37.068317, 0.0 ], [ -89.173831, 37.066315, 0.0 ], [ -89.174156, 37.064568, 0.0 ], [ -89.175321, 37.062947, 0.0 ], [ -89.177863, 37.057803, 0.0 ], [ -89.179391, 37.053255, 0.0 ], [ -89.17951, 37.052202, 0.0 ], [ -89.179863, 37.05147, 0.0 ], [ -89.17992, 37.050802, 0.0 ], [ -89.181357, 37.045941, 0.0 ], [ -89.182473, 37.039171, 0.0 ], [ -89.182324, 37.038649, 0.0 ], [ -89.182361, 37.036403, 0.0 ], [ -89.181518, 37.032359, 0.0 ], [ -89.181333, 37.028954, 0.0 ], [ -89.181003, 37.026761, 0.0 ], [ -89.180785, 37.025646, 0.0 ], [ -89.180477, 37.025309, 0.0 ], [ -89.180157, 37.023722, 0.0 ], [ -89.179356, 37.021814, 0.0 ], [ -89.178348, 37.020638, 0.0 ], [ -89.178052, 37.01988, 0.0 ], [ -89.178089, 37.019353, 0.0 ], [ -89.176737, 37.01694, 0.0 ], [ -89.175932, 37.016309, 0.0 ], [ -89.175078, 37.014898, 0.0 ], [ -89.174905, 37.014148, 0.0 ], [ -89.173358, 37.011502, 0.0 ], [ -89.172513, 37.010698, 0.0 ], [ -89.172373, 37.010244, 0.0 ], [ -89.171368, 37.009146, 0.0 ], [ -89.171094, 37.008274, 0.0 ], [ -89.170179, 37.007074, 0.0 ], [ -89.166164, 37.00366, 0.0 ], [ -89.160328, 36.999165, 0.0 ], [ -89.147167, 36.99004, 0.0 ], [ -89.14087, 36.986145, 0.0 ], [ -89.136565, 36.983765, 0.0 ], [ -89.132921, 36.982064, 0.0 ], [ -89.136099, 36.980388, 0.0 ], [ -89.141568, 36.978904, 0.0 ], [ -89.144475, 36.978844, 0.0 ], [ -89.149888, 36.977643, 0.0 ], [ -89.155666, 36.975418, 0.0 ], [ -89.161782, 36.972772, 0.0 ], [ -89.170015, 36.970305, 0.0 ] ] ] } }
]
}
