{
"type": "FeatureCollection",
"name": "CD_tl_2010_15_cd111",
"crs": { "type": "name", "properties": { "name": "urn:ogc:def:crs:OGC:1.3:CRS84" } },
"features": [
{ "type": "Feature", "properties": { "STATEFP10": "15", "Shape_Leng": 1.44800155127, "Shape_Area": 0.073482372403600005, "sta": "HI", "st": "15", "district": "01", "label": "01", "dist_name": "Congressional District", "type": "US Congressional", "type_abb": "US_Cong", "Elect_year": "2002-2010", "stacd": null }, "geometry": { "type": "Polygon", "coordinates": [ [ [ -157.754001405709658, 21.328774421058718 ], [ -157.753960405619381, 21.328752420944333 ], [ -157.753883405668859, 21.328730420829533 ], [ -157.75381340604099, 21.328702421337837 ], [ -157.753748405744062, 21.328680421223169 ], [ -157.753684405493203, 21.328663421338764 ], [ -157.753613405819152, 21.328642421270111 ], [ -157.753466406241131, 21.328564421273366 ], [ -157.753413405598224, 21.328515420814693 ], [ -157.753354405578364, 21.328449421371616 ], [ -157.753313406387832, 21.32839442063673 ], [ -157.753284405951547, 21.328344421031627 ], [ -157.753248406092183, 21.328278420689482 ], [ -157.753213406278945, 21.328212421246736 ], [ -157.753190406119018, 21.328168421018667 ], [ -157.753172406189663, 21.328113421183364 ], [ -157.753113406169945, 21.328041420564684 ], [ -157.75303740626606, 21.327975421121398 ], [ -157.752961406361976, 21.327926420662443 ], [ -157.752908405718728, 21.32790442144724 ], [ -157.752861406251327, 21.327876421056448 ], [ -157.752831405768461, 21.327865421448823 ], [ -157.752687406328079, 21.327829420688474 ], [ -157.752479405737489, 21.327777420989136 ], [ -157.752273406138187, 21.327744421265486 ], [ -157.751991405734771, 21.327711420641688 ], [ -157.751708406184889, 21.32765642080328 ], [ -157.751603405843383, 21.327640420964489 ], [ -157.751409405897761, 21.327601420964701 ], [ -157.751168405585389, 21.327535420620208 ], [ -157.750609405908648, 21.327442420827094 ], [ -157.750433405893261, 21.3273924212202 ], [ -157.750257405877534, 21.327370421104224 ], [ -157.750057405655326, 21.327337421380701 ], [ -157.749810405965235, 21.32731542126389 ], [ -157.749675406039984, 21.327299421424744 ], [ -157.749481406093906, 21.327293421146177 ], [ -157.749340405892326, 21.327266420800317 ], [ -157.749205405967501, 21.327222420570973 ], [ -157.749093406203571, 21.327145420620674 ], [ -157.748893405982813, 21.327007421457253 ], [ -157.748717405967994, 21.326913420723297 ], [ -157.748605406204661, 21.326792421444509 ], [ -157.74811140593161, 21.326264421403152 ], [ -157.747970405732246, 21.326071421506082 ], [ -157.747788406341414, 21.325895421492088 ], [ -157.747682405954606, 21.325823420872844 ], [ -157.747535406376329, 21.325763420805735 ], [ -157.747406405827803, 21.325779420641783 ], [ -157.747269405810044, 21.325791421192847 ], [ -157.747159406137087, 21.325801420752786 ], [ -157.747048406418088, 21.32581242125806 ], [ -157.7468364065424, 21.325768421027806 ], [ -157.746666405903881, 21.325741420681602 ], [ -157.746478406234758, 21.325697421350966 ], [ -157.746119405882013, 21.325554421056037 ], [ -157.745819406448476, 21.325471420827203 ], [ -157.745490406578767, 21.325328421432008 ], [ -157.745295406587388, 21.325265421226216 ], [ -157.745149406155662, 21.325218420858523 ], [ -157.744879406305728, 21.325146421136669 ], [ -157.744691406636576, 21.325108421182978 ], [ -157.744567406318509, 21.325119420788784 ], [ -157.744473406483792, 21.325108421180417 ], [ -157.74437940664933, 21.325080420789067 ], [ -157.744238406448289, 21.325014421345067 ], [ -157.744050405881069, 21.324882420659481 ], [ -157.743944406393751, 21.324794421101991 ], [ -157.743827406399078, 21.324744421495787 ], [ -157.743627406176813, 21.32471742114927 ], [ -157.743457406437528, 21.324695421033368 ], [ -157.743351406049527, 21.3247064215387 ], [ -157.743081406198939, 21.32468442142163 ], [ -157.742957406780533, 21.324673420913594 ], [ -157.742822405956105, 21.324646421467165 ], [ -157.742681406654015, 21.324607421467991 ], [ -157.74240540652761, 21.324535420846694 ], [ -157.742275406833187, 21.324486421286434 ], [ -157.742146406285258, 21.324458420894654 ], [ -157.742081405988728, 21.324409421335158 ], [ -157.741829406069911, 21.324260420765206 ], [ -157.741723406582111, 21.32421142120522 ], [ -157.741658406285069, 21.324200420697821 ], [ -157.74160540654097, 21.324189421089937 ], [ -157.74155240679687, 21.324178421482038 ], [ -157.741488406545784, 21.324178421481289 ], [ -157.741370406504217, 21.324189421087166 ], [ -157.741305406206948, 21.324194421316651 ], [ -157.741247406232361, 21.324189421085723 ], [ -157.741159406674143, 21.324178421477416 ], [ -157.741117406537541, 21.324172421200586 ], [ -157.741012406196347, 21.324134421247877 ], [ -157.740912406085243, 21.324117421363098 ], [ -157.740835406134806, 21.324090421017985 ], [ -157.740730406692819, 21.324057421295585 ], [ -157.740671406672476, 21.32402942090464 ], [ -157.740589406491779, 21.323990420906167 ], [ -157.740483406104261, 21.323968420791008 ], [ -157.740424406083747, 21.323957421183046 ], [ -157.740289406158922, 21.323908420723402 ], [ -157.740201406600619, 21.323902421345352 ], [ -157.740124406649954, 21.323891420837793 ], [ -157.740065406629242, 21.323891420837096 ], [ -157.740001406378269, 21.323880421229084 ], [ -157.739930406703962, 21.323875420998004 ], [ -157.739872406729432, 21.323869420720985 ], [ -157.73981340670889, 21.323858421112973 ], [ -157.739754406688292, 21.323847421505008 ], [ -157.739701406044816, 21.32384242127409 ], [ -157.739642406923707, 21.323820421159486 ], [ -157.739607406210268, 21.323820421159077 ], [ -157.739560406742584, 21.323814420882236 ], [ -157.739484406837704, 21.323825421387919 ], [ -157.739443406747142, 21.323820421157137 ], [ -157.739390406103752, 21.32380942154925 ], [ -157.739301406499351, 21.323803421271865 ], [ -157.739190406780779, 21.323781421156649 ], [ -157.739102406323468, 21.323754420811472 ], [ -157.739019406096361, 21.323737420926882 ], [ -157.738919406884946, 21.323693420697897 ], [ -157.738826406197177, 21.32367142148221 ], [ -157.738755406522898, 21.323666421251133 ], [ -157.738667406964908, 21.323638420859847 ], [ -157.73857940650754, 21.323611421413982 ], [ -157.738485406673078, 21.323583421022633 ], [ -157.738402406446113, 21.323561420907744 ], [ -157.73838340646995, 21.323558420769359 ], [ -157.738371406819311, 21.323335421290736 ], [ -157.737152406410331, 21.323053420879294 ], [ -157.737071406275419, 21.323035420948639 ], [ -157.734871406520199, 21.323334421203498 ], [ -157.733498407111284, 21.322876420778364 ], [ -157.733071406323035, 21.322734421428052 ], [ -157.732271406331733, 21.322734421418627 ], [ -157.731891406808415, 21.322704420931778 ], [ -157.730971406684432, 21.322634421294396 ], [ -157.730754406577233, 21.322673421289352 ], [ -157.730380406429759, 21.322741420819426 ], [ -157.727671406599796, 21.32323442100984 ], [ -157.726471407054447, 21.323834420749996 ], [ -157.725871407281772, 21.324134421069751 ], [ -157.724471406646614, 21.322334420891067 ], [ -157.723571407456632, 21.32133442069037 ], [ -157.722871406694793, 21.320034421064587 ], [ -157.7224234067412, 21.319617420739949 ], [ -157.721371406842223, 21.318635421366455 ], [ -157.720979407665368, 21.318595421318282 ], [ -157.720371407528859, 21.318534421199683 ], [ -157.719218407460374, 21.318451420960763 ], [ -157.71897140687085, 21.318434421074233 ], [ -157.716871407248192, 21.317135421477929 ], [ -157.716124407001615, 21.317095421425559 ], [ -157.714971407832138, 21.31703442130053 ], [ -157.714914407903677, 21.317029421069552 ], [ -157.714743407218805, 21.317016421368134 ], [ -157.714687407336385, 21.317012421183264 ], [ -157.713671407285432, 21.316934421176249 ], [ -157.712876407518507, 21.317375420792981 ], [ -157.71277140717595, 21.317434420811029 ], [ -157.710771407652544, 21.31703442125098 ], [ -157.709771407422352, 21.318234420747881 ], [ -157.707746407646084, 21.317844420748767 ], [ -157.707341407870672, 21.317767420795008 ], [ -157.707171408131501, 21.317734421071812 ], [ -157.706378407577859, 21.316651421546293 ], [ -157.70458040746567, 21.316565421161577 ], [ -157.704194407661703, 21.316840421231838 ], [ -157.70348040802898, 21.317351421375434 ], [ -157.702079408223909, 21.31726442094935 ], [ -157.701277408132398, 21.317854421133053 ], [ -157.699878408412928, 21.31825242056096 ], [ -157.697863408185384, 21.318805420824923 ], [ -157.696975407732907, 21.319049421260182 ], [ -157.695874408250148, 21.319835420574758 ], [ -157.695708407793887, 21.31995842084169 ], [ -157.695212408315768, 21.320329420835389 ], [ -157.695072408158495, 21.320434421172937 ], [ -157.695041408528709, 21.320432421080479 ], [ -157.693846408323054, 21.320372421001021 ], [ -157.693072408630854, 21.320334421040421 ], [ -157.692974408611661, 21.320334421039263 ], [ -157.692072408416664, 21.320334421028655 ], [ -157.690754407938329, 21.320334421013136 ], [ -157.689872408664939, 21.320334421002748 ], [ -157.688772408335353, 21.320634420417356 ], [ -157.687672408008495, 21.320734420513364 ], [ -157.687001408558189, 21.321269420863565 ], [ -157.686726408473817, 21.321489420200756 ], [ -157.686171408074728, 21.321933420857832 ], [ -157.685171408761164, 21.321833420737097 ], [ -157.684681408668126, 21.321615420583782 ], [ -157.683213408481095, 21.320962420169739 ], [ -157.682724408434126, 21.320745420961767 ], [ -157.682673408782307, 21.320722420801221 ], [ -157.682522409019811, 21.320655420411665 ], [ -157.682472408514741, 21.320633420297174 ], [ -157.682266408918309, 21.320376421048923 ], [ -157.682258408549814, 21.320366420588275 ], [ -157.682072408975358, 21.320133420646975 ], [ -157.68186840856805, 21.320153420666365 ], [ -157.681399408539789, 21.320200421026843 ], [ -157.681072408759775, 21.320233420744167 ], [ -157.680485408690657, 21.320233420737249 ], [ -157.680219409024005, 21.320233420734123 ], [ -157.679772409110797, 21.320233420728854 ], [ -157.679661408492962, 21.320204420291269 ], [ -157.679052408311549, 21.320045421055145 ], [ -157.677732408644914, 21.319700420438856 ], [ -157.677472408356266, 21.319633420947348 ], [ -157.676972408702824, 21.319333420614562 ], [ -157.676852408570397, 21.319245421056873 ], [ -157.676344408549255, 21.318876420244099 ], [ -157.67587240928728, 21.318533420629237 ], [ -157.675678408441343, 21.318560420971107 ], [ -157.675172408506427, 21.318633420729959 ], [ -157.674472408631601, 21.318233420285853 ], [ -157.674251409240838, 21.318159420472398 ], [ -157.673515408604402, 21.317914420871265 ], [ -157.673406408978138, 21.317877420964525 ], [ -157.673080409246069, 21.317769420483284 ], [ -157.672972408766583, 21.317733420622684 ], [ -157.672845409210566, 21.317669420371576 ], [ -157.672572409223136, 21.317533420400032 ], [ -157.672502408696801, 21.317436420428415 ], [ -157.672420409416446, 21.317322420572978 ], [ -157.672363408589575, 21.317245420623301 ], [ -157.671255408814915, 21.315733421121024 ], [ -157.669962409505558, 21.314456420748485 ], [ -157.668016408893152, 21.312534421239178 ], [ -157.665696409020939, 21.31153542106745 ], [ -157.663066409269277, 21.309337421429113 ], [ -157.66226040899852, 21.309537420738206 ], [ -157.660801409232363, 21.308415421206973 ], [ -157.660440409688448, 21.308137420989702 ], [ -157.658624409633717, 21.308938420986721 ], [ -157.657312409435661, 21.308638420644289 ], [ -157.656429409213246, 21.308898420917203 ], [ -157.655686410046542, 21.309117421102115 ], [ -157.655302409437496, 21.309230420905934 ], [ -157.654609409877025, 21.309435421345949 ], [ -157.653816409313208, 21.309095420966088 ], [ -157.652971409950794, 21.308733421370949 ], [ -157.652934410044537, 21.308730421232326 ], [ -157.652825409518556, 21.30872242086263 ], [ -157.652789409658368, 21.308720420770054 ], [ -157.652444409948913, 21.308700420744209 ], [ -157.651515409409626, 21.308646420944157 ], [ -157.651459409527121, 21.308643420805321 ], [ -157.651419409482259, 21.308667421010888 ], [ -157.651125409422235, 21.308846421157487 ], [ -157.650894409567258, 21.30902342121276 ], [ -157.65020141000241, 21.309555420525289 ], [ -157.649971410193473, 21.309733420626664 ], [ -157.649772410013412, 21.30998742063128 ], [ -157.649178409611352, 21.310752420783505 ], [ -157.648981409523429, 21.311007420834237 ], [ -157.647871409596831, 21.313932420636338 ], [ -157.644254410200119, 21.313918420848182 ], [ -157.637815410268473, 21.313891420428082 ], [ -157.622268410624287, 21.313829420087277 ], [ -157.60764941147221, 21.31382342053795 ], [ -157.597594411287929, 21.313820420281299 ], [ -157.597302411364723, 21.310665419761484 ], [ -157.597923412310877, 21.295137421367954 ], [ -157.600035411722018, 21.286574421816248 ], [ -157.600936411921026, 21.282922421802979 ], [ -157.607707412052662, 21.269137422820339 ], [ -157.614712412085908, 21.26190942365934 ], [ -157.616145411589059, 21.26043242310082 ], [ -157.622266411327814, 21.255334424003106 ], [ -157.624247411798592, 21.254039423739744 ], [ -157.631999411157295, 21.248459424046924 ], [ -157.634085411075034, 21.246836424866373 ], [ -157.638945411130095, 21.244106424198257 ], [ -157.640553411493471, 21.243287424269479 ], [ -157.645877411345481, 21.240576425381597 ], [ -157.648111410926731, 21.236193424993612 ], [ -157.65127441104508, 21.232030425756161 ], [ -157.653490410675914, 21.229117425621226 ], [ -157.665084410856082, 21.219943426827168 ], [ -157.67579141059025, 21.213804426609236 ], [ -157.689392409658183, 21.209187427277001 ], [ -157.692604410179484, 21.209020427719409 ], [ -157.708338409454342, 21.208205427251098 ], [ -157.708703409185659, 21.208246427345287 ], [ -157.711623408834953, 21.208575427245307 ], [ -157.719715408478834, 21.209488428025555 ], [ -157.720365408750439, 21.209660427861266 ], [ -157.723206408350592, 21.210413427502804 ], [ -157.725906408648598, 21.211128428090351 ], [ -157.730923408684674, 21.212458427353187 ], [ -157.733795407905433, 21.213854427830416 ], [ -157.736308407673221, 21.215076427484085 ], [ -157.739972408309825, 21.216858427761959 ], [ -157.741114407858021, 21.217885427411016 ], [ -157.745325407591423, 21.221674427498755 ], [ -157.747271407340236, 21.220919426925107 ], [ -157.75084140728049, 21.219992427443188 ], [ -157.7533514078346, 21.219403427327201 ], [ -157.755530407542352, 21.217620427974911 ], [ -157.757998407080493, 21.21560342774178 ], [ -157.76009640754441, 21.214389427614474 ], [ -157.760967407217066, 21.21388442774964 ], [ -157.763580407134299, 21.212372428293349 ], [ -157.764452406853025, 21.211868428474638 ], [ -157.76541840730664, 21.211308427876588 ], [ -157.768318406961129, 21.209630427973362 ], [ -157.769285406561494, 21.209071428320708 ], [ -157.770541406890658, 21.208344428128999 ], [ -157.771421406978021, 21.207836428126157 ], [ -157.774604407072843, 21.206828428506665 ], [ -157.775988407000739, 21.206390428136704 ], [ -157.779059406430775, 21.205417428329135 ], [ -157.78827440661135, 21.202499428952738 ], [ -157.790866406450164, 21.201679428991234 ], [ -157.791366406108239, 21.201616428793937 ], [ -157.795497405812057, 21.201095429132334 ], [ -157.807890405822292, 21.199536429432495 ], [ -157.810243405432431, 21.199241429365429 ], [ -157.812029405888921, 21.199402429608007 ], [ -157.821349405457028, 21.20024342978575 ], [ -157.828103404600682, 21.200853429185234 ], [ -157.829107404997188, 21.200944429791459 ], [ -157.838687404815204, 21.20450642938286 ], [ -157.845324403936644, 21.206974429814505 ], [ -157.847668404014399, 21.207845429488003 ], [ -157.850974404348051, 21.209075429519405 ], [ -157.854530403603036, 21.210857428895753 ], [ -157.856767404142659, 21.211978429289715 ], [ -157.858917403371976, 21.213056429500821 ], [ -157.859081403733143, 21.213138428782774 ], [ -157.864150403413674, 21.218016428670644 ], [ -157.865586403013424, 21.219398428484283 ], [ -157.865835403690483, 21.219729428443049 ], [ -157.866619402929302, 21.220772428823825 ], [ -157.868974403481957, 21.223901429066917 ], [ -157.869760402812915, 21.224945428594445 ], [ -157.872271403356393, 21.228281428480077 ], [ -157.873667402923985, 21.228782428188385 ], [ -157.874903403196072, 21.230484428347751 ], [ -157.881343402142761, 21.23935342769483 ], [ -157.886065402035825, 21.243231427387762 ], [ -157.889569402496875, 21.244637427432362 ], [ -157.894823401745896, 21.246842427423779 ], [ -157.895970401537937, 21.246842427437809 ], [ -157.897970401936334, 21.248842427840636 ], [ -157.898670401800359, 21.249942427247888 ], [ -157.900170401674529, 21.249642427838999 ], [ -157.901870401778069, 21.248842427888317 ], [ -157.903570401877488, 21.248342427364875 ], [ -157.905270401074716, 21.248042427958442 ], [ -157.907870401271708, 21.247842427772554 ], [ -157.908806401233647, 21.247842427784008 ], [ -157.909970400909629, 21.247842427798243 ], [ -157.911770401113216, 21.24784242782027 ], [ -157.913470401209707, 21.247542427514556 ], [ -157.915570400847628, 21.24754242754026 ], [ -157.917370401051159, 21.247542427562273 ], [ -157.919870401138098, 21.247242428165706 ], [ -157.92007540069099, 21.247289427634765 ], [ -157.92247040132375, 21.247842427951209 ], [ -157.925069400572283, 21.24784242798302 ], [ -157.927869400985855, 21.248042428234964 ], [ -157.931469400489135, 21.248342427706195 ], [ -157.933669400231082, 21.248842428277268 ], [ -157.93666939995515, 21.24994242771244 ], [ -157.936791400179914, 21.250003427825284 ], [ -157.93946940035184, 21.251342427471624 ], [ -157.94196940041067, 21.253042427553567 ], [ -157.947069399776353, 21.25384242758718 ], [ -157.952737399235048, 21.254561427494547 ], [ -157.953369399577099, 21.254642427635357 ], [ -157.956569399524597, 21.255642427863272 ], [ -157.95876939926768, 21.25604242742607 ], [ -157.96136939944725, 21.25704242764661 ], [ -157.963569399186071, 21.257741427489783 ], [ -157.965169399183367, 21.256542428048238 ], [ -157.965268399249624, 21.256462427962393 ], [ -157.966669399069474, 21.255342427660128 ], [ -157.968269399064013, 21.254342428390206 ], [ -157.970669399048774, 21.253342428230763 ], [ -157.970762398837934, 21.253306428372539 ], [ -157.972269399037714, 21.252742428496724 ], [ -157.972760399181283, 21.252578428144467 ], [ -157.974369398684701, 21.252042428660076 ], [ -157.975618398683991, 21.251729428649554 ], [ -157.97676939866389, 21.251442428036604 ], [ -157.979969398634665, 21.250742428213446 ], [ -157.983369398826397, 21.250142428501555 ], [ -157.984406398945282, 21.250142428514255 ], [ -157.985169398129955, 21.250142428523596 ], [ -157.985886398794207, 21.25000442847216 ], [ -157.986618398351084, 21.249863428282783 ], [ -157.987350398807223, 21.249723428139394 ], [ -157.987769398329959, 21.249642428910754 ], [ -157.989767398659609, 21.249885428435171 ], [ -157.990745398756161, 21.250005428577765 ], [ -157.991869398385262, 21.250142428605646 ], [ -157.992882398299486, 21.250005428603917 ], [ -157.995569398009621, 21.24964242900629 ], [ -157.997037398202991, 21.249642429024274 ], [ -157.999477398217977, 21.249642429054173 ], [ -158.000069397617182, 21.249642429061424 ], [ -158.004388397883133, 21.249249429001551 ], [ -158.004469398018244, 21.24924242868018 ], [ -158.009369398070277, 21.249242428740232 ], [ -158.013369397121579, 21.249242428789245 ], [ -158.018269397180319, 21.248742429204725 ], [ -158.019150397305424, 21.248742429215525 ], [ -158.021969396797203, 21.248742429250086 ], [ -158.024068397290335, 21.2485154287141 ], [ -158.025669397318921, 21.24834242886034 ], [ -158.027233396546421, 21.247853428842205 ], [ -158.028148397352879, 21.246842429057729 ], [ -158.03260039657917, 21.244506429449142 ], [ -158.039062396675888, 21.243239429634279 ], [ -158.044443396412419, 21.242877430116106 ], [ -158.044370396591461, 21.246777429860686 ], [ -158.044370396590551, 21.246842429256887 ], [ -158.044360396085665, 21.250002429096604 ], [ -158.044354396686174, 21.251607429268443 ], [ -158.044300395765134, 21.268267428502895 ], [ -158.044268395957602, 21.277801427810747 ], [ -158.044240395446593, 21.28653342705562 ], [ -158.044229395796634, 21.289624426415472 ], [ -158.04422539559144, 21.291148426454239 ], [ -158.044369395931454, 21.291142427078967 ], [ -158.044430395940196, 21.29874742658285 ], [ -158.044455395251305, 21.301838425943089 ], [ -158.044434395178229, 21.302186425781748 ], [ -158.044375395143334, 21.303233426335261 ], [ -158.044355396015675, 21.303582426219965 ], [ -158.0444043955643, 21.304408425590076 ], [ -158.044529395899389, 21.306514425453962 ], [ -158.044574395269848, 21.306885425453309 ], [ -158.044675395415936, 21.307707425539171 ], [ -158.044696395475512, 21.308348425382238 ], [ -158.044762395792532, 21.310271425810772 ], [ -158.044785395044983, 21.310913425699969 ], [ -158.044801395774641, 21.311470425271722 ], [ -158.044816395559394, 21.3119904258375 ], [ -158.044864395057573, 21.313140425739821 ], [ -158.044880395789733, 21.313515425023702 ], [ -158.044926395208932, 21.313692425081868 ], [ -158.044771395260938, 21.313731425077467 ], [ -158.044022395818189, 21.314033425486961 ], [ -158.042236395350557, 21.314854425504297 ], [ -158.040839395722458, 21.315497425422578 ], [ -158.04010939535587, 21.315847425344927 ], [ -158.039320395867946, 21.316202425496815 ], [ -158.0385483953647, 21.316555424657466 ], [ -158.037893395756555, 21.316867424629308 ], [ -158.037201395342748, 21.317180424646743 ], [ -158.035787395830397, 21.317839425301781 ], [ -158.035013396134474, 21.318182424901213 ], [ -158.034371395326872, 21.318476424943551 ], [ -158.034247395907641, 21.3185374250534 ], [ -158.034105395658884, 21.318609424770262 ], [ -158.034029395753464, 21.318669424834649 ], [ -158.033958396077793, 21.318773425126768 ], [ -158.033933395824533, 21.318824424777265 ], [ -158.033911395708657, 21.318934424446983 ], [ -158.033915395892137, 21.318993424466214 ], [ -158.033945395474433, 21.319098424805631 ], [ -158.034063395512248, 21.319349424675355 ], [ -158.034101395463495, 21.319429424762827 ], [ -158.034654395749499, 21.320463424724899 ], [ -158.034961395498073, 21.321064424527918 ], [ -158.035363396024565, 21.321829424690247 ], [ -158.035472395648299, 21.322035424286078 ], [ -158.03572339551593, 21.322532424694728 ], [ -158.036498395232996, 21.324036424720944 ], [ -158.036551395875108, 21.324135424784298 ], [ -158.036878395645886, 21.324740424771747 ], [ -158.036959395778752, 21.324899424900664 ], [ -158.037404395587203, 21.325772424641382 ], [ -158.03747139597462, 21.325903424379927 ], [ -158.037613395319653, 21.326158424434187 ], [ -158.037681395754134, 21.326221424638366 ], [ -158.037852395537783, 21.326350424286087 ], [ -158.038062395320054, 21.326464424142738 ], [ -158.038416395441288, 21.326647424480889 ], [ -158.038484395875543, 21.326727424568706 ], [ -158.038560395778262, 21.326867424721858 ], [ -158.038690395469501, 21.327134424429264 ], [ -158.038776395832798, 21.327290424420099 ], [ -158.038856395021241, 21.327377424830459 ], [ -158.038935395063447, 21.327424424297913 ], [ -158.039088395817629, 21.327457424020853 ], [ -158.039381395828372, 21.327474424807264 ], [ -158.039537395821725, 21.327489424600557 ], [ -158.039700395238299, 21.32750542444003 ], [ -158.039939395458816, 21.327517424096186 ], [ -158.040045395846136, 21.327542424349492 ], [ -158.04014239581835, 21.327594424047454 ], [ -158.040226395191013, 21.327686424688075 ], [ -158.040273395557108, 21.327755424269075 ], [ -158.040311395507445, 21.327901424698105 ], [ -158.041020395794078, 21.32841242395828 ], [ -158.041499395377599, 21.328757424564021 ], [ -158.041932395517364, 21.330745424393065 ], [ -158.042119395129163, 21.331600424201021 ], [ -158.042258395238719, 21.331601424248767 ], [ -158.042307395697861, 21.331602424295379 ], [ -158.042678395705678, 21.331594423931307 ], [ -158.04281839496204, 21.331591423794855 ], [ -158.043055395090704, 21.331584424374544 ], [ -158.043768395568719, 21.331567424499386 ], [ -158.044006394844104, 21.331562424271961 ], [ -158.044301394947297, 21.33155342386096 ], [ -158.04518939539517, 21.331527424472704 ], [ -158.045485395544404, 21.331519424107739 ], [ -158.046021395060166, 21.331583424363558 ], [ -158.047632394645007, 21.331777424323786 ], [ -158.048169395106129, 21.331842424625638 ], [ -158.048181394759325, 21.331873424254823 ], [ -158.048220394756441, 21.331966424041685 ], [ -158.048233395355055, 21.331998424616227 ], [ -158.049124395025927, 21.333151423767298 ], [ -158.049855394521757, 21.33409742417528 ], [ -158.051008394569209, 21.335592423791301 ], [ -158.051797394937893, 21.336613424056665 ], [ -158.05219139508759, 21.337989423579291 ], [ -158.052401394866081, 21.338382423694419 ], [ -158.052640395080772, 21.338829423598778 ], [ -158.052773394909053, 21.339187423899737 ], [ -158.052800394353483, 21.339260423664729 ], [ -158.052929394896921, 21.339607423459089 ], [ -158.053085394884874, 21.340025423825544 ], [ -158.053180394764496, 21.340109424097875 ], [ -158.053184394948772, 21.340113423382871 ], [ -158.05340339514305, 21.340421424080102 ], [ -158.053478395000212, 21.340526423520714 ], [ -158.053778394428889, 21.34093442342834 ], [ -158.053919394627457, 21.341165424175884 ], [ -158.053954394437341, 21.341479423348634 ], [ -158.053977394594227, 21.341744423861922 ], [ -158.053983394869846, 21.341810423304278 ], [ -158.054065395045967, 21.342179424111215 ], [ -158.054195394728282, 21.343115424051529 ], [ -158.054330394646342, 21.343649423464711 ], [ -158.05459839439817, 21.344134423320863 ], [ -158.054711394206322, 21.344338423723897 ], [ -158.054771394271228, 21.344469423462396 ], [ -158.054958394788457, 21.344872423138384 ], [ -158.055328394741792, 21.345489423678877 ], [ -158.055481394594437, 21.345687423806051 ], [ -158.055569394148847, 21.345974423534646 ], [ -158.055569394128213, 21.347516423502952 ], [ -158.055686394093271, 21.349768422895711 ], [ -158.055704394919587, 21.35000042278849 ], [ -158.055709394248822, 21.350137422802625 ], [ -158.055715394525123, 21.350148423309317 ], [ -158.055751394383663, 21.35026942348626 ], [ -158.055868394373817, 21.350644422771342 ], [ -158.055880394924003, 21.350848423173183 ], [ -158.055750394324946, 21.35121742307831 ], [ -158.055480394466883, 21.351789423337511 ], [ -158.055380394351431, 21.35210942278502 ], [ -158.055370394789406, 21.35215242296654 ], [ -158.055362394420541, 21.352169422850086 ], [ -158.055321394326796, 21.352412423248747 ], [ -158.055262394302616, 21.352676422815712 ], [ -158.055115394718314, 21.353089422948365 ], [ -158.055044394141589, 21.35332642307036 ], [ -158.055027394253727, 21.353618423028021 ], [ -158.055027394247475, 21.354086422997369 ], [ -158.054979394730196, 21.354350422564455 ], [ -158.05483839452458, 21.354642422520662 ], [ -158.054838394522079, 21.354829423038801 ], [ -158.054862394727394, 21.354923422871504 ], [ -158.054853394312488, 21.354939422708942 ], [ -158.054809394081872, 21.355077422768531 ], [ -158.05477939449753, 21.35512742327224 ], [ -158.054715394244454, 21.355281423169185 ], [ -158.054656394221666, 21.355446422673438 ], [ -158.054609394751907, 21.355600422570589 ], [ -158.054562394382117, 21.355809423201968 ], [ -158.054579394263783, 21.355986423259772 ], [ -158.054520394240313, 21.356200423222052 ], [ -158.054520394238409, 21.356344422659163 ], [ -158.054485394423892, 21.356377422379918 ], [ -158.054485394422358, 21.356492423179432 ], [ -158.054457394928562, 21.35666142286831 ], [ -158.054379394925405, 21.357142422536139 ], [ -158.054244394094724, 21.357605423173002 ], [ -158.054226394164033, 21.35764942250114 ], [ -158.054167394141075, 21.357825422512018 ], [ -158.05415039425688, 21.357841422349356 ], [ -158.054032394211703, 21.358139422582113 ], [ -158.053879394353686, 21.358343422982024 ], [ -158.053738394147416, 21.358684422496886 ], [ -158.053632394657228, 21.358827422786046 ], [ -158.053620394103433, 21.358893422228189 ], [ -158.053556394750785, 21.358965422845312 ], [ -158.053403394890552, 21.359334422750219 ], [ -158.053344394867764, 21.359499422254487 ], [ -158.053344394862904, 21.359868422161128 ], [ -158.053314394377765, 21.360028422334814 ], [ -158.053285394839236, 21.360094422676021 ], [ -158.053238394470128, 21.36025342280346 ], [ -158.053238394468195, 21.360397422240577 ], [ -158.05320439469719, 21.360626422893905 ], [ -158.05319339418935, 21.360699422658428 ], [ -158.053176394303932, 21.36080842228214 ], [ -158.053167394787636, 21.360876422715727 ], [ -158.053170394925274, 21.360920422943487 ], [ -158.053177394347529, 21.360995422800286 ], [ -158.053179394439411, 21.361013422729926 ], [ -158.053190394044833, 21.361173422904081 ], [ -158.053243394686007, 21.361344422685963 ], [ -158.053314394357983, 21.361514422422029 ], [ -158.053408394189688, 21.361740422039379 ], [ -158.053449394278317, 21.361884422376335 ], [ -158.053537394732217, 21.362159422451583 ], [ -158.053596394751338, 21.362269422122239 ], [ -158.053649394493647, 21.362407422183001 ], [ -158.053657394861972, 21.362432422435141 ], [ -158.053696394858775, 21.362550422473941 ], [ -158.053737394048994, 21.36262742242327 ], [ -158.053784394414294, 21.362754421977353 ], [ -158.053831394779905, 21.362859422316951 ], [ -158.053856394130804, 21.363039422513005 ], [ -158.053878394243185, 21.363189422226704 ], [ -158.053966394699302, 21.363299422796999 ], [ -158.054007394789295, 21.363338422794978 ], [ -158.054136394436171, 21.363483422279625 ], [ -158.054111394183082, 21.363519422138673 ], [ -158.053810394696541, 21.363994422426888 ], [ -158.053619393984832, 21.364352422724057 ], [ -158.052850394502912, 21.365944422288099 ], [ -158.052774394596696, 21.36606442241769 ], [ -158.052725394136644, 21.366133421997521 ], [ -158.052301394376769, 21.3667394220221 ], [ -158.052256394101107, 21.366801422178987 ], [ -158.052122394219879, 21.3669574221672 ], [ -158.052008394361508, 21.367065421743707 ], [ -158.051834394436213, 21.367193422240636 ], [ -158.051775394415017, 21.367240421706526 ], [ -158.051745394831073, 21.367258422535105 ], [ -158.051144394112981, 21.367642422226265 ], [ -158.05103839462376, 21.367711421805485 ], [ -158.050273394441348, 21.368209422248242 ], [ -158.047829394222163, 21.369767422025653 ], [ -158.045886394608885, 21.37101842205961 ], [ -158.0453213946505, 21.37138442182161 ], [ -158.044034394692176, 21.372262421772287 ], [ -158.043696394403298, 21.372495421707001 ], [ -158.043550394869214, 21.372595421814065 ], [ -158.042565394439549, 21.373296421710705 ], [ -158.041574394633017, 21.373972421355276 ], [ -158.041377394547197, 21.374104421136771 ], [ -158.041300394595964, 21.374145421225453 ], [ -158.041257394413037, 21.374162422007846 ], [ -158.041114395018042, 21.374200421957596 ], [ -158.040985394469658, 21.374220421977839 ], [ -158.040757394755531, 21.374239421950907 ], [ -158.040553394348848, 21.374244421279517 ], [ -158.040432395068734, 21.374244421278114 ], [ -158.040287394682679, 21.374247421414605 ], [ -158.039108395215266, 21.374280421122062 ], [ -158.036446394863447, 21.374331421641337 ], [ -158.035832395349871, 21.374346421425738 ], [ -158.035777394614144, 21.374350421609289 ], [ -158.03557639524513, 21.374348421514849 ], [ -158.035311394725625, 21.374354421788109 ], [ -158.034110395143784, 21.37438642144928 ], [ -158.033914395105739, 21.374389421585178 ], [ -158.033468395239339, 21.374398421095187 ], [ -158.033449395263204, 21.374398421094966 ], [ -158.032784395198348, 21.374406421455671 ], [ -158.032201395314559, 21.374414421817391 ], [ -158.031913395533877, 21.374424421375256 ], [ -158.031374394979281, 21.374454421851286 ], [ -158.03104139492342, 21.374487421568553 ], [ -158.030798395417179, 21.374526421563186 ], [ -158.030652394984742, 21.374551421813528 ], [ -158.030553394919451, 21.374567421649928 ], [ -158.03014739509652, 21.374654421155277 ], [ -158.029954395196228, 21.374694421196534 ], [ -158.029851394946519, 21.3747174213553 ], [ -158.029799395248659, 21.374698421379001 ], [ -158.029709395598417, 21.374688421816753 ], [ -158.029553395604353, 21.374726421766301 ], [ -158.029383394965009, 21.374778421461151 ], [ -158.029195395294863, 21.374836421432125 ], [ -158.029155395250228, 21.374848421085009 ], [ -158.029037395208519, 21.374884420942912 ], [ -158.028998395209982, 21.374897421541167 ], [ -158.02884839549219, 21.374947421144174 ], [ -158.028572395363852, 21.37505442157212 ], [ -158.028356395302438, 21.375139420987555 ], [ -158.028224395514655, 21.375199421051317 ], [ -158.028178395193521, 21.375216420934368 ], [ -158.028148395609577, 21.37523342171696 ], [ -158.027353394945067, 21.375655421357305 ], [ -158.027087395277022, 21.375797421598655 ], [ -158.02695339539693, 21.375868421269651 ], [ -158.026905394983515, 21.37589242147504 ], [ -158.026815395332477, 21.375940420986609 ], [ -158.026764395680118, 21.375967421330124 ], [ -158.026717395312772, 21.375992421581614 ], [ -158.02678339565395, 21.376145421434003 ], [ -158.026872395255509, 21.376354421167733 ], [ -158.027022394967929, 21.376708421284722 ], [ -158.027108395330828, 21.376898421042704 ], [ -158.027257394997889, 21.377197421324684 ], [ -158.027385395496992, 21.377419421657557 ], [ -158.027447395654463, 21.377525421144004 ], [ -158.027589394999865, 21.377758421084344 ], [ -158.027749395174254, 21.378022421553197 ], [ -158.027773395380251, 21.378061421550921 ], [ -158.027946395254475, 21.378318420798188 ], [ -158.028276395165477, 21.37878742081751 ], [ -158.028309394886747, 21.378833421137699 ], [ -158.028465394877685, 21.379033421357029 ], [ -158.02851639542817, 21.379098420753824 ], [ -158.028808395388438, 21.37944642149542 ], [ -158.02889839503743, 21.379553421028259 ], [ -158.029807395538029, 21.380714421447152 ], [ -158.030139394642475, 21.381138421192716 ], [ -158.030162394802574, 21.381167420729881 ], [ -158.030480395060835, 21.381569421260735 ], [ -158.030598395100128, 21.381719420975546 ], [ -158.031044394959281, 21.382258420622637 ], [ -158.031247395316484, 21.382516420815641 ], [ -158.031526394677996, 21.382847420774183 ], [ -158.031881394842259, 21.383269421327189 ], [ -158.03194039486192, 21.383339420954364 ], [ -158.032023395087833, 21.383436420925907 ], [ -158.032067395315806, 21.383496420991651 ], [ -158.03211539482885, 21.383552420873276 ], [ -158.032175394894608, 21.383623420546492 ], [ -158.032020394945988, 21.383711421000125 ], [ -158.03174039463255, 21.383877420547893 ], [ -158.031390394690533, 21.384074420623271 ], [ -158.029025395416369, 21.385410420969883 ], [ -158.028986395417689, 21.385433421129353 ], [ -158.028566394947887, 21.385655420556574 ], [ -158.028223395328695, 21.385830420518118 ], [ -158.027751395160152, 21.386101420402738 ], [ -158.027698395415626, 21.386129420792329 ], [ -158.027457395101067, 21.386261420573405 ], [ -158.026669394758699, 21.386715420788335 ], [ -158.026122394731118, 21.387024420623437 ], [ -158.02559739481805, 21.387322420851621 ], [ -158.025264394760143, 21.387510420512658 ], [ -158.025117395180246, 21.387591420644025 ], [ -158.023677395367542, 21.388392420644358 ], [ -158.023413394892287, 21.38853942021662 ], [ -158.023201395014667, 21.388666420667107 ], [ -158.022406395249561, 21.389083420077291 ], [ -158.022319394837439, 21.389130420442193 ], [ -158.021975395172319, 21.389294420796425 ], [ -158.021518395695836, 21.389497420247555 ], [ -158.021053394951593, 21.389686419953179 ], [ -158.020036395749884, 21.39004242014882 ], [ -158.019908395247313, 21.390082420190886 ], [ -158.019287395408725, 21.390281420355244 ], [ -158.019052395371347, 21.390351419978995 ], [ -158.019062394929676, 21.39058942014805 ], [ -158.019119395739494, 21.391963420474056 ], [ -158.01918139497954, 21.393454419893178 ], [ -158.019181394974026, 21.393874420349981 ], [ -158.019211395453482, 21.39414842037856 ], [ -158.019241395034044, 21.39438641964853 ], [ -158.019363395255823, 21.394676420415017 ], [ -158.019454394949406, 21.394897419802057 ], [ -158.019576395172436, 21.395091419744645 ], [ -158.019668394912259, 21.39530142042376 ], [ -158.019790395134294, 21.395568420131028 ], [ -158.019851395244018, 21.395805420254622 ], [ -158.019912395354538, 21.395976420036629 ], [ -158.019894395421034, 21.396238420411297 ], [ -158.019887395095623, 21.396457419705136 ], [ -158.019820395603546, 21.396625420246824 ], [ -158.019811395188583, 21.39664542026847 ], [ -158.019729395004816, 21.396846419631842 ], [ -158.019636395214263, 21.396995420197513 ], [ -158.019545395516644, 21.39708341975258 ], [ -158.019270395432926, 21.397300419850531 ], [ -158.018667395521277, 21.397737420184075 ], [ -158.018080395441558, 21.398635420164812 ], [ -158.017988395696506, 21.398826419966849 ], [ -158.017988395695056, 21.398937419682859 ], [ -158.018113395150635, 21.399621419708797 ], [ -158.018385395073892, 21.40111041993752 ], [ -158.018567395363192, 21.401336419555882 ], [ -158.018599395038336, 21.401388419253067 ], [ -158.018812394959298, 21.40147241952673 ], [ -158.019606395568218, 21.401778419239101 ], [ -158.020033395447058, 21.40264741969456 ], [ -158.019026394906433, 21.403082419931369 ], [ -158.019057395431844, 21.403364419429032 ], [ -158.01936239509601, 21.403399419245755 ], [ -158.019545395433056, 21.403498419310562 ], [ -158.019865394885073, 21.40383741963797 ], [ -158.020094395541207, 21.404078419048368 ], [ -158.020186395281826, 21.404227419616156 ], [ -158.020216394863866, 21.404352419077988 ], [ -158.020277394974897, 21.404486419853917 ], [ -158.020369394716681, 21.404543419782083 ], [ -158.020643394748873, 21.404745419195486 ], [ -158.020735395388812, 21.40489441976333 ], [ -158.020796395500241, 21.404997419111652 ], [ -158.020967395278632, 21.405536419654869 ], [ -158.021071394668695, 21.406008419809663 ], [ -158.021071394666961, 21.406142419685647 ], [ -158.021040395035328, 21.406283418984248 ], [ -158.021040395031008, 21.406615418985627 ], [ -158.020979394910285, 21.407229419382986 ], [ -158.020857394680888, 21.407526419569738 ], [ -158.02079639546497, 21.407713419187857 ], [ -158.020857394676, 21.40790041970671 ], [ -158.020918394787515, 21.407996419631967 ], [ -158.021162395236871, 21.408133419648827 ], [ -158.021590395169795, 21.408385419568056 ], [ -158.021742394978048, 21.408461419472598 ], [ -158.021864395203465, 21.408472419081246 ], [ -158.021986395429622, 21.408427418808852 ], [ -158.02232239472491, 21.408354419048077 ], [ -158.02262739528831, 21.408392419002904 ], [ -158.022871394838575, 21.408510419044124 ], [ -158.023054395174512, 21.408697419564351 ], [ -158.023176395398025, 21.408850419417419 ], [ -158.023512394686776, 21.409285418770164 ], [ -158.023817395244066, 21.40979241874054 ], [ -158.023819395336147, 21.409797418970808 ], [ -158.023970395094722, 21.410151419087757 ], [ -158.024092395315023, 21.410555418809075 ], [ -158.024184395054192, 21.410818419231095 ], [ -158.024336394860853, 21.411017419404317 ], [ -158.024428394602609, 21.41107841951667 ], [ -158.024580395310352, 21.41113941873034 ], [ -158.025069394457347, 21.411345419229761 ], [ -158.025709395164483, 21.411681419422667 ], [ -158.026076394984699, 21.411928419110865 ], [ -158.026442394757765, 21.412257418978239 ], [ -158.026747394417811, 21.412607418912732 ], [ -158.027143394671469, 21.413122419252481 ], [ -158.027417394699825, 21.413622418900069 ], [ -158.027478394810373, 21.413794418728145 ], [ -158.027466395156182, 21.413836418863617 ], [ -158.02735639457967, 21.414191419023638 ], [ -158.026563394886892, 21.41614441902535 ], [ -158.02653239435503, 21.416361419126083 ], [ -158.026563394882515, 21.416483418449744 ], [ -158.026624394992467, 21.416701418597569 ], [ -158.026990394759167, 21.417525418778471 ], [ -158.02747839475083, 21.418394418335151 ], [ -158.027600394974769, 21.418516418559175 ], [ -158.027784394458564, 21.418619418808174 ], [ -158.028028394908432, 21.418715418735498 ], [ -158.028363395054384, 21.418841418246803 ], [ -158.028760394460079, 21.418951418820594 ], [ -158.030103394286982, 21.419127418847388 ], [ -158.030469394962267, 21.41923441838334 ], [ -158.031385394894272, 21.419779418311958 ], [ -158.031466394126625, 21.420036418457499 ], [ -158.031446394103114, 21.420138418658102 ], [ -158.031324394775311, 21.420260418879352 ], [ -158.031202394548899, 21.420325418274157 ], [ -158.031049394692815, 21.420386418383746 ], [ -158.030744394127993, 21.420458418998219 ], [ -158.030439394462888, 21.420500418231057 ], [ -158.029950394414215, 21.420477418964932 ], [ -158.029554394154161, 21.420454418800492 ], [ -158.029035394520918, 21.420500418215145 ], [ -158.028302394918256, 21.420648418727556 ], [ -158.028089394994737, 21.420766418763506 ], [ -158.028050394995915, 21.420797418392116 ], [ -158.027997394351871, 21.420842418665298 ], [ -158.027967394766591, 21.420964418887579 ], [ -158.028028394877396, 21.421117418739883 ], [ -158.028119394572087, 21.421254418754987 ], [ -158.02927939495919, 21.421495418175887 ], [ -158.02946239439612, 21.421655418351996 ], [ -158.02946639457943, 21.421735418439059 ], [ -158.029432394809703, 21.421869418314575 ], [ -158.029279394953164, 21.421960418906426 ], [ -158.02900439487135, 21.422033418667972 ], [ -158.028852394162527, 21.422052418641957 ], [ -158.028455394755412, 21.422055418775631 ], [ -158.028455394753735, 21.42218541846734 ], [ -158.028516394864653, 21.42233041885056 ], [ -158.028577394974093, 21.422586418050525 ], [ -158.028669394711756, 21.422963418326624 ], [ -158.02866939470826, 21.423234418216733 ], [ -158.028638394175744, 21.423501418821481 ], [ -158.028516394845752, 21.423795417970794 ], [ -158.02836339498748, 21.4240244186228 ], [ -158.028211394277065, 21.42416541792004 ], [ -158.028058394420555, 21.424257418557985 ], [ -158.027692394641321, 21.424405418175223 ], [ -158.027466395019218, 21.424435418654941 ], [ -158.027418394605661, 21.42447241855977 ], [ -158.027393394352799, 21.424492418581231 ], [ -158.027244394681532, 21.424511418555259 ], [ -158.027185394660819, 21.424520418069701 ], [ -158.026703394935566, 21.424426418231821 ], [ -158.026116394869035, 21.424313418417075 ], [ -158.025251394583393, 21.424199418553105 ], [ -158.024766394719592, 21.424135418298157 ], [ -158.024915394388131, 21.424325418056824 ], [ -158.024915394386227, 21.424474418623554 ], [ -158.024854394268743, 21.424836418207182 ], [ -158.024854394266839, 21.424985417874659 ], [ -158.024855394312794, 21.424996418381237 ], [ -158.024884394747062, 21.425203418022118 ], [ -158.024915394375654, 21.425294418616051 ], [ -158.024976394487538, 21.4253634181972 ], [ -158.025066395036333, 21.425435417916788 ], [ -158.025098394712103, 21.42543941810133 ], [ -158.025281395052247, 21.42529841790514 ], [ -158.025434394913304, 21.424852418051277 ], [ -158.025525394611122, 21.4247494187047 ], [ -158.025678394467121, 21.42469541801821 ], [ -158.025861394805929, 21.424661418253081 ], [ -158.025953394548253, 21.424676418045621 ], [ -158.026105394356591, 21.424745418527046 ], [ -158.026166394468248, 21.424835418175974 ], [ -158.02625839420989, 21.424905418702817 ], [ -158.026380394432636, 21.425123417952012 ], [ -158.026410394912318, 21.425378418004854 ], [ -158.0264163942891, 21.425409418533281 ], [ -158.02650239464927, 21.425813418254165 ], [ -158.026624394871249, 21.426091418468008 ], [ -158.026766394217873, 21.426235417906742 ], [ -158.02778439434951, 21.427072417794346 ], [ -158.028485394269097, 21.427484417890629 ], [ -158.029218394765763, 21.427751418504002 ], [ -158.029828394091169, 21.428037418192421 ], [ -158.029877394549459, 21.428108417865491 ], [ -158.029966394152126, 21.428235418319424 ], [ -158.030011394422957, 21.428548418345574 ], [ -158.029950394306212, 21.428857418186265 ], [ -158.029920394718033, 21.429204417978784 ], [ -158.029889394183499, 21.429628417720139 ], [ -158.03001139440201, 21.430177417823945 ], [ -158.03019439473249, 21.430787418039763 ], [ -158.030164394243002, 21.431291417868099 ], [ -158.030042394011531, 21.431752417513735 ], [ -158.029767394821022, 21.432451418225906 ], [ -158.029466394433967, 21.433035418138189 ], [ -158.029157394579698, 21.433450417461923 ], [ -158.028760394264083, 21.434171417387265 ], [ -158.028577394816921, 21.434804417758862 ], [ -158.02845539457735, 21.435899417824203 ], [ -158.028363394822804, 21.436834417715897 ], [ -158.028302394689405, 21.438443417171854 ], [ -158.02830939410984, 21.438660417273077 ], [ -158.028333394306998, 21.439393417755749 ], [ -158.0290353942639, 21.440495417253437 ], [ -158.02943239455783, 21.44147141724018 ], [ -158.029439393978578, 21.441667417273518 ], [ -158.029452394572672, 21.442049416879751 ], [ -158.029468394406763, 21.442349417206199 ], [ -158.029569394557427, 21.442862417450478 ], [ -158.029202394725786, 21.443509417565487 ], [ -158.029069393990369, 21.443746416787498 ], [ -158.028717393949677, 21.444458417198192 ], [ -158.028304394695482, 21.445177417031239 ], [ -158.027889394452046, 21.445720416852705 ], [ -158.028243394564299, 21.446618416844078 ], [ -158.028732394599899, 21.447668416642458 ], [ -158.028784394296537, 21.447780417304458 ], [ -158.028892393865334, 21.448696417222671 ], [ -158.028988393785625, 21.449209416567584 ], [ -158.029005394563825, 21.449611417094911 ], [ -158.029056394200438, 21.450819416970369 ], [ -158.029073394079319, 21.451222416644413 ], [ -158.029161394532935, 21.451533416578908 ], [ -158.029149393977406, 21.451735416888415 ], [ -158.029034394072568, 21.451880416370336 ], [ -158.028476394432516, 21.452587416548436 ], [ -158.027948394371009, 21.453700416538922 ], [ -158.027947394324883, 21.453704416723106 ], [ -158.027575394263437, 21.454305416518274 ], [ -158.027444394519335, 21.454556416385092 ], [ -158.027143394132338, 21.455139416251377 ], [ -158.02702739418126, 21.455295416239856 ], [ -158.026859394531243, 21.455524415992418 ], [ -158.026273394499214, 21.456316416487542 ], [ -158.026075394365648, 21.456585416283243 ], [ -158.025312394269719, 21.45754341632739 ], [ -158.024579394658701, 21.458351415759108 ], [ -158.024352394089021, 21.458555416158301 ], [ -158.024091394650242, 21.458790416186151 ], [ -158.023766394057247, 21.459334416054745 ], [ -158.023731394235426, 21.459943416222011 ], [ -158.023642394611414, 21.461498415888773 ], [ -158.023626393870643, 21.461773415962828 ], [ -158.023592394094976, 21.462383416176195 ], [ -158.023656394342822, 21.46263141590704 ], [ -158.023672394179982, 21.462692416018527 ], [ -158.02372639396674, 21.462965416001285 ], [ -158.023739394563762, 21.463125416175416 ], [ -158.023770394190137, 21.463392415881593 ], [ -158.023800394669905, 21.463648415980458 ], [ -158.02381439441416, 21.463768416111161 ], [ -158.023856394546215, 21.464129415649893 ], [ -158.023871394336481, 21.464250415826591 ], [ -158.023901393916987, 21.464506415925506 ], [ -158.024017393851778, 21.465638415898862 ], [ -158.024018393897819, 21.46563941594491 ], [ -158.024096393886651, 21.466268416135225 ], [ -158.024105394300534, 21.46633641566968 ], [ -158.02423739407331, 21.467459415228721 ], [ -158.024396394193445, 21.468383415515959 ], [ -158.024878393889082, 21.470822415430902 ], [ -158.025055393938914, 21.471778415393388 ], [ -158.02515039381359, 21.472265415339521 ], [ -158.025327393864103, 21.473161415236742 ], [ -158.025525393980445, 21.474262415581929 ], [ -158.02554839413952, 21.474373415298249 ], [ -158.025617393717368, 21.47470741539242 ], [ -158.025640393876444, 21.474819415154766 ], [ -158.025682394010573, 21.475020415418772 ], [ -158.025781394069128, 21.475537414947951 ], [ -158.026147393822527, 21.477438415265684 ], [ -158.026195394232388, 21.477696415456876 ], [ -158.02633239424074, 21.478417415388162 ], [ -158.025859394027435, 21.478593415394521 ], [ -158.024485393662729, 21.479107414769256 ], [ -158.024443394425248, 21.479122414560305 ], [ -158.024159393928329, 21.479229414988307 ], [ -158.02397239430411, 21.479299414612672 ], [ -158.023850394081421, 21.479071414902993 ], [ -158.023750393972335, 21.478905415350862 ], [ -158.023643394440029, 21.47874141499145 ], [ -158.023530393731846, 21.478582414862267 ], [ -158.023411393646484, 21.478426414871187 ], [ -158.023281393953539, 21.478271414926024 ], [ -158.023145393984151, 21.47812041516498 ], [ -158.023003393738207, 21.477973414688766 ], [ -158.022869393860645, 21.477846415133751 ], [ -158.022786394533796, 21.477766415045828 ], [ -158.02263839401121, 21.477634415260347 ], [ -158.022485394157485, 21.477507414805817 ], [ -158.022325393981134, 21.47738441543472 ], [ -158.022161394519742, 21.477267415440537 ], [ -158.021992393928628, 21.477154414731199 ], [ -158.021905394417104, 21.477101414987402 ], [ -158.021640393899645, 21.476949415178897 ], [ -158.021458394507874, 21.476856415390515 ], [ -158.021179394244314, 21.476725414750316 ], [ -158.020940394024819, 21.476625414638935 ], [ -158.0185163938595, 21.475727414624863 ], [ -158.018276394493171, 21.475636414927909 ], [ -158.0179373941628, 21.47551541474763 ], [ -158.017506394090304, 21.475361414845167 ], [ -158.01621839410339, 21.474879415116174 ], [ -158.016113394657992, 21.475130414983269 ], [ -158.016065394243412, 21.475248415021163 ], [ -158.016027394288784, 21.47543541463957 ], [ -158.016022394057671, 21.475494414658698 ], [ -158.016024394148872, 21.475568415368731 ], [ -158.016033394562641, 21.475642415179518 ], [ -158.016049394399658, 21.475715414944354 ], [ -158.016072394559217, 21.475786414617126 ], [ -158.016108394418325, 21.475869414842723 ], [ -158.016131394578196, 21.47591541516277 ], [ -158.016149394507835, 21.475951415022244 ], [ -158.016190394597572, 21.476015415272176 ], [ -158.016284394430699, 21.476141414780709 ], [ -158.015752394195204, 21.4764444152393 ], [ -158.015465394458744, 21.47659841513385 ], [ -158.015307394372201, 21.476665414620435 ], [ -158.015149394285885, 21.476713415030584 ], [ -158.015028394106054, 21.476739415327362 ], [ -158.014868394827317, 21.47675641520917 ], [ -158.014048394814552, 21.476791415013395 ], [ -158.013481394768434, 21.47682241463615 ], [ -158.013392394264685, 21.476827414865454 ], [ -158.013265394707901, 21.476841414609467 ], [ -158.013131394828463, 21.476865414813993 ], [ -158.012962394235188, 21.476918414554994 ], [ -158.012821394932104, 21.476973415287745 ], [ -158.012654394430626, 21.477058414703841 ], [ -158.012489394920408, 21.477158414810788 ], [ -158.012204394376397, 21.477347414518601 ], [ -158.012078394864801, 21.477426414558202 ], [ -158.011996394683251, 21.477466414600777 ], [ -158.011911394363466, 21.477502414459121 ], [ -158.011722394647109, 21.477573415028886 ], [ -158.011508394678145, 21.477637415276014 ], [ -158.010907394862329, 21.477797414544128 ], [ -158.010402394973596, 21.477942414921099 ], [ -158.010171394221544, 21.47799441461537 ], [ -158.010062394594797, 21.478008415258923 ], [ -158.009952394922038, 21.478016414726842 ], [ -158.009785394421584, 21.47801841481709 ], [ -158.009242394582714, 21.477989414374864 ], [ -158.009071394797303, 21.477989414372981 ], [ -158.008989394616123, 21.477996414694449 ], [ -158.008840394944741, 21.478024415083013 ], [ -158.008729394326252, 21.47806141498717 ], [ -158.008599394630608, 21.478125415235152 ], [ -158.008390394891308, 21.478248414602213 ], [ -158.008293394917558, 21.478313414896714 ], [ -158.008007394327194, 21.478519414488101 ], [ -158.007206394284395, 21.47905141469818 ], [ -158.006891395055561, 21.47927141493399 ], [ -158.006694394969543, 21.479424414783452 ], [ -158.006530394605477, 21.479574414495165 ], [ -158.00636439504828, 21.479743415081813 ], [ -158.006222394798328, 21.479918415045763 ], [ -158.006052395056116, 21.480149414890455 ], [ -158.005850394737848, 21.480446415076365 ], [ -158.005816394969173, 21.480498414772818 ], [ -158.005585395112547, 21.480858414262524 ], [ -158.005536394652324, 21.480943414579251 ], [ -158.003206395201232, 21.481606414510381 ], [ -158.003006394976381, 21.481804414633583 ], [ -158.002794395096771, 21.482096414589151 ], [ -158.002717395143634, 21.482289414483471 ], [ -158.002725394610195, 21.482508414676808 ], [ -158.002729394793505, 21.482587414717774 ], [ -158.002717395138205, 21.482724414731774 ], [ -158.002641395232757, 21.482790414173177 ], [ -158.002259394715963, 21.482961414849601 ], [ -158.002135394396419, 21.483104414239396 ], [ -158.002041394561502, 21.483126414352171 ], [ -158.001923394520617, 21.483093414629764 ], [ -158.001676394829929, 21.483143414231812 ], [ -158.001647394395746, 21.482923413992161 ], [ -158.001570394447555, 21.482724414719197 ], [ -158.001588395279697, 21.482504414480054 ], [ -158.001629394472985, 21.482339414076215 ], [ -158.001629394474236, 21.482240414912862 ], [ -158.00158839528433, 21.482135414573364 ], [ -158.001446395036965, 21.482102414850683 ], [ -158.000993394848336, 21.482080414731836 ], [ -158.000899395013079, 21.482124414059228 ], [ -158.000882395128116, 21.48220141490717 ], [ -158.000652395320259, 21.482345414341832 ], [ -158.000499394561132, 21.482703414639598 ], [ -158.000305394612553, 21.482917414600468 ], [ -158.000296395097109, 21.48291941469245 ], [ -158.000046395267958, 21.48298941431619 ], [ -157.999930395318017, 21.483057414748608 ], [ -157.999905395065213, 21.483072414539834 ], [ -157.999787395021855, 21.483242414273754 ], [ -157.999740394651639, 21.483496414279717 ], [ -157.999752395201057, 21.483777414630453 ], [ -157.999617395270661, 21.484184414487075 ], [ -157.999341395142096, 21.484311414037677 ], [ -157.999238394893041, 21.484284414591695 ], [ -157.999146395150774, 21.484261414430783 ], [ -157.998929395045849, 21.484146414528187 ], [ -157.998840394543294, 21.484058414071733 ], [ -157.998793395077257, 21.483926414287353 ], [ -157.998811395008744, 21.483815414571549 ], [ -157.998775395149949, 21.483705414001847 ], [ -157.99871739517684, 21.483590414100942 ], [ -157.99866939476567, 21.483435414156649 ], [ -157.998669394767376, 21.483298414142567 ], [ -157.998734395066748, 21.483116414754676 ], [ -157.9986873947025, 21.482896414514883 ], [ -157.998593394868152, 21.482868414123654 ], [ -157.998257394677154, 21.482653414110988 ], [ -157.99776939467688, 21.482439414142618 ], [ -157.997357394578245, 21.482461414251961 ], [ -157.996763395084969, 21.482621414419505 ], [ -157.996534395323124, 21.482769414038376 ], [ -157.995851395323626, 21.483133414606687 ], [ -157.99532739545802, 21.483331414726351 ], [ -157.995098394797338, 21.483442414439846 ], [ -157.994580395205872, 21.483827414178482 ], [ -157.99436839532936, 21.483866414173605 ], [ -157.993898395254007, 21.484064414293869 ], [ -157.993392395318807, 21.484235414069605 ], [ -157.993239395461472, 21.484395414241995 ], [ -157.993192395093274, 21.484488414027886 ], [ -157.993086394701635, 21.484808414374768 ], [ -157.993009394749549, 21.484918414043904 ], [ -157.992780394988245, 21.485022414334381 ], [ -157.99250939509065, 21.485100414326354 ], [ -157.992386394817942, 21.485188413881115 ], [ -157.992339395349177, 21.48527041405972 ], [ -157.992321395416923, 21.48544741411715 ], [ -157.992356395228768, 21.48562341412913 ], [ -157.992339395343123, 21.485755413912784 ], [ -157.992262395390952, 21.485871413858266 ], [ -157.99208039509702, 21.486003414539439 ], [ -157.991792395314775, 21.486135414320142 ], [ -157.991562395507685, 21.486218414542765 ], [ -157.991286395380058, 21.486267414098393 ], [ -157.991121394972311, 21.48622341386891 ], [ -157.990980394771896, 21.486119414473706 ], [ -157.990874395285232, 21.485986413743287 ], [ -157.990750394970519, 21.485744414288089 ], [ -157.990232395393434, 21.484979414124801 ], [ -157.98988539559673, 21.484615414444519 ], [ -157.989608395426387, 21.484395414202183 ], [ -157.98936139483763, 21.484346414640815 ], [ -157.989179395443756, 21.484417414311359 ], [ -157.988985395494808, 21.484660413809106 ], [ -157.988949395632062, 21.484869414440766 ], [ -157.988985395489721, 21.485067414566569 ], [ -157.988920395188217, 21.485419414589071 ], [ -157.988844395282683, 21.485491414306789 ], [ -157.988691395426571, 21.485552414416436 ], [ -157.988567395108987, 21.485541413908464 ], [ -157.988536395479173, 21.485542413954203 ], [ -157.988249395744475, 21.485557413742516 ], [ -157.988114394919194, 21.485612414475348 ], [ -157.987943395132191, 21.485739414027094 ], [ -157.987761395738374, 21.485805414366666 ], [ -157.987502395495454, 21.485800414133596 ], [ -157.987290395620619, 21.485706414298821 ], [ -157.987014395493816, 21.485690414458261 ], [ -157.9867673949025, 21.485844414353217 ], [ -157.98662039532158, 21.486004414525667 ], [ -157.986449395534379, 21.48614741391491 ], [ -157.986055395365099, 21.486229414089745 ], [ -157.985866395650419, 21.486163413746063 ], [ -157.985760395265089, 21.485976414126053 ], [ -157.985719395177171, 21.485767414392878 ], [ -157.985566395323474, 21.485635413708028 ], [ -157.985366395101892, 21.485569414263598 ], [ -157.984984395487345, 21.485508414148082 ], [ -157.98478439526653, 21.485381413693016 ], [ -157.984601395829543, 21.48521641418602 ], [ -157.984448395077266, 21.4850244143352 ], [ -157.98433139508569, 21.484737413706959 ], [ -157.984130395720769, 21.484401414418482 ], [ -157.984092395768471, 21.48439741423385 ], [ -157.984026395418198, 21.484964414265281 ], [ -157.983830395358893, 21.486664414313733 ], [ -157.983765395054718, 21.487232414391276 ], [ -157.982983395892745, 21.487326414215165 ], [ -157.98157939594833, 21.487497413981107 ], [ -157.980389395973702, 21.487536413965543 ], [ -157.979382395439984, 21.487421414054239 ], [ -157.978680395470008, 21.487326414168066 ], [ -157.978130395308938, 21.48726141386652 ], [ -157.977276395527213, 21.487364414104128 ], [ -157.976483395855638, 21.487677414121165 ], [ -157.976075395940796, 21.48773941427406 ], [ -157.975567395914538, 21.487818413410132 ], [ -157.974957395686999, 21.487734414031543 ], [ -157.97446639554579, 21.48773241393409 ], [ -157.974103395906923, 21.487700414255041 ], [ -157.972608396274893, 21.487154414274276 ], [ -157.97221139596877, 21.487124413787598 ], [ -157.970807396020319, 21.487608413579292 ], [ -157.970502396355499, 21.487623413367455 ], [ -157.969495395826215, 21.487150414055954 ], [ -157.969068395937256, 21.487047413804344 ], [ -157.968610396416835, 21.487078413428375 ], [ -157.967756395729509, 21.48768441344874 ], [ -157.966870396268519, 21.488054413391914 ], [ -157.966676396321475, 21.488144413937377 ], [ -157.966066396089218, 21.488432413704388 ], [ -157.965833396143694, 21.488531413764598 ], [ -157.965223395910726, 21.488875413412657 ], [ -157.964856396082638, 21.48924141407662 ], [ -157.964276396334242, 21.489462413456316 ], [ -157.963514396294755, 21.48958841385485 ], [ -157.962384396387051, 21.489599413449824 ], [ -157.961559396137062, 21.490168413565151 ], [ -157.960888396694713, 21.49018741353353 ], [ -157.96049139638771, 21.490221413296421 ], [ -157.960186396721042, 21.490381413467109 ], [ -157.959881396150593, 21.49090041308412 ], [ -157.959759395920941, 21.491224413615154 ], [ -157.959484396736059, 21.49148441389503 ], [ -157.959118396058045, 21.491583413054396 ], [ -157.957958396564493, 21.491765413329709 ], [ -157.956707396471955, 21.492200413564468 ], [ -157.956249396050282, 21.492387413178349 ], [ -157.95496839637039, 21.493115413416739 ], [ -157.954571396060317, 21.493394413670998 ], [ -157.95390039661612, 21.493558413122656 ], [ -157.953564396420944, 21.493672412973204 ], [ -157.953045396785143, 21.493909413090517 ], [ -157.952130396894148, 21.493718413277399 ], [ -157.9517633961716, 21.493692412975324 ], [ -157.951397396391087, 21.493936413416666 ], [ -157.951031396609437, 21.49426841341414 ], [ -157.950451396861496, 21.494454412980676 ], [ -157.949902396745074, 21.494496413110308 ], [ -157.949444396324338, 21.494603413536488 ], [ -157.949017396431032, 21.494847413077792 ], [ -157.948284396828171, 21.49499641273734 ], [ -157.947888396569255, 21.494863412903054 ], [ -157.947308396824667, 21.494775413340594 ], [ -157.946667396966092, 21.494786412940933 ], [ -157.94636239640306, 21.494706412850554 ], [ -157.945690396918479, 21.494412412793185 ], [ -157.94541639688353, 21.494416412974392 ], [ -157.944744396493064, 21.494645412721592 ], [ -157.943463396816099, 21.495133412698959 ], [ -157.943066396509181, 21.495160413038811 ], [ -157.942822396957496, 21.495141413060434 ], [ -157.94254739687517, 21.495248412589291 ], [ -157.942265396468088, 21.495531413029024 ], [ -157.941815397312155, 21.495893412608577 ], [ -157.941113397335016, 21.496366412800807 ], [ -157.940960396578788, 21.496488413021755 ], [ -157.940716397026193, 21.496541412762049 ], [ -157.93732839739377, 21.496663412947857 ], [ -157.934460397437022, 21.497041413237991 ], [ -157.933117397609834, 21.496827413260359 ], [ -157.931713397671302, 21.496495413243583 ], [ -157.930554397330866, 21.496152412722836 ], [ -157.929546397653041, 21.495805412918905 ], [ -157.928784397615772, 21.495740412615017 ], [ -157.928173397338639, 21.495923412942396 ], [ -157.927563397103341, 21.496450412924627 ], [ -157.926953397768358, 21.496896412773737 ], [ -157.925945397182431, 21.497254413062372 ], [ -157.924999397657331, 21.497399412535376 ], [ -157.924297397684967, 21.497483412799006 ], [ -157.923687397456092, 21.497491412261454 ], [ -157.922894397787019, 21.497586413030714 ], [ -157.921917397736479, 21.497438412499335 ], [ -157.921032397425478, 21.49753341236822 ], [ -157.92036139798094, 21.49771641269496 ], [ -157.919994397258392, 21.497682412923798 ], [ -157.917706397957147, 21.497205412514802 ], [ -157.916901397731181, 21.497616412548545 ], [ -157.9166993974153, 21.497720412839417 ], [ -157.915844397580798, 21.498342412697497 ], [ -157.91508139749584, 21.498399412616354 ], [ -157.914501397752218, 21.49822741278264 ], [ -157.91407439786218, 21.498200412433828 ], [ -157.913464397630946, 21.498395412414581 ], [ -157.912853398255521, 21.498384412800636 ], [ -157.912304398138588, 21.49846041269754 ], [ -157.912029398054017, 21.498745412330159 ], [ -157.911694397904455, 21.498890412709134 ], [ -157.911175398272746, 21.498787412456522 ], [ -157.910687398270085, 21.498745412315582 ], [ -157.910107397624245, 21.498802412236433 ], [ -157.909191397683372, 21.498901412289264 ], [ -157.908611397936539, 21.49898541255423 ], [ -157.908032398235918, 21.499058412312582 ], [ -157.907635397929852, 21.499012411988435 ], [ -157.907025397702085, 21.498924412425662 ], [ -157.90650639807032, 21.498825412357249 ], [ -157.905926398326187, 21.498692412520995 ], [ -157.905010398385286, 21.498791412573844 ], [ -157.904705397818532, 21.499004412487537 ], [ -157.904492397889015, 21.499599412008497 ], [ -157.904247398283786, 21.500179412637003 ], [ -157.903607398465255, 21.500664412483374 ], [ -157.903088397930702, 21.500843412627535 ], [ -157.902447398070876, 21.500942412683358 ], [ -157.90189839795525, 21.500908412010865 ], [ -157.901501398549328, 21.50079341210628 ], [ -157.901287398575988, 21.501202412054361 ], [ -157.901265398457582, 21.501530411871467 ], [ -157.900379398101819, 21.501510411840101 ], [ -157.900252398545177, 21.501504412461728 ], [ -157.899692398821912, 21.501480412249698 ], [ -157.898812398739665, 21.501700412479547 ], [ -157.897973398751219, 21.501659412380853 ], [ -157.897320398341094, 21.501541412335325 ], [ -157.897255398044081, 21.501530411827996 ], [ -157.896822398777374, 21.501463412334939 ], [ -157.896257398822144, 21.50156341243763 ], [ -157.896134398552363, 21.501408412492463 ], [ -157.896129398322046, 21.501402412216059 ], [ -157.89590239865754, 21.501123411954985 ], [ -157.895833398178752, 21.500909411991177 ], [ -157.895827398801885, 21.50088841192327 ], [ -157.895818398389338, 21.500713411957566 ], [ -157.89600339882449, 21.500346412144744 ], [ -157.896201398958368, 21.500060412465167 ], [ -157.896268398449735, 21.499946412611656 ], [ -157.896222398132835, 21.499619411940504 ], [ -157.89591339829019, 21.499097412178536 ], [ -157.895829398917755, 21.498974411908826 ], [ -157.895339398827502, 21.498558412529988 ], [ -157.894968398825057, 21.498112412670149 ], [ -157.894777399023354, 21.497622412584501 ], [ -157.894761398286647, 21.497579412402651 ], [ -157.894535398672474, 21.496959412624772 ], [ -157.894501398911842, 21.49636241210963 ], [ -157.894282398719582, 21.495849412763068 ], [ -157.893514398416926, 21.49487941214878 ], [ -157.893062398282325, 21.494198412257113 ], [ -157.892548398886845, 21.493624412795985 ], [ -157.892068398361857, 21.49290341286051 ], [ -157.891915398514186, 21.492280412945238 ], [ -157.891981398867159, 21.49149341267406 ], [ -157.892156398843156, 21.49100141250031 ], [ -157.892305398521444, 21.490422412816091 ], [ -157.892243398370482, 21.48978441311036 ], [ -157.891968399196827, 21.48913641294175 ], [ -157.891691399030464, 21.488583412651703 ], [ -157.891584398600372, 21.488287412508264 ], [ -157.89169539922375, 21.487866412905646 ], [ -157.891765398858581, 21.487331412549011 ], [ -157.891787398975055, 21.487165412998163 ], [ -157.891748398982543, 21.486696412981978 ], [ -157.89152639865128, 21.486242412755285 ], [ -157.891274398736186, 21.485803413219067 ], [ -157.890932399169941, 21.485417413424763 ], [ -157.890735399089834, 21.485084413374999 ], [ -157.890636399031024, 21.484576413360632 ], [ -157.890366399188423, 21.483930413284202 ], [ -157.890304399034221, 21.483554413054165 ], [ -157.89033839881003, 21.482929413048854 ], [ -157.890708398779083, 21.482358412836184 ], [ -157.890954399326063, 21.482075413295302 ], [ -157.890986399006067, 21.4817454133862 ], [ -157.890777399276544, 21.481075413104417 ], [ -157.890679399262126, 21.480705413150321 ], [ -157.890658399194791, 21.48062541306308 ], [ -157.890510398681812, 21.479715413420053 ], [ -157.890453398762617, 21.478970413283161 ], [ -157.890242398937261, 21.478597413189714 ], [ -157.889940399416332, 21.478149413238448 ], [ -157.889607399367918, 21.477571413595037 ], [ -157.889396398642418, 21.47726541388921 ], [ -157.889217399394681, 21.476700413946819 ], [ -157.889371399300984, 21.47631441325867 ], [ -157.889742399315367, 21.475806413249451 ], [ -157.890049399077498, 21.475393414017454 ], [ -157.890145399015012, 21.474546413681274 ], [ -157.89027039938577, 21.474000413717981 ], [ -157.890488398647221, 21.473344414085663 ], [ -157.890614399066067, 21.472637413902138 ], [ -157.890708398905559, 21.472259413581753 ], [ -157.890619399306559, 21.471832413700657 ], [ -157.89037939904793, 21.471166413602713 ], [ -157.890325399259694, 21.471006414327288 ], [ -157.890199398854492, 21.470627413958439 ], [ -157.890109399208995, 21.470234413844505 ], [ -157.889839399366252, 21.469601414366732 ], [ -157.889568399477668, 21.468951414105995 ], [ -157.889327399169304, 21.468581414150314 ], [ -157.88884039921399, 21.468430414385356 ], [ -157.888563399043051, 21.468249414140299 ], [ -157.888469399210493, 21.468073414127627 ], [ -157.888190398951735, 21.467546414135537 ], [ -157.888097399165247, 21.467371414168902 ], [ -157.88801339889352, 21.467244413715026 ], [ -157.887830399456561, 21.467069413747335 ], [ -157.887769399346638, 21.46684041399207 ], [ -157.887830399467873, 21.466172413805353 ], [ -157.88773839883126, 21.465749414108412 ], [ -157.887647399142878, 21.465104414079949 ], [ -157.887586399035314, 21.464685414567541 ], [ -157.887403399600743, 21.46432241403555 ], [ -157.887311398962595, 21.464021414561319 ], [ -157.88722039927174, 21.463571414520267 ], [ -157.886853399453059, 21.463174414218994 ], [ -157.886820399731363, 21.463154414196879 ], [ -157.886426399565778, 21.462922414299761 ], [ -157.885633399003837, 21.462495414410864 ], [ -157.885053399265729, 21.461877414721105 ], [ -157.884168399858339, 21.461618414474426 ], [ -157.883435399357353, 21.461644414764407 ], [ -157.882825399131207, 21.461423414472154 ], [ -157.882398399246171, 21.460996414587285 ], [ -157.882215399812225, 21.46058441449658 ], [ -157.881604399539327, 21.460416414846573 ], [ -157.879865399449812, 21.460309414396136 ], [ -157.87830839964974, 21.460427414417435 ], [ -157.877088400088383, 21.460652413974294 ], [ -157.876233399358938, 21.460900414594477 ], [ -157.875837399992804, 21.461278414012252 ], [ -157.875766399419774, 21.461231414544901 ], [ -157.876020399439341, 21.460694414098121 ], [ -157.876020399444968, 21.460248414242244 ], [ -157.876047399795254, 21.459814414039954 ], [ -157.87605039993403, 21.459771414757618 ], [ -157.876264399905978, 21.45947741470982 ], [ -157.875226399742928, 21.459287414041878 ], [ -157.874952399711731, 21.458982414381353 ], [ -157.874768400234444, 21.458356414327522 ], [ -157.874982400211991, 21.457620414608019 ], [ -157.87498240021597, 21.457305414490001 ], [ -157.874982400220802, 21.456925414975718 ], [ -157.874966399491029, 21.456331414598836 ], [ -157.874677399668855, 21.455960414596547 ], [ -157.874250399783847, 21.455529414527394 ], [ -157.873822399851917, 21.455163414753848 ], [ -157.873795399507486, 21.45513641440942 ], [ -157.873578400303046, 21.454919414305692 ], [ -157.873548399830213, 21.454114415003037 ], [ -157.873426399611873, 21.453534414370409 ], [ -157.87327339976008, 21.453244414502723 ], [ -157.873029400210498, 21.453054414742876 ], [ -157.873029400213397, 21.452828415126426 ], [ -157.873366399560638, 21.452310414656274 ], [ -157.873823399940733, 21.451791415040752 ], [ -157.873976399799005, 21.451566414572724 ], [ -157.873762399838853, 21.450925414727081 ], [ -157.873762399841468, 21.450720415178413 ], [ -157.873762399843969, 21.450524415144947 ], [ -157.874007400348972, 21.449922415301874 ], [ -157.874281400389179, 21.449513415354392 ], [ -157.874467399970172, 21.449231414959552 ], [ -157.874440399635461, 21.44843441512603 ], [ -157.874434400260981, 21.448224415347063 ], [ -157.874586400078186, 21.447606414766017 ], [ -157.87446439986013, 21.447007415056994 ], [ -157.874403399751913, 21.446645415471714 ], [ -157.874434400287981, 21.446099415507337 ], [ -157.874428400011709, 21.446082415623682 ], [ -157.87428140043852, 21.445626415305554 ], [ -157.874167399685916, 21.445331415208067 ], [ -157.874098400108124, 21.444993414929328 ], [ -157.874129399741008, 21.444749415383534 ], [ -157.873945400259686, 21.444440415539788 ], [ -157.873777399715635, 21.444239415274197 ], [ -157.873762399924004, 21.444220415298318 ], [ -157.873793400456378, 21.443964415199925 ], [ -157.873976399903995, 21.443300415198692 ], [ -157.873244400365621, 21.441969415945163 ], [ -157.873183400259194, 21.441469415400299 ], [ -157.873152399736398, 21.440970415801093 ], [ -157.873081400063711, 21.440847415531543 ], [ -157.872786399966969, 21.44032941595367 ], [ -157.872481400308942, 21.439795415638873 ], [ -157.871962399781012, 21.439444415655725 ], [ -157.87135140040678, 21.43932541556433 ], [ -157.871046399843237, 21.439280415287108 ], [ -157.870772399811841, 21.438997415740449 ], [ -157.870283400665812, 21.438677415386682 ], [ -157.869385400662509, 21.438171415455411 ], [ -157.868086400170995, 21.43744141599532 ], [ -157.866896400204354, 21.436789415632031 ], [ -157.866255400345864, 21.436770415649182 ], [ -157.865567400123069, 21.436532415472371 ], [ -157.86534040045828, 21.436281415601307 ], [ -157.864729400183592, 21.436251416011491 ], [ -157.864180400068562, 21.436167415734058 ], [ -157.863844400775747, 21.436022415347626 ], [ -157.863569400698509, 21.435721415871232 ], [ -157.863508400589694, 21.435404415660418 ], [ -157.863569400707149, 21.435042416076485 ], [ -157.863447400484574, 21.434801415767815 ], [ -157.863234400565176, 21.434580415479878 ], [ -157.862776400148761, 21.4343324157444 ], [ -157.862689400637123, 21.434285416276857 ], [ -157.862440400856428, 21.434153415590789 ], [ -157.862196400409317, 21.433821415586408 ], [ -157.862105400716416, 21.433539416087836 ], [ -157.862013400978441, 21.433176415556765 ], [ -157.861922400386277, 21.432882415505546 ], [ -157.861767400441835, 21.432632415681322 ], [ -157.86160940036001, 21.432322415791777 ], [ -157.86158640109943, 21.432276416370993 ], [ -157.861128400684976, 21.431872415746263 ], [ -157.860823401023339, 21.431620415828213 ], [ -157.860548400946755, 21.431265415663542 ], [ -157.860457400357348, 21.430758415695227 ], [ -157.860396401152627, 21.430075415715503 ], [ -157.860060400957536, 21.4301634161673 ], [ -157.859567400725467, 21.430032416423838 ], [ -157.859450400732612, 21.429842415766061 ], [ -157.859409400642932, 21.429774416231162 ], [ -157.859175400657421, 21.429381416115515 ], [ -157.85917040043276, 21.4289334161674 ], [ -157.859167401197709, 21.42863241579477 ], [ -157.859053400442747, 21.428526416307633 ], [ -157.858565400444803, 21.428103416606145 ], [ -157.857802401261637, 21.427950415846443 ], [ -157.857564401087501, 21.427891415824522 ], [ -157.85703940117952, 21.42776341621888 ], [ -157.856032400648843, 21.427366415910321 ], [ -157.855177400824346, 21.427160416305991 ], [ -157.854323401048958, 21.426722415909545 ], [ -157.853682401191946, 21.426581416603234 ], [ -157.852888401476861, 21.426645415944481 ], [ -157.852339401361832, 21.426553416197933 ], [ -157.851729401134122, 21.426451415990087 ], [ -157.850567401554059, 21.426132416574063 ], [ -157.850301400991128, 21.425913416377639 ], [ -157.849898401311435, 21.425581416371443 ], [ -157.849536400823354, 21.425222416021544 ], [ -157.849440400897606, 21.425127416141915 ], [ -157.849307401066454, 21.424966415920192 ], [ -157.848768401419363, 21.42431841664764 ], [ -157.848292401075838, 21.42383441593557 ], [ -157.848158401198305, 21.423697415919786 ], [ -157.847273400896, 21.423082416364498 ], [ -157.845991401186666, 21.422434416184245 ], [ -157.844984401557923, 21.421827416096693 ], [ -157.844494401468467, 21.421353416744299 ], [ -157.844282401594967, 21.421148416293946 ], [ -157.843367401711504, 21.420332416474537 ], [ -157.843184401374458, 21.420218416618116 ], [ -157.842886401134763, 21.42007041609391 ], [ -157.842513401936174, 21.419886416608858 ], [ -157.841934401342257, 21.419470416329339 ], [ -157.841466401363874, 21.419258416452983 ], [ -157.84123240137464, 21.419153416111254 ], [ -157.840968401801888, 21.41903241683087 ], [ -157.840888401713386, 21.418991416740418 ], [ -157.840648401447908, 21.418871416607029 ], [ -157.840568401359405, 21.418832416608637 ], [ -157.840438401667086, 21.418623416874322 ], [ -157.840316401444767, 21.418364416635931 ], [ -157.83982340121139, 21.418334416148067 ], [ -157.839736401699184, 21.418329416816103 ], [ -157.838546401729161, 21.417936416689603 ], [ -157.83843940129708, 21.417801416766309 ], [ -157.838241402069229, 21.417551416941549 ], [ -157.83826540137693, 21.417516416229226 ], [ -157.838485401625661, 21.417212416620231 ], [ -157.838363401406156, 21.416731416949577 ], [ -157.838166401325253, 21.416466416434051 ], [ -157.83808840132977, 21.416361416993325 ], [ -157.837966402010778, 21.415789416729005 ], [ -157.837949402130704, 21.415480416887039 ], [ -157.837936401534762, 21.415243416763737 ], [ -157.837997401653837, 21.41475941695699 ], [ -157.837997401654377, 21.414716416775299 ], [ -157.837997401662989, 21.41404941663372 ], [ -157.837783401700193, 21.413618416566781 ], [ -157.836750401771582, 21.413101417026507 ], [ -157.836685401474824, 21.413069416451346 ], [ -157.836501401993587, 21.412756416423278 ], [ -157.836515401740286, 21.412686416796866 ], [ -157.836568401487767, 21.412432416790736 ], [ -157.836660402130889, 21.412342417143517 ], [ -157.836776402081512, 21.41223041648329 ], [ -157.836961401614474, 21.412104416977737 ], [ -157.837068402049255, 21.412032417260249 ], [ -157.837203401975927, 21.411932417152922 ], [ -157.837753402142596, 21.411596416973232 ], [ -157.838210401622518, 21.411158416591508 ], [ -157.838251401713819, 21.411102416710882 ], [ -157.838337402080811, 21.410985416719399 ], [ -157.838516401338836, 21.410742417221279 ], [ -157.838677401652461, 21.403818417599336 ], [ -157.83868640207217, 21.403433417854828 ], [ -157.838693401498801, 21.403172417525798 ], [ -157.838767402211175, 21.40313041739099 ], [ -157.838996401971542, 21.403117417694197 ], [ -157.839075402014061, 21.403150417416242 ], [ -157.839077402108472, 21.402975417450545 ], [ -157.839156402152099, 21.402921417662494 ], [ -157.839510402276431, 21.402904417782867 ], [ -157.839525402069143, 21.402836417349292 ], [ -157.839663402135102, 21.402656417154947 ], [ -157.839772401764321, 21.40245841792985 ], [ -157.839594401656967, 21.402402417147428 ], [ -157.839200401488426, 21.402395417719898 ], [ -157.839031401796746, 21.402261417841874 ], [ -157.838917401943235, 21.401990417950252 ], [ -157.838273401950289, 21.401667417456395 ], [ -157.837332401763746, 21.40119541729154 ], [ -157.836366402224769, 21.400652417453859 ], [ -157.835739402116218, 21.400300417423257 ], [ -157.83346840179999, 21.399733417364676 ], [ -157.833137401837746, 21.399627417875024 ], [ -157.830968402625842, 21.398933417364606 ], [ -157.829868402307653, 21.398433417707054 ], [ -157.829268402558853, 21.39693341786581 ], [ -157.828468402577073, 21.396233417993905 ], [ -157.82676840248925, 21.395833417539009 ], [ -157.826616402680088, 21.395816417653673 ], [ -157.824968402287539, 21.395633418200052 ], [ -157.82406840219187, 21.395133417645432 ], [ -157.824234402655065, 21.394465417459646 ], [ -157.824268402424821, 21.394333417676041 ], [ -157.824768402090996, 21.393633417818958 ], [ -157.8248684022075, 21.393233418283916 ], [ -157.82516040218033, 21.392648418324853 ], [ -157.825468402890777, 21.392033417883614 ], [ -157.82506840245739, 21.391133417798514 ], [ -157.825046402344896, 21.390985418176715 ], [ -157.824968402355239, 21.390433417934577 ], [ -157.824568402815913, 21.389933418284965 ], [ -157.82516840260385, 21.388433418457293 ], [ -157.82483340246219, 21.387949418645974 ], [ -157.824269402564738, 21.387133417930979 ], [ -157.824169402454743, 21.387033418720264 ], [ -157.824049402326438, 21.386632418237365 ], [ -157.823689402840841, 21.385433418771417 ], [ -157.823569402712536, 21.385033418334547 ], [ -157.822686402504559, 21.384254418420557 ], [ -157.822002402475675, 21.383276418337164 ], [ -157.821977403122474, 21.383266418775669 ], [ -157.818650402720124, 21.381939418776557 ], [ -157.815562403445171, 21.380064418723123 ], [ -157.815304403250053, 21.379908418730185 ], [ -157.813632402665007, 21.37864541899954 ], [ -157.81342840316114, 21.378365418692304 ], [ -157.812811403519817, 21.377518418347542 ], [ -157.812281403386692, 21.376984418929158 ], [ -157.811994402756312, 21.376695419105804 ], [ -157.810769402981748, 21.375563419118212 ], [ -157.810750403021615, 21.37433941850469 ], [ -157.810557403132492, 21.373510418993771 ], [ -157.810321403063, 21.372500419240307 ], [ -157.810360403077823, 21.371251419274763 ], [ -157.810388403480459, 21.370358419516833 ], [ -157.809669403638111, 21.369333419066947 ], [ -157.807974403781401, 21.368870419307651 ], [ -157.807336403172343, 21.368032419377069 ], [ -157.806934403534541, 21.368017419580955 ], [ -157.806297403860128, 21.367995419459699 ], [ -157.805354403576928, 21.367861419572684 ], [ -157.801201403771103, 21.367512419639336 ], [ -157.797426403395121, 21.367277419564697 ], [ -157.797333403606643, 21.367253419357645 ], [ -157.794222404156869, 21.366458419580145 ], [ -157.794118403861972, 21.366400419605718 ], [ -157.793859403620587, 21.366256419266033 ], [ -157.793806403876744, 21.3662264187831 ], [ -157.793702403581904, 21.36616941885471 ], [ -157.791688404323423, 21.365016419689326 ], [ -157.791144404443912, 21.364523419460934 ], [ -157.790616404402158, 21.364046419070309 ], [ -157.789394403877225, 21.362097419227066 ], [ -157.788650403802166, 21.359555419957601 ], [ -157.788640404243267, 21.359360419969988 ], [ -157.7885074044178, 21.358774419959811 ], [ -157.788540404155214, 21.357600419850861 ], [ -157.788265404092073, 21.356232419796871 ], [ -157.788269404278168, 21.356097419874729 ], [ -157.788304404104764, 21.355155419658718 ], [ -157.788553403898902, 21.354276419648652 ], [ -157.789085404145482, 21.353203419700431 ], [ -157.789001403891035, 21.351777419675418 ], [ -157.788992404377808, 21.351610420078011 ], [ -157.789197403952642, 21.350017420459039 ], [ -157.788617404223601, 21.348723420212281 ], [ -157.788658404327407, 21.347727420207303 ], [ -157.788643404536799, 21.347632420328477 ], [ -157.78849440397957, 21.346632420137077 ], [ -157.788370404566308, 21.346234420691477 ], [ -157.788070404254995, 21.344534420635359 ], [ -157.788070404265653, 21.343734420663484 ], [ -157.788070404272361, 21.343229420788013 ], [ -157.788070404274947, 21.343034420800464 ], [ -157.78767040473835, 21.342335420978905 ], [ -157.787445404270301, 21.341795420388184 ], [ -157.787170404197866, 21.3411354205656 ], [ -157.786170404891521, 21.340535420799764 ], [ -157.785170404688529, 21.33973542081619 ], [ -157.784670405042021, 21.338935420838446 ], [ -157.783870405056234, 21.338535420393487 ], [ -157.782670404631972, 21.337635421197962 ], [ -157.78227040509276, 21.337135420648767 ], [ -157.781954404923482, 21.336945420887808 ], [ -157.780770405233937, 21.336235420550402 ], [ -157.779170405257076, 21.335835420995355 ], [ -157.77747040516627, 21.335635420757633 ], [ -157.775950405273079, 21.33563542073982 ], [ -157.775570404850129, 21.335635420735368 ], [ -157.774270405211126, 21.334935420857114 ], [ -157.772970405573489, 21.334135420869941 ], [ -157.771570404927928, 21.333135420663705 ], [ -157.769270405073797, 21.332535420882589 ], [ -157.768170405652086, 21.332235420542958 ], [ -157.767097405671876, 21.332235420530363 ], [ -157.767070405327047, 21.332235420530051 ], [ -157.765870405791276, 21.332135421306383 ], [ -157.763870405363775, 21.332135421282917 ], [ -157.762981405772109, 21.331838421083937 ], [ -157.76267040583204, 21.331735420833191 ], [ -157.761170405960968, 21.331735420815605 ], [ -157.760270405858506, 21.331735420805035 ], [ -157.760188405677525, 21.331718420920474 ], [ -157.759404405524862, 21.331675420729564 ], [ -157.759062405951141, 21.331856420967654 ], [ -157.758921405749277, 21.331851420735688 ], [ -157.758845405844937, 21.331823421243939 ], [ -157.758739405457618, 21.331785421291222 ], [ -157.758645405623383, 21.331741421062315 ], [ -157.758545405513189, 21.331658420835822 ], [ -157.758439406026127, 21.331553420495428 ], [ -157.758257405735804, 21.331388420988066 ], [ -157.758117405581288, 21.33128942092355 ], [ -157.757949405935449, 21.331170420836923 ], [ -157.75776940573661, 21.331058421072548 ], [ -157.757675405902575, 21.330997420960028 ], [ -157.757557405861746, 21.330953420730886 ], [ -157.757346406031928, 21.330926421283539 ], [ -157.757093406065366, 21.330904421166654 ], [ -157.756928405657163, 21.33088242105088 ], [ -157.756746405364794, 21.330871420542099 ], [ -157.756529406158108, 21.330822420980823 ], [ -157.756276406192143, 21.330756420636188 ], [ -157.756123405438018, 21.330700420753221 ], [ -157.755958405929192, 21.330673421306475 ], [ -157.755800405843758, 21.330634421307117 ], [ -157.755641405712851, 21.330552421125965 ], [ -157.75551240606535, 21.330442420554991 ], [ -157.755336406051327, 21.33028842065497 ], [ -157.755212405736046, 21.330095420758116 ], [ -157.755083406089824, 21.329891421253819 ], [ -157.75491240630754, 21.329638421291016 ], [ -157.754834406312796, 21.329476421023742 ], [ -157.754580406302722, 21.329262421057425 ], [ -157.754554406004161, 21.329248421311696 ], [ -157.754477406053667, 21.329225421150841 ], [ -157.754412405756653, 21.32920942131253 ], [ -157.754330405575928, 21.329175420644972 ], [ -157.754289405485821, 21.329137420693026 ], [ -157.754248406295289, 21.329082420857475 ], [ -157.754237405788729, 21.329060420743492 ], [ -157.754226406181431, 21.329037420583365 ], [ -157.754173405538836, 21.3289674209562 ], [ -157.754148406185976, 21.328934421234734 ], [ -157.754101405819569, 21.328879421399058 ], [ -157.754082405843945, 21.328842420594139 ], [ -157.754001405709658, 21.328774421058718 ] ] ] } },
{ "type": "Feature", "properties": { "STATEFP10": "15", "Shape_Leng": 21.3655646982, "Shape_Area": 2.3872217130300002, "sta": "HI", "st": "15", "district": "02", "label": "02", "dist_name": "Congressional District", "type": "US Congressional", "type_abb": "US_Cong", "Elect_year": "2002-2010", "stacd": null }, "geometry": { "type": "MultiPolygon", "coordinates": [ [ [ [ -178.250012572309913, 28.347153532092271 ], [ -178.250012572319747, 28.347607532267304 ], [ -178.250012572349249, 28.34896953189299 ], [ -178.250012572359054, 28.349423532068005 ], [ -178.257538571054738, 28.342834532275006 ], [ -178.270275569177471, 28.335890534070312 ], [ -178.271880569203006, 28.335280533895322 ], [ -178.288907566698953, 28.328812534107204 ], [ -178.301414564278843, 28.32833853460161 ], [ -178.341756559141828, 28.333858533034121 ], [ -178.348944557744318, 28.334654532613474 ], [ -178.375012554666313, 28.337542531765351 ], [ -178.375012554656934, 28.337105531472389 ], [ -178.375012554628768, 28.335795531538611 ], [ -178.375012554619389, 28.335359532190889 ], [ -178.386668552733283, 28.339060531167 ], [ -178.395622551622523, 28.341903530337483 ], [ -178.411490549432557, 28.360663526852694 ], [ -178.412262549005021, 28.363274526293139 ], [ -178.415731549549264, 28.375002524585799 ], [ -178.415334549285603, 28.375002524592528 ], [ -178.414143549393941, 28.375002524612761 ], [ -178.413746549130281, 28.3750025246195 ], [ -178.415894549058976, 28.380088523536628 ], [ -178.433239547296353, 28.397773520094027 ], [ -178.440498546605994, 28.405174519165698 ], [ -178.443605545845799, 28.418988516176853 ], [ -178.438348547552664, 28.444090512150481 ], [ -178.427590549023847, 28.46610450843578 ], [ -178.416784551665984, 28.478181506822221 ], [ -178.411807552325115, 28.483744506194931 ], [ -178.395781555217553, 28.500002503417395 ], [ -178.393913554781079, 28.500002503450212 ], [ -178.388312556307483, 28.50000250354865 ], [ -178.386445555916907, 28.500002503581467 ], [ -178.384175556821276, 28.501591503783271 ], [ -178.38132755724439, 28.503588502955832 ], [ -178.377312557995452, 28.506280502604699 ], [ -178.375012558418973, 28.507824502538277 ], [ -178.375012558429177, 28.508276502621133 ], [ -178.375012558459815, 28.509633502016325 ], [ -178.375012558470075, 28.51008650214515 ], [ -178.360639560625543, 28.513821502233935 ], [ -178.355808560694697, 28.51465050173708 ], [ -178.340552563600852, 28.517271501920433 ], [ -178.333723564430755, 28.5172045016608 ], [ -178.315133566875602, 28.516336502578405 ], [ -178.304360567992006, 28.513265502863579 ], [ -178.297909569042986, 28.510220503367457 ], [ -178.291528569715183, 28.507209504532732 ], [ -178.28107757115032, 28.500002505436409 ], [ -178.282629571450286, 28.500002505409039 ], [ -178.287286570597331, 28.50000250532694 ], [ -178.288839570043848, 28.500002505299573 ], [ -178.280157570998654, 28.494381506196515 ], [ -178.271178572684761, 28.488567508123268 ], [ -178.257053574187324, 28.476537509625789 ], [ -178.256021574377115, 28.475092510701309 ], [ -178.250012574941337, 28.466676511734061 ], [ -178.250012574948045, 28.466976512028044 ], [ -178.250012574968281, 28.467879511249009 ], [ -178.250012574975017, 28.468180511588866 ], [ -178.238481577015278, 28.456152514034972 ], [ -178.237782576285923, 28.452927514259674 ], [ -178.23223557702326, 28.427337518510335 ], [ -178.230516576485826, 28.397703523947357 ], [ -178.231078576153749, 28.393724524580492 ], [ -178.232505575882669, 28.38363552595693 ], [ -178.237083574808167, 28.375002527627192 ], [ -178.236272575297306, 28.375002527641033 ], [ -178.233840575011982, 28.375002527682547 ], [ -178.233030575547104, 28.375002527696367 ], [ -178.235716574787915, 28.369013528572243 ], [ -178.238871574882296, 28.361983530173994 ], [ -178.246069572823529, 28.352400531319415 ], [ -178.250012572309913, 28.347153532092271 ] ] ], [ [ [ -175.750012905612294, 27.732294673158677 ], [ -175.750012905630769, 27.733256672403893 ], [ -175.779150901759976, 27.725687673044888 ], [ -175.802951898091209, 27.723487673201259 ], [ -175.817537896097747, 27.722974672786787 ], [ -175.845062892940604, 27.728459671736889 ], [ -175.864957890195683, 27.714536673689768 ], [ -175.875012888386209, 27.708414674575796 ], [ -175.875012888392831, 27.708763674427075 ], [ -175.875012888412698, 27.709810674880107 ], [ -175.875012888419349, 27.71015967473139 ], [ -175.895204885896845, 27.699215675993539 ], [ -175.898820884879342, 27.69831867608476 ], [ -175.939500879274135, 27.688233676951004 ], [ -175.969610875348025, 27.693404675824194 ], [ -175.976359874583608, 27.696934675173281 ], [ -176.000012871556919, 27.709308672417183 ], [ -176.000012871582612, 27.710665672726996 ], [ -176.000012871659663, 27.714737671903691 ], [ -176.000012871685385, 27.716095671360204 ], [ -176.005484871569507, 27.720313670869103 ], [ -176.023513869019979, 27.736742667488002 ], [ -176.024939868964594, 27.738042667854565 ], [ -176.029304868316586, 27.742685667125567 ], [ -176.03445786798062, 27.750002666064681 ], [ -176.039639867197451, 27.758244664345213 ], [ -176.042932867018891, 27.778408661059679 ], [ -176.043366867528903, 27.795899658183345 ], [ -176.042604867606457, 27.798070658141487 ], [ -176.036645868969572, 27.807144656157082 ], [ -176.028730870345356, 27.817275655115299 ], [ -176.026788870125472, 27.819533654593606 ], [ -176.025028870176328, 27.821581654310787 ], [ -176.010842872753159, 27.830288653576137 ], [ -176.006203873526772, 27.832609653294014 ], [ -176.000012873990755, 27.835346652369005 ], [ -176.000012873971798, 27.834383653078941 ], [ -176.000012873914869, 27.831494653410182 ], [ -176.00001287389594, 27.8305326532668 ], [ -175.990697875488934, 27.832584653285792 ], [ -175.983258876046534, 27.831423653106011 ], [ -175.974574877811648, 27.830247654054876 ], [ -175.964527878914623, 27.826979654211549 ], [ -175.93884588223932, 27.818625656497034 ], [ -175.932516882515074, 27.814453657318214 ], [ -175.924316884059039, 27.813712657565588 ], [ -175.921040884658368, 27.821441655786508 ], [ -175.925455883564098, 27.823434655579138 ], [ -175.939518881883345, 27.827478655050115 ], [ -175.955771880209113, 27.833057653983694 ], [ -175.973504877462801, 27.844871651650113 ], [ -175.978169877093336, 27.847979651418193 ], [ -175.988886876432758, 27.861906648272534 ], [ -175.99066887589629, 27.875002646646717 ], [ -175.991287876480214, 27.875002646636954 ], [ -175.993146875626024, 27.875002646607648 ], [ -175.993766876255933, 27.875002646597864 ], [ -175.992156876259457, 27.889501643851805 ], [ -175.987585876738081, 27.900516642918376 ], [ -175.984683877418092, 27.906525641227159 ], [ -175.981451878226608, 27.913220640490703 ], [ -175.966347880125852, 27.92991363806701 ], [ -175.950475882472119, 27.936201637716124 ], [ -175.935662884910414, 27.940583636989782 ], [ -175.908856888337169, 27.958270634577314 ], [ -175.904439889426015, 27.960572634321878 ], [ -175.875012893691121, 27.975915632152983 ], [ -175.875012893680321, 27.975392632399107 ], [ -175.875012893647892, 27.973825632330097 ], [ -175.87501289363712, 27.973303632622162 ], [ -175.857880895649345, 27.982111632098082 ], [ -175.823084901294834, 28.000002629312604 ], [ -175.817390902115278, 28.002152629289231 ], [ -175.810064902569621, 28.005944628312566 ], [ -175.806745903762533, 28.007194628257484 ], [ -175.805970903201654, 28.007305628874899 ], [ -175.799926904088665, 28.008172628350213 ], [ -175.786775906417489, 28.008594629075539 ], [ -175.786326906455827, 28.008609628872964 ], [ -175.778590906851434, 28.008082629062745 ], [ -175.769696907955932, 28.0074776292842 ], [ -175.75438690984933, 28.004025630071109 ], [ -175.750012911045644, 28.003039629795076 ], [ -175.746562911554463, 28.001651630813825 ], [ -175.746359911211812, 28.001589630665791 ], [ -175.745753911221072, 28.001405630313453 ], [ -175.745551910924405, 28.001344630211321 ], [ -175.74446691138769, 28.001014630351662 ], [ -175.744438910999321, 28.001006630883747 ], [ -175.741154911960024, 28.000254630551947 ], [ -175.740050911551265, 28.000002630679973 ], [ -175.739028912220448, 28.000002630696823 ], [ -175.735962912429244, 28.000002630747371 ], [ -175.734940913098427, 28.000002630764229 ], [ -175.707773916303609, 27.984662633984463 ], [ -175.704366916079977, 27.982739633796935 ], [ -175.681545919294251, 27.958561638157743 ], [ -175.670140919705204, 27.941603641396632 ], [ -175.664802920101295, 27.914420645858641 ], [ -175.664505919764878, 27.906130647082424 ], [ -175.664074919485756, 27.894064648339601 ], [ -175.665606919400119, 27.875002651798237 ], [ -175.665785919537285, 27.875002651795391 ], [ -175.666324919141516, 27.875002651786801 ], [ -175.666504919324638, 27.875002651783937 ], [ -175.67663691701722, 27.846767656214681 ], [ -175.678439917117771, 27.843243656107973 ], [ -175.724857909415221, 27.752566669903992 ], [ -175.726171908634058, 27.750002670758398 ], [ -175.734146907314482, 27.7388576719495 ], [ -175.746127905940114, 27.732719672964638 ], [ -175.750012905612294, 27.732294673158677 ] ] ], [ [ [ -173.97705810607718, 26.00000295835903 ], [ -173.977706106203044, 26.000002958354159 ], [ -173.979651105727328, 26.000002958339543 ], [ -173.980300105899147, 26.000002958334672 ], [ -173.983972104794731, 25.997943958090389 ], [ -173.984543104973454, 25.997624958711185 ], [ -173.99184310435308, 25.995145958918908 ], [ -173.995955103708752, 25.994004958600843 ], [ -174.000013103278832, 25.992880959064692 ], [ -174.000013103273943, 25.99234695880018 ], [ -174.000013103259306, 25.990747959043908 ], [ -174.000013103254446, 25.990214959724717 ], [ -174.006417101916838, 25.990291959619118 ], [ -174.007946102094877, 25.990510958882549 ], [ -174.027218099964045, 25.993280958362458 ], [ -174.030887099660873, 25.99566795833983 ], [ -174.037551098628171, 26.000002957905199 ], [ -174.038665098602735, 26.000002957896854 ], [ -174.042007097627021, 26.000002957871825 ], [ -174.04312209764754, 26.000002957863479 ], [ -174.046106097314663, 26.002308956820382 ], [ -174.059196096083582, 26.020721954140711 ], [ -174.059897095966846, 26.022661954277229 ], [ -174.065957095149685, 26.039430951623434 ], [ -174.067470095611952, 26.052486949202105 ], [ -174.067387095459623, 26.059616948689904 ], [ -174.061548096021227, 26.082010944784159 ], [ -174.05913609672092, 26.094153943594023 ], [ -174.05559609769233, 26.105254942180327 ], [ -174.054804097263485, 26.107739941299837 ], [ -174.052482097539695, 26.11298994072418 ], [ -174.049633097843213, 26.116580940337098 ], [ -174.040738098889165, 26.122604939419954 ], [ -174.036637100054037, 26.125002939064053 ], [ -174.03696509985113, 26.125002939061407 ], [ -174.037949100141816, 26.125002939053417 ], [ -174.038277099938966, 26.125002939050752 ], [ -174.031790100196048, 26.12869493883964 ], [ -174.031127100283612, 26.129072938233893 ], [ -174.018913102452444, 26.133998938135143 ], [ -174.010991103248273, 26.13658893764331 ], [ -174.010867102941262, 26.136602937388524 ], [ -174.007127103602471, 26.137055937557577 ], [ -174.003475103804135, 26.136485937466816 ], [ -174.002782104304714, 26.13628793736434 ], [ -174.000705104099751, 26.135695938048052 ], [ -174.000013104646314, 26.135498937991521 ], [ -174.000013104660212, 26.13688293775742 ], [ -173.99189310531321, 26.136610937911463 ], [ -173.981441106597799, 26.133226938028365 ], [ -173.969564108047905, 26.135385938442248 ], [ -173.957929109817201, 26.135692938260153 ], [ -173.950265110734193, 26.133154938570939 ], [ -173.93611811199591, 26.125002939880954 ], [ -173.938914111989789, 26.125002939858192 ], [ -173.929101112969022, 26.120141940423899 ], [ -173.926062113460915, 26.117238941005461 ], [ -173.918583113843198, 26.109743941882982 ], [ -173.913997114167586, 26.100528943713112 ], [ -173.913437114480587, 26.099401944073392 ], [ -173.908521114834912, 26.081884946498832 ], [ -173.903842115322675, 26.066762948396057 ], [ -173.90337111517897, 26.060058949603082 ], [ -173.91315811452634, 26.036000953414156 ], [ -173.925981112390815, 26.019629955320575 ], [ -173.942773110310071, 26.010716956479421 ], [ -173.94308811040824, 26.010657956462957 ], [ -173.964935107043459, 26.006641956955061 ], [ -173.97705810607718, 26.00000295835903 ] ] ], [ [ [ -171.677693371155527, 25.750003010502223 ], [ -171.676971371215046, 25.750003010507381 ], [ -171.67480537139366, 25.750003010522857 ], [ -171.674084371499163, 25.750003010528008 ], [ -171.680488371020743, 25.736755012001485 ], [ -171.682961370546764, 25.733317013090669 ], [ -171.686873369706603, 25.727882013182693 ], [ -171.699858368933462, 25.716861015381937 ], [ -171.718445366903723, 25.70949801576004 ], [ -171.731416364662238, 25.707482015608662 ], [ -171.737504364140705, 25.706536016138134 ], [ -171.750013363166374, 25.709194015953457 ], [ -171.750013363168165, 25.709409015946136 ], [ -171.75001336317365, 25.710056016016267 ], [ -171.750013363175441, 25.710272015155635 ], [ -171.755293362372015, 25.711456015597644 ], [ -171.762586361562796, 25.714764014757296 ], [ -171.77016336122918, 25.718202014495912 ], [ -171.782880359093525, 25.728341012928915 ], [ -171.794754358646344, 25.738572011099858 ], [ -171.797040357708624, 25.740542010828317 ], [ -171.8013653580077, 25.750003009621491 ], [ -171.80118335772886, 25.750003009622787 ], [ -171.800640357929666, 25.750003009626628 ], [ -171.800459357696838, 25.750003009627918 ], [ -171.807060357547897, 25.767136007711407 ], [ -171.808101356924993, 25.772868006847062 ], [ -171.809642356845586, 25.781353005751054 ], [ -171.806477357039796, 25.793363003983131 ], [ -171.800161357970381, 25.805825002336249 ], [ -171.786991360187756, 25.822304000173272 ], [ -171.772904361515685, 25.830803998985314 ], [ -171.771920361219173, 25.831398998470551 ], [ -171.768133362390103, 25.833683998337669 ], [ -171.75001336430276, 25.83794699842576 ], [ -171.750013364294489, 25.837050997699045 ], [ -171.750013364269762, 25.834364998308839 ], [ -171.75001336426152, 25.833469998527413 ], [ -171.73153636590834, 25.834652998200053 ], [ -171.721067367217501, 25.833931998403887 ], [ -171.710636368475718, 25.833213998745265 ], [ -171.688289370948411, 25.823771000013625 ], [ -171.676641371864264, 25.810910002327066 ], [ -171.669375372887572, 25.793911005004531 ], [ -171.667935373077029, 25.781220006063403 ], [ -171.669038372527467, 25.777690006529113 ], [ -171.677693371155527, 25.750003010502223 ] ] ], [ [ [ -167.944606742870548, 25.000003127786918 ], [ -167.944217742896654, 24.989810129279611 ], [ -167.946757741948346, 24.982888130131165 ], [ -167.947300741750269, 24.981409130446615 ], [ -167.948983741824577, 24.973643131151018 ], [ -167.953698741142006, 24.964389132645213 ], [ -167.95860074100591, 24.961384132895905 ], [ -167.966780740631776, 24.954890133625181 ], [ -167.982535739059131, 24.949607134266802 ], [ -167.98355073900683, 24.949268133957599 ], [ -168.000013736764771, 24.948110133680277 ], [ -168.000013736767499, 24.94862913417057 ], [ -168.000013736775713, 24.950188133934859 ], [ -168.00001373677847, 24.950708133571815 ], [ -168.023603735218984, 24.954480133400935 ], [ -168.037764734080298, 24.959718132354446 ], [ -168.050358732818921, 24.974490130982112 ], [ -168.058400731593366, 24.987888129381091 ], [ -168.058228731838284, 25.000003127258573 ], [ -168.057990732590497, 25.002616126940996 ], [ -168.057224732428665, 25.005938126862194 ], [ -168.056200732091014, 25.010505126494408 ], [ -168.054676732125273, 25.015280125803905 ], [ -168.052644733068576, 25.021302124917685 ], [ -168.050620732573236, 25.025871124646837 ], [ -168.046590733289122, 25.031275124122438 ], [ -168.042065733699246, 25.035435123936779 ], [ -168.035536734510714, 25.040015123294783 ], [ -168.030014734894621, 25.043139123125311 ], [ -168.027003734822756, 25.04480512242969 ], [ -168.022239735910944, 25.046683122500891 ], [ -168.015973736219934, 25.048564121818146 ], [ -168.013217736186647, 25.049192121939665 ], [ -168.009710736663095, 25.049822122156844 ], [ -168.008467737012836, 25.049932121826711 ], [ -168.006455737043837, 25.050036122123672 ], [ -168.001700737636611, 25.05025312223594 ], [ -168.000013737336218, 25.050256122382212 ], [ -168.000013737347984, 25.052243122048147 ], [ -167.988953739120518, 25.049052121914226 ], [ -167.984737739325595, 25.047042122110213 ], [ -167.972540740014011, 25.041227123591643 ], [ -167.962021741474928, 25.033219124016348 ], [ -167.952462742142984, 25.023541124961156 ], [ -167.949925742247018, 25.015737126635749 ], [ -167.947895742311999, 25.009489127034993 ], [ -167.94635174224365, 25.000003127778761 ], [ -167.946002742369018, 25.000003127780403 ], [ -167.944955742745208, 25.000003127785284 ], [ -167.944606742870548, 25.000003127786918 ] ] ], [ [ [ -166.125013896717888, 23.607116287528903 ], [ -166.125013896716894, 23.607549286766002 ], [ -166.125013896713853, 23.60885028726732 ], [ -166.125013896712829, 23.609284286550412 ], [ -166.131326896859662, 23.603014287673943 ], [ -166.145232894914017, 23.594220288701653 ], [ -166.151168894786963, 23.590467288715743 ], [ -166.172231893139724, 23.587093289111841 ], [ -166.194422891241203, 23.589534289048373 ], [ -166.211071889610025, 23.599813288053554 ], [ -166.21490888996351, 23.604174287252601 ], [ -166.224251889255129, 23.614794286641047 ], [ -166.228874888905466, 23.625003285096604 ], [ -166.228069888720654, 23.625003285095058 ], [ -166.22565788830434, 23.625003285090404 ], [ -166.22485388906486, 23.625003285088866 ], [ -166.228794888804885, 23.631760284804081 ], [ -166.232298888206827, 23.641583283484326 ], [ -166.230212888384756, 23.652641282316214 ], [ -166.229884888570581, 23.654385282513097 ], [ -166.22397788910817, 23.672536280316894 ], [ -166.212014889667699, 23.685533279309272 ], [ -166.205428890449724, 23.691604278022574 ], [ -166.214824889499027, 23.696689277262806 ], [ -166.222840888868092, 23.704881276453598 ], [ -166.22492088837248, 23.71517227597737 ], [ -166.226186888181019, 23.723463275215551 ], [ -166.226795888329889, 23.72744727414922 ], [ -166.231509887702202, 23.723612274883585 ], [ -166.241235887567967, 23.719675275429132 ], [ -166.250013886956992, 23.718174275632414 ], [ -166.250013886958442, 23.717319275866299 ], [ -166.250013886962847, 23.714755275714566 ], [ -166.250013886964325, 23.713901275994427 ], [ -166.265602885122121, 23.713143276217348 ], [ -166.266836885269413, 23.713444275678185 ], [ -166.28600388354738, 23.718123275136819 ], [ -166.302620882240376, 23.728669274717983 ], [ -166.311102881476018, 23.736020273883295 ], [ -166.315836880854761, 23.740123272899591 ], [ -166.319714880390364, 23.750003272396974 ], [ -166.319113880603453, 23.750003272396206 ], [ -166.317310881242861, 23.750003272393869 ], [ -166.316709881456006, 23.750003272393077 ], [ -166.320176880960446, 23.758487271515701 ], [ -166.323755880219323, 23.770977269681605 ], [ -166.322971880097526, 23.774402269873175 ], [ -166.31916588114089, 23.791050267771674 ], [ -166.313587881559073, 23.803739266089593 ], [ -166.322585880283043, 23.799055266439535 ], [ -166.336835879746872, 23.799643266526807 ], [ -166.356355878079427, 23.805948266138763 ], [ -166.357284877675625, 23.806639265554828 ], [ -166.36924287684073, 23.81553926493557 ], [ -166.375013876286118, 23.824627263965461 ], [ -166.3750138762868, 23.824030264378493 ], [ -166.375013876288733, 23.822240264764229 ], [ -166.375013876289415, 23.821644264323925 ], [ -166.378852875840295, 23.823638264333923 ], [ -166.382914875759553, 23.829660263498923 ], [ -166.384489875413408, 23.831995263007062 ], [ -166.38654587471396, 23.846366261368978 ], [ -166.384297875538238, 23.863660260205521 ], [ -166.384042875489456, 23.865626259822736 ], [ -166.381941875894, 23.87500325865097 ], [ -166.383300875499856, 23.875003258651869 ], [ -166.382243875404299, 23.878099258095293 ], [ -166.382210875683825, 23.878199258199313 ], [ -166.380476875898552, 23.883981258008873 ], [ -166.37758687596218, 23.886249257129396 ], [ -166.37501387622919, 23.888270257476957 ], [ -166.375013876229588, 23.887693257011481 ], [ -166.37501387623081, 23.885962257413784 ], [ -166.375013876231208, 23.885385257847638 ], [ -166.365633877012215, 23.894210256457733 ], [ -166.352034877834882, 23.902466255868347 ], [ -166.351384877590931, 23.902861255154928 ], [ -166.330065880071601, 23.908295255133741 ], [ -166.324756880293307, 23.917957253585584 ], [ -166.307085881626989, 23.924886253100954 ], [ -166.288379882980365, 23.92898025258911 ], [ -166.288023882782426, 23.924175253657776 ], [ -166.278557884102355, 23.925943253156436 ], [ -166.264743884918516, 23.928524253185451 ], [ -166.25001388673553, 23.928863252589068 ], [ -166.250013886734166, 23.932433252258907 ], [ -166.233077887726097, 23.928494252693788 ], [ -166.229289887820585, 23.927010252766124 ], [ -166.204289889918186, 23.917217253666269 ], [ -166.18236089219144, 23.902328255732915 ], [ -166.175191892231709, 23.893971256153709 ], [ -166.170460892984636, 23.888455256881187 ], [ -166.16594989307859, 23.875003258515484 ], [ -166.166422893268873, 23.875003258515761 ], [ -166.1678428929863, 23.87500325851661 ], [ -166.168316893222567, 23.875003258516898 ], [ -166.165535892913852, 23.864819259418795 ], [ -166.16485289296017, 23.85102126132384 ], [ -166.165295893569237, 23.849643260878075 ], [ -166.168353893155455, 23.840146261914853 ], [ -166.16975289280802, 23.837425262634035 ], [ -166.164869893756759, 23.835410262554795 ], [ -166.153491894304949, 23.818944264908332 ], [ -166.150259894832061, 23.799727266605156 ], [ -166.148184894657021, 23.785482267726287 ], [ -166.143043895418913, 23.784461268410841 ], [ -166.142605895041243, 23.784374268004978 ], [ -166.136800895819562, 23.778517269226366 ], [ -166.129371896485679, 23.770176269476316 ], [ -166.125013896423695, 23.766117269783901 ], [ -166.125013896421876, 23.767475270209534 ], [ -166.125013896416419, 23.771551269779806 ], [ -166.125013896414629, 23.772910269352163 ], [ -166.121197897020664, 23.76924826993908 ], [ -166.118512897529115, 23.76667227012986 ], [ -166.116897896935285, 23.761708270171916 ], [ -166.116525897803086, 23.757404270903006 ], [ -166.116647897127649, 23.754803271745345 ], [ -166.116675897518121, 23.754225271233086 ], [ -166.114590897770569, 23.750003272137427 ], [ -166.114326897308786, 23.750003272137103 ], [ -166.113536897814043, 23.75000327213613 ], [ -166.113273897398273, 23.750003272135789 ], [ -166.106793898582396, 23.742525272519494 ], [ -166.106053898698462, 23.737853273405918 ], [ -166.104640898417244, 23.728932273955785 ], [ -166.105894898612576, 23.713539275319405 ], [ -166.113507897463904, 23.697151277679243 ], [ -166.114465897499429, 23.696230277575339 ], [ -166.125013896552247, 23.686099279131284 ], [ -166.125013896550769, 23.686907278534232 ], [ -166.125013896546307, 23.689333278633807 ], [ -166.125013896544829, 23.69014227808281 ], [ -166.128800896412031, 23.687553278583717 ], [ -166.132967895786237, 23.684706278906436 ], [ -166.130759896672771, 23.68101127887515 ], [ -166.12794289650364, 23.677616280054735 ], [ -166.125013896574984, 23.674086280418809 ], [ -166.125013896576263, 23.673415280124338 ], [ -166.125013896580157, 23.671405280278279 ], [ -166.125013896581464, 23.670735280029863 ], [ -166.117703897330074, 23.66459928099848 ], [ -166.117542897114163, 23.664088280870402 ], [ -166.113855897381967, 23.652339282605794 ], [ -166.113148898143066, 23.636985283961867 ], [ -166.113956897572336, 23.634563284047541 ], [ -166.117149897990885, 23.625003284883405 ], [ -166.11585889791607, 23.625003284880957 ], [ -166.111985897691596, 23.625003284873635 ], [ -166.110695897662765, 23.625003284871198 ], [ -166.11180789760212, 23.620211285635367 ], [ -166.112639898139122, 23.616628286264962 ], [ -166.116794897867777, 23.61125728647675 ], [ -166.12059789757231, 23.609282287349018 ], [ -166.121447897132185, 23.608841286846182 ], [ -166.125013896717888, 23.607116287528903 ] ] ], [ [ [ -164.750014003400082, 23.605138284905379 ], [ -164.740074004386855, 23.614397283768607 ], [ -164.724644005320442, 23.621073283376543 ], [ -164.709807006583702, 23.62323728310767 ], [ -164.702360007253446, 23.623305282628589 ], [ -164.697395007084907, 23.623350282893426 ], [ -164.688908008434282, 23.623428282873018 ], [ -164.682644008712998, 23.622809283158521 ], [ -164.668777009681804, 23.616627283753918 ], [ -164.654097010995287, 23.607072284718317 ], [ -164.644623010989307, 23.594543285535007 ], [ -164.640033011932729, 23.576114287358838 ], [ -164.645362011825597, 23.551517290457753 ], [ -164.654038011121997, 23.535224291669962 ], [ -164.663897010009691, 23.527028292257853 ], [ -164.673336009339664, 23.52108829323544 ], [ -164.685232008474401, 23.517152293804109 ], [ -164.696329007684398, 23.517050293629445 ], [ -164.701314006975394, 23.517005293367426 ], [ -164.723055006108041, 23.521760292780904 ], [ -164.739379004936012, 23.530166292011998 ], [ -164.750014003542162, 23.536149292150579 ], [ -164.750014003539917, 23.537133291564327 ], [ -164.750014003533238, 23.540087291696295 ], [ -164.750014003531021, 23.541072291156031 ], [ -164.753070003929537, 23.545317291344382 ], [ -164.757567003222988, 23.550225290567159 ], [ -164.759092003283342, 23.552724290449174 ], [ -164.762624003111284, 23.558512289693834 ], [ -164.764744002675911, 23.566383288558196 ], [ -164.764925002897826, 23.574954288153421 ], [ -164.76482400273062, 23.581724287612179 ], [ -164.763464003057209, 23.586705286585733 ], [ -164.761165002415936, 23.593502286383956 ], [ -164.76026800248269, 23.595099286124544 ], [ -164.758106002758922, 23.598955285490391 ], [ -164.755477003119807, 23.601695285663162 ], [ -164.753806003523152, 23.603520285102249 ], [ -164.750014003400082, 23.605138284905379 ] ] ], [ [ [ -161.875014196108509, 23.019245330834355 ], [ -161.875014196107799, 23.019408331142834 ], [ -161.87501419610561, 23.019897331169048 ], [ -161.8750141961049, 23.020061330624284 ], [ -161.894233194583109, 23.009433331609294 ], [ -161.931155192681985, 23.005398332176977 ], [ -161.931911192427464, 23.005316332902016 ], [ -161.955185191433401, 23.009172332421588 ], [ -161.976075190299952, 23.025567330845362 ], [ -161.985459188948965, 23.041134329780181 ], [ -161.987255188861099, 23.05673632849809 ], [ -161.987569188878126, 23.069927326847168 ], [ -161.982538189107686, 23.091278325769419 ], [ -161.965463190450947, 23.104990323759914 ], [ -161.944676191730622, 23.111900323402352 ], [ -161.931132192069128, 23.113022323742552 ], [ -161.91945419291298, 23.113991323341711 ], [ -161.887589194829104, 23.110387323715223 ], [ -161.875014195764095, 23.101640323935673 ], [ -161.875014195767307, 23.10082232405378 ], [ -161.87501419577697, 23.098367324361945 ], [ -161.875014195780182, 23.097550324526054 ], [ -161.873639195407407, 23.096892324809883 ], [ -161.870453196165812, 23.09535532509565 ], [ -161.867720196214663, 23.091153325017679 ], [ -161.86301619632448, 23.085186325526028 ], [ -161.863002196579174, 23.085142325299291 ], [ -161.859970196368494, 23.075662325983433 ], [ -161.858898196489321, 23.068125327079915 ], [ -161.858073197193733, 23.060809327558193 ], [ -161.85893919664386, 23.052597328167284 ], [ -161.860780196932922, 23.044381328595843 ], [ -161.863356196898025, 23.03660532949592 ], [ -161.865487196130715, 23.034013329800683 ], [ -161.866470196443544, 23.03281932970166 ], [ -161.868594196264183, 23.027707330020394 ], [ -161.871459196034891, 23.023479330564101 ], [ -161.875014196108509, 23.019245330834355 ] ] ], [ [ [ -160.50001428226409, 21.69702842696087 ], [ -160.494159282431667, 21.690540426766901 ], [ -160.490188283044546, 21.684495427203153 ], [ -160.487803282970475, 21.678530427741862 ], [ -160.484978283316622, 21.672234428324888 ], [ -160.483210282899648, 21.665189428609274 ], [ -160.482938283049151, 21.657976429268707 ], [ -160.482489283158827, 21.649187430212091 ], [ -160.482921283383405, 21.640314430894851 ], [ -160.484938283763313, 21.632433431401147 ], [ -160.491538283011693, 21.625003432037289 ], [ -160.494389283092346, 21.620863432119037 ], [ -160.496257282831039, 21.618856432367309 ], [ -160.500014283246287, 21.617195432378438 ], [ -160.510445282695827, 21.610142433327784 ], [ -160.520380281756928, 21.604933433734342 ], [ -160.530843281740346, 21.601067433925628 ], [ -160.546230280974726, 21.600387434265144 ], [ -160.558716280536487, 21.602730434355799 ], [ -160.570742279572187, 21.606667434083818 ], [ -160.58102727929159, 21.615138433892774 ], [ -160.590762277939831, 21.6250034331226 ], [ -160.5894952780327, 21.625003433108727 ], [ -160.592950277945562, 21.629653433191471 ], [ -160.597616277807987, 21.640401431648634 ], [ -160.600379277268814, 21.649272430902862 ], [ -160.600889277269118, 21.658166430291992 ], [ -160.599781277374973, 21.667653429985343 ], [ -160.595975277298919, 21.677827428903473 ], [ -160.591883277564989, 21.685861428219866 ], [ -160.58356527739906, 21.695504427825 ], [ -160.578279278462958, 21.700253426976094 ], [ -160.56274227852191, 21.708895426286606 ], [ -160.550323279281457, 21.71206742560458 ], [ -160.53951227949571, 21.712915425862239 ], [ -160.531754280070402, 21.7120014259689 ], [ -160.522267281070668, 21.708468425988464 ], [ -160.508805281547268, 21.703241426215364 ], [ -160.50001428226409, 21.69702842696087 ] ] ], [ [ [ -157.111223434115828, 20.875003438714153 ], [ -157.117254433886245, 20.891696437847362 ], [ -157.11620143374904, 20.902816437398577 ], [ -157.116194434324626, 20.90289243730173 ], [ -157.115073433727815, 20.915584436412086 ], [ -157.111241434060531, 20.931233435884813 ], [ -157.099944433900191, 20.948606434622675 ], [ -157.088849434173255, 20.958400434117372 ], [ -157.068577434220117, 20.968422433198725 ], [ -157.06457143484127, 20.970404432703649 ], [ -157.049504434651482, 20.979038432678173 ], [ -157.042645435096944, 20.981095432002352 ], [ -157.035282435696274, 20.98330543207183 ], [ -157.017593436219471, 20.982954431855106 ], [ -157.00888943620302, 20.983253431120968 ], [ -157.008356435921968, 20.983272431089595 ], [ -157.00001443638962, 20.984220431474952 ], [ -156.994943436519065, 20.984559430833414 ], [ -156.989836436785509, 20.985061431403889 ], [ -156.982352437243549, 20.98458343087065 ], [ -156.976235436846906, 20.984019430891131 ], [ -156.971119437621127, 20.982961430654463 ], [ -156.96737443771778, 20.982311431242142 ], [ -156.964630437186855, 20.981167430673349 ], [ -156.958337437657178, 20.981588431094387 ], [ -156.948936437907463, 20.980948431167434 ], [ -156.944921438142842, 20.980872431210244 ], [ -156.94035643822059, 20.980305431113219 ], [ -156.933508438314504, 20.97941343040516 ], [ -156.927846439103121, 20.978601430699751 ], [ -156.921645439316563, 20.978939430896403 ], [ -156.913337439577703, 20.977966430934302 ], [ -156.907576439410093, 20.976536430641136 ], [ -156.90511443927528, 20.975926430390224 ], [ -156.898437440082517, 20.973144430763512 ], [ -156.892499439853339, 20.971592430244311 ], [ -156.887746440274242, 20.970039430594198 ], [ -156.882174440717449, 20.96889743097811 ], [ -156.877879440657154, 20.96758943092771 ], [ -156.87501444084026, 20.966690430849493 ], [ -156.868488440504109, 20.9643824305737 ], [ -156.864565441416744, 20.961917431195307 ], [ -156.858866441439858, 20.958336430751118 ], [ -156.847575441919133, 20.95124143115093 ], [ -156.836414442129353, 20.941831431040931 ], [ -156.827581442574115, 20.934384431446688 ], [ -156.825331442335624, 20.93248743217211 ], [ -156.823343442476641, 20.930811432288635 ], [ -156.819482442686194, 20.92592443196682 ], [ -156.817658443200287, 20.923615432606542 ], [ -156.811508443188359, 20.915829432721178 ], [ -156.804264444039006, 20.906919433208316 ], [ -156.802343443671191, 20.905192432774772 ], [ -156.790964444639343, 20.894957433326653 ], [ -156.782050445010469, 20.883554434071261 ], [ -156.77544044539593, 20.87500343401306 ], [ -156.771268445683802, 20.868790434660141 ], [ -156.757473446051677, 20.850774435600027 ], [ -156.757117445851549, 20.849627435822644 ], [ -156.750014446231177, 20.826716436214198 ], [ -156.750014446276623, 20.823891436492364 ], [ -156.750014446413246, 20.815416437327006 ], [ -156.750014446458863, 20.812591437605203 ], [ -156.750014446474978, 20.811594437547384 ], [ -156.750014446523352, 20.808604437419973 ], [ -156.750014446539467, 20.807608437408216 ], [ -156.756097447374714, 20.795870438218447 ], [ -156.769064447315571, 20.770853439918326 ], [ -156.775224447171183, 20.761160440498301 ], [ -156.782316446834841, 20.750003441107864 ], [ -156.795377446445343, 20.735254441829174 ], [ -156.812833446212437, 20.72277844299316 ], [ -156.817007446164183, 20.719796443296882 ], [ -156.831504446132129, 20.715153443688763 ], [ -156.845429445799596, 20.711680444004919 ], [ -156.849631445248605, 20.708337444768954 ], [ -156.861867445425162, 20.698603445355751 ], [ -156.875014445280584, 20.690968445512475 ], [ -156.887828444984507, 20.688842445805474 ], [ -156.899615444069326, 20.6899384461029 ], [ -156.9106044441113, 20.693315446232067 ], [ -156.918774443825129, 20.691921445997874 ], [ -156.926694443695908, 20.69128744659195 ], [ -156.92827644375771, 20.691161446207996 ], [ -156.93591344314811, 20.692225446767651 ], [ -156.943218442587721, 20.689697446448864 ], [ -156.953949442527176, 20.687264446960253 ], [ -156.962853442796671, 20.685462447730266 ], [ -156.966865442415951, 20.685946447600816 ], [ -156.973821441901805, 20.686787447771405 ], [ -156.973855441669855, 20.686797447333205 ], [ -156.985976441708601, 20.690446447416313 ], [ -156.993921440869457, 20.693383447016974 ], [ -156.994448440870428, 20.693578447013376 ], [ -157.000014441008403, 20.696898447132025 ], [ -157.004666440362683, 20.702110447148307 ], [ -157.008746440357839, 20.706084446790648 ], [ -157.009057440293844, 20.706487446471769 ], [ -157.010488440557538, 20.708339446360863 ], [ -157.013250440075979, 20.71191544653707 ], [ -157.018102439640586, 20.717916446024685 ], [ -157.021392440093649, 20.72239444638576 ], [ -157.022698440011169, 20.723156446429389 ], [ -157.027292439384667, 20.728734446214215 ], [ -157.031349439162852, 20.736083445724653 ], [ -157.032407439321361, 20.738136445872538 ], [ -157.03557543952067, 20.744277445486979 ], [ -157.03815943889478, 20.750003444863466 ], [ -157.037989439154501, 20.750003444860958 ], [ -157.037481439126566, 20.75000344485349 ], [ -157.037312438533093, 20.750003444851004 ], [ -157.038627438826978, 20.753076444319543 ], [ -157.040281438457725, 20.762036444251638 ], [ -157.045197438234482, 20.770470443385946 ], [ -157.046472438364816, 20.780775443209105 ], [ -157.047622438148096, 20.790059442767891 ], [ -157.046888437384496, 20.803109442191229 ], [ -157.043963437376505, 20.81002944162357 ], [ -157.048083437311647, 20.820548441451106 ], [ -157.075017436442891, 20.827251441207981 ], [ -157.075221436849802, 20.827302440861985 ], [ -157.085694436390014, 20.83668544061463 ], [ -157.09519643523285, 20.847157440149076 ], [ -157.095399435589002, 20.847498440569783 ], [ -157.102931435344829, 20.860136440015069 ], [ -157.110145434888722, 20.869464438983616 ], [ -157.112692434362401, 20.875003438734794 ], [ -157.112398434303856, 20.875003438730651 ], [ -157.111516434128276, 20.875003438718259 ], [ -157.111223434115828, 20.875003438714153 ] ] ], [ [ [ -156.705420447874957, 20.826323435465032 ], [ -156.706584447539655, 20.827504435921011 ], [ -156.706882447778355, 20.827807435492765 ], [ -156.708344447681725, 20.829290435474448 ], [ -156.709792447839448, 20.830761435802469 ], [ -156.710076447433153, 20.83104943558239 ], [ -156.711241448043239, 20.832231436084435 ], [ -156.711330447646787, 20.832321435734634 ], [ -156.718706447511437, 20.839482435634832 ], [ -156.721751447498718, 20.842439435184893 ], [ -156.728629446862641, 20.851702434771671 ], [ -156.736067446785654, 20.865233434004168 ], [ -156.737545446508079, 20.867921433731549 ], [ -156.739476446353137, 20.87500343351153 ], [ -156.739099446066291, 20.875003433506265 ], [ -156.737968446104986, 20.875003433490509 ], [ -156.73759244586418, 20.875003433485265 ], [ -156.738293445689322, 20.881649432950329 ], [ -156.738498446112942, 20.883591433371574 ], [ -156.739433445952812, 20.888811432806737 ], [ -156.743130445378938, 20.893809432846254 ], [ -156.745848445553634, 20.898798432457461 ], [ -156.746340445732642, 20.899545432697856 ], [ -156.750014444989176, 20.905128432702774 ], [ -156.750014444985112, 20.905387432042126 ], [ -156.750014444973004, 20.90616443185888 ], [ -156.75001444496894, 20.906424432143663 ], [ -156.750489445247723, 20.908203432254972 ], [ -156.751916445277146, 20.913541431735531 ], [ -156.751955445273609, 20.913684432027612 ], [ -156.752022444737634, 20.915377431769272 ], [ -156.752205445005188, 20.920019431549594 ], [ -156.752369445304709, 20.924135431383139 ], [ -156.751788444458242, 20.933935430416668 ], [ -156.75158544494272, 20.937363430930553 ], [ -156.751609445130754, 20.938575430099863 ], [ -156.751683444886481, 20.942296430623635 ], [ -156.75181044434791, 20.948551430056124 ], [ -156.750788444839742, 20.953354430041294 ], [ -156.750014444187968, 20.956995429566614 ], [ -156.750014444177708, 20.957665429850724 ], [ -156.750014444176401, 20.957751429315344 ], [ -156.750014444167448, 20.958336429281548 ], [ -156.750014444148803, 20.959556429718276 ], [ -156.750014444141726, 20.960019429460932 ], [ -156.750014444130187, 20.960776429255748 ], [ -156.746416444581172, 20.968026428603594 ], [ -156.743140444570741, 20.976098428046885 ], [ -156.739938444347445, 20.985907427460106 ], [ -156.737336444777696, 20.996926426857691 ], [ -156.736610444548774, 21.000003427385028 ], [ -156.735031444539857, 21.005732426848507 ], [ -156.732180444375047, 21.010936426394782 ], [ -156.72843944454587, 21.017330425883763 ], [ -156.723016444560983, 21.02256842516406 ], [ -156.717136444134553, 21.0321964251998 ], [ -156.70850344451955, 21.043234424496251 ], [ -156.708342444292981, 21.043333424557634 ], [ -156.698373444334322, 21.049496424118811 ], [ -156.690910444783356, 21.053482423262018 ], [ -156.687076445155753, 21.060564422965914 ], [ -156.681559445329526, 21.066229423029757 ], [ -156.670438445277682, 21.076696422076967 ], [ -156.662467445714299, 21.079521421697155 ], [ -156.655961445324522, 21.08182942180418 ], [ -156.642825446070304, 21.083279420976613 ], [ -156.634503446557773, 21.083338420890101 ], [ -156.633597446173155, 21.08334442115493 ], [ -156.629956446533185, 21.084475421043592 ], [ -156.62501444628046, 21.086351421057572 ], [ -156.625014446276055, 21.086655420671242 ], [ -156.62501444626281, 21.087569420503538 ], [ -156.625014446258405, 21.087874421062587 ], [ -156.618148446359243, 21.090501420571044 ], [ -156.605903446786783, 21.092583420088729 ], [ -156.591045447333443, 21.092414420209465 ], [ -156.585319447867192, 21.091080419843923 ], [ -156.574386447669866, 21.08853442024219 ], [ -156.566295448057758, 21.085162420400646 ], [ -156.561916448622185, 21.083337419918387 ], [ -156.559527448255011, 21.082341419875522 ], [ -156.54304744888401, 21.068827420410408 ], [ -156.529182449447518, 21.060144421371099 ], [ -156.516141450194169, 21.052798420973975 ], [ -156.512978450140366, 21.051016421587576 ], [ -156.504336450358466, 21.044599421769956 ], [ -156.50001445087608, 21.041045421684455 ], [ -156.490742450826019, 21.035438422296188 ], [ -156.483148451683292, 21.028653421727427 ], [ -156.475397451639594, 21.019211422873877 ], [ -156.471029451936516, 21.008873423261043 ], [ -156.468159452001515, 21.000003423838351 ], [ -156.468589452033569, 21.00000342384401 ], [ -156.469883452313923, 21.000003423861052 ], [ -156.470314452392046, 21.00000342386673 ], [ -156.46911945225574, 20.994774424007218 ], [ -156.467560452455245, 20.987953423655878 ], [ -156.46611645249223, 20.985571424531887 ], [ -156.463558452501331, 20.979806424245965 ], [ -156.463448452831557, 20.979557424466012 ], [ -156.460316453320388, 20.976878424229231 ], [ -156.459589453100193, 20.976237424370954 ], [ -156.458967453221021, 20.975689424301265 ], [ -156.458345453341906, 20.97514142423157 ], [ -156.454943453083416, 20.972144424631487 ], [ -156.451104453375365, 20.968761425231676 ], [ -156.437898453560081, 20.971342424334242 ], [ -156.431822454109266, 20.972530424117469 ], [ -156.427461453661948, 20.973383424680332 ], [ -156.404922454520857, 20.974184423505505 ], [ -156.39621745433206, 20.980971423056488 ], [ -156.390573454981762, 20.983658423546352 ], [ -156.377616454893257, 20.989826422407976 ], [ -156.375014455469454, 20.990838423124238 ], [ -156.375014455493243, 20.989249422774783 ], [ -156.369970455017494, 20.991856422286094 ], [ -156.36475445561797, 20.993792422363011 ], [ -156.354800455523332, 20.993804421885326 ], [ -156.354474455782935, 20.994107422348399 ], [ -156.350824455688354, 20.997499422065367 ], [ -156.346767455735289, 21.000003422241576 ], [ -156.339232455545982, 21.004198421125256 ], [ -156.330173456209593, 21.005475421373703 ], [ -156.320493456139417, 21.006233421089515 ], [ -156.311202456946177, 21.004521421247311 ], [ -156.304148456525297, 21.003001421285244 ], [ -156.298260456785442, 21.001237420890732 ], [ -156.29450245716194, 21.001029421152772 ], [ -156.282395457639041, 21.002614421159976 ], [ -156.274316457594892, 21.004239420364772 ], [ -156.268592458198839, 21.003754420431967 ], [ -156.26279145796704, 21.002246421038791 ], [ -156.256609458173074, 21.000003421058477 ], [ -156.252579458633818, 20.997755420875947 ], [ -156.250014458264246, 20.995502420482229 ], [ -156.249892458937666, 20.995445420552993 ], [ -156.249830458778632, 20.995416421014962 ], [ -156.237597458950148, 20.989718420983543 ], [ -156.228222459481287, 20.98783942064065 ], [ -156.226161458934115, 20.987133421367179 ], [ -156.214355459873161, 20.983091421179974 ], [ -156.195310460044709, 20.971505421425388 ], [ -156.182889460618441, 20.960730421343104 ], [ -156.181183461168985, 20.958337421704968 ], [ -156.180393460749173, 20.957230421962535 ], [ -156.171840461482986, 20.949227421916945 ], [ -156.164693461313675, 20.944666422162658 ], [ -156.161889461612589, 20.942877422453329 ], [ -156.150737462218899, 20.931875422719166 ], [ -156.146334462607598, 20.927451423016215 ], [ -156.136372463184898, 20.917440423080755 ], [ -156.127706463105142, 20.916077423129877 ], [ -156.125014463158578, 20.915012423497178 ], [ -156.111075463852842, 20.908341423578246 ], [ -156.095939464286317, 20.898484423468613 ], [ -156.086028464515522, 20.888434424430706 ], [ -156.081789465316263, 20.880875424204877 ], [ -156.081708465182601, 20.880731424765017 ], [ -156.076490464811883, 20.880754423954318 ], [ -156.068643465621278, 20.878260424073552 ], [ -156.062373465379437, 20.875003424140147 ], [ -156.055771466008792, 20.872710424542017 ], [ -156.049637465722299, 20.870547424643362 ], [ -156.04025946615252, 20.865722424381978 ], [ -156.032303466486098, 20.859861424979403 ], [ -156.025601466972034, 20.859503424583242 ], [ -156.012443466734481, 20.85597742475203 ], [ -156.006332467519741, 20.852984424389863 ], [ -156.00001446772427, 20.852126424348352 ], [ -156.00001446736735, 20.875003423283918 ], [ -155.959005468579505, 20.875003422721463 ], [ -155.950970468977687, 20.861931423884819 ], [ -155.944290468877, 20.848716423874141 ], [ -155.9391404691292, 20.83659442477078 ], [ -155.934301469399884, 20.819848425801577 ], [ -155.929708470244208, 20.801470426298639 ], [ -155.926799470485491, 20.781738427397464 ], [ -155.926966471224603, 20.767048427879722 ], [ -155.929195470680725, 20.758078428387634 ], [ -155.927539470930384, 20.750003428700051 ], [ -155.926851470881786, 20.738678429498346 ], [ -155.928115471809321, 20.724795430298897 ], [ -155.932815471893207, 20.712586430922467 ], [ -155.936580471965527, 20.70559443084106 ], [ -155.939832471747366, 20.700372431350182 ], [ -155.942651471400353, 20.692586431551085 ], [ -155.94581147149637, 20.683916432403599 ], [ -155.949660471845391, 20.67683543272102 ], [ -155.951714471233259, 20.67391443309096 ], [ -155.956079471973425, 20.667362433503609 ], [ -155.958349471423873, 20.664455433622525 ], [ -155.961472471535927, 20.66045543376622 ], [ -155.966960471858044, 20.654837434054297 ], [ -155.969608471639816, 20.652127434260983 ], [ -155.978088471394244, 20.644771434571499 ], [ -155.98579847160903, 20.638830435303127 ], [ -155.991366471100065, 20.634486434926366 ], [ -155.995731470919111, 20.629260435270471 ], [ -156.000014471422361, 20.625979436178635 ], [ -156.000014471322231, 20.631865435726567 ], [ -156.005135470938626, 20.625003436261899 ], [ -156.0046414715531, 20.625003436254438 ], [ -156.003159471597769, 20.625003436232053 ], [ -156.002665471312923, 20.625003436224592 ], [ -156.006031470933721, 20.621003436373407 ], [ -156.011722470709202, 20.615986436473506 ], [ -156.016319471300761, 20.612377436666627 ], [ -156.019908471274533, 20.610263437364303 ], [ -156.023732471294608, 20.607722437281385 ], [ -156.025929470953344, 20.606263437554166 ], [ -156.029962470707375, 20.604074437501897 ], [ -156.034333470739142, 20.602566437349282 ], [ -156.038624470686784, 20.600719437767065 ], [ -156.043081470184006, 20.599296437934242 ], [ -156.049655470117443, 20.598255437744363 ], [ -156.054280470155334, 20.597257437706979 ], [ -156.059239470282193, 20.597192438385736 ], [ -156.065780469568864, 20.597582438464734 ], [ -156.070816469638174, 20.598024438218157 ], [ -156.073285470109596, 20.598412438142837 ], [ -156.073999469745985, 20.598174437982024 ], [ -156.077133469424496, 20.596555438093748 ], [ -156.080073470041356, 20.595689438715535 ], [ -156.083008469524032, 20.595076438401321 ], [ -156.08744246980973, 20.590704438519598 ], [ -156.09505946930355, 20.58648243930147 ], [ -156.099840469358526, 20.584161439476627 ], [ -156.101541469528172, 20.583336439270408 ], [ -156.102217469213372, 20.583008439459842 ], [ -156.107045468733901, 20.580833440066208 ], [ -156.115533468789437, 20.577217439999512 ], [ -156.121602468850512, 20.574899440333233 ], [ -156.125014468749669, 20.573329440009338 ], [ -156.135284468193873, 20.569846440701614 ], [ -156.143865467976781, 20.569743440586066 ], [ -156.143995468571887, 20.569769440886443 ], [ -156.158751467809907, 20.572737441138337 ], [ -156.163025467854283, 20.571849440768169 ], [ -156.177179467265574, 20.572480441275353 ], [ -156.190621467094189, 20.575515440995357 ], [ -156.195622466425505, 20.577154441029673 ], [ -156.201055466855763, 20.574493441742341 ], [ -156.208456466272594, 20.570870442238103 ], [ -156.210035466213668, 20.570097441728056 ], [ -156.218463466213308, 20.565581442473228 ], [ -156.224642465962376, 20.562269442887647 ], [ -156.229065466603117, 20.559900442647255 ], [ -156.243635465524278, 20.553250443213244 ], [ -156.25001446549004, 20.55034044326392 ], [ -156.250014465476738, 20.551098443107232 ], [ -156.25001446543672, 20.553376443720765 ], [ -156.250014465423419, 20.554135443610186 ], [ -156.264231465179279, 20.546471444227389 ], [ -156.273248465331619, 20.542608444487289 ], [ -156.279162465442994, 20.540075444810626 ], [ -156.290486464886982, 20.536898445231177 ], [ -156.303568464371693, 20.536052445136789 ], [ -156.324141463735458, 20.536329445628663 ], [ -156.327202463632091, 20.535354445730331 ], [ -156.333342463338539, 20.534361445950502 ], [ -156.341503463562447, 20.533041445528752 ], [ -156.349726463001986, 20.534213445685548 ], [ -156.351113463069424, 20.534411445834817 ], [ -156.362894462892257, 20.530911446674178 ], [ -156.375014463021529, 20.528988446417667 ], [ -156.375014463012889, 20.529476446413739 ], [ -156.375014462986883, 20.530942446494173 ], [ -156.375014462978214, 20.531431446536299 ], [ -156.387650462549573, 20.532679446666002 ], [ -156.396440462043358, 20.533548446364151 ], [ -156.420509461487939, 20.536612446687869 ], [ -156.425096461511686, 20.538600446603446 ], [ -156.436747460583234, 20.543650446482527 ], [ -156.437398460903012, 20.543932446892111 ], [ -156.453505460174625, 20.555528446198931 ], [ -156.45988245995224, 20.557669445994687 ], [ -156.484524458494832, 20.579086445458824 ], [ -156.484583458521428, 20.578772445385074 ], [ -156.487646458775401, 20.562504447010991 ], [ -156.488391459005044, 20.558549446505889 ], [ -156.482333459686828, 20.548130447616014 ], [ -156.480602459175742, 20.541113447219871 ], [ -156.479565459252854, 20.529576448170587 ], [ -156.482753459843622, 20.515153449349064 ], [ -156.482848459732907, 20.514724449374519 ], [ -156.483370459536047, 20.51317044884695 ], [ -156.489381459805742, 20.500003449470174 ], [ -156.490068460004778, 20.499223449524695 ], [ -156.491477460217908, 20.497625449682552 ], [ -156.492227459720652, 20.496983449799568 ], [ -156.49301746016809, 20.496308450195734 ], [ -156.493849459853863, 20.495596449787644 ], [ -156.495764460001425, 20.494158450129159 ], [ -156.497313459485724, 20.491803450492998 ], [ -156.500014459905401, 20.48919245077434 ], [ -156.512214459442333, 20.474783451844985 ], [ -156.520963459860241, 20.468934452359274 ], [ -156.533470459003013, 20.462983452732988 ], [ -156.546083459363501, 20.460848452618432 ], [ -156.55754445874436, 20.461373452705093 ], [ -156.563907458783802, 20.46283545270272 ], [ -156.573558458461974, 20.459135453297531 ], [ -156.582178458236484, 20.458334453412949 ], [ -156.583938457512261, 20.458170453981047 ], [ -156.585614458306736, 20.458334453468591 ], [ -156.596030457180603, 20.459353453810419 ], [ -156.601320457228269, 20.460985453527272 ], [ -156.604896457470403, 20.460137454094195 ], [ -156.614918457107393, 20.459171453826826 ], [ -156.619759457155482, 20.4603074540716 ], [ -156.625014456536633, 20.45931445428203 ], [ -156.640206456114669, 20.458339454583427 ], [ -156.656873456220126, 20.457269455029607 ], [ -156.672800455466955, 20.457778455351324 ], [ -156.70512945434831, 20.454145455806223 ], [ -156.7329084539343, 20.452933456188681 ], [ -156.750014452633764, 20.454338456432719 ], [ -156.750013451758008, 20.499991453980037 ], [ -156.744278452760653, 20.500002453495544 ], [ -156.745542452533414, 20.501261453950971 ], [ -156.746252451966058, 20.501968454152486 ], [ -156.748913452228265, 20.505414453743949 ], [ -156.750004452119413, 20.506828453242278 ], [ -156.750006452203849, 20.507258453263766 ], [ -156.750012452457128, 20.50855045342044 ], [ -156.750014451642215, 20.508981453488033 ], [ -156.752777452097206, 20.513056453275528 ], [ -156.754024451943195, 20.5166934535481 ], [ -156.754392451795638, 20.517791452868366 ], [ -156.755186451472383, 20.520161453229363 ], [ -156.755567451899907, 20.522602453256855 ], [ -156.755992451627122, 20.526724452473829 ], [ -156.755987451335244, 20.530165452691456 ], [ -156.755756451390198, 20.535279452625055 ], [ -156.755087451053015, 20.539960452392101 ], [ -156.754158451330341, 20.544303451874608 ], [ -156.753363451514872, 20.547130451676864 ], [ -156.753361451422535, 20.547138451146044 ], [ -156.751997451447323, 20.550967451227756 ], [ -156.751004451489877, 20.554385451269738 ], [ -156.750022451163886, 20.556459451458235 ], [ -156.750020451080985, 20.555934450658167 ], [ -156.750015450878436, 20.554359450955918 ], [ -156.750014450841689, 20.553834451055184 ], [ -156.746050451467454, 20.562613450674039 ], [ -156.742673451289363, 20.570094449869462 ], [ -156.739897450997546, 20.573714450195094 ], [ -156.733659451159639, 20.581847449701012 ], [ -156.731861451010332, 20.583335448965229 ], [ -156.729130451017681, 20.585595448701103 ], [ -156.726789451017339, 20.587533448899656 ], [ -156.721705451370582, 20.591732448880169 ], [ -156.721293451263335, 20.592074448439131 ], [ -156.704456452124418, 20.604594447508852 ], [ -156.700013451473751, 20.606920447561066 ], [ -156.691129452063024, 20.61157044757385 ], [ -156.674243452614235, 20.615378446451484 ], [ -156.672037452551251, 20.616660447013235 ], [ -156.661892452561005, 20.622555445899273 ], [ -156.655070452886946, 20.625003446139822 ], [ -156.64539045269899, 20.633403445306584 ], [ -156.625014453251538, 20.645099444147629 ], [ -156.610094453538352, 20.650795443690615 ], [ -156.597748453714587, 20.657882443494419 ], [ -156.592284453703485, 20.658409443405134 ], [ -156.575085454260829, 20.65931344251803 ], [ -156.562561455362214, 20.658340442476383 ], [ -156.5599154548309, 20.658134442840105 ], [ -156.555103455204346, 20.657762442719296 ], [ -156.551974454890342, 20.657917442617237 ], [ -156.549639455196314, 20.658033442529359 ], [ -156.549458455843592, 20.658291442719623 ], [ -156.544994455052802, 20.664668442316064 ], [ -156.543672455249236, 20.666542442282807 ], [ -156.540259455256916, 20.671388441520403 ], [ -156.531673455131425, 20.679223440766076 ], [ -156.520375455960504, 20.684985440711191 ], [ -156.520126456174097, 20.685113440308278 ], [ -156.51089745616909, 20.688402440585303 ], [ -156.508844455970689, 20.68913444009851 ], [ -156.508774456341655, 20.689150439935158 ], [ -156.50220445660068, 20.690713439887912 ], [ -156.500014456387163, 20.691235439618474 ], [ -156.500014456393274, 20.690873440030771 ], [ -156.500014456411463, 20.68979044050667 ], [ -156.500014456417546, 20.689429440065759 ], [ -156.49982045646837, 20.689526440034346 ], [ -156.499241456759222, 20.689818439986251 ], [ -156.499048455956881, 20.689916440000975 ], [ -156.496284456254813, 20.691309440273663 ], [ -156.49574245645249, 20.691583440296327 ], [ -156.498890456605466, 20.699666439451256 ], [ -156.500014456197391, 20.702550439213812 ], [ -156.500014456255343, 20.699090439915395 ], [ -156.506298455950656, 20.718766438926082 ], [ -156.511884455006623, 20.73538943758923 ], [ -156.512669455215018, 20.735168438212682 ], [ -156.521917455183882, 20.732560437826244 ], [ -156.546834454176775, 20.732489438518481 ], [ -156.562711453742565, 20.738044438322099 ], [ -156.565203453460867, 20.738917438101694 ], [ -156.577238453152262, 20.743133438223634 ], [ -156.577602452838249, 20.743261438729036 ], [ -156.579220452742049, 20.744428438548248 ], [ -156.583348453177933, 20.747407438232255 ], [ -156.585014452595289, 20.748609437865625 ], [ -156.585147452427833, 20.74870543869222 ], [ -156.586946452577052, 20.750003438252918 ], [ -156.594559452691954, 20.750003438363954 ], [ -156.617400452227628, 20.750003438697195 ], [ -156.625014451488028, 20.750003438808324 ], [ -156.625014451444883, 20.752619438797822 ], [ -156.625014451315735, 20.760468437913044 ], [ -156.625014451272733, 20.763085437948625 ], [ -156.629545451442823, 20.763125438058303 ], [ -156.640099451263012, 20.765109437867917 ], [ -156.64513145109035, 20.768123438276422 ], [ -156.651935450725205, 20.772199438165547 ], [ -156.65987345042484, 20.778422438040369 ], [ -156.669386449795155, 20.788847437235837 ], [ -156.672695449308975, 20.794846437516746 ], [ -156.677497449318054, 20.798481436847332 ], [ -156.684743448613915, 20.804018436587942 ], [ -156.690858448823889, 20.811007436643816 ], [ -156.692433448533819, 20.812808435986511 ], [ -156.698928448270806, 20.819734435843198 ], [ -156.700013447893355, 20.820836436256602 ], [ -156.702716448310781, 20.823579435837829 ], [ -156.705420447874957, 20.826323435465032 ] ] ], [ [ [ -156.881750436234398, 21.233646416209641 ], [ -156.878750436479351, 21.233549416202379 ], [ -156.87437643636224, 21.233096415968934 ], [ -156.87120943702007, 21.231890416140192 ], [ -156.867502437075814, 21.230564416173632 ], [ -156.859057437349719, 21.227091416183921 ], [ -156.853528437118854, 21.222708416582247 ], [ -156.848542437565158, 21.22303941647959 ], [ -156.846289438058307, 21.223085415873289 ], [ -156.840883438037849, 21.223198416516329 ], [ -156.826640438109962, 21.227221415486405 ], [ -156.812130438464862, 21.231410415804834 ], [ -156.801536439443851, 21.233921415323401 ], [ -156.794857439210801, 21.23416441474496 ], [ -156.787463439326103, 21.232637415368078 ], [ -156.783899439673007, 21.231454414794822 ], [ -156.777813439781966, 21.23212341495957 ], [ -156.771077439612412, 21.232864414835664 ], [ -156.760299440259644, 21.231247414869827 ], [ -156.754807440795275, 21.229508414743776 ], [ -156.752549440167883, 21.228793415058039 ], [ -156.750014440263215, 21.228199414647097 ], [ -156.741073441010997, 21.228023414526952 ], [ -156.731222441191363, 21.227747414286473 ], [ -156.722090441250486, 21.226065414943179 ], [ -156.713600442154842, 21.221642414359629 ], [ -156.706265442327492, 21.217231415241663 ], [ -156.696789442737241, 21.214295414790051 ], [ -156.686521442631602, 21.210517415115103 ], [ -156.675842443429275, 21.202405415454304 ], [ -156.667392443544173, 21.193153415470295 ], [ -156.659579444264807, 21.181910416414858 ], [ -156.656293444070883, 21.170719417111194 ], [ -156.656079444196678, 21.163892417409308 ], [ -156.653921444680805, 21.155960417147327 ], [ -156.6509004450063, 21.14502241780815 ], [ -156.650539444709381, 21.134280418536626 ], [ -156.65191544525382, 21.128387418708122 ], [ -156.652739444605373, 21.125003419328095 ], [ -156.654850444764577, 21.125003419354574 ], [ -156.657722445065133, 21.114906420155734 ], [ -156.664765445140517, 21.104270420464463 ], [ -156.672600444813497, 21.095720420640788 ], [ -156.682729444928356, 21.091099421058825 ], [ -156.691077444775402, 21.088425421203986 ], [ -156.694007444016108, 21.087795421900317 ], [ -156.699174443919361, 21.080742421750596 ], [ -156.708070443924754, 21.072212422864229 ], [ -156.726022444033646, 21.06067542318554 ], [ -156.735615443731035, 21.055781423615691 ], [ -156.740861443643752, 21.051057424625814 ], [ -156.746550443283752, 21.04660042445045 ], [ -156.750014442882872, 21.043833424748033 ], [ -156.750014442836232, 21.046994424657115 ], [ -156.756127443126616, 21.042780424888605 ], [ -156.761754442569128, 21.04089042514067 ], [ -156.766772442754842, 21.036932425458801 ], [ -156.777160442250647, 21.029705426359968 ], [ -156.785304442623044, 21.024543426120918 ], [ -156.793695442643298, 21.02231042679912 ], [ -156.801627442166534, 21.021972426623279 ], [ -156.808338442135579, 21.017755426726467 ], [ -156.817556441652641, 21.011731427268124 ], [ -156.823378442026353, 21.007168427611042 ], [ -156.830003441639434, 21.002262428353809 ], [ -156.836968441592717, 21.000003428716401 ], [ -156.87501444033478, 21.000003429221898 ], [ -156.875014440353794, 20.9987424286962 ], [ -156.875014440410894, 20.994959428917763 ], [ -156.875014440429908, 20.993699429337429 ], [ -156.87793744024043, 20.993367429372771 ], [ -156.879304440284812, 20.993365429298908 ], [ -156.881769439668204, 20.993363429239626 ], [ -156.888888439483139, 20.99368242963865 ], [ -156.892222439341481, 20.993793429399876 ], [ -156.893633439614092, 20.993840429784896 ], [ -156.896509439945874, 20.994199429271784 ], [ -156.899477439121256, 20.994570429312631 ], [ -156.901128439648232, 20.995533429624018 ], [ -156.9036884388901, 20.997027429224485 ], [ -156.907433438796005, 20.99759742944843 ], [ -156.914549438476627, 20.997587429082579 ], [ -156.915314438651905, 20.997941429210339 ], [ -156.919764438648542, 21.000003429817017 ], [ -156.920020438754818, 21.000003429820428 ], [ -156.920788439073647, 21.000003429830642 ], [ -156.921045438326701, 21.000003429834059 ], [ -156.921724439037604, 21.000209429438968 ], [ -156.92240343884913, 21.000416429089974 ], [ -156.925741438877537, 21.001431429120736 ], [ -156.935373438411034, 21.006779429164439 ], [ -156.936577438133128, 21.007097429438421 ], [ -156.945227437424052, 21.009384429672021 ], [ -156.947213438110992, 21.009634429522169 ], [ -156.948612437828274, 21.009810429553433 ], [ -156.950012437591568, 21.009986429584689 ], [ -156.955735437816287, 21.010705429502845 ], [ -156.963145437521064, 21.012873429634425 ], [ -156.969428436509645, 21.017780429104814 ], [ -156.973908436958652, 21.021824429270808 ], [ -156.977715436126289, 21.022179428585208 ], [ -156.983847436294525, 21.024101429059701 ], [ -156.987383436451864, 21.025210428925369 ], [ -157.000014435701416, 21.029880429253197 ], [ -157.000014435709772, 21.029320428640787 ], [ -157.004373435112342, 21.031117428729932 ], [ -157.010569435494659, 21.035485428552231 ], [ -157.0150174354076, 21.036850428529593 ], [ -157.02452443462326, 21.038807428860974 ], [ -157.030016435003205, 21.038797428472463 ], [ -157.038735433910631, 21.038523428557088 ], [ -157.050251433942123, 21.042707428966352 ], [ -157.059764433376415, 21.048440428749181 ], [ -157.067099433168124, 21.05400542795957 ], [ -157.0721634326556, 21.057600428133764 ], [ -157.075014432731336, 21.058001428654322 ], [ -157.077570432702942, 21.058361428181815 ], [ -157.083064432271613, 21.05852142842836 ], [ -157.094226432241186, 21.058238428129563 ], [ -157.102771432120392, 21.057961428972398 ], [ -157.110529431722654, 21.05648442849337 ], [ -157.117326432014124, 21.054407429144767 ], [ -157.125014431094428, 21.052499429498045 ], [ -157.125014431130182, 21.05009142920445 ], [ -157.129558431010793, 21.048558429701817 ], [ -157.136328430929552, 21.048310429159724 ], [ -157.137288431102121, 21.048311429218408 ], [ -157.145237430489487, 21.048322429829206 ], [ -157.156018429973074, 21.048849429961837 ], [ -157.157293430273825, 21.04875243000745 ], [ -157.167150430362852, 21.048006429951027 ], [ -157.177212430017363, 21.046476430659506 ], [ -157.190219429560841, 21.046661430357887 ], [ -157.20188842860685, 21.046330430554136 ], [ -157.216050428326326, 21.045658430365773 ], [ -157.222905428575757, 21.04446543126598 ], [ -157.231452427658155, 21.043102431553166 ], [ -157.241166427422229, 21.044136431641402 ], [ -157.250014427752063, 21.044913431572329 ], [ -157.250014427748425, 21.045154430981174 ], [ -157.250014427737625, 21.045879431098609 ], [ -157.250014427734015, 21.046121431452875 ], [ -157.253745426995408, 21.046182431613527 ], [ -157.255880427366122, 21.045400431596878 ], [ -157.267921426468547, 21.044724431196812 ], [ -157.278643426811982, 21.046018431582041 ], [ -157.282926426329311, 21.046057431636068 ], [ -157.289442426224298, 21.046117431787309 ], [ -157.301326425251176, 21.047658431872854 ], [ -157.321258424600018, 21.050679431881427 ], [ -157.33463342388896, 21.058607431180405 ], [ -157.349138423903469, 21.072243430788962 ], [ -157.358445422740175, 21.083610430144109 ], [ -157.363799422917367, 21.092361430368435 ], [ -157.363915422861567, 21.092722429909646 ], [ -157.366563422456721, 21.100959429807244 ], [ -157.366273422353999, 21.116661429047035 ], [ -157.363498422060758, 21.125003428314916 ], [ -157.36393442236718, 21.125003428320458 ], [ -157.365242422387098, 21.125003428337138 ], [ -157.36567842269352, 21.125003428342694 ], [ -157.364099422739656, 21.127517428098987 ], [ -157.36334842228942, 21.12871542750857 ], [ -157.359504422225911, 21.13514842787184 ], [ -157.357982422200337, 21.137698427488473 ], [ -157.357163422211414, 21.139069427670638 ], [ -157.355819422283162, 21.142406426664802 ], [ -157.349906422087599, 21.157088426519397 ], [ -157.347248422749885, 21.16130942574279 ], [ -157.338607422763914, 21.1750414249769 ], [ -157.328829422558101, 21.187822424463906 ], [ -157.325014422968991, 21.191724424269808 ], [ -157.321471422428175, 21.19534742381963 ], [ -157.315458423167485, 21.199785423104718 ], [ -157.31168942299405, 21.204131422676998 ], [ -157.312588423008435, 21.207292422586828 ], [ -157.313578422689574, 21.212618422388172 ], [ -157.314568422338454, 21.220275421631669 ], [ -157.314521422793746, 21.225815421384048 ], [ -157.314482422731231, 21.230436421077549 ], [ -157.313137422701118, 21.237936421155258 ], [ -157.31053542231578, 21.244525420627948 ], [ -157.306701422729873, 21.250003420177066 ], [ -157.306508422824038, 21.250389419966648 ], [ -157.306316422964272, 21.250776419802289 ], [ -157.30526642221372, 21.252884419752782 ], [ -157.305150422262415, 21.253012420250869 ], [ -157.301365422254037, 21.257223419901486 ], [ -157.298058422704599, 21.260295419258739 ], [ -157.295574422419946, 21.262605419502698 ], [ -157.29231042305392, 21.265638418863034 ], [ -157.281298422724404, 21.272593418905906 ], [ -157.272200423401358, 21.276567418370391 ], [ -157.259987423552872, 21.278478418108577 ], [ -157.250014424426354, 21.278776418225682 ], [ -157.250014424405123, 21.280350417876075 ], [ -157.243929424592153, 21.279794417376554 ], [ -157.237957424614109, 21.277474417470039 ], [ -157.233947424202825, 21.276236417958977 ], [ -157.231273425093519, 21.275663417616169 ], [ -157.22833342450113, 21.276352417839099 ], [ -157.220226425002323, 21.278499417704559 ], [ -157.214256425082795, 21.278616417626615 ], [ -157.199552425607152, 21.276512417672109 ], [ -157.183957426479509, 21.271469417239153 ], [ -157.171659426413555, 21.265398418059895 ], [ -157.161946426762228, 21.259144417676485 ], [ -157.159006427094283, 21.257899417854944 ], [ -157.15470142746662, 21.257363418297043 ], [ -157.147335427978959, 21.256447418287312 ], [ -157.135218428092827, 21.255164417504893 ], [ -157.125014428204651, 21.255635417492783 ], [ -157.125014428184073, 21.25714741788595 ], [ -157.116646428408302, 21.254574417986937 ], [ -157.109507428602711, 21.252583417929017 ], [ -157.102173429674821, 21.252676417628109 ], [ -157.09074642919532, 21.252273417815296 ], [ -157.082558429614949, 21.250003417484557 ], [ -157.081444429539943, 21.25000341747122 ], [ -157.075451430385357, 21.247867417942608 ], [ -157.072455429931978, 21.246780417303068 ], [ -157.06988843034668, 21.246842417430035 ], [ -157.065341430347928, 21.246952417945383 ], [ -157.061028430354668, 21.24603341783342 ], [ -157.05741043092533, 21.244190417439118 ], [ -157.051531430689835, 21.244865417881638 ], [ -157.04345243159861, 21.245204417211017 ], [ -157.036252431645295, 21.245543417450289 ], [ -157.034408431201939, 21.245712417118291 ], [ -157.034157431327486, 21.245621417420494 ], [ -157.031148432072939, 21.244540417056974 ], [ -157.030177431400944, 21.243953416988152 ], [ -157.025394432139393, 21.249740417277117 ], [ -157.025310431862124, 21.250003416799267 ], [ -157.026458431705635, 21.250003416812987 ], [ -157.01879543189159, 21.258239416552826 ], [ -157.017604431852305, 21.259185416044108 ], [ -157.015072432054097, 21.261197416055371 ], [ -157.009100431973081, 21.26595141551644 ], [ -157.000014432292062, 21.269817415408902 ], [ -156.990357432379398, 21.273537414865597 ], [ -156.978812432730422, 21.274622415241065 ], [ -156.971303432932075, 21.274368415144451 ], [ -156.95218143402542, 21.269331414940595 ], [ -156.93700643447167, 21.262452415375975 ], [ -156.927414434982637, 21.256581415540282 ], [ -156.923584434801285, 21.252725415953318 ], [ -156.921122434694581, 21.250003415554534 ], [ -156.917165434987993, 21.243787416082149 ], [ -156.914085435225331, 21.237730415849651 ], [ -156.911643435160329, 21.23359941620258 ], [ -156.910293435954799, 21.229574416954335 ], [ -156.90244443573232, 21.232339416512282 ], [ -156.893962436030961, 21.234009415989057 ], [ -156.886124436347956, 21.234347416174725 ], [ -156.881750436234398, 21.233646416209641 ] ] ], [ [ [ -155.182112520664106, 19.209957485890712 ], [ -155.187878520253918, 19.20946948602155 ], [ -155.196566520512761, 19.209683486185845 ], [ -155.20445551989846, 19.210564486484969 ], [ -155.213488519835892, 19.21217448622221 ], [ -155.225045519240382, 19.212229487220004 ], [ -155.230065519488591, 19.212854487350622 ], [ -155.236880519693358, 19.215210487232536 ], [ -155.242460518760851, 19.216355487051345 ], [ -155.245822519010829, 19.217662487088791 ], [ -155.250015518865411, 19.220091486676854 ], [ -155.250015518867855, 19.219994486704504 ], [ -155.250015518888432, 19.219175486743321 ], [ -155.25802951858438, 19.222174487497689 ], [ -155.261347518675848, 19.220648487414675 ], [ -155.265110518581281, 19.219643487063525 ], [ -155.268419518223055, 19.219498487652775 ], [ -155.273194518129316, 19.213755487572826 ], [ -155.28647651810374, 19.205750488693628 ], [ -155.297870518244707, 19.199456489460434 ], [ -155.298864518241515, 19.197652489107831 ], [ -155.301576518370865, 19.192496489046437 ], [ -155.307420518081386, 19.187019489556413 ], [ -155.312721518821888, 19.182401490059387 ], [ -155.320275518265646, 19.174781490803653 ], [ -155.325391518544365, 19.171283490742216 ], [ -155.33077051833294, 19.168650490968563 ], [ -155.335794518856574, 19.165583491876355 ], [ -155.338845518344868, 19.163536492067486 ], [ -155.342165518545329, 19.16131849158127 ], [ -155.345569518096738, 19.160050491697305 ], [ -155.348169518361033, 19.158776492417747 ], [ -155.356945518248494, 19.155996492245862 ], [ -155.365360517668478, 19.153817492775119 ], [ -155.365743518236883, 19.153739492787651 ], [ -155.370281517887605, 19.152820492821196 ], [ -155.37153551813995, 19.152484492658743 ], [ -155.372966517555284, 19.152236492957336 ], [ -155.374312517566921, 19.151297492895146 ], [ -155.375013517512144, 19.150916493344706 ], [ -155.375552518082515, 19.150602493280015 ], [ -155.378647517793496, 19.148801493115151 ], [ -155.380525518031391, 19.148388493016988 ], [ -155.384018518091324, 19.146959493812066 ], [ -155.386167517343551, 19.1460344935142 ], [ -155.387420517551845, 19.145615493125188 ], [ -155.389390517540107, 19.144946493825497 ], [ -155.391448517984998, 19.144363493993424 ], [ -155.393519517296539, 19.141203494147224 ], [ -155.397928517430046, 19.135059494475747 ], [ -155.399917517429259, 19.133043494273018 ], [ -155.401879517981854, 19.131057494552486 ], [ -155.404308517611213, 19.12772949506887 ], [ -155.406555517829418, 19.12500549462963 ], [ -155.406529517541145, 19.12458549506432 ], [ -155.411845518070123, 19.120072495013346 ], [ -155.418844517966988, 19.114196496059119 ], [ -155.422452517958732, 19.111703495502454 ], [ -155.428948518017449, 19.107218495870431 ], [ -155.439234517394681, 19.10288849627382 ], [ -155.45120951725761, 19.099417496721738 ], [ -155.460257517077309, 19.097048497509419 ], [ -155.466111517149074, 19.095355497889997 ], [ -155.467704516876182, 19.093564498152482 ], [ -155.472484516987322, 19.088792497850207 ], [ -155.477468517497954, 19.084410498433364 ], [ -155.477620517312829, 19.08427749860482 ], [ -155.484089517005998, 19.080533498938479 ], [ -155.494289517020974, 19.072088499519477 ], [ -155.494892516948568, 19.07158949902762 ], [ -155.495485517334089, 19.070343499194323 ], [ -155.495950517208598, 19.069370499344789 ], [ -155.497625517173759, 19.065444499275294 ], [ -155.498234517390017, 19.064481499889862 ], [ -155.498597517049319, 19.063908499580364 ], [ -155.50001651769162, 19.064341499777356 ], [ -155.500217517076976, 19.063828499530334 ], [ -155.500824517216074, 19.062292499826814 ], [ -155.501026517546819, 19.061780499625858 ], [ -155.501397517584479, 19.06084050039518 ], [ -155.501383517044275, 19.05682250054398 ], [ -155.503321517608782, 19.046486501045962 ], [ -155.506610517453453, 19.037608501301818 ], [ -155.509366517874241, 19.030181501843582 ], [ -155.513279517727625, 19.020364502022066 ], [ -155.513678518169911, 19.018925502285978 ], [ -155.514608517956361, 19.015582502078725 ], [ -155.516568518472837, 19.011486502278562 ], [ -155.51879951797244, 19.00807450252092 ], [ -155.523270518217942, 19.00381650341161 ], [ -155.526067518635358, 19.000003503179887 ], [ -155.532275518061908, 18.993553503850389 ], [ -155.537380518757743, 18.989060503822905 ], [ -155.541801518590688, 18.981297504215288 ], [ -155.543238518466609, 18.974103504669554 ], [ -155.545365518805141, 18.961853505133298 ], [ -155.551525518814913, 18.95179250581895 ], [ -155.557484519407154, 18.943445506324444 ], [ -155.565614519356444, 18.934520507234364 ], [ -155.57452551926113, 18.928178507553667 ], [ -155.583793519425484, 18.922097508215469 ], [ -155.591071518771315, 18.913333508430018 ], [ -155.591565519073583, 18.912739508955436 ], [ -155.603958519528248, 18.901283509381905 ], [ -155.616074518895232, 18.890252510497039 ], [ -155.625014519236601, 18.883911510866902 ], [ -155.62501451922472, 18.884348511214444 ], [ -155.625014519188994, 18.885661510550463 ], [ -155.625014519177086, 18.886099510944042 ], [ -155.630767519216022, 18.879690510800941 ], [ -155.639111519021185, 18.875003511813766 ], [ -155.64182651915371, 18.875003511880877 ], [ -155.649055518822792, 18.870506511727303 ], [ -155.663009519085023, 18.866162512494135 ], [ -155.67837451863096, 18.86546351304764 ], [ -155.69427151835896, 18.866789513376084 ], [ -155.695046518100355, 18.867022513337641 ], [ -155.697809517723812, 18.867850513780226 ], [ -155.705987517773934, 18.870304513723024 ], [ -155.706086517838713, 18.870364513791703 ], [ -155.708550517152219, 18.87186551375536 ], [ -155.709580517844159, 18.872492513888137 ], [ -155.712671517267978, 18.874375513479357 ], [ -155.71370251710664, 18.875003513658239 ], [ -155.722849516715314, 18.882477513767459 ], [ -155.722909516781471, 18.882526513328365 ], [ -155.730562516665827, 18.894117513310785 ], [ -155.736229515776841, 18.908244512263938 ], [ -155.738717516081806, 18.913975511947775 ], [ -155.739985515090808, 18.916894512456317 ], [ -155.747475514855779, 18.921182512334184 ], [ -155.750014514929234, 18.922635511885826 ], [ -155.755356514709405, 18.923478512182161 ], [ -155.761349514780136, 18.925680512149878 ], [ -155.770294514184968, 18.928940512367422 ], [ -155.774098514106072, 18.93042851266279 ], [ -155.781741513762171, 18.933420512192747 ], [ -155.79438551351808, 18.942816512792124 ], [ -155.808193512949543, 18.952735512331454 ], [ -155.81995751264887, 18.960848512256256 ], [ -155.828247512373821, 18.966545512309391 ], [ -155.83569351199165, 18.967669512110646 ], [ -155.847759511403467, 18.968926512755054 ], [ -155.85077451096231, 18.969241512950664 ], [ -155.864831511220103, 18.973752512464191 ], [ -155.875014511038415, 18.976433513013465 ], [ -155.875014511029434, 18.976769512304678 ], [ -155.875014511002405, 18.977780513014533 ], [ -155.875014510993367, 18.978117512351783 ], [ -155.882242510416972, 18.980634512468576 ], [ -155.883739510143329, 18.981485513038209 ], [ -155.899426509864867, 18.990402512319754 ], [ -155.908245508809159, 18.995290512884061 ], [ -155.913088508919316, 18.997975512587757 ], [ -155.916348508931691, 19.000002512517224 ], [ -155.921575508724288, 19.003796512957472 ], [ -155.925945508572852, 19.00815751251795 ], [ -155.929546508022355, 19.013631512072184 ], [ -155.93128750815481, 19.016277512601818 ], [ -155.934044508279499, 19.021575512121331 ], [ -155.937418507984177, 19.029864511848832 ], [ -155.940440507707592, 19.036102511510759 ], [ -155.944540506776377, 19.041487511472265 ], [ -155.948910506607319, 19.0465315110192 ], [ -155.954078506291609, 19.053625510595424 ], [ -155.957898505844327, 19.062853510422013 ], [ -155.957993506617242, 19.063170510638631 ], [ -155.961088506002795, 19.073446510163294 ], [ -155.963345505492327, 19.081593509615264 ], [ -155.963479505360482, 19.082075510239456 ], [ -155.966503505172994, 19.088483509636852 ], [ -155.968906505184776, 19.093268509794306 ], [ -155.972552504842469, 19.101385508795431 ], [ -155.974055504700431, 19.107792509009546 ], [ -155.974488504743277, 19.112746508811757 ], [ -155.974291504503782, 19.118639508689306 ], [ -155.973466504086332, 19.125003507766923 ], [ -155.974718504233863, 19.125003507796254 ], [ -155.974752503868558, 19.130164508131752 ], [ -155.97389650366523, 19.142573506898326 ], [ -155.970568503633302, 19.159258506540873 ], [ -155.969464502844232, 19.169698506325211 ], [ -155.968093503244148, 19.179966505374242 ], [ -155.96608150285337, 19.191261504955371 ], [ -155.964176502038185, 19.201015504595173 ], [ -155.962101502405517, 19.209827504002732 ], [ -155.958540501622593, 19.223003502967924 ], [ -155.956744502281111, 19.230960502564457 ], [ -155.956525501991365, 19.234468502287097 ], [ -155.956666502103928, 19.238063502428481 ], [ -155.95661650148358, 19.242600501894621 ], [ -155.956570501056376, 19.246793501701244 ], [ -155.956951501448572, 19.250003502098462 ], [ -155.957216501021179, 19.252013502070373 ], [ -155.956214501404418, 19.259953500901776 ], [ -155.955312501112502, 19.263454501185734 ], [ -155.952873500877416, 19.272935500827977 ], [ -155.948908500425119, 19.283699500185538 ], [ -155.946475500535826, 19.290448499876355 ], [ -155.945118500789249, 19.296683499295035 ], [ -155.944658500120454, 19.302788499040279 ], [ -155.944289500078554, 19.307695498457115 ], [ -155.944270499885647, 19.316421498446488 ], [ -155.94426450043278, 19.31947449789747 ], [ -155.944342500288911, 19.325193497858987 ], [ -155.94424350011289, 19.329632497305816 ], [ -155.943769499789255, 19.332096497491431 ], [ -155.942340499394021, 19.339538497653635 ], [ -155.943227499690437, 19.344230497086226 ], [ -155.947243499328977, 19.352243496693966 ], [ -155.950725498666884, 19.35906349618946 ], [ -155.95438449894317, 19.366907496097021 ], [ -155.956079498715496, 19.371341496251894 ], [ -155.957549498029096, 19.375003495911152 ], [ -155.957999498067522, 19.375718495584465 ], [ -155.961390497743565, 19.381104495565886 ], [ -155.963629498283154, 19.386522495197312 ], [ -155.964313497349224, 19.389951494897137 ], [ -155.965031497978146, 19.393554495418755 ], [ -155.965802497367406, 19.400663494676817 ], [ -155.967965497067269, 19.407540494968696 ], [ -155.968098496891685, 19.40796349467303 ], [ -155.971594496785883, 19.418529494065243 ], [ -155.972773496936242, 19.428038493276741 ], [ -155.974611496024778, 19.43584549323592 ], [ -155.978119496488034, 19.445812492911738 ], [ -155.983333495661185, 19.450755493206813 ], [ -155.98912249527217, 19.45499849274314 ], [ -155.990342495721791, 19.455892492584841 ], [ -155.995011494947136, 19.461256492476664 ], [ -155.999148494844405, 19.466184492056595 ], [ -156.000014495119501, 19.469032491973593 ], [ -156.000125494832787, 19.469311492238184 ], [ -156.000461495010342, 19.470148492132829 ], [ -156.000573494769725, 19.470428492443535 ], [ -156.002953494602906, 19.476376492209013 ], [ -156.007973494546434, 19.488917491780722 ], [ -156.010285493961192, 19.494143491558628 ], [ -156.012878493721587, 19.500003490871247 ], [ -156.012667493889296, 19.500003490866739 ], [ -156.012034493493132, 19.500003490853235 ], [ -156.011823493660813, 19.50000349084873 ], [ -156.01182249360582, 19.500379491082843 ], [ -156.013674493351175, 19.507815491035441 ], [ -156.014389493861444, 19.510683490970667 ], [ -156.015788493319519, 19.522089490337851 ], [ -156.016820492992849, 19.531704489928519 ], [ -156.016921493129104, 19.532644489166852 ], [ -156.019410492575616, 19.539288489519244 ], [ -156.019872493121852, 19.541950488952196 ], [ -156.021260492155193, 19.549930488773331 ], [ -156.021260492155051, 19.549937489095839 ], [ -156.021603492612343, 19.552618488502166 ], [ -156.022713492306593, 19.561309488695173 ], [ -156.023011492497005, 19.563635487934551 ], [ -156.025844491492421, 19.575385487888571 ], [ -156.02993549092659, 19.586513487093672 ], [ -156.030291491124018, 19.587481487627041 ], [ -156.033943491110051, 19.59429648688619 ], [ -156.034752490589653, 19.595806487216148 ], [ -156.03590949080467, 19.597964486827763 ], [ -156.037829491118487, 19.599850486515464 ], [ -156.038949490552028, 19.600951486896303 ], [ -156.039089490708534, 19.600982486528668 ], [ -156.043251490954304, 19.60189948659028 ], [ -156.043293491091021, 19.601917486521049 ], [ -156.049343490181371, 19.604470486443994 ], [ -156.055068490475435, 19.607237487225113 ], [ -156.057135490390124, 19.608236486523925 ], [ -156.058869490245058, 19.609259486921427 ], [ -156.063224490354287, 19.611826486554421 ], [ -156.071101489940361, 19.617464486537255 ], [ -156.075307489455895, 19.620965486924852 ], [ -156.078606489424573, 19.625004485997017 ], [ -156.082896489118696, 19.632662486328982 ], [ -156.085441488461555, 19.638845486125636 ], [ -156.087642488113659, 19.646086485190679 ], [ -156.087964488430856, 19.651955484865567 ], [ -156.088301488526241, 19.658438484946558 ], [ -156.088834487842689, 19.661411485216131 ], [ -156.090916488420163, 19.663656484356562 ], [ -156.093334488239947, 19.668349484758537 ], [ -156.097837487874244, 19.675377483949919 ], [ -156.101696487415552, 19.686361483703351 ], [ -156.104441486970757, 19.693154483723802 ], [ -156.104756487061991, 19.694815483803989 ], [ -156.109597487018306, 19.700435483790095 ], [ -156.111233486811614, 19.703300483602781 ], [ -156.115193486593625, 19.710688483177478 ], [ -156.119089486096556, 19.719304482662505 ], [ -156.120015485430372, 19.727179482126502 ], [ -156.119312485197241, 19.736485481827906 ], [ -156.117934485358262, 19.744574481211195 ], [ -156.114741485565105, 19.750003481229282 ], [ -156.115871485484547, 19.75000348125187 ], [ -156.11487248520524, 19.754593480435791 ], [ -156.112613485297317, 19.759768480463045 ], [ -156.110535485645158, 19.764604480166039 ], [ -156.109177485001027, 19.769518479879288 ], [ -156.108446485323384, 19.776791479457298 ], [ -156.108075485149044, 19.78414547917642 ], [ -156.107254484943667, 19.790405478852314 ], [ -156.1055324845683, 19.797265478271118 ], [ -156.103092484405948, 19.802780477770114 ], [ -156.099478484080009, 19.808981478270571 ], [ -156.095686484547315, 19.815016477416037 ], [ -156.090630484313124, 19.821146477315953 ], [ -156.086118484901135, 19.825834476449735 ], [ -156.07953148427049, 19.83113447675612 ], [ -156.072494484509207, 19.83525447575586 ], [ -156.065641485139793, 19.839118475557022 ], [ -156.058788484894819, 19.841884475139519 ], [ -156.053558484832337, 19.843537475642577 ], [ -156.049222485428771, 19.848646475289474 ], [ -156.045066485313441, 19.854428474466498 ], [ -156.039377484681609, 19.860646473914002 ], [ -156.033957484753017, 19.867031473865644 ], [ -156.030073484612899, 19.871460473673224 ], [ -156.027362484595045, 19.875003473158142 ], [ -156.024863485431069, 19.875003473110002 ], [ -156.023074484753721, 19.877901472577488 ], [ -156.019668485062283, 19.882250472306666 ], [ -156.018083484819414, 19.883962472901185 ], [ -156.015723484812384, 19.886514472606653 ], [ -156.015016485487536, 19.887204472003447 ], [ -156.012405484704004, 19.889756472603441 ], [ -156.008095484746093, 19.892744471672334 ], [ -156.004094485559818, 19.894796471695621 ], [ -156.00243348542989, 19.895649471388541 ], [ -156.000013485389957, 19.896589471477458 ], [ -155.998358485548522, 19.896879471315309 ], [ -155.986111485744573, 19.902666471469914 ], [ -155.985428485737543, 19.902868470869837 ], [ -155.971784485435165, 19.906915470882087 ], [ -155.962441485549903, 19.90915547047171 ], [ -155.959950485724875, 19.915247469575828 ], [ -155.954074485292523, 19.929717468755122 ], [ -155.953567485271577, 19.931417468818207 ], [ -155.950395485440168, 19.942078468847512 ], [ -155.947944485702152, 19.946223468193008 ], [ -155.947544485238609, 19.946898467804342 ], [ -155.94634548569266, 19.948925467629909 ], [ -155.94594648527513, 19.949601468186692 ], [ -155.940132485102339, 19.95943246770296 ], [ -155.938897485694582, 19.961521467686101 ], [ -155.924277485099509, 19.978656466265992 ], [ -155.919000485490301, 19.983969466305972 ], [ -155.917503485720175, 19.985016465946885 ], [ -155.913474485226772, 19.987839465517464 ], [ -155.908292485528307, 19.99176746560876 ], [ -155.90803248523207, 19.991964465685918 ], [ -155.907502485954353, 19.993468464813802 ], [ -155.907138485344007, 19.994503464822394 ], [ -155.905545485613175, 19.997123464979435 ], [ -155.904621485267313, 19.998432465009504 ], [ -155.903514485474858, 20.000003464515281 ], [ -155.903171485853875, 20.000003464508929 ], [ -155.902144485284566, 20.000003464489886 ], [ -155.90180248570968, 20.000003464483562 ], [ -155.899271485883446, 20.00411046477663 ], [ -155.897879485546895, 20.005635464856084 ], [ -155.897649485732899, 20.005889464861699 ], [ -155.896114485987766, 20.008009464469453 ], [ -155.894855485496464, 20.009024464439573 ], [ -155.893503485206594, 20.010464464201434 ], [ -155.891166485380467, 20.012068464305521 ], [ -155.889458485773332, 20.013336464231173 ], [ -155.887390485756498, 20.014857464114055 ], [ -155.885857485211318, 20.016636463301655 ], [ -155.884325485613289, 20.018330463969466 ], [ -155.885290485988094, 20.020029463115016 ], [ -155.886362485894665, 20.021917463774642 ], [ -155.887781485599788, 20.024138463593122 ], [ -155.888856485646812, 20.025922463059072 ], [ -155.889376485314017, 20.026785463254352 ], [ -155.891154485379275, 20.028923462853083 ], [ -155.893906485334696, 20.032768462865207 ], [ -155.894220485404077, 20.033432462882573 ], [ -155.895320484793672, 20.035755462897232 ], [ -155.897987484442865, 20.038919463012189 ], [ -155.900385485181999, 20.04216746249508 ], [ -155.903050484732034, 20.045671462984085 ], [ -155.906961484126981, 20.050459462391153 ], [ -155.911201484295475, 20.055284462609134 ], [ -155.911319484335365, 20.05541946253507 ], [ -155.914964484066275, 20.059949461742747 ], [ -155.91689248384057, 20.062576462286536 ], [ -155.918162483883123, 20.064307462011751 ], [ -155.920644483974883, 20.068661462083401 ], [ -155.923126483170876, 20.072845461518053 ], [ -155.92526548369375, 20.074644461693502 ], [ -155.927580483324704, 20.076954461130601 ], [ -155.929535483443772, 20.079603461788565 ], [ -155.930868482791482, 20.081397461718982 ], [ -155.932289483491871, 20.0834484608996 ], [ -155.933614483342637, 20.086604461519556 ], [ -155.934938483142219, 20.09001546129592 ], [ -155.935816483075541, 20.093169460916286 ], [ -155.936606482558915, 20.095897460695607 ], [ -155.936751482934937, 20.096477460437239 ], [ -155.937394482840915, 20.099051460314229 ], [ -155.937653483054277, 20.100669460211215 ], [ -155.937464482401253, 20.102456460690803 ], [ -155.937902482769061, 20.104160460056068 ], [ -155.938613482241379, 20.105271459987673 ], [ -155.94012548264638, 20.106981460547932 ], [ -155.941726482651575, 20.108947460312351 ], [ -155.942704482731784, 20.110399459769621 ], [ -155.943943482228548, 20.112958459865396 ], [ -155.944738481958012, 20.114920460330303 ], [ -155.945531482487837, 20.117222460270067 ], [ -155.946322482017678, 20.119950460049083 ], [ -155.946671481880884, 20.121654459412646 ], [ -155.948002482029239, 20.123789459762708 ], [ -155.947830482171469, 20.125003459926646 ], [ -155.948796481652806, 20.128747459747686 ], [ -155.949496481472124, 20.132133459259848 ], [ -155.950015481927409, 20.136279458705868 ], [ -155.950804481355533, 20.139498458620292 ], [ -155.951412481418004, 20.143560458694825 ], [ -155.95281648126678, 20.149066458753737 ], [ -155.953782480754001, 20.152539458680891 ], [ -155.95501048059532, 20.157536457771702 ], [ -155.95632648089196, 20.162703457500736 ], [ -155.957733480891278, 20.167617457267557 ], [ -155.957896480228129, 20.171760457467972 ], [ -155.95885248009094, 20.178445456972263 ], [ -155.959634480049971, 20.184030457061557 ], [ -155.95997448034376, 20.188512456693665 ], [ -155.960231480437784, 20.191557456676499 ], [ -155.960309480377418, 20.194516456291794 ], [ -155.960832480137412, 20.19773245606277 ], [ -155.96010948002538, 20.201022456522882 ], [ -155.959831479735385, 20.204484455921015 ], [ -155.958930479516852, 20.207603455695267 ], [ -155.958391479826162, 20.209120455421658 ], [ -155.958835479597013, 20.209547455314727 ], [ -155.958985480179393, 20.211382455313107 ], [ -155.959091479643689, 20.212676455569753 ], [ -155.959261480238155, 20.215044455840268 ], [ -155.959521479591331, 20.217074454930934 ], [ -155.959506479713809, 20.221469455045483 ], [ -155.9592294794802, 20.224425454516318 ], [ -155.959043479853221, 20.226874454914714 ], [ -155.958139479477154, 20.231007454635602 ], [ -155.957681479875163, 20.23497545395788 ], [ -155.956422479331934, 20.238768454197892 ], [ -155.955522479166632, 20.241549453690293 ], [ -155.954444479785877, 20.244582453996554 ], [ -155.953635479324674, 20.247026454153911 ], [ -155.952650478858743, 20.248792453652104 ], [ -155.95193347906428, 20.250003453668388 ], [ -155.951739479116213, 20.250003453665059 ], [ -155.95115747927187, 20.250003453655079 ], [ -155.950964479369844, 20.250003453651761 ], [ -155.950553479268052, 20.252331453868223 ], [ -155.950299479224753, 20.253775452934768 ], [ -155.950008479260163, 20.255981452929095 ], [ -155.94926947933368, 20.258098453312442 ], [ -155.948858479255932, 20.25918145283341 ], [ -155.948531479456591, 20.260046453105176 ], [ -155.948061479352162, 20.261407452841159 ], [ -155.947976479027147, 20.261655452572963 ], [ -155.947242479342549, 20.263178452572635 ], [ -155.94614747920437, 20.264867453018599 ], [ -155.944867479523111, 20.267065452627538 ], [ -155.943678479541063, 20.269179452865128 ], [ -155.942855479355131, 20.270531452180499 ], [ -155.942395478817389, 20.271631452483795 ], [ -155.941027479580214, 20.273658452307892 ], [ -155.940299479285954, 20.274502452504819 ], [ -155.939389478692476, 20.275598451716906 ], [ -155.938748478804229, 20.276782452289453 ], [ -155.936744479021314, 20.279398452256316 ], [ -155.935651478980276, 20.28083345179342 ], [ -155.934104478690983, 20.282689451831114 ], [ -155.932379479195959, 20.284288451717888 ], [ -155.931192479311051, 20.286147451899893 ], [ -155.929552479225691, 20.288341451318818 ], [ -155.928236478797174, 20.289886451422962 ], [ -155.928187479235675, 20.289944451396025 ], [ -155.926460478744332, 20.291798451338657 ], [ -155.924192479397391, 20.293732451360224 ], [ -155.92183147935495, 20.296006450855096 ], [ -155.919380479662721, 20.298193450837307 ], [ -155.917656479316122, 20.299707450406011 ], [ -155.915934479064873, 20.301052450283354 ], [ -155.914305479510688, 20.301972450369043 ], [ -155.912493479609623, 20.30323144988051 ], [ -155.910867479299213, 20.303896449910479 ], [ -155.908515479690863, 20.30515045008185 ], [ -155.906887479283427, 20.306070450167638 ], [ -155.90526147987228, 20.306736450243747 ], [ -155.903182479362897, 20.307652450137731 ], [ -155.901555479904033, 20.308403449632891 ], [ -155.900020479294284, 20.308899449973126 ], [ -155.898665479786047, 20.309397449509181 ], [ -155.896314479324388, 20.310651449680716 ], [ -155.894687479867116, 20.311316449710802 ], [ -155.892427480005438, 20.312401449293247 ], [ -155.890621479494285, 20.312980449855193 ], [ -155.888003479323629, 20.313891449509967 ], [ -155.885926479810394, 20.314552449348298 ], [ -155.883670480141063, 20.315212449137601 ], [ -155.881688479619982, 20.315365448957959 ], [ -155.878892480243252, 20.316020449407183 ], [ -155.876636479676137, 20.316594448832042 ], [ -155.875014480457139, 20.316835449115111 ], [ -155.870742480485433, 20.318318449012196 ], [ -155.86670548056216, 20.319308448685323 ], [ -155.860967480481349, 20.320287448722659 ], [ -155.856667480137077, 20.320767448279689 ], [ -155.851649480871288, 20.321412448231261 ], [ -155.845474480451401, 20.321456448356244 ], [ -155.84028648055903, 20.321337448183392 ], [ -155.836797480732031, 20.321229448545726 ], [ -155.833764481250228, 20.320447448443385 ], [ -155.831838480619126, 20.320205448054786 ], [ -155.829475481431416, 20.319910447915312 ], [ -155.825727481374059, 20.318954447879165 ], [ -155.821716481791896, 20.317657448317522 ], [ -155.818414481602872, 20.316872448072345 ], [ -155.814758481292188, 20.315747448346261 ], [ -155.812102481231392, 20.313273448545349 ], [ -155.809955482101088, 20.313258447818392 ], [ -155.80477448164379, 20.31246144788809 ], [ -155.801294482243691, 20.311675447593768 ], [ -155.798772482029733, 20.31099744779408 ], [ -155.798058482400194, 20.310790448138736 ], [ -155.795565481727095, 20.309960447632598 ], [ -155.792904482301253, 20.309273448315285 ], [ -155.787535482202799, 20.306830448097895 ], [ -155.783776482549058, 20.305232448163473 ], [ -155.780197483100892, 20.303463448448465 ], [ -155.778051483148545, 20.301775447992267 ], [ -155.776083482399088, 20.300509448093784 ], [ -155.774832483231307, 20.298648447776806 ], [ -155.771699482723477, 20.298573447866296 ], [ -155.769013483031273, 20.298581448189623 ], [ -155.766326483302578, 20.298080448446918 ], [ -155.764089482722767, 20.298001448367234 ], [ -155.761630483612322, 20.297380448496192 ], [ -155.758878483588461, 20.296728448091461 ], [ -155.755489482989077, 20.295772448060564 ], [ -155.753438483797368, 20.295165447942008 ], [ -155.751478483405521, 20.294473448405849 ], [ -155.7500144833962, 20.293530448106889 ], [ -155.748162483492081, 20.292492447921578 ], [ -155.746853483437093, 20.29128944823816 ], [ -155.74319448388664, 20.290137448166565 ], [ -155.740414483481885, 20.288928448181842 ], [ -155.738347483568219, 20.287496447828602 ], [ -155.734805484031909, 20.285416448175507 ], [ -155.731441484607188, 20.283258448529292 ], [ -155.726879484843209, 20.280125448013568 ], [ -155.72475448406928, 20.277933448620526 ], [ -155.722555484389318, 20.275319448671336 ], [ -155.72131048460426, 20.273164448299656 ], [ -155.719585485158291, 20.272084448879237 ], [ -155.717982485057689, 20.270083448401245 ], [ -155.714764485151335, 20.268772448206338 ], [ -155.712674485063957, 20.268011448186801 ], [ -155.710338485339292, 20.266736448765862 ], [ -155.708005484855079, 20.265379448265353 ], [ -155.705159485016566, 20.263578448885745 ], [ -155.702231484999146, 20.26160544877553 ], [ -155.699924485726143, 20.259575448747924 ], [ -155.698219485414484, 20.25790544912719 ], [ -155.696614485220067, 20.255988448921244 ], [ -155.695022485631227, 20.253734449378339 ], [ -155.693168485659612, 20.251387449143898 ], [ -155.692580485564491, 20.250003449227723 ], [ -155.690565486261534, 20.24790144948523 ], [ -155.690026485719727, 20.246889449619974 ], [ -155.689397486430579, 20.245623448843769 ], [ -155.689139486238162, 20.245219449113673 ], [ -155.688859485931715, 20.244779449523413 ], [ -155.688058485891702, 20.244442449273254 ], [ -155.687696486296147, 20.24432844941126 ], [ -155.686724486467966, 20.244021449640918 ], [ -155.68485848590467, 20.243685449418575 ], [ -155.683345486326147, 20.243180449510731 ], [ -155.682550486557233, 20.243126449707397 ], [ -155.682102486593578, 20.243096449217035 ], [ -155.680902486153826, 20.242547449086128 ], [ -155.680897485923424, 20.242544448947836 ], [ -155.680892486592342, 20.242542448855652 ], [ -155.680885486269773, 20.242538449570599 ], [ -155.68088148608544, 20.242537449524402 ], [ -155.680599486580149, 20.242408448972746 ], [ -155.679753486265639, 20.242021449116379 ], [ -155.679472485907098, 20.241892449464046 ], [ -155.679342486211709, 20.241832449395741 ], [ -155.677740486130034, 20.241242449167824 ], [ -155.675868486208884, 20.239893449043144 ], [ -155.674440486064469, 20.238712449470963 ], [ -155.672211486780867, 20.237110449376107 ], [ -155.670780486511148, 20.235254449284835 ], [ -155.668817486897183, 20.233652449194476 ], [ -155.666143486893162, 20.231796449981054 ], [ -155.664806486443069, 20.230784449202563 ], [ -155.663557487349408, 20.229856449597332 ], [ -155.662750487053927, 20.228422450071633 ], [ -155.660877487088328, 20.226988449628198 ], [ -155.659450486989925, 20.225807450055825 ], [ -155.658737487410122, 20.225386449534604 ], [ -155.656693487637284, 20.22496544988984 ], [ -155.655181487203748, 20.224544449354848 ], [ -155.653581487210772, 20.224122449671619 ], [ -155.6518044871504, 20.22387044972303 ], [ -155.64949048753644, 20.222774449554461 ], [ -155.648600487892452, 20.222352449883413 ], [ -155.647533487283283, 20.222015449628547 ], [ -155.64681948766065, 20.221425449415655 ], [ -155.64595548741616, 20.221015449398511 ], [ -155.645573487799339, 20.220834450046809 ], [ -155.644591487522064, 20.219906449546738 ], [ -155.643788487396279, 20.219231449913064 ], [ -155.642278487950875, 20.218979449969019 ], [ -155.64147848795352, 20.218810449364298 ], [ -155.640766487518846, 20.21847345001478 ], [ -155.63987748791763, 20.218220450035393 ], [ -155.639252487898887, 20.217714450096434 ], [ -155.63827448779449, 20.217377449842999 ], [ -155.637473487755955, 20.216955450173447 ], [ -155.636138488289077, 20.216365449949787 ], [ -155.634534488123052, 20.215353450065731 ], [ -155.633111488195794, 20.214847450113016 ], [ -155.631865488334427, 20.214256449844758 ], [ -155.630529487925372, 20.21349744992942 ], [ -155.628569488441315, 20.212316449448192 ], [ -155.626520488455668, 20.210967450219087 ], [ -155.625014488309915, 20.209954450290574 ], [ -155.622569488061544, 20.208454449494234 ], [ -155.62086448864747, 20.206861449822206 ], [ -155.618172488705852, 20.205355449644422 ], [ -155.61574848853266, 20.203512450133921 ], [ -155.612876488408091, 20.200997450234599 ], [ -155.610273488985968, 20.198734450257902 ], [ -155.608748488868486, 20.197477449879983 ], [ -155.607401488867964, 20.195882450121825 ], [ -155.606413489232892, 20.193951450179313 ], [ -155.604080488739328, 20.193032450069982 ], [ -155.601837488798367, 20.192029450589043 ], [ -155.599326489087105, 20.191448449859944 ], [ -155.59780148895652, 20.190863449862967 ], [ -155.595109489021212, 20.189021450393501 ], [ -155.592687489834503, 20.187429450754603 ], [ -155.590444489895049, 20.186342450101733 ], [ -155.588022489808935, 20.18475145050887 ], [ -155.585779489866098, 20.183832450400885 ], [ -155.582101489463895, 20.181319450578844 ], [ -155.57985848952103, 20.180400450470792 ], [ -155.578782490293662, 20.18015045062608 ], [ -155.576004489932416, 20.181336450356451 ], [ -155.573763490045479, 20.182267450039834 ], [ -155.570625490188263, 20.182949449927783 ], [ -155.56856349047581, 20.182954450122157 ], [ -155.564886490066726, 20.183133450210551 ], [ -155.561748490212608, 20.183646450406787 ], [ -155.55825149002078, 20.183066449706349 ], [ -155.555830490855044, 20.182736449749981 ], [ -155.552960490780862, 20.182323449559355 ], [ -155.548656490263568, 20.18183045015483 ], [ -155.545786491091945, 20.181249449419187 ], [ -155.54076449076544, 20.180252450165749 ], [ -155.53827649121726, 20.179515449444583 ], [ -155.536818490574007, 20.179084449348537 ], [ -155.531258491543468, 20.177416449750375 ], [ -155.52623649123143, 20.175662449796846 ], [ -155.52121449181692, 20.173992450115712 ], [ -155.517895491752881, 20.172486449925664 ], [ -155.515833492051428, 20.171902449965025 ], [ -155.513860491965374, 20.170813450123411 ], [ -155.512515492035021, 20.170312449502408 ], [ -155.510362491744701, 20.16930744993012 ], [ -155.508390491699714, 20.168471450052778 ], [ -155.505431492019312, 20.168057449814174 ], [ -155.504444492397084, 20.167807449970873 ], [ -155.503009491912422, 20.167474449893213 ], [ -155.501485491820574, 20.167225450086562 ], [ -155.500499492239442, 20.167228449308219 ], [ -155.500011492233, 20.167059449607912 ], [ -155.49837649243068, 20.166311449293868 ], [ -155.496056492523849, 20.16596344940902 ], [ -155.493201492244594, 20.165359449412257 ], [ -155.490078492201576, 20.164839449683356 ], [ -155.486151492870562, 20.164400449175375 ], [ -155.486040492251789, 20.164360449129344 ], [ -155.482051492780045, 20.162947449614219 ], [ -155.478838493083543, 20.162510449210828 ], [ -155.475898492496754, 20.161231449592044 ], [ -155.472242493077459, 20.160201449740757 ], [ -155.469393493094316, 20.158585449886623 ], [ -155.466719493073356, 20.157475449964139 ], [ -155.465030493491753, 20.156117449425626 ], [ -155.462891492945516, 20.155179449342526 ], [ -155.45878649350351, 20.154738449638351 ], [ -155.45459449365697, 20.153875449377136 ], [ -155.450491493417587, 20.15292744969814 ], [ -155.447192493365577, 20.151899449045615 ], [ -155.445595493509927, 20.151442449547556 ], [ -155.443893493311805, 20.150955449564904 ], [ -155.441398493442108, 20.150099449655851 ], [ -155.438191494038108, 20.148818449040423 ], [ -155.436056493689279, 20.147204449290509 ], [ -155.433474494319398, 20.145672449713093 ], [ -155.432876493745084, 20.145210449102834 ], [ -155.431607493729416, 20.144229449751752 ], [ -155.429465493928973, 20.144049449515446 ], [ -155.424469493894321, 20.143266449328014 ], [ -155.422818494249327, 20.142714449049539 ], [ -155.422419494746975, 20.142581449210525 ], [ -155.418141494544699, 20.141125449507097 ], [ -155.414221494658932, 20.139502449310775 ], [ -155.412087494356001, 20.13788844956056 ], [ -155.409769494546993, 20.137201449346147 ], [ -155.405579494798275, 20.135999449654509 ], [ -155.400233494841927, 20.134031449726567 ], [ -155.397561494913987, 20.132836449484799 ], [ -155.394270495254858, 20.130541449816661 ], [ -155.393938495244413, 20.130352449197488 ], [ -155.390977495495207, 20.128667449758701 ], [ -155.387329495565524, 20.126539449683865 ], [ -155.384843495224118, 20.12500644916199 ], [ -155.384622495829547, 20.125006449158082 ], [ -155.383961495939388, 20.12500644914638 ], [ -155.383741495691623, 20.1250064491425 ], [ -155.378527495527038, 20.122868449478421 ], [ -155.377092495952979, 20.121921449891683 ], [ -155.37501449553335, 20.120289449312587 ], [ -155.373593495707439, 20.119231450008215 ], [ -155.373064495614045, 20.118837449833766 ], [ -155.371574496216795, 20.117188449381203 ], [ -155.369716496037029, 20.115956450146772 ], [ -155.3677574965877, 20.115232450032316 ], [ -155.364725496248383, 20.114313449908423 ], [ -155.36232749635812, 20.11315444953085 ], [ -155.359385496569701, 20.112237449500597 ], [ -155.357338496663203, 20.111426449873083 ], [ -155.355114496693943, 20.110525449693323 ], [ -155.352004496366646, 20.109095449408539 ], [ -155.348449497115439, 20.107484449770272 ], [ -155.34597849657348, 20.105558450028372 ], [ -155.343412497043659, 20.103885449349914 ], [ -155.34250049728638, 20.103329449799084 ], [ -155.340224496728496, 20.101942449711203 ], [ -155.337471497565787, 20.100604450073639 ], [ -155.335258497214198, 20.09919444982658 ], [ -155.332229497014396, 20.098190450282988 ], [ -155.332017497136832, 20.098113449429775 ], [ -155.330972497540927, 20.097733449890931 ], [ -155.329735497190484, 20.09728344982171 ], [ -155.327890497601373, 20.096464449828897 ], [ -155.327513497314868, 20.096297450222398 ], [ -155.326852497428973, 20.09607244973736 ], [ -155.325376497754633, 20.095568449874069 ], [ -155.322879497789017, 20.094831450050027 ], [ -155.321497497955022, 20.094112450175839 ], [ -155.3204834979922, 20.093586450206537 ], [ -155.317097497526703, 20.092488449923028 ], [ -155.314432497921558, 20.091237449798225 ], [ -155.312124497682504, 20.090079449467677 ], [ -155.309908498088333, 20.088838449811519 ], [ -155.307616497700991, 20.087001449675785 ], [ -155.306423498486907, 20.086166449856616 ], [ -155.305230498373533, 20.085331450037447 ], [ -155.301685498691739, 20.083294449658318 ], [ -155.301530497844226, 20.083212450374408 ], [ -155.298315498077699, 20.081517449569347 ], [ -155.294755498590121, 20.080160449940671 ], [ -155.291640498925801, 20.078983449619383 ], [ -155.29124649875456, 20.078836450034533 ], [ -155.287012498781564, 20.077260450196871 ], [ -155.284350498416671, 20.075924449752961 ], [ -155.279290499060039, 20.073427449737551 ], [ -155.276359498886734, 20.072084449865539 ], [ -155.271722499218072, 20.070786450237431 ], [ -155.26905049928294, 20.069874450441272 ], [ -155.265308499496484, 20.068681450270596 ], [ -155.261657499409495, 20.067406449920945 ], [ -155.260012499143357, 20.066712450294027 ], [ -155.258457499427521, 20.066057449767488 ], [ -155.254635499559271, 20.064438449754217 ], [ -155.252413499682916, 20.063451450108005 ], [ -155.250014499755707, 20.061780450422543 ], [ -155.249624499774626, 20.061344450113769 ], [ -155.248519500127941, 20.060107449761823 ], [ -155.248436499900322, 20.060066449670064 ], [ -155.247911499988277, 20.059811450503091 ], [ -155.2455155001891, 20.058646449847672 ], [ -155.241273499857982, 20.05649744969076 ], [ -155.237566499911821, 20.054009450113291 ], [ -155.236746499898061, 20.053457449848445 ], [ -155.234123500439551, 20.051693450370674 ], [ -155.228384500383896, 20.048088450556588 ], [ -155.222385500955085, 20.043457450233671 ], [ -155.218146500765329, 20.041138450338071 ], [ -155.215053501218705, 20.0397614506944 ], [ -155.211782501559583, 20.038469450466849 ], [ -155.209489501126399, 20.03658345076985 ], [ -155.206137501355215, 20.034095450298569 ], [ -155.204345501519981, 20.032788450305972 ], [ -155.2040205018329, 20.032551450173159 ], [ -155.202962501650347, 20.031523450457112 ], [ -155.201996501216996, 20.030239450639762 ], [ -155.200592501299923, 20.027929450310371 ], [ -155.197676501816005, 20.026638451034373 ], [ -155.195378502032497, 20.025691450530836 ], [ -155.194392501554802, 20.025476450500165 ], [ -155.193785501457739, 20.025343450656958 ], [ -155.190342501981547, 20.023197450651427 ], [ -155.187872502377729, 20.021566451007704 ], [ -155.184517502459357, 20.019504450376946 ], [ -155.182401502085412, 20.01787545083172 ], [ -155.181264501886602, 20.015480451087406 ], [ -155.177994502274885, 20.014102450494384 ], [ -155.176860502185718, 20.013109450590534 ], [ -155.174773502240697, 20.011895451279393 ], [ -155.173750502774624, 20.01073845101649 ], [ -155.173157502432957, 20.010143450572986 ], [ -155.170832502309082, 20.008948451233458 ], [ -155.168767502476271, 20.007855451202015 ], [ -155.166817502555091, 20.006427451027335 ], [ -155.16432050262361, 20.003928450963045 ], [ -155.162704502828149, 20.001577451438045 ], [ -155.16119850268754, 20.000181450946954 ], [ -155.161072503178616, 20.000004450883999 ], [ -155.159407502875013, 20.00000445085351 ], [ -155.159180503208859, 19.999747450700209 ], [ -155.157500503156967, 19.99761145118671 ], [ -155.155819503013873, 19.997674451360457 ], [ -155.153715503191592, 19.996111451258294 ], [ -155.151072503696128, 19.995018451215994 ], [ -155.146234503774679, 19.992669450824508 ], [ -155.14192550395336, 19.99040545076129 ], [ -155.140344503943084, 19.989484451468055 ], [ -155.137557504147878, 19.986318451245168 ], [ -155.135295504261592, 19.98357045140391 ], [ -155.133991504442406, 19.981987451294017 ], [ -155.132851504071652, 19.981234451654828 ], [ -155.128810504014439, 19.978889451461658 ], [ -155.126881504159826, 19.977552451881845 ], [ -155.123919504393768, 19.974301451336505 ], [ -155.121697504562889, 19.971055451934348 ], [ -155.113599504645094, 19.964668451604471 ], [ -155.106278505477974, 19.957827451955655 ], [ -155.091547505687089, 19.946654452235769 ], [ -155.090032506030184, 19.945284452041978 ], [ -155.086063505718784, 19.941746452643159 ], [ -155.083184506202741, 19.937462452169893 ], [ -155.081810505864581, 19.935418452402498 ], [ -155.079934505773849, 19.933170452220317 ], [ -155.076123506471561, 19.928601452988026 ], [ -155.072679506125894, 19.922768453084259 ], [ -155.071344506709949, 19.919589453186521 ], [ -155.070857506769471, 19.918428452748039 ], [ -155.067465506949389, 19.916071452911158 ], [ -155.066501506595387, 19.915401453501207 ], [ -155.063611506524921, 19.913393453564904 ], [ -155.062766507157789, 19.91280745353059 ], [ -155.062656506585967, 19.912714452841179 ], [ -155.055566507257794, 19.906675453269749 ], [ -155.046825507432516, 19.897707453620232 ], [ -155.041845508284922, 19.889374453618984 ], [ -155.037415508370259, 19.882879453771718 ], [ -155.031634508264631, 19.875003454124769 ], [ -155.033008508645821, 19.875003454150825 ], [ -155.034632507960083, 19.875003454181638 ], [ -155.031536508433078, 19.866092454564754 ], [ -155.030663508841172, 19.857677454459239 ], [ -155.030313509080969, 19.848998455690388 ], [ -155.030292509216054, 19.839466455399698 ], [ -155.03295550900387, 19.828016455826944 ], [ -155.034721509595386, 19.822070456209293 ], [ -155.034762509721077, 19.820466456954154 ], [ -155.034335509876342, 19.818030457129439 ], [ -155.033901509779838, 19.812303456767303 ], [ -155.033891509321563, 19.812179457349441 ], [ -155.033863509837545, 19.811809457389309 ], [ -155.033854509425339, 19.81168645711821 ], [ -155.033748509965534, 19.810284457274189 ], [ -155.033617509387028, 19.807322457502874 ], [ -155.033185510371538, 19.7974764571264 ], [ -155.033300510346947, 19.79422445748871 ], [ -155.033329509902387, 19.793424457503733 ], [ -155.030013509966636, 19.792104457777974 ], [ -155.029928510545915, 19.792070458008482 ], [ -155.026704510354989, 19.79071245743301 ], [ -155.025537510534264, 19.790149457552001 ], [ -155.024325510424035, 19.790229457616928 ], [ -155.013711510392881, 19.790933457469997 ], [ -155.007058510409593, 19.790246457165306 ], [ -155.006087510619921, 19.790152457312217 ], [ -155.000016510481515, 19.789566457175546 ], [ -154.996771511099837, 19.78917345699249 ], [ -154.994734510739846, 19.788927457310233 ], [ -154.987503511138584, 19.786129456862128 ], [ -154.985902511098885, 19.785510457090457 ], [ -154.984521511309282, 19.784805456958097 ], [ -154.977863511153316, 19.781407456756277 ], [ -154.977853511591888, 19.781399457286852 ], [ -154.971320511844851, 19.776018457456225 ], [ -154.963857512428433, 19.769192457581976 ], [ -154.961251511977991, 19.766311457895537 ], [ -154.958742512399141, 19.763537457744782 ], [ -154.956186512451779, 19.76079745736082 ], [ -154.954420512927896, 19.758905457391016 ], [ -154.952444512722252, 19.756787457796548 ], [ -154.950433512752568, 19.75235745780126 ], [ -154.949364512991394, 19.75000245809704 ], [ -154.949158512489078, 19.750002458092986 ], [ -154.948541512826836, 19.750002458080878 ], [ -154.948336512370588, 19.750002458076843 ], [ -154.942443513453611, 19.739711458668687 ], [ -154.940633512846887, 19.735729458633017 ], [ -154.936977513573424, 19.727681458287872 ], [ -154.93186751391994, 19.715471459512635 ], [ -154.92812351425215, 19.70453745929812 ], [ -154.9261485143318, 19.691667459853321 ], [ -154.926453514945877, 19.689647460321684 ], [ -154.927792514810704, 19.680815460825524 ], [ -154.928949515243602, 19.673608460651167 ], [ -154.925470514997357, 19.671861461030968 ], [ -154.92027151552648, 19.669252461231473 ], [ -154.915737515257177, 19.665538460896581 ], [ -154.912726515015635, 19.663072460534604 ], [ -154.911465515368775, 19.662039460579898 ], [ -154.91119751561277, 19.661728460634929 ], [ -154.907201515881553, 19.657094461090729 ], [ -154.905870515717481, 19.655550460973572 ], [ -154.903074515511236, 19.652308460835815 ], [ -154.89711051600608, 19.642796461337262 ], [ -154.89514251625809, 19.636767461413061 ], [ -154.894866516137967, 19.63625246196148 ], [ -154.892239516494357, 19.634477461966767 ], [ -154.884305517012706, 19.625003461479611 ], [ -154.885736516425197, 19.62500346150868 ], [ -154.88679851681502, 19.625003461530259 ], [ -154.883708516543663, 19.621902462486005 ], [ -154.883222516633879, 19.621484462103261 ], [ -154.881442517356533, 19.619954461722116 ], [ -154.87827951729497, 19.617847461708248 ], [ -154.875014517018542, 19.616170461718617 ], [ -154.870136517041658, 19.614153462218916 ], [ -154.862224517541762, 19.610537461831118 ], [ -154.854486517978017, 19.606494462457604 ], [ -154.852938517684947, 19.605778461813042 ], [ -154.848797518402733, 19.603863462530768 ], [ -154.844975518532095, 19.602138462116351 ], [ -154.83992651873001, 19.601708461986714 ], [ -154.835038518294027, 19.59957446159207 ], [ -154.82784151846306, 19.596541461998061 ], [ -154.82223551912935, 19.593313461545979 ], [ -154.814922519420463, 19.587050462418777 ], [ -154.811519519140603, 19.582597462228389 ], [ -154.803342519120321, 19.578728461867083 ], [ -154.797562519855433, 19.575671462094419 ], [ -154.792218520023425, 19.571758462461496 ], [ -154.789005520374758, 19.568746462116664 ], [ -154.787749520079416, 19.566810462824087 ], [ -154.778308520319001, 19.55989846252686 ], [ -154.771696520572846, 19.552517462262461 ], [ -154.769359520825105, 19.549919463023151 ], [ -154.764906520719421, 19.544968463246509 ], [ -154.759347520974956, 19.536465463468382 ], [ -154.757151521569426, 19.527910463162456 ], [ -154.755852522110388, 19.520787463202492 ], [ -154.755841521634409, 19.519447463516222 ], [ -154.755807521956825, 19.515527463668946 ], [ -154.755806521914963, 19.515345464276635 ], [ -154.756128521556434, 19.511599464359723 ], [ -154.756619521815566, 19.506914464350285 ], [ -154.757180522565591, 19.50385846475325 ], [ -154.757888522016515, 19.500003464318961 ], [ -154.758294521845727, 19.50000346432747 ], [ -154.759513522278809, 19.50000346435305 ], [ -154.75992052215409, 19.500003464361587 ], [ -154.762183522320299, 19.492622465179522 ], [ -154.762504522752351, 19.491578464748994 ], [ -154.767916522569948, 19.476304465297066 ], [ -154.770135522461601, 19.470878466257002 ], [ -154.773058522469768, 19.463733466271709 ], [ -154.775765523300919, 19.457116466327403 ], [ -154.781103523170913, 19.447619466845701 ], [ -154.785551523311113, 19.441232467643339 ], [ -154.786146522879363, 19.440379467925048 ], [ -154.79358452328367, 19.432575468251276 ], [ -154.810325522848558, 19.416060469424547 ], [ -154.828285522814042, 19.400894469827978 ], [ -154.842829523513245, 19.389239470946546 ], [ -154.847927522984151, 19.385155470849973 ], [ -154.859687522957273, 19.377636471814942 ], [ -154.864327522865153, 19.375001471920012 ], [ -154.866464523377857, 19.373640472212731 ], [ -154.872877523209439, 19.369559472283893 ], [ -154.875015522868864, 19.368199472622866 ], [ -154.882675522632269, 19.363800472459296 ], [ -154.889042523024813, 19.360395473098922 ], [ -154.895919522757168, 19.352323473662942 ], [ -154.908244522759929, 19.342023474217747 ], [ -154.918919523104961, 19.333487475072193 ], [ -154.927310523340111, 19.326962475001341 ], [ -154.931733523245839, 19.319878476068336 ], [ -154.93967752357355, 19.312837476496579 ], [ -154.949953523444236, 19.307099476755742 ], [ -154.962297523293643, 19.302065477121324 ], [ -154.971469522599563, 19.297842477910368 ], [ -154.980093522713162, 19.294121477534702 ], [ -154.991362522493091, 19.288223478540537 ], [ -154.997456522896726, 19.284557478844853 ], [ -155.000014523058098, 19.282040478948534 ], [ -155.00001452300026, 19.284383478978938 ], [ -155.005463522403204, 19.282650479295409 ], [ -155.010837522853961, 19.280575479141778 ], [ -155.018004522333854, 19.2777524796393 ], [ -155.018522522834019, 19.277530479315207 ], [ -155.026156522267314, 19.274256479728884 ], [ -155.031741522561163, 19.271772479622474 ], [ -155.032338522207226, 19.271507480017025 ], [ -155.040397522324639, 19.269035480518905 ], [ -155.046931522271933, 19.267485480298561 ], [ -155.049167521922953, 19.26725448049763 ], [ -155.052305521826611, 19.265239480361398 ], [ -155.056163521670754, 19.262120480638401 ], [ -155.061453521886079, 19.258419481113044 ], [ -155.067545522181774, 19.255326481738997 ], [ -155.070671521502561, 19.254501481570756 ], [ -155.072826521924696, 19.25393348153014 ], [ -155.076404521382642, 19.253631482085677 ], [ -155.079353521505823, 19.254091481761478 ], [ -155.083203521904323, 19.25000348236086 ], [ -155.080112521519624, 19.250003482291429 ], [ -155.079045521825407, 19.248969482292438 ], [ -155.085373522217253, 19.245469482159233 ], [ -155.090401522020954, 19.242799482465738 ], [ -155.105524521443385, 19.234273482995981 ], [ -155.112585521413166, 19.232145483139206 ], [ -155.116320521842937, 19.230605483318406 ], [ -155.120024521756278, 19.228535483360321 ], [ -155.123343521878894, 19.227699483589667 ], [ -155.125014521580738, 19.22689048412639 ], [ -155.129610521199453, 19.226482484318549 ], [ -155.132286521366041, 19.22544648431213 ], [ -155.140890521441662, 19.222120484155056 ], [ -155.149868520749123, 19.219612484821624 ], [ -155.161315520515529, 19.218378484885129 ], [ -155.169972520377513, 19.213361485962487 ], [ -155.170300521111955, 19.213171485310173 ], [ -155.175631520468897, 19.21138948606826 ], [ -155.182112520664106, 19.209957485890712 ] ] ], [ [ [ -160.267242293289087, 21.750003420088511 ], [ -160.271083293036725, 21.752069419920407 ], [ -160.278225292819059, 21.757784419616289 ], [ -160.286512292203014, 21.770703419152881 ], [ -160.293467291424065, 21.779973417945296 ], [ -160.298540291169957, 21.790503417173124 ], [ -160.30154829108389, 21.804155416227868 ], [ -160.303835290141279, 21.819581415113053 ], [ -160.304518289981417, 21.83262641407612 ], [ -160.304317290519435, 21.841179413958308 ], [ -160.305021290521211, 21.845925413939618 ], [ -160.304374290307351, 21.853798413086636 ], [ -160.302385290329227, 21.86149441216546 ], [ -160.300857290064215, 21.863687412394277 ], [ -160.298070290235671, 21.86799141177719 ], [ -160.296904290449561, 21.871014411552565 ], [ -160.297128289963183, 21.87222041132199 ], [ -160.297538289949387, 21.873578411796117 ], [ -160.297296290477192, 21.875003410852166 ], [ -160.296662290034277, 21.876445411586555 ], [ -160.293388290220918, 21.883896410165427 ], [ -160.290375290763222, 21.889182409792657 ], [ -160.288624290055708, 21.897189409703248 ], [ -160.285911290861748, 21.908674408756443 ], [ -160.279961290937393, 21.9206414074885 ], [ -160.272575290554897, 21.92875240674006 ], [ -160.264739291036989, 21.935895406386518 ], [ -160.250015291684917, 21.942509405896768 ], [ -160.248722291471978, 21.943011405615142 ], [ -160.242675292592708, 21.943872405631158 ], [ -160.234247292753139, 21.953880404981422 ], [ -160.222736292978908, 21.964556403583973 ], [ -160.211297293847281, 21.972918403567789 ], [ -160.199514294157296, 21.981281402696172 ], [ -160.189173294371358, 21.986996402228879 ], [ -160.174025295290505, 21.991482401792133 ], [ -160.172762295499439, 21.997944400725476 ], [ -160.172198294678367, 22.000003401090932 ], [ -160.169724294843917, 22.008015400331406 ], [ -160.165845294997752, 22.020067399407449 ], [ -160.161991295481016, 22.024449398780011 ], [ -160.159558295650157, 22.041328397978482 ], [ -160.151447295937572, 22.060518396511455 ], [ -160.14043029551965, 22.073325395217026 ], [ -160.129068296362561, 22.07923739482473 ], [ -160.125016296742643, 22.081138394182382 ], [ -160.123836296339675, 22.08155939467024 ], [ -160.121952296783434, 22.08172339411146 ], [ -160.119219296783172, 22.08235039417848 ], [ -160.112638297585846, 22.082922394379125 ], [ -160.100321297662077, 22.082500394632088 ], [ -160.085906298242548, 22.079391394360503 ], [ -160.075163298899014, 22.07699739466339 ], [ -160.063475300107228, 22.072679394507158 ], [ -160.056736299971874, 22.068348394692652 ], [ -160.044807300957501, 22.054892395583551 ], [ -160.042231301052226, 22.049541396504363 ], [ -160.037200301356648, 22.045316396187534 ], [ -160.027183302220124, 22.038861396576003 ], [ -160.018302302378885, 22.030013397411157 ], [ -160.011702302409361, 22.019787397771395 ], [ -160.008371302804051, 22.013796398894662 ], [ -160.004535303326549, 22.006895398584323 ], [ -160.003569302941884, 22.00198139895323 ], [ -160.002812303162642, 22.000003399605813 ], [ -160.002277303714266, 21.99836739981895 ], [ -160.001240303626531, 21.996413399775395 ], [ -160.000390303150112, 21.995450399496015 ], [ -160.000014303818972, 21.995091400050601 ], [ -159.997219303690713, 21.992513400039492 ], [ -159.996288304014115, 21.98812840048307 ], [ -159.995889303647743, 21.985371400345198 ], [ -159.995905303499626, 21.983981400198328 ], [ -159.995639303854915, 21.982144401051762 ], [ -159.995899304160815, 21.980212401133109 ], [ -159.99623130417865, 21.979027400535138 ], [ -159.997519304190206, 21.975839401252305 ], [ -160.000014304060215, 21.971332401505041 ], [ -160.000087303856617, 21.968328401690055 ], [ -160.000013304047229, 21.968105401314507 ], [ -160.006205303428231, 21.956578403038495 ], [ -160.014153303649863, 21.946389403431084 ], [ -160.021531302753971, 21.940111404026162 ], [ -160.027516302465443, 21.931217404671649 ], [ -160.02587030315911, 21.92385040540713 ], [ -160.022437303421697, 21.911578406018382 ], [ -160.022922303442044, 21.896462407022135 ], [ -160.024904303138953, 21.884980408083635 ], [ -160.028976303772083, 21.875003408311464 ], [ -160.028810303319602, 21.875002409163187 ], [ -160.028315302999545, 21.8750014091125 ], [ -160.028150303492367, 21.875001409110951 ], [ -160.031046302964199, 21.869367409640077 ], [ -160.037256303131159, 21.862372409590584 ], [ -160.042722303174884, 21.857560410219872 ], [ -160.046418302602262, 21.854308410712559 ], [ -160.059422301902458, 21.845597410861181 ], [ -160.069539302161616, 21.840971412006237 ], [ -160.082432300815498, 21.834855412025057 ], [ -160.092996300984879, 21.829895413086046 ], [ -160.104114300559786, 21.82803541299144 ], [ -160.108451299809445, 21.827310412928075 ], [ -160.122029299397781, 21.824963412918422 ], [ -160.125014299351648, 21.821210413721658 ], [ -160.130068299320158, 21.814656414185183 ], [ -160.13502529931327, 21.808439414875689 ], [ -160.138375298999478, 21.804239414887469 ], [ -160.141953298408453, 21.799029415164132 ], [ -160.143975299056166, 21.787424415966235 ], [ -160.147377298450891, 21.782298416511804 ], [ -160.14855229870227, 21.775066417198111 ], [ -160.151824298474594, 21.763802418424984 ], [ -160.152070299024814, 21.762958418239052 ], [ -160.155289298991079, 21.757158418328146 ], [ -160.160264298027244, 21.750003419001249 ], [ -160.170324298424305, 21.739554420050688 ], [ -160.177336297731131, 21.735557420454946 ], [ -160.178778297615168, 21.735002420097636 ], [ -160.186209297324325, 21.73214942101739 ], [ -160.198006296703198, 21.729830421387412 ], [ -160.208295295853048, 21.728244421316397 ], [ -160.21831529607519, 21.728800420938075 ], [ -160.22886329540168, 21.732492421059337 ], [ -160.23888129460417, 21.735357420870148 ], [ -160.248252294560928, 21.739726420672262 ], [ -160.250014293880838, 21.740548420764643 ], [ -160.258946293423719, 21.742837421023562 ], [ -160.26579229308831, 21.74618342046373 ], [ -160.269520293005996, 21.750003420111693 ], [ -160.269064292684419, 21.75000342010706 ], [ -160.267697292665247, 21.750003420093147 ], [ -160.267242293289087, 21.750003420088511 ] ] ], [ [ [ -159.386106334093114, 21.847099404377843 ], [ -159.390587333721953, 21.844154404612716 ], [ -159.398163332971563, 21.838851405118938 ], [ -159.402964332956969, 21.835598405564266 ], [ -159.403914332663931, 21.834956405689521 ], [ -159.410586332510775, 21.831788405570119 ], [ -159.432867332094361, 21.82077440675236 ], [ -159.444013331211835, 21.817792407147302 ], [ -159.449539331290538, 21.817439407133961 ], [ -159.453753331171981, 21.817803407747011 ], [ -159.460164330635649, 21.819072407784141 ], [ -159.462486330585705, 21.819532407403543 ], [ -159.470203329950465, 21.821837407491991 ], [ -159.476676329564697, 21.823771407572632 ], [ -159.479754329263983, 21.824761407321464 ], [ -159.493503328607375, 21.829183406918727 ], [ -159.500014329058985, 21.832325406863916 ], [ -159.500014329056285, 21.832573406591951 ], [ -159.500014329048156, 21.833319406767473 ], [ -159.500014329045456, 21.833568406541527 ], [ -159.500747328640585, 21.833547406480843 ], [ -159.502947328371221, 21.833485406344924 ], [ -159.503681328911739, 21.833465406330323 ], [ -159.506282328230668, 21.833392406591013 ], [ -159.506388328617277, 21.833410406521534 ], [ -159.511500328493383, 21.83430340721894 ], [ -159.514421328160978, 21.834631407060979 ], [ -159.517114328116833, 21.83493540669517 ], [ -159.518254327574795, 21.83506340720378 ], [ -159.521799327226375, 21.834022406968629 ], [ -159.522970327218303, 21.83367940737406 ], [ -159.529652327489998, 21.833421407249155 ], [ -159.536234326741265, 21.834127407443937 ], [ -159.537668327152829, 21.834281407353931 ], [ -159.541012326519194, 21.834898407017164 ], [ -159.545044327002984, 21.835641407092691 ], [ -159.545487326725919, 21.835774406925609 ], [ -159.550610326201337, 21.837318407021236 ], [ -159.55599432600718, 21.839078407172412 ], [ -159.558616326286284, 21.839612406604193 ], [ -159.560850325778318, 21.840068406937476 ], [ -159.563087325408532, 21.840528406555549 ], [ -159.565490325491311, 21.841021406795399 ], [ -159.572702324978309, 21.842503406753718 ], [ -159.575106325106987, 21.842997407039565 ], [ -159.577487325075481, 21.843486407094971 ], [ -159.579312324611919, 21.843833406901954 ], [ -159.58792132460357, 21.845473406953783 ], [ -159.591625324375173, 21.845262407165965 ], [ -159.592011324172177, 21.845194406736496 ], [ -159.595245323878771, 21.844626406694069 ], [ -159.596228324201064, 21.844412406742379 ], [ -159.59968332419831, 21.843661407269106 ], [ -159.605286323324947, 21.84313340729231 ], [ -159.612419323686424, 21.842876407217709 ], [ -159.61926632345228, 21.84354840674828 ], [ -159.624323322596638, 21.84385140725789 ], [ -159.624783323103685, 21.84387740756009 ], [ -159.625014322952239, 21.844018406859995 ], [ -159.631273322586992, 21.846691406789109 ], [ -159.636548321850825, 21.849819406974571 ], [ -159.642012321724053, 21.853281406352686 ], [ -159.645752321324153, 21.855867406748281 ], [ -159.657701321328517, 21.864025405674536 ], [ -159.661125320759197, 21.866669406039314 ], [ -159.662673321014495, 21.867865406264141 ], [ -159.664221320370473, 21.869060405543539 ], [ -159.665744320373562, 21.870236405746546 ], [ -159.666849320908455, 21.871090405508525 ], [ -159.670282320752904, 21.873808405683103 ], [ -159.671792320156896, 21.875003404962044 ], [ -159.672024320052998, 21.875003404964204 ], [ -159.672722319833412, 21.875003404970712 ], [ -159.672955320674902, 21.87500340497288 ], [ -159.674286319927404, 21.876110405594254 ], [ -159.678280319529534, 21.879431404760179 ], [ -159.679520319986523, 21.880463405524562 ], [ -159.67959431979736, 21.880556405310763 ], [ -159.680788319928865, 21.882050404864042 ], [ -159.68437031942409, 21.886534404515256 ], [ -159.685564319555596, 21.888029405013796 ], [ -159.68790231931456, 21.890956404009003 ], [ -159.689818319438842, 21.891876404119142 ], [ -159.697691318771348, 21.895658403862097 ], [ -159.704466318760922, 21.901403404046849 ], [ -159.708946318264168, 21.905201403595353 ], [ -159.70957631850348, 21.905735403906952 ], [ -159.711469318460161, 21.907340403181134 ], [ -159.7117283177991, 21.907560403420682 ], [ -159.712214317704962, 21.907600403468219 ], [ -159.717127317406408, 21.908004403229192 ], [ -159.71845231819151, 21.908113403763526 ], [ -159.731563316919846, 21.911168403354118 ], [ -159.735858316922531, 21.912169403617842 ], [ -159.736322316712062, 21.91240640374264 ], [ -159.738172316493149, 21.913351403204189 ], [ -159.743722316735671, 21.916189403525497 ], [ -159.745573316562769, 21.917135403032994 ], [ -159.750014316083281, 21.919405403271469 ], [ -159.762089315592561, 21.92759940204887 ], [ -159.768280314802979, 21.928940402695627 ], [ -159.775284314592597, 21.930458402506201 ], [ -159.791681314455559, 21.938799401793844 ], [ -159.793615313608939, 21.939783402151967 ], [ -159.808619313100564, 21.952905401225124 ], [ -159.819849312257503, 21.970249399504556 ], [ -159.82540131164285, 21.977856399069431 ], [ -159.833751311284686, 21.989298398967044 ], [ -159.838598311436499, 22.000003398174115 ], [ -159.839603310969949, 22.000003398182852 ], [ -159.842618311368938, 22.000003398209078 ], [ -159.843623310902387, 22.000003398217821 ], [ -159.847773310443245, 22.008528397767954 ], [ -159.850059310454554, 22.016489396514288 ], [ -159.850973310187214, 22.027150396357833 ], [ -159.850966310760953, 22.027462396334091 ], [ -159.850692310600294, 22.040593394780526 ], [ -159.847137310386557, 22.052873394486124 ], [ -159.848105309947584, 22.059763393371128 ], [ -159.848138310412111, 22.07607639263879 ], [ -159.837737310427343, 22.094229391104431 ], [ -159.825997310877341, 22.105424390250711 ], [ -159.821139310967368, 22.110058389536707 ], [ -159.804908311335623, 22.125003388641183 ], [ -159.804151311535662, 22.125003388635118 ], [ -159.801882311328711, 22.125003388616957 ], [ -159.801126311574848, 22.125003388610907 ], [ -159.800571312076926, 22.126143388935148 ], [ -159.79781131168906, 22.130980388592565 ], [ -159.794020312379416, 22.134625388216925 ], [ -159.794065311737626, 22.136475387961791 ], [ -159.793399311590974, 22.141102387859512 ], [ -159.793329311958985, 22.141593387083837 ], [ -159.793171311847289, 22.144617386922597 ], [ -159.792037311702842, 22.151663386679409 ], [ -159.791680312335131, 22.15260538688192 ], [ -159.78884031183577, 22.160108386083532 ], [ -159.783371312532438, 22.167512385203278 ], [ -159.777290312017527, 22.174655384891821 ], [ -159.7728143126036, 22.18106338402615 ], [ -159.765644313186556, 22.18770238388365 ], [ -159.763428312704747, 22.189755383965 ], [ -159.750014313408911, 22.197721382822163 ], [ -159.750014313393791, 22.199452382483692 ], [ -159.727558314835079, 22.207160381985222 ], [ -159.708006315173378, 22.213184381314566 ], [ -159.691172315703227, 22.220989380831217 ], [ -159.677266316237137, 22.227111380220908 ], [ -159.672421316931747, 22.231086379747612 ], [ -159.672106316807685, 22.231268380031388 ], [ -159.663185317656286, 22.238564379555363 ], [ -159.65346831781784, 22.244569378986693 ], [ -159.645618317678299, 22.247768378735199 ], [ -159.641800318035877, 22.250003378193679 ], [ -159.640016318586675, 22.250003378180686 ], [ -159.625014318928834, 22.263301377028174 ], [ -159.625014318941197, 22.261814377808435 ], [ -159.619205319282997, 22.266840377159188 ], [ -159.612966319597149, 22.272238376548447 ], [ -159.604936319261384, 22.27503237653546 ], [ -159.596403320032834, 22.278002376529003 ], [ -159.583004320570836, 22.279991376284986 ], [ -159.574897321181908, 22.282953375913767 ], [ -159.561355321441852, 22.282975375931603 ], [ -159.555854321623315, 22.28301637598188 ], [ -159.547456322340565, 22.283079375225974 ], [ -159.539764322334634, 22.279823375437445 ], [ -159.537998322820556, 22.279075376057179 ], [ -159.533576323263134, 22.277204376211337 ], [ -159.532642322503875, 22.277025376056656 ], [ -159.530759322992395, 22.276664375608988 ], [ -159.528004322879866, 22.27613637555956 ], [ -159.524668322981483, 22.275497375790994 ], [ -159.519800323535918, 22.276710375850595 ], [ -159.517079324080356, 22.27738937561935 ], [ -159.515421324136156, 22.277802375738275 ], [ -159.507701323677225, 22.282011375232109 ], [ -159.506840324477025, 22.282481375283322 ], [ -159.500014324758808, 22.283718375535198 ], [ -159.484057325253389, 22.285919375143919 ], [ -159.476598325165099, 22.285366374809684 ], [ -159.466126325665073, 22.284590374978009 ], [ -159.46074332588762, 22.284190374508587 ], [ -159.456835326612918, 22.283901374663902 ], [ -159.444649327293888, 22.282448375123888 ], [ -159.439784327099773, 22.281868374463816 ], [ -159.439348326800285, 22.281630375193199 ], [ -159.43276932770641, 22.278038375228078 ], [ -159.422159328080312, 22.284786374700488 ], [ -159.414046328404822, 22.288172374070523 ], [ -159.412427328455664, 22.288849373755532 ], [ -159.402934329069211, 22.290476373960978 ], [ -159.389687329441756, 22.287510373994994 ], [ -159.379803330074253, 22.283298374236171 ], [ -159.375014329801814, 22.28034137474322 ], [ -159.355701331361246, 22.269657375485483 ], [ -159.334266332222882, 22.266473375313776 ], [ -159.332954332039094, 22.265728375174682 ], [ -159.320905332772696, 22.258885375660252 ], [ -159.308812333294185, 22.250003375786662 ], [ -159.307080333552761, 22.248409376121611 ], [ -159.301884333429115, 22.243627376226907 ], [ -159.300153333733704, 22.242034376607766 ], [ -159.299956333652517, 22.241853376365949 ], [ -159.2997603336174, 22.241672377023395 ], [ -159.298142333731192, 22.240183376797912 ], [ -159.296523333798916, 22.238693376526342 ], [ -159.293569334428213, 22.235683377301658 ], [ -159.291339334230486, 22.233623376859697 ], [ -159.27940933510439, 22.220218378260103 ], [ -159.26553133529012, 22.20391837854104 ], [ -159.259543335613984, 22.191764380028893 ], [ -159.253636336065028, 22.18051738011285 ], [ -159.250014336511214, 22.175778380407806 ], [ -159.245793336377659, 22.166811381167424 ], [ -159.243931337101515, 22.147215382649378 ], [ -159.242748337555327, 22.13632838315602 ], [ -159.24216833699802, 22.127033384127824 ], [ -159.241841337239578, 22.125003384180729 ], [ -159.24194033735921, 22.118904384832842 ], [ -159.242627337597668, 22.111869385557732 ], [ -159.245034337068006, 22.101655385605184 ], [ -159.247058337751724, 22.094456385983769 ], [ -159.248809337521976, 22.090243386258305 ], [ -159.250014337306339, 22.087345386824754 ], [ -159.250014337335983, 22.084149387149598 ], [ -159.259026337145201, 22.072936388015666 ], [ -159.260709337390352, 22.067660387906237 ], [ -159.261783337439454, 22.064291388367849 ], [ -159.26469533678582, 22.055166389102318 ], [ -159.265081336591777, 22.054212389244125 ], [ -159.266408336605053, 22.050935389447609 ], [ -159.267592337221458, 22.048010389670374 ], [ -159.270382337221861, 22.041121389941612 ], [ -159.271355337099777, 22.039338390586877 ], [ -159.272868336684411, 22.036570390847181 ], [ -159.276105336585289, 22.030643391352118 ], [ -159.276651336568534, 22.029645391268016 ], [ -159.280097336202061, 22.024115391169495 ], [ -159.282608336810199, 22.020237391588491 ], [ -159.283725336127418, 22.018504391839556 ], [ -159.28209833676857, 22.01280939219469 ], [ -159.280931337003011, 22.008722392851606 ], [ -159.28059233669768, 22.006243392914037 ], [ -159.280420336879644, 22.004989392727207 ], [ -159.279907336664479, 22.00122839311215 ], [ -159.279901336388491, 22.001184392884696 ], [ -159.280210337146116, 22.000003393365397 ], [ -159.280244336924937, 21.998876393632223 ], [ -159.280350336445736, 21.995496393579597 ], [ -159.280386337216072, 21.994370393892535 ], [ -159.280543337304209, 21.989336394122162 ], [ -159.281033336531266, 21.985824394289953 ], [ -159.28160033661328, 21.981771394728398 ], [ -159.279236337583285, 21.965299395261773 ], [ -159.27971633726429, 21.96030939572147 ], [ -159.28011033747083, 21.956229395814439 ], [ -159.281291337065483, 21.951905396370197 ], [ -159.284368336846825, 21.940640397494185 ], [ -159.289652336645588, 21.933113398089219 ], [ -159.29167833738444, 21.930228398363482 ], [ -159.29283733683809, 21.928577397894529 ], [ -159.303093336421142, 21.916480399444268 ], [ -159.307992336472637, 21.908676399872828 ], [ -159.320128336316401, 21.898303400785451 ], [ -159.330840335269443, 21.891478401381175 ], [ -159.333748335261021, 21.889839401481332 ], [ -159.339769335696502, 21.88644740183031 ], [ -159.342345334830384, 21.88019440171119 ], [ -159.347335335450197, 21.875003401952004 ], [ -159.348722334615161, 21.873463402100448 ], [ -159.34942633468151, 21.872683402163961 ], [ -159.352677335201633, 21.869637403131517 ], [ -159.353242335155755, 21.869201402845803 ], [ -159.354885334420686, 21.867936403068811 ], [ -159.355705334433679, 21.867304402753678 ], [ -159.356525334446701, 21.866672403337869 ], [ -159.357793334418574, 21.865695403328846 ], [ -159.36275933480519, 21.863025403639448 ], [ -159.368183334704781, 21.860681403676942 ], [ -159.371196334138062, 21.858994403367259 ], [ -159.373483334301937, 21.856987403604709 ], [ -159.37501433380703, 21.855331403809391 ], [ -159.375014333816608, 21.854437404013211 ], [ -159.381952334243095, 21.849828404092857 ], [ -159.386106334093114, 21.847099404377843 ] ] ], [ [ [ -157.752687406328079, 21.327829420688474 ], [ -157.752831405768461, 21.327865421448823 ], [ -157.752861406251327, 21.327876421056448 ], [ -157.752908405718728, 21.32790442144724 ], [ -157.752961406361976, 21.327926420662443 ], [ -157.75303740626606, 21.327975421121398 ], [ -157.753113406169945, 21.328041420564684 ], [ -157.753172406189663, 21.328113421183364 ], [ -157.753190406119018, 21.328168421018667 ], [ -157.753213406278945, 21.328212421246736 ], [ -157.753248406092183, 21.328278420689482 ], [ -157.753284405951547, 21.328344421031627 ], [ -157.753313406387832, 21.32839442063673 ], [ -157.753354405578364, 21.328449421371616 ], [ -157.753413405598224, 21.328515420814693 ], [ -157.753466406241131, 21.328564421273366 ], [ -157.753613405819152, 21.328642421270111 ], [ -157.753684405493203, 21.328663421338764 ], [ -157.753748405744062, 21.328680421223169 ], [ -157.75381340604099, 21.328702421337837 ], [ -157.753883405668859, 21.328730420829533 ], [ -157.753960405619381, 21.328752420944333 ], [ -157.754001405709658, 21.328774421058718 ], [ -157.754082405843945, 21.328842420594139 ], [ -157.754101405819569, 21.328879421399058 ], [ -157.754148406185976, 21.328934421234734 ], [ -157.754173405538836, 21.3289674209562 ], [ -157.754226406181431, 21.329037420583365 ], [ -157.754237405788729, 21.329060420743492 ], [ -157.754248406295289, 21.329082420857475 ], [ -157.754289405485821, 21.329137420693026 ], [ -157.754330405575928, 21.329175420644972 ], [ -157.754412405756653, 21.32920942131253 ], [ -157.754477406053667, 21.329225421150841 ], [ -157.754554406004161, 21.329248421311696 ], [ -157.754580406302722, 21.329262421057425 ], [ -157.754834406312796, 21.329476421023742 ], [ -157.75491240630754, 21.329638421291016 ], [ -157.755083406089824, 21.329891421253819 ], [ -157.755212405736046, 21.330095420758116 ], [ -157.755336406051327, 21.33028842065497 ], [ -157.75551240606535, 21.330442420554991 ], [ -157.755641405712851, 21.330552421125965 ], [ -157.755800405843758, 21.330634421307117 ], [ -157.755958405929192, 21.330673421306475 ], [ -157.756123405438018, 21.330700420753221 ], [ -157.756276406192143, 21.330756420636188 ], [ -157.756529406158108, 21.330822420980823 ], [ -157.756746405364794, 21.330871420542099 ], [ -157.756928405657163, 21.33088242105088 ], [ -157.757093406065366, 21.330904421166654 ], [ -157.757346406031928, 21.330926421283539 ], [ -157.757557405861746, 21.330953420730886 ], [ -157.757675405902575, 21.330997420960028 ], [ -157.75776940573661, 21.331058421072548 ], [ -157.757949405935449, 21.331170420836923 ], [ -157.758117405581288, 21.33128942092355 ], [ -157.758257405735804, 21.331388420988066 ], [ -157.758439406026127, 21.331553420495428 ], [ -157.758545405513189, 21.331658420835822 ], [ -157.758645405623383, 21.331741421062315 ], [ -157.758739405457618, 21.331785421291222 ], [ -157.758845405844937, 21.331823421243939 ], [ -157.758921405749277, 21.331851420735688 ], [ -157.759062405951141, 21.331856420967654 ], [ -157.759404405524862, 21.331675420729564 ], [ -157.760188405677525, 21.331718420920474 ], [ -157.760270405858506, 21.331735420805035 ], [ -157.761170405960968, 21.331735420815605 ], [ -157.76267040583204, 21.331735420833191 ], [ -157.762981405772109, 21.331838421083937 ], [ -157.763870405363775, 21.332135421282917 ], [ -157.765870405791276, 21.332135421306383 ], [ -157.767070405327047, 21.332235420530051 ], [ -157.767097405671876, 21.332235420530363 ], [ -157.768170405652086, 21.332235420542958 ], [ -157.769270405073797, 21.332535420882589 ], [ -157.771570404927928, 21.333135420663705 ], [ -157.772970405573489, 21.334135420869941 ], [ -157.774270405211126, 21.334935420857114 ], [ -157.775570404850129, 21.335635420735368 ], [ -157.775950405273079, 21.33563542073982 ], [ -157.77747040516627, 21.335635420757633 ], [ -157.779170405257076, 21.335835420995355 ], [ -157.780770405233937, 21.336235420550402 ], [ -157.781954404923482, 21.336945420887808 ], [ -157.78227040509276, 21.337135420648767 ], [ -157.782670404631972, 21.337635421197962 ], [ -157.783870405056234, 21.338535420393487 ], [ -157.784670405042021, 21.338935420838446 ], [ -157.785170404688529, 21.33973542081619 ], [ -157.786170404891521, 21.340535420799764 ], [ -157.787170404197866, 21.3411354205656 ], [ -157.787445404270301, 21.341795420388184 ], [ -157.78767040473835, 21.342335420978905 ], [ -157.788070404274947, 21.343034420800464 ], [ -157.788070404272361, 21.343229420788013 ], [ -157.788070404265653, 21.343734420663484 ], [ -157.788070404254995, 21.344534420635359 ], [ -157.788370404566308, 21.346234420691477 ], [ -157.78849440397957, 21.346632420137077 ], [ -157.788643404536799, 21.347632420328477 ], [ -157.788658404327407, 21.347727420207303 ], [ -157.788617404223601, 21.348723420212281 ], [ -157.789197403952642, 21.350017420459039 ], [ -157.788992404377808, 21.351610420078011 ], [ -157.789001403891035, 21.351777419675418 ], [ -157.789085404145482, 21.353203419700431 ], [ -157.788553403898902, 21.354276419648652 ], [ -157.788304404104764, 21.355155419658718 ], [ -157.788269404278168, 21.356097419874729 ], [ -157.788265404092073, 21.356232419796871 ], [ -157.788540404155214, 21.357600419850861 ], [ -157.7885074044178, 21.358774419959811 ], [ -157.788640404243267, 21.359360419969988 ], [ -157.788650403802166, 21.359555419957601 ], [ -157.789394403877225, 21.362097419227066 ], [ -157.790616404402158, 21.364046419070309 ], [ -157.791144404443912, 21.364523419460934 ], [ -157.791688404323423, 21.365016419689326 ], [ -157.793702403581904, 21.36616941885471 ], [ -157.793806403876744, 21.3662264187831 ], [ -157.793859403620587, 21.366256419266033 ], [ -157.794118403861972, 21.366400419605718 ], [ -157.794222404156869, 21.366458419580145 ], [ -157.797333403606643, 21.367253419357645 ], [ -157.797426403395121, 21.367277419564697 ], [ -157.801201403771103, 21.367512419639336 ], [ -157.805354403576928, 21.367861419572684 ], [ -157.806297403860128, 21.367995419459699 ], [ -157.806934403534541, 21.368017419580955 ], [ -157.807336403172343, 21.368032419377069 ], [ -157.807974403781401, 21.368870419307651 ], [ -157.809669403638111, 21.369333419066947 ], [ -157.810388403480459, 21.370358419516833 ], [ -157.810360403077823, 21.371251419274763 ], [ -157.810321403063, 21.372500419240307 ], [ -157.810557403132492, 21.373510418993771 ], [ -157.810750403021615, 21.37433941850469 ], [ -157.810769402981748, 21.375563419118212 ], [ -157.811994402756312, 21.376695419105804 ], [ -157.812281403386692, 21.376984418929158 ], [ -157.812811403519817, 21.377518418347542 ], [ -157.81342840316114, 21.378365418692304 ], [ -157.813632402665007, 21.37864541899954 ], [ -157.815304403250053, 21.379908418730185 ], [ -157.815562403445171, 21.380064418723123 ], [ -157.818650402720124, 21.381939418776557 ], [ -157.821977403122474, 21.383266418775669 ], [ -157.822002402475675, 21.383276418337164 ], [ -157.822686402504559, 21.384254418420557 ], [ -157.823569402712536, 21.385033418334547 ], [ -157.823689402840841, 21.385433418771417 ], [ -157.824049402326438, 21.386632418237365 ], [ -157.824169402454743, 21.387033418720264 ], [ -157.824269402564738, 21.387133417930979 ], [ -157.82483340246219, 21.387949418645974 ], [ -157.82516840260385, 21.388433418457293 ], [ -157.824568402815913, 21.389933418284965 ], [ -157.824968402355239, 21.390433417934577 ], [ -157.825046402344896, 21.390985418176715 ], [ -157.82506840245739, 21.391133417798514 ], [ -157.825468402890777, 21.392033417883614 ], [ -157.82516040218033, 21.392648418324853 ], [ -157.8248684022075, 21.393233418283916 ], [ -157.824768402090996, 21.393633417818958 ], [ -157.824268402424821, 21.394333417676041 ], [ -157.824234402655065, 21.394465417459646 ], [ -157.82406840219187, 21.395133417645432 ], [ -157.824968402287539, 21.395633418200052 ], [ -157.826616402680088, 21.395816417653673 ], [ -157.82676840248925, 21.395833417539009 ], [ -157.828468402577073, 21.396233417993905 ], [ -157.829268402558853, 21.39693341786581 ], [ -157.829868402307653, 21.398433417707054 ], [ -157.830968402625842, 21.398933417364606 ], [ -157.833137401837746, 21.399627417875024 ], [ -157.83346840179999, 21.399733417364676 ], [ -157.835739402116218, 21.400300417423257 ], [ -157.836366402224769, 21.400652417453859 ], [ -157.837332401763746, 21.40119541729154 ], [ -157.838273401950289, 21.401667417456395 ], [ -157.838917401943235, 21.401990417950252 ], [ -157.839031401796746, 21.402261417841874 ], [ -157.839200401488426, 21.402395417719898 ], [ -157.839594401656967, 21.402402417147428 ], [ -157.839772401764321, 21.40245841792985 ], [ -157.839663402135102, 21.402656417154947 ], [ -157.839525402069143, 21.402836417349292 ], [ -157.839510402276431, 21.402904417782867 ], [ -157.839156402152099, 21.402921417662494 ], [ -157.839077402108472, 21.402975417450545 ], [ -157.839075402014061, 21.403150417416242 ], [ -157.838996401971542, 21.403117417694197 ], [ -157.838767402211175, 21.40313041739099 ], [ -157.838693401498801, 21.403172417525798 ], [ -157.83868640207217, 21.403433417854828 ], [ -157.838677401652461, 21.403818417599336 ], [ -157.838516401338836, 21.410742417221279 ], [ -157.838337402080811, 21.410985416719399 ], [ -157.838251401713819, 21.411102416710882 ], [ -157.838210401622518, 21.411158416591508 ], [ -157.837753402142596, 21.411596416973232 ], [ -157.837203401975927, 21.411932417152922 ], [ -157.837068402049255, 21.412032417260249 ], [ -157.836961401614474, 21.412104416977737 ], [ -157.836776402081512, 21.41223041648329 ], [ -157.836660402130889, 21.412342417143517 ], [ -157.836568401487767, 21.412432416790736 ], [ -157.836515401740286, 21.412686416796866 ], [ -157.836501401993587, 21.412756416423278 ], [ -157.836685401474824, 21.413069416451346 ], [ -157.836750401771582, 21.413101417026507 ], [ -157.837783401700193, 21.413618416566781 ], [ -157.837997401662989, 21.41404941663372 ], [ -157.837997401654377, 21.414716416775299 ], [ -157.837997401653837, 21.41475941695699 ], [ -157.837936401534762, 21.415243416763737 ], [ -157.837949402130704, 21.415480416887039 ], [ -157.837966402010778, 21.415789416729005 ], [ -157.83808840132977, 21.416361416993325 ], [ -157.838166401325253, 21.416466416434051 ], [ -157.838363401406156, 21.416731416949577 ], [ -157.838485401625661, 21.417212416620231 ], [ -157.83826540137693, 21.417516416229226 ], [ -157.838241402069229, 21.417551416941549 ], [ -157.83843940129708, 21.417801416766309 ], [ -157.838546401729161, 21.417936416689603 ], [ -157.839736401699184, 21.418329416816103 ], [ -157.83982340121139, 21.418334416148067 ], [ -157.840316401444767, 21.418364416635931 ], [ -157.840438401667086, 21.418623416874322 ], [ -157.840568401359405, 21.418832416608637 ], [ -157.840648401447908, 21.418871416607029 ], [ -157.840888401713386, 21.418991416740418 ], [ -157.840968401801888, 21.41903241683087 ], [ -157.84123240137464, 21.419153416111254 ], [ -157.841466401363874, 21.419258416452983 ], [ -157.841934401342257, 21.419470416329339 ], [ -157.842513401936174, 21.419886416608858 ], [ -157.842886401134763, 21.42007041609391 ], [ -157.843184401374458, 21.420218416618116 ], [ -157.843367401711504, 21.420332416474537 ], [ -157.844282401594967, 21.421148416293946 ], [ -157.844494401468467, 21.421353416744299 ], [ -157.844984401557923, 21.421827416096693 ], [ -157.845991401186666, 21.422434416184245 ], [ -157.847273400896, 21.423082416364498 ], [ -157.848158401198305, 21.423697415919786 ], [ -157.848292401075838, 21.42383441593557 ], [ -157.848768401419363, 21.42431841664764 ], [ -157.849307401066454, 21.424966415920192 ], [ -157.849440400897606, 21.425127416141915 ], [ -157.849536400823354, 21.425222416021544 ], [ -157.849898401311435, 21.425581416371443 ], [ -157.850301400991128, 21.425913416377639 ], [ -157.850567401554059, 21.426132416574063 ], [ -157.851729401134122, 21.426451415990087 ], [ -157.852339401361832, 21.426553416197933 ], [ -157.852888401476861, 21.426645415944481 ], [ -157.853682401191946, 21.426581416603234 ], [ -157.854323401048958, 21.426722415909545 ], [ -157.855177400824346, 21.427160416305991 ], [ -157.856032400648843, 21.427366415910321 ], [ -157.85703940117952, 21.42776341621888 ], [ -157.857564401087501, 21.427891415824522 ], [ -157.857802401261637, 21.427950415846443 ], [ -157.858565400444803, 21.428103416606145 ], [ -157.859053400442747, 21.428526416307633 ], [ -157.859167401197709, 21.42863241579477 ], [ -157.85917040043276, 21.4289334161674 ], [ -157.859175400657421, 21.429381416115515 ], [ -157.859409400642932, 21.429774416231162 ], [ -157.859450400732612, 21.429842415766061 ], [ -157.859567400725467, 21.430032416423838 ], [ -157.860060400957536, 21.4301634161673 ], [ -157.860396401152627, 21.430075415715503 ], [ -157.860457400357348, 21.430758415695227 ], [ -157.860548400946755, 21.431265415663542 ], [ -157.860823401023339, 21.431620415828213 ], [ -157.861128400684976, 21.431872415746263 ], [ -157.86158640109943, 21.432276416370993 ], [ -157.86160940036001, 21.432322415791777 ], [ -157.861767400441835, 21.432632415681322 ], [ -157.861922400386277, 21.432882415505546 ], [ -157.862013400978441, 21.433176415556765 ], [ -157.862105400716416, 21.433539416087836 ], [ -157.862196400409317, 21.433821415586408 ], [ -157.862440400856428, 21.434153415590789 ], [ -157.862689400637123, 21.434285416276857 ], [ -157.862776400148761, 21.4343324157444 ], [ -157.863234400565176, 21.434580415479878 ], [ -157.863447400484574, 21.434801415767815 ], [ -157.863569400707149, 21.435042416076485 ], [ -157.863508400589694, 21.435404415660418 ], [ -157.863569400698509, 21.435721415871232 ], [ -157.863844400775747, 21.436022415347626 ], [ -157.864180400068562, 21.436167415734058 ], [ -157.864729400183592, 21.436251416011491 ], [ -157.86534040045828, 21.436281415601307 ], [ -157.865567400123069, 21.436532415472371 ], [ -157.866255400345864, 21.436770415649182 ], [ -157.866896400204354, 21.436789415632031 ], [ -157.868086400170995, 21.43744141599532 ], [ -157.869385400662509, 21.438171415455411 ], [ -157.870283400665812, 21.438677415386682 ], [ -157.870772399811841, 21.438997415740449 ], [ -157.871046399843237, 21.439280415287108 ], [ -157.87135140040678, 21.43932541556433 ], [ -157.871962399781012, 21.439444415655725 ], [ -157.872481400308942, 21.439795415638873 ], [ -157.872786399966969, 21.44032941595367 ], [ -157.873081400063711, 21.440847415531543 ], [ -157.873152399736398, 21.440970415801093 ], [ -157.873183400259194, 21.441469415400299 ], [ -157.873244400365621, 21.441969415945163 ], [ -157.873976399903995, 21.443300415198692 ], [ -157.873793400456378, 21.443964415199925 ], [ -157.873762399924004, 21.444220415298318 ], [ -157.873777399715635, 21.444239415274197 ], [ -157.873945400259686, 21.444440415539788 ], [ -157.874129399741008, 21.444749415383534 ], [ -157.874098400108124, 21.444993414929328 ], [ -157.874167399685916, 21.445331415208067 ], [ -157.87428140043852, 21.445626415305554 ], [ -157.874428400011709, 21.446082415623682 ], [ -157.874434400287981, 21.446099415507337 ], [ -157.874403399751913, 21.446645415471714 ], [ -157.87446439986013, 21.447007415056994 ], [ -157.874586400078186, 21.447606414766017 ], [ -157.874434400260981, 21.448224415347063 ], [ -157.874440399635461, 21.44843441512603 ], [ -157.874467399970172, 21.449231414959552 ], [ -157.874281400389179, 21.449513415354392 ], [ -157.874007400348972, 21.449922415301874 ], [ -157.873762399843969, 21.450524415144947 ], [ -157.873762399841468, 21.450720415178413 ], [ -157.873762399838853, 21.450925414727081 ], [ -157.873976399799005, 21.451566414572724 ], [ -157.873823399940733, 21.451791415040752 ], [ -157.873366399560638, 21.452310414656274 ], [ -157.873029400213397, 21.452828415126426 ], [ -157.873029400210498, 21.453054414742876 ], [ -157.87327339976008, 21.453244414502723 ], [ -157.873426399611873, 21.453534414370409 ], [ -157.873548399830213, 21.454114415003037 ], [ -157.873578400303046, 21.454919414305692 ], [ -157.873795399507486, 21.45513641440942 ], [ -157.873822399851917, 21.455163414753848 ], [ -157.874250399783847, 21.455529414527394 ], [ -157.874677399668855, 21.455960414596547 ], [ -157.874966399491029, 21.456331414598836 ], [ -157.874982400220802, 21.456925414975718 ], [ -157.87498240021597, 21.457305414490001 ], [ -157.874982400211991, 21.457620414608019 ], [ -157.874768400234444, 21.458356414327522 ], [ -157.874952399711731, 21.458982414381353 ], [ -157.875226399742928, 21.459287414041878 ], [ -157.876264399905978, 21.45947741470982 ], [ -157.87605039993403, 21.459771414757618 ], [ -157.876047399795254, 21.459814414039954 ], [ -157.876020399444968, 21.460248414242244 ], [ -157.876020399439341, 21.460694414098121 ], [ -157.875766399419774, 21.461231414544901 ], [ -157.875837399992804, 21.461278414012252 ], [ -157.876233399358938, 21.460900414594477 ], [ -157.877088400088383, 21.460652413974294 ], [ -157.87830839964974, 21.460427414417435 ], [ -157.879865399449812, 21.460309414396136 ], [ -157.881604399539327, 21.460416414846573 ], [ -157.882215399812225, 21.46058441449658 ], [ -157.882398399246171, 21.460996414587285 ], [ -157.882825399131207, 21.461423414472154 ], [ -157.883435399357353, 21.461644414764407 ], [ -157.884168399858339, 21.461618414474426 ], [ -157.885053399265729, 21.461877414721105 ], [ -157.885633399003837, 21.462495414410864 ], [ -157.886426399565778, 21.462922414299761 ], [ -157.886820399731363, 21.463154414196879 ], [ -157.886853399453059, 21.463174414218994 ], [ -157.88722039927174, 21.463571414520267 ], [ -157.887311398962595, 21.464021414561319 ], [ -157.887403399600743, 21.46432241403555 ], [ -157.887586399035314, 21.464685414567541 ], [ -157.887647399142878, 21.465104414079949 ], [ -157.88773839883126, 21.465749414108412 ], [ -157.887830399467873, 21.466172413805353 ], [ -157.887769399346638, 21.46684041399207 ], [ -157.887830399456561, 21.467069413747335 ], [ -157.88801339889352, 21.467244413715026 ], [ -157.888097399165247, 21.467371414168902 ], [ -157.888190398951735, 21.467546414135537 ], [ -157.888469399210493, 21.468073414127627 ], [ -157.888563399043051, 21.468249414140299 ], [ -157.88884039921399, 21.468430414385356 ], [ -157.889327399169304, 21.468581414150314 ], [ -157.889568399477668, 21.468951414105995 ], [ -157.889839399366252, 21.469601414366732 ], [ -157.890109399208995, 21.470234413844505 ], [ -157.890199398854492, 21.470627413958439 ], [ -157.890325399259694, 21.471006414327288 ], [ -157.89037939904793, 21.471166413602713 ], [ -157.890619399306559, 21.471832413700657 ], [ -157.890708398905559, 21.472259413581753 ], [ -157.890614399066067, 21.472637413902138 ], [ -157.890488398647221, 21.473344414085663 ], [ -157.89027039938577, 21.474000413717981 ], [ -157.890145399015012, 21.474546413681274 ], [ -157.890049399077498, 21.475393414017454 ], [ -157.889742399315367, 21.475806413249451 ], [ -157.889371399300984, 21.47631441325867 ], [ -157.889217399394681, 21.476700413946819 ], [ -157.889396398642418, 21.47726541388921 ], [ -157.889607399367918, 21.477571413595037 ], [ -157.889940399416332, 21.478149413238448 ], [ -157.890242398937261, 21.478597413189714 ], [ -157.890453398762617, 21.478970413283161 ], [ -157.890510398681812, 21.479715413420053 ], [ -157.890658399194791, 21.48062541306308 ], [ -157.890679399262126, 21.480705413150321 ], [ -157.890777399276544, 21.481075413104417 ], [ -157.890986399006067, 21.4817454133862 ], [ -157.890954399326063, 21.482075413295302 ], [ -157.890708398779083, 21.482358412836184 ], [ -157.89033839881003, 21.482929413048854 ], [ -157.890304399034221, 21.483554413054165 ], [ -157.890366399188423, 21.483930413284202 ], [ -157.890636399031024, 21.484576413360632 ], [ -157.890735399089834, 21.485084413374999 ], [ -157.890932399169941, 21.485417413424763 ], [ -157.891274398736186, 21.485803413219067 ], [ -157.89152639865128, 21.486242412755285 ], [ -157.891748398982543, 21.486696412981978 ], [ -157.891787398975055, 21.487165412998163 ], [ -157.891765398858581, 21.487331412549011 ], [ -157.89169539922375, 21.487866412905646 ], [ -157.891584398600372, 21.488287412508264 ], [ -157.891691399030464, 21.488583412651703 ], [ -157.891968399196827, 21.48913641294175 ], [ -157.892243398370482, 21.48978441311036 ], [ -157.892305398521444, 21.490422412816091 ], [ -157.892156398843156, 21.49100141250031 ], [ -157.891981398867159, 21.49149341267406 ], [ -157.891915398514186, 21.492280412945238 ], [ -157.892068398361857, 21.49290341286051 ], [ -157.892548398886845, 21.493624412795985 ], [ -157.893062398282325, 21.494198412257113 ], [ -157.893514398416926, 21.49487941214878 ], [ -157.894282398719582, 21.495849412763068 ], [ -157.894501398911842, 21.49636241210963 ], [ -157.894535398672474, 21.496959412624772 ], [ -157.894761398286647, 21.497579412402651 ], [ -157.894777399023354, 21.497622412584501 ], [ -157.894968398825057, 21.498112412670149 ], [ -157.895339398827502, 21.498558412529988 ], [ -157.895829398917755, 21.498974411908826 ], [ -157.89591339829019, 21.499097412178536 ], [ -157.896222398132835, 21.499619411940504 ], [ -157.896268398449735, 21.499946412611656 ], [ -157.896201398958368, 21.500060412465167 ], [ -157.89600339882449, 21.500346412144744 ], [ -157.895818398389338, 21.500713411957566 ], [ -157.895827398801885, 21.50088841192327 ], [ -157.895833398178752, 21.500909411991177 ], [ -157.89590239865754, 21.501123411954985 ], [ -157.896129398322046, 21.501402412216059 ], [ -157.896134398552363, 21.501408412492463 ], [ -157.896257398822144, 21.50156341243763 ], [ -157.896822398777374, 21.501463412334939 ], [ -157.897255398044081, 21.501530411827996 ], [ -157.897320398341094, 21.501541412335325 ], [ -157.897973398751219, 21.501659412380853 ], [ -157.898812398739665, 21.501700412479547 ], [ -157.899692398821912, 21.501480412249698 ], [ -157.900252398545177, 21.501504412461728 ], [ -157.900379398101819, 21.501510411840101 ], [ -157.901265398457582, 21.501530411871467 ], [ -157.901287398575988, 21.501202412054361 ], [ -157.901501398549328, 21.50079341210628 ], [ -157.90189839795525, 21.500908412010865 ], [ -157.902447398070876, 21.500942412683358 ], [ -157.903088397930702, 21.500843412627535 ], [ -157.903607398465255, 21.500664412483374 ], [ -157.904247398283786, 21.500179412637003 ], [ -157.904492397889015, 21.499599412008497 ], [ -157.904705397818532, 21.499004412487537 ], [ -157.905010398385286, 21.498791412573844 ], [ -157.905926398326187, 21.498692412520995 ], [ -157.90650639807032, 21.498825412357249 ], [ -157.907025397702085, 21.498924412425662 ], [ -157.907635397929852, 21.499012411988435 ], [ -157.908032398235918, 21.499058412312582 ], [ -157.908611397936539, 21.49898541255423 ], [ -157.909191397683372, 21.498901412289264 ], [ -157.910107397624245, 21.498802412236433 ], [ -157.910687398270085, 21.498745412315582 ], [ -157.911175398272746, 21.498787412456522 ], [ -157.911694397904455, 21.498890412709134 ], [ -157.912029398054017, 21.498745412330159 ], [ -157.912304398138588, 21.49846041269754 ], [ -157.912853398255521, 21.498384412800636 ], [ -157.913464397630946, 21.498395412414581 ], [ -157.91407439786218, 21.498200412433828 ], [ -157.914501397752218, 21.49822741278264 ], [ -157.91508139749584, 21.498399412616354 ], [ -157.915844397580798, 21.498342412697497 ], [ -157.9166993974153, 21.497720412839417 ], [ -157.916901397731181, 21.497616412548545 ], [ -157.917706397957147, 21.497205412514802 ], [ -157.919994397258392, 21.497682412923798 ], [ -157.92036139798094, 21.49771641269496 ], [ -157.921032397425478, 21.49753341236822 ], [ -157.921917397736479, 21.497438412499335 ], [ -157.922894397787019, 21.497586413030714 ], [ -157.923687397456092, 21.497491412261454 ], [ -157.924297397684967, 21.497483412799006 ], [ -157.924999397657331, 21.497399412535376 ], [ -157.925945397182431, 21.497254413062372 ], [ -157.926953397768358, 21.496896412773737 ], [ -157.927563397103341, 21.496450412924627 ], [ -157.928173397338639, 21.495923412942396 ], [ -157.928784397615772, 21.495740412615017 ], [ -157.929546397653041, 21.495805412918905 ], [ -157.930554397330866, 21.496152412722836 ], [ -157.931713397671302, 21.496495413243583 ], [ -157.933117397609834, 21.496827413260359 ], [ -157.934460397437022, 21.497041413237991 ], [ -157.93732839739377, 21.496663412947857 ], [ -157.940716397026193, 21.496541412762049 ], [ -157.940960396578788, 21.496488413021755 ], [ -157.941113397335016, 21.496366412800807 ], [ -157.941815397312155, 21.495893412608577 ], [ -157.942265396468088, 21.495531413029024 ], [ -157.94254739687517, 21.495248412589291 ], [ -157.942822396957496, 21.495141413060434 ], [ -157.943066396509181, 21.495160413038811 ], [ -157.943463396816099, 21.495133412698959 ], [ -157.944744396493064, 21.494645412721592 ], [ -157.94541639688353, 21.494416412974392 ], [ -157.945690396918479, 21.494412412793185 ], [ -157.94636239640306, 21.494706412850554 ], [ -157.946667396966092, 21.494786412940933 ], [ -157.947308396824667, 21.494775413340594 ], [ -157.947888396569255, 21.494863412903054 ], [ -157.948284396828171, 21.49499641273734 ], [ -157.949017396431032, 21.494847413077792 ], [ -157.949444396324338, 21.494603413536488 ], [ -157.949902396745074, 21.494496413110308 ], [ -157.950451396861496, 21.494454412980676 ], [ -157.951031396609437, 21.49426841341414 ], [ -157.951397396391087, 21.493936413416666 ], [ -157.9517633961716, 21.493692412975324 ], [ -157.952130396894148, 21.493718413277399 ], [ -157.953045396785143, 21.493909413090517 ], [ -157.953564396420944, 21.493672412973204 ], [ -157.95390039661612, 21.493558413122656 ], [ -157.954571396060317, 21.493394413670998 ], [ -157.95496839637039, 21.493115413416739 ], [ -157.956249396050282, 21.492387413178349 ], [ -157.956707396471955, 21.492200413564468 ], [ -157.957958396564493, 21.491765413329709 ], [ -157.959118396058045, 21.491583413054396 ], [ -157.959484396736059, 21.49148441389503 ], [ -157.959759395920941, 21.491224413615154 ], [ -157.959881396150593, 21.49090041308412 ], [ -157.960186396721042, 21.490381413467109 ], [ -157.96049139638771, 21.490221413296421 ], [ -157.960888396694713, 21.49018741353353 ], [ -157.961559396137062, 21.490168413565151 ], [ -157.962384396387051, 21.489599413449824 ], [ -157.963514396294755, 21.48958841385485 ], [ -157.964276396334242, 21.489462413456316 ], [ -157.964856396082638, 21.48924141407662 ], [ -157.965223395910726, 21.488875413412657 ], [ -157.965833396143694, 21.488531413764598 ], [ -157.966066396089218, 21.488432413704388 ], [ -157.966676396321475, 21.488144413937377 ], [ -157.966870396268519, 21.488054413391914 ], [ -157.967756395729509, 21.48768441344874 ], [ -157.968610396416835, 21.487078413428375 ], [ -157.969068395937256, 21.487047413804344 ], [ -157.969495395826215, 21.487150414055954 ], [ -157.970502396355499, 21.487623413367455 ], [ -157.970807396020319, 21.487608413579292 ], [ -157.97221139596877, 21.487124413787598 ], [ -157.972608396274893, 21.487154414274276 ], [ -157.974103395906923, 21.487700414255041 ], [ -157.97446639554579, 21.48773241393409 ], [ -157.974957395686999, 21.487734414031543 ], [ -157.975567395914538, 21.487818413410132 ], [ -157.976075395940796, 21.48773941427406 ], [ -157.976483395855638, 21.487677414121165 ], [ -157.977276395527213, 21.487364414104128 ], [ -157.978130395308938, 21.48726141386652 ], [ -157.978680395470008, 21.487326414168066 ], [ -157.979382395439984, 21.487421414054239 ], [ -157.980389395973702, 21.487536413965543 ], [ -157.98157939594833, 21.487497413981107 ], [ -157.982983395892745, 21.487326414215165 ], [ -157.983765395054718, 21.487232414391276 ], [ -157.983830395358893, 21.486664414313733 ], [ -157.984026395418198, 21.484964414265281 ], [ -157.984092395768471, 21.48439741423385 ], [ -157.984130395720769, 21.484401414418482 ], [ -157.98433139508569, 21.484737413706959 ], [ -157.984448395077266, 21.4850244143352 ], [ -157.984601395829543, 21.48521641418602 ], [ -157.98478439526653, 21.485381413693016 ], [ -157.984984395487345, 21.485508414148082 ], [ -157.985366395101892, 21.485569414263598 ], [ -157.985566395323474, 21.485635413708028 ], [ -157.985719395177171, 21.485767414392878 ], [ -157.985760395265089, 21.485976414126053 ], [ -157.985866395650419, 21.486163413746063 ], [ -157.986055395365099, 21.486229414089745 ], [ -157.986449395534379, 21.48614741391491 ], [ -157.98662039532158, 21.486004414525667 ], [ -157.9867673949025, 21.485844414353217 ], [ -157.987014395493816, 21.485690414458261 ], [ -157.987290395620619, 21.485706414298821 ], [ -157.987502395495454, 21.485800414133596 ], [ -157.987761395738374, 21.485805414366666 ], [ -157.987943395132191, 21.485739414027094 ], [ -157.988114394919194, 21.485612414475348 ], [ -157.988249395744475, 21.485557413742516 ], [ -157.988536395479173, 21.485542413954203 ], [ -157.988567395108987, 21.485541413908464 ], [ -157.988691395426571, 21.485552414416436 ], [ -157.988844395282683, 21.485491414306789 ], [ -157.988920395188217, 21.485419414589071 ], [ -157.988985395489721, 21.485067414566569 ], [ -157.988949395632062, 21.484869414440766 ], [ -157.988985395494808, 21.484660413809106 ], [ -157.989179395443756, 21.484417414311359 ], [ -157.98936139483763, 21.484346414640815 ], [ -157.989608395426387, 21.484395414202183 ], [ -157.98988539559673, 21.484615414444519 ], [ -157.990232395393434, 21.484979414124801 ], [ -157.990750394970519, 21.485744414288089 ], [ -157.990874395285232, 21.485986413743287 ], [ -157.990980394771896, 21.486119414473706 ], [ -157.991121394972311, 21.48622341386891 ], [ -157.991286395380058, 21.486267414098393 ], [ -157.991562395507685, 21.486218414542765 ], [ -157.991792395314775, 21.486135414320142 ], [ -157.99208039509702, 21.486003414539439 ], [ -157.992262395390952, 21.485871413858266 ], [ -157.992339395343123, 21.485755413912784 ], [ -157.992356395228768, 21.48562341412913 ], [ -157.992321395416923, 21.48544741411715 ], [ -157.992339395349177, 21.48527041405972 ], [ -157.992386394817942, 21.485188413881115 ], [ -157.99250939509065, 21.485100414326354 ], [ -157.992780394988245, 21.485022414334381 ], [ -157.993009394749549, 21.484918414043904 ], [ -157.993086394701635, 21.484808414374768 ], [ -157.993192395093274, 21.484488414027886 ], [ -157.993239395461472, 21.484395414241995 ], [ -157.993392395318807, 21.484235414069605 ], [ -157.993898395254007, 21.484064414293869 ], [ -157.99436839532936, 21.483866414173605 ], [ -157.994580395205872, 21.483827414178482 ], [ -157.995098394797338, 21.483442414439846 ], [ -157.99532739545802, 21.483331414726351 ], [ -157.995851395323626, 21.483133414606687 ], [ -157.996534395323124, 21.482769414038376 ], [ -157.996763395084969, 21.482621414419505 ], [ -157.997357394578245, 21.482461414251961 ], [ -157.99776939467688, 21.482439414142618 ], [ -157.998257394677154, 21.482653414110988 ], [ -157.998593394868152, 21.482868414123654 ], [ -157.9986873947025, 21.482896414514883 ], [ -157.998734395066748, 21.483116414754676 ], [ -157.998669394767376, 21.483298414142567 ], [ -157.99866939476567, 21.483435414156649 ], [ -157.99871739517684, 21.483590414100942 ], [ -157.998775395149949, 21.483705414001847 ], [ -157.998811395008744, 21.483815414571549 ], [ -157.998793395077257, 21.483926414287353 ], [ -157.998840394543294, 21.484058414071733 ], [ -157.998929395045849, 21.484146414528187 ], [ -157.999146395150774, 21.484261414430783 ], [ -157.999238394893041, 21.484284414591695 ], [ -157.999341395142096, 21.484311414037677 ], [ -157.999617395270661, 21.484184414487075 ], [ -157.999752395201057, 21.483777414630453 ], [ -157.999740394651639, 21.483496414279717 ], [ -157.999787395021855, 21.483242414273754 ], [ -157.999905395065213, 21.483072414539834 ], [ -157.999930395318017, 21.483057414748608 ], [ -158.000046395267958, 21.48298941431619 ], [ -158.000296395097109, 21.48291941469245 ], [ -158.000305394612553, 21.482917414600468 ], [ -158.000499394561132, 21.482703414639598 ], [ -158.000652395320259, 21.482345414341832 ], [ -158.000882395128116, 21.48220141490717 ], [ -158.000899395013079, 21.482124414059228 ], [ -158.000993394848336, 21.482080414731836 ], [ -158.001446395036965, 21.482102414850683 ], [ -158.00158839528433, 21.482135414573364 ], [ -158.001629394474236, 21.482240414912862 ], [ -158.001629394472985, 21.482339414076215 ], [ -158.001588395279697, 21.482504414480054 ], [ -158.001570394447555, 21.482724414719197 ], [ -158.001647394395746, 21.482923413992161 ], [ -158.001676394829929, 21.483143414231812 ], [ -158.001923394520617, 21.483093414629764 ], [ -158.002041394561502, 21.483126414352171 ], [ -158.002135394396419, 21.483104414239396 ], [ -158.002259394715963, 21.482961414849601 ], [ -158.002641395232757, 21.482790414173177 ], [ -158.002717395138205, 21.482724414731774 ], [ -158.002729394793505, 21.482587414717774 ], [ -158.002725394610195, 21.482508414676808 ], [ -158.002717395143634, 21.482289414483471 ], [ -158.002794395096771, 21.482096414589151 ], [ -158.003006394976381, 21.481804414633583 ], [ -158.003206395201232, 21.481606414510381 ], [ -158.005536394652324, 21.480943414579251 ], [ -158.005585395112547, 21.480858414262524 ], [ -158.005816394969173, 21.480498414772818 ], [ -158.005850394737848, 21.480446415076365 ], [ -158.006052395056116, 21.480149414890455 ], [ -158.006222394798328, 21.479918415045763 ], [ -158.00636439504828, 21.479743415081813 ], [ -158.006530394605477, 21.479574414495165 ], [ -158.006694394969543, 21.479424414783452 ], [ -158.006891395055561, 21.47927141493399 ], [ -158.007206394284395, 21.47905141469818 ], [ -158.008007394327194, 21.478519414488101 ], [ -158.008293394917558, 21.478313414896714 ], [ -158.008390394891308, 21.478248414602213 ], [ -158.008599394630608, 21.478125415235152 ], [ -158.008729394326252, 21.47806141498717 ], [ -158.008840394944741, 21.478024415083013 ], [ -158.008989394616123, 21.477996414694449 ], [ -158.009071394797303, 21.477989414372981 ], [ -158.009242394582714, 21.477989414374864 ], [ -158.009785394421584, 21.47801841481709 ], [ -158.009952394922038, 21.478016414726842 ], [ -158.010062394594797, 21.478008415258923 ], [ -158.010171394221544, 21.47799441461537 ], [ -158.010402394973596, 21.477942414921099 ], [ -158.010907394862329, 21.477797414544128 ], [ -158.011508394678145, 21.477637415276014 ], [ -158.011722394647109, 21.477573415028886 ], [ -158.011911394363466, 21.477502414459121 ], [ -158.011996394683251, 21.477466414600777 ], [ -158.012078394864801, 21.477426414558202 ], [ -158.012204394376397, 21.477347414518601 ], [ -158.012489394920408, 21.477158414810788 ], [ -158.012654394430626, 21.477058414703841 ], [ -158.012821394932104, 21.476973415287745 ], [ -158.012962394235188, 21.476918414554994 ], [ -158.013131394828463, 21.476865414813993 ], [ -158.013265394707901, 21.476841414609467 ], [ -158.013392394264685, 21.476827414865454 ], [ -158.013481394768434, 21.47682241463615 ], [ -158.014048394814552, 21.476791415013395 ], [ -158.014868394827317, 21.47675641520917 ], [ -158.015028394106054, 21.476739415327362 ], [ -158.015149394285885, 21.476713415030584 ], [ -158.015307394372201, 21.476665414620435 ], [ -158.015465394458744, 21.47659841513385 ], [ -158.015752394195204, 21.4764444152393 ], [ -158.016284394430699, 21.476141414780709 ], [ -158.016190394597572, 21.476015415272176 ], [ -158.016149394507835, 21.475951415022244 ], [ -158.016131394578196, 21.47591541516277 ], [ -158.016108394418325, 21.475869414842723 ], [ -158.016072394559217, 21.475786414617126 ], [ -158.016049394399658, 21.475715414944354 ], [ -158.016033394562641, 21.475642415179518 ], [ -158.016024394148872, 21.475568415368731 ], [ -158.016022394057671, 21.475494414658698 ], [ -158.016027394288784, 21.47543541463957 ], [ -158.016065394243412, 21.475248415021163 ], [ -158.016113394657992, 21.475130414983269 ], [ -158.01621839410339, 21.474879415116174 ], [ -158.017506394090304, 21.475361414845167 ], [ -158.0179373941628, 21.47551541474763 ], [ -158.018276394493171, 21.475636414927909 ], [ -158.0185163938595, 21.475727414624863 ], [ -158.020940394024819, 21.476625414638935 ], [ -158.021179394244314, 21.476725414750316 ], [ -158.021458394507874, 21.476856415390515 ], [ -158.021640393899645, 21.476949415178897 ], [ -158.021905394417104, 21.477101414987402 ], [ -158.021992393928628, 21.477154414731199 ], [ -158.022161394519742, 21.477267415440537 ], [ -158.022325393981134, 21.47738441543472 ], [ -158.022485394157485, 21.477507414805817 ], [ -158.02263839401121, 21.477634415260347 ], [ -158.022786394533796, 21.477766415045828 ], [ -158.022869393860645, 21.477846415133751 ], [ -158.023003393738207, 21.477973414688766 ], [ -158.023145393984151, 21.47812041516498 ], [ -158.023281393953539, 21.478271414926024 ], [ -158.023411393646484, 21.478426414871187 ], [ -158.023530393731846, 21.478582414862267 ], [ -158.023643394440029, 21.47874141499145 ], [ -158.023750393972335, 21.478905415350862 ], [ -158.023850394081421, 21.479071414902993 ], [ -158.02397239430411, 21.479299414612672 ], [ -158.024159393928329, 21.479229414988307 ], [ -158.024443394425248, 21.479122414560305 ], [ -158.024485393662729, 21.479107414769256 ], [ -158.025859394027435, 21.478593415394521 ], [ -158.02633239424074, 21.478417415388162 ], [ -158.026195394232388, 21.477696415456876 ], [ -158.026147393822527, 21.477438415265684 ], [ -158.025781394069128, 21.475537414947951 ], [ -158.025682394010573, 21.475020415418772 ], [ -158.025640393876444, 21.474819415154766 ], [ -158.025617393717368, 21.47470741539242 ], [ -158.02554839413952, 21.474373415298249 ], [ -158.025525393980445, 21.474262415581929 ], [ -158.025327393864103, 21.473161415236742 ], [ -158.02515039381359, 21.472265415339521 ], [ -158.025055393938914, 21.471778415393388 ], [ -158.024878393889082, 21.470822415430902 ], [ -158.024396394193445, 21.468383415515959 ], [ -158.02423739407331, 21.467459415228721 ], [ -158.024105394300534, 21.46633641566968 ], [ -158.024096393886651, 21.466268416135225 ], [ -158.024018393897819, 21.46563941594491 ], [ -158.024017393851778, 21.465638415898862 ], [ -158.023901393916987, 21.464506415925506 ], [ -158.023871394336481, 21.464250415826591 ], [ -158.023856394546215, 21.464129415649893 ], [ -158.02381439441416, 21.463768416111161 ], [ -158.023800394669905, 21.463648415980458 ], [ -158.023770394190137, 21.463392415881593 ], [ -158.023739394563762, 21.463125416175416 ], [ -158.02372639396674, 21.462965416001285 ], [ -158.023672394179982, 21.462692416018527 ], [ -158.023656394342822, 21.46263141590704 ], [ -158.023592394094976, 21.462383416176195 ], [ -158.023626393870643, 21.461773415962828 ], [ -158.023642394611414, 21.461498415888773 ], [ -158.023731394235426, 21.459943416222011 ], [ -158.023766394057247, 21.459334416054745 ], [ -158.024091394650242, 21.458790416186151 ], [ -158.024352394089021, 21.458555416158301 ], [ -158.024579394658701, 21.458351415759108 ], [ -158.025312394269719, 21.45754341632739 ], [ -158.026075394365648, 21.456585416283243 ], [ -158.026273394499214, 21.456316416487542 ], [ -158.026859394531243, 21.455524415992418 ], [ -158.02702739418126, 21.455295416239856 ], [ -158.027143394132338, 21.455139416251377 ], [ -158.027444394519335, 21.454556416385092 ], [ -158.027575394263437, 21.454305416518274 ], [ -158.027947394324883, 21.453704416723106 ], [ -158.027948394371009, 21.453700416538922 ], [ -158.028476394432516, 21.452587416548436 ], [ -158.029034394072568, 21.451880416370336 ], [ -158.029149393977406, 21.451735416888415 ], [ -158.029161394532935, 21.451533416578908 ], [ -158.029073394079319, 21.451222416644413 ], [ -158.029056394200438, 21.450819416970369 ], [ -158.029005394563825, 21.449611417094911 ], [ -158.028988393785625, 21.449209416567584 ], [ -158.028892393865334, 21.448696417222671 ], [ -158.028784394296537, 21.447780417304458 ], [ -158.028732394599899, 21.447668416642458 ], [ -158.028243394564299, 21.446618416844078 ], [ -158.027889394452046, 21.445720416852705 ], [ -158.028304394695482, 21.445177417031239 ], [ -158.028717393949677, 21.444458417198192 ], [ -158.029069393990369, 21.443746416787498 ], [ -158.029202394725786, 21.443509417565487 ], [ -158.029569394557427, 21.442862417450478 ], [ -158.029468394406763, 21.442349417206199 ], [ -158.029452394572672, 21.442049416879751 ], [ -158.029439393978578, 21.441667417273518 ], [ -158.02943239455783, 21.44147141724018 ], [ -158.0290353942639, 21.440495417253437 ], [ -158.028333394306998, 21.439393417755749 ], [ -158.02830939410984, 21.438660417273077 ], [ -158.028302394689405, 21.438443417171854 ], [ -158.028363394822804, 21.436834417715897 ], [ -158.02845539457735, 21.435899417824203 ], [ -158.028577394816921, 21.434804417758862 ], [ -158.028760394264083, 21.434171417387265 ], [ -158.029157394579698, 21.433450417461923 ], [ -158.029466394433967, 21.433035418138189 ], [ -158.029767394821022, 21.432451418225906 ], [ -158.030042394011531, 21.431752417513735 ], [ -158.030164394243002, 21.431291417868099 ], [ -158.03019439473249, 21.430787418039763 ], [ -158.03001139440201, 21.430177417823945 ], [ -158.029889394183499, 21.429628417720139 ], [ -158.029920394718033, 21.429204417978784 ], [ -158.029950394306212, 21.428857418186265 ], [ -158.030011394422957, 21.428548418345574 ], [ -158.029966394152126, 21.428235418319424 ], [ -158.029877394549459, 21.428108417865491 ], [ -158.029828394091169, 21.428037418192421 ], [ -158.029218394765763, 21.427751418504002 ], [ -158.028485394269097, 21.427484417890629 ], [ -158.02778439434951, 21.427072417794346 ], [ -158.026766394217873, 21.426235417906742 ], [ -158.026624394871249, 21.426091418468008 ], [ -158.02650239464927, 21.425813418254165 ], [ -158.0264163942891, 21.425409418533281 ], [ -158.026410394912318, 21.425378418004854 ], [ -158.026380394432636, 21.425123417952012 ], [ -158.02625839420989, 21.424905418702817 ], [ -158.026166394468248, 21.424835418175974 ], [ -158.026105394356591, 21.424745418527046 ], [ -158.025953394548253, 21.424676418045621 ], [ -158.025861394805929, 21.424661418253081 ], [ -158.025678394467121, 21.42469541801821 ], [ -158.025525394611122, 21.4247494187047 ], [ -158.025434394913304, 21.424852418051277 ], [ -158.025281395052247, 21.42529841790514 ], [ -158.025098394712103, 21.42543941810133 ], [ -158.025066395036333, 21.425435417916788 ], [ -158.024976394487538, 21.4253634181972 ], [ -158.024915394375654, 21.425294418616051 ], [ -158.024884394747062, 21.425203418022118 ], [ -158.024855394312794, 21.424996418381237 ], [ -158.024854394266839, 21.424985417874659 ], [ -158.024854394268743, 21.424836418207182 ], [ -158.024915394386227, 21.424474418623554 ], [ -158.024915394388131, 21.424325418056824 ], [ -158.024766394719592, 21.424135418298157 ], [ -158.025251394583393, 21.424199418553105 ], [ -158.026116394869035, 21.424313418417075 ], [ -158.026703394935566, 21.424426418231821 ], [ -158.027185394660819, 21.424520418069701 ], [ -158.027244394681532, 21.424511418555259 ], [ -158.027393394352799, 21.424492418581231 ], [ -158.027418394605661, 21.42447241855977 ], [ -158.027466395019218, 21.424435418654941 ], [ -158.027692394641321, 21.424405418175223 ], [ -158.028058394420555, 21.424257418557985 ], [ -158.028211394277065, 21.42416541792004 ], [ -158.02836339498748, 21.4240244186228 ], [ -158.028516394845752, 21.423795417970794 ], [ -158.028638394175744, 21.423501418821481 ], [ -158.02866939470826, 21.423234418216733 ], [ -158.028669394711756, 21.422963418326624 ], [ -158.028577394974093, 21.422586418050525 ], [ -158.028516394864653, 21.42233041885056 ], [ -158.028455394753735, 21.42218541846734 ], [ -158.028455394755412, 21.422055418775631 ], [ -158.028852394162527, 21.422052418641957 ], [ -158.02900439487135, 21.422033418667972 ], [ -158.029279394953164, 21.421960418906426 ], [ -158.029432394809703, 21.421869418314575 ], [ -158.02946639457943, 21.421735418439059 ], [ -158.02946239439612, 21.421655418351996 ], [ -158.02927939495919, 21.421495418175887 ], [ -158.028119394572087, 21.421254418754987 ], [ -158.028028394877396, 21.421117418739883 ], [ -158.027967394766591, 21.420964418887579 ], [ -158.027997394351871, 21.420842418665298 ], [ -158.028050394995915, 21.420797418392116 ], [ -158.028089394994737, 21.420766418763506 ], [ -158.028302394918256, 21.420648418727556 ], [ -158.029035394520918, 21.420500418215145 ], [ -158.029554394154161, 21.420454418800492 ], [ -158.029950394414215, 21.420477418964932 ], [ -158.030439394462888, 21.420500418231057 ], [ -158.030744394127993, 21.420458418998219 ], [ -158.031049394692815, 21.420386418383746 ], [ -158.031202394548899, 21.420325418274157 ], [ -158.031324394775311, 21.420260418879352 ], [ -158.031446394103114, 21.420138418658102 ], [ -158.031466394126625, 21.420036418457499 ], [ -158.031385394894272, 21.419779418311958 ], [ -158.030469394962267, 21.41923441838334 ], [ -158.030103394286982, 21.419127418847388 ], [ -158.028760394460079, 21.418951418820594 ], [ -158.028363395054384, 21.418841418246803 ], [ -158.028028394908432, 21.418715418735498 ], [ -158.027784394458564, 21.418619418808174 ], [ -158.027600394974769, 21.418516418559175 ], [ -158.02747839475083, 21.418394418335151 ], [ -158.026990394759167, 21.417525418778471 ], [ -158.026624394992467, 21.416701418597569 ], [ -158.026563394882515, 21.416483418449744 ], [ -158.02653239435503, 21.416361419126083 ], [ -158.026563394886892, 21.41614441902535 ], [ -158.02735639457967, 21.414191419023638 ], [ -158.027466395156182, 21.413836418863617 ], [ -158.027478394810373, 21.413794418728145 ], [ -158.027417394699825, 21.413622418900069 ], [ -158.027143394671469, 21.413122419252481 ], [ -158.026747394417811, 21.412607418912732 ], [ -158.026442394757765, 21.412257418978239 ], [ -158.026076394984699, 21.411928419110865 ], [ -158.025709395164483, 21.411681419422667 ], [ -158.025069394457347, 21.411345419229761 ], [ -158.024580395310352, 21.41113941873034 ], [ -158.024428394602609, 21.41107841951667 ], [ -158.024336394860853, 21.411017419404317 ], [ -158.024184395054192, 21.410818419231095 ], [ -158.024092395315023, 21.410555418809075 ], [ -158.023970395094722, 21.410151419087757 ], [ -158.023819395336147, 21.409797418970808 ], [ -158.023817395244066, 21.40979241874054 ], [ -158.023512394686776, 21.409285418770164 ], [ -158.023176395398025, 21.408850419417419 ], [ -158.023054395174512, 21.408697419564351 ], [ -158.022871394838575, 21.408510419044124 ], [ -158.02262739528831, 21.408392419002904 ], [ -158.02232239472491, 21.408354419048077 ], [ -158.021986395429622, 21.408427418808852 ], [ -158.021864395203465, 21.408472419081246 ], [ -158.021742394978048, 21.408461419472598 ], [ -158.021590395169795, 21.408385419568056 ], [ -158.021162395236871, 21.408133419648827 ], [ -158.020918394787515, 21.407996419631967 ], [ -158.020857394676, 21.40790041970671 ], [ -158.02079639546497, 21.407713419187857 ], [ -158.020857394680888, 21.407526419569738 ], [ -158.020979394910285, 21.407229419382986 ], [ -158.021040395031008, 21.406615418985627 ], [ -158.021040395035328, 21.406283418984248 ], [ -158.021071394666961, 21.406142419685647 ], [ -158.021071394668695, 21.406008419809663 ], [ -158.020967395278632, 21.405536419654869 ], [ -158.020796395500241, 21.404997419111652 ], [ -158.020735395388812, 21.40489441976333 ], [ -158.020643394748873, 21.404745419195486 ], [ -158.020369394716681, 21.404543419782083 ], [ -158.020277394974897, 21.404486419853917 ], [ -158.020216394863866, 21.404352419077988 ], [ -158.020186395281826, 21.404227419616156 ], [ -158.020094395541207, 21.404078419048368 ], [ -158.019865394885073, 21.40383741963797 ], [ -158.019545395433056, 21.403498419310562 ], [ -158.01936239509601, 21.403399419245755 ], [ -158.019057395431844, 21.403364419429032 ], [ -158.019026394906433, 21.403082419931369 ], [ -158.020033395447058, 21.40264741969456 ], [ -158.019606395568218, 21.401778419239101 ], [ -158.018812394959298, 21.40147241952673 ], [ -158.018599395038336, 21.401388419253067 ], [ -158.018567395363192, 21.401336419555882 ], [ -158.018385395073892, 21.40111041993752 ], [ -158.018113395150635, 21.399621419708797 ], [ -158.017988395695056, 21.398937419682859 ], [ -158.017988395696506, 21.398826419966849 ], [ -158.018080395441558, 21.398635420164812 ], [ -158.018667395521277, 21.397737420184075 ], [ -158.019270395432926, 21.397300419850531 ], [ -158.019545395516644, 21.39708341975258 ], [ -158.019636395214263, 21.396995420197513 ], [ -158.019729395004816, 21.396846419631842 ], [ -158.019811395188583, 21.39664542026847 ], [ -158.019820395603546, 21.396625420246824 ], [ -158.019887395095623, 21.396457419705136 ], [ -158.019894395421034, 21.396238420411297 ], [ -158.019912395354538, 21.395976420036629 ], [ -158.019851395244018, 21.395805420254622 ], [ -158.019790395134294, 21.395568420131028 ], [ -158.019668394912259, 21.39530142042376 ], [ -158.019576395172436, 21.395091419744645 ], [ -158.019454394949406, 21.394897419802057 ], [ -158.019363395255823, 21.394676420415017 ], [ -158.019241395034044, 21.39438641964853 ], [ -158.019211395453482, 21.39414842037856 ], [ -158.019181394974026, 21.393874420349981 ], [ -158.01918139497954, 21.393454419893178 ], [ -158.019119395739494, 21.391963420474056 ], [ -158.019062394929676, 21.39058942014805 ], [ -158.019052395371347, 21.390351419978995 ], [ -158.019287395408725, 21.390281420355244 ], [ -158.019908395247313, 21.390082420190886 ], [ -158.020036395749884, 21.39004242014882 ], [ -158.021053394951593, 21.389686419953179 ], [ -158.021518395695836, 21.389497420247555 ], [ -158.021975395172319, 21.389294420796425 ], [ -158.022319394837439, 21.389130420442193 ], [ -158.022406395249561, 21.389083420077291 ], [ -158.023201395014667, 21.388666420667107 ], [ -158.023413394892287, 21.38853942021662 ], [ -158.023677395367542, 21.388392420644358 ], [ -158.025117395180246, 21.387591420644025 ], [ -158.025264394760143, 21.387510420512658 ], [ -158.02559739481805, 21.387322420851621 ], [ -158.026122394731118, 21.387024420623437 ], [ -158.026669394758699, 21.386715420788335 ], [ -158.027457395101067, 21.386261420573405 ], [ -158.027698395415626, 21.386129420792329 ], [ -158.027751395160152, 21.386101420402738 ], [ -158.028223395328695, 21.385830420518118 ], [ -158.028566394947887, 21.385655420556574 ], [ -158.028986395417689, 21.385433421129353 ], [ -158.029025395416369, 21.385410420969883 ], [ -158.031390394690533, 21.384074420623271 ], [ -158.03174039463255, 21.383877420547893 ], [ -158.032020394945988, 21.383711421000125 ], [ -158.032175394894608, 21.383623420546492 ], [ -158.03211539482885, 21.383552420873276 ], [ -158.032067395315806, 21.383496420991651 ], [ -158.032023395087833, 21.383436420925907 ], [ -158.03194039486192, 21.383339420954364 ], [ -158.031881394842259, 21.383269421327189 ], [ -158.031526394677996, 21.382847420774183 ], [ -158.031247395316484, 21.382516420815641 ], [ -158.031044394959281, 21.382258420622637 ], [ -158.030598395100128, 21.381719420975546 ], [ -158.030480395060835, 21.381569421260735 ], [ -158.030162394802574, 21.381167420729881 ], [ -158.030139394642475, 21.381138421192716 ], [ -158.029807395538029, 21.380714421447152 ], [ -158.02889839503743, 21.379553421028259 ], [ -158.028808395388438, 21.37944642149542 ], [ -158.02851639542817, 21.379098420753824 ], [ -158.028465394877685, 21.379033421357029 ], [ -158.028309394886747, 21.378833421137699 ], [ -158.028276395165477, 21.37878742081751 ], [ -158.027946395254475, 21.378318420798188 ], [ -158.027773395380251, 21.378061421550921 ], [ -158.027749395174254, 21.378022421553197 ], [ -158.027589394999865, 21.377758421084344 ], [ -158.027447395654463, 21.377525421144004 ], [ -158.027385395496992, 21.377419421657557 ], [ -158.027257394997889, 21.377197421324684 ], [ -158.027108395330828, 21.376898421042704 ], [ -158.027022394967929, 21.376708421284722 ], [ -158.026872395255509, 21.376354421167733 ], [ -158.02678339565395, 21.376145421434003 ], [ -158.026717395312772, 21.375992421581614 ], [ -158.026764395680118, 21.375967421330124 ], [ -158.026815395332477, 21.375940420986609 ], [ -158.026905394983515, 21.37589242147504 ], [ -158.02695339539693, 21.375868421269651 ], [ -158.027087395277022, 21.375797421598655 ], [ -158.027353394945067, 21.375655421357305 ], [ -158.028148395609577, 21.37523342171696 ], [ -158.028178395193521, 21.375216420934368 ], [ -158.028224395514655, 21.375199421051317 ], [ -158.028356395302438, 21.375139420987555 ], [ -158.028572395363852, 21.37505442157212 ], [ -158.02884839549219, 21.374947421144174 ], [ -158.028998395209982, 21.374897421541167 ], [ -158.029037395208519, 21.374884420942912 ], [ -158.029155395250228, 21.374848421085009 ], [ -158.029195395294863, 21.374836421432125 ], [ -158.029383394965009, 21.374778421461151 ], [ -158.029553395604353, 21.374726421766301 ], [ -158.029709395598417, 21.374688421816753 ], [ -158.029799395248659, 21.374698421379001 ], [ -158.029851394946519, 21.3747174213553 ], [ -158.029954395196228, 21.374694421196534 ], [ -158.03014739509652, 21.374654421155277 ], [ -158.030553394919451, 21.374567421649928 ], [ -158.030652394984742, 21.374551421813528 ], [ -158.030798395417179, 21.374526421563186 ], [ -158.03104139492342, 21.374487421568553 ], [ -158.031374394979281, 21.374454421851286 ], [ -158.031913395533877, 21.374424421375256 ], [ -158.032201395314559, 21.374414421817391 ], [ -158.032784395198348, 21.374406421455671 ], [ -158.033449395263204, 21.374398421094966 ], [ -158.033468395239339, 21.374398421095187 ], [ -158.033914395105739, 21.374389421585178 ], [ -158.034110395143784, 21.37438642144928 ], [ -158.035311394725625, 21.374354421788109 ], [ -158.03557639524513, 21.374348421514849 ], [ -158.035777394614144, 21.374350421609289 ], [ -158.035832395349871, 21.374346421425738 ], [ -158.036446394863447, 21.374331421641337 ], [ -158.039108395215266, 21.374280421122062 ], [ -158.040287394682679, 21.374247421414605 ], [ -158.040432395068734, 21.374244421278114 ], [ -158.040553394348848, 21.374244421279517 ], [ -158.040757394755531, 21.374239421950907 ], [ -158.040985394469658, 21.374220421977839 ], [ -158.041114395018042, 21.374200421957596 ], [ -158.041257394413037, 21.374162422007846 ], [ -158.041300394595964, 21.374145421225453 ], [ -158.041377394547197, 21.374104421136771 ], [ -158.041574394633017, 21.373972421355276 ], [ -158.042565394439549, 21.373296421710705 ], [ -158.043550394869214, 21.372595421814065 ], [ -158.043696394403298, 21.372495421707001 ], [ -158.044034394692176, 21.372262421772287 ], [ -158.0453213946505, 21.37138442182161 ], [ -158.045886394608885, 21.37101842205961 ], [ -158.047829394222163, 21.369767422025653 ], [ -158.050273394441348, 21.368209422248242 ], [ -158.05103839462376, 21.367711421805485 ], [ -158.051144394112981, 21.367642422226265 ], [ -158.051745394831073, 21.367258422535105 ], [ -158.051775394415017, 21.367240421706526 ], [ -158.051834394436213, 21.367193422240636 ], [ -158.052008394361508, 21.367065421743707 ], [ -158.052122394219879, 21.3669574221672 ], [ -158.052256394101107, 21.366801422178987 ], [ -158.052301394376769, 21.3667394220221 ], [ -158.052725394136644, 21.366133421997521 ], [ -158.052774394596696, 21.36606442241769 ], [ -158.052850394502912, 21.365944422288099 ], [ -158.053619393984832, 21.364352422724057 ], [ -158.053810394696541, 21.363994422426888 ], [ -158.054111394183082, 21.363519422138673 ], [ -158.054136394436171, 21.363483422279625 ], [ -158.054007394789295, 21.363338422794978 ], [ -158.053966394699302, 21.363299422796999 ], [ -158.053878394243185, 21.363189422226704 ], [ -158.053856394130804, 21.363039422513005 ], [ -158.053831394779905, 21.362859422316951 ], [ -158.053784394414294, 21.362754421977353 ], [ -158.053737394048994, 21.36262742242327 ], [ -158.053696394858775, 21.362550422473941 ], [ -158.053657394861972, 21.362432422435141 ], [ -158.053649394493647, 21.362407422183001 ], [ -158.053596394751338, 21.362269422122239 ], [ -158.053537394732217, 21.362159422451583 ], [ -158.053449394278317, 21.361884422376335 ], [ -158.053408394189688, 21.361740422039379 ], [ -158.053314394357983, 21.361514422422029 ], [ -158.053243394686007, 21.361344422685963 ], [ -158.053190394044833, 21.361173422904081 ], [ -158.053179394439411, 21.361013422729926 ], [ -158.053177394347529, 21.360995422800286 ], [ -158.053170394925274, 21.360920422943487 ], [ -158.053167394787636, 21.360876422715727 ], [ -158.053176394303932, 21.36080842228214 ], [ -158.05319339418935, 21.360699422658428 ], [ -158.05320439469719, 21.360626422893905 ], [ -158.053238394468195, 21.360397422240577 ], [ -158.053238394470128, 21.36025342280346 ], [ -158.053285394839236, 21.360094422676021 ], [ -158.053314394377765, 21.360028422334814 ], [ -158.053344394862904, 21.359868422161128 ], [ -158.053344394867764, 21.359499422254487 ], [ -158.053403394890552, 21.359334422750219 ], [ -158.053556394750785, 21.358965422845312 ], [ -158.053620394103433, 21.358893422228189 ], [ -158.053632394657228, 21.358827422786046 ], [ -158.053738394147416, 21.358684422496886 ], [ -158.053879394353686, 21.358343422982024 ], [ -158.054032394211703, 21.358139422582113 ], [ -158.05415039425688, 21.357841422349356 ], [ -158.054167394141075, 21.357825422512018 ], [ -158.054226394164033, 21.35764942250114 ], [ -158.054244394094724, 21.357605423173002 ], [ -158.054379394925405, 21.357142422536139 ], [ -158.054457394928562, 21.35666142286831 ], [ -158.054485394422358, 21.356492423179432 ], [ -158.054485394423892, 21.356377422379918 ], [ -158.054520394238409, 21.356344422659163 ], [ -158.054520394240313, 21.356200423222052 ], [ -158.054579394263783, 21.355986423259772 ], [ -158.054562394382117, 21.355809423201968 ], [ -158.054609394751907, 21.355600422570589 ], [ -158.054656394221666, 21.355446422673438 ], [ -158.054715394244454, 21.355281423169185 ], [ -158.05477939449753, 21.35512742327224 ], [ -158.054809394081872, 21.355077422768531 ], [ -158.054853394312488, 21.354939422708942 ], [ -158.054862394727394, 21.354923422871504 ], [ -158.054838394522079, 21.354829423038801 ], [ -158.05483839452458, 21.354642422520662 ], [ -158.054979394730196, 21.354350422564455 ], [ -158.055027394247475, 21.354086422997369 ], [ -158.055027394253727, 21.353618423028021 ], [ -158.055044394141589, 21.35332642307036 ], [ -158.055115394718314, 21.353089422948365 ], [ -158.055262394302616, 21.352676422815712 ], [ -158.055321394326796, 21.352412423248747 ], [ -158.055362394420541, 21.352169422850086 ], [ -158.055370394789406, 21.35215242296654 ], [ -158.055380394351431, 21.35210942278502 ], [ -158.055480394466883, 21.351789423337511 ], [ -158.055750394324946, 21.35121742307831 ], [ -158.055880394924003, 21.350848423173183 ], [ -158.055868394373817, 21.350644422771342 ], [ -158.055751394383663, 21.35026942348626 ], [ -158.055715394525123, 21.350148423309317 ], [ -158.055709394248822, 21.350137422802625 ], [ -158.055704394919587, 21.35000042278849 ], [ -158.055686394093271, 21.349768422895711 ], [ -158.055569394128213, 21.347516423502952 ], [ -158.055569394148847, 21.345974423534646 ], [ -158.055481394594437, 21.345687423806051 ], [ -158.055328394741792, 21.345489423678877 ], [ -158.054958394788457, 21.344872423138384 ], [ -158.054771394271228, 21.344469423462396 ], [ -158.054711394206322, 21.344338423723897 ], [ -158.05459839439817, 21.344134423320863 ], [ -158.054330394646342, 21.343649423464711 ], [ -158.054195394728282, 21.343115424051529 ], [ -158.054065395045967, 21.342179424111215 ], [ -158.053983394869846, 21.341810423304278 ], [ -158.053977394594227, 21.341744423861922 ], [ -158.053954394437341, 21.341479423348634 ], [ -158.053919394627457, 21.341165424175884 ], [ -158.053778394428889, 21.34093442342834 ], [ -158.053478395000212, 21.340526423520714 ], [ -158.05340339514305, 21.340421424080102 ], [ -158.053184394948772, 21.340113423382871 ], [ -158.053180394764496, 21.340109424097875 ], [ -158.053085394884874, 21.340025423825544 ], [ -158.052929394896921, 21.339607423459089 ], [ -158.052800394353483, 21.339260423664729 ], [ -158.052773394909053, 21.339187423899737 ], [ -158.052640395080772, 21.338829423598778 ], [ -158.052401394866081, 21.338382423694419 ], [ -158.05219139508759, 21.337989423579291 ], [ -158.051797394937893, 21.336613424056665 ], [ -158.051008394569209, 21.335592423791301 ], [ -158.049855394521757, 21.33409742417528 ], [ -158.049124395025927, 21.333151423767298 ], [ -158.048233395355055, 21.331998424616227 ], [ -158.048220394756441, 21.331966424041685 ], [ -158.048181394759325, 21.331873424254823 ], [ -158.048169395106129, 21.331842424625638 ], [ -158.047632394645007, 21.331777424323786 ], [ -158.046021395060166, 21.331583424363558 ], [ -158.045485395544404, 21.331519424107739 ], [ -158.04518939539517, 21.331527424472704 ], [ -158.044301394947297, 21.33155342386096 ], [ -158.044006394844104, 21.331562424271961 ], [ -158.043768395568719, 21.331567424499386 ], [ -158.043055395090704, 21.331584424374544 ], [ -158.04281839496204, 21.331591423794855 ], [ -158.042678395705678, 21.331594423931307 ], [ -158.042307395697861, 21.331602424295379 ], [ -158.042258395238719, 21.331601424248767 ], [ -158.042119395129163, 21.331600424201021 ], [ -158.041932395517364, 21.330745424393065 ], [ -158.041499395377599, 21.328757424564021 ], [ -158.041020395794078, 21.32841242395828 ], [ -158.040311395507445, 21.327901424698105 ], [ -158.040273395557108, 21.327755424269075 ], [ -158.040226395191013, 21.327686424688075 ], [ -158.04014239581835, 21.327594424047454 ], [ -158.040045395846136, 21.327542424349492 ], [ -158.039939395458816, 21.327517424096186 ], [ -158.039700395238299, 21.32750542444003 ], [ -158.039537395821725, 21.327489424600557 ], [ -158.039381395828372, 21.327474424807264 ], [ -158.039088395817629, 21.327457424020853 ], [ -158.038935395063447, 21.327424424297913 ], [ -158.038856395021241, 21.327377424830459 ], [ -158.038776395832798, 21.327290424420099 ], [ -158.038690395469501, 21.327134424429264 ], [ -158.038560395778262, 21.326867424721858 ], [ -158.038484395875543, 21.326727424568706 ], [ -158.038416395441288, 21.326647424480889 ], [ -158.038062395320054, 21.326464424142738 ], [ -158.037852395537783, 21.326350424286087 ], [ -158.037681395754134, 21.326221424638366 ], [ -158.037613395319653, 21.326158424434187 ], [ -158.03747139597462, 21.325903424379927 ], [ -158.037404395587203, 21.325772424641382 ], [ -158.036959395778752, 21.324899424900664 ], [ -158.036878395645886, 21.324740424771747 ], [ -158.036551395875108, 21.324135424784298 ], [ -158.036498395232996, 21.324036424720944 ], [ -158.03572339551593, 21.322532424694728 ], [ -158.035472395648299, 21.322035424286078 ], [ -158.035363396024565, 21.321829424690247 ], [ -158.034961395498073, 21.321064424527918 ], [ -158.034654395749499, 21.320463424724899 ], [ -158.034101395463495, 21.319429424762827 ], [ -158.034063395512248, 21.319349424675355 ], [ -158.033945395474433, 21.319098424805631 ], [ -158.033915395892137, 21.318993424466214 ], [ -158.033911395708657, 21.318934424446983 ], [ -158.033933395824533, 21.318824424777265 ], [ -158.033958396077793, 21.318773425126768 ], [ -158.034029395753464, 21.318669424834649 ], [ -158.034105395658884, 21.318609424770262 ], [ -158.034247395907641, 21.3185374250534 ], [ -158.034371395326872, 21.318476424943551 ], [ -158.035013396134474, 21.318182424901213 ], [ -158.035787395830397, 21.317839425301781 ], [ -158.037201395342748, 21.317180424646743 ], [ -158.037893395756555, 21.316867424629308 ], [ -158.0385483953647, 21.316555424657466 ], [ -158.039320395867946, 21.316202425496815 ], [ -158.04010939535587, 21.315847425344927 ], [ -158.040839395722458, 21.315497425422578 ], [ -158.042236395350557, 21.314854425504297 ], [ -158.044022395818189, 21.314033425486961 ], [ -158.044771395260938, 21.313731425077467 ], [ -158.044926395208932, 21.313692425081868 ], [ -158.044880395789733, 21.313515425023702 ], [ -158.044864395057573, 21.313140425739821 ], [ -158.044816395559394, 21.3119904258375 ], [ -158.044801395774641, 21.311470425271722 ], [ -158.044785395044983, 21.310913425699969 ], [ -158.044762395792532, 21.310271425810772 ], [ -158.044696395475512, 21.308348425382238 ], [ -158.044675395415936, 21.307707425539171 ], [ -158.044574395269848, 21.306885425453309 ], [ -158.044529395899389, 21.306514425453962 ], [ -158.0444043955643, 21.304408425590076 ], [ -158.044355396015675, 21.303582426219965 ], [ -158.044375395143334, 21.303233426335261 ], [ -158.044434395178229, 21.302186425781748 ], [ -158.044455395251305, 21.301838425943089 ], [ -158.044430395940196, 21.29874742658285 ], [ -158.044369395931454, 21.291142427078967 ], [ -158.04422539559144, 21.291148426454239 ], [ -158.044229395796634, 21.289624426415472 ], [ -158.044240395446593, 21.28653342705562 ], [ -158.044268395957602, 21.277801427810747 ], [ -158.044300395765134, 21.268267428502895 ], [ -158.044354396686174, 21.251607429268443 ], [ -158.044360396085665, 21.250002429096604 ], [ -158.044370396590551, 21.246842429256887 ], [ -158.044370396591461, 21.246777429860686 ], [ -158.044443396412419, 21.242877430116106 ], [ -158.049262396332921, 21.242552429597062 ], [ -158.052582396431745, 21.242151430056143 ], [ -158.059824395590624, 21.241277430363819 ], [ -158.072493395678805, 21.241926429831711 ], [ -158.076937395415371, 21.240981430432541 ], [ -158.084933395153115, 21.239283430573071 ], [ -158.091600394803521, 21.237866430148639 ], [ -158.110091394275088, 21.237074430774758 ], [ -158.12226839326047, 21.238653430798411 ], [ -158.134774392984951, 21.242394430568471 ], [ -158.142069392709573, 21.246840430365857 ], [ -158.142268392885683, 21.246840430368302 ], [ -158.144525392538441, 21.248420430315143 ], [ -158.146782392191199, 21.250000430261942 ], [ -158.149268392500829, 21.251740430385478 ], [ -158.150017391928401, 21.252504430505784 ], [ -158.15406839236951, 21.256639430329187 ], [ -158.157645391650505, 21.261061429874026 ], [ -158.159568392090137, 21.263439429694699 ], [ -158.161168392013479, 21.267439429565847 ], [ -158.164368391903395, 21.27233842948926 ], [ -158.176817390184766, 21.320821426714961 ], [ -158.182063389711033, 21.341250425103802 ], [ -158.182757390175794, 21.343954425532729 ], [ -158.183267389366733, 21.345938425176897 ], [ -158.186977389372231, 21.351065424812166 ], [ -158.188615389272911, 21.353327424681723 ], [ -158.188645389755351, 21.353369424817654 ], [ -158.188736389450071, 21.353495424326127 ], [ -158.188767389079231, 21.353537424462068 ], [ -158.190224389659562, 21.353828424390716 ], [ -158.193267389569229, 21.354437424593648 ], [ -158.201366388590401, 21.357236424088157 ], [ -158.204486388444224, 21.358316424399053 ], [ -158.206566388946271, 21.359036424306499 ], [ -158.212566388378548, 21.36183542467537 ], [ -158.217766387822849, 21.364535424072848 ], [ -158.222166388163828, 21.368235423648017 ], [ -158.228297387283845, 21.375006423477348 ], [ -158.228866387412836, 21.375634423626735 ], [ -158.231866387074461, 21.381134423342296 ], [ -158.235224387017098, 21.388667423157194 ], [ -158.235566387476752, 21.389434422510611 ], [ -158.237066387234762, 21.397734422552524 ], [ -158.238566387029863, 21.403234422250119 ], [ -158.238860387065245, 21.404863421730042 ], [ -158.239744386364265, 21.409752422060606 ], [ -158.240039386445801, 21.41138242158662 ], [ -158.240066386788556, 21.411534421392332 ], [ -158.241396386907695, 21.412217421385158 ], [ -158.245798386460592, 21.414479421284891 ], [ -158.246507386726904, 21.416507421157984 ], [ -158.247266386592884, 21.41901442150705 ], [ -158.249041386531957, 21.419670421160752 ], [ -158.252025386401925, 21.421691420737314 ], [ -158.252941386331855, 21.422312420568051 ], [ -158.257658385997189, 21.425533420568495 ], [ -158.26376338570995, 21.432992420601689 ], [ -158.263778385501411, 21.433022420184756 ], [ -158.266262385678175, 21.437927420369952 ], [ -158.268039384773232, 21.441436420109856 ], [ -158.268346385421097, 21.442041420095965 ], [ -158.275016385103925, 21.448181419646037 ], [ -158.276255384621379, 21.449322419145592 ], [ -158.276462385162006, 21.449635419173141 ], [ -158.278632384381666, 21.45291841930116 ], [ -158.28134138414444, 21.457016419196137 ], [ -158.28146338436747, 21.457201418723933 ], [ -158.285949384120386, 21.465167418702958 ], [ -158.287950384524862, 21.470156418253364 ], [ -158.289779384204365, 21.474717417876448 ], [ -158.290132384270379, 21.475599418028953 ], [ -158.290279383844364, 21.47596541779853 ], [ -158.290513383803415, 21.478410417983543 ], [ -158.290604383487789, 21.479356417483125 ], [ -158.291562383435917, 21.489361416893665 ], [ -158.290178383424376, 21.496825417070887 ], [ -158.293267383661231, 21.496824417058768 ], [ -158.301367383660562, 21.496821417009595 ], [ -158.301213382840132, 21.498411416486348 ], [ -158.301059382919078, 21.500001416862435 ], [ -158.300117383460417, 21.509730416131418 ], [ -158.298667383013509, 21.524721414904167 ], [ -158.31726738190298, 21.538911414776287 ], [ -158.31765338169896, 21.539151414141774 ], [ -158.328666381833727, 21.546003414145986 ], [ -158.335066381645248, 21.553997413631265 ], [ -158.339565381121332, 21.560292413094636 ], [ -158.340102380673045, 21.561118413367698 ], [ -158.342165380361251, 21.564289412830469 ], [ -158.344065380604746, 21.569786412388641 ], [ -158.34466438022983, 21.577682411794555 ], [ -158.344664380163607, 21.583180412277784 ], [ -158.342163380843999, 21.59117841095232 ], [ -158.339562380544265, 21.596678410601168 ], [ -158.335062380851326, 21.604576410046018 ], [ -158.329961380483326, 21.609377409854588 ], [ -158.327735380411497, 21.611837409804455 ], [ -158.324261381276301, 21.615678409487213 ], [ -158.319760380712836, 21.617280409471384 ], [ -158.311959380948537, 21.621783409019177 ], [ -158.309759381204259, 21.621784409042547 ], [ -158.30192438172466, 21.621790409238123 ], [ -158.289606382486795, 21.62536740836418 ], [ -158.278170382531641, 21.62784540814982 ], [ -158.267698382953171, 21.628068408419427 ], [ -158.247251383281963, 21.631089407938759 ], [ -158.230236384400627, 21.630819407921035 ], [ -158.214973385275187, 21.633108407058891 ], [ -158.199618385517539, 21.634477406995458 ], [ -158.187006386280473, 21.632577407500445 ], [ -158.175019386147454, 21.632012407438694 ], [ -158.166508386943519, 21.636039406646393 ], [ -158.155511387409689, 21.639735406773514 ], [ -158.148860387593913, 21.642002405886938 ], [ -158.144523387350006, 21.646942405815338 ], [ -158.139214387269874, 21.653220405299614 ], [ -158.135077387260111, 21.657132404652931 ], [ -158.134167387588178, 21.657992404679074 ], [ -158.133403387452262, 21.658561404795098 ], [ -158.128319387875734, 21.662348404677815 ], [ -158.128078387561459, 21.662480404459131 ], [ -158.126149387699343, 21.663547404115516 ], [ -158.122257388206748, 21.665701404349051 ], [ -158.121328388581105, 21.664599404850783 ], [ -158.120608387790554, 21.66377840480563 ], [ -158.120243388133815, 21.657308404515156 ], [ -158.119058388351846, 21.660715404923529 ], [ -158.118206388645859, 21.662318404993467 ], [ -158.117358388224915, 21.66391440474105 ], [ -158.116468388572088, 21.665042404519138 ], [ -158.114758387996204, 21.667213404658263 ], [ -158.114269387930761, 21.668679403818487 ], [ -158.113815388579866, 21.670042403631594 ], [ -158.113557388374318, 21.670813404062272 ], [ -158.112958388632507, 21.672611404121916 ], [ -158.112755388266265, 21.673116403994275 ], [ -158.112454388777593, 21.673871403687684 ], [ -158.111639388073712, 21.675904403775714 ], [ -158.110357388321489, 21.679108403827847 ], [ -158.108876388398386, 21.68185440347019 ], [ -158.1078383882124, 21.683783403263174 ], [ -158.106857388855417, 21.685605402625704 ], [ -158.103996388269366, 21.690914402477048 ], [ -158.103357388490167, 21.692102402323091 ], [ -158.099857388137536, 21.697500401770455 ], [ -158.095557388693607, 21.702998402218192 ], [ -158.088567388497808, 21.709485401421603 ], [ -158.088557388936209, 21.709495400982703 ], [ -158.083358389463342, 21.712695400812962 ], [ -158.081773389262537, 21.713883400649966 ], [ -158.078958389033602, 21.715994400713882 ], [ -158.071958389312783, 21.719194400526991 ], [ -158.067658389868996, 21.724691400030615 ], [ -158.062358389315023, 21.730089399462159 ], [ -158.057158389771615, 21.735486399748236 ], [ -158.050158390037296, 21.739884398976269 ], [ -158.044958390542064, 21.740885399160295 ], [ -158.040558390136141, 21.741985398515403 ], [ -158.035358390639544, 21.74308639880833 ], [ -158.030958390245473, 21.743087398812303 ], [ -158.025145391259315, 21.746203398367491 ], [ -158.024058390629222, 21.746786398226519 ], [ -158.008249391443968, 21.755307397493418 ], [ -157.997258392152531, 21.761594397345771 ], [ -157.991762391603459, 21.762968396719511 ], [ -157.978332392410209, 21.763000397167165 ], [ -157.955083393182605, 21.758627397003139 ], [ -157.941799393563656, 21.75458239674964 ], [ -157.931611394534542, 21.74818539702429 ], [ -157.930263394489771, 21.746777397818164 ], [ -157.92790439461794, 21.745985397293921 ], [ -157.92422739428855, 21.743454397608382 ], [ -157.921959395026505, 21.741379397353011 ], [ -157.913916395032771, 21.73289739785168 ], [ -157.910531395579028, 21.729326397936337 ], [ -157.90925939543817, 21.727984398172882 ], [ -157.905359395624743, 21.725484399012917 ], [ -157.90045939559721, 21.723084399052699 ], [ -157.900433396198082, 21.723060398846432 ], [ -157.900012395689117, 21.722676398244744 ], [ -157.898159395760217, 21.720984398544413 ], [ -157.896459395697804, 21.718285399233821 ], [ -157.894259395987518, 21.714786399047934 ], [ -157.891460396546449, 21.712086399680544 ], [ -157.88816039649646, 21.709986399162286 ], [ -157.884760396335196, 21.707885399496352 ], [ -157.881460396291772, 21.705186399270531 ], [ -157.876798396503716, 21.696962399989236 ], [ -157.876360397014423, 21.696189400357909 ], [ -157.87226039706573, 21.685892400939334 ], [ -157.870800397266692, 21.683544400708239 ], [ -157.866422397961799, 21.67650140096001 ], [ -157.865481397786482, 21.674987401371652 ], [ -157.865004397400412, 21.674130401468556 ], [ -157.861670397626455, 21.66814340180019 ], [ -157.86022539762223, 21.66554740183863 ], [ -157.854218397993407, 21.650293402535233 ], [ -157.853817398414463, 21.649173403110986 ], [ -157.851508398213042, 21.642722402767085 ], [ -157.847458398784084, 21.631404403988281 ], [ -157.844163399051638, 21.621807404436627 ], [ -157.843212399310545, 21.620690404245423 ], [ -157.84035939918806, 21.617342404709341 ], [ -157.839409399493093, 21.616226404564181 ], [ -157.837263399563, 21.61370640449741 ], [ -157.834363399048357, 21.612506404960332 ], [ -157.834157399449907, 21.612402404665175 ], [ -157.83196339998932, 21.611305404482966 ], [ -157.824563399898665, 21.607104405185524 ], [ -157.818663399672403, 21.603403405548057 ], [ -157.817031400030459, 21.602067405156163 ], [ -157.814263400214571, 21.599803405181351 ], [ -157.811566400064379, 21.598270405598271 ], [ -157.81066240068327, 21.597756405299194 ], [ -157.809863400743779, 21.597302405066593 ], [ -157.808192400205229, 21.595870405648903 ], [ -157.807403400729157, 21.595194405084726 ], [ -157.806607400930631, 21.594511405996737 ], [ -157.804963400736568, 21.593102405839861 ], [ -157.804282400841402, 21.592397405739831 ], [ -157.803554400579799, 21.59164440612669 ], [ -157.802063401142135, 21.590102406141334 ], [ -157.79912140142568, 21.585863406037685 ], [ -157.798663401013727, 21.585203406213719 ], [ -157.797164401238945, 21.581004406168443 ], [ -157.795164400870107, 21.576105406255095 ], [ -157.793764401160729, 21.571906407109903 ], [ -157.793264401547702, 21.568207406719797 ], [ -157.79171040192017, 21.565409407344525 ], [ -157.79126440116363, 21.564607407276124 ], [ -157.790264401886446, 21.561508407533921 ], [ -157.788590402123646, 21.558864407155816 ], [ -157.7883644016066, 21.558508407845 ], [ -157.78815140168814, 21.558188407494395 ], [ -157.786810401973554, 21.556178407540212 ], [ -157.786364402114771, 21.555508407255697 ], [ -157.784812401682899, 21.552486407456474 ], [ -157.784464401843366, 21.551809407749921 ], [ -157.782965402054799, 21.548810408111034 ], [ -157.780965402577579, 21.544610408013597 ], [ -157.779980402168206, 21.543584408414908 ], [ -157.778565402634683, 21.542111408010186 ], [ -157.777608402615357, 21.541154408891572 ], [ -157.777569402617388, 21.541115408893681 ], [ -157.777454402715648, 21.541000408092728 ], [ -157.77741640276372, 21.540962408140864 ], [ -157.776165402690566, 21.539711408968877 ], [ -157.775013402680884, 21.538605408381866 ], [ -157.774374402921353, 21.537992408921717 ], [ -157.773665402635174, 21.537311409027055 ], [ -157.768265402979694, 21.532411409030175 ], [ -157.765023402916142, 21.529323408870681 ], [ -157.761945403213161, 21.526392408748904 ], [ -157.750938403358447, 21.516461409912552 ], [ -157.74726540409543, 21.515310409923732 ], [ -157.74114240431399, 21.517379409818101 ], [ -157.727738404471836, 21.519787409059635 ], [ -157.712650405289281, 21.520786409042195 ], [ -157.712188404684639, 21.520817408666357 ], [ -157.706492404833512, 21.519563409308045 ], [ -157.702627405711837, 21.518712408744474 ], [ -157.692710405661074, 21.513472409225677 ], [ -157.683507406140393, 21.507810409164314 ], [ -157.677791406323877, 21.50185641008084 ], [ -157.673000406812946, 21.49995840985007 ], [ -157.660963407072671, 21.496792409598356 ], [ -157.659945406940864, 21.495774410366785 ], [ -157.658863407458, 21.494692409985579 ], [ -157.656728407125996, 21.492902410260537 ], [ -157.655763407635163, 21.492092409817232 ], [ -157.655665407617789, 21.491943410148469 ], [ -157.653663407134729, 21.488893409951231 ], [ -157.650563407326729, 21.485093410273784 ], [ -157.650012408028061, 21.484212410162232 ], [ -157.648563407837088, 21.481894410408678 ], [ -157.647740407701718, 21.480541411038931 ], [ -157.645463408045345, 21.476795411159205 ], [ -157.642863407903718, 21.472296410770145 ], [ -157.641263407984098, 21.467197411536674 ], [ -157.640763408382838, 21.462698412069688 ], [ -157.641863407865713, 21.458200411766985 ], [ -157.643364407838959, 21.453802412477032 ], [ -157.645464408443331, 21.448705412477011 ], [ -157.647464408013178, 21.445507412701616 ], [ -157.649501408387408, 21.442404412805434 ], [ -157.649565407740454, 21.442308412881381 ], [ -157.65001340770678, 21.441756412644608 ], [ -157.652165407978543, 21.439110413112779 ], [ -157.650014407824273, 21.436122413070624 ], [ -157.64856540852935, 21.434110413919793 ], [ -157.646425407980018, 21.43132841347251 ], [ -157.645565408835125, 21.430211413279935 ], [ -157.64246540902829, 21.426411413601123 ], [ -157.640947408372909, 21.422807413973558 ], [ -157.640865409093465, 21.422611413938917 ], [ -157.638565409291203, 21.417812414124459 ], [ -157.638223408841696, 21.416144414641192 ], [ -157.637784409324468, 21.414007414241013 ], [ -157.637765409349441, 21.413913414408164 ], [ -157.636265408639787, 21.409113414556401 ], [ -157.635807409136135, 21.407770414751464 ], [ -157.63510540919026, 21.405706415012325 ], [ -157.634665409616161, 21.404414414858465 ], [ -157.634179408833461, 21.402213415107354 ], [ -157.633166408978582, 21.397615415570954 ], [ -157.632366409047677, 21.39291641588186 ], [ -157.632366409065583, 21.391536416176574 ], [ -157.63236640908525, 21.390017416364788 ], [ -157.631227409683135, 21.388254416094245 ], [ -157.629266409292086, 21.385217416494307 ], [ -157.628466409349755, 21.381418415987195 ], [ -157.628466409412312, 21.376619417097267 ], [ -157.625966410246065, 21.375006416524826 ], [ -157.625366409582824, 21.374619416680741 ], [ -157.622266409752058, 21.372718417226416 ], [ -157.622266409763768, 21.371819417190896 ], [ -157.620066410065448, 21.367679417150118 ], [ -157.615334410629345, 21.361648417222344 ], [ -157.608234410927508, 21.353057418073863 ], [ -157.60789641064963, 21.352398418295973 ], [ -157.607099410816517, 21.350846417854108 ], [ -157.604709411363274, 21.346191418373291 ], [ -157.603913410676967, 21.34464041797747 ], [ -157.603467410821168, 21.343772418465026 ], [ -157.602313410734524, 21.341524418339514 ], [ -157.602223411089028, 21.341138418547239 ], [ -157.602003410856582, 21.340189418904206 ], [ -157.601852411101618, 21.339541418735703 ], [ -157.601400410983615, 21.33759741823021 ], [ -157.601250411274805, 21.33695041900711 ], [ -157.600187410915822, 21.332377418821309 ], [ -157.598736411586032, 21.326127419635796 ], [ -157.598027411392877, 21.318494419715702 ], [ -157.597594411287929, 21.313820420281299 ], [ -157.60764941147221, 21.31382342053795 ], [ -157.622268410624287, 21.313829420087277 ], [ -157.637815410268473, 21.313891420428082 ], [ -157.644254410200119, 21.313918420848182 ], [ -157.647871409596831, 21.313932420636338 ], [ -157.648981409523429, 21.311007420834237 ], [ -157.649178409611352, 21.310752420783505 ], [ -157.649772410013412, 21.30998742063128 ], [ -157.649971410193473, 21.309733420626664 ], [ -157.65020141000241, 21.309555420525289 ], [ -157.650894409567258, 21.30902342121276 ], [ -157.651125409422235, 21.308846421157487 ], [ -157.651419409482259, 21.308667421010888 ], [ -157.651459409527121, 21.308643420805321 ], [ -157.651515409409626, 21.308646420944157 ], [ -157.652444409948913, 21.308700420744209 ], [ -157.652789409658368, 21.308720420770054 ], [ -157.652825409518556, 21.30872242086263 ], [ -157.652934410044537, 21.308730421232326 ], [ -157.652971409950794, 21.308733421370949 ], [ -157.653816409313208, 21.309095420966088 ], [ -157.654609409877025, 21.309435421345949 ], [ -157.655302409437496, 21.309230420905934 ], [ -157.655686410046542, 21.309117421102115 ], [ -157.656429409213246, 21.308898420917203 ], [ -157.657312409435661, 21.308638420644289 ], [ -157.658624409633717, 21.308938420986721 ], [ -157.660440409688448, 21.308137420989702 ], [ -157.660801409232363, 21.308415421206973 ], [ -157.66226040899852, 21.309537420738206 ], [ -157.663066409269277, 21.309337421429113 ], [ -157.665696409020939, 21.31153542106745 ], [ -157.668016408893152, 21.312534421239178 ], [ -157.669962409505558, 21.314456420748485 ], [ -157.671255408814915, 21.315733421121024 ], [ -157.672363408589575, 21.317245420623301 ], [ -157.672420409416446, 21.317322420572978 ], [ -157.672502408696801, 21.317436420428415 ], [ -157.672572409223136, 21.317533420400032 ], [ -157.672845409210566, 21.317669420371576 ], [ -157.672972408766583, 21.317733420622684 ], [ -157.673080409246069, 21.317769420483284 ], [ -157.673406408978138, 21.317877420964525 ], [ -157.673515408604402, 21.317914420871265 ], [ -157.674251409240838, 21.318159420472398 ], [ -157.674472408631601, 21.318233420285853 ], [ -157.675172408506427, 21.318633420729959 ], [ -157.675678408441343, 21.318560420971107 ], [ -157.67587240928728, 21.318533420629237 ], [ -157.676344408549255, 21.318876420244099 ], [ -157.676852408570397, 21.319245421056873 ], [ -157.676972408702824, 21.319333420614562 ], [ -157.677472408356266, 21.319633420947348 ], [ -157.677732408644914, 21.319700420438856 ], [ -157.679052408311549, 21.320045421055145 ], [ -157.679661408492962, 21.320204420291269 ], [ -157.679772409110797, 21.320233420728854 ], [ -157.680219409024005, 21.320233420734123 ], [ -157.680485408690657, 21.320233420737249 ], [ -157.681072408759775, 21.320233420744167 ], [ -157.681399408539789, 21.320200421026843 ], [ -157.68186840856805, 21.320153420666365 ], [ -157.682072408975358, 21.320133420646975 ], [ -157.682258408549814, 21.320366420588275 ], [ -157.682266408918309, 21.320376421048923 ], [ -157.682472408514741, 21.320633420297174 ], [ -157.682522409019811, 21.320655420411665 ], [ -157.682673408782307, 21.320722420801221 ], [ -157.682724408434126, 21.320745420961767 ], [ -157.683213408481095, 21.320962420169739 ], [ -157.684681408668126, 21.321615420583782 ], [ -157.685171408761164, 21.321833420737097 ], [ -157.686171408074728, 21.321933420857832 ], [ -157.686726408473817, 21.321489420200756 ], [ -157.687001408558189, 21.321269420863565 ], [ -157.687672408008495, 21.320734420513364 ], [ -157.688772408335353, 21.320634420417356 ], [ -157.689872408664939, 21.320334421002748 ], [ -157.690754407938329, 21.320334421013136 ], [ -157.692072408416664, 21.320334421028655 ], [ -157.692974408611661, 21.320334421039263 ], [ -157.693072408630854, 21.320334421040421 ], [ -157.693846408323054, 21.320372421001021 ], [ -157.695041408528709, 21.320432421080479 ], [ -157.695072408158495, 21.320434421172937 ], [ -157.695212408315768, 21.320329420835389 ], [ -157.695708407793887, 21.31995842084169 ], [ -157.695874408250148, 21.319835420574758 ], [ -157.696975407732907, 21.319049421260182 ], [ -157.697863408185384, 21.318805420824923 ], [ -157.699878408412928, 21.31825242056096 ], [ -157.701277408132398, 21.317854421133053 ], [ -157.702079408223909, 21.31726442094935 ], [ -157.70348040802898, 21.317351421375434 ], [ -157.704194407661703, 21.316840421231838 ], [ -157.70458040746567, 21.316565421161577 ], [ -157.706378407577859, 21.316651421546293 ], [ -157.707171408131501, 21.317734421071812 ], [ -157.707341407870672, 21.317767420795008 ], [ -157.707746407646084, 21.317844420748767 ], [ -157.709771407422352, 21.318234420747881 ], [ -157.710771407652544, 21.31703442125098 ], [ -157.71277140717595, 21.317434420811029 ], [ -157.712876407518507, 21.317375420792981 ], [ -157.713671407285432, 21.316934421176249 ], [ -157.714687407336385, 21.317012421183264 ], [ -157.714743407218805, 21.317016421368134 ], [ -157.714914407903677, 21.317029421069552 ], [ -157.714971407832138, 21.31703442130053 ], [ -157.716124407001615, 21.317095421425559 ], [ -157.716871407248192, 21.317135421477929 ], [ -157.71897140687085, 21.318434421074233 ], [ -157.719218407460374, 21.318451420960763 ], [ -157.720371407528859, 21.318534421199683 ], [ -157.720979407665368, 21.318595421318282 ], [ -157.721371406842223, 21.318635421366455 ], [ -157.7224234067412, 21.319617420739949 ], [ -157.722871406694793, 21.320034421064587 ], [ -157.723571407456632, 21.32133442069037 ], [ -157.724471406646614, 21.322334420891067 ], [ -157.725871407281772, 21.324134421069751 ], [ -157.726471407054447, 21.323834420749996 ], [ -157.727671406599796, 21.32323442100984 ], [ -157.730380406429759, 21.322741420819426 ], [ -157.730754406577233, 21.322673421289352 ], [ -157.730971406684432, 21.322634421294396 ], [ -157.731891406808415, 21.322704420931778 ], [ -157.732271406331733, 21.322734421418627 ], [ -157.733071406323035, 21.322734421428052 ], [ -157.733498407111284, 21.322876420778364 ], [ -157.734871406520199, 21.323334421203498 ], [ -157.737071406275419, 21.323035420948639 ], [ -157.737152406410331, 21.323053420879294 ], [ -157.738371406819311, 21.323335421290736 ], [ -157.73838340646995, 21.323558420769359 ], [ -157.738402406446113, 21.323561420907744 ], [ -157.738485406673078, 21.323583421022633 ], [ -157.73857940650754, 21.323611421413982 ], [ -157.738667406964908, 21.323638420859847 ], [ -157.738755406522898, 21.323666421251133 ], [ -157.738826406197177, 21.32367142148221 ], [ -157.738919406884946, 21.323693420697897 ], [ -157.739019406096361, 21.323737420926882 ], [ -157.739102406323468, 21.323754420811472 ], [ -157.739190406780779, 21.323781421156649 ], [ -157.739301406499351, 21.323803421271865 ], [ -157.739390406103752, 21.32380942154925 ], [ -157.739443406747142, 21.323820421157137 ], [ -157.739484406837704, 21.323825421387919 ], [ -157.739560406742584, 21.323814420882236 ], [ -157.739607406210268, 21.323820421159077 ], [ -157.739642406923707, 21.323820421159486 ], [ -157.739701406044816, 21.32384242127409 ], [ -157.739754406688292, 21.323847421505008 ], [ -157.73981340670889, 21.323858421112973 ], [ -157.739872406729432, 21.323869420720985 ], [ -157.739930406703962, 21.323875420998004 ], [ -157.740001406378269, 21.323880421229084 ], [ -157.740065406629242, 21.323891420837096 ], [ -157.740124406649954, 21.323891420837793 ], [ -157.740201406600619, 21.323902421345352 ], [ -157.740289406158922, 21.323908420723402 ], [ -157.740424406083747, 21.323957421183046 ], [ -157.740483406104261, 21.323968420791008 ], [ -157.740589406491779, 21.323990420906167 ], [ -157.740671406672476, 21.32402942090464 ], [ -157.740730406692819, 21.324057421295585 ], [ -157.740835406134806, 21.324090421017985 ], [ -157.740912406085243, 21.324117421363098 ], [ -157.741012406196347, 21.324134421247877 ], [ -157.741117406537541, 21.324172421200586 ], [ -157.741159406674143, 21.324178421477416 ], [ -157.741247406232361, 21.324189421085723 ], [ -157.741305406206948, 21.324194421316651 ], [ -157.741370406504217, 21.324189421087166 ], [ -157.741488406545784, 21.324178421481289 ], [ -157.74155240679687, 21.324178421482038 ], [ -157.74160540654097, 21.324189421089937 ], [ -157.741658406285069, 21.324200420697821 ], [ -157.741723406582111, 21.32421142120522 ], [ -157.741829406069911, 21.324260420765206 ], [ -157.742081405988728, 21.324409421335158 ], [ -157.742146406285258, 21.324458420894654 ], [ -157.742275406833187, 21.324486421286434 ], [ -157.74240540652761, 21.324535420846694 ], [ -157.742681406654015, 21.324607421467991 ], [ -157.742822405956105, 21.324646421467165 ], [ -157.742957406780533, 21.324673420913594 ], [ -157.743081406198939, 21.32468442142163 ], [ -157.743351406049527, 21.3247064215387 ], [ -157.743457406437528, 21.324695421033368 ], [ -157.743627406176813, 21.32471742114927 ], [ -157.743827406399078, 21.324744421495787 ], [ -157.743944406393751, 21.324794421101991 ], [ -157.744050405881069, 21.324882420659481 ], [ -157.744238406448289, 21.325014421345067 ], [ -157.74437940664933, 21.325080420789067 ], [ -157.744473406483792, 21.325108421180417 ], [ -157.744567406318509, 21.325119420788784 ], [ -157.744691406636576, 21.325108421182978 ], [ -157.744879406305728, 21.325146421136669 ], [ -157.745149406155662, 21.325218420858523 ], [ -157.745295406587388, 21.325265421226216 ], [ -157.745490406578767, 21.325328421432008 ], [ -157.745819406448476, 21.325471420827203 ], [ -157.746119405882013, 21.325554421056037 ], [ -157.746478406234758, 21.325697421350966 ], [ -157.746666405903881, 21.325741420681602 ], [ -157.7468364065424, 21.325768421027806 ], [ -157.747048406418088, 21.32581242125806 ], [ -157.747159406137087, 21.325801420752786 ], [ -157.747269405810044, 21.325791421192847 ], [ -157.747406405827803, 21.325779420641783 ], [ -157.747535406376329, 21.325763420805735 ], [ -157.747682405954606, 21.325823420872844 ], [ -157.747788406341414, 21.325895421492088 ], [ -157.747970405732246, 21.326071421506082 ], [ -157.74811140593161, 21.326264421403152 ], [ -157.748605406204661, 21.326792421444509 ], [ -157.748717405967994, 21.326913420723297 ], [ -157.748893405982813, 21.327007421457253 ], [ -157.749093406203571, 21.327145420620674 ], [ -157.749205405967501, 21.327222420570973 ], [ -157.749340405892326, 21.327266420800317 ], [ -157.749481406093906, 21.327293421146177 ], [ -157.749675406039984, 21.327299421424744 ], [ -157.749810405965235, 21.32731542126389 ], [ -157.750057405655326, 21.327337421380701 ], [ -157.750257405877534, 21.327370421104224 ], [ -157.750433405893261, 21.3273924212202 ], [ -157.750609405908648, 21.327442420827094 ], [ -157.751168405585389, 21.327535420620208 ], [ -157.751409405897761, 21.327601420964701 ], [ -157.751603405843383, 21.327640420964489 ], [ -157.751708406184889, 21.32765642080328 ], [ -157.751991405734771, 21.327711420641688 ], [ -157.752273406138187, 21.327744421265486 ], [ -157.752479405737489, 21.327777420989136 ], [ -157.752687406328079, 21.327829420688474 ] ] ] ] } }
]
}
