{
"type": "FeatureCollection",
"name": "HI_01262022_Approved",
"crs": { "type": "name", "properties": { "name": "urn:ogc:def:crs:OGC:1.3:CRS84" } },
"features": [
{ "type": "Feature", "properties": { "LONGNAME": "District 1", "SHORTNAME": "D1", "DISTRICT": 1, "COLOR": 1924695680, "GQA_TOTAL": 0, "TOTAL": 726395, "TARGET_DEV": 0, "TARGET_D_1": 0.0, "GE16PRSD_P": 63.12, "GE16PRSR_P": 30.48, "GE20PRSD_P": 63.88, "GE20PRSR_P": 34.45, "PVI": 14.45, "sta": null, "st": null, "label": null, "dist_name": null, "type": null, "type_abb": null, "Elect_year": null }, "geometry": { "type": "Polygon", "coordinates": [ [ [ -157.682083408594593, 21.320430420629862 ], [ -157.682061408595189, 21.3204444206288 ], [ -157.682024408596163, 21.320469420626861 ], [ -157.681874408600976, 21.320509420622734 ], [ -157.681854408601595, 21.320514420622192 ], [ -157.681822408602557, 21.320527420621008 ], [ -157.681785408603758, 21.320534420620199 ], [ -157.681756408604684, 21.320546420619099 ], [ -157.681719408605915, 21.3205534206183 ], [ -157.681694408606631, 21.320564420617313 ], [ -157.681605408609698, 21.320571420615828 ], [ -157.681541408611679, 21.320591420613898 ], [ -157.681447408614815, 21.320608420611787 ], [ -157.681370408617397, 21.320620420610194 ], [ -157.681290408620242, 21.320618420609335 ], [ -157.681222408622517, 21.320632420607712 ], [ -157.68099240863117, 21.320598420607055 ], [ -157.680936408633073, 21.320608420605772 ], [ -157.680882408634886, 21.320613420604825 ], [ -157.680807408637662, 21.320601420604699 ], [ -157.680732408640466, 21.320595420604143 ], [ -157.680655408643275, 21.320588420603656 ], [ -157.680574408646294, 21.320580420603193 ], [ -157.680527408648004, 21.320573420603036 ], [ -157.680460408650447, 21.320571420602356 ], [ -157.680380408653321, 21.320567420601666 ], [ -157.680274408657283, 21.320551420601372 ], [ -157.680196408660294, 21.320537420601291 ], [ -157.680097408664039, 21.320520420601149 ], [ -157.679987408668183, 21.320501420600959 ], [ -157.679928408670463, 21.32049042060094 ], [ -157.679827408674328, 21.320469420601011 ], [ -157.679766408676613, 21.320460420600796 ], [ -157.679724408678283, 21.320448420601043 ], [ -157.679670408680096, 21.320457420599855 ], [ -157.679597408682866, 21.320444420599792 ], [ -157.679516408685885, 21.320430420599649 ], [ -157.679433408689164, 21.320407420600052 ], [ -157.679410408690018, 21.320404420599978 ], [ -157.679357408692027, 21.320392420600033 ], [ -157.679289408694615, 21.320383420599793 ], [ -157.679224408697024, 21.320375420599508 ], [ -157.679177408698706, 21.320372420599153 ], [ -157.679102408701596, 21.320364420598711 ], [ -157.679060408703094, 21.320361420598395 ], [ -157.679007408705075, 21.320351420598406 ], [ -157.678945408707364, 21.320346420597904 ], [ -157.678894408709198, 21.320341420597643 ], [ -157.678855408710774, 21.320329420597911 ], [ -157.678795408712944, 21.32032642059734 ], [ -157.678738408715219, 21.320305420597958 ], [ -157.678687408717281, 21.320290420598241 ], [ -157.678588408721112, 21.320265420598563 ], [ -157.678516408723908, 21.320251420598535 ], [ -157.67844240872671, 21.320237420598541 ], [ -157.678363408729723, 21.320222420598494 ], [ -157.678286408732703, 21.320204420598628 ], [ -157.678234408734795, 21.320188420598956 ], [ -157.678174408737135, 21.320169420599377 ], [ -157.678095408740347, 21.320138420600312 ], [ -157.677997408744488, 21.320092420601899 ], [ -157.677938408747025, 21.320057420603312 ], [ -157.67788640874943, 21.320022420604765 ], [ -157.677833408751724, 21.319985420606322 ], [ -157.677789408753654, 21.319958420607414 ], [ -157.677727408756482, 21.319913420609385 ], [ -157.67769640875801, 21.319882420610863 ], [ -157.677661408759747, 21.3198444206127 ], [ -157.677618408761901, 21.319798420614909 ], [ -157.677588408763341, 21.319771420616188 ], [ -157.677538408765514, 21.319742420617359 ], [ -157.677479408767994, 21.319713420618339 ], [ -157.677434408769926, 21.319688420619283 ], [ -157.677383408772101, 21.319660420620394 ], [ -157.677326408774604, 21.319625420621769 ], [ -157.677248408778155, 21.319569420624205 ], [ -157.677173408781471, 21.319517420626443 ], [ -157.6770864087853, 21.31946542062845 ], [ -157.677005408788887, 21.319411420630743 ], [ -157.676983408789908, 21.319392420631623 ], [ -157.676919408792685, 21.319356420632996 ], [ -157.676843408796088, 21.319304420635195 ], [ -157.676781408798746, 21.319269420636569 ], [ -157.67671640880161, 21.31922842063824 ], [ -157.676666408803783, 21.319198420639392 ], [ -157.676599408806737, 21.319158420641042 ], [ -157.676511408810626, 21.319101420643374 ], [ -157.676438408813823, 21.319054420645312 ], [ -157.676362408817198, 21.319003420647466 ], [ -157.67630340881982, 21.318966420648945 ], [ -157.676274408821058, 21.318953420649365 ], [ -157.676201408824369, 21.318898420651781 ], [ -157.676150408826572, 21.31887242065272 ], [ -157.676095408829013, 21.318836420654222 ], [ -157.676055408830678, 21.318814420655038 ], [ -157.676017408832337, 21.318792420655917 ], [ -157.675921408836501, 21.318733420658329 ], [ -157.675860408839384, 21.318683420660523 ], [ -157.675758408843905, 21.318614420663458 ], [ -157.675678408847517, 21.318560420665737 ], [ -157.675655408848513, 21.318542420666532 ], [ -157.67560140885098, 21.318504420668187 ], [ -157.675513408854755, 21.31845442067009 ], [ -157.675473408856448, 21.318435420670738 ], [ -157.675429408858349, 21.318410420671707 ], [ -157.675402408859554, 21.318391420672576 ], [ -157.675381408860403, 21.3183844206727 ], [ -157.675359408861453, 21.318364420673625 ], [ -157.6753204088632, 21.31833742067478 ], [ -157.67527140886537, 21.318305420676129 ], [ -157.675218408867778, 21.3182684206777 ], [ -157.675110408872541, 21.318198420680591 ], [ -157.675029408876014, 21.31815142068244 ], [ -157.674922408880803, 21.318075420685663 ], [ -157.674893408882212, 21.318053420686695 ], [ -157.674831408885012, 21.318007420688637 ], [ -157.674777408887479, 21.317965420690534 ], [ -157.674747408888805, 21.317948420691206 ], [ -157.674691408891363, 21.317908420692905 ], [ -157.674637408893716, 21.317871420694438 ], [ -157.674587408896002, 21.317834420696084 ], [ -157.674538408898172, 21.317805420697205 ], [ -157.674432408902732, 21.317745420699563 ], [ -157.674361408905668, 21.317713420700581 ], [ -157.674304408907972, 21.317693420701151 ], [ -157.674199408912273, 21.317648420702589 ], [ -157.674089408916899, 21.317596420704355 ], [ -157.674017408919781, 21.317571420705004 ], [ -157.673985408921169, 21.317555420705578 ], [ -157.673909408924402, 21.317515420707075 ], [ -157.673866408926159, 21.317497420707664 ], [ -157.673799408928687, 21.317485420707527 ], [ -157.673733408931184, 21.317476420707315 ], [ -157.67368440893307, 21.317463420707494 ], [ -157.673630408935225, 21.31744742070785 ], [ -157.673550408938468, 21.317417420708647 ], [ -157.673467408942003, 21.317377420710052 ], [ -157.673423408943648, 21.317367420710127 ], [ -157.673348408946566, 21.317348420710385 ], [ -157.673284408949087, 21.317328420710812 ], [ -157.673219408951411, 21.317330420709904 ], [ -157.673191408952533, 21.317320420710196 ], [ -157.67316540895348, 21.317320420709891 ], [ -157.673134408954667, 21.31731342070999 ], [ -157.673093408956134, 21.317310420709674 ], [ -157.673045408957961, 21.317303420709468 ], [ -157.67299340895994, 21.317292420709553 ], [ -157.67291940896277, 21.317277420709555 ], [ -157.672879408964178, 21.317277420709072 ], [ -157.672838408965646, 21.317276420708648 ], [ -157.672780408967924, 21.317262420708797 ], [ -157.672754408968871, 21.31726042070861 ], [ -157.672724408969941, 21.317259420708329 ], [ -157.672669408971984, 21.317252420708108 ], [ -157.672630408973419, 21.317248420707902 ], [ -157.672588408975116, 21.317234420708203 ], [ -157.67252740897726, 21.317233420707549 ], [ -157.672468408979313, 21.317238420706538 ], [ -157.672417408981062, 21.317242420705703 ], [ -157.672363408982932, 21.317245420704914 ], [ -157.671255409042629, 21.315733420781719 ], [ -157.669962409105693, 21.314456420842468 ], [ -157.668016409200646, 21.312534420933709 ], [ -157.665696409296459, 21.311535420965686 ], [ -157.663066409419372, 21.309337421065198 ], [ -157.662260409445281, 21.309537421043775 ], [ -157.660801409512146, 21.308415421093166 ], [ -157.66044040952869, 21.30813742110545 ], [ -157.65862440958233, 21.308938421036419 ], [ -157.657312409632851, 21.308638421038669 ], [ -157.657314409631965, 21.30869942103508 ], [ -157.657348409628753, 21.308846421026779 ], [ -157.657294409630282, 21.308877421024281 ], [ -157.657210409633052, 21.30889142102248 ], [ -157.6571424096351, 21.308919421020022 ], [ -157.657118409635814, 21.308929421019094 ], [ -157.657080409637018, 21.308939421018078 ], [ -157.65703740963815, 21.308971421015645 ], [ -157.656984409639449, 21.309014421012471 ], [ -157.656927409640815, 21.309061421009005 ], [ -157.656873409642202, 21.309099421006128 ], [ -157.6568144096438, 21.309138421003126 ], [ -157.656778409644858, 21.309154421001715 ], [ -157.656708409647109, 21.309165421000269 ], [ -157.65664840964908, 21.309177420998804 ], [ -157.656602409650617, 21.30918842099765 ], [ -157.656521409653237, 21.309207420995563 ], [ -157.656469409655074, 21.309206420995 ], [ -157.656408409657104, 21.309217420993619 ], [ -157.65636940965851, 21.309217420993146 ], [ -157.656298409661161, 21.30920742099293 ], [ -157.656209409664569, 21.309188420992992 ], [ -157.656133409667433, 21.309173420992959 ], [ -157.656054409670219, 21.309175420991913 ], [ -157.655955409673652, 21.30918142099037 ], [ -157.655857409677424, 21.309160420990516 ], [ -157.655751409681642, 21.309124420991367 ], [ -157.655686409684051, 21.309117420991033 ], [ -157.655650409685393, 21.309113420990801 ], [ -157.655573409688088, 21.309113420989899 ], [ -157.655520409689984, 21.309116420989145 ], [ -157.65546640969157, 21.309137420987195 ], [ -157.655384409693909, 21.309178420983795 ], [ -157.655302409696134, 21.309230420979777 ], [ -157.655242409697735, 21.309269420976712 ], [ -157.655129409700777, 21.309340420971228 ], [ -157.655037409703283, 21.309396420966795 ], [ -157.654982409704786, 21.309427420964258 ], [ -157.654909409707017, 21.309457420961643 ], [ -157.654816409710122, 21.309470420959745 ], [ -157.654756409712121, 21.309480420958476 ], [ -157.654668409715072, 21.309495420956498 ], [ -157.654587409717806, 21.309501420955236 ], [ -157.654511409720527, 21.309499420954452 ], [ -157.654440409723065, 21.309500420953569 ], [ -157.654355409726151, 21.309488420953251 ], [ -157.654276409729363, 21.309461420953934 ], [ -157.654181409733269, 21.309425420954899 ], [ -157.654094409736729, 21.309392420955877 ], [ -157.654015409739912, 21.309364420956616 ], [ -157.653920409744018, 21.309315420958345 ], [ -157.653823409748128, 21.309259420960565 ], [ -157.653762409750925, 21.309215420962438 ], [ -157.653693409754084, 21.30916342096474 ], [ -157.653608409758107, 21.309086420968267 ], [ -157.653543409760772, 21.309057420969246 ], [ -157.653484409763138, 21.309039420969608 ], [ -157.653419409765434, 21.309037420968949 ], [ -157.6533304097685, 21.309044420967478 ], [ -157.653254409771023, 21.309058420965762 ], [ -157.653165409773919, 21.309078420963527 ], [ -157.65309740977608, 21.309096420961666 ], [ -157.65301740977867, 21.309113420959683 ], [ -157.652933409781696, 21.309109420958944 ], [ -157.652859409785066, 21.309054420961321 ], [ -157.652822409787092, 21.308999420964117 ], [ -157.652802409788507, 21.308950420966823 ], [ -157.652798409789085, 21.308916420968814 ], [ -157.652784409790513, 21.308847420972739 ], [ -157.652806409790628, 21.308784420976739 ], [ -157.652830409790425, 21.308733420980076 ], [ -157.652789409792035, 21.308720420980318 ], [ -157.652444409804531, 21.308700420977427 ], [ -157.651515409838169, 21.308646420969669 ], [ -157.651459409840186, 21.308643420969187 ], [ -157.651419409841282, 21.308667420967296 ], [ -157.651125409849271, 21.308846420953195 ], [ -157.650894409855084, 21.309023420939926 ], [ -157.650201409872494, 21.309555420900175 ], [ -157.649971409878191, 21.309733420886882 ], [ -157.64977240988182, 21.30998742086944 ], [ -157.649178409892556, 21.310752420817035 ], [ -157.648981409896123, 21.311007420799619 ], [ -157.647871409896084, 21.313932420612911 ], [ -157.644254410024274, 21.313918420571127 ], [ -157.637815410252358, 21.313891420496784 ], [ -157.622268410802093, 21.313829420317145 ], [ -157.607649411317084, 21.31382342014523 ], [ -157.597594411670599, 21.313820420026875 ], [ -157.597302411723263, 21.310665420209752 ], [ -157.597923411910841, 21.295137421133983 ], [ -157.600035411952746, 21.286574421664621 ], [ -157.600936411970707, 21.282922421891001 ], [ -157.607707411920842, 21.269137422786233 ], [ -157.614712411773496, 21.261909423297649 ], [ -157.616145411743304, 21.2604324234022 ], [ -157.622266411597906, 21.255334423777612 ], [ -157.624247411545866, 21.254039423878165 ], [ -157.631999411349426, 21.248459424302283 ], [ -157.634085411298258, 21.24683642442367 ], [ -157.638945411164457, 21.244106424644421 ], [ -157.640553411118958, 21.243287424712516 ], [ -157.645877410968296, 21.240576424937945 ], [ -157.648111410950236, 21.236193425224894 ], [ -157.651274410896235, 21.232030425510256 ], [ -157.653490410858382, 21.229117425710015 ], [ -157.665084410575844, 21.219943426396465 ], [ -157.67579141028196, 21.213804426892835 ], [ -157.689392409863387, 21.209187427335316 ], [ -157.692604409751397, 21.209020427385074 ], [ -157.708338409201957, 21.208205427628471 ], [ -157.70870340918836, 21.208246427630517 ], [ -157.711623409079465, 21.208575427647119 ], [ -157.719715408777489, 21.209488427692957 ], [ -157.720365408751803, 21.209660427690785 ], [ -157.723206408639641, 21.210413427681118 ], [ -157.725906408532921, 21.21112842767187 ], [ -157.730923408334604, 21.212458427654624 ], [ -157.733795408212046, 21.213854427606851 ], [ -157.736308408104833, 21.215076427565016 ], [ -157.739972407948414, 21.216858427503873 ], [ -157.741114407893008, 21.217885427456611 ], [ -157.745325407688739, 21.22167442728221 ], [ -157.747271407629484, 21.220919427351337 ], [ -157.750841407514287, 21.219992427450798 ], [ -157.753351407432405, 21.219403427517001 ], [ -157.755530407379126, 21.217620427650569 ], [ -157.757998407318695, 21.2156034278017 ], [ -157.760096407260392, 21.214389427900279 ], [ -157.760967407236109, 21.213884427941309 ], [ -157.763580407163431, 21.212372428064167 ], [ -157.764452407139117, 21.211868428105074 ], [ -157.765418407112236, 21.211308428150556 ], [ -157.768318407031472, 21.20963042828701 ], [ -157.769285407004531, 21.209071428332468 ], [ -157.770541406969528, 21.208344428391602 ], [ -157.771421406945052, 21.207836428432927 ], [ -157.774604406844531, 21.206828428532816 ], [ -157.77598840680082, 21.206390428576288 ], [ -157.779059406703823, 21.205417428672753 ], [ -157.788274406412512, 21.202499428962287 ], [ -157.79086640633048, 21.201679429043775 ], [ -157.791366406313301, 21.201616429053754 ], [ -157.795497406171364, 21.20109542913649 ], [ -157.807890405744985, 21.199536429384526 ], [ -157.810243405663954, 21.199241429431602 ], [ -157.812029405596945, 21.199402429444238 ], [ -157.821349405246991, 21.200243429509865 ], [ -157.828103404993072, 21.200853429557387 ], [ -157.829107404955295, 21.200944429564426 ], [ -157.838687404556481, 21.204506429469252 ], [ -157.84532440427995, 21.206974429403136 ], [ -157.847668404182201, 21.207845429379773 ], [ -157.850974404044308, 21.209075429346647 ], [ -157.854530403889441, 21.210857429283305 ], [ -157.85676740379202, 21.211978429243423 ], [ -157.858917403698314, 21.213056429205068 ], [ -157.859081403691164, 21.213138429202136 ], [ -157.864150403437264, 21.218016428970376 ], [ -157.86558640336537, 21.219398428904697 ], [ -157.865835403351639, 21.219729428887735 ], [ -157.866619403308277, 21.220772428834469 ], [ -157.868974403178214, 21.223901428674456 ], [ -157.869760403134791, 21.224945428621041 ], [ -157.872271402996148, 21.228281428450344 ], [ -157.873667402938054, 21.228782428437238 ], [ -157.874903402868966, 21.230484428349556 ], [ -157.881343402509117, 21.239353427892134 ], [ -157.886065402282014, 21.243231427715248 ], [ -157.88956940213393, 21.244637427673034 ], [ -157.894823401910458, 21.246842427603752 ], [ -157.895970401868311, 21.246842427617775 ], [ -157.897970401767054, 21.248842427520938 ], [ -157.898670401726093, 21.249942427462809 ], [ -157.900170401675155, 21.249642427499357 ], [ -157.901870401623853, 21.248842427568622 ], [ -157.903570401568317, 21.248342427619747 ], [ -157.905270401510023, 21.248042427658753 ], [ -157.907870401417199, 21.247842427702693 ], [ -157.908806401382748, 21.24784242771414 ], [ -157.909970401339962, 21.247842427728404 ], [ -157.911770401273742, 21.247842427750424 ], [ -157.913470401215363, 21.247542427789465 ], [ -157.915570401138041, 21.247542427815141 ], [ -157.917370401071793, 21.247542427837175 ], [ -157.919870400983854, 21.247242427885961 ], [ -157.920075400975662, 21.247289427885612 ], [ -157.922470400879718, 21.247842427881338 ], [ -157.925069400783883, 21.247842427913167 ], [ -157.927869400677849, 21.248042427935282 ], [ -157.931469400540863, 21.248342427961084 ], [ -157.933669400452715, 21.24884242795758 ], [ -157.93666940032665, 21.249942427927376 ], [ -157.936791400321283, 21.250003427925162 ], [ -157.939469400203734, 21.251342427876398 ], [ -157.941969400087743, 21.253042427803518 ], [ -157.947069399888051, 21.253842427817126 ], [ -157.95273739966828, 21.254561427842486 ], [ -157.953369399643748, 21.254642427845276 ], [ -157.956569399511409, 21.255642427823378 ], [ -157.958769399424341, 21.25604242782585 ], [ -157.961369399314151, 21.257042427796613 ], [ -157.963569399222848, 21.257741427780815 ], [ -157.965169399180184, 21.256542427873423 ], [ -157.965268399177575, 21.256462427879569 ], [ -157.966669399141182, 21.255342427964987 ], [ -157.968269399095732, 21.254342428045558 ], [ -157.970669399020608, 21.253342428135888 ], [ -157.970762399017644, 21.253306428139268 ], [ -157.972269398969559, 21.2527424281921 ], [ -157.972760398953596, 21.252578428208068 ], [ -157.974369398901359, 21.252042428260541 ], [ -157.975618398859297, 21.251729428294897 ], [ -157.976769398820494, 21.251442428326484 ], [ -157.979969398711376, 21.250742428408397 ], [ -157.983369398593339, 21.250142428486672 ], [ -157.984406398554825, 21.250142428499366 ], [ -157.985169398526438, 21.250142428508717 ], [ -157.985886398501691, 21.250004428525909 ], [ -157.986618398476423, 21.249863428543517 ], [ -157.987350398451127, 21.249723428561055 ], [ -157.987769398436626, 21.249642428571114 ], [ -157.989767398358964, 21.24988542858074 ], [ -157.990745398320882, 21.250005428585361 ], [ -157.991869398277117, 21.250142428590753 ], [ -157.992882398241306, 21.250005428611519 ], [ -157.995569398146301, 21.249642428666647 ], [ -157.997037398091635, 21.249642428684638 ], [ -157.999477398000721, 21.24964242871452 ], [ -158.000069397978677, 21.249642428721785 ], [ -158.004388397823135, 21.249249428798791 ], [ -158.004469397820202, 21.249242428800176 ], [ -158.009369397637386, 21.249242428860224 ], [ -158.013369397488077, 21.249242428909241 ], [ -158.018269397311997, 21.248742428999986 ], [ -158.019150397279077, 21.248742429010775 ], [ -158.021969397173677, 21.248742429045354 ], [ -158.024068397098404, 21.248515429085014 ], [ -158.025669397040929, 21.248342429115219 ], [ -158.027233396989232, 21.24785342916444 ], [ -158.028148396969101, 21.246842429237692 ], [ -158.032600396835136, 21.244506429435678 ], [ -158.039062396610802, 21.243239429592901 ], [ -158.044443396414096, 21.242877429681251 ], [ -158.049262396237822, 21.242552429760533 ], [ -158.052582396118822, 21.242151429826034 ], [ -158.059824395858953, 21.241277429968921 ], [ -158.072493395373243, 21.241926430085009 ], [ -158.076937395219034, 21.240981430197948 ], [ -158.084933394941459, 21.239283430401176 ], [ -158.084925394835864, 21.2468424299351 ], [ -158.084927394792487, 21.249940429744075 ], [ -158.084928394791575, 21.25000242974026 ], [ -158.084961394347772, 21.281911427772684 ], [ -158.084969394249384, 21.289043427332768 ], [ -158.085288394189178, 21.292554427119978 ], [ -158.085294394188026, 21.292624427115715 ], [ -158.085313394184368, 21.292835427102911 ], [ -158.085320394183185, 21.292906427098661 ], [ -158.085454394170569, 21.29345542706638 ], [ -158.085859394132711, 21.295103426969568 ], [ -158.085995394120005, 21.295653426937264 ], [ -158.086100394108684, 21.296194426905142 ], [ -158.086209394096812, 21.296758426871637 ], [ -158.086331394083686, 21.297382426834549 ], [ -158.086483394067272, 21.298162426788245 ], [ -158.086635394050887, 21.298942426741956 ], [ -158.086750394038489, 21.299530426707054 ], [ -158.086855394027083, 21.300072426674848 ], [ -158.086863394026182, 21.300117426672177 ], [ -158.087070394003888, 21.301178426609159 ], [ -158.087275393961846, 21.303693426456373 ], [ -158.087501393915744, 21.306446426289124 ], [ -158.087892393835745, 21.311239425997893 ], [ -158.088036393806277, 21.313007425890451 ], [ -158.088042393805097, 21.313079425886091 ], [ -158.08808539379632, 21.313608425853921 ], [ -158.088098393793757, 21.313755425845024 ], [ -158.088159393769757, 21.31535542574694 ], [ -158.088293393717322, 21.318850425532712 ], [ -158.088283393716807, 21.318913425528699 ], [ -158.088079393707915, 21.320139425450559 ], [ -158.087817393696412, 21.321719425349876 ], [ -158.087960393680191, 21.322518425302249 ], [ -158.088392393631466, 21.324917425159182 ], [ -158.088536393615243, 21.32571742511151 ], [ -158.088546393614024, 21.325774425108069 ], [ -158.088577393610564, 21.32594542509792 ], [ -158.088588393609399, 21.326003425094484 ], [ -158.088611393607863, 21.326053425091668 ], [ -158.088650393605235, 21.326137425086948 ], [ -158.088680393603198, 21.326203425083175 ], [ -158.088704393601631, 21.32625442508035 ], [ -158.090785393515347, 21.326818425070201 ], [ -158.0907343935163, 21.326893425064927 ], [ -158.09064139351787, 21.327039425054828 ], [ -158.090575393518918, 21.327146425047388 ], [ -158.090432393520786, 21.327406425029665 ], [ -158.090303393522049, 21.327672425011723 ], [ -158.090189393522678, 21.327945424993491 ], [ -158.090166393522736, 21.328005424989531 ], [ -158.090122393522705, 21.328129424981331 ], [ -158.090083393523003, 21.328217424975431 ], [ -158.090052393522967, 21.328306424969576 ], [ -158.090035393523181, 21.328340424967241 ], [ -158.089962393522057, 21.328626424948716 ], [ -158.08992539352144, 21.328774424939162 ], [ -158.089862393518956, 21.329137424915992 ], [ -158.089899393516731, 21.329198424912697 ], [ -158.089908393515543, 21.329259424908983 ], [ -158.089834393511495, 21.329769424876609 ], [ -158.089644393502596, 21.330964424800538 ], [ -158.089628393501812, 21.331062424794283 ], [ -158.089610393501005, 21.331174424787157 ], [ -158.089585393499476, 21.331359424775471 ], [ -158.089573393498569, 21.331459424769136 ], [ -158.089569393497925, 21.331515424765605 ], [ -158.089564393497255, 21.331583424761345 ], [ -158.089544393494066, 21.331872424743249 ], [ -158.089546393492896, 21.331958424737966 ], [ -158.089549393491069, 21.332084424730247 ], [ -158.089461393494332, 21.332084424729217 ], [ -158.089385393497281, 21.332080424728552 ], [ -158.089313393499936, 21.33208842472721 ], [ -158.08924339350267, 21.332079424726892 ], [ -158.088990393511978, 21.332099424722699 ], [ -158.088741393521104, 21.332120424718443 ], [ -158.088484393530393, 21.332150424713586 ], [ -158.088303393536904, 21.332176424709822 ], [ -158.088175393541405, 21.332200424706826 ], [ -158.087764393555545, 21.3323014246957 ], [ -158.087569393562148, 21.332362424689642 ], [ -158.087327393570149, 21.332446424681603 ], [ -158.087087393578031, 21.332530424673603 ], [ -158.086869393585118, 21.332615424665732 ], [ -158.086797393587347, 21.332650424662742 ], [ -158.08668639359081, 21.332705424658009 ], [ -158.08643739359843, 21.332840424646736 ], [ -158.086202393605419, 21.332980424635345 ], [ -158.08613539360735, 21.333022424631899 ], [ -158.085948393612824, 21.333142424622324 ], [ -158.085698393619879, 21.333317424608538 ], [ -158.085455393626432, 21.333512424593632 ], [ -158.085265393631403, 21.333678424581162 ], [ -158.084993393637944, 21.333953424560949 ], [ -158.084710393645167, 21.334212424541608 ], [ -158.084605393647536, 21.334329424533113 ], [ -158.084444393650955, 21.33452942451888 ], [ -158.084045393659295, 21.335029424483352 ], [ -158.083987393660635, 21.335088424478965 ], [ -158.083962393661267, 21.335114424477059 ], [ -158.083496393671567, 21.335655424438155 ], [ -158.082751393687857, 21.336535424375032 ], [ -158.082074393702669, 21.33733642431762 ], [ -158.081789393708817, 21.337675424293309 ], [ -158.081207393721684, 21.338356424244413 ], [ -158.080746393731715, 21.338903424205217 ], [ -158.080387393739699, 21.33931742417543 ], [ -158.08035839374034, 21.339351424172943 ], [ -158.079743393754484, 21.34002342412424 ], [ -158.079326393764404, 21.340459424092444 ], [ -158.079050393771098, 21.340736424072063 ], [ -158.078778393777696, 21.341010424051952 ], [ -158.078474393785143, 21.341309424029902 ], [ -158.077686393805465, 21.34201042397741 ], [ -158.077492393810388, 21.342188423964082 ], [ -158.077246393816608, 21.342417423947111 ], [ -158.076935393824414, 21.342709423925442 ], [ -158.076560393833972, 21.343053423899779 ], [ -158.075925393850071, 21.343635423856394 ], [ -158.075585393858717, 21.343949423833031 ], [ -158.075475393861439, 21.344056423825098 ], [ -158.073641393908133, 21.34573442370003 ], [ -158.072777393929584, 21.346565423638626 ], [ -158.0723193939412, 21.346987423607189 ], [ -158.071529393961157, 21.347721423552613 ], [ -158.071335393966137, 21.347898423539434 ], [ -158.071206393969362, 21.348016423530638 ], [ -158.070515393986852, 21.348657423482983 ], [ -158.070247393993611, 21.348906423464491 ], [ -158.070133393996457, 21.349013423456569 ], [ -158.069925394001785, 21.349201423442516 ], [ -158.069822394004404, 21.349294423435566 ], [ -158.069514394012344, 21.349573423414775 ], [ -158.069413394014873, 21.34966842340771 ], [ -158.068100394048088, 21.350883423317388 ], [ -158.067993394050859, 21.350981423310067 ], [ -158.067595394060874, 21.351348423282765 ], [ -158.067484394063655, 21.351456423274797 ], [ -158.067105394072684, 21.351848423246231 ], [ -158.066687394082095, 21.352324423211972 ], [ -158.066610394083796, 21.352413423205594 ], [ -158.066327394089711, 21.352770423180186 ], [ -158.066021394095401, 21.353206423149761 ], [ -158.065773394100177, 21.353547423125828 ], [ -158.065597394103037, 21.353830423106352 ], [ -158.065263394107973, 21.354402423067153 ], [ -158.065017394111067, 21.354867423035607 ], [ -158.064891394112152, 21.355138423017419 ], [ -158.064698394113492, 21.355585422987609 ], [ -158.064500394114503, 21.356069422955414 ], [ -158.064351394114283, 21.356507422926626 ], [ -158.064214394113606, 21.356946422898019 ], [ -158.064136394112978, 21.357213422880626 ], [ -158.064034394110877, 21.357660422851886 ], [ -158.063835394105865, 21.358601422791473 ], [ -158.063317394091456, 21.361149422628376 ], [ -158.063219394087184, 21.361750422590141 ], [ -158.063116394084346, 21.362255422557826 ], [ -158.063058394083527, 21.362481422543212 ], [ -158.062949394084143, 21.362745422525681 ], [ -158.062867394084691, 21.362935422512972 ], [ -158.062738394085528, 21.36323842249277 ], [ -158.062625394086751, 21.363467422477392 ], [ -158.062534394087834, 21.363644422465356 ], [ -158.062410394089596, 21.363864422450362 ], [ -158.062081394095031, 21.364388422414269 ], [ -158.061917394098629, 21.364581422400438 ], [ -158.061636394104767, 21.364913422376702 ], [ -158.061402394110246, 21.365165422358437 ], [ -158.061197394115453, 21.365356422344306 ], [ -158.0608153941252, 21.365701422318573 ], [ -158.060678394128644, 21.365833422308839 ], [ -158.060570394131418, 21.365931422301518 ], [ -158.060331394137648, 21.366140422285831 ], [ -158.060253394139664, 21.366207422280802 ], [ -158.060083394144215, 21.366348422270164 ], [ -158.060044394145251, 21.366382422267591 ], [ -158.059915394148561, 21.366498422258939 ], [ -158.059658394155122, 21.366731422241617 ], [ -158.059010394171878, 21.36730842219848 ], [ -158.058656394180787, 21.367636422174169 ], [ -158.058001394197674, 21.368225422130251 ], [ -158.057968394198525, 21.36825442212805 ], [ -158.05745139421208, 21.368700422094559 ], [ -158.057310394215676, 21.368830422084923 ], [ -158.05690139422623, 21.369194422057724 ], [ -158.056286394242278, 21.369727422017746 ], [ -158.055997394249715, 21.369989421998209 ], [ -158.055586394260047, 21.370377421969568 ], [ -158.05486839427877, 21.371000421922794 ], [ -158.05482739427984, 21.371036421920138 ], [ -158.05332739431833, 21.372394421819024 ], [ -158.051889394355527, 21.373671421723721 ], [ -158.051357394370086, 21.374082421692204 ], [ -158.051116394376777, 21.374260421678454 ], [ -158.050616394391056, 21.374603421651518 ], [ -158.050357394398588, 21.374767421638452 ], [ -158.049687394418754, 21.375151421607043 ], [ -158.049446394426013, 21.375286421595924 ], [ -158.048796394446214, 21.375604421568813 ], [ -158.048608394452231, 21.375685421561599 ], [ -158.047977394472525, 21.375944421538389 ], [ -158.046932394506314, 21.37635842150075 ], [ -158.046801394510538, 21.376408421496151 ], [ -158.044804394575351, 21.377185421425231 ], [ -158.043959394602666, 21.377520421394841 ], [ -158.043756394609176, 21.377600421387537 ], [ -158.042153394661028, 21.378234421330006 ], [ -158.042097394662818, 21.378257421327962 ], [ -158.041023394697447, 21.378692421288729 ], [ -158.040261394721142, 21.379061421257198 ], [ -158.03953139474342, 21.379453421224653 ], [ -158.038971394760239, 21.379771421198608 ], [ -158.038499394774476, 21.380035421176931 ], [ -158.038016394789054, 21.380304421154751 ], [ -158.037548394803082, 21.38057042113299 ], [ -158.037003394819465, 21.380881421107556 ], [ -158.03656139483283, 21.381125421087464 ], [ -158.036495394834731, 21.381169421083989 ], [ -158.036051394848016, 21.38142242106327 ], [ -158.035311394870178, 21.381853421028222 ], [ -158.035272394871271, 21.381876421026327 ], [ -158.034660394889755, 21.382220420998159 ], [ -158.034414394897169, 21.382354420987074 ], [ -158.033957394910772, 21.382623420965185 ], [ -158.033075394937356, 21.383117420924648 ], [ -158.032329394959817, 21.383536420890312 ], [ -158.032298394960804, 21.383553420888905 ], [ -158.03220539496354, 21.383605420884592 ], [ -158.03217539496444, 21.383623420883175 ], [ -158.032020394969095, 21.383711420875979 ], [ -158.0320063949695, 21.383720420875239 ], [ -158.030979394999889, 21.384337420825478 ], [ -158.028769395066121, 21.385598420722467 ], [ -158.027595395102423, 21.386185420672856 ], [ -158.027457395106637, 21.386261420666568 ], [ -158.02666939513017, 21.386715420629571 ], [ -158.026122395146615, 21.387024420604281 ], [ -158.025597395162379, 21.387322420579913 ], [ -158.0252643951724, 21.38751042056456 ], [ -158.025117395176807, 21.387591420557857 ], [ -158.023677395220233, 21.388392420492071 ], [ -158.023413395228204, 21.388539420479983 ], [ -158.023201395234452, 21.388666420469747 ], [ -158.022406395258798, 21.389083420434947 ], [ -158.022319395261434, 21.389130420431062 ], [ -158.021975395272165, 21.389294420417052 ], [ -158.021518395286563, 21.389497420399319 ], [ -158.021053395301493, 21.389686420382343 ], [ -158.020036395334898, 21.390042420348781 ], [ -158.019908395339172, 21.390082420344868 ], [ -158.019287395359811, 21.390281420325525 ], [ -158.019230395361717, 21.390298420323774 ], [ -158.019246395358039, 21.390533420309538 ], [ -158.019431395336937, 21.391619420244929 ], [ -158.019441395329778, 21.392137420213199 ], [ -158.019460395305373, 21.393946420102228 ], [ -158.01951939530025, 21.394171420089059 ], [ -158.019617395293238, 21.394425420074619 ], [ -158.019900395273083, 21.395159420032712 ], [ -158.020115395258387, 21.395667420003985 ], [ -158.020135395253675, 21.395970419985566 ], [ -158.02014539524933, 21.396273419967081 ], [ -158.020086395248256, 21.396528419950712 ], [ -158.019920395250494, 21.39683141993023 ], [ -158.019734395254375, 21.397065419913687 ], [ -158.01945139526191, 21.397300419895966 ], [ -158.018667395285547, 21.397737419860178 ], [ -158.018080395295812, 21.398635419798286 ], [ -158.017988395296754, 21.398826419785465 ], [ -158.017988395295333, 21.398937419778626 ], [ -158.01790739529531, 21.399167419763568 ], [ -158.018004395282645, 21.39986141972204 ], [ -158.017984395280735, 21.400070419708936 ], [ -158.018203395258155, 21.401169419643921 ], [ -158.018340395249822, 21.401416419630291 ], [ -158.01851939524073, 21.401600419621033 ], [ -158.018930395224316, 21.401678419620961 ], [ -158.01938439520535, 21.401832419616696 ], [ -158.019895395182772, 21.402095419606336 ], [ -158.020054395172224, 21.402450419586327 ], [ -158.01966939518411, 21.402644419570024 ], [ -158.019061395205455, 21.402751419556463 ], [ -158.018947395208698, 21.402829419550397 ], [ -158.018887395204104, 21.403360419517092 ], [ -158.019387395183685, 21.40348741951496 ], [ -158.020094395149556, 21.404078419486687 ], [ -158.020111395147012, 21.404223419478001 ], [ -158.020083395146429, 21.404348419469969 ], [ -158.020555395122585, 21.404823419446135 ], [ -158.02096739509787, 21.40553641940701 ], [ -158.021071395087858, 21.406008419379194 ], [ -158.021071395086153, 21.406142419370958 ], [ -158.021040395085436, 21.406283419361923 ], [ -158.021040395081116, 21.40661541934152 ], [ -158.020979395075443, 21.407229419303071 ], [ -158.020857395076149, 21.407526419283446 ], [ -158.02079639507599, 21.407713419271261 ], [ -158.02085739507126, 21.407900419260422 ], [ -158.020918395067753, 21.407996419255202 ], [ -158.02116239505682, 21.408133419249626 ], [ -158.021590395037521, 21.408385419238982 ], [ -158.021742395030856, 21.408461419236012 ], [ -158.021864395026171, 21.408472419236755 ], [ -158.02198639502214, 21.40842741924093 ], [ -158.022322395010519, 21.408354419249189 ], [ -158.022627394998608, 21.408392419250344 ], [ -158.022871394987931, 21.40851041924585 ], [ -158.023054394978658, 21.408697419236475 ], [ -158.023176394972126, 21.408850419228415 ], [ -158.023512394953855, 21.409285419205517 ], [ -158.023819394935771, 21.40979741917748 ], [ -158.02397039492547, 21.410151419157444 ], [ -158.02409239491567, 21.410555419134003 ], [ -158.024184394908815, 21.410818419118872 ], [ -158.024336394900558, 21.411017419108386 ], [ -158.024428394896319, 21.411078419105653 ], [ -158.024580394889824, 21.411139419103641 ], [ -158.025069394868865, 21.411345419096516 ], [ -158.025709394840504, 21.411681419083127 ], [ -158.026076394823519, 21.411928419072105 ], [ -158.026442394805571, 21.412257419056054 ], [ -158.026747394789624, 21.412607419037947 ], [ -158.027143394768132, 21.413122419010772 ], [ -158.027417394751353, 21.413622418983106 ], [ -158.027478394746851, 21.413794418973254 ], [ -158.027466394746739, 21.413836418970533 ], [ -158.027356394746278, 21.414191418947457 ], [ -158.026563394750639, 21.416144418818277 ], [ -158.026532394749069, 21.416361418804566 ], [ -158.02656339474629, 21.416483418797377 ], [ -158.026624394741191, 21.416701418784676 ], [ -158.026990394716847, 21.417525418738155 ], [ -158.027478394687307, 21.418394418690205 ], [ -158.027600394681144, 21.41851641868411 ], [ -158.027784394672892, 21.418619418679821 ], [ -158.028028394662584, 21.418715418676715 ], [ -158.02836339464838, 21.418841418672738 ], [ -158.028760394632087, 21.418951418670474 ], [ -158.030103394579442, 21.419127418674858 ], [ -158.030469394564307, 21.419234418672431 ], [ -158.031385394522971, 21.41977941864927 ], [ -158.031466394516571, 21.420036418634346 ], [ -158.031446394516024, 21.420138418627854 ], [ -158.031324394519004, 21.420260418618959 ], [ -158.031202394522722, 21.420325418613569 ], [ -158.031049394527713, 21.420386418608121 ], [ -158.030744394538203, 21.420458418600202 ], [ -158.03043939454912, 21.420500418594173 ], [ -158.02995039456772, 21.420477418590046 ], [ -158.029554394582902, 21.420454418586978 ], [ -158.029035394601777, 21.420500418578282 ], [ -158.028302394627303, 21.420648418560827 ], [ -158.028089394633781, 21.420766418551203 ], [ -158.028050394634818, 21.420797418548819 ], [ -158.02799739463623, 21.420842418545462 ], [ -158.027967394635766, 21.420964418537572 ], [ -158.028028394631519, 21.42111741852889 ], [ -158.028119394626344, 21.421254418521467 ], [ -158.02927939457976, 21.421495418519786 ], [ -158.0294623945708, 21.421655418512 ], [ -158.029466394569596, 21.421735418507161 ], [ -158.029432394569199, 21.42186941849852 ], [ -158.029279394573763, 21.421960418491182 ], [ -158.029004394583097, 21.422033418483569 ], [ -158.028852394588569, 21.422052418480693 ], [ -158.028455394603384, 21.42205541847601 ], [ -158.028455394601735, 21.422185418468015 ], [ -158.028516394597546, 21.422330418459758 ], [ -158.028577394591991, 21.422586418444663 ], [ -158.028669394583659, 21.42296341842253 ], [ -158.028669394580163, 21.423234418405841 ], [ -158.028638394577911, 21.423501418389058 ], [ -158.028516394578673, 21.4237954183696 ], [ -158.028363394581447, 21.424024418353749 ], [ -158.028211394585298, 21.424165418343403 ], [ -158.028058394589863, 21.424257418336008 ], [ -158.027692394601729, 21.424405418322738 ], [ -158.027466394609775, 21.424435418318392 ], [ -158.027418394611061, 21.424472418315524 ], [ -158.027393394611778, 21.424492418314024 ], [ -158.027244394617099, 21.424511418311173 ], [ -158.02718539461921, 21.424520418309925 ], [ -158.026703394638503, 21.424426418310265 ], [ -158.026116394661983, 21.424313418310593 ], [ -158.025251394695829, 21.424199418307801 ], [ -158.024766394714817, 21.424135418306278 ], [ -158.024915394706767, 21.424325418296291 ], [ -158.024915394704863, 21.424474418287108 ], [ -158.024854394702459, 21.424836418264139 ], [ -158.024854394700554, 21.424985418254984 ], [ -158.024855394700381, 21.424996418254313 ], [ -158.024884394696585, 21.425203418241953 ], [ -158.024915394694318, 21.425294418236689 ], [ -158.024976394691095, 21.425363418233118 ], [ -158.025066394686803, 21.425435418229704 ], [ -158.025098394685557, 21.425439418229793 ], [ -158.025281394680519, 21.425298418240573 ], [ -158.025434394680531, 21.424852418269722 ], [ -158.025525394678453, 21.424749418277127 ], [ -158.025678394673406, 21.424695418282131 ], [ -158.025861394667004, 21.424661418286323 ], [ -158.025953394663333, 21.42467641828642 ], [ -158.026105394656781, 21.424745418283869 ], [ -158.02616639465333, 21.424835418279034 ], [ -158.026258394648977, 21.424905418275749 ], [ -158.026380394641592, 21.425123418263748 ], [ -158.026410394637196, 21.425378418248371 ], [ -158.026416394636556, 21.425409418246559 ], [ -158.026502394628125, 21.425813418222674 ], [ -158.026624394620001, 21.426091418206926 ], [ -158.026766394612793, 21.426235418199713 ], [ -158.027784394563866, 21.427072418159664 ], [ -158.028485394532282, 21.42748441814221 ], [ -158.029218394501385, 21.427751418134068 ], [ -158.029828394474862, 21.428037418123367 ], [ -158.029877394472095, 21.428108418119525 ], [ -158.029966394467124, 21.42823541811266 ], [ -158.030011394461411, 21.428548418093936 ], [ -158.029950394459718, 21.42885741807423 ], [ -158.029920394456383, 21.429204418052514 ], [ -158.029889394452084, 21.429628418026073 ], [ -158.030011394440436, 21.43017741799369 ], [ -158.030194394425763, 21.430787417958189 ], [ -158.030164394420382, 21.431291417926801 ], [ -158.030042394419041, 21.431752417897084 ], [ -158.029767394420389, 21.432451417850942 ], [ -158.029466394424162, 21.433035417811624 ], [ -158.029157394430456, 21.433450417782581 ], [ -158.028760394436091, 21.434171417733715 ], [ -158.028577394434762, 21.434804417692682 ], [ -158.028455394425322, 21.435899417623936 ], [ -158.028363394416772, 21.436834417565308 ], [ -158.028302394398509, 21.438443417465628 ], [ -158.02830939439545, 21.43866041745229 ], [ -158.028333394385129, 21.439393417407491 ], [ -158.029035394344703, 21.440495417347524 ], [ -158.029432394317382, 21.441471417291858 ], [ -158.029439394314636, 21.441667417279874 ], [ -158.029452394309203, 21.442049417256499 ], [ -158.029468394304757, 21.442349417238205 ], [ -158.029569394294413, 21.442862417207756 ], [ -158.029202394299944, 21.443509417163828 ], [ -158.029069394301871, 21.443746417147715 ], [ -158.028717394306, 21.444458417099959 ], [ -158.0283043943123, 21.445177417051074 ], [ -158.027889394320908, 21.445720417013007 ], [ -158.028243394296169, 21.446618416961687 ], [ -158.028732394264466, 21.44766841690247 ], [ -158.028784394261095, 21.447780416896155 ], [ -158.028892394245304, 21.448696416840974 ], [ -158.028988394235228, 21.449209416810461 ], [ -158.029005394229472, 21.449611416785906 ], [ -158.029056394212176, 21.450819416712072 ], [ -158.029073394206392, 21.451222416687433 ], [ -158.02916139419915, 21.451533416669299 ], [ -158.02914939419702, 21.451735416656714 ], [ -158.029034394199527, 21.451880416646524 ], [ -158.028476394211395, 21.452587416596749 ], [ -158.027947394217051, 21.453704416522111 ], [ -158.027575394223334, 21.454305416480928 ], [ -158.027444394225085, 21.454556416463994 ], [ -158.027143394228943, 21.45513941642476 ], [ -158.027027394231311, 21.455295416413851 ], [ -158.026859394234691, 21.455524416397889 ], [ -158.026273394246601, 21.456316416342649 ], [ -158.026075394250626, 21.456585416323868 ], [ -158.025312394267047, 21.457543416256385 ], [ -158.024579394284245, 21.458351416198514 ], [ -158.02435239429019, 21.458555416183415 ], [ -158.024091394296988, 21.458790416166025 ], [ -158.023766394302271, 21.459334416128968 ], [ -158.023709394296588, 21.459951416090338 ], [ -158.023565394282002, 21.461526415991788 ], [ -158.023540394279479, 21.461805415974315 ], [ -158.023526394278036, 21.461957415964815 ], [ -158.023484394273709, 21.462423415935692 ], [ -158.023558394267923, 21.462663415921732 ], [ -158.023576394266485, 21.462722415918275 ], [ -158.023640394260724, 21.462986415902755 ], [ -158.023660394258002, 21.463141415893443 ], [ -158.023702394253178, 21.463401415877854 ], [ -158.023742394248472, 21.463650415862976 ], [ -158.023753394246597, 21.463771415855692 ], [ -158.023784394240778, 21.464137415833491 ], [ -158.023796394238786, 21.464258415826158 ], [ -158.023819394234664, 21.464517415810491 ], [ -158.023903394217086, 21.465660415741066 ], [ -158.023987394205932, 21.466290415703202 ], [ -158.023996394204744, 21.466358415699123 ], [ -158.024157394184755, 21.46746241563293 ], [ -158.024236394176057, 21.467919415605667 ], [ -158.024340394166245, 21.468387415578 ], [ -158.024826394117042, 21.47084241543223 ], [ -158.025008394098222, 21.471794415375587 ], [ -158.025103394088518, 21.472282415346605 ], [ -158.025253394071626, 21.473175415293227 ], [ -158.025480394049339, 21.474272415228203 ], [ -158.025585394038359, 21.474830415195004 ], [ -158.025628394034186, 21.475031415183089 ], [ -158.025729394023955, 21.475548415152375 ], [ -158.026103393986006, 21.477452415039195 ], [ -158.026151393980882, 21.477711415023794 ], [ -158.026291393966602, 21.478432414980933 ], [ -158.026343393961099, 21.47871741496397 ], [ -158.026504393944265, 21.479574414912957 ], [ -158.026557393938759, 21.479859414895969 ], [ -158.027274393861546, 21.483870414656735 ], [ -158.027796393805858, 21.486754414484835 ], [ -158.028192393763646, 21.488940414354516 ], [ -158.028322393749704, 21.489669414310988 ], [ -158.028373393744658, 21.489919414296125 ], [ -158.028486393732322, 21.490567414257441 ], [ -158.02849339373148, 21.490610414254874 ], [ -158.028537393726509, 21.490878414238875 ], [ -158.028548393722417, 21.4911764142206 ], [ -158.028534393719298, 21.491464414202731 ], [ -158.028417393723515, 21.49147741420061 ], [ -158.028380393724717, 21.49149441419916 ], [ -158.028077393734179, 21.491647414186435 ], [ -158.027956393738037, 21.491701414181762 ], [ -158.027812393742607, 21.491766414176205 ], [ -158.027709393748978, 21.491566414187385 ], [ -158.02789539374416, 21.491394414200052 ], [ -158.028138393738288, 21.491134414218692 ], [ -158.028319393733483, 21.490972414230672 ], [ -158.028410393732742, 21.490762414244635 ], [ -158.028317393740622, 21.49040941426534 ], [ -158.028011393756969, 21.490023414285783 ], [ -158.027644393773983, 21.489758414298056 ], [ -158.027216393794021, 21.489440414313009 ], [ -158.026819393811991, 21.489194414323801 ], [ -158.026545393821038, 21.489292414314736 ], [ -158.026502393820351, 21.489475414302994 ], [ -158.02630139383038, 21.489272414313298 ], [ -158.025903393851962, 21.48874541434143 ], [ -158.025414393873234, 21.488508414350658 ], [ -158.025140393883447, 21.488513414347395 ], [ -158.02506539388537, 21.488583414342237 ], [ -158.024958393888113, 21.488684414334827 ], [ -158.024930393885853, 21.488948414318276 ], [ -158.024992393880268, 21.489214414302559 ], [ -158.024992393878136, 21.489381414292268 ], [ -158.024778393887232, 21.48929541429521 ], [ -158.024504393898866, 21.489185414299037 ], [ -158.024137393914714, 21.489019414305222 ], [ -158.023711393932444, 21.488877414309293 ], [ -158.023375393945997, 21.48879941431041 ], [ -158.02310039396022, 21.488487414326656 ], [ -158.022885393971819, 21.488203414341779 ], [ -158.022519393986073, 21.488160414340403 ], [ -158.02227639399274, 21.488354414325812 ], [ -158.02215439399734, 21.488355414324417 ], [ -158.021905394007376, 21.488298414325172 ], [ -158.021912394004204, 21.48852741431114 ], [ -158.021882394003484, 21.488679414301476 ], [ -158.021730394007477, 21.4888144142915 ], [ -158.021519394012643, 21.489031414275857 ], [ -158.021336394016686, 21.489257414259892 ], [ -158.021094394024459, 21.489361414250826 ], [ -158.020851394032519, 21.489446414242959 ], [ -158.020790394031536, 21.489706414226287 ], [ -158.020670394031725, 21.490052414203674 ], [ -158.020549394033878, 21.490240414190744 ], [ -158.020458394038513, 21.490144414195669 ], [ -158.020276394044402, 21.490218414189105 ], [ -158.02012439404848, 21.49034841417944 ], [ -158.019852394056556, 21.490514414166292 ], [ -158.019468394070913, 21.490521414161652 ], [ -158.019042394086796, 21.490523414156851 ], [ -158.019042394088103, 21.490419414163231 ], [ -158.019421394078819, 21.490028414191482 ], [ -158.01954239407749, 21.489770414208653 ], [ -158.019540394081105, 21.489488414226024 ], [ -158.019388394090583, 21.489183414243115 ], [ -158.019052394104818, 21.489052414247556 ], [ -158.018808394114018, 21.489045414245265 ], [ -158.018595394120865, 21.48913741423727 ], [ -158.018474394122507, 21.48937141422158 ], [ -158.018324394125926, 21.489546414209169 ], [ -158.018218394129008, 21.489613414203898 ], [ -158.018109394134683, 21.489487414210423 ], [ -158.01807739413934, 21.489212414227019 ], [ -158.018075394143864, 21.488851414249218 ], [ -158.017832394154624, 21.488722414254497 ], [ -158.017435394171031, 21.488598414257734 ], [ -158.017100394184979, 21.488486414260969 ], [ -158.0168263941936, 21.488617414249919 ], [ -158.016644394197783, 21.488826414235099 ], [ -158.016508394201622, 21.488927414227369 ], [ -158.016310394207153, 21.48907541421611 ], [ -158.016129394210509, 21.489355414196901 ], [ -158.015948394211563, 21.48981241416676 ], [ -158.016010394203278, 21.490288414138121 ], [ -158.015860394204992, 21.490601414117222 ], [ -158.015586394213756, 21.490719414107001 ], [ -158.015251394228244, 21.490565414112819 ], [ -158.015181394232428, 21.490439414119788 ], [ -158.015037394241091, 21.490178414134302 ], [ -158.014943394249144, 21.489813414155709 ], [ -158.014880394254988, 21.489535414172142 ], [ -158.01475839426314, 21.489246414188592 ], [ -158.014513394273621, 21.489144414192211 ], [ -158.01421039428277, 21.48931841417814 ], [ -158.013815394294284, 21.489577414157907 ], [ -158.013510394305115, 21.489625414151607 ], [ -158.01338739431219, 21.489428414162379 ], [ -158.013325394318599, 21.489097414182101 ], [ -158.013110394331051, 21.488747414201264 ], [ -158.012835394342261, 21.488673414202815 ], [ -158.012623394348623, 21.488800414192657 ], [ -158.012534394346346, 21.489249414164039 ], [ -158.012475394342943, 21.489698414135777 ], [ -158.012353394345155, 21.489886414122932 ], [ -158.012110394355972, 21.489749414128674 ], [ -158.011803394371725, 21.489405414146464 ], [ -158.011498394384944, 21.489261414152001 ], [ -158.010888394410443, 21.489048414158397 ], [ -158.010430394430045, 21.488845414165876 ], [ -158.010003394446471, 21.488813414163204 ], [ -158.009637394460384, 21.488798414160094 ], [ -158.009456394465133, 21.48895641414839 ], [ -158.009579394457148, 21.489228414133002 ], [ -158.009611394452548, 21.489503414116481 ], [ -158.009611394450133, 21.489694414104704 ], [ -158.009550394451566, 21.489761414099906 ], [ -158.009398394460305, 21.48951841411321 ], [ -158.009182394473356, 21.489121414135276 ], [ -158.008967394486888, 21.488680414160019 ], [ -158.008661394501985, 21.488388414174629 ], [ -158.008234394517018, 21.488462414165404 ], [ -158.00796339452279, 21.488814414140794 ], [ -158.007599394531468, 21.489207414112627 ], [ -158.007418394533374, 21.489593414086954 ], [ -158.007754394516212, 21.489968414067533 ], [ -158.00804039450307, 21.490160414058877 ], [ -158.008275394490454, 21.490469414042455 ], [ -158.008093394495745, 21.49058841403313 ], [ -158.007697394510586, 21.490586414028922 ], [ -158.00711739453368, 21.490474414029471 ], [ -158.006507394558298, 21.490329414031685 ], [ -158.006171394571936, 21.490246414033177 ], [ -158.005467394598185, 21.490249414025275 ], [ -158.005441394599103, 21.490250414024935 ], [ -158.004862394619465, 21.490355414012093 ], [ -158.004681394623418, 21.490581413996281 ], [ -158.004408394630815, 21.49080741397939 ], [ -158.00401239464378, 21.490949413966316 ], [ -158.003556394659995, 21.491016413957215 ], [ -158.003372394668759, 21.490864413964527 ], [ -158.003310394674685, 21.490578413981424 ], [ -158.003368394678489, 21.490098414011598 ], [ -158.003275394686568, 21.489727414033389 ], [ -158.003153394693783, 21.489518414044877 ], [ -158.002819394703863, 21.489706414029705 ], [ -158.002701394707145, 21.489798414022754 ], [ -158.002423394714782, 21.490020414006075 ], [ -158.002060394723969, 21.490375413980239 ], [ -158.001849394726293, 21.490815413950912 ], [ -158.001821394722555, 21.491200413926926 ], [ -158.001914394715072, 21.491519413908328 ], [ -158.002143394711283, 21.491139413934178 ], [ -158.00216139470669, 21.491453413915089 ], [ -158.002167394701445, 21.491855413890434 ], [ -158.002143394696276, 21.492340413860394 ], [ -158.002108394695625, 21.492499413850222 ], [ -158.002026394696998, 21.492632413841168 ], [ -158.001902394699954, 21.492769413831379 ], [ -158.001778394703763, 21.492835413825979 ], [ -158.001667394707852, 21.492841413824372 ], [ -158.001578394711402, 21.492824413824447 ], [ -158.001502394715146, 21.492747413828365 ], [ -158.001489394717225, 21.492622413835885 ], [ -158.001512394716428, 21.492615413836571 ], [ -158.001636394712676, 21.492547413842114 ], [ -158.00168039471194, 21.492472413847238 ], [ -158.001703394713587, 21.492271413859839 ], [ -158.001703394715122, 21.492148413867344 ], [ -158.001684394718154, 21.491961413878666 ], [ -158.001632394721554, 21.49184641388517 ], [ -158.00157039472515, 21.491742413890865 ], [ -158.001443394732036, 21.491570413900018 ], [ -158.001355394736834, 21.491449413906537 ], [ -158.001330394738403, 21.491399413909342 ], [ -158.001271394742759, 21.491226413919321 ], [ -158.001263394743688, 21.491179413922122 ], [ -158.00127239474412, 21.491115413926146 ], [ -158.001311394743567, 21.491043413931013 ], [ -158.001394394741595, 21.490951413937594 ], [ -158.001511394738543, 21.490846413945285 ], [ -158.001636394735726, 21.490697413955839 ], [ -158.001707394734524, 21.490580413963787 ], [ -158.001756394734571, 21.490435413973238 ], [ -158.001831394734239, 21.490233413986473 ], [ -158.001867394734347, 21.490116413994077 ], [ -158.001882394734707, 21.490044413998675 ], [ -158.001967394734351, 21.489815414013634 ], [ -158.001988394734525, 21.489742414018384 ], [ -158.001901394738837, 21.489661414022439 ], [ -158.001818394743424, 21.489538414029052 ], [ -158.001752394746745, 21.489465414032825 ], [ -158.001619394753106, 21.489356414038067 ], [ -158.001544394756479, 21.48931241403994 ], [ -158.001401394762695, 21.489240414042811 ], [ -158.001291394767293, 21.48919841404421 ], [ -158.001190394771442, 21.489169414044898 ], [ -158.001103394774873, 21.489156414044704 ], [ -158.000981394779586, 21.489146414044018 ], [ -158.000888394783118, 21.489144414043118 ], [ -158.000809394785961, 21.489148414042013 ], [ -158.000701394789644, 21.489177414039027 ], [ -158.000452394798174, 21.489234414032826 ], [ -157.999980394814827, 21.489321414022331 ], [ -157.999932394816625, 21.48931641402207 ], [ -157.999870394818601, 21.489344414019698 ], [ -157.999723394823377, 21.489400414014614 ], [ -157.999672394825154, 21.489412414013351 ], [ -157.997228394950952, 21.486647414156497 ], [ -157.996065395010817, 21.485332414224526 ], [ -157.996045395011436, 21.485340414223835 ], [ -157.994365395065103, 21.486063414161009 ], [ -157.993755395084634, 21.486323414138361 ], [ -157.992474395123992, 21.486998414082851 ], [ -157.991100395168075, 21.487570414032749 ], [ -157.989758395214437, 21.487867413999776 ], [ -157.988903395248229, 21.487715413999748 ], [ -157.988079395283478, 21.487352414013017 ], [ -157.987765395296691, 21.487232414016983 ], [ -157.987405395308485, 21.487360414005124 ], [ -157.987255395313497, 21.487414414000224 ], [ -157.986462395341789, 21.487509413985677 ], [ -157.985821395366457, 21.487448413982396 ], [ -157.98518039539286, 21.48724641398778 ], [ -157.985106395395604, 21.487245413987036 ], [ -157.984234395428359, 21.487227413978644 ], [ -157.983765395445801, 21.487232413973182 ], [ -157.982983395473724, 21.487326413958847 ], [ -157.981579395523909, 21.487497413932996 ], [ -157.980389395567727, 21.487536413917567 ], [ -157.979382395606677, 21.487421413913601 ], [ -157.978680395634001, 21.487326413911763 ], [ -157.978130395655285, 21.487261413909724 ], [ -157.977276395685863, 21.487364413894074 ], [ -157.976483395711398, 21.487677413866216 ], [ -157.976075395725843, 21.487739413857899 ], [ -157.975567395743752, 21.487818413847524 ], [ -157.97495739576749, 21.487734413845999 ], [ -157.974466395785868, 21.48773241384075 ], [ -157.974103395799716, 21.487700413838791 ], [ -157.972608395862153, 21.487154413855855 ], [ -157.972211395877309, 21.487124413853355 ], [ -157.970807395923487, 21.487608413808324 ], [ -157.970502395934631, 21.487623413804073 ], [ -157.969495395977987, 21.487150413822047 ], [ -157.969068395995151, 21.487047413823714 ], [ -157.968610396011798, 21.487078413816764 ], [ -157.967756396035981, 21.487684413770307 ], [ -157.966870396064309, 21.488054413737927 ], [ -157.966676396070397, 21.488144413730282 ], [ -157.966066396089445, 21.488432413705965 ], [ -157.965833396096912, 21.488531413697334 ], [ -157.965223396115249, 21.488875413669625 ], [ -157.964856396124361, 21.489241413643185 ], [ -157.964276396143163, 21.489462413623322 ], [ -157.963514396169899, 21.489588413607255 ], [ -157.962384396211718, 21.489599413594259 ], [ -157.961559396235288, 21.490168413550379 ], [ -157.960888396259946, 21.490187413541889 ], [ -157.960491396274278, 21.490221413535512 ], [ -157.96018639628366, 21.490381413522353 ], [ -157.959881396288466, 21.490900413487257 ], [ -157.959759396288945, 21.491224413466046 ], [ -157.95948439629592, 21.49148441344715 ], [ -157.959118396308241, 21.491583413437084 ], [ -157.957958396349113, 21.491765413413276 ], [ -157.956707396390129, 21.492200413372959 ], [ -157.956249396404758, 21.492387413356564 ], [ -157.954968396443263, 21.493115413298007 ], [ -157.954571396454526, 21.49339441327658 ], [ -157.953900396477366, 21.493558413259262 ], [ -157.953564396488446, 21.493672413248621 ], [ -157.953045396504763, 21.493909413228426 ], [ -157.952130396541037, 21.493718413230152 ], [ -157.951763396555009, 21.493692413227759 ], [ -157.951397396565511, 21.49393641320885 ], [ -157.951031396574962, 21.494268413184489 ], [ -157.95045139659419, 21.494454413166828 ], [ -157.949902396613993, 21.494496413158231 ], [ -157.949444396629673, 21.494603413146706 ], [ -157.949017396642432, 21.494847413127136 ], [ -157.948284396667731, 21.494996413110055 ], [ -157.947888396684107, 21.49486341311388 ], [ -157.947308396706745, 21.494775413112933 ], [ -157.946667396730334, 21.494786413105256 ], [ -157.946362396742643, 21.494706413106861 ], [ -157.945690396771226, 21.494412413117516 ], [ -157.945416396781297, 21.494416413114276 ], [ -157.944744396803372, 21.494645413092943 ], [ -157.943463396844749, 21.495133413049174 ], [ -157.943066396859138, 21.495160413043173 ], [ -157.942822396868394, 21.495141413041686 ], [ -157.942547396877245, 21.495248413032147 ], [ -157.942265396884153, 21.495531413011754 ], [ -157.941815396896317, 21.495893412984714 ], [ -157.941113396916506, 21.496366412948138 ], [ -157.940960396920644, 21.496488412939041 ], [ -157.940716396928991, 21.496541412933144 ], [ -157.937328397052909, 21.496663412888843 ], [ -157.934460397154396, 21.497041412834498 ], [ -157.933117397206729, 21.496827412833003 ], [ -157.931713397262797, 21.496495412838016 ], [ -157.930554397309919, 21.496152412846367 ], [ -157.929546397351487, 21.495805412856598 ], [ -157.928784397380468, 21.495740412852282 ], [ -157.928173397400769, 21.495923412834443 ], [ -157.927563397416776, 21.4964504127956 ], [ -157.926953397433834, 21.496896412761739 ], [ -157.925945397466592, 21.497254412728921 ], [ -157.924999397499732, 21.497399412709775 ], [ -157.92429739752464, 21.497483412697001 ], [ -157.923687397547127, 21.497491412689886 ], [ -157.922894397575192, 21.497586412675503 ], [ -157.921917397613129, 21.497438412673898 ], [ -157.921032397644609, 21.497533412658463 ], [ -157.920361397667136, 21.497716412639988 ], [ -157.919994397681137, 21.49768241263811 ], [ -157.917706397771497, 21.497205412642369 ], [ -157.916901397796124, 21.497616412608497 ], [ -157.91669939780229, 21.497720412599993 ], [ -157.915844397826163, 21.49834241255272 ], [ -157.915081397853527, 21.498399412540987 ], [ -157.914501397877075, 21.498227412545141 ], [ -157.91407439789316, 21.498200412542182 ], [ -157.913464397913287, 21.498395412523681 ], [ -157.912853397935919, 21.49838441251767 ], [ -157.912304397955268, 21.498460412507043 ], [ -157.912029397961845, 21.498745412486695 ], [ -157.911694397972468, 21.498890412474253 ], [ -157.911175397992821, 21.498787412474876 ], [ -157.91068739801139, 21.498745412472129 ], [ -157.910107398032011, 21.498802412462378 ], [ -157.909191398064564, 21.498901412446372 ], [ -157.908611398084958, 21.498985412434973 ], [ -157.908032398105377, 21.499058412424233 ], [ -157.907635398120561, 21.499012412422701 ], [ -157.907025398144128, 21.498924412421438 ], [ -157.906506398164481, 21.498825412421887 ], [ -157.905926398187489, 21.498692412423676 ], [ -157.905010398220043, 21.49879141240768 ], [ -157.904705398228685, 21.499004412391411 ], [ -157.90449239822911, 21.499599412352811 ], [ -157.90424739823095, 21.500179412314825 ], [ -157.903607398248482, 21.500664412278283 ], [ -157.903088398265425, 21.500843412261741 ], [ -157.902447398287791, 21.500942412248801 ], [ -157.901898398308418, 21.5009084122449 ], [ -157.901501398324484, 21.500793412247585 ], [ -157.90128739832727, 21.501202412220351 ], [ -157.901265398324057, 21.501530412200122 ], [ -157.900379398356876, 21.501510412191745 ], [ -157.900252398361658, 21.501504412190744 ], [ -157.899692398382541, 21.501480412186158 ], [ -157.898812398412247, 21.501700412163149 ], [ -157.897973398443639, 21.501659412156599 ], [ -157.897320398469134, 21.501541412156655 ], [ -157.897255398471657, 21.501530412156661 ], [ -157.896822398488382, 21.501463412156042 ], [ -157.896257398507998, 21.501563412143803 ], [ -157.89613439851442, 21.501408412151903 ], [ -157.895902398526516, 21.501123412166784 ], [ -157.895833398531664, 21.500909412179041 ], [ -157.895827398532134, 21.500888412180267 ], [ -157.895818398534658, 21.500713412190859 ], [ -157.896003398532372, 21.500346412215173 ], [ -157.896201398528689, 21.500060412234792 ], [ -157.896268398527639, 21.499946412242405 ], [ -157.896222398533325, 21.49961941226185 ], [ -157.895913398551187, 21.499097412290283 ], [ -157.895829398555776, 21.498974412296842 ], [ -157.895339398578955, 21.498558412316875 ], [ -157.894968398598195, 21.49811241234001 ], [ -157.894777398611268, 21.497622412367768 ], [ -157.89476139861236, 21.497579412370193 ], [ -157.894535398628364, 21.496959412405527 ], [ -157.894501398637033, 21.496362412441485 ], [ -157.894282398651512, 21.495849412470321 ], [ -157.893514398691764, 21.494879412521037 ], [ -157.893062398716808, 21.494198412557594 ], [ -157.892548398742917, 21.493624412586964 ], [ -157.89206839876951, 21.492903412625626 ], [ -157.891915398782857, 21.492280412661877 ], [ -157.891981398790193, 21.491493412710494 ], [ -157.892156398789894, 21.491001412742364 ], [ -157.892305398791649, 21.490422412779193 ], [ -157.892243398801867, 21.489784412817382 ], [ -157.89196839882004, 21.489136412853828 ], [ -157.891691398837054, 21.488583412884477 ], [ -157.891584398844714, 21.488287412901347 ], [ -157.891695398845883, 21.487866412928152 ], [ -157.891765398850026, 21.487331412961471 ], [ -157.89178739885125, 21.487165412971844 ], [ -157.891748398858567, 21.486696412999937 ], [ -157.891526398872372, 21.486242413025153 ], [ -157.891274398887077, 21.485803413049101 ], [ -157.890932398904511, 21.485417413068859 ], [ -157.89073539891595, 21.485084413086955 ], [ -157.890636398925864, 21.484576413116844 ], [ -157.890366398943826, 21.483930413153168 ], [ -157.890304398950803, 21.483554413175344 ], [ -157.89033839895734, 21.482929413213814 ], [ -157.890708398950864, 21.482358413252545 ], [ -157.890954398945439, 21.482075413272508 ], [ -157.890986398948314, 21.48174541329292 ], [ -157.89077739896436, 21.481075413331375 ], [ -157.890679398972622, 21.480705413352865 ], [ -157.890658398974381, 21.480625413357473 ], [ -157.890510398991267, 21.479715413411249 ], [ -157.89045339900261, 21.478970413455976 ], [ -157.890242399015079, 21.478597413476319 ], [ -157.889940399031758, 21.478149413500258 ], [ -157.889607399051215, 21.477571413531827 ], [ -157.889396399062861, 21.477265413548096 ], [ -157.8892173990765, 21.476700413580495 ], [ -157.889371399075657, 21.476314413605696 ], [ -157.889742399068354, 21.475806413640647 ], [ -157.890049399062292, 21.475393413669178 ], [ -157.890145399069354, 21.474546413721743 ], [ -157.890270399071625, 21.47400041375635 ], [ -157.890488399071842, 21.473344413798667 ], [ -157.890614399076128, 21.472637413843071 ], [ -157.890708399077369, 21.472259413867096 ], [ -157.890619399086006, 21.471832413892113 ], [ -157.890379399103182, 21.47116641392995 ], [ -157.890325399107184, 21.471006413939111 ], [ -157.890199399116568, 21.470627413960766 ], [ -157.890109399124839, 21.470234413983718 ], [ -157.889839399142687, 21.469601414019252 ], [ -157.889568399160851, 21.468951414055791 ], [ -157.889327399174363, 21.468581414075611 ], [ -157.888840399194123, 21.468430414079467 ], [ -157.888563399206589, 21.468249414087417 ], [ -157.888469399212255, 21.468073414097102 ], [ -157.88819039922916, 21.467546414126048 ], [ -157.888097399234766, 21.467371414135698 ], [ -157.888013399239441, 21.467244414142474 ], [ -157.887830399248344, 21.467069414151094 ], [ -157.887769399253472, 21.466840414164363 ], [ -157.887830399259656, 21.466172414205637 ], [ -157.887738399268386, 21.465749414230402 ], [ -157.887647399279842, 21.465104414268612 ], [ -157.887586399287386, 21.464685414293392 ], [ -157.887403399298648, 21.464322414313433 ], [ -157.887311399305815, 21.464021414330755 ], [ -157.887220399314828, 21.46357141435713 ], [ -157.886853399333319, 21.463174414377185 ], [ -157.886820399334795, 21.463154414378035 ], [ -157.886426399352217, 21.462922414387805 ], [ -157.885633399386705, 21.462495414405009 ], [ -157.885053399415796, 21.461877414436206 ], [ -157.884168399451568, 21.461618414442114 ], [ -157.883435399478145, 21.461644414432431 ], [ -157.882825399503304, 21.461423414439118 ], [ -157.882398399524391, 21.460996414460354 ], [ -157.882215399536307, 21.460584414483392 ], [ -157.881604399560842, 21.460416414486875 ], [ -157.879865399625999, 21.460309414474111 ], [ -157.878308399681714, 21.460427414449718 ], [ -157.87708839972359, 21.460652414422558 ], [ -157.876233399751811, 21.460900414398029 ], [ -157.875837399761593, 21.461278414370696 ], [ -157.875766399764757, 21.461231414372772 ], [ -157.876020399762183, 21.460694414408206 ], [ -157.876020399767839, 21.46024841443527 ], [ -157.876047399772347, 21.459814414461952 ], [ -157.876050399772765, 21.459771414464594 ], [ -157.876264399768672, 21.459477414484841 ], [ -157.875226399809122, 21.459287414484905 ], [ -157.874952399822973, 21.45898241450038 ], [ -157.874768399837649, 21.45835641453635 ], [ -157.874982399839126, 21.457620414583463 ], [ -157.874982399843105, 21.457305414602597 ], [ -157.87498239984788, 21.456925414625676 ], [ -157.874966399855992, 21.456331414661545 ], [ -157.874677399871274, 21.455960414680892 ], [ -157.874250399892389, 21.45552941470233 ], [ -157.87382239991274, 21.455163414719799 ], [ -157.87379539991403, 21.455136414721142 ], [ -157.873578399924753, 21.45491941473195 ], [ -157.873548399936027, 21.454114414780484 ], [ -157.873426399947874, 21.453534414814346 ], [ -157.873273399957071, 21.453244414830248 ], [ -157.873029399968487, 21.453054414839102 ], [ -157.873029399971358, 21.452828414852839 ], [ -157.87336639996559, 21.452310414888029 ], [ -157.87382339995537, 21.451791414924628 ], [ -157.873976399952653, 21.451566414939983 ], [ -157.873762399968598, 21.450925414976506 ], [ -157.873762399971213, 21.45072041498895 ], [ -157.873762399973714, 21.450524415000835 ], [ -157.874007399972356, 21.44992241504016 ], [ -157.874281399967487, 21.449513415068004 ], [ -157.874467399964232, 21.449231415087223 ], [ -157.874440399975299, 21.448434415135353 ], [ -157.874434399978213, 21.448224415147994 ], [ -157.874586399980501, 21.447606415187231 ], [ -157.874464399992519, 21.447007415222213 ], [ -157.874403399999409, 21.446645415243541 ], [ -157.874434400005185, 21.446099415277057 ], [ -157.874428400005684, 21.446082415278006 ], [ -157.874281400016883, 21.44562641530408 ], [ -157.87416740002476, 21.445331415320737 ], [ -157.874098400031613, 21.44499341534048 ], [ -157.874129400033553, 21.444749415355634 ], [ -157.873945400044221, 21.444440415372327 ], [ -157.873777400052973, 21.444239415382665 ], [ -157.873762400053778, 21.444220415383619 ], [ -157.87379340005586, 21.443964415399538 ], [ -157.873976400057614, 21.443300415441875 ], [ -157.873244400101356, 21.441969415514521 ], [ -157.873183400109951, 21.441469415544223 ], [ -157.873152400117505, 21.440970415574171 ], [ -157.873081400121606, 21.440847415580873 ], [ -157.872786400139034, 21.440329415609028 ], [ -157.872481400157028, 21.43979541563802 ], [ -157.871962400180507, 21.439444415653504 ], [ -157.871351400204446, 21.439325415653911 ], [ -157.871046400216215, 21.439280415653222 ], [ -157.870772400229811, 21.438997415667345 ], [ -157.87028340025185, 21.438677415681308 ], [ -157.869385400291151, 21.438171415701991 ], [ -157.868086400348062, 21.437441415731737 ], [ -157.866896400400009, 21.436789415758 ], [ -157.866255400423682, 21.436770415751958 ], [ -157.865567400451852, 21.436532415758741 ], [ -157.865340400463396, 21.436281415771436 ], [ -157.864729400486141, 21.436251415766357 ], [ -157.864180400507337, 21.43616741576535 ], [ -157.863844400521486, 21.436022415770374 ], [ -157.863569400535425, 21.435721415785572 ], [ -157.86350840054169, 21.435404415804115 ], [ -157.863569400544037, 21.435042415826778 ], [ -157.863447400551621, 21.434801415839985 ], [ -157.86323440056222, 21.434580415851006 ], [ -157.862776400582163, 21.434332415860915 ], [ -157.862689400585964, 21.434285415862803 ], [ -157.862440400596739, 21.434153415868007 ], [ -157.862196400609889, 21.433821415885408 ], [ -157.862105400616855, 21.433539415901507 ], [ -157.862013400624818, 21.433176415922489 ], [ -157.861922400631954, 21.432882415939314 ], [ -157.861767400640815, 21.432632415952728 ], [ -157.861609400650536, 21.432322415969757 ], [ -157.861586400651987, 21.432276415972286 ], [ -157.861128400673863, 21.431872415991641 ], [ -157.860823400688247, 21.431620416003508 ], [ -157.860548400702868, 21.43126541602194 ], [ -157.860457400712704, 21.430758416051638 ], [ -157.860396400723687, 21.430075416092382 ], [ -157.860060400734824, 21.430163416083278 ], [ -157.859567400754571, 21.430032416085687 ], [ -157.859450400761261, 21.429842416095916 ], [ -157.859409400763639, 21.429774416099566 ], [ -157.859175400777218, 21.429381416120744 ], [ -157.859170400783171, 21.428933416147842 ], [ -157.859167400787072, 21.428632416166064 ], [ -157.859053400792618, 21.428526416171216 ], [ -157.858565400815905, 21.428103416191362 ], [ -157.857802400845742, 21.427950416192107 ], [ -157.85756440085521, 21.427891416192995 ], [ -157.857039400876033, 21.427763416194828 ], [ -157.856032400917968, 21.427366416207608 ], [ -157.855177400951845, 21.427160416210498 ], [ -157.854323400988648, 21.426722416227403 ], [ -157.853682401013913, 21.426581416228753 ], [ -157.852888401042122, 21.426645416215965 ], [ -157.852339401063347, 21.426553416215373 ], [ -157.85172940108697, 21.426451416214665 ], [ -157.850567401133475, 21.426132416220948 ], [ -157.850301401145998, 21.425913416231214 ], [ -157.849898401164978, 21.425581416246771 ], [ -157.849536401182803, 21.425222416264511 ], [ -157.849440401187536, 21.425127416269124 ], [ -157.849307401194409, 21.424966416277393 ], [ -157.848768401222458, 21.424318416310555 ], [ -157.848292401246056, 21.423834416334543 ], [ -157.848158401252704, 21.423697416341341 ], [ -157.847273401292938, 21.42308241636858 ], [ -157.845991401348044, 21.422434416393418 ], [ -157.844984401392566, 21.421827416418829 ], [ -157.84449440141654, 21.421353416441992 ], [ -157.844282401426909, 21.421148416452024 ], [ -157.843367401470829, 21.420332416491071 ], [ -157.843184401478936, 21.420218416495889 ], [ -157.842886401491739, 21.420070416501538 ], [ -157.842513401507688, 21.419886416508479 ], [ -157.841934401534104, 21.419470416527101 ], [ -157.841466401553959, 21.419258416534685 ], [ -157.841232401563815, 21.419153416538368 ], [ -157.840968401575026, 21.419032416542723 ], [ -157.840888401578468, 21.418991416544316 ], [ -157.840648401588709, 21.418871416548829 ], [ -157.840568401592151, 21.41883241655033 ], [ -157.840438401599613, 21.418623416561463 ], [ -157.840316401607367, 21.418364416575795 ], [ -157.839823401625779, 21.418334416572048 ], [ -157.839736401629011, 21.418329416571343 ], [ -157.838546401677405, 21.417936416581711 ], [ -157.838439401683075, 21.41780141658867 ], [ -157.838241401693494, 21.417551416601572 ], [ -157.838265401693064, 21.417516416603927 ], [ -157.838485401688985, 21.417212416624825 ], [ -157.838363401699581, 21.416731416652503 ], [ -157.838166401710197, 21.416466416666363 ], [ -157.838088401714401, 21.416361416671826 ], [ -157.83796640172622, 21.415789416705074 ], [ -157.837949401730782, 21.415480416723558 ], [ -157.837936401734339, 21.415243416737709 ], [ -157.837997401738392, 21.414759416767701 ], [ -157.837997401738903, 21.414716416770307 ], [ -157.837997401747515, 21.41404941681062 ], [ -157.837783401760845, 21.413618416834296 ], [ -157.836750401805176, 21.413101416853866 ], [ -157.836685401807955, 21.413069416855102 ], [ -157.836501401818737, 21.412756416871943 ], [ -157.836515401819099, 21.412686416876323 ], [ -157.836568401820443, 21.412432416892262 ], [ -157.83666040181825, 21.412342416898753 ], [ -157.836776401815456, 21.412230416906819 ], [ -157.836961401810356, 21.412104416916563 ], [ -157.837068401807329, 21.412032416922155 ], [ -157.837203401803748, 21.411932416929687 ], [ -157.837753401788035, 21.411596416956233 ], [ -157.838210401777047, 21.411158416987924 ], [ -157.83825140177629, 21.411102416991746 ], [ -157.838337401774623, 21.410985416999821 ], [ -157.838516401771216, 21.410742417016518 ], [ -157.838611401820657, 21.406651417265092 ], [ -157.838642401836779, 21.405316417346132 ], [ -157.838677401854795, 21.403829417436484 ], [ -157.838686401859576, 21.403433417460555 ], [ -157.838693401862713, 21.403172417476405 ], [ -157.839075401849016, 21.403150417482081 ], [ -157.839505401833463, 21.403141417487539 ], [ -157.838917401869821, 21.401990417550444 ], [ -157.83827340189751, 21.401667417562624 ], [ -157.837332401937914, 21.401195417580478 ], [ -157.836366401980229, 21.400652417602327 ], [ -157.83573940200759, 21.400300417616506 ], [ -157.833468402097679, 21.399733417624912 ], [ -157.833137402111134, 21.399627417627585 ], [ -157.830968402199119, 21.398933417644841 ], [ -157.829868402245665, 21.398433417662545 ], [ -157.829268402286971, 21.396933417746318 ], [ -157.828468402325171, 21.396233417779502 ], [ -157.826768402392247, 21.395833417784281 ], [ -157.826616402398031, 21.395816417783553 ], [ -157.824968402460343, 21.395633417775834 ], [ -157.824068402499591, 21.39513341779579 ], [ -157.824234402502213, 21.394465417837996 ], [ -157.824268402502724, 21.394333417846404 ], [ -157.824768402493618, 21.393633417894332 ], [ -157.824868402495184, 21.39323341791966 ], [ -157.825160402492202, 21.392648417958323 ], [ -157.825468402489008, 21.392033417998945 ], [ -157.825068402515257, 21.391133418048742 ], [ -157.825046402518012, 21.390985418057443 ], [ -157.824968402528015, 21.390433418089867 ], [ -157.824568402549119, 21.389933418115511 ], [ -157.825168402546808, 21.388433418212983 ], [ -157.824833402565304, 21.387949418238346 ], [ -157.824269402596457, 21.387133418281188 ], [ -157.824169402601399, 21.387033418286048 ], [ -157.824049402610996, 21.386632418308928 ], [ -157.823689402639758, 21.385433418377161 ], [ -157.823569402649355, 21.385033418399903 ], [ -157.82268640269163, 21.384254418436861 ], [ -157.822002402729282, 21.383276418488041 ], [ -157.82197740273034, 21.383266418488386 ], [ -157.818650402868627, 21.381939418530312 ], [ -157.815562403005345, 21.380064418608008 ], [ -157.815304403016768, 21.379908418614452 ], [ -157.813632403093976, 21.378645418671454 ], [ -157.813428403105064, 21.378365418685945 ], [ -157.812811403138596, 21.377518418729998 ], [ -157.812281403164803, 21.376984418756091 ], [ -157.811994403179028, 21.376695418770204 ], [ -157.810769403238339, 21.375563418824377 ], [ -157.810750403255071, 21.374339418897982 ], [ -157.810557403272981, 21.37351041894572 ], [ -157.810321403294807, 21.372500419003913 ], [ -157.810360403309801, 21.37125141907962 ], [ -157.81038840332053, 21.370358419133812 ], [ -157.80966940336009, 21.369333419187299 ], [ -157.807974403427664, 21.368870419195687 ], [ -157.807336403461846, 21.368032419238769 ], [ -157.806934403476646, 21.368017419235059 ], [ -157.806297403500025, 21.367995419229043 ], [ -157.805354403535972, 21.367861419226223 ], [ -157.801201403691124, 21.367512419199247 ], [ -157.797426403831025, 21.36727741916987 ], [ -157.797333403834699, 21.367253419170236 ], [ -157.794222403957832, 21.366458419182102 ], [ -157.794118403962329, 21.366400419184444 ], [ -157.793859403973613, 21.366256419190083 ], [ -157.793806403975879, 21.366226419191314 ], [ -157.793702403980461, 21.366169419193557 ], [ -157.791688404068537, 21.36501641923963 ], [ -157.79114440409478, 21.364523419263051 ], [ -157.790616404120101, 21.364046419285604 ], [ -157.789394404190006, 21.362097419388785 ], [ -157.78865040425049, 21.359555419533091 ], [ -157.788640404253385, 21.359360419544675 ], [ -157.788507404265943, 21.358774419578374 ], [ -157.788540404280269, 21.35760041964939 ], [ -157.788265404308305, 21.356232419728496 ], [ -157.788269404309915, 21.356097419736663 ], [ -157.78830440432111, 21.355155419793711 ], [ -157.78855340432375, 21.354276419849509 ], [ -157.789085404318712, 21.353203419920227 ], [ -157.789001404340667, 21.351777420004993 ], [ -157.788992404343162, 21.351610420014968 ], [ -157.789197404356912, 21.350017420113144 ], [ -157.78861740439504, 21.348723420184246 ], [ -157.788658404406789, 21.347727420244656 ], [ -157.788643404408589, 21.347632420250157 ], [ -157.78849440442724, 21.34663242030858 ], [ -157.788370404437046, 21.346234420331029 ], [ -157.78807040447046, 21.34453442042981 ], [ -157.788070404481118, 21.34373442047788 ], [ -157.788070404487797, 21.343229420508287 ], [ -157.788070404490412, 21.343034420519995 ], [ -157.787670404514159, 21.342335420557333 ], [ -157.787445404529507, 21.341795420587182 ], [ -157.787170404548249, 21.341135420623679 ], [ -157.786170404592326, 21.340535420648038 ], [ -157.785170404639189, 21.339735420684477 ], [ -157.784670404667935, 21.338935420726695 ], [ -157.783870404702157, 21.338535420741348 ], [ -157.782670404757511, 21.3376354207814 ], [ -157.782270404778643, 21.337135420806788 ], [ -157.7819544047926, 21.336945420814537 ], [ -157.780770404844844, 21.33623542084333 ], [ -157.779170404907973, 21.335835420848568 ], [ -157.777470404972007, 21.335635420840678 ], [ -157.775950405026862, 21.335635420822868 ], [ -157.775570405040639, 21.335635420818413 ], [ -157.774270405096871, 21.334935420845227 ], [ -157.772970405154439, 21.334135420878052 ], [ -157.771570405218313, 21.333135420921657 ], [ -157.7692704053093, 21.332535420930732 ], [ -157.768170405353004, 21.332235420935806 ], [ -157.767097405391638, 21.332235420923212 ], [ -157.767070405392587, 21.332235420922881 ], [ -157.765870405437198, 21.332135420914852 ], [ -157.763870405509294, 21.33213542089139 ], [ -157.762981405545275, 21.331838420898791 ], [ -157.762670405557856, 21.3317354209013 ], [ -157.761170405611864, 21.331735420883703 ], [ -157.760270405644292, 21.331735420873144 ], [ -157.760188405647483, 21.33171842087318 ], [ -157.759404405676264, 21.33167542086661 ], [ -157.759062405686137, 21.331856420851739 ], [ -157.758921405691297, 21.33185142085032 ], [ -157.758845405694416, 21.331823420851141 ], [ -157.758739405698748, 21.331785420852171 ], [ -157.758645405702708, 21.331741420853678 ], [ -157.758545405707423, 21.331658420857522 ], [ -157.758439405712608, 21.331553420862576 ], [ -157.758257405721423, 21.331388420870361 ], [ -157.758117405727774, 21.331289420874612 ], [ -157.757949405735417, 21.33117042087979 ], [ -157.757769405743375, 21.331058420884386 ], [ -157.757675405747591, 21.330997420886916 ], [ -157.757557405752408, 21.330953420888182 ], [ -157.757346405760359, 21.330926420887323 ], [ -157.75709340576978, 21.330904420885684 ], [ -157.756928405776023, 21.330882420885075 ], [ -157.756746405782678, 21.330871420883621 ], [ -157.756529405791184, 21.330822420884012 ], [ -157.756276405801145, 21.330756420884999 ], [ -157.756123405807415, 21.330700420886519 ], [ -157.755958405813715, 21.330673420886235 ], [ -157.755800405819912, 21.330634420886703 ], [ -157.755641405826708, 21.330552420889763 ], [ -157.75551240583286, 21.330442420894851 ], [ -157.755336405841263, 21.330288420902001 ], [ -157.755212405848283, 21.330095420912116 ], [ -157.755083405855657, 21.329891420922809 ], [ -157.754912405865213, 21.329638420935972 ], [ -157.754834405870156, 21.329476420944783 ], [ -157.754580405882194, 21.32926242095461 ], [ -157.754549405883353, 21.329253420954803 ], [ -157.754477405886348, 21.329225420955659 ], [ -157.754412405888928, 21.329209420955838 ], [ -157.754330405892347, 21.329175420956926 ], [ -157.754289405894326, 21.329137420958695 ], [ -157.754248405896533, 21.329082420961495 ], [ -157.754237405897186, 21.329060420962691 ], [ -157.754226405897896, 21.329037420963925 ], [ -157.75417340590073, 21.328967420967516 ], [ -157.754148405902072, 21.328934420969215 ], [ -157.754101405904521, 21.328879420971923 ], [ -157.754082405905649, 21.328842420973952 ], [ -157.75400140590952, 21.328774420977094 ], [ -157.7539604059113, 21.328752420977924 ], [ -157.753883405914394, 21.328730420978331 ], [ -157.753813405917214, 21.328702420979138 ], [ -157.753748405919879, 21.328680420979762 ], [ -157.753684405922428, 21.328663420980014 ], [ -157.75361340592525, 21.328642420980426 ], [ -157.75346640593159, 21.328564420983337 ], [ -157.75341340593414, 21.328515420985688 ], [ -157.753354405937159, 21.328449420988949 ], [ -157.753313405939338, 21.32839442099176 ], [ -157.753284405941059, 21.328344420994441 ], [ -157.753248405943225, 21.328278420997968 ], [ -157.75321340594536, 21.328212421001499 ], [ -157.753190405946754, 21.328168421003884 ], [ -157.75317240594822, 21.328113421006936 ], [ -157.753113405951268, 21.328041421010543 ], [ -157.753037405954927, 21.32797542101363 ], [ -157.752961405958274, 21.327926421015661 ], [ -157.752908405960483, 21.327904421016363 ], [ -157.752861405962534, 21.3278764210175 ], [ -157.752831405963775, 21.327865421017762 ], [ -157.752687405969425, 21.327829421018279 ], [ -157.752479405977653, 21.327777421018915 ], [ -157.752273405985477, 21.327744421018505 ], [ -157.751991405996108, 21.327711421017128 ], [ -157.751708406006941, 21.327656421017114 ], [ -157.751603406010958, 21.327640421016831 ], [ -157.751409406018439, 21.327601421016933 ], [ -157.751168406028, 21.327535421018045 ], [ -157.750609406049307, 21.327442421017068 ], [ -157.750433406056317, 21.327392421017951 ], [ -157.750257406062985, 21.327370421017189 ], [ -157.750057406070596, 21.327337421016843 ], [ -157.749810406079746, 21.327315421015268 ], [ -157.749675406084833, 21.327299421014608 ], [ -157.749481406091917, 21.327293421012701 ], [ -157.749340406097303, 21.32726642101267 ], [ -157.74920540610276, 21.327222421013744 ], [ -157.749093406107789, 21.327145421017001 ], [ -157.748893406116849, 21.327007421022916 ], [ -157.748717406124484, 21.326913421026489 ], [ -157.748605406130139, 21.326792421032447 ], [ -157.748111406154919, 21.326264421058234 ], [ -157.747970406162551, 21.326071421068157 ], [ -157.747788406171452, 21.325895421076545 ], [ -157.747682406176239, 21.325823421079633 ], [ -157.747535406182323, 21.325763421081483 ], [ -157.747406406186741, 21.325779421079012 ], [ -157.747269406191521, 21.325791421076644 ], [ -157.747159406195323, 21.3258014210748 ], [ -157.747048406199184, 21.325812421072822 ], [ -157.746836406207422, 21.32576842107294 ], [ -157.746666406213848, 21.325741421072593 ], [ -157.7464784062212, 21.325697421073002 ], [ -157.746119406236062, 21.32555442107736 ], [ -157.745819406247875, 21.325471421078788 ], [ -157.745490406261638, 21.325328421083491 ], [ -157.74529540626952, 21.325265421084957 ], [ -157.745149406275345, 21.32521842108607 ], [ -157.74487940628606, 21.325146421087211 ], [ -157.744691406293271, 21.325108421087251 ], [ -157.744567406297591, 21.32511942108512 ], [ -157.744473406301154, 21.325108421084707 ], [ -157.744379406304859, 21.325080421085271 ], [ -157.744238406310785, 21.325014421087552 ], [ -157.744050406319332, 21.324882421093253 ], [ -157.743944406324346, 21.32479442109727 ], [ -157.74382740632916, 21.324744421098902 ], [ -157.74362740633677, 21.324717421098111 ], [ -157.743457406343168, 21.324695421097488 ], [ -157.743351406346818, 21.324706421095545 ], [ -157.743081406356794, 21.324684421093693 ], [ -157.742957406361427, 21.324673421092921 ], [ -157.742822406366656, 21.324646421092893 ], [ -157.742681406372185, 21.324607421093603 ], [ -157.742405406383085, 21.324535421094641 ], [ -157.742275406388416, 21.324486421096051 ], [ -157.742146406393402, 21.324458421096221 ], [ -157.74208140639638, 21.324409421098419 ], [ -157.741829406407447, 21.324260421104331 ], [ -157.741723406411921, 21.324211421106046 ], [ -157.741658406414416, 21.324200421105939 ], [ -157.741605406416426, 21.324189421105956 ], [ -157.741552406418492, 21.32417842110603 ], [ -157.741488406420814, 21.324178421105291 ], [ -157.741370406424892, 21.324189421103195 ], [ -157.741305406427159, 21.324194421102096 ], [ -157.741247406429295, 21.32418942110176 ], [ -157.741159406432587, 21.324178421101372 ], [ -157.741117406434228, 21.32417242110122 ], [ -157.741012406438472, 21.324134421102304 ], [ -157.740912406442305, 21.324117421102123 ], [ -157.740835406445456, 21.324090421102845 ], [ -157.740730406449615, 21.324057421103554 ], [ -157.740671406452122, 21.324029421104548 ], [ -157.740589406455598, 21.323990421105897 ], [ -157.740483406459646, 21.32396842110596 ], [ -157.740424406461983, 21.323957421105955 ], [ -157.740289406467468, 21.32390842110734 ], [ -157.740201406470675, 21.323902421106602 ], [ -157.740124406473626, 21.323891421106381 ], [ -157.740065406475736, 21.323891421105682 ], [ -157.740001406478171, 21.323880421105574 ], [ -157.739930406480795, 21.323875421105022 ], [ -157.739872406482988, 21.323869421104718 ], [ -157.73981340648524, 21.32385842110466 ], [ -157.739754406487521, 21.323847421104656 ], [ -157.73970140648953, 21.323842421104345 ], [ -157.739642406491868, 21.323820421104969 ], [ -157.73960740649315, 21.323820421104561 ], [ -157.739560406494888, 21.323814421104309 ], [ -157.739484406497553, 21.323825421102775 ], [ -157.739443406499049, 21.323820421102628 ], [ -157.73939040650103, 21.323809421102634 ], [ -157.739301406504325, 21.323803421101964 ], [ -157.739190406508584, 21.323781421101966 ], [ -157.73910240651216, 21.323754421102571 ], [ -157.739019406515382, 21.323737421102582 ], [ -157.7389194065195, 21.323693421104036 ], [ -157.738826406523145, 21.323671421104265 ], [ -157.738755406525769, 21.323666421103724 ], [ -157.738667406529316, 21.323638421104388 ], [ -157.738579406532779, 21.323611421104918 ], [ -157.738485406536569, 21.323583421105507 ], [ -157.738402406539848, 21.32356142110584 ], [ -157.738383406540549, 21.323558421105815 ], [ -157.73837140654399, 21.323335421119005 ], [ -157.737152406591491, 21.323053421121568 ], [ -157.737071406594652, 21.323035421121659 ], [ -157.734871406669612, 21.323334421077885 ], [ -157.733498406724976, 21.322876421089124 ], [ -157.733071406742198, 21.322734421092559 ], [ -157.732271406770906, 21.322734421083144 ], [ -157.731891406784911, 21.322704421080466 ], [ -157.730971406818867, 21.322634421073843 ], [ -157.730754406826122, 21.322673421068973 ], [ -157.730380406838577, 21.322741421060499 ], [ -157.72767140692909, 21.323234420999142 ], [ -157.726471406964038, 21.323834420949126 ], [ -157.725871406981469, 21.324134420924143 ], [ -157.724471407055773, 21.322334421015267 ], [ -157.723571407101446, 21.321334421064414 ], [ -157.722871407143941, 21.320034421133816 ], [ -157.722423407165564, 21.319617421153474 ], [ -157.721371407216367, 21.318635421199755 ], [ -157.720979407230971, 21.31859542119755 ], [ -157.720371407253509, 21.318534421194013 ], [ -157.719218407295955, 21.318451421185351 ], [ -157.718971407304991, 21.31843442118344 ], [ -157.716871407397576, 21.317135421236291 ], [ -157.716124407424871, 21.317095421229837 ], [ -157.714971407466891, 21.317034421219887 ], [ -157.714914407468967, 21.317029421219498 ], [ -157.714743407475339, 21.317016421218238 ], [ -157.714687407477356, 21.317012421217843 ], [ -157.713671407514738, 21.316934421210522 ], [ -157.712876407537237, 21.317375421174802 ], [ -157.712771407540203, 21.317434421170045 ], [ -157.710771407617045, 21.317034421170323 ], [ -157.709771407636651, 21.318234421086952 ], [ -157.707746407714268, 21.317844421086289 ], [ -157.707341407729757, 21.317767421086163 ], [ -157.707171407736297, 21.317734421086069 ], [ -157.706378407779169, 21.316651421141341 ], [ -157.704580407844531, 21.316565421125265 ], [ -157.704194407854601, 21.316840421104342 ], [ -157.703480407873229, 21.317351421065396 ], [ -157.70207940792443, 21.317264421054059 ], [ -157.701277407945128, 21.317854421009475 ], [ -157.699878407989644, 21.318252420969205 ], [ -157.697863408054161, 21.318805420912511 ], [ -157.696975408082494, 21.319049420887524 ], [ -157.69587440811128, 21.319835420827694 ], [ -157.695708408115564, 21.319958420818399 ], [ -157.695212408128242, 21.320329420790465 ], [ -157.695072408131836, 21.320434420782533 ], [ -157.695041408132994, 21.320432420782282 ], [ -157.69384640817637, 21.320372420771829 ], [ -157.693796408178542, 21.320340420773114 ], [ -157.693729408181667, 21.320285420775633 ], [ -157.693662408184707, 21.320242420777411 ], [ -157.693594408187693, 21.320200420779077 ], [ -157.693530408190469, 21.320160420780713 ], [ -157.693478408192675, 21.320138420781401 ], [ -157.693433408194437, 21.320126420781634 ], [ -157.693381408196245, 21.320126420781008 ], [ -157.69333740819792, 21.320119420780856 ], [ -157.693289408199604, 21.320121420780175 ], [ -157.693226408201753, 21.320128420779056 ], [ -157.69317040820377, 21.320126420778514 ], [ -157.693125408205361, 21.320126420777981 ], [ -157.693091408206527, 21.320130420777335 ], [ -157.693038408208423, 21.320131420776665 ], [ -157.692961408211175, 21.320130420775808 ], [ -157.692919408212703, 21.320129420775373 ], [ -157.692850408215008, 21.320138420773997 ], [ -157.692801408216752, 21.320141420773272 ], [ -157.692762408218044, 21.320145420772537 ], [ -157.692747408218594, 21.32014742077229 ], [ -157.692688408220675, 21.320147420771601 ], [ -157.692629408222899, 21.320141420771222 ], [ -157.69256340822534, 21.320133420770937 ], [ -157.692510408227321, 21.320126420770755 ], [ -157.692422408230556, 21.320115420770332 ], [ -157.692390408231745, 21.320111420770214 ], [ -157.69234540823345, 21.320107420769919 ], [ -157.69226840823643, 21.320090420770015 ], [ -157.692186408239564, 21.32007242077011 ], [ -157.692114408242446, 21.320050420770581 ], [ -157.692054408244701, 21.320039420770563 ], [ -157.69198640824726, 21.320031420770203 ], [ -157.691928408249396, 21.320026420769825 ], [ -157.691886408250866, 21.320026420769342 ], [ -157.691818408253312, 21.320026420768528 ], [ -157.691751408255641, 21.320030420767502 ], [ -157.691719408256802, 21.320029420767192 ], [ -157.691653408259128, 21.320030420766354 ], [ -157.691568408262157, 21.320031420765279 ], [ -157.691526408263542, 21.320037420764475 ], [ -157.691455408266052, 21.320042420763325 ], [ -157.691371408268822, 21.320058420761402 ], [ -157.691300408270962, 21.320085420758954 ], [ -157.69127440827188, 21.32008642075856 ], [ -157.691214408273851, 21.320100420757001 ], [ -157.691186408274717, 21.320111420756028 ], [ -157.691126408276716, 21.320120420754751 ], [ -157.691047408279132, 21.320152420751977 ], [ -157.691001408280499, 21.320168420750427 ], [ -157.690898408283459, 21.320224420745927 ], [ -157.690808408285847, 21.320285420741232 ], [ -157.69075440828712, 21.320334420737687 ], [ -157.690672408289373, 21.320383420733783 ], [ -157.690614408290941, 21.320418420731045 ], [ -157.690536408292871, 21.32048042072638 ], [ -157.69050340829375, 21.320506420724435 ], [ -157.690434408295488, 21.320559420720485 ], [ -157.690356408297475, 21.320617420716083 ], [ -157.690295408298994, 21.320669420712321 ], [ -157.690242408300406, 21.320703420709656 ], [ -157.690196408301659, 21.32073042070747 ], [ -157.69012440830366, 21.320774420704009 ], [ -157.690053408305459, 21.320826420700104 ], [ -157.689968408307692, 21.320887420695446 ], [ -157.689911408309086, 21.32093442069197 ], [ -157.689845408310703, 21.320990420687888 ], [ -157.689787408312213, 21.321031420684768 ], [ -157.689729408313809, 21.321065420682014 ], [ -157.689643408316016, 21.321126420677409 ], [ -157.68956540831806, 21.32118442067306 ], [ -157.689518408319316, 21.321216420670577 ], [ -157.689439408321647, 21.321254420667383 ], [ -157.689377408323423, 21.321283420664926 ], [ -157.689294408325907, 21.321317420661895 ], [ -157.689205408328746, 21.321345420659217 ], [ -157.689103408331931, 21.321378420656028 ], [ -157.689035408334092, 21.321396420654164 ], [ -157.688946408337046, 21.32141242065218 ], [ -157.688832408341, 21.321421420650282 ], [ -157.688776408342818, 21.32143442064887 ], [ -157.688741408344072, 21.321432420648584 ], [ -157.688655408346989, 21.321447420646646 ], [ -157.688574408349666, 21.321458420645058 ], [ -157.688476408353068, 21.321467420643366 ], [ -157.688394408355805, 21.321480420641635 ], [ -157.68829940835883, 21.321508420638846 ], [ -157.688197408362299, 21.321519420636967 ], [ -157.688098408365704, 21.321527420635345 ], [ -157.688012408368593, 21.321544420633337 ], [ -157.687972408369944, 21.32154642063275 ], [ -157.687908408372039, 21.321561420631067 ], [ -157.68784940837412, 21.321564420630185 ], [ -157.687777408376604, 21.321567420629208 ], [ -157.687715408378864, 21.321566420628539 ], [ -157.687676408380185, 21.321568420627951 ], [ -157.687635408381539, 21.321576420626979 ], [ -157.687614408382331, 21.321578420626604 ], [ -157.687584408383316, 21.321579420626186 ], [ -157.687561408384113, 21.321585420625549 ], [ -157.687543408384698, 21.321586420625263 ], [ -157.687518408385642, 21.321583420625174 ], [ -157.687497408386378, 21.321582420624967 ], [ -157.68747940838702, 21.321583420624716 ], [ -157.68745340838791, 21.321585420624292 ], [ -157.687427408388828, 21.321585420623986 ], [ -157.687379408390598, 21.321581420623662 ], [ -157.687364408391176, 21.321579420623603 ], [ -157.687344408391937, 21.321575420623613 ], [ -157.687305408393371, 21.321571420623407 ], [ -157.687259408395079, 21.321564420623215 ], [ -157.687219408396572, 21.321561420622949 ], [ -157.687198408397393, 21.321558420622885 ], [ -157.687173408398252, 21.321561420622416 ], [ -157.687144408399291, 21.321558420622264 ], [ -157.687121408400117, 21.321556420622116 ], [ -157.687078408401845, 21.321546420622226 ], [ -157.687042408403101, 21.321540420622114 ], [ -157.686995408404897, 21.321535420621878 ], [ -157.686966408406022, 21.321529420621907 ], [ -157.68694940840669, 21.321524420622012 ], [ -157.68693040840742, 21.321520420621987 ], [ -157.686890408409027, 21.32150942062221 ], [ -157.686857408410248, 21.321505420622067 ], [ -157.686833408411076, 21.321505420621762 ], [ -157.686811408411927, 21.321502420621709 ], [ -157.686767408413573, 21.321495420621567 ], [ -157.686726408415126, 21.321489420621443 ], [ -157.68668440841671, 21.321482420621376 ], [ -157.686620408419117, 21.321473420621139 ], [ -157.686545408421864, 21.321467420620618 ], [ -157.686509408423234, 21.32146342062045 ], [ -157.686466408424764, 21.321461420620086 ], [ -157.686404408426966, 21.321456420619658 ], [ -157.686371408428215, 21.32145142061951 ], [ -157.686330408429853, 21.321440420619723 ], [ -157.686275408432039, 21.321424420620016 ], [ -157.686236408433558, 21.321411420620347 ], [ -157.686185408435705, 21.321391420620941 ], [ -157.686129408438006, 21.321367420621723 ], [ -157.686039408441587, 21.32133742062242 ], [ -157.685964408444619, 21.321311420623068 ], [ -157.685911408446771, 21.321293420623544 ], [ -157.685881408447926, 21.321284420623723 ], [ -157.685839408449596, 21.321271420623976 ], [ -157.685817408450447, 21.321267420623975 ], [ -157.685763408452573, 21.321251420624332 ], [ -157.685703408454941, 21.32123442062462 ], [ -157.685642408457426, 21.321209420625387 ], [ -157.685626408458063, 21.321205420625461 ], [ -157.685547408461133, 21.32118542062571 ], [ -157.6854754084641, 21.321158420626418 ], [ -157.685436408465733, 21.321138420627204 ], [ -157.68540640846706, 21.321119420627994 ], [ -157.685385408467965, 21.321110420628226 ], [ -157.685365408468925, 21.321089420629249 ], [ -157.68534840847002, 21.321052420631265 ], [ -157.685343408470516, 21.321028420632661 ], [ -157.685348408470901, 21.320989420635026 ], [ -157.685362408470837, 21.320954420637253 ], [ -157.685364408471173, 21.320923420639126 ], [ -157.685365408471341, 21.320909420639964 ], [ -157.685381408471358, 21.320865420642793 ], [ -157.685394408471495, 21.32082242064547 ], [ -157.685413408471504, 21.320767420649005 ], [ -157.685417408471778, 21.320739420650728 ], [ -157.685442408471715, 21.320677420654693 ], [ -157.685455408471853, 21.320631420657591 ], [ -157.685460408472068, 21.320604420659265 ], [ -157.685462408472233, 21.320584420660484 ], [ -157.685467408472562, 21.320546420662776 ], [ -157.685466408472848, 21.320526420663942 ], [ -157.685463408473396, 21.320499420665531 ], [ -157.685459408473776, 21.320476420666864 ], [ -157.685455408474297, 21.320448420668509 ], [ -157.685448408475025, 21.320414420670421 ], [ -157.685432408476089, 21.320378420672405 ], [ -157.685406408477547, 21.32033742067453 ], [ -157.685371408479455, 21.320289420676975 ], [ -157.685362408480017, 21.320271420677948 ], [ -157.685341408481179, 21.320239420679616 ], [ -157.685291408483579, 21.320191420681841 ], [ -157.685239408486069, 21.320149420683776 ], [ -157.685193408488146, 21.320113420685352 ], [ -157.68513240849083, 21.320074420686939 ], [ -157.685092408492693, 21.320042420688392 ], [ -157.685056408494205, 21.32002442068903 ], [ -157.684995408496889, 21.319988420690443 ], [ -157.684909408500687, 21.319934420692672 ], [ -157.684849408502942, 21.319921420692722 ], [ -157.684805408504502, 21.319924420692072 ], [ -157.684740408506855, 21.319920420691496 ], [ -157.68465040851018, 21.31991342069087 ], [ -157.684588408512496, 21.319902420690813 ], [ -157.684518408515117, 21.319894420690453 ], [ -157.684480408516492, 21.319889420690306 ], [ -157.684434408518086, 21.319892420689552 ], [ -157.684369408520496, 21.319888420689054 ], [ -157.684299408523003, 21.319884420688478 ], [ -157.684249408524778, 21.319886420687762 ], [ -157.684180408527226, 21.319890420686697 ], [ -157.684116408529263, 21.319904420685134 ], [ -157.684064408531128, 21.319905420684453 ], [ -157.684020408532604, 21.31991142068356 ], [ -157.683972408534231, 21.319917420682643 ], [ -157.683914408536168, 21.319926420681455 ], [ -157.683864408537886, 21.319933420680428 ], [ -157.683823408539268, 21.319938420679634 ], [ -157.683774408540842, 21.319950420678385 ], [ -157.683723408542448, 21.319965420676841 ], [ -157.683694408543403, 21.319970420676249 ], [ -157.683616408545959, 21.319986420674326 ], [ -157.683529408548878, 21.319999420672559 ], [ -157.683353408554723, 21.320029420668682 ], [ -157.683284408557085, 21.320038420667359 ], [ -157.683235408558744, 21.320044420666427 ], [ -157.683176408560712, 21.320056420664972 ], [ -157.683134408562097, 21.320067420663872 ], [ -157.68312040856253, 21.320066420663753 ], [ -157.683067408564256, 21.320079420662328 ], [ -157.683028408565434, 21.320095420660941 ], [ -157.68297840856701, 21.32010942065952 ], [ -157.682920408568862, 21.320129420657668 ], [ -157.682888408569852, 21.320139420656663 ], [ -157.682887408570053, 21.320125420657522 ], [ -157.682833408571696, 21.320145420655642 ], [ -157.682741408574458, 21.320185420652187 ], [ -157.682713408575268, 21.320201420650918 ], [ -157.68267940857632, 21.320210420649971 ], [ -157.682640408577527, 21.320222420648825 ], [ -157.682592408579012, 21.320245420646891 ], [ -157.682496408581784, 21.320287420643254 ], [ -157.682471408582558, 21.3202964206424 ], [ -157.682436408583612, 21.320310420641196 ], [ -157.682381408585371, 21.320327420639533 ], [ -157.682258408589178, 21.320366420635718 ], [ -157.682245408589608, 21.320371420635265 ], [ -157.682196408591295, 21.320376420634432 ], [ -157.682168408592077, 21.320390420633242 ], [ -157.682137408593007, 21.320403420632111 ], [ -157.682106408593938, 21.320417420630942 ], [ -157.682083408594593, 21.320430420629862 ] ] ] } },
{ "type": "Feature", "properties": { "LONGNAME": "District 2", "SHORTNAME": "D2", "DISTRICT": 2, "COLOR": 1712836736, "GQA_TOTAL": 0, "TOTAL": 728876, "TARGET_DEV": 0, "TARGET_D_1": 0.0, "GE16PRSD_P": 61.37, "GE16PRSR_P": 29.62, "GE20PRSD_P": 63.59, "GE20PRSR_P": 34.1, "PVI": 14.52, "sta": null, "st": null, "label": null, "dist_name": null, "type": null, "type_abb": null, "Elect_year": null }, "geometry": { "type": "MultiPolygon", "coordinates": [ [ [ [ -157.015072431927592, 21.261197416152108 ], [ -157.00910043205414, 21.26595141581593 ], [ -157.00001443229209, 21.269817415492692 ], [ -156.990357432549843, 21.273537415171177 ], [ -156.978812432902629, 21.274622414974367 ], [ -156.971303433144612, 21.27436841489979 ], [ -156.952181433818595, 21.269331414953331 ], [ -156.937006434390923, 21.262452415154726 ], [ -156.927414434772857, 21.256581415365662 ], [ -156.923584434945724, 21.252725415533298 ], [ -156.921122435060141, 21.250003415654401 ], [ -156.917165435269112, 21.243787415950603 ], [ -156.914085435448555, 21.237730416248219 ], [ -156.911643435581709, 21.233599416446943 ], [ -156.910293435679165, 21.229574416652891 ], [ -156.902444435887702, 21.232339416405853 ], [ -156.893962436130749, 21.234009416211943 ], [ -156.88612443637146, 21.234347416099187 ], [ -156.881750436517791, 21.233646416085193 ], [ -156.878750436612876, 21.23354941605453 ], [ -156.874376436755625, 21.233096416026925 ], [ -156.87120943687097, 21.231890416055148 ], [ -156.867502437004703, 21.230564416083542 ], [ -156.859057437315357, 21.227091416172655 ], [ -156.853528437547425, 21.222708416346642 ], [ -156.848542437697887, 21.22303941626831 ], [ -156.84628943776724, 21.223085416238607 ], [ -156.84088343793357, 21.22319841616725 ], [ -156.826640438319913, 21.227221415775446 ], [ -156.812130438711336, 21.231410415372011 ], [ -156.801536439003939, 21.23392141510784 ], [ -156.794857439206311, 21.234164415014504 ], [ -156.787463439454683, 21.232637415009204 ], [ -156.783899439580381, 21.231454415030949 ], [ -156.777813439758148, 21.232123414921539 ], [ -156.771077439954695, 21.232864414800463 ], [ -156.760299440306881, 21.231247414759249 ], [ -156.75480744049861, 21.229508414787919 ], [ -156.752549440577354, 21.228793414799672 ], [ -156.750014440662909, 21.228199414801537 ], [ -156.741073440938237, 21.228023414703795 ], [ -156.731222441242124, 21.227747414600518 ], [ -156.722090441542889, 21.226065414582088 ], [ -156.713600441861189, 21.221642414719454 ], [ -156.706265442144058, 21.21723141486968 ], [ -156.696789442471214, 21.214295414914098 ], [ -156.686521442833424, 21.210517414994015 ], [ -156.675842443267186, 21.202405415302071 ], [ -156.667392443649447, 21.193153415697534 ], [ -156.659579444040219, 21.181910416206929 ], [ -156.656293444294874, 21.170719416768041 ], [ -156.656079444396852, 21.163892417132075 ], [ -156.653921444572887, 21.155960417531425 ], [ -156.650900444817609, 21.14502241808103 ], [ -156.650539444980438, 21.134280418652924 ], [ -156.651915445022922, 21.128387418986254 ], [ -156.652739445046365, 21.125003419178146 ], [ -156.654850444983026, 21.12500341920461 ], [ -156.657722445041031, 21.114906419782553 ], [ -156.66476544498201, 21.104270420442358 ], [ -156.672600444869545, 21.095720421000898 ], [ -156.68272944463132, 21.091099421378107 ], [ -156.691077444418283, 21.088425421628315 ], [ -156.694007444338922, 21.087795421699589 ], [ -156.69917444428512, 21.080742422145359 ], [ -156.708070444140219, 21.072212422718927 ], [ -156.726022443764691, 21.060675423572391 ], [ -156.735615443545015, 21.05578142396066 ], [ -156.740861443454918, 21.051057424283929 ], [ -156.746550443347303, 21.046600424598751 ], [ -156.750014443282566, 21.043833424793451 ], [ -156.750014443235926, 21.046994424622458 ], [ -156.756127443111694, 21.042780424929983 ], [ -156.761754442967828, 21.040890425105594 ], [ -156.766772442873105, 21.036932425385405 ], [ -156.777160442662449, 21.029705425912944 ], [ -156.785304442489718, 21.024543426299758 ], [ -156.793695442265459, 21.022310426531227 ], [ -156.801627442026728, 21.021972426653868 ], [ -156.808338441883194, 21.017755426971405 ], [ -156.817556441689334, 21.011731427420738 ], [ -156.823378441578114, 21.007168427746095 ], [ -156.830003441447275, 21.002262428101087 ], [ -156.836968441265924, 21.000003428316678 ], [ -156.87501444008501, 21.000003428822154 ], [ -156.875014440104025, 20.998742428891187 ], [ -156.875014440161152, 20.994959429098181 ], [ -156.875014440180166, 20.99369942916713 ], [ -156.877937440094144, 20.99336742922425 ], [ -156.879304440051527, 20.993365429242562 ], [ -156.881769439974761, 20.993363429275529 ], [ -156.888888439747859, 20.993682429352972 ], [ -156.892222439642126, 20.993793429391335 ], [ -156.893633439597352, 20.993840429407577 ], [ -156.896509439501983, 20.994199429426221 ], [ -156.899477439403597, 20.994570429445474 ], [ -156.901128439337413, 20.9955334294146 ], [ -156.90368843923477, 20.997027429366771 ], [ -156.907433439108956, 20.997597429385319 ], [ -156.914549438886127, 20.997587429480646 ], [ -156.915314438856711, 20.997941429471361 ], [ -156.91976443868603, 21.000003429417287 ], [ -156.920020438678023, 21.000003429420687 ], [ -156.920788438653943, 21.000003429430901 ], [ -156.921045438645876, 21.000003429434337 ], [ -156.921724438621453, 21.000209429432033 ], [ -156.922403438597001, 21.000416429429659 ], [ -156.925741438476848, 21.00143142941824 ], [ -156.935373438093421, 21.006779429251925 ], [ -156.936577438050733, 21.007097429250397 ], [ -156.945227437743853, 21.009384429239148 ], [ -156.947213437677505, 21.009634429251712 ], [ -156.948612437630743, 21.009810429260565 ], [ -156.950012437583922, 21.009986429269375 ], [ -156.955735437392491, 21.010705429305588 ], [ -156.963145437125746, 21.012873429284149 ], [ -156.969428436853292, 21.017780429096231 ], [ -156.973908436650873, 21.021824428931833 ], [ -156.977715436524846, 21.02217942896247 ], [ -156.983847436301602, 21.02410142893703 ], [ -156.987383436172763, 21.025210428922296 ], [ -157.000014435701416, 21.029880428829937 ], [ -157.000014435709801, 21.029320428860977 ], [ -157.004373435544181, 21.031117428818721 ], [ -157.01056943528161, 21.035485428657779 ], [ -157.015017435119404, 21.036850428640442 ], [ -157.024524434786656, 21.038807428656515 ], [ -157.030016434611269, 21.038797428729119 ], [ -157.038735434336189, 21.03852342885882 ], [ -157.050251433904663, 21.042707428776843 ], [ -157.059764433513834, 21.048440428581642 ], [ -157.067099433195352, 21.054005428366885 ], [ -157.072163432979067, 21.057600428232096 ], [ -157.075014432881233, 21.05800142824685 ], [ -157.077570432793493, 21.058361428260028 ], [ -157.083064432613867, 21.058521428322681 ], [ -157.094226432257415, 21.058238428484028 ], [ -157.102771431984991, 21.05796142861093 ], [ -157.110529431755424, 21.056484428794981 ], [ -157.117326431565715, 21.054407429000221 ], [ -157.125014431344255, 21.052499429207849 ], [ -157.125014431380009, 21.050091429343095 ], [ -157.129558431255049, 21.048558429488708 ], [ -157.136328431038379, 21.048310429591336 ], [ -157.137288431007136, 21.04831142960386 ], [ -157.145237430747869, 21.048322429707397 ], [ -157.156018430388173, 21.048849429819043 ], [ -157.157293430347977, 21.048752429841191 ], [ -157.167150430036713, 21.048006430012475 ], [ -157.177212429729934, 21.046476430230779 ], [ -157.190219429300271, 21.046661430391072 ], [ -157.201888428921507, 21.046330430563067 ], [ -157.216050428464882, 21.045658430787146 ], [ -157.222905428256411, 21.044465430944864 ], [ -157.231452427994242, 21.043102431134585 ], [ -157.241166427657276, 21.044136431203707 ], [ -157.250014427352369, 21.04491343127599 ], [ -157.250014427348759, 21.045154431262262 ], [ -157.250014427337959, 21.045879431221096 ], [ -157.250014427334349, 21.046121431207297 ], [ -157.253745427209623, 21.046182431252905 ], [ -157.255880427150402, 21.045400431325419 ], [ -157.267921426760324, 21.044724431522347 ], [ -157.278643426383951, 21.046018431589751 ], [ -157.282926426240579, 21.046057431643924 ], [ -157.289442426022305, 21.046117431726191 ], [ -157.301326425602156, 21.047658431794623 ], [ -157.321258424889294, 21.050679431883985 ], [ -157.334633424321822, 21.05860743160542 ], [ -157.349138423631103, 21.07224343101274 ], [ -157.358445423149277, 21.083610430480736 ], [ -157.363799422839747, 21.092361430046918 ], [ -157.363915422830502, 21.092722430027646 ], [ -157.366563422620288, 21.100959429587938 ], [ -157.36627342240115, 21.116661428680505 ], [ -157.363498422373937, 21.125003428164945 ], [ -157.363934422359222, 21.125003428170505 ], [ -157.365242422314992, 21.125003428187181 ], [ -157.365678422300221, 21.125003428192731 ], [ -157.364099422317253, 21.127517428027918 ], [ -157.363348422325316, 21.128715427949412 ], [ -157.359504422362363, 21.135148427530321 ], [ -157.357982422377034, 21.137698427364278 ], [ -157.357163422385014, 21.139069427275018 ], [ -157.355819422382353, 21.142406427065996 ], [ -157.349906422371618, 21.157088426146842 ], [ -157.347248422401094, 21.161309425870744 ], [ -157.338607422497262, 21.175041424973138 ], [ -157.328829422645811, 21.187822424117265 ], [ -157.325014422719192, 21.191724423845923 ], [ -157.321471422787425, 21.195347423594125 ], [ -157.315458422927122, 21.199785423265286 ], [ -157.311689422992828, 21.204131422969567 ], [ -157.312588422918481, 21.207292422799235 ], [ -157.313578422810906, 21.212618422505852 ], [ -157.31456842267113, 21.220275422078508 ], [ -157.314521422595874, 21.225815421759954 ], [ -157.314482422533217, 21.230436421494201 ], [ -157.313137422474853, 21.237936421047308 ], [ -157.310535422471503, 21.244525420637611 ], [ -157.306701422525066, 21.250003420276933 ], [ -157.306508422526178, 21.250389420252453 ], [ -157.306316422527317, 21.250776420227929 ], [ -157.305266422533663, 21.252884420094336 ], [ -157.305150422535831, 21.253012420085604 ], [ -157.301365422605159, 21.257223419798535 ], [ -157.298058422674046, 21.260295419582636 ], [ -157.295574422725736, 21.262605419420428 ], [ -157.292310422793747, 21.265638419207441 ], [ -157.281298423067568, 21.272593418677516 ], [ -157.272200423317543, 21.276567418341727 ], [ -157.259987423698846, 21.278478418087321 ], [ -157.250014424026716, 21.278776417951864 ], [ -157.250014424005457, 21.280350417861982 ], [ -157.243929424215196, 21.279794417821527 ], [ -157.237957424444829, 21.277474417883042 ], [ -157.233947424594618, 21.27623641790597 ], [ -157.231273424691011, 21.275663417906923 ], [ -157.228333424779123, 21.276352417832676 ], [ -157.220226425018552, 21.278499417614174 ], [ -157.214256425214472, 21.278616417536689 ], [ -157.199552425728371, 21.276512417481847 ], [ -157.183957426310258, 21.271469417582946 ], [ -157.171659426796595, 21.265398417780801 ], [ -157.161946427200093, 21.259144418019016 ], [ -157.159006427313386, 21.257899418054347 ], [ -157.154701427461617, 21.257363418033158 ], [ -157.147335427715092, 21.256447417996853 ], [ -157.135218428128212, 21.255164417924362 ], [ -157.125014428454449, 21.255635417775672 ], [ -157.1250144284339, 21.257147417690405 ], [ -157.116646428741348, 21.254574417735398 ], [ -157.109507429000445, 21.252583417762128 ], [ -157.102173429237325, 21.252676417669075 ], [ -157.090746429613205, 21.252273417554967 ], [ -157.082558429909142, 21.250003417584438 ], [ -157.081444429945208, 21.250003417571094 ], [ -157.075451430167988, 21.247867417619172 ], [ -157.072455430279604, 21.246780417644239 ], [ -157.069888430361601, 21.246842417609994 ], [ -157.065341430506777, 21.246952417549235 ], [ -157.061028430658325, 21.246033417549086 ], [ -157.057410430800104, 21.24419041760892 ], [ -157.051531430980134, 21.244865417500549 ], [ -157.04345243123521, 21.245204417384667 ], [ -157.036252431461804, 21.245543417279347 ], [ -157.034408431518614, 21.245712417247777 ], [ -157.034157431527916, 21.245621417249858 ], [ -157.031148431639224, 21.24454041727417 ], [ -157.030177431678283, 21.243953417295323 ], [ -157.025394431752744, 21.249740416914797 ], [ -157.025310431751819, 21.25000341689913 ], [ -157.026458431715014, 21.250003416912872 ], [ -157.018795431848503, 21.258239416361551 ], [ -157.017604431873821, 21.259185416294567 ], [ -157.015072431927592, 21.261197416152108 ] ] ], [ [ [ -159.619205319018562, 22.266840377131626 ], [ -159.612966319262654, 22.272238376703047 ], [ -159.6049363196108, 22.275032376447118 ], [ -159.59640331998051, 22.278002376175372 ], [ -159.583004320582347, 22.279991375938984 ], [ -159.574897320931655, 22.282953375671443 ], [ -159.561355321554714, 22.28297537557399 ], [ -159.555854321807175, 22.283016375532192 ], [ -159.547456322192375, 22.283079375468347 ], [ -159.539764322571955, 22.279823375644181 ], [ -159.537998322659064, 22.27907537568457 ], [ -159.533576322877138, 22.277204375785448 ], [ -159.53264232292139, 22.277025375791471 ], [ -159.530759323010642, 22.276664375803634 ], [ -159.528004323141175, 22.276136375821377 ], [ -159.52466832329921, 22.275497375842782 ], [ -159.519800323512044, 22.276710375722569 ], [ -159.517079323630981, 22.277389375655332 ], [ -159.515421323703464, 22.27780237561446 ], [ -159.50770132402198, 22.282011375262858 ], [ -159.506840324057464, 22.282481375223625 ], [ -159.500014324359142, 22.283718375088188 ], [ -159.484057325069102, 22.285919374820693 ], [ -159.476598325413363, 22.285366374807172 ], [ -159.46612632589617, 22.284590374788035 ], [ -159.460743326144097, 22.284190374778234 ], [ -159.456835326324068, 22.283901374771101 ], [ -159.444649326888964, 22.282448374787315 ], [ -159.439784327114296, 22.281868374793721 ], [ -159.439348327136003, 22.281630374807399 ], [ -159.432769327463348, 22.278038375012933 ], [ -159.422159327888778, 22.284786374465156 ], [ -159.414046328228181, 22.288172374171037 ], [ -159.412427328295848, 22.288849374112289 ], [ -159.402934328711467, 22.290476373932052 ], [ -159.389687329332901, 22.287510374046832 ], [ -159.379803329812148, 22.283298374271862 ], [ -159.37501433005167, 22.280341374444681 ], [ -159.355701331006486, 22.269657375053637 ], [ -159.334266331993319, 22.266473375123397 ], [ -159.332954332058108, 22.265728375165871 ], [ -159.320905332653183, 22.258885375555987 ], [ -159.30881233326653, 22.250003376086383 ], [ -159.307080333356993, 22.248409376184593 ], [ -159.301884333628493, 22.243627376479058 ], [ -159.300153333718924, 22.24203437657707 ], [ -159.29995633372917, 22.241853376588196 ], [ -159.299760333739414, 22.24167237659935 ], [ -159.298142333823932, 22.240183376690943 ], [ -159.29652333390851, 22.238693376782578 ], [ -159.293569334065239, 22.235683376969856 ], [ -159.291339334181799, 22.233623377096439 ], [ -159.279409334825374, 22.220218377938025 ], [ -159.265531335580391, 22.203918378963436 ], [ -159.259543335950383, 22.191764379758887 ], [ -159.253636336309569, 22.180517380491438 ], [ -159.250014336511271, 22.175778380791215 ], [ -159.245793336776529, 22.166811381378039 ], [ -159.243931337032052, 22.147215382715483 ], [ -159.242748337181553, 22.136328383457005 ], [ -159.242168337290735, 22.12703338409327 ], [ -159.241841337323535, 22.125003384230634 ], [ -159.241940337374302, 22.118904384651795 ], [ -159.242627337407896, 22.111869385142089 ], [ -159.245034337394827, 22.101655385865126 ], [ -159.247058337371442, 22.094456386377445 ], [ -159.248809337332915, 22.090243386681895 ], [ -159.250014337306396, 22.087345386891332 ], [ -159.250014337336012, 22.084149387111626 ], [ -159.259026337041519, 22.072936387957693 ], [ -159.260709337016408, 22.067660388335305 ], [ -159.26178333700048, 22.064291388576404 ], [ -159.264695336957601, 22.055166389229715 ], [ -159.265081336949493, 22.054212389298701 ], [ -159.266408336921671, 22.05093538953566 ], [ -159.267592336896996, 22.048010389747215 ], [ -159.270382336838992, 22.041121390245607 ], [ -159.271355336812917, 22.03933839037672 ], [ -159.272868336772291, 22.036570390580298 ], [ -159.276105336685561, 22.030643391016351 ], [ -159.276651336670938, 22.029645391089808 ], [ -159.280097336571316, 22.02411539150037 ], [ -159.282608336497361, 22.020237391789223 ], [ -159.283725336464556, 22.018504391918285 ], [ -159.282098336592128, 22.012809392297697 ], [ -159.280931336683722, 22.008722392569876 ], [ -159.280592336722947, 22.006243392738096 ], [ -159.280420336742878, 22.004989392823159 ], [ -159.279907336802466, 22.001228393078328 ], [ -159.279901336803164, 22.001184393081299 ], [ -159.280210336801019, 22.000003393165482 ], [ -159.280244336810568, 21.998876393243542 ], [ -159.280350336839035, 21.995496393477673 ], [ -159.280386336848579, 21.994370393555673 ], [ -159.280543336891185, 21.98933639390432 ], [ -159.281033336904216, 21.985824394150846 ], [ -159.281600336919155, 21.981771394435381 ], [ -159.279236337188308, 21.965299395551103 ], [ -159.279716337217081, 21.960309395899376 ], [ -159.280110337240615, 21.956229396184199 ], [ -159.281291337231892, 21.951905396492766 ], [ -159.284368337209486, 21.940640397296718 ], [ -159.289652337051621, 21.933113397862815 ], [ -159.291678336991168, 21.930228398079898 ], [ -159.292837336956609, 21.928577398204155 ], [ -159.303093336625153, 21.916480399130897 ], [ -159.307992336487956, 21.908676399713951 ], [ -159.320128336055518, 21.898303400540566 ], [ -159.330840335649299, 21.891478401110085 ], [ -159.33374833553674, 21.889839401250036 ], [ -159.339769335303572, 21.886447401539822 ], [ -159.342345335254436, 21.880194401996302 ], [ -159.347335335086342, 21.875003402401614 ], [ -159.348722335040662, 21.873463402521082 ], [ -159.349426335017483, 21.872683402581583 ], [ -159.352677334904456, 21.869637402822608 ], [ -159.353242334883788, 21.869201402858021 ], [ -159.354885334823763, 21.867936402960854 ], [ -159.355705334793782, 21.867304403012259 ], [ -159.356525334763859, 21.866672403063639 ], [ -159.357793334717513, 21.865695403143118 ], [ -159.362759334523673, 21.863025403374269 ], [ -159.368183334305769, 21.860681403587247 ], [ -159.371196334188767, 21.858994403732314 ], [ -159.373483334107789, 21.856987403892848 ], [ -159.375014334056857, 21.855331404021992 ], [ -159.375014334066435, 21.854437404084031 ], [ -159.381952333804719, 21.849828404468756 ], [ -159.38610633364766, 21.847099404697193 ], [ -159.390587333478152, 21.844154404943772 ], [ -159.398163333195072, 21.838851405383476 ], [ -159.402964333014495, 21.835598405654917 ], [ -159.403914332978673, 21.834956405708521 ], [ -159.410586332712853, 21.83178840599199 ], [ -159.432867331828646, 21.820774406970468 ], [ -159.444013331357922, 21.817792407284813 ], [ -159.449539331111907, 21.817439407362293 ], [ -159.453753330917323, 21.817803407377255 ], [ -159.460164330613168, 21.819072407350088 ], [ -159.462486330502969, 21.819532407340152 ], [ -159.470203330128015, 21.821837407253021 ], [ -159.476676329813245, 21.823771407179667 ], [ -159.479754329662683, 21.824761407139853 ], [ -159.49350332898976, 21.829183406961633 ], [ -159.500014328659347, 21.832325406803605 ], [ -159.500014328656647, 21.832573406786238 ], [ -159.50001432864849, 21.833319406734049 ], [ -159.50001432864579, 21.833568406716587 ], [ -159.500747328612675, 21.833547406725028 ], [ -159.502947328513244, 21.833485406750267 ], [ -159.50368132848007, 21.83346540675862 ], [ -159.506282328362403, 21.833392406788473 ], [ -159.506388328357389, 21.833410406788239 ], [ -159.511500328114778, 21.8343034067742 ], [ -159.514421327978113, 21.834631406778968 ], [ -159.517114327852056, 21.834935406783224 ], [ -159.518254327798644, 21.835063406785078 ], [ -159.521799327648324, 21.834022406891773 ], [ -159.522970327598614, 21.833679406926979 ], [ -159.529652327296475, 21.833421407008579 ], [ -159.536234326988136, 21.834127407021587 ], [ -159.537668326920937, 21.83428140702441 ], [ -159.541012326761347, 21.834898407012904 ], [ -159.545044326568842, 21.835641406999013 ], [ -159.545487326547146, 21.835774406993888 ], [ -159.550610326295896, 21.837318406933978 ], [ -159.555994326030202, 21.839078406861297 ], [ -159.558616325904325, 21.839612406848623 ], [ -159.560850325796906, 21.840068406837705 ], [ -159.563087325689423, 21.840528406826596 ], [ -159.565490325573933, 21.841021406814669 ], [ -159.572702325226913, 21.842503406778619 ], [ -159.57510632511125, 21.842997406766592 ], [ -159.577487324996582, 21.843486406754682 ], [ -159.579312324909012, 21.843833406747557 ], [ -159.587921324495625, 21.845473406713381 ], [ -159.591625324327566, 21.845262406763336 ], [ -159.592011324310533, 21.845194406771782 ], [ -159.595245324167962, 21.844626406842497 ], [ -159.596228324125036, 21.844412406866866 ], [ -159.599683323974148, 21.843661406952609 ], [ -159.605286323721856, 21.843133407042959 ], [ -159.612419323395926, 21.842876407128735 ], [ -159.619266323072793, 21.843548407146187 ], [ -159.624323322836148, 21.843851407172689 ], [ -159.624783322814636, 21.843877407175249 ], [ -159.625014322802343, 21.844018407167461 ], [ -159.631273322484248, 21.846691407037639 ], [ -159.636548322206465, 21.849819406866185 ], [ -159.642012321916212, 21.853281406672668 ], [ -159.64575232171515, 21.85586740652478 ], [ -159.657701321073688, 21.864025406058847 ], [ -159.66112532088647, 21.866669405903441 ], [ -159.662673320801844, 21.867865405833111 ], [ -159.664221320717189, 21.869060405762774 ], [ -159.665744320633877, 21.870236405693571 ], [ -159.666849320573476, 21.871090405643287 ], [ -159.670282320385013, 21.873808405482436 ], [ -159.671792320302103, 21.875003405411668 ], [ -159.672024320291314, 21.875003405413828 ], [ -159.672722320258941, 21.87500340542033 ], [ -159.672955320248121, 21.875003405422508 ], [ -159.674286320174446, 21.8761104053563 ], [ -159.678280319953387, 21.879431405157618 ], [ -159.679520319884773, 21.880463405095838 ], [ -159.679594319880295, 21.880556405089919 ], [ -159.680788319808897, 21.882050404994839 ], [ -159.684370319594592, 21.886534404709373 ], [ -159.685564319523166, 21.888029404614194 ], [ -159.68790231938334, 21.890956404427705 ], [ -159.689818319284399, 21.891876404379946 ], [ -159.697691318877816, 21.895658404183546 ], [ -159.704466318501375, 21.901403403836962 ], [ -159.70894631825243, 21.90520140360757 ], [ -159.709576318217415, 21.905735403575321 ], [ -159.711469318112194, 21.907340403478297 ], [ -159.711728318097812, 21.907560403464995 ], [ -159.7122143180747, 21.907600403466617 ], [ -159.717127317841175, 21.908004403482831 ], [ -159.718452317778144, 21.908113403487221 ], [ -159.731563317133379, 21.911168403389251 ], [ -159.735858316921963, 21.912169403357094 ], [ -159.73632231689777, 21.912406403344416 ], [ -159.738172316801268, 21.913351403293831 ], [ -159.743722316511679, 21.9161894031418 ], [ -159.745573316415062, 21.917135403091063 ], [ -159.750014316183268, 21.919405402969343 ], [ -159.762089315531455, 21.927599402493094 ], [ -159.768280315226804, 21.928940402453232 ], [ -159.77528431488193, 21.930458402407965 ], [ -159.791681314023833, 21.938799401958303 ], [ -159.793615313922544, 21.939783401905096 ], [ -159.808619313079845, 21.952905401097837 ], [ -159.819849312372185, 21.970249399951239 ], [ -159.82540131203254, 21.977856399453128 ], [ -159.833751311521979, 21.989298398702939 ], [ -159.838598311185137, 22.000003397974201 ], [ -159.839603311137466, 22.00000339798294 ], [ -159.842618310994624, 22.000003398009159 ], [ -159.843623310947009, 22.000003398017888 ], [ -159.847773310665218, 22.008528397439402 ], [ -159.850059310477803, 22.016489396885021 ], [ -159.850973310329238, 22.027150396123908 ], [ -159.850966310326527, 22.027462396101363 ], [ -159.850692310210945, 22.040593395151728 ], [ -159.847137310260251, 22.052873394235721 ], [ -159.848105310147815, 22.059763393746746 ], [ -159.848138309989878, 22.076076392569853 ], [ -159.837737310311013, 22.094229391174402 ], [ -159.825997310762006, 22.105424390271459 ], [ -159.821139310948695, 22.110058389898118 ], [ -159.80490831157735, 22.125003388691095 ], [ -159.804151311613111, 22.125003388685037 ], [ -159.80188231172022, 22.125003388666858 ], [ -159.801126311755979, 22.125003388660815 ], [ -159.80057131177162, 22.126143388574359 ], [ -159.797811311857373, 22.130980388204211 ], [ -159.794020312002857, 22.134625387911775 ], [ -159.794065311983786, 22.136475387779107 ], [ -159.793399311972962, 22.141102387440924 ], [ -159.793329311971803, 22.141593387405031 ], [ -159.793171311951681, 22.144617387186234 ], [ -159.792037311941215, 22.151663386670371 ], [ -159.791680311949591, 22.152605386599799 ], [ -159.788840312015793, 22.160108386037791 ], [ -159.783371312207152, 22.167512385462633 ], [ -159.777290312429841, 22.174655384901914 ], [ -159.772814312583648, 22.181063384406837 ], [ -159.765644312862321, 22.187702383874775 ], [ -159.763428312948491, 22.189755383710342 ], [ -159.750014313508899, 22.197721383036225 ], [ -159.75001431349375, 22.199452382912007 ], [ -159.727558314479779, 22.207160382189453 ], [ -159.708006315342431, 22.213184381611168 ], [ -159.691172316061341, 22.220989380927183 ], [ -159.677266316657125, 22.227111380386496 ], [ -159.672421316848784, 22.231086380066881 ], [ -159.672106316861857, 22.231268380051571 ], [ -159.66318531721501, 22.238564379465199 ], [ -159.653468317615932, 22.244569378965764 ], [ -159.645618317953506, 22.247768378680473 ], [ -159.641800318111933, 22.250003378493414 ], [ -159.640016318194711, 22.250003378480436 ], [ -159.625014318778966, 22.263301377425179 ], [ -159.625014318791358, 22.26181437753096 ], [ -159.619205319018562, 22.266840377131626 ] ] ], [ [ [ -160.304374290093563, 21.853798412947437 ], [ -160.302385290107736, 21.861494412355601 ], [ -160.300857290159712, 21.86368741217775 ], [ -160.298070290251303, 21.8679914118309 ], [ -160.296904290276217, 21.87101441159486 ], [ -160.297128290251862, 21.872220411507239 ], [ -160.297538290216664, 21.873578411410143 ], [ -160.297296290213126, 21.875003411301801 ], [ -160.296662290228994, 21.876445411188474 ], [ -160.293388290310844, 21.883896410603121 ], [ -160.290375290403347, 21.889182410181441 ], [ -160.288624290403988, 21.897189409569382 ], [ -160.285911290415555, 21.908674408689812 ], [ -160.279961290583657, 21.920641407744579 ], [ -160.272575290864552, 21.928752407073389 ], [ -160.264739291178159, 21.935895406470664 ], [ -160.250015291838679, 21.942509405844813 ], [ -160.248722291897451, 21.943011405795783 ], [ -160.242675292187897, 21.94387240567675 ], [ -160.234247292500442, 21.953880404857902 ], [ -160.222736292958672, 21.964556403962728 ], [ -160.211297293437212, 21.972918403240691 ], [ -160.199514293932509, 21.981281402516558 ], [ -160.189173294383494, 21.986996402001996 ], [ -160.174025295083055, 21.991482401536466 ], [ -160.172762295079593, 21.99794440104808 ], [ -160.172198295086474, 22.000003400890996 ], [ -160.169724295127224, 22.008015400277635 ], [ -160.165845295197016, 22.020067399353845 ], [ -160.161991295342602, 22.024449398996936 ], [ -160.159558295294858, 22.041328397729853 ], [ -160.151447295504965, 22.060518396244355 ], [ -160.140430295920993, 22.073325395206684 ], [ -160.129068296420456, 22.079237394675705 ], [ -160.125016296600478, 22.081138394501838 ], [ -160.123836296654162, 22.081559394460921 ], [ -160.121952296744752, 22.081723394433187 ], [ -160.119219296872387, 22.082350394364234 ], [ -160.112638297188568, 22.082922394267285 ], [ -160.100321297793954, 22.082500394195812 ], [ -160.085906298526538, 22.079391394304288 ], [ -160.075163299072557, 22.076997394390496 ], [ -160.063475299682409, 22.072679394609633 ], [ -160.056736300051568, 22.068348394870757 ], [ -160.044807300760709, 22.054892395755996 ], [ -160.042231300937772, 22.049541396125903 ], [ -160.037200301222839, 22.045316396392408 ], [ -160.027183301771117, 22.038861396779112 ], [ -160.018302302287793, 22.030013397349652 ], [ -160.011702302708017, 22.0197873980396 ], [ -160.008371302928452, 22.013796398448047 ], [ -160.004535303182536, 22.006895398918214 ], [ -160.003569303278425, 22.001981399268235 ], [ -160.002812303334878, 22.00000339940588 ], [ -160.002277303377099, 21.998367399520504 ], [ -160.001240303446792, 21.996413399653981 ], [ -160.000390303497483, 21.995450399716734 ], [ -160.000014303519237, 21.995091399739628 ], [ -159.997219303680026, 21.99251339990299 ], [ -159.996288303769234, 21.988128400214485 ], [ -159.995889303816398, 21.985371400411882 ], [ -159.995905303829744, 21.983981400513294 ], [ -159.995639303861196, 21.982144400644852 ], [ -159.995899303868271, 21.980212400787934 ], [ -159.996231303864363, 21.979027400877214 ], [ -159.997519303834764, 21.975839401120989 ], [ -160.000014303760508, 21.971332401471667 ], [ -160.000087303787723, 21.968328401691245 ], [ -160.000013303793622, 21.968105401706826 ], [ -160.006205303613456, 21.956578402602513 ], [ -160.01415330333532, 21.946389403417147 ], [ -160.021531303044213, 21.940111403941973 ], [ -160.027516302847886, 21.931217404645562 ], [ -160.025870303004893, 21.923850405168206 ], [ -160.022437303300393, 21.911578406032071 ], [ -160.022922303437838, 21.896462407139133 ], [ -160.024904303465235, 21.884980407995076 ], [ -160.02897630337614, 21.875003408761096 ], [ -160.028810303384176, 21.875002408759592 ], [ -160.028315303408135, 21.875001408755018 ], [ -160.028150303416083, 21.875001408753455 ], [ -160.031046303337149, 21.869367409191824 ], [ -160.037256303112883, 21.862372409761068 ], [ -160.042722302900927, 21.857560410164254 ], [ -160.046418302757559, 21.854308410436982 ], [ -160.059422302223055, 21.845597411197819 ], [ -160.069539301783209, 21.840971411633237 ], [ -160.082432301224515, 21.834855412205091 ], [ -160.092996300765776, 21.829895412670453 ], [ -160.104114300245044, 21.828035412914641 ], [ -160.108451300041764, 21.827310413009915 ], [ -160.122029299405597, 21.824963413314045 ], [ -160.125014299301711, 21.821210413618648 ], [ -160.130068299128254, 21.814656414149241 ], [ -160.135025298955895, 21.808439414654401 ], [ -160.138375298839463, 21.804239414995923 ], [ -160.141953298723422, 21.799029415414022 ], [ -160.143975298756288, 21.787424416286783 ], [ -160.147377298648337, 21.782298416697341 ], [ -160.148552298673621, 21.775066417240584 ], [ -160.151824298643049, 21.763802418101307 ], [ -160.152070298640723, 21.762958418165805 ], [ -160.155289298550173, 21.757158418624638 ], [ -160.160264298389478, 21.750003419201057 ], [ -160.170324298018159, 21.739554420072004 ], [ -160.177336297720871, 21.735557420437775 ], [ -160.178778297656635, 21.73500242049343 ], [ -160.186209297325092, 21.732149420779621 ], [ -160.198006296772377, 21.729830421071522 ], [ -160.208295296284604, 21.728244421294249 ], [ -160.218315295784322, 21.728800421356166 ], [ -160.228863295220521, 21.732492421191829 ], [ -160.238881294692078, 21.735357421082803 ], [ -160.248252294177547, 21.739726420855632 ], [ -160.250014294080728, 21.740548420812789 ], [ -160.258946293611785, 21.742837420734617 ], [ -160.265792293233517, 21.746183420556594 ], [ -160.269520293004121, 21.750003420311504 ], [ -160.269064293026673, 21.750003420306861 ], [ -160.267697293094471, 21.750003420292956 ], [ -160.267242293117022, 21.750003420288312 ], [ -160.271083292902489, 21.752069420174259 ], [ -160.278225292481693, 21.757784419822976 ], [ -160.286512291920587, 21.770703418947956 ], [ -160.293467291468147, 21.77997341832944 ], [ -160.298540291095151, 21.790503417597719 ], [ -160.301548290790038, 21.804155416612712 ], [ -160.303835290501866, 21.819581415487985 ], [ -160.304518290321596, 21.832626414524281 ], [ -160.30431729023627, 21.841179413885932 ], [ -160.30502129014846, 21.845925413539533 ], [ -160.304374290093563, 21.853798412947437 ] ] ], [ [ [ -160.600889277387807, 21.658166430669191 ], [ -160.599781277327963, 21.667653429937822 ], [ -160.595975277398736, 21.677827429125625 ], [ -160.591883277510703, 21.685861428472936 ], [ -160.583565277820128, 21.695504427653916 ], [ -160.578279278033534, 21.700253427238305 ], [ -160.562742278724528, 21.70889542642065 ], [ -160.550323279321134, 21.712067426050581 ], [ -160.539512279862777, 21.712915425873394 ], [ -160.531754280269325, 21.712001425861231 ], [ -160.522267280794949, 21.708468426028578 ], [ -160.508805281542635, 21.703241426281579 ], [ -160.500014282064228, 21.697028426657265 ], [ -160.494159282439938, 21.690540427084077 ], [ -160.490188282714712, 21.684495427497044 ], [ -160.487803282908231, 21.67853042792057 ], [ -160.484978283128214, 21.67223442836417 ], [ -160.483210283303976, 21.665189428875138 ], [ -160.48293828340627, 21.657976429414603 ], [ -160.482489283537291, 21.649187430070565 ], [ -160.482921283625245, 21.64031443074229 ], [ -160.484938283620863, 21.632433431356652 ], [ -160.491538283378873, 21.625003431987253 ], [ -160.494389283285955, 21.620863432329788 ], [ -160.496257283216323, 21.61885643250125 ], [ -160.500014283046454, 21.617195432667373 ], [ -160.510445282605275, 21.610142433312873 ], [ -160.520380282165746, 21.604933433814779 ], [ -160.53084328168211, 21.601067434221779 ], [ -160.5462302809064, 21.600387434443409 ], [ -160.55871628023948, 21.602730434404698 ], [ -160.570742279575029, 21.60666743424008 ], [ -160.581027278941946, 21.615138433712627 ], [ -160.590762278319374, 21.625003433072585 ], [ -160.589495278384334, 21.625003433058691 ], [ -160.592950278149033, 21.629653432744291 ], [ -160.597616277775728, 21.640401431980646 ], [ -160.600379277523899, 21.649272431338122 ], [ -160.600889277387807, 21.658166430669191 ] ] ], [ [ [ -156.577238453164682, 20.743133438473919 ], [ -156.577602453151826, 20.743261438472491 ], [ -156.579220453084901, 20.744428438434511 ], [ -156.583348452914066, 20.747407438337529 ], [ -156.585014452845144, 20.748609438298324 ], [ -156.585147452839635, 20.748705438295183 ], [ -156.586946452765119, 20.750003438252872 ], [ -156.594559452540295, 20.750003438363887 ], [ -156.617400451864029, 20.750003438697146 ], [ -156.625014451637895, 20.750003438808246 ], [ -156.625014451594808, 20.752619438669473 ], [ -156.62501445146566, 20.760468438253032 ], [ -156.625014451422686, 20.76308543811416 ], [ -156.629545451287271, 20.763125438177841 ], [ -156.640099450940568, 20.765109438225707 ], [ -156.645131450741104, 20.768123438138456 ], [ -156.651935450471228, 20.772199438020202 ], [ -156.659873450132238, 20.778422437803606 ], [ -156.669386449677489, 20.788847437385044 ], [ -156.672695449480756, 20.794846437112593 ], [ -156.677497449277666, 20.798481436987426 ], [ -156.684743448970323, 20.804018436795474 ], [ -156.690858448673481, 20.811007436509275 ], [ -156.692433448596944, 20.812808436435397 ], [ -156.698928448289735, 20.819734436157269 ], [ -156.700013448239275, 20.820836436113701 ], [ -156.702716448113705, 20.823579436005225 ], [ -156.705420447988018, 20.82632343589664 ], [ -156.706584447933921, 20.827504435849846 ], [ -156.706882447920037, 20.827807435837865 ], [ -156.708344447852113, 20.829290435779114 ], [ -156.709792447784821, 20.83076143572077 ], [ -156.710076447771598, 20.831049435709378 ], [ -156.71124144771747, 20.832231435662489 ], [ -156.711330447713351, 20.832321435658926 ], [ -156.718706447375837, 20.839482435379097 ], [ -156.721751447236386, 20.842439435263376 ], [ -156.728629446880376, 20.851702434862663 ], [ -156.736067446439961, 20.865233434239457 ], [ -156.737545446352556, 20.86792143411547 ], [ -156.73947644618201, 20.875003433761286 ], [ -156.73909944619345, 20.875003433756032 ], [ -156.737968446227796, 20.875003433740293 ], [ -156.737592446239233, 20.875003433735028 ], [ -156.738293446113175, 20.881649433387043 ], [ -156.73849844607642, 20.883591433285336 ], [ -156.739433445965972, 20.888811433017281 ], [ -156.74313044577525, 20.893809432799291 ], [ -156.745848445614513, 20.898798432568071 ], [ -156.74634044558789, 20.899545432534602 ], [ -156.750014445388871, 20.905128432284297 ], [ -156.750014445384835, 20.905387432270345 ], [ -156.75001444537267, 20.906164432228419 ], [ -156.750014445368663, 20.906424432214422 ], [ -156.750489445326451, 20.90820343212501 ], [ -156.751916445199925, 20.913541431856725 ], [ -156.751955445196501, 20.913684431849514 ], [ -156.752022445168137, 20.915377431759087 ], [ -156.752205445090482, 20.920019431511168 ], [ -156.752369445021685, 20.924135431291315 ], [ -156.751788444887865, 20.933935430754616 ], [ -156.751585444841197, 20.937363430566826 ], [ -156.751609444821753, 20.93857543050175 ], [ -156.75168344476225, 20.942296430301877 ], [ -156.751810444662311, 20.948551429965971 ], [ -156.750788444619815, 20.953354429692837 ], [ -156.750014444587691, 20.95699542948584 ], [ -156.750014444577431, 20.957665429449687 ], [ -156.750014444576095, 20.957751429445 ], [ -156.750014444567171, 20.958336429413436 ], [ -156.750014444548498, 20.959556429347611 ], [ -156.750014444541449, 20.960019429322561 ], [ -156.750014444529882, 20.960776429281712 ], [ -156.746416444528904, 20.968026428841934 ], [ -156.743140444505883, 20.976098428362331 ], [ -156.739938444454793, 20.985907427790192 ], [ -156.737336444367742, 20.996926427160961 ], [ -156.73661044434354, 21.000003426985309 ], [ -156.735031444305605, 21.005732426655225 ], [ -156.732180444314253, 21.010936426336844 ], [ -156.728439444332309, 21.017330425942649 ], [ -156.723016444418818, 21.022568425588908 ], [ -156.717136444454042, 21.03219642499295 ], [ -156.708503444552179, 21.043234424285703 ], [ -156.708342444555598, 21.043333424278298 ], [ -156.698373444766219, 21.049496423817047 ], [ -156.690910444932854, 21.053482423505937 ], [ -156.687076444944637, 21.060564423075633 ], [ -156.681559445028029, 21.066229422700015 ], [ -156.670438445210152, 21.076696421995003 ], [ -156.662467445408566, 21.079521421741386 ], [ -156.655961445570313, 21.081829421534387 ], [ -156.642825445942776, 21.083279421288985 ], [ -156.634503446190735, 21.083338421179551 ], [ -156.633597446217721, 21.083344421167705 ], [ -156.629956446310075, 21.084475421060755 ], [ -156.625014446430356, 21.08635142089744 ], [ -156.625014446425979, 21.086655420881215 ], [ -156.625014446412735, 21.087569420832324 ], [ -156.625014446408329, 21.08787442081605 ], [ -156.618148446575049, 21.090501420588314 ], [ -156.605903446909338, 21.092583420321507 ], [ -156.591045447352826, 21.092414420141822 ], [ -156.585319447541735, 21.091080420140074 ], [ -156.574386447901901, 21.088534420136583 ], [ -156.56629544818955, 21.085162420212839 ], [ -156.561916448345102, 21.083337420254008 ], [ -156.559527448429975, 21.082341420276453 ], [ -156.543047449110901, 21.068827420782519 ], [ -156.529182449644196, 21.060144421064141 ], [ -156.516141450133205, 21.052798421284464 ], [ -156.512978450251751, 21.05101642133776 ], [ -156.504336450598004, 21.044599421564719 ], [ -156.500014450776177, 21.041045421696094 ], [ -156.490742451128597, 21.03543842187123 ], [ -156.483148451449438, 21.028653422129587 ], [ -156.475397451814018, 21.019211422524833 ], [ -156.471029452094172, 21.008873423010705 ], [ -156.46815945230955, 21.000003423438621 ], [ -156.468589452297124, 21.000003423444294 ], [ -156.469883452259637, 21.000003423461319 ], [ -156.470314452247152, 21.000003423467003 ], [ -156.46911945235999, 20.994774423725733 ], [ -156.467560452507342, 20.98795342406304 ], [ -156.466116452584913, 20.985571424168885 ], [ -156.463558452745559, 20.979806424437289 ], [ -156.463448452752516, 20.979557424448899 ], [ -156.460316452883433, 20.976878424547717 ], [ -156.459589452914145, 20.976237424571607 ], [ -156.458967452940357, 20.975689424592087 ], [ -156.458345452966569, 20.975141424612538 ], [ -156.454943453110047, 20.972144424724249 ], [ -156.451104453271967, 20.968761424850204 ], [ -156.437898453613457, 20.971342424539159 ], [ -156.431822453770337, 20.972530424396165 ], [ -156.427461453882756, 20.973383424293562 ], [ -156.404922454516736, 20.974184423951957 ], [ -156.396217454663343, 20.98097142348292 ], [ -156.390573454784089, 20.98365842326826 ], [ -156.37761645506086, 20.989826422776215 ], [ -156.375014455119754, 20.99083842268929 ], [ -156.375014455143514, 20.989249422771834 ], [ -156.369970455247937, 20.991856422569846 ], [ -156.364754455367176, 20.993792422400574 ], [ -156.354800455649354, 20.993804422268845 ], [ -156.354474455654071, 20.994107422248835 ], [ -156.350824455706828, 20.997499422024951 ], [ -156.346767455784374, 21.000003421841843 ], [ -156.33923245593499, 21.004198421525654 ], [ -156.330173456171849, 21.005475421340851 ], [ -156.320493456433383, 21.006233421174883 ], [ -156.311202456720196, 21.004521421141629 ], [ -156.304148456940908, 21.003001421127614 ], [ -156.298260457132329, 21.001237421141415 ], [ -156.294502457240725, 21.00102942110286 ], [ -156.282395457555964, 21.002614420862518 ], [ -156.274316457757521, 21.004239420673112 ], [ -156.268592457924399, 21.003754420623117 ], [ -156.26279145810841, 21.002246420624633 ], [ -156.25660945831379, 21.000003420658739 ], [ -156.252579458459252, 20.997755420721212 ], [ -156.250014458564038, 20.995502420803113 ], [ -156.249892458568297, 20.995445420804455 ], [ -156.249830458570443, 20.995416420805089 ], [ -156.237597458994713, 20.989718420936232 ], [ -156.228222459282279, 20.987839420909019 ], [ -156.226161459349782, 20.987133420917942 ], [ -156.214355459736169, 20.983091420968908 ], [ -156.195310460434001, 20.971505421308109 ], [ -156.182889460936963, 20.96073042169176 ], [ -156.181183461019799, 20.958337421790745 ], [ -156.180393461058117, 20.957230421836517 ], [ -156.171840461413183, 20.949227422129137 ], [ -156.164693461677587, 20.94466642226508 ], [ -156.161889461781271, 20.942877422318336 ], [ -156.150737462252437, 20.931875422726332 ], [ -156.146334462439796, 20.927451422891099 ], [ -156.136372462863477, 20.917440423263027 ], [ -156.127706463119353, 20.916077423214638 ], [ -156.125014463208601, 20.915012423232003 ], [ -156.111075463687854, 20.908341423379639 ], [ -156.095939464247607, 20.898484423670233 ], [ -156.08602846466934, 20.888434424040319 ], [ -156.081789464900339, 20.880875424361946 ], [ -156.08170846490475, 20.880731424368015 ], [ -156.076490465044344, 20.880754424295311 ], [ -156.068643465293178, 20.878260424312803 ], [ -156.062373465511513, 20.87500342438992 ], [ -156.055771465723495, 20.872710424413995 ], [ -156.049637465920796, 20.870547424437873 ], [ -156.040259466245715, 20.865722424549947 ], [ -156.03230346654874, 20.859861424732824 ], [ -156.025601466732184, 20.859503424658151 ], [ -156.012443467135824, 20.855977424651982 ], [ -156.006332467344208, 20.852984424716407 ], [ -156.000014467524437, 20.852126424671614 ], [ -156.000014467167489, 20.875003423533691 ], [ -155.959005468245124, 20.875003422971229 ], [ -155.950970468658539, 20.86193142350783 ], [ -155.944290469039515, 20.848716424068929 ], [ -155.939140469364162, 20.836594424596232 ], [ -155.934301469754587, 20.819848425355055 ], [ -155.929708470166219, 20.801470426196605 ], [ -155.926799470557768, 20.781738427127394 ], [ -155.926966470790148, 20.767048427852949 ], [ -155.929195470877488, 20.758078428326407 ], [ -155.927539471051574, 20.750003428699987 ], [ -155.926851471254025, 20.738678429247212 ], [ -155.928115471448479, 20.724795429948283 ], [ -155.932815471527363, 20.712586430617225 ], [ -155.936580471545, 20.705594431016245 ], [ -155.93983247154685, 20.700372431320851 ], [ -155.942651471602687, 20.692586431745433 ], [ -155.945811471664712, 20.68391643221873 ], [ -155.949660471682648, 20.676835432624216 ], [ -155.951714471677974, 20.673914432798448 ], [ -155.956079471673917, 20.667362433185911 ], [ -155.958349471663439, 20.664455433362861 ], [ -155.961472471649159, 20.660455433606501 ], [ -155.966960471600373, 20.654837433965227 ], [ -155.969608471576805, 20.652127434138425 ], [ -155.978088471479111, 20.644771434628215 ], [ -155.985798471377649, 20.638830435037228 ], [ -155.991366471305184, 20.634486435335514 ], [ -155.995731471279328, 20.629260435659585 ], [ -156.000014471222528, 20.625979435886386 ], [ -156.00001447112237, 20.631865435595319 ], [ -156.00513547110441, 20.625003436012015 ], [ -156.004641471117395, 20.625003436004558 ], [ -156.00315947115638, 20.62500343598218 ], [ -156.002665471169394, 20.625003435974712 ], [ -156.006031471148987, 20.621003436223454 ], [ -156.011722471084738, 20.615986436557968 ], [ -156.016319471025241, 20.612377436806337 ], [ -156.019908470966698, 20.610263436965557 ], [ -156.023732470909238, 20.607722437149562 ], [ -156.025929470876179, 20.606263437255354 ], [ -156.029962470807078, 20.604074437425215 ], [ -156.034333470717371, 20.602566437566576 ], [ -156.038624470635398, 20.600719437723644 ], [ -156.043081470541694, 20.599296437862261 ], [ -156.049655470385147, 20.598255438014323 ], [ -156.054280470279366, 20.597257438134548 ], [ -156.059239470148583, 20.597192438213497 ], [ -156.065780469967649, 20.597582438293969 ], [ -156.070816469825729, 20.598024438348894 ], [ -156.073285469753245, 20.598412438367248 ], [ -156.073999469738254, 20.598174438389972 ], [ -156.077133469682451, 20.596555438518525 ], [ -156.080073469618839, 20.595689438606662 ], [ -156.083008469550947, 20.595076438682113 ], [ -156.087442469507778, 20.5907044389681 ], [ -156.095059469376793, 20.586482439295555 ], [ -156.09984046928875, 20.584161439484856 ], [ -156.101541469257398, 20.583336439552188 ], [ -156.10221746924492, 20.583008439578983 ], [ -156.107045469152951, 20.58083343976185 ], [ -156.115533468987508, 20.577217440073333 ], [ -156.121602468864296, 20.574899440282863 ], [ -156.125014468799691, 20.573329440414067 ], [ -156.135284468583137, 20.569846440747078 ], [ -156.143865468352914, 20.569743440884832 ], [ -156.143995468348919, 20.569769440885523 ], [ -156.158751467897332, 20.572737440964328 ], [ -156.163025467796786, 20.571849441074935 ], [ -156.177179467400748, 20.572480441261764 ], [ -156.190621466981213, 20.575515441316295 ], [ -156.195622466816076, 20.57715444131075 ], [ -156.201055466713711, 20.574493441528951 ], [ -156.20845646657412, 20.570870441826333 ], [ -156.210035466544298, 20.570097441889786 ], [ -156.218463466391853, 20.565581442248622 ], [ -156.224642466279988, 20.562269442512033 ], [ -156.229065466199785, 20.559900442700584 ], [ -156.243635465914849, 20.55325044326413 ], [ -156.25001446578986, 20.550340443511114 ], [ -156.250014465776502, 20.551098443472636 ], [ -156.250014465736513, 20.553376443357081 ], [ -156.25001446572324, 20.554135443318518 ], [ -156.264231465464576, 20.546471443929363 ], [ -156.273248465282592, 20.542608444266623 ], [ -156.279162465163012, 20.54007544448805 ], [ -156.290486464904205, 20.536898444827205 ], [ -156.303568464554473, 20.536052445075406 ], [ -156.324141463974257, 20.536329445383895 ], [ -156.327202463905735, 20.535354445481804 ], [ -156.333342463751023, 20.534361445628992 ], [ -156.341503463545138, 20.533041445824733 ], [ -156.349726463293024, 20.534213445893805 ], [ -156.351113463250471, 20.534411445905466 ], [ -156.362894462980222, 20.530911446270252 ], [ -156.375014462671828, 20.528988446559701 ], [ -156.37501446266316, 20.529476446534634 ], [ -156.37501446263721, 20.530942446459274 ], [ -156.375014462628513, 20.531431446434148 ], [ -156.387650462248445, 20.532679446568633 ], [ -156.396440461983531, 20.533548446662103 ], [ -156.42050946124391, 20.536612446882316 ], [ -156.425096461077743, 20.538600446851618 ], [ -156.436747460655226, 20.543650446773242 ], [ -156.437398460631613, 20.54393244676881 ], [ -156.453505459965186, 20.555528446419927 ], [ -156.459882459744165, 20.557669446408379 ], [ -156.484524458658228, 20.579086445678179 ], [ -156.484583458661973, 20.578772445695449 ], [ -156.487646458858563, 20.562504446590125 ], [ -156.488391458906563, 20.55854944680765 ], [ -156.482333459265362, 20.548130447255225 ], [ -156.480602459439382, 20.541113447593055 ], [ -156.47956545967395, 20.529576448176602 ], [ -156.48275345983879, 20.515153448976797 ], [ -156.482848459843723, 20.514724449000596 ], [ -156.483370459856445, 20.51317044908965 ], [ -156.489381459918604, 20.500003449869837 ], [ -156.490068459912749, 20.499223449921345 ], [ -156.491477459900779, 20.49762545002692 ], [ -156.492227459890557, 20.496983450072303 ], [ -156.493017459879866, 20.496308450120004 ], [ -156.493849459868613, 20.495596450170314 ], [ -156.49576445983908, 20.494158450275695 ], [ -156.49731345983659, 20.491803450423031 ], [ -156.50001445980547, 20.48919245060209 ], [ -156.512214459712169, 20.474783451548138 ], [ -156.520963459564115, 20.468934451993835 ], [ -156.533470459308433, 20.46298345250613 ], [ -156.546083458979467, 20.46084845282148 ], [ -156.557544458635022, 20.461373452979313 ], [ -156.563907458422165, 20.462835453005642 ], [ -156.573558458206605, 20.459135453355604 ], [ -156.582178457968098, 20.458334453537152 ], [ -156.583938457919345, 20.458170453574276 ], [ -156.585614457867109, 20.458334453592798 ], [ -156.596030457541985, 20.459353453707919 ], [ -156.601320457356337, 20.460985453707806 ], [ -156.60489645726625, 20.460137453810251 ], [ -156.614918456987908, 20.459171454023384 ], [ -156.619759456823999, 20.460307454041995 ], [ -156.625014456686557, 20.459314454179452 ], [ -156.640206456253765, 20.458339454477013 ], [ -156.6568734557776, 20.457269454803825 ], [ -156.672800455293213, 20.457778455035257 ], [ -156.705129454391084, 20.454145455752904 ], [ -156.732908453576471, 20.452933456269061 ], [ -156.750014453033515, 20.454338456472371 ], [ -156.750013452203859, 20.499991454033683 ], [ -156.744278452377358, 20.500002453941313 ], [ -156.745542452316414, 20.501261453894294 ], [ -156.746252452282164, 20.501968453867857 ], [ -156.748913452139476, 20.505414453726257 ], [ -156.750004452080987, 20.506828453668135 ], [ -156.750006452073166, 20.507258453645193 ], [ -156.750012452049759, 20.508550453576234 ], [ -156.750014452041938, 20.508981453553229 ], [ -156.752777451884924, 20.513056453379438 ], [ -156.754024451781873, 20.516693453204766 ], [ -156.754392451751016, 20.517791453151908 ], [ -156.755186451684438, 20.520161453037748 ], [ -156.755567451629133, 20.522602452913244 ], [ -156.755992451542511, 20.526724452699433 ], [ -156.755987451481218, 20.530165452515234 ], [ -156.755756451396934, 20.535279452237898 ], [ -156.755087451333878, 20.539960451976782 ], [ -156.754158451284809, 20.544303451729714 ], [ -156.753361451258655, 20.547138451565448 ], [ -156.751997451232057, 20.55096745133903 ], [ -156.751004451201652, 20.554385451140465 ], [ -156.750022451194695, 20.556459451014117 ], [ -156.750020451204051, 20.555934451042141 ], [ -156.750015451232059, 20.554359451126341 ], [ -156.750014451241412, 20.553834451154419 ], [ -156.746050451206287, 20.562613450622546 ], [ -156.742673451176614, 20.57009445016951 ], [ -156.739897451196981, 20.573714449932609 ], [ -156.733659451242858, 20.581847449400602 ], [ -156.731861451271129, 20.583335449293092 ], [ -156.729130451314091, 20.585595449129933 ], [ -156.726789451350896, 20.587533448990019 ], [ -156.721705451430893, 20.591732448686901 ], [ -156.72129345143739, 20.592074448662235 ], [ -156.704456451726486, 20.604594447733998 ], [ -156.7000134518197, 20.606920447541523 ], [ -156.691129452005868, 20.611570447157021 ], [ -156.674243452446063, 20.615378446694919 ], [ -156.672037452489889, 20.616660446592931 ], [ -156.661892452691234, 20.62255544612426 ], [ -156.655070452852584, 20.625003445889927 ], [ -156.645390452996423, 20.633403445296533 ], [ -156.625014453401434, 20.645099444367048 ], [ -156.610094453746228, 20.650795443839666 ], [ -156.597748453990306, 20.657882443278648 ], [ -156.592284454142657, 20.658409443168395 ], [ -156.57508545463395, 20.65931344286124 ], [ -156.562561455018454, 20.658340442723606 ], [ -156.559915455099571, 20.658134442694525 ], [ -156.555103455247036, 20.657762442641463 ], [ -156.551974455336051, 20.657917442586136 ], [ -156.549639455402428, 20.658033442544831 ], [ -156.549458455403311, 20.658291442528562 ], [ -156.544994455425552, 20.664668442126434 ], [ -156.543672455432386, 20.666542442008151 ], [ -156.540259455450041, 20.671388441702462 ], [ -156.531673455568324, 20.679223441162723 ], [ -156.52037545580049, 20.684985440691872 ], [ -156.52012645580561, 20.685113440681448 ], [ -156.510897456018824, 20.688402440371565 ], [ -156.508844456066129, 20.689134440302627 ], [ -156.508774456067897, 20.689150440300757 ], [ -156.502204456232505, 20.690713440121193 ], [ -156.500014456287289, 20.691235440061273 ], [ -156.5000144562934, 20.690873440080225 ], [ -156.500014456311561, 20.689790440136843 ], [ -156.500014456317643, 20.68942944015572 ], [ -156.499820456321686, 20.689526440147759 ], [ -156.499241456333493, 20.689818440123862 ], [ -156.499048456337476, 20.689916440115855 ], [ -156.49628445639425, 20.691309440001874 ], [ -156.495742456405395, 20.6915834399795 ], [ -156.498890456178401, 20.699666439603661 ], [ -156.500014456097489, 20.702550439469494 ], [ -156.500014456155441, 20.699090439650504 ], [ -156.506298455644298, 20.718766438713768 ], [ -156.511884455206001, 20.735389437924997 ], [ -156.512669455186824, 20.735168437948079 ], [ -156.521917454960658, 20.732560438220339 ], [ -156.54683445423376, 20.732489438589472 ], [ -156.562711453676087, 20.738044438529748 ], [ -156.565203453588481, 20.738917438520236 ], [ -156.577238453164682, 20.743133438473919 ] ] ], [ [ [ -157.116201433918917, 20.902816437478517 ], [ -157.11619443391794, 20.902892437474197 ], [ -157.115073433754986, 20.915584436748606 ], [ -157.111241433634831, 20.931233435820349 ], [ -157.099944433730911, 20.948606434694121 ], [ -157.088849433938208, 20.958400433995823 ], [ -157.068577434437543, 20.96842243316183 ], [ -157.064571434535992, 20.970404432997178 ], [ -157.049504434887837, 20.97903843231316 ], [ -157.042645435076338, 20.981095432106429 ], [ -157.03528243527839, 20.983305431884588 ], [ -157.017593435848937, 20.982954431666542 ], [ -157.008889436121819, 20.983253431533097 ], [ -157.008356436138541, 20.983272431524892 ], [ -157.000014436389648, 20.984220431360413 ], [ -156.994943436545725, 20.984559431273603 ], [ -156.98983643670033, 20.985061431177321 ], [ -156.982352436945092, 20.98458343110342 ], [ -156.976235437147551, 20.98401943105258 ], [ -156.971119437325626, 20.982961431042405 ], [ -156.967374437454083, 20.982311431028055 ], [ -156.964630437558242, 20.981167431054381 ], [ -156.958337437750686, 20.981588430946697 ], [ -156.948936438057075, 20.980948430855875 ], [ -156.944921438184792, 20.980872430806151 ], [ -156.940356438337233, 20.980305430776109 ], [ -156.933508438566264, 20.97941343073331 ], [ -156.927846438756603, 20.978601430701943 ], [ -156.9216454389462, 20.978939430600143 ], [ -156.91333743922155, 20.977966430542097 ], [ -156.907576439423792, 20.976536430543238 ], [ -156.905114439510129, 20.975926430543662 ], [ -156.898437439761352, 20.973144430606464 ], [ -156.892499439970493, 20.971592430611636 ], [ -156.887746440142564, 20.970039430632724 ], [ -156.882174440333756, 20.968897430620217 ], [ -156.87787944048759, 20.96758943063395 ], [ -156.87501444059049, 20.966690430644519 ], [ -156.86848844082877, 20.964382430682718 ], [ -156.864565440988457, 20.961917430764444 ], [ -156.858866441220243, 20.958336430882991 ], [ -156.847575441679197, 20.951241431117218 ], [ -156.836414442169342, 20.941831431478331 ], [ -156.827581442557118, 20.934384431763238 ], [ -156.82533144265588, 20.932487431835696 ], [ -156.823343442743152, 20.930811431899706 ], [ -156.819482442937812, 20.92592443211251 ], [ -156.81765844302987, 20.923615432212944 ], [ -156.811508443340188, 20.915829432551345 ], [ -156.804264443701783, 20.906919432935069 ], [ -156.802343443787777, 20.905192433002195 ], [ -156.790964444297146, 20.894957433399423 ], [ -156.782050444749302, 20.883554433892701 ], [ -156.775440445086303, 20.875003434262847 ], [ -156.771268445312018, 20.868790434540127 ], [ -156.757473446018906, 20.850774435318531 ], [ -156.757117446047971, 20.849627435375343 ], [ -156.7500144466309, 20.826716436508935 ], [ -156.750014446676374, 20.823891436661018 ], [ -156.750014446812941, 20.815416437117136 ], [ -156.750014446858586, 20.812591437269177 ], [ -156.750014446874701, 20.811594437322857 ], [ -156.750014446923075, 20.808604437483748 ], [ -156.75001444693919, 20.807608437537354 ], [ -156.756097446944665, 20.795870438256298 ], [ -156.769064446958396, 20.770853439790862 ], [ -156.775224446929883, 20.761160440402794 ], [ -156.782316446897511, 20.750003441107815 ], [ -156.795377446742719, 20.73525444209525 ], [ -156.812833446415453, 20.722778443026868 ], [ -156.817007446337129, 20.719796443249866 ], [ -156.83150444596879, 20.715153443716158 ], [ -156.84542944559746, 20.711680444111281 ], [ -156.849631445523869, 20.708337444355088 ], [ -156.861867445309315, 20.698603445065913 ], [ -156.875014445030843, 20.690968445677537 ], [ -156.887828444668656, 20.688842445985379 ], [ -156.899615444283057, 20.689938446102609 ], [ -156.910604443883017, 20.693315446083304 ], [ -156.918774443651273, 20.691921446281921 ], [ -156.926694443414192, 20.691287446435389 ], [ -156.928276443366713, 20.691161446465994 ], [ -156.935913443109342, 20.692225446522478 ], [ -156.943218442922898, 20.689697446770438 ], [ -156.953949442626879, 20.687264447064955 ], [ -156.962853442377167, 20.685462447297695 ], [ -156.966865442242437, 20.685946447331542 ], [ -156.973821442008699, 20.686787447390032 ], [ -156.973855442007476, 20.686797447390031 ], [ -156.985976441562428, 20.690446447371826 ], [ -156.993921441261108, 20.693383447329651 ], [ -156.994448441241104, 20.69357844732686 ], [ -157.000014441008403, 20.69689844722765 ], [ -157.00466644077261, 20.702110447010352 ], [ -157.008746440575919, 20.706084446852383 ], [ -157.009057440559218, 20.706487446834817 ], [ -157.010488440482476, 20.708339446754099 ], [ -157.013250440334417, 20.711915446598169 ], [ -157.018102440079048, 20.71791644633949 ], [ -157.021392439899159, 20.722394446141273 ], [ -157.02269843984476, 20.72315644611864 ], [ -157.027292439604793, 20.728734445878708 ], [ -157.03134943935251, 20.736083445532753 ], [ -157.032407439284469, 20.738136445434893 ], [ -157.035575439080901, 20.744277445142099 ], [ -157.038159438903079, 20.750003444863413 ], [ -157.037989438908454, 20.750003444860894 ], [ -157.037481438924743, 20.750003444853427 ], [ -157.037312438930115, 20.750003444850947 ], [ -157.03862743883704, 20.753076444700213 ], [ -157.040281438635617, 20.762036444228624 ], [ -157.045197438338988, 20.770470443833538 ], [ -157.046472438128347, 20.780775443281225 ], [ -157.047622437939083, 20.790059442783395 ], [ -157.046888437749146, 20.803109442049401 ], [ -157.043963437729957, 20.81002944162362 ], [ -157.048083437427238, 20.820548441099533 ], [ -157.075017436454488, 20.827251441112832 ], [ -157.075221436447094, 20.827302441112881 ], [ -157.085694435958374, 20.836685440740197 ], [ -157.095196435483416, 20.847157440291809 ], [ -157.095399435471364, 20.847498440275679 ], [ -157.102931435025539, 20.860136439677365 ], [ -157.1101454346433, 20.86946443925822 ], [ -157.112692434472649, 20.875003438984546 ], [ -157.112398434482174, 20.875003438980411 ], [ -157.111516434510719, 20.875003438968019 ], [ -157.111223434520213, 20.875003438963923 ], [ -157.117254434060158, 20.891696438115147 ], [ -157.116201433918917, 20.902816437478517 ] ] ], [ [ [ -155.432876494063578, 20.145210449499459 ], [ -155.4316074941122, 20.14422944952199 ], [ -155.429465494165186, 20.144049449492524 ], [ -155.424469494295806, 20.143266449440411 ], [ -155.422818494344739, 20.142714449436586 ], [ -155.422419494356546, 20.142581449435628 ], [ -155.418141494483734, 20.141125449426781 ], [ -155.414221494605925, 20.139502449431799 ], [ -155.412087494686858, 20.137888449467784 ], [ -155.409769494753618, 20.137201449458274 ], [ -155.405579494873535, 20.135999449439183 ], [ -155.400233495034968, 20.134031449434556 ], [ -155.397561495119788, 20.132836449441815 ], [ -155.394270495240562, 20.130541449488145 ], [ -155.393938495251831, 20.130352449490935 ], [ -155.390977495352899, 20.128667449515227 ], [ -155.387329495478383, 20.126539449547487 ], [ -155.384843495565519, 20.125006449573203 ], [ -155.38462249557054, 20.125006449569298 ], [ -155.383961495585652, 20.125006449557596 ], [ -155.383741495590698, 20.125006449553712 ], [ -155.378527495751939, 20.122868449558567 ], [ -155.377092495803453, 20.12192144957616 ], [ -155.375014495883107, 20.120289449613455 ], [ -155.373593495936461, 20.119231449636295 ], [ -155.373064495956328, 20.118837449644762 ], [ -155.371574496022959, 20.117188449693153 ], [ -155.369716496089694, 20.115956449716091 ], [ -155.367757496148613, 20.115232449714171 ], [ -155.364725496235764, 20.114313449702024 ], [ -155.362327496313242, 20.11315444971201 ], [ -155.359385496398232, 20.112237449701311 ], [ -155.357338496460756, 20.111426449701678 ], [ -155.355114496529126, 20.110525449702987 ], [ -155.352004496627984, 20.109095449712409 ], [ -155.348449496740528, 20.107484449722122 ], [ -155.345978496834732, 20.10555844976524 ], [ -155.343412496926078, 20.103885449795214 ], [ -155.342500496957769, 20.103329449804072 ], [ -155.340224497036843, 20.101942449826247 ], [ -155.33747149712562, 20.100604449837622 ], [ -155.335258497203625, 20.099194449861894 ], [ -155.332229497291962, 20.098190449853202 ], [ -155.332017497298267, 20.098113449852914 ], [ -155.330972497329384, 20.097733449851436 ], [ -155.329735497366244, 20.09728344984968 ], [ -155.327890497424107, 20.09646444985367 ], [ -155.327513497435916, 20.096297449854521 ], [ -155.32685249745532, 20.096072449852869 ], [ -155.325376497498581, 20.095568449849285 ], [ -155.32287949756946, 20.094831449837951 ], [ -155.321497497614843, 20.094112449845692 ], [ -155.320483497648155, 20.093586449851308 ], [ -155.317097497746119, 20.092488449840314 ], [ -155.314432497830921, 20.091237449849043 ], [ -155.312124497905813, 20.090079449859974 ], [ -155.309908497980359, 20.08883844987621 ], [ -155.307616498068512, 20.087001449917814 ], [ -155.306423498111911, 20.086166449934055 ], [ -155.305230498155311, 20.085331449950257 ], [ -155.301685498275447, 20.083294449978332 ], [ -155.301530498280528, 20.083212449979293 ], [ -155.298315498386387, 20.081517449997868 ], [ -155.294755498493089, 20.080160449995024 ], [ -155.291640498586162, 20.078983449992048 ], [ -155.291246498597957, 20.07883644999157 ], [ -155.287012498723925, 20.07726044998638 ], [ -155.284350498809999, 20.075924449998578 ], [ -155.279290498972813, 20.073427450019672 ], [ -155.27635949906491, 20.072084450027248 ], [ -155.271722499193913, 20.070786450002092 ], [ -155.2690504992716, 20.069874449994884 ], [ -155.265308499378477, 20.068681449981021 ], [ -155.261657499484983, 20.067406449972456 ], [ -155.260012499535378, 20.066712449973885 ], [ -155.258457499582988, 20.066057449975187 ], [ -155.254635499700072, 20.064438449978748 ], [ -155.252413499769034, 20.063451449982821 ], [ -155.250014499855695, 20.06178045001424 ], [ -155.249624499873107, 20.061344450026677 ], [ -155.248519499922395, 20.060107450061963 ], [ -155.248436499925106, 20.060066450062273 ], [ -155.247911499941807, 20.059811450064149 ], [ -155.245515500018087, 20.058646450073006 ], [ -155.241273500155017, 20.056497450092319 ], [ -155.237566500286789, 20.054009450136295 ], [ -155.236746500315945, 20.053457450146073 ], [ -155.234123500409282, 20.051693450177289 ], [ -155.228384500608257, 20.048088450234076 ], [ -155.222385500833525, 20.043457450331434 ], [ -155.218146500973404, 20.041138450357735 ], [ -155.215053501069008, 20.039761450362889 ], [ -155.211782501166738, 20.03846945036101 ], [ -155.209489501255092, 20.036583450403082 ], [ -155.206137501378777, 20.034095450452607 ], [ -155.204345501444408, 20.032788450478048 ], [ -155.204020501456341, 20.032551450482671 ], [ -155.202962501500281, 20.031523450509013 ], [ -155.201996501547427, 20.030239450548361 ], [ -155.20059250162501, 20.027929450625166 ], [ -155.197676501714795, 20.02663845062936 ], [ -155.19537850178412, 20.025691450629509 ], [ -155.194392501809915, 20.025476450621063 ], [ -155.193785501825829, 20.025343450615985 ], [ -155.1903425019444, 20.023197450648247 ], [ -155.187872502031325, 20.021566450675447 ], [ -155.184517502146178, 20.019504450705487 ], [ -155.182401502225304, 20.017875450738956 ], [ -155.181264502298831, 20.015480450823986 ], [ -155.177994502397809, 20.014102450825231 ], [ -155.176860502442707, 20.013109450848365 ], [ -155.174773502512664, 20.011895450863857 ], [ -155.173750502558477, 20.010738450896266 ], [ -155.173157502583422, 20.010143450911645 ], [ -155.170832502658129, 20.008948450921896 ], [ -155.16876750272516, 20.007855450932396 ], [ -155.166817502796476, 20.006427450959688 ], [ -155.164320502901575, 20.003928451024141 ], [ -155.162704502984582, 20.001577451098175 ], [ -155.161198503045654, 20.000181451132082 ], [ -155.161072503052026, 20.000004451137553 ], [ -155.159407503087948, 20.00000445110707 ], [ -155.159180503098099, 19.99974745111426 ], [ -155.157500503178113, 19.997611451177491 ], [ -155.155819503213024, 19.997674451143936 ], [ -155.153715503290414, 19.996111451174119 ], [ -155.151072503369647, 19.995018451173767 ], [ -155.146234503521953, 19.992669451188242 ], [ -155.141925503660957, 19.990405451208641 ], [ -155.140344503713834, 19.989484451220051 ], [ -155.137557503838622, 19.98631845130781 ], [ -155.135295503943667, 19.9835704513868 ], [ -155.133991504004229, 19.981987451432257 ], [ -155.132851504044112, 19.981234451444266 ], [ -155.128810504178915, 19.978889451472675 ], [ -155.126881504247734, 19.977552451495761 ], [ -155.123919504378136, 19.97430145158355 ], [ -155.121697504492488, 19.971055451684684 ], [ -155.113599504797264, 19.964668451814564 ], [ -155.106278505094707, 19.957827451977991 ], [ -155.091547505639198, 19.94665445219206 ], [ -155.090032505699781, 19.945284452223653 ], [ -155.086063505857339, 19.941746452303871 ], [ -155.083184506007399, 19.937462452436776 ], [ -155.081810506079051, 19.935418452500102 ], [ -155.079934506165557, 19.933170452562955 ], [ -155.076123506341361, 19.928601452690522 ], [ -155.072679506535877, 19.922768452879613 ], [ -155.071344506630538, 19.919589452992675 ], [ -155.070857506665163, 19.918428453034025 ], [ -155.067465506785936, 19.916071453072757 ], [ -155.066501506820231, 19.915401453083771 ], [ -155.063611506923081, 19.913393453116669 ], [ -155.062766506953096, 19.912807453126248 ], [ -155.06265650695741, 19.912714453128235 ], [ -155.055566507232982, 19.906675453256906 ], [ -155.046825507604751, 19.897707453480663 ], [ -155.041845507884602, 19.88937445374717 ], [ -155.037415508114321, 19.882879453944128 ], [ -155.031634508401623, 19.875003454174696 ], [ -155.033008508372944, 19.875003454200748 ], [ -155.034632508339058, 19.875003454231525 ], [ -155.031536508592694, 19.866092454557347 ], [ -155.0306635087899, 19.85767745490373 ], [ -155.030313508982232, 19.848998455271385 ], [ -155.03029250918641, 19.839466455681976 ], [ -155.03295550937645, 19.828016456226671 ], [ -155.03472150946746, 19.822070456516979 ], [ -155.034762509501121, 19.820466456586932 ], [ -155.034335509562453, 19.818030456683683 ], [ -155.033901509694886, 19.812303456922123 ], [ -155.033891509697753, 19.812179456927318 ], [ -155.033863509706322, 19.811809456942687 ], [ -155.033854509709187, 19.811686456947836 ], [ -155.033748509741628, 19.810284457006158 ], [ -155.033617509808295, 19.807322457131299 ], [ -155.033185510030222, 19.797476457547099 ], [ -155.033300510098258, 19.794224457689364 ], [ -155.033329510114982, 19.793424457724406 ], [ -155.030013510212598, 19.792104457716807 ], [ -155.029928510215086, 19.792070457716584 ], [ -155.026704510311561, 19.790712457712385 ], [ -155.025537510348045, 19.790149457713937 ], [ -155.024325510371483, 19.790229457686976 ], [ -155.013711510576229, 19.790933457450418 ], [ -155.007058510728825, 19.79024645735063 ], [ -155.006087510750888, 19.790152457335793 ], [ -155.000016510888941, 19.789566457242959 ], [ -154.996771510964379, 19.789173457196775 ], [ -154.9947345110117, 19.788927457167709 ], [ -154.987503511221234, 19.786129457146966 ], [ -154.985902511267568, 19.785510457142291 ], [ -154.984521511311272, 19.784805457145623 ], [ -154.977863511521747, 19.781407457161336 ], [ -154.977853511522085, 19.781399457161442 ], [ -154.971320511772973, 19.77601845726403 ], [ -154.96385751207427, 19.769192457409666 ], [ -154.96125151219033, 19.766311457481596 ], [ -154.958742512302052, 19.763537457550761 ], [ -154.956186512414007, 19.760797457617471 ], [ -154.954420512491339, 19.758905457663463 ], [ -154.952444512577927, 19.756787457714907 ], [ -154.95043351271579, 19.752357457864075 ], [ -154.949364512789089, 19.75000245794326 ], [ -154.949158512793247, 19.750002457939242 ], [ -154.948541512805832, 19.750002457927103 ], [ -154.948336512809988, 19.75000245792307 ], [ -154.942443513155524, 19.739711458244734 ], [ -154.940633513279749, 19.735729458378234 ], [ -154.936977513531076, 19.727681458647879 ], [ -154.931867513904024, 19.715471459064723 ], [ -154.92812351422188, 19.704537459453856 ], [ -154.926148514547521, 19.691667459959614 ], [ -154.926453514586342, 19.689647460051205 ], [ -154.927792514756078, 19.680815460451942 ], [ -154.928949514893645, 19.673608460780255 ], [ -154.925470515002985, 19.671861460784378 ], [ -154.920271515166235, 19.669252460790371 ], [ -154.915737515340737, 19.665538460856268 ], [ -154.912726515456541, 19.663072460899937 ], [ -154.911465515505057, 19.66203946091818 ], [ -154.911197515517443, 19.661728460925907 ], [ -154.907201515701672, 19.657094461041055 ], [ -154.905870515763041, 19.655550461079411 ], [ -154.903074515892058, 19.652308461159759 ], [ -154.897110516225496, 19.642796461440152 ], [ -154.895142516400824, 19.636767461654244 ], [ -154.894866516417977, 19.636252461670324 ], [ -154.892239516510585, 19.634477461691816 ], [ -154.88430551688316, 19.625003461929232 ], [ -154.885736516854621, 19.625003461958304 ], [ -154.886798516833437, 19.62500346197988 ], [ -154.883708516965271, 19.621902462047412 ], [ -154.883222516984432, 19.621484462055111 ], [ -154.88144251705458, 19.619954462083182 ], [ -154.878279517165339, 19.617847462107292 ], [ -154.875014517268369, 19.616170462111235 ], [ -154.870136517411083, 19.614153462096453 ], [ -154.862224517650219, 19.610537462086761 ], [ -154.854486517895282, 19.606494462098176 ], [ -154.852938517942164, 19.605778462096506 ], [ -154.848797518067528, 19.60386346209205 ], [ -154.844975518182252, 19.602138462086057 ], [ -154.839926518291577, 19.601708462000872 ], [ -154.835038518436363, 19.599574461990066 ], [ -154.827841518646892, 19.596541461969348 ], [ -154.822235518830411, 19.593313461989066 ], [ -154.814922519116521, 19.587050462099882 ], [ -154.811519519284815, 19.582597462215194 ], [ -154.803342519532833, 19.578728462208016 ], [ -154.79756251971537, 19.575671462216079 ], [ -154.792218519908943, 19.571758462268352 ], [ -154.789005520040405, 19.568746462326974 ], [ -154.787749520109145, 19.566810462381277 ], [ -154.77830852045085, 19.559898462472557 ], [ -154.771696520748435, 19.552517462640999 ], [ -154.769359520853413, 19.549919462699936 ], [ -154.764906521053376, 19.544968462812058 ], [ -154.759347521356744, 19.53646546304735 ], [ -154.757151521596882, 19.52791046335425 ], [ -154.755852521787034, 19.520787463620515 ], [ -154.755841521818269, 19.51944746367548 ], [ -154.755807521909958, 19.515527463836197 ], [ -154.755806521914252, 19.515345463843595 ], [ -154.756128521995038, 19.511599464004579 ], [ -154.756619522094638, 19.506914464207714 ], [ -154.757180522155039, 19.503858464345228 ], [ -154.757888522231241, 19.500003464518759 ], [ -154.758294522223508, 19.500003464527282 ], [ -154.759513522200024, 19.500003464552854 ], [ -154.759920522192175, 19.500003464561377 ], [ -154.762183522320953, 19.492622464912792 ], [ -154.762504522339214, 19.491578464962554 ], [ -154.767916522592657, 19.476304465705546 ], [ -154.770135522677293, 19.470878465975911 ], [ -154.773058522788972, 19.463733466332126 ], [ -154.775765522892584, 19.457116466662161 ], [ -154.781103523013684, 19.44761946716697 ], [ -154.785551523078766, 19.441232467525062 ], [ -154.786146523087439, 19.440379467572907 ], [ -154.793584523128317, 19.432575468053574 ], [ -154.810325523195672, 19.416060469094216 ], [ -154.828285523207114, 19.400894470108028 ], [ -154.842829523201232, 19.38923947090511 ], [ -154.847927523199104, 19.385155471184895 ], [ -154.859687523148182, 19.377636471752002 ], [ -154.864327523120068, 19.37500147196225 ], [ -154.866464523110579, 19.373640472065222 ], [ -154.87287752308211, 19.369559472374394 ], [ -154.875015523072562, 19.368199472477524 ], [ -154.882675523026904, 19.363800472827421 ], [ -154.889042522982692, 19.360395473108071 ], [ -154.895919523041215, 19.352323473594954 ], [ -154.908244523045255, 19.342023474294646 ], [ -154.91891952303925, 19.333487474885697 ], [ -154.92731052303003, 19.326962475343176 ], [ -154.931733523114048, 19.31987847573734 ], [ -154.939677523126477, 19.312837476207626 ], [ -154.949953523059719, 19.307099476675354 ], [ -154.962297522933511, 19.302065477159896 ], [ -154.97146952285118, 19.297842477540783 ], [ -154.980093522767277, 19.294121477888716 ], [ -154.991362522682749, 19.288223478387643 ], [ -154.99745652264869, 19.284557478677844 ], [ -155.000014522658432, 19.282040478841054 ], [ -155.000014522600594, 19.284383478742075 ], [ -155.005463522531784, 19.282650478936542 ], [ -155.010837522472826, 19.280575479143927 ], [ -155.01800452239533, 19.277752479423011 ], [ -155.018522522390214, 19.277530479444014 ], [ -155.026156522314011, 19.274256479752864 ], [ -155.031741522260347, 19.271772479982793 ], [ -155.032338522254577, 19.271507480007354 ], [ -155.040397522149334, 19.269035480292203 ], [ -155.046931522052574, 19.267485480504043 ], [ -155.049167522011913, 19.267254480563867 ], [ -155.052305521996857, 19.265239480719696 ], [ -155.056163521994193, 19.262120480938592 ], [ -155.061453521976233, 19.258419481214496 ], [ -155.06754552192632, 19.255326481482687 ], [ -155.070671521881764, 19.254501481587983 ], [ -155.07282652185097, 19.253933481660532 ], [ -155.076404521783843, 19.253631481753661 ], [ -155.079353521710885, 19.254091481800238 ], [ -155.083203521732145, 19.250003482060997 ], [ -155.080112521796735, 19.250003481991573 ], [ -155.079045521844705, 19.248969482011681 ], [ -155.085373521799795, 19.245469482303225 ], [ -155.090401521761095, 19.242799482530256 ], [ -155.105524521656776, 19.234273483235235 ], [ -155.112585521561471, 19.232145483485617 ], [ -155.116320521521317, 19.230605483635806 ], [ -155.120024521495026, 19.228535483808123 ], [ -155.123343521445889, 19.227699483918961 ], [ -155.12501452143087, 19.226890483991387 ], [ -155.129610521343977, 19.226482484112783 ], [ -155.132286521313347, 19.225446484217727 ], [ -155.140890521214459, 19.222120484555163 ], [ -155.14986852108683, 19.21961248486619 ], [ -155.161315520874211, 19.218378485178604 ], [ -155.16997252081552, 19.213361485591069 ], [ -155.170300520813299, 19.213171485606651 ], [ -155.175631520744133, 19.21138948580451 ], [ -155.182112520641425, 19.209957486013444 ], [ -155.187878520530091, 19.209469486165531 ], [ -155.196566520338138, 19.209683486353637 ], [ -155.204455520146183, 19.210564486494736 ], [ -155.213488519910783, 19.212174486630232 ], [ -155.22504551965946, 19.212229486890312 ], [ -155.230065519534946, 19.212854486977211 ], [ -155.236880519327741, 19.215210487029591 ], [ -155.242460519177655, 19.21635548710643 ], [ -155.245822519071623, 19.21766248712591 ], [ -155.250015518919213, 19.220091487115223 ], [ -155.250015518921657, 19.219994487119457 ], [ -155.250015518942234, 19.219175487155137 ], [ -155.258029518692069, 19.222174487206203 ], [ -155.261347518657971, 19.22064848734794 ], [ -155.265110518600892, 19.219643487477168 ], [ -155.268419518532141, 19.219498487558539 ], [ -155.273194518572012, 19.213755487917688 ], [ -155.286476518482175, 19.205750488569599 ], [ -155.297870518390226, 19.199456489104719 ], [ -155.298864518413893, 19.197652489206401 ], [ -155.301576518484495, 19.192496489494147 ], [ -155.307420518494155, 19.18701948986773 ], [ -155.312721518494101, 19.182401490191495 ], [ -155.320275518520361, 19.174781490698994 ], [ -155.325391518495877, 19.171283490970037 ], [ -155.330770518443529, 19.168650491209302 ], [ -155.335794518409955, 19.165583491459572 ], [ -155.33884551839418, 19.163536491619791 ], [ -155.342165518376873, 19.161318491793814 ], [ -155.345569518333321, 19.160050491928018 ], [ -155.348169518307856, 19.158776492043994 ], [ -155.356945518182897, 19.155996492368807 ], [ -155.365360518050295, 19.153817492659048 ], [ -155.365743518043701, 19.153739492671285 ], [ -155.370281517965537, 19.152820492816641 ], [ -155.371535517946, 19.152484492860413 ], [ -155.372966517920219, 19.152236492904404 ], [ -155.374312517914063, 19.151297492976937 ], [ -155.37501351790803, 19.150916493009959 ], [ -155.375552517903998, 19.150602493036285 ], [ -155.378647517880552, 19.148801493187339 ], [ -155.380525517848923, 19.148388493249012 ], [ -155.384018517806965, 19.146959493392885 ], [ -155.386167517782241, 19.146034493483501 ], [ -155.387420517764781, 19.145615493531054 ], [ -155.389390517737581, 19.144946493606191 ], [ -155.391448517706181, 19.144363493679595 ], [ -155.393519517740458, 19.141203493867376 ], [ -155.397928517798647, 19.135059494241492 ], [ -155.399917517805562, 19.13304349437686 ], [ -155.40187951781229, 19.131057494510351 ], [ -155.404308517842935, 19.12772949471417 ], [ -155.406555517862301, 19.12500549488707 ], [ -155.406529517873679, 19.124585494905041 ], [ -155.411845517869665, 19.120072495228786 ], [ -155.418844517862624, 19.114196495652408 ], [ -155.42245251784513, 19.111703495847149 ], [ -155.428948517813524, 19.107218496197916 ], [ -155.439234517691546, 19.10288849663073 ], [ -155.451209517508232, 19.09941749706536 ], [ -155.460257517362663, 19.097048497382712 ], [ -155.466111517272452, 19.095355497595374 ], [ -155.467704517282414, 19.093564497712627 ], [ -155.472484517296607, 19.088792498037652 ], [ -155.477468517296074, 19.084410498350302 ], [ -155.477620517296003, 19.084277498359828 ], [ -155.484089517244598, 19.080533498679159 ], [ -155.494289517229561, 19.072088499296878 ], [ -155.494892517228692, 19.071589499333442 ], [ -155.495485517247516, 19.070343499403105 ], [ -155.495950517262202, 19.069370499457616 ], [ -155.497625517326043, 19.065444499672807 ], [ -155.498234517337096, 19.064481499730245 ], [ -155.49859751734374, 19.063908499764416 ], [ -155.500016517299628, 19.064341499778596 ], [ -155.500217517308414, 19.063828499806288 ], [ -155.500824517334507, 19.062292499889399 ], [ -155.501026517343234, 19.061780499917067 ], [ -155.501397517359266, 19.060840499967878 ], [ -155.50138351746466, 19.056822500147376 ], [ -155.503321517690694, 19.046486500655778 ], [ -155.506610517847776, 19.037608501131114 ], [ -155.509366517979402, 19.030181501529064 ], [ -155.513279518147556, 19.020364502061806 ], [ -155.513678518176334, 19.01892550213573 ], [ -155.514608518243051, 19.015582502307634 ], [ -155.516568518305888, 19.011486502537867 ], [ -155.51879951834448, 19.008074502744012 ], [ -155.523270518353513, 19.003816503041836 ], [ -155.526067518389596, 19.000003503279753 ], [ -155.532275518416554, 18.993553503717948 ], [ -155.537380518417109, 18.989060504042143 ], [ -155.541801518520714, 18.981297504496865 ], [ -155.543238518678891, 18.974103504854426 ], [ -155.54536551895643, 18.961853505455533 ], [ -155.551525519082105, 18.951792506056378 ], [ -155.557484519166849, 18.943445506575916 ], [ -155.565614519216638, 18.934520507174842 ], [ -155.574525519178565, 18.928178507677302 ], [ -155.583793519124924, 18.922097508177377 ], [ -155.59107151919045, 18.913333508750224 ], [ -155.591565519194887, 18.912739508789105 ], [ -155.603958519212938, 18.901283509609669 ], [ -155.616074519226061, 18.890252510405695 ], [ -155.625014519186692, 18.883911510912665 ], [ -155.625014519174812, 18.884348510892867 ], [ -155.625014519139086, 18.885661510833483 ], [ -155.625014519127205, 18.8860995108137 ], [ -155.63076751916509, 18.879690511245521 ], [ -155.639111519094627, 18.875003511663817 ], [ -155.641826519030019, 18.875003511730903 ], [ -155.64905551898056, 18.870506512113515 ], [ -155.663009518766046, 18.866162512656089 ], [ -155.678374518417115, 18.865463513068566 ], [ -155.694271517998715, 18.866789513402118 ], [ -155.695046517973736, 18.867022513410738 ], [ -155.697809517884508, 18.867850513441375 ], [ -155.705987517620144, 18.870304513531966 ], [ -155.706086517616086, 18.870364513531694 ], [ -155.708550517515647, 18.87186551352417 ], [ -155.70958051747354, 18.872492513520989 ], [ -155.712671517347445, 18.874375513511463 ], [ -155.713702517305336, 18.875003513508283 ], [ -155.722849516879961, 18.882477513392562 ], [ -155.722909516877166, 18.882526513391813 ], [ -155.730562516375898, 18.894117513049807 ], [ -155.736229515854546, 18.908244512541511 ], [ -155.738717515638712, 18.913975512339636 ], [ -155.739985515528844, 18.91689451223678 ], [ -155.747475515230349, 18.921182512223329 ], [ -155.750014515129124, 18.922635512218744 ], [ -155.755356514975972, 18.923478512310766 ], [ -155.761349514769961, 18.925680512356109 ], [ -155.770294514462847, 18.928940512424788 ], [ -155.774098514329324, 18.930428512449168 ], [ -155.781741514060911, 18.933420512497932 ], [ -155.794385513496479, 18.942816512372456 ], [ -155.808193512888806, 18.95273551224971 ], [ -155.819957512379659, 18.960848512159501 ], [ -155.828247512021193, 18.966545512096218 ], [ -155.835693511805971, 18.9676695122246 ], [ -155.847759511471736, 18.968926512458776 ], [ -155.850774511388011, 18.969241512517232 ], [ -155.864831510915792, 18.973752512647621 ], [ -155.875014510588784, 18.976433512769084 ], [ -155.875014510579803, 18.976769512753403 ], [ -155.875014510552774, 18.977780512706143 ], [ -155.875014510543764, 18.978117512690403 ], [ -155.882242510294958, 18.980634512747656 ], [ -155.883739510234534, 18.981485512744086 ], [ -155.899426509601284, 18.990402512705607 ], [ -155.908245509248189, 18.995290512689145 ], [ -155.91308850905412, 18.99797551267984 ], [ -155.91634850891765, 19.000002512663198 ], [ -155.921575508684185, 19.003796512610734 ], [ -155.925945508457289, 19.008157512510781 ], [ -155.929546508220398, 19.013631512339696 ], [ -155.931287508105953, 19.016277512256931 ], [ -155.934044507895294, 19.021575512073522 ], [ -155.937418507589911, 19.029864511763673 ], [ -155.940440507348001, 19.036102511541795 ], [ -155.944540507101294, 19.0414875113857 ], [ -155.948910506856805, 19.046531511251807 ], [ -155.954078506537883, 19.053625511039765 ], [ -155.957898506197495, 19.062853510694307 ], [ -155.95799350618671, 19.063170510681537 ], [ -155.961088505837836, 19.073446510268738 ], [ -155.96334550556665, 19.081593509936496 ], [ -155.963479505550623, 19.082075509916802 ], [ -155.966503505305582, 19.088483509684767 ], [ -155.968906505119008, 19.093268509514687 ], [ -155.972552504813763, 19.101385509215788 ], [ -155.974055504608373, 19.107792508947238 ], [ -155.974488504468411, 19.112746508722342 ], [ -155.974291504320405, 19.118639508437994 ], [ -155.973466504176486, 19.125003508116617 ], [ -155.974718504144363, 19.125003508145955 ], [ -155.974752504009786, 19.130164507901714 ], [ -155.973896503710932, 19.142573507292482 ], [ -155.970568503366422, 19.159258506422645 ], [ -155.969464503126574, 19.169698505901195 ], [ -155.968093502898569, 19.179966505381739 ], [ -155.966081502661496, 19.19126150479876 ], [ -155.964176502461584, 19.201015504291508 ], [ -155.962101502290579, 19.209827503825259 ], [ -155.958540502047441, 19.223003503117763 ], [ -155.956744501891961, 19.230960502698732 ], [ -155.956525501808898, 19.234468502527086 ], [ -155.956666501714466, 19.238063502359527 ], [ -155.956616501601218, 19.242600502142807 ], [ -155.956570501496714, 19.246793501942459 ], [ -155.95695150140611, 19.250003501798616 ], [ -155.957216501348654, 19.252013501709087 ], [ -155.956214501174657, 19.259953501308967 ], [ -155.95531250110983, 19.263454501122066 ], [ -155.952873500934572, 19.272935500616278 ], [ -155.948908500766805, 19.283699500015249 ], [ -155.946475500660569, 19.290448499639709 ], [ -155.945118500539877, 19.296683499312934 ], [ -155.944658500399726, 19.302788499012479 ], [ -155.944289500287198, 19.307695498770986 ], [ -155.944270500071127, 19.316421498355812 ], [ -155.944264499995626, 19.319474498210571 ], [ -155.94434249985207, 19.325193497940383 ], [ -155.944243499744829, 19.329632497727076 ], [ -155.943769499696089, 19.33209649759932 ], [ -155.942340499549061, 19.33953849721367 ], [ -155.94322749941071, 19.344230497010166 ], [ -155.947243499110812, 19.352243496717893 ], [ -155.950725498854126, 19.359063496470199 ], [ -155.954384498568032, 19.366907496177294 ], [ -155.956079498416017, 19.371341496003318 ], [ -155.957549498288699, 19.375003495861122 ], [ -155.957999498259653, 19.375718495836942 ], [ -155.961390498040998, 19.381104495654618 ], [ -155.963629497851258, 19.386522495445259 ], [ -155.964313497750112, 19.389951495296557 ], [ -155.965031497643878, 19.393554495140275 ], [ -155.965802497451165, 19.400663494817685 ], [ -155.967965497228533, 19.407540494536413 ], [ -155.968098497214868, 19.407963494519091 ], [ -155.971594496868846, 19.418529494090251 ], [ -155.972773496608653, 19.428038493661173 ], [ -155.974611496373001, 19.435845493327484 ], [ -155.978119496042609, 19.445812492926351 ], [ -155.983333495789253, 19.450755492802298 ], [ -155.989122495537799, 19.454998492723877 ], [ -155.990342495484839, 19.455892492707321 ], [ -155.995011495235389, 19.4612564925506 ], [ -155.999148495010246, 19.466184492403116 ], [ -156.000014494919668, 19.469032492284931 ], [ -156.000125494910122, 19.469311492273935 ], [ -156.000461494881421, 19.470148492240948 ], [ -156.000573494871873, 19.470428492229868 ], [ -156.00295349466802, 19.476376491995225 ], [ -156.007973494238854, 19.488917491499794 ], [ -156.0102854940545, 19.494143491297766 ], [ -156.012878493847921, 19.500003491071034 ], [ -156.012667493853399, 19.500003491066558 ], [ -156.012034493869891, 19.500003491053032 ], [ -156.01182349387534, 19.500003491048528 ], [ -156.011822493866475, 19.500379491030422 ], [ -156.013674493641986, 19.50781549071182 ], [ -156.014389493555484, 19.510683490588903 ], [ -156.015788493249545, 19.522089490069099 ], [ -156.016820492995976, 19.531704489627529 ], [ -156.016921492971221, 19.532644489584349 ], [ -156.019410492750097, 19.539288489316586 ], [ -156.019872492675546, 19.541950489197941 ], [ -156.021260492451944, 19.549937488841852 ], [ -156.021603492380223, 19.552618488719709 ], [ -156.022713492147886, 19.561309488323513 ], [ -156.023011492085772, 19.563635488217461 ], [ -156.025844491737786, 19.575385487709347 ], [ -156.029935491372129, 19.586513487256987 ], [ -156.030291491340336, 19.587481487217598 ], [ -156.033943491086774, 19.594296486964108 ], [ -156.034752491030616, 19.595806486907893 ], [ -156.03590949095036, 19.59796448682755 ], [ -156.037829490856438, 19.599850486776191 ], [ -156.038949490801656, 19.600951486746183 ], [ -156.039089490797238, 19.600982486747565 ], [ -156.043251490667046, 19.601899486789701 ], [ -156.043293490665548, 19.601917486789695 ], [ -156.049343490447853, 19.604470486791648 ], [ -156.055068490233595, 19.607237486776302 ], [ -156.057135490156156, 19.608236486770739 ], [ -156.058869490086948, 19.6092594867571 ], [ -156.063224489913182, 19.611826486722773 ], [ -156.071101489575682, 19.61746448661199 ], [ -156.075307489384045, 19.620965486528828 ], [ -156.078606489203963, 19.625004486400503 ], [ -156.082896488914571, 19.632662486116224 ], [ -156.085441488705385, 19.638845485867499 ], [ -156.087642488481208, 19.64608648555987 ], [ -156.087964488338457, 19.651955485280414 ], [ -156.088301488181457, 19.658438484971224 ], [ -156.088834488099479, 19.661411484837146 ], [ -156.09091648799324, 19.663656484770261 ], [ -156.093334487822261, 19.668349484590681 ], [ -156.097837487543075, 19.67537748433946 ], [ -156.101696487191475, 19.686361483881456 ], [ -156.104441486964703, 19.693154483605145 ], [ -156.104756486918774, 19.694815483530341 ], [ -156.10959748666312, 19.700435483353523 ], [ -156.111233486554994, 19.703300483246498 ], [ -156.115193486283061, 19.71068848296483 ], [ -156.119089485985455, 19.719304482621276 ], [ -156.120015485783966, 19.727179482253941 ], [ -156.119312485594264, 19.736485481783632 ], [ -156.117934485450263, 19.744574481359408 ], [ -156.114741485414186, 19.75000348102936 ], [ -156.115871485384105, 19.75000348105193 ], [ -156.114872485308524, 19.754593480806957 ], [ -156.11261348525349, 19.759768480508217 ], [ -156.110535485201382, 19.764604480229792 ], [ -156.109177485128555, 19.769518479961928 ], [ -156.108446484986843, 19.77679147959093 ], [ -156.10807548483416, 19.784145479223049 ], [ -156.107254484717856, 19.790405478899885 ], [ -156.105532484612553, 19.797265478529606 ], [ -156.103092484556242, 19.802780478211158 ], [ -156.099478484516112, 19.808981477836173 ], [ -156.095686484484617, 19.815016477466003 ], [ -156.090630484484649, 19.821146477066627 ], [ -156.086118484501895, 19.825834476748788 ], [ -156.079531484560732, 19.831134476360777 ], [ -156.072494484657113, 19.835254476021991 ], [ -156.065641484754082, 19.839118475699571 ], [ -156.058788484874754, 19.84188447543114 ], [ -156.053558484976634, 19.843537475248699 ], [ -156.049222484979964, 19.84864647491521 ], [ -156.045066484963968, 19.854428474552616 ], [ -156.039377484978985, 19.860646474139326 ], [ -156.033957484983432, 19.867031473723483 ], [ -156.030073484989799, 19.871460473432837 ], [ -156.027362484984565, 19.875003473208036 ], [ -156.024863485050048, 19.875003473159897 ], [ -156.023074485034527, 19.877901472984441 ], [ -156.019668485030252, 19.882250472707309 ], [ -156.018083485034936, 19.883962472593534 ], [ -156.015723485041889, 19.886514472424064 ], [ -156.015016485045635, 19.887204472376958 ], [ -156.012405485059134, 19.889756472202755 ], [ -156.008095485107702, 19.892744471974897 ], [ -156.004094485168196, 19.894796471798561 ], [ -156.002433485193251, 19.895649471725335 ], [ -156.000013485236252, 19.896589471633394 ], [ -155.998358485273201, 19.89687947158766 ], [ -155.986111485468285, 19.902666471072735 ], [ -155.985428485481691, 19.902868471049931 ], [ -155.971784485749424, 19.906915470593432 ], [ -155.9624414859436, 19.909155470306967 ], [ -155.959950485878409, 19.915247469964886 ], [ -155.954074485723197, 19.929717469153641 ], [ -155.953567485700319, 19.931417469061895 ], [ -155.950395485556953, 19.942078468486471 ], [ -155.947944485532815, 19.946223468239918 ], [ -155.947544485528908, 19.946898468199752 ], [ -155.946345485517128, 19.948925468079196 ], [ -155.94594648551319, 19.949601468039035 ], [ -155.940132485456388, 19.959432467454722 ], [ -155.938897485444357, 19.961521467330655 ], [ -155.924277485461801, 19.978656466229999 ], [ -155.919000485486436, 19.983969465875383 ], [ -155.917503485503033, 19.985016465796996 ], [ -155.913474485547511, 19.987839465585964 ], [ -155.908292485598565, 19.99176746530032 ], [ -155.908032485601098, 19.991964465286024 ], [ -155.907502485583478, 19.993468465203744 ], [ -155.907138485571267, 19.994503465147137 ], [ -155.90554548555761, 19.997123464991372 ], [ -155.90462148555406, 19.998432464911179 ], [ -155.903514485549806, 20.000003464815002 ], [ -155.903171485558573, 20.000003464808653 ], [ -155.902144485584842, 20.000003464789621 ], [ -155.901802485593606, 20.000003464783287 ], [ -155.899271485573195, 20.004110464538684 ], [ -155.897879485577135, 20.005635464439539 ], [ -155.89764948557783, 20.005889464423035 ], [ -155.896114485573094, 20.008009464292684 ], [ -155.894855485584259, 20.009024464220541 ], [ -155.893503485589008, 20.010464464126301 ], [ -155.891166485615486, 20.012068464005957 ], [ -155.889458485632872, 20.013336463913429 ], [ -155.887390485654208, 20.014857463802155 ], [ -155.885857485656544, 20.016636463688368 ], [ -155.884325485660611, 20.018330463578671 ], [ -155.885290485601047, 20.020029463514742 ], [ -155.886362485534789, 20.021917463443696 ], [ -155.887781485452876, 20.024138463363006 ], [ -155.888856485388771, 20.025922463296958 ], [ -155.889376485357701, 20.026785463265025 ], [ -155.891154485268373, 20.028923463194843 ], [ -155.893906485119089, 20.032768463060229 ], [ -155.894220485097435, 20.033432463034078 ], [ -155.895320485021642, 20.035755462942362 ], [ -155.897987484888603, 20.038919462838823 ], [ -155.900385484760761, 20.042167462726262 ], [ -155.903050484620763, 20.045671462606062 ], [ -155.906961484422737, 20.050459462446643 ], [ -155.911201484215525, 20.055284462291134 ], [ -155.911319484209713, 20.055419462286782 ], [ -155.914964484023841, 20.059949462134519 ], [ -155.916892483920805, 20.062576462042671 ], [ -155.918162483852967, 20.064307461982139 ], [ -155.920644483700585, 20.068661461816866 ], [ -155.923126483551812, 20.072845461659561 ], [ -155.925265483460265, 20.07464446161136 ], [ -155.927580483353836, 20.076954461541575 ], [ -155.929535483249765, 20.079603461448798 ], [ -155.930868483179125, 20.081397461386047 ], [ -155.932289483100959, 20.083448461312454 ], [ -155.933614483002913, 20.086604461183562 ], [ -155.934938482899867, 20.09001546104227 ], [ -155.935816482813465, 20.093169460905308 ], [ -155.936606482738028, 20.09589746078737 ], [ -155.936751482722542, 20.096477460761879 ], [ -155.937394482654071, 20.099051460648703 ], [ -155.937653482614792, 20.100669460574963 ], [ -155.937464482583664, 20.102456460484955 ], [ -155.93790248253805, 20.10416046041021 ], [ -155.938613482497345, 20.105271460369156 ], [ -155.940125482423923, 20.106981460313389 ], [ -155.941726482343029, 20.108947460246764 ], [ -155.942704482288633, 20.110399460193829 ], [ -155.94394348220527, 20.112958460091917 ], [ -155.94473848214534, 20.114920460010961 ], [ -155.945531482078678, 20.117222459913425 ], [ -155.946322482003495, 20.119950459795209 ], [ -155.946671481960294, 20.121654459718705 ], [ -155.948002481883179, 20.123789459638843 ], [ -155.947830481863349, 20.125003459576813 ], [ -155.948796481763452, 20.128747459412221 ], [ -155.949496481677727, 20.132133459260295 ], [ -155.950015481581545, 20.13627945906812 ], [ -155.950804481496988, 20.139498458925765 ], [ -155.951412481400354, 20.143560458739163 ], [ -155.95281648125453, 20.149066458496463 ], [ -155.953782481160516, 20.152539458344716 ], [ -155.955010481029603, 20.157536458123452 ], [ -155.95632648089321, 20.162703457895329 ], [ -155.957733480759572, 20.167617457681089 ], [ -155.957896480673526, 20.171760457482364 ], [ -155.958852480516867, 20.178445457173769 ], [ -155.95963448038674, 20.184030456915583 ], [ -155.959974480289844, 20.188512456703286 ], [ -155.960231480223428, 20.191557456559465 ], [ -155.960309480163374, 20.194516456416682 ], [ -155.960832480086765, 20.197732456269172 ], [ -155.960109480041154, 20.201022456096286 ], [ -155.959831479980664, 20.204484455922792 ], [ -155.958930479943149, 20.207603455755169 ], [ -155.958391479927542, 20.209120455671908 ], [ -155.958835479907719, 20.209547455658786 ], [ -155.958985479868034, 20.211382455572025 ], [ -155.959091479840026, 20.212676455510785 ], [ -155.95926147978949, 20.21504445539837 ], [ -155.959521479743159, 20.21707445530393 ], [ -155.959506479658131, 20.221469455089537 ], [ -155.959229479607842, 20.224425454940643 ], [ -155.959043479565139, 20.226874454818081 ], [ -155.958139479508418, 20.231007454600995 ], [ -155.957681479443437, 20.23497545439972 ], [ -155.956422479402761, 20.238768454193107 ], [ -155.955522479372348, 20.241549454042126 ], [ -155.954444479341703, 20.244582453875701 ], [ -155.953635479315551, 20.247026453742709 ], [ -155.952650479307039, 20.248792453639709 ], [ -155.951933479302255, 20.250003453568393 ], [ -155.951739479307349, 20.250003453565061 ], [ -155.951157479322404, 20.25000345355506 ], [ -155.950964479327411, 20.250003453551766 ], [ -155.950553479293205, 20.252331453431268 ], [ -155.950299479272019, 20.253775453356599 ], [ -155.950008479237113, 20.255981453244129 ], [ -155.949269479215559, 20.25809845312833 ], [ -155.94885847920537, 20.259181453068518 ], [ -155.948531479197271, 20.26004645302077 ], [ -155.948061479183309, 20.261407452946433 ], [ -155.947976479180738, 20.26165545293291 ], [ -155.947242479170512, 20.263178452846113 ], [ -155.946147479166484, 20.264867452745122 ], [ -155.944867479157494, 20.267065452616222 ], [ -155.943678479147763, 20.26917945249297 ], [ -155.942855479143162, 20.270531452413088 ], [ -155.942395479134035, 20.271631452351691 ], [ -155.941027479130668, 20.273658452229672 ], [ -155.94029947913333, 20.27450245217614 ], [ -155.93938947913594, 20.275598452107307 ], [ -155.938748479129913, 20.276782452038724 ], [ -155.936744479131789, 20.279398451877316 ], [ -155.935651479132645, 20.280833451788872 ], [ -155.934104479137233, 20.282689451672283 ], [ -155.93237947915128, 20.28428845156521 ], [ -155.931192479146517, 20.286147451454564 ], [ -155.929552479147077, 20.288341451320075 ], [ -155.928236479151707, 20.289886451222561 ], [ -155.928187479151802, 20.289944451218961 ], [ -155.926460479161136, 20.291798451099517 ], [ -155.924192479182864, 20.293732450967092 ], [ -155.921831479200534, 20.296006450816609 ], [ -155.919380479222241, 20.298193450668887 ], [ -155.917656479237905, 20.299707450566228 ], [ -155.915934479256777, 20.301052450471776 ], [ -155.914305479281239, 20.301972450399628 ], [ -155.912493479304032, 20.303231450307919 ], [ -155.910867479333263, 20.303896450248246 ], [ -155.908515479369981, 20.305150450147675 ], [ -155.906887479394413, 20.306070450075602 ], [ -155.905261479423586, 20.306736450015908 ], [ -155.903182479459673, 20.307652449936494 ], [ -155.901555479487229, 20.308403449872657 ], [ -155.900020479517252, 20.308899449822775 ], [ -155.898665479542643, 20.309397449775815 ], [ -155.896314479579218, 20.310651449675486 ], [ -155.894687479608365, 20.311316449615866 ], [ -155.892427479645789, 20.312401449525272 ], [ -155.890621479681101, 20.312980449466902 ], [ -155.888003479730997, 20.313891449378815 ], [ -155.885926479771655, 20.314552449311915 ], [ -155.883670479816942, 20.315212449242082 ], [ -155.881688479864692, 20.315365449201405 ], [ -155.87889247992382, 20.316020449122803 ], [ -155.876636479970671, 20.316594449057199 ], [ -155.875014480007508, 20.316835449018306 ], [ -155.870742480088609, 20.318318448874962 ], [ -155.86670548017284, 20.319308448759454 ], [ -155.860967480300559, 20.320287448616064 ], [ -155.856667480400915, 20.320767448520879 ], [ -155.851649480516386, 20.321412448405777 ], [ -155.845474480672294, 20.321456448300303 ], [ -155.840286480806071, 20.321337448219186 ], [ -155.836797480896479, 20.321229448166051 ], [ -155.833764480987981, 20.320447448152962 ], [ -155.831838481041245, 20.320205448132374 ], [ -155.829475481106527, 20.319910448107048 ], [ -155.825727481219275, 20.318954448090327 ], [ -155.821716481344936, 20.31765744808553 ], [ -155.818414481443085, 20.316872448067976 ], [ -155.814758481556339, 20.31574744806079 ], [ -155.812102481669882, 20.313273448135128 ], [ -155.809955481724245, 20.31325844809988 ], [ -155.804774481869629, 20.312461448051195 ], [ -155.801294481971922, 20.311675448030531 ], [ -155.798772482048065, 20.310997448020764 ], [ -155.798058482069877, 20.310790448018725 ], [ -155.795565482148106, 20.309960448016675 ], [ -155.79290448222784, 20.309273448004976 ], [ -155.787535482408543, 20.306830448031832 ], [ -155.783776482532801, 20.305232448045182 ], [ -155.780197482655808, 20.303463448069635 ], [ -155.778051482741347, 20.301775448114359 ], [ -155.776083482814471, 20.300509448141757 ], [ -155.774832482880981, 20.2986484482097 ], [ -155.771699482960571, 20.2985734481605 ], [ -155.769013483027464, 20.298581448114934 ], [ -155.766326483103967, 20.298080448093579 ], [ -155.7640894831612, 20.298001448059694 ], [ -155.761630483234256, 20.29738044804791 ], [ -155.758878483315101, 20.296728448032713 ], [ -155.755489483417534, 20.295772448021211 ], [ -155.753438483480039, 20.295165448015617 ], [ -155.751478483541888, 20.294473448015566 ], [ -155.75001448359609, 20.293530448035817 ], [ -155.748162483661787, 20.292492448054066 ], [ -155.746853483717047, 20.291289448089348 ], [ -155.743194483829711, 20.29013744808249 ], [ -155.740414483921569, 20.288928448093117 ], [ -155.738347483999974, 20.287496448126344 ], [ -155.734805484127179, 20.285416448165499 ], [ -155.731441484251462, 20.283258448211253 ], [ -155.726879484423762, 20.280125448282995 ], [ -155.724754484517973, 20.277933448351195 ], [ -155.722555484622035, 20.275319448438033 ], [ -155.721310484693817, 20.273164448519307 ], [ -155.719585484756976, 20.272084448541307 ], [ -155.717982484834693, 20.270083448609078 ], [ -155.714764484939025, 20.26877244861663 ], [ -155.71267448500501, 20.268011448617223 ], [ -155.710338485086965, 20.266736448637943 ], [ -155.708005485170247, 20.265379448662628 ], [ -155.705159485274663, 20.263578448699576 ], [ -155.702231485384345, 20.261605448743197 ], [ -155.699924485479869, 20.259575448800042 ], [ -155.698219485553693, 20.257905448850078 ], [ -155.696614485629766, 20.255988448913438 ], [ -155.69502248571203, 20.253734448992944 ], [ -155.693168485802431, 20.251387449072286 ], [ -155.692580485843422, 20.250003449127728 ], [ -155.690565485933178, 20.247901449192724 ], [ -155.690026485965774, 20.24688944923134 ], [ -155.689397486005504, 20.24562344928038 ], [ -155.68913948601957, 20.245219449295117 ], [ -155.688859486034914, 20.2447794493111 ], [ -155.688058486060953, 20.244442449313315 ], [ -155.68769648607207, 20.244328449312508 ], [ -155.686724486101753, 20.244021449310367 ], [ -155.6848584861539, 20.243685449294304 ], [ -155.683345486200636, 20.243180449292282 ], [ -155.682550486221146, 20.243126449281242 ], [ -155.682102486232651, 20.24309644927494 ], [ -155.680902486272572, 20.242547449280366 ], [ -155.680893486272879, 20.242540449280554 ], [ -155.680881486273279, 20.242537449280455 ], [ -155.680599486282659, 20.242408449281736 ], [ -155.679753486310801, 20.242021449285488 ], [ -155.679472486320122, 20.241892449286798 ], [ -155.679342486324487, 20.241832449287397 ], [ -155.677740486374944, 20.241242449287814 ], [ -155.675868486446632, 20.2398934493194 ], [ -155.674440486504238, 20.238712449350608 ], [ -155.672211486589504, 20.237110449387988 ], [ -155.670780486660135, 20.235254449450977 ], [ -155.668817486738874, 20.233652449492858 ], [ -155.6661434868399, 20.231796449534375 ], [ -155.664806486891962, 20.230784449559099 ], [ -155.663557486940277, 20.229856449581369 ], [ -155.662750486987591, 20.228422449635012 ], [ -155.660877487060901, 20.226988449670369 ], [ -155.659450487118448, 20.22580744970141 ], [ -155.658737487143952, 20.225386449708996 ], [ -155.656693487201778, 20.224965449693617 ], [ -155.655181487246693, 20.224544449687397 ], [ -155.653581487293707, 20.224122449679687 ], [ -155.651804487341792, 20.223870449660943 ], [ -155.649490487419172, 20.222774449672677 ], [ -155.648600487448903, 20.222352449677178 ], [ -155.647533487481326, 20.22201544967465 ], [ -155.646819487510044, 20.221425449690091 ], [ -155.645955487538941, 20.221015449694434 ], [ -155.645573487551701, 20.22083444969638 ], [ -155.644591487593487, 20.219906449723066 ], [ -155.643788487626011, 20.219231449740917 ], [ -155.642278487667511, 20.218979449726753 ], [ -155.641478487690165, 20.218810449720934 ], [ -155.640766487713961, 20.21847344972446 ], [ -155.639877487740364, 20.218220449720967 ], [ -155.639252487765305, 20.217714449734004 ], [ -155.638274487795513, 20.21737744973295 ], [ -155.637473487823087, 20.216955449738929 ], [ -155.636138487866816, 20.216365449743616 ], [ -155.634534487925293, 20.21535344976342 ], [ -155.633111487969444, 20.21484744976264 ], [ -155.631865488011101, 20.214256449768826 ], [ -155.630529488058073, 20.213497449781386 ], [ -155.628569488128335, 20.212316449802884 ], [ -155.626520488203994, 20.210967449830743 ], [ -155.625014488259978, 20.209954449852184 ], [ -155.622569488348148, 20.208454449880257 ], [ -155.620864488420153, 20.20686144992537 ], [ -155.618172488514318, 20.205355449949298 ], [ -155.615748488608574, 20.203512449993639 ], [ -155.612876488726585, 20.200997450061553 ], [ -155.610273488833315, 20.198734450122313 ], [ -155.608748488894406, 20.197477450154643 ], [ -155.60740148895789, 20.19588245020584 ], [ -155.606413489019275, 20.193951450278952 ], [ -155.604080489093235, 20.193032450281454 ], [ -155.601837489166627, 20.192029450289294 ], [ -155.599326489238223, 20.191448450272798 ], [ -155.597801489286269, 20.190863450273589 ], [ -155.595109489386715, 20.189021450312765 ], [ -155.592687489475878, 20.187429450344982 ], [ -155.590444489550805, 20.186342450356623 ], [ -155.588022489639883, 20.184751450388692 ], [ -155.585779489711541, 20.183832450392476 ], [ -155.582101489848583, 20.181319450445475 ], [ -155.579858489920156, 20.180400450449245 ], [ -155.578782489950783, 20.180150450442088 ], [ -155.576004489993863, 20.181336450338446 ], [ -155.573763490029165, 20.18226745025601 ], [ -155.570625490090663, 20.182949450169652 ], [ -155.56856349013978, 20.182954450133465 ], [ -155.564886490223842, 20.18313345006111 ], [ -155.561748490288466, 20.183646449982604 ], [ -155.558251490382986, 20.183066449948672 ], [ -155.555830490446965, 20.182736449921833 ], [ -155.552960490523191, 20.18232344989104 ], [ -155.548656490635011, 20.181830449838927 ], [ -155.54578649071442, 20.181249449815894 ], [ -155.540764490852894, 20.180252449774674 ], [ -155.538276490926222, 20.179515449765464 ], [ -155.536818490969125, 20.179084449760033 ], [ -155.531258491133173, 20.17741644974037 ], [ -155.526236491286113, 20.175662449733984 ], [ -155.521214491437206, 20.173992449723603 ], [ -155.51789549154492, 20.172486449735292 ], [ -155.515833491604923, 20.171902449726264 ], [ -155.513860491672688, 20.170813449742163 ], [ -155.51251549171414, 20.170312449741772 ], [ -155.510362491784491, 20.169307449750598 ], [ -155.508390491847223, 20.168471449754747 ], [ -155.505431491924838, 20.168057449722081 ], [ -155.504444491952938, 20.167807449716385 ], [ -155.503009491993168, 20.16747444970667 ], [ -155.501485492033794, 20.16722544969149 ], [ -155.500499492056889, 20.167228449674109 ], [ -155.50001149207165, 20.167059449673403 ], [ -155.498376492124635, 20.166311449679323 ], [ -155.496056492185858, 20.165963449654743 ], [ -155.493201492264575, 20.165359449632636 ], [ -155.490078492347919, 20.164839449601956 ], [ -155.486151492448386, 20.164400449553504 ], [ -155.486040492451764, 20.164360449553396 ], [ -155.482051492572737, 20.162947449548611 ], [ -155.478838492656308, 20.162510449512482 ], [ -155.475898492750019, 20.161231449519853 ], [ -155.472242492855486, 20.160201449503148 ], [ -155.4693934929536, 20.158585449527532 ], [ -155.466719493037658, 20.157475449531617 ], [ -155.465030493103654, 20.156117449564377 ], [ -155.462891493171867, 20.155179449569903 ], [ -155.458786493275909, 20.154738449518174 ], [ -155.454594493390204, 20.153875449484154 ], [ -155.450491493504018, 20.152927449455635 ], [ -155.44719249360071, 20.151899449444876 ], [ -155.445595493646721, 20.151442449437727 ], [ -155.443893493695725, 20.150955449430192 ], [ -155.441398493770265, 20.150099449425571 ], [ -155.438191493869681, 20.148818449427861 ], [ -155.436056493950815, 20.147204449464162 ], [ -155.433474494040638, 20.145672449488842 ], [ -155.432876494063578, 20.145210449499459 ] ] ], [ [ [ -158.0320063949695, 21.383720420875239 ], [ -158.032020394969095, 21.383711420875979 ], [ -158.03217539496444, 21.383623420883175 ], [ -158.03220539496354, 21.383605420884592 ], [ -158.032298394960804, 21.383553420888905 ], [ -158.032329394959817, 21.383536420890312 ], [ -158.033075394937356, 21.383117420924648 ], [ -158.033957394910772, 21.382623420965185 ], [ -158.034414394897169, 21.382354420987074 ], [ -158.034660394889755, 21.382220420998159 ], [ -158.035272394871271, 21.381876421026327 ], [ -158.035311394870178, 21.381853421028222 ], [ -158.036051394848016, 21.38142242106327 ], [ -158.036495394834731, 21.381169421083989 ], [ -158.03656139483283, 21.381125421087464 ], [ -158.037003394819465, 21.380881421107556 ], [ -158.037548394803082, 21.38057042113299 ], [ -158.038016394789054, 21.380304421154751 ], [ -158.038499394774476, 21.380035421176931 ], [ -158.038971394760239, 21.379771421198608 ], [ -158.03953139474342, 21.379453421224653 ], [ -158.040261394721142, 21.379061421257198 ], [ -158.041023394697447, 21.378692421288729 ], [ -158.042097394662818, 21.378257421327962 ], [ -158.042153394661028, 21.378234421330006 ], [ -158.043756394609176, 21.377600421387537 ], [ -158.043959394602666, 21.377520421394841 ], [ -158.044804394575351, 21.377185421425231 ], [ -158.046801394510538, 21.376408421496151 ], [ -158.046932394506314, 21.37635842150075 ], [ -158.047977394472525, 21.375944421538389 ], [ -158.048608394452231, 21.375685421561599 ], [ -158.048796394446214, 21.375604421568813 ], [ -158.049446394426013, 21.375286421595924 ], [ -158.049687394418754, 21.375151421607043 ], [ -158.050357394398588, 21.374767421638452 ], [ -158.050616394391056, 21.374603421651518 ], [ -158.051116394376777, 21.374260421678454 ], [ -158.051357394370086, 21.374082421692204 ], [ -158.051889394355527, 21.373671421723721 ], [ -158.05332739431833, 21.372394421819024 ], [ -158.05482739427984, 21.371036421920138 ], [ -158.05486839427877, 21.371000421922794 ], [ -158.055586394260047, 21.370377421969568 ], [ -158.055997394249715, 21.369989421998209 ], [ -158.056286394242278, 21.369727422017746 ], [ -158.05690139422623, 21.369194422057724 ], [ -158.057310394215676, 21.368830422084923 ], [ -158.05745139421208, 21.368700422094559 ], [ -158.057968394198525, 21.36825442212805 ], [ -158.058001394197674, 21.368225422130251 ], [ -158.058656394180787, 21.367636422174169 ], [ -158.059010394171878, 21.36730842219848 ], [ -158.059658394155122, 21.366731422241617 ], [ -158.059915394148561, 21.366498422258939 ], [ -158.060044394145251, 21.366382422267591 ], [ -158.060083394144215, 21.366348422270164 ], [ -158.060253394139664, 21.366207422280802 ], [ -158.060331394137648, 21.366140422285831 ], [ -158.060570394131418, 21.365931422301518 ], [ -158.060678394128644, 21.365833422308839 ], [ -158.0608153941252, 21.365701422318573 ], [ -158.061197394115453, 21.365356422344306 ], [ -158.061402394110246, 21.365165422358437 ], [ -158.061636394104767, 21.364913422376702 ], [ -158.061917394098629, 21.364581422400438 ], [ -158.062081394095031, 21.364388422414269 ], [ -158.062410394089596, 21.363864422450362 ], [ -158.062534394087834, 21.363644422465356 ], [ -158.062625394086751, 21.363467422477392 ], [ -158.062738394085528, 21.36323842249277 ], [ -158.062867394084691, 21.362935422512972 ], [ -158.062949394084143, 21.362745422525681 ], [ -158.063058394083527, 21.362481422543212 ], [ -158.063116394084346, 21.362255422557826 ], [ -158.063219394087184, 21.361750422590141 ], [ -158.063317394091456, 21.361149422628376 ], [ -158.063835394105865, 21.358601422791473 ], [ -158.064034394110877, 21.357660422851886 ], [ -158.064136394112978, 21.357213422880626 ], [ -158.064214394113606, 21.356946422898019 ], [ -158.064351394114283, 21.356507422926626 ], [ -158.064500394114503, 21.356069422955414 ], [ -158.064698394113492, 21.355585422987609 ], [ -158.064891394112152, 21.355138423017419 ], [ -158.065017394111067, 21.354867423035607 ], [ -158.065263394107973, 21.354402423067153 ], [ -158.065597394103037, 21.353830423106352 ], [ -158.065773394100177, 21.353547423125828 ], [ -158.066021394095401, 21.353206423149761 ], [ -158.066327394089711, 21.352770423180186 ], [ -158.066610394083796, 21.352413423205594 ], [ -158.066687394082095, 21.352324423211972 ], [ -158.067105394072684, 21.351848423246231 ], [ -158.067484394063655, 21.351456423274797 ], [ -158.067595394060874, 21.351348423282765 ], [ -158.067993394050859, 21.350981423310067 ], [ -158.068100394048088, 21.350883423317388 ], [ -158.069413394014873, 21.34966842340771 ], [ -158.069514394012344, 21.349573423414775 ], [ -158.069822394004404, 21.349294423435566 ], [ -158.069925394001785, 21.349201423442516 ], [ -158.070133393996457, 21.349013423456569 ], [ -158.070247393993611, 21.348906423464491 ], [ -158.070515393986852, 21.348657423482983 ], [ -158.071206393969362, 21.348016423530638 ], [ -158.071335393966137, 21.347898423539434 ], [ -158.071529393961157, 21.347721423552613 ], [ -158.0723193939412, 21.346987423607189 ], [ -158.072777393929584, 21.346565423638626 ], [ -158.073641393908133, 21.34573442370003 ], [ -158.075475393861439, 21.344056423825098 ], [ -158.075585393858717, 21.343949423833031 ], [ -158.075925393850071, 21.343635423856394 ], [ -158.076560393833972, 21.343053423899779 ], [ -158.076935393824414, 21.342709423925442 ], [ -158.077246393816608, 21.342417423947111 ], [ -158.077492393810388, 21.342188423964082 ], [ -158.077686393805465, 21.34201042397741 ], [ -158.078474393785143, 21.341309424029902 ], [ -158.078778393777696, 21.341010424051952 ], [ -158.079050393771098, 21.340736424072063 ], [ -158.079326393764404, 21.340459424092444 ], [ -158.079743393754484, 21.34002342412424 ], [ -158.08035839374034, 21.339351424172943 ], [ -158.080387393739699, 21.33931742417543 ], [ -158.080746393731715, 21.338903424205217 ], [ -158.081207393721684, 21.338356424244413 ], [ -158.081789393708817, 21.337675424293309 ], [ -158.082074393702669, 21.33733642431762 ], [ -158.082751393687857, 21.336535424375032 ], [ -158.083496393671567, 21.335655424438155 ], [ -158.083962393661267, 21.335114424477059 ], [ -158.083987393660635, 21.335088424478965 ], [ -158.084045393659295, 21.335029424483352 ], [ -158.084444393650955, 21.33452942451888 ], [ -158.084605393647536, 21.334329424533113 ], [ -158.084710393645167, 21.334212424541608 ], [ -158.084993393637944, 21.333953424560949 ], [ -158.085265393631403, 21.333678424581162 ], [ -158.085455393626432, 21.333512424593632 ], [ -158.085698393619879, 21.333317424608538 ], [ -158.085948393612824, 21.333142424622324 ], [ -158.08613539360735, 21.333022424631899 ], [ -158.086202393605419, 21.332980424635345 ], [ -158.08643739359843, 21.332840424646736 ], [ -158.08668639359081, 21.332705424658009 ], [ -158.086797393587347, 21.332650424662742 ], [ -158.086869393585118, 21.332615424665732 ], [ -158.087087393578031, 21.332530424673603 ], [ -158.087327393570149, 21.332446424681603 ], [ -158.087569393562148, 21.332362424689642 ], [ -158.087764393555545, 21.3323014246957 ], [ -158.088175393541405, 21.332200424706826 ], [ -158.088303393536904, 21.332176424709822 ], [ -158.088484393530393, 21.332150424713586 ], [ -158.088741393521104, 21.332120424718443 ], [ -158.088990393511978, 21.332099424722699 ], [ -158.08924339350267, 21.332079424726892 ], [ -158.089313393499936, 21.33208842472721 ], [ -158.089385393497281, 21.332080424728552 ], [ -158.089461393494332, 21.332084424729217 ], [ -158.089549393491069, 21.332084424730247 ], [ -158.089546393492896, 21.331958424737966 ], [ -158.089544393494066, 21.331872424743249 ], [ -158.089564393497255, 21.331583424761345 ], [ -158.089569393497925, 21.331515424765605 ], [ -158.089573393498569, 21.331459424769136 ], [ -158.089585393499476, 21.331359424775471 ], [ -158.089610393501005, 21.331174424787157 ], [ -158.089628393501812, 21.331062424794283 ], [ -158.089644393502596, 21.330964424800538 ], [ -158.089834393511495, 21.329769424876609 ], [ -158.089908393515543, 21.329259424908983 ], [ -158.089899393516731, 21.329198424912697 ], [ -158.089862393518956, 21.329137424915992 ], [ -158.08992539352144, 21.328774424939162 ], [ -158.089962393522057, 21.328626424948716 ], [ -158.090035393523181, 21.328340424967241 ], [ -158.090052393522967, 21.328306424969576 ], [ -158.090083393523003, 21.328217424975431 ], [ -158.090122393522705, 21.328129424981331 ], [ -158.090166393522736, 21.328005424989531 ], [ -158.090189393522678, 21.327945424993491 ], [ -158.090303393522049, 21.327672425011723 ], [ -158.090432393520786, 21.327406425029665 ], [ -158.090575393518918, 21.327146425047388 ], [ -158.09064139351787, 21.327039425054828 ], [ -158.0907343935163, 21.326893425064927 ], [ -158.090785393515347, 21.326818425070201 ], [ -158.088704393601631, 21.32625442508035 ], [ -158.088680393603198, 21.326203425083175 ], [ -158.088650393605235, 21.326137425086948 ], [ -158.088611393607863, 21.326053425091668 ], [ -158.088588393609399, 21.326003425094484 ], [ -158.088577393610564, 21.32594542509792 ], [ -158.088546393614024, 21.325774425108069 ], [ -158.088536393615243, 21.32571742511151 ], [ -158.088392393631466, 21.324917425159182 ], [ -158.087960393680191, 21.322518425302249 ], [ -158.087817393696412, 21.321719425349876 ], [ -158.088079393707915, 21.320139425450559 ], [ -158.088283393716807, 21.318913425528699 ], [ -158.088293393717322, 21.318850425532712 ], [ -158.088159393769757, 21.31535542574694 ], [ -158.088098393793757, 21.313755425845024 ], [ -158.08808539379632, 21.313608425853921 ], [ -158.088042393805097, 21.313079425886091 ], [ -158.088036393806277, 21.313007425890451 ], [ -158.087892393835745, 21.311239425997893 ], [ -158.087501393915744, 21.306446426289124 ], [ -158.087275393961846, 21.303693426456373 ], [ -158.087070394003888, 21.301178426609159 ], [ -158.086863394026182, 21.300117426672177 ], [ -158.086855394027083, 21.300072426674848 ], [ -158.086750394038489, 21.299530426707054 ], [ -158.086635394050887, 21.298942426741956 ], [ -158.086483394067272, 21.298162426788245 ], [ -158.086331394083686, 21.297382426834549 ], [ -158.086209394096812, 21.296758426871637 ], [ -158.086100394108684, 21.296194426905142 ], [ -158.085995394120005, 21.295653426937264 ], [ -158.085859394132711, 21.295103426969568 ], [ -158.085454394170569, 21.29345542706638 ], [ -158.085320394183185, 21.292906427098661 ], [ -158.085313394184368, 21.292835427102911 ], [ -158.085294394188026, 21.292624427115715 ], [ -158.085288394189178, 21.292554427119978 ], [ -158.084969394249384, 21.289043427332768 ], [ -158.084961394347772, 21.281911427772684 ], [ -158.084928394791575, 21.25000242974026 ], [ -158.084927394792487, 21.249940429744075 ], [ -158.084925394835864, 21.2468424299351 ], [ -158.084933394941459, 21.239283430401176 ], [ -158.091600394709729, 21.237866430570808 ], [ -158.110091394021737, 21.237074430848011 ], [ -158.122268393538178, 21.23865343090079 ], [ -158.134774393010986, 21.242394430823587 ], [ -158.142069392671345, 21.24684043063807 ], [ -158.142268392663823, 21.246840430640525 ], [ -158.144525392555806, 21.248420430570377 ], [ -158.146782392447875, 21.250000430500176 ], [ -158.149268392328878, 21.251740430422821 ], [ -158.150017392289698, 21.252504430384647 ], [ -158.154068392077676, 21.256639430177888 ], [ -158.157645391879754, 21.26106142994724 ], [ -158.159568391773291, 21.263439429823162 ], [ -158.161168391656702, 21.267439429594315 ], [ -158.164368391466667, 21.272338429329078 ], [ -158.176817390326249, 21.320821426464395 ], [ -158.182063389849588, 21.341250425254614 ], [ -158.182757389786673, 21.343954425094346 ], [ -158.183267389740536, 21.345938424976751 ], [ -158.186977389529716, 21.351065424700899 ], [ -158.188615389436677, 21.353327424579124 ], [ -158.18864538943501, 21.353369424576858 ], [ -158.188736389429806, 21.353495424570106 ], [ -158.188767389428023, 21.35353742456784 ], [ -158.190224389368325, 21.353828424566753 ], [ -158.193267389243545, 21.35443742456453 ], [ -158.201366388895423, 21.357236424484888 ], [ -158.204486388761211, 21.358316424454006 ], [ -158.206566388671689, 21.35903642443343 ], [ -158.212566388403758, 21.361835424328802 ], [ -158.217766388167803, 21.364535424220868 ], [ -158.222166387949187, 21.3682354240409 ], [ -158.228297387623144, 21.375006423688703 ], [ -158.228866387592888, 21.375634423656024 ], [ -158.231866387404438, 21.381134423346559 ], [ -158.235224387175492, 21.388667422913713 ], [ -158.235566387152232, 21.389434422869638 ], [ -158.237066386985191, 21.397734422366987 ], [ -158.238566386855211, 21.403234422039564 ], [ -158.238860386822552, 21.404863421940828 ], [ -158.239744386724567, 21.409752421644495 ], [ -158.240039386691876, 21.411382421545742 ], [ -158.240066386688852, 21.411534421536533 ], [ -158.241396386628651, 21.412217421508903 ], [ -158.245798386429072, 21.414479421417315 ], [ -158.246507386375271, 21.416507421298217 ], [ -158.247266386313328, 21.419014421149623 ], [ -158.2490413862362, 21.419670421128693 ], [ -158.252025386094545, 21.42169142103586 ], [ -158.252941386051049, 21.422312421007273 ], [ -158.257658385826716, 21.425533420858677 ], [ -158.263763385493775, 21.432992420459396 ], [ -158.263778385492827, 21.433022420457682 ], [ -158.266262385333278, 21.437927420177466 ], [ -158.268039385219168, 21.441436419976945 ], [ -158.268346385199465, 21.442041419942367 ], [ -158.275016384861857, 21.448181419631236 ], [ -158.276255384799128, 21.449322419573409 ], [ -158.276462384787067, 21.449635419556049 ], [ -158.278632384660767, 21.452918419373795 ], [ -158.28134138450315, 21.457016419146164 ], [ -158.281463384496021, 21.457201419135878 ], [ -158.285949384220089, 21.465167418684299 ], [ -158.287950384078869, 21.470156418392229 ], [ -158.289779383949821, 21.474717418125135 ], [ -158.290132383924941, 21.475599418073443 ], [ -158.290279383914623, 21.475965418051992 ], [ -158.290513383874583, 21.478410417900495 ], [ -158.290604383859034, 21.479356417841871 ], [ -158.291562383695549, 21.489361417221645 ], [ -158.290178383655643, 21.496825416735792 ], [ -158.293267383535436, 21.49682441676978 ], [ -158.301367383219997, 21.496821416858953 ], [ -158.30121338320609, 21.49841141675687 ], [ -158.301059383192126, 21.50000141665484 ], [ -158.300117383107278, 21.509730416030404 ], [ -158.298667382977612, 21.524721415068264 ], [ -158.317267382076921, 21.538911414372361 ], [ -158.317653382058893, 21.539151414361353 ], [ -158.328666381544167, 21.546003414046002 ], [ -158.335066381195816, 21.553997413608133 ], [ -158.339565380942815, 21.560292413257169 ], [ -158.340102380911731, 21.561118413210465 ], [ -158.342165380792295, 21.564289413031343 ], [ -158.344065380651131, 21.569786412702872 ], [ -158.344664380532123, 21.577682412208322 ], [ -158.344664380465929, 21.583180411859477 ], [ -158.342163380467952, 21.591178411325775 ], [ -158.339562380504162, 21.596678410949611 ], [ -158.335062380586379, 21.604576410401737 ], [ -158.329961380729173, 21.609377410044281 ], [ -158.327735380787061, 21.611837409865235 ], [ -158.324261380877573, 21.615678409585829 ], [ -158.31976038103474, 21.61728040943779 ], [ -158.311959381286528, 21.621783409072098 ], [ -158.309759381372373, 21.621784409049365 ], [ -158.301924381678219, 21.621790408968234 ], [ -158.289606382116318, 21.625367408615318 ], [ -158.278170382532238, 21.627845408341319 ], [ -158.267698382936601, 21.628068408219814 ], [ -158.247251383694135, 21.631089407819879 ], [ -158.230236384355379, 21.630819407662745 ], [ -158.214973384917641, 21.633108407362901 ], [ -158.199618385492982, 21.634477407120233 ], [ -158.187006385999922, 21.632577407110556 ], [ -158.175019386466516, 21.632012407023552 ], [ -158.166508386745619, 21.636039406684869 ], [ -158.155511387123369, 21.639735406341966 ], [ -158.148860387351192, 21.642002406132832 ], [ -158.144523387459571, 21.646942405780443 ], [ -158.139214387589647, 21.653220405334988 ], [ -158.135077387702381, 21.657132405049232 ], [ -158.13416738772716, 21.657992404986416 ], [ -158.133403387749752, 21.658561404943271 ], [ -158.128319387900035, 21.662348404656054 ], [ -158.128078387907635, 21.662480404645407 ], [ -158.126149387968894, 21.663547404559502 ], [ -158.122257388092407, 21.665701404386279 ], [ -158.12132838814037, 21.664599404445649 ], [ -158.120608388177203, 21.663778404489577 ], [ -158.120243388265408, 21.657308404889083 ], [ -158.119058388271327, 21.660715404664902 ], [ -158.11820638828533, 21.662318404556448 ], [ -158.117358388299294, 21.663914404448526 ], [ -158.116468388320243, 21.665042404369348 ], [ -158.114758388360372, 21.667213404217048 ], [ -158.114269388362231, 21.668679404120837 ], [ -158.113815388363889, 21.67004240403136 ], [ -158.113557388364882, 21.670813403980809 ], [ -158.112958388367133, 21.672611403862884 ], [ -158.112755388369095, 21.673116403829372 ], [ -158.11245438837193, 21.673871403779383 ], [ -158.111639388379757, 21.675904403644616 ], [ -158.110357388392003, 21.679108403432327 ], [ -158.108876388417087, 21.681854403246614 ], [ -158.107838388434658, 21.68378340311623 ], [ -158.10685738845126, 21.685605402993083 ], [ -158.103996388499894, 21.690914402634291 ], [ -158.103357388510744, 21.692102402553992 ], [ -158.099857388582762, 21.697500402183543 ], [ -158.095557388684171, 21.702998401799203 ], [ -158.088567388876584, 21.709485401327299 ], [ -158.088557388876808, 21.709495401326599 ], [ -158.083358389038068, 21.712695401076932 ], [ -158.081773389084844, 21.713883400987665 ], [ -158.078958389167894, 21.715994400829032 ], [ -158.071958389397167, 21.719194400562305 ], [ -158.067658389498746, 21.724691400179243 ], [ -158.062358389639257, 21.730089399792917 ], [ -158.057158389776021, 21.735486399407947 ], [ -158.050158389991736, 21.739884399068007 ], [ -158.04495839017676, 21.740885398956117 ], [ -158.040558390330432, 21.741985398845852 ], [ -158.035358390514119, 21.743086398727907 ], [ -158.030958390679587, 21.743087398685777 ], [ -158.025145390863997, 21.746203398437356 ], [ -158.024058390898432, 21.74678639839092 ], [ -158.008249391398834, 21.755307397713619 ], [ -157.997258391742236, 21.761594397221181 ], [ -157.991762391933065, 21.762968397084414 ], [ -157.97833239243451, 21.763000396955704 ], [ -157.955083393348161, 21.758627397005458 ], [ -157.941799393885702, 21.754582397128431 ], [ -157.931611394333203, 21.748185397424614 ], [ -157.930263394398509, 21.746777397498242 ], [ -157.927904394494561, 21.745985397524425 ], [ -157.924227394658374, 21.743454397644641 ], [ -157.921959394765025, 21.741379397750276 ], [ -157.913916395155411, 21.732897398193234 ], [ -157.910531395319765, 21.729326398379527 ], [ -157.909259395381525, 21.727984398449486 ], [ -157.905359395553063, 21.725484398565055 ], [ -157.900459395760379, 21.723084398664721 ], [ -157.900433395761581, 21.72306039866595 ], [ -157.900012395781403, 21.722676398685397 ], [ -157.898159395868362, 21.720984398771044 ], [ -157.896459395960903, 21.718285398919708 ], [ -157.894259396080741, 21.714786399112391 ], [ -157.891460396213802, 21.712086399250349 ], [ -157.888160396358671, 21.709986399346672 ], [ -157.884760396507204, 21.707885399442002 ], [ -157.881460396658696, 21.705186399574746 ], [ -157.876798396921799, 21.69696240003131 ], [ -157.876360396946581, 21.696189400074207 ], [ -157.872260397212699, 21.685892400662109 ], [ -157.870800397292783, 21.683544400790936 ], [ -157.866422397532943, 21.676501401177109 ], [ -157.865481397584603, 21.674987401260065 ], [ -157.865004397611841, 21.67413040130759 ], [ -157.861670397801959, 21.668143401639259 ], [ -157.86022539788442, 21.665547401783023 ], [ -157.854218398278647, 21.65029340265157 ], [ -157.85381739830612, 21.649173402715743 ], [ -157.851508398464802, 21.642722403084942 ], [ -157.847458398743527, 21.631404403732265 ], [ -157.844163398975383, 21.621807404282059 ], [ -157.843212399023088, 21.620690404340223 ], [ -157.840359399166346, 21.617342404514588 ], [ -157.839409399214048, 21.616226404572654 ], [ -157.83726339932187, 21.613706404703755 ], [ -157.834363399441742, 21.612506404746998 ], [ -157.834157399450504, 21.61240240475119 ], [ -157.831963399543355, 21.611305404795377 ], [ -157.824563399862399, 21.607104404974457 ], [ -157.818663400120727, 21.603403405138319 ], [ -157.817031400195788, 21.602067405202497 ], [ -157.814263400323199, 21.599803405311228 ], [ -157.811566400439318, 21.598270405376333 ], [ -157.810662400478236, 21.597756405398169 ], [ -157.809863400512683, 21.597302405417416 ], [ -157.808192400590286, 21.595870405486892 ], [ -157.807403400626924, 21.595194405519688 ], [ -157.806607400663893, 21.59451140555284 ], [ -157.804963400740263, 21.593102405621131 ], [ -157.804282400773303, 21.592397405656779 ], [ -157.803554400808622, 21.591644405694804 ], [ -157.802063400881025, 21.590102405772711 ], [ -157.799121401037951, 21.58586340599868 ], [ -157.798663401062385, 21.585203406033802 ], [ -157.797164401166498, 21.581004406272168 ], [ -157.795164401297285, 21.576105406547494 ], [ -157.79376440139805, 21.571906406786695 ], [ -157.793264401460306, 21.568207407004937 ], [ -157.791710401550091, 21.565409407157723 ], [ -157.79126440157583, 21.564607407201471 ], [ -157.790264401649182, 21.561508407378206 ], [ -157.788590401741573, 21.558864407520304 ], [ -157.788364401754023, 21.558508407539456 ], [ -157.788151401765589, 21.558188407556511 ], [ -157.786810401838324, 21.55617840766379 ], [ -157.786364401862471, 21.555508407699524 ], [ -157.784812401955008, 21.552486407865622 ], [ -157.784464401975782, 21.55180940790283 ], [ -157.782965402066196, 21.548810408068025 ], [ -157.780965402189253, 21.544610408300251 ], [ -157.779980402237271, 21.543584408351755 ], [ -157.778565402306299, 21.542111408425598 ], [ -157.777608402352485, 21.541154408473197 ], [ -157.777569402354374, 21.541115408475118 ], [ -157.777454402359922, 21.541000408480844 ], [ -157.777416402361752, 21.540962408482716 ], [ -157.776165402422151, 21.539711408544932 ], [ -157.775013402477214, 21.538605408599398 ], [ -157.774374402507732, 21.537992408629545 ], [ -157.773665402541639, 21.537311408663083 ], [ -157.768265402796203, 21.532411408900977 ], [ -157.765023402950817, 21.529323409052466 ], [ -157.761945403097599, 21.526392409196138 ], [ -157.750938403615692, 21.516461409675962 ], [ -157.747265403762071, 21.515310409705787 ], [ -157.741142403957099, 21.517379409515883 ], [ -157.727738404409308, 21.51978740922787 ], [ -157.712650404938159, 21.520786409006725 ], [ -157.712188404954333, 21.520817408999928 ], [ -157.706492405173606, 21.519563409014228 ], [ -157.702627405322204, 21.518712409023856 ], [ -157.692710405740712, 21.513472409231234 ], [ -157.683507406138432, 21.507810409470984 ], [ -157.677791406415309, 21.501856409765079 ], [ -157.673000406609276, 21.499958409826757 ], [ -157.660963407076366, 21.4967924098857 ], [ -157.659945407125093, 21.4957744099354 ], [ -157.658863407176881, 21.494692409988193 ], [ -157.656728407274841, 21.492902410071814 ], [ -157.655763407319085, 21.492092410109628 ], [ -157.65566540732442, 21.491943410117422 ], [ -157.653663407433186, 21.48889341027747 ], [ -157.650563407590255, 21.485093410470121 ], [ -157.650012407620721, 21.484212410516598 ], [ -157.648563407700834, 21.481894410638841 ], [ -157.647740407746852, 21.480541410710433 ], [ -157.645463407874132, 21.476795410908515 ], [ -157.642863408022293, 21.472296411147816 ], [ -157.641263408142663, 21.467197411433599 ], [ -157.640763408216628, 21.462698411695662 ], [ -157.641863408234087, 21.458200411975209 ], [ -157.643364408236209, 21.453802412253292 ], [ -157.645464408226047, 21.448705412579613 ], [ -157.647464408195503, 21.445507412791937 ], [ -157.649501408162564, 21.442404412999089 ], [ -157.649565408161493, 21.442308413005463 ], [ -157.650013408152631, 21.441756413043294 ], [ -157.652165408109823, 21.439110413224604 ], [ -157.650014408223996, 21.43612241337847 ], [ -157.648565408300925, 21.434110413481974 ], [ -157.646425408412085, 21.431328413623604 ], [ -157.645565408456775, 21.430211413680393 ], [ -157.642465408614981, 21.426411413871634 ], [ -157.640947408714709, 21.422807414068838 ], [ -157.640865408720146, 21.422611414079604 ], [ -157.638565408862917, 21.41781241433889 ], [ -157.63822340889638, 21.416144414434111 ], [ -157.637784408939297, 21.414007414556089 ], [ -157.637765408941135, 21.413913414561467 ], [ -157.636265409055824, 21.409113414829655 ], [ -157.635807409089324, 21.407770414904189 ], [ -157.635105409140664, 21.405706415018848 ], [ -157.63466540917284, 21.404414415090557 ], [ -157.634179409218433, 21.402213415215755 ], [ -157.633166409313532, 21.397615415477159 ], [ -157.632366409402636, 21.392916415746978 ], [ -157.632366409420484, 21.391536415828782 ], [ -157.632366409440209, 21.390017415918955 ], [ -157.631227409503367, 21.388254416010632 ], [ -157.629266409612114, 21.385217416168416 ], [ -157.628466409689707, 21.381418416384584 ], [ -157.628466409752264, 21.376619416669172 ], [ -157.625966409861604, 21.375006416736163 ], [ -157.625366409887846, 21.374619416752253 ], [ -157.622266410022064, 21.372718416829418 ], [ -157.622266410033831, 21.37181941688269 ], [ -157.620066410165578, 21.3676794171027 ], [ -157.615334410411549, 21.361648417405434 ], [ -157.608234410774656, 21.353057417831881 ], [ -157.607896410795206, 21.352398417866958 ], [ -157.607099410843773, 21.350846417949533 ], [ -157.604709410989329, 21.346191418197126 ], [ -157.603913411037894, 21.344640418279589 ], [ -157.603467411065054, 21.343772418325749 ], [ -157.602313411135412, 21.341524418445228 ], [ -157.602223411143655, 21.341138418467022 ], [ -157.602003411163963, 21.34018941852057 ], [ -157.601852411177873, 21.33954141855709 ], [ -157.601400411219572, 21.337597418666729 ], [ -157.601250411233423, 21.336950418703228 ], [ -157.600187411331603, 21.332377418961102 ], [ -157.598736411465865, 21.326127419313387 ], [ -157.598027411592824, 21.31849441975594 ], [ -157.597594411670599, 21.313820420026875 ], [ -157.607649411317084, 21.31382342014523 ], [ -157.622268410802093, 21.313829420317145 ], [ -157.637815410252358, 21.313891420496784 ], [ -157.644254410024274, 21.313918420571127 ], [ -157.647871409896084, 21.313932420612911 ], [ -157.648981409896123, 21.311007420799619 ], [ -157.649178409892556, 21.310752420817035 ], [ -157.64977240988182, 21.30998742086944 ], [ -157.649971409878191, 21.309733420886882 ], [ -157.650201409872494, 21.309555420900175 ], [ -157.650894409855084, 21.309023420939926 ], [ -157.651125409849271, 21.308846420953195 ], [ -157.651419409841282, 21.308667420967296 ], [ -157.651459409840186, 21.308643420969187 ], [ -157.651515409838169, 21.308646420969669 ], [ -157.652444409804531, 21.308700420977427 ], [ -157.652789409792035, 21.308720420980318 ], [ -157.652830409790425, 21.308733420980076 ], [ -157.652806409790628, 21.308784420976739 ], [ -157.652784409790513, 21.308847420972739 ], [ -157.652798409789085, 21.308916420968814 ], [ -157.652802409788507, 21.308950420966823 ], [ -157.652822409787092, 21.308999420964117 ], [ -157.652859409785066, 21.309054420961321 ], [ -157.652933409781696, 21.309109420958944 ], [ -157.65301740977867, 21.309113420959683 ], [ -157.65309740977608, 21.309096420961666 ], [ -157.653165409773919, 21.309078420963527 ], [ -157.653254409771023, 21.309058420965762 ], [ -157.6533304097685, 21.309044420967478 ], [ -157.653419409765434, 21.309037420968949 ], [ -157.653484409763138, 21.309039420969608 ], [ -157.653543409760772, 21.309057420969246 ], [ -157.653608409758107, 21.309086420968267 ], [ -157.653693409754084, 21.30916342096474 ], [ -157.653762409750925, 21.309215420962438 ], [ -157.653823409748128, 21.309259420960565 ], [ -157.653920409744018, 21.309315420958345 ], [ -157.654015409739912, 21.309364420956616 ], [ -157.654094409736729, 21.309392420955877 ], [ -157.654181409733269, 21.309425420954899 ], [ -157.654276409729363, 21.309461420953934 ], [ -157.654355409726151, 21.309488420953251 ], [ -157.654440409723065, 21.309500420953569 ], [ -157.654511409720527, 21.309499420954452 ], [ -157.654587409717806, 21.309501420955236 ], [ -157.654668409715072, 21.309495420956498 ], [ -157.654756409712121, 21.309480420958476 ], [ -157.654816409710122, 21.309470420959745 ], [ -157.654909409707017, 21.309457420961643 ], [ -157.654982409704786, 21.309427420964258 ], [ -157.655037409703283, 21.309396420966795 ], [ -157.655129409700777, 21.309340420971228 ], [ -157.655242409697735, 21.309269420976712 ], [ -157.655302409696134, 21.309230420979777 ], [ -157.655384409693909, 21.309178420983795 ], [ -157.65546640969157, 21.309137420987195 ], [ -157.655520409689984, 21.309116420989145 ], [ -157.655573409688088, 21.309113420989899 ], [ -157.655650409685393, 21.309113420990801 ], [ -157.655686409684051, 21.309117420991033 ], [ -157.655751409681642, 21.309124420991367 ], [ -157.655857409677424, 21.309160420990516 ], [ -157.655955409673652, 21.30918142099037 ], [ -157.656054409670219, 21.309175420991913 ], [ -157.656133409667433, 21.309173420992959 ], [ -157.656209409664569, 21.309188420992992 ], [ -157.656298409661161, 21.30920742099293 ], [ -157.65636940965851, 21.309217420993146 ], [ -157.656408409657104, 21.309217420993619 ], [ -157.656469409655074, 21.309206420995 ], [ -157.656521409653237, 21.309207420995563 ], [ -157.656602409650617, 21.30918842099765 ], [ -157.65664840964908, 21.309177420998804 ], [ -157.656708409647109, 21.309165421000269 ], [ -157.656778409644858, 21.309154421001715 ], [ -157.6568144096438, 21.309138421003126 ], [ -157.656873409642202, 21.309099421006128 ], [ -157.656927409640815, 21.309061421009005 ], [ -157.656984409639449, 21.309014421012471 ], [ -157.65703740963815, 21.308971421015645 ], [ -157.657080409637018, 21.308939421018078 ], [ -157.657118409635814, 21.308929421019094 ], [ -157.6571424096351, 21.308919421020022 ], [ -157.657210409633052, 21.30889142102248 ], [ -157.657294409630282, 21.308877421024281 ], [ -157.657348409628753, 21.308846421026779 ], [ -157.657314409631965, 21.30869942103508 ], [ -157.657312409632851, 21.308638421038669 ], [ -157.65862440958233, 21.308938421036419 ], [ -157.66044040952869, 21.30813742110545 ], [ -157.660801409512146, 21.308415421093166 ], [ -157.662260409445281, 21.309537421043775 ], [ -157.663066409419372, 21.309337421065198 ], [ -157.665696409296459, 21.311535420965686 ], [ -157.668016409200646, 21.312534420933709 ], [ -157.669962409105693, 21.314456420842468 ], [ -157.671255409042629, 21.315733420781719 ], [ -157.672363408982932, 21.317245420704914 ], [ -157.672417408981062, 21.317242420705703 ], [ -157.672468408979313, 21.317238420706538 ], [ -157.67252740897726, 21.317233420707549 ], [ -157.672588408975116, 21.317234420708203 ], [ -157.672630408973419, 21.317248420707902 ], [ -157.672669408971984, 21.317252420708108 ], [ -157.672724408969941, 21.317259420708329 ], [ -157.672754408968871, 21.31726042070861 ], [ -157.672780408967924, 21.317262420708797 ], [ -157.672838408965646, 21.317276420708648 ], [ -157.672879408964178, 21.317277420709072 ], [ -157.67291940896277, 21.317277420709555 ], [ -157.67299340895994, 21.317292420709553 ], [ -157.673045408957961, 21.317303420709468 ], [ -157.673093408956134, 21.317310420709674 ], [ -157.673134408954667, 21.31731342070999 ], [ -157.67316540895348, 21.317320420709891 ], [ -157.673191408952533, 21.317320420710196 ], [ -157.673219408951411, 21.317330420709904 ], [ -157.673284408949087, 21.317328420710812 ], [ -157.673348408946566, 21.317348420710385 ], [ -157.673423408943648, 21.317367420710127 ], [ -157.673467408942003, 21.317377420710052 ], [ -157.673550408938468, 21.317417420708647 ], [ -157.673630408935225, 21.31744742070785 ], [ -157.67368440893307, 21.317463420707494 ], [ -157.673733408931184, 21.317476420707315 ], [ -157.673799408928687, 21.317485420707527 ], [ -157.673866408926159, 21.317497420707664 ], [ -157.673909408924402, 21.317515420707075 ], [ -157.673985408921169, 21.317555420705578 ], [ -157.674017408919781, 21.317571420705004 ], [ -157.674089408916899, 21.317596420704355 ], [ -157.674199408912273, 21.317648420702589 ], [ -157.674304408907972, 21.317693420701151 ], [ -157.674361408905668, 21.317713420700581 ], [ -157.674432408902732, 21.317745420699563 ], [ -157.674538408898172, 21.317805420697205 ], [ -157.674587408896002, 21.317834420696084 ], [ -157.674637408893716, 21.317871420694438 ], [ -157.674691408891363, 21.317908420692905 ], [ -157.674747408888805, 21.317948420691206 ], [ -157.674777408887479, 21.317965420690534 ], [ -157.674831408885012, 21.318007420688637 ], [ -157.674893408882212, 21.318053420686695 ], [ -157.674922408880803, 21.318075420685663 ], [ -157.675029408876014, 21.31815142068244 ], [ -157.675110408872541, 21.318198420680591 ], [ -157.675218408867778, 21.3182684206777 ], [ -157.67527140886537, 21.318305420676129 ], [ -157.6753204088632, 21.31833742067478 ], [ -157.675359408861453, 21.318364420673625 ], [ -157.675381408860403, 21.3183844206727 ], [ -157.675402408859554, 21.318391420672576 ], [ -157.675429408858349, 21.318410420671707 ], [ -157.675473408856448, 21.318435420670738 ], [ -157.675513408854755, 21.31845442067009 ], [ -157.67560140885098, 21.318504420668187 ], [ -157.675655408848513, 21.318542420666532 ], [ -157.675678408847517, 21.318560420665737 ], [ -157.675758408843905, 21.318614420663458 ], [ -157.675860408839384, 21.318683420660523 ], [ -157.675921408836501, 21.318733420658329 ], [ -157.676017408832337, 21.318792420655917 ], [ -157.676055408830678, 21.318814420655038 ], [ -157.676095408829013, 21.318836420654222 ], [ -157.676150408826572, 21.31887242065272 ], [ -157.676201408824369, 21.318898420651781 ], [ -157.676274408821058, 21.318953420649365 ], [ -157.67630340881982, 21.318966420648945 ], [ -157.676362408817198, 21.319003420647466 ], [ -157.676438408813823, 21.319054420645312 ], [ -157.676511408810626, 21.319101420643374 ], [ -157.676599408806737, 21.319158420641042 ], [ -157.676666408803783, 21.319198420639392 ], [ -157.67671640880161, 21.31922842063824 ], [ -157.676781408798746, 21.319269420636569 ], [ -157.676843408796088, 21.319304420635195 ], [ -157.676919408792685, 21.319356420632996 ], [ -157.676983408789908, 21.319392420631623 ], [ -157.677005408788887, 21.319411420630743 ], [ -157.6770864087853, 21.31946542062845 ], [ -157.677173408781471, 21.319517420626443 ], [ -157.677248408778155, 21.319569420624205 ], [ -157.677326408774604, 21.319625420621769 ], [ -157.677383408772101, 21.319660420620394 ], [ -157.677434408769926, 21.319688420619283 ], [ -157.677479408767994, 21.319713420618339 ], [ -157.677538408765514, 21.319742420617359 ], [ -157.677588408763341, 21.319771420616188 ], [ -157.677618408761901, 21.319798420614909 ], [ -157.677661408759747, 21.3198444206127 ], [ -157.67769640875801, 21.319882420610863 ], [ -157.677727408756482, 21.319913420609385 ], [ -157.677789408753654, 21.319958420607414 ], [ -157.677833408751724, 21.319985420606322 ], [ -157.67788640874943, 21.320022420604765 ], [ -157.677938408747025, 21.320057420603312 ], [ -157.677997408744488, 21.320092420601899 ], [ -157.678095408740347, 21.320138420600312 ], [ -157.678174408737135, 21.320169420599377 ], [ -157.678234408734795, 21.320188420598956 ], [ -157.678286408732703, 21.320204420598628 ], [ -157.678363408729723, 21.320222420598494 ], [ -157.67844240872671, 21.320237420598541 ], [ -157.678516408723908, 21.320251420598535 ], [ -157.678588408721112, 21.320265420598563 ], [ -157.678687408717281, 21.320290420598241 ], [ -157.678738408715219, 21.320305420597958 ], [ -157.678795408712944, 21.32032642059734 ], [ -157.678855408710774, 21.320329420597911 ], [ -157.678894408709198, 21.320341420597643 ], [ -157.678945408707364, 21.320346420597904 ], [ -157.679007408705075, 21.320351420598406 ], [ -157.679060408703094, 21.320361420598395 ], [ -157.679102408701596, 21.320364420598711 ], [ -157.679177408698706, 21.320372420599153 ], [ -157.679224408697024, 21.320375420599508 ], [ -157.679289408694615, 21.320383420599793 ], [ -157.679357408692027, 21.320392420600033 ], [ -157.679410408690018, 21.320404420599978 ], [ -157.679433408689164, 21.320407420600052 ], [ -157.679516408685885, 21.320430420599649 ], [ -157.679597408682866, 21.320444420599792 ], [ -157.679670408680096, 21.320457420599855 ], [ -157.679724408678283, 21.320448420601043 ], [ -157.679766408676613, 21.320460420600796 ], [ -157.679827408674328, 21.320469420601011 ], [ -157.679928408670463, 21.32049042060094 ], [ -157.679987408668183, 21.320501420600959 ], [ -157.680097408664039, 21.320520420601149 ], [ -157.680196408660294, 21.320537420601291 ], [ -157.680274408657283, 21.320551420601372 ], [ -157.680380408653321, 21.320567420601666 ], [ -157.680460408650447, 21.320571420602356 ], [ -157.680527408648004, 21.320573420603036 ], [ -157.680574408646294, 21.320580420603193 ], [ -157.680655408643275, 21.320588420603656 ], [ -157.680732408640466, 21.320595420604143 ], [ -157.680807408637662, 21.320601420604699 ], [ -157.680882408634886, 21.320613420604825 ], [ -157.680936408633073, 21.320608420605772 ], [ -157.68099240863117, 21.320598420607055 ], [ -157.681222408622517, 21.320632420607712 ], [ -157.681290408620242, 21.320618420609335 ], [ -157.681370408617397, 21.320620420610194 ], [ -157.681447408614815, 21.320608420611787 ], [ -157.681541408611679, 21.320591420613898 ], [ -157.681605408609698, 21.320571420615828 ], [ -157.681694408606631, 21.320564420617313 ], [ -157.681719408605915, 21.3205534206183 ], [ -157.681756408604684, 21.320546420619099 ], [ -157.681785408603758, 21.320534420620199 ], [ -157.681822408602557, 21.320527420621008 ], [ -157.681854408601595, 21.320514420622192 ], [ -157.681874408600976, 21.320509420622734 ], [ -157.682024408596163, 21.320469420626861 ], [ -157.682061408595189, 21.3204444206288 ], [ -157.682083408594593, 21.320430420629862 ], [ -157.682106408593938, 21.320417420630942 ], [ -157.682137408593007, 21.320403420632111 ], [ -157.682168408592077, 21.320390420633242 ], [ -157.682196408591295, 21.320376420634432 ], [ -157.682245408589608, 21.320371420635265 ], [ -157.682258408589178, 21.320366420635718 ], [ -157.682381408585371, 21.320327420639533 ], [ -157.682436408583612, 21.320310420641196 ], [ -157.682471408582558, 21.3202964206424 ], [ -157.682496408581784, 21.320287420643254 ], [ -157.682592408579012, 21.320245420646891 ], [ -157.682640408577527, 21.320222420648825 ], [ -157.68267940857632, 21.320210420649971 ], [ -157.682713408575268, 21.320201420650918 ], [ -157.682741408574458, 21.320185420652187 ], [ -157.682833408571696, 21.320145420655642 ], [ -157.682887408570053, 21.320125420657522 ], [ -157.682888408569852, 21.320139420656663 ], [ -157.682920408568862, 21.320129420657668 ], [ -157.68297840856701, 21.32010942065952 ], [ -157.683028408565434, 21.320095420660941 ], [ -157.683067408564256, 21.320079420662328 ], [ -157.68312040856253, 21.320066420663753 ], [ -157.683134408562097, 21.320067420663872 ], [ -157.683176408560712, 21.320056420664972 ], [ -157.683235408558744, 21.320044420666427 ], [ -157.683284408557085, 21.320038420667359 ], [ -157.683353408554723, 21.320029420668682 ], [ -157.683529408548878, 21.319999420672559 ], [ -157.683616408545959, 21.319986420674326 ], [ -157.683694408543403, 21.319970420676249 ], [ -157.683723408542448, 21.319965420676841 ], [ -157.683774408540842, 21.319950420678385 ], [ -157.683823408539268, 21.319938420679634 ], [ -157.683864408537886, 21.319933420680428 ], [ -157.683914408536168, 21.319926420681455 ], [ -157.683972408534231, 21.319917420682643 ], [ -157.684020408532604, 21.31991142068356 ], [ -157.684064408531128, 21.319905420684453 ], [ -157.684116408529263, 21.319904420685134 ], [ -157.684180408527226, 21.319890420686697 ], [ -157.684249408524778, 21.319886420687762 ], [ -157.684299408523003, 21.319884420688478 ], [ -157.684369408520496, 21.319888420689054 ], [ -157.684434408518086, 21.319892420689552 ], [ -157.684480408516492, 21.319889420690306 ], [ -157.684518408515117, 21.319894420690453 ], [ -157.684588408512496, 21.319902420690813 ], [ -157.68465040851018, 21.31991342069087 ], [ -157.684740408506855, 21.319920420691496 ], [ -157.684805408504502, 21.319924420692072 ], [ -157.684849408502942, 21.319921420692722 ], [ -157.684909408500687, 21.319934420692672 ], [ -157.684995408496889, 21.319988420690443 ], [ -157.685056408494205, 21.32002442068903 ], [ -157.685092408492693, 21.320042420688392 ], [ -157.68513240849083, 21.320074420686939 ], [ -157.685193408488146, 21.320113420685352 ], [ -157.685239408486069, 21.320149420683776 ], [ -157.685291408483579, 21.320191420681841 ], [ -157.685341408481179, 21.320239420679616 ], [ -157.685362408480017, 21.320271420677948 ], [ -157.685371408479455, 21.320289420676975 ], [ -157.685406408477547, 21.32033742067453 ], [ -157.685432408476089, 21.320378420672405 ], [ -157.685448408475025, 21.320414420670421 ], [ -157.685455408474297, 21.320448420668509 ], [ -157.685459408473776, 21.320476420666864 ], [ -157.685463408473396, 21.320499420665531 ], [ -157.685466408472848, 21.320526420663942 ], [ -157.685467408472562, 21.320546420662776 ], [ -157.685462408472233, 21.320584420660484 ], [ -157.685460408472068, 21.320604420659265 ], [ -157.685455408471853, 21.320631420657591 ], [ -157.685442408471715, 21.320677420654693 ], [ -157.685417408471778, 21.320739420650728 ], [ -157.685413408471504, 21.320767420649005 ], [ -157.685394408471495, 21.32082242064547 ], [ -157.685381408471358, 21.320865420642793 ], [ -157.685365408471341, 21.320909420639964 ], [ -157.685364408471173, 21.320923420639126 ], [ -157.685362408470837, 21.320954420637253 ], [ -157.685348408470901, 21.320989420635026 ], [ -157.685343408470516, 21.321028420632661 ], [ -157.68534840847002, 21.321052420631265 ], [ -157.685365408468925, 21.321089420629249 ], [ -157.685385408467965, 21.321110420628226 ], [ -157.68540640846706, 21.321119420627994 ], [ -157.685436408465733, 21.321138420627204 ], [ -157.6854754084641, 21.321158420626418 ], [ -157.685547408461133, 21.32118542062571 ], [ -157.685626408458063, 21.321205420625461 ], [ -157.685642408457426, 21.321209420625387 ], [ -157.685703408454941, 21.32123442062462 ], [ -157.685763408452573, 21.321251420624332 ], [ -157.685817408450447, 21.321267420623975 ], [ -157.685839408449596, 21.321271420623976 ], [ -157.685881408447926, 21.321284420623723 ], [ -157.685911408446771, 21.321293420623544 ], [ -157.685964408444619, 21.321311420623068 ], [ -157.686039408441587, 21.32133742062242 ], [ -157.686129408438006, 21.321367420621723 ], [ -157.686185408435705, 21.321391420620941 ], [ -157.686236408433558, 21.321411420620347 ], [ -157.686275408432039, 21.321424420620016 ], [ -157.686330408429853, 21.321440420619723 ], [ -157.686371408428215, 21.32145142061951 ], [ -157.686404408426966, 21.321456420619658 ], [ -157.686466408424764, 21.321461420620086 ], [ -157.686509408423234, 21.32146342062045 ], [ -157.686545408421864, 21.321467420620618 ], [ -157.686620408419117, 21.321473420621139 ], [ -157.68668440841671, 21.321482420621376 ], [ -157.686726408415126, 21.321489420621443 ], [ -157.686767408413573, 21.321495420621567 ], [ -157.686811408411927, 21.321502420621709 ], [ -157.686833408411076, 21.321505420621762 ], [ -157.686857408410248, 21.321505420622067 ], [ -157.686890408409027, 21.32150942062221 ], [ -157.68693040840742, 21.321520420621987 ], [ -157.68694940840669, 21.321524420622012 ], [ -157.686966408406022, 21.321529420621907 ], [ -157.686995408404897, 21.321535420621878 ], [ -157.687042408403101, 21.321540420622114 ], [ -157.687078408401845, 21.321546420622226 ], [ -157.687121408400117, 21.321556420622116 ], [ -157.687144408399291, 21.321558420622264 ], [ -157.687173408398252, 21.321561420622416 ], [ -157.687198408397393, 21.321558420622885 ], [ -157.687219408396572, 21.321561420622949 ], [ -157.687259408395079, 21.321564420623215 ], [ -157.687305408393371, 21.321571420623407 ], [ -157.687344408391937, 21.321575420623613 ], [ -157.687364408391176, 21.321579420623603 ], [ -157.687379408390598, 21.321581420623662 ], [ -157.687427408388828, 21.321585420623986 ], [ -157.68745340838791, 21.321585420624292 ], [ -157.68747940838702, 21.321583420624716 ], [ -157.687497408386378, 21.321582420624967 ], [ -157.687518408385642, 21.321583420625174 ], [ -157.687543408384698, 21.321586420625263 ], [ -157.687561408384113, 21.321585420625549 ], [ -157.687584408383316, 21.321579420626186 ], [ -157.687614408382331, 21.321578420626604 ], [ -157.687635408381539, 21.321576420626979 ], [ -157.687676408380185, 21.321568420627951 ], [ -157.687715408378864, 21.321566420628539 ], [ -157.687777408376604, 21.321567420629208 ], [ -157.68784940837412, 21.321564420630185 ], [ -157.687908408372039, 21.321561420631067 ], [ -157.687972408369944, 21.32154642063275 ], [ -157.688012408368593, 21.321544420633337 ], [ -157.688098408365704, 21.321527420635345 ], [ -157.688197408362299, 21.321519420636967 ], [ -157.68829940835883, 21.321508420638846 ], [ -157.688394408355805, 21.321480420641635 ], [ -157.688476408353068, 21.321467420643366 ], [ -157.688574408349666, 21.321458420645058 ], [ -157.688655408346989, 21.321447420646646 ], [ -157.688741408344072, 21.321432420648584 ], [ -157.688776408342818, 21.32143442064887 ], [ -157.688832408341, 21.321421420650282 ], [ -157.688946408337046, 21.32141242065218 ], [ -157.689035408334092, 21.321396420654164 ], [ -157.689103408331931, 21.321378420656028 ], [ -157.689205408328746, 21.321345420659217 ], [ -157.689294408325907, 21.321317420661895 ], [ -157.689377408323423, 21.321283420664926 ], [ -157.689439408321647, 21.321254420667383 ], [ -157.689518408319316, 21.321216420670577 ], [ -157.68956540831806, 21.32118442067306 ], [ -157.689643408316016, 21.321126420677409 ], [ -157.689729408313809, 21.321065420682014 ], [ -157.689787408312213, 21.321031420684768 ], [ -157.689845408310703, 21.320990420687888 ], [ -157.689911408309086, 21.32093442069197 ], [ -157.689968408307692, 21.320887420695446 ], [ -157.690053408305459, 21.320826420700104 ], [ -157.69012440830366, 21.320774420704009 ], [ -157.690196408301659, 21.32073042070747 ], [ -157.690242408300406, 21.320703420709656 ], [ -157.690295408298994, 21.320669420712321 ], [ -157.690356408297475, 21.320617420716083 ], [ -157.690434408295488, 21.320559420720485 ], [ -157.69050340829375, 21.320506420724435 ], [ -157.690536408292871, 21.32048042072638 ], [ -157.690614408290941, 21.320418420731045 ], [ -157.690672408289373, 21.320383420733783 ], [ -157.69075440828712, 21.320334420737687 ], [ -157.690808408285847, 21.320285420741232 ], [ -157.690898408283459, 21.320224420745927 ], [ -157.691001408280499, 21.320168420750427 ], [ -157.691047408279132, 21.320152420751977 ], [ -157.691126408276716, 21.320120420754751 ], [ -157.691186408274717, 21.320111420756028 ], [ -157.691214408273851, 21.320100420757001 ], [ -157.69127440827188, 21.32008642075856 ], [ -157.691300408270962, 21.320085420758954 ], [ -157.691371408268822, 21.320058420761402 ], [ -157.691455408266052, 21.320042420763325 ], [ -157.691526408263542, 21.320037420764475 ], [ -157.691568408262157, 21.320031420765279 ], [ -157.691653408259128, 21.320030420766354 ], [ -157.691719408256802, 21.320029420767192 ], [ -157.691751408255641, 21.320030420767502 ], [ -157.691818408253312, 21.320026420768528 ], [ -157.691886408250866, 21.320026420769342 ], [ -157.691928408249396, 21.320026420769825 ], [ -157.69198640824726, 21.320031420770203 ], [ -157.692054408244701, 21.320039420770563 ], [ -157.692114408242446, 21.320050420770581 ], [ -157.692186408239564, 21.32007242077011 ], [ -157.69226840823643, 21.320090420770015 ], [ -157.69234540823345, 21.320107420769919 ], [ -157.692390408231745, 21.320111420770214 ], [ -157.692422408230556, 21.320115420770332 ], [ -157.692510408227321, 21.320126420770755 ], [ -157.69256340822534, 21.320133420770937 ], [ -157.692629408222899, 21.320141420771222 ], [ -157.692688408220675, 21.320147420771601 ], [ -157.692747408218594, 21.32014742077229 ], [ -157.692762408218044, 21.320145420772537 ], [ -157.692801408216752, 21.320141420773272 ], [ -157.692850408215008, 21.320138420773997 ], [ -157.692919408212703, 21.320129420775373 ], [ -157.692961408211175, 21.320130420775808 ], [ -157.693038408208423, 21.320131420776665 ], [ -157.693091408206527, 21.320130420777335 ], [ -157.693125408205361, 21.320126420777981 ], [ -157.69317040820377, 21.320126420778514 ], [ -157.693226408201753, 21.320128420779056 ], [ -157.693289408199604, 21.320121420780175 ], [ -157.69333740819792, 21.320119420780856 ], [ -157.693381408196245, 21.320126420781008 ], [ -157.693433408194437, 21.320126420781634 ], [ -157.693478408192675, 21.320138420781401 ], [ -157.693530408190469, 21.320160420780713 ], [ -157.693594408187693, 21.320200420779077 ], [ -157.693662408184707, 21.320242420777411 ], [ -157.693729408181667, 21.320285420775633 ], [ -157.693796408178542, 21.320340420773114 ], [ -157.69384640817637, 21.320372420771829 ], [ -157.695041408132994, 21.320432420782282 ], [ -157.695072408131836, 21.320434420782533 ], [ -157.695212408128242, 21.320329420790465 ], [ -157.695708408115564, 21.319958420818399 ], [ -157.69587440811128, 21.319835420827694 ], [ -157.696975408082494, 21.319049420887524 ], [ -157.697863408054161, 21.318805420912511 ], [ -157.699878407989644, 21.318252420969205 ], [ -157.701277407945128, 21.317854421009475 ], [ -157.70207940792443, 21.317264421054059 ], [ -157.703480407873229, 21.317351421065396 ], [ -157.704194407854601, 21.316840421104342 ], [ -157.704580407844531, 21.316565421125265 ], [ -157.706378407779169, 21.316651421141341 ], [ -157.707171407736297, 21.317734421086069 ], [ -157.707341407729757, 21.317767421086163 ], [ -157.707746407714268, 21.317844421086289 ], [ -157.709771407636651, 21.318234421086952 ], [ -157.710771407617045, 21.317034421170323 ], [ -157.712771407540203, 21.317434421170045 ], [ -157.712876407537237, 21.317375421174802 ], [ -157.713671407514738, 21.316934421210522 ], [ -157.714687407477356, 21.317012421217843 ], [ -157.714743407475339, 21.317016421218238 ], [ -157.714914407468967, 21.317029421219498 ], [ -157.714971407466891, 21.317034421219887 ], [ -157.716124407424871, 21.317095421229837 ], [ -157.716871407397576, 21.317135421236291 ], [ -157.718971407304991, 21.31843442118344 ], [ -157.719218407295955, 21.318451421185351 ], [ -157.720371407253509, 21.318534421194013 ], [ -157.720979407230971, 21.31859542119755 ], [ -157.721371407216367, 21.318635421199755 ], [ -157.722423407165564, 21.319617421153474 ], [ -157.722871407143941, 21.320034421133816 ], [ -157.723571407101446, 21.321334421064414 ], [ -157.724471407055773, 21.322334421015267 ], [ -157.725871406981469, 21.324134420924143 ], [ -157.726471406964038, 21.323834420949126 ], [ -157.72767140692909, 21.323234420999142 ], [ -157.730380406838577, 21.322741421060499 ], [ -157.730754406826122, 21.322673421068973 ], [ -157.730971406818867, 21.322634421073843 ], [ -157.731891406784911, 21.322704421080466 ], [ -157.732271406770906, 21.322734421083144 ], [ -157.733071406742198, 21.322734421092559 ], [ -157.733498406724976, 21.322876421089124 ], [ -157.734871406669612, 21.323334421077885 ], [ -157.737071406594652, 21.323035421121659 ], [ -157.737152406591491, 21.323053421121568 ], [ -157.73837140654399, 21.323335421119005 ], [ -157.738383406540549, 21.323558421105815 ], [ -157.738402406539848, 21.32356142110584 ], [ -157.738485406536569, 21.323583421105507 ], [ -157.738579406532779, 21.323611421104918 ], [ -157.738667406529316, 21.323638421104388 ], [ -157.738755406525769, 21.323666421103724 ], [ -157.738826406523145, 21.323671421104265 ], [ -157.7389194065195, 21.323693421104036 ], [ -157.739019406515382, 21.323737421102582 ], [ -157.73910240651216, 21.323754421102571 ], [ -157.739190406508584, 21.323781421101966 ], [ -157.739301406504325, 21.323803421101964 ], [ -157.73939040650103, 21.323809421102634 ], [ -157.739443406499049, 21.323820421102628 ], [ -157.739484406497553, 21.323825421102775 ], [ -157.739560406494888, 21.323814421104309 ], [ -157.73960740649315, 21.323820421104561 ], [ -157.739642406491868, 21.323820421104969 ], [ -157.73970140648953, 21.323842421104345 ], [ -157.739754406487521, 21.323847421104656 ], [ -157.73981340648524, 21.32385842110466 ], [ -157.739872406482988, 21.323869421104718 ], [ -157.739930406480795, 21.323875421105022 ], [ -157.740001406478171, 21.323880421105574 ], [ -157.740065406475736, 21.323891421105682 ], [ -157.740124406473626, 21.323891421106381 ], [ -157.740201406470675, 21.323902421106602 ], [ -157.740289406467468, 21.32390842110734 ], [ -157.740424406461983, 21.323957421105955 ], [ -157.740483406459646, 21.32396842110596 ], [ -157.740589406455598, 21.323990421105897 ], [ -157.740671406452122, 21.324029421104548 ], [ -157.740730406449615, 21.324057421103554 ], [ -157.740835406445456, 21.324090421102845 ], [ -157.740912406442305, 21.324117421102123 ], [ -157.741012406438472, 21.324134421102304 ], [ -157.741117406434228, 21.32417242110122 ], [ -157.741159406432587, 21.324178421101372 ], [ -157.741247406429295, 21.32418942110176 ], [ -157.741305406427159, 21.324194421102096 ], [ -157.741370406424892, 21.324189421103195 ], [ -157.741488406420814, 21.324178421105291 ], [ -157.741552406418492, 21.32417842110603 ], [ -157.741605406416426, 21.324189421105956 ], [ -157.741658406414416, 21.324200421105939 ], [ -157.741723406411921, 21.324211421106046 ], [ -157.741829406407447, 21.324260421104331 ], [ -157.74208140639638, 21.324409421098419 ], [ -157.742146406393402, 21.324458421096221 ], [ -157.742275406388416, 21.324486421096051 ], [ -157.742405406383085, 21.324535421094641 ], [ -157.742681406372185, 21.324607421093603 ], [ -157.742822406366656, 21.324646421092893 ], [ -157.742957406361427, 21.324673421092921 ], [ -157.743081406356794, 21.324684421093693 ], [ -157.743351406346818, 21.324706421095545 ], [ -157.743457406343168, 21.324695421097488 ], [ -157.74362740633677, 21.324717421098111 ], [ -157.74382740632916, 21.324744421098902 ], [ -157.743944406324346, 21.32479442109727 ], [ -157.744050406319332, 21.324882421093253 ], [ -157.744238406310785, 21.325014421087552 ], [ -157.744379406304859, 21.325080421085271 ], [ -157.744473406301154, 21.325108421084707 ], [ -157.744567406297591, 21.32511942108512 ], [ -157.744691406293271, 21.325108421087251 ], [ -157.74487940628606, 21.325146421087211 ], [ -157.745149406275345, 21.32521842108607 ], [ -157.74529540626952, 21.325265421084957 ], [ -157.745490406261638, 21.325328421083491 ], [ -157.745819406247875, 21.325471421078788 ], [ -157.746119406236062, 21.32555442107736 ], [ -157.7464784062212, 21.325697421073002 ], [ -157.746666406213848, 21.325741421072593 ], [ -157.746836406207422, 21.32576842107294 ], [ -157.747048406199184, 21.325812421072822 ], [ -157.747159406195323, 21.3258014210748 ], [ -157.747269406191521, 21.325791421076644 ], [ -157.747406406186741, 21.325779421079012 ], [ -157.747535406182323, 21.325763421081483 ], [ -157.747682406176239, 21.325823421079633 ], [ -157.747788406171452, 21.325895421076545 ], [ -157.747970406162551, 21.326071421068157 ], [ -157.748111406154919, 21.326264421058234 ], [ -157.748605406130139, 21.326792421032447 ], [ -157.748717406124484, 21.326913421026489 ], [ -157.748893406116849, 21.327007421022916 ], [ -157.749093406107789, 21.327145421017001 ], [ -157.74920540610276, 21.327222421013744 ], [ -157.749340406097303, 21.32726642101267 ], [ -157.749481406091917, 21.327293421012701 ], [ -157.749675406084833, 21.327299421014608 ], [ -157.749810406079746, 21.327315421015268 ], [ -157.750057406070596, 21.327337421016843 ], [ -157.750257406062985, 21.327370421017189 ], [ -157.750433406056317, 21.327392421017951 ], [ -157.750609406049307, 21.327442421017068 ], [ -157.751168406028, 21.327535421018045 ], [ -157.751409406018439, 21.327601421016933 ], [ -157.751603406010958, 21.327640421016831 ], [ -157.751708406006941, 21.327656421017114 ], [ -157.751991405996108, 21.327711421017128 ], [ -157.752273405985477, 21.327744421018505 ], [ -157.752479405977653, 21.327777421018915 ], [ -157.752687405969425, 21.327829421018279 ], [ -157.752831405963775, 21.327865421017762 ], [ -157.752861405962534, 21.3278764210175 ], [ -157.752908405960483, 21.327904421016363 ], [ -157.752961405958274, 21.327926421015661 ], [ -157.753037405954927, 21.32797542101363 ], [ -157.753113405951268, 21.328041421010543 ], [ -157.75317240594822, 21.328113421006936 ], [ -157.753190405946754, 21.328168421003884 ], [ -157.75321340594536, 21.328212421001499 ], [ -157.753248405943225, 21.328278420997968 ], [ -157.753284405941059, 21.328344420994441 ], [ -157.753313405939338, 21.32839442099176 ], [ -157.753354405937159, 21.328449420988949 ], [ -157.75341340593414, 21.328515420985688 ], [ -157.75346640593159, 21.328564420983337 ], [ -157.75361340592525, 21.328642420980426 ], [ -157.753684405922428, 21.328663420980014 ], [ -157.753748405919879, 21.328680420979762 ], [ -157.753813405917214, 21.328702420979138 ], [ -157.753883405914394, 21.328730420978331 ], [ -157.7539604059113, 21.328752420977924 ], [ -157.75400140590952, 21.328774420977094 ], [ -157.754082405905649, 21.328842420973952 ], [ -157.754101405904521, 21.328879420971923 ], [ -157.754148405902072, 21.328934420969215 ], [ -157.75417340590073, 21.328967420967516 ], [ -157.754226405897896, 21.329037420963925 ], [ -157.754237405897186, 21.329060420962691 ], [ -157.754248405896533, 21.329082420961495 ], [ -157.754289405894326, 21.329137420958695 ], [ -157.754330405892347, 21.329175420956926 ], [ -157.754412405888928, 21.329209420955838 ], [ -157.754477405886348, 21.329225420955659 ], [ -157.754549405883353, 21.329253420954803 ], [ -157.754580405882194, 21.32926242095461 ], [ -157.754834405870156, 21.329476420944783 ], [ -157.754912405865213, 21.329638420935972 ], [ -157.755083405855657, 21.329891420922809 ], [ -157.755212405848283, 21.330095420912116 ], [ -157.755336405841263, 21.330288420902001 ], [ -157.75551240583286, 21.330442420894851 ], [ -157.755641405826708, 21.330552420889763 ], [ -157.755800405819912, 21.330634420886703 ], [ -157.755958405813715, 21.330673420886235 ], [ -157.756123405807415, 21.330700420886519 ], [ -157.756276405801145, 21.330756420884999 ], [ -157.756529405791184, 21.330822420884012 ], [ -157.756746405782678, 21.330871420883621 ], [ -157.756928405776023, 21.330882420885075 ], [ -157.75709340576978, 21.330904420885684 ], [ -157.757346405760359, 21.330926420887323 ], [ -157.757557405752408, 21.330953420888182 ], [ -157.757675405747591, 21.330997420886916 ], [ -157.757769405743375, 21.331058420884386 ], [ -157.757949405735417, 21.33117042087979 ], [ -157.758117405727774, 21.331289420874612 ], [ -157.758257405721423, 21.331388420870361 ], [ -157.758439405712608, 21.331553420862576 ], [ -157.758545405707423, 21.331658420857522 ], [ -157.758645405702708, 21.331741420853678 ], [ -157.758739405698748, 21.331785420852171 ], [ -157.758845405694416, 21.331823420851141 ], [ -157.758921405691297, 21.33185142085032 ], [ -157.759062405686137, 21.331856420851739 ], [ -157.759404405676264, 21.33167542086661 ], [ -157.760188405647483, 21.33171842087318 ], [ -157.760270405644292, 21.331735420873144 ], [ -157.761170405611864, 21.331735420883703 ], [ -157.762670405557856, 21.3317354209013 ], [ -157.762981405545275, 21.331838420898791 ], [ -157.763870405509294, 21.33213542089139 ], [ -157.765870405437198, 21.332135420914852 ], [ -157.767070405392587, 21.332235420922881 ], [ -157.767097405391638, 21.332235420923212 ], [ -157.768170405353004, 21.332235420935806 ], [ -157.7692704053093, 21.332535420930732 ], [ -157.771570405218313, 21.333135420921657 ], [ -157.772970405154439, 21.334135420878052 ], [ -157.774270405096871, 21.334935420845227 ], [ -157.775570405040639, 21.335635420818413 ], [ -157.775950405026862, 21.335635420822868 ], [ -157.777470404972007, 21.335635420840678 ], [ -157.779170404907973, 21.335835420848568 ], [ -157.780770404844844, 21.33623542084333 ], [ -157.7819544047926, 21.336945420814537 ], [ -157.782270404778643, 21.337135420806788 ], [ -157.782670404757511, 21.3376354207814 ], [ -157.783870404702157, 21.338535420741348 ], [ -157.784670404667935, 21.338935420726695 ], [ -157.785170404639189, 21.339735420684477 ], [ -157.786170404592326, 21.340535420648038 ], [ -157.787170404548249, 21.341135420623679 ], [ -157.787445404529507, 21.341795420587182 ], [ -157.787670404514159, 21.342335420557333 ], [ -157.788070404490412, 21.343034420519995 ], [ -157.788070404487797, 21.343229420508287 ], [ -157.788070404481118, 21.34373442047788 ], [ -157.78807040447046, 21.34453442042981 ], [ -157.788370404437046, 21.346234420331029 ], [ -157.78849440442724, 21.34663242030858 ], [ -157.788643404408589, 21.347632420250157 ], [ -157.788658404406789, 21.347727420244656 ], [ -157.78861740439504, 21.348723420184246 ], [ -157.789197404356912, 21.350017420113144 ], [ -157.788992404343162, 21.351610420014968 ], [ -157.789001404340667, 21.351777420004993 ], [ -157.789085404318712, 21.353203419920227 ], [ -157.78855340432375, 21.354276419849509 ], [ -157.78830440432111, 21.355155419793711 ], [ -157.788269404309915, 21.356097419736663 ], [ -157.788265404308305, 21.356232419728496 ], [ -157.788540404280269, 21.35760041964939 ], [ -157.788507404265943, 21.358774419578374 ], [ -157.788640404253385, 21.359360419544675 ], [ -157.78865040425049, 21.359555419533091 ], [ -157.789394404190006, 21.362097419388785 ], [ -157.790616404120101, 21.364046419285604 ], [ -157.79114440409478, 21.364523419263051 ], [ -157.791688404068537, 21.36501641923963 ], [ -157.793702403980461, 21.366169419193557 ], [ -157.793806403975879, 21.366226419191314 ], [ -157.793859403973613, 21.366256419190083 ], [ -157.794118403962329, 21.366400419184444 ], [ -157.794222403957832, 21.366458419182102 ], [ -157.797333403834699, 21.367253419170236 ], [ -157.797426403831025, 21.36727741916987 ], [ -157.801201403691124, 21.367512419199247 ], [ -157.805354403535972, 21.367861419226223 ], [ -157.806297403500025, 21.367995419229043 ], [ -157.806934403476646, 21.368017419235059 ], [ -157.807336403461846, 21.368032419238769 ], [ -157.807974403427664, 21.368870419195687 ], [ -157.80966940336009, 21.369333419187299 ], [ -157.81038840332053, 21.370358419133812 ], [ -157.810360403309801, 21.37125141907962 ], [ -157.810321403294807, 21.372500419003913 ], [ -157.810557403272981, 21.37351041894572 ], [ -157.810750403255071, 21.374339418897982 ], [ -157.810769403238339, 21.375563418824377 ], [ -157.811994403179028, 21.376695418770204 ], [ -157.812281403164803, 21.376984418756091 ], [ -157.812811403138596, 21.377518418729998 ], [ -157.813428403105064, 21.378365418685945 ], [ -157.813632403093976, 21.378645418671454 ], [ -157.815304403016768, 21.379908418614452 ], [ -157.815562403005345, 21.380064418608008 ], [ -157.818650402868627, 21.381939418530312 ], [ -157.82197740273034, 21.383266418488386 ], [ -157.822002402729282, 21.383276418488041 ], [ -157.82268640269163, 21.384254418436861 ], [ -157.823569402649355, 21.385033418399903 ], [ -157.823689402639758, 21.385433418377161 ], [ -157.824049402610996, 21.386632418308928 ], [ -157.824169402601399, 21.387033418286048 ], [ -157.824269402596457, 21.387133418281188 ], [ -157.824833402565304, 21.387949418238346 ], [ -157.825168402546808, 21.388433418212983 ], [ -157.824568402549119, 21.389933418115511 ], [ -157.824968402528015, 21.390433418089867 ], [ -157.825046402518012, 21.390985418057443 ], [ -157.825068402515257, 21.391133418048742 ], [ -157.825468402489008, 21.392033417998945 ], [ -157.825160402492202, 21.392648417958323 ], [ -157.824868402495184, 21.39323341791966 ], [ -157.824768402493618, 21.393633417894332 ], [ -157.824268402502724, 21.394333417846404 ], [ -157.824234402502213, 21.394465417837996 ], [ -157.824068402499591, 21.39513341779579 ], [ -157.824968402460343, 21.395633417775834 ], [ -157.826616402398031, 21.395816417783553 ], [ -157.826768402392247, 21.395833417784281 ], [ -157.828468402325171, 21.396233417779502 ], [ -157.829268402286971, 21.396933417746318 ], [ -157.829868402245665, 21.398433417662545 ], [ -157.830968402199119, 21.398933417644841 ], [ -157.833137402111134, 21.399627417627585 ], [ -157.833468402097679, 21.399733417624912 ], [ -157.83573940200759, 21.400300417616506 ], [ -157.836366401980229, 21.400652417602327 ], [ -157.837332401937914, 21.401195417580478 ], [ -157.83827340189751, 21.401667417562624 ], [ -157.838917401869821, 21.401990417550444 ], [ -157.839505401833463, 21.403141417487539 ], [ -157.839075401849016, 21.403150417482081 ], [ -157.838693401862713, 21.403172417476405 ], [ -157.838686401859576, 21.403433417460555 ], [ -157.838677401854795, 21.403829417436484 ], [ -157.838642401836779, 21.405316417346132 ], [ -157.838611401820657, 21.406651417265092 ], [ -157.838516401771216, 21.410742417016518 ], [ -157.838337401774623, 21.410985416999821 ], [ -157.83825140177629, 21.411102416991746 ], [ -157.838210401777047, 21.411158416987924 ], [ -157.837753401788035, 21.411596416956233 ], [ -157.837203401803748, 21.411932416929687 ], [ -157.837068401807329, 21.412032416922155 ], [ -157.836961401810356, 21.412104416916563 ], [ -157.836776401815456, 21.412230416906819 ], [ -157.83666040181825, 21.412342416898753 ], [ -157.836568401820443, 21.412432416892262 ], [ -157.836515401819099, 21.412686416876323 ], [ -157.836501401818737, 21.412756416871943 ], [ -157.836685401807955, 21.413069416855102 ], [ -157.836750401805176, 21.413101416853866 ], [ -157.837783401760845, 21.413618416834296 ], [ -157.837997401747515, 21.41404941681062 ], [ -157.837997401738903, 21.414716416770307 ], [ -157.837997401738392, 21.414759416767701 ], [ -157.837936401734339, 21.415243416737709 ], [ -157.837949401730782, 21.415480416723558 ], [ -157.83796640172622, 21.415789416705074 ], [ -157.838088401714401, 21.416361416671826 ], [ -157.838166401710197, 21.416466416666363 ], [ -157.838363401699581, 21.416731416652503 ], [ -157.838485401688985, 21.417212416624825 ], [ -157.838265401693064, 21.417516416603927 ], [ -157.838241401693494, 21.417551416601572 ], [ -157.838439401683075, 21.41780141658867 ], [ -157.838546401677405, 21.417936416581711 ], [ -157.839736401629011, 21.418329416571343 ], [ -157.839823401625779, 21.418334416572048 ], [ -157.840316401607367, 21.418364416575795 ], [ -157.840438401599613, 21.418623416561463 ], [ -157.840568401592151, 21.41883241655033 ], [ -157.840648401588709, 21.418871416548829 ], [ -157.840888401578468, 21.418991416544316 ], [ -157.840968401575026, 21.419032416542723 ], [ -157.841232401563815, 21.419153416538368 ], [ -157.841466401553959, 21.419258416534685 ], [ -157.841934401534104, 21.419470416527101 ], [ -157.842513401507688, 21.419886416508479 ], [ -157.842886401491739, 21.420070416501538 ], [ -157.843184401478936, 21.420218416495889 ], [ -157.843367401470829, 21.420332416491071 ], [ -157.844282401426909, 21.421148416452024 ], [ -157.84449440141654, 21.421353416441992 ], [ -157.844984401392566, 21.421827416418829 ], [ -157.845991401348044, 21.422434416393418 ], [ -157.847273401292938, 21.42308241636858 ], [ -157.848158401252704, 21.423697416341341 ], [ -157.848292401246056, 21.423834416334543 ], [ -157.848768401222458, 21.424318416310555 ], [ -157.849307401194409, 21.424966416277393 ], [ -157.849440401187536, 21.425127416269124 ], [ -157.849536401182803, 21.425222416264511 ], [ -157.849898401164978, 21.425581416246771 ], [ -157.850301401145998, 21.425913416231214 ], [ -157.850567401133475, 21.426132416220948 ], [ -157.85172940108697, 21.426451416214665 ], [ -157.852339401063347, 21.426553416215373 ], [ -157.852888401042122, 21.426645416215965 ], [ -157.853682401013913, 21.426581416228753 ], [ -157.854323400988648, 21.426722416227403 ], [ -157.855177400951845, 21.427160416210498 ], [ -157.856032400917968, 21.427366416207608 ], [ -157.857039400876033, 21.427763416194828 ], [ -157.85756440085521, 21.427891416192995 ], [ -157.857802400845742, 21.427950416192107 ], [ -157.858565400815905, 21.428103416191362 ], [ -157.859053400792618, 21.428526416171216 ], [ -157.859167400787072, 21.428632416166064 ], [ -157.859170400783171, 21.428933416147842 ], [ -157.859175400777218, 21.429381416120744 ], [ -157.859409400763639, 21.429774416099566 ], [ -157.859450400761261, 21.429842416095916 ], [ -157.859567400754571, 21.430032416085687 ], [ -157.860060400734824, 21.430163416083278 ], [ -157.860396400723687, 21.430075416092382 ], [ -157.860457400712704, 21.430758416051638 ], [ -157.860548400702868, 21.43126541602194 ], [ -157.860823400688247, 21.431620416003508 ], [ -157.861128400673863, 21.431872415991641 ], [ -157.861586400651987, 21.432276415972286 ], [ -157.861609400650536, 21.432322415969757 ], [ -157.861767400640815, 21.432632415952728 ], [ -157.861922400631954, 21.432882415939314 ], [ -157.862013400624818, 21.433176415922489 ], [ -157.862105400616855, 21.433539415901507 ], [ -157.862196400609889, 21.433821415885408 ], [ -157.862440400596739, 21.434153415868007 ], [ -157.862689400585964, 21.434285415862803 ], [ -157.862776400582163, 21.434332415860915 ], [ -157.86323440056222, 21.434580415851006 ], [ -157.863447400551621, 21.434801415839985 ], [ -157.863569400544037, 21.435042415826778 ], [ -157.86350840054169, 21.435404415804115 ], [ -157.863569400535425, 21.435721415785572 ], [ -157.863844400521486, 21.436022415770374 ], [ -157.864180400507337, 21.43616741576535 ], [ -157.864729400486141, 21.436251415766357 ], [ -157.865340400463396, 21.436281415771436 ], [ -157.865567400451852, 21.436532415758741 ], [ -157.866255400423682, 21.436770415751958 ], [ -157.866896400400009, 21.436789415758 ], [ -157.868086400348062, 21.437441415731737 ], [ -157.869385400291151, 21.438171415701991 ], [ -157.87028340025185, 21.438677415681308 ], [ -157.870772400229811, 21.438997415667345 ], [ -157.871046400216215, 21.439280415653222 ], [ -157.871351400204446, 21.439325415653911 ], [ -157.871962400180507, 21.439444415653504 ], [ -157.872481400157028, 21.43979541563802 ], [ -157.872786400139034, 21.440329415609028 ], [ -157.873081400121606, 21.440847415580873 ], [ -157.873152400117505, 21.440970415574171 ], [ -157.873183400109951, 21.441469415544223 ], [ -157.873244400101356, 21.441969415514521 ], [ -157.873976400057614, 21.443300415441875 ], [ -157.87379340005586, 21.443964415399538 ], [ -157.873762400053778, 21.444220415383619 ], [ -157.873777400052973, 21.444239415382665 ], [ -157.873945400044221, 21.444440415372327 ], [ -157.874129400033553, 21.444749415355634 ], [ -157.874098400031613, 21.44499341534048 ], [ -157.87416740002476, 21.445331415320737 ], [ -157.874281400016883, 21.44562641530408 ], [ -157.874428400005684, 21.446082415278006 ], [ -157.874434400005185, 21.446099415277057 ], [ -157.874403399999409, 21.446645415243541 ], [ -157.874464399992519, 21.447007415222213 ], [ -157.874586399980501, 21.447606415187231 ], [ -157.874434399978213, 21.448224415147994 ], [ -157.874440399975299, 21.448434415135353 ], [ -157.874467399964232, 21.449231415087223 ], [ -157.874281399967487, 21.449513415068004 ], [ -157.874007399972356, 21.44992241504016 ], [ -157.873762399973714, 21.450524415000835 ], [ -157.873762399971213, 21.45072041498895 ], [ -157.873762399968598, 21.450925414976506 ], [ -157.873976399952653, 21.451566414939983 ], [ -157.87382339995537, 21.451791414924628 ], [ -157.87336639996559, 21.452310414888029 ], [ -157.873029399971358, 21.452828414852839 ], [ -157.873029399968487, 21.453054414839102 ], [ -157.873273399957071, 21.453244414830248 ], [ -157.873426399947874, 21.453534414814346 ], [ -157.873548399936027, 21.454114414780484 ], [ -157.873578399924753, 21.45491941473195 ], [ -157.87379539991403, 21.455136414721142 ], [ -157.87382239991274, 21.455163414719799 ], [ -157.874250399892389, 21.45552941470233 ], [ -157.874677399871274, 21.455960414680892 ], [ -157.874966399855992, 21.456331414661545 ], [ -157.87498239984788, 21.456925414625676 ], [ -157.874982399843105, 21.457305414602597 ], [ -157.874982399839126, 21.457620414583463 ], [ -157.874768399837649, 21.45835641453635 ], [ -157.874952399822973, 21.45898241450038 ], [ -157.875226399809122, 21.459287414484905 ], [ -157.876264399768672, 21.459477414484841 ], [ -157.876050399772765, 21.459771414464594 ], [ -157.876047399772347, 21.459814414461952 ], [ -157.876020399767839, 21.46024841443527 ], [ -157.876020399762183, 21.460694414408206 ], [ -157.875766399764757, 21.461231414372772 ], [ -157.875837399761593, 21.461278414370696 ], [ -157.876233399751811, 21.460900414398029 ], [ -157.87708839972359, 21.460652414422558 ], [ -157.878308399681714, 21.460427414449718 ], [ -157.879865399625999, 21.460309414474111 ], [ -157.881604399560842, 21.460416414486875 ], [ -157.882215399536307, 21.460584414483392 ], [ -157.882398399524391, 21.460996414460354 ], [ -157.882825399503304, 21.461423414439118 ], [ -157.883435399478145, 21.461644414432431 ], [ -157.884168399451568, 21.461618414442114 ], [ -157.885053399415796, 21.461877414436206 ], [ -157.885633399386705, 21.462495414405009 ], [ -157.886426399352217, 21.462922414387805 ], [ -157.886820399334795, 21.463154414378035 ], [ -157.886853399333319, 21.463174414377185 ], [ -157.887220399314828, 21.46357141435713 ], [ -157.887311399305815, 21.464021414330755 ], [ -157.887403399298648, 21.464322414313433 ], [ -157.887586399287386, 21.464685414293392 ], [ -157.887647399279842, 21.465104414268612 ], [ -157.887738399268386, 21.465749414230402 ], [ -157.887830399259656, 21.466172414205637 ], [ -157.887769399253472, 21.466840414164363 ], [ -157.887830399248344, 21.467069414151094 ], [ -157.888013399239441, 21.467244414142474 ], [ -157.888097399234766, 21.467371414135698 ], [ -157.88819039922916, 21.467546414126048 ], [ -157.888469399212255, 21.468073414097102 ], [ -157.888563399206589, 21.468249414087417 ], [ -157.888840399194123, 21.468430414079467 ], [ -157.889327399174363, 21.468581414075611 ], [ -157.889568399160851, 21.468951414055791 ], [ -157.889839399142687, 21.469601414019252 ], [ -157.890109399124839, 21.470234413983718 ], [ -157.890199399116568, 21.470627413960766 ], [ -157.890325399107184, 21.471006413939111 ], [ -157.890379399103182, 21.47116641392995 ], [ -157.890619399086006, 21.471832413892113 ], [ -157.890708399077369, 21.472259413867096 ], [ -157.890614399076128, 21.472637413843071 ], [ -157.890488399071842, 21.473344413798667 ], [ -157.890270399071625, 21.47400041375635 ], [ -157.890145399069354, 21.474546413721743 ], [ -157.890049399062292, 21.475393413669178 ], [ -157.889742399068354, 21.475806413640647 ], [ -157.889371399075657, 21.476314413605696 ], [ -157.8892173990765, 21.476700413580495 ], [ -157.889396399062861, 21.477265413548096 ], [ -157.889607399051215, 21.477571413531827 ], [ -157.889940399031758, 21.478149413500258 ], [ -157.890242399015079, 21.478597413476319 ], [ -157.89045339900261, 21.478970413455976 ], [ -157.890510398991267, 21.479715413411249 ], [ -157.890658398974381, 21.480625413357473 ], [ -157.890679398972622, 21.480705413352865 ], [ -157.89077739896436, 21.481075413331375 ], [ -157.890986398948314, 21.48174541329292 ], [ -157.890954398945439, 21.482075413272508 ], [ -157.890708398950864, 21.482358413252545 ], [ -157.89033839895734, 21.482929413213814 ], [ -157.890304398950803, 21.483554413175344 ], [ -157.890366398943826, 21.483930413153168 ], [ -157.890636398925864, 21.484576413116844 ], [ -157.89073539891595, 21.485084413086955 ], [ -157.890932398904511, 21.485417413068859 ], [ -157.891274398887077, 21.485803413049101 ], [ -157.891526398872372, 21.486242413025153 ], [ -157.891748398858567, 21.486696412999937 ], [ -157.89178739885125, 21.487165412971844 ], [ -157.891765398850026, 21.487331412961471 ], [ -157.891695398845883, 21.487866412928152 ], [ -157.891584398844714, 21.488287412901347 ], [ -157.891691398837054, 21.488583412884477 ], [ -157.89196839882004, 21.489136412853828 ], [ -157.892243398801867, 21.489784412817382 ], [ -157.892305398791649, 21.490422412779193 ], [ -157.892156398789894, 21.491001412742364 ], [ -157.891981398790193, 21.491493412710494 ], [ -157.891915398782857, 21.492280412661877 ], [ -157.89206839876951, 21.492903412625626 ], [ -157.892548398742917, 21.493624412586964 ], [ -157.893062398716808, 21.494198412557594 ], [ -157.893514398691764, 21.494879412521037 ], [ -157.894282398651512, 21.495849412470321 ], [ -157.894501398637033, 21.496362412441485 ], [ -157.894535398628364, 21.496959412405527 ], [ -157.89476139861236, 21.497579412370193 ], [ -157.894777398611268, 21.497622412367768 ], [ -157.894968398598195, 21.49811241234001 ], [ -157.895339398578955, 21.498558412316875 ], [ -157.895829398555776, 21.498974412296842 ], [ -157.895913398551187, 21.499097412290283 ], [ -157.896222398533325, 21.49961941226185 ], [ -157.896268398527639, 21.499946412242405 ], [ -157.896201398528689, 21.500060412234792 ], [ -157.896003398532372, 21.500346412215173 ], [ -157.895818398534658, 21.500713412190859 ], [ -157.895827398532134, 21.500888412180267 ], [ -157.895833398531664, 21.500909412179041 ], [ -157.895902398526516, 21.501123412166784 ], [ -157.89613439851442, 21.501408412151903 ], [ -157.896257398507998, 21.501563412143803 ], [ -157.896822398488382, 21.501463412156042 ], [ -157.897255398471657, 21.501530412156661 ], [ -157.897320398469134, 21.501541412156655 ], [ -157.897973398443639, 21.501659412156599 ], [ -157.898812398412247, 21.501700412163149 ], [ -157.899692398382541, 21.501480412186158 ], [ -157.900252398361658, 21.501504412190744 ], [ -157.900379398356876, 21.501510412191745 ], [ -157.901265398324057, 21.501530412200122 ], [ -157.90128739832727, 21.501202412220351 ], [ -157.901501398324484, 21.500793412247585 ], [ -157.901898398308418, 21.5009084122449 ], [ -157.902447398287791, 21.500942412248801 ], [ -157.903088398265425, 21.500843412261741 ], [ -157.903607398248482, 21.500664412278283 ], [ -157.90424739823095, 21.500179412314825 ], [ -157.90449239822911, 21.499599412352811 ], [ -157.904705398228685, 21.499004412391411 ], [ -157.905010398220043, 21.49879141240768 ], [ -157.905926398187489, 21.498692412423676 ], [ -157.906506398164481, 21.498825412421887 ], [ -157.907025398144128, 21.498924412421438 ], [ -157.907635398120561, 21.499012412422701 ], [ -157.908032398105377, 21.499058412424233 ], [ -157.908611398084958, 21.498985412434973 ], [ -157.909191398064564, 21.498901412446372 ], [ -157.910107398032011, 21.498802412462378 ], [ -157.91068739801139, 21.498745412472129 ], [ -157.911175397992821, 21.498787412474876 ], [ -157.911694397972468, 21.498890412474253 ], [ -157.912029397961845, 21.498745412486695 ], [ -157.912304397955268, 21.498460412507043 ], [ -157.912853397935919, 21.49838441251767 ], [ -157.913464397913287, 21.498395412523681 ], [ -157.91407439789316, 21.498200412542182 ], [ -157.914501397877075, 21.498227412545141 ], [ -157.915081397853527, 21.498399412540987 ], [ -157.915844397826163, 21.49834241255272 ], [ -157.91669939780229, 21.497720412599993 ], [ -157.916901397796124, 21.497616412608497 ], [ -157.917706397771497, 21.497205412642369 ], [ -157.919994397681137, 21.49768241263811 ], [ -157.920361397667136, 21.497716412639988 ], [ -157.921032397644609, 21.497533412658463 ], [ -157.921917397613129, 21.497438412673898 ], [ -157.922894397575192, 21.497586412675503 ], [ -157.923687397547127, 21.497491412689886 ], [ -157.92429739752464, 21.497483412697001 ], [ -157.924999397499732, 21.497399412709775 ], [ -157.925945397466592, 21.497254412728921 ], [ -157.926953397433834, 21.496896412761739 ], [ -157.927563397416776, 21.4964504127956 ], [ -157.928173397400769, 21.495923412834443 ], [ -157.928784397380468, 21.495740412852282 ], [ -157.929546397351487, 21.495805412856598 ], [ -157.930554397309919, 21.496152412846367 ], [ -157.931713397262797, 21.496495412838016 ], [ -157.933117397206729, 21.496827412833003 ], [ -157.934460397154396, 21.497041412834498 ], [ -157.937328397052909, 21.496663412888843 ], [ -157.940716396928991, 21.496541412933144 ], [ -157.940960396920644, 21.496488412939041 ], [ -157.941113396916506, 21.496366412948138 ], [ -157.941815396896317, 21.495893412984714 ], [ -157.942265396884153, 21.495531413011754 ], [ -157.942547396877245, 21.495248413032147 ], [ -157.942822396868394, 21.495141413041686 ], [ -157.943066396859138, 21.495160413043173 ], [ -157.943463396844749, 21.495133413049174 ], [ -157.944744396803372, 21.494645413092943 ], [ -157.945416396781297, 21.494416413114276 ], [ -157.945690396771226, 21.494412413117516 ], [ -157.946362396742643, 21.494706413106861 ], [ -157.946667396730334, 21.494786413105256 ], [ -157.947308396706745, 21.494775413112933 ], [ -157.947888396684107, 21.49486341311388 ], [ -157.948284396667731, 21.494996413110055 ], [ -157.949017396642432, 21.494847413127136 ], [ -157.949444396629673, 21.494603413146706 ], [ -157.949902396613993, 21.494496413158231 ], [ -157.95045139659419, 21.494454413166828 ], [ -157.951031396574962, 21.494268413184489 ], [ -157.951397396565511, 21.49393641320885 ], [ -157.951763396555009, 21.493692413227759 ], [ -157.952130396541037, 21.493718413230152 ], [ -157.953045396504763, 21.493909413228426 ], [ -157.953564396488446, 21.493672413248621 ], [ -157.953900396477366, 21.493558413259262 ], [ -157.954571396454526, 21.49339441327658 ], [ -157.954968396443263, 21.493115413298007 ], [ -157.956249396404758, 21.492387413356564 ], [ -157.956707396390129, 21.492200413372959 ], [ -157.957958396349113, 21.491765413413276 ], [ -157.959118396308241, 21.491583413437084 ], [ -157.95948439629592, 21.49148441344715 ], [ -157.959759396288945, 21.491224413466046 ], [ -157.959881396288466, 21.490900413487257 ], [ -157.96018639628366, 21.490381413522353 ], [ -157.960491396274278, 21.490221413535512 ], [ -157.960888396259946, 21.490187413541889 ], [ -157.961559396235288, 21.490168413550379 ], [ -157.962384396211718, 21.489599413594259 ], [ -157.963514396169899, 21.489588413607255 ], [ -157.964276396143163, 21.489462413623322 ], [ -157.964856396124361, 21.489241413643185 ], [ -157.965223396115249, 21.488875413669625 ], [ -157.965833396096912, 21.488531413697334 ], [ -157.966066396089445, 21.488432413705965 ], [ -157.966676396070397, 21.488144413730282 ], [ -157.966870396064309, 21.488054413737927 ], [ -157.967756396035981, 21.487684413770307 ], [ -157.968610396011798, 21.487078413816764 ], [ -157.969068395995151, 21.487047413823714 ], [ -157.969495395977987, 21.487150413822047 ], [ -157.970502395934631, 21.487623413804073 ], [ -157.970807395923487, 21.487608413808324 ], [ -157.972211395877309, 21.487124413853355 ], [ -157.972608395862153, 21.487154413855855 ], [ -157.974103395799716, 21.487700413838791 ], [ -157.974466395785868, 21.48773241384075 ], [ -157.97495739576749, 21.487734413845999 ], [ -157.975567395743752, 21.487818413847524 ], [ -157.976075395725843, 21.487739413857899 ], [ -157.976483395711398, 21.487677413866216 ], [ -157.977276395685863, 21.487364413894074 ], [ -157.978130395655285, 21.487261413909724 ], [ -157.978680395634001, 21.487326413911763 ], [ -157.979382395606677, 21.487421413913601 ], [ -157.980389395567727, 21.487536413917567 ], [ -157.981579395523909, 21.487497413932996 ], [ -157.982983395473724, 21.487326413958847 ], [ -157.983765395445801, 21.487232413973182 ], [ -157.984234395428359, 21.487227413978644 ], [ -157.985106395395604, 21.487245413987036 ], [ -157.98518039539286, 21.48724641398778 ], [ -157.985821395366457, 21.487448413982396 ], [ -157.986462395341789, 21.487509413985677 ], [ -157.987255395313497, 21.487414414000224 ], [ -157.987405395308485, 21.487360414005124 ], [ -157.987765395296691, 21.487232414016983 ], [ -157.988079395283478, 21.487352414013017 ], [ -157.988903395248229, 21.487715413999748 ], [ -157.989758395214437, 21.487867413999776 ], [ -157.991100395168075, 21.487570414032749 ], [ -157.992474395123992, 21.486998414082851 ], [ -157.993755395084634, 21.486323414138361 ], [ -157.994365395065103, 21.486063414161009 ], [ -157.996045395011436, 21.485340414223835 ], [ -157.996065395010817, 21.485332414224526 ], [ -157.997228394950952, 21.486647414156497 ], [ -157.999672394825154, 21.489412414013351 ], [ -157.999723394823377, 21.489400414014614 ], [ -157.999870394818601, 21.489344414019698 ], [ -157.999932394816625, 21.48931641402207 ], [ -157.999980394814827, 21.489321414022331 ], [ -158.000452394798174, 21.489234414032826 ], [ -158.000701394789644, 21.489177414039027 ], [ -158.000809394785961, 21.489148414042013 ], [ -158.000888394783118, 21.489144414043118 ], [ -158.000981394779586, 21.489146414044018 ], [ -158.001103394774873, 21.489156414044704 ], [ -158.001190394771442, 21.489169414044898 ], [ -158.001291394767293, 21.48919841404421 ], [ -158.001401394762695, 21.489240414042811 ], [ -158.001544394756479, 21.48931241403994 ], [ -158.001619394753106, 21.489356414038067 ], [ -158.001752394746745, 21.489465414032825 ], [ -158.001818394743424, 21.489538414029052 ], [ -158.001901394738837, 21.489661414022439 ], [ -158.001988394734525, 21.489742414018384 ], [ -158.001967394734351, 21.489815414013634 ], [ -158.001882394734707, 21.490044413998675 ], [ -158.001867394734347, 21.490116413994077 ], [ -158.001831394734239, 21.490233413986473 ], [ -158.001756394734571, 21.490435413973238 ], [ -158.001707394734524, 21.490580413963787 ], [ -158.001636394735726, 21.490697413955839 ], [ -158.001511394738543, 21.490846413945285 ], [ -158.001394394741595, 21.490951413937594 ], [ -158.001311394743567, 21.491043413931013 ], [ -158.00127239474412, 21.491115413926146 ], [ -158.001263394743688, 21.491179413922122 ], [ -158.001271394742759, 21.491226413919321 ], [ -158.001330394738403, 21.491399413909342 ], [ -158.001355394736834, 21.491449413906537 ], [ -158.001443394732036, 21.491570413900018 ], [ -158.00157039472515, 21.491742413890865 ], [ -158.001632394721554, 21.49184641388517 ], [ -158.001684394718154, 21.491961413878666 ], [ -158.001703394715122, 21.492148413867344 ], [ -158.001703394713587, 21.492271413859839 ], [ -158.00168039471194, 21.492472413847238 ], [ -158.001636394712676, 21.492547413842114 ], [ -158.001512394716428, 21.492615413836571 ], [ -158.001489394717225, 21.492622413835885 ], [ -158.001502394715146, 21.492747413828365 ], [ -158.001578394711402, 21.492824413824447 ], [ -158.001667394707852, 21.492841413824372 ], [ -158.001778394703763, 21.492835413825979 ], [ -158.001902394699954, 21.492769413831379 ], [ -158.002026394696998, 21.492632413841168 ], [ -158.002108394695625, 21.492499413850222 ], [ -158.002143394696276, 21.492340413860394 ], [ -158.002167394701445, 21.491855413890434 ], [ -158.00216139470669, 21.491453413915089 ], [ -158.002143394711283, 21.491139413934178 ], [ -158.001914394715072, 21.491519413908328 ], [ -158.001821394722555, 21.491200413926926 ], [ -158.001849394726293, 21.490815413950912 ], [ -158.002060394723969, 21.490375413980239 ], [ -158.002423394714782, 21.490020414006075 ], [ -158.002701394707145, 21.489798414022754 ], [ -158.002819394703863, 21.489706414029705 ], [ -158.003153394693783, 21.489518414044877 ], [ -158.003275394686568, 21.489727414033389 ], [ -158.003368394678489, 21.490098414011598 ], [ -158.003310394674685, 21.490578413981424 ], [ -158.003372394668759, 21.490864413964527 ], [ -158.003556394659995, 21.491016413957215 ], [ -158.00401239464378, 21.490949413966316 ], [ -158.004408394630815, 21.49080741397939 ], [ -158.004681394623418, 21.490581413996281 ], [ -158.004862394619465, 21.490355414012093 ], [ -158.005441394599103, 21.490250414024935 ], [ -158.005467394598185, 21.490249414025275 ], [ -158.006171394571936, 21.490246414033177 ], [ -158.006507394558298, 21.490329414031685 ], [ -158.00711739453368, 21.490474414029471 ], [ -158.007697394510586, 21.490586414028922 ], [ -158.008093394495745, 21.49058841403313 ], [ -158.008275394490454, 21.490469414042455 ], [ -158.00804039450307, 21.490160414058877 ], [ -158.007754394516212, 21.489968414067533 ], [ -158.007418394533374, 21.489593414086954 ], [ -158.007599394531468, 21.489207414112627 ], [ -158.00796339452279, 21.488814414140794 ], [ -158.008234394517018, 21.488462414165404 ], [ -158.008661394501985, 21.488388414174629 ], [ -158.008967394486888, 21.488680414160019 ], [ -158.009182394473356, 21.489121414135276 ], [ -158.009398394460305, 21.48951841411321 ], [ -158.009550394451566, 21.489761414099906 ], [ -158.009611394450133, 21.489694414104704 ], [ -158.009611394452548, 21.489503414116481 ], [ -158.009579394457148, 21.489228414133002 ], [ -158.009456394465133, 21.48895641414839 ], [ -158.009637394460384, 21.488798414160094 ], [ -158.010003394446471, 21.488813414163204 ], [ -158.010430394430045, 21.488845414165876 ], [ -158.010888394410443, 21.489048414158397 ], [ -158.011498394384944, 21.489261414152001 ], [ -158.011803394371725, 21.489405414146464 ], [ -158.012110394355972, 21.489749414128674 ], [ -158.012353394345155, 21.489886414122932 ], [ -158.012475394342943, 21.489698414135777 ], [ -158.012534394346346, 21.489249414164039 ], [ -158.012623394348623, 21.488800414192657 ], [ -158.012835394342261, 21.488673414202815 ], [ -158.013110394331051, 21.488747414201264 ], [ -158.013325394318599, 21.489097414182101 ], [ -158.01338739431219, 21.489428414162379 ], [ -158.013510394305115, 21.489625414151607 ], [ -158.013815394294284, 21.489577414157907 ], [ -158.01421039428277, 21.48931841417814 ], [ -158.014513394273621, 21.489144414192211 ], [ -158.01475839426314, 21.489246414188592 ], [ -158.014880394254988, 21.489535414172142 ], [ -158.014943394249144, 21.489813414155709 ], [ -158.015037394241091, 21.490178414134302 ], [ -158.015181394232428, 21.490439414119788 ], [ -158.015251394228244, 21.490565414112819 ], [ -158.015586394213756, 21.490719414107001 ], [ -158.015860394204992, 21.490601414117222 ], [ -158.016010394203278, 21.490288414138121 ], [ -158.015948394211563, 21.48981241416676 ], [ -158.016129394210509, 21.489355414196901 ], [ -158.016310394207153, 21.48907541421611 ], [ -158.016508394201622, 21.488927414227369 ], [ -158.016644394197783, 21.488826414235099 ], [ -158.0168263941936, 21.488617414249919 ], [ -158.017100394184979, 21.488486414260969 ], [ -158.017435394171031, 21.488598414257734 ], [ -158.017832394154624, 21.488722414254497 ], [ -158.018075394143864, 21.488851414249218 ], [ -158.01807739413934, 21.489212414227019 ], [ -158.018109394134683, 21.489487414210423 ], [ -158.018218394129008, 21.489613414203898 ], [ -158.018324394125926, 21.489546414209169 ], [ -158.018474394122507, 21.48937141422158 ], [ -158.018595394120865, 21.48913741423727 ], [ -158.018808394114018, 21.489045414245265 ], [ -158.019052394104818, 21.489052414247556 ], [ -158.019388394090583, 21.489183414243115 ], [ -158.019540394081105, 21.489488414226024 ], [ -158.01954239407749, 21.489770414208653 ], [ -158.019421394078819, 21.490028414191482 ], [ -158.019042394088103, 21.490419414163231 ], [ -158.019042394086796, 21.490523414156851 ], [ -158.019468394070913, 21.490521414161652 ], [ -158.019852394056556, 21.490514414166292 ], [ -158.02012439404848, 21.49034841417944 ], [ -158.020276394044402, 21.490218414189105 ], [ -158.020458394038513, 21.490144414195669 ], [ -158.020549394033878, 21.490240414190744 ], [ -158.020670394031725, 21.490052414203674 ], [ -158.020790394031536, 21.489706414226287 ], [ -158.020851394032519, 21.489446414242959 ], [ -158.021094394024459, 21.489361414250826 ], [ -158.021336394016686, 21.489257414259892 ], [ -158.021519394012643, 21.489031414275857 ], [ -158.021730394007477, 21.4888144142915 ], [ -158.021882394003484, 21.488679414301476 ], [ -158.021912394004204, 21.48852741431114 ], [ -158.021905394007376, 21.488298414325172 ], [ -158.02215439399734, 21.488355414324417 ], [ -158.02227639399274, 21.488354414325812 ], [ -158.022519393986073, 21.488160414340403 ], [ -158.022885393971819, 21.488203414341779 ], [ -158.02310039396022, 21.488487414326656 ], [ -158.023375393945997, 21.48879941431041 ], [ -158.023711393932444, 21.488877414309293 ], [ -158.024137393914714, 21.489019414305222 ], [ -158.024504393898866, 21.489185414299037 ], [ -158.024778393887232, 21.48929541429521 ], [ -158.024992393878136, 21.489381414292268 ], [ -158.024992393880268, 21.489214414302559 ], [ -158.024930393885853, 21.488948414318276 ], [ -158.024958393888113, 21.488684414334827 ], [ -158.02506539388537, 21.488583414342237 ], [ -158.025140393883447, 21.488513414347395 ], [ -158.025414393873234, 21.488508414350658 ], [ -158.025903393851962, 21.48874541434143 ], [ -158.02630139383038, 21.489272414313298 ], [ -158.026502393820351, 21.489475414302994 ], [ -158.026545393821038, 21.489292414314736 ], [ -158.026819393811991, 21.489194414323801 ], [ -158.027216393794021, 21.489440414313009 ], [ -158.027644393773983, 21.489758414298056 ], [ -158.028011393756969, 21.490023414285783 ], [ -158.028317393740622, 21.49040941426534 ], [ -158.028410393732742, 21.490762414244635 ], [ -158.028319393733483, 21.490972414230672 ], [ -158.028138393738288, 21.491134414218692 ], [ -158.02789539374416, 21.491394414200052 ], [ -158.027709393748978, 21.491566414187385 ], [ -158.027812393742607, 21.491766414176205 ], [ -158.027956393738037, 21.491701414181762 ], [ -158.028077393734179, 21.491647414186435 ], [ -158.028380393724717, 21.49149441419916 ], [ -158.028417393723515, 21.49147741420061 ], [ -158.028534393719298, 21.491464414202731 ], [ -158.028548393722417, 21.4911764142206 ], [ -158.028537393726509, 21.490878414238875 ], [ -158.02849339373148, 21.490610414254874 ], [ -158.028486393732322, 21.490567414257441 ], [ -158.028373393744658, 21.489919414296125 ], [ -158.028322393749704, 21.489669414310988 ], [ -158.028192393763646, 21.488940414354516 ], [ -158.027796393805858, 21.486754414484835 ], [ -158.027274393861546, 21.483870414656735 ], [ -158.026557393938759, 21.479859414895969 ], [ -158.026504393944265, 21.479574414912957 ], [ -158.026343393961099, 21.47871741496397 ], [ -158.026291393966602, 21.478432414980933 ], [ -158.026151393980882, 21.477711415023794 ], [ -158.026103393986006, 21.477452415039195 ], [ -158.025729394023955, 21.475548415152375 ], [ -158.025628394034186, 21.475031415183089 ], [ -158.025585394038359, 21.474830415195004 ], [ -158.025480394049339, 21.474272415228203 ], [ -158.025253394071626, 21.473175415293227 ], [ -158.025103394088518, 21.472282415346605 ], [ -158.025008394098222, 21.471794415375587 ], [ -158.024826394117042, 21.47084241543223 ], [ -158.024340394166245, 21.468387415578 ], [ -158.024236394176057, 21.467919415605667 ], [ -158.024157394184755, 21.46746241563293 ], [ -158.023996394204744, 21.466358415699123 ], [ -158.023987394205932, 21.466290415703202 ], [ -158.023903394217086, 21.465660415741066 ], [ -158.023819394234664, 21.464517415810491 ], [ -158.023796394238786, 21.464258415826158 ], [ -158.023784394240778, 21.464137415833491 ], [ -158.023753394246597, 21.463771415855692 ], [ -158.023742394248472, 21.463650415862976 ], [ -158.023702394253178, 21.463401415877854 ], [ -158.023660394258002, 21.463141415893443 ], [ -158.023640394260724, 21.462986415902755 ], [ -158.023576394266485, 21.462722415918275 ], [ -158.023558394267923, 21.462663415921732 ], [ -158.023484394273709, 21.462423415935692 ], [ -158.023526394278036, 21.461957415964815 ], [ -158.023540394279479, 21.461805415974315 ], [ -158.023565394282002, 21.461526415991788 ], [ -158.023709394296588, 21.459951416090338 ], [ -158.023766394302271, 21.459334416128968 ], [ -158.024091394296988, 21.458790416166025 ], [ -158.02435239429019, 21.458555416183415 ], [ -158.024579394284245, 21.458351416198514 ], [ -158.025312394267047, 21.457543416256385 ], [ -158.026075394250626, 21.456585416323868 ], [ -158.026273394246601, 21.456316416342649 ], [ -158.026859394234691, 21.455524416397889 ], [ -158.027027394231311, 21.455295416413851 ], [ -158.027143394228943, 21.45513941642476 ], [ -158.027444394225085, 21.454556416463994 ], [ -158.027575394223334, 21.454305416480928 ], [ -158.027947394217051, 21.453704416522111 ], [ -158.028476394211395, 21.452587416596749 ], [ -158.029034394199527, 21.451880416646524 ], [ -158.02914939419702, 21.451735416656714 ], [ -158.02916139419915, 21.451533416669299 ], [ -158.029073394206392, 21.451222416687433 ], [ -158.029056394212176, 21.450819416712072 ], [ -158.029005394229472, 21.449611416785906 ], [ -158.028988394235228, 21.449209416810461 ], [ -158.028892394245304, 21.448696416840974 ], [ -158.028784394261095, 21.447780416896155 ], [ -158.028732394264466, 21.44766841690247 ], [ -158.028243394296169, 21.446618416961687 ], [ -158.027889394320908, 21.445720417013007 ], [ -158.0283043943123, 21.445177417051074 ], [ -158.028717394306, 21.444458417099959 ], [ -158.029069394301871, 21.443746417147715 ], [ -158.029202394299944, 21.443509417163828 ], [ -158.029569394294413, 21.442862417207756 ], [ -158.029468394304757, 21.442349417238205 ], [ -158.029452394309203, 21.442049417256499 ], [ -158.029439394314636, 21.441667417279874 ], [ -158.029432394317382, 21.441471417291858 ], [ -158.029035394344703, 21.440495417347524 ], [ -158.028333394385129, 21.439393417407491 ], [ -158.02830939439545, 21.43866041745229 ], [ -158.028302394398509, 21.438443417465628 ], [ -158.028363394416772, 21.436834417565308 ], [ -158.028455394425322, 21.435899417623936 ], [ -158.028577394434762, 21.434804417692682 ], [ -158.028760394436091, 21.434171417733715 ], [ -158.029157394430456, 21.433450417782581 ], [ -158.029466394424162, 21.433035417811624 ], [ -158.029767394420389, 21.432451417850942 ], [ -158.030042394419041, 21.431752417897084 ], [ -158.030164394420382, 21.431291417926801 ], [ -158.030194394425763, 21.430787417958189 ], [ -158.030011394440436, 21.43017741799369 ], [ -158.029889394452084, 21.429628418026073 ], [ -158.029920394456383, 21.429204418052514 ], [ -158.029950394459718, 21.42885741807423 ], [ -158.030011394461411, 21.428548418093936 ], [ -158.029966394467124, 21.42823541811266 ], [ -158.029877394472095, 21.428108418119525 ], [ -158.029828394474862, 21.428037418123367 ], [ -158.029218394501385, 21.427751418134068 ], [ -158.028485394532282, 21.42748441814221 ], [ -158.027784394563866, 21.427072418159664 ], [ -158.026766394612793, 21.426235418199713 ], [ -158.026624394620001, 21.426091418206926 ], [ -158.026502394628125, 21.425813418222674 ], [ -158.026416394636556, 21.425409418246559 ], [ -158.026410394637196, 21.425378418248371 ], [ -158.026380394641592, 21.425123418263748 ], [ -158.026258394648977, 21.424905418275749 ], [ -158.02616639465333, 21.424835418279034 ], [ -158.026105394656781, 21.424745418283869 ], [ -158.025953394663333, 21.42467641828642 ], [ -158.025861394667004, 21.424661418286323 ], [ -158.025678394673406, 21.424695418282131 ], [ -158.025525394678453, 21.424749418277127 ], [ -158.025434394680531, 21.424852418269722 ], [ -158.025281394680519, 21.425298418240573 ], [ -158.025098394685557, 21.425439418229793 ], [ -158.025066394686803, 21.425435418229704 ], [ -158.024976394691095, 21.425363418233118 ], [ -158.024915394694318, 21.425294418236689 ], [ -158.024884394696585, 21.425203418241953 ], [ -158.024855394700381, 21.424996418254313 ], [ -158.024854394700554, 21.424985418254984 ], [ -158.024854394702459, 21.424836418264139 ], [ -158.024915394704863, 21.424474418287108 ], [ -158.024915394706767, 21.424325418296291 ], [ -158.024766394714817, 21.424135418306278 ], [ -158.025251394695829, 21.424199418307801 ], [ -158.026116394661983, 21.424313418310593 ], [ -158.026703394638503, 21.424426418310265 ], [ -158.02718539461921, 21.424520418309925 ], [ -158.027244394617099, 21.424511418311173 ], [ -158.027393394611778, 21.424492418314024 ], [ -158.027418394611061, 21.424472418315524 ], [ -158.027466394609775, 21.424435418318392 ], [ -158.027692394601729, 21.424405418322738 ], [ -158.028058394589863, 21.424257418336008 ], [ -158.028211394585298, 21.424165418343403 ], [ -158.028363394581447, 21.424024418353749 ], [ -158.028516394578673, 21.4237954183696 ], [ -158.028638394577911, 21.423501418389058 ], [ -158.028669394580163, 21.423234418405841 ], [ -158.028669394583659, 21.42296341842253 ], [ -158.028577394591991, 21.422586418444663 ], [ -158.028516394597546, 21.422330418459758 ], [ -158.028455394601735, 21.422185418468015 ], [ -158.028455394603384, 21.42205541847601 ], [ -158.028852394588569, 21.422052418480693 ], [ -158.029004394583097, 21.422033418483569 ], [ -158.029279394573763, 21.421960418491182 ], [ -158.029432394569199, 21.42186941849852 ], [ -158.029466394569596, 21.421735418507161 ], [ -158.0294623945708, 21.421655418512 ], [ -158.02927939457976, 21.421495418519786 ], [ -158.028119394626344, 21.421254418521467 ], [ -158.028028394631519, 21.42111741852889 ], [ -158.027967394635766, 21.420964418537572 ], [ -158.02799739463623, 21.420842418545462 ], [ -158.028050394634818, 21.420797418548819 ], [ -158.028089394633781, 21.420766418551203 ], [ -158.028302394627303, 21.420648418560827 ], [ -158.029035394601777, 21.420500418578282 ], [ -158.029554394582902, 21.420454418586978 ], [ -158.02995039456772, 21.420477418590046 ], [ -158.03043939454912, 21.420500418594173 ], [ -158.030744394538203, 21.420458418600202 ], [ -158.031049394527713, 21.420386418608121 ], [ -158.031202394522722, 21.420325418613569 ], [ -158.031324394519004, 21.420260418618959 ], [ -158.031446394516024, 21.420138418627854 ], [ -158.031466394516571, 21.420036418634346 ], [ -158.031385394522971, 21.41977941864927 ], [ -158.030469394564307, 21.419234418672431 ], [ -158.030103394579442, 21.419127418674858 ], [ -158.028760394632087, 21.418951418670474 ], [ -158.02836339464838, 21.418841418672738 ], [ -158.028028394662584, 21.418715418676715 ], [ -158.027784394672892, 21.418619418679821 ], [ -158.027600394681144, 21.41851641868411 ], [ -158.027478394687307, 21.418394418690205 ], [ -158.026990394716847, 21.417525418738155 ], [ -158.026624394741191, 21.416701418784676 ], [ -158.02656339474629, 21.416483418797377 ], [ -158.026532394749069, 21.416361418804566 ], [ -158.026563394750639, 21.416144418818277 ], [ -158.027356394746278, 21.414191418947457 ], [ -158.027466394746739, 21.413836418970533 ], [ -158.027478394746851, 21.413794418973254 ], [ -158.027417394751353, 21.413622418983106 ], [ -158.027143394768132, 21.413122419010772 ], [ -158.026747394789624, 21.412607419037947 ], [ -158.026442394805571, 21.412257419056054 ], [ -158.026076394823519, 21.411928419072105 ], [ -158.025709394840504, 21.411681419083127 ], [ -158.025069394868865, 21.411345419096516 ], [ -158.024580394889824, 21.411139419103641 ], [ -158.024428394896319, 21.411078419105653 ], [ -158.024336394900558, 21.411017419108386 ], [ -158.024184394908815, 21.410818419118872 ], [ -158.02409239491567, 21.410555419134003 ], [ -158.02397039492547, 21.410151419157444 ], [ -158.023819394935771, 21.40979741917748 ], [ -158.023512394953855, 21.409285419205517 ], [ -158.023176394972126, 21.408850419228415 ], [ -158.023054394978658, 21.408697419236475 ], [ -158.022871394987931, 21.40851041924585 ], [ -158.022627394998608, 21.408392419250344 ], [ -158.022322395010519, 21.408354419249189 ], [ -158.02198639502214, 21.40842741924093 ], [ -158.021864395026171, 21.408472419236755 ], [ -158.021742395030856, 21.408461419236012 ], [ -158.021590395037521, 21.408385419238982 ], [ -158.02116239505682, 21.408133419249626 ], [ -158.020918395067753, 21.407996419255202 ], [ -158.02085739507126, 21.407900419260422 ], [ -158.02079639507599, 21.407713419271261 ], [ -158.020857395076149, 21.407526419283446 ], [ -158.020979395075443, 21.407229419303071 ], [ -158.021040395081116, 21.40661541934152 ], [ -158.021040395085436, 21.406283419361923 ], [ -158.021071395086153, 21.406142419370958 ], [ -158.021071395087858, 21.406008419379194 ], [ -158.02096739509787, 21.40553641940701 ], [ -158.020555395122585, 21.404823419446135 ], [ -158.020083395146429, 21.404348419469969 ], [ -158.020111395147012, 21.404223419478001 ], [ -158.020094395149556, 21.404078419486687 ], [ -158.019387395183685, 21.40348741951496 ], [ -158.018887395204104, 21.403360419517092 ], [ -158.018947395208698, 21.402829419550397 ], [ -158.019061395205455, 21.402751419556463 ], [ -158.01966939518411, 21.402644419570024 ], [ -158.020054395172224, 21.402450419586327 ], [ -158.019895395182772, 21.402095419606336 ], [ -158.01938439520535, 21.401832419616696 ], [ -158.018930395224316, 21.401678419620961 ], [ -158.01851939524073, 21.401600419621033 ], [ -158.018340395249822, 21.401416419630291 ], [ -158.018203395258155, 21.401169419643921 ], [ -158.017984395280735, 21.400070419708936 ], [ -158.018004395282645, 21.39986141972204 ], [ -158.01790739529531, 21.399167419763568 ], [ -158.017988395295333, 21.398937419778626 ], [ -158.017988395296754, 21.398826419785465 ], [ -158.018080395295812, 21.398635419798286 ], [ -158.018667395285547, 21.397737419860178 ], [ -158.01945139526191, 21.397300419895966 ], [ -158.019734395254375, 21.397065419913687 ], [ -158.019920395250494, 21.39683141993023 ], [ -158.020086395248256, 21.396528419950712 ], [ -158.02014539524933, 21.396273419967081 ], [ -158.020135395253675, 21.395970419985566 ], [ -158.020115395258387, 21.395667420003985 ], [ -158.019900395273083, 21.395159420032712 ], [ -158.019617395293238, 21.394425420074619 ], [ -158.01951939530025, 21.394171420089059 ], [ -158.019460395305373, 21.393946420102228 ], [ -158.019441395329778, 21.392137420213199 ], [ -158.019431395336937, 21.391619420244929 ], [ -158.019246395358039, 21.390533420309538 ], [ -158.019230395361717, 21.390298420323774 ], [ -158.019287395359811, 21.390281420325525 ], [ -158.019908395339172, 21.390082420344868 ], [ -158.020036395334898, 21.390042420348781 ], [ -158.021053395301493, 21.389686420382343 ], [ -158.021518395286563, 21.389497420399319 ], [ -158.021975395272165, 21.389294420417052 ], [ -158.022319395261434, 21.389130420431062 ], [ -158.022406395258798, 21.389083420434947 ], [ -158.023201395234452, 21.388666420469747 ], [ -158.023413395228204, 21.388539420479983 ], [ -158.023677395220233, 21.388392420492071 ], [ -158.025117395176807, 21.387591420557857 ], [ -158.0252643951724, 21.38751042056456 ], [ -158.025597395162379, 21.387322420579913 ], [ -158.026122395146615, 21.387024420604281 ], [ -158.02666939513017, 21.386715420629571 ], [ -158.027457395106637, 21.386261420666568 ], [ -158.027595395102423, 21.386185420672856 ], [ -158.028769395066121, 21.385598420722467 ], [ -158.030979394999889, 21.384337420825478 ], [ -158.0320063949695, 21.383720420875239 ] ] ], [ [ [ -176.043366867641737, 27.795899658236713 ], [ -176.04260486778557, 27.798070657903438 ], [ -176.036645868756807, 27.807144656553437 ], [ -176.028730870009923, 27.817275655066357 ], [ -176.02678887031297, 27.81953365473775 ], [ -176.025028870587676, 27.821581654439751 ], [ -176.010842872648738, 27.830288653277439 ], [ -176.006203873312302, 27.83260965298113 ], [ -176.000012874190674, 27.835346652643146 ], [ -176.000012874171688, 27.834383652795974 ], [ -176.000012874114759, 27.831494653254499 ], [ -176.000012874095859, 27.830532653407154 ], [ -175.990697875376298, 27.832584653226494 ], [ -175.983258876343456, 27.831423653526485 ], [ -175.974574877475618, 27.830247653848186 ], [ -175.964527878747532, 27.826979654522695 ], [ -175.938845881996571, 27.818625656245725 ], [ -175.932516882755323, 27.814453657004776 ], [ -175.924316883829647, 27.813712657249305 ], [ -175.921040884416385, 27.821441656076395 ], [ -175.925455883869432, 27.823434655692214 ], [ -175.939518882081359, 27.827478654832813 ], [ -175.955771880031421, 27.833057653695612 ], [ -175.973504877906691, 27.844871651545809 ], [ -175.978169877347653, 27.847979650979937 ], [ -175.98888687619791, 27.861906648602631 ], [ -175.990668876221662, 27.87500264649676 ], [ -175.991287876139239, 27.87500264648699 ], [ -175.993146875891767, 27.875002646457681 ], [ -175.993766875809229, 27.875002646447896 ], [ -175.992156876313828, 27.889501644172682 ], [ -175.987585877143829, 27.900516642497514 ], [ -175.984683877651293, 27.906525641590378 ], [ -175.981451878216774, 27.913220640579837 ], [ -175.966347880565309, 27.929913638174217 ], [ -175.950475882804483, 27.936201637432401 ], [ -175.935662884863007, 27.940583636976591 ], [ -175.908856888786232, 27.958270634609047 ], [ -175.904439889420019, 27.960572634316353 ], [ -175.875012893641184, 27.975915632367801 ], [ -175.875012893630384, 27.9753926324505 ], [ -175.875012893597926, 27.973825632698251 ], [ -175.875012893587154, 27.973303632780816 ], [ -175.857880896040882, 27.982111631667998 ], [ -175.823084901022241, 28.000002629412482 ], [ -175.817390901820858, 28.00215262916673 ], [ -175.810064902869641, 28.005944628688901 ], [ -175.806745903334928, 28.00719462854633 ], [ -175.805970903439771, 28.007305628541616 ], [ -175.799926904257461, 28.008172628504525 ], [ -175.786775906005374, 28.008594628655018 ], [ -175.786326906065057, 28.008609628660025 ], [ -175.778590907076563, 28.008082628870859 ], [ -175.769696908239155, 28.007477629113026 ], [ -175.754386910189055, 28.004025629909734 ], [ -175.750012910745909, 28.003039630137213 ], [ -175.746562911172305, 28.001651630412734 ], [ -175.746359911197771, 28.001589630425833 ], [ -175.745753911273937, 28.001405630464838 ], [ -175.745551911299287, 28.001344630477803 ], [ -175.74446691143558, 28.001014630547665 ], [ -175.744438911439119, 28.001006630549391 ], [ -175.741154911856825, 28.000254630721958 ], [ -175.740050911997287, 28.000002630779854 ], [ -175.739028912132113, 28.000002630796708 ], [ -175.735962912536706, 28.000002630847241 ], [ -175.734940912671561, 28.000002630864099 ], [ -175.707773915933785, 27.984662633725648 ], [ -175.704366916342707, 27.982739634084101 ], [ -175.681545918846666, 27.958561638259731 ], [ -175.670140919997806, 27.941603641110635 ], [ -175.664802920142819, 27.914420645468184 ], [ -175.664505920012743, 27.906130646775424 ], [ -175.66407491982423, 27.894064648677979 ], [ -175.665606919237177, 27.87500265164827 ], [ -175.66578591921359, 27.875002651645417 ], [ -175.666324919142738, 27.875002651636855 ], [ -175.666504919119035, 27.87500265163397 ], [ -175.676636917219469, 27.846767655910106 ], [ -175.678439916911913, 27.843243656435504 ], [ -175.724857909018795, 27.75256666997528 ], [ -175.726171908796147, 27.750002670358679 ], [ -175.734146907530288, 27.738857671991145 ], [ -175.746127905832992, 27.732719672775193 ], [ -175.750012905312559, 27.732294672783041 ], [ -175.750012905331033, 27.733256672631544 ], [ -175.77915090134158, 27.725687673381859 ], [ -175.80295189815638, 27.723487673368325 ], [ -175.817537896218909, 27.722974673228631 ], [ -175.845062892683302, 27.728459671946137 ], [ -175.864957889784279, 27.714536673845512 ], [ -175.875012888336244, 27.708414674661924 ], [ -175.875012888342894, 27.708763674606704 ], [ -175.875012888362761, 27.709810674441208 ], [ -175.875012888369412, 27.710159674386009 ], [ -175.895204885486407, 27.699215675813679 ], [ -175.898820884990101, 27.698318675901429 ], [ -175.939500879402885, 27.688233676890295 ], [ -175.969610875500223, 27.693404675622009 ], [ -175.976359874669527, 27.6969346749616 ], [ -176.000012871756837, 27.709308672645058 ], [ -176.000012871782502, 27.71066567242972 ], [ -176.000012871859553, 27.714737671783524 ], [ -176.000012871885275, 27.716095671568024 ], [ -176.005484871236973, 27.72031367081641 ], [ -176.023513869148786, 27.736742667936607 ], [ -176.024939868983523, 27.738042667708626 ], [ -176.029304868490641, 27.742685666905256 ], [ -176.034457867943928, 27.750002665664955 ], [ -176.039639867411267, 27.758244664276891 ], [ -176.04293286736069, 27.778408661022777 ], [ -176.043366867641737, 27.795899658236713 ] ] ], [ [ [ -161.987569189114708, 23.069927327254224 ], [ -161.98253818932497, 23.091278325428366 ], [ -161.965463190279763, 23.104990324209485 ], [ -161.944676191479545, 23.111900323555659 ], [ -161.93113219227331, 23.11302232341594 ], [ -161.919454192956977, 23.113991323295487 ], [ -161.887589194842889, 23.11038732349375 ], [ -161.875014195614199, 23.101640324187894 ], [ -161.875014195617439, 23.100822324256718 ], [ -161.875014195627102, 23.098367324463222 ], [ -161.875014195630371, 23.097550324531976 ], [ -161.87363919571348, 23.096892324582615 ], [ -161.87045319590618, 23.095355324701103 ], [ -161.8677201960829, 23.091153325045148 ], [ -161.863016196382119, 23.085186325530533 ], [ -161.86300219638315, 23.085142325534228 ], [ -161.859970196598965, 23.075662326320217 ], [ -161.858898196692593, 23.06812532694968 ], [ -161.858073196771159, 23.060809327561252 ], [ -161.858939196755045, 23.052597328254063 ], [ -161.860780196682214, 23.044381328950838 ], [ -161.863356196564979, 23.036605329613465 ], [ -161.865487196451596, 23.034013329839112 ], [ -161.866470196399234, 23.032819329943091 ], [ -161.868594196297209, 23.027707330380483 ], [ -161.871459196148038, 23.0234793307465 ], [ -161.875014195958641, 23.019245331115776 ], [ -161.875014195957959, 23.019408331102085 ], [ -161.875014195955742, 23.019897331061003 ], [ -161.875014195955032, 23.020061331047199 ], [ -161.894233194876051, 23.009433332014467 ], [ -161.931155192724901, 23.005398332497453 ], [ -161.93191119268073, 23.005316332507295 ], [ -161.955185191291918, 23.009172332272243 ], [ -161.976075189985067, 23.025567330966606 ], [ -161.985459189361933, 23.041134329684567 ], [ -161.987255189188744, 23.056736328370171 ], [ -161.987569189114708, 23.069927327254224 ] ] ], [ [ [ -164.76482400254929, 23.581724287288239 ], [ -164.763464002640063, 23.586705286788206 ], [ -164.761165002797071, 23.593502286105245 ], [ -164.760268002860329, 23.595099285944226 ], [ -164.758106003012983, 23.598955285555466 ], [ -164.755477003202316, 23.601695285277579 ], [ -164.753806003322524, 23.603520285092639 ], [ -164.750014003599972, 23.605138284925086 ], [ -164.740074004317961, 23.614397283985305 ], [ -164.724644005445811, 23.621073283296038 ], [ -164.709807006536778, 23.623237283058561 ], [ -164.702360007085701, 23.623305283040917 ], [ -164.697395007451519, 23.623350283029225 ], [ -164.688908008076453, 23.623428283009101 ], [ -164.682644008538716, 23.622809283061653 ], [ -164.668777009569453, 23.616627283656321 ], [ -164.654097010665168, 23.607072284584056 ], [ -164.644623011383686, 23.594543285813774 ], [ -164.640033011756003, 23.576114287635942 ], [ -164.645362011415784, 23.551517290086895 ], [ -164.654038010814673, 23.535224291720738 ], [ -164.663897010109167, 23.527028292553847 ], [ -164.673336009429278, 23.521088293162745 ], [ -164.685232008563702, 23.517152293577865 ], [ -164.696329007747124, 23.517050293610325 ], [ -164.70131400738012, 23.51700529362488 ], [ -164.723055005766156, 23.521760293194955 ], [ -164.739379004541576, 23.5301662923892 ], [ -164.750014003742052, 23.536149291812851 ], [ -164.750014003739807, 23.537133291714671 ], [ -164.750014003733156, 23.540087291419798 ], [ -164.750014003730968, 23.541072291321495 ], [ -164.75307000349548, 23.545317290903562 ], [ -164.757567003152133, 23.550225290421917 ], [ -164.759092003033857, 23.552724290175178 ], [ -164.762624002760077, 23.558512289603517 ], [ -164.764744002586554, 23.566383288820937 ], [ -164.764925002555515, 23.574954287964868 ], [ -164.76482400254929, 23.581724287288239 ] ] ], [ [ [ -166.386545875161829, 23.846366261716241 ], [ -166.384297875331782, 23.863660259835196 ], [ -166.384042875351241, 23.865626259621386 ], [ -166.3819418755171, 23.875003258600941 ], [ -166.383300875404899, 23.875003258601847 ], [ -166.382243875489792, 23.878099258264747 ], [ -166.382210875492433, 23.878199258253833 ], [ -166.380476875631331, 23.883981257624441 ], [ -166.377586875868332, 23.886249257376253 ], [ -166.375013876079322, 23.888270257155117 ], [ -166.375013876079691, 23.887693257217833 ], [ -166.375013876080942, 23.885962257405868 ], [ -166.37501387608134, 23.885385257468535 ], [ -166.365633876849415, 23.894210256504582 ], [ -166.352034877965707, 23.902466255601073 ], [ -166.351384878019019, 23.902861255557841 ], [ -166.330065879772008, 23.908295254958023 ], [ -166.324756880203978, 23.917957253908234 ], [ -166.307085881654189, 23.924886253150468 ], [ -166.288379883189322, 23.928980252700399 ], [ -166.288023883220603, 23.924175253220252 ], [ -166.278557883996854, 23.925943253025544 ], [ -166.264743885128865, 23.92852425274156 ], [ -166.250013886335864, 23.928863252699912 ], [ -166.2500138863345, 23.932433252314333 ], [ -166.233077887722544, 23.928494252734076 ], [ -166.229289888033037, 23.927010252892948 ], [ -166.204289890080673, 23.917217253939913 ], [ -166.182360891877664, 23.902328255534297 ], [ -166.175191892466842, 23.893971256430191 ], [ -166.170460892855743, 23.888455257021196 ], [ -166.165949893232096, 23.875003258465462 ], [ -166.166422893193584, 23.875003258465732 ], [ -166.167842893077903, 23.875003258466585 ], [ -166.168316893039332, 23.875003258466862 ], [ -166.165535893273329, 23.864819259560271 ], [ -166.164852893340111, 23.851021261043297 ], [ -166.165295893305142, 23.849643261191801 ], [ -166.168353893064506, 23.840146262215143 ], [ -166.169752892953113, 23.837425262508798 ], [ -166.164869893352716, 23.835410262721524 ], [ -166.153491894295257, 23.818944264481434 ], [ -166.150259894579364, 23.799727266542565 ], [ -166.148184894765279, 23.785482268070119 ], [ -166.143043895184661, 23.784461268174248 ], [ -166.142605895220385, 23.784374268183164 ], [ -166.136800895699594, 23.77851726880548 ], [ -166.129371896314154, 23.770176269692151 ], [ -166.125013896673522, 23.766117270122511 ], [ -166.125013896671703, 23.767475269976867 ], [ -166.125013896666218, 23.771551269539767 ], [ -166.125013896664456, 23.772910269393989 ], [ -166.121197896979112, 23.769248269782434 ], [ -166.11851289720056, 23.766672270055508 ], [ -166.116897897338447, 23.761708270585785 ], [ -166.116525897374629, 23.757404271046706 ], [ -166.116647897368381, 23.75480327132561 ], [ -166.116675897367003, 23.754225271387647 ], [ -166.114590897542229, 23.750003271837578 ], [ -166.114326897563643, 23.750003271837262 ], [ -166.113536897627739, 23.750003271836281 ], [ -166.113273897649094, 23.750003271835951 ], [ -166.106793898185686, 23.742525272629091 ], [ -166.106053898252867, 23.737853273128589 ], [ -166.104640898381291, 23.728932274082265 ], [ -166.105894898304683, 23.71353927573259 ], [ -166.113507897715635, 23.697151277499167 ], [ -166.114465897639548, 23.696230277599277 ], [ -166.125013896802102, 23.686099278701153 ], [ -166.125013896800567, 23.686907278614541 ], [ -166.125013896796105, 23.689333278354486 ], [ -166.125013896794655, 23.690142278267775 ], [ -166.128800896491953, 23.687553278551206 ], [ -166.132967896158902, 23.684706278863029 ], [ -166.130759896345126, 23.681011279255657 ], [ -166.127942896580265, 23.677616279615044 ], [ -166.125013896824811, 23.674086279988593 ], [ -166.12501389682609, 23.673415280060507 ], [ -166.125013896829984, 23.671405280275948 ], [ -166.125013896831319, 23.670735280347724 ], [ -166.117703897436542, 23.664599280993045 ], [ -166.117542897450591, 23.664088281047473 ], [ -166.113855897773419, 23.652339282299561 ], [ -166.113148897863084, 23.636985283942536 ], [ -166.113956897802808, 23.634563284203395 ], [ -166.117149897564815, 23.625003285233117 ], [ -166.11585889766954, 23.625003285230648 ], [ -166.111985897983601, 23.625003285223332 ], [ -166.110695898088153, 23.625003285220902 ], [ -166.111807898008777, 23.620211285736033 ], [ -166.112639897949407, 23.616628286121255 ], [ -166.116794897624857, 23.611257286704401 ], [ -166.120597897320948, 23.609282286923428 ], [ -166.121447897253006, 23.608841286972318 ], [ -166.125013896967715, 23.607116287164192 ], [ -166.125013896966692, 23.607549287117791 ], [ -166.125013896963708, 23.608850286978434 ], [ -166.125013896962656, 23.609284286931935 ], [ -166.131326896465026, 23.603014287616229 ], [ -166.145232895356855, 23.594220288587174 ], [ -166.151168894883654, 23.5904672890019 ], [ -166.17223189317906, 23.587093289408049 ], [ -166.194422891365804, 23.589534289192592 ], [ -166.211071889983089, 23.59981328812194 ], [ -166.214908889659512, 23.604174287660623 ], [ -166.224251888871748, 23.614794286536458 ], [ -166.228874888470671, 23.625003285446301 ], [ -166.228069888536425, 23.625003285444752 ], [ -166.225657888733394, 23.625003285440105 ], [ -166.224853888799089, 23.625003285438567 ], [ -166.228794888462033, 23.631760284718542 ], [ -166.232298888154105, 23.641583283667149 ], [ -166.230212888301025, 23.652641282472366 ], [ -166.229884888324193, 23.654385282283901 ], [ -166.223977888769838, 23.672536280318891 ], [ -166.212014889721559, 23.685533278900039 ], [ -166.205428890247646, 23.691604278236191 ], [ -166.214824889471458, 23.696689277703516 ], [ -166.222840888802125, 23.704881276833596 ], [ -166.224920888614264, 23.715172275728143 ], [ -166.226186888496812, 23.72346327483676 ], [ -166.226795888440478, 23.727447274408366 ], [ -166.231509888061566, 23.723612274828213 ], [ -166.241235887272893, 23.719675275266411 ], [ -166.250013886557383, 23.718174275440852 ], [ -166.250013886558833, 23.717319275533089 ], [ -166.25001388656321, 23.714755275809633 ], [ -166.250013886564659, 23.713901275901726 ], [ -166.265602885289695, 23.713143276006448 ], [ -166.266836885188042, 23.713444275975768 ], [ -166.286003883608856, 23.71812327549851 ], [ -166.302620882227359, 23.728669274382259 ], [ -166.311102881518678, 23.736020273598882 ], [ -166.315836881123118, 23.740123273161355 ], [ -166.319714880788922, 23.750003272097125 ], [ -166.31911388083833, 23.750003272096336 ], [ -166.317310880986525, 23.750003272093995 ], [ -166.316709881035933, 23.750003272093231 ], [ -166.32017688073816, 23.758487271179316 ], [ -166.323755880425892, 23.770977269831381 ], [ -166.322971880485539, 23.774402269459593 ], [ -166.31916588077641, 23.791050267652633 ], [ -166.313587881219235, 23.803739266273045 ], [ -166.32258588048515, 23.799055266789455 ], [ -166.336835879311963, 23.799643266740599 ], [ -166.356355877696444, 23.805948266077028 ], [ -166.357284877619037, 23.806639266003032 ], [ -166.369242876622565, 23.815539265049033 ], [ -166.375013876136251, 23.824627264067722 ], [ -166.375013876136933, 23.824030264132585 ], [ -166.375013876138837, 23.822240264326926 ], [ -166.375013876139548, 23.821644264391693 ], [ -166.378852875820485, 23.823638264178758 ], [ -166.382914875478605, 23.829660263528304 ], [ -166.384489875346162, 23.831995263276056 ], [ -166.386545875161829, 23.846366261716241 ] ] ], [ [ [ -168.058228732115879, 25.000003127658239 ], [ -168.057990732152291, 25.002616127350652 ], [ -168.057224732241167, 25.005938126961844 ], [ -168.056200732360765, 25.010505126427109 ], [ -168.054676732527525, 25.015280125870284 ], [ -168.052644732748149, 25.021302125168585 ], [ -168.050620732959942, 25.025871124638588 ], [ -168.046590733360546, 25.031275124019672 ], [ -168.042065733799433, 25.035435123550261 ], [ -168.035536734424369, 25.040015123041098 ], [ -168.030014734948452, 25.043139122699213 ], [ -168.027003735234018, 25.044805122517268 ], [ -168.022239735681268, 25.046683122318925 ], [ -168.01597373626592, 25.048564122127718 ], [ -168.013217736521852, 25.049192122067161 ], [ -168.009710736846415, 25.049822122010063 ], [ -168.008467736960796, 25.049932122003206 ], [ -168.006455737145473, 25.050036122000769 ], [ -168.001700737581643, 25.050253121998562 ], [ -168.000013737735941, 25.050256122006473 ], [ -168.000013737747736, 25.052243121772278 ], [ -167.988953738739809, 25.049052122202646 ], [ -167.9847377391132, 25.047042122460034 ], [ -167.972540740192898, 25.041227123204305 ], [ -167.962021741106071, 25.033219124197746 ], [ -167.952462741921835, 25.023541125382074 ], [ -167.949925742108348, 25.015737126311873 ], [ -167.947895742257771, 25.009489127056035 ], [ -167.946351742344916, 25.000003128178449 ], [ -167.946002742376692, 25.000003128180051 ], [ -167.944955742472132, 25.00000312818495 ], [ -167.944606742503936, 25.000003128186567 ], [ -167.94421774248238, 24.989810129386413 ], [ -167.946757742212583, 24.982888130188353 ], [ -167.947300742154965, 24.981409130359676 ], [ -167.948983741959012, 24.97364313126489 ], [ -167.95369874147903, 24.964389132331508 ], [ -167.958600741015914, 24.961384132662911 ], [ -167.966780740235038, 24.954890133390233 ], [ -167.98253573876903, 24.949607133942393 ], [ -167.98355073867458, 24.949268133977831 ], [ -168.000013737164494, 24.948110134041915 ], [ -168.000013737167251, 24.948629133980763 ], [ -168.000013737175436, 24.950188133797113 ], [ -168.000013737178193, 24.950708133735912 ], [ -168.023603735040609, 24.954480133187474 ], [ -168.037764733771866, 24.959718132507053 ], [ -168.050358732697248, 24.974490130707213 ], [ -168.058400732033022, 24.987888129088503 ], [ -168.058228732115879, 25.000003127658239 ] ] ], [ [ [ -170.684644476558333, 25.506316050017482 ], [ -170.684614476580776, 25.50884004968502 ], [ -170.684400476623154, 25.511428049345174 ], [ -170.68411047667135, 25.513725049044204 ], [ -170.683607476743731, 25.516248048714878 ], [ -170.683180476805717, 25.518449048427396 ], [ -170.682462476898309, 25.520648048142132 ], [ -170.681715476994299, 25.522880047852645 ], [ -170.680860477100708, 25.524984047580809 ], [ -170.679868477222072, 25.52715004730166 ], [ -170.678755477355708, 25.529252047031697 ], [ -170.677442477511875, 25.531549046737368 ], [ -170.676084477670912, 25.533588046477398 ], [ -170.674513477852628, 25.535657046214837 ], [ -170.672910478037153, 25.537664045960671 ], [ -170.671339478216623, 25.539441045736673 ], [ -170.669386478438128, 25.54144804548482 ], [ -170.667570478642375, 25.543098045279166 ], [ -170.666547478756826, 25.543950045173542 ], [ -170.663465479100438, 25.546363044875651 ], [ -170.659940479489819, 25.548660044596001 ], [ -170.656767479837981, 25.550439044382358 ], [ -170.653654480177408, 25.551927044206707 ], [ -170.650495480520192, 25.553220044057117 ], [ -170.647459480848227, 25.554288043936321 ], [ -170.643140481312173, 25.555484043807123 ], [ -170.639265481726028, 25.556260043730397 ], [ -170.636015482071684, 25.556745043687837 ], [ -170.633772482309155, 25.556939043677026 ], [ -170.630842482618846, 25.557134043670622 ], [ -170.628202482896114, 25.557101043692246 ], [ -170.625349483195578, 25.557037043719372 ], [ -170.62179348356679, 25.556712043785478 ], [ -170.61833048392657, 25.556195043876205 ], [ -170.614973484273634, 25.555484043991683 ], [ -170.61158548462268, 25.554610044128808 ], [ -170.60867148492099, 25.553640044275411 ], [ -170.605314485263307, 25.552346044467516 ], [ -170.60250648554765, 25.551021044660018 ], [ -170.599149485885931, 25.549241044915885 ], [ -170.596540486147092, 25.547626045145126 ], [ -170.594129486386777, 25.54594304538195 ], [ -170.59138348665735, 25.543712045692914 ], [ -170.588529486937148, 25.541221046038704 ], [ -170.586500487133719, 25.539151046323752 ], [ -170.584394487335572, 25.536725046655981 ], [ -170.582029487559765, 25.533685047070509 ], [ -170.580290487721129, 25.53099904743442 ], [ -170.578581487876761, 25.527991047840349 ], [ -170.577360487984947, 25.525436048183643 ], [ -170.576338488072963, 25.522977048512995 ], [ -170.575163488169721, 25.519580048966482 ], [ -170.574262488238929, 25.516313049401028 ], [ -170.573728488271144, 25.513240049807834 ], [ -170.57333248829039, 25.510360050188378 ], [ -170.573194488283463, 25.507577050554499 ], [ -170.573164488267736, 25.505119050877326 ], [ -170.573270488244219, 25.503501051089014 ], [ -170.573515488195994, 25.500556051474046 ], [ -170.573866488139942, 25.498033051803006 ], [ -170.574476488054302, 25.495185052172939 ], [ -170.575193487959211, 25.492564052512513 ], [ -170.576185487833158, 25.489652052888506 ], [ -170.577146487714771, 25.487323053188256 ], [ -170.578184487589283, 25.4851220534707 ], [ -170.57951148743237, 25.482761053772386 ], [ -170.581144487241403, 25.480140054106361 ], [ -170.582792487051336, 25.47784205439789 ], [ -170.584394486868092, 25.475803054655682 ], [ -170.586134486670829, 25.473829054904115 ], [ -170.587888486473304, 25.472017055131282 ], [ -170.589704486270534, 25.470365055337108 ], [ -170.591657486052668, 25.468618055554533 ], [ -170.593733485823293, 25.467065055745749 ], [ -170.596159485555773, 25.465316055960646 ], [ -170.598509485298621, 25.463893056133248 ], [ -170.600782485050502, 25.462598056289533 ], [ -170.602964484813299, 25.461497056420889 ], [ -170.60584848450128, 25.46023505656915 ], [ -170.608671484197032, 25.459167056692326 ], [ -170.611097483936334, 25.458358056783908 ], [ -170.614057483619519, 25.457549056872271 ], [ -170.616804483326746, 25.456966056932242 ], [ -170.619367483054191, 25.456514056976165 ], [ -170.621290482850014, 25.456222057002911 ], [ -170.623747482589778, 25.455930057026425 ], [ -170.625532482401468, 25.455833057028393 ], [ -170.627744482168566, 25.455768057023558 ], [ -170.629743481958229, 25.455735057015843 ], [ -170.631590481764562, 25.4558000569961 ], [ -170.634199481491805, 25.455995056954659 ], [ -170.636686481232005, 25.45622205690977 ], [ -170.639539480935611, 25.456708056828592 ], [ -170.642103480669448, 25.45719305674929 ], [ -170.644712480399875, 25.457841056648203 ], [ -170.646925480171831, 25.458488056549673 ], [ -170.649564479900647, 25.459361056418814 ], [ -170.652052479646557, 25.460397056267357 ], [ -170.654478479399103, 25.461465056112043 ], [ -170.657011479141858, 25.462728055930391 ], [ -170.659467478893646, 25.464120055732185 ], [ -170.66221447861713, 25.465835055489663 ], [ -170.664427478396078, 25.467452055263252 ], [ -170.666609478179282, 25.469201055019603 ], [ -170.668241478018246, 25.470657054817885 ], [ -170.670377477808415, 25.472696054536211 ], [ -170.672193477632078, 25.47470205426082 ], [ -170.674162477441996, 25.477033053941678 ], [ -170.675474477317096, 25.478812053699215 ], [ -170.677046477168375, 25.481078053390934 ], [ -170.678480477035237, 25.483472053066645 ], [ -170.679578476935063, 25.48554305278698 ], [ -170.680509476852734, 25.487647052503924 ], [ -170.681287476784433, 25.489459052260319 ], [ -170.681974476725401, 25.491239052021463 ], [ -170.682615476673476, 25.493310051744523 ], [ -170.683256476623541, 25.495639051433525 ], [ -170.683714476591234, 25.497743051153382 ], [ -170.684141476562814, 25.499942050860838 ], [ -170.684431476550003, 25.502273050551796 ], [ -170.684644476543298, 25.504342050277735 ], [ -170.684644476558333, 25.506316050017482 ] ] ], [ [ [ -171.809642356967203, 25.781353005348784 ], [ -171.806477357425933, 25.793363003719254 ], [ -171.80016135823999, 25.805825002051055 ], [ -171.786991359853346, 25.82230399988228 ], [ -171.772904361496074, 25.83080399881927 ], [ -171.771920361610881, 25.83139899874487 ], [ -171.768133362052424, 25.83368399845936 ], [ -171.750013364102927, 25.837946998010406 ], [ -171.750013364094656, 25.837050998133449 ], [ -171.7500133640699, 25.83436499850233 ], [ -171.750013364061687, 25.83346999862524 ], [ -171.731536366121759, 25.834652998602234 ], [ -171.721067367275396, 25.833931998780191 ], [ -171.710636368424304, 25.833213998957422 ], [ -171.688289370811134, 25.823771000420045 ], [ -171.676641371981987, 25.810910002268976 ], [ -171.669375372631492, 25.793911004650486 ], [ -171.66793537267705, 25.781220006398541 ], [ -171.669038372523744, 25.77769000687374 ], [ -171.677693371323443, 25.750003010602086 ], [ -171.676971371403255, 25.750003010607241 ], [ -171.674805371642663, 25.750003010622724 ], [ -171.674084371722358, 25.750003010627861 ], [ -171.680488370899639, 25.736755012396372 ], [ -171.682961370596558, 25.733317012849721 ], [ -171.686873370117354, 25.727882013566489 ], [ -171.699858368586973, 25.716861014985511 ], [ -171.718445366467279, 25.709498015865652 ], [ -171.73141636501353, 25.707482016052371 ], [ -171.737504364330931, 25.706536016140127 ], [ -171.750013362966541, 25.709194015688897 ], [ -171.750013362968332, 25.709409015659404 ], [ -171.750013362973846, 25.710056015570618 ], [ -171.750013362975636, 25.710272015540912 ], [ -171.755293362400039, 25.711456015341849 ], [ -171.762586361618844, 25.714764014837044 ], [ -171.770163360807032, 25.718202014312197 ], [ -171.782880359481226, 25.728341012830214 ], [ -171.79475435824952, 25.738572011340246 ], [ -171.797040358012424, 25.740542011053236 ], [ -171.801365357613236, 25.750003009721354 ], [ -171.801183357633505, 25.750003009722636 ], [ -171.800640357693794, 25.750003009726491 ], [ -171.800459357714004, 25.750003009727791 ], [ -171.807060357129217, 25.767136007323696 ], [ -171.80810135706372, 25.772868006527521 ], [ -171.809642356967203, 25.781353005348784 ] ] ], [ [ [ -174.06738709544959, 26.059616948503912 ], [ -174.061548096380733, 26.08201094521457 ], [ -174.059136096794475, 26.094153943425482 ], [ -174.055596097337201, 26.10525494180078 ], [ -174.054804097458714, 26.107739941437107 ], [ -174.052482097795178, 26.112989940674101 ], [ -174.04963309818001, 26.116580940162478 ], [ -174.040738099330156, 26.122604939337634 ], [ -174.036637099856591, 26.125002939014024 ], [ -174.036965099816427, 26.125002939011367 ], [ -174.037949099695766, 26.125002939003387 ], [ -174.038277099655602, 26.125002939000741 ], [ -174.031790100487342, 26.128694938504033 ], [ -174.031127100572348, 26.129072938453191 ], [ -174.01891310211775, 26.133998937819943 ], [ -174.010991103113696, 26.136588937499493 ], [ -174.010867103129044, 26.136602937498392 ], [ -174.007127103591415, 26.137055937461621 ], [ -174.003475104032702, 26.136485937576232 ], [ -174.002782104115539, 26.136287937611328 ], [ -174.000705104363789, 26.135695937716324 ], [ -174.000013104446481, 26.135498937751244 ], [ -174.000013104460379, 26.136882937545565 ], [ -173.991893105451197, 26.136610937652424 ], [ -173.981441106695513, 26.133226938240565 ], [ -173.969564108169152, 26.135385938017048 ], [ -173.957929109594005, 26.135692938066782 ], [ -173.950265110504546, 26.133154938506124 ], [ -173.936118112150069, 26.125002939830932 ], [ -173.938914111808799, 26.125002939808169 ], [ -173.929101112957824, 26.120141940608846 ], [ -173.926062113299764, 26.117238941063942 ], [ -173.918583114137533, 26.109743942235525 ], [ -173.913997114605678, 26.100528943638178 ], [ -173.913437114662855, 26.099401943809696 ], [ -173.908521115090593, 26.081884946444529 ], [ -173.903842115514209, 26.066762948721756 ], [ -173.903371115507014, 26.06005894971851 ], [ -173.913158114084922, 26.036000953206546 ], [ -173.925981112367651, 26.019629955534317 ], [ -173.942773110236146, 26.010716956728093 ], [ -173.943088110197181, 26.010657956734434 ], [ -173.964935107492835, 26.00664195716498 ], [ -173.977058105950562, 26.000002958059195 ], [ -173.977706105871334, 26.000002958054296 ], [ -173.979651105633678, 26.000002958039676 ], [ -173.98030010555442, 26.000002958034816 ], [ -173.983972105086707, 25.997943958313041 ], [ -173.984543105013955, 25.997624958356077 ], [ -173.991843104098791, 25.9951459586696 ], [ -173.995955103585544, 25.994004958808389 ], [ -174.000013103078999, 25.992880958945037 ], [ -174.00001310307411, 25.992346959024371 ], [ -174.000013103059445, 25.990747959261945 ], [ -174.000013103054613, 25.990214959341134 ], [ -174.006417102271996, 25.990291959281986 ], [ -174.007946102086976, 25.990510959237984 ], [ -174.027218099753497, 25.993280958682426 ], [ -174.030887099326065, 25.995667958300032 ], [ -174.037551098549585, 26.000002957605368 ], [ -174.038665098413134, 26.000002957597008 ], [ -174.042007098003666, 26.000002957571983 ], [ -174.043122097867098, 26.000002957563638 ], [ -174.046106097522596, 26.0023089571981 ], [ -174.059196096088158, 26.020721954358649 ], [ -174.059897096020279, 26.022661954064461 ], [ -174.065957095433902, 26.039430951521219 ], [ -174.06747009537159, 26.052486949565164 ], [ -174.06738709544959, 26.059616948503912 ] ] ], [ [ [ -178.443605546028721, 28.418988516572583 ], [ -178.438348547346436, 28.444090512389053 ], [ -178.4275905493989, 28.466104508828113 ], [ -178.41678455123855, 28.478181506961199 ], [ -178.411807552086088, 28.483744506101647 ], [ -178.395781554778551, 28.5000025036172 ], [ -178.39391355504975, 28.500002503650023 ], [ -178.388312555862797, 28.500002503748469 ], [ -178.386445556133822, 28.500002503781278 ], [ -178.384175556499059, 28.501591503551069 ], [ -178.381327556957416, 28.503588503261657 ], [ -178.37731255760076, 28.506280502874759 ], [ -178.37501255796937, 28.507824502652817 ], [ -178.375012557979517, 28.508276502575995 ], [ -178.375012558010212, 28.509633502345402 ], [ -178.375012558020444, 28.51008650226839 ], [ -178.360639560189838, 28.513821501887307 ], [ -178.355808560909168, 28.514650501831781 ], [ -178.340552563180211, 28.517271501656225 ], [ -178.333723564168309, 28.51720450178836 ], [ -178.315133566841467, 28.516336502264465 ], [ -178.304360568331617, 28.513265502976026 ], [ -178.297909569196349, 28.510220503606547 ], [ -178.291528570051582, 28.507209504229863 ], [ -178.281077571400459, 28.500002505636214 ], [ -178.28262957117596, 28.500002505608851 ], [ -178.287286570502317, 28.500002505526755 ], [ -178.288839570277617, 28.500002505499374 ], [ -178.280157571406676, 28.494381506605304 ], [ -178.271178572573945, 28.488567507748726 ], [ -178.257053574345093, 28.476537510035168 ], [ -178.256021574461727, 28.475092510298058 ], [ -178.250012575141227, 28.466676511828876 ], [ -178.250012575147963, 28.466976511778054 ], [ -178.250012575168199, 28.467879511625089 ], [ -178.250012575174935, 28.468180511574143 ], [ -178.238481576571303, 28.45615251381254 ], [ -178.237782576600267, 28.452927514370813 ], [ -178.232235576832011, 28.427337518799821 ], [ -178.230516576426254, 28.397703523846214 ], [ -178.231078576257801, 28.39372452451023 ], [ -178.2325055758308, 28.383635526193753 ], [ -178.237083574981426, 28.375002527577177 ], [ -178.236272575098468, 28.375002527591018 ], [ -178.233840575449477, 28.375002527632532 ], [ -178.233030575566346, 28.375002527646348 ], [ -178.235716575048144, 28.369013528614531 ], [ -178.238871574439798, 28.361983529751136 ], [ -178.246069573192699, 28.352400531251703 ], [ -178.250012572509775, 28.347153532073573 ], [ -178.250012572519637, 28.347607531996658 ], [ -178.250012572549139, 28.348969531765995 ], [ -178.250012572558916, 28.349423531689091 ], [ -178.257538571329661, 28.342834532677863 ], [ -178.270275569339987, 28.335890533639382 ], [ -178.271880569094918, 28.335280533715693 ], [ -178.288907566494885, 28.328812534525269 ], [ -178.301414564676236, 28.328338534395257 ], [ -178.341756558956433, 28.33385853277985 ], [ -178.348944557932441, 28.334654532523704 ], [ -178.37501255421671, 28.337542531594416 ], [ -178.375012554207302, 28.337105531668719 ], [ -178.375012554179136, 28.335795531891392 ], [ -178.375012554169729, 28.335359531965441 ], [ -178.386668552559001, 28.339060531140294 ], [ -178.395622551321281, 28.341903530506137 ], [ -178.411490549422865, 28.360663527047318 ], [ -178.412262549367284, 28.363274526590022 ], [ -178.415731549117737, 28.375002524535741 ], [ -178.415334549175384, 28.375002524542509 ], [ -178.414143549348381, 28.375002524562738 ], [ -178.413746549405971, 28.375002524569467 ], [ -178.415894549204609, 28.380088523667599 ], [ -178.433239547070514, 28.39777352036209 ], [ -178.440498546177423, 28.405174518977994 ], [ -178.443605546028721, 28.418988516572583 ] ] ] ] } }
]
}
