{
"type": "FeatureCollection",
"name": "DE_US_Cong_2018",
"crs": { "type": "name", "properties": { "name": "urn:ogc:def:crs:OGC:1.3:CRS84" } },
"features": [
{ "type": "Feature", "properties": { "STA": "DE", "ST": "10", "DISTRICT": "00", "LABEL": "AL", "DIST_NAME": "Congressional District - At Large", "TYPE": "US Congressional", "TYPE_ABB": "US_Cong", "ELECT_YEAR": "2018" }, "geometry": { "type": "MultiPolygon", "coordinates": [ [ [ [ -75.075156200530415, 38.625380160852842, 0.0 ], [ -75.070057, 38.621667, 0.0 ], [ -75.070669999999893, 38.620957, 0.0 ], [ -75.069911, 38.620133, 0.0 ], [ -75.070348, 38.617913, 0.0 ], [ -75.071224, 38.617615, 0.0 ], [ -75.071428, 38.618576, 0.0 ], [ -75.074636999999854, 38.617844, 0.0 ], [ -75.073995, 38.616425, 0.0 ], [ -75.07484099999985, 38.614753, 0.0 ], [ -75.077146, 38.614158, 0.0 ], [ -75.075978, 38.611411, 0.0 ], [ -75.077407, 38.6099, 0.0 ], [ -75.084845999999885, 38.60967, 0.0 ], [ -75.087706, 38.611547, 0.0 ], [ -75.087998, 38.613195, 0.0 ], [ -75.091587999999859, 38.615849, 0.0 ], [ -75.086949999999888, 38.618872, 0.0 ], [ -75.08476199999987, 38.619445, 0.0 ], [ -75.081785, 38.617934, 0.0 ], [ -75.083624, 38.618232000000106, 0.0 ], [ -75.08444, 38.616766, 0.0 ], [ -75.080297, 38.615874, 0.0 ], [ -75.079743, 38.617889, 0.0 ], [ -75.078109, 38.617523, 0.0 ], [ -75.078839, 38.618621, 0.0 ], [ -75.077439, 38.620293000000103, 0.0 ], [ -75.078868, 38.620682, 0.0 ], [ -75.077672, 38.621712, 0.0 ], [ -75.078402, 38.622605, 0.0 ], [ -75.078139999999877, 38.623955, 0.0 ], [ -75.07659299999986, 38.625551, 0.0 ], [ -75.075156200530415, 38.625380160852842, 0.0 ] ] ], [ [ [ -75.538526, 39.496929, 0.0 ], [ -75.538821401727631, 39.496903297153594, 0.0 ], [ -75.536217127680999, 39.497178970394003, 0.0 ], [ -75.537934, 39.496982, 0.0 ], [ -75.538384, 39.496942, 0.0 ], [ -75.538526, 39.496929, 0.0 ] ] ], [ [ [ -75.527279, 39.499036, 0.0 ], [ -75.527548, 39.49896, 0.0 ], [ -75.527732, 39.498971, 0.0 ], [ -75.52774, 39.498674, 0.0 ], [ -75.527768, 39.498487, 0.0 ], [ -75.527795, 39.498346, 0.0 ], [ -75.527804, 39.498301, 0.0 ], [ -75.527861, 39.498139, 0.0 ], [ -75.528400196012285, 39.498076935353112, 0.0 ], [ -75.528236389160014, 39.498370565817766, 0.0 ], [ -75.527584, 39.49954, 0.0 ], [ -75.529722, 39.501117, 0.0 ], [ -75.529761634363325, 39.50132999349988, 0.0 ], [ -75.530381732726738, 39.504662377560834, 0.0 ], [ -75.5304937873087, 39.505264554449369, 0.0 ], [ -75.530363661127041, 39.507439194497763, 0.0 ], [ -75.530095, 39.511929, 0.0 ], [ -75.528346651534093, 39.514929392468602, 0.0 ], [ -75.527800595539986, 39.51586649529709, 0.0 ], [ -75.527738266978474, 39.517329750495165, 0.0 ], [ -75.527720673417377, 39.51774278537151, 0.0 ], [ -75.527705, 39.517733, 0.0 ], [ -75.527394, 39.517443, 0.0 ], [ -75.527358, 39.516846, 0.0 ], [ -75.527447, 39.515968, 0.0 ], [ -75.527522, 39.515614, 0.0 ], [ -75.527589, 39.515531, 0.0 ], [ -75.528252, 39.51472, 0.0 ], [ -75.528309, 39.514651, 0.0 ], [ -75.528971, 39.513663, 0.0 ], [ -75.529741, 39.51204, 0.0 ], [ -75.529978, 39.510816, 0.0 ], [ -75.530022, 39.510414, 0.0 ], [ -75.530026, 39.508498, 0.0 ], [ -75.529996, 39.506758, 0.0 ], [ -75.530002, 39.505993, 0.0 ], [ -75.530141, 39.505373, 0.0 ], [ -75.530051, 39.504817, 0.0 ], [ -75.529703, 39.504155, 0.0 ], [ -75.52953, 39.503559, 0.0 ], [ -75.5294, 39.502842, 0.0 ], [ -75.529364, 39.50185, 0.0 ], [ -75.529419, 39.501367, 0.0 ], [ -75.529368, 39.501229, 0.0 ], [ -75.528747, 39.500881, 0.0 ], [ -75.528226, 39.500546, 0.0 ], [ -75.528019, 39.500414, 0.0 ], [ -75.527452, 39.500112, 0.0 ], [ -75.527143, 39.499801, 0.0 ], [ -75.526823, 39.499411, 0.0 ], [ -75.526839, 39.499393, 0.0 ], [ -75.526974, 39.499168, 0.0 ], [ -75.527023, 39.499124, 0.0 ], [ -75.527279, 39.499036, 0.0 ] ] ], [ [ [ -75.52718, 39.52348, 0.0 ], [ -75.527507274704362, 39.52275263588426, 0.0 ], [ -75.527475063560388, 39.523508840144359, 0.0 ], [ -75.527458311018989, 39.523902130840284, 0.0 ], [ -75.527406494763085, 39.525118594111987, 0.0 ], [ -75.527264625452119, 39.52844918608541, 0.0 ], [ -75.527259927514876, 39.528559477112026, 0.0 ], [ -75.527142, 39.531328, 0.0 ], [ -75.527361897386612, 39.532277343274075, 0.0 ], [ -75.527148, 39.532089, 0.0 ], [ -75.526919, 39.531891, 0.0 ], [ -75.526787, 39.53144, 0.0 ], [ -75.526671, 39.530215, 0.0 ], [ -75.526771, 39.529215, 0.0 ], [ -75.526921, 39.528612, 0.0 ], [ -75.52673, 39.527693, 0.0 ], [ -75.526654, 39.526638, 0.0 ], [ -75.526889, 39.525559, 0.0 ], [ -75.527121, 39.525093, 0.0 ], [ -75.527167, 39.524505, 0.0 ], [ -75.527078, 39.523828, 0.0 ], [ -75.527079, 39.523707, 0.0 ], [ -75.52718, 39.52348, 0.0 ] ] ], [ [ [ -75.527379, 39.533222, 0.0 ], [ -75.527479666637788, 39.532785777902959, 0.0 ], [ -75.527702643166208, 39.533748414479462, 0.0 ], [ -75.528031, 39.535166, 0.0 ], [ -75.531228088694093, 39.536435154721218, 0.0 ], [ -75.531930665649014, 39.536714058106398, 0.0 ], [ -75.534369, 39.54059, 0.0 ], [ -75.533816485479349, 39.541142306456365, 0.0 ], [ -75.534014, 39.540702, 0.0 ], [ -75.533975, 39.540218, 0.0 ], [ -75.533285, 39.539208, 0.0 ], [ -75.532617, 39.538102, 0.0 ], [ -75.531968, 39.537165, 0.0 ], [ -75.531575, 39.536825, 0.0 ], [ -75.530953, 39.536564, 0.0 ], [ -75.530795, 39.536529, 0.0 ], [ -75.530748, 39.536519, 0.0 ], [ -75.530684, 39.536505, 0.0 ], [ -75.530615, 39.53649, 0.0 ], [ -75.529821, 39.536318, 0.0 ], [ -75.529219, 39.536076, 0.0 ], [ -75.528248, 39.535586, 0.0 ], [ -75.527799, 39.535364, 0.0 ], [ -75.527675, 39.535277, 0.0 ], [ -75.527668, 39.535268, 0.0 ], [ -75.527649, 39.535242, 0.0 ], [ -75.527643, 39.535234, 0.0 ], [ -75.527606, 39.535185, 0.0 ], [ -75.527561, 39.535125, 0.0 ], [ -75.527521, 39.535027, 0.0 ], [ -75.527499, 39.534972, 0.0 ], [ -75.527477, 39.534768, 0.0 ], [ -75.527446, 39.5345, 0.0 ], [ -75.527407, 39.534397, 0.0 ], [ -75.52733, 39.534189, 0.0 ], [ -75.527379, 39.533222, 0.0 ] ] ], [ [ [ -75.533180673368207, 39.589101189925515, 0.0 ], [ -75.532992, 39.589032, 0.0 ], [ -75.532322, 39.589147, 0.0 ], [ -75.532237, 39.589092, 0.0 ], [ -75.531627, 39.588916, 0.0 ], [ -75.5314, 39.588818, 0.0 ], [ -75.531279, 39.588697, 0.0 ], [ -75.531304, 39.588492, 0.0 ], [ -75.531308, 39.588468, 0.0 ], [ -75.531312, 39.588434, 0.0 ], [ -75.531315, 39.588417, 0.0 ], [ -75.531297, 39.588382, 0.0 ], [ -75.531279, 39.588345, 0.0 ], [ -75.531223, 39.588157, 0.0 ], [ -75.530909, 39.587826, 0.0 ], [ -75.530781, 39.587312, 0.0 ], [ -75.530648, 39.587075, 0.0 ], [ -75.530493, 39.5868, 0.0 ], [ -75.530141, 39.586464, 0.0 ], [ -75.529309, 39.58608, 0.0 ], [ -75.528765, 39.585536, 0.0 ], [ -75.52846, 39.585057, 0.0 ], [ -75.528205, 39.584656, 0.0 ], [ -75.527693, 39.584112, 0.0 ], [ -75.527101, 39.58408, 0.0 ], [ -75.526141, 39.58416, 0.0 ], [ -75.524183, 39.58413, 0.0 ], [ -75.524119, 39.584097, 0.0 ], [ -75.523579, 39.583932, 0.0 ], [ -75.523097, 39.5838, 0.0 ], [ -75.522909, 39.583795, 0.0 ], [ -75.522877, 39.583795, 0.0 ], [ -75.5226, 39.583921, 0.0 ], [ -75.522153, 39.583756, 0.0 ], [ -75.522004, 39.583525, 0.0 ], [ -75.52184, 39.583415, 0.0 ], [ -75.521663, 39.583355, 0.0 ], [ -75.5215, 39.583333, 0.0 ], [ -75.521095, 39.583366, 0.0 ], [ -75.520967, 39.583388, 0.0 ], [ -75.520726, 39.583497, 0.0 ], [ -75.520478, 39.583475, 0.0 ], [ -75.520172, 39.583387, 0.0 ], [ -75.519796, 39.583415, 0.0 ], [ -75.51947, 39.583349, 0.0 ], [ -75.519406, 39.583327, 0.0 ], [ -75.519257, 39.583222, 0.0 ], [ -75.519065, 39.583107, 0.0 ], [ -75.518185, 39.582903, 0.0 ], [ -75.517844, 39.58276, 0.0 ], [ -75.517624, 39.582623, 0.0 ], [ -75.51666, 39.581947, 0.0 ], [ -75.516426, 39.581634, 0.0 ], [ -75.516298, 39.581315, 0.0 ], [ -75.516206, 39.581216, 0.0 ], [ -75.516014, 39.581062, 0.0 ], [ -75.515858, 39.58104, 0.0 ], [ -75.515546, 39.581123, 0.0 ], [ -75.515432, 39.581128, 0.0 ], [ -75.515155, 39.581079, 0.0 ], [ -75.514957, 39.580969, 0.0 ], [ -75.51473, 39.580743, 0.0 ], [ -75.514559, 39.580474, 0.0 ], [ -75.51434, 39.579892, 0.0 ], [ -75.514248, 39.579535, 0.0 ], [ -75.514148, 39.579364, 0.0 ], [ -75.513737, 39.579139, 0.0 ], [ -75.513503, 39.578809, 0.0 ], [ -75.51329, 39.578617, 0.0 ], [ -75.512998, 39.57845, 0.0 ], [ -75.51277, 39.57829, 0.0 ], [ -75.512501, 39.575006, 0.0 ], [ -75.512246, 39.5717, 0.0 ], [ -75.512073, 39.569453, 0.0 ], [ -75.511957, 39.567242, 0.0 ], [ -75.5121, 39.566916, 0.0 ], [ -75.512603, 39.566192, 0.0 ], [ -75.513001, 39.565539, 0.0 ], [ -75.513464, 39.56472, 0.0 ], [ -75.513486, 39.56468, 0.0 ], [ -75.5135, 39.564656, 0.0 ], [ -75.513861, 39.564018, 0.0 ], [ -75.513869, 39.564004, 0.0 ], [ -75.513879, 39.563986, 0.0 ], [ -75.513991, 39.563792, 0.0 ], [ -75.514635, 39.562672, 0.0 ], [ -75.514756, 39.562612, 0.0 ], [ -75.515007, 39.562612, 0.0 ], [ -75.515031, 39.562576, 0.0 ], [ -75.515674, 39.561435, 0.0 ], [ -75.516033, 39.560655, 0.0 ], [ -75.51677, 39.559434, 0.0 ], [ -75.517814, 39.557457, 0.0 ], [ -75.518144, 39.556684, 0.0 ], [ -75.519068, 39.555434, 0.0 ], [ -75.5202, 39.554173, 0.0 ], [ -75.521364, 39.552914, 0.0 ], [ -75.522495, 39.551815, 0.0 ], [ -75.524107, 39.550373, 0.0 ], [ -75.524736, 39.549659, 0.0 ], [ -75.526003, 39.548488, 0.0 ], [ -75.527028, 39.547655, 0.0 ], [ -75.528141546678683, 39.546815108206218, 0.0 ], [ -75.527511798451343, 39.54744461928486, 0.0 ], [ -75.518435999999895, 39.556517, 0.0 ], [ -75.518429414196447, 39.556528775997236, 0.0 ], [ -75.512290954589872, 39.5675048828125, 0.0 ], [ -75.513091271260663, 39.577890489497804, 0.0 ], [ -75.514394168345035, 39.57888202138551, 0.0 ], [ -75.519984, 39.583136, 0.0 ], [ -75.520418850412199, 39.583184546711749, 0.0 ], [ -75.520988464355327, 39.583248138427734, 0.0 ], [ -75.525219776610584, 39.583696976065553, 0.0 ], [ -75.528048, 39.584, 0.0 ], [ -75.534622986653801, 39.590153117400774, 0.0 ], [ -75.535903998393962, 39.591351935899212, 0.0 ], [ -75.535255, 39.590928, 0.0 ], [ -75.534462, 39.590409, 0.0 ], [ -75.534216, 39.590342, 0.0 ], [ -75.53401529191288, 39.589753633954459, 0.0 ], [ -75.533968, 39.589615, 0.0 ], [ -75.533641, 39.58927, 0.0 ], [ -75.533180673368207, 39.589101189925515, 0.0 ] ] ], [ [ [ -75.556735, 39.606685, 0.0 ], [ -75.555971, 39.605925, 0.0 ], [ -75.555918, 39.605931, 0.0 ], [ -75.555865, 39.605928, 0.0 ], [ -75.55579, 39.605925, 0.0 ], [ -75.555521, 39.60581, 0.0 ], [ -75.555478, 39.605771, 0.0 ], [ -75.555393, 39.605052, 0.0 ], [ -75.555033, 39.604732, 0.0 ], [ -75.554122, 39.60392, 0.0 ], [ -75.553666, 39.603037, 0.0 ], [ -75.553546, 39.602803, 0.0 ], [ -75.553448, 39.602613, 0.0 ], [ -75.553391, 39.602421, 0.0 ], [ -75.55344, 39.602123, 0.0 ], [ -75.553455, 39.602064, 0.0 ], [ -75.553461, 39.602056, 0.0 ], [ -75.553568, 39.601932, 0.0 ], [ -75.553498, 39.601863, 0.0 ], [ -75.553454, 39.601843, 0.0 ], [ -75.551587, 39.601218, 0.0 ], [ -75.551091, 39.601026, 0.0 ], [ -75.550941, 39.600968, 0.0 ], [ -75.550209, 39.600684, 0.0 ], [ -75.55011, 39.600602, 0.0 ], [ -75.550039, 39.600486, 0.0 ], [ -75.549705, 39.600255, 0.0 ], [ -75.549371, 39.599844, 0.0 ], [ -75.549066, 39.59975, 0.0 ], [ -75.548789, 39.599679, 0.0 ], [ -75.54798, 39.599278, 0.0 ], [ -75.547895, 39.599212, 0.0 ], [ -75.547696, 39.599041, 0.0 ], [ -75.547476, 39.598816, 0.0 ], [ -75.547313, 39.598613, 0.0 ], [ -75.547007, 39.598107, 0.0 ], [ -75.54683, 39.597992, 0.0 ], [ -75.546157, 39.597388, 0.0 ], [ -75.545938, 39.597273, 0.0 ], [ -75.545823, 39.59717, 0.0 ], [ -75.54532, 39.596922, 0.0 ], [ -75.545169, 39.59681, 0.0 ], [ -75.545011, 39.596695, 0.0 ], [ -75.544961, 39.596661, 0.0 ], [ -75.544348, 39.596351, 0.0 ], [ -75.543438, 39.595757, 0.0 ], [ -75.543395, 39.595697, 0.0 ], [ -75.543196, 39.595532, 0.0 ], [ -75.543063, 39.595433, 0.0 ], [ -75.543019, 39.5954, 0.0 ], [ -75.542458, 39.594719, 0.0 ], [ -75.542096, 39.594516, 0.0 ], [ -75.541677, 39.5944, 0.0 ], [ -75.541379, 39.594356, 0.0 ], [ -75.540274, 39.594392, 0.0 ], [ -75.540222, 39.594394, 0.0 ], [ -75.540079, 39.594426, 0.0 ], [ -75.540046, 39.594354, 0.0 ], [ -75.53968, 39.594296, 0.0 ], [ -75.539349, 39.59418, 0.0 ], [ -75.539023, 39.594058, 0.0 ], [ -75.53856, 39.593977, 0.0 ], [ -75.538224, 39.593856, 0.0 ], [ -75.538066, 39.593894, 0.0 ], [ -75.537915, 39.593806, 0.0 ], [ -75.537588, 39.593691, 0.0 ], [ -75.537569, 39.593677, 0.0 ], [ -75.537478, 39.593609, 0.0 ], [ -75.537375, 39.593532, 0.0 ], [ -75.537244, 39.593285, 0.0 ], [ -75.537191, 39.593186, 0.0 ], [ -75.537221303292199, 39.592584718886897, 0.0 ], [ -75.538271999999864, 39.593568, 0.0 ], [ -75.541245200689957, 39.594148703259847, 0.0 ], [ -75.542368, 39.594368, 0.0 ], [ -75.546974225152098, 39.597278526881894, 0.0 ], [ -75.553713694640606, 39.601536982877363, 0.0 ], [ -75.554016, 39.601728, 0.0 ], [ -75.555584860170256, 39.604419598965066, 0.0 ], [ -75.55605054444726, 39.605218545449858, 0.0 ], [ -75.556339906696877, 39.605714986845044, 0.0 ], [ -75.556499704228173, 39.605989141851396, 0.0 ], [ -75.557365338056172, 39.607474257707821, 0.0 ], [ -75.557392, 39.60752, 0.0 ], [ -75.557390679092208, 39.607557249600546, 0.0 ], [ -75.557351006137509, 39.608676026923249, 0.0 ], [ -75.557038, 39.607632, 0.0 ], [ -75.556735, 39.606685, 0.0 ] ] ], [ [ [ -75.557247, 39.610513, 0.0 ], [ -75.55728761442063, 39.61046367333779, 0.0 ], [ -75.557266705112141, 39.611053315838575, 0.0 ], [ -75.557232, 39.612032, 0.0 ], [ -75.558203582308323, 39.615083269832098, 0.0 ], [ -75.559807990870155, 39.620121940669208, 0.0 ], [ -75.559802911239643, 39.625652699920408, 0.0 ], [ -75.559799194335795, 39.629699707031264, 0.0 ], [ -75.559565856431789, 39.630075484150012, 0.0 ], [ -75.559102, 39.629055, 0.0 ], [ -75.559247, 39.627691, 0.0 ], [ -75.559258, 39.627588, 0.0 ], [ -75.559269, 39.627486, 0.0 ], [ -75.55939, 39.62633, 0.0 ], [ -75.559612, 39.62421, 0.0 ], [ -75.559646, 39.623455, 0.0 ], [ -75.559774, 39.62307, 0.0 ], [ -75.559775, 39.623058, 0.0 ], [ -75.559792, 39.622691, 0.0 ], [ -75.559478, 39.620403, 0.0 ], [ -75.559475, 39.62038, 0.0 ], [ -75.559455, 39.620226, 0.0 ], [ -75.558446, 39.617298, 0.0 ], [ -75.558176, 39.616827, 0.0 ], [ -75.558079, 39.616657, 0.0 ], [ -75.557709, 39.614351, 0.0 ], [ -75.557533, 39.613167, 0.0 ], [ -75.556879, 39.612145, 0.0 ], [ -75.55683, 39.611329, 0.0 ], [ -75.557247, 39.610513, 0.0 ] ] ], [ [ [ -75.540891, 39.645488692810417, 0.0 ], [ -75.541043, 39.645442, 0.0 ], [ -75.541555, 39.645442, 0.0 ], [ -75.541924, 39.645487, 0.0 ], [ -75.542123, 39.645311, 0.0 ], [ -75.542148, 39.645246, 0.0 ], [ -75.542194, 39.645135, 0.0 ], [ -75.542219, 39.645059, 0.0 ], [ -75.542296, 39.644821, 0.0 ], [ -75.542351, 39.644652, 0.0 ], [ -75.542456, 39.644532, 0.0 ], [ -75.542687, 39.644273, 0.0 ], [ -75.542726, 39.644229, 0.0 ], [ -75.543083, 39.643828, 0.0 ], [ -75.543476, 39.643353, 0.0 ], [ -75.543558, 39.643253, 0.0 ], [ -75.543566, 39.643243, 0.0 ], [ -75.54359, 39.643216, 0.0 ], [ -75.543665, 39.643126, 0.0 ], [ -75.543741, 39.643031, 0.0 ], [ -75.543749, 39.643021, 0.0 ], [ -75.543778, 39.642987, 0.0 ], [ -75.543780491228006, 39.642984017543853, 0.0 ], [ -75.543849, 39.642902, 0.0 ], [ -75.543866, 39.642883, 0.0 ], [ -75.544298, 39.642362, 0.0 ], [ -75.544483, 39.642153, 0.0 ], [ -75.546444, 39.640357, 0.0 ], [ -75.546582, 39.640242, 0.0 ], [ -75.546646, 39.64019, 0.0 ], [ -75.546664, 39.640176, 0.0 ], [ -75.546676, 39.640166, 0.0 ], [ -75.546686, 39.640159, 0.0 ], [ -75.546707, 39.640141, 0.0 ], [ -75.54679, 39.640068, 0.0 ], [ -75.546822, 39.64004, 0.0 ], [ -75.546855, 39.640011, 0.0 ], [ -75.546872, 39.639996, 0.0 ], [ -75.547084, 39.63981, 0.0 ], [ -75.547211, 39.639698, 0.0 ], [ -75.547254, 39.639592, 0.0 ], [ -75.547304, 39.639467, 0.0 ], [ -75.54729, 39.639358, 0.0 ], [ -75.547325, 39.639286, 0.0 ], [ -75.548008, 39.638507, 0.0 ], [ -75.548036, 39.638397, 0.0 ], [ -75.547752, 39.638001, 0.0 ], [ -75.547802, 39.637858, 0.0 ], [ -75.547887, 39.637759, 0.0 ], [ -75.548093, 39.637534, 0.0 ], [ -75.5482, 39.637457, 0.0 ], [ -75.54837, 39.63738, 0.0 ], [ -75.548562, 39.637314, 0.0 ], [ -75.548817, 39.637254, 0.0 ], [ -75.548932, 39.637235, 0.0 ], [ -75.549149, 39.637202, 0.0 ], [ -75.549166, 39.637199, 0.0 ], [ -75.549364, 39.637177, 0.0 ], [ -75.550018, 39.637144, 0.0 ], [ -75.551077, 39.636738, 0.0 ], [ -75.55205, 39.63642, 0.0 ], [ -75.552512, 39.636233, 0.0 ], [ -75.55281, 39.636156, 0.0 ], [ -75.553009, 39.63614, 0.0 ], [ -75.553307, 39.636068, 0.0 ], [ -75.553442, 39.636013, 0.0 ], [ -75.553755, 39.635859, 0.0 ], [ -75.554103, 39.635755, 0.0 ], [ -75.554209, 39.635695, 0.0 ], [ -75.554273, 39.63564, 0.0 ], [ -75.554465, 39.635233, 0.0 ], [ -75.554515, 39.635151, 0.0 ], [ -75.555579, 39.634354, 0.0 ], [ -75.555624, 39.63432, 0.0 ], [ -75.555915, 39.634102, 0.0 ], [ -75.556021, 39.633948, 0.0 ], [ -75.556071, 39.633816, 0.0 ], [ -75.556149, 39.633723, 0.0 ], [ -75.556696, 39.633383, 0.0 ], [ -75.556788, 39.633284, 0.0 ], [ -75.557122, 39.632877, 0.0 ], [ -75.557627, 39.632581, 0.0 ], [ -75.557857, 39.632416, 0.0 ], [ -75.557918, 39.632372, 0.0 ], [ -75.557983, 39.632293, 0.0 ], [ -75.558088, 39.632169, 0.0 ], [ -75.558046, 39.632081, 0.0 ], [ -75.557925, 39.632086, 0.0 ], [ -75.557875, 39.632048, 0.0 ], [ -75.557975, 39.631965, 0.0 ], [ -75.558245, 39.631839, 0.0 ], [ -75.558437, 39.631537, 0.0 ], [ -75.558451, 39.631455, 0.0 ], [ -75.5585, 39.631301, 0.0 ], [ -75.558536, 39.631229, 0.0 ], [ -75.55882, 39.631147, 0.0 ], [ -75.558905, 39.631103, 0.0 ], [ -75.558969514363611, 39.631035858354622, 0.0 ], [ -75.558192, 39.632288, 0.0 ], [ -75.556602478027344, 39.634799957275348, 0.0 ], [ -75.549596607413918, 39.637703861796993, 0.0 ], [ -75.542395639066797, 39.645900758423167, 0.0 ], [ -75.537745599082086, 39.646709461029204, 0.0 ], [ -75.5355, 39.6471, 0.0 ], [ -75.527163477409914, 39.655386900431878, 0.0 ], [ -75.526614199576642, 39.655932908754167, 0.0 ], [ -75.526515, 39.655854, 0.0 ], [ -75.526344, 39.6557, 0.0 ], [ -75.52633, 39.655634, 0.0 ], [ -75.526416, 39.65537, 0.0 ], [ -75.526636, 39.654574, 0.0 ], [ -75.526665, 39.654502, 0.0 ], [ -75.526771, 39.654348, 0.0 ], [ -75.527106, 39.653771, 0.0 ], [ -75.52747, 39.653387, 0.0 ], [ -75.527832, 39.653041, 0.0 ], [ -75.52796, 39.652997, 0.0 ], [ -75.528564, 39.652871, 0.0 ], [ -75.528642, 39.652827, 0.0 ], [ -75.528781999999893, 39.652687, 0.0 ], [ -75.528788, 39.652681, 0.0 ], [ -75.528812, 39.652657, 0.0 ], [ -75.528997, 39.652448, 0.0 ], [ -75.529026, 39.652377, 0.0 ], [ -75.529019, 39.652141, 0.0 ], [ -75.52904, 39.652113, 0.0 ], [ -75.531222, 39.650125, 0.0 ], [ -75.531365, 39.649999, 0.0 ], [ -75.531443, 39.649961, 0.0 ], [ -75.531443, 39.649675, 0.0 ], [ -75.531585, 39.649345, 0.0 ], [ -75.531955, 39.649016, 0.0 ], [ -75.532722, 39.648445, 0.0 ], [ -75.532978, 39.648094, 0.0 ], [ -75.533405, 39.647742, 0.0 ], [ -75.533772, 39.647524, 0.0 ], [ -75.533895, 39.647449, 0.0 ], [ -75.53389988461538, 39.647446115384582, 0.0 ], [ -75.534022, 39.647374, 0.0 ], [ -75.534024823529364, 39.647372411764664, 0.0 ], [ -75.534054, 39.647356, 0.0 ], [ -75.534172, 39.647286, 0.0 ], [ -75.534486, 39.647127, 0.0 ], [ -75.534826, 39.646957, 0.0 ], [ -75.535079, 39.646877, 0.0 ], [ -75.53515, 39.646855, 0.0 ], [ -75.535153534883591, 39.646853976744239, 0.0 ], [ -75.535226, 39.646833, 0.0 ], [ -75.535394, 39.646781, 0.0 ], [ -75.535534, 39.646762, 0.0 ], [ -75.535571, 39.646757, 0.0 ], [ -75.535707, 39.646738, 0.0 ], [ -75.535817, 39.646726, 0.0 ], [ -75.536894, 39.646606, 0.0 ], [ -75.537228, 39.646507, 0.0 ], [ -75.537394, 39.646452, 0.0 ], [ -75.537409, 39.646446, 0.0 ], [ -75.537421, 39.646441, 0.0 ], [ -75.538021, 39.646246, 0.0 ], [ -75.539594, 39.645728, 0.0 ], [ -75.539963, 39.645662, 0.0 ], [ -75.540503, 39.645618, 0.0 ], [ -75.540617, 39.645574, 0.0 ], [ -75.540749, 39.645532, 0.0 ], [ -75.54089, 39.645489, 0.0 ], [ -75.540891, 39.645488692810417, 0.0 ] ] ], [ [ [ -75.523040696592716, 39.659485140886957, 0.0 ], [ -75.524568, 39.6575, 0.0 ], [ -75.524646, 39.657566, 0.0 ], [ -75.524831, 39.657379, 0.0 ], [ -75.524843, 39.657366, 0.0 ], [ -75.524972, 39.657237, 0.0 ], [ -75.525656, 39.656545, 0.0 ], [ -75.526075, 39.656451, 0.0 ], [ -75.526086507987458, 39.656457459321942, 0.0 ], [ -75.525274686396273, 39.657264448641939, 0.0 ], [ -75.523040696592716, 39.659485140886957, 0.0 ] ] ], [ [ [ -75.520252, 39.662211, 0.0 ], [ -75.520384291644461, 39.662125733900979, 0.0 ], [ -75.5187, 39.6638, 0.0 ], [ -75.5121, 39.674200000000113, 0.0 ], [ -75.509699976835037, 39.685200709069207, 0.0 ], [ -75.509438742597581, 39.693196960281938, 0.0 ], [ -75.509377, 39.69313, 0.0 ], [ -75.509334, 39.693025, 0.0 ], [ -75.50937, 39.692888, 0.0 ], [ -75.509306, 39.692668, 0.0 ], [ -75.509263, 39.69257, 0.0 ], [ -75.509228, 39.692328, 0.0 ], [ -75.509271, 39.692245, 0.0 ], [ -75.509271, 39.69223, 0.0 ], [ -75.509271, 39.69221, 0.0 ], [ -75.509322, 39.690422, 0.0 ], [ -75.509351, 39.689757, 0.0 ], [ -75.509427, 39.688857, 0.0 ], [ -75.50943, 39.688809, 0.0 ], [ -75.509432411764578, 39.688784882354128, 0.0 ], [ -75.509435, 39.688759, 0.0 ], [ -75.509523, 39.687731, 0.0 ], [ -75.509594, 39.687401, 0.0 ], [ -75.509602, 39.687138, 0.0 ], [ -75.509559, 39.686879, 0.0 ], [ -75.509536, 39.686794, 0.0 ], [ -75.509458, 39.686507, 0.0 ], [ -75.509368, 39.686429, 0.0 ], [ -75.509367, 39.686214, 0.0 ], [ -75.509367, 39.686, 0.0 ], [ -75.509367, 39.685317, 0.0 ], [ -75.509368, 39.685299, 0.0 ], [ -75.509369, 39.684847, 0.0 ], [ -75.509604, 39.683793, 0.0 ], [ -75.510189, 39.681491, 0.0 ], [ -75.510488, 39.680294, 0.0 ], [ -75.51041, 39.680217, 0.0 ], [ -75.510396, 39.679981, 0.0 ], [ -75.510346, 39.679882, 0.0 ], [ -75.510162, 39.679772, 0.0 ], [ -75.509863, 39.679679, 0.0 ], [ -75.509856, 39.679651, 0.0 ], [ -75.510034, 39.679514, 0.0 ], [ -75.510084, 39.679465, 0.0 ], [ -75.510098, 39.679421, 0.0 ], [ -75.510676, 39.676796, 0.0 ], [ -75.51079, 39.67618, 0.0 ], [ -75.510801, 39.676139, 0.0 ], [ -75.510804, 39.676129, 0.0 ], [ -75.510819, 39.676076, 0.0 ], [ -75.510897, 39.675818, 0.0 ], [ -75.510914, 39.67575, 0.0 ], [ -75.510916, 39.675739, 0.0 ], [ -75.51092, 39.675722, 0.0 ], [ -75.510933, 39.675674, 0.0 ], [ -75.511146, 39.67484, 0.0 ], [ -75.511945, 39.672486, 0.0 ], [ -75.511976, 39.672398, 0.0 ], [ -75.512008, 39.672309, 0.0 ], [ -75.512022, 39.672193, 0.0 ], [ -75.512357, 39.67143, 0.0 ], [ -75.512464, 39.671232, 0.0 ], [ -75.512663, 39.671007, 0.0 ], [ -75.512926, 39.670727, 0.0 ], [ -75.512983, 39.670678, 0.0 ], [ -75.513146, 39.670601, 0.0 ], [ -75.513573, 39.670541, 0.0 ], [ -75.513594, 39.670519, 0.0 ], [ -75.513608, 39.67048, 0.0 ], [ -75.513601, 39.670447, 0.0 ], [ -75.513559, 39.67042, 0.0 ], [ -75.513353, 39.670392, 0.0 ], [ -75.513346, 39.670343, 0.0 ], [ -75.513616, 39.670167, 0.0 ], [ -75.513701, 39.670068, 0.0 ], [ -75.513779, 39.669931, 0.0 ], [ -75.513915, 39.669558, 0.0 ], [ -75.513993, 39.669387, 0.0 ], [ -75.514008, 39.669041, 0.0 ], [ -75.514143, 39.668877, 0.0 ], [ -75.514157, 39.668745, 0.0 ], [ -75.514242, 39.66858, 0.0 ], [ -75.514257, 39.668514, 0.0 ], [ -75.514235, 39.668278, 0.0 ], [ -75.514321, 39.668146, 0.0 ], [ -75.514655, 39.667778, 0.0 ], [ -75.514805, 39.667443, 0.0 ], [ -75.514955, 39.667145, 0.0 ], [ -75.515016, 39.667025, 0.0 ], [ -75.515017873015864, 39.667021380952463, 0.0 ], [ -75.515075, 39.666911, 0.0 ], [ -75.515083, 39.666902, 0.0 ], [ -75.515426, 39.6665, 0.0 ], [ -75.516199, 39.665593, 0.0 ], [ -75.516832, 39.665027, 0.0 ], [ -75.517045, 39.664775, 0.0 ], [ -75.517244, 39.664434, 0.0 ], [ -75.517479, 39.664259, 0.0 ], [ -75.517792, 39.663951, 0.0 ], [ -75.518354, 39.663457, 0.0 ], [ -75.51846, 39.663347, 0.0 ], [ -75.518629, 39.663231, 0.0 ], [ -75.519007, 39.66297, 0.0 ], [ -75.519128, 39.662886, 0.0 ], [ -75.520017, 39.662326, 0.0 ], [ -75.520058, 39.662304, 0.0 ], [ -75.520062, 39.662302, 0.0 ], [ -75.520106, 39.66228, 0.0 ], [ -75.520252, 39.662211, 0.0 ] ] ], [ [ [ -75.509291, 39.694195, 0.0 ], [ -75.509406825042674, 39.694173940901365, 0.0 ], [ -75.5093994140625, 39.694400787353473, 0.0 ], [ -75.507519999999886, 39.696848, 0.0 ], [ -75.506903249605045, 39.697099444391753, 0.0 ], [ -75.506864, 39.697039, 0.0 ], [ -75.507398, 39.69649, 0.0 ], [ -75.508017, 39.695766, 0.0 ], [ -75.508152, 39.69565, 0.0 ], [ -75.508344, 39.695315, 0.0 ], [ -75.5087, 39.69481, 0.0 ], [ -75.508956, 39.694662, 0.0 ], [ -75.509005, 39.69461, 0.0 ], [ -75.509005992538079, 39.6946089926479, 0.0 ], [ -75.509072, 39.694542, 0.0 ], [ -75.509125, 39.694479, 0.0 ], [ -75.509191, 39.694311, 0.0 ], [ -75.509248, 39.694228, 0.0 ], [ -75.509291, 39.694195, 0.0 ] ] ], [ [ [ -75.483486, 39.714954, 0.0 ], [ -75.48323, 39.714784, 0.0 ], [ -75.483109, 39.714806, 0.0 ], [ -75.483102, 39.714828, 0.0 ], [ -75.483123, 39.714888, 0.0 ], [ -75.483152297709779, 39.714922951653847, 0.0 ], [ -75.48087205841054, 39.714199066162209, 0.0 ], [ -75.479752396449612, 39.713843617920617, 0.0 ], [ -75.479915, 39.713808, 0.0 ], [ -75.480285, 39.713736, 0.0 ], [ -75.4818, 39.713757, 0.0 ], [ -75.481885, 39.713779, 0.0 ], [ -75.482056, 39.713845, 0.0 ], [ -75.482227, 39.713939, 0.0 ], [ -75.482497, 39.71418, 0.0 ], [ -75.482511704987274, 39.714199066162124, 0.0 ], [ -75.48276, 39.714521, 0.0 ], [ -75.482824, 39.714581, 0.0 ], [ -75.482917, 39.714647, 0.0 ], [ -75.48296, 39.714652, 0.0 ], [ -75.483017, 39.714614, 0.0 ], [ -75.482988, 39.714509, 0.0 ], [ -75.482945, 39.714449, 0.0 ], [ -75.482710368233739, 39.714199066162124, 0.0 ], [ -75.482347, 39.713812, 0.0 ], [ -75.482333, 39.713779, 0.0 ], [ -75.48234, 39.713757, 0.0 ], [ -75.482376, 39.713708, 0.0 ], [ -75.482923, 39.713675, 0.0 ], [ -75.483428, 39.713658, 0.0 ], [ -75.483514, 39.713663, 0.0 ], [ -75.484175, 39.713943, 0.0 ], [ -75.484204, 39.714042, 0.0 ], [ -75.484107, 39.714178, 0.0 ], [ -75.483586, 39.714916, 0.0 ], [ -75.483522, 39.714949, 0.0 ], [ -75.483497619628935, 39.714952386162722, 0.0 ], [ -75.483486, 39.714954, 0.0 ] ] ], [ [ [ -75.491043, 39.710996, 0.0 ], [ -75.491206, 39.710864, 0.0 ], [ -75.491377, 39.710815, 0.0 ], [ -75.491683, 39.710914, 0.0 ], [ -75.491775, 39.710804, 0.0 ], [ -75.491846, 39.710683, 0.0 ], [ -75.491512, 39.710491, 0.0 ], [ -75.49137, 39.710386, 0.0 ], [ -75.49132, 39.710337, 0.0 ], [ -75.491305, 39.710167, 0.0 ], [ -75.491433, 39.709755, 0.0 ], [ -75.491547, 39.709535, 0.0 ], [ -75.491972, 39.708914, 0.0 ], [ -75.492001, 39.708874, 0.0 ], [ -75.492065, 39.708782, 0.0 ], [ -75.492477, 39.708354, 0.0 ], [ -75.492783, 39.707837, 0.0 ], [ -75.492903, 39.707727, 0.0 ], [ -75.49328, 39.707518, 0.0 ], [ -75.493429, 39.70737, 0.0 ], [ -75.493692, 39.706777, 0.0 ], [ -75.49372, 39.706634, 0.0 ], [ -75.493727, 39.706563, 0.0 ], [ -75.493681, 39.706461, 0.0 ], [ -75.493652, 39.706397, 0.0 ], [ -75.493621, 39.706326, 0.0 ], [ -75.493663, 39.706145, 0.0 ], [ -75.494046, 39.705387, 0.0 ], [ -75.494764, 39.704277, 0.0 ], [ -75.494913, 39.703893, 0.0 ], [ -75.495516, 39.702184, 0.0 ], [ -75.495913, 39.701245, 0.0 ], [ -75.496091, 39.70108, 0.0 ], [ -75.496958, 39.700514, 0.0 ], [ -75.497313, 39.700343, 0.0 ], [ -75.499516, 39.69932, 0.0 ], [ -75.499566, 39.699309, 0.0 ], [ -75.500005, 39.699304, 0.0 ], [ -75.500363, 39.699316, 0.0 ], [ -75.500875, 39.699393, 0.0 ], [ -75.501231, 39.699343, 0.0 ], [ -75.501188, 39.699069, 0.0 ], [ -75.501259, 39.699003, 0.0 ], [ -75.501985, 39.698811, 0.0 ], [ -75.502995, 39.698526, 0.0 ], [ -75.503279, 39.698433, 0.0 ], [ -75.503806, 39.69834, 0.0 ], [ -75.503932355054758, 39.698310655246829, 0.0 ], [ -75.50192124956925, 39.699130567483337, 0.0 ], [ -75.4966, 39.7013, 0.0 ], [ -75.494597104851863, 39.705794301307819, 0.0 ], [ -75.493152757467072, 39.709035275927604, 0.0 ], [ -75.492499999999865, 39.7105, 0.0 ], [ -75.488912, 39.71472, 0.0 ], [ -75.487071674183824, 39.715264540851393, 0.0 ], [ -75.487796, 39.714821, 0.0 ], [ -75.487938, 39.714771, 0.0 ], [ -75.488286, 39.714628, 0.0 ], [ -75.488357, 39.714386, 0.0 ], [ -75.488485, 39.714178, 0.0 ], [ -75.48948, 39.713254, 0.0 ], [ -75.489928, 39.712639, 0.0 ], [ -75.490453, 39.711875, 0.0 ], [ -75.490354, 39.711788, 0.0 ], [ -75.490986, 39.711123, 0.0 ], [ -75.491043, 39.710996, 0.0 ] ] ], [ [ [ -75.478635, 39.714242, 0.0 ], [ -75.478865761126769, 39.714101579399454, 0.0 ], [ -75.478, 39.714900000000114, 0.0 ], [ -75.477445447490823, 39.719029515834464, 0.0 ], [ -75.477260950862188, 39.720403383478384, 0.0 ], [ -75.476697655657659, 39.72459800243341, 0.0 ], [ -75.476693, 39.724596, 0.0 ], [ -75.47655, 39.724486, 0.0 ], [ -75.476408, 39.724278, 0.0 ], [ -75.476387, 39.724184, 0.0 ], [ -75.476351, 39.723761, 0.0 ], [ -75.476418, 39.723374, 0.0 ], [ -75.476436, 39.723273, 0.0 ], [ -75.476564, 39.723119, 0.0 ], [ -75.476715, 39.723022, 0.0 ], [ -75.476799, 39.722967, 0.0 ], [ -75.476813, 39.722959, 0.0 ], [ -75.476869, 39.722806, 0.0 ], [ -75.476862, 39.722773, 0.0 ], [ -75.47682, 39.722745, 0.0 ], [ -75.476787, 39.722728, 0.0 ], [ -75.476698, 39.722684, 0.0 ], [ -75.476613, 39.722641, 0.0 ], [ -75.476592, 39.722547, 0.0 ], [ -75.476578, 39.722454, 0.0 ], [ -75.476585, 39.722262, 0.0 ], [ -75.476578, 39.721977, 0.0 ], [ -75.476574, 39.721787, 0.0 ], [ -75.47657, 39.721608, 0.0 ], [ -75.476427, 39.721032, 0.0 ], [ -75.476414, 39.720794, 0.0 ], [ -75.476408, 39.720691, 0.0 ], [ -75.476406, 39.720642, 0.0 ], [ -75.476327, 39.720312, 0.0 ], [ -75.476426, 39.719274, 0.0 ], [ -75.476433, 39.719099, 0.0 ], [ -75.476443, 39.718863, 0.0 ], [ -75.476447, 39.718757, 0.0 ], [ -75.476454, 39.718593, 0.0 ], [ -75.476454, 39.718441, 0.0 ], [ -75.476454, 39.718336, 0.0 ], [ -75.476454, 39.718297, 0.0 ], [ -75.476454, 39.717643, 0.0 ], [ -75.476361, 39.716736, 0.0 ], [ -75.476403, 39.716572, 0.0 ], [ -75.476503, 39.716407, 0.0 ], [ -75.477214, 39.715594, 0.0 ], [ -75.477652, 39.71514, 0.0 ], [ -75.47766, 39.715132, 0.0 ], [ -75.478131, 39.714643, 0.0 ], [ -75.478479, 39.714352, 0.0 ], [ -75.478635, 39.714242, 0.0 ] ] ], [ [ [ -75.476189, 39.727112, 0.0 ], [ -75.476429187442534, 39.726597170640289, 0.0 ], [ -75.476313541542027, 39.727458336299605, 0.0 ], [ -75.475720321069815, 39.731875795950927, 0.0 ], [ -75.475555383356379, 39.733104016700835, 0.0 ], [ -75.475552, 39.733099, 0.0 ], [ -75.475524, 39.733033, 0.0 ], [ -75.475445, 39.732583, 0.0 ], [ -75.475423, 39.731902, 0.0 ], [ -75.475293, 39.731067, 0.0 ], [ -75.475261, 39.730864, 0.0 ], [ -75.475181, 39.730353, 0.0 ], [ -75.475184, 39.730255, 0.0 ], [ -75.475193, 39.73005, 0.0 ], [ -75.475196, 39.729972, 0.0 ], [ -75.475202, 39.729837, 0.0 ], [ -75.475191, 39.72974, 0.0 ], [ -75.475183, 39.729663, 0.0 ], [ -75.475173, 39.729578, 0.0 ], [ -75.47518, 39.729512, 0.0 ], [ -75.475237, 39.729353, 0.0 ], [ -75.475251, 39.729322, 0.0 ], [ -75.475649, 39.728507, 0.0 ], [ -75.475705, 39.72836, 0.0 ], [ -75.475834, 39.72803, 0.0 ], [ -75.476077, 39.7274, 0.0 ], [ -75.476189, 39.727112, 0.0 ] ] ], [ [ [ -75.475119, 39.734143, 0.0 ], [ -75.475262573300796, 39.733958909080471, 0.0 ], [ -75.475000888421704, 39.734458883170689, 0.0 ], [ -75.474991, 39.734439, 0.0 ], [ -75.475055, 39.734242, 0.0 ], [ -75.475119, 39.734143, 0.0 ] ] ], [ [ [ -75.46355, 39.757014, 0.0 ], [ -75.466235, 39.750795, 0.0 ], [ -75.46609, 39.750839, 0.0 ], [ -75.466098, 39.750755, 0.0 ], [ -75.466101, 39.750719, 0.0 ], [ -75.466112, 39.750597, 0.0 ], [ -75.46614, 39.750465, 0.0 ], [ -75.466227, 39.750302, 0.0 ], [ -75.466304, 39.750157, 0.0 ], [ -75.466425, 39.750002, 0.0 ], [ -75.466568, 39.749848, 0.0 ], [ -75.467513, 39.747657, 0.0 ], [ -75.467655, 39.747194, 0.0 ], [ -75.467658, 39.747183, 0.0 ], [ -75.467668, 39.747152, 0.0 ], [ -75.467672, 39.747142, 0.0 ], [ -75.467684, 39.747104, 0.0 ], [ -75.467696, 39.747066, 0.0 ], [ -75.467882, 39.746465, 0.0 ], [ -75.467904, 39.746135, 0.0 ], [ -75.468017, 39.745811, 0.0 ], [ -75.468174, 39.745586, 0.0 ], [ -75.469064, 39.743598, 0.0 ], [ -75.469095, 39.743532, 0.0 ], [ -75.469236, 39.743218, 0.0 ], [ -75.469253, 39.743179, 0.0 ], [ -75.469306, 39.743061, 0.0 ], [ -75.469324, 39.743023, 0.0 ], [ -75.469396, 39.742861, 0.0 ], [ -75.469492, 39.742753, 0.0 ], [ -75.469539, 39.742702, 0.0 ], [ -75.470093, 39.742284, 0.0 ], [ -75.470243, 39.74215, 0.0 ], [ -75.470285, 39.742114, 0.0 ], [ -75.470392, 39.741993, 0.0 ], [ -75.470445, 39.741902, 0.0 ], [ -75.470461, 39.741875, 0.0 ], [ -75.470485, 39.741834, 0.0 ], [ -75.47057, 39.741608, 0.0 ], [ -75.470605, 39.741477, 0.0 ], [ -75.47064, 39.741032, 0.0 ], [ -75.47069, 39.740856, 0.0 ], [ -75.470766, 39.740753, 0.0 ], [ -75.470847, 39.740647, 0.0 ], [ -75.470886, 39.74049, 0.0 ], [ -75.470918, 39.740367, 0.0 ], [ -75.470926, 39.740355, 0.0 ], [ -75.47096, 39.740312, 0.0 ], [ -75.471232, 39.740062, 0.0 ], [ -75.471337, 39.739967, 0.0 ], [ -75.471388, 39.73992, 0.0 ], [ -75.47154, 39.73978, 0.0 ], [ -75.471592, 39.739734, 0.0 ], [ -75.471675, 39.739657, 0.0 ], [ -75.471926, 39.739427, 0.0 ], [ -75.47201, 39.739351, 0.0 ], [ -75.472023, 39.73934, 0.0 ], [ -75.472119, 39.739252, 0.0 ], [ -75.472185, 39.739149, 0.0 ], [ -75.47229, 39.738988, 0.0 ], [ -75.472378036174206, 39.738911563886305, 0.0 ], [ -75.47223970385528, 39.739139940624085, 0.0 ], [ -75.469599490483716, 39.743501198585875, 0.0 ], [ -75.468113299390581, 39.746997314122424, 0.0 ], [ -75.46700504365549, 39.749604374622521, 0.0 ], [ -75.466557999999878, 39.750656, 0.0 ], [ -75.465456, 39.753376, 0.0 ], [ -75.463877079452629, 39.760319177541575, 0.0 ], [ -75.463617402256716, 39.757695107979757, 0.0 ], [ -75.46355, 39.757014, 0.0 ] ] ], [ [ [ -75.463697132040465, 39.761079247599142, 0.0 ], [ -75.463707596631252, 39.761064464770399, 0.0 ], [ -75.463699340820199, 39.761100769042969, 0.0 ], [ -75.463593406675102, 39.761225775480341, 0.0 ], [ -75.463697132040465, 39.761079247599142, 0.0 ] ] ], [ [ [ -75.45944, 39.765811, 0.0 ], [ -75.461291799500827, 39.763941762028452, 0.0 ], [ -75.459800720214844, 39.765701293945412, 0.0 ], [ -75.452697753906193, 39.768901824951143, 0.0 ], [ -75.452124480744715, 39.769395014915219, 0.0 ], [ -75.452216, 39.769232, 0.0 ], [ -75.452339, 39.769013, 0.0 ], [ -75.45944, 39.765811, 0.0 ] ] ], [ [ [ -75.075156200530415, 38.625380160852842, 0.0 ], [ -75.07709, 38.626375, 0.0 ], [ -75.073589, 38.630885, 0.0 ], [ -75.078171, 38.6318, 0.0 ], [ -75.082286999999894, 38.638667, 0.0 ], [ -75.079573999999866, 38.642764, 0.0 ], [ -75.082372, 38.64521, 0.0 ], [ -75.079862, 38.647661, 0.0 ], [ -75.081431, 38.648566, 0.0 ], [ -75.078670999999844, 38.650914, 0.0 ], [ -75.075022, 38.64906, 0.0 ], [ -75.076482, 38.650731, 0.0 ], [ -75.074789, 38.650594, 0.0 ], [ -75.076891, 38.652035, 0.0 ], [ -75.073067, 38.651601, 0.0 ], [ -75.074672, 38.652333, 0.0 ], [ -75.072337, 38.653089, 0.0 ], [ -75.076803, 38.652974, 0.0 ], [ -75.075227, 38.653798, 0.0 ], [ -75.077679, 38.6554, 0.0 ], [ -75.072951, 38.658468, 0.0 ], [ -75.072719, 38.667533, 0.0 ], [ -75.076137, 38.680763, 0.0 ], [ -75.075963, 38.687631, 0.0 ], [ -75.078856, 38.692483, 0.0 ], [ -75.085749, 38.694382, 0.0 ], [ -75.089531, 38.693023, 0.0 ], [ -75.090888, 38.691405, 0.0 ], [ -75.090360999999859, 38.686964, 0.0 ], [ -75.098143569725408, 38.689079815238841, 0.0 ], [ -75.105453, 38.691067000000118, 0.0 ], [ -75.107855, 38.687874, 0.0 ], [ -75.111037999999866, 38.688377, 0.0 ], [ -75.118775, 38.684802, 0.0 ], [ -75.123362999999841, 38.68844, 0.0 ], [ -75.123829, 38.687409, 0.0 ], [ -75.120029999999844, 38.68439, 0.0 ], [ -75.123711, 38.686425, 0.0 ], [ -75.133034, 38.68771, 0.0 ], [ -75.136594999999886, 38.690047000000106, 0.0 ], [ -75.138679, 38.688219, 0.0 ], [ -75.141943, 38.685356, 0.0 ], [ -75.135435, 38.678487, 0.0 ], [ -75.135263, 38.67416, 0.0 ], [ -75.13234599999987, 38.670748, 0.0 ], [ -75.135649, 38.665531, 0.0 ], [ -75.132877, 38.663309, 0.0 ], [ -75.131364, 38.656464, 0.0 ], [ -75.125558, 38.653073, 0.0 ], [ -75.126846, 38.648862, 0.0 ], [ -75.126435, 38.6517, 0.0 ], [ -75.128302, 38.653166, 0.0 ], [ -75.132186, 38.650261, 0.0 ], [ -75.12819, 38.646734, 0.0 ], [ -75.126625009577054, 38.640377038901846, 0.0 ], [ -75.126478, 38.635448, 0.0 ], [ -75.122119, 38.632358, 0.0 ], [ -75.122115999999863, 38.629314, 0.0 ], [ -75.119727, 38.63355, 0.0 ], [ -75.11637, 38.63204, 0.0 ], [ -75.117159, 38.633848, 0.0 ], [ -75.113045, 38.634445, 0.0 ], [ -75.111645, 38.636758, 0.0 ], [ -75.097638, 38.635047, 0.0 ], [ -75.095187, 38.629969, 0.0 ], [ -75.090635999999876, 38.627216, 0.0 ], [ -75.091358, 38.624501, 0.0 ], [ -75.094334, 38.623471, 0.0 ], [ -75.093224, 38.622029, 0.0 ], [ -75.099703, 38.625637, 0.0 ], [ -75.098683, 38.627377, 0.0 ], [ -75.101485, 38.629551, 0.0 ], [ -75.100319, 38.63152, 0.0 ], [ -75.101954, 38.633053, 0.0 ], [ -75.108344, 38.630625, 0.0 ], [ -75.110414, 38.628014, 0.0 ], [ -75.101777, 38.628429, 0.0 ], [ -75.101483, 38.625751, 0.0 ], [ -75.097047, 38.622646, 0.0 ], [ -75.098592, 38.619739, 0.0 ], [ -75.100694, 38.622233, 0.0 ], [ -75.099759, 38.620837, 0.0 ], [ -75.102441999999883, 38.618066, 0.0 ], [ -75.099175, 38.619281, 0.0 ], [ -75.100954, 38.617311, 0.0 ], [ -75.107722999999851, 38.617401, 0.0 ], [ -75.106178, 38.619484, 0.0 ], [ -75.116071, 38.623211, 0.0 ], [ -75.113559, 38.6196640000001, 0.0 ], [ -75.110583999999875, 38.620398, 0.0 ], [ -75.111662, 38.618086, 0.0 ], [ -75.117349, 38.615107, 0.0 ], [ -75.122017, 38.615014, 0.0 ], [ -75.123680999999863, 38.616203, 0.0 ], [ -75.121493, 38.616067, 0.0 ], [ -75.123739999999856, 38.617096, 0.0 ], [ -75.121757, 38.618012, 0.0 ], [ -75.12348, 38.619934, 0.0 ], [ -75.12214, 38.623002, 0.0 ], [ -75.124298, 38.621902, 0.0 ], [ -75.123917, 38.619728, 0.0 ], [ -75.126227, 38.621834, 0.0 ], [ -75.127046, 38.619408, 0.0 ], [ -75.124631, 38.618835, 0.0 ], [ -75.124496999999877, 38.615424, 0.0 ], [ -75.13564, 38.611013, 0.0 ], [ -75.147738, 38.609734, 0.0 ], [ -75.148670999999865, 38.610948, 0.0 ], [ -75.144906, 38.61303, 0.0 ], [ -75.147706999999855, 38.611978, 0.0 ], [ -75.146685999999846, 38.61271, 0.0 ], [ -75.147852, 38.614839, 0.0 ], [ -75.148669999999868, 38.611932, 0.0 ], [ -75.149866, 38.613146, 0.0 ], [ -75.150128999999879, 38.611658, 0.0 ], [ -75.152142, 38.611338, 0.0 ], [ -75.149516, 38.611337, 0.0 ], [ -75.149399999999872, 38.610193, 0.0 ], [ -75.15544, 38.60827, 0.0 ], [ -75.155499, 38.605982, 0.0 ], [ -75.160431, 38.600581, 0.0 ], [ -75.167611, 38.599762, 0.0 ], [ -75.174696, 38.595113, 0.0 ], [ -75.185342, 38.592458, 0.0 ], [ -75.192721, 38.593694000000113, 0.0 ], [ -75.196687, 38.591496, 0.0 ], [ -75.204796, 38.596028, 0.0 ], [ -75.213544, 38.590624000000119, 0.0 ], [ -75.21754, 38.591653, 0.0 ], [ -75.223547, 38.589408, 0.0 ], [ -75.229235, 38.591306, 0.0 ], [ -75.233725, 38.587962, 0.0 ], [ -75.236846, 38.588579, 0.0 ], [ -75.239152, 38.591737, 0.0 ], [ -75.241845999999896, 38.591371, 0.0 ], [ -75.24217, 38.59009, 0.0 ], [ -75.239967, 38.589631, 0.0 ], [ -75.238128, 38.58661, 0.0 ], [ -75.228182999999888, 38.587552, 0.0 ], [ -75.223458, 38.585013, 0.0 ], [ -75.221096, 38.58554, 0.0 ], [ -75.218734999999839, 38.590005, 0.0 ], [ -75.216197, 38.587167, 0.0 ], [ -75.207128, 38.588954, 0.0 ], [ -75.203685, 38.584628, 0.0 ], [ -75.198157, 38.583483, 0.0 ], [ -75.182493, 38.579805, 0.0 ], [ -75.179696414589756, 38.576851496627157, 0.0 ], [ -75.176487, 38.573462, 0.0 ], [ -75.166476, 38.575852, 0.0 ], [ -75.164827, 38.577507, 0.0 ], [ -75.162118, 38.571991, 0.0 ], [ -75.157171999999889, 38.569233, 0.0 ], [ -75.159056, 38.572542, 0.0 ], [ -75.157995999999855, 38.575117, 0.0 ], [ -75.161058, 38.578151, 0.0 ], [ -75.15831, 38.581444, 0.0 ], [ -75.153816, 38.587051, 0.0 ], [ -75.150084, 38.585608, 0.0 ], [ -75.146322, 38.586293, 0.0 ], [ -75.134738, 38.593591, 0.0 ], [ -75.126165, 38.591641, 0.0 ], [ -75.11771, 38.59201, 0.0 ], [ -75.112664, 38.590433, 0.0 ], [ -75.112634, 38.588991, 0.0 ], [ -75.109775, 38.588649, 0.0 ], [ -75.105455999999862, 38.584484, 0.0 ], [ -75.109624, 38.5805, 0.0 ], [ -75.109591, 38.576698, 0.0 ], [ -75.11297, 38.570197, 0.0 ], [ -75.109765, 38.573197, 0.0 ], [ -75.108746999999852, 38.577204, 0.0 ], [ -75.106998, 38.577685, 0.0 ], [ -75.108223, 38.578051, 0.0 ], [ -75.107436, 38.579608, 0.0 ], [ -75.095250126929216, 38.580313691845319, 0.0 ], [ -75.088220999999891, 38.58291, 0.0 ], [ -75.087490999999886, 38.57982, 0.0 ], [ -75.083904, 38.578974, 0.0 ], [ -75.078655999999853, 38.583095, 0.0 ], [ -75.077957, 38.587307000000109, 0.0 ], [ -75.074574, 38.588658, 0.0 ], [ -75.07539, 38.585636, 0.0 ], [ -75.073698999999863, 38.587033, 0.0 ], [ -75.071599, 38.586048, 0.0 ], [ -75.072852, 38.579318, 0.0 ], [ -75.075184, 38.577006, 0.0 ], [ -75.07320099999987, 38.575564, 0.0 ], [ -75.07326, 38.578174, 0.0 ], [ -75.068682, 38.577625, 0.0 ], [ -75.066378, 38.580463, 0.0 ], [ -75.063112, 38.581448, 0.0 ], [ -75.063637, 38.588773, 0.0 ], [ -75.067457999999874, 38.589459, 0.0 ], [ -75.069821, 38.59168, 0.0 ], [ -75.066525, 38.594839, 0.0 ], [ -75.066088, 38.598524, 0.0 ], [ -75.070929, 38.59699, 0.0 ], [ -75.072476, 38.59873, 0.0 ], [ -75.068713, 38.60140800000012, 0.0 ], [ -75.073322, 38.602576, 0.0 ], [ -75.070697, 38.603858, 0.0 ], [ -75.073702, 38.60475, 0.0 ], [ -75.078339, 38.60214, 0.0 ], [ -75.079244, 38.604498, 0.0 ], [ -75.05967, 38.607658, 0.0 ], [ -75.055119, 38.545662, 0.0 ], [ -75.049893999999853, 38.483756, 0.0 ], [ -75.049127, 38.467377, 0.0 ], [ -75.049312848056587, 38.451250954189987, 0.0 ], [ -75.050247, 38.45125, 0.0 ], [ -75.050583, 38.45125, 0.0 ], [ -75.05077, 38.45125, 0.0 ], [ -75.052242, 38.451249, 0.0 ], [ -75.052379, 38.451249, 0.0 ], [ -75.052792, 38.451249, 0.0 ], [ -75.053584, 38.451249, 0.0 ], [ -75.053977, 38.451249, 0.0 ], [ -75.054575, 38.45125, 0.0 ], [ -75.054955, 38.451248, 0.0 ], [ -75.055332, 38.451248, 0.0 ], [ -75.055393, 38.451248, 0.0 ], [ -75.055752, 38.451248, 0.0 ], [ -75.056666, 38.451247, 0.0 ], [ -75.057257, 38.451247, 0.0 ], [ -75.057663, 38.451247, 0.0 ], [ -75.05801, 38.451248, 0.0 ], [ -75.061801, 38.451244, 0.0 ], [ -75.062133, 38.451242, 0.0 ], [ -75.0627, 38.451244, 0.0 ], [ -75.063955, 38.451242, 0.0 ], [ -75.064719, 38.451243, 0.0 ], [ -75.065393, 38.451242, 0.0 ], [ -75.065643, 38.451242, 0.0 ], [ -75.066218, 38.451242, 0.0 ], [ -75.067181, 38.451241, 0.0 ], [ -75.069794, 38.45124, 0.0 ], [ -75.070356, 38.451239, 0.0 ], [ -75.070997, 38.451248, 0.0 ], [ -75.072092, 38.45128, 0.0 ], [ -75.072519, 38.451282, 0.0 ], [ -75.072759, 38.451283, 0.0 ], [ -75.07285, 38.451283, 0.0 ], [ -75.072972, 38.451284, 0.0 ], [ -75.073095, 38.451284, 0.0 ], [ -75.073126, 38.451284, 0.0 ], [ -75.073218, 38.451285, 0.0 ], [ -75.074988, 38.451292, 0.0 ], [ -75.080298, 38.451315, 0.0 ], [ -75.082068, 38.451323, 0.0 ], [ -75.082611, 38.451315, 0.0 ], [ -75.084241, 38.451292, 0.0 ], [ -75.084785, 38.451285, 0.0 ], [ -75.085814, 38.451228, 0.0 ], [ -75.085909, 38.451228, 0.0 ], [ -75.088281, 38.451225, 0.0 ], [ -75.089649, 38.451225, 0.0 ], [ -75.096973, 38.451217, 0.0 ], [ -75.100178, 38.451216, 0.0 ], [ -75.107832, 38.451209, 0.0 ], [ -75.107924, 38.451209, 0.0 ], [ -75.113832, 38.451203, 0.0 ], [ -75.120192, 38.451196, 0.0 ], [ -75.121018, 38.451195, 0.0 ], [ -75.12133, 38.451195, 0.0 ], [ -75.121606, 38.451195, 0.0 ], [ -75.121881, 38.451195, 0.0 ], [ -75.128206, 38.451187, 0.0 ], [ -75.128916, 38.451186, 0.0 ], [ -75.129254, 38.451186, 0.0 ], [ -75.129426, 38.451186, 0.0 ], [ -75.132338, 38.451183, 0.0 ], [ -75.134005, 38.451181, 0.0 ], [ -75.137146, 38.451177, 0.0 ], [ -75.139545, 38.451174, 0.0 ], [ -75.142015, 38.451176, 0.0 ], [ -75.142209, 38.451176, 0.0 ], [ -75.143404, 38.451178, 0.0 ], [ -75.146919, 38.45118, 0.0 ], [ -75.147471403414244, 38.4511804319026, 0.0 ], [ -75.149477, 38.451182, 0.0 ], [ -75.150356271450448, 38.45118287229306, 0.0 ], [ -75.152501, 38.451185, 0.0 ], [ -75.154075, 38.451186, 0.0 ], [ -75.155493, 38.451187, 0.0 ], [ -75.157814, 38.451189, 0.0 ], [ -75.158149, 38.45119, 0.0 ], [ -75.159924, 38.451191, 0.0 ], [ -75.172829, 38.451199, 0.0 ], [ -75.173604, 38.4512, 0.0 ], [ -75.177073, 38.451202, 0.0 ], [ -75.18044, 38.451204, 0.0 ], [ -75.180896, 38.451204, 0.0 ], [ -75.184717, 38.451205, 0.0 ], [ -75.185554, 38.451206, 0.0 ], [ -75.185738, 38.451207, 0.0 ], [ -75.190347, 38.45121, 0.0 ], [ -75.191656, 38.451209, 0.0 ], [ -75.19325, 38.45121, 0.0 ], [ -75.195461, 38.451211, 0.0 ], [ -75.203778, 38.451215, 0.0 ], [ -75.205133, 38.451214, 0.0 ], [ -75.206376, 38.451215, 0.0 ], [ -75.207227, 38.451216, 0.0 ], [ -75.20841, 38.451216, 0.0 ], [ -75.209639, 38.451216, 0.0 ], [ -75.2108, 38.451217, 0.0 ], [ -75.210862, 38.451218, 0.0 ], [ -75.212449, 38.451217, 0.0 ], [ -75.217469, 38.451219, 0.0 ], [ -75.218501, 38.451219, 0.0 ], [ -75.218548, 38.451219, 0.0 ], [ -75.224075, 38.45122, 0.0 ], [ -75.225565, 38.451221, 0.0 ], [ -75.227219, 38.45122, 0.0 ], [ -75.230732, 38.451221, 0.0 ], [ -75.232115, 38.451222, 0.0 ], [ -75.232706, 38.451226, 0.0 ], [ -75.232896, 38.451228, 0.0 ], [ -75.233247, 38.45123, 0.0 ], [ -75.234106, 38.451237, 0.0 ], [ -75.235888, 38.451251, 0.0 ], [ -75.236269, 38.451254, 0.0 ], [ -75.239482, 38.451279, 0.0 ], [ -75.252864, 38.451384, 0.0 ], [ -75.253022, 38.451385, 0.0 ], [ -75.259781, 38.451437, 0.0 ], [ -75.260763, 38.451444, 0.0 ], [ -75.263276, 38.451463, 0.0 ], [ -75.266761, 38.45149, 0.0 ], [ -75.273027, 38.451537, 0.0 ], [ -75.275486, 38.451555, 0.0 ], [ -75.289095, 38.451659, 0.0 ], [ -75.312969, 38.451834, 0.0 ], [ -75.331475, 38.451966, 0.0 ], [ -75.336133, 38.451998, 0.0 ], [ -75.336979, 38.452003, 0.0 ], [ -75.34039, 38.452028, 0.0 ], [ -75.341291, 38.452034, 0.0 ], [ -75.349203, 38.452089, 0.0 ], [ -75.35283, 38.452114, 0.0 ], [ -75.355433, 38.452131, 0.0 ], [ -75.35636, 38.452139, 0.0 ], [ -75.356992, 38.452143, 0.0 ], [ -75.357201, 38.452144, 0.0 ], [ -75.366062, 38.452202, 0.0 ], [ -75.368212, 38.452223, 0.0 ], [ -75.371095, 38.452239, 0.0 ], [ -75.373917, 38.452258, 0.0 ], [ -75.377961, 38.452287, 0.0 ], [ -75.378269, 38.452287, 0.0 ], [ -75.380043, 38.452298, 0.0 ], [ -75.380961, 38.452304, 0.0 ], [ -75.381125, 38.452306, 0.0 ], [ -75.384207, 38.452326, 0.0 ], [ -75.384425, 38.452327, 0.0 ], [ -75.393657, 38.452389, 0.0 ], [ -75.394991, 38.452397, 0.0 ], [ -75.400154, 38.45243, 0.0 ], [ -75.401986, 38.452442, 0.0 ], [ -75.408667, 38.452485, 0.0 ], [ -75.410412, 38.452496, 0.0 ], [ -75.410763, 38.4525, 0.0 ], [ -75.411764, 38.452505, 0.0 ], [ -75.413005, 38.452513, 0.0 ], [ -75.41556, 38.452527, 0.0 ], [ -75.416925, 38.452538, 0.0 ], [ -75.418666, 38.452571, 0.0 ], [ -75.420507, 38.452607, 0.0 ], [ -75.422586, 38.452651, 0.0 ], [ -75.423899, 38.452672, 0.0 ], [ -75.428643, 38.452767, 0.0 ], [ -75.430306, 38.452793, 0.0 ], [ -75.431717, 38.452823, 0.0 ], [ -75.432397, 38.452834, 0.0 ], [ -75.438562, 38.452953, 0.0 ], [ -75.43879, 38.452957, 0.0 ], [ -75.438982, 38.452961, 0.0 ], [ -75.439109, 38.452964, 0.0 ], [ -75.439228, 38.452966, 0.0 ], [ -75.43984, 38.452978, 0.0 ], [ -75.443027, 38.45304, 0.0 ], [ -75.444056, 38.453058, 0.0 ], [ -75.454329, 38.453252, 0.0 ], [ -75.454487, 38.453256, 0.0 ], [ -75.46359, 38.453428, 0.0 ], [ -75.47424, 38.453629, 0.0 ], [ -75.477004, 38.453681, 0.0 ], [ -75.477269, 38.453688, 0.0 ], [ -75.47754, 38.453692, 0.0 ], [ -75.479237, 38.453725, 0.0 ], [ -75.481447, 38.453767, 0.0 ], [ -75.486966, 38.453864, 0.0 ], [ -75.487059, 38.453868, 0.0 ], [ -75.489255, 38.45391, 0.0 ], [ -75.492791, 38.453976, 0.0 ], [ -75.493234, 38.453984, 0.0 ], [ -75.493497, 38.453989, 0.0 ], [ -75.497181, 38.454058, 0.0 ], [ -75.49883, 38.454086, 0.0 ], [ -75.499525, 38.454101, 0.0 ], [ -75.499758, 38.454105, 0.0 ], [ -75.500082, 38.454111, 0.0 ], [ -75.500231, 38.454114, 0.0 ], [ -75.501688, 38.454139, 0.0 ], [ -75.503008, 38.454166, 0.0 ], [ -75.504459, 38.454192, 0.0 ], [ -75.504815, 38.454199, 0.0 ], [ -75.506023, 38.454222, 0.0 ], [ -75.509398, 38.454284, 0.0 ], [ -75.509887, 38.454295, 0.0 ], [ -75.510843, 38.454323, 0.0 ], [ -75.511579, 38.454341, 0.0 ], [ -75.51179, 38.454347, 0.0 ], [ -75.515851, 38.454459, 0.0 ], [ -75.521479, 38.454612, 0.0 ], [ -75.521666, 38.454616, 0.0 ], [ -75.521794, 38.45462, 0.0 ], [ -75.5227, 38.454643, 0.0 ], [ -75.525309, 38.454716, 0.0 ], [ -75.5271, 38.454762, 0.0 ], [ -75.527289, 38.454768, 0.0 ], [ -75.527878, 38.454785, 0.0 ], [ -75.527966, 38.454787, 0.0 ], [ -75.528499, 38.454801, 0.0 ], [ -75.528681, 38.454806, 0.0 ], [ -75.529131, 38.454819, 0.0 ], [ -75.52995, 38.45484, 0.0 ], [ -75.530549, 38.454857, 0.0 ], [ -75.533804, 38.454945, 0.0 ], [ -75.534137, 38.454954, 0.0 ], [ -75.536362, 38.455014, 0.0 ], [ -75.537477, 38.455044, 0.0 ], [ -75.538451, 38.45507, 0.0 ], [ -75.539503, 38.455098, 0.0 ], [ -75.540322, 38.45512, 0.0 ], [ -75.540517, 38.455126, 0.0 ], [ -75.541144, 38.455142, 0.0 ], [ -75.541966, 38.455165, 0.0 ], [ -75.542787, 38.455186, 0.0 ], [ -75.543235, 38.455198, 0.0 ], [ -75.543505, 38.455206, 0.0 ], [ -75.547773, 38.455321, 0.0 ], [ -75.547913, 38.455325, 0.0 ], [ -75.549868, 38.455377, 0.0 ], [ -75.55296, 38.455459, 0.0 ], [ -75.553113, 38.455468, 0.0 ], [ -75.554656, 38.455505, 0.0 ], [ -75.554851, 38.455511, 0.0 ], [ -75.555338, 38.455525, 0.0 ], [ -75.557295, 38.455575, 0.0 ], [ -75.55748, 38.455581, 0.0 ], [ -75.557581, 38.455584, 0.0 ], [ -75.557978, 38.455596, 0.0 ], [ -75.558008774070231, 38.455596784052716, 0.0 ], [ -75.558135, 38.4556, 0.0 ], [ -75.55819, 38.4556, 0.0 ], [ -75.558223, 38.455601, 0.0 ], [ -75.558391, 38.455607, 0.0 ], [ -75.558669, 38.455613, 0.0 ], [ -75.55906, 38.455623, 0.0 ], [ -75.559089, 38.455624, 0.0 ], [ -75.559139, 38.455625, 0.0 ], [ -75.559289, 38.455629, 0.0 ], [ -75.559449, 38.455633, 0.0 ], [ -75.559973, 38.455648, 0.0 ], [ -75.560148, 38.455652, 0.0 ], [ -75.560289, 38.455656, 0.0 ], [ -75.560519, 38.455662, 0.0 ], [ -75.560746, 38.455669, 0.0 ], [ -75.560946, 38.455674, 0.0 ], [ -75.561287, 38.455683, 0.0 ], [ -75.561453, 38.455687, 0.0 ], [ -75.562352, 38.455711, 0.0 ], [ -75.562821, 38.455724, 0.0 ], [ -75.562908, 38.455726, 0.0 ], [ -75.563171, 38.455733, 0.0 ], [ -75.563392, 38.455739, 0.0 ], [ -75.564126, 38.455759, 0.0 ], [ -75.564378, 38.455766, 0.0 ], [ -75.564991, 38.455782, 0.0 ], [ -75.565087, 38.455784, 0.0 ], [ -75.566318, 38.455818, 0.0 ], [ -75.567499, 38.455849, 0.0 ], [ -75.568813, 38.455884, 0.0 ], [ -75.57015, 38.45592, 0.0 ], [ -75.570436, 38.455927, 0.0 ], [ -75.571278, 38.45595, 0.0 ], [ -75.57186, 38.455966, 0.0 ], [ -75.573149, 38.456, 0.0 ], [ -75.573675, 38.456014, 0.0 ], [ -75.574222, 38.456028, 0.0 ], [ -75.574717, 38.456042, 0.0 ], [ -75.575771, 38.45607, 0.0 ], [ -75.576804, 38.456097, 0.0 ], [ -75.578025, 38.45613, 0.0 ], [ -75.578203, 38.456134, 0.0 ], [ -75.578418, 38.45614, 0.0 ], [ -75.579865, 38.456179, 0.0 ], [ -75.580996, 38.456208, 0.0 ], [ -75.581261, 38.456217, 0.0 ], [ -75.581614, 38.456225, 0.0 ], [ -75.581902, 38.456233, 0.0 ], [ -75.582529, 38.456249, 0.0 ], [ -75.582581, 38.456251, 0.0 ], [ -75.583566, 38.456277, 0.0 ], [ -75.583827086709874, 38.456283896630126, 0.0 ], [ -75.583964305010767, 38.4562875212645, 0.0 ], [ -75.587276, 38.456375, 0.0 ], [ -75.587527, 38.456382, 0.0 ], [ -75.588848, 38.456418, 0.0 ], [ -75.591574, 38.456489, 0.0 ], [ -75.59309, 38.456529, 0.0 ], [ -75.594589, 38.456569, 0.0 ], [ -75.594918, 38.456577, 0.0 ], [ -75.596916, 38.45663, 0.0 ], [ -75.597359042120132, 38.456641731644893, 0.0 ], [ -75.597558, 38.456647, 0.0 ], [ -75.597689, 38.456651, 0.0 ], [ -75.597955, 38.456658, 0.0 ], [ -75.598218, 38.456664, 0.0 ], [ -75.601871, 38.456761, 0.0 ], [ -75.605267, 38.456885, 0.0 ], [ -75.609692, 38.457047, 0.0 ], [ -75.616046, 38.457278, 0.0 ], [ -75.622464, 38.457512, 0.0 ], [ -75.623920379041522, 38.457564767356587, 0.0 ], [ -75.6255, 38.457622, 0.0 ], [ -75.630673, 38.457809, 0.0 ], [ -75.645873, 38.458361, 0.0 ], [ -75.646438, 38.458381, 0.0 ], [ -75.648057, 38.45844, 0.0 ], [ -75.650191, 38.458517, 0.0 ], [ -75.662571, 38.458963, 0.0 ], [ -75.66267, 38.458967, 0.0 ], [ -75.664889, 38.459047, 0.0 ], [ -75.66535, 38.459064, 0.0 ], [ -75.670248, 38.45924, 0.0 ], [ -75.674054, 38.459376, 0.0 ], [ -75.67871, 38.459543, 0.0 ], [ -75.687553, 38.459862, 0.0 ], [ -75.691563, 38.460004, 0.0 ], [ -75.69367, 38.46008, 0.0 ], [ -75.694194, 38.466739, 0.0 ], [ -75.694389, 38.469242, 0.0 ], [ -75.694807, 38.47458, 0.0 ], [ -75.694964, 38.476575, 0.0 ], [ -75.695945, 38.489087, 0.0 ], [ -75.696085, 38.490878, 0.0 ], [ -75.696203, 38.492376, 0.0 ], [ -75.696354, 38.494305, 0.0 ], [ -75.696526, 38.496493, 0.0 ], [ -75.697081, 38.503584, 0.0 ], [ -75.697692, 38.511317, 0.0 ], [ -75.697955, 38.514677, 0.0 ], [ -75.698022, 38.515524, 0.0 ], [ -75.698129, 38.516896, 0.0 ], [ -75.69822, 38.518081, 0.0 ], [ -75.698536, 38.522047, 0.0 ], [ -75.698953, 38.52744, 0.0 ], [ -75.700147, 38.542619, 0.0 ], [ -75.700374, 38.545522, 0.0 ], [ -75.700496, 38.547076, 0.0 ], [ -75.700499, 38.547111, 0.0 ], [ -75.701002, 38.553516, 0.0 ], [ -75.701467, 38.559433, 0.0 ], [ -75.701569, 38.560736, 0.0 ], [ -75.701627, 38.561477, 0.0 ], [ -75.701931, 38.56533, 0.0 ], [ -75.702774, 38.576054, 0.0 ], [ -75.7035, 38.585303, 0.0 ], [ -75.703911, 38.590529, 0.0 ], [ -75.704098, 38.592915, 0.0 ], [ -75.704234, 38.59463, 0.0 ], [ -75.704251, 38.594851, 0.0 ], [ -75.704268, 38.595063, 0.0 ], [ -75.704492, 38.597907, 0.0 ], [ -75.704644, 38.599831, 0.0 ], [ -75.704879, 38.602817, 0.0 ], [ -75.705007, 38.604442, 0.0 ], [ -75.705084, 38.605416, 0.0 ], [ -75.705089, 38.605483, 0.0 ], [ -75.705121, 38.605885, 0.0 ], [ -75.705174, 38.606565, 0.0 ], [ -75.705177, 38.60661, 0.0 ], [ -75.705311, 38.6083, 0.0 ], [ -75.705427, 38.609771, 0.0 ], [ -75.705448, 38.610035, 0.0 ], [ -75.705724, 38.613543, 0.0 ], [ -75.705787, 38.614346, 0.0 ], [ -75.705809, 38.614621, 0.0 ], [ -75.705858, 38.615242, 0.0 ], [ -75.705945, 38.616354, 0.0 ], [ -75.705968, 38.616647, 0.0 ], [ -75.706049, 38.617666, 0.0 ], [ -75.706192, 38.619489, 0.0 ], [ -75.706347, 38.621439, 0.0 ], [ -75.706381, 38.621872, 0.0 ], [ -75.706486, 38.623213, 0.0 ], [ -75.706503, 38.623428, 0.0 ], [ -75.7067, 38.625922, 0.0 ], [ -75.706718, 38.626157, 0.0 ], [ -75.706914, 38.628642, 0.0 ], [ -75.707055, 38.63043, 0.0 ], [ -75.707062, 38.630511, 0.0 ], [ -75.707203, 38.6323, 0.0 ], [ -75.707279, 38.633265, 0.0 ], [ -75.707444, 38.635352, 0.0 ], [ -75.707453, 38.635476, 0.0 ], [ -75.708024, 38.642727, 0.0 ], [ -75.708317, 38.646444, 0.0 ], [ -75.708481, 38.648529, 0.0 ], [ -75.709348, 38.659519, 0.0 ], [ -75.709618, 38.663019, 0.0 ], [ -75.710751, 38.677502, 0.0 ], [ -75.710856, 38.678827, 0.0 ], [ -75.711094, 38.681835, 0.0 ], [ -75.711298, 38.684438, 0.0 ], [ -75.711584, 38.688047, 0.0 ], [ -75.711745, 38.690092, 0.0 ], [ -75.711834, 38.691238, 0.0 ], [ -75.711894, 38.692001, 0.0 ], [ -75.712366, 38.698013, 0.0 ], [ -75.712613, 38.701164, 0.0 ], [ -75.712959, 38.705555, 0.0 ], [ -75.712966, 38.705653, 0.0 ], [ -75.713032, 38.706499, 0.0 ], [ -75.713959, 38.718191, 0.0 ], [ -75.714003, 38.718796, 0.0 ], [ -75.71411, 38.72015, 0.0 ], [ -75.714623, 38.72664, 0.0 ], [ -75.71474, 38.728104, 0.0 ], [ -75.715001, 38.731422, 0.0 ], [ -75.715324, 38.735506, 0.0 ], [ -75.715684, 38.740062, 0.0 ], [ -75.715753, 38.740925, 0.0 ], [ -75.716493, 38.750275, 0.0 ], [ -75.716657, 38.752337, 0.0 ], [ -75.716954, 38.756099, 0.0 ], [ -75.717216, 38.759423, 0.0 ], [ -75.71762, 38.764533, 0.0 ], [ -75.717704, 38.765598, 0.0 ], [ -75.718228, 38.772152, 0.0 ], [ -75.718764, 38.778989, 0.0 ], [ -75.719383, 38.786773, 0.0 ], [ -75.719494, 38.788164, 0.0 ], [ -75.719673, 38.790395, 0.0 ], [ -75.719926, 38.793614, 0.0 ], [ -75.720582, 38.801816, 0.0 ], [ -75.72108, 38.808053, 0.0 ], [ -75.721547, 38.813963, 0.0 ], [ -75.722055, 38.820367, 0.0 ], [ -75.722181, 38.821979, 0.0 ], [ -75.722226, 38.822551, 0.0 ], [ -75.722284, 38.823289, 0.0 ], [ -75.72236, 38.824258, 0.0 ], [ -75.722797, 38.829851, 0.0 ], [ -75.722874, 38.830828, 0.0 ], [ -75.722944, 38.831733, 0.0 ], [ -75.723, 38.832427, 0.0 ], [ -75.723053, 38.833098, 0.0 ], [ -75.723162, 38.83448, 0.0 ], [ -75.723455, 38.838191, 0.0 ], [ -75.723592, 38.839925, 0.0 ], [ -75.723823, 38.842854, 0.0 ], [ -75.723927, 38.844172, 0.0 ], [ -75.723941, 38.844351, 0.0 ], [ -75.724126, 38.846703, 0.0 ], [ -75.724212, 38.847908, 0.0 ], [ -75.724429, 38.85054, 0.0 ], [ -75.724455, 38.850879, 0.0 ], [ -75.724508, 38.851544, 0.0 ], [ -75.724673, 38.853624, 0.0 ], [ -75.724817, 38.85544, 0.0 ], [ -75.72491, 38.856631, 0.0 ], [ -75.725188, 38.860129, 0.0 ], [ -75.725287, 38.861386, 0.0 ], [ -75.725656, 38.866044, 0.0 ], [ -75.725829, 38.868186, 0.0 ], [ -75.725882, 38.868862, 0.0 ], [ -75.726606, 38.877844, 0.0 ], [ -75.726822, 38.880587, 0.0 ], [ -75.727159, 38.884802, 0.0 ], [ -75.727297, 38.886546, 0.0 ], [ -75.727376, 38.887542, 0.0 ], [ -75.727464, 38.888641, 0.0 ], [ -75.727903, 38.894142, 0.0 ], [ -75.727983, 38.895152, 0.0 ], [ -75.727995, 38.895307, 0.0 ], [ -75.728009, 38.895486, 0.0 ], [ -75.728403, 38.900477, 0.0 ], [ -75.728439, 38.900943, 0.0 ], [ -75.728482, 38.901489, 0.0 ], [ -75.728795, 38.90547, 0.0 ], [ -75.729123, 38.909635, 0.0 ], [ -75.729841, 38.918655, 0.0 ], [ -75.730279, 38.924166, 0.0 ], [ -75.730994, 38.933089, 0.0 ], [ -75.731433, 38.938653, 0.0 ], [ -75.732534, 38.952485, 0.0 ], [ -75.732586, 38.953137, 0.0 ], [ -75.732835, 38.956252, 0.0 ], [ -75.732883, 38.956851, 0.0 ], [ -75.732926, 38.957392, 0.0 ], [ -75.73358, 38.965596, 0.0 ], [ -75.733744, 38.967657, 0.0 ], [ -75.734403, 38.975972, 0.0 ], [ -75.734675, 38.979353, 0.0 ], [ -75.734902, 38.982267, 0.0 ], [ -75.735773, 38.993193, 0.0 ], [ -75.735941, 38.995361, 0.0 ], [ -75.736456, 39.001781, 0.0 ], [ -75.737211, 39.011254, 0.0 ], [ -75.738188, 39.023497, 0.0 ], [ -75.738366, 39.02578, 0.0 ], [ -75.738417, 39.026404, 0.0 ], [ -75.738502, 39.027462, 0.0 ], [ -75.738542, 39.027964, 0.0 ], [ -75.738679, 39.029688, 0.0 ], [ -75.738703, 39.02999, 0.0 ], [ -75.739076, 39.034619, 0.0 ], [ -75.739159, 39.035641, 0.0 ], [ -75.739238, 39.036609, 0.0 ], [ -75.739357, 39.038091, 0.0 ], [ -75.739397, 39.038589, 0.0 ], [ -75.739524, 39.04018, 0.0 ], [ -75.73969, 39.042248, 0.0 ], [ -75.739799, 39.04362, 0.0 ], [ -75.740478, 39.052148, 0.0 ], [ -75.740488, 39.052267, 0.0 ], [ -75.740685, 39.054744, 0.0 ], [ -75.740772, 39.055831, 0.0 ], [ -75.741972, 39.070893, 0.0 ], [ -75.741995, 39.071171, 0.0 ], [ -75.742032, 39.071635, 0.0 ], [ -75.742268, 39.074562, 0.0 ], [ -75.742682, 39.07977, 0.0 ], [ -75.742905, 39.082586, 0.0 ], [ -75.742952, 39.083243, 0.0 ], [ -75.743019, 39.084009, 0.0 ], [ -75.744174, 39.098507, 0.0 ], [ -75.74422, 39.099081, 0.0 ], [ -75.744265, 39.099665, 0.0 ], [ -75.7445, 39.102578, 0.0 ], [ -75.744571, 39.103495, 0.0 ], [ -75.744637, 39.104296, 0.0 ], [ -75.744902, 39.1076, 0.0 ], [ -75.745147, 39.110656, 0.0 ], [ -75.745158, 39.110776, 0.0 ], [ -75.745186, 39.111082, 0.0 ], [ -75.74529, 39.112515, 0.0 ], [ -75.745382, 39.113617, 0.0 ], [ -75.745468, 39.11465, 0.0 ], [ -75.745493, 39.114968, 0.0 ], [ -75.745787, 39.118655, 0.0 ], [ -75.745861, 39.119588, 0.0 ], [ -75.745898, 39.120048, 0.0 ], [ -75.745937, 39.120537, 0.0 ], [ -75.746118, 39.122795, 0.0 ], [ -75.74648, 39.127333, 0.0 ], [ -75.74654, 39.128087, 0.0 ], [ -75.746762, 39.130863, 0.0 ], [ -75.746992, 39.133744, 0.0 ], [ -75.747646, 39.141885, 0.0 ], [ -75.747761, 39.143338, 0.0 ], [ -75.748004, 39.146348, 0.0 ], [ -75.748815, 39.156393, 0.0 ], [ -75.749551, 39.165633, 0.0 ], [ -75.74997, 39.170876, 0.0 ], [ -75.750079, 39.172305, 0.0 ], [ -75.750484, 39.177289, 0.0 ], [ -75.750734, 39.180422, 0.0 ], [ -75.750818, 39.18144, 0.0 ], [ -75.750995, 39.183646, 0.0 ], [ -75.751047, 39.184291, 0.0 ], [ -75.751128, 39.185301, 0.0 ], [ -75.752044, 39.196759, 0.0 ], [ -75.75226, 39.199459, 0.0 ], [ -75.752289, 39.199814, 0.0 ], [ -75.752566, 39.203297, 0.0 ], [ -75.753338, 39.213026, 0.0 ], [ -75.753794, 39.218761, 0.0 ], [ -75.754277, 39.224759, 0.0 ], [ -75.754494, 39.227418, 0.0 ], [ -75.75461, 39.228874, 0.0 ], [ -75.754797, 39.231163, 0.0 ], [ -75.755785, 39.243345, 0.0 ], [ -75.756004, 39.246066, 0.0 ], [ -75.756947, 39.257786, 0.0 ], [ -75.756969, 39.258067, 0.0 ], [ -75.756999, 39.258447, 0.0 ], [ -75.758118, 39.272337, 0.0 ], [ -75.758142, 39.272646, 0.0 ], [ -75.758476, 39.276832, 0.0 ], [ -75.759274, 39.28683, 0.0 ], [ -75.760074, 39.296819, 0.0 ], [ -75.760101, 39.297153, 0.0 ], [ -75.760431, 39.30128, 0.0 ], [ -75.760911, 39.307185, 0.0 ], [ -75.761619, 39.315923, 0.0 ], [ -75.76166, 39.316395, 0.0 ], [ -75.762841, 39.331066, 0.0 ], [ -75.762844, 39.331116, 0.0 ], [ -75.763938, 39.344682, 0.0 ], [ -75.763949, 39.344811, 0.0 ], [ -75.764311, 39.349305, 0.0 ], [ -75.765126, 39.35941, 0.0 ], [ -75.765338, 39.362037, 0.0 ], [ -75.765719, 39.366758, 0.0 ], [ -75.765758, 39.367182, 0.0 ], [ -75.766298, 39.373893, 0.0 ], [ -75.766594, 39.377563, 0.0 ], [ -75.76712, 39.384071, 0.0 ], [ -75.767302, 39.386323, 0.0 ], [ -75.767321, 39.386554, 0.0 ], [ -75.767749, 39.391829, 0.0 ], [ -75.767868, 39.393334, 0.0 ], [ -75.768664, 39.403145, 0.0 ], [ -75.768751, 39.404232, 0.0 ], [ -75.769362, 39.411919, 0.0 ], [ -75.769688, 39.416001, 0.0 ], [ -75.769797, 39.417377, 0.0 ], [ -75.770186, 39.422134, 0.0 ], [ -75.770394, 39.424726, 0.0 ], [ -75.770977, 39.431892, 0.0 ], [ -75.771903, 39.443237, 0.0 ], [ -75.772073, 39.445333, 0.0 ], [ -75.772162, 39.446441, 0.0 ], [ -75.773331, 39.460932, 0.0 ], [ -75.773689, 39.465336, 0.0 ], [ -75.773766, 39.466255, 0.0 ], [ -75.773869, 39.467586, 0.0 ], [ -75.774203, 39.471767, 0.0 ], [ -75.7745, 39.475456, 0.0 ], [ -75.774725, 39.478259, 0.0 ], [ -75.774946, 39.480951, 0.0 ], [ -75.775227, 39.484337, 0.0 ], [ -75.775395, 39.486407, 0.0 ], [ -75.775397, 39.486493, 0.0 ], [ -75.77553, 39.488127, 0.0 ], [ -75.776035, 39.494326, 0.0 ], [ -75.776987, 39.506033, 0.0 ], [ -75.777055, 39.506867, 0.0 ], [ -75.777205, 39.508715, 0.0 ], [ -75.777427, 39.511454, 0.0 ], [ -75.777569, 39.513182, 0.0 ], [ -75.777632, 39.51398, 0.0 ], [ -75.777714, 39.514994, 0.0 ], [ -75.778026, 39.518836, 0.0 ], [ -75.778174, 39.520669, 0.0 ], [ -75.779127, 39.532412, 0.0 ], [ -75.779212, 39.533459, 0.0 ], [ -75.77927, 39.534165, 0.0 ], [ -75.779313, 39.534731, 0.0 ], [ -75.779382, 39.535554, 0.0 ], [ -75.779457, 39.536516, 0.0 ], [ -75.779812, 39.540876, 0.0 ], [ -75.780242, 39.546195, 0.0 ], [ -75.780924, 39.554636, 0.0 ], [ -75.780959, 39.555061, 0.0 ], [ -75.781556, 39.562434, 0.0 ], [ -75.782356, 39.572296, 0.0 ], [ -75.782742, 39.577073, 0.0 ], [ -75.782801, 39.577801, 0.0 ], [ -75.783163, 39.582253, 0.0 ], [ -75.783696, 39.588821, 0.0 ], [ -75.78383, 39.590478, 0.0 ], [ -75.78429, 39.596115, 0.0 ], [ -75.784994, 39.604781, 0.0 ], [ -75.785111, 39.606208, 0.0 ], [ -75.785127, 39.606411, 0.0 ], [ -75.785132, 39.606472, 0.0 ], [ -75.785572, 39.61184, 0.0 ], [ -75.786276, 39.620529, 0.0 ], [ -75.786369, 39.621665, 0.0 ], [ -75.787121, 39.630904, 0.0 ], [ -75.787276, 39.632877, 0.0 ], [ -75.787384, 39.63413, 0.0 ], [ -75.787454, 39.635056, 0.0 ], [ -75.787557, 39.636321, 0.0 ], [ -75.787624, 39.637144, 0.0 ], [ -75.787638, 39.637323, 0.0 ], [ -75.787687, 39.637915, 0.0 ], [ -75.787756, 39.638763, 0.0 ], [ -75.787775, 39.639005, 0.0 ], [ -75.788112, 39.643142, 0.0 ], [ -75.788274, 39.645122, 0.0 ], [ -75.788521, 39.648133, 0.0 ], [ -75.788564, 39.648684, 0.0 ], [ -75.788635, 39.649568, 0.0 ], [ -75.788655, 39.649838, 0.0 ], [ -75.788678, 39.650144, 0.0 ], [ -75.788702, 39.650486, 0.0 ], [ -75.78872, 39.650755, 0.0 ], [ -75.788745, 39.651151, 0.0 ], [ -75.78877, 39.651565, 0.0 ], [ -75.788793, 39.651962, 0.0 ], [ -75.78881, 39.652286, 0.0 ], [ -75.788824, 39.652574, 0.0 ], [ -75.788841, 39.652934, 0.0 ], [ -75.788857, 39.653294, 0.0 ], [ -75.788871, 39.653639, 0.0 ], [ -75.788872, 39.653654, 0.0 ], [ -75.788874, 39.653708, 0.0 ], [ -75.78888, 39.65387, 0.0 ], [ -75.78888, 39.653912, 0.0 ], [ -75.788882, 39.653924, 0.0 ], [ -75.788882, 39.653942, 0.0 ], [ -75.788883, 39.65396, 0.0 ], [ -75.788884, 39.653978, 0.0 ], [ -75.788884, 39.653996, 0.0 ], [ -75.788885, 39.654015, 0.0 ], [ -75.788886, 39.654032, 0.0 ], [ -75.788886, 39.654051, 0.0 ], [ -75.788887, 39.654069, 0.0 ], [ -75.788888, 39.654087, 0.0 ], [ -75.788888, 39.654105, 0.0 ], [ -75.788889, 39.654123, 0.0 ], [ -75.788889, 39.654141, 0.0 ], [ -75.78889, 39.654159, 0.0 ], [ -75.788891, 39.654177, 0.0 ], [ -75.788891, 39.654195, 0.0 ], [ -75.788892, 39.654228, 0.0 ], [ -75.788893, 39.654247, 0.0 ], [ -75.788894, 39.654265, 0.0 ], [ -75.788894, 39.654283, 0.0 ], [ -75.788895, 39.654301, 0.0 ], [ -75.788896, 39.654319, 0.0 ], [ -75.788897, 39.654337, 0.0 ], [ -75.788897, 39.654355, 0.0 ], [ -75.788898, 39.654373, 0.0 ], [ -75.788899, 39.654391, 0.0 ], [ -75.788899, 39.654409, 0.0 ], [ -75.7889, 39.654427, 0.0 ], [ -75.788901, 39.654445, 0.0 ], [ -75.788901, 39.654463, 0.0 ], [ -75.788902, 39.654481, 0.0 ], [ -75.788902282714815, 39.654486088866975, 0.0 ], [ -75.788903, 39.654499, 0.0 ], [ -75.788903, 39.654517, 0.0 ], [ -75.788904, 39.654535, 0.0 ], [ -75.788905, 39.654553, 0.0 ], [ -75.788905, 39.654571, 0.0 ], [ -75.788906, 39.654589, 0.0 ], [ -75.788907, 39.654607, 0.0 ], [ -75.788907, 39.654625, 0.0 ], [ -75.788908, 39.654643, 0.0 ], [ -75.788909, 39.654661, 0.0 ], [ -75.788909, 39.654679, 0.0 ], [ -75.78891, 39.654697, 0.0 ], [ -75.788911, 39.654715, 0.0 ], [ -75.788911, 39.654733, 0.0 ], [ -75.788912, 39.654751, 0.0 ], [ -75.788913, 39.654769, 0.0 ], [ -75.788913, 39.654787, 0.0 ], [ -75.788914, 39.654805, 0.0 ], [ -75.788914, 39.654823, 0.0 ], [ -75.788915, 39.654842, 0.0 ], [ -75.788916, 39.654859, 0.0 ], [ -75.788916, 39.654877, 0.0 ], [ -75.788917, 39.654895, 0.0 ], [ -75.788918, 39.654914, 0.0 ], [ -75.788918, 39.654931, 0.0 ], [ -75.788919, 39.654949, 0.0 ], [ -75.788919, 39.654967, 0.0 ], [ -75.78892, 39.654985, 0.0 ], [ -75.788921, 39.655003, 0.0 ], [ -75.788921, 39.655021, 0.0 ], [ -75.788922, 39.655039, 0.0 ], [ -75.788923, 39.655057, 0.0 ], [ -75.788923, 39.655075, 0.0 ], [ -75.788924, 39.655093, 0.0 ], [ -75.788924, 39.655111, 0.0 ], [ -75.788925, 39.655129, 0.0 ], [ -75.788926, 39.655147, 0.0 ], [ -75.788926, 39.655165, 0.0 ], [ -75.788927, 39.655183, 0.0 ], [ -75.788927, 39.655201, 0.0 ], [ -75.788928, 39.655219, 0.0 ], [ -75.788929, 39.655255, 0.0 ], [ -75.788937, 39.655507, 0.0 ], [ -75.788948, 39.655868, 0.0 ], [ -75.788959, 39.656264, 0.0 ], [ -75.788967, 39.65657, 0.0 ], [ -75.788976, 39.656949, 0.0 ], [ -75.788982, 39.657219, 0.0 ], [ -75.788986, 39.657435, 0.0 ], [ -75.788988, 39.657525, 0.0 ], [ -75.788993728380092, 39.65788172185492, 0.0 ], [ -75.788999, 39.65821, 0.0 ], [ -75.788999, 39.658228, 0.0 ], [ -75.788999, 39.658246, 0.0 ], [ -75.789, 39.658264, 0.0 ], [ -75.789, 39.658283, 0.0 ], [ -75.789, 39.6583, 0.0 ], [ -75.789, 39.658318, 0.0 ], [ -75.789001, 39.658336, 0.0 ], [ -75.789001, 39.658354, 0.0 ], [ -75.789001, 39.658372, 0.0 ], [ -75.789001, 39.658391, 0.0 ], [ -75.789002, 39.658408, 0.0 ], [ -75.789002, 39.658426, 0.0 ], [ -75.789002, 39.658444, 0.0 ], [ -75.789002, 39.658462, 0.0 ], [ -75.789003, 39.65848, 0.0 ], [ -75.789003, 39.658498, 0.0 ], [ -75.789003, 39.658516, 0.0 ], [ -75.789003, 39.658534, 0.0 ], [ -75.789004, 39.658552, 0.0 ], [ -75.789004, 39.65857, 0.0 ], [ -75.789004, 39.658588, 0.0 ], [ -75.789004, 39.658606, 0.0 ], [ -75.789004, 39.658624, 0.0 ], [ -75.789005, 39.658642, 0.0 ], [ -75.789005, 39.65866, 0.0 ], [ -75.789005, 39.658678, 0.0 ], [ -75.789005, 39.658696, 0.0 ], [ -75.789005, 39.658714, 0.0 ], [ -75.789006, 39.658732, 0.0 ], [ -75.789006, 39.65875, 0.0 ], [ -75.789006, 39.658769, 0.0 ], [ -75.789006, 39.658787, 0.0 ], [ -75.789006, 39.658805, 0.0 ], [ -75.789007, 39.658823, 0.0 ], [ -75.789007, 39.658842, 0.0 ], [ -75.789007, 39.658859, 0.0 ], [ -75.789007, 39.658877, 0.0 ], [ -75.789007, 39.658895, 0.0 ], [ -75.789008, 39.658913, 0.0 ], [ -75.789008, 39.658931, 0.0 ], [ -75.789008, 39.658949, 0.0 ], [ -75.789008, 39.658967, 0.0 ], [ -75.789008, 39.658985, 0.0 ], [ -75.789009, 39.659003, 0.0 ], [ -75.789009, 39.659021, 0.0 ], [ -75.789009, 39.659039, 0.0 ], [ -75.789009, 39.659057, 0.0 ], [ -75.789009, 39.659075, 0.0 ], [ -75.789009, 39.659093, 0.0 ], [ -75.78901, 39.659111, 0.0 ], [ -75.78901, 39.659129, 0.0 ], [ -75.78901, 39.659147, 0.0 ], [ -75.78901, 39.659165, 0.0 ], [ -75.78901, 39.659183, 0.0 ], [ -75.78901, 39.659201, 0.0 ], [ -75.78901, 39.659219, 0.0 ], [ -75.789011, 39.659237, 0.0 ], [ -75.789011, 39.659255, 0.0 ], [ -75.789011, 39.659273, 0.0 ], [ -75.789011, 39.659291, 0.0 ], [ -75.789011, 39.659309, 0.0 ], [ -75.789011, 39.659327, 0.0 ], [ -75.789011, 39.659345, 0.0 ], [ -75.789012, 39.659363, 0.0 ], [ -75.789012, 39.659381, 0.0 ], [ -75.789012, 39.659399, 0.0 ], [ -75.789012, 39.659417, 0.0 ], [ -75.789012, 39.659435, 0.0 ], [ -75.789012, 39.659453, 0.0 ], [ -75.789012, 39.659471, 0.0 ], [ -75.789012, 39.659489, 0.0 ], [ -75.789013, 39.659507, 0.0 ], [ -75.789013, 39.659525, 0.0 ], [ -75.789013, 39.659543, 0.0 ], [ -75.789013, 39.659561, 0.0 ], [ -75.789013, 39.659579, 0.0 ], [ -75.789013, 39.659597, 0.0 ], [ -75.789013, 39.659615, 0.0 ], [ -75.789013, 39.659633, 0.0 ], [ -75.789013, 39.659651, 0.0 ], [ -75.789014, 39.659679, 0.0 ], [ -75.789023, 39.65979, 0.0 ], [ -75.788922, 39.664569, 0.0 ], [ -75.788921, 39.664587, 0.0 ], [ -75.78892, 39.664605, 0.0 ], [ -75.78892, 39.664614, 0.0 ], [ -75.78892, 39.664624, 0.0 ], [ -75.788919, 39.664642, 0.0 ], [ -75.788919, 39.664651, 0.0 ], [ -75.788919, 39.664661, 0.0 ], [ -75.788918, 39.664683, 0.0 ], [ -75.788917, 39.664705, 0.0 ], [ -75.788916, 39.664732, 0.0 ], [ -75.788915, 39.664769, 0.0 ], [ -75.788915, 39.664777, 0.0 ], [ -75.788915, 39.664787, 0.0 ], [ -75.788914, 39.664805, 0.0 ], [ -75.788913, 39.664831, 0.0 ], [ -75.788912, 39.664867, 0.0 ], [ -75.788911, 39.664894, 0.0 ], [ -75.78891, 39.66493, 0.0 ], [ -75.788909, 39.664958, 0.0 ], [ -75.788908, 39.664993, 0.0 ], [ -75.788907, 39.66502, 0.0 ], [ -75.788906, 39.665049, 0.0 ], [ -75.788905, 39.665083, 0.0 ], [ -75.788905, 39.665093, 0.0 ], [ -75.788904, 39.665119, 0.0 ], [ -75.788904, 39.665129, 0.0 ], [ -75.788903, 39.665146, 0.0 ], [ -75.788902, 39.665182, 0.0 ], [ -75.788902, 39.665193, 0.0 ], [ -75.788901, 39.665209, 0.0 ], [ -75.7889, 39.665246, 0.0 ], [ -75.788899, 39.665279, 0.0 ], [ -75.788898, 39.665297, 0.0 ], [ -75.788898, 39.665315, 0.0 ], [ -75.788897, 39.665334, 0.0 ], [ -75.788896, 39.665351, 0.0 ], [ -75.788895, 39.665369, 0.0 ], [ -75.788894, 39.665387, 0.0 ], [ -75.788894, 39.665406, 0.0 ], [ -75.788893, 39.665423, 0.0 ], [ -75.788892, 39.665441, 0.0 ], [ -75.788891, 39.665459, 0.0 ], [ -75.78889, 39.665477, 0.0 ], [ -75.78889, 39.665495, 0.0 ], [ -75.788889, 39.665513, 0.0 ], [ -75.788888, 39.665531, 0.0 ], [ -75.788887, 39.665549, 0.0 ], [ -75.788886, 39.665567, 0.0 ], [ -75.788886, 39.665586, 0.0 ], [ -75.788885, 39.665604, 0.0 ], [ -75.788884, 39.665622, 0.0 ], [ -75.788883, 39.66564, 0.0 ], [ -75.788882, 39.665658, 0.0 ], [ -75.788881, 39.665676, 0.0 ], [ -75.788881, 39.665694, 0.0 ], [ -75.78888, 39.665712, 0.0 ], [ -75.788879, 39.66573, 0.0 ], [ -75.788878, 39.665748, 0.0 ], [ -75.788877, 39.665766, 0.0 ], [ -75.788877, 39.665784, 0.0 ], [ -75.788876, 39.665802, 0.0 ], [ -75.788875, 39.66582, 0.0 ], [ -75.788874, 39.665838, 0.0 ], [ -75.788873, 39.665856, 0.0 ], [ -75.788872, 39.665874, 0.0 ], [ -75.788871, 39.665892, 0.0 ], [ -75.788871, 39.66591, 0.0 ], [ -75.78887, 39.665928, 0.0 ], [ -75.788869, 39.665946, 0.0 ], [ -75.788868, 39.665964, 0.0 ], [ -75.788867, 39.665982, 0.0 ], [ -75.788866, 39.666, 0.0 ], [ -75.788866, 39.666018, 0.0 ], [ -75.788865, 39.666036, 0.0 ], [ -75.788864, 39.666054, 0.0 ], [ -75.788863, 39.666072, 0.0 ], [ -75.788862, 39.66609, 0.0 ], [ -75.78886, 39.666128, 0.0 ], [ -75.788859, 39.666144, 0.0 ], [ -75.788859, 39.666163, 0.0 ], [ -75.788858, 39.66618, 0.0 ], [ -75.788857, 39.666198, 0.0 ], [ -75.788856, 39.666217, 0.0 ], [ -75.788855, 39.666234, 0.0 ], [ -75.788854, 39.666252, 0.0 ], [ -75.788853, 39.666272, 0.0 ], [ -75.788852, 39.666288, 0.0 ], [ -75.788852, 39.666306, 0.0 ], [ -75.788851, 39.666324, 0.0 ], [ -75.78885, 39.666342, 0.0 ], [ -75.788849, 39.66636, 0.0 ], [ -75.788848, 39.666378, 0.0 ], [ -75.788847, 39.666396, 0.0 ], [ -75.788846, 39.666415, 0.0 ], [ -75.788845, 39.666432, 0.0 ], [ -75.788844, 39.666451, 0.0 ], [ -75.788843, 39.666468, 0.0 ], [ -75.788843, 39.666486, 0.0 ], [ -75.788842, 39.666504, 0.0 ], [ -75.788841, 39.666522, 0.0 ], [ -75.78884, 39.66654, 0.0 ], [ -75.788839, 39.666558, 0.0 ], [ -75.788838, 39.666576, 0.0 ], [ -75.788837, 39.666594, 0.0 ], [ -75.788836, 39.666612, 0.0 ], [ -75.788835, 39.66663, 0.0 ], [ -75.788834, 39.666648, 0.0 ], [ -75.788833, 39.666666, 0.0 ], [ -75.788832, 39.666684, 0.0 ], [ -75.788831, 39.666704, 0.0 ], [ -75.788831, 39.66672, 0.0 ], [ -75.78883, 39.666739, 0.0 ], [ -75.788829, 39.666756, 0.0 ], [ -75.788828, 39.666774, 0.0 ], [ -75.788827, 39.666792, 0.0 ], [ -75.788826, 39.66681, 0.0 ], [ -75.788825, 39.666828, 0.0 ], [ -75.788824, 39.666847, 0.0 ], [ -75.788823, 39.666864, 0.0 ], [ -75.788822, 39.666882, 0.0 ], [ -75.788821, 39.6669, 0.0 ], [ -75.78882, 39.666918, 0.0 ], [ -75.788819, 39.666936, 0.0 ], [ -75.788818, 39.666954, 0.0 ], [ -75.788817, 39.666972, 0.0 ], [ -75.788816, 39.666992, 0.0 ], [ -75.788815, 39.667009, 0.0 ], [ -75.788814, 39.667027, 0.0 ], [ -75.788814, 39.667044, 0.0 ], [ -75.788813, 39.667062, 0.0 ], [ -75.788812, 39.66708, 0.0 ], [ -75.788811, 39.667098, 0.0 ], [ -75.78881, 39.667116, 0.0 ], [ -75.788809, 39.667134, 0.0 ], [ -75.788808, 39.667152, 0.0 ], [ -75.788807, 39.66717, 0.0 ], [ -75.788806, 39.667188, 0.0 ], [ -75.788805, 39.667206, 0.0 ], [ -75.788804, 39.667224, 0.0 ], [ -75.788803, 39.667242, 0.0 ], [ -75.788802, 39.66726, 0.0 ], [ -75.788801, 39.667278, 0.0 ], [ -75.7888, 39.667296, 0.0 ], [ -75.788799, 39.667314, 0.0 ], [ -75.788798, 39.667332, 0.0 ], [ -75.788797, 39.66735, 0.0 ], [ -75.788796, 39.667368, 0.0 ], [ -75.788795, 39.667387, 0.0 ], [ -75.788794, 39.667404, 0.0 ], [ -75.788793, 39.667422, 0.0 ], [ -75.788792, 39.66744, 0.0 ], [ -75.788791, 39.667458, 0.0 ], [ -75.78879, 39.667476, 0.0 ], [ -75.788789, 39.667495, 0.0 ], [ -75.788788, 39.667512, 0.0 ], [ -75.788787, 39.66753, 0.0 ], [ -75.788786, 39.667548, 0.0 ], [ -75.788785, 39.667567, 0.0 ], [ -75.788784, 39.667584, 0.0 ], [ -75.788783, 39.667602, 0.0 ], [ -75.788782, 39.66762, 0.0 ], [ -75.788781, 39.667638, 0.0 ], [ -75.788779, 39.667658, 0.0 ], [ -75.788779, 39.667675, 0.0 ], [ -75.788778, 39.667692, 0.0 ], [ -75.788776, 39.66771, 0.0 ], [ -75.788775, 39.667728, 0.0 ], [ -75.788774, 39.667746, 0.0 ], [ -75.788773, 39.667764, 0.0 ], [ -75.788772, 39.667782, 0.0 ], [ -75.788771, 39.6678, 0.0 ], [ -75.78877, 39.667818, 0.0 ], [ -75.788769, 39.667836, 0.0 ], [ -75.788768, 39.667854, 0.0 ], [ -75.788767, 39.667872, 0.0 ], [ -75.788766, 39.66789, 0.0 ], [ -75.788765, 39.667908, 0.0 ], [ -75.788764, 39.667926, 0.0 ], [ -75.788763, 39.667944, 0.0 ], [ -75.788762, 39.667962, 0.0 ], [ -75.788761, 39.66798, 0.0 ], [ -75.78876, 39.667998, 0.0 ], [ -75.788759, 39.668016, 0.0 ], [ -75.788758, 39.668034, 0.0 ], [ -75.788756, 39.668052, 0.0 ], [ -75.788755, 39.66807, 0.0 ], [ -75.788754, 39.668088, 0.0 ], [ -75.788753, 39.668106, 0.0 ], [ -75.788752, 39.668124, 0.0 ], [ -75.788751, 39.668142, 0.0 ], [ -75.78875, 39.66816, 0.0 ], [ -75.788749, 39.668179, 0.0 ], [ -75.788748, 39.668196, 0.0 ], [ -75.788747, 39.668214, 0.0 ], [ -75.788746, 39.668232, 0.0 ], [ -75.788745, 39.66825, 0.0 ], [ -75.788743, 39.668268, 0.0 ], [ -75.788742, 39.668286, 0.0 ], [ -75.788741, 39.668304, 0.0 ], [ -75.78874, 39.668322, 0.0 ], [ -75.788739, 39.668342, 0.0 ], [ -75.788738, 39.668358, 0.0 ], [ -75.788737, 39.668377, 0.0 ], [ -75.788736, 39.668394, 0.0 ], [ -75.788735, 39.668412, 0.0 ], [ -75.788734, 39.66843, 0.0 ], [ -75.788732, 39.668448, 0.0 ], [ -75.788731, 39.668466, 0.0 ], [ -75.78873, 39.668485, 0.0 ], [ -75.788729, 39.668503, 0.0 ], [ -75.788728, 39.668521, 0.0 ], [ -75.788727, 39.668538, 0.0 ], [ -75.788726, 39.668556, 0.0 ], [ -75.788725, 39.668574, 0.0 ], [ -75.788723, 39.668592, 0.0 ], [ -75.788722, 39.66861, 0.0 ], [ -75.788721, 39.668628, 0.0 ], [ -75.78872, 39.668647, 0.0 ], [ -75.788719, 39.668665, 0.0 ], [ -75.788718, 39.668682, 0.0 ], [ -75.788717, 39.6687, 0.0 ], [ -75.788716, 39.668718, 0.0 ], [ -75.788714, 39.668736, 0.0 ], [ -75.788713, 39.668754, 0.0 ], [ -75.788712, 39.668773, 0.0 ], [ -75.788711, 39.66879, 0.0 ], [ -75.78871, 39.668808, 0.0 ], [ -75.788709, 39.668827, 0.0 ], [ -75.788708, 39.668844, 0.0 ], [ -75.788706, 39.668862, 0.0 ], [ -75.788705, 39.66888, 0.0 ], [ -75.788704, 39.668898, 0.0 ], [ -75.788703, 39.668916, 0.0 ], [ -75.788702, 39.668934, 0.0 ], [ -75.788701, 39.668952, 0.0 ], [ -75.788699, 39.668971, 0.0 ], [ -75.788698, 39.668988, 0.0 ], [ -75.788697, 39.669007, 0.0 ], [ -75.788696, 39.669024, 0.0 ], [ -75.788695, 39.669042, 0.0 ], [ -75.788694, 39.66906, 0.0 ], [ -75.788692, 39.669079, 0.0 ], [ -75.788691, 39.669097, 0.0 ], [ -75.78869, 39.669115, 0.0 ], [ -75.788689, 39.669132, 0.0 ], [ -75.788688, 39.669151, 0.0 ], [ -75.788686, 39.669168, 0.0 ], [ -75.788685, 39.669186, 0.0 ], [ -75.788684, 39.669204, 0.0 ], [ -75.788683, 39.669222, 0.0 ], [ -75.788682, 39.66924, 0.0 ], [ -75.78868, 39.669258, 0.0 ], [ -75.788679, 39.669276, 0.0 ], [ -75.788678, 39.669294, 0.0 ], [ -75.788677, 39.669312, 0.0 ], [ -75.788676, 39.66933, 0.0 ], [ -75.788674, 39.669348, 0.0 ], [ -75.788673, 39.669366, 0.0 ], [ -75.788672, 39.669384, 0.0 ], [ -75.788671, 39.669403, 0.0 ], [ -75.78867, 39.66942, 0.0 ], [ -75.788668, 39.669438, 0.0 ], [ -75.788667, 39.669456, 0.0 ], [ -75.788666, 39.669474, 0.0 ], [ -75.788665, 39.669492, 0.0 ], [ -75.788664, 39.66951, 0.0 ], [ -75.788662, 39.669528, 0.0 ], [ -75.788661, 39.669546, 0.0 ], [ -75.78866, 39.669564, 0.0 ], [ -75.788659, 39.669583, 0.0 ], [ -75.788657, 39.6696, 0.0 ], [ -75.788656, 39.669618, 0.0 ], [ -75.788655, 39.669636, 0.0 ], [ -75.788654, 39.669654, 0.0 ], [ -75.788652, 39.669672, 0.0 ], [ -75.788651, 39.66969, 0.0 ], [ -75.78865, 39.669708, 0.0 ], [ -75.788649, 39.669726, 0.0 ], [ -75.788647, 39.669744, 0.0 ], [ -75.788646, 39.669762, 0.0 ], [ -75.788645, 39.66978, 0.0 ], [ -75.788644, 39.669798, 0.0 ], [ -75.788642, 39.669816, 0.0 ], [ -75.788641, 39.669834, 0.0 ], [ -75.78864, 39.669852, 0.0 ], [ -75.788639, 39.669871, 0.0 ], [ -75.788637, 39.669888, 0.0 ], [ -75.788636, 39.669906, 0.0 ], [ -75.788635, 39.669924, 0.0 ], [ -75.788634, 39.669943, 0.0 ], [ -75.788632, 39.66996, 0.0 ], [ -75.788631, 39.669978, 0.0 ], [ -75.78863, 39.669996, 0.0 ], [ -75.788629, 39.670014, 0.0 ], [ -75.788627, 39.670032, 0.0 ], [ -75.788626, 39.67005, 0.0 ], [ -75.788625, 39.670068, 0.0 ], [ -75.788623, 39.670086, 0.0 ], [ -75.788622, 39.670106, 0.0 ], [ -75.788621, 39.670122, 0.0 ], [ -75.78862, 39.67014, 0.0 ], [ -75.788618, 39.670158, 0.0 ], [ -75.788617, 39.670176, 0.0 ], [ -75.788616, 39.670194, 0.0 ], [ -75.788614, 39.670212, 0.0 ], [ -75.788613, 39.67023, 0.0 ], [ -75.788612, 39.670249, 0.0 ], [ -75.78861, 39.670266, 0.0 ], [ -75.788609, 39.670284, 0.0 ], [ -75.788608, 39.670302, 0.0 ], [ -75.788607, 39.67032, 0.0 ], [ -75.788605, 39.670338, 0.0 ], [ -75.788604, 39.670356, 0.0 ], [ -75.788603, 39.670374, 0.0 ], [ -75.788601, 39.670396, 0.0 ], [ -75.7886, 39.671412, 0.0 ], [ -75.788599, 39.676222, 0.0 ], [ -75.788599, 39.678157, 0.0 ], [ -75.788591, 39.679391, 0.0 ], [ -75.788595, 39.680655, 0.0 ], [ -75.788595, 39.680726, 0.0 ], [ -75.788595, 39.681005, 0.0 ], [ -75.788595, 39.681256, 0.0 ], [ -75.788594, 39.681605, 0.0 ], [ -75.788594, 39.68195, 0.0 ], [ -75.788594, 39.683625, 0.0 ], [ -75.788586, 39.690561, 0.0 ], [ -75.788586, 39.691248, 0.0 ], [ -75.788584, 39.692865, 0.0 ], [ -75.788585, 39.693413, 0.0 ], [ -75.788586, 39.694233, 0.0 ], [ -75.788586, 39.695142, 0.0 ], [ -75.788592, 39.699825, 0.0 ], [ -75.788592, 39.7003, 0.0 ], [ -75.788591, 39.700542, 0.0 ], [ -75.788592, 39.701704, 0.0 ], [ -75.788596, 39.707385, 0.0 ], [ -75.788595, 39.715745, 0.0 ], [ -75.788598, 39.715902, 0.0 ], [ -75.788596, 39.716715, 0.0 ], [ -75.788596, 39.719727, 0.0 ], [ -75.788596, 39.721701009993595, 0.0 ], [ -75.788596, 39.722199, 0.0 ], [ -75.7847, 39.722199, 0.0 ], [ -75.778904, 39.722199, 0.0 ], [ -75.774253, 39.722199, 0.0 ], [ -75.773936398577433, 39.722199677947373, 0.0 ], [ -75.773786, 39.7222, 0.0 ], [ -75.773779, 39.722217, 0.0 ], [ -75.773622, 39.722595, 0.0 ], [ -75.773303, 39.723348, 0.0 ], [ -75.773069, 39.723896, 0.0 ], [ -75.772914, 39.724255, 0.0 ], [ -75.772787, 39.724545, 0.0 ], [ -75.77266, 39.724835, 0.0 ], [ -75.77251, 39.725177, 0.0 ], [ -75.772351, 39.725535, 0.0 ], [ -75.772192, 39.725892, 0.0 ], [ -75.771962, 39.726403, 0.0 ], [ -75.771753, 39.726862, 0.0 ], [ -75.771496, 39.727422, 0.0 ], [ -75.771275, 39.727897, 0.0 ], [ -75.771053, 39.728372, 0.0 ], [ -75.770797, 39.728914, 0.0 ], [ -75.770666, 39.729188, 0.0 ], [ -75.770324, 39.729897, 0.0 ], [ -75.770068, 39.73042, 0.0 ], [ -75.769802, 39.730959, 0.0 ], [ -75.769517, 39.731531, 0.0 ], [ -75.769238, 39.732085, 0.0 ], [ -75.768991, 39.732571, 0.0 ], [ -75.768836, 39.732873, 0.0 ], [ -75.768802, 39.732938, 0.0 ], [ -75.768776, 39.73299, 0.0 ], [ -75.76867, 39.733195, 0.0 ], [ -75.768603, 39.733325, 0.0 ], [ -75.768551, 39.733425, 0.0 ], [ -75.768455, 39.733609, 0.0 ], [ -75.768386, 39.733743, 0.0 ], [ -75.768342, 39.733826, 0.0 ], [ -75.768263, 39.733977, 0.0 ], [ -75.768184, 39.734127, 0.0 ], [ -75.768114, 39.734261, 0.0 ], [ -75.768026, 39.734427, 0.0 ], [ -75.767964, 39.734544, 0.0 ], [ -75.767902, 39.734661, 0.0 ], [ -75.767823, 39.734811, 0.0 ], [ -75.767752, 39.734944, 0.0 ], [ -75.767716, 39.735011, 0.0 ], [ -75.767671, 39.735094, 0.0 ], [ -75.7676, 39.735227, 0.0 ], [ -75.767529, 39.735361, 0.0 ], [ -75.767484, 39.735444, 0.0 ], [ -75.767421, 39.73556, 0.0 ], [ -75.767331, 39.735727, 0.0 ], [ -75.767295, 39.735795, 0.0 ], [ -75.76724, 39.735894, 0.0 ], [ -75.767168, 39.736027, 0.0 ], [ -75.767105, 39.736143, 0.0 ], [ -75.76705, 39.736243, 0.0 ], [ -75.766987, 39.736359, 0.0 ], [ -75.766914, 39.736492, 0.0 ], [ -75.76685, 39.736608, 0.0 ], [ -75.766786, 39.736724, 0.0 ], [ -75.766658, 39.736956, 0.0 ], [ -75.766584, 39.737089, 0.0 ], [ -75.766446, 39.737337, 0.0 ], [ -75.766363, 39.737486, 0.0 ], [ -75.766298, 39.737602, 0.0 ], [ -75.766186, 39.7378, 0.0 ], [ -75.766093, 39.737965, 0.0 ], [ -75.766056, 39.738031, 0.0 ], [ -75.766009, 39.738114, 0.0 ], [ -75.765962, 39.738197, 0.0 ], [ -75.76535, 39.739268, 0.0 ], [ -75.764388, 39.74091, 0.0 ], [ -75.763563, 39.742283, 0.0 ], [ -75.76265, 39.743764, 0.0 ], [ -75.761563, 39.745481, 0.0 ], [ -75.760674, 39.74685, 0.0 ], [ -75.760353, 39.747406, 0.0 ], [ -75.759338, 39.748848, 0.0 ], [ -75.758747, 39.749716, 0.0 ], [ -75.758494, 39.750081, 0.0 ], [ -75.758439, 39.750161, 0.0 ], [ -75.758318, 39.750335, 0.0 ], [ -75.758184, 39.750526, 0.0 ], [ -75.758074, 39.750684, 0.0 ], [ -75.75794, 39.750874, 0.0 ], [ -75.757807, 39.751065, 0.0 ], [ -75.75769, 39.751231, 0.0 ], [ -75.757416, 39.751618, 0.0 ], [ -75.757089, 39.752076, 0.0 ], [ -75.756659, 39.752675, 0.0 ], [ -75.756317, 39.753147, 0.0 ], [ -75.75603, 39.753539, 0.0 ], [ -75.755673, 39.754025, 0.0 ], [ -75.755383, 39.754416, 0.0 ], [ -75.755034, 39.754884, 0.0 ], [ -75.754682, 39.755354, 0.0 ], [ -75.75447, 39.755634, 0.0 ], [ -75.754458, 39.755649, 0.0 ], [ -75.754446, 39.755665, 0.0 ], [ -75.754434, 39.75568, 0.0 ], [ -75.754423, 39.755696, 0.0 ], [ -75.754411, 39.755711, 0.0 ], [ -75.754399, 39.755727, 0.0 ], [ -75.754387, 39.755743, 0.0 ], [ -75.754375, 39.755758, 0.0 ], [ -75.754364, 39.755774, 0.0 ], [ -75.754352, 39.755789, 0.0 ], [ -75.75434, 39.755805, 0.0 ], [ -75.754328, 39.75582, 0.0 ], [ -75.754316, 39.755836, 0.0 ], [ -75.754305, 39.755851, 0.0 ], [ -75.754163, 39.756038, 0.0 ], [ -75.754056, 39.756178, 0.0 ], [ -75.753913, 39.756364, 0.0 ], [ -75.753794, 39.756519, 0.0 ], [ -75.753675, 39.756674, 0.0 ], [ -75.753568, 39.756813, 0.0 ], [ -75.753436, 39.756983, 0.0 ], [ -75.753328, 39.757123, 0.0 ], [ -75.753208, 39.757277, 0.0 ], [ -75.753088, 39.757432, 0.0 ], [ -75.752944, 39.757617, 0.0 ], [ -75.752835, 39.757756, 0.0 ], [ -75.752727, 39.757893, 0.0 ], [ -75.752592, 39.758064, 0.0 ], [ -75.752515, 39.758162, 0.0 ], [ -75.752494, 39.75819, 0.0 ], [ -75.752472, 39.758218, 0.0 ], [ -75.752338, 39.758387, 0.0 ], [ -75.75218, 39.758587, 0.0 ], [ -75.751985, 39.758833, 0.0 ], [ -75.751838, 39.759017, 0.0 ], [ -75.751568, 39.759354, 0.0 ], [ -75.751457, 39.759492, 0.0 ], [ -75.75142, 39.759538, 0.0 ], [ -75.751395, 39.75957, 0.0 ], [ -75.751218, 39.759788, 0.0 ], [ -75.751067, 39.759976, 0.0 ], [ -75.75099, 39.76007, 0.0 ], [ -75.750901, 39.760179, 0.0 ], [ -75.750774, 39.760334, 0.0 ], [ -75.75066, 39.760475, 0.0 ], [ -75.750584, 39.760568, 0.0 ], [ -75.750431, 39.760755, 0.0 ], [ -75.750303, 39.760911, 0.0 ], [ -75.750214, 39.76102, 0.0 ], [ -75.750124, 39.761129, 0.0 ], [ -75.750008, 39.761269, 0.0 ], [ -75.749893, 39.761409, 0.0 ], [ -75.749799, 39.76152, 0.0 ], [ -75.749619, 39.761737, 0.0 ], [ -75.749451, 39.761938, 0.0 ], [ -75.749347, 39.762062, 0.0 ], [ -75.749126, 39.762325, 0.0 ], [ -75.748932, 39.762557, 0.0 ], [ -75.74867, 39.762865, 0.0 ], [ -75.748539, 39.76302, 0.0 ], [ -75.7485, 39.763066, 0.0 ], [ -75.748448, 39.763127, 0.0 ], [ -75.748386, 39.7632, 0.0 ], [ -75.748285, 39.763318, 0.0 ], [ -75.748198, 39.76342, 0.0 ], [ -75.748098, 39.763537, 0.0 ], [ -75.748048, 39.763595, 0.0 ], [ -75.747985, 39.763669, 0.0 ], [ -75.747872, 39.7638, 0.0 ], [ -75.747746, 39.763946, 0.0 ], [ -75.747619, 39.764092, 0.0 ], [ -75.747494, 39.764238, 0.0 ], [ -75.74738, 39.76437, 0.0 ], [ -75.747228, 39.764544, 0.0 ], [ -75.747139, 39.764646, 0.0 ], [ -75.747012, 39.764791, 0.0 ], [ -75.746847, 39.76498, 0.0 ], [ -75.746707, 39.765141, 0.0 ], [ -75.746528, 39.765343, 0.0 ], [ -75.746387, 39.765503, 0.0 ], [ -75.746247, 39.765662, 0.0 ], [ -75.746092, 39.765836, 0.0 ], [ -75.746028, 39.765909, 0.0 ], [ -75.745977, 39.765966, 0.0 ], [ -75.745924, 39.766026, 0.0 ], [ -75.745831, 39.766129, 0.0 ], [ -75.745659, 39.766322, 0.0 ], [ -75.745513, 39.766485, 0.0 ], [ -75.745393, 39.766619, 0.0 ], [ -75.745153, 39.766885, 0.0 ], [ -75.74494, 39.767122, 0.0 ], [ -75.744792, 39.767284, 0.0 ], [ -75.744685, 39.767402, 0.0 ], [ -75.74455, 39.767551, 0.0 ], [ -75.744483, 39.767624, 0.0 ], [ -75.744442, 39.767668, 0.0 ], [ -75.744388, 39.767727, 0.0 ], [ -75.744267, 39.76786, 0.0 ], [ -75.744173, 39.767963, 0.0 ], [ -75.744064, 39.76808, 0.0 ], [ -75.74401, 39.768139, 0.0 ], [ -75.743875, 39.768286, 0.0 ], [ -75.74359, 39.768594, 0.0 ], [ -75.743413, 39.768784, 0.0 ], [ -75.743113, 39.769106, 0.0 ], [ -75.74284, 39.769398, 0.0 ], [ -75.742593, 39.76966, 0.0 ], [ -75.742359, 39.769908, 0.0 ], [ -75.742138, 39.770141, 0.0 ], [ -75.742097, 39.770184, 0.0 ], [ -75.742029, 39.770256, 0.0 ], [ -75.74185, 39.770443, 0.0 ], [ -75.741658, 39.770644, 0.0 ], [ -75.741465, 39.770844, 0.0 ], [ -75.741327, 39.770988, 0.0 ], [ -75.741268, 39.77105, 0.0 ], [ -75.741174, 39.771147, 0.0 ], [ -75.740976, 39.771353, 0.0 ], [ -75.740792, 39.771543, 0.0 ], [ -75.740707, 39.771631, 0.0 ], [ -75.74065, 39.771689, 0.0 ], [ -75.740622, 39.771718, 0.0 ], [ -75.740566, 39.771776, 0.0 ], [ -75.740397, 39.771949, 0.0 ], [ -75.740228, 39.772121, 0.0 ], [ -75.740073, 39.772279, 0.0 ], [ -75.739946, 39.772408, 0.0 ], [ -75.739876, 39.77248, 0.0 ], [ -75.739812, 39.772545, 0.0 ], [ -75.739749, 39.772609, 0.0 ], [ -75.739669, 39.77269, 0.0 ], [ -75.739621, 39.772739, 0.0 ], [ -75.739557, 39.772803, 0.0 ], [ -75.739461, 39.7729, 0.0 ], [ -75.739433, 39.772928, 0.0 ], [ -75.739276, 39.773086, 0.0 ], [ -75.739067, 39.773296, 0.0 ], [ -75.738801, 39.773563, 0.0 ], [ -75.738605, 39.773758, 0.0 ], [ -75.73838, 39.773982, 0.0 ], [ -75.738168, 39.77419, 0.0 ], [ -75.737971, 39.774385, 0.0 ], [ -75.737802, 39.774552, 0.0 ], [ -75.737674, 39.774677, 0.0 ], [ -75.737547, 39.774802, 0.0 ], [ -75.737349, 39.774996, 0.0 ], [ -75.737192, 39.775149, 0.0 ], [ -75.737036, 39.775301, 0.0 ], [ -75.736951, 39.775384, 0.0 ], [ -75.736616, 39.775708, 0.0 ], [ -75.736236, 39.776073, 0.0 ], [ -75.73584, 39.776452, 0.0 ], [ -75.735295, 39.776969, 0.0 ], [ -75.734718, 39.777513, 0.0 ], [ -75.734435, 39.777777, 0.0 ], [ -75.734093, 39.778096, 0.0 ], [ -75.733958, 39.778221, 0.0 ], [ -75.733674, 39.778484, 0.0 ], [ -75.733209, 39.778912, 0.0 ], [ -75.732996, 39.779107, 0.0 ], [ -75.732523, 39.779536, 0.0 ], [ -75.732482, 39.779574, 0.0 ], [ -75.732195, 39.779835, 0.0 ], [ -75.731648, 39.780328, 0.0 ], [ -75.731266010022978, 39.780669733422116, 0.0 ], [ -75.731221, 39.78071, 0.0 ], [ -75.730991, 39.780914, 0.0 ], [ -75.730899, 39.780996, 0.0 ], [ -75.730823, 39.781064, 0.0 ], [ -75.730562, 39.781295, 0.0 ], [ -75.730408, 39.78143, 0.0 ], [ -75.730239, 39.78158, 0.0 ], [ -75.730008, 39.781783, 0.0 ], [ -75.729838, 39.781931, 0.0 ], [ -75.729819768816185, 39.781946952285764, 0.0 ], [ -75.729706033003595, 39.782046471121788, 0.0 ], [ -75.729622, 39.78212, 0.0 ], [ -75.729482, 39.782242, 0.0 ], [ -75.729405, 39.782309, 0.0 ], [ -75.729064, 39.782604, 0.0 ], [ -75.728583, 39.783021, 0.0 ], [ -75.728255, 39.783301, 0.0 ], [ -75.728037, 39.783489, 0.0 ], [ -75.727723, 39.783755, 0.0 ], [ -75.727441, 39.783995, 0.0 ], [ -75.727175, 39.78422, 0.0 ], [ -75.726999, 39.784368, 0.0 ], [ -75.726573, 39.784725, 0.0 ], [ -75.726145, 39.785082, 0.0 ], [ -75.725875, 39.785305, 0.0 ], [ -75.725541, 39.785582, 0.0 ], [ -75.725127, 39.785923, 0.0 ], [ -75.72501, 39.786018, 0.0 ], [ -75.724934, 39.78608, 0.0 ], [ -75.724742, 39.786237, 0.0 ], [ -75.724646, 39.786316, 0.0 ], [ -75.724517, 39.78642, 0.0 ], [ -75.724355, 39.786551, 0.0 ], [ -75.724276, 39.786616, 0.0 ], [ -75.724131, 39.786734, 0.0 ], [ -75.724018, 39.786825, 0.0 ], [ -75.723921, 39.786903, 0.0 ], [ -75.723872, 39.786942, 0.0 ], [ -75.72371, 39.787073, 0.0 ], [ -75.723579, 39.787178, 0.0 ], [ -75.723515, 39.78723, 0.0 ], [ -75.723416, 39.787308, 0.0 ], [ -75.723286, 39.787413, 0.0 ], [ -75.723171, 39.787505, 0.0 ], [ -75.723024, 39.787621, 0.0 ], [ -75.722894, 39.787726, 0.0 ], [ -75.722812, 39.78779, 0.0 ], [ -75.722747, 39.787843, 0.0 ], [ -75.722664, 39.787908, 0.0 ], [ -75.722582, 39.787973, 0.0 ], [ -75.722549, 39.787999, 0.0 ], [ -75.722516, 39.788025, 0.0 ], [ -75.722402, 39.788115, 0.0 ], [ -75.722239, 39.788244, 0.0 ], [ -75.722076, 39.788373, 0.0 ], [ -75.721912, 39.788501, 0.0 ], [ -75.721715, 39.788655, 0.0 ], [ -75.721584, 39.788758, 0.0 ], [ -75.721404, 39.788899, 0.0 ], [ -75.721289, 39.788989, 0.0 ], [ -75.721206, 39.789053, 0.0 ], [ -75.721025, 39.789193, 0.0 ], [ -75.720894, 39.789296, 0.0 ], [ -75.720531, 39.789576, 0.0 ], [ -75.720463, 39.789628, 0.0 ], [ -75.720314, 39.789743, 0.0 ], [ -75.720132, 39.789883, 0.0 ], [ -75.7199, 39.79006, 0.0 ], [ -75.719768, 39.790162, 0.0 ], [ -75.719602, 39.790289, 0.0 ], [ -75.719535, 39.790339, 0.0 ], [ -75.719502, 39.790365, 0.0 ], [ -75.719169, 39.790617, 0.0 ], [ -75.718752, 39.790933, 0.0 ], [ -75.718367, 39.791222, 0.0 ], [ -75.717931, 39.791548, 0.0 ], [ -75.717561, 39.791823, 0.0 ], [ -75.717309, 39.79201, 0.0 ], [ -75.716937, 39.792284, 0.0 ], [ -75.716531, 39.792583, 0.0 ], [ -75.716226, 39.792806, 0.0 ], [ -75.71575, 39.793152, 0.0 ], [ -75.715324, 39.79346, 0.0 ], [ -75.715068, 39.793644, 0.0 ], [ -75.714622, 39.793963, 0.0 ], [ -75.714348, 39.794159, 0.0 ], [ -75.714142, 39.794305, 0.0 ], [ -75.714004, 39.794403, 0.0 ], [ -75.713918, 39.794464, 0.0 ], [ -75.713815, 39.794537, 0.0 ], [ -75.713624, 39.794672, 0.0 ], [ -75.713296, 39.794903, 0.0 ], [ -75.713071, 39.79506, 0.0 ], [ -75.712899, 39.795181, 0.0 ], [ -75.712465, 39.795484, 0.0 ], [ -75.712136, 39.795713, 0.0 ], [ -75.711962, 39.795833, 0.0 ], [ -75.711701, 39.796014, 0.0 ], [ -75.711387, 39.796229, 0.0 ], [ -75.711125, 39.796409, 0.0 ], [ -75.710968, 39.796517, 0.0 ], [ -75.710828, 39.796612, 0.0 ], [ -75.710635, 39.796743, 0.0 ], [ -75.710495, 39.796839, 0.0 ], [ -75.710179, 39.797053, 0.0 ], [ -75.709969, 39.797195, 0.0 ], [ -75.70974, 39.79735, 0.0 ], [ -75.709546, 39.79748, 0.0 ], [ -75.709352, 39.79761, 0.0 ], [ -75.709017, 39.797834, 0.0 ], [ -75.708716, 39.798035, 0.0 ], [ -75.708504, 39.798176, 0.0 ], [ -75.708167, 39.798399, 0.0 ], [ -75.707812, 39.798633, 0.0 ], [ -75.707545, 39.798808, 0.0 ], [ -75.707296, 39.798971, 0.0 ], [ -75.707207, 39.799029, 0.0 ], [ -75.707064, 39.799123, 0.0 ], [ -75.706921, 39.799216, 0.0 ], [ -75.706761, 39.79932, 0.0 ], [ -75.706597, 39.799426, 0.0 ], [ -75.706454, 39.799519, 0.0 ], [ -75.70631, 39.799612, 0.0 ], [ -75.706239, 39.799658, 0.0 ], [ -75.706185, 39.799692, 0.0 ], [ -75.706135, 39.799724, 0.0 ], [ -75.70606, 39.799773, 0.0 ], [ -75.705988, 39.799819, 0.0 ], [ -75.705916, 39.799866, 0.0 ], [ -75.705826, 39.799923, 0.0 ], [ -75.705736, 39.799981, 0.0 ], [ -75.705628, 39.80005, 0.0 ], [ -75.705538, 39.800107, 0.0 ], [ -75.705412, 39.800188, 0.0 ], [ -75.705268, 39.80028, 0.0 ], [ -75.705142, 39.80036, 0.0 ], [ -75.705034, 39.800429, 0.0 ], [ -75.704854, 39.800543, 0.0 ], [ -75.704691, 39.800646, 0.0 ], [ -75.704547, 39.800737, 0.0 ], [ -75.704203, 39.800954, 0.0 ], [ -75.704058, 39.801045, 0.0 ], [ -75.703949, 39.801113, 0.0 ], [ -75.703732, 39.80125, 0.0 ], [ -75.703586, 39.80134, 0.0 ], [ -75.703459, 39.80142, 0.0 ], [ -75.703314, 39.80151, 0.0 ], [ -75.703277, 39.801533, 0.0 ], [ -75.703168, 39.801601, 0.0 ], [ -75.702968, 39.801725, 0.0 ], [ -75.702749, 39.80186, 0.0 ], [ -75.702585, 39.801961, 0.0 ], [ -75.702494, 39.802018, 0.0 ], [ -75.70222, 39.802186, 0.0 ], [ -75.701964, 39.802343, 0.0 ], [ -75.701762, 39.802466, 0.0 ], [ -75.701634, 39.802545, 0.0 ], [ -75.701322, 39.802734, 0.0 ], [ -75.70112, 39.802857, 0.0 ], [ -75.700937, 39.802968, 0.0 ], [ -75.700495, 39.803234, 0.0 ], [ -75.700218, 39.8034, 0.0 ], [ -75.700089, 39.803478, 0.0 ], [ -75.699645, 39.803742, 0.0 ], [ -75.699442, 39.803863, 0.0 ], [ -75.699273, 39.803963, 0.0 ], [ -75.698847, 39.804215, 0.0 ], [ -75.698605, 39.804358, 0.0 ], [ -75.698438, 39.804456, 0.0 ], [ -75.697991, 39.804717, 0.0 ], [ -75.697768, 39.804848, 0.0 ], [ -75.697637, 39.804923, 0.0 ], [ -75.697151, 39.805205, 0.0 ], [ -75.696908, 39.805345, 0.0 ], [ -75.696721, 39.805453, 0.0 ], [ -75.696627, 39.805507, 0.0 ], [ -75.696496, 39.805582, 0.0 ], [ -75.696383, 39.805646, 0.0 ], [ -75.696271, 39.805711, 0.0 ], [ -75.696177, 39.805764, 0.0 ], [ -75.696083, 39.805818, 0.0 ], [ -75.69597, 39.805882, 0.0 ], [ -75.695801, 39.805979, 0.0 ], [ -75.695688, 39.806043, 0.0 ], [ -75.695613, 39.806085, 0.0 ], [ -75.695462, 39.806171, 0.0 ], [ -75.695368, 39.806224, 0.0 ], [ -75.695293, 39.806267, 0.0 ], [ -75.695161, 39.806341, 0.0 ], [ -75.695047, 39.806405, 0.0 ], [ -75.694953, 39.806458, 0.0 ], [ -75.69484, 39.806522, 0.0 ], [ -75.694764, 39.806564, 0.0 ], [ -75.694689, 39.806606, 0.0 ], [ -75.694632, 39.806638, 0.0 ], [ -75.694537, 39.806691, 0.0 ], [ -75.694432, 39.806751, 0.0 ], [ -75.694121, 39.806924, 0.0 ], [ -75.69378, 39.807113, 0.0 ], [ -75.693552, 39.807239, 0.0 ], [ -75.693153, 39.80746, 0.0 ], [ -75.692791, 39.807658, 0.0 ], [ -75.692525, 39.807804, 0.0 ], [ -75.691933, 39.808126, 0.0 ], [ -75.691641, 39.808284, 0.0 ], [ -75.691373, 39.808429, 0.0 ], [ -75.690817, 39.808728, 0.0 ], [ -75.690625, 39.80883, 0.0 ], [ -75.690356, 39.808974, 0.0 ], [ -75.690164, 39.809076, 0.0 ], [ -75.68974, 39.809301, 0.0 ], [ -75.689528, 39.809413, 0.0 ], [ -75.689393, 39.809484, 0.0 ], [ -75.689355, 39.809504, 0.0 ], [ -75.689026, 39.809676, 0.0 ], [ -75.688794, 39.809798, 0.0 ], [ -75.68862, 39.809889, 0.0 ], [ -75.688291, 39.81006, 0.0 ], [ -75.687961, 39.810231, 0.0 ], [ -75.687748, 39.810341, 0.0 ], [ -75.687243, 39.810601, 0.0 ], [ -75.686989, 39.810731, 0.0 ], [ -75.686814, 39.81082, 0.0 ], [ -75.686424, 39.811019, 0.0 ], [ -75.686151, 39.811158, 0.0 ], [ -75.685955, 39.811256, 0.0 ], [ -75.685799, 39.811335, 0.0 ], [ -75.685447, 39.811512, 0.0 ], [ -75.685212, 39.81163, 0.0 ], [ -75.685035, 39.811718, 0.0 ], [ -75.684878, 39.811797, 0.0 ], [ -75.684505, 39.811982, 0.0 ], [ -75.684328, 39.81207, 0.0 ], [ -75.684092, 39.812187, 0.0 ], [ -75.683894, 39.812284, 0.0 ], [ -75.683559, 39.812449, 0.0 ], [ -75.683322, 39.812565, 0.0 ], [ -75.683046, 39.8127, 0.0 ], [ -75.682888, 39.812777, 0.0 ], [ -75.682453, 39.812989, 0.0 ], [ -75.682255, 39.813084, 0.0 ], [ -75.682057, 39.81318, 0.0 ], [ -75.681958, 39.813228, 0.0 ], [ -75.681639, 39.813381, 0.0 ], [ -75.681482, 39.813456, 0.0 ], [ -75.681383, 39.813504, 0.0 ], [ -75.681325, 39.813532, 0.0 ], [ -75.681244, 39.81357, 0.0 ], [ -75.681206, 39.813588, 0.0 ], [ -75.680962, 39.813704, 0.0 ], [ -75.680925, 39.813722, 0.0 ], [ -75.680786, 39.813788, 0.0 ], [ -75.680667, 39.813844, 0.0 ], [ -75.680468, 39.813939, 0.0 ], [ -75.680308, 39.814014, 0.0 ], [ -75.680149, 39.814089, 0.0 ], [ -75.679909, 39.814202, 0.0 ], [ -75.67961, 39.814342, 0.0 ], [ -75.67939, 39.814445, 0.0 ], [ -75.67917, 39.814547, 0.0 ], [ -75.678829, 39.814705, 0.0 ], [ -75.678549, 39.814835, 0.0 ], [ -75.678388, 39.814909, 0.0 ], [ -75.678208, 39.814992, 0.0 ], [ -75.677806, 39.815176, 0.0 ], [ -75.677585, 39.815277, 0.0 ], [ -75.677364, 39.815378, 0.0 ], [ -75.677203, 39.815451, 0.0 ], [ -75.67688, 39.815597, 0.0 ], [ -75.676618, 39.815715, 0.0 ], [ -75.676376, 39.815824, 0.0 ], [ -75.676234, 39.815887, 0.0 ], [ -75.675867, 39.816052, 0.0 ], [ -75.675523, 39.816205, 0.0 ], [ -75.675341, 39.816286, 0.0 ], [ -75.674895, 39.816484, 0.0 ], [ -75.674611, 39.816609, 0.0 ], [ -75.674449, 39.816681, 0.0 ], [ -75.674307, 39.816743, 0.0 ], [ -75.674063, 39.81685, 0.0 ], [ -75.673778, 39.816974, 0.0 ], [ -75.673514, 39.817089, 0.0 ], [ -75.673371, 39.817151, 0.0 ], [ -75.673269, 39.817195, 0.0 ], [ -75.673086, 39.817274, 0.0 ], [ -75.672902, 39.817354, 0.0 ], [ -75.672678, 39.81745, 0.0 ], [ -75.672514, 39.81752, 0.0 ], [ -75.672351, 39.81759, 0.0 ], [ -75.672167, 39.817669, 0.0 ], [ -75.672024, 39.81773, 0.0 ], [ -75.671901, 39.817782, 0.0 ], [ -75.67184, 39.817808, 0.0 ], [ -75.671696, 39.817869, 0.0 ], [ -75.671512, 39.817947, 0.0 ], [ -75.671389, 39.817999, 0.0 ], [ -75.671246, 39.81806, 0.0 ], [ -75.671102, 39.81812, 0.0 ], [ -75.670979, 39.818172, 0.0 ], [ -75.670918, 39.818198, 0.0 ], [ -75.670712, 39.818284, 0.0 ], [ -75.670568, 39.818344, 0.0 ], [ -75.670466, 39.818387, 0.0 ], [ -75.670199, 39.818499, 0.0 ], [ -75.670075, 39.81855, 0.0 ], [ -75.669931, 39.81861, 0.0 ], [ -75.669643, 39.818729, 0.0 ], [ -75.669478, 39.818797, 0.0 ], [ -75.669231, 39.818899, 0.0 ], [ -75.669045, 39.818975, 0.0 ], [ -75.668777, 39.819085, 0.0 ], [ -75.668591, 39.819161, 0.0 ], [ -75.668301, 39.819278, 0.0 ], [ -75.668115, 39.819354, 0.0 ], [ -75.667805, 39.819479, 0.0 ], [ -75.667637, 39.819547, 0.0 ], [ -75.667409, 39.819639, 0.0 ], [ -75.667306, 39.819681, 0.0 ], [ -75.667167, 39.819736, 0.0 ], [ -75.66714, 39.819747, 0.0 ], [ -75.666995, 39.819805, 0.0 ], [ -75.666767, 39.819896, 0.0 ], [ -75.6666, 39.819963, 0.0 ], [ -75.666476, 39.820012, 0.0 ], [ -75.666247, 39.820103, 0.0 ], [ -75.666039, 39.820185, 0.0 ], [ -75.66579, 39.820284, 0.0 ], [ -75.66554, 39.820382, 0.0 ], [ -75.665228, 39.820505, 0.0 ], [ -75.66504, 39.820578, 0.0 ], [ -75.664685, 39.820716, 0.0 ], [ -75.664477, 39.820797, 0.0 ], [ -75.664372, 39.820838, 0.0 ], [ -75.664122, 39.820934, 0.0 ], [ -75.663933, 39.821007, 0.0 ], [ -75.663787, 39.821063, 0.0 ], [ -75.663473, 39.821184, 0.0 ], [ -75.663201, 39.821287, 0.0 ], [ -75.663159, 39.821304, 0.0 ], [ -75.662719, 39.821471, 0.0 ], [ -75.662404, 39.82159, 0.0 ], [ -75.662299, 39.821629, 0.0 ], [ -75.662173, 39.821677, 0.0 ], [ -75.662005, 39.82174, 0.0 ], [ -75.6619, 39.821779, 0.0 ], [ -75.661774, 39.821827, 0.0 ], [ -75.661648, 39.821874, 0.0 ], [ -75.661501, 39.821929, 0.0 ], [ -75.661395, 39.821968, 0.0 ], [ -75.661227, 39.822031, 0.0 ], [ -75.661122, 39.82207, 0.0 ], [ -75.661016, 39.822109, 0.0 ], [ -75.66089, 39.822156, 0.0 ], [ -75.6607, 39.822226, 0.0 ], [ -75.660595, 39.822265, 0.0 ], [ -75.660468, 39.822311, 0.0 ], [ -75.660363, 39.82235, 0.0 ], [ -75.660321, 39.822365, 0.0 ], [ -75.660173, 39.82242, 0.0 ], [ -75.660068, 39.822458, 0.0 ], [ -75.659899, 39.82252, 0.0 ], [ -75.659793, 39.822559, 0.0 ], [ -75.659687, 39.822597, 0.0 ], [ -75.659624, 39.82262, 0.0 ], [ -75.659603, 39.822628, 0.0 ], [ -75.658817, 39.822912, 0.0 ], [ -75.658776, 39.822927, 0.0 ], [ -75.658605, 39.822989, 0.0 ], [ -75.658351, 39.82308, 0.0 ], [ -75.658138, 39.823156, 0.0 ], [ -75.657778, 39.823284, 0.0 ], [ -75.657502, 39.823382, 0.0 ], [ -75.657226, 39.823479, 0.0 ], [ -75.6568, 39.823629, 0.0 ], [ -75.656438, 39.823755, 0.0 ], [ -75.656225, 39.823829, 0.0 ], [ -75.656098, 39.823874, 0.0 ], [ -75.655714, 39.824007, 0.0 ], [ -75.655479, 39.824088, 0.0 ], [ -75.655287, 39.824154, 0.0 ], [ -75.65486, 39.8243, 0.0 ], [ -75.654582, 39.824394, 0.0 ], [ -75.654368, 39.824467, 0.0 ], [ -75.653961, 39.824604, 0.0 ], [ -75.653704, 39.824691, 0.0 ], [ -75.653554, 39.824741, 0.0 ], [ -75.653468, 39.82477, 0.0 ], [ -75.65334, 39.824813, 0.0 ], [ -75.653168, 39.82487, 0.0 ], [ -75.653082, 39.824899, 0.0 ], [ -75.652932, 39.824949, 0.0 ], [ -75.652803, 39.824991, 0.0 ], [ -75.652696, 39.825027, 0.0 ], [ -75.652503, 39.825091, 0.0 ], [ -75.652309, 39.825154, 0.0 ], [ -75.652159, 39.825204, 0.0 ], [ -75.65203, 39.825246, 0.0 ], [ -75.651879, 39.825296, 0.0 ], [ -75.651729, 39.825345, 0.0 ], [ -75.651621, 39.82538, 0.0 ], [ -75.651449, 39.825436, 0.0 ], [ -75.651298, 39.825485, 0.0 ], [ -75.651169, 39.825527, 0.0 ], [ -75.650996, 39.825583, 0.0 ], [ -75.650824, 39.825638, 0.0 ], [ -75.650716, 39.825673, 0.0 ], [ -75.650542, 39.825729, 0.0 ], [ -75.650391, 39.825777, 0.0 ], [ -75.650283, 39.825812, 0.0 ], [ -75.650089, 39.825874, 0.0 ], [ -75.649937, 39.825922, 0.0 ], [ -75.649851, 39.82595, 0.0 ], [ -75.649721, 39.825991, 0.0 ], [ -75.649635, 39.826019, 0.0 ], [ -75.649527, 39.826053, 0.0 ], [ -75.649505, 39.82606, 0.0 ], [ -75.64944, 39.82608, 0.0 ], [ -75.649311, 39.826121, 0.0 ], [ -75.649246, 39.826142, 0.0 ], [ -75.649094, 39.82619, 0.0 ], [ -75.648986, 39.826224, 0.0 ], [ -75.648856, 39.826265, 0.0 ], [ -75.648748, 39.826299, 0.0 ], [ -75.64864, 39.826332, 0.0 ], [ -75.64851, 39.826373, 0.0 ], [ -75.648423, 39.8264, 0.0 ], [ -75.648315, 39.826434, 0.0 ], [ -75.648207, 39.826468, 0.0 ], [ -75.648077, 39.826508, 0.0 ], [ -75.647968, 39.826542, 0.0 ], [ -75.64786, 39.826575, 0.0 ], [ -75.647773, 39.826602, 0.0 ], [ -75.647643, 39.826642, 0.0 ], [ -75.647556, 39.826669, 0.0 ], [ -75.647448, 39.826703, 0.0 ], [ -75.647317, 39.826743, 0.0 ], [ -75.647209, 39.826776, 0.0 ], [ -75.647144, 39.826796, 0.0 ], [ -75.647078, 39.826816, 0.0 ], [ -75.646883, 39.826876, 0.0 ], [ -75.646644, 39.826949, 0.0 ], [ -75.646426, 39.827015, 0.0 ], [ -75.646187, 39.827087, 0.0 ], [ -75.645991, 39.827146, 0.0 ], [ -75.645686, 39.827238, 0.0 ], [ -75.64549, 39.827297, 0.0 ], [ -75.645294, 39.827355, 0.0 ], [ -75.645142, 39.827401, 0.0 ], [ -75.644989, 39.827446, 0.0 ], [ -75.644793, 39.827504, 0.0 ], [ -75.644575, 39.827569, 0.0 ], [ -75.644422, 39.827614, 0.0 ], [ -75.644269, 39.827659, 0.0 ], [ -75.644094, 39.82771, 0.0 ], [ -75.643963, 39.827749, 0.0 ], [ -75.643876, 39.827774, 0.0 ], [ -75.643788, 39.8278, 0.0 ], [ -75.643613, 39.827851, 0.0 ], [ -75.64346, 39.827895, 0.0 ], [ -75.643373, 39.827921, 0.0 ], [ -75.643198, 39.827971, 0.0 ], [ -75.643001, 39.828028, 0.0 ], [ -75.642804, 39.828085, 0.0 ], [ -75.642629, 39.828135, 0.0 ], [ -75.642475, 39.828179, 0.0 ], [ -75.642344, 39.828217, 0.0 ], [ -75.642256, 39.828242, 0.0 ], [ -75.642081, 39.828292, 0.0 ], [ -75.641979, 39.828321, 0.0 ], [ -75.641835, 39.828361, 0.0 ], [ -75.641682, 39.828405, 0.0 ], [ -75.641506, 39.828454, 0.0 ], [ -75.641308, 39.828509, 0.0 ], [ -75.641176, 39.828546, 0.0 ], [ -75.641089, 39.828571, 0.0 ], [ -75.640935, 39.828614, 0.0 ], [ -75.640759, 39.828663, 0.0 ], [ -75.640627, 39.828699, 0.0 ], [ -75.640473, 39.828742, 0.0 ], [ -75.640253, 39.828803, 0.0 ], [ -75.640055, 39.828858, 0.0 ], [ -75.639922, 39.828894, 0.0 ], [ -75.639703, 39.828955, 0.0 ], [ -75.639571, 39.828991, 0.0 ], [ -75.639373, 39.829045, 0.0 ], [ -75.639174, 39.829099, 0.0 ], [ -75.638976, 39.829153, 0.0 ], [ -75.638711, 39.829225, 0.0 ], [ -75.638425, 39.829303, 0.0 ], [ -75.638182, 39.829368, 0.0 ], [ -75.637984, 39.829422, 0.0 ], [ -75.637807, 39.829469, 0.0 ], [ -75.637652, 39.829511, 0.0 ], [ -75.637476, 39.829558, 0.0 ], [ -75.637233, 39.829623, 0.0 ], [ -75.637034, 39.829676, 0.0 ], [ -75.63595, 39.829961, 0.0 ], [ -75.634843, 39.83025, 0.0 ], [ -75.634794, 39.830262, 0.0 ], [ -75.634739, 39.830277, 0.0 ], [ -75.634683, 39.830291, 0.0 ], [ -75.634606, 39.830311, 0.0 ], [ -75.634561, 39.830323, 0.0 ], [ -75.634506, 39.830337, 0.0 ], [ -75.634439, 39.830354, 0.0 ], [ -75.634417, 39.830359, 0.0 ], [ -75.63435, 39.830376, 0.0 ], [ -75.634239, 39.830404, 0.0 ], [ -75.634139, 39.830429, 0.0 ], [ -75.634017, 39.830459, 0.0 ], [ -75.633961, 39.830473, 0.0 ], [ -75.633861, 39.830497, 0.0 ], [ -75.633831, 39.830504, 0.0 ], [ -75.633738, 39.830526, 0.0 ], [ -75.633604, 39.830558, 0.0 ], [ -75.633503, 39.830581, 0.0 ], [ -75.633402, 39.830605, 0.0 ], [ -75.633268, 39.830635, 0.0 ], [ -75.633167, 39.830658, 0.0 ], [ -75.633033, 39.830689, 0.0 ], [ -75.632944, 39.830711, 0.0 ], [ -75.632856, 39.830732, 0.0 ], [ -75.632744, 39.83076, 0.0 ], [ -75.632588, 39.830799, 0.0 ], [ -75.632499, 39.83082, 0.0 ], [ -75.63241, 39.830842, 0.0 ], [ -75.632321, 39.830864, 0.0 ], [ -75.632254, 39.83088, 0.0 ], [ -75.632187, 39.830897, 0.0 ], [ -75.632098, 39.830919, 0.0 ], [ -75.632009, 39.83094, 0.0 ], [ -75.63192, 39.830962, 0.0 ], [ -75.631808, 39.830989, 0.0 ], [ -75.631741, 39.831005, 0.0 ], [ -75.631697, 39.831016, 0.0 ], [ -75.631585, 39.831043, 0.0 ], [ -75.631518, 39.831059, 0.0 ], [ -75.631474, 39.83107, 0.0 ], [ -75.631429, 39.831081, 0.0 ], [ -75.631273, 39.831118, 0.0 ], [ -75.631072, 39.831167, 0.0 ], [ -75.630894, 39.831209, 0.0 ], [ -75.630737, 39.831247, 0.0 ], [ -75.630536, 39.831295, 0.0 ], [ -75.630358, 39.831337, 0.0 ], [ -75.630201, 39.831374, 0.0 ], [ -75.629978, 39.831427, 0.0 ], [ -75.629799, 39.831469, 0.0 ], [ -75.629665, 39.831501, 0.0 ], [ -75.629508, 39.831537, 0.0 ], [ -75.629352, 39.831574, 0.0 ], [ -75.629218, 39.831605, 0.0 ], [ -75.629083, 39.831636, 0.0 ], [ -75.62886, 39.831688, 0.0 ], [ -75.628613, 39.831745, 0.0 ], [ -75.628479, 39.831776, 0.0 ], [ -75.628232, 39.831833, 0.0 ], [ -75.627964, 39.831894, 0.0 ], [ -75.627739, 39.831945, 0.0 ], [ -75.62756, 39.831986, 0.0 ], [ -75.627425, 39.832016, 0.0 ], [ -75.627313, 39.832042, 0.0 ], [ -75.627067, 39.832097, 0.0 ], [ -75.626932, 39.832127, 0.0 ], [ -75.626909, 39.832133, 0.0 ], [ -75.626842, 39.832148, 0.0 ], [ -75.62673, 39.832173, 0.0 ], [ -75.62664, 39.832193, 0.0 ], [ -75.626393, 39.832248, 0.0 ], [ -75.626236, 39.832283, 0.0 ], [ -75.626124, 39.832308, 0.0 ], [ -75.626011, 39.832332, 0.0 ], [ -75.625921, 39.832352, 0.0 ], [ -75.625831, 39.832372, 0.0 ], [ -75.625742, 39.832392, 0.0 ], [ -75.625652, 39.832411, 0.0 ], [ -75.625562, 39.832431, 0.0 ], [ -75.625472, 39.832451, 0.0 ], [ -75.625359, 39.832475, 0.0 ], [ -75.625292, 39.83249, 0.0 ], [ -75.625247, 39.8325, 0.0 ], [ -75.625202, 39.83251, 0.0 ], [ -75.625112, 39.832529, 0.0 ], [ -75.625022, 39.832549, 0.0 ], [ -75.624864, 39.832583, 0.0 ], [ -75.624729, 39.832612, 0.0 ], [ -75.624594, 39.832641, 0.0 ], [ -75.624504, 39.832661, 0.0 ], [ -75.62437, 39.83269, 0.0 ], [ -75.624347, 39.832695, 0.0 ], [ -75.624302, 39.832704, 0.0 ], [ -75.624234, 39.832719, 0.0 ], [ -75.624144, 39.832738, 0.0 ], [ -75.624027, 39.832763, 0.0 ], [ -75.623914, 39.832787, 0.0 ], [ -75.623847, 39.832802, 0.0 ], [ -75.623712, 39.832831, 0.0 ], [ -75.623576, 39.832859, 0.0 ], [ -75.623486, 39.832878, 0.0 ], [ -75.623419, 39.832893, 0.0 ], [ -75.623284, 39.832922, 0.0 ], [ -75.623193, 39.832941, 0.0 ], [ -75.623171, 39.832945, 0.0 ], [ -75.623103, 39.83296, 0.0 ], [ -75.623036, 39.832974, 0.0 ], [ -75.622923, 39.832998, 0.0 ], [ -75.62281, 39.833021, 0.0 ], [ -75.622721, 39.83304, 0.0 ], [ -75.622585, 39.833069, 0.0 ], [ -75.622472, 39.833092, 0.0 ], [ -75.622382, 39.833111, 0.0 ], [ -75.622315, 39.833125, 0.0 ], [ -75.622224, 39.833144, 0.0 ], [ -75.622156, 39.833158, 0.0 ], [ -75.622111, 39.833167, 0.0 ], [ -75.62202, 39.833186, 0.0 ], [ -75.621975, 39.833195, 0.0 ], [ -75.621908, 39.833209, 0.0 ], [ -75.621795, 39.833233, 0.0 ], [ -75.621659, 39.833261, 0.0 ], [ -75.621501, 39.833293, 0.0 ], [ -75.621343, 39.833326, 0.0 ], [ -75.621094, 39.833376, 0.0 ], [ -75.620846, 39.833427, 0.0 ], [ -75.620642, 39.833468, 0.0 ], [ -75.620462, 39.833505, 0.0 ], [ -75.620281, 39.833541, 0.0 ], [ -75.620145, 39.833568, 0.0 ], [ -75.619986, 39.8336, 0.0 ], [ -75.619805, 39.833636, 0.0 ], [ -75.619602, 39.833676, 0.0 ], [ -75.619421, 39.833712, 0.0 ], [ -75.619172, 39.833761, 0.0 ], [ -75.618922, 39.83381, 0.0 ], [ -75.618719, 39.83385, 0.0 ], [ -75.618492, 39.833894, 0.0 ], [ -75.618265, 39.833938, 0.0 ], [ -75.618129, 39.833965, 0.0 ], [ -75.617948, 39.834, 0.0 ], [ -75.617744, 39.834039, 0.0 ], [ -75.617608, 39.834065, 0.0 ], [ -75.617472, 39.834091, 0.0 ], [ -75.61729, 39.834125, 0.0 ], [ -75.617108, 39.83416, 0.0 ], [ -75.616881, 39.834203, 0.0 ], [ -75.616745, 39.834228, 0.0 ], [ -75.616563, 39.834263, 0.0 ], [ -75.616359, 39.834301, 0.0 ], [ -75.6162, 39.83433, 0.0 ], [ -75.616132, 39.834343, 0.0 ], [ -75.61595, 39.834377, 0.0 ], [ -75.615768, 39.834411, 0.0 ], [ -75.615635, 39.834435, 0.0 ], [ -75.615518, 39.834457, 0.0 ], [ -75.615336, 39.83449, 0.0 ], [ -75.615044, 39.834543, 0.0 ], [ -75.614901, 39.834569, 0.0 ], [ -75.614719, 39.834602, 0.0 ], [ -75.614468, 39.834648, 0.0 ], [ -75.614309, 39.834677, 0.0 ], [ -75.614218, 39.834693, 0.0 ], [ -75.614172, 39.834701, 0.0 ], [ -75.614104, 39.834713, 0.0 ], [ -75.614082, 39.834717, 0.0 ], [ -75.613968, 39.834738, 0.0 ], [ -75.613876, 39.834754, 0.0 ], [ -75.613785, 39.83477, 0.0 ], [ -75.613626, 39.834799, 0.0 ], [ -75.613489, 39.834823, 0.0 ], [ -75.613375, 39.834843, 0.0 ], [ -75.613239, 39.834867, 0.0 ], [ -75.613102, 39.834891, 0.0 ], [ -75.612988, 39.834911, 0.0 ], [ -75.612851, 39.834935, 0.0 ], [ -75.612714, 39.834959, 0.0 ], [ -75.612532, 39.834991, 0.0 ], [ -75.612418, 39.835011, 0.0 ], [ -75.612304, 39.835031, 0.0 ], [ -75.612213, 39.835046, 0.0 ], [ -75.612076, 39.83507, 0.0 ], [ -75.611939, 39.835093, 0.0 ], [ -75.611825, 39.835113, 0.0 ], [ -75.611711, 39.835133, 0.0 ], [ -75.611574, 39.835156, 0.0 ], [ -75.611391, 39.835187, 0.0 ], [ -75.611277, 39.835206, 0.0 ], [ -75.611095, 39.835237, 0.0 ], [ -75.610935, 39.835264, 0.0 ], [ -75.610729, 39.835299, 0.0 ], [ -75.610547, 39.835329, 0.0 ], [ -75.610364, 39.83536, 0.0 ], [ -75.610158, 39.835394, 0.0 ], [ -75.609884, 39.835439, 0.0 ], [ -75.609678, 39.835473, 0.0 ], [ -75.609495, 39.835503, 0.0 ], [ -75.609267, 39.83554, 0.0 ], [ -75.609038, 39.835577, 0.0 ], [ -75.608763, 39.835621, 0.0 ], [ -75.608557, 39.835654, 0.0 ], [ -75.608374, 39.835684, 0.0 ], [ -75.608191, 39.835713, 0.0 ], [ -75.607861, 39.835765, 0.0 ], [ -75.607664, 39.835796, 0.0 ], [ -75.607546, 39.835814, 0.0 ], [ -75.60748, 39.835825, 0.0 ], [ -75.607396, 39.835838, 0.0 ], [ -75.607313, 39.835851, 0.0 ], [ -75.607229, 39.835864, 0.0 ], [ -75.607169, 39.835873, 0.0 ], [ -75.607094, 39.835885, 0.0 ], [ -75.606943, 39.835908, 0.0 ], [ -75.606864, 39.835921, 0.0 ], [ -75.606758, 39.835937, 0.0 ], [ -75.606628, 39.835956, 0.0 ], [ -75.606522, 39.835972, 0.0 ], [ -75.606417, 39.835988, 0.0 ], [ -75.606311, 39.836004, 0.0 ], [ -75.606194, 39.836023, 0.0 ], [ -75.606075, 39.836041, 0.0 ], [ -75.605926, 39.836063, 0.0 ], [ -75.605779, 39.836086, 0.0 ], [ -75.605708, 39.836097, 0.0 ], [ -75.605554, 39.836119, 0.0 ], [ -75.605312, 39.836156, 0.0 ], [ -75.60507, 39.836192, 0.0 ], [ -75.604828, 39.836228, 0.0 ], [ -75.604586, 39.836263, 0.0 ], [ -75.604357, 39.836297, 0.0 ], [ -75.60415, 39.836327, 0.0 ], [ -75.603966, 39.836354, 0.0 ], [ -75.603713, 39.83639, 0.0 ], [ -75.60353, 39.836416, 0.0 ], [ -75.603323, 39.836446, 0.0 ], [ -75.603047, 39.836485, 0.0 ], [ -75.602771, 39.836524, 0.0 ], [ -75.602495, 39.836563, 0.0 ], [ -75.602288, 39.836591, 0.0 ], [ -75.602104, 39.836617, 0.0 ], [ -75.601897, 39.836645, 0.0 ], [ -75.60169, 39.836674, 0.0 ], [ -75.601459, 39.836705, 0.0 ], [ -75.601252, 39.836733, 0.0 ], [ -75.601068, 39.836758, 0.0 ], [ -75.600861, 39.836786, 0.0 ], [ -75.600654, 39.836814, 0.0 ], [ -75.600446, 39.836841, 0.0 ], [ -75.600216, 39.836871, 0.0 ], [ -75.600101, 39.836887, 0.0 ], [ -75.59987, 39.836917, 0.0 ], [ -75.599709, 39.836938, 0.0 ], [ -75.599524, 39.836961, 0.0 ], [ -75.599386, 39.836979, 0.0 ], [ -75.599202, 39.837003, 0.0 ], [ -75.599017, 39.837027, 0.0 ], [ -75.59881, 39.837053, 0.0 ], [ -75.598602, 39.837079, 0.0 ], [ -75.598487, 39.837094, 0.0 ], [ -75.598464, 39.837096, 0.0 ], [ -75.598375, 39.837107, 0.0 ], [ -75.598279, 39.83712, 0.0 ], [ -75.598164, 39.837134, 0.0 ], [ -75.598094, 39.837142, 0.0 ], [ -75.598025, 39.837151, 0.0 ], [ -75.597979, 39.837157, 0.0 ], [ -75.597956, 39.83716, 0.0 ], [ -75.597864, 39.837171, 0.0 ], [ -75.597748, 39.837185, 0.0 ], [ -75.597656, 39.837197, 0.0 ], [ -75.597564, 39.837208, 0.0 ], [ -75.597471, 39.837219, 0.0 ], [ -75.597402, 39.837228, 0.0 ], [ -75.597379, 39.83723, 0.0 ], [ -75.59731, 39.837239, 0.0 ], [ -75.597171, 39.837256, 0.0 ], [ -75.597102, 39.837264, 0.0 ], [ -75.596986, 39.837278, 0.0 ], [ -75.596894, 39.837289, 0.0 ], [ -75.596778, 39.837303, 0.0 ], [ -75.596663, 39.837317, 0.0 ], [ -75.596594, 39.837325, 0.0 ], [ -75.596428, 39.837344, 0.0 ], [ -75.596313, 39.837358, 0.0 ], [ -75.596174, 39.837375, 0.0 ], [ -75.596059, 39.837388, 0.0 ], [ -75.595966, 39.837399, 0.0 ], [ -75.595781, 39.837421, 0.0 ], [ -75.595712, 39.837429, 0.0 ], [ -75.595689, 39.837432, 0.0 ], [ -75.595666, 39.837435, 0.0 ], [ -75.595573, 39.837445, 0.0 ], [ -75.595504, 39.837453, 0.0 ], [ -75.595458, 39.837459, 0.0 ], [ -75.595389, 39.837467, 0.0 ], [ -75.595342, 39.837472, 0.0 ], [ -75.595296, 39.837477, 0.0 ], [ -75.595227, 39.837486, 0.0 ], [ -75.595181, 39.837491, 0.0 ], [ -75.595134, 39.837496, 0.0 ], [ -75.595042, 39.837507, 0.0 ], [ -75.594972, 39.837515, 0.0 ], [ -75.594926, 39.83752, 0.0 ], [ -75.59488, 39.837525, 0.0 ], [ -75.594857, 39.837528, 0.0 ], [ -75.594834, 39.837531, 0.0 ], [ -75.594764, 39.837539, 0.0 ], [ -75.594695, 39.837546, 0.0 ], [ -75.594602, 39.837557, 0.0 ], [ -75.594533, 39.837565, 0.0 ], [ -75.594464, 39.837573, 0.0 ], [ -75.594371, 39.837583, 0.0 ], [ -75.594302, 39.837591, 0.0 ], [ -75.594186, 39.837604, 0.0 ], [ -75.59414, 39.837609, 0.0 ], [ -75.594048, 39.837619, 0.0 ], [ -75.59384, 39.837642, 0.0 ], [ -75.593585, 39.83767, 0.0 ], [ -75.593376, 39.837693, 0.0 ], [ -75.593191, 39.837713, 0.0 ], [ -75.593099, 39.837723, 0.0 ], [ -75.593052, 39.837729, 0.0 ], [ -75.593006, 39.837734, 0.0 ], [ -75.592913, 39.837743, 0.0 ], [ -75.592798, 39.837756, 0.0 ], [ -75.592705, 39.837766, 0.0 ], [ -75.592636, 39.837773, 0.0 ], [ -75.592589, 39.837778, 0.0 ], [ -75.59252, 39.837786, 0.0 ], [ -75.592311, 39.837808, 0.0 ], [ -75.592126, 39.837827, 0.0 ], [ -75.591941, 39.837847, 0.0 ], [ -75.591709, 39.837871, 0.0 ], [ -75.59157, 39.837885, 0.0 ], [ -75.591292, 39.837914, 0.0 ], [ -75.590945, 39.837949, 0.0 ], [ -75.590759, 39.837968, 0.0 ], [ -75.590411, 39.838002, 0.0 ], [ -75.590087, 39.838035, 0.0 ], [ -75.589901, 39.838053, 0.0 ], [ -75.589716, 39.838071, 0.0 ], [ -75.589553, 39.838086, 0.0 ], [ -75.589438, 39.838098, 0.0 ], [ -75.589322, 39.838109, 0.0 ], [ -75.589206, 39.83812, 0.0 ], [ -75.589043, 39.838135, 0.0 ], [ -75.588904, 39.838148, 0.0 ], [ -75.588695, 39.838168, 0.0 ], [ -75.588533, 39.838183, 0.0 ], [ -75.588324, 39.838203, 0.0 ], [ -75.588185, 39.838215, 0.0 ], [ -75.588022, 39.83823, 0.0 ], [ -75.587836, 39.838247, 0.0 ], [ -75.587674, 39.838262, 0.0 ], [ -75.587488, 39.838279, 0.0 ], [ -75.587326, 39.838293, 0.0 ], [ -75.587136, 39.83831, 0.0 ], [ -75.586927, 39.838329, 0.0 ], [ -75.586765, 39.838343, 0.0 ], [ -75.586556, 39.838361, 0.0 ], [ -75.586393, 39.838375, 0.0 ], [ -75.586277, 39.838386, 0.0 ], [ -75.586068, 39.838404, 0.0 ], [ -75.585836, 39.838423, 0.0 ], [ -75.585603, 39.838443, 0.0 ], [ -75.585371, 39.838462, 0.0 ], [ -75.585185, 39.838478, 0.0 ], [ -75.585045, 39.838489, 0.0 ], [ -75.584976, 39.838495, 0.0 ], [ -75.584836, 39.838506, 0.0 ], [ -75.584627, 39.838523, 0.0 ], [ -75.584441, 39.838538, 0.0 ], [ -75.584301, 39.838549, 0.0 ], [ -75.584185, 39.838558, 0.0 ], [ -75.584069, 39.838567, 0.0 ], [ -75.583953, 39.838577, 0.0 ], [ -75.583813, 39.838587, 0.0 ], [ -75.583697, 39.838596, 0.0 ], [ -75.583581, 39.838605, 0.0 ], [ -75.583464, 39.838614, 0.0 ], [ -75.583325, 39.838625, 0.0 ], [ -75.583208, 39.838634, 0.0 ], [ -75.583115, 39.838641, 0.0 ], [ -75.582976, 39.838651, 0.0 ], [ -75.582836, 39.838662, 0.0 ], [ -75.582743, 39.838668, 0.0 ], [ -75.58265, 39.838675, 0.0 ], [ -75.58251, 39.838685, 0.0 ], [ -75.582371, 39.838696, 0.0 ], [ -75.582231, 39.838706, 0.0 ], [ -75.582068, 39.838717, 0.0 ], [ -75.581928, 39.838727, 0.0 ], [ -75.581789, 39.838737, 0.0 ], [ -75.581696, 39.838744, 0.0 ], [ -75.581579, 39.838752, 0.0 ], [ -75.581463, 39.83876, 0.0 ], [ -75.581277, 39.838773, 0.0 ], [ -75.581114, 39.838784, 0.0 ], [ -75.580974, 39.838794, 0.0 ], [ -75.580788, 39.838806, 0.0 ], [ -75.580671, 39.838814, 0.0 ], [ -75.580532, 39.838823, 0.0 ], [ -75.580415, 39.838831, 0.0 ], [ -75.580322, 39.838837, 0.0 ], [ -75.580159, 39.838847, 0.0 ], [ -75.580042, 39.838855, 0.0 ], [ -75.579973, 39.838859, 0.0 ], [ -75.579926, 39.838862, 0.0 ], [ -75.579879, 39.838865, 0.0 ], [ -75.579856, 39.838867, 0.0 ], [ -75.579786, 39.838871, 0.0 ], [ -75.579693, 39.838877, 0.0 ], [ -75.579646, 39.83888, 0.0 ], [ -75.579576, 39.838885, 0.0 ], [ -75.57946, 39.838892, 0.0 ], [ -75.57932, 39.838901, 0.0 ], [ -75.579204, 39.838908, 0.0 ], [ -75.57911, 39.838913, 0.0 ], [ -75.579017, 39.838919, 0.0 ], [ -75.578901, 39.838926, 0.0 ], [ -75.578784, 39.838933, 0.0 ], [ -75.578691, 39.838939, 0.0 ], [ -75.578598, 39.838944, 0.0 ], [ -75.578481, 39.838951, 0.0 ], [ -75.578365, 39.838958, 0.0 ], [ -75.578248, 39.838965, 0.0 ], [ -75.578155, 39.83897, 0.0 ], [ -75.578062, 39.838976, 0.0 ], [ -75.577945, 39.838982, 0.0 ], [ -75.577852, 39.838988, 0.0 ], [ -75.577708, 39.838996, 0.0 ], [ -75.577591, 39.839003, 0.0 ], [ -75.577452, 39.83901, 0.0 ], [ -75.577335, 39.839017, 0.0 ], [ -75.577195, 39.839025, 0.0 ], [ -75.577125, 39.839029, 0.0 ], [ -75.577055, 39.839033, 0.0 ], [ -75.576962, 39.839038, 0.0 ], [ -75.576868, 39.839044, 0.0 ], [ -75.576775, 39.839049, 0.0 ], [ -75.576659, 39.839055, 0.0 ], [ -75.576519, 39.839063, 0.0 ], [ -75.576425, 39.839068, 0.0 ], [ -75.576379, 39.83907, 0.0 ], [ -75.576332, 39.839073, 0.0 ], [ -75.576239, 39.839078, 0.0 ], [ -75.576169, 39.839081, 0.0 ], [ -75.576076, 39.839086, 0.0 ], [ -75.575959, 39.839093, 0.0 ], [ -75.575866, 39.839097, 0.0 ], [ -75.575772, 39.839102, 0.0 ], [ -75.575656, 39.839108, 0.0 ], [ -75.575586, 39.839112, 0.0 ], [ -75.575469, 39.839118, 0.0 ], [ -75.575376, 39.839123, 0.0 ], [ -75.575166, 39.839133, 0.0 ], [ -75.575003, 39.839141, 0.0 ], [ -75.574769, 39.839153, 0.0 ], [ -75.574606, 39.83916, 0.0 ], [ -75.574373, 39.839172, 0.0 ], [ -75.574163, 39.839181, 0.0 ], [ -75.573953, 39.839191, 0.0 ], [ -75.573766, 39.8392, 0.0 ], [ -75.573556, 39.839209, 0.0 ], [ -75.573346, 39.839218, 0.0 ], [ -75.573206, 39.839224, 0.0 ], [ -75.573019, 39.839232, 0.0 ], [ -75.572763, 39.839243, 0.0 ], [ -75.572553, 39.839252, 0.0 ], [ -75.572366, 39.83926, 0.0 ], [ -75.572132, 39.839269, 0.0 ], [ -75.571829, 39.839281, 0.0 ], [ -75.571572, 39.839291, 0.0 ], [ -75.571479, 39.839295, 0.0 ], [ -75.571432, 39.839297, 0.0 ], [ -75.571175, 39.839306, 0.0 ], [ -75.571012, 39.839312, 0.0 ], [ -75.570872, 39.839317, 0.0 ], [ -75.570732, 39.839322, 0.0 ], [ -75.570592, 39.839327, 0.0 ], [ -75.570475, 39.839331, 0.0 ], [ -75.57037, 39.839334, 0.0 ], [ -75.570241, 39.839339, 0.0 ], [ -75.570148, 39.839342, 0.0 ], [ -75.569984, 39.839348, 0.0 ], [ -75.569774, 39.839354, 0.0 ], [ -75.569564, 39.839361, 0.0 ], [ -75.56933, 39.839369, 0.0 ], [ -75.56919, 39.839373, 0.0 ], [ -75.569122, 39.839375, 0.0 ], [ -75.569027, 39.839378, 0.0 ], [ -75.568793, 39.839385, 0.0 ], [ -75.568676, 39.839388, 0.0 ], [ -75.568536, 39.839392, 0.0 ], [ -75.568417, 39.839395, 0.0 ], [ -75.568253, 39.8394, 0.0 ], [ -75.56809, 39.839405, 0.0 ], [ -75.568042, 39.839406, 0.0 ], [ -75.56795, 39.839408, 0.0 ], [ -75.567833, 39.839411, 0.0 ], [ -75.567693, 39.839415, 0.0 ], [ -75.567554, 39.839419, 0.0 ], [ -75.567412, 39.839422, 0.0 ], [ -75.567296, 39.839425, 0.0 ], [ -75.567155, 39.839429, 0.0 ], [ -75.567039, 39.839431, 0.0 ], [ -75.566922, 39.839434, 0.0 ], [ -75.566805, 39.839437, 0.0 ], [ -75.566711, 39.839439, 0.0 ], [ -75.566571, 39.839442, 0.0 ], [ -75.566478, 39.839444, 0.0 ], [ -75.566408, 39.839446, 0.0 ], [ -75.566291, 39.839448, 0.0 ], [ -75.566127, 39.839452, 0.0 ], [ -75.565894, 39.839456, 0.0 ], [ -75.56573, 39.83946, 0.0 ], [ -75.56559, 39.839462, 0.0 ], [ -75.56545, 39.839465, 0.0 ], [ -75.56538, 39.839466, 0.0 ], [ -75.565288, 39.839468, 0.0 ], [ -75.5651, 39.839471, 0.0 ], [ -75.564961, 39.839474, 0.0 ], [ -75.564842, 39.839476, 0.0 ], [ -75.564656, 39.839479, 0.0 ], [ -75.564515, 39.839481, 0.0 ], [ -75.564445, 39.839482, 0.0 ], [ -75.564352, 39.839483, 0.0 ], [ -75.564258, 39.839485, 0.0 ], [ -75.564164, 39.839485, 0.0 ], [ -75.564047, 39.839488, 0.0 ], [ -75.563954, 39.839489, 0.0 ], [ -75.56386, 39.83949, 0.0 ], [ -75.563697, 39.839492, 0.0 ], [ -75.56358, 39.839494, 0.0 ], [ -75.563416, 39.839496, 0.0 ], [ -75.563276, 39.839497, 0.0 ], [ -75.563206, 39.839498, 0.0 ], [ -75.562832, 39.839502, 0.0 ], [ -75.562435, 39.839505, 0.0 ], [ -75.562178, 39.839507, 0.0 ], [ -75.561874, 39.83951, 0.0 ], [ -75.561453, 39.839512, 0.0 ], [ -75.561149, 39.839513, 0.0 ], [ -75.560869, 39.839514, 0.0 ], [ -75.560471, 39.839515, 0.0 ], [ -75.560284, 39.839516, 0.0 ], [ -75.560027, 39.839516, 0.0 ], [ -75.55977, 39.839516, 0.0 ], [ -75.559583, 39.839515, 0.0 ], [ -75.559326, 39.839515, 0.0 ], [ -75.559209, 39.839515, 0.0 ], [ -75.559069, 39.839514, 0.0 ], [ -75.558759, 39.839514, 0.0 ], [ -75.558268, 39.839512, 0.0 ], [ -75.557871, 39.83951, 0.0 ], [ -75.557403, 39.839507, 0.0 ], [ -75.557053, 39.839504, 0.0 ], [ -75.556725, 39.839501, 0.0 ], [ -75.556468, 39.839499, 0.0 ], [ -75.556305, 39.839497, 0.0 ], [ -75.556071, 39.839495, 0.0 ], [ -75.555674, 39.83949, 0.0 ], [ -75.555487, 39.839487, 0.0 ], [ -75.555276, 39.839484, 0.0 ], [ -75.555066, 39.839481, 0.0 ], [ -75.554926, 39.839479, 0.0 ], [ -75.554762, 39.839476, 0.0 ], [ -75.554622, 39.839474, 0.0 ], [ -75.554342, 39.839469, 0.0 ], [ -75.553944, 39.839462, 0.0 ], [ -75.553641, 39.839456, 0.0 ], [ -75.553454, 39.839453, 0.0 ], [ -75.55322, 39.839448, 0.0 ], [ -75.552986, 39.839443, 0.0 ], [ -75.552659, 39.839435, 0.0 ], [ -75.552402, 39.839429, 0.0 ], [ -75.552028, 39.83942, 0.0 ], [ -75.551655, 39.83941, 0.0 ], [ -75.551374, 39.839403, 0.0 ], [ -75.551299, 39.8394, 0.0 ], [ -75.551117, 39.839396, 0.0 ], [ -75.550837, 39.839388, 0.0 ], [ -75.550557, 39.839379, 0.0 ], [ -75.550323, 39.839372, 0.0 ], [ -75.550206, 39.839369, 0.0 ], [ -75.549903, 39.839359, 0.0 ], [ -75.549619, 39.839349, 0.0 ], [ -75.549502, 39.839346, 0.0 ], [ -75.549431, 39.839344, 0.0 ], [ -75.549361, 39.839341, 0.0 ], [ -75.549198, 39.839336, 0.0 ], [ -75.548964, 39.839328, 0.0 ], [ -75.548778, 39.839322, 0.0 ], [ -75.548614, 39.839316, 0.0 ], [ -75.548427, 39.839309, 0.0 ], [ -75.548217, 39.839301, 0.0 ], [ -75.548007, 39.839294, 0.0 ], [ -75.54782, 39.839287, 0.0 ], [ -75.547634, 39.839279, 0.0 ], [ -75.54726, 39.839265, 0.0 ], [ -75.547073, 39.839257, 0.0 ], [ -75.546863, 39.839249, 0.0 ], [ -75.5467, 39.839242, 0.0 ], [ -75.54649, 39.839233, 0.0 ], [ -75.54635, 39.839227, 0.0 ], [ -75.54614, 39.839218, 0.0 ], [ -75.545883, 39.839207, 0.0 ], [ -75.545556, 39.839192, 0.0 ], [ -75.5453, 39.83918, 0.0 ], [ -75.54502, 39.839167, 0.0 ], [ -75.544833, 39.839158, 0.0 ], [ -75.544646, 39.83915, 0.0 ], [ -75.544413, 39.839138, 0.0 ], [ -75.544203, 39.839128, 0.0 ], [ -75.5439, 39.839113, 0.0 ], [ -75.543667, 39.839101, 0.0 ], [ -75.543457, 39.83909, 0.0 ], [ -75.543084, 39.83907, 0.0 ], [ -75.542827, 39.839056, 0.0 ], [ -75.542547, 39.839041, 0.0 ], [ -75.542198, 39.839021, 0.0 ], [ -75.542011, 39.839011, 0.0 ], [ -75.541661, 39.838991, 0.0 ], [ -75.541312, 39.83897, 0.0 ], [ -75.540986, 39.838951, 0.0 ], [ -75.54087, 39.838892, 0.0 ], [ -75.540048, 39.838913, 0.0 ], [ -75.539716, 39.838925, 0.0 ], [ -75.539585, 39.838863, 0.0 ], [ -75.539515, 39.838859, 0.0 ], [ -75.539468, 39.838856, 0.0 ], [ -75.539422, 39.838853, 0.0 ], [ -75.539375, 39.83885, 0.0 ], [ -75.539282, 39.838844, 0.0 ], [ -75.539142, 39.838835, 0.0 ], [ -75.539026, 39.838827, 0.0 ], [ -75.538909, 39.838819, 0.0 ], [ -75.538816, 39.838813, 0.0 ], [ -75.5387, 39.838805, 0.0 ], [ -75.53863, 39.8388, 0.0 ], [ -75.538537, 39.838794, 0.0 ], [ -75.538397, 39.838785, 0.0 ], [ -75.538257, 39.838775, 0.0 ], [ -75.538141, 39.838767, 0.0 ], [ -75.538025, 39.838759, 0.0 ], [ -75.537815, 39.838744, 0.0 ], [ -75.537699, 39.838736, 0.0 ], [ -75.537559, 39.838726, 0.0 ], [ -75.537419, 39.838716, 0.0 ], [ -75.53728, 39.838706, 0.0 ], [ -75.537163, 39.838698, 0.0 ], [ -75.537001, 39.838686, 0.0 ], [ -75.536838, 39.838674, 0.0 ], [ -75.536721, 39.838665, 0.0 ], [ -75.53656, 39.838653, 0.0 ], [ -75.536465, 39.838646, 0.0 ], [ -75.536303, 39.838634, 0.0 ], [ -75.536163, 39.838623, 0.0 ], [ -75.536093, 39.838618, 0.0 ], [ -75.535977, 39.838609, 0.0 ], [ -75.535861, 39.8386, 0.0 ], [ -75.535744, 39.838591, 0.0 ], [ -75.535651, 39.838584, 0.0 ], [ -75.535605, 39.83858, 0.0 ], [ -75.535512, 39.838573, 0.0 ], [ -75.535395, 39.838564, 0.0 ], [ -75.535279, 39.838555, 0.0 ], [ -75.53514, 39.838544, 0.0 ], [ -75.534977, 39.838531, 0.0 ], [ -75.534837, 39.838519, 0.0 ], [ -75.534721, 39.83851, 0.0 ], [ -75.534628, 39.838502, 0.0 ], [ -75.534512, 39.838493, 0.0 ], [ -75.534396, 39.838483, 0.0 ], [ -75.534256, 39.838472, 0.0 ], [ -75.534117, 39.83846, 0.0 ], [ -75.533977, 39.838449, 0.0 ], [ -75.533838, 39.838437, 0.0 ], [ -75.533745, 39.838429, 0.0 ], [ -75.533582, 39.838415, 0.0 ], [ -75.533466, 39.838405, 0.0 ], [ -75.533283, 39.83839, 0.0 ], [ -75.533164, 39.83838, 0.0 ], [ -75.533071, 39.838371, 0.0 ], [ -75.532932, 39.838359, 0.0 ], [ -75.532746, 39.838343, 0.0 ], [ -75.53256, 39.838327, 0.0 ], [ -75.532351, 39.838308, 0.0 ], [ -75.532189, 39.838294, 0.0 ], [ -75.532026, 39.838279, 0.0 ], [ -75.531841, 39.838262, 0.0 ], [ -75.531748, 39.838254, 0.0 ], [ -75.531608, 39.838241, 0.0 ], [ -75.531469, 39.838228, 0.0 ], [ -75.531191, 39.838202, 0.0 ], [ -75.530982, 39.838183, 0.0 ], [ -75.530745, 39.838161, 0.0 ], [ -75.530629, 39.83815, 0.0 ], [ -75.530466, 39.838134, 0.0 ], [ -75.53028, 39.838117, 0.0 ], [ -75.530164, 39.838106, 0.0 ], [ -75.530072, 39.838097, 0.0 ], [ -75.529933, 39.838084, 0.0 ], [ -75.52977, 39.838068, 0.0 ], [ -75.529585, 39.83805, 0.0 ], [ -75.529492, 39.838041, 0.0 ], [ -75.52933, 39.838025, 0.0 ], [ -75.52919, 39.838011, 0.0 ], [ -75.528982, 39.837991, 0.0 ], [ -75.528843, 39.837977, 0.0 ], [ -75.52868, 39.837961, 0.0 ], [ -75.528425, 39.837935, 0.0 ], [ -75.528263, 39.837919, 0.0 ], [ -75.528101, 39.837902, 0.0 ], [ -75.527893, 39.837881, 0.0 ], [ -75.52773, 39.837864, 0.0 ], [ -75.527568, 39.837847, 0.0 ], [ -75.527392, 39.837828, 0.0 ], [ -75.527267, 39.837816, 0.0 ], [ -75.527105, 39.837799, 0.0 ], [ -75.526966, 39.837784, 0.0 ], [ -75.526688, 39.837754, 0.0 ], [ -75.526503, 39.837735, 0.0 ], [ -75.526341, 39.837717, 0.0 ], [ -75.526202, 39.837702, 0.0 ], [ -75.526017, 39.837682, 0.0 ], [ -75.525855, 39.837664, 0.0 ], [ -75.525785, 39.837657, 0.0 ], [ -75.525739, 39.837651, 0.0 ], [ -75.525647, 39.837641, 0.0 ], [ -75.525554, 39.837631, 0.0 ], [ -75.525415, 39.837616, 0.0 ], [ -75.52523, 39.837595, 0.0 ], [ -75.524999, 39.837569, 0.0 ], [ -75.524838, 39.837549, 0.0 ], [ -75.524791, 39.837546, 0.0 ], [ -75.524721, 39.837538, 0.0 ], [ -75.524583, 39.837522, 0.0 ], [ -75.524444, 39.837506, 0.0 ], [ -75.524282, 39.837488, 0.0 ], [ -75.524166, 39.837474, 0.0 ], [ -75.524074, 39.837464, 0.0 ], [ -75.524028, 39.837458, 0.0 ], [ -75.523935, 39.837448, 0.0 ], [ -75.523866, 39.83744, 0.0 ], [ -75.523773, 39.837429, 0.0 ], [ -75.523704, 39.837421, 0.0 ], [ -75.523612, 39.83741, 0.0 ], [ -75.523542, 39.837402, 0.0 ], [ -75.52345, 39.837391, 0.0 ], [ -75.523381, 39.837383, 0.0 ], [ -75.523242, 39.837366, 0.0 ], [ -75.523103, 39.83735, 0.0 ], [ -75.523011, 39.837339, 0.0 ], [ -75.522942, 39.837331, 0.0 ], [ -75.522849, 39.83732, 0.0 ], [ -75.52278, 39.837311, 0.0 ], [ -75.522734, 39.837306, 0.0 ], [ -75.522664, 39.837298, 0.0 ], [ -75.522618, 39.837292, 0.0 ], [ -75.522549, 39.837284, 0.0 ], [ -75.52248, 39.837275, 0.0 ], [ -75.522387, 39.837264, 0.0 ], [ -75.522295, 39.837253, 0.0 ], [ -75.522249, 39.837247, 0.0 ], [ -75.522156, 39.837236, 0.0 ], [ -75.52211, 39.83723, 0.0 ], [ -75.522087, 39.837228, 0.0 ], [ -75.521972, 39.837213, 0.0 ], [ -75.521902, 39.837205, 0.0 ], [ -75.52181, 39.837194, 0.0 ], [ -75.521718, 39.837182, 0.0 ], [ -75.521672, 39.837177, 0.0 ], [ -75.521575, 39.837165, 0.0 ], [ -75.521459, 39.83715, 0.0 ], [ -75.521321, 39.837133, 0.0 ], [ -75.521206, 39.837119, 0.0 ], [ -75.521136, 39.83711, 0.0 ], [ -75.520998, 39.837093, 0.0 ], [ -75.520952, 39.837087, 0.0 ], [ -75.520767, 39.837063, 0.0 ], [ -75.520629, 39.837046, 0.0 ], [ -75.520491, 39.837028, 0.0 ], [ -75.520306, 39.837005, 0.0 ], [ -75.520145, 39.836984, 0.0 ], [ -75.519983, 39.836963, 0.0 ], [ -75.519822, 39.836942, 0.0 ], [ -75.51973, 39.83693, 0.0 ], [ -75.519661, 39.836921, 0.0 ], [ -75.519545, 39.836906, 0.0 ], [ -75.518656, 39.836789, 0.0 ], [ -75.51844, 39.83676, 0.0 ], [ -75.518255, 39.836735, 0.0 ], [ -75.518094, 39.836713, 0.0 ], [ -75.517933, 39.836692, 0.0 ], [ -75.517726, 39.836663, 0.0 ], [ -75.517519, 39.836635, 0.0 ], [ -75.517358, 39.836613, 0.0 ], [ -75.517243, 39.836597, 0.0 ], [ -75.517197, 39.836591, 0.0 ], [ -75.517128, 39.836581, 0.0 ], [ -75.517059, 39.836571, 0.0 ], [ -75.51699, 39.836562, 0.0 ], [ -75.516898, 39.836549, 0.0 ], [ -75.516806, 39.836536, 0.0 ], [ -75.516714, 39.836523, 0.0 ], [ -75.516645, 39.836514, 0.0 ], [ -75.516576, 39.836504, 0.0 ], [ -75.516484, 39.836491, 0.0 ], [ -75.516415, 39.836481, 0.0 ], [ -75.516323, 39.836469, 0.0 ], [ -75.516277, 39.836462, 0.0 ], [ -75.516254, 39.836459, 0.0 ], [ -75.516208, 39.836452, 0.0 ], [ -75.516162, 39.836446, 0.0 ], [ -75.516047, 39.836429, 0.0 ], [ -75.515978, 39.83642, 0.0 ], [ -75.515932, 39.836413, 0.0 ], [ -75.515886, 39.836407, 0.0 ], [ -75.515863, 39.836403, 0.0 ], [ -75.515817, 39.836397, 0.0 ], [ -75.515748, 39.836387, 0.0 ], [ -75.515679, 39.836377, 0.0 ], [ -75.51561, 39.836367, 0.0 ], [ -75.515564, 39.836361, 0.0 ], [ -75.515495, 39.836351, 0.0 ], [ -75.515449, 39.836344, 0.0 ], [ -75.51538, 39.836334, 0.0 ], [ -75.515334, 39.836327, 0.0 ], [ -75.515266, 39.836317, 0.0 ], [ -75.51522, 39.836311, 0.0 ], [ -75.515151, 39.836301, 0.0 ], [ -75.515105, 39.836294, 0.0 ], [ -75.515013, 39.836281, 0.0 ], [ -75.514834, 39.836255, 0.0 ], [ -75.514669, 39.836231, 0.0 ], [ -75.514463, 39.8362, 0.0 ], [ -75.514255, 39.83617, 0.0 ], [ -75.51414, 39.836153, 0.0 ], [ -75.513957, 39.836125, 0.0 ], [ -75.513796, 39.836101, 0.0 ], [ -75.513704, 39.836088, 0.0 ], [ -75.513613, 39.836074, 0.0 ], [ -75.513544, 39.836064, 0.0 ], [ -75.513429, 39.836046, 0.0 ], [ -75.513223, 39.836014, 0.0 ], [ -75.513062, 39.835991, 0.0 ], [ -75.512901, 39.835966, 0.0 ], [ -75.512728, 39.835939, 0.0 ], [ -75.512547, 39.835912, 0.0 ], [ -75.512437, 39.835895, 0.0 ], [ -75.512279, 39.835871, 0.0 ], [ -75.512095, 39.835842, 0.0 ], [ -75.511912, 39.835814, 0.0 ], [ -75.511797, 39.835796, 0.0 ], [ -75.511614, 39.835767, 0.0 ], [ -75.5115, 39.835749, 0.0 ], [ -75.511431, 39.835738, 0.0 ], [ -75.511294, 39.835716, 0.0 ], [ -75.510905, 39.835654, 0.0 ], [ -75.510538, 39.835595, 0.0 ], [ -75.510127, 39.835529, 0.0 ], [ -75.509761, 39.835469, 0.0 ], [ -75.509372, 39.835405, 0.0 ], [ -75.509121, 39.835364, 0.0 ], [ -75.508869, 39.835322, 0.0 ], [ -75.50855, 39.835268, 0.0 ], [ -75.50823, 39.835215, 0.0 ], [ -75.508002, 39.835176, 0.0 ], [ -75.507636, 39.835114, 0.0 ], [ -75.507499, 39.835091, 0.0 ], [ -75.507408, 39.835075, 0.0 ], [ -75.507226, 39.835044, 0.0 ], [ -75.506975, 39.835001, 0.0 ], [ -75.506655, 39.834945, 0.0 ], [ -75.506405, 39.834902, 0.0 ], [ -75.506108, 39.83485, 0.0 ], [ -75.505903, 39.834814, 0.0 ], [ -75.505516, 39.834745, 0.0 ], [ -75.50522, 39.834693, 0.0 ], [ -75.505038, 39.83466, 0.0 ], [ -75.50481, 39.834619, 0.0 ], [ -75.50456, 39.834574, 0.0 ], [ -75.504287, 39.834525, 0.0 ], [ -75.504105, 39.834492, 0.0 ], [ -75.503945, 39.834463, 0.0 ], [ -75.503741, 39.834425, 0.0 ], [ -75.503377, 39.834358, 0.0 ], [ -75.503103, 39.834308, 0.0 ], [ -75.502831, 39.834257, 0.0 ], [ -75.502513, 39.834197, 0.0 ], [ -75.502422, 39.83418, 0.0 ], [ -75.502241, 39.834145, 0.0 ], [ -75.502059, 39.834111, 0.0 ], [ -75.501832, 39.834067, 0.0 ], [ -75.501605, 39.834024, 0.0 ], [ -75.501404, 39.833985, 0.0 ], [ -75.501197, 39.833945, 0.0 ], [ -75.500993, 39.833906, 0.0 ], [ -75.500767, 39.833862, 0.0 ], [ -75.500476, 39.833805, 0.0 ], [ -75.500336, 39.833777, 0.0 ], [ -75.500223, 39.833755, 0.0 ], [ -75.500132, 39.833737, 0.0 ], [ -75.500019, 39.833715, 0.0 ], [ -75.499906, 39.833693, 0.0 ], [ -75.49977, 39.833666, 0.0 ], [ -75.499634, 39.833639, 0.0 ], [ -75.499498, 39.833612, 0.0 ], [ -75.499295, 39.833571, 0.0 ], [ -75.499114, 39.833535, 0.0 ], [ -75.499023, 39.833517, 0.0 ], [ -75.498956, 39.833503, 0.0 ], [ -75.498888, 39.833489, 0.0 ], [ -75.498775, 39.833467, 0.0 ], [ -75.498594, 39.83343, 0.0 ], [ -75.498345, 39.83338, 0.0 ], [ -75.498187, 39.833347, 0.0 ], [ -75.497984, 39.833306, 0.0 ], [ -75.49778, 39.833264, 0.0 ], [ -75.497554, 39.833218, 0.0 ], [ -75.497396, 39.833185, 0.0 ], [ -75.497216, 39.833148, 0.0 ], [ -75.497013, 39.833106, 0.0 ], [ -75.496832, 39.833068, 0.0 ], [ -75.496674, 39.833035, 0.0 ], [ -75.496516, 39.833002, 0.0 ], [ -75.496336, 39.832964, 0.0 ], [ -75.496178, 39.832931, 0.0 ], [ -75.49602, 39.832898, 0.0 ], [ -75.495862, 39.832864, 0.0 ], [ -75.49566, 39.832821, 0.0 ], [ -75.49557, 39.832802, 0.0 ], [ -75.495502, 39.832788, 0.0 ], [ -75.495389, 39.832764, 0.0 ], [ -75.495258, 39.832735, 0.0 ], [ -75.495142, 39.832711, 0.0 ], [ -75.494961, 39.832672, 0.0 ], [ -75.494781, 39.832633, 0.0 ], [ -75.494511, 39.832575, 0.0 ], [ -75.494376, 39.832546, 0.0 ], [ -75.494219, 39.832511, 0.0 ], [ -75.494037, 39.832472, 0.0 ], [ -75.493835, 39.832427, 0.0 ], [ -75.493565, 39.832368, 0.0 ], [ -75.493498, 39.832353, 0.0 ], [ -75.493296, 39.832308, 0.0 ], [ -75.493071, 39.832258, 0.0 ], [ -75.493004, 39.832243, 0.0 ], [ -75.492959, 39.832233, 0.0 ], [ -75.492914, 39.832223, 0.0 ], [ -75.492846, 39.832208, 0.0 ], [ -75.492802, 39.832198, 0.0 ], [ -75.492757, 39.832188, 0.0 ], [ -75.492712, 39.832178, 0.0 ], [ -75.492555, 39.832143, 0.0 ], [ -75.492442, 39.832118, 0.0 ], [ -75.492263, 39.832077, 0.0 ], [ -75.492196, 39.832062, 0.0 ], [ -75.492061, 39.832032, 0.0 ], [ -75.491949, 39.832007, 0.0 ], [ -75.491792, 39.831971, 0.0 ], [ -75.491747, 39.831961, 0.0 ], [ -75.491613, 39.83193, 0.0 ], [ -75.491501, 39.831905, 0.0 ], [ -75.491276, 39.831853, 0.0 ], [ -75.491209, 39.831838, 0.0 ], [ -75.491075, 39.831807, 0.0 ], [ -75.490963, 39.831782, 0.0 ], [ -75.490761, 39.831735, 0.0 ], [ -75.490605, 39.831699, 0.0 ], [ -75.49047, 39.831668, 0.0 ], [ -75.490224, 39.831611, 0.0 ], [ -75.490067, 39.831574, 0.0 ], [ -75.489866, 39.831527, 0.0 ], [ -75.489687, 39.831485, 0.0 ], [ -75.489531, 39.831449, 0.0 ], [ -75.489374, 39.831412, 0.0 ], [ -75.48924, 39.83138, 0.0 ], [ -75.489039, 39.831333, 0.0 ], [ -75.488883, 39.831296, 0.0 ], [ -75.488704, 39.831253, 0.0 ], [ -75.488592, 39.831227, 0.0 ], [ -75.488458, 39.831195, 0.0 ], [ -75.488324, 39.831163, 0.0 ], [ -75.488235, 39.831141, 0.0 ], [ -75.488034, 39.831093, 0.0 ], [ -75.487655, 39.831002, 0.0 ], [ -75.487454, 39.830953, 0.0 ], [ -75.487187, 39.830888, 0.0 ], [ -75.487098, 39.830866, 0.0 ], [ -75.486942, 39.830828, 0.0 ], [ -75.486563, 39.830736, 0.0 ], [ -75.486363, 39.830686, 0.0 ], [ -75.486029, 39.830604, 0.0 ], [ -75.485917, 39.830576, 0.0 ], [ -75.485784, 39.830543, 0.0 ], [ -75.485472, 39.830466, 0.0 ], [ -75.485361, 39.830438, 0.0 ], [ -75.485228, 39.830405, 0.0 ], [ -75.48487, 39.830315, 0.0 ], [ -75.484715, 39.830275, 0.0 ], [ -75.484582, 39.830241, 0.0 ], [ -75.484338, 39.830179, 0.0 ], [ -75.484227, 39.830151, 0.0 ], [ -75.484005, 39.830094, 0.0 ], [ -75.483739, 39.830026, 0.0 ], [ -75.48365, 39.830003, 0.0 ], [ -75.483428, 39.829946, 0.0 ], [ -75.483118, 39.829866, 0.0 ], [ -75.482985, 39.829832, 0.0 ], [ -75.48283, 39.829791, 0.0 ], [ -75.482564, 39.829722, 0.0 ], [ -75.482432, 39.829687, 0.0 ], [ -75.482255, 39.829641, 0.0 ], [ -75.481989, 39.829571, 0.0 ], [ -75.481856, 39.829536, 0.0 ], [ -75.481702, 39.829495, 0.0 ], [ -75.481547, 39.829454, 0.0 ], [ -75.481459, 39.829431, 0.0 ], [ -75.481326, 39.829396, 0.0 ], [ -75.481215, 39.829366, 0.0 ], [ -75.481105, 39.829337, 0.0 ], [ -75.481039, 39.829319, 0.0 ], [ -75.476462, 39.827941, 0.0 ], [ -75.475353, 39.827615, 0.0 ], [ -75.473312, 39.827017, 0.0 ], [ -75.47266, 39.826802, 0.0 ], [ -75.472637, 39.826811, 0.0 ], [ -75.472445, 39.826884, 0.0 ], [ -75.472375, 39.826863, 0.0 ], [ -75.472179, 39.826804, 0.0 ], [ -75.472114, 39.826785, 0.0 ], [ -75.471852, 39.826706, 0.0 ], [ -75.471635, 39.82664, 0.0 ], [ -75.471548, 39.826614, 0.0 ], [ -75.471309, 39.826541, 0.0 ], [ -75.471113, 39.826481, 0.0 ], [ -75.470961, 39.826435, 0.0 ], [ -75.470787, 39.826381, 0.0 ], [ -75.470657, 39.826341, 0.0 ], [ -75.470549, 39.826308, 0.0 ], [ -75.470418, 39.826268, 0.0 ], [ -75.470332, 39.826241, 0.0 ], [ -75.47018, 39.826194, 0.0 ], [ -75.469984, 39.826134, 0.0 ], [ -75.469573, 39.826006, 0.0 ], [ -75.469291, 39.825918, 0.0 ], [ -75.469009, 39.82583, 0.0 ], [ -75.468533, 39.82568, 0.0 ], [ -75.468187, 39.825571, 0.0 ], [ -75.467928, 39.825488, 0.0 ], [ -75.46745, 39.825336, 0.0 ], [ -75.467191, 39.825253, 0.0 ], [ -75.467084, 39.825218, 0.0 ], [ -75.466825, 39.825135, 0.0 ], [ -75.466329, 39.824974, 0.0 ], [ -75.466093, 39.824897, 0.0 ], [ -75.465856, 39.82482, 0.0 ], [ -75.465598, 39.824735, 0.0 ], [ -75.465297, 39.824636, 0.0 ], [ -75.465125, 39.82458, 0.0 ], [ -75.46476, 39.824459, 0.0 ], [ -75.464373, 39.824331, 0.0 ], [ -75.464223, 39.824281, 0.0 ], [ -75.464116, 39.824245, 0.0 ], [ -75.463794, 39.824137, 0.0 ], [ -75.463409, 39.824008, 0.0 ], [ -75.463238, 39.82395, 0.0 ], [ -75.463066, 39.823892, 0.0 ], [ -75.462895, 39.823834, 0.0 ], [ -75.462703, 39.823769, 0.0 ], [ -75.462467, 39.823689, 0.0 ], [ -75.462339, 39.823645, 0.0 ], [ -75.462083, 39.823557, 0.0 ], [ -75.461784, 39.823455, 0.0 ], [ -75.461534, 39.823369, 0.0 ], [ -75.461293, 39.823286, 0.0 ], [ -75.461101, 39.823219, 0.0 ], [ -75.460846, 39.82313, 0.0 ], [ -75.46059, 39.823041, 0.0 ], [ -75.460356, 39.82296, 0.0 ], [ -75.460058, 39.822855, 0.0 ], [ -75.459739, 39.822743, 0.0 ], [ -75.459293, 39.822586, 0.0 ], [ -75.458656, 39.822359, 0.0 ], [ -75.458592, 39.822337, 0.0 ], [ -75.458486, 39.822299, 0.0 ], [ -75.458359, 39.822253, 0.0 ], [ -75.458232, 39.822208, 0.0 ], [ -75.458042, 39.822139, 0.0 ], [ -75.457957, 39.822108, 0.0 ], [ -75.457788, 39.822047, 0.0 ], [ -75.457639, 39.821994, 0.0 ], [ -75.457449, 39.821925, 0.0 ], [ -75.45728, 39.821864, 0.0 ], [ -75.457111, 39.821802, 0.0 ], [ -75.456942, 39.82174, 0.0 ], [ -75.456836, 39.821702, 0.0 ], [ -75.456667, 39.82164, 0.0 ], [ -75.456498, 39.821578, 0.0 ], [ -75.456329, 39.821516, 0.0 ], [ -75.456245, 39.821485, 0.0 ], [ -75.456097, 39.821431, 0.0 ], [ -75.455929, 39.821369, 0.0 ], [ -75.455718, 39.821291, 0.0 ], [ -75.455528, 39.821221, 0.0 ], [ -75.45536, 39.821158, 0.0 ], [ -75.45517, 39.821088, 0.0 ], [ -75.455023, 39.821033, 0.0 ], [ -75.454916, 39.820993, 0.0 ], [ -75.45475, 39.820931, 0.0 ], [ -75.454603, 39.820876, 0.0 ], [ -75.454498, 39.820837, 0.0 ], [ -75.45435, 39.820781, 0.0 ], [ -75.454182, 39.820718, 0.0 ], [ -75.454036, 39.820666, 0.0 ], [ -75.453951, 39.820631, 0.0 ], [ -75.453742, 39.820552, 0.0 ], [ -75.453595, 39.820496, 0.0 ], [ -75.45349, 39.820457, 0.0 ], [ -75.453301, 39.820385, 0.0 ], [ -75.453113, 39.820313, 0.0 ], [ -75.452882, 39.820225, 0.0 ], [ -75.452673, 39.820145, 0.0 ], [ -75.452443, 39.820057, 0.0 ], [ -75.452192, 39.819961, 0.0 ], [ -75.451878, 39.81984, 0.0 ], [ -75.451607, 39.819735, 0.0 ], [ -75.451273, 39.819605, 0.0 ], [ -75.451001, 39.819499, 0.0 ], [ -75.450751, 39.819402, 0.0 ], [ -75.450501, 39.819304, 0.0 ], [ -75.450418, 39.819271, 0.0 ], [ -75.450252, 39.819205, 0.0 ], [ -75.450106, 39.819148, 0.0 ], [ -75.450064, 39.819131, 0.0 ], [ -75.449981, 39.819099, 0.0 ], [ -75.449898, 39.819066, 0.0 ], [ -75.449836, 39.819041, 0.0 ], [ -75.449794, 39.819024, 0.0 ], [ -75.449753, 39.819008, 0.0 ], [ -75.449669, 39.818975, 0.0 ], [ -75.449586, 39.818942, 0.0 ], [ -75.449545, 39.818925, 0.0 ], [ -75.449516, 39.818915, 0.0 ], [ -75.449399, 39.818868, 0.0 ], [ -75.449316, 39.818835, 0.0 ], [ -75.449192, 39.818785, 0.0 ], [ -75.449005, 39.81871, 0.0 ], [ -75.448943, 39.818685, 0.0 ], [ -75.448798, 39.818627, 0.0 ], [ -75.448673, 39.818577, 0.0 ], [ -75.448487, 39.818502, 0.0 ], [ -75.448425, 39.818477, 0.0 ], [ -75.44828, 39.818419, 0.0 ], [ -75.448135, 39.81836, 0.0 ], [ -75.447907, 39.818268, 0.0 ], [ -75.447762, 39.81821, 0.0 ], [ -75.447638, 39.818159, 0.0 ], [ -75.447452, 39.818084, 0.0 ], [ -75.447328, 39.818033, 0.0 ], [ -75.447225, 39.817991, 0.0 ], [ -75.447122, 39.817949, 0.0 ], [ -75.446998, 39.817898, 0.0 ], [ -75.446895, 39.817856, 0.0 ], [ -75.446771, 39.817805, 0.0 ], [ -75.446627, 39.817746, 0.0 ], [ -75.446503, 39.817695, 0.0 ], [ -75.4464, 39.817652, 0.0 ], [ -75.446297, 39.81761, 0.0 ], [ -75.446214, 39.817576, 0.0 ], [ -75.446194, 39.817567, 0.0 ], [ -75.446091, 39.817525, 0.0 ], [ -75.446029, 39.817499, 0.0 ], [ -75.445988, 39.817482, 0.0 ], [ -75.445864, 39.817431, 0.0 ], [ -75.445782, 39.817397, 0.0 ], [ -75.445721, 39.817371, 0.0 ], [ -75.445638, 39.817337, 0.0 ], [ -75.445597, 39.81732, 0.0 ], [ -75.445473, 39.817269, 0.0 ], [ -75.445391, 39.817234, 0.0 ], [ -75.445268, 39.817183, 0.0 ], [ -75.445186, 39.817149, 0.0 ], [ -75.445042, 39.817089, 0.0 ], [ -75.44496, 39.817054, 0.0 ], [ -75.444775, 39.816977, 0.0 ], [ -75.44459, 39.816899, 0.0 ], [ -75.444468, 39.816848, 0.0 ], [ -75.444344, 39.816795, 0.0 ], [ -75.444242, 39.816752, 0.0 ], [ -75.444119, 39.8167, 0.0 ], [ -75.444016, 39.816657, 0.0 ], [ -75.443893, 39.816605, 0.0 ], [ -75.443812, 39.81657, 0.0 ], [ -75.443648, 39.816501, 0.0 ], [ -75.443546, 39.816457, 0.0 ], [ -75.443443, 39.816413, 0.0 ], [ -75.443341, 39.81637, 0.0 ], [ -75.443218, 39.816318, 0.0 ], [ -75.443116, 39.816274, 0.0 ], [ -75.442994, 39.816221, 0.0 ], [ -75.442891, 39.816178, 0.0 ], [ -75.442769, 39.816125, 0.0 ], [ -75.442667, 39.816081, 0.0 ], [ -75.442544, 39.816029, 0.0 ], [ -75.442422, 39.815976, 0.0 ], [ -75.4423, 39.815923, 0.0 ], [ -75.442218, 39.815888, 0.0 ], [ -75.442157, 39.815861, 0.0 ], [ -75.442073, 39.815825, 0.0 ], [ -75.442012, 39.815799, 0.0 ], [ -75.44193, 39.815763, 0.0 ], [ -75.441849, 39.815728, 0.0 ], [ -75.441767, 39.815693, 0.0 ], [ -75.441706, 39.815666, 0.0 ], [ -75.441666, 39.815648, 0.0 ], [ -75.441605, 39.815622, 0.0 ], [ -75.441523, 39.815586, 0.0 ], [ -75.441401, 39.815533, 0.0 ], [ -75.44132, 39.815498, 0.0 ], [ -75.441238, 39.815462, 0.0 ], [ -75.441198, 39.815444, 0.0 ], [ -75.441099, 39.815399, 0.0 ], [ -75.440995, 39.815356, 0.0 ], [ -75.440893, 39.815311, 0.0 ], [ -75.440832, 39.815284, 0.0 ], [ -75.440791, 39.815266, 0.0 ], [ -75.44071, 39.815231, 0.0 ], [ -75.440609, 39.815186, 0.0 ], [ -75.440507, 39.815142, 0.0 ], [ -75.440427, 39.815106, 0.0 ], [ -75.440365, 39.815079, 0.0 ], [ -75.440203, 39.815007, 0.0 ], [ -75.440041, 39.814936, 0.0 ], [ -75.439838, 39.814846, 0.0 ], [ -75.439717, 39.814792, 0.0 ], [ -75.439575, 39.814729, 0.0 ], [ -75.439393, 39.814648, 0.0 ], [ -75.439211, 39.814567, 0.0 ], [ -75.439029, 39.814485, 0.0 ], [ -75.438928, 39.81444, 0.0 ], [ -75.438706, 39.81434, 0.0 ], [ -75.438463, 39.814231, 0.0 ], [ -75.438121, 39.814077, 0.0 ], [ -75.437939, 39.813995, 0.0 ], [ -75.437698, 39.813885, 0.0 ], [ -75.437456, 39.813775, 0.0 ], [ -75.437255, 39.813684, 0.0 ], [ -75.437235, 39.813674, 0.0 ], [ -75.437174, 39.813647, 0.0 ], [ -75.437074, 39.813601, 0.0 ], [ -75.436994, 39.813564, 0.0 ], [ -75.436933, 39.813537, 0.0 ], [ -75.436893, 39.813518, 0.0 ], [ -75.436853, 39.8135, 0.0 ], [ -75.436773, 39.813463, 0.0 ], [ -75.436612, 39.813389, 0.0 ], [ -75.436451, 39.813315, 0.0 ], [ -75.436351, 39.813269, 0.0 ], [ -75.436231, 39.813214, 0.0 ], [ -75.43609, 39.813149, 0.0 ], [ -75.43599, 39.813103, 0.0 ], [ -75.43587, 39.813047, 0.0 ], [ -75.43575, 39.812991, 0.0 ], [ -75.43567, 39.812954, 0.0 ], [ -75.43557, 39.812908, 0.0 ], [ -75.43543, 39.812842, 0.0 ], [ -75.43533, 39.812796, 0.0 ], [ -75.43529, 39.812777, 0.0 ], [ -75.43517, 39.812721, 0.0 ], [ -75.43505, 39.812665, 0.0 ], [ -75.43491, 39.8126, 0.0 ], [ -75.43479, 39.812544, 0.0 ], [ -75.43467, 39.812488, 0.0 ], [ -75.434491, 39.812403, 0.0 ], [ -75.434391, 39.812356, 0.0 ], [ -75.434251, 39.81229, 0.0 ], [ -75.434092, 39.812215, 0.0 ], [ -75.433994, 39.812169, 0.0 ], [ -75.433874, 39.812112, 0.0 ], [ -75.433636, 39.811999, 0.0 ], [ -75.433497, 39.811933, 0.0 ], [ -75.433357, 39.811866, 0.0 ], [ -75.433298, 39.811838, 0.0 ], [ -75.433238, 39.811809, 0.0 ], [ -75.433179, 39.811781, 0.0 ], [ -75.433099, 39.811743, 0.0 ], [ -75.43298, 39.811686, 0.0 ], [ -75.432901, 39.811648, 0.0 ], [ -75.432782, 39.811591, 0.0 ], [ -75.432682, 39.811543, 0.0 ], [ -75.432564, 39.811486, 0.0 ], [ -75.432484, 39.811448, 0.0 ], [ -75.432365, 39.81139, 0.0 ], [ -75.432266, 39.811343, 0.0 ], [ -75.432167, 39.811295, 0.0 ], [ -75.432088, 39.811257, 0.0 ], [ -75.431949, 39.81119, 0.0 ], [ -75.43185, 39.811142, 0.0 ], [ -75.431752, 39.811094, 0.0 ], [ -75.431712, 39.811074, 0.0 ], [ -75.431633, 39.811036, 0.0 ], [ -75.431534, 39.810988, 0.0 ], [ -75.431455, 39.81095, 0.0 ], [ -75.431336, 39.810892, 0.0 ], [ -75.431257, 39.810853, 0.0 ], [ -75.431139, 39.810796, 0.0 ], [ -75.43106, 39.810757, 0.0 ], [ -75.430961, 39.810709, 0.0 ], [ -75.430883, 39.81067, 0.0 ], [ -75.430724, 39.810593, 0.0 ], [ -75.430606, 39.810535, 0.0 ], [ -75.430508, 39.810487, 0.0 ], [ -75.430429, 39.810448, 0.0 ], [ -75.430311, 39.81039, 0.0 ], [ -75.430212, 39.810341, 0.0 ], [ -75.430114, 39.810293, 0.0 ], [ -75.429995, 39.810235, 0.0 ], [ -75.429917, 39.810196, 0.0 ], [ -75.429799, 39.810138, 0.0 ], [ -75.42974, 39.810108, 0.0 ], [ -75.429641, 39.81006, 0.0 ], [ -75.429582, 39.81003, 0.0 ], [ -75.429464, 39.809972, 0.0 ], [ -75.429288, 39.809884, 0.0 ], [ -75.429032, 39.809757, 0.0 ], [ -75.428954, 39.809718, 0.0 ], [ -75.428797, 39.80964, 0.0 ], [ -75.42862, 39.809552, 0.0 ], [ -75.428444, 39.809463, 0.0 ], [ -75.428346, 39.809414, 0.0 ], [ -75.42817, 39.809326, 0.0 ], [ -75.428092, 39.809286, 0.0 ], [ -75.428052, 39.809267, 0.0 ], [ -75.427974, 39.809227, 0.0 ], [ -75.427915, 39.809198, 0.0 ], [ -75.427837, 39.809158, 0.0 ], [ -75.427739, 39.809109, 0.0 ], [ -75.427661, 39.80907, 0.0 ], [ -75.427603, 39.80904, 0.0 ], [ -75.427505, 39.808991, 0.0 ], [ -75.427446, 39.808961, 0.0 ], [ -75.427388, 39.808931, 0.0 ], [ -75.42731, 39.808892, 0.0 ], [ -75.427251, 39.808862, 0.0 ], [ -75.427173, 39.808822, 0.0 ], [ -75.427056, 39.808763, 0.0 ], [ -75.426978, 39.808723, 0.0 ], [ -75.4269, 39.808684, 0.0 ], [ -75.426822, 39.808644, 0.0 ], [ -75.426666, 39.808565, 0.0 ], [ -75.426335, 39.808395, 0.0 ], [ -75.42614, 39.808296, 0.0 ], [ -75.425829, 39.808136, 0.0 ], [ -75.425479, 39.807956, 0.0 ], [ -75.425111, 39.807766, 0.0 ], [ -75.424569, 39.807483, 0.0 ], [ -75.424183, 39.80728, 0.0 ], [ -75.423951, 39.807158, 0.0 ], [ -75.423566, 39.806954, 0.0 ], [ -75.423258, 39.806791, 0.0 ], [ -75.423104, 39.806709, 0.0 ], [ -75.42197260904166, 39.805921304078552, 0.0 ], [ -75.422, 39.8059, 0.0 ], [ -75.424499511718722, 39.806900024414162, 0.0 ], [ -75.4325, 39.804, 0.0 ], [ -75.431399999999854, 39.8023, 0.0 ], [ -75.4345, 39.804, 0.0 ], [ -75.433899999999852, 39.8015, 0.0 ], [ -75.43529999999987, 39.8036, 0.0 ], [ -75.4403, 39.8028, 0.0 ], [ -75.4625, 39.7901, 0.0 ], [ -75.4724, 39.7817, 0.0 ], [ -75.472803481013301, 39.781286304277387, 0.0 ], [ -75.4803, 39.7736, 0.0 ], [ -75.4783, 39.7718, 0.0 ], [ -75.4803, 39.7725, 0.0 ], [ -75.4875, 39.7599, 0.0 ], [ -75.491348453535551, 39.755420652442069, 0.0 ], [ -75.4936, 39.7528, 0.0 ], [ -75.4935, 39.7509, 0.0 ], [ -75.4948, 39.7513, 0.0 ], [ -75.493899999999883, 39.75, 0.0 ], [ -75.494999999999862, 39.7506, 0.0 ], [ -75.5008, 39.7444, 0.0 ], [ -75.500815983684305, 39.744358778919562, 0.0 ], [ -75.504599999999868, 39.7346, 0.0 ], [ -75.510999999999882, 39.7186, 0.0 ], [ -75.518007994673781, 39.717949773690066, 0.0 ], [ -75.5207, 39.7177, 0.0 ], [ -75.523, 39.7139, 0.0 ], [ -75.526199999999875, 39.7017, 0.0 ], [ -75.52119999999988, 39.6992, 0.0 ], [ -75.522599999999898, 39.6981, 0.0 ], [ -75.525314331054574, 39.699394226074205, 0.0 ], [ -75.5305, 39.6919, 0.0 ], [ -75.54605621593268, 39.676843295588029, 0.0 ], [ -75.5523, 39.6708, 0.0 ], [ -75.5534, 39.6687, 0.0 ], [ -75.552200317382699, 39.667102813720817, 0.0 ], [ -75.556901356708693, 39.664563517363717, 0.0 ], [ -75.558479361097284, 39.663711148234839, 0.0 ], [ -75.5585, 39.6637, 0.0 ], [ -75.556603826541163, 39.662728142761466, 0.0 ], [ -75.562033739319503, 39.656401435949959, 0.0 ], [ -75.56204398172963, 39.656399223298294, 0.0 ], [ -75.574729234626716, 39.653658848211535, 0.0 ], [ -75.582895478822508, 39.651894707415238, 0.0 ], [ -75.5875, 39.6509, 0.0 ], [ -75.604608, 39.632432, 0.0 ], [ -75.607152, 39.626912, 0.0 ], [ -75.6108, 39.625488, 0.0 ], [ -75.612096, 39.621904, 0.0 ], [ -75.614048, 39.622016, 0.0 ], [ -75.613728, 39.620176, 0.0 ], [ -75.615472, 39.621344, 0.0 ], [ -75.61688, 39.620448, 0.0 ], [ -75.614416, 39.61776, 0.0 ], [ -75.615648, 39.615296, 0.0 ], [ -75.6172, 39.615792, 0.0 ], [ -75.61432, 39.614336, 0.0 ], [ -75.612288, 39.610752, 0.0 ], [ -75.613811193706368, 39.60675361652082, 0.0 ], [ -75.613824, 39.60672, 0.0 ], [ -75.613934314148821, 39.606756049087949, 0.0 ], [ -75.613982529750018, 39.606771805257736, 0.0 ], [ -75.616592373303121, 39.607624664847265, 0.0 ], [ -75.622783999999882, 39.609648, 0.0 ], [ -75.623951999999889, 39.60625600000013, 0.0 ], [ -75.630352, 39.605184, 0.0 ], [ -75.630137520798399, 39.604671478271456, 0.0 ], [ -75.62912, 39.60224, 0.0 ], [ -75.62352, 39.601376, 0.0 ], [ -75.622016, 39.602368, 0.0 ], [ -75.6232, 39.60464, 0.0 ], [ -75.621135999999865, 39.607184, 0.0 ], [ -75.614752, 39.606448, 0.0 ], [ -75.615312, 39.605216, 0.0 ], [ -75.618896, 39.605456, 0.0 ], [ -75.614719999999863, 39.604, 0.0 ], [ -75.614143999999897, 39.60608, 0.0 ], [ -75.614735999999851, 39.603616, 0.0 ], [ -75.612256, 39.597456, 0.0 ], [ -75.619328, 39.593936, 0.0 ], [ -75.62064, 39.59008, 0.0 ], [ -75.61936, 39.588176, 0.0 ], [ -75.622447999999878, 39.585888, 0.0 ], [ -75.618207999999896, 39.58768, 0.0 ], [ -75.622767999999894, 39.585536, 0.0 ], [ -75.618144, 39.587008, 0.0 ], [ -75.616111999999845, 39.590128, 0.0 ], [ -75.619232, 39.592768, 0.0 ], [ -75.612224, 39.597296, 0.0 ], [ -75.604992, 39.589808, 0.0 ], [ -75.616864, 39.58672, 0.0 ], [ -75.619472, 39.584032, 0.0 ], [ -75.60735681484735, 39.587123723749642, 0.0 ], [ -75.605227168289218, 39.587667196982551, 0.0 ], [ -75.602379709451441, 39.588393851672834, 0.0 ], [ -75.600524902343608, 39.5888671875, 0.0 ], [ -75.592872445978941, 39.583657804564567, 0.0 ], [ -75.592576, 39.583456, 0.0 ], [ -75.592073773670478, 39.583022052174556, 0.0 ], [ -75.586546784363804, 39.578246466247933, 0.0 ], [ -75.581983999999863, 39.574304, 0.0 ], [ -75.57888, 39.574608, 0.0 ], [ -75.579856, 39.572704, 0.0 ], [ -75.571968, 39.567088, 0.0 ], [ -75.566688, 39.565344, 0.0 ], [ -75.563515, 39.5625, 0.0 ], [ -75.564328999999873, 39.560776, 0.0 ], [ -75.564335319983712, 39.56076098787436, 0.0 ], [ -75.567614, 39.552973, 0.0 ], [ -75.570715, 39.527111, 0.0 ], [ -75.561080999999888, 39.52036, 0.0 ], [ -75.561287999999877, 39.516034, 0.0 ], [ -75.566930999999869, 39.508299, 0.0 ], [ -75.576788, 39.509083, 0.0 ], [ -75.587167, 39.498576, 0.0 ], [ -75.588581, 39.490062, 0.0 ], [ -75.59342, 39.479075, 0.0 ], [ -75.590784, 39.460858, 0.0 ], [ -75.580537, 39.450927, 0.0 ], [ -75.581863999999882, 39.448661, 0.0 ], [ -75.580570980528393, 39.448180392762524, 0.0 ], [ -75.579708999999838, 39.44786, 0.0 ], [ -75.571503, 39.443536, 0.0 ], [ -75.571887568822177, 39.440845717369797, 0.0 ], [ -75.572182, 39.438786, 0.0 ], [ -75.556243, 39.430239, 0.0 ], [ -75.548955999999862, 39.42248, 0.0 ], [ -75.538865999999899, 39.41639, 0.0 ], [ -75.535918, 39.40831, 0.0 ], [ -75.520914, 39.387364, 0.0 ], [ -75.521536999999881, 39.381665, 0.0 ], [ -75.515935999999897, 39.377841, 0.0 ], [ -75.515883999999858, 39.369063, 0.0 ], [ -75.512755655215415, 39.365566732274942, 0.0 ], [ -75.512710111043248, 39.365525118981594, 0.0 ], [ -75.505631, 39.359057000000121, 0.0 ], [ -75.494514, 39.354501, 0.0 ], [ -75.492153, 39.351733, 0.0 ], [ -75.494477, 39.346468, 0.0 ], [ -75.490732999999864, 39.342706, 0.0 ], [ -75.480413, 39.339539, 0.0 ], [ -75.476112, 39.334375, 0.0 ], [ -75.470800999999852, 39.331234, 0.0 ], [ -75.46078, 39.328124, 0.0 ], [ -75.449728, 39.322235, 0.0 ], [ -75.444305, 39.317245, 0.0 ], [ -75.44365, 39.314848, 0.0 ], [ -75.438648999999856, 39.312608, 0.0 ], [ -75.436939999999851, 39.306909, 0.0 ], [ -75.43747, 39.299265, 0.0 ], [ -75.434231, 39.290247, 0.0 ], [ -75.409, 39.26493, 0.0 ], [ -75.403793, 39.255659, 0.0 ], [ -75.404710999999878, 39.246015, 0.0 ], [ -75.405473531098323, 39.245201970153559, 0.0 ], [ -75.406522999999879, 39.244083, 0.0 ], [ -75.402801, 39.240109, 0.0 ], [ -75.401922, 39.231114, 0.0 ], [ -75.406074999999845, 39.223722, 0.0 ], [ -75.396546, 39.214793, 0.0 ], [ -75.396725, 39.210192, 0.0 ], [ -75.39337499999985, 39.2044, 0.0 ], [ -75.393261, 39.198587, 0.0 ], [ -75.395443999999884, 39.187555, 0.0 ], [ -75.400502999999873, 39.186344, 0.0 ], [ -75.408624999999887, 39.174513, 0.0 ], [ -75.409951, 39.165953, 0.0 ], [ -75.408219, 39.160917, 0.0 ], [ -75.409631, 39.1584, 0.0 ], [ -75.412454999999881, 39.152106, 0.0 ], [ -75.411487, 39.147185, 0.0 ], [ -75.409929999999861, 39.1462, 0.0 ], [ -75.408001, 39.122070000000122, 0.0 ], [ -75.400578999999851, 39.098057, 0.0 ], [ -75.402646, 39.075856, 0.0 ], [ -75.402395, 39.066773, 0.0 ], [ -75.400655977549349, 39.065534408478584, 0.0 ], [ -75.396348779679954, 39.058581579389141, 0.0 ], [ -75.391473, 39.052963, 0.0 ], [ -75.380233999999859, 39.048678, 0.0 ], [ -75.370172, 39.042429, 0.0 ], [ -75.342075, 39.020993, 0.0 ], [ -75.318718, 38.988079, 0.0 ], [ -75.315315, 38.980663, 0.0 ], [ -75.311971999999855, 38.967525, 0.0 ], [ -75.312138470751449, 38.94587283715434, 0.0 ], [ -75.312138990785229, 38.945805198512986, 0.0 ], [ -75.302829, 38.938981, 0.0 ], [ -75.313057, 38.943308, 0.0 ], [ -75.316984, 38.938501000000116, 0.0 ], [ -75.31669, 38.931405, 0.0 ], [ -75.303217, 38.911958, 0.0 ], [ -75.272088, 38.883605, 0.0 ], [ -75.257922999999892, 38.873002, 0.0 ], [ -75.237346999999886, 38.849016, 0.0 ], [ -75.227849034335264, 38.840435031020306, 0.0 ], [ -75.206607, 38.824395, 0.0 ], [ -75.190741999999887, 38.806597, 0.0 ], [ -75.171267, 38.795737, 0.0 ], [ -75.16112, 38.791112, 0.0 ], [ -75.160164, 38.792144, 0.0 ], [ -75.158496, 38.791225, 0.0 ], [ -75.159394, 38.790081, 0.0 ], [ -75.146763, 38.785065, 0.0 ], [ -75.125, 38.78153, 0.0 ], [ -75.107126, 38.784376, 0.0 ], [ -75.097477999999853, 38.788591, 0.0 ], [ -75.094029, 38.79388, 0.0 ], [ -75.095345, 38.793971, 0.0 ], [ -75.094176, 38.796741, 0.0 ], [ -75.097572, 38.802989, 0.0 ], [ -75.09418, 38.8037, 0.0 ], [ -75.091663, 38.801206, 0.0 ], [ -75.087475999999896, 38.78999, 0.0 ], [ -75.08162, 38.763881, 0.0 ], [ -75.079445170531983, 38.737623223349402, 0.0 ], [ -75.079157, 38.734144, 0.0 ], [ -75.065886, 38.660918, 0.0 ], [ -75.065593, 38.632282, 0.0 ], [ -75.06229599999989, 38.608757, 0.0 ], [ -75.075336, 38.61061, 0.0 ], [ -75.072653, 38.612098, 0.0 ], [ -75.072828, 38.617592, 0.0 ], [ -75.070903, 38.616905, 0.0 ], [ -75.070844, 38.61338, 0.0 ], [ -75.067897, 38.612694, 0.0 ], [ -75.067168, 38.618188, 0.0 ], [ -75.069122999999877, 38.618371, 0.0 ], [ -75.067227, 38.621301, 0.0 ], [ -75.075156200530415, 38.625380160852842, 0.0 ] ] ] ] } }
]
}
