{
"type": "FeatureCollection",
"name": "Massachusetts_CD_1992_2000",
"crs": { "type": "name", "properties": { "name": "urn:ogc:def:crs:OGC:1.3:CRS84" } },
"features": [
{ "type": "Feature", "properties": { "DISTRICT": "10", "STARTCONG": "103", "ENDCONG": "107", "BESTDEC": "Massachusetts_CD_1992_2000", "ST": "25", "STA": "MA", "ELECT_YEAR": "1992-2000", "TYPE": "US Cong" }, "geometry": { "type": "MultiPolygon", "coordinates": [ [ [ [ -70.654048741775, 41.458588181880984 ], [ -70.64933, 41.461068 ], [ -70.63399246082534, 41.468210217040962 ], [ -70.603555, 41.482384 ], [ -70.598444, 41.481151 ], [ -70.59628, 41.471905 ], [ -70.586045404002888, 41.470163733690804 ], [ -70.57485, 41.468259 ], [ -70.567826484169743, 41.471022857510469 ], [ -70.567356, 41.471208 ], [ -70.567222222080829, 41.471139699742444 ], [ -70.56328, 41.469127 ], [ -70.557737379960898, 41.460166163123844 ], [ -70.554967330784805, 41.455687783110257 ], [ -70.553277, 41.452955 ], [ -70.553244546203175, 41.452025985774114 ], [ -70.553244521387327, 41.452025275401411 ], [ -70.552943, 41.443394 ], [ -70.555588, 41.430882 ], [ -70.553096, 41.423952 ], [ -70.548073748703899, 41.41657531293621 ], [ -70.547567, 41.415831 ], [ -70.538301, 41.409241 ], [ -70.528581, 41.4051 ], [ -70.517584, 41.403769 ], [ -70.517453724746332, 41.403725652752833 ], [ -70.517432179966974, 41.403718484032431 ], [ -70.506984, 41.400242 ], [ -70.506857994674419, 41.400016955362773 ], [ -70.502372, 41.392005 ], [ -70.501942187268554, 41.389338225698147 ], [ -70.501306, 41.385391 ], [ -70.498959, 41.384339 ], [ -70.498538284515504, 41.384302833140254 ], [ -70.492516523953057, 41.383785171733557 ], [ -70.490758, 41.383634 ], [ -70.490172055688916, 41.38388280385135 ], [ -70.484503, 41.38629 ], [ -70.480736170342141, 41.390354085986061 ], [ -70.472604, 41.399128 ], [ -70.473001225487494, 41.408002441343783 ], [ -70.473035, 41.408757 ], [ -70.472712450170846, 41.409348126033137 ], [ -70.470788, 41.412875 ], [ -70.463833, 41.419145 ], [ -70.450431, 41.420703 ], [ -70.446233, 41.39648 ], [ -70.449268, 41.380422 ], [ -70.448262, 41.353651 ], [ -70.450937714562201, 41.348445587899846 ], [ -70.451084, 41.348161 ], [ -70.451515403531531, 41.348144644601938 ], [ -70.469640061044146, 41.347457501434782 ], [ -70.496162, 41.346452 ], [ -70.511799570075524, 41.347382118451762 ], [ -70.51983315502504, 41.347859953918459 ], [ -70.528708546272782, 41.348387859796823 ], [ -70.532761800032844, 41.348628946237611 ], [ -70.538294, 41.348958 ], [ -70.556401559010979, 41.349051419212458 ], [ -70.583578146018041, 41.349191626700154 ], [ -70.599157, 41.349272 ], [ -70.603592536736585, 41.34896944131755 ], [ -70.606680122173401, 41.348758829651594 ], [ -70.651171845552284, 41.345723941654185 ], [ -70.708853820610059, 41.341789314706169 ], [ -70.709826, 41.341723 ], [ -70.710867420977124, 41.341478637037966 ], [ -70.731793679795388, 41.336568420419383 ], [ -70.733253, 41.336226 ], [ -70.734562618375875, 41.335650933812239 ], [ -70.747541, 41.329952 ], [ -70.758257443893285, 41.32271242962554 ], [ -70.764188, 41.318706 ], [ -70.768015, 41.311959 ], [ -70.766166, 41.308962 ], [ -70.768687, 41.303702 ], [ -70.775665, 41.300982 ], [ -70.784542782309941, 41.305426267963121 ], [ -70.788333360593285, 41.307323852859639 ], [ -70.799876689194193, 41.31310250835012 ], [ -70.801720329698512, 41.314025445198837 ], [ -70.802083, 41.314207 ], [ -70.819415, 41.327212 ], [ -70.83264968568632, 41.340880733068374 ], [ -70.838530297775364, 41.34695420688022 ], [ -70.838777, 41.347209 ], [ -70.838508570793309, 41.347542283861252 ], [ -70.833802, 41.353386 ], [ -70.824791, 41.354375017307973 ], [ -70.812309, 41.355745 ], [ -70.800289, 41.3538 ], [ -70.794899824785702, 41.351906908741874 ], [ -70.783820548311624, 41.348015017941407 ], [ -70.783291, 41.347829 ], [ -70.782590449599482, 41.347942459347088 ], [ -70.774974, 41.349176 ], [ -70.768901, 41.353246 ], [ -70.768275237103623, 41.353947562283381 ], [ -70.768274632932574, 41.353948239638399 ], [ -70.729225, 41.397728 ], [ -70.724366, 41.398942 ], [ -70.712432, 41.40885 ], [ -70.712341240400448, 41.40948889345384 ], [ -70.711493, 41.41546 ], [ -70.701378, 41.430925 ], [ -70.686881, 41.441334 ], [ -70.654048741775, 41.458588181880984 ] ] ], [ [ [ -71.009793, 42.305198 ], [ -71.005398567104208, 42.307195469498083 ], [ -71.000947920143162, 42.302483019252392 ], [ -71.002806581686741, 42.297355675864004 ], [ -71.005473568582218, 42.289998468914398 ], [ -71.00615811503809, 42.288110064456539 ], [ -71.006134643115359, 42.288009470766546 ], [ -71.005466471984334, 42.2851458877361 ], [ -71.005370493896123, 42.284734554154191 ], [ -71.005304189181984, 42.284450391840821 ], [ -71.004900478185931, 42.282720206408129 ], [ -71.002764178118284, 42.279929935315607 ], [ -70.999548079850356, 42.275729314736189 ], [ -70.996097048073636, 42.271221842049158 ], [ -70.991478913371353, 42.268735155610919 ], [ -70.990522986297734, 42.268220425954176 ], [ -70.989090228606813, 42.26744894150228 ], [ -70.977077281521304, 42.267846063600771 ], [ -70.967351138481945, 42.268167588893959 ], [ -70.957391226958009, 42.270517660555804 ], [ -70.948970519902502, 42.272504552203991 ], [ -70.945546638520085, 42.269080673191226 ], [ -70.939538564916418, 42.266038609982125 ], [ -70.938885409029453, 42.265707898072684 ], [ -70.935886406755742, 42.264189415596839 ], [ -70.923169143882319, 42.263211164788821 ], [ -70.910941000488748, 42.265412229699201 ], [ -70.906302012469922, 42.271636205178751 ], [ -70.896267231260055, 42.285099536392281 ], [ -70.896121864233848, 42.287280048123534 ], [ -70.896032678444527, 42.288617838852055 ], [ -70.895778107040883, 42.292436421006627 ], [ -70.896210684733532, 42.293537532848774 ], [ -70.897123196273938, 42.295860300019392 ], [ -70.915587690049435, 42.302463495935342 ], [ -70.917489582162162, 42.305686466342202 ], [ -70.907556377185969, 42.307888965292278 ], [ -70.882764, 42.30886 ], [ -70.882065463266585, 42.305097906962061 ], [ -70.881242, 42.300663 ], [ -70.879263221950922, 42.297801414808923 ], [ -70.876619594797447, 42.293978366379328 ], [ -70.875809431356714, 42.292806758626071 ], [ -70.871859103220487, 42.287094040870997 ], [ -70.870873, 42.285668 ], [ -70.867352615595777, 42.281900264518633 ], [ -70.861807, 42.275965 ], [ -70.857291642367869, 42.272721983668177 ], [ -70.851093, 42.26827 ], [ -70.831075, 42.267424 ], [ -70.824660856705492, 42.265934676602264 ], [ -70.811742, 42.262935 ], [ -70.791360137077532, 42.2549524431208 ], [ -70.788724, 42.25392 ], [ -70.780722452694775, 42.251791930401005 ], [ -70.770964057563589, 42.249196614367548 ], [ -70.764757, 42.244062 ], [ -70.754488, 42.228673 ], [ -70.749176565165627, 42.223655018647094 ], [ -70.74723, 42.221816 ], [ -70.745048915686056, 42.220392996220873 ], [ -70.736244700544049, 42.214648866413725 ], [ -70.73467563984812, 42.21362516490629 ], [ -70.73056, 42.21094 ], [ -70.722269, 42.207959 ], [ -70.721224557722351, 42.201183906438146 ], [ -70.718707, 42.184853 ], [ -70.718565313553157, 42.184336227144698 ], [ -70.714301, 42.168783 ], [ -70.712920638257785, 42.16781329458798 ], [ -70.706264, 42.163137 ], [ -70.685315, 42.133025 ], [ -70.679432439025049, 42.126233260946954 ], [ -70.663931, 42.108336 ], [ -70.660224577240015, 42.105262704501328 ], [ -70.640169, 42.088633 ], [ -70.63848, 42.081579 ], [ -70.644005040051411, 42.078309701297769 ], [ -70.644027728558243, 42.078296275964206 ], [ -70.647349, 42.076331 ], [ -70.647701975751815, 42.07301949146045 ], [ -70.64770377679028, 42.073002594678655 ], [ -70.64819, 42.068441 ], [ -70.643208, 42.050821 ], [ -70.64433680521158, 42.045894506936946 ], [ -70.65054656801081, 42.046229344490492 ], [ -70.650874, 42.046247 ], [ -70.66936, 42.037116 ], [ -70.671153865226628, 42.024882554833553 ], [ -70.671240929586347, 42.02428881063534 ], [ -70.671248392268438, 42.024237918120825 ], [ -70.671304595290138, 42.02385463593567 ], [ -70.671666, 42.02139 ], [ -70.667512, 42.01232 ], [ -70.670934, 42.007786 ], [ -70.678798, 42.00551 ], [ -70.686798090865111, 42.012763794936475 ], [ -70.695808950396241, 42.013346129488937 ], [ -70.712204, 42.007586 ], [ -70.711020310873266, 42.003199259005953 ], [ -70.710034, 41.999544 ], [ -70.70918106087403, 41.998583951536588 ], [ -70.698981, 41.987103 ], [ -70.693475795289345, 41.983104894089038 ], [ -70.673689394991797, 41.968735197021665 ], [ -70.665574758054447, 41.96284201418645 ], [ -70.662476046428694, 41.960591602454521 ], [ -70.657020886354346, 41.959636949342439 ], [ -70.651673365227694, 41.958701133048159 ], [ -70.648365041149674, 41.961671870312955 ], [ -70.64811592183348, 41.961508883870991 ], [ -70.642143162219497, 41.957601202790634 ], [ -70.633389167507374, 41.951873897202411 ], [ -70.631251, 41.950475 ], [ -70.62351251762874, 41.943272582675831 ], [ -70.616491, 41.940204 ], [ -70.608166, 41.940701 ], [ -70.598078, 41.947772 ], [ -70.583572, 41.950007 ], [ -70.579159748032453, 41.947073373165345 ], [ -70.55991415975771, 41.934277328282647 ], [ -70.554457443332453, 41.930649255848962 ], [ -70.552941, 41.929641 ], [ -70.549027325889426, 41.921945003160126 ], [ -70.546386, 41.916751 ], [ -70.54741, 41.911934 ], [ -70.546719853759058, 41.909677916189828 ], [ -70.545949, 41.907158 ], [ -70.534284518758056, 41.892359714746064 ], [ -70.532084, 41.889568 ], [ -70.52970065376978, 41.878290168014772 ], [ -70.525567, 41.85873 ], [ -70.534855830018159, 41.84061209959463 ], [ -70.535487, 41.839381 ], [ -70.542065, 41.831263 ], [ -70.543168, 41.824446 ], [ -70.54103, 41.815754 ], [ -70.537289424240768, 41.810859179225041 ], [ -70.537288022263752, 41.810857344634137 ], [ -70.532656, 41.804796 ], [ -70.519433994388677, 41.79278995056233 ], [ -70.517411, 41.790953 ], [ -70.496939419177679, 41.775995593646442 ], [ -70.494048, 41.773883 ], [ -70.491547356207363, 41.772513515134882 ], [ -70.484055418827182, 41.768410533781619 ], [ -70.483030410106423, 41.767849184766618 ], [ -70.476139691794288, 41.764075462789172 ], [ -70.474037233509463, 41.76292404537859 ], [ -70.471552, 41.761563 ], [ -70.447437770549001, 41.754556011328539 ], [ -70.428061024561686, 41.748925616216852 ], [ -70.412476, 41.744397 ], [ -70.383017884100482, 41.739940403928237 ], [ -70.380173678755526, 41.739510115908132 ], [ -70.375341, 41.738779 ], [ -70.368350854054285, 41.738408965610304 ], [ -70.319777478357466, 41.73583765743296 ], [ -70.290957, 41.734312 ], [ -70.288210537003479, 41.73288786287808 ], [ -70.276214723129073, 41.726667613827715 ], [ -70.275441931413823, 41.726266894294724 ], [ -70.275203, 41.726143 ], [ -70.274995448972248, 41.725801331406942 ], [ -70.274300550785142, 41.724657396402307 ], [ -70.27396924592459, 41.724112005387894 ], [ -70.272289, 41.721346 ], [ -70.263654, 41.714115 ], [ -70.261569002068455, 41.714039548287936 ], [ -70.261129453692632, 41.714023641952039 ], [ -70.259205, 41.713954 ], [ -70.257231464833851, 41.715556732582691 ], [ -70.251472411912616, 41.720233731462976 ], [ -70.247148497867016, 41.723745236119413 ], [ -70.242637770918236, 41.727408453870211 ], [ -70.236388044444283, 41.732483934877273 ], [ -70.235072839948614, 41.733552028891637 ], [ -70.23485, 41.733733 ], [ -70.224225901826983, 41.738965553650914 ], [ -70.221462250313138, 41.740326700223918 ], [ -70.216073, 41.742981 ], [ -70.189254, 41.751982 ], [ -70.189021007673489, 41.751946392228717 ], [ -70.188979343427349, 41.751940024761716 ], [ -70.182076, 41.750885 ], [ -70.180913336391981, 41.751148458317495 ], [ -70.180742350345795, 41.751187203570915 ], [ -70.175826016598549, 41.752301239486734 ], [ -70.159277702340731, 41.756051069619808 ], [ -70.141533, 41.760072 ], [ -70.128961530983929, 41.759280617828729 ], [ -70.123291130575254, 41.758923662425893 ], [ -70.121978, 41.758841 ], [ -70.115029721577883, 41.760907494195983 ], [ -70.114770043511584, 41.760984725300474 ], [ -70.108567240612061, 41.762829506901291 ], [ -70.101997334145281, 41.764783469128716 ], [ -70.098349788424798, 41.765868289224088 ], [ -70.096061, 41.766549 ], [ -70.08665339590894, 41.768414696769995 ], [ -70.081625211534075, 41.769411875994038 ], [ -70.067657976859152, 41.772181829360122 ], [ -70.066340477004232, 41.77244311323215 ], [ -70.065553913253765, 41.772599102943687 ], [ -70.064314, 41.772845 ], [ -70.060390883282693, 41.774284103881229 ], [ -70.047830533366664, 41.778891575342328 ], [ -70.043514223575329, 41.78047491293357 ], [ -70.033200694416948, 41.784258190595203 ], [ -70.032578239996681, 41.784486523483757 ], [ -70.024734, 41.787364 ], [ -70.023389459805813, 41.788473047350436 ], [ -70.022238615222548, 41.789422324390564 ], [ -70.010154578647075, 41.799389872259006 ], [ -70.009021876590822, 41.800324184390249 ], [ -70.00892323937039, 41.800405545548905 ], [ -70.008462, 41.800786 ], [ -70.00398381255691, 41.808282602096256 ], [ -70.003842, 41.80852 ], [ -70.003986698168617, 41.815329352015183 ], [ -70.004486, 41.838826 ], [ -70.006062624595188, 41.851990310376266 ], [ -70.007518542476305, 41.864146758352518 ], [ -70.009013, 41.876625 ], [ -70.005377593889961, 41.880873378834352 ], [ -70.000188, 41.886938 ], [ -70.002922, 41.890315 ], [ -70.012154, 41.891656 ], [ -70.024335, 41.89882 ], [ -70.024755701301387, 41.903268449967662 ], [ -70.025553, 41.911699 ], [ -70.030081783600096, 41.927559737909306 ], [ -70.030537, 41.929154 ], [ -70.044995, 41.930049 ], [ -70.054464, 41.927366 ], [ -70.065671, 41.911658 ], [ -70.065723004300352, 41.899640605552996 ], [ -70.06560527870495, 41.895637948997496 ], [ -70.065371876051515, 41.887702285918564 ], [ -70.065176995055026, 41.886373550501695 ], [ -70.064084411854083, 41.878924112018261 ], [ -70.066002105809318, 41.877010870436067 ], [ -70.067565847812716, 41.877792741437759 ], [ -70.070888802884369, 41.882972638954818 ], [ -70.073038950506501, 41.899782874014157 ], [ -70.074006, 41.93865 ], [ -70.075409345076167, 41.957901100082942 ], [ -70.077421, 41.985497 ], [ -70.078888113271361, 41.991625903788922 ], [ -70.083227652005647, 42.009754439540146 ], [ -70.083775, 42.012041 ], [ -70.089578, 42.024896 ], [ -70.095595, 42.032832 ], [ -70.10806, 42.043601 ], [ -70.123043, 42.051668 ], [ -70.147233411294408, 42.061518136981839 ], [ -70.148294, 42.06195 ], [ -70.155415, 42.062409 ], [ -70.169781, 42.059736 ], [ -70.176750335364162, 42.057075666620506 ], [ -70.178468, 42.05642 ], [ -70.185213457598721, 42.051596044338233 ], [ -70.186816, 42.05045 ], [ -70.190454932788541, 42.045220224866739 ], [ -70.194456, 42.03947 ], [ -70.195129072230458, 42.03545200863104 ], [ -70.195345, 42.034163 ], [ -70.193074, 42.027576 ], [ -70.1862948316261, 42.021308306074303 ], [ -70.186707883954739, 42.019903930398115 ], [ -70.190834, 42.020028 ], [ -70.196693, 42.022429 ], [ -70.208016, 42.03073 ], [ -70.218701, 42.045848 ], [ -70.233256, 42.057714 ], [ -70.238875, 42.060479 ], [ -70.24354, 42.060569 ], [ -70.245385, 42.063733 ], [ -70.238087, 42.072878 ], [ -70.225626, 42.078601 ], [ -70.206899, 42.0819 ], [ -70.189305, 42.082337 ], [ -70.160166, 42.078628 ], [ -70.154306252363057, 42.077170951569506 ], [ -70.115968, 42.067638 ], [ -70.082624, 42.054657 ], [ -70.058531, 42.040363 ], [ -70.053092995142237, 42.035447069679677 ], [ -70.034368096563384, 42.01851985113624 ], [ -70.033501, 42.017736 ], [ -70.032845024237886, 42.016885293294848 ], [ -70.021674871040815, 42.002399202845915 ], [ -70.011898, 41.98972 ], [ -69.997174520963284, 41.966834238972986 ], [ -69.986085, 41.949597 ], [ -69.983679921701281, 41.944384827970097 ], [ -69.968598, 41.9117 ], [ -69.957477189466346, 41.879949044723539 ], [ -69.950299905392129, 41.859457226707548 ], [ -69.945314, 41.845222 ], [ -69.93606902819117, 41.809869512202923 ], [ -69.935952, 41.809422 ], [ -69.931968352475295, 41.772220189170604 ], [ -69.931768574765627, 41.770354539030485 ], [ -69.928652, 41.74125 ], [ -69.92854340532196, 41.727488193612309 ], [ -69.928504049810144, 41.722500813536243 ], [ -69.928261, 41.6917 ], [ -69.931535546000077, 41.677067441879728 ], [ -69.933114, 41.670014 ], [ -69.942343948448737, 41.65432638105252 ], [ -69.945492434876058, 41.648975077563968 ], [ -69.947599147774866, 41.645394417349962 ], [ -69.949562480478335, 41.64286704854019 ], [ -69.950882683156536, 41.641167571388131 ], [ -69.951169, 41.640799 ], [ -69.952215370934283, 41.640597179898663 ], [ -69.956484351306329, 41.63977379497539 ], [ -69.958272, 41.639429 ], [ -69.963233745866873, 41.633793818338404 ], [ -69.967869072045289, 41.627503034106937 ], [ -69.976477500117483, 41.603664268756482 ], [ -69.98276828434895, 41.581812080017478 ], [ -69.987977778963781, 41.555884639351085 ], [ -69.988114901756376, 41.555202184846038 ], [ -69.988215, 41.554704 ], [ -69.98844957379599, 41.554440913682939 ], [ -69.998071, 41.54365 ], [ -70.004136, 41.54212 ], [ -70.011504, 41.542924 ], [ -70.014456, 41.545534 ], [ -70.016584, 41.550772 ], [ -70.015200723293958, 41.552826506058473 ], [ -70.015059, 41.553037 ], [ -70.014843944970863, 41.553020195020366 ], [ -70.01269003445843, 41.552851882647339 ], [ -70.010644, 41.552692 ], [ -70.00153, 41.561953 ], [ -69.994356580546494, 41.576845667361418 ], [ -69.991474315251637, 41.589611785735087 ], [ -69.987213561995333, 41.608483497693115 ], [ -69.987192, 41.608579 ], [ -69.983382617923894, 41.617315258237241 ], [ -69.982945659800464, 41.618317357509227 ], [ -69.980417925071706, 41.62411434581454 ], [ -69.979390453885458, 41.626470700056629 ], [ -69.977144102510806, 41.631622376971237 ], [ -69.973159912387516, 41.640759531787445 ], [ -69.973035, 41.641046 ], [ -69.973153484587996, 41.646962524452896 ], [ -69.975719, 41.653738 ], [ -69.98086977283856, 41.657093488933462 ], [ -69.981338946269659, 41.657399133601807 ], [ -69.996359, 41.667184 ], [ -70.000257689017374, 41.668792593525311 ], [ -70.007011, 41.671579 ], [ -70.012677568152228, 41.671887513154928 ], [ -70.013142614008373, 41.67191283231822 ], [ -70.014211, 41.671971 ], [ -70.029346, 41.667744 ], [ -70.037420504378957, 41.666849163418114 ], [ -70.037743665766655, 41.66681334987242 ], [ -70.055523, 41.664843 ], [ -70.065050712399668, 41.66426933082689 ], [ -70.0864876485699, 41.662978600278883 ], [ -70.089238, 41.662813 ], [ -70.117881043887664, 41.655940533186737 ], [ -70.121785064193489, 41.655003822336688 ], [ -70.13076848894562, 41.652848384921569 ], [ -70.140877, 41.650423 ], [ -70.14936450395804, 41.650430174963923 ], [ -70.158271364143999, 41.650437704433131 ], [ -70.158621, 41.650438 ], [ -70.191061, 41.645259 ], [ -70.191094579708235, 41.64524871887194 ], [ -70.194139238770575, 41.644316532996946 ], [ -70.19426078478574, 41.644279319149241 ], [ -70.220183589614805, 41.636342511773599 ], [ -70.235480831396686, 41.631658942144362 ], [ -70.245867, 41.628479 ], [ -70.25621, 41.620698 ], [ -70.25542, 41.617541 ], [ -70.259601, 41.610863 ], [ -70.265424, 41.609333 ], [ -70.267587, 41.610912 ], [ -70.269687, 41.617775 ], [ -70.26913, 41.625742 ], [ -70.270705225710543, 41.627841035001886 ], [ -70.274522, 41.632927 ], [ -70.28132, 41.635125 ], [ -70.29062, 41.635196 ], [ -70.305252039577638, 41.632980971533854 ], [ -70.321588, 41.630508 ], [ -70.321991187970653, 41.630704854011555 ], [ -70.32223410211428, 41.630823455326905 ], [ -70.329924, 41.634578 ], [ -70.33283666579635, 41.635207533562742 ], [ -70.334012868050706, 41.63546175387075 ], [ -70.338067, 41.636338 ], [ -70.351634, 41.634687 ], [ -70.360352, 41.631069 ], [ -70.364892, 41.626721 ], [ -70.364765164046204, 41.624107150952028 ], [ -70.364744, 41.623671 ], [ -70.369854, 41.615888 ], [ -70.379151, 41.611361 ], [ -70.400581, 41.606382 ], [ -70.40114780721575, 41.606450624006655 ], [ -70.401231070263009, 41.606460704760259 ], [ -70.406291541611751, 41.60707338189237 ], [ -70.408535, 41.607345 ], [ -70.41126829282085, 41.607153076405332 ], [ -70.412400765020791, 41.607073557616168 ], [ -70.432751563565674, 41.605644585798196 ], [ -70.437246, 41.605329 ], [ -70.445289, 41.591815 ], [ -70.447822778097816, 41.588646390764509 ], [ -70.45078633928216, 41.58494031747162 ], [ -70.45844160605381, 41.575367044652872 ], [ -70.459558551543878, 41.573970251540473 ], [ -70.461278, 41.57182 ], [ -70.462675833624999, 41.570577087180027 ], [ -70.463416765142696, 41.569918272521726 ], [ -70.47008452420576, 41.563989495969324 ], [ -70.470723120914627, 41.563421674433087 ], [ -70.476256, 41.558502 ], [ -70.485090380521584, 41.554463697019706 ], [ -70.485571, 41.554244 ], [ -70.48597210549822, 41.554128995165406 ], [ -70.493244, 41.552044 ], [ -70.499900470922242, 41.551339283362452 ], [ -70.522327, 41.548965 ], [ -70.527793181739867, 41.548872097441141 ], [ -70.531647531148721, 41.548806589388199 ], [ -70.547190959554371, 41.548542415172747 ], [ -70.559689, 41.54833 ], [ -70.560395840845075, 41.548256540376876 ], [ -70.570330549848947, 41.547224059041405 ], [ -70.574271178759872, 41.546814522556886 ], [ -70.581136635235069, 41.546101018450535 ], [ -70.588770042355279, 41.545307703782292 ], [ -70.589083652293795, 41.545275111342207 ], [ -70.593930701491018, 41.544771373605499 ], [ -70.59656491581579, 41.544497608453192 ], [ -70.606675638277238, 41.543446834623296 ], [ -70.611081, 41.542989 ], [ -70.615108815078059, 41.542142347048056 ], [ -70.616141205744398, 41.541925336935094 ], [ -70.618421445939873, 41.541446026923339 ], [ -70.622646974484169, 41.54055781429539 ], [ -70.633607, 41.538254 ], [ -70.642222264274139, 41.533183719219096 ], [ -70.642909155574458, 41.532779467921934 ], [ -70.643627, 41.532357 ], [ -70.645002379341207, 41.530606827490992 ], [ -70.646753269746313, 41.52837881652593 ], [ -70.653841485772361, 41.519359049793167 ], [ -70.654104, 41.519025 ], [ -70.658912313434215, 41.516562662295883 ], [ -70.663856, 41.514031 ], [ -70.669518155994865, 41.513339138883914 ], [ -70.675379, 41.512623 ], [ -70.705181, 41.496677 ], [ -70.734306, 41.486335 ], [ -70.757171, 41.469917 ], [ -70.756481, 41.465977 ], [ -70.760863, 41.460947 ], [ -70.79027, 41.446339 ], [ -70.817478, 41.445562 ], [ -70.835385288676832, 41.441973530873121 ], [ -70.835867, 41.441877 ], [ -70.849562733299493, 41.431691031510333 ], [ -70.857528, 41.425767 ], [ -70.866946, 41.422378 ], [ -70.890263650665574, 41.421520604184416 ], [ -70.902763, 41.421061 ], [ -70.928197, 41.415781 ], [ -70.937282, 41.411618 ], [ -70.948431, 41.409193 ], [ -70.951045, 41.411777 ], [ -70.949861, 41.415323 ], [ -70.928165, 41.431265 ], [ -70.923698, 41.430716 ], [ -70.918982588195618, 41.425299645050423 ], [ -70.911640237013899, 41.424483827549771 ], [ -70.906011102267257, 41.425707553800692 ], [ -70.883247, 41.432239 ], [ -70.855265, 41.448892 ], [ -70.828546, 41.456448 ], [ -70.802186, 41.460864 ], [ -70.787769, 41.474609 ], [ -70.775268, 41.477465 ], [ -70.753905, 41.492256 ], [ -70.745053, 41.500966 ], [ -70.694799548698981, 41.525640180507182 ], [ -70.686641081431418, 41.529645945062896 ], [ -70.68189229926115, 41.531977572153671 ], [ -70.667058474509645, 41.539260902154972 ], [ -70.665446855667994, 41.540052198537154 ], [ -70.661449380623935, 41.542014937777061 ], [ -70.660695075906744, 41.542385297429384 ], [ -70.658911945955907, 41.543260804864858 ], [ -70.658659, 41.543385 ], [ -70.657064777569772, 41.545778346090501 ], [ -70.654302, 41.549926 ], [ -70.655365, 41.557498 ], [ -70.653899, 41.56516 ], [ -70.64878, 41.56987 ], [ -70.642748, 41.572385 ], [ -70.642100905876518, 41.574160913872241 ], [ -70.641208980174511, 41.576608754409953 ], [ -70.640948, 41.577325 ], [ -70.64204, 41.583066 ], [ -70.642240540945252, 41.583492628753149 ], [ -70.642313096367303, 41.583646982414948 ], [ -70.646782327523766, 41.593154779007257 ], [ -70.648768410335208, 41.597379951240569 ], [ -70.652449, 41.60521 ], [ -70.652299320658216, 41.606818002259288 ], [ -70.651986, 41.610184 ], [ -70.646445127948525, 41.616857275928119 ], [ -70.641875746683709, 41.622360514717592 ], [ -70.640617766502871, 41.623875591907726 ], [ -70.640003, 41.624616 ], [ -70.644586977753747, 41.632416972812265 ], [ -70.645251, 41.633547 ], [ -70.645888284325224, 41.633917616797589 ], [ -70.652614, 41.637829 ], [ -70.650703102994029, 41.64337713057818 ], [ -70.650419, 41.644202 ], [ -70.645485806727777, 41.646400650950511 ], [ -70.639993615898376, 41.64884843880742 ], [ -70.638695031068693, 41.64942719877336 ], [ -70.6376317515425, 41.654573473724128 ], [ -70.638992651029639, 41.658315949107489 ], [ -70.639003215971357, 41.658345002711073 ], [ -70.644339786018435, 41.673020577374388 ], [ -70.646308113728978, 41.678433481172647 ], [ -70.64928529936941, 41.680942820788509 ], [ -70.661474857940945, 41.681756345103878 ], [ -70.645962206820641, 41.693794185832424 ], [ -70.625440238645609, 41.698691472151744 ], [ -70.624962768354322, 41.701016545434264 ], [ -70.624665884759324, 41.702462239810188 ], [ -70.623652340895944, 41.707397758941596 ], [ -70.626528524494347, 41.712994660174658 ], [ -70.630469215894408, 41.714296949218834 ], [ -70.642949167361891, 41.718421226513456 ], [ -70.640276, 41.723609 ], [ -70.63939, 41.728018 ], [ -70.639332, 41.729049 ], [ -70.63258, 41.733657 ], [ -70.633268, 41.735465 ], [ -70.632706, 41.737759 ], [ -70.625988, 41.744969 ], [ -70.624476, 41.74541 ], [ -70.621615, 41.746364 ], [ -70.621198, 41.746933 ], [ -70.620785, 41.74753 ], [ -70.621014, 41.748303 ], [ -70.62587, 41.755199 ], [ -70.62834, 41.758536 ], [ -70.629588, 41.760216 ], [ -70.632532, 41.76284 ], [ -70.63258, 41.763304 ], [ -70.634356, 41.765672 ], [ -70.636148, 41.769528 ], [ -70.630196, 41.774232 ], [ -70.62898, 41.779672 ], [ -70.630516, 41.780392 ], [ -70.630948, 41.782152 ], [ -70.630686, 41.784045 ], [ -70.62642, 41.789208 ], [ -70.61803, 41.803001 ], [ -70.61646, 41.80547 ], [ -70.631653, 41.806408 ], [ -70.632677, 41.806424 ], [ -70.643589, 41.805736 ], [ -70.661639, 41.804749 ], [ -70.661665, 41.804747 ], [ -70.66447, 41.804536 ], [ -70.681734, 41.803336 ], [ -70.684374, 41.803255 ], [ -70.687318, 41.803127 ], [ -70.693431, 41.802791 ], [ -70.706743, 41.802119 ], [ -70.717655, 41.801527 ], [ -70.717399, 41.809367 ], [ -70.714791, 41.817399 ], [ -70.709943, 41.822631 ], [ -70.707063, 41.828439 ], [ -70.705911, 41.829207 ], [ -70.703351, 41.829207 ], [ -70.700647, 41.828567 ], [ -70.697815, 41.829511 ], [ -70.689783, 41.838983 ], [ -70.689479, 41.839927 ], [ -70.683639, 41.844919 ], [ -70.682215, 41.845575 ], [ -70.680535, 41.845527 ], [ -70.683703, 41.848871 ], [ -70.684327, 41.849655 ], [ -70.690935, 41.857335 ], [ -70.699543, 41.867063 ], [ -70.70236, 41.870295 ], [ -70.705688, 41.874167 ], [ -70.708839, 41.877436 ], [ -70.709064, 41.877602 ], [ -70.715758, 41.886063 ], [ -70.722944, 41.894277 ], [ -70.723403, 41.894831 ], [ -70.723987, 41.895426 ], [ -70.731084, 41.903837 ], [ -70.733785, 41.906393 ], [ -70.734213, 41.906901 ], [ -70.736323, 41.909413 ], [ -70.740517, 41.915242 ], [ -70.75049, 41.925878 ], [ -70.753159, 41.933463 ], [ -70.75841, 41.94783 ], [ -70.765514, 41.967238 ], [ -70.781131, 41.975238 ], [ -70.787291, 41.978902 ], [ -70.795835, 42.003942 ], [ -70.79918, 42.013558 ], [ -70.800384, 42.016102 ], [ -70.796684, 42.020502 ], [ -70.793584, 42.020902 ], [ -70.776083, 42.023202 ], [ -70.769784, 42.022203 ], [ -70.766921, 42.028014 ], [ -70.765584, 42.031203 ], [ -70.760984, 42.031803 ], [ -70.759395, 42.03309 ], [ -70.759284, 42.034303 ], [ -70.760084, 42.035403 ], [ -70.76423, 42.038116 ], [ -70.766746, 42.043072 ], [ -70.76699, 42.044001 ], [ -70.767529, 42.044555 ], [ -70.768381, 42.044971 ], [ -70.768815, 42.045191 ], [ -70.781185, 42.046503 ], [ -70.775285, 42.056003 ], [ -70.771785, 42.061303 ], [ -70.761209, 42.078393 ], [ -70.756572, 42.086014 ], [ -70.750753, 42.09595 ], [ -70.749985, 42.097303 ], [ -70.755285, 42.099703 ], [ -70.762385, 42.102802 ], [ -70.76052, 42.107419 ], [ -70.765984, 42.109801 ], [ -70.766584, 42.109801 ], [ -70.766984, 42.113301 ], [ -70.773511, 42.113113 ], [ -70.776185, 42.112601 ], [ -70.776189, 42.114338 ], [ -70.775486, 42.115902 ], [ -70.776729, 42.116879 ], [ -70.776886, 42.117002 ], [ -70.77711, 42.116844 ], [ -70.778433, 42.115885 ], [ -70.782585, 42.116501 ], [ -70.782085, 42.114601 ], [ -70.783285, 42.111901 ], [ -70.788385, 42.111601 ], [ -70.790185, 42.110701 ], [ -70.792085, 42.109101 ], [ -70.789485, 42.106801 ], [ -70.792185, 42.106201 ], [ -70.798885, 42.112301 ], [ -70.800685, 42.109701 ], [ -70.803502, 42.111706 ], [ -70.808185, 42.107277 ], [ -70.811785, 42.104101 ], [ -70.810785, 42.100201 ], [ -70.809585, 42.099201 ], [ -70.810285, 42.098801 ], [ -70.811185, 42.098101 ], [ -70.814785, 42.099001 ], [ -70.818849, 42.099247 ], [ -70.822873, 42.100363 ], [ -70.831086, 42.098601 ], [ -70.835986, 42.096901 ], [ -70.839386, 42.094601 ], [ -70.842486, 42.094801 ], [ -70.849087, 42.095702 ], [ -70.853686, 42.095501 ], [ -70.856786, 42.091801 ], [ -70.862086, 42.088701 ], [ -70.865209, 42.090423 ], [ -70.867186, 42.088901 ], [ -70.867386, 42.086001 ], [ -70.868286, 42.085601 ], [ -70.874686, 42.088201 ], [ -70.875887, 42.089302 ], [ -70.887588, 42.087702 ], [ -70.889229, 42.112622 ], [ -70.889829, 42.119591 ], [ -70.890307, 42.120861 ], [ -70.903601, 42.124496 ], [ -70.908897, 42.126861 ], [ -70.905692, 42.127582 ], [ -70.906654, 42.128996 ], [ -70.910139, 42.1278 ], [ -70.909424, 42.12672 ], [ -70.91095, 42.126388 ], [ -70.911218, 42.127085 ], [ -70.911422, 42.127503 ], [ -70.914906, 42.127157 ], [ -70.918265, 42.124999 ], [ -70.919114, 42.125567 ], [ -70.920765, 42.124388 ], [ -70.919738, 42.123969 ], [ -70.931188, 42.1162 ], [ -70.927593, 42.112322 ], [ -70.922706, 42.107118 ], [ -70.915787, 42.1001 ], [ -70.902387, 42.085901 ], [ -70.907087, 42.0852 ], [ -70.912787, 42.0844 ], [ -70.909987, 42.070301 ], [ -70.908352, 42.062234 ], [ -70.913287, 42.064901 ], [ -70.928987, 42.066 ], [ -70.950687, 42.0608 ], [ -70.963288, 42.0657 ], [ -70.975188, 42.071 ], [ -70.976088, 42.0707 ], [ -70.980736, 42.068516 ], [ -70.98096, 42.072932 ], [ -70.981952, 42.073844 ], [ -70.984912, 42.074964 ], [ -70.985988, 42.0816 ], [ -70.986788, 42.0816 ], [ -70.995689, 42.0804 ], [ -70.996589, 42.0803 ], [ -70.997689, 42.0852 ], [ -71.005189, 42.0839 ], [ -71.005489, 42.0824 ], [ -71.005089, 42.0802 ], [ -71.004889, 42.0801 ], [ -71.004889, 42.0787 ], [ -71.007089, 42.0786 ], [ -71.006989, 42.0779 ], [ -71.008489, 42.0782 ], [ -71.009989, 42.0791 ], [ -71.011989, 42.077 ], [ -71.015089, 42.077 ], [ -71.015089, 42.0786 ], [ -71.016089, 42.0786 ], [ -71.015889, 42.0803 ], [ -71.016889, 42.0805 ], [ -71.016889, 42.0812 ], [ -71.017489, 42.0813 ], [ -71.017589, 42.0824 ], [ -71.017589, 42.0841 ], [ -71.017589, 42.0856 ], [ -71.020189, 42.0855 ], [ -71.019889, 42.0869 ], [ -71.02399, 42.0864 ], [ -71.02529, 42.0863 ], [ -71.02889, 42.087 ], [ -71.03099, 42.0874 ], [ -71.03069, 42.0913 ], [ -71.03219, 42.091 ], [ -71.03409, 42.0905 ], [ -71.03769, 42.0904 ], [ -71.04139, 42.0899 ], [ -71.04669, 42.089099 ], [ -71.04769, 42.088799 ], [ -71.059991, 42.094199 ], [ -71.058191, 42.101199 ], [ -71.058791, 42.104599 ], [ -71.061991, 42.103399 ], [ -71.061396, 42.105778 ], [ -71.061691, 42.108099 ], [ -71.068492, 42.124499 ], [ -71.071592, 42.132799 ], [ -71.063292, 42.141499 ], [ -71.056439, 42.154476 ], [ -71.053671, 42.15132 ], [ -71.050561, 42.148699 ], [ -71.042883, 42.137235 ], [ -71.035054, 42.135476 ], [ -71.031497, 42.144758 ], [ -71.029398, 42.150093 ], [ -71.029206, 42.150568 ], [ -71.027578, 42.155332 ], [ -71.026736, 42.157523 ], [ -71.025108, 42.161759 ], [ -71.021835, 42.168735 ], [ -71.016592, 42.1687 ], [ -71.011191, 42.168557 ], [ -71.006692, 42.1683 ], [ -71.002658, 42.168133 ], [ -70.976591, 42.168201 ], [ -70.97389, 42.184099 ], [ -70.97369, 42.186899 ], [ -70.97159, 42.199899 ], [ -70.969191, 42.214899 ], [ -70.968991, 42.217499 ], [ -70.968091, 42.221299 ], [ -70.966991, 42.223399 ], [ -70.964391, 42.224499 ], [ -70.96025, 42.230537 ], [ -70.960374, 42.233613 ], [ -70.960491, 42.235099 ], [ -70.967991, 42.237999 ], [ -70.971591, 42.237299 ], [ -70.972291, 42.237299 ], [ -70.974091, 42.237199 ], [ -70.977391, 42.238299 ], [ -70.979791, 42.236199 ], [ -70.981091, 42.235699 ], [ -70.989092, 42.234099 ], [ -70.995993, 42.2331 ], [ -71.002092, 42.232299 ], [ -71.005392, 42.231099 ], [ -71.006692, 42.230499 ], [ -71.007192, 42.230299 ], [ -71.008193, 42.2296 ], [ -71.010809, 42.228708 ], [ -71.031093, 42.228099 ], [ -71.033794, 42.2267 ], [ -71.036193, 42.224699 ], [ -71.044494, 42.2155 ], [ -71.044594, 42.2115 ], [ -71.044783, 42.209157 ], [ -71.043616, 42.206958 ], [ -71.045007, 42.206388 ], [ -71.049493, 42.206599 ], [ -71.057993, 42.206699 ], [ -71.059193, 42.206299 ], [ -71.060593, 42.206699 ], [ -71.061593, 42.206499 ], [ -71.064993, 42.205699 ], [ -71.069493, 42.204699 ], [ -71.077594, 42.204899 ], [ -71.082694, 42.204499 ], [ -71.093094, 42.213999 ], [ -71.070294, 42.222699 ], [ -71.053193, 42.229299 ], [ -71.053493, 42.230099 ], [ -71.057794, 42.237299 ], [ -71.061094, 42.242199 ], [ -71.051195, 42.2477 ], [ -71.043911, 42.251941 ], [ -71.042648, 42.252399 ], [ -71.039294, 42.2543 ], [ -71.039098, 42.254463 ], [ -71.038693, 42.254799 ], [ -71.034893, 42.256899 ], [ -71.031893, 42.258699 ], [ -71.031393, 42.259099 ], [ -71.031793, 42.259599 ], [ -71.032493, 42.260199 ], [ -71.033793, 42.261099 ], [ -71.034493, 42.261499 ], [ -71.036393, 42.262699 ], [ -71.037493, 42.263499 ], [ -71.039093, 42.264599 ], [ -71.039493, 42.264999 ], [ -71.041693, 42.266698 ], [ -71.041494, 42.268498 ], [ -71.042794, 42.276998 ], [ -71.040908, 42.280466 ], [ -71.039294, 42.283798 ], [ -71.037894, 42.284898 ], [ -71.035294, 42.288798 ], [ -71.041294, 42.300098 ], [ -71.041387, 42.301025 ], [ -71.041494, 42.302098 ], [ -71.037094, 42.306598 ], [ -71.028395, 42.308799 ], [ -71.022093, 42.305598 ], [ -71.018693, 42.306198 ], [ -71.009793, 42.305198 ] ] ], [ [ [ -70.122854998178497, 41.294044188225875 ], [ -70.094471412929195, 41.297460617046404 ], [ -70.092142, 41.297741 ], [ -70.082072, 41.299093 ], [ -70.062565, 41.308726 ], [ -70.053775003261705, 41.315621108808834 ], [ -70.046088, 41.321651 ], [ -70.031332, 41.339332 ], [ -70.028805483993978, 41.359918617292657 ], [ -70.030924397776388, 41.367452534991124 ], [ -70.035162225341224, 41.372161235833929 ], [ -70.038458315474927, 41.376399072523654 ], [ -70.045586, 41.383598 ], [ -70.049564, 41.3879 ], [ -70.049052893511814, 41.391702346840866 ], [ -70.033514180274352, 41.385816465084361 ], [ -70.018446335752444, 41.368629715904859 ], [ -69.974872263162212, 41.30128747927904 ], [ -69.960277, 41.278731 ], [ -69.960181, 41.264546 ], [ -69.964422, 41.25457 ], [ -69.965725, 41.252466 ], [ -69.975, 41.247392 ], [ -69.985237377410201, 41.244296450575547 ], [ -70.001586, 41.239353 ], [ -70.015225, 41.237964 ], [ -70.037450277332596, 41.240755909272714 ], [ -70.052807, 41.242685 ], [ -70.078536317032317, 41.24413497958431 ], [ -70.083239, 41.2444 ], [ -70.096967, 41.24085 ], [ -70.116874978432378, 41.242226918054868 ], [ -70.118669, 41.242351 ], [ -70.164271569353275, 41.254213700210563 ], [ -70.170681, 41.255881 ], [ -70.203007751508622, 41.268931169581734 ], [ -70.237174555228336, 41.28272416027206 ], [ -70.243078452310641, 41.284402718630645 ], [ -70.25616417734075, 41.28812316849978 ], [ -70.266776021596272, 41.294453048550189 ], [ -70.273478242438671, 41.301527606576869 ], [ -70.275526140245177, 41.310463901033366 ], [ -70.260632320961264, 41.310091549418111 ], [ -70.249275784298447, 41.305623409405364 ], [ -70.244435296278184, 41.303203167199108 ], [ -70.240153324857573, 41.295383913157416 ], [ -70.234726003794819, 41.292717861450051 ], [ -70.229541469778738, 41.290171073521826 ], [ -70.208690125667502, 41.290171073521826 ], [ -70.196304, 41.294612 ], [ -70.12446, 41.293851 ], [ -70.122854998178497, 41.294044188225875 ] ] ] ] } },
{ "type": "Feature", "properties": { "DISTRICT": "1", "STARTCONG": "103", "ENDCONG": "107", "BESTDEC": "Massachusetts_CD_1992_2000", "ST": "25", "STA": "MA", "ELECT_YEAR": "1992-2000", "TYPE": "US Cong" }, "geometry": { "type": "Polygon", "coordinates": [ [ [ -73.264957, 42.74594 ], [ -73.245240615915193, 42.745548448287224 ], [ -73.21440150943765, 42.744936008150489 ], [ -73.212678875989369, 42.744901798019797 ], [ -73.163570129649358, 42.743926537360387 ], [ -73.142489442800937, 42.743507891679343 ], [ -73.123947025088412, 42.743139654005297 ], [ -73.109741468932071, 42.742857542953892 ], [ -73.089922122424497, 42.742463946489245 ], [ -73.07252553401463, 42.742118464074139 ], [ -73.071287478443239, 42.742093877274804 ], [ -73.061443217916988, 42.741898378087228 ], [ -73.047989666025856, 42.741631201242633 ], [ -73.022903, 42.741133 ], [ -73.018645811452544, 42.741042356273553 ], [ -72.930260465494086, 42.739160462383325 ], [ -72.926864847940607, 42.739088163159316 ], [ -72.864198524106641, 42.737753876681509 ], [ -72.840771738471233, 42.737255075389513 ], [ -72.809113, 42.736581 ], [ -72.791026438621415, 42.736079148658881 ], [ -72.781779549147643, 42.735822573415696 ], [ -72.779424496546994, 42.735757227312519 ], [ -72.686366606212019, 42.733175131905334 ], [ -72.674569811992782, 42.732847803958556 ], [ -72.616486437506097, 42.731236153254351 ], [ -72.598608192795609, 42.730740082116384 ], [ -72.569903050117503, 42.729943594931854 ], [ -72.565873039740154, 42.729831773449014 ], [ -72.516748403104074, 42.728468702588714 ], [ -72.458519, 42.726853 ], [ -72.451246413993246, 42.726632923830856 ], [ -72.437930526067944, 42.726229970933389 ], [ -72.429259787185373, 42.725967585174722 ], [ -72.416136447619351, 42.725570458994959 ], [ -72.41201941664022, 42.72544587326918 ], [ -72.368147086886538, 42.724118250020148 ], [ -72.337932131028481, 42.723203913396297 ], [ -72.326152765627555, 42.722847457300816 ], [ -72.291120044170128, 42.721787329978007 ], [ -72.285954, 42.721631 ], [ -72.284838910790171, 42.721603403911409 ], [ -72.28455034138014, 42.721596262431646 ], [ -72.282982985329667, 42.721557473699676 ], [ -72.20365450072417, 42.719594262261786 ], [ -72.145196294858266, 42.718147545877812 ], [ -72.124526, 42.717636 ], [ -72.111067419194754, 42.717227702594592 ], [ -72.089081532243924, 42.716560709489762 ], [ -72.078876825848155, 42.716251125945583 ], [ -72.078445708583061, 42.716238046998868 ], [ -72.078129950027332, 42.716228467727362 ], [ -72.077024913586555, 42.71619494387236 ], [ -72.015798466180541, 42.714337496940821 ], [ -71.981402, 42.713294 ], [ -71.95596496427909, 42.712781302811067 ], [ -71.928811, 42.712234 ], [ -71.898716521985364, 42.711420435715141 ], [ -71.896726397900807, 42.711366635350984 ], [ -71.823905900892584, 42.709398029830048 ], [ -71.823742425609154, 42.709393610492633 ], [ -71.805401046315907, 42.708897775638157 ], [ -71.782676111817537, 42.708283437184569 ], [ -71.772516964864565, 42.708008798125569 ], [ -71.768338292341269, 42.707895833257979 ], [ -71.745817, 42.707287 ], [ -71.726756400023561, 42.706869799929315 ], [ -71.701201659960702, 42.706310455555403 ], [ -71.672231363799995, 42.705676351192494 ], [ -71.669456638460559, 42.705615617762909 ], [ -71.651617748873605, 42.705225158595553 ], [ -71.650545, 42.690724 ], [ -71.651314, 42.686388 ], [ -71.651714, 42.683888 ], [ -71.653314, 42.675088 ], [ -71.657714, 42.649989 ], [ -71.657914, 42.649689 ], [ -71.660414, 42.635089 ], [ -71.664614, 42.611589 ], [ -71.694015, 42.620289 ], [ -71.701215, 42.622389 ], [ -71.701215, 42.622089 ], [ -71.698915, 42.618189 ], [ -71.697915, 42.617989 ], [ -71.697448, 42.617896 ], [ -71.698015, 42.618589 ], [ -71.696515, 42.618989 ], [ -71.696677, 42.617775 ], [ -71.698415, 42.615689 ], [ -71.698415, 42.615389 ], [ -71.699915, 42.615089 ], [ -71.698815, 42.613389 ], [ -71.698715, 42.611789 ], [ -71.696715, 42.607489 ], [ -71.697315, 42.607189 ], [ -71.702715, 42.605089 ], [ -71.704415, 42.604389 ], [ -71.708715, 42.599189 ], [ -71.694215, 42.596189 ], [ -71.692215, 42.596089 ], [ -71.683214, 42.597789 ], [ -71.677614, 42.596689 ], [ -71.67354, 42.596045 ], [ -71.668014, 42.59289 ], [ -71.670914, 42.57729 ], [ -71.671914, 42.57159 ], [ -71.674814, 42.55409 ], [ -71.675314, 42.55219 ], [ -71.675414, 42.55069 ], [ -71.675414, 42.55039 ], [ -71.675414, 42.54979 ], [ -71.678614, 42.53029 ], [ -71.702214, 42.53379 ], [ -71.712314, 42.52119 ], [ -71.716715, 42.51889 ], [ -71.723415, 42.494291 ], [ -71.724215, 42.490991 ], [ -71.728415, 42.474791 ], [ -71.735515, 42.475991 ], [ -71.750219, 42.478523 ], [ -71.777416, 42.483191 ], [ -71.821017, 42.49039 ], [ -71.829817, 42.49189 ], [ -71.822117, 42.50419 ], [ -71.842217, 42.51259 ], [ -71.841817, 42.51439 ], [ -71.846917, 42.51429 ], [ -71.849218, 42.51779 ], [ -71.855018, 42.51889 ], [ -71.856718, 42.51909 ], [ -71.860718, 42.51649 ], [ -71.864518, 42.51679 ], [ -71.879918, 42.50539 ], [ -71.884618, 42.50249 ], [ -71.909719, 42.48439 ], [ -71.919819, 42.49099 ], [ -71.928519, 42.48549 ], [ -71.928719, 42.48539 ], [ -71.933219, 42.48229 ], [ -71.920519, 42.47429 ], [ -71.965319, 42.44659 ], [ -72.007189, 42.421172 ], [ -72.035224, 42.403883 ], [ -72.018132, 42.369314 ], [ -72.014338, 42.361083 ], [ -72.013227, 42.358701 ], [ -71.993759, 42.319339 ], [ -71.989503, 42.310155 ], [ -72.007281, 42.30902 ], [ -72.041777, 42.308205 ], [ -72.033608, 42.25832 ], [ -72.030342, 42.245338 ], [ -72.038566, 42.244397 ], [ -72.044655, 42.229971 ], [ -72.061907, 42.230865 ], [ -72.069021, 42.230975 ], [ -72.073073, 42.232058 ], [ -72.077868, 42.231189 ], [ -72.099268, 42.230759 ], [ -72.111283, 42.238539 ], [ -72.112742, 42.233199 ], [ -72.118685, 42.230934 ], [ -72.119749, 42.214085 ], [ -72.124521, 42.21633 ], [ -72.129826, 42.22087 ], [ -72.142325, 42.197567 ], [ -72.139642, 42.179534 ], [ -72.147261, 42.181396 ], [ -72.151698, 42.198587 ], [ -72.153874, 42.207082 ], [ -72.168095, 42.229411 ], [ -72.170728, 42.233134 ], [ -72.170808, 42.233558 ], [ -72.171023, 42.234244 ], [ -72.177298, 42.237171 ], [ -72.179912, 42.246256 ], [ -72.182126, 42.248237 ], [ -72.182605, 42.251307 ], [ -72.211167, 42.251123 ], [ -72.211275, 42.255635 ], [ -72.216138, 42.256144 ], [ -72.216675, 42.260102 ], [ -72.217681, 42.268209 ], [ -72.217709, 42.270083 ], [ -72.212941, 42.269925 ], [ -72.212134, 42.282667 ], [ -72.207251, 42.285205 ], [ -72.20401, 42.288795 ], [ -72.203363, 42.291162 ], [ -72.210815, 42.29446 ], [ -72.214224, 42.294275 ], [ -72.216862, 42.294133 ], [ -72.216217, 42.298729 ], [ -72.212986, 42.303964 ], [ -72.212711, 42.308422 ], [ -72.211326, 42.311075 ], [ -72.232971, 42.307992 ], [ -72.24471, 42.306072 ], [ -72.261537, 42.303296 ], [ -72.261978, 42.305264 ], [ -72.268541, 42.303431 ], [ -72.274639, 42.301963 ], [ -72.275959, 42.308477 ], [ -72.280138, 42.329077 ], [ -72.277152, 42.329396 ], [ -72.278471, 42.336508 ], [ -72.2814, 42.336222 ], [ -72.284239, 42.352057 ], [ -72.288734, 42.352024 ], [ -72.291981, 42.351752 ], [ -72.299671, 42.34902 ], [ -72.301126, 42.348411 ], [ -72.303927, 42.34558 ], [ -72.310913, 42.343068 ], [ -72.31233, 42.342752 ], [ -72.314599, 42.343526 ], [ -72.314933, 42.339543 ], [ -72.317494, 42.339689 ], [ -72.323061, 42.333884 ], [ -72.327394, 42.326792 ], [ -72.329502, 42.319717 ], [ -72.333193, 42.319024 ], [ -72.339112, 42.314303 ], [ -72.346316, 42.309751 ], [ -72.350373, 42.304168 ], [ -72.351495, 42.303899 ], [ -72.351966, 42.306354 ], [ -72.354017, 42.305765 ], [ -72.355942, 42.303401 ], [ -72.35486, 42.299225 ], [ -72.352612, 42.295632 ], [ -72.348669, 42.29441 ], [ -72.348788, 42.290995 ], [ -72.350283, 42.287674 ], [ -72.350742, 42.284916 ], [ -72.349793, 42.284187 ], [ -72.344511, 42.28246 ], [ -72.339275, 42.280872 ], [ -72.338597, 42.279638 ], [ -72.338534, 42.274723 ], [ -72.337626, 42.273873 ], [ -72.333391, 42.272987 ], [ -72.331636, 42.271341 ], [ -72.331636, 42.27013 ], [ -72.333758, 42.264345 ], [ -72.33585, 42.262561 ], [ -72.336586, 42.256708 ], [ -72.334502, 42.2495 ], [ -72.334182, 42.246572 ], [ -72.334582, 42.243196 ], [ -72.332902, 42.234604 ], [ -72.33657, 42.223231 ], [ -72.335638, 42.220156 ], [ -72.337094, 42.219036 ], [ -72.342374, 42.218604 ], [ -72.34567, 42.216316 ], [ -72.34631, 42.210652 ], [ -72.352374, 42.206908 ], [ -72.353702, 42.2071 ], [ -72.354775, 42.208732 ], [ -72.356519, 42.208908 ], [ -72.359511, 42.205709 ], [ -72.360519, 42.205213 ], [ -72.362823, 42.20598 ], [ -72.363159, 42.207484 ], [ -72.364743, 42.206396 ], [ -72.364455, 42.202893 ], [ -72.360535, 42.190445 ], [ -72.358023, 42.189661 ], [ -72.360567, 42.189437 ], [ -72.39556, 42.185805 ], [ -72.403096, 42.22646 ], [ -72.404104, 42.231836 ], [ -72.418888, 42.230428 ], [ -72.419544, 42.230268 ], [ -72.447145, 42.22734 ], [ -72.47843, 42.223592 ], [ -72.497931, 42.221592 ], [ -72.502331, 42.221092 ], [ -72.524231, 42.218892 ], [ -72.536854, 42.2175 ], [ -72.536932, 42.217492 ], [ -72.541532, 42.216992 ], [ -72.546332, 42.216492 ], [ -72.54774, 42.221148 ], [ -72.549132, 42.225792 ], [ -72.55198, 42.234587 ], [ -72.553732, 42.240691 ], [ -72.555388, 42.246283 ], [ -72.555549, 42.248807 ], [ -72.555628, 42.250043 ], [ -72.555964, 42.250155 ], [ -72.555932, 42.252539 ], [ -72.55678, 42.261691 ], [ -72.558532, 42.280291 ], [ -72.54878, 42.284203 ], [ -72.541324, 42.286379 ], [ -72.539916, 42.289755 ], [ -72.536124, 42.294827 ], [ -72.533483, 42.297131 ], [ -72.527723, 42.30153 ], [ -72.531228, 42.303562 ], [ -72.536864, 42.304046 ], [ -72.537932, 42.320202 ], [ -72.540812, 42.319658 ], [ -72.537084, 42.350106 ], [ -72.536348, 42.35721 ], [ -72.536396, 42.359049333333353 ], [ -72.536924, 42.359977 ], [ -72.536604, 42.365033 ], [ -72.535628, 42.365529 ], [ -72.53454, 42.373641 ], [ -72.533195, 42.384814 ], [ -72.532127, 42.395094 ], [ -72.531507, 42.40109 ], [ -72.537484, 42.400834 ], [ -72.546795, 42.399967 ], [ -72.545783, 42.409999 ], [ -72.544062, 42.4271 ], [ -72.57583, 42.423193 ], [ -72.581106, 42.422504 ], [ -72.575222, 42.408242 ], [ -72.574833, 42.403811 ], [ -72.575319, 42.40081 ], [ -72.575989, 42.399399 ], [ -72.578879, 42.397498 ], [ -72.580598, 42.397264 ], [ -72.584479, 42.398925 ], [ -72.587994, 42.399054 ], [ -72.589548, 42.398004 ], [ -72.590342, 42.395955 ], [ -72.586167, 42.389571 ], [ -72.589513, 42.382618 ], [ -72.591974, 42.375089 ], [ -72.592029, 42.373465 ], [ -72.591053, 42.369833 ], [ -72.587709, 42.362825 ], [ -72.587644, 42.358313 ], [ -72.588029, 42.356553 ], [ -72.589421, 42.354233 ], [ -72.593005, 42.351209 ], [ -72.601197, 42.349465 ], [ -72.615483, 42.350185 ], [ -72.626686, 42.351689 ], [ -72.634254, 42.351113 ], [ -72.636034, 42.355689 ], [ -72.635034, 42.355889 ], [ -72.636366, 42.359929 ], [ -72.636606, 42.360921 ], [ -72.640371, 42.37533 ], [ -72.647678, 42.374584 ], [ -72.671695, 42.371464 ], [ -72.675335, 42.370988 ], [ -72.693635, 42.368588 ], [ -72.723936, 42.364688 ], [ -72.741264, 42.362568 ], [ -72.739472, 42.336152 ], [ -72.738136, 42.312288 ], [ -72.736637, 42.283989 ], [ -72.684235, 42.290489 ], [ -72.672135, 42.291689 ], [ -72.672035, 42.290289 ], [ -72.660235, 42.28869 ], [ -72.655935, 42.28979 ], [ -72.655435, 42.28989 ], [ -72.648634, 42.29179 ], [ -72.646059, 42.290342 ], [ -72.643734, 42.28859 ], [ -72.641734, 42.28749 ], [ -72.640534, 42.28419 ], [ -72.637434, 42.28739 ], [ -72.634934, 42.28539 ], [ -72.629034, 42.28519 ], [ -72.623934, 42.28839 ], [ -72.615534, 42.29019 ], [ -72.613034, 42.28619 ], [ -72.608733, 42.28539 ], [ -72.605633, 42.28479 ], [ -72.601333, 42.28129 ], [ -72.599805, 42.272886 ], [ -72.600133, 42.26539 ], [ -72.607918, 42.26017 ], [ -72.61803, 42.248075 ], [ -72.623273, 42.235302 ], [ -72.623934, 42.233691 ], [ -72.620934, 42.229291 ], [ -72.612934, 42.224991 ], [ -72.610234, 42.218491 ], [ -72.607933, 42.216291 ], [ -72.604276, 42.214366 ], [ -72.602233, 42.213291 ], [ -72.595733, 42.211791 ], [ -72.593433, 42.211691 ], [ -72.590533, 42.207092 ], [ -72.590533, 42.202292 ], [ -72.597533, 42.197192 ], [ -72.598233, 42.196795 ], [ -72.601333, 42.195092 ], [ -72.609833, 42.189792 ], [ -72.614528, 42.188153 ], [ -72.622434, 42.185392 ], [ -72.626834, 42.178992 ], [ -72.627413, 42.175351 ], [ -72.62769, 42.173605 ], [ -72.628031, 42.171459 ], [ -72.627736, 42.162703 ], [ -72.627726, 42.162633 ], [ -72.627634, 42.161992 ], [ -72.627734, 42.153992 ], [ -72.622534, 42.146793 ], [ -72.618634, 42.143793 ], [ -72.615634, 42.138593 ], [ -72.615734, 42.133993 ], [ -72.621334, 42.123393 ], [ -72.621534, 42.118393 ], [ -72.618426, 42.114235 ], [ -72.618027, 42.113701 ], [ -72.616666, 42.111881 ], [ -72.615883, 42.110833 ], [ -72.614133, 42.108493 ], [ -72.603933, 42.103394 ], [ -72.599133, 42.101294 ], [ -72.592283, 42.096502 ], [ -72.590033, 42.094344 ], [ -72.588633, 42.092894 ], [ -72.590933, 42.092194 ], [ -72.595533, 42.093494 ], [ -72.598633, 42.092894 ], [ -72.599633, 42.090194 ], [ -72.598733, 42.090294 ], [ -72.600333, 42.088794 ], [ -72.600833, 42.085994 ], [ -72.610233, 42.088494 ], [ -72.620334, 42.087594 ], [ -72.626834, 42.089894 ], [ -72.629834, 42.092094 ], [ -72.630834, 42.094594 ], [ -72.629634, 42.097494 ], [ -72.631134, 42.099894 ], [ -72.633134, 42.100394 ], [ -72.636134, 42.099494 ], [ -72.639335, 42.098936 ], [ -72.646034, 42.099193 ], [ -72.650875, 42.097919 ], [ -72.658335, 42.095494 ], [ -72.660435, 42.092194 ], [ -72.660635, 42.085894 ], [ -72.662035, 42.084294 ], [ -72.663694, 42.085437 ], [ -72.666535, 42.087394 ], [ -72.668035, 42.091194 ], [ -72.672835, 42.094693 ], [ -72.675235, 42.097793 ], [ -72.676435, 42.100393 ], [ -72.681236, 42.100693 ], [ -72.683036, 42.106893 ], [ -72.683836, 42.107193 ], [ -72.694436, 42.105393 ], [ -72.694536, 42.105293 ], [ -72.694836, 42.104693 ], [ -72.698136, 42.097293 ], [ -72.698836, 42.095693 ], [ -72.705536, 42.080594 ], [ -72.705545, 42.080492 ], [ -72.706136, 42.073494 ], [ -72.705736, 42.073294 ], [ -72.707636, 42.061594 ], [ -72.709736, 42.051194 ], [ -72.712337, 42.044294 ], [ -72.712815, 42.039897 ], [ -72.712837, 42.039695 ], [ -72.714270978455062, 42.03660643101896 ], [ -72.714928790071255, 42.036599919989492 ], [ -72.718969755780918, 42.036559922448639 ], [ -72.751360136521029, 42.036239321961659 ], [ -72.755838, 42.036195 ], [ -72.757538, 42.033295 ], [ -72.753538, 42.032095 ], [ -72.751738, 42.030195 ], [ -72.754038, 42.025395 ], [ -72.757467, 42.020947 ], [ -72.758151, 42.020865 ], [ -72.760557929014453, 42.021845556696093 ], [ -72.762150544380162, 42.021527034857428 ], [ -72.76230980221321, 42.019775161658657 ], [ -72.761869384256968, 42.019041128886663 ], [ -72.761354236697315, 42.018182546292955 ], [ -72.759738, 42.016995 ], [ -72.761238, 42.014595 ], [ -72.763238, 42.012795 ], [ -72.763265373901646, 42.009741692879032 ], [ -72.766139, 42.007695 ], [ -72.766203748053655, 42.007187806913059 ], [ -72.766739, 42.002995 ], [ -72.77025395966298, 42.00261539954041 ], [ -72.77475687883522, 42.0021291037217 ], [ -72.783878787175851, 42.001143977025912 ], [ -72.79470637227648, 41.999974644608308 ], [ -72.816741, 41.997595 ], [ -72.813541, 42.036494 ], [ -72.834889503216687, 42.036748141284079 ], [ -72.836476897026188, 42.036767038267051 ], [ -72.847142, 42.036894 ], [ -72.863619, 42.037709 ], [ -72.863733, 42.03771 ], [ -72.924057691368574, 42.038128847440419 ], [ -72.954594685564331, 42.038340872426573 ], [ -72.978999785941497, 42.038510322341573 ], [ -72.984685837572471, 42.038549801833604 ], [ -72.999549, 42.038653 ], [ -73.008151271217542, 42.038846493038449 ], [ -73.008295755978892, 42.038849742970356 ], [ -73.008743232672288, 42.038859808175552 ], [ -73.053254, 42.039861 ], [ -73.12727582730804, 42.041964121520856 ], [ -73.17220505076817, 42.04324065872904 ], [ -73.229798, 42.044877 ], [ -73.231056, 42.044945 ], [ -73.232958560297931, 42.045006179023446 ], [ -73.233810683092187, 42.045033580015939 ], [ -73.293097, 42.04694 ], [ -73.29442, 42.046984 ], [ -73.29626418261185, 42.047032012818306 ], [ -73.32595970111592, 42.047805127977888 ], [ -73.327843775211207, 42.047854179360712 ], [ -73.340925405420947, 42.048194756226749 ], [ -73.373290463722441, 42.049037372165927 ], [ -73.426375883526731, 42.050419437368845 ], [ -73.42805221798757, 42.0504630803038 ], [ -73.432812, 42.050587 ], [ -73.436245796895491, 42.050527210024384 ], [ -73.436754613914502, 42.050518350398022 ], [ -73.487314, 42.049638 ], [ -73.496879, 42.049675 ], [ -73.503026510245022, 42.069641991013292 ], [ -73.508142, 42.086257 ], [ -73.497167004948935, 42.116142289193967 ], [ -73.495423504680161, 42.120889900422881 ], [ -73.48298984915354, 42.154747172286946 ], [ -73.475891143007246, 42.174077193402937 ], [ -73.459945011657354, 42.217499057804567 ], [ -73.442868140473081, 42.263999965686068 ], [ -73.431085455411718, 42.29608462257216 ], [ -73.414053453024891, 42.342463351174189 ], [ -73.412048348790378, 42.34792331900411 ], [ -73.410687117004343, 42.35163 ], [ -73.400658954565642, 42.378937031408128 ], [ -73.390636921398098, 42.4062273726001 ], [ -73.390632751800425, 42.40623872655803 ], [ -73.383559275192937, 42.425500046771603 ], [ -73.382092711709049, 42.429493549605432 ], [ -73.352527, 42.510002 ], [ -73.341611445806848, 42.539411546936421 ], [ -73.312550405957751, 42.617710092327812 ], [ -73.306905945111268, 42.63291784387733 ], [ -73.280433650111348, 42.704241588740743 ], [ -73.274141304600803, 42.721194922246141 ], [ -73.273213153943374, 42.723695618943815 ], [ -73.264957, 42.74594 ] ] ] } },
{ "type": "Feature", "properties": { "DISTRICT": "2", "STARTCONG": "103", "ENDCONG": "107", "BESTDEC": "Massachusetts_CD_1992_2000", "ST": "25", "STA": "MA", "ELECT_YEAR": "1992-2000", "TYPE": "US Cong" }, "geometry": { "type": "Polygon", "coordinates": [ [ [ -72.544062, 42.4271 ], [ -72.545783, 42.409999 ], [ -72.546795, 42.399967 ], [ -72.537484, 42.400834 ], [ -72.531507, 42.40109 ], [ -72.532127, 42.395094 ], [ -72.533195, 42.384814 ], [ -72.53454, 42.373641 ], [ -72.535628, 42.365529 ], [ -72.536604, 42.365033 ], [ -72.536924, 42.359977 ], [ -72.536396, 42.359049333333353 ], [ -72.536348, 42.35721 ], [ -72.537084, 42.350106 ], [ -72.540812, 42.319658 ], [ -72.537932, 42.320202 ], [ -72.536864, 42.304046 ], [ -72.531228, 42.303562 ], [ -72.527723, 42.30153 ], [ -72.533483, 42.297131 ], [ -72.536124, 42.294827 ], [ -72.539916, 42.289755 ], [ -72.541324, 42.286379 ], [ -72.54878, 42.284203 ], [ -72.558532, 42.280291 ], [ -72.55678, 42.261691 ], [ -72.555932, 42.252539 ], [ -72.555964, 42.250155 ], [ -72.555628, 42.250043 ], [ -72.555549, 42.248807 ], [ -72.555388, 42.246283 ], [ -72.553732, 42.240691 ], [ -72.55198, 42.234587 ], [ -72.549132, 42.225792 ], [ -72.54774, 42.221148 ], [ -72.546332, 42.216492 ], [ -72.541532, 42.216992 ], [ -72.536932, 42.217492 ], [ -72.536854, 42.2175 ], [ -72.524231, 42.218892 ], [ -72.502331, 42.221092 ], [ -72.497931, 42.221592 ], [ -72.47843, 42.223592 ], [ -72.447145, 42.22734 ], [ -72.419544, 42.230268 ], [ -72.418888, 42.230428 ], [ -72.404104, 42.231836 ], [ -72.403096, 42.22646 ], [ -72.39556, 42.185805 ], [ -72.360567, 42.189437 ], [ -72.358023, 42.189661 ], [ -72.360535, 42.190445 ], [ -72.364455, 42.202893 ], [ -72.364743, 42.206396 ], [ -72.363159, 42.207484 ], [ -72.362823, 42.20598 ], [ -72.360519, 42.205213 ], [ -72.359511, 42.205709 ], [ -72.356519, 42.208908 ], [ -72.354775, 42.208732 ], [ -72.353702, 42.2071 ], [ -72.352374, 42.206908 ], [ -72.34631, 42.210652 ], [ -72.34567, 42.216316 ], [ -72.342374, 42.218604 ], [ -72.337094, 42.219036 ], [ -72.335638, 42.220156 ], [ -72.33657, 42.223231 ], [ -72.332902, 42.234604 ], [ -72.334582, 42.243196 ], [ -72.334182, 42.246572 ], [ -72.334502, 42.2495 ], [ -72.336586, 42.256708 ], [ -72.33585, 42.262561 ], [ -72.333758, 42.264345 ], [ -72.331636, 42.27013 ], [ -72.331636, 42.271341 ], [ -72.333391, 42.272987 ], [ -72.337626, 42.273873 ], [ -72.338534, 42.274723 ], [ -72.338597, 42.279638 ], [ -72.339275, 42.280872 ], [ -72.344511, 42.28246 ], [ -72.349793, 42.284187 ], [ -72.350742, 42.284916 ], [ -72.350283, 42.287674 ], [ -72.348788, 42.290995 ], [ -72.348669, 42.29441 ], [ -72.352612, 42.295632 ], [ -72.35486, 42.299225 ], [ -72.355942, 42.303401 ], [ -72.354017, 42.305765 ], [ -72.351966, 42.306354 ], [ -72.351495, 42.303899 ], [ -72.350373, 42.304168 ], [ -72.346316, 42.309751 ], [ -72.339112, 42.314303 ], [ -72.333193, 42.319024 ], [ -72.329502, 42.319717 ], [ -72.327394, 42.326792 ], [ -72.323061, 42.333884 ], [ -72.317494, 42.339689 ], [ -72.314933, 42.339543 ], [ -72.314599, 42.343526 ], [ -72.31233, 42.342752 ], [ -72.310913, 42.343068 ], [ -72.303927, 42.34558 ], [ -72.301126, 42.348411 ], [ -72.299671, 42.34902 ], [ -72.291981, 42.351752 ], [ -72.288734, 42.352024 ], [ -72.284239, 42.352057 ], [ -72.2814, 42.336222 ], [ -72.278471, 42.336508 ], [ -72.277152, 42.329396 ], [ -72.280138, 42.329077 ], [ -72.275959, 42.308477 ], [ -72.274639, 42.301963 ], [ -72.268541, 42.303431 ], [ -72.261978, 42.305264 ], [ -72.261537, 42.303296 ], [ -72.24471, 42.306072 ], [ -72.232971, 42.307992 ], [ -72.211326, 42.311075 ], [ -72.212711, 42.308422 ], [ -72.212986, 42.303964 ], [ -72.216217, 42.298729 ], [ -72.216862, 42.294133 ], [ -72.214224, 42.294275 ], [ -72.210815, 42.29446 ], [ -72.203363, 42.291162 ], [ -72.20401, 42.288795 ], [ -72.207251, 42.285205 ], [ -72.212134, 42.282667 ], [ -72.212941, 42.269925 ], [ -72.217709, 42.270083 ], [ -72.217681, 42.268209 ], [ -72.216675, 42.260102 ], [ -72.216138, 42.256144 ], [ -72.211275, 42.255635 ], [ -72.211167, 42.251123 ], [ -72.182605, 42.251307 ], [ -72.182126, 42.248237 ], [ -72.179912, 42.246256 ], [ -72.177298, 42.237171 ], [ -72.171023, 42.234244 ], [ -72.170808, 42.233558 ], [ -72.170728, 42.233134 ], [ -72.168095, 42.229411 ], [ -72.153874, 42.207082 ], [ -72.151698, 42.198587 ], [ -72.147261, 42.181396 ], [ -72.139642, 42.179534 ], [ -72.142325, 42.197567 ], [ -72.129826, 42.22087 ], [ -72.124521, 42.21633 ], [ -72.119749, 42.214085 ], [ -72.118685, 42.230934 ], [ -72.112742, 42.233199 ], [ -72.111283, 42.238539 ], [ -72.099268, 42.230759 ], [ -72.077868, 42.231189 ], [ -72.073073, 42.232058 ], [ -72.069021, 42.230975 ], [ -72.061907, 42.230865 ], [ -72.044655, 42.229971 ], [ -72.038566, 42.244397 ], [ -72.030342, 42.245338 ], [ -72.033608, 42.25832 ], [ -72.041777, 42.308205 ], [ -72.007281, 42.30902 ], [ -71.989503, 42.310155 ], [ -71.976831, 42.310491 ], [ -71.967231, 42.310683 ], [ -71.96067, 42.281563 ], [ -71.907917, 42.283592 ], [ -71.885417, 42.284592 ], [ -71.883917, 42.281392 ], [ -71.882717, 42.278192 ], [ -71.876717, 42.266692 ], [ -71.875317, 42.263992 ], [ -71.864516, 42.242493 ], [ -71.863516, 42.240793 ], [ -71.858716, 42.230693 ], [ -71.856616, 42.226493 ], [ -71.854216, 42.226793 ], [ -71.853716, 42.226893 ], [ -71.852316, 42.226993 ], [ -71.850516, 42.226393 ], [ -71.849416, 42.226493 ], [ -71.847916, 42.222893 ], [ -71.847616, 42.220693 ], [ -71.845816, 42.219293 ], [ -71.845816, 42.218664 ], [ -71.845816, 42.218293 ], [ -71.845016, 42.218293 ], [ -71.841216, 42.216893 ], [ -71.840416, 42.215593 ], [ -71.838516, 42.215393 ], [ -71.837216, 42.215193 ], [ -71.829215, 42.219093 ], [ -71.827515, 42.222193 ], [ -71.823815, 42.222993 ], [ -71.829115, 42.214893 ], [ -71.830715, 42.208193 ], [ -71.833316, 42.206293 ], [ -71.831115, 42.201993 ], [ -71.831015, 42.201793 ], [ -71.830415, 42.201793 ], [ -71.826015, 42.196894 ], [ -71.825215, 42.191894 ], [ -71.821115, 42.195394 ], [ -71.813115, 42.204094 ], [ -71.810715, 42.206994 ], [ -71.806915, 42.211593 ], [ -71.802642, 42.212661 ], [ -71.802059, 42.212685 ], [ -71.801715, 42.212693 ], [ -71.798215, 42.206594 ], [ -71.796615, 42.209794 ], [ -71.782715, 42.215894 ], [ -71.779415, 42.217494 ], [ -71.761814, 42.225094 ], [ -71.745314, 42.232493 ], [ -71.735314, 42.236893 ], [ -71.733814, 42.2374930000001 ], [ -71.731513, 42.227894 ], [ -71.730313, 42.222594 ], [ -71.730213, 42.221594 ], [ -71.725013, 42.196994 ], [ -71.723513, 42.191194 ], [ -71.722913, 42.187994 ], [ -71.719413, 42.175095 ], [ -71.718813, 42.173095 ], [ -71.695712, 42.175395 ], [ -71.691812, 42.163095 ], [ -71.69372, 42.161231 ], [ -71.692552, 42.154207 ], [ -71.69156, 42.149855 ], [ -71.69396, 42.136351 ], [ -71.704952, 42.125359 ], [ -71.700711, 42.123709 ], [ -71.700435, 42.123602 ], [ -71.69444, 42.121152 ], [ -71.693496, 42.118256 ], [ -71.697752, 42.112976 ], [ -71.7046, 42.103952 ], [ -71.707928, 42.099904 ], [ -71.704232, 42.101168 ], [ -71.703496, 42.101184 ], [ -71.691368, 42.105312 ], [ -71.68508, 42.10688 ], [ -71.680071, 42.103264 ], [ -71.657287, 42.09712 ], [ -71.651095, 42.09552 ], [ -71.646614, 42.09704 ], [ -71.644566, 42.09776 ], [ -71.622374, 42.105504 ], [ -71.603445, 42.112064 ], [ -71.598122, 42.111829 ], [ -71.596301, 42.112411 ], [ -71.592549, 42.114112 ], [ -71.592565, 42.121568 ], [ -71.572404, 42.136416 ], [ -71.569844, 42.139184 ], [ -71.571284, 42.142208 ], [ -71.571284, 42.1488 ], [ -71.57082, 42.151952 ], [ -71.56082, 42.158048 ], [ -71.563476, 42.16056 ], [ -71.564196, 42.16416 ], [ -71.564068, 42.165856 ], [ -71.559716, 42.16712 ], [ -71.560532, 42.168223 ], [ -71.561284, 42.169503 ], [ -71.56234, 42.171023 ], [ -71.56186, 42.178527 ], [ -71.55818, 42.178239 ], [ -71.556484, 42.177391 ], [ -71.552372, 42.177119 ], [ -71.551956, 42.178719 ], [ -71.552772, 42.180447 ], [ -71.55378, 42.181247 ], [ -71.555812, 42.182063 ], [ -71.553556, 42.183119 ], [ -71.5529, 42.183407 ], [ -71.551668, 42.183887 ], [ -71.542378, 42.188023 ], [ -71.539556, 42.189279 ], [ -71.5337, 42.189215 ], [ -71.507116, 42.188788 ], [ -71.504768, 42.189926 ], [ -71.502418, 42.191289 ], [ -71.497114, 42.166547 ], [ -71.477743, 42.165734 ], [ -71.477859, 42.158444 ], [ -71.477879, 42.15669 ], [ -71.477896, 42.15391 ], [ -71.477963, 42.131864 ], [ -71.470391, 42.132827 ], [ -71.447743, 42.135581 ], [ -71.444508, 42.135804 ], [ -71.441121, 42.134998 ], [ -71.442318, 42.131692 ], [ -71.442484, 42.129157 ], [ -71.443525, 42.117847 ], [ -71.445992, 42.103935 ], [ -71.450564, 42.088144 ], [ -71.451372, 42.085289 ], [ -71.453225, 42.074156 ], [ -71.454842, 42.074378 ], [ -71.45551, 42.064579 ], [ -71.454493, 42.064577 ], [ -71.454567, 42.063752 ], [ -71.454651, 42.062414 ], [ -71.45452, 42.060649 ], [ -71.454226, 42.047595 ], [ -71.455367, 42.037803 ], [ -71.455564, 42.035721 ], [ -71.456945, 42.024856 ], [ -71.45810986175222, 42.017762303493498 ], [ -71.483427473855997, 42.017420473855985 ], [ -71.483451234217085, 42.017420153051795 ], [ -71.487042305980623, 42.017371667643523 ], [ -71.489085597969606, 42.01734407982218 ], [ -71.490985649062253, 42.01731842598987 ], [ -71.494436116005289, 42.017271838979219 ], [ -71.498005, 42.017223653142501 ], [ -71.499905, 42.017198 ], [ -71.500905, 42.017098 ], [ -71.502000612333021, 42.017015002209511 ], [ -71.502002186169321, 42.017014882984064 ], [ -71.511651784863091, 42.016283880469437 ], [ -71.521698693602701, 42.015522779849022 ], [ -71.524631648675012, 42.01530059469907 ], [ -71.527306, 42.015098 ], [ -71.527606, 42.014998 ], [ -71.52891369956528, 42.014971051521528 ], [ -71.53619811270309, 42.014820937645474 ], [ -71.553101726449952, 42.014472595653842 ], [ -71.559439, 42.014342 ], [ -71.56260699793792, 42.014297750672853 ], [ -71.576908, 42.014098 ], [ -71.585744129154435, 42.013894598289731 ], [ -71.590782529656863, 42.013778617721684 ], [ -71.59418005487538, 42.013700408991625 ], [ -71.606267638785226, 42.013422160994452 ], [ -71.661994246319168, 42.012139372221171 ], [ -71.678436304524212, 42.011760887174155 ], [ -71.680978152308953, 42.011702375559196 ], [ -71.725085176165578, 42.0106870617347 ], [ -71.75533546312839, 42.00999072061115 ], [ -71.76601, 42.009745 ], [ -71.799242, 42.008065 ], [ -71.80065, 42.023569 ], [ -71.804702449185328, 42.023604924851874 ], [ -71.839018381561772, 42.023909134659554 ], [ -71.84140318351244, 42.02393027586406 ], [ -71.845555673846164, 42.023967087578008 ], [ -71.859321470212251, 42.024089120988556 ], [ -71.859336779590393, 42.024089256705757 ], [ -71.862015106382373, 42.024113 ], [ -71.865999879459793, 42.024148324904978 ], [ -71.872295976875989, 42.024204139637469 ], [ -71.877053016513244, 42.02424631066453 ], [ -71.882634319498891, 42.024295788763773 ], [ -71.883300323996167, 42.02430169287554 ], [ -71.89078, 42.024368 ], [ -71.901477555701916, 42.024646336336282 ], [ -71.902856879836136, 42.024682224537038 ], [ -71.918055246667649, 42.02507766606206 ], [ -71.920808744761246, 42.02514930846268 ], [ -71.920877647882264, 42.025151101231351 ], [ -71.95216748874283, 42.025965221756692 ], [ -71.963029488037606, 42.026247836699135 ], [ -71.987326, 42.02688 ], [ -71.99243351164246, 42.026911314269903 ], [ -71.993098024607818, 42.026915388413983 ], [ -71.996105236832406, 42.026933825700389 ], [ -72.010122866631406, 42.027019768107046 ], [ -72.010127693802502, 42.027019797702565 ], [ -72.026136022247016, 42.027117945127806 ], [ -72.034834841481199, 42.027171277786138 ], [ -72.063496, 42.027347 ], [ -72.067472783499269, 42.027506642041004 ], [ -72.099743470206974, 42.028802100617263 ], [ -72.102170103150272, 42.028899514176715 ], [ -72.135687, 42.030245 ], [ -72.143065128757684, 42.030334507676102 ], [ -72.150288582193767, 42.030422138910467 ], [ -72.198765785944332, 42.031010239497043 ], [ -72.203903616907425, 42.031072569028701 ], [ -72.205075365751071, 42.031086784084962 ], [ -72.241255690790439, 42.031525705242487 ], [ -72.249523, 42.031626 ], [ -72.270598524593936, 42.031713574453434 ], [ -72.288273413627294, 42.031787018354628 ], [ -72.301972049524082, 42.031843939858341 ], [ -72.317148, 42.031907 ], [ -72.321036534640911, 42.031965300708542 ], [ -72.321038640080673, 42.031965332275412 ], [ -72.321709098964703, 42.031975384449709 ], [ -72.336226394167952, 42.032193041915811 ], [ -72.367060634685984, 42.032655338959955 ], [ -72.397427872735193, 42.033110634247073 ], [ -72.407698978922411, 42.033264628700962 ], [ -72.441412536181247, 42.033770095273432 ], [ -72.45003209223124, 42.033899328074909 ], [ -72.45668, 42.033999 ], [ -72.458170649862538, 42.034005175313979 ], [ -72.458495336185365, 42.034006520391763 ], [ -72.460089903659167, 42.034013126205124 ], [ -72.460103315448833, 42.034013181766156 ], [ -72.46171246035766, 42.034019847969432 ], [ -72.469455303807777, 42.034051924240821 ], [ -72.479476083382352, 42.034093437316244 ], [ -72.509205957944516, 42.034216599243599 ], [ -72.511982708821392, 42.034228102487127 ], [ -72.521932317038406, 42.03426932072113 ], [ -72.522287536024365, 42.034270792286513 ], [ -72.524731196710533, 42.034280915637673 ], [ -72.528131, 42.034295 ], [ -72.531139580959888, 42.034017890347982 ], [ -72.531570321314518, 42.033978216391567 ], [ -72.552979403064484, 42.032006302298612 ], [ -72.552998248014802, 42.032004566557589 ], [ -72.561290046080913, 42.031240838638141 ], [ -72.561518331650902, 42.031219812069281 ], [ -72.573231, 42.030141 ], [ -72.575129780085504, 42.029004778008364 ], [ -72.582332, 42.024695 ], [ -72.589633, 42.024695 ], [ -72.590233, 42.024695 ], [ -72.606933, 42.024995 ], [ -72.607933, 42.030795 ], [ -72.616918820035067, 42.031203434762006 ], [ -72.616936038900818, 42.031204217415421 ], [ -72.643134, 42.032395 ], [ -72.672870975988829, 42.034869466984631 ], [ -72.686303524416715, 42.035987213376096 ], [ -72.686354153743082, 42.035991426332906 ], [ -72.692136816544959, 42.036472612052357 ], [ -72.69289725383139, 42.036535889399751 ], [ -72.695927, 42.036788 ], [ -72.697583094152165, 42.03677160795457 ], [ -72.698443298854755, 42.03676309363523 ], [ -72.69912428280908, 42.036756353245558 ], [ -72.712634366916816, 42.036622630225132 ], [ -72.714270978455062, 42.03660643101896 ], [ -72.712837, 42.039695 ], [ -72.712815, 42.039897 ], [ -72.712337, 42.044294 ], [ -72.709736, 42.051194 ], [ -72.707636, 42.061594 ], [ -72.705736, 42.073294 ], [ -72.706136, 42.073494 ], [ -72.705545, 42.080492 ], [ -72.705536, 42.080594 ], [ -72.698836, 42.095693 ], [ -72.698136, 42.097293 ], [ -72.694836, 42.104693 ], [ -72.694536, 42.105293 ], [ -72.694436, 42.105393 ], [ -72.683836, 42.107193 ], [ -72.683036, 42.106893 ], [ -72.681236, 42.100693 ], [ -72.676435, 42.100393 ], [ -72.675235, 42.097793 ], [ -72.672835, 42.094693 ], [ -72.668035, 42.091194 ], [ -72.666535, 42.087394 ], [ -72.663694, 42.085437 ], [ -72.662035, 42.084294 ], [ -72.660635, 42.085894 ], [ -72.660435, 42.092194 ], [ -72.658335, 42.095494 ], [ -72.650875, 42.097919 ], [ -72.646034, 42.099193 ], [ -72.639335, 42.098936 ], [ -72.636134, 42.099494 ], [ -72.633134, 42.100394 ], [ -72.631134, 42.099894 ], [ -72.629634, 42.097494 ], [ -72.630834, 42.094594 ], [ -72.629834, 42.092094 ], [ -72.626834, 42.089894 ], [ -72.620334, 42.087594 ], [ -72.610233, 42.088494 ], [ -72.600833, 42.085994 ], [ -72.600333, 42.088794 ], [ -72.598733, 42.090294 ], [ -72.599633, 42.090194 ], [ -72.598633, 42.092894 ], [ -72.595533, 42.093494 ], [ -72.590933, 42.092194 ], [ -72.588633, 42.092894 ], [ -72.590033, 42.094344 ], [ -72.592283, 42.096502 ], [ -72.599133, 42.101294 ], [ -72.603933, 42.103394 ], [ -72.614133, 42.108493 ], [ -72.615883, 42.110833 ], [ -72.616666, 42.111881 ], [ -72.618027, 42.113701 ], [ -72.618426, 42.114235 ], [ -72.621534, 42.118393 ], [ -72.621334, 42.123393 ], [ -72.615734, 42.133993 ], [ -72.615634, 42.138593 ], [ -72.618634, 42.143793 ], [ -72.622534, 42.146793 ], [ -72.627734, 42.153992 ], [ -72.627634, 42.161992 ], [ -72.627726, 42.162633 ], [ -72.627736, 42.162703 ], [ -72.628031, 42.171459 ], [ -72.62769, 42.173605 ], [ -72.627413, 42.175351 ], [ -72.626834, 42.178992 ], [ -72.622434, 42.185392 ], [ -72.614528, 42.188153 ], [ -72.609833, 42.189792 ], [ -72.601333, 42.195092 ], [ -72.598233, 42.196795 ], [ -72.597533, 42.197192 ], [ -72.590533, 42.202292 ], [ -72.590533, 42.207092 ], [ -72.593433, 42.211691 ], [ -72.595733, 42.211791 ], [ -72.602233, 42.213291 ], [ -72.604276, 42.214366 ], [ -72.607933, 42.216291 ], [ -72.610234, 42.218491 ], [ -72.612934, 42.224991 ], [ -72.620934, 42.229291 ], [ -72.623934, 42.233691 ], [ -72.623273, 42.235302 ], [ -72.61803, 42.248075 ], [ -72.607918, 42.26017 ], [ -72.600133, 42.26539 ], [ -72.599805, 42.272886 ], [ -72.601333, 42.28129 ], [ -72.605633, 42.28479 ], [ -72.608733, 42.28539 ], [ -72.613034, 42.28619 ], [ -72.615534, 42.29019 ], [ -72.623934, 42.28839 ], [ -72.629034, 42.28519 ], [ -72.634934, 42.28539 ], [ -72.637434, 42.28739 ], [ -72.640534, 42.28419 ], [ -72.641734, 42.28749 ], [ -72.643734, 42.28859 ], [ -72.646059, 42.290342 ], [ -72.648634, 42.29179 ], [ -72.655435, 42.28989 ], [ -72.655935, 42.28979 ], [ -72.660235, 42.28869 ], [ -72.672035, 42.290289 ], [ -72.672135, 42.291689 ], [ -72.684235, 42.290489 ], [ -72.736637, 42.283989 ], [ -72.738136, 42.312288 ], [ -72.739472, 42.336152 ], [ -72.741264, 42.362568 ], [ -72.723936, 42.364688 ], [ -72.693635, 42.368588 ], [ -72.675335, 42.370988 ], [ -72.671695, 42.371464 ], [ -72.647678, 42.374584 ], [ -72.640371, 42.37533 ], [ -72.636606, 42.360921 ], [ -72.636366, 42.359929 ], [ -72.635034, 42.355889 ], [ -72.636034, 42.355689 ], [ -72.634254, 42.351113 ], [ -72.626686, 42.351689 ], [ -72.615483, 42.350185 ], [ -72.601197, 42.349465 ], [ -72.593005, 42.351209 ], [ -72.589421, 42.354233 ], [ -72.588029, 42.356553 ], [ -72.587644, 42.358313 ], [ -72.587709, 42.362825 ], [ -72.591053, 42.369833 ], [ -72.592029, 42.373465 ], [ -72.591974, 42.375089 ], [ -72.589513, 42.382618 ], [ -72.586167, 42.389571 ], [ -72.590342, 42.395955 ], [ -72.589548, 42.398004 ], [ -72.587994, 42.399054 ], [ -72.584479, 42.398925 ], [ -72.580598, 42.397264 ], [ -72.578879, 42.397498 ], [ -72.575989, 42.399399 ], [ -72.575319, 42.40081 ], [ -72.574833, 42.403811 ], [ -72.575222, 42.408242 ], [ -72.581106, 42.422504 ], [ -72.57583, 42.423193 ], [ -72.544062, 42.4271 ] ] ] } },
{ "type": "Feature", "properties": { "DISTRICT": "3", "STARTCONG": "103", "ENDCONG": "107", "BESTDEC": "Massachusetts_CD_1992_2000", "ST": "25", "STA": "MA", "ELECT_YEAR": "1992-2000", "TYPE": "US Cong" }, "geometry": { "type": "Polygon", "coordinates": [ [ [ -71.724215, 42.490991 ], [ -71.723615, 42.490991 ], [ -71.719614, 42.490891 ], [ -71.717314, 42.489091 ], [ -71.711367, 42.487762 ], [ -71.70238, 42.48439 ], [ -71.701052, 42.483543 ], [ -71.699738, 42.481851 ], [ -71.69433, 42.478395 ], [ -71.691594, 42.476939 ], [ -71.686585, 42.475275 ], [ -71.685865, 42.477707 ], [ -71.683737, 42.479195 ], [ -71.685881, 42.480379 ], [ -71.685529, 42.481019 ], [ -71.684537, 42.479931 ], [ -71.677593, 42.476187 ], [ -71.678425, 42.474843 ], [ -71.680537, 42.475611 ], [ -71.682489, 42.473099 ], [ -71.683449, 42.473851 ], [ -71.683273, 42.472587 ], [ -71.687497, 42.467051 ], [ -71.688393, 42.453499 ], [ -71.689689, 42.448603 ], [ -71.689785, 42.447611 ], [ -71.683673, 42.445483 ], [ -71.679689, 42.447707 ], [ -71.676713, 42.448507 ], [ -71.673933, 42.451255 ], [ -71.669692, 42.447069 ], [ -71.672029, 42.444778 ], [ -71.66632, 42.44512 ], [ -71.658283, 42.446311 ], [ -71.658578, 42.444747 ], [ -71.65962, 42.444327 ], [ -71.659604, 42.442681 ], [ -71.653141, 42.441537 ], [ -71.656862, 42.431698 ], [ -71.657889, 42.42903 ], [ -71.658056, 42.42574 ], [ -71.66012, 42.419324 ], [ -71.660456, 42.418252 ], [ -71.629768, 42.409244 ], [ -71.609063, 42.399964 ], [ -71.607767, 42.399452 ], [ -71.606295, 42.398716 ], [ -71.604183, 42.39782 ], [ -71.603927, 42.39774 ], [ -71.602423, 42.396956 ], [ -71.580214, 42.387181 ], [ -71.58095, 42.386749 ], [ -71.584102, 42.384765 ], [ -71.584374, 42.384541 ], [ -71.588022, 42.382365 ], [ -71.598295, 42.375997 ], [ -71.607911, 42.370493 ], [ -71.603063, 42.367501 ], [ -71.605623, 42.363885 ], [ -71.605879, 42.363549 ], [ -71.610055, 42.357693 ], [ -71.624839, 42.350461 ], [ -71.625975, 42.349837 ], [ -71.617655, 42.342189 ], [ -71.610775, 42.338685 ], [ -71.604359, 42.336941 ], [ -71.604135, 42.335357 ], [ -71.60391, 42.332029 ], [ -71.605303, 42.330429 ], [ -71.59735, 42.321149 ], [ -71.592502, 42.317901 ], [ -71.58535, 42.311182 ], [ -71.580294, 42.306094 ], [ -71.562629, 42.288942 ], [ -71.546261, 42.273038 ], [ -71.541124, 42.26771 ], [ -71.549109, 42.26627 ], [ -71.550005, 42.266014 ], [ -71.548901, 42.265806 ], [ -71.540468, 42.262766 ], [ -71.53234, 42.266142 ], [ -71.52576, 42.265945 ], [ -71.52216, 42.266342 ], [ -71.52262, 42.254967 ], [ -71.518232, 42.254007 ], [ -71.517826, 42.253914 ], [ -71.485742, 42.246851 ], [ -71.4859, 42.241213 ], [ -71.486047, 42.231092 ], [ -71.484996, 42.230943 ], [ -71.474366, 42.229459 ], [ -71.466918, 42.230622 ], [ -71.466752, 42.230417 ], [ -71.458414, 42.232046 ], [ -71.445808, 42.233971 ], [ -71.439539, 42.234901 ], [ -71.419864, 42.237932 ], [ -71.417161, 42.237684 ], [ -71.413271, 42.234732 ], [ -71.412247, 42.228065 ], [ -71.409899, 42.226239 ], [ -71.408843, 42.224304 ], [ -71.408529, 42.2209 ], [ -71.409902, 42.218163 ], [ -71.40875, 42.218512 ], [ -71.407079, 42.218064 ], [ -71.401731, 42.215171 ], [ -71.403761, 42.214338 ], [ -71.398522, 42.211217 ], [ -71.396736, 42.208413 ], [ -71.396741, 42.207709 ], [ -71.393778, 42.207128 ], [ -71.39155, 42.209623 ], [ -71.389479, 42.2086 ], [ -71.388256, 42.208003 ], [ -71.388119, 42.204296 ], [ -71.379549, 42.201709 ], [ -71.384246, 42.192648 ], [ -71.38463, 42.191932 ], [ -71.404378, 42.18821 ], [ -71.403026, 42.182464 ], [ -71.402185, 42.17864 ], [ -71.388864, 42.157127 ], [ -71.385164, 42.15118 ], [ -71.380426, 42.143389 ], [ -71.377796, 42.139478 ], [ -71.37562, 42.135657 ], [ -71.377549, 42.135383 ], [ -71.379286, 42.135931 ], [ -71.379585, 42.134969 ], [ -71.378881, 42.133648 ], [ -71.37828, 42.133457 ], [ -71.380294, 42.132751 ], [ -71.381281, 42.130253 ], [ -71.379479, 42.126835 ], [ -71.367581, 42.107794 ], [ -71.367047, 42.106654 ], [ -71.36555, 42.103635 ], [ -71.364156, 42.100751 ], [ -71.359046, 42.090313 ], [ -71.32438, 42.090647 ], [ -71.317606, 42.090725 ], [ -71.315465, 42.090752 ], [ -71.303523, 42.087713 ], [ -71.284863, 42.083037 ], [ -71.285091, 42.082669 ], [ -71.283024, 42.080421 ], [ -71.282218, 42.079928 ], [ -71.27856, 42.077677 ], [ -71.270536, 42.076804 ], [ -71.270309, 42.076779 ], [ -71.269864, 42.07891 ], [ -71.260895, 42.08271 ], [ -71.259553, 42.08284 ], [ -71.257389, 42.077331 ], [ -71.256916, 42.075826 ], [ -71.252219, 42.075982 ], [ -71.250903, 42.076058 ], [ -71.246223, 42.067962 ], [ -71.242867, 42.070234 ], [ -71.240448, 42.069198 ], [ -71.239672, 42.067446 ], [ -71.240381, 42.06546 ], [ -71.240098, 42.064548 ], [ -71.230057, 42.065156 ], [ -71.228433, 42.065346 ], [ -71.231804, 42.060084 ], [ -71.223686, 42.052 ], [ -71.222413, 42.052508 ], [ -71.220648, 42.049053 ], [ -71.218042, 42.046523 ], [ -71.215616, 42.043082 ], [ -71.216116, 42.042885 ], [ -71.216096, 42.041199 ], [ -71.217896, 42.035099 ], [ -71.218496, 42.033499 ], [ -71.215595, 42.033599 ], [ -71.215095, 42.029299 ], [ -71.215495, 42.029299 ], [ -71.214795, 42.027399 ], [ -71.216295, 42.027099 ], [ -71.216251, 42.027055 ], [ -71.214495, 42.025199 ], [ -71.197094, 42.006499 ], [ -71.191394, 42.000099 ], [ -71.206674, 41.99385 ], [ -71.211195, 41.991999 ], [ -71.235195, 41.982199 ], [ -71.248396, 41.976799 ], [ -71.258996, 41.971599 ], [ -71.256496, 41.968799 ], [ -71.244595, 41.953999 ], [ -71.238295, 41.946338 ], [ -71.237695, 41.945599 ], [ -71.236095, 41.943699 ], [ -71.206893, 41.9084 ], [ -71.223494, 41.9107 ], [ -71.255195, 41.9077 ], [ -71.268695, 41.9062 ], [ -71.303297, 41.902599 ], [ -71.300496, 41.8762 ], [ -71.297696, 41.8715 ], [ -71.297196, 41.8698 ], [ -71.299496, 41.8681 ], [ -71.296695, 41.8395 ], [ -71.296095, 41.8336 ], [ -71.293895, 41.811 ], [ -71.290994, 41.782101 ], [ -71.290299, 41.775092 ], [ -71.281994, 41.774901 ], [ -71.281848, 41.774933 ], [ -71.280894, 41.775201 ], [ -71.280539, 41.775226 ], [ -71.253192, 41.778201 ], [ -71.239192, 41.779001 ], [ -71.222691, 41.780801 ], [ -71.187691, 41.783901 ], [ -71.19328, 41.814452 ], [ -71.193191, 41.816701 ], [ -71.176591, 41.815801 ], [ -71.175891, 41.812301 ], [ -71.173911, 41.803097 ], [ -71.17119, 41.789801 ], [ -71.164933, 41.789982 ], [ -71.15439, 41.790201 ], [ -71.133389, 41.790901 ], [ -71.11961, 41.790968 ], [ -71.114489, 41.778801 ], [ -71.117189, 41.773801 ], [ -71.123989, 41.766701 ], [ -71.129382, 41.759904 ], [ -71.13171, 41.751818 ], [ -71.13581, 41.744477 ], [ -71.140489, 41.738602 ], [ -71.147011, 41.732081 ], [ -71.149183, 41.729908 ], [ -71.151972, 41.72712 ], [ -71.155289, 41.723802 ], [ -71.158289, 41.721202 ], [ -71.162713, 41.71561 ], [ -71.162899, 41.715375 ], [ -71.168889, 41.707802 ], [ -71.162489, 41.704502 ], [ -71.164589, 41.702302 ], [ -71.165089, 41.701902 ], [ -71.165889, 41.700802 ], [ -71.165989, 41.700302 ], [ -71.164989, 41.700602 ], [ -71.164689, 41.700502 ], [ -71.165189, 41.698702 ], [ -71.165389, 41.697802 ], [ -71.164289, 41.697702 ], [ -71.162289, 41.697402 ], [ -71.161989, 41.698202 ], [ -71.160389, 41.697902 ], [ -71.160689, 41.697202 ], [ -71.159989, 41.697602 ], [ -71.158989, 41.698202 ], [ -71.157389, 41.697802 ], [ -71.155289, 41.696802 ], [ -71.156189, 41.695602 ], [ -71.156489, 41.693202 ], [ -71.157589, 41.692202 ], [ -71.152389, 41.691202 ], [ -71.153589, 41.687902 ], [ -71.148689, 41.686802 ], [ -71.143589, 41.685702 ], [ -71.140389, 41.688102 ], [ -71.139389, 41.688702 ], [ -71.138389, 41.689902 ], [ -71.137089, 41.689502 ], [ -71.135988, 41.691902 ], [ -71.134988, 41.691002 ], [ -71.133788, 41.694102 ], [ -71.133588, 41.694102 ], [ -71.130888, 41.693402 ], [ -71.130788, 41.692302 ], [ -71.130788, 41.690402 ], [ -71.126988, 41.689702 ], [ -71.121988, 41.689002 ], [ -71.121288, 41.683702 ], [ -71.120988, 41.682902 ], [ -71.120488, 41.681202 ], [ -71.119773, 41.680566 ], [ -71.118188, 41.680402 ], [ -71.117988, 41.680802 ], [ -71.114688, 41.693302 ], [ -71.105388, 41.692902 ], [ -71.100487, 41.692002 ], [ -71.076387, 41.686102 ], [ -71.069987, 41.684502 ], [ -71.041486, 41.698002 ], [ -71.015285, 41.710402 ], [ -70.993373, 41.720694 ], [ -70.982765, 41.725862 ], [ -70.97014, 41.732086 ], [ -70.965484, 41.733902 ], [ -70.975984, 41.684803 ], [ -70.977184, 41.678903 ], [ -70.977184, 41.678603 ], [ -70.972184, 41.660503 ], [ -70.970483, 41.654303 ], [ -70.968883, 41.648503 ], [ -70.959883, 41.640003 ], [ -70.959383, 41.636803 ], [ -70.958483, 41.635103 ], [ -70.958283, 41.634703 ], [ -70.953883, 41.627503 ], [ -70.953083, 41.626004 ], [ -70.952083, 41.623904 ], [ -70.947882, 41.620104 ], [ -70.944982, 41.618704 ], [ -70.94257, 41.617528 ], [ -70.941258, 41.616888 ], [ -70.937282, 41.615004 ], [ -70.935382, 41.613004 ], [ -70.934382, 41.610904 ], [ -70.934182, 41.610204 ], [ -70.932682, 41.611204 ], [ -70.931982, 41.608204 ], [ -70.931682, 41.608304 ], [ -70.930982, 41.608404 ], [ -70.929751180635918, 41.608537061552873 ], [ -70.929990217001915, 41.600744483988834 ], [ -70.929999530811656, 41.600440854101798 ], [ -70.927761599876547, 41.594965065761343 ], [ -70.927393428515273, 41.594064220960547 ], [ -70.927576372482832, 41.593606731540866 ], [ -70.927815965344578, 41.593007579785464 ], [ -70.927950435323979, 41.592671309649546 ], [ -70.931338, 41.5842 ], [ -70.937978, 41.577416 ], [ -70.938005195237324, 41.577443250541251 ], [ -70.941588368545709, 41.581033710553079 ], [ -70.945755553340163, 41.58107711606425 ], [ -70.946911472937558, 41.581089156154462 ], [ -70.94848561953539, 41.579376115482496 ], [ -70.948796737285463, 41.579037546406084 ], [ -70.947597969919485, 41.574730860014057 ], [ -70.94729961578706, 41.573658994263766 ], [ -70.947055749700027, 41.573442158533616 ], [ -70.93783, 41.565239 ], [ -70.931545, 41.540169 ], [ -70.941785, 41.540121 ], [ -70.978389025236282, 41.530643600261321 ], [ -70.97922525451142, 41.530427086392599 ], [ -70.983354, 41.520616 ], [ -71.003275, 41.511912 ], [ -71.019354, 41.508857 ], [ -71.023618120470061, 41.50626844667007 ], [ -71.035514, 41.499047 ], [ -71.058418, 41.505967 ], [ -71.068698261724421, 41.507221610762848 ], [ -71.085663, 41.509292 ], [ -71.12056996357893, 41.497448012357765 ], [ -71.12057, 41.497448 ], [ -71.1224, 41.522156 ], [ -71.126669510376544, 41.555764021985553 ], [ -71.127607474068498, 41.563147328641513 ], [ -71.131312, 41.592308 ], [ -71.131618, 41.593918 ], [ -71.137492, 41.602561 ], [ -71.138080319193719, 41.603043854997161 ], [ -71.138734139013422, 41.603580468744575 ], [ -71.140588, 41.605102 ], [ -71.14091, 41.607405 ], [ -71.141509, 41.616076 ], [ -71.140768006373335, 41.621640214389643 ], [ -71.140468, 41.623893 ], [ -71.135688, 41.628402 ], [ -71.134484, 41.641198 ], [ -71.134478, 41.641262 ], [ -71.13267, 41.658744 ], [ -71.132888, 41.660102 ], [ -71.134688, 41.660502 ], [ -71.135188, 41.660502 ], [ -71.14587, 41.662795 ], [ -71.153989, 41.664102 ], [ -71.162296042305016, 41.665605469038539 ], [ -71.162299316371147, 41.665606061602851 ], [ -71.17609, 41.668102 ], [ -71.17609, 41.668502 ], [ -71.17599, 41.671402 ], [ -71.18129, 41.672502 ], [ -71.184511306872722, 41.673085322134753 ], [ -71.184556329853592, 41.673093475006389 ], [ -71.191175, 41.674292 ], [ -71.191178, 41.674216 ], [ -71.193080376957695, 41.674563071263151 ], [ -71.19439, 41.674802 ], [ -71.195640175125519, 41.675090501952049 ], [ -71.19569, 41.675102 ], [ -71.201269316452311, 41.68191984462937 ], [ -71.208016620793842, 41.690164953696204 ], [ -71.208291741689806, 41.690501147482529 ], [ -71.208371, 41.690598 ], [ -71.222470989183336, 41.707679060375185 ], [ -71.22479767507987, 41.710497662698657 ], [ -71.225791, 41.711701 ], [ -71.23639638416293, 41.723795564675562 ], [ -71.24559243100984, 41.734282896547889 ], [ -71.245593475696211, 41.734284087926397 ], [ -71.248293239783848, 41.737362945878644 ], [ -71.252052394165503, 41.741649950959754 ], [ -71.255055262732327, 41.745074474535322 ], [ -71.261392, 41.752301 ], [ -71.284414695268012, 41.76201573409891 ], [ -71.285510650699052, 41.762478187146712 ], [ -71.294861253584358, 41.766423799058678 ], [ -71.297623447971247, 41.76758934391281 ], [ -71.317795, 41.776101 ], [ -71.327896, 41.780501 ], [ -71.329396, 41.7826 ], [ -71.329296, 41.7868 ], [ -71.3299663517586, 41.788071356783554 ], [ -71.329976190174321, 41.788090015847885 ], [ -71.330436338983048, 41.788962711864428 ], [ -71.332196, 41.7923 ], [ -71.333896, 41.7945 ], [ -71.335797, 41.7948 ], [ -71.339297, 41.7963 ], [ -71.340697, 41.7983 ], [ -71.340797, 41.8002 ], [ -71.339297, 41.8044 ], [ -71.339297, 41.8065 ], [ -71.338897, 41.8083 ], [ -71.339197, 41.809 ], [ -71.347197, 41.8231 ], [ -71.344897, 41.828 ], [ -71.343324886324197, 41.829186500887374 ], [ -71.343078514896433, 41.829372441587594 ], [ -71.339597, 41.832 ], [ -71.337597, 41.8337 ], [ -71.335197, 41.8355 ], [ -71.340508799569491, 41.842099508556061 ], [ -71.3405595, 41.842162499999951 ], [ -71.34084217307516, 41.842513699881245 ], [ -71.341476749133548, 41.843302112559847 ], [ -71.341797, 41.8437 ], [ -71.34183024235162, 41.843791188495693 ], [ -71.342155421957941, 41.844683202378448 ], [ -71.342198, 41.8448 ], [ -71.342125178603766, 41.844955392566099 ], [ -71.342071780499737, 41.845069338038627 ], [ -71.342010548571423, 41.8452 ], [ -71.337783139342577, 41.854220809840854 ], [ -71.334469398341597, 41.861291955739766 ], [ -71.334345904488401, 41.861555477557978 ], [ -71.333997, 41.8623 ], [ -71.334124586530336, 41.862662067348317 ], [ -71.336141018128771, 41.868384333169388 ], [ -71.337715044424357, 41.872851133273073 ], [ -71.337802977980871, 41.873100672699763 ], [ -71.337803113761197, 41.873101058019536 ], [ -71.338713482165446, 41.875684517834578 ], [ -71.340798, 41.8816 ], [ -71.339733149797397, 41.889976111693727 ], [ -71.33973123214281, 41.889991195964768 ], [ -71.339298, 41.893399 ], [ -71.339298, 41.893599 ], [ -71.339230812500034, 41.894136499999696 ], [ -71.338698, 41.898399 ], [ -71.339670701784001, 41.898280894648046 ], [ -71.345683995179499, 41.897550761173811 ], [ -71.346801709550135, 41.897415048408355 ], [ -71.348600341273055, 41.897196658726905 ], [ -71.352699, 41.896699 ], [ -71.354302305785396, 41.896538669421382 ], [ -71.354699, 41.896499 ], [ -71.362499, 41.895599 ], [ -71.364699, 41.895399 ], [ -71.365399, 41.895299 ], [ -71.370999, 41.894599 ], [ -71.373799, 41.894399 ], [ -71.3766, 41.893999 ], [ -71.3817, 41.893199 ], [ -71.3817, 41.903299 ], [ -71.3817, 41.914329 ], [ -71.3817, 41.914909344827606 ], [ -71.3817, 41.915556777777823 ], [ -71.3817, 41.916242529411051 ], [ -71.3817, 41.922699 ], [ -71.3816, 41.922899 ], [ -71.381568262892543, 41.929581335692191 ], [ -71.3814820599396, 41.94773160568063 ], [ -71.381458968628934, 41.952593544962269 ], [ -71.381458963236582, 41.952594680341214 ], [ -71.381401, 41.964799 ], [ -71.381501, 41.966699 ], [ -71.381470452139695, 41.982614129749074 ], [ -71.381465881139221, 41.984995575276834 ], [ -71.381445370493623, 41.995681416527987 ], [ -71.381437444632198, 41.999810711073565 ], [ -71.381401, 42.018798 ], [ -71.421962611548594, 42.018250351157128 ], [ -71.45810956246217, 42.017762307534433 ], [ -71.45810986175222, 42.017762303493498 ], [ -71.456945, 42.024856 ], [ -71.455564, 42.035721 ], [ -71.455367, 42.037803 ], [ -71.454226, 42.047595 ], [ -71.45452, 42.060649 ], [ -71.454651, 42.062414 ], [ -71.454567, 42.063752 ], [ -71.454493, 42.064577 ], [ -71.45551, 42.064579 ], [ -71.454842, 42.074378 ], [ -71.453225, 42.074156 ], [ -71.451372, 42.085289 ], [ -71.450564, 42.088144 ], [ -71.445992, 42.103935 ], [ -71.443525, 42.117847 ], [ -71.442484, 42.129157 ], [ -71.442318, 42.131692 ], [ -71.441121, 42.134998 ], [ -71.444508, 42.135804 ], [ -71.447743, 42.135581 ], [ -71.470391, 42.132827 ], [ -71.477963, 42.131864 ], [ -71.477896, 42.15391 ], [ -71.477879, 42.15669 ], [ -71.477859, 42.158444 ], [ -71.477743, 42.165734 ], [ -71.497114, 42.166547 ], [ -71.502418, 42.191289 ], [ -71.504768, 42.189926 ], [ -71.507116, 42.188788 ], [ -71.5337, 42.189215 ], [ -71.539556, 42.189279 ], [ -71.542378, 42.188023 ], [ -71.551668, 42.183887 ], [ -71.5529, 42.183407 ], [ -71.553556, 42.183119 ], [ -71.555812, 42.182063 ], [ -71.55378, 42.181247 ], [ -71.552772, 42.180447 ], [ -71.551956, 42.178719 ], [ -71.552372, 42.177119 ], [ -71.556484, 42.177391 ], [ -71.55818, 42.178239 ], [ -71.56186, 42.178527 ], [ -71.56234, 42.171023 ], [ -71.561284, 42.169503 ], [ -71.560532, 42.168223 ], [ -71.559716, 42.16712 ], [ -71.564068, 42.165856 ], [ -71.564196, 42.16416 ], [ -71.563476, 42.16056 ], [ -71.56082, 42.158048 ], [ -71.57082, 42.151952 ], [ -71.571284, 42.1488 ], [ -71.571284, 42.142208 ], [ -71.569844, 42.139184 ], [ -71.572404, 42.136416 ], [ -71.592565, 42.121568 ], [ -71.592549, 42.114112 ], [ -71.596301, 42.112411 ], [ -71.598122, 42.111829 ], [ -71.603445, 42.112064 ], [ -71.622374, 42.105504 ], [ -71.644566, 42.09776 ], [ -71.646614, 42.09704 ], [ -71.651095, 42.09552 ], [ -71.657287, 42.09712 ], [ -71.680071, 42.103264 ], [ -71.68508, 42.10688 ], [ -71.691368, 42.105312 ], [ -71.703496, 42.101184 ], [ -71.704232, 42.101168 ], [ -71.707928, 42.099904 ], [ -71.7046, 42.103952 ], [ -71.697752, 42.112976 ], [ -71.693496, 42.118256 ], [ -71.69444, 42.121152 ], [ -71.700435, 42.123602 ], [ -71.700711, 42.123709 ], [ -71.704952, 42.125359 ], [ -71.69396, 42.136351 ], [ -71.69156, 42.149855 ], [ -71.692552, 42.154207 ], [ -71.69372, 42.161231 ], [ -71.691812, 42.163095 ], [ -71.695712, 42.175395 ], [ -71.718813, 42.173095 ], [ -71.719413, 42.175095 ], [ -71.722913, 42.187994 ], [ -71.723513, 42.191194 ], [ -71.725013, 42.196994 ], [ -71.730213, 42.221594 ], [ -71.730313, 42.222594 ], [ -71.731513, 42.227894 ], [ -71.733814, 42.2374930000001 ], [ -71.735314, 42.236893 ], [ -71.745314, 42.232493 ], [ -71.761814, 42.225094 ], [ -71.779415, 42.217494 ], [ -71.782715, 42.215894 ], [ -71.796615, 42.209794 ], [ -71.798215, 42.206594 ], [ -71.801715, 42.212693 ], [ -71.802059, 42.212685 ], [ -71.802642, 42.212661 ], [ -71.806915, 42.211593 ], [ -71.810715, 42.206994 ], [ -71.813115, 42.204094 ], [ -71.821115, 42.195394 ], [ -71.825215, 42.191894 ], [ -71.826015, 42.196894 ], [ -71.830415, 42.201793 ], [ -71.831015, 42.201793 ], [ -71.831115, 42.201993 ], [ -71.833316, 42.206293 ], [ -71.830715, 42.208193 ], [ -71.829115, 42.214893 ], [ -71.823815, 42.222993 ], [ -71.827515, 42.222193 ], [ -71.829215, 42.219093 ], [ -71.837216, 42.215193 ], [ -71.838516, 42.215393 ], [ -71.840416, 42.215593 ], [ -71.841216, 42.216893 ], [ -71.845016, 42.218293 ], [ -71.845816, 42.218293 ], [ -71.845816, 42.218664 ], [ -71.845816, 42.219293 ], [ -71.847616, 42.220693 ], [ -71.847916, 42.222893 ], [ -71.849416, 42.226493 ], [ -71.850516, 42.226393 ], [ -71.852316, 42.226993 ], [ -71.853716, 42.226893 ], [ -71.854216, 42.226793 ], [ -71.856616, 42.226493 ], [ -71.858716, 42.230693 ], [ -71.863516, 42.240793 ], [ -71.864516, 42.242493 ], [ -71.875317, 42.263992 ], [ -71.876717, 42.266692 ], [ -71.882717, 42.278192 ], [ -71.883917, 42.281392 ], [ -71.885417, 42.284592 ], [ -71.907917, 42.283592 ], [ -71.96067, 42.281563 ], [ -71.967231, 42.310683 ], [ -71.976831, 42.310491 ], [ -71.989503, 42.310155 ], [ -71.993759, 42.319339 ], [ -72.013227, 42.358701 ], [ -72.014338, 42.361083 ], [ -72.018132, 42.369314 ], [ -72.035224, 42.403883 ], [ -72.007189, 42.421172 ], [ -71.965319, 42.44659 ], [ -71.920519, 42.47429 ], [ -71.933219, 42.48229 ], [ -71.928719, 42.48539 ], [ -71.928519, 42.48549 ], [ -71.919819, 42.49099 ], [ -71.909719, 42.48439 ], [ -71.884618, 42.50249 ], [ -71.879918, 42.50539 ], [ -71.864518, 42.51679 ], [ -71.860718, 42.51649 ], [ -71.856718, 42.51909 ], [ -71.855018, 42.51889 ], [ -71.849218, 42.51779 ], [ -71.846917, 42.51429 ], [ -71.841817, 42.51439 ], [ -71.842217, 42.51259 ], [ -71.822117, 42.50419 ], [ -71.829817, 42.49189 ], [ -71.821017, 42.49039 ], [ -71.777416, 42.483191 ], [ -71.750219, 42.478523 ], [ -71.735515, 42.475991 ], [ -71.728415, 42.474791 ], [ -71.724215, 42.490991 ] ] ] } },
{ "type": "Feature", "properties": { "DISTRICT": "4", "STARTCONG": "103", "ENDCONG": "107", "BESTDEC": "Massachusetts_CD_1992_2000", "ST": "25", "STA": "MA", "ELECT_YEAR": "1992-2000", "TYPE": "US Cong" }, "geometry": { "type": "MultiPolygon", "coordinates": [ [ [ [ -70.831186337964368, 41.605684524996335 ], [ -70.823735, 41.598569 ], [ -70.820918, 41.587673 ], [ -70.821711948222898, 41.583805703817525 ], [ -70.821890045330932, 41.582938198549428 ], [ -70.82191, 41.582841 ], [ -70.822439177272173, 41.583005635805314 ], [ -70.829780077474638, 41.585289511323893 ], [ -70.830087, 41.585385 ], [ -70.830213754760692, 41.585552815390443 ], [ -70.837607, 41.595341010560212 ], [ -70.838446550288936, 41.596452522733394 ], [ -70.838452131082789, 41.596459911356014 ], [ -70.833002179925174, 41.605002809584406 ], [ -70.832044491501975, 41.606504003723074 ], [ -70.831186337964368, 41.605684524996335 ] ] ], [ [ [ -71.217399, 42.366696 ], [ -71.213388, 42.364938 ], [ -71.213299, 42.364896 ], [ -71.210799, 42.364196 ], [ -71.207199, 42.364496 ], [ -71.204899, 42.365896 ], [ -71.1987, 42.367397 ], [ -71.196158, 42.36764 ], [ -71.1954, 42.367697 ], [ -71.192898, 42.365796 ], [ -71.196399, 42.362096 ], [ -71.195899, 42.361996 ], [ -71.195699, 42.361896 ], [ -71.193398, 42.361296 ], [ -71.193098, 42.361196 ], [ -71.190698, 42.360396 ], [ -71.188598, 42.359896 ], [ -71.183998, 42.358896 ], [ -71.182798, 42.360396 ], [ -71.182598, 42.360796 ], [ -71.174298, 42.359096 ], [ -71.168698, 42.359396 ], [ -71.169999, 42.357397 ], [ -71.171198, 42.356396 ], [ -71.173998, 42.353196 ], [ -71.174798, 42.350096 ], [ -71.174198, 42.349397 ], [ -71.173532, 42.348435 ], [ -71.173298, 42.348097 ], [ -71.171999, 42.346498 ], [ -71.169927, 42.343819 ], [ -71.169667, 42.343485 ], [ -71.16952, 42.343296 ], [ -71.169469, 42.343231 ], [ -71.168433, 42.342141 ], [ -71.167174, 42.340336 ], [ -71.166799, 42.339798 ], [ -71.167698, 42.333297 ], [ -71.161272, 42.333393 ], [ -71.157797, 42.330697 ], [ -71.157404, 42.33054 ], [ -71.157097, 42.330297 ], [ -71.156997, 42.330097 ], [ -71.156097, 42.330597 ], [ -71.150197, 42.335197 ], [ -71.149797, 42.335297 ], [ -71.148497, 42.336397 ], [ -71.148697, 42.336797 ], [ -71.147397, 42.337097 ], [ -71.146472, 42.338573 ], [ -71.144797, 42.339597 ], [ -71.141897, 42.340397 ], [ -71.141597, 42.341097 ], [ -71.140297, 42.342097 ], [ -71.138029, 42.343823 ], [ -71.137797, 42.343997 ], [ -71.136097, 42.345297 ], [ -71.135397, 42.346097 ], [ -71.134697, 42.346597 ], [ -71.132297, 42.347697 ], [ -71.129897, 42.348897 ], [ -71.126397, 42.350497 ], [ -71.124997, 42.351197 ], [ -71.123597, 42.351397 ], [ -71.123087, 42.35155 ], [ -71.122597, 42.351697 ], [ -71.121597, 42.351497 ], [ -71.120596, 42.351397 ], [ -71.118596, 42.351197 ], [ -71.116096, 42.350897 ], [ -71.114096, 42.350497 ], [ -71.111296, 42.350297 ], [ -71.111228, 42.350263 ], [ -71.111096, 42.350197 ], [ -71.106896, 42.349797 ], [ -71.106696, 42.349297 ], [ -71.106896, 42.348797 ], [ -71.106896, 42.348497 ], [ -71.106796, 42.346197 ], [ -71.105796, 42.344397 ], [ -71.105696, 42.343997 ], [ -71.110596, 42.340197 ], [ -71.110996, 42.335497 ], [ -71.111496, 42.334497 ], [ -71.113296, 42.331797 ], [ -71.113896, 42.330097 ], [ -71.114796, 42.328397 ], [ -71.115496, 42.326897 ], [ -71.115996, 42.325697 ], [ -71.119396, 42.322597 ], [ -71.119396, 42.322797 ], [ -71.124096, 42.321997 ], [ -71.127096, 42.318497 ], [ -71.130796, 42.314497 ], [ -71.134497, 42.309197 ], [ -71.135097, 42.308197 ], [ -71.140097, 42.302097 ], [ -71.141597, 42.300897 ], [ -71.142097, 42.300497 ], [ -71.145797, 42.297897 ], [ -71.146797, 42.297297 ], [ -71.150197, 42.295397 ], [ -71.153197, 42.295497 ], [ -71.159897, 42.300497 ], [ -71.164697, 42.303697 ], [ -71.169497, 42.300497 ], [ -71.176298, 42.295897 ], [ -71.178398, 42.294497 ], [ -71.191198, 42.282697 ], [ -71.194198, 42.287997 ], [ -71.196198, 42.286097 ], [ -71.200298, 42.287597 ], [ -71.204698, 42.289397 ], [ -71.208098, 42.297097 ], [ -71.21104, 42.303007 ], [ -71.216899, 42.306497 ], [ -71.220599, 42.306297 ], [ -71.223799, 42.307197 ], [ -71.226799, 42.312297 ], [ -71.2275, 42.315298 ], [ -71.229299, 42.316197 ], [ -71.230699, 42.316497 ], [ -71.233399, 42.315897 ], [ -71.2458, 42.307497 ], [ -71.2483, 42.305597 ], [ -71.2494, 42.304897 ], [ -71.2552, 42.300797 ], [ -71.258801, 42.298098 ], [ -71.262501, 42.295398 ], [ -71.263801, 42.294598 ], [ -71.269001, 42.290898 ], [ -71.2793, 42.283797 ], [ -71.287401, 42.277897 ], [ -71.294501, 42.273197 ], [ -71.295801, 42.272197 ], [ -71.299823, 42.269143 ], [ -71.298727, 42.266577 ], [ -71.298201, 42.266997 ], [ -71.294701, 42.264997 ], [ -71.290901, 42.266997 ], [ -71.287501, 42.265397 ], [ -71.286801, 42.265897 ], [ -71.284101, 42.263297 ], [ -71.2784, 42.259697 ], [ -71.2775, 42.259997 ], [ -71.2759, 42.260797 ], [ -71.271001, 42.258798 ], [ -71.270245, 42.257502 ], [ -71.265, 42.254697 ], [ -71.2643, 42.255597 ], [ -71.2656, 42.259697 ], [ -71.262851, 42.258858 ], [ -71.2622, 42.257697 ], [ -71.2571, 42.254697 ], [ -71.248599, 42.255598 ], [ -71.246799, 42.258098 ], [ -71.244899, 42.259298 ], [ -71.239949, 42.259286 ], [ -71.2369, 42.259799 ], [ -71.232299, 42.258198 ], [ -71.2319, 42.256599 ], [ -71.2469, 42.214399 ], [ -71.251379, 42.202598 ], [ -71.257036, 42.20393 ], [ -71.260569, 42.204175 ], [ -71.263641, 42.2033 ], [ -71.267269, 42.200914 ], [ -71.269463, 42.20055 ], [ -71.267876, 42.209429 ], [ -71.270424, 42.215543 ], [ -71.287374, 42.215438 ], [ -71.311176, 42.21519 ], [ -71.317671, 42.21512 ], [ -71.32304, 42.215063 ], [ -71.338011, 42.215018 ], [ -71.339577, 42.213599 ], [ -71.346256, 42.21519 ], [ -71.347831, 42.214581 ], [ -71.35016, 42.21294 ], [ -71.351906, 42.210494 ], [ -71.351883, 42.20714 ], [ -71.350559, 42.205621 ], [ -71.346484, 42.203305 ], [ -71.343798, 42.200599 ], [ -71.344355, 42.198483 ], [ -71.33902, 42.192011 ], [ -71.335153, 42.188655 ], [ -71.333874, 42.188519 ], [ -71.333423, 42.188672 ], [ -71.331625, 42.188627 ], [ -71.330455, 42.187763 ], [ -71.328415, 42.186234 ], [ -71.326126, 42.182366 ], [ -71.325105, 42.181502 ], [ -71.322804, 42.180778 ], [ -71.320135, 42.179646 ], [ -71.317926, 42.177758 ], [ -71.318546, 42.173622 ], [ -71.322588, 42.173438 ], [ -71.325224, 42.172033 ], [ -71.327954, 42.172286 ], [ -71.332811, 42.169575 ], [ -71.333688, 42.166416 ], [ -71.33272, 42.158682 ], [ -71.331249, 42.157585 ], [ -71.332762, 42.157519 ], [ -71.333805, 42.156736 ], [ -71.333869, 42.153815 ], [ -71.338305, 42.151232 ], [ -71.339345, 42.149233 ], [ -71.304655, 42.149437 ], [ -71.303391, 42.149403 ], [ -71.300077, 42.146577 ], [ -71.300126, 42.138494 ], [ -71.301629, 42.136955 ], [ -71.301542, 42.135049 ], [ -71.30108, 42.134966 ], [ -71.299667, 42.130426 ], [ -71.299654, 42.129954 ], [ -71.29965, 42.129309 ], [ -71.29887, 42.126469 ], [ -71.299875, 42.125952 ], [ -71.2966, 42.119892 ], [ -71.295944, 42.117452 ], [ -71.287977, 42.103349 ], [ -71.280012, 42.08922 ], [ -71.271516, 42.098902 ], [ -71.263988, 42.101524 ], [ -71.263117, 42.101828 ], [ -71.259133, 42.103216 ], [ -71.251623, 42.105908 ], [ -71.238799, 42.106631 ], [ -71.238739, 42.112606 ], [ -71.238936, 42.120148 ], [ -71.235797, 42.122444 ], [ -71.230903, 42.123372 ], [ -71.232845, 42.125695 ], [ -71.233223, 42.128633 ], [ -71.23122, 42.131918 ], [ -71.227446, 42.133542 ], [ -71.225454, 42.135382 ], [ -71.223942, 42.136242 ], [ -71.219834, 42.138062 ], [ -71.214661, 42.140536 ], [ -71.1941, 42.14982 ], [ -71.186497, 42.153299 ], [ -71.186554, 42.161195 ], [ -71.180155, 42.165644 ], [ -71.177665, 42.163735 ], [ -71.175729, 42.155645 ], [ -71.176403, 42.155241 ], [ -71.171559, 42.151273 ], [ -71.164724, 42.146843 ], [ -71.162943, 42.145707 ], [ -71.162108, 42.145167 ], [ -71.163327, 42.141413 ], [ -71.149038, 42.138448 ], [ -71.149219, 42.137921 ], [ -71.149699, 42.137026 ], [ -71.150056, 42.134736 ], [ -71.147395, 42.1266 ], [ -71.142195, 42.1225 ], [ -71.13804, 42.117385 ], [ -71.133413, 42.11074 ], [ -71.131294, 42.105199 ], [ -71.130994, 42.102699 ], [ -71.13159, 42.099423 ], [ -71.132594, 42.0967 ], [ -71.136996, 42.089103 ], [ -71.138298, 42.085636 ], [ -71.139059, 42.080418 ], [ -71.138181, 42.073245 ], [ -71.141741, 42.071964 ], [ -71.168595, 42.061702 ], [ -71.166094, 42.048699 ], [ -71.161693, 42.026199 ], [ -71.159609, 42.015072 ], [ -71.159293, 42.013399 ], [ -71.156693, 41.999999 ], [ -71.124092, 41.997899 ], [ -71.120991, 41.9977 ], [ -71.111552, 41.995759 ], [ -71.102791, 41.9949 ], [ -71.101791, 41.9948 ], [ -71.120191, 41.9722 ], [ -71.125791, 41.966 ], [ -71.130591, 41.961 ], [ -71.142992, 41.9478 ], [ -71.152392, 41.9376 ], [ -71.154592, 41.9362 ], [ -71.157292, 41.9345 ], [ -71.163892, 41.9302 ], [ -71.195393, 41.91 ], [ -71.191892, 41.8968 ], [ -71.187692, 41.8799 ], [ -71.171092, 41.8776 ], [ -71.1369, 41.872478 ], [ -71.128362, 41.871053 ], [ -71.127412, 41.867604 ], [ -71.125422, 41.866379 ], [ -71.12277, 41.866593 ], [ -71.12112, 41.865047 ], [ -71.121117, 41.864201 ], [ -71.121601, 41.863289 ], [ -71.120956, 41.859007 ], [ -71.119461, 41.857652 ], [ -71.115888, 41.856001 ], [ -71.108685, 41.85407 ], [ -71.103115, 41.871275 ], [ -71.093594, 41.873007 ], [ -71.091839, 41.872938 ], [ -71.090633, 41.874067 ], [ -71.088924, 41.872869 ], [ -71.077358, 41.87274 ], [ -71.058942, 41.862931 ], [ -71.0568, 41.861811 ], [ -71.031946, 41.848821 ], [ -71.031477, 41.848691 ], [ -71.02268, 41.844674 ], [ -71.007989, 41.837965 ], [ -71.000894, 41.843085 ], [ -70.996401, 41.846335 ], [ -70.993134, 41.848533 ], [ -70.986511, 41.853212 ], [ -70.983646, 41.855237 ], [ -70.982398, 41.855781 ], [ -70.978846, 41.857125 ], [ -70.97627, 41.859077 ], [ -70.973629, 41.861397 ], [ -70.977086, 41.873765 ], [ -70.978676, 41.87994 ], [ -70.97971, 41.883189 ], [ -70.987422, 41.906117 ], [ -70.994591, 41.906405 ], [ -70.994576, 41.906667 ], [ -70.997491, 41.903341 ], [ -71.000802, 41.897856 ], [ -70.995522, 41.897505 ], [ -70.993661, 41.890142 ], [ -70.996758, 41.884802 ], [ -71.004464, 41.882093 ], [ -71.005074, 41.885015 ], [ -71.007943, 41.884901 ], [ -71.007333, 41.885916 ], [ -71.009195, 41.890943 ], [ -71.013514, 41.892393 ], [ -71.015741, 41.89224 ], [ -71.018534, 41.889433 ], [ -71.021164, 41.889248 ], [ -71.026484, 41.886381 ], [ -71.031214, 41.885961 ], [ -71.035079, 41.886356 ], [ -71.035245, 41.886378 ], [ -71.037409, 41.884451 ], [ -71.043727, 41.886328 ], [ -71.04449, 41.886068 ], [ -71.045177, 41.885069 ], [ -71.045924, 41.885305 ], [ -71.046318, 41.885349 ], [ -71.046879, 41.885578 ], [ -71.047206, 41.8859 ], [ -71.048976, 41.887022 ], [ -71.049647, 41.888502 ], [ -71.048015, 41.893415 ], [ -71.045024, 41.895086 ], [ -71.044993, 41.897245 ], [ -71.045761, 41.898706 ], [ -71.04598, 41.899965 ], [ -71.046275, 41.901655 ], [ -71.049174, 41.904638 ], [ -71.053035, 41.905142 ], [ -71.054805, 41.904722 ], [ -71.055507, 41.901991 ], [ -71.056438, 41.90109 ], [ -71.064525, 41.903387 ], [ -71.076778, 41.918347 ], [ -71.079989, 41.9227 ], [ -71.085989, 41.9301 ], [ -71.09289, 41.9388 ], [ -71.091867, 41.940774 ], [ -71.089273, 41.943421 ], [ -71.08689, 41.9472 ], [ -71.084131, 41.954491 ], [ -71.08099, 41.9593 ], [ -71.08119, 41.9609 ], [ -71.08309, 41.964 ], [ -71.084176, 41.966637 ], [ -71.08381, 41.969048 ], [ -71.081109, 41.974641 ], [ -71.080941, 41.976563 ], [ -71.08139, 41.9783 ], [ -71.082116, 41.979829 ], [ -71.084771, 41.981637 ], [ -71.086251, 41.983582 ], [ -71.08909, 41.992 ], [ -71.07919, 41.9901 ], [ -71.081356, 42.0001 ], [ -71.08549, 42.0129 ], [ -71.089391, 42.0247 ], [ -71.090291, 42.0249 ], [ -71.089591, 42.0254 ], [ -71.092791, 42.035499 ], [ -71.096091, 42.036299 ], [ -71.098291, 42.035599 ], [ -71.099191, 42.044099 ], [ -71.100092, 42.046099 ], [ -71.101692, 42.046199 ], [ -71.102196, 42.050051 ], [ -71.105592, 42.056899 ], [ -71.107192, 42.062899 ], [ -71.107192, 42.064599 ], [ -71.107292, 42.065699 ], [ -71.103592, 42.066099 ], [ -71.102592, 42.066099 ], [ -71.102992, 42.067599 ], [ -71.106792, 42.069599 ], [ -71.108092, 42.069999 ], [ -71.112492, 42.072199 ], [ -71.114692, 42.072699 ], [ -71.115393, 42.075899 ], [ -71.116693, 42.076599 ], [ -71.117493, 42.081099 ], [ -71.112893, 42.082899 ], [ -71.092892, 42.090599 ], [ -71.083517, 42.094364 ], [ -71.080192, 42.095699 ], [ -71.078792, 42.090099 ], [ -71.078792, 42.089199 ], [ -71.078492, 42.088499 ], [ -71.073891, 42.069499 ], [ -71.07371, 42.068654 ], [ -71.071191, 42.056499 ], [ -71.070791, 42.0548 ], [ -71.069991, 42.051 ], [ -71.06949, 42.0497 ], [ -71.05789, 42.051 ], [ -71.04399, 42.0528 ], [ -71.036389, 42.0537 ], [ -71.025589, 42.0548 ], [ -71.022689, 42.042 ], [ -71.016988, 42.0427 ], [ -71.009288, 42.0436 ], [ -70.996288, 42.0452 ], [ -70.989088, 42.0462 ], [ -70.986888, 42.0464 ], [ -70.989588, 42.0594 ], [ -70.982888, 42.0664 ], [ -70.980736, 42.068516 ], [ -70.976088, 42.0707 ], [ -70.975188, 42.071 ], [ -70.963288, 42.0657 ], [ -70.950687, 42.0608 ], [ -70.928987, 42.066 ], [ -70.913287, 42.064901 ], [ -70.908352, 42.062234 ], [ -70.909987, 42.070301 ], [ -70.912787, 42.0844 ], [ -70.907087, 42.0852 ], [ -70.902387, 42.085901 ], [ -70.915787, 42.1001 ], [ -70.922706, 42.107118 ], [ -70.927593, 42.112322 ], [ -70.931188, 42.1162 ], [ -70.919738, 42.123969 ], [ -70.920765, 42.124388 ], [ -70.919114, 42.125567 ], [ -70.918265, 42.124999 ], [ -70.914906, 42.127157 ], [ -70.911422, 42.127503 ], [ -70.911218, 42.127085 ], [ -70.91095, 42.126388 ], [ -70.909424, 42.12672 ], [ -70.910139, 42.1278 ], [ -70.906654, 42.128996 ], [ -70.905692, 42.127582 ], [ -70.908897, 42.126861 ], [ -70.903601, 42.124496 ], [ -70.890307, 42.120861 ], [ -70.889829, 42.119591 ], [ -70.889229, 42.112622 ], [ -70.887588, 42.087702 ], [ -70.875887, 42.089302 ], [ -70.874686, 42.088201 ], [ -70.868286, 42.085601 ], [ -70.867386, 42.086001 ], [ -70.867186, 42.088901 ], [ -70.865209, 42.090423 ], [ -70.862086, 42.088701 ], [ -70.856786, 42.091801 ], [ -70.853686, 42.095501 ], [ -70.849087, 42.095702 ], [ -70.842486, 42.094801 ], [ -70.839386, 42.094601 ], [ -70.835986, 42.096901 ], [ -70.831086, 42.098601 ], [ -70.822873, 42.100363 ], [ -70.818849, 42.099247 ], [ -70.814785, 42.099001 ], [ -70.811185, 42.098101 ], [ -70.810285, 42.098801 ], [ -70.809585, 42.099201 ], [ -70.810785, 42.100201 ], [ -70.811785, 42.104101 ], [ -70.808185, 42.107277 ], [ -70.803502, 42.111706 ], [ -70.800685, 42.109701 ], [ -70.798885, 42.112301 ], [ -70.792185, 42.106201 ], [ -70.789485, 42.106801 ], [ -70.792085, 42.109101 ], [ -70.790185, 42.110701 ], [ -70.788385, 42.111601 ], [ -70.783285, 42.111901 ], [ -70.782085, 42.114601 ], [ -70.782585, 42.116501 ], [ -70.778433, 42.115885 ], [ -70.77711, 42.116844 ], [ -70.776886, 42.117002 ], [ -70.776729, 42.116879 ], [ -70.775486, 42.115902 ], [ -70.776189, 42.114338 ], [ -70.776185, 42.112601 ], [ -70.773511, 42.113113 ], [ -70.766984, 42.113301 ], [ -70.766584, 42.109801 ], [ -70.765984, 42.109801 ], [ -70.76052, 42.107419 ], [ -70.762385, 42.102802 ], [ -70.755285, 42.099703 ], [ -70.749985, 42.097303 ], [ -70.750753, 42.09595 ], [ -70.756572, 42.086014 ], [ -70.761209, 42.078393 ], [ -70.771785, 42.061303 ], [ -70.775285, 42.056003 ], [ -70.781185, 42.046503 ], [ -70.768815, 42.045191 ], [ -70.768381, 42.044971 ], [ -70.767529, 42.044555 ], [ -70.76699, 42.044001 ], [ -70.766746, 42.043072 ], [ -70.76423, 42.038116 ], [ -70.760084, 42.035403 ], [ -70.759284, 42.034303 ], [ -70.759395, 42.03309 ], [ -70.760984, 42.031803 ], [ -70.765584, 42.031203 ], [ -70.766921, 42.028014 ], [ -70.769784, 42.022203 ], [ -70.776083, 42.023202 ], [ -70.793584, 42.020902 ], [ -70.796684, 42.020502 ], [ -70.800384, 42.016102 ], [ -70.79918, 42.013558 ], [ -70.795835, 42.003942 ], [ -70.787291, 41.978902 ], [ -70.781131, 41.975238 ], [ -70.765514, 41.967238 ], [ -70.75841, 41.94783 ], [ -70.753159, 41.933463 ], [ -70.75049, 41.925878 ], [ -70.740517, 41.915242 ], [ -70.736323, 41.909413 ], [ -70.734213, 41.906901 ], [ -70.733785, 41.906393 ], [ -70.731084, 41.903837 ], [ -70.723987, 41.895426 ], [ -70.723403, 41.894831 ], [ -70.722944, 41.894277 ], [ -70.715758, 41.886063 ], [ -70.709064, 41.877602 ], [ -70.708839, 41.877436 ], [ -70.705688, 41.874167 ], [ -70.70236, 41.870295 ], [ -70.699543, 41.867063 ], [ -70.690935, 41.857335 ], [ -70.684327, 41.849655 ], [ -70.683703, 41.848871 ], [ -70.680535, 41.845527 ], [ -70.682215, 41.845575 ], [ -70.683639, 41.844919 ], [ -70.689479, 41.839927 ], [ -70.689783, 41.838983 ], [ -70.697815, 41.829511 ], [ -70.700647, 41.828567 ], [ -70.703351, 41.829207 ], [ -70.705911, 41.829207 ], [ -70.707063, 41.828439 ], [ -70.709943, 41.822631 ], [ -70.714791, 41.817399 ], [ -70.717399, 41.809367 ], [ -70.717655, 41.801527 ], [ -70.706743, 41.802119 ], [ -70.693431, 41.802791 ], [ -70.687318, 41.803127 ], [ -70.684374, 41.803255 ], [ -70.681734, 41.803336 ], [ -70.66447, 41.804536 ], [ -70.661665, 41.804747 ], [ -70.661639, 41.804749 ], [ -70.643589, 41.805736 ], [ -70.632677, 41.806424 ], [ -70.631653, 41.806408 ], [ -70.61646, 41.80547 ], [ -70.61803, 41.803001 ], [ -70.62642, 41.789208 ], [ -70.630686, 41.784045 ], [ -70.630948, 41.782152 ], [ -70.630516, 41.780392 ], [ -70.62898, 41.779672 ], [ -70.630196, 41.774232 ], [ -70.636148, 41.769528 ], [ -70.634356, 41.765672 ], [ -70.63258, 41.763304 ], [ -70.632532, 41.76284 ], [ -70.629588, 41.760216 ], [ -70.62834, 41.758536 ], [ -70.62587, 41.755199 ], [ -70.621014, 41.748303 ], [ -70.620785, 41.74753 ], [ -70.621198, 41.746933 ], [ -70.621615, 41.746364 ], [ -70.624476, 41.74541 ], [ -70.625988, 41.744969 ], [ -70.632706, 41.737759 ], [ -70.633268, 41.735465 ], [ -70.63258, 41.733657 ], [ -70.639332, 41.729049 ], [ -70.63939, 41.728018 ], [ -70.640276, 41.723609 ], [ -70.642949167361891, 41.718421226513456 ], [ -70.644640712987879, 41.718980235355488 ], [ -70.651092695098413, 41.715715374796517 ], [ -70.656596, 41.715401 ], [ -70.670453, 41.721912 ], [ -70.679926295040516, 41.724182976170916 ], [ -70.681820019124444, 41.724636947281319 ], [ -70.688925399698903, 41.726340277527093 ], [ -70.708193144095958, 41.730959218265788 ], [ -70.716572841139012, 41.734758014368332 ], [ -70.718738596918016, 41.735739823683176 ], [ -70.723592716019212, 41.733816153999697 ], [ -70.724510665387228, 41.733452374015442 ], [ -70.726331322143366, 41.732730854387889 ], [ -70.728492744439166, 41.725006550191125 ], [ -70.728933019112063, 41.723433134616428 ], [ -70.721302, 41.712968 ], [ -70.717451, 41.69398 ], [ -70.719575490243855, 41.685001961391627 ], [ -70.729395297110983, 41.688140093853619 ], [ -70.743275510820212, 41.696307701785557 ], [ -70.744396477669838, 41.696967318267248 ], [ -70.752250877921014, 41.695073140813804 ], [ -70.755347380467953, 41.694326384203315 ], [ -70.755597585996355, 41.693611744626288 ], [ -70.755793140858941, 41.693053198837283 ], [ -70.75619680261903, 41.691900256009284 ], [ -70.757284662370196, 41.688793099915017 ], [ -70.761480812040134, 41.676808014516325 ], [ -70.761496994886883, 41.676640984400265 ], [ -70.762359893469338, 41.667734637293158 ], [ -70.758198, 41.661225 ], [ -70.757622, 41.654265 ], [ -70.765463, 41.641575 ], [ -70.769318, 41.641145 ], [ -70.773654, 41.645033 ], [ -70.775798, 41.649145 ], [ -70.776708795191297, 41.65075587876084 ], [ -70.776747090124701, 41.650762591426442 ], [ -70.778175403632659, 41.651012958512993 ], [ -70.788560339128352, 41.652833319399946 ], [ -70.788598778767479, 41.652840057430772 ], [ -70.788601530866529, 41.65284053984238 ], [ -70.788604709600023, 41.652841097038163 ], [ -70.802293032445746, 41.655240504095332 ], [ -70.809118308837085, 41.656436897292998 ], [ -70.812619062883456, 41.65579308076159 ], [ -70.813285642879094, 41.655670491395206 ], [ -70.815728563186852, 41.652796466957717 ], [ -70.816351267398687, 41.645994613454036 ], [ -70.804663571423077, 41.641156673091118 ], [ -70.802263775939991, 41.636083832832533 ], [ -70.800215, 41.631753 ], [ -70.801063, 41.629513 ], [ -70.801817803695897, 41.629132977305879 ], [ -70.810279, 41.624873 ], [ -70.835295988142306, 41.624532140441225 ], [ -70.84346025611174, 41.628629117064115 ], [ -70.844164776530008, 41.628982658091296 ], [ -70.852517559945767, 41.626918650702784 ], [ -70.854937223793826, 41.624380954262712 ], [ -70.855030199132756, 41.624283443533344 ], [ -70.85516207113092, 41.624145138743373 ], [ -70.854512525760256, 41.620152934279986 ], [ -70.853552953163174, 41.614255255414186 ], [ -70.850180689139606, 41.593528808741759 ], [ -70.8502818995334, 41.593315142296746 ], [ -70.850604885982676, 41.59263328182945 ], [ -70.85312114157631, 41.587321185242551 ], [ -70.857239, 41.587705 ], [ -70.859206440764382, 41.592251955470793 ], [ -70.860018836928631, 41.594129485534403 ], [ -70.861758551173708, 41.598150141885256 ], [ -70.868794444621258, 41.614410806390445 ], [ -70.868904, 41.614664 ], [ -70.86884194992372, 41.615576501121758 ], [ -70.868601546516302, 41.619111845348371 ], [ -70.86836, 41.622664 ], [ -70.869624, 41.625608 ], [ -70.869962305217541, 41.625853635619954 ], [ -70.872665, 41.627816 ], [ -70.878066065769815, 41.629477062780254 ], [ -70.882446679475322, 41.630824292140346 ], [ -70.889209, 41.632904 ], [ -70.895492552603201, 41.629332343418632 ], [ -70.904885308395819, 41.62399337354568 ], [ -70.905764698022892, 41.62349351654634 ], [ -70.905764828670854, 41.623493442284236 ], [ -70.913202466307737, 41.619265788106311 ], [ -70.91181038750365, 41.617837744878024 ], [ -70.909834847664882, 41.615811166870614 ], [ -70.907250933901722, 41.6131604975687 ], [ -70.905392432542513, 41.611253981735715 ], [ -70.90452224754479, 41.610361315465873 ], [ -70.903548234630193, 41.606745735648445 ], [ -70.899981, 41.593504 ], [ -70.901381, 41.592504 ], [ -70.910814181488377, 41.595505894708531 ], [ -70.912218375690571, 41.598422299077995 ], [ -70.916580874331103, 41.607482876366582 ], [ -70.917054339435623, 41.60793379544441 ], [ -70.918526935928867, 41.609336268079367 ], [ -70.920074162125516, 41.610809816611486 ], [ -70.923491306142722, 41.611023387465842 ], [ -70.9250312428466, 41.611119633218465 ], [ -70.926148894051565, 41.61118948620723 ], [ -70.927171633215281, 41.611253407211393 ], [ -70.929722285612158, 41.60947903836442 ], [ -70.929751180635918, 41.608537061552873 ], [ -70.930982, 41.608404 ], [ -70.931682, 41.608304 ], [ -70.931982, 41.608204 ], [ -70.932682, 41.611204 ], [ -70.934182, 41.610204 ], [ -70.934382, 41.610904 ], [ -70.935382, 41.613004 ], [ -70.937282, 41.615004 ], [ -70.941258, 41.616888 ], [ -70.94257, 41.617528 ], [ -70.944982, 41.618704 ], [ -70.947882, 41.620104 ], [ -70.952083, 41.623904 ], [ -70.953083, 41.626004 ], [ -70.953883, 41.627503 ], [ -70.958283, 41.634703 ], [ -70.958483, 41.635103 ], [ -70.959383, 41.636803 ], [ -70.959883, 41.640003 ], [ -70.968883, 41.648503 ], [ -70.970483, 41.654303 ], [ -70.972184, 41.660503 ], [ -70.977184, 41.678603 ], [ -70.977184, 41.678903 ], [ -70.975984, 41.684803 ], [ -70.965484, 41.733902 ], [ -70.97014, 41.732086 ], [ -70.982765, 41.725862 ], [ -70.993373, 41.720694 ], [ -71.015285, 41.710402 ], [ -71.041486, 41.698002 ], [ -71.069987, 41.684502 ], [ -71.076387, 41.686102 ], [ -71.100487, 41.692002 ], [ -71.105388, 41.692902 ], [ -71.114688, 41.693302 ], [ -71.117988, 41.680802 ], [ -71.118188, 41.680402 ], [ -71.119773, 41.680566 ], [ -71.120488, 41.681202 ], [ -71.120988, 41.682902 ], [ -71.121288, 41.683702 ], [ -71.121988, 41.689002 ], [ -71.126988, 41.689702 ], [ -71.130788, 41.690402 ], [ -71.130788, 41.692302 ], [ -71.130888, 41.693402 ], [ -71.133588, 41.694102 ], [ -71.133788, 41.694102 ], [ -71.134988, 41.691002 ], [ -71.135988, 41.691902 ], [ -71.137089, 41.689502 ], [ -71.138389, 41.689902 ], [ -71.139389, 41.688702 ], [ -71.140389, 41.688102 ], [ -71.143589, 41.685702 ], [ -71.148689, 41.686802 ], [ -71.153589, 41.687902 ], [ -71.152389, 41.691202 ], [ -71.157589, 41.692202 ], [ -71.156489, 41.693202 ], [ -71.156189, 41.695602 ], [ -71.155289, 41.696802 ], [ -71.157389, 41.697802 ], [ -71.158989, 41.698202 ], [ -71.159989, 41.697602 ], [ -71.160689, 41.697202 ], [ -71.160389, 41.697902 ], [ -71.161989, 41.698202 ], [ -71.162289, 41.697402 ], [ -71.164289, 41.697702 ], [ -71.165389, 41.697802 ], [ -71.165189, 41.698702 ], [ -71.164689, 41.700502 ], [ -71.164989, 41.700602 ], [ -71.165989, 41.700302 ], [ -71.165889, 41.700802 ], [ -71.165089, 41.701902 ], [ -71.164589, 41.702302 ], [ -71.162489, 41.704502 ], [ -71.168889, 41.707802 ], [ -71.162899, 41.715375 ], [ -71.162713, 41.71561 ], [ -71.158289, 41.721202 ], [ -71.155289, 41.723802 ], [ -71.151972, 41.72712 ], [ -71.149183, 41.729908 ], [ -71.147011, 41.732081 ], [ -71.140489, 41.738602 ], [ -71.13581, 41.744477 ], [ -71.13171, 41.751818 ], [ -71.129382, 41.759904 ], [ -71.123989, 41.766701 ], [ -71.117189, 41.773801 ], [ -71.114489, 41.778801 ], [ -71.11961, 41.790968 ], [ -71.133389, 41.790901 ], [ -71.15439, 41.790201 ], [ -71.164933, 41.789982 ], [ -71.17119, 41.789801 ], [ -71.173911, 41.803097 ], [ -71.175891, 41.812301 ], [ -71.176591, 41.815801 ], [ -71.193191, 41.816701 ], [ -71.19328, 41.814452 ], [ -71.187691, 41.783901 ], [ -71.222691, 41.780801 ], [ -71.239192, 41.779001 ], [ -71.253192, 41.778201 ], [ -71.280539, 41.775226 ], [ -71.280894, 41.775201 ], [ -71.281848, 41.774933 ], [ -71.281994, 41.774901 ], [ -71.290299, 41.775092 ], [ -71.290994, 41.782101 ], [ -71.293895, 41.811 ], [ -71.296095, 41.8336 ], [ -71.296695, 41.8395 ], [ -71.299496, 41.8681 ], [ -71.297196, 41.8698 ], [ -71.297696, 41.8715 ], [ -71.300496, 41.8762 ], [ -71.303297, 41.902599 ], [ -71.268695, 41.9062 ], [ -71.255195, 41.9077 ], [ -71.223494, 41.9107 ], [ -71.206893, 41.9084 ], [ -71.236095, 41.943699 ], [ -71.237695, 41.945599 ], [ -71.238295, 41.946338 ], [ -71.244595, 41.953999 ], [ -71.256496, 41.968799 ], [ -71.258996, 41.971599 ], [ -71.248396, 41.976799 ], [ -71.235195, 41.982199 ], [ -71.211195, 41.991999 ], [ -71.206674, 41.99385 ], [ -71.191394, 42.000099 ], [ -71.197094, 42.006499 ], [ -71.214495, 42.025199 ], [ -71.216251, 42.027055 ], [ -71.216295, 42.027099 ], [ -71.214795, 42.027399 ], [ -71.215495, 42.029299 ], [ -71.215095, 42.029299 ], [ -71.215595, 42.033599 ], [ -71.218496, 42.033499 ], [ -71.217896, 42.035099 ], [ -71.216096, 42.041199 ], [ -71.216116, 42.042885 ], [ -71.215616, 42.043082 ], [ -71.218042, 42.046523 ], [ -71.220648, 42.049053 ], [ -71.222413, 42.052508 ], [ -71.223686, 42.052 ], [ -71.231804, 42.060084 ], [ -71.228433, 42.065346 ], [ -71.230057, 42.065156 ], [ -71.240098, 42.064548 ], [ -71.240381, 42.06546 ], [ -71.239672, 42.067446 ], [ -71.240448, 42.069198 ], [ -71.242867, 42.070234 ], [ -71.246223, 42.067962 ], [ -71.250903, 42.076058 ], [ -71.252219, 42.075982 ], [ -71.256916, 42.075826 ], [ -71.257389, 42.077331 ], [ -71.259553, 42.08284 ], [ -71.260895, 42.08271 ], [ -71.269864, 42.07891 ], [ -71.270309, 42.076779 ], [ -71.270536, 42.076804 ], [ -71.27856, 42.077677 ], [ -71.282218, 42.079928 ], [ -71.283024, 42.080421 ], [ -71.285091, 42.082669 ], [ -71.284863, 42.083037 ], [ -71.303523, 42.087713 ], [ -71.315465, 42.090752 ], [ -71.317606, 42.090725 ], [ -71.32438, 42.090647 ], [ -71.359046, 42.090313 ], [ -71.364156, 42.100751 ], [ -71.36555, 42.103635 ], [ -71.367047, 42.106654 ], [ -71.367581, 42.107794 ], [ -71.379479, 42.126835 ], [ -71.381281, 42.130253 ], [ -71.380294, 42.132751 ], [ -71.37828, 42.133457 ], [ -71.378881, 42.133648 ], [ -71.379585, 42.134969 ], [ -71.379286, 42.135931 ], [ -71.377549, 42.135383 ], [ -71.37562, 42.135657 ], [ -71.377796, 42.139478 ], [ -71.380426, 42.143389 ], [ -71.385164, 42.15118 ], [ -71.388864, 42.157127 ], [ -71.402185, 42.17864 ], [ -71.403026, 42.182464 ], [ -71.404378, 42.18821 ], [ -71.38463, 42.191932 ], [ -71.384246, 42.192648 ], [ -71.379549, 42.201709 ], [ -71.388119, 42.204296 ], [ -71.388256, 42.208003 ], [ -71.389479, 42.2086 ], [ -71.39155, 42.209623 ], [ -71.393778, 42.207128 ], [ -71.396741, 42.207709 ], [ -71.396736, 42.208413 ], [ -71.398522, 42.211217 ], [ -71.403761, 42.214338 ], [ -71.401731, 42.215171 ], [ -71.407079, 42.218064 ], [ -71.40875, 42.218512 ], [ -71.409902, 42.218163 ], [ -71.408529, 42.2209 ], [ -71.408843, 42.224304 ], [ -71.409899, 42.226239 ], [ -71.412247, 42.228065 ], [ -71.413271, 42.234732 ], [ -71.417161, 42.237684 ], [ -71.419864, 42.237932 ], [ -71.418005, 42.246818 ], [ -71.418906, 42.257297 ], [ -71.416784, 42.257679 ], [ -71.408305, 42.259297 ], [ -71.397405, 42.261597 ], [ -71.393289, 42.267235 ], [ -71.390105, 42.271697 ], [ -71.386938, 42.271181 ], [ -71.381318, 42.270276 ], [ -71.360886, 42.264638 ], [ -71.356508, 42.263329 ], [ -71.355814, 42.2595 ], [ -71.353809, 42.257484 ], [ -71.350491, 42.255687 ], [ -71.341503, 42.253298 ], [ -71.341916, 42.250101 ], [ -71.336003, 42.248598 ], [ -71.332158, 42.247304 ], [ -71.332103, 42.248698 ], [ -71.302575, 42.248054 ], [ -71.305302, 42.259798 ], [ -71.308201, 42.270897 ], [ -71.313968, 42.280841 ], [ -71.321205, 42.293598 ], [ -71.323802, 42.299096 ], [ -71.326003, 42.304297 ], [ -71.329502, 42.312896 ], [ -71.327102, 42.313696 ], [ -71.316902, 42.316196 ], [ -71.311602, 42.317796 ], [ -71.306002, 42.319096 ], [ -71.291801, 42.322596 ], [ -71.281701, 42.325196 ], [ -71.2699, 42.327996 ], [ -71.2697, 42.329596 ], [ -71.2702, 42.330896 ], [ -71.2691, 42.331096 ], [ -71.2678, 42.330596 ], [ -71.2647, 42.331796 ], [ -71.2643, 42.334296 ], [ -71.2602, 42.334796 ], [ -71.2582, 42.336896 ], [ -71.2572, 42.337596 ], [ -71.2559, 42.339996 ], [ -71.2596, 42.341096 ], [ -71.262102, 42.341504 ], [ -71.2611, 42.344596 ], [ -71.2607, 42.347596 ], [ -71.2586, 42.349396 ], [ -71.2586, 42.350096 ], [ -71.26, 42.353596 ], [ -71.2565, 42.355796 ], [ -71.256083, 42.354917 ], [ -71.2557, 42.353996 ], [ -71.2537, 42.355096 ], [ -71.252698, 42.356034 ], [ -71.2509, 42.356596 ], [ -71.250058, 42.356842 ], [ -71.244874, 42.358335 ], [ -71.243, 42.358896 ], [ -71.23944, 42.359925 ], [ -71.2365, 42.360796 ], [ -71.231106, 42.362441 ], [ -71.226771, 42.36387 ], [ -71.226352, 42.364 ], [ -71.217399, 42.366696 ] ] ] ] } },
{ "type": "Feature", "properties": { "DISTRICT": "5", "STARTCONG": "103", "ENDCONG": "107", "BESTDEC": "Massachusetts_CD_1992_2000", "ST": "25", "STA": "MA", "ELECT_YEAR": "1992-2000", "TYPE": "US Cong" }, "geometry": { "type": "Polygon", "coordinates": [ [ [ -71.075961, 42.604092 ], [ -71.089189, 42.602927 ], [ -71.099652, 42.60203 ], [ -71.110909, 42.601106 ], [ -71.121189, 42.60025 ], [ -71.13529, 42.599061 ], [ -71.143073, 42.60408 ], [ -71.145739, 42.60827 ], [ -71.148617, 42.613251 ], [ -71.154336, 42.615277 ], [ -71.155968, 42.615043 ], [ -71.158622, 42.612943 ], [ -71.159246, 42.607838 ], [ -71.160706, 42.605215 ], [ -71.163662, 42.602135 ], [ -71.165017, 42.597965 ], [ -71.165326, 42.597763 ], [ -71.168566, 42.595969 ], [ -71.175357, 42.59227 ], [ -71.180627, 42.583672 ], [ -71.184164, 42.577906 ], [ -71.188107, 42.571495 ], [ -71.188418, 42.571012 ], [ -71.188587, 42.570751 ], [ -71.190926, 42.567123 ], [ -71.1927, 42.564293 ], [ -71.197898, 42.566969 ], [ -71.199236, 42.567583 ], [ -71.203634, 42.569602 ], [ -71.203929, 42.569736 ], [ -71.210615, 42.5728 ], [ -71.211153, 42.573048 ], [ -71.212583, 42.572451 ], [ -71.213161, 42.57141 ], [ -71.214939, 42.570452 ], [ -71.214847, 42.567819 ], [ -71.214727, 42.564527 ], [ -71.215518, 42.562731 ], [ -71.218611, 42.561351 ], [ -71.211334, 42.556135 ], [ -71.209177, 42.553997 ], [ -71.210225, 42.552615 ], [ -71.210539, 42.547871 ], [ -71.21234, 42.547459 ], [ -71.209732, 42.546142 ], [ -71.206212, 42.545556 ], [ -71.205041, 42.544467 ], [ -71.211513, 42.534021 ], [ -71.212268, 42.532848 ], [ -71.215775, 42.527402 ], [ -71.220425, 42.52462 ], [ -71.22159, 42.524891 ], [ -71.226683, 42.516001 ], [ -71.227687, 42.51406 ], [ -71.231635, 42.506544 ], [ -71.232764, 42.508089 ], [ -71.237387, 42.51205 ], [ -71.239952, 42.519383 ], [ -71.241792, 42.520529 ], [ -71.242588, 42.519761 ], [ -71.249501, 42.525137 ], [ -71.252236, 42.52395 ], [ -71.254369, 42.522429 ], [ -71.256577, 42.523896 ], [ -71.263925, 42.523978 ], [ -71.266984, 42.524561 ], [ -71.269579, 42.525051 ], [ -71.270209, 42.52517 ], [ -71.276121, 42.526285 ], [ -71.283324, 42.525504 ], [ -71.302629, 42.520207 ], [ -71.306328, 42.52048 ], [ -71.306664, 42.517137 ], [ -71.306071, 42.514354 ], [ -71.314443, 42.508976 ], [ -71.31656, 42.507049 ], [ -71.31743, 42.50561 ], [ -71.318032, 42.503974 ], [ -71.317464, 42.502193 ], [ -71.319165, 42.48883 ], [ -71.317067, 42.483876 ], [ -71.318147, 42.482839 ], [ -71.320933, 42.482119 ], [ -71.321165, 42.480348 ], [ -71.320181, 42.48032 ], [ -71.318623, 42.478514 ], [ -71.316938, 42.476561 ], [ -71.313758, 42.474096 ], [ -71.309385, 42.47634 ], [ -71.306445, 42.474339 ], [ -71.30515, 42.474599 ], [ -71.304219, 42.474694 ], [ -71.298766, 42.472866 ], [ -71.289404, 42.466068 ], [ -71.287255, 42.464324 ], [ -71.289314, 42.464011 ], [ -71.286926, 42.461452 ], [ -71.283091, 42.458481 ], [ -71.284391, 42.457733 ], [ -71.285713, 42.453548 ], [ -71.284635, 42.449217 ], [ -71.284881, 42.449128 ], [ -71.284701, 42.44841 ], [ -71.286436, 42.448471 ], [ -71.291048, 42.450765 ], [ -71.293254, 42.451066 ], [ -71.292908, 42.453255 ], [ -71.297818, 42.45518 ], [ -71.301794, 42.452234 ], [ -71.304099, 42.452509 ], [ -71.304536, 42.452555 ], [ -71.309676, 42.453025 ], [ -71.313335, 42.454859 ], [ -71.319935, 42.449648 ], [ -71.333269, 42.439051 ], [ -71.33578, 42.437059 ], [ -71.351846, 42.427093 ], [ -71.355026, 42.421817 ], [ -71.356664, 42.419592 ], [ -71.36059, 42.421049 ], [ -71.3644, 42.420236 ], [ -71.364793, 42.418541 ], [ -71.364185, 42.415658 ], [ -71.365654, 42.413324 ], [ -71.3668, 42.412651 ], [ -71.354358, 42.407799 ], [ -71.351941, 42.406821 ], [ -71.340763, 42.402505 ], [ -71.338078, 42.401432 ], [ -71.335314, 42.400338 ], [ -71.334004, 42.396196 ], [ -71.335404, 42.393596 ], [ -71.334821, 42.386081 ], [ -71.332707, 42.367817 ], [ -71.332069, 42.361688 ], [ -71.328603, 42.331697 ], [ -71.329355, 42.331802 ], [ -71.334005, 42.331535 ], [ -71.337504, 42.324897 ], [ -71.339504, 42.321797 ], [ -71.341795, 42.31912 ], [ -71.345604, 42.314597 ], [ -71.354704, 42.317097 ], [ -71.358804, 42.317196 ], [ -71.362704, 42.315896 ], [ -71.369803, 42.310895 ], [ -71.373304, 42.309895 ], [ -71.37736, 42.314447 ], [ -71.381415, 42.327943 ], [ -71.381605, 42.328496 ], [ -71.388404, 42.336295 ], [ -71.389304, 42.337395 ], [ -71.393904, 42.335695 ], [ -71.394604, 42.336695 ], [ -71.394805, 42.338996 ], [ -71.396605, 42.340896 ], [ -71.402306, 42.341796 ], [ -71.406393, 42.342299 ], [ -71.407362, 42.34244 ], [ -71.415306, 42.343596 ], [ -71.42463, 42.344819 ], [ -71.428425, 42.345372 ], [ -71.437094, 42.34653 ], [ -71.483018, 42.352651 ], [ -71.486608, 42.330095 ], [ -71.486485, 42.329783 ], [ -71.485007, 42.320994 ], [ -71.485407, 42.316994 ], [ -71.486208, 42.310395 ], [ -71.489708, 42.303495 ], [ -71.493017, 42.29722 ], [ -71.496833, 42.289841 ], [ -71.491079, 42.288203 ], [ -71.460599, 42.278927 ], [ -71.44675, 42.271751 ], [ -71.445606, 42.271095 ], [ -71.444493, 42.270469 ], [ -71.436758, 42.266449 ], [ -71.430906, 42.263396 ], [ -71.429006, 42.262396 ], [ -71.423443, 42.259542 ], [ -71.421073, 42.258435 ], [ -71.418906, 42.257297 ], [ -71.418005, 42.246818 ], [ -71.419864, 42.237932 ], [ -71.439539, 42.234901 ], [ -71.445808, 42.233971 ], [ -71.458414, 42.232046 ], [ -71.466752, 42.230417 ], [ -71.466918, 42.230622 ], [ -71.474366, 42.229459 ], [ -71.484996, 42.230943 ], [ -71.486047, 42.231092 ], [ -71.4859, 42.241213 ], [ -71.485742, 42.246851 ], [ -71.517826, 42.253914 ], [ -71.518232, 42.254007 ], [ -71.52262, 42.254967 ], [ -71.52216, 42.266342 ], [ -71.52576, 42.265945 ], [ -71.53234, 42.266142 ], [ -71.540468, 42.262766 ], [ -71.548901, 42.265806 ], [ -71.550005, 42.266014 ], [ -71.549109, 42.26627 ], [ -71.541124, 42.26771 ], [ -71.546261, 42.273038 ], [ -71.562629, 42.288942 ], [ -71.580294, 42.306094 ], [ -71.58535, 42.311182 ], [ -71.592502, 42.317901 ], [ -71.59735, 42.321149 ], [ -71.605303, 42.330429 ], [ -71.60391, 42.332029 ], [ -71.604135, 42.335357 ], [ -71.604359, 42.336941 ], [ -71.610775, 42.338685 ], [ -71.617655, 42.342189 ], [ -71.625975, 42.349837 ], [ -71.624839, 42.350461 ], [ -71.610055, 42.357693 ], [ -71.605879, 42.363549 ], [ -71.605623, 42.363885 ], [ -71.603063, 42.367501 ], [ -71.607911, 42.370493 ], [ -71.598295, 42.375997 ], [ -71.588022, 42.382365 ], [ -71.584374, 42.384541 ], [ -71.584102, 42.384765 ], [ -71.58095, 42.386749 ], [ -71.580214, 42.387181 ], [ -71.602423, 42.396956 ], [ -71.603927, 42.39774 ], [ -71.604183, 42.39782 ], [ -71.606295, 42.398716 ], [ -71.607767, 42.399452 ], [ -71.609063, 42.399964 ], [ -71.629768, 42.409244 ], [ -71.660456, 42.418252 ], [ -71.66012, 42.419324 ], [ -71.658056, 42.42574 ], [ -71.657889, 42.42903 ], [ -71.656862, 42.431698 ], [ -71.653141, 42.441537 ], [ -71.659604, 42.442681 ], [ -71.65962, 42.444327 ], [ -71.658578, 42.444747 ], [ -71.658283, 42.446311 ], [ -71.66632, 42.44512 ], [ -71.672029, 42.444778 ], [ -71.669692, 42.447069 ], [ -71.673933, 42.451255 ], [ -71.676713, 42.448507 ], [ -71.679689, 42.447707 ], [ -71.683673, 42.445483 ], [ -71.689785, 42.447611 ], [ -71.689689, 42.448603 ], [ -71.688393, 42.453499 ], [ -71.687497, 42.467051 ], [ -71.683273, 42.472587 ], [ -71.683449, 42.473851 ], [ -71.682489, 42.473099 ], [ -71.680537, 42.475611 ], [ -71.678425, 42.474843 ], [ -71.677593, 42.476187 ], [ -71.684537, 42.479931 ], [ -71.685529, 42.481019 ], [ -71.685881, 42.480379 ], [ -71.683737, 42.479195 ], [ -71.685865, 42.477707 ], [ -71.686585, 42.475275 ], [ -71.691594, 42.476939 ], [ -71.69433, 42.478395 ], [ -71.699738, 42.481851 ], [ -71.701052, 42.483543 ], [ -71.70238, 42.48439 ], [ -71.711367, 42.487762 ], [ -71.717314, 42.489091 ], [ -71.719614, 42.490891 ], [ -71.723615, 42.490991 ], [ -71.724215, 42.490991 ], [ -71.723415, 42.494291 ], [ -71.716715, 42.51889 ], [ -71.712314, 42.52119 ], [ -71.702214, 42.53379 ], [ -71.678614, 42.53029 ], [ -71.675414, 42.54979 ], [ -71.675414, 42.55039 ], [ -71.675414, 42.55069 ], [ -71.675314, 42.55219 ], [ -71.674814, 42.55409 ], [ -71.671914, 42.57159 ], [ -71.670914, 42.57729 ], [ -71.668014, 42.59289 ], [ -71.67354, 42.596045 ], [ -71.677614, 42.596689 ], [ -71.683214, 42.597789 ], [ -71.692215, 42.596089 ], [ -71.694215, 42.596189 ], [ -71.708715, 42.599189 ], [ -71.704415, 42.604389 ], [ -71.702715, 42.605089 ], [ -71.697315, 42.607189 ], [ -71.696715, 42.607489 ], [ -71.698715, 42.611789 ], [ -71.698815, 42.613389 ], [ -71.699915, 42.615089 ], [ -71.698415, 42.615389 ], [ -71.698415, 42.615689 ], [ -71.696677, 42.617775 ], [ -71.696515, 42.618989 ], [ -71.698015, 42.618589 ], [ -71.697448, 42.617896 ], [ -71.697915, 42.617989 ], [ -71.698915, 42.618189 ], [ -71.701215, 42.622089 ], [ -71.701215, 42.622389 ], [ -71.694015, 42.620289 ], [ -71.664614, 42.611589 ], [ -71.660414, 42.635089 ], [ -71.657914, 42.649689 ], [ -71.657714, 42.649989 ], [ -71.653314, 42.675088 ], [ -71.651714, 42.683888 ], [ -71.651314, 42.686388 ], [ -71.650545, 42.690724 ], [ -71.651617748873605, 42.705225158595553 ], [ -71.636214, 42.704888 ], [ -71.631814, 42.704788 ], [ -71.63042462596259, 42.704755074703968 ], [ -71.620209587769438, 42.704512999390104 ], [ -71.567236505324303, 42.70325764671113 ], [ -71.552916106649235, 42.702918282830282 ], [ -71.546638419835631, 42.702769514614531 ], [ -71.544780350385594, 42.702725482205004 ], [ -71.54301632163417, 42.702683678365801 ], [ -71.542421297324438, 42.702669577518186 ], [ -71.521536334638185, 42.702174647024322 ], [ -71.492919998593351, 42.701496498944998 ], [ -71.490946201699998, 42.701449724034035 ], [ -71.487906227641048, 42.701377682925532 ], [ -71.487896984903486, 42.701377463891717 ], [ -71.486884998416429, 42.701353481901478 ], [ -71.485642363992142, 42.701324034031387 ], [ -71.467709, 42.700899050332161 ], [ -71.457826744750449, 42.700664861286953 ], [ -71.44971973614382, 42.700472741921772 ], [ -71.432349470962137, 42.700061102501884 ], [ -71.432347213733337, 42.70006104901023 ], [ -71.420384602377069, 42.699777559820589 ], [ -71.388300366687247, 42.699017229680003 ], [ -71.386554060349468, 42.698975845825395 ], [ -71.368931534564865, 42.698558228350016 ], [ -71.367337840972709, 42.698520461102426 ], [ -71.36517091935346, 42.698469109534209 ], [ -71.351874, 42.698154 ], [ -71.344652000499494, 42.697832696348598 ], [ -71.330206, 42.69719 ], [ -71.316639487129109, 42.697114632577595 ], [ -71.313067520670529, 42.6970947888707 ], [ -71.313065188162298, 42.69709477591266 ], [ -71.294205, 42.69699 ], [ -71.288637405812807, 42.702190211695694 ], [ -71.278929, 42.711258 ], [ -71.275363829961847, 42.71598999999987 ], [ -71.275359244928623, 42.715996085649891 ], [ -71.267905, 42.72589 ], [ -71.255951556713853, 42.736093187078097 ], [ -71.255907187679313, 42.73613105947603 ], [ -71.255605, 42.736389 ], [ -71.245504, 42.742589 ], [ -71.233404, 42.745489 ], [ -71.223904, 42.746689 ], [ -71.216262847429917, 42.745036077943574 ], [ -71.208590026412622, 42.743376305418721 ], [ -71.208302, 42.743314 ], [ -71.208227, 42.743294 ], [ -71.208137, 42.743273 ], [ -71.200263478358181, 42.741573857314094 ], [ -71.200246948230713, 42.741570290035533 ], [ -71.196969691135209, 42.740863042671947 ], [ -71.194618797847269, 42.740355708937756 ], [ -71.193798859867769, 42.740178762498211 ], [ -71.181803, 42.73759 ], [ -71.182909830507683, 42.751254634533254 ], [ -71.183066560718004, 42.753189583948966 ], [ -71.184087211220614, 42.765790263102311 ], [ -71.186104, 42.790689 ], [ -71.184182292183294, 42.792479155986804 ], [ -71.182306825674488, 42.794226236146308 ], [ -71.156703, 42.777689 ], [ -71.153303, 42.775589 ], [ -71.130774, 42.760931 ], [ -71.127902, 42.75499 ], [ -71.120202, 42.74849 ], [ -71.116062, 42.74192 ], [ -71.115603, 42.741191 ], [ -71.120037, 42.735788 ], [ -71.125838, 42.729892 ], [ -71.134203, 42.721391 ], [ -71.133802, 42.713591 ], [ -71.135102, 42.708791 ], [ -71.136802, 42.707391 ], [ -71.136802, 42.706491 ], [ -71.138602, 42.704491 ], [ -71.139802, 42.703691 ], [ -71.140742, 42.70235 ], [ -71.141902, 42.700191 ], [ -71.144902, 42.698991 ], [ -71.145702, 42.698591 ], [ -71.144202, 42.697291 ], [ -71.143201, 42.696191 ], [ -71.142601, 42.694591 ], [ -71.142201, 42.693791 ], [ -71.137801, 42.692291 ], [ -71.139301, 42.684491 ], [ -71.133501, 42.679391 ], [ -71.134401, 42.676791 ], [ -71.129001, 42.674591 ], [ -71.126701, 42.671591 ], [ -71.1189, 42.661092 ], [ -71.1167, 42.657492 ], [ -71.093399, 42.627292 ], [ -71.088799, 42.620893 ], [ -71.085999, 42.616893 ], [ -71.079799, 42.608193 ], [ -71.075961, 42.604092 ] ] ] } },
{ "type": "Feature", "properties": { "DISTRICT": "6", "STARTCONG": "103", "ENDCONG": "107", "BESTDEC": "Massachusetts_CD_1992_2000", "ST": "25", "STA": "MA", "ELECT_YEAR": "1992-2000", "TYPE": "US Cong" }, "geometry": { "type": "Polygon", "coordinates": [ [ [ -70.914899, 42.886589 ], [ -70.914886, 42.886564 ], [ -70.902768, 42.88653 ], [ -70.886136, 42.88261 ], [ -70.883734082884615, 42.881222355154271 ], [ -70.883714609491804, 42.881211104910534 ], [ -70.873075405253701, 42.875064582689163 ], [ -70.849506884368978, 42.861448485648481 ], [ -70.848625, 42.860939 ], [ -70.837376, 42.864996 ], [ -70.830795, 42.868918 ], [ -70.824737568118607, 42.870905825529924 ], [ -70.824689373178202, 42.87092164133017 ], [ -70.824231519828501, 42.871071891897614 ], [ -70.824205782171958, 42.871080338046433 ], [ -70.821769, 42.87188 ], [ -70.817296, 42.87229 ], [ -70.817299060819266, 42.872137472691122 ], [ -70.817731, 42.850613 ], [ -70.816320488697642, 42.842854680499535 ], [ -70.814801832830497, 42.834501526994728 ], [ -70.813475035929827, 42.827203666814086 ], [ -70.811979829658753, 42.818979494522203 ], [ -70.810659323625202, 42.811716236373478 ], [ -70.810591427997693, 42.811342786001177 ], [ -70.810584112543296, 42.811302548370833 ], [ -70.80522, 42.781798 ], [ -70.794073785657972, 42.750505948402704 ], [ -70.792867, 42.747118 ], [ -70.783865150768875, 42.731363015913658 ], [ -70.772267, 42.711064 ], [ -70.770453, 42.704824 ], [ -70.778552232802667, 42.698519943895853 ], [ -70.778636906637757, 42.695031385565954 ], [ -70.778671110181278, 42.693622201057345 ], [ -70.764421, 42.68565 ], [ -70.748752, 42.683878 ], [ -70.744427, 42.682092 ], [ -70.72982, 42.669602 ], [ -70.728845, 42.663877 ], [ -70.726354818775349, 42.663210434744535 ], [ -70.689402, 42.653319 ], [ -70.684715082377949, 42.65414926184669 ], [ -70.682594, 42.654525 ], [ -70.681594, 42.662342 ], [ -70.67204169575966, 42.670420117866101 ], [ -70.663548, 42.677603 ], [ -70.645101, 42.689423 ], [ -70.640229759305626, 42.690485179480504 ], [ -70.630077, 42.692699 ], [ -70.620031, 42.688006 ], [ -70.622864, 42.67599 ], [ -70.623599949141664, 42.667857413743739 ], [ -70.623739197239843, 42.666318656368709 ], [ -70.623815, 42.665481 ], [ -70.622791, 42.660873 ], [ -70.62149050336842, 42.6603471562359 ], [ -70.62040684086287, 42.659908987341794 ], [ -70.615211250787738, 42.657808198631145 ], [ -70.615203558911659, 42.657805088492353 ], [ -70.61482, 42.65765 ], [ -70.607829007383259, 42.658620629906345 ], [ -70.599635133600046, 42.659758267918441 ], [ -70.59657441682711, 42.660183218050349 ], [ -70.595483781571104, 42.660334641926028 ], [ -70.595474, 42.660336 ], [ -70.591742, 42.648508 ], [ -70.591469, 42.639821 ], [ -70.594014, 42.63503 ], [ -70.597824286201828, 42.634986630354504 ], [ -70.605611, 42.634898 ], [ -70.618110181808362, 42.628791365621289 ], [ -70.61842, 42.62864 ], [ -70.618483799650349, 42.628534759298823 ], [ -70.619174903879724, 42.627394748447699 ], [ -70.619723601089291, 42.626489645069299 ], [ -70.62645844580598, 42.615380183238344 ], [ -70.630044872769858, 42.609464193317159 ], [ -70.635635, 42.600243 ], [ -70.635853529322389, 42.60003686682554 ], [ -70.654727, 42.582234 ], [ -70.664887, 42.580436 ], [ -70.668022372408501, 42.581731537249993 ], [ -70.668115443356712, 42.585361385392972 ], [ -70.668487734364021, 42.589642743700516 ], [ -70.670442271170486, 42.592248789769783 ], [ -70.672582949873373, 42.594296393917219 ], [ -70.674428282803404, 42.594513492218333 ], [ -70.675747434257218, 42.594668686728191 ], [ -70.678818844085612, 42.594389466669071 ], [ -70.681428263118335, 42.59317303287051 ], [ -70.684501975855113, 42.588858013331318 ], [ -70.6875777545429, 42.586352059440394 ], [ -70.698574, 42.577393 ], [ -70.716882570419912, 42.573931236170836 ], [ -70.729688, 42.57151 ], [ -70.737044, 42.576863 ], [ -70.757283, 42.570455 ], [ -70.760595635549308, 42.569827971479945 ], [ -70.776487397312337, 42.566819917104198 ], [ -70.79402366345596, 42.563500584553481 ], [ -70.804091, 42.561595 ], [ -70.815391, 42.554195 ], [ -70.823291, 42.551495 ], [ -70.848098144717753, 42.550215317125023 ], [ -70.848492, 42.550195 ], [ -70.848892, 42.550128747819521 ], [ -70.857644279034005, 42.548679103893598 ], [ -70.860499561403472, 42.548206182186199 ], [ -70.870307936824744, 42.5465816165391 ], [ -70.871381591580842, 42.54640378661734 ], [ -70.871719102510411, 42.545209518490118 ], [ -70.872357065131368, 42.542952114780107 ], [ -70.871659103607854, 42.540616959025577 ], [ -70.871477186277104, 42.540008321891015 ], [ -70.866406155204686, 42.523042275781712 ], [ -70.866279125732802, 42.522617275846521 ], [ -70.859750963969461, 42.520441223379542 ], [ -70.857124693499941, 42.521491731567302 ], [ -70.850551905524014, 42.520618752931846 ], [ -70.842091, 42.519495 ], [ -70.839887937766065, 42.516310773958445 ], [ -70.836386007626686, 42.511249211477917 ], [ -70.836090739901536, 42.510822442245001 ], [ -70.831091, 42.503596 ], [ -70.835991, 42.490496 ], [ -70.841591, 42.487596 ], [ -70.847391, 42.491496 ], [ -70.857791, 42.490296 ], [ -70.860887418375839, 42.488670101122196 ], [ -70.870025558574682, 42.483871753453755 ], [ -70.879496497018494, 42.478898656695442 ], [ -70.879692, 42.478796 ], [ -70.886422738400086, 42.470285836861891 ], [ -70.886493, 42.470197 ], [ -70.887669081324077, 42.467764025893267 ], [ -70.887992, 42.467096 ], [ -70.887292, 42.464896 ], [ -70.894292, 42.460896 ], [ -70.902683208791203, 42.464544351648357 ], [ -70.908092, 42.466896 ], [ -70.909420748500096, 42.467048236574286 ], [ -70.917693, 42.467996 ], [ -70.921993, 42.466696 ], [ -70.928668675675681, 42.462177081081123 ], [ -70.928863333988204, 42.462045312377214 ], [ -70.930317997466375, 42.461060617099697 ], [ -70.934993, 42.457896 ], [ -70.934925477207088, 42.456668493783759 ], [ -70.934925137879972, 42.456662325108923 ], [ -70.934264120155788, 42.4446455922373 ], [ -70.933155047227643, 42.437832713046959 ], [ -70.928225789056299, 42.430986342952288 ], [ -70.92607579187181, 42.43051593073217 ], [ -70.913192, 42.427697 ], [ -70.908392, 42.425197 ], [ -70.901992, 42.420297 ], [ -70.905692, 42.416197 ], [ -70.910333820381013, 42.41648426942848 ], [ -70.923110723189794, 42.417274996614474 ], [ -70.936393, 42.418097 ], [ -70.94008849482762, 42.427815450358274 ], [ -70.943295142132143, 42.436248324465474 ], [ -70.943612019234365, 42.452092225632121 ], [ -70.944075157130158, 42.45265535751556 ], [ -70.947019610777318, 42.456235534700518 ], [ -70.948957387986383, 42.454784848561623 ], [ -70.96047013204101, 42.446166015528497 ], [ -70.960647465978184, 42.443787415213031 ], [ -70.966294, 42.443496 ], [ -70.968594, 42.444396 ], [ -70.971594, 42.442696 ], [ -70.975194, 42.436896 ], [ -70.979894, 42.432396 ], [ -70.982294, 42.431296 ], [ -70.983794, 42.431696 ], [ -70.990394, 42.434996 ], [ -70.992194, 42.434296 ], [ -70.994961, 42.431618 ], [ -70.996014, 42.431127 ], [ -70.996994, 42.430896 ], [ -70.997194, 42.431096 ], [ -71.003594, 42.429896 ], [ -71.004594, 42.430096 ], [ -71.004594, 42.431196 ], [ -71.002494, 42.431696 ], [ -71.003494, 42.432696 ], [ -71.008194, 42.434596 ], [ -71.008794, 42.433796 ], [ -71.009995, 42.433696 ], [ -71.011295, 42.436596 ], [ -71.010495, 42.437396 ], [ -71.010295, 42.438696 ], [ -71.011995, 42.439696 ], [ -71.009495, 42.441196 ], [ -71.012995, 42.443896 ], [ -71.014595, 42.445596 ], [ -71.018495, 42.450096 ], [ -71.022395, 42.446996 ], [ -71.023495, 42.446096 ], [ -71.025295, 42.444896 ], [ -71.025795, 42.445296 ], [ -71.027295, 42.446796 ], [ -71.035596, 42.456097 ], [ -71.036196, 42.456797 ], [ -71.039996, 42.460595 ], [ -71.040405, 42.461056 ], [ -71.041596, 42.462395 ], [ -71.043496, 42.464595 ], [ -71.044596, 42.465795 ], [ -71.046896, 42.468695 ], [ -71.047696, 42.469695 ], [ -71.049696, 42.471895 ], [ -71.050396, 42.472695 ], [ -71.052496, 42.474795 ], [ -71.053496, 42.475895 ], [ -71.054196, 42.476995 ], [ -71.052596, 42.485795 ], [ -71.051496, 42.486295 ], [ -71.047296, 42.487695 ], [ -71.042382, 42.492633 ], [ -71.040097, 42.495596 ], [ -71.042096, 42.497995 ], [ -71.043996, 42.500695 ], [ -71.041714, 42.502557 ], [ -71.037796, 42.503295 ], [ -71.036096, 42.505195 ], [ -71.03545, 42.506482 ], [ -71.036433, 42.509371 ], [ -71.036797, 42.511596 ], [ -71.041696, 42.519895 ], [ -71.039096, 42.523894 ], [ -71.041197, 42.525895 ], [ -71.057698, 42.523895 ], [ -71.065898, 42.524395 ], [ -71.070386, 42.52696 ], [ -71.075298, 42.530895 ], [ -71.079972, 42.52659 ], [ -71.085412, 42.535211 ], [ -71.087595, 42.538441 ], [ -71.09275, 42.538861 ], [ -71.094139, 42.536881 ], [ -71.098885, 42.532842 ], [ -71.102408, 42.527806 ], [ -71.105124, 42.536236 ], [ -71.108608, 42.536481 ], [ -71.114456, 42.535542 ], [ -71.118201, 42.531677 ], [ -71.118405, 42.531599 ], [ -71.118755, 42.531767 ], [ -71.12387, 42.539659 ], [ -71.12212, 42.539886 ], [ -71.123583, 42.542662 ], [ -71.120591, 42.544606 ], [ -71.118905, 42.547211 ], [ -71.118595, 42.547688 ], [ -71.116011, 42.54751 ], [ -71.115497, 42.548068 ], [ -71.115509, 42.549434 ], [ -71.113132, 42.550813 ], [ -71.113594, 42.553421 ], [ -71.109542, 42.553554 ], [ -71.105026, 42.553998 ], [ -71.106034, 42.558183 ], [ -71.107912, 42.56003 ], [ -71.106835, 42.561268 ], [ -71.107646, 42.564254 ], [ -71.110088, 42.561297 ], [ -71.113369, 42.560622 ], [ -71.116109, 42.561553 ], [ -71.120786, 42.560022 ], [ -71.122808, 42.558424 ], [ -71.127511, 42.554232 ], [ -71.135818, 42.552096 ], [ -71.136179, 42.551669 ], [ -71.132153, 42.536084 ], [ -71.13226, 42.531024 ], [ -71.1352, 42.529695 ], [ -71.147199, 42.524994 ], [ -71.147599, 42.524794 ], [ -71.1489, 42.524095 ], [ -71.157977, 42.520272 ], [ -71.1698, 42.515295 ], [ -71.169762, 42.514812 ], [ -71.1697, 42.513995 ], [ -71.169362, 42.507084 ], [ -71.1692, 42.506995 ], [ -71.168791, 42.497592 ], [ -71.168736, 42.49721 ], [ -71.168733, 42.495729 ], [ -71.1688, 42.490195 ], [ -71.170756, 42.489721 ], [ -71.170141, 42.488662 ], [ -71.172341, 42.485817 ], [ -71.1727, 42.485695 ], [ -71.1748, 42.485295 ], [ -71.181599, 42.483494 ], [ -71.181299, 42.482994 ], [ -71.183399, 42.481594 ], [ -71.186273, 42.480758 ], [ -71.185281, 42.479788 ], [ -71.188281, 42.479524 ], [ -71.2042, 42.465796 ], [ -71.209584, 42.470076 ], [ -71.210201, 42.470495 ], [ -71.210102, 42.469947 ], [ -71.211305, 42.466326 ], [ -71.211968, 42.466051 ], [ -71.213301, 42.467196 ], [ -71.223127, 42.475126 ], [ -71.240745, 42.489749 ], [ -71.243994, 42.488226 ], [ -71.252102, 42.484495 ], [ -71.255502, 42.479395 ], [ -71.256502, 42.478195 ], [ -71.261197, 42.476183 ], [ -71.262221, 42.474715 ], [ -71.263092, 42.473467 ], [ -71.264649, 42.471237 ], [ -71.265152, 42.470515 ], [ -71.26629, 42.468747 ], [ -71.267078, 42.467547 ], [ -71.27242, 42.459556 ], [ -71.276971, 42.460465 ], [ -71.28004, 42.459718 ], [ -71.284049, 42.46182 ], [ -71.287255, 42.464324 ], [ -71.289404, 42.466068 ], [ -71.298766, 42.472866 ], [ -71.304219, 42.474694 ], [ -71.30515, 42.474599 ], [ -71.306445, 42.474339 ], [ -71.309385, 42.47634 ], [ -71.313758, 42.474096 ], [ -71.316938, 42.476561 ], [ -71.318623, 42.478514 ], [ -71.320181, 42.48032 ], [ -71.321165, 42.480348 ], [ -71.320933, 42.482119 ], [ -71.318147, 42.482839 ], [ -71.317067, 42.483876 ], [ -71.319165, 42.48883 ], [ -71.317464, 42.502193 ], [ -71.318032, 42.503974 ], [ -71.31743, 42.50561 ], [ -71.31656, 42.507049 ], [ -71.314443, 42.508976 ], [ -71.306071, 42.514354 ], [ -71.306664, 42.517137 ], [ -71.306328, 42.52048 ], [ -71.302629, 42.520207 ], [ -71.283324, 42.525504 ], [ -71.276121, 42.526285 ], [ -71.270209, 42.52517 ], [ -71.269579, 42.525051 ], [ -71.266984, 42.524561 ], [ -71.263925, 42.523978 ], [ -71.256577, 42.523896 ], [ -71.254369, 42.522429 ], [ -71.252236, 42.52395 ], [ -71.249501, 42.525137 ], [ -71.242588, 42.519761 ], [ -71.241792, 42.520529 ], [ -71.239952, 42.519383 ], [ -71.237387, 42.51205 ], [ -71.232764, 42.508089 ], [ -71.231635, 42.506544 ], [ -71.227687, 42.51406 ], [ -71.226683, 42.516001 ], [ -71.22159, 42.524891 ], [ -71.220425, 42.52462 ], [ -71.215775, 42.527402 ], [ -71.212268, 42.532848 ], [ -71.211513, 42.534021 ], [ -71.205041, 42.544467 ], [ -71.206212, 42.545556 ], [ -71.209732, 42.546142 ], [ -71.21234, 42.547459 ], [ -71.210539, 42.547871 ], [ -71.210225, 42.552615 ], [ -71.209177, 42.553997 ], [ -71.211334, 42.556135 ], [ -71.218611, 42.561351 ], [ -71.215518, 42.562731 ], [ -71.214727, 42.564527 ], [ -71.214847, 42.567819 ], [ -71.214939, 42.570452 ], [ -71.213161, 42.57141 ], [ -71.212583, 42.572451 ], [ -71.211153, 42.573048 ], [ -71.210615, 42.5728 ], [ -71.203929, 42.569736 ], [ -71.203634, 42.569602 ], [ -71.199236, 42.567583 ], [ -71.197898, 42.566969 ], [ -71.1927, 42.564293 ], [ -71.190926, 42.567123 ], [ -71.188587, 42.570751 ], [ -71.188418, 42.571012 ], [ -71.188107, 42.571495 ], [ -71.184164, 42.577906 ], [ -71.180627, 42.583672 ], [ -71.175357, 42.59227 ], [ -71.168566, 42.595969 ], [ -71.165326, 42.597763 ], [ -71.165017, 42.597965 ], [ -71.163662, 42.602135 ], [ -71.160706, 42.605215 ], [ -71.159246, 42.607838 ], [ -71.158622, 42.612943 ], [ -71.155968, 42.615043 ], [ -71.154336, 42.615277 ], [ -71.148617, 42.613251 ], [ -71.145739, 42.60827 ], [ -71.143073, 42.60408 ], [ -71.13529, 42.599061 ], [ -71.121189, 42.60025 ], [ -71.110909, 42.601106 ], [ -71.099652, 42.60203 ], [ -71.089189, 42.602927 ], [ -71.075961, 42.604092 ], [ -71.079799, 42.608193 ], [ -71.085999, 42.616893 ], [ -71.088799, 42.620893 ], [ -71.093399, 42.627292 ], [ -71.1167, 42.657492 ], [ -71.1189, 42.661092 ], [ -71.126701, 42.671591 ], [ -71.129001, 42.674591 ], [ -71.134401, 42.676791 ], [ -71.133501, 42.679391 ], [ -71.139301, 42.684491 ], [ -71.137801, 42.692291 ], [ -71.142201, 42.693791 ], [ -71.142601, 42.694591 ], [ -71.143201, 42.696191 ], [ -71.144202, 42.697291 ], [ -71.145702, 42.698591 ], [ -71.144902, 42.698991 ], [ -71.141902, 42.700191 ], [ -71.140742, 42.70235 ], [ -71.139802, 42.703691 ], [ -71.138602, 42.704491 ], [ -71.136802, 42.706491 ], [ -71.136802, 42.707391 ], [ -71.135102, 42.708791 ], [ -71.133802, 42.713591 ], [ -71.134203, 42.721391 ], [ -71.125838, 42.729892 ], [ -71.120037, 42.735788 ], [ -71.115603, 42.741191 ], [ -71.116062, 42.74192 ], [ -71.120202, 42.74849 ], [ -71.127902, 42.75499 ], [ -71.130774, 42.760931 ], [ -71.153303, 42.775589 ], [ -71.156703, 42.777689 ], [ -71.182306825674488, 42.794226236146308 ], [ -71.178614337520358, 42.79766595248509 ], [ -71.174403, 42.801589 ], [ -71.167703, 42.807389 ], [ -71.166506000982693, 42.808129999391646 ], [ -71.165603, 42.808689 ], [ -71.149703, 42.815489 ], [ -71.147886668234307, 42.81611204403589 ], [ -71.1476951742533, 42.816177730924764 ], [ -71.132503, 42.821389 ], [ -71.115893658739509, 42.817717056967041 ], [ -71.115880077366612, 42.817714054438198 ], [ -71.101789370185784, 42.814598923425436 ], [ -71.091399015933078, 42.812301855269098 ], [ -71.077884484252351, 42.809314103396808 ], [ -71.06507577487956, 42.806482392590006 ], [ -71.064201, 42.806289 ], [ -71.053601, 42.833089 ], [ -71.047501, 42.844089 ], [ -71.044401, 42.848789 ], [ -71.034847678275469, 42.856243485891142 ], [ -71.031201, 42.859089 ], [ -71.004184525860637, 42.863222832459712 ], [ -70.997476735023554, 42.864249201902112 ], [ -70.997370968290696, 42.864265385433313 ], [ -70.989300498319778, 42.865500260515809 ], [ -70.974595590127336, 42.867750281243538 ], [ -70.9665, 42.868989 ], [ -70.962621298000016, 42.87058074522858 ], [ -70.95565251892566, 42.873440599076822 ], [ -70.9553, 42.87358526611181 ], [ -70.949199, 42.876089 ], [ -70.931699, 42.884189 ], [ -70.930799, 42.884589 ], [ -70.927629, 42.885326 ], [ -70.914899, 42.886589 ] ] ] } },
{ "type": "Feature", "properties": { "DISTRICT": "7", "STARTCONG": "103", "ENDCONG": "107", "BESTDEC": "Massachusetts_CD_1992_2000", "ST": "25", "STA": "MA", "ELECT_YEAR": "1992-2000", "TYPE": "US Cong" }, "geometry": { "type": "Polygon", "coordinates": [ [ [ -71.136179, 42.551669 ], [ -71.135818, 42.552096 ], [ -71.127511, 42.554232 ], [ -71.122808, 42.558424 ], [ -71.120786, 42.560022 ], [ -71.116109, 42.561553 ], [ -71.113369, 42.560622 ], [ -71.110088, 42.561297 ], [ -71.107646, 42.564254 ], [ -71.106835, 42.561268 ], [ -71.107912, 42.56003 ], [ -71.106034, 42.558183 ], [ -71.105026, 42.553998 ], [ -71.109542, 42.553554 ], [ -71.113594, 42.553421 ], [ -71.113132, 42.550813 ], [ -71.115509, 42.549434 ], [ -71.115497, 42.548068 ], [ -71.116011, 42.54751 ], [ -71.118595, 42.547688 ], [ -71.118905, 42.547211 ], [ -71.120591, 42.544606 ], [ -71.123583, 42.542662 ], [ -71.12212, 42.539886 ], [ -71.12387, 42.539659 ], [ -71.118755, 42.531767 ], [ -71.118405, 42.531599 ], [ -71.118201, 42.531677 ], [ -71.114456, 42.535542 ], [ -71.108608, 42.536481 ], [ -71.105124, 42.536236 ], [ -71.102408, 42.527806 ], [ -71.098885, 42.532842 ], [ -71.094139, 42.536881 ], [ -71.09275, 42.538861 ], [ -71.087595, 42.538441 ], [ -71.085412, 42.535211 ], [ -71.079972, 42.52659 ], [ -71.075298, 42.530895 ], [ -71.070386, 42.52696 ], [ -71.065898, 42.524395 ], [ -71.057698, 42.523895 ], [ -71.041197, 42.525895 ], [ -71.039096, 42.523894 ], [ -71.041696, 42.519895 ], [ -71.036797, 42.511596 ], [ -71.036433, 42.509371 ], [ -71.03545, 42.506482 ], [ -71.036096, 42.505195 ], [ -71.037796, 42.503295 ], [ -71.041714, 42.502557 ], [ -71.043996, 42.500695 ], [ -71.042096, 42.497995 ], [ -71.040097, 42.495596 ], [ -71.042382, 42.492633 ], [ -71.047296, 42.487695 ], [ -71.051496, 42.486295 ], [ -71.052596, 42.485795 ], [ -71.054196, 42.476995 ], [ -71.053496, 42.475895 ], [ -71.052496, 42.474795 ], [ -71.050396, 42.472695 ], [ -71.049696, 42.471895 ], [ -71.047696, 42.469695 ], [ -71.046896, 42.468695 ], [ -71.044596, 42.465795 ], [ -71.043496, 42.464595 ], [ -71.041596, 42.462395 ], [ -71.040405, 42.461056 ], [ -71.039996, 42.460595 ], [ -71.036196, 42.456797 ], [ -71.035596, 42.456097 ], [ -71.027295, 42.446796 ], [ -71.025795, 42.445296 ], [ -71.025295, 42.444896 ], [ -71.023495, 42.446096 ], [ -71.022395, 42.446996 ], [ -71.018495, 42.450096 ], [ -71.014595, 42.445596 ], [ -71.012995, 42.443896 ], [ -71.009495, 42.441196 ], [ -71.011995, 42.439696 ], [ -71.010295, 42.438696 ], [ -71.010495, 42.437396 ], [ -71.011295, 42.436596 ], [ -71.009995, 42.433696 ], [ -71.008794, 42.433796 ], [ -71.008194, 42.434596 ], [ -71.003494, 42.432696 ], [ -71.002494, 42.431696 ], [ -71.004594, 42.431196 ], [ -71.004594, 42.430096 ], [ -71.003594, 42.429896 ], [ -70.997194, 42.431096 ], [ -70.996994, 42.430896 ], [ -70.996014, 42.431127 ], [ -70.994961, 42.431618 ], [ -70.992194, 42.434296 ], [ -70.990394, 42.434996 ], [ -70.983794, 42.431696 ], [ -70.982294, 42.431296 ], [ -70.979894, 42.432396 ], [ -70.975194, 42.436896 ], [ -70.971594, 42.442696 ], [ -70.968594, 42.444396 ], [ -70.966294, 42.443496 ], [ -70.960647465978184, 42.443787415213031 ], [ -70.960835, 42.441272 ], [ -70.96828432185464, 42.435464225084139 ], [ -70.982994, 42.423996 ], [ -70.983731657852175, 42.42285027610194 ], [ -70.986814007623735, 42.41806279666951 ], [ -70.987694, 42.416696 ], [ -70.990595, 42.407098 ], [ -70.989195, 42.402598 ], [ -70.987700510134005, 42.402396138717286 ], [ -70.985068048039025, 42.402040571117077 ], [ -70.98363848771244, 42.396995059289146 ], [ -70.983426186556045, 42.396245760378406 ], [ -70.980457137165658, 42.391699406477336 ], [ -70.980335621452639, 42.391513335663639 ], [ -70.97574155673415, 42.390582892433066 ], [ -70.972705791368512, 42.389968054047685 ], [ -70.970194707338948, 42.38803645109202 ], [ -70.971739988954866, 42.38707064867841 ], [ -70.972267453562893, 42.385686051526925 ], [ -70.972512627891234, 42.385042467727246 ], [ -70.972705791368512, 42.381758741018174 ], [ -70.972643941003057, 42.381189722713884 ], [ -70.972222886418493, 42.377316054968709 ], [ -70.970715111091451, 42.37511637868608 ], [ -70.968466542078431, 42.371835966917253 ], [ -70.966389688743533, 42.368806069198918 ], [ -70.960797621322925, 42.360647865615789 ], [ -70.961625, 42.360159 ], [ -70.967993, 42.356397 ], [ -70.972413036322095, 42.353871264958812 ], [ -70.974896938705285, 42.35584261549868 ], [ -70.979927472187512, 42.356381596255218 ], [ -70.982281713861795, 42.355919980749306 ], [ -70.982593, 42.355997 ], [ -70.985593, 42.356797 ], [ -70.986597, 42.364572 ], [ -70.98994, 42.364623 ], [ -70.998942, 42.364762 ], [ -71.010694, 42.365297 ], [ -71.006694, 42.374697 ], [ -70.999394, 42.377597 ], [ -70.997994, 42.378197 ], [ -70.994194, 42.382497 ], [ -70.993794, 42.384597 ], [ -70.987918, 42.387278 ], [ -70.986093, 42.388097 ], [ -70.987793, 42.392797 ], [ -70.994494, 42.393123 ], [ -70.995094, 42.393397 ], [ -70.996694, 42.394597 ], [ -70.998994, 42.398197 ], [ -71.001094, 42.398797 ], [ -71.003194, 42.398297 ], [ -71.007094, 42.395997 ], [ -71.009494, 42.395997 ], [ -71.010894, 42.396397 ], [ -71.013395, 42.397398 ], [ -71.010994, 42.401797 ], [ -71.013594, 42.402897 ], [ -71.016166, 42.402619 ], [ -71.017794, 42.402696 ], [ -71.017994, 42.403096 ], [ -71.018194, 42.403296 ], [ -71.024895, 42.405896 ], [ -71.026395, 42.406296 ], [ -71.027195, 42.407596 ], [ -71.027295, 42.408996 ], [ -71.028495, 42.409996 ], [ -71.028795, 42.410296 ], [ -71.031296, 42.412597 ], [ -71.032195, 42.413396 ], [ -71.033095, 42.414696 ], [ -71.033303, 42.413798 ], [ -71.034795, 42.410696 ], [ -71.035595, 42.409596 ], [ -71.035695, 42.409196 ], [ -71.036295, 42.408496 ], [ -71.037095, 42.407196 ], [ -71.037595, 42.406296 ], [ -71.039095, 42.404196 ], [ -71.040596, 42.401797 ], [ -71.041396, 42.401197 ], [ -71.044796, 42.398797 ], [ -71.045493, 42.398299 ], [ -71.046195, 42.397996 ], [ -71.046995, 42.397496 ], [ -71.048595, 42.396796 ], [ -71.050695, 42.397596 ], [ -71.052495, 42.396996 ], [ -71.052995, 42.396196 ], [ -71.052095, 42.394896 ], [ -71.050002, 42.393471 ], [ -71.055295, 42.387097 ], [ -71.055524, 42.387119 ], [ -71.057395, 42.387297 ], [ -71.065695, 42.386596 ], [ -71.070896, 42.388996 ], [ -71.070696, 42.389596 ], [ -71.070296, 42.390196 ], [ -71.067196, 42.394596 ], [ -71.067996, 42.394996 ], [ -71.072696, 42.390796 ], [ -71.073496, 42.391796 ], [ -71.074096, 42.392596 ], [ -71.074696, 42.395296 ], [ -71.075996, 42.396396 ], [ -71.083596, 42.400096 ], [ -71.085496, 42.400596 ], [ -71.091796, 42.398896 ], [ -71.094096, 42.399896 ], [ -71.096096, 42.401196 ], [ -71.096696, 42.400596 ], [ -71.097396, 42.399896 ], [ -71.098196, 42.398796 ], [ -71.098596, 42.398496 ], [ -71.099696, 42.397196 ], [ -71.100696, 42.395996 ], [ -71.101896, 42.396396 ], [ -71.104296, 42.397296 ], [ -71.104596, 42.397296 ], [ -71.104996, 42.397496 ], [ -71.110697, 42.399796 ], [ -71.111697, 42.400096 ], [ -71.114897, 42.402196 ], [ -71.115597, 42.405196 ], [ -71.117597, 42.405796 ], [ -71.121812, 42.406965 ], [ -71.121552, 42.407335 ], [ -71.123697, 42.408496 ], [ -71.12327, 42.409172 ], [ -71.125597, 42.410096 ], [ -71.126097, 42.409196 ], [ -71.126897, 42.409596 ], [ -71.127897, 42.410696 ], [ -71.126997, 42.412396 ], [ -71.128898, 42.414097 ], [ -71.127697, 42.415496 ], [ -71.126797, 42.416596 ], [ -71.126797, 42.416851 ], [ -71.126798, 42.417997 ], [ -71.126798, 42.418097 ], [ -71.130397, 42.417496 ], [ -71.131397, 42.415896 ], [ -71.132297, 42.415296 ], [ -71.132397, 42.414596 ], [ -71.132697, 42.411696 ], [ -71.133697, 42.407096 ], [ -71.134398, 42.403797 ], [ -71.136297, 42.401096 ], [ -71.140397, 42.399499 ], [ -71.141271, 42.398936 ], [ -71.142779, 42.397729 ], [ -71.143297, 42.396996 ], [ -71.15226, 42.400864 ], [ -71.153067, 42.401162 ], [ -71.156585, 42.402687 ], [ -71.162571, 42.404579 ], [ -71.162871, 42.404805 ], [ -71.164498, 42.405296 ], [ -71.1662, 42.406587 ], [ -71.174208, 42.409495 ], [ -71.175771, 42.409937 ], [ -71.176499, 42.410097 ], [ -71.181622, 42.411065 ], [ -71.1833, 42.411497 ], [ -71.184799, 42.412095 ], [ -71.191501, 42.414274 ], [ -71.191616, 42.414231 ], [ -71.194155, 42.415145 ], [ -71.194123, 42.415224 ], [ -71.19528, 42.415615 ], [ -71.1939, 42.413196 ], [ -71.202736, 42.414693 ], [ -71.2031, 42.414196 ], [ -71.207699, 42.409695 ], [ -71.210899, 42.406195 ], [ -71.202399, 42.403496 ], [ -71.200599, 42.399796 ], [ -71.198999, 42.396996 ], [ -71.196799, 42.395396 ], [ -71.196686, 42.395084 ], [ -71.196499, 42.393896 ], [ -71.197699, 42.393196 ], [ -71.196899, 42.390496 ], [ -71.195199, 42.386696 ], [ -71.194699, 42.386296 ], [ -71.194399, 42.385996 ], [ -71.198299, 42.382896 ], [ -71.199899, 42.381596 ], [ -71.202399, 42.379396 ], [ -71.203199, 42.378696 ], [ -71.205599, 42.376696 ], [ -71.2087, 42.373997 ], [ -71.211899, 42.371496 ], [ -71.217399, 42.366696 ], [ -71.226352, 42.364 ], [ -71.226771, 42.36387 ], [ -71.231106, 42.362441 ], [ -71.2365, 42.360796 ], [ -71.23944, 42.359925 ], [ -71.243, 42.358896 ], [ -71.244874, 42.358335 ], [ -71.250058, 42.356842 ], [ -71.2509, 42.356596 ], [ -71.252698, 42.356034 ], [ -71.2537, 42.355096 ], [ -71.2557, 42.353996 ], [ -71.256083, 42.354917 ], [ -71.2565, 42.355796 ], [ -71.26, 42.353596 ], [ -71.2586, 42.350096 ], [ -71.2586, 42.349396 ], [ -71.2607, 42.347596 ], [ -71.2611, 42.344596 ], [ -71.262102, 42.341504 ], [ -71.2596, 42.341096 ], [ -71.2559, 42.339996 ], [ -71.2572, 42.337596 ], [ -71.2582, 42.336896 ], [ -71.2602, 42.334796 ], [ -71.2643, 42.334296 ], [ -71.2647, 42.331796 ], [ -71.2678, 42.330596 ], [ -71.2691, 42.331096 ], [ -71.2702, 42.330896 ], [ -71.2697, 42.329596 ], [ -71.2699, 42.327996 ], [ -71.281701, 42.325196 ], [ -71.291801, 42.322596 ], [ -71.306002, 42.319096 ], [ -71.311602, 42.317796 ], [ -71.316902, 42.316196 ], [ -71.327102, 42.313696 ], [ -71.329502, 42.312896 ], [ -71.326003, 42.304297 ], [ -71.323802, 42.299096 ], [ -71.321205, 42.293598 ], [ -71.313968, 42.280841 ], [ -71.308201, 42.270897 ], [ -71.305302, 42.259798 ], [ -71.302575, 42.248054 ], [ -71.332103, 42.248698 ], [ -71.332158, 42.247304 ], [ -71.336003, 42.248598 ], [ -71.341916, 42.250101 ], [ -71.341503, 42.253298 ], [ -71.350491, 42.255687 ], [ -71.353809, 42.257484 ], [ -71.355814, 42.2595 ], [ -71.356508, 42.263329 ], [ -71.360886, 42.264638 ], [ -71.381318, 42.270276 ], [ -71.386938, 42.271181 ], [ -71.390105, 42.271697 ], [ -71.393289, 42.267235 ], [ -71.397405, 42.261597 ], [ -71.408305, 42.259297 ], [ -71.416784, 42.257679 ], [ -71.418906, 42.257297 ], [ -71.421073, 42.258435 ], [ -71.423443, 42.259542 ], [ -71.429006, 42.262396 ], [ -71.430906, 42.263396 ], [ -71.436758, 42.266449 ], [ -71.444493, 42.270469 ], [ -71.445606, 42.271095 ], [ -71.44675, 42.271751 ], [ -71.460599, 42.278927 ], [ -71.491079, 42.288203 ], [ -71.496833, 42.289841 ], [ -71.493017, 42.29722 ], [ -71.489708, 42.303495 ], [ -71.486208, 42.310395 ], [ -71.485407, 42.316994 ], [ -71.485007, 42.320994 ], [ -71.486485, 42.329783 ], [ -71.486608, 42.330095 ], [ -71.483018, 42.352651 ], [ -71.437094, 42.34653 ], [ -71.428425, 42.345372 ], [ -71.42463, 42.344819 ], [ -71.415306, 42.343596 ], [ -71.407362, 42.34244 ], [ -71.406393, 42.342299 ], [ -71.402306, 42.341796 ], [ -71.396605, 42.340896 ], [ -71.394805, 42.338996 ], [ -71.394604, 42.336695 ], [ -71.393904, 42.335695 ], [ -71.389304, 42.337395 ], [ -71.388404, 42.336295 ], [ -71.381605, 42.328496 ], [ -71.381415, 42.327943 ], [ -71.37736, 42.314447 ], [ -71.373304, 42.309895 ], [ -71.369803, 42.310895 ], [ -71.362704, 42.315896 ], [ -71.358804, 42.317196 ], [ -71.354704, 42.317097 ], [ -71.345604, 42.314597 ], [ -71.341795, 42.31912 ], [ -71.339504, 42.321797 ], [ -71.337504, 42.324897 ], [ -71.334005, 42.331535 ], [ -71.329355, 42.331802 ], [ -71.328603, 42.331697 ], [ -71.332069, 42.361688 ], [ -71.332707, 42.367817 ], [ -71.334821, 42.386081 ], [ -71.335404, 42.393596 ], [ -71.334004, 42.396196 ], [ -71.335314, 42.400338 ], [ -71.338078, 42.401432 ], [ -71.340763, 42.402505 ], [ -71.351941, 42.406821 ], [ -71.354358, 42.407799 ], [ -71.3668, 42.412651 ], [ -71.365654, 42.413324 ], [ -71.364185, 42.415658 ], [ -71.364793, 42.418541 ], [ -71.3644, 42.420236 ], [ -71.36059, 42.421049 ], [ -71.356664, 42.419592 ], [ -71.355026, 42.421817 ], [ -71.351846, 42.427093 ], [ -71.33578, 42.437059 ], [ -71.333269, 42.439051 ], [ -71.319935, 42.449648 ], [ -71.313335, 42.454859 ], [ -71.309676, 42.453025 ], [ -71.304536, 42.452555 ], [ -71.304099, 42.452509 ], [ -71.301794, 42.452234 ], [ -71.297818, 42.45518 ], [ -71.292908, 42.453255 ], [ -71.293254, 42.451066 ], [ -71.291048, 42.450765 ], [ -71.286436, 42.448471 ], [ -71.284701, 42.44841 ], [ -71.284881, 42.449128 ], [ -71.284635, 42.449217 ], [ -71.285713, 42.453548 ], [ -71.284391, 42.457733 ], [ -71.283091, 42.458481 ], [ -71.286926, 42.461452 ], [ -71.289314, 42.464011 ], [ -71.287255, 42.464324 ], [ -71.284049, 42.46182 ], [ -71.28004, 42.459718 ], [ -71.276971, 42.460465 ], [ -71.27242, 42.459556 ], [ -71.267078, 42.467547 ], [ -71.26629, 42.468747 ], [ -71.265152, 42.470515 ], [ -71.264649, 42.471237 ], [ -71.263092, 42.473467 ], [ -71.262221, 42.474715 ], [ -71.261197, 42.476183 ], [ -71.256502, 42.478195 ], [ -71.255502, 42.479395 ], [ -71.252102, 42.484495 ], [ -71.243994, 42.488226 ], [ -71.240745, 42.489749 ], [ -71.223127, 42.475126 ], [ -71.213301, 42.467196 ], [ -71.211968, 42.466051 ], [ -71.211305, 42.466326 ], [ -71.210102, 42.469947 ], [ -71.210201, 42.470495 ], [ -71.209584, 42.470076 ], [ -71.2042, 42.465796 ], [ -71.188281, 42.479524 ], [ -71.185281, 42.479788 ], [ -71.186273, 42.480758 ], [ -71.183399, 42.481594 ], [ -71.181299, 42.482994 ], [ -71.181599, 42.483494 ], [ -71.1748, 42.485295 ], [ -71.1727, 42.485695 ], [ -71.172341, 42.485817 ], [ -71.170141, 42.488662 ], [ -71.170756, 42.489721 ], [ -71.1688, 42.490195 ], [ -71.168733, 42.495729 ], [ -71.168736, 42.49721 ], [ -71.168791, 42.497592 ], [ -71.1692, 42.506995 ], [ -71.169362, 42.507084 ], [ -71.1697, 42.513995 ], [ -71.169762, 42.514812 ], [ -71.1698, 42.515295 ], [ -71.157977, 42.520272 ], [ -71.1489, 42.524095 ], [ -71.147599, 42.524794 ], [ -71.147199, 42.524994 ], [ -71.1352, 42.529695 ], [ -71.13226, 42.531024 ], [ -71.132153, 42.536084 ], [ -71.136179, 42.551669 ] ] ] } },
{ "type": "Feature", "properties": { "DISTRICT": "8", "STARTCONG": "103", "ENDCONG": "107", "BESTDEC": "Massachusetts_CD_1992_2000", "ST": "25", "STA": "MA", "ELECT_YEAR": "1992-2000", "TYPE": "US Cong" }, "geometry": { "type": "MultiPolygon", "coordinates": [ [ [ [ -70.972413036322095, 42.353871264958812 ], [ -70.967993, 42.356397 ], [ -70.961625, 42.360159 ], [ -70.960797621322925, 42.360647865615789 ], [ -70.953292, 42.349698 ], [ -70.953022, 42.343973 ], [ -70.96357823140707, 42.346859517010486 ], [ -70.972413036322095, 42.353871264958812 ] ] ], [ [ [ -71.014525043489343, 42.328776948712452 ], [ -71.015680194282808, 42.326018730467538 ], [ -71.013164931023312, 42.315418679265001 ], [ -71.005398567104208, 42.307195469498083 ], [ -71.009793, 42.305198 ], [ -71.018693, 42.306198 ], [ -71.022093, 42.305598 ], [ -71.028395, 42.308799 ], [ -71.028195, 42.324599 ], [ -71.025167, 42.328741 ], [ -71.014525043489343, 42.328776948712452 ] ] ], [ [ [ -71.126797, 42.416851 ], [ -71.126797, 42.416596 ], [ -71.127697, 42.415496 ], [ -71.128898, 42.414097 ], [ -71.126997, 42.412396 ], [ -71.127897, 42.410696 ], [ -71.126897, 42.409596 ], [ -71.126097, 42.409196 ], [ -71.125597, 42.410096 ], [ -71.12327, 42.409172 ], [ -71.123697, 42.408496 ], [ -71.121552, 42.407335 ], [ -71.121812, 42.406965 ], [ -71.117597, 42.405796 ], [ -71.115597, 42.405196 ], [ -71.114897, 42.402196 ], [ -71.111697, 42.400096 ], [ -71.110697, 42.399796 ], [ -71.104996, 42.397496 ], [ -71.104596, 42.397296 ], [ -71.104296, 42.397296 ], [ -71.101896, 42.396396 ], [ -71.100696, 42.395996 ], [ -71.099696, 42.397196 ], [ -71.098596, 42.398496 ], [ -71.098196, 42.398796 ], [ -71.097396, 42.399896 ], [ -71.096696, 42.400596 ], [ -71.096096, 42.401196 ], [ -71.094096, 42.399896 ], [ -71.091796, 42.398896 ], [ -71.085496, 42.400596 ], [ -71.083596, 42.400096 ], [ -71.075996, 42.396396 ], [ -71.074696, 42.395296 ], [ -71.074096, 42.392596 ], [ -71.073496, 42.391796 ], [ -71.072696, 42.390796 ], [ -71.067996, 42.394996 ], [ -71.067196, 42.394596 ], [ -71.070296, 42.390196 ], [ -71.070696, 42.389596 ], [ -71.070896, 42.388996 ], [ -71.065695, 42.386596 ], [ -71.057395, 42.387297 ], [ -71.055524, 42.387119 ], [ -71.055295, 42.387097 ], [ -71.050002, 42.393471 ], [ -71.052095, 42.394896 ], [ -71.052995, 42.396196 ], [ -71.052495, 42.396996 ], [ -71.050695, 42.397596 ], [ -71.048595, 42.396796 ], [ -71.046995, 42.397496 ], [ -71.046195, 42.397996 ], [ -71.045493, 42.398299 ], [ -71.044796, 42.398797 ], [ -71.041396, 42.401197 ], [ -71.040596, 42.401797 ], [ -71.039095, 42.404196 ], [ -71.037595, 42.406296 ], [ -71.037095, 42.407196 ], [ -71.036295, 42.408496 ], [ -71.035695, 42.409196 ], [ -71.035595, 42.409596 ], [ -71.034795, 42.410696 ], [ -71.033303, 42.413798 ], [ -71.033095, 42.414696 ], [ -71.032195, 42.413396 ], [ -71.031296, 42.412597 ], [ -71.028795, 42.410296 ], [ -71.028495, 42.409996 ], [ -71.027295, 42.408996 ], [ -71.027195, 42.407596 ], [ -71.026395, 42.406296 ], [ -71.024895, 42.405896 ], [ -71.018194, 42.403296 ], [ -71.017994, 42.403096 ], [ -71.017794, 42.402696 ], [ -71.016166, 42.402619 ], [ -71.013594, 42.402897 ], [ -71.010994, 42.401797 ], [ -71.013395, 42.397398 ], [ -71.010894, 42.396397 ], [ -71.009494, 42.395997 ], [ -71.007094, 42.395997 ], [ -71.003194, 42.398297 ], [ -71.001094, 42.398797 ], [ -70.998994, 42.398197 ], [ -70.996694, 42.394597 ], [ -70.995094, 42.393397 ], [ -70.994494, 42.393123 ], [ -70.987793, 42.392797 ], [ -70.986093, 42.388097 ], [ -70.987918, 42.387278 ], [ -70.993794, 42.384597 ], [ -70.994194, 42.382497 ], [ -70.997994, 42.378197 ], [ -70.999394, 42.377597 ], [ -71.006694, 42.374697 ], [ -71.010694, 42.365297 ], [ -70.998942, 42.364762 ], [ -70.98994, 42.364623 ], [ -70.986597, 42.364572 ], [ -70.985593, 42.356797 ], [ -70.982593, 42.355997 ], [ -70.982281713861795, 42.355919980749306 ], [ -70.998252991989347, 42.352788361037888 ], [ -71.006876760688911, 42.347039181904833 ], [ -71.008673175274183, 42.342749782189557 ], [ -71.010994, 42.342698 ], [ -71.040125, 42.362115 ], [ -71.042596, 42.363798 ], [ -71.043396, 42.364598 ], [ -71.046439, 42.368055 ], [ -71.047103, 42.368873 ], [ -71.049095, 42.371197 ], [ -71.054995, 42.370697 ], [ -71.057141, 42.369982 ], [ -71.060095, 42.368997 ], [ -71.064095, 42.368997 ], [ -71.069795, 42.369097 ], [ -71.075795, 42.361597 ], [ -71.077095, 42.358697 ], [ -71.075999, 42.356663 ], [ -71.075692, 42.356068 ], [ -71.075626, 42.355939 ], [ -71.07524, 42.355186 ], [ -71.073296, 42.355698 ], [ -71.073331, 42.356141 ], [ -71.071885, 42.356584 ], [ -71.072326, 42.357471 ], [ -71.072195, 42.357497 ], [ -71.070995, 42.357697 ], [ -71.070574, 42.357778 ], [ -71.070214, 42.357012 ], [ -71.069348, 42.357221 ], [ -71.069734, 42.357954 ], [ -71.070195, 42.358897 ], [ -71.070332, 42.359618 ], [ -71.070395, 42.36123 ], [ -71.069013, 42.361272 ], [ -71.067235, 42.361287 ], [ -71.066737, 42.361287 ], [ -71.066688, 42.359406 ], [ -71.06535, 42.359442 ], [ -71.064745, 42.359434 ], [ -71.064719, 42.359613 ], [ -71.063024, 42.3596 ], [ -71.062842, 42.357805 ], [ -71.063296, 42.357598 ], [ -71.062336, 42.35645 ], [ -71.062595, 42.356197 ], [ -71.064541, 42.353277 ], [ -71.064895, 42.352397 ], [ -71.065095, 42.351697 ], [ -71.065635, 42.348811 ], [ -71.065995, 42.347197 ], [ -71.06735, 42.344279 ], [ -71.070083, 42.345273 ], [ -71.071695, 42.343997 ], [ -71.072041, 42.343759 ], [ -71.073295, 42.343097 ], [ -71.071557, 42.341644 ], [ -71.071795, 42.341497 ], [ -71.070605, 42.340726 ], [ -71.071171, 42.340395 ], [ -71.071896, 42.339898 ], [ -71.072647, 42.33945 ], [ -71.074495, 42.338297 ], [ -71.075195, 42.337897 ], [ -71.077238, 42.336441 ], [ -71.077895, 42.335997 ], [ -71.080838, 42.333414 ], [ -71.081382, 42.332795 ], [ -71.082835, 42.331178 ], [ -71.083415, 42.330517 ], [ -71.083747, 42.328547 ], [ -71.081045, 42.328266 ], [ -71.080595, 42.325897 ], [ -71.078795, 42.324797 ], [ -71.079695, 42.324097 ], [ -71.078995, 42.323697 ], [ -71.0777, 42.323162 ], [ -71.076795, 42.322797 ], [ -71.077895, 42.320297 ], [ -71.077899, 42.319277 ], [ -71.077979, 42.318305 ], [ -71.077995, 42.318097 ], [ -71.078395, 42.315898 ], [ -71.078995, 42.314598 ], [ -71.079347, 42.313946 ], [ -71.075095, 42.311998 ], [ -71.074595, 42.312698 ], [ -71.073195, 42.312198 ], [ -71.07158, 42.311815 ], [ -71.070995, 42.313098 ], [ -71.070695, 42.313898 ], [ -71.070395, 42.314098 ], [ -71.069495, 42.314298 ], [ -71.069195, 42.314498 ], [ -71.067395, 42.314598 ], [ -71.065895, 42.314698 ], [ -71.065295, 42.313398 ], [ -71.064795, 42.312698 ], [ -71.064508, 42.312553 ], [ -71.061745, 42.310462 ], [ -71.060694, 42.310098 ], [ -71.059994, 42.309898 ], [ -71.059194, 42.311098 ], [ -71.058894, 42.312698 ], [ -71.057294, 42.312898 ], [ -71.058294, 42.307698 ], [ -71.058394, 42.307598 ], [ -71.058594, 42.306798 ], [ -71.058894, 42.305198 ], [ -71.059294, 42.303098 ], [ -71.059794, 42.301498 ], [ -71.05947, 42.301169 ], [ -71.057789, 42.301651 ], [ -71.058097, 42.302257 ], [ -71.056294, 42.302898 ], [ -71.055894, 42.301098 ], [ -71.058894, 42.300198 ], [ -71.060094, 42.300198 ], [ -71.064294, 42.299198 ], [ -71.066295, 42.296998 ], [ -71.064994, 42.297398 ], [ -71.064394, 42.295998 ], [ -71.062494, 42.296398 ], [ -71.062394, 42.295798 ], [ -71.062994, 42.295598 ], [ -71.063094, 42.294698 ], [ -71.065094, 42.294098 ], [ -71.064494, 42.292398 ], [ -71.065394, 42.291998 ], [ -71.067494, 42.291398 ], [ -71.067194, 42.290698 ], [ -71.069839, 42.289833 ], [ -71.067055, 42.288984 ], [ -71.064194, 42.285998 ], [ -71.064294, 42.285698 ], [ -71.064952, 42.283453 ], [ -71.070994, 42.281898 ], [ -71.075795, 42.280998 ], [ -71.078495, 42.280398 ], [ -71.081458, 42.27962 ], [ -71.080875, 42.27928 ], [ -71.079895, 42.278698 ], [ -71.076995, 42.277198 ], [ -71.077995, 42.275398 ], [ -71.079095, 42.275098 ], [ -71.078995, 42.273698 ], [ -71.078895, 42.273398 ], [ -71.077296, 42.273599 ], [ -71.076779, 42.271495 ], [ -71.074794, 42.271398 ], [ -71.074894, 42.270298 ], [ -71.079595, 42.269698 ], [ -71.085795, 42.269198 ], [ -71.087775, 42.269466 ], [ -71.089516, 42.269627 ], [ -71.089995, 42.267998 ], [ -71.093795, 42.266898 ], [ -71.094895, 42.266898 ], [ -71.097995, 42.262898 ], [ -71.099428, 42.262092 ], [ -71.099893, 42.261762 ], [ -71.100179, 42.26156 ], [ -71.100843, 42.26109 ], [ -71.101231, 42.260816 ], [ -71.104995, 42.260698 ], [ -71.107201, 42.260068 ], [ -71.112495, 42.258198 ], [ -71.112995, 42.258698 ], [ -71.115396, 42.257298 ], [ -71.114312, 42.258203 ], [ -71.115099, 42.258557 ], [ -71.115597, 42.257599 ], [ -71.118697, 42.259499 ], [ -71.11763, 42.260939 ], [ -71.119038, 42.261828 ], [ -71.117996, 42.263998 ], [ -71.110899, 42.266068 ], [ -71.111696, 42.267298 ], [ -71.111031, 42.269128 ], [ -71.110295, 42.270798 ], [ -71.112296, 42.271798 ], [ -71.110396, 42.274998 ], [ -71.109196, 42.274248 ], [ -71.107767, 42.278134 ], [ -71.104634, 42.281017 ], [ -71.099995, 42.282098 ], [ -71.105396, 42.286598 ], [ -71.108096, 42.288598 ], [ -71.101695, 42.292998 ], [ -71.096395, 42.293098 ], [ -71.104697, 42.299999 ], [ -71.104996, 42.302298 ], [ -71.104496, 42.302798 ], [ -71.103896, 42.303198 ], [ -71.102674, 42.306038 ], [ -71.099016, 42.309219 ], [ -71.098196, 42.309898 ], [ -71.10197, 42.311064 ], [ -71.102676, 42.311372 ], [ -71.101665, 42.312334 ], [ -71.100596, 42.313597 ], [ -71.101311, 42.31396 ], [ -71.104246, 42.316846 ], [ -71.102896, 42.319197 ], [ -71.103396, 42.319497 ], [ -71.104086, 42.32011 ], [ -71.105164, 42.319266 ], [ -71.108296, 42.322297 ], [ -71.108621, 42.322237 ], [ -71.110196, 42.321997 ], [ -71.112096, 42.321697 ], [ -71.116696, 42.320997 ], [ -71.118896, 42.321297 ], [ -71.119396, 42.322597 ], [ -71.115996, 42.325697 ], [ -71.115496, 42.326897 ], [ -71.114796, 42.328397 ], [ -71.113896, 42.330097 ], [ -71.113296, 42.331797 ], [ -71.111496, 42.334497 ], [ -71.110996, 42.335497 ], [ -71.110596, 42.340197 ], [ -71.105696, 42.343997 ], [ -71.105796, 42.344397 ], [ -71.106796, 42.346197 ], [ -71.106896, 42.348497 ], [ -71.106896, 42.348797 ], [ -71.106696, 42.349297 ], [ -71.106896, 42.349797 ], [ -71.111096, 42.350197 ], [ -71.111228, 42.350263 ], [ -71.111296, 42.350297 ], [ -71.114096, 42.350497 ], [ -71.116096, 42.350897 ], [ -71.118596, 42.351197 ], [ -71.120596, 42.351397 ], [ -71.121597, 42.351497 ], [ -71.122597, 42.351697 ], [ -71.123087, 42.35155 ], [ -71.123597, 42.351397 ], [ -71.124997, 42.351197 ], [ -71.126397, 42.350497 ], [ -71.129897, 42.348897 ], [ -71.132297, 42.347697 ], [ -71.134697, 42.346597 ], [ -71.135397, 42.346097 ], [ -71.136097, 42.345297 ], [ -71.137797, 42.343997 ], [ -71.138029, 42.343823 ], [ -71.140297, 42.342097 ], [ -71.141597, 42.341097 ], [ -71.141897, 42.340397 ], [ -71.144797, 42.339597 ], [ -71.146472, 42.338573 ], [ -71.147397, 42.337097 ], [ -71.148697, 42.336797 ], [ -71.148497, 42.336397 ], [ -71.149797, 42.335297 ], [ -71.150197, 42.335197 ], [ -71.156097, 42.330597 ], [ -71.156997, 42.330097 ], [ -71.157097, 42.330297 ], [ -71.157404, 42.33054 ], [ -71.157797, 42.330697 ], [ -71.161272, 42.333393 ], [ -71.167698, 42.333297 ], [ -71.166799, 42.339798 ], [ -71.167174, 42.340336 ], [ -71.168433, 42.342141 ], [ -71.169469, 42.343231 ], [ -71.16952, 42.343296 ], [ -71.169667, 42.343485 ], [ -71.169927, 42.343819 ], [ -71.171999, 42.346498 ], [ -71.173298, 42.348097 ], [ -71.173532, 42.348435 ], [ -71.174198, 42.349397 ], [ -71.174798, 42.350096 ], [ -71.173998, 42.353196 ], [ -71.171198, 42.356396 ], [ -71.169999, 42.357397 ], [ -71.168698, 42.359396 ], [ -71.174298, 42.359096 ], [ -71.182598, 42.360796 ], [ -71.182798, 42.360396 ], [ -71.183998, 42.358896 ], [ -71.188598, 42.359896 ], [ -71.190698, 42.360396 ], [ -71.193098, 42.361196 ], [ -71.193398, 42.361296 ], [ -71.195699, 42.361896 ], [ -71.195899, 42.361996 ], [ -71.196399, 42.362096 ], [ -71.192898, 42.365796 ], [ -71.1954, 42.367697 ], [ -71.196158, 42.36764 ], [ -71.1987, 42.367397 ], [ -71.204899, 42.365896 ], [ -71.207199, 42.364496 ], [ -71.210799, 42.364196 ], [ -71.213299, 42.364896 ], [ -71.213388, 42.364938 ], [ -71.217399, 42.366696 ], [ -71.211899, 42.371496 ], [ -71.2087, 42.373997 ], [ -71.205599, 42.376696 ], [ -71.203199, 42.378696 ], [ -71.202399, 42.379396 ], [ -71.199899, 42.381596 ], [ -71.198299, 42.382896 ], [ -71.194399, 42.385996 ], [ -71.194699, 42.386296 ], [ -71.195199, 42.386696 ], [ -71.196899, 42.390496 ], [ -71.197699, 42.393196 ], [ -71.196499, 42.393896 ], [ -71.196686, 42.395084 ], [ -71.196799, 42.395396 ], [ -71.198999, 42.396996 ], [ -71.200599, 42.399796 ], [ -71.202399, 42.403496 ], [ -71.210899, 42.406195 ], [ -71.207699, 42.409695 ], [ -71.2031, 42.414196 ], [ -71.202736, 42.414693 ], [ -71.1939, 42.413196 ], [ -71.19528, 42.415615 ], [ -71.194123, 42.415224 ], [ -71.194155, 42.415145 ], [ -71.191616, 42.414231 ], [ -71.191501, 42.414274 ], [ -71.184799, 42.412095 ], [ -71.1833, 42.411497 ], [ -71.181622, 42.411065 ], [ -71.176499, 42.410097 ], [ -71.175771, 42.409937 ], [ -71.174208, 42.409495 ], [ -71.1662, 42.406587 ], [ -71.164498, 42.405296 ], [ -71.162871, 42.404805 ], [ -71.162571, 42.404579 ], [ -71.156585, 42.402687 ], [ -71.153067, 42.401162 ], [ -71.15226, 42.400864 ], [ -71.143297, 42.396996 ], [ -71.142779, 42.397729 ], [ -71.141271, 42.398936 ], [ -71.140397, 42.399499 ], [ -71.136297, 42.401096 ], [ -71.134398, 42.403797 ], [ -71.133697, 42.407096 ], [ -71.132697, 42.411696 ], [ -71.132397, 42.414596 ], [ -71.132297, 42.415296 ], [ -71.131397, 42.415896 ], [ -71.130397, 42.417496 ], [ -71.126798, 42.418097 ], [ -71.126798, 42.417997 ], [ -71.126797, 42.416851 ] ] ] ] } },
{ "type": "Feature", "properties": { "DISTRICT": "9", "STARTCONG": "103", "ENDCONG": "107", "BESTDEC": "Massachusetts_CD_1992_2000", "ST": "25", "STA": "MA", "ELECT_YEAR": "1992-2000", "TYPE": "US Cong" }, "geometry": { "type": "Polygon", "coordinates": [ [ [ -71.077095, 42.358697 ], [ -71.075795, 42.361597 ], [ -71.069795, 42.369097 ], [ -71.064095, 42.368997 ], [ -71.060095, 42.368997 ], [ -71.057141, 42.369982 ], [ -71.054995, 42.370697 ], [ -71.049095, 42.371197 ], [ -71.047103, 42.368873 ], [ -71.046439, 42.368055 ], [ -71.043396, 42.364598 ], [ -71.042596, 42.363798 ], [ -71.040125, 42.362115 ], [ -71.010994, 42.342698 ], [ -71.008673175274183, 42.342749782189557 ], [ -71.014525043489343, 42.328776948712452 ], [ -71.025167, 42.328741 ], [ -71.028195, 42.324599 ], [ -71.028395, 42.308799 ], [ -71.037094, 42.306598 ], [ -71.041494, 42.302098 ], [ -71.041387, 42.301025 ], [ -71.041294, 42.300098 ], [ -71.035294, 42.288798 ], [ -71.037894, 42.284898 ], [ -71.039294, 42.283798 ], [ -71.040908, 42.280466 ], [ -71.042794, 42.276998 ], [ -71.041494, 42.268498 ], [ -71.041693, 42.266698 ], [ -71.039493, 42.264999 ], [ -71.039093, 42.264599 ], [ -71.037493, 42.263499 ], [ -71.036393, 42.262699 ], [ -71.034493, 42.261499 ], [ -71.033793, 42.261099 ], [ -71.032493, 42.260199 ], [ -71.031793, 42.259599 ], [ -71.031393, 42.259099 ], [ -71.031893, 42.258699 ], [ -71.034893, 42.256899 ], [ -71.038693, 42.254799 ], [ -71.039098, 42.254463 ], [ -71.039294, 42.2543 ], [ -71.042648, 42.252399 ], [ -71.043911, 42.251941 ], [ -71.051195, 42.2477 ], [ -71.061094, 42.242199 ], [ -71.057794, 42.237299 ], [ -71.053493, 42.230099 ], [ -71.053193, 42.229299 ], [ -71.070294, 42.222699 ], [ -71.093094, 42.213999 ], [ -71.082694, 42.204499 ], [ -71.077594, 42.204899 ], [ -71.069493, 42.204699 ], [ -71.064993, 42.205699 ], [ -71.061593, 42.206499 ], [ -71.060593, 42.206699 ], [ -71.059193, 42.206299 ], [ -71.057993, 42.206699 ], [ -71.049493, 42.206599 ], [ -71.045007, 42.206388 ], [ -71.043616, 42.206958 ], [ -71.044783, 42.209157 ], [ -71.044594, 42.2115 ], [ -71.044494, 42.2155 ], [ -71.036193, 42.224699 ], [ -71.033794, 42.2267 ], [ -71.031093, 42.228099 ], [ -71.010809, 42.228708 ], [ -71.008193, 42.2296 ], [ -71.007192, 42.230299 ], [ -71.006692, 42.230499 ], [ -71.005392, 42.231099 ], [ -71.002092, 42.232299 ], [ -70.995993, 42.2331 ], [ -70.989092, 42.234099 ], [ -70.981091, 42.235699 ], [ -70.979791, 42.236199 ], [ -70.977391, 42.238299 ], [ -70.974091, 42.237199 ], [ -70.972291, 42.237299 ], [ -70.971591, 42.237299 ], [ -70.967991, 42.237999 ], [ -70.960491, 42.235099 ], [ -70.960374, 42.233613 ], [ -70.96025, 42.230537 ], [ -70.964391, 42.224499 ], [ -70.966991, 42.223399 ], [ -70.968091, 42.221299 ], [ -70.968991, 42.217499 ], [ -70.969191, 42.214899 ], [ -70.97159, 42.199899 ], [ -70.97369, 42.186899 ], [ -70.97389, 42.184099 ], [ -70.976591, 42.168201 ], [ -71.002658, 42.168133 ], [ -71.006692, 42.1683 ], [ -71.011191, 42.168557 ], [ -71.016592, 42.1687 ], [ -71.021835, 42.168735 ], [ -71.025108, 42.161759 ], [ -71.026736, 42.157523 ], [ -71.027578, 42.155332 ], [ -71.029206, 42.150568 ], [ -71.029398, 42.150093 ], [ -71.031497, 42.144758 ], [ -71.035054, 42.135476 ], [ -71.042883, 42.137235 ], [ -71.050561, 42.148699 ], [ -71.053671, 42.15132 ], [ -71.056439, 42.154476 ], [ -71.063292, 42.141499 ], [ -71.071592, 42.132799 ], [ -71.068492, 42.124499 ], [ -71.061691, 42.108099 ], [ -71.061396, 42.105778 ], [ -71.061991, 42.103399 ], [ -71.058791, 42.104599 ], [ -71.058191, 42.101199 ], [ -71.059991, 42.094199 ], [ -71.04769, 42.088799 ], [ -71.04669, 42.089099 ], [ -71.04139, 42.0899 ], [ -71.03769, 42.0904 ], [ -71.03409, 42.0905 ], [ -71.03219, 42.091 ], [ -71.03069, 42.0913 ], [ -71.03099, 42.0874 ], [ -71.02889, 42.087 ], [ -71.02529, 42.0863 ], [ -71.02399, 42.0864 ], [ -71.019889, 42.0869 ], [ -71.020189, 42.0855 ], [ -71.017589, 42.0856 ], [ -71.017589, 42.0841 ], [ -71.017589, 42.0824 ], [ -71.017489, 42.0813 ], [ -71.016889, 42.0812 ], [ -71.016889, 42.0805 ], [ -71.015889, 42.0803 ], [ -71.016089, 42.0786 ], [ -71.015089, 42.0786 ], [ -71.015089, 42.077 ], [ -71.011989, 42.077 ], [ -71.009989, 42.0791 ], [ -71.008489, 42.0782 ], [ -71.006989, 42.0779 ], [ -71.007089, 42.0786 ], [ -71.004889, 42.0787 ], [ -71.004889, 42.0801 ], [ -71.005089, 42.0802 ], [ -71.005489, 42.0824 ], [ -71.005189, 42.0839 ], [ -70.997689, 42.0852 ], [ -70.996589, 42.0803 ], [ -70.995689, 42.0804 ], [ -70.986788, 42.0816 ], [ -70.985988, 42.0816 ], [ -70.984912, 42.074964 ], [ -70.981952, 42.073844 ], [ -70.98096, 42.072932 ], [ -70.980736, 42.068516 ], [ -70.982888, 42.0664 ], [ -70.989588, 42.0594 ], [ -70.986888, 42.0464 ], [ -70.989088, 42.0462 ], [ -70.996288, 42.0452 ], [ -71.009288, 42.0436 ], [ -71.016988, 42.0427 ], [ -71.022689, 42.042 ], [ -71.025589, 42.0548 ], [ -71.036389, 42.0537 ], [ -71.04399, 42.0528 ], [ -71.05789, 42.051 ], [ -71.06949, 42.0497 ], [ -71.069991, 42.051 ], [ -71.070791, 42.0548 ], [ -71.071191, 42.056499 ], [ -71.07371, 42.068654 ], [ -71.073891, 42.069499 ], [ -71.078492, 42.088499 ], [ -71.078792, 42.089199 ], [ -71.078792, 42.090099 ], [ -71.080192, 42.095699 ], [ -71.083517, 42.094364 ], [ -71.092892, 42.090599 ], [ -71.112893, 42.082899 ], [ -71.117493, 42.081099 ], [ -71.116693, 42.076599 ], [ -71.115393, 42.075899 ], [ -71.114692, 42.072699 ], [ -71.112492, 42.072199 ], [ -71.108092, 42.069999 ], [ -71.106792, 42.069599 ], [ -71.102992, 42.067599 ], [ -71.102592, 42.066099 ], [ -71.103592, 42.066099 ], [ -71.107292, 42.065699 ], [ -71.107192, 42.064599 ], [ -71.107192, 42.062899 ], [ -71.105592, 42.056899 ], [ -71.102196, 42.050051 ], [ -71.101692, 42.046199 ], [ -71.100092, 42.046099 ], [ -71.099191, 42.044099 ], [ -71.098291, 42.035599 ], [ -71.096091, 42.036299 ], [ -71.092791, 42.035499 ], [ -71.089591, 42.0254 ], [ -71.090291, 42.0249 ], [ -71.089391, 42.0247 ], [ -71.08549, 42.0129 ], [ -71.081356, 42.0001 ], [ -71.07919, 41.9901 ], [ -71.08909, 41.992 ], [ -71.086251, 41.983582 ], [ -71.084771, 41.981637 ], [ -71.082116, 41.979829 ], [ -71.08139, 41.9783 ], [ -71.080941, 41.976563 ], [ -71.081109, 41.974641 ], [ -71.08381, 41.969048 ], [ -71.084176, 41.966637 ], [ -71.08309, 41.964 ], [ -71.08119, 41.9609 ], [ -71.08099, 41.9593 ], [ -71.084131, 41.954491 ], [ -71.08689, 41.9472 ], [ -71.089273, 41.943421 ], [ -71.091867, 41.940774 ], [ -71.09289, 41.9388 ], [ -71.085989, 41.9301 ], [ -71.079989, 41.9227 ], [ -71.076778, 41.918347 ], [ -71.064525, 41.903387 ], [ -71.056438, 41.90109 ], [ -71.055507, 41.901991 ], [ -71.054805, 41.904722 ], [ -71.053035, 41.905142 ], [ -71.049174, 41.904638 ], [ -71.046275, 41.901655 ], [ -71.04598, 41.899965 ], [ -71.045761, 41.898706 ], [ -71.044993, 41.897245 ], [ -71.045024, 41.895086 ], [ -71.048015, 41.893415 ], [ -71.049647, 41.888502 ], [ -71.048976, 41.887022 ], [ -71.047206, 41.8859 ], [ -71.046879, 41.885578 ], [ -71.046318, 41.885349 ], [ -71.045924, 41.885305 ], [ -71.045177, 41.885069 ], [ -71.04449, 41.886068 ], [ -71.043727, 41.886328 ], [ -71.037409, 41.884451 ], [ -71.035245, 41.886378 ], [ -71.035079, 41.886356 ], [ -71.031214, 41.885961 ], [ -71.026484, 41.886381 ], [ -71.021164, 41.889248 ], [ -71.018534, 41.889433 ], [ -71.015741, 41.89224 ], [ -71.013514, 41.892393 ], [ -71.009195, 41.890943 ], [ -71.007333, 41.885916 ], [ -71.007943, 41.884901 ], [ -71.005074, 41.885015 ], [ -71.004464, 41.882093 ], [ -70.996758, 41.884802 ], [ -70.993661, 41.890142 ], [ -70.995522, 41.897505 ], [ -71.000802, 41.897856 ], [ -70.997491, 41.903341 ], [ -70.994576, 41.906667 ], [ -70.994591, 41.906405 ], [ -70.987422, 41.906117 ], [ -70.97971, 41.883189 ], [ -70.978676, 41.87994 ], [ -70.977086, 41.873765 ], [ -70.973629, 41.861397 ], [ -70.97627, 41.859077 ], [ -70.978846, 41.857125 ], [ -70.982398, 41.855781 ], [ -70.983646, 41.855237 ], [ -70.986511, 41.853212 ], [ -70.993134, 41.848533 ], [ -70.996401, 41.846335 ], [ -71.000894, 41.843085 ], [ -71.007989, 41.837965 ], [ -71.02268, 41.844674 ], [ -71.031477, 41.848691 ], [ -71.031946, 41.848821 ], [ -71.0568, 41.861811 ], [ -71.058942, 41.862931 ], [ -71.077358, 41.87274 ], [ -71.088924, 41.872869 ], [ -71.090633, 41.874067 ], [ -71.091839, 41.872938 ], [ -71.093594, 41.873007 ], [ -71.103115, 41.871275 ], [ -71.108685, 41.85407 ], [ -71.115888, 41.856001 ], [ -71.119461, 41.857652 ], [ -71.120956, 41.859007 ], [ -71.121601, 41.863289 ], [ -71.121117, 41.864201 ], [ -71.12112, 41.865047 ], [ -71.12277, 41.866593 ], [ -71.125422, 41.866379 ], [ -71.127412, 41.867604 ], [ -71.128362, 41.871053 ], [ -71.1369, 41.872478 ], [ -71.171092, 41.8776 ], [ -71.187692, 41.8799 ], [ -71.191892, 41.8968 ], [ -71.195393, 41.91 ], [ -71.163892, 41.9302 ], [ -71.157292, 41.9345 ], [ -71.154592, 41.9362 ], [ -71.152392, 41.9376 ], [ -71.142992, 41.9478 ], [ -71.130591, 41.961 ], [ -71.125791, 41.966 ], [ -71.120191, 41.9722 ], [ -71.101791, 41.9948 ], [ -71.102791, 41.9949 ], [ -71.111552, 41.995759 ], [ -71.120991, 41.9977 ], [ -71.124092, 41.997899 ], [ -71.156693, 41.999999 ], [ -71.159293, 42.013399 ], [ -71.159609, 42.015072 ], [ -71.161693, 42.026199 ], [ -71.166094, 42.048699 ], [ -71.168595, 42.061702 ], [ -71.141741, 42.071964 ], [ -71.138181, 42.073245 ], [ -71.139059, 42.080418 ], [ -71.138298, 42.085636 ], [ -71.136996, 42.089103 ], [ -71.132594, 42.0967 ], [ -71.13159, 42.099423 ], [ -71.130994, 42.102699 ], [ -71.131294, 42.105199 ], [ -71.133413, 42.11074 ], [ -71.13804, 42.117385 ], [ -71.142195, 42.1225 ], [ -71.147395, 42.1266 ], [ -71.150056, 42.134736 ], [ -71.149699, 42.137026 ], [ -71.149219, 42.137921 ], [ -71.149038, 42.138448 ], [ -71.163327, 42.141413 ], [ -71.162108, 42.145167 ], [ -71.162943, 42.145707 ], [ -71.164724, 42.146843 ], [ -71.171559, 42.151273 ], [ -71.176403, 42.155241 ], [ -71.175729, 42.155645 ], [ -71.177665, 42.163735 ], [ -71.180155, 42.165644 ], [ -71.186554, 42.161195 ], [ -71.186497, 42.153299 ], [ -71.1941, 42.14982 ], [ -71.214661, 42.140536 ], [ -71.219834, 42.138062 ], [ -71.223942, 42.136242 ], [ -71.225454, 42.135382 ], [ -71.227446, 42.133542 ], [ -71.23122, 42.131918 ], [ -71.233223, 42.128633 ], [ -71.232845, 42.125695 ], [ -71.230903, 42.123372 ], [ -71.235797, 42.122444 ], [ -71.238936, 42.120148 ], [ -71.238739, 42.112606 ], [ -71.238799, 42.106631 ], [ -71.251623, 42.105908 ], [ -71.259133, 42.103216 ], [ -71.263117, 42.101828 ], [ -71.263988, 42.101524 ], [ -71.271516, 42.098902 ], [ -71.280012, 42.08922 ], [ -71.287977, 42.103349 ], [ -71.295944, 42.117452 ], [ -71.2966, 42.119892 ], [ -71.299875, 42.125952 ], [ -71.29887, 42.126469 ], [ -71.29965, 42.129309 ], [ -71.299654, 42.129954 ], [ -71.299667, 42.130426 ], [ -71.30108, 42.134966 ], [ -71.301542, 42.135049 ], [ -71.301629, 42.136955 ], [ -71.300126, 42.138494 ], [ -71.300077, 42.146577 ], [ -71.303391, 42.149403 ], [ -71.304655, 42.149437 ], [ -71.339345, 42.149233 ], [ -71.338305, 42.151232 ], [ -71.333869, 42.153815 ], [ -71.333805, 42.156736 ], [ -71.332762, 42.157519 ], [ -71.331249, 42.157585 ], [ -71.33272, 42.158682 ], [ -71.333688, 42.166416 ], [ -71.332811, 42.169575 ], [ -71.327954, 42.172286 ], [ -71.325224, 42.172033 ], [ -71.322588, 42.173438 ], [ -71.318546, 42.173622 ], [ -71.317926, 42.177758 ], [ -71.320135, 42.179646 ], [ -71.322804, 42.180778 ], [ -71.325105, 42.181502 ], [ -71.326126, 42.182366 ], [ -71.328415, 42.186234 ], [ -71.330455, 42.187763 ], [ -71.331625, 42.188627 ], [ -71.333423, 42.188672 ], [ -71.333874, 42.188519 ], [ -71.335153, 42.188655 ], [ -71.33902, 42.192011 ], [ -71.344355, 42.198483 ], [ -71.343798, 42.200599 ], [ -71.346484, 42.203305 ], [ -71.350559, 42.205621 ], [ -71.351883, 42.20714 ], [ -71.351906, 42.210494 ], [ -71.35016, 42.21294 ], [ -71.347831, 42.214581 ], [ -71.346256, 42.21519 ], [ -71.339577, 42.213599 ], [ -71.338011, 42.215018 ], [ -71.32304, 42.215063 ], [ -71.317671, 42.21512 ], [ -71.311176, 42.21519 ], [ -71.287374, 42.215438 ], [ -71.270424, 42.215543 ], [ -71.267876, 42.209429 ], [ -71.269463, 42.20055 ], [ -71.267269, 42.200914 ], [ -71.263641, 42.2033 ], [ -71.260569, 42.204175 ], [ -71.257036, 42.20393 ], [ -71.251379, 42.202598 ], [ -71.2469, 42.214399 ], [ -71.2319, 42.256599 ], [ -71.232299, 42.258198 ], [ -71.2369, 42.259799 ], [ -71.239949, 42.259286 ], [ -71.244899, 42.259298 ], [ -71.246799, 42.258098 ], [ -71.248599, 42.255598 ], [ -71.2571, 42.254697 ], [ -71.2622, 42.257697 ], [ -71.262851, 42.258858 ], [ -71.2656, 42.259697 ], [ -71.2643, 42.255597 ], [ -71.265, 42.254697 ], [ -71.270245, 42.257502 ], [ -71.271001, 42.258798 ], [ -71.2759, 42.260797 ], [ -71.2775, 42.259997 ], [ -71.2784, 42.259697 ], [ -71.284101, 42.263297 ], [ -71.286801, 42.265897 ], [ -71.287501, 42.265397 ], [ -71.290901, 42.266997 ], [ -71.294701, 42.264997 ], [ -71.298201, 42.266997 ], [ -71.298727, 42.266577 ], [ -71.299823, 42.269143 ], [ -71.295801, 42.272197 ], [ -71.294501, 42.273197 ], [ -71.287401, 42.277897 ], [ -71.2793, 42.283797 ], [ -71.269001, 42.290898 ], [ -71.263801, 42.294598 ], [ -71.262501, 42.295398 ], [ -71.258801, 42.298098 ], [ -71.2552, 42.300797 ], [ -71.2494, 42.304897 ], [ -71.2483, 42.305597 ], [ -71.2458, 42.307497 ], [ -71.233399, 42.315897 ], [ -71.230699, 42.316497 ], [ -71.229299, 42.316197 ], [ -71.2275, 42.315298 ], [ -71.226799, 42.312297 ], [ -71.223799, 42.307197 ], [ -71.220599, 42.306297 ], [ -71.216899, 42.306497 ], [ -71.21104, 42.303007 ], [ -71.208098, 42.297097 ], [ -71.204698, 42.289397 ], [ -71.200298, 42.287597 ], [ -71.196198, 42.286097 ], [ -71.194198, 42.287997 ], [ -71.191198, 42.282697 ], [ -71.178398, 42.294497 ], [ -71.176298, 42.295897 ], [ -71.169497, 42.300497 ], [ -71.164697, 42.303697 ], [ -71.159897, 42.300497 ], [ -71.153197, 42.295497 ], [ -71.150197, 42.295397 ], [ -71.146797, 42.297297 ], [ -71.145797, 42.297897 ], [ -71.142097, 42.300497 ], [ -71.141597, 42.300897 ], [ -71.140097, 42.302097 ], [ -71.135097, 42.308197 ], [ -71.134497, 42.309197 ], [ -71.130796, 42.314497 ], [ -71.127096, 42.318497 ], [ -71.124096, 42.321997 ], [ -71.119396, 42.322797 ], [ -71.119396, 42.322597 ], [ -71.118896, 42.321297 ], [ -71.116696, 42.320997 ], [ -71.112096, 42.321697 ], [ -71.110196, 42.321997 ], [ -71.108621, 42.322237 ], [ -71.108296, 42.322297 ], [ -71.105164, 42.319266 ], [ -71.104086, 42.32011 ], [ -71.103396, 42.319497 ], [ -71.102896, 42.319197 ], [ -71.104246, 42.316846 ], [ -71.101311, 42.31396 ], [ -71.100596, 42.313597 ], [ -71.101665, 42.312334 ], [ -71.102676, 42.311372 ], [ -71.10197, 42.311064 ], [ -71.098196, 42.309898 ], [ -71.099016, 42.309219 ], [ -71.102674, 42.306038 ], [ -71.103896, 42.303198 ], [ -71.104496, 42.302798 ], [ -71.104996, 42.302298 ], [ -71.104697, 42.299999 ], [ -71.096395, 42.293098 ], [ -71.101695, 42.292998 ], [ -71.108096, 42.288598 ], [ -71.105396, 42.286598 ], [ -71.099995, 42.282098 ], [ -71.104634, 42.281017 ], [ -71.107767, 42.278134 ], [ -71.109196, 42.274248 ], [ -71.110396, 42.274998 ], [ -71.112296, 42.271798 ], [ -71.110295, 42.270798 ], [ -71.111031, 42.269128 ], [ -71.111696, 42.267298 ], [ -71.110899, 42.266068 ], [ -71.117996, 42.263998 ], [ -71.119038, 42.261828 ], [ -71.11763, 42.260939 ], [ -71.118697, 42.259499 ], [ -71.115597, 42.257599 ], [ -71.115099, 42.258557 ], [ -71.114312, 42.258203 ], [ -71.115396, 42.257298 ], [ -71.112995, 42.258698 ], [ -71.112495, 42.258198 ], [ -71.107201, 42.260068 ], [ -71.104995, 42.260698 ], [ -71.101231, 42.260816 ], [ -71.100843, 42.26109 ], [ -71.100179, 42.26156 ], [ -71.099893, 42.261762 ], [ -71.099428, 42.262092 ], [ -71.097995, 42.262898 ], [ -71.094895, 42.266898 ], [ -71.093795, 42.266898 ], [ -71.089995, 42.267998 ], [ -71.089516, 42.269627 ], [ -71.087775, 42.269466 ], [ -71.085795, 42.269198 ], [ -71.079595, 42.269698 ], [ -71.074894, 42.270298 ], [ -71.074794, 42.271398 ], [ -71.076779, 42.271495 ], [ -71.077296, 42.273599 ], [ -71.078895, 42.273398 ], [ -71.078995, 42.273698 ], [ -71.079095, 42.275098 ], [ -71.077995, 42.275398 ], [ -71.076995, 42.277198 ], [ -71.079895, 42.278698 ], [ -71.080875, 42.27928 ], [ -71.081458, 42.27962 ], [ -71.078495, 42.280398 ], [ -71.075795, 42.280998 ], [ -71.070994, 42.281898 ], [ -71.064952, 42.283453 ], [ -71.064294, 42.285698 ], [ -71.064194, 42.285998 ], [ -71.067055, 42.288984 ], [ -71.069839, 42.289833 ], [ -71.067194, 42.290698 ], [ -71.067494, 42.291398 ], [ -71.065394, 42.291998 ], [ -71.064494, 42.292398 ], [ -71.065094, 42.294098 ], [ -71.063094, 42.294698 ], [ -71.062994, 42.295598 ], [ -71.062394, 42.295798 ], [ -71.062494, 42.296398 ], [ -71.064394, 42.295998 ], [ -71.064994, 42.297398 ], [ -71.066295, 42.296998 ], [ -71.064294, 42.299198 ], [ -71.060094, 42.300198 ], [ -71.058894, 42.300198 ], [ -71.055894, 42.301098 ], [ -71.056294, 42.302898 ], [ -71.058097, 42.302257 ], [ -71.057789, 42.301651 ], [ -71.05947, 42.301169 ], [ -71.059794, 42.301498 ], [ -71.059294, 42.303098 ], [ -71.058894, 42.305198 ], [ -71.058594, 42.306798 ], [ -71.058394, 42.307598 ], [ -71.058294, 42.307698 ], [ -71.057294, 42.312898 ], [ -71.058894, 42.312698 ], [ -71.059194, 42.311098 ], [ -71.059994, 42.309898 ], [ -71.060694, 42.310098 ], [ -71.061745, 42.310462 ], [ -71.064508, 42.312553 ], [ -71.064795, 42.312698 ], [ -71.065295, 42.313398 ], [ -71.065895, 42.314698 ], [ -71.067395, 42.314598 ], [ -71.069195, 42.314498 ], [ -71.069495, 42.314298 ], [ -71.070395, 42.314098 ], [ -71.070695, 42.313898 ], [ -71.070995, 42.313098 ], [ -71.07158, 42.311815 ], [ -71.073195, 42.312198 ], [ -71.074595, 42.312698 ], [ -71.075095, 42.311998 ], [ -71.079347, 42.313946 ], [ -71.078995, 42.314598 ], [ -71.078395, 42.315898 ], [ -71.077995, 42.318097 ], [ -71.077979, 42.318305 ], [ -71.077899, 42.319277 ], [ -71.077895, 42.320297 ], [ -71.076795, 42.322797 ], [ -71.0777, 42.323162 ], [ -71.078995, 42.323697 ], [ -71.079695, 42.324097 ], [ -71.078795, 42.324797 ], [ -71.080595, 42.325897 ], [ -71.081045, 42.328266 ], [ -71.083747, 42.328547 ], [ -71.083415, 42.330517 ], [ -71.082835, 42.331178 ], [ -71.081382, 42.332795 ], [ -71.080838, 42.333414 ], [ -71.077895, 42.335997 ], [ -71.077238, 42.336441 ], [ -71.075195, 42.337897 ], [ -71.074495, 42.338297 ], [ -71.072647, 42.33945 ], [ -71.071896, 42.339898 ], [ -71.071171, 42.340395 ], [ -71.070605, 42.340726 ], [ -71.071795, 42.341497 ], [ -71.071557, 42.341644 ], [ -71.073295, 42.343097 ], [ -71.072041, 42.343759 ], [ -71.071695, 42.343997 ], [ -71.070083, 42.345273 ], [ -71.06735, 42.344279 ], [ -71.065995, 42.347197 ], [ -71.065635, 42.348811 ], [ -71.065095, 42.351697 ], [ -71.064895, 42.352397 ], [ -71.064541, 42.353277 ], [ -71.062595, 42.356197 ], [ -71.062336, 42.35645 ], [ -71.063296, 42.357598 ], [ -71.062842, 42.357805 ], [ -71.063024, 42.3596 ], [ -71.064719, 42.359613 ], [ -71.064745, 42.359434 ], [ -71.06535, 42.359442 ], [ -71.066688, 42.359406 ], [ -71.066737, 42.361287 ], [ -71.067235, 42.361287 ], [ -71.069013, 42.361272 ], [ -71.070395, 42.36123 ], [ -71.070332, 42.359618 ], [ -71.070195, 42.358897 ], [ -71.069734, 42.357954 ], [ -71.069348, 42.357221 ], [ -71.070214, 42.357012 ], [ -71.070574, 42.357778 ], [ -71.070995, 42.357697 ], [ -71.072195, 42.357497 ], [ -71.072326, 42.357471 ], [ -71.071885, 42.356584 ], [ -71.073331, 42.356141 ], [ -71.073296, 42.355698 ], [ -71.07524, 42.355186 ], [ -71.075626, 42.355939 ], [ -71.075692, 42.356068 ], [ -71.075999, 42.356663 ], [ -71.077095, 42.358697 ] ] ] } }
]
}
