{
"type": "FeatureCollection",
"name": "Georgia_CD_1996_2000",
"crs": { "type": "name", "properties": { "name": "urn:ogc:def:crs:OGC:1.3:CRS84" } },
"features": [
{ "type": "Feature", "properties": { "DISTRICT": "8", "STARTCONG": "105", "ENDCONG": "107", "ST": "14", "STA": "GA", "ELECT_YEAR": "1996-2000", "TYPE": "US Cong" }, "geometry": { "type": "Polygon", "coordinates": [ [ [ -84.041498, 33.202629 ], [ -84.022139, 33.202592 ], [ -84.001995, 33.202546 ], [ -83.993637, 33.202319 ], [ -83.980701, 33.202348 ], [ -83.940485, 33.202061 ], [ -83.936455, 33.201947 ], [ -83.935994, 33.201957 ], [ -83.93346, 33.202015 ], [ -83.921502, 33.201778 ], [ -83.905388, 33.201667 ], [ -83.876075, 33.202448 ], [ -83.874905, 33.202322 ], [ -83.869339, 33.201933 ], [ -83.859672, 33.200587 ], [ -83.853597, 33.196652 ], [ -83.852344, 33.194707 ], [ -83.849785, 33.195074 ], [ -83.845729, 33.196998 ], [ -83.842489, 33.196724 ], [ -83.839956, 33.194962 ], [ -83.840064, 33.192627 ], [ -83.83508, 33.186769 ], [ -83.832601, 33.184664 ], [ -83.825767, 33.181872 ], [ -83.824025, 33.181781 ], [ -83.822419, 33.180567 ], [ -83.82211, 33.180294 ], [ -83.824044, 33.177384 ], [ -83.824484, 33.175168 ], [ -83.82378, 33.172615 ], [ -83.82437, 33.16305 ], [ -83.823609, 33.159336 ], [ -83.821613, 33.156181 ], [ -83.817672, 33.152539 ], [ -83.814261, 33.148523 ], [ -83.814234, 33.14724 ], [ -83.816824, 33.144829 ], [ -83.817249, 33.142128 ], [ -83.815761, 33.133436 ], [ -83.8159, 33.131837 ], [ -83.816845, 33.126463 ], [ -83.816362, 33.124563 ], [ -83.813794, 33.122129 ], [ -83.811549, 33.121809 ], [ -83.808924, 33.122308 ], [ -83.805984, 33.121782 ], [ -83.799014, 33.116578 ], [ -83.796806, 33.1135 ], [ -83.795548, 33.110121 ], [ -83.794708, 33.104086 ], [ -83.783452, 33.09541 ], [ -83.780779, 33.092047 ], [ -83.779438, 33.086564 ], [ -83.774468, 33.079703 ], [ -83.76732, 33.07664 ], [ -83.763116, 33.073613 ], [ -83.760795, 33.070557 ], [ -83.756446, 33.068634 ], [ -83.752986, 33.067748 ], [ -83.747004, 33.063373 ], [ -83.745622, 33.060999 ], [ -83.745764, 33.058815 ], [ -83.74531, 33.05724 ], [ -83.743358, 33.053728 ], [ -83.740374, 33.051231 ], [ -83.73811, 33.048595 ], [ -83.738003, 33.045439 ], [ -83.737309, 33.043866 ], [ -83.731818, 33.038128 ], [ -83.727954, 33.035402 ], [ -83.72537, 33.032666 ], [ -83.72401, 33.028008 ], [ -83.723045, 33.02656 ], [ -83.72121, 33.02336 ], [ -83.721638, 33.021981 ], [ -83.722661, 33.019959 ], [ -83.726961, 33.01646 ], [ -83.728819, 33.014913 ], [ -83.729647, 33.013565 ], [ -83.726836, 33.00754 ], [ -83.726029, 33.006739 ], [ -83.721292, 33.004589 ], [ -83.719838, 33.002954 ], [ -83.718982, 33.001079 ], [ -83.719821, 32.999526 ], [ -83.723453, 32.997238 ], [ -83.724221, 32.995591 ], [ -83.724573, 32.992391 ], [ -83.721565, 32.987639 ], [ -83.721405, 32.981687 ], [ -83.722989, 32.977319 ], [ -83.722845, 32.976375 ], [ -83.715485, 32.969351 ], [ -83.713277, 32.968151 ], [ -83.708045, 32.966615 ], [ -83.706717, 32.965559 ], [ -83.706093, 32.964391 ], [ -83.706221, 32.960984 ], [ -83.709853, 32.956248 ], [ -83.710685, 32.952792 ], [ -83.710365, 32.951896 ], [ -83.709373, 32.951224 ], [ -83.705117, 32.950216 ], [ -83.700557, 32.943976 ], [ -83.701533, 32.940856 ], [ -83.701533, 32.938056 ], [ -83.699197, 32.930936 ], [ -83.698029, 32.925273 ], [ -83.698046, 32.921577 ], [ -83.69587, 32.916633 ], [ -83.69411, 32.915273 ], [ -83.691197, 32.913961 ], [ -83.686077, 32.910169 ], [ -83.680125, 32.904761 ], [ -83.674501, 32.902937 ], [ -83.666601, 32.900337 ], [ -83.663301, 32.898737 ], [ -83.660601, 32.896137 ], [ -83.658601, 32.887837 ], [ -83.658201, 32.887837 ], [ -83.658217, 32.887913 ], [ -83.6311, 32.887837 ], [ -83.6201, 32.887837 ], [ -83.614221, 32.887849 ], [ -83.6121, 32.887837 ], [ -83.599399, 32.887837 ], [ -83.598199, 32.887837 ], [ -83.591499, 32.879837 ], [ -83.585099, 32.872638 ], [ -83.584599, 32.871738 ], [ -83.579199, 32.865638 ], [ -83.577899, 32.865838 ], [ -83.575299, 32.868138 ], [ -83.569299, 32.873437 ], [ -83.568599, 32.874137 ], [ -83.564902, 32.877249 ], [ -83.564798, 32.877337 ], [ -83.559298, 32.872337 ], [ -83.557698, 32.871137 ], [ -83.550498, 32.864838 ], [ -83.548698, 32.863438 ], [ -83.523451, 32.84129 ], [ -83.51641, 32.847066 ], [ -83.51361, 32.844746 ], [ -83.492846, 32.855122 ], [ -83.486931, 32.858107 ], [ -83.435553, 32.883996 ], [ -83.407188, 32.89824 ], [ -83.39579, 32.878217 ], [ -83.383749, 32.85706 ], [ -83.37052, 32.833816 ], [ -83.354897, 32.806367 ], [ -83.3344, 32.770354 ], [ -83.300032, 32.70986 ], [ -83.283777, 32.681233 ], [ -83.274149, 32.664181 ], [ -83.25154, 32.624041 ], [ -83.245606, 32.613064 ], [ -83.238779, 32.601996 ], [ -83.238726, 32.601919 ], [ -83.226579, 32.584256 ], [ -83.22338, 32.578424 ], [ -83.179254, 32.497369 ], [ -83.166698, 32.474189 ], [ -83.159374, 32.460664 ], [ -83.15396, 32.450667 ], [ -83.138991, 32.423069 ], [ -83.122647, 32.393012 ], [ -83.122289, 32.392307 ], [ -83.111323, 32.371841 ], [ -83.074484, 32.30322 ], [ -83.056585, 32.269781 ], [ -83.035963, 32.23077 ], [ -83.021699, 32.204855 ], [ -83.020754, 32.20314 ], [ -83.016448, 32.194816 ], [ -83.012466, 32.187108 ], [ -82.999868, 32.164204 ], [ -82.994105, 32.152799 ], [ -82.990967, 32.147274 ], [ -82.958485, 32.163067 ], [ -82.955379, 32.164164 ], [ -82.899528, 32.191848 ], [ -82.886964, 32.197974 ], [ -82.884803, 32.196072 ], [ -82.878148, 32.200249 ], [ -82.871563, 32.194474 ], [ -82.864251, 32.199912 ], [ -82.858318, 32.194461 ], [ -82.858308, 32.194386 ], [ -82.8161, 32.22997 ], [ -82.770297, 32.268343 ], [ -82.768806, 32.269571 ], [ -82.761881, 32.264176 ], [ -82.758366, 32.266961 ], [ -82.755059, 32.269774 ], [ -82.761959, 32.275574 ], [ -82.749859, 32.286324 ], [ -82.729532, 32.303044 ], [ -82.729513, 32.303061 ], [ -82.721964, 32.309284 ], [ -82.722747, 32.310812 ], [ -82.723554, 32.310801 ], [ -82.724671, 32.308901 ], [ -82.725565, 32.308705 ], [ -82.729831, 32.310891 ], [ -82.730326, 32.311949 ], [ -82.729791, 32.312453 ], [ -82.729264, 32.315444 ], [ -82.735339, 32.319606 ], [ -82.739594, 32.327169 ], [ -82.747922, 32.328825 ], [ -82.748468, 32.329497 ], [ -82.74504, 32.333234 ], [ -82.744977510742189, 32.337604508105478 ], [ -82.744208, 32.34153 ], [ -82.742249, 32.341758 ], [ -82.741752, 32.34095 ], [ -82.742139, 32.338714 ], [ -82.740456, 32.337633 ], [ -82.737137, 32.33803 ], [ -82.734848, 32.34047 ], [ -82.727736, 32.354779 ], [ -82.727606, 32.355623 ], [ -82.728226, 32.356489 ], [ -82.729534, 32.356892 ], [ -82.7314, 32.356405 ], [ -82.731864, 32.356714 ], [ -82.731727, 32.35722 ], [ -82.728274, 32.362639 ], [ -82.725552, 32.361898 ], [ -82.724903, 32.362312 ], [ -82.724437, 32.363573 ], [ -82.723984, 32.363651 ], [ -82.722562, 32.364953 ], [ -82.722581, 32.365048 ], [ -82.723391, 32.365849 ], [ -82.722772, 32.369469 ], [ -82.717699, 32.371876 ], [ -82.716998, 32.372952 ], [ -82.719494, 32.375171 ], [ -82.719568, 32.375235 ], [ -82.720072, 32.375672 ], [ -82.720082, 32.375695 ], [ -82.720315, 32.376794 ], [ -82.716943, 32.381995 ], [ -82.715675, 32.385065 ], [ -82.715378, 32.38676 ], [ -82.716247, 32.389933 ], [ -82.71625, 32.389963 ], [ -82.716514, 32.392051 ], [ -82.715812, 32.393014 ], [ -82.7143, 32.392808 ], [ -82.712545, 32.391365 ], [ -82.710197, 32.39203 ], [ -82.706876, 32.393955 ], [ -82.706852, 32.394077 ], [ -82.706229, 32.395833 ], [ -82.704555, 32.397231 ], [ -82.70253, 32.398124 ], [ -82.697429, 32.40731 ], [ -82.697321, 32.408913 ], [ -82.699698, 32.415167 ], [ -82.699618, 32.420527 ], [ -82.702051, 32.431544 ], [ -82.701727, 32.432598 ], [ -82.700326, 32.433997 ], [ -82.690475, 32.443792 ], [ -82.6906, 32.445748 ], [ -82.694544, 32.450398 ], [ -82.694788, 32.452253 ], [ -82.693923, 32.454155 ], [ -82.693899, 32.454158 ], [ -82.692341, 32.453752 ], [ -82.692252, 32.453669 ], [ -82.68906, 32.456514 ], [ -82.688574, 32.458484 ], [ -82.685628, 32.4605 ], [ -82.676415, 32.462149 ], [ -82.672416, 32.462607 ], [ -82.665203, 32.46098 ], [ -82.663555, 32.46011 ], [ -82.663181, 32.460061 ], [ -82.648259, 32.46739 ], [ -82.647101, 32.468352 ], [ -82.645554, 32.473391 ], [ -82.645473, 32.473506 ], [ -82.644986, 32.474785 ], [ -82.644418, 32.476277 ], [ -82.644364, 32.476392 ], [ -82.642367, 32.481995 ], [ -82.640888, 32.48517 ], [ -82.633126, 32.491037 ], [ -82.635427, 32.495817 ], [ -82.636544, 32.495424 ], [ -82.639788, 32.495929 ], [ -82.648625, 32.499849 ], [ -82.653243, 32.50344 ], [ -82.654296, 32.506098 ], [ -82.657126, 32.507103 ], [ -82.647441, 32.512675 ], [ -82.636936, 32.5084 ], [ -82.63281, 32.507553 ], [ -82.624856, 32.506842 ], [ -82.621286, 32.505788 ], [ -82.614499, 32.50515 ], [ -82.598794, 32.505659 ], [ -82.586818, 32.506624 ], [ -82.576383, 32.506534 ], [ -82.562791, 32.505704 ], [ -82.56065, 32.503878 ], [ -82.552783, 32.500168 ], [ -82.547718, 32.498565 ], [ -82.544975, 32.49823 ], [ -82.540542, 32.498069 ], [ -82.532838, 32.496625 ], [ -82.526189, 32.497334 ], [ -82.516158, 32.499278 ], [ -82.504536, 32.497464 ], [ -82.498823, 32.498124 ], [ -82.49593, 32.497049 ], [ -82.494118, 32.495675 ], [ -82.493227, 32.496042 ], [ -82.490551, 32.496502 ], [ -82.49055, 32.494967 ], [ -82.489467, 32.492012 ], [ -82.488412, 32.491486 ], [ -82.485762, 32.491326 ], [ -82.485195, 32.492128 ], [ -82.482573, 32.491946 ], [ -82.473976, 32.488765 ], [ -82.47376, 32.488238 ], [ -82.474678, 32.486978 ], [ -82.47357, 32.485695 ], [ -82.463972, 32.478368 ], [ -82.460972, 32.47814 ], [ -82.460141, 32.477238 ], [ -82.459513, 32.476353 ], [ -82.45708, 32.475139 ], [ -82.450216, 32.474705 ], [ -82.446754, 32.470787 ], [ -82.445486, 32.470101 ], [ -82.439838, 32.469139 ], [ -82.433811, 32.467444 ], [ -82.429244, 32.465245 ], [ -82.424164, 32.461236 ], [ -82.422841, 32.458831 ], [ -82.420544, 32.456975 ], [ -82.416789, 32.455737 ], [ -82.405361, 32.453353 ], [ -82.398228, 32.451541 ], [ -82.393095, 32.448607 ], [ -82.39215, 32.447942 ], [ -82.392313, 32.446385 ], [ -82.390801, 32.443475 ], [ -82.386021, 32.440174 ], [ -82.384185, 32.43983 ], [ -82.382059, 32.440397 ], [ -82.387328, 32.429394 ], [ -82.391314, 32.419973 ], [ -82.394273, 32.412985 ], [ -82.393685, 32.40034 ], [ -82.393795, 32.395689 ], [ -82.394607, 32.391543 ], [ -82.396985, 32.386344 ], [ -82.402496, 32.380137 ], [ -82.403593, 32.379194 ], [ -82.407749, 32.372322 ], [ -82.409089, 32.369516 ], [ -82.411305, 32.364741 ], [ -82.411184, 32.358915 ], [ -82.410224, 32.355548 ], [ -82.409213, 32.353913 ], [ -82.409125, 32.353846 ], [ -82.409175, 32.353493 ], [ -82.409187, 32.353419 ], [ -82.429924, 32.294483 ], [ -82.432998, 32.275163 ], [ -82.436552, 32.251513 ], [ -82.436768, 32.243605 ], [ -82.437782, 32.23728 ], [ -82.43886, 32.231155 ], [ -82.439207, 32.229181 ], [ -82.439769, 32.225822 ], [ -82.443066, 32.207316 ], [ -82.446044, 32.190888 ], [ -82.453232, 32.151216 ], [ -82.453581, 32.149294 ], [ -82.453732, 32.148462 ], [ -82.463735, 32.090643 ], [ -82.463887, 32.089647 ], [ -82.466028, 32.075648 ], [ -82.466965, 32.069521 ], [ -82.470288, 32.048133 ], [ -82.474029, 32.025391 ], [ -82.478142, 32.003407 ], [ -82.480052, 31.993689 ], [ -82.481128, 31.984863 ], [ -82.481325, 31.983249 ], [ -82.48259, 31.972875 ], [ -82.481886, 31.971558 ], [ -82.481052, 31.970689 ], [ -82.479152, 31.971889 ], [ -82.477552, 31.971789 ], [ -82.471352, 31.968589 ], [ -82.468393, 31.967803 ], [ -82.457552, 31.96379 ], [ -82.453551, 31.96409 ], [ -82.444451, 31.96749 ], [ -82.439351, 31.96779 ], [ -82.431531, 31.966182 ], [ -82.424751, 31.964191 ], [ -82.41785, 31.959591 ], [ -82.40845, 31.956091 ], [ -82.40755, 31.954092 ], [ -82.40835, 31.950792 ], [ -82.40725, 31.949492 ], [ -82.40635, 31.949292 ], [ -82.40405, 31.949492 ], [ -82.40205, 31.951692 ], [ -82.40195, 31.953692 ], [ -82.40415, 31.956492 ], [ -82.40445, 31.957892 ], [ -82.40295, 31.959892 ], [ -82.40085, 31.960292 ], [ -82.39795, 31.959092 ], [ -82.39325, 31.955592 ], [ -82.39205, 31.951092 ], [ -82.39085, 31.949292 ], [ -82.38715, 31.948192 ], [ -82.385849, 31.949292 ], [ -82.385449, 31.951392 ], [ -82.386549, 31.953792 ], [ -82.389049, 31.956592 ], [ -82.389049, 31.957792 ], [ -82.387649, 31.959692 ], [ -82.385495, 31.960226 ], [ -82.384467, 31.96003 ], [ -82.383161, 31.959465 ], [ -82.380925, 31.956015 ], [ -82.379537, 31.95498 ], [ -82.372127, 31.953975 ], [ -82.371549, 31.953493 ], [ -82.372149, 31.951193 ], [ -82.375449, 31.949293 ], [ -82.378449, 31.945993 ], [ -82.378749, 31.943793 ], [ -82.378049, 31.942093 ], [ -82.37242, 31.941456 ], [ -82.36503, 31.943641 ], [ -82.362334, 31.94369 ], [ -82.359307, 31.941735 ], [ -82.357956, 31.939608 ], [ -82.355082, 31.939142 ], [ -82.337351, 31.937162 ], [ -82.329672, 31.934777 ], [ -82.323277, 31.934495 ], [ -82.314482, 31.930783 ], [ -82.313138, 31.930912 ], [ -82.30887, 31.932698 ], [ -82.307927, 31.935504 ], [ -82.307771, 31.936661 ], [ -82.308585, 31.937825 ], [ -82.31069, 31.938465 ], [ -82.313033, 31.940407 ], [ -82.315355, 31.942818 ], [ -82.31611, 31.94416 ], [ -82.316117, 31.945237 ], [ -82.315103, 31.946621 ], [ -82.313927, 31.947131 ], [ -82.31165, 31.947511 ], [ -82.310705, 31.947212 ], [ -82.308768, 31.945471 ], [ -82.307221, 31.94309 ], [ -82.303923, 31.937216 ], [ -82.302795, 31.933901 ], [ -82.301112, 31.93327 ], [ -82.298094, 31.933989 ], [ -82.295326, 31.938865 ], [ -82.293337, 31.940835 ], [ -82.291498, 31.94251 ], [ -82.288309, 31.942784 ], [ -82.286418, 31.942443 ], [ -82.283269, 31.94076 ], [ -82.277617, 31.937071 ], [ -82.270334, 31.935871 ], [ -82.268323, 31.932985 ], [ -82.26776, 31.929775 ], [ -82.266779, 31.928408 ], [ -82.263156, 31.927953 ], [ -82.261386, 31.928995 ], [ -82.259705, 31.932406 ], [ -82.256433, 31.931951 ], [ -82.255809, 31.931345 ], [ -82.255454, 31.928741 ], [ -82.254586, 31.927471 ], [ -82.251187, 31.923515 ], [ -82.249845, 31.922601 ], [ -82.247745, 31.916497 ], [ -82.246845, 31.915097 ], [ -82.244545, 31.914497 ], [ -82.242945, 31.915098 ], [ -82.238245, 31.920098 ], [ -82.236345, 31.920498 ], [ -82.232845, 31.918898 ], [ -82.231845, 31.917098 ], [ -82.231645, 31.913398 ], [ -82.230945, 31.912398 ], [ -82.229645, 31.911798 ], [ -82.225042, 31.913074 ], [ -82.219545, 31.909898 ], [ -82.218545, 31.909498 ], [ -82.214845, 31.909898 ], [ -82.212704, 31.909498 ], [ -82.206644, 31.910298 ], [ -82.201344, 31.906298 ], [ -82.199144, 31.906099 ], [ -82.195244, 31.906799 ], [ -82.192044, 31.906499 ], [ -82.190644, 31.904499 ], [ -82.190744, 31.903499 ], [ -82.192244, 31.901799 ], [ -82.192044, 31.900899 ], [ -82.191344, 31.900499 ], [ -82.182044, 31.901199 ], [ -82.165843, 31.903599 ], [ -82.160043, 31.903999 ], [ -82.155443, 31.903099 ], [ -82.151543, 31.901 ], [ -82.148643, 31.8988 ], [ -82.145143, 31.8981 ], [ -82.142843, 31.8993 ], [ -82.139943, 31.9057 ], [ -82.136543, 31.9078 ], [ -82.134243, 31.908 ], [ -82.132943, 31.9074 ], [ -82.131743, 31.9058 ], [ -82.131243, 31.9027 ], [ -82.134153, 31.897408 ], [ -82.136486, 31.894548 ], [ -82.135843, 31.8922 ], [ -82.134843, 31.891 ], [ -82.133443, 31.8904 ], [ -82.129443, 31.8904 ], [ -82.125543, 31.8897 ], [ -82.120442, 31.886101 ], [ -82.117442, 31.886601 ], [ -82.115942, 31.888001 ], [ -82.115342, 31.889701 ], [ -82.116942, 31.8988 ], [ -82.116642, 31.8997 ], [ -82.114914, 31.900982 ], [ -82.113858, 31.901188 ], [ -82.111818, 31.900487 ], [ -82.110242, 31.897901 ], [ -82.110542, 31.895501 ], [ -82.110242, 31.888801 ], [ -82.107842, 31.883701 ], [ -82.109993, 31.870418 ], [ -82.110866, 31.869233 ], [ -82.116413, 31.866346 ], [ -82.116997, 31.865414 ], [ -82.115473, 31.862854 ], [ -82.109517, 31.863954 ], [ -82.107221, 31.863821 ], [ -82.098296, 31.858429 ], [ -82.094591, 31.853978 ], [ -82.084506, 31.847941 ], [ -82.082262, 31.843444 ], [ -82.081309, 31.842806 ], [ -82.072376, 31.840437 ], [ -82.066071, 31.838215 ], [ -82.058628, 31.832357 ], [ -82.048641, 31.827168 ], [ -82.049728, 31.827018 ], [ -82.050704, 31.8272 ], [ -82.053914, 31.827797 ], [ -82.057215, 31.827751 ], [ -82.059416, 31.827224 ], [ -82.061214, 31.825689 ], [ -82.065078, 31.82546 ], [ -82.067682, 31.827545 ], [ -82.076404, 31.829239 ], [ -82.079919, 31.827749 ], [ -82.082603, 31.824724 ], [ -82.087165, 31.822317 ], [ -82.087242, 31.799504 ], [ -82.106542, 31.799803 ], [ -82.106625, 31.797541 ], [ -82.107042, 31.786104 ], [ -82.089342, 31.785904 ], [ -82.089437, 31.773434 ], [ -82.089442, 31.772905 ], [ -82.129812, 31.773341 ], [ -82.133245, 31.773388 ], [ -82.133334, 31.758242 ], [ -82.133348, 31.737959 ], [ -82.133339, 31.705537 ], [ -82.133317, 31.701887 ], [ -82.13321, 31.696807 ], [ -82.133437, 31.673619 ], [ -82.133521, 31.66734 ], [ -82.133471, 31.658405 ], [ -82.13358, 31.655082 ], [ -82.133716, 31.651852 ], [ -82.133625, 31.634639 ], [ -82.133594, 31.631207 ], [ -82.133621, 31.630703 ], [ -82.133693, 31.625208 ], [ -82.133709, 31.622657 ], [ -82.133582, 31.617387 ], [ -82.133556, 31.607694 ], [ -82.133613, 31.600378 ], [ -82.133616, 31.595619 ], [ -82.133141, 31.58637 ], [ -82.132942, 31.56931 ], [ -82.147942, 31.569109 ], [ -82.147809, 31.561287 ], [ -82.147926, 31.557308 ], [ -82.133023, 31.557508 ], [ -82.132915, 31.555955 ], [ -82.133001, 31.545827 ], [ -82.132923, 31.542459 ], [ -82.133117, 31.497227 ], [ -82.133039, 31.490876 ], [ -82.132795, 31.471262 ], [ -82.136625, 31.470071 ], [ -82.141021, 31.469426 ], [ -82.150566, 31.469782 ], [ -82.151155, 31.469933 ], [ -82.154988, 31.471076 ], [ -82.164287, 31.476195 ], [ -82.176783, 31.485573 ], [ -82.180259, 31.488621 ], [ -82.199757, 31.506261 ], [ -82.208244, 31.510511 ], [ -82.219045, 31.51871 ], [ -82.221545, 31.52171 ], [ -82.226844, 31.530709 ], [ -82.239749, 31.530656 ], [ -82.239614, 31.52864 ], [ -82.239586, 31.52589 ], [ -82.23918, 31.517688 ], [ -82.255946, 31.517409 ], [ -82.255846, 31.50541 ], [ -82.266938, 31.505653 ], [ -82.269547, 31.50571 ], [ -82.269825, 31.492645 ], [ -82.296942, 31.49309 ], [ -82.300426, 31.493148 ], [ -82.300644, 31.467764 ], [ -82.315008, 31.467872 ], [ -82.315112, 31.457138 ], [ -82.330021, 31.457095 ], [ -82.33047, 31.442071 ], [ -82.336317, 31.441943 ], [ -82.344989, 31.441755 ], [ -82.344845, 31.430173 ], [ -82.356845, 31.430095 ], [ -82.36946, 31.430013 ], [ -82.381024, 31.430231 ], [ -82.399997, 31.430227 ], [ -82.401339, 31.430227 ], [ -82.401622, 31.422931 ], [ -82.401786, 31.416899 ], [ -82.417544, 31.416814 ], [ -82.420699, 31.416821 ], [ -82.420601, 31.401692 ], [ -82.403705, 31.401545 ], [ -82.403572, 31.400842 ], [ -82.403676, 31.390864 ], [ -82.418949, 31.390863 ], [ -82.420797, 31.390863 ], [ -82.420844, 31.378876 ], [ -82.404015, 31.37879 ], [ -82.404189, 31.360315 ], [ -82.401415, 31.360337 ], [ -82.391776, 31.360427 ], [ -82.389187, 31.360582 ], [ -82.389248, 31.329646 ], [ -82.389503, 31.320884 ], [ -82.389769, 31.312469 ], [ -82.387675, 31.311817 ], [ -82.387474, 31.296757 ], [ -82.387348, 31.296841 ], [ -82.385826, 31.297421 ], [ -82.385988, 31.295214 ], [ -82.384282, 31.291364 ], [ -82.377826, 31.290903 ], [ -82.374852, 31.29018 ], [ -82.367552, 31.285817 ], [ -82.368591, 31.28396 ], [ -82.369576, 31.280568 ], [ -82.369788, 31.27736 ], [ -82.361967, 31.269299 ], [ -82.35671, 31.265222 ], [ -82.357458, 31.264317 ], [ -82.357914, 31.264036 ], [ -82.357829, 31.263503 ], [ -82.351158, 31.258029 ], [ -82.340859, 31.252487 ], [ -82.33718, 31.24678 ], [ -82.335926, 31.245864 ], [ -82.333045, 31.241625 ], [ -82.327731, 31.240216 ], [ -82.323369, 31.238724 ], [ -82.323116, 31.238645 ], [ -82.322337, 31.238309 ], [ -82.322204, 31.238271 ], [ -82.317816, 31.234797 ], [ -82.31784, 31.234318 ], [ -82.318456, 31.232531 ], [ -82.315095, 31.226138 ], [ -82.302323, 31.224833 ], [ -82.29587, 31.226528 ], [ -82.292776, 31.22662 ], [ -82.288403, 31.225955 ], [ -82.289017, 31.224442 ], [ -82.288217, 31.223801 ], [ -82.28707, 31.223709 ], [ -82.284521, 31.22483 ], [ -82.284423, 31.213943 ], [ -82.284596, 31.193203 ], [ -82.284621, 31.19267 ], [ -82.251432, 31.182875 ], [ -82.235212, 31.171561 ], [ -82.230372, 31.168813 ], [ -82.228496, 31.16839 ], [ -82.208718, 31.171092 ], [ -82.208717, 31.170759 ], [ -82.209059, 31.155424 ], [ -82.208565, 31.141322 ], [ -82.208694, 31.137602 ], [ -82.208698, 31.137518 ], [ -82.208699, 31.136865 ], [ -82.208697, 31.136753 ], [ -82.20826, 31.084894 ], [ -82.186218, 31.066948 ], [ -82.163414, 31.048476 ], [ -82.131959, 31.010875 ], [ -82.126256, 31.010799 ], [ -82.081452, 31.01063 ], [ -82.080857, 31.011029 ], [ -82.079927, 31.014182 ], [ -82.072348, 31.038991 ], [ -82.071904, 31.039288 ], [ -82.060925, 31.075822 ], [ -82.051957, 31.073721 ], [ -82.022882, 31.067171 ], [ -82.000653, 31.062051 ], [ -81.999837, 31.061227 ], [ -81.984669, 31.057926 ], [ -81.963475, 31.053642 ], [ -81.961159, 31.053184 ], [ -81.960696, 31.053095 ], [ -81.957565, 31.052429 ], [ -81.935978, 31.047992 ], [ -81.9324, 31.047083 ], [ -81.923453, 31.042425 ], [ -81.919335, 31.042306 ], [ -81.918543, 31.042768 ], [ -81.91857, 31.043425 ], [ -81.916798, 31.044195 ], [ -81.911527, 31.042879 ], [ -81.906064, 31.039346 ], [ -81.904838, 31.036843 ], [ -81.906227, 31.030692 ], [ -81.908631, 31.024111 ], [ -81.907245, 31.023282 ], [ -81.906462, 31.023423 ], [ -81.905557, 31.024589 ], [ -81.904093, 31.024599 ], [ -81.904475, 31.020997 ], [ -81.908644, 31.01436 ], [ -81.909518, 31.011105 ], [ -81.909642, 31.004092 ], [ -81.910274, 31.003592 ], [ -81.911237, 31.00424 ], [ -81.911708, 31.004042 ], [ -81.907561, 31.00023 ], [ -81.907036, 30.998795 ], [ -81.907348, 30.995998 ], [ -81.907353, 30.99582 ], [ -81.908535, 30.99438 ], [ -81.911958, 30.995015 ], [ -81.912916, 30.994305 ], [ -81.913235, 30.994992 ], [ -81.913559, 30.996092 ], [ -81.914326, 30.996024 ], [ -81.91422, 30.994659 ], [ -81.913768, 30.991005 ], [ -81.914407, 30.988644 ], [ -81.917902, 30.987514 ], [ -81.917972, 30.986107 ], [ -81.917719, 30.985048 ], [ -81.915835, 30.978815 ], [ -81.914576, 30.975955 ], [ -81.913702, 30.97466 ], [ -81.912469, 30.973642 ], [ -81.910074, 30.973013 ], [ -81.908333, 30.975017 ], [ -81.906669, 30.974984 ], [ -81.907734, 30.971982 ], [ -81.902003, 30.969055 ], [ -81.902123, 30.968611 ], [ -81.903786, 30.967121 ], [ -81.90308, 30.965738 ], [ -81.899719, 30.962941 ], [ -81.894176, 30.961601 ], [ -81.892223, 30.960558 ], [ -81.892356, 30.959949 ], [ -81.892982, 30.951352 ], [ -81.894458, 30.949523 ], [ -81.896666, 30.9478 ], [ -81.899268, 30.945599 ], [ -81.900077, 30.944486 ], [ -81.901256, 30.940721 ], [ -81.905524, 30.931789 ], [ -81.907965, 30.928649 ], [ -81.909805, 30.927507 ], [ -81.915859, 30.915354 ], [ -81.915652, 30.911617 ], [ -81.914325, 30.910107 ], [ -81.911705, 30.909799 ], [ -81.910035, 30.910848 ], [ -81.907478, 30.914224 ], [ -81.903938, 30.915242 ], [ -81.902263, 30.915043 ], [ -81.90156, 30.914472 ], [ -81.901516, 30.913224 ], [ -81.902612, 30.912402 ], [ -81.903641, 30.911686 ], [ -81.906136, 30.90971 ], [ -81.906404, 30.90863 ], [ -81.906091, 30.908227 ], [ -81.904805, 30.90796 ], [ -81.899706, 30.908577 ], [ -81.898847, 30.90814 ], [ -81.897789, 30.906491 ], [ -81.894018, 30.907981 ], [ -81.892467, 30.909737 ], [ -81.90315, 30.84026 ], [ -81.904219, 30.833484 ], [ -81.905097, 30.828008 ], [ -81.907311, 30.825912 ], [ -81.907462, 30.824574 ], [ -81.906841, 30.822843 ], [ -81.904623, 30.82065 ], [ -81.904322, 30.819746 ], [ -81.904591355508884, 30.818328158448978 ], [ -81.906279353578938, 30.817015272070737 ], [ -81.910925625445628, 30.815888903712125 ], [ -81.912203307973655, 30.816047366755424 ], [ -81.924448, 30.817566 ], [ -81.934655, 30.820424 ], [ -81.935444, 30.821131 ], [ -81.938380866806071, 30.82574463026058 ], [ -81.942431764811147, 30.827174358696652 ], [ -81.943167937104974, 30.827434184162744 ], [ -81.949787, 30.827493 ], [ -81.959759, 30.821168 ], [ -81.962058962186632, 30.818153473368934 ], [ -81.962175411683091, 30.818000844725621 ], [ -81.962738595862405, 30.81363616426643 ], [ -81.962441, 30.808441 ], [ -81.961989, 30.800443 ], [ -81.962534, 30.796526 ], [ -81.971905097543484, 30.781595313850332 ], [ -81.973856, 30.778487 ], [ -81.979061, 30.776415 ], [ -81.979295958717429, 30.776452389452309 ], [ -81.979297037353589, 30.776452561097862 ], [ -81.979297042583255, 30.776452561930061 ], [ -81.981273, 30.776767 ], [ -81.988605, 30.780056 ], [ -81.990855, 30.781611 ], [ -81.994972, 30.786073 ], [ -82.004973, 30.791744 ], [ -82.007865, 30.792937 ], [ -82.017051, 30.791657 ], [ -82.022866, 30.787991 ], [ -82.022978839929863, 30.78784092978778 ], [ -82.023018898611824, 30.787787654188353 ], [ -82.023623378444199, 30.786983732944879 ], [ -82.023848, 30.786685 ], [ -82.023869325498794, 30.786282552485375 ], [ -82.024023209361445, 30.783378508895638 ], [ -82.024035, 30.783156 ], [ -82.017881, 30.775844 ], [ -82.011597, 30.763122 ], [ -82.01266, 30.761289 ], [ -82.017917, 30.755263 ], [ -82.0284, 30.750981 ], [ -82.032645, 30.750674 ], [ -82.03596370759449, 30.750997647230786 ], [ -82.038967041128956, 30.749262388660071 ], [ -82.039634447575125, 30.747727351635188 ], [ -82.039790501279384, 30.74367035842377 ], [ -82.040026, 30.737548 ], [ -82.041168, 30.734248 ], [ -82.043795, 30.729641 ], [ -82.04101, 30.72508 ], [ -82.039154, 30.723178 ], [ -82.039067589522546, 30.722931531900244 ], [ -82.037563, 30.71864 ], [ -82.036426, 30.706585 ], [ -82.041812, 30.692376 ], [ -82.049841162629221, 30.677370221582777 ], [ -82.050040471752794, 30.676997730865725 ], [ -82.050432, 30.676266 ], [ -82.050407312770787, 30.67571305944357 ], [ -82.050372385852782, 30.674930771997417 ], [ -82.050326206620539, 30.673896457042463 ], [ -82.049507, 30.655548 ], [ -82.049409388970901, 30.65543922684903 ], [ -82.046114, 30.651767 ], [ -82.042271, 30.649452 ], [ -82.039595, 30.643309 ], [ -82.039092, 30.641132 ], [ -82.039941, 30.637144 ], [ -82.037609, 30.633271 ], [ -82.037173368680826, 30.632837025073666 ], [ -82.033927, 30.629603 ], [ -82.028499, 30.621829 ], [ -82.026541, 30.613303 ], [ -82.027338, 30.606726 ], [ -82.026941, 30.606153 ], [ -82.020205643323393, 30.603785494381434 ], [ -82.016503, 30.602484 ], [ -82.015708, 30.601704 ], [ -82.012109, 30.593773 ], [ -82.009576473579813, 30.583212402645575 ], [ -82.009401605269986, 30.58248320440487 ], [ -82.008091, 30.577018 ], [ -82.007973057693746, 30.576407849346847 ], [ -82.006056158532601, 30.566491159463062 ], [ -82.005477, 30.563495 ], [ -82.013216, 30.550091 ], [ -82.018361, 30.531184 ], [ -82.018823078062411, 30.524479766810472 ], [ -82.018868, 30.523828 ], [ -82.017829546892344, 30.52135628253928 ], [ -82.017584094048289, 30.52077205771872 ], [ -82.01699, 30.519358 ], [ -82.015826, 30.518166 ], [ -82.01477, 30.513009 ], [ -82.014825236280814, 30.512146979254211 ], [ -82.014924298234149, 30.510601012406518 ], [ -82.01559541097231, 30.500127586341215 ], [ -82.015844172570027, 30.49624539777075 ], [ -82.015892, 30.495499 ], [ -82.015995835849751, 30.495346855969508 ], [ -82.018222, 30.492085 ], [ -82.017297, 30.487638 ], [ -82.016981528737716, 30.478779171422826 ], [ -82.01725761980039, 30.477499113964893 ], [ -82.01777912816776, 30.475081213622435 ], [ -82.023734, 30.467289 ], [ -82.023786501986734, 30.466998486975349 ], [ -82.024271084172412, 30.464317113465071 ], [ -82.025457, 30.457755 ], [ -82.028212, 30.447396 ], [ -82.030064, 30.444853 ], [ -82.036203, 30.43846 ], [ -82.037209, 30.434518 ], [ -82.034463818702051, 30.428048222513763 ], [ -82.034004885997319, 30.422357417132016 ], [ -82.036823770229603, 30.418541079733 ], [ -82.039971048511703, 30.414280147100254 ], [ -82.041164281726068, 30.409966148726259 ], [ -82.041990367353677, 30.403265685702216 ], [ -82.041164281726068, 30.396840583812988 ], [ -82.035871, 30.385287 ], [ -82.035905171099799, 30.385021833698321 ], [ -82.036034916915412, 30.384015011609243 ], [ -82.036825, 30.377884 ], [ -82.038464197999801, 30.374654098508927 ], [ -82.040746, 30.370158 ], [ -82.042235532025572, 30.368726213045278 ], [ -82.047917, 30.363265 ], [ -82.050069, 30.362338 ], [ -82.060034, 30.360328 ], [ -82.068533, 30.359184 ], [ -82.081106, 30.358806 ], [ -82.094687, 30.360781 ], [ -82.09923544383156, 30.363694537006424 ], [ -82.099990164778262, 30.364177978704127 ], [ -82.101234802954622, 30.364975240255713 ], [ -82.101798, 30.365336 ], [ -82.101416, 30.366556 ], [ -82.1025, 30.367823 ], [ -82.104834, 30.368319 ], [ -82.113434279118394, 30.367586364327504 ], [ -82.116333387768805, 30.367339396713316 ], [ -82.116385, 30.367335 ], [ -82.123521441157664, 30.366289089636666 ], [ -82.125255663991794, 30.366034923506092 ], [ -82.127589103315231, 30.365692936748754 ], [ -82.143282, 30.363393 ], [ -82.158109, 30.359913 ], [ -82.161757, 30.357851 ], [ -82.165192, 30.358035 ], [ -82.170054, 30.358929 ], [ -82.171508, 30.359869 ], [ -82.172043185732861, 30.36041965643674 ], [ -82.180018, 30.368625 ], [ -82.183797, 30.373712 ], [ -82.189847, 30.375938 ], [ -82.19294, 30.378779 ], [ -82.200455574061976, 30.39389662649819 ], [ -82.204151, 30.40133 ], [ -82.210291, 30.42459 ], [ -82.20987, 30.432818 ], [ -82.206486, 30.437081 ], [ -82.203975, 30.444507 ], [ -82.204823, 30.45184 ], [ -82.20604, 30.455507 ], [ -82.207522, 30.456928 ], [ -82.207708, 30.460503 ], [ -82.204614, 30.468868 ], [ -82.200938, 30.474438 ], [ -82.201416, 30.485164 ], [ -82.206445, 30.491877 ], [ -82.212852, 30.498751 ], [ -82.218514, 30.504187 ], [ -82.225026, 30.50783 ], [ -82.226933, 30.510281 ], [ -82.230377, 30.517339 ], [ -82.230347924968243, 30.517442576084591 ], [ -82.230318572083405, 30.517547141985126 ], [ -82.229399, 30.520823 ], [ -82.230752, 30.526758 ], [ -82.234952360436949, 30.533066372759713 ], [ -82.23581979681029, 30.537186697634219 ], [ -82.235602938242252, 30.544885197811539 ], [ -82.232470011612264, 30.554560415187623 ], [ -82.231916332079663, 30.556270308353771 ], [ -82.227253860259722, 30.561041209457745 ], [ -82.223025103474612, 30.563209801441644 ], [ -82.218579492323926, 30.564402529869483 ], [ -82.214385, 30.566958 ], [ -82.214839, 30.568591 ], [ -82.249841, 30.570863 ], [ -82.2581, 30.571559 ], [ -82.287343, 30.573458 ], [ -82.374844, 30.579004 ], [ -82.418896996315425, 30.581743919534663 ], [ -82.459544, 30.584272 ], [ -82.524899, 30.588189 ], [ -82.536233, 30.588885 ], [ -82.545055, 30.589361 ], [ -82.553159, 30.589934 ], [ -82.565476, 30.590622 ], [ -82.569237, 30.590965 ], [ -82.583973412124791, 30.591794179461562 ], [ -82.689271, 30.597719 ], [ -82.698618, 30.598232 ], [ -82.698902, 30.598271 ], [ -82.877259, 30.609024 ], [ -82.878779, 30.609082 ], [ -82.939900427929359, 30.612590920849893 ], [ -83.055824719008712, 30.619246019982306 ], [ -83.056023687344123, 30.619257442557998 ], [ -83.118861501928777, 30.622864899471733 ], [ -83.12358623136312, 30.623136141525212 ], [ -83.13137, 30.623583 ], [ -83.135501110290718, 30.623902994470509 ], [ -83.13560125850168, 30.623910751918665 ], [ -83.136612870355734, 30.62398911104653 ], [ -83.135559, 30.644617 ], [ -83.134855, 30.695745 ], [ -83.134941, 30.695748 ], [ -83.135155, 30.700236 ], [ -83.135101, 30.700271 ], [ -83.135278, 30.702872 ], [ -83.135461, 30.711123 ], [ -83.135797, 30.718504 ], [ -83.135777, 30.721966 ], [ -83.13037, 30.7221 ], [ -83.131499, 30.72352 ], [ -83.133485, 30.728973 ], [ -83.134067, 30.733395 ], [ -83.135206, 30.735526 ], [ -83.135072, 30.739466 ], [ -83.134673, 30.743521 ], [ -83.132469, 30.748948 ], [ -83.132857, 30.757456 ], [ -83.134393, 30.761993 ], [ -83.135315, 30.76839 ], [ -83.135901, 30.769645 ], [ -83.1368, 30.775762 ], [ -83.136348, 30.776885 ], [ -83.13287, 30.780846 ], [ -83.132605, 30.781579 ], [ -83.133345, 30.785978 ], [ -83.131138, 30.794247 ], [ -83.129412, 30.797156 ], [ -83.127421, 30.79924 ], [ -83.125667, 30.803431 ], [ -83.104364, 30.803703 ], [ -83.103281, 30.828217 ], [ -83.103235, 30.831426 ], [ -83.088102, 30.831123 ], [ -83.088082, 30.848658 ], [ -83.019618, 30.849384 ], [ -83.020095, 30.849947 ], [ -83.023998, 30.851047 ], [ -83.025485, 30.85201 ], [ -83.025404, 30.854026 ], [ -83.024022, 30.858584 ], [ -83.024287, 30.859753 ], [ -83.025853, 30.861311 ], [ -83.02641, 30.863946 ], [ -83.023222, 30.867404 ], [ -83.022894, 30.880032 ], [ -83.02491, 30.887524 ], [ -83.022917, 30.889815 ], [ -83.022888, 30.896413 ], [ -83.020601, 30.90191 ], [ -83.020548, 30.904155 ], [ -83.023364, 30.90427 ], [ -83.027614, 30.906218 ], [ -83.029552, 30.910228 ], [ -83.027399, 30.914122 ], [ -83.02793, 30.915038 ], [ -83.033005, 30.914833 ], [ -83.036565, 30.915957 ], [ -83.036936, 30.916873 ], [ -83.03659, 30.920745 ], [ -83.040469, 30.927205 ], [ -83.039964, 30.928808 ], [ -83.036536, 30.929931 ], [ -83.036296, 30.932039 ], [ -83.038182, 30.935154 ], [ -83.039537, 30.936139 ], [ -83.042487, 30.93701 ], [ -83.043098, 30.940103 ], [ -83.042964, 30.94729 ], [ -83.050927, 30.947499 ], [ -83.055451, 30.947413 ], [ -83.124869, 30.948804 ], [ -83.133167, 30.949005 ], [ -83.179465, 30.950135 ], [ -83.179912, 30.992078 ], [ -83.180163, 31.011335 ], [ -83.180535, 31.016329 ], [ -83.180639, 31.025683 ], [ -83.185251, 31.025582 ], [ -83.193795, 31.025451 ], [ -83.195206, 31.025432 ], [ -83.197745, 31.025399 ], [ -83.243912, 31.026385 ], [ -83.280617, 31.026954 ], [ -83.282213, 31.026977 ], [ -83.294995, 31.027378 ], [ -83.291735, 31.031971 ], [ -83.292586, 31.033186 ], [ -83.292213, 31.034079 ], [ -83.2891, 31.038201 ], [ -83.288435, 31.037262 ], [ -83.288379, 31.037289 ], [ -83.286706, 31.039003 ], [ -83.285171, 31.044086 ], [ -83.285747, 31.045164 ], [ -83.285746, 31.047249 ], [ -83.285107, 31.051715 ], [ -83.282018, 31.057212 ], [ -83.2809, 31.060785 ], [ -83.2809, 31.060811 ], [ -83.279728, 31.063648 ], [ -83.280765, 31.064863 ], [ -83.287231, 31.068964 ], [ -83.294176, 31.070477 ], [ -83.29508, 31.079158 ], [ -83.301702, 31.089433 ], [ -83.304489, 31.09189 ], [ -83.30451, 31.091896 ], [ -83.308227, 31.091413 ], [ -83.308282, 31.091385 ], [ -83.30852, 31.090702 ], [ -83.309372, 31.090313 ], [ -83.311927, 31.090244 ], [ -83.312965, 31.090702 ], [ -83.314934, 31.093657 ], [ -83.317321, 31.095611 ], [ -83.317357, 31.096244 ], [ -83.320471, 31.098282 ], [ -83.322576, 31.107788 ], [ -83.322578, 31.117637 ], [ -83.321372, 31.120077 ], [ -83.320262, 31.123822 ], [ -83.317653, 31.124785 ], [ -83.314906, 31.127652 ], [ -83.31408, 31.128683 ], [ -83.312499, 31.132831 ], [ -83.312163, 31.134959 ], [ -83.310859, 31.13796 ], [ -83.307263, 31.145312 ], [ -83.304813, 31.147946 ], [ -83.30444, 31.149389 ], [ -83.30468, 31.152688 ], [ -83.30657, 31.160178 ], [ -83.305611, 31.164438 ], [ -83.305611, 31.167233 ], [ -83.307689, 31.169065 ], [ -83.312537, 31.169775 ], [ -83.314854, 31.170669 ], [ -83.317759, 31.172776 ], [ -83.318239, 31.173835 ], [ -83.32246, 31.177386 ], [ -83.323887, 31.179692 ], [ -83.326471, 31.180562 ], [ -83.329722, 31.185623 ], [ -83.330282, 31.187341 ], [ -83.332361, 31.190112 ], [ -83.334359, 31.191761 ], [ -83.332977, 31.201954 ], [ -83.333484, 31.206123 ], [ -83.333937, 31.206604 ], [ -83.333778, 31.208734 ], [ -83.332181, 31.215926 ], [ -83.333327, 31.216773 ], [ -83.333994, 31.21943 ], [ -83.334794, 31.22101 ], [ -83.335887, 31.22183 ], [ -83.336928, 31.222704 ], [ -83.337409, 31.226713 ], [ -83.335492, 31.231729 ], [ -83.333147, 31.235784 ], [ -83.333202, 31.239265 ], [ -83.335949, 31.244579 ], [ -83.342135, 31.248311 ], [ -83.34477, 31.25109 ], [ -83.346556, 31.251822 ], [ -83.354996, 31.250192 ], [ -83.357724, 31.250252 ], [ -83.359565, 31.250521 ], [ -83.361064, 31.249562 ], [ -83.365249, 31.249011 ], [ -83.366156, 31.249056 ], [ -83.367994, 31.250192 ], [ -83.369938, 31.251859 ], [ -83.372684, 31.251719 ], [ -83.374788, 31.252591 ], [ -83.386591, 31.25885 ], [ -83.387923, 31.260454 ], [ -83.388081, 31.26302 ], [ -83.388801, 31.264417 ], [ -83.393226, 31.267487 ], [ -83.39957, 31.273833 ], [ -83.401729, 31.273971 ], [ -83.402689, 31.274704 ], [ -83.406793, 31.282745 ], [ -83.416472, 31.291884 ], [ -83.422313, 31.295114 ], [ -83.42602, 31.294542 ], [ -83.428794, 31.293282 ], [ -83.429674, 31.293557 ], [ -83.433195, 31.298939 ], [ -83.435302, 31.303267 ], [ -83.435329, 31.308833 ], [ -83.433861, 31.311329 ], [ -83.433968, 31.312383 ], [ -83.438823, 31.316391 ], [ -83.43901, 31.319437 ], [ -83.43837, 31.320765 ], [ -83.436129, 31.322163 ], [ -83.435382, 31.32601 ], [ -83.436567, 31.329885 ], [ -83.432795, 31.332286 ], [ -83.432181, 31.334256 ], [ -83.432474, 31.337165 ], [ -83.434049, 31.339455 ], [ -83.434503, 31.348685 ], [ -83.434209, 31.350013 ], [ -83.433763, 31.350489 ], [ -83.430283, 31.350688 ], [ -83.430097, 31.363037 ], [ -83.425936, 31.363795 ], [ -83.423133, 31.363664 ], [ -83.420957, 31.363548 ], [ -83.419356, 31.363463 ], [ -83.415446, 31.363252 ], [ -83.415182, 31.375988 ], [ -83.399982, 31.376489 ], [ -83.39963, 31.389167 ], [ -83.385186, 31.388704 ], [ -83.38518, 31.389221 ], [ -83.385046, 31.400935 ], [ -83.380667, 31.400864 ], [ -83.370881, 31.40129 ], [ -83.370645, 31.40448 ], [ -83.370673, 31.406129 ], [ -83.369761, 31.449562 ], [ -83.369691, 31.452416 ], [ -83.369381, 31.465189 ], [ -83.33918, 31.46529 ], [ -83.338579, 31.47609 ], [ -83.345236, 31.47639 ], [ -83.348821, 31.47759 ], [ -83.35656, 31.482771 ], [ -83.360703, 31.484418 ], [ -83.369095, 31.484322 ], [ -83.369897, 31.484139 ], [ -83.371499, 31.482283 ], [ -83.372621, 31.481916 ], [ -83.37688, 31.481805 ], [ -83.377868, 31.483867 ], [ -83.381377, 31.485114 ], [ -83.384013, 31.490395 ], [ -83.384475, 31.493078 ], [ -83.381792, 31.493807 ], [ -83.381471, 31.494311 ], [ -83.382378, 31.498045 ], [ -83.384165, 31.498299 ], [ -83.386121, 31.503383 ], [ -83.386178, 31.505697 ], [ -83.386436, 31.508889 ], [ -83.386292, 31.509495 ], [ -83.386546, 31.510721 ], [ -83.391085, 31.515039 ], [ -83.39473, 31.521054 ], [ -83.395833, 31.5228 ], [ -83.397836, 31.52848 ], [ -83.396979, 31.53187 ], [ -83.39865, 31.532756 ], [ -83.40123, 31.533657 ], [ -83.4038, 31.537466 ], [ -83.404517, 31.540598 ], [ -83.406222, 31.542916 ], [ -83.410318, 31.545179 ], [ -83.412112, 31.547226 ], [ -83.41238, 31.547958 ], [ -83.418058, 31.551696 ], [ -83.418431, 31.551937 ], [ -83.420432, 31.553603 ], [ -83.420959, 31.553684 ], [ -83.438044, 31.554452 ], [ -83.470923, 31.555936 ], [ -83.470845, 31.56726 ], [ -83.476624, 31.569534 ], [ -83.477271, 31.569549 ], [ -83.483712, 31.569702 ], [ -83.485045, 31.569734 ], [ -83.501039, 31.570159 ], [ -83.500765, 31.59402 ], [ -83.499936, 31.598704 ], [ -83.499885, 31.600769 ], [ -83.499885, 31.612928 ], [ -83.499885, 31.613166 ], [ -83.499885, 31.619458 ], [ -83.491647, 31.61941 ], [ -83.491337, 31.630782 ], [ -83.49135, 31.630816 ], [ -83.491325, 31.635584 ], [ -83.491196, 31.650489 ], [ -83.491162, 31.650517 ], [ -83.491097, 31.657827 ], [ -83.491128, 31.657846 ], [ -83.490922, 31.670019 ], [ -83.490954, 31.670063 ], [ -83.490976, 31.670352 ], [ -83.490942, 31.67038 ], [ -83.490667, 31.676584 ], [ -83.490569, 31.676596 ], [ -83.490655, 31.690891 ], [ -83.490685, 31.695653 ], [ -83.490721, 31.696095 ], [ -83.463661, 31.695475 ], [ -83.460646, 31.695392 ], [ -83.460675, 31.695631 ], [ -83.461182, 31.698701 ], [ -83.459509, 31.703658 ], [ -83.454367, 31.706178 ], [ -83.452894, 31.708171 ], [ -83.455066, 31.715659 ], [ -83.456111, 31.71772 ], [ -83.456117, 31.720814 ], [ -83.458667, 31.724716 ], [ -83.460475, 31.726117 ], [ -83.463683, 31.731645 ], [ -83.463641, 31.731717 ], [ -83.463513, 31.732462 ], [ -83.4663, 31.739038 ], [ -83.466371, 31.739028 ], [ -83.466658, 31.739639 ], [ -83.466678, 31.739717 ], [ -83.466676, 31.742038 ], [ -83.464425, 31.741672 ], [ -83.463782, 31.742016 ], [ -83.459763, 31.744788 ], [ -83.453274, 31.750906 ], [ -83.452711, 31.752624 ], [ -83.453596, 31.753792 ], [ -83.453757, 31.755509 ], [ -83.453075, 31.757856 ], [ -83.452579, 31.76025 ], [ -83.452794, 31.763182 ], [ -83.454644, 31.766136 ], [ -83.455234, 31.76838 ], [ -83.454082, 31.773441 ], [ -83.45419, 31.775732 ], [ -83.456308, 31.778089 ], [ -83.45915, 31.779073 ], [ -83.459633, 31.780745 ], [ -83.459983, 31.784455 ], [ -83.459259, 31.785875 ], [ -83.457946, 31.786906 ], [ -83.457892, 31.787891 ], [ -83.459476, 31.793479 ], [ -83.460576, 31.795127 ], [ -83.465672, 31.799409 ], [ -83.466478, 31.802065 ], [ -83.469321, 31.80479 ], [ -83.471601, 31.805568 ], [ -83.473989, 31.80875 ], [ -83.477212, 31.819741 ], [ -83.479011, 31.823816 ], [ -83.478904, 31.824962 ], [ -83.477751, 31.825809 ], [ -83.476868, 31.829062 ], [ -83.47711, 31.830298 ], [ -83.478775, 31.832198 ], [ -83.483497, 31.834143 ], [ -83.484302, 31.834921 ], [ -83.48441, 31.83657 ], [ -83.483124, 31.838701 ], [ -83.481515, 31.840213 ], [ -83.479827, 31.844656 ], [ -83.480178, 31.847313 ], [ -83.489111, 31.847422 ], [ -83.503824, 31.847515 ], [ -83.518848, 31.847634 ], [ -83.528612, 31.847767 ], [ -83.533212, 31.847658 ], [ -83.547524, 31.847961 ], [ -83.54164, 31.853102 ], [ -83.559089, 31.853296 ], [ -83.587206, 31.853979 ], [ -83.600702, 31.853882 ], [ -83.612256, 31.854089 ], [ -83.612215, 31.859556 ], [ -83.612114, 31.870869 ], [ -83.611986, 31.892684 ], [ -83.611049, 31.944183 ], [ -83.610936, 31.954472 ], [ -83.610923, 31.958197 ], [ -83.610897, 31.959182 ], [ -83.610894, 31.959447 ], [ -83.610898, 31.960785 ], [ -83.610294, 31.98783 ], [ -83.609554, 32.026639 ], [ -83.609507, 32.028147 ], [ -83.640742, 32.02809 ], [ -83.696717, 32.028661 ], [ -83.715281, 32.02888 ], [ -83.744156, 32.029335 ], [ -83.763692, 32.029411 ], [ -83.772957, 32.029415 ], [ -83.79195, 32.029647 ], [ -83.810351, 32.029808 ], [ -83.831744, 32.030127 ], [ -83.839, 32.030262 ], [ -83.840487, 32.030342 ], [ -83.872622, 32.030777 ], [ -83.92107, 32.030332 ], [ -83.942181, 32.030519 ], [ -83.947515, 32.03054 ], [ -83.961278, 32.030595 ], [ -83.961855, 32.033391 ], [ -83.96405, 32.036403 ], [ -83.968623, 32.03771 ], [ -83.969194, 32.03855 ], [ -83.966982, 32.04105 ], [ -83.966513, 32.042665 ], [ -83.967301, 32.044846 ], [ -83.968411, 32.046055 ], [ -83.970107, 32.046309 ], [ -83.971452, 32.045901 ], [ -83.975513, 32.043151 ], [ -83.977339, 32.04269 ], [ -83.979371, 32.043405 ], [ -83.980385, 32.044799 ], [ -83.976969, 32.062198 ], [ -83.978003, 32.064429 ], [ -83.982354, 32.068199 ], [ -83.986737, 32.070688 ], [ -83.987161, 32.071634 ], [ -83.978739, 32.084767 ], [ -83.97612, 32.092373 ], [ -83.978573, 32.094981 ], [ -83.979669, 32.094957 ], [ -83.980916, 32.09408 ], [ -83.984744, 32.093746 ], [ -83.990148, 32.095429 ], [ -83.998002, 32.101261 ], [ -84.001502, 32.106066 ], [ -84.000902, 32.108566 ], [ -84.002337, 32.112192 ], [ -84.007603, 32.117465 ], [ -84.011703, 32.118865 ], [ -84.012303, 32.119865 ], [ -84.011671, 32.125165 ], [ -84.00908, 32.129304 ], [ -84.009041, 32.130883 ], [ -84.010353, 32.131951 ], [ -84.013692, 32.131398 ], [ -84.01572, 32.132027 ], [ -84.020811, 32.136132 ], [ -84.021726, 32.137269 ], [ -84.021926, 32.139637 ], [ -84.023958, 32.143868 ], [ -84.029609, 32.150799 ], [ -84.03311, 32.152763 ], [ -84.031485, 32.159756 ], [ -84.030334, 32.161877 ], [ -84.029221, 32.162252 ], [ -84.027952, 32.167161 ], [ -84.027836, 32.171091 ], [ -84.026304, 32.171963 ], [ -84.026004, 32.173463 ], [ -84.029992, 32.178072 ], [ -84.030321, 32.178469 ], [ -84.031005, 32.178762 ], [ -84.029205, 32.182762 ], [ -84.025224, 32.184462 ], [ -84.024208, 32.184259 ], [ -84.024107, 32.184275 ], [ -84.022605, 32.184662 ], [ -84.018605, 32.189362 ], [ -84.017705, 32.191662 ], [ -84.018005, 32.194162 ], [ -84.017105, 32.195662 ], [ -84.015318, 32.197122 ], [ -84.015183, 32.197236 ], [ -84.015084, 32.198069 ], [ -84.014729, 32.198162 ], [ -84.012522, 32.201315 ], [ -84.008805, 32.202762 ], [ -84.004005, 32.205462 ], [ -84.002566, 32.20678 ], [ -84.002424, 32.207265 ], [ -84.002032, 32.208074 ], [ -84.000691, 32.208561 ], [ -84.000691, 32.208666 ], [ -83.996994, 32.211858 ], [ -83.994762, 32.215316 ], [ -83.991517, 32.21717 ], [ -83.990373, 32.216669 ], [ -83.989565, 32.216898 ], [ -83.983859, 32.221457 ], [ -83.982138, 32.225166 ], [ -83.978774, 32.228601 ], [ -83.976135, 32.229976 ], [ -83.971963, 32.234761 ], [ -83.966014, 32.243394 ], [ -83.96537, 32.247858 ], [ -83.959168, 32.251983 ], [ -83.947881, 32.254228 ], [ -83.946561, 32.256631 ], [ -83.944541, 32.259172 ], [ -83.936216, 32.261943 ], [ -83.928079, 32.26659 ], [ -83.919672, 32.27055 ], [ -83.915387, 32.271785 ], [ -83.909027, 32.275882 ], [ -83.907975, 32.278377 ], [ -83.903231, 32.278992 ], [ -83.897599, 32.280824 ], [ -83.89722, 32.286593 ], [ -83.897892, 32.289592 ], [ -83.89525, 32.291995 ], [ -83.894504, 32.292156 ], [ -83.889566, 32.291926 ], [ -83.882933, 32.291372 ], [ -83.848382, 32.290803 ], [ -83.847291, 32.337749 ], [ -83.846828, 32.357739 ], [ -83.856587, 32.357775 ], [ -83.856593, 32.369587 ], [ -83.85654, 32.382399 ], [ -83.84662, 32.382295 ], [ -83.842532, 32.382253 ], [ -83.837041, 32.382195 ], [ -83.83696, 32.393842 ], [ -83.836775, 32.414588 ], [ -83.836885, 32.4226 ], [ -83.836675, 32.438991 ], [ -83.846199, 32.439082 ], [ -83.846666, 32.467962 ], [ -83.849867, 32.472801 ], [ -83.85427, 32.474792 ], [ -83.860212, 32.475339 ], [ -83.872097, 32.478881 ], [ -83.872962, 32.479819 ], [ -83.874907, 32.484742 ], [ -83.877556, 32.489347 ], [ -83.886766, 32.493517 ], [ -83.896814, 32.494138 ], [ -83.89992, 32.496154 ], [ -83.902542, 32.497002 ], [ -83.922832, 32.497428 ], [ -83.923017, 32.483264 ], [ -83.931211, 32.483751 ], [ -83.924493, 32.502594 ], [ -83.923628, 32.506325 ], [ -83.923249, 32.511338 ], [ -83.932212, 32.511638 ], [ -83.932462, 32.505816 ], [ -83.935731, 32.505799 ], [ -83.937008, 32.505702 ], [ -83.971115, 32.505928 ], [ -83.971208, 32.514248 ], [ -83.987287, 32.514336 ], [ -83.987426, 32.50609 ], [ -84.018147, 32.506406 ], [ -84.01622, 32.510043 ], [ -84.016629, 32.51173 ], [ -84.015324, 32.513732 ], [ -84.009515, 32.518324 ], [ -84.00849, 32.521769 ], [ -84.004385, 32.52098 ], [ -84.000748, 32.521033 ], [ -84.000559, 32.521544 ], [ -84.001747, 32.524919 ], [ -84.003654, 32.526778 ], [ -84.00363, 32.529915 ], [ -84.002478, 32.531806 ], [ -84.002241, 32.533736 ], [ -84.006837, 32.539641 ], [ -84.007933, 32.539578 ], [ -84.011908, 32.537428 ], [ -84.013641, 32.538299 ], [ -84.015622, 32.547773 ], [ -84.014604, 32.548572 ], [ -84.015241, 32.549708 ], [ -84.020469, 32.551636 ], [ -84.021327, 32.548527 ], [ -84.020613, 32.54572 ], [ -84.021151, 32.545023 ], [ -84.022018, 32.544986 ], [ -84.0304, 32.555809 ], [ -84.036575, 32.557637 ], [ -84.040476, 32.557695 ], [ -84.043973, 32.555348 ], [ -84.045448, 32.556213 ], [ -84.046145, 32.557584 ], [ -84.04517, 32.562207 ], [ -84.045749, 32.565083 ], [ -84.047113, 32.567558 ], [ -84.049081, 32.567636 ], [ -84.049649, 32.567165 ], [ -84.049748, 32.565635 ], [ -84.05044, 32.565183 ], [ -84.052547, 32.566772 ], [ -84.052981, 32.570306 ], [ -84.05067, 32.571076 ], [ -84.048816, 32.574082 ], [ -84.049147, 32.574727 ], [ -84.051096, 32.575094 ], [ -84.054262, 32.574118 ], [ -84.060591, 32.577319 ], [ -84.065065, 32.581349 ], [ -84.066595, 32.585151 ], [ -84.066175, 32.586319 ], [ -84.064189, 32.586741 ], [ -84.062351, 32.588433 ], [ -84.062897, 32.591188 ], [ -84.063399, 32.591546 ], [ -84.065248, 32.58954 ], [ -84.066229, 32.589538 ], [ -84.067758, 32.59021 ], [ -84.069584, 32.592034 ], [ -84.070604, 32.594017 ], [ -84.071252, 32.598265 ], [ -84.06776, 32.602662 ], [ -84.066164, 32.603674 ], [ -84.066349, 32.610364 ], [ -84.06668, 32.611299 ], [ -84.067878, 32.612077 ], [ -84.068822, 32.612815 ], [ -84.071785, 32.616809 ], [ -84.072019, 32.619987 ], [ -84.074106, 32.624259 ], [ -84.073533, 32.625954 ], [ -84.071408, 32.627292 ], [ -84.068619, 32.627972 ], [ -84.066488, 32.626806 ], [ -84.062837, 32.626539 ], [ -84.058348, 32.630294 ], [ -84.056471, 32.635045 ], [ -84.05654, 32.636272 ], [ -84.057884, 32.636765 ], [ -84.058983, 32.634734 ], [ -84.060806, 32.634581 ], [ -84.061955, 32.63528 ], [ -84.064436, 32.638548 ], [ -84.071384, 32.636058 ], [ -84.073236, 32.635581 ], [ -84.07431, 32.635933 ], [ -84.074528, 32.636632 ], [ -84.073731, 32.639708 ], [ -84.077675, 32.646642 ], [ -84.09548, 32.662392 ], [ -84.097048, 32.666734 ], [ -84.098788, 32.669187 ], [ -84.104966, 32.673385 ], [ -84.105397, 32.676068 ], [ -84.104059, 32.680301 ], [ -84.104001, 32.682087 ], [ -84.10463, 32.683991 ], [ -84.105924, 32.68505 ], [ -84.115324, 32.683459 ], [ -84.116121, 32.682241 ], [ -84.115893, 32.678585 ], [ -84.116675, 32.677545 ], [ -84.12441, 32.676743 ], [ -84.128194, 32.674359 ], [ -84.134128, 32.675744 ], [ -84.139915, 32.679127 ], [ -84.140132, 32.680684 ], [ -84.139364, 32.683929 ], [ -84.141064, 32.685058 ], [ -84.145738, 32.68525 ], [ -84.149227, 32.683115 ], [ -84.154008, 32.679035 ], [ -84.161056, 32.678159 ], [ -84.174217, 32.677658 ], [ -84.185052, 32.679845 ], [ -84.195496, 32.683327 ], [ -84.202372, 32.689751 ], [ -84.202628, 32.690018 ], [ -84.20316, 32.697502 ], [ -84.206706, 32.699646 ], [ -84.209636, 32.699611 ], [ -84.211353, 32.701336 ], [ -84.213405, 32.70565 ], [ -84.214662, 32.71075 ], [ -84.217022, 32.716259 ], [ -84.219686, 32.720503 ], [ -84.23134, 32.722392 ], [ -84.236303, 32.721043 ], [ -84.236289, 32.723284 ], [ -84.234811, 32.727518 ], [ -84.233377, 32.729326 ], [ -84.230788, 32.731081 ], [ -84.229698, 32.732954 ], [ -84.229885, 32.733629 ], [ -84.23297, 32.736378 ], [ -84.237061, 32.738653 ], [ -84.240493, 32.738038 ], [ -84.242817, 32.734299 ], [ -84.245693, 32.730918 ], [ -84.252808, 32.727373 ], [ -84.254821, 32.725318 ], [ -84.25397, 32.723347 ], [ -84.254134, 32.722083 ], [ -84.256471, 32.722698 ], [ -84.257254236328123, 32.725005021679699 ], [ -84.256467036328118, 32.726653821679669 ], [ -84.256861, 32.729316 ], [ -84.260384, 32.733952 ], [ -84.262396, 32.73858 ], [ -84.263453, 32.739724 ], [ -84.265073, 32.740478 ], [ -84.272535, 32.741663 ], [ -84.284375, 32.744475 ], [ -84.285323, 32.745157 ], [ -84.286516, 32.747509 ], [ -84.287536, 32.750137 ], [ -84.290366, 32.75361 ], [ -84.294054, 32.754618 ], [ -84.297324, 32.75476 ], [ -84.299697, 32.756022 ], [ -84.300747, 32.757934 ], [ -84.300709, 32.760897 ], [ -84.301393, 32.761338 ], [ -84.303734, 32.76118 ], [ -84.309449, 32.759016 ], [ -84.313226, 32.755986 ], [ -84.316149, 32.755536 ], [ -84.323832, 32.761863 ], [ -84.325116, 32.762382 ], [ -84.328803, 32.762106 ], [ -84.332335, 32.759588 ], [ -84.336126, 32.759704 ], [ -84.339097, 32.761755 ], [ -84.339746, 32.76273 ], [ -84.341997, 32.768767 ], [ -84.34395, 32.772065 ], [ -84.344468, 32.775205 ], [ -84.350255, 32.782367 ], [ -84.35436, 32.783672 ], [ -84.356422, 32.783316 ], [ -84.357212, 32.782585 ], [ -84.357402, 32.781743 ], [ -84.35439, 32.775133 ], [ -84.354845, 32.773851 ], [ -84.35629, 32.773505 ], [ -84.359378, 32.774803 ], [ -84.363036, 32.778173 ], [ -84.364064, 32.778253 ], [ -84.369695, 32.776176 ], [ -84.374918, 32.777262 ], [ -84.382542, 32.780281 ], [ -84.391017, 32.786956 ], [ -84.392318, 32.79462 ], [ -84.396873, 32.805838 ], [ -84.398711, 32.80867 ], [ -84.402008, 32.811806 ], [ -84.401758, 32.816047 ], [ -84.402695, 32.817371 ], [ -84.406551, 32.819778 ], [ -84.408623, 32.821953 ], [ -84.408672, 32.82357 ], [ -84.410185, 32.827305 ], [ -84.414908, 32.83453 ], [ -84.421173, 32.838806 ], [ -84.424586, 32.838596 ], [ -84.432519, 32.838652 ], [ -84.434179, 32.838063 ], [ -84.435571, 32.834124 ], [ -84.441071, 32.826581 ], [ -84.442729, 32.825208 ], [ -84.448362, 32.825025 ], [ -84.456641, 32.828662 ], [ -84.457287, 32.829881 ], [ -84.458222, 32.83924 ], [ -84.458794, 32.841249 ], [ -84.459698, 32.843015 ], [ -84.46731, 32.853006 ], [ -84.476452, 32.856065 ], [ -84.479294, 32.854382 ], [ -84.480868, 32.852087 ], [ -84.483057, 32.852253 ], [ -84.489509, 32.855875 ], [ -84.490086, 32.856899 ], [ -84.490277, 32.860312 ], [ -84.489152, 32.862303 ], [ -84.484898, 32.866019 ], [ -84.477191, 32.870515 ], [ -84.475304, 32.872463 ], [ -84.475114, 32.875131 ], [ -84.477262, 32.877586 ], [ -84.48304, 32.878136 ], [ -84.486686, 32.879139 ], [ -84.490401, 32.88099 ], [ -84.497646, 32.883561 ], [ -84.499472, 32.883332 ], [ -84.503347, 32.881692 ], [ -84.506888, 32.881789 ], [ -84.508431, 32.88265 ], [ -84.509688, 32.884538 ], [ -84.507945, 32.898003 ], [ -84.508164, 32.903369 ], [ -84.511984, 32.913031 ], [ -84.513769, 32.914109 ], [ -84.517149, 32.915025 ], [ -84.523312, 32.913134 ], [ -84.526036, 32.913284 ], [ -84.52692, 32.914093 ], [ -84.527008, 32.915144 ], [ -84.526531, 32.915783 ], [ -84.524489, 32.917057 ], [ -84.524213, 32.919389 ], [ -84.5254, 32.923263 ], [ -84.527712, 32.925396 ], [ -84.527987, 32.927903 ], [ -84.525922, 32.93062 ], [ -84.523102, 32.932182 ], [ -84.522392, 32.93308 ], [ -84.522915, 32.937907 ], [ -84.522185, 32.940614 ], [ -84.520441, 32.942882 ], [ -84.519281, 32.946263 ], [ -84.518752, 32.948302 ], [ -84.518959, 32.950849 ], [ -84.519335, 32.95238 ], [ -84.522965, 32.959196 ], [ -84.524073, 32.960347 ], [ -84.525235, 32.961054 ], [ -84.527167, 32.961365 ], [ -84.532252, 32.960763 ], [ -84.533403, 32.961551 ], [ -84.53443, 32.964187 ], [ -84.53257, 32.968975 ], [ -84.531482, 32.97015 ], [ -84.530291, 32.970622 ], [ -84.52702, 32.970548 ], [ -84.527028, 32.970222 ], [ -84.526784, 32.969466 ], [ -84.524313, 32.968618 ], [ -84.516337, 32.970424 ], [ -84.508611, 32.971611 ], [ -84.505813, 32.972549 ], [ -84.505486, 32.973625 ], [ -84.502822, 32.976645 ], [ -84.499923, 32.979141 ], [ -84.499411, 32.980128 ], [ -84.502002, 32.982758 ], [ -84.501486, 32.983376 ], [ -84.499923, 32.983079 ], [ -84.498625, 32.982716 ], [ -84.497891, 32.982991 ], [ -84.495339, 32.985144 ], [ -84.495421, 32.987022 ], [ -84.494852, 32.988396 ], [ -84.490125, 32.993734 ], [ -84.418435, 32.992772 ], [ -84.414817, 32.992724 ], [ -84.401997, 32.992564 ], [ -84.369301, 32.992175 ], [ -84.362744, 32.992109 ], [ -84.35818, 32.992063 ], [ -84.319316, 32.99179 ], [ -84.298723, 32.991471 ], [ -84.298665, 32.999672 ], [ -84.293044, 32.999691 ], [ -84.292393, 32.996549 ], [ -84.289298, 32.991329 ], [ -84.274145, 32.991109 ], [ -84.27014, 32.991012 ], [ -84.269167, 33.031438 ], [ -84.259055, 33.031517 ], [ -84.258852, 33.039681 ], [ -84.249919, 33.039736 ], [ -84.24866, 33.039331 ], [ -84.248421, 33.055668 ], [ -84.248402, 33.056535 ], [ -84.248263, 33.062994 ], [ -84.248344, 33.063131 ], [ -84.248181, 33.063429 ], [ -84.248197, 33.065656 ], [ -84.248134, 33.075378 ], [ -84.248352, 33.075584 ], [ -84.248213, 33.075816 ], [ -84.2481, 33.078376 ], [ -84.248055, 33.079385 ], [ -84.248057, 33.082112 ], [ -84.248059, 33.084542 ], [ -84.248064, 33.091288 ], [ -84.248151, 33.101499 ], [ -84.24802, 33.109053 ], [ -84.247981, 33.1142 ], [ -84.248047, 33.125583 ], [ -84.248012, 33.127645 ], [ -84.247967, 33.130331 ], [ -84.247866, 33.136203 ], [ -84.247836, 33.137987 ], [ -84.247806, 33.139748 ], [ -84.24766, 33.151041 ], [ -84.247733, 33.153516 ], [ -84.248108, 33.188857 ], [ -84.235664, 33.188885 ], [ -84.227346, 33.188925 ], [ -84.22401, 33.183737 ], [ -84.224281, 33.179388 ], [ -84.216673, 33.179357 ], [ -84.210068, 33.179332 ], [ -84.207756, 33.179323 ], [ -84.206558, 33.179323 ], [ -84.206368, 33.179323 ], [ -84.201518, 33.179296 ], [ -84.198323, 33.179275 ], [ -84.193099, 33.179241 ], [ -84.190866, 33.179227 ], [ -84.188001, 33.179208 ], [ -84.183776, 33.17918 ], [ -84.181377, 33.179164 ], [ -84.143718, 33.178948 ], [ -84.133955, 33.178855 ], [ -84.127367, 33.178806 ], [ -84.123984, 33.17856 ], [ -84.12386, 33.19053 ], [ -84.123767, 33.202824 ], [ -84.064114, 33.202662 ], [ -84.041498, 33.202629 ] ] ] } },
{ "type": "Feature", "properties": { "DISTRICT": "9", "STARTCONG": "105", "ENDCONG": "107", "ST": "14", "STA": "GA", "ELECT_YEAR": "1996-2000", "TYPE": "US Cong" }, "geometry": { "type": "Polygon", "coordinates": [ [ [ -83.108535, 35.000771 ], [ -83.105531101127639, 34.996343544705653 ], [ -83.104599814739757, 34.992782745372033 ], [ -83.104490252009981, 34.989331508768096 ], [ -83.106991, 34.98272 ], [ -83.110025035489016, 34.980635095370857 ], [ -83.112021, 34.975896 ], [ -83.120387, 34.968406 ], [ -83.121803, 34.96362 ], [ -83.121140468619643, 34.958966199521399 ], [ -83.124378, 34.95524 ], [ -83.127035, 34.953778 ], [ -83.126761, 34.948742 ], [ -83.122940444444708, 34.944513010235617 ], [ -83.122469927749322, 34.944014815614288 ], [ -83.121213502113093, 34.942684481323944 ], [ -83.121153632099521, 34.942564741628289 ], [ -83.120502405895849, 34.9412622928267 ], [ -83.121111917501651, 34.939129009096398 ], [ -83.12258489732038, 34.938062367723411 ], [ -83.125081644127135, 34.937083251830877 ], [ -83.125175313770683, 34.937046518656196 ], [ -83.128070483071028, 34.938113160029118 ], [ -83.129492672552615, 34.937402065780525 ], [ -83.13035614371843, 34.935167197438801 ], [ -83.129885, 34.932351 ], [ -83.130554, 34.930932 ], [ -83.140621, 34.924915 ], [ -83.14126066111406, 34.924876474955646 ], [ -83.143261, 34.924756 ], [ -83.149945757211484, 34.92721764438113 ], [ -83.153252879623352, 34.926342225966067 ], [ -83.155879123558975, 34.924299590537359 ], [ -83.157924753603865, 34.92030131510564 ], [ -83.158019028957156, 34.920117049710335 ], [ -83.160937079031129, 34.918268950450475 ], [ -83.164421009770535, 34.918766656219745 ], [ -83.165022353658543, 34.918852562727224 ], [ -83.167620033723324, 34.918130984465371 ], [ -83.167853768002942, 34.918066058234615 ], [ -83.168524016009229, 34.917879878112601 ], [ -83.170754, 34.914231 ], [ -83.174034, 34.910911 ], [ -83.175065749769132, 34.910350501702354 ], [ -83.176574957068112, 34.909530624492646 ], [ -83.178931725552175, 34.908250309475598 ], [ -83.180009602863805, 34.906281441676249 ], [ -83.180871, 34.904708 ], [ -83.186541, 34.899534 ], [ -83.190409393449002, 34.897939860477429 ], [ -83.192099323800846, 34.897902306582779 ], [ -83.194786470444896, 34.897842592392969 ], [ -83.197134248735225, 34.895531129414081 ], [ -83.197627, 34.895046 ], [ -83.202054673797818, 34.894017981398065 ], [ -83.203351, 34.893717 ], [ -83.204572, 34.890284 ], [ -83.201183, 34.884653 ], [ -83.205627, 34.880142 ], [ -83.209683, 34.880279 ], [ -83.213323, 34.882796 ], [ -83.219469794683292, 34.878557832237242 ], [ -83.220099, 34.878124 ], [ -83.227978161151654, 34.87966087171354 ], [ -83.228527299559218, 34.879767984040519 ], [ -83.22924, 34.879907 ], [ -83.232379, 34.878051 ], [ -83.237509619256585, 34.877057494894821 ], [ -83.239080788173311, 34.875660900584123 ], [ -83.238557065201064, 34.872867711962556 ], [ -83.238517030292002, 34.871969928236538 ], [ -83.238418965266007, 34.869770817847744 ], [ -83.240846929407837, 34.866735864630876 ], [ -83.242998579781016, 34.866186506447072 ], [ -83.245601686964321, 34.865521882559968 ], [ -83.246919030106113, 34.863263578989269 ], [ -83.247017998726903, 34.863093918418144 ], [ -83.247098130049736, 34.861250927496549 ], [ -83.247168229593441, 34.859638663801 ], [ -83.24717712131455, 34.859434157489723 ], [ -83.247220332339467, 34.858440319826187 ], [ -83.247248741835463, 34.85841596880428 ], [ -83.247921348138007, 34.857839448517929 ], [ -83.250052951943744, 34.856012357644815 ], [ -83.250346051074089, 34.855719258741594 ], [ -83.252582082891863, 34.85348322865714 ], [ -83.253737424128531, 34.848170020056315 ], [ -83.253743363421009, 34.848142706307883 ], [ -83.253762, 34.848057 ], [ -83.254605385689899, 34.846401669844205 ], [ -83.255718200954533, 34.845592349117048 ], [ -83.258146165096363, 34.844985358081658 ], [ -83.259859557189387, 34.84562923708264 ], [ -83.260528835941386, 34.845850808434058 ], [ -83.260644502972568, 34.845889101148948 ], [ -83.262192768732007, 34.846401669844205 ], [ -83.264519568027993, 34.846401669844205 ], [ -83.267655686090677, 34.845288852619099 ], [ -83.269982486366885, 34.83719564240716 ], [ -83.267293, 34.832748 ], [ -83.268159, 34.821393 ], [ -83.271214, 34.81844 ], [ -83.275656, 34.816862 ], [ -83.283151, 34.821328 ], [ -83.284812, 34.823043 ], [ -83.289831759440503, 34.824453884954465 ], [ -83.289914, 34.824477 ], [ -83.289977196363893, 34.824373821193561 ], [ -83.291054329844314, 34.822615217691997 ], [ -83.29112, 34.822508 ], [ -83.291325343223306, 34.818832993597617 ], [ -83.294292397567745, 34.814724759061761 ], [ -83.297259449700732, 34.814268290523529 ], [ -83.297856687440387, 34.814268290523529 ], [ -83.297991264010221, 34.814268290523529 ], [ -83.299427681891785, 34.814268290523529 ], [ -83.301367677602258, 34.814154175600414 ], [ -83.301992573756507, 34.813598712053135 ], [ -83.302394736236224, 34.813241234100985 ], [ -83.302965321909042, 34.812214177678513 ], [ -83.302965321909042, 34.811073001909925 ], [ -83.302937449075131, 34.811027976546917 ], [ -83.301481796948266, 34.808676537661192 ], [ -83.301182, 34.804008 ], [ -83.303643, 34.802403 ], [ -83.313782, 34.799911 ], [ -83.323866, 34.789712 ], [ -83.323844694365391, 34.789625131042989 ], [ -83.323816219099001, 34.789509029516879 ], [ -83.323767882477554, 34.78931194776046 ], [ -83.319945, 34.773725 ], [ -83.321008, 34.765371 ], [ -83.320062, 34.759616 ], [ -83.327485546958442, 34.752704408037637 ], [ -83.332404541562866, 34.748124645323038 ], [ -83.338666, 34.742295 ], [ -83.348829, 34.737194 ], [ -83.352771582945877, 34.729552059910304 ], [ -83.353238, 34.728648 ], [ -83.352485, 34.715993 ], [ -83.351392, 34.714456 ], [ -83.350976, 34.713243 ], [ -83.349788, 34.708274 ], [ -83.34771795762228, 34.705474206118502 ], [ -83.347719919650785, 34.705442812978177 ], [ -83.347763117306513, 34.704751635418241 ], [ -83.347830804597351, 34.703668615153738 ], [ -83.348172567096171, 34.703155971612432 ], [ -83.348273621688776, 34.703004389784702 ], [ -83.349636397749052, 34.700960226519598 ], [ -83.349974945234877, 34.699154633367861 ], [ -83.349410697238284, 34.697574742913851 ], [ -83.347830804597351, 34.696107697247932 ], [ -83.346244340134817, 34.694804530324582 ], [ -83.344671019315456, 34.69351215996263 ], [ -83.342414027329113, 34.691255167976244 ], [ -83.34038273804039, 34.688998180363683 ], [ -83.339367093396035, 34.686966888888136 ], [ -83.339326200758066, 34.686585225675834 ], [ -83.339278002225328, 34.686135374364149 ], [ -83.33902854372333, 34.683807103606242 ], [ -83.338689994050625, 34.682001511547959 ], [ -83.336207303740395, 34.680534468068934 ], [ -83.335274616749118, 34.680661622535453 ], [ -83.331543258448846, 34.681170323609336 ], [ -83.330284, 34.681342 ], [ -83.329754967116031, 34.681146873683637 ], [ -83.326519289476764, 34.679953439631177 ], [ -83.325336, 34.679517 ], [ -83.321463, 34.677543 ], [ -83.31944, 34.675974 ], [ -83.318524, 34.674773 ], [ -83.316401, 34.669316 ], [ -83.314394, 34.668944 ], [ -83.308917, 34.670273 ], [ -83.304641, 34.669561 ], [ -83.301477, 34.666582 ], [ -83.300848, 34.66247 ], [ -83.292883, 34.654196 ], [ -83.288290005981366, 34.65179014599024 ], [ -83.286583, 34.650896 ], [ -83.283308404078127, 34.648601162570351 ], [ -83.280954988067904, 34.646951888193705 ], [ -83.27796, 34.644853 ], [ -83.271982, 34.641896 ], [ -83.262282, 34.640296 ], [ -83.255281, 34.637696 ], [ -83.248281, 34.631696 ], [ -83.244581, 34.626297 ], [ -83.240669, 34.624507 ], [ -83.240676, 34.624307 ], [ -83.243326160294387, 34.618124925523972 ], [ -83.243381, 34.617997 ], [ -83.238789036561371, 34.615344973878244 ], [ -83.233599009613926, 34.612347544299048 ], [ -83.232097995808772, 34.611480654160708 ], [ -83.23178, 34.611297 ], [ -83.230819533078574, 34.611172059708665 ], [ -83.229043929453198, 34.610941084097298 ], [ -83.227494542381478, 34.610739535383971 ], [ -83.227475703910514, 34.610737084821658 ], [ -83.221402, 34.609947 ], [ -83.211598, 34.610905 ], [ -83.199779, 34.608398 ], [ -83.196979, 34.605998 ], [ -83.179438544596053, 34.608020143803195 ], [ -83.176561360782998, 34.607609110147969 ], [ -83.175515716077825, 34.607459729644987 ], [ -83.17342837168286, 34.607161532222719 ], [ -83.171343542625948, 34.606119122744431 ], [ -83.169993975276412, 34.605444342338721 ], [ -83.169824998532633, 34.604812835907751 ], [ -83.169571622138236, 34.603865907833807 ], [ -83.169993975276412, 34.60200996257074 ], [ -83.170978, 34.598798 ], [ -83.170298380842155, 34.5925843391284 ], [ -83.170278, 34.592398 ], [ -83.170061873486915, 34.592246711440872 ], [ -83.168278, 34.590998 ], [ -83.154577, 34.588198 ], [ -83.152577, 34.578299 ], [ -83.152250960934381, 34.578034595435355 ], [ -83.152168141611284, 34.577967432296383 ], [ -83.139876, 34.567999 ], [ -83.13822053269142, 34.566976505485876 ], [ -83.129676, 34.561699 ], [ -83.127176, 34.561999 ], [ -83.122901, 34.560129 ], [ -83.113594022975988, 34.550305843484701 ], [ -83.110235918433133, 34.546761493215655 ], [ -83.103987, 34.540166 ], [ -83.103575625578216, 34.536737034412745 ], [ -83.117698, 34.52559 ], [ -83.119578, 34.524103 ], [ -83.125356, 34.519607 ], [ -83.127475, 34.517872 ], [ -83.142094, 34.506057 ], [ -83.160519, 34.491319 ], [ -83.173196, 34.48089 ], [ -83.174445, 34.480571 ], [ -83.176431, 34.480066 ], [ -83.17779, 34.479893 ], [ -83.176416, 34.478163 ], [ -83.18304, 34.47684 ], [ -83.189609, 34.476617 ], [ -83.209638, 34.47596 ], [ -83.224655, 34.475352 ], [ -83.238171, 34.474814 ], [ -83.252573, 34.474006 ], [ -83.264283, 34.473508 ], [ -83.265831, 34.473463 ], [ -83.270758, 34.473567 ], [ -83.285213, 34.473069 ], [ -83.294393, 34.472631 ], [ -83.368749, 34.47018 ], [ -83.373906, 34.470223 ], [ -83.387499, 34.464531 ], [ -83.398391, 34.460895 ], [ -83.405935, 34.463827 ], [ -83.409572, 34.464582 ], [ -83.409721, 34.464649 ], [ -83.414117, 34.468132 ], [ -83.459906, 34.481223 ], [ -83.465023, 34.48268 ], [ -83.469968, 34.48409 ], [ -83.503043, 34.48744 ], [ -83.50354, 34.487403 ], [ -83.51833, 34.489301 ], [ -83.524545, 34.490024 ], [ -83.537154, 34.491819 ], [ -83.537378, 34.491592 ], [ -83.539203, 34.490104 ], [ -83.540806, 34.488685 ], [ -83.541372, 34.488378 ], [ -83.544843, 34.486099 ], [ -83.548848, 34.485884 ], [ -83.550583, 34.485788 ], [ -83.552187, 34.485708 ], [ -83.55661, 34.481418 ], [ -83.561857, 34.477776 ], [ -83.566939, 34.472096 ], [ -83.568404, 34.470697 ], [ -83.5694, 34.47015 ], [ -83.575765, 34.465419 ], [ -83.578894, 34.461562 ], [ -83.579303, 34.461836 ], [ -83.583452, 34.45556 ], [ -83.585275, 34.453362 ], [ -83.591851, 34.451003 ], [ -83.59442, 34.449537 ], [ -83.594328, 34.448977 ], [ -83.604064, 34.44574 ], [ -83.607355, 34.44398 ], [ -83.608989, 34.44128 ], [ -83.609091, 34.438229 ], [ -83.608183, 34.437118 ], [ -83.608932, 34.435344 ], [ -83.614863, 34.43119 ], [ -83.618867, 34.427146 ], [ -83.623297, 34.419143 ], [ -83.625134, 34.418915 ], [ -83.625694, 34.419456 ], [ -83.625658, 34.419666 ], [ -83.630359, 34.418331 ], [ -83.632763, 34.417004 ], [ -83.632603, 34.416886 ], [ -83.636289, 34.415988 ], [ -83.638646, 34.416869 ], [ -83.642679, 34.415474 ], [ -83.644807, 34.413255 ], [ -83.644311, 34.41179 ], [ -83.645418, 34.406846 ], [ -83.645183, 34.406845 ], [ -83.646584, 34.405393 ], [ -83.652098, 34.402855 ], [ -83.656586, 34.397891 ], [ -83.658833, 34.392906 ], [ -83.658356, 34.392655 ], [ -83.658696, 34.392128 ], [ -83.658578, 34.392111 ], [ -83.660259, 34.386653 ], [ -83.659995, 34.382748 ], [ -83.660933, 34.37789 ], [ -83.666073, 34.368476 ], [ -83.668792, 34.367352 ], [ -83.669123, 34.367167 ], [ -83.669752, 34.365967 ], [ -83.66315, 34.356737 ], [ -83.660839, 34.355936 ], [ -83.659224, 34.356045 ], [ -83.657069, 34.354896 ], [ -83.651792, 34.349394 ], [ -83.65124, 34.347633 ], [ -83.65149, 34.34696 ], [ -83.651522, 34.343494 ], [ -83.650253, 34.341769 ], [ -83.649406, 34.340613 ], [ -83.647663, 34.333728 ], [ -83.649257, 34.327542 ], [ -83.649007, 34.321065 ], [ -83.644469, 34.316516 ], [ -83.644358, 34.315223 ], [ -83.643891, 34.314772 ], [ -83.638291, 34.310276 ], [ -83.631663, 34.306543 ], [ -83.625076, 34.306094 ], [ -83.625423, 34.301575 ], [ -83.624086, 34.300278 ], [ -83.621275, 34.296466 ], [ -83.620115, 34.295276 ], [ -83.659973, 34.261454 ], [ -83.683612, 34.241454 ], [ -83.686435, 34.23905 ], [ -83.68767, 34.237998 ], [ -83.688839, 34.237002 ], [ -83.696423, 34.230544 ], [ -83.729873, 34.202067 ], [ -83.747798, 34.186807 ], [ -83.75578, 34.180078 ], [ -83.773789, 34.16479 ], [ -83.79701, 34.145082 ], [ -83.817694, 34.127532 ], [ -83.819578, 34.126575 ], [ -83.842683, 34.113038 ], [ -83.851063, 34.108147 ], [ -83.867619, 34.098532 ], [ -83.868029, 34.098281 ], [ -83.914597, 34.11509 ], [ -83.935591, 34.122676 ], [ -83.949822, 34.127627 ], [ -83.959597, 34.131136 ], [ -83.960524, 34.131469 ], [ -83.96159, 34.131852 ], [ -83.969567, 34.134716 ], [ -83.973535, 34.136141 ], [ -83.979477, 34.138275 ], [ -83.980227, 34.138544 ], [ -83.981277, 34.138921 ], [ -83.987815, 34.141268 ], [ -83.988508, 34.141466 ], [ -83.990131, 34.142047 ], [ -83.990616, 34.142221 ], [ -83.990969, 34.14295 ], [ -83.992013, 34.142721 ], [ -83.992913, 34.14298 ], [ -83.994785, 34.143648 ], [ -83.995052, 34.143743 ], [ -84.0429, 34.160792 ], [ -84.063009, 34.167899 ], [ -84.06621, 34.164699 ], [ -84.06961, 34.164499 ], [ -84.07211, 34.163499 ], [ -84.07331, 34.162299 ], [ -84.073735, 34.160898 ], [ -84.074833, 34.158937 ], [ -84.079288, 34.156172 ], [ -84.086074, 34.148437 ], [ -84.08652, 34.146358 ], [ -84.085339, 34.144027 ], [ -84.085949, 34.142085 ], [ -84.088913, 34.13864 ], [ -84.090945, 34.135315 ], [ -84.094731, 34.132282 ], [ -84.094842, 34.1315 ], [ -84.093333, 34.128644 ], [ -84.093412, 34.126643 ], [ -84.097533, 34.122916 ], [ -84.097507, 34.119683 ], [ -84.101225, 34.116901 ], [ -84.101917, 34.114847 ], [ -84.101458, 34.105319 ], [ -84.102197, 34.104234 ], [ -84.109442, 34.098932 ], [ -84.110202, 34.097919 ], [ -84.109778, 34.092967 ], [ -84.110202, 34.091658 ], [ -84.112687, 34.08816 ], [ -84.113766, 34.085457 ], [ -84.113459, 34.079024 ], [ -84.113273, 34.076842 ], [ -84.115509, 34.073528 ], [ -84.116977, 34.070347 ], [ -84.117944, 34.066889 ], [ -84.117835, 34.065726 ], [ -84.114988, 34.065524 ], [ -84.112428, 34.063975 ], [ -84.110979, 34.062348 ], [ -84.10876, 34.057497 ], [ -84.106733, 34.055397 ], [ -84.1049, 34.054252 ], [ -84.100479, 34.053598 ], [ -84.099282, 34.052942 ], [ -84.097469, 34.050937 ], [ -84.097388, 34.050848 ], [ -84.117654, 34.051413 ], [ -84.128414, 34.0545 ], [ -84.131314, 34.0562 ], [ -84.133714, 34.0572 ], [ -84.135914, 34.0572 ], [ -84.139114, 34.0552 ], [ -84.144015, 34.055099 ], [ -84.150015, 34.058399 ], [ -84.158416, 34.062199 ], [ -84.161616, 34.064499 ], [ -84.162016, 34.066099 ], [ -84.168016, 34.067699 ], [ -84.170816, 34.068999 ], [ -84.177717, 34.069599 ], [ -84.179217, 34.069799 ], [ -84.179617, 34.073899 ], [ -84.184517, 34.078999 ], [ -84.185617, 34.082498 ], [ -84.189417, 34.085398 ], [ -84.194418, 34.087698 ], [ -84.200418, 34.090098 ], [ -84.205818, 34.090698 ], [ -84.210344, 34.095295 ], [ -84.211561, 34.097468 ], [ -84.215919, 34.099698 ], [ -84.220319, 34.100298 ], [ -84.222119, 34.099998 ], [ -84.22742, 34.097198 ], [ -84.231172, 34.097138 ], [ -84.23542, 34.101297 ], [ -84.23672, 34.101297 ], [ -84.243921, 34.102297 ], [ -84.247021, 34.103697 ], [ -84.249421, 34.104397 ], [ -84.249921, 34.104697 ], [ -84.253421, 34.104497 ], [ -84.254121, 34.104897 ], [ -84.254521, 34.106697 ], [ -84.254421, 34.107897 ], [ -84.258324, 34.109075 ], [ -84.258921, 34.109697 ], [ -84.258853, 34.136726 ], [ -84.258828, 34.154964 ], [ -84.25892, 34.186096 ], [ -84.317539, 34.186134 ], [ -84.323419, 34.186112 ], [ -84.326883, 34.186099 ], [ -84.328041, 34.18633 ], [ -84.331098, 34.184704 ], [ -84.337051, 34.17916 ], [ -84.338203, 34.178271 ], [ -84.342775, 34.176439 ], [ -84.346906, 34.175865 ], [ -84.351065, 34.176849 ], [ -84.352001, 34.176665 ], [ -84.355305, 34.174673 ], [ -84.35591, 34.173436 ], [ -84.355144, 34.172295 ], [ -84.362272, 34.172015 ], [ -84.364586, 34.172815 ], [ -84.366157, 34.174073 ], [ -84.369159, 34.174438 ], [ -84.381105, 34.173382 ], [ -84.381792, 34.174984 ], [ -84.381846, 34.177228 ], [ -84.381448, 34.194923 ], [ -84.377231, 34.197645 ], [ -84.378745, 34.19895 ], [ -84.386127, 34.201173 ], [ -84.388027, 34.202187 ], [ -84.39103, 34.202641 ], [ -84.393068, 34.204107 ], [ -84.394305, 34.208136 ], [ -84.396507, 34.212166 ], [ -84.409185, 34.206058 ], [ -84.413457, 34.202282 ], [ -84.417645, 34.199697 ], [ -84.420538, 34.198576 ], [ -84.422026, 34.195806 ], [ -84.430209, 34.199401 ], [ -84.434975, 34.198806 ], [ -84.439851, 34.195533 ], [ -84.445499, 34.194617 ], [ -84.448254, 34.195144 ], [ -84.449852, 34.196219 ], [ -84.453338, 34.201499 ], [ -84.454784, 34.202904 ], [ -84.455569, 34.200811 ], [ -84.46627, 34.18896 ], [ -84.479106, 34.187011 ], [ -84.481894, 34.187469 ], [ -84.481902, 34.186487 ], [ -84.481117, 34.18495 ], [ -84.480537, 34.184905 ], [ -84.478636, 34.183188 ], [ -84.477974, 34.182456 ], [ -84.476981, 34.177443 ], [ -84.473895, 34.175108 ], [ -84.469157, 34.173988 ], [ -84.465572, 34.169677 ], [ -84.462172, 34.165603 ], [ -84.459157, 34.164947 ], [ -84.457698, 34.1641 ], [ -84.455328, 34.157234 ], [ -84.455521, 34.155998 ], [ -84.466066, 34.154233 ], [ -84.465955, 34.151509 ], [ -84.463585, 34.144985 ], [ -84.463529, 34.139147 ], [ -84.456068, 34.140408 ], [ -84.453045, 34.137157 ], [ -84.459397, 34.131181 ], [ -84.46091, 34.127267 ], [ -84.462011, 34.126076 ], [ -84.463387, 34.125847 ], [ -84.467711, 34.128433 ], [ -84.468647, 34.129371 ], [ -84.468868, 34.131042 ], [ -84.470162, 34.13182 ], [ -84.478721, 34.127994 ], [ -84.478941, 34.127193 ], [ -84.478387, 34.125097 ], [ -84.478796, 34.123304 ], [ -84.479131, 34.122549 ], [ -84.480413, 34.121938 ], [ -84.48464, 34.123998 ], [ -84.49117, 34.12412 ], [ -84.492438, 34.123373 ], [ -84.493384, 34.121427 ], [ -84.49523, 34.120797 ], [ -84.50313, 34.120197 ], [ -84.50433, 34.121297 ], [ -84.504436, 34.121244 ], [ -84.50453, 34.121197 ], [ -84.504604, 34.121271 ], [ -84.505461, 34.124289 ], [ -84.505214, 34.125097 ], [ -84.506493, 34.125849 ], [ -84.511973, 34.128971 ], [ -84.513211, 34.12888 ], [ -84.515244, 34.127144 ], [ -84.517074, 34.12712 ], [ -84.519799, 34.129888 ], [ -84.520421, 34.130127 ], [ -84.524945, 34.134324 ], [ -84.527416, 34.137715 ], [ -84.52744, 34.138082 ], [ -84.527494, 34.138913 ], [ -84.52876, 34.140986 ], [ -84.531107, 34.141306 ], [ -84.533613, 34.140155 ], [ -84.538485, 34.143529 ], [ -84.539199, 34.144661 ], [ -84.539042, 34.146965 ], [ -84.539636, 34.147975 ], [ -84.542564, 34.148007 ], [ -84.548577, 34.151622 ], [ -84.55398, 34.153715 ], [ -84.559965, 34.158185 ], [ -84.561018, 34.15837 ], [ -84.561799, 34.157815 ], [ -84.563202, 34.154784 ], [ -84.565411, 34.152522 ], [ -84.570678, 34.149072 ], [ -84.572525, 34.152038 ], [ -84.58092, 34.161801 ], [ -84.583875, 34.16565 ], [ -84.59005, 34.171859 ], [ -84.596093, 34.175132 ], [ -84.601168, 34.175723 ], [ -84.609558, 34.175386 ], [ -84.610694, 34.179008 ], [ -84.611475, 34.180034 ], [ -84.612458, 34.180082 ], [ -84.614796, 34.178802 ], [ -84.615016, 34.173942 ], [ -84.616137, 34.172536 ], [ -84.617429, 34.172436 ], [ -84.619349, 34.173484 ], [ -84.623271, 34.176589 ], [ -84.624933, 34.176969 ], [ -84.626952, 34.176251 ], [ -84.627932, 34.174734 ], [ -84.627578, 34.173463 ], [ -84.626196, 34.172218 ], [ -84.623919, 34.171277 ], [ -84.619693, 34.169882 ], [ -84.616058, 34.167881 ], [ -84.612612, 34.163779 ], [ -84.611771, 34.161906 ], [ -84.611583, 34.160132 ], [ -84.61177, 34.158742 ], [ -84.62241, 34.157946 ], [ -84.624933, 34.157228 ], [ -84.626921, 34.15584 ], [ -84.627607, 34.154794 ], [ -84.626987, 34.153243 ], [ -84.624029, 34.151459 ], [ -84.623041, 34.150289 ], [ -84.620848, 34.146079 ], [ -84.620426, 34.144219 ], [ -84.620846, 34.1398 ], [ -84.622536, 34.133566 ], [ -84.62254, 34.130989 ], [ -84.624933, 34.12923 ], [ -84.629868, 34.128331 ], [ -84.632263, 34.128432 ], [ -84.634904, 34.131272 ], [ -84.635407, 34.133533 ], [ -84.638843, 34.139545 ], [ -84.640112, 34.140268 ], [ -84.647349, 34.138415 ], [ -84.650909, 34.139361 ], [ -84.655306, 34.141347 ], [ -84.657856, 34.143702 ], [ -84.65784, 34.146467 ], [ -84.657846, 34.147834 ], [ -84.657848, 34.148384 ], [ -84.657861, 34.151431 ], [ -84.657881, 34.15596 ], [ -84.657717, 34.202675 ], [ -84.655905, 34.213656 ], [ -84.65375, 34.227213 ], [ -84.653233, 34.251121 ], [ -84.653953, 34.331771 ], [ -84.653998, 34.346934 ], [ -84.64616, 34.346845 ], [ -84.644682, 34.346829 ], [ -84.644293, 34.355168 ], [ -84.654038, 34.355176 ], [ -84.653768, 34.384041 ], [ -84.653737, 34.385088 ], [ -84.653232, 34.41259 ], [ -84.698812, 34.412884 ], [ -84.733878, 34.412968 ], [ -84.734004, 34.401998 ], [ -84.734118, 34.396495 ], [ -84.75365, 34.396741 ], [ -84.777705, 34.397061 ], [ -84.826086, 34.397628 ], [ -84.837061, 34.397721 ], [ -84.862737, 34.396599 ], [ -84.882347, 34.396641 ], [ -84.896282, 34.396297 ], [ -84.896194, 34.397432 ], [ -84.89619, 34.398307 ], [ -84.897989, 34.398662 ], [ -84.918799, 34.398734 ], [ -84.919738, 34.398729 ], [ -84.928942, 34.398685 ], [ -84.932327, 34.398718 ], [ -84.934072, 34.398739 ], [ -84.934703, 34.398746 ], [ -84.942315, 34.398836 ], [ -84.952546, 34.398955 ], [ -84.953743, 34.38419 ], [ -84.970441, 34.384378 ], [ -84.970777, 34.397734 ], [ -84.979633, 34.39763 ], [ -84.979945, 34.391399 ], [ -84.980054, 34.384772 ], [ -84.981626, 34.384714 ], [ -84.989918, 34.384525 ], [ -84.989556, 34.388883 ], [ -84.98926, 34.392453 ], [ -84.99303, 34.392492 ], [ -84.992981, 34.392654 ], [ -84.994809, 34.392525 ], [ -85.005775, 34.392446 ], [ -85.01893, 34.392316 ], [ -85.020557, 34.391096 ], [ -85.023782, 34.391754 ], [ -85.023497, 34.392176 ], [ -85.027031, 34.393993 ], [ -85.026873, 34.399644 ], [ -85.031714, 34.399792 ], [ -85.031701, 34.401307 ], [ -85.032849, 34.401333 ], [ -85.033801, 34.401354 ], [ -85.039036, 34.40133 ], [ -85.041831, 34.401326 ], [ -85.087946, 34.401273 ], [ -85.10065, 34.404037 ], [ -85.104444, 34.404278 ], [ -85.10535, 34.405342 ], [ -85.107774, 34.41094 ], [ -85.107121, 34.415672 ], [ -85.100221, 34.421356 ], [ -85.098049, 34.422406 ], [ -85.090423, 34.423929 ], [ -85.088648, 34.42498 ], [ -85.088947, 34.425168 ], [ -85.0895, 34.427664 ], [ -85.095107, 34.440928 ], [ -85.097631, 34.442546 ], [ -85.099206, 34.442591 ], [ -85.10175, 34.444629 ], [ -85.101944, 34.446277 ], [ -85.101392, 34.447422 ], [ -85.101227, 34.450696 ], [ -85.10197, 34.452269 ], [ -85.102611, 34.453489 ], [ -85.109165, 34.459853 ], [ -85.110022, 34.459761 ], [ -85.11146, 34.460905 ], [ -85.112096, 34.461684 ], [ -85.111361, 34.46338 ], [ -85.090067, 34.463527 ], [ -85.089997, 34.541915 ], [ -85.077003, 34.542245 ], [ -85.063507, 34.542548 ], [ -85.064169, 34.574886 ], [ -85.069295, 34.575035 ], [ -85.069159, 34.587184 ], [ -85.079947, 34.58725 ], [ -85.086267, 34.587303 ], [ -85.088525, 34.587322 ], [ -85.099753, 34.587416 ], [ -85.107748, 34.587483 ], [ -85.124949, 34.587583 ], [ -85.124949, 34.588135 ], [ -85.142304, 34.588117 ], [ -85.2047, 34.588841 ], [ -85.204707, 34.588883 ], [ -85.241415, 34.588887 ], [ -85.242839, 34.588886 ], [ -85.281504, 34.588996 ], [ -85.297783, 34.589054 ], [ -85.322628, 34.589144 ], [ -85.349343, 34.589241 ], [ -85.353477, 34.589256 ], [ -85.371396, 34.589305 ], [ -85.409515, 34.589209 ], [ -85.410072, 34.589207 ], [ -85.438129, 34.589106 ], [ -85.43873, 34.589104 ], [ -85.527261, 34.588683 ], [ -85.534089323403862, 34.62385765943629 ], [ -85.534092496476887, 34.623874004848844 ], [ -85.534327, 34.625082 ], [ -85.541264, 34.656701 ], [ -85.541267, 34.656783 ], [ -85.542013355566525, 34.660209217048255 ], [ -85.542500880045878, 34.662447245084145 ], [ -85.545889324086318, 34.678002223514149 ], [ -85.552225441243465, 34.707088779034478 ], [ -85.552454, 34.708138 ], [ -85.552482, 34.708321 ], [ -85.55724278802218, 34.730573181131675 ], [ -85.557346930831443, 34.731059950263997 ], [ -85.561416, 34.750079 ], [ -85.568733891136205, 34.78722313222859 ], [ -85.574402808398091, 34.815997407282566 ], [ -85.575976660617286, 34.823985962161274 ], [ -85.583145, 34.860371 ], [ -85.589078789751454, 34.891871731081949 ], [ -85.595163, 34.924171 ], [ -85.595191, 34.924331 ], [ -85.596557758187274, 34.932167587890497 ], [ -85.597170738083904, 34.935682233626494 ], [ -85.598781, 34.944915 ], [ -85.599241030772433, 34.950132998049646 ], [ -85.599241063685525, 34.950133371373482 ], [ -85.599385, 34.951766 ], [ -85.605165, 34.984678 ], [ -85.552592868948125, 34.984030208306336 ], [ -85.514277865319414, 34.983558092365811 ], [ -85.498096833220501, 34.983358710336233 ], [ -85.474090772801617, 34.983062908621029 ], [ -85.471190896423366, 34.983027176460418 ], [ -85.469945259638621, 34.983011827773844 ], [ -85.466713, 34.982972 ], [ -85.451260658363594, 34.982974835430781 ], [ -85.425546325574942, 34.982979553887859 ], [ -85.409419193615662, 34.982982513139426 ], [ -85.407788481321006, 34.982982812367325 ], [ -85.394811184626903, 34.982985193639188 ], [ -85.392648060235089, 34.982985590562208 ], [ -85.384967, 34.982987 ], [ -85.368981433411406, 34.983281678821548 ], [ -85.365213436474662, 34.98335113828621 ], [ -85.364761529827348, 34.983359468758408 ], [ -85.363919, 34.983375 ], [ -85.345558, 34.983704865976783 ], [ -85.344352054058547, 34.983726531492579 ], [ -85.344329702449642, 34.983726933052168 ], [ -85.342874567563058, 34.983753075391405 ], [ -85.342465833434929, 34.983760418536285 ], [ -85.341557076860866, 34.983776744873381 ], [ -85.33934116088453, 34.983816555084552 ], [ -85.327456394815641, 34.984030071775756 ], [ -85.32744637465504, 34.984030251793762 ], [ -85.308257, 34.984375 ], [ -85.305457, 34.984475 ], [ -85.301488, 34.984475 ], [ -85.301055820972451, 34.984485884875319 ], [ -85.294826798095841, 34.984642769252275 ], [ -85.2945, 34.984651 ], [ -85.286909332093572, 34.984796147332524 ], [ -85.282785629629444, 34.984875 ], [ -85.281256, 34.984904249291752 ], [ -85.277556, 34.984975 ], [ -85.275856, 34.984975 ], [ -85.272854365274071, 34.985002790340928 ], [ -85.272842182152516, 34.985002903137215 ], [ -85.265055, 34.985075 ], [ -85.254955, 34.985175 ], [ -85.242055328766781, 34.985374479452062 ], [ -85.242055154475381, 34.985374482147307 ], [ -85.235555, 34.985475 ], [ -85.230354, 34.985475 ], [ -85.227854, 34.985475 ], [ -85.221854, 34.985475 ], [ -85.220554, 34.985575 ], [ -85.217854, 34.985675 ], [ -85.216554, 34.985675 ], [ -85.211259763086844, 34.985730276055151 ], [ -85.205815889022091, 34.985787114441379 ], [ -85.201532881967537, 34.98583183245033 ], [ -85.201532435963557, 34.985831837106971 ], [ -85.199969295099933, 34.985848157544069 ], [ -85.195590625171931, 34.985893874349728 ], [ -85.185905, 34.985995 ], [ -85.180553, 34.986075 ], [ -85.175245948377878, 34.986106676868694 ], [ -85.148384742212912, 34.986267006739261 ], [ -85.147650645662267, 34.986271388434012 ], [ -85.140135640575195, 34.986316244193112 ], [ -85.127214867697106, 34.986393366040524 ], [ -85.12677477525898, 34.986395992875742 ], [ -85.123931740311065, 34.986412962457173 ], [ -85.102815772277339, 34.986539 ], [ -85.095972404561877, 34.986579846872409 ], [ -85.083618174130777, 34.986653587126426 ], [ -85.081872017408287, 34.986664009632349 ], [ -85.064982499041349, 34.986764820231798 ], [ -85.064974774130846, 34.986764866340408 ], [ -85.063429140503942, 34.986774091958914 ], [ -85.045183, 34.986883 ], [ -85.045052, 34.986859 ], [ -85.037692247087833, 34.986947960076314 ], [ -84.97986, 34.987647 ], [ -84.976973240176278, 34.987668796305186 ], [ -84.955623, 34.98783 ], [ -84.94442, 34.987864 ], [ -84.943898718362718, 34.98786930047811 ], [ -84.939306, 34.987916 ], [ -84.93063528486384, 34.987902103197847 ], [ -84.891325297608716, 34.987839099961562 ], [ -84.887760868190668, 34.987833387149017 ], [ -84.886631598335214, 34.987831577235994 ], [ -84.861314, 34.987791 ], [ -84.858032, 34.987746 ], [ -84.831799, 34.988004 ], [ -84.82401, 34.987707 ], [ -84.820478, 34.987913 ], [ -84.817279, 34.987753 ], [ -84.810742, 34.987615 ], [ -84.809184, 34.987569 ], [ -84.808127, 34.987592 ], [ -84.776072518181493, 34.987798199636615 ], [ -84.776053577393128, 34.987798321478678 ], [ -84.775877023506027, 34.987799457212148 ], [ -84.765038738853775, 34.987869177582837 ], [ -84.738688598517911, 34.98803868240887 ], [ -84.731022, 34.988088 ], [ -84.727434, 34.98802 ], [ -84.682872135948486, 34.98800174068262 ], [ -84.624933, 34.987978 ], [ -84.621483, 34.988329 ], [ -84.568288701056431, 34.988176944108126 ], [ -84.509886, 34.98801 ], [ -84.509052, 34.988033 ], [ -84.455066783758696, 34.988031581190803 ], [ -84.394903, 34.98803 ], [ -84.393935, 34.988068 ], [ -84.392020328731462, 34.988077033222751 ], [ -84.382581757303115, 34.988121563435122 ], [ -84.382559948318132, 34.988121666327729 ], [ -84.374266965884871, 34.988160791768657 ], [ -84.371675590877473, 34.988173017610286 ], [ -84.359307702905838, 34.988231368037781 ], [ -84.34739712606526, 34.988287560918295 ], [ -84.343449271084353, 34.988306186493389 ], [ -84.321869, 34.988408 ], [ -84.261114693170455, 34.988122415521623 ], [ -84.233322089984441, 34.987991772337693 ], [ -84.215939747471495, 34.98791006410196 ], [ -84.206687509726905, 34.987866572609335 ], [ -84.205233706032445, 34.987859738793098 ], [ -84.180275199387111, 34.987742417693148 ], [ -84.145113212353181, 34.98757713364585 ], [ -84.129555, 34.987504 ], [ -84.096485632165354, 34.987443240626952 ], [ -84.090325424876298, 34.987431922287442 ], [ -84.029954, 34.987321 ], [ -84.021357, 34.98743 ], [ -84.005431993027287, 34.987440339570846 ], [ -83.979242694321997, 34.987457343400649 ], [ -83.963369988312294, 34.987467649014199 ], [ -83.936646, 34.987485 ], [ -83.922581842844949, 34.987458883458835 ], [ -83.893010341996018, 34.987403970440567 ], [ -83.874730771758408, 34.987370026056766 ], [ -83.868545601316072, 34.987358540458558 ], [ -83.858321531087427, 34.987339554795334 ], [ -83.831097, 34.987289 ], [ -83.826352226141324, 34.987312488979512 ], [ -83.800623653988694, 34.987439858148612 ], [ -83.790910618016767, 34.987487942485046 ], [ -83.790847904575813, 34.987488252947649 ], [ -83.775291782565205, 34.98756526345263 ], [ -83.749893, 34.987691 ], [ -83.725278337653791, 34.987482764064417 ], [ -83.721793000143734, 34.987453278690765 ], [ -83.718496627859096, 34.987425391931353 ], [ -83.619985, 34.986592 ], [ -83.620185, 34.992091 ], [ -83.599517010648967, 34.992208053608991 ], [ -83.549381, 34.992492 ], [ -83.483581772211394, 34.993473995685989 ], [ -83.483444904518834, 34.993476038316075 ], [ -83.382233236665812, 34.994986533568685 ], [ -83.367925356114142, 34.995200066119835 ], [ -83.354900881510389, 34.995394444964454 ], [ -83.35152114410225, 34.995444884576983 ], [ -83.336739234487652, 34.995665491595616 ], [ -83.334028531826419, 34.995705946452169 ], [ -83.322768, 34.995874 ], [ -83.297524064373974, 34.996557175761325 ], [ -83.288609143063326, 34.996798439969965 ], [ -83.238027376411978, 34.998167332580493 ], [ -83.197898103464112, 34.999253349713577 ], [ -83.196336758583101, 34.999295604336382 ], [ -83.19041, 34.999456 ], [ -83.108535, 35.000771 ] ] ] } },
{ "type": "Feature", "properties": { "DISTRICT": "1", "STARTCONG": "105", "ENDCONG": "107", "ST": "14", "STA": "GA", "ELECT_YEAR": "1996-2000", "TYPE": "US Cong" }, "geometry": { "type": "Polygon", "coordinates": [ [ [ -81.542509845454603, 33.04525379101235 ], [ -81.542091743150124, 33.04485891452557 ], [ -81.540081, 33.040613 ], [ -81.538789, 33.039185 ], [ -81.519632, 33.029181 ], [ -81.513231, 33.028546 ], [ -81.511245, 33.027786 ], [ -81.50203, 33.015113 ], [ -81.492253, 33.009342 ], [ -81.491419, 33.008078 ], [ -81.491197, 32.997824 ], [ -81.49120970067959, 32.997707397991661 ], [ -81.491213883645671, 32.997668995145382 ], [ -81.491398808005215, 32.995971247275193 ], [ -81.491413224832499, 32.995838889710839 ], [ -81.491457, 32.995437 ], [ -81.494736, 32.978998 ], [ -81.499471, 32.96478 ], [ -81.49983, 32.963816 ], [ -81.501369, 32.962914 ], [ -81.502121426840972, 32.962927701247466 ], [ -81.502851717585855, 32.962940999409732 ], [ -81.503346, 32.96295 ], [ -81.505256250090355, 32.963019369170084 ], [ -81.506448740804444, 32.962423118035787 ], [ -81.507144356215235, 32.961330003152618 ], [ -81.507442483708104, 32.96023688826952 ], [ -81.507740607349504, 32.959243145365782 ], [ -81.508436222760281, 32.958348778293107 ], [ -81.508535598591237, 32.957156287579103 ], [ -81.508436222760281, 32.955765049054463 ], [ -81.508138099118895, 32.953976314909063 ], [ -81.507044984235762, 32.951193835934291 ], [ -81.504016, 32.948091 ], [ -81.499446, 32.944988 ], [ -81.499566, 32.943722 ], [ -81.502716, 32.938688 ], [ -81.502466672421463, 32.935810811507217 ], [ -81.502427, 32.935353 ], [ -81.501708254732463, 32.934595246617484 ], [ -81.499829, 32.932614 ], [ -81.495092, 32.931596 ], [ -81.483198, 32.921802 ], [ -81.480008, 32.913444 ], [ -81.479184, 32.905638 ], [ -81.468978, 32.901083 ], [ -81.465924, 32.899889 ], [ -81.464069, 32.897814 ], [ -81.464655, 32.895999 ], [ -81.470836, 32.890521 ], [ -81.471703, 32.890439 ], [ -81.4771, 32.887469 ], [ -81.479445, 32.881082 ], [ -81.475918, 32.877641 ], [ -81.470376, 32.876267 ], [ -81.468042, 32.876675 ], [ -81.460639281610312, 32.87531156206402 ], [ -81.45392, 32.874074 ], [ -81.453744708717508, 32.873886369022607 ], [ -81.453044022192771, 32.873136357409834 ], [ -81.452883, 32.872964 ], [ -81.452636726384029, 32.872259741049874 ], [ -81.452456640161159, 32.871744755578355 ], [ -81.451351, 32.868583 ], [ -81.453017, 32.859636 ], [ -81.455977783563597, 32.854107495684289 ], [ -81.453949470170642, 32.849761112248693 ], [ -81.452573113801691, 32.847950120203386 ], [ -81.451199, 32.847925 ], [ -81.449396, 32.849126 ], [ -81.444866, 32.850967 ], [ -81.443595, 32.850628 ], [ -81.442671, 32.850107 ], [ -81.426475, 32.840773 ], [ -81.421614, 32.835178 ], [ -81.42062, 32.831223 ], [ -81.417984, 32.818196 ], [ -81.418497, 32.815664 ], [ -81.419752, 32.813731 ], [ -81.423772, 32.810514 ], [ -81.424874, 32.801882 ], [ -81.425234, 32.79419 ], [ -81.424999, 32.790334 ], [ -81.4274455547624, 32.788142117276344 ], [ -81.42803078439168, 32.787617806627907 ], [ -81.429016873199146, 32.785504762303219 ], [ -81.428657873570373, 32.78428416412185 ], [ -81.428312523271003, 32.783109973639434 ], [ -81.42697189719209, 32.781872470491408 ], [ -81.426481217825597, 32.781419534903854 ], [ -81.424227306791082, 32.780151707217044 ], [ -81.422114251546887, 32.779306485119406 ], [ -81.421752187326859, 32.778840971688282 ], [ -81.421128168199161, 32.778038657432589 ], [ -81.420987296029622, 32.776911699185426 ], [ -81.421128168199161, 32.775925610378003 ], [ -81.421269034908946, 32.774657782691243 ], [ -81.422677734765244, 32.773249082834901 ], [ -81.424714, 32.772648 ], [ -81.425008447229459, 32.772390082988828 ], [ -81.425636001187655, 32.771840385708501 ], [ -81.426058612236488, 32.771136035780316 ], [ -81.426481217825597, 32.77029081641254 ], [ -81.426481217825597, 32.769022988725737 ], [ -81.426199478946273, 32.768318638797517 ], [ -81.425857587722163, 32.768243280062556 ], [ -81.425017, 32.768058 ], [ -81.422395990426196, 32.767050811110828 ], [ -81.420142079391695, 32.765501244544701 ], [ -81.417606418558393, 32.762683847561952 ], [ -81.416479457581417, 32.760289058898159 ], [ -81.415211635354353, 32.757753400794769 ], [ -81.416479457581417, 32.754654264932697 ], [ -81.416643047731355, 32.753263770848854 ], [ -81.416659916133838, 32.753120391715875 ], [ -81.416761201920451, 32.752259476268904 ], [ -81.41619771870208, 32.750428168093627 ], [ -81.415352502064138, 32.748878600162548 ], [ -81.414257566277527, 32.748574451398497 ], [ -81.414083184606326, 32.748526012055805 ], [ -81.412816846690589, 32.748174251599401 ], [ -81.41140814683429, 32.747329032231576 ], [ -81.410562924736595, 32.745920333740202 ], [ -81.410358769023489, 32.745001631052993 ], [ -81.410281185857286, 32.744652506053441 ], [ -81.410562924736595, 32.743243807562045 ], [ -81.410844669075644, 32.741694238266071 ], [ -81.411549013544061, 32.740144670335077 ], [ -81.41267, 32.739083 ], [ -81.418542, 32.732586 ], [ -81.420516, 32.720238 ], [ -81.421194, 32.711978 ], [ -81.427517, 32.701896 ], [ -81.426735, 32.700867 ], [ -81.416460708326042, 32.694673818335659 ], [ -81.413100330294384, 32.692648235232568 ], [ -81.411609002572703, 32.693145343889285 ], [ -81.411157084656665, 32.693958795612701 ], [ -81.410778848404959, 32.69471526893053 ], [ -81.41075035923285, 32.69477224733609 ], [ -81.409982099125898, 32.695178972759926 ], [ -81.409349414744057, 32.695269355992856 ], [ -81.4083100049384, 32.694907822185449 ], [ -81.404928642950836, 32.687836484523963 ], [ -81.401256, 32.680156 ], [ -81.401235787027659, 32.67991896505567 ], [ -81.401232359680876, 32.679878772997689 ], [ -81.401029, 32.677494 ], [ -81.404287, 32.667798 ], [ -81.406585984956862, 32.66264940418521 ], [ -81.406646, 32.662515 ], [ -81.4073, 32.66156 ], [ -81.407193, 32.660519 ], [ -81.405273, 32.656517 ], [ -81.401782932245951, 32.656411681099506 ], [ -81.398591014337214, 32.656315359392266 ], [ -81.398314, 32.656307 ], [ -81.393818, 32.653491 ], [ -81.393033, 32.651543 ], [ -81.394589, 32.64957 ], [ -81.403582, 32.643398 ], [ -81.405109, 32.64269 ], [ -81.404238, 32.638258 ], [ -81.402735, 32.637032 ], [ -81.402846, 32.63621 ], [ -81.407271, 32.631737 ], [ -81.40933, 32.631096 ], [ -81.41026, 32.631392 ], [ -81.41058433464012, 32.631781047489881 ], [ -81.411133960840502, 32.632440337825315 ], [ -81.411523, 32.632907 ], [ -81.413411, 32.637368 ], [ -81.414761, 32.63744 ], [ -81.416516580370711, 32.636432469853872 ], [ -81.417014, 32.636147 ], [ -81.418431, 32.634704 ], [ -81.418633379085577, 32.630009512215835 ], [ -81.41866, 32.629392 ], [ -81.418216069055688, 32.628670168547451 ], [ -81.417979781216317, 32.628285964660598 ], [ -81.41762892037633, 32.627715465142558 ], [ -81.411906, 32.61841 ], [ -81.411412799833826, 32.617916045495406 ], [ -81.404714, 32.611207 ], [ -81.397106, 32.605587 ], [ -81.393865, 32.60234 ], [ -81.389338, 32.595436 ], [ -81.380999, 32.589652 ], [ -81.379216, 32.589022 ], [ -81.376237, 32.589217 ], [ -81.373178, 32.592115 ], [ -81.37157, 32.592018 ], [ -81.369757, 32.591231 ], [ -81.368982, 32.590025 ], [ -81.368386, 32.584221 ], [ -81.366964, 32.577059 ], [ -81.357780183499713, 32.573254100912941 ], [ -81.357366524310166, 32.57308271993282 ], [ -81.348365853450133, 32.569353698960242 ], [ -81.348343973879722, 32.569344634149566 ], [ -81.328753, 32.561228 ], [ -81.321567224370497, 32.559737160573604 ], [ -81.320588, 32.559534 ], [ -81.319043003263104, 32.559725606815299 ], [ -81.309009, 32.56097 ], [ -81.302963912834628, 32.562315347939744 ], [ -81.300593, 32.562843 ], [ -81.300216985678802, 32.562869084390016 ], [ -81.298685837575718, 32.562975301259911 ], [ -81.297955, 32.563026 ], [ -81.29676, 32.562648 ], [ -81.293103838780397, 32.561183261662265 ], [ -81.293088943215622, 32.561177294172417 ], [ -81.288966975790743, 32.559525943657015 ], [ -81.28876365547724, 32.559444489082118 ], [ -81.281324, 32.556464 ], [ -81.279238, 32.55459 ], [ -81.275213, 32.545202 ], [ -81.274927, 32.544158 ], [ -81.274802, 32.541143 ], [ -81.276242, 32.538558 ], [ -81.27697944763139, 32.535952462305708 ], [ -81.277131, 32.535417 ], [ -81.276545354442263, 32.535004326254892 ], [ -81.273584328687591, 32.532917846520917 ], [ -81.268051605889752, 32.529019226600603 ], [ -81.262567337704098, 32.525154750107212 ], [ -81.253337617058506, 32.518651049473362 ], [ -81.252882, 32.51833 ], [ -81.252068776255413, 32.5181199726565 ], [ -81.249827, 32.517541 ], [ -81.247874, 32.518231 ], [ -81.24501, 32.518317 ], [ -81.237094619512064, 32.517313611371996 ], [ -81.234660117049629, 32.516270253815712 ], [ -81.23402250990371, 32.513777786046163 ], [ -81.234834010724526, 32.512270712772278 ], [ -81.236707, 32.511402 ], [ -81.238411, 32.510192 ], [ -81.238728, 32.508896 ], [ -81.238281, 32.505988 ], [ -81.233585, 32.498488 ], [ -81.227528, 32.493884 ], [ -81.212428, 32.478685 ], [ -81.200029, 32.467985 ], [ -81.194829, 32.465086 ], [ -81.192429, 32.464786 ], [ -81.189229, 32.465586 ], [ -81.188129, 32.465386 ], [ -81.187060578947367, 32.464317578947394 ], [ -81.186829, 32.464086 ], [ -81.187329, 32.462886 ], [ -81.192629, 32.456286 ], [ -81.197529, 32.452086 ], [ -81.200908035249071, 32.451593160817936 ], [ -81.201506426307319, 32.451120747659715 ], [ -81.202358956941609, 32.450447698348839 ], [ -81.2030462320553, 32.448844048524386 ], [ -81.2030462320553, 32.447164033154216 ], [ -81.202560432809889, 32.446192430384144 ], [ -81.202496319731921, 32.446064203663497 ], [ -81.2022062288097, 32.445484019263844 ], [ -81.20113712596708, 32.444033097571236 ], [ -81.20113712596708, 32.442963997688246 ], [ -81.201595313322443, 32.441360347863871 ], [ -81.202588050619283, 32.439833062105414 ], [ -81.20453, 32.438687 ], [ -81.20724627196067, 32.437542134207597 ], [ -81.208312252601104, 32.436141691788833 ], [ -81.208410384196142, 32.43601277045282 ], [ -81.208421373006786, 32.435998333796135 ], [ -81.20843, 32.435987 ], [ -81.20513, 32.423788 ], [ -81.198342167454356, 32.415602535495744 ], [ -81.194931, 32.411489 ], [ -81.189731, 32.407289 ], [ -81.180931, 32.39649 ], [ -81.177478767857139, 32.39201142857145 ], [ -81.177231, 32.39169 ], [ -81.177306630252104, 32.391093361344574 ], [ -81.178131, 32.38459 ], [ -81.181072, 32.380398 ], [ -81.180599304688172, 32.379914972212141 ], [ -81.17776976605964, 32.377023583720927 ], [ -81.173432, 32.372591 ], [ -81.169332144255392, 32.36943572002896 ], [ -81.168721813273081, 32.367543695403107 ], [ -81.169332144255392, 32.365590639098308 ], [ -81.169654047232612, 32.365123879126315 ], [ -81.170552803854534, 32.363820680195765 ], [ -81.170857969345704, 32.362722086319963 ], [ -81.170125572640003, 32.361318326953054 ], [ -81.161732, 32.356092 ], [ -81.15831201780243, 32.353029839820387 ], [ -81.155330416811765, 32.350360194396075 ], [ -81.155195034386267, 32.350238976609432 ], [ -81.155032, 32.350093 ], [ -81.155002774726555, 32.349437894693992 ], [ -81.154974038895531, 32.348793760588201 ], [ -81.155136458094958, 32.347169594822283 ], [ -81.15486566455742, 32.346537745566991 ], [ -81.154849667926726, 32.346500420233163 ], [ -81.154811623892641, 32.346411651147946 ], [ -81.154432652055448, 32.346086817994781 ], [ -81.153999540485117, 32.345924401942739 ], [ -81.153295736543882, 32.345816124574704 ], [ -81.15210468339744, 32.345816124574696 ], [ -81.150588793950405, 32.345870262209608 ], [ -81.149072908699921, 32.346682344567917 ], [ -81.148479202779598, 32.347545915389439 ], [ -81.148477380028424, 32.347548566659505 ], [ -81.147632, 32.349393 ], [ -81.144032, 32.351093 ], [ -81.143962972078583, 32.351083796277123 ], [ -81.143933390615771, 32.351079852082108 ], [ -81.142532, 32.350893 ], [ -81.142139843137258, 32.350525352941226 ], [ -81.140932, 32.349393 ], [ -81.133893752988058, 32.341583438247028 ], [ -81.133808438423316, 32.34148877414092 ], [ -81.133632, 32.341293 ], [ -81.133511022687216, 32.339982614073755 ], [ -81.133032, 32.334794 ], [ -81.137032, 32.329994 ], [ -81.137633, 32.328194 ], [ -81.135733, 32.324594 ], [ -81.130327215480975, 32.316564573072149 ], [ -81.125433, 32.309295 ], [ -81.123933, 32.308695 ], [ -81.122933, 32.307295 ], [ -81.122333, 32.305395 ], [ -81.119833, 32.289596 ], [ -81.119785380952379, 32.289119809523825 ], [ -81.119633, 32.287596 ], [ -81.121259506024089, 32.284794795180822 ], [ -81.121433, 32.284496 ], [ -81.128034, 32.276297 ], [ -81.130834, 32.274597 ], [ -81.136534, 32.272697 ], [ -81.13969715789473, 32.269533842105268 ], [ -81.145834, 32.263397 ], [ -81.148334, 32.255098 ], [ -81.155595, 32.246022 ], [ -81.155737101880348, 32.245719460512838 ], [ -81.156587, 32.24391 ], [ -81.155995, 32.241478 ], [ -81.155656305628639, 32.240956900015526 ], [ -81.154620351673174, 32.239363027675694 ], [ -81.153531, 32.237687 ], [ -81.152239350973844, 32.235703786772383 ], [ -81.148402205370445, 32.229812187922505 ], [ -81.146530383745798, 32.226938170809078 ], [ -81.145455602456622, 32.225287938875844 ], [ -81.143139, 32.221731 ], [ -81.136727, 32.213669 ], [ -81.136012, 32.212858 ], [ -81.128283, 32.208634 ], [ -81.12315, 32.201329 ], [ -81.120760692417534, 32.195434467379926 ], [ -81.119665978992558, 32.192733758588624 ], [ -81.118234, 32.189201 ], [ -81.117934, 32.185301 ], [ -81.119834, 32.181202 ], [ -81.120434, 32.178702 ], [ -81.119361184371613, 32.177142253243289 ], [ -81.119434, 32.175402 ], [ -81.121134, 32.174902 ], [ -81.124491970159909, 32.172119681867535 ], [ -81.128134, 32.169102 ], [ -81.129402, 32.166922 ], [ -81.129598545966374, 32.165803721225785 ], [ -81.129634, 32.165602 ], [ -81.128434, 32.164402 ], [ -81.123134, 32.162902 ], [ -81.122034, 32.161803 ], [ -81.120316352941174, 32.154503 ], [ -81.120034, 32.153303 ], [ -81.118334, 32.144403 ], [ -81.119134, 32.142104 ], [ -81.119833745479426, 32.135728179561973 ], [ -81.119914160753311, 32.134995465508311 ], [ -81.119994, 32.134268 ], [ -81.119462581808449, 32.131059658939854 ], [ -81.117234, 32.117605 ], [ -81.113334, 32.113205 ], [ -81.111134, 32.112005 ], [ -81.100458, 32.111181 ], [ -81.093386, 32.11123 ], [ -81.091498, 32.110782 ], [ -81.090874, 32.10699 ], [ -81.088234, 32.10395 ], [ -81.087384667118158, 32.103376048086702 ], [ -81.087272377413299, 32.10330016630661 ], [ -81.087078547931668, 32.103169182561295 ], [ -81.083546, 32.100782 ], [ -81.066906, 32.090351 ], [ -81.064391516699374, 32.089243133595232 ], [ -81.060840238766104, 32.087678461634596 ], [ -81.060442, 32.087503 ], [ -81.058538751523869, 32.087093749372585 ], [ -81.05106825372745, 32.085487387434576 ], [ -81.050234, 32.085308 ], [ -81.04859207173412, 32.085192904518742 ], [ -81.042295899194727, 32.084751556974226 ], [ -81.041949290203419, 32.084727260462927 ], [ -81.038265, 32.084469 ], [ -81.032674, 32.08545 ], [ -81.021622, 32.090897 ], [ -81.020085994632993, 32.092683122756213 ], [ -81.016009, 32.097424 ], [ -81.011961, 32.100176 ], [ -81.007431014386313, 32.101023635344866 ], [ -81.006745, 32.101152 ], [ -81.005062103898922, 32.100734302766263 ], [ -81.002848517375597, 32.100184887406165 ], [ -81.002297, 32.100048 ], [ -80.999833, 32.099014 ], [ -80.994333, 32.094608 ], [ -80.991733, 32.091208 ], [ -80.987733, 32.084209 ], [ -80.983133, 32.079609 ], [ -80.978833, 32.077309 ], [ -80.968353288160486, 32.074046056423818 ], [ -80.959402, 32.071259 ], [ -80.954482, 32.068622 ], [ -80.943226, 32.057824 ], [ -80.933557, 32.047554 ], [ -80.926753, 32.041672 ], [ -80.922794, 32.039151 ], [ -80.917845, 32.037575 ], [ -80.910669, 32.036735 ], [ -80.892977, 32.034949 ], [ -80.885517, 32.0346 ], [ -80.870562880962851, 32.028423200168945 ], [ -80.870355838819151, 32.028337681398192 ], [ -80.859111, 32.023693 ], [ -80.852276, 32.026676 ], [ -80.851819443487145, 32.026553699162861 ], [ -80.851555580886725, 32.026483016528793 ], [ -80.84313, 32.024226 ], [ -80.840736459503162, 32.012244386974402 ], [ -80.84064657528134, 32.011794443485051 ], [ -80.840549, 32.011306 ], [ -80.840736618024692, 32.010114405463398 ], [ -80.841913, 32.002643 ], [ -80.845110389708466, 31.995607567130413 ], [ -80.848216166320896, 31.988773716753489 ], [ -80.848441, 31.988279 ], [ -80.8487651353161, 31.987852029016924 ], [ -80.849450749868481, 31.986948895341282 ], [ -80.85139295484818, 31.984390503434135 ], [ -80.852004478532649, 31.983584966808696 ], [ -80.862814, 31.969346 ], [ -80.874830899231597, 31.963174721399643 ], [ -80.882814, 31.959075 ], [ -80.897687, 31.949065 ], [ -80.911207, 31.943769 ], [ -80.929101, 31.944964 ], [ -80.930279, 31.956705 ], [ -80.941142483219977, 31.95701816322704 ], [ -80.943374350040429, 31.957082501579801 ], [ -80.948491, 31.95723 ], [ -80.972392, 31.94127 ], [ -80.973753050895482, 31.934031274165697 ], [ -80.975714, 31.923602 ], [ -80.968494, 31.915822 ], [ -80.954469, 31.911768 ], [ -80.941359, 31.912984 ], [ -80.934508, 31.90918 ], [ -80.946490907552104, 31.897024649542356 ], [ -80.947294, 31.89621 ], [ -80.947860446704325, 31.895781316700855 ], [ -80.971434, 31.877941 ], [ -80.992366666456817, 31.857949791443652 ], [ -80.99269, 31.857641 ], [ -80.993084876379598, 31.857594559182846 ], [ -81.000317, 31.856744 ], [ -81.006561216655086, 31.861475335690194 ], [ -81.014478, 31.867474 ], [ -81.015119283206772, 31.867680669918535 ], [ -81.033114280730885, 31.873480018215574 ], [ -81.041548, 31.876198 ], [ -81.055083902945768, 31.876710156955451 ], [ -81.060311321748529, 31.876907946412807 ], [ -81.062573940921652, 31.876993556966575 ], [ -81.065255, 31.877095 ], [ -81.061450421023565, 31.866077204387807 ], [ -81.058596, 31.857811 ], [ -81.05907, 31.850106 ], [ -81.06279, 31.84474 ], [ -81.076178, 31.836132 ], [ -81.075812, 31.829031 ], [ -81.057181, 31.822687 ], [ -81.050946, 31.822383 ], [ -81.04794, 31.824881 ], [ -81.039808, 31.823 ], [ -81.037256042995224, 31.819917952277034 ], [ -81.036958, 31.819558 ], [ -81.036873, 31.812721 ], [ -81.04193208719451, 31.807959506169848 ], [ -81.047345, 31.802865 ], [ -81.05586014213948, 31.788873290346189 ], [ -81.068116, 31.768735 ], [ -81.077057, 31.761256 ], [ -81.095328392915988, 31.753954627456018 ], [ -81.095897906240182, 31.753727046068725 ], [ -81.097402, 31.753126 ], [ -81.109540607693717, 31.742009413981954 ], [ -81.130634, 31.722692 ], [ -81.134691723824986, 31.721779090032705 ], [ -81.138448, 31.720934 ], [ -81.154688290889368, 31.726203215071191 ], [ -81.16067, 31.728144 ], [ -81.192784, 31.733245 ], [ -81.198445323866622, 31.726004613886943 ], [ -81.203572, 31.719448 ], [ -81.186303, 31.701509 ], [ -81.161084, 31.691401 ], [ -81.154624, 31.693874 ], [ -81.151888, 31.698411 ], [ -81.149369, 31.699304 ], [ -81.139394, 31.699917 ], [ -81.131137, 31.695774 ], [ -81.135608, 31.683491 ], [ -81.136408, 31.674832 ], [ -81.131728, 31.654484 ], [ -81.133493, 31.623348 ], [ -81.14997, 31.593476 ], [ -81.160364, 31.570436 ], [ -81.173079, 31.555908 ], [ -81.178822, 31.55553 ], [ -81.183252, 31.560058 ], [ -81.186114, 31.568032 ], [ -81.193759905091326, 31.568095432320693 ], [ -81.204315, 31.568183 ], [ -81.214536, 31.557601 ], [ -81.240699, 31.552313 ], [ -81.254218, 31.55594 ], [ -81.260076, 31.54828 ], [ -81.262602334849035, 31.537920641560547 ], [ -81.263905, 31.532579 ], [ -81.263437, 31.530932 ], [ -81.258809, 31.52906 ], [ -81.249724123829836, 31.528665131052172 ], [ -81.217948, 31.527284 ], [ -81.213519, 31.528152 ], [ -81.199518, 31.537596 ], [ -81.193016, 31.535833 ], [ -81.181592, 31.527697 ], [ -81.17831, 31.52241 ], [ -81.177254, 31.517074 ], [ -81.189643, 31.503588 ], [ -81.204883, 31.473124 ], [ -81.227053983491302, 31.446568196512978 ], [ -81.243459633859644, 31.426917952876789 ], [ -81.246487131914932, 31.4232916977111 ], [ -81.246911, 31.422784 ], [ -81.258616, 31.404425 ], [ -81.277099484981633, 31.370345673885051 ], [ -81.278798, 31.367214 ], [ -81.279338, 31.351127 ], [ -81.282923, 31.326491 ], [ -81.274513, 31.326237 ], [ -81.268027, 31.324218 ], [ -81.25482, 31.315452 ], [ -81.260958, 31.30391 ], [ -81.269907020471933, 31.294487782961216 ], [ -81.274688, 31.289454 ], [ -81.276862, 31.254734 ], [ -81.282842, 31.24433 ], [ -81.289136092021749, 31.225486708076065 ], [ -81.288574582737468, 31.214443657694293 ], [ -81.288402792421479, 31.211065104270986 ], [ -81.293051685168621, 31.206625481077598 ], [ -81.293359, 31.206332 ], [ -81.294978856495788, 31.206309792965794 ], [ -81.295170233041858, 31.206307169334959 ], [ -81.304957, 31.206173 ], [ -81.313346630034218, 31.207777996424291 ], [ -81.313874438537738, 31.207878969978186 ], [ -81.314183, 31.207938 ], [ -81.314465182843975, 31.207699260479743 ], [ -81.339028, 31.186918 ], [ -81.35488, 31.167204 ], [ -81.360664711655133, 31.156144445539731 ], [ -81.360791, 31.155903 ], [ -81.360685310619303, 31.155409220972405 ], [ -81.359349, 31.149166 ], [ -81.36032902238091, 31.147773777472345 ], [ -81.365399088471889, 31.140571227442969 ], [ -81.368104386180278, 31.136728073973313 ], [ -81.368129458205047, 31.136692456584981 ], [ -81.368241, 31.136534 ], [ -81.368591462380735, 31.136471407332053 ], [ -81.369979904327323, 31.136223431256809 ], [ -81.371989383887012, 31.135864537710216 ], [ -81.383389218271716, 31.133828524468111 ], [ -81.38683, 31.133214 ], [ -81.38845811242274, 31.133327931117641 ], [ -81.399677, 31.134113 ], [ -81.399683152189652, 31.134090797182424 ], [ -81.400777822700235, 31.130140208692431 ], [ -81.400778044695272, 31.130139407528013 ], [ -81.402096, 31.125383 ], [ -81.403732, 31.107115 ], [ -81.401209, 31.086143 ], [ -81.401267, 31.072781 ], [ -81.415123, 31.026718 ], [ -81.420474, 31.016703 ], [ -81.424732, 31.013678 ], [ -81.432475, 31.012991 ], [ -81.43471, 31.014641 ], [ -81.434923, 31.017804 ], [ -81.443060694246171, 31.016676514852005 ], [ -81.451444, 31.015515 ], [ -81.457795, 31.010259 ], [ -81.45924, 31.005692 ], [ -81.469298, 30.996028 ], [ -81.490586, 30.984952 ], [ -81.493651, 30.977528 ], [ -81.486966, 30.969602 ], [ -81.484837952989736, 30.968911627050282 ], [ -81.475789, 30.965976 ], [ -81.472321, 30.969899 ], [ -81.466814, 30.97091 ], [ -81.453568, 30.965573 ], [ -81.447388, 30.956732 ], [ -81.434376534001657, 30.956657590619191 ], [ -81.426929, 30.956615 ], [ -81.420108, 30.974076 ], [ -81.415825, 30.977192 ], [ -81.40874678553817, 30.977699170795123 ], [ -81.408484, 30.977718 ], [ -81.408463650456724, 30.977638590668924 ], [ -81.407728640520446, 30.974770386377713 ], [ -81.403409, 30.957914 ], [ -81.403413228888027, 30.957793459717522 ], [ -81.403599759877665, 30.952476577821752 ], [ -81.403819066803337, 30.946225450194238 ], [ -81.405153, 30.908203 ], [ -81.423461892745365, 30.852029622484153 ], [ -81.428577, 30.836336 ], [ -81.430835, 30.831156 ], [ -81.44013, 30.821369 ], [ -81.446927, 30.81039 ], [ -81.454233351664072, 30.793382631174289 ], [ -81.455287, 30.79093 ], [ -81.456174478633244, 30.78702278887447 ], [ -81.460061, 30.769912 ], [ -81.461065, 30.753684 ], [ -81.460061341155296, 30.746318591362151 ], [ -81.45947, 30.741979 ], [ -81.458896254068819, 30.740479815237933 ], [ -81.45313846618501, 30.72543484953222 ], [ -81.449375, 30.715601 ], [ -81.444124, 30.709714 ], [ -81.448718, 30.709353 ], [ -81.459978, 30.710434 ], [ -81.460373455061998, 30.710487849574985 ], [ -81.460374945851115, 30.710488052577375 ], [ -81.460376278456025, 30.710488234039762 ], [ -81.464465, 30.711045 ], [ -81.466468258664051, 30.711603458852881 ], [ -81.4705306388813, 30.712735949747149 ], [ -81.472597, 30.713312 ], [ -81.475754, 30.714754 ], [ -81.483786, 30.723891 ], [ -81.487332, 30.726081 ], [ -81.489537, 30.7261 ], [ -81.499815999998631, 30.72426037355082 ], [ -81.507216, 30.722936 ], [ -81.516116, 30.722236 ], [ -81.521417, 30.722536 ], [ -81.528277652234209, 30.723358911531061 ], [ -81.53053121869867, 30.722858120061762 ], [ -81.530844016645801, 30.722684343499225 ], [ -81.532784790015469, 30.721606136535975 ], [ -81.534036768688864, 30.719853361540892 ], [ -81.534470897851762, 30.718120066477841 ], [ -81.534517, 30.717936 ], [ -81.535539152801633, 30.716347811550662 ], [ -81.537667518972569, 30.714344638394699 ], [ -81.539295098526509, 30.713468253323377 ], [ -81.540922678080435, 30.713343053029831 ], [ -81.542675448223193, 30.713593451190714 ], [ -81.544678618952986, 30.71396904479268 ], [ -81.545202879209654, 30.714056420937741 ], [ -81.545282384458858, 30.714069671726978 ], [ -81.546932195122125, 30.714344638394699 ], [ -81.549059327249822, 30.715880904049303 ], [ -81.549185761586571, 30.715972217948693 ], [ -81.552566113709432, 30.716973803313575 ], [ -81.55269808004023, 30.716953917958783 ], [ -81.561705582286947, 30.715596621920472 ], [ -81.563054138983006, 30.716265722033977 ], [ -81.566219, 30.717836 ], [ -81.56649268421053, 30.718036 ], [ -81.567466512759182, 30.71874764393942 ], [ -81.571419, 30.721636 ], [ -81.573265462134657, 30.722197966736633 ], [ -81.573540186652451, 30.722281578546362 ], [ -81.573602661985959, 30.722300592778303 ], [ -81.573719, 30.722336 ], [ -81.576210533045952, 30.722602060203879 ], [ -81.58682, 30.723735 ], [ -81.593648380717909, 30.725458897217244 ], [ -81.596799084973355, 30.726576889494591 ], [ -81.596909784635002, 30.726616170035278 ], [ -81.601206129539449, 30.728140680124007 ], [ -81.604009808877464, 30.727287386207038 ], [ -81.605586941269976, 30.72548494762767 ], [ -81.605716396711429, 30.7253369984237 ], [ -81.607666786856953, 30.721923822755809 ], [ -81.609495271122213, 30.72070483009594 ], [ -81.613214940256199, 30.721315522252066 ], [ -81.617662516273668, 30.722045721549353 ], [ -81.618067099871908, 30.722627310533078 ], [ -81.619612901694708, 30.724849400887333 ], [ -81.620822, 30.729535 ], [ -81.621928985858588, 30.73118815704904 ], [ -81.624831051636832, 30.732862427264745 ], [ -81.625098363939443, 30.733016646038799 ], [ -81.629039272697383, 30.732484090131841 ], [ -81.629608631111424, 30.732407149708873 ], [ -81.633265606728671, 30.729603470370918 ], [ -81.633333085562882, 30.729592917696454 ], [ -81.646137488483546, 30.727590501723778 ], [ -81.646400560625835, 30.727684937904222 ], [ -81.649188215038208, 30.728685634644076 ], [ -81.650439795085461, 30.729702544000954 ], [ -81.651769600212063, 30.732283928416841 ], [ -81.652160716513535, 30.735647550741302 ], [ -81.651723, 30.740235 ], [ -81.651809666666665, 30.740711666666662 ], [ -81.652051155339805, 30.742039854368905 ], [ -81.652123, 30.742435 ], [ -81.652428242678667, 30.742619988736397 ], [ -81.654682041750803, 30.743985877164263 ], [ -81.654729202645896, 30.744014458470236 ], [ -81.655018305106665, 30.744189665617377 ], [ -81.656541251226542, 30.745112629206726 ], [ -81.662173365986789, 30.746520659412685 ], [ -81.662623787563831, 30.746535188832123 ], [ -81.664598301001959, 30.746598881460322 ], [ -81.66733613330274, 30.745660195666915 ], [ -81.668274819096112, 30.744643286310044 ], [ -81.669324, 30.741335 ], [ -81.670124, 30.740235 ], [ -81.672269859872614, 30.739201808209522 ], [ -81.672824, 30.738935 ], [ -81.673806161546722, 30.739087439084855 ], [ -81.67500212320995, 30.739273061605001 ], [ -81.688280004067138, 30.741333891631808 ], [ -81.688925, 30.741434 ], [ -81.69099, 30.742841 ], [ -81.691818, 30.74399 ], [ -81.692815, 30.7471 ], [ -81.694778, 30.748414 ], [ -81.706578326651112, 30.746640361495825 ], [ -81.706934419084021, 30.746586839312204 ], [ -81.711324091783069, 30.745927053125744 ], [ -81.718495287574328, 30.74484919237219 ], [ -81.719927, 30.744634 ], [ -81.727127, 30.746934 ], [ -81.732227, 30.749634 ], [ -81.742736, 30.759201 ], [ -81.743094, 30.759912 ], [ -81.743437771695142, 30.762270912482165 ], [ -81.744183053878317, 30.763867947500312 ], [ -81.745034802586829, 30.765039104037715 ], [ -81.746312429776054, 30.765890854809484 ], [ -81.747572144728835, 30.766455440779719 ], [ -81.749465288060435, 30.766775088495191 ], [ -81.750089620391179, 30.766880503864311 ], [ -81.751283, 30.767082 ], [ -81.755074, 30.768319 ], [ -81.759338, 30.771377 ], [ -81.763371763922919, 30.773819669053633 ], [ -81.768191990641924, 30.773953563735763 ], [ -81.770468205427264, 30.772480719637738 ], [ -81.772261497964067, 30.770014941856676 ], [ -81.772610525530482, 30.769535028847123 ], [ -81.773127309064193, 30.769276637080353 ], [ -81.773146797925619, 30.76926689264959 ], [ -81.77502064018735, 30.768329971518732 ], [ -81.779171385711678, 30.768062179559795 ], [ -81.7826526565281, 30.769936710298815 ], [ -81.78435, 30.77359 ], [ -81.787472468304586, 30.777611119059028 ], [ -81.792769, 30.784432 ], [ -81.796315590522937, 30.785773435340765 ], [ -81.806652, 30.789683 ], [ -81.808529, 30.790014 ], [ -81.817455443817678, 30.789491982917674 ], [ -81.820426873148733, 30.789318214180472 ], [ -81.827014, 30.788933 ], [ -81.827465046938201, 30.788846949656101 ], [ -81.837550303183548, 30.786922893210416 ], [ -81.840375, 30.786384 ], [ -81.842058, 30.78712 ], [ -81.843819769710649, 30.788548416879859 ], [ -81.846286, 30.790548 ], [ -81.852626, 30.794439 ], [ -81.868608, 30.792754 ], [ -81.870153155695036, 30.794016792217786 ], [ -81.876882, 30.799516 ], [ -81.882725, 30.805124 ], [ -81.882765223740833, 30.805174872031269 ], [ -81.888794443072925, 30.812800185541406 ], [ -81.891281, 30.815945 ], [ -81.892903726250807, 30.819268008787986 ], [ -81.895719645783132, 30.821098358393936 ], [ -81.899380350451878, 30.821661541208954 ], [ -81.902337062959532, 30.820816766986404 ], [ -81.903745025454143, 30.81898641465202 ], [ -81.904591355508884, 30.818328158448978 ], [ -81.904322, 30.819746 ], [ -81.904623, 30.82065 ], [ -81.906841, 30.822843 ], [ -81.907462, 30.824574 ], [ -81.907311, 30.825912 ], [ -81.905097, 30.828008 ], [ -81.904219, 30.833484 ], [ -81.90315, 30.84026 ], [ -81.892467, 30.909737 ], [ -81.894018, 30.907981 ], [ -81.897789, 30.906491 ], [ -81.898847, 30.90814 ], [ -81.899706, 30.908577 ], [ -81.904805, 30.90796 ], [ -81.906091, 30.908227 ], [ -81.906404, 30.90863 ], [ -81.906136, 30.90971 ], [ -81.903641, 30.911686 ], [ -81.902612, 30.912402 ], [ -81.901516, 30.913224 ], [ -81.90156, 30.914472 ], [ -81.902263, 30.915043 ], [ -81.903938, 30.915242 ], [ -81.907478, 30.914224 ], [ -81.910035, 30.910848 ], [ -81.911705, 30.909799 ], [ -81.914325, 30.910107 ], [ -81.915652, 30.911617 ], [ -81.915859, 30.915354 ], [ -81.909805, 30.927507 ], [ -81.907965, 30.928649 ], [ -81.905524, 30.931789 ], [ -81.901256, 30.940721 ], [ -81.900077, 30.944486 ], [ -81.899268, 30.945599 ], [ -81.896666, 30.9478 ], [ -81.894458, 30.949523 ], [ -81.892982, 30.951352 ], [ -81.892356, 30.959949 ], [ -81.892223, 30.960558 ], [ -81.894176, 30.961601 ], [ -81.899719, 30.962941 ], [ -81.90308, 30.965738 ], [ -81.903786, 30.967121 ], [ -81.902123, 30.968611 ], [ -81.902003, 30.969055 ], [ -81.907734, 30.971982 ], [ -81.906669, 30.974984 ], [ -81.908333, 30.975017 ], [ -81.910074, 30.973013 ], [ -81.912469, 30.973642 ], [ -81.913702, 30.97466 ], [ -81.914576, 30.975955 ], [ -81.915835, 30.978815 ], [ -81.917719, 30.985048 ], [ -81.917972, 30.986107 ], [ -81.917902, 30.987514 ], [ -81.914407, 30.988644 ], [ -81.913768, 30.991005 ], [ -81.91422, 30.994659 ], [ -81.914326, 30.996024 ], [ -81.913559, 30.996092 ], [ -81.913235, 30.994992 ], [ -81.912916, 30.994305 ], [ -81.911958, 30.995015 ], [ -81.908535, 30.99438 ], [ -81.907353, 30.99582 ], [ -81.907348, 30.995998 ], [ -81.907036, 30.998795 ], [ -81.907561, 31.00023 ], [ -81.911708, 31.004042 ], [ -81.911237, 31.00424 ], [ -81.910274, 31.003592 ], [ -81.909642, 31.004092 ], [ -81.909518, 31.011105 ], [ -81.908644, 31.01436 ], [ -81.904475, 31.020997 ], [ -81.904093, 31.024599 ], [ -81.905557, 31.024589 ], [ -81.906462, 31.023423 ], [ -81.907245, 31.023282 ], [ -81.908631, 31.024111 ], [ -81.906227, 31.030692 ], [ -81.904838, 31.036843 ], [ -81.906064, 31.039346 ], [ -81.911527, 31.042879 ], [ -81.916798, 31.044195 ], [ -81.91857, 31.043425 ], [ -81.918543, 31.042768 ], [ -81.919335, 31.042306 ], [ -81.923453, 31.042425 ], [ -81.9324, 31.047083 ], [ -81.935978, 31.047992 ], [ -81.957565, 31.052429 ], [ -81.960696, 31.053095 ], [ -81.961159, 31.053184 ], [ -81.963475, 31.053642 ], [ -81.984669, 31.057926 ], [ -81.999837, 31.061227 ], [ -82.000653, 31.062051 ], [ -82.022882, 31.067171 ], [ -82.051957, 31.073721 ], [ -82.060925, 31.075822 ], [ -82.071904, 31.039288 ], [ -82.072348, 31.038991 ], [ -82.079927, 31.014182 ], [ -82.080857, 31.011029 ], [ -82.081452, 31.01063 ], [ -82.126256, 31.010799 ], [ -82.131959, 31.010875 ], [ -82.163414, 31.048476 ], [ -82.186218, 31.066948 ], [ -82.20826, 31.084894 ], [ -82.208697, 31.136753 ], [ -82.208699, 31.136865 ], [ -82.208698, 31.137518 ], [ -82.208694, 31.137602 ], [ -82.208565, 31.141322 ], [ -82.209059, 31.155424 ], [ -82.208717, 31.170759 ], [ -82.208718, 31.171092 ], [ -82.228496, 31.16839 ], [ -82.230372, 31.168813 ], [ -82.235212, 31.171561 ], [ -82.251432, 31.182875 ], [ -82.284621, 31.19267 ], [ -82.284596, 31.193203 ], [ -82.284423, 31.213943 ], [ -82.284521, 31.22483 ], [ -82.28707, 31.223709 ], [ -82.288217, 31.223801 ], [ -82.289017, 31.224442 ], [ -82.288403, 31.225955 ], [ -82.292776, 31.22662 ], [ -82.29587, 31.226528 ], [ -82.302323, 31.224833 ], [ -82.315095, 31.226138 ], [ -82.318456, 31.232531 ], [ -82.31784, 31.234318 ], [ -82.317816, 31.234797 ], [ -82.322204, 31.238271 ], [ -82.322337, 31.238309 ], [ -82.323116, 31.238645 ], [ -82.323369, 31.238724 ], [ -82.327731, 31.240216 ], [ -82.333045, 31.241625 ], [ -82.335926, 31.245864 ], [ -82.33718, 31.24678 ], [ -82.340859, 31.252487 ], [ -82.351158, 31.258029 ], [ -82.357829, 31.263503 ], [ -82.357914, 31.264036 ], [ -82.357458, 31.264317 ], [ -82.35671, 31.265222 ], [ -82.361967, 31.269299 ], [ -82.369788, 31.27736 ], [ -82.369576, 31.280568 ], [ -82.368591, 31.28396 ], [ -82.367552, 31.285817 ], [ -82.374852, 31.29018 ], [ -82.377826, 31.290903 ], [ -82.384282, 31.291364 ], [ -82.385988, 31.295214 ], [ -82.385826, 31.297421 ], [ -82.387348, 31.296841 ], [ -82.387474, 31.296757 ], [ -82.387675, 31.311817 ], [ -82.389769, 31.312469 ], [ -82.389503, 31.320884 ], [ -82.389248, 31.329646 ], [ -82.389187, 31.360582 ], [ -82.391776, 31.360427 ], [ -82.401415, 31.360337 ], [ -82.404189, 31.360315 ], [ -82.404015, 31.37879 ], [ -82.420844, 31.378876 ], [ -82.420797, 31.390863 ], [ -82.418949, 31.390863 ], [ -82.403676, 31.390864 ], [ -82.403572, 31.400842 ], [ -82.403705, 31.401545 ], [ -82.420601, 31.401692 ], [ -82.420699, 31.416821 ], [ -82.417544, 31.416814 ], [ -82.401786, 31.416899 ], [ -82.401622, 31.422931 ], [ -82.401339, 31.430227 ], [ -82.399997, 31.430227 ], [ -82.381024, 31.430231 ], [ -82.36946, 31.430013 ], [ -82.356845, 31.430095 ], [ -82.344845, 31.430173 ], [ -82.344989, 31.441755 ], [ -82.336317, 31.441943 ], [ -82.33047, 31.442071 ], [ -82.330021, 31.457095 ], [ -82.315112, 31.457138 ], [ -82.315008, 31.467872 ], [ -82.300644, 31.467764 ], [ -82.300426, 31.493148 ], [ -82.296942, 31.49309 ], [ -82.269825, 31.492645 ], [ -82.269547, 31.50571 ], [ -82.266938, 31.505653 ], [ -82.255846, 31.50541 ], [ -82.255946, 31.517409 ], [ -82.23918, 31.517688 ], [ -82.239586, 31.52589 ], [ -82.239614, 31.52864 ], [ -82.239749, 31.530656 ], [ -82.226844, 31.530709 ], [ -82.221545, 31.52171 ], [ -82.219045, 31.51871 ], [ -82.208244, 31.510511 ], [ -82.199757, 31.506261 ], [ -82.180259, 31.488621 ], [ -82.176783, 31.485573 ], [ -82.164287, 31.476195 ], [ -82.154988, 31.471076 ], [ -82.151155, 31.469933 ], [ -82.150566, 31.469782 ], [ -82.141021, 31.469426 ], [ -82.136625, 31.470071 ], [ -82.132795, 31.471262 ], [ -82.133039, 31.490876 ], [ -82.133117, 31.497227 ], [ -82.132923, 31.542459 ], [ -82.133001, 31.545827 ], [ -82.132915, 31.555955 ], [ -82.133023, 31.557508 ], [ -82.147926, 31.557308 ], [ -82.147809, 31.561287 ], [ -82.147942, 31.569109 ], [ -82.132942, 31.56931 ], [ -82.133141, 31.58637 ], [ -82.133616, 31.595619 ], [ -82.133613, 31.600378 ], [ -82.133556, 31.607694 ], [ -82.133582, 31.617387 ], [ -82.133709, 31.622657 ], [ -82.133693, 31.625208 ], [ -82.133621, 31.630703 ], [ -82.133594, 31.631207 ], [ -82.133625, 31.634639 ], [ -82.133716, 31.651852 ], [ -82.13358, 31.655082 ], [ -82.133471, 31.658405 ], [ -82.133521, 31.66734 ], [ -82.133437, 31.673619 ], [ -82.13321, 31.696807 ], [ -82.133317, 31.701887 ], [ -82.133339, 31.705537 ], [ -82.133348, 31.737959 ], [ -82.133334, 31.758242 ], [ -82.133245, 31.773388 ], [ -82.129812, 31.773341 ], [ -82.089442, 31.772905 ], [ -82.089437, 31.773434 ], [ -82.089342, 31.785904 ], [ -82.107042, 31.786104 ], [ -82.106625, 31.797541 ], [ -82.106542, 31.799803 ], [ -82.087242, 31.799504 ], [ -82.087165, 31.822317 ], [ -82.082603, 31.824724 ], [ -82.079919, 31.827749 ], [ -82.076404, 31.829239 ], [ -82.067682, 31.827545 ], [ -82.065078, 31.82546 ], [ -82.061214, 31.825689 ], [ -82.059416, 31.827224 ], [ -82.057215, 31.827751 ], [ -82.053914, 31.827797 ], [ -82.050704, 31.8272 ], [ -82.049728, 31.827018 ], [ -82.048641, 31.827168 ], [ -82.058628, 31.832357 ], [ -82.066071, 31.838215 ], [ -82.072376, 31.840437 ], [ -82.081309, 31.842806 ], [ -82.082262, 31.843444 ], [ -82.084506, 31.847941 ], [ -82.094591, 31.853978 ], [ -82.098296, 31.858429 ], [ -82.107221, 31.863821 ], [ -82.109517, 31.863954 ], [ -82.115473, 31.862854 ], [ -82.116997, 31.865414 ], [ -82.116413, 31.866346 ], [ -82.110866, 31.869233 ], [ -82.109993, 31.870418 ], [ -82.107842, 31.883701 ], [ -82.110242, 31.888801 ], [ -82.110542, 31.895501 ], [ -82.110242, 31.897901 ], [ -82.111818, 31.900487 ], [ -82.113858, 31.901188 ], [ -82.114914, 31.900982 ], [ -82.116642, 31.8997 ], [ -82.116942, 31.8988 ], [ -82.115342, 31.889701 ], [ -82.115942, 31.888001 ], [ -82.117442, 31.886601 ], [ -82.120442, 31.886101 ], [ -82.125543, 31.8897 ], [ -82.129443, 31.8904 ], [ -82.133443, 31.8904 ], [ -82.134843, 31.891 ], [ -82.135843, 31.8922 ], [ -82.136486, 31.894548 ], [ -82.134153, 31.897408 ], [ -82.131243, 31.9027 ], [ -82.131743, 31.9058 ], [ -82.132943, 31.9074 ], [ -82.134243, 31.908 ], [ -82.136543, 31.9078 ], [ -82.139943, 31.9057 ], [ -82.142843, 31.8993 ], [ -82.145143, 31.8981 ], [ -82.148643, 31.8988 ], [ -82.151543, 31.901 ], [ -82.155443, 31.903099 ], [ -82.160043, 31.903999 ], [ -82.165843, 31.903599 ], [ -82.182044, 31.901199 ], [ -82.191344, 31.900499 ], [ -82.192044, 31.900899 ], [ -82.192244, 31.901799 ], [ -82.190744, 31.903499 ], [ -82.190644, 31.904499 ], [ -82.192044, 31.906499 ], [ -82.195244, 31.906799 ], [ -82.199144, 31.906099 ], [ -82.201344, 31.906298 ], [ -82.206644, 31.910298 ], [ -82.212704, 31.909498 ], [ -82.214845, 31.909898 ], [ -82.218545, 31.909498 ], [ -82.219545, 31.909898 ], [ -82.225042, 31.913074 ], [ -82.229645, 31.911798 ], [ -82.230945, 31.912398 ], [ -82.231645, 31.913398 ], [ -82.231845, 31.917098 ], [ -82.232845, 31.918898 ], [ -82.236345, 31.920498 ], [ -82.238245, 31.920098 ], [ -82.242945, 31.915098 ], [ -82.244545, 31.914497 ], [ -82.246845, 31.915097 ], [ -82.247745, 31.916497 ], [ -82.249845, 31.922601 ], [ -82.251187, 31.923515 ], [ -82.254586, 31.927471 ], [ -82.255454, 31.928741 ], [ -82.255809, 31.931345 ], [ -82.256433, 31.931951 ], [ -82.259705, 31.932406 ], [ -82.261386, 31.928995 ], [ -82.263156, 31.927953 ], [ -82.266779, 31.928408 ], [ -82.26776, 31.929775 ], [ -82.268323, 31.932985 ], [ -82.270334, 31.935871 ], [ -82.277617, 31.937071 ], [ -82.283269, 31.94076 ], [ -82.286418, 31.942443 ], [ -82.288309, 31.942784 ], [ -82.291498, 31.94251 ], [ -82.293337, 31.940835 ], [ -82.295326, 31.938865 ], [ -82.298094, 31.933989 ], [ -82.301112, 31.93327 ], [ -82.302795, 31.933901 ], [ -82.303923, 31.937216 ], [ -82.307221, 31.94309 ], [ -82.308768, 31.945471 ], [ -82.310705, 31.947212 ], [ -82.31165, 31.947511 ], [ -82.313927, 31.947131 ], [ -82.315103, 31.946621 ], [ -82.316117, 31.945237 ], [ -82.31611, 31.94416 ], [ -82.315355, 31.942818 ], [ -82.313033, 31.940407 ], [ -82.31069, 31.938465 ], [ -82.308585, 31.937825 ], [ -82.307771, 31.936661 ], [ -82.307927, 31.935504 ], [ -82.30887, 31.932698 ], [ -82.313138, 31.930912 ], [ -82.314482, 31.930783 ], [ -82.323277, 31.934495 ], [ -82.329672, 31.934777 ], [ -82.337351, 31.937162 ], [ -82.355082, 31.939142 ], [ -82.357956, 31.939608 ], [ -82.359307, 31.941735 ], [ -82.362334, 31.94369 ], [ -82.36503, 31.943641 ], [ -82.37242, 31.941456 ], [ -82.378049, 31.942093 ], [ -82.378749, 31.943793 ], [ -82.378449, 31.945993 ], [ -82.375449, 31.949293 ], [ -82.372149, 31.951193 ], [ -82.371549, 31.953493 ], [ -82.372127, 31.953975 ], [ -82.379537, 31.95498 ], [ -82.380925, 31.956015 ], [ -82.383161, 31.959465 ], [ -82.384467, 31.96003 ], [ -82.385495, 31.960226 ], [ -82.387649, 31.959692 ], [ -82.389049, 31.957792 ], [ -82.389049, 31.956592 ], [ -82.386549, 31.953792 ], [ -82.385449, 31.951392 ], [ -82.385849, 31.949292 ], [ -82.38715, 31.948192 ], [ -82.39085, 31.949292 ], [ -82.39205, 31.951092 ], [ -82.39325, 31.955592 ], [ -82.39795, 31.959092 ], [ -82.40085, 31.960292 ], [ -82.40295, 31.959892 ], [ -82.40445, 31.957892 ], [ -82.40415, 31.956492 ], [ -82.40195, 31.953692 ], [ -82.40205, 31.951692 ], [ -82.40405, 31.949492 ], [ -82.40635, 31.949292 ], [ -82.40725, 31.949492 ], [ -82.40835, 31.950792 ], [ -82.40755, 31.954092 ], [ -82.40845, 31.956091 ], [ -82.41785, 31.959591 ], [ -82.424751, 31.964191 ], [ -82.431531, 31.966182 ], [ -82.439351, 31.96779 ], [ -82.444451, 31.96749 ], [ -82.453551, 31.96409 ], [ -82.457552, 31.96379 ], [ -82.468393, 31.967803 ], [ -82.471352, 31.968589 ], [ -82.477552, 31.971789 ], [ -82.479152, 31.971889 ], [ -82.481052, 31.970689 ], [ -82.481886, 31.971558 ], [ -82.48259, 31.972875 ], [ -82.481325, 31.983249 ], [ -82.481128, 31.984863 ], [ -82.480052, 31.993689 ], [ -82.478142, 32.003407 ], [ -82.474029, 32.025391 ], [ -82.470288, 32.048133 ], [ -82.466965, 32.069521 ], [ -82.466028, 32.075648 ], [ -82.463887, 32.089647 ], [ -82.463735, 32.090643 ], [ -82.453732, 32.148462 ], [ -82.453581, 32.149294 ], [ -82.453232, 32.151216 ], [ -82.446044, 32.190888 ], [ -82.443066, 32.207316 ], [ -82.439769, 32.225822 ], [ -82.439207, 32.229181 ], [ -82.43886, 32.231155 ], [ -82.437782, 32.23728 ], [ -82.436768, 32.243605 ], [ -82.436552, 32.251513 ], [ -82.432998, 32.275163 ], [ -82.429924, 32.294483 ], [ -82.409187, 32.353419 ], [ -82.409175, 32.353493 ], [ -82.409125, 32.353846 ], [ -82.409111, 32.353946 ], [ -82.403049, 32.352873 ], [ -82.401564, 32.351842 ], [ -82.400053, 32.349688 ], [ -82.399407, 32.3471 ], [ -82.395012, 32.338438 ], [ -82.392935, 32.335666 ], [ -82.391694, 32.335436 ], [ -82.386998, 32.337336 ], [ -82.384137, 32.337747 ], [ -82.379092, 32.336943 ], [ -82.37715, 32.335225 ], [ -82.374849, 32.332004 ], [ -82.373923, 32.331855 ], [ -82.373653, 32.331076 ], [ -82.370143, 32.327664 ], [ -82.367768, 32.326863 ], [ -82.365608, 32.32494 ], [ -82.365742, 32.322961 ], [ -82.365519, 32.322859 ], [ -82.361586, 32.321231 ], [ -82.358833, 32.318872 ], [ -82.356321, 32.314085 ], [ -82.355375, 32.310741 ], [ -82.354883, 32.29695 ], [ -82.354218, 32.292181 ], [ -82.346147, 32.291882 ], [ -82.328747, 32.294382 ], [ -82.323146, 32.293382 ], [ -82.302637, 32.293675 ], [ -82.287048, 32.293988 ], [ -82.279845, 32.294183 ], [ -82.268544, 32.299883 ], [ -82.261344, 32.304582 ], [ -82.233079, 32.318711 ], [ -82.232509, 32.32002 ], [ -82.236854, 32.322973 ], [ -82.238207, 32.328493 ], [ -82.237725, 32.335734 ], [ -82.238374, 32.338023 ], [ -82.240022, 32.340543 ], [ -82.239726, 32.342124 ], [ -82.238917, 32.342834 ], [ -82.23827, 32.344186 ], [ -82.238621, 32.344919 ], [ -82.24232, 32.347621 ], [ -82.246207, 32.348467 ], [ -82.249635, 32.348007 ], [ -82.249844, 32.347962 ], [ -82.25467, 32.351401 ], [ -82.200244, 32.416472 ], [ -82.188087, 32.433372 ], [ -82.183691, 32.458907 ], [ -82.18356, 32.459685 ], [ -82.181145, 32.474067 ], [ -82.164753, 32.497316 ], [ -82.148567, 32.520427 ], [ -82.09263, 32.55268 ], [ -82.079842, 32.560063 ], [ -82.050222, 32.547344 ], [ -82.03024, 32.538763 ], [ -82.02684, 32.555163 ], [ -82.025254, 32.558403 ], [ -82.001509, 32.606868 ], [ -82.082871, 32.663324 ], [ -82.089014, 32.67904 ], [ -82.093076, 32.688909 ], [ -82.102517, 32.711774 ], [ -82.11997, 32.753507 ], [ -82.133435, 32.785657 ], [ -82.144983, 32.812755 ], [ -82.147942, 32.819758 ], [ -82.144975, 32.827479 ], [ -82.123742, 32.883656 ], [ -82.081733, 32.916593 ], [ -82.081511, 32.916858 ], [ -82.037469, 32.919098 ], [ -82.022506, 32.919858 ], [ -81.9849, 32.922199 ], [ -81.956448, 32.923724 ], [ -81.934415, 32.930462 ], [ -81.889382, 32.944194 ], [ -81.879381, 32.947168 ], [ -81.879272, 32.947237 ], [ -81.857743, 32.953954 ], [ -81.856673, 32.952451 ], [ -81.854318, 32.950793 ], [ -81.84641, 32.94878 ], [ -81.834154, 32.94475 ], [ -81.828475, 32.942254 ], [ -81.825052, 32.943583 ], [ -81.824373, 32.94482 ], [ -81.82008, 32.946195 ], [ -81.819265, 32.945989 ], [ -81.815569, 32.942988 ], [ -81.814591, 32.94001 ], [ -81.815258, 32.937531 ], [ -81.806765, 32.934123 ], [ -81.804076, 32.935245 ], [ -81.801196, 32.935497 ], [ -81.789406, 32.930134 ], [ -81.788129, 32.93018 ], [ -81.783946, 32.928369 ], [ -81.774822, 32.920761 ], [ -81.773112, 32.91808 ], [ -81.772028, 32.911825 ], [ -81.767655, 32.909349 ], [ -81.722893, 32.936483 ], [ -81.686191, 32.959075 ], [ -81.685799, 32.959339 ], [ -81.671679, 32.967899 ], [ -81.622397, 32.997853 ], [ -81.607415, 33.006802 ], [ -81.600428, 33.010793 ], [ -81.577216, 33.024793 ], [ -81.542509845454603, 33.04525379101235 ] ] ] } },
{ "type": "Feature", "properties": { "DISTRICT": "2", "STARTCONG": "105", "ENDCONG": "107", "ST": "14", "STA": "GA", "ELECT_YEAR": "1996-2000", "TYPE": "US Cong" }, "geometry": { "type": "Polygon", "coordinates": [ [ [ -84.286516, 32.747509 ], [ -84.285323, 32.745157 ], [ -84.284375, 32.744475 ], [ -84.272535, 32.741663 ], [ -84.265073, 32.740478 ], [ -84.263453, 32.739724 ], [ -84.262396, 32.73858 ], [ -84.260384, 32.733952 ], [ -84.256861, 32.729316 ], [ -84.256467036328118, 32.726653821679669 ], [ -84.257254236328123, 32.725005021679699 ], [ -84.256471, 32.722698 ], [ -84.254134, 32.722083 ], [ -84.25397, 32.723347 ], [ -84.254821, 32.725318 ], [ -84.252808, 32.727373 ], [ -84.245693, 32.730918 ], [ -84.242817, 32.734299 ], [ -84.240493, 32.738038 ], [ -84.237061, 32.738653 ], [ -84.23297, 32.736378 ], [ -84.229885, 32.733629 ], [ -84.229698, 32.732954 ], [ -84.230788, 32.731081 ], [ -84.233377, 32.729326 ], [ -84.234811, 32.727518 ], [ -84.236289, 32.723284 ], [ -84.236303, 32.721043 ], [ -84.23134, 32.722392 ], [ -84.219686, 32.720503 ], [ -84.217022, 32.716259 ], [ -84.214662, 32.71075 ], [ -84.213405, 32.70565 ], [ -84.211353, 32.701336 ], [ -84.209636, 32.699611 ], [ -84.206706, 32.699646 ], [ -84.20316, 32.697502 ], [ -84.202628, 32.690018 ], [ -84.202372, 32.689751 ], [ -84.195496, 32.683327 ], [ -84.185052, 32.679845 ], [ -84.174217, 32.677658 ], [ -84.161056, 32.678159 ], [ -84.154008, 32.679035 ], [ -84.149227, 32.683115 ], [ -84.145738, 32.68525 ], [ -84.141064, 32.685058 ], [ -84.139364, 32.683929 ], [ -84.140132, 32.680684 ], [ -84.139915, 32.679127 ], [ -84.134128, 32.675744 ], [ -84.128194, 32.674359 ], [ -84.12441, 32.676743 ], [ -84.116675, 32.677545 ], [ -84.115893, 32.678585 ], [ -84.116121, 32.682241 ], [ -84.115324, 32.683459 ], [ -84.105924, 32.68505 ], [ -84.10463, 32.683991 ], [ -84.104001, 32.682087 ], [ -84.104059, 32.680301 ], [ -84.105397, 32.676068 ], [ -84.104966, 32.673385 ], [ -84.098788, 32.669187 ], [ -84.097048, 32.666734 ], [ -84.09548, 32.662392 ], [ -84.077675, 32.646642 ], [ -84.073731, 32.639708 ], [ -84.074528, 32.636632 ], [ -84.07431, 32.635933 ], [ -84.073236, 32.635581 ], [ -84.071384, 32.636058 ], [ -84.064436, 32.638548 ], [ -84.061955, 32.63528 ], [ -84.060806, 32.634581 ], [ -84.058983, 32.634734 ], [ -84.057884, 32.636765 ], [ -84.05654, 32.636272 ], [ -84.056471, 32.635045 ], [ -84.058348, 32.630294 ], [ -84.062837, 32.626539 ], [ -84.066488, 32.626806 ], [ -84.068619, 32.627972 ], [ -84.071408, 32.627292 ], [ -84.073533, 32.625954 ], [ -84.074106, 32.624259 ], [ -84.072019, 32.619987 ], [ -84.071785, 32.616809 ], [ -84.068822, 32.612815 ], [ -84.067878, 32.612077 ], [ -84.06668, 32.611299 ], [ -84.066349, 32.610364 ], [ -84.066164, 32.603674 ], [ -84.06776, 32.602662 ], [ -84.071252, 32.598265 ], [ -84.070604, 32.594017 ], [ -84.069584, 32.592034 ], [ -84.067758, 32.59021 ], [ -84.066229, 32.589538 ], [ -84.065248, 32.58954 ], [ -84.063399, 32.591546 ], [ -84.062897, 32.591188 ], [ -84.062351, 32.588433 ], [ -84.064189, 32.586741 ], [ -84.066175, 32.586319 ], [ -84.066595, 32.585151 ], [ -84.065065, 32.581349 ], [ -84.060591, 32.577319 ], [ -84.054262, 32.574118 ], [ -84.051096, 32.575094 ], [ -84.049147, 32.574727 ], [ -84.048816, 32.574082 ], [ -84.05067, 32.571076 ], [ -84.052981, 32.570306 ], [ -84.052547, 32.566772 ], [ -84.05044, 32.565183 ], [ -84.049748, 32.565635 ], [ -84.049649, 32.567165 ], [ -84.049081, 32.567636 ], [ -84.047113, 32.567558 ], [ -84.045749, 32.565083 ], [ -84.04517, 32.562207 ], [ -84.046145, 32.557584 ], [ -84.045448, 32.556213 ], [ -84.043973, 32.555348 ], [ -84.040476, 32.557695 ], [ -84.036575, 32.557637 ], [ -84.0304, 32.555809 ], [ -84.022018, 32.544986 ], [ -84.021151, 32.545023 ], [ -84.020613, 32.54572 ], [ -84.021327, 32.548527 ], [ -84.020469, 32.551636 ], [ -84.015241, 32.549708 ], [ -84.014604, 32.548572 ], [ -84.015622, 32.547773 ], [ -84.013641, 32.538299 ], [ -84.011908, 32.537428 ], [ -84.007933, 32.539578 ], [ -84.006837, 32.539641 ], [ -84.002241, 32.533736 ], [ -84.002478, 32.531806 ], [ -84.00363, 32.529915 ], [ -84.003654, 32.526778 ], [ -84.001747, 32.524919 ], [ -84.000559, 32.521544 ], [ -84.000748, 32.521033 ], [ -84.004385, 32.52098 ], [ -84.00849, 32.521769 ], [ -84.009515, 32.518324 ], [ -84.015324, 32.513732 ], [ -84.016629, 32.51173 ], [ -84.01622, 32.510043 ], [ -84.018147, 32.506406 ], [ -83.987426, 32.50609 ], [ -83.987287, 32.514336 ], [ -83.971208, 32.514248 ], [ -83.971115, 32.505928 ], [ -83.937008, 32.505702 ], [ -83.935731, 32.505799 ], [ -83.932462, 32.505816 ], [ -83.932212, 32.511638 ], [ -83.923249, 32.511338 ], [ -83.923628, 32.506325 ], [ -83.924493, 32.502594 ], [ -83.931211, 32.483751 ], [ -83.923017, 32.483264 ], [ -83.922832, 32.497428 ], [ -83.902542, 32.497002 ], [ -83.89992, 32.496154 ], [ -83.896814, 32.494138 ], [ -83.886766, 32.493517 ], [ -83.877556, 32.489347 ], [ -83.874907, 32.484742 ], [ -83.872962, 32.479819 ], [ -83.872097, 32.478881 ], [ -83.860212, 32.475339 ], [ -83.85427, 32.474792 ], [ -83.849867, 32.472801 ], [ -83.846666, 32.467962 ], [ -83.846199, 32.439082 ], [ -83.836675, 32.438991 ], [ -83.836885, 32.4226 ], [ -83.836775, 32.414588 ], [ -83.83696, 32.393842 ], [ -83.837041, 32.382195 ], [ -83.842532, 32.382253 ], [ -83.84662, 32.382295 ], [ -83.85654, 32.382399 ], [ -83.856593, 32.369587 ], [ -83.856587, 32.357775 ], [ -83.846828, 32.357739 ], [ -83.847291, 32.337749 ], [ -83.848382, 32.290803 ], [ -83.882933, 32.291372 ], [ -83.889566, 32.291926 ], [ -83.894504, 32.292156 ], [ -83.89525, 32.291995 ], [ -83.897892, 32.289592 ], [ -83.89722, 32.286593 ], [ -83.897599, 32.280824 ], [ -83.903231, 32.278992 ], [ -83.907975, 32.278377 ], [ -83.909027, 32.275882 ], [ -83.915387, 32.271785 ], [ -83.919672, 32.27055 ], [ -83.928079, 32.26659 ], [ -83.936216, 32.261943 ], [ -83.944541, 32.259172 ], [ -83.946561, 32.256631 ], [ -83.947881, 32.254228 ], [ -83.959168, 32.251983 ], [ -83.96537, 32.247858 ], [ -83.966014, 32.243394 ], [ -83.971963, 32.234761 ], [ -83.976135, 32.229976 ], [ -83.978774, 32.228601 ], [ -83.982138, 32.225166 ], [ -83.983859, 32.221457 ], [ -83.989565, 32.216898 ], [ -83.990373, 32.216669 ], [ -83.991517, 32.21717 ], [ -83.994762, 32.215316 ], [ -83.996994, 32.211858 ], [ -84.000691, 32.208666 ], [ -84.000691, 32.208561 ], [ -84.002032, 32.208074 ], [ -84.002424, 32.207265 ], [ -84.002566, 32.20678 ], [ -84.004005, 32.205462 ], [ -84.008805, 32.202762 ], [ -84.012522, 32.201315 ], [ -84.014729, 32.198162 ], [ -84.015084, 32.198069 ], [ -84.015183, 32.197236 ], [ -84.015318, 32.197122 ], [ -84.017105, 32.195662 ], [ -84.018005, 32.194162 ], [ -84.017705, 32.191662 ], [ -84.018605, 32.189362 ], [ -84.022605, 32.184662 ], [ -84.024107, 32.184275 ], [ -84.024208, 32.184259 ], [ -84.025224, 32.184462 ], [ -84.029205, 32.182762 ], [ -84.031005, 32.178762 ], [ -84.030321, 32.178469 ], [ -84.029992, 32.178072 ], [ -84.026004, 32.173463 ], [ -84.026304, 32.171963 ], [ -84.027836, 32.171091 ], [ -84.027952, 32.167161 ], [ -84.029221, 32.162252 ], [ -84.030334, 32.161877 ], [ -84.031485, 32.159756 ], [ -84.03311, 32.152763 ], [ -84.029609, 32.150799 ], [ -84.023958, 32.143868 ], [ -84.021926, 32.139637 ], [ -84.021726, 32.137269 ], [ -84.020811, 32.136132 ], [ -84.01572, 32.132027 ], [ -84.013692, 32.131398 ], [ -84.010353, 32.131951 ], [ -84.009041, 32.130883 ], [ -84.00908, 32.129304 ], [ -84.011671, 32.125165 ], [ -84.012303, 32.119865 ], [ -84.011703, 32.118865 ], [ -84.007603, 32.117465 ], [ -84.002337, 32.112192 ], [ -84.000902, 32.108566 ], [ -84.001502, 32.106066 ], [ -83.998002, 32.101261 ], [ -83.990148, 32.095429 ], [ -83.984744, 32.093746 ], [ -83.980916, 32.09408 ], [ -83.979669, 32.094957 ], [ -83.978573, 32.094981 ], [ -83.97612, 32.092373 ], [ -83.978739, 32.084767 ], [ -83.987161, 32.071634 ], [ -83.986737, 32.070688 ], [ -83.982354, 32.068199 ], [ -83.978003, 32.064429 ], [ -83.976969, 32.062198 ], [ -83.980385, 32.044799 ], [ -83.979371, 32.043405 ], [ -83.977339, 32.04269 ], [ -83.975513, 32.043151 ], [ -83.971452, 32.045901 ], [ -83.970107, 32.046309 ], [ -83.968411, 32.046055 ], [ -83.967301, 32.044846 ], [ -83.966513, 32.042665 ], [ -83.966982, 32.04105 ], [ -83.969194, 32.03855 ], [ -83.968623, 32.03771 ], [ -83.96405, 32.036403 ], [ -83.961855, 32.033391 ], [ -83.961278, 32.030595 ], [ -83.947515, 32.03054 ], [ -83.942181, 32.030519 ], [ -83.92107, 32.030332 ], [ -83.872622, 32.030777 ], [ -83.840487, 32.030342 ], [ -83.839, 32.030262 ], [ -83.831744, 32.030127 ], [ -83.810351, 32.029808 ], [ -83.79195, 32.029647 ], [ -83.772957, 32.029415 ], [ -83.763692, 32.029411 ], [ -83.744156, 32.029335 ], [ -83.715281, 32.02888 ], [ -83.696717, 32.028661 ], [ -83.640742, 32.02809 ], [ -83.609507, 32.028147 ], [ -83.609554, 32.026639 ], [ -83.610294, 31.98783 ], [ -83.610898, 31.960785 ], [ -83.610894, 31.959447 ], [ -83.610897, 31.959182 ], [ -83.610923, 31.958197 ], [ -83.610936, 31.954472 ], [ -83.611049, 31.944183 ], [ -83.611986, 31.892684 ], [ -83.612114, 31.870869 ], [ -83.612215, 31.859556 ], [ -83.612256, 31.854089 ], [ -83.600702, 31.853882 ], [ -83.587206, 31.853979 ], [ -83.559089, 31.853296 ], [ -83.54164, 31.853102 ], [ -83.547524, 31.847961 ], [ -83.533212, 31.847658 ], [ -83.528612, 31.847767 ], [ -83.518848, 31.847634 ], [ -83.503824, 31.847515 ], [ -83.489111, 31.847422 ], [ -83.480178, 31.847313 ], [ -83.479827, 31.844656 ], [ -83.481515, 31.840213 ], [ -83.483124, 31.838701 ], [ -83.48441, 31.83657 ], [ -83.484302, 31.834921 ], [ -83.483497, 31.834143 ], [ -83.478775, 31.832198 ], [ -83.47711, 31.830298 ], [ -83.476868, 31.829062 ], [ -83.477751, 31.825809 ], [ -83.478904, 31.824962 ], [ -83.479011, 31.823816 ], [ -83.477212, 31.819741 ], [ -83.473989, 31.80875 ], [ -83.471601, 31.805568 ], [ -83.469321, 31.80479 ], [ -83.466478, 31.802065 ], [ -83.465672, 31.799409 ], [ -83.460576, 31.795127 ], [ -83.459476, 31.793479 ], [ -83.457892, 31.787891 ], [ -83.457946, 31.786906 ], [ -83.459259, 31.785875 ], [ -83.459983, 31.784455 ], [ -83.459633, 31.780745 ], [ -83.45915, 31.779073 ], [ -83.456308, 31.778089 ], [ -83.45419, 31.775732 ], [ -83.454082, 31.773441 ], [ -83.455234, 31.76838 ], [ -83.454644, 31.766136 ], [ -83.452794, 31.763182 ], [ -83.452579, 31.76025 ], [ -83.453075, 31.757856 ], [ -83.453757, 31.755509 ], [ -83.453596, 31.753792 ], [ -83.452711, 31.752624 ], [ -83.453274, 31.750906 ], [ -83.459763, 31.744788 ], [ -83.463782, 31.742016 ], [ -83.464425, 31.741672 ], [ -83.466676, 31.742038 ], [ -83.466678, 31.739717 ], [ -83.466658, 31.739639 ], [ -83.466371, 31.739028 ], [ -83.4663, 31.739038 ], [ -83.463513, 31.732462 ], [ -83.463641, 31.731717 ], [ -83.463683, 31.731645 ], [ -83.460475, 31.726117 ], [ -83.458667, 31.724716 ], [ -83.456117, 31.720814 ], [ -83.456111, 31.71772 ], [ -83.455066, 31.715659 ], [ -83.452894, 31.708171 ], [ -83.454367, 31.706178 ], [ -83.459509, 31.703658 ], [ -83.461182, 31.698701 ], [ -83.460675, 31.695631 ], [ -83.460646, 31.695392 ], [ -83.463661, 31.695475 ], [ -83.490721, 31.696095 ], [ -83.490685, 31.695653 ], [ -83.490655, 31.690891 ], [ -83.490569, 31.676596 ], [ -83.490667, 31.676584 ], [ -83.490942, 31.67038 ], [ -83.490976, 31.670352 ], [ -83.490954, 31.670063 ], [ -83.490922, 31.670019 ], [ -83.491128, 31.657846 ], [ -83.491097, 31.657827 ], [ -83.491162, 31.650517 ], [ -83.491196, 31.650489 ], [ -83.491325, 31.635584 ], [ -83.49135, 31.630816 ], [ -83.491337, 31.630782 ], [ -83.491647, 31.61941 ], [ -83.499885, 31.619458 ], [ -83.499885, 31.613166 ], [ -83.499885, 31.612928 ], [ -83.499885, 31.600769 ], [ -83.499936, 31.598704 ], [ -83.500765, 31.59402 ], [ -83.501039, 31.570159 ], [ -83.485045, 31.569734 ], [ -83.483712, 31.569702 ], [ -83.477271, 31.569549 ], [ -83.476624, 31.569534 ], [ -83.470845, 31.56726 ], [ -83.470923, 31.555936 ], [ -83.438044, 31.554452 ], [ -83.420959, 31.553684 ], [ -83.420432, 31.553603 ], [ -83.418431, 31.551937 ], [ -83.418058, 31.551696 ], [ -83.41238, 31.547958 ], [ -83.412112, 31.547226 ], [ -83.410318, 31.545179 ], [ -83.406222, 31.542916 ], [ -83.404517, 31.540598 ], [ -83.4038, 31.537466 ], [ -83.40123, 31.533657 ], [ -83.39865, 31.532756 ], [ -83.396979, 31.53187 ], [ -83.397836, 31.52848 ], [ -83.395833, 31.5228 ], [ -83.39473, 31.521054 ], [ -83.391085, 31.515039 ], [ -83.386546, 31.510721 ], [ -83.386292, 31.509495 ], [ -83.386436, 31.508889 ], [ -83.386178, 31.505697 ], [ -83.386121, 31.503383 ], [ -83.384165, 31.498299 ], [ -83.382378, 31.498045 ], [ -83.381471, 31.494311 ], [ -83.381792, 31.493807 ], [ -83.384475, 31.493078 ], [ -83.384013, 31.490395 ], [ -83.381377, 31.485114 ], [ -83.377868, 31.483867 ], [ -83.37688, 31.481805 ], [ -83.372621, 31.481916 ], [ -83.371499, 31.482283 ], [ -83.369897, 31.484139 ], [ -83.369095, 31.484322 ], [ -83.360703, 31.484418 ], [ -83.35656, 31.482771 ], [ -83.348821, 31.47759 ], [ -83.345236, 31.47639 ], [ -83.338579, 31.47609 ], [ -83.33918, 31.46529 ], [ -83.369381, 31.465189 ], [ -83.369691, 31.452416 ], [ -83.369761, 31.449562 ], [ -83.370673, 31.406129 ], [ -83.370645, 31.40448 ], [ -83.370881, 31.40129 ], [ -83.380667, 31.400864 ], [ -83.385046, 31.400935 ], [ -83.38518, 31.389221 ], [ -83.385186, 31.388704 ], [ -83.39963, 31.389167 ], [ -83.399982, 31.376489 ], [ -83.415182, 31.375988 ], [ -83.415446, 31.363252 ], [ -83.419356, 31.363463 ], [ -83.420957, 31.363548 ], [ -83.423133, 31.363664 ], [ -83.425936, 31.363795 ], [ -83.430097, 31.363037 ], [ -83.430283, 31.350688 ], [ -83.433763, 31.350489 ], [ -83.434209, 31.350013 ], [ -83.434503, 31.348685 ], [ -83.434049, 31.339455 ], [ -83.432474, 31.337165 ], [ -83.432181, 31.334256 ], [ -83.432795, 31.332286 ], [ -83.436567, 31.329885 ], [ -83.435382, 31.32601 ], [ -83.436129, 31.322163 ], [ -83.43837, 31.320765 ], [ -83.43901, 31.319437 ], [ -83.438823, 31.316391 ], [ -83.433968, 31.312383 ], [ -83.433861, 31.311329 ], [ -83.435329, 31.308833 ], [ -83.435302, 31.303267 ], [ -83.433195, 31.298939 ], [ -83.429674, 31.293557 ], [ -83.428794, 31.293282 ], [ -83.42602, 31.294542 ], [ -83.422313, 31.295114 ], [ -83.416472, 31.291884 ], [ -83.406793, 31.282745 ], [ -83.402689, 31.274704 ], [ -83.401729, 31.273971 ], [ -83.39957, 31.273833 ], [ -83.393226, 31.267487 ], [ -83.388801, 31.264417 ], [ -83.388081, 31.26302 ], [ -83.387923, 31.260454 ], [ -83.386591, 31.25885 ], [ -83.374788, 31.252591 ], [ -83.372684, 31.251719 ], [ -83.369938, 31.251859 ], [ -83.367994, 31.250192 ], [ -83.366156, 31.249056 ], [ -83.365249, 31.249011 ], [ -83.361064, 31.249562 ], [ -83.359565, 31.250521 ], [ -83.357724, 31.250252 ], [ -83.354996, 31.250192 ], [ -83.346556, 31.251822 ], [ -83.34477, 31.25109 ], [ -83.342135, 31.248311 ], [ -83.335949, 31.244579 ], [ -83.333202, 31.239265 ], [ -83.333147, 31.235784 ], [ -83.335492, 31.231729 ], [ -83.337409, 31.226713 ], [ -83.336928, 31.222704 ], [ -83.335887, 31.22183 ], [ -83.334794, 31.22101 ], [ -83.333994, 31.21943 ], [ -83.333327, 31.216773 ], [ -83.332181, 31.215926 ], [ -83.333778, 31.208734 ], [ -83.333937, 31.206604 ], [ -83.333484, 31.206123 ], [ -83.332977, 31.201954 ], [ -83.334359, 31.191761 ], [ -83.332361, 31.190112 ], [ -83.330282, 31.187341 ], [ -83.329722, 31.185623 ], [ -83.326471, 31.180562 ], [ -83.323887, 31.179692 ], [ -83.32246, 31.177386 ], [ -83.318239, 31.173835 ], [ -83.317759, 31.172776 ], [ -83.314854, 31.170669 ], [ -83.312537, 31.169775 ], [ -83.307689, 31.169065 ], [ -83.305611, 31.167233 ], [ -83.305611, 31.164438 ], [ -83.30657, 31.160178 ], [ -83.30468, 31.152688 ], [ -83.30444, 31.149389 ], [ -83.304813, 31.147946 ], [ -83.307263, 31.145312 ], [ -83.310859, 31.13796 ], [ -83.312163, 31.134959 ], [ -83.312499, 31.132831 ], [ -83.31408, 31.128683 ], [ -83.314906, 31.127652 ], [ -83.317653, 31.124785 ], [ -83.320262, 31.123822 ], [ -83.321372, 31.120077 ], [ -83.322578, 31.117637 ], [ -83.322576, 31.107788 ], [ -83.320471, 31.098282 ], [ -83.317357, 31.096244 ], [ -83.317321, 31.095611 ], [ -83.314934, 31.093657 ], [ -83.312965, 31.090702 ], [ -83.311927, 31.090244 ], [ -83.309372, 31.090313 ], [ -83.30852, 31.090702 ], [ -83.308282, 31.091385 ], [ -83.308227, 31.091413 ], [ -83.30451, 31.091896 ], [ -83.304489, 31.09189 ], [ -83.301702, 31.089433 ], [ -83.29508, 31.079158 ], [ -83.294176, 31.070477 ], [ -83.287231, 31.068964 ], [ -83.280765, 31.064863 ], [ -83.279728, 31.063648 ], [ -83.2809, 31.060811 ], [ -83.2809, 31.060785 ], [ -83.282018, 31.057212 ], [ -83.285107, 31.051715 ], [ -83.285746, 31.047249 ], [ -83.285747, 31.045164 ], [ -83.285171, 31.044086 ], [ -83.286706, 31.039003 ], [ -83.288379, 31.037289 ], [ -83.288435, 31.037262 ], [ -83.2891, 31.038201 ], [ -83.292213, 31.034079 ], [ -83.292586, 31.033186 ], [ -83.291735, 31.031971 ], [ -83.294995, 31.027378 ], [ -83.282213, 31.026977 ], [ -83.280617, 31.026954 ], [ -83.243912, 31.026385 ], [ -83.197745, 31.025399 ], [ -83.195206, 31.025432 ], [ -83.193795, 31.025451 ], [ -83.185251, 31.025582 ], [ -83.180639, 31.025683 ], [ -83.180535, 31.016329 ], [ -83.180163, 31.011335 ], [ -83.179912, 30.992078 ], [ -83.179465, 30.950135 ], [ -83.133167, 30.949005 ], [ -83.124869, 30.948804 ], [ -83.055451, 30.947413 ], [ -83.050927, 30.947499 ], [ -83.042964, 30.94729 ], [ -83.043098, 30.940103 ], [ -83.042487, 30.93701 ], [ -83.039537, 30.936139 ], [ -83.038182, 30.935154 ], [ -83.036296, 30.932039 ], [ -83.036536, 30.929931 ], [ -83.039964, 30.928808 ], [ -83.040469, 30.927205 ], [ -83.03659, 30.920745 ], [ -83.036936, 30.916873 ], [ -83.036565, 30.915957 ], [ -83.033005, 30.914833 ], [ -83.02793, 30.915038 ], [ -83.027399, 30.914122 ], [ -83.029552, 30.910228 ], [ -83.027614, 30.906218 ], [ -83.023364, 30.90427 ], [ -83.020548, 30.904155 ], [ -83.020601, 30.90191 ], [ -83.022888, 30.896413 ], [ -83.022917, 30.889815 ], [ -83.02491, 30.887524 ], [ -83.022894, 30.880032 ], [ -83.023222, 30.867404 ], [ -83.02641, 30.863946 ], [ -83.025853, 30.861311 ], [ -83.024287, 30.859753 ], [ -83.024022, 30.858584 ], [ -83.025404, 30.854026 ], [ -83.025485, 30.85201 ], [ -83.023998, 30.851047 ], [ -83.020095, 30.849947 ], [ -83.019618, 30.849384 ], [ -83.088082, 30.848658 ], [ -83.088102, 30.831123 ], [ -83.103235, 30.831426 ], [ -83.103281, 30.828217 ], [ -83.104364, 30.803703 ], [ -83.125667, 30.803431 ], [ -83.127421, 30.79924 ], [ -83.129412, 30.797156 ], [ -83.131138, 30.794247 ], [ -83.133345, 30.785978 ], [ -83.132605, 30.781579 ], [ -83.13287, 30.780846 ], [ -83.136348, 30.776885 ], [ -83.1368, 30.775762 ], [ -83.135901, 30.769645 ], [ -83.135315, 30.76839 ], [ -83.134393, 30.761993 ], [ -83.132857, 30.757456 ], [ -83.132469, 30.748948 ], [ -83.134673, 30.743521 ], [ -83.135072, 30.739466 ], [ -83.135206, 30.735526 ], [ -83.134067, 30.733395 ], [ -83.133485, 30.728973 ], [ -83.131499, 30.72352 ], [ -83.13037, 30.7221 ], [ -83.135777, 30.721966 ], [ -83.135797, 30.718504 ], [ -83.135461, 30.711123 ], [ -83.135278, 30.702872 ], [ -83.135101, 30.700271 ], [ -83.135155, 30.700236 ], [ -83.134941, 30.695748 ], [ -83.134855, 30.695745 ], [ -83.135559, 30.644617 ], [ -83.136612870355734, 30.62398911104653 ], [ -83.15617, 30.625504 ], [ -83.163309, 30.625895 ], [ -83.172212531305021, 30.62633528451504 ], [ -83.172247939643341, 30.626337035476922 ], [ -83.174411, 30.626444 ], [ -83.187391, 30.627223 ], [ -83.256085178241747, 30.631271580402654 ], [ -83.266852502838461, 30.631906166629147 ], [ -83.309455, 30.634417 ], [ -83.311647, 30.634577 ], [ -83.341011, 30.636346 ], [ -83.357057650416579, 30.637320092488029 ], [ -83.37946, 30.63868 ], [ -83.390062, 30.639333 ], [ -83.429477, 30.641519 ], [ -83.429584, 30.641496 ], [ -83.440021, 30.642023 ], [ -83.448895, 30.64241 ], [ -83.499876, 30.645671 ], [ -83.534700803554699, 30.64741051125808 ], [ -83.536734526338677, 30.647512096430638 ], [ -83.565767044900539, 30.648962281004081 ], [ -83.611667, 30.651255 ], [ -83.64238800794223, 30.652974442864096 ], [ -83.674058, 30.654747 ], [ -83.676773, 30.654905 ], [ -83.743873717756017, 30.65840393099251 ], [ -83.80892923685407, 30.661796216196276 ], [ -83.810536, 30.66188 ], [ -83.820886, 30.662612 ], [ -83.855216, 30.664412 ], [ -83.88022, 30.665832 ], [ -83.880317, 30.665807 ], [ -84.007391, 30.672097 ], [ -84.019105720964873, 30.672721234110107 ], [ -84.019105740783786, 30.672721235166172 ], [ -84.039707, 30.673819 ], [ -84.04181, 30.673878 ], [ -84.046605, 30.6742 ], [ -84.057228, 30.674705 ], [ -84.07270084568971, 30.675352780367774 ], [ -84.072701153642996, 30.675352793260394 ], [ -84.083688784024446, 30.675812797282482 ], [ -84.085087770992899, 30.675871366747408 ], [ -84.085342916052198, 30.675882048555017 ], [ -84.107699, 30.676818 ], [ -84.116502424925301, 30.677446669795781 ], [ -84.119041758688596, 30.67762800858743 ], [ -84.124895, 30.678046 ], [ -84.155191065929657, 30.679524146522976 ], [ -84.2499, 30.684145 ], [ -84.253658267468623, 30.684278357877947 ], [ -84.28121, 30.685256 ], [ -84.374905, 30.689794 ], [ -84.379320360937442, 30.68992707673512 ], [ -84.38070534044617, 30.689968819313794 ], [ -84.380912512358265, 30.689975063369921 ], [ -84.425189696895657, 30.691309555213774 ], [ -84.452502848623936, 30.692132759728505 ], [ -84.467238914582524, 30.6925768972688 ], [ -84.46741317165133, 30.692582149288302 ], [ -84.474409, 30.692793 ], [ -84.525882501775214, 30.695959529144545 ], [ -84.535042, 30.696523 ], [ -84.53937, 30.696775 ], [ -84.55079687618516, 30.697304150189805 ], [ -84.606249, 30.699872 ], [ -84.606386, 30.699865 ], [ -84.625425545450923, 30.700918816471265 ], [ -84.625439924954577, 30.700919612359872 ], [ -84.644815, 30.701992 ], [ -84.66490356472174, 30.702906380100604 ], [ -84.664934864990357, 30.702907804808763 ], [ -84.665850080056842, 30.70294946305847 ], [ -84.665883992574081, 30.702951006669498 ], [ -84.676975788339348, 30.703455876851478 ], [ -84.677078105155886, 30.703460534051381 ], [ -84.725007021809617, 30.705642135785371 ], [ -84.789925908345452, 30.708597077505733 ], [ -84.836324, 30.710709 ], [ -84.863463016212293, 30.711505883940362 ], [ -84.864693, 30.711542 ], [ -84.869752, 30.721897 ], [ -84.875421, 30.727491 ], [ -84.883821, 30.732591 ], [ -84.885221, 30.734991 ], [ -84.887522, 30.741791 ], [ -84.896122, 30.750591 ], [ -84.897622, 30.751391 ], [ -84.900222, 30.751891 ], [ -84.903122, 30.751791 ], [ -84.906322, 30.750591 ], [ -84.907017652173906, 30.750677956521766 ], [ -84.911122, 30.751191 ], [ -84.913522, 30.752291 ], [ -84.914322, 30.753591 ], [ -84.914335461538457, 30.753737153846142 ], [ -84.914486705882354, 30.755379235294189 ], [ -84.914572959404623, 30.756315702107322 ], [ -84.915022, 30.761191 ], [ -84.917205731839175, 30.763245446009858 ], [ -84.920123, 30.76599 ], [ -84.918023, 30.77209 ], [ -84.917423, 30.77589 ], [ -84.918023, 30.77809 ], [ -84.926723, 30.79019 ], [ -84.927331414239475, 30.791292750809021 ], [ -84.927937814814825, 30.792391851851878 ], [ -84.928323, 30.79309 ], [ -84.928583, 30.794649999999894 ], [ -84.928780567560707, 30.795835405364162 ], [ -84.928872272602646, 30.796385635615874 ], [ -84.928931333333352, 30.79674 ], [ -84.929023, 30.79729 ], [ -84.927923, 30.80279 ], [ -84.928323, 30.80509 ], [ -84.930923, 30.810489 ], [ -84.935412943655351, 30.817210476840561 ], [ -84.936042064749884, 30.82067062000149 ], [ -84.935570225452921, 30.82460260017357 ], [ -84.935255667953513, 30.830893769210832 ], [ -84.934154713657733, 30.834039353348398 ], [ -84.931952805066175, 30.83749949650938 ], [ -84.931115742558916, 30.838441189802442 ], [ -84.929436332879504, 30.840330521623738 ], [ -84.928335384679443, 30.842532430215243 ], [ -84.928335384679443, 30.844262502557655 ], [ -84.928807217880689, 30.846778968648639 ], [ -84.930065453974024, 30.848823598490526 ], [ -84.933224, 30.851488 ], [ -84.935255667953513, 30.854328373017232 ], [ -84.935297685423521, 30.855420851665279 ], [ -84.935412943655351, 30.85841763270097 ], [ -84.934626552954711, 30.860619541292547 ], [ -84.9343311460742, 30.861875011232247 ], [ -84.934300943561823, 30.862003370958824 ], [ -84.933997431860178, 30.863293286133203 ], [ -84.934626552954711, 30.865495200820451 ], [ -84.935727501154759, 30.867539827614458 ], [ -84.936150245869811, 30.868157684402352 ], [ -84.936719399599554, 30.868989523294172 ], [ -84.937772134044479, 30.870528133002395 ], [ -84.938401249043281, 30.873044599093351 ], [ -84.937805860158932, 30.875188 ], [ -84.937614852246909, 30.875875628779401 ], [ -84.935570225452921, 30.878706652369782 ], [ -84.935520215004757, 30.879906883743399 ], [ -84.935519606780517, 30.879921480889472 ], [ -84.935412943655351, 30.882481354554077 ], [ -84.936828455450538, 30.884683263145686 ], [ -84.938086691543887, 30.885626935643845 ], [ -84.939974042636024, 30.88672788993966 ], [ -84.941325, 30.887688 ], [ -84.942525, 30.888488 ], [ -84.949625, 30.897387 ], [ -84.952325, 30.902287 ], [ -84.956125, 30.907587 ], [ -84.966726, 30.917287 ], [ -84.969426, 30.921987 ], [ -84.971026, 30.928187 ], [ -84.975226, 30.930787 ], [ -84.980627, 30.932687 ], [ -84.982709397844644, 30.934435381230351 ], [ -84.983127, 30.934786 ], [ -84.983186711075433, 30.935048728731946 ], [ -84.983452874125874, 30.936219846153854 ], [ -84.983627, 30.936986 ], [ -84.983027, 30.942586 ], [ -84.982551861878463, 30.945139867403157 ], [ -84.982470037974664, 30.94557967088608 ], [ -84.982227, 30.946886 ], [ -84.981027, 30.950485999999728 ], [ -84.979627, 30.954686 ], [ -84.979627, 30.955246 ], [ -84.979627, 30.955263777777809 ], [ -84.979627, 30.956536 ], [ -84.979627, 30.958986 ], [ -84.980127, 30.961286 ], [ -84.982527, 30.965586 ], [ -84.984646213973775, 30.96733665502186 ], [ -84.984827, 30.967486 ], [ -84.98563826760568, 30.967815577464822 ], [ -84.987728056153102, 30.96866455406224 ], [ -84.988027, 30.968786 ], [ -84.997628, 30.971186 ], [ -84.999828, 30.971486 ], [ -84.999928, 30.971186 ], [ -85.004026, 30.973468 ], [ -85.005105, 30.974704 ], [ -85.005323238754329, 30.975321198220417 ], [ -85.005857594006116, 30.97683240145075 ], [ -85.005931, 30.97704 ], [ -85.005931373615212, 30.9773842241468 ], [ -85.005931741464195, 30.977723135677646 ], [ -85.005931743895829, 30.977725376017375 ], [ -85.005934, 30.979804 ], [ -85.00254, 30.986899 ], [ -85.002495510977667, 30.987577133641228 ], [ -85.002450040721257, 30.988270223957489 ], [ -85.001884010832683, 30.996898058181497 ], [ -85.001850928817447, 30.997402318025276 ], [ -85.001819, 30.997889 ], [ -85.0019, 31.000681 ], [ -85.002368, 31.000682 ], [ -85.001366, 31.005044 ], [ -84.999626, 31.009079 ], [ -84.999428, 31.013843 ], [ -85.00006, 31.014983 ], [ -85.004549, 31.01918 ], [ -85.005051, 31.024701 ], [ -85.009409, 31.032378 ], [ -85.008552, 31.042824 ], [ -85.008616937852508, 31.043500189986968 ], [ -85.00871566512653, 31.044528225124349 ], [ -85.008816, 31.045573 ], [ -85.011392, 31.053546 ], [ -85.012642, 31.055402 ], [ -85.012959744946343, 31.055624236794099 ], [ -85.018148, 31.059253 ], [ -85.028393289387466, 31.074318734897822 ], [ -85.028573, 31.074583 ], [ -85.028514716086846, 31.075133782979229 ], [ -85.028473591165749, 31.075522413483657 ], [ -85.028415866703298, 31.076067909653862 ], [ -85.028333, 31.076851 ], [ -85.026068, 31.08418 ], [ -85.029736, 31.096163 ], [ -85.032832, 31.10057 ], [ -85.035615, 31.108192 ], [ -85.036002021310722, 31.108604135398522 ], [ -85.036671493677105, 31.109317050302305 ], [ -85.037079, 31.109751 ], [ -85.040513, 31.111583 ], [ -85.047056460849461, 31.116547635117289 ], [ -85.050178, 31.118916 ], [ -85.052867, 31.119489 ], [ -85.053263077839944, 31.11977982179511 ], [ -85.054677, 31.120818 ], [ -85.055562888882974, 31.122675249766054 ], [ -85.055564850559065, 31.122679362383959 ], [ -85.055829935004851, 31.123235107053969 ], [ -85.061072, 31.134225 ], [ -85.06243, 31.139518 ], [ -85.064028, 31.142495 ], [ -85.070181, 31.14868 ], [ -85.072131254649975, 31.151174765022258 ], [ -85.075111001541643, 31.154986456136786 ], [ -85.076628, 31.156927 ], [ -85.077801, 31.157889 ], [ -85.082314070957878, 31.15924815179687 ], [ -85.082811274378784, 31.15939788906649 ], [ -85.083582, 31.15963 ], [ -85.092106, 31.160293 ], [ -85.09998773979234, 31.165349338933542 ], [ -85.100207, 31.16549 ], [ -85.100237680317676, 31.165648131470682 ], [ -85.100420547642784, 31.166590660142163 ], [ -85.100447, 31.166727 ], [ -85.098426, 31.17777 ], [ -85.098507, 31.180153 ], [ -85.102052, 31.184734 ], [ -85.104169514935037, 31.185551724991733 ], [ -85.104424, 31.18565 ], [ -85.105096315716082, 31.185538432456887 ], [ -85.106503, 31.185305 ], [ -85.106689147543051, 31.185515587447529 ], [ -85.107217822610195, 31.186113673949936 ], [ -85.10732687362399, 31.18623704261902 ], [ -85.107516, 31.186451 ], [ -85.107559594902511, 31.187100048256873 ], [ -85.107633801357863, 31.188204846472193 ], [ -85.10774812597721, 31.189906930675352 ], [ -85.108133, 31.195637 ], [ -85.106963, 31.202693 ], [ -85.105631, 31.204595 ], [ -85.09977, 31.209751 ], [ -85.098704, 31.211286 ], [ -85.098707, 31.219511 ], [ -85.096763, 31.225651 ], [ -85.098844, 31.232524 ], [ -85.099008279721659, 31.232719750277397 ], [ -85.100582165760883, 31.234595140773937 ], [ -85.100765, 31.234813 ], [ -85.102472, 31.23786 ], [ -85.10426, 31.241869 ], [ -85.106182, 31.248077 ], [ -85.109149, 31.254609 ], [ -85.111711, 31.258022 ], [ -85.11184903584531, 31.258357506781557 ], [ -85.111883350243843, 31.258440910577118 ], [ -85.112352, 31.25958 ], [ -85.113261, 31.264343 ], [ -85.111983, 31.267987 ], [ -85.111905, 31.272477 ], [ -85.112546, 31.274378 ], [ -85.114548, 31.276302 ], [ -85.114601, 31.277333 ], [ -85.112930742694701, 31.279788886761033 ], [ -85.112762, 31.280037 ], [ -85.112267132619138, 31.280379150459819 ], [ -85.111399552928575, 31.280978993572415 ], [ -85.110309, 31.281733 ], [ -85.109003519099204, 31.282016425241096 ], [ -85.107124771306516, 31.282424309068276 ], [ -85.099640826464025, 31.284049104092066 ], [ -85.099462511437508, 31.284087817013397 ], [ -85.099107, 31.284165 ], [ -85.096247579368637, 31.28682055408558 ], [ -85.096010754851989, 31.287040493854473 ], [ -85.095844146374503, 31.287195223738642 ], [ -85.09316, 31.289688 ], [ -85.092518204331341, 31.290699785374848 ], [ -85.092430676477861, 31.290837772286196 ], [ -85.089774, 31.295026 ], [ -85.088044944513641, 31.302533543951554 ], [ -85.087695, 31.304053 ], [ -85.087651, 31.308677 ], [ -85.087404, 31.311223 ], [ -85.084469, 31.316194 ], [ -85.083776, 31.31821 ], [ -85.084152, 31.328313 ], [ -85.088983, 31.334292 ], [ -85.089411, 31.336033 ], [ -85.08781, 31.337981 ], [ -85.087063, 31.340317 ], [ -85.085951504281354, 31.349469458073514 ], [ -85.085864, 31.35019 ], [ -85.085918, 31.353146 ], [ -85.086048933324207, 31.3532582786098 ], [ -85.086766842796166, 31.353873903989733 ], [ -85.087413, 31.354428 ], [ -85.087797348189412, 31.354428 ], [ -85.09099, 31.354428 ], [ -85.091791, 31.355207 ], [ -85.092537070999981, 31.357249684730629 ], [ -85.092619, 31.357474 ], [ -85.09259000759171, 31.358661590542926 ], [ -85.092526659257146, 31.361256472701829 ], [ -85.092487, 31.362881 ], [ -85.092167, 31.364576 ], [ -85.088229453055433, 31.371989703568055 ], [ -85.087146122199314, 31.37402942371526 ], [ -85.087031355921994, 31.374245508290684 ], [ -85.086958064153748, 31.374383503710551 ], [ -85.08691, 31.374474 ], [ -85.082431, 31.38454 ], [ -85.080403, 31.393932 ], [ -85.078641, 31.39636 ], [ -85.077626, 31.39888 ], [ -85.077387, 31.402844 ], [ -85.07906090799284, 31.407772047151461 ], [ -85.079876542519514, 31.410173305418308 ], [ -85.079978, 31.410472 ], [ -85.079818, 31.411732 ], [ -85.076746, 31.415971 ], [ -85.075827278350644, 31.421506338604829 ], [ -85.07476216871018, 31.424879174332769 ], [ -85.072898233719471, 31.426476833633391 ], [ -85.070412987065183, 31.426920628170226 ], [ -85.068546, 31.427311 ], [ -85.068509830459007, 31.427340445127616 ], [ -85.068384967233115, 31.427442094568487 ], [ -85.06697, 31.428594 ], [ -85.065875, 31.430586 ], [ -85.065771252157674, 31.433480920323372 ], [ -85.065554, 31.439543 ], [ -85.065955, 31.442979 ], [ -85.066703, 31.447286 ], [ -85.069268, 31.453472 ], [ -85.071621, 31.468384 ], [ -85.065687, 31.484122 ], [ -85.062105, 31.488017 ], [ -85.058923, 31.495989 ], [ -85.052951, 31.506518 ], [ -85.048445, 31.513684 ], [ -85.048189264732429, 31.51396947829187 ], [ -85.047927714863491, 31.514261447446351 ], [ -85.045642, 31.516813 ], [ -85.045496540883121, 31.517127200561873 ], [ -85.045496485826831, 31.517127319486864 ], [ -85.045495690061173, 31.517129038389225 ], [ -85.04548846257164, 31.517144650207271 ], [ -85.044986, 31.51823 ], [ -85.044955348944924, 31.518420891919703 ], [ -85.044556, 31.520908 ], [ -85.047649, 31.523751 ], [ -85.048263, 31.526012 ], [ -85.04732360954398, 31.528352992710925 ], [ -85.047196, 31.528671 ], [ -85.043675193001661, 31.534127289791648 ], [ -85.042983, 31.5352 ], [ -85.041813, 31.537754 ], [ -85.041305, 31.540987 ], [ -85.041428933180967, 31.541782453073033 ], [ -85.041688907884975, 31.54345107543525 ], [ -85.041881, 31.544684 ], [ -85.042547, 31.545953 ], [ -85.045698, 31.548707 ], [ -85.050838, 31.555551 ], [ -85.051873, 31.557871 ], [ -85.052931, 31.56289 ], [ -85.057779477055348, 31.570554623700545 ], [ -85.05796, 31.57084 ], [ -85.057888944180959, 31.571495128754787 ], [ -85.057758193706135, 31.57270063728204 ], [ -85.057719, 31.573062 ], [ -85.055362319307889, 31.576962379133171 ], [ -85.055284, 31.577092 ], [ -85.055309011940295, 31.577393647761173 ], [ -85.055340793074279, 31.577776933015983 ], [ -85.055417, 31.578696 ], [ -85.05585791316372, 31.579424389129848 ], [ -85.056886022322345, 31.581122826820319 ], [ -85.058293450602605, 31.583447900201556 ], [ -85.05844, 31.58369 ], [ -85.058338894446237, 31.586638555621398 ], [ -85.058109, 31.593343 ], [ -85.056830613284689, 31.599059729325489 ], [ -85.056405, 31.600963 ], [ -85.056132051548659, 31.603644766252753 ], [ -85.056092955242534, 31.604028894295475 ], [ -85.056038353766212, 31.604565363346044 ], [ -85.056037873388036, 31.60457008314556 ], [ -85.056023492328748, 31.604711379567238 ], [ -85.055976, 31.605178 ], [ -85.056171004675775, 31.605401716126497 ], [ -85.05714702228839, 31.606521437378674 ], [ -85.057314, 31.606713 ], [ -85.059696, 31.607262 ], [ -85.060552, 31.608224 ], [ -85.060418, 31.611271 ], [ -85.05833, 31.614546 ], [ -85.057527, 31.616883 ], [ -85.057517865837553, 31.617177492163599 ], [ -85.057505908653781, 31.617563000625054 ], [ -85.057473, 31.618624 ], [ -85.057904197800724, 31.61961711792318 ], [ -85.057909097049915, 31.619628401682451 ], [ -85.057929318770874, 31.619674975559924 ], [ -85.057929319407322, 31.619674977025738 ], [ -85.057948311508639, 31.619718718891299 ], [ -85.058169, 31.620227 ], [ -85.059534, 31.621717 ], [ -85.065236, 31.624351 ], [ -85.067628, 31.625267 ], [ -85.073829, 31.629567 ], [ -85.080029, 31.636867 ], [ -85.082829, 31.637967 ], [ -85.084502785526624, 31.639025706434396 ], [ -85.085173090403231, 31.640749348340989 ], [ -85.08536460740774, 31.642185715668631 ], [ -85.085173090403231, 31.644100874579692 ], [ -85.082970665205082, 31.648668865534209 ], [ -85.082587628471188, 31.649463311736984 ], [ -85.081567752329306, 31.650786044559688 ], [ -85.081429, 31.650966 ], [ -85.080863986564609, 31.652336048247967 ], [ -85.08095974599469, 31.653102108843338 ], [ -85.082013079313342, 31.65472999688685 ], [ -85.083545206071094, 31.656070606640053 ], [ -85.085460364982168, 31.657028182384259 ], [ -85.087829, 31.657866 ], [ -85.088375475195832, 31.658115477806813 ], [ -85.088514106382988, 31.65817876595748 ], [ -85.091504799086763, 31.659544082191811 ], [ -85.092429, 31.659966 ], [ -85.092800324328749, 31.660348201307464 ], [ -85.10943, 31.677465 ], [ -85.11263, 31.685165 ], [ -85.11393, 31.686865 ], [ -85.12233, 31.691265 ], [ -85.125228429319378, 31.694616308900564 ], [ -85.12553, 31.694965 ], [ -85.125572759250801, 31.695425484239383 ], [ -85.125823404336515, 31.698124739008762 ], [ -85.126136063426301, 31.701491836898747 ], [ -85.12683, 31.708965 ], [ -85.12681388285452, 31.709383992058537 ], [ -85.126811661657584, 31.709441735775044 ], [ -85.12653, 31.716764 ], [ -85.125782459016406, 31.718726295081954 ], [ -85.12573, 31.718864 ], [ -85.124866563876665, 31.71982611453744 ], [ -85.12223, 31.722764 ], [ -85.11913, 31.730964 ], [ -85.11893, 31.732664 ], [ -85.12393, 31.747564 ], [ -85.12663, 31.752463 ], [ -85.127848831882119, 31.755368327823565 ], [ -85.129074840140333, 31.758290761964656 ], [ -85.129231, 31.758663 ], [ -85.129114797381433, 31.758850163340082 ], [ -85.126948534427299, 31.762339284454818 ], [ -85.12563, 31.764463 ], [ -85.12523, 31.767063 ], [ -85.126066434108523, 31.768431710359391 ], [ -85.12633, 31.768863 ], [ -85.130731, 31.772263 ], [ -85.133682157009332, 31.774514398130858 ], [ -85.140431, 31.779663 ], [ -85.14076001885681, 31.780167495580436 ], [ -85.140950936966249, 31.78046023668157 ], [ -85.14148316326056, 31.78127631699957 ], [ -85.141931, 31.781963 ], [ -85.141836215777829, 31.78208937896288 ], [ -85.141762100886154, 31.782188198818485 ], [ -85.137131, 31.788363 ], [ -85.132931, 31.792363 ], [ -85.132458118206458, 31.794253851628749 ], [ -85.132231, 31.795162 ], [ -85.132558351664258, 31.797180668596219 ], [ -85.132831, 31.798862 ], [ -85.132847405017444, 31.800371261604798 ], [ -85.132931, 31.808062 ], [ -85.132337856295052, 31.810180370374834 ], [ -85.131531, 31.813062 ], [ -85.131480625935154, 31.814195416458869 ], [ -85.131480114331723, 31.81420692753624 ], [ -85.13137882375068, 31.816485965609882 ], [ -85.131331, 31.817562 ], [ -85.131593718957589, 31.818532917886756 ], [ -85.133631, 31.826062 ], [ -85.135931, 31.830462 ], [ -85.138744392181607, 31.833615556872658 ], [ -85.139231, 31.834161 ], [ -85.139520310410447, 31.834728493497451 ], [ -85.140588522123892, 31.836823831858403 ], [ -85.141831, 31.839261 ], [ -85.141731735294115, 31.839618352941173 ], [ -85.141480350649346, 31.840523337662294 ], [ -85.141331, 31.841061 ], [ -85.14103229870129, 31.84136965800867 ], [ -85.138331, 31.844161 ], [ -85.137731, 31.845861 ], [ -85.138031, 31.851262 ], [ -85.140231, 31.855261 ], [ -85.140731, 31.857461 ], [ -85.140131, 31.858761 ], [ -85.137431, 31.860661 ], [ -85.135831, 31.862461 ], [ -85.133731, 31.870061 ], [ -85.128831, 31.87636 ], [ -85.128789816609824, 31.876483550170569 ], [ -85.128717363636369, 31.876700909090921 ], [ -85.1284801145394, 31.877412656381811 ], [ -85.128474667296786, 31.877428998109714 ], [ -85.128431, 31.87756 ], [ -85.128431, 31.87966 ], [ -85.129331, 31.88246 ], [ -85.129683453008198, 31.883118933884919 ], [ -85.129816538314316, 31.883367745544192 ], [ -85.130038864399438, 31.883783398659851 ], [ -85.131631, 31.88676 ], [ -85.133731, 31.88956 ], [ -85.134331, 31.89146 ], [ -85.134324851537116, 31.891481519620079 ], [ -85.134324721113884, 31.891481976101428 ], [ -85.134324714285711, 31.891482 ], [ -85.134131, 31.89216 ], [ -85.132931, 31.89306 ], [ -85.121131, 31.89326 ], [ -85.119081, 31.89306 ], [ -85.117031, 31.89286 ], [ -85.115831, 31.89306 ], [ -85.114506862068964, 31.89328068965515 ], [ -85.114031, 31.89336 ], [ -85.113596492824783, 31.893664003021104 ], [ -85.112815401531336, 31.894210493681214 ], [ -85.11203, 31.89476 ], [ -85.111201264538238, 31.896003103192648 ], [ -85.110962650986764, 31.896361023519852 ], [ -85.110894399401445, 31.896463400897851 ], [ -85.11063, 31.89686 ], [ -85.11133, 31.89936 ], [ -85.10803, 31.90516 ], [ -85.10983, 31.90806 ], [ -85.112731, 31.909859 ], [ -85.113131, 31.911859 ], [ -85.10913, 31.914359 ], [ -85.10243, 31.917359 ], [ -85.10133, 31.918659 ], [ -85.10023, 31.924059 ], [ -85.09953, 31.925259 ], [ -85.09823, 31.926259 ], [ -85.09183, 31.928859 ], [ -85.08643, 31.935959 ], [ -85.08473, 31.937359 ], [ -85.07893, 31.940159 ], [ -85.07893, 31.941459 ], [ -85.082348618549887, 31.945267341064604 ], [ -85.08243, 31.945358 ], [ -85.08683, 31.957758 ], [ -85.08673, 31.959158 ], [ -85.08573, 31.960758 ], [ -85.08323, 31.962458 ], [ -85.07393, 31.964158 ], [ -85.07023, 31.965658 ], [ -85.067829, 31.967358 ], [ -85.065929, 31.971158 ], [ -85.065929, 31.972458 ], [ -85.066829, 31.974758 ], [ -85.06993, 31.978358 ], [ -85.07093, 31.981658 ], [ -85.06833, 31.986757 ], [ -85.068098181818186, 31.991857 ], [ -85.068074295302011, 31.99238250335571 ], [ -85.06803, 31.993357 ], [ -85.066937832526378, 31.996218065223527 ], [ -85.064544, 32.002489 ], [ -85.063441, 32.00414 ], [ -85.055075, 32.010714 ], [ -85.053815, 32.013502 ], [ -85.054767986320925, 32.017407317249074 ], [ -85.053669, 32.020662 ], [ -85.053213739205503, 32.02157552339974 ], [ -85.053106259861167, 32.022757799311741 ], [ -85.053072444511031, 32.023129769146095 ], [ -85.053213739205503, 32.024189482777267 ], [ -85.053778920721498, 32.025531786481892 ], [ -85.054734448167991, 32.026648863741805 ], [ -85.055217, 32.027213 ], [ -85.056253, 32.028336 ], [ -85.056463528130791, 32.031819419552662 ], [ -85.055474462531379, 32.034221436203943 ], [ -85.055174598174972, 32.03509603924509 ], [ -85.054626690257379, 32.036694101571541 ], [ -85.05483863366814, 32.038813527464825 ], [ -85.055333166467847, 32.04057971525291 ], [ -85.05803, 32.043756 ], [ -85.05883, 32.046656 ], [ -85.05663, 32.054155 ], [ -85.05643, 32.058055 ], [ -85.05683, 32.059755 ], [ -85.056029, 32.063055 ], [ -85.054179, 32.067985 ], [ -85.054084, 32.07021 ], [ -85.055491, 32.072657 ], [ -85.055813, 32.074439 ], [ -85.053232, 32.080604 ], [ -85.051161, 32.082527 ], [ -85.047739899122831, 32.084908247893523 ], [ -85.047063364641247, 32.087388870684215 ], [ -85.047063364641247, 32.090433281314041 ], [ -85.04955, 32.095362 ], [ -85.053777, 32.107684 ], [ -85.055045, 32.113671 ], [ -85.05918, 32.125153 ], [ -85.06154, 32.129673 ], [ -85.061584783919386, 32.129915263779367 ], [ -85.06206, 32.132486 ], [ -85.061434620799815, 32.133564028119132 ], [ -85.061144, 32.134065 ], [ -85.058749, 32.136018 ], [ -85.049410455152398, 32.141178910258965 ], [ -85.047865, 32.142033 ], [ -85.045593, 32.143758 ], [ -85.033989, 32.156348 ], [ -85.033911605017735, 32.156461963210937 ], [ -85.030336, 32.161727 ], [ -85.026583, 32.166104 ], [ -85.014648, 32.176882 ], [ -85.013065, 32.179112 ], [ -85.011267, 32.180493 ], [ -85.008531, 32.181903 ], [ -84.995929, 32.184852 ], [ -84.973728, 32.191552 ], [ -84.966828, 32.193952 ], [ -84.96503175827857, 32.19664159558797 ], [ -84.964944125743088, 32.198920090759238 ], [ -84.96503175827857, 32.200585146294564 ], [ -84.966346276878994, 32.202688374696628 ], [ -84.966928, 32.204451 ], [ -84.967047352446954, 32.205843215601625 ], [ -84.966784448047576, 32.206894829802692 ], [ -84.966346276878994, 32.208034078237432 ], [ -84.965732835544756, 32.208822789737347 ], [ -84.964593587109988, 32.209786768006431 ], [ -84.963366704441498, 32.211013650674879 ], [ -84.96222745600673, 32.212503437742768 ], [ -84.960650036403393, 32.21434376174544 ], [ -84.959460356933334, 32.215220364988589 ], [ -84.958984980868095, 32.215570641017514 ], [ -84.957057020933419, 32.216709894546995 ], [ -84.953726913259302, 32.217148067413802 ], [ -84.9489946510528, 32.217849141283509 ], [ -84.942059266035201, 32.217922220306697 ], [ -84.939328, 32.217951 ], [ -84.930127, 32.219051 ], [ -84.929709486780368, 32.21922679503983 ], [ -84.92915085321097, 32.219462009174329 ], [ -84.928227, 32.219851 ], [ -84.925427, 32.221551 ], [ -84.922927, 32.224751 ], [ -84.923434216494869, 32.228977804123716 ], [ -84.923527, 32.229751 ], [ -84.923032000000447, 32.230850999999042 ], [ -84.922627, 32.231751 ], [ -84.920627, 32.233951 ], [ -84.916327, 32.236551 ], [ -84.912727, 32.24335 ], [ -84.913248773394059, 32.245290200355548 ], [ -84.912488162998656, 32.247463372161825 ], [ -84.910097673485311, 32.248332640884321 ], [ -84.907227, 32.24905 ], [ -84.905512491419671, 32.250026287051469 ], [ -84.90529523266369, 32.250149999999167 ], [ -84.905103939681936, 32.250258927340376 ], [ -84.904087, 32.250838 ], [ -84.902496455100518, 32.253216599042169 ], [ -84.90154933484564, 32.255584385914084 ], [ -84.898234427718833, 32.256768270173104 ], [ -84.893303302734168, 32.257951745062037 ], [ -84.892314969716011, 32.258188945966999 ], [ -84.891131085456962, 32.259609612583979 ], [ -84.891114790480771, 32.259739970498963 ], [ -84.890894303099017, 32.261503843916898 ], [ -84.891841414177009, 32.263398075249796 ], [ -84.893266478853661, 32.26504544701379 ], [ -84.893959, 32.265846 ], [ -84.904023, 32.273749 ], [ -84.911127, 32.276949 ], [ -84.922872, 32.285333 ], [ -84.9338, 32.29826 ], [ -84.93868, 32.300708 ], [ -84.949068941709228, 32.304510915909169 ], [ -84.955333728162799, 32.306804167400834 ], [ -84.955614645093704, 32.306906998227667 ], [ -84.957439184117533, 32.307574878428973 ], [ -84.989514, 32.319316 ], [ -84.999054881252533, 32.32139940117321 ], [ -85.001695525615489, 32.321976027316822 ], [ -85.001874, 32.322015 ], [ -85.001917261932974, 32.322067511663526 ], [ -85.006714641620263, 32.327890607642729 ], [ -85.007103, 32.328362 ], [ -85.007299912608687, 32.330010870434258 ], [ -85.00731176452274, 32.330110113803173 ], [ -85.008096, 32.336677 ], [ -85.004582, 32.345196 ], [ -84.997778944320075, 32.350492784870532 ], [ -84.997297695652449, 32.350867479828487 ], [ -84.991579935896354, 32.355319265142953 ], [ -84.988704260658523, 32.357558234483882 ], [ -84.987715586371181, 32.358328005488758 ], [ -84.986778, 32.359058 ], [ -84.986300835529121, 32.359652726731802 ], [ -84.985078850999258, 32.36117577991395 ], [ -84.983769943161647, 32.362807172291248 ], [ -84.983466, 32.363186 ], [ -84.983242, 32.365122 ], [ -84.983339626210068, 32.366145840947212 ], [ -84.983551842331067, 32.36837142723401 ], [ -84.982948708757334, 32.371387103868621 ], [ -84.980083815516167, 32.373347293827166 ], [ -84.979861372645274, 32.373816895869275 ], [ -84.979728532119296, 32.374097337233934 ], [ -84.979646258792243, 32.374271025526269 ], [ -84.977274, 32.373842 ], [ -84.975226, 32.374162 ], [ -84.973162, 32.37533 ], [ -84.972154, 32.376914 ], [ -84.971962, 32.377698 ], [ -84.970138, 32.378225 ], [ -84.962618, 32.374578 ], [ -84.960218, 32.37477 ], [ -84.957706, 32.374194 ], [ -84.95705, 32.373906 ], [ -84.951706, 32.377138 ], [ -84.950266, 32.376962 ], [ -84.948826, 32.375602 ], [ -84.945129, 32.376018 ], [ -84.939193, 32.380785 ], [ -84.934873, 32.380257 ], [ -84.932729, 32.380561 ], [ -84.931769, 32.381521 ], [ -84.931465, 32.382545 ], [ -84.922553, 32.388993 ], [ -84.918281, 32.390209 ], [ -84.912348, 32.393273 ], [ -84.912278, 32.393315 ], [ -84.911097, 32.395281 ], [ -84.903721, 32.396113 ], [ -84.902121, 32.398673 ], [ -84.898057, 32.400897 ], [ -84.895081, 32.399505 ], [ -84.893113, 32.400769 ], [ -84.891577, 32.401233 ], [ -84.889273, 32.4028 ], [ -84.887737, 32.405184 ], [ -84.884217, 32.406322 ], [ -84.884081, 32.406475 ], [ -84.882201, 32.410464 ], [ -84.875129, 32.412496 ], [ -84.871929, 32.411568 ], [ -84.866216, 32.413824 ], [ -84.856328, 32.41448 ], [ -84.855064, 32.414352 ], [ -84.853208, 32.412688 ], [ -84.85196, 32.41232 ], [ -84.851048, 32.412528 ], [ -84.848664, 32.41464 ], [ -84.846648, 32.41464 ], [ -84.844664, 32.41328 ], [ -84.837784, 32.41328 ], [ -84.836392, 32.412384 ], [ -84.83436, 32.413216 ], [ -84.83412, 32.413936 ], [ -84.833304, 32.414192 ], [ -84.82452, 32.41384 ], [ -84.818952, 32.412816 ], [ -84.811352, 32.416112 ], [ -84.81068, 32.417616 ], [ -84.811512, 32.419024 ], [ -84.811352, 32.420016 ], [ -84.8078, 32.422543 ], [ -84.807, 32.422591 ], [ -84.805848, 32.422016 ], [ -84.80644, 32.42048 ], [ -84.805175, 32.418912 ], [ -84.801719, 32.417168 ], [ -84.799559, 32.416784 ], [ -84.796935, 32.414496 ], [ -84.792951, 32.41384 ], [ -84.790087, 32.415504 ], [ -84.790231, 32.416688 ], [ -84.790743, 32.417104 ], [ -84.785815, 32.41928 ], [ -84.781959, 32.422751 ], [ -84.782263, 32.424783 ], [ -84.778295, 32.424911 ], [ -84.777719, 32.424303 ], [ -84.778359, 32.423055 ], [ -84.777687, 32.422207 ], [ -84.772823, 32.421135 ], [ -84.771799, 32.421455 ], [ -84.770311, 32.422319 ], [ -84.766935, 32.428751 ], [ -84.766295, 32.433135 ], [ -84.764231, 32.435231 ], [ -84.762391, 32.435455 ], [ -84.760663, 32.436671 ], [ -84.754679, 32.447022 ], [ -84.754391, 32.44867 ], [ -84.756407, 32.449966 ], [ -84.756279, 32.451086 ], [ -84.75167, 32.457582 ], [ -84.749927, 32.457865 ], [ -84.74968, 32.457853 ], [ -84.744716, 32.459335 ], [ -84.744766, 32.459781 ], [ -84.746958, 32.46025 ], [ -84.746727, 32.460765 ], [ -84.743153, 32.465449 ], [ -84.74264, 32.467029 ], [ -84.743319, 32.471816 ], [ -84.742428, 32.47264 ], [ -84.741374, 32.472778 ], [ -84.741136, 32.472834 ], [ -84.740593, 32.476786 ], [ -84.740036, 32.476887 ], [ -84.737405, 32.478276 ], [ -84.735569, 32.481185 ], [ -84.736193, 32.482834 ], [ -84.735937, 32.482823 ], [ -84.734977, 32.482582 ], [ -84.734409, 32.483018 ], [ -84.733708, 32.485606 ], [ -84.734736, 32.488216 ], [ -84.733313, 32.489693 ], [ -84.731251, 32.490758 ], [ -84.729625, 32.493674 ], [ -84.730795, 32.498362 ], [ -84.727207, 32.50014 ], [ -84.725424, 32.501092 ], [ -84.72429, 32.502352 ], [ -84.724534, 32.503978 ], [ -84.714806, 32.50966 ], [ -84.71359, 32.51092 ], [ -84.713482, 32.51163 ], [ -84.707996, 32.515799 ], [ -84.701808, 32.518777 ], [ -84.69451, 32.518732 ], [ -84.678157, 32.518915 ], [ -84.67221, 32.522189 ], [ -84.665857, 32.527638 ], [ -84.661721, 32.529149 ], [ -84.658017, 32.528759 ], [ -84.648977, 32.534956 ], [ -84.637323, 32.534856 ], [ -84.635199, 32.534774 ], [ -84.632282, 32.532253 ], [ -84.631066, 32.531749 ], [ -84.624924, 32.53113 ], [ -84.618649, 32.530997 ], [ -84.610866, 32.534825 ], [ -84.60819, 32.535284 ], [ -84.605135, 32.535147 ], [ -84.604394, 32.533801 ], [ -84.603458, 32.532972 ], [ -84.603323, 32.532904 ], [ -84.602017, 32.529231 ], [ -84.597978, 32.524872 ], [ -84.595508, 32.523586 ], [ -84.585344, 32.522764 ], [ -84.573912, 32.525491 ], [ -84.572858, 32.525903 ], [ -84.570508, 32.528202 ], [ -84.570046, 32.528194 ], [ -84.561404, 32.528057 ], [ -84.561251, 32.535031 ], [ -84.565479, 32.535131 ], [ -84.566695, 32.536528 ], [ -84.565993, 32.540054 ], [ -84.565344, 32.540901 ], [ -84.560342, 32.544955 ], [ -84.553826, 32.548732 ], [ -84.55128, 32.549081 ], [ -84.550888, 32.549281 ], [ -84.550957, 32.542719 ], [ -84.542218, 32.542573 ], [ -84.542072, 32.549755 ], [ -84.541335, 32.549921 ], [ -84.536105, 32.549907 ], [ -84.532483, 32.549825 ], [ -84.532612, 32.542691 ], [ -84.526845, 32.54251 ], [ -84.504817, 32.541823 ], [ -84.50466, 32.548216 ], [ -84.491784, 32.548319 ], [ -84.492065, 32.561956 ], [ -84.471092, 32.562019 ], [ -84.444353, 32.562083 ], [ -84.437338, 32.562313 ], [ -84.408866, 32.561924 ], [ -84.40877, 32.57149 ], [ -84.408763, 32.572214 ], [ -84.408682, 32.580307 ], [ -84.408381, 32.61048 ], [ -84.400759, 32.613618 ], [ -84.400028, 32.614191 ], [ -84.399297, 32.615885 ], [ -84.392342, 32.619477 ], [ -84.391425, 32.619337 ], [ -84.390825, 32.62227 ], [ -84.377106, 32.634519 ], [ -84.37503, 32.636945 ], [ -84.372304, 32.642858 ], [ -84.371279, 32.647369 ], [ -84.373849, 32.646681 ], [ -84.364251, 32.679365 ], [ -84.338885, 32.679044 ], [ -84.338755, 32.684736 ], [ -84.337935, 32.720859 ], [ -84.322301, 32.721288 ], [ -84.321109, 32.722913 ], [ -84.31385, 32.725981 ], [ -84.31125, 32.729186 ], [ -84.303909, 32.733834 ], [ -84.298274, 32.734268 ], [ -84.293228, 32.733914 ], [ -84.289863, 32.735787 ], [ -84.288796, 32.735869 ], [ -84.289085, 32.742784 ], [ -84.287594, 32.74732 ], [ -84.286516, 32.747509 ] ] ] } },
{ "type": "Feature", "properties": { "DISTRICT": "10", "STARTCONG": "105", "ENDCONG": "107", "ST": "14", "STA": "GA", "ELECT_YEAR": "1996-2000", "TYPE": "US Cong" }, "geometry": { "type": "Polygon", "coordinates": [ [ [ -82.773697486100005, 34.288738079258444 ], [ -82.770928, 34.285402 ], [ -82.770394725846984, 34.285038164243531 ], [ -82.770365992334675, 34.285018560294745 ], [ -82.765266, 34.281539 ], [ -82.762945, 34.28199 ], [ -82.761995, 34.281492 ], [ -82.755028, 34.276067 ], [ -82.749856, 34.27087 ], [ -82.746656, 34.266407 ], [ -82.748656, 34.264107 ], [ -82.748756, 34.263407 ], [ -82.747392142484799, 34.26021499304953 ], [ -82.745566964500625, 34.25594329989503 ], [ -82.745511847136171, 34.255814301808066 ], [ -82.745511844767123, 34.255814296263438 ], [ -82.744056, 34.252407 ], [ -82.744982, 34.244861 ], [ -82.744834, 34.242957 ], [ -82.74389039858147, 34.238737904799613 ], [ -82.74198, 34.230196 ], [ -82.743461, 34.227343 ], [ -82.744415, 34.224913 ], [ -82.740447, 34.219679 ], [ -82.740544, 34.218387 ], [ -82.74238, 34.213766 ], [ -82.74192, 34.210063 ], [ -82.741132335683645, 34.208796665568507 ], [ -82.74080345969773, 34.208267928927725 ], [ -82.732761, 34.195338 ], [ -82.731975, 34.193154 ], [ -82.732359, 34.180564 ], [ -82.731918774880327, 34.178536938308696 ], [ -82.731918557240618, 34.17853593616443 ], [ -82.731881, 34.178363 ], [ -82.730824, 34.175906 ], [ -82.725409, 34.169774 ], [ -82.72417697368499, 34.167495015700588 ], [ -82.723312, 34.165895 ], [ -82.722819608830548, 34.164589506031177 ], [ -82.722589241264302, 34.16397872442699 ], [ -82.717507, 34.150504 ], [ -82.715373, 34.148165 ], [ -82.70414, 34.141007 ], [ -82.699758, 34.139318 ], [ -82.69553, 34.138815 ], [ -82.692152, 34.138986 ], [ -82.690386, 34.138293 ], [ -82.68629, 34.134454 ], [ -82.67732, 34.131657 ], [ -82.67522, 34.129779 ], [ -82.668113, 34.12016 ], [ -82.667143290933836, 34.114997910165641 ], [ -82.666879, 34.113591 ], [ -82.666531969230874, 34.11318813233904 ], [ -82.664503846458615, 34.110833686710215 ], [ -82.661851, 34.107754 ], [ -82.661047606034927, 34.107303700047069 ], [ -82.660322, 34.106897 ], [ -82.659077, 34.103544 ], [ -82.658561, 34.103118 ], [ -82.654019, 34.100346 ], [ -82.652175, 34.099704 ], [ -82.648184, 34.098649 ], [ -82.647028, 34.097825 ], [ -82.641553, 34.092212 ], [ -82.641179760491653, 34.091247857407616 ], [ -82.641179060976043, 34.091246050437114 ], [ -82.64103, 34.090861 ], [ -82.641252, 34.088914 ], [ -82.640701, 34.088341 ], [ -82.640151, 34.087609 ], [ -82.640345, 34.086304 ], [ -82.640476219552511, 34.086036851547227 ], [ -82.642797, 34.081312 ], [ -82.64522, 34.079046 ], [ -82.645661, 34.076046 ], [ -82.645221960198555, 34.075051173941908 ], [ -82.644872038478454, 34.07425828171592 ], [ -82.64398, 34.072237 ], [ -82.643377870491307, 34.071423766022924 ], [ -82.640543, 34.067595 ], [ -82.635991, 34.064941 ], [ -82.635775276302113, 34.064930418334704 ], [ -82.634229715925798, 34.064854605603891 ], [ -82.633565, 34.064822 ], [ -82.632705712925613, 34.065055959380913 ], [ -82.630972, 34.065528 ], [ -82.629370919292285, 34.064700901435387 ], [ -82.626963, 34.063457 ], [ -82.622155, 34.058516 ], [ -82.621255, 34.056916 ], [ -82.620955, 34.054416 ], [ -82.619155, 34.051316 ], [ -82.613355, 34.046816 ], [ -82.609655, 34.039917 ], [ -82.603055, 34.034817 ], [ -82.596155, 34.030517 ], [ -82.594555, 34.028717 ], [ -82.594055, 34.025917 ], [ -82.595855, 34.018518 ], [ -82.595655, 34.016118 ], [ -82.594568177527449, 34.014087358011828 ], [ -82.5938304512635, 34.0127089747292 ], [ -82.592545909090958, 34.010308909090995 ], [ -82.591855, 34.009018 ], [ -82.591732859023097, 34.008601503948469 ], [ -82.589245, 34.000118 ], [ -82.586234, 33.997151 ], [ -82.583394, 33.995286 ], [ -82.577735, 33.993743 ], [ -82.576222, 33.993106 ], [ -82.57554, 33.992049 ], [ -82.575351, 33.990904 ], [ -82.57633, 33.989694 ], [ -82.578244, 33.988671 ], [ -82.579996, 33.987011 ], [ -82.580571, 33.98514 ], [ -82.580551, 33.982463 ], [ -82.579576, 33.979761 ], [ -82.57754, 33.977034 ], [ -82.574724, 33.974113 ], [ -82.569864, 33.970684 ], [ -82.568288, 33.968772 ], [ -82.566145, 33.9639 ], [ -82.5657, 33.958682 ], [ -82.564582, 33.95581 ], [ -82.556835, 33.945353 ], [ -82.554497, 33.943819 ], [ -82.543128, 33.940949 ], [ -82.53977, 33.941551 ], [ -82.535732028807715, 33.943049451935622 ], [ -82.535314368719042, 33.943204441542655 ], [ -82.534111, 33.943651 ], [ -82.531855945566178, 33.943685881439016 ], [ -82.529141196742174, 33.943727873483219 ], [ -82.526741, 33.943765 ], [ -82.524515, 33.94336 ], [ -82.51295, 33.936969 ], [ -82.50764, 33.931456 ], [ -82.503584, 33.926048 ], [ -82.499289532702463, 33.918815485109207 ], [ -82.496109, 33.913459 ], [ -82.492929, 33.909754 ], [ -82.481221753098069, 33.902577854040501 ], [ -82.480111, 33.901897 ], [ -82.469913, 33.892838 ], [ -82.459391, 33.886386 ], [ -82.459236673688679, 33.886215470506187 ], [ -82.459205725266429, 33.8861812727163 ], [ -82.455105, 33.88165 ], [ -82.448109, 33.877543 ], [ -82.440503, 33.875123 ], [ -82.438644, 33.873919 ], [ -82.43115, 33.867051 ], [ -82.429164, 33.865844 ], [ -82.428151465708083, 33.865511316983174 ], [ -82.426333500235913, 33.864913997719398 ], [ -82.422803, 33.863754 ], [ -82.418685130856844, 33.864153930924495 ], [ -82.417871, 33.864233 ], [ -82.416945764858994, 33.864518613837845 ], [ -82.414259, 33.865348 ], [ -82.408354, 33.86632 ], [ -82.403881, 33.865477 ], [ -82.400517, 33.863343 ], [ -82.395736, 33.859089 ], [ -82.390527, 33.857162 ], [ -82.384973, 33.854428 ], [ -82.37975, 33.851086 ], [ -82.374286, 33.84559 ], [ -82.371775, 33.843813 ], [ -82.369107, 33.842375 ], [ -82.358085429335446, 33.838572538926073 ], [ -82.356329371971114, 33.837966696077117 ], [ -82.351881, 33.836432 ], [ -82.346933, 33.834298 ], [ -82.340190110830719, 33.829008268624001 ], [ -82.337829, 33.827156 ], [ -82.335632865901928, 33.82598414718845 ], [ -82.330619609688739, 33.823309083587787 ], [ -82.328136202088828, 33.821983942203794 ], [ -82.325332952575693, 33.820488133807523 ], [ -82.325303422983325, 33.820472376875465 ], [ -82.32448, 33.820033 ], [ -82.318223906698719, 33.814548153047781 ], [ -82.316333328815261, 33.812890644145241 ], [ -82.315020520782738, 33.81173967807274 ], [ -82.314746, 33.811499 ], [ -82.314721878808967, 33.811459672343851 ], [ -82.313339, 33.809205 ], [ -82.308997, 33.805892 ], [ -82.303147787130115, 33.803035340900429 ], [ -82.302885, 33.802907 ], [ -82.30265944563881, 33.802714535949335 ], [ -82.302550374717512, 33.802621466450574 ], [ -82.301941134233218, 33.802101605558235 ], [ -82.300213, 33.800627 ], [ -82.299854812005009, 33.799978959983314 ], [ -82.299523212379015, 33.799379024111218 ], [ -82.29928, 33.798939 ], [ -82.299241024284285, 33.798600555409692 ], [ -82.299232974307586, 33.798530653651355 ], [ -82.29910079290579, 33.797382859966241 ], [ -82.298923, 33.795839 ], [ -82.298974326692601, 33.795130721923293 ], [ -82.299601, 33.786483 ], [ -82.299393, 33.785037 ], [ -82.298286, 33.783518 ], [ -82.294984, 33.781868 ], [ -82.292468, 33.782406 ], [ -82.289762, 33.782032 ], [ -82.289179811338386, 33.781741641127397 ], [ -82.285804, 33.780058 ], [ -82.281923783578705, 33.776784680835121 ], [ -82.28106, 33.776056 ], [ -82.278173737190968, 33.772618793269125 ], [ -82.277889816420299, 33.772280676317031 ], [ -82.277681, 33.772032 ], [ -82.270445, 33.767913 ], [ -82.267719, 33.767651 ], [ -82.266534584240347, 33.766976954347818 ], [ -82.266127, 33.766745 ], [ -82.265019, 33.765742 ], [ -82.26438, 33.763481 ], [ -82.263206, 33.761962 ], [ -82.259471, 33.760245 ], [ -82.258049, 33.760429 ], [ -82.255267, 33.75969 ], [ -82.247472, 33.752591 ], [ -82.246161, 33.746347 ], [ -82.24088485990309, 33.735855217590498 ], [ -82.240405, 33.734901 ], [ -82.239098, 33.730872 ], [ -82.238719245690234, 33.729005743338249 ], [ -82.235753, 33.71439 ], [ -82.237192, 33.70788 ], [ -82.23705037527634, 33.707465087201001 ], [ -82.234576, 33.700216 ], [ -82.230782055239473, 33.696669826975317 ], [ -82.229235930590164, 33.695224675327047 ], [ -82.224825562898502, 33.691102336198739 ], [ -82.224704491799216, 33.69098917190842 ], [ -82.222709, 33.689124 ], [ -82.218649, 33.686299 ], [ -82.216868, 33.6844 ], [ -82.212047, 33.677317 ], [ -82.209677, 33.67176 ], [ -82.208411, 33.669872 ], [ -82.200718, 33.66464 ], [ -82.199847, 33.661758 ], [ -82.199844354904215, 33.661648307877357 ], [ -82.199843298729789, 33.661604508323826 ], [ -82.199747, 33.657611 ], [ -82.201186, 33.646898 ], [ -82.196741042432706, 33.63114220428676 ], [ -82.196583, 33.630582 ], [ -82.196331990397269, 33.630348488142111 ], [ -82.186154, 33.62088 ], [ -82.179854, 33.615945 ], [ -82.178817940578071, 33.615412567500385 ], [ -82.175228104493243, 33.613567745322044 ], [ -82.174351, 33.613117 ], [ -82.164205494356978, 33.611099803105304 ], [ -82.162751416438425, 33.610810693664604 ], [ -82.161908, 33.610643 ], [ -82.158331, 33.60971 ], [ -82.156288, 33.60863 ], [ -82.153357, 33.606319 ], [ -82.15106, 33.600956 ], [ -82.148816, 33.598092 ], [ -82.142872, 33.594278 ], [ -82.134934079635613, 33.591099945029008 ], [ -82.134601768778623, 33.590966899832935 ], [ -82.134415625050323, 33.590892374645797 ], [ -82.133523, 33.590535 ], [ -82.132141041899189, 33.590345264586652 ], [ -82.132037950598431, 33.590331110705613 ], [ -82.129911336666254, 33.590039138052369 ], [ -82.12908, 33.589925 ], [ -82.127938713535087, 33.590214580147823 ], [ -82.126896163242634, 33.590479107833993 ], [ -82.125864, 33.590741 ], [ -82.125492411093148, 33.591022048444948 ], [ -82.120385, 33.594885 ], [ -82.116905489795926, 33.596334795918374 ], [ -82.116545, 33.596485 ], [ -82.116014043119478, 33.59649211003773 ], [ -82.115388932602968, 33.596500480885773 ], [ -82.109376, 33.596581 ], [ -82.10624, 33.595637 ], [ -82.098816, 33.586358 ], [ -82.096352, 33.58407 ], [ -82.094128, 33.582742 ], [ -82.087488, 33.580614 ], [ -82.076069998606187, 33.578150048642478 ], [ -82.073104, 33.57751 ], [ -82.069039, 33.575382 ], [ -82.057727, 33.566774 ], [ -82.055578264331203, 33.565699632165639 ], [ -82.054943, 33.565382 ], [ -82.05424744879312, 33.56532248759725 ], [ -82.048959, 33.56487 ], [ -82.046335, 33.56383 ], [ -82.037375, 33.554662 ], [ -82.034895, 33.549158 ], [ -82.033023, 33.546454 ], [ -82.028238, 33.544934 ], [ -82.023438, 33.540734 ], [ -82.023438, 33.537935 ], [ -82.019838, 33.535035 ], [ -82.012556560050299, 33.532139969658544 ], [ -82.012483541507777, 33.532110938189852 ], [ -82.011538, 33.531735 ], [ -82.010038, 33.530435 ], [ -82.007638, 33.523335 ], [ -82.007138, 33.522835 ], [ -82.005980887807993, 33.522463071081148 ], [ -82.004338, 33.521935 ], [ -82.001338, 33.520135 ], [ -81.995268786833279, 33.509998122689652 ], [ -81.995164682716407, 33.509824246664614 ], [ -81.991938, 33.504435 ], [ -81.990382, 33.500759 ], [ -81.990607816894169, 33.498109306802974 ], [ -81.990938, 33.494235 ], [ -81.989338, 33.490036 ], [ -81.985938, 33.486536 ], [ -81.982375051591433, 33.484855680999523 ], [ -81.980637, 33.484036 ], [ -81.973537, 33.482636 ], [ -81.967037, 33.480636 ], [ -81.963488826755679, 33.479103223606721 ], [ -81.960249062155498, 33.477703676753478 ], [ -81.955197981819708, 33.475521659088017 ], [ -81.955191137374598, 33.475518702354201 ], [ -81.946534166387138, 33.47177897493588 ], [ -81.946437, 33.471737 ], [ -81.941737, 33.470037 ], [ -81.934136, 33.468337 ], [ -81.929436, 33.465837 ], [ -81.929184928671404, 33.465602126821651 ], [ -81.926336, 33.462937 ], [ -81.925092072741208, 33.460471988510243 ], [ -81.924849104303235, 33.459990513418369 ], [ -81.921571218110429, 33.453494934942853 ], [ -81.920836, 33.452038 ], [ -81.916097588034546, 33.445054940526283 ], [ -81.915205094777619, 33.443739661580793 ], [ -81.913777193773043, 33.441635345259158 ], [ -81.913532, 33.441274 ], [ -81.913476920096855, 33.440067249394552 ], [ -81.913464865858231, 33.439803151985167 ], [ -81.91345746848441, 33.439641082249445 ], [ -81.913366488888883, 33.437647802020251 ], [ -81.913356, 33.437418 ], [ -81.913581457762064, 33.437081065900031 ], [ -81.914467922515072, 33.435756293574691 ], [ -81.915320022385899, 33.434482877656649 ], [ -81.915865717382758, 33.433667366800236 ], [ -81.916236, 33.433114 ], [ -81.916741320252711, 33.432873972879953 ], [ -81.920278610790831, 33.431193759874354 ], [ -81.920716, 33.430986 ], [ -81.924980954772622, 33.429288285469489 ], [ -81.926789315172684, 33.426575744869425 ], [ -81.927241404177593, 33.422846001818044 ], [ -81.924893, 33.419307 ], [ -81.921068, 33.417419 ], [ -81.919329824689527, 33.415612555837306 ], [ -81.919216804628533, 33.413126059739703 ], [ -81.920120982638352, 33.410752583703079 ], [ -81.920702288607828, 33.410260709804497 ], [ -81.923059569931112, 33.40826608870055 ], [ -81.930519056033816, 33.406796795054127 ], [ -81.934926943543658, 33.406005637105338 ], [ -81.936961348446161, 33.404197275610144 ], [ -81.937300413009623, 33.401258688317313 ], [ -81.935453, 33.397851 ], [ -81.935358804363872, 33.397486381656748 ], [ -81.930861, 33.380076 ], [ -81.927312367693801, 33.37657920694398 ], [ -81.924966790523172, 33.374267894512897 ], [ -81.924837, 33.37414 ], [ -81.92495929299362, 33.373732356687938 ], [ -81.925651285714281, 33.371425714285721 ], [ -81.925737, 33.37114 ], [ -81.926246573361084, 33.370830426638889 ], [ -81.930634, 33.368165 ], [ -81.934637, 33.36894 ], [ -81.939637, 33.37254 ], [ -81.943737, 33.37234 ], [ -81.946071517203094, 33.370813584905676 ], [ -81.946337, 33.37064 ], [ -81.94635456004454, 33.370495129632552 ], [ -81.946363836514323, 33.370418598756778 ], [ -81.946737, 33.36734 ], [ -81.944737, 33.364041 ], [ -81.940284872340442, 33.36044332108321 ], [ -81.934837, 33.356041 ], [ -81.935572162023874, 33.352365189880629 ], [ -81.935637, 33.352041 ], [ -81.937940393756037, 33.34968276353549 ], [ -81.939837, 33.347741 ], [ -81.939751953271028, 33.345359691588783 ], [ -81.939737, 33.344941 ], [ -81.939189054794525, 33.344656068493158 ], [ -81.9375708762215, 33.343814615635189 ], [ -81.937237, 33.343641 ], [ -81.932737, 33.343541 ], [ -81.929649280701767, 33.344235736842045 ], [ -81.924737, 33.345341 ], [ -81.922845348922195, 33.344292068300156 ], [ -81.917972708118512, 33.341590160183635 ], [ -81.918117559784179, 33.340700844604314 ], [ -81.919137, 33.334442 ], [ -81.918337, 33.332842 ], [ -81.913314094094673, 33.329531555134743 ], [ -81.911266352673451, 33.327615925650313 ], [ -81.910341563995345, 33.325370016323845 ], [ -81.909284668500703, 33.324181005052147 ], [ -81.909017497473911, 33.324181005052147 ], [ -81.906444252898353, 33.324181005052147 ], [ -81.904132287603474, 33.327285644528203 ], [ -81.903124850409498, 33.329256718258534 ], [ -81.902612996489708, 33.330258172067396 ], [ -81.900301031194829, 33.331116902216905 ], [ -81.898187232525103, 33.329663667071586 ], [ -81.896937, 33.327642 ], [ -81.89706427722183, 33.324445230205932 ], [ -81.897328501095487, 33.322331432816284 ], [ -81.896606249961081, 33.321967423901171 ], [ -81.890266575230427, 33.318772277489316 ], [ -81.886637, 33.316943 ], [ -81.884137, 33.310443 ], [ -81.875836, 33.307443 ], [ -81.870436, 33.312943 ], [ -81.870251634536388, 33.31302412080403 ], [ -81.868247387900354, 33.313905989323885 ], [ -81.867936, 33.314043 ], [ -81.866925795712206, 33.313780123401123 ], [ -81.866466646835647, 33.313660643117316 ], [ -81.866206810014972, 33.313593028061149 ], [ -81.853652, 33.310326 ], [ -81.850624144237756, 33.30863832345981 ], [ -81.847484964315669, 33.306888596680935 ], [ -81.847296253320309, 33.306783412304689 ], [ -81.847152620120752, 33.306419404876344 ], [ -81.846227882093672, 33.304075855389499 ], [ -81.846136, 33.303843 ], [ -81.846352701052197, 33.303576829193297 ], [ -81.849636, 33.299544 ], [ -81.851636, 33.298544 ], [ -81.852936, 33.299644 ], [ -81.856825502762462, 33.299555602209949 ], [ -81.857336, 33.299544 ], [ -81.857549043478258, 33.299462840579729 ], [ -81.861536, 33.297944 ], [ -81.863142952662713, 33.28934207692307 ], [ -81.8632088, 33.2889896 ], [ -81.863236, 33.288844 ], [ -81.862919333333323, 33.28841066666665 ], [ -81.862635145299166, 33.288021777777786 ], [ -81.861589333333313, 33.286590666666612 ], [ -81.861336, 33.286244 ], [ -81.861124418708258, 33.286183866369726 ], [ -81.851836, 33.283544 ], [ -81.844036, 33.278644 ], [ -81.843334711387243, 33.277956076663884 ], [ -81.840850391572118, 33.275519103434547 ], [ -81.838257359228422, 33.272975489538432 ], [ -81.838336501751627, 33.269097570314777 ], [ -81.840077606589134, 33.267039898451735 ], [ -81.842522, 33.266584 ], [ -81.847336, 33.266345 ], [ -81.848099177897964, 33.264292668469473 ], [ -81.853137, 33.250745 ], [ -81.852136, 33.247544 ], [ -81.846536, 33.241746 ], [ -81.841423005354685, 33.239547463048737 ], [ -81.837760951260179, 33.237972816133833 ], [ -81.83701550492475, 33.237652281608106 ], [ -81.831736, 33.233546 ], [ -81.83163918007665, 33.233423701149427 ], [ -81.831560205610259, 33.23332394392876 ], [ -81.827936, 33.228746 ], [ -81.819636, 33.226646 ], [ -81.811736, 33.223847 ], [ -81.809636, 33.222647 ], [ -81.808136, 33.219447 ], [ -81.807936, 33.213747 ], [ -81.807336, 33.212647 ], [ -81.805236, 33.211447 ], [ -81.790236, 33.208447 ], [ -81.789953368073157, 33.208432127244663 ], [ -81.784535, 33.208147 ], [ -81.778935, 33.209847 ], [ -81.777535, 33.211347 ], [ -81.777335, 33.214947 ], [ -81.779733620689655, 33.218123551724169 ], [ -81.781035, 33.219847 ], [ -81.780337617801052, 33.22085432984295 ], [ -81.780135, 33.221147 ], [ -81.778435, 33.221847 ], [ -81.774035, 33.221147 ], [ -81.773946870773841, 33.22108306311042 ], [ -81.772348545816811, 33.219923494023945 ], [ -81.768935, 33.217447 ], [ -81.7683526, 33.2166854 ], [ -81.767789434627602, 33.21594895297455 ], [ -81.767635, 33.215747 ], [ -81.766617164536086, 33.212743392371252 ], [ -81.763535, 33.203648 ], [ -81.763150307683262, 33.203263307683173 ], [ -81.761635, 33.201748 ], [ -81.758235, 33.200248 ], [ -81.757197561576348, 33.198332729064049 ], [ -81.757080916005833, 33.198117383395406 ], [ -81.757063712871286, 33.198085623762374 ], [ -81.756935, 33.197848 ], [ -81.760635, 33.189248 ], [ -81.762835, 33.188248 ], [ -81.765735, 33.187948 ], [ -81.766484384833348, 33.187198727015129 ], [ -81.772435, 33.181249 ], [ -81.772435, 33.180449 ], [ -81.766735, 33.170749 ], [ -81.764435, 33.165549 ], [ -81.763304642979975, 33.160245017059822 ], [ -81.763181636771321, 33.159667834080693 ], [ -81.763167828558025, 33.159603041695284 ], [ -81.763160734786794, 33.159569755537987 ], [ -81.763135, 33.159449 ], [ -81.762977387824463, 33.159293377678168 ], [ -81.755269646888792, 33.151682946971796 ], [ -81.755135, 33.15155 ], [ -81.751050662650613, 33.147899397590386 ], [ -81.743835, 33.14145 ], [ -81.724608384389114, 33.129619829202881 ], [ -81.724334, 33.129451 ], [ -81.720696857142855, 33.126723142857124 ], [ -81.718134, 33.124801 ], [ -81.717134, 33.124051 ], [ -81.704634, 33.116451 ], [ -81.703134, 33.116151 ], [ -81.699834, 33.116751 ], [ -81.696934, 33.116551 ], [ -81.683533, 33.112651 ], [ -81.66178162741501, 33.104419275371122 ], [ -81.658703814601708, 33.103254488760996 ], [ -81.658433, 33.103152 ], [ -81.657918714285728, 33.102783428571477 ], [ -81.657322324191966, 33.1023560156709 ], [ -81.653861571428607, 33.09987580952383 ], [ -81.652983724637679, 33.099246685990352 ], [ -81.647485631578945, 33.095306385964911 ], [ -81.646433, 33.094552 ], [ -81.646020939698488, 33.094411296482406 ], [ -81.643334038961029, 33.093493818181827 ], [ -81.642333, 33.093152 ], [ -81.640496350825444, 33.093079988662048 ], [ -81.637987430895379, 33.092981618933379 ], [ -81.637232, 33.092952 ], [ -81.635115433344694, 33.093375313331059 ], [ -81.632232, 33.093952 ], [ -81.628235872103531, 33.094318365917779 ], [ -81.617779106141683, 33.095277044608302 ], [ -81.615131854053047, 33.095036385963517 ], [ -81.614567427033734, 33.094782393996198 ], [ -81.612725260609238, 33.0939534197299 ], [ -81.610799984455099, 33.092629794851455 ], [ -81.609476357244887, 33.089862208776758 ], [ -81.609533, 33.086877 ], [ -81.609837347543944, 33.084928694898558 ], [ -81.610078008520603, 33.082883089422019 ], [ -81.609837347543944, 33.082161108823819 ], [ -81.608995039955204, 33.081800118524789 ], [ -81.606836, 33.081717 ], [ -81.603587, 33.084578 ], [ -81.601654930301365, 33.084688031590098 ], [ -81.600210973768725, 33.083966060319284 ], [ -81.598165368292157, 33.081078147253976 ], [ -81.598285697614585, 33.079152873431653 ], [ -81.599368663848153, 33.076866609310237 ], [ -81.599567517899075, 33.076468901208393 ], [ -81.600210973768725, 33.075181989469122 ], [ -81.600090644446311, 33.07349737662345 ], [ -81.599439278100832, 33.072194642129318 ], [ -81.599248336857571, 33.071812759114152 ], [ -81.594555481624198, 33.069887485291794 ], [ -81.594438120342701, 33.069888868375038 ], [ -81.592645, 33.06991 ], [ -81.590704929315919, 33.07121111250207 ], [ -81.588538992185107, 33.070850122202991 ], [ -81.583804, 33.067021 ], [ -81.580994, 33.062697 ], [ -81.578332, 33.058936 ], [ -81.57288, 33.05418 ], [ -81.568925254335582, 33.053522650806727 ], [ -81.566759321868446, 33.053763309451483 ], [ -81.56471372105554, 33.05472594752861 ], [ -81.56425631544424, 33.05499276685299 ], [ -81.563269759859239, 33.05556825628323 ], [ -81.562547779261081, 33.05556825628323 ], [ -81.562066466635073, 33.05556825628323 ], [ -81.561344486036916, 33.05556825628323 ], [ -81.560502178448175, 33.055207265984158 ], [ -81.559353148433857, 33.054267150149869 ], [ -81.55917855356978, 33.054124299750633 ], [ -81.558937894924938, 33.052921003028715 ], [ -81.559173, 33.051765 ], [ -81.559659870859434, 33.049070453052281 ], [ -81.55917855356978, 33.047385837874735 ], [ -81.558336241317377, 33.046182541152874 ], [ -81.557012616438968, 33.045099573753369 ], [ -81.553643386084005, 33.044136936259228 ], [ -81.551838439252279, 33.04473858462017 ], [ -81.54938385824471, 33.045907433447113 ], [ -81.546784593719835, 33.047145179229958 ], [ -81.544257666289965, 33.046904519419158 ], [ -81.542509845454603, 33.04525379101235 ], [ -81.577216, 33.024793 ], [ -81.600428, 33.010793 ], [ -81.607415, 33.006802 ], [ -81.622397, 32.997853 ], [ -81.671679, 32.967899 ], [ -81.685799, 32.959339 ], [ -81.686191, 32.959075 ], [ -81.722893, 32.936483 ], [ -81.767655, 32.909349 ], [ -81.772028, 32.911825 ], [ -81.773112, 32.91808 ], [ -81.774822, 32.920761 ], [ -81.783946, 32.928369 ], [ -81.788129, 32.93018 ], [ -81.789406, 32.930134 ], [ -81.801196, 32.935497 ], [ -81.804076, 32.935245 ], [ -81.806765, 32.934123 ], [ -81.815258, 32.937531 ], [ -81.814591, 32.94001 ], [ -81.815569, 32.942988 ], [ -81.819265, 32.945989 ], [ -81.82008, 32.946195 ], [ -81.824373, 32.94482 ], [ -81.825052, 32.943583 ], [ -81.828475, 32.942254 ], [ -81.834154, 32.94475 ], [ -81.84641, 32.94878 ], [ -81.854318, 32.950793 ], [ -81.856673, 32.952451 ], [ -81.857743, 32.953954 ], [ -81.879272, 32.947237 ], [ -81.879381, 32.947168 ], [ -81.889382, 32.944194 ], [ -81.934415, 32.930462 ], [ -81.956448, 32.923724 ], [ -81.9849, 32.922199 ], [ -82.022506, 32.919858 ], [ -82.037469, 32.919098 ], [ -82.081511, 32.916858 ], [ -82.081733, 32.916593 ], [ -82.123742, 32.883656 ], [ -82.144975, 32.827479 ], [ -82.147942, 32.819758 ], [ -82.144983, 32.812755 ], [ -82.133435, 32.785657 ], [ -82.11997, 32.753507 ], [ -82.102517, 32.711774 ], [ -82.093076, 32.688909 ], [ -82.089014, 32.67904 ], [ -82.082871, 32.663324 ], [ -82.001509, 32.606868 ], [ -82.025254, 32.558403 ], [ -82.02684, 32.555163 ], [ -82.03024, 32.538763 ], [ -82.050222, 32.547344 ], [ -82.079842, 32.560063 ], [ -82.09263, 32.55268 ], [ -82.148567, 32.520427 ], [ -82.164753, 32.497316 ], [ -82.181145, 32.474067 ], [ -82.18356, 32.459685 ], [ -82.183691, 32.458907 ], [ -82.188087, 32.433372 ], [ -82.200244, 32.416472 ], [ -82.25467, 32.351401 ], [ -82.249844, 32.347962 ], [ -82.249635, 32.348007 ], [ -82.246207, 32.348467 ], [ -82.24232, 32.347621 ], [ -82.238621, 32.344919 ], [ -82.23827, 32.344186 ], [ -82.238917, 32.342834 ], [ -82.239726, 32.342124 ], [ -82.240022, 32.340543 ], [ -82.238374, 32.338023 ], [ -82.237725, 32.335734 ], [ -82.238207, 32.328493 ], [ -82.236854, 32.322973 ], [ -82.232509, 32.32002 ], [ -82.233079, 32.318711 ], [ -82.261344, 32.304582 ], [ -82.268544, 32.299883 ], [ -82.279845, 32.294183 ], [ -82.287048, 32.293988 ], [ -82.302637, 32.293675 ], [ -82.323146, 32.293382 ], [ -82.328747, 32.294382 ], [ -82.346147, 32.291882 ], [ -82.354218, 32.292181 ], [ -82.354883, 32.29695 ], [ -82.355375, 32.310741 ], [ -82.356321, 32.314085 ], [ -82.358833, 32.318872 ], [ -82.361586, 32.321231 ], [ -82.365519, 32.322859 ], [ -82.365742, 32.322961 ], [ -82.365608, 32.32494 ], [ -82.367768, 32.326863 ], [ -82.370143, 32.327664 ], [ -82.373653, 32.331076 ], [ -82.373923, 32.331855 ], [ -82.374849, 32.332004 ], [ -82.37715, 32.335225 ], [ -82.379092, 32.336943 ], [ -82.384137, 32.337747 ], [ -82.386998, 32.337336 ], [ -82.391694, 32.335436 ], [ -82.392935, 32.335666 ], [ -82.395012, 32.338438 ], [ -82.399407, 32.3471 ], [ -82.400053, 32.349688 ], [ -82.401564, 32.351842 ], [ -82.403049, 32.352873 ], [ -82.409111, 32.353946 ], [ -82.409125, 32.353846 ], [ -82.409213, 32.353913 ], [ -82.410224, 32.355548 ], [ -82.411184, 32.358915 ], [ -82.411305, 32.364741 ], [ -82.409089, 32.369516 ], [ -82.407749, 32.372322 ], [ -82.403593, 32.379194 ], [ -82.402496, 32.380137 ], [ -82.396985, 32.386344 ], [ -82.394607, 32.391543 ], [ -82.393795, 32.395689 ], [ -82.393685, 32.40034 ], [ -82.394273, 32.412985 ], [ -82.391314, 32.419973 ], [ -82.387328, 32.429394 ], [ -82.382059, 32.440397 ], [ -82.384185, 32.43983 ], [ -82.386021, 32.440174 ], [ -82.390801, 32.443475 ], [ -82.392313, 32.446385 ], [ -82.39215, 32.447942 ], [ -82.393095, 32.448607 ], [ -82.398228, 32.451541 ], [ -82.405361, 32.453353 ], [ -82.416789, 32.455737 ], [ -82.420544, 32.456975 ], [ -82.422841, 32.458831 ], [ -82.424164, 32.461236 ], [ -82.429244, 32.465245 ], [ -82.433811, 32.467444 ], [ -82.439838, 32.469139 ], [ -82.445486, 32.470101 ], [ -82.446754, 32.470787 ], [ -82.450216, 32.474705 ], [ -82.45708, 32.475139 ], [ -82.459513, 32.476353 ], [ -82.460141, 32.477238 ], [ -82.460972, 32.47814 ], [ -82.463972, 32.478368 ], [ -82.47357, 32.485695 ], [ -82.474678, 32.486978 ], [ -82.47376, 32.488238 ], [ -82.473976, 32.488765 ], [ -82.482573, 32.491946 ], [ -82.485195, 32.492128 ], [ -82.485762, 32.491326 ], [ -82.488412, 32.491486 ], [ -82.489467, 32.492012 ], [ -82.49055, 32.494967 ], [ -82.490551, 32.496502 ], [ -82.493227, 32.496042 ], [ -82.494118, 32.495675 ], [ -82.49593, 32.497049 ], [ -82.498823, 32.498124 ], [ -82.504536, 32.497464 ], [ -82.516158, 32.499278 ], [ -82.526189, 32.497334 ], [ -82.532838, 32.496625 ], [ -82.540542, 32.498069 ], [ -82.544975, 32.49823 ], [ -82.547718, 32.498565 ], [ -82.552783, 32.500168 ], [ -82.56065, 32.503878 ], [ -82.562791, 32.505704 ], [ -82.576383, 32.506534 ], [ -82.586818, 32.506624 ], [ -82.598794, 32.505659 ], [ -82.614499, 32.50515 ], [ -82.621286, 32.505788 ], [ -82.624856, 32.506842 ], [ -82.63281, 32.507553 ], [ -82.636936, 32.5084 ], [ -82.647441, 32.512675 ], [ -82.657126, 32.507103 ], [ -82.654296, 32.506098 ], [ -82.653243, 32.50344 ], [ -82.648625, 32.499849 ], [ -82.639788, 32.495929 ], [ -82.636544, 32.495424 ], [ -82.635427, 32.495817 ], [ -82.633126, 32.491037 ], [ -82.640888, 32.48517 ], [ -82.642367, 32.481995 ], [ -82.644364, 32.476392 ], [ -82.644418, 32.476277 ], [ -82.644986, 32.474785 ], [ -82.645473, 32.473506 ], [ -82.645554, 32.473391 ], [ -82.647101, 32.468352 ], [ -82.648259, 32.46739 ], [ -82.663181, 32.460061 ], [ -82.663555, 32.46011 ], [ -82.665203, 32.46098 ], [ -82.672416, 32.462607 ], [ -82.676415, 32.462149 ], [ -82.685628, 32.4605 ], [ -82.688574, 32.458484 ], [ -82.68906, 32.456514 ], [ -82.692252, 32.453669 ], [ -82.692341, 32.453752 ], [ -82.693899, 32.454158 ], [ -82.693923, 32.454155 ], [ -82.694788, 32.452253 ], [ -82.694544, 32.450398 ], [ -82.6906, 32.445748 ], [ -82.690475, 32.443792 ], [ -82.700326, 32.433997 ], [ -82.701727, 32.432598 ], [ -82.702051, 32.431544 ], [ -82.699618, 32.420527 ], [ -82.699698, 32.415167 ], [ -82.697321, 32.408913 ], [ -82.697429, 32.40731 ], [ -82.70253, 32.398124 ], [ -82.704555, 32.397231 ], [ -82.706229, 32.395833 ], [ -82.706852, 32.394077 ], [ -82.706876, 32.393955 ], [ -82.710197, 32.39203 ], [ -82.712545, 32.391365 ], [ -82.7143, 32.392808 ], [ -82.715812, 32.393014 ], [ -82.716514, 32.392051 ], [ -82.71625, 32.389963 ], [ -82.716247, 32.389933 ], [ -82.715378, 32.38676 ], [ -82.715675, 32.385065 ], [ -82.716943, 32.381995 ], [ -82.720315, 32.376794 ], [ -82.720082, 32.375695 ], [ -82.720072, 32.375672 ], [ -82.719568, 32.375235 ], [ -82.719494, 32.375171 ], [ -82.716998, 32.372952 ], [ -82.717699, 32.371876 ], [ -82.722772, 32.369469 ], [ -82.723391, 32.365849 ], [ -82.722581, 32.365048 ], [ -82.722562, 32.364953 ], [ -82.723984, 32.363651 ], [ -82.724437, 32.363573 ], [ -82.724903, 32.362312 ], [ -82.725552, 32.361898 ], [ -82.728274, 32.362639 ], [ -82.731727, 32.35722 ], [ -82.731864, 32.356714 ], [ -82.7314, 32.356405 ], [ -82.729534, 32.356892 ], [ -82.728226, 32.356489 ], [ -82.727606, 32.355623 ], [ -82.727736, 32.354779 ], [ -82.734848, 32.34047 ], [ -82.737137, 32.33803 ], [ -82.740456, 32.337633 ], [ -82.742139, 32.338714 ], [ -82.741752, 32.34095 ], [ -82.742249, 32.341758 ], [ -82.744208, 32.34153 ], [ -82.744977510742189, 32.337604508105478 ], [ -82.74504, 32.333234 ], [ -82.748468, 32.329497 ], [ -82.747922, 32.328825 ], [ -82.739594, 32.327169 ], [ -82.735339, 32.319606 ], [ -82.729264, 32.315444 ], [ -82.729791, 32.312453 ], [ -82.730326, 32.311949 ], [ -82.729831, 32.310891 ], [ -82.725565, 32.308705 ], [ -82.724671, 32.308901 ], [ -82.723554, 32.310801 ], [ -82.722747, 32.310812 ], [ -82.721964, 32.309284 ], [ -82.729513, 32.303061 ], [ -82.729532, 32.303044 ], [ -82.749859, 32.286324 ], [ -82.761959, 32.275574 ], [ -82.755059, 32.269774 ], [ -82.758366, 32.266961 ], [ -82.761881, 32.264176 ], [ -82.768806, 32.269571 ], [ -82.770297, 32.268343 ], [ -82.8161, 32.22997 ], [ -82.858308, 32.194386 ], [ -82.858318, 32.194461 ], [ -82.864251, 32.199912 ], [ -82.871563, 32.194474 ], [ -82.878148, 32.200249 ], [ -82.884803, 32.196072 ], [ -82.886964, 32.197974 ], [ -82.899528, 32.191848 ], [ -82.955379, 32.164164 ], [ -82.958485, 32.163067 ], [ -82.990967, 32.147274 ], [ -82.994105, 32.152799 ], [ -82.999868, 32.164204 ], [ -83.012466, 32.187108 ], [ -83.016448, 32.194816 ], [ -83.020754, 32.20314 ], [ -83.021699, 32.204855 ], [ -83.035963, 32.23077 ], [ -83.056585, 32.269781 ], [ -83.074484, 32.30322 ], [ -83.111323, 32.371841 ], [ -83.122289, 32.392307 ], [ -83.122647, 32.393012 ], [ -83.138991, 32.423069 ], [ -83.15396, 32.450667 ], [ -83.159374, 32.460664 ], [ -83.166698, 32.474189 ], [ -83.179254, 32.497369 ], [ -83.22338, 32.578424 ], [ -83.226579, 32.584256 ], [ -83.238726, 32.601919 ], [ -83.238779, 32.601996 ], [ -83.245606, 32.613064 ], [ -83.25154, 32.624041 ], [ -83.274149, 32.664181 ], [ -83.283777, 32.681233 ], [ -83.300032, 32.70986 ], [ -83.3344, 32.770354 ], [ -83.354897, 32.806367 ], [ -83.37052, 32.833816 ], [ -83.383749, 32.85706 ], [ -83.39579, 32.878217 ], [ -83.407188, 32.89824 ], [ -83.435553, 32.883996 ], [ -83.486931, 32.858107 ], [ -83.492846, 32.855122 ], [ -83.51361, 32.844746 ], [ -83.51641, 32.847066 ], [ -83.523451, 32.84129 ], [ -83.548698, 32.863438 ], [ -83.550498, 32.864838 ], [ -83.557698, 32.871137 ], [ -83.559298, 32.872337 ], [ -83.564798, 32.877337 ], [ -83.564902, 32.877249 ], [ -83.568599, 32.874137 ], [ -83.569299, 32.873437 ], [ -83.575299, 32.868138 ], [ -83.577899, 32.865838 ], [ -83.579199, 32.865638 ], [ -83.584599, 32.871738 ], [ -83.585099, 32.872638 ], [ -83.591499, 32.879837 ], [ -83.598199, 32.887837 ], [ -83.599399, 32.887837 ], [ -83.6121, 32.887837 ], [ -83.614221, 32.887849 ], [ -83.6201, 32.887837 ], [ -83.6311, 32.887837 ], [ -83.658217, 32.887913 ], [ -83.658201, 32.887837 ], [ -83.658601, 32.887837 ], [ -83.660601, 32.896137 ], [ -83.663301, 32.898737 ], [ -83.666601, 32.900337 ], [ -83.674501, 32.902937 ], [ -83.680125, 32.904761 ], [ -83.686077, 32.910169 ], [ -83.691197, 32.913961 ], [ -83.69411, 32.915273 ], [ -83.69587, 32.916633 ], [ -83.698046, 32.921577 ], [ -83.698029, 32.925273 ], [ -83.699197, 32.930936 ], [ -83.701533, 32.938056 ], [ -83.701533, 32.940856 ], [ -83.700557, 32.943976 ], [ -83.705117, 32.950216 ], [ -83.709373, 32.951224 ], [ -83.710365, 32.951896 ], [ -83.710685, 32.952792 ], [ -83.709853, 32.956248 ], [ -83.706221, 32.960984 ], [ -83.706093, 32.964391 ], [ -83.706717, 32.965559 ], [ -83.708045, 32.966615 ], [ -83.713277, 32.968151 ], [ -83.715485, 32.969351 ], [ -83.722845, 32.976375 ], [ -83.722989, 32.977319 ], [ -83.721405, 32.981687 ], [ -83.721565, 32.987639 ], [ -83.724573, 32.992391 ], [ -83.724221, 32.995591 ], [ -83.723453, 32.997238 ], [ -83.719821, 32.999526 ], [ -83.718982, 33.001079 ], [ -83.719838, 33.002954 ], [ -83.721292, 33.004589 ], [ -83.726029, 33.006739 ], [ -83.726836, 33.00754 ], [ -83.729647, 33.013565 ], [ -83.728819, 33.014913 ], [ -83.726961, 33.01646 ], [ -83.722661, 33.019959 ], [ -83.721638, 33.021981 ], [ -83.72121, 33.02336 ], [ -83.723045, 33.02656 ], [ -83.72401, 33.028008 ], [ -83.72537, 33.032666 ], [ -83.727954, 33.035402 ], [ -83.731818, 33.038128 ], [ -83.737309, 33.043866 ], [ -83.738003, 33.045439 ], [ -83.73811, 33.048595 ], [ -83.740374, 33.051231 ], [ -83.743358, 33.053728 ], [ -83.74531, 33.05724 ], [ -83.745764, 33.058815 ], [ -83.745622, 33.060999 ], [ -83.747004, 33.063373 ], [ -83.752986, 33.067748 ], [ -83.756446, 33.068634 ], [ -83.760795, 33.070557 ], [ -83.763116, 33.073613 ], [ -83.76732, 33.07664 ], [ -83.774468, 33.079703 ], [ -83.779438, 33.086564 ], [ -83.780779, 33.092047 ], [ -83.783452, 33.09541 ], [ -83.794708, 33.104086 ], [ -83.795548, 33.110121 ], [ -83.796806, 33.1135 ], [ -83.799014, 33.116578 ], [ -83.805984, 33.121782 ], [ -83.808924, 33.122308 ], [ -83.811549, 33.121809 ], [ -83.813794, 33.122129 ], [ -83.816362, 33.124563 ], [ -83.816845, 33.126463 ], [ -83.8159, 33.131837 ], [ -83.815761, 33.133436 ], [ -83.817249, 33.142128 ], [ -83.816824, 33.144829 ], [ -83.814234, 33.14724 ], [ -83.814261, 33.148523 ], [ -83.817672, 33.152539 ], [ -83.821613, 33.156181 ], [ -83.823609, 33.159336 ], [ -83.82437, 33.16305 ], [ -83.82378, 33.172615 ], [ -83.824484, 33.175168 ], [ -83.824044, 33.177384 ], [ -83.82211, 33.180294 ], [ -83.822419, 33.180567 ], [ -83.824025, 33.181781 ], [ -83.825767, 33.181872 ], [ -83.832601, 33.184664 ], [ -83.83508, 33.186769 ], [ -83.840064, 33.192627 ], [ -83.839956, 33.194962 ], [ -83.842489, 33.196724 ], [ -83.845729, 33.196998 ], [ -83.849785, 33.195074 ], [ -83.852344, 33.194707 ], [ -83.853597, 33.196652 ], [ -83.859672, 33.200587 ], [ -83.869339, 33.201933 ], [ -83.874905, 33.202322 ], [ -83.876075, 33.202448 ], [ -83.905388, 33.201667 ], [ -83.921502, 33.201778 ], [ -83.93346, 33.202015 ], [ -83.935994, 33.201957 ], [ -83.936455, 33.201947 ], [ -83.940485, 33.202061 ], [ -83.980701, 33.202348 ], [ -83.993637, 33.202319 ], [ -84.001995, 33.202546 ], [ -84.022139, 33.202592 ], [ -84.041498, 33.202629 ], [ -84.064114, 33.202662 ], [ -84.123767, 33.202824 ], [ -84.123652, 33.214536 ], [ -84.123646, 33.215162 ], [ -84.123376, 33.242972 ], [ -84.123327, 33.244519 ], [ -84.118124, 33.244426 ], [ -84.118111, 33.248746 ], [ -84.12274, 33.248807 ], [ -84.122602, 33.252714 ], [ -84.120656, 33.254625 ], [ -84.114766, 33.260398 ], [ -84.108793, 33.266203 ], [ -84.102468, 33.272421 ], [ -84.088939, 33.285771 ], [ -84.09106, 33.286352 ], [ -84.092505, 33.288801 ], [ -84.092587, 33.289786 ], [ -84.096923, 33.293905 ], [ -84.102512, 33.29823 ], [ -84.102501, 33.301991 ], [ -84.080052, 33.301851 ], [ -84.073339, 33.301862 ], [ -84.073445, 33.317604 ], [ -84.063607, 33.317778 ], [ -84.063588, 33.309753 ], [ -84.053409, 33.318078 ], [ -84.053363, 33.319455 ], [ -84.053493, 33.326109 ], [ -84.053495, 33.32629 ], [ -84.042591, 33.326343 ], [ -84.042591, 33.326399 ], [ -84.042591, 33.327396 ], [ -84.042583, 33.334822 ], [ -84.033028, 33.334725 ], [ -84.033032, 33.335691 ], [ -84.033043, 33.33806 ], [ -84.033014, 33.339616 ], [ -84.033207, 33.358491 ], [ -84.029749, 33.358499 ], [ -84.009074, 33.358548 ], [ -83.996091, 33.372144 ], [ -83.991052, 33.377671 ], [ -83.991019, 33.377653 ], [ -83.982881, 33.38683 ], [ -83.982874, 33.391082 ], [ -83.973827, 33.391079 ], [ -83.973671, 33.399659 ], [ -83.978199, 33.399606 ], [ -83.98287, 33.399489 ], [ -83.983134, 33.400153 ], [ -83.983077, 33.403957 ], [ -83.972234, 33.412679 ], [ -83.956102, 33.425188 ], [ -83.941124, 33.437712 ], [ -83.923518, 33.45126 ], [ -83.924907, 33.446459 ], [ -83.924591, 33.444617 ], [ -83.916145, 33.433815 ], [ -83.91069, 33.425497 ], [ -83.912269, 33.417954 ], [ -83.906574, 33.415206 ], [ -83.897224, 33.409463 ], [ -83.895767, 33.408013 ], [ -83.895376, 33.406914 ], [ -83.896165, 33.403627 ], [ -83.895968, 33.399886 ], [ -83.894977, 33.396243 ], [ -83.893965, 33.395113 ], [ -83.891344, 33.393508 ], [ -83.886047, 33.391657 ], [ -83.880881, 33.39047 ], [ -83.879128, 33.389743 ], [ -83.878197, 33.388631 ], [ -83.877729, 33.384576 ], [ -83.874905, 33.37945 ], [ -83.873851, 33.37845 ], [ -83.870881, 33.377281 ], [ -83.865433, 33.377902 ], [ -83.864421, 33.376767 ], [ -83.864884, 33.37512 ], [ -83.866742, 33.372511 ], [ -83.86437, 33.370603 ], [ -83.863227, 33.368347 ], [ -83.860463, 33.36892 ], [ -83.847867, 33.374446 ], [ -83.847315, 33.37512 ], [ -83.84802, 33.376459 ], [ -83.846554, 33.379585 ], [ -83.838167, 33.389824 ], [ -83.832029, 33.392747 ], [ -83.841528, 33.400893 ], [ -83.843923, 33.404986 ], [ -83.836984, 33.405093 ], [ -83.836908, 33.40791 ], [ -83.845133, 33.407734 ], [ -83.845249, 33.414383 ], [ -83.828371, 33.415041 ], [ -83.830563, 33.418707 ], [ -83.83065, 33.421588 ], [ -83.828477, 33.426007 ], [ -83.823741, 33.433339 ], [ -83.823911, 33.435259 ], [ -83.825106, 33.436611 ], [ -83.8251, 33.437459 ], [ -83.823354, 33.43798 ], [ -83.816347, 33.436779 ], [ -83.812196, 33.434658 ], [ -83.808385, 33.436337 ], [ -83.807375, 33.44083 ], [ -83.790775, 33.446791 ], [ -83.778583, 33.450385 ], [ -83.775808, 33.451215 ], [ -83.77113, 33.452613 ], [ -83.769954, 33.454418 ], [ -83.769445, 33.454668 ], [ -83.768325, 33.454958 ], [ -83.753585, 33.467196 ], [ -83.742067, 33.476638 ], [ -83.736845, 33.48092 ], [ -83.704743, 33.488518 ], [ -83.709511, 33.492183 ], [ -83.712281, 33.495096 ], [ -83.706032, 33.50012 ], [ -83.705321, 33.500686 ], [ -83.703277, 33.498209 ], [ -83.7012, 33.498301 ], [ -83.696992, 33.494547 ], [ -83.689231, 33.48585 ], [ -83.689095, 33.484202 ], [ -83.687592, 33.483172 ], [ -83.685051, 33.482599 ], [ -83.679067, 33.483881 ], [ -83.678496, 33.483556 ], [ -83.674794, 33.487369 ], [ -83.68201, 33.493586 ], [ -83.682962, 33.494467 ], [ -83.684134, 33.500553 ], [ -83.686276, 33.506137 ], [ -83.685537, 33.508217 ], [ -83.68551, 33.508334 ], [ -83.688009, 33.510818 ], [ -83.686664, 33.51396 ], [ -83.683647, 33.522238 ], [ -83.682196, 33.52622 ], [ -83.653252, 33.507855 ], [ -83.593052, 33.469634 ], [ -83.586687, 33.465503 ], [ -83.533736, 33.434473 ], [ -83.50885, 33.439456 ], [ -83.463374, 33.448682 ], [ -83.391022, 33.463366 ], [ -83.367233, 33.467634 ], [ -83.332617, 33.473995 ], [ -83.328271, 33.474762 ], [ -83.319266, 33.476353 ], [ -83.306033, 33.478724 ], [ -83.299785, 33.479863 ], [ -83.296375, 33.480477 ], [ -83.281386, 33.483182 ], [ -83.279886, 33.483449 ], [ -83.280165, 33.487413 ], [ -83.279517, 33.488975 ], [ -83.27729, 33.491835 ], [ -83.276845, 33.494198 ], [ -83.279623, 33.499417 ], [ -83.282449, 33.502306 ], [ -83.283875, 33.505397 ], [ -83.284175, 33.50803 ], [ -83.283654, 33.510435 ], [ -83.281385, 33.514006 ], [ -83.280427, 33.516799 ], [ -83.280508, 33.519685 ], [ -83.281218, 33.521836 ], [ -83.280479, 33.523508 ], [ -83.277498, 33.528041 ], [ -83.276322, 33.529002 ], [ -83.269813, 33.531954 ], [ -83.269295, 33.533321 ], [ -83.269514, 33.534046 ], [ -83.269612, 33.534343 ], [ -83.269766, 33.534696 ], [ -83.273473, 33.540542 ], [ -83.277432, 33.543629 ], [ -83.277709, 33.544184 ], [ -83.278174, 33.544687 ], [ -83.281676, 33.542925 ], [ -83.286871, 33.542949 ], [ -83.288675, 33.543911 ], [ -83.291327, 33.546751 ], [ -83.294321, 33.551279 ], [ -83.294826, 33.55188 ], [ -83.298272, 33.553529 ], [ -83.302018, 33.555797 ], [ -83.303303, 33.563123 ], [ -83.308499, 33.564565 ], [ -83.309429, 33.564245 ], [ -83.310277, 33.5631 ], [ -83.311234, 33.563077 ], [ -83.317552, 33.570312 ], [ -83.317771, 33.570976 ], [ -83.31717, 33.571938 ], [ -83.317142, 33.573312 ], [ -83.326499, 33.583706 ], [ -83.331452, 33.584209 ], [ -83.336432, 33.588192 ], [ -83.337746, 33.590619 ], [ -83.33865, 33.594419 ], [ -83.34114, 33.596524 ], [ -83.343876, 33.595974 ], [ -83.34913, 33.597277 ], [ -83.348149, 33.608875 ], [ -83.348276, 33.609081 ], [ -83.348424, 33.609321 ], [ -83.349658, 33.613992 ], [ -83.351849, 33.617036 ], [ -83.358693, 33.620743 ], [ -83.359953, 33.623948 ], [ -83.359785, 33.62558 ], [ -83.361012, 33.630671 ], [ -83.36206, 33.63238 ], [ -83.363157, 33.636111 ], [ -83.362748, 33.639706 ], [ -83.365543, 33.644467 ], [ -83.368912, 33.647854 ], [ -83.36727, 33.648244 ], [ -83.36727, 33.648634 ], [ -83.370584, 33.65083 ], [ -83.369244, 33.65296 ], [ -83.369083, 33.653014 ], [ -83.371614, 33.65653 ], [ -83.372664, 33.656524 ], [ -83.372734, 33.656507 ], [ -83.374883, 33.656646 ], [ -83.381158, 33.662608 ], [ -83.38317, 33.665604 ], [ -83.38333, 33.670137 ], [ -83.387355, 33.673275 ], [ -83.38853, 33.676183 ], [ -83.388583, 33.678679 ], [ -83.390718, 33.680786 ], [ -83.394004, 33.682848 ], [ -83.395564, 33.684932 ], [ -83.395975, 33.685962 ], [ -83.394959, 33.689694 ], [ -83.39526, 33.690678 ], [ -83.404706, 33.696645 ], [ -83.406061, 33.698393 ], [ -83.367753, 33.710367 ], [ -83.293291, 33.733876 ], [ -83.291116, 33.733706 ], [ -83.291582, 33.734897 ], [ -83.294267, 33.737759 ], [ -83.295144, 33.738263 ], [ -83.296624, 33.738148 ], [ -83.297473, 33.739064 ], [ -83.296377, 33.743346 ], [ -83.29169, 33.745338 ], [ -83.291574, 33.750603 ], [ -83.29023, 33.752394 ], [ -83.285187, 33.753149 ], [ -83.283103, 33.754865 ], [ -83.280689, 33.760085 ], [ -83.280798, 33.761734 ], [ -83.281017, 33.763703 ], [ -83.284798, 33.769428 ], [ -83.285318, 33.771512 ], [ -83.284439, 33.776343 ], [ -83.281036, 33.782913 ], [ -83.282598, 33.788179 ], [ -83.283338, 33.78937 ], [ -83.2849, 33.790126 ], [ -83.289124, 33.791295 ], [ -83.294141, 33.798119 ], [ -83.294743, 33.803545 ], [ -83.294249, 33.807209 ], [ -83.293837, 33.808284 ], [ -83.292383, 33.80952 ], [ -83.292273, 33.81039 ], [ -83.294609, 33.811506 ], [ -83.301447, 33.812825 ], [ -83.306619, 33.811444 ], [ -83.27556, 33.848107 ], [ -83.272785, 33.852603 ], [ -83.267834, 33.860593 ], [ -83.264102, 33.866616 ], [ -83.26369, 33.867532 ], [ -83.259584, 33.874322 ], [ -83.254762, 33.882369 ], [ -83.254381, 33.882933 ], [ -83.248506, 33.892151 ], [ -83.243374, 33.900293 ], [ -83.240833, 33.904326 ], [ -83.243215, 33.907002 ], [ -83.249876, 33.913967 ], [ -83.250623, 33.914767 ], [ -83.251435, 33.915638 ], [ -83.259218, 33.923978 ], [ -83.275622, 33.942425 ], [ -83.277804, 33.946774 ], [ -83.278811, 33.951733 ], [ -83.279284, 33.954639 ], [ -83.274019, 33.955577 ], [ -83.269609, 33.957919 ], [ -83.267015, 33.961017 ], [ -83.265734, 33.963786 ], [ -83.265596, 33.968105 ], [ -83.266222, 33.97031 ], [ -83.267412, 33.972255 ], [ -83.270876, 33.975612 ], [ -83.27556, 33.977512 ], [ -83.272615, 33.979656 ], [ -83.269274, 33.981738 ], [ -83.266207, 33.999682 ], [ -83.259076, 33.99887 ], [ -83.2585, 33.999125 ], [ -83.258302, 33.998865 ], [ -83.256432, 34.000113 ], [ -83.255094, 34.000814 ], [ -83.249875, 34.004598 ], [ -83.248364, 34.005852 ], [ -83.236655, 34.013609 ], [ -83.234579, 34.011788 ], [ -83.229574, 34.009065 ], [ -83.226769, 34.008196 ], [ -83.224873, 34.009548 ], [ -83.22325, 34.007877 ], [ -83.222094, 34.005427 ], [ -83.222313, 34.001374 ], [ -83.2219, 34.00071 ], [ -83.220718, 34.000501 ], [ -83.212004, 34.002774 ], [ -83.19287, 34.010881 ], [ -83.191395, 34.01265 ], [ -83.187756, 34.018185 ], [ -83.186106, 34.019582 ], [ -83.181019, 34.02091 ], [ -83.173456, 34.027824 ], [ -83.165287, 34.034143 ], [ -83.163939, 34.035035 ], [ -83.154614, 34.036774 ], [ -83.147133, 34.039336 ], [ -83.136375, 34.043774 ], [ -83.135577, 34.044781 ], [ -83.133763, 34.046331 ], [ -83.127229, 34.046319 ], [ -83.12487, 34.047534 ], [ -83.124122, 34.047659 ], [ -83.124229, 34.043674 ], [ -83.111984, 34.03775 ], [ -83.10959, 34.035415 ], [ -83.109947, 34.034591 ], [ -83.109643, 34.031133 ], [ -83.108459, 34.029027 ], [ -83.10436, 34.026647 ], [ -83.10062, 34.02516 ], [ -83.100868, 34.026236 ], [ -83.097872, 34.029283 ], [ -83.097321, 34.027817 ], [ -83.095176, 34.027291 ], [ -83.092042, 34.031917 ], [ -83.092016, 34.034139 ], [ -83.090778, 34.035055 ], [ -83.090557, 34.032742 ], [ -83.090062, 34.032239 ], [ -83.08423, 34.028736 ], [ -83.079197, 34.026974 ], [ -83.075869, 34.026677 ], [ -83.070397, 34.024983 ], [ -83.062284, 34.019373 ], [ -83.059561, 34.019053 ], [ -83.053209, 34.019556 ], [ -83.049222, 34.016075 ], [ -83.048562, 34.016052 ], [ -83.038165, 34.026172 ], [ -83.03712, 34.026492 ], [ -83.035717, 34.026057 ], [ -83.032884, 34.025965 ], [ -83.031509, 34.026628 ], [ -83.029252, 34.031116 ], [ -83.025787, 34.029878 ], [ -83.020672, 34.029236 ], [ -83.020287, 34.029625 ], [ -83.020176, 34.032808 ], [ -83.016463, 34.032898 ], [ -83.014976, 34.035096 ], [ -83.014399, 34.034981 ], [ -83.00914, 34.03167 ], [ -83.001899, 34.031057 ], [ -82.990345, 34.037859 ], [ -82.988575, 34.037178 ], [ -82.987392, 34.035882 ], [ -82.985931, 34.035248 ], [ -82.984271, 34.035429 ], [ -82.983557, 34.0384 ], [ -82.985332, 34.040094 ], [ -82.985623, 34.040703 ], [ -82.985173, 34.041777 ], [ -82.9817, 34.042923 ], [ -82.976711, 34.043381 ], [ -82.97634, 34.043428 ], [ -82.977876, 34.048629 ], [ -82.979228, 34.04835 ], [ -82.982785, 34.049117 ], [ -82.986026, 34.050448 ], [ -82.98809, 34.052146 ], [ -82.990465, 34.056909 ], [ -82.989667, 34.060356 ], [ -82.990279, 34.063816 ], [ -82.993321, 34.065914 ], [ -82.999865, 34.068399 ], [ -82.999865, 34.06893 ], [ -83.003946, 34.074096 ], [ -83.004749, 34.078078 ], [ -83.005462, 34.078758 ], [ -83.007945, 34.079166 ], [ -83.009097, 34.078741 ], [ -83.010721, 34.076661 ], [ -83.013155, 34.077425 ], [ -83.015363, 34.078882 ], [ -83.031957, 34.096225 ], [ -83.036224, 34.098688 ], [ -83.035668, 34.099986 ], [ -83.032986, 34.102904 ], [ -83.030594, 34.103796 ], [ -83.030865, 34.106211 ], [ -83.032556, 34.109411 ], [ -83.032415, 34.110783 ], [ -83.031452, 34.11225 ], [ -83.031535, 34.1133 ], [ -83.034914, 34.115212 ], [ -83.037652, 34.117719 ], [ -83.046679, 34.120133 ], [ -83.04803, 34.121088 ], [ -83.051009, 34.13099 ], [ -83.054755, 34.135886 ], [ -83.061791, 34.141579 ], [ -83.063023, 34.145831 ], [ -83.061021, 34.147163 ], [ -83.060944, 34.147768 ], [ -83.063752, 34.149727 ], [ -83.066947, 34.1528 ], [ -83.072432, 34.153814 ], [ -83.076262, 34.15336 ], [ -83.083315, 34.156927 ], [ -83.086571, 34.159307 ], [ -83.092253, 34.161675 ], [ -83.094691, 34.161738 ], [ -83.096172, 34.162431 ], [ -83.097756, 34.164519 ], [ -83.1006, 34.167341 ], [ -83.102526, 34.168219 ], [ -83.103313, 34.170744 ], [ -83.102552, 34.173147 ], [ -83.092457, 34.189658 ], [ -83.092099, 34.190711 ], [ -83.093918, 34.192863 ], [ -83.095215, 34.197326 ], [ -83.093412, 34.20414 ], [ -83.0934, 34.204425 ], [ -83.08768, 34.209488 ], [ -83.084527, 34.211159 ], [ -83.079409, 34.218674 ], [ -83.078852, 34.219655 ], [ -83.077723, 34.226891 ], [ -83.057175, 34.228076 ], [ -83.018913, 34.234207 ], [ -83.003284, 34.231209 ], [ -82.999865, 34.231075 ], [ -82.988748, 34.224323 ], [ -82.996546, 34.219023 ], [ -82.992668, 34.216358 ], [ -82.987309, 34.213624 ], [ -82.979874, 34.209844 ], [ -82.98125, 34.212065 ], [ -82.973735, 34.216378 ], [ -82.966335, 34.220627 ], [ -82.959582, 34.219012 ], [ -82.935109, 34.235191 ], [ -82.915239, 34.248162 ], [ -82.900906, 34.251395 ], [ -82.879042, 34.25707 ], [ -82.86531, 34.260788 ], [ -82.848656, 34.264696 ], [ -82.839332, 34.269438 ], [ -82.837102, 34.269713 ], [ -82.830314, 34.269317 ], [ -82.823777, 34.270486 ], [ -82.818178, 34.274883 ], [ -82.814482, 34.276761 ], [ -82.811558, 34.277471 ], [ -82.807778, 34.27754 ], [ -82.803943, 34.279074 ], [ -82.799557, 34.278959 ], [ -82.795005, 34.281226 ], [ -82.790701, 34.283698 ], [ -82.790428, 34.283897 ], [ -82.786792, 34.284736 ], [ -82.784765, 34.284181 ], [ -82.779136, 34.286572 ], [ -82.773697486100005, 34.288738079258444 ] ] ] } },
{ "type": "Feature", "properties": { "DISTRICT": "11", "STARTCONG": "105", "ENDCONG": "107", "ST": "14", "STA": "GA", "ELECT_YEAR": "1996-2000", "TYPE": "US Cong" }, "geometry": { "type": "Polygon", "coordinates": [ [ [ -83.125356, 34.519607 ], [ -83.119578, 34.524103 ], [ -83.117698, 34.52559 ], [ -83.103575625578216, 34.536737034412745 ], [ -83.103176, 34.533406 ], [ -83.102179, 34.532179 ], [ -83.096858, 34.531524 ], [ -83.092908638548408, 34.53283003010278 ], [ -83.092721979085596, 34.532891757265602 ], [ -83.092564, 34.532944 ], [ -83.087789, 34.532078 ], [ -83.084855, 34.530967 ], [ -83.084216373822173, 34.530386344635097 ], [ -83.078435694924124, 34.525130402534067 ], [ -83.078113, 34.524837 ], [ -83.078089287108824, 34.524617756234967 ], [ -83.078071332324228, 34.524451750557134 ], [ -83.078006821449506, 34.523855298317145 ], [ -83.077995, 34.523746 ], [ -83.086861, 34.517798 ], [ -83.087189, 34.515939 ], [ -83.074660095213218, 34.506185977263726 ], [ -83.069451, 34.502131 ], [ -83.065515, 34.501126 ], [ -83.058211682696566, 34.503586776229049 ], [ -83.058123261616629, 34.503616568785318 ], [ -83.057843, 34.503711 ], [ -83.054463, 34.50289 ], [ -83.053167335291405, 34.500867806101084 ], [ -83.050392949076112, 34.496537714495901 ], [ -83.048289, 34.493254 ], [ -83.043771, 34.488816 ], [ -83.034712, 34.483495 ], [ -83.032513, 34.483032 ], [ -83.029315, 34.484147 ], [ -83.005269809842474, 34.473199974129734 ], [ -83.002924, 34.472132 ], [ -82.996478243599825, 34.472420800165509 ], [ -82.995713579289216, 34.472455060718623 ], [ -82.995377238069921, 34.472470130385155 ], [ -82.99509, 34.472483 ], [ -82.99509742950562, 34.472607414736942 ], [ -82.995188043896974, 34.474124846211268 ], [ -82.995229588294308, 34.474820550007841 ], [ -82.995279, 34.475648 ], [ -82.994986962568589, 34.476031411106248 ], [ -82.992838700708205, 34.478851828518046 ], [ -82.992671, 34.479072 ], [ -82.992270592541871, 34.479182927197826 ], [ -82.992157144945679, 34.479214356242615 ], [ -82.979568, 34.482702 ], [ -82.965280017167373, 34.482172815450646 ], [ -82.960668, 34.482002 ], [ -82.954667, 34.477302 ], [ -82.947367, 34.479602 ], [ -82.940867, 34.486102 ], [ -82.928466, 34.484202 ], [ -82.925766, 34.481802 ], [ -82.922866, 34.481402 ], [ -82.908365, 34.485402 ], [ -82.902665, 34.485902 ], [ -82.882864, 34.479003 ], [ -82.876864, 34.475303 ], [ -82.876120824264106, 34.474373111467941 ], [ -82.873831, 34.471508 ], [ -82.874864, 34.468891 ], [ -82.875864, 34.468003 ], [ -82.876464, 34.465803 ], [ -82.875463, 34.463503 ], [ -82.865345, 34.460319 ], [ -82.862156, 34.458748 ], [ -82.86156736912271, 34.458211773113852 ], [ -82.860766098187298, 34.457481836857987 ], [ -82.860707, 34.457428 ], [ -82.860710450965783, 34.457304860448566 ], [ -82.860790415674927, 34.454451508940537 ], [ -82.860874, 34.451469 ], [ -82.860127, 34.449707 ], [ -82.857146703406997, 34.445794720623653 ], [ -82.855762, 34.443977 ], [ -82.854434, 34.432275 ], [ -82.851367, 34.426812 ], [ -82.849006423326344, 34.42423240074838 ], [ -82.848651, 34.423844 ], [ -82.848506530237557, 34.423300494790197 ], [ -82.848500080125049, 34.423276229022107 ], [ -82.847781, 34.420571 ], [ -82.847446, 34.412049 ], [ -82.846639936745831, 34.410231992301128 ], [ -82.841997, 34.399766 ], [ -82.841782331792047, 34.398987307871607 ], [ -82.841326, 34.397332 ], [ -82.84186, 34.393488950819766 ], [ -82.841997, 34.392503 ], [ -82.84186, 34.391815682875219 ], [ -82.841677607115685, 34.39090063358455 ], [ -82.841524, 34.39013 ], [ -82.841085655248818, 34.389464943664706 ], [ -82.839865115933208, 34.387613142309384 ], [ -82.83672461905762, 34.382848382750979 ], [ -82.836611, 34.382676 ], [ -82.836543683782438, 34.382256373265896 ], [ -82.835297751036236, 34.374489646196714 ], [ -82.835252577046944, 34.374208046691052 ], [ -82.835203, 34.373899 ], [ -82.835413, 34.369177 ], [ -82.835004, 34.366069 ], [ -82.833702, 34.364242 ], [ -82.833563048615943, 34.364169429592202 ], [ -82.833529980863517, 34.364152159233299 ], [ -82.82342, 34.358872 ], [ -82.815429601427084, 34.353608337544692 ], [ -82.815429058808277, 34.353607980095397 ], [ -82.809949, 34.349998 ], [ -82.798198, 34.341317 ], [ -82.795223, 34.34096 ], [ -82.795009432535736, 34.34074296137932 ], [ -82.794961704064818, 34.340694457167693 ], [ -82.794709328131788, 34.340437979316164 ], [ -82.794054, 34.339772 ], [ -82.793829643350264, 34.339077680236869 ], [ -82.791502715778137, 34.331876503883763 ], [ -82.791235, 34.331048 ], [ -82.791299914331049, 34.33041800032602 ], [ -82.791608, 34.327428 ], [ -82.791113459586128, 34.324440729400344 ], [ -82.790966, 34.32355 ], [ -82.78684, 34.310381 ], [ -82.781752, 34.302901 ], [ -82.780308, 34.296701 ], [ -82.774907633455356, 34.290195803668688 ], [ -82.773697486100005, 34.288738079258444 ], [ -82.779136, 34.286572 ], [ -82.784765, 34.284181 ], [ -82.786792, 34.284736 ], [ -82.790428, 34.283897 ], [ -82.790701, 34.283698 ], [ -82.795005, 34.281226 ], [ -82.799557, 34.278959 ], [ -82.803943, 34.279074 ], [ -82.807778, 34.27754 ], [ -82.811558, 34.277471 ], [ -82.814482, 34.276761 ], [ -82.818178, 34.274883 ], [ -82.823777, 34.270486 ], [ -82.830314, 34.269317 ], [ -82.837102, 34.269713 ], [ -82.839332, 34.269438 ], [ -82.848656, 34.264696 ], [ -82.86531, 34.260788 ], [ -82.879042, 34.25707 ], [ -82.900906, 34.251395 ], [ -82.915239, 34.248162 ], [ -82.935109, 34.235191 ], [ -82.959582, 34.219012 ], [ -82.966335, 34.220627 ], [ -82.973735, 34.216378 ], [ -82.98125, 34.212065 ], [ -82.979874, 34.209844 ], [ -82.987309, 34.213624 ], [ -82.992668, 34.216358 ], [ -82.996546, 34.219023 ], [ -82.988748, 34.224323 ], [ -82.999865, 34.231075 ], [ -83.003284, 34.231209 ], [ -83.018913, 34.234207 ], [ -83.057175, 34.228076 ], [ -83.077723, 34.226891 ], [ -83.078852, 34.219655 ], [ -83.079409, 34.218674 ], [ -83.084527, 34.211159 ], [ -83.08768, 34.209488 ], [ -83.0934, 34.204425 ], [ -83.093412, 34.20414 ], [ -83.095215, 34.197326 ], [ -83.093918, 34.192863 ], [ -83.092099, 34.190711 ], [ -83.092457, 34.189658 ], [ -83.102552, 34.173147 ], [ -83.103313, 34.170744 ], [ -83.102526, 34.168219 ], [ -83.1006, 34.167341 ], [ -83.097756, 34.164519 ], [ -83.096172, 34.162431 ], [ -83.094691, 34.161738 ], [ -83.092253, 34.161675 ], [ -83.086571, 34.159307 ], [ -83.083315, 34.156927 ], [ -83.076262, 34.15336 ], [ -83.072432, 34.153814 ], [ -83.066947, 34.1528 ], [ -83.063752, 34.149727 ], [ -83.060944, 34.147768 ], [ -83.061021, 34.147163 ], [ -83.063023, 34.145831 ], [ -83.061791, 34.141579 ], [ -83.054755, 34.135886 ], [ -83.051009, 34.13099 ], [ -83.04803, 34.121088 ], [ -83.046679, 34.120133 ], [ -83.037652, 34.117719 ], [ -83.034914, 34.115212 ], [ -83.031535, 34.1133 ], [ -83.031452, 34.11225 ], [ -83.032415, 34.110783 ], [ -83.032556, 34.109411 ], [ -83.030865, 34.106211 ], [ -83.030594, 34.103796 ], [ -83.032986, 34.102904 ], [ -83.035668, 34.099986 ], [ -83.036224, 34.098688 ], [ -83.031957, 34.096225 ], [ -83.015363, 34.078882 ], [ -83.013155, 34.077425 ], [ -83.010721, 34.076661 ], [ -83.009097, 34.078741 ], [ -83.007945, 34.079166 ], [ -83.005462, 34.078758 ], [ -83.004749, 34.078078 ], [ -83.003946, 34.074096 ], [ -82.999865, 34.06893 ], [ -82.999865, 34.068399 ], [ -82.993321, 34.065914 ], [ -82.990279, 34.063816 ], [ -82.989667, 34.060356 ], [ -82.990465, 34.056909 ], [ -82.98809, 34.052146 ], [ -82.986026, 34.050448 ], [ -82.982785, 34.049117 ], [ -82.979228, 34.04835 ], [ -82.977876, 34.048629 ], [ -82.97634, 34.043428 ], [ -82.976711, 34.043381 ], [ -82.9817, 34.042923 ], [ -82.985173, 34.041777 ], [ -82.985623, 34.040703 ], [ -82.985332, 34.040094 ], [ -82.983557, 34.0384 ], [ -82.984271, 34.035429 ], [ -82.985931, 34.035248 ], [ -82.987392, 34.035882 ], [ -82.988575, 34.037178 ], [ -82.990345, 34.037859 ], [ -83.001899, 34.031057 ], [ -83.00914, 34.03167 ], [ -83.014399, 34.034981 ], [ -83.014976, 34.035096 ], [ -83.016463, 34.032898 ], [ -83.020176, 34.032808 ], [ -83.020287, 34.029625 ], [ -83.020672, 34.029236 ], [ -83.025787, 34.029878 ], [ -83.029252, 34.031116 ], [ -83.031509, 34.026628 ], [ -83.032884, 34.025965 ], [ -83.035717, 34.026057 ], [ -83.03712, 34.026492 ], [ -83.038165, 34.026172 ], [ -83.048562, 34.016052 ], [ -83.049222, 34.016075 ], [ -83.053209, 34.019556 ], [ -83.059561, 34.019053 ], [ -83.062284, 34.019373 ], [ -83.070397, 34.024983 ], [ -83.075869, 34.026677 ], [ -83.079197, 34.026974 ], [ -83.08423, 34.028736 ], [ -83.090062, 34.032239 ], [ -83.090557, 34.032742 ], [ -83.090778, 34.035055 ], [ -83.092016, 34.034139 ], [ -83.092042, 34.031917 ], [ -83.095176, 34.027291 ], [ -83.097321, 34.027817 ], [ -83.097872, 34.029283 ], [ -83.100868, 34.026236 ], [ -83.10062, 34.02516 ], [ -83.10436, 34.026647 ], [ -83.108459, 34.029027 ], [ -83.109643, 34.031133 ], [ -83.109947, 34.034591 ], [ -83.10959, 34.035415 ], [ -83.111984, 34.03775 ], [ -83.124229, 34.043674 ], [ -83.124122, 34.047659 ], [ -83.12487, 34.047534 ], [ -83.127229, 34.046319 ], [ -83.133763, 34.046331 ], [ -83.135577, 34.044781 ], [ -83.136375, 34.043774 ], [ -83.147133, 34.039336 ], [ -83.154614, 34.036774 ], [ -83.163939, 34.035035 ], [ -83.165287, 34.034143 ], [ -83.173456, 34.027824 ], [ -83.181019, 34.02091 ], [ -83.186106, 34.019582 ], [ -83.187756, 34.018185 ], [ -83.191395, 34.01265 ], [ -83.19287, 34.010881 ], [ -83.212004, 34.002774 ], [ -83.220718, 34.000501 ], [ -83.2219, 34.00071 ], [ -83.222313, 34.001374 ], [ -83.222094, 34.005427 ], [ -83.22325, 34.007877 ], [ -83.224873, 34.009548 ], [ -83.226769, 34.008196 ], [ -83.229574, 34.009065 ], [ -83.234579, 34.011788 ], [ -83.236655, 34.013609 ], [ -83.248364, 34.005852 ], [ -83.249875, 34.004598 ], [ -83.255094, 34.000814 ], [ -83.256432, 34.000113 ], [ -83.258302, 33.998865 ], [ -83.2585, 33.999125 ], [ -83.259076, 33.99887 ], [ -83.266207, 33.999682 ], [ -83.269274, 33.981738 ], [ -83.272615, 33.979656 ], [ -83.27556, 33.977512 ], [ -83.270876, 33.975612 ], [ -83.267412, 33.972255 ], [ -83.266222, 33.97031 ], [ -83.265596, 33.968105 ], [ -83.265734, 33.963786 ], [ -83.267015, 33.961017 ], [ -83.269609, 33.957919 ], [ -83.274019, 33.955577 ], [ -83.279284, 33.954639 ], [ -83.278811, 33.951733 ], [ -83.277804, 33.946774 ], [ -83.275622, 33.942425 ], [ -83.259218, 33.923978 ], [ -83.251435, 33.915638 ], [ -83.250623, 33.914767 ], [ -83.249876, 33.913967 ], [ -83.243215, 33.907002 ], [ -83.240833, 33.904326 ], [ -83.243374, 33.900293 ], [ -83.248506, 33.892151 ], [ -83.254381, 33.882933 ], [ -83.254762, 33.882369 ], [ -83.259584, 33.874322 ], [ -83.26369, 33.867532 ], [ -83.264102, 33.866616 ], [ -83.267834, 33.860593 ], [ -83.272785, 33.852603 ], [ -83.27556, 33.848107 ], [ -83.306619, 33.811444 ], [ -83.301447, 33.812825 ], [ -83.294609, 33.811506 ], [ -83.292273, 33.81039 ], [ -83.292383, 33.80952 ], [ -83.293837, 33.808284 ], [ -83.294249, 33.807209 ], [ -83.294743, 33.803545 ], [ -83.294141, 33.798119 ], [ -83.289124, 33.791295 ], [ -83.2849, 33.790126 ], [ -83.283338, 33.78937 ], [ -83.282598, 33.788179 ], [ -83.281036, 33.782913 ], [ -83.284439, 33.776343 ], [ -83.285318, 33.771512 ], [ -83.284798, 33.769428 ], [ -83.281017, 33.763703 ], [ -83.280798, 33.761734 ], [ -83.280689, 33.760085 ], [ -83.283103, 33.754865 ], [ -83.285187, 33.753149 ], [ -83.29023, 33.752394 ], [ -83.291574, 33.750603 ], [ -83.29169, 33.745338 ], [ -83.296377, 33.743346 ], [ -83.297473, 33.739064 ], [ -83.296624, 33.738148 ], [ -83.295144, 33.738263 ], [ -83.294267, 33.737759 ], [ -83.291582, 33.734897 ], [ -83.291116, 33.733706 ], [ -83.293291, 33.733876 ], [ -83.367753, 33.710367 ], [ -83.406061, 33.698393 ], [ -83.404706, 33.696645 ], [ -83.39526, 33.690678 ], [ -83.394959, 33.689694 ], [ -83.395975, 33.685962 ], [ -83.395564, 33.684932 ], [ -83.394004, 33.682848 ], [ -83.390718, 33.680786 ], [ -83.388583, 33.678679 ], [ -83.38853, 33.676183 ], [ -83.387355, 33.673275 ], [ -83.38333, 33.670137 ], [ -83.38317, 33.665604 ], [ -83.381158, 33.662608 ], [ -83.374883, 33.656646 ], [ -83.372734, 33.656507 ], [ -83.372664, 33.656524 ], [ -83.371614, 33.65653 ], [ -83.369083, 33.653014 ], [ -83.369244, 33.65296 ], [ -83.370584, 33.65083 ], [ -83.36727, 33.648634 ], [ -83.36727, 33.648244 ], [ -83.368912, 33.647854 ], [ -83.365543, 33.644467 ], [ -83.362748, 33.639706 ], [ -83.363157, 33.636111 ], [ -83.36206, 33.63238 ], [ -83.361012, 33.630671 ], [ -83.359785, 33.62558 ], [ -83.359953, 33.623948 ], [ -83.358693, 33.620743 ], [ -83.351849, 33.617036 ], [ -83.349658, 33.613992 ], [ -83.348424, 33.609321 ], [ -83.348276, 33.609081 ], [ -83.348149, 33.608875 ], [ -83.34913, 33.597277 ], [ -83.343876, 33.595974 ], [ -83.34114, 33.596524 ], [ -83.33865, 33.594419 ], [ -83.337746, 33.590619 ], [ -83.336432, 33.588192 ], [ -83.331452, 33.584209 ], [ -83.326499, 33.583706 ], [ -83.317142, 33.573312 ], [ -83.31717, 33.571938 ], [ -83.317771, 33.570976 ], [ -83.317552, 33.570312 ], [ -83.311234, 33.563077 ], [ -83.310277, 33.5631 ], [ -83.309429, 33.564245 ], [ -83.308499, 33.564565 ], [ -83.303303, 33.563123 ], [ -83.302018, 33.555797 ], [ -83.298272, 33.553529 ], [ -83.294826, 33.55188 ], [ -83.294321, 33.551279 ], [ -83.291327, 33.546751 ], [ -83.288675, 33.543911 ], [ -83.286871, 33.542949 ], [ -83.281676, 33.542925 ], [ -83.278174, 33.544687 ], [ -83.277709, 33.544184 ], [ -83.277432, 33.543629 ], [ -83.273473, 33.540542 ], [ -83.269766, 33.534696 ], [ -83.269612, 33.534343 ], [ -83.269514, 33.534046 ], [ -83.269295, 33.533321 ], [ -83.269813, 33.531954 ], [ -83.276322, 33.529002 ], [ -83.277498, 33.528041 ], [ -83.280479, 33.523508 ], [ -83.281218, 33.521836 ], [ -83.280508, 33.519685 ], [ -83.280427, 33.516799 ], [ -83.281385, 33.514006 ], [ -83.283654, 33.510435 ], [ -83.284175, 33.50803 ], [ -83.283875, 33.505397 ], [ -83.282449, 33.502306 ], [ -83.279623, 33.499417 ], [ -83.276845, 33.494198 ], [ -83.27729, 33.491835 ], [ -83.279517, 33.488975 ], [ -83.280165, 33.487413 ], [ -83.279886, 33.483449 ], [ -83.281386, 33.483182 ], [ -83.296375, 33.480477 ], [ -83.299785, 33.479863 ], [ -83.306033, 33.478724 ], [ -83.319266, 33.476353 ], [ -83.328271, 33.474762 ], [ -83.332617, 33.473995 ], [ -83.367233, 33.467634 ], [ -83.391022, 33.463366 ], [ -83.463374, 33.448682 ], [ -83.50885, 33.439456 ], [ -83.533736, 33.434473 ], [ -83.586687, 33.465503 ], [ -83.593052, 33.469634 ], [ -83.653252, 33.507855 ], [ -83.682196, 33.52622 ], [ -83.683647, 33.522238 ], [ -83.686664, 33.51396 ], [ -83.688009, 33.510818 ], [ -83.68551, 33.508334 ], [ -83.685537, 33.508217 ], [ -83.686276, 33.506137 ], [ -83.684134, 33.500553 ], [ -83.682962, 33.494467 ], [ -83.68201, 33.493586 ], [ -83.674794, 33.487369 ], [ -83.678496, 33.483556 ], [ -83.679067, 33.483881 ], [ -83.685051, 33.482599 ], [ -83.687592, 33.483172 ], [ -83.689095, 33.484202 ], [ -83.689231, 33.48585 ], [ -83.696992, 33.494547 ], [ -83.7012, 33.498301 ], [ -83.703277, 33.498209 ], [ -83.705321, 33.500686 ], [ -83.706032, 33.50012 ], [ -83.712281, 33.495096 ], [ -83.709511, 33.492183 ], [ -83.704743, 33.488518 ], [ -83.736845, 33.48092 ], [ -83.742067, 33.476638 ], [ -83.753585, 33.467196 ], [ -83.768325, 33.454958 ], [ -83.769445, 33.454668 ], [ -83.769954, 33.454418 ], [ -83.77113, 33.452613 ], [ -83.775808, 33.451215 ], [ -83.778583, 33.450385 ], [ -83.790775, 33.446791 ], [ -83.807375, 33.44083 ], [ -83.808385, 33.436337 ], [ -83.812196, 33.434658 ], [ -83.816347, 33.436779 ], [ -83.823354, 33.43798 ], [ -83.8251, 33.437459 ], [ -83.825106, 33.436611 ], [ -83.823911, 33.435259 ], [ -83.823741, 33.433339 ], [ -83.828477, 33.426007 ], [ -83.83065, 33.421588 ], [ -83.830563, 33.418707 ], [ -83.828371, 33.415041 ], [ -83.845249, 33.414383 ], [ -83.845133, 33.407734 ], [ -83.836908, 33.40791 ], [ -83.836984, 33.405093 ], [ -83.843923, 33.404986 ], [ -83.841528, 33.400893 ], [ -83.832029, 33.392747 ], [ -83.838167, 33.389824 ], [ -83.846554, 33.379585 ], [ -83.84802, 33.376459 ], [ -83.847315, 33.37512 ], [ -83.847867, 33.374446 ], [ -83.860463, 33.36892 ], [ -83.863227, 33.368347 ], [ -83.86437, 33.370603 ], [ -83.866742, 33.372511 ], [ -83.864884, 33.37512 ], [ -83.864421, 33.376767 ], [ -83.865433, 33.377902 ], [ -83.870881, 33.377281 ], [ -83.873851, 33.37845 ], [ -83.874905, 33.37945 ], [ -83.877729, 33.384576 ], [ -83.878197, 33.388631 ], [ -83.879128, 33.389743 ], [ -83.880881, 33.39047 ], [ -83.886047, 33.391657 ], [ -83.891344, 33.393508 ], [ -83.893965, 33.395113 ], [ -83.894977, 33.396243 ], [ -83.895968, 33.399886 ], [ -83.896165, 33.403627 ], [ -83.895376, 33.406914 ], [ -83.895767, 33.408013 ], [ -83.897224, 33.409463 ], [ -83.906574, 33.415206 ], [ -83.912269, 33.417954 ], [ -83.91069, 33.425497 ], [ -83.916145, 33.433815 ], [ -83.924591, 33.444617 ], [ -83.924907, 33.446459 ], [ -83.923518, 33.45126 ], [ -83.932004, 33.454594 ], [ -83.935596, 33.461823 ], [ -83.938024, 33.468326 ], [ -83.941097, 33.470555 ], [ -83.94462, 33.47165 ], [ -83.947903, 33.476953 ], [ -83.947504, 33.480773 ], [ -83.946805, 33.48214 ], [ -83.946889, 33.482585 ], [ -83.94708, 33.483455 ], [ -83.948282, 33.484691 ], [ -83.949867, 33.485629 ], [ -83.950714, 33.485652 ], [ -83.955194, 33.483774 ], [ -83.958126, 33.484472 ], [ -83.963253, 33.486267 ], [ -83.975217, 33.487727 ], [ -83.981255, 33.48713 ], [ -83.986828, 33.489576 ], [ -83.987731, 33.491247 ], [ -83.989371, 33.492551 ], [ -83.996311, 33.494172 ], [ -84.000723, 33.494468 ], [ -84.01157, 33.492139 ], [ -84.012935, 33.493307 ], [ -84.014617, 33.496855 ], [ -84.015855, 33.498047 ], [ -84.016921, 33.498047 ], [ -84.023451, 33.496379 ], [ -84.029327, 33.493039 ], [ -84.03356, 33.494894 ], [ -84.035499, 33.495695 ], [ -84.03692, 33.495581 ], [ -84.03681, 33.497023 ], [ -84.031401, 33.49796 ], [ -84.029897, 33.500113 ], [ -84.030013, 33.500113 ], [ -84.035611, 33.509133 ], [ -84.03949, 33.509958 ], [ -84.042059, 33.509432 ], [ -84.042769, 33.50989 ], [ -84.043233, 33.511469 ], [ -84.042932, 33.514468 ], [ -84.04151, 33.517649 ], [ -84.041565, 33.518405 ], [ -84.04304, 33.520053 ], [ -84.044761, 33.520053 ], [ -84.050611, 33.516552 ], [ -84.050583, 33.515453 ], [ -84.048124, 33.513027 ], [ -84.04796, 33.512088 ], [ -84.048753, 33.511218 ], [ -84.05124, 33.511287 ], [ -84.053863, 33.514561 ], [ -84.055037, 33.5182 ], [ -84.054518, 33.519734 ], [ -84.052031, 33.52058 ], [ -84.044636, 33.524915 ], [ -84.044144, 33.526365 ], [ -84.044596, 33.528408 ], [ -84.046536, 33.53056 ], [ -84.052932, 33.526463 ], [ -84.054626, 33.526051 ], [ -84.056403, 33.527013 ], [ -84.055664, 33.530423 ], [ -84.054107, 33.530744 ], [ -84.052084, 33.530102 ], [ -84.050718, 33.530537 ], [ -84.050663, 33.53397 ], [ -84.051346, 33.535732 ], [ -84.050826, 33.537037 ], [ -84.048612, 33.539165 ], [ -84.050142, 33.541866 ], [ -84.052602, 33.542645 ], [ -84.055882, 33.542027 ], [ -84.057549, 33.540013 ], [ -84.059381, 33.540379 ], [ -84.062004, 33.54308 ], [ -84.063344, 33.545232 ], [ -84.068729, 33.547132 ], [ -84.069549, 33.546949 ], [ -84.072365, 33.547773 ], [ -84.077286, 33.551137 ], [ -84.080786, 33.554708 ], [ -84.082809, 33.555714 ], [ -84.087565, 33.55521 ], [ -84.089397, 33.554134 ], [ -84.090652, 33.555628 ], [ -84.101883, 33.562385 ], [ -84.103945, 33.563514 ], [ -84.106598, 33.566123 ], [ -84.10854, 33.566763 ], [ -84.113707, 33.566555 ], [ -84.115566, 33.566051 ], [ -84.117587, 33.563205 ], [ -84.124916, 33.561455 ], [ -84.124916, 33.561611 ], [ -84.12702, 33.562314 ], [ -84.129416, 33.564111 ], [ -84.136216, 33.572211 ], [ -84.138416, 33.573511 ], [ -84.139616, 33.576011 ], [ -84.139616, 33.577111 ], [ -84.139216, 33.577411 ], [ -84.140016, 33.580111 ], [ -84.144817, 33.583411 ], [ -84.146617, 33.58641 ], [ -84.149617, 33.58681 ], [ -84.153717, 33.59731 ], [ -84.164717, 33.61091 ], [ -84.171418, 33.619909 ], [ -84.172018, 33.620909 ], [ -84.175818, 33.624609 ], [ -84.181418, 33.629209 ], [ -84.181018, 33.631109 ], [ -84.179418, 33.632409 ], [ -84.180118, 33.635809 ], [ -84.182518, 33.639709 ], [ -84.182961, 33.64054 ], [ -84.184518, 33.645909 ], [ -84.170218, 33.645909 ], [ -84.170218, 33.645409 ], [ -84.172218, 33.643809 ], [ -84.172218, 33.641009 ], [ -84.161017, 33.638109 ], [ -84.158417, 33.643209 ], [ -84.158717, 33.644309 ], [ -84.155117, 33.645509 ], [ -84.150517, 33.638709 ], [ -84.143317, 33.636309 ], [ -84.141117, 33.637609 ], [ -84.138217, 33.637309 ], [ -84.140317, 33.634909 ], [ -84.140417, 33.631709 ], [ -84.129116, 33.63131 ], [ -84.128216, 33.63011 ], [ -84.127816, 33.62691 ], [ -84.123816, 33.62551 ], [ -84.123816, 33.62511 ], [ -84.123888, 33.624073 ], [ -84.123176, 33.623318 ], [ -84.119044, 33.621901 ], [ -84.115513, 33.618858 ], [ -84.117127, 33.617003 ], [ -84.115818, 33.614604 ], [ -84.111678, 33.622293 ], [ -84.110842, 33.623808 ], [ -84.110124, 33.62511 ], [ -84.104315, 33.63601 ], [ -84.100015, 33.64391 ], [ -84.095815, 33.652209 ], [ -84.089815, 33.663609 ], [ -84.083915, 33.674409 ], [ -84.078114, 33.685309 ], [ -84.074414, 33.692709 ], [ -84.071614, 33.698209 ], [ -84.063014, 33.714308 ], [ -84.060314, 33.719608 ], [ -84.058614, 33.722908 ], [ -84.054314, 33.728508 ], [ -84.046314, 33.735008 ], [ -84.041213, 33.739508 ], [ -84.037113, 33.742608 ], [ -84.023713, 33.752808 ], [ -84.026413, 33.753108 ], [ -84.032413, 33.756108 ], [ -84.038213, 33.757808 ], [ -84.038413, 33.757408 ], [ -84.040313, 33.757708 ], [ -84.043213, 33.761507 ], [ -84.043313, 33.762307 ], [ -84.047213, 33.765107 ], [ -84.048613, 33.765607 ], [ -84.049613, 33.765307 ], [ -84.052114, 33.766707 ], [ -84.054814, 33.770207 ], [ -84.058214, 33.772807 ], [ -84.058414, 33.772807 ], [ -84.070514, 33.774807 ], [ -84.075914, 33.777507 ], [ -84.085714, 33.788206 ], [ -84.091315, 33.792506 ], [ -84.093315, 33.795106 ], [ -84.097115, 33.798206 ], [ -84.100815, 33.800806 ], [ -84.103215, 33.801306 ], [ -84.104972, 33.80313 ], [ -84.113415, 33.807505 ], [ -84.121786, 33.818068 ], [ -84.122684, 33.818797 ], [ -84.122816, 33.818905 ], [ -84.126216, 33.823005 ], [ -84.132716, 33.830505 ], [ -84.134016, 33.834105 ], [ -84.138016, 33.837304 ], [ -84.139916, 33.838404 ], [ -84.147816, 33.843204 ], [ -84.156617, 33.852304 ], [ -84.157817, 33.853204 ], [ -84.160217, 33.853804 ], [ -84.163517, 33.855004 ], [ -84.16823, 33.85691 ], [ -84.168977, 33.856996 ], [ -84.169917, 33.857104 ], [ -84.172118, 33.857503 ], [ -84.173018, 33.858003 ], [ -84.173893, 33.858878 ], [ -84.175818, 33.860803 ], [ -84.181561, 33.865046 ], [ -84.186318, 33.866103 ], [ -84.190518, 33.867203 ], [ -84.192918, 33.868803 ], [ -84.194819, 33.870003 ], [ -84.197519, 33.872003 ], [ -84.197819, 33.872003 ], [ -84.200919, 33.871903 ], [ -84.203519, 33.873003 ], [ -84.204719, 33.877003 ], [ -84.206319, 33.878003 ], [ -84.207037, 33.878362 ], [ -84.206419, 33.878796 ], [ -84.206319, 33.878803 ], [ -84.203019, 33.878703 ], [ -84.199419, 33.879503 ], [ -84.198819, 33.881703 ], [ -84.195719, 33.882503 ], [ -84.189818, 33.879403 ], [ -84.179018, 33.883003 ], [ -84.172417, 33.888703 ], [ -84.174117, 33.889203 ], [ -84.181918, 33.892603 ], [ -84.181024, 33.893994 ], [ -84.177818, 33.893703 ], [ -84.177518, 33.894103 ], [ -84.177418, 33.896603 ], [ -84.176918, 33.897502 ], [ -84.171517, 33.900002 ], [ -84.163208, 33.896367 ], [ -84.162617, 33.895703 ], [ -84.162159, 33.896659 ], [ -84.160317, 33.900503 ], [ -84.153916, 33.904703 ], [ -84.147926, 33.90514 ], [ -84.144639, 33.906572 ], [ -84.141416, 33.908103 ], [ -84.132815, 33.912403 ], [ -84.135815, 33.914703 ], [ -84.138815, 33.921002 ], [ -84.135515, 33.919602 ], [ -84.131215, 33.919502 ], [ -84.127115, 33.922502 ], [ -84.123014, 33.922403 ], [ -84.127559, 33.929632 ], [ -84.137215, 33.937802 ], [ -84.140415, 33.939902 ], [ -84.142815, 33.943202 ], [ -84.145515, 33.944902 ], [ -84.130014, 33.952502 ], [ -84.122714, 33.956002 ], [ -84.112713, 33.960002 ], [ -84.100013, 33.964302 ], [ -84.092912, 33.964002 ], [ -84.087324, 33.963603 ], [ -84.078011, 33.962402 ], [ -84.05701, 33.960102 ], [ -84.042709, 33.958902 ], [ -84.038309, 33.958903 ], [ -84.024208, 33.962803 ], [ -84.018708, 33.965803 ], [ -84.018432, 33.966125 ], [ -84.017508, 33.967203 ], [ -84.016892, 33.967049 ], [ -84.016708, 33.967003 ], [ -84.01145, 33.966133 ], [ -84.008507, 33.965203 ], [ -84.007207, 33.963403 ], [ -84.005407, 33.961303 ], [ -84.004892, 33.960827 ], [ -84.004407, 33.960403 ], [ -84.003607, 33.959603 ], [ -83.994807, 33.956903 ], [ -83.991207, 33.957203 ], [ -83.988406, 33.957303 ], [ -83.986906, 33.957403 ], [ -83.986806, 33.956503 ], [ -83.985806, 33.956503 ], [ -83.981206, 33.951704 ], [ -83.979306, 33.956804 ], [ -83.977106, 33.957204 ], [ -83.975049, 33.95786 ], [ -83.971341, 33.962407 ], [ -83.967605, 33.964304 ], [ -83.966481, 33.964813 ], [ -83.963941, 33.965963 ], [ -83.962436, 33.966644 ], [ -83.955304, 33.969004 ], [ -83.947643, 33.972608 ], [ -83.945004, 33.976304 ], [ -83.947078, 33.98026 ], [ -83.949704, 33.983104 ], [ -83.953504, 33.984704 ], [ -83.953517, 33.992458 ], [ -83.952342, 33.996204 ], [ -83.953404, 33.999203 ], [ -83.959579, 34.007709 ], [ -83.961668, 34.00764 ], [ -83.96546, 34.007113 ], [ -83.969392, 34.011735 ], [ -83.971175, 34.012947 ], [ -83.972994, 34.015578 ], [ -83.97283, 34.017386 ], [ -83.974921, 34.020544 ], [ -83.982883, 34.020779 ], [ -83.986436, 34.019121 ], [ -83.990811, 34.024909 ], [ -83.993009, 34.023764 ], [ -83.996637, 34.023739 ], [ -83.999906, 34.021815 ], [ -84.000376, 34.021999 ], [ -84.001041, 34.021494 ], [ -84.002435, 34.020306 ], [ -84.002602, 34.017811 ], [ -84.005738, 34.013304 ], [ -84.008982, 34.01136 ], [ -84.014818, 34.016756 ], [ -84.015247, 34.014865 ], [ -84.023441, 34.006216 ], [ -84.0262, 34.005567 ], [ -84.026933, 34.005325 ], [ -84.027174, 34.006889 ], [ -84.025282, 34.00759 ], [ -84.02454, 34.008665 ], [ -84.024304, 34.014125 ], [ -84.024049, 34.016909 ], [ -84.023243, 34.018368 ], [ -84.023517, 34.020474 ], [ -84.023077, 34.021366 ], [ -84.021675, 34.022304 ], [ -84.021855, 34.026313 ], [ -84.020674, 34.02765 ], [ -84.020468, 34.02882 ], [ -84.020909, 34.031819 ], [ -84.023812, 34.035717 ], [ -84.02571, 34.035168 ], [ -84.027571, 34.035378 ], [ -84.030493, 34.036497 ], [ -84.031922, 34.036887 ], [ -84.032857, 34.036864 ], [ -84.037047, 34.035866 ], [ -84.042916, 34.03292 ], [ -84.04457, 34.031877 ], [ -84.044901, 34.030023 ], [ -84.044406, 34.028032 ], [ -84.045588, 34.026956 ], [ -84.048474, 34.030138 ], [ -84.046824, 34.031511 ], [ -84.046742, 34.031671 ], [ -84.040075, 34.036785 ], [ -84.035687, 34.040367 ], [ -84.03434, 34.041488 ], [ -84.029732, 34.044768 ], [ -84.020726, 34.050112 ], [ -84.008074, 34.054776 ], [ -84.000349, 34.056397 ], [ -83.993252, 34.057086 ], [ -83.99273, 34.058323 ], [ -83.996251, 34.060426 ], [ -83.999906, 34.060264 ], [ -84.001883, 34.061066 ], [ -84.006198, 34.064067 ], [ -84.008864, 34.066563 ], [ -84.010706, 34.067182 ], [ -84.01879, 34.069657 ], [ -84.023598, 34.071785 ], [ -84.026929, 34.074214 ], [ -84.030785, 34.07809 ], [ -84.039142, 34.08177 ], [ -84.041479, 34.082473 ], [ -84.044665, 34.084075 ], [ -84.045186, 34.083743 ], [ -84.047392, 34.082774 ], [ -84.047832, 34.082651 ], [ -84.048279, 34.082597 ], [ -84.050966, 34.081795 ], [ -84.054533, 34.081031 ], [ -84.056501, 34.080326 ], [ -84.057951, 34.080195 ], [ -84.056934, 34.080947 ], [ -84.05523, 34.082004 ], [ -84.047272, 34.088173 ], [ -84.033015, 34.103403 ], [ -84.033148, 34.103599 ], [ -84.036587, 34.105463 ], [ -84.037592, 34.104731 ], [ -84.038075, 34.106 ], [ -84.037037, 34.107838 ], [ -84.037727, 34.108899 ], [ -84.039563, 34.108279 ], [ -84.041128, 34.110919 ], [ -84.04134, 34.110896 ], [ -84.042809, 34.110888 ], [ -84.049119, 34.112833 ], [ -84.049823, 34.111143 ], [ -84.050655, 34.11113 ], [ -84.051695, 34.111157 ], [ -84.053967, 34.111377 ], [ -84.05512, 34.111488 ], [ -84.058054, 34.111768 ], [ -84.064759, 34.112321 ], [ -84.069961, 34.112306 ], [ -84.073523, 34.113632 ], [ -84.074558, 34.11508 ], [ -84.077023, 34.118519 ], [ -84.079193, 34.120817 ], [ -84.080256, 34.121598 ], [ -84.080921, 34.122262 ], [ -84.084396, 34.12357 ], [ -84.084603, 34.123962 ], [ -84.086656, 34.12415 ], [ -84.089293, 34.124457 ], [ -84.08947, 34.124487 ], [ -84.090697, 34.124699 ], [ -84.093412, 34.126643 ], [ -84.093333, 34.128644 ], [ -84.094842, 34.1315 ], [ -84.094731, 34.132282 ], [ -84.090945, 34.135315 ], [ -84.088913, 34.13864 ], [ -84.085949, 34.142085 ], [ -84.085339, 34.144027 ], [ -84.08652, 34.146358 ], [ -84.086074, 34.148437 ], [ -84.079288, 34.156172 ], [ -84.074833, 34.158937 ], [ -84.073735, 34.160898 ], [ -84.07331, 34.162299 ], [ -84.07211, 34.163499 ], [ -84.06961, 34.164499 ], [ -84.06621, 34.164699 ], [ -84.063009, 34.167899 ], [ -84.0429, 34.160792 ], [ -83.995052, 34.143743 ], [ -83.994785, 34.143648 ], [ -83.992913, 34.14298 ], [ -83.992013, 34.142721 ], [ -83.990969, 34.14295 ], [ -83.990616, 34.142221 ], [ -83.990131, 34.142047 ], [ -83.988508, 34.141466 ], [ -83.987815, 34.141268 ], [ -83.981277, 34.138921 ], [ -83.980227, 34.138544 ], [ -83.979477, 34.138275 ], [ -83.973535, 34.136141 ], [ -83.969567, 34.134716 ], [ -83.96159, 34.131852 ], [ -83.960524, 34.131469 ], [ -83.959597, 34.131136 ], [ -83.949822, 34.127627 ], [ -83.935591, 34.122676 ], [ -83.914597, 34.11509 ], [ -83.868029, 34.098281 ], [ -83.867619, 34.098532 ], [ -83.851063, 34.108147 ], [ -83.842683, 34.113038 ], [ -83.819578, 34.126575 ], [ -83.817694, 34.127532 ], [ -83.79701, 34.145082 ], [ -83.773789, 34.16479 ], [ -83.75578, 34.180078 ], [ -83.747798, 34.186807 ], [ -83.729873, 34.202067 ], [ -83.696423, 34.230544 ], [ -83.688839, 34.237002 ], [ -83.68767, 34.237998 ], [ -83.686435, 34.23905 ], [ -83.683612, 34.241454 ], [ -83.659973, 34.261454 ], [ -83.620115, 34.295276 ], [ -83.621275, 34.296466 ], [ -83.624086, 34.300278 ], [ -83.625423, 34.301575 ], [ -83.625076, 34.306094 ], [ -83.631663, 34.306543 ], [ -83.638291, 34.310276 ], [ -83.643891, 34.314772 ], [ -83.644358, 34.315223 ], [ -83.644469, 34.316516 ], [ -83.649007, 34.321065 ], [ -83.649257, 34.327542 ], [ -83.647663, 34.333728 ], [ -83.649406, 34.340613 ], [ -83.650253, 34.341769 ], [ -83.651522, 34.343494 ], [ -83.65149, 34.34696 ], [ -83.65124, 34.347633 ], [ -83.651792, 34.349394 ], [ -83.657069, 34.354896 ], [ -83.659224, 34.356045 ], [ -83.660839, 34.355936 ], [ -83.66315, 34.356737 ], [ -83.669752, 34.365967 ], [ -83.669123, 34.367167 ], [ -83.668792, 34.367352 ], [ -83.666073, 34.368476 ], [ -83.660933, 34.37789 ], [ -83.659995, 34.382748 ], [ -83.660259, 34.386653 ], [ -83.658578, 34.392111 ], [ -83.658696, 34.392128 ], [ -83.658356, 34.392655 ], [ -83.658833, 34.392906 ], [ -83.656586, 34.397891 ], [ -83.652098, 34.402855 ], [ -83.646584, 34.405393 ], [ -83.645183, 34.406845 ], [ -83.645418, 34.406846 ], [ -83.644311, 34.41179 ], [ -83.644807, 34.413255 ], [ -83.642679, 34.415474 ], [ -83.638646, 34.416869 ], [ -83.636289, 34.415988 ], [ -83.632603, 34.416886 ], [ -83.632763, 34.417004 ], [ -83.630359, 34.418331 ], [ -83.625658, 34.419666 ], [ -83.625694, 34.419456 ], [ -83.625134, 34.418915 ], [ -83.623297, 34.419143 ], [ -83.618867, 34.427146 ], [ -83.614863, 34.43119 ], [ -83.608932, 34.435344 ], [ -83.608183, 34.437118 ], [ -83.609091, 34.438229 ], [ -83.608989, 34.44128 ], [ -83.607355, 34.44398 ], [ -83.604064, 34.44574 ], [ -83.594328, 34.448977 ], [ -83.59442, 34.449537 ], [ -83.591851, 34.451003 ], [ -83.585275, 34.453362 ], [ -83.583452, 34.45556 ], [ -83.579303, 34.461836 ], [ -83.578894, 34.461562 ], [ -83.575765, 34.465419 ], [ -83.5694, 34.47015 ], [ -83.568404, 34.470697 ], [ -83.566939, 34.472096 ], [ -83.561857, 34.477776 ], [ -83.55661, 34.481418 ], [ -83.552187, 34.485708 ], [ -83.550583, 34.485788 ], [ -83.548848, 34.485884 ], [ -83.544843, 34.486099 ], [ -83.541372, 34.488378 ], [ -83.540806, 34.488685 ], [ -83.539203, 34.490104 ], [ -83.537378, 34.491592 ], [ -83.537154, 34.491819 ], [ -83.524545, 34.490024 ], [ -83.51833, 34.489301 ], [ -83.50354, 34.487403 ], [ -83.503043, 34.48744 ], [ -83.469968, 34.48409 ], [ -83.465023, 34.48268 ], [ -83.459906, 34.481223 ], [ -83.414117, 34.468132 ], [ -83.409721, 34.464649 ], [ -83.409572, 34.464582 ], [ -83.405935, 34.463827 ], [ -83.398391, 34.460895 ], [ -83.387499, 34.464531 ], [ -83.373906, 34.470223 ], [ -83.368749, 34.47018 ], [ -83.294393, 34.472631 ], [ -83.285213, 34.473069 ], [ -83.270758, 34.473567 ], [ -83.265831, 34.473463 ], [ -83.264283, 34.473508 ], [ -83.252573, 34.474006 ], [ -83.238171, 34.474814 ], [ -83.224655, 34.475352 ], [ -83.209638, 34.47596 ], [ -83.189609, 34.476617 ], [ -83.18304, 34.47684 ], [ -83.176416, 34.478163 ], [ -83.17779, 34.479893 ], [ -83.176431, 34.480066 ], [ -83.174445, 34.480571 ], [ -83.173196, 34.48089 ], [ -83.160519, 34.491319 ], [ -83.142094, 34.506057 ], [ -83.127475, 34.517872 ], [ -83.125356, 34.519607 ] ] ] } },
{ "type": "Feature", "properties": { "DISTRICT": "3", "STARTCONG": "105", "ENDCONG": "107", "ST": "14", "STA": "GA", "ELECT_YEAR": "1996-2000", "TYPE": "US Cong" }, "geometry": { "type": "Polygon", "coordinates": [ [ [ -84.350224, 33.647908 ], [ -84.336124, 33.647508 ], [ -84.329623, 33.647408 ], [ -84.327823, 33.647408 ], [ -84.327223, 33.647308 ], [ -84.323523, 33.647208 ], [ -84.296622, 33.647108 ], [ -84.282622, 33.647008 ], [ -84.281522, 33.646908 ], [ -84.266621, 33.646808 ], [ -84.262221, 33.646808 ], [ -84.255021, 33.646708 ], [ -84.254121, 33.646708 ], [ -84.243821, 33.646608 ], [ -84.243821, 33.637808 ], [ -84.243878, 33.635369 ], [ -84.244016, 33.62948 ], [ -84.237924, 33.629557 ], [ -84.231618, 33.629637 ], [ -84.230386, 33.629653 ], [ -84.22592, 33.629709 ], [ -84.225503, 33.629737 ], [ -84.225544, 33.638098 ], [ -84.22542, 33.639008 ], [ -84.22532, 33.646508 ], [ -84.187618, 33.645909 ], [ -84.184518, 33.645909 ], [ -84.182961, 33.64054 ], [ -84.182518, 33.639709 ], [ -84.180118, 33.635809 ], [ -84.179418, 33.632409 ], [ -84.181018, 33.631109 ], [ -84.181418, 33.629209 ], [ -84.175818, 33.624609 ], [ -84.172018, 33.620909 ], [ -84.171418, 33.619909 ], [ -84.164717, 33.61091 ], [ -84.153717, 33.59731 ], [ -84.149617, 33.58681 ], [ -84.146617, 33.58641 ], [ -84.144817, 33.583411 ], [ -84.140016, 33.580111 ], [ -84.139216, 33.577411 ], [ -84.139616, 33.577111 ], [ -84.139616, 33.576011 ], [ -84.138416, 33.573511 ], [ -84.136216, 33.572211 ], [ -84.129416, 33.564111 ], [ -84.12702, 33.562314 ], [ -84.124916, 33.561611 ], [ -84.124916, 33.561455 ], [ -84.117587, 33.563205 ], [ -84.115566, 33.566051 ], [ -84.113707, 33.566555 ], [ -84.10854, 33.566763 ], [ -84.106598, 33.566123 ], [ -84.103945, 33.563514 ], [ -84.101883, 33.562385 ], [ -84.090652, 33.555628 ], [ -84.089397, 33.554134 ], [ -84.087565, 33.55521 ], [ -84.082809, 33.555714 ], [ -84.080786, 33.554708 ], [ -84.077286, 33.551137 ], [ -84.072365, 33.547773 ], [ -84.069549, 33.546949 ], [ -84.068729, 33.547132 ], [ -84.063344, 33.545232 ], [ -84.062004, 33.54308 ], [ -84.059381, 33.540379 ], [ -84.057549, 33.540013 ], [ -84.055882, 33.542027 ], [ -84.052602, 33.542645 ], [ -84.050142, 33.541866 ], [ -84.048612, 33.539165 ], [ -84.050826, 33.537037 ], [ -84.051346, 33.535732 ], [ -84.050663, 33.53397 ], [ -84.050718, 33.530537 ], [ -84.052084, 33.530102 ], [ -84.054107, 33.530744 ], [ -84.055664, 33.530423 ], [ -84.056403, 33.527013 ], [ -84.054626, 33.526051 ], [ -84.052932, 33.526463 ], [ -84.046536, 33.53056 ], [ -84.044596, 33.528408 ], [ -84.044144, 33.526365 ], [ -84.044636, 33.524915 ], [ -84.052031, 33.52058 ], [ -84.054518, 33.519734 ], [ -84.055037, 33.5182 ], [ -84.053863, 33.514561 ], [ -84.05124, 33.511287 ], [ -84.048753, 33.511218 ], [ -84.04796, 33.512088 ], [ -84.048124, 33.513027 ], [ -84.050583, 33.515453 ], [ -84.050611, 33.516552 ], [ -84.044761, 33.520053 ], [ -84.04304, 33.520053 ], [ -84.041565, 33.518405 ], [ -84.04151, 33.517649 ], [ -84.042932, 33.514468 ], [ -84.043233, 33.511469 ], [ -84.042769, 33.50989 ], [ -84.042059, 33.509432 ], [ -84.03949, 33.509958 ], [ -84.035611, 33.509133 ], [ -84.030013, 33.500113 ], [ -84.029897, 33.500113 ], [ -84.031401, 33.49796 ], [ -84.03681, 33.497023 ], [ -84.03692, 33.495581 ], [ -84.035499, 33.495695 ], [ -84.03356, 33.494894 ], [ -84.029327, 33.493039 ], [ -84.023451, 33.496379 ], [ -84.016921, 33.498047 ], [ -84.015855, 33.498047 ], [ -84.014617, 33.496855 ], [ -84.012935, 33.493307 ], [ -84.01157, 33.492139 ], [ -84.000723, 33.494468 ], [ -83.996311, 33.494172 ], [ -83.989371, 33.492551 ], [ -83.987731, 33.491247 ], [ -83.986828, 33.489576 ], [ -83.981255, 33.48713 ], [ -83.975217, 33.487727 ], [ -83.963253, 33.486267 ], [ -83.958126, 33.484472 ], [ -83.955194, 33.483774 ], [ -83.950714, 33.485652 ], [ -83.949867, 33.485629 ], [ -83.948282, 33.484691 ], [ -83.94708, 33.483455 ], [ -83.946889, 33.482585 ], [ -83.946805, 33.48214 ], [ -83.947504, 33.480773 ], [ -83.947903, 33.476953 ], [ -83.94462, 33.47165 ], [ -83.941097, 33.470555 ], [ -83.938024, 33.468326 ], [ -83.935596, 33.461823 ], [ -83.932004, 33.454594 ], [ -83.923518, 33.45126 ], [ -83.941124, 33.437712 ], [ -83.956102, 33.425188 ], [ -83.972234, 33.412679 ], [ -83.983077, 33.403957 ], [ -83.983134, 33.400153 ], [ -83.98287, 33.399489 ], [ -83.978199, 33.399606 ], [ -83.973671, 33.399659 ], [ -83.973827, 33.391079 ], [ -83.982874, 33.391082 ], [ -83.982881, 33.38683 ], [ -83.991019, 33.377653 ], [ -83.991052, 33.377671 ], [ -83.996091, 33.372144 ], [ -84.009074, 33.358548 ], [ -84.029749, 33.358499 ], [ -84.033207, 33.358491 ], [ -84.033014, 33.339616 ], [ -84.033043, 33.33806 ], [ -84.033032, 33.335691 ], [ -84.033028, 33.334725 ], [ -84.042583, 33.334822 ], [ -84.042591, 33.327396 ], [ -84.042591, 33.326399 ], [ -84.042591, 33.326343 ], [ -84.053495, 33.32629 ], [ -84.053493, 33.326109 ], [ -84.053363, 33.319455 ], [ -84.053409, 33.318078 ], [ -84.063588, 33.309753 ], [ -84.063607, 33.317778 ], [ -84.073445, 33.317604 ], [ -84.073339, 33.301862 ], [ -84.080052, 33.301851 ], [ -84.102501, 33.301991 ], [ -84.102512, 33.29823 ], [ -84.096923, 33.293905 ], [ -84.092587, 33.289786 ], [ -84.092505, 33.288801 ], [ -84.09106, 33.286352 ], [ -84.088939, 33.285771 ], [ -84.102468, 33.272421 ], [ -84.108793, 33.266203 ], [ -84.114766, 33.260398 ], [ -84.120656, 33.254625 ], [ -84.122602, 33.252714 ], [ -84.12274, 33.248807 ], [ -84.118111, 33.248746 ], [ -84.118124, 33.244426 ], [ -84.123327, 33.244519 ], [ -84.123376, 33.242972 ], [ -84.123646, 33.215162 ], [ -84.123652, 33.214536 ], [ -84.123767, 33.202824 ], [ -84.12386, 33.19053 ], [ -84.123984, 33.17856 ], [ -84.127367, 33.178806 ], [ -84.133955, 33.178855 ], [ -84.143718, 33.178948 ], [ -84.181377, 33.179164 ], [ -84.183776, 33.17918 ], [ -84.188001, 33.179208 ], [ -84.190866, 33.179227 ], [ -84.193099, 33.179241 ], [ -84.198323, 33.179275 ], [ -84.201518, 33.179296 ], [ -84.206368, 33.179323 ], [ -84.206558, 33.179323 ], [ -84.207756, 33.179323 ], [ -84.210068, 33.179332 ], [ -84.216673, 33.179357 ], [ -84.224281, 33.179388 ], [ -84.22401, 33.183737 ], [ -84.227346, 33.188925 ], [ -84.235664, 33.188885 ], [ -84.248108, 33.188857 ], [ -84.247733, 33.153516 ], [ -84.24766, 33.151041 ], [ -84.247806, 33.139748 ], [ -84.247836, 33.137987 ], [ -84.247866, 33.136203 ], [ -84.247967, 33.130331 ], [ -84.248012, 33.127645 ], [ -84.248047, 33.125583 ], [ -84.247981, 33.1142 ], [ -84.24802, 33.109053 ], [ -84.248151, 33.101499 ], [ -84.248064, 33.091288 ], [ -84.248059, 33.084542 ], [ -84.248057, 33.082112 ], [ -84.248055, 33.079385 ], [ -84.2481, 33.078376 ], [ -84.248213, 33.075816 ], [ -84.248352, 33.075584 ], [ -84.248134, 33.075378 ], [ -84.248197, 33.065656 ], [ -84.248181, 33.063429 ], [ -84.248344, 33.063131 ], [ -84.248263, 33.062994 ], [ -84.248402, 33.056535 ], [ -84.248421, 33.055668 ], [ -84.24866, 33.039331 ], [ -84.249919, 33.039736 ], [ -84.258852, 33.039681 ], [ -84.259055, 33.031517 ], [ -84.269167, 33.031438 ], [ -84.27014, 32.991012 ], [ -84.274145, 32.991109 ], [ -84.289298, 32.991329 ], [ -84.292393, 32.996549 ], [ -84.293044, 32.999691 ], [ -84.298665, 32.999672 ], [ -84.298723, 32.991471 ], [ -84.319316, 32.99179 ], [ -84.35818, 32.992063 ], [ -84.362744, 32.992109 ], [ -84.369301, 32.992175 ], [ -84.401997, 32.992564 ], [ -84.414817, 32.992724 ], [ -84.418435, 32.992772 ], [ -84.490125, 32.993734 ], [ -84.494852, 32.988396 ], [ -84.495421, 32.987022 ], [ -84.495339, 32.985144 ], [ -84.497891, 32.982991 ], [ -84.498625, 32.982716 ], [ -84.499923, 32.983079 ], [ -84.501486, 32.983376 ], [ -84.502002, 32.982758 ], [ -84.499411, 32.980128 ], [ -84.499923, 32.979141 ], [ -84.502822, 32.976645 ], [ -84.505486, 32.973625 ], [ -84.505813, 32.972549 ], [ -84.508611, 32.971611 ], [ -84.516337, 32.970424 ], [ -84.524313, 32.968618 ], [ -84.526784, 32.969466 ], [ -84.527028, 32.970222 ], [ -84.52702, 32.970548 ], [ -84.530291, 32.970622 ], [ -84.531482, 32.97015 ], [ -84.53257, 32.968975 ], [ -84.53443, 32.964187 ], [ -84.533403, 32.961551 ], [ -84.532252, 32.960763 ], [ -84.527167, 32.961365 ], [ -84.525235, 32.961054 ], [ -84.524073, 32.960347 ], [ -84.522965, 32.959196 ], [ -84.519335, 32.95238 ], [ -84.518959, 32.950849 ], [ -84.518752, 32.948302 ], [ -84.519281, 32.946263 ], [ -84.520441, 32.942882 ], [ -84.522185, 32.940614 ], [ -84.522915, 32.937907 ], [ -84.522392, 32.93308 ], [ -84.523102, 32.932182 ], [ -84.525922, 32.93062 ], [ -84.527987, 32.927903 ], [ -84.527712, 32.925396 ], [ -84.5254, 32.923263 ], [ -84.524213, 32.919389 ], [ -84.524489, 32.917057 ], [ -84.526531, 32.915783 ], [ -84.527008, 32.915144 ], [ -84.52692, 32.914093 ], [ -84.526036, 32.913284 ], [ -84.523312, 32.913134 ], [ -84.517149, 32.915025 ], [ -84.513769, 32.914109 ], [ -84.511984, 32.913031 ], [ -84.508164, 32.903369 ], [ -84.507945, 32.898003 ], [ -84.509688, 32.884538 ], [ -84.508431, 32.88265 ], [ -84.506888, 32.881789 ], [ -84.503347, 32.881692 ], [ -84.499472, 32.883332 ], [ -84.497646, 32.883561 ], [ -84.490401, 32.88099 ], [ -84.486686, 32.879139 ], [ -84.48304, 32.878136 ], [ -84.477262, 32.877586 ], [ -84.475114, 32.875131 ], [ -84.475304, 32.872463 ], [ -84.477191, 32.870515 ], [ -84.484898, 32.866019 ], [ -84.489152, 32.862303 ], [ -84.490277, 32.860312 ], [ -84.490086, 32.856899 ], [ -84.489509, 32.855875 ], [ -84.483057, 32.852253 ], [ -84.480868, 32.852087 ], [ -84.479294, 32.854382 ], [ -84.476452, 32.856065 ], [ -84.46731, 32.853006 ], [ -84.459698, 32.843015 ], [ -84.458794, 32.841249 ], [ -84.458222, 32.83924 ], [ -84.457287, 32.829881 ], [ -84.456641, 32.828662 ], [ -84.448362, 32.825025 ], [ -84.442729, 32.825208 ], [ -84.441071, 32.826581 ], [ -84.435571, 32.834124 ], [ -84.434179, 32.838063 ], [ -84.432519, 32.838652 ], [ -84.424586, 32.838596 ], [ -84.421173, 32.838806 ], [ -84.414908, 32.83453 ], [ -84.410185, 32.827305 ], [ -84.408672, 32.82357 ], [ -84.408623, 32.821953 ], [ -84.406551, 32.819778 ], [ -84.402695, 32.817371 ], [ -84.401758, 32.816047 ], [ -84.402008, 32.811806 ], [ -84.398711, 32.80867 ], [ -84.396873, 32.805838 ], [ -84.392318, 32.79462 ], [ -84.391017, 32.786956 ], [ -84.382542, 32.780281 ], [ -84.374918, 32.777262 ], [ -84.369695, 32.776176 ], [ -84.364064, 32.778253 ], [ -84.363036, 32.778173 ], [ -84.359378, 32.774803 ], [ -84.35629, 32.773505 ], [ -84.354845, 32.773851 ], [ -84.35439, 32.775133 ], [ -84.357402, 32.781743 ], [ -84.357212, 32.782585 ], [ -84.356422, 32.783316 ], [ -84.35436, 32.783672 ], [ -84.350255, 32.782367 ], [ -84.344468, 32.775205 ], [ -84.34395, 32.772065 ], [ -84.341997, 32.768767 ], [ -84.339746, 32.76273 ], [ -84.339097, 32.761755 ], [ -84.336126, 32.759704 ], [ -84.332335, 32.759588 ], [ -84.328803, 32.762106 ], [ -84.325116, 32.762382 ], [ -84.323832, 32.761863 ], [ -84.316149, 32.755536 ], [ -84.313226, 32.755986 ], [ -84.309449, 32.759016 ], [ -84.303734, 32.76118 ], [ -84.301393, 32.761338 ], [ -84.300709, 32.760897 ], [ -84.300747, 32.757934 ], [ -84.299697, 32.756022 ], [ -84.297324, 32.75476 ], [ -84.294054, 32.754618 ], [ -84.290366, 32.75361 ], [ -84.287536, 32.750137 ], [ -84.286516, 32.747509 ], [ -84.287594, 32.74732 ], [ -84.289085, 32.742784 ], [ -84.288796, 32.735869 ], [ -84.289863, 32.735787 ], [ -84.293228, 32.733914 ], [ -84.298274, 32.734268 ], [ -84.303909, 32.733834 ], [ -84.31125, 32.729186 ], [ -84.31385, 32.725981 ], [ -84.321109, 32.722913 ], [ -84.322301, 32.721288 ], [ -84.337935, 32.720859 ], [ -84.338755, 32.684736 ], [ -84.338885, 32.679044 ], [ -84.364251, 32.679365 ], [ -84.373849, 32.646681 ], [ -84.371279, 32.647369 ], [ -84.372304, 32.642858 ], [ -84.37503, 32.636945 ], [ -84.377106, 32.634519 ], [ -84.390825, 32.62227 ], [ -84.391425, 32.619337 ], [ -84.392342, 32.619477 ], [ -84.399297, 32.615885 ], [ -84.400028, 32.614191 ], [ -84.400759, 32.613618 ], [ -84.408381, 32.61048 ], [ -84.408682, 32.580307 ], [ -84.408763, 32.572214 ], [ -84.40877, 32.57149 ], [ -84.408866, 32.561924 ], [ -84.437338, 32.562313 ], [ -84.444353, 32.562083 ], [ -84.471092, 32.562019 ], [ -84.492065, 32.561956 ], [ -84.491784, 32.548319 ], [ -84.50466, 32.548216 ], [ -84.504817, 32.541823 ], [ -84.526845, 32.54251 ], [ -84.532612, 32.542691 ], [ -84.532483, 32.549825 ], [ -84.536105, 32.549907 ], [ -84.541335, 32.549921 ], [ -84.542072, 32.549755 ], [ -84.542218, 32.542573 ], [ -84.550957, 32.542719 ], [ -84.550888, 32.549281 ], [ -84.55128, 32.549081 ], [ -84.553826, 32.548732 ], [ -84.560342, 32.544955 ], [ -84.565344, 32.540901 ], [ -84.565993, 32.540054 ], [ -84.566695, 32.536528 ], [ -84.565479, 32.535131 ], [ -84.561251, 32.535031 ], [ -84.561404, 32.528057 ], [ -84.570046, 32.528194 ], [ -84.570508, 32.528202 ], [ -84.572858, 32.525903 ], [ -84.573912, 32.525491 ], [ -84.585344, 32.522764 ], [ -84.595508, 32.523586 ], [ -84.597978, 32.524872 ], [ -84.602017, 32.529231 ], [ -84.603323, 32.532904 ], [ -84.603458, 32.532972 ], [ -84.604394, 32.533801 ], [ -84.605135, 32.535147 ], [ -84.60819, 32.535284 ], [ -84.610866, 32.534825 ], [ -84.618649, 32.530997 ], [ -84.624924, 32.53113 ], [ -84.631066, 32.531749 ], [ -84.632282, 32.532253 ], [ -84.635199, 32.534774 ], [ -84.637323, 32.534856 ], [ -84.648977, 32.534956 ], [ -84.658017, 32.528759 ], [ -84.661721, 32.529149 ], [ -84.665857, 32.527638 ], [ -84.67221, 32.522189 ], [ -84.678157, 32.518915 ], [ -84.69451, 32.518732 ], [ -84.701808, 32.518777 ], [ -84.707996, 32.515799 ], [ -84.713482, 32.51163 ], [ -84.71359, 32.51092 ], [ -84.714806, 32.50966 ], [ -84.724534, 32.503978 ], [ -84.72429, 32.502352 ], [ -84.725424, 32.501092 ], [ -84.727207, 32.50014 ], [ -84.730795, 32.498362 ], [ -84.729625, 32.493674 ], [ -84.731251, 32.490758 ], [ -84.733313, 32.489693 ], [ -84.734736, 32.488216 ], [ -84.733708, 32.485606 ], [ -84.734409, 32.483018 ], [ -84.734977, 32.482582 ], [ -84.735937, 32.482823 ], [ -84.736193, 32.482834 ], [ -84.735569, 32.481185 ], [ -84.737405, 32.478276 ], [ -84.740036, 32.476887 ], [ -84.740593, 32.476786 ], [ -84.741136, 32.472834 ], [ -84.741374, 32.472778 ], [ -84.742428, 32.47264 ], [ -84.743319, 32.471816 ], [ -84.74264, 32.467029 ], [ -84.743153, 32.465449 ], [ -84.746727, 32.460765 ], [ -84.746958, 32.46025 ], [ -84.744766, 32.459781 ], [ -84.744716, 32.459335 ], [ -84.74968, 32.457853 ], [ -84.749927, 32.457865 ], [ -84.75167, 32.457582 ], [ -84.756279, 32.451086 ], [ -84.756407, 32.449966 ], [ -84.754391, 32.44867 ], [ -84.754679, 32.447022 ], [ -84.760663, 32.436671 ], [ -84.762391, 32.435455 ], [ -84.764231, 32.435231 ], [ -84.766295, 32.433135 ], [ -84.766935, 32.428751 ], [ -84.770311, 32.422319 ], [ -84.771799, 32.421455 ], [ -84.772823, 32.421135 ], [ -84.777687, 32.422207 ], [ -84.778359, 32.423055 ], [ -84.777719, 32.424303 ], [ -84.778295, 32.424911 ], [ -84.782263, 32.424783 ], [ -84.781959, 32.422751 ], [ -84.785815, 32.41928 ], [ -84.790743, 32.417104 ], [ -84.790231, 32.416688 ], [ -84.790087, 32.415504 ], [ -84.792951, 32.41384 ], [ -84.796935, 32.414496 ], [ -84.799559, 32.416784 ], [ -84.801719, 32.417168 ], [ -84.805175, 32.418912 ], [ -84.80644, 32.42048 ], [ -84.805848, 32.422016 ], [ -84.807, 32.422591 ], [ -84.8078, 32.422543 ], [ -84.811352, 32.420016 ], [ -84.811512, 32.419024 ], [ -84.81068, 32.417616 ], [ -84.811352, 32.416112 ], [ -84.818952, 32.412816 ], [ -84.82452, 32.41384 ], [ -84.833304, 32.414192 ], [ -84.83412, 32.413936 ], [ -84.83436, 32.413216 ], [ -84.836392, 32.412384 ], [ -84.837784, 32.41328 ], [ -84.844664, 32.41328 ], [ -84.846648, 32.41464 ], [ -84.848664, 32.41464 ], [ -84.851048, 32.412528 ], [ -84.85196, 32.41232 ], [ -84.853208, 32.412688 ], [ -84.855064, 32.414352 ], [ -84.856328, 32.41448 ], [ -84.866216, 32.413824 ], [ -84.871929, 32.411568 ], [ -84.875129, 32.412496 ], [ -84.882201, 32.410464 ], [ -84.884081, 32.406475 ], [ -84.884217, 32.406322 ], [ -84.887737, 32.405184 ], [ -84.889273, 32.4028 ], [ -84.891577, 32.401233 ], [ -84.893113, 32.400769 ], [ -84.895081, 32.399505 ], [ -84.898057, 32.400897 ], [ -84.902121, 32.398673 ], [ -84.903721, 32.396113 ], [ -84.911097, 32.395281 ], [ -84.912278, 32.393315 ], [ -84.912348, 32.393273 ], [ -84.918281, 32.390209 ], [ -84.922553, 32.388993 ], [ -84.931465, 32.382545 ], [ -84.931769, 32.381521 ], [ -84.932729, 32.380561 ], [ -84.934873, 32.380257 ], [ -84.939193, 32.380785 ], [ -84.945129, 32.376018 ], [ -84.948826, 32.375602 ], [ -84.950266, 32.376962 ], [ -84.951706, 32.377138 ], [ -84.95705, 32.373906 ], [ -84.957706, 32.374194 ], [ -84.960218, 32.37477 ], [ -84.962618, 32.374578 ], [ -84.970138, 32.378225 ], [ -84.971962, 32.377698 ], [ -84.972154, 32.376914 ], [ -84.973162, 32.37533 ], [ -84.975226, 32.374162 ], [ -84.977274, 32.373842 ], [ -84.979646258792243, 32.374271025526269 ], [ -84.978726762053299, 32.376212187068298 ], [ -84.979329895627018, 32.379077080309536 ], [ -84.979702972340206, 32.380644000769763 ], [ -84.980083815516167, 32.382243540337583 ], [ -84.980385382303041, 32.38556078668099 ], [ -84.979957888527821, 32.386700769467943 ], [ -84.979028328840158, 32.389179593967349 ], [ -84.978167061390209, 32.390500202276961 ], [ -84.976766569172725, 32.39264762078222 ], [ -84.977520494905846, 32.396869567486291 ], [ -84.979898, 32.400097 ], [ -84.981098, 32.402833 ], [ -84.980304714284244, 32.407311471428443 ], [ -84.979431, 32.412244 ], [ -84.97183, 32.416244 ], [ -84.96343, 32.422544 ], [ -84.96303, 32.424244 ], [ -84.967031, 32.435343 ], [ -84.971831, 32.442843 ], [ -84.983831, 32.445643 ], [ -84.993531, 32.450743 ], [ -84.995331, 32.453243 ], [ -84.998031, 32.461743 ], [ -84.998072963472495, 32.463442310818877 ], [ -84.998077581723521, 32.463629326894086 ], [ -84.998107777893665, 32.464852120803691 ], [ -84.998231, 32.469842 ], [ -84.996786555555559, 32.472442 ], [ -84.995231, 32.475242 ], [ -84.995156770236747, 32.477246203607706 ], [ -84.99515674152542, 32.477246978813561 ], [ -84.994994001164542, 32.481640968557528 ], [ -84.994948530551213, 32.482868675117111 ], [ -84.994831, 32.486042 ], [ -84.995712140913625, 32.488962140850028 ], [ -84.996732, 32.492342 ], [ -84.998332, 32.494142 ], [ -84.998832, 32.497041 ], [ -84.999183373855047, 32.499606029141944 ], [ -84.999832, 32.504341 ], [ -85.000201115739486, 32.506599119818006 ], [ -85.000244687137666, 32.506865674253994 ], [ -85.000739093328519, 32.509890276833261 ], [ -85.000835531614413, 32.510480252229321 ], [ -85.001210545454697, 32.512774454546346 ], [ -85.00127329333128, 32.513158323908982 ], [ -85.001532, 32.514741 ], [ -85.002885567676771, 32.516959752188598 ], [ -85.0071, 32.523868 ], [ -85.008396, 32.524876 ], [ -85.013788, 32.526108 ], [ -85.014119777476097, 32.526489618118234 ], [ -85.015805, 32.528428 ], [ -85.016020450890622, 32.52873523141438 ], [ -85.017700647852649, 32.531131180150865 ], [ -85.01977295933132, 32.534086281356892 ], [ -85.020237, 32.534748 ], [ -85.021426113576041, 32.53823115569616 ], [ -85.022045, 32.540044 ], [ -85.022222768404447, 32.541147006974832 ], [ -85.022437271931011, 32.542477945882261 ], [ -85.02250180095794, 32.542878331805809 ], [ -85.022509, 32.542923 ], [ -85.034562480276065, 32.552991126068527 ], [ -85.035726, 32.553963 ], [ -85.056926, 32.571242 ], [ -85.067535, 32.579546 ], [ -85.074901205686388, 32.592110267122344 ], [ -85.075522138642171, 32.59316936971242 ], [ -85.076399, 32.594665 ], [ -85.076489511259808, 32.594872414848915 ], [ -85.07906687676163, 32.60077868416036 ], [ -85.080288, 32.603577 ], [ -85.080616161032935, 32.608072122482298 ], [ -85.080768, 32.610152 ], [ -85.08224, 32.616264 ], [ -85.083616, 32.6178 ], [ -85.084274384924839, 32.618077850518738 ], [ -85.08536, 32.618536 ], [ -85.08616834106796, 32.619344156393225 ], [ -85.08642642836827, 32.619602184730532 ], [ -85.087294375480852, 32.620469933550716 ], [ -85.088319145534584, 32.623031866628565 ], [ -85.088637323410396, 32.624384126454366 ], [ -85.088729053556079, 32.624773980684573 ], [ -85.088626578536577, 32.62661857273892 ], [ -85.0871918964896, 32.62846316479321 ], [ -85.087020375977659, 32.628915355645823 ], [ -85.086882622206971, 32.629278525008587 ], [ -85.086604732435262, 32.630011144165238 ], [ -85.08606464744463, 32.631435005892541 ], [ -85.086167122464119, 32.633177120941497 ], [ -85.087294375480852, 32.634406848977726 ], [ -85.088758083527239, 32.635321666063554 ], [ -85.088934011538569, 32.635431621017268 ], [ -85.092008329643249, 32.636456395042806 ], [ -85.096619808786159, 32.638198508105901 ], [ -85.098259444843876, 32.642707510243405 ], [ -85.098041896936365, 32.644665447032033 ], [ -85.097952013827751, 32.645474397331981 ], [ -85.09600494476804, 32.649983401455387 ], [ -85.094570260735196, 32.652442853556096 ], [ -85.089736, 32.655635 ], [ -85.089550805177851, 32.65594878180962 ], [ -85.089548088204822, 32.655953385268262 ], [ -85.089484841086175, 32.656060546986481 ], [ -85.088483, 32.657758 ], [ -85.093536, 32.669734 ], [ -85.102870103905573, 32.678533888454879 ], [ -85.103034458753058, 32.678688836839846 ], [ -85.104037, 32.679634 ], [ -85.111234675489058, 32.682814368239342 ], [ -85.112637, 32.683434 ], [ -85.114737, 32.685634 ], [ -85.115014383654952, 32.686405729568691 ], [ -85.115345075187847, 32.68732577092478 ], [ -85.117037, 32.692033 ], [ -85.122317805341311, 32.71398062353218 ], [ -85.122738, 32.715727 ], [ -85.121538252257309, 32.720276569729492 ], [ -85.121311225404725, 32.721137479452075 ], [ -85.121013546658475, 32.722266308592459 ], [ -85.120838, 32.722932 ], [ -85.119733066647626, 32.726439796327192 ], [ -85.119421742088306, 32.729397331377079 ], [ -85.119577404367973, 32.731576567094613 ], [ -85.119577404367973, 32.734222782109917 ], [ -85.119733066647626, 32.736090700809321 ], [ -85.120200041420702, 32.737647299474098 ], [ -85.121600983838789, 32.73935955438558 ], [ -85.124091538082695, 32.741694449366321 ], [ -85.124682493043281, 32.742078570491493 ], [ -85.127204729379329, 32.743718025820684 ], [ -85.132185837867127, 32.746519901607371 ], [ -85.132240724524991, 32.746563810891203 ], [ -85.136077334529105, 32.74963309592053 ], [ -85.138100910983454, 32.753835908092391 ], [ -85.138879210315849, 32.760062296718644 ], [ -85.138412229509825, 32.764576430433337 ], [ -85.136544309302181, 32.76940187664151 ], [ -85.135221981867261, 32.770879774847266 ], [ -85.133898098811585, 32.772359411691411 ], [ -85.133119799479189, 32.773449035583184 ], [ -85.132652818673151, 32.774694309688613 ], [ -85.13203017558746, 32.776717889159443 ], [ -85.132185837867127, 32.77889712487697 ], [ -85.133275461758842, 32.780609379788459 ], [ -85.134676398143981, 32.782165978453271 ], [ -85.139285, 32.784921 ], [ -85.143088100397748, 32.787686590034255 ], [ -85.145591246618636, 32.789506861791203 ], [ -85.146231336374868, 32.789972330925757 ], [ -85.150839524428463, 32.793323375501025 ], [ -85.151913, 32.794104 ], [ -85.152305879277947, 32.794493382406493 ], [ -85.152868880629214, 32.79505137269323 ], [ -85.153387376194914, 32.795565253323893 ], [ -85.162137, 32.804237 ], [ -85.163845985206137, 32.806409314011589 ], [ -85.167939, 32.811612 ], [ -85.167975240663168, 32.811747401286183 ], [ -85.16797634242954, 32.811751517672946 ], [ -85.167978447784336, 32.811759383636812 ], [ -85.168000045881925, 32.811840077805606 ], [ -85.168042786307041, 32.811999763308812 ], [ -85.168644, 32.814246 ], [ -85.168587380284862, 32.81692137528168 ], [ -85.168443833980476, 32.823704175823117 ], [ -85.168443626636062, 32.823713973189719 ], [ -85.168342, 32.828516 ], [ -85.1679896018248, 32.829115105540339 ], [ -85.167934690975727, 32.829208458446864 ], [ -85.165766349390367, 32.832894815382168 ], [ -85.16544037272709, 32.833449002204681 ], [ -85.165200813691499, 32.833856272036279 ], [ -85.165097138069243, 32.83403252902071 ], [ -85.164651, 32.834791 ], [ -85.164208169308665, 32.83516715046197 ], [ -85.16058, 32.838249 ], [ -85.159473684080652, 32.839734842322748 ], [ -85.159308956332183, 32.84138215492235 ], [ -85.159473684080652, 32.842535274699749 ], [ -85.15963841821366, 32.844017859550938 ], [ -85.160132614228132, 32.845500441209815 ], [ -85.160231167448828, 32.845993217817593 ], [ -85.160279713564535, 32.846235953570343 ], [ -85.160462069725071, 32.847147753809516 ], [ -85.160791537991088, 32.848465607719902 ], [ -85.161310058248333, 32.849398949810016 ], [ -85.161615189502484, 32.849948189378786 ], [ -85.163427239427406, 32.85143077103772 ], [ -85.165568744849253, 32.852089694800668 ], [ -85.167710256655639, 32.852419163066713 ], [ -85.170099, 32.852497 ], [ -85.172513559340359, 32.852977300790847 ], [ -85.174531161104497, 32.853378639331822 ], [ -85.175977015138898, 32.853666246608455 ], [ -85.177127, 32.853895 ], [ -85.178235175274821, 32.854579021935152 ], [ -85.178376965790719, 32.854666542226681 ], [ -85.178532962268235, 32.854762831157473 ], [ -85.17853447450625, 32.854763764587418 ], [ -85.178809962038429, 32.854933809452277 ], [ -85.178948577545796, 32.855019369967593 ], [ -85.179015809266872, 32.855060868792805 ], [ -85.179353, 32.855269 ], [ -85.179489776937785, 32.855432904679958 ], [ -85.18001276153548, 32.856059615765112 ], [ -85.181020039077481, 32.857266672347997 ], [ -85.184153157179296, 32.861021199449276 ], [ -85.1844, 32.861317 ], [ -85.184888, 32.863355 ], [ -85.184888423824873, 32.863446106047967 ], [ -85.184914, 32.868944 ], [ -85.184700712972372, 32.869374660013655 ], [ -85.184651189640149, 32.869474655400936 ], [ -85.184131, 32.870525 ], [ -85.174514, 32.870502 ], [ -85.166467, 32.870481 ], [ -85.163057, 32.870473 ], [ -85.16176, 32.870469 ], [ -85.161649, 32.870469 ], [ -85.136693, 32.870408 ], [ -85.121604, 32.870349 ], [ -85.11742, 32.870312 ], [ -85.108827, 32.870237 ], [ -85.108675, 32.866657 ], [ -85.101848, 32.86665 ], [ -85.099436, 32.869506 ], [ -85.099453, 32.8699 ], [ -85.054886, 32.869762 ], [ -85.049261, 32.869713 ], [ -85.034776, 32.869585 ], [ -85.033107, 32.86957 ], [ -85.025126, 32.8695 ], [ -85.000473, 32.869284 ], [ -84.987768, 32.869213 ], [ -84.963547, 32.869077 ], [ -84.919356, 32.8688 ], [ -84.91412, 32.868753 ], [ -84.88458, 32.868621 ], [ -84.861856, 32.868494 ], [ -84.861839, 32.870696 ], [ -84.861768, 32.872495 ], [ -84.861742, 32.875612 ], [ -84.861743, 32.876238 ], [ -84.861531, 32.96081 ], [ -84.864524, 32.960823 ], [ -84.864624, 32.968497 ], [ -84.864442, 32.970355 ], [ -84.864347, 32.970932 ], [ -84.864158, 32.973382 ], [ -84.86416, 32.978054 ], [ -84.864107, 32.979955 ], [ -84.864107, 32.995612 ], [ -84.863383, 33.035838 ], [ -84.863438, 33.037761 ], [ -84.863448, 33.082057 ], [ -84.863332, 33.097145 ], [ -84.863258, 33.106898 ], [ -84.86261, 33.158048 ], [ -84.862578, 33.166223 ], [ -84.862515, 33.182499 ], [ -84.86249, 33.183508 ], [ -84.86249, 33.18685 ], [ -84.862359, 33.191174 ], [ -84.862382, 33.199143 ], [ -84.865138, 33.198115 ], [ -84.867534, 33.195709 ], [ -84.869904, 33.195662 ], [ -84.869198, 33.199029 ], [ -84.870591, 33.205716 ], [ -84.871954, 33.207433 ], [ -84.862198, 33.207542 ], [ -84.861938, 33.223742 ], [ -84.865016, 33.223786 ], [ -84.899857, 33.224299 ], [ -84.93226, 33.224623 ], [ -84.933196, 33.224634 ], [ -84.93779, 33.226521 ], [ -84.939148, 33.225048 ], [ -84.943742, 33.237294 ], [ -84.948556, 33.250119 ], [ -84.948988, 33.25123 ], [ -84.954578, 33.265608 ], [ -84.94881, 33.265654 ], [ -84.948815, 33.282278 ], [ -84.956894, 33.282353 ], [ -84.958583, 33.282365 ], [ -84.958646, 33.277053 ], [ -84.968201, 33.302164 ], [ -84.978574, 33.329715 ], [ -84.979745, 33.332826 ], [ -84.98451, 33.345511 ], [ -84.98641, 33.350539 ], [ -84.997347, 33.379017 ], [ -85.004005, 33.396006 ], [ -85.015358, 33.425506 ], [ -85.013949, 33.428582 ], [ -85.012461, 33.430542 ], [ -85.00346, 33.433215 ], [ -84.999941, 33.434126 ], [ -84.997192, 33.435033 ], [ -84.995014, 33.436215 ], [ -84.986542, 33.441287 ], [ -84.985154, 33.442691 ], [ -84.985199, 33.445801 ], [ -84.989061, 33.452141 ], [ -84.988757, 33.453582 ], [ -84.986211, 33.456465 ], [ -84.983874, 33.457335 ], [ -84.980957, 33.457139 ], [ -84.977555, 33.455772 ], [ -84.973902, 33.452679 ], [ -84.972878, 33.45183 ], [ -84.966067, 33.448759 ], [ -84.95767, 33.442071 ], [ -84.955996, 33.440816 ], [ -84.950103, 33.440849 ], [ -84.945106, 33.437207 ], [ -84.942254, 33.436426 ], [ -84.935974, 33.437182 ], [ -84.935378, 33.437421 ], [ -84.932536, 33.441736 ], [ -84.929805, 33.443046 ], [ -84.9213, 33.445267 ], [ -84.91924, 33.448512 ], [ -84.92041, 33.450548 ], [ -84.920498, 33.452264 ], [ -84.919195, 33.455651 ], [ -84.916738, 33.457582 ], [ -84.909346, 33.459533 ], [ -84.908288, 33.461752 ], [ -84.908915, 33.468684 ], [ -84.907289, 33.471392 ], [ -84.901368, 33.476531 ], [ -84.894763, 33.478339 ], [ -84.893095, 33.479621 ], [ -84.886111, 33.483932 ], [ -84.881947, 33.487184 ], [ -84.875478, 33.492417 ], [ -84.866614, 33.491741 ], [ -84.860773, 33.493077 ], [ -84.856302, 33.495074 ], [ -84.853574, 33.498483 ], [ -84.852192, 33.501772 ], [ -84.851463, 33.505116 ], [ -84.851242, 33.510628 ], [ -84.850713, 33.511457 ], [ -84.83718, 33.511399 ], [ -84.730628, 33.51079 ], [ -84.692703, 33.511407 ], [ -84.680029, 33.51147 ], [ -84.679428, 33.510908 ], [ -84.671137, 33.51002 ], [ -84.670505, 33.510009 ], [ -84.670453, 33.510982 ], [ -84.670455, 33.511134 ], [ -84.670105, 33.511759 ], [ -84.654859, 33.5114 ], [ -84.65406, 33.51139 ], [ -84.64973, 33.511332 ], [ -84.632013, 33.511095 ], [ -84.621031, 33.510713 ], [ -84.620831, 33.502513 ], [ -84.60943, 33.502513 ], [ -84.60713, 33.504313 ], [ -84.60783, 33.507013 ], [ -84.60683, 33.509413 ], [ -84.60413, 33.512313 ], [ -84.60003, 33.512313 ], [ -84.59493, 33.518113 ], [ -84.59433, 33.518812 ], [ -84.57583, 33.523412 ], [ -84.574697, 33.52372 ], [ -84.570289, 33.524919 ], [ -84.556829, 33.528412 ], [ -84.545729, 33.530712 ], [ -84.523628, 33.536512 ], [ -84.483727, 33.545712 ], [ -84.474627, 33.547712 ], [ -84.472827, 33.548112 ], [ -84.458627, 33.551112 ], [ -84.449026, 33.551012 ], [ -84.444896, 33.551012 ], [ -84.444626, 33.551012 ], [ -84.439878, 33.551012 ], [ -84.439626, 33.551012 ], [ -84.414725, 33.550311 ], [ -84.405925, 33.546711 ], [ -84.403425, 33.545511 ], [ -84.399708, 33.543167 ], [ -84.398933, 33.543056 ], [ -84.391925, 33.541812 ], [ -84.386024, 33.539912 ], [ -84.376424, 33.539212 ], [ -84.375624, 33.538912 ], [ -84.376024, 33.546711 ], [ -84.380224, 33.549111 ], [ -84.382024, 33.552211 ], [ -84.384725, 33.553911 ], [ -84.386225, 33.558211 ], [ -84.376724, 33.556911 ], [ -84.375024, 33.555911 ], [ -84.370924, 33.556111 ], [ -84.371624, 33.561011 ], [ -84.371724, 33.572911 ], [ -84.365124, 33.572711 ], [ -84.361524, 33.569111 ], [ -84.362024, 33.565011 ], [ -84.358624, 33.568111 ], [ -84.358224, 33.569511 ], [ -84.357524, 33.572011 ], [ -84.357724, 33.572011 ], [ -84.357327, 33.572953 ], [ -84.356813, 33.574174 ], [ -84.356617, 33.574639 ], [ -84.356156, 33.575734 ], [ -84.355324, 33.57621 ], [ -84.355049, 33.576777 ], [ -84.353724, 33.57951 ], [ -84.354988, 33.579838 ], [ -84.367124, 33.58211 ], [ -84.378325, 33.58471 ], [ -84.380825, 33.58591 ], [ -84.385525, 33.59201 ], [ -84.386574, 33.593532 ], [ -84.389525, 33.59781 ], [ -84.389825, 33.59771 ], [ -84.391025, 33.59721 ], [ -84.390693, 33.592406 ], [ -84.391425, 33.59061 ], [ -84.395056, 33.591763 ], [ -84.399025, 33.59531 ], [ -84.398325, 33.60011 ], [ -84.399825, 33.60251 ], [ -84.401826, 33.60431 ], [ -84.404626, 33.60511 ], [ -84.404226, 33.60651 ], [ -84.402526, 33.61381 ], [ -84.402326, 33.61891 ], [ -84.402726, 33.623209 ], [ -84.40186, 33.624619 ], [ -84.401626, 33.625009 ], [ -84.401383, 33.625562 ], [ -84.400526, 33.627509 ], [ -84.400507, 33.625578 ], [ -84.400369, 33.62461 ], [ -84.398726, 33.61751 ], [ -84.397926, 33.61741 ], [ -84.397926, 33.61761 ], [ -84.397325, 33.61781 ], [ -84.388925, 33.618509 ], [ -84.383425, 33.619709 ], [ -84.384325, 33.624009 ], [ -84.384825, 33.626909 ], [ -84.385025, 33.628909 ], [ -84.387525, 33.631509 ], [ -84.388025, 33.631309 ], [ -84.388525, 33.631009 ], [ -84.390325, 33.633709 ], [ -84.391025, 33.635709 ], [ -84.390825, 33.641609 ], [ -84.390425, 33.641909 ], [ -84.384825, 33.641809 ], [ -84.378825, 33.640509 ], [ -84.376225, 33.640009 ], [ -84.375625, 33.640009 ], [ -84.375425, 33.637709 ], [ -84.372225, 33.638109 ], [ -84.372825, 33.639209 ], [ -84.369925, 33.638409 ], [ -84.368425, 33.639209 ], [ -84.366925, 33.637609 ], [ -84.364925, 33.638209 ], [ -84.364925, 33.637509 ], [ -84.361624, 33.637109 ], [ -84.360424, 33.637509 ], [ -84.365325, 33.647809 ], [ -84.360225, 33.647909 ], [ -84.354024, 33.647808 ], [ -84.350224, 33.647908 ] ] ] } },
{ "type": "Feature", "properties": { "DISTRICT": "4", "STARTCONG": "105", "ENDCONG": "107", "ST": "14", "STA": "GA", "ELECT_YEAR": "1996-2000", "TYPE": "US Cong" }, "geometry": { "type": "Polygon", "coordinates": [ [ [ -84.185517, 33.9945 ], [ -84.182317, 33.9904 ], [ -84.176117, 33.9885 ], [ -84.174617, 33.9882 ], [ -84.170101, 33.983834 ], [ -84.169417, 33.983101 ], [ -84.168339, 33.981237 ], [ -84.166816, 33.978601 ], [ -84.166391, 33.978408 ], [ -84.16592, 33.978194 ], [ -84.163416, 33.976601 ], [ -84.167216, 33.973901 ], [ -84.165259, 33.972435 ], [ -84.162779, 33.971891 ], [ -84.161694, 33.971531 ], [ -84.16084, 33.970876 ], [ -84.158359, 33.967702 ], [ -84.157016, 33.965601 ], [ -84.159016, 33.962501 ], [ -84.158916, 33.959201 ], [ -84.159416, 33.958501 ], [ -84.156116, 33.955101 ], [ -84.155716, 33.951901 ], [ -84.153116, 33.947402 ], [ -84.151516, 33.946502 ], [ -84.145515, 33.944902 ], [ -84.142815, 33.943202 ], [ -84.140415, 33.939902 ], [ -84.137215, 33.937802 ], [ -84.127559, 33.929632 ], [ -84.123014, 33.922403 ], [ -84.127115, 33.922502 ], [ -84.131215, 33.919502 ], [ -84.135515, 33.919602 ], [ -84.138815, 33.921002 ], [ -84.135815, 33.914703 ], [ -84.132815, 33.912403 ], [ -84.141416, 33.908103 ], [ -84.144639, 33.906572 ], [ -84.147926, 33.90514 ], [ -84.153916, 33.904703 ], [ -84.160317, 33.900503 ], [ -84.162159, 33.896659 ], [ -84.162617, 33.895703 ], [ -84.163208, 33.896367 ], [ -84.171517, 33.900002 ], [ -84.176918, 33.897502 ], [ -84.177418, 33.896603 ], [ -84.177518, 33.894103 ], [ -84.177818, 33.893703 ], [ -84.181024, 33.893994 ], [ -84.181918, 33.892603 ], [ -84.174117, 33.889203 ], [ -84.172417, 33.888703 ], [ -84.179018, 33.883003 ], [ -84.189818, 33.879403 ], [ -84.195719, 33.882503 ], [ -84.198819, 33.881703 ], [ -84.199419, 33.879503 ], [ -84.203019, 33.878703 ], [ -84.206319, 33.878803 ], [ -84.206419, 33.878796 ], [ -84.207037, 33.878362 ], [ -84.206319, 33.878003 ], [ -84.204719, 33.877003 ], [ -84.203519, 33.873003 ], [ -84.200919, 33.871903 ], [ -84.197819, 33.872003 ], [ -84.197519, 33.872003 ], [ -84.194819, 33.870003 ], [ -84.192918, 33.868803 ], [ -84.190518, 33.867203 ], [ -84.186318, 33.866103 ], [ -84.181561, 33.865046 ], [ -84.175818, 33.860803 ], [ -84.173893, 33.858878 ], [ -84.173018, 33.858003 ], [ -84.172118, 33.857503 ], [ -84.169917, 33.857104 ], [ -84.168977, 33.856996 ], [ -84.16823, 33.85691 ], [ -84.163517, 33.855004 ], [ -84.160217, 33.853804 ], [ -84.157817, 33.853204 ], [ -84.156617, 33.852304 ], [ -84.147816, 33.843204 ], [ -84.139916, 33.838404 ], [ -84.138016, 33.837304 ], [ -84.134016, 33.834105 ], [ -84.132716, 33.830505 ], [ -84.126216, 33.823005 ], [ -84.122816, 33.818905 ], [ -84.122684, 33.818797 ], [ -84.121786, 33.818068 ], [ -84.113415, 33.807505 ], [ -84.104972, 33.80313 ], [ -84.103215, 33.801306 ], [ -84.100815, 33.800806 ], [ -84.097115, 33.798206 ], [ -84.093315, 33.795106 ], [ -84.091315, 33.792506 ], [ -84.085714, 33.788206 ], [ -84.075914, 33.777507 ], [ -84.070514, 33.774807 ], [ -84.058414, 33.772807 ], [ -84.058214, 33.772807 ], [ -84.054814, 33.770207 ], [ -84.052114, 33.766707 ], [ -84.049613, 33.765307 ], [ -84.048613, 33.765607 ], [ -84.047213, 33.765107 ], [ -84.043313, 33.762307 ], [ -84.043213, 33.761507 ], [ -84.040313, 33.757708 ], [ -84.038413, 33.757408 ], [ -84.038213, 33.757808 ], [ -84.032413, 33.756108 ], [ -84.026413, 33.753108 ], [ -84.023713, 33.752808 ], [ -84.037113, 33.742608 ], [ -84.041213, 33.739508 ], [ -84.046314, 33.735008 ], [ -84.054314, 33.728508 ], [ -84.058614, 33.722908 ], [ -84.060314, 33.719608 ], [ -84.063014, 33.714308 ], [ -84.071614, 33.698209 ], [ -84.074414, 33.692709 ], [ -84.078114, 33.685309 ], [ -84.083915, 33.674409 ], [ -84.089815, 33.663609 ], [ -84.095815, 33.652209 ], [ -84.100015, 33.64391 ], [ -84.104315, 33.63601 ], [ -84.110124, 33.62511 ], [ -84.110842, 33.623808 ], [ -84.111678, 33.622293 ], [ -84.115818, 33.614604 ], [ -84.117127, 33.617003 ], [ -84.115513, 33.618858 ], [ -84.119044, 33.621901 ], [ -84.123176, 33.623318 ], [ -84.123888, 33.624073 ], [ -84.123816, 33.62511 ], [ -84.123816, 33.62551 ], [ -84.127816, 33.62691 ], [ -84.128216, 33.63011 ], [ -84.129116, 33.63131 ], [ -84.140417, 33.631709 ], [ -84.140317, 33.634909 ], [ -84.138217, 33.637309 ], [ -84.141117, 33.637609 ], [ -84.143317, 33.636309 ], [ -84.150517, 33.638709 ], [ -84.155117, 33.645509 ], [ -84.158717, 33.644309 ], [ -84.158417, 33.643209 ], [ -84.161017, 33.638109 ], [ -84.172218, 33.641009 ], [ -84.172218, 33.643809 ], [ -84.170218, 33.645409 ], [ -84.170218, 33.645909 ], [ -84.184518, 33.645909 ], [ -84.187618, 33.645909 ], [ -84.22532, 33.646508 ], [ -84.22542, 33.639008 ], [ -84.225544, 33.638098 ], [ -84.225503, 33.629737 ], [ -84.22592, 33.629709 ], [ -84.230386, 33.629653 ], [ -84.231618, 33.629637 ], [ -84.237924, 33.629557 ], [ -84.244016, 33.62948 ], [ -84.243878, 33.635369 ], [ -84.243821, 33.637808 ], [ -84.243821, 33.646608 ], [ -84.254121, 33.646708 ], [ -84.255021, 33.646708 ], [ -84.262221, 33.646808 ], [ -84.266621, 33.646808 ], [ -84.281522, 33.646908 ], [ -84.282622, 33.647008 ], [ -84.296622, 33.647108 ], [ -84.323523, 33.647208 ], [ -84.327223, 33.647308 ], [ -84.327823, 33.647408 ], [ -84.329623, 33.647408 ], [ -84.336124, 33.647508 ], [ -84.350224, 33.647908 ], [ -84.349824, 33.663508 ], [ -84.349424, 33.680208 ], [ -84.349224, 33.689307 ], [ -84.349124, 33.692307 ], [ -84.349124, 33.697107 ], [ -84.349124, 33.698396 ], [ -84.349225, 33.700407 ], [ -84.349125, 33.709007 ], [ -84.349125, 33.715307 ], [ -84.349125, 33.717407 ], [ -84.349225, 33.721906 ], [ -84.348525, 33.723506 ], [ -84.348226, 33.731707 ], [ -84.347725, 33.731706 ], [ -84.338424, 33.731206 ], [ -84.337024, 33.730006 ], [ -84.333924, 33.726706 ], [ -84.332324, 33.721306 ], [ -84.330224, 33.718106 ], [ -84.326424, 33.723206 ], [ -84.323724, 33.724606 ], [ -84.321324, 33.726306 ], [ -84.322824, 33.727206 ], [ -84.326524, 33.729406 ], [ -84.328824, 33.730306 ], [ -84.329324, 33.739606 ], [ -84.326824, 33.739606 ], [ -84.328324, 33.747206 ], [ -84.320424, 33.747306 ], [ -84.315124, 33.747206 ], [ -84.315223, 33.740006 ], [ -84.320324, 33.739706 ], [ -84.320324, 33.739406 ], [ -84.309523, 33.739206 ], [ -84.303423, 33.739206 ], [ -84.303423, 33.739606 ], [ -84.304823, 33.739706 ], [ -84.309623, 33.740606 ], [ -84.309623, 33.745006 ], [ -84.308223, 33.745006 ], [ -84.304923, 33.744906 ], [ -84.294823, 33.744805 ], [ -84.295023, 33.739706 ], [ -84.295623, 33.739506 ], [ -84.302523, 33.739706 ], [ -84.301623, 33.739106 ], [ -84.300223, 33.739006 ], [ -84.300223, 33.738406 ], [ -84.299123, 33.738406 ], [ -84.297523, 33.738406 ], [ -84.294723, 33.738406 ], [ -84.294723, 33.738806 ], [ -84.293523, 33.738806 ], [ -84.290123, 33.738706 ], [ -84.289923, 33.740506 ], [ -84.290023, 33.740606 ], [ -84.289923, 33.741906 ], [ -84.289523, 33.742106 ], [ -84.289923, 33.742905 ], [ -84.290723, 33.744805 ], [ -84.289223, 33.744805 ], [ -84.290223, 33.747005 ], [ -84.290623, 33.751205 ], [ -84.290623, 33.751505 ], [ -84.290702, 33.752684 ], [ -84.292025, 33.752693 ], [ -84.291923, 33.753305 ], [ -84.296023, 33.753605 ], [ -84.302423, 33.754505 ], [ -84.302523, 33.753305 ], [ -84.304023, 33.753405 ], [ -84.304723, 33.752205 ], [ -84.305323, 33.752205 ], [ -84.311123, 33.752205 ], [ -84.311223, 33.751705 ], [ -84.312223, 33.751705 ], [ -84.311223, 33.752805 ], [ -84.309723, 33.754005 ], [ -84.310423, 33.755305 ], [ -84.312323, 33.755305 ], [ -84.312323, 33.756805 ], [ -84.312323, 33.761105 ], [ -84.312323, 33.763705 ], [ -84.312323, 33.765105 ], [ -84.312323, 33.765405 ], [ -84.315853, 33.764852 ], [ -84.316124, 33.764805 ], [ -84.316824, 33.764605 ], [ -84.316924, 33.765905 ], [ -84.324524, 33.769105 ], [ -84.326924, 33.769205 ], [ -84.326922, 33.767506 ], [ -84.328624, 33.767505 ], [ -84.328626, 33.77174 ], [ -84.331424, 33.771905 ], [ -84.330524, 33.773005 ], [ -84.330024, 33.772405 ], [ -84.329924, 33.774805 ], [ -84.332134, 33.778905 ], [ -84.333156, 33.778324 ], [ -84.332824, 33.778905 ], [ -84.333724, 33.779005 ], [ -84.337124, 33.778905 ], [ -84.337524, 33.778605 ], [ -84.337824, 33.778405 ], [ -84.341825, 33.779105 ], [ -84.344925, 33.779305 ], [ -84.346723, 33.782705 ], [ -84.348325, 33.782605 ], [ -84.348425, 33.783405 ], [ -84.348425, 33.787305 ], [ -84.348425, 33.790505 ], [ -84.348325, 33.791305 ], [ -84.348225, 33.791805 ], [ -84.345725, 33.791705 ], [ -84.343425, 33.795805 ], [ -84.338625, 33.799904 ], [ -84.337925, 33.803104 ], [ -84.337424, 33.804904 ], [ -84.340125, 33.804804 ], [ -84.342525, 33.804804 ], [ -84.346725, 33.804004 ], [ -84.347625, 33.803904 ], [ -84.348125, 33.804204 ], [ -84.348325, 33.806304 ], [ -84.348225, 33.809004 ], [ -84.348425, 33.817104 ], [ -84.348525, 33.824404 ], [ -84.348525, 33.824812 ], [ -84.348525, 33.824904 ], [ -84.348499, 33.825214 ], [ -84.348325, 33.826504 ], [ -84.348351, 33.830928 ], [ -84.348544, 33.843655 ], [ -84.348525, 33.844903 ], [ -84.348325, 33.852503 ], [ -84.348225, 33.853803 ], [ -84.348125, 33.857403 ], [ -84.348525, 33.861903 ], [ -84.348125, 33.864903 ], [ -84.348125, 33.877803 ], [ -84.348125, 33.879203 ], [ -84.348425, 33.881902 ], [ -84.348425, 33.882502 ], [ -84.348225, 33.890702 ], [ -84.348225, 33.901719 ], [ -84.348225, 33.902402 ], [ -84.348225, 33.904802 ], [ -84.347925, 33.914702 ], [ -84.347749, 33.932857 ], [ -84.347749, 33.93494 ], [ -84.347825, 33.938201 ], [ -84.347825, 33.940601 ], [ -84.347725, 33.960101 ], [ -84.347725, 33.961101 ], [ -84.347525, 33.9678 ], [ -84.346725, 33.9677 ], [ -84.346725, 33.9671 ], [ -84.345325, 33.9663 ], [ -84.340425, 33.9697 ], [ -84.339525, 33.9689 ], [ -84.338825, 33.9693 ], [ -84.337725, 33.9704 ], [ -84.336125, 33.9703 ], [ -84.327224, 33.9674 ], [ -84.324024, 33.9669 ], [ -84.318424, 33.9667 ], [ -84.316424, 33.9658 ], [ -84.309524, 33.9637 ], [ -84.302723, 33.96 ], [ -84.300023, 33.9596 ], [ -84.296523, 33.9598 ], [ -84.295023, 33.9599 ], [ -84.284623, 33.9563 ], [ -84.280623, 33.956 ], [ -84.276822, 33.9577 ], [ -84.276722, 33.9574 ], [ -84.276442, 33.956336 ], [ -84.276222, 33.9555 ], [ -84.275856, 33.954548 ], [ -84.272522, 33.9556 ], [ -84.270329, 33.953468 ], [ -84.267422, 33.947101 ], [ -84.261162, 33.945919 ], [ -84.256822, 33.946401 ], [ -84.256822, 33.948601 ], [ -84.258022, 33.9507 ], [ -84.255822, 33.958 ], [ -84.255322, 33.9578 ], [ -84.249821, 33.962 ], [ -84.246321, 33.9586 ], [ -84.244421, 33.9549 ], [ -84.241421, 33.951301 ], [ -84.235921, 33.950401 ], [ -84.23502, 33.950101 ], [ -84.23232, 33.956101 ], [ -84.22662, 33.9619 ], [ -84.22092, 33.9697 ], [ -84.216961, 33.9771 ], [ -84.213719, 33.983 ], [ -84.211919, 33.9857 ], [ -84.204919, 33.9954 ], [ -84.202118, 33.9971 ], [ -84.201818, 33.9959 ], [ -84.201618, 33.9943 ], [ -84.204719, 33.9919 ], [ -84.205019, 33.9906 ], [ -84.202819, 33.9895 ], [ -84.191518, 33.9912 ], [ -84.185517, 33.9945 ] ] ] } },
{ "type": "Feature", "properties": { "DISTRICT": "5", "STARTCONG": "105", "ENDCONG": "107", "ST": "14", "STA": "GA", "ELECT_YEAR": "1996-2000", "TYPE": "US Cong" }, "geometry": { "type": "Polygon", "coordinates": [ [ [ -84.347725, 33.961101 ], [ -84.347725, 33.960101 ], [ -84.347825, 33.940601 ], [ -84.347825, 33.938201 ], [ -84.347749, 33.93494 ], [ -84.347749, 33.932857 ], [ -84.347925, 33.914702 ], [ -84.348225, 33.904802 ], [ -84.348225, 33.902402 ], [ -84.348225, 33.901719 ], [ -84.348225, 33.890702 ], [ -84.348425, 33.882502 ], [ -84.348425, 33.881902 ], [ -84.348125, 33.879203 ], [ -84.348125, 33.877803 ], [ -84.348125, 33.864903 ], [ -84.348525, 33.861903 ], [ -84.348125, 33.857403 ], [ -84.348225, 33.853803 ], [ -84.348325, 33.852503 ], [ -84.348525, 33.844903 ], [ -84.348544, 33.843655 ], [ -84.348351, 33.830928 ], [ -84.348325, 33.826504 ], [ -84.348499, 33.825214 ], [ -84.348525, 33.824904 ], [ -84.348525, 33.824812 ], [ -84.348525, 33.824404 ], [ -84.348425, 33.817104 ], [ -84.348225, 33.809004 ], [ -84.348325, 33.806304 ], [ -84.348125, 33.804204 ], [ -84.347625, 33.803904 ], [ -84.346725, 33.804004 ], [ -84.342525, 33.804804 ], [ -84.340125, 33.804804 ], [ -84.337424, 33.804904 ], [ -84.337925, 33.803104 ], [ -84.338625, 33.799904 ], [ -84.343425, 33.795805 ], [ -84.345725, 33.791705 ], [ -84.348225, 33.791805 ], [ -84.348325, 33.791305 ], [ -84.348425, 33.790505 ], [ -84.348425, 33.787305 ], [ -84.348425, 33.783405 ], [ -84.348325, 33.782605 ], [ -84.346723, 33.782705 ], [ -84.344925, 33.779305 ], [ -84.341825, 33.779105 ], [ -84.337824, 33.778405 ], [ -84.337524, 33.778605 ], [ -84.337124, 33.778905 ], [ -84.333724, 33.779005 ], [ -84.332824, 33.778905 ], [ -84.333156, 33.778324 ], [ -84.332134, 33.778905 ], [ -84.329924, 33.774805 ], [ -84.330024, 33.772405 ], [ -84.330524, 33.773005 ], [ -84.331424, 33.771905 ], [ -84.328626, 33.77174 ], [ -84.328624, 33.767505 ], [ -84.326922, 33.767506 ], [ -84.326924, 33.769205 ], [ -84.324524, 33.769105 ], [ -84.316924, 33.765905 ], [ -84.316824, 33.764605 ], [ -84.316124, 33.764805 ], [ -84.315853, 33.764852 ], [ -84.312323, 33.765405 ], [ -84.312323, 33.765105 ], [ -84.312323, 33.763705 ], [ -84.312323, 33.761105 ], [ -84.312323, 33.756805 ], [ -84.312323, 33.755305 ], [ -84.310423, 33.755305 ], [ -84.309723, 33.754005 ], [ -84.311223, 33.752805 ], [ -84.312223, 33.751705 ], [ -84.311223, 33.751705 ], [ -84.311123, 33.752205 ], [ -84.305323, 33.752205 ], [ -84.304723, 33.752205 ], [ -84.304023, 33.753405 ], [ -84.302523, 33.753305 ], [ -84.302423, 33.754505 ], [ -84.296023, 33.753605 ], [ -84.291923, 33.753305 ], [ -84.292025, 33.752693 ], [ -84.290702, 33.752684 ], [ -84.290623, 33.751505 ], [ -84.290623, 33.751205 ], [ -84.290223, 33.747005 ], [ -84.289223, 33.744805 ], [ -84.290723, 33.744805 ], [ -84.289923, 33.742905 ], [ -84.289523, 33.742106 ], [ -84.289923, 33.741906 ], [ -84.290023, 33.740606 ], [ -84.289923, 33.740506 ], [ -84.290123, 33.738706 ], [ -84.293523, 33.738806 ], [ -84.294723, 33.738806 ], [ -84.294723, 33.738406 ], [ -84.297523, 33.738406 ], [ -84.299123, 33.738406 ], [ -84.300223, 33.738406 ], [ -84.300223, 33.739006 ], [ -84.301623, 33.739106 ], [ -84.302523, 33.739706 ], [ -84.295623, 33.739506 ], [ -84.295023, 33.739706 ], [ -84.294823, 33.744805 ], [ -84.304923, 33.744906 ], [ -84.308223, 33.745006 ], [ -84.309623, 33.745006 ], [ -84.309623, 33.740606 ], [ -84.304823, 33.739706 ], [ -84.303423, 33.739606 ], [ -84.303423, 33.739206 ], [ -84.309523, 33.739206 ], [ -84.320324, 33.739406 ], [ -84.320324, 33.739706 ], [ -84.315223, 33.740006 ], [ -84.315124, 33.747206 ], [ -84.320424, 33.747306 ], [ -84.328324, 33.747206 ], [ -84.326824, 33.739606 ], [ -84.329324, 33.739606 ], [ -84.328824, 33.730306 ], [ -84.326524, 33.729406 ], [ -84.322824, 33.727206 ], [ -84.321324, 33.726306 ], [ -84.323724, 33.724606 ], [ -84.326424, 33.723206 ], [ -84.330224, 33.718106 ], [ -84.332324, 33.721306 ], [ -84.333924, 33.726706 ], [ -84.337024, 33.730006 ], [ -84.338424, 33.731206 ], [ -84.347725, 33.731706 ], [ -84.348226, 33.731707 ], [ -84.348525, 33.723506 ], [ -84.349225, 33.721906 ], [ -84.349125, 33.717407 ], [ -84.349125, 33.715307 ], [ -84.349125, 33.709007 ], [ -84.349225, 33.700407 ], [ -84.349124, 33.698396 ], [ -84.349124, 33.697107 ], [ -84.349124, 33.692307 ], [ -84.349224, 33.689307 ], [ -84.349424, 33.680208 ], [ -84.349824, 33.663508 ], [ -84.350224, 33.647908 ], [ -84.354024, 33.647808 ], [ -84.360225, 33.647909 ], [ -84.365325, 33.647809 ], [ -84.360424, 33.637509 ], [ -84.361624, 33.637109 ], [ -84.364925, 33.637509 ], [ -84.364925, 33.638209 ], [ -84.366925, 33.637609 ], [ -84.368425, 33.639209 ], [ -84.369925, 33.638409 ], [ -84.372825, 33.639209 ], [ -84.372225, 33.638109 ], [ -84.375425, 33.637709 ], [ -84.375625, 33.640009 ], [ -84.376225, 33.640009 ], [ -84.378825, 33.640509 ], [ -84.384825, 33.641809 ], [ -84.390425, 33.641909 ], [ -84.390825, 33.641609 ], [ -84.391025, 33.635709 ], [ -84.390325, 33.633709 ], [ -84.388525, 33.631009 ], [ -84.388025, 33.631309 ], [ -84.387525, 33.631509 ], [ -84.385025, 33.628909 ], [ -84.384825, 33.626909 ], [ -84.384325, 33.624009 ], [ -84.383425, 33.619709 ], [ -84.388925, 33.618509 ], [ -84.397325, 33.61781 ], [ -84.397926, 33.61761 ], [ -84.397926, 33.61741 ], [ -84.398726, 33.61751 ], [ -84.400369, 33.62461 ], [ -84.400507, 33.625578 ], [ -84.400526, 33.627509 ], [ -84.401383, 33.625562 ], [ -84.401626, 33.625009 ], [ -84.40186, 33.624619 ], [ -84.402726, 33.623209 ], [ -84.402326, 33.61891 ], [ -84.402526, 33.61381 ], [ -84.404226, 33.60651 ], [ -84.404626, 33.60511 ], [ -84.401826, 33.60431 ], [ -84.399825, 33.60251 ], [ -84.398325, 33.60011 ], [ -84.399025, 33.59531 ], [ -84.395056, 33.591763 ], [ -84.391425, 33.59061 ], [ -84.390693, 33.592406 ], [ -84.391025, 33.59721 ], [ -84.389825, 33.59771 ], [ -84.389525, 33.59781 ], [ -84.386574, 33.593532 ], [ -84.385525, 33.59201 ], [ -84.380825, 33.58591 ], [ -84.378325, 33.58471 ], [ -84.367124, 33.58211 ], [ -84.354988, 33.579838 ], [ -84.353724, 33.57951 ], [ -84.355049, 33.576777 ], [ -84.355324, 33.57621 ], [ -84.356156, 33.575734 ], [ -84.356617, 33.574639 ], [ -84.356813, 33.574174 ], [ -84.357327, 33.572953 ], [ -84.357724, 33.572011 ], [ -84.357524, 33.572011 ], [ -84.358224, 33.569511 ], [ -84.358624, 33.568111 ], [ -84.362024, 33.565011 ], [ -84.361524, 33.569111 ], [ -84.365124, 33.572711 ], [ -84.371724, 33.572911 ], [ -84.371624, 33.561011 ], [ -84.370924, 33.556111 ], [ -84.375024, 33.555911 ], [ -84.376724, 33.556911 ], [ -84.386225, 33.558211 ], [ -84.384725, 33.553911 ], [ -84.382024, 33.552211 ], [ -84.380224, 33.549111 ], [ -84.376024, 33.546711 ], [ -84.375624, 33.538912 ], [ -84.376424, 33.539212 ], [ -84.386024, 33.539912 ], [ -84.391925, 33.541812 ], [ -84.398933, 33.543056 ], [ -84.399708, 33.543167 ], [ -84.403425, 33.545511 ], [ -84.405925, 33.546711 ], [ -84.414725, 33.550311 ], [ -84.439626, 33.551012 ], [ -84.439878, 33.551012 ], [ -84.444626, 33.551012 ], [ -84.444896, 33.551012 ], [ -84.449026, 33.551012 ], [ -84.458627, 33.551112 ], [ -84.472827, 33.548112 ], [ -84.474627, 33.547712 ], [ -84.483727, 33.545712 ], [ -84.523628, 33.536512 ], [ -84.545729, 33.530712 ], [ -84.556829, 33.528412 ], [ -84.570289, 33.524919 ], [ -84.574697, 33.52372 ], [ -84.57583, 33.523412 ], [ -84.59433, 33.518812 ], [ -84.59493, 33.518113 ], [ -84.60003, 33.512313 ], [ -84.60413, 33.512313 ], [ -84.60683, 33.509413 ], [ -84.60783, 33.507013 ], [ -84.60713, 33.504313 ], [ -84.60943, 33.502513 ], [ -84.620831, 33.502513 ], [ -84.621031, 33.510713 ], [ -84.632013, 33.511095 ], [ -84.64973, 33.511332 ], [ -84.65406, 33.51139 ], [ -84.654859, 33.5114 ], [ -84.670105, 33.511759 ], [ -84.670455, 33.511134 ], [ -84.670453, 33.510982 ], [ -84.670505, 33.510009 ], [ -84.671137, 33.51002 ], [ -84.679428, 33.510908 ], [ -84.680029, 33.51147 ], [ -84.692703, 33.511407 ], [ -84.730628, 33.51079 ], [ -84.83718, 33.511399 ], [ -84.850713, 33.511457 ], [ -84.849311, 33.513184 ], [ -84.844286, 33.514692 ], [ -84.841042, 33.514821 ], [ -84.834695, 33.513215 ], [ -84.831072, 33.512896 ], [ -84.827611, 33.513329 ], [ -84.818079, 33.518447 ], [ -84.815057, 33.521194 ], [ -84.814722, 33.522426 ], [ -84.815161, 33.52465 ], [ -84.816698, 33.526854 ], [ -84.821003, 33.530636 ], [ -84.822117, 33.532157 ], [ -84.824876, 33.538572 ], [ -84.827554, 33.541804 ], [ -84.830613, 33.543223 ], [ -84.832336, 33.545267 ], [ -84.8326, 33.547062 ], [ -84.832134, 33.548672 ], [ -84.830648, 33.550934 ], [ -84.827686, 33.553471 ], [ -84.826962, 33.557388 ], [ -84.826122, 33.56056 ], [ -84.823606, 33.564192 ], [ -84.817699, 33.567918 ], [ -84.811797, 33.570489 ], [ -84.810192, 33.571627 ], [ -84.808934, 33.574085 ], [ -84.807398, 33.583087 ], [ -84.804987, 33.587309 ], [ -84.801231, 33.590007 ], [ -84.796536, 33.595592 ], [ -84.788498, 33.599302 ], [ -84.783292, 33.603572 ], [ -84.78042, 33.606249 ], [ -84.775591, 33.609662 ], [ -84.763097, 33.614211 ], [ -84.760559, 33.61709 ], [ -84.755035, 33.62511 ], [ -84.752735, 33.63021 ], [ -84.746135, 33.62961 ], [ -84.741775, 33.623763 ], [ -84.73964, 33.623348 ], [ -84.737715, 33.623611 ], [ -84.735712, 33.624613 ], [ -84.735234, 33.62511 ], [ -84.731534, 33.63131 ], [ -84.731134, 33.63451 ], [ -84.730034, 33.63651 ], [ -84.725234, 33.63921 ], [ -84.716734, 33.64181 ], [ -84.710534, 33.646409 ], [ -84.685833, 33.651109 ], [ -84.677133, 33.655409 ], [ -84.673533, 33.656609 ], [ -84.661433, 33.657009 ], [ -84.656433, 33.659409 ], [ -84.654607, 33.662858 ], [ -84.651933, 33.667909 ], [ -84.651933, 33.670609 ], [ -84.653733, 33.675209 ], [ -84.652733, 33.683609 ], [ -84.649033, 33.685909 ], [ -84.640833, 33.683809 ], [ -84.630533, 33.690308 ], [ -84.630033, 33.692908 ], [ -84.632633, 33.699308 ], [ -84.631833, 33.700608 ], [ -84.626959, 33.702374 ], [ -84.625342, 33.70296 ], [ -84.624309, 33.703344 ], [ -84.621232, 33.704508 ], [ -84.615732, 33.709608 ], [ -84.608032, 33.712908 ], [ -84.605037, 33.717306 ], [ -84.602532, 33.719708 ], [ -84.601732, 33.724408 ], [ -84.600772, 33.725029 ], [ -84.598332, 33.726608 ], [ -84.594332, 33.729007 ], [ -84.592732, 33.729407 ], [ -84.589818, 33.728907 ], [ -84.586832, 33.729107 ], [ -84.585432, 33.730507 ], [ -84.581932, 33.738507 ], [ -84.578132, 33.743507 ], [ -84.573432, 33.745507 ], [ -84.559232, 33.757707 ], [ -84.552632, 33.762407 ], [ -84.544432, 33.767406 ], [ -84.539931, 33.769506 ], [ -84.538031, 33.771106 ], [ -84.533431, 33.779306 ], [ -84.531231, 33.781806 ], [ -84.529131, 33.783306 ], [ -84.520431, 33.787806 ], [ -84.515411, 33.790334 ], [ -84.507731, 33.795706 ], [ -84.502631, 33.799405 ], [ -84.498731, 33.804805 ], [ -84.497583, 33.806042 ], [ -84.495331, 33.808405 ], [ -84.48903, 33.812805 ], [ -84.48553, 33.813605 ], [ -84.48333, 33.814705 ], [ -84.48023, 33.817205 ], [ -84.47563, 33.822005 ], [ -84.47133, 33.825905 ], [ -84.46843, 33.827404 ], [ -84.463129, 33.827104 ], [ -84.457629, 33.824504 ], [ -84.455829, 33.825804 ], [ -84.455429, 33.827004 ], [ -84.455129, 33.828804 ], [ -84.457929, 33.833804 ], [ -84.460429, 33.841104 ], [ -84.458714, 33.849035 ], [ -84.460129, 33.851804 ], [ -84.459829, 33.853204 ], [ -84.454229, 33.858904 ], [ -84.454229, 33.861004 ], [ -84.455929, 33.864703 ], [ -84.453729, 33.867903 ], [ -84.451329, 33.871303 ], [ -84.446829, 33.875903 ], [ -84.444029, 33.877503 ], [ -84.443229, 33.878703 ], [ -84.442129, 33.878903 ], [ -84.436228, 33.880903 ], [ -84.436328, 33.879003 ], [ -84.432728, 33.879003 ], [ -84.431328, 33.880403 ], [ -84.429028, 33.881303 ], [ -84.427728, 33.881003 ], [ -84.427928, 33.878903 ], [ -84.424428, 33.878903 ], [ -84.424128, 33.879403 ], [ -84.413528, 33.878903 ], [ -84.411527, 33.878703 ], [ -84.407027, 33.882303 ], [ -84.405427, 33.882203 ], [ -84.405092, 33.883075 ], [ -84.405027, 33.885303 ], [ -84.402527, 33.886803 ], [ -84.400627, 33.886403 ], [ -84.400227, 33.881403 ], [ -84.399827, 33.879003 ], [ -84.397227, 33.878903 ], [ -84.397227, 33.878303 ], [ -84.389227, 33.878303 ], [ -84.389427, 33.878503 ], [ -84.391245, 33.880344 ], [ -84.390727, 33.880603 ], [ -84.391149, 33.8811 ], [ -84.396227, 33.887003 ], [ -84.395027, 33.887703 ], [ -84.393427, 33.886203 ], [ -84.393127, 33.886503 ], [ -84.393127, 33.885903 ], [ -84.392527, 33.885703 ], [ -84.392627, 33.885103 ], [ -84.388727, 33.882903 ], [ -84.387427, 33.882903 ], [ -84.387427, 33.881141 ], [ -84.387327, 33.878303 ], [ -84.382326, 33.878203 ], [ -84.380026, 33.877003 ], [ -84.379726, 33.878203 ], [ -84.379726, 33.879103 ], [ -84.380026, 33.883103 ], [ -84.381326, 33.885703 ], [ -84.381926, 33.888202 ], [ -84.381526, 33.891102 ], [ -84.381426, 33.893602 ], [ -84.381626, 33.897702 ], [ -84.378726, 33.902602 ], [ -84.379226, 33.912102 ], [ -84.379326, 33.912702 ], [ -84.37915, 33.918938 ], [ -84.379341, 33.922825 ], [ -84.379181, 33.924999 ], [ -84.379326, 33.929201 ], [ -84.380326, 33.932401 ], [ -84.378487, 33.936836 ], [ -84.374926, 33.940701 ], [ -84.364792, 33.955171 ], [ -84.362326, 33.954901 ], [ -84.360426, 33.955901 ], [ -84.359226, 33.956001 ], [ -84.3564, 33.95668 ], [ -84.347725, 33.961101 ] ] ] } },
{ "type": "Feature", "properties": { "DISTRICT": "6", "STARTCONG": "105", "ENDCONG": "107", "ST": "14", "STA": "GA", "ELECT_YEAR": "1996-2000", "TYPE": "US Cong" }, "geometry": { "type": "Polygon", "coordinates": [ [ [ -84.377231, 34.197645 ], [ -84.381448, 34.194923 ], [ -84.381846, 34.177228 ], [ -84.381792, 34.174984 ], [ -84.381105, 34.173382 ], [ -84.369159, 34.174438 ], [ -84.366157, 34.174073 ], [ -84.364586, 34.172815 ], [ -84.362272, 34.172015 ], [ -84.355144, 34.172295 ], [ -84.35591, 34.173436 ], [ -84.355305, 34.174673 ], [ -84.352001, 34.176665 ], [ -84.351065, 34.176849 ], [ -84.346906, 34.175865 ], [ -84.342775, 34.176439 ], [ -84.338203, 34.178271 ], [ -84.337051, 34.17916 ], [ -84.331098, 34.184704 ], [ -84.328041, 34.18633 ], [ -84.326883, 34.186099 ], [ -84.323419, 34.186112 ], [ -84.317539, 34.186134 ], [ -84.25892, 34.186096 ], [ -84.258828, 34.154964 ], [ -84.258853, 34.136726 ], [ -84.258921, 34.109697 ], [ -84.258324, 34.109075 ], [ -84.254421, 34.107897 ], [ -84.254521, 34.106697 ], [ -84.254121, 34.104897 ], [ -84.253421, 34.104497 ], [ -84.249921, 34.104697 ], [ -84.249421, 34.104397 ], [ -84.247021, 34.103697 ], [ -84.243921, 34.102297 ], [ -84.23672, 34.101297 ], [ -84.23542, 34.101297 ], [ -84.231172, 34.097138 ], [ -84.22742, 34.097198 ], [ -84.222119, 34.099998 ], [ -84.220319, 34.100298 ], [ -84.215919, 34.099698 ], [ -84.211561, 34.097468 ], [ -84.210344, 34.095295 ], [ -84.205818, 34.090698 ], [ -84.200418, 34.090098 ], [ -84.194418, 34.087698 ], [ -84.189417, 34.085398 ], [ -84.185617, 34.082498 ], [ -84.184517, 34.078999 ], [ -84.179617, 34.073899 ], [ -84.179217, 34.069799 ], [ -84.177717, 34.069599 ], [ -84.170816, 34.068999 ], [ -84.168016, 34.067699 ], [ -84.162016, 34.066099 ], [ -84.161616, 34.064499 ], [ -84.158416, 34.062199 ], [ -84.150015, 34.058399 ], [ -84.144015, 34.055099 ], [ -84.139114, 34.0552 ], [ -84.135914, 34.0572 ], [ -84.133714, 34.0572 ], [ -84.131314, 34.0562 ], [ -84.128414, 34.0545 ], [ -84.117654, 34.051413 ], [ -84.097388, 34.050848 ], [ -84.097469, 34.050937 ], [ -84.099282, 34.052942 ], [ -84.100479, 34.053598 ], [ -84.1049, 34.054252 ], [ -84.106733, 34.055397 ], [ -84.10876, 34.057497 ], [ -84.110979, 34.062348 ], [ -84.112428, 34.063975 ], [ -84.114988, 34.065524 ], [ -84.117835, 34.065726 ], [ -84.117944, 34.066889 ], [ -84.116977, 34.070347 ], [ -84.115509, 34.073528 ], [ -84.113273, 34.076842 ], [ -84.113459, 34.079024 ], [ -84.113766, 34.085457 ], [ -84.112687, 34.08816 ], [ -84.110202, 34.091658 ], [ -84.109778, 34.092967 ], [ -84.110202, 34.097919 ], [ -84.109442, 34.098932 ], [ -84.102197, 34.104234 ], [ -84.101458, 34.105319 ], [ -84.101917, 34.114847 ], [ -84.101225, 34.116901 ], [ -84.097507, 34.119683 ], [ -84.097533, 34.122916 ], [ -84.093412, 34.126643 ], [ -84.090697, 34.124699 ], [ -84.08947, 34.124487 ], [ -84.089293, 34.124457 ], [ -84.086656, 34.12415 ], [ -84.084603, 34.123962 ], [ -84.084396, 34.12357 ], [ -84.080921, 34.122262 ], [ -84.080256, 34.121598 ], [ -84.079193, 34.120817 ], [ -84.077023, 34.118519 ], [ -84.074558, 34.11508 ], [ -84.073523, 34.113632 ], [ -84.069961, 34.112306 ], [ -84.064759, 34.112321 ], [ -84.058054, 34.111768 ], [ -84.05512, 34.111488 ], [ -84.053967, 34.111377 ], [ -84.051695, 34.111157 ], [ -84.050655, 34.11113 ], [ -84.049823, 34.111143 ], [ -84.049119, 34.112833 ], [ -84.042809, 34.110888 ], [ -84.04134, 34.110896 ], [ -84.041128, 34.110919 ], [ -84.039563, 34.108279 ], [ -84.037727, 34.108899 ], [ -84.037037, 34.107838 ], [ -84.038075, 34.106 ], [ -84.037592, 34.104731 ], [ -84.036587, 34.105463 ], [ -84.033148, 34.103599 ], [ -84.033015, 34.103403 ], [ -84.047272, 34.088173 ], [ -84.05523, 34.082004 ], [ -84.056934, 34.080947 ], [ -84.057951, 34.080195 ], [ -84.056501, 34.080326 ], [ -84.054533, 34.081031 ], [ -84.050966, 34.081795 ], [ -84.048279, 34.082597 ], [ -84.047832, 34.082651 ], [ -84.047392, 34.082774 ], [ -84.045186, 34.083743 ], [ -84.044665, 34.084075 ], [ -84.041479, 34.082473 ], [ -84.039142, 34.08177 ], [ -84.030785, 34.07809 ], [ -84.026929, 34.074214 ], [ -84.023598, 34.071785 ], [ -84.01879, 34.069657 ], [ -84.010706, 34.067182 ], [ -84.008864, 34.066563 ], [ -84.006198, 34.064067 ], [ -84.001883, 34.061066 ], [ -83.999906, 34.060264 ], [ -83.996251, 34.060426 ], [ -83.99273, 34.058323 ], [ -83.993252, 34.057086 ], [ -84.000349, 34.056397 ], [ -84.008074, 34.054776 ], [ -84.020726, 34.050112 ], [ -84.029732, 34.044768 ], [ -84.03434, 34.041488 ], [ -84.035687, 34.040367 ], [ -84.040075, 34.036785 ], [ -84.046742, 34.031671 ], [ -84.046824, 34.031511 ], [ -84.048474, 34.030138 ], [ -84.045588, 34.026956 ], [ -84.044406, 34.028032 ], [ -84.044901, 34.030023 ], [ -84.04457, 34.031877 ], [ -84.042916, 34.03292 ], [ -84.037047, 34.035866 ], [ -84.032857, 34.036864 ], [ -84.031922, 34.036887 ], [ -84.030493, 34.036497 ], [ -84.027571, 34.035378 ], [ -84.02571, 34.035168 ], [ -84.023812, 34.035717 ], [ -84.020909, 34.031819 ], [ -84.020468, 34.02882 ], [ -84.020674, 34.02765 ], [ -84.021855, 34.026313 ], [ -84.021675, 34.022304 ], [ -84.023077, 34.021366 ], [ -84.023517, 34.020474 ], [ -84.023243, 34.018368 ], [ -84.024049, 34.016909 ], [ -84.024304, 34.014125 ], [ -84.02454, 34.008665 ], [ -84.025282, 34.00759 ], [ -84.027174, 34.006889 ], [ -84.026933, 34.005325 ], [ -84.0262, 34.005567 ], [ -84.023441, 34.006216 ], [ -84.015247, 34.014865 ], [ -84.014818, 34.016756 ], [ -84.008982, 34.01136 ], [ -84.005738, 34.013304 ], [ -84.002602, 34.017811 ], [ -84.002435, 34.020306 ], [ -84.001041, 34.021494 ], [ -84.000376, 34.021999 ], [ -83.999906, 34.021815 ], [ -83.996637, 34.023739 ], [ -83.993009, 34.023764 ], [ -83.990811, 34.024909 ], [ -83.986436, 34.019121 ], [ -83.982883, 34.020779 ], [ -83.974921, 34.020544 ], [ -83.97283, 34.017386 ], [ -83.972994, 34.015578 ], [ -83.971175, 34.012947 ], [ -83.969392, 34.011735 ], [ -83.96546, 34.007113 ], [ -83.961668, 34.00764 ], [ -83.959579, 34.007709 ], [ -83.953404, 33.999203 ], [ -83.952342, 33.996204 ], [ -83.953517, 33.992458 ], [ -83.953504, 33.984704 ], [ -83.949704, 33.983104 ], [ -83.947078, 33.98026 ], [ -83.945004, 33.976304 ], [ -83.947643, 33.972608 ], [ -83.955304, 33.969004 ], [ -83.962436, 33.966644 ], [ -83.963941, 33.965963 ], [ -83.966481, 33.964813 ], [ -83.967605, 33.964304 ], [ -83.971341, 33.962407 ], [ -83.975049, 33.95786 ], [ -83.977106, 33.957204 ], [ -83.979306, 33.956804 ], [ -83.981206, 33.951704 ], [ -83.985806, 33.956503 ], [ -83.986806, 33.956503 ], [ -83.986906, 33.957403 ], [ -83.988406, 33.957303 ], [ -83.991207, 33.957203 ], [ -83.994807, 33.956903 ], [ -84.003607, 33.959603 ], [ -84.004407, 33.960403 ], [ -84.004892, 33.960827 ], [ -84.005407, 33.961303 ], [ -84.007207, 33.963403 ], [ -84.008507, 33.965203 ], [ -84.01145, 33.966133 ], [ -84.016708, 33.967003 ], [ -84.016892, 33.967049 ], [ -84.017508, 33.967203 ], [ -84.018432, 33.966125 ], [ -84.018708, 33.965803 ], [ -84.024208, 33.962803 ], [ -84.038309, 33.958903 ], [ -84.042709, 33.958902 ], [ -84.05701, 33.960102 ], [ -84.078011, 33.962402 ], [ -84.087324, 33.963603 ], [ -84.092912, 33.964002 ], [ -84.100013, 33.964302 ], [ -84.112713, 33.960002 ], [ -84.122714, 33.956002 ], [ -84.130014, 33.952502 ], [ -84.145515, 33.944902 ], [ -84.151516, 33.946502 ], [ -84.153116, 33.947402 ], [ -84.155716, 33.951901 ], [ -84.156116, 33.955101 ], [ -84.159416, 33.958501 ], [ -84.158916, 33.959201 ], [ -84.159016, 33.962501 ], [ -84.157016, 33.965601 ], [ -84.158359, 33.967702 ], [ -84.16084, 33.970876 ], [ -84.161694, 33.971531 ], [ -84.162779, 33.971891 ], [ -84.165259, 33.972435 ], [ -84.167216, 33.973901 ], [ -84.163416, 33.976601 ], [ -84.16592, 33.978194 ], [ -84.166391, 33.978408 ], [ -84.166816, 33.978601 ], [ -84.168339, 33.981237 ], [ -84.169417, 33.983101 ], [ -84.170101, 33.983834 ], [ -84.174617, 33.9882 ], [ -84.176117, 33.9885 ], [ -84.182317, 33.9904 ], [ -84.185517, 33.9945 ], [ -84.191518, 33.9912 ], [ -84.202819, 33.9895 ], [ -84.205019, 33.9906 ], [ -84.204719, 33.9919 ], [ -84.201618, 33.9943 ], [ -84.201818, 33.9959 ], [ -84.202118, 33.9971 ], [ -84.204919, 33.9954 ], [ -84.211919, 33.9857 ], [ -84.213719, 33.983 ], [ -84.216961, 33.9771 ], [ -84.22092, 33.9697 ], [ -84.22662, 33.9619 ], [ -84.23232, 33.956101 ], [ -84.23502, 33.950101 ], [ -84.235921, 33.950401 ], [ -84.241421, 33.951301 ], [ -84.244421, 33.9549 ], [ -84.246321, 33.9586 ], [ -84.249821, 33.962 ], [ -84.255322, 33.9578 ], [ -84.255822, 33.958 ], [ -84.258022, 33.9507 ], [ -84.256822, 33.948601 ], [ -84.256822, 33.946401 ], [ -84.261162, 33.945919 ], [ -84.267422, 33.947101 ], [ -84.270329, 33.953468 ], [ -84.272522, 33.9556 ], [ -84.275856, 33.954548 ], [ -84.276222, 33.9555 ], [ -84.276442, 33.956336 ], [ -84.276722, 33.9574 ], [ -84.276822, 33.9577 ], [ -84.280623, 33.956 ], [ -84.284623, 33.9563 ], [ -84.295023, 33.9599 ], [ -84.296523, 33.9598 ], [ -84.300023, 33.9596 ], [ -84.302723, 33.96 ], [ -84.309524, 33.9637 ], [ -84.316424, 33.9658 ], [ -84.318424, 33.9667 ], [ -84.324024, 33.9669 ], [ -84.327224, 33.9674 ], [ -84.336125, 33.9703 ], [ -84.337725, 33.9704 ], [ -84.338825, 33.9693 ], [ -84.339525, 33.9689 ], [ -84.340425, 33.9697 ], [ -84.345325, 33.9663 ], [ -84.346725, 33.9671 ], [ -84.346725, 33.9677 ], [ -84.347525, 33.9678 ], [ -84.347725, 33.961101 ], [ -84.3564, 33.95668 ], [ -84.359226, 33.956001 ], [ -84.360426, 33.955901 ], [ -84.362326, 33.954901 ], [ -84.364792, 33.955171 ], [ -84.374926, 33.940701 ], [ -84.378487, 33.936836 ], [ -84.380326, 33.932401 ], [ -84.379326, 33.929201 ], [ -84.379181, 33.924999 ], [ -84.379341, 33.922825 ], [ -84.37915, 33.918938 ], [ -84.379326, 33.912702 ], [ -84.379226, 33.912102 ], [ -84.378726, 33.902602 ], [ -84.381626, 33.897702 ], [ -84.381426, 33.893602 ], [ -84.381526, 33.891102 ], [ -84.381926, 33.888202 ], [ -84.381326, 33.885703 ], [ -84.380026, 33.883103 ], [ -84.379726, 33.879103 ], [ -84.379726, 33.878203 ], [ -84.380026, 33.877003 ], [ -84.382326, 33.878203 ], [ -84.387327, 33.878303 ], [ -84.387427, 33.881141 ], [ -84.387427, 33.882903 ], [ -84.388727, 33.882903 ], [ -84.392627, 33.885103 ], [ -84.392527, 33.885703 ], [ -84.393127, 33.885903 ], [ -84.393127, 33.886503 ], [ -84.393427, 33.886203 ], [ -84.395027, 33.887703 ], [ -84.396227, 33.887003 ], [ -84.391149, 33.8811 ], [ -84.390727, 33.880603 ], [ -84.391245, 33.880344 ], [ -84.389427, 33.878503 ], [ -84.389227, 33.878303 ], [ -84.397227, 33.878303 ], [ -84.397227, 33.878903 ], [ -84.399827, 33.879003 ], [ -84.400227, 33.881403 ], [ -84.400627, 33.886403 ], [ -84.402527, 33.886803 ], [ -84.405027, 33.885303 ], [ -84.405092, 33.883075 ], [ -84.405427, 33.882203 ], [ -84.407027, 33.882303 ], [ -84.411527, 33.878703 ], [ -84.413528, 33.878903 ], [ -84.424128, 33.879403 ], [ -84.424428, 33.878903 ], [ -84.427928, 33.878903 ], [ -84.427728, 33.881003 ], [ -84.429028, 33.881303 ], [ -84.431328, 33.880403 ], [ -84.432728, 33.879003 ], [ -84.436328, 33.879003 ], [ -84.436228, 33.880903 ], [ -84.442129, 33.878903 ], [ -84.443229, 33.878703 ], [ -84.444029, 33.877503 ], [ -84.446829, 33.875903 ], [ -84.451329, 33.871303 ], [ -84.453729, 33.867903 ], [ -84.455929, 33.864703 ], [ -84.454229, 33.861004 ], [ -84.454229, 33.858904 ], [ -84.459829, 33.853204 ], [ -84.460129, 33.851804 ], [ -84.458714, 33.849035 ], [ -84.460429, 33.841104 ], [ -84.457929, 33.833804 ], [ -84.455129, 33.828804 ], [ -84.455429, 33.827004 ], [ -84.455829, 33.825804 ], [ -84.457629, 33.824504 ], [ -84.463129, 33.827104 ], [ -84.46843, 33.827404 ], [ -84.47133, 33.825905 ], [ -84.47563, 33.822005 ], [ -84.48023, 33.817205 ], [ -84.48333, 33.814705 ], [ -84.48553, 33.813605 ], [ -84.48903, 33.812805 ], [ -84.495331, 33.808405 ], [ -84.497583, 33.806042 ], [ -84.498731, 33.804805 ], [ -84.502631, 33.799405 ], [ -84.507731, 33.795706 ], [ -84.515411, 33.790334 ], [ -84.520431, 33.787806 ], [ -84.529131, 33.783306 ], [ -84.531231, 33.781806 ], [ -84.533431, 33.779306 ], [ -84.538031, 33.771106 ], [ -84.539931, 33.769506 ], [ -84.552032, 33.772606 ], [ -84.560832, 33.774206 ], [ -84.561532, 33.775306 ], [ -84.565432, 33.777206 ], [ -84.568932, 33.778206 ], [ -84.575332, 33.778506 ], [ -84.573832, 33.781106 ], [ -84.573732, 33.782106 ], [ -84.573832, 33.783306 ], [ -84.575832, 33.786406 ], [ -84.575932, 33.789406 ], [ -84.572932, 33.794806 ], [ -84.567432, 33.801606 ], [ -84.569332, 33.805105 ], [ -84.564332, 33.807005 ], [ -84.564032, 33.815305 ], [ -84.561832, 33.814205 ], [ -84.557232, 33.818405 ], [ -84.553832, 33.823905 ], [ -84.547832, 33.828205 ], [ -84.545632, 33.831805 ], [ -84.541598, 33.831937 ], [ -84.540209, 33.831983 ], [ -84.538613, 33.832403 ], [ -84.537084, 33.834458 ], [ -84.537046, 33.835185 ], [ -84.540332, 33.837504 ], [ -84.5368, 33.839087 ], [ -84.536781, 33.840271 ], [ -84.533628, 33.840781 ], [ -84.53287, 33.840814 ], [ -84.533104, 33.841174 ], [ -84.532931, 33.841304 ], [ -84.533079, 33.841649 ], [ -84.532641, 33.84209 ], [ -84.532408, 33.841947 ], [ -84.532442, 33.842642 ], [ -84.532539, 33.844632 ], [ -84.532539, 33.844758 ], [ -84.532371, 33.845839 ], [ -84.534332, 33.846304 ], [ -84.546132, 33.845704 ], [ -84.551032, 33.848204 ], [ -84.558732, 33.851804 ], [ -84.559332, 33.849204 ], [ -84.560232, 33.852304 ], [ -84.559554, 33.854057 ], [ -84.561428, 33.856286 ], [ -84.558432, 33.861604 ], [ -84.557032, 33.863104 ], [ -84.556232, 33.866204 ], [ -84.556332, 33.869804 ], [ -84.556032, 33.872104 ], [ -84.557632, 33.877103 ], [ -84.553059, 33.877029 ], [ -84.552764, 33.880303 ], [ -84.553632, 33.880303 ], [ -84.555832, 33.880303 ], [ -84.555332, 33.881403 ], [ -84.555132, 33.884803 ], [ -84.554132, 33.887203 ], [ -84.553332, 33.887303 ], [ -84.551032, 33.888303 ], [ -84.548332, 33.889203 ], [ -84.546932, 33.889303 ], [ -84.543632, 33.894403 ], [ -84.541432, 33.897503 ], [ -84.544432, 33.897403 ], [ -84.544932, 33.901003 ], [ -84.548532, 33.901203 ], [ -84.548432, 33.901503 ], [ -84.548832, 33.902003 ], [ -84.547613, 33.901943 ], [ -84.545832, 33.902403 ], [ -84.545832, 33.902003 ], [ -84.541132, 33.901903 ], [ -84.539832, 33.901803 ], [ -84.538926, 33.901885 ], [ -84.538171, 33.901903 ], [ -84.537632, 33.901903 ], [ -84.534732, 33.901803 ], [ -84.531693, 33.901815 ], [ -84.526398, 33.903722 ], [ -84.525631, 33.903903 ], [ -84.52531, 33.903261 ], [ -84.525131, 33.902903 ], [ -84.524731, 33.902903 ], [ -84.524031, 33.901803 ], [ -84.523731, 33.901803 ], [ -84.522531, 33.899503 ], [ -84.521731, 33.898003 ], [ -84.521031, 33.896703 ], [ -84.520602, 33.89682 ], [ -84.518331, 33.897103 ], [ -84.518131, 33.897103 ], [ -84.518131, 33.897503 ], [ -84.507018, 33.897235 ], [ -84.506482, 33.897301 ], [ -84.500336, 33.900752 ], [ -84.496791, 33.897769 ], [ -84.496536, 33.898088 ], [ -84.500555, 33.901504 ], [ -84.500323, 33.908509 ], [ -84.495949, 33.908482 ], [ -84.495831, 33.911902 ], [ -84.504725, 33.921399 ], [ -84.505131, 33.921902 ], [ -84.504731, 33.922102 ], [ -84.506731, 33.925502 ], [ -84.507831, 33.926902 ], [ -84.508231, 33.928202 ], [ -84.515831, 33.942202 ], [ -84.518665, 33.947156 ], [ -84.520532, 33.950801 ], [ -84.525132, 33.957501 ], [ -84.527569, 33.960404 ], [ -84.527593, 33.960404 ], [ -84.528332, 33.960301 ], [ -84.531632, 33.963201 ], [ -84.536532, 33.967501 ], [ -84.543206, 33.973584 ], [ -84.545132, 33.975101 ], [ -84.547232, 33.976001 ], [ -84.547332, 33.976401 ], [ -84.547432, 33.976201 ], [ -84.548666, 33.976715 ], [ -84.549832, 33.977201 ], [ -84.549584, 33.976498 ], [ -84.550413, 33.975303 ], [ -84.550832, 33.97534 ], [ -84.551262, 33.976387 ], [ -84.554637, 33.976389 ], [ -84.553892, 33.975647 ], [ -84.551312, 33.974354 ], [ -84.553513, 33.975063 ], [ -84.555559, 33.977276 ], [ -84.558321, 33.978572 ], [ -84.558575, 33.980684 ], [ -84.558532, 33.980901 ], [ -84.55986, 33.981534 ], [ -84.562255, 33.982643 ], [ -84.569926, 33.98619 ], [ -84.570909, 33.986641 ], [ -84.575133, 33.988601 ], [ -84.576333, 33.988501 ], [ -84.576233, 33.986401 ], [ -84.575333, 33.985101 ], [ -84.575733, 33.983801 ], [ -84.577433, 33.984301 ], [ -84.586733, 33.981801 ], [ -84.589033, 33.977701 ], [ -84.591958, 33.975197 ], [ -84.592926, 33.973079 ], [ -84.592455, 33.971969 ], [ -84.592533, 33.971901 ], [ -84.593608, 33.96652 ], [ -84.593833, 33.963501 ], [ -84.593733, 33.963101 ], [ -84.588933, 33.962301 ], [ -84.585833, 33.960301 ], [ -84.584833, 33.959101 ], [ -84.584433, 33.958701 ], [ -84.587133, 33.958901 ], [ -84.591433, 33.956901 ], [ -84.596041, 33.953765 ], [ -84.597459, 33.953259 ], [ -84.608233, 33.955102 ], [ -84.611734, 33.953202 ], [ -84.609133, 33.949302 ], [ -84.608733, 33.945102 ], [ -84.605633, 33.944902 ], [ -84.605633, 33.939388 ], [ -84.606533, 33.937002 ], [ -84.602533, 33.929302 ], [ -84.601433, 33.929102 ], [ -84.601433, 33.920502 ], [ -84.6015, 33.91912 ], [ -84.597237, 33.918137 ], [ -84.596933, 33.910803 ], [ -84.603633, 33.905503 ], [ -84.605433, 33.904903 ], [ -84.619333, 33.902403 ], [ -84.625634, 33.900303 ], [ -84.630134, 33.899303 ], [ -84.634534, 33.898503 ], [ -84.639434, 33.897603 ], [ -84.645134, 33.896603 ], [ -84.649634, 33.896603 ], [ -84.656534, 33.898803 ], [ -84.666934, 33.902103 ], [ -84.672735, 33.902303 ], [ -84.700935, 33.902603 ], [ -84.702235, 33.902503 ], [ -84.706735, 33.902203 ], [ -84.709335, 33.902903 ], [ -84.724236, 33.903303 ], [ -84.724036, 33.912603 ], [ -84.724036, 33.912903 ], [ -84.723536, 33.934802 ], [ -84.723236, 33.947202 ], [ -84.723236, 33.947502 ], [ -84.724736, 33.947702 ], [ -84.736536, 33.947802 ], [ -84.739636, 33.947602 ], [ -84.739536, 33.958902 ], [ -84.739436, 33.958902 ], [ -84.739536, 33.969002 ], [ -84.739436, 33.977801 ], [ -84.739337, 33.990601 ], [ -84.739237, 34.002901 ], [ -84.739237, 34.003165 ], [ -84.739237, 34.006401 ], [ -84.738936, 34.0298 ], [ -84.738836, 34.035 ], [ -84.738655, 34.042557 ], [ -84.738436, 34.057499 ], [ -84.737836, 34.079399 ], [ -84.729236, 34.079199 ], [ -84.702835, 34.078799 ], [ -84.692735, 34.078599 ], [ -84.690335, 34.078599 ], [ -84.689822, 34.078582 ], [ -84.684735, 34.078499 ], [ -84.676681, 34.078303 ], [ -84.676435, 34.078299 ], [ -84.671529, 34.078182 ], [ -84.670371, 34.078165 ], [ -84.670032, 34.07816 ], [ -84.669465, 34.078152 ], [ -84.667779, 34.078127 ], [ -84.663676, 34.078065 ], [ -84.663188, 34.077522 ], [ -84.662804, 34.077516 ], [ -84.662466, 34.077088 ], [ -84.662488, 34.077505 ], [ -84.662334, 34.077499 ], [ -84.66212, 34.078042 ], [ -84.661656, 34.078035 ], [ -84.659234, 34.077999 ], [ -84.658834, 34.095598 ], [ -84.658582, 34.107107 ], [ -84.658534, 34.109298 ], [ -84.658067, 34.129546 ], [ -84.657997, 34.134298 ], [ -84.657974, 34.135852 ], [ -84.657856, 34.143702 ], [ -84.655306, 34.141347 ], [ -84.650909, 34.139361 ], [ -84.647349, 34.138415 ], [ -84.640112, 34.140268 ], [ -84.638843, 34.139545 ], [ -84.635407, 34.133533 ], [ -84.634904, 34.131272 ], [ -84.632263, 34.128432 ], [ -84.629868, 34.128331 ], [ -84.624933, 34.12923 ], [ -84.62254, 34.130989 ], [ -84.622536, 34.133566 ], [ -84.620846, 34.1398 ], [ -84.620426, 34.144219 ], [ -84.620848, 34.146079 ], [ -84.623041, 34.150289 ], [ -84.624029, 34.151459 ], [ -84.626987, 34.153243 ], [ -84.627607, 34.154794 ], [ -84.626921, 34.15584 ], [ -84.624933, 34.157228 ], [ -84.62241, 34.157946 ], [ -84.61177, 34.158742 ], [ -84.611583, 34.160132 ], [ -84.611771, 34.161906 ], [ -84.612612, 34.163779 ], [ -84.616058, 34.167881 ], [ -84.619693, 34.169882 ], [ -84.623919, 34.171277 ], [ -84.626196, 34.172218 ], [ -84.627578, 34.173463 ], [ -84.627932, 34.174734 ], [ -84.626952, 34.176251 ], [ -84.624933, 34.176969 ], [ -84.623271, 34.176589 ], [ -84.619349, 34.173484 ], [ -84.617429, 34.172436 ], [ -84.616137, 34.172536 ], [ -84.615016, 34.173942 ], [ -84.614796, 34.178802 ], [ -84.612458, 34.180082 ], [ -84.611475, 34.180034 ], [ -84.610694, 34.179008 ], [ -84.609558, 34.175386 ], [ -84.601168, 34.175723 ], [ -84.596093, 34.175132 ], [ -84.59005, 34.171859 ], [ -84.583875, 34.16565 ], [ -84.58092, 34.161801 ], [ -84.572525, 34.152038 ], [ -84.570678, 34.149072 ], [ -84.565411, 34.152522 ], [ -84.563202, 34.154784 ], [ -84.561799, 34.157815 ], [ -84.561018, 34.15837 ], [ -84.559965, 34.158185 ], [ -84.55398, 34.153715 ], [ -84.548577, 34.151622 ], [ -84.542564, 34.148007 ], [ -84.539636, 34.147975 ], [ -84.539042, 34.146965 ], [ -84.539199, 34.144661 ], [ -84.538485, 34.143529 ], [ -84.533613, 34.140155 ], [ -84.531107, 34.141306 ], [ -84.52876, 34.140986 ], [ -84.527494, 34.138913 ], [ -84.52744, 34.138082 ], [ -84.527416, 34.137715 ], [ -84.524945, 34.134324 ], [ -84.520421, 34.130127 ], [ -84.519799, 34.129888 ], [ -84.517074, 34.12712 ], [ -84.515244, 34.127144 ], [ -84.513211, 34.12888 ], [ -84.511973, 34.128971 ], [ -84.506493, 34.125849 ], [ -84.505214, 34.125097 ], [ -84.505461, 34.124289 ], [ -84.504604, 34.121271 ], [ -84.50453, 34.121197 ], [ -84.504436, 34.121244 ], [ -84.50433, 34.121297 ], [ -84.50313, 34.120197 ], [ -84.49523, 34.120797 ], [ -84.493384, 34.121427 ], [ -84.492438, 34.123373 ], [ -84.49117, 34.12412 ], [ -84.48464, 34.123998 ], [ -84.480413, 34.121938 ], [ -84.479131, 34.122549 ], [ -84.478796, 34.123304 ], [ -84.478387, 34.125097 ], [ -84.478941, 34.127193 ], [ -84.478721, 34.127994 ], [ -84.470162, 34.13182 ], [ -84.468868, 34.131042 ], [ -84.468647, 34.129371 ], [ -84.467711, 34.128433 ], [ -84.463387, 34.125847 ], [ -84.462011, 34.126076 ], [ -84.46091, 34.127267 ], [ -84.459397, 34.131181 ], [ -84.453045, 34.137157 ], [ -84.456068, 34.140408 ], [ -84.463529, 34.139147 ], [ -84.463585, 34.144985 ], [ -84.465955, 34.151509 ], [ -84.466066, 34.154233 ], [ -84.455521, 34.155998 ], [ -84.455328, 34.157234 ], [ -84.457698, 34.1641 ], [ -84.459157, 34.164947 ], [ -84.462172, 34.165603 ], [ -84.465572, 34.169677 ], [ -84.469157, 34.173988 ], [ -84.473895, 34.175108 ], [ -84.476981, 34.177443 ], [ -84.477974, 34.182456 ], [ -84.478636, 34.183188 ], [ -84.480537, 34.184905 ], [ -84.481117, 34.18495 ], [ -84.481902, 34.186487 ], [ -84.481894, 34.187469 ], [ -84.479106, 34.187011 ], [ -84.46627, 34.18896 ], [ -84.455569, 34.200811 ], [ -84.454784, 34.202904 ], [ -84.453338, 34.201499 ], [ -84.449852, 34.196219 ], [ -84.448254, 34.195144 ], [ -84.445499, 34.194617 ], [ -84.439851, 34.195533 ], [ -84.434975, 34.198806 ], [ -84.430209, 34.199401 ], [ -84.422026, 34.195806 ], [ -84.420538, 34.198576 ], [ -84.417645, 34.199697 ], [ -84.413457, 34.202282 ], [ -84.409185, 34.206058 ], [ -84.396507, 34.212166 ], [ -84.394305, 34.208136 ], [ -84.393068, 34.204107 ], [ -84.39103, 34.202641 ], [ -84.388027, 34.202187 ], [ -84.386127, 34.201173 ], [ -84.378745, 34.19895 ], [ -84.377231, 34.197645 ] ] ] } },
{ "type": "Feature", "properties": { "DISTRICT": "7", "STARTCONG": "105", "ENDCONG": "107", "ST": "14", "STA": "GA", "ELECT_YEAR": "1996-2000", "TYPE": "US Cong" }, "geometry": { "type": "Polygon", "coordinates": [ [ [ -85.353477, 34.589256 ], [ -85.349343, 34.589241 ], [ -85.322628, 34.589144 ], [ -85.297783, 34.589054 ], [ -85.281504, 34.588996 ], [ -85.242839, 34.588886 ], [ -85.241415, 34.588887 ], [ -85.204707, 34.588883 ], [ -85.2047, 34.588841 ], [ -85.142304, 34.588117 ], [ -85.124949, 34.588135 ], [ -85.124949, 34.587583 ], [ -85.107748, 34.587483 ], [ -85.099753, 34.587416 ], [ -85.088525, 34.587322 ], [ -85.086267, 34.587303 ], [ -85.079947, 34.58725 ], [ -85.069159, 34.587184 ], [ -85.069295, 34.575035 ], [ -85.064169, 34.574886 ], [ -85.063507, 34.542548 ], [ -85.077003, 34.542245 ], [ -85.089997, 34.541915 ], [ -85.090067, 34.463527 ], [ -85.111361, 34.46338 ], [ -85.112096, 34.461684 ], [ -85.11146, 34.460905 ], [ -85.110022, 34.459761 ], [ -85.109165, 34.459853 ], [ -85.102611, 34.453489 ], [ -85.10197, 34.452269 ], [ -85.101227, 34.450696 ], [ -85.101392, 34.447422 ], [ -85.101944, 34.446277 ], [ -85.10175, 34.444629 ], [ -85.099206, 34.442591 ], [ -85.097631, 34.442546 ], [ -85.095107, 34.440928 ], [ -85.0895, 34.427664 ], [ -85.088947, 34.425168 ], [ -85.088648, 34.42498 ], [ -85.090423, 34.423929 ], [ -85.098049, 34.422406 ], [ -85.100221, 34.421356 ], [ -85.107121, 34.415672 ], [ -85.107774, 34.41094 ], [ -85.10535, 34.405342 ], [ -85.104444, 34.404278 ], [ -85.10065, 34.404037 ], [ -85.087946, 34.401273 ], [ -85.041831, 34.401326 ], [ -85.039036, 34.40133 ], [ -85.033801, 34.401354 ], [ -85.032849, 34.401333 ], [ -85.031701, 34.401307 ], [ -85.031714, 34.399792 ], [ -85.026873, 34.399644 ], [ -85.027031, 34.393993 ], [ -85.023497, 34.392176 ], [ -85.023782, 34.391754 ], [ -85.020557, 34.391096 ], [ -85.01893, 34.392316 ], [ -85.005775, 34.392446 ], [ -84.994809, 34.392525 ], [ -84.992981, 34.392654 ], [ -84.99303, 34.392492 ], [ -84.98926, 34.392453 ], [ -84.989556, 34.388883 ], [ -84.989918, 34.384525 ], [ -84.981626, 34.384714 ], [ -84.980054, 34.384772 ], [ -84.979945, 34.391399 ], [ -84.979633, 34.39763 ], [ -84.970777, 34.397734 ], [ -84.970441, 34.384378 ], [ -84.953743, 34.38419 ], [ -84.952546, 34.398955 ], [ -84.942315, 34.398836 ], [ -84.934703, 34.398746 ], [ -84.934072, 34.398739 ], [ -84.932327, 34.398718 ], [ -84.928942, 34.398685 ], [ -84.919738, 34.398729 ], [ -84.918799, 34.398734 ], [ -84.897989, 34.398662 ], [ -84.89619, 34.398307 ], [ -84.896194, 34.397432 ], [ -84.896282, 34.396297 ], [ -84.882347, 34.396641 ], [ -84.862737, 34.396599 ], [ -84.837061, 34.397721 ], [ -84.826086, 34.397628 ], [ -84.777705, 34.397061 ], [ -84.75365, 34.396741 ], [ -84.734118, 34.396495 ], [ -84.734004, 34.401998 ], [ -84.733878, 34.412968 ], [ -84.698812, 34.412884 ], [ -84.653232, 34.41259 ], [ -84.653737, 34.385088 ], [ -84.653768, 34.384041 ], [ -84.654038, 34.355176 ], [ -84.644293, 34.355168 ], [ -84.644682, 34.346829 ], [ -84.64616, 34.346845 ], [ -84.653998, 34.346934 ], [ -84.653953, 34.331771 ], [ -84.653233, 34.251121 ], [ -84.65375, 34.227213 ], [ -84.655905, 34.213656 ], [ -84.657717, 34.202675 ], [ -84.657881, 34.15596 ], [ -84.657861, 34.151431 ], [ -84.657848, 34.148384 ], [ -84.657846, 34.147834 ], [ -84.65784, 34.146467 ], [ -84.657856, 34.143702 ], [ -84.657974, 34.135852 ], [ -84.657997, 34.134298 ], [ -84.658067, 34.129546 ], [ -84.658534, 34.109298 ], [ -84.658582, 34.107107 ], [ -84.658834, 34.095598 ], [ -84.659234, 34.077999 ], [ -84.661656, 34.078035 ], [ -84.66212, 34.078042 ], [ -84.662334, 34.077499 ], [ -84.662488, 34.077505 ], [ -84.662466, 34.077088 ], [ -84.662804, 34.077516 ], [ -84.663188, 34.077522 ], [ -84.663676, 34.078065 ], [ -84.667779, 34.078127 ], [ -84.669465, 34.078152 ], [ -84.670032, 34.07816 ], [ -84.670371, 34.078165 ], [ -84.671529, 34.078182 ], [ -84.676435, 34.078299 ], [ -84.676681, 34.078303 ], [ -84.684735, 34.078499 ], [ -84.689822, 34.078582 ], [ -84.690335, 34.078599 ], [ -84.692735, 34.078599 ], [ -84.702835, 34.078799 ], [ -84.729236, 34.079199 ], [ -84.737836, 34.079399 ], [ -84.738436, 34.057499 ], [ -84.738655, 34.042557 ], [ -84.738836, 34.035 ], [ -84.738936, 34.0298 ], [ -84.739237, 34.006401 ], [ -84.739237, 34.003165 ], [ -84.739237, 34.002901 ], [ -84.739337, 33.990601 ], [ -84.739436, 33.977801 ], [ -84.739536, 33.969002 ], [ -84.739436, 33.958902 ], [ -84.739536, 33.958902 ], [ -84.739636, 33.947602 ], [ -84.736536, 33.947802 ], [ -84.724736, 33.947702 ], [ -84.723236, 33.947502 ], [ -84.723236, 33.947202 ], [ -84.723536, 33.934802 ], [ -84.724036, 33.912903 ], [ -84.724036, 33.912603 ], [ -84.724236, 33.903303 ], [ -84.709335, 33.902903 ], [ -84.706735, 33.902203 ], [ -84.702235, 33.902503 ], [ -84.700935, 33.902603 ], [ -84.672735, 33.902303 ], [ -84.666934, 33.902103 ], [ -84.656534, 33.898803 ], [ -84.649634, 33.896603 ], [ -84.645134, 33.896603 ], [ -84.639434, 33.897603 ], [ -84.634534, 33.898503 ], [ -84.630134, 33.899303 ], [ -84.625634, 33.900303 ], [ -84.619333, 33.902403 ], [ -84.605433, 33.904903 ], [ -84.603633, 33.905503 ], [ -84.596933, 33.910803 ], [ -84.597237, 33.918137 ], [ -84.6015, 33.91912 ], [ -84.601433, 33.920502 ], [ -84.601433, 33.929102 ], [ -84.602533, 33.929302 ], [ -84.606533, 33.937002 ], [ -84.605633, 33.939388 ], [ -84.605633, 33.944902 ], [ -84.608733, 33.945102 ], [ -84.609133, 33.949302 ], [ -84.611734, 33.953202 ], [ -84.608233, 33.955102 ], [ -84.597459, 33.953259 ], [ -84.596041, 33.953765 ], [ -84.591433, 33.956901 ], [ -84.587133, 33.958901 ], [ -84.584433, 33.958701 ], [ -84.584833, 33.959101 ], [ -84.585833, 33.960301 ], [ -84.588933, 33.962301 ], [ -84.593733, 33.963101 ], [ -84.593833, 33.963501 ], [ -84.593608, 33.96652 ], [ -84.592533, 33.971901 ], [ -84.592455, 33.971969 ], [ -84.592926, 33.973079 ], [ -84.591958, 33.975197 ], [ -84.589033, 33.977701 ], [ -84.586733, 33.981801 ], [ -84.577433, 33.984301 ], [ -84.575733, 33.983801 ], [ -84.575333, 33.985101 ], [ -84.576233, 33.986401 ], [ -84.576333, 33.988501 ], [ -84.575133, 33.988601 ], [ -84.570909, 33.986641 ], [ -84.569926, 33.98619 ], [ -84.562255, 33.982643 ], [ -84.55986, 33.981534 ], [ -84.558532, 33.980901 ], [ -84.558575, 33.980684 ], [ -84.558321, 33.978572 ], [ -84.555559, 33.977276 ], [ -84.553513, 33.975063 ], [ -84.551312, 33.974354 ], [ -84.553892, 33.975647 ], [ -84.554637, 33.976389 ], [ -84.551262, 33.976387 ], [ -84.550832, 33.97534 ], [ -84.550413, 33.975303 ], [ -84.549584, 33.976498 ], [ -84.549832, 33.977201 ], [ -84.548666, 33.976715 ], [ -84.547432, 33.976201 ], [ -84.547332, 33.976401 ], [ -84.547232, 33.976001 ], [ -84.545132, 33.975101 ], [ -84.543206, 33.973584 ], [ -84.536532, 33.967501 ], [ -84.531632, 33.963201 ], [ -84.528332, 33.960301 ], [ -84.527593, 33.960404 ], [ -84.527569, 33.960404 ], [ -84.525132, 33.957501 ], [ -84.520532, 33.950801 ], [ -84.518665, 33.947156 ], [ -84.515831, 33.942202 ], [ -84.508231, 33.928202 ], [ -84.507831, 33.926902 ], [ -84.506731, 33.925502 ], [ -84.504731, 33.922102 ], [ -84.505131, 33.921902 ], [ -84.504725, 33.921399 ], [ -84.495831, 33.911902 ], [ -84.495949, 33.908482 ], [ -84.500323, 33.908509 ], [ -84.500555, 33.901504 ], [ -84.496536, 33.898088 ], [ -84.496791, 33.897769 ], [ -84.500336, 33.900752 ], [ -84.506482, 33.897301 ], [ -84.507018, 33.897235 ], [ -84.518131, 33.897503 ], [ -84.518131, 33.897103 ], [ -84.518331, 33.897103 ], [ -84.520602, 33.89682 ], [ -84.521031, 33.896703 ], [ -84.521731, 33.898003 ], [ -84.522531, 33.899503 ], [ -84.523731, 33.901803 ], [ -84.524031, 33.901803 ], [ -84.524731, 33.902903 ], [ -84.525131, 33.902903 ], [ -84.52531, 33.903261 ], [ -84.525631, 33.903903 ], [ -84.526398, 33.903722 ], [ -84.531693, 33.901815 ], [ -84.534732, 33.901803 ], [ -84.537632, 33.901903 ], [ -84.538171, 33.901903 ], [ -84.538926, 33.901885 ], [ -84.539832, 33.901803 ], [ -84.541132, 33.901903 ], [ -84.545832, 33.902003 ], [ -84.545832, 33.902403 ], [ -84.547613, 33.901943 ], [ -84.548832, 33.902003 ], [ -84.548432, 33.901503 ], [ -84.548532, 33.901203 ], [ -84.544932, 33.901003 ], [ -84.544432, 33.897403 ], [ -84.541432, 33.897503 ], [ -84.543632, 33.894403 ], [ -84.546932, 33.889303 ], [ -84.548332, 33.889203 ], [ -84.551032, 33.888303 ], [ -84.553332, 33.887303 ], [ -84.554132, 33.887203 ], [ -84.555132, 33.884803 ], [ -84.555332, 33.881403 ], [ -84.555832, 33.880303 ], [ -84.553632, 33.880303 ], [ -84.552764, 33.880303 ], [ -84.553059, 33.877029 ], [ -84.557632, 33.877103 ], [ -84.556032, 33.872104 ], [ -84.556332, 33.869804 ], [ -84.556232, 33.866204 ], [ -84.557032, 33.863104 ], [ -84.558432, 33.861604 ], [ -84.561428, 33.856286 ], [ -84.559554, 33.854057 ], [ -84.560232, 33.852304 ], [ -84.559332, 33.849204 ], [ -84.558732, 33.851804 ], [ -84.551032, 33.848204 ], [ -84.546132, 33.845704 ], [ -84.534332, 33.846304 ], [ -84.532371, 33.845839 ], [ -84.532539, 33.844758 ], [ -84.532539, 33.844632 ], [ -84.532442, 33.842642 ], [ -84.532408, 33.841947 ], [ -84.532641, 33.84209 ], [ -84.533079, 33.841649 ], [ -84.532931, 33.841304 ], [ -84.533104, 33.841174 ], [ -84.53287, 33.840814 ], [ -84.533628, 33.840781 ], [ -84.536781, 33.840271 ], [ -84.5368, 33.839087 ], [ -84.540332, 33.837504 ], [ -84.537046, 33.835185 ], [ -84.537084, 33.834458 ], [ -84.538613, 33.832403 ], [ -84.540209, 33.831983 ], [ -84.541598, 33.831937 ], [ -84.545632, 33.831805 ], [ -84.547832, 33.828205 ], [ -84.553832, 33.823905 ], [ -84.557232, 33.818405 ], [ -84.561832, 33.814205 ], [ -84.564032, 33.815305 ], [ -84.564332, 33.807005 ], [ -84.569332, 33.805105 ], [ -84.567432, 33.801606 ], [ -84.572932, 33.794806 ], [ -84.575932, 33.789406 ], [ -84.575832, 33.786406 ], [ -84.573832, 33.783306 ], [ -84.573732, 33.782106 ], [ -84.573832, 33.781106 ], [ -84.575332, 33.778506 ], [ -84.568932, 33.778206 ], [ -84.565432, 33.777206 ], [ -84.561532, 33.775306 ], [ -84.560832, 33.774206 ], [ -84.552032, 33.772606 ], [ -84.539931, 33.769506 ], [ -84.544432, 33.767406 ], [ -84.552632, 33.762407 ], [ -84.559232, 33.757707 ], [ -84.573432, 33.745507 ], [ -84.578132, 33.743507 ], [ -84.581932, 33.738507 ], [ -84.585432, 33.730507 ], [ -84.586832, 33.729107 ], [ -84.589818, 33.728907 ], [ -84.592732, 33.729407 ], [ -84.594332, 33.729007 ], [ -84.598332, 33.726608 ], [ -84.600772, 33.725029 ], [ -84.601732, 33.724408 ], [ -84.602532, 33.719708 ], [ -84.605037, 33.717306 ], [ -84.608032, 33.712908 ], [ -84.615732, 33.709608 ], [ -84.621232, 33.704508 ], [ -84.624309, 33.703344 ], [ -84.625342, 33.70296 ], [ -84.626959, 33.702374 ], [ -84.631833, 33.700608 ], [ -84.632633, 33.699308 ], [ -84.630033, 33.692908 ], [ -84.630533, 33.690308 ], [ -84.640833, 33.683809 ], [ -84.649033, 33.685909 ], [ -84.652733, 33.683609 ], [ -84.653733, 33.675209 ], [ -84.651933, 33.670609 ], [ -84.651933, 33.667909 ], [ -84.654607, 33.662858 ], [ -84.656433, 33.659409 ], [ -84.661433, 33.657009 ], [ -84.673533, 33.656609 ], [ -84.677133, 33.655409 ], [ -84.685833, 33.651109 ], [ -84.710534, 33.646409 ], [ -84.716734, 33.64181 ], [ -84.725234, 33.63921 ], [ -84.730034, 33.63651 ], [ -84.731134, 33.63451 ], [ -84.731534, 33.63131 ], [ -84.735234, 33.62511 ], [ -84.735712, 33.624613 ], [ -84.737715, 33.623611 ], [ -84.73964, 33.623348 ], [ -84.741775, 33.623763 ], [ -84.746135, 33.62961 ], [ -84.752735, 33.63021 ], [ -84.755035, 33.62511 ], [ -84.760559, 33.61709 ], [ -84.763097, 33.614211 ], [ -84.775591, 33.609662 ], [ -84.78042, 33.606249 ], [ -84.783292, 33.603572 ], [ -84.788498, 33.599302 ], [ -84.796536, 33.595592 ], [ -84.801231, 33.590007 ], [ -84.804987, 33.587309 ], [ -84.807398, 33.583087 ], [ -84.808934, 33.574085 ], [ -84.810192, 33.571627 ], [ -84.811797, 33.570489 ], [ -84.817699, 33.567918 ], [ -84.823606, 33.564192 ], [ -84.826122, 33.56056 ], [ -84.826962, 33.557388 ], [ -84.827686, 33.553471 ], [ -84.830648, 33.550934 ], [ -84.832134, 33.548672 ], [ -84.8326, 33.547062 ], [ -84.832336, 33.545267 ], [ -84.830613, 33.543223 ], [ -84.827554, 33.541804 ], [ -84.824876, 33.538572 ], [ -84.822117, 33.532157 ], [ -84.821003, 33.530636 ], [ -84.816698, 33.526854 ], [ -84.815161, 33.52465 ], [ -84.814722, 33.522426 ], [ -84.815057, 33.521194 ], [ -84.818079, 33.518447 ], [ -84.827611, 33.513329 ], [ -84.831072, 33.512896 ], [ -84.834695, 33.513215 ], [ -84.841042, 33.514821 ], [ -84.844286, 33.514692 ], [ -84.849311, 33.513184 ], [ -84.850713, 33.511457 ], [ -84.851242, 33.510628 ], [ -84.851463, 33.505116 ], [ -84.852192, 33.501772 ], [ -84.853574, 33.498483 ], [ -84.856302, 33.495074 ], [ -84.860773, 33.493077 ], [ -84.866614, 33.491741 ], [ -84.875478, 33.492417 ], [ -84.881947, 33.487184 ], [ -84.886111, 33.483932 ], [ -84.893095, 33.479621 ], [ -84.894763, 33.478339 ], [ -84.901368, 33.476531 ], [ -84.907289, 33.471392 ], [ -84.908915, 33.468684 ], [ -84.908288, 33.461752 ], [ -84.909346, 33.459533 ], [ -84.916738, 33.457582 ], [ -84.919195, 33.455651 ], [ -84.920498, 33.452264 ], [ -84.92041, 33.450548 ], [ -84.91924, 33.448512 ], [ -84.9213, 33.445267 ], [ -84.929805, 33.443046 ], [ -84.932536, 33.441736 ], [ -84.935378, 33.437421 ], [ -84.935974, 33.437182 ], [ -84.942254, 33.436426 ], [ -84.945106, 33.437207 ], [ -84.950103, 33.440849 ], [ -84.955996, 33.440816 ], [ -84.95767, 33.442071 ], [ -84.966067, 33.448759 ], [ -84.972878, 33.45183 ], [ -84.973902, 33.452679 ], [ -84.977555, 33.455772 ], [ -84.980957, 33.457139 ], [ -84.983874, 33.457335 ], [ -84.986211, 33.456465 ], [ -84.988757, 33.453582 ], [ -84.989061, 33.452141 ], [ -84.985199, 33.445801 ], [ -84.985154, 33.442691 ], [ -84.986542, 33.441287 ], [ -84.995014, 33.436215 ], [ -84.997192, 33.435033 ], [ -84.999941, 33.434126 ], [ -85.00346, 33.433215 ], [ -85.012461, 33.430542 ], [ -85.013949, 33.428582 ], [ -85.015358, 33.425506 ], [ -85.004005, 33.396006 ], [ -84.997347, 33.379017 ], [ -84.98641, 33.350539 ], [ -84.98451, 33.345511 ], [ -84.979745, 33.332826 ], [ -84.978574, 33.329715 ], [ -84.968201, 33.302164 ], [ -84.958646, 33.277053 ], [ -84.958583, 33.282365 ], [ -84.956894, 33.282353 ], [ -84.948815, 33.282278 ], [ -84.94881, 33.265654 ], [ -84.954578, 33.265608 ], [ -84.948988, 33.25123 ], [ -84.948556, 33.250119 ], [ -84.943742, 33.237294 ], [ -84.939148, 33.225048 ], [ -84.93779, 33.226521 ], [ -84.933196, 33.224634 ], [ -84.93226, 33.224623 ], [ -84.899857, 33.224299 ], [ -84.865016, 33.223786 ], [ -84.861938, 33.223742 ], [ -84.862198, 33.207542 ], [ -84.871954, 33.207433 ], [ -84.870591, 33.205716 ], [ -84.869198, 33.199029 ], [ -84.869904, 33.195662 ], [ -84.867534, 33.195709 ], [ -84.865138, 33.198115 ], [ -84.862382, 33.199143 ], [ -84.862359, 33.191174 ], [ -84.86249, 33.18685 ], [ -84.86249, 33.183508 ], [ -84.862515, 33.182499 ], [ -84.862578, 33.166223 ], [ -84.86261, 33.158048 ], [ -84.863258, 33.106898 ], [ -84.863332, 33.097145 ], [ -84.863448, 33.082057 ], [ -84.863438, 33.037761 ], [ -84.863383, 33.035838 ], [ -84.864107, 32.995612 ], [ -84.864107, 32.979955 ], [ -84.86416, 32.978054 ], [ -84.864158, 32.973382 ], [ -84.864347, 32.970932 ], [ -84.864442, 32.970355 ], [ -84.864624, 32.968497 ], [ -84.864524, 32.960823 ], [ -84.861531, 32.96081 ], [ -84.861743, 32.876238 ], [ -84.861742, 32.875612 ], [ -84.861768, 32.872495 ], [ -84.861839, 32.870696 ], [ -84.861856, 32.868494 ], [ -84.88458, 32.868621 ], [ -84.91412, 32.868753 ], [ -84.919356, 32.8688 ], [ -84.963547, 32.869077 ], [ -84.987768, 32.869213 ], [ -85.000473, 32.869284 ], [ -85.025126, 32.8695 ], [ -85.033107, 32.86957 ], [ -85.034776, 32.869585 ], [ -85.049261, 32.869713 ], [ -85.054886, 32.869762 ], [ -85.099453, 32.8699 ], [ -85.099436, 32.869506 ], [ -85.101848, 32.86665 ], [ -85.108675, 32.866657 ], [ -85.108827, 32.870237 ], [ -85.11742, 32.870312 ], [ -85.121604, 32.870349 ], [ -85.136693, 32.870408 ], [ -85.161649, 32.870469 ], [ -85.16176, 32.870469 ], [ -85.163057, 32.870473 ], [ -85.166467, 32.870481 ], [ -85.174514, 32.870502 ], [ -85.184131, 32.870525 ], [ -85.18474, 32.870527 ], [ -85.185085948290094, 32.872187136758271 ], [ -85.185102353956154, 32.872265864273487 ], [ -85.185471215396845, 32.874035956665672 ], [ -85.185765168478724, 32.875446578803192 ], [ -85.186306603724631, 32.878044818423596 ], [ -85.186813394418365, 32.880476805756643 ], [ -85.187060348470226, 32.881661888934843 ], [ -85.188741, 32.889727 ], [ -85.188975379933837, 32.890900144903298 ], [ -85.190788514657356, 32.899975451500389 ], [ -85.193333980134341, 32.91271630265512 ], [ -85.193363144141159, 32.912862277634325 ], [ -85.196062751604472, 32.926374657659686 ], [ -85.202545896332495, 32.958824825513453 ], [ -85.204120612762964, 32.966706773955998 ], [ -85.210200291343554, 32.997137467502817 ], [ -85.21089252594426, 33.000602318270367 ], [ -85.221868, 33.055538 ], [ -85.223261, 33.06258 ], [ -85.232378, 33.108077 ], [ -85.23650885933651, 33.129562616288197 ], [ -85.237499717395806, 33.134716312970504 ], [ -85.238821572754702, 33.141591608088582 ], [ -85.24287210608118, 33.162659429024977 ], [ -85.25214738775567, 33.210902452277047 ], [ -85.252151159590383, 33.210922070518016 ], [ -85.255812368657502, 33.229964920142876 ], [ -85.25794829872909, 33.241074418239485 ], [ -85.262686899586527, 33.265721047783487 ], [ -85.273687901696562, 33.32293996783531 ], [ -85.281499907326719, 33.363572132171413 ], [ -85.284556651979301, 33.37947101357743 ], [ -85.293905852900409, 33.42809850902767 ], [ -85.294762195250399, 33.432552556392679 ], [ -85.296285982041127, 33.440478146596483 ], [ -85.296291661744021, 33.440507688129351 ], [ -85.304439, 33.482884 ], [ -85.313999, 33.529807 ], [ -85.314091, 33.530218 ], [ -85.314841859678452, 33.534941015474629 ], [ -85.314994, 33.535898 ], [ -85.315348051630778, 33.537686341435993 ], [ -85.31534805532354, 33.537686360088522 ], [ -85.322558351458071, 33.574106108574483 ], [ -85.323744975144507, 33.580099834130401 ], [ -85.331025109274421, 33.616872339587864 ], [ -85.332023170112777, 33.621913620005166 ], [ -85.338200605804616, 33.653116312652934 ], [ -85.341318732466007, 33.668866205117304 ], [ -85.34359022644071, 33.68033969215611 ], [ -85.344081443532602, 33.682820866660705 ], [ -85.352709373190166, 33.726401188775107 ], [ -85.355294132997102, 33.73945700511176 ], [ -85.357037080748839, 33.748260765395358 ], [ -85.357402, 33.750104 ], [ -85.360491, 33.767958 ], [ -85.361844, 33.773951 ], [ -85.364584634251116, 33.788390424302364 ], [ -85.365112983624741, 33.791174108693205 ], [ -85.371855724662566, 33.826699206128808 ], [ -85.373649928846248, 33.836152227991434 ], [ -85.376435541892278, 33.850828629520571 ], [ -85.376436313453723, 33.850832694602509 ], [ -85.377426, 33.856047 ], [ -85.381628404651451, 33.877260595793672 ], [ -85.385541554213759, 33.897014041732412 ], [ -85.386473367959283, 33.901717805837002 ], [ -85.398837, 33.964129 ], [ -85.399324636399911, 33.966606159856156 ], [ -85.405918, 34.0001 ], [ -85.406227838554116, 34.000926485010631 ], [ -85.406748, 34.002314 ], [ -85.406838188629905, 34.002781958862556 ], [ -85.41242221962824, 34.031755642099597 ], [ -85.420232, 34.072278 ], [ -85.421852803309434, 34.080822006832271 ], [ -85.427888666394225, 34.112639843786987 ], [ -85.428222, 34.114397 ], [ -85.42947, 34.125096 ], [ -85.432896218617358, 34.141913488365539 ], [ -85.434279327295286, 34.148702434634657 ], [ -85.440863750728766, 34.181021873892199 ], [ -85.44273008364766, 34.190182711437927 ], [ -85.444715204874427, 34.199926617727506 ], [ -85.444715383018078, 34.199927492140112 ], [ -85.455057, 34.250689 ], [ -85.455371, 34.252854 ], [ -85.458071, 34.265736 ], [ -85.458693, 34.269437 ], [ -85.462081771772375, 34.286385758846549 ], [ -85.46313092569612, 34.291633045486435 ], [ -85.46767710476891, 34.314370514384734 ], [ -85.47045, 34.328239 ], [ -85.474012672558459, 34.344530182823505 ], [ -85.474013020588686, 34.344531774276078 ], [ -85.474335386408413, 34.346005870033942 ], [ -85.474369085806757, 34.346159968691815 ], [ -85.481887143042655, 34.380538105581621 ], [ -85.48455879932142, 34.392754900744492 ], [ -85.484563050653833, 34.392774340991231 ], [ -85.494981287846599, 34.440414252889227 ], [ -85.502316, 34.473954 ], [ -85.502454, 34.474527 ], [ -85.504909827509863, 34.485578223794406 ], [ -85.506634087147944, 34.493337392165763 ], [ -85.508384, 34.501212 ], [ -85.512108, 34.518252 ], [ -85.513709, 34.52417 ], [ -85.51393, 34.525192 ], [ -85.514655319818289, 34.529207558765016 ], [ -85.517074, 34.542598 ], [ -85.527261, 34.588683 ], [ -85.43873, 34.589104 ], [ -85.438129, 34.589106 ], [ -85.410072, 34.589207 ], [ -85.409515, 34.589209 ], [ -85.371396, 34.589305 ], [ -85.353477, 34.589256 ] ] ] } }
]
}
