NAME_x,B02001_001E,B03002_003E,B03002_004E,B03002_012E,B03002_005E,B03002_006E,B03002_007E,B15003_020E,B15003_021E,B15003_022E,B15003_023E,B15003_024E,B15003_025E,B19013_001E,B17001_002E,B25064_001E,B05001_002E,B05001_004E,B25034_001E,B25034_002E,B25034_003E,B25034_004E,B25034_005E,B25034_006E,B25034_007E,B25034_008E,B25034_009E,B25034_010E,B25034_011E,B27001_002E,B27001_018E,B25003_001E,B25003_003E,B25003_002E,B08303_002E,B08303_003E,B08303_004E,B08303_005E,B08303_006E,B08303_007E,B08303_008E,B08303_009E,B08303_010E,B08303_011E,B08303_012E,state,place,NAME_y,B08303_013E,B08301_003E,B08301_004E,B08301_011E,B08301_012E,B08301_013E,B23025_002E,B23025_005E,B23025_007E,B16001_001E,B16001_002E,B16001_003E,B21001_002E,B11005_001E,B11005_002E,B01001_003E,B01001_004E,B01001_005E,B01001_006E,B01001_007E,B01001_008E,B01001_009E,B01001_010E,B01001_011E,B01001_012E,B01001_013E,B01001_014E,B01001_015E,B01001_016E,B01001_017E,B01001_018E,B01001_019E,B01001_020E,B01001_021E,B01001_022E,B01001_023E,B01001_024E,B01001_025E,B01001_027E,B01001_028E,B01001_029E,B01001_030E,B01001_031E,B01001_032E,B01001_033E,NAME,B01001_034E,B01001_035E,B01001_036E,B01001_037E,B01001_038E,B01001_039E,B01001_040E,B01001_041E,B01001_042E,B01001_043E,B01001_044E,B01001_045E,B01001_046E,B01001_047E,B01001_048E,B01001_049E
"Coatsburg village, Illinois",180,180,0,0,0,0,0,14,17,20,0,0,0,55714,6,940,180,0,85,0,8,5,4,1,19,9,10,13,16,102,23,80,14,66,1,9,14,11,17,24,19,6,5,3,0,17,15261,"Coatsburg village, Illinois",0,101,7,0,0,0,118,7,30,,,,15,80,20,6,1,7,6,5,0,0,2,15,14,3,5,11,12,1,0,0,3,3,3,2,0,3,2,4,4,2,2,0,0,"Coatsburg village, Illinois",0,6,9,12,4,4,9,1,0,0,2,4,4,4,0,5
"Cobden village, Illinois",1018,598,0,408,0,0,0,107,67,81,44,10,2,38750,289,225,832,0,464,5,16,24,109,47,73,37,38,9,106,503,100,403,125,278,12,34,119,40,24,11,131,5,11,13,16,17,15300,"Cobden village, Illinois",0,349,53,3,0,0,465,13,415,,,,49,403,110,6,3,40,50,36,26,7,17,3,13,26,25,26,74,27,17,23,13,22,9,29,11,0,22,20,15,0,21,40,0,"Cobden village, Illinois",11,50,22,27,47,35,49,46,12,13,20,7,27,28,3,0
"Coffeen city, Illinois",640,632,0,0,8,0,0,98,26,39,3,2,0,35781,138,472,635,5,362,0,4,39,6,36,47,79,39,44,68,289,18,317,69,248,5,33,65,22,42,1,12,6,2,16,11,17,15352,"Coffeen city, Illinois",11,182,24,0,0,0,254,24,290,,,,39,317,71,18,5,6,14,14,0,5,6,59,36,10,8,11,7,9,6,14,9,9,13,7,9,14,24,16,17,4,0,11,13,"Coffeen city, Illinois",7,70,4,8,30,13,6,31,10,5,6,19,4,9,18,26
"Colchester city, Illinois",1347,1344,0,2,0,0,0,91,133,149,25,11,18,43942,243,706,1330,0,650,0,17,3,49,64,138,58,68,46,207,698,90,569,141,428,26,78,88,203,97,61,23,8,3,13,24,17,15378,"Colchester city, Illinois",18,588,22,11,0,0,748,70,368,,,,126,569,99,20,54,39,4,15,4,15,17,55,52,53,27,35,55,41,34,17,8,39,50,28,21,15,45,38,31,13,18,0,0,"Colchester city, Illinois",6,36,39,52,71,25,36,76,31,37,11,14,45,11,12,2
"Coleta village, Illinois",230,226,0,4,0,0,0,20,12,11,15,0,0,56875,10,-666666666,224,4,75,0,0,4,0,1,8,11,12,2,37,122,17,72,4,68,6,8,11,25,11,8,17,0,1,1,2,17,15469,"Coleta village, Illinois",20,102,2,0,0,0,117,6,45,,,,14,72,30,19,19,0,5,8,5,0,1,12,6,1,0,12,5,6,10,4,0,1,1,4,2,1,1,5,24,5,4,0,0,"Coleta village, Illinois",6,7,5,0,13,4,0,11,3,0,2,0,5,2,1,10
"Colfax village, Illinois",1088,1036,0,41,3,0,0,72,52,84,39,5,2,58889,88,777,1058,0,381,0,0,25,25,6,59,33,54,36,143,456,53,348,82,266,39,36,21,13,30,79,128,61,28,14,11,17,15495,"Colfax village, Illinois",8,416,27,0,0,0,543,34,260,,,,82,348,140,8,21,51,44,7,7,8,27,45,24,29,45,29,24,22,19,5,4,5,7,9,14,2,30,67,91,27,21,17,8,"Colfax village, Illinois",8,29,31,42,41,24,41,12,7,13,11,31,14,15,18,34
"Collinsville city, Illinois",24489,18521,3455,1501,52,481,0,3121,1750,2940,1409,165,111,56250,3215,867,23119,282,11255,166,175,800,1591,1414,1385,1891,1143,812,1878,11257,1542,10479,3461,7018,163,1115,1094,1948,2006,1416,2023,323,789,785,373,17,15599,"Collinsville city, Illinois",83,10841,717,160,54,0,13684,774,5947,,,,1455,10479,3047,716,631,875,423,228,30,147,234,1006,864,877,676,720,822,762,289,596,136,428,385,249,154,129,881,732,682,462,287,172,50,"Collinsville city, Illinois",632,1239,796,827,1007,948,585,1003,263,426,336,405,383,468,212,316
"Colona city, Illinois",5307,4550,17,630,0,8,0,599,352,619,101,135,0,64643,331,694,5299,0,2385,90,13,125,261,117,614,282,372,212,299,2446,335,2220,395,1825,72,370,94,330,790,473,488,79,142,89,67,17,15664,"Colona city, Illinois",37,2851,121,0,0,0,3225,119,1146,,,,359,2220,781,166,176,247,52,53,0,0,55,200,66,90,275,145,190,223,44,121,14,58,188,83,0,0,89,34,181,152,89,33,22,"Colona city, Illinois",166,267,81,39,282,235,207,349,127,137,99,138,44,37,0,53
"Colp village, Illinois",234,129,79,2,0,0,0,58,9,6,6,0,0,12344,132,-666666666,234,0,135,2,4,26,15,28,20,7,9,8,16,97,7,100,20,80,14,2,5,12,6,5,8,0,0,0,8,17,15807,"Colp village, Illinois",0,48,10,0,0,0,78,4,90,,,,12,100,47,11,7,7,2,0,0,0,0,11,11,7,7,2,5,13,4,0,0,3,2,2,0,3,13,7,21,0,0,0,2,"Colp village, Illinois",9,7,6,19,7,5,2,17,6,0,0,2,0,7,7,0
"Columbia city, Illinois",10692,10296,3,120,0,131,0,1040,622,2204,1213,234,182,107500,488,912,10494,0,4269,186,342,681,826,676,276,378,346,109,449,5244,637,4068,564,3504,338,445,514,606,662,407,1000,373,427,450,178,17,15833,"Columbia city, Illinois",67,5052,358,18,0,0,5999,132,1907,,,,620,4068,1725,495,344,579,172,110,27,11,70,235,408,377,461,324,313,447,181,124,119,101,67,119,70,127,478,301,459,154,32,22,0,"Columbia city, Illinois",24,287,428,528,289,495,318,396,223,84,167,90,157,115,191,173
"Columbus village, Illinois",80,79,0,0,1,0,0,6,1,4,3,1,3,63750,5,813,80,0,40,0,1,6,12,0,6,3,8,0,4,37,3,32,7,25,0,0,1,7,6,17,3,0,2,7,0,17,15846,"Columbus village, Illinois",4,44,3,0,0,0,47,0,17,,,,4,32,17,3,1,9,2,0,0,0,3,0,2,3,3,3,0,3,0,1,1,0,0,0,3,0,0,3,0,3,5,0,0,"Columbus village, Illinois",4,2,1,9,6,1,4,0,0,0,3,0,0,1,1,0
"Como CDP, Illinois",525,500,0,25,0,0,0,92,50,68,0,0,0,79250,0,-666666666,460,0,176,0,0,0,22,32,21,57,14,16,14,255,15,176,0,176,0,22,46,49,6,25,27,0,0,9,0,17,15950,"Como CDP, Illinois",8,177,15,0,0,0,201,9,277,,,,38,176,78,0,0,0,40,0,0,9,0,16,15,8,23,8,7,15,21,14,0,15,29,6,7,22,27,0,20,7,16,0,0,"Como CDP, Illinois",6,30,0,0,25,22,0,38,0,16,8,19,22,7,7,0
"Compton village, Illinois",267,228,6,6,21,3,0,34,21,10,3,2,0,47321,48,672,264,0,118,0,0,0,0,1,6,4,21,4,82,151,9,101,32,69,8,5,8,5,17,7,20,9,7,7,20,17,15989,"Compton village, Illinois",5,97,17,0,0,0,129,5,75,,,,10,101,29,16,13,4,2,18,0,0,0,18,7,15,6,1,8,3,3,17,1,5,6,0,7,1,5,15,10,3,0,0,0,"Compton village, Illinois",2,15,5,13,8,3,5,8,2,0,5,6,3,5,0,3
"Concord village, Illinois",170,161,0,9,0,0,0,15,6,9,2,0,0,24327,41,738,170,0,86,0,1,1,8,0,10,9,10,4,43,72,6,77,16,61,2,6,0,8,3,10,3,0,0,0,1,17,16054,"Concord village, Illinois",0,33,0,0,0,0,37,1,96,,,,16,77,16,9,10,0,2,0,0,0,5,1,0,12,0,0,6,1,4,1,1,2,2,12,3,1,4,1,11,0,0,0,5,"Concord village, Illinois",0,5,4,3,0,2,8,1,7,2,6,5,20,8,3,3
"Congerville village, Illinois",840,705,0,10,1,8,0,54,109,86,19,3,3,67850,9,736,834,0,272,2,29,12,33,17,43,24,37,14,61,422,29,267,39,228,63,23,22,40,25,40,67,5,10,7,0,17,16119,"Congerville village, Illinois",9,257,18,0,0,0,355,0,169,,,,31,267,95,120,21,15,14,2,4,2,8,39,26,12,20,24,5,12,37,14,7,5,25,6,3,1,109,16,24,8,5,2,7,"Congerville village, Illinois",14,46,23,16,18,10,13,42,9,18,2,19,7,4,4,2
"Cooksville village, Illinois",164,153,0,11,0,0,0,27,16,13,12,0,2,63750,16,650,164,0,71,0,0,2,7,7,4,7,8,5,31,77,8,66,7,59,2,1,6,4,34,10,10,1,0,0,10,17,16210,"Cooksville village, Illinois",1,74,2,0,0,0,89,7,50,,,,15,66,15,4,5,0,1,0,2,0,0,9,2,12,5,2,6,16,0,4,1,3,3,2,0,0,4,8,2,2,1,5,0,"Cooksville village, Illinois",0,0,11,5,1,5,9,7,2,3,3,5,9,1,1,3
"Coral CDP, Illinois",0,0,0,0,0,0,0,0,0,0,0,0,0,-666666666,0,-666666666,0,0,0,0,0,0,0,0,0,0,0,0,0,0,0,0,0,0,0,0,0,0,0,0,0,0,0,0,0,17,16301,"Coral CDP, Illinois",0,0,0,0,0,0,0,0,0,,,,0,0,0,0,0,0,0,0,0,0,0,0,0,0,0,0,0,0,0,0,0,0,0,0,0,0,0,0,0,0,0,0,0,"Coral CDP, Illinois",0,0,0,0,0,0,0,0,0,0,0,0,0,0,0,0
"Cordova village, Illinois",685,658,8,2,0,2,0,84,36,53,39,2,3,63810,12,798,672,1,316,3,3,31,36,37,63,54,12,9,68,376,37,292,65,227,8,35,24,15,51,37,87,25,8,18,2,17,16366,"Cordova village, Illinois",8,293,20,2,0,0,339,8,213,,,,64,292,84,29,13,28,31,3,0,0,11,19,41,32,15,21,16,18,3,14,11,14,15,22,5,15,2,19,17,18,3,3,2,"Cordova village, Illinois",2,30,26,24,10,9,18,16,9,18,3,5,36,17,9,13
"Cornell village, Illinois",428,372,0,16,0,0,0,52,22,25,6,0,0,50625,144,917,428,0,209,2,0,6,14,31,25,19,10,6,96,208,18,166,42,124,22,8,6,37,25,4,11,0,8,14,25,17,16405,"Cornell village, Illinois",4,118,29,0,0,0,182,6,138,,,,18,166,65,19,19,26,5,12,2,3,4,23,1,16,8,12,6,8,7,8,5,4,9,6,5,0,10,14,15,12,4,8,7,"Cornell village, Illinois",7,24,12,19,13,7,12,8,9,11,4,3,11,5,1,4
"Cornland CDP, Illinois",71,71,0,0,0,0,0,0,0,20,0,0,0,-666666666,0,-666666666,71,0,57,0,0,0,0,20,17,20,0,0,0,37,0,37,0,37,0,0,0,0,0,0,40,0,0,0,0,17,16431,"Cornland CDP, Illinois",0,40,0,0,0,0,57,0,14,,,,0,37,0,0,0,0,0,0,0,0,0,0,20,0,0,0,0,17,0,0,0,0,0,0,0,0,0,0,0,0,0,0,0,"Cornland CDP, Illinois",0,0,20,0,0,0,0,0,0,0,0,0,14,0,0,0
"Cortland town, Illinois",4261,3056,487,575,0,40,0,462,218,642,299,0,27,74821,193,1300,3970,10,1474,16,24,731,302,26,114,61,111,63,26,2330,157,1419,375,1044,6,189,420,408,146,104,107,37,308,340,211,17,16470,"Cortland town, Illinois",67,2154,126,0,0,44,2662,136,613,,,,198,1419,574,196,139,196,57,6,97,78,58,309,236,334,88,50,107,60,10,95,47,18,64,44,11,30,193,130,112,86,4,0,14,"Cortland town, Illinois",150,279,227,190,79,39,93,148,45,20,19,0,39,34,30,0
"Coulterville village, Illinois",881,810,35,7,2,6,0,109,103,67,30,6,0,39688,106,713,871,6,490,0,10,36,68,42,87,57,56,73,61,449,75,356,79,277,19,33,4,39,33,15,19,27,8,24,52,17,16613,"Coulterville village, Illinois",0,249,21,0,0,0,325,24,424,,,,80,356,100,35,14,25,0,19,0,0,9,39,13,41,9,15,60,19,21,22,14,18,42,37,5,22,17,15,17,34,0,2,0,"Coulterville village, Illinois",14,26,23,19,9,18,9,30,5,33,14,30,10,20,13,44
"Country Club Hills city, Illinois",16564,675,14646,736,0,357,0,2535,911,2683,937,134,46,70306,2028,1306,15545,49,6230,0,0,574,1117,1033,1633,1188,548,50,87,7406,854,5695,1102,4593,35,137,384,537,911,364,962,279,286,1102,1301,17,16691,"Country Club Hills city, Illinois",213,5605,405,78,28,221,8376,1167,5107,,,,704,5695,1569,368,334,662,469,267,58,40,191,612,260,413,481,443,411,663,364,297,134,400,224,165,104,108,291,362,737,415,394,91,55,"Country Club Hills city, Illinois",433,586,536,507,531,451,864,817,237,392,195,297,280,273,155,197
"Countryside city, Illinois",5929,4107,40,1505,0,115,0,600,270,941,276,72,65,67201,402,1053,4640,19,2742,27,66,274,196,186,875,420,448,139,111,3088,565,2543,717,1826,94,209,373,274,280,160,538,109,101,382,262,17,16873,"Countryside city, Illinois",110,2412,181,57,35,123,3433,285,1474,,,,352,2543,679,121,85,375,91,68,45,10,106,154,166,235,114,295,270,324,107,79,54,97,162,85,37,8,139,96,159,180,87,28,59,"Countryside city, Illinois",151,62,138,133,141,252,248,250,48,159,48,75,135,64,92,97
"Cowden village, Illinois",538,500,5,28,0,3,0,33,42,29,8,0,6,33250,168,-666666666,529,6,237,0,0,9,41,9,46,14,23,21,74,236,24,216,70,146,24,18,0,19,30,36,50,14,3,4,14,17,17055,"Cowden village, Illinois",2,184,8,0,0,0,221,7,177,,,,38,216,86,6,6,33,28,6,0,1,1,12,15,16,18,8,16,23,1,3,7,14,12,2,0,8,35,36,19,1,3,7,0,"Cowden village, Illinois",12,23,9,28,31,12,6,9,26,2,7,8,15,4,7,2
"Coyne Center CDP, Illinois",1102,929,0,0,0,0,0,77,165,97,16,15,0,116116,22,-666666666,1102,0,418,0,0,9,91,0,36,80,170,10,22,497,85,391,24,367,30,0,137,91,50,18,171,19,0,0,0,17,17077,"Coyne Center CDP, Illinois",7,449,53,0,0,0,534,0,314,,,,37,391,95,0,30,56,0,0,0,8,0,0,20,39,29,12,73,34,8,22,23,22,107,8,6,0,0,121,47,0,0,0,0,"Coyne Center CDP, Illinois",34,0,32,31,37,0,67,51,16,16,0,23,79,33,9,9
"Crab Orchard CDP, Illinois",222,217,0,0,5,0,0,51,31,18,6,0,0,-666666666,28,-666666666,222,0,118,0,8,11,8,0,52,11,12,11,5,91,31,107,16,91,7,6,6,52,41,20,5,0,0,0,5,17,17094,"Crab Orchard CDP, Illinois",14,108,48,0,0,0,156,0,53,,,,20,107,19,0,0,7,0,6,0,0,4,0,0,8,12,26,5,6,19,0,0,0,3,0,0,0,0,0,0,16,6,0,0,"Crab Orchard CDP, Illinois",5,6,8,5,7,17,8,23,0,6,0,3,5,0,11,0
"Crainville village, Illinois",1372,1229,92,32,0,15,0,185,128,188,127,4,8,59643,184,492,1333,0,698,22,72,247,55,46,96,63,6,27,64,672,108,646,188,458,19,77,93,221,135,26,80,8,0,12,30,17,17185,"Crainville village, Illinois",14,678,14,0,0,0,820,31,324,,,,110,646,179,23,43,30,45,0,0,0,3,104,55,38,27,76,32,57,13,38,3,32,15,30,5,3,38,40,37,32,5,0,17,"Crainville village, Illinois",26,35,55,48,50,48,53,38,14,20,16,33,48,24,12,11
"Creal Springs city, Illinois",473,459,0,0,0,0,0,85,30,14,0,0,0,34688,77,550,473,0,281,0,0,22,31,24,86,5,54,12,47,239,33,211,33,178,0,7,6,0,21,7,87,0,2,26,15,17,17289,"Creal Springs city, Illinois",3,174,0,0,0,0,213,28,142,,,,25,211,67,47,15,13,0,0,0,2,0,14,31,17,12,12,21,14,0,8,15,0,10,0,1,7,10,29,4,0,2,0,0,"Creal Springs city, Illinois",0,46,18,8,9,13,3,37,2,0,0,11,4,1,14,23
"Crescent City village, Illinois",485,458,0,27,0,0,0,39,24,50,15,8,0,57500,39,823,485,0,256,0,11,9,44,6,48,28,27,6,77,224,27,224,44,180,20,23,43,25,50,7,24,4,4,39,11,17,17406,"Crescent City village, Illinois",0,211,32,0,0,0,275,18,124,,,,11,224,66,14,19,1,15,0,2,2,14,25,32,4,4,14,13,17,2,2,5,8,14,5,10,2,15,13,11,1,0,2,4,"Crescent City village, Illinois",10,16,32,4,9,27,21,21,1,11,5,5,13,14,5,21
"Crest Hill city, Illinois",20388,10482,4921,3923,15,606,0,2246,1356,1838,708,247,46,58462,2035,1170,18297,95,7914,0,73,2837,1438,506,1106,634,511,254,555,8098,1156,7589,2525,5064,100,588,946,1613,1103,587,1028,238,260,699,722,17,17458,"Crest Hill city, Illinois",239,6940,894,45,4,148,9204,670,8286,,,,1031,7589,1954,603,327,437,312,422,181,136,852,1141,1033,922,919,765,1029,487,218,273,240,197,412,147,210,134,374,346,593,352,176,118,76,"Crest Hill city, Illinois",367,808,538,494,710,336,448,613,198,154,156,345,463,666,341,319
"Creston village, Illinois",535,414,13,88,0,0,0,55,66,44,20,0,5,77708,16,882,498,0,229,0,8,58,20,20,8,39,17,5,54,291,35,199,38,161,8,16,28,41,20,24,40,39,15,26,25,17,17471,"Creston village, Illinois",20,263,36,0,0,0,311,7,120,,,,40,199,62,19,17,23,14,2,8,0,14,40,20,11,30,19,16,8,0,15,7,4,2,13,7,2,18,16,11,3,0,0,0,"Creston village, Illinois",18,29,17,9,25,7,16,25,4,1,2,6,17,10,6,4
"Crestwood village, Illinois",10762,8353,802,1103,1,443,0,1419,635,1405,682,17,20,60541,1120,981,9678,65,5464,27,24,401,657,936,1856,817,507,112,127,4653,580,4862,1321,3541,58,383,192,579,777,435,617,285,390,389,487,17,17497,"Crestwood village, Illinois",79,4142,181,21,38,254,5240,241,4029,,,,642,4862,835,171,387,151,116,30,52,5,315,323,399,388,214,307,332,362,59,201,262,265,232,148,142,51,324,279,114,34,64,64,26,"Crestwood village, Illinois",176,365,419,251,216,393,199,438,255,334,105,292,491,332,259,420
"Crete village, Illinois",8058,4628,2511,632,0,35,0,770,506,1262,601,128,78,75403,424,1091,7677,68,3371,0,46,434,350,586,689,494,231,169,372,3702,462,3106,395,2711,58,357,247,298,343,296,474,165,149,546,375,17,17523,"Crete village, Illinois",118,2993,218,0,16,86,4012,292,2862,,,,558,3106,708,162,134,267,98,132,100,61,162,130,137,225,105,290,172,308,139,173,125,143,395,143,38,91,150,114,262,175,125,13,20,"Crete village, Illinois",160,322,93,231,132,373,328,271,161,266,114,250,204,145,90,329
"Creve Coeur village, Illinois",5074,4894,46,11,0,0,0,468,573,289,58,0,0,46250,462,614,5021,6,2399,0,0,0,92,97,325,357,583,455,490,2521,181,2257,539,1718,90,227,556,539,438,79,141,0,64,28,0,17,17549,"Creve Coeur village, Illinois",19,1904,205,0,0,0,2810,133,1544,,,,345,2257,385,206,195,33,20,0,40,115,127,268,369,177,146,133,48,207,88,212,29,37,28,6,24,13,32,58,196,23,23,86,107,"Creve Coeur village, Illinois",145,261,176,320,109,87,258,150,15,153,28,108,66,30,59,63
"Crossville village, Illinois",799,760,0,24,5,0,0,46,96,55,10,0,0,33894,220,285,799,0,424,0,3,23,37,13,73,52,75,92,56,360,69,379,130,249,14,7,30,95,12,17,29,2,15,63,35,17,17783,"Crossville village, Illinois",7,281,20,0,0,0,376,41,237,,,,69,379,127,52,17,24,0,1,5,0,7,31,23,27,11,34,35,6,15,25,13,12,6,7,5,4,37,25,24,26,14,11,0,"Crossville village, Illinois",17,13,35,24,19,28,16,26,19,39,3,12,26,7,10,8
"Crystal Lake city, Illinois",39685,32147,380,4827,32,1372,0,4189,2472,6980,2909,333,462,91456,2604,1224,35799,116,15195,259,194,1826,4649,2136,2419,1336,1046,293,1037,19827,2952,14393,3467,10926,644,1785,3317,2204,1929,826,1870,314,676,2512,2001,17,17887,"Crystal Lake city, Illinois",871,15836,1907,65,28,626,21896,1024,9508,,,,2047,14393,5312,909,1406,1627,1018,543,356,222,788,864,1115,1285,1573,1439,1513,1446,431,675,403,657,642,447,207,376,1186,1262,1297,996,434,176,214,"Crystal Lake city, Illinois",686,781,1087,1674,1129,1425,1537,1429,486,576,464,689,839,581,362,433
"Crystal Lawns CDP, Illinois",1943,1296,58,506,0,21,0,243,131,155,89,0,0,90550,145,1331,1766,0,779,0,0,0,58,25,217,205,199,47,28,1043,135,779,46,733,34,35,164,229,198,50,96,57,91,49,26,17,17939,"Crystal Lawns CDP, Illinois",80,962,68,68,0,0,1222,74,472,,,,126,779,272,15,61,51,0,24,55,33,28,107,37,164,35,48,87,48,12,114,16,52,27,0,20,9,21,45,21,72,14,11,0,"Crystal Lawns CDP, Illinois",40,78,72,47,38,117,31,55,60,13,31,38,58,10,10,18
"Cuba city, Illinois",1066,1029,15,22,0,0,0,71,86,60,32,0,0,33672,183,706,1037,5,590,0,0,0,12,6,157,53,71,58,233,555,95,457,75,382,40,36,30,84,42,8,39,18,12,35,88,17,17991,"Cuba city, Illinois",12,384,35,0,0,0,518,43,367,,,,81,457,100,38,32,54,10,15,9,0,32,31,15,15,39,56,39,38,19,11,5,42,15,18,4,26,5,5,41,22,5,12,19,"Cuba city, Illinois",0,9,7,25,19,56,64,56,26,4,8,14,31,25,9,41
"Coal Valley village, Illinois",3817,3584,8,207,0,18,0,433,212,792,210,40,31,73472,111,935,3753,0,1745,99,36,193,227,65,430,310,258,37,90,2110,233,1643,205,1438,24,67,189,534,604,180,180,0,35,31,0,17,15235,"Coal Valley village, Illinois",16,1763,87,0,0,0,1987,30,1205,,,,272,1643,361,53,103,223,96,19,0,0,12,221,107,223,96,128,105,241,67,64,19,62,161,100,33,22,27,44,160,54,9,28,10,"Coal Valley village, Illinois",0,77,78,106,117,62,114,195,48,84,151,83,101,69,36,9
"Cullom village, Illinois",501,459,0,42,0,0,0,53,30,23,22,2,2,50000,113,750,496,0,295,0,0,3,19,8,18,34,64,9,140,213,19,220,85,135,28,7,15,30,17,32,37,1,21,23,11,17,18030,"Cullom village, Illinois",13,218,10,0,0,0,245,10,164,,,,17,220,59,4,21,2,8,3,0,0,14,39,16,19,8,5,14,16,1,8,1,14,10,2,2,6,12,29,20,10,4,4,1,"Cullom village, Illinois",6,16,27,12,13,22,16,29,5,8,13,2,22,2,10,5
"Curran village, Illinois",212,202,0,0,0,7,0,22,9,14,9,2,1,49063,12,689,193,14,95,3,0,0,24,13,12,12,20,0,11,103,18,85,19,66,5,4,23,17,17,4,22,0,0,0,0,17,18147,"Curran village, Illinois",2,86,7,0,0,0,105,4,65,,,,7,85,28,3,5,15,2,5,0,0,0,3,6,7,10,5,13,6,1,10,0,6,1,4,0,1,0,4,12,7,4,0,0,"Curran village, Illinois",3,0,3,4,14,8,7,11,4,5,4,4,5,0,6,4
"Custer Park CDP, Illinois",497,444,53,0,0,0,0,0,13,59,0,0,0,88393,15,-666666666,497,0,97,0,0,0,0,0,5,17,70,0,5,216,6,97,63,34,0,0,3,0,7,0,0,61,69,0,68,17,18212,"Custer Park CDP, Illinois",0,205,0,0,0,0,222,9,80,,,,0,97,73,0,0,9,115,0,0,0,9,3,0,66,0,0,6,5,3,0,0,0,0,0,0,0,66,0,0,5,0,0,0,"Custer Park CDP, Illinois",0,0,0,181,0,7,0,8,0,0,0,0,0,7,7,0
"Cutler village, Illinois",429,383,1,39,0,0,0,34,36,14,2,0,0,44531,69,680,426,0,171,0,0,11,27,42,20,16,5,17,33,205,31,167,53,114,8,10,18,8,40,7,20,7,8,9,3,17,18225,"Cutler village, Illinois",4,125,5,1,0,0,166,17,157,,,,13,167,77,6,32,9,8,9,0,4,15,8,6,8,30,11,20,11,3,2,3,8,6,5,2,1,9,8,41,9,4,8,0,"Cutler village, Illinois",4,11,6,19,9,18,15,10,2,10,7,8,12,4,4,4
"Cypress village, Illinois",216,215,0,0,0,0,0,18,10,8,2,0,0,37500,49,917,215,1,114,0,0,10,7,6,18,6,16,34,17,78,10,86,15,71,1,0,1,14,7,0,14,0,2,10,8,17,18251,"Cypress village, Illinois",1,52,6,0,0,0,74,5,91,,,,8,86,27,4,2,7,2,0,0,0,1,6,12,4,0,4,6,14,0,2,1,4,3,2,4,0,11,8,12,5,4,12,0,"Cypress village, Illinois",9,3,9,9,13,4,2,7,5,3,0,3,13,6,0,0
"Dahlgren village, Illinois",699,699,0,0,0,0,0,111,34,30,33,4,0,50038,123,572,695,0,309,2,4,29,15,25,84,13,16,27,94,331,28,273,54,219,21,37,0,31,56,22,25,8,0,3,8,17,18303,"Dahlgren village, Illinois",3,214,0,0,0,0,255,25,253,,,,59,273,57,52,16,27,12,0,0,4,0,6,10,14,16,13,15,48,15,9,4,19,27,15,3,6,18,47,12,24,0,0,4,"Dahlgren village, Illinois",13,17,8,27,25,8,15,28,27,4,12,4,33,12,16,14
"Dakota village, Illinois",721,706,0,11,0,0,0,68,41,37,31,0,2,63750,44,644,718,0,296,0,0,1,15,1,48,28,37,29,137,364,64,233,62,171,22,10,27,57,51,17,22,0,26,46,2,17,18342,"Dakota village, Illinois",12,220,70,0,0,0,339,21,251,,,,15,233,93,25,5,36,52,13,11,0,20,20,10,18,8,19,45,13,10,8,5,7,11,9,19,0,21,28,16,16,25,0,10,"Dakota village, Illinois",37,11,13,9,17,48,14,28,6,10,5,8,7,3,23,2
"Dallas City city, Illinois",1064,1026,0,16,0,0,0,120,138,72,29,0,7,47857,156,725,1034,3,568,4,0,28,40,29,49,102,41,34,241,560,52,464,102,362,28,6,31,14,95,74,129,3,0,23,17,17,18420,"Dallas City city, Illinois",35,404,20,3,0,15,558,52,291,,,,78,464,135,21,34,58,69,0,0,0,25,18,35,26,68,8,44,37,6,31,5,6,41,16,9,3,16,39,31,0,11,0,11,"Dallas City city, Illinois",2,19,24,21,22,54,19,35,35,39,7,37,15,40,12,15
"Dalton City village, Illinois",717,707,0,8,0,0,0,48,35,62,23,0,0,54875,195,657,709,6,307,0,0,17,19,25,95,22,25,57,47,350,53,271,57,214,7,0,104,12,102,54,46,1,3,22,13,17,18446,"Dalton City village, Illinois",2,340,24,0,0,0,371,3,137,,,,20,271,126,4,23,12,30,7,2,0,44,20,35,17,39,39,14,28,14,2,5,6,3,5,1,0,29,87,45,9,2,0,2,"Dalton City village, Illinois",0,44,6,32,42,15,15,15,0,8,5,5,0,5,1,0
"Dalzell village, Illinois",628,569,9,37,0,5,0,74,44,88,18,2,0,63750,30,800,614,0,285,0,0,18,16,12,62,47,42,29,59,327,50,265,44,221,12,78,80,46,24,17,3,20,11,20,8,17,18459,"Dalzell village, Illinois",18,309,20,0,0,0,395,30,159,,,,65,265,64,13,4,10,16,14,0,4,19,16,33,8,21,27,23,22,18,7,5,8,24,14,12,9,23,17,4,3,1,3,5,"Dalzell village, Illinois",15,13,17,11,28,20,18,29,12,17,6,13,13,10,16,7
"Damiansville village, Illinois",566,406,0,128,0,12,0,46,52,58,12,5,1,70375,16,1272,443,6,208,2,4,47,13,13,76,20,17,1,15,323,29,205,75,130,53,48,13,13,35,20,26,5,26,21,28,17,18472,"Damiansville village, Illinois",14,247,25,1,0,0,336,2,119,,,,34,205,83,13,29,18,14,1,0,0,20,41,57,17,16,16,13,16,11,6,5,5,8,4,12,1,6,15,22,10,5,2,2,"Damiansville village, Illinois",6,20,14,22,11,19,13,17,5,15,5,11,15,3,4,1
"Dana village, Illinois",99,87,0,12,0,0,0,8,12,6,5,0,0,47500,7,-666666666,92,2,48,2,0,3,2,2,3,1,5,5,25,45,7,40,9,31,0,0,1,5,0,5,11,1,3,3,4,17,18485,"Dana village, Illinois",3,33,2,0,0,0,46,4,30,,,,1,40,16,3,4,3,3,1,0,0,0,3,5,4,1,2,5,6,0,2,0,0,0,2,1,0,3,2,5,3,1,0,0,"Dana village, Illinois",3,1,6,5,2,1,8,3,1,3,1,0,3,3,0,0
"Danforth village, Illinois",574,538,8,14,0,3,0,62,14,47,6,3,0,40278,125,967,566,0,239,0,11,6,8,17,50,27,22,18,80,236,41,226,67,159,27,16,42,32,5,16,8,6,0,8,5,17,18498,"Danforth village, Illinois",13,150,6,0,0,0,210,15,260,,,,37,226,75,17,5,17,21,2,0,0,0,32,17,5,6,18,23,3,10,9,13,16,6,7,11,12,8,33,24,4,6,0,0,"Danforth village, Illinois",11,18,12,14,10,4,21,6,5,20,5,4,13,14,17,75
"Danvers village, Illinois",979,954,5,7,0,5,0,95,74,169,70,4,14,67813,102,887,954,13,408,4,0,4,48,21,63,46,70,44,108,479,39,392,66,326,4,50,13,42,89,78,92,0,3,14,19,17,18537,"Danvers village, Illinois",6,388,12,0,0,0,480,26,295,,,,39,392,126,20,29,40,20,20,15,13,19,21,42,33,42,15,24,26,17,27,11,19,7,16,0,3,20,47,31,34,2,0,0,"Danvers village, Illinois",6,37,29,27,34,58,34,24,15,10,28,12,18,12,16,6
"Danville city, Illinois",30969,17496,9999,2201,71,426,9,2685,2105,2123,1134,208,66,37328,8441,680,29812,83,14730,23,42,495,678,885,1360,1500,1925,991,6831,13381,1370,12181,5054,7127,345,1948,3808,2289,674,110,743,49,160,187,44,17,18563,"Danville city, Illinois",123,8728,1190,247,0,0,12016,816,12016,,,,1819,12181,3727,1068,1157,849,755,362,230,188,642,1085,1029,879,945,890,891,1140,571,478,348,423,551,411,244,236,1239,802,1196,653,533,157,231,"Danville city, Illinois",482,1028,904,841,975,781,784,1116,328,532,333,524,676,601,373,508
"Darien city, Illinois",21843,16024,784,1570,8,2789,0,2399,1041,5638,2284,512,371,100771,1097,1472,17546,49,8976,124,15,574,1647,1853,2624,1308,610,102,119,10950,1303,8697,1564,7133,63,729,1167,1630,1146,651,1523,304,390,1067,1128,17,18628,"Darien city, Illinois",278,8771,539,76,23,519,12334,604,6170,,,,1057,8697,2209,249,573,698,506,301,148,115,413,723,664,671,673,633,670,964,216,472,292,454,704,465,174,187,371,490,686,331,104,40,104,"Darien city, Illinois",376,629,612,808,689,576,796,1009,373,484,366,586,598,425,139,286
"Darmstadt CDP, Illinois",0,0,0,0,0,0,0,0,0,0,0,0,0,-666666666,0,-666666666,0,0,0,0,0,0,0,0,0,0,0,0,0,0,0,0,0,0,0,0,0,0,0,0,0,0,0,0,0,17,18641,"Darmstadt CDP, Illinois",0,0,0,0,0,0,0,0,0,,,,0,0,0,0,0,0,0,0,0,0,0,0,0,0,0,0,0,0,0,0,0,0,0,0,0,0,0,0,0,0,0,0,0,"Darmstadt CDP, Illinois",0,0,0,0,0,0,0,0,0,0,0,0,0,0,0,0
"St. Anne village, Illinois",1249,959,65,189,9,0,0,116,93,83,23,11,7,60469,102,651,1159,0,583,0,0,94,44,8,44,38,23,67,265,604,72,500,175,325,17,28,31,50,95,93,109,7,16,8,37,17,66638,"St. Anne village, Illinois",67,522,10,0,0,0,659,61,364,,,,42,500,157,32,53,15,54,11,10,26,75,18,33,35,44,33,39,39,13,5,10,9,32,10,4,4,32,35,29,26,16,10,0,"St. Anne village, Illinois",15,35,36,45,34,32,44,67,17,11,13,36,51,37,13,11
"St. Augustine village, Illinois",133,123,0,10,0,0,0,29,8,6,2,1,0,44375,23,-666666666,132,0,66,0,0,0,7,4,7,1,11,10,26,65,13,59,7,52,1,5,10,0,18,2,21,3,5,0,0,17,66677,"St. Augustine village, Illinois",0,57,8,0,0,0,75,4,33,,,,12,59,11,11,1,0,0,0,0,6,2,6,1,0,0,1,12,5,4,3,1,5,1,1,1,4,4,9,0,0,0,0,0,"St. Augustine village, Illinois",3,9,3,0,2,0,17,6,2,6,1,2,1,1,2,0
"St. Charles city, Illinois",32612,26389,1056,2981,50,1311,0,3355,1689,6367,3404,468,417,102414,1077,1382,29285,174,12999,268,54,2383,2521,2012,2195,1148,1029,277,1112,15720,2434,12342,3626,8716,412,2051,2212,1928,1391,924,1897,815,893,1550,1133,17,66703,"St. Charles city, Illinois",886,13460,1346,90,24,742,18503,782,8245,,,,1444,12342,4066,661,841,1024,1064,351,170,115,958,1143,1029,779,756,1069,1373,1289,528,458,384,519,602,349,363,201,848,900,966,701,481,110,266,"St. Charles city, Illinois",837,932,882,804,1024,1183,1568,1215,461,519,395,493,804,521,338,338
"St. David village, Illinois",560,544,0,8,0,0,0,79,24,28,20,2,0,45288,110,639,560,0,293,0,0,8,10,7,23,48,28,39,130,282,28,242,31,211,7,20,37,33,11,0,18,0,11,50,30,17,66768,"St. David village, Illinois",11,190,36,0,0,0,240,7,215,,,,44,242,80,32,12,7,22,5,0,0,16,27,5,20,25,19,9,23,2,2,3,8,19,11,15,0,19,10,17,6,8,0,0,"St. David village, Illinois",12,25,17,28,16,14,15,15,13,7,3,12,25,3,3,10
"St. Elmo city, Illinois",1466,1454,2,10,0,0,0,164,102,56,59,0,0,43913,316,605,1466,0,619,0,2,27,47,58,83,52,120,36,194,681,110,534,71,463,52,72,43,32,54,134,86,12,17,4,3,17,66794,"St. Elmo city, Illinois",13,479,33,0,4,0,601,52,526,,,,87,534,139,51,23,35,23,27,14,12,32,89,18,35,33,49,68,57,16,31,8,18,15,12,14,18,55,80,70,16,9,9,10,"St. Elmo city, Illinois",23,33,40,23,31,75,47,45,17,17,31,11,32,42,22,30
"Ste. Marie village, Illinois",358,357,1,0,0,0,0,44,31,37,0,0,0,53000,49,-666666666,353,0,138,0,3,3,14,19,27,30,11,6,25,169,29,112,12,100,25,14,32,14,12,12,21,1,8,8,0,17,66800,"Ste. Marie village, Illinois",12,136,11,0,0,0,177,13,60,,,,13,112,48,27,7,20,3,1,4,4,7,4,9,13,17,23,6,5,6,3,0,3,0,2,3,2,15,24,26,3,2,2,2,"Ste. Marie village, Illinois",8,29,11,17,2,15,2,14,3,0,0,0,8,1,1,4
"St. Francisville city, Illinois",480,436,0,0,20,1,0,57,54,49,7,0,0,42917,98,715,479,0,307,0,3,11,33,19,33,20,18,25,145,251,29,247,70,177,6,3,18,30,30,24,11,2,26,7,22,17,66833,"St. Francisville city, Illinois",9,115,44,0,0,0,206,8,195,,,,39,247,50,10,7,21,4,1,1,11,5,2,14,5,18,23,6,56,6,15,5,3,13,8,13,4,8,18,11,9,0,0,1,"St. Francisville city, Illinois",9,2,36,7,5,3,8,22,6,13,6,11,15,19,14,6
"St. Jacob village, Illinois",1529,1485,0,16,0,4,0,113,191,174,78,5,3,83750,65,1188,1515,2,538,51,33,87,129,27,96,14,28,16,57,688,71,530,73,457,13,14,67,43,113,46,128,20,94,72,40,17,66859,"St. Jacob village, Illinois",13,606,50,7,0,0,732,17,311,,,,114,530,280,77,68,38,25,18,2,0,21,38,134,53,60,46,25,15,3,19,13,14,14,14,6,7,83,70,105,60,12,17,3,"St. Jacob village, Illinois",14,41,83,65,39,26,52,58,9,9,3,13,24,25,5,3
"St. Johns village, Illinois",160,150,2,0,0,1,0,20,20,9,4,0,0,37656,22,575,159,1,116,1,0,17,22,25,17,4,12,4,14,74,8,87,13,74,10,11,11,12,5,0,3,1,1,9,4,17,66924,"St. Johns village, Illinois",1,55,2,3,0,0,76,4,72,,,,15,87,11,2,3,0,7,1,0,0,4,0,3,2,2,2,6,11,1,3,2,7,11,1,2,4,1,0,2,2,2,0,3,"St. Johns village, Illinois",1,0,1,1,8,13,5,13,3,2,6,0,10,3,0,10
"St. Joseph village, Illinois",4053,3931,1,41,0,80,0,376,306,616,352,26,16,93621,211,665,3953,11,1452,0,49,417,401,12,216,109,92,11,145,1977,185,1452,183,1269,96,49,107,257,577,233,173,47,16,82,46,17,66950,"St. Joseph village, Illinois",22,1579,65,3,0,0,2006,48,1004,,,,174,1452,671,130,210,243,99,9,0,51,53,33,131,135,105,82,103,104,122,136,32,67,81,13,24,14,78,85,214,138,32,0,18,"St. Joseph village, Illinois",45,48,113,236,181,60,112,79,140,144,12,159,50,30,37,65
"St. Libory village, Illinois",591,565,0,8,0,6,0,59,63,55,25,2,0,67431,25,748,572,17,307,0,14,22,50,37,71,19,19,7,68,303,39,265,49,216,14,8,12,41,45,55,37,19,5,23,25,17,66989,"St. Libory village, Illinois",3,264,17,0,0,0,324,22,183,,,,56,265,61,16,18,4,10,2,6,7,0,19,20,20,41,13,26,11,5,15,12,19,18,5,14,2,8,11,27,10,4,0,0,"St. Libory village, Illinois",4,10,8,21,43,24,13,21,4,17,4,14,16,15,12,2
"St. Peter village, Illinois",438,423,0,0,0,14,0,37,43,35,14,0,0,50938,58,425,424,0,167,2,1,5,9,7,11,11,28,22,71,213,13,152,12,140,35,14,4,7,38,15,35,26,2,1,1,17,67132,"St. Peter village, Illinois",4,138,26,0,0,0,187,4,107,,,,15,152,55,8,41,18,1,2,0,4,5,31,11,20,12,5,8,4,3,7,4,4,6,11,6,2,16,31,28,2,1,0,0,"St. Peter village, Illinois",13,9,10,27,5,0,9,17,4,9,4,4,10,13,5,8
"St. Rose village, Illinois",577,575,0,0,0,0,0,58,31,63,25,3,0,83281,6,800,577,0,212,0,30,32,16,49,32,26,8,3,16,266,16,207,23,184,7,30,43,45,51,6,27,9,39,22,29,17,67158,"St. Rose village, Illinois",6,297,5,1,0,0,328,0,96,,,,47,207,89,10,15,27,29,1,0,3,6,12,18,21,21,11,5,12,8,16,12,14,10,2,2,11,40,20,25,18,5,2,6,"St. Rose village, Illinois",4,32,16,19,12,5,7,10,2,48,5,9,3,5,10,8
"Salem city, Illinois",6988,6613,160,28,7,15,0,730,730,398,237,31,24,48022,1353,638,6965,0,3293,12,26,168,407,506,495,287,493,300,599,3063,352,3091,1106,1985,306,1158,617,92,297,155,221,74,25,155,12,17,67236,"Salem city, Illinois",6,2756,336,0,0,0,3488,257,2110,,,,390,3091,868,235,162,182,108,38,52,12,122,430,295,101,194,247,144,173,74,114,121,54,84,92,88,98,263,219,182,146,91,6,5,"Salem city, Illinois",203,310,253,220,185,191,230,201,145,116,55,209,120,162,99,157
"Sammons Point village, Illinois",207,181,0,24,0,2,0,16,18,9,4,0,1,54750,29,1188,202,0,79,0,2,6,2,2,8,20,20,4,15,104,15,71,17,54,1,0,16,23,13,1,12,0,4,5,8,17,67372,"Sammons Point village, Illinois",1,69,14,0,0,0,101,11,65,,,,5,71,27,13,3,7,9,1,0,0,6,9,4,5,7,5,10,3,1,8,5,1,7,0,0,0,7,4,4,3,2,0,0,"Sammons Point village, Illinois",0,7,6,9,6,12,2,18,3,3,2,3,2,8,0,2
"Sandoval village, Illinois",1099,1045,12,19,0,0,0,113,45,69,28,0,2,45476,179,527,1095,3,569,0,39,61,26,43,145,31,67,26,131,519,72,490,136,354,28,30,73,164,42,9,15,8,7,11,0,17,67444,"Sandoval village, Illinois",9,349,23,7,0,0,504,43,381,,,,67,490,199,25,31,54,25,3,6,0,22,34,25,77,12,55,17,43,8,11,12,16,29,11,3,0,47,13,43,10,24,0,5,"Sandoval village, Illinois",12,42,41,66,8,34,37,80,8,23,3,8,61,9,3,3
"Sandwich city, Illinois",7351,6529,6,765,6,45,0,763,658,637,168,17,50,70563,552,991,7044,1,2671,0,0,392,333,204,471,216,270,165,620,3656,337,2548,755,1793,247,537,175,285,339,131,456,133,202,460,376,17,67548,"Sandwich city, Illinois",114,2857,379,16,37,1,3805,67,1770,,,,418,2548,843,391,295,301,149,99,112,105,90,220,115,394,236,167,181,155,82,107,80,90,127,122,53,43,191,207,268,136,47,17,123,"Sandwich city, Illinois",166,192,256,297,201,287,128,209,79,103,122,167,129,141,78,93
"San Jose village, Illinois",530,478,6,38,3,0,0,44,22,39,11,0,0,57813,40,758,518,0,250,0,2,1,5,6,62,16,38,15,105,245,16,230,23,207,17,5,8,18,37,41,67,20,10,32,10,17,67613,"San Jose village, Illinois",0,246,11,0,0,0,277,10,166,,,,44,230,48,8,19,9,2,3,0,0,7,10,12,14,30,2,14,42,14,24,1,5,6,13,4,6,6,13,26,11,1,0,0,"San Jose village, Illinois",9,13,21,19,23,12,24,31,4,13,20,3,14,8,7,7
"Sauget village, Illinois",233,212,5,0,2,1,0,40,15,4,1,0,0,53125,37,588,228,4,139,0,0,6,17,4,14,21,10,13,54,124,6,121,85,36,2,38,9,2,8,0,7,1,1,0,4,17,67756,"Sauget village, Illinois",0,63,9,0,0,0,92,20,117,,,,27,121,19,0,7,8,0,0,0,0,18,14,11,1,4,0,6,28,0,9,6,4,2,2,2,2,2,3,4,3,1,1,1,"Sauget village, Illinois",4,5,2,8,0,3,0,0,1,20,2,3,11,35,0,0
"Sauk Village village, Illinois",10319,2030,6770,1245,15,70,0,1318,380,557,166,7,10,46061,2832,1178,9824,7,4075,74,0,333,529,315,1288,493,831,120,92,5134,394,3237,1529,1708,38,244,326,384,528,170,563,362,451,693,318,17,67769,"Sauk Village village, Illinois",106,3683,347,105,0,0,5409,826,2114,,,,380,3237,1272,395,432,590,144,249,50,245,273,428,516,271,181,90,304,213,142,94,92,87,227,76,0,35,352,295,438,360,219,49,3,"Sauk Village village, Illinois",211,273,377,563,298,359,290,292,121,165,109,110,160,103,38,0
"Saunemin village, Illinois",398,377,0,10,0,8,0,35,10,11,5,0,0,56250,78,867,394,0,150,4,0,5,5,7,24,14,12,20,59,188,21,129,14,115,19,4,0,34,62,12,9,0,0,4,6,17,67795,"Saunemin village, Illinois",7,129,21,0,0,0,171,12,120,,,,30,129,51,18,5,35,8,6,0,7,9,3,0,15,8,9,12,17,7,7,4,3,5,3,1,6,10,17,20,10,0,17,0,"Saunemin village, Illinois",0,9,7,13,11,11,13,25,8,14,4,8,5,1,4,3
"Savanna city, Illinois",2924,2719,36,110,1,28,0,331,94,218,76,26,8,32067,381,573,2850,6,1810,0,0,51,82,70,116,164,387,167,773,1329,183,1503,539,964,115,372,114,96,53,15,53,48,0,104,89,17,67821,"Savanna city, Illinois",55,905,143,0,0,0,1304,103,1209,,,,269,1503,265,25,79,64,70,2,0,13,0,85,58,102,133,106,77,143,31,57,42,27,87,79,31,31,31,22,150,127,0,45,36,"Savanna city, Illinois",27,45,64,51,160,86,89,70,40,94,32,75,141,28,81,88
"Savoy village, Illinois",8802,6376,459,399,0,1337,0,592,347,1581,1122,274,333,74189,1107,922,7336,33,3853,239,289,828,821,543,672,262,148,23,28,3811,578,3548,1588,1960,100,669,1078,901,556,164,149,0,21,83,69,17,67860,"Savoy village, Illinois",74,3122,345,238,0,0,4508,159,2669,,,,275,3548,949,209,211,172,129,114,92,144,197,159,404,232,261,291,291,91,57,72,218,156,120,45,72,127,342,243,328,147,97,168,113,"Savoy village, Illinois",360,245,409,299,365,198,194,193,89,116,308,129,176,114,49,256
"Sawyerville village, Illinois",242,230,0,4,0,3,0,22,9,19,2,0,0,40556,66,846,238,1,141,31,0,3,23,8,19,4,7,24,22,97,5,88,30,58,1,12,0,11,18,0,6,0,11,19,16,17,67873,"Sawyerville village, Illinois",1,95,0,0,0,0,114,14,57,,,,30,88,33,8,4,8,4,0,0,4,0,1,22,3,4,3,2,2,4,8,1,0,12,6,1,0,19,12,18,6,0,0,0,"Sawyerville village, Illinois",10,0,26,1,11,8,1,12,1,6,3,0,2,5,0,4
"Saybrook village, Illinois",721,689,0,23,0,0,0,52,42,69,5,0,0,50966,92,513,712,4,322,0,2,19,28,18,46,16,45,25,123,352,31,293,37,256,10,10,4,39,16,28,42,33,43,52,4,17,67912,"Saybrook village, Illinois",4,249,36,0,0,0,330,18,239,,,,100,293,81,18,41,10,16,10,4,3,0,17,16,42,34,18,13,32,9,6,12,9,10,5,21,6,14,40,29,12,2,0,0,"Saybrook village, Illinois",2,21,22,23,12,16,37,40,15,14,16,4,12,11,17,10
"Scales Mound village, Illinois",502,477,6,8,2,0,2,42,20,44,7,2,0,57292,35,671,500,0,220,0,4,9,19,13,34,8,10,14,109,265,30,209,47,162,54,18,26,22,56,5,14,9,10,7,0,17,67925,"Scales Mound village, Illinois",29,195,36,2,0,0,257,1,117,,,,39,209,77,23,26,24,0,1,2,0,13,10,23,21,14,20,10,18,4,6,2,9,24,13,0,2,16,17,21,4,2,5,1,"Scales Mound village, Illinois",11,7,27,7,11,12,12,8,8,9,11,3,22,9,7,7
"Schaumburg village, Illinois",73392,41060,4149,7652,151,18208,0,7289,3780,16033,8642,818,813,82387,4119,1458,49995,468,31972,348,92,909,5139,7591,12639,4039,720,238,257,35560,4447,30249,11131,19118,294,2623,3618,5201,4466,3034,5220,1384,2063,3827,2634,17,68003,"Schaumburg village, Illinois",1354,31029,1954,270,140,1568,41153,1500,17314,,,,2476,30249,9069,2698,2713,2097,1126,452,145,154,1112,2324,3225,3106,2968,2232,2215,2449,672,1261,740,836,1147,889,488,605,2474,2667,1584,1278,345,46,254,"Schaumburg village, Illinois",1383,3106,3006,3213,2335,2118,2467,2491,903,1373,802,1232,1499,1044,876,1242
"Schiller Park village, Illinois",11499,7771,139,2497,0,937,0,1321,488,1881,320,68,0,58637,1408,1103,5643,76,4712,17,0,274,174,215,982,1428,1147,319,156,6107,690,4437,1808,2629,150,420,1118,475,614,225,998,180,483,554,644,17,68081,"Schiller Park village, Illinois",21,5366,229,41,55,68,6404,289,2920,,,,239,4437,1218,303,485,225,209,125,124,0,301,240,333,448,582,260,430,640,267,201,183,154,243,195,47,112,275,274,467,210,73,15,106,"Schiller Park village, Illinois",184,324,281,518,224,313,363,590,38,177,196,219,212,138,138,57
"Schram City village, Illinois",633,621,6,6,0,0,0,31,49,52,13,0,0,42143,97,575,616,10,382,10,0,47,15,27,78,29,45,36,95,291,54,320,108,212,4,68,40,33,12,9,15,0,2,24,29,17,68120,"Schram City village, Illinois",8,231,13,0,0,0,295,31,266,,,,48,320,92,15,11,3,14,19,2,10,33,4,21,10,13,38,16,14,9,20,7,11,6,5,5,5,26,5,6,26,8,2,1,"Schram City village, Illinois",20,28,18,6,7,29,12,33,8,7,9,21,34,8,6,22
"Sciota village, Illinois",85,83,0,0,0,0,0,14,10,22,1,0,0,98750,4,-666666666,85,0,52,0,0,0,4,0,2,0,21,3,22,46,3,42,7,35,3,1,1,5,27,0,0,0,0,7,0,17,68198,"Sciota village, Illinois",0,43,0,0,0,0,45,0,32,,,,25,42,8,2,2,0,0,0,0,0,2,3,2,4,3,3,0,1,1,0,0,22,1,0,0,0,0,4,0,7,0,0,0,"Sciota village, Illinois",0,0,4,0,2,0,2,4,2,0,1,0,12,0,1,0
"Scott AFB CDP, Illinois",3845,2190,1052,267,0,82,7,405,110,270,384,15,26,71679,173,1458,3440,274,1325,0,165,355,291,223,69,42,41,47,92,1461,148,1223,1218,5,52,889,184,287,51,48,47,39,0,21,5,17,68328,"Scott AFB CDP, Illinois",0,1341,184,0,5,0,1702,8,569,,,,515,1223,759,258,405,253,13,36,0,39,220,135,151,153,92,153,37,45,0,4,0,0,0,0,2,0,211,130,231,97,46,49,20,"Scott AFB CDP, Illinois",149,171,260,164,133,12,73,28,8,23,28,0,12,4,0,0
"Scottville village, Illinois",124,123,0,1,0,0,0,9,7,2,3,0,2,48750,13,-666666666,124,0,93,0,0,4,5,5,21,0,11,17,30,51,5,58,21,37,12,0,5,4,3,2,0,0,0,3,3,17,68406,"Scottville village, Illinois",0,18,14,0,0,0,57,19,53,,,,18,58,8,3,4,3,0,2,0,0,0,0,3,1,0,2,3,3,0,0,1,0,6,15,5,0,1,2,1,2,3,0,0,"Scottville village, Illinois",0,0,9,2,4,2,3,3,0,1,1,7,4,11,1,16
"Seaton village, Illinois",278,253,0,0,0,0,0,32,23,7,4,5,0,59583,32,-666666666,278,0,120,0,0,0,0,0,24,2,10,8,76,140,18,103,7,96,0,21,29,27,7,6,10,0,0,9,2,17,68458,"Seaton village, Illinois",2,100,7,0,0,0,132,17,53,,,,6,103,57,30,12,18,7,0,0,0,2,12,6,5,4,11,7,11,1,1,4,4,2,1,1,1,9,9,11,2,5,0,0,"Seaton village, Illinois",0,23,7,7,10,10,9,0,10,3,1,11,2,4,2,3
"Seatonville village, Illinois",372,305,0,11,0,6,0,25,39,12,4,3,0,39405,60,585,366,0,196,0,0,13,5,31,22,13,18,20,74,184,11,188,37,151,4,34,36,41,29,3,7,0,0,1,5,17,68471,"Seatonville village, Illinois",2,157,2,0,0,0,180,9,128,,,,20,188,52,8,2,10,6,1,0,0,3,17,9,12,3,11,0,10,5,10,47,6,3,10,4,7,20,2,21,4,1,0,0,"Seatonville village, Illinois",22,15,4,6,9,2,18,8,7,11,7,5,10,9,0,7
"Secor village, Illinois",266,248,0,13,0,5,0,23,14,26,11,2,0,54167,31,933,262,0,139,0,0,8,14,7,8,8,21,17,56,126,11,120,18,102,7,15,13,16,7,8,13,3,6,22,8,17,68510,"Secor village, Illinois",0,105,11,0,0,0,145,19,72,,,,21,120,32,10,12,6,1,0,1,0,4,5,5,7,7,5,6,9,18,7,4,5,8,3,0,3,7,4,5,12,4,0,0,"Secor village, Illinois",1,4,18,6,12,3,11,17,7,8,2,2,9,3,4,1
"Seneca village, Illinois",2534,2360,17,101,0,0,0,287,254,130,109,4,7,74907,386,794,2524,5,1002,10,0,153,165,69,126,92,180,45,162,1237,118,950,154,796,57,106,70,149,337,67,96,42,51,113,60,17,68640,"Seneca village, Illinois",43,1103,80,0,0,0,1378,93,614,,,,172,950,380,107,42,146,46,32,4,0,52,138,54,89,33,22,96,122,67,46,39,27,26,28,9,12,117,84,46,78,9,5,35,"Seneca village, Illinois",80,121,78,35,45,87,135,74,86,22,21,30,28,50,16,15
"Serena CDP, Illinois",137,0,0,133,0,0,0,0,0,0,0,0,0,-666666666,0,-666666666,137,0,4,0,0,0,0,0,0,0,0,0,4,43,0,4,0,4,0,0,0,0,26,0,30,0,0,0,0,17,68679,"Serena CDP, Illinois",0,56,0,0,0,0,56,0,4,,,,0,4,4,0,0,0,17,0,0,0,0,0,0,26,0,0,0,0,0,0,0,0,0,0,0,0,0,60,0,30,0,0,0,"Serena CDP, Illinois",0,0,4,0,0,0,0,0,0,0,0,0,0,0,0,0
"Sesser city, Illinois",1702,1568,0,68,0,47,0,210,101,94,15,0,0,54375,98,590,1659,6,799,17,5,67,63,95,141,54,54,130,173,906,126,689,128,561,19,38,19,50,109,70,232,25,17,56,16,17,68705,"Sesser city, Illinois",9,554,101,0,0,0,786,76,547,,,,180,689,238,38,98,64,55,20,6,36,34,57,29,27,70,69,57,42,31,18,36,24,26,48,0,21,53,34,67,19,16,5,12,"Sesser city, Illinois",0,24,54,73,87,52,34,46,12,70,29,25,44,20,4,16
"Seymour CDP, Illinois",145,145,0,0,0,0,0,12,28,12,0,0,0,105893,12,-666666666,145,0,86,0,11,0,0,0,0,7,52,0,16,55,12,41,0,41,17,0,7,49,0,0,7,0,0,5,0,17,68809,"Seymour CDP, Illinois",7,92,0,0,0,0,92,0,26,,,,7,41,18,0,11,0,0,12,0,0,0,0,7,0,7,12,0,0,6,0,0,0,0,0,0,0,8,8,0,0,14,0,0,"Seymour CDP, Illinois",0,8,0,0,7,18,0,16,0,0,0,0,0,11,0,0
"Shabbona village, Illinois",937,881,8,33,0,3,0,111,74,78,37,0,5,66250,55,732,912,0,423,0,3,30,49,38,47,37,43,18,158,423,59,366,119,247,49,69,32,32,13,63,65,10,38,53,24,17,68822,"Shabbona village, Illinois",4,371,30,0,0,0,488,22,325,,,,79,366,84,33,12,34,7,25,5,12,8,33,12,23,8,39,23,46,16,13,9,32,18,23,5,8,7,11,27,10,11,16,13,"Shabbona village, Illinois",28,26,21,31,13,12,54,43,25,11,8,26,23,14,15,48
"Shannon village, Illinois",745,697,0,35,0,11,0,86,45,35,34,2,0,52500,51,608,740,0,366,14,0,7,26,10,74,59,52,5,119,366,37,326,55,271,29,31,30,55,64,29,34,0,8,17,15,17,68991,"Shannon village, Illinois",9,279,23,0,0,0,368,30,244,,,,64,326,89,26,15,16,16,23,5,3,20,4,23,27,14,19,18,35,3,11,11,18,12,11,23,13,17,27,27,10,4,0,0,"Shannon village, Illinois",6,12,31,38,8,8,19,48,8,7,16,6,15,8,27,37
"Shawneetown city, Illinois",1272,1187,0,29,0,0,0,203,73,22,21,0,22,25964,485,423,1263,0,620,3,0,30,65,50,185,104,55,46,82,624,67,525,218,307,30,55,46,19,41,57,49,8,13,21,6,17,69082,"Shawneetown city, Illinois",4,335,13,1,0,0,433,41,463,,,,62,525,194,55,63,85,12,0,0,8,2,32,52,59,22,29,38,22,20,6,10,43,23,20,8,15,24,66,68,30,11,0,2,"Shawneetown city, Illinois",18,16,48,29,40,36,37,45,11,11,11,56,38,12,14,25
"Sheffield village, Illinois",828,787,12,23,0,0,0,92,90,54,10,7,2,48854,106,733,792,16,435,2,0,7,2,8,55,44,30,61,226,390,51,369,98,271,48,21,43,53,49,71,41,10,11,17,18,17,69147,"Sheffield village, Illinois",5,318,45,0,0,0,422,16,257,,,,82,369,90,14,24,7,9,11,0,9,13,30,22,29,22,30,21,33,14,18,6,14,21,12,10,21,49,23,25,9,7,15,0,"Sheffield village, Illinois",5,28,20,30,20,27,30,26,15,18,12,13,26,3,21,16
"Shelbyville city, Illinois",4198,4019,119,47,12,0,0,410,250,295,195,0,0,50485,544,687,4182,0,2171,0,46,89,103,230,187,479,217,134,686,1847,263,1909,623,1286,346,436,480,31,224,4,66,55,89,112,47,17,69186,"Shelbyville city, Illinois",29,1653,177,40,0,0,2168,153,1332,,,,266,1909,364,124,107,79,25,33,32,72,92,113,109,172,15,170,96,208,20,61,83,98,76,49,39,27,96,92,153,66,61,13,49,"Shelbyville city, Illinois",139,100,139,55,101,152,140,120,154,52,68,154,86,123,67,118
"Sheldon village, Illinois",1198,1143,12,10,0,0,0,141,77,47,32,8,0,36506,195,599,1197,0,636,0,0,0,33,30,145,86,58,46,238,579,93,605,192,413,40,55,175,87,51,0,21,26,42,32,17,17,69212,"Sheldon village, Illinois",14,465,71,2,0,0,706,125,328,,,,100,605,129,55,25,24,7,6,8,18,29,7,50,16,29,61,32,58,19,37,8,4,21,10,22,40,13,23,17,32,29,0,0,"Sheldon village, Illinois",9,43,40,34,27,105,54,29,19,29,10,24,27,18,4,26
"Sheridan village, Illinois",2829,1452,1056,267,0,10,0,307,92,49,12,0,0,70925,134,1000,2784,2,425,0,0,38,27,59,31,29,97,19,125,523,115,403,81,322,56,49,35,37,19,37,49,26,7,67,106,17,69277,"Sheridan village, Illinois",29,496,15,0,0,0,595,35,2062,,,,96,403,119,21,9,22,27,44,43,61,258,515,219,343,226,116,193,147,25,22,18,6,19,1,2,2,23,39,48,54,12,4,3,"Sheridan village, Illinois",3,21,22,37,47,39,10,73,5,22,0,14,4,6,4,0
"Sherman village, Illinois",4470,3962,259,199,0,0,0,444,295,943,335,139,139,123232,7,942,4443,0,1717,99,160,376,318,247,351,68,51,15,32,2028,362,1671,251,1420,118,169,357,521,421,210,54,184,0,85,0,17,69342,"Sherman village, Illinois",32,2051,77,23,0,0,2523,145,1118,,,,241,1671,527,129,95,147,147,44,45,0,20,181,152,63,157,206,156,77,56,59,18,77,118,32,36,45,96,45,179,87,46,23,0,"Sherman village, Illinois",164,27,170,114,121,336,188,66,71,57,56,79,256,79,53,97
"Sherrard village, Illinois",628,601,0,23,0,3,0,91,49,48,18,0,0,63269,6,658,621,0,283,7,29,17,11,5,33,53,23,14,91,336,48,264,38,226,14,17,9,22,53,44,91,34,10,24,0,17,69368,"Sherrard village, Illinois",2,304,9,7,0,0,344,0,187,,,,44,264,90,10,15,18,27,8,4,0,11,21,37,19,28,13,35,24,6,6,8,8,25,4,7,2,5,8,28,20,13,0,2,"Sherrard village, Illinois",7,22,15,12,13,24,19,21,8,14,10,12,19,3,14,3
"Shiloh village, Illinois",13465,8964,2793,709,35,488,0,1242,925,2224,1238,249,118,87076,1134,886,12190,429,6252,283,395,2321,1344,753,575,257,193,88,43,6028,616,5563,1744,3819,99,553,1275,1302,544,464,885,354,345,713,249,17,69524,"Shiloh village, Illinois",176,5968,566,0,0,25,7621,133,3259,,,,1671,5563,1487,413,430,441,279,166,192,74,245,586,348,575,321,393,223,631,119,264,107,278,258,215,55,105,324,266,599,113,103,20,102,"Shiloh village, Illinois",123,536,386,452,411,415,547,648,64,254,186,176,514,131,75,302
"Shipman town, Illinois",616,611,0,5,0,0,0,40,37,48,14,2,0,46944,55,600,616,0,262,0,0,5,18,17,51,49,20,40,62,295,38,230,72,158,17,12,13,2,30,35,49,5,25,12,15,17,69563,"Shipman town, Illinois",6,207,5,0,0,0,243,17,218,,,,55,230,79,10,13,16,24,3,3,11,13,5,23,27,16,19,19,11,14,12,9,11,6,7,12,11,20,24,60,10,0,3,0,"Shipman town, Illinois",24,27,14,17,13,23,13,5,14,4,11,13,12,4,8,2
"Shirley CDP, Illinois",94,65,0,29,0,0,0,0,8,0,4,0,0,54583,0,-666666666,94,0,23,0,0,0,0,0,0,0,0,0,23,32,0,23,0,23,9,0,0,0,15,0,0,0,0,0,0,17,69628,"Shirley CDP, Illinois",0,24,0,0,0,0,25,0,46,,,,18,23,1,0,0,0,0,0,0,0,0,0,0,0,10,0,0,0,0,0,0,4,0,9,9,0,0,0,23,5,0,0,0,"Shirley CDP, Illinois",0,6,0,0,0,0,0,7,0,0,8,1,8,4,0,0
"Shorewood village, Illinois",17303,13096,945,2007,0,624,0,1838,996,2911,1466,257,160,106341,576,1763,16051,106,6375,386,397,2678,1035,511,976,352,34,6,0,8709,1222,6153,638,5515,118,650,745,1237,1130,378,721,210,302,784,790,17,69758,"Shorewood village, Illinois",340,6619,479,0,0,123,8712,427,4917,,,,1058,6153,2034,545,409,882,481,306,108,57,210,608,208,399,598,764,458,649,125,485,168,349,380,326,113,81,365,570,593,372,142,32,113,"Shorewood village, Illinois",173,345,446,475,727,567,513,601,375,427,342,257,410,326,107,316
"Shumway village, Illinois",132,132,0,0,0,0,0,21,15,8,3,3,0,59375,11,775,131,0,58,0,1,5,9,2,2,10,2,1,26,70,7,51,4,47,0,3,15,24,23,2,4,0,0,2,0,17,69797,"Shumway village, Illinois",0,65,8,0,0,0,75,0,30,,,,9,51,22,7,3,8,3,1,0,0,0,10,4,3,7,2,5,3,0,5,1,1,2,2,3,0,3,1,4,1,1,4,0,"Shumway village, Illinois",4,6,3,4,2,0,13,3,1,0,2,2,4,4,0,0
"Sibley village, Illinois",223,219,0,1,0,0,0,28,9,10,3,1,0,49375,31,680,221,2,133,0,5,0,4,4,14,15,25,11,55,94,14,111,15,96,7,5,18,21,6,1,2,4,8,8,11,17,69810,"Sibley village, Illinois",0,82,4,0,0,0,100,4,82,,,,10,111,22,1,7,3,3,0,0,0,3,5,3,7,1,8,6,8,7,9,8,2,0,8,3,2,15,3,3,7,4,0,2,"Sibley village, Illinois",5,3,4,5,5,11,8,12,4,5,8,3,7,4,11,0
"Sidell village, Illinois",492,475,0,7,0,3,0,44,19,22,4,0,0,52019,24,690,487,0,207,0,0,9,0,10,15,18,22,14,119,206,34,183,18,165,7,10,4,25,12,2,35,12,16,29,25,17,69836,"Sidell village, Illinois",0,164,10,0,0,0,188,7,211,,,,49,183,50,20,0,11,2,5,3,0,6,16,8,13,2,14,20,9,0,19,5,18,6,18,5,6,32,27,3,7,0,12,0,"Sidell village, Illinois",10,4,18,8,13,6,42,18,8,11,8,4,27,14,10,4
"Sidney village, Illinois",1297,1244,9,14,0,6,0,158,117,159,49,11,11,76250,43,909,1286,6,537,0,0,64,59,57,58,74,63,12,150,635,104,503,86,417,18,57,22,91,164,113,133,9,16,17,0,17,69875,"Sidney village, Illinois",22,598,53,0,0,0,717,25,254,,,,71,503,164,24,64,63,8,3,0,1,47,25,46,51,34,35,69,53,14,24,9,11,19,13,15,7,59,45,51,28,6,9,3,"Sidney village, Illinois",29,43,33,70,30,32,84,25,9,17,5,7,31,21,14,11
"Davis village, Illinois",470,465,0,0,0,2,0,49,37,30,20,1,0,51000,34,860,461,0,228,0,0,0,46,17,13,38,25,3,86,222,47,214,29,185,4,27,17,2,41,30,36,24,18,33,4,17,18706,"Davis village, Illinois",0,212,18,0,0,0,256,12,145,,,,16,214,47,6,7,10,9,2,0,2,11,12,2,8,5,24,23,24,16,6,4,6,15,9,15,6,6,12,15,16,4,2,4,"Davis village, Illinois",10,4,4,20,18,17,18,24,3,14,0,8,19,21,4,5
"Davis Junction village, Illinois",2574,2096,4,449,0,5,0,259,189,210,60,11,7,83906,400,1008,2432,3,812,8,18,421,158,69,47,30,7,8,46,1304,193,759,63,696,22,25,77,119,256,167,238,53,92,74,33,17,18719,"Davis Junction village, Illinois",61,1081,121,3,0,0,1331,73,493,,,,58,759,408,74,108,211,112,42,15,4,58,78,65,129,104,105,88,67,12,3,6,10,3,7,5,2,38,95,141,129,63,4,9,"Davis Junction village, Illinois",52,93,58,129,90,113,63,68,29,21,22,20,13,7,2,7
"Dawson village, Illinois",705,651,27,23,0,0,0,94,9,34,3,0,0,56964,105,923,705,0,301,3,0,15,43,22,68,26,37,5,82,336,38,263,54,209,12,10,33,23,59,50,51,17,0,20,7,17,18745,"Dawson village, Illinois",0,235,36,0,0,0,377,42,154,,,,38,263,94,33,7,20,4,8,0,3,12,32,37,45,14,15,23,22,0,7,2,3,6,38,5,0,5,56,53,0,8,4,0,"Dawson village, Illinois",20,24,29,4,25,32,19,10,2,9,7,6,8,37,11,0
"Dayton CDP, Illinois",475,448,0,27,0,0,0,55,88,46,5,4,0,86125,25,1067,471,0,206,8,0,23,34,7,11,17,23,16,67,319,69,200,46,154,3,17,64,18,13,12,10,2,0,31,35,17,18771,"Dayton CDP, Illinois",0,182,23,0,0,0,231,0,195,,,,79,200,37,2,13,8,53,0,0,0,9,2,30,12,26,41,28,30,5,18,5,13,6,13,4,1,0,8,8,0,4,0,0,"Dayton CDP, Illinois",0,2,7,0,18,5,26,35,3,7,0,8,4,12,1,8
"Decatur city, Illinois",71857,49078,16094,1943,154,756,58,7912,4048,6811,2872,592,401,45404,13270,688,69804,258,36458,97,319,1493,2157,2865,5787,5090,7916,3733,7001,32649,3465,31073,11865,19208,1175,5431,8235,6823,2883,635,732,130,218,1314,700,17,18823,"Decatur city, Illinois",410,24857,2344,481,14,0,33533,3126,24794,,,,4498,31073,7117,2257,1749,2138,1303,1080,588,435,1263,2579,2326,1722,1795,1740,1789,2472,1126,1164,666,1121,1756,1008,627,804,2335,2120,1908,1294,1069,515,482,"Decatur city, Illinois",1655,2742,2176,2347,1778,2064,2127,2497,1178,1488,1039,1404,1859,1273,1397,1602
"Deer Creek village, Illinois",641,637,0,0,0,0,0,91,52,65,15,1,0,61406,32,889,632,9,312,0,10,37,22,23,37,29,62,0,92,310,24,281,76,205,27,22,31,38,38,38,62,18,25,9,11,17,18940,"Deer Creek village, Illinois",7,286,30,0,0,0,345,13,162,,,,46,281,68,16,8,32,3,11,3,2,22,34,24,10,19,19,5,38,7,14,7,3,17,16,0,0,24,22,27,17,4,3,3,"Deer Creek village, Illinois",12,34,14,24,13,14,21,26,4,14,1,14,24,6,3,7
"Deerfield village, Illinois",19030,16562,78,997,0,1076,0,1022,194,5251,3549,1305,558,162064,511,1889,16884,249,7574,668,134,548,943,670,745,1560,1605,304,397,9235,1469,7323,1318,6005,201,632,1303,1210,1089,394,1020,264,266,623,778,17,18992,"Deerfield village, Illinois",293,6622,374,0,57,834,10124,313,4635,,,,755,7323,2554,459,771,685,470,243,154,59,426,179,411,552,595,640,829,693,356,408,248,250,330,165,170,199,537,725,786,411,78,0,60,"Deerfield village, Illinois",208,222,492,486,761,762,778,975,308,335,150,307,354,288,238,477
"Deer Grove village, Illinois",33,33,0,0,0,0,0,2,0,0,3,0,0,56250,0,-666666666,33,0,15,0,0,4,0,0,1,0,1,3,6,12,1,14,3,11,0,0,4,0,5,0,4,0,0,0,0,17,19031,"Deer Grove village, Illinois",0,13,0,0,0,0,15,0,17,,,,5,14,1,0,0,0,1,0,0,0,0,0,0,0,0,0,1,2,0,6,0,2,0,0,0,0,0,0,0,2,1,2,0,"Deer Grove village, Illinois",4,0,0,0,0,0,2,2,0,4,0,2,1,0,1,0
"Deer Park village, Illinois",4005,3475,12,43,0,438,0,268,124,949,606,125,42,161422,52,2337,3424,20,1558,270,31,147,134,430,251,179,68,10,38,1898,291,1377,186,1191,31,45,131,233,117,85,236,107,84,210,213,17,19083,"Deer Park village, Illinois",56,1238,83,0,5,207,1889,34,1194,,,,115,1377,531,75,160,149,96,69,28,0,47,52,43,151,144,122,169,145,65,106,44,56,44,58,32,43,150,219,120,110,61,0,7,"Deer Park village, Illinois",66,58,26,181,136,97,179,176,85,96,52,28,109,37,55,59
"DeKalb city, Illinois",42961,27065,5636,6594,24,1571,0,3088,2119,4918,2363,396,544,44223,10291,889,38491,479,17161,68,73,2726,2939,2042,3390,2108,1108,531,2176,21089,1903,15839,9314,6525,1081,5145,5015,2772,999,638,1073,386,531,1655,1093,17,19161,"DeKalb city, Illinois",557,16238,2543,337,0,10,24425,2237,11644,,,,1581,15839,4096,939,1026,929,688,1437,1613,1162,2759,1959,1529,974,931,945,958,945,565,306,263,250,429,169,168,265,1052,1103,1381,554,1657,1396,1384,"DeKalb city, Illinois",2265,1673,1146,937,1187,893,886,1130,328,436,360,266,407,320,388,603
"De Land village, Illinois",468,427,25,15,0,0,0,77,30,8,5,0,0,49167,35,730,462,0,239,0,0,12,10,9,48,28,41,17,74,204,27,188,52,136,2,36,24,25,30,26,50,2,3,16,6,17,19200,"De Land village, Illinois",0,165,35,0,0,0,252,14,122,,,,18,188,75,15,14,15,17,12,0,0,7,19,4,12,19,20,7,8,0,10,6,3,13,2,1,0,23,6,18,12,18,0,0,"De Land village, Illinois",22,8,16,9,25,18,36,15,1,9,0,5,14,3,2,4
"Delavan city, Illinois",1708,1571,6,110,12,6,0,159,136,155,46,3,4,62500,164,741,1659,33,813,0,0,13,28,26,135,94,157,44,316,819,64,676,150,526,22,97,60,48,56,83,112,32,33,52,26,17,19226,"Delavan city, Illinois",15,600,26,0,0,0,718,41,601,,,,208,676,207,44,102,71,39,21,4,0,32,31,39,66,55,35,29,81,6,35,19,35,26,10,37,21,23,43,96,8,13,3,14,"Delavan city, Illinois",53,44,113,40,27,48,61,48,52,36,9,20,24,51,12,32
"De Pue village, Illinois",1724,569,24,1060,24,31,0,85,81,106,44,4,4,61553,247,743,1344,18,711,0,0,24,32,33,62,67,82,101,310,1008,134,591,160,431,18,102,124,105,120,131,78,14,15,4,18,17,19499,"De Pue village, Illinois",58,676,99,0,0,0,842,46,426,,,,76,591,244,55,76,90,35,38,4,0,38,60,86,62,103,96,38,54,9,25,9,50,46,19,5,10,51,75,40,84,7,10,11,"De Pue village, Illinois",0,35,55,49,5,53,57,42,11,10,23,36,36,9,14,3
"De Soto village, Illinois",1652,1471,14,118,0,12,0,179,121,145,69,5,13,44744,291,678,1645,2,796,0,26,81,126,150,236,36,47,16,78,861,159,645,342,303,71,83,158,162,63,41,79,27,31,25,15,17,19616,"De Soto village, Illinois",2,665,33,24,0,0,876,64,435,,,,130,645,201,51,59,45,52,21,15,27,15,60,59,50,58,61,98,64,15,28,22,9,16,24,5,7,37,46,84,22,24,0,15,"De Soto village, Illinois",0,47,37,48,66,62,77,54,7,19,14,50,44,22,9,7
"Des Plaines city, Illinois",58316,37059,1679,10490,86,7498,58,5654,4059,10219,4369,1259,477,73639,4548,1167,39717,565,23212,326,222,2287,2138,1686,3156,4738,5475,1378,1806,27815,3915,21849,4733,17116,583,1883,2357,4478,4137,1733,4002,1353,1612,2705,2732,17,19642,"Des Plaines city, Illinois",839,22684,2777,368,496,1112,31921,1345,16118,,,,2117,21849,6567,1430,1495,2235,969,545,223,367,887,1626,2217,1901,1824,1682,2292,2128,873,1136,633,827,1051,847,552,637,1490,1533,1570,1158,610,96,94,"Des Plaines city, Illinois",962,1571,2085,1762,1952,1754,2037,2493,888,1481,463,988,1219,1498,878,1357
"Detroit village, Illinois",23,23,0,0,0,0,0,2,0,0,0,0,0,-666666666,4,-666666666,23,0,25,0,0,0,4,0,6,0,7,0,8,15,0,12,0,12,0,0,0,0,0,1,0,0,8,1,1,17,19681,"Detroit village, Illinois",0,11,0,0,0,0,11,0,12,,,,1,12,0,0,0,0,0,0,0,0,0,4,0,0,0,0,0,9,0,1,0,1,0,0,0,0,0,0,0,0,0,0,0,"Detroit village, Illinois",0,0,0,0,0,0,5,2,0,0,1,0,0,0,0,0
"Dewey CDP, Illinois",90,90,0,0,0,0,0,8,18,0,0,0,0,-666666666,26,-666666666,90,0,33,0,0,0,0,0,33,0,0,0,0,35,11,33,8,25,0,0,15,6,20,0,0,0,0,11,8,17,19746,"Dewey CDP, Illinois",0,54,0,0,0,0,68,8,6,,,,0,33,14,0,9,0,0,0,0,0,0,0,0,9,6,0,11,0,0,0,0,0,0,0,0,0,0,0,7,0,6,0,0,"Dewey CDP, Illinois",0,10,8,0,6,0,8,10,0,0,0,0,0,0,0,0
"De Witt village, Illinois",221,210,0,0,0,0,0,18,19,12,1,0,0,51875,36,1025,213,0,140,0,2,7,9,44,18,1,9,8,42,95,35,85,16,69,0,4,2,24,11,3,4,6,8,0,1,17,19798,"De Witt village, Illinois",17,71,9,0,0,0,95,9,67,,,,20,85,26,0,2,4,6,0,0,0,0,0,0,2,6,16,19,6,8,11,4,3,5,0,3,0,4,42,4,1,0,0,0,"De Witt village, Illinois",0,0,1,5,18,0,10,16,2,2,2,2,10,4,2,1
"Diamond village, Illinois",2786,2648,0,104,0,0,0,265,180,204,99,8,0,51019,305,1085,2760,12,1206,76,58,312,242,85,292,24,99,13,5,1430,146,1206,274,932,39,191,113,164,177,151,160,32,74,60,142,17,19837,"Diamond village, Illinois",42,1240,86,0,5,0,1418,22,710,,,,147,1206,428,115,116,211,27,13,5,47,55,56,81,114,70,62,84,190,34,47,6,11,38,24,24,5,35,129,38,47,5,8,17,"Diamond village, Illinois",42,94,122,97,99,59,110,84,96,29,8,27,16,64,32,93
"Dieterich village, Illinois",726,697,0,4,0,22,0,48,68,122,19,4,0,61417,46,543,701,3,334,31,48,61,35,2,37,12,27,24,57,367,21,325,60,265,57,21,18,95,92,17,26,8,6,8,4,17,19915,"Dieterich village, Illinois",7,336,5,7,0,0,391,3,173,,,,55,325,114,30,24,19,0,1,2,0,7,23,69,27,25,10,11,30,9,28,10,19,9,2,4,8,35,23,25,8,6,7,0,"Dieterich village, Illinois",10,22,42,15,12,26,21,16,9,8,15,8,22,8,7,14
"Divernon village, Illinois",1194,1149,0,16,0,9,0,131,74,100,38,6,0,64922,48,795,1182,0,550,0,0,28,50,53,117,62,28,28,184,615,31,499,103,396,6,45,39,73,99,110,98,10,31,10,5,17,20045,"Divernon village, Illinois",28,489,65,0,0,0,631,17,259,,,,57,499,179,67,69,47,16,0,0,3,16,29,56,84,18,8,23,42,35,7,13,20,44,8,10,0,32,36,30,22,10,0,0,"Divernon village, Illinois",31,32,58,47,22,34,33,54,13,9,15,14,23,14,38,12
"Dix village, Illinois",534,494,7,8,0,0,0,28,85,22,10,3,0,30000,115,308,521,5,276,4,4,6,24,80,75,20,20,9,34,280,29,254,111,143,7,0,14,30,60,29,44,0,0,8,2,17,20123,"Dix village, Illinois",7,160,33,0,0,0,207,4,225,,,,39,254,63,4,16,11,2,2,27,0,24,6,22,4,45,22,7,28,6,14,3,17,11,5,3,1,18,21,22,16,2,0,0,"Dix village, Illinois",2,6,9,22,8,16,12,12,13,11,14,8,15,17,2,8
"Dixmoor village, Illinois",3570,250,1586,1734,0,0,0,559,160,161,56,0,0,44757,959,1009,3142,0,1410,22,12,150,187,78,111,406,225,51,168,1648,313,1209,635,574,6,19,260,394,115,133,202,29,37,113,140,17,20149,"Dixmoor village, Illinois",15,1273,44,28,9,21,1763,174,992,,,,110,1209,531,165,76,123,67,100,5,26,35,210,137,46,165,188,125,24,26,20,0,10,10,11,19,60,127,170,115,110,56,88,0,"Dixmoor village, Illinois",62,256,103,179,54,24,171,61,54,31,0,6,51,147,43,14
"Dixon city, Illinois",15544,12138,1651,1341,19,101,0,1953,1332,1414,624,196,14,46479,1766,641,14885,62,6461,11,8,268,261,323,1256,619,873,512,2330,5904,714,5905,2349,3556,395,1509,1043,600,802,375,427,85,136,201,241,17,20162,"Dixon city, Illinois",141,5142,638,54,0,0,6358,174,6546,,,,862,5905,1662,395,502,395,322,59,140,20,229,769,611,711,781,602,513,917,176,287,241,94,434,222,128,79,467,370,288,226,76,131,45,"Dixon city, Illinois",246,517,381,355,463,400,489,414,162,384,211,235,203,158,124,572
"Dolton village, Illinois",22487,969,20705,238,0,51,0,3787,1425,1748,845,25,18,50237,4834,1320,22017,0,9046,0,0,161,338,636,2125,2070,2517,696,503,10246,1043,7985,2572,5413,32,120,850,819,881,392,1316,278,597,913,1527,17,20292,"Dolton village, Illinois",516,6225,559,551,125,346,10603,1657,7090,,,,853,7985,2313,852,614,895,564,431,269,122,573,604,527,590,403,470,618,639,245,535,399,256,306,205,243,55,490,886,732,545,345,183,81,"Dolton village, Illinois",396,780,841,637,491,1089,762,844,335,560,350,359,615,218,246,287
"Dongola village, Illinois",654,607,14,18,0,0,0,79,34,25,0,1,2,34073,102,553,645,5,344,0,0,10,8,18,109,22,41,45,91,316,28,255,85,170,3,3,5,37,26,14,62,0,0,13,5,17,20305,"Dongola village, Illinois",0,165,0,0,0,0,204,30,313,,,,47,255,83,34,34,18,20,12,7,0,27,16,5,22,4,10,18,30,10,10,8,15,8,2,4,10,22,10,16,16,17,2,4,"Dongola village, Illinois",17,12,23,16,7,17,20,31,0,29,4,17,20,21,9,0
"Donnellson village, Illinois",114,110,0,0,2,0,0,5,18,1,0,0,0,-666666666,56,756,111,0,91,0,0,0,16,3,15,11,6,9,31,56,8,70,20,50,0,4,0,6,2,0,13,0,2,0,11,17,20318,"Donnellson village, Illinois",0,36,2,0,0,0,47,9,58,,,,12,70,11,1,1,0,0,0,1,0,0,16,1,6,0,2,6,6,1,8,0,3,2,0,2,0,1,2,0,4,0,0,1,"Donnellson village, Illinois",0,3,2,2,0,5,4,5,3,0,0,15,2,9,0,0
"Donovan village, Illinois",272,210,0,25,0,0,0,24,21,9,4,0,0,37083,46,825,272,0,117,0,0,1,3,0,15,7,18,3,70,145,24,99,22,77,11,3,1,4,17,13,2,0,8,11,6,17,20331,"Donovan village, Illinois",17,74,8,1,0,0,141,38,68,,,,10,99,39,4,7,10,17,3,0,5,10,2,9,7,19,6,18,10,2,4,0,5,3,0,4,0,7,17,16,2,0,11,0,"Donovan village, Illinois",4,1,3,12,3,17,3,10,3,5,1,0,4,0,2,6
"Dorchester village, Illinois",151,151,0,0,0,0,0,8,21,5,6,0,0,78750,2,-666666666,151,0,56,0,0,4,1,1,0,5,7,16,22,81,7,50,1,49,0,16,9,4,3,0,5,1,19,2,5,17,20370,"Dorchester village, Illinois",0,64,0,0,0,0,70,3,28,,,,8,50,19,0,11,1,18,0,0,0,0,4,3,0,0,1,6,20,1,5,4,0,1,4,2,0,1,0,22,0,0,0,0,"Dorchester village, Illinois",0,5,3,14,0,5,2,3,2,2,0,3,1,3,3,1
"Dover village, Illinois",141,139,0,0,0,0,0,18,9,12,2,0,0,36618,24,-666666666,141,0,78,0,2,2,5,2,0,21,0,1,45,70,5,62,5,57,6,9,13,6,7,1,6,1,0,0,0,17,20526,"Dover village, Illinois",1,43,5,1,0,0,55,2,64,,,,18,62,17,4,3,0,4,0,1,0,0,3,4,5,3,2,3,7,1,6,2,4,0,2,16,0,6,2,4,6,1,0,0,"Dover village, Illinois",4,4,2,0,0,3,5,10,4,0,4,0,10,2,0,4
"Dowell village, Illinois",356,346,0,5,0,0,0,40,11,12,3,2,0,36111,90,767,356,0,207,0,11,13,24,41,0,4,13,37,64,182,25,158,39,119,2,30,29,24,9,18,23,0,3,17,2,17,20565,"Dowell village, Illinois",4,150,8,0,0,0,196,31,111,,,,36,158,20,11,3,5,3,8,5,0,15,26,12,14,8,15,10,5,1,12,5,3,9,8,4,0,14,12,1,0,3,0,13,"Dowell village, Illinois",14,11,10,4,12,0,11,11,14,8,7,6,4,7,5,7
"Downers Grove village, Illinois",49263,41540,1640,2482,0,2576,1,3762,2450,12363,5828,1434,893,97197,2417,1364,43766,360,21116,505,341,1465,1790,2785,5230,3666,2598,585,2151,23976,3187,20115,5011,15104,229,1782,2187,2989,2698,1343,2995,776,1078,2017,2576,17,20591,"Downers Grove village, Illinois",503,16649,1084,103,74,2616,26229,1076,13475,,,,1546,20115,5592,1577,1787,1521,924,498,281,215,779,1257,1487,1371,1420,1614,1573,2144,697,946,607,1004,1062,646,351,253,1316,1467,1262,762,378,167,209,"Downers Grove village, Illinois",1136,1396,1525,1623,1364,1570,1673,2016,811,1070,750,1205,1258,884,618,789
"Downs village, Illinois",1417,1286,14,64,0,3,0,97,65,368,60,7,6,92288,31,1051,1376,10,527,98,0,80,63,21,23,78,47,14,103,704,66,527,77,450,38,79,65,232,122,52,8,54,13,9,16,17,20643,"Downs village, Illinois",36,669,34,2,0,0,772,11,220,,,,105,527,240,26,114,84,11,13,11,5,22,29,92,29,63,47,19,26,4,10,5,6,17,7,17,47,87,61,42,26,11,0,13,"Downs village, Illinois",8,34,143,35,30,60,30,55,3,10,19,14,2,7,11,12
"Du Bois village, Illinois",155,147,6,2,0,0,0,22,29,4,0,0,3,52188,13,500,155,0,115,0,0,3,12,9,18,8,26,3,36,69,23,83,15,68,7,2,2,5,22,10,32,0,0,2,5,17,20890,"Du Bois village, Illinois",12,71,20,0,0,0,102,0,37,,,,8,83,14,1,0,2,2,0,0,0,0,4,4,1,4,16,7,7,0,6,4,0,5,1,2,3,9,2,0,2,0,3,0,"Du Bois village, Illinois",2,7,2,4,3,0,5,11,2,8,5,0,9,1,11,0
"Dundas CDP, Illinois",259,248,0,0,0,0,0,78,19,49,0,0,0,98056,17,-666666666,259,0,156,8,0,49,25,52,0,0,22,0,0,150,78,126,0,126,0,35,98,0,0,0,0,0,0,47,0,17,21020,"Dundas CDP, Illinois",8,106,82,0,0,0,202,0,36,,,,7,126,11,0,0,21,0,0,0,0,0,0,0,0,8,22,56,36,0,7,0,0,0,0,0,0,0,0,0,7,0,0,0,"Dundas CDP, Illinois",0,0,0,11,17,0,49,18,0,7,0,0,0,0,0,0
"Dunfermline village, Illinois",380,366,3,10,0,0,0,64,43,18,6,0,0,51250,31,688,378,2,172,0,0,44,8,5,23,13,9,14,56,188,16,159,25,134,2,17,24,4,9,5,3,3,6,35,18,17,21098,"Dunfermline village, Illinois",4,115,14,0,0,0,148,13,176,,,,54,159,50,11,9,1,15,2,0,0,9,14,17,13,6,10,6,5,3,4,10,6,39,0,2,6,9,7,16,4,1,0,0,"Dunfermline village, Illinois",6,13,11,8,5,10,14,14,3,12,3,18,8,15,14,1
"Dunlap village, Illinois",1100,851,14,23,34,94,2,106,56,163,124,26,32,99018,26,793,939,15,439,32,2,143,36,18,73,42,47,16,30,559,99,385,101,284,20,37,63,57,157,62,38,0,3,4,4,17,21176,"Dunlap village, Illinois",12,420,19,1,0,0,511,13,311,,,,26,385,168,38,42,60,61,18,4,0,7,27,22,20,48,60,39,43,12,19,4,12,5,12,2,4,18,28,55,18,14,2,3,"Dunlap village, Illinois",45,10,18,25,49,108,30,20,2,16,6,17,13,17,18,9
"Dupo village, Illinois",3917,3582,218,82,0,0,0,168,293,344,71,0,0,40049,637,869,3851,0,1741,72,0,292,281,170,154,55,184,85,448,1717,205,1682,470,1212,56,194,292,340,339,161,168,91,79,175,65,17,21254,"Dupo village, Illinois",0,1824,106,0,0,0,2216,150,968,,,,236,1682,509,243,75,62,93,62,0,0,103,123,73,164,151,64,141,103,32,81,0,42,61,37,7,0,53,209,49,154,17,38,45,"Dupo village, Illinois",20,61,181,137,134,200,211,75,32,122,57,80,117,149,0,59
"Du Quoin city, Illinois",5723,5073,241,209,0,43,0,571,372,324,133,18,55,41756,1400,611,5649,38,3094,0,0,202,149,538,293,220,271,465,956,2613,386,2657,1035,1622,342,457,166,131,141,140,174,104,135,154,91,17,21267,"Du Quoin city, Illinois",7,1688,233,37,0,0,2309,191,2302,,,,352,2657,834,149,110,246,142,83,26,0,145,213,138,223,102,214,198,230,50,111,27,29,126,24,114,94,171,317,86,131,3,18,0,"Du Quoin city, Illinois",187,192,179,147,148,177,247,126,64,83,133,39,85,201,80,115
"Durand village, Illinois",1493,1436,4,16,0,4,0,133,106,106,32,5,4,51375,93,646,1476,3,601,0,0,111,51,59,114,61,40,6,159,724,118,560,212,348,21,45,54,60,74,55,110,51,39,32,26,17,21280,"Durand village, Illinois",14,511,27,0,0,0,650,40,455,,,,131,560,168,111,64,33,22,3,0,7,16,57,36,43,56,87,31,31,6,22,12,36,32,13,8,41,72,63,33,16,4,47,3,"Durand village, Illinois",22,43,51,36,29,41,56,29,12,12,19,42,47,9,3,37
"Dwight village, Illinois",3817,3396,21,272,0,0,0,440,180,259,147,16,27,56543,576,750,3779,12,1731,6,27,105,162,135,259,202,86,71,678,1790,228,1544,476,1068,150,393,148,28,76,215,219,19,39,121,147,17,21358,"Dwight village, Illinois",60,1486,44,15,0,0,1837,87,1312,,,,208,1544,421,84,63,127,125,38,29,22,67,64,106,127,170,129,99,155,52,65,24,68,105,47,12,20,82,68,216,84,55,17,18,"Dwight village, Illinois",58,117,65,196,142,96,115,93,52,82,0,98,123,57,119,66
"Eagarville village, Illinois",170,133,10,0,2,2,0,17,7,13,0,0,6,50938,13,-666666666,168,0,59,0,0,11,20,4,0,0,0,7,17,84,5,55,0,55,2,8,5,9,5,3,1,0,2,10,7,17,21410,"Eagarville village, Illinois",0,52,0,0,0,0,72,12,52,,,,6,55,32,8,8,20,0,0,0,0,7,8,7,0,4,2,3,4,0,4,0,2,7,0,0,0,3,0,1,21,0,0,7,"Eagarville village, Illinois",0,2,3,9,2,15,7,3,2,0,2,9,0,0,0,0
"Eagle Lake CDP, Illinois",61,61,0,0,0,0,0,13,0,0,0,0,0,-666666666,0,-666666666,61,0,29,0,0,0,0,13,0,0,0,0,16,29,0,29,0,29,0,0,0,0,0,0,0,0,14,0,0,17,21475,"Eagle Lake CDP, Illinois",0,14,0,0,0,0,14,0,47,,,,13,29,0,0,0,0,0,0,0,0,0,0,0,0,0,0,0,13,0,0,0,0,0,0,16,0,0,0,0,0,0,0,0,"Eagle Lake CDP, Illinois",0,0,0,0,0,0,0,14,0,0,0,0,0,18,0,0
"Earlville city, Illinois",2057,1852,6,129,2,4,0,197,110,68,28,0,0,52768,231,851,2018,0,977,9,0,49,202,46,105,74,76,58,358,1066,105,886,285,601,94,37,26,130,52,76,133,55,64,127,152,17,21540,"Earlville city, Illinois",42,853,89,0,0,0,1115,86,547,,,,122,886,279,64,106,61,44,26,0,44,77,53,78,53,64,38,67,60,6,74,19,55,42,11,16,8,33,58,47,64,21,0,24,"Earlville city, Illinois",84,92,42,51,51,70,38,54,42,50,21,35,37,30,41,6
"East Alton village, Illinois",6021,5573,239,30,0,71,0,687,381,639,240,0,0,52773,990,715,5979,0,3076,28,56,164,150,217,204,494,874,289,600,3225,558,2548,980,1568,217,395,121,433,476,262,392,111,79,281,0,17,21553,"East Alton village, Illinois",9,2361,373,0,0,0,2981,127,1988,,,,451,2548,795,165,116,279,93,160,11,124,62,158,358,62,136,225,333,257,60,154,162,53,107,106,11,33,208,167,54,180,19,12,17,"East Alton village, Illinois",98,204,223,91,139,197,279,253,97,100,152,93,71,40,77,25
"East Brooklyn village, Illinois",57,57,0,0,0,0,0,7,4,4,1,0,0,91250,0,-666666666,57,0,48,0,0,0,6,1,5,3,6,4,23,26,5,32,4,28,2,5,3,4,1,0,11,0,7,1,0,17,21579,"East Brooklyn village, Illinois",2,35,1,0,0,0,37,1,20,,,,2,32,0,0,0,0,0,0,0,0,2,2,0,3,0,5,0,4,5,1,1,0,2,1,0,0,0,0,0,0,0,0,0,"East Brooklyn village, Illinois",2,5,0,0,4,3,2,1,1,2,3,1,1,1,2,3
"East Cape Girardeau village, Illinois",429,392,32,0,0,0,0,40,4,33,2,0,0,37875,115,863,427,0,231,0,0,0,16,32,112,49,8,3,11,232,32,153,59,94,3,21,13,29,33,5,48,2,0,2,0,17,21605,"East Cape Girardeau village, Illinois",0,143,13,0,0,0,158,0,169,,,,32,153,36,14,64,0,0,1,0,0,0,6,8,42,10,0,32,12,3,5,0,1,14,9,9,2,3,21,0,13,1,2,2,"East Cape Girardeau village, Illinois",0,0,20,20,28,8,2,17,8,4,1,8,16,8,5,10
"East Carondelet village, Illinois",317,274,35,0,0,0,0,15,9,2,3,0,0,50208,93,467,317,0,144,8,2,15,34,11,18,14,15,5,22,154,18,103,14,89,0,2,10,21,14,5,54,2,1,15,0,17,21618,"East Carondelet village, Illinois",1,120,5,0,0,0,130,4,95,,,,16,103,43,4,2,35,5,3,3,1,13,7,12,10,3,11,7,16,1,4,6,2,5,4,0,0,28,12,7,8,1,1,1,"East Carondelet village, Illinois",1,9,22,5,8,7,8,6,3,6,5,2,13,1,2,7
"East Dubuque city, Illinois",1569,1447,2,55,2,25,0,128,87,160,87,11,8,52500,195,669,1519,9,847,13,0,84,71,46,118,145,110,39,221,873,159,754,236,518,61,144,226,286,70,31,43,5,0,6,16,17,21683,"East Dubuque city, Illinois",2,780,85,0,0,0,960,33,305,,,,155,754,210,38,24,61,104,22,6,20,37,34,43,46,32,70,90,74,24,5,15,21,38,24,28,21,35,32,29,33,6,11,0,"East Dubuque city, Illinois",21,42,25,36,17,105,72,38,7,18,24,49,33,12,30,17
"East Dundee village, Illinois",3211,2326,173,585,0,94,0,366,299,545,209,54,10,73199,335,1156,2700,8,1518,0,185,181,298,131,69,146,192,91,225,1489,187,1453,325,1128,37,68,177,223,377,57,344,64,64,124,77,17,21696,"East Dundee village, Illinois",11,1409,196,0,0,9,1853,80,925,,,,245,1453,273,114,100,72,18,33,0,10,3,43,142,114,78,78,109,90,58,145,45,51,91,43,20,53,77,43,18,0,0,55,37,"East Dundee village, Illinois",73,157,55,79,87,37,226,131,15,51,112,54,131,64,46,153
"East Galesburg village, Illinois",579,566,0,1,0,1,0,64,66,59,36,21,0,57708,58,671,574,0,310,0,5,10,40,19,72,21,45,28,70,296,34,289,72,217,2,73,67,66,26,16,9,0,5,23,6,17,21826,"East Galesburg village, Illinois",3,260,24,0,0,0,309,9,189,,,,52,289,60,11,13,23,8,11,0,0,4,16,10,7,22,23,11,43,6,13,10,26,19,12,6,2,9,7,12,8,5,0,2,"East Galesburg village, Illinois",4,19,9,22,20,6,18,34,19,15,14,13,24,16,6,1
"East Gillespie village, Illinois",240,231,3,1,3,0,0,33,30,23,15,0,0,64167,13,758,240,0,126,0,10,25,15,1,12,4,1,14,44,125,23,114,9,105,7,7,6,10,24,0,8,3,9,17,3,17,21852,"East Gillespie village, Illinois",4,89,7,0,0,0,116,4,111,,,,20,114,19,1,0,3,0,3,0,4,0,7,10,2,8,18,5,8,7,3,3,3,12,5,23,0,5,3,1,5,4,0,0,"East Gillespie village, Illinois",1,5,5,2,2,11,8,8,1,9,9,8,8,20,0,0
"East Hazel Crest village, Illinois",1509,315,959,213,0,4,0,215,84,175,83,4,0,50583,136,1191,1406,10,620,0,0,56,34,47,130,139,125,41,48,669,121,575,212,363,3,65,33,50,80,32,114,26,27,92,76,17,21904,"East Hazel Crest village, Illinois",23,484,37,26,0,59,802,99,522,,,,44,575,134,57,18,30,24,23,13,21,37,24,50,29,44,47,74,34,10,21,16,27,30,30,8,2,40,25,12,34,76,17,9,"East Hazel Crest village, Illinois",19,19,41,32,35,56,79,64,46,32,46,21,43,22,36,36
"East Lynn CDP, Illinois",379,379,0,0,0,0,0,16,55,0,0,0,0,200771,0,-666666666,379,0,130,0,102,0,0,0,20,0,8,0,0,257,20,130,8,122,0,0,8,8,0,0,20,0,149,0,0,17,22021,"East Lynn CDP, Illinois",0,185,0,0,0,0,185,0,0,,,,0,130,102,0,0,182,0,0,0,0,0,0,0,0,0,0,20,0,0,55,0,0,0,0,0,0,0,7,0,5,0,0,0,"East Lynn CDP, Illinois",0,0,8,0,0,8,0,0,0,94,0,0,0,0,0,0
"East Moline city, Illinois",20683,12609,2842,3850,26,582,4,2346,1438,1886,770,29,19,51388,2599,690,18321,124,8578,0,169,448,710,800,1239,1735,1333,697,1447,8854,1348,8111,2749,5362,314,1037,1123,1414,1730,927,1050,232,206,148,168,17,22073,"East Moline city, Illinois",75,7020,828,140,0,0,9233,479,6997,,,,993,8111,2689,694,615,700,573,247,40,107,441,924,552,825,655,814,741,407,237,321,244,222,362,206,191,156,791,735,679,202,165,48,91,"East Moline city, Illinois",515,719,477,723,616,566,697,669,255,250,151,343,402,369,341,605
"Easton village, Illinois",235,234,0,0,0,0,0,14,12,11,6,2,1,54250,12,758,234,1,119,0,0,4,3,0,5,18,7,20,62,99,3,107,19,88,4,1,18,14,6,0,8,10,7,14,5,17,22151,"Easton village, Illinois",1,74,12,0,0,0,103,10,90,,,,19,107,19,7,3,0,1,0,0,3,4,8,6,5,5,3,0,15,9,6,0,5,9,2,3,5,10,12,9,1,2,0,3,"Easton village, Illinois",5,5,6,6,2,5,5,15,3,2,9,2,7,7,5,15
"Sigel town, Illinois",419,416,0,2,0,1,0,50,37,33,15,5,2,85417,16,850,416,0,183,1,5,16,19,17,26,28,12,18,41,188,27,156,23,133,3,2,28,59,36,7,29,6,0,3,4,17,69914,"Sigel town, Illinois",7,180,2,0,0,0,191,3,114,,,,54,156,53,7,11,18,3,0,0,1,1,21,13,13,8,9,18,10,3,7,4,4,13,2,2,20,52,18,7,0,11,2,0,"Sigel town, Illinois",7,20,4,15,24,4,14,5,2,5,5,7,12,0,7,10
"Silvis city, Illinois",7507,5441,448,1223,40,72,7,1100,650,489,320,18,13,56768,1195,777,6922,93,3914,255,186,525,357,314,555,451,497,69,705,3740,337,3505,1563,1942,129,409,402,357,884,358,307,0,23,77,101,17,69979,"Silvis city, Illinois",35,2704,262,58,0,0,3417,205,2452,,,,794,3505,901,258,353,201,172,84,11,10,72,100,311,316,239,167,170,326,113,176,46,265,145,102,32,71,422,154,243,93,11,11,39,"Silvis city, Illinois",84,277,244,285,196,130,127,296,68,148,145,304,107,16,128,239
"Simpson village, Illinois",69,65,0,4,0,0,0,15,5,6,1,0,0,49375,0,-666666666,66,1,21,0,0,5,1,1,4,6,0,0,4,33,4,17,2,15,0,0,8,4,4,0,9,5,0,5,2,17,70005,"Simpson village, Illinois",0,34,3,0,0,0,38,1,11,,,,16,17,8,3,5,2,3,0,0,0,2,1,7,1,1,0,4,2,1,0,0,0,1,0,0,0,0,6,4,1,0,0,0,"Simpson village, Illinois",0,2,3,0,9,0,1,0,5,5,0,0,0,0,0,0
"Sims village, Illinois",167,161,0,0,0,6,0,26,8,4,4,0,0,45893,35,-666666666,167,0,92,5,0,1,11,6,11,18,5,14,21,82,17,73,5,68,1,3,6,21,1,7,16,1,7,2,11,17,70031,"Sims village, Illinois",2,72,5,1,0,0,84,2,63,,,,3,73,22,5,0,3,1,2,2,0,0,11,0,5,8,14,3,16,0,2,3,5,0,0,2,0,3,8,1,3,0,0,0,"Sims village, Illinois",4,8,5,4,7,0,8,8,2,8,0,6,3,3,4,0
"Skokie village, Illinois",63300,30941,6051,6712,0,16825,117,4474,3054,13647,5567,1762,1052,74725,6074,1269,38183,797,24153,40,164,1489,784,589,2313,3985,10017,2782,1990,29563,3803,22503,6256,16247,334,2171,4005,3243,3294,1813,3681,815,1078,3219,2515,17,70122,"Skokie village, Illinois",374,19508,3403,459,958,672,30783,1599,19273,,,,1149,22503,7314,2594,1699,2001,1139,551,293,251,820,1708,1424,1626,2002,1826,1997,2000,850,1386,1089,1223,1423,852,529,522,1844,2237,1959,1298,830,245,231,"Skokie village, Illinois",1041,1472,1399,2424,2010,2093,2376,2637,1021,1329,906,1135,1848,1230,680,1250
"Sleepy Hollow village, Illinois",3276,2574,46,315,0,78,0,231,196,714,317,77,38,122121,74,1106,2787,72,1085,8,0,42,163,394,164,222,83,0,9,1551,184,1068,55,1013,0,99,125,200,148,78,189,55,152,170,134,17,70161,"Sleepy Hollow village, Illinois",13,1191,116,6,3,9,1585,51,1074,,,,120,1068,344,55,32,180,58,53,26,23,7,84,39,63,166,69,115,156,77,72,37,58,56,41,61,23,35,105,174,106,9,67,0,"Sleepy Hollow village, Illinois",59,20,39,118,73,105,103,109,68,137,37,75,173,65,33,15
"Smithboro village, Illinois",215,215,0,0,0,0,0,30,6,6,2,0,0,45625,46,-666666666,215,0,77,0,0,9,10,0,4,11,17,5,21,119,5,75,3,72,0,25,8,4,0,1,12,2,6,6,6,17,70213,"Smithboro village, Illinois",4,73,1,0,0,0,93,17,48,,,,18,75,34,0,28,7,8,0,1,1,2,23,7,7,2,2,3,8,2,11,2,2,2,0,1,0,21,10,2,1,1,0,2,"Smithboro village, Illinois",1,4,15,4,6,2,6,3,0,6,0,0,3,7,2,0
"Smithfield village, Illinois",181,180,0,0,0,0,0,19,16,11,7,0,0,43750,24,-666666666,181,0,119,0,0,4,4,8,14,21,8,3,57,96,10,100,10,90,5,6,2,1,11,3,16,2,2,13,0,17,70226,"Smithfield village, Illinois",6,64,0,0,0,0,81,10,85,,,,20,100,18,4,2,1,10,1,0,0,7,6,1,0,5,5,5,0,12,3,0,7,8,7,8,4,0,3,1,0,0,0,2,"Smithfield village, Illinois",0,8,2,3,9,3,5,5,7,12,3,2,3,4,3,10
"Smithton village, Illinois",4019,3930,48,17,0,8,0,397,443,758,271,50,8,88879,94,775,3928,46,1558,26,47,600,308,268,146,53,18,26,66,1938,429,1492,191,1301,88,139,170,312,156,245,384,153,259,165,39,17,70252,"Smithton village, Illinois",105,2096,96,0,0,7,2308,38,919,,,,347,1492,494,93,105,201,134,66,0,18,31,113,92,129,100,271,164,66,44,75,30,23,95,50,23,36,46,74,213,34,36,54,32,"Smithton village, Illinois",15,185,73,70,270,171,81,104,108,63,33,75,123,70,105,25
"Smithville CDP, Illinois",171,171,0,0,0,0,0,12,53,33,0,0,0,-666666666,0,-666666666,171,0,61,0,8,13,0,17,23,0,0,0,0,64,0,44,0,44,0,0,0,0,0,0,77,36,0,0,0,17,70278,"Smithville CDP, Illinois",0,57,56,0,0,0,113,0,21,,,,20,44,21,10,0,0,0,15,0,0,0,20,8,0,0,0,0,0,0,0,0,0,0,11,0,0,27,0,0,0,0,0,0,"Smithville CDP, Illinois",0,20,25,0,0,0,0,13,0,12,0,0,10,0,0,0
"Solon Mills CDP, Illinois",177,177,0,0,0,0,0,18,7,42,0,0,0,-666666666,0,-666666666,165,0,63,0,0,28,0,0,12,0,6,0,17,114,14,63,12,51,0,0,0,16,0,0,0,14,12,0,21,17,70356,"Solon Mills CDP, Illinois",0,63,0,0,0,0,70,7,58,,,,0,63,20,14,13,0,0,0,0,0,0,0,7,0,0,14,0,16,14,12,0,0,0,7,0,17,8,14,0,0,0,0,0,"Solon Mills CDP, Illinois",0,0,0,6,14,0,0,14,0,0,0,0,7,0,0,0
"Somonauk village, Illinois",2027,1909,2,78,0,0,0,184,173,204,60,6,0,71375,155,932,2004,0,795,24,6,180,95,34,100,56,40,17,243,931,123,721,182,539,84,95,87,34,95,35,102,57,39,101,128,17,70460,"Somonauk village, Illinois",38,840,40,12,0,0,1011,20,540,,,,120,721,247,83,75,80,25,28,5,15,35,34,57,78,36,72,51,82,8,29,7,9,35,51,12,26,52,61,84,58,47,16,24,"Somonauk village, Illinois",19,68,83,58,60,52,72,71,30,25,20,61,63,27,30,13
"Sorento village, Illinois",499,471,0,12,0,11,0,34,37,5,3,0,0,33750,93,653,487,0,294,1,0,15,39,10,46,36,8,22,117,218,23,216,27,189,1,0,9,11,16,18,19,26,11,49,14,17,70525,"Sorento village, Illinois",10,150,34,0,0,0,212,17,181,,,,23,216,55,0,27,23,4,3,0,2,1,10,12,10,24,9,14,17,4,21,1,7,11,11,7,0,23,10,7,15,5,0,0,"Sorento village, Illinois",0,22,15,36,15,15,15,31,10,6,5,11,21,6,10,3
"South Barrington village, Illinois",4963,2796,28,0,0,1876,184,473,225,1106,596,383,113,183750,82,-666666666,3335,103,1534,25,58,418,253,564,119,53,0,0,44,2466,556,1534,0,1534,60,44,51,325,179,193,483,0,146,194,49,17,70564,"South Barrington village, Illinois",66,1665,107,0,0,18,2214,70,1520,,,,117,1534,623,39,176,322,132,100,0,18,29,13,48,45,144,206,350,287,35,51,55,139,208,46,0,23,114,186,314,139,17,0,12,"South Barrington village, Illinois",52,38,13,86,196,103,395,167,90,112,124,111,121,22,61,24
"South Beloit city, Illinois",7730,6704,131,639,3,7,0,608,725,589,175,1,16,59470,813,809,7204,132,3429,25,42,705,762,325,371,258,329,91,521,3620,374,3026,874,2152,72,296,839,633,332,416,516,81,86,45,173,17,70590,"South Beloit city, Illinois",172,3101,459,37,0,0,4009,177,1777,,,,529,3026,954,273,396,194,11,148,15,35,54,582,296,317,204,140,234,287,23,157,41,34,65,65,39,33,379,354,274,274,47,82,37,"South Beloit city, Illinois",199,319,367,153,236,207,219,207,88,76,27,160,125,42,14,201
"South Chicago Heights village, Illinois",4042,1281,1202,1432,21,0,0,451,186,252,27,0,7,45321,736,1111,3541,0,1677,0,0,0,180,250,238,357,442,94,116,1625,192,1560,493,1067,9,137,161,262,249,79,169,7,0,228,169,17,70629,"South Chicago Heights village, Illinois",0,1121,184,8,63,39,1626,119,1188,,,,279,1560,610,176,171,175,1,31,0,0,81,23,79,68,43,129,69,154,75,132,16,149,37,28,23,25,318,103,262,156,90,18,56,"South Chicago Heights village, Illinois",0,91,207,120,10,142,175,121,50,106,6,107,37,50,99,33
"South Elgin village, Illinois",23648,15545,877,4875,0,1849,0,1953,1392,3950,1658,160,87,99189,1372,1496,20162,167,8041,534,11,1799,3111,437,928,386,440,34,361,11965,2251,7859,1439,6420,125,1079,1008,1495,1657,739,1286,704,760,1363,1107,17,70720,"South Elgin village, Illinois",413,9990,1107,82,54,209,13962,604,4751,,,,683,7859,3528,618,774,873,1076,362,171,179,436,614,688,1095,842,1390,871,679,332,237,102,202,168,254,50,85,476,878,736,548,588,45,136,"South Elgin village, Illinois",215,516,555,1265,622,1173,992,795,198,282,120,122,573,385,24,306
"Southern View village, Illinois",1605,1418,51,107,3,2,0,256,82,165,43,7,6,46486,326,1082,1569,10,790,4,0,16,39,18,83,106,234,172,118,657,72,724,193,531,14,94,272,189,33,6,30,0,0,25,18,17,70759,"Southern View village, Illinois",4,618,53,9,0,0,812,68,540,,,,105,724,155,40,33,27,53,10,18,5,17,67,35,59,26,31,41,52,20,34,19,25,21,35,4,8,37,17,15,49,2,7,6,"Southern View village, Illinois",53,59,50,41,65,47,51,77,26,28,12,48,57,51,45,82
"South Holland village, Illinois",21451,2715,17142,1069,6,117,0,3370,1362,2132,1649,224,82,66859,2346,1470,20429,55,7905,14,0,382,335,332,1760,2833,1455,337,457,9423,1259,7418,1086,6332,248,291,671,958,833,244,1327,390,414,1016,1569,17,70850,"South Holland village, Illinois",408,6141,816,267,241,497,10618,1266,6511,,,,1356,7418,2299,545,635,746,344,243,136,45,420,685,447,531,428,697,581,850,424,324,177,269,234,265,283,332,502,727,800,635,200,77,146,"South Holland village, Illinois",444,701,425,771,674,982,970,799,488,448,290,306,576,291,250,308
"South Jacksonville village, Illinois",3132,2922,54,55,16,17,0,277,164,397,123,37,42,53580,346,710,3111,0,1617,0,38,48,179,201,331,227,285,94,214,1394,186,1513,568,945,96,307,305,189,172,13,57,43,113,125,17,17,70889,"South Jacksonville village, Illinois",11,1285,123,0,0,0,1508,26,910,,,,202,1513,406,61,72,205,20,40,40,0,0,59,58,22,127,64,122,74,48,77,52,75,66,36,16,70,48,203,98,36,20,17,0,"South Jacksonville village, Illinois",53,52,118,130,86,87,103,84,30,116,32,141,97,50,37,90
"South Pekin village, Illinois",1061,1046,0,5,0,0,0,97,91,18,9,0,0,58490,112,761,1050,6,393,0,0,19,21,14,142,21,75,16,85,506,52,375,108,267,40,70,52,89,83,27,41,16,30,24,3,17,71175,"South Pekin village, Illinois",8,440,43,0,0,0,527,30,248,,,,61,375,154,43,29,59,22,18,8,0,31,28,27,12,45,13,39,39,18,15,15,23,7,4,6,5,28,86,16,39,5,16,11,"South Pekin village, Illinois",16,25,22,55,31,41,35,35,0,32,4,11,13,18,7,9
"South Roxana village, Illinois",2304,2023,120,73,0,0,0,328,233,42,17,0,0,41769,443,687,2282,11,1010,0,58,64,146,62,181,66,219,101,113,1090,89,876,333,543,103,60,129,211,121,37,77,25,24,78,80,17,71240,"South Roxana village, Illinois",32,869,70,17,0,0,1145,109,558,,,,124,876,408,117,98,72,34,24,17,9,74,141,43,43,118,56,33,50,24,25,5,21,48,18,15,5,58,59,165,33,15,40,82,"South Roxana village, Illinois",51,63,80,25,112,101,71,49,23,18,30,10,30,73,12,14
"South Wilmington village, Illinois",702,688,0,0,0,0,0,92,35,29,15,0,0,75156,51,963,702,0,326,0,0,34,21,15,28,55,52,58,63,352,30,297,60,237,18,5,5,34,9,30,53,25,29,45,24,17,71370,"South Wilmington village, Illinois",16,278,15,0,0,0,313,14,215,,,,42,297,73,26,12,20,19,7,0,10,11,29,31,30,26,11,19,32,4,8,7,12,13,10,7,8,18,37,47,2,0,0,0,"South Wilmington village, Illinois",15,20,37,16,20,8,21,30,7,7,12,4,29,10,2,8
"Sparland village, Illinois",390,366,0,13,0,0,0,49,33,17,8,2,0,38750,54,846,384,0,207,0,0,26,0,8,48,27,33,7,58,211,24,190,40,150,9,37,10,14,5,13,29,6,14,17,3,17,71422,"Sparland village, Illinois",10,132,12,0,0,0,185,16,131,,,,29,190,48,4,22,16,9,4,0,0,2,19,7,23,7,14,10,18,1,15,7,10,8,8,4,3,6,3,17,4,11,0,2,"Sparland village, Illinois",4,10,13,2,8,22,15,13,6,4,3,11,6,5,3,11
"Sparta city, Illinois",4302,3020,1002,118,0,90,0,538,204,299,191,32,69,52324,350,652,4119,3,2251,45,199,36,228,143,387,327,178,380,328,2244,207,1948,771,1177,296,388,118,266,191,107,180,93,53,303,112,17,71448,"Sparta city, Illinois",86,1782,89,4,0,0,2348,108,1209,,,,236,1948,785,127,128,182,140,183,0,12,125,168,44,208,118,80,127,183,31,79,54,47,76,81,46,56,89,37,129,33,13,26,15,"Sparta city, Illinois",227,54,73,104,194,102,108,91,102,84,66,19,151,111,37,142
"Spaulding village, Illinois",956,927,4,7,4,0,0,87,76,118,92,20,0,106250,22,608,952,2,381,0,2,105,114,43,71,14,20,1,11,478,76,358,27,331,23,37,46,113,135,39,60,0,2,0,4,17,71474,"Spaulding village, Illinois",0,419,29,4,0,0,534,18,267,,,,70,358,108,10,19,24,24,0,11,0,6,9,35,23,28,51,25,71,21,37,4,40,14,5,4,17,5,23,45,36,6,7,4,"Spaulding village, Illinois",0,16,14,24,26,63,36,31,15,36,13,43,19,10,6,0
"Spillertown village, Illinois",241,174,2,38,0,24,0,41,16,21,6,23,0,59375,37,913,211,0,146,10,28,13,33,2,19,8,6,7,20,113,24,124,17,107,0,12,24,50,9,0,8,1,0,14,1,17,71526,"Spillertown village, Illinois",3,112,8,0,0,0,152,6,42,,,,4,124,17,5,5,13,3,0,0,0,1,13,11,6,3,12,12,6,2,2,5,0,8,2,0,4,6,12,3,0,1,5,0,"Spillertown village, Illinois",2,2,11,8,7,13,32,4,4,2,5,1,3,1,0,6
"Spring Bay village, Illinois",473,456,1,2,3,2,0,53,34,42,0,0,1,38571,80,959,469,2,228,0,0,16,21,17,52,27,62,18,15,277,44,218,64,154,2,29,10,29,30,16,28,5,28,7,10,17,71604,"Spring Bay village, Illinois",0,184,10,0,0,0,220,13,175,,,,19,218,56,11,22,12,7,14,3,0,2,15,5,16,33,34,10,14,4,5,34,15,7,4,1,9,8,4,7,11,4,3,0,"Spring Bay village, Illinois",6,17,7,8,28,14,7,17,3,7,13,4,12,5,3,8
"Springerton village, Illinois",67,64,0,0,0,0,1,6,8,5,1,0,0,61250,9,688,67,0,37,0,4,3,4,2,13,0,2,2,7,35,9,30,5,25,3,3,0,0,11,0,7,0,0,4,8,17,71643,"Springerton village, Illinois",0,32,4,0,0,0,38,0,26,,,,0,30,2,0,0,2,0,1,0,0,3,3,0,2,0,5,4,3,7,1,0,0,2,1,1,0,0,1,0,1,0,1,0,"Springerton village, Illinois",3,4,2,0,3,1,2,4,1,2,0,1,0,6,0,0
"Springfield city, Illinois",115075,81218,22958,3529,137,3394,84,11181,6475,16490,7636,2680,926,54164,19987,820,109489,551,56578,616,781,5086,7809,5045,9335,6963,6422,3719,10802,53793,6922,51064,18953,32111,1090,7274,11897,13585,7457,1380,2081,408,470,995,1122,17,72000,"Springfield city, Illinois",769,41862,3654,881,32,0,56335,3351,36675,,,,6886,51064,13042,3754,3548,3346,2228,1560,835,603,2327,3511,3889,3276,3028,3238,3727,4107,1334,2020,1314,1940,1951,1240,1263,666,3164,3455,3432,2244,1441,606,733,"Springfield city, Illinois",2060,4171,4135,3352,3474,3452,3612,4793,1536,2464,1714,2275,2740,1902,1574,2041
"Spring Grove village, Illinois",5672,4820,0,324,9,113,0,586,313,1084,380,40,22,129191,62,2101,5472,0,1770,0,49,599,839,127,30,12,38,15,61,2979,426,1770,99,1671,56,201,245,133,336,34,116,114,122,485,343,17,72052,"Spring Grove village, Illinois",86,2134,109,0,0,28,3014,301,1326,,,,250,1770,845,339,39,291,131,71,31,0,66,223,52,228,175,175,251,346,143,141,41,81,119,21,0,15,223,189,229,111,12,0,0,"Spring Grove village, Illinois",74,200,107,196,115,152,325,312,46,99,67,78,95,22,20,21
"Spring Valley city, Illinois",5172,3843,168,1033,39,33,0,528,289,467,169,43,44,50549,709,596,4807,12,2434,0,115,168,135,186,464,211,411,138,606,2531,346,2221,819,1402,207,528,291,614,329,114,71,15,7,0,129,17,72156,"Spring Valley city, Illinois",86,2130,194,0,0,0,2571,119,1723,,,,278,2221,571,167,88,219,129,47,69,36,81,149,147,156,91,113,233,168,68,147,86,75,178,88,30,8,44,122,147,105,54,5,35,"Spring Valley city, Illinois",156,215,82,163,131,122,165,181,58,116,46,140,207,135,86,84
"Standard village, Illinois",281,254,0,25,0,0,0,22,12,16,11,5,0,41042,28,575,278,0,167,0,0,5,6,0,25,19,15,16,81,143,14,138,32,106,8,9,11,26,26,14,12,1,4,9,6,17,72221,"Standard village, Illinois",3,125,4,0,0,0,137,0,91,,,,5,138,27,16,11,10,3,3,0,7,0,12,7,13,8,11,3,13,3,1,1,7,2,11,4,1,3,2,11,8,1,0,0,"Standard village, Illinois",0,13,3,0,9,12,4,11,4,3,6,5,0,2,8,29
"Standard City village, Illinois",219,219,0,0,0,0,0,23,22,8,0,0,2,75938,21,875,217,0,80,0,10,14,4,3,11,4,3,12,19,106,24,71,5,66,1,2,0,8,13,3,2,9,0,27,3,17,72234,"Standard City village, Illinois",5,65,8,0,0,0,81,6,91,,,,6,71,29,12,2,5,4,7,0,2,3,1,1,13,7,6,18,1,1,2,2,16,1,0,2,0,5,7,13,12,3,1,0,"Standard City village, Illinois",2,0,5,6,8,2,20,8,2,1,14,0,0,2,2,0
"Stanford village, Illinois",695,642,0,23,0,3,0,61,46,32,13,0,0,63333,123,731,684,3,297,2,0,21,15,13,52,17,42,14,121,410,44,236,37,199,16,40,10,60,76,61,60,30,6,11,2,17,72260,"Stanford village, Illinois",2,319,26,0,0,0,403,29,114,,,,25,236,105,52,41,26,11,8,4,9,30,22,42,38,15,21,23,27,4,12,5,2,5,4,7,2,13,16,24,16,0,0,0,"Stanford village, Illinois",13,44,28,27,17,19,9,25,12,6,2,2,5,2,2,3
"Staunton city, Illinois",4528,4410,8,14,0,49,0,452,340,422,172,0,0,52725,599,728,4413,33,2159,32,16,169,130,307,173,165,290,105,772,2189,296,2013,714,1299,117,320,138,58,204,185,285,137,240,151,149,17,72403,"Staunton city, Illinois",45,1660,292,0,0,0,2273,139,1577,,,,250,2013,552,134,112,157,38,58,66,8,120,143,145,152,136,202,94,152,79,90,17,35,127,86,17,21,52,111,99,157,25,69,15,"Staunton city, Illinois",98,173,114,109,134,57,149,140,133,110,27,87,114,69,98,199
"Steeleville village, Illinois",1870,1771,70,15,4,0,0,204,147,107,71,5,9,53750,136,639,1865,5,962,27,0,42,91,47,216,167,157,78,137,871,169,827,261,566,126,143,74,110,132,67,50,24,40,45,40,17,72468,"Steeleville village, Illinois",9,692,82,0,0,0,898,13,625,,,,154,827,222,22,25,101,61,10,11,0,13,50,44,46,46,88,81,49,28,47,7,11,43,35,31,22,35,21,66,96,24,0,0,"Steeleville village, Illinois",22,22,66,42,77,30,61,79,26,40,4,26,106,30,51,75
"Steger village, Illinois",9289,5979,1317,1740,0,51,19,978,638,676,390,11,17,49492,1193,904,8649,45,4436,0,38,422,536,185,708,707,868,285,687,5022,723,4014,1362,2652,23,273,648,400,372,319,649,199,165,448,430,17,72520,"Steger village, Illinois",151,3678,113,41,31,130,4653,310,2748,,,,719,4014,1167,251,327,396,225,194,106,51,254,230,198,278,389,376,347,287,109,246,101,173,192,110,10,172,269,202,281,104,55,6,43,"Steger village, Illinois",190,234,289,278,336,368,191,247,61,219,73,335,162,102,77,145
"Sterling city, Illinois",14774,10196,298,3461,0,215,14,1729,1060,1072,545,64,67,46491,1633,698,13687,133,6997,94,155,214,725,429,968,595,1629,482,1706,7258,973,6411,2539,3872,667,2190,1305,819,494,276,324,105,110,118,246,17,72546,"Sterling city, Illinois",137,5323,797,85,0,0,7341,278,4747,,,,1018,6411,1849,444,481,512,295,170,84,85,275,569,332,335,710,641,361,494,150,211,184,254,299,115,177,262,254,364,521,195,267,117,78,"Sterling city, Illinois",247,404,529,378,520,459,476,549,154,179,156,269,283,321,244,370
"Steward village, Illinois",350,333,8,0,0,0,0,52,19,46,14,0,2,81875,40,778,349,0,130,0,0,1,4,12,11,19,4,8,71,167,38,126,15,111,1,25,13,41,34,24,23,9,20,11,10,17,72624,"Steward village, Illinois",5,198,15,0,0,0,231,12,70,,,,15,126,32,0,15,9,5,5,0,0,0,18,3,11,10,10,28,14,11,5,4,1,7,5,3,3,4,7,13,15,0,18,4,"Steward village, Illinois",0,2,3,6,16,15,19,25,4,13,1,6,4,1,1,6
"Stewardson village, Illinois",710,700,0,3,0,7,0,54,74,70,9,1,0,65282,64,596,704,0,354,7,5,17,46,29,42,52,23,4,129,326,22,325,51,274,11,35,17,58,71,32,47,31,6,15,3,17,72650,"Stewardson village, Illinois",7,304,15,0,0,0,349,2,217,,,,44,325,94,22,40,22,4,3,2,0,5,41,5,28,23,11,11,18,11,15,10,21,14,6,6,8,9,16,6,45,0,12,6,"Stewardson village, Illinois",19,33,10,23,18,7,27,28,1,27,5,21,20,13,9,29
"Stickney village, Illinois",6607,2405,32,4077,0,25,0,974,546,369,180,19,45,67246,491,893,5277,29,2589,0,0,0,109,244,56,422,1073,205,480,3402,352,2314,461,1853,35,241,579,410,269,128,504,21,448,357,283,17,72676,"Stickney village, Illinois",16,2749,263,78,0,163,3456,117,1713,,,,421,2314,856,163,214,260,96,0,0,42,165,132,333,463,423,178,174,208,0,176,113,123,50,31,52,22,172,363,145,322,75,0,0,"Stickney village, Illinois",31,196,144,172,320,147,205,243,30,111,56,176,142,40,2,97
"Stillman Valley village, Illinois",1348,1215,83,50,0,0,0,142,131,141,96,0,4,68958,173,1161,1327,4,528,0,0,63,127,23,38,84,86,8,99,593,77,473,90,383,45,58,57,38,107,104,117,21,15,30,8,17,72702,"Stillman Valley village, Illinois",0,567,18,0,0,0,663,18,316,,,,38,473,207,59,32,32,13,18,4,9,42,40,62,33,32,8,69,38,10,17,16,14,22,10,7,6,51,46,86,97,5,0,0,"Stillman Valley village, Illinois",19,19,58,28,32,57,51,37,11,31,19,4,45,33,18,8
"Stockton village, Illinois",1656,1557,3,76,0,4,0,166,114,87,49,0,0,43295,289,689,1638,0,798,0,0,62,47,13,89,91,112,127,257,755,71,774,240,534,150,113,55,43,46,39,56,34,5,26,39,17,72780,"Stockton village, Illinois",7,547,21,0,0,0,749,35,557,,,,137,774,256,34,52,77,69,18,4,0,4,30,36,36,56,40,31,45,40,14,12,53,70,25,5,21,11,73,68,0,22,2,0,"Stockton village, Illinois",20,80,89,40,26,54,74,64,13,13,25,17,80,27,25,61
"Stonefort village, Illinois",324,313,0,3,0,0,0,40,66,4,4,0,0,35909,34,652,324,0,144,0,0,27,28,10,22,7,6,12,32,138,8,124,41,83,1,14,7,1,10,20,31,2,6,7,13,17,72884,"Stonefort village, Illinois",0,88,24,0,0,0,132,15,137,,,,12,124,40,1,13,17,5,4,0,20,3,4,12,3,23,3,5,3,4,3,1,1,9,0,3,1,1,3,15,11,0,0,2,"Stonefort village, Illinois",1,2,17,13,11,0,11,7,5,3,2,2,54,4,3,19
"Stone Park village, Illinois",4842,269,107,4331,0,88,0,285,165,81,45,16,0,63710,848,1014,2783,139,1471,0,0,128,242,54,93,212,448,114,180,2436,261,1350,650,700,60,219,319,333,421,31,601,33,27,79,77,17,72923,"Stone Park village, Illinois",0,1804,261,0,0,44,2423,161,1066,,,,28,1350,820,221,228,118,179,147,26,34,129,99,200,339,92,144,117,156,55,71,10,1,34,0,36,0,187,271,182,112,69,0,28,"Stone Park village, Illinois",86,115,214,332,166,132,124,153,86,24,20,33,12,17,1,42
"Stonington village, Illinois",671,664,0,4,0,0,0,44,46,88,31,0,3,56094,59,796,663,8,359,0,13,3,19,16,79,39,39,19,132,331,39,317,91,226,16,26,46,51,11,22,57,12,10,52,8,17,72949,"Stonington village, Illinois",10,295,23,0,0,0,344,23,221,,,,68,317,71,15,18,16,12,6,3,10,5,15,43,27,31,8,31,36,5,7,2,2,16,18,0,5,7,25,21,13,2,0,0,"Stonington village, Illinois",2,15,15,28,15,15,34,29,14,4,0,16,46,16,8,15
"Stoy village, Illinois",146,104,1,0,0,0,0,27,19,1,1,0,0,75208,2,-666666666,146,0,78,0,0,19,3,14,8,0,10,9,15,89,9,65,17,48,14,17,23,10,6,4,0,0,13,0,0,17,73027,"Stoy village, Illinois",0,84,1,0,0,0,87,0,42,,,,10,65,35,5,7,0,11,0,0,0,17,1,0,1,19,1,8,7,0,4,1,4,1,1,0,1,0,0,4,2,0,0,0,"Stoy village, Illinois",11,0,0,3,0,16,7,5,0,4,2,1,1,0,1,0
"Strasburg village, Illinois",528,522,0,3,0,0,0,65,56,38,28,5,0,61964,5,830,528,0,263,2,0,3,40,13,40,24,32,12,97,242,51,233,40,193,22,7,15,16,76,28,70,8,17,11,17,17,73040,"Strasburg village, Illinois",4,274,10,4,0,0,303,6,137,,,,24,233,47,7,7,15,3,8,3,3,10,23,9,9,10,29,22,17,11,7,4,18,9,9,4,5,19,8,32,6,0,1,0,"Strasburg village, Illinois",44,15,6,11,6,24,19,12,9,8,11,6,27,6,9,7
"Strawn village, Illinois",85,85,0,0,0,0,0,2,8,5,1,2,0,58750,23,-666666666,85,0,41,0,0,0,4,2,10,1,5,1,18,45,11,35,5,30,3,6,13,6,3,0,2,0,5,7,4,17,73131,"Strawn village, Illinois",4,45,8,0,0,0,53,0,15,,,,6,35,11,1,0,2,4,2,0,0,3,2,6,2,3,9,2,2,0,2,2,2,0,1,0,0,1,3,6,3,0,1,2,"Strawn village, Illinois",4,2,0,3,5,2,2,0,2,3,0,0,1,0,0,0
"Streamwood village, Illinois",39917,17007,1674,14244,96,5535,0,2932,2631,5210,1691,305,298,88917,2693,1705,28141,266,13628,49,65,1433,2008,2864,2928,2964,1090,77,150,19723,2688,13170,1866,11304,324,1425,1277,2287,2886,2338,3667,834,1023,1677,1279,17,73157,"Streamwood village, Illinois",474,17177,1671,25,100,303,22038,860,9698,,,,1706,13170,5049,911,1012,1185,874,330,170,416,895,1489,1389,1781,1493,1338,1371,1394,444,636,391,455,596,264,828,148,954,1676,1566,939,515,171,116,"Streamwood village, Illinois",573,1459,1284,1370,1509,1272,1596,1176,562,612,433,544,689,527,378,186
"Streator city, Illinois",12337,9917,465,1504,0,204,0,1196,604,859,324,26,6,40778,2604,661,11667,104,6201,0,14,343,178,152,761,807,1163,570,2213,5908,620,5762,2267,3495,495,1612,837,264,276,241,594,87,46,422,119,17,73170,"Streator city, Illinois",331,4423,615,6,0,0,6247,575,3888,,,,673,5762,1405,337,261,342,251,88,160,80,243,318,519,462,508,287,333,426,162,322,139,99,193,130,165,147,303,413,283,277,148,153,115,"Streator city, Illinois",329,389,328,325,346,374,198,419,228,266,114,308,371,248,224,206
"Stronghurst village, Illinois",1066,1028,3,12,0,0,0,127,104,88,20,2,0,51979,79,633,1048,10,443,0,0,3,12,36,82,64,54,14,178,452,30,373,134,239,38,27,29,20,64,36,108,7,11,67,7,17,73261,"Stronghurst village, Illinois",0,374,33,0,0,0,480,28,282,,,,45,373,151,51,49,35,24,7,17,0,28,26,16,28,28,15,15,38,8,4,5,9,10,14,17,11,47,22,35,69,14,2,10,"Stronghurst village, Illinois",21,38,16,95,8,32,21,30,14,14,4,11,22,31,20,35
"Sublette village, Illinois",383,358,7,12,0,2,0,31,55,24,10,3,2,55313,35,731,373,0,216,0,0,14,27,7,29,51,14,23,51,203,22,179,48,131,31,20,16,12,9,7,33,4,7,26,3,17,73287,"Sublette village, Illinois",7,160,14,0,0,0,192,12,138,,,,30,179,48,14,8,11,4,3,0,0,3,22,16,13,5,4,18,8,8,5,5,16,17,16,4,3,3,1,15,6,3,2,1,"Sublette village, Illinois",11,18,2,5,2,23,12,13,4,2,9,0,21,17,2,8
"Sugar Grove village, Illinois",9756,7744,362,985,0,591,0,938,667,1877,735,88,103,110607,369,1375,8652,167,3543,175,0,1854,929,209,76,100,110,0,90,5101,849,3518,168,3350,18,301,582,562,505,436,728,304,159,388,292,17,73391,"Sugar Grove village, Illinois",124,3965,267,24,0,68,5231,195,2664,,,,304,3518,1240,207,204,574,442,136,29,80,184,142,107,319,389,483,366,409,80,141,219,65,206,203,19,97,140,243,193,198,213,89,0,"Sugar Grove village, Illinois",88,122,255,233,509,342,202,427,213,136,155,264,213,208,39,173
"Sullivan city, Illinois",4450,4267,64,61,0,15,0,414,303,445,180,38,6,56351,575,744,4385,0,2025,13,11,237,160,160,348,264,324,91,417,1935,163,1859,556,1303,317,595,154,32,205,140,147,30,88,107,112,17,73495,"Sullivan city, Illinois",16,1652,185,0,0,0,2105,105,1375,,,,284,1859,551,145,150,239,42,86,3,14,62,184,138,140,131,50,115,134,55,52,55,39,75,39,27,62,182,134,114,128,85,2,21,"Sullivan city, Illinois",49,154,149,198,66,138,183,180,38,68,48,131,94,106,54,91
"East Peoria city, Illinois",22615,20762,411,638,15,467,0,2588,1783,2804,1070,109,113,65164,1695,699,21877,48,10893,20,287,834,1246,666,1862,1583,1915,1116,1364,11473,1715,9707,2646,7061,357,1166,2392,2590,1856,663,755,161,192,232,146,17,22164,"East Peoria city, Illinois",126,9561,707,49,0,0,11953,588,6863,,,,1426,9707,2520,468,926,481,260,426,49,186,487,923,646,658,746,599,1116,654,285,574,294,347,571,347,375,133,608,551,497,382,309,85,63,"East Peoria city, Illinois",441,569,686,757,698,545,837,687,424,432,309,439,745,420,268,312
"East St. Louis city, Illinois",26359,371,25319,354,41,115,0,3390,1261,1320,792,153,32,24009,8062,482,26127,13,14007,83,393,975,766,519,1012,2230,3367,1177,3485,11261,1067,10909,5526,5383,17,650,1362,2502,1321,510,1471,132,436,418,253,17,22255,"East St. Louis city, Illinois",197,7000,1231,505,0,11,11127,1463,10062,,,,1759,10909,2642,644,1050,919,474,170,143,130,198,1173,806,508,534,314,764,842,341,575,370,395,399,289,117,134,700,638,683,719,294,127,433,"East St. Louis city, Illinois",421,1046,1074,686,1111,1077,824,784,562,798,478,505,917,533,411,249
"Eddyville village, Illinois",71,71,0,0,0,0,0,21,5,1,0,0,0,-666666666,23,-666666666,71,0,59,0,0,0,21,5,18,2,2,5,6,20,0,38,21,17,0,4,0,0,6,1,15,2,2,7,0,17,22398,"Eddyville village, Illinois",0,37,0,0,0,0,39,0,21,,,,4,38,16,5,0,3,0,0,0,0,0,0,1,1,0,0,0,1,5,0,0,2,0,0,0,2,0,0,3,3,0,0,0,"Eddyville village, Illinois",6,7,6,2,2,0,3,2,6,0,0,0,0,0,0,11
"Edgewood village, Illinois",470,447,0,4,2,13,0,53,16,18,0,0,0,44000,34,656,457,0,231,0,0,29,32,19,26,3,26,24,72,238,26,198,51,147,0,7,0,15,105,63,25,0,6,4,2,17,22567,"Edgewood village, Illinois",3,189,25,14,0,0,241,6,133,,,,41,198,66,29,9,14,0,0,2,1,23,25,21,1,17,12,14,14,10,4,10,7,10,9,2,4,22,10,8,9,6,0,8,"Edgewood village, Illinois",8,26,17,8,9,6,8,26,16,6,0,0,24,11,4,0
"Edgington CDP, Illinois",195,195,0,0,0,0,0,12,13,39,11,0,0,119722,0,-666666666,191,0,86,12,0,0,9,0,35,24,6,0,0,90,9,86,22,64,0,0,26,21,39,7,15,0,6,0,9,17,22619,"Edgington CDP, Illinois",0,115,8,0,0,0,123,0,53,,,,16,86,27,0,10,0,13,8,0,0,0,0,27,0,0,0,9,0,0,0,6,4,7,0,0,6,9,0,0,9,0,0,0,"Edgington CDP, Illinois",0,15,11,0,15,0,0,0,0,6,9,0,15,0,16,0
"Edinburg village, Illinois",1088,1054,34,0,0,0,0,129,103,87,29,0,0,61042,120,777,1085,3,492,6,0,18,61,22,79,62,98,31,115,555,56,427,87,340,13,20,65,75,33,60,130,55,30,44,0,17,22645,"Edinburg village, Illinois",8,469,55,0,0,0,560,11,321,,,,87,427,142,26,51,29,16,5,4,3,14,53,33,54,38,14,42,55,0,23,15,25,19,10,16,10,38,23,31,19,10,0,0,"Edinburg village, Illinois",6,52,19,45,26,52,39,59,13,8,10,8,28,29,9,9
"Edwardsville city, Illinois",25332,21464,2211,579,108,515,0,1811,1169,4399,2329,440,589,75271,2704,921,24263,178,9547,313,341,1573,1762,1076,799,761,951,347,1624,11710,1491,8814,2953,5861,261,2003,1549,1490,814,383,1610,573,769,1274,424,17,22697,"Edwardsville city, Illinois",174,10240,541,147,0,0,13306,966,7508,,,,1517,8814,2934,711,777,761,543,901,651,310,674,703,691,860,586,805,723,689,135,434,108,335,301,131,159,119,622,737,656,388,1242,836,496,"Edwardsville city, Illinois",1043,638,790,790,624,813,662,712,211,385,158,426,429,169,174,224
"Effingham city, Illinois",12310,11341,131,579,21,37,0,1058,1192,1153,475,182,21,52551,2006,630,11768,65,5490,68,9,238,1074,893,927,608,588,365,720,5643,577,5205,1970,3235,639,1829,1335,454,194,196,277,130,45,134,164,17,22736,"Effingham city, Illinois",47,4571,457,34,1,0,6107,209,3585,,,,590,5205,1451,396,474,396,182,69,27,93,264,495,419,321,317,272,305,523,134,188,209,94,180,176,91,106,473,420,389,90,149,145,77,"Effingham city, Illinois",161,602,450,296,349,208,444,397,189,234,142,136,328,238,167,495
"Elburn village, Illinois",5559,4700,101,565,0,41,0,494,297,1082,410,24,0,95717,258,1422,5491,0,1991,24,100,789,507,274,81,47,25,20,124,2643,299,1889,268,1621,130,141,152,248,568,153,324,50,197,347,55,17,22931,"Elburn village, Illinois",132,2329,66,0,0,64,2957,62,1064,,,,424,1889,722,117,291,322,173,91,0,32,141,69,156,66,244,159,140,194,165,44,46,20,173,0,0,0,214,201,295,97,0,21,73,"Elburn village, Illinois",283,49,107,169,281,195,209,272,19,46,98,38,133,0,18,98
"El Dara village, Illinois",88,82,6,0,0,0,0,6,0,14,4,0,0,114250,12,-666666666,88,0,57,0,0,0,0,0,15,0,1,0,41,54,0,35,1,34,4,0,6,26,2,0,12,1,0,11,4,17,22957,"El Dara village, Illinois",0,54,12,0,0,0,66,0,12,,,,7,35,10,7,0,3,0,4,0,0,0,7,4,5,0,0,0,6,0,0,0,16,2,0,0,0,0,0,0,0,0,0,0,"El Dara village, Illinois",5,6,0,0,6,1,0,0,0,12,0,2,2,0,0,0
"Eldorado city, Illinois",4000,3702,11,182,0,0,0,448,256,288,103,19,12,37528,1091,630,3922,44,2126,31,0,45,128,235,337,227,188,269,666,1914,191,1848,541,1307,114,252,225,153,162,23,73,28,48,95,146,17,23009,"Eldorado city, Illinois",0,1134,122,16,0,0,1471,118,1832,,,,187,1848,452,66,94,265,19,25,24,70,63,141,200,90,52,114,77,91,7,216,92,74,49,64,18,43,129,89,47,15,15,25,54,"Eldorado city, Illinois",40,167,135,124,74,108,92,177,149,49,23,94,204,55,50,131
"Eldred village, Illinois",204,190,0,0,0,14,0,19,10,18,0,0,0,41875,20,-666666666,201,0,129,0,0,8,20,0,1,2,12,3,83,101,28,113,22,91,2,10,3,5,2,2,1,1,7,6,56,17,23022,"Eldred village, Illinois",1,86,6,0,0,0,103,4,92,,,,22,113,6,1,2,0,0,2,0,0,0,7,1,1,3,0,28,13,3,1,3,11,16,0,9,0,2,0,4,6,0,0,5,"Eldred village, Illinois",0,1,0,0,3,4,31,1,0,5,11,4,5,7,8,6
"Elgin city, Illinois",112062,44868,5830,52794,33,5187,0,10843,5985,11440,5393,630,570,72999,11552,1087,80440,1356,38623,1020,459,5410,6674,3812,5596,3913,2693,1542,7504,56089,6985,36825,11010,25815,760,3728,6611,7602,6574,3220,7253,2098,2456,5060,3793,17,23074,"Elgin city, Illinois",1382,41848,5352,464,60,728,58767,3743,26899,,,,3366,36825,13820,4457,3955,4189,2361,1656,570,800,2249,4724,4222,3944,3924,3885,3166,3666,1272,1575,1157,1422,1455,1011,642,370,4061,4021,3944,2853,1391,833,701,"Elgin city, Illinois",2115,3349,3842,3285,3125,3805,3600,3451,1128,2231,1161,1488,1767,1442,619,1178
"Eliza CDP, Illinois",0,0,0,0,0,0,0,0,0,0,0,0,0,-666666666,0,-666666666,0,0,0,0,0,0,0,0,0,0,0,0,0,0,0,0,0,0,0,0,0,0,0,0,0,0,0,0,0,17,23139,"Eliza CDP, Illinois",0,0,0,0,0,0,0,0,0,,,,0,0,0,0,0,0,0,0,0,0,0,0,0,0,0,0,0,0,0,0,0,0,0,0,0,0,0,0,0,0,0,0,0,"Eliza CDP, Illinois",0,0,0,0,0,0,0,0,0,0,0,0,0,0,0,0
"Elizabeth village, Illinois",906,872,7,13,0,0,0,69,41,139,31,0,2,36250,137,665,892,8,542,0,0,11,42,16,60,78,27,57,251,408,55,510,199,311,70,60,15,36,90,26,44,5,17,64,16,17,23165,"Elizabeth village, Illinois",19,390,53,0,0,0,508,1,282,,,,62,510,100,18,17,22,11,6,4,1,33,78,41,11,12,29,26,15,6,9,8,13,21,17,7,9,32,14,12,1,5,2,1,"Elizabeth village, Illinois",32,70,21,8,16,18,21,10,8,9,11,10,33,37,26,95
"Elizabethtown village, Illinois",300,277,3,9,0,0,0,46,10,11,2,3,3,17143,153,197,300,0,255,3,1,1,4,83,25,17,9,34,78,129,2,188,97,91,14,7,14,1,0,4,6,2,2,9,2,17,23191,"Elizabethtown village, Illinois",0,55,6,0,0,0,65,0,189,,,,16,188,26,12,2,10,3,3,0,1,3,14,0,0,4,0,2,52,1,2,0,10,12,4,0,0,18,2,2,1,1,0,0,"Elizabethtown village, Illinois",17,22,2,6,0,3,8,5,1,0,13,4,35,20,2,3
"Elk Grove Village village, Illinois",32450,23821,794,3801,12,3537,0,3727,2545,5881,2502,261,233,85240,1277,1307,24891,162,13507,10,28,381,1200,2557,4251,2998,1679,148,255,15348,2396,12835,3375,9460,285,1404,2291,2290,1664,1282,2105,515,793,1623,1162,17,23256,"Elk Grove Village village, Illinois",355,12953,1588,22,90,547,17850,745,8798,,,,1070,12835,3659,677,846,1141,480,498,159,98,451,885,866,1015,1174,1049,1347,1019,519,674,206,401,725,468,524,229,688,1083,1047,608,198,190,63,"Elk Grove Village village, Illinois",469,727,972,1424,979,1185,1057,1369,511,588,375,527,985,725,738,491
"Elkhart village, Illinois",459,425,0,24,0,0,2,37,54,53,52,0,3,69219,11,672,459,0,222,0,8,25,12,14,33,11,37,17,65,210,29,195,27,168,15,3,27,33,29,23,33,26,3,6,6,17,23269,"Elkhart village, Illinois",1,181,21,0,0,0,222,1,117,,,,29,195,66,20,18,25,1,7,5,0,2,4,9,22,16,15,14,14,3,8,4,6,14,0,1,2,16,16,17,11,0,3,0,"Elkhart village, Illinois",4,3,16,17,8,30,6,27,4,6,13,18,9,5,10,10
"Elkville village, Illinois",796,730,10,20,0,0,0,104,82,63,12,8,1,40063,155,583,782,11,398,0,1,14,23,59,107,27,20,38,109,382,57,351,119,232,17,22,30,25,36,63,33,20,6,27,2,17,23373,"Elkville village, Illinois",0,275,4,0,0,0,314,11,306,,,,52,351,85,48,16,15,8,0,0,11,5,32,12,13,3,32,25,25,14,25,15,29,27,23,2,2,52,14,22,16,2,4,3,"Elkville village, Illinois",23,34,20,5,13,26,13,38,14,21,8,36,21,12,2,15
"Elliott village, Illinois",310,307,0,0,0,0,0,40,19,15,3,0,0,46667,49,693,310,0,159,0,0,3,17,1,25,16,21,10,66,162,19,150,46,104,6,30,22,21,16,12,4,16,3,4,2,17,23425,"Elliott village, Illinois",0,120,16,0,0,0,153,3,103,,,,25,150,35,2,7,6,2,2,5,4,14,9,8,5,14,5,14,19,2,4,3,11,14,1,6,5,5,18,15,3,1,0,1,"Elliott village, Illinois",0,7,16,5,6,8,7,16,0,0,8,8,8,8,2,6
"Ellis Grove village, Illinois",316,314,1,0,0,0,0,37,16,9,3,0,1,53750,20,709,315,1,147,0,1,13,28,31,18,18,4,12,22,158,24,126,32,94,3,3,24,41,17,11,32,2,0,10,0,17,23503,"Ellis Grove village, Illinois",1,132,6,0,0,0,164,17,87,,,,20,126,42,14,12,11,4,0,0,2,4,10,16,2,4,5,19,9,19,6,2,2,12,2,1,2,5,9,13,21,0,1,1,"Ellis Grove village, Illinois",6,5,7,20,1,12,14,13,4,6,0,0,9,3,2,6
"Ellisville village, Illinois",96,96,0,0,0,0,0,2,9,1,0,0,0,41250,7,-666666666,96,0,53,0,0,5,2,0,4,2,2,0,38,44,8,40,2,38,0,0,4,6,10,3,4,0,1,2,2,17,23529,"Ellisville village, Illinois",0,32,0,0,0,0,34,2,56,,,,2,40,3,0,0,3,0,0,0,0,6,5,1,2,0,7,1,0,2,0,0,1,2,14,0,0,0,0,3,0,3,0,0,"Ellisville village, Illinois",0,0,3,4,2,3,1,6,0,2,5,0,16,4,0,0
"Ellsworth village, Illinois",218,213,3,0,0,0,0,25,11,13,1,2,0,43750,77,692,218,0,85,0,0,2,1,11,6,10,1,11,43,95,15,79,9,70,3,8,2,2,17,21,19,2,0,9,3,17,23555,"Ellsworth village, Illinois",2,77,6,0,0,0,105,11,72,,,,11,79,23,12,7,1,0,0,0,6,10,5,7,2,1,5,10,4,2,1,0,8,8,5,1,0,9,9,1,3,5,3,2,"Ellsworth village, Illinois",3,8,1,11,0,8,9,15,10,2,4,5,3,5,6,1
"Elmhurst city, Illinois",46571,38049,647,3574,32,2862,9,3554,1902,10450,6197,1505,802,123869,1542,1490,41697,361,17551,799,547,1929,1269,940,1478,2290,4510,1182,2607,22710,3518,16808,3192,13616,542,1748,1960,2606,2678,1482,3158,580,1019,2605,1730,17,23620,"Elmhurst city, Illinois",387,15860,1061,30,113,2363,24653,1149,11738,,,,1482,16808,6009,1405,1645,1901,978,641,397,214,733,899,1018,1442,1237,1928,1602,1749,593,930,638,624,893,456,454,539,1536,1738,1239,1232,670,359,212,"Elmhurst city, Illinois",774,977,1226,1518,1622,1648,1443,1903,635,830,436,759,874,647,532,845
"Elmwood city, Illinois",2492,2431,0,25,0,13,0,271,114,321,106,21,8,75152,346,634,2458,24,1012,0,5,79,66,41,142,175,120,70,314,1128,188,864,227,637,115,86,108,29,77,129,389,76,102,37,0,17,23698,"Elmwood city, Illinois",21,1013,120,0,0,0,1333,61,501,,,,129,864,287,43,31,78,67,20,13,35,39,61,49,109,91,91,97,73,6,55,32,39,35,32,16,16,210,160,121,41,41,15,0,"Elmwood city, Illinois",24,51,37,79,87,107,74,58,33,51,24,22,55,11,51,12
"Elmwood Park village, Illinois",24274,14045,533,8291,12,1082,0,3523,1661,2741,1433,310,82,63312,1584,1191,17108,282,9967,152,0,608,399,235,988,1654,1955,1608,2368,11382,1641,9223,3555,5668,67,552,802,958,1230,829,2184,660,952,1663,1521,17,23724,"Elmwood Park village, Illinois",463,9459,980,528,172,477,13332,593,6314,,,,755,9223,2749,576,814,723,517,128,352,152,365,609,777,919,853,763,883,888,271,251,211,403,382,264,202,141,511,808,787,371,463,146,93,"Elmwood Park village, Illinois",423,859,880,758,964,971,808,940,410,621,241,418,442,412,244,260
"El Paso city, Illinois",2854,2772,46,7,0,0,0,310,177,278,50,0,7,61442,215,773,2783,13,1047,17,5,84,77,30,142,74,130,114,374,1483,189,981,231,750,112,176,64,52,126,116,235,56,62,108,41,17,23737,"El Paso city, Illinois",25,969,167,0,0,0,1357,70,934,,,,158,981,355,96,82,119,169,70,43,47,34,55,94,118,85,93,123,77,42,50,14,18,42,34,30,15,64,56,92,77,8,16,21,"El Paso city, Illinois",35,55,93,106,139,64,46,80,34,42,18,48,68,54,23,65
"Elsah village, Illinois",701,585,34,43,0,27,0,17,1,26,57,4,5,97500,8,1278,616,0,140,0,0,1,5,18,12,10,13,0,81,380,8,64,18,46,39,135,60,12,6,0,9,0,12,10,2,17,23776,"Elsah village, Illinois",0,99,15,0,0,0,373,19,321,,,,7,64,7,0,7,0,0,146,46,62,55,0,18,7,0,1,9,4,2,4,2,3,10,4,2,0,0,0,0,0,125,59,46,"Elsah village, Illinois",21,6,5,10,0,0,3,9,2,6,3,9,4,5,4,2
"Elvaston village, Illinois",151,129,18,3,1,0,0,16,12,2,0,0,0,25938,34,-666666666,150,0,80,2,0,0,6,5,6,12,9,3,37,77,13,67,11,56,3,4,11,5,12,1,5,1,4,4,8,17,23841,"Elvaston village, Illinois",0,51,4,0,0,0,58,0,57,,,,5,67,10,3,15,3,0,0,0,2,2,0,4,2,3,2,11,15,2,7,1,2,0,0,1,2,4,11,0,0,0,0,1,"Elvaston village, Illinois",7,1,2,2,2,8,2,6,2,5,2,1,7,11,0,0
"Elwin CDP, Illinois",143,143,0,0,0,0,0,27,6,22,6,0,0,45833,0,-666666666,143,0,68,0,0,0,4,0,19,18,17,0,10,53,0,68,0,68,0,0,13,35,4,0,0,0,0,0,0,17,23919,"Elwin CDP, Illinois",6,58,0,0,0,0,68,10,53,,,,12,68,18,0,0,14,7,0,0,0,0,0,0,12,0,0,0,4,0,0,0,6,0,10,0,0,8,0,0,0,0,0,0,"Elwin CDP, Illinois",0,0,0,19,13,0,4,6,17,6,0,10,0,0,0,7
"Elwood village, Illinois",2524,2219,19,264,0,14,0,239,220,176,71,0,19,81250,226,875,2487,10,1010,0,0,265,303,55,63,35,106,52,131,1263,143,941,120,821,71,39,140,158,330,108,184,36,37,74,118,17,23945,"Elwood village, Illinois",79,1222,119,0,0,23,1475,67,631,,,,179,941,299,59,78,74,46,28,24,3,39,82,123,67,129,87,56,143,70,38,6,34,43,15,9,10,70,45,83,34,7,26,5,"Elwood village, Illinois",17,85,69,84,156,44,66,142,36,68,36,20,57,37,32,42
"Emden village, Illinois",398,379,0,17,2,0,0,32,25,47,5,0,0,55000,18,719,398,0,175,0,2,2,18,8,35,46,28,11,25,209,7,172,42,130,4,18,3,42,26,13,12,5,8,21,2,17,23971,"Emden village, Illinois",5,143,10,0,0,0,161,2,116,,,,18,172,57,32,30,20,2,4,2,1,1,14,16,7,11,3,4,19,2,4,5,2,5,6,10,9,14,3,20,3,2,0,0,"Emden village, Illinois",5,11,19,14,1,10,14,9,1,8,1,0,13,17,17,7
"Emington village, Illinois",89,89,0,0,0,0,0,15,5,12,1,0,0,51563,3,656,81,0,44,0,0,1,0,5,5,0,0,7,26,45,2,40,9,31,4,1,0,13,11,9,3,0,0,5,2,17,24062,"Emington village, Illinois",0,46,1,0,0,0,49,0,24,,,,6,40,16,4,2,2,6,1,1,0,0,1,9,7,2,1,1,3,0,2,1,1,1,0,0,0,4,4,0,0,0,0,1,"Emington village, Illinois",2,0,6,8,1,1,1,4,6,1,0,1,0,0,2,2
"Energy village, Illinois",1208,949,16,39,12,0,0,172,92,76,57,6,0,50326,139,671,1196,2,550,0,7,24,104,130,94,110,35,6,40,414,51,514,157,357,3,80,107,105,59,52,51,11,0,21,15,17,24166,"Energy village, Illinois",0,445,51,7,0,0,562,25,368,,,,60,514,112,0,8,8,17,4,0,10,6,26,32,31,26,38,13,27,81,13,14,6,31,11,36,7,78,114,70,0,7,0,0,"Energy village, Illinois",20,50,33,25,32,3,25,89,22,34,4,8,45,13,30,61
"Enfield village, Illinois",541,514,13,9,0,0,0,72,49,15,0,0,1,40469,42,333,530,5,278,0,0,10,18,21,44,34,41,27,83,221,26,215,26,189,22,10,8,68,30,11,34,3,0,12,29,17,24179,"Enfield village, Illinois",16,222,20,0,0,0,279,8,160,,,,28,215,79,4,28,28,7,14,3,1,0,8,17,1,17,14,12,24,5,16,0,7,11,12,7,3,7,13,17,5,7,18,0,"Enfield village, Illinois",29,8,11,38,17,11,14,26,8,17,2,4,13,9,7,21
"Equality village, Illinois",442,442,0,0,0,0,0,58,35,13,3,0,0,41563,108,380,432,0,267,12,13,5,10,30,65,31,29,7,65,232,22,218,38,180,23,4,18,50,14,5,0,3,2,16,20,17,24348,"Equality village, Illinois",11,155,11,0,0,0,182,16,194,,,,47,218,60,9,4,21,7,2,0,5,2,17,11,30,11,16,6,19,8,4,6,18,2,15,12,7,7,1,16,15,6,0,0,"Equality village, Illinois",0,6,5,18,9,20,10,27,4,9,8,3,24,9,7,6
"Erie village, Illinois",1865,1767,0,68,9,6,0,321,116,157,86,3,0,85750,100,636,1858,0,870,0,3,33,33,117,259,79,72,65,209,921,105,825,256,569,128,88,130,54,44,48,117,59,95,32,17,17,24374,"Erie village, Illinois",3,761,40,0,0,0,883,26,446,,,,94,825,341,51,74,200,41,40,0,11,9,31,21,60,36,64,41,87,7,42,19,32,12,25,10,8,49,62,78,33,16,3,15,"Erie village, Illinois",7,19,52,35,158,37,75,62,8,20,26,19,19,39,7,105
"Essex village, Illinois",1083,895,15,103,0,4,0,98,97,110,14,2,2,81458,51,989,1083,0,388,14,11,88,64,7,87,22,18,7,70,522,47,355,34,321,30,10,25,44,48,12,59,15,72,45,69,17,24452,"Essex village, Illinois",10,377,52,0,0,4,503,15,279,,,,41,355,143,42,19,69,16,16,9,10,15,38,26,34,32,16,31,36,36,9,7,19,23,15,4,0,68,23,55,48,9,0,4,"Essex village, Illinois",6,35,59,29,48,21,20,57,4,7,0,23,18,16,2,9
"Eureka city, Illinois",5485,4992,79,294,0,8,0,556,286,770,308,0,0,46579,667,638,5357,27,2225,32,42,107,218,252,600,115,373,93,393,2426,303,2172,921,1251,336,652,235,216,321,260,280,49,191,86,9,17,24543,"Eureka city, Illinois",9,2366,92,9,0,0,2867,182,1741,,,,294,2172,590,134,204,84,43,153,114,81,93,192,188,81,92,203,100,241,49,114,34,79,44,109,17,86,225,110,120,58,142,35,67,"Eureka city, Illinois",258,146,154,193,137,92,150,129,102,138,49,84,57,100,105,299
"Evanston city, Illinois",73979,43121,11806,8749,23,6796,0,4143,1958,13896,10943,3433,3567,82335,7866,1433,59479,994,31129,478,1029,2731,1446,789,1723,3101,3935,2334,13563,34718,4028,27918,12090,15828,546,2126,4338,3386,3107,1391,3709,1173,1963,4433,3552,17,24582,"Evanston city, Illinois",431,16374,2234,1461,2729,2623,38082,1907,22965,,,,1752,27918,7366,2313,2274,2055,1066,1736,1291,866,1830,2545,1992,1966,2453,2229,1851,1958,895,1230,638,983,1457,756,412,547,1890,1871,1931,1292,2159,1426,1071,"Evanston city, Illinois",1458,2454,2436,2118,2540,2136,2322,2235,968,1252,817,1287,1890,766,994,1323
"Evansville village, Illinois",760,753,0,5,0,0,0,93,50,48,8,2,2,52308,86,500,760,0,353,0,2,18,15,9,21,35,58,91,104,395,45,292,38,254,10,16,3,62,105,13,12,2,4,31,24,17,24608,"Evansville village, Illinois",13,264,23,0,0,0,361,30,227,,,,25,292,90,6,5,70,25,16,7,2,0,8,7,35,26,20,25,33,10,11,21,42,10,12,4,0,21,17,35,16,8,4,0,"Evansville village, Illinois",2,11,21,47,14,28,17,21,4,22,9,4,14,9,11,30
"Evergreen Park village, Illinois",19290,10398,5216,3008,14,216,0,2768,1151,2891,1539,203,151,79396,1101,1160,17461,93,7448,0,11,98,172,166,590,1265,3038,1460,648,8584,1278,7161,1445,5716,72,646,1120,889,724,356,1313,469,688,1358,1115,17,24634,"Evergreen Park village, Illinois",246,7344,470,115,273,556,10185,324,5181,,,,757,7161,2532,523,529,685,385,152,164,120,268,499,513,376,776,667,625,617,291,293,187,263,391,184,79,80,692,715,682,332,286,107,75,"Evergreen Park village, Illinois",266,796,621,613,716,898,696,913,250,293,240,298,421,214,178,321
"Ewing village, Illinois",320,314,0,0,0,0,0,28,64,38,4,0,0,61250,25,747,320,0,165,19,2,3,32,8,36,17,16,0,32,165,14,142,34,108,3,0,6,18,43,17,34,4,9,6,0,17,24673,"Ewing village, Illinois",2,136,6,0,0,0,151,7,109,,,,45,142,39,7,1,17,9,3,4,3,3,5,16,4,15,1,13,14,4,0,4,20,3,0,2,17,0,19,11,0,8,0,0,"Ewing village, Illinois",3,0,7,7,19,12,8,9,4,21,7,4,3,7,2,4
"Exeter village, Illinois",72,69,0,3,0,0,0,6,6,2,2,0,0,48750,4,475,72,0,45,0,0,2,4,0,3,8,0,0,28,41,5,28,8,20,0,1,3,6,1,8,2,4,0,0,0,17,24699,"Exeter village, Illinois",2,27,0,0,0,0,33,0,33,,,,8,28,6,0,3,0,2,2,0,6,0,0,4,1,2,3,2,2,0,11,0,0,1,2,0,0,0,0,3,0,0,0,3,"Exeter village, Illinois",0,0,0,4,3,1,0,1,5,7,0,0,0,0,0,4
"Fairbury city, Illinois",3604,3160,59,308,0,25,0,253,329,196,136,7,25,57563,430,731,3604,0,1637,0,43,132,138,145,115,184,309,79,492,1657,198,1572,573,999,311,413,162,222,140,90,102,0,100,106,0,17,24764,"Fairbury city, Illinois",16,1444,120,0,0,0,1848,93,1101,,,,259,1572,570,121,99,56,134,48,14,54,110,88,45,62,86,83,115,52,31,78,62,98,101,66,32,46,169,48,88,102,40,22,0,"Fairbury city, Illinois",149,80,71,115,108,68,56,205,44,80,51,83,68,26,47,203
"Fairfield city, Illinois",4912,4657,131,28,0,13,0,432,497,393,96,16,3,42386,811,500,4857,28,2666,24,19,145,163,174,481,261,513,387,499,2332,272,2407,887,1520,456,591,220,47,86,69,114,42,46,261,141,17,24816,"Fairfield city, Illinois",10,1782,249,18,0,0,2251,69,1719,,,,254,2407,735,196,156,162,64,80,40,34,113,170,140,76,185,68,205,188,72,49,64,37,56,44,102,65,138,124,122,98,15,48,26,"Fairfield city, Illinois",105,148,120,104,217,105,167,194,84,89,54,69,131,93,104,191
"Fairmont CDP, Illinois",2690,808,886,944,0,34,0,323,116,208,6,10,7,52917,450,1263,2409,5,932,0,9,62,15,20,43,134,273,106,270,1216,100,807,352,455,3,64,109,203,118,67,91,202,83,70,129,17,24920,"Fairmont CDP, Illinois",53,1029,130,0,0,33,1305,51,733,,,,49,807,327,91,90,60,49,35,6,12,32,166,234,74,55,83,17,117,0,22,5,14,25,18,5,6,114,138,116,45,52,0,6,"Fairmont CDP, Illinois",25,199,111,59,68,110,121,78,21,50,5,82,43,13,8,10
"Fairmont City village, Illinois",2082,491,32,1483,22,29,0,80,46,68,52,0,0,37775,697,833,1309,123,895,0,8,29,25,43,149,130,200,151,160,1114,105,753,325,428,36,95,86,139,187,59,122,51,20,17,0,17,24933,"Fairmont City village, Illinois",5,695,88,0,3,0,937,24,724,,,,109,753,304,38,119,54,65,35,27,0,116,65,61,113,26,47,58,50,46,35,22,16,5,12,34,70,49,61,80,39,28,28,10,"Fairmont City village, Illinois",12,72,88,74,82,36,20,35,12,66,17,27,31,33,56,12
"Fairmount village, Illinois",540,530,2,2,0,0,0,43,52,32,11,1,0,51818,52,621,537,3,246,3,4,13,19,9,14,59,25,18,82,253,31,230,42,188,9,24,14,42,56,30,29,26,23,22,4,17,24985,"Fairmount village, Illinois",1,256,12,0,0,0,314,17,134,,,,31,230,61,14,11,12,18,4,8,0,15,15,28,16,10,19,12,16,2,0,9,4,12,9,7,12,5,21,25,7,5,0,7,"Fairmount village, Illinois",21,10,18,19,11,18,24,42,3,1,6,1,23,5,9,6
"Fairview village, Illinois",456,426,0,9,0,0,0,61,53,41,24,0,0,57292,29,335,453,0,237,0,0,10,29,8,23,26,26,22,93,202,39,211,16,195,7,31,30,25,12,9,10,21,17,54,13,17,25063,"Fairview village, Illinois",4,196,20,0,0,0,239,5,162,,,,36,211,40,5,12,8,2,6,0,11,0,16,6,7,24,24,15,9,2,3,2,23,6,12,4,5,13,0,10,16,19,5,0,"Fairview village, Illinois",11,5,8,13,4,28,20,9,9,30,6,2,17,6,14,9
"Fairview Heights city, Illinois",16143,8964,4969,610,0,281,0,2209,1163,1946,1334,70,180,68505,1615,1017,15356,176,7877,57,36,1615,808,1239,1213,973,1177,436,323,8210,1186,6741,2434,4307,141,543,1089,1213,1123,696,934,245,572,670,151,17,25141,"Fairview Heights city, Illinois",33,6494,618,57,77,20,8436,392,4476,,,,1786,6741,1866,518,634,450,509,120,193,120,428,567,288,411,624,509,677,561,212,339,168,193,458,127,56,154,321,418,750,217,233,100,91,"Fairview Heights city, Illinois",325,414,468,633,508,521,539,430,242,379,192,270,315,278,72,111
"Fall Creek CDP, Illinois",29,29,0,0,0,0,0,0,0,0,0,0,0,-666666666,0,-666666666,29,0,14,0,0,0,14,0,0,0,0,0,0,14,0,14,0,14,0,0,0,0,29,0,0,0,0,0,0,17,25245,"Fall Creek CDP, Illinois",0,29,0,0,0,0,29,0,0,,,,0,14,0,0,0,0,0,0,0,0,0,0,0,0,0,0,0,0,0,14,0,0,0,0,0,0,0,0,0,0,0,0,0,"Fall Creek CDP, Illinois",0,0,0,0,0,0,0,15,0,0,0,0,0,0,0,0
"Farina village, Illinois",749,739,0,0,0,0,0,57,49,23,8,0,0,35313,155,614,733,11,292,13,11,10,23,22,21,24,65,11,92,371,28,255,62,193,6,19,35,9,19,48,32,30,25,36,0,17,25375,"Farina village, Illinois",4,239,19,0,0,0,310,33,271,,,,51,255,104,22,24,36,5,0,6,0,48,3,12,22,27,17,11,36,5,7,3,14,29,29,8,7,30,30,16,21,4,19,0,"Farina village, Illinois",25,28,20,18,19,18,18,4,10,10,5,17,15,27,7,17
"Farmer City city, Illinois",2063,2021,0,37,0,0,0,204,161,130,123,8,5,66591,212,880,2063,0,981,0,0,98,38,23,234,138,62,81,307,920,171,848,107,741,96,162,63,49,60,211,209,25,48,35,14,17,25414,"Farmer City city, Illinois",0,886,77,0,0,0,1081,40,579,,,,129,848,242,49,52,59,51,11,0,0,2,18,56,66,20,90,81,98,28,73,24,66,4,29,43,0,100,49,85,53,5,33,0,"Farmer City city, Illinois",0,29,73,99,1,79,69,135,31,66,23,27,45,51,37,53
"Farmersville village, Illinois",867,705,4,143,0,0,0,49,25,96,53,5,0,56875,107,608,856,2,361,0,0,13,79,15,85,19,62,31,57,367,37,343,72,271,14,40,5,45,33,25,60,34,17,12,11,17,25440,"Farmersville village, Illinois",6,250,45,0,0,0,350,5,214,,,,38,343,153,17,53,9,18,3,0,17,15,27,14,39,40,18,19,17,6,11,6,9,11,14,2,2,102,77,33,10,7,0,0,"Farmersville village, Illinois",9,30,29,63,6,25,22,19,6,7,11,14,18,8,2,2
"Farmington city, Illinois",1939,1810,0,92,9,0,0,211,116,181,72,15,0,51335,165,826,1925,6,967,18,0,24,35,16,67,86,172,102,447,993,99,827,206,621,88,204,45,68,57,69,157,71,92,66,19,17,25531,"Farmington city, Illinois",29,900,50,0,0,0,1053,76,455,,,,101,827,276,28,85,107,45,9,23,24,56,59,87,42,64,54,45,77,10,41,19,21,33,41,24,5,53,27,104,51,12,11,26,"Farmington city, Illinois",38,55,74,26,52,50,61,52,26,39,41,31,26,14,42,29
"Fayetteville village, Illinois",438,369,0,69,0,0,0,26,86,24,8,1,0,58214,42,675,415,1,200,0,2,3,34,8,21,33,14,21,64,200,15,168,40,128,12,3,15,18,21,19,17,23,4,26,10,17,25713,"Fayetteville village, Illinois",1,159,4,0,0,0,181,8,148,,,,24,168,71,34,3,9,2,0,0,0,4,11,24,28,5,1,14,13,10,7,12,7,5,5,5,1,24,15,14,25,0,2,1,"Fayetteville village, Illinois",0,7,35,20,3,12,6,17,2,11,11,4,10,8,3,8
"Summerfield village, Illinois",324,304,0,20,0,0,0,36,31,14,6,0,0,39375,93,844,299,10,141,0,0,17,14,6,35,3,17,3,46,170,25,132,39,93,3,3,20,12,23,11,12,27,10,14,8,17,73547,"Summerfield village, Illinois",8,117,32,0,0,0,180,23,79,,,,10,132,34,15,22,11,15,12,0,0,7,6,15,3,13,8,17,8,4,5,2,1,4,0,0,2,5,1,8,3,0,7,1,"Summerfield village, Illinois",2,9,11,22,9,10,18,14,5,4,4,2,5,8,3,3
"Summit village, Illinois",11171,1343,972,8496,0,288,0,782,455,585,116,22,1,46972,1912,889,6851,67,3576,11,37,182,245,94,351,474,640,440,1102,5525,700,3269,1523,1746,21,352,302,540,425,327,919,180,165,589,417,17,73638,"Summit village, Illinois",138,3316,572,136,133,38,5011,383,3211,,,,137,3269,1570,380,350,539,255,240,111,61,198,437,288,434,364,416,285,235,220,75,66,89,222,72,130,66,548,408,624,282,100,59,131,"Summit village, Illinois",144,436,350,418,405,187,365,304,83,69,73,98,214,122,69,149
"Sumner city, Illinois",2916,1286,1189,386,0,9,0,266,116,56,21,7,0,36298,207,650,2757,0,416,9,0,19,36,42,79,16,19,30,166,350,28,345,146,199,8,27,64,43,60,16,84,0,4,11,5,17,73703,"Sumner city, Illinois",6,260,57,0,0,0,365,26,2326,,,,100,345,150,26,10,35,10,16,61,41,257,398,421,225,236,240,107,144,90,20,32,17,45,22,0,2,94,18,20,31,28,2,4,"Sumner city, Illinois",22,27,10,33,25,9,12,19,26,23,11,3,14,16,2,12
"Sunnyland CDP, Illinois",565,311,0,152,0,0,0,77,15,19,35,0,0,63500,62,-666666666,537,0,202,0,0,0,30,20,14,26,35,77,0,218,29,202,15,187,0,18,0,0,17,0,0,90,41,22,19,17,73872,"Sunnyland CDP, Illinois",51,240,18,0,0,0,319,61,159,,,,0,202,42,7,0,9,0,0,0,19,0,0,56,0,38,15,14,39,0,7,0,0,0,0,0,14,32,0,39,0,0,0,0,"Sunnyland CDP, Illinois",0,33,39,0,19,14,18,79,0,31,0,0,0,31,0,12
"Sun River Terrace village, Illinois",484,34,413,31,0,0,0,50,9,17,19,5,0,46346,114,1013,466,0,179,0,0,32,36,11,18,40,33,5,4,233,5,140,81,59,4,0,12,63,35,4,14,0,0,8,8,17,73943,"Sun River Terrace village, Illinois",4,123,25,0,0,0,152,0,194,,,,11,140,61,24,24,31,11,0,0,0,5,9,55,12,11,3,2,6,0,17,4,7,1,0,3,8,15,27,16,14,11,0,0,"Sun River Terrace village, Illinois",4,0,22,17,21,8,5,9,2,25,2,16,2,1,0,34
"Swansea village, Illinois",14100,10001,2609,472,0,311,0,1410,1059,2389,1523,364,58,81625,688,1057,13074,204,5809,206,354,1421,1092,806,377,502,595,204,252,6611,864,5453,1161,4292,70,1009,1169,1411,644,354,730,365,284,667,185,17,74119,"Swansea village, Illinois",170,6618,280,40,53,0,8119,260,3317,,,,1363,5453,1684,390,399,516,224,127,22,70,334,443,421,394,462,281,583,602,109,303,151,353,192,141,102,128,420,474,390,275,90,162,111,"Swansea village, Illinois",234,570,532,376,473,446,520,639,182,305,176,144,198,194,220,222
"Swedona CDP, Illinois",95,95,0,0,0,0,0,16,14,0,0,0,0,72344,0,-666666666,95,0,46,0,0,0,0,18,23,0,0,0,5,47,0,31,0,31,0,0,0,0,0,0,19,9,0,5,0,17,74145,"Swedona CDP, Illinois",0,33,0,0,0,0,41,0,31,,,,8,31,15,0,0,6,11,0,0,0,0,0,0,14,0,0,0,0,0,0,8,8,0,0,0,0,0,0,6,0,14,0,0,"Swedona CDP, Illinois",0,0,0,10,0,9,0,0,0,0,9,0,0,0,0,0
"Sycamore city, Illinois",17990,15288,716,1397,0,383,0,1802,1237,2825,1505,129,354,65924,1714,915,16697,123,7327,232,99,2340,1038,407,1047,511,507,159,987,8058,1040,7083,2408,4675,458,1302,1690,884,834,219,329,450,415,869,634,17,74223,"Sycamore city, Illinois",277,7220,580,34,0,93,9725,372,4322,,,,734,7083,2305,600,591,644,465,210,90,23,435,324,568,467,547,508,574,512,99,415,289,172,203,272,74,113,464,514,758,422,429,224,84,"Sycamore city, Illinois",447,698,599,681,741,515,642,579,218,438,159,272,354,310,113,134
"Symerton village, Illinois",72,72,0,0,0,0,0,2,13,0,2,0,0,71250,1,-666666666,70,2,24,0,2,0,2,0,0,2,2,7,9,34,7,24,2,22,0,7,0,0,4,4,9,1,2,1,2,17,74275,"Symerton village, Illinois",1,27,4,0,0,0,36,2,18,,,,2,24,9,0,6,1,2,1,0,0,2,3,1,1,3,1,6,1,1,3,0,1,0,1,0,0,6,4,1,0,0,0,0,"Symerton village, Illinois",1,7,0,2,2,2,3,1,1,2,0,3,1,1,1,0
"Table Grove village, Illinois",363,354,0,5,0,2,0,23,22,16,9,1,0,49583,87,496,361,0,173,0,1,15,6,20,28,0,28,5,70,174,20,150,32,118,10,11,0,12,60,36,29,0,1,11,4,17,74301,"Table Grove village, Illinois",1,152,23,0,0,0,188,12,84,,,,13,150,54,15,14,19,7,1,0,0,12,11,17,13,7,9,11,5,5,7,5,3,4,6,3,0,16,12,14,6,3,10,2,"Table Grove village, Illinois",14,12,22,13,8,2,4,7,10,2,5,6,3,3,5,10
"Tallula village, Illinois",540,526,0,5,0,0,0,50,15,38,11,3,0,51806,34,668,535,2,263,7,4,0,25,4,37,34,4,44,104,300,21,239,45,194,11,16,16,16,2,15,40,27,29,11,10,17,74379,"Tallula village, Illinois",0,172,7,0,0,0,289,44,165,,,,41,239,73,4,22,21,49,9,1,0,0,8,14,26,29,19,2,16,4,19,2,11,25,12,7,0,14,15,3,2,0,0,6,"Tallula village, Illinois",16,0,2,25,10,46,16,9,15,8,4,14,24,5,6,0
"Tamaroa village, Illinois",740,738,0,0,1,0,0,60,62,9,4,0,0,43125,57,707,738,2,344,0,15,47,29,17,48,49,37,36,66,394,42,294,73,221,19,13,12,112,24,6,37,41,25,23,23,17,74444,"Tamaroa village, Illinois",7,279,54,0,0,0,381,18,181,,,,49,294,117,21,35,27,12,0,0,67,14,19,11,22,20,32,10,55,1,9,8,10,4,12,0,5,32,11,47,2,3,4,9,"Tamaroa village, Illinois",5,27,10,13,8,56,16,27,17,12,12,8,9,8,2,8
"Tamms village, Illinois",702,443,224,14,0,2,0,138,2,36,23,0,0,45227,117,370,689,6,303,6,5,15,54,42,115,3,2,14,47,404,68,220,38,182,2,5,6,9,38,5,53,2,0,45,7,17,74457,"Tamms village, Illinois",11,155,28,0,0,0,264,19,273,,,,60,220,69,9,4,101,9,14,0,0,9,16,21,14,32,36,49,48,5,11,33,6,6,7,6,3,3,34,4,13,0,0,0,"Tamms village, Illinois",5,20,17,9,17,12,29,30,8,12,5,6,16,3,9,11
"Tampico village, Illinois",771,721,12,38,0,0,0,76,46,29,13,0,0,53594,76,713,755,9,328,0,0,0,18,1,64,41,23,20,161,381,43,281,37,244,17,23,2,42,86,44,85,3,6,35,16,17,74470,"Tampico village, Illinois",8,350,8,0,0,0,404,33,238,,,,28,281,108,16,25,27,29,30,2,7,26,6,42,14,23,22,21,33,14,10,3,3,19,3,2,4,27,6,28,31,13,3,0,"Tampico village, Illinois",24,18,19,20,4,23,15,42,13,19,24,6,21,11,14,9
"Taylor Ridge CDP, Illinois",142,142,0,0,0,0,0,45,0,16,0,0,0,60167,0,-666666666,142,0,112,0,61,0,0,0,0,0,45,6,0,29,0,112,0,112,0,0,16,0,8,0,0,0,0,0,0,17,74548,"Taylor Ridge CDP, Illinois",0,24,0,0,0,0,24,0,118,,,,23,112,0,0,0,0,0,0,0,0,0,0,0,0,0,0,0,0,0,0,0,0,23,6,0,0,0,0,0,0,0,0,0,"Taylor Ridge CDP, Illinois",0,0,0,0,0,0,0,0,0,45,0,0,24,7,0,37
"Taylor Springs village, Illinois",587,583,0,4,0,0,0,39,48,25,3,5,0,37981,100,730,574,2,252,0,1,26,19,23,8,41,32,13,89,245,22,245,49,196,17,59,13,9,20,0,4,4,0,26,9,17,74561,"Taylor Springs village, Illinois",0,141,13,0,0,0,205,16,325,,,,72,245,29,14,5,3,4,10,0,4,0,26,14,4,4,19,14,23,9,25,21,10,31,19,34,13,22,6,7,2,2,0,0,"Taylor Springs village, Illinois",8,26,6,0,8,12,15,41,9,21,13,19,4,0,26,34
"Taylorville city, Illinois",10766,10157,121,120,62,126,87,1217,893,1037,425,89,16,41397,1382,678,10537,82,5637,0,56,373,516,461,917,481,789,432,1612,4836,745,5064,1865,3199,303,1368,711,200,293,43,357,219,284,671,89,17,74574,"Taylorville city, Illinois",29,3652,594,30,0,0,4916,226,3857,,,,925,5064,1291,420,339,193,209,61,67,61,159,368,368,227,330,359,392,291,165,189,44,132,186,146,99,136,334,358,208,168,100,25,0,"Taylorville city, Illinois",221,431,439,339,312,285,489,397,121,218,81,241,214,310,185,349
"Tennessee village, Illinois",88,88,0,0,0,0,0,9,5,2,5,0,0,36667,12,613,88,0,70,0,0,4,2,12,12,0,8,8,24,40,13,52,12,40,0,0,10,2,24,8,0,0,2,0,0,17,74665,"Tennessee village, Illinois",0,40,4,0,0,0,56,2,30,,,,6,52,7,0,2,0,0,0,0,6,0,2,0,0,4,7,6,4,0,2,0,4,1,2,0,0,0,0,0,2,8,0,0,"Tennessee village, Illinois",0,5,0,0,5,2,8,2,3,1,1,5,2,0,4,0
"Teutopolis village, Illinois",1807,1751,10,6,0,12,0,170,224,251,96,25,10,72404,70,500,1791,4,806,5,32,47,112,99,116,98,121,48,128,909,113,759,204,555,102,169,307,233,29,4,33,10,16,28,18,17,74743,"Teutopolis village, Illinois",11,902,39,0,0,0,1077,10,374,,,,97,759,218,50,39,55,16,28,4,5,49,130,93,28,48,53,60,46,53,22,24,23,15,42,13,13,46,56,71,70,2,0,14,"Teutopolis village, Illinois",48,41,55,45,66,46,58,60,22,21,17,33,32,23,11,61
"Thawville village, Illinois",225,151,0,66,0,1,0,31,7,3,3,0,0,36250,54,538,220,1,120,0,0,12,4,9,20,6,6,6,57,104,10,93,21,72,6,10,9,8,5,10,3,2,1,8,13,17,74847,"Thawville village, Illinois",0,65,6,0,0,0,79,2,78,,,,10,93,34,7,12,8,11,3,0,0,0,2,8,6,10,5,5,4,1,3,5,2,0,4,4,4,11,14,10,6,0,3,0,"Thawville village, Illinois",2,9,4,5,5,3,3,4,0,2,1,5,13,14,7,0
"Thayer village, Illinois",622,605,0,0,0,0,0,79,38,68,12,0,3,51806,37,730,616,6,378,0,0,19,24,51,56,17,41,22,148,328,44,313,28,285,2,30,41,52,24,21,94,8,10,36,4,17,74860,"Thayer village, Illinois",3,315,7,0,3,0,372,6,164,,,,70,313,69,22,12,6,12,6,3,3,0,49,33,23,9,10,34,10,10,16,13,22,17,13,8,0,9,14,17,10,2,5,4,"Thayer village, Illinois",19,16,26,23,6,13,17,13,10,26,8,16,11,12,10,4
"Thebes village, Illinois",550,421,122,0,0,0,0,64,12,24,6,0,0,38929,186,310,549,1,195,0,0,13,22,14,48,42,0,10,46,221,16,136,47,89,0,2,8,9,30,14,38,0,0,13,0,17,74873,"Thebes village, Illinois",13,84,14,0,0,0,159,14,160,,,,12,136,70,53,45,16,6,0,0,0,5,5,9,21,8,9,7,3,9,10,2,0,5,6,0,2,58,29,30,25,10,5,1,"Thebes village, Illinois",6,43,18,8,18,8,13,15,2,17,4,0,7,10,0,2
"The Galena Territory CDP, Illinois",1424,1402,0,14,0,0,0,182,95,351,309,69,18,103065,32,1375,1342,15,2178,0,41,508,776,686,108,22,0,0,37,697,131,696,18,678,7,17,30,37,106,4,18,41,30,23,38,17,74970,"The Galena Territory CDP, Illinois",20,345,23,0,0,0,547,8,789,,,,112,696,48,8,9,35,4,5,0,0,6,17,22,5,28,90,41,42,3,47,39,104,76,66,50,0,0,10,10,21,12,0,0,"The Galena Territory CDP, Illinois",0,9,0,21,19,72,42,46,20,60,62,98,99,93,17,16
"Third Lake village, Illinois",1160,1080,0,74,0,2,0,94,55,280,164,18,105,135021,50,1469,1090,6,452,5,2,5,55,328,22,6,6,2,21,581,106,441,13,428,7,21,77,39,68,57,66,21,14,91,64,17,75081,"Third Lake village, Illinois",21,486,53,0,0,7,626,8,364,,,,54,441,105,16,20,42,19,16,7,10,10,27,35,13,36,41,65,48,23,32,14,16,21,63,9,0,17,33,27,20,11,0,8,"Third Lake village, Illinois",62,4,37,4,39,22,50,61,19,15,74,28,17,15,2,12
"Thomasboro village, Illinois",1036,951,19,36,2,3,0,133,59,124,17,3,4,55795,117,726,982,5,501,0,12,76,27,83,157,88,33,2,23,520,70,452,100,352,7,8,65,157,156,47,109,13,1,8,3,17,75107,"Thomasboro village, Illinois",2,540,27,0,0,0,650,46,235,,,,127,452,92,26,25,13,10,3,24,0,49,60,12,28,16,22,48,81,6,13,6,23,34,9,9,3,14,31,42,6,8,10,0,"Thomasboro village, Illinois",12,34,37,22,17,46,52,72,10,13,20,13,32,15,7,3
"Thompsonville village, Illinois",527,522,0,0,0,0,0,28,31,25,1,0,4,35833,128,664,521,0,287,0,5,37,46,18,67,27,25,14,48,196,27,220,94,126,29,16,4,11,4,2,13,24,19,24,20,17,75159,"Thompsonville village, Illinois",10,151,25,0,0,0,214,29,164,,,,27,220,66,21,23,4,0,10,0,0,6,23,2,14,13,18,9,13,2,5,12,8,6,4,0,3,61,14,20,13,7,0,28,"Thompsonville village, Illinois",10,9,7,21,3,9,9,16,5,11,7,9,20,25,1,26
"Thomson village, Illinois",369,369,0,0,0,0,0,29,9,45,25,0,3,51071,41,728,369,0,231,2,8,14,20,23,25,21,26,37,55,173,19,190,58,132,15,42,15,21,30,7,34,0,5,3,10,17,75172,"Thomson village, Illinois",3,155,23,0,0,0,194,7,132,,,,39,190,25,4,13,5,2,0,0,0,28,12,1,8,9,8,11,5,5,12,5,9,17,6,6,7,4,7,10,0,4,0,2,"Thomson village, Illinois",10,29,1,9,6,4,9,20,11,15,5,7,22,6,8,7
"Thornton village, Illinois",2308,1491,474,305,0,18,0,318,112,237,78,0,5,66447,185,1110,2189,0,1024,20,0,0,13,31,20,218,449,45,228,1107,161,960,228,732,102,164,117,216,110,94,133,15,41,119,94,17,75185,"Thornton village, Illinois",16,1032,107,3,0,58,1378,103,663,,,,94,960,209,38,12,108,45,25,0,52,47,50,59,86,73,109,52,117,41,59,24,20,36,25,16,13,34,23,23,84,56,4,0,"Thornton village, Illinois",72,104,44,29,118,85,82,76,77,44,34,29,46,54,46,37
"Tilden village, Illinois",961,818,107,30,0,0,0,170,51,68,13,0,0,38365,214,640,941,0,391,0,2,7,60,48,65,22,38,38,111,504,61,341,118,223,22,144,56,23,35,20,23,9,12,25,8,17,75263,"Tilden village, Illinois",14,247,116,0,0,0,447,24,332,,,,38,341,127,51,34,19,7,5,0,7,7,31,113,43,37,29,32,32,19,7,2,5,9,12,3,0,45,17,10,10,11,4,6,"Tilden village, Illinois",14,39,25,45,27,20,34,44,2,16,9,18,20,8,18,15
"Tilton village, Illinois",2797,2557,34,190,0,0,0,247,187,112,34,0,0,44804,266,747,2732,56,1323,20,79,17,81,35,83,189,255,103,461,1355,283,1282,380,902,32,92,463,258,231,57,103,0,0,14,19,17,75276,"Tilton village, Illinois",40,1182,107,0,0,0,1374,51,962,,,,278,1282,246,53,91,34,0,69,12,0,120,89,70,81,44,95,188,85,44,78,20,37,71,85,60,10,43,103,137,8,30,0,26,"Tilton village, Illinois",25,37,92,13,53,74,85,115,107,14,26,39,122,28,102,82
"Timberlane village, Illinois",1158,919,5,223,0,10,0,59,84,260,72,13,2,170875,23,-666666666,1123,3,346,0,11,266,29,17,20,2,0,0,1,524,171,345,2,343,7,20,45,89,100,49,44,19,12,110,56,17,75360,"Timberlane village, Illinois",9,517,33,0,0,0,775,115,191,,,,51,345,138,24,34,52,27,6,9,2,16,15,13,23,27,59,112,48,16,5,6,10,7,3,8,2,12,22,27,51,18,0,7,"Timberlane village, Illinois",150,7,13,24,43,114,71,28,4,9,2,13,10,0,3,6
"Time village, Illinois",17,17,0,0,0,0,0,4,0,0,0,0,0,38750,7,-666666666,17,0,13,0,0,0,0,0,6,6,0,0,1,7,4,8,0,8,0,0,1,4,0,0,0,0,0,0,0,17,75419,"Time village, Illinois",0,1,4,0,0,0,5,0,9,,,,4,8,4,0,0,0,0,0,0,0,0,0,1,0,0,0,4,0,0,0,0,0,2,0,0,0,0,0,3,0,0,0,0,"Time village, Illinois",0,0,0,4,2,0,0,0,0,0,0,0,0,1,0,0
"Tinley Park village, Illinois",56082,43997,3084,5609,14,2514,0,5555,4458,9797,4068,693,421,82163,3232,1227,50415,329,22802,46,130,4583,5236,4422,4672,1610,1360,473,270,27910,3021,21871,3108,18763,398,1584,2651,3353,2892,1572,3571,1110,1718,3527,3913,17,75484,"Tinley Park village, Illinois",992,22715,1788,16,106,2279,31095,1827,14362,,,,2707,21871,6361,1554,1904,1950,1134,596,252,437,886,1835,2295,1980,1469,1551,1470,2352,959,987,528,890,1252,644,484,501,1435,1409,1632,996,611,269,307,"Tinley Park village, Illinois",799,1646,1879,1906,1552,1591,2197,2177,995,1248,678,1203,1301,841,703,797
"Tiskilwa village, Illinois",693,604,9,20,0,34,0,47,62,46,18,8,0,41071,151,686,673,0,323,0,0,11,13,6,26,28,28,26,185,340,71,298,61,237,7,6,30,93,42,10,50,3,14,0,23,17,75549,"Tiskilwa village, Illinois",2,250,30,0,0,0,301,9,264,,,,40,298,91,10,23,26,29,7,10,0,11,21,18,13,10,48,23,20,4,11,6,7,18,5,13,7,23,22,8,16,10,0,0,"Tiskilwa village, Illinois",28,6,16,10,20,32,32,9,2,20,2,6,18,21,37,15
"Toledo village, Illinois",1163,1078,3,7,0,0,0,95,100,90,12,14,0,51364,152,553,1161,0,542,5,6,37,88,39,89,52,74,78,74,567,97,472,152,320,39,54,66,44,39,109,120,12,29,23,29,17,75601,"Toledo village, Illinois",3,470,74,0,0,0,609,15,332,,,,59,472,124,31,31,36,14,20,0,4,95,32,53,11,36,39,59,28,14,22,2,3,14,23,0,6,62,28,32,14,9,0,0,"Toledo village, Illinois",31,41,45,12,35,32,48,40,19,15,17,14,41,15,20,20
"Tolono village, Illinois",3071,2766,135,27,0,41,0,338,150,412,101,0,19,62788,404,677,3018,12,1193,53,0,336,97,70,202,108,208,39,80,1320,250,1150,323,827,91,212,175,230,655,157,44,18,26,12,0,17,75614,"Tolono village, Illinois",29,1530,117,2,0,0,1911,189,540,,,,39,1150,470,51,71,153,106,38,61,0,25,79,132,134,44,154,96,73,12,27,13,0,24,0,0,27,131,79,94,115,49,157,0,"Tolono village, Illinois",57,73,85,207,95,86,51,153,43,133,0,0,43,38,15,47
"Toluca city, Illinois",1287,1043,18,182,0,0,0,140,94,91,40,0,3,57188,145,689,1189,18,698,11,16,15,29,46,151,75,57,72,226,545,75,577,113,464,92,81,61,48,39,50,70,23,61,37,24,17,75653,"Toluca city, Illinois",12,549,32,0,0,0,645,33,435,,,,85,577,125,29,8,34,10,13,0,0,29,42,50,19,30,29,46,64,23,24,16,10,28,27,24,16,41,41,51,5,14,26,5,"Toluca city, Illinois",43,20,35,17,23,28,91,46,23,13,32,21,32,22,22,65
"Tonica village, Illinois",777,687,0,80,0,3,0,77,59,50,36,1,3,52206,112,643,755,7,357,0,0,50,16,21,40,26,58,23,123,411,57,328,110,218,8,24,55,100,55,40,15,2,7,16,18,17,75718,"Tonica village, Illinois",9,288,45,0,0,0,413,27,225,,,,36,328,103,14,32,19,22,19,17,13,5,17,19,18,38,35,22,49,0,29,18,8,4,4,5,4,20,21,23,11,10,2,4,"Tonica village, Illinois",16,2,32,33,27,28,11,23,18,34,2,6,10,9,8,16
"Topeka village, Illinois",62,62,0,0,0,0,0,1,2,4,10,0,0,39500,0,-666666666,62,0,47,0,0,4,8,13,6,0,4,0,12,39,2,32,7,25,0,0,3,3,1,0,4,5,0,2,1,17,75757,"Topeka village, Illinois",0,19,0,0,0,0,28,6,32,,,,2,32,5,2,0,0,6,0,0,0,0,3,0,5,0,0,2,0,7,1,0,5,1,2,5,0,0,0,0,0,0,0,0,"Topeka village, Illinois",1,0,0,0,0,4,4,1,6,0,4,0,2,0,1,0
"Toulon city, Illinois",1291,1156,22,16,0,35,0,150,54,107,38,20,0,39509,256,667,1264,0,615,3,3,2,75,12,64,86,146,45,179,567,50,533,160,373,57,59,52,54,43,7,38,3,20,81,11,17,75783,"Toulon city, Illinois",2,394,15,0,0,0,478,18,560,,,,88,533,163,34,21,58,7,1,0,0,10,72,38,37,49,39,14,48,18,19,24,33,14,40,13,13,50,31,56,17,2,1,3,"Toulon city, Illinois",59,0,41,40,30,27,16,42,41,22,6,20,46,39,32,68
"Tovey village, Illinois",582,579,0,3,0,0,0,48,28,28,18,2,4,90246,33,443,582,0,247,2,0,26,27,14,24,7,32,6,109,313,58,239,19,220,5,59,85,18,31,5,39,34,21,12,4,17,75809,"Tovey village, Illinois",11,310,14,0,0,0,340,6,138,,,,37,239,78,2,33,11,20,4,0,12,3,57,0,18,46,29,29,11,6,3,0,4,8,10,5,2,12,1,14,27,2,0,2,"Tovey village, Illinois",49,5,1,26,12,31,17,25,3,8,8,4,11,8,3,0
"Towanda village, Illinois",341,330,1,7,0,0,0,28,26,52,11,2,2,59250,27,733,338,0,191,0,3,8,17,3,32,38,34,14,42,177,32,157,23,134,17,11,19,39,44,4,2,0,0,6,3,17,75822,"Towanda village, Illinois",5,121,20,0,0,0,179,4,117,,,,34,157,31,7,10,4,10,10,3,3,3,7,7,10,5,16,16,14,8,9,3,7,7,8,6,4,0,4,11,4,0,0,7,"Towanda village, Illinois",0,10,6,8,14,5,23,16,2,6,6,7,6,6,19,4
"Tower Hill village, Illinois",643,597,0,0,0,0,0,50,5,32,11,0,0,55588,132,681,639,0,284,0,0,22,42,51,56,3,23,16,71,300,27,224,56,168,18,33,30,47,55,0,9,15,15,10,14,17,75848,"Tower Hill village, Illinois",0,230,15,0,0,0,268,11,203,,,,49,224,99,1,25,21,27,6,3,13,18,16,17,20,15,18,9,14,4,14,1,3,24,24,6,1,51,12,30,36,4,0,4,"Tower Hill village, Illinois",4,27,15,29,22,23,25,14,2,4,4,9,17,1,7,3
"Tower Lakes village, Illinois",1293,1210,14,27,0,21,0,65,33,413,174,40,6,143250,34,2250,1224,6,465,0,0,19,19,68,130,55,56,20,98,634,89,443,17,426,0,29,21,77,65,20,88,26,49,51,65,17,75874,"Tower Lakes village, Illinois",48,478,11,0,0,39,614,16,394,,,,62,443,171,16,56,63,30,34,0,5,28,12,11,33,35,40,49,54,8,23,27,19,36,34,14,12,24,62,50,49,10,0,8,"Tower Lakes village, Illinois",22,6,15,33,22,53,80,30,18,54,28,21,16,23,27,3
"Tremont village, Illinois",2261,2089,0,90,28,10,0,308,176,302,132,24,0,64000,46,723,2227,6,1018,61,0,76,120,37,124,181,206,25,188,1121,195,948,275,673,144,108,121,180,178,67,102,10,19,56,56,17,75965,"Tremont village, Illinois",4,937,86,0,0,0,1096,21,665,,,,154,948,289,30,47,138,85,22,45,0,39,63,86,17,79,83,112,39,19,11,36,38,57,39,24,20,61,59,109,55,24,6,7,"Tremont village, Illinois",58,45,50,27,72,134,72,55,26,54,33,14,46,45,40,40
"Trenton city, Illinois",2604,2571,13,12,0,3,0,257,354,402,83,8,10,54138,201,690,2591,6,1222,11,46,143,119,120,200,186,79,81,237,1151,153,1134,347,787,105,137,137,92,158,75,164,36,83,105,65,17,75991,"Trenton city, Illinois",5,1057,81,3,0,0,1278,17,760,,,,241,1134,301,58,104,96,21,37,7,2,39,99,42,113,50,80,73,50,16,22,9,55,52,36,33,66,82,132,57,63,37,29,0,"Trenton city, Illinois",27,145,71,88,78,139,71,92,35,34,36,41,58,28,41,60
"Trilla CDP, Illinois",338,338,0,0,0,0,0,73,14,0,33,0,0,53661,0,-666666666,308,0,127,0,82,0,0,16,0,0,0,0,29,121,0,127,23,104,0,0,37,0,0,0,0,0,44,0,0,17,76017,"Trilla CDP, Illinois",0,81,0,0,0,0,156,0,119,,,,18,127,78,29,0,0,0,0,0,0,0,18,0,44,0,0,0,0,0,0,0,0,15,0,15,0,34,0,0,39,0,0,0,"Trilla CDP, Illinois",23,0,0,57,0,0,0,0,0,33,0,0,15,0,16,0
"Triumph CDP, Illinois",82,82,0,0,0,0,0,44,0,0,0,0,0,-666666666,0,-666666666,82,0,48,0,0,0,0,10,0,0,0,0,38,82,0,48,48,0,0,0,10,0,0,38,0,0,34,0,0,17,76082,"Triumph CDP, Illinois",0,82,0,0,0,0,82,0,0,,,,0,48,0,0,0,0,0,0,0,0,0,72,0,10,0,0,0,0,0,0,0,0,0,0,0,0,0,0,0,0,0,0,0,"Triumph CDP, Illinois",0,0,0,0,0,0,0,0,0,0,0,0,0,0,0,0
"Trivoli CDP, Illinois",380,380,0,0,0,0,0,15,40,62,26,0,0,71648,0,-666666666,380,0,165,7,0,0,27,9,42,7,28,23,22,192,12,165,13,152,0,9,0,6,20,52,66,10,10,9,0,17,76108,"Trivoli CDP, Illinois",0,167,15,0,0,0,189,0,139,,,,32,165,34,34,0,9,5,9,0,0,0,17,10,9,6,12,0,0,0,20,0,7,20,20,14,0,0,9,0,6,0,0,0,"Trivoli CDP, Illinois",0,21,35,6,9,10,7,0,7,10,16,0,25,11,16,0
"Trout Valley village, Illinois",509,488,0,18,0,2,0,38,29,147,85,29,2,190231,8,-666666666,461,3,219,0,0,3,11,18,57,98,23,1,8,256,31,205,1,204,4,22,30,6,25,31,28,4,7,42,40,17,76160,"Trout Valley village, Illinois",17,202,11,0,4,33,301,3,151,,,,15,205,38,9,6,8,14,2,5,2,10,10,7,5,11,8,23,54,5,13,4,12,31,8,5,4,7,2,18,9,15,2,8,"Trout Valley village, Illinois",4,3,12,8,5,7,27,61,10,10,7,9,12,12,2,3
"Troy city, Illinois",10278,8987,225,373,6,177,0,1353,962,1490,511,80,97,76672,698,866,9927,84,4018,155,232,772,955,821,411,128,323,60,161,4557,670,3934,1021,2913,109,418,318,581,774,450,882,176,267,410,158,17,76199,"Troy city, Illinois",44,4171,328,9,0,0,5028,138,2952,,,,990,3934,1303,332,276,372,168,91,44,43,103,332,369,316,420,308,372,317,121,101,59,126,170,61,36,50,584,269,405,180,20,114,18,"Troy city, Illinois",161,480,351,451,283,396,494,431,157,160,63,87,172,144,134,137
"Troy Grove village, Illinois",210,195,0,15,0,0,0,16,29,12,0,0,4,73333,20,658,210,0,91,0,8,9,2,1,11,7,16,10,27,103,6,80,18,62,3,11,6,15,11,0,17,0,0,4,26,17,76225,"Troy Grove village, Illinois",3,91,2,0,0,0,113,6,45,,,,16,80,37,0,1,16,11,1,0,1,7,10,5,9,3,2,4,13,2,9,4,3,1,0,1,0,17,5,4,6,2,0,0,"Troy Grove village, Illinois",0,11,11,0,5,15,12,4,1,4,0,2,4,1,3,0
"Tuscola city, Illinois",4599,4215,10,187,0,95,17,519,467,602,213,38,0,65827,508,776,4308,71,2196,83,98,244,214,147,226,268,422,121,373,2388,317,2007,702,1305,396,544,245,146,134,135,476,69,46,115,88,17,76407,"Tuscola city, Illinois",18,2128,91,0,0,0,2657,76,1026,,,,286,2007,600,187,116,169,93,56,12,11,124,230,125,185,190,164,157,172,67,110,8,8,53,75,35,69,121,147,82,105,75,31,77,"Tuscola city, Illinois",23,126,198,127,102,176,155,176,43,54,10,34,114,59,75,73
"Twin Grove CDP, Illinois",1243,1196,26,0,0,16,0,116,27,326,97,14,16,109191,82,-666666666,1213,24,502,0,0,70,135,29,141,42,13,22,50,644,74,502,34,468,0,0,29,183,155,48,58,8,0,4,5,17,76511,"Twin Grove CDP, Illinois",2,433,43,0,0,0,648,30,373,,,,84,502,113,43,56,36,19,8,0,30,18,34,21,45,17,24,50,55,5,57,63,24,24,15,0,0,51,16,15,12,0,0,33,"Twin Grove CDP, Illinois",44,34,60,24,23,23,30,49,21,30,33,49,40,3,9,0
"Ullin village, Illinois",579,460,115,3,0,0,0,97,47,54,3,0,0,60208,105,492,578,0,284,0,48,10,24,29,35,30,37,17,54,308,58,177,66,111,0,10,11,1,15,20,156,0,4,34,0,17,76615,"Ullin village, Illinois",0,223,25,0,0,0,269,12,169,,,,52,177,51,7,6,38,30,13,8,2,0,8,13,26,25,14,47,23,5,12,6,17,2,2,6,3,15,16,42,6,0,0,0,"Ullin village, Illinois",2,7,6,38,14,38,17,12,2,11,6,18,2,7,7,0
"Union village, Illinois",680,623,0,44,0,13,0,94,39,57,25,0,0,95655,77,900,651,0,326,6,0,34,26,1,63,21,62,5,108,369,36,269,56,213,34,30,28,45,39,25,62,2,18,33,55,17,76706,"Union village, Illinois",6,358,17,0,0,0,412,12,115,,,,25,269,75,5,17,36,45,2,0,0,6,51,33,60,6,33,3,18,4,30,7,0,2,6,2,3,9,35,26,6,5,8,6,"Union village, Illinois",0,44,31,11,21,25,12,8,10,5,4,18,14,10,0,3
"Union Hill village, Illinois",69,61,0,4,0,0,0,0,5,0,6,0,0,64688,2,-666666666,69,0,26,0,0,0,2,0,3,0,2,0,19,42,4,23,6,17,9,2,0,5,2,4,7,0,3,2,4,17,76771,"Union Hill village, Illinois",0,31,0,0,0,0,38,0,4,,,,2,23,15,0,9,6,2,2,2,2,2,4,0,4,3,4,0,1,0,0,1,0,0,0,0,0,6,0,0,4,0,0,0,"Union Hill village, Illinois",3,4,0,6,1,0,0,2,0,1,0,0,0,0,0,0
"Ferris village, Illinois",164,162,0,1,0,0,0,22,6,10,0,0,0,43750,29,-666666666,164,0,66,1,0,0,3,4,13,9,14,2,20,97,6,57,6,51,0,12,12,2,8,0,5,0,0,12,1,17,25895,"Ferris village, Illinois",4,56,0,0,0,0,70,9,64,,,,27,57,12,4,18,0,0,0,0,0,1,1,11,3,10,0,6,6,4,6,2,0,2,10,13,0,8,0,0,0,0,0,1,"Ferris village, Illinois",0,0,9,0,0,0,6,4,11,0,3,3,0,4,5,13
"Fidelity village, Illinois",172,151,0,0,0,21,0,23,10,11,0,0,0,28125,16,885,151,0,96,0,2,12,22,1,20,9,6,0,24,72,0,55,25,30,0,5,2,4,0,0,19,0,0,0,0,17,25960,"Fidelity village, Illinois",1,30,1,0,0,0,36,5,104,,,,19,55,16,0,13,6,0,1,0,0,2,5,0,1,5,0,0,5,9,0,0,20,5,0,0,0,12,1,0,0,0,0,0,"Fidelity village, Illinois",9,11,0,0,1,2,20,16,4,8,11,3,0,2,0,0
"Fieldon village, Illinois",153,153,0,0,0,0,0,15,3,1,2,0,0,38750,3,-666666666,153,0,119,0,0,8,7,21,7,10,6,9,51,83,11,76,3,73,1,1,7,20,7,2,1,3,1,12,3,17,26012,"Fieldon village, Illinois",2,58,1,0,0,0,65,4,66,,,,26,76,14,0,0,11,4,1,1,2,0,2,8,3,5,2,9,0,0,13,3,3,14,0,2,0,1,5,2,2,1,0,0,"Fieldon village, Illinois",3,3,0,3,2,2,5,6,5,4,0,12,9,0,0,5
"Fillmore village, Illinois",296,286,0,0,0,3,0,20,18,13,4,0,0,48125,29,695,288,5,156,0,1,3,16,14,17,21,10,23,51,141,34,141,25,116,13,1,1,4,21,19,29,6,0,4,32,17,26077,"Fillmore village, Illinois",12,128,14,0,0,0,149,4,109,,,,25,141,27,6,3,11,0,4,0,0,12,4,8,3,3,17,17,22,6,6,1,5,4,5,4,2,4,9,3,8,3,0,0,"Fillmore village, Illinois",2,7,23,3,4,13,19,8,4,6,3,5,6,4,15,4
"Findlay village, Illinois",703,683,0,7,0,12,0,125,38,57,7,1,0,49432,129,703,689,4,377,0,0,12,43,29,74,31,55,19,114,347,37,325,66,259,12,37,14,65,34,9,42,6,10,37,2,17,26116,"Findlay village, Illinois",0,245,21,0,0,0,308,28,283,,,,70,325,75,27,14,20,18,0,1,11,4,10,27,22,7,18,19,23,6,18,15,29,19,26,10,3,14,13,10,22,18,12,0,"Findlay village, Illinois",0,8,20,23,17,27,29,27,10,5,7,15,32,30,14,3
"Fisher village, Illinois",1917,1841,3,23,0,7,0,148,230,203,52,0,6,71136,69,716,1877,9,764,19,49,117,67,83,82,60,102,44,141,969,115,702,138,564,69,56,57,126,200,85,242,25,82,34,20,17,26194,"Fisher village, Illinois",4,919,66,0,0,0,1061,3,370,,,,87,702,284,46,87,53,42,15,0,0,37,197,53,76,37,55,60,73,22,26,5,29,38,6,12,0,133,79,72,14,14,11,3,"Fisher village, Illinois",45,32,106,52,66,46,36,58,13,28,6,33,21,16,47,17
"Fithian village, Illinois",536,509,10,13,2,0,0,43,47,45,29,0,2,60313,47,900,531,0,243,14,0,17,12,6,22,11,52,12,97,281,20,235,37,198,0,18,20,18,23,28,48,23,15,19,5,17,26233,"Fithian village, Illinois",0,189,14,0,0,0,236,13,235,,,,58,235,57,4,4,23,40,14,1,0,7,6,6,9,10,16,4,32,20,10,35,4,13,17,6,0,1,4,4,18,3,0,0,"Fithian village, Illinois",0,8,8,4,13,18,18,69,15,32,2,10,16,10,2,0
"Flanagan village, Illinois",949,903,3,23,0,6,0,88,44,98,22,5,0,62841,46,736,938,3,481,12,0,20,29,23,63,63,79,26,166,401,46,381,80,301,72,38,26,49,32,17,22,29,19,10,0,17,26311,"Flanagan village, Illinois",14,288,27,0,0,0,474,43,318,,,,88,381,92,12,18,40,3,10,15,8,21,11,23,18,20,24,22,20,9,33,2,13,45,17,9,34,14,30,36,18,16,4,0,"Flanagan village, Illinois",8,17,26,25,21,22,26,18,19,9,8,41,24,32,11,97
"Flat Rock village, Illinois",464,459,0,0,0,0,0,61,68,28,5,0,0,41071,73,705,464,0,229,0,0,11,26,7,24,13,13,18,117,204,30,204,24,180,11,4,15,69,32,3,25,0,16,3,20,17,26350,"Flat Rock village, Illinois",2,183,9,0,0,0,226,21,145,,,,23,204,69,11,2,12,0,5,0,0,31,12,33,6,8,11,19,14,3,3,4,5,8,12,2,3,18,32,9,11,0,4,0,"Flat Rock village, Illinois",24,16,20,3,20,4,18,20,4,17,0,4,10,15,4,7
"Flora city, Illinois",4686,4348,17,3,15,36,0,356,296,236,112,144,61,49722,775,627,4618,53,2294,0,74,244,294,117,191,187,435,366,386,2065,251,1984,738,1246,414,705,412,150,46,0,86,33,49,104,25,17,26454,"Flora city, Illinois",81,1920,50,42,0,0,2394,159,1491,,,,321,1984,463,87,114,104,141,70,0,20,158,189,84,71,170,141,110,129,114,99,63,19,141,18,20,28,66,114,244,97,74,50,9,"Flora city, Illinois",85,65,100,155,230,124,216,169,130,63,40,87,124,67,150,137
"Floraville CDP, Illinois",30,30,0,0,0,0,0,0,0,16,0,0,0,-666666666,0,-666666666,30,0,14,0,0,0,0,0,0,0,0,14,0,14,0,14,0,14,0,0,0,0,0,0,0,0,0,0,0,17,26467,"Floraville CDP, Illinois",0,0,0,0,0,0,0,0,30,,,,0,14,0,0,0,0,0,0,0,0,0,0,0,0,0,0,0,0,0,0,0,0,0,14,0,0,0,0,0,0,0,0,0,"Floraville CDP, Illinois",0,0,0,0,0,0,0,0,0,0,0,0,16,0,0,0
"Florence village, Illinois",51,51,0,0,0,0,0,7,0,5,0,0,0,35208,17,-666666666,51,0,33,0,0,2,12,6,6,1,0,0,6,14,6,25,7,18,0,11,2,2,2,0,1,0,0,0,0,17,26480,"Florence village, Illinois",0,18,0,0,0,0,33,10,9,,,,2,25,6,0,0,0,0,0,0,0,0,0,1,0,0,0,6,5,0,0,1,0,1,0,0,0,9,0,0,0,0,0,0,"Florence village, Illinois",0,0,11,0,0,0,5,6,0,3,0,1,0,2,0,0
"Flossmoor village, Illinois",9318,2852,5927,203,0,161,32,1194,116,1802,1464,496,351,107271,928,2187,8717,16,3525,0,0,289,326,369,558,739,781,170,293,4507,696,3391,352,3039,11,162,385,252,189,229,283,52,229,767,614,17,26571,"Flossmoor village, Illinois",208,2380,89,60,112,671,4691,666,2652,,,,244,3391,1207,478,254,230,239,184,0,117,32,67,227,193,317,421,275,428,117,204,47,145,277,64,93,98,294,299,311,122,28,333,0,"Flossmoor village, Illinois",48,99,184,284,309,458,341,209,351,134,233,223,260,78,105,108
"Foosland village, Illinois",53,53,0,0,0,0,0,6,4,2,0,0,0,50833,5,-666666666,53,0,30,0,0,1,2,0,2,1,3,1,20,25,4,24,2,22,1,0,3,4,2,3,9,0,0,0,1,17,26662,"Foosland village, Illinois",0,19,3,0,0,0,23,0,19,,,,3,24,3,0,2,0,0,0,0,0,0,3,1,1,0,0,4,2,1,2,2,1,0,0,4,2,6,0,3,0,0,0,0,"Foosland village, Illinois",0,2,1,1,0,0,2,3,0,2,1,0,3,0,4,0
"Ford Heights village, Illinois",2705,36,2465,61,0,0,0,348,89,65,44,8,0,37083,1019,849,2699,6,1139,0,0,82,64,50,121,501,251,10,60,1265,206,885,473,412,32,77,138,157,47,51,32,21,0,128,18,17,26710,"Ford Heights village, Illinois",18,437,151,91,0,0,1076,243,1031,,,,127,885,256,118,131,54,50,27,0,23,21,117,28,43,127,97,109,113,12,39,25,39,10,42,25,15,49,145,52,66,19,0,27,"Ford Heights village, Illinois",42,254,65,36,42,79,61,56,102,92,14,17,84,62,51,25
"Forest City village, Illinois",314,295,0,3,0,0,0,32,17,5,16,0,0,47083,58,829,314,0,120,0,0,4,5,2,36,14,11,6,42,158,18,116,29,87,5,3,8,5,24,4,7,11,0,15,16,17,26753,"Forest City village, Illinois",0,87,6,0,0,0,113,6,89,,,,32,116,46,22,23,4,12,1,0,1,0,2,23,10,5,4,14,3,6,3,6,5,10,2,2,0,14,23,17,2,4,0,0,"Forest City village, Illinois",2,6,19,20,0,8,10,6,1,3,1,2,8,4,0,6
"Forest Lake CDP, Illinois",1292,957,0,305,0,30,0,139,59,224,96,17,0,87232,39,-666666666,1044,0,644,14,0,62,345,56,43,16,49,31,28,621,81,529,21,508,29,85,106,112,59,0,76,55,21,269,14,17,26896,"Forest Lake CDP, Illinois",0,826,0,0,0,0,914,57,122,,,,53,529,113,84,21,34,22,52,0,0,0,0,77,12,29,64,17,73,90,46,0,0,0,0,0,0,14,41,40,0,0,0,0,"Forest Lake CDP, Illinois",36,0,47,34,49,0,49,190,27,42,0,19,65,18,0,0
"Forest Park village, Illinois",13808,7199,3763,1474,11,781,0,1399,996,3057,1849,463,211,70670,1239,1130,12450,81,7225,22,12,448,165,445,1237,935,788,356,2817,6276,546,6695,3396,3299,108,333,700,479,706,497,1418,632,461,1079,826,17,26935,"Forest Park village, Illinois",100,4512,687,178,1079,295,8760,427,3286,,,,848,6695,1256,244,194,350,162,27,79,107,235,532,574,897,519,350,206,546,207,236,131,250,179,142,141,50,504,259,159,152,56,48,86,"Forest Park village, Illinois",349,702,773,504,490,474,545,598,229,233,327,384,255,141,85,97
"Forest View village, Illinois",1312,572,0,722,0,8,0,136,82,114,29,14,2,97321,23,1636,1189,3,375,0,0,6,24,3,21,36,255,18,12,673,49,361,22,339,39,9,76,91,96,26,77,5,13,57,40,17,26987,"Forest View village, Illinois",16,402,76,0,16,20,617,19,287,,,,43,361,121,72,121,31,9,6,0,13,33,26,38,28,60,21,28,40,17,37,12,21,28,11,21,0,88,22,61,13,0,0,3,"Forest View village, Illinois",7,18,78,43,21,26,21,53,48,33,11,38,13,28,0,14
"Forrest village, Illinois",995,915,8,39,0,0,0,106,113,67,16,2,0,61058,99,595,970,0,492,3,2,27,16,35,77,51,117,39,125,468,65,456,148,308,51,100,109,15,40,24,96,14,10,31,12,17,27026,"Forrest village, Illinois",22,482,29,0,0,0,581,35,222,,,,49,456,148,21,44,43,11,3,0,0,11,46,20,37,44,22,43,36,9,16,10,12,20,0,9,11,45,11,23,4,25,9,17,"Forrest village, Illinois",16,46,33,26,17,38,54,34,22,25,17,21,15,7,5,17
"Forreston village, Illinois",1392,1229,23,96,0,2,0,159,91,88,19,9,9,57668,113,760,1361,13,616,0,0,11,46,41,103,97,100,24,194,759,72,565,140,425,49,43,8,61,114,55,72,19,8,101,14,17,27065,"Forreston village, Illinois",22,440,96,0,0,0,625,17,457,,,,124,565,159,50,68,49,56,32,0,10,12,64,42,53,42,57,15,34,39,27,17,12,26,24,20,10,19,57,42,51,3,4,0,"Forreston village, Illinois",17,28,33,46,32,43,25,55,6,28,5,4,74,20,22,19
"Forsyth village, Illinois",3474,3070,14,52,0,181,0,311,142,786,372,77,16,95865,315,1610,3290,0,1345,15,78,316,320,112,202,165,57,53,27,1747,210,1291,110,1181,30,110,264,515,240,51,40,0,26,40,13,17,27091,"Forsyth village, Illinois",8,1239,98,0,0,0,1511,76,1035,,,,183,1291,455,198,196,99,68,35,9,22,63,35,56,154,126,128,82,112,53,35,27,46,65,49,50,39,116,178,23,163,8,17,11,"Forsyth village, Illinois",9,13,129,76,237,66,77,119,65,74,16,37,74,51,74,94
"Fowler CDP, Illinois",86,86,0,0,0,0,0,0,10,0,0,0,0,-666666666,23,-666666666,86,0,44,0,0,0,0,0,16,0,21,0,7,66,11,44,0,44,0,0,0,12,0,0,0,0,0,10,0,17,27377,"Fowler CDP, Illinois",0,22,0,0,0,0,22,0,52,,,,10,44,11,0,0,12,0,0,0,0,0,10,0,0,0,0,11,0,0,7,0,0,0,16,0,10,0,0,0,0,0,0,0,"Fowler CDP, Illinois",0,0,0,12,0,0,0,0,0,0,0,0,0,0,0,8
"Fox Lake village, Illinois",10739,9335,84,797,0,135,19,1212,729,1486,300,55,104,62615,1051,1079,10036,63,5496,0,103,873,753,485,1368,323,794,419,378,4904,755,4911,1598,3313,30,60,410,713,568,273,492,277,380,1032,830,17,27442,"Fox Lake village, Illinois",234,4652,433,0,0,201,6001,256,3193,,,,658,4911,996,231,177,269,67,127,80,42,262,436,199,344,245,303,452,403,108,201,258,240,243,136,48,52,507,132,220,103,180,12,108,"Fox Lake village, Illinois",86,402,258,455,351,317,553,646,120,184,82,210,370,162,140,218
"Fox Lake Hills CDP, Illinois",2125,1863,30,208,0,10,0,245,145,261,116,15,0,82548,212,1425,1902,6,980,0,22,118,126,92,234,83,239,0,66,1055,133,891,109,782,0,15,156,99,69,76,68,25,82,240,89,17,27455,"Fox Lake Hills CDP, Illinois",72,950,32,0,0,9,1136,39,645,,,,205,891,209,108,54,77,7,0,12,0,0,49,46,58,93,91,42,114,57,63,16,64,14,67,13,10,29,29,10,79,21,17,0,"Fox Lake Hills CDP, Illinois",58,59,42,62,54,167,73,38,26,54,34,49,89,34,22,24
"Fox River Grove village, Illinois",4639,3768,0,680,0,165,0,660,360,1002,477,21,20,116442,68,1551,4086,33,1742,0,0,246,493,225,80,150,142,69,337,2392,515,1603,297,1306,13,123,231,167,392,38,171,67,157,346,403,17,27533,"Fox River Grove village, Illinois",49,1662,298,0,0,129,2918,165,787,,,,63,1603,693,72,231,193,122,101,16,30,82,274,123,107,143,211,304,184,37,54,0,58,24,13,13,0,109,81,160,88,57,0,20,"Fox River Grove village, Illinois",29,206,154,94,335,143,294,190,18,97,25,38,69,15,13,12
"Frankfort village, Illinois",19166,15713,1376,1101,0,584,0,1339,986,4041,1977,539,366,140731,489,1462,17843,109,6286,274,309,2256,990,698,950,414,181,17,197,9359,1567,6072,313,5759,119,819,636,777,632,374,1546,254,575,1084,1285,17,27624,"Frankfort village, Illinois",381,7513,394,6,16,453,9852,351,4512,,,,619,6072,2706,467,994,809,560,276,12,61,299,172,342,486,523,808,779,679,326,329,186,363,530,246,79,83,352,922,997,598,123,186,16,"Frankfort village, Illinois",300,290,306,420,662,845,867,656,201,388,271,360,532,223,147,95
"Frankfort Square CDP, Illinois",8831,7254,412,451,0,75,0,903,560,1425,533,13,75,113170,206,1319,8481,33,3177,0,0,371,691,721,1221,69,80,0,24,4270,779,3056,293,2763,90,481,590,691,417,208,663,144,211,499,592,17,27644,"Frankfort Square CDP, Illinois",199,4475,168,0,0,106,5630,420,1286,,,,471,3056,1373,182,266,450,231,89,46,34,182,115,240,228,376,435,344,309,117,146,70,193,133,64,20,0,126,236,422,348,76,41,45,"Frankfort Square CDP, Illinois",198,227,266,211,384,424,465,318,168,151,41,246,77,28,14,49
"Franklin village, Illinois",624,619,0,0,0,4,0,63,28,59,15,4,13,67500,28,779,610,0,297,2,2,31,46,18,37,15,38,25,83,357,38,238,37,201,25,17,18,14,44,21,53,10,28,21,15,17,27663,"Franklin village, Illinois",11,259,8,0,0,0,315,12,144,,,,50,238,84,22,56,27,10,4,0,1,15,14,30,39,17,18,20,8,7,25,3,8,10,10,4,9,16,19,20,6,8,0,0,"Franklin village, Illinois",12,16,15,29,8,17,12,19,18,9,2,10,13,0,10,8
"Franklin Grove village, Illinois",948,901,2,40,0,0,0,96,60,83,12,1,0,46080,73,632,943,3,423,2,1,2,45,37,39,27,34,44,192,427,55,403,155,248,21,60,57,48,68,40,72,11,11,15,8,17,27689,"Franklin Grove village, Illinois",19,367,24,0,0,0,449,9,341,,,,78,403,83,14,19,14,21,6,3,5,49,30,18,18,13,31,24,14,2,24,18,27,31,20,15,42,26,36,38,14,3,5,9,"Franklin Grove village, Illinois",35,23,12,25,24,18,17,16,11,20,18,25,24,20,15,56
"Franklin Park village, Illinois",17779,7845,33,9054,32,625,0,1764,875,1624,465,54,34,67755,2220,942,11578,20,6352,38,9,154,184,193,614,1137,2328,1030,665,8683,1003,5747,1598,4149,104,748,894,945,1003,724,1849,450,419,1222,380,17,27702,"Franklin Park village, Illinois",167,7338,672,124,153,227,10014,611,4180,,,,388,5747,1993,723,394,749,258,205,113,98,309,867,938,405,525,461,542,463,328,385,228,172,159,146,157,58,302,709,499,284,441,110,70,"Franklin Park village, Illinois",361,613,470,669,718,751,597,660,237,381,122,271,374,182,74,201
"Franklinville CDP, Illinois",0,0,0,0,0,0,0,0,0,0,0,0,0,-666666666,0,-666666666,0,0,0,0,0,0,0,0,0,0,0,0,0,0,0,0,0,0,0,0,0,0,0,0,0,0,0,0,0,17,27728,"Franklinville CDP, Illinois",0,0,0,0,0,0,0,0,0,,,,0,0,0,0,0,0,0,0,0,0,0,0,0,0,0,0,0,0,0,0,0,0,0,0,0,0,0,0,0,0,0,0,0,"Franklinville CDP, Illinois",0,0,0,0,0,0,0,0,0,0,0,0,0,0,0,0
"Freeburg village, Illinois",3911,3756,5,46,3,0,0,481,309,593,314,27,13,64702,400,945,3860,36,1548,41,16,322,408,112,200,59,35,51,304,1801,192,1499,367,1132,132,216,38,299,252,229,256,38,85,204,109,17,27806,"Freeburg village, Illinois",0,1599,168,22,0,0,2056,48,1063,,,,308,1499,460,50,138,175,104,23,34,22,72,143,68,95,113,128,68,211,21,110,34,83,31,58,36,45,113,198,58,46,21,0,8,"Freeburg village, Illinois",25,147,117,172,58,161,149,146,129,157,12,57,78,59,48,90
"Freeman Spur village, Illinois",269,264,5,0,0,0,0,35,13,1,0,0,0,37750,120,715,269,0,105,0,6,4,9,25,20,3,9,5,24,146,10,88,9,79,0,6,12,6,3,5,14,10,1,7,0,17,27858,"Freeman Spur village, Illinois",0,53,9,0,0,0,94,23,120,,,,29,88,23,12,6,5,12,8,0,0,5,10,3,6,2,8,2,7,3,10,11,12,9,2,13,0,4,7,12,10,3,1,2,"Freeman Spur village, Illinois",9,10,0,9,7,1,9,5,1,12,2,2,1,12,4,0
"Freeport city, Illinois",23930,16631,4057,1473,52,291,0,2843,1499,2029,761,142,164,39787,4903,669,23252,24,12158,119,48,326,1013,1110,1199,1405,1791,736,4411,10537,1208,11015,4618,6397,564,3096,2053,802,659,347,350,195,255,505,285,17,27884,"Freeport city, Illinois",286,7396,1256,134,0,0,10963,1034,7974,,,,1572,11015,3028,719,842,615,462,260,116,125,598,660,751,286,743,565,677,761,333,494,258,389,485,341,264,295,821,772,896,266,194,183,167,"Freeport city, Illinois",502,624,803,730,575,622,909,611,392,594,462,524,701,471,462,610
"Fulton city, Illinois",3255,3151,36,31,0,5,0,352,266,364,147,21,3,49375,281,695,3186,14,1707,9,13,109,128,53,277,268,281,121,448,1567,178,1588,436,1152,121,160,320,198,170,41,66,0,12,127,5,17,28144,"Fulton city, Illinois",0,1109,94,0,0,0,1349,33,1285,,,,174,1588,316,77,161,131,42,42,0,0,35,121,114,83,65,122,56,127,79,34,20,75,73,71,20,40,70,112,54,8,43,0,0,"Fulton city, Illinois",0,130,67,114,82,105,87,78,76,141,54,122,139,86,53,46
"Fults village, Illinois",21,21,0,0,0,0,0,7,2,0,0,0,0,76875,2,-666666666,21,0,7,0,0,0,2,1,0,0,0,0,4,12,0,7,0,7,0,0,2,0,3,0,0,0,0,4,2,17,28170,"Fults village, Illinois",0,11,0,0,0,0,11,0,5,,,,3,7,3,2,0,2,0,0,0,0,2,0,0,1,0,0,0,2,2,1,0,0,0,0,0,0,1,0,0,0,0,0,0,"Fults village, Illinois",0,0,2,0,0,0,0,3,0,0,2,0,0,1,0,0
"Gages Lake CDP, Illinois",9939,7287,683,958,0,506,0,1010,538,1852,852,52,62,93837,598,1476,8630,71,3901,54,6,572,798,749,463,460,543,59,197,5205,743,3630,645,2985,80,308,446,622,866,393,648,148,236,509,150,17,28248,"Gages Lake CDP, Illinois",192,3926,367,62,0,84,5877,522,2178,,,,429,3630,1224,283,296,346,302,185,10,63,181,407,255,338,266,300,443,432,197,224,106,144,231,105,62,55,296,232,302,244,149,9,27,"Gages Lake CDP, Illinois",163,328,342,217,247,369,300,507,264,184,73,133,162,98,29,33
"Galatia village, Illinois",1095,982,8,19,0,0,23,146,131,85,24,0,0,48828,151,521,1089,0,478,10,0,4,53,82,121,81,46,13,68,469,61,411,113,298,50,15,18,28,100,15,31,4,13,8,27,17,28261,"Galatia village, Illinois",55,315,20,0,0,0,506,31,331,,,,55,411,179,30,21,38,41,0,0,3,24,33,4,63,18,42,19,28,15,12,0,20,34,12,12,0,19,47,66,4,40,0,12,"Galatia village, Illinois",17,4,28,116,59,25,16,25,20,7,32,17,13,18,13,28
"Galena city, Illinois",3168,2787,21,347,0,13,0,321,114,504,229,30,17,57558,246,717,2934,16,1987,47,0,192,129,151,103,146,119,33,1067,1375,148,1656,678,978,158,486,272,119,61,69,269,0,86,29,0,17,28300,"Galena city, Illinois",5,1117,148,48,0,0,1672,8,1073,,,,165,1656,298,12,120,87,97,0,0,0,47,0,15,126,150,77,71,63,1,159,37,81,150,84,12,27,23,63,83,69,0,13,9,"Galena city, Illinois",150,30,42,192,72,40,17,138,160,67,80,49,126,52,84,193
"Galesburg city, Illinois",30405,22802,4071,2352,78,517,0,3007,2148,2366,1235,188,147,37322,5231,622,28708,252,14632,5,247,332,893,597,1890,1294,2790,718,5866,13574,1458,12495,5277,7218,908,3469,3067,1631,792,257,301,54,74,516,283,17,28326,"Galesburg city, Illinois",82,9489,1011,85,0,0,12679,680,13016,,,,2042,12495,2486,858,646,800,494,551,402,461,658,1033,1041,1023,945,953,954,925,587,646,416,562,682,593,336,186,686,725,728,392,612,367,314,"Galesburg city, Illinois",532,777,768,936,562,601,972,962,499,528,443,574,830,709,406,730
"Galt CDP, Illinois",204,196,0,8,0,0,0,79,23,26,22,0,0,58207,10,-666666666,204,0,111,0,8,0,0,0,32,8,10,22,31,130,23,111,0,111,0,9,26,45,0,0,0,0,0,0,0,17,28404,"Galt CDP, Illinois",0,80,0,0,0,0,80,0,103,,,,39,111,23,0,0,21,0,0,0,0,0,0,22,0,0,0,23,9,10,0,0,8,23,6,0,8,0,0,0,0,0,0,0,"Galt CDP, Illinois",0,0,0,0,0,0,0,8,0,0,9,33,9,8,7,0
"Galva city, Illinois",2539,2405,14,51,0,25,0,233,212,303,110,5,16,44191,496,637,2458,7,1259,0,8,29,16,65,200,134,118,46,643,1259,109,1148,302,846,172,188,69,109,166,33,80,40,32,59,111,17,28430,"Galva city, Illinois",27,877,135,0,0,0,1221,28,796,,,,230,1148,273,59,51,102,70,0,32,33,24,39,96,86,59,59,50,97,26,110,25,77,88,39,19,18,112,77,97,21,10,7,0,"Galva city, Illinois",17,60,95,45,64,82,74,75,74,77,38,50,116,30,32,27
"Garden Prairie CDP, Illinois",265,265,0,0,0,0,0,76,12,0,0,0,0,32039,77,-666666666,265,0,118,0,0,0,0,0,38,16,50,0,14,153,0,118,12,106,0,0,0,0,14,76,0,0,0,0,0,17,28612,"Garden Prairie CDP, Illinois",0,90,0,0,0,0,90,0,139,,,,27,118,38,0,0,0,36,38,0,0,0,0,0,0,14,0,0,0,0,15,0,50,0,0,0,0,0,0,0,0,0,0,0,"Garden Prairie CDP, Illinois",0,0,0,0,0,84,0,0,0,0,28,0,0,0,0,0
"Gardner village, Illinois",1429,1229,0,155,2,43,0,161,73,126,22,0,7,67441,88,815,1380,0,654,4,0,97,49,41,93,80,50,42,198,751,130,569,105,464,22,43,54,72,51,53,222,50,47,41,33,17,28638,"Gardner village, Illinois",19,642,51,0,0,0,890,176,380,,,,144,569,137,16,6,25,42,75,16,27,20,31,36,51,47,63,67,72,16,36,16,16,22,15,33,3,24,55,22,26,32,3,0,"Gardner village, Illinois",9,40,58,6,127,41,48,52,6,20,22,19,22,18,23,5
"Garrett village, Illinois",118,109,0,5,1,0,0,15,0,1,0,0,0,46667,15,513,117,0,65,0,0,8,1,2,2,6,14,5,27,51,7,48,6,42,0,8,7,11,6,5,7,0,0,6,0,17,28742,"Garrett village, Illinois",0,41,9,0,0,0,55,3,28,,,,12,48,9,7,1,4,1,1,0,1,0,1,5,0,4,5,2,6,4,4,0,2,2,0,0,1,7,16,0,0,2,0,0,"Garrett village, Illinois",0,3,2,0,10,7,1,6,3,4,0,0,4,1,0,1
"Gays village, Illinois",209,194,0,0,10,0,0,26,23,18,8,0,0,62500,24,650,207,0,90,0,0,3,4,6,8,7,15,8,39,100,22,90,16,74,0,4,17,29,15,11,7,1,9,0,0,17,28807,"Gays village, Illinois",6,87,9,0,0,0,108,2,63,,,,16,90,30,9,2,1,6,2,2,0,6,5,2,4,4,9,13,10,2,8,4,2,1,5,0,3,4,6,11,3,3,0,0,"Gays village, Illinois",8,5,10,2,10,1,3,9,0,7,6,4,3,11,2,1
"Geneseo city, Illinois",6566,6366,0,81,0,76,0,809,500,996,356,88,0,56211,357,795,6461,92,3264,8,37,251,497,281,442,236,398,267,847,2990,502,2903,779,2124,436,928,202,88,92,276,601,201,22,34,9,17,28846,"Geneseo city, Illinois",13,2653,127,0,0,0,3016,59,2264,,,,456,2903,907,56,277,159,179,52,23,0,95,299,96,68,219,365,137,165,96,93,48,74,195,138,114,72,87,191,378,177,42,0,0,"Geneseo city, Illinois",71,167,186,177,190,218,225,118,61,107,75,105,152,184,171,464
"Geneva city, Illinois",21843,19043,277,1517,0,572,0,1208,992,5377,2650,467,459,116083,800,1590,20341,263,8210,184,63,1336,2073,1450,990,457,588,242,827,10078,1430,7925,1293,6632,329,1464,1175,1025,804,414,1068,255,480,943,981,17,28872,"Geneva city, Illinois",543,7694,703,0,0,717,11513,331,5519,,,,903,7925,2901,484,894,725,499,322,164,60,166,429,508,707,702,730,700,904,267,425,286,308,347,206,119,180,556,941,799,507,174,82,120,"Geneva city, Illinois",619,319,804,937,642,764,615,1095,457,298,248,312,513,418,172,319
"Genoa city, Illinois",5092,4298,61,565,0,15,0,633,441,392,98,0,64,72795,448,931,4781,17,1919,17,0,431,300,93,134,252,242,58,392,2637,345,1919,750,1169,237,319,142,89,298,251,182,272,156,123,504,17,28898,"Genoa city, Illinois",54,2374,199,0,0,0,2871,118,1293,,,,430,1919,687,94,204,155,35,159,0,51,102,250,163,192,287,177,168,204,86,34,102,39,61,60,14,0,291,54,72,55,200,32,36,"Genoa city, Illinois",26,165,171,92,175,204,215,185,13,0,131,16,155,58,80,29
"Georgetown CDP, Illinois",468,405,0,0,0,45,0,46,89,33,69,0,26,60060,102,1150,434,12,232,0,0,0,20,11,167,16,12,6,0,138,20,211,46,165,10,92,66,34,8,0,0,8,0,0,10,17,28950,"Georgetown CDP, Illinois",0,205,13,0,0,0,268,15,68,,,,11,211,59,0,0,0,0,0,8,0,11,6,21,10,27,20,0,10,0,20,0,0,0,5,0,0,39,52,38,3,10,0,0,"Georgetown CDP, Illinois",0,21,23,21,20,40,5,0,6,0,11,0,0,21,8,12
"Georgetown city, Illinois",3224,2934,218,26,0,0,0,218,114,313,54,12,14,49708,384,644,3212,8,1704,0,7,0,118,83,305,160,243,126,662,1658,157,1459,369,1090,47,77,39,166,111,320,249,22,10,200,27,17,28963,"Georgetown city, Illinois",63,1210,66,0,0,0,1574,94,1255,,,,222,1459,337,76,30,120,45,9,92,52,50,44,117,159,179,102,55,92,29,152,40,17,40,51,16,91,35,45,42,65,17,15,32,"Georgetown city, Illinois",72,15,35,48,180,115,82,133,67,83,56,33,229,43,38,86
"Germantown village, Illinois",1279,1237,1,23,6,0,0,108,72,161,50,5,0,61364,93,742,1265,9,572,0,20,48,50,68,109,51,37,41,148,637,55,544,84,460,45,64,82,84,33,28,36,11,6,114,91,17,29041,"Germantown village, Illinois",4,539,58,1,0,0,659,11,418,,,,64,544,147,21,40,58,33,16,9,0,40,73,34,17,32,18,37,49,18,48,12,13,13,29,11,16,24,7,52,66,7,2,3,"Germantown village, Illinois",31,40,27,30,37,43,32,38,23,39,17,19,35,34,19,17
"Germantown Hills village, Illinois",3421,3342,0,28,0,43,0,184,332,828,389,0,36,120057,37,1065,3335,31,1270,65,44,439,277,126,163,0,132,24,0,1870,317,1225,135,1090,37,129,243,358,379,233,167,41,13,22,0,17,29080,"Germantown Hills village, Illinois",20,1461,181,0,0,0,1904,30,843,,,,156,1225,388,105,90,158,170,52,51,0,0,112,66,132,141,135,182,94,39,104,0,47,84,58,38,12,75,17,123,61,79,15,0,"Germantown Hills village, Illinois",19,106,97,90,155,51,166,172,12,90,22,20,112,45,12,12
"German Valley village, Illinois",565,559,0,1,0,3,0,59,38,32,41,5,5,61250,50,628,557,0,227,0,0,2,5,29,88,21,24,7,51,323,23,212,57,155,20,11,24,40,43,7,43,16,15,22,0,17,29093,"German Valley village, Illinois",11,243,1,0,0,0,276,7,112,,,,17,212,76,49,24,19,35,7,0,7,4,29,14,21,26,12,11,12,8,13,1,12,10,4,5,0,17,20,28,4,2,0,0,"German Valley village, Illinois",11,12,15,18,34,9,13,13,6,11,1,14,5,3,6,0
"Gibson City city, Illinois",3340,3193,35,61,13,0,0,351,180,331,177,15,17,44544,362,588,3334,6,1647,55,21,67,94,135,132,193,340,103,507,1528,218,1585,514,1071,295,289,171,107,55,111,108,110,91,179,42,17,29125,"Gibson City city, Illinois",19,1303,198,0,0,0,1714,80,955,,,,233,1585,482,124,58,90,103,26,6,29,31,125,99,97,107,133,85,82,56,66,10,21,82,51,34,46,80,140,75,92,29,18,0,"Gibson City city, Illinois",76,110,92,53,114,121,112,165,50,58,19,30,103,101,40,101
"University Park village, Illinois",7224,733,5846,414,0,27,0,785,455,962,250,97,21,62258,744,975,6929,45,2849,0,0,218,359,415,1366,205,176,44,66,2885,147,2508,1033,1475,141,134,368,189,305,199,397,233,115,392,357,17,76935,"University Park village, Illinois",179,2165,362,23,118,135,3444,206,1702,,,,170,2508,1234,424,214,384,88,0,14,31,32,367,288,193,160,74,73,201,9,102,22,46,64,47,50,2,587,152,242,219,78,61,7,"University Park village, Illinois",223,376,348,341,150,252,356,207,117,111,28,161,130,75,118,0
"Urbana city, Illinois",42461,22627,7755,3295,86,7308,10,2135,1304,5039,4455,890,2113,35984,10374,833,33909,487,19699,820,917,3269,2125,1871,2923,2661,1483,1067,2563,20613,942,17295,11494,5801,647,3315,6185,4551,2242,397,561,89,122,197,367,17,77005,"Urbana city, Illinois",188,10842,1371,2285,7,0,21652,1089,16356,,,,1191,17295,2958,766,558,639,550,2848,1211,1205,3152,2337,1468,935,930,474,495,761,348,398,276,365,572,246,132,323,1015,319,761,376,2833,858,1035,"Urbana city, Illinois",3067,2396,1463,913,661,724,709,883,431,473,377,408,594,295,151,730
"Ursa village, Illinois",541,505,0,0,0,0,0,67,38,75,6,2,0,46719,23,738,541,0,280,0,3,14,27,49,51,20,69,13,34,288,15,245,66,179,24,41,17,59,70,4,13,0,0,23,2,17,77044,"Ursa village, Illinois",5,244,14,0,0,0,271,8,142,,,,57,245,66,26,35,21,2,7,6,0,5,8,17,38,8,7,8,17,2,20,5,13,18,15,10,0,4,14,18,12,18,0,0,"Ursa village, Illinois",0,25,18,28,2,7,19,33,0,9,5,6,19,9,5,2
"Valier village, Illinois",731,641,9,60,0,0,0,119,42,45,10,2,0,36500,97,521,731,0,321,0,0,2,17,15,43,43,19,68,114,332,53,296,27,269,5,0,7,27,24,23,14,19,1,44,35,17,77148,"Valier village, Illinois",9,185,23,0,0,0,246,15,292,,,,64,296,85,10,7,56,13,6,0,2,1,3,9,27,19,23,30,15,5,6,4,39,24,19,4,10,42,28,39,11,8,0,8,"Valier village, Illinois",0,34,22,8,34,15,9,55,2,3,31,9,22,9,5,5
"Valley City village, Illinois",29,29,0,0,0,0,0,0,3,0,0,0,0,-666666666,23,-666666666,29,0,21,0,0,6,0,6,3,0,0,0,6,12,0,9,3,6,0,0,0,0,0,0,0,0,0,0,0,17,77187,"Valley City village, Illinois",0,0,0,0,0,0,3,0,12,,,,0,9,3,0,0,0,0,0,0,0,0,0,0,0,6,0,0,0,0,6,0,0,0,0,0,0,5,0,4,5,0,0,0,"Valley City village, Illinois",0,0,3,0,0,0,0,0,0,0,0,0,0,0,0,0
"Valmeyer village, Illinois",1208,1108,7,86,0,0,0,91,58,164,41,5,9,82083,18,997,1203,0,442,0,36,160,193,6,8,9,11,3,16,581,66,430,95,335,32,62,38,95,29,20,56,61,34,175,32,17,77265,"Valmeyer village, Illinois",9,626,14,0,0,0,710,23,261,,,,71,430,155,16,30,79,50,12,0,0,21,40,17,51,58,39,27,48,15,19,19,9,20,4,4,3,15,24,53,40,9,0,0,"Valmeyer village, Illinois",35,25,44,25,54,51,35,63,9,30,22,39,20,18,13,3
"Vandalia city, Illinois",6615,5273,923,357,22,0,13,661,610,353,156,0,25,35862,1020,622,6363,24,2667,0,43,149,160,67,318,200,411,284,1035,2474,296,2253,718,1535,287,635,329,111,140,86,203,105,72,109,85,17,77317,"Vandalia city, Illinois",27,1844,267,18,0,0,2397,93,3222,,,,359,2253,609,208,104,189,98,70,81,99,305,376,367,266,237,371,181,307,90,154,56,48,152,81,47,22,173,169,85,45,29,98,5,"Vandalia city, Illinois",68,184,242,117,126,205,105,212,49,141,52,99,141,187,105,69
"Varna village, Illinois",456,434,0,5,0,0,0,80,29,26,12,0,0,57222,41,736,454,0,211,0,2,0,4,7,30,25,38,25,80,259,26,186,23,163,2,16,37,15,9,12,18,4,7,32,11,17,77395,"Varna village, Illinois",4,163,2,0,0,0,194,20,155,,,,36,186,61,32,27,18,14,4,0,3,0,20,4,15,20,15,11,9,5,21,8,7,7,16,1,2,9,7,8,7,0,3,8,"Varna village, Illinois",8,12,7,15,8,17,12,9,17,3,4,9,9,7,5,13
"Venedy village, Illinois",145,116,0,1,0,5,0,21,23,1,7,0,0,55893,12,475,139,0,57,0,1,3,1,1,11,4,7,5,24,92,9,53,10,43,0,4,7,0,1,18,7,3,2,7,6,17,77408,"Venedy village, Illinois",0,55,0,0,0,0,66,3,45,,,,18,53,19,6,7,9,9,2,0,0,0,7,4,6,5,5,4,2,6,7,3,4,1,4,0,1,0,7,5,3,2,0,0,"Venedy village, Illinois",3,1,3,4,5,0,4,7,3,1,0,2,3,0,0,0
"Venetian Village CDP, Illinois",2561,2026,39,458,0,19,0,329,179,181,41,0,0,82631,47,1138,2396,0,986,0,0,47,51,110,166,75,291,182,64,1286,199,937,133,804,19,0,99,242,144,91,223,76,112,139,189,17,77460,"Venetian Village CDP, Illinois",28,1256,86,0,0,0,1509,93,501,,,,148,937,249,84,65,95,4,37,13,23,48,38,155,61,122,104,95,105,22,66,24,54,13,31,12,15,88,71,90,62,58,0,0,"Venetian Village CDP, Illinois",30,97,135,70,36,49,40,216,26,29,39,61,20,14,22,22
"Venice city, Illinois",2040,42,1881,41,0,0,0,318,117,84,26,0,0,28681,811,742,2026,7,1094,11,109,99,62,89,98,144,137,145,200,884,63,849,475,374,26,87,94,45,227,23,132,0,4,46,39,17,77473,"Venice city, Illinois",0,611,30,42,0,0,933,187,780,,,,175,849,221,66,46,65,16,7,8,8,58,99,23,73,38,50,13,36,38,40,19,48,45,33,14,41,55,33,62,20,16,15,5,"Venice city, Illinois",83,170,17,41,138,25,38,111,45,78,41,33,81,11,8,30
"Vergennes village, Illinois",238,226,0,8,1,0,0,31,26,15,0,0,0,41875,23,775,231,1,108,1,0,13,22,9,15,18,7,8,15,128,10,98,15,83,8,4,3,28,18,8,11,3,3,8,2,17,77525,"Vergennes village, Illinois",2,88,4,0,0,0,106,7,70,,,,20,98,33,25,14,5,3,0,0,2,4,3,10,9,7,2,8,9,0,4,3,4,14,1,1,0,2,7,6,0,4,5,0,"Vergennes village, Illinois",4,12,8,3,7,6,13,5,3,1,1,4,8,3,7,1
"Vermilion village, Illinois",289,257,7,0,0,0,0,16,11,8,0,0,0,60156,33,1000,283,0,105,0,0,14,0,7,2,17,10,3,52,174,43,93,20,73,0,12,24,24,1,10,9,4,6,2,4,17,77551,"Vermilion village, Illinois",2,86,11,0,0,0,129,25,80,,,,8,93,43,17,14,14,26,0,0,0,2,0,13,11,2,7,36,10,0,6,3,8,2,2,0,1,4,9,8,15,5,0,0,"Vermilion village, Illinois",0,6,5,7,3,19,7,6,1,1,3,2,5,8,0,1
"Vermont village, Illinois",738,722,4,10,0,0,0,85,44,20,21,0,5,42083,81,-666666666,738,0,378,0,0,3,11,14,37,23,17,60,213,389,39,332,43,289,27,27,11,8,9,40,54,26,10,23,41,17,77642,"Vermont village, Illinois",10,272,10,0,0,0,347,31,279,,,,94,332,86,18,26,13,27,17,3,3,16,12,4,16,38,13,26,36,15,21,7,14,29,10,19,6,17,22,11,13,2,4,0,"Vermont village, Illinois",3,32,11,6,26,23,29,31,16,24,22,6,13,11,10,17
"Vernon village, Illinois",94,91,0,0,0,3,0,9,5,2,1,0,0,41563,28,532,91,0,81,1,1,6,6,2,21,6,11,5,22,43,12,55,13,42,2,0,0,1,2,4,6,3,0,4,4,17,77681,"Vernon village, Illinois",4,27,3,0,0,0,37,2,47,,,,17,55,8,1,0,1,0,0,0,0,0,2,1,1,3,7,5,6,1,2,1,3,0,2,7,0,1,0,5,3,0,0,0,"Vernon village, Illinois",2,3,0,3,0,2,2,5,1,3,0,6,7,5,2,1
"Vernon Hills village, Illinois",26396,15123,313,3707,31,6339,9,1913,1133,5886,3921,449,561,100725,1701,1672,17444,312,10726,433,215,2682,1946,1740,3191,353,60,7,99,12742,1767,10006,3499,6507,92,937,1374,1809,1571,807,1614,354,740,1058,641,17,77694,"Vernon Hills village, Illinois",453,9591,970,12,75,475,14058,451,6478,,,,511,10006,3919,767,979,1141,784,361,130,124,160,558,722,958,1019,1014,771,978,297,396,317,201,522,131,274,214,434,1019,1009,745,247,0,142,"Vernon Hills village, Illinois",569,409,842,996,1037,1081,928,779,349,493,302,438,370,574,200,615
"Verona village, Illinois",259,224,0,35,0,0,0,23,11,18,1,0,0,42188,55,975,243,0,125,1,0,2,6,22,7,16,10,3,58,145,9,119,12,107,0,6,0,1,45,30,16,3,7,14,5,17,77707,"Verona village, Illinois",0,124,3,0,0,0,138,7,58,,,,6,119,33,10,5,21,0,4,5,4,6,11,21,10,5,5,4,13,2,3,2,1,5,5,1,2,4,20,3,4,1,0,3,"Verona village, Illinois",2,4,1,10,8,11,12,10,0,5,1,0,4,0,8,3
"Versailles village, Illinois",424,350,0,59,2,0,0,64,21,16,0,0,0,49375,51,-666666666,413,0,255,0,0,18,34,29,29,20,14,5,106,219,35,183,32,151,5,2,60,60,2,4,5,8,2,0,4,17,77720,"Versailles village, Illinois",15,143,12,0,0,0,180,5,156,,,,58,183,41,7,28,15,11,0,0,0,0,26,24,12,9,10,25,4,0,8,0,2,8,15,11,4,14,15,9,3,3,0,0,"Versailles village, Illinois",0,25,7,18,3,36,10,5,3,3,8,10,5,12,9,7
"Victoria village, Illinois",224,208,0,10,0,0,0,18,10,19,1,0,2,40250,24,629,215,2,131,0,0,0,0,2,5,22,15,13,74,103,13,109,20,89,9,4,11,6,9,8,15,0,0,25,5,17,77811,"Victoria village, Illinois",6,70,17,0,0,0,109,10,78,,,,11,109,23,6,1,10,5,3,2,0,5,9,1,0,9,2,11,7,3,8,5,2,6,4,1,3,3,7,5,3,2,0,0,"Victoria village, Illinois",7,3,2,7,7,7,4,15,7,4,8,7,17,3,0,3
"Vienna city, Illinois",1587,1505,16,15,0,0,0,225,59,190,29,9,0,30809,361,620,1569,12,800,0,3,151,62,89,159,104,41,41,150,661,104,649,284,365,48,123,52,85,48,24,71,14,7,46,12,17,77863,"Vienna city, Illinois",0,496,16,2,0,0,587,34,689,,,,84,649,178,52,27,42,19,13,26,0,23,32,31,15,35,90,18,65,38,18,12,28,24,33,7,33,79,81,27,12,0,0,0,"Vienna city, Illinois",61,40,42,27,23,24,59,59,25,36,18,58,46,31,32,126
"Villa Grove city, Illinois",2300,2211,17,37,19,12,0,236,130,207,75,14,9,53971,248,700,2263,8,1112,0,10,42,56,98,181,136,97,92,400,1173,190,992,202,790,127,119,38,115,70,92,254,78,36,81,49,17,77941,"Villa Grove city, Illinois",7,963,83,0,0,0,1233,95,722,,,,164,992,272,49,37,92,54,30,45,18,55,83,75,82,23,80,110,46,19,54,22,60,77,20,24,18,47,55,46,41,31,15,28,"Villa Grove city, Illinois",5,70,39,79,114,55,71,59,50,45,21,60,129,25,21,21
"Villa Park village, Illinois",22087,14641,1194,5098,11,707,0,2135,1288,3621,1021,242,134,79314,1458,1172,18486,180,8305,29,55,300,328,284,1092,1558,2543,531,1585,11011,1518,8000,2462,5538,244,1174,1487,1438,1635,632,1365,269,424,972,515,17,77993,"Villa Park village, Illinois",278,8856,825,1,0,381,12187,460,5184,,,,921,8000,2852,729,516,861,271,162,99,258,583,697,904,858,874,751,767,712,227,464,301,187,226,310,107,147,782,842,737,434,201,217,100,"Villa Park village, Illinois",550,805,748,716,772,657,626,713,329,358,120,241,370,306,174,278
"Viola village, Illinois",1040,933,0,65,0,0,0,112,59,80,53,0,0,62045,166,621,974,0,459,0,21,31,43,5,93,38,32,63,133,483,65,422,54,368,66,38,68,40,32,25,90,28,22,21,13,17,78123,"Viola village, Illinois",0,415,22,0,0,0,474,20,334,,,,95,422,150,31,44,22,18,10,0,5,4,16,43,53,17,27,38,43,7,28,0,8,23,18,13,15,45,34,46,28,19,0,0,"Viola village, Illinois",16,27,36,44,13,30,51,19,10,19,8,19,33,32,13,15
"Virden city, Illinois",3444,3408,0,20,0,16,0,188,301,339,62,22,9,61726,360,728,3428,0,1724,33,0,104,158,52,255,140,208,115,659,1476,237,1479,475,1004,136,287,178,76,103,81,369,87,77,125,24,17,78149,"Virden city, Illinois",0,1350,122,0,0,0,1761,100,1112,,,,103,1479,433,39,77,103,76,50,1,0,20,78,103,160,106,118,119,111,46,52,20,80,48,50,15,16,57,95,117,176,58,11,0,"Virden city, Illinois",30,81,154,183,184,119,46,191,6,76,12,62,94,69,56,79
"Virgil village, Illinois",421,338,65,17,0,1,0,40,18,21,18,2,1,83333,17,1577,412,0,144,0,0,14,3,21,46,9,17,4,30,241,46,132,27,105,6,12,32,23,39,18,11,27,5,25,15,17,78175,"Virgil village, Illinois",2,171,42,0,0,1,231,3,108,,,,4,132,47,3,28,14,19,5,8,2,6,38,5,6,9,28,18,14,4,0,11,17,3,2,1,1,8,10,11,2,3,2,6,"Virgil village, Illinois",6,7,4,7,26,19,11,21,2,1,8,12,6,4,2,1
"Virginia city, Illinois",1382,1351,0,11,0,4,0,125,77,112,35,0,3,48625,245,545,1380,0,672,0,8,25,60,74,88,121,72,45,179,625,56,593,179,414,127,87,63,85,59,34,48,15,23,70,12,17,78201,"Virginia city, Illinois",3,556,47,0,0,0,687,29,369,,,,103,593,184,60,54,29,14,21,10,0,19,51,27,50,25,33,34,69,16,50,0,18,22,9,13,21,70,49,59,9,2,30,7,"Virginia city, Illinois",27,28,61,20,44,30,30,45,19,40,12,22,22,31,25,55
"Volo village, Illinois",5498,4328,19,752,0,238,0,625,210,1193,329,16,16,103264,70,1708,4712,12,2107,392,240,1211,215,0,40,0,0,0,9,2932,302,1975,372,1603,0,197,122,177,422,90,556,128,157,556,387,17,78227,"Volo village, Illinois",67,2729,100,0,0,12,3100,52,849,,,,50,1975,892,370,277,234,40,53,37,71,134,108,412,375,267,198,104,24,30,16,22,0,52,8,100,0,192,261,188,82,0,78,0,"Volo village, Illinois",40,194,326,480,122,203,62,96,21,52,29,30,42,8,0,60
"Wadsworth village, Illinois",3515,3139,48,132,0,78,0,477,70,975,207,36,25,101307,88,1509,3349,67,1471,0,65,212,320,231,232,159,100,67,85,1784,243,1471,114,1357,0,28,44,285,270,155,224,56,82,120,143,17,78370,"Wadsworth village, Illinois",76,1407,0,0,0,76,1800,156,1188,,,,259,1471,269,19,91,82,60,74,0,40,174,77,7,35,108,61,182,218,40,113,40,17,118,64,44,120,0,92,160,54,20,0,31,"Wadsworth village, Illinois",85,67,21,47,83,96,154,249,111,116,62,36,99,51,83,14
"Waggoner village, Illinois",187,185,0,0,0,0,0,12,1,7,0,0,0,60625,38,580,187,0,103,0,0,8,43,4,11,9,7,5,16,89,32,87,45,42,2,6,6,11,20,6,42,2,1,0,5,17,78383,"Waggoner village, Illinois",5,97,7,0,0,0,124,16,24,,,,1,87,30,6,12,0,5,0,0,0,1,3,7,8,4,31,1,7,0,2,0,1,0,0,1,0,2,12,7,8,6,2,1,"Waggoner village, Illinois",4,0,6,15,3,11,6,3,3,1,0,0,4,1,2,1
"Walnut village, Illinois",1340,1310,0,13,0,0,0,135,85,163,19,4,3,48382,111,599,1329,2,616,0,10,3,22,16,104,117,91,54,199,642,50,562,98,464,156,134,28,36,53,52,68,12,15,20,2,17,78526,"Walnut village, Illinois",22,514,33,0,0,0,699,46,388,,,,77,562,171,36,41,52,27,3,13,5,24,57,31,39,16,6,44,36,15,50,32,22,34,27,7,43,30,36,38,26,25,7,8,"Walnut village, Illinois",13,22,52,56,43,27,55,34,29,29,7,19,22,30,25,47
"Walnut Hill village, Illinois",112,101,0,0,0,0,0,10,4,4,7,0,0,32917,44,-666666666,112,0,41,0,0,4,3,0,14,5,0,10,5,53,16,41,11,30,0,4,15,4,9,5,0,5,0,0,1,17,78604,"Walnut Hill village, Illinois",0,39,4,0,0,0,58,8,22,,,,2,41,19,0,0,9,4,0,0,2,5,3,0,5,0,7,9,4,0,0,0,1,1,3,0,0,4,4,7,10,0,0,0,"Walnut Hill village, Illinois",0,0,7,1,2,0,3,10,0,0,3,4,1,0,0,3
"Walshville village, Illinois",241,241,0,0,0,0,0,47,4,1,0,0,0,52009,130,-666666666,241,0,64,0,3,1,2,17,2,0,4,1,34,82,6,63,0,63,0,2,16,67,0,3,0,0,0,6,0,17,78656,"Walshville village, Illinois",0,84,10,0,0,0,108,14,22,,,,0,63,36,27,0,2,0,0,0,0,0,1,5,16,0,3,3,2,16,0,4,0,3,0,0,0,42,20,20,4,0,0,0,"Walshville village, Illinois",0,0,28,13,0,3,3,18,1,0,0,6,0,1,0,0
"Waltonville village, Illinois",413,397,3,4,1,0,0,75,39,21,7,1,1,46563,72,492,411,1,182,6,8,18,17,19,18,24,11,15,46,217,55,178,49,129,29,9,7,26,53,10,9,0,4,12,4,17,78708,"Waltonville village, Illinois",1,124,14,0,0,0,203,10,141,,,,33,178,55,13,9,0,19,12,3,3,9,13,11,1,14,14,41,3,10,6,2,4,8,19,0,3,5,5,20,10,8,0,0,"Waltonville village, Illinois",0,13,11,12,8,19,17,4,8,9,5,5,17,12,2,6
"Wamac city, Illinois",1222,1077,3,85,7,1,0,116,74,29,4,0,0,32625,339,719,1134,11,635,2,0,20,78,53,167,53,79,53,130,631,83,503,179,324,4,86,81,52,30,17,42,26,4,61,20,17,78721,"Wamac city, Illinois",31,314,112,0,0,0,544,45,400,,,,51,503,155,37,21,76,39,18,6,17,28,40,74,51,44,10,73,31,22,10,11,5,8,5,0,5,47,46,29,36,8,0,3,"Wamac city, Illinois",34,17,44,19,37,58,24,61,31,22,27,11,17,6,2,12
"Wapella village, Illinois",474,451,0,3,0,0,0,31,23,32,8,0,0,60625,41,688,471,0,244,0,0,19,8,10,71,26,36,15,59,220,24,210,19,191,22,40,38,20,35,24,21,19,10,9,0,17,78773,"Wapella village, Illinois",9,191,51,0,0,0,277,10,124,,,,23,210,55,10,2,17,10,4,2,0,10,12,9,12,30,10,14,13,13,10,6,10,5,12,9,0,5,4,25,14,18,7,0,"Wapella village, Illinois",3,6,8,26,28,5,15,26,3,7,27,6,5,10,3,3
"Warren village, Illinois",1208,1143,14,25,0,5,0,138,118,88,17,12,0,51618,103,615,1185,4,609,0,4,22,24,43,98,41,59,52,266,554,63,532,93,439,85,58,30,47,37,17,67,39,21,51,43,17,78851,"Warren village, Illinois",2,449,36,0,0,0,567,25,399,,,,73,532,124,41,28,13,23,9,2,8,17,15,28,24,26,45,18,20,50,30,4,55,54,15,23,8,47,68,40,13,13,4,2,"Warren village, Illinois",8,22,39,7,39,46,33,44,34,21,36,27,53,25,14,17
"Warrensburg village, Illinois",1261,1176,0,41,0,0,0,118,132,157,43,4,0,62917,93,606,1246,0,493,0,0,15,15,17,150,97,33,78,88,598,54,447,82,365,18,36,155,163,70,68,33,0,4,66,26,17,78916,"Warrensburg village, Illinois",0,583,45,2,0,0,713,59,293,,,,101,447,157,13,56,93,34,33,23,0,10,8,44,28,36,25,29,22,6,7,18,18,59,14,0,22,11,17,54,44,69,39,0,"Warrensburg village, Illinois",14,19,39,58,35,43,36,41,5,24,8,68,17,9,6,7
"Warrenville city, Illinois",13137,8807,605,2583,5,892,0,1294,726,2757,982,134,134,86462,1105,1545,11217,68,5238,156,18,249,916,1168,1530,289,337,157,418,6338,851,5068,1074,3994,240,572,708,1656,683,375,857,178,419,438,415,17,78929,"Warrenville city, Illinois",291,5735,656,58,65,160,8177,327,2637,,,,579,5068,1511,209,364,309,310,152,71,36,349,599,438,533,439,418,433,426,191,259,189,141,207,71,139,55,216,515,466,415,139,68,83,"Warrenville city, Illinois",288,435,491,543,329,577,420,411,157,284,160,216,262,221,57,46
"Warsaw city, Illinois",1600,1536,0,44,0,0,0,143,159,189,73,8,0,53920,162,608,1596,0,849,0,0,24,119,24,248,53,34,25,322,737,97,691,100,591,46,52,50,114,105,30,63,10,52,73,27,17,78942,"Warsaw city, Illinois",5,585,15,0,0,0,761,104,481,,,,93,691,190,86,31,63,18,3,4,0,14,40,38,29,27,58,39,82,23,48,26,35,37,8,22,6,55,52,51,42,9,15,4,"Warsaw city, Illinois",4,47,66,43,48,34,37,47,27,66,83,29,37,28,20,19
"Washburn village, Illinois",1109,1065,0,27,6,0,0,171,117,52,9,6,0,55167,189,766,1109,0,490,0,0,10,7,33,55,64,55,39,227,566,51,452,113,339,11,24,28,59,116,41,50,9,58,54,14,17,79007,"Washburn village, Illinois",12,422,40,0,0,0,526,25,354,,,,57,452,135,56,29,28,32,5,4,0,61,36,50,29,52,36,15,11,22,36,5,17,23,2,0,17,16,70,18,7,11,5,9,"Washburn village, Illinois",16,48,58,29,11,28,35,44,19,18,6,33,38,8,6,10
"Unity CDP, Illinois",62,0,62,0,0,0,0,12,16,0,6,7,0,59464,7,-666666666,62,0,57,0,0,10,7,8,6,5,14,7,0,37,0,25,0,25,0,0,0,16,0,0,0,0,0,0,0,17,76875,"Unity CDP, Illinois",0,16,0,0,0,0,30,7,32,,,,10,25,0,0,0,0,0,0,0,0,0,0,16,0,0,0,0,0,0,0,10,0,0,11,0,0,0,0,0,0,0,0,0,"Unity CDP, Illinois",0,0,0,0,0,0,0,0,0,7,7,6,0,0,5,0
"Washington city, Illinois",16555,15538,64,379,20,230,0,1734,1106,3012,1132,171,111,78608,861,915,16088,113,6664,478,364,1444,454,185,815,824,679,475,946,7765,863,6283,1315,4968,292,940,648,999,2152,681,847,103,92,144,101,17,79033,"Washington city, Illinois",51,6577,356,0,0,0,7690,171,4613,,,,1210,6283,2281,458,700,680,453,157,119,0,78,391,394,456,879,373,490,395,261,339,32,213,387,183,186,216,713,809,643,444,160,31,100,"Washington city, Illinois",185,456,440,615,702,517,446,573,188,271,102,180,388,208,253,291
"Washington Park village, Illinois",3909,103,3496,238,7,13,0,353,98,147,31,0,0,21065,1964,853,3813,0,2392,0,0,59,205,153,220,275,480,450,550,1629,285,1550,730,820,0,89,172,146,202,99,133,7,44,52,0,17,79085,"Washington Park village, Illinois",27,734,124,53,39,0,1211,226,1575,,,,117,1550,425,104,38,323,99,14,62,27,123,92,108,57,62,89,220,135,9,92,74,45,29,65,15,17,246,187,103,122,33,0,0,"Washington Park village, Illinois",67,39,188,79,67,73,279,157,44,107,0,34,74,41,61,9
"Wataga village, Illinois",778,738,12,25,0,2,0,101,49,37,19,0,0,46250,187,530,770,2,380,3,3,6,32,35,122,34,32,10,103,376,43,346,83,263,0,26,97,122,74,7,10,6,0,18,23,17,79124,"Wataga village, Illinois",3,331,47,0,0,0,415,20,202,,,,37,346,77,29,28,8,12,5,12,0,28,28,33,16,24,27,16,25,12,14,14,6,9,14,11,5,39,40,14,5,9,7,12,"Wataga village, Illinois",19,39,31,22,17,23,9,22,10,10,11,15,19,16,2,11
"Waterloo city, Illinois",10417,9950,41,190,26,163,0,1328,575,1680,650,72,54,71207,321,766,10206,44,4490,334,309,1036,727,343,413,384,380,155,409,4961,582,4318,1081,3237,235,926,479,277,232,69,465,219,525,633,368,17,79150,"Waterloo city, Illinois",80,3994,244,1,0,0,5355,186,3051,,,,634,4318,1296,394,297,168,158,123,16,101,245,327,310,326,397,295,287,338,166,96,201,204,178,179,48,135,260,326,452,61,65,66,58,"Waterloo city, Illinois",181,366,297,405,292,142,411,337,90,369,112,150,300,192,250,246
"Waterman village, Illinois",1738,1473,34,90,5,3,0,156,99,196,60,13,0,82500,162,768,1684,0,609,0,3,175,91,34,38,60,33,35,140,716,98,570,115,455,74,46,71,99,78,89,51,40,49,86,81,17,79163,"Waterman village, Illinois",105,794,50,0,0,0,964,28,328,,,,44,570,216,20,41,60,29,9,0,4,22,39,25,128,91,56,42,44,24,22,12,13,20,6,6,3,76,68,118,53,49,49,6,"Waterman village, Illinois",65,14,38,93,92,64,35,83,19,15,20,8,23,14,8,12
"Watseka city, Illinois",4956,4638,28,152,0,53,0,518,384,265,52,27,11,38162,613,661,4828,0,2768,9,17,286,542,349,385,145,347,162,526,2063,222,2384,911,1473,184,929,401,186,167,107,123,41,54,96,78,17,79228,"Watseka city, Illinois",27,2020,318,5,0,0,2547,135,1692,,,,221,2384,545,104,94,52,114,71,12,139,79,119,63,174,117,67,155,137,38,145,106,134,47,116,25,20,155,97,118,118,40,47,93,"Watseka city, Illinois",90,125,41,102,174,108,223,238,210,140,48,116,152,120,100,173
"Watson village, Illinois",795,784,7,0,0,0,0,68,39,34,5,3,0,57500,134,489,791,0,317,3,13,7,37,79,103,10,2,5,58,373,51,284,39,245,9,35,76,179,65,15,23,0,9,15,3,17,79241,"Watson village, Illinois",5,399,29,0,0,0,474,30,151,,,,37,284,90,9,13,23,34,6,3,28,21,31,30,22,13,26,25,43,2,18,3,5,8,0,8,2,47,15,34,29,2,3,0,"Watson village, Illinois",15,34,15,8,24,20,38,58,4,24,11,8,17,11,0,5
"Wauconda village, Illinois",13629,9421,126,2893,0,904,0,1064,791,2623,773,135,77,90019,596,1157,11603,116,5483,26,128,1565,942,716,634,638,497,97,240,6666,826,5132,1094,4038,50,619,415,456,864,685,915,441,517,1303,510,17,79267,"Wauconda village, Illinois",212,5940,582,0,0,301,7761,202,2727,,,,559,5132,1953,643,341,456,236,158,89,52,302,190,332,843,483,287,539,583,199,213,140,105,289,129,43,35,556,499,502,250,116,27,39,"Wauconda village, Illinois",198,369,465,783,385,432,483,485,110,349,89,247,281,169,11,97
"Waukegan city, Illinois",87157,16707,17106,45239,235,5256,0,6988,3822,7168,2674,395,448,53778,13227,976,59809,1133,31789,93,385,1771,4645,2796,4582,3531,6073,1869,6044,41954,5373,29822,15475,14347,649,2423,4970,6722,5339,2771,7264,1070,1770,3422,2494,17,79293,"Waukegan city, Illinois",845,29761,7736,946,35,247,45770,3273,20914,,,,3231,29822,12005,3103,3301,3100,2069,1403,783,752,1986,3881,3129,3056,3130,3034,2548,2472,668,1120,778,831,1065,662,346,297,3326,2832,3492,2068,1292,749,771,"Waukegan city, Illinois",2298,3060,2582,3402,2946,2443,2580,2371,1178,1265,766,927,1262,825,524,684
"Waverly city, Illinois",1482,1401,17,6,0,31,0,106,51,97,62,0,0,44405,174,733,1437,0,641,0,0,38,48,47,57,55,54,32,310,666,97,572,111,461,42,43,109,20,29,45,63,22,55,134,32,17,79358,"Waverly city, Illinois",4,564,29,0,0,0,649,29,525,,,,84,572,196,68,40,32,23,21,6,0,21,32,28,78,31,64,33,20,25,22,20,11,40,37,9,5,60,88,7,13,3,20,5,"Waverly city, Illinois",58,80,54,23,44,54,70,48,16,13,28,18,50,34,20,10
"Wayne village, Illinois",2477,2091,9,74,0,293,0,391,176,466,219,20,27,132695,24,-666666666,2026,43,974,15,22,309,143,164,91,28,75,14,113,1145,168,889,24,865,14,122,169,174,113,80,255,18,68,151,112,17,79397,"Wayne village, Illinois",13,1183,54,0,0,10,1446,40,694,,,,78,889,220,70,32,23,52,8,17,6,32,28,82,78,63,65,103,102,57,40,70,72,61,43,28,13,63,78,58,43,10,89,9,"Wayne village, Illinois",42,47,73,52,26,70,114,208,48,63,82,31,38,38,22,28
"Wayne City village, Illinois",934,899,0,23,4,0,0,144,91,64,17,5,4,50607,114,708,934,0,463,7,20,26,37,68,82,36,93,48,46,425,59,405,77,328,26,30,14,33,65,15,61,17,21,27,2,17,79436,"Wayne City village, Illinois",18,312,14,0,0,0,358,12,394,,,,61,405,130,22,29,58,24,8,0,3,5,7,25,33,9,25,34,22,19,4,8,15,29,25,17,4,37,14,17,14,10,0,13,"Wayne City village, Illinois",6,26,23,21,30,24,26,42,8,18,11,22,56,30,28,33
"Waynesville village, Illinois",496,496,0,0,0,0,0,40,29,28,1,0,0,66000,42,-666666666,496,0,238,0,0,14,19,5,60,22,16,25,77,251,19,206,5,201,6,13,5,39,23,20,106,21,1,13,2,17,79449,"Waynesville village, Illinois",0,234,15,0,0,0,274,19,144,,,,35,206,50,9,4,15,15,4,0,1,4,35,34,0,17,10,9,36,17,3,8,3,15,7,2,3,17,18,10,9,0,1,0,"Waynesville village, Illinois",22,2,44,9,13,8,14,28,2,6,6,4,16,11,3,2
"Wedron CDP, Illinois",170,170,0,0,0,0,0,0,38,0,0,0,0,69744,0,-666666666,170,0,79,0,0,0,0,0,19,0,0,0,60,92,0,79,0,79,0,0,19,0,0,0,19,0,0,0,0,17,79618,"Wedron CDP, Illinois",0,38,0,0,0,0,77,0,75,,,,0,79,19,0,18,0,0,0,0,0,0,0,0,19,0,0,0,39,0,0,0,0,16,0,0,0,0,0,0,0,0,0,0,"Wedron CDP, Illinois",0,0,0,19,0,0,0,0,0,15,0,0,0,0,44,0
"Weldon village, Illinois",375,357,0,7,0,0,0,41,33,14,8,3,0,44688,37,779,375,0,194,0,0,8,6,5,18,38,20,22,77,213,33,171,9,162,6,9,21,20,9,11,26,10,23,23,0,17,79683,"Weldon village, Illinois",4,151,7,0,0,0,181,11,132,,,,37,171,40,13,15,13,10,2,0,0,2,4,10,11,11,9,24,26,2,6,5,15,17,8,10,0,4,10,3,6,6,1,0,"Weldon village, Illinois",5,13,9,9,14,10,4,17,3,8,8,13,9,3,6,1
"Wellington village, Illinois",237,212,0,25,0,0,0,21,15,11,3,0,0,37500,46,644,237,0,104,0,0,11,5,14,10,14,3,4,43,107,7,96,27,69,4,3,7,5,6,10,9,6,3,16,5,17,79735,"Wellington village, Illinois",1,60,15,0,0,0,94,13,92,,,,8,96,36,19,2,4,3,0,0,0,1,20,0,8,10,1,6,2,2,1,3,10,5,7,1,2,5,10,7,7,5,0,0,"Wellington village, Illinois",22,8,9,5,5,4,7,2,4,1,2,11,4,5,2,5
"Gifford village, Illinois",920,855,10,13,3,0,0,101,72,100,21,15,1,63472,42,646,918,2,395,55,10,38,27,72,52,34,46,11,50,404,106,365,30,335,20,32,27,77,28,43,85,42,16,21,8,17,29145,"Gifford village, Illinois",2,366,26,0,0,0,454,23,288,,,,53,365,101,23,37,37,14,4,7,1,13,17,18,17,12,44,62,20,5,16,11,14,8,9,13,11,27,21,24,13,4,0,4,"Gifford village, Illinois",17,25,18,24,21,39,31,28,2,19,13,11,14,35,29,88
"Gilberts village, Illinois",7941,5077,14,1813,0,653,0,753,743,1460,567,97,0,96420,142,2151,6418,142,3015,260,0,1793,364,116,254,53,62,65,48,4083,728,2655,267,2388,65,140,311,123,191,385,464,147,369,302,392,17,29171,"Gilberts village, Illinois",0,2564,149,0,0,0,4037,87,1466,,,,382,2655,1147,501,135,716,17,0,0,0,45,132,586,314,266,440,288,158,0,0,0,274,198,0,0,13,241,700,136,0,0,0,0,"Gilberts village, Illinois",48,329,220,396,355,256,474,104,0,49,0,485,65,0,0,0
"Gillespie city, Illinois",2977,2903,0,28,15,0,0,286,169,267,94,8,25,44934,490,666,2948,20,1549,19,29,60,105,115,132,115,109,251,614,1501,255,1351,415,936,73,179,219,160,210,19,87,0,30,133,94,17,29236,"Gillespie city, Illinois",54,1199,59,0,0,0,1471,102,935,,,,326,1351,338,192,102,69,18,15,10,0,97,135,64,49,36,52,203,125,23,153,0,53,57,8,0,40,101,51,43,5,51,0,14,"Gillespie city, Illinois",19,136,82,16,154,57,138,109,70,76,17,45,86,57,56,93
"Gilman city, Illinois",1734,1335,22,302,6,3,0,119,91,87,74,0,2,56719,181,598,1604,8,780,9,6,37,64,24,146,97,133,26,238,806,77,688,162,526,105,206,104,89,52,34,32,49,43,37,53,17,29275,"Gilman city, Illinois",8,738,58,0,0,0,900,58,487,,,,61,688,217,61,28,73,44,10,14,0,25,27,84,76,69,32,45,49,19,38,13,21,42,31,24,10,49,34,73,30,17,5,4,"Gilman city, Illinois",38,32,70,58,50,33,54,54,40,36,16,20,64,32,30,60
"Gilson CDP, Illinois",194,139,0,0,55,0,0,14,12,8,0,0,0,105694,32,-666666666,194,0,63,0,0,0,0,0,29,6,0,0,28,84,12,63,12,51,0,0,28,0,36,13,0,0,19,9,17,17,29340,"Gilson CDP, Illinois",0,104,9,0,0,0,134,12,32,,,,18,63,20,0,0,19,0,0,0,9,0,0,0,17,0,0,12,0,9,9,0,9,0,0,0,0,0,9,0,0,38,0,0,"Gilson CDP, Illinois",0,0,0,20,0,0,8,21,0,0,8,6,0,0,0,0
"Girard city, Illinois",1732,1671,5,15,0,0,0,135,71,106,20,15,0,44639,273,791,1732,0,873,28,4,34,114,105,76,55,96,26,335,809,93,721,264,457,24,78,36,77,41,34,132,27,55,152,64,17,29392,"Girard city, Illinois",5,594,63,0,0,0,795,46,612,,,,129,721,233,103,38,20,28,14,0,9,44,101,39,80,20,34,59,25,7,31,26,22,40,1,18,61,61,53,32,32,19,11,6,"Girard city, Illinois",61,89,42,49,0,38,60,109,24,19,18,63,21,34,41,30
"Gladstone village, Illinois",145,143,0,0,0,0,0,19,6,7,0,0,0,30250,20,415,145,0,119,1,1,2,13,3,27,12,11,7,42,65,11,95,28,67,0,6,2,6,18,10,6,1,2,5,0,17,29431,"Gladstone village, Illinois",0,49,0,0,0,0,65,9,67,,,,6,95,7,0,2,3,1,0,2,0,0,2,5,7,1,2,9,9,0,6,5,4,5,2,0,0,8,0,0,2,0,0,2,"Gladstone village, Illinois",2,2,2,4,3,2,2,12,2,2,2,5,20,4,3,1
"Glasford village, Illinois",897,886,0,3,0,0,0,125,69,46,22,0,0,59886,181,583,897,0,371,0,0,21,19,20,57,58,25,46,125,467,27,341,89,252,25,25,35,19,62,33,77,31,18,37,13,17,29483,"Glasford village, Illinois",9,326,31,0,0,0,440,17,213,,,,36,341,146,68,26,20,38,3,3,0,9,19,62,42,43,14,13,37,5,24,3,8,16,10,4,0,27,44,38,11,3,0,0,"Glasford village, Illinois",13,13,63,48,4,24,25,40,0,13,2,17,30,12,0,3
"Glasgow village, Illinois",93,79,0,0,8,0,0,11,6,2,0,0,0,33036,5,-666666666,93,0,71,0,0,0,11,3,14,14,0,7,22,54,3,55,4,51,0,5,0,5,2,1,9,0,0,4,0,17,29496,"Glasgow village, Illinois",0,19,7,0,0,0,27,1,66,,,,23,55,6,0,0,0,0,2,0,0,0,0,0,0,5,0,3,13,0,4,10,6,4,0,6,1,0,0,0,6,0,0,0,"Glasgow village, Illinois",0,0,0,0,3,0,3,9,0,1,1,5,0,5,0,6
"Glen Carbon village, Illinois",12468,10777,472,473,12,244,0,938,695,2433,1616,310,320,84956,885,981,11933,25,5403,176,161,1203,1199,883,874,205,230,93,379,6090,698,5118,1561,3557,196,381,724,429,891,496,773,400,246,658,221,17,29639,"Glen Carbon village, Illinois",0,4919,311,48,0,0,6407,272,3225,,,,780,5118,1784,446,611,419,165,41,54,58,289,353,402,475,434,232,466,289,124,360,129,143,159,189,144,146,419,290,554,274,67,30,20,"Glen Carbon village, Illinois",277,223,381,429,451,410,441,265,107,323,134,216,262,270,202,295
"Glencoe village, Illinois",8836,8083,231,97,0,374,0,283,222,2120,1782,853,165,195600,139,-666666666,7886,119,3547,44,48,471,356,142,87,297,676,317,1109,4232,436,3302,175,3127,69,215,163,307,201,156,226,63,99,673,695,17,29652,"Glencoe village, Illinois",56,1963,143,16,78,623,3447,110,3233,,,,332,3302,1272,165,422,473,261,61,14,38,89,53,51,174,332,240,196,550,139,160,32,149,252,222,128,31,243,414,304,182,2,258,12,"Glencoe village, Illinois",44,7,141,226,257,232,436,498,118,142,66,148,344,253,154,123
"Glendale Heights village, Illinois",33863,10412,4037,10341,36,7685,39,3598,1618,4797,1234,223,174,70034,3331,1316,21255,392,12266,43,72,714,1699,2205,4614,1995,591,138,195,16881,1589,11654,4330,7324,234,1766,2427,2375,2833,1147,2658,609,604,1218,897,17,29730,"Glendale Heights village, Illinois",372,14314,1977,79,33,329,19588,1012,7158,,,,1061,11654,3956,1198,1189,1111,489,294,207,272,860,1674,1567,1303,1281,619,970,877,275,629,562,383,625,312,131,78,1129,1052,1079,558,505,116,181,"Glendale Heights village, Illinois",908,1676,1169,1135,1130,964,1209,1089,423,488,450,648,446,318,117,167
"Glen Ellyn village, Illinois",27741,22706,716,1345,112,2132,0,1562,836,7452,3739,1227,381,118208,1269,1109,24438,259,11133,349,182,761,1110,1041,2095,1815,1402,224,2154,13625,1829,10747,2487,8260,334,1086,1048,1290,1129,614,1673,396,446,1191,1597,17,29756,"Glen Ellyn village, Illinois",377,8290,652,68,21,1652,13831,586,7483,,,,1156,10747,3712,969,1018,911,674,366,230,177,267,540,550,1205,883,884,945,905,379,475,322,433,651,325,247,276,834,1056,1141,771,310,110,9,"Glen Ellyn village, Illinois",321,530,623,869,963,1167,928,997,326,457,339,363,698,523,306,468
"Glenview village, Illinois",47218,35438,613,3250,9,6576,0,3089,1988,11188,7080,2788,1028,118019,2237,1810,36755,439,19245,983,371,3506,1708,1925,2305,2926,3994,854,673,22738,3488,18058,3789,14269,350,1548,1984,2435,2282,1077,2593,894,1391,2312,2145,17,29938,"Glenview village, Illinois",451,14946,1480,48,174,2229,22786,711,14724,,,,1479,18058,5792,1550,1704,1579,1453,469,218,114,503,774,953,1016,1533,1842,1662,1571,730,911,585,732,1182,801,461,630,1288,1343,1663,991,433,83,121,"Glenview village, Illinois",540,566,907,1315,1649,1691,1745,1688,724,1003,775,987,1458,915,767,1593
"Glenwood village, Illinois",8846,1521,6429,484,3,26,0,1186,486,1263,517,23,14,64857,980,1611,8581,0,3143,0,0,72,10,104,1182,1374,129,187,85,3703,612,2786,417,2369,147,140,307,446,387,160,426,34,189,436,482,17,30029,"Glenwood village, Illinois",214,2563,323,73,44,163,4371,703,2518,,,,466,2786,904,201,200,480,301,69,44,83,52,392,147,279,97,358,258,148,50,135,17,67,207,85,75,33,322,285,370,163,165,152,54,"Glenwood village, Illinois",225,189,273,233,393,255,525,291,145,241,121,91,172,129,68,206
"Godfrey village, Illinois",17540,16051,797,221,0,117,12,3076,1758,2520,1298,215,162,73041,1154,1034,17328,21,8171,145,66,1027,996,1131,1305,1594,1094,360,453,8596,1161,7713,1519,6194,172,1043,1324,961,612,532,942,378,476,986,554,17,30094,"Godfrey village, Illinois",152,7581,329,141,2,0,9285,301,5644,,,,1717,7713,1805,583,540,349,248,108,27,94,286,491,482,389,415,566,595,779,260,314,173,412,556,488,252,226,205,464,287,163,68,28,29,"Godfrey village, Illinois",186,595,474,331,361,607,657,1031,295,389,257,580,458,651,280,511
"Godley village, Illinois",691,668,0,10,0,0,0,117,33,49,2,0,0,42031,124,879,685,3,290,22,6,47,107,62,37,0,4,0,5,353,59,281,93,188,33,28,9,16,30,27,40,32,33,37,17,17,30120,"Godley village, Illinois",0,250,14,8,0,0,345,33,262,,,,20,281,81,24,12,8,27,6,1,0,11,22,26,36,16,25,34,18,4,20,3,39,21,0,0,0,6,6,19,17,4,11,10,"Godley village, Illinois",12,18,9,30,41,23,37,33,6,3,7,25,8,11,0,2
"Golconda city, Illinois",1136,1094,15,20,0,0,0,142,28,77,8,0,0,31953,552,307,1130,0,526,0,5,11,80,40,19,64,16,43,248,599,24,417,219,198,16,116,8,49,0,0,8,3,1,44,14,17,30133,"Golconda city, Illinois",6,250,0,0,0,0,314,32,686,,,,72,417,165,9,58,3,0,5,13,0,29,20,48,30,0,16,15,265,12,15,7,12,17,29,7,3,14,7,39,6,2,0,0,"Golconda city, Illinois",14,46,23,26,35,44,47,68,8,40,11,7,41,20,5,20
"Golden village, Illinois",689,667,0,1,0,0,0,82,46,80,23,2,2,51979,91,537,688,0,329,0,0,2,0,16,70,36,41,34,130,321,54,297,61,236,31,20,28,16,40,6,80,15,43,32,0,17,30159,"Golden village, Illinois",2,261,41,0,0,0,333,12,228,,,,54,297,97,42,35,11,21,11,3,0,0,43,17,9,5,30,24,16,2,11,2,10,7,15,18,15,22,8,6,16,0,3,7,"Golden village, Illinois",0,47,4,2,17,32,29,21,6,4,24,8,8,22,17,39
"Golden Gate village, Illinois",121,121,0,0,0,0,0,0,22,0,0,0,0,14146,33,-666666666,121,0,88,0,2,0,9,7,22,2,0,2,44,89,7,78,41,37,0,0,7,13,0,0,0,1,2,3,0,17,30250,"Golden Gate village, Illinois",0,25,1,0,0,0,35,0,71,,,,64,78,11,7,0,2,0,0,0,0,0,7,11,0,3,0,7,0,0,2,6,0,0,0,0,44,0,6,0,0,0,0,0,"Golden Gate village, Illinois",0,7,0,0,0,2,6,2,5,0,0,0,0,2,0,2
"Golf village, Illinois",521,419,18,30,0,53,0,33,11,127,71,50,10,201875,18,-666666666,408,5,177,5,1,32,3,9,9,36,20,28,34,279,40,167,5,162,5,10,16,12,16,5,31,9,2,49,9,17,30328,"Golf village, Illinois",3,109,7,0,0,47,234,11,167,,,,8,167,59,8,21,31,25,14,0,0,4,10,12,8,11,25,15,41,5,11,9,7,11,4,1,6,8,20,21,9,2,2,0,"Golf village, Illinois",5,6,9,6,13,18,18,41,0,7,5,8,10,17,3,14
"Goodenow CDP, Illinois",81,81,0,0,0,0,0,0,24,0,0,0,0,-666666666,0,-666666666,81,0,32,0,0,0,0,0,0,0,8,0,24,8,0,32,24,8,0,0,25,0,0,0,0,24,0,0,8,17,30419,"Goodenow CDP, Illinois",0,57,0,0,0,0,57,0,0,,,,0,32,24,0,0,0,0,0,0,0,0,0,0,0,8,0,0,0,0,0,0,0,0,0,0,0,0,0,24,25,0,0,0,"Goodenow CDP, Illinois",0,0,0,24,0,0,0,0,0,0,0,0,0,0,0,0
"Goodfield village, Illinois",977,972,2,0,0,3,0,91,84,165,76,3,6,89167,28,755,976,0,387,11,20,61,75,20,78,27,14,17,64,477,56,380,29,351,40,58,63,70,58,59,94,27,2,5,3,17,30445,"Goodfield village, Illinois",5,448,30,0,0,0,525,14,264,,,,43,380,112,36,31,23,18,5,21,6,18,22,33,25,26,21,35,46,14,28,6,11,21,5,23,3,27,30,34,23,14,10,3,"Goodfield village, Illinois",19,24,16,25,31,32,44,46,30,31,3,11,14,12,13,8
"Good Hope village, Illinois",405,396,1,8,0,0,0,42,35,32,17,5,1,41250,32,679,405,0,187,1,0,6,25,18,34,17,17,15,54,203,12,167,22,145,8,19,44,40,8,0,3,4,6,3,0,17,30458,"Good Hope village, Illinois",8,122,11,0,0,0,176,21,130,,,,22,167,52,15,7,22,10,0,0,0,5,15,12,29,8,3,9,13,10,8,5,5,10,6,7,4,24,19,7,2,1,0,5,"Good Hope village, Illinois",17,1,18,9,5,7,21,11,7,15,4,3,7,8,7,4
"Goofy Ridge CDP, Illinois",238,234,0,0,0,0,0,16,0,7,0,0,0,25667,65,808,238,0,232,0,0,0,41,63,77,12,27,12,0,143,0,156,39,117,0,0,0,0,18,4,4,14,0,12,1,17,30510,"Goofy Ridge CDP, Illinois",22,51,24,0,0,0,97,17,118,,,,43,156,36,5,0,4,12,0,0,0,5,0,9,17,0,0,0,18,4,4,4,20,17,12,0,12,0,0,14,10,0,0,0,"Goofy Ridge CDP, Illinois",0,7,4,4,13,0,21,6,0,0,7,5,4,0,0,0
"Goreville village, Illinois",1120,1120,0,0,0,0,0,129,123,113,60,9,3,58750,138,686,1101,0,556,4,68,49,61,45,127,75,59,29,39,485,47,510,116,394,45,31,13,24,124,36,94,10,14,12,18,17,30575,"Goreville village, Illinois",12,383,46,0,0,0,465,6,484,,,,97,510,136,20,29,39,9,16,5,0,4,8,59,13,9,26,21,43,16,11,3,19,50,58,18,9,32,39,11,13,17,44,0,"Goreville village, Illinois",0,59,17,36,44,20,60,39,14,20,4,37,36,66,10,17
"Gorham village, Illinois",263,237,0,23,0,0,0,30,0,2,4,2,0,27188,134,481,254,0,105,0,0,0,8,1,12,8,16,18,42,135,19,78,14,64,0,0,0,11,14,8,9,7,1,14,3,17,30588,"Gorham village, Illinois",6,63,10,0,0,0,118,45,61,,,,16,78,28,11,20,1,6,3,6,2,18,2,5,13,11,11,8,4,0,5,1,3,2,0,2,1,34,15,3,0,1,2,12,"Gorham village, Illinois",0,2,5,8,10,3,9,5,2,3,0,2,6,4,2,0
"Grafton city, Illinois",672,622,0,11,0,0,0,126,25,61,46,6,10,55625,137,588,664,3,444,13,34,133,75,18,30,4,6,16,115,331,42,298,48,250,26,4,7,12,25,5,40,3,33,29,27,17,30653,"Grafton city, Illinois",0,188,17,0,0,0,262,23,301,,,,63,298,78,40,4,29,0,8,0,0,1,5,16,15,7,25,17,39,16,7,28,5,20,31,18,0,27,5,0,6,10,0,3,"Grafton city, Illinois",3,2,46,13,8,9,47,19,0,20,29,17,42,19,16,0
"Grand Detour CDP, Illinois",351,250,11,90,0,0,0,37,48,106,8,0,0,67976,0,-666666666,344,0,160,0,0,0,30,11,16,16,24,0,63,187,57,136,9,127,0,0,47,40,17,0,17,0,8,19,8,17,30705,"Grand Detour CDP, Illinois",0,156,0,0,0,0,218,39,91,,,,0,136,56,0,18,0,0,21,0,24,0,7,15,0,0,26,31,0,8,0,8,21,8,0,0,0,18,6,0,39,0,0,0,"Grand Detour CDP, Illinois",0,0,8,0,9,21,0,0,8,16,0,31,0,8,0,0
"Grand Ridge village, Illinois",650,555,3,82,0,4,0,122,52,54,16,2,1,58056,23,1083,630,7,278,0,2,7,5,9,46,29,22,53,105,316,42,252,33,219,16,56,33,58,104,21,15,8,5,14,16,17,30757,"Grand Ridge village, Illinois",5,316,27,0,0,0,370,12,170,,,,53,252,77,21,8,27,24,34,1,5,8,19,28,4,21,26,16,13,10,2,7,10,17,6,7,2,21,6,21,26,0,6,9,"Grand Ridge village, Illinois",10,14,17,25,40,29,11,24,2,7,8,20,12,19,1,6
"Grand Tower city, Illinois",589,554,0,35,0,0,0,79,42,19,2,0,0,48500,76,667,567,0,269,10,7,14,11,32,31,54,55,21,34,316,47,220,47,173,22,6,6,18,13,23,82,5,8,17,21,17,30770,"Grand Tower city, Illinois",31,215,33,0,0,0,283,23,187,,,,31,220,60,15,30,14,17,17,24,0,11,7,30,29,13,34,13,11,9,9,5,11,8,2,5,2,20,14,22,3,4,3,9,"Grand Tower city, Illinois",14,10,11,31,20,17,27,19,0,7,11,7,0,10,10,4
"Grandview village, Illinois",1389,1060,164,57,0,0,0,134,74,100,10,0,0,41613,369,897,1370,7,782,0,0,7,21,9,41,100,304,169,131,623,44,668,240,428,5,113,124,178,61,36,87,0,14,21,0,17,30835,"Grandview village, Illinois",0,559,69,2,0,0,701,50,428,,,,69,668,182,25,82,11,23,18,4,0,22,89,22,34,58,35,9,39,49,25,8,10,15,12,21,12,46,53,22,9,31,0,0,"Grandview village, Illinois",42,86,43,62,34,16,26,53,45,33,27,27,38,19,26,28
"Grandwood Park CDP, Illinois",5114,3537,287,506,0,688,0,493,257,1340,566,40,28,127155,97,1454,4286,63,1994,0,0,339,738,120,272,447,61,8,9,2580,594,1896,201,1695,190,158,101,363,282,309,678,73,142,199,158,17,30900,"Grandwood Park CDP, Illinois",109,2497,131,0,0,70,3115,46,1054,,,,266,1896,698,119,136,194,210,29,79,30,66,143,55,129,146,168,426,277,136,58,108,25,17,38,4,15,107,149,191,91,194,20,32,"Grandwood Park CDP, Illinois",65,141,135,107,177,211,263,208,68,165,47,58,8,6,49,14
"Granite City city, Illinois",28563,22272,3092,2365,65,68,0,3857,2297,1639,772,119,3,53545,5316,716,27584,174,13865,72,161,452,632,470,1346,3200,3082,1454,2996,14287,1459,12125,4266,7859,474,2292,1327,1092,1758,907,2083,510,408,646,609,17,30926,"Granite City city, Illinois",111,10527,1196,266,75,0,13788,871,9110,,,,2035,12125,3472,868,914,1207,673,319,138,270,413,1071,909,1100,745,882,577,1004,596,700,370,393,446,211,316,232,670,769,875,477,128,86,160,"Granite City city, Illinois",319,922,1108,1189,766,839,789,1160,646,529,263,525,759,495,323,412
"Grantfork village, Illinois",475,466,0,4,0,4,0,25,33,110,41,2,0,85313,27,850,464,7,198,5,5,60,16,17,19,18,9,4,45,241,43,187,13,174,31,32,15,26,13,38,18,11,20,37,10,17,30978,"Grantfork village, Illinois",7,215,19,1,0,0,300,7,56,,,,29,187,94,24,27,5,6,0,2,3,4,18,18,26,10,32,11,20,9,12,0,2,3,3,0,7,23,16,10,15,0,0,1,"Grantfork village, Illinois",5,24,11,23,10,26,12,28,10,2,0,4,9,1,2,1
"Grant Park village, Illinois",1681,1609,2,43,0,0,0,253,62,90,27,6,2,63688,113,925,1660,12,538,0,0,21,104,46,115,40,34,33,145,858,64,511,147,364,42,15,36,35,49,118,179,38,17,44,32,17,30991,"Grant Park village, Illinois",19,572,13,0,0,0,716,48,432,,,,75,511,175,159,21,110,47,9,13,14,0,31,71,46,33,21,43,56,31,11,43,18,36,12,24,9,15,115,97,51,9,4,0,"Grant Park village, Illinois",9,31,102,75,12,21,53,52,16,38,9,3,46,38,20,7
"Granville village, Illinois",1449,1272,0,154,0,0,0,144,107,122,61,9,4,58382,130,614,1438,3,684,0,0,29,52,44,118,64,96,52,229,712,70,614,137,477,90,82,96,148,131,32,60,22,10,12,18,17,31017,"Granville village, Illinois",27,673,40,0,0,0,760,11,427,,,,110,614,156,46,30,48,30,17,7,23,6,71,41,48,28,34,36,52,31,25,12,18,36,26,27,20,56,28,43,35,5,8,10,"Granville village, Illinois",16,43,33,40,42,53,60,28,23,11,14,29,68,39,18,35
"Grayslake village, Illinois",20482,15029,1183,2411,33,969,50,1738,1006,4849,2189,280,283,99583,1586,1153,17780,216,7956,118,43,1294,3507,760,712,323,656,193,350,10405,1557,7686,2142,5544,330,626,844,1310,1132,891,1603,469,386,908,723,17,31121,"Grayslake village, Illinois",374,8298,612,29,0,425,12015,915,4399,,,,1075,7686,2690,763,474,736,454,260,139,313,609,756,715,826,505,808,749,810,226,278,140,267,325,244,48,108,444,704,676,399,220,66,13,"Grayslake village, Illinois",523,599,674,643,791,680,808,903,254,315,131,331,257,317,95,86
"Grayville city, Illinois",1579,1463,21,42,0,1,0,189,183,130,23,1,4,47222,308,651,1548,12,882,30,5,38,57,51,130,46,178,102,245,685,84,680,176,504,133,133,61,74,18,51,85,12,23,52,25,17,31165,"Grayville city, Illinois",0,558,85,0,0,0,781,39,493,,,,177,680,220,35,50,48,47,15,0,10,30,41,55,44,45,31,53,66,10,40,18,16,27,16,10,23,61,25,75,12,10,8,15,"Grayville city, Illinois",23,87,46,27,73,65,32,59,7,17,43,28,30,33,30,43
"Greenfield city, Illinois",1481,1443,0,5,0,0,0,96,89,148,37,4,9,50139,172,656,1481,0,576,12,0,19,54,36,111,46,57,56,185,608,97,479,109,370,88,59,8,19,40,84,64,25,21,82,61,17,31368,"Greenfield city, Illinois",16,461,102,0,0,0,710,25,443,,,,89,479,197,30,43,26,24,17,19,4,34,20,24,62,48,60,37,20,14,27,24,23,19,16,0,17,48,102,67,51,14,17,0,"Greenfield city, Illinois",26,21,23,135,19,45,31,92,9,21,14,17,31,36,44,10
"Green Oaks village, Illinois",3882,2991,111,377,15,313,0,193,149,745,520,167,109,119625,244,742,3397,29,1519,204,0,124,354,241,122,122,85,0,267,2072,293,1457,431,1026,33,144,262,193,178,119,175,62,22,81,119,17,31446,"Green Oaks village, Illinois",46,1245,27,12,0,95,1728,84,1405,,,,99,1457,425,88,126,183,101,58,18,23,66,70,13,98,77,99,194,186,78,65,48,317,26,42,47,49,79,77,100,125,15,9,55,"Green Oaks village, Illinois",49,34,61,75,78,132,261,185,49,40,75,25,53,63,42,128
"Greenup village, Illinois",1754,1719,8,0,0,7,0,93,190,109,51,9,2,40139,251,566,1747,0,819,0,0,60,49,118,73,120,72,60,267,780,92,735,195,540,97,218,50,46,86,52,151,13,23,20,18,17,31524,"Greenup village, Illinois",3,666,62,10,0,0,860,33,500,,,,92,735,227,70,38,40,41,4,10,0,15,28,65,91,55,62,30,72,7,39,7,14,17,32,6,45,38,115,67,43,13,7,4,"Greenup village, Illinois",43,46,36,103,38,41,48,39,9,2,40,40,32,45,39,78
"Green Valley village, Illinois",716,692,0,24,0,0,0,98,49,33,14,0,8,53438,136,718,699,6,295,2,1,12,20,4,53,21,38,12,132,376,33,274,81,193,20,12,55,36,61,19,66,9,16,40,12,17,31563,"Green Valley village, Illinois",6,326,20,0,0,0,360,5,148,,,,43,274,101,47,49,18,21,10,0,3,4,21,37,24,17,25,8,26,4,18,2,11,4,0,0,27,19,39,33,15,0,3,2,"Green Valley village, Illinois",0,64,24,18,3,22,30,12,22,8,8,4,2,4,4,4
"Greenview village, Illinois",920,876,11,25,3,0,0,125,52,35,8,6,0,54659,64,545,920,0,443,0,0,39,45,21,87,11,57,28,155,442,48,397,96,301,56,16,8,48,15,28,158,12,28,54,12,17,31576,"Greenview village, Illinois",1,350,71,0,0,0,481,28,259,,,,58,397,131,22,39,35,40,27,0,6,18,31,14,24,33,25,23,34,19,8,0,22,6,8,14,3,27,38,12,19,14,0,2,"Greenview village, Illinois",15,36,18,17,35,30,19,45,31,11,6,8,19,6,21,40
"Greenville city, Illinois",6725,5168,1012,405,88,41,0,668,286,621,449,24,56,40625,1040,526,6499,29,2628,16,56,148,103,502,592,223,171,269,548,2799,334,2351,1122,1229,266,608,393,51,243,70,52,81,0,307,236,17,31589,"Greenville city, Illinois",0,1894,224,0,0,0,2490,26,3411,,,,244,2351,627,151,255,183,58,135,77,94,365,236,367,315,283,339,233,205,136,17,51,46,119,101,78,47,58,80,97,113,121,133,57,"Greenville city, Illinois",60,198,159,172,204,35,217,147,170,65,54,118,122,129,81,244
"Greenwood village, Illinois",352,316,0,35,0,1,0,76,56,40,20,0,0,99167,52,1264,343,0,168,4,0,32,3,8,30,15,9,0,67,160,28,144,63,81,35,2,29,9,31,5,12,0,0,15,10,17,31667,"Greenwood village, Illinois",4,132,3,3,0,0,206,2,82,,,,17,144,27,4,1,17,3,0,0,17,0,7,1,4,34,11,17,8,2,8,3,10,6,6,1,0,1,19,10,11,3,0,0,"Greenwood village, Illinois",3,5,21,2,20,31,19,5,3,6,8,2,8,4,5,6
"Gridley village, Illinois",1384,1271,40,57,0,0,0,110,92,188,57,2,6,59464,135,620,1357,8,599,3,11,84,83,39,78,60,74,33,134,627,82,559,130,429,59,47,37,50,80,40,111,60,25,47,17,17,31732,"Gridley village, Illinois",8,518,49,0,0,0,636,5,381,,,,58,559,180,66,40,45,25,13,5,0,20,30,40,24,22,24,58,54,15,35,16,14,32,32,13,4,35,109,27,35,25,0,3,"Gridley village, Illinois",51,24,52,21,24,32,22,68,30,35,24,20,25,37,28,30
"Griggsville city, Illinois",1454,1309,0,89,0,1,0,125,121,67,31,0,0,39907,272,419,1446,0,637,8,3,17,52,39,72,90,51,43,262,787,115,572,166,406,118,47,19,151,31,54,103,20,0,35,8,17,31771,"Griggsville city, Illinois",7,526,42,0,0,0,714,51,518,,,,137,572,168,57,26,14,27,32,55,36,44,3,57,76,16,41,74,51,23,23,7,28,22,37,17,25,54,14,30,8,15,6,9,"Griggsville city, Illinois",9,46,12,27,68,64,60,46,37,12,32,15,22,22,36,19
"Gulfport village, Illinois",41,41,0,0,0,0,0,11,1,2,1,0,0,85357,0,-666666666,38,0,29,0,3,8,4,0,5,0,2,0,7,24,2,22,3,19,3,0,15,7,0,0,0,1,1,1,0,17,31992,"Gulfport village, Illinois",0,28,0,0,0,0,28,0,13,,,,10,22,0,0,0,0,0,0,0,0,0,1,0,0,0,2,0,13,0,0,2,2,0,4,0,0,0,0,0,0,0,0,0,"Gulfport village, Illinois",1,0,0,0,4,0,2,7,0,0,0,0,3,0,0,0
"Gurnee village, Illinois",30519,19159,2249,4253,59,3913,0,2275,1676,6803,3408,452,396,100892,1459,1252,25300,396,11969,55,177,1468,4920,2539,1555,477,400,173,205,14424,2143,11403,3234,8169,378,1252,1444,2204,2136,1154,2431,551,801,1447,916,17,32018,"Gurnee village, Illinois",577,13271,1372,79,45,284,17797,950,6779,,,,1155,11403,3947,792,998,1135,713,565,246,219,638,710,884,759,1196,911,1232,1109,425,522,250,336,412,179,139,132,587,1063,894,815,689,197,154,"Gurnee village, Illinois",868,939,701,1060,1067,1210,1462,1125,519,458,376,402,609,335,221,266
"Hainesville village, Illinois",3595,2683,70,646,0,158,0,296,331,762,265,58,0,92396,53,1349,3053,0,1535,0,0,574,847,49,17,0,0,27,21,1763,367,1535,174,1361,22,107,125,110,281,88,258,175,161,448,149,17,32200,"Hainesville village, Illinois",170,1884,137,0,0,52,2398,95,563,,,,124,1535,446,71,115,122,109,0,0,0,56,133,165,121,159,248,119,119,169,39,8,18,18,1,31,18,86,100,108,53,9,40,39,"Hainesville village, Illinois",166,18,136,77,313,126,121,141,27,26,12,25,33,24,25,51
"Hamburg village, Illinois",153,153,0,0,0,0,0,10,1,8,2,2,2,38571,23,-666666666,153,0,119,0,0,6,3,5,5,11,22,6,61,96,0,42,6,36,0,0,0,12,0,2,5,3,0,2,0,17,32395,"Hamburg village, Illinois",0,24,0,0,0,0,27,3,95,,,,11,42,15,3,4,18,8,0,0,0,0,0,0,0,6,0,0,32,8,0,0,0,5,11,0,1,3,3,0,0,0,0,0,"Hamburg village, Illinois",0,3,5,0,9,0,1,9,0,0,0,0,8,13,1,2
"Hamel village, Illinois",808,791,0,9,0,0,8,92,50,139,26,0,8,68333,14,833,785,7,334,2,14,96,22,14,85,35,61,0,5,377,13,314,84,230,25,20,16,38,48,37,41,12,31,50,17,17,32408,"Hamel village, Illinois",0,327,0,0,0,0,373,0,206,,,,69,314,119,14,37,41,32,13,2,0,6,31,38,33,46,7,6,17,0,0,0,13,38,5,2,0,46,37,29,17,13,0,4,"Hamel village, Illinois",21,21,31,28,50,8,18,0,0,19,0,0,14,25,9,37
"Hamilton city, Illinois",2808,2731,4,0,0,23,0,282,249,350,61,13,34,49566,285,684,2722,19,1282,0,20,43,103,73,245,263,149,34,352,1211,162,1137,298,839,66,174,174,230,162,58,81,17,32,28,51,17,32434,"Hamilton city, Illinois",22,952,119,0,0,0,1395,81,841,,,,145,1137,360,53,101,77,38,26,5,0,81,97,60,84,107,137,25,88,47,23,6,38,67,35,27,27,55,76,186,71,0,0,19,"Hamilton city, Illinois",71,106,58,128,53,108,90,97,28,40,33,34,117,47,66,76
"Hamlet CDP, Illinois",0,0,0,0,0,0,0,0,0,0,0,0,0,-666666666,0,-666666666,0,0,0,0,0,0,0,0,0,0,0,0,0,0,0,0,0,0,0,0,0,0,0,0,0,0,0,0,0,17,32473,"Hamlet CDP, Illinois",0,0,0,0,0,0,0,0,0,,,,0,0,0,0,0,0,0,0,0,0,0,0,0,0,0,0,0,0,0,0,0,0,0,0,0,0,0,0,0,0,0,0,0,"Hamlet CDP, Illinois",0,0,0,0,0,0,0,0,0,0,0,0,0,0,0,0
"Hammond village, Illinois",530,522,0,2,1,0,0,69,17,36,46,0,0,62750,48,675,520,8,303,1,0,12,6,31,70,41,50,13,79,291,29,244,51,193,8,3,14,23,32,4,80,11,13,9,14,17,32499,"Hammond village, Illinois",4,184,28,0,0,0,227,7,175,,,,42,244,64,16,39,19,4,4,5,2,2,12,7,12,25,13,16,46,9,2,10,9,12,12,3,12,0,25,27,9,4,0,0,"Hammond village, Illinois",0,30,7,18,15,8,16,4,9,11,10,9,16,6,9,6
"Wenonah village, Illinois",14,14,0,0,0,0,0,3,1,4,0,0,0,102500,0,-666666666,14,0,8,0,0,0,2,0,0,2,0,1,3,6,0,8,3,5,0,4,0,0,0,0,0,0,0,0,1,17,79826,"Wenonah village, Illinois",0,5,0,0,0,0,8,0,6,,,,2,8,0,0,0,0,0,1,0,0,0,0,0,0,0,0,0,0,1,0,1,1,2,0,0,0,0,0,0,0,0,0,0,"Wenonah village, Illinois",0,0,0,0,0,0,1,0,6,1,0,0,0,0,0,0
"West Brooklyn village, Illinois",187,185,0,2,0,0,0,4,15,21,12,0,0,65417,26,1156,175,0,67,0,0,0,0,0,4,6,10,9,38,100,4,63,11,52,6,3,0,13,5,0,11,0,0,5,16,17,80008,"West Brooklyn village, Illinois",3,50,9,0,0,0,69,2,56,,,,12,63,12,14,2,19,1,0,3,0,0,4,2,4,5,3,1,8,5,4,5,0,5,8,0,7,0,20,7,7,1,0,0,"West Brooklyn village, Illinois",1,0,1,8,1,6,5,12,1,4,0,3,8,2,0,0
"Westchester village, Illinois",16255,8859,2987,3416,0,674,0,1816,1006,3684,1379,153,117,88861,591,1474,13749,125,7093,0,0,95,294,566,530,1285,3287,722,314,7659,1199,6811,570,6241,330,592,792,1036,1105,409,1197,132,276,1023,778,17,80047,"Westchester village, Illinois",168,6501,582,33,172,192,8985,485,4975,,,,926,6811,1466,426,332,344,234,135,0,86,220,248,570,418,511,634,565,464,215,357,440,376,323,310,183,302,278,325,382,210,89,35,70,"Westchester village, Illinois",352,434,299,522,500,692,539,568,204,333,520,630,544,356,356,324
"West Chicago city, Illinois",26998,9428,951,13953,0,2254,0,2059,978,2972,1391,281,138,77098,2792,1130,17897,401,8218,33,38,1309,1801,1027,1336,664,799,191,1020,13198,1945,7838,2317,5521,227,1123,2146,2194,1401,924,2108,236,305,1150,758,17,80060,"West Chicago city, Illinois",384,9900,2093,13,0,401,14967,1137,5528,,,,686,7838,3429,759,968,1376,732,383,258,169,436,861,907,866,884,902,1062,1043,364,268,124,303,272,161,153,115,1091,874,927,840,452,407,358,"West Chicago city, Illinois",503,750,830,709,1060,1090,1036,771,249,329,202,332,342,181,113,186
"West City village, Illinois",615,604,3,3,0,0,0,57,32,49,7,3,5,37813,183,661,613,0,298,0,22,9,14,33,47,45,20,29,79,325,25,250,102,148,15,30,28,9,22,38,27,13,12,11,8,17,80073,"West City village, Illinois",0,197,12,0,0,0,247,18,193,,,,48,250,70,27,48,20,16,2,3,0,8,24,21,24,5,11,14,22,10,20,5,6,13,6,16,4,19,16,33,0,3,0,0,"West City village, Illinois",27,25,26,14,7,16,15,15,7,17,4,14,7,9,9,7
"West Dundee village, Illinois",7923,6824,132,467,0,500,0,763,529,1540,792,65,48,95707,354,1296,7184,64,3308,130,0,565,734,152,432,129,303,38,825,3966,660,3231,1370,1861,149,445,441,512,360,192,491,96,177,674,283,17,80125,"West Dundee village, Illinois",84,3506,220,0,0,59,4634,86,1607,,,,261,3231,915,374,208,217,144,95,78,21,215,190,402,245,181,179,481,295,85,170,32,92,109,106,30,17,348,270,165,81,0,31,52,"West Dundee village, Illinois",95,342,334,163,308,370,352,218,194,124,50,156,137,42,95,30
"Western Springs village, Illinois",13247,12201,98,631,49,138,0,501,278,3829,1967,677,267,184412,398,2036,12587,100,4664,171,59,372,289,60,390,912,1100,375,936,6664,951,4460,106,4354,118,446,570,563,430,246,715,161,349,844,599,17,80242,"Western Springs village, Illinois",69,3746,160,12,81,931,6072,156,3500,,,,337,4460,1843,624,674,543,401,53,143,0,144,137,123,464,435,378,573,659,209,296,92,153,159,173,127,104,548,454,558,345,144,28,0,"Western Springs village, Illinois",113,140,133,411,451,504,525,760,213,185,106,137,216,280,120,212
"Westervelt CDP, Illinois",33,33,0,0,0,0,0,0,0,0,0,0,0,-666666666,33,-666666666,33,0,10,0,0,0,0,0,0,10,0,0,0,10,0,10,10,0,0,0,10,0,0,0,0,0,0,0,0,17,80255,"Westervelt CDP, Illinois",0,10,0,0,0,0,10,0,0,,,,0,10,10,0,0,0,0,0,0,0,0,0,0,0,10,0,0,0,0,0,0,0,0,0,0,0,0,0,12,11,0,0,0,"Westervelt CDP, Illinois",0,0,0,0,0,0,0,0,0,0,0,0,0,0,0,0
"Westfield village, Illinois",570,544,0,10,0,8,0,90,32,21,7,0,2,53421,39,625,565,0,281,3,5,13,28,12,45,19,17,32,107,291,45,248,17,231,2,17,8,92,51,12,39,9,1,13,14,17,80281,"Westfield village, Illinois",3,231,23,0,0,0,270,3,200,,,,26,248,69,3,19,14,11,20,1,10,16,20,2,13,15,22,23,25,4,6,14,17,19,11,6,0,2,29,19,17,5,3,0,"Westfield village, Illinois",3,13,15,1,5,24,37,16,1,3,20,21,15,10,13,7
"West Frankfort city, Illinois",7597,7323,13,9,31,54,0,989,494,230,162,17,12,30938,2435,591,7543,0,3736,0,10,284,72,170,614,598,528,485,975,3679,388,3204,1170,2034,273,373,379,200,346,122,275,74,102,180,166,17,80333,"West Frankfort city, Illinois",76,2110,316,65,0,0,3201,458,2950,,,,478,3204,960,321,195,217,172,109,57,95,152,203,301,76,270,171,219,259,72,139,142,211,128,79,101,29,133,99,307,249,60,112,29,"West Frankfort city, Illinois",75,260,130,208,274,319,253,275,161,136,104,95,161,263,104,72
"Westlake Village CDP, Illinois",1744,1642,0,18,0,0,0,246,123,231,102,14,0,126333,62,-666666666,1731,0,540,0,0,383,139,0,0,0,0,18,0,845,126,540,16,524,0,0,31,158,158,79,176,15,0,48,37,17,80570,"Westlake Village CDP, Illinois",19,647,74,0,0,0,818,15,267,,,,62,540,273,0,190,196,0,17,0,0,19,0,15,60,61,78,48,32,15,75,13,16,10,0,0,0,20,100,153,35,0,0,0,"Westlake Village CDP, Illinois",35,0,0,133,131,46,36,52,59,13,13,30,28,15,0,0
"West Liberty CDP, Illinois",192,184,8,0,0,0,0,27,0,9,0,0,0,-666666666,65,-666666666,192,0,75,0,0,9,27,0,30,0,0,0,9,123,0,75,0,75,0,0,9,9,0,0,20,0,0,0,27,17,80580,"West Liberty CDP, Illinois",0,65,0,0,0,0,65,0,82,,,,0,75,18,17,11,4,0,0,0,9,0,38,0,0,0,0,0,9,0,35,0,0,0,0,0,0,9,0,4,0,0,0,0,"West Liberty CDP, Illinois",11,0,0,0,0,0,6,0,0,39,0,0,0,0,0,0
"Westmont village, Illinois",24677,15695,1818,3140,0,3336,0,2217,1444,5128,2300,636,333,69902,2744,1175,18712,138,11354,106,104,1013,1191,1920,3325,1547,1251,243,654,11262,1448,10485,4999,5486,157,1115,1462,1881,1491,552,1787,386,526,1090,871,17,80645,"Westmont village, Illinois",176,9651,501,37,26,804,13009,322,7076,,,,969,10485,2826,789,607,495,466,351,57,61,487,820,850,960,567,770,683,839,371,357,280,444,460,327,200,154,977,667,716,321,217,15,106,"Westmont village, Illinois",408,946,1093,901,553,799,898,931,369,717,398,391,586,556,252,465
"West Peoria city, Illinois",4510,3286,700,13,0,13,0,752,291,359,133,69,6,47984,474,868,4467,42,2269,0,0,72,66,0,119,98,318,615,981,2028,186,1884,451,1433,8,278,593,640,193,108,103,0,0,54,0,17,80736,"West Peoria city, Illinois",18,1875,72,22,0,0,2213,66,1375,,,,163,1884,582,182,237,42,114,23,0,29,55,152,172,132,116,102,99,203,36,213,47,9,54,81,45,36,130,177,67,123,10,6,74,"West Peoria city, Illinois",27,171,220,47,144,162,77,158,19,110,55,119,183,40,80,132
"West Point village, Illinois",219,217,0,0,0,2,0,12,11,1,2,0,0,49167,92,317,215,2,79,0,0,0,8,7,0,7,7,12,38,96,6,66,8,58,1,2,1,3,9,4,0,21,4,16,0,17,80762,"West Point village, Illinois",0,56,5,0,0,0,74,2,86,,,,10,66,28,2,2,14,7,0,0,1,1,1,2,16,5,4,2,14,5,4,0,3,13,0,0,0,2,0,32,19,2,2,0,"West Point village, Illinois",0,2,0,16,8,8,1,11,5,3,9,3,0,0,0,0
"West Salem village, Illinois",872,829,13,6,0,0,0,52,114,59,11,3,11,47024,132,467,871,0,436,0,3,28,13,45,93,25,33,32,164,435,41,332,50,282,11,20,8,44,65,46,40,2,0,53,10,17,80853,"West Salem village, Illinois",6,276,24,0,0,0,345,26,323,,,,58,332,101,0,54,26,24,18,2,18,11,22,34,27,27,23,18,16,15,15,3,15,23,23,7,14,37,33,40,23,10,3,0,"West Salem village, Illinois",7,25,21,32,33,21,12,16,16,14,16,22,27,14,2,13
"West Union CDP, Illinois",241,207,34,0,0,0,0,24,38,12,18,0,0,48929,34,-666666666,241,0,117,0,0,0,0,14,6,9,16,7,65,112,16,82,27,55,18,0,23,9,32,26,6,7,0,0,0,17,80879,"West Union CDP, Illinois",6,103,6,0,0,0,134,0,61,,,,5,82,32,4,6,12,0,0,9,0,0,9,9,0,23,9,7,5,0,0,0,0,9,5,5,0,10,7,7,17,6,0,0,"West Union CDP, Illinois",5,19,0,0,30,5,0,4,0,0,0,5,5,6,0,3
"Westville village, Illinois",3228,3027,32,82,0,25,0,300,278,254,50,22,0,47614,220,623,3175,0,1339,0,22,32,166,89,139,184,169,126,412,1379,130,1281,281,1000,59,112,195,485,200,22,44,10,34,55,0,17,80931,"Westville village, Illinois",35,1180,71,0,0,0,1413,60,922,,,,164,1281,563,126,189,91,23,31,10,3,46,139,33,130,114,64,66,60,0,75,50,34,57,13,8,17,109,139,203,88,0,33,11,"Westville village, Illinois",48,86,139,125,75,111,116,103,42,96,24,100,100,44,6,51
"West York CDP, Illinois",45,45,0,0,0,0,0,0,0,5,0,0,0,11016,24,-666666666,45,0,34,0,0,0,16,5,0,8,0,0,5,5,0,29,16,13,0,0,0,0,0,0,0,0,5,0,0,17,80957,"West York CDP, Illinois",0,5,0,0,0,0,5,0,29,,,,0,29,5,0,0,0,0,0,0,0,0,0,0,0,0,0,0,0,5,0,0,0,0,0,0,0,0,11,0,0,0,0,0,"West York CDP, Illinois",0,0,0,0,5,0,0,8,16,0,0,0,0,0,0,0
"Wheaton city, Illinois",53157,41911,2035,3556,0,3513,23,3630,2397,12744,6887,1687,987,105764,2882,1464,46134,745,20368,501,292,1022,1893,3929,5665,2176,2627,613,1650,26070,2936,19218,5202,14016,615,2732,3259,3460,2989,1331,2076,681,938,1708,2391,17,81048,"Wheaton city, Illinois",671,18446,1093,44,49,1904,27875,1075,14586,,,,1663,19218,5988,1952,1965,1687,1029,964,628,420,877,1730,1949,1525,1393,1475,1490,1699,746,968,652,785,1022,634,323,454,1377,1719,1458,926,1200,488,322,"Wheaton city, Illinois",1183,1759,1815,1560,1348,1477,1735,1639,944,1123,665,1118,1025,685,559,665
"Wheeler village, Illinois",178,164,0,1,0,0,0,23,16,16,0,0,0,35625,46,579,178,0,77,1,0,1,27,0,18,0,1,4,25,89,20,60,18,42,6,2,0,11,12,16,12,0,0,7,4,17,81074,"Wheeler village, Illinois",3,63,4,0,0,0,76,2,31,,,,9,60,29,14,12,10,2,1,0,0,1,7,0,2,12,12,8,2,0,4,0,0,0,2,0,0,0,16,17,2,0,0,0,"Wheeler village, Illinois",6,0,13,4,10,8,2,0,0,1,0,2,1,4,0,3
"Wheeling village, Illinois",38684,18885,909,10781,197,6850,0,3798,1777,7565,3631,258,315,71966,3106,1270,21798,398,15705,232,317,1315,1516,3404,4517,2243,1711,101,349,18510,1901,15148,5879,9269,467,1362,2973,3404,2924,1747,3106,563,1038,1395,934,17,81087,"Wheeling village, Illinois",347,16072,2704,142,33,449,22840,799,8997,,,,668,15148,4125,988,1299,886,657,268,162,155,549,1491,2109,1831,1519,1086,826,1197,447,638,370,516,632,627,289,241,1395,1211,784,464,345,229,107,"Wheeling village, Illinois",660,1505,1678,1382,1327,1319,1245,1337,668,722,351,487,749,923,546,467
"Whiteash CDP, Illinois",83,80,0,0,0,0,0,11,0,8,13,0,0,48672,0,-666666666,83,0,55,0,0,0,25,0,3,0,27,0,0,45,0,37,11,26,0,0,0,0,10,0,3,0,0,0,11,17,81165,"Whiteash CDP, Illinois",0,24,0,0,0,0,24,0,52,,,,19,37,3,7,0,0,0,0,0,0,0,0,3,0,0,0,0,0,0,11,0,0,24,0,0,0,0,0,0,0,0,0,0,"Whiteash CDP, Illinois",0,0,8,0,0,10,0,0,0,0,0,13,7,0,0,0
"White City village, Illinois",197,194,0,3,0,0,0,20,11,12,4,0,0,54063,20,-666666666,190,0,109,0,5,22,17,8,14,1,13,7,22,106,18,87,1,86,8,14,7,9,11,2,12,11,3,17,13,17,81191,"White City village, Illinois",2,102,5,0,0,0,124,13,50,,,,12,87,17,3,4,3,3,9,0,2,0,8,4,19,3,9,9,5,2,9,5,2,3,2,0,2,3,7,2,0,0,4,0,"White City village, Illinois",0,3,8,7,6,12,4,5,5,4,4,2,10,1,2,2
"White Hall city, Illinois",2356,2290,41,0,0,0,0,242,94,108,69,0,0,42596,254,568,2356,0,1253,27,5,59,76,142,75,141,66,145,517,1094,160,944,251,693,113,170,65,85,91,36,187,35,6,92,71,17,81256,"White Hall city, Illinois",9,864,88,0,0,0,1020,23,875,,,,243,944,255,34,81,90,87,22,2,6,37,48,55,62,42,59,110,100,11,59,18,68,12,69,15,24,78,50,71,69,13,0,14,"White Hall city, Illinois",87,39,65,53,46,83,97,103,89,44,38,38,40,63,15,50
"White Heath CDP, Illinois",153,121,9,0,0,0,0,19,14,35,0,0,0,89297,10,-666666666,153,0,135,10,12,0,0,0,50,0,16,0,47,85,9,79,22,57,0,0,0,0,17,41,13,9,0,0,0,17,81295,"White Heath CDP, Illinois",0,80,0,0,0,0,102,12,51,,,,0,79,0,0,0,0,0,0,12,10,0,9,18,0,0,0,9,7,14,0,0,0,0,6,0,0,0,0,0,0,0,13,0,"White Heath CDP, Illinois",0,0,11,0,0,0,7,12,0,10,9,0,0,6,0,0
"Williamsfield village, Illinois",509,443,64,1,0,0,0,72,36,63,13,0,0,59167,52,525,509,0,226,25,9,18,13,12,39,17,23,12,58,239,14,206,29,177,33,16,9,5,53,19,41,23,25,22,6,17,81802,"Williamsfield village, Illinois",0,209,30,0,0,0,263,5,86,,,,27,206,67,20,2,46,10,2,0,4,6,0,33,30,3,11,3,12,3,14,7,12,9,0,7,5,9,3,8,68,0,2,0,"Williamsfield village, Illinois",5,5,11,24,27,16,12,11,9,12,12,8,12,9,7,0
"Williamson village, Illinois",202,194,0,1,0,1,0,17,8,5,3,0,2,46875,22,915,198,0,119,1,0,5,7,1,14,6,4,35,46,94,18,91,26,65,2,1,13,5,8,9,7,24,9,5,2,17,81815,"Williamson village, Illinois",2,77,8,0,0,0,102,5,73,,,,30,91,24,2,8,2,5,5,0,0,1,0,10,3,3,13,5,1,3,11,7,1,11,2,1,0,4,6,5,7,0,0,4,"Williamson village, Illinois",0,6,5,10,6,5,7,5,2,10,0,1,8,4,1,12
"Williamsville village, Illinois",1468,1413,0,27,0,11,0,131,98,238,125,13,2,86326,143,803,1452,4,609,13,11,43,140,46,80,52,51,38,135,738,122,587,97,490,41,113,57,70,197,117,150,6,0,16,14,17,81854,"Williamsville village, Illinois",0,719,39,0,0,0,836,13,326,,,,58,587,203,47,60,72,23,0,10,0,32,35,76,46,30,65,61,45,17,34,33,5,29,11,3,11,31,37,34,42,16,4,0,"Williamsville village, Illinois",39,40,49,66,65,27,49,57,19,29,32,6,23,21,9,28
"Willisville village, Illinois",596,575,1,18,0,0,0,55,43,13,14,0,0,54125,127,772,585,0,271,7,4,37,28,39,32,16,10,18,80,313,56,247,54,193,16,15,25,33,20,0,65,12,30,25,5,17,81867,"Willisville village, Illinois",6,242,10,0,0,0,294,28,148,,,,36,247,87,23,16,34,19,18,16,6,9,4,14,34,14,14,42,17,7,7,10,1,1,3,4,0,31,34,7,9,7,0,15,"Willisville village, Illinois",5,14,13,25,21,41,2,13,6,8,8,10,6,6,0,2
"Willowbrook village, Illinois",8610,6701,204,438,0,1207,0,808,389,2027,1036,490,161,86364,462,1639,6671,85,4352,24,0,196,355,1188,1805,428,250,47,59,3845,399,3916,854,3062,72,456,438,630,565,342,664,210,157,306,438,17,81919,"Willowbrook village, Illinois",89,3827,193,25,47,152,4848,152,2659,,,,457,3916,744,154,237,155,127,58,20,23,128,248,280,263,211,136,268,295,79,208,136,204,162,133,113,233,247,70,174,124,44,170,25,"Willowbrook village, Illinois",147,345,249,209,309,326,210,514,193,248,123,96,282,223,209,202
"Willowbrook CDP, Illinois",2062,376,1570,101,0,8,0,182,88,219,109,42,0,73990,177,-666666666,2052,10,681,0,0,10,156,83,341,75,9,7,0,1212,254,681,10,671,9,9,62,141,18,321,52,0,46,58,38,17,81938,"Willowbrook CDP, Illinois",10,659,91,0,0,14,1000,17,869,,,,101,681,111,7,0,27,84,99,0,221,36,48,24,97,0,44,210,123,18,20,30,9,92,6,0,17,22,8,46,63,39,44,0,"Willowbrook CDP, Illinois",9,53,62,12,36,209,52,30,10,34,9,18,56,7,21,10
"Willow Hill village, Illinois",266,266,0,0,0,0,0,13,23,1,0,0,0,29306,144,663,266,0,90,19,0,7,19,1,11,2,11,4,16,119,10,89,7,82,0,1,0,2,12,10,10,0,0,10,0,17,82010,"Willow Hill village, Illinois",3,42,6,0,0,0,82,17,89,,,,4,89,21,33,0,2,0,3,6,5,2,0,23,0,6,2,8,2,1,3,11,2,2,3,5,0,0,38,22,5,0,0,4,"Willow Hill village, Illinois",11,4,13,0,5,0,10,7,4,10,1,2,3,6,1,1
"Willow Lake CDP, Illinois",752,698,43,0,0,0,0,94,62,94,46,0,0,63889,60,-666666666,752,0,363,0,0,0,55,54,154,55,13,0,32,276,22,356,7,349,0,83,82,58,31,15,39,9,2,14,6,17,82029,"Willow Lake CDP, Illinois",0,319,20,0,0,0,397,5,267,,,,85,356,45,13,7,14,0,0,0,0,6,18,7,0,12,14,8,18,0,35,25,25,37,15,9,13,18,11,25,2,0,15,0,"Willow Lake CDP, Illinois",8,38,13,15,13,16,12,22,14,45,35,40,54,21,13,46
"Willow Springs village, Illinois",5610,4560,156,782,0,76,0,745,302,1115,331,88,8,98664,148,1199,4803,74,2347,6,16,400,201,313,488,346,371,53,153,2794,408,2303,418,1885,34,94,247,326,383,242,523,51,166,332,265,17,82049,"Willow Springs village, Illinois",61,2448,171,13,17,33,3105,147,1500,,,,310,2303,623,123,169,188,150,22,26,13,85,119,166,186,104,210,198,176,107,170,70,135,211,68,90,8,92,98,246,135,10,0,17,"Willow Springs village, Illinois",41,149,192,100,266,195,272,145,79,178,158,78,232,38,42,53
"Wilmette village, Illinois",27114,22025,183,682,18,3403,0,1139,448,6028,5660,2656,1126,161765,881,1498,22589,294,10827,223,131,577,523,280,685,1818,2364,857,3369,13205,2278,10210,1188,9022,126,808,860,834,910,361,1416,385,556,1576,1656,17,82075,"Wilmette village, Illinois",298,6210,449,124,442,1953,12455,492,8100,,,,724,10210,3843,824,892,1451,895,184,45,74,148,207,429,483,779,1203,1075,1266,372,389,286,386,664,445,322,420,841,800,1201,858,266,99,83,"Wilmette village, Illinois",143,157,383,700,953,953,1417,1061,348,622,276,543,709,528,377,557
"Wilmington village, Illinois",129,124,0,5,0,0,0,6,7,24,2,0,0,39531,17,-666666666,125,4,57,0,0,1,1,4,3,5,3,7,33,54,9,43,6,37,0,3,13,5,3,0,1,0,5,6,6,17,82088,"Wilmington village, Illinois",2,40,4,0,0,0,51,1,57,,,,19,43,11,7,2,4,0,2,0,1,0,3,0,1,0,6,3,4,6,1,0,2,5,5,2,0,5,2,1,3,0,0,4,"Wilmington village, Illinois",2,6,0,0,6,4,15,8,1,1,5,0,4,8,0,0
"Wilmington city, Illinois",5883,5207,30,580,0,12,0,656,462,345,254,9,40,57500,620,852,5785,0,2447,6,41,324,276,179,429,424,311,164,293,2631,466,2360,797,1563,116,415,355,314,214,205,440,126,143,216,235,17,82101,"Wilmington city, Illinois",43,2596,191,0,0,10,3110,99,1818,,,,322,2360,614,244,109,100,107,45,98,58,67,99,232,77,143,162,322,144,120,144,69,71,140,63,28,72,127,148,143,82,77,23,91,"Wilmington city, Illinois",81,108,251,194,136,229,264,264,73,100,12,103,126,262,200,75
"Wilsonville village, Illinois",612,587,4,12,0,0,0,59,32,16,3,0,0,48500,102,775,604,0,312,0,2,12,45,8,13,16,5,52,159,355,41,232,33,199,6,7,30,4,22,30,27,4,13,84,25,17,82218,"Wilsonville village, Illinois",3,214,35,0,0,0,267,9,215,,,,54,232,64,20,21,52,36,3,2,0,2,13,32,6,63,24,17,20,1,4,2,12,9,12,3,1,10,16,8,3,0,13,2,"Wilsonville village, Illinois",13,13,6,26,11,13,15,24,5,11,5,11,22,1,23,6
"Wilton Center CDP, Illinois",127,127,0,0,0,0,0,5,10,26,6,5,0,91500,6,-666666666,127,0,56,0,0,11,0,0,25,0,0,0,20,52,0,56,0,56,0,0,5,10,15,7,17,7,0,10,0,17,82257,"Wilton Center CDP, Illinois",0,59,12,0,0,0,75,0,37,,,,10,56,9,5,0,0,0,0,0,0,6,5,6,0,5,0,0,0,5,5,0,5,5,0,5,0,0,10,0,0,0,0,0,"Wilton Center CDP, Illinois",0,4,0,14,5,0,5,0,10,5,0,10,6,6,0,0
"Wenona city, Illinois",1077,981,0,45,0,0,0,147,44,71,26,6,6,35179,211,649,1028,6,542,6,0,54,54,3,75,16,51,59,224,486,57,488,185,303,39,22,42,27,28,53,67,7,28,27,41,17,79813,"Wenona city, Illinois",22,356,47,0,0,0,446,24,362,,,,69,488,160,55,47,24,13,18,0,6,25,24,14,36,12,43,14,34,20,10,8,22,16,15,26,4,71,49,20,7,11,23,13,"Wenona city, Illinois",23,52,44,38,17,33,19,29,19,20,4,17,33,15,18,16
"Winchester city, Illinois",1717,1688,10,19,0,0,0,91,57,196,64,37,6,52500,259,539,1704,0,799,12,4,11,33,60,78,99,64,59,379,835,117,670,160,510,130,48,35,32,190,119,79,27,0,80,66,17,82270,"Winchester city, Illinois",10,717,71,0,0,0,904,34,453,,,,101,670,207,62,58,47,34,22,10,13,20,42,62,36,18,57,60,107,15,39,32,18,22,13,34,14,64,56,63,34,13,0,22,"Winchester city, Illinois",23,43,74,30,24,63,62,108,27,45,23,4,24,25,38,17
"Windsor village, Illinois",809,769,0,3,0,6,0,102,78,59,13,4,0,46382,128,529,802,5,417,0,4,8,5,29,64,39,84,16,168,411,54,369,73,296,20,13,22,26,14,10,80,29,85,39,14,17,82309,"Windsor village, Illinois",16,343,25,0,0,0,413,28,271,,,,30,369,61,24,3,26,14,5,5,19,4,26,28,17,16,34,20,47,6,5,10,24,13,17,40,8,26,24,19,6,0,10,2,"Windsor village, Illinois",1,9,32,25,15,33,23,45,8,8,4,24,24,17,34,9
"Windsor city, Illinois",1150,1077,0,61,0,0,0,145,115,83,5,0,0,48750,195,685,1150,0,606,0,0,21,41,69,161,70,74,54,116,536,28,510,105,405,45,33,31,65,120,19,64,3,20,25,51,17,82322,"Windsor city, Illinois",8,433,36,0,0,0,540,44,367,,,,71,510,137,50,33,28,37,20,0,7,19,35,12,56,40,15,13,27,15,28,5,14,18,50,11,3,24,27,60,15,5,0,0,"Windsor city, Illinois",33,32,6,80,41,23,29,80,8,2,10,9,50,54,0,26
"Winfield village, Illinois",9683,8360,55,629,6,518,0,900,330,2876,1189,267,153,125481,133,2059,8813,112,3919,178,145,529,677,1002,392,650,234,47,65,4881,650,3834,432,3402,69,654,548,455,365,269,517,304,188,550,539,17,82400,"Winfield village, Illinois",124,3779,294,15,13,388,5385,76,2586,,,,410,3834,1095,353,294,220,199,89,60,0,222,140,216,346,266,261,389,516,188,349,115,88,280,130,84,76,172,165,380,205,71,18,25,"Winfield village, Illinois",119,156,192,206,304,320,585,437,145,255,94,167,240,305,120,121
"Winnebago village, Illinois",3539,3403,53,83,0,0,0,280,360,362,187,21,0,83611,279,856,3524,0,1394,0,3,215,436,143,152,137,82,51,175,1698,230,1362,182,1180,92,110,140,305,317,199,321,91,53,38,56,17,82491,"Winnebago village, Illinois",45,1639,117,0,0,0,1946,88,787,,,,210,1362,495,60,79,224,84,72,0,40,43,72,62,111,91,122,108,117,62,65,73,54,62,64,27,6,136,125,142,67,22,15,0,"Winnebago village, Illinois",37,68,86,160,129,89,172,153,88,56,32,48,64,31,64,57
"Winnetka village, Illinois",12361,11340,0,221,0,365,0,308,166,3252,2516,1094,310,250001,324,1475,11183,231,4669,98,61,325,240,126,193,358,453,474,2341,6050,1029,4204,401,3803,83,238,300,384,251,314,357,102,248,985,693,17,82530,"Winnetka village, Illinois",40,2393,232,16,66,1084,5156,167,3713,,,,275,4204,1768,514,600,547,330,84,43,46,32,138,224,306,301,545,484,459,323,104,176,259,231,108,156,40,461,789,364,406,138,28,78,"Winnetka village, Illinois",73,127,210,343,386,480,559,441,188,169,284,243,190,187,94,73
"Winslow village, Illinois",324,317,0,6,0,0,0,31,7,23,5,0,0,53125,52,714,317,2,193,0,0,1,5,14,17,29,5,24,98,165,26,150,59,91,12,9,20,33,39,30,19,0,11,11,4,17,82543,"Winslow village, Illinois",2,170,18,0,0,0,196,0,67,,,,14,150,38,14,3,16,6,3,0,0,8,14,8,15,7,15,11,3,7,12,9,0,8,0,1,5,5,13,8,2,0,0,2,"Winslow village, Illinois",3,11,15,14,1,12,9,15,4,7,16,9,3,4,5,1
"Winthrop Harbor village, Illinois",6675,5563,89,907,5,60,0,679,541,999,245,22,21,82500,145,1036,6325,12,2826,0,7,338,496,331,552,352,465,127,158,3338,509,2602,463,2139,104,137,244,374,380,230,496,160,124,356,351,17,82686,"Winthrop Harbor village, Illinois",158,2790,241,5,0,16,3654,435,2049,,,,576,2602,743,74,239,195,72,96,10,64,165,129,215,86,228,240,269,366,122,160,93,166,238,57,30,24,103,146,135,123,60,14,0,"Winthrop Harbor village, Illinois",197,156,151,121,263,145,202,430,174,286,15,195,225,72,24,100
"Witt city, Illinois",613,604,3,6,0,0,0,49,26,42,9,0,3,36250,127,500,611,0,364,7,0,0,60,13,37,31,29,65,122,292,61,297,73,224,9,14,23,51,42,6,57,3,0,14,31,17,82725,"Witt city, Illinois",6,198,35,0,0,0,286,19,237,,,,53,297,46,4,8,19,5,37,6,0,7,6,4,12,22,25,36,11,15,27,9,10,11,7,0,11,14,15,25,8,2,0,2,"Witt city, Illinois",6,20,4,35,19,18,34,28,6,11,21,12,10,8,9,14
"Wonder Lake village, Illinois",3955,2706,0,962,0,133,0,383,319,452,68,14,11,83958,203,726,3774,28,1648,0,0,464,44,89,163,273,352,145,118,2019,238,1494,194,1300,0,25,238,238,283,62,130,92,139,276,364,17,82855,"Wonder Lake village, Illinois",64,1789,58,0,0,64,2123,112,868,,,,377,1494,747,227,181,87,179,52,0,0,41,152,243,153,123,115,123,53,23,44,11,99,92,21,0,0,39,183,202,55,56,0,82,"Wonder Lake village, Illinois",0,141,147,87,104,231,84,188,18,59,63,70,79,19,0,29
"Wood Dale city, Illinois",13783,8565,265,3813,0,926,21,1103,807,1807,553,52,1,75521,968,1428,9756,243,5412,37,23,581,624,741,1218,1230,697,167,94,7075,1017,5135,1199,3936,91,540,956,719,926,610,1295,164,158,496,613,17,82985,"Wood Dale city, Illinois",197,5959,550,42,22,136,7673,345,3543,,,,419,5135,1619,688,396,422,238,231,99,61,319,641,393,347,473,599,418,399,194,290,56,119,259,163,181,89,188,490,248,312,106,90,138,"Wood Dale city, Illinois",284,315,529,438,388,491,424,315,305,383,107,322,296,182,65,292
"Woodhull village, Illinois",752,744,6,2,0,0,0,95,62,103,9,3,0,57656,89,655,743,7,423,0,0,14,63,13,67,74,24,27,141,409,30,318,92,226,39,74,28,17,13,9,60,33,43,35,40,17,83063,"Woodhull village, Illinois",2,353,27,0,0,0,411,6,213,,,,36,318,75,6,21,41,7,8,5,4,31,8,45,24,45,19,11,24,25,12,12,15,9,10,13,14,9,11,32,30,5,2,5,"Woodhull village, Illinois",0,11,28,35,21,18,13,20,9,16,18,17,13,9,12,9
"Woodland village, Illinois",338,298,11,5,0,0,0,51,19,6,0,0,0,48958,67,767,338,0,130,0,3,6,23,3,32,20,9,7,27,166,23,118,28,90,4,15,14,32,12,2,7,0,10,18,5,17,83102,"Woodland village, Illinois",17,117,19,0,0,0,147,11,104,,,,15,118,44,0,5,14,23,5,2,0,0,17,13,8,16,6,17,4,1,7,0,8,5,15,0,0,12,6,33,5,0,0,0,"Woodland village, Illinois",5,14,10,11,5,17,4,17,4,3,0,5,16,4,1,0
"Woodlawn village, Illinois",555,506,6,17,1,0,0,39,65,48,22,2,0,63750,76,750,539,4,235,0,0,38,49,65,47,13,0,5,18,237,29,207,38,169,21,15,38,72,40,5,25,3,0,8,20,17,83206,"Woodlawn village, Illinois",4,234,11,0,0,0,273,11,114,,,,26,207,92,32,22,8,6,0,0,6,9,18,1,26,14,13,16,21,5,12,6,8,9,5,0,0,45,37,22,5,3,6,2,"Woodlawn village, Illinois",10,28,15,23,9,21,17,15,9,2,6,6,13,13,0,11
"Woodridge village, Illinois",33443,19872,3321,5381,41,4070,0,3467,1935,7087,3249,704,414,88803,1455,1367,26050,177,13557,292,349,1582,1729,2671,3951,2463,384,66,70,16794,2041,13023,4601,8422,69,994,1717,2005,2291,1564,2420,791,829,2091,1915,17,83245,"Woodridge village, Illinois",717,13920,1936,212,118,925,20472,811,6045,,,,1237,13023,4013,1269,974,1017,558,474,290,182,728,1528,1383,1263,1186,987,1062,981,507,671,285,321,578,407,96,129,900,1145,1223,492,155,75,219,"Woodridge village, Illinois",609,1250,1017,1285,1348,1119,962,1485,740,665,348,545,431,282,193,79
"Hampshire village, Illinois",5909,5373,0,377,0,159,0,248,445,879,403,0,26,99635,424,1527,5780,0,1919,104,181,659,241,116,252,73,129,24,140,2828,726,1839,570,1269,131,138,157,124,481,204,237,141,333,176,208,17,32525,"Hampshire village, Illinois",45,2144,43,0,0,0,3157,78,1458,,,,276,1839,710,123,84,214,117,0,33,0,230,245,61,196,101,316,410,260,68,29,23,32,172,114,0,0,59,279,446,80,96,0,156,"Hampshire village, Illinois",0,168,125,280,176,448,316,201,54,26,143,0,0,28,0,0
"Hampton village, Illinois",2074,1777,80,173,0,0,0,155,214,275,106,12,3,73304,139,916,2042,6,891,19,15,144,77,17,216,190,108,38,67,1044,203,857,169,688,107,35,134,120,172,71,78,18,4,31,77,17,32564,"Hampton village, Illinois",46,758,44,0,4,0,1012,82,617,,,,109,857,340,70,51,69,54,43,0,9,31,58,72,35,80,167,36,48,23,21,19,25,78,32,18,5,58,45,111,105,9,4,4,"Hampton village, Illinois",32,79,60,64,43,67,43,55,27,29,25,50,51,51,8,10
"Hanaford village, Illinois",325,299,0,10,0,0,0,52,36,9,2,0,0,47250,54,761,325,0,158,0,2,9,19,35,31,15,8,6,33,141,7,143,28,115,6,12,7,32,14,3,19,0,14,7,6,17,32616,"Hanaford village, Illinois",0,103,9,0,0,0,130,8,122,,,,23,143,32,1,12,15,4,4,0,0,1,10,6,8,0,4,3,15,7,15,8,4,11,7,6,0,22,11,8,5,4,5,0,"Hanaford village, Illinois",7,11,3,11,16,2,15,10,10,14,10,12,5,3,0,0
"Hanna City village, Illinois",1347,1263,0,61,0,11,0,105,139,100,79,7,3,54138,94,725,1319,4,722,7,40,155,42,23,65,56,109,44,181,664,68,664,172,492,41,10,46,62,250,77,64,6,10,19,10,17,32668,"Hanna City village, Illinois",2,531,52,4,0,0,628,14,502,,,,103,664,112,46,47,36,6,13,0,6,12,46,13,30,40,55,16,93,6,36,37,22,36,36,28,7,37,25,22,18,26,0,15,"Hanna City village, Illinois",6,48,14,42,46,15,29,20,22,68,31,36,54,56,35,15
"Hanover village, Illinois",713,609,14,12,44,0,0,133,50,44,9,0,0,42941,143,605,705,4,493,0,0,0,5,25,57,73,40,79,214,319,33,380,138,242,35,8,29,36,27,65,53,3,22,11,6,17,32707,"Hanover village, Illinois",13,218,65,0,0,0,337,3,256,,,,62,380,86,27,6,14,13,0,6,0,4,42,17,4,16,11,22,16,2,11,18,18,33,12,20,7,8,34,16,8,0,3,3,"Hanover village, Illinois",15,32,16,8,6,19,52,24,9,15,25,8,44,28,14,7
"Hanover Park village, Illinois",37811,12898,3012,14489,32,6403,36,3388,2103,4588,1398,477,58,77367,4791,1320,24982,354,11306,36,49,385,1362,1739,4881,2082,515,192,65,18002,2241,11064,2991,8073,140,1247,1930,2350,2081,1444,3114,812,1078,1443,1455,17,32746,"Hanover Park village, Illinois",462,13373,2899,146,34,470,20160,1134,8662,,,,945,11064,4895,630,1156,1877,996,407,322,101,882,1323,1350,1627,1136,1045,1196,1207,409,621,318,456,508,237,151,47,1096,1693,1965,1121,613,255,190,"Hanover Park village, Illinois",662,1215,1396,1590,1131,1230,1090,1410,439,488,399,412,601,405,302,106
"Hardin village, Illinois",831,757,28,46,0,0,0,94,116,31,25,0,0,55938,153,388,828,0,450,0,0,44,55,27,18,89,20,42,155,365,113,263,54,209,46,63,14,2,4,6,26,0,0,63,55,17,32850,"Hardin village, Illinois",12,264,25,0,0,0,326,4,357,,,,60,263,68,28,7,39,7,11,0,1,11,13,26,19,14,51,62,2,16,1,13,11,21,17,9,16,40,0,27,27,9,5,5,"Hardin village, Illinois",3,5,28,17,15,12,59,14,22,18,5,7,46,18,34,20
"Harding CDP, Illinois",153,104,0,49,0,0,0,27,0,29,0,0,0,77750,79,-666666666,153,0,36,0,0,0,0,0,0,0,9,0,27,61,0,36,6,30,0,20,10,0,0,0,0,12,0,0,20,17,32876,"Harding CDP, Illinois",0,62,0,0,0,0,81,10,25,,,,9,36,16,0,11,10,0,0,0,0,0,0,10,0,0,0,0,30,0,0,0,0,0,0,0,0,20,0,6,0,0,0,0,"Harding CDP, Illinois",14,12,9,0,0,0,10,21,0,0,0,0,0,0,0,0
"Harmon village, Illinois",146,127,6,10,0,0,0,17,7,3,1,0,0,32500,48,-666666666,146,0,60,3,0,0,3,0,11,4,21,1,17,83,10,60,22,38,0,2,7,14,23,7,0,1,0,1,0,17,32967,"Harmon village, Illinois",4,59,0,0,0,0,61,2,54,,,,12,60,15,3,8,10,0,10,0,6,3,3,3,8,3,6,4,2,1,5,0,3,0,3,1,1,2,6,2,1,0,3,0,"Harmon village, Illinois",0,5,1,0,6,17,5,2,2,0,3,1,0,3,0,4
"Harmony CDP, Illinois",0,0,0,0,0,0,0,0,0,0,0,0,0,-666666666,0,-666666666,0,0,0,0,0,0,0,0,0,0,0,0,0,0,0,0,0,0,0,0,0,0,0,0,0,0,0,0,0,17,33019,"Harmony CDP, Illinois",0,0,0,0,0,0,0,0,0,,,,0,0,0,0,0,0,0,0,0,0,0,0,0,0,0,0,0,0,0,0,0,0,0,0,0,0,0,0,0,0,0,0,0,"Harmony CDP, Illinois",0,0,0,0,0,0,0,0,0,0,0,0,0,0,0,0
"Harrisburg city, Illinois",8578,7583,220,83,0,63,34,1054,892,730,251,65,24,34335,1882,629,8472,17,4294,192,59,389,329,239,508,449,523,571,1035,3912,474,3681,1347,2334,498,922,276,201,153,102,267,67,116,225,119,17,33136,"Harrisburg city, Illinois",96,2734,171,71,0,0,3724,388,3086,,,,521,3681,1229,324,233,255,274,77,30,10,102,357,261,376,92,198,290,152,220,157,97,110,107,87,69,223,281,266,251,173,52,38,41,"Harrisburg city, Illinois",112,371,373,184,130,266,393,318,187,96,83,135,254,136,135,202
"Harrison CDP, Illinois",934,709,129,8,0,20,0,155,56,56,9,0,0,48977,78,786,917,0,403,31,19,0,12,71,25,62,51,53,79,380,36,403,134,269,7,72,50,76,0,6,82,33,0,14,0,17,33162,"Harrison CDP, Illinois",35,336,32,0,0,0,414,39,274,,,,48,403,131,0,27,56,49,9,18,0,0,0,31,13,37,25,11,20,0,6,15,0,14,11,17,21,46,85,0,64,0,0,0,"Harrison CDP, Illinois",0,70,24,17,17,52,12,56,10,3,0,22,31,0,13,32
"Harristown village, Illinois",1294,1256,8,6,0,9,0,145,54,119,25,8,0,49542,162,625,1279,6,553,0,8,21,48,42,110,46,150,38,90,617,98,527,75,452,10,14,82,205,142,38,21,2,10,18,3,17,33227,"Harristown village, Illinois",0,519,22,0,0,0,591,38,459,,,,99,527,118,56,23,38,41,9,5,10,15,46,39,10,30,15,83,33,17,21,10,17,61,23,10,5,30,45,39,36,16,16,0,"Harristown village, Illinois",15,33,35,25,22,34,32,73,9,49,23,55,55,25,6,4
"Hartford village, Illinois",1769,1762,0,3,0,0,0,125,117,62,28,6,0,38580,289,833,1754,8,902,0,0,1,3,19,103,101,297,196,182,759,86,747,182,565,57,97,97,104,92,33,48,48,42,19,3,17,33279,"Hartford village, Illinois",0,584,53,0,0,0,706,26,610,,,,108,747,229,12,62,52,80,26,29,0,17,45,28,70,71,51,35,44,23,9,9,11,31,21,20,13,46,106,114,28,56,3,3,"Hartford village, Illinois",17,57,57,72,38,46,40,31,14,35,4,33,58,21,12,119
"Hartland CDP, Illinois",156,151,0,5,0,0,0,43,10,18,15,0,0,-666666666,0,-666666666,148,0,15,0,0,0,0,0,0,0,15,0,0,15,0,15,0,15,0,0,0,0,0,0,0,0,0,0,0,17,33292,"Hartland CDP, Illinois",0,0,0,0,0,0,0,0,156,,,,28,15,0,0,0,0,0,0,0,0,0,0,0,0,0,0,0,0,0,0,0,0,0,0,15,28,0,0,0,0,0,0,0,"Hartland CDP, Illinois",0,0,0,0,0,0,4,0,0,0,0,0,0,15,14,80
"Hartsburg village, Illinois",386,319,0,1,0,0,0,55,34,19,5,0,0,50625,8,833,384,0,196,0,0,2,14,1,42,16,18,27,76,239,39,178,40,138,7,5,95,27,16,3,6,4,28,47,4,17,33318,"Hartsburg village, Illinois",0,186,53,0,0,0,265,14,78,,,,17,178,47,29,2,0,12,5,1,0,57,38,8,5,1,6,33,15,4,5,4,1,2,3,2,6,8,2,0,0,16,0,0,"Hartsburg village, Illinois",9,23,7,3,6,4,16,21,4,0,5,2,2,4,5,10
"Harvard city, Illinois",9203,4305,11,4802,18,21,0,422,270,410,102,10,6,51931,1464,993,7374,8,3049,0,33,788,487,304,247,308,339,101,442,4476,450,2863,1386,1477,81,665,203,343,483,184,271,414,441,258,428,17,33331,"Harvard city, Illinois",99,3124,694,0,11,0,4499,468,1765,,,,264,2863,1494,342,338,771,117,109,72,72,211,291,452,316,301,203,247,182,67,48,59,114,116,34,5,9,332,516,502,427,104,105,30,"Harvard city, Illinois",158,317,287,427,132,154,310,230,79,145,98,69,140,36,68,61
"Harvel village, Illinois",246,217,0,26,0,0,0,22,21,6,2,0,0,37500,35,675,244,2,117,0,0,2,3,0,12,25,9,12,54,112,8,92,20,72,7,5,14,3,17,0,17,6,8,16,1,17,33357,"Harvel village, Illinois",4,90,5,0,0,0,108,2,79,,,,14,92,35,10,5,11,3,2,0,2,4,13,5,7,12,6,2,14,2,1,0,2,3,0,6,2,17,7,9,7,3,2,0,"Harvel village, Illinois",5,7,3,17,9,5,6,5,9,3,1,10,4,3,0,2
"Harvey city, Illinois",24295,930,15793,6573,0,489,0,2630,839,1215,392,29,60,32635,7473,940,20512,175,11066,0,0,337,568,507,1688,1852,3338,885,1891,11504,1400,8657,4170,4487,203,497,952,844,1517,292,1435,443,659,798,677,17,33383,"Harvey city, Illinois",563,6430,897,693,188,272,11350,1658,7561,,,,822,8657,2948,601,963,1025,488,377,312,283,576,1013,524,495,809,668,754,537,452,471,252,211,276,214,181,96,776,755,1073,586,276,226,190,"Harvey city, Illinois",651,1044,491,766,722,1099,704,529,433,353,185,486,507,339,325,201
"Harwood Heights village, Illinois",8393,6094,48,1330,0,905,0,730,581,1163,470,167,39,67745,867,1014,4309,158,3479,0,43,370,306,119,534,719,796,391,201,4501,633,3282,1211,2071,64,183,306,491,366,212,926,237,180,562,511,17,33435,"Harwood Heights village, Illinois",142,3344,274,119,229,86,4755,216,2123,,,,197,3282,950,430,211,187,154,131,50,23,174,199,233,589,266,346,287,211,123,102,185,141,250,130,56,23,132,141,282,134,48,30,16,"Harwood Heights village, Illinois",116,151,380,375,340,260,225,251,131,189,100,127,138,152,97,77
"Havana city, Illinois",3178,3041,27,11,0,0,0,344,177,318,88,19,0,45833,747,648,3149,13,1545,53,22,7,16,137,227,164,289,156,474,1635,169,1382,491,891,385,324,99,56,82,9,147,28,0,155,71,17,33513,"Havana city, Illinois",0,1037,210,0,0,0,1532,141,1068,,,,175,1382,385,74,103,186,69,4,0,8,60,163,116,60,84,72,113,265,22,7,25,52,72,34,64,52,67,56,76,34,13,0,0,"Havana city, Illinois",60,111,69,122,77,80,66,162,56,45,39,16,90,59,77,98
"Hawthorn Woods village, Illinois",8313,6538,160,312,0,1204,0,404,230,2115,1454,283,137,206875,125,-666666666,6347,110,2801,319,136,701,573,605,192,211,64,0,0,4028,919,2715,16,2699,25,110,204,214,465,230,472,252,383,680,448,17,33630,"Hawthorn Woods village, Illinois",265,2934,369,0,14,395,4464,136,1846,,,,94,2715,1309,123,437,340,221,89,42,44,156,48,226,224,168,557,362,389,144,138,125,39,74,59,12,11,197,247,430,344,180,11,0,"Hawthorn Woods village, Illinois",155,101,222,129,200,565,395,330,192,154,58,108,84,22,58,103
"Hazel Crest village, Illinois",13918,853,12305,540,66,4,0,2732,755,1249,938,72,68,55010,2133,1455,13352,0,5756,0,7,278,639,530,1382,993,1276,302,349,6089,649,5011,2067,2944,199,326,641,387,639,193,595,171,327,549,1005,17,33695,"Hazel Crest village, Illinois",183,4258,173,105,303,237,6803,799,3428,,,,542,5011,1841,345,486,765,367,125,47,60,203,812,160,267,344,294,364,341,131,188,83,216,197,118,90,118,470,573,664,546,167,58,8,"Hazel Crest village, Illinois",216,532,552,351,293,811,714,343,156,231,166,192,308,149,62,235
"Hebron village, Illinois",1730,1220,19,478,0,0,0,269,89,153,21,1,3,73523,152,981,1658,0,591,0,7,110,105,13,111,40,50,3,152,850,133,571,172,399,41,31,101,138,102,11,33,84,78,102,106,17,33851,"Hebron village, Illinois",37,789,57,5,0,0,930,40,375,,,,97,571,258,99,50,58,17,15,0,0,56,78,74,50,38,72,61,70,9,18,11,35,19,20,0,0,28,59,105,42,57,0,52,"Hebron village, Illinois",31,46,83,24,22,80,54,51,23,33,6,35,27,5,2,15
"Hecker village, Illinois",569,560,0,0,0,2,0,94,65,52,9,0,0,68846,13,585,566,0,232,0,2,18,7,6,67,64,28,13,27,265,32,224,45,179,9,5,28,51,16,24,25,35,16,30,54,17,33877,"Hecker village, Illinois",2,282,13,0,0,0,331,9,89,,,,33,224,80,15,37,9,9,8,0,5,6,23,12,48,5,26,6,16,6,13,0,6,4,7,4,0,6,35,42,13,4,5,0,"Hecker village, Illinois",5,23,37,36,10,20,17,11,0,10,0,0,10,7,8,5
"Henderson village, Illinois",280,221,12,46,0,0,0,27,30,16,3,1,0,51250,83,900,272,0,124,0,0,0,3,9,29,12,26,5,40,172,9,110,24,86,6,11,17,33,19,0,3,10,0,4,4,17,34007,"Henderson village, Illinois",5,100,12,0,0,0,123,7,80,,,,16,110,35,23,21,18,14,8,2,6,4,0,4,9,9,2,7,13,4,7,6,2,5,7,0,1,2,3,9,2,5,2,0,"Henderson village, Illinois",0,5,2,10,4,4,5,13,1,14,1,9,8,6,0,3
"Hennepin village, Illinois",835,758,6,50,0,6,0,87,56,59,52,11,3,64750,78,684,825,0,395,4,4,19,53,38,76,60,22,17,102,415,102,356,98,258,43,75,42,45,74,48,68,8,2,9,28,17,34098,"Hennepin village, Illinois",9,402,32,0,0,0,475,7,230,,,,64,356,88,15,34,11,26,8,4,17,19,12,31,11,15,55,47,26,2,11,17,9,0,16,16,18,9,16,27,29,14,0,4,"Hennepin village, Illinois",24,12,29,32,28,31,24,23,15,21,13,9,16,22,9,8
"Henning village, Illinois",258,251,0,0,0,0,0,22,23,1,0,1,0,65625,36,621,258,0,109,0,0,0,0,0,30,10,19,1,49,124,18,87,17,70,3,2,2,20,11,41,27,6,0,2,0,17,34137,"Henning village, Illinois",0,108,4,0,0,0,128,10,69,,,,20,87,25,7,10,12,1,10,0,0,1,2,6,10,22,12,6,2,1,0,1,6,2,10,3,0,11,14,6,4,12,0,0,"Henning village, Illinois",0,8,4,10,24,6,8,7,0,2,4,1,7,4,2,0
"Henry city, Illinois",2352,2246,0,7,0,3,0,228,130,295,30,23,0,49375,288,531,2331,8,1152,0,2,14,136,119,170,162,127,69,353,1127,208,1025,253,772,233,131,68,25,74,51,129,53,71,101,39,17,34163,"Henry city, Illinois",58,929,66,0,0,0,1154,25,750,,,,199,1025,316,86,84,93,26,30,22,10,26,79,41,41,79,94,114,60,21,31,26,50,67,32,22,28,56,34,72,50,24,0,11,"Henry city, Illinois",23,85,56,66,60,92,89,95,35,34,15,80,59,54,38,62
"Heritage Lake CDP, Illinois",1664,1543,0,65,0,0,0,182,145,320,113,0,17,87358,106,-666666666,1638,0,563,16,14,75,199,50,209,0,0,0,0,887,75,563,18,545,75,0,15,15,116,78,229,72,93,125,31,17,34272,"Heritage Lake CDP, Illinois",0,773,60,0,0,0,880,15,325,,,,138,563,231,64,94,110,26,15,0,15,48,63,31,106,76,32,43,45,15,17,0,0,52,18,0,17,48,55,62,14,14,0,0,"Heritage Lake CDP, Illinois",68,14,77,50,81,75,15,27,15,64,13,16,34,0,18,17
"Herrick village, Illinois",367,367,0,0,0,0,0,18,25,32,6,0,0,48750,33,531,364,1,196,0,0,25,35,9,44,9,17,0,57,193,16,166,46,120,21,7,4,2,1,0,5,3,17,29,28,17,34332,"Herrick village, Illinois",27,138,3,0,0,0,168,14,103,,,,26,166,68,5,35,17,3,1,0,0,4,31,14,14,11,7,9,5,3,5,4,1,5,11,5,3,8,15,13,2,5,0,2,"Herrick village, Illinois",5,29,14,17,1,6,8,10,0,4,4,7,7,13,1,3
"Herrin city, Illinois",12806,11398,405,246,20,368,0,1448,950,1412,561,120,70,45713,1945,694,12194,50,6224,325,354,632,752,326,1066,550,609,298,1312,5824,790,5508,1902,3606,423,838,885,811,787,367,477,51,101,208,167,17,34358,"Herrin city, Illinois",200,4289,512,49,0,0,6134,341,4250,,,,885,5508,1532,384,387,261,273,151,77,16,198,601,359,340,263,477,313,444,323,107,115,95,321,132,139,112,454,288,408,189,134,120,72,"Herrin city, Illinois",265,474,472,320,434,480,447,600,101,155,138,157,431,307,233,239
"Herscher village, Illinois",1489,1403,20,33,0,5,0,104,88,198,111,32,0,67404,67,678,1461,4,643,1,0,75,94,50,121,65,48,31,158,747,113,609,148,461,106,55,15,61,73,59,108,37,45,27,37,17,34384,"Herscher village, Illinois",11,540,67,0,0,0,767,41,411,,,,119,609,162,28,85,54,43,13,17,8,21,48,16,19,66,66,56,19,18,22,25,33,43,7,16,33,58,31,31,5,10,24,3,"Herscher village, Illinois",12,36,41,40,74,52,37,32,12,31,28,59,30,20,18,49
"Hettick village, Illinois",146,140,0,0,0,0,0,20,5,10,1,1,0,51250,33,629,146,0,75,0,1,9,17,0,6,2,6,4,30,91,5,71,14,57,3,3,7,10,5,6,6,2,1,4,13,17,34423,"Hettick village, Illinois",9,63,3,0,0,0,74,1,55,,,,19,71,13,9,3,0,4,0,0,0,3,6,6,7,2,2,3,15,2,1,3,10,14,1,0,0,5,0,0,0,0,0,0,"Hettick village, Illinois",5,8,3,0,2,7,1,8,0,5,7,0,3,1,0,0
"Heyworth village, Illinois",3212,2986,0,145,0,21,0,277,143,489,111,28,0,71771,390,684,3155,11,1265,9,53,106,285,111,176,57,212,72,184,1492,227,1187,223,964,123,116,62,228,363,188,187,20,20,75,9,17,34449,"Heyworth village, Illinois",45,1372,41,0,0,0,1539,42,846,,,,141,1187,458,55,112,207,102,38,0,18,63,90,40,104,120,119,108,104,34,25,19,11,77,13,22,11,62,170,133,103,43,47,24,"Heyworth village, Illinois",9,97,48,102,170,94,94,146,34,41,41,65,43,81,47,26
"Hickory Hills city, Illinois",14253,11194,552,2220,33,124,15,1452,1040,1444,524,72,71,66272,1306,997,9540,275,5267,27,0,124,673,719,1079,1732,622,109,182,7356,822,4929,1381,3548,161,312,672,729,1255,246,850,154,304,681,1059,17,34514,"Hickory Hills city, Illinois",102,5380,668,66,73,217,7277,303,3547,,,,439,4929,1619,235,738,571,334,282,137,109,255,481,384,606,538,360,477,421,249,278,182,264,196,161,44,95,520,506,720,251,44,45,12,"Hickory Hills city, Illinois",252,355,521,346,576,291,486,527,165,172,174,178,318,147,97,153
"Hidalgo village, Illinois",100,98,0,0,0,2,0,14,14,1,0,0,0,33929,12,-666666666,97,2,50,0,0,6,2,1,1,3,13,7,17,47,11,46,3,43,2,0,11,9,3,1,1,2,1,5,0,17,34553,"Hidalgo village, Illinois",2,27,8,0,0,0,48,4,33,,,,5,46,16,2,2,3,0,0,0,0,1,0,6,2,1,7,4,6,2,4,2,3,1,0,1,0,1,0,5,6,0,0,0,"Hidalgo village, Illinois",1,2,1,6,1,6,3,9,1,0,0,1,1,5,2,2
"Highland city, Illinois",10122,9311,218,215,0,255,0,1423,767,1527,480,96,51,64332,755,739,9872,39,4603,111,122,879,826,365,513,362,447,326,652,4925,596,4403,1437,2966,161,967,544,156,238,311,508,319,289,1041,235,17,34670,"Highland city, Illinois",51,4151,384,127,0,0,5403,196,2746,,,,725,4403,1258,424,295,344,133,88,19,64,162,488,293,376,292,289,313,362,150,146,162,53,254,129,93,84,200,364,264,121,120,0,77,"Highland city, Illinois",136,404,473,274,344,278,144,258,152,377,111,147,225,173,205,262
"Highland Park city, Illinois",29596,25082,225,2645,10,846,0,1616,719,7936,4217,2971,740,147067,1350,1666,25988,243,12292,59,94,1191,1122,1187,1233,1785,1924,573,3124,13953,1791,11700,1881,9819,236,1241,1336,1418,2171,940,1110,289,301,1215,1721,17,34722,"Highland Park city, Illinois",317,9614,660,65,122,1560,15125,618,8119,,,,1009,11700,3839,969,945,978,749,225,46,51,328,226,488,840,1015,934,879,1093,616,409,400,654,1027,487,439,440,992,1172,986,551,233,83,47,"Highland Park city, Illinois",262,257,532,923,954,949,1120,1113,572,789,457,607,1099,683,541,436
"Highwood city, Illinois",5293,2661,208,2334,0,49,0,406,142,749,420,163,73,74875,843,1419,3653,83,2027,0,0,116,201,133,139,261,208,128,841,2731,265,1967,1190,777,109,255,512,414,294,240,259,40,59,147,198,17,34865,"Highwood city, Illinois",118,1931,296,51,23,145,3018,111,1083,,,,226,1967,695,423,229,85,135,53,44,0,63,97,295,186,224,136,132,214,58,41,33,125,65,60,32,14,93,140,134,84,34,39,0,"Highwood city, Illinois",135,255,361,145,112,122,161,169,38,64,33,174,40,58,82,76
"Hillcrest village, Illinois",1672,903,5,717,0,0,0,191,89,73,46,16,0,62656,121,946,1297,5,565,0,0,47,177,8,82,188,28,18,17,874,146,555,71,484,21,187,205,123,47,54,141,58,9,55,18,17,34982,"Hillcrest village, Illinois",8,696,203,3,0,0,1093,83,315,,,,139,555,201,17,53,41,58,53,0,61,30,62,44,38,38,100,46,84,3,9,45,42,38,4,3,5,39,65,36,44,17,10,8,"Hillcrest village, Illinois",52,30,47,39,126,89,56,36,12,41,9,19,9,4,6,4
"Hillsboro city, Illinois",6177,4801,936,300,3,0,0,869,349,400,259,24,16,61293,734,689,6012,0,1712,0,13,89,43,49,226,273,179,209,631,1677,177,1608,434,1174,213,337,139,41,163,59,12,19,16,49,281,17,35047,"Hillsboro city, Illinois",120,1291,95,0,0,0,1530,30,3950,,,,406,1608,318,54,99,146,102,0,72,48,263,582,462,445,479,317,309,243,81,103,45,78,154,80,42,67,31,186,125,122,0,41,51,"Hillsboro city, Illinois",85,86,56,77,82,110,104,155,42,36,65,95,67,79,101,110
"Hillsdale village, Illinois",531,485,2,35,0,0,0,63,36,23,0,0,0,75625,99,667,528,0,244,0,0,6,11,16,74,39,26,5,67,282,44,187,20,167,6,6,13,9,69,3,43,8,17,11,20,17,35073,"Hillsdale village, Illinois",0,176,29,0,0,0,252,25,181,,,,41,187,57,5,7,26,28,0,5,14,8,4,23,26,4,7,37,12,20,12,4,10,24,5,0,1,8,4,15,11,2,0,26,"Hillsdale village, Illinois",5,5,9,26,10,26,3,39,0,18,5,4,21,4,8,0
"Hillside village, Illinois",7937,1551,3429,2789,0,75,0,1023,339,935,274,31,35,56019,422,1265,6541,52,2946,0,0,24,58,190,410,662,1252,236,114,3831,542,2744,1013,1731,66,183,290,455,572,283,506,77,156,365,396,17,35086,"Hillside village, Illinois",89,3023,150,14,101,7,3961,198,2558,,,,308,2744,654,196,257,218,89,123,64,157,169,392,183,271,253,277,265,198,121,291,51,30,198,36,39,51,244,120,310,95,40,97,27,"Hillside village, Illinois",122,245,374,156,159,250,281,443,154,141,70,140,93,101,38,308
"Hillview village, Illinois",161,153,0,8,0,0,0,8,8,0,0,0,0,38750,60,688,161,0,78,0,0,0,6,11,6,4,0,0,51,92,7,46,9,37,0,0,4,2,4,0,10,0,4,17,2,17,35203,"Hillview village, Illinois",0,36,7,0,0,0,59,4,75,,,,11,46,13,0,5,7,0,0,0,2,3,9,0,29,3,2,5,17,4,2,0,0,2,2,0,0,11,4,0,0,0,0,1,"Hillview village, Illinois",1,6,13,5,3,0,2,9,0,7,0,0,5,0,2,0
"Hinckley village, Illinois",2190,1960,0,129,0,34,0,270,104,270,142,13,14,70278,194,1108,2105,25,930,0,0,61,156,66,202,58,96,36,255,1108,126,878,277,601,91,81,103,38,130,92,115,58,60,156,78,17,35268,"Hinckley village, Illinois",45,936,58,0,0,4,1294,181,453,,,,76,878,245,58,49,80,54,45,137,0,67,31,71,76,59,69,57,76,23,28,19,26,66,4,2,11,90,51,59,82,17,0,4,"Hinckley village, Illinois",68,42,59,57,55,98,93,86,18,34,25,33,59,30,12,10
"Hindsboro village, Illinois",400,363,2,35,0,0,0,50,39,21,1,2,0,58750,18,657,384,2,201,3,0,11,19,13,18,25,15,13,84,168,27,160,22,138,5,11,37,15,15,35,46,6,6,18,5,17,35281,"Hindsboro village, Illinois",9,173,30,0,0,0,223,7,109,,,,19,160,50,6,8,11,1,2,0,0,11,6,17,8,9,13,14,18,3,6,9,3,11,8,4,0,20,15,8,10,9,2,1,"Hindsboro village, Illinois",5,12,18,11,16,12,17,17,6,9,3,18,11,8,2,2
"Hinsdale village, Illinois",17366,13512,213,727,0,2305,17,587,322,4255,2934,1350,476,206701,320,1816,14579,141,6206,244,198,1033,821,393,737,719,696,181,1184,8706,1659,5809,792,5017,125,445,557,565,547,284,764,307,436,1196,899,17,35307,"Hinsdale village, Illinois",180,4075,487,10,130,1341,8001,230,4617,,,,393,5809,2926,512,931,883,631,222,0,41,96,161,261,346,756,778,907,698,152,323,108,219,296,215,134,119,450,591,891,695,104,26,43,"Hinsdale village, Illinois",170,189,212,549,736,802,810,565,293,175,220,272,226,270,140,148
"Hodgkins village, Illinois",1753,925,66,746,0,16,0,139,96,78,44,0,3,54792,252,941,1527,17,735,76,13,128,274,84,61,13,46,19,21,953,62,690,106,584,69,97,112,161,46,14,70,8,27,21,25,17,35385,"Hodgkins village, Illinois",0,557,68,0,0,17,785,57,549,,,,68,690,168,41,88,126,20,36,3,5,0,77,74,43,57,38,24,51,9,35,28,14,41,17,22,104,18,54,85,9,21,12,3,"Hodgkins village, Illinois",4,52,87,57,59,19,24,56,44,23,14,13,49,28,19,50
"Hoffman village, Illinois",775,754,0,13,0,0,0,65,91,26,10,1,2,57600,16,725,767,1,267,2,1,2,14,15,49,82,37,26,39,463,33,260,18,242,11,27,18,76,34,23,74,5,18,32,6,17,35398,"Hoffman village, Illinois",1,276,40,0,0,0,351,22,208,,,,55,260,87,9,27,76,29,15,11,0,8,55,40,28,11,25,8,3,1,60,9,8,3,13,11,13,4,57,38,2,6,0,0,"Hoffman village, Illinois",0,21,19,18,15,3,9,39,30,14,4,2,10,9,5,7
"Hoffman Estates village, Illinois",50464,24391,1985,9288,109,13393,0,4142,2801,10868,4532,1048,512,92423,2149,1417,33525,565,18818,83,98,1958,1409,3126,6624,3237,1708,238,337,24781,3723,18110,5009,13101,299,1448,2566,3395,3101,1663,3563,1135,1415,2981,2017,17,35411,"Hoffman Estates village, Illinois",1052,20805,2265,126,107,887,28209,994,12517,,,,1583,18110,6576,1354,1511,1635,1373,641,361,238,741,2164,1888,1362,1599,2078,1654,1521,588,999,459,880,916,506,203,250,1610,1238,1724,1216,405,245,92,"Hoffman Estates village, Illinois",962,1965,1595,1874,1545,2232,1747,1771,650,1094,708,741,904,526,401,298
"Holcomb CDP, Illinois",157,116,0,41,0,0,0,17,1,10,0,0,0,46875,36,772,151,0,65,0,0,0,1,0,3,3,30,2,26,72,5,62,25,37,0,6,2,8,24,2,28,0,0,0,7,17,35463,"Holcomb CDP, Illinois",3,47,33,0,0,0,86,0,33,,,,13,62,21,3,17,0,0,12,0,0,0,5,3,0,2,0,5,3,0,10,0,0,7,3,2,0,7,0,11,0,10,0,0,"Holcomb CDP, Illinois",0,0,11,0,12,0,2,5,9,2,0,1,1,11,0,3
"Holiday Hills village, Illinois",653,574,0,59,0,0,0,50,29,65,22,0,3,74375,55,1639,583,0,296,0,18,17,16,12,96,30,107,0,0,359,66,279,51,228,0,33,24,64,25,19,32,9,9,29,58,17,35515,"Holiday Hills village, Illinois",18,305,8,0,0,7,361,20,225,,,,19,279,77,8,12,14,9,14,3,6,4,11,22,9,54,19,47,55,3,1,16,24,19,9,0,0,6,20,5,23,0,0,0,"Holiday Hills village, Illinois",4,23,13,25,9,15,35,27,3,20,24,15,17,6,4,0
"Holiday Shores CDP, Illinois",3080,2975,19,26,0,0,0,499,311,598,159,0,59,104038,36,-666666666,3004,13,1182,0,16,214,294,128,460,70,0,0,0,1588,230,1064,0,1064,0,14,149,125,238,129,196,71,239,284,150,17,35541,"Holiday Shores CDP, Illinois",11,1595,0,11,0,0,1795,135,693,,,,408,1064,310,85,67,89,98,12,24,10,62,111,44,108,89,126,104,227,136,14,14,62,80,13,0,13,58,152,126,40,0,0,45,"Holiday Shores CDP, Illinois",25,78,69,103,96,193,50,105,63,14,41,14,71,37,112,0
"Hollowayville village, Illinois",57,57,0,0,0,0,0,14,5,0,0,0,0,-666666666,0,-666666666,57,0,31,0,0,0,4,0,12,0,8,1,6,26,7,24,3,21,4,0,8,5,1,8,0,4,0,0,2,17,35671,"Hollowayville village, Illinois",0,28,0,0,0,0,34,2,18,,,,8,24,13,0,0,0,4,7,0,0,0,0,0,0,0,7,0,0,0,0,0,4,0,4,0,0,0,0,0,5,0,0,0,"Hollowayville village, Illinois",0,0,0,3,5,9,0,0,0,2,0,7,0,0,0,0
"Homer village, Illinois",1320,1280,0,29,11,0,0,133,102,124,16,0,0,65347,140,794,1320,0,569,11,0,31,31,29,90,80,78,6,213,665,58,519,96,423,24,6,39,25,58,37,321,29,20,46,6,17,35814,"Homer village, Illinois",11,602,20,0,0,0,680,24,310,,,,59,519,181,28,71,57,73,14,11,8,36,27,38,54,27,18,40,39,18,39,8,10,4,14,7,24,43,25,45,38,14,0,56,"Homer village, Illinois",17,65,36,81,46,26,23,26,9,16,15,7,13,11,9,34
"Wood River city, Illinois",10149,9174,520,17,27,85,0,1099,807,801,375,5,0,50047,1790,796,10083,18,4896,79,50,160,218,187,284,882,837,832,1367,4654,609,4319,1430,2889,227,660,610,927,531,241,578,129,325,225,163,17,83271,"Wood River city, Illinois",181,4076,465,44,0,0,5432,272,2756,,,,724,4319,1379,231,244,290,254,60,77,74,128,437,408,298,331,314,295,313,208,77,90,86,215,120,30,112,398,380,292,214,44,128,36,"Wood River city, Illinois",191,468,573,368,319,358,296,248,107,154,98,99,213,120,155,198
"Woodson village, Illinois",493,472,0,1,0,8,0,67,23,50,28,16,4,61250,11,713,478,0,236,5,0,23,63,10,90,15,9,4,17,253,67,206,19,187,4,1,52,102,23,4,11,0,25,0,2,17,83336,"Woodson village, Illinois",7,226,5,0,0,0,244,1,182,,,,74,206,76,33,19,3,9,0,0,0,5,8,22,2,14,38,41,5,11,8,0,11,21,5,10,0,5,0,7,12,1,0,0,"Woodson village, Illinois",41,2,9,19,3,5,46,22,2,10,6,4,22,8,3,1
"Woodstock city, Illinois",25391,18348,453,5488,20,384,0,2497,1365,2867,1902,225,143,69470,2453,1056,22109,135,10133,102,99,2231,2058,1226,1068,788,717,348,1496,11860,1542,9706,3606,6100,232,1674,1496,1499,2159,1122,1342,188,372,1071,898,17,83349,"Woodstock city, Illinois",533,11353,869,24,0,166,13784,551,6664,,,,1102,9706,3357,775,706,797,633,367,46,444,483,922,1006,975,707,824,763,830,279,364,187,363,324,234,116,255,727,994,696,411,273,83,168,"Woodstock city, Illinois",811,945,701,806,613,948,889,786,357,457,403,322,404,383,181,633
"Worden village, Illinois",875,789,0,41,0,2,0,102,71,93,14,0,8,64091,89,817,863,0,422,4,18,61,48,7,8,65,33,29,149,417,103,370,50,320,0,11,15,22,76,56,40,27,49,71,30,17,83505,"Worden village, Illinois",3,384,6,3,0,0,451,35,227,,,,98,370,112,35,3,35,12,2,2,0,16,37,39,20,23,26,77,24,4,5,8,14,12,6,6,11,21,37,57,13,2,0,0,"Worden village, Illinois",9,23,33,28,16,27,48,24,12,21,6,13,26,13,12,17
"Worth village, Illinois",10544,7996,189,1812,0,336,0,1220,877,819,396,62,64,59464,1395,1055,8099,24,4383,0,28,264,137,620,824,664,1502,211,133,5202,753,4042,1423,2619,66,431,687,522,548,306,624,110,129,557,589,17,83518,"Worth village, Illinois",126,3927,397,10,103,179,5462,489,3092,,,,526,4042,1241,238,536,203,254,119,70,74,232,296,249,318,385,453,300,386,173,236,100,238,144,56,60,82,279,267,313,231,129,45,96,"Worth village, Illinois",207,263,292,288,548,416,304,373,116,197,180,238,149,126,110,175
"Wyanet village, Illinois",1227,1056,3,82,0,5,0,89,71,56,9,0,0,47454,225,773,1217,3,498,0,0,7,16,39,70,77,41,65,183,597,51,451,110,341,9,67,58,165,41,59,59,12,27,39,14,17,83622,"Wyanet village, Illinois",16,487,59,0,0,0,654,51,225,,,,78,451,189,29,57,81,32,16,2,0,17,33,18,52,78,22,29,48,10,10,16,15,9,12,7,4,44,40,70,32,15,0,18,"Wyanet village, Illinois",16,15,42,56,63,21,35,44,12,20,6,9,13,52,2,5
"Wyoming city, Illinois",1395,1341,0,10,0,18,0,141,109,148,37,7,0,48472,218,625,1364,17,722,0,0,6,73,60,130,120,110,54,169,635,98,662,135,527,96,106,38,34,52,36,51,38,52,80,17,17,83687,"Wyoming city, Illinois",10,535,36,4,0,0,666,26,504,,,,80,662,151,25,31,25,18,17,4,4,32,31,45,28,55,33,65,48,7,13,18,33,43,40,16,6,42,33,49,49,8,17,7,"Wyoming city, Illinois",14,64,12,74,26,71,25,34,15,57,29,23,45,14,28,22
"Xenia village, Illinois",365,348,0,10,1,4,0,30,23,31,4,0,0,44167,52,575,359,0,191,2,2,3,27,18,15,22,35,12,55,190,18,156,36,120,4,4,26,51,6,3,16,0,3,12,13,17,83739,"Xenia village, Illinois",0,124,10,0,0,0,154,15,106,,,,20,156,45,19,21,9,4,2,1,0,8,26,2,14,13,8,10,14,2,7,6,9,4,2,4,5,19,3,27,6,1,1,0,"Xenia village, Illinois",18,5,6,9,3,12,8,6,5,5,2,8,9,6,8,8
"Yale village, Illinois",129,121,0,0,3,0,0,2,6,8,0,0,0,40208,17,-666666666,129,0,67,2,0,6,3,2,11,0,6,12,25,58,8,50,5,45,0,5,0,1,5,6,14,0,3,6,1,17,83765,"Yale village, Illinois",0,33,8,0,0,0,51,10,61,,,,9,50,15,3,0,0,7,0,0,0,4,8,0,1,7,5,3,2,0,0,0,12,1,2,3,0,4,3,7,5,2,0,0,"Yale village, Illinois",0,14,0,0,10,0,5,2,0,6,0,0,8,3,2,0
"Yates City village, Illinois",821,785,6,2,0,4,0,76,63,50,32,1,0,50313,88,695,819,0,374,5,3,14,15,10,44,46,71,20,146,444,56,338,106,232,22,24,14,31,20,41,133,37,45,36,2,17,83817,"Yates City village, Illinois",4,366,38,0,0,0,436,15,223,,,,48,338,100,68,25,17,6,16,0,2,12,31,16,31,55,33,23,16,2,15,8,6,38,13,9,2,21,17,13,15,16,4,6,"Yates City village, Illinois",5,65,7,17,37,25,14,17,6,12,2,10,39,15,4,10
"Yorkville city, Illinois",19386,13863,2098,2291,0,664,0,1772,1428,3274,1156,68,77,101245,1275,1364,18669,114,6433,277,202,4222,564,374,325,214,105,14,136,9742,925,6316,1359,4957,256,588,726,724,1212,335,1556,267,705,1551,1150,17,84038,"Yorkville city, Illinois",279,8738,320,17,0,99,10299,398,3623,,,,872,6316,2924,860,1103,769,367,210,78,27,210,646,1050,1076,1024,384,541,243,214,244,144,309,226,99,11,74,499,1241,569,322,373,59,0,"Yorkville city, Illinois",530,513,1286,818,711,532,631,399,116,349,75,47,232,77,0,98
"Zeigler city, Illinois",1779,1696,5,48,0,0,0,193,94,97,14,0,0,44342,357,583,1779,0,775,21,0,59,22,16,68,45,90,104,350,865,104,662,215,447,36,105,57,39,157,57,60,22,12,81,48,17,84155,"Zeigler city, Illinois",0,513,139,6,0,0,787,89,651,,,,188,662,175,58,61,53,21,12,0,6,69,70,57,41,58,46,58,34,13,44,22,35,39,66,3,18,55,39,53,39,9,20,0,"Zeigler city, Illinois",33,55,57,55,46,36,94,45,27,17,21,32,52,50,39,21
"Zion city, Illinois",23677,7132,5355,9085,80,848,0,2611,1216,1430,712,46,48,56819,3322,1078,19487,215,9028,12,96,1078,1210,825,989,1193,977,561,2087,10858,1516,8185,3577,4608,129,984,794,1226,1394,1007,1784,746,590,1538,690,17,84220,"Zion city, Illinois",149,8909,1557,211,0,55,12373,1019,5716,,,,1352,8185,3102,571,935,1032,457,370,254,113,699,805,529,770,533,942,590,672,274,390,256,168,336,145,125,119,795,808,930,861,216,382,118,"Zion city, Illinois",728,1064,709,746,767,827,971,539,359,227,220,303,283,237,207,295
"Hometown city, Illinois",4216,2782,37,1292,0,33,0,486,280,262,176,15,44,51487,253,451,3675,48,1846,0,0,0,33,0,44,178,1316,151,124,1953,280,1745,463,1282,20,73,201,236,444,60,270,14,157,161,169,17,35866,"Hometown city, Illinois",86,1523,155,89,7,60,2167,99,1136,,,,90,1745,470,138,63,235,26,22,72,10,76,146,144,187,68,104,176,178,51,120,37,23,42,21,13,11,134,127,182,48,63,17,78,"Hometown city, Illinois",61,17,221,156,94,212,251,99,55,60,105,58,65,67,29,54
"Homewood village, Illinois",18656,8088,8508,1019,0,477,29,2539,1162,3225,1771,192,133,77013,1443,1162,17383,55,7285,0,24,152,203,410,1460,1459,2241,341,995,8894,1191,6964,1541,5423,202,759,857,789,956,360,790,229,427,964,1447,17,35879,"Homewood village, Illinois",262,5972,763,34,138,821,9010,348,5380,,,,881,6964,2448,516,515,1114,444,193,58,86,311,452,338,975,499,473,718,668,164,280,134,268,350,184,45,191,597,666,553,473,160,108,36,"Homewood village, Illinois",199,626,435,822,605,591,576,701,240,356,283,387,439,198,219,410
"Hoopeston city, Illinois",5178,4368,65,537,63,145,0,435,278,156,33,0,0,36484,1393,646,5051,14,2635,0,0,98,119,64,330,274,240,294,1216,2744,442,2148,640,1508,105,859,145,48,46,31,247,44,0,156,74,17,36061,"Hoopeston city, Illinois",0,1580,146,0,0,0,2110,239,2113,,,,388,2148,442,153,235,200,44,122,105,24,79,230,211,106,25,281,161,154,29,38,140,0,242,94,9,113,140,85,128,51,19,32,0,"Hoopeston city, Illinois",98,155,130,109,180,88,239,204,33,72,126,149,76,106,101,62
"Hooppole village, Illinois",178,163,0,15,0,0,0,19,26,6,0,0,0,37917,70,-666666666,178,0,84,0,0,7,1,0,0,0,13,1,62,103,18,65,1,64,0,0,0,3,10,24,2,4,0,17,0,17,36074,"Hooppole village, Illinois",1,61,0,0,0,0,89,18,69,,,,18,65,13,0,4,6,3,3,0,0,0,0,22,6,7,0,18,10,0,10,4,0,10,0,0,0,0,3,4,0,0,0,0,"Hooppole village, Illinois",1,4,0,15,0,4,9,11,1,10,0,3,10,0,0,0
"Hopedale village, Illinois",807,797,5,5,0,0,0,97,84,120,29,4,5,55227,43,790,803,0,398,0,0,24,113,14,28,41,46,26,106,316,41,358,145,213,52,66,17,25,40,27,64,13,19,27,13,17,36126,"Hopedale village, Illinois",2,301,33,3,0,0,402,26,302,,,,70,358,72,8,4,20,7,2,4,2,4,34,16,31,13,11,33,36,11,14,3,17,30,34,5,15,30,16,14,16,7,0,2,"Hopedale village, Illinois",9,34,13,17,9,21,37,24,14,24,9,7,7,28,27,88
"Hopewell village, Illinois",427,423,0,2,0,1,0,44,58,79,40,3,0,83125,22,-666666666,424,1,195,3,5,45,26,15,97,0,4,0,0,208,48,190,0,190,5,13,15,17,8,21,28,25,15,52,6,17,36150,"Hopewell village, Illinois",3,199,6,0,0,0,240,6,139,,,,40,190,40,8,3,2,9,2,0,2,1,13,5,6,11,21,27,20,18,12,3,17,18,5,1,4,5,4,16,15,2,1,2,"Hopewell village, Illinois",3,4,14,6,10,42,4,23,6,15,14,8,19,4,1,1
"Hopkins Park village, Illinois",591,26,522,20,0,0,0,104,47,27,20,0,0,26555,121,577,578,6,421,2,32,30,53,45,106,103,6,41,3,283,30,269,113,156,2,23,23,20,9,4,39,0,2,0,3,17,36190,"Hopkins Park village, Illinois",6,82,36,7,0,0,206,23,297,,,,23,269,67,0,33,0,5,29,0,0,9,25,11,4,6,14,16,26,16,13,6,5,38,13,0,14,8,4,25,32,6,0,5,"Hopkins Park village, Illinois",3,0,17,5,49,10,18,27,30,8,9,7,13,10,8,14
"Hoyleton village, Illinois",507,429,25,22,1,2,4,57,41,55,11,0,0,59028,44,611,498,2,185,0,0,4,13,4,25,27,24,8,80,217,14,167,28,139,23,14,14,57,42,30,8,0,3,21,5,17,36347,"Hoyleton village, Illinois",8,171,17,26,0,0,240,10,127,,,,26,167,70,12,22,23,34,1,5,2,0,11,19,21,14,9,5,5,6,9,6,12,14,2,4,5,14,11,31,27,9,5,2,"Hoyleton village, Illinois",9,22,18,29,6,9,7,14,8,5,2,11,10,7,6,4
"Hudson village, Illinois",2128,2035,3,44,0,10,0,262,89,346,173,3,0,96538,46,975,2098,3,734,3,5,144,173,79,59,160,47,26,38,1036,140,690,18,672,18,34,61,272,314,71,71,13,5,31,46,17,36438,"Hudson village, Illinois",46,855,93,0,0,0,1041,21,440,,,,84,690,298,53,108,152,80,20,18,16,17,28,44,80,50,66,74,61,30,20,11,24,39,28,9,8,87,88,130,23,50,0,5,"Hudson village, Illinois",27,49,69,94,47,77,71,73,14,17,13,32,44,23,11,48
"Huey village, Illinois",136,136,0,0,0,0,0,22,13,9,1,3,0,31500,12,666,136,0,68,0,0,10,4,7,9,15,4,6,13,63,5,64,15,49,4,13,12,0,11,3,11,2,0,8,4,17,36477,"Huey village, Illinois",2,61,8,0,0,0,70,0,47,,,,7,64,12,0,4,0,2,0,1,0,0,4,11,0,5,4,1,8,1,8,0,0,4,10,0,0,0,6,7,3,0,2,0,"Huey village, Illinois",0,6,8,2,7,0,7,0,3,9,0,2,6,5,0,0
"Hull village, Illinois",390,360,0,16,0,0,0,47,15,41,9,0,0,47292,22,635,385,3,214,0,0,0,9,7,35,22,38,27,76,195,7,175,24,151,11,14,10,10,49,17,41,11,7,13,6,17,36516,"Hull village, Illinois",8,189,3,0,0,0,210,3,112,,,,16,175,51,15,16,7,4,2,0,0,3,14,26,26,2,4,3,19,19,7,11,7,6,2,1,1,9,12,6,3,0,2,0,"Hull village, Illinois",3,17,6,22,9,12,6,26,19,4,5,9,7,2,8,8
"Humboldt village, Illinois",446,416,3,21,0,0,0,43,29,17,11,0,0,39875,56,750,434,5,197,0,4,2,20,1,55,29,30,16,40,221,34,185,45,140,1,5,38,25,69,4,22,0,0,25,10,17,36542,"Humboldt village, Illinois",2,179,22,0,0,0,240,31,89,,,,9,185,69,10,10,38,5,5,0,6,2,8,6,6,26,8,26,15,2,12,6,15,11,2,0,2,0,14,32,12,2,3,0,"Humboldt village, Illinois",16,5,12,19,18,24,18,11,8,11,0,6,6,4,3,1
"Hume village, Illinois",495,442,0,53,0,0,0,51,44,32,0,0,0,56964,78,722,491,3,235,0,0,5,13,11,26,43,54,3,80,253,30,202,42,160,9,8,27,16,18,28,42,5,7,30,29,17,36568,"Hume village, Illinois",1,190,27,0,0,0,242,10,148,,,,47,202,50,23,11,7,13,0,6,22,12,10,1,20,4,11,19,21,12,22,4,8,13,6,6,2,25,13,24,12,5,3,6,"Hume village, Illinois",9,8,14,22,3,7,13,22,7,4,1,19,9,7,6,3
"Huntley village, Illinois",27413,21716,1045,2870,0,1356,0,3385,1203,4953,1562,594,468,77420,1645,1278,24739,242,12562,621,514,8505,1587,704,188,160,27,9,247,13657,1873,12113,1517,10596,139,831,1050,1284,813,1278,1094,199,463,1838,1145,17,36750,"Huntley village, Illinois",463,9570,656,22,7,188,12011,343,10473,,,,2321,12113,3425,721,1108,804,647,272,77,54,162,453,492,696,885,1149,724,890,175,210,552,668,836,756,956,370,349,937,526,641,118,51,158,"Huntley village, Illinois",203,320,530,1130,712,1082,361,497,233,724,308,908,900,1114,1337,617
"Hurst city, Illinois",756,705,0,4,0,8,0,85,39,43,11,2,0,28929,149,327,748,0,416,2,2,31,59,49,89,72,9,13,90,351,41,352,180,172,5,8,54,37,63,10,37,2,0,14,14,17,36815,"Hurst city, Illinois",10,213,39,0,0,0,318,23,300,,,,17,352,90,20,22,22,16,15,0,8,0,23,23,37,14,11,30,20,10,24,5,7,12,6,22,4,18,17,29,17,2,7,3,"Hurst city, Illinois",5,38,11,17,35,23,6,50,5,18,23,5,28,15,26,7
"Hutsonville village, Illinois",568,556,0,9,0,1,0,22,66,90,11,0,0,46875,137,630,564,4,279,0,2,0,48,14,39,6,83,13,74,283,27,255,78,177,36,16,18,64,15,5,57,6,6,13,13,17,36841,"Hutsonville village, Illinois",11,190,63,0,0,0,280,14,202,,,,37,255,53,0,4,12,5,43,0,0,11,12,17,21,23,10,17,10,13,17,2,8,41,8,7,2,20,18,27,5,17,3,0,"Hutsonville village, Illinois",7,5,38,11,7,11,24,12,9,29,4,17,4,5,9,3
"Illinois City CDP, Illinois",58,58,0,0,0,0,0,0,0,0,0,0,0,37222,13,-666666666,58,0,81,0,0,0,0,0,30,0,0,0,51,22,7,28,0,28,0,7,7,0,7,0,0,0,0,0,0,17,37062,"Illinois City CDP, Illinois",0,21,0,0,0,0,21,0,37,,,,15,28,0,0,0,0,0,0,0,0,0,0,0,0,0,0,7,0,0,0,6,0,9,0,0,0,0,0,0,0,0,0,0,"Illinois City CDP, Illinois",0,0,0,0,0,0,7,0,0,7,0,0,9,0,6,7
"Illiopolis village, Illinois",767,730,2,17,0,1,0,70,41,64,12,0,0,64375,93,705,767,0,388,2,0,18,11,44,47,48,57,28,133,382,54,326,85,241,27,13,17,14,18,60,89,35,18,15,5,17,37127,"Illiopolis village, Illinois",2,276,30,0,0,0,363,15,225,,,,57,326,84,30,31,43,13,6,0,0,0,20,26,18,26,10,44,36,25,8,13,6,10,12,5,0,22,29,16,14,4,0,11,"Illiopolis village, Illinois",16,7,24,26,24,28,21,42,11,6,11,14,16,21,11,11
"Ina village, Illinois",2243,1281,617,209,9,0,0,253,27,29,5,2,0,43636,97,556,2134,3,238,14,0,34,29,24,49,27,14,15,32,230,22,202,70,132,11,35,3,77,63,6,15,2,0,11,0,17,37179,"Ina village, Illinois",9,194,35,0,0,0,256,21,1874,,,,158,202,64,16,19,9,6,23,4,29,93,235,279,226,204,222,151,122,34,57,96,56,7,33,16,6,38,8,23,17,3,0,4,"Ina village, Illinois",17,3,36,16,5,14,15,25,14,7,15,4,21,12,3,0
"Indian Creek village, Illinois",760,392,51,57,0,253,0,152,17,165,76,26,15,124375,75,2719,492,4,201,1,0,104,30,0,16,27,16,0,7,376,78,201,17,184,6,3,27,31,118,21,40,27,14,46,25,17,37218,"Indian Creek village, Illinois",2,330,17,0,1,12,416,21,189,,,,18,201,83,15,54,26,11,3,0,9,17,6,15,23,16,45,33,18,0,12,8,9,52,1,1,2,19,28,9,6,4,2,2,"Indian Creek village, Illinois",10,15,15,36,21,32,21,21,2,10,12,4,98,9,8,0
"Indian Head Park village, Illinois",3744,3073,37,543,0,72,0,432,241,817,383,170,29,88496,103,997,3335,0,1688,0,0,172,226,297,693,152,130,10,8,1579,197,1637,189,1448,28,69,120,253,235,90,323,31,0,156,100,17,37257,"Indian Head Park village, Illinois",33,1222,44,11,35,110,1640,119,1518,,,,237,1637,405,95,91,92,37,21,19,0,40,106,101,67,64,49,194,89,20,96,45,85,147,65,152,41,129,56,86,13,21,0,32,"Indian Head Park village, Illinois",0,54,172,79,26,73,146,86,103,98,92,196,208,164,51,143
"Indianola village, Illinois",204,199,0,2,0,0,0,8,10,8,3,0,0,68000,24,800,203,0,75,0,0,2,9,3,12,7,0,0,42,111,11,68,4,64,2,1,10,0,10,6,25,0,7,11,13,17,37348,"Indianola village, Illinois",1,80,6,0,0,0,115,14,70,,,,13,68,17,4,4,3,5,4,10,0,0,6,6,5,6,6,5,9,0,16,1,1,7,3,10,0,2,1,4,4,1,0,2,"Indianola village, Illinois",1,0,9,3,7,1,18,8,1,8,2,2,4,7,7,1
"Industry village, Illinois",540,519,0,7,3,1,0,28,39,31,11,0,2,54306,118,679,530,3,219,0,0,4,15,18,57,12,18,23,72,290,14,199,42,157,7,11,25,40,69,12,28,0,10,5,8,17,37439,"Industry village, Illinois",8,197,17,0,0,0,256,9,117,,,,40,199,69,45,30,48,5,8,5,0,5,20,23,8,13,12,2,15,0,6,9,8,9,11,0,8,2,16,19,12,23,1,3,"Industry village, Illinois",10,20,35,18,5,14,5,16,5,12,2,10,3,10,4,5
"Ingalls Park CDP, Illinois",3022,1564,288,910,16,25,0,400,199,185,20,0,18,53750,305,1038,2648,48,1226,0,0,0,54,18,78,160,314,196,406,1374,221,1154,324,830,19,105,183,252,151,80,281,0,28,118,155,17,37465,"Ingalls Park CDP, Illinois",0,1130,110,54,0,0,1685,208,831,,,,187,1154,316,43,66,65,56,65,50,15,39,86,86,100,109,109,112,137,16,22,25,73,69,10,21,0,157,70,64,48,65,28,40,"Ingalls Park CDP, Illinois",159,57,81,206,62,60,109,127,32,68,51,21,77,21,10,35
"Inverness village, Illinois",7959,5667,134,95,0,1715,0,465,319,2344,1037,610,120,185558,203,3501,6296,112,3149,33,0,501,312,1075,420,327,187,105,189,3851,638,2842,77,2765,40,228,221,558,286,288,560,175,80,454,344,17,37608,"Inverness village, Illinois",55,2782,147,0,88,186,3724,50,2802,,,,268,2842,932,179,295,216,152,27,7,18,142,80,83,142,107,247,391,545,28,115,153,191,218,343,76,145,95,194,336,257,50,2,0,"Inverness village, Illinois",92,162,132,92,194,314,311,406,149,270,126,100,281,328,23,145
"Iola village, Illinois",91,86,0,4,1,0,0,10,0,0,0,0,0,50000,10,-666666666,91,0,39,0,0,6,15,0,7,0,6,0,5,52,6,34,4,30,11,0,6,2,9,0,10,3,2,0,4,17,37621,"Iola village, Illinois",0,38,4,0,0,0,47,0,22,,,,0,34,20,8,0,9,0,0,0,0,4,5,2,4,6,0,6,1,1,2,0,0,0,0,1,3,0,4,1,5,2,0,0,"Iola village, Illinois",2,6,0,0,8,0,6,0,2,0,1,0,0,0,2,0
"Ipava village, Illinois",558,528,0,6,0,0,0,54,35,47,7,3,0,33958,122,584,558,0,256,0,0,12,12,6,50,7,27,41,101,286,51,243,59,184,12,18,22,21,36,19,48,10,13,7,21,17,37647,"Ipava village, Illinois",13,194,30,0,0,0,302,29,133,,,,40,243,87,24,18,8,11,0,0,9,21,32,18,9,4,23,28,13,6,0,5,5,26,12,12,2,16,31,17,6,2,0,0,"Ipava village, Illinois",16,20,6,31,10,9,26,14,4,6,11,9,18,14,4,2
"Iroquois village, Illinois",287,180,27,0,0,1,0,42,7,14,1,0,0,61964,42,930,286,0,125,0,0,5,2,1,4,5,21,8,79,114,48,113,14,99,0,2,0,11,7,0,15,14,21,11,3,17,37712,"Iroquois village, Illinois",0,80,3,0,0,0,84,0,104,,,,35,113,44,0,4,3,3,5,0,0,0,2,0,7,3,17,31,11,0,1,3,9,5,6,2,2,7,45,11,29,3,1,0,"Iroquois village, Illinois",1,12,2,19,3,1,7,6,0,5,3,3,7,4,4,0
"Irving village, Illinois",340,335,2,3,0,0,0,31,29,20,12,0,3,24625,101,-666666666,336,2,206,3,0,13,25,11,23,1,19,21,90,165,6,159,47,112,3,0,25,23,3,18,3,0,7,8,8,17,37738,"Irving village, Illinois",13,101,10,0,0,0,139,22,132,,,,37,159,43,5,13,12,9,15,0,0,0,2,14,5,19,4,2,13,9,14,3,5,4,1,13,3,22,6,7,2,3,5,0,"Irving village, Illinois",0,0,16,8,24,6,5,14,20,11,2,6,6,4,2,6
"Irvington village, Illinois",588,540,5,12,15,0,0,92,48,34,12,0,0,58438,77,696,586,0,313,0,0,25,15,30,71,31,43,32,66,283,22,281,54,227,2,17,28,25,71,19,34,2,1,10,25,17,37777,"Irvington village, Illinois",0,226,6,0,0,0,287,24,206,,,,52,281,66,15,18,10,9,5,0,0,18,14,15,16,4,0,22,36,17,16,7,14,20,5,4,18,35,10,3,3,6,3,0,"Irvington village, Illinois",9,30,20,10,10,10,20,30,27,12,4,6,24,5,20,8
"Irwin village, Illinois",39,37,0,2,0,0,0,5,1,3,1,0,0,66250,4,-666666666,39,0,22,0,0,0,1,1,3,7,2,0,8,20,0,21,2,19,4,1,0,7,0,0,3,0,0,1,2,17,37803,"Irwin village, Illinois",0,13,0,0,0,0,21,0,8,,,,6,21,6,1,0,4,0,0,0,0,1,0,2,0,2,0,0,2,2,1,1,0,0,2,2,0,3,2,0,0,0,0,0,"Irwin village, Illinois",0,1,2,0,1,0,1,2,2,2,0,0,3,0,0,0
"Island Lake village, Illinois",8112,6433,16,1340,0,233,0,888,618,1212,305,47,22,83970,680,1576,7083,51,3194,14,6,464,1079,858,188,134,99,162,190,4003,687,3001,639,2362,117,170,231,400,487,191,427,188,293,719,433,17,37894,"Island Lake village, Illinois",173,3428,275,13,0,42,4513,181,1931,,,,362,3001,1001,200,258,283,182,98,36,35,96,174,277,350,263,294,393,322,110,122,85,224,74,61,23,43,422,226,168,103,87,66,32,"Island Lake village, Illinois",158,139,282,254,286,308,313,401,97,143,104,87,195,59,61,118
"Itasca village, Illinois",9496,7407,183,801,0,997,0,885,501,2000,1079,193,51,99706,381,1336,7497,88,4102,298,36,464,593,330,878,549,608,198,148,4485,806,3870,942,2928,437,587,507,728,793,508,718,197,236,253,410,17,37907,"Itasca village, Illinois",61,4487,273,0,40,269,6120,162,2058,,,,279,3870,867,194,119,405,78,44,0,29,140,341,269,344,217,384,433,447,189,163,88,154,145,234,40,69,161,149,218,155,87,68,0,"Itasca village, Illinois",195,316,412,229,155,373,465,496,211,268,98,190,314,181,128,101
"Iuka village, Illinois",486,474,3,0,0,5,0,43,28,10,6,0,0,41500,76,667,477,2,198,4,6,13,27,17,38,18,8,18,49,236,20,174,28,146,17,8,3,66,23,9,15,11,8,17,0,17,37933,"Iuka village, Illinois",9,157,25,0,0,0,232,30,125,,,,24,174,66,22,15,19,4,1,10,5,17,9,9,19,15,15,5,24,1,8,3,14,4,5,5,7,12,27,26,15,11,4,7,"Iuka village, Illinois",8,11,8,21,7,26,2,7,7,14,1,6,11,5,6,8
"Ivesdale village, Illinois",250,250,0,0,0,0,0,19,15,25,6,0,0,51477,44,-666666666,250,0,130,0,0,6,1,9,18,8,15,9,64,117,16,113,8,105,2,2,11,3,22,24,19,4,3,4,3,17,37998,"Ivesdale village, Illinois",11,94,12,0,0,0,129,6,71,,,,5,113,30,12,1,9,8,0,0,0,0,12,12,7,4,10,6,5,4,7,0,7,5,4,4,0,6,7,8,3,3,0,0,"Ivesdale village, Illinois",14,4,7,13,9,3,10,7,3,12,7,3,3,6,4,1
"Jacksonville city, Illinois",18784,15177,2124,723,42,142,1,1896,1010,1515,582,162,47,46500,2553,659,18323,44,8136,26,141,399,698,649,1347,1071,1045,639,2121,7955,663,7132,2790,4342,862,2054,1698,828,248,36,421,72,350,498,55,17,38115,"Jacksonville city, Illinois",146,6085,547,160,0,0,8465,644,7484,,,,1201,7132,1620,444,466,384,336,329,350,283,499,874,784,749,553,395,478,681,160,263,156,237,386,274,205,198,531,476,381,297,445,176,130,"Jacksonville city, Illinois",499,634,509,340,607,485,477,550,200,428,80,388,328,407,299,633
"Janesville CDP, Illinois",38,38,0,0,0,0,0,0,0,0,0,0,0,-666666666,38,-666666666,38,0,80,0,0,0,0,0,30,0,0,7,43,26,0,26,26,0,0,0,0,0,0,0,0,0,0,0,0,17,38232,"Janesville CDP, Illinois",0,0,0,0,0,0,13,13,19,,,,0,26,7,0,0,0,0,0,0,19,0,0,0,7,0,0,0,0,0,0,0,0,0,0,0,0,0,6,0,0,0,0,0,"Janesville CDP, Illinois",0,0,0,6,0,0,0,0,0,0,0,0,0,0,0,0
"Jeffersonville village, Illinois",333,333,0,0,0,0,0,36,42,20,2,0,0,39063,53,769,322,5,166,0,2,15,31,22,16,9,24,10,37,180,15,144,38,106,21,10,53,11,12,14,3,0,3,8,5,17,38323,"Jeffersonville village, Illinois",3,128,12,0,0,0,168,10,84,,,,26,144,43,16,7,31,12,2,0,0,4,12,9,13,12,14,1,11,4,9,2,5,10,0,0,6,8,5,7,2,4,0,3,"Jeffersonville village, Illinois",4,7,16,16,12,7,4,15,6,2,3,10,10,6,0,6
"Jeisyville village, Illinois",58,58,0,0,0,0,0,2,4,4,2,0,0,67500,0,-666666666,58,0,36,0,4,1,1,0,7,2,0,3,18,32,5,28,0,28,1,0,0,0,11,4,1,0,0,0,0,17,38349,"Jeisyville village, Illinois",0,16,1,0,0,0,21,2,25,,,,8,28,4,0,1,3,0,0,0,0,0,0,1,2,2,1,4,0,0,0,4,3,5,3,3,0,2,5,1,0,0,0,0,"Jeisyville village, Illinois",0,0,1,2,1,0,0,4,0,0,0,5,3,0,2,0
"Jerome village, Illinois",1973,1751,47,42,0,21,0,282,105,338,105,14,0,51302,219,773,1895,6,1000,0,0,10,55,87,52,161,348,180,107,906,68,961,244,717,27,164,295,334,72,32,113,8,5,11,10,17,38375,"Jerome village, Illinois",19,1007,23,0,0,0,1150,20,449,,,,128,961,239,67,102,31,16,24,12,0,6,116,99,88,39,35,33,65,81,11,15,16,22,18,10,0,82,30,50,10,21,0,31,"Jerome village, Illinois",131,80,87,46,38,71,57,86,20,39,21,32,55,50,5,25
"Homer Glen village, Illinois",24521,21606,140,1944,0,405,0,2379,1628,4599,1650,203,171,108783,816,1190,21330,139,8339,125,73,1455,2119,2004,1855,362,198,71,77,12143,1336,8020,470,7550,141,711,745,1087,1281,797,2021,335,775,1629,1194,17,35835,"Homer Glen village, Illinois",707,10087,711,0,12,455,13103,667,6448,,,,1181,8020,2570,686,831,893,539,311,112,58,403,603,579,835,659,674,662,994,470,602,431,418,583,350,223,268,598,639,943,365,222,145,62,"Homer Glen village, Illinois",476,588,621,825,679,734,784,1125,558,608,400,338,650,332,319,326
"Jerseyville city, Illinois",7860,7458,17,108,0,26,0,747,748,795,460,40,25,57967,788,631,7799,11,3701,0,81,237,342,256,634,491,368,226,1066,3414,445,3078,956,2122,645,505,257,116,239,203,413,95,79,216,440,17,38414,"Jerseyville city, Illinois",25,2949,228,5,0,0,3573,155,2718,,,,476,3078,927,151,289,228,202,57,68,10,122,316,142,325,189,275,175,251,140,142,25,115,78,96,78,64,162,265,360,135,58,79,65,"Jerseyville city, Illinois",190,225,127,385,141,390,183,349,81,232,98,103,178,210,113,193
"Jewett village, Illinois",281,280,0,0,0,0,0,20,12,10,0,0,0,48393,37,525,280,1,111,4,0,6,37,8,2,16,9,0,29,127,17,103,15,88,0,20,11,13,5,7,21,11,27,5,0,17,38427,"Jewett village, Illinois",3,115,8,0,0,0,134,9,97,,,,25,103,27,8,1,4,2,2,0,0,2,17,1,0,12,7,10,12,14,0,12,10,0,13,0,0,17,2,15,4,2,1,0,"Jewett village, Illinois",9,3,7,8,7,3,21,8,8,5,12,0,17,2,3,0
"Johnsburg village, Illinois",6354,5766,38,180,0,136,0,477,308,1037,387,76,8,116556,541,1386,6107,22,2432,0,9,1004,288,242,334,82,165,70,238,3033,396,2150,184,1966,81,302,267,288,240,201,283,187,54,650,394,17,38479,"Johnsburg village, Illinois",59,2753,143,0,0,29,3457,146,1473,,,,307,2150,900,77,103,371,294,78,19,13,87,136,146,150,188,137,259,390,76,98,53,93,114,65,60,26,249,187,250,141,104,0,29,"Johnsburg village, Illinois",181,147,141,213,191,172,354,243,72,126,62,114,131,127,60,27
"Johnsonville village, Illinois",50,48,0,0,0,0,0,3,6,6,0,0,0,28214,11,-666666666,50,0,32,0,0,4,4,2,5,5,0,2,10,23,2,26,3,23,0,0,4,0,10,5,5,2,0,0,0,17,38531,"Johnsonville village, Illinois",0,26,0,0,0,0,26,0,19,,,,3,26,2,1,0,1,0,0,0,0,3,0,0,1,0,0,2,6,0,6,0,0,0,2,1,0,0,0,0,3,2,0,3,"Johnsonville village, Illinois",0,0,3,0,1,0,3,0,2,4,0,0,0,1,3,2
"Johnston City city, Illinois",3414,3285,0,81,7,0,0,551,360,282,46,0,101,37500,418,585,3414,0,1535,0,0,77,110,172,311,82,140,74,569,1823,293,1390,293,1097,115,180,443,140,75,62,64,89,56,0,128,17,38544,"Johnston City city, Illinois",0,1186,161,5,0,0,1516,86,1270,,,,388,1390,406,86,119,169,86,47,0,0,125,149,107,17,84,148,145,125,0,114,8,52,131,42,0,69,38,98,101,17,46,67,0,"Johnston City city, Illinois",41,100,47,93,124,66,119,138,86,33,38,99,76,48,57,59
"Joliet city, Illinois",147323,69927,24222,46524,74,2900,3,13982,7148,14237,5928,546,594,72871,15132,1077,125181,1031,51837,608,491,13029,9475,2404,4503,4636,4924,2936,8831,71669,10564,48516,14538,33978,1029,5324,7765,8729,10252,4485,8973,2560,3516,7087,6567,17,38570,"Joliet city, Illinois",2555,59889,6076,518,115,682,78378,4627,33007,,,,5405,48516,20388,4841,5229,6612,3522,2320,1283,1059,3427,5124,4943,4932,5306,5840,4867,3877,1567,1837,1233,1503,1559,1034,608,446,4665,5510,6414,3106,2298,1100,1075,"Joliet city, Illinois",3161,4952,5293,5272,5430,5432,4765,3991,1304,1932,1088,1837,1957,1460,1177,1135
"Jonesboro city, Illinois",1772,1586,6,101,2,0,0,169,162,272,40,3,2,37355,405,629,1706,0,847,11,0,38,74,77,186,99,103,53,206,869,66,741,170,571,45,89,158,96,42,0,107,35,27,69,9,17,38635,"Jonesboro city, Illinois",0,551,106,0,0,0,719,31,663,,,,127,741,249,54,101,33,26,24,0,0,14,60,39,83,68,46,20,72,37,23,12,25,25,32,12,63,55,43,71,48,27,9,2,"Jonesboro city, Illinois",8,52,52,71,45,71,35,49,3,55,8,50,66,24,31,28
"Joppa village, Illinois",263,242,14,0,0,0,0,25,15,10,1,0,0,29792,68,613,256,6,109,0,3,8,9,4,20,12,19,9,25,155,25,89,32,57,2,13,1,16,10,16,14,0,0,7,1,17,38674,"Joppa village, Illinois",0,80,0,0,0,0,127,36,96,,,,36,89,31,5,13,5,8,3,26,0,6,23,3,0,6,7,18,7,1,4,0,0,13,6,1,0,7,5,5,7,9,0,0,"Joppa village, Illinois",10,7,3,2,4,9,0,2,0,5,1,9,13,6,1,3
"Joslin CDP, Illinois",30,30,0,0,0,0,0,0,0,0,0,0,0,-666666666,0,-666666666,30,0,29,0,0,14,0,0,0,0,0,0,15,15,0,15,0,15,0,0,0,0,0,0,0,0,0,0,0,17,38726,"Joslin CDP, Illinois",0,0,0,0,0,0,0,0,30,,,,0,15,0,0,0,0,0,0,0,0,0,0,0,0,0,0,0,0,0,0,15,0,0,0,0,0,0,0,0,0,0,0,0,"Joslin CDP, Illinois",0,0,0,0,0,0,0,15,0,0,0,0,0,0,0,0
"Joy village, Illinois",292,283,0,8,0,0,0,41,19,12,9,0,0,50156,38,756,289,0,155,1,0,1,8,7,29,19,15,3,72,145,25,127,28,99,28,27,22,8,5,1,3,12,3,15,19,17,38739,"Joy village, Illinois",4,138,3,0,0,0,177,22,72,,,,17,127,25,6,6,7,2,6,8,2,3,13,19,3,5,17,8,5,1,9,4,3,3,13,2,0,13,3,7,5,6,6,0,"Joy village, Illinois",1,8,3,8,14,5,18,12,2,9,2,4,5,7,2,7
"Junction village, Illinois",82,82,0,0,0,0,0,11,8,7,0,1,0,29464,15,-666666666,82,0,65,0,3,14,1,0,14,4,3,14,12,37,13,37,9,28,0,0,9,1,2,1,1,7,0,6,2,17,38778,"Junction village, Illinois",0,21,2,0,0,0,29,0,44,,,,7,37,12,0,0,0,1,6,3,0,0,0,3,2,1,0,13,0,0,0,0,0,0,7,1,0,0,4,4,0,0,0,0,"Junction village, Illinois",2,0,2,3,0,9,6,0,1,0,1,0,4,6,3,0
"Junction City village, Illinois",581,506,1,34,8,1,0,78,15,15,3,0,0,45750,175,721,579,0,244,11,13,36,38,28,40,6,12,15,45,284,26,221,48,173,0,18,36,22,38,8,7,6,24,9,12,17,38791,"Junction City village, Illinois",2,146,32,4,0,0,238,45,172,,,,28,221,90,13,39,22,6,1,5,1,11,15,8,17,26,11,15,7,13,6,10,16,6,11,25,0,34,24,21,23,2,2,1,"Junction City village, Illinois",9,32,16,6,6,20,4,18,10,14,6,24,11,7,4,3
"Justice village, Illinois",12677,7075,2709,1907,0,695,0,1387,942,1001,420,47,36,57523,2380,1077,9105,165,5199,57,0,756,452,682,1795,683,582,137,55,5991,452,4644,2233,2411,13,237,731,840,550,428,1252,236,501,461,627,17,38830,"Justice village, Illinois",209,5092,439,259,46,75,7024,340,2904,,,,279,4644,1530,681,355,237,95,182,67,186,758,425,433,488,478,172,280,373,94,129,102,196,121,58,55,26,597,219,429,308,59,61,21,"Justice village, Illinois",423,827,417,582,454,398,336,299,192,239,133,176,140,257,51,68
"Kampsville village, Illinois",321,312,1,3,3,2,0,23,17,4,7,0,0,49583,95,521,319,0,221,0,0,5,23,11,17,34,14,16,101,157,25,132,47,85,1,17,7,14,7,5,12,0,0,8,15,17,38856,"Kampsville village, Illinois",11,87,4,0,0,0,121,16,107,,,,28,132,38,8,32,17,0,8,0,0,5,6,0,5,7,9,16,10,1,3,7,5,8,5,2,3,13,5,18,1,7,2,1,"Kampsville village, Illinois",2,11,19,10,2,1,6,14,3,3,2,6,6,14,6,12
"Kane village, Illinois",244,229,4,6,1,0,0,29,22,4,4,0,0,31875,56,625,238,3,176,1,0,6,6,8,19,19,10,8,99,145,14,98,26,72,7,6,5,9,7,0,7,0,2,14,12,17,38869,"Kane village, Illinois",9,59,12,0,0,0,87,9,125,,,,41,98,20,5,10,8,4,3,0,0,4,18,2,5,17,5,9,9,0,15,5,3,14,3,2,4,5,2,2,10,0,1,0,"Kane village, Illinois",3,5,1,7,13,7,5,7,0,15,0,4,6,5,1,0
"Kaneville village, Illinois",518,486,6,14,0,7,0,58,27,74,30,4,2,64688,15,1146,506,2,230,0,0,9,10,7,103,27,0,2,72,272,57,225,27,198,2,16,22,28,54,17,51,0,12,22,8,17,38895,"Kaneville village, Illinois",7,218,17,0,0,0,271,11,187,,,,35,225,42,11,7,13,3,1,2,7,4,20,11,15,17,15,42,24,4,16,19,4,18,9,6,4,11,6,5,12,13,8,0,"Kaneville village, Illinois",2,9,10,6,4,21,21,23,4,10,19,8,29,9,5,11
"Kangley village, Illinois",244,241,0,0,0,0,0,2,10,16,3,1,0,52857,52,611,244,0,147,0,4,2,5,0,34,16,21,12,53,118,8,120,23,97,0,15,28,7,4,9,12,10,2,7,1,17,38921,"Kangley village, Illinois",0,82,4,5,0,0,113,13,110,,,,13,120,19,0,9,1,4,3,0,0,4,5,2,4,0,0,8,17,8,6,8,27,4,4,4,0,0,4,6,7,3,2,0,"Kangley village, Illinois",7,6,0,11,2,11,9,5,3,7,7,22,6,4,0,4
"Kankakee city, Illinois",25818,9497,10686,5184,106,131,0,2758,1080,1315,642,121,67,38763,6865,844,23026,40,11488,59,21,250,270,247,2091,1933,1460,1094,4063,12008,1459,9540,4966,4574,453,1859,2151,1549,1159,214,840,277,160,683,585,17,38934,"Kankakee city, Illinois",224,7904,1125,504,41,11,11561,931,8318,,,,1184,9540,3022,858,854,1000,499,225,218,112,587,1027,733,1196,679,892,654,855,301,406,279,272,312,262,88,243,923,882,1119,586,324,159,215,"Kankakee city, Illinois",512,915,809,837,893,776,762,766,280,389,421,311,394,279,300,414
"Kansas village, Illinois",771,753,7,0,0,0,0,79,93,50,11,0,0,36375,160,294,765,3,417,0,2,22,54,38,89,21,18,14,159,376,51,339,92,247,15,5,10,12,91,37,68,1,1,25,8,17,38986,"Kansas village, Illinois",12,256,11,0,0,0,347,28,276,,,,45,339,111,29,7,20,40,3,15,4,17,8,9,14,32,41,10,36,12,26,9,20,12,3,7,2,10,11,59,19,10,4,3,"Kansas village, Illinois",3,9,26,9,45,53,14,18,7,17,13,5,20,22,6,12
"Kappa village, Illinois",225,203,0,16,5,0,0,10,6,38,5,1,0,87500,10,575,225,0,76,1,1,38,3,4,9,2,7,1,10,102,21,68,10,58,0,15,17,2,38,6,22,2,4,13,0,17,39038,"Kappa village, Illinois",4,110,13,0,0,0,133,7,32,,,,6,68,36,5,4,8,5,1,5,7,8,5,2,8,7,17,4,10,1,0,1,1,2,0,0,1,13,10,8,16,9,2,0,"Kappa village, Illinois",7,2,0,12,7,11,9,7,5,1,0,1,2,0,1,0
"Karnak village, Illinois",473,435,10,12,0,0,0,44,26,20,0,0,0,35521,72,633,469,0,220,0,0,12,7,19,52,6,35,27,62,176,22,169,43,126,4,12,11,3,3,12,68,2,9,12,0,17,39077,"Karnak village, Illinois",5,108,23,6,0,0,148,7,221,,,,18,169,47,9,15,25,8,0,0,1,4,17,20,2,3,7,15,10,7,4,0,11,2,0,12,4,45,3,7,3,23,24,0,"Karnak village, Illinois",20,15,11,2,3,12,12,24,4,5,19,9,19,13,13,11
"Kaskaskia village, Illinois",29,29,0,0,0,0,0,1,0,1,0,0,0,-666666666,0,-666666666,29,0,13,3,0,0,4,0,3,0,0,0,3,10,0,6,0,6,0,0,0,0,0,0,10,0,0,0,0,17,39129,"Kaskaskia village, Illinois",0,10,0,0,0,0,10,0,2,,,,0,6,4,0,0,5,0,0,0,0,0,0,0,0,4,0,0,0,0,0,0,0,1,0,0,0,0,5,0,7,0,0,0,"Kaskaskia village, Illinois",0,0,6,0,0,0,0,0,0,0,0,0,0,0,0,1
"Keenes village, Illinois",53,49,0,0,0,0,0,2,9,1,0,0,0,45341,17,-666666666,53,0,37,0,0,7,3,14,6,0,7,0,0,29,11,31,4,27,0,2,0,1,1,5,5,0,2,3,0,17,39233,"Keenes village, Illinois",0,19,0,0,0,0,21,2,30,,,,4,31,4,1,0,0,0,0,0,0,0,3,0,2,0,11,0,5,0,0,0,2,1,4,0,0,1,0,0,0,0,0,0,"Keenes village, Illinois",0,3,4,2,0,2,3,1,0,0,2,0,3,3,0,0
"Keensburg village, Illinois",111,101,0,7,0,0,0,20,26,3,7,0,0,59750,8,-666666666,111,0,65,5,0,8,0,8,3,4,4,6,27,52,9,51,5,46,10,0,10,18,5,3,4,0,1,4,0,17,39259,"Keensburg village, Illinois",0,43,0,0,0,0,59,1,47,,,,23,51,4,0,0,0,0,0,0,0,0,10,0,2,0,3,6,12,5,0,1,5,4,2,2,0,0,2,0,6,0,0,0,"Keensburg village, Illinois",4,0,0,1,9,3,0,14,0,2,6,5,0,1,4,2
"Keithsburg city, Illinois",524,513,0,0,2,0,0,42,27,5,5,0,0,37143,115,533,524,0,303,2,0,2,88,11,31,15,28,11,115,255,51,230,51,179,4,17,7,6,22,19,29,5,25,26,24,17,39298,"Keithsburg city, Illinois",3,177,8,0,0,0,225,34,213,,,,73,230,55,4,7,13,12,5,7,15,0,8,11,4,22,19,32,12,6,10,4,5,35,5,11,8,13,14,20,8,0,0,0,"Keithsburg city, Illinois",4,25,14,1,27,5,28,13,4,6,10,12,23,12,17,13
"Kell village, Illinois",142,128,0,14,0,0,0,11,3,2,0,0,0,36667,7,-666666666,140,2,68,0,0,8,10,18,1,12,6,5,8,68,8,60,4,56,3,0,7,8,14,2,15,0,6,3,1,17,39324,"Kell village, Illinois",0,45,12,0,0,0,68,6,47,,,,19,60,12,1,12,0,0,2,0,0,4,5,1,6,2,6,2,5,1,3,0,2,9,5,2,0,6,7,1,2,0,3,0,"Kell village, Illinois",6,3,0,5,7,0,2,9,1,9,2,2,3,3,3,0
"Kempton village, Illinois",317,307,0,1,9,0,0,38,31,13,6,0,0,60703,89,1068,316,1,145,0,0,0,3,0,15,6,2,0,119,130,11,127,16,111,7,7,2,2,7,9,3,46,29,0,10,17,39441,"Kempton village, Illinois",6,119,9,0,0,0,153,16,95,,,,23,127,32,6,2,22,1,0,0,0,0,5,11,33,22,9,2,4,1,2,0,1,5,0,1,3,21,13,5,10,33,0,9,"Kempton village, Illinois",0,2,10,29,11,6,7,5,0,2,1,1,19,0,0,3
"Kenilworth village, Illinois",2356,2023,0,136,0,66,0,44,18,614,442,174,58,241591,81,2846,2115,50,782,0,3,75,17,2,12,23,111,57,482,1191,162,730,41,689,13,34,38,26,57,18,131,12,103,106,140,17,39519,"Kenilworth village, Illinois",17,360,25,0,20,225,873,42,780,,,,43,730,317,49,108,194,82,32,10,3,32,12,0,46,68,82,80,152,32,41,15,7,55,20,31,40,97,76,125,46,32,26,0,"Kenilworth village, Illinois",42,4,29,35,67,127,87,121,35,52,24,28,46,30,17,19
"Kenney village, Illinois",447,434,11,1,0,0,0,45,15,32,6,0,0,60536,32,581,436,5,281,0,0,4,8,88,4,19,12,40,106,241,16,265,31,234,5,4,56,26,11,3,15,8,0,21,1,17,39532,"Kenney village, Illinois",1,140,8,0,0,0,186,23,222,,,,35,265,30,2,4,2,7,4,0,0,5,12,6,18,21,13,3,24,2,77,2,8,20,6,4,1,11,4,11,4,0,2,3,"Kenney village, Illinois",5,0,6,10,17,4,15,6,13,11,6,9,9,40,7,13
"Kewanee city, Illinois",12622,10370,701,1248,17,57,0,1112,914,853,312,48,34,40196,2820,647,12163,35,5975,35,60,59,185,269,614,520,806,775,2652,5841,592,5068,1661,3407,625,1767,872,244,285,153,236,91,137,304,130,17,39727,"Kewanee city, Illinois",81,4249,587,0,0,0,5368,344,4483,,,,804,5068,1463,436,421,369,230,183,117,199,111,282,395,348,314,229,372,494,124,252,113,205,303,231,141,178,470,480,361,249,156,66,39,"Kewanee city, Illinois",247,279,402,437,328,359,391,560,250,159,141,168,343,247,195,248
"Keyesport village, Illinois",493,487,0,0,0,0,0,47,16,14,0,0,0,33629,135,531,491,0,277,0,0,19,24,44,77,9,17,5,82,230,38,194,62,132,20,3,32,7,21,3,38,3,13,13,10,17,39753,"Keyesport village, Illinois",1,150,3,0,0,0,199,32,206,,,,16,194,97,5,15,18,22,5,3,5,12,8,6,1,29,34,4,8,14,6,0,4,12,8,7,4,22,0,11,14,4,0,2,"Keyesport village, Illinois",0,33,0,5,23,42,20,28,5,8,7,12,10,9,8,0
"Kilbourne village, Illinois",350,328,0,0,10,0,0,12,53,8,4,0,0,33750,78,725,350,0,192,4,0,13,6,5,51,11,22,22,58,162,33,156,48,108,10,8,11,27,14,0,3,12,0,12,31,17,39857,"Kilbourne village, Illinois",4,113,9,0,0,0,152,7,116,,,,29,156,42,0,24,17,1,0,2,2,2,0,10,25,9,15,18,0,1,8,14,4,1,1,7,1,3,33,2,20,3,0,0,"Kilbourne village, Illinois",0,8,17,10,6,10,7,25,15,8,0,2,5,8,3,3
"Kildeer village, Illinois",4007,3055,0,130,0,702,0,172,125,1034,722,112,127,212500,102,-666666666,3122,41,1354,30,23,233,313,236,243,217,44,0,15,2061,387,1306,7,1299,13,84,101,81,125,134,441,222,123,190,129,17,39883,"Kildeer village, Illinois",90,1450,84,0,16,141,2163,58,868,,,,76,1306,672,154,104,162,122,79,17,16,100,25,50,127,143,133,254,259,18,53,32,39,85,49,20,20,118,133,215,103,23,17,0,"Kildeer village, Illinois",85,13,45,136,122,145,342,132,59,49,8,40,88,32,15,26
"Kincaid village, Illinois",1428,1428,0,0,0,0,0,112,96,58,23,0,0,57139,192,688,1403,25,703,11,2,115,40,27,103,48,43,58,256,715,77,643,173,470,18,51,29,110,179,13,106,35,34,61,30,17,39909,"Kincaid village, Illinois",15,570,94,0,0,0,713,29,523,,,,84,643,111,29,44,19,19,43,4,13,44,34,14,40,60,28,49,78,13,84,24,12,21,17,21,9,12,25,41,23,13,15,15,"Kincaid village, Illinois",19,15,25,38,56,29,15,87,32,94,13,11,42,38,22,29
"Kinderhook village, Illinois",307,301,0,0,0,1,0,22,18,26,3,2,5,65268,11,540,304,1,135,0,0,9,20,2,29,4,7,19,45,148,19,121,32,89,8,15,17,32,9,4,53,2,3,4,4,17,39922,"Kinderhook village, Illinois",0,119,29,0,0,0,176,16,72,,,,26,121,42,1,0,11,3,8,5,0,19,25,5,7,3,6,13,7,0,2,3,4,5,10,1,10,42,1,3,1,3,8,0,"Kinderhook village, Illinois",2,10,18,7,9,4,4,8,2,2,1,5,10,4,13,2
"Kings CDP, Illinois",348,150,0,192,0,0,0,18,27,8,7,0,0,61250,0,513,272,0,74,0,0,3,1,0,23,7,2,3,35,133,12,74,7,67,0,0,12,28,0,8,28,9,0,23,16,17,39987,"Kings CDP, Illinois",10,112,22,0,0,0,137,3,44,,,,7,74,54,2,26,9,9,18,0,0,4,0,7,13,23,9,3,0,0,8,0,1,1,0,0,0,77,12,33,8,2,0,0,"Kings CDP, Illinois",3,5,7,8,36,19,2,0,0,0,1,0,0,0,0,2
"Kingston CDP, Illinois",107,107,0,0,0,0,0,0,0,0,10,0,0,-666666666,69,-666666666,107,0,42,10,0,0,9,0,0,0,0,0,23,40,0,42,9,33,0,0,0,0,0,0,0,0,0,19,0,17,40052,"Kingston CDP, Illinois",0,19,0,0,0,0,49,0,23,,,,0,42,33,10,0,0,0,0,0,0,0,0,0,9,21,0,0,0,0,0,0,0,0,0,0,0,25,0,0,0,0,0,0,"Kingston CDP, Illinois",0,0,33,0,0,0,9,0,0,0,0,0,0,0,0,0
"Kingston village, Illinois",1183,969,22,121,0,0,0,100,73,66,27,6,1,84375,69,771,1143,10,424,3,0,88,93,16,55,14,31,3,121,578,71,400,67,333,17,42,39,62,78,62,71,13,34,71,68,17,40065,"Kingston village, Illinois",17,482,63,0,0,0,706,60,202,,,,96,400,163,33,41,40,17,24,0,9,38,30,25,40,47,23,48,50,18,18,22,22,28,3,0,2,42,32,81,18,14,4,14,"Kingston village, Illinois",28,42,24,64,24,46,36,22,20,23,11,10,33,6,5,6
"Kingston Mines village, Illinois",240,237,0,3,0,0,0,26,18,12,2,0,2,51250,58,675,238,0,119,0,0,4,15,1,29,12,16,11,31,115,6,100,26,74,6,22,2,6,15,3,32,4,0,4,2,17,40091,"Kingston Mines village, Illinois",0,90,6,0,0,0,98,0,97,,,,13,100,31,5,10,7,2,0,2,0,7,9,10,12,3,0,6,15,1,6,2,5,6,1,5,1,10,4,8,10,5,0,3,"Kingston Mines village, Illinois",4,4,13,11,6,13,7,3,3,6,2,5,4,4,0,0
"Kinmundy city, Illinois",915,881,0,34,0,0,0,64,96,23,15,0,0,31111,189,525,901,2,491,9,10,41,49,48,117,23,47,14,133,413,90,442,105,337,22,29,36,61,74,9,64,28,27,22,7,17,40117,"Kinmundy city, Illinois",7,320,54,0,0,6,486,72,289,,,,42,442,95,23,15,15,19,25,8,18,10,5,29,17,29,18,72,30,2,21,14,4,30,4,5,2,31,27,22,17,15,4,6,"Kinmundy city, Illinois",18,21,19,24,38,49,39,11,16,17,10,27,20,39,30,0
"Kinsman village, Illinois",96,88,0,8,0,0,0,17,2,6,0,0,0,81875,2,-666666666,93,0,41,0,0,0,3,4,3,0,0,2,29,44,5,31,6,25,0,0,4,4,3,7,29,0,0,4,0,17,40143,"Kinsman village, Illinois",0,47,4,0,0,0,59,8,23,,,,5,31,14,5,0,2,4,5,0,0,1,1,6,7,3,5,0,1,0,3,0,0,1,0,0,0,4,3,0,0,5,8,0,"Kinsman village, Illinois",0,13,1,4,4,5,1,1,0,0,0,0,1,0,2,0
"Kirkland village, Illinois",1524,1398,0,90,0,0,0,130,159,116,56,0,0,63708,193,945,1506,12,601,0,10,164,101,7,42,44,33,20,180,732,90,573,152,421,26,37,0,33,142,120,72,9,14,92,79,17,40156,"Kirkland village, Illinois",15,584,37,0,0,0,763,79,407,,,,113,573,180,36,30,63,42,17,25,13,22,69,39,22,56,47,43,35,24,21,22,31,35,30,3,7,32,57,99,45,17,8,0,"Kirkland village, Illinois",67,47,39,49,58,36,35,35,24,28,33,21,46,10,3,3
"Kirkwood village, Illinois",742,718,0,20,0,0,0,78,46,41,14,0,0,51094,66,488,742,0,319,4,1,4,7,14,77,24,34,12,142,384,80,291,18,273,3,22,69,70,43,22,26,4,31,2,15,17,40182,"Kirkwood village, Illinois",9,276,31,0,0,0,369,16,211,,,,51,291,94,27,16,38,36,26,6,10,2,13,7,25,26,37,43,27,3,4,5,5,19,13,6,0,18,15,32,12,16,2,6,"Kirkwood village, Illinois",8,13,10,16,27,38,23,14,17,4,0,13,24,26,7,7
"Knollwood CDP, Illinois",1684,1285,8,364,0,8,0,102,66,316,120,27,45,126250,48,1741,1581,10,643,0,28,53,12,56,186,139,155,14,0,622,67,519,169,350,25,42,91,37,87,32,59,0,86,31,12,17,40364,"Knollwood CDP, Illinois",0,494,8,0,0,0,633,31,561,,,,86,519,235,59,105,32,84,0,0,0,15,0,7,58,9,48,89,43,30,9,6,32,49,33,0,0,39,40,131,95,0,0,17,"Knollwood CDP, Illinois",30,72,31,75,10,66,110,29,20,0,26,47,49,57,16,16
"Knoxville city, Illinois",3137,2953,3,97,0,9,0,357,254,355,120,19,15,63750,193,638,3096,24,1174,4,20,60,61,46,324,91,209,16,343,1319,163,1089,201,888,152,162,207,395,106,17,40,6,0,137,57,17,40416,"Knoxville city, Illinois",18,1179,110,0,0,0,1417,49,957,,,,223,1089,383,99,97,114,110,36,15,0,25,110,61,71,100,66,97,67,21,14,67,21,50,40,54,19,155,129,110,55,37,28,7,"Knoxville city, Illinois",37,70,124,77,69,172,72,120,56,49,27,30,104,72,74,109
"La Clede CDP, Illinois",33,33,0,0,0,0,0,0,0,0,0,0,0,-666666666,0,-666666666,33,0,14,0,5,0,0,9,0,0,0,0,0,19,8,14,0,14,0,0,9,0,0,0,0,0,0,0,0,17,40520,"La Clede CDP, Illinois",0,9,0,0,0,0,17,8,16,,,,0,14,0,0,0,0,0,0,0,0,0,0,0,0,0,8,0,0,0,0,0,11,0,0,0,0,0,0,0,0,0,0,0,"La Clede CDP, Illinois",0,0,0,0,0,0,9,0,0,0,5,0,0,0,0,0
"Lacon city, Illinois",1771,1714,19,32,0,0,0,173,108,140,34,10,3,52188,213,773,1761,4,859,0,28,74,49,22,160,86,117,57,266,834,121,715,157,558,28,111,84,75,61,10,65,81,41,66,5,17,40559,"Lacon city, Illinois",4,584,20,0,0,0,710,55,773,,,,175,715,206,75,0,52,70,29,6,21,51,25,69,24,11,51,72,68,25,26,19,17,59,48,12,38,63,40,42,15,3,0,15,"Lacon city, Illinois",16,44,44,49,54,26,49,88,38,22,19,42,52,51,33,98
"Ladd village, Illinois",1242,1156,0,77,0,0,0,180,67,83,49,7,0,59737,115,770,1212,2,573,0,2,25,57,29,65,68,116,75,136,600,95,524,79,445,48,122,136,118,92,18,34,11,0,4,5,17,40598,"Ladd village, Illinois",14,522,69,0,0,0,675,58,292,,,,69,524,146,40,45,12,30,14,3,3,7,39,22,54,49,37,58,73,22,21,9,13,7,16,13,13,30,51,59,37,6,6,4,"Ladd village, Illinois",11,20,27,61,43,45,44,70,15,27,4,14,9,19,23,17
"La Fayette village, Illinois",155,150,0,5,0,0,0,10,2,7,0,0,0,34792,24,475,155,0,105,0,0,1,0,12,4,12,17,11,48,89,14,87,9,78,2,2,9,6,2,0,0,0,11,16,10,17,40676,"La Fayette village, Illinois",0,54,4,0,0,0,61,3,70,,,,10,87,16,1,4,1,3,0,0,0,4,2,13,2,15,6,8,3,3,0,1,4,4,12,0,3,4,5,7,7,1,1,0,"La Fayette village, Illinois",0,2,7,2,5,3,1,7,1,1,0,4,3,0,3,2
"La Grange village, Illinois",15555,13074,784,1153,0,95,0,1017,503,3129,2315,639,289,122629,547,1290,14698,83,5687,51,14,535,192,223,447,470,1078,612,2065,7126,1240,5445,899,4546,67,615,409,564,669,301,1055,200,501,822,903,17,40767,"La Grange village, Illinois",140,4289,284,21,35,1343,7360,215,4315,,,,520,5445,2162,437,454,928,471,168,63,29,154,162,310,387,483,715,568,574,150,226,228,148,265,196,111,84,543,597,707,458,156,96,56,"La Grange village, Illinois",117,168,354,554,493,721,544,526,196,485,157,168,346,225,280,297
"La Grange Park village, Illinois",13129,10568,618,1490,0,333,0,918,655,3049,1923,336,124,107945,657,1225,12046,67,5323,66,0,288,168,143,418,622,2260,578,780,6138,857,4917,1346,3571,74,343,679,824,585,228,832,212,463,752,584,17,40793,"La Grange Park village, Illinois",129,4113,489,47,65,811,6509,223,3563,,,,626,4917,1741,401,499,530,399,106,37,40,108,299,237,533,392,419,470,307,213,229,81,211,356,147,80,149,548,388,478,326,112,64,49,"La Grange Park village, Illinois",221,210,367,629,430,520,569,332,139,115,216,205,350,110,124,384
"La Harpe city, Illinois",1318,1176,0,47,0,0,0,133,107,103,32,4,0,37361,153,573,1313,0,668,0,11,8,52,18,176,144,39,18,202,587,77,612,74,538,107,72,25,22,34,62,134,25,21,24,42,17,40832,"La Harpe city, Illinois",15,515,23,0,0,0,619,32,469,,,,81,612,116,58,30,33,28,26,10,6,9,32,23,32,35,8,69,29,19,38,20,16,39,25,14,12,44,21,32,9,11,3,0,"La Harpe city, Illinois",31,26,33,59,17,15,43,53,15,21,10,39,139,33,15,38
"Lake Barrington village, Illinois",5094,4653,14,179,0,162,0,405,153,1504,725,245,35,105651,270,1565,4565,53,2405,5,8,271,382,795,735,130,0,79,0,2526,284,2286,243,2043,0,65,247,277,105,91,269,59,125,188,198,17,40884,"Lake Barrington village, Illinois",98,1565,57,0,0,82,2362,126,2071,,,,281,2286,467,62,95,181,110,82,24,137,59,68,75,40,126,83,201,303,59,88,50,114,105,100,109,255,36,130,92,85,47,18,0,"Lake Barrington village, Illinois",17,50,60,69,120,128,279,300,59,122,106,133,283,97,103,234
"Lake Bluff village, Illinois",5540,4754,0,352,6,370,0,227,111,1488,854,490,176,174444,178,2136,4883,86,2069,43,30,49,343,415,177,366,292,61,293,2573,389,1972,184,1788,56,314,203,336,259,98,219,49,76,99,292,17,40910,"Lake Bluff village, Illinois",105,1673,91,0,6,284,2567,64,1791,,,,209,1972,770,137,180,231,121,100,15,16,87,56,114,102,153,221,168,219,90,131,64,86,134,66,51,44,204,129,250,151,93,23,8,"Lake Bluff village, Illinois",81,81,155,87,198,191,249,248,129,143,17,87,226,82,62,60
"Lake Camelot CDP, Illinois",1631,1591,0,40,0,0,0,152,184,211,72,8,19,102586,0,-666666666,1623,0,658,10,0,74,172,27,324,12,13,16,10,712,83,572,9,563,18,64,74,20,133,195,300,66,8,7,0,17,40962,"Lake Camelot CDP, Illinois",0,885,0,0,0,0,891,6,294,,,,60,572,243,44,21,67,7,7,0,0,19,14,79,41,101,41,42,29,11,36,58,23,48,24,0,0,90,61,142,32,74,0,0,"Lake Camelot CDP, Illinois",32,6,36,68,105,8,57,70,41,53,33,0,0,0,11,0
"Lake Carroll CDP, Illinois",500,494,5,0,0,0,0,75,74,77,40,0,16,84048,22,-666666666,491,0,927,8,1,294,283,268,47,0,0,26,0,228,16,216,1,215,10,16,17,0,0,0,13,0,9,0,0,17,40980,"Lake Carroll CDP, Illinois",1,66,0,0,0,0,79,5,319,,,,58,216,9,10,20,0,0,0,0,0,0,0,0,8,0,6,10,13,0,8,24,32,36,43,18,0,45,27,0,0,0,0,0,"Lake Carroll CDP, Illinois",0,0,0,0,8,15,10,22,0,23,32,24,43,17,0,6
"Lake Catherine CDP, Illinois",1289,1156,11,55,0,0,0,102,39,130,90,11,6,78889,28,1295,1259,6,719,0,0,91,13,12,102,100,165,114,122,637,43,560,186,374,19,61,96,7,25,9,41,22,66,164,44,17,40988,"Lake Catherine CDP, Illinois",5,525,33,1,0,0,643,49,442,,,,59,560,133,60,28,13,40,0,0,0,0,88,21,33,30,16,27,49,14,75,26,69,0,30,7,11,4,19,49,24,12,0,0,"Lake Catherine CDP, Illinois",46,27,43,27,54,25,41,50,6,50,63,7,7,72,20,6
"Lake City CDP, Illinois",107,86,21,0,0,0,0,10,17,0,0,0,30,65750,9,-666666666,107,0,58,0,0,0,0,0,0,11,0,0,47,59,30,58,0,58,0,0,0,0,0,0,47,0,0,0,0,17,41040,"Lake City CDP, Illinois",0,47,0,0,0,0,47,0,60,,,,20,58,0,0,0,0,0,0,0,0,0,0,0,0,0,0,30,9,0,0,0,0,20,0,0,0,0,0,0,0,0,0,0,"Lake City CDP, Illinois",0,0,0,0,0,30,8,0,0,0,0,0,0,10,0,0
"Lake Forest city, Illinois",19497,16103,240,692,44,1681,0,1046,429,5186,3281,1881,496,189118,537,1627,16851,216,7793,65,287,759,1259,1059,1169,987,963,191,1054,9369,1324,7203,924,6279,321,582,669,1066,627,304,546,116,312,614,1325,17,41105,"Lake Forest city, Illinois",389,4793,197,11,22,1202,8692,285,7422,,,,683,7203,2055,308,524,755,579,395,51,117,483,498,306,355,397,535,789,616,296,356,297,325,588,423,204,204,412,403,671,471,304,168,201,"Lake Forest city, Illinois",307,508,290,269,479,611,800,761,282,411,413,477,540,488,254,576
"Lake Holiday CDP, Illinois",5365,5056,57,154,0,12,0,602,452,528,269,0,0,82195,370,1634,5202,75,2231,0,0,318,797,428,523,39,52,58,16,2788,351,1972,202,1770,16,18,210,123,161,203,309,87,272,419,293,17,41157,"Lake Holiday CDP, Illinois",159,2178,92,0,0,0,2617,238,1642,,,,323,1972,616,168,162,242,131,50,43,10,210,85,89,225,121,126,225,115,73,270,24,107,155,104,12,41,202,169,118,56,81,0,45,"Lake Holiday CDP, Illinois",21,114,97,235,95,175,124,218,108,190,82,45,168,85,47,102
"Lake in the Hills village, Illinois",28617,21107,804,4338,20,1695,0,3124,1839,5056,1530,206,88,96470,1487,1487,25342,45,9997,42,102,2226,5382,441,805,315,502,99,83,13853,2304,9783,1710,8073,124,1199,1659,1419,1292,776,1632,686,700,2503,2150,17,41183,"Lake in the Hills village, Illinois",581,13087,1253,0,0,195,16871,670,4969,,,,783,9783,4380,989,1044,1041,615,388,182,307,553,730,846,1265,941,1140,1164,971,267,387,302,173,270,195,33,59,984,1134,1207,766,490,106,293,"Lake in the Hills village, Illinois",767,804,979,1093,875,1205,1212,958,359,372,187,324,319,171,104,46
"Lake Ka-Ho village, Illinois",234,229,0,5,0,0,0,15,25,9,2,0,0,41875,46,825,231,3,152,0,0,19,36,6,43,24,11,4,9,127,18,123,20,103,0,13,8,13,22,0,11,3,0,6,11,17,41214,"Lake Ka-Ho village, Illinois",4,81,10,0,0,0,98,5,102,,,,32,123,19,0,0,6,3,9,0,0,5,3,8,3,18,11,7,16,9,6,0,4,6,7,4,2,2,6,17,0,0,0,0,"Lake Ka-Ho village, Illinois",5,2,2,6,3,10,6,28,0,4,1,2,11,0,2,0
"Lakemoor village, Illinois",5820,5060,15,325,0,404,0,599,245,1076,411,22,54,80966,307,1385,5457,10,2385,0,10,830,1130,214,19,46,88,39,9,3028,338,2229,847,1382,0,129,182,219,587,320,347,182,43,355,324,17,41326,"Lakemoor village, Illinois",68,2638,61,0,0,14,3312,86,1268,,,,203,2229,862,389,227,149,149,36,0,12,122,286,181,185,279,208,130,296,55,202,20,32,14,61,0,15,146,107,132,173,138,11,16,"Lakemoor village, Illinois",107,225,294,161,170,182,216,296,64,102,19,58,66,27,6,56
"Lake of the Woods CDP, Illinois",2515,2466,0,0,0,0,0,175,210,419,53,20,0,59257,183,-666666666,2495,20,938,66,0,222,250,101,213,40,37,0,9,1400,138,938,80,858,12,50,221,184,294,108,157,25,26,51,41,17,41346,"Lake of the Woods CDP, Illinois",17,966,205,0,0,0,1272,39,416,,,,117,938,412,123,159,249,25,37,15,0,82,80,110,38,136,84,54,63,0,0,45,19,28,29,24,0,97,93,20,89,0,0,0,"Lake of the Woods CDP, Illinois",41,36,130,54,101,77,36,72,0,48,42,30,69,80,0,0
"Lake Petersburg CDP, Illinois",547,498,0,26,0,19,0,76,119,120,58,0,0,96750,7,-666666666,528,0,367,10,0,14,6,15,150,140,32,0,0,279,51,300,18,282,22,0,19,0,33,24,48,18,0,21,10,17,41404,"Lake Petersburg CDP, Illinois",10,178,27,0,0,0,246,12,255,,,,105,300,30,14,0,8,0,0,0,0,4,0,10,8,0,22,29,30,0,30,15,26,48,12,23,0,8,0,16,0,0,0,0,"Lake Petersburg CDP, Illinois",0,0,18,8,0,0,26,28,9,8,36,56,8,30,4,13
"Lake Summerset CDP, Illinois",1958,1856,0,93,0,9,0,268,148,316,120,15,0,91538,103,963,1924,9,1247,0,22,321,380,190,262,26,22,0,24,998,144,808,35,773,13,26,40,114,31,52,305,49,112,106,41,17,41456,"Lake Summerset CDP, Illinois",71,822,113,0,0,0,1091,99,599,,,,152,808,221,12,47,36,102,19,0,32,0,50,32,51,92,111,33,103,0,54,7,15,60,89,25,28,28,24,73,79,8,0,0,"Lake Summerset CDP, Illinois",47,74,40,81,46,70,65,50,22,12,24,49,29,112,27,0
"Lake Villa village, Illinois",8601,6425,384,1065,0,561,0,614,478,1358,900,104,104,105639,285,1167,7391,56,2997,20,54,961,975,370,392,62,91,18,54,4094,614,2963,951,2012,42,230,446,420,329,168,553,262,226,638,521,17,41586,"Lake Villa village, Illinois",116,3657,163,0,13,77,4751,345,1918,,,,308,2963,1220,279,291,396,298,133,118,84,158,160,243,203,279,180,434,300,100,141,116,78,66,51,34,0,207,261,366,177,194,124,31,"Lake Villa village, Illinois",234,137,260,253,163,552,289,365,179,112,133,92,151,94,49,36
"Lakewood village, Illinois",4013,3659,43,64,0,115,0,338,160,776,590,88,16,149583,57,-666666666,3724,0,1318,109,31,373,351,132,96,59,124,0,43,2157,448,1274,52,1222,37,99,192,245,331,20,125,70,28,246,314,17,41651,"Lakewood village, Illinois",9,1465,64,17,0,119,2080,11,869,,,,130,1274,674,50,230,289,171,15,73,35,30,57,37,160,138,187,261,115,71,50,40,7,65,66,0,10,31,165,201,137,22,0,48,"Lakewood village, Illinois",35,58,16,134,156,265,175,102,81,43,22,72,35,28,18,12
"Lakewood CDP, Illinois",32,32,0,0,0,0,0,0,8,0,9,0,0,-666666666,15,-666666666,32,0,16,0,0,0,0,0,0,0,0,0,16,25,0,16,0,16,0,0,0,9,0,0,0,0,0,0,0,17,41677,"Lakewood CDP, Illinois",0,9,0,0,0,0,9,0,23,,,,0,16,0,0,0,0,0,0,0,0,0,0,0,0,0,0,0,25,0,0,0,0,0,0,0,0,0,0,0,0,0,0,0,"Lakewood CDP, Illinois",0,0,0,0,0,0,0,7,0,0,0,0,0,0,0,0
"Lakewood Shores CDP, Illinois",566,566,0,0,0,0,0,57,62,31,0,0,0,66417,128,1339,566,0,243,0,0,4,18,5,49,47,100,15,5,331,46,211,60,151,0,24,21,19,9,54,56,5,15,10,24,17,41716,"Lakewood Shores CDP, Illinois",8,214,15,0,0,0,260,5,169,,,,33,211,67,0,65,19,13,28,0,0,0,28,28,5,23,14,32,19,10,4,13,5,10,5,10,0,17,15,16,13,0,0,0,"Lakewood Shores CDP, Illinois",0,27,24,5,18,9,19,10,0,9,9,20,4,10,3,7
"Lake Zurich village, Illinois",19912,16576,153,1319,0,1549,0,1786,1015,4339,2398,192,221,113467,760,1618,16279,85,7321,33,192,935,1211,2107,1750,554,415,51,73,9630,1431,7002,1332,5670,94,801,1251,825,820,784,1878,345,507,1179,904,17,41742,"Lake Zurich village, Illinois",331,8431,605,0,9,472,11589,428,4046,,,,627,7002,2574,605,670,857,403,261,94,170,361,459,708,594,583,644,791,679,340,366,261,232,314,125,52,116,545,611,670,451,318,70,144,"Lake Zurich village, Illinois",305,579,715,628,684,782,886,767,175,576,198,313,242,207,226,135
"Lanark city, Illinois",1453,1368,21,42,6,0,0,167,163,91,35,16,3,47917,225,671,1442,0,714,10,5,53,28,17,78,46,106,47,324,712,63,617,148,469,118,74,62,52,50,54,111,37,30,74,12,17,41859,"Lanark city, Illinois",25,615,52,14,0,0,776,43,363,,,,84,617,195,46,87,24,8,32,17,0,18,35,11,34,53,28,35,56,18,26,53,24,43,33,24,8,46,54,52,8,11,7,16,"Lanark city, Illinois",13,46,14,60,62,32,51,71,15,27,5,23,39,54,16,18
"Lane CDP, Illinois",164,77,1,0,0,0,0,1,0,9,5,0,0,57813,5,-666666666,158,6,49,0,0,0,0,0,12,0,23,9,5,92,0,49,12,37,5,0,1,9,0,32,5,0,0,11,0,17,41950,"Lane CDP, Illinois",0,58,0,0,0,0,63,0,9,,,,0,49,26,17,23,10,0,0,9,0,0,28,5,0,0,0,0,0,0,0,0,0,0,0,0,0,33,9,0,8,0,0,0,"Lane CDP, Illinois",0,1,10,11,0,0,0,0,0,0,0,0,0,0,0,0
"Langleyville CDP, Illinois",439,439,0,0,0,0,0,17,25,20,0,0,0,60221,0,-666666666,439,0,191,0,0,26,15,14,46,18,16,8,48,191,0,191,43,148,11,0,49,17,36,20,32,0,0,21,0,17,42002,"Langleyville CDP, Illinois",0,179,7,0,0,0,220,18,109,,,,18,191,57,36,16,18,0,0,0,0,0,0,0,19,10,0,0,15,6,7,46,0,10,8,0,0,0,7,15,18,0,0,0,"Langleyville CDP, Illinois",0,0,33,0,21,9,29,0,9,16,16,34,33,8,0,0
"Lansing village, Illinois",27614,9022,11840,4750,171,788,0,3147,1591,3325,1380,90,169,57659,4575,1036,24645,155,11668,0,244,321,614,945,3024,2220,2444,612,1244,12026,1890,10741,3598,7143,127,964,1700,1338,1306,559,1203,236,615,1288,1724,17,42028,"Lansing village, Illinois",367,9657,743,112,156,424,14130,1740,8154,,,,1331,10741,3405,625,689,875,1014,222,141,66,264,722,646,821,696,1150,740,654,303,324,388,314,506,274,309,329,536,1038,1079,839,394,163,218,"Lansing village, Illinois",517,1239,692,931,1114,911,1094,1210,269,673,381,426,620,405,244,549
"LaPlace CDP, Illinois",128,128,0,0,0,0,0,18,0,25,0,0,0,71875,0,-666666666,128,0,131,0,0,0,0,11,21,8,17,0,74,72,8,72,11,61,0,0,15,0,31,0,45,0,0,0,8,17,42067,"LaPlace CDP, Illinois",0,99,0,0,0,0,99,0,29,,,,29,72,0,0,0,0,0,0,0,0,0,0,0,0,10,8,0,26,0,0,8,0,11,9,0,0,0,0,0,0,0,0,0,"LaPlace CDP, Illinois",0,0,0,0,0,20,0,14,0,0,22,0,0,0,0,0
"La Prairie village, Illinois",64,63,0,0,0,0,0,3,2,0,0,0,0,68056,2,-666666666,62,2,40,9,0,0,1,0,2,2,0,2,24,36,3,28,0,28,0,1,0,0,2,0,7,2,8,4,0,17,42080,"La Prairie village, Illinois",2,16,10,0,0,0,30,4,30,,,,4,28,11,2,2,0,10,0,2,0,2,0,2,0,6,2,1,2,0,0,1,0,0,2,2,0,0,0,0,0,0,4,0,"La Prairie village, Illinois",3,0,0,0,9,4,1,2,0,0,0,2,1,2,0,0
"La Rose village, Illinois",114,107,0,0,0,7,0,8,12,3,0,0,0,27500,27,682,107,0,64,0,0,0,0,0,14,0,9,3,38,51,7,58,11,47,0,1,13,6,6,0,4,0,4,12,4,17,42171,"La Rose village, Illinois",0,49,1,0,0,0,67,10,31,,,,7,58,14,3,4,0,6,0,5,0,4,0,0,0,1,6,1,5,5,2,0,6,1,2,0,0,0,1,8,0,0,0,0,"La Rose village, Illinois",3,7,4,4,7,3,9,2,2,2,2,0,0,3,5,1
"LaSalle city, Illinois",9086,6694,130,1965,0,108,13,815,629,747,207,17,57,53208,1477,824,8260,49,4179,35,15,260,239,197,489,436,670,525,1313,4401,563,3758,1426,2332,320,924,1041,601,380,190,356,61,177,29,172,17,42184,"LaSalle city, Illinois",56,3651,495,5,0,0,4801,283,2505,,,,666,3758,1000,294,252,262,134,148,106,57,214,353,397,154,323,233,343,320,93,149,84,86,193,142,114,134,243,345,227,194,131,104,0,"LaSalle city, Illinois",168,282,256,326,284,303,227,260,144,91,53,153,222,333,44,111
"Latham village, Illinois",355,325,0,16,1,0,0,31,27,16,7,1,0,54309,40,491,354,0,168,0,0,2,1,4,30,7,19,24,81,195,30,149,61,88,2,1,21,2,30,60,26,5,0,5,10,17,42249,"Latham village, Illinois",6,140,24,0,0,0,185,17,111,,,,31,149,31,14,7,17,8,13,0,0,40,3,8,7,4,12,18,11,2,9,0,2,12,5,8,0,8,4,9,2,1,0,10,"Latham village, Illinois",6,6,10,10,4,19,20,6,3,1,3,7,13,7,2,4
"Lawrence CDP, Illinois",150,130,0,20,0,0,0,20,7,32,0,7,0,98977,0,-666666666,130,0,83,0,0,0,7,0,55,8,0,0,13,90,29,67,0,67,8,0,8,7,32,0,22,13,0,21,7,17,42392,"Lawrence CDP, Illinois",0,110,0,0,0,0,118,0,32,,,,17,67,0,0,0,0,0,0,0,0,18,0,7,22,0,0,29,0,0,0,0,6,8,0,0,0,0,0,0,0,0,0,0,"Lawrence CDP, Illinois",0,0,7,0,13,0,7,0,0,7,0,0,0,0,26,0
"Lawrenceville city, Illinois",4365,3937,44,31,4,4,0,443,379,318,197,45,27,41004,835,705,4347,14,2273,0,0,13,113,107,236,189,370,326,919,2074,223,1898,722,1176,222,376,374,154,110,97,131,20,0,62,187,17,42405,"Lawrenceville city, Illinois",10,1564,125,1,0,0,1913,70,1637,,,,191,1898,543,114,49,173,46,18,41,2,133,225,208,49,198,146,86,137,85,24,109,35,87,69,60,26,167,127,96,92,37,100,41,"Lawrenceville city, Illinois",61,119,72,116,213,72,108,114,66,120,55,52,165,77,81,94
"Leaf River village, Illinois",510,481,6,14,1,2,0,64,34,45,5,2,0,60000,92,711,502,3,248,0,0,1,8,2,15,50,53,12,107,273,79,234,55,179,5,3,17,15,31,38,34,25,16,69,0,17,42457,"Leaf River village, Illinois",5,240,12,0,0,0,287,15,126,,,,59,234,58,18,21,17,2,2,2,4,5,8,8,20,14,19,60,9,23,13,2,3,9,6,2,6,17,16,8,11,6,4,7,"Leaf River village, Illinois",9,16,20,8,17,22,11,14,10,6,4,6,10,8,4,3
"Lebanon city, Illinois",4443,3346,908,68,15,7,0,423,297,353,293,79,222,61298,429,942,4252,44,2012,210,74,475,273,132,75,177,161,36,399,1910,273,1634,685,949,75,301,105,439,643,210,161,0,116,136,61,17,42496,"Lebanon city, Illinois",56,2065,165,2,14,0,2617,38,1302,,,,694,1634,346,0,71,85,143,116,39,242,220,243,67,77,81,207,66,94,0,80,25,54,90,51,22,45,67,95,206,54,91,86,74,"Lebanon city, Illinois",207,198,22,152,189,126,104,114,32,101,31,75,151,61,39,50
"Lee village, Illinois",380,320,2,20,0,0,0,56,45,18,8,0,0,82500,33,725,373,3,150,0,0,21,16,9,20,13,8,1,62,183,20,138,46,92,4,15,19,21,8,12,23,22,15,27,16,17,42587,"Lee village, Illinois",7,160,19,0,0,0,215,13,80,,,,15,138,67,11,11,20,10,3,2,2,13,7,10,10,22,10,10,13,12,4,2,2,2,1,2,4,22,17,1,7,1,0,0,"Lee village, Illinois",8,18,23,7,20,6,22,14,8,6,4,1,5,6,1,0
"Lee Center CDP, Illinois",136,95,0,0,0,41,0,0,0,0,0,0,0,-666666666,0,-666666666,113,0,78,8,9,0,0,0,0,0,0,0,61,86,39,52,9,43,0,0,9,14,18,0,0,0,0,23,25,17,42600,"Lee Center CDP, Illinois",0,80,0,0,0,0,89,0,38,,,,25,52,9,0,0,9,9,0,0,0,0,0,0,0,21,0,39,0,0,8,0,0,0,0,0,0,0,0,0,0,0,0,0,"Lee Center CDP, Illinois",0,0,0,0,0,9,0,31,0,10,0,0,0,0,0,0
"Leland village, Illinois",932,874,0,42,0,0,0,102,41,148,39,0,2,60197,88,900,907,12,449,0,0,20,96,8,34,33,24,26,208,437,58,405,77,328,45,6,39,36,8,12,52,25,12,69,48,17,42756,"Leland village, Illinois",28,363,9,0,0,0,468,57,303,,,,54,405,109,15,36,26,45,5,0,0,12,22,28,53,28,47,11,11,8,20,17,15,10,7,11,10,23,23,26,18,19,0,3,"Leland village, Illinois",6,35,17,37,41,41,43,26,49,12,6,2,19,12,16,21
"Leland Grove city, Illinois",1237,1161,8,25,0,27,0,177,60,336,175,112,31,111458,61,920,1191,7,631,0,0,8,13,26,19,122,210,94,139,566,85,599,37,562,48,65,209,140,32,7,6,0,9,13,14,17,42769,"Leland Grove city, Illinois",17,516,30,3,0,0,630,22,463,,,,112,599,84,18,13,27,15,1,0,0,13,7,26,34,10,28,57,42,20,48,29,40,47,39,13,39,29,32,19,10,0,4,0,"Leland Grove city, Illinois",44,38,19,23,37,91,40,50,15,37,23,40,40,35,19,26
"Lemont village, Illinois",17131,15116,99,1391,8,350,0,1435,1118,3048,1502,226,103,114509,856,1223,14426,78,6150,343,108,1189,1902,896,436,257,270,52,697,8498,1193,5911,1011,4900,143,360,697,588,787,366,1250,421,336,856,1432,17,42795,"Lemont village, Illinois",267,6556,504,0,0,374,8639,323,4668,,,,570,5911,2301,335,621,1066,333,172,75,164,119,368,295,491,681,822,371,757,300,307,201,246,254,286,249,85,397,702,438,405,176,39,14,"Lemont village, Illinois",349,291,426,450,524,744,668,714,142,247,313,85,328,277,261,543
"Lena village, Illinois",2780,2657,37,51,0,6,0,309,210,351,150,54,9,56118,236,449,2708,0,1218,0,0,86,148,178,152,204,78,46,326,1373,212,1123,184,939,171,114,47,122,288,117,181,49,0,51,40,17,42834,"Lena village, Illinois",71,1093,136,0,0,0,1380,48,825,,,,168,1123,356,77,148,147,60,10,9,9,12,33,80,77,55,83,129,62,45,84,25,30,56,78,64,34,45,94,30,117,8,0,0,"Lena village, Illinois",10,51,96,113,125,51,43,80,47,74,49,41,41,112,84,62
"Lenzburg village, Illinois",411,387,0,22,0,0,0,24,15,19,4,0,0,40000,51,779,400,2,210,0,0,10,45,18,18,4,32,9,74,194,20,176,37,139,0,8,41,13,11,3,21,14,8,54,7,17,42860,"Lenzburg village, Illinois",2,172,5,0,0,0,211,7,132,,,,33,176,60,2,19,12,17,7,2,0,3,2,24,8,19,14,6,14,0,14,3,5,4,9,6,4,18,2,10,11,2,0,3,"Lenzburg village, Illinois",9,8,18,15,13,5,16,37,15,4,5,3,5,9,6,3
"Leonore village, Illinois",135,135,0,0,0,0,0,25,11,3,0,0,1,-666666666,15,-666666666,134,1,69,0,0,0,1,13,8,27,4,2,14,70,19,64,4,60,3,0,13,5,3,4,40,0,0,0,4,17,42912,"Leonore village, Illinois",0,70,2,0,0,0,76,0,36,,,,19,64,9,3,4,2,0,13,0,0,0,0,2,4,0,7,12,2,0,1,0,2,4,0,0,14,6,0,8,0,1,1,0,"Leonore village, Illinois",2,4,7,3,0,17,2,0,0,1,1,0,4,2,5,1
"Lerna village, Illinois",251,247,0,1,0,0,0,12,20,12,5,0,0,44286,49,613,251,0,146,0,0,0,29,13,25,12,16,8,43,130,11,110,28,82,0,9,23,11,25,6,18,6,2,4,0,17,42938,"Lerna village, Illinois",1,101,4,0,0,0,120,13,89,,,,12,110,20,13,11,0,0,3,2,0,6,28,7,7,4,2,9,11,1,3,4,2,9,5,0,3,11,5,2,0,2,0,6,"Lerna village, Illinois",10,11,2,3,2,4,5,15,5,2,12,5,15,3,1,0
"Le Roy city, Illinois",3429,3402,0,0,0,0,0,436,234,521,89,13,0,79250,436,620,3408,9,1493,0,4,144,177,105,264,206,170,91,332,1710,163,1412,233,1179,101,145,43,87,255,289,359,91,26,102,22,17,42971,"Le Roy city, Illinois",11,1328,176,0,0,0,1715,86,1123,,,,257,1412,378,86,106,103,88,23,0,20,96,20,149,92,102,58,110,126,79,149,32,29,113,42,83,13,64,64,135,33,36,0,30,"Le Roy city, Illinois",39,58,128,139,73,108,132,101,66,67,75,74,72,86,49,81
"Lewistown city, Illinois",2021,1920,18,30,0,48,0,261,90,155,14,10,0,52393,426,604,1938,7,1010,4,2,29,51,141,182,105,117,91,288,972,91,841,269,572,91,152,24,62,66,10,57,25,29,110,43,17,43055,"Lewistown city, Illinois",27,618,43,0,0,0,867,133,789,,,,138,841,226,84,18,87,40,33,10,0,8,101,48,47,113,41,56,64,20,64,20,20,65,47,21,10,22,79,43,40,40,9,7,"Lewistown city, Illinois",16,76,47,45,58,57,74,105,20,39,57,17,49,40,28,36
"Lexington city, Illinois",2049,1936,8,87,0,1,0,166,92,384,77,26,6,82757,120,717,1983,20,842,45,0,80,61,43,180,123,81,6,223,1054,97,769,152,617,25,84,45,49,231,171,254,13,0,17,21,17,43094,"Lexington city, Illinois",6,869,22,0,0,0,1081,50,497,,,,128,769,289,109,90,95,38,40,39,13,26,40,95,30,59,43,54,93,19,41,28,32,39,15,9,7,46,43,59,28,20,12,10,"Lexington city, Illinois",31,90,78,56,79,63,57,77,18,33,16,58,43,40,7,31
"Liberty village, Illinois",398,392,5,0,0,0,0,37,39,27,8,0,0,63333,7,775,395,0,161,0,0,14,22,7,42,12,18,4,42,175,24,140,24,116,2,18,5,21,21,13,72,9,2,5,0,17,43133,"Liberty village, Illinois",0,139,29,0,0,0,195,11,107,,,,29,140,69,2,6,27,16,5,1,0,10,9,8,5,15,19,5,11,0,0,7,5,12,5,5,2,14,17,30,9,6,0,0,"Liberty village, Illinois",0,7,8,15,28,8,14,9,0,11,5,16,14,2,8,2
"Libertyville village, Illinois",20300,16999,212,1158,40,1441,0,1285,515,5280,3259,661,528,150580,607,1363,17970,133,7639,83,113,641,806,1341,1843,716,836,443,817,9682,1684,7324,1428,5896,216,978,1294,1275,915,862,967,283,254,538,719,17,43250,"Libertyville village, Illinois",313,7381,313,31,84,432,10297,270,5409,,,,635,7324,2784,471,566,856,614,243,154,50,329,440,351,615,451,769,920,783,324,369,125,239,302,475,164,166,613,803,881,546,223,185,74,"Libertyville village, Illinois",204,288,349,509,761,858,994,770,231,243,178,369,478,301,234,432
"Lily Lake village, Illinois",1333,1202,61,50,0,7,0,183,101,225,78,26,10,119792,10,2025,1289,13,422,3,19,92,82,41,87,43,9,6,40,688,85,420,22,398,2,56,36,32,76,37,72,36,29,123,72,17,43406,"Lily Lake village, Illinois",16,521,40,0,0,8,761,44,271,,,,70,420,157,20,33,73,41,19,6,11,51,29,46,28,48,48,37,38,43,25,12,36,25,10,7,2,41,68,43,23,43,0,0,"Lily Lake village, Illinois",16,23,20,46,37,53,20,90,7,31,17,29,21,15,0,2
"Lima village, Illinois",105,98,0,0,0,1,0,11,6,13,7,0,0,58750,2,-666666666,104,0,74,3,0,4,6,3,10,12,5,9,22,43,8,48,1,47,8,0,0,1,8,17,10,4,4,0,0,17,43445,"Lima village, Illinois",0,41,3,0,0,0,57,0,35,,,,10,48,7,4,0,1,0,0,0,0,1,4,0,3,0,2,6,5,4,0,3,2,6,0,2,0,4,0,4,0,0,0,2,"Lima village, Illinois",0,11,4,3,4,0,5,4,7,2,0,2,1,2,7,0
"Limestone village, Illinois",1536,1498,6,26,0,0,0,224,240,99,92,0,3,90750,69,1250,1528,6,635,2,4,133,44,15,117,153,89,31,47,793,80,612,34,578,8,77,139,149,219,55,43,0,16,42,22,17,43510,"Limestone village, Illinois",35,734,25,0,0,0,909,31,371,,,,105,612,140,19,31,68,57,20,10,0,23,36,57,139,31,21,59,48,27,22,15,31,28,20,22,9,53,32,27,27,33,5,10,"Limestone village, Illinois",7,34,86,45,35,35,69,59,20,21,8,17,52,50,0,18
"Lincoln city, Illinois",13742,12059,683,384,14,109,0,1413,711,1105,426,100,69,48510,1811,716,13388,89,6528,47,18,391,439,354,1141,1165,1039,388,1546,6877,655,5954,2329,3625,758,2062,1146,439,177,52,290,134,368,375,136,17,43536,"Lincoln city, Illinois",130,4812,796,54,0,0,6923,505,4643,,,,861,5954,1283,488,258,419,227,304,384,116,333,547,383,434,242,392,286,421,180,270,165,171,434,241,114,167,269,321,324,193,357,116,117,"Lincoln city, Illinois",356,383,376,308,239,232,500,501,151,331,164,263,390,196,122,557
"Lincolnshire village, Illinois",7694,5959,46,211,6,1395,0,389,192,2172,1451,390,240,130076,314,2720,6202,52,3343,335,63,906,532,407,583,377,124,7,9,3727,515,3220,539,2681,21,209,496,514,391,161,270,51,102,174,178,17,43666,"Lincolnshire village, Illinois",76,2244,136,0,12,158,3437,100,3047,,,,375,3220,871,147,176,287,230,90,50,33,72,218,164,116,151,307,215,496,60,73,43,196,139,176,94,245,104,146,217,143,17,27,0,"Lincolnshire village, Illinois",144,153,161,104,262,216,250,295,82,88,126,80,279,212,202,608
"Lincolnwood village, Illinois",12338,7676,202,788,17,3309,0,1073,451,3315,899,681,219,90422,663,2195,8180,255,4877,198,13,351,260,186,299,735,1965,513,357,5978,663,4405,827,3578,88,380,494,631,520,204,577,170,105,731,268,17,43744,"Lincolnwood village, Illinois",118,3407,596,36,39,96,5258,330,4664,,,,473,4405,1187,426,314,443,255,136,46,0,116,267,226,328,392,310,353,329,148,224,215,311,261,283,161,459,224,493,440,125,75,39,26,"Lincolnwood village, Illinois",172,385,344,300,404,256,377,346,240,160,219,257,263,388,258,544
"Lindenhurst village, Illinois",14317,11555,259,1576,0,624,0,1200,998,2721,1279,67,209,115495,610,1562,12902,199,5171,0,81,827,1548,768,1213,312,381,0,41,6997,1172,4964,795,4169,96,182,508,701,1005,601,1259,646,507,775,595,17,43770,"Lindenhurst village, Illinois",92,6376,435,13,10,90,8239,513,2779,,,,756,4964,2125,551,527,499,362,135,169,74,201,288,573,497,423,558,614,638,125,104,181,152,205,66,89,44,428,506,597,362,197,44,25,"Lindenhurst village, Illinois",394,421,261,644,484,597,654,478,121,125,135,182,239,151,62,135
"Lisbon village, Illinois",281,255,4,6,0,0,0,24,13,32,8,0,0,63750,2,950,267,2,100,0,0,11,11,5,13,7,16,4,33,143,11,98,12,86,4,1,12,30,8,7,2,11,10,18,5,17,43900,"Lisbon village, Illinois",2,105,4,0,0,0,124,2,74,,,,17,98,39,15,14,7,5,11,0,1,8,17,4,8,11,6,5,4,1,3,5,1,5,3,2,7,22,13,7,6,1,0,0,"Lisbon village, Illinois",8,12,14,7,7,7,2,1,2,6,1,2,6,1,11,2
"Lisle village, Illinois",23363,16146,1190,1288,9,4057,0,1810,1094,5503,3421,541,403,96945,1277,1333,19338,195,10234,420,266,661,1379,2748,3047,706,656,113,238,12004,1371,9787,4171,5616,235,736,1442,1533,1504,509,1393,519,455,914,1177,17,43939,"Lisle village, Illinois",365,8882,500,59,50,927,13306,639,5431,,,,711,9787,2549,879,772,741,228,323,229,225,516,972,1004,960,754,761,610,831,261,275,262,419,420,338,138,165,732,796,510,280,458,140,95,"Lisle village, Illinois",487,667,972,796,610,725,650,804,303,395,257,292,330,311,191,479
"Litchfield city, Illinois",6626,6370,94,29,0,41,0,725,426,684,360,60,47,45772,825,552,6462,55,3579,9,45,375,377,280,437,333,466,211,1046,3108,453,3221,898,2323,214,1070,427,336,110,89,126,14,81,290,283,17,43965,"Litchfield city, Illinois",18,2671,260,8,0,0,3367,137,2231,,,,403,3221,555,202,84,284,116,73,29,19,180,205,211,187,91,219,253,210,171,66,107,92,161,120,63,35,175,166,96,38,89,3,42,"Litchfield city, Illinois",72,145,158,245,87,213,318,260,124,195,139,59,192,194,139,299
"Literberry CDP, Illinois",78,78,0,0,0,0,0,0,16,7,7,0,0,-666666666,0,-666666666,78,0,42,0,0,6,13,8,0,0,8,0,7,44,0,42,0,42,0,0,13,8,8,6,0,0,0,0,7,17,43978,"Literberry CDP, Illinois",0,42,0,0,0,0,49,0,24,,,,21,42,6,0,0,0,0,0,0,0,0,0,8,0,0,0,0,0,7,0,13,0,16,0,0,0,5,0,0,0,0,0,0,"Literberry CDP, Illinois",0,6,0,0,0,0,0,7,0,0,0,8,8,0,0,0
"Littleton village, Illinois",149,146,0,3,0,0,0,11,13,8,9,0,0,52250,9,-666666666,130,16,73,0,3,0,10,8,9,7,12,5,19,70,16,73,5,68,0,0,6,26,6,18,5,0,5,8,0,17,44056,"Littleton village, Illinois",10,81,3,0,0,0,87,0,43,,,,11,73,19,1,2,1,3,12,0,0,0,0,1,1,5,12,4,8,3,8,2,1,6,0,0,0,0,1,10,4,0,0,0,"Littleton village, Illinois",0,0,3,6,2,3,11,10,2,5,5,4,1,6,5,1
"La Moille village, Illinois",801,741,5,8,0,5,0,89,86,40,11,0,2,60288,30,637,794,2,331,0,8,6,71,18,31,29,40,11,117,407,65,297,62,235,21,25,95,80,93,72,28,14,0,5,11,17,41794,"La Moille village, Illinois",18,411,25,0,0,0,494,7,170,,,,49,297,95,9,23,36,9,10,5,0,64,22,15,14,15,40,25,13,15,18,8,19,21,13,13,0,11,24,22,50,10,0,0,"La Moille village, Illinois",15,35,25,16,20,9,41,27,12,17,0,12,13,21,4,10
"Little York village, Illinois",423,423,0,0,0,0,0,43,27,40,1,0,0,44063,23,618,423,0,176,0,0,6,13,4,39,32,9,16,57,200,26,170,40,130,11,0,11,49,43,27,41,8,3,5,8,17,44082,"Little York village, Illinois",2,188,20,0,0,0,224,14,104,,,,17,170,55,23,6,3,4,43,0,6,9,16,12,5,7,7,19,4,7,4,0,5,11,7,2,0,51,11,0,0,24,2,0,"Little York village, Illinois",6,20,6,29,7,7,11,12,4,10,5,1,2,8,4,3
"Liverpool village, Illinois",128,128,0,0,0,0,0,6,0,6,0,0,0,50625,4,588,128,0,72,0,0,0,16,0,6,3,13,8,26,75,13,63,22,41,0,0,4,15,8,0,1,0,13,11,2,17,44121,"Liverpool village, Illinois",2,38,18,0,0,0,61,0,53,,,,11,63,17,0,8,0,1,0,0,0,0,3,0,9,5,13,0,4,7,5,3,2,4,4,0,7,0,0,6,0,2,0,0,"Liverpool village, Illinois",0,0,4,7,11,0,10,2,2,1,2,1,4,1,0,0
"Livingston village, Illinois",789,686,0,10,2,0,0,66,69,62,14,0,0,56500,110,717,789,0,416,0,0,27,24,37,50,66,30,52,130,392,49,352,90,262,5,10,12,51,19,20,98,26,21,60,13,17,44160,"Livingston village, Illinois",6,326,7,0,0,0,359,16,282,,,,66,352,93,12,25,36,4,2,0,0,13,30,22,45,19,20,29,25,11,14,8,27,12,16,18,4,10,40,21,12,0,0,0,"Livingston village, Illinois",10,20,36,27,26,9,25,37,13,10,2,12,25,39,16,7
"Loami village, Illinois",1053,1007,10,23,2,5,0,123,53,73,21,4,0,54167,322,740,1034,10,382,12,2,25,135,34,59,30,6,10,69,617,56,348,104,244,17,52,12,97,94,48,95,0,3,15,13,17,44173,"Loami village, Illinois",8,344,55,0,0,0,499,14,321,,,,62,348,161,32,92,14,9,65,62,17,16,30,48,79,20,27,29,15,17,4,9,15,12,0,0,5,24,34,30,13,2,12,3,"Loami village, Illinois",23,68,13,60,26,36,20,5,16,11,14,4,12,7,0,3
"Lockport city, Illinois",25499,21664,559,2540,0,417,0,2550,1412,4075,1768,209,100,87817,1785,1305,23405,46,9351,181,87,3554,2149,246,404,614,643,243,1230,12328,1990,8975,1710,7265,259,1024,745,1402,1157,945,1512,817,622,1895,1445,17,44225,"Lockport city, Illinois",863,11503,541,12,38,379,14250,478,5255,,,,832,8975,3492,767,1017,1114,602,407,89,245,276,682,867,700,1172,1105,885,903,297,278,143,311,323,110,104,20,719,896,1007,911,172,109,159,"Lockport city, Illinois",452,741,988,842,967,1061,963,860,275,289,248,361,438,307,174,143
"Lockport Heights CDP, Illinois",885,819,0,8,0,0,0,196,51,62,10,0,0,82847,0,1676,840,13,281,0,0,0,0,0,67,67,147,0,0,398,38,281,44,237,0,32,122,114,18,63,125,0,27,68,10,17,44244,"Lockport Heights CDP, Illinois",0,517,33,0,0,0,627,15,111,,,,44,281,133,38,53,24,0,0,13,0,0,41,72,23,10,11,27,30,0,12,14,0,8,8,14,0,0,7,25,71,0,0,0,"Lockport Heights CDP, Illinois",45,133,7,43,0,65,0,34,9,25,0,0,0,9,6,8
"Loda village, Illinois",345,314,0,22,0,3,0,29,29,12,3,2,0,50714,51,582,342,0,167,0,0,28,17,7,29,23,2,3,58,185,10,134,36,98,7,30,18,10,24,2,19,5,4,24,1,17,44264,"Loda village, Illinois",7,133,15,0,0,0,172,15,88,,,,20,134,47,25,9,19,1,10,0,5,2,11,8,25,20,4,6,4,3,12,1,7,8,3,2,0,7,14,9,12,12,0,2,"Loda village, Illinois",3,17,7,15,7,13,6,9,2,6,0,4,7,5,1,2
"Lomax village, Illinois",375,350,0,25,0,0,0,83,23,25,3,0,0,41250,81,534,369,0,205,0,0,11,8,41,16,11,29,8,81,171,28,174,53,121,5,4,4,5,45,25,19,0,3,8,13,17,44381,"Lomax village, Illinois",3,128,6,0,0,0,144,6,164,,,,31,174,55,4,20,3,0,6,0,0,14,10,13,4,2,15,13,3,6,25,15,2,4,4,1,7,22,10,4,8,3,0,2,"Lomax village, Illinois",13,35,19,2,5,10,2,17,11,0,6,13,6,8,5,3
"Lombard village, Illinois",43755,30717,2088,4008,16,5485,0,3748,2441,9954,3808,734,471,86167,2441,1482,36158,277,18203,509,220,1530,2103,1781,3450,2802,3503,672,1633,21027,2593,17030,5140,11890,266,2020,2146,2745,3528,1365,2864,628,800,2676,1855,17,44407,"Lombard village, Illinois",431,17466,1475,84,138,1431,24860,983,10683,,,,1493,17030,4866,1491,1192,1172,558,663,158,291,684,1839,1759,1786,1185,1323,1275,1406,621,800,469,526,691,358,501,336,1406,1192,1202,696,693,169,265,"Lombard village, Illinois",1005,2031,1508,1578,1016,1318,1415,1889,544,747,545,512,924,477,598,941
"London Mills village, Illinois",326,318,0,8,0,0,0,35,26,22,2,0,0,43750,30,778,326,0,184,0,0,5,3,4,26,9,49,17,71,161,33,152,22,130,15,24,11,15,13,10,12,8,0,12,11,17,44446,"London Mills village, Illinois",0,105,23,0,0,0,153,17,116,,,,31,152,38,2,8,3,0,6,0,0,0,15,6,13,12,25,8,16,9,2,7,3,10,10,5,3,8,21,8,7,3,0,0,"London Mills village, Illinois",2,9,10,19,5,11,0,18,2,1,3,6,13,10,6,1
"Long Creek village, Illinois",1454,1417,0,6,4,0,0,146,94,184,43,0,20,78977,123,650,1400,4,589,19,5,38,96,25,131,96,66,26,87,692,122,561,49,512,24,133,101,121,180,27,35,8,16,15,8,17,44498,"Long Creek village, Illinois",6,634,33,4,0,0,771,42,413,,,,126,561,159,23,61,44,24,2,8,4,33,11,20,36,20,43,79,94,13,45,6,49,33,30,3,11,20,58,26,57,25,11,11,"Long Creek village, Illinois",0,28,23,26,40,61,109,40,34,47,16,19,36,20,33,22
"Long Grove village, Illinois",7907,5666,121,465,0,1394,17,481,338,1727,1206,631,194,207188,150,3501,6114,181,2587,60,23,525,645,665,287,223,134,14,11,3779,511,2434,51,2383,27,116,199,299,416,298,383,244,194,273,341,17,44524,"Long Grove village, Illinois",136,2514,245,17,19,88,3878,119,2499,,,,140,2434,862,145,317,374,107,90,46,35,157,170,96,143,199,316,201,347,184,321,178,109,164,89,90,34,152,255,212,143,162,50,30,"Long Grove village, Illinois",81,150,121,136,314,339,303,416,171,194,159,155,118,146,47,141
"Long Lake CDP, Illinois",3065,1968,0,1097,0,0,0,282,60,241,103,17,0,95764,179,1283,2449,86,1254,0,0,99,142,153,55,99,248,193,265,1705,192,967,238,729,15,50,96,144,52,95,231,113,69,221,123,17,44550,"Long Lake CDP, Illinois",105,1133,139,0,0,24,1613,144,696,,,,79,967,395,58,98,168,151,65,99,0,139,106,49,88,56,29,163,130,51,24,48,78,82,23,0,0,71,48,229,11,0,18,38,"Long Lake CDP, Illinois",0,91,64,52,63,204,124,72,53,35,73,7,35,41,18,13
"Long Point village, Illinois",250,228,0,5,0,4,0,14,19,9,7,0,0,61875,39,-666666666,246,0,93,0,0,2,5,0,3,19,7,4,53,139,15,81,3,78,2,2,7,18,23,9,5,0,13,3,8,17,44576,"Long Point village, Illinois",1,80,7,0,0,0,95,2,77,,,,7,81,34,5,28,24,3,7,0,1,2,2,6,20,3,11,4,8,1,3,2,7,1,2,0,0,4,3,7,6,7,0,0,"Long Point village, Illinois",1,2,12,15,3,12,5,7,2,9,1,4,2,2,0,6
"Longview village, Illinois",99,94,0,0,0,0,0,4,1,8,0,0,0,26667,28,-666666666,97,0,54,0,0,0,2,1,6,0,2,2,41,49,4,42,1,41,2,0,3,2,3,7,7,12,0,3,0,17,44602,"Longview village, Illinois",7,45,0,0,0,0,53,3,29,,,,6,42,10,5,5,1,1,2,0,0,3,5,1,3,0,4,0,11,0,3,1,0,1,1,0,2,3,1,2,1,3,0,0,"Longview village, Illinois",0,3,4,1,7,5,2,7,2,0,2,1,1,1,2,2
"Loraine village, Illinois",412,398,0,12,0,0,0,61,13,19,17,0,0,49258,48,547,407,0,195,0,0,4,38,19,8,12,3,2,109,204,12,175,32,143,5,3,12,11,40,24,32,5,3,18,0,17,44719,"Loraine village, Illinois",0,145,5,0,0,0,166,5,167,,,,34,175,41,19,20,2,6,0,0,3,0,19,13,20,7,12,0,15,4,10,10,3,31,4,3,3,21,8,5,4,2,0,2,"Loraine village, Illinois",9,9,18,14,3,3,13,12,10,9,3,3,43,5,3,9
"Lorenzo CDP, Illinois",31,31,0,0,0,0,0,0,0,0,0,0,0,-666666666,8,-666666666,31,0,14,0,0,8,0,0,0,6,0,0,0,17,0,14,6,8,0,0,0,0,0,0,0,0,0,0,0,17,44784,"Lorenzo CDP, Illinois",0,0,0,0,0,0,8,0,14,,,,0,14,8,9,0,0,0,0,0,0,0,8,0,0,0,0,0,0,0,0,0,0,0,0,0,0,0,0,0,0,0,0,0,"Lorenzo CDP, Illinois",0,8,0,0,0,0,0,0,0,6,0,0,0,0,0,0
"Lostant village, Illinois",463,419,0,40,0,0,0,42,29,35,15,1,4,64643,38,838,457,0,203,0,0,5,4,3,38,21,25,11,96,250,20,184,46,138,21,9,5,15,29,30,73,17,2,26,4,17,44823,"Lostant village, Illinois",2,206,22,0,0,0,254,14,106,,,,28,184,54,36,14,15,8,6,4,13,4,8,21,28,17,9,11,5,7,11,0,9,5,16,3,0,8,15,13,10,6,1,3,"Lostant village, Illinois",17,8,28,7,10,13,16,10,6,5,2,5,6,13,4,7
"Lost Nation CDP, Illinois",570,560,0,10,0,0,0,106,88,65,5,13,10,112697,0,-666666666,560,0,353,0,25,78,108,108,8,0,26,0,0,281,23,302,0,302,0,0,24,66,53,0,17,0,0,14,41,17,44836,"Lost Nation CDP, Illinois",102,276,41,0,0,0,330,0,240,,,,13,302,0,0,0,0,0,0,0,0,0,27,0,0,14,23,0,9,15,89,29,38,8,29,0,0,0,0,0,0,0,0,0,"Lost Nation CDP, Illinois",0,0,0,0,0,0,57,66,6,25,31,36,12,56,0,0
"Louisville village, Illinois",1106,1064,21,13,1,6,0,122,119,114,25,6,0,35298,224,594,1087,12,594,0,3,40,111,31,122,69,69,73,76,562,77,527,244,283,77,62,118,60,74,6,31,33,0,11,19,17,44927,"Louisville village, Illinois",17,435,28,7,0,0,558,34,353,,,,86,527,111,71,24,23,24,4,3,0,11,38,49,28,46,28,50,42,20,11,8,20,23,20,23,13,11,33,14,5,6,0,0,"Louisville village, Illinois",17,48,24,60,15,34,3,44,26,13,45,27,21,9,14,58
"Loves Park city, Illinois",23274,17859,1243,2067,0,925,0,2645,1595,2673,957,287,191,57096,3375,881,21743,76,10423,123,99,1990,2092,1494,1266,1172,1258,356,573,11311,1354,9608,3029,6579,494,1259,1748,2306,1917,563,1048,162,91,540,530,17,45031,"Loves Park city, Illinois",348,9954,788,32,0,13,12555,814,6211,,,,1331,9608,2979,990,512,752,478,187,141,279,495,842,898,701,481,747,613,968,354,232,278,575,335,295,149,67,775,512,713,329,377,142,139,"Loves Park city, Illinois",422,923,754,776,581,774,632,999,294,393,249,465,746,345,223,342
"Lovington village, Illinois",1156,1025,23,67,23,0,0,76,136,61,12,0,0,47125,104,547,1140,16,607,0,0,50,65,52,27,46,52,44,271,568,92,567,184,383,23,55,65,101,48,28,60,25,30,63,41,17,45044,"Lovington village, Illinois",17,459,79,1,0,0,621,33,291,,,,66,567,139,53,40,41,18,4,0,10,26,15,37,32,43,34,58,59,10,16,26,6,11,12,17,0,21,21,44,32,2,0,25,"Lovington village, Illinois",44,29,24,45,53,28,35,39,42,20,0,13,23,14,12,22
"Lowpoint CDP, Illinois",145,137,0,8,0,0,0,5,6,0,0,0,0,52292,18,888,145,0,45,0,0,0,0,0,0,11,13,3,18,70,13,45,13,32,0,6,9,5,5,11,21,4,10,5,0,17,45109,"Lowpoint CDP, Illinois",0,76,0,0,0,0,76,0,12,,,,14,45,19,7,9,6,0,0,0,0,0,0,16,5,0,13,0,0,0,0,5,5,0,4,0,0,12,13,10,0,0,5,0,"Lowpoint CDP, Illinois",5,5,9,4,0,3,4,5,0,0,0,0,0,0,0,0
"Ludlow village, Illinois",426,388,14,20,0,0,0,49,12,10,2,0,7,47679,111,478,410,2,227,1,0,22,10,11,39,17,33,38,56,207,19,173,68,105,0,1,33,34,14,11,69,0,8,13,0,17,45174,"Ludlow village, Illinois",0,146,30,2,0,0,211,20,142,,,,17,173,46,5,2,11,6,7,3,20,19,6,17,10,24,11,8,36,0,8,1,3,2,2,1,5,12,28,12,1,3,0,18,"Ludlow village, Illinois",6,23,8,16,1,11,18,10,19,9,1,5,0,8,2,8
"Lyndon village, Illinois",604,510,0,93,0,1,0,37,29,20,3,0,0,37344,88,793,597,6,290,0,0,6,17,63,10,20,76,19,79,314,20,253,53,200,38,32,27,20,26,26,24,7,6,57,2,17,45278,"Lyndon village, Illinois",3,225,29,0,0,0,305,26,171,,,,42,253,66,35,16,40,12,2,0,7,29,14,8,12,11,11,9,37,11,7,10,2,14,7,9,11,7,16,11,0,1,11,6,"Lyndon village, Illinois",13,29,12,14,13,19,19,27,0,11,5,9,10,46,11,0
"Lynn Center CDP, Illinois",39,39,0,0,0,0,0,9,0,19,0,0,0,-666666666,0,-666666666,39,0,19,0,0,12,0,0,0,0,7,0,0,18,11,19,0,19,0,0,0,0,11,12,0,0,0,0,0,17,45343,"Lynn Center CDP, Illinois",0,23,0,0,0,0,23,0,16,,,,0,19,0,0,0,0,0,0,0,0,0,0,0,0,0,11,0,0,0,0,0,7,0,0,0,0,0,0,0,0,0,0,0,"Lynn Center CDP, Illinois",0,0,0,0,0,0,12,0,0,0,9,0,0,0,0,0
"Lynnville village, Illinois",127,92,0,35,0,0,0,3,6,6,0,5,1,45000,11,-666666666,127,0,49,0,0,6,9,13,8,2,2,3,6,62,4,46,2,44,1,5,2,8,18,0,1,0,0,6,1,17,45369,"Lynnville village, Illinois",1,39,1,0,0,0,43,0,44,,,,0,46,9,1,13,11,1,0,0,0,1,1,0,5,2,0,4,4,4,1,1,6,2,4,0,1,0,12,1,1,1,0,0,"Lynnville village, Illinois",0,1,0,1,3,0,4,22,1,2,1,4,2,4,1,4
"Lynwood village, Illinois",9210,973,6970,778,0,0,0,1226,350,1638,629,68,29,76154,650,937,8701,125,3239,20,160,826,637,614,589,159,124,40,70,4156,684,3052,644,2408,9,43,280,656,629,276,722,33,64,435,410,17,45421,"Lynwood village, Illinois",412,3259,394,67,23,124,5285,477,2029,,,,375,3052,1088,461,123,281,223,304,229,65,28,298,211,190,179,397,287,371,41,161,88,36,167,21,30,0,217,200,582,75,83,0,188,"Lynwood village, Illinois",331,249,157,260,476,527,358,334,75,207,113,90,221,187,49,40
"Lyons village, Illinois",10338,3653,379,5922,0,240,0,1129,744,738,402,5,15,66005,960,1054,7700,164,4004,15,16,151,146,310,578,572,955,414,847,5050,544,3651,1415,2236,112,181,605,672,762,88,496,222,230,516,362,17,45434,"Lyons village, Illinois",276,3435,530,264,63,65,5274,255,2644,,,,357,3651,1299,494,535,211,83,60,42,51,147,467,469,240,390,159,385,523,115,82,48,128,238,98,59,38,365,462,283,119,178,18,0,"Lyons village, Illinois",240,366,367,352,450,275,320,265,61,139,148,209,52,132,392,83
"McClure village, Illinois",241,241,0,0,0,0,0,50,0,14,3,0,0,42614,45,588,239,0,164,0,0,9,20,13,35,27,23,9,28,114,26,111,25,86,0,1,5,1,21,6,25,0,4,6,0,17,45525,"McClure village, Illinois",0,54,15,0,0,0,74,5,146,,,,22,111,16,8,4,1,0,0,0,0,5,3,2,2,4,14,12,10,1,12,1,4,12,6,2,11,2,2,4,0,4,0,1,"McClure village, Illinois",0,1,7,2,14,15,9,5,2,20,5,11,8,8,7,0
"McCook village, Illinois",317,170,15,127,0,0,0,8,50,14,9,2,0,75417,16,1125,269,9,115,0,0,3,5,10,23,25,28,7,14,165,13,107,43,64,13,28,12,8,13,3,3,6,3,12,11,17,45564,"McCook village, Illinois",2,84,16,0,0,3,131,5,110,,,,23,107,44,13,18,11,3,2,7,0,27,16,8,4,4,5,8,4,3,3,0,4,5,14,2,4,13,8,11,2,0,0,0,"McCook village, Illinois",7,12,13,4,8,11,16,4,0,0,4,2,20,3,9,5
"McCullom Lake village, Illinois",1193,986,9,82,0,12,0,114,75,70,12,0,0,62430,28,1221,1124,3,476,0,0,58,52,11,49,25,120,42,119,615,147,456,169,287,6,39,92,78,47,20,64,12,12,95,60,17,45616,"McCullom Lake village, Illinois",26,445,103,0,0,0,677,54,237,,,,63,456,163,27,40,39,31,27,5,13,11,56,39,67,16,94,53,40,13,5,11,3,10,11,0,4,54,26,80,12,4,5,0,"McCullom Lake village, Illinois",13,36,35,21,53,106,19,20,7,9,13,15,23,0,20,7
"Macedonia village, Illinois",41,41,0,0,0,0,0,3,0,6,0,0,0,-666666666,3,-666666666,41,0,36,0,7,4,9,8,0,0,0,4,4,28,0,18,4,14,0,0,0,6,7,0,0,0,0,6,0,17,45642,"Macedonia village, Illinois",0,15,4,0,0,0,19,0,17,,,,3,18,7,0,0,5,6,0,0,0,0,4,0,0,7,0,0,2,0,0,0,0,0,4,0,0,0,0,0,0,0,0,0,"Macedonia village, Illinois",0,0,0,6,0,0,1,0,0,0,0,0,2,4,0,0
"McHenry city, Illinois",26889,21319,157,4573,40,489,0,3021,1785,4285,1235,65,42,77004,1973,1328,24156,150,10796,362,101,2690,2000,1373,1998,808,953,95,416,12979,2080,10504,2834,7670,173,1692,1362,1613,1385,820,1184,509,568,1475,1599,17,45694,"McHenry city, Illinois",667,11573,989,31,0,176,15070,681,6828,,,,1403,10504,3044,601,769,935,445,448,249,201,437,714,851,833,913,865,1215,1074,228,412,259,476,427,275,116,300,632,870,679,655,118,107,182,"McHenry city, Illinois",607,778,775,1017,1100,938,1015,935,445,458,249,360,503,327,300,796
"Machesney Park village, Illinois",22709,19519,528,1608,0,329,11,2642,1458,2001,620,0,60,64263,2380,971,21715,92,9084,49,194,1352,1312,856,2087,1233,1375,311,315,10944,1589,8702,1905,6797,294,1239,1883,2209,1928,924,1047,95,116,458,488,17,45726,"Machesney Park village, Illinois",239,10026,684,2,0,0,12436,859,5818,,,,1268,8702,2939,526,687,867,380,243,83,89,625,567,775,716,705,856,733,829,330,539,157,291,556,261,73,56,680,600,769,620,279,180,60,"Machesney Park village, Illinois",427,700,827,827,653,998,751,757,370,290,363,375,659,265,197,118
"Mackinaw village, Illinois",1970,1903,0,43,17,0,0,200,165,260,56,6,2,66154,103,750,1959,0,867,11,14,147,74,50,101,101,104,90,175,829,126,804,209,595,81,25,52,104,136,109,226,33,52,26,19,17,45785,"Mackinaw village, Illinois",21,791,68,0,0,0,945,32,475,,,,122,804,345,60,51,57,49,23,0,0,18,30,10,98,75,85,41,45,32,9,20,25,16,34,36,15,77,178,74,43,26,4,10,"Mackinaw village, Illinois",33,39,67,101,86,50,84,51,15,20,26,10,46,54,35,12
"McLean village, Illinois",808,747,0,44,2,3,0,67,31,99,16,0,0,69250,125,1120,790,2,332,0,0,2,21,9,59,65,55,19,102,411,55,307,53,254,5,15,21,42,96,48,68,5,4,13,6,17,45811,"McLean village, Illinois",12,292,35,0,0,0,419,18,211,,,,65,307,96,33,29,41,14,9,0,0,12,6,24,34,57,21,34,23,14,13,8,7,10,16,6,0,22,13,33,9,21,4,15,"McLean village, Illinois",15,24,21,28,20,28,31,30,19,7,4,14,12,8,19,0
"McLeansboro city, Illinois",2539,2377,22,56,0,0,30,289,109,278,142,32,20,55714,394,607,2453,0,1295,0,0,85,107,78,227,125,216,225,232,1082,146,1114,343,771,166,240,53,43,20,14,156,13,22,66,22,17,45824,"McLeansboro city, Illinois",94,764,92,11,0,0,1072,10,992,,,,173,1114,325,58,57,60,12,30,10,0,50,72,96,135,80,47,99,93,22,17,29,42,60,32,15,13,46,121,51,91,11,10,8,"McLeansboro city, Illinois",66,64,121,58,110,64,85,54,58,41,41,25,87,43,97,58
"McNabb village, Illinois",237,206,0,17,0,14,0,21,14,19,11,0,2,68125,12,713,214,0,125,0,0,6,14,7,18,25,28,13,14,105,18,101,20,81,6,21,9,17,10,12,25,3,1,5,3,17,45850,"McNabb village, Illinois",1,107,1,0,0,0,131,3,80,,,,6,101,25,9,6,2,5,4,0,3,2,4,0,4,8,7,11,9,4,11,2,8,4,2,0,0,1,2,6,2,11,3,9,"McNabb village, Illinois",6,7,2,5,9,4,11,7,14,2,4,7,6,9,2,3
"Macomb city, Illinois",17658,14566,1382,740,27,472,0,1522,829,1688,1513,104,539,34467,3882,737,16560,247,8317,23,67,1049,857,868,1252,1166,852,336,1847,8118,588,6453,3296,3157,1349,2637,1472,498,308,36,175,139,140,187,59,17,45889,"Macomb city, Illinois",73,5525,637,122,0,0,8540,1045,6833,,,,840,6453,1255,367,278,454,202,729,488,750,660,764,413,301,457,264,327,319,120,374,151,162,255,207,51,100,351,163,509,306,1060,581,732,"Macomb city, Illinois",453,524,501,481,408,239,357,470,200,222,207,217,417,179,238,650
"Macon city, Illinois",1091,1048,8,8,0,0,0,119,71,98,29,0,0,64766,38,647,1077,6,551,3,35,72,24,26,47,61,114,49,120,527,70,439,58,381,23,31,30,108,167,81,86,6,9,15,14,17,45941,"Macon city, Illinois",2,511,48,0,0,0,607,5,266,,,,46,439,137,17,33,44,21,3,15,3,23,31,16,43,36,31,39,20,20,33,21,17,21,25,12,3,63,43,18,9,6,5,11,"Macon city, Illinois",11,37,47,25,21,50,46,31,19,21,15,17,18,20,12,19
"Madison city, Illinois",2941,1292,1500,46,0,0,0,586,177,130,15,19,13,30592,781,765,2845,0,2016,10,25,134,114,107,248,102,482,278,516,1258,171,1593,963,630,87,72,251,117,233,87,283,91,0,52,63,17,45993,"Madison city, Illinois",13,1286,7,29,0,0,1609,191,936,,,,168,1593,412,28,80,0,61,24,0,0,10,194,52,80,80,56,115,188,46,26,16,32,95,58,10,7,89,144,9,36,0,22,18,"Madison city, Illinois",25,195,134,96,84,73,94,150,125,141,40,51,84,12,18,43
"Maeystown village, Illinois",106,103,0,3,0,0,0,27,7,9,7,0,0,82500,0,-666666666,103,3,53,0,8,11,1,8,9,2,0,0,14,47,6,34,6,28,3,0,2,6,2,1,2,0,2,20,5,17,46058,"Maeystown village, Illinois",0,40,0,0,0,0,52,9,25,,,,8,34,14,3,3,5,0,2,5,2,0,0,2,1,9,2,4,0,2,3,3,0,0,0,0,1,4,0,12,4,0,5,0,"Maeystown village, Illinois",4,1,3,6,4,1,4,4,0,7,0,0,0,0,0,0
"Magnolia village, Illinois",263,255,0,0,0,0,0,48,25,5,4,0,0,53750,44,670,257,1,130,0,4,10,3,9,33,20,5,10,36,137,25,120,41,79,4,9,13,15,10,18,11,7,0,4,5,17,46110,"Magnolia village, Illinois",6,95,0,0,0,0,141,7,92,,,,36,120,28,5,7,3,8,0,0,0,13,5,6,7,0,5,20,9,3,6,13,5,16,2,4,0,6,4,1,10,0,0,3,"Magnolia village, Illinois",8,8,2,4,10,17,3,8,5,3,8,2,22,0,0,2
"Mahomet village, Illinois",8888,8229,36,245,0,35,27,735,562,1570,639,118,276,113871,192,950,8464,59,3384,354,238,786,501,606,478,157,167,0,97,4131,590,3030,608,2422,150,293,302,1069,1012,732,330,11,26,110,46,17,46136,"Mahomet village, Illinois",10,3868,192,0,0,0,4680,112,1937,,,,403,3030,1319,254,372,400,208,145,149,38,103,83,210,287,425,317,273,306,136,119,21,121,74,75,0,15,323,409,411,236,156,110,16,"Mahomet village, Illinois",129,152,285,371,414,392,345,306,92,168,33,85,126,50,74,74
"Makanda village, Illinois",541,496,7,0,0,30,1,59,46,124,57,20,19,68958,63,794,511,4,222,16,25,51,19,19,38,9,9,5,31,294,86,195,69,126,8,0,11,75,19,28,13,0,4,4,15,17,46214,"Makanda village, Illinois",16,189,2,0,0,0,229,2,197,,,,27,195,45,2,11,26,6,4,0,2,7,16,14,14,18,34,52,16,10,17,11,11,12,5,3,3,41,16,11,6,2,1,0,"Makanda village, Illinois",0,13,0,17,15,25,8,17,9,16,13,12,12,10,0,3
"Malden village, Illinois",411,368,0,43,0,0,0,45,23,8,3,0,4,49688,94,839,409,0,168,0,0,19,30,18,17,12,12,6,54,196,29,152,30,122,14,27,38,15,19,6,20,2,4,7,4,17,46240,"Malden village, Illinois",7,145,17,0,0,0,218,41,81,,,,21,152,58,14,16,9,0,5,0,0,2,28,22,7,9,13,16,11,6,12,5,4,1,11,2,3,42,13,18,6,3,0,8,"Malden village, Illinois",0,30,13,3,13,18,5,16,1,2,9,0,2,11,2,0
"Malta village, Illinois",1431,1083,44,281,0,6,0,167,66,118,81,30,7,73250,293,876,1321,0,511,0,3,113,59,16,81,80,52,6,101,789,86,475,139,336,18,37,68,194,118,2,28,8,21,78,39,17,46279,"Malta village, Illinois",11,550,56,0,0,0,713,39,344,,,,139,475,147,100,78,53,24,10,18,0,27,28,25,102,49,64,22,65,3,13,0,12,39,3,51,3,64,28,36,9,34,9,0,"Malta village, Illinois",8,18,81,24,77,14,38,60,14,17,33,5,30,7,29,7
"Manchester village, Illinois",220,213,0,0,0,0,0,16,15,3,9,0,7,47031,26,475,220,0,97,0,0,9,11,5,15,19,4,4,30,104,24,83,7,76,0,2,5,11,38,17,8,0,0,4,13,17,46331,"Manchester village, Illinois",5,89,8,0,0,0,111,6,68,,,,27,83,24,8,3,4,3,2,0,0,2,11,0,5,1,6,18,22,4,3,0,1,6,2,1,2,14,3,7,2,3,5,0,"Manchester village, Illinois",8,5,1,5,1,7,16,12,1,0,1,6,6,9,3,1
"Manhattan village, Illinois",8218,7623,62,308,0,36,0,705,507,1293,269,0,28,105726,417,1051,7970,7,2827,341,41,1166,376,126,225,140,98,48,266,4273,481,2703,373,2330,122,165,302,446,531,222,441,194,182,594,614,17,46357,"Manhattan village, Illinois",255,3744,108,9,0,149,4394,182,1667,,,,194,2703,1309,376,405,362,262,151,8,15,88,271,357,325,313,258,223,223,66,130,120,139,67,68,41,13,341,273,280,195,83,31,49,"Manhattan village, Illinois",199,167,426,326,322,291,203,249,25,90,125,88,93,17,57,7
"Manito village, Illinois",1642,1569,21,40,0,0,0,149,148,101,47,8,0,53194,217,643,1635,3,768,19,5,38,35,40,190,110,142,51,138,787,106,703,177,526,48,81,22,18,82,73,54,28,81,139,50,17,46383,"Manito village, Illinois",6,597,65,0,0,0,759,26,507,,,,109,703,236,77,70,45,19,11,26,0,29,29,53,41,47,65,41,37,17,10,16,73,19,36,13,13,66,34,64,40,2,0,0,"Manito village, Illinois",50,42,65,43,47,62,34,33,18,15,22,39,53,45,27,54
"Manlius village, Illinois",274,269,0,4,0,0,0,41,19,6,7,0,0,47321,24,660,273,0,160,0,3,2,4,13,26,14,22,27,49,154,25,131,37,94,20,22,7,12,22,9,5,15,3,4,9,17,46422,"Manlius village, Illinois",3,109,10,0,0,0,138,3,92,,,,17,131,35,4,8,17,1,2,4,0,11,13,4,9,8,17,8,9,4,5,1,10,3,8,4,4,6,2,4,4,0,0,0,"Manlius village, Illinois",6,6,4,12,8,7,16,9,2,8,5,0,1,2,9,9
"Mansfield village, Illinois",1006,948,0,56,0,0,0,165,85,62,28,0,3,60962,38,945,984,0,499,0,0,24,87,27,70,96,60,7,128,480,75,438,79,359,3,23,25,39,140,81,92,27,19,22,4,17,46487,"Mansfield village, Illinois",34,471,36,0,0,0,576,31,272,,,,30,438,147,15,5,16,34,7,15,0,0,27,41,46,19,54,21,70,18,16,21,8,32,8,4,3,35,19,66,12,16,0,7,"Mansfield village, Illinois",7,55,10,56,29,37,36,42,19,9,12,11,27,3,14,4
"Manteno village, Illinois",8545,7226,116,917,0,68,0,811,886,1061,369,114,12,71576,380,921,8199,16,3705,75,22,1265,988,413,144,254,171,61,312,4579,521,3550,1035,2515,150,301,381,333,616,310,382,281,101,388,342,17,46500,"Manteno village, Illinois",247,3301,345,0,10,52,4590,210,2439,,,,819,3550,945,114,187,464,243,24,54,174,147,336,176,149,328,230,291,316,95,144,179,133,310,95,144,265,168,298,219,208,31,40,0,"Manteno village, Illinois",222,156,162,241,339,177,258,373,140,94,126,192,248,113,86,56
"Maple Park village, Illinois",1599,1455,0,94,9,5,0,125,81,293,69,4,0,90833,42,1518,1563,2,561,21,0,200,66,11,48,23,33,35,124,807,85,530,98,432,22,38,72,73,97,38,147,27,44,86,88,17,46604,"Maple Park village, Illinois",44,717,39,0,0,0,861,34,431,,,,124,530,165,45,24,47,47,79,12,0,12,36,62,29,67,21,64,60,29,54,38,28,7,28,7,11,73,43,30,24,61,4,13,"Maple Park village, Illinois",5,63,51,28,28,84,59,66,33,34,19,21,27,3,6,17
"Mapleton village, Illinois",333,330,0,2,0,0,0,11,32,23,8,2,0,55380,36,462,332,0,143,0,2,20,15,1,18,26,20,4,37,164,27,135,34,101,30,12,3,25,23,14,15,6,0,0,0,17,46643,"Mapleton village, Illinois",8,119,16,0,0,0,156,12,75,,,,31,135,50,8,14,22,0,3,5,6,6,8,11,13,7,22,5,7,8,3,6,4,5,1,0,0,6,5,23,27,3,0,0,"Mapleton village, Illinois",5,2,9,10,21,2,8,5,2,11,17,2,8,1,0,2
"Maquon village, Illinois",181,179,0,2,0,0,0,19,13,11,0,1,0,48250,56,663,155,1,95,0,0,0,4,2,7,5,3,11,63,100,11,81,11,70,1,1,7,6,13,7,8,3,4,19,7,17,46695,"Maquon village, Illinois",2,71,7,0,0,0,81,1,62,,,,19,81,25,5,12,5,7,0,0,2,3,8,7,0,3,7,4,9,1,7,3,4,5,4,2,2,5,2,6,3,1,0,0,"Maquon village, Illinois",1,8,5,2,5,7,11,6,1,2,4,5,4,0,3,0
"Marcelline CDP, Illinois",76,76,0,0,0,0,0,38,0,7,0,0,0,-666666666,0,-666666666,76,0,38,0,0,0,0,0,0,7,0,19,12,38,0,38,19,19,7,0,19,7,12,0,0,0,0,0,0,17,46734,"Marcelline CDP, Illinois",0,38,0,0,0,0,45,0,31,,,,19,38,0,0,0,0,0,0,0,0,0,0,0,0,0,0,0,0,7,19,12,0,0,0,0,0,0,0,0,0,0,0,0,"Marcelline CDP, Illinois",0,0,0,0,0,0,19,0,7,0,0,0,12,0,0,0
"Marengo city, Illinois",7871,6478,171,1167,0,0,0,945,404,551,249,95,0,69688,1135,901,7203,34,3140,0,50,496,489,172,333,435,281,188,696,3770,459,2974,1095,1879,334,759,107,278,491,555,335,221,145,299,198,17,46786,"Marengo city, Illinois",146,3469,337,2,0,0,4174,223,1819,,,,450,2974,1184,390,293,205,179,87,27,56,290,358,186,177,185,257,202,224,91,86,60,52,112,91,121,49,313,331,283,95,0,74,19,"Marengo city, Illinois",234,547,221,223,158,229,161,201,92,223,39,123,41,253,65,168
"Marietta village, Illinois",61,59,0,1,0,0,0,1,5,7,0,0,0,48750,3,-666666666,61,0,41,0,0,0,2,0,10,4,7,4,14,30,3,33,1,32,1,2,2,4,2,4,5,0,0,2,0,17,46825,"Marietta village, Illinois",0,21,1,0,0,0,24,2,28,,,,4,33,6,0,0,2,5,0,0,0,2,0,1,3,0,1,2,0,0,4,2,1,5,2,0,0,1,1,0,0,1,0,0,"Marietta village, Illinois",0,0,0,2,1,0,5,1,1,5,2,3,0,3,3,2
"Marine village, Illinois",994,964,0,12,0,13,0,131,89,79,67,0,9,63750,72,775,976,3,434,0,0,40,71,35,32,46,45,54,111,508,61,416,76,340,19,37,41,65,57,32,86,14,23,62,30,17,46864,"Marine village, Illinois",0,410,48,3,0,0,530,10,309,,,,72,416,119,32,34,16,38,11,0,0,21,24,64,36,8,38,23,50,5,26,18,6,26,17,10,5,14,35,17,21,2,5,0,"Marine village, Illinois",13,52,25,14,18,28,25,58,11,58,8,26,14,24,0,18
"Marion city, Illinois",17539,15217,1289,295,6,164,0,2355,1148,1905,1009,185,39,44929,2905,728,17339,17,8723,313,484,1093,1440,918,1261,733,525,514,1442,8314,832,7873,3321,4552,352,1164,1513,1390,566,317,800,73,102,328,203,17,46916,"Marion city, Illinois",300,6131,738,24,0,36,8047,350,5682,,,,1542,7873,1983,671,669,594,190,112,94,81,289,711,737,658,695,374,487,261,153,220,122,356,405,309,231,171,327,588,723,316,154,53,64,"Marion city, Illinois",268,512,678,562,641,508,532,344,177,367,109,428,643,417,228,310
"Marissa village, Illinois",1263,1250,0,3,0,0,0,214,112,68,44,5,3,43512,206,600,1248,5,772,0,27,52,50,23,113,118,105,88,196,628,123,581,123,458,31,18,67,78,116,27,44,15,13,53,27,17,46955,"Marissa village, Illinois",0,418,40,0,0,0,552,44,481,,,,150,581,136,53,10,49,14,11,0,0,10,31,49,30,12,78,45,29,26,16,16,35,57,39,8,10,33,47,38,11,18,0,6,"Marissa village, Illinois",21,32,34,21,28,22,42,41,18,34,18,34,60,29,43,5
"Mark village, Illinois",534,461,0,73,0,0,0,71,68,61,11,2,4,72500,32,700,518,1,235,0,0,52,34,20,22,16,0,27,64,280,45,214,42,172,16,32,6,23,30,23,62,0,4,16,4,17,46981,"Mark village, Illinois",10,217,9,0,0,0,291,14,135,,,,45,214,82,10,26,20,10,5,0,7,3,18,15,19,14,31,14,23,4,9,5,18,15,9,0,5,26,10,5,6,0,0,0,"Mark village, Illinois",7,5,47,9,27,5,12,36,2,14,0,10,11,12,2,8
"Markham city, Illinois",12401,1414,9273,1383,26,93,0,2067,643,752,317,18,40,42050,2554,1362,11685,66,4412,12,54,317,156,148,539,1117,1413,378,278,5779,565,3832,1217,2615,94,204,457,326,673,117,429,288,233,518,509,17,47007,"Markham city, Illinois",207,3042,538,171,155,46,5312,749,3478,,,,528,3832,1528,853,480,606,219,132,72,38,319,437,197,241,344,348,217,307,108,190,84,157,89,97,73,171,456,380,563,314,317,90,32,"Markham city, Illinois",173,525,388,349,521,292,334,509,163,179,185,210,362,117,54,109
"Marley CDP, Illinois",167,146,0,0,0,21,0,63,11,0,18,0,0,81615,0,-666666666,146,0,92,0,0,0,66,0,11,15,0,0,0,77,0,92,11,81,18,48,0,11,15,0,0,0,0,0,48,17,47046,"Marley CDP, Illinois",0,140,0,0,0,0,140,0,27,,,,0,92,0,0,0,0,0,0,0,0,0,0,0,0,0,0,0,48,18,0,0,0,11,0,0,0,0,0,0,0,0,0,0,"Marley CDP, Illinois",0,0,0,0,0,0,0,63,17,0,0,0,10,0,0,0
"Maroa city, Illinois",1982,1407,64,147,0,105,0,183,101,235,102,7,5,62708,83,687,1823,5,784,18,0,64,41,33,148,91,129,30,230,1042,171,659,172,487,45,52,38,188,194,138,71,12,7,30,32,17,47072,"Maroa city, Illinois",0,787,17,0,0,0,856,16,425,,,,131,659,283,31,214,117,48,13,15,12,34,22,81,54,46,54,117,68,9,10,2,10,37,17,9,22,114,33,153,36,11,9,13,"Maroa city, Illinois",6,48,60,92,69,74,26,49,16,9,14,18,39,14,16,21
"Marquette Heights city, Illinois",2742,2565,6,156,0,0,3,316,162,270,68,4,50,59250,181,1114,2713,6,1168,0,10,116,48,5,261,113,312,289,14,1356,180,1139,158,981,14,59,213,325,406,88,75,4,21,20,10,17,47111,"Marquette Heights city, Illinois",22,1073,136,0,0,0,1444,78,773,,,,212,1139,331,92,75,37,95,37,33,0,43,55,130,64,139,74,106,95,12,66,51,64,55,29,10,0,81,112,66,50,10,10,6,"Marquette Heights city, Illinois",31,141,70,152,84,114,75,82,32,45,48,40,45,32,27,27
"Marseilles city, Illinois",4579,4255,15,175,0,68,0,463,227,406,135,4,84,51835,912,983,4398,5,2366,0,113,235,258,146,299,174,383,104,654,2256,339,1937,732,1205,140,144,197,379,335,141,145,57,114,92,165,17,47150,"Marseilles city, Illinois",66,1803,126,0,0,0,2243,147,1273,,,,295,1937,564,196,116,305,53,0,0,0,36,197,77,71,243,187,152,132,35,75,53,99,84,79,65,15,143,122,113,120,14,17,8,"Marseilles city, Illinois",53,145,190,148,177,134,180,139,51,73,51,109,60,103,89,70
"Marshall city, Illinois",3615,3485,8,76,0,1,0,304,331,395,172,8,33,51201,381,657,3579,0,1842,26,27,103,240,111,357,180,194,135,469,1600,251,1627,617,1010,447,191,165,54,240,98,174,0,9,32,55,17,47163,"Marshall city, Illinois",76,1269,272,0,0,0,1723,74,1183,,,,118,1627,517,87,140,67,69,65,34,35,9,144,104,139,42,111,143,77,36,15,28,61,74,70,31,59,87,202,61,60,73,11,4,"Marshall city, Illinois",75,46,98,98,126,123,138,97,50,55,26,113,135,125,47,125
"Martinsville city, Illinois",1259,1214,0,10,9,0,0,103,80,74,33,10,0,46875,344,542,1254,0,586,0,0,21,53,9,122,75,66,13,227,600,80,526,168,358,69,70,70,99,58,3,34,24,26,17,2,17,47254,"Martinsville city, Illinois",40,461,43,0,0,0,627,56,321,,,,88,526,193,25,38,102,9,26,0,0,22,31,18,56,29,56,24,47,18,6,14,35,12,17,6,9,26,22,82,26,20,3,1,"Martinsville city, Illinois",21,8,49,50,109,19,24,39,27,11,14,18,25,42,14,9
"Martinton village, Illinois",346,301,0,43,0,2,0,40,19,9,4,0,1,65625,95,775,330,8,175,0,1,19,10,3,17,4,22,16,83,193,52,142,40,102,4,1,13,17,16,10,18,13,9,10,18,17,47280,"Martinton village, Illinois",23,135,13,0,0,0,162,1,108,,,,21,142,46,11,10,25,5,5,1,0,18,4,11,4,1,16,36,6,3,6,6,4,12,1,3,5,7,15,4,4,2,0,1,"Martinton village, Illinois",1,11,16,8,7,29,6,7,2,10,2,6,12,1,2,0
"Maryville village, Illinois",7962,6719,516,186,0,310,0,841,662,1696,663,142,77,84293,351,889,7600,52,3522,58,111,1184,799,347,656,187,93,87,0,3888,536,3371,633,2738,23,213,216,324,514,214,817,348,94,184,275,17,47397,"Maryville village, Illinois",105,3018,181,53,0,10,4325,266,2459,,,,766,3371,725,192,174,179,148,9,0,34,252,367,127,267,184,301,235,512,118,132,86,137,182,84,113,117,166,145,171,64,37,160,15,"Maryville village, Illinois",64,362,86,187,193,314,535,299,63,228,44,317,278,136,56,92
"Mascoutah city, Illinois",8454,6980,393,510,6,180,0,724,650,1001,541,34,42,74937,925,973,7849,228,3144,151,243,567,321,313,392,420,155,155,427,3651,419,2760,687,2073,281,505,257,679,507,136,350,131,221,558,247,17,47423,"Mascoutah city, Illinois",116,3477,321,0,69,0,4396,257,1880,,,,1022,2760,1120,308,265,314,205,153,49,0,107,150,358,273,253,236,210,332,92,34,95,82,148,38,63,2,353,453,340,126,70,50,48,"Mascoutah city, Illinois",279,323,291,294,306,377,268,297,90,62,121,85,123,112,129,90
"Mason City city, Illinois",2342,2313,7,22,0,0,0,215,150,170,102,16,4,40714,482,610,2342,0,1280,0,0,15,78,49,172,187,217,142,420,1065,113,1080,263,817,166,167,44,75,77,51,81,10,101,174,67,17,47475,"Mason City city, Illinois",35,838,154,0,0,0,1103,27,853,,,,187,1080,306,82,53,61,29,33,15,8,46,79,43,54,40,70,43,94,43,38,30,63,53,15,76,33,40,56,68,53,71,12,0,"Mason City city, Illinois",41,113,29,36,85,50,47,110,15,67,28,84,65,58,34,79
"Matherville village, Illinois",869,763,9,78,0,0,0,106,54,43,2,0,0,55536,115,496,845,8,356,0,0,2,4,30,82,48,49,31,110,393,45,317,106,211,13,0,11,13,93,33,65,32,17,30,22,17,47527,"Matherville village, Illinois",4,331,2,0,0,0,382,41,222,,,,48,317,139,29,51,41,13,15,0,4,4,14,21,36,12,28,17,12,13,22,6,8,18,14,8,7,61,47,24,22,20,0,0,"Matherville village, Illinois",5,48,45,19,33,38,15,11,15,12,2,13,10,26,7,3
"Matteson village, Illinois",19374,2383,15941,262,0,253,0,2717,831,2919,1867,123,173,84611,2597,1230,18351,99,8218,287,83,2436,1249,1316,1229,547,707,156,208,8940,1322,7628,1754,5874,42,153,686,882,582,650,903,161,726,1341,1803,17,47540,"Matteson village, Illinois",435,6693,577,106,117,748,10244,879,5173,,,,1013,7628,1945,447,401,1100,398,122,170,125,467,449,328,433,510,599,723,757,251,318,147,191,521,283,143,90,563,450,612,266,217,115,43,"Matteson village, Illinois",613,539,491,390,656,660,900,746,574,486,509,245,535,374,153,264
"Mattoon city, Illinois",17273,16105,401,500,0,11,0,1590,1295,1400,596,99,87,40576,3694,627,16963,88,8341,37,61,254,607,748,782,1073,1382,633,2764,8246,1005,7662,3359,4303,597,2011,1458,1090,452,397,628,124,189,167,161,17,47553,"Mattoon city, Illinois",104,6238,996,48,0,0,8390,639,5575,,,,1286,7662,1968,410,496,619,396,232,46,91,460,488,365,435,688,535,483,636,271,338,176,260,324,193,233,213,389,506,631,279,322,38,112,"Mattoon city, Illinois",263,628,483,508,616,517,597,740,89,265,238,240,382,331,302,409
"Maunie village, Illinois",163,163,0,0,0,0,0,29,24,3,0,0,0,45000,50,-666666666,163,0,83,0,5,0,1,12,11,8,12,6,28,90,8,64,7,57,0,5,9,13,10,5,18,5,0,10,7,17,47592,"Maunie village, Illinois",0,70,12,0,0,0,89,7,52,,,,7,64,22,0,5,6,4,4,6,9,0,8,5,6,7,7,1,0,0,10,9,1,2,0,0,0,0,0,9,5,3,0,0,"Maunie village, Illinois",1,0,5,3,16,2,0,5,9,8,6,1,0,0,0,0
"Maywood village, Illinois",23351,1224,14433,7222,34,126,0,2605,1463,1408,592,122,36,56623,2719,972,19376,288,8784,0,31,155,210,289,577,861,1131,749,4781,11488,1386,7634,2854,4780,160,534,1102,1080,1617,521,2178,279,774,976,973,17,47774,"Maywood village, Illinois",401,8233,1237,401,217,164,12032,1097,7049,,,,1185,7634,2496,742,664,816,462,330,186,177,638,947,767,778,719,679,707,678,338,367,153,268,433,279,190,170,388,662,785,348,386,137,281,"Maywood village, Illinois",491,1029,652,666,761,1006,828,892,384,403,171,287,359,461,203,283
"Mazon village, Illinois",1222,1162,0,52,0,5,0,148,108,61,59,6,5,60966,57,947,1152,10,493,0,2,72,47,19,102,28,27,61,135,632,48,477,143,334,17,24,47,99,67,36,58,12,72,87,20,17,47787,"Mazon village, Illinois",13,507,37,0,0,4,610,21,318,,,,95,477,128,55,51,44,9,13,6,5,67,35,46,36,43,14,34,81,28,7,1,9,10,22,13,3,31,52,56,5,8,7,5,"Mazon village, Illinois",10,33,33,58,37,10,21,80,9,7,3,39,20,44,13,9
"Mechanicsburg village, Illinois",918,846,3,6,0,0,0,101,65,98,14,1,0,80972,40,675,910,5,361,14,16,70,31,20,37,64,38,14,57,462,117,333,51,282,25,21,6,4,82,102,166,25,2,23,18,17,48021,"Mechanicsburg village, Illinois",0,450,24,0,0,0,536,7,251,,,,46,333,110,28,21,14,47,11,4,3,25,34,7,22,51,27,90,33,9,5,0,16,13,2,3,2,25,8,19,15,4,33,0,"Mechanicsburg village, Illinois",20,5,20,23,29,26,62,22,15,31,17,10,7,3,36,21
"Media village, Illinois",110,107,0,0,0,0,0,11,6,2,5,0,0,63864,28,731,110,0,46,0,0,0,2,0,9,0,4,0,31,49,16,46,12,34,2,3,8,2,4,6,11,0,2,10,2,17,48073,"Media village, Illinois",0,44,6,0,0,0,50,0,39,,,,2,46,15,2,1,3,4,0,0,2,0,2,0,3,3,2,14,4,2,1,0,2,0,0,3,1,9,2,1,7,0,0,0,"Media village, Illinois",0,0,4,1,6,2,17,4,1,1,2,0,0,4,0,0
"Medora village, Illinois",323,322,0,0,0,0,0,22,32,13,6,0,0,56250,65,789,319,0,186,0,0,7,4,10,16,6,33,10,100,174,10,138,29,109,23,9,2,5,9,5,24,6,3,21,18,17,48138,"Medora village, Illinois",12,109,5,0,0,0,160,5,111,,,,21,138,45,6,8,14,10,0,2,2,7,8,21,10,17,3,7,12,2,6,2,25,0,8,1,3,7,9,8,0,3,0,0,"Medora village, Illinois",2,5,27,1,17,4,6,26,10,6,1,1,5,8,0,3
"Melrose Park village, Illinois",25404,4341,1077,19715,5,198,0,1743,1444,1424,367,166,84,53596,4005,1054,15654,363,8416,0,20,628,418,459,831,852,2519,776,1913,13069,1502,7861,3875,3986,405,1290,1360,1184,1825,711,1868,434,529,822,908,17,48242,"Melrose Park village, Illinois",201,8940,1656,302,56,63,12710,792,6836,,,,418,7861,3364,1009,852,990,681,208,197,247,515,1112,999,981,1217,1012,509,752,362,310,89,378,308,171,128,72,824,832,1019,560,461,145,175,"Melrose Park village, Illinois",468,986,927,840,802,1030,397,782,249,384,98,106,459,227,302,232
"Melvin village, Illinois",397,358,0,19,2,0,0,33,14,21,10,2,1,46071,87,697,378,0,226,0,1,0,13,9,15,17,48,23,100,204,16,158,35,123,11,16,19,35,25,2,14,7,6,13,15,17,48268,"Melvin village, Illinois",0,132,31,0,0,0,174,8,119,,,,28,158,56,11,34,11,2,1,0,4,23,8,15,5,19,8,8,9,8,15,6,3,7,3,3,1,9,21,16,7,2,3,0,"Melvin village, Illinois",0,16,14,13,10,3,10,19,8,7,5,2,9,7,4,8
"Mendon village, Illinois",1092,1092,0,0,0,0,0,91,135,88,12,0,0,56000,91,759,1092,0,425,4,0,12,32,38,114,73,31,13,108,512,45,394,80,314,31,30,27,118,176,56,67,6,0,2,7,17,48307,"Mendon village, Illinois",8,485,31,0,0,0,563,24,226,,,,75,394,160,21,58,79,20,17,3,0,9,30,23,14,53,25,20,48,7,9,2,14,25,28,15,6,10,76,46,13,3,5,0,"Mendon village, Illinois",6,34,16,84,37,22,39,31,12,17,5,13,26,22,18,31
"Mendota city, Illinois",6927,4970,15,1757,0,128,0,476,497,509,247,33,17,58974,757,696,6332,6,3176,0,79,181,165,198,569,335,647,175,827,3336,406,2788,1000,1788,386,773,435,209,315,178,390,24,160,151,106,17,48333,"Mendota city, Illinois",156,2838,355,3,0,0,3539,163,1985,,,,496,2788,988,192,248,244,129,122,94,35,140,203,138,230,234,216,194,207,84,93,102,103,174,71,60,74,185,171,258,214,78,69,83,"Mendota city, Illinois",112,142,269,162,213,219,241,282,57,78,69,128,136,174,86,114
"Menominee village, Illinois",237,219,2,12,0,0,0,22,35,20,7,0,6,95000,2,-666666666,227,0,114,2,0,50,9,4,16,5,9,2,17,106,19,106,14,92,0,41,60,23,19,10,3,0,0,0,1,17,48359,"Menominee village, Illinois",2,155,2,0,0,0,163,1,41,,,,6,106,55,2,0,8,5,2,0,1,2,4,10,2,2,5,14,25,0,6,4,0,11,1,0,2,11,8,3,14,0,1,0,"Menominee village, Illinois",1,0,9,0,9,8,39,6,5,3,3,0,7,0,1,3
"Meredosia village, Illinois",904,904,0,0,0,0,0,57,68,37,2,0,0,49688,74,575,904,0,421,0,10,20,32,25,101,65,48,58,62,408,59,350,51,299,16,34,15,39,70,31,66,7,8,13,23,17,48424,"Meredosia village, Illinois",0,278,33,0,0,0,361,10,357,,,,68,350,90,13,20,14,17,17,0,12,0,10,21,39,26,33,26,16,23,12,3,42,31,8,11,14,27,64,44,14,0,5,13,"Meredosia village, Illinois",4,18,17,29,16,21,18,31,12,23,20,39,53,15,6,7
"Merrionette Park village, Illinois",1973,1426,177,368,0,0,0,298,177,186,47,15,0,43047,160,966,1877,0,982,0,0,76,113,53,165,171,242,140,22,889,141,923,184,739,30,53,161,161,84,39,149,6,44,127,119,17,48554,"Merrionette Park village, Illinois",34,718,94,69,0,27,1120,62,449,,,,65,923,207,22,84,115,11,4,0,8,34,57,59,130,38,79,62,41,5,39,21,0,51,20,5,4,46,50,57,37,4,0,31,"Merrionette Park village, Illinois",38,88,96,39,132,40,61,98,35,20,34,28,43,50,0,57
"Merritt CDP, Illinois",26,26,0,0,0,0,0,0,0,0,0,0,0,-666666666,0,-666666666,26,0,22,0,0,0,4,6,0,0,0,0,12,10,6,10,0,10,6,10,0,0,0,0,0,0,0,6,0,17,48567,"Merritt CDP, Illinois",0,6,16,0,0,0,22,0,4,,,,4,10,0,0,0,0,0,0,0,0,0,0,0,0,0,0,6,0,0,0,0,0,0,0,4,0,0,0,0,0,0,0,0,"Merritt CDP, Illinois",0,10,0,0,0,0,0,6,0,0,0,0,0,0,0,0
"Metamora village, Illinois",3840,3678,19,47,0,22,0,301,177,804,360,22,7,77050,213,789,3766,38,1632,80,47,514,149,75,319,67,178,53,150,1590,226,1593,301,1292,180,208,145,201,247,287,226,30,57,95,26,17,48606,"Metamora village, Illinois",15,1605,89,0,0,0,1914,52,965,,,,195,1593,575,197,205,91,27,11,0,0,14,110,70,173,59,151,85,21,30,73,62,30,67,16,88,29,144,160,92,98,32,0,0,"Metamora village, Illinois",100,141,139,189,139,155,142,122,48,131,0,18,190,52,38,101
"Metcalf village, Illinois",239,239,0,0,0,0,0,7,26,7,0,0,0,45919,15,572,230,0,129,1,0,4,0,6,2,11,10,3,92,136,37,113,33,80,11,2,5,0,29,10,9,0,8,16,7,17,48632,"Metcalf village, Illinois",3,85,10,0,0,0,129,26,78,,,,26,113,53,3,2,11,16,0,0,0,0,2,0,2,24,29,8,2,0,3,0,14,20,0,0,0,2,2,9,6,4,0,2,"Metcalf village, Illinois",0,16,2,9,18,3,0,4,0,7,0,10,7,0,0,2
"Metropolis city, Illinois",6053,5239,349,241,0,27,0,592,407,412,157,32,6,40883,1375,714,5835,58,3373,11,12,227,369,353,613,402,593,321,472,2448,230,2624,1001,1623,87,358,419,489,252,135,135,12,10,110,35,17,48645,"Metropolis city, Illinois",60,1896,171,14,0,0,2345,131,2611,,,,469,2624,840,159,102,149,131,21,18,9,117,138,128,160,216,153,77,161,119,140,63,76,102,71,113,85,174,320,177,62,44,30,39,"Metropolis city, Illinois",97,186,154,300,203,213,165,214,136,108,125,95,171,128,170,234
"Mettawa village, Illinois",573,500,15,33,0,21,0,65,15,136,76,20,28,123125,46,-666666666,467,6,269,7,11,59,19,49,26,31,19,2,46,252,45,215,12,203,4,8,20,26,42,21,51,3,11,7,12,17,48671,"Mettawa village, Illinois",5,179,2,0,3,10,269,17,210,,,,21,215,59,3,22,21,14,0,0,0,5,12,3,3,18,21,24,18,2,34,5,19,13,9,6,0,8,20,12,16,4,15,0,"Mettawa village, Illinois",22,0,5,8,16,36,28,30,13,11,22,13,24,2,2,14
"Meyer CDP, Illinois",0,0,0,0,0,0,0,0,0,0,0,0,0,-666666666,0,-666666666,0,0,0,0,0,0,0,0,0,0,0,0,0,0,0,0,0,0,0,0,0,0,0,0,0,0,0,0,0,17,48684,"Meyer CDP, Illinois",0,0,0,0,0,0,0,0,0,,,,0,0,0,0,0,0,0,0,0,0,0,0,0,0,0,0,0,0,0,0,0,0,0,0,0,0,0,0,0,0,0,0,0,"Meyer CDP, Illinois",0,0,0,0,0,0,0,0,0,0,0,0,0,0,0,0
"Middletown village, Illinois",212,195,0,0,0,0,0,43,9,15,3,0,0,51477,24,683,212,0,130,0,0,3,7,6,21,7,7,21,58,113,15,91,14,77,6,3,10,8,24,6,7,1,4,9,12,17,48853,"Middletown village, Illinois",3,78,12,0,0,0,98,2,66,,,,19,91,27,6,13,8,9,0,0,0,0,4,5,15,8,6,9,4,6,6,0,8,0,4,1,1,2,5,10,4,0,0,0,"Middletown village, Illinois",0,4,11,5,4,5,11,3,7,5,4,3,7,1,1,7
"Midlothian village, Illinois",14464,8220,984,4564,0,246,0,1084,1358,1045,493,73,20,61067,1295,1107,12425,101,6221,0,46,213,361,324,1382,1588,1425,283,599,7367,1026,5828,1261,4567,163,207,666,1194,990,622,691,236,332,979,553,17,48892,"Midlothian village, Illinois",178,5782,602,78,0,211,7504,209,4073,,,,580,5828,1582,364,540,363,431,97,183,94,130,479,538,558,480,585,445,655,211,278,189,195,345,130,67,66,472,288,615,147,105,72,42,"Midlothian village, Illinois",383,299,485,570,486,390,432,601,197,269,159,171,287,133,322,116
"Milan village, Illinois",5001,4223,267,369,0,91,0,591,454,559,281,9,6,56193,511,812,4805,10,2686,55,133,100,227,75,584,751,403,159,199,2461,224,2527,1046,1481,343,236,376,485,525,100,199,16,0,70,77,17,49009,"Milan village, Illinois",21,2064,116,40,0,0,2565,65,1557,,,,441,2527,620,231,117,145,94,16,0,130,58,144,112,223,126,99,125,190,82,127,19,129,71,102,40,97,164,93,79,40,5,23,66,"Milan village, Illinois",51,248,191,252,96,144,183,117,37,136,49,150,100,140,64,96
"Milford village, Illinois",1230,1133,6,74,6,0,0,111,93,93,24,0,0,47830,160,637,1169,11,648,0,0,6,41,89,81,55,78,88,210,596,74,566,179,387,80,38,44,113,100,15,33,22,4,29,27,17,49048,"Milford village, Illinois",15,447,49,0,0,0,596,35,417,,,,104,566,137,38,30,26,32,19,4,11,28,28,34,38,27,46,28,42,12,24,19,55,20,15,5,15,21,45,51,8,16,7,11,"Milford village, Illinois",16,14,29,37,66,46,34,47,30,32,26,15,25,12,19,27
"Millbrook village, Illinois",357,346,0,8,0,0,0,43,26,57,22,0,0,91875,33,1025,355,1,126,0,0,20,29,18,11,11,6,7,24,154,11,121,12,109,3,4,10,14,4,5,21,3,5,58,22,17,49100,"Millbrook village, Illinois",9,153,4,0,0,0,184,15,101,,,,9,121,50,9,12,11,2,3,2,0,6,10,3,16,9,5,6,35,3,9,3,0,4,5,0,1,8,10,16,17,4,0,0,"Millbrook village, Illinois",7,8,20,12,3,4,15,42,8,6,5,2,5,4,6,1
"Mill Creek village, Illinois",30,22,0,8,0,0,0,2,0,6,0,0,0,-666666666,8,-666666666,30,0,17,0,0,6,1,0,4,0,0,4,2,15,4,14,0,14,0,0,0,1,0,4,1,0,0,3,2,17,49178,"Mill Creek village, Illinois",0,11,0,0,0,0,20,5,8,,,,6,14,5,0,1,0,4,0,0,3,2,0,0,0,1,2,2,0,0,0,0,0,0,0,0,0,1,0,0,0,0,0,0,"Mill Creek village, Illinois",0,0,0,1,8,3,0,0,2,0,0,0,0,0,0,0
"Milledgeville village, Illinois",987,905,2,67,0,0,0,73,40,42,24,0,2,43661,191,638,981,2,503,0,0,12,36,22,44,53,68,79,189,494,52,478,119,359,63,40,31,31,79,56,68,15,22,6,14,17,49191,"Milledgeville village, Illinois",8,382,46,3,0,0,479,25,338,,,,85,478,117,23,15,22,41,4,3,17,43,18,13,25,43,37,15,23,12,13,16,14,31,20,15,31,38,24,38,22,3,0,30,"Milledgeville village, Illinois",25,19,26,22,14,25,39,16,18,14,6,24,31,18,33,8
"Millersburg CDP, Illinois",76,76,0,0,0,0,0,0,0,0,0,0,0,-666666666,10,-666666666,76,0,55,0,0,0,0,0,22,0,0,0,33,54,0,55,10,45,0,0,0,0,0,0,0,0,22,0,0,17,49243,"Millersburg CDP, Illinois",0,22,0,0,0,0,22,0,54,,,,21,55,0,0,0,0,0,0,0,0,0,0,0,0,0,0,0,31,0,0,0,0,23,0,0,0,0,0,0,0,0,0,0,"Millersburg CDP, Illinois",0,0,0,0,0,0,0,22,0,0,0,0,0,0,0,0
"Millington village, Illinois",662,618,0,44,0,0,0,74,40,52,11,0,3,74063,25,1018,648,2,321,3,0,94,26,2,49,30,12,35,70,389,91,257,17,240,0,16,13,16,14,32,21,11,38,115,53,17,49308,"Millington village, Illinois",18,318,25,0,0,0,378,15,128,,,,41,257,103,28,8,62,5,5,9,8,6,21,24,28,26,67,24,13,9,13,10,11,9,3,3,0,10,29,14,19,1,0,7,"Millington village, Illinois",2,14,24,13,28,23,10,27,7,12,8,14,3,2,0,3
"Mill Shoals village, Illinois",171,169,0,2,0,0,0,17,23,5,1,1,0,50000,12,-666666666,171,0,80,7,12,3,7,4,18,4,6,7,12,101,3,70,2,68,5,7,5,11,14,0,7,0,10,11,1,17,49347,"Mill Shoals village, Illinois",0,71,0,0,0,0,74,1,60,,,,12,70,21,5,14,8,7,0,0,0,6,6,8,10,2,2,1,3,3,1,0,12,6,4,1,2,3,0,6,2,0,0,0,"Mill Shoals village, Illinois",1,0,15,6,1,2,1,3,0,2,8,2,5,7,6,0
"Millstadt village, Illinois",3882,3818,0,64,0,0,0,358,345,618,197,44,78,78379,190,938,3852,0,1541,96,19,325,98,160,145,201,292,23,182,1936,356,1541,322,1219,16,163,109,261,489,192,256,12,80,324,53,17,49386,"Millstadt village, Illinois",0,1745,178,0,0,0,2099,121,1109,,,,195,1541,499,176,89,91,161,104,13,0,66,65,222,65,44,235,121,179,37,59,24,79,53,31,11,11,56,137,89,107,0,43,0,"Millstadt village, Illinois",36,109,163,53,143,163,139,111,87,139,19,60,95,57,86,54
"Milton village, Illinois",317,290,0,5,20,0,0,18,9,9,3,0,0,34063,135,1000,317,0,133,0,0,15,25,0,15,15,15,5,43,152,17,109,25,84,4,10,5,11,15,0,13,11,7,10,0,17,49477,"Milton village, Illinois",7,84,3,2,0,0,93,0,137,,,,24,109,39,14,9,13,11,2,5,0,16,14,2,8,0,7,10,12,1,1,0,0,14,9,4,0,13,11,21,5,0,2,0,"Milton village, Illinois",10,14,15,0,1,8,8,18,1,2,1,10,12,9,4,0
"Mineral village, Illinois",219,212,1,0,0,0,3,15,14,7,7,0,0,38125,27,900,216,0,120,0,0,2,0,2,14,12,22,11,57,125,7,105,18,87,4,8,13,3,13,20,23,2,6,18,5,17,49516,"Mineral village, Illinois",3,97,19,0,0,0,130,7,51,,,,17,105,24,3,13,9,7,2,5,1,10,10,9,4,8,1,6,8,10,5,0,3,4,6,0,1,0,6,6,3,3,0,0,"Mineral village, Illinois",1,1,2,10,8,13,9,3,4,2,3,4,5,8,1,2
"Minier village, Illinois",1090,1048,2,23,0,0,0,110,56,124,26,9,4,59886,110,695,1087,0,508,0,6,14,26,26,104,69,49,11,203,561,63,458,78,380,72,52,78,38,46,59,122,31,16,14,15,17,49555,"Minier village, Illinois",0,493,33,0,0,0,603,18,334,,,,52,458,120,26,23,38,28,25,0,17,35,42,34,27,34,34,29,40,20,12,18,20,19,14,18,8,21,22,15,33,8,0,32,"Minier village, Illinois",19,16,23,36,26,24,58,32,11,11,19,27,24,29,27,16
"Minonk city, Illinois",2007,1983,8,4,0,6,0,211,101,179,62,1,5,55515,127,867,1996,0,909,0,8,32,93,54,109,84,94,90,345,1004,128,832,204,628,107,143,61,78,62,69,121,64,91,55,42,17,49568,"Minonk city, Illinois",8,753,99,0,0,0,1025,81,540,,,,133,832,206,51,100,39,38,27,33,39,34,42,132,8,63,66,62,89,28,39,20,21,37,14,25,20,76,45,93,50,37,0,0,"Minonk city, Illinois",39,51,58,24,41,61,64,62,36,46,4,45,50,30,4,64
"Minooka village, Illinois",11069,8872,199,1659,0,159,19,1270,762,1505,694,97,58,97097,591,1640,10484,98,3710,150,192,1948,520,231,458,22,120,50,19,5462,855,3685,317,3368,126,540,356,641,692,533,721,197,128,690,714,17,49607,"Minooka village, Illinois",172,4952,455,0,38,46,6284,179,1886,,,,493,3685,1867,560,321,405,373,114,79,37,142,452,317,351,511,505,350,355,146,131,80,140,46,38,0,9,246,337,711,248,231,0,70,"Minooka village, Illinois",399,274,490,274,477,356,427,365,27,219,61,141,100,18,40,96
"Mitchell CDP, Illinois",1233,1093,0,107,0,0,0,128,79,84,42,0,0,62941,132,-666666666,1202,11,501,0,0,132,10,37,0,106,163,14,39,598,151,472,38,434,10,43,124,134,48,38,64,0,53,15,10,17,49698,"Mitchell CDP, Illinois",26,528,29,0,0,0,630,44,446,,,,161,472,161,0,36,17,18,9,8,31,16,49,41,44,26,50,101,49,11,9,0,41,17,17,0,8,26,28,36,56,26,9,0,"Mitchell CDP, Illinois",0,24,48,58,11,31,70,40,52,53,0,20,20,18,9,0
"Mason town, Illinois",243,216,0,0,0,19,0,15,15,7,1,0,0,53750,28,342,226,4,124,0,1,28,12,4,24,4,14,11,26,129,21,107,6,101,0,2,5,25,47,20,19,0,0,5,5,17,47449,"Mason town, Illinois",0,105,21,0,0,0,132,3,80,,,,17,107,30,5,2,8,8,7,0,0,1,10,10,5,9,13,9,3,6,8,3,6,5,4,3,5,6,6,3,7,1,0,0,"Mason town, Illinois",1,8,11,5,7,8,15,7,3,4,1,2,7,9,1,1
"Modesto village, Illinois",222,222,0,0,0,0,0,13,6,6,12,0,0,59375,32,543,222,0,100,0,0,7,7,9,13,10,19,8,27,127,15,87,24,63,9,9,11,3,2,13,4,7,0,21,3,17,49802,"Modesto village, Illinois",0,67,12,0,0,0,95,7,83,,,,16,87,26,5,20,6,10,2,0,0,2,2,0,14,4,13,2,18,2,3,1,6,2,11,0,4,0,6,2,5,0,4,0,"Modesto village, Illinois",3,0,12,6,7,0,11,11,0,3,0,3,12,3,0,7
"Mokena village, Illinois",20720,18935,248,1120,0,166,0,1971,1417,4100,1867,252,160,109935,849,1182,19843,51,7603,238,187,2171,2613,710,993,189,290,55,157,10431,1394,7282,792,6490,289,635,956,1190,958,605,1151,452,868,1326,1794,17,49854,"Mokena village, Illinois",391,9119,365,0,54,758,11942,376,4788,,,,742,7282,2205,613,669,781,419,330,154,68,390,823,549,517,542,514,880,988,515,437,130,303,307,330,116,56,581,579,512,455,215,71,113,"Mokena village, Illinois",319,664,435,634,585,630,1164,897,289,509,282,404,350,342,127,132
"Moline city, Illinois",41213,28506,3413,7096,93,900,4,4497,2895,5386,2268,394,265,57475,5761,779,36846,373,19673,132,133,578,767,1521,2917,2490,2851,2314,5970,20021,2253,17937,6072,11865,523,2823,3813,5258,2582,909,1494,135,201,589,299,17,49867,"Moline city, Illinois",265,16123,1842,446,0,0,21121,1105,11695,,,,2377,17937,4910,1431,1411,1278,617,329,337,93,724,1366,1355,1560,1213,1140,1113,1155,430,858,564,668,741,775,527,410,1285,1361,1220,846,304,205,117,"Moline city, Illinois",869,1354,1457,1341,1113,1028,1294,1237,667,852,609,871,1049,882,602,555
"Momence city, Illinois",3051,2149,107,533,0,11,0,354,69,147,110,0,0,45188,344,713,2922,0,1252,0,0,82,56,26,161,214,144,62,507,1499,201,1090,414,676,202,301,153,79,177,37,40,83,4,24,0,17,49893,"Momence city, Illinois",80,943,138,0,0,0,1272,49,1134,,,,162,1090,293,115,72,125,90,51,33,35,113,127,85,77,32,87,114,131,10,45,14,15,65,35,21,43,30,94,146,151,15,11,0,"Momence city, Illinois",56,45,68,91,46,150,42,119,7,65,29,19,96,96,14,126
"Monee village, Illinois",5080,2802,1628,459,0,162,0,899,313,463,437,0,0,76638,364,862,4512,0,2296,0,0,1182,518,231,52,22,114,15,162,2575,346,2168,216,1952,72,161,336,111,154,524,199,15,101,552,254,17,49945,"Monee village, Illinois",230,2179,157,0,174,123,2933,64,1215,,,,171,2168,811,117,29,151,86,51,112,1,22,652,126,159,176,204,142,126,79,89,58,41,107,27,30,0,302,232,44,33,0,99,0,"Monee village, Illinois",0,241,102,48,314,175,186,107,21,93,104,91,108,73,28,94
"Monmouth city, Illinois",8837,6460,592,1307,64,193,0,666,278,754,285,45,72,50740,1251,580,7860,200,3822,5,7,268,105,213,444,325,591,373,1491,4161,386,3408,1131,2277,610,1334,548,189,495,119,101,25,31,68,141,17,50010,"Monmouth city, Illinois",77,2983,346,24,0,0,4509,597,2685,,,,457,3408,1032,180,366,255,217,231,143,119,216,168,206,290,200,105,282,290,131,172,89,205,79,64,80,108,259,172,265,237,238,199,216,"Monmouth city, Illinois",92,144,310,287,286,231,266,248,125,193,112,135,192,190,134,110
"Monroe Center village, Illinois",384,369,0,11,0,0,0,55,39,35,24,0,4,75833,6,825,380,0,165,0,0,7,45,3,18,13,15,3,61,195,41,158,31,127,6,2,15,20,67,22,43,3,14,3,15,17,50062,"Monroe Center village, Illinois",1,196,12,0,0,0,227,7,93,,,,29,158,56,10,9,21,9,8,0,0,7,13,12,17,6,21,20,10,3,8,6,9,2,1,0,3,6,10,5,6,5,4,1,"Monroe Center village, Illinois",10,17,3,18,14,14,24,11,4,2,6,17,5,3,2,2
"Montgomery village, Illinois",19515,11923,715,6324,35,177,28,1244,1243,2498,890,21,113,99208,923,1454,16832,870,6168,101,283,3896,606,307,258,265,243,140,69,10047,1183,6045,1205,4840,53,463,959,1251,1378,801,941,116,498,1361,1923,17,50218,"Montgomery village, Illinois",140,9254,529,0,0,67,11016,463,3304,,,,610,6045,3070,801,629,1334,916,335,147,269,354,622,593,707,792,779,421,711,147,144,25,48,148,113,29,0,449,738,753,796,447,80,158,"Montgomery village, Illinois",392,495,609,789,1104,840,472,342,162,119,114,78,212,57,109,136
"Monticello city, Illinois",5815,5445,99,113,2,92,0,442,583,1136,410,32,78,76667,490,990,5664,2,2610,107,49,524,371,184,362,231,217,170,395,2832,302,2468,595,1873,272,376,193,42,259,413,734,201,147,63,3,17,50244,"Monticello city, Illinois",0,2571,109,3,0,3,2983,72,1660,,,,288,2468,717,128,240,129,158,23,19,17,135,275,207,181,97,158,144,184,51,107,37,61,232,98,38,113,289,158,144,95,0,19,16,"Monticello city, Illinois",138,203,223,127,185,99,108,292,78,105,35,53,301,176,68,71
"Montrose village, Illinois",202,194,0,8,0,0,0,18,23,12,5,0,0,45469,45,525,201,1,109,0,0,1,15,7,19,18,5,6,38,109,10,91,31,60,5,3,35,23,12,5,4,1,6,4,3,17,50283,"Montrose village, Illinois",6,91,12,1,0,0,121,3,56,,,,18,91,22,13,2,1,6,5,1,0,5,15,8,3,0,4,6,16,1,7,1,2,2,4,0,7,3,5,1,0,5,11,0,"Montrose village, Illinois",6,10,2,0,3,8,5,8,1,5,1,1,5,3,8,2
"Moro CDP, Illinois",362,362,0,0,0,0,0,32,50,14,0,0,0,47042,67,-666666666,362,0,161,0,0,29,0,17,0,57,0,29,29,164,0,161,43,118,0,43,17,14,92,0,0,0,0,0,0,17,50452,"Moro CDP, Illinois",0,166,0,0,0,0,166,0,110,,,,15,161,56,0,60,0,0,0,0,0,0,0,0,56,0,0,0,0,17,0,0,15,0,0,16,0,0,0,0,26,0,0,0,"Moro CDP, Illinois",42,0,14,37,0,0,14,0,0,18,29,0,0,0,18,0
"Morris city, Illinois",14420,12399,72,1344,12,125,0,2028,774,1529,824,38,94,61419,1429,985,13658,26,6475,205,80,832,976,1046,612,665,555,171,1333,6837,827,6206,2870,3336,418,1450,995,478,596,188,812,254,293,520,310,17,50491,"Morris city, Illinois",252,5913,409,0,0,70,7326,187,4112,,,,995,6206,1927,396,643,406,146,171,85,113,311,615,515,558,269,401,436,440,320,67,168,219,275,202,118,73,420,611,421,252,99,54,44,"Morris city, Illinois",388,495,490,561,345,471,358,559,146,281,162,142,495,176,115,388
"Morrison city, Illinois",3850,3688,23,113,0,12,0,465,252,366,267,60,0,58958,340,793,3768,20,1711,26,8,90,40,70,96,286,301,196,598,1743,184,1478,329,1149,127,557,110,26,206,290,203,25,58,67,0,17,50530,"Morrison city, Illinois",36,1479,112,11,0,0,1798,37,1171,,,,127,1478,517,85,204,57,134,38,37,27,54,100,136,167,97,85,99,101,34,56,51,97,60,60,36,47,131,80,168,78,27,31,20,"Morrison city, Illinois",27,108,137,196,46,103,76,100,62,113,53,97,65,79,70,121
"Morrisonville village, Illinois",1123,1036,0,68,0,15,0,82,79,93,5,22,3,64219,100,671,1105,0,490,0,9,6,68,23,69,32,51,51,181,565,111,439,70,369,48,17,41,62,143,14,56,15,20,79,31,17,50543,"Morrisonville village, Illinois",8,493,32,0,0,0,579,2,274,,,,76,439,131,8,59,54,31,8,11,8,13,38,22,34,26,51,60,34,18,6,14,15,29,12,6,8,28,37,58,33,3,12,8,"Morrisonville village, Illinois",18,46,46,23,27,31,44,30,7,9,16,23,16,9,16,18
"Morton village, Illinois",15791,14576,189,416,3,370,4,1507,1521,2936,1232,208,135,78979,689,871,15321,23,7261,179,350,905,1094,444,1385,1258,752,261,633,7371,782,6721,1523,5198,435,1593,884,1423,1032,338,736,162,163,205,37,17,50621,"Morton village, Illinois",80,6419,325,13,0,0,7613,174,4836,,,,878,6721,1862,435,541,699,296,115,13,106,229,270,441,478,375,412,370,562,221,270,346,242,430,328,163,125,354,509,513,388,219,6,18,"Morton village, Illinois",180,555,434,503,461,463,573,472,281,435,159,445,383,278,303,392
"Morton Grove village, Illinois",22937,13349,174,1457,0,7208,0,2012,1052,5064,2425,485,301,87063,1604,2022,13605,499,9414,101,108,993,271,302,865,1610,4323,481,360,11247,1642,8786,1095,7691,127,601,932,1357,1281,629,1717,240,732,1486,855,17,50647,"Morton Grove village, Illinois",331,8156,1116,177,87,509,11638,327,7420,,,,429,8786,2489,611,632,709,453,203,71,73,236,421,454,1124,660,752,890,694,267,437,393,407,765,407,308,341,471,624,521,437,181,56,113,"Morton Grove village, Illinois",270,401,443,868,625,886,744,845,379,373,494,559,742,496,543,558
"Abingdon city, Illinois",3570,3284,82,163,0,0,0,304,250,208,87,0,7,43171,687,575,3570,0,1608,0,10,0,24,102,406,147,178,203,538,1861,299,1456,439,1017,52,139,82,182,449,95,79,62,34,89,86,17,00113,"Abingdon city, Illinois",174,1355,100,0,0,0,1765,186,977,,,,280,1456,403,130,136,226,53,15,34,24,0,178,139,99,95,148,151,88,30,14,5,44,71,55,55,93,55,171,67,47,7,0,26,"Abingdon city, Illinois",143,105,61,140,107,111,137,93,37,57,39,22,131,58,29,44
"Adair CDP, Illinois",179,179,0,0,0,0,0,6,35,12,0,0,0,78026,0,-666666666,179,0,143,0,0,12,0,0,8,9,49,12,53,103,7,90,24,66,0,0,0,12,88,0,31,0,0,0,0,17,00178,"Adair CDP, Illinois",11,131,11,0,0,0,142,0,23,,,,21,90,18,0,0,14,0,0,0,0,0,10,0,0,11,0,7,54,0,0,0,0,7,0,0,0,0,0,0,0,0,0,0,"Adair CDP, Illinois",12,0,0,0,0,6,35,0,0,0,0,6,9,0,8,0
"Adams CDP, Illinois",44,44,0,0,0,0,0,0,0,0,0,0,0,-666666666,0,-666666666,44,0,28,0,0,0,0,0,16,0,0,0,12,16,0,28,0,28,0,0,0,0,12,0,0,32,0,0,0,17,00191,"Adams CDP, Illinois",0,44,0,0,0,0,44,0,0,,,,0,28,0,0,0,0,0,0,0,0,0,0,0,0,0,0,0,16,0,0,0,0,0,0,0,0,0,0,0,0,0,0,0,"Adams CDP, Illinois",0,0,0,0,0,0,16,0,0,0,0,12,0,0,0,0
"Addieville village, Illinois",386,371,0,0,0,0,2,38,36,43,14,0,0,92841,26,-666666666,381,5,151,0,3,11,22,11,19,10,6,6,63,190,37,137,10,127,10,19,45,41,21,12,39,12,2,11,17,17,00230,"Addieville village, Illinois",2,226,4,0,0,0,266,23,57,,,,30,137,45,7,2,8,11,11,5,22,4,11,12,7,15,23,14,16,2,3,8,4,2,1,1,1,14,23,6,3,19,1,0,"Addieville village, Illinois",5,21,10,1,16,17,9,21,7,1,6,2,4,3,5,2
"Addison village, Illinois",36714,16111,1586,15050,30,3524,0,2375,2201,4197,1624,210,106,68534,4944,1089,23598,484,13187,94,72,819,1727,1561,2840,3529,1942,280,323,17997,2644,12799,4510,8289,209,1536,2425,2803,2672,1780,2613,341,874,1268,1010,17,00243,"Addison village, Illinois",326,15185,1653,11,61,358,20218,830,9230,,,,1059,12799,4454,1031,1033,1263,964,738,233,231,630,838,1559,1303,1007,1311,1333,1212,339,430,332,846,526,368,352,215,1110,1077,1137,734,461,359,222,"Addison village, Illinois",547,1302,1477,1176,1078,1476,990,1137,535,719,496,620,587,524,428,428
"Adeline village, Illinois",99,94,2,3,0,0,0,6,6,1,1,0,0,50833,2,-666666666,97,0,42,0,0,0,1,2,2,1,5,3,28,47,5,38,6,32,3,1,2,3,11,10,5,1,1,3,3,17,00295,"Adeline village, Illinois",5,44,4,0,0,0,50,0,28,,,,9,38,17,4,1,1,2,0,0,0,5,1,0,6,5,1,4,2,2,7,0,0,2,2,2,0,2,2,6,8,0,0,0,"Adeline village, Illinois",5,0,5,1,4,0,3,4,2,0,1,0,4,3,1,1
"Albany village, Illinois",812,773,0,35,0,0,0,123,53,55,36,3,6,72857,41,678,791,13,404,8,4,45,48,18,71,56,31,15,108,383,30,352,28,324,10,31,38,50,79,31,33,15,14,18,9,17,00516,"Albany village, Illinois",0,309,19,0,0,0,348,10,283,,,,51,352,91,33,38,12,13,4,0,0,0,31,43,24,20,6,24,18,16,9,12,19,24,27,8,2,14,48,33,8,0,0,0,"Albany village, Illinois",6,37,30,18,18,8,30,19,8,12,10,43,23,17,18,29
"Albers village, Illinois",1379,1203,0,120,0,0,0,150,134,162,56,18,4,94375,188,771,1352,22,516,0,0,85,135,22,109,18,72,31,44,723,85,508,119,389,28,21,108,58,121,65,53,24,62,61,72,17,00555,"Albers village, Illinois",0,562,98,0,0,0,733,0,315,,,,115,508,188,50,29,65,93,4,0,7,20,35,55,13,89,37,48,44,2,17,3,48,37,22,0,5,50,34,53,16,21,0,0,"Albers village, Illinois",15,44,10,50,59,36,35,40,17,13,45,12,72,0,2,32
"Albion city, Illinois",2215,2103,15,69,0,13,0,160,211,133,52,0,5,43971,382,646,2149,37,973,19,0,19,86,102,157,90,201,121,178,1063,163,926,324,602,106,245,105,95,48,35,80,18,48,52,59,17,00568,"Albion city, Illinois",3,730,86,0,0,0,1054,153,679,,,,72,926,334,96,58,68,78,28,40,0,20,69,26,83,78,89,74,66,16,33,11,28,55,29,5,18,83,75,90,70,47,0,5,"Albion city, Illinois",30,49,73,44,100,38,84,58,21,39,31,38,40,52,34,46
"Alden CDP, Illinois",167,12,0,155,0,0,0,6,0,0,0,0,0,-666666666,155,-666666666,111,0,42,0,0,0,0,6,6,0,0,0,30,32,0,36,30,6,0,0,0,0,0,0,32,0,0,0,0,17,00594,"Alden CDP, Illinois",0,32,0,0,0,0,32,0,36,,,,0,36,30,0,0,0,0,0,0,0,0,0,0,26,0,0,0,0,6,0,0,0,0,0,0,0,21,52,26,0,0,0,0,"Alden CDP, Illinois",0,0,0,30,0,0,0,0,0,0,6,0,0,0,0,0
"Aledo city, Illinois",3625,3379,58,112,0,38,0,353,319,321,147,33,25,50617,342,765,3497,18,1796,21,0,124,69,160,271,166,212,280,493,1661,256,1556,593,963,459,400,229,49,23,11,100,49,152,177,63,17,00646,"Aledo city, Illinois",25,1620,96,0,0,0,1944,53,1123,,,,313,1556,456,143,85,102,51,30,25,0,47,71,92,81,140,143,121,106,35,66,66,88,81,104,16,67,39,94,57,68,25,0,26,"Aledo city, Illinois",135,158,55,131,53,133,121,142,59,96,12,105,86,50,57,163
"Alexander CDP, Illinois",159,159,0,0,0,0,0,29,17,18,5,15,0,64500,38,-666666666,159,0,81,0,0,19,0,0,22,5,15,20,0,87,17,66,11,55,10,11,16,0,12,8,12,13,29,0,0,17,00659,"Alexander CDP, Illinois",4,111,4,0,0,0,115,0,25,,,,22,66,16,4,0,0,11,8,0,3,0,0,16,11,0,0,17,0,0,4,5,3,5,0,0,0,4,5,6,0,0,0,0,"Alexander CDP, Illinois",0,5,20,5,0,0,13,0,5,5,4,0,0,0,0,0
"Alexis village, Illinois",862,775,0,43,0,0,0,98,58,69,17,3,0,59000,55,650,831,0,396,0,0,1,11,4,59,66,36,25,194,437,77,352,32,320,41,8,18,44,89,44,25,6,10,47,17,17,00672,"Alexis village, Illinois",5,316,28,0,0,0,428,24,200,,,,70,352,112,32,46,60,6,4,1,3,3,22,24,42,22,40,37,25,19,5,4,6,19,9,8,3,35,24,32,11,3,8,0,"Alexis village, Illinois",8,21,28,20,23,20,28,36,8,8,12,10,12,33,1,41
"Algonquin village, Illinois",30848,24161,685,2932,15,2161,0,3216,1938,6150,2631,307,342,109819,1292,1659,26636,247,11604,367,145,2745,3925,2203,1080,295,354,114,376,15030,2381,11176,1673,9503,312,1544,1126,1603,1260,668,2058,888,1038,2507,2060,17,00685,"Algonquin village, Illinois",488,14129,949,0,7,251,18784,1106,6330,,,,1348,11176,3830,581,996,1062,1024,378,215,126,614,721,713,832,974,1162,1219,1536,520,490,129,453,568,254,151,312,704,966,1038,499,541,77,121,"Algonquin village, Illinois",461,1084,835,869,1005,1360,1401,1574,513,610,287,548,425,236,189,475
"Alhambra village, Illinois",676,674,0,2,0,0,0,147,17,81,21,0,0,50714,41,579,669,0,313,0,4,4,21,46,37,64,38,32,67,285,27,284,96,188,18,0,1,4,68,44,36,10,33,37,23,17,00737,"Alhambra village, Illinois",0,238,35,0,0,0,307,29,254,,,,62,284,105,18,6,26,11,0,0,0,12,36,29,17,22,22,5,9,26,20,0,3,15,10,12,28,23,28,9,9,0,8,0,"Alhambra village, Illinois",9,7,38,20,9,36,17,26,0,8,15,0,16,27,21,23
"Allendale village, Illinois",655,592,0,51,0,7,0,44,97,28,8,0,2,62188,72,-666666666,647,1,219,5,0,23,26,50,29,10,21,17,38,362,27,206,18,188,19,2,16,48,17,28,34,12,36,29,10,17,00815,"Allendale village, Illinois",2,228,23,0,0,0,315,52,142,,,,21,206,88,45,48,26,13,4,4,34,1,7,15,40,14,13,14,32,9,9,3,5,6,12,1,7,14,30,26,16,0,0,0,"Allendale village, Illinois",14,24,17,17,10,39,11,27,6,10,3,7,7,10,2,3
"Allenville village, Illinois",133,112,0,21,0,0,0,26,5,6,1,1,0,53611,6,-666666666,133,0,83,0,1,0,28,0,14,9,1,1,29,76,3,54,3,51,1,5,13,12,5,2,10,8,0,3,1,17,00867,"Allenville village, Illinois",1,46,12,0,0,0,70,2,27,,,,11,54,22,5,7,10,6,0,0,1,1,7,6,4,5,0,3,4,2,0,1,4,4,2,1,3,2,6,0,0,1,1,0,"Allenville village, Illinois",0,6,13,3,0,4,1,9,1,1,2,1,0,4,1,1
"Allerton village, Illinois",267,226,25,9,0,2,0,26,19,20,7,0,0,60208,25,581,262,2,120,0,0,6,7,11,3,35,8,8,42,125,16,101,19,82,3,17,4,7,7,4,12,13,9,34,3,17,00880,"Allerton village, Illinois",3,107,8,0,0,0,134,8,77,,,,12,101,26,3,6,10,6,2,0,0,1,0,17,10,10,6,10,11,2,8,7,6,9,1,0,0,9,10,10,2,2,1,0,"Allerton village, Illinois",6,6,13,9,3,9,15,12,8,10,5,2,7,2,0,1
"Alma village, Illinois",296,290,0,0,0,0,0,17,20,8,6,0,0,36250,58,425,296,0,168,7,0,14,21,19,39,6,16,26,20,138,7,145,48,97,11,6,19,15,27,2,1,13,4,3,4,17,00919,"Alma village, Illinois",1,86,17,0,0,0,130,8,98,,,,16,145,49,16,4,15,3,7,0,5,10,8,1,2,16,1,6,10,4,9,4,4,4,7,0,2,18,4,11,1,1,8,0,"Alma village, Illinois",4,12,7,0,13,6,6,16,1,10,14,5,5,14,1,1
"Alorton village, Illinois",2077,10,2041,15,0,3,8,89,71,33,28,0,6,19764,1177,616,2066,0,917,82,21,109,86,51,130,55,163,92,128,888,68,723,426,297,7,14,70,93,106,27,37,10,0,48,14,17,00958,"Alorton village, Illinois",22,313,47,62,0,18,762,177,585,,,,144,723,224,170,78,46,40,20,31,8,32,56,10,14,72,23,45,102,3,25,10,17,23,8,53,2,97,202,121,0,67,12,8,"Alorton village, Illinois",33,66,115,23,56,36,85,52,26,16,38,24,21,29,47,15
"Alpha village, Illinois",674,533,1,95,0,0,0,59,86,94,19,0,2,67813,63,773,669,0,301,0,0,0,3,12,101,18,53,13,101,376,63,273,33,240,15,43,38,16,8,11,39,76,17,27,2,17,00971,"Alpha village, Illinois",12,289,10,0,0,0,325,10,163,,,,40,273,112,21,30,20,15,2,3,3,6,17,32,14,51,41,22,29,0,9,3,10,29,13,4,2,32,46,27,4,0,2,0,"Alpha village, Illinois",2,8,20,25,29,19,6,5,2,9,7,5,27,7,6,10
"Alsey village, Illinois",175,164,11,0,0,0,0,8,13,8,3,0,0,39250,26,719,175,0,83,0,0,3,6,9,5,4,8,9,39,76,6,71,15,56,0,9,3,4,5,5,9,1,2,13,3,17,00997,"Alsey village, Illinois",0,38,11,0,0,0,71,7,59,,,,10,71,18,3,7,5,2,1,2,0,6,1,2,5,3,2,4,17,0,0,0,4,2,5,1,4,17,1,12,3,0,0,0,"Alsey village, Illinois",2,1,18,3,1,5,9,2,4,7,2,1,2,4,1,4
"Alsip village, Illinois",18843,9499,4354,4264,52,382,0,2396,829,1817,764,140,37,58768,1440,977,16773,243,8195,14,0,442,1029,980,2230,2111,1002,215,172,8973,899,7796,2908,4888,163,721,920,960,892,412,1322,220,620,1402,1084,17,01010,"Alsip village, Illinois",294,7407,835,122,154,263,9853,593,5126,,,,782,7796,2237,539,634,848,317,228,26,134,430,462,612,636,646,368,531,623,204,242,225,289,434,170,123,252,440,673,627,355,54,145,135,"Alsip village, Illinois",413,550,629,716,683,737,428,636,109,383,664,351,416,276,272,178
"Altamont city, Illinois",2231,2231,0,0,0,0,0,355,248,186,31,0,4,48359,264,760,2231,0,1013,0,0,56,122,110,207,117,92,50,259,1117,55,993,331,662,132,164,74,167,214,43,99,15,4,32,28,17,01049,"Altamont city, Illinois",52,878,65,0,0,0,1108,32,724,,,,194,993,259,56,75,90,33,33,23,0,18,139,102,155,26,30,25,49,34,15,48,22,83,40,17,21,71,35,39,15,12,0,37,"Altamont city, Illinois",22,49,91,83,49,17,60,78,32,62,40,33,100,61,26,85
"Alton city, Illinois",26490,18185,6444,491,4,115,0,3667,1921,2272,1016,213,107,43291,6621,796,25988,93,13287,29,77,516,518,658,1023,1216,2844,2384,4022,12518,1495,11325,4535,6790,321,1618,2141,1476,835,632,1042,347,682,1141,383,17,01114,"Alton city, Illinois",277,9224,1262,143,0,8,12804,1015,7924,,,,1882,11325,3398,842,1030,919,514,378,145,108,448,957,930,851,699,667,852,798,420,417,299,312,466,275,213,149,717,1062,915,430,287,44,108,"Alton city, Illinois",332,1017,966,905,935,723,889,755,342,679,355,550,722,361,376,331
"Altona village, Illinois",634,596,38,0,0,0,0,75,95,53,9,0,0,59583,81,659,629,2,265,0,0,0,8,10,77,12,57,5,96,330,32,221,33,188,28,28,15,12,80,36,22,8,4,25,9,17,01140,"Altona village, Illinois",3,245,17,0,0,0,344,58,148,,,,33,221,82,53,17,24,14,0,3,0,43,28,24,2,8,7,25,13,12,13,5,20,5,12,2,0,9,27,6,12,14,8,0,"Altona village, Illinois",10,29,18,24,9,20,47,5,4,14,2,14,6,20,2,4
"Alto Pass village, Illinois",342,248,0,93,0,1,0,45,20,46,33,4,4,50000,29,-666666666,265,0,157,0,0,5,19,12,13,25,15,14,54,167,18,128,6,122,4,4,11,26,22,22,14,0,4,38,10,17,01205,"Alto Pass village, Illinois",0,147,7,0,0,0,164,4,123,,,,30,128,37,8,5,9,13,2,1,0,7,15,18,0,7,6,12,25,1,5,6,6,16,2,1,2,5,3,16,2,0,0,0,"Alto Pass village, Illinois",1,11,6,2,9,25,27,13,0,21,6,13,3,5,0,7
"Alvin village, Illinois",267,265,0,1,0,0,0,9,4,3,7,0,0,58056,38,-666666666,267,0,135,3,0,3,8,6,5,19,19,2,70,138,20,106,16,90,6,0,19,24,37,3,5,0,2,1,2,17,01242,"Alvin village, Illinois",2,92,3,0,0,0,115,1,114,,,,17,106,29,2,3,7,10,6,1,0,6,4,0,13,9,6,14,15,0,7,7,7,4,10,5,2,7,12,7,6,7,0,3,"Alvin village, Illinois",1,2,9,12,14,8,2,6,5,1,7,9,2,5,4,0
"Amboy city, Illinois",2453,2214,8,190,0,0,14,225,199,168,33,0,19,59815,346,772,2395,2,1049,0,0,54,118,81,140,80,91,59,426,1212,185,952,288,664,132,98,74,106,242,85,88,76,28,78,11,17,01270,"Amboy city, Illinois",131,989,108,10,0,0,1251,79,642,,,,167,952,274,34,113,61,79,12,33,23,60,74,49,84,46,96,89,44,43,74,40,56,62,20,27,5,37,138,117,29,0,34,5,"Amboy city, Illinois",26,92,62,51,54,91,115,86,38,22,20,77,60,21,37,17
"Anchor village, Illinois",241,190,0,0,1,0,0,2,24,11,3,0,0,60781,30,850,241,0,80,0,0,1,6,0,16,12,11,13,21,115,4,72,8,64,0,6,3,7,20,25,17,20,0,5,0,17,01361,"Anchor village, Illinois",0,93,7,0,0,0,105,1,38,,,,11,72,33,12,14,17,0,0,0,0,0,11,19,4,7,3,1,11,0,2,6,2,2,0,1,3,5,16,34,2,7,0,0,"Anchor village, Illinois",0,13,15,1,3,5,2,3,3,5,4,1,2,0,3,2
"Andalusia village, Illinois",1118,1044,16,31,0,6,0,157,90,124,29,7,3,68000,40,835,1083,19,528,0,14,31,10,78,119,131,92,24,29,555,74,506,50,456,26,44,88,97,88,76,118,49,4,4,10,17,01426,"Andalusia village, Illinois",19,563,60,0,0,0,658,20,305,,,,90,506,104,26,11,43,20,2,37,13,0,32,36,28,19,31,43,84,20,23,7,39,13,19,9,0,11,23,29,10,14,3,0,"Andalusia village, Illinois",9,44,44,26,17,36,33,55,39,25,43,42,20,23,14,3
"Andover village, Illinois",460,434,0,26,0,0,0,60,31,37,8,0,0,57344,5,766,452,0,190,0,0,11,22,3,50,11,28,0,65,259,17,185,39,146,0,5,5,19,24,38,63,29,5,23,6,17,01491,"Andover village, Illinois",0,209,2,0,0,0,219,0,140,,,,10,185,67,19,22,24,25,0,0,7,0,10,10,23,40,1,16,6,2,11,2,14,9,6,5,7,0,13,16,3,13,0,0,"Andover village, Illinois",0,5,10,16,26,20,7,10,11,5,4,4,11,8,0,19
"Andres CDP, Illinois",36,36,0,0,0,0,0,0,0,0,0,0,0,-666666666,9,-666666666,36,0,25,0,0,0,0,10,0,0,0,0,15,15,0,25,10,15,0,0,0,0,0,0,16,0,0,0,0,17,01517,"Andres CDP, Illinois",0,16,0,0,0,0,16,0,20,,,,9,25,10,0,0,0,0,0,0,0,0,0,6,0,0,0,0,0,0,0,0,9,0,0,0,0,0,0,0,11,0,0,0,"Andres CDP, Illinois",0,0,0,0,0,10,0,0,0,0,0,0,0,0,0,0
"Anna city, Illinois",4149,3805,167,54,0,28,0,363,166,476,158,0,37,36303,1149,634,4057,56,2047,0,0,13,145,142,497,265,223,175,587,2094,207,1699,529,1170,122,143,310,178,103,52,267,34,27,94,110,17,01543,"Anna city, Illinois",21,1226,185,5,0,0,1632,95,1663,,,,352,1699,509,168,79,264,41,42,6,2,105,138,144,142,149,86,127,192,61,14,32,76,126,61,52,73,91,101,133,18,33,51,6,"Anna city, Illinois",69,121,121,119,74,27,217,154,58,49,27,58,147,45,97,153
"Annapolis CDP, Illinois",28,28,0,0,0,0,0,0,3,1,0,0,0,45625,0,-666666666,28,0,19,0,0,0,0,6,0,0,3,0,10,9,6,15,0,15,0,0,0,12,0,0,0,0,0,0,4,17,01556,"Annapolis CDP, Illinois",0,16,0,0,0,0,22,6,6,,,,0,15,6,0,0,0,0,0,0,0,0,0,3,0,0,6,0,0,0,0,0,0,0,0,0,0,0,0,0,6,0,0,0,"Annapolis CDP, Illinois",0,0,1,0,0,6,0,0,6,0,0,0,0,0,0,0
"Annawan town, Illinois",825,726,21,45,0,0,0,95,80,114,41,0,0,51250,62,675,802,9,372,4,2,38,26,2,65,33,75,28,99,430,61,362,92,270,54,58,16,66,53,13,38,19,22,43,19,17,01569,"Annawan town, Illinois",7,364,39,0,0,0,456,20,206,,,,29,362,102,41,33,12,28,3,0,9,8,47,20,22,30,21,40,39,17,7,6,12,10,16,8,5,22,17,30,8,6,0,10,"Annawan town, Illinois",16,25,19,15,27,26,28,26,17,3,4,19,34,22,10,7
"Antioch village, Illinois",14231,11593,208,1045,4,611,0,1609,1126,2362,939,186,71,103659,1011,997,13146,83,5430,102,5,2110,1111,277,704,471,198,214,238,7024,1429,5100,1283,3817,167,513,383,305,573,522,1023,648,375,930,793,17,01595,"Antioch village, Illinois",305,5769,482,4,0,102,7994,485,2924,,,,846,5100,2112,311,606,538,326,252,120,44,340,238,385,366,427,981,448,543,83,289,86,141,209,97,117,77,255,462,855,353,163,111,22,"Antioch village, Illinois",167,434,333,427,507,957,427,411,213,174,117,161,250,234,66,108
"Apple Canyon Lake CDP, Illinois",639,626,0,13,0,0,0,98,53,35,82,0,14,79844,119,-666666666,629,9,1009,13,0,326,138,226,179,9,0,52,66,276,22,307,32,275,4,8,20,15,14,5,4,19,5,35,35,17,01647,"Apple Canyon Lake CDP, Illinois",2,166,0,0,0,0,174,1,387,,,,55,307,96,4,3,21,0,27,0,2,2,0,0,6,23,18,4,18,10,20,9,25,17,24,43,0,0,7,36,34,25,0,0,"Apple Canyon Lake CDP, Illinois",0,0,0,13,42,11,40,25,16,12,4,13,15,46,24,0
"Apple River village, Illinois",333,307,3,18,0,5,0,34,9,13,10,0,0,42778,63,588,329,1,198,0,0,2,13,6,17,20,2,9,129,151,17,152,35,117,2,9,7,19,21,33,23,5,2,21,4,17,01673,"Apple River village, Illinois",1,127,18,0,0,0,154,3,103,,,,18,152,60,19,5,8,6,10,2,0,9,15,5,8,14,4,13,4,6,8,1,4,3,5,3,1,18,2,20,8,1,6,1,"Apple River village, Illinois",14,3,15,3,3,12,25,13,5,0,6,0,7,10,6,2
"Arbury Hills CDP, Illinois",1637,1257,20,179,10,134,0,85,69,135,83,0,0,95595,41,-666666666,1534,0,558,0,0,25,0,0,163,326,38,0,6,798,241,506,11,495,5,52,307,227,69,30,128,11,66,30,104,17,01803,"Arbury Hills CDP, Illinois",36,790,179,0,0,71,1142,41,203,,,,51,506,230,55,25,41,61,13,0,0,33,0,30,141,40,141,100,22,33,12,6,0,21,24,0,0,35,46,65,27,21,135,0,"Arbury Hills CDP, Illinois",0,0,84,41,184,72,21,6,31,5,0,20,11,26,9,0
"Arcola city, Illinois",2840,1675,65,1071,0,0,0,217,171,227,97,9,31,60720,299,760,2562,2,1066,72,15,96,61,183,155,73,102,33,276,1277,114,1008,340,668,280,312,232,152,137,30,39,56,4,105,40,17,01881,"Arcola city, Illinois",6,1075,270,0,0,0,1562,78,607,,,,72,1008,394,79,89,129,36,38,20,6,62,87,38,180,120,53,71,125,20,36,6,26,31,37,20,8,94,91,142,86,67,55,29,"Arcola city, Illinois",38,77,99,108,56,48,104,74,49,23,31,26,58,35,45,88
"Arenzville village, Illinois",400,389,0,10,0,0,1,21,20,51,14,2,1,81250,18,1031,393,2,169,0,8,12,9,9,36,20,4,12,59,198,25,151,20,131,14,25,7,18,47,23,21,7,0,2,20,17,01946,"Arenzville village, Illinois",1,147,27,2,0,0,193,1,103,,,,26,151,51,14,15,22,10,2,2,0,3,10,8,15,17,15,10,6,3,8,3,5,8,3,10,10,16,9,22,13,6,2,0,"Arenzville village, Illinois",0,7,19,22,8,15,9,11,6,1,5,9,6,4,2,9
"Argenta village, Illinois",1051,995,1,14,6,0,0,155,54,87,13,4,0,61905,71,825,1041,0,445,0,1,20,6,27,37,92,92,28,142,526,44,384,74,310,36,33,51,109,115,64,41,4,9,26,4,17,01972,"Argenta village, Illinois",6,485,4,0,0,0,529,17,274,,,,61,384,146,36,36,57,29,7,18,13,11,29,16,50,24,18,26,37,8,29,9,28,21,14,7,3,42,27,29,17,16,6,11,"Argenta village, Illinois",12,45,36,22,40,17,32,28,3,11,16,32,37,18,7,21
"Argyle CDP, Illinois",353,353,0,0,0,0,0,52,0,97,62,5,0,139821,0,-666666666,353,0,128,0,0,14,10,28,51,25,0,0,0,186,14,128,11,117,0,24,11,58,22,0,64,0,0,14,0,17,02050,"Argyle CDP, Illinois",0,169,24,0,0,0,245,22,39,,,,38,128,44,0,49,0,0,9,0,0,0,0,30,0,0,0,14,58,16,0,0,0,0,0,0,10,0,20,0,15,0,0,0,"Argyle CDP, Illinois",12,0,29,0,0,25,0,51,5,0,0,0,0,0,10,0
"Arlington village, Illinois",211,191,0,20,0,0,0,32,8,6,8,0,2,73750,16,950,206,0,84,0,0,1,2,4,12,8,13,3,41,109,21,76,17,59,1,4,4,24,26,7,15,2,0,6,11,17,02102,"Arlington village, Illinois",3,88,11,0,0,0,117,11,64,,,,11,76,21,5,5,7,6,3,0,3,5,9,2,10,4,10,11,10,1,3,1,5,7,0,2,0,0,7,3,4,3,0,0,"Arlington village, Illinois",0,5,4,6,9,11,13,15,2,6,3,1,2,0,7,1
"Mound City city, Illinois",777,462,291,15,0,3,0,145,28,13,4,19,0,41364,201,531,771,0,319,0,0,21,26,43,68,47,15,20,79,410,63,248,128,120,30,22,13,14,89,0,6,16,3,46,3,17,50751,"Mound City city, Illinois",5,155,80,4,0,0,275,26,338,,,,21,248,95,0,3,7,42,21,0,12,17,34,5,15,53,23,40,47,4,32,4,5,39,7,0,0,22,37,68,30,0,0,0,"Mound City city, Illinois",8,17,35,38,17,20,19,24,3,0,6,5,4,7,7,0
"Mounds city, Illinois",916,76,800,20,7,0,0,117,99,10,38,0,0,26645,293,492,890,0,543,0,0,31,21,64,88,119,38,76,106,435,22,376,126,250,0,2,11,20,37,4,31,7,6,41,58,17,50777,"Mounds city, Illinois",2,219,0,0,0,0,240,21,451,,,,79,376,99,8,58,47,15,4,0,7,6,16,60,19,0,15,7,22,53,4,8,14,3,58,9,2,59,5,48,32,5,0,27,"Mounds city, Illinois",20,2,16,3,26,29,22,52,19,7,26,26,22,20,12,3
"Mound Station village, Illinois",141,141,0,0,0,0,0,16,7,3,0,0,0,70625,15,-666666666,141,0,61,6,0,4,6,0,2,0,14,7,22,70,14,54,7,47,5,6,32,4,1,0,13,0,0,6,2,17,50790,"Mound Station village, Illinois",0,66,3,0,0,0,70,0,13,,,,8,54,17,5,6,10,0,0,0,0,23,0,3,0,1,0,14,5,0,1,0,1,0,0,1,0,10,2,25,0,0,0,0,"Mound Station village, Illinois",6,4,2,8,0,0,2,4,1,0,2,0,1,0,1,3
"Mount Auburn village, Illinois",644,609,0,0,0,3,0,48,13,51,23,0,0,49904,58,772,638,3,295,0,0,33,49,14,60,23,24,12,80,350,28,273,32,241,14,15,15,45,67,60,57,10,20,46,0,17,50829,"Mount Auburn village, Illinois",2,287,64,0,0,0,392,23,138,,,,35,273,110,37,16,25,29,4,11,8,3,26,15,32,56,5,23,19,4,13,7,0,8,4,5,0,13,11,9,7,6,0,0,"Mount Auburn village, Illinois",6,31,9,40,43,24,6,30,13,13,4,8,8,5,4,4
"Mount Carmel city, Illinois",6922,6425,21,187,5,143,0,765,937,646,271,47,0,41675,947,668,6654,40,3588,0,17,93,156,388,684,316,620,466,848,3287,396,3093,726,2367,459,796,368,239,297,234,202,17,103,173,65,17,50868,"Mount Carmel city, Illinois",78,2617,312,0,0,0,3346,165,2387,,,,581,3093,717,157,138,256,163,41,27,66,84,212,153,164,221,182,214,335,40,191,47,192,160,106,122,50,139,138,259,107,75,26,8,"Mount Carmel city, Illinois",127,203,137,127,263,273,233,284,124,179,116,97,243,130,108,205
"Mount Carroll city, Illinois",1503,1366,15,100,0,21,0,137,102,173,97,6,4,54821,146,589,1460,0,819,0,0,42,47,55,53,104,43,11,464,626,86,667,152,515,104,62,67,151,40,18,61,17,76,30,40,17,50881,"Mount Carroll city, Illinois",17,639,25,0,0,0,783,27,446,,,,116,667,173,25,26,57,11,15,0,4,38,44,32,32,24,32,59,50,30,39,14,46,19,12,28,20,20,39,94,22,18,12,0,"Mount Carroll city, Illinois",58,28,48,35,47,33,58,69,21,59,28,23,35,25,26,48
"Mount Clare village, Illinois",370,360,6,0,1,0,0,42,16,20,11,2,5,31250,93,616,363,4,154,0,0,10,13,12,19,15,24,19,42,153,13,133,55,78,2,25,16,14,10,0,7,1,4,6,10,17,50920,"Mount Clare village, Illinois",1,87,7,0,0,0,118,14,187,,,,45,133,29,11,16,9,4,0,0,0,0,6,7,7,21,3,10,14,6,3,1,18,16,15,0,5,14,4,11,0,4,2,1,"Mount Clare village, Illinois",3,1,8,20,4,8,3,5,2,4,17,14,12,8,12,41
"Mount Erie village, Illinois",114,100,0,14,0,0,0,16,18,5,0,0,0,38125,33,-666666666,114,0,49,0,0,6,2,8,5,0,3,5,20,55,2,47,12,35,2,4,1,3,11,14,16,0,0,0,4,17,50933,"Mount Erie village, Illinois",0,51,2,0,0,0,57,0,21,,,,1,47,19,8,0,2,0,0,0,0,1,13,3,10,4,0,2,0,1,7,0,2,1,1,0,0,10,7,4,5,0,0,0,"Mount Erie village, Illinois",0,11,0,5,0,0,3,0,0,6,2,0,2,3,0,1
"Mount Morris village, Illinois",3182,3020,73,0,0,0,0,408,210,223,226,17,0,42962,870,602,3097,30,1668,0,12,176,16,149,279,42,325,123,546,1371,234,1567,611,956,183,138,230,264,125,161,0,49,75,97,18,17,50998,"Mount Morris village, Illinois",56,1129,237,0,0,0,1513,79,971,,,,242,1567,310,91,109,71,21,27,0,0,20,135,92,47,90,38,203,98,37,44,58,0,66,48,29,89,258,157,12,36,0,0,0,"Mount Morris village, Illinois",100,85,190,27,30,93,102,122,37,34,11,14,76,73,82,230
"Mount Olive city, Illinois",2052,2010,9,8,0,21,0,248,198,95,64,0,0,42685,257,671,2037,8,970,4,23,35,30,54,74,107,144,216,283,1033,145,898,262,636,39,95,92,147,68,43,95,40,50,112,61,17,51024,"Mount Olive city, Illinois",4,793,53,0,0,0,905,31,774,,,,262,898,256,53,67,81,16,15,8,9,43,50,58,39,55,63,82,19,74,70,18,61,44,39,22,47,54,67,48,20,18,3,12,"Mount Olive city, Illinois",47,50,43,70,88,82,35,77,36,40,9,49,74,19,37,41
"Mount Prospect village, Illinois",54165,36118,1751,7902,200,6978,23,4824,2519,11497,4343,771,516,84353,3097,1172,37288,496,22019,131,276,578,1467,1941,5489,5731,4915,597,894,26909,3864,20855,6426,14429,300,2053,2954,3241,3212,1536,3901,845,1040,2938,2455,17,51089,"Mount Prospect village, Illinois",695,20487,1642,192,229,1666,28549,1007,14488,,,,2209,20855,6816,2272,1753,1579,1015,501,148,142,817,1911,1754,1857,1859,1966,1898,1467,750,755,566,548,1301,783,469,798,1742,1435,1505,1082,390,68,224,"Mount Prospect village, Illinois",584,1809,1990,1961,1583,1933,2162,1750,959,714,693,785,1160,1159,828,740
"Mount Pulaski city, Illinois",1683,1665,0,4,0,0,0,195,83,191,61,13,2,60674,56,535,1683,0,730,0,0,19,27,22,71,61,117,43,370,683,144,675,111,564,67,82,53,137,82,39,79,79,48,33,24,17,51128,"Mount Pulaski city, Illinois",0,691,20,0,0,0,794,44,453,,,,72,675,212,27,107,20,44,16,7,0,20,40,24,34,28,64,80,45,8,43,1,8,25,29,9,18,98,105,24,53,27,0,0,"Mount Pulaski city, Illinois",19,41,31,11,123,81,61,44,27,23,11,20,28,38,23,98
"Mount Sterling city, Illinois",2220,2000,16,204,0,0,0,203,115,208,56,22,0,45536,271,446,2101,0,1053,11,0,69,154,64,217,60,138,104,236,1115,115,956,352,604,227,367,134,27,50,42,38,18,17,54,12,17,51154,"Mount Sterling city, Illinois",0,820,140,0,0,0,1046,13,597,,,,88,956,258,146,124,111,24,35,0,0,57,65,76,89,65,73,42,85,6,43,10,17,14,27,20,17,62,63,58,29,29,18,0,"Mount Sterling city, Illinois",30,94,91,99,44,74,37,89,8,38,13,16,40,35,33,74
"Mount Vernon city, Illinois",14769,10996,2216,611,9,290,7,1424,1440,1278,557,148,92,42194,3024,749,14298,29,7540,147,66,452,516,633,1282,841,1402,773,1428,6734,822,6248,2793,3455,308,1845,1612,1367,396,100,232,66,37,158,57,17,51180,"Mount Vernon city, Illinois",49,4890,978,66,0,0,6973,491,4724,,,,1085,6248,1823,504,538,368,254,191,111,76,269,616,573,316,361,434,408,362,106,202,278,106,293,280,194,94,553,653,343,228,98,111,118,"Mount Vernon city, Illinois",244,596,440,440,424,297,549,442,215,234,227,297,395,337,230,364
"Mount Zion village, Illinois",5707,5263,133,67,0,36,0,509,424,805,291,75,28,79154,364,687,5642,21,2265,40,60,498,205,220,677,371,107,13,74,2726,345,2103,491,1612,155,267,322,750,488,134,103,59,34,110,109,17,51206,"Mount Zion village, Illinois",0,2422,109,0,0,0,2802,134,1371,,,,400,2103,765,117,279,331,68,51,0,0,107,112,34,152,354,164,181,157,76,108,25,76,186,96,51,49,61,284,330,170,74,0,0,"Mount Zion village, Illinois",111,93,105,238,323,63,149,167,74,135,84,89,120,136,56,71
"Moweaqua village, Illinois",2215,2168,11,20,0,1,0,202,173,200,76,0,2,61250,224,807,2206,0,963,0,3,36,70,101,180,96,92,85,300,1077,129,877,193,684,146,142,97,49,87,153,262,24,53,48,21,17,51232,"Moweaqua village, Illinois",12,983,77,0,0,0,1137,22,597,,,,118,877,305,101,39,109,94,18,0,7,29,64,92,39,81,92,37,88,16,24,34,21,14,46,30,12,53,116,47,32,44,5,3,"Moweaqua village, Illinois",47,104,90,28,53,68,37,88,21,21,42,35,63,60,27,44
"Muddy village, Illinois",38,38,0,0,0,0,0,2,6,10,0,0,0,-666666666,6,563,38,0,14,0,0,0,0,0,0,8,2,0,4,19,4,14,7,7,0,4,4,0,2,0,0,3,0,0,4,17,51271,"Muddy village, Illinois",0,10,7,0,0,0,27,5,9,,,,5,14,2,0,0,0,0,0,3,0,2,3,0,0,0,2,2,0,0,4,0,0,0,0,0,3,0,0,2,0,0,0,0,"Muddy village, Illinois",0,0,2,0,0,2,2,7,1,1,0,0,0,2,0,0
"Mulberry Grove village, Illinois",847,811,13,23,0,0,0,61,22,34,6,7,0,40800,265,600,842,3,409,0,2,30,7,40,60,58,39,27,146,406,53,344,80,264,21,32,77,100,24,5,9,10,6,24,37,17,51284,"Mulberry Grove village, Illinois",2,295,42,0,0,0,377,14,251,,,,46,344,100,21,9,37,3,31,19,0,17,23,17,43,30,5,48,16,0,5,7,18,56,1,0,7,58,31,61,8,1,0,0,"Mulberry Grove village, Illinois",2,44,35,33,10,30,20,13,4,16,8,15,10,2,9,24
"Mulkeytown CDP, Illinois",128,128,0,0,0,0,0,16,0,0,8,0,0,-666666666,71,-666666666,128,0,83,0,8,8,0,35,0,0,0,0,32,75,8,51,35,16,0,9,0,0,0,0,0,16,0,9,0,17,51310,"Mulkeytown CDP, Illinois",0,26,8,0,0,0,34,0,58,,,,42,51,9,0,0,16,9,0,0,0,0,0,0,0,0,8,0,0,0,0,8,0,8,0,26,0,0,0,20,0,9,0,0,"Mulkeytown CDP, Illinois",0,0,0,0,9,0,0,15,0,0,0,0,0,0,0,0
"Muncie village, Illinois",115,115,0,0,0,0,0,25,13,4,1,11,0,68125,9,725,115,0,55,0,0,0,5,2,3,6,9,2,28,46,4,51,11,40,0,0,0,14,13,1,27,2,0,1,0,17,51336,"Muncie village, Illinois",1,59,0,0,0,0,64,2,31,,,,2,51,13,5,1,2,6,0,0,0,3,4,2,0,3,3,1,1,0,12,0,1,0,2,0,0,3,3,4,1,3,2,1,"Muncie village, Illinois",0,6,4,2,1,2,2,16,1,2,1,13,1,1,0,0
"Mundelein village, Illinois",31574,16457,473,10415,129,3388,59,2719,1763,5901,2596,468,229,91535,2153,1396,21770,216,11502,170,164,1367,2518,2049,1165,1076,2184,344,465,15926,2419,11085,2914,8171,303,1340,1671,2429,2092,1215,2461,729,636,1629,1218,17,51349,"Mundelein village, Illinois",353,14032,1324,26,76,279,17967,530,7202,,,,1084,11085,3666,1114,862,707,746,397,201,278,534,1303,1283,1068,1068,1124,1311,940,426,424,552,424,429,316,257,226,993,1126,1088,495,423,96,54,"Mundelein village, Illinois",718,967,1065,978,797,1050,1093,956,475,824,305,569,485,459,312,256
"Murphysboro city, Illinois",7727,5806,1268,397,0,15,0,980,525,658,370,38,63,37929,1422,625,7433,37,3877,0,95,206,196,371,733,452,373,280,1171,3472,436,3420,1607,1813,312,431,540,554,268,82,110,310,18,153,35,17,51453,"Murphysboro city, Illinois",30,2341,393,0,0,0,3394,310,2689,,,,526,3420,934,291,206,225,157,77,0,60,19,212,206,315,274,156,300,228,136,97,86,119,202,84,64,91,324,279,216,101,89,25,50,"Murphysboro city, Illinois",144,211,302,302,290,72,271,278,76,142,111,125,192,179,107,236
"Murrayville village, Illinois",582,567,0,2,7,0,0,48,24,25,14,2,0,50938,110,633,579,2,259,0,0,2,26,25,28,43,49,4,82,267,17,227,37,190,9,8,2,53,68,15,43,4,7,33,6,17,51479,"Murrayville village, Illinois",5,240,11,0,0,0,283,7,184,,,,55,227,86,12,14,16,27,0,4,0,12,6,13,38,13,7,10,21,15,12,2,6,12,18,0,9,18,14,20,2,7,4,0,"Murrayville village, Illinois",15,8,24,31,11,15,33,20,13,9,6,4,37,9,9,6
"Nachusa CDP, Illinois",122,101,4,6,0,0,0,0,0,10,0,0,0,-666666666,0,-666666666,122,0,47,0,0,0,0,0,20,0,0,0,27,40,10,40,0,40,0,0,0,0,10,9,0,0,0,0,0,17,51544,"Nachusa CDP, Illinois",10,29,0,0,0,0,29,0,70,,,,30,40,10,0,0,6,7,2,0,0,0,0,0,0,0,0,10,0,0,0,0,10,0,20,0,0,0,11,2,4,0,0,0,"Nachusa CDP, Illinois",1,0,9,0,0,12,0,0,0,0,10,0,18,0,0,0
"Naperville city, Illinois",147734,96458,6198,9850,236,30202,19,8650,5384,39440,22464,3789,3212,127648,5474,1546,114968,1365,55224,1596,1001,7066,15694,14587,8649,2838,1772,452,1569,72297,10866,52648,13523,39125,1054,4816,6919,7978,7101,3749,8192,1923,3335,6552,8749,17,51622,"Naperville city, Illinois",3408,51470,3212,299,312,6463,79774,3386,35541,,,,3783,52648,20172,4456,5011,6058,3791,1811,823,774,2604,3530,4348,4674,5584,5097,5784,5462,2026,2355,1102,1986,2366,1300,1006,727,4042,5057,5517,3495,1677,823,686,"Naperville city, Illinois",2519,4063,4428,5503,4957,5581,5793,5997,1810,2361,1442,1977,2527,1783,1285,1736
"Naplate village, Illinois",442,407,0,27,0,0,0,65,41,10,6,0,3,45673,44,725,440,0,247,15,0,6,0,10,11,17,55,40,93,224,35,231,60,171,3,24,62,35,27,4,17,0,0,16,14,17,51648,"Naplate village, Illinois",5,180,22,0,0,0,226,10,170,,,,18,231,48,3,3,21,6,18,4,0,9,14,6,13,8,14,23,15,14,18,5,10,10,7,0,5,0,0,14,7,8,0,0,"Naplate village, Illinois",7,5,0,23,18,11,11,33,13,6,6,11,2,8,19,14
"Naples town, Illinois",143,122,0,7,0,0,0,12,2,28,2,0,0,-666666666,22,-666666666,132,1,132,0,0,2,9,3,44,9,2,35,28,65,0,66,2,64,4,3,0,0,1,3,30,4,0,0,3,17,51661,"Naples town, Illinois",0,48,0,0,0,0,51,3,76,,,,9,66,16,1,2,2,0,1,0,0,8,5,0,9,0,0,0,1,1,7,0,20,0,8,0,0,0,2,4,5,1,0,0,"Naples town, Illinois",0,4,13,1,1,28,0,7,0,0,0,4,0,6,0,2
"Nashville city, Illinois",3076,2987,26,58,0,5,0,426,327,320,153,7,16,56019,246,729,3033,11,1441,0,10,101,88,261,216,185,298,63,219,1379,149,1378,449,929,136,434,113,78,119,40,181,83,29,86,36,17,51700,"Nashville city, Illinois",13,1185,103,4,0,0,1517,107,1010,,,,162,1378,451,72,121,89,30,49,5,6,54,150,125,44,142,79,73,81,20,58,40,41,11,86,41,29,87,117,39,50,12,0,60,"Nashville city, Illinois",12,131,50,39,166,124,62,98,28,74,31,45,121,165,63,56
"Nason city, Illinois",221,221,0,0,0,0,0,25,18,3,0,0,0,45833,34,669,221,0,118,0,2,39,10,5,23,11,10,10,8,126,15,104,13,91,0,7,1,32,26,4,2,5,6,7,7,17,51726,"Nason city, Illinois",1,88,10,0,0,0,108,8,87,,,,17,104,19,1,8,5,5,1,0,0,9,2,15,2,14,4,11,16,4,7,4,1,8,2,2,5,1,6,4,5,2,1,0,"Nason city, Illinois",0,4,6,0,3,4,10,13,5,4,0,9,6,2,0,10
"Nauvoo city, Illinois",948,919,9,6,0,9,0,82,75,87,26,13,17,50938,280,719,934,0,610,10,0,57,80,16,75,97,32,4,239,510,19,313,94,219,52,44,62,9,13,15,32,26,0,23,0,17,51791,"Nauvoo city, Illinois",15,230,15,0,0,0,308,7,426,,,,44,313,104,31,27,59,31,9,8,0,6,56,22,37,30,10,9,29,0,9,22,11,61,19,14,10,19,22,48,4,9,4,14,"Nauvoo city, Illinois",23,22,16,27,52,5,2,11,0,25,21,31,20,23,17,23
"Nebo village, Illinois",362,361,0,1,0,0,0,29,19,0,0,0,0,35625,123,-666666666,362,0,180,0,0,26,10,0,18,29,23,8,66,215,12,142,14,128,2,2,0,30,23,1,20,0,2,0,10,17,51882,"Nebo village, Illinois",7,65,23,3,0,0,113,2,165,,,,32,142,56,13,17,18,11,5,4,3,9,9,9,20,16,6,6,10,12,9,4,9,17,4,0,4,4,9,21,0,0,0,0,"Nebo village, Illinois",7,8,5,40,2,1,7,14,1,2,2,5,11,4,0,4
"Nekoma CDP, Illinois",48,48,0,0,0,0,0,3,45,0,0,0,0,-666666666,0,-666666666,48,0,48,0,0,0,0,0,0,3,0,0,45,48,0,48,0,48,0,0,0,0,0,0,0,0,0,0,0,17,51934,"Nekoma CDP, Illinois",0,0,0,0,0,0,0,0,48,,,,45,48,0,0,0,0,0,0,0,0,0,0,0,0,0,0,0,0,0,0,0,0,45,3,0,0,0,0,0,0,0,0,0,"Nekoma CDP, Illinois",0,0,0,0,0,0,0,0,0,0,0,0,0,0,0,0
"Nelson village, Illinois",132,130,0,2,0,0,0,14,6,5,5,1,0,33750,34,713,122,0,65,3,0,0,4,1,6,3,11,4,33,45,8,57,22,35,0,0,6,25,13,1,1,0,0,2,3,17,51947,"Nelson village, Illinois",0,47,1,0,0,0,56,3,51,,,,3,57,19,3,7,1,0,1,0,1,2,2,0,8,1,4,4,1,2,3,1,1,1,2,0,0,4,7,3,6,0,0,0,"Nelson village, Illinois",3,2,0,26,4,6,7,4,0,8,1,1,2,0,3,0
"Neoga city, Illinois",1579,1535,0,23,0,0,0,124,127,144,99,6,6,50694,182,483,1579,0,639,0,0,13,61,85,136,73,38,70,163,677,88,557,128,429,48,81,11,74,145,80,106,30,20,15,8,17,51986,"Neoga city, Illinois",11,544,74,0,0,0,720,13,456,,,,113,557,191,71,19,63,13,22,5,6,38,26,45,71,47,54,34,42,5,29,4,12,18,34,25,17,60,122,43,41,21,0,6,"Neoga city, Illinois",54,22,55,68,36,57,42,26,6,12,17,27,41,37,23,63
"Neponset village, Illinois",382,354,4,15,2,6,0,58,29,23,5,0,0,54750,77,658,363,1,208,0,0,3,9,10,42,16,16,11,101,200,22,149,17,132,13,20,28,21,21,6,34,6,3,15,6,17,51999,"Neponset village, Illinois",6,161,12,0,0,0,194,6,101,,,,18,149,43,17,13,24,1,1,3,2,2,17,13,13,13,11,11,10,6,14,12,5,3,5,3,1,8,9,13,8,6,0,0,"Neponset village, Illinois",11,11,23,16,9,5,8,11,8,10,3,3,4,9,5,2
"Newark village, Illinois",1325,1235,9,79,0,2,0,86,155,173,51,2,0,101750,114,621,1246,7,458,0,0,55,64,22,79,20,53,23,142,610,125,439,58,381,135,29,10,59,102,20,95,15,20,67,57,17,52103,"Newark village, Illinois",20,560,27,0,0,1,752,24,360,,,,52,439,143,28,26,32,43,30,3,23,4,21,23,46,18,65,60,32,14,16,72,4,23,7,11,9,26,43,45,49,18,11,15,"Newark village, Illinois",3,19,86,32,61,30,61,30,17,65,10,36,26,16,5,11
"New Athens village, Illinois",1920,1885,18,11,0,4,0,197,146,170,72,11,0,69100,156,625,1913,5,828,0,0,63,58,59,111,109,81,40,307,931,115,740,127,613,84,100,33,60,107,102,79,34,48,131,103,17,52116,"New Athens village, Illinois",36,789,90,0,0,21,977,26,523,,,,130,740,274,84,48,40,79,33,5,4,11,55,53,60,96,60,55,43,18,71,8,52,28,28,3,13,55,45,84,62,15,8,5,"New Athens village, Illinois",17,67,33,81,65,38,47,92,42,16,27,30,32,47,11,54
"New Baden village, Illinois",3150,2815,175,88,18,0,0,325,399,389,210,0,0,79412,170,889,3077,67,1322,23,19,238,192,257,48,127,107,16,295,1613,341,1322,372,950,93,67,147,192,367,260,174,114,96,125,15,17,52142,"New Baden village, Illinois",19,1475,173,0,0,0,1761,41,832,,,,716,1322,330,98,85,83,25,36,13,43,16,163,78,41,0,137,204,313,28,68,29,16,86,18,41,8,79,102,110,45,0,0,55,"New Baden village, Illinois",15,175,117,88,42,163,129,133,0,75,57,19,10,46,38,23
"New Bedford village, Illinois",57,55,0,2,0,0,0,0,1,2,0,0,0,47500,15,-666666666,57,0,32,0,0,0,0,0,6,1,2,8,15,30,4,32,3,29,0,1,1,4,3,2,9,0,2,2,1,17,52155,"New Bedford village, Illinois",0,19,5,0,0,0,26,1,27,,,,6,32,4,3,0,1,1,3,1,0,0,0,2,0,1,2,2,2,0,0,3,2,1,2,1,3,0,0,0,0,1,1,0,"New Bedford village, Illinois",2,1,0,2,3,0,1,0,0,2,2,0,6,1,4,1
"New Berlin village, Illinois",1324,1297,3,3,0,0,0,132,82,240,75,6,19,69773,109,517,1301,6,567,4,16,68,122,107,68,28,33,21,100,612,107,542,77,465,33,34,39,84,149,58,143,16,2,26,6,17,52168,"New Berlin village, Illinois",16,546,46,0,0,0,703,11,267,,,,87,542,222,46,51,53,35,12,0,11,22,46,31,34,41,42,65,24,22,2,9,6,24,19,9,8,39,45,95,35,5,0,5,"New Berlin village, Illinois",17,45,20,85,58,67,31,22,20,4,10,38,19,38,8,6
"Mossville CDP, Illinois",263,247,0,16,0,0,0,0,6,62,20,0,0,85379,21,-666666666,247,0,117,0,0,0,7,0,21,26,14,0,49,178,9,96,0,96,0,0,20,57,0,0,0,0,0,0,0,17,50699,"Mossville CDP, Illinois",0,77,0,0,0,0,92,15,99,,,,17,96,33,72,0,0,0,0,0,14,0,0,0,33,0,9,0,30,0,0,0,0,6,0,7,7,0,0,0,0,0,0,0,"Mossville CDP, Illinois",0,0,29,0,0,0,20,22,0,6,0,0,0,0,0,8
"New Boston city, Illinois",515,500,0,0,12,3,0,52,25,17,4,0,0,41458,106,617,512,0,287,0,8,16,30,8,49,24,18,20,114,239,27,248,45,203,19,21,8,10,34,22,37,8,5,22,16,17,52220,"New Boston city, Illinois",14,187,15,0,0,0,251,33,175,,,,40,248,82,3,18,14,2,0,0,0,7,17,27,6,6,13,14,31,19,25,2,3,8,12,5,7,19,13,20,13,7,0,3,"New Boston city, Illinois",3,7,35,13,12,15,17,31,3,17,4,13,12,8,7,4
"New Burnside village, Illinois",132,129,0,0,0,0,0,16,13,7,4,0,0,30909,23,-666666666,132,0,92,2,4,9,13,15,13,10,7,7,12,56,11,64,3,61,0,1,2,2,3,0,8,1,1,11,1,17,52285,"New Burnside village, Illinois",0,26,2,0,0,0,38,0,72,,,,17,64,22,1,1,3,5,0,0,0,0,1,2,1,5,8,3,1,1,1,2,4,3,4,6,4,3,11,0,3,0,0,0,"New Burnside village, Illinois",0,1,0,6,2,0,4,4,1,0,6,11,13,2,9,0
"New Canton town, Illinois",257,246,0,1,3,3,0,37,9,1,1,0,0,30938,67,525,255,0,157,0,0,2,12,11,7,15,13,13,84,134,26,125,45,80,1,8,10,7,11,9,19,15,7,7,3,17,52311,"New Canton town, Illinois",2,95,4,0,0,0,119,5,95,,,,22,125,36,2,17,2,9,3,0,0,5,2,5,5,11,4,22,10,6,12,1,1,10,3,2,2,11,2,6,3,3,0,3,"New Canton town, Illinois",4,7,5,4,0,8,14,19,5,6,0,6,4,6,3,4
"New Douglas village, Illinois",321,297,5,17,1,0,0,93,17,14,5,4,2,44375,51,636,314,0,146,0,2,20,12,5,14,11,14,16,52,169,37,140,22,118,2,0,1,1,14,20,28,15,11,24,14,17,52415,"New Douglas village, Illinois",2,116,15,0,0,0,159,4,98,,,,25,140,31,9,7,15,7,6,1,0,0,20,1,4,9,22,15,27,1,2,1,0,7,14,1,0,6,12,10,3,3,0,1,"New Douglas village, Illinois",0,21,6,6,4,21,8,7,6,7,1,2,13,13,2,0
"New Grand Chain village, Illinois",172,121,30,10,0,3,0,14,9,15,4,0,0,34375,19,679,167,0,110,0,0,8,11,6,17,18,13,1,36,74,15,84,22,62,0,0,3,6,1,4,16,4,0,10,0,17,52467,"New Grand Chain village, Illinois",0,39,5,0,0,0,64,5,76,,,,5,84,17,7,14,2,3,4,2,0,3,2,0,0,2,6,9,10,0,0,5,0,1,2,0,2,7,2,0,0,0,0,0,"New Grand Chain village, Illinois",2,5,6,2,0,21,4,2,0,5,5,8,1,7,2,19
"New Haven village, Illinois",423,407,0,7,0,0,0,18,17,18,0,0,0,39375,96,447,421,2,218,0,2,16,13,59,23,47,18,22,18,192,18,157,22,135,2,0,3,0,20,15,38,0,10,13,16,17,52506,"New Haven village, Illinois",0,105,12,0,0,0,243,96,142,,,,24,157,34,5,8,5,8,0,0,0,31,0,0,14,14,11,7,36,11,10,1,10,15,3,3,0,0,0,16,18,2,0,0,"New Haven village, Illinois",55,10,8,28,5,6,2,17,14,14,6,10,10,1,6,3
"New Holland village, Illinois",257,250,0,2,0,0,0,48,19,32,3,0,0,77083,17,522,255,2,131,0,0,4,1,4,7,11,11,8,85,117,23,105,17,88,7,10,12,40,23,1,1,5,11,6,6,17,52545,"New Holland village, Illinois",0,112,3,0,0,0,151,13,61,,,,19,105,24,3,7,20,3,0,0,0,3,3,8,10,10,5,18,8,2,1,2,3,3,1,2,5,5,3,7,14,1,0,0,"New Holland village, Illinois",0,2,12,11,3,8,30,13,2,6,2,1,9,2,3,6
"New Lenox village, Illinois",26788,24781,146,1122,0,106,0,2399,2052,4571,2521,217,244,115327,645,1163,26135,68,9118,621,347,2482,2511,1129,1142,243,318,115,210,13415,1780,8720,748,7972,169,867,1276,1215,1363,549,1795,493,946,1825,1735,17,52584,"New Lenox village, Illinois",533,11378,518,22,30,626,14308,500,5427,,,,980,8720,3930,1292,1152,1112,627,318,171,109,472,637,539,1185,1043,883,897,1071,310,394,140,276,434,145,153,86,1161,715,1077,747,287,143,162,"New Lenox village, Illinois",247,776,1019,974,969,897,932,1103,213,367,187,253,563,222,201,127
"Newman city, Illinois",777,743,9,15,10,0,0,55,36,90,11,2,5,58125,83,696,745,11,453,0,0,9,98,17,57,37,33,25,177,349,20,364,47,317,32,43,20,16,43,3,13,17,10,44,13,17,52623,"Newman city, Illinois",2,218,20,0,0,0,267,3,415,,,,105,364,57,24,9,14,11,2,0,0,0,19,19,26,7,4,16,34,11,13,11,31,14,6,3,84,21,7,16,6,2,0,2,"Newman city, Illinois",13,4,9,25,17,9,12,40,24,13,12,15,39,12,5,116
"New Milford village, Illinois",1356,1079,154,106,0,14,0,220,69,77,8,4,0,57000,238,1091,1306,9,524,1,20,77,72,64,81,21,46,126,16,640,185,516,143,373,12,106,148,41,193,36,109,6,24,14,31,17,52701,"New Milford village, Illinois",6,612,84,0,0,0,876,99,216,,,,59,516,194,6,69,43,4,21,6,6,43,83,20,3,21,61,124,47,5,18,14,7,27,6,6,0,31,65,46,86,0,3,19,"New Milford village, Illinois",11,84,27,28,91,19,48,30,9,55,5,20,22,15,0,2
"New Minden village, Illinois",185,185,0,0,0,0,0,18,41,17,13,0,0,61250,19,-666666666,174,4,98,5,0,9,1,4,11,17,6,2,43,120,15,86,6,80,7,11,27,10,6,4,14,1,11,10,2,17,52714,"New Minden village, Illinois",4,97,2,0,0,0,119,0,41,,,,19,86,17,2,5,8,3,6,0,0,0,6,17,9,16,8,7,5,1,12,1,4,0,4,5,1,6,2,0,0,0,0,0,"New Minden village, Illinois",0,3,11,1,3,9,6,4,3,2,3,5,3,2,2,0
"New Salem village, Illinois",207,207,0,0,0,0,0,56,10,7,2,0,0,49125,42,-666666666,194,13,101,0,0,4,5,6,9,2,12,8,55,87,30,79,7,72,2,0,3,15,8,0,17,0,0,0,23,17,52805,"New Salem village, Illinois",0,66,0,0,0,0,102,1,58,,,,11,79,17,17,1,0,0,1,0,0,9,5,4,0,3,30,0,4,0,0,2,5,4,2,0,0,4,7,15,5,0,0,0,"New Salem village, Illinois",5,5,26,21,0,0,0,7,6,0,2,3,0,3,8,3
"Newton city, Illinois",2884,2815,18,16,0,0,0,206,278,169,134,35,7,43293,529,629,2818,0,1358,68,17,55,108,104,277,112,175,186,256,1401,103,1268,437,831,145,306,144,79,67,74,284,67,34,46,43,17,52844,"Newton city, Illinois",21,1117,142,0,0,0,1457,50,883,,,,139,1268,318,92,171,65,55,17,25,0,38,62,122,76,150,59,45,115,41,32,45,34,86,43,19,28,65,63,40,24,73,38,25,"Newton city, Illinois",46,73,97,40,68,111,102,91,48,102,20,72,76,34,83,73
"Niantic village, Illinois",657,513,0,85,1,0,0,91,28,15,21,0,0,53500,24,493,636,2,254,0,0,9,31,7,22,15,20,14,136,386,56,210,24,186,8,1,6,42,52,95,19,4,27,6,4,17,52961,"Niantic village, Illinois",2,210,52,0,0,0,289,21,136,,,,47,210,66,85,48,20,7,14,0,0,18,4,26,6,43,25,31,13,0,4,4,19,10,6,3,0,47,18,11,12,6,0,0,"Niantic village, Illinois",5,9,20,17,24,19,16,9,2,3,8,12,8,9,3,13
"Niles village, Illinois",29198,19159,778,3090,46,5466,0,2496,1744,5650,1733,520,309,63490,2579,1133,16968,247,11660,35,57,495,986,828,1266,3019,4202,494,278,13528,2030,11065,2672,8393,233,645,1199,2134,1907,1146,2421,402,559,1082,1095,17,53000,"Niles village, Illinois",326,10618,1425,244,199,230,14678,683,10249,,,,1132,11065,2939,620,660,595,696,334,97,203,620,916,878,458,1165,756,1305,1087,381,492,404,404,558,431,419,631,717,557,537,404,193,113,125,"Niles village, Illinois",360,967,850,782,949,743,1009,1130,564,607,296,571,643,640,711,1620
"Arlington Heights village, Illinois",75071,57897,1744,6148,51,7732,0,5907,3735,18957,10317,1443,880,100221,3144,1441,59518,538,32467,376,207,1830,2602,5119,7555,7843,4638,720,1577,36506,5132,30672,7973,22699,394,2349,3377,4239,5153,2529,5034,1336,1732,3106,3442,17,02154,"Arlington Heights village, Illinois",791,28469,1933,146,118,2009,39912,1461,19901,,,,2786,30672,8626,2570,2513,2075,1781,592,292,206,899,1736,2041,2786,2431,2599,2554,2677,987,1573,1137,1048,1400,1043,880,834,2058,2216,2747,1213,569,102,64,"Arlington Heights village, Illinois",774,1759,2298,2657,2641,2718,2264,3100,1071,1772,1073,1337,1837,1464,880,1803
"Armington village, Illinois",415,340,0,59,0,5,0,51,25,18,8,0,1,41250,59,943,404,4,169,0,0,1,0,16,25,18,21,16,72,194,36,147,30,117,2,7,11,21,12,15,24,13,9,23,9,17,02206,"Armington village, Illinois",7,131,15,4,0,0,165,7,122,,,,23,147,64,22,26,7,12,4,0,4,5,8,11,13,0,17,19,19,7,2,9,0,4,4,1,0,26,37,6,4,4,2,2,"Armington village, Illinois",1,16,11,3,6,39,19,19,4,1,3,3,4,6,3,2
"Aroma Park village, Illinois",692,597,36,45,0,0,0,90,66,62,7,4,0,48750,87,855,675,2,303,0,0,20,16,9,30,36,62,36,94,345,63,274,64,210,10,40,77,71,62,17,13,2,1,24,17,17,02258,"Aroma Park village, Illinois",0,275,48,0,0,0,360,15,236,,,,40,274,66,22,7,14,13,4,0,0,14,42,19,25,6,35,28,16,11,26,14,6,5,30,2,6,29,7,12,9,2,10,3,"Aroma Park village, Illinois",5,28,27,2,17,48,29,14,2,26,21,5,19,8,16,8
"Arrowsmith village, Illinois",404,356,27,18,0,0,0,30,12,40,2,3,0,68750,139,796,401,3,136,0,0,4,3,5,44,6,3,6,65,201,14,130,15,115,3,6,0,1,21,35,37,1,0,15,5,17,02342,"Arrowsmith village, Illinois",1,116,3,0,0,0,141,12,162,,,,43,130,39,2,9,37,13,4,0,7,3,4,9,10,23,7,7,7,5,6,3,5,24,0,9,7,11,13,25,2,11,2,0,"Arrowsmith village, Illinois",12,3,6,25,11,16,11,9,4,2,0,6,18,5,9,2
"Arthur village, Illinois",2180,2085,6,53,12,5,0,258,78,228,76,27,3,62250,178,827,2118,15,995,29,14,91,76,93,150,161,124,50,207,953,130,951,224,727,172,203,149,47,129,9,62,14,30,66,31,17,02414,"Arthur village, Illinois",12,799,77,0,0,0,1046,18,730,,,,105,951,274,79,48,45,16,22,12,4,21,39,93,54,52,62,68,62,14,32,25,24,46,72,45,39,80,73,46,60,8,9,13,"Arthur village, Illinois",31,82,58,43,67,50,55,50,27,48,24,69,15,96,51,151
"Ashkum village, Illinois",806,792,0,10,0,0,0,87,54,44,15,0,0,55625,64,905,803,3,381,0,2,8,16,16,69,57,82,42,89,392,57,330,100,230,49,48,33,25,68,48,57,32,4,12,12,17,02479,"Ashkum village, Illinois",3,352,36,0,0,0,433,9,190,,,,46,330,112,29,14,32,6,17,2,2,28,21,29,28,15,20,37,31,19,4,9,15,13,8,9,4,35,27,46,16,2,1,2,"Ashkum village, Illinois",8,15,39,24,30,26,18,33,12,15,12,17,7,12,7,10
"Ashland village, Illinois",1272,1225,16,0,4,0,0,101,66,110,42,21,11,60104,67,814,1265,3,635,0,0,6,141,63,72,61,78,31,183,592,91,539,111,428,91,24,21,28,43,69,188,55,36,48,23,17,02505,"Ashland village, Illinois",6,563,48,0,0,0,678,22,344,,,,100,539,157,34,21,63,36,14,0,6,31,28,20,21,34,41,50,41,19,44,10,25,28,7,9,13,44,47,20,21,28,0,2,"Ashland village, Illinois",29,51,25,44,48,53,43,55,21,26,17,12,32,31,6,22
"Ashley city, Illinois",471,432,0,37,0,0,0,49,20,16,3,0,0,40125,64,590,457,0,255,0,7,15,15,53,28,11,63,29,34,234,32,217,63,154,0,5,5,33,44,14,20,8,7,22,7,17,02531,"Ashley city, Illinois",0,154,8,0,0,0,196,17,159,,,,34,217,72,15,22,25,8,3,0,0,6,11,10,23,5,9,23,15,8,8,2,11,15,5,10,0,19,19,13,18,0,0,2,"Ashley city, Illinois",4,16,25,12,0,14,11,9,4,10,3,8,20,22,5,3
"Ashmore village, Illinois",1021,986,30,0,0,0,0,159,57,51,34,0,0,46307,227,648,1019,2,501,3,12,16,29,25,140,69,70,8,129,531,71,421,98,323,30,28,53,99,54,41,101,23,7,4,4,17,02557,"Ashmore village, Illinois",1,377,65,0,0,0,516,62,285,,,,68,421,198,45,56,53,23,8,0,3,24,53,11,65,16,42,29,29,6,12,14,9,13,7,4,9,19,15,27,30,3,14,8,"Ashmore village, Illinois",47,16,37,44,39,67,21,12,9,17,8,5,18,10,5,19
"Ashton village, Illinois",827,745,11,33,0,19,3,110,33,56,7,11,0,53125,128,779,763,8,408,0,11,0,33,3,33,45,42,31,210,422,78,372,147,225,63,50,39,30,89,35,37,16,0,26,21,17,02583,"Ashton village, Illinois",15,353,43,0,0,0,478,38,236,,,,43,372,89,3,11,36,10,17,0,0,20,23,35,21,13,45,33,67,5,26,8,2,23,8,13,3,11,7,38,25,13,7,0,"Ashton village, Illinois",0,10,27,22,43,21,27,40,11,35,13,10,2,15,19,9
"Assumption city, Illinois",1153,1110,2,20,1,0,1,74,72,88,29,0,0,46563,117,578,1142,5,585,5,0,10,49,20,107,73,60,35,226,603,60,514,144,370,58,95,106,28,50,54,100,11,23,29,18,17,02609,"Assumption city, Illinois",16,542,27,0,0,0,655,29,304,,,,72,514,153,32,25,40,27,5,19,102,28,15,26,59,22,34,26,41,6,20,12,15,8,30,8,3,12,31,49,14,3,0,8,"Assumption city, Illinois",63,21,21,45,27,40,44,17,37,24,11,22,21,22,12,6
"Astoria town, Illinois",1154,1134,0,0,0,0,0,89,95,55,13,3,0,38068,188,492,1154,0,614,0,0,11,14,8,124,104,60,86,207,557,39,548,177,371,97,114,33,13,61,23,24,7,39,30,73,17,02635,"Astoria town, Illinois",16,379,60,0,0,0,569,23,288,,,,42,548,181,41,47,68,18,5,9,15,25,18,71,21,21,8,31,45,28,28,3,6,15,3,24,7,65,32,26,14,3,0,66,"Astoria town, Illinois",0,61,43,12,36,33,31,60,9,13,5,21,10,13,23,21
"Athens city, Illinois",2349,2135,51,50,0,6,0,304,191,233,74,18,0,78194,203,586,2278,38,982,62,54,142,151,70,179,54,85,27,158,1090,131,929,211,718,57,60,54,116,208,240,287,14,21,21,16,17,02674,"Athens city, Illinois",20,990,105,0,0,0,1301,72,471,,,,109,929,377,59,63,83,122,27,4,0,53,103,62,55,71,61,74,104,6,72,12,8,43,10,9,0,94,112,87,73,7,0,0,"Athens city, Illinois",51,58,83,77,95,61,67,95,51,87,5,29,50,31,33,2
"Atkinson town, Illinois",1335,1289,0,22,10,6,0,81,147,76,13,3,0,47833,94,-666666666,1335,0,560,0,0,20,26,50,99,55,77,48,185,570,67,558,107,451,62,45,125,111,45,13,68,37,47,18,15,17,02726,"Atkinson town, Illinois",3,513,54,0,0,0,682,70,336,,,,71,558,173,16,38,60,10,0,0,0,20,44,47,50,41,20,47,27,10,11,17,60,14,21,11,6,91,41,56,35,31,12,23,"Atkinson town, Illinois",36,53,21,8,53,34,35,30,9,58,7,46,38,8,17,23
"Atlanta city, Illinois",2156,2084,0,51,0,3,0,255,193,130,8,0,0,55694,318,767,2120,3,876,0,12,67,60,38,154,79,107,36,323,1037,140,846,148,698,40,72,24,151,114,58,175,24,51,50,0,17,02752,"Atlanta city, Illinois",33,747,42,0,0,0,964,33,625,,,,146,846,286,92,78,55,40,60,4,12,77,24,63,101,58,86,54,32,56,27,25,28,30,17,11,7,115,128,38,54,10,15,8,"Atlanta city, Illinois",88,33,47,103,68,80,31,59,12,37,15,27,53,45,33,20
"Atwood village, Illinois",1126,1103,0,3,0,8,0,89,62,75,16,0,0,48750,185,725,1104,0,543,4,0,4,69,44,81,87,113,15,126,493,60,472,84,388,34,28,113,78,20,0,62,14,24,43,4,17,02882,"Atwood village, Illinois",4,391,21,0,0,0,444,7,420,,,,61,472,167,50,12,31,11,12,0,7,13,14,6,73,28,9,51,44,13,18,5,37,21,23,9,6,20,24,102,39,22,4,3,"Atwood village, Illinois",3,32,15,83,32,17,37,55,15,23,12,29,9,16,24,17
"Auburn city, Illinois",4701,4577,36,31,6,23,0,377,322,452,167,0,0,71537,220,921,4678,0,1824,0,0,319,285,53,284,208,162,90,423,2311,307,1683,212,1471,17,268,113,63,84,418,790,124,67,87,84,17,02921,"Auburn city, Illinois",119,1930,282,0,22,0,2356,22,1385,,,,267,1683,533,245,100,198,63,47,0,0,80,279,34,59,328,192,115,212,41,71,12,29,28,71,40,67,29,155,129,246,39,0,58,"Auburn city, Illinois",187,85,97,132,132,145,138,201,38,151,68,26,184,41,32,77
"Augusta village, Illinois",605,541,0,23,0,0,0,58,14,60,16,4,3,36921,79,525,594,6,322,0,2,20,40,25,34,27,30,29,115,303,43,275,68,207,70,49,13,10,7,7,28,14,4,15,5,17,02986,"Augusta village, Illinois",5,196,15,0,0,0,261,14,185,,,,66,275,56,18,17,23,50,9,0,3,7,25,2,0,10,23,20,27,9,18,3,6,15,2,4,12,38,6,11,0,12,10,0,"Augusta village, Illinois",9,9,6,11,22,16,13,53,7,13,2,2,18,10,10,24
"Aurora city, Illinois",199326,69517,20219,85136,180,18357,497,13786,8285,25287,12939,1607,1167,74659,20911,1274,145762,1287,68523,1148,587,12149,15374,7105,7474,4352,6697,1969,11668,98752,14106,65128,22732,42396,1483,6510,12048,14130,13442,6931,11866,3915,4166,7836,7949,17,03012,"Aurora city, Illinois",3319,74105,12308,258,218,3736,108540,6530,41844,,,,5524,65128,28400,7079,7562,9045,5499,3043,1691,971,4344,6151,6758,7927,7939,7109,7009,4943,1806,2029,1281,2111,1872,1307,727,788,6616,6729,8504,5092,2539,1130,1369,"Aurora city, Illinois",4101,6445,6451,8644,7646,7735,5921,5095,2181,2602,2271,1787,2972,1972,1441,1092
"Ava city, Illinois",541,505,2,10,12,0,0,78,49,11,9,0,0,47262,77,706,541,0,256,2,0,18,33,29,42,24,26,11,71,246,24,214,57,157,30,15,8,14,43,14,40,10,31,12,3,17,03103,"Ava city, Illinois",6,191,29,0,0,0,233,2,160,,,,16,214,68,19,32,9,6,1,6,4,12,19,13,32,7,5,19,17,2,4,2,14,2,9,3,9,48,27,5,10,5,0,2,"Ava city, Illinois",5,31,12,6,13,21,16,23,0,19,4,12,11,15,7,3
"Aviston village, Illinois",2173,2002,16,126,0,9,0,147,213,320,90,0,13,81198,63,843,2154,6,762,19,41,189,140,104,60,74,58,29,48,1033,168,739,157,582,92,145,194,28,86,54,133,57,22,170,68,17,03181,"Aviston village, Illinois",16,880,74,69,0,0,1189,11,528,,,,163,739,269,93,53,45,105,41,11,0,24,90,89,112,53,84,88,42,22,25,9,17,56,7,7,8,61,84,84,59,15,7,12,"Aviston village, Illinois",44,92,66,60,77,69,69,52,24,50,13,29,49,17,21,38
"Avon village, Illinois",690,678,0,0,0,0,0,89,39,11,10,3,0,35833,154,579,688,0,428,0,0,8,13,15,63,29,67,20,213,366,85,328,62,266,53,17,12,21,19,27,82,25,15,8,37,17,03207,"Avon village, Illinois",6,282,9,0,0,2,366,26,224,,,,37,328,104,21,10,5,65,4,8,4,0,12,13,25,20,55,30,8,15,17,3,9,7,12,13,10,32,23,2,13,7,0,0,"Avon village, Illinois",3,19,12,20,51,18,18,13,10,9,8,12,13,12,9,20
"Baileyville CDP, Illinois",126,119,0,0,0,0,0,11,8,0,9,0,0,52188,4,-666666666,126,0,44,0,4,0,0,0,0,21,0,0,19,69,0,44,0,44,0,0,31,15,0,0,8,0,0,0,0,17,03337,"Baileyville CDP, Illinois",0,46,8,0,0,0,54,0,31,,,,8,44,21,26,0,0,7,0,0,0,0,13,0,4,0,0,0,0,0,0,8,3,8,0,0,0,15,0,0,0,0,0,0,"Baileyville CDP, Illinois",0,14,0,8,0,0,0,0,0,3,8,0,9,0,0,0
"Baldwin village, Illinois",292,289,0,0,0,0,0,33,13,7,2,0,0,39904,46,805,292,0,146,0,0,1,11,6,28,14,32,14,40,135,19,101,21,80,1,2,26,28,5,10,24,6,3,3,7,17,03454,"Baldwin village, Illinois",0,104,8,0,0,0,125,5,75,,,,14,101,43,14,1,16,7,1,2,6,19,10,3,7,2,11,8,11,1,2,5,2,4,1,2,0,11,26,19,3,4,0,1,"Baldwin village, Illinois",3,3,8,3,17,2,12,17,0,5,3,2,5,7,0,6
"Banner village, Illinois",207,195,0,0,6,0,0,31,16,18,2,0,0,47188,23,615,207,0,108,1,3,4,6,9,8,24,11,17,25,107,12,101,15,86,12,0,21,23,11,1,7,2,4,1,4,17,03571,"Banner village, Illinois",7,72,21,0,0,0,98,1,70,,,,25,101,26,4,0,10,6,0,0,0,0,2,5,14,8,9,3,4,3,1,6,0,10,10,2,10,12,4,3,0,6,0,0,"Banner village, Illinois",0,0,4,9,10,13,2,2,4,4,0,4,14,1,6,2
"Bannockburn village, Illinois",1194,817,137,90,0,132,7,48,17,191,187,80,16,115833,6,1030,917,14,249,0,11,24,22,34,25,73,22,5,33,651,43,226,37,189,48,65,74,59,81,22,38,17,0,24,24,17,03610,"Bannockburn village, Illinois",10,322,11,0,0,16,587,29,480,,,,23,226,71,23,20,22,4,124,45,24,85,47,40,21,22,27,16,13,4,10,14,15,27,27,16,5,18,4,19,37,63,31,38,"Bannockburn village, Illinois",67,57,28,15,14,15,8,17,0,11,14,13,27,38,4,5
"Bardolph village, Illinois",277,277,0,0,0,0,0,13,3,26,5,1,0,21750,115,-666666666,273,3,150,0,0,7,5,1,37,6,18,19,57,156,2,112,16,96,5,0,21,51,8,3,6,0,1,0,0,17,03675,"Bardolph village, Illinois",1,79,16,0,0,0,114,5,130,,,,28,112,32,0,4,8,2,30,0,0,8,1,7,7,5,2,0,20,21,5,0,13,1,21,1,0,10,1,9,11,5,0,0,"Bardolph village, Illinois",4,8,4,14,10,4,0,8,5,13,0,1,11,1,2,0
"Barrington village, Illinois",10442,8576,166,544,0,915,0,762,289,2902,1509,509,60,112794,373,1408,9040,84,4193,36,90,428,321,425,833,985,296,147,632,4738,512,3988,1057,2931,157,228,331,518,167,409,576,157,160,560,556,17,03844,"Barrington village, Illinois",127,3148,106,0,6,538,4940,169,3000,,,,263,3988,1521,232,662,357,151,64,16,49,122,180,144,423,386,260,252,450,143,148,59,191,125,82,177,97,394,208,536,267,80,58,48,"Barrington village, Illinois",74,159,278,582,332,263,441,362,99,127,151,279,211,155,235,333
"Barrington Hills village, Illinois",4156,3597,11,93,0,435,0,228,194,1464,327,279,119,157414,343,2732,3130,37,1646,48,26,218,188,224,191,276,222,55,198,1994,381,1438,106,1332,7,10,116,219,149,80,197,23,96,206,354,17,03883,"Barrington Hills village, Illinois",112,1218,76,0,0,190,1905,45,1414,,,,163,1438,391,123,134,131,133,0,60,19,0,3,2,35,103,178,203,222,49,81,119,68,114,173,18,26,119,80,83,118,178,3,0,"Barrington Hills village, Illinois",38,48,84,45,140,200,149,208,66,96,115,40,143,152,30,27
"Barry city, Illinois",1698,1671,0,7,0,7,0,131,78,66,31,0,0,45139,281,494,1666,8,718,0,0,29,69,51,45,114,59,55,296,683,107,619,169,450,95,119,53,10,35,5,84,68,27,155,26,17,03948,"Barry city, Illinois",29,593,79,0,0,0,803,53,432,,,,89,619,224,97,52,37,3,28,4,0,4,50,84,30,41,88,19,28,16,18,19,20,26,2,9,18,49,54,174,27,2,0,34,"Barry city, Illinois",45,35,57,71,59,60,77,59,12,19,17,13,49,28,18,46
"Barstow CDP, Illinois",73,72,0,0,0,0,1,16,0,2,3,0,0,51667,7,-666666666,73,0,46,0,0,4,0,0,0,9,3,0,30,32,6,30,8,22,0,0,16,13,4,3,3,0,4,0,0,17,03987,"Barstow CDP, Illinois",0,40,3,0,0,0,53,7,8,,,,9,30,14,0,2,0,0,0,7,0,0,4,7,0,0,6,0,0,0,0,0,3,3,0,0,0,1,9,0,0,7,0,0,"Barstow CDP, Illinois",0,4,9,0,0,4,0,0,0,3,2,0,0,2,0,0
"Bartelso village, Illinois",789,780,0,7,0,2,0,36,98,99,61,0,2,82361,33,483,785,2,325,2,4,72,65,68,8,48,18,8,32,374,99,325,18,307,75,13,43,46,18,19,32,11,12,26,39,17,04000,"Bartelso village, Illinois",54,293,64,5,0,0,448,4,196,,,,20,325,81,11,17,28,34,2,1,5,10,4,27,29,8,67,32,13,13,45,0,6,4,2,16,0,36,28,20,8,8,3,0,"Bartelso village, Illinois",6,7,17,30,11,57,30,31,11,4,40,12,11,5,2,38
"Bartlett village, Illinois",40894,26677,989,5686,37,6838,5,3584,2115,9224,2871,526,169,109980,1709,1702,32484,162,13905,8,19,2524,5188,2171,2780,411,502,59,243,20662,3113,13515,2031,11484,182,719,1658,2267,2593,1497,3116,611,1509,2019,2229,17,04013,"Bartlett village, Illinois",908,16475,1109,19,26,1107,22249,660,10325,,,,1044,13515,5195,1238,1397,1373,1182,407,188,247,883,1072,1372,1366,1287,1425,1699,1496,646,757,410,483,901,342,214,316,1017,1316,1478,710,289,264,127,"Bartlett village, Illinois",740,791,1242,1312,1314,1472,1861,1605,504,841,741,736,613,477,242,501
"Bartonville village, Illinois",6174,5838,58,74,0,28,0,716,324,453,334,19,14,56515,361,866,6073,31,2762,3,0,172,74,91,322,422,839,330,509,3297,435,2512,392,2120,205,274,462,1026,728,117,230,0,6,95,68,17,04039,"Bartonville village, Illinois",64,2884,276,23,0,0,3448,100,1493,,,,244,2512,774,179,291,384,172,53,68,0,86,161,148,168,361,176,259,240,57,99,49,111,164,57,0,19,100,76,104,166,113,48,0,"Bartonville village, Illinois",69,132,182,135,338,227,250,80,180,133,73,122,161,92,48,43
"Basco village, Illinois",85,73,5,5,0,0,0,4,10,8,0,0,0,40313,14,-666666666,85,0,51,0,0,0,0,2,0,0,4,0,45,45,15,45,3,42,6,2,4,2,8,0,12,0,0,5,2,17,04052,"Basco village, Illinois",2,36,2,0,0,0,50,5,25,,,,1,45,6,3,0,2,0,0,0,0,0,0,0,0,2,7,8,6,7,2,2,4,0,2,0,0,0,4,1,3,0,0,0,"Basco village, Illinois",0,0,2,9,0,1,5,7,2,2,0,0,1,2,1,0
"Batavia city, Illinois",26479,22221,812,2038,0,540,0,2638,1410,6032,2739,311,575,97995,1553,1168,24787,203,10056,209,30,1375,2294,1620,1253,814,558,240,1663,12975,1805,9728,2214,7514,377,1248,1502,1493,1343,655,1495,262,617,1245,1059,17,04078,"Batavia city, Illinois",397,10081,934,12,11,336,14430,490,5929,,,,1187,9728,3639,923,966,1029,557,223,102,117,477,655,930,980,778,1040,765,1070,213,360,263,346,582,265,159,194,1200,664,1019,595,163,93,22,"Batavia city, Illinois",373,706,936,928,831,973,1026,915,318,556,244,371,374,497,380,301
"Batchtown village, Illinois",202,200,0,0,0,0,0,6,15,14,3,1,1,67917,5,-666666666,202,0,96,4,0,10,6,2,18,3,4,2,47,121,16,69,0,69,0,0,0,6,3,5,0,0,0,5,37,17,04117,"Batchtown village, Illinois",2,56,2,0,0,0,63,0,75,,,,18,69,26,5,13,30,5,0,0,0,0,0,5,1,14,13,3,5,2,1,1,0,9,3,8,3,4,7,3,4,0,0,0,"Batchtown village, Illinois",2,2,3,6,11,1,0,9,4,4,0,0,6,3,6,6
"Bath village, Illinois",300,291,0,0,0,0,0,22,21,4,0,0,0,42813,28,606,294,0,166,0,13,24,11,13,29,18,5,8,45,120,11,150,42,108,0,17,4,48,7,4,3,13,0,13,8,17,04156,"Bath village, Illinois",0,96,12,0,0,0,139,6,136,,,,13,150,26,11,0,10,2,0,2,0,5,6,14,3,15,6,5,14,3,2,6,10,2,0,4,0,2,0,2,15,2,0,3,"Bath village, Illinois",2,18,0,15,7,22,2,10,17,6,13,21,14,5,2,2
"Baylis village, Illinois",126,126,0,0,0,0,0,8,11,2,0,0,0,53750,8,475,125,0,94,0,0,8,4,5,6,0,4,14,53,66,22,57,10,47,0,0,0,16,12,3,4,5,0,14,8,17,04247,"Baylis village, Illinois",0,55,7,0,0,0,62,0,39,,,,6,57,11,0,7,10,0,0,4,0,0,0,6,0,0,2,20,0,3,0,0,6,6,2,0,0,8,0,0,1,0,0,0,"Baylis village, Illinois",0,3,9,0,1,3,5,18,0,0,5,0,0,0,5,2
"Bay View Gardens village, Illinois",487,455,0,28,2,0,0,23,50,21,0,0,2,36080,96,706,468,0,213,3,19,19,26,12,32,18,53,16,15,255,23,203,59,144,17,9,17,24,42,16,17,1,11,32,5,17,04273,"Bay View Gardens village, Illinois",6,186,11,0,0,0,217,12,180,,,,18,203,61,21,22,25,1,5,2,0,10,15,18,28,8,11,12,22,9,7,9,6,15,5,4,0,4,5,13,3,3,4,8,"Bay View Gardens village, Illinois",8,11,45,8,12,8,17,19,24,9,3,11,1,9,4,3
"Beach Park village, Illinois",13433,5909,1196,5273,0,559,0,1375,821,919,520,27,18,71250,1274,1179,10901,2,4662,20,18,1455,557,807,654,393,351,217,190,6986,869,4427,717,3710,139,234,714,737,886,589,905,135,191,766,485,17,04303,"Beach Park village, Illinois",93,4988,702,17,0,78,6547,466,3294,,,,809,4427,1812,568,800,611,356,99,37,62,213,431,330,456,284,381,516,414,196,332,97,235,183,280,127,24,447,584,438,211,130,9,18,"Beach Park village, Illinois",263,633,422,289,386,461,250,450,199,361,156,137,327,85,55,90
"Beardstown city, Illinois",5504,2791,448,2093,0,0,71,384,206,226,117,8,6,43425,1217,617,4037,13,2426,0,45,201,210,151,226,252,454,209,678,2662,403,2155,699,1456,210,924,426,132,172,80,110,60,33,102,47,17,04351,"Beardstown city, Illinois",34,1884,356,0,0,0,2697,254,1498,,,,212,2155,816,186,278,161,114,48,46,36,163,216,226,172,134,190,213,156,35,36,53,47,59,60,30,11,250,224,148,122,66,19,6,"Beardstown city, Illinois",164,214,227,174,171,133,172,185,82,49,44,86,60,89,47,102
"Beason CDP, Illinois",201,199,2,0,0,0,0,0,14,12,0,0,0,39583,0,-666666666,201,0,116,0,0,5,0,5,0,0,14,36,56,143,14,80,20,60,0,0,0,47,20,0,21,6,0,0,0,17,04403,"Beason CDP, Illinois",0,94,0,0,0,0,118,0,16,,,,0,80,38,0,0,26,32,0,0,0,0,20,4,0,24,14,0,16,0,5,0,0,0,2,0,0,9,0,0,0,0,0,0,"Beason CDP, Illinois",0,0,0,12,21,0,6,5,5,0,0,0,0,0,0,0
"Beaverville village, Illinois",370,338,0,30,2,0,0,25,26,10,1,0,2,49464,58,720,367,0,189,0,2,15,7,5,21,9,20,10,100,183,22,173,45,128,5,4,5,9,21,18,13,33,20,11,11,17,04507,"Beaverville village, Illinois",0,140,7,0,0,0,164,5,133,,,,27,173,38,8,20,14,5,2,0,2,7,9,4,9,11,9,13,16,9,9,5,7,8,13,2,1,18,4,7,0,2,0,0,"Beaverville village, Illinois",11,9,10,9,8,8,13,8,8,7,3,7,32,12,3,8
"Beckemeyer village, Illinois",1054,927,10,113,0,4,0,144,74,62,35,2,0,51719,81,891,999,55,472,6,0,29,42,42,88,25,46,45,149,519,86,448,78,370,54,63,100,79,48,16,23,5,5,15,21,17,04533,"Beckemeyer village, Illinois",2,399,21,0,0,0,491,47,367,,,,71,448,109,25,29,21,4,0,0,0,2,63,42,23,24,45,41,27,0,35,10,50,30,30,6,12,32,55,34,0,9,3,9,"Beckemeyer village, Illinois",6,39,9,70,45,4,39,36,21,21,7,11,24,28,20,13
"Bedford Park village, Illinois",669,323,28,295,0,0,0,51,33,111,32,8,3,99375,25,1341,574,0,213,18,0,0,0,2,11,16,74,19,73,386,48,211,30,181,17,22,44,36,37,11,3,1,6,61,52,17,04572,"Bedford Park village, Illinois",17,232,25,6,0,8,339,11,178,,,,42,211,77,54,35,10,25,16,0,5,19,8,40,21,12,31,17,14,24,12,5,8,13,4,9,4,2,8,24,19,0,10,0,"Bedford Park village, Illinois",2,7,45,3,24,34,8,20,5,19,9,5,19,7,5,8
"Beecher village, Illinois",4443,3998,20,399,4,0,0,495,320,432,183,15,0,86576,135,920,4418,0,1819,14,17,628,178,134,67,227,263,82,209,2046,395,1654,360,1294,76,223,161,65,408,116,221,100,98,237,162,17,04585,"Beecher village, Illinois",104,1556,292,0,0,91,2116,45,1387,,,,247,1654,559,111,163,143,78,73,14,0,60,123,102,129,158,238,161,150,41,68,47,75,64,37,27,39,132,163,137,158,55,0,57,"Beecher village, Illinois",67,74,45,200,169,147,263,47,102,161,16,58,65,70,32,124
"Beecher City village, Illinois",373,372,0,1,0,0,0,33,27,24,2,0,0,42679,77,556,373,0,201,9,1,13,13,10,12,19,13,18,93,194,43,171,47,124,19,12,17,21,52,26,20,0,0,7,5,17,04598,"Beecher City village, Illinois",10,172,7,0,0,0,195,3,109,,,,35,171,48,15,9,20,7,5,9,0,3,10,8,8,9,30,13,16,5,5,2,4,4,6,1,5,8,3,9,9,14,2,3,"Beecher City village, Illinois",5,10,4,9,29,14,8,9,3,6,11,2,1,8,8,4
"Belgium village, Illinois",383,376,0,2,0,4,0,24,31,12,7,0,0,41667,71,606,379,0,177,0,0,4,8,21,42,17,20,24,41,193,15,158,53,105,10,22,29,43,27,6,14,0,5,12,3,17,04689,"Belgium village, Illinois",0,153,12,0,0,0,186,14,132,,,,26,158,53,10,15,14,12,7,0,7,6,12,3,11,18,14,1,26,9,5,10,2,2,9,0,0,8,8,10,6,5,2,0,"Belgium village, Illinois",3,20,13,5,11,12,16,23,7,6,10,1,16,3,0,5
"Belknap village, Illinois",142,135,0,1,0,0,0,14,9,24,0,0,0,42500,17,-666666666,130,12,93,0,2,8,17,6,28,5,12,12,3,43,12,68,19,49,0,1,6,14,4,0,14,0,0,29,0,17,04715,"Belknap village, Illinois",0,67,0,0,0,0,74,1,50,,,,2,68,8,0,2,2,3,0,0,0,0,0,6,0,3,0,12,5,5,0,0,0,2,3,0,0,5,9,0,4,5,0,0,"Belknap village, Illinois",11,11,1,0,8,0,10,18,1,3,0,7,3,0,0,3
"Belle Prairie City town, Illinois",75,75,0,0,0,0,0,11,4,4,3,0,0,-666666666,16,-666666666,75,0,33,0,0,1,3,3,2,6,3,7,8,29,0,33,0,33,0,0,0,16,7,0,6,0,0,4,0,17,04793,"Belle Prairie City town, Illinois",0,30,3,0,0,0,33,0,24,,,,0,33,19,1,0,3,3,0,0,0,0,0,0,3,7,0,0,1,2,0,0,4,0,5,0,0,6,0,8,0,0,0,0,"Belle Prairie City town, Illinois",6,0,0,1,9,3,0,1,3,3,0,3,3,0,0,0
"Belle Rive village, Illinois",378,329,0,44,1,0,0,48,32,20,10,0,2,45192,41,429,341,36,202,0,8,15,32,33,36,5,44,13,16,204,16,194,55,139,8,7,45,34,51,8,11,0,2,3,0,17,04806,"Belle Rive village, Illinois",0,158,9,0,0,0,190,13,133,,,,37,194,69,5,10,4,6,10,4,0,18,19,3,43,6,4,12,20,1,5,1,4,5,11,6,7,18,4,9,4,4,0,0,"Belle Rive village, Illinois",8,8,13,9,2,6,12,5,10,19,9,2,8,13,2,9
"Belleville city, Illinois",41256,27805,9773,1281,60,178,25,5157,3361,4672,2416,253,230,52843,4750,817,39758,458,20761,162,71,1809,1349,2346,2031,2660,3617,1823,4893,18849,2733,17824,6773,11051,567,1869,2723,2391,2780,1690,2515,820,1484,1715,859,17,04845,"Belleville city, Illinois",341,17301,1212,201,145,125,22193,1027,10784,,,,3687,17824,4847,1409,1095,1176,776,490,235,387,974,1248,1419,1601,1513,1343,1471,1177,505,566,459,563,556,345,207,365,1381,1314,1369,719,302,105,333,"Belleville city, Illinois",939,1835,1453,1223,1456,1383,1361,1273,592,1108,246,509,854,499,488,634
"Bellevue village, Illinois",2336,2225,35,12,6,14,0,282,163,87,44,10,0,50550,337,639,2311,7,986,10,27,295,70,32,112,105,100,119,116,1134,328,924,229,695,34,22,125,286,233,90,48,0,0,40,110,17,04871,"Bellevue village, Illinois",15,768,130,5,0,0,1122,53,822,,,,137,924,299,63,72,48,63,32,18,37,50,40,36,33,27,244,84,60,65,36,14,15,33,26,25,13,7,33,51,135,62,47,0,"Bellevue village, Illinois",30,70,41,68,70,156,65,42,30,84,20,30,51,38,54,18
"Bellflower village, Illinois",430,428,0,0,2,0,0,37,36,34,7,2,0,57083,51,738,421,7,169,0,0,5,11,5,17,13,33,2,83,211,28,156,22,134,2,3,17,23,21,11,44,11,12,27,2,17,04897,"Bellflower village, Illinois",2,153,20,0,0,0,208,14,123,,,,29,156,55,13,13,20,10,5,1,0,6,7,12,13,12,16,12,6,10,14,4,14,6,5,4,8,12,18,20,11,13,0,0,"Bellflower village, Illinois",4,11,19,2,15,15,11,12,21,9,4,2,11,5,4,0
"Bellmont village, Illinois",238,227,0,10,0,0,0,22,38,5,1,0,0,42083,62,669,238,0,104,0,1,13,14,12,13,9,13,4,25,100,7,95,21,74,4,0,13,25,2,1,13,2,14,8,2,17,04936,"Bellmont village, Illinois",6,74,16,0,0,0,101,7,77,,,,21,95,32,1,2,15,4,2,0,0,0,9,1,7,13,1,6,16,3,0,0,2,14,4,0,0,5,23,13,6,1,2,0,"Bellmont village, Illinois",5,4,10,9,5,1,8,10,2,6,2,6,6,13,0,1
"Niota CDP, Illinois",85,85,0,0,0,0,0,13,17,0,0,0,0,48750,4,-666666666,85,0,35,0,0,0,0,0,10,4,4,0,17,50,0,35,0,35,0,4,5,9,0,0,0,0,0,0,0,17,53078,"Niota CDP, Illinois",0,18,0,0,0,0,22,0,39,,,,0,35,22,0,5,0,14,0,0,0,0,0,0,5,0,0,0,17,0,4,0,5,0,0,0,0,0,5,0,0,0,0,0,"Niota CDP, Illinois",0,0,0,5,0,0,13,0,0,4,0,4,0,0,0,4
"Noble village, Illinois",647,615,7,11,0,0,0,83,71,41,10,0,0,40500,94,511,640,7,322,4,11,17,20,32,42,29,31,54,82,329,39,288,60,228,16,39,64,95,20,14,16,0,0,4,2,17,53143,"Noble village, Illinois",3,255,18,0,0,0,299,18,251,,,,42,288,53,12,37,16,7,9,0,2,6,36,24,25,14,19,20,26,0,20,10,11,16,9,10,0,13,8,6,5,0,11,0,"Noble village, Illinois",7,23,37,18,7,22,34,19,1,25,8,9,17,15,10,23
"Nokomis city, Illinois",2213,2165,4,4,0,21,0,187,71,143,66,10,3,52500,244,671,2181,1,1038,6,0,42,53,35,109,128,171,116,378,997,79,906,237,669,191,230,53,45,58,65,52,17,24,108,96,17,53169,"Nokomis city, Illinois",19,887,25,0,0,0,1089,19,664,,,,144,906,253,78,57,60,52,19,22,4,31,82,49,85,33,47,35,72,37,39,49,49,28,12,44,32,47,132,68,52,17,8,0,"Nokomis city, Illinois",63,81,144,81,49,55,7,84,48,38,17,24,34,41,49,58
"Nora village, Illinois",189,182,0,1,6,0,0,13,8,15,0,0,0,44263,12,1076,189,0,115,0,4,2,15,33,3,14,6,11,27,122,17,89,50,39,14,68,0,4,3,5,1,2,2,0,0,17,53195,"Nora village, Illinois",0,50,48,0,0,0,114,6,48,,,,10,89,23,2,0,3,16,3,0,1,48,6,2,1,4,10,7,0,3,1,6,1,3,5,0,0,14,0,8,0,3,0,2,"Nora village, Illinois",2,6,0,3,4,6,1,7,0,7,0,0,4,0,0,0
"Normal town, Illinois",54699,42281,6270,2852,11,2093,0,3741,2487,9167,3396,672,854,58381,12134,852,51064,486,21465,957,1004,3132,4584,2528,4649,2131,1261,394,825,25514,2481,19520,8427,11093,1024,4967,6629,6646,2459,618,904,381,435,766,520,17,53234,"Normal town, Illinois",265,21083,1666,463,8,0,28917,1121,17560,,,,1972,19520,4960,1096,1116,1610,796,2172,1504,2025,2224,1831,1494,1377,1121,1388,1105,1059,590,685,416,403,603,331,414,301,1307,1372,1091,834,3011,3099,2319,"Normal town, Illinois",1630,1922,1211,1571,1429,1166,1293,1011,635,660,389,533,671,491,591,802
"Norridge village, Illinois",14465,11941,153,1364,7,705,15,1416,1073,1782,717,172,84,78300,545,1464,9245,132,5901,9,0,381,512,298,509,1396,2219,165,412,6699,932,5530,927,4603,67,296,443,591,695,248,1416,282,337,919,648,17,53377,"Norridge village, Illinois",120,5233,311,129,154,47,6733,333,5394,,,,578,5530,1407,377,301,389,256,191,33,65,176,340,360,542,296,497,447,481,154,424,68,220,343,235,279,358,312,507,310,225,78,138,93,"Norridge village, Illinois",217,366,436,393,438,526,338,566,172,375,254,269,392,394,297,537
"Norris village, Illinois",255,253,0,0,0,2,0,22,8,4,4,3,0,51875,25,672,255,0,96,0,0,2,1,5,4,5,9,22,48,105,4,82,15,67,5,23,48,30,0,0,3,1,1,4,0,17,53390,"Norris village, Illinois",2,115,2,0,0,0,139,22,53,,,,10,82,33,2,6,3,21,1,0,0,0,4,10,16,9,2,2,9,11,1,4,1,1,0,0,2,7,7,19,39,2,0,0,"Norris village, Illinois",0,15,3,18,6,0,3,2,6,3,8,1,1,3,1,6
"Norris City village, Illinois",1325,1318,0,0,0,0,0,186,101,69,9,0,0,33250,486,281,1305,14,627,0,0,18,43,37,129,118,102,76,104,648,105,557,162,395,40,75,16,73,88,9,32,0,19,32,55,17,53403,"Norris City village, Illinois",7,410,31,0,0,0,543,64,351,,,,58,557,224,43,98,75,48,4,0,4,12,30,7,41,27,10,95,56,3,50,15,9,3,7,6,5,31,53,97,15,4,0,0,"Norris City village, Illinois",11,81,17,67,32,45,28,59,10,28,4,14,14,17,22,28
"North Aurora village, Illinois",18089,13080,1266,2673,24,811,0,2194,1128,3074,1744,173,172,90315,845,1271,15628,100,6977,333,96,2467,1591,560,482,851,317,36,244,8893,1550,6788,1668,5120,23,586,607,1571,1351,567,1360,371,325,895,841,17,53442,"North Aurora village, Illinois",307,7916,679,0,0,127,10281,510,4280,,,,637,6788,2150,353,685,685,405,116,36,81,190,630,587,608,663,1015,535,707,381,356,231,217,159,184,79,31,545,600,510,313,221,63,94,"North Aurora village, Illinois",291,567,658,526,857,670,640,697,241,375,258,282,283,167,180,117
"North Barrington village, Illinois",2789,2400,68,86,0,156,0,155,40,891,400,173,63,197188,134,-666666666,2477,27,1070,0,0,183,238,196,137,100,126,58,32,1416,226,1012,23,989,31,29,94,49,55,58,111,76,65,158,85,17,53455,"North Barrington village, Illinois",61,694,72,0,10,73,1225,37,1004,,,,137,1012,344,56,94,90,93,18,9,0,34,52,33,59,72,79,147,184,47,42,63,38,130,45,12,19,74,56,162,60,37,8,15,"North Barrington village, Illinois",7,23,19,52,80,148,117,119,55,90,42,43,91,40,24,11
"Northbrook village, Illinois",33216,25507,669,1139,19,5518,0,2132,964,8520,5318,2506,950,128883,1069,1949,26296,236,14106,572,374,1472,1029,1590,2914,3242,2190,481,242,15390,2075,12749,1681,11068,396,1382,1883,1616,1373,683,1393,447,603,1392,1705,17,53481,"Northbrook village, Illinois",237,10186,714,56,190,1524,15946,336,11359,,,,1222,12749,3634,840,700,814,697,281,197,70,323,429,937,798,894,1090,1022,1452,518,756,509,633,738,598,661,773,852,1332,968,699,359,109,86,"Northbrook village, Illinois",387,486,533,779,981,1117,1634,1482,429,664,543,730,911,967,661,777
"North Chicago city, Illinois",29967,8840,7630,10398,113,1733,92,2443,958,2071,700,286,94,47213,3990,1250,24277,345,8605,25,248,722,1577,742,1164,1259,1095,255,1518,9433,972,7694,5015,2679,1039,2563,3360,2350,1543,644,1030,234,232,878,406,17,53559,"North Chicago city, Illinois",141,7871,1754,201,0,101,19285,823,6026,,,,2895,7694,2588,780,757,666,433,3251,1419,778,2092,2583,1068,650,570,460,516,618,106,323,92,298,230,136,94,75,607,889,716,260,900,678,290,"North Chicago city, Illinois",1431,1231,962,544,519,473,319,585,254,243,215,173,222,204,148,109
"North City village, Illinois",683,674,2,2,0,0,0,107,61,39,8,5,0,57500,84,682,681,0,347,6,1,19,19,51,93,4,30,24,100,366,29,312,35,277,37,18,6,43,24,11,53,5,24,21,2,17,53585,"North City village, Illinois",0,206,11,0,0,0,315,19,301,,,,92,312,46,3,2,13,18,5,12,15,8,43,8,7,13,6,23,41,5,42,16,10,20,8,14,34,32,2,0,5,6,2,4,"North City village, Illinois",7,3,7,5,6,27,55,30,22,22,31,15,14,9,10,3
"Northfield village, Illinois",5678,4730,26,304,0,529,0,611,108,1995,885,354,30,143661,471,2364,4888,29,2617,2,45,131,274,269,398,347,741,241,169,2616,372,2407,221,2186,47,193,270,136,230,117,367,18,120,228,331,17,53663,"Northfield village, Illinois",57,1489,188,18,15,283,2632,9,2115,,,,203,2407,557,97,181,119,56,82,14,0,28,68,144,256,88,194,178,268,94,111,0,150,300,116,42,30,144,210,154,108,27,0,23,"Northfield village, Illinois",77,27,74,160,111,175,266,237,115,183,129,185,245,135,129,148
"North Henderson village, Illinois",239,239,0,0,0,0,0,46,15,12,9,0,3,74107,3,544,239,0,100,0,0,0,1,1,17,6,14,0,61,145,26,85,7,78,0,0,7,13,5,55,18,1,0,10,4,17,53793,"North Henderson village, Illinois",0,113,0,0,0,0,120,2,68,,,,10,85,40,7,4,19,0,22,0,0,5,13,13,7,10,15,11,4,2,0,1,3,1,5,2,1,14,2,5,2,0,3,0,"North Henderson village, Illinois",0,5,14,11,15,2,5,6,0,0,1,3,2,1,3,0
"Northlake city, Illinois",12235,3770,395,7621,0,336,0,1102,716,926,145,87,6,60495,1857,978,8533,129,4416,53,0,145,118,167,353,924,1642,786,228,5860,758,4188,1487,2701,57,335,620,801,728,458,996,304,247,393,358,17,53871,"Northlake city, Illinois",136,4641,543,70,24,10,5951,310,3639,,,,501,4188,1413,341,543,506,269,261,64,24,234,314,257,395,539,334,424,396,110,164,121,141,197,76,124,115,213,282,499,338,117,127,99,"Northlake city, Illinois",175,414,412,520,395,492,415,425,129,194,158,157,337,104,75,209
"North Pekin village, Illinois",1680,1648,19,7,0,0,0,146,131,170,15,4,3,64866,264,939,1672,3,763,0,8,123,21,2,94,80,161,222,52,859,71,731,125,606,23,28,232,182,211,15,13,0,5,56,8,17,54092,"North Pekin village, Illinois",8,718,50,0,0,0,966,80,435,,,,113,731,194,22,50,70,44,20,0,11,10,69,20,87,94,36,35,103,26,34,14,48,31,18,12,9,17,19,81,34,11,3,0,"North Pekin village, Illinois",17,35,16,75,87,70,60,96,19,47,26,14,31,25,24,10
"North Riverside village, Illinois",6460,4172,795,1311,0,96,0,791,338,869,402,87,25,55879,375,1001,5809,86,2788,0,0,0,144,25,148,299,1527,364,281,3307,340,2626,901,1725,151,245,391,334,235,132,283,9,180,273,199,17,54144,"North Riverside village, Illinois",213,2073,371,26,47,51,3031,174,2274,,,,432,2626,723,44,226,231,95,181,8,124,211,176,229,369,71,187,153,351,11,126,107,87,82,108,53,102,194,212,204,112,40,0,66,"North Riverside village, Illinois",22,133,234,200,202,136,231,255,81,145,35,66,175,98,70,217
"North Utica village, Illinois",1136,1013,0,38,0,10,0,114,113,134,52,23,7,87946,30,1007,1099,6,542,8,10,113,114,23,45,25,46,25,133,536,94,449,74,375,28,36,129,97,47,32,21,25,26,17,53,17,54222,"North Utica village, Illinois",18,473,33,0,0,0,559,6,325,,,,74,449,134,25,49,26,22,15,3,2,6,19,6,28,53,72,22,21,28,38,18,21,36,19,13,3,40,36,43,37,0,0,0,"North Utica village, Illinois",5,15,15,50,59,21,48,64,32,37,19,10,25,20,12,3
"Norwood village, Illinois",470,374,11,0,0,0,0,94,25,16,3,2,0,63500,24,950,467,3,209,0,0,0,5,7,33,13,100,40,11,246,25,188,37,151,2,3,10,64,51,15,21,0,9,30,3,17,54404,"Norwood village, Illinois",9,195,19,3,0,0,262,3,97,,,,10,188,43,27,4,25,15,2,3,0,4,9,19,23,5,15,10,51,1,3,1,7,8,6,8,0,3,6,31,17,3,0,2,"Norwood village, Illinois",10,10,6,19,5,24,19,13,7,6,9,6,5,11,1,11
"Oak Brook village, Illinois",8085,4955,146,377,0,2395,0,640,327,2136,658,955,238,140743,332,-666666666,5864,60,3297,94,52,168,156,588,1102,640,380,59,58,3725,307,3029,111,2918,44,163,232,381,328,125,289,106,141,211,309,17,54534,"Oak Brook village, Illinois",30,2141,133,0,17,55,3189,306,3525,,,,340,3029,799,127,221,175,165,24,11,38,214,87,89,136,289,149,158,504,58,100,162,114,387,230,171,128,233,238,336,74,42,122,0,"Oak Brook village, Illinois",27,111,75,197,303,147,242,284,60,170,170,199,347,346,273,352
"Oakbrook Terrace city, Illinois",2909,1795,324,309,0,433,0,323,74,799,253,81,40,61563,485,1656,2359,0,1489,39,15,178,175,45,578,99,276,84,0,1466,89,1346,835,511,23,98,184,104,90,45,175,55,113,89,97,17,54560,"Oakbrook Terrace city, Illinois",41,995,85,0,0,34,1511,92,1006,,,,73,1346,289,114,37,45,18,19,83,10,66,267,148,133,73,53,36,99,12,76,16,19,47,46,33,16,91,56,20,35,0,9,0,"Oakbrook Terrace city, Illinois",112,137,104,141,32,97,96,64,39,67,105,13,121,65,26,13
"Oakdale village, Illinois",291,277,0,12,0,0,0,46,18,15,6,1,2,80893,12,-666666666,283,7,114,0,1,18,11,7,20,4,6,6,41,137,19,103,10,93,7,6,14,19,17,14,5,1,0,16,3,17,54586,"Oakdale village, Illinois",31,96,35,0,0,0,160,27,79,,,,24,103,43,8,6,3,8,6,2,0,10,3,6,4,22,11,8,13,0,9,0,2,3,3,7,3,9,1,0,51,9,0,0,"Oakdale village, Illinois",10,3,7,12,3,4,7,5,5,17,5,0,2,2,2,0
"Oakford village, Illinois",193,193,0,0,0,0,0,10,26,6,5,0,0,57250,14,717,193,0,113,0,4,7,9,9,9,7,21,15,32,86,14,93,10,83,1,4,4,15,9,1,0,0,15,29,2,17,54625,"Oakford village, Illinois",3,80,3,0,0,0,109,20,57,,,,12,93,27,2,1,10,3,5,0,1,1,7,8,6,5,8,6,7,0,0,1,2,3,4,6,0,4,2,5,8,0,0,1,"Oakford village, Illinois",1,7,3,7,6,5,17,7,0,3,3,7,5,3,2,11
"Oak Forest city, Illinois",27403,19846,1729,3992,9,1382,0,3121,1839,3984,1442,297,81,78865,1252,1095,23932,447,10354,0,21,810,1665,1374,2485,2513,948,229,309,13736,2133,10102,1827,8275,253,821,938,1525,2505,613,2231,383,791,1490,1606,17,54638,"Oak Forest city, Illinois",496,11176,942,149,125,820,15641,642,6551,,,,1054,10102,3028,556,733,1416,413,321,161,354,475,870,757,796,734,1059,1074,1222,316,584,294,329,743,262,204,71,502,895,806,527,269,119,177,"Oak Forest city, Illinois",517,827,733,779,885,1042,1060,1119,383,427,356,507,810,566,163,190
"Oak Grove village, Illinois",427,411,0,7,9,0,0,30,16,16,2,3,6,29167,136,775,417,6,248,9,0,18,23,14,103,33,28,12,8,213,25,206,16,190,0,5,23,41,14,18,21,27,0,3,20,17,54703,"Oak Grove village, Illinois",4,162,12,0,0,0,192,12,114,,,,17,206,64,18,30,23,0,0,0,5,3,21,3,12,3,13,12,16,6,27,0,6,3,6,6,0,11,28,10,6,0,0,0,"Oak Grove village, Illinois",5,31,6,5,12,13,8,28,2,2,0,9,14,7,14,3
"Oakland city, Illinois",1062,1051,0,7,0,0,0,135,59,73,24,8,4,41806,162,463,1026,32,569,0,5,47,62,51,133,46,63,13,149,481,45,494,131,363,92,47,12,10,105,13,64,27,17,24,43,17,54781,"Oakland city, Illinois",0,390,29,0,0,0,517,29,292,,,,78,494,125,26,45,20,7,2,4,6,4,22,39,27,14,20,25,80,15,15,42,13,13,25,10,7,40,41,35,51,11,23,0,"Oakland city, Illinois",36,24,13,35,19,42,13,51,28,15,8,20,14,18,13,31
"Oak Lawn village, Illinois",55432,37003,3847,11074,47,2217,0,6115,3776,8912,3267,734,301,69352,5535,1115,44451,637,22745,57,120,910,1542,2535,4718,5717,4784,1646,716,27023,3272,21154,4190,16964,336,1815,2235,2556,1888,1325,3195,463,1563,4204,3177,17,54820,"Oak Lawn village, Illinois",998,19221,1946,434,447,1091,27044,1811,17190,,,,2164,21154,6023,1645,1744,2005,1050,533,427,228,716,1673,1839,2174,1524,1460,1851,2141,702,1163,765,870,1141,480,635,457,1837,1603,1519,608,504,119,314,"Oak Lawn village, Illinois",1054,1694,1966,1648,1490,1473,2092,2212,1034,1149,1208,898,1200,999,816,772
"Oak Park village, Illinois",52102,32010,9422,4937,48,2564,19,3564,1810,11743,9143,3098,1876,96945,3633,1213,46787,560,23155,522,53,929,545,493,1682,2321,1581,1164,13865,24156,3542,21701,8646,13055,477,1102,2105,1616,2286,1083,3910,1220,1940,5132,2553,17,54885,"Oak Park village, Illinois",629,14390,1517,739,5086,759,29252,1452,12128,,,,1814,21701,6600,1536,1835,1772,1126,424,231,261,562,1367,1586,2014,1764,2002,1557,1423,783,768,592,703,751,628,310,350,1511,1576,1937,1098,491,99,171,"Oak Park village, Illinois",945,1543,1622,1934,2179,1996,2158,1682,914,1029,803,843,1248,821,628,529
"Oak Run CDP, Illinois",468,447,0,20,0,0,0,62,54,91,34,9,0,86250,38,-666666666,461,0,621,26,2,140,317,55,69,8,4,0,0,247,45,222,2,220,4,8,4,28,29,23,27,0,0,9,26,17,54924,"Oak Run CDP, Illinois",0,129,29,0,0,0,171,3,263,,,,43,222,33,0,0,9,19,13,0,0,4,3,0,5,5,26,19,12,5,13,15,34,26,15,19,5,0,0,20,0,4,1,0,"Oak Run CDP, Illinois",9,3,3,4,5,7,18,26,16,16,23,5,34,10,15,2
"Oakwood village, Illinois",1514,1467,0,39,0,0,0,115,118,68,43,3,0,45602,357,589,1504,5,633,6,0,23,64,80,86,158,31,20,165,710,80,581,117,464,27,26,62,143,111,26,137,14,33,26,0,17,55002,"Oakwood village, Illinois",6,559,31,0,0,0,694,22,426,,,,81,581,209,100,47,76,18,2,31,2,24,48,48,34,24,66,14,33,10,3,15,32,20,52,11,0,38,57,57,46,6,9,2,"Oakwood village, Illinois",31,74,72,28,40,65,39,30,3,36,56,28,23,42,17,5
"Oakwood Hills village, Illinois",2543,1961,4,485,0,39,0,292,243,391,177,22,11,104375,196,1303,2244,25,908,8,10,106,131,184,191,100,169,9,0,1312,151,900,101,799,3,113,184,97,231,82,183,28,45,199,113,17,55041,"Oakwood Hills village, Illinois",35,1194,69,0,0,22,1541,94,525,,,,105,900,290,86,60,95,53,7,5,9,33,92,84,123,115,94,57,119,35,106,21,32,55,15,3,13,61,30,89,68,46,12,8,"Oakwood Hills village, Illinois",37,55,78,132,52,92,83,127,48,74,30,30,37,27,6,9
"Oblong village, Illinois",1520,1442,13,15,0,0,0,242,176,84,22,3,5,47560,292,470,1514,0,860,6,10,28,61,55,124,127,123,109,217,722,66,766,290,476,104,99,137,181,79,14,3,0,9,24,26,17,55106,"Oblong village, Illinois",13,637,25,0,0,0,758,60,462,,,,84,766,281,72,73,38,7,16,0,1,16,74,83,35,62,44,22,26,29,9,9,31,29,10,19,25,52,31,30,13,37,24,8,"Oblong village, Illinois",20,112,59,31,42,36,28,41,25,33,11,12,42,29,19,55
"Oconee village, Illinois",137,132,0,3,0,0,0,23,8,12,2,0,0,59167,2,669,135,0,71,0,3,3,4,6,16,9,4,2,24,66,11,66,7,59,7,5,6,4,12,7,7,9,1,8,8,17,55132,"Oconee village, Illinois",2,66,7,0,0,0,82,5,35,,,,8,66,14,2,3,1,0,0,0,1,1,6,2,8,5,2,9,1,2,3,5,5,5,2,0,3,5,6,2,2,1,0,2,"Oconee village, Illinois",1,6,4,2,6,2,3,4,2,4,1,2,6,0,2,8
"Odell village, Illinois",869,856,0,7,0,0,0,88,33,47,8,0,0,44792,154,783,859,2,370,0,0,26,24,37,42,17,40,10,174,405,43,339,86,253,25,0,61,103,31,2,39,9,3,18,24,17,55171,"Odell village, Illinois",13,279,36,2,0,0,362,19,309,,,,40,339,162,38,24,25,37,21,0,3,16,24,26,16,29,24,19,42,6,1,6,6,25,9,8,0,42,17,39,30,0,10,13,"Odell village, Illinois",13,21,32,6,42,7,39,52,6,19,15,5,18,19,10,9
"Odin village, Illinois",999,990,0,0,0,0,0,153,70,23,6,0,0,36113,152,654,990,0,482,0,12,14,71,48,55,101,52,61,68,417,37,405,87,318,72,78,51,63,74,12,12,8,2,17,20,17,55210,"Odin village, Illinois",0,374,32,0,0,0,463,46,334,,,,65,405,114,46,25,38,26,8,0,19,18,39,9,7,12,23,18,22,11,27,13,10,46,17,8,22,9,25,38,13,3,0,4,"Odin village, Illinois",21,26,20,22,36,23,15,75,0,8,15,65,21,32,21,43
"O'Fallon city, Illinois",29487,22490,2995,1451,21,1074,0,2869,2319,5671,3385,746,146,90432,1167,1134,27165,840,12286,733,774,2826,2562,1971,1318,557,755,229,561,13525,1880,11493,3237,8256,314,1466,2018,2042,1699,1476,1598,639,451,1349,540,17,55249,"O'Fallon city, Illinois",189,12594,736,0,134,33,15407,515,7083,,,,4137,11493,4230,1037,877,1232,628,250,57,67,481,959,1094,1172,800,918,1054,557,526,373,249,486,441,364,200,286,1197,1189,949,631,323,90,121,"O'Fallon city, Illinois",339,917,943,1318,994,996,1251,709,399,462,314,466,603,472,204,492
"Ogden village, Illinois",773,764,0,0,0,3,0,80,92,93,40,0,6,62500,57,927,770,0,348,4,0,17,55,22,69,59,21,6,95,348,33,312,42,270,20,13,25,46,70,61,82,6,0,2,0,17,55275,"Ogden village, Illinois",7,302,27,0,0,0,371,19,218,,,,65,312,99,25,29,16,13,0,4,4,7,45,28,20,9,18,15,27,13,8,4,19,13,19,12,0,33,54,23,2,4,0,11,"Ogden village, Illinois",23,33,20,29,8,23,18,29,7,5,9,31,31,12,9,11
"Oglesby city, Illinois",3652,2996,48,580,16,0,0,310,402,295,138,22,5,61250,229,537,3391,18,1722,0,78,106,115,28,177,252,292,202,472,1881,205,1522,309,1213,92,204,299,266,273,184,103,18,33,42,49,17,55353,"Oglesby city, Illinois",44,1482,98,0,0,0,1778,31,1074,,,,217,1522,503,124,251,96,57,32,9,8,28,104,169,63,102,72,133,170,15,103,80,19,99,31,44,72,30,156,124,41,21,0,0,"Oglesby city, Illinois",63,170,114,121,119,57,75,219,50,59,17,47,124,64,23,77
"Nilwood town, Illinois",188,188,0,0,0,0,0,1,17,13,0,0,0,47292,16,-666666666,188,0,131,0,0,0,16,13,17,17,5,3,60,87,13,85,8,77,1,1,15,6,7,4,11,0,7,3,0,17,53039,"Nilwood town, Illinois",0,47,7,0,0,0,71,1,97,,,,17,85,18,0,15,2,1,2,0,0,0,0,9,9,2,2,11,3,4,4,4,5,6,4,4,0,0,1,2,1,0,0,0,"Nilwood town, Illinois",0,0,4,8,0,11,16,3,1,10,2,15,12,4,4,7
"Ohio village, Illinois",509,489,18,2,0,0,0,82,34,27,18,1,0,60208,65,602,507,0,252,0,0,11,20,17,41,16,15,21,111,237,23,227,52,175,34,9,14,21,25,109,44,5,0,4,2,17,55379,"Ohio village, Illinois",12,262,8,0,0,0,319,28,144,,,,47,227,45,3,6,9,0,10,0,9,10,13,25,48,12,11,12,13,1,12,9,3,8,12,3,11,8,0,11,28,2,3,2,"Ohio village, Illinois",16,13,6,2,17,34,8,51,3,9,4,12,10,9,13,8
"Ohlman village, Illinois",103,103,0,0,0,0,0,3,1,11,11,0,0,42679,4,-666666666,103,0,63,0,0,0,10,3,3,1,2,17,27,46,2,59,15,44,2,11,10,10,5,0,2,9,0,3,5,17,55418,"Ohlman village, Illinois",2,59,0,0,0,0,61,2,36,,,,8,59,3,0,2,0,2,0,0,0,0,12,2,0,0,0,2,2,6,6,1,4,2,0,3,2,0,4,0,0,1,0,0,"Ohlman village, Illinois",0,12,0,0,0,1,0,10,0,0,7,6,13,2,1,0
"Okawville village, Illinois",1469,1360,25,57,0,1,0,82,120,193,111,36,2,72330,33,799,1430,3,704,0,41,74,97,69,108,61,70,24,160,698,129,631,139,492,80,81,18,46,98,53,97,28,48,72,41,17,55470,"Okawville village, Illinois",6,538,84,3,0,0,794,52,359,,,,143,631,242,58,35,54,37,0,13,7,27,37,46,38,35,77,52,49,15,2,17,12,15,27,45,0,35,51,53,55,7,7,7,"Okawville village, Illinois",37,57,53,63,24,32,46,50,5,26,16,9,55,37,21,25
"Old Mill Creek village, Illinois",200,174,0,26,0,0,0,8,4,41,13,3,1,100648,0,1205,183,5,109,0,0,19,3,6,2,5,7,1,66,98,12,80,63,17,4,4,9,14,9,5,28,1,0,10,2,17,55639,"Old Mill Creek village, Illinois",0,78,2,0,0,0,91,1,73,,,,9,80,16,7,3,4,1,1,7,3,3,2,2,6,1,2,10,1,28,1,5,2,2,3,5,2,3,4,14,1,0,0,0,"Old Mill Creek village, Illinois",0,4,3,2,8,3,2,1,0,7,5,0,38,4,0,0
"Old Ripley village, Illinois",79,79,0,0,0,0,0,7,3,2,0,0,0,69167,0,-666666666,79,0,39,3,0,3,0,0,5,4,6,6,12,43,1,30,4,26,0,0,2,6,4,1,15,0,2,4,4,17,55717,"Old Ripley village, Illinois",0,22,16,0,0,0,45,2,18,,,,17,30,13,8,0,2,0,0,0,0,0,9,9,2,0,0,1,2,3,1,0,0,3,0,3,0,5,0,0,1,1,0,0,"Old Ripley village, Illinois",0,9,5,2,0,0,2,5,0,0,0,0,4,2,0,0
"Old Shawneetown village, Illinois",75,75,0,0,0,0,0,11,1,0,0,0,0,16667,37,-666666666,75,0,56,0,0,1,4,16,14,16,0,0,5,43,11,40,16,24,0,2,0,5,2,0,0,0,0,0,0,17,55756,"Old Shawneetown village, Illinois",2,7,4,0,0,0,21,2,42,,,,5,40,13,6,0,2,2,2,0,0,0,0,5,0,0,0,11,5,0,0,4,0,4,0,1,1,0,0,4,3,0,0,0,"Old Shawneetown village, Illinois",0,0,6,0,0,6,3,1,0,0,0,2,0,0,7,0
"Olive Branch CDP, Illinois",610,610,0,0,0,0,0,66,36,9,5,12,0,46339,145,768,610,0,382,0,0,26,76,78,68,9,63,26,36,266,46,217,52,165,8,12,5,18,6,18,50,0,0,30,0,17,55847,"Olive Branch CDP, Illinois",7,140,6,0,0,0,173,5,285,,,,29,217,60,14,33,25,0,21,0,0,5,0,22,22,5,39,7,25,17,3,0,4,9,0,7,8,6,0,74,0,0,0,0,"Olive Branch CDP, Illinois",0,3,24,0,49,53,8,31,7,3,5,4,14,43,20,0
"Olivet CDP, Illinois",384,361,2,4,0,17,0,24,47,45,40,3,0,60521,33,692,367,0,176,0,12,16,6,0,38,33,43,28,0,273,0,167,70,97,2,2,48,0,61,16,21,0,0,0,0,17,55886,"Olivet CDP, Illinois",0,126,5,16,0,0,152,0,138,,,,8,167,34,0,37,0,28,0,0,0,0,46,22,52,9,0,0,13,6,10,38,0,9,2,1,0,0,0,29,0,0,0,0,"Olivet CDP, Illinois",0,0,0,5,0,0,0,0,0,0,40,7,19,5,6,0
"Olmsted village, Illinois",380,339,36,0,0,0,0,43,9,21,5,0,0,22500,101,463,380,0,179,0,0,28,18,17,50,12,8,25,21,196,5,120,45,75,3,15,16,23,10,1,9,1,3,18,3,17,55899,"Olmsted village, Illinois",1,80,10,0,0,0,125,13,160,,,,40,120,37,19,0,24,18,3,2,1,2,10,24,17,1,5,0,4,11,11,4,9,4,10,6,11,5,10,33,0,3,0,8,"Olmsted village, Illinois",6,12,12,17,4,0,5,20,2,15,1,4,7,5,11,4
"Olney city, Illinois",8872,8168,93,243,28,82,0,902,976,783,348,31,20,49650,1502,559,8642,30,4361,18,7,203,341,575,797,509,609,290,1012,4247,491,3681,1286,2395,507,1209,542,178,89,173,395,107,73,135,144,17,55912,"Olney city, Illinois",88,3114,398,20,0,0,4233,297,2759,,,,611,3681,1194,377,203,300,208,133,64,28,159,271,251,203,327,276,221,240,25,187,86,163,162,196,124,107,202,253,420,217,46,50,0,"Olney city, Illinois",188,269,228,300,291,265,226,298,63,223,116,128,109,296,136,237
"Olympia Fields village, Illinois",5028,894,3983,1,0,69,0,621,293,740,671,259,31,93350,378,3205,4854,47,2196,0,0,154,380,327,485,445,266,135,4,2191,236,1960,307,1653,0,195,291,184,180,108,198,95,141,99,413,17,55938,"Olympia Fields village, Illinois",115,1503,305,0,29,126,2335,200,1755,,,,374,1960,478,36,48,167,49,67,131,59,212,123,88,35,158,155,81,107,47,78,22,173,156,84,104,77,180,257,194,91,34,12,0,"Olympia Fields village, Illinois",77,110,45,112,98,212,109,172,66,27,220,50,154,286,94,171
"Omaha village, Illinois",237,211,0,0,0,0,0,24,10,9,1,0,0,45375,44,435,237,0,120,2,2,5,10,10,16,20,4,22,29,115,4,101,18,83,3,1,6,2,11,4,28,7,2,0,8,17,56003,"Omaha village, Illinois",7,73,5,0,0,0,87,3,94,,,,18,101,28,6,4,9,7,8,0,0,5,9,5,11,4,0,4,13,5,2,3,5,13,0,2,0,2,6,20,5,1,0,0,"Omaha village, Illinois",2,4,6,11,4,8,11,6,2,8,4,10,2,6,1,3
"Onarga village, Illinois",1134,432,6,687,0,1,0,73,49,45,4,2,0,48024,198,635,818,4,466,9,3,17,11,5,75,89,75,36,146,535,75,407,68,339,29,101,125,31,21,11,34,24,6,40,3,17,56081,"Onarga village, Illinois",7,338,90,0,0,0,486,36,404,,,,37,407,127,19,81,54,43,16,1,13,8,20,38,37,20,58,17,33,8,35,13,14,13,19,3,5,22,4,54,24,35,2,1,"Onarga village, Illinois",44,35,35,15,29,52,24,39,5,23,7,15,14,31,11,45
"Oneida city, Illinois",778,747,27,4,0,0,0,82,50,98,23,0,0,56705,52,857,775,3,340,0,4,17,25,22,92,41,62,12,65,362,61,298,66,232,23,39,3,82,48,18,21,7,7,21,37,17,56159,"Oneida city, Illinois",3,288,18,0,0,0,336,9,301,,,,15,298,105,36,26,19,44,7,0,0,3,18,14,16,17,45,16,28,13,22,5,2,20,6,2,3,16,23,15,35,0,0,4,"Oneida city, Illinois",53,25,12,12,17,62,23,26,20,15,3,24,8,3,7,13
"Opdyke CDP, Illinois",303,299,0,4,0,0,0,43,48,6,2,0,0,63750,42,736,303,0,135,3,3,0,21,27,22,6,6,4,43,143,33,126,13,113,9,4,26,30,29,5,18,0,0,3,2,17,56198,"Opdyke CDP, Illinois",3,98,27,0,0,0,135,0,87,,,,31,126,40,4,8,17,0,3,0,0,1,7,3,14,12,19,14,7,4,8,0,6,13,3,0,0,3,23,26,4,8,4,0,"Opdyke CDP, Illinois",5,0,0,22,11,0,23,0,6,6,0,5,0,14,0,0
"Ophiem CDP, Illinois",180,143,0,0,0,13,0,6,17,37,6,0,0,61538,91,-666666666,180,0,60,0,0,0,0,0,32,0,13,0,15,102,13,60,0,60,0,0,25,26,0,0,0,0,0,0,0,17,56211,"Ophiem CDP, Illinois",16,67,0,0,0,0,67,0,69,,,,17,60,19,24,0,0,0,0,0,0,13,25,10,0,0,0,13,0,0,0,0,0,17,0,0,0,20,0,0,0,0,0,0,"Ophiem CDP, Illinois",0,0,24,0,0,0,0,19,0,0,6,0,3,0,0,6
"Belvidere city, Illinois",24932,14651,442,9247,0,205,0,2285,1290,1458,743,187,58,52609,3307,854,21364,59,9515,48,66,2022,1515,435,1277,1000,677,343,2132,11979,1711,8940,2400,6540,262,2570,1566,1104,1695,475,1244,408,329,714,937,17,05092,"Belvidere city, Illinois",287,9549,1793,18,0,15,13303,1088,6315,,,,1293,8940,3177,608,747,937,524,494,213,231,360,1090,663,718,620,886,836,911,176,435,312,532,320,264,154,103,834,967,982,439,475,25,201,"Belvidere city, Illinois",547,824,709,926,724,766,817,1038,112,395,318,302,549,367,278,203
"Bement village, Illinois",1490,1418,43,10,0,0,0,126,136,106,26,0,11,47917,105,700,1472,6,710,2,0,19,43,41,134,84,118,35,234,693,104,627,114,513,120,70,122,65,44,17,95,65,84,75,0,17,05144,"Bement village, Illinois",37,673,98,3,0,0,853,26,432,,,,104,627,194,26,29,23,55,20,6,6,40,22,36,57,70,37,67,48,16,35,18,26,32,17,13,2,31,52,32,35,9,11,5,"Bement village, Illinois",0,34,61,41,76,65,56,72,27,49,22,15,39,38,6,13
"Benld city, Illinois",1594,1523,0,12,47,5,0,163,118,90,29,0,3,41786,443,728,1537,0,836,0,0,14,4,27,69,86,155,168,313,847,87,594,176,418,33,97,58,40,79,16,54,44,78,55,51,17,05209,"Benld city, Illinois",0,555,34,4,0,0,693,60,544,,,,155,594,223,26,60,86,43,57,25,0,17,49,54,41,90,62,25,37,7,20,21,15,34,19,18,41,45,42,81,32,13,22,0,"Benld city, Illinois",4,55,24,68,47,52,42,37,24,13,12,32,35,19,13,35
"Bensenville village, Illinois",18273,7933,692,8767,20,675,14,1697,813,2276,590,67,5,64401,1830,1134,12767,60,6950,44,104,187,572,822,1812,1172,1304,640,293,9083,1131,6661,3213,3448,107,666,1363,1555,1234,774,1446,223,207,1011,484,17,05248,"Bensenville village, Illinois",156,7757,768,75,14,219,10323,352,4125,,,,436,6661,2072,669,711,574,264,231,71,84,578,726,699,658,497,543,588,730,298,347,90,178,275,150,122,131,733,382,553,349,217,100,133,"Bensenville village, Illinois",302,695,752,463,789,363,570,616,245,349,149,234,304,216,176,369
"Benson village, Illinois",460,459,1,0,0,0,0,38,52,33,6,0,6,66100,54,700,452,5,200,0,0,7,7,3,16,20,38,15,94,212,16,190,19,171,14,17,31,37,15,17,17,6,18,40,8,17,05261,"Benson village, Illinois",3,208,14,0,0,0,247,14,123,,,,36,190,52,7,11,12,10,6,9,3,9,8,14,23,12,1,15,24,8,6,11,5,4,5,1,8,5,9,34,19,7,0,3,"Benson village, Illinois",18,7,10,21,15,7,16,13,4,3,11,3,9,21,7,6
"Bentley town, Illinois",18,17,0,1,0,0,0,0,5,1,2,0,0,74375,0,-666666666,18,0,13,0,0,0,0,1,0,0,0,1,11,12,0,7,0,7,0,2,1,2,1,0,4,0,1,0,1,17,05274,"Bentley town, Illinois",0,10,1,0,0,0,13,0,2,,,,3,7,1,2,0,0,0,0,0,2,0,0,1,0,0,0,0,1,2,0,1,0,2,0,0,1,1,0,0,0,0,0,0,"Bentley town, Illinois",0,0,1,0,0,0,0,3,0,0,0,1,0,0,0,0
"Benton city, Illinois",6977,6498,88,257,0,23,17,729,518,710,219,73,33,44795,965,663,6902,34,3421,32,23,274,167,246,434,453,472,601,719,3080,371,2835,979,1856,194,407,366,278,153,130,499,167,71,104,167,17,05300,"Benton city, Illinois",71,2244,254,0,0,0,3038,213,2546,,,,413,2835,794,224,140,185,192,81,48,62,119,220,181,351,205,280,117,238,101,31,91,75,73,128,56,65,281,152,247,131,58,22,22,"Benton city, Illinois",181,197,258,87,202,194,244,242,57,181,101,105,235,157,183,177
"Berkeley village, Illinois",5079,1441,1326,2056,20,136,0,530,309,340,270,51,0,71025,159,1017,4244,50,1873,0,0,14,67,45,146,363,851,230,157,2715,389,1793,179,1614,72,285,293,227,354,155,397,29,42,197,238,17,05404,"Berkeley village, Illinois",59,1999,213,1,0,39,2634,149,1544,,,,147,1793,579,337,145,154,77,68,30,34,92,243,202,85,92,166,223,248,50,86,119,52,48,102,32,30,63,101,64,69,40,23,140,"Berkeley village, Illinois",57,172,203,107,195,111,184,169,107,108,40,24,163,48,15,161
"Berlin village, Illinois",182,173,4,5,0,0,0,36,5,10,5,4,1,63125,12,607,182,0,86,1,0,5,7,27,15,5,1,7,18,98,16,84,28,56,6,0,19,1,5,16,52,1,9,4,0,17,05443,"Berlin village, Illinois",0,104,1,0,0,0,132,1,36,,,,6,84,8,0,5,2,2,0,2,0,0,11,9,5,5,1,15,4,8,17,4,0,1,7,0,0,1,5,1,0,0,0,3,"Berlin village, Illinois",3,14,7,6,0,5,25,2,4,0,0,1,6,1,0,0
"Berwyn city, Illinois",54850,14366,3994,34255,34,1741,0,5495,3106,5482,1825,360,258,61915,6832,995,38418,752,20059,75,7,293,445,453,972,1315,2517,1849,12133,27586,3266,18277,7481,10796,329,1335,2752,2571,3081,1670,4216,1560,1610,3882,2138,17,05573,"Berwyn city, Illinois",597,18548,2921,1147,1113,598,28329,1390,13798,,,,1675,18277,7163,1763,1893,2443,1328,470,385,500,1142,1851,2264,2151,1806,1632,1634,1940,568,691,505,747,821,581,216,305,2001,1837,1916,1109,515,107,547,"Berwyn city, Illinois",1130,1769,2047,2089,1819,1678,1776,1561,803,836,632,541,828,640,642,391
"Bethalto village, Illinois",9258,8780,100,185,0,52,4,858,887,1205,383,26,56,66834,600,792,9181,9,4426,152,48,422,517,754,909,813,426,282,103,4375,421,3795,755,3040,211,637,356,607,649,262,379,364,250,386,71,17,05599,"Bethalto village, Illinois",74,3919,106,56,0,0,4624,129,2710,,,,560,3795,1379,245,295,349,318,26,63,12,80,375,381,162,349,224,197,237,101,100,85,125,159,337,135,20,379,309,223,90,24,36,24,"Bethalto village, Illinois",75,449,387,264,340,269,237,355,142,197,55,104,252,456,46,170
"Bethany village, Illinois",1311,1257,0,40,0,0,0,167,76,95,29,0,0,44924,156,815,1300,7,655,0,3,6,40,34,187,59,128,24,174,601,104,598,164,434,49,38,63,39,38,51,89,31,39,37,27,17,05612,"Bethany village, Illinois",9,466,34,0,0,0,564,26,456,,,,127,598,164,17,51,46,42,0,4,8,2,12,40,25,24,42,62,23,7,37,30,24,50,25,21,9,23,81,54,16,4,4,0,"Bethany village, Illinois",0,27,44,8,61,53,25,33,47,57,9,28,32,24,11,69
"Beverly CDP, Illinois",110,110,0,0,0,0,0,0,0,71,0,0,0,-666666666,0,-666666666,110,0,48,0,0,0,0,36,0,0,0,0,12,62,12,48,12,36,0,0,0,0,0,0,0,0,0,12,0,17,05729,"Beverly CDP, Illinois",0,12,0,0,0,0,12,0,98,,,,0,48,0,0,0,0,0,0,0,0,0,0,0,0,14,0,12,0,0,0,0,0,36,0,0,0,0,0,0,0,0,0,0,"Beverly CDP, Illinois",0,0,0,0,0,13,0,0,0,0,0,0,35,0,0,0
"Big Foot Prairie CDP, Illinois",0,0,0,0,0,0,0,0,0,0,0,0,0,-666666666,0,-666666666,0,0,0,0,0,0,0,0,0,0,0,0,0,0,0,0,0,0,0,0,0,0,0,0,0,0,0,0,0,17,05859,"Big Foot Prairie CDP, Illinois",0,0,0,0,0,0,0,0,0,,,,0,0,0,0,0,0,0,0,0,0,0,0,0,0,0,0,0,0,0,0,0,0,0,0,0,0,0,0,0,0,0,0,0,"Big Foot Prairie CDP, Illinois",0,0,0,0,0,0,0,0,0,0,0,0,0,0,0,0
"Biggsville village, Illinois",438,435,0,0,0,0,0,42,32,47,5,0,5,87143,42,775,433,5,216,0,2,12,3,2,35,43,24,11,84,242,44,200,24,176,9,23,4,15,74,51,49,0,1,12,36,17,05898,"Biggsville village, Illinois",5,245,29,0,0,0,291,8,95,,,,23,200,54,11,6,5,5,8,11,0,11,7,63,11,5,10,34,7,13,4,1,7,7,6,5,5,12,1,14,7,10,0,0,"Biggsville village, Illinois",17,17,12,8,9,7,8,16,8,0,5,6,13,9,4,13
"Big Rock village, Illinois",1271,1184,0,42,5,0,0,142,96,159,82,0,3,106375,8,1104,1242,11,460,0,3,6,33,56,175,63,25,16,83,686,68,424,51,373,13,68,51,37,67,26,127,45,69,26,62,17,05976,"Big Rock village, Illinois",0,557,22,0,0,6,654,32,339,,,,70,424,146,53,47,53,26,0,6,4,10,63,31,26,49,39,29,67,11,42,22,20,41,25,16,6,33,55,26,21,23,0,0,"Big Rock village, Illinois",17,30,51,36,21,19,54,43,27,26,4,18,31,27,17,6
"Bingham village, Illinois",86,86,0,0,0,0,0,3,1,0,0,0,0,44583,15,-666666666,86,0,44,0,4,3,1,0,12,0,0,0,24,49,5,36,0,36,0,5,0,0,12,2,0,0,6,6,3,17,06028,"Bingham village, Illinois",1,30,1,0,0,0,35,0,37,,,,4,36,8,0,1,8,0,4,0,0,2,0,2,9,0,2,3,3,4,2,3,1,4,1,0,0,0,3,2,0,0,0,0,"Bingham village, Illinois",0,2,6,2,7,2,0,0,0,5,5,0,2,0,1,0
"Bishop Hill village, Illinois",92,92,0,0,0,0,0,22,10,23,4,0,0,-666666666,7,592,92,0,57,0,0,1,0,2,1,2,2,3,46,30,1,53,11,42,7,6,7,9,0,0,2,0,0,2,3,17,06171,"Bishop Hill village, Illinois",0,28,0,0,0,0,43,0,42,,,,7,53,4,2,2,0,0,0,0,0,0,0,0,3,1,1,0,3,1,6,0,1,4,2,3,1,1,2,0,0,0,0,0,"Bishop Hill village, Illinois",0,7,0,4,5,1,0,5,4,12,3,2,5,6,3,2
"Bismarck village, Illinois",536,507,0,14,0,13,0,49,72,40,26,9,0,58393,86,700,529,0,215,0,0,9,15,4,61,10,26,22,68,216,31,205,20,185,11,8,13,56,46,31,18,0,2,9,6,17,06184,"Bismarck village, Illinois",0,196,4,0,0,0,225,21,195,,,,31,205,54,20,8,12,16,7,0,11,0,8,11,2,12,23,8,28,6,13,4,2,11,8,2,4,18,19,32,11,0,7,2,"Bismarck village, Illinois",13,14,4,20,21,18,41,28,3,6,8,9,21,5,2,18
"Blairsville CDP, Illinois",322,322,0,0,0,0,0,43,122,0,0,0,0,57955,16,786,322,0,132,22,0,0,76,0,10,0,10,0,14,183,10,124,33,91,0,0,22,0,40,0,27,72,0,10,0,17,06444,"Blairsville CDP, Illinois",0,161,0,10,0,0,171,0,117,,,,34,124,37,25,0,9,0,0,0,0,0,55,0,0,17,0,10,0,0,10,0,38,7,12,0,0,0,0,0,11,0,0,0,"Blairsville CDP, Illinois",0,32,0,0,34,10,0,9,0,11,7,6,12,7,0,0
"Blandinsville village, Illinois",668,617,15,0,0,29,0,37,76,40,14,9,0,41667,106,707,639,0,349,3,1,18,14,17,60,33,37,28,138,360,52,256,46,210,9,7,25,36,79,13,62,0,13,25,5,17,06470,"Blandinsville village, Illinois",15,261,22,0,0,0,311,17,221,,,,50,256,68,28,40,3,0,26,8,0,26,30,23,11,13,26,26,14,17,9,6,12,20,5,9,8,20,27,18,5,0,0,0,"Blandinsville village, Illinois",3,49,30,2,5,41,25,12,10,8,12,9,16,6,2,8
"Bloomfield CDP, Illinois",99,99,0,0,0,0,0,0,18,0,0,0,0,-666666666,0,-666666666,99,0,18,18,0,0,0,0,0,0,0,0,0,20,20,18,0,18,0,0,0,38,0,0,0,0,0,0,0,17,06565,"Bloomfield CDP, Illinois",0,20,18,0,0,0,38,0,0,,,,0,18,18,0,0,0,0,0,0,0,0,0,0,0,0,20,0,0,0,0,0,0,0,0,0,0,23,38,0,0,0,0,0,"Bloomfield CDP, Illinois",0,0,0,18,0,0,0,0,0,0,0,0,0,0,0,0
"Bloomingdale village, Illinois",21905,14896,1162,2671,38,2823,0,1786,1125,4122,1746,354,220,87397,1459,1358,17870,245,9080,17,51,773,2164,2015,3194,471,276,22,97,10114,1065,8695,2496,6199,157,966,1364,1198,1266,877,1868,478,466,1017,920,17,06587,"Bloomingdale village, Illinois",182,9420,828,48,20,313,12250,442,5492,,,,855,8695,2420,503,865,550,242,182,96,199,339,704,691,939,629,539,540,579,329,582,342,238,459,397,198,224,754,673,537,327,122,100,122,"Bloomingdale village, Illinois",398,540,635,1012,581,651,734,672,265,553,392,658,441,516,367,489
"Bloomington city, Illinois",77725,56553,7377,4781,212,6607,13,6802,3798,15136,6332,1144,1013,66861,9666,844,69166,588,35110,775,833,5327,6717,3968,5065,2783,2226,1838,5578,37851,4637,32125,12666,19459,1325,7373,10656,8202,3030,752,1143,272,414,1541,673,17,06613,"Bloomington city, Illinois",380,30433,3033,434,4,11,40372,1230,21789,,,,3944,32125,9045,2740,2487,2038,1620,1224,864,925,1788,3003,2712,2631,2810,2259,2433,2413,752,1120,836,851,1166,697,395,494,2653,2422,2232,1325,1400,533,782,"Bloomington city, Illinois",1865,2883,2837,2460,2469,2373,2455,2514,910,1686,798,887,1561,833,765,824
"Blue Island city, Illinois",23160,4805,7228,10876,0,51,0,2442,1235,1593,811,24,75,51859,4226,897,18001,304,8850,30,139,441,467,252,909,1256,1667,752,2937,11693,1308,7926,3881,4045,72,780,755,1167,1461,383,1886,573,736,1061,749,17,06704,"Blue Island city, Illinois",360,7572,1131,449,93,480,12002,1574,6246,,,,750,7926,2770,716,757,1094,452,377,225,423,410,762,800,845,871,632,682,732,251,500,239,168,327,230,135,85,980,433,633,648,188,184,171,"Blue Island city, Illinois",597,635,715,989,805,766,733,682,331,630,135,242,250,299,201,200
"Blue Mound village, Illinois",1135,985,3,21,5,12,0,64,56,74,45,0,0,49877,113,900,1118,0,495,0,0,32,16,47,69,71,63,26,171,477,40,453,82,371,15,69,18,42,110,62,129,7,3,45,6,17,06756,"Blue Mound village, Illinois",0,450,27,0,0,0,564,24,289,,,,77,453,133,22,60,44,12,9,4,0,3,34,26,31,49,13,27,18,16,11,21,16,10,31,3,17,51,56,33,12,13,15,0,"Blue Mound village, Illinois",52,39,40,40,10,46,44,40,0,21,16,38,32,12,31,17
"Bluffs village, Illinois",773,720,0,29,0,14,0,46,27,86,9,0,0,62656,156,668,757,2,315,0,0,21,10,12,30,60,41,22,119,389,53,259,68,191,41,40,26,14,37,44,82,2,0,8,11,17,06899,"Bluffs village, Illinois",8,275,33,0,0,0,349,25,246,,,,71,259,85,32,13,25,26,24,0,2,13,23,24,20,17,29,24,33,3,7,14,8,29,13,10,0,19,39,28,22,2,0,0,"Bluffs village, Illinois",9,41,18,20,24,39,9,21,6,20,9,13,18,5,17,5
"Bluford village, Illinois",662,604,0,38,14,0,0,80,88,27,4,0,2,49911,94,803,657,5,296,3,2,35,66,27,58,15,14,30,46,327,15,239,38,201,1,11,15,41,82,37,41,7,12,4,10,17,06964,"Bluford village, Illinois",10,248,20,0,0,0,339,57,175,,,,43,239,97,30,33,19,13,21,4,2,8,7,35,28,27,13,2,14,15,4,15,5,3,15,12,2,12,15,21,27,6,2,2,"Bluford village, Illinois",14,31,38,40,20,23,18,11,0,6,8,10,13,5,8,5
"Bolingbrook village, Illinois",74319,29686,13286,19556,96,8873,12,6674,4168,11656,5778,601,317,92184,5742,1385,57200,813,23958,510,247,5097,5128,2315,7746,1983,351,152,429,36454,5362,23165,4549,18616,665,2757,3291,4414,4084,1932,5453,1397,2297,4382,4120,17,07133,"Bolingbrook village, Illinois",1257,31630,2283,524,15,595,41406,2064,16013,,,,2883,23165,9757,2240,2487,3352,1610,1268,514,587,1406,2379,2233,2480,2620,2546,2837,2067,1163,945,671,692,1100,730,271,377,2223,2356,2860,1889,1078,390,527,"Bolingbrook village, Illinois",1887,2485,2008,2879,2763,3058,2772,2464,864,1069,622,1020,1146,654,313,417
"Bondville village, Illinois",455,425,13,0,0,5,0,69,48,40,2,0,0,53750,46,709,440,2,241,9,1,21,36,7,35,18,17,9,88,244,42,220,64,156,18,6,29,93,61,13,12,6,0,0,0,17,07211,"Bondville village, Illinois",4,220,15,0,0,0,255,4,158,,,,32,220,29,12,18,1,5,1,2,2,22,5,10,17,16,16,26,34,7,3,8,19,7,0,7,14,2,0,9,2,1,0,1,"Bondville village, Illinois",17,10,18,10,4,21,25,21,13,4,4,5,7,7,17,5
"Bone Gap village, Illinois",151,147,0,0,0,0,0,26,14,3,3,0,0,41250,9,290,148,0,79,2,0,3,1,3,22,24,3,0,21,67,10,65,8,57,1,1,4,9,7,5,2,0,5,6,5,17,07224,"Bone Gap village, Illinois",1,41,5,0,0,0,71,21,56,,,,10,65,13,3,4,2,3,4,0,0,3,11,0,4,3,2,8,2,2,1,3,8,2,0,0,2,1,0,8,9,0,2,15,"Bone Gap village, Illinois",0,3,0,6,3,17,4,0,2,4,1,4,3,0,1,1
"Bonfield village, Illinois",586,571,0,12,0,0,0,87,49,28,7,2,0,68750,14,499,585,0,235,0,0,26,32,7,27,33,40,7,63,277,56,228,36,192,25,11,8,43,54,23,60,5,3,24,7,17,07237,"Bonfield village, Illinois",13,229,8,0,0,0,317,15,164,,,,23,228,96,5,5,40,27,9,6,3,14,11,13,5,18,35,21,27,2,7,5,7,8,1,8,0,10,11,24,13,8,5,13,"Bonfield village, Illinois",2,6,19,22,60,25,18,19,2,1,5,4,11,9,11,11
"Bonnie village, Illinois",440,408,1,12,1,0,0,31,33,46,4,0,2,59000,50,781,434,2,205,9,5,5,35,32,47,5,26,17,24,193,23,176,18,158,1,10,32,64,47,16,2,2,4,14,4,17,07263,"Bonnie village, Illinois",0,165,31,0,0,0,211,9,134,,,,37,176,57,17,3,13,7,0,0,2,9,6,16,14,19,12,11,14,0,10,4,8,11,12,3,2,5,32,20,0,3,0,0,"Bonnie village, Illinois",0,20,27,18,8,9,22,8,15,8,12,4,13,11,6,6
"Bonnie Brae CDP, Illinois",1248,1116,0,31,0,50,0,158,54,82,21,9,0,74511,35,1273,1239,0,419,0,0,9,33,20,58,60,228,11,0,600,54,395,208,187,32,31,36,62,93,76,181,49,12,23,34,17,07276,"Bonnie Brae CDP, Illinois",47,554,76,0,0,7,732,33,190,,,,49,395,154,47,10,108,53,0,0,0,0,49,32,66,85,33,21,8,34,16,8,9,0,14,0,7,21,32,86,0,23,0,0,"Bonnie Brae CDP, Illinois",20,110,52,74,11,75,0,37,19,15,0,12,16,17,17,11
"Boody CDP, Illinois",442,442,0,0,0,0,0,54,19,73,7,11,30,51417,20,-666666666,442,0,167,0,0,0,6,9,30,5,26,4,87,221,32,167,50,117,0,0,7,14,102,23,40,0,16,12,13,17,07315,"Boody CDP, Illinois",14,241,0,0,0,0,257,16,40,,,,31,167,76,32,19,52,6,4,0,0,7,9,0,5,16,15,17,15,0,4,0,0,15,5,0,0,0,32,4,4,0,6,7,"Boody CDP, Illinois",0,14,56,18,10,16,14,8,12,0,0,15,5,0,0,0
"Boulder Hill CDP, Illinois",9081,6133,345,2392,0,48,0,790,621,749,285,0,10,69227,451,1597,8449,14,2949,0,0,33,79,232,1124,914,530,31,6,4210,445,2820,516,2304,21,283,752,484,690,141,336,150,112,626,235,17,07419,"Boulder Hill CDP, Illinois",120,3588,262,6,0,41,4923,376,2232,,,,407,2820,1111,221,372,272,260,94,82,39,97,339,309,331,387,150,295,268,133,99,42,144,132,80,39,25,304,406,223,213,95,120,98,"Boulder Hill CDP, Illinois",193,263,489,362,177,154,265,330,62,131,89,229,231,136,72,229
"Bourbonnais village, Illinois",19639,14794,1785,1567,0,461,0,1463,824,2714,1362,211,112,76920,1196,940,18612,144,6977,33,139,1200,1105,909,2219,615,475,180,102,9046,1018,6387,2015,4372,370,1790,2347,1717,592,194,515,114,259,594,524,17,07471,"Bourbonnais village, Illinois",214,7878,747,19,16,11,10223,461,6157,,,,966,6387,1807,357,597,730,198,1007,295,214,315,721,415,458,570,389,678,516,210,403,167,242,376,174,127,83,482,433,470,465,845,349,437,"Bourbonnais village, Illinois",581,662,481,340,567,678,652,711,160,429,312,361,310,238,225,209
"Bowen village, Illinois",583,554,20,0,0,9,0,67,53,36,18,2,0,58929,109,-666666666,567,12,212,6,0,1,16,26,29,13,14,21,86,296,45,188,35,153,17,46,5,15,32,21,56,16,20,28,4,17,07510,"Bowen village, Illinois",3,218,45,0,0,0,269,3,142,,,,12,188,73,25,25,34,7,0,5,10,5,21,19,13,24,33,12,17,2,7,15,2,4,13,0,3,45,13,29,11,7,0,0,"Bowen village, Illinois",10,22,20,11,23,9,11,10,21,15,2,2,14,10,2,0
"Braceville village, Illinois",886,639,0,220,0,5,0,82,55,36,3,0,32,76667,87,1383,881,0,352,0,0,35,80,9,58,56,18,37,59,551,54,288,54,234,21,14,23,60,14,23,94,12,4,55,51,17,07640,"Braceville village, Illinois",0,357,10,0,0,0,406,18,166,,,,29,288,97,101,76,35,16,3,4,7,13,29,4,45,29,29,25,20,12,25,7,8,15,11,5,32,6,16,65,15,3,5,5,"Braceville village, Illinois",0,19,27,35,9,36,25,11,4,14,7,5,12,8,0,8
"Bradford village, Illinois",673,651,10,10,0,0,0,75,34,38,9,2,1,53333,117,830,658,0,351,0,0,9,21,0,46,40,43,32,160,303,47,292,85,207,35,21,8,17,38,9,64,5,32,42,9,17,07692,"Bradford village, Illinois",5,228,43,0,0,0,310,5,228,,,,39,292,72,7,10,21,2,1,0,2,39,5,3,24,15,18,29,32,11,27,6,8,13,9,15,6,21,56,16,21,1,1,6,"Bradford village, Illinois",3,30,14,8,26,21,12,23,12,23,5,5,26,16,13,11
"Bellwood village, Illinois",18799,796,13543,3822,11,146,0,2323,1193,1537,430,42,56,63006,2070,1043,16893,117,6468,61,0,78,174,107,411,1137,2678,764,1058,8566,1132,6059,1609,4450,151,594,954,1364,1030,312,1886,301,503,627,822,17,04975,"Bellwood village, Illinois",164,6922,717,429,206,53,9710,805,5058,,,,852,6059,2186,740,614,557,437,234,144,70,225,744,813,447,476,528,618,486,235,173,136,217,373,215,90,31,635,844,472,148,274,117,186,"Bellwood village, Illinois",421,954,570,577,644,623,522,757,445,406,237,367,513,234,126,124
"Bradley village, Illinois",15296,12729,955,1444,0,83,0,1562,1223,991,494,16,50,54824,1526,1086,14733,15,6252,164,156,816,835,326,795,852,1341,346,621,7195,823,5746,1963,3783,300,1240,1919,1457,508,43,319,189,239,453,246,17,07744,"Bradley village, Illinois",311,6209,730,6,0,0,8144,473,4019,,,,776,5746,1939,596,415,393,402,209,110,81,396,430,637,352,501,410,413,346,144,362,135,108,148,236,205,191,467,410,587,248,234,57,209,"Bradley village, Illinois",421,557,500,520,630,529,487,406,188,221,137,228,344,314,191,191
"Braidwood city, Illinois",6338,5855,5,348,0,4,0,1075,313,483,209,0,10,67057,634,1059,6250,15,3037,43,14,813,1022,255,386,130,188,26,160,3249,565,2459,494,1965,139,413,393,272,261,153,542,111,126,195,298,17,07770,"Braidwood city, Illinois",100,2785,179,8,0,0,3288,168,1856,,,,349,2459,786,137,190,192,260,45,93,38,187,97,189,129,234,195,370,196,93,109,127,122,129,89,20,8,257,87,144,160,123,11,17,"Braidwood city, Illinois",122,172,144,229,155,272,294,232,139,94,40,129,156,68,44,0
"Breese city, Illinois",4160,3941,3,75,0,82,0,518,594,466,243,43,19,70411,199,729,4066,20,1861,72,87,379,192,174,195,164,145,130,323,1941,185,1861,421,1440,160,328,202,165,158,119,162,158,110,362,235,17,07913,"Breese city, Illinois",26,1953,177,42,13,0,2244,27,1121,,,,256,1861,422,216,116,123,70,26,0,44,62,106,130,157,79,133,52,211,76,101,12,53,61,57,14,59,133,57,127,33,59,33,0,"Breese city, Illinois",65,130,248,157,111,51,175,186,16,105,84,68,114,49,75,126
"Bridgeport city, Illinois",1919,1642,277,0,0,0,0,130,149,63,34,12,0,58085,199,1271,1907,12,1019,5,14,10,235,113,91,206,89,55,201,1113,311,882,397,485,75,138,83,245,111,91,59,25,0,15,33,17,08186,"Bridgeport city, Illinois",5,758,96,0,0,0,997,37,426,,,,314,882,269,66,75,157,71,6,4,0,40,100,39,32,61,73,238,10,16,27,19,9,17,36,12,5,27,90,66,25,0,26,0,"Bridgeport city, Illinois",42,28,63,42,23,93,18,42,42,43,15,11,48,21,36,5
"Bridgeview village, Illinois",15576,10195,608,3708,0,803,0,1282,888,1521,527,81,21,55102,2175,946,11310,111,6063,70,68,657,647,753,1009,1371,1211,124,153,7497,815,5613,1810,3803,158,377,883,818,662,274,772,130,416,1130,677,17,08225,"Bridgeview village, Illinois",206,5468,705,32,129,58,7511,446,5229,,,,630,5613,1775,748,340,401,409,219,79,159,215,454,662,373,861,487,372,479,208,246,187,245,266,91,85,87,387,362,328,462,207,68,69,"Bridgeview village, Illinois",170,816,781,531,321,312,433,535,222,389,278,281,307,150,254,240
"Brighton village, Illinois",2315,2228,12,26,17,0,0,261,217,168,76,15,0,61167,314,705,2283,25,1009,3,0,73,91,83,204,269,129,44,113,1158,121,874,182,692,47,93,53,159,287,88,159,26,57,113,72,17,08264,"Brighton village, Illinois",0,1106,35,0,0,0,1224,42,575,,,,202,874,335,91,61,70,89,35,12,17,7,108,48,132,83,50,71,74,41,43,21,20,33,13,22,17,64,103,80,32,10,7,0,"Brighton village, Illinois",41,66,122,69,86,26,121,80,20,20,12,31,42,25,41,59
"Brimfield village, Illinois",797,768,6,11,0,0,0,99,58,80,29,5,0,54821,89,724,786,0,321,6,2,2,41,20,62,25,14,12,137,388,59,293,52,241,59,35,19,14,100,73,74,7,3,2,4,17,08303,"Brimfield village, Illinois",0,335,36,0,0,0,423,11,215,,,,28,293,111,13,28,40,30,19,5,7,3,21,28,16,23,27,32,36,5,10,16,0,6,14,1,8,12,25,34,26,6,0,3,"Brimfield village, Illinois",20,25,22,18,20,35,24,41,11,10,2,2,25,2,21,25
"Broadlands village, Illinois",340,332,2,5,0,0,0,34,19,24,8,2,11,53500,71,862,335,4,126,2,0,9,11,6,6,27,12,5,48,165,9,122,25,97,8,16,7,18,3,7,12,7,26,18,5,17,08420,"Broadlands village, Illinois",4,116,7,0,0,0,154,13,110,,,,19,122,35,5,12,22,2,11,0,3,2,5,11,9,13,1,8,14,0,14,10,10,7,0,3,3,10,17,7,3,13,1,0,"Broadlands village, Illinois",3,7,19,8,4,12,21,10,3,12,3,9,6,5,2,0
"Broadview village, Illinois",7677,930,5627,761,0,218,0,1142,364,701,250,39,0,54537,587,928,7083,31,3198,0,0,0,171,127,419,279,1357,502,343,3922,693,3009,900,2109,102,158,417,472,560,142,629,121,82,371,462,17,08446,"Broadview village, Illinois",127,3001,133,39,257,10,4219,524,2110,,,,311,3009,849,239,187,350,256,70,0,0,77,268,322,176,216,376,317,384,100,91,8,204,187,41,12,41,182,252,59,90,95,0,68,"Broadview village, Illinois",42,197,373,186,208,215,312,194,193,100,101,204,219,196,34,235
"Broadwell village, Illinois",188,179,0,6,0,0,0,25,8,11,5,1,0,56607,51,707,188,0,95,2,2,3,10,13,4,14,12,2,33,90,16,86,28,58,1,6,3,18,3,5,1,10,12,3,0,17,08472,"Broadwell village, Illinois",8,70,0,0,0,0,99,22,56,,,,15,86,14,3,10,0,0,0,4,0,0,5,15,0,6,5,11,14,1,5,0,0,6,2,0,3,9,0,7,5,6,0,0,"Broadwell village, Illinois",3,6,6,0,11,15,6,6,1,3,3,2,4,2,2,1
"Brocton village, Illinois",335,328,0,7,0,0,0,19,36,20,21,2,0,51591,55,-666666666,335,0,172,0,0,9,23,2,17,12,21,14,74,165,34,146,34,112,4,3,22,2,2,26,36,19,8,9,36,17,08524,"Brocton village, Illinois",3,154,9,0,0,0,184,11,98,,,,31,146,32,13,15,1,7,1,0,0,8,18,3,6,4,10,24,13,0,11,0,9,7,8,6,1,1,3,17,0,0,0,3,"Brocton village, Illinois",13,3,1,8,2,45,20,6,4,13,4,5,10,4,5,3
"Brookfield village, Illinois",18520,12738,954,4084,14,290,0,1819,1157,3355,1774,231,137,84891,1323,1058,16488,45,7499,33,0,143,145,164,863,693,1904,998,2556,8439,1499,6988,1475,5513,186,407,1029,979,1142,701,1281,381,555,1300,793,17,08576,"Brookfield village, Illinois",140,6800,756,17,140,810,9932,216,4319,,,,901,6988,2465,643,576,527,362,162,22,51,149,299,491,694,836,766,733,540,290,330,173,187,265,218,33,115,757,882,723,400,264,44,97,"Brookfield village, Illinois",208,323,494,1064,646,676,631,766,249,385,151,307,376,220,179,216
"Brooklyn village, Illinois",428,8,404,5,0,0,0,37,4,9,21,0,0,19188,157,376,426,0,261,0,0,2,17,37,31,93,34,16,31,193,64,175,98,77,0,5,4,71,9,3,49,0,0,13,0,17,08667,"Brooklyn village, Illinois",0,84,68,0,0,0,205,39,145,,,,11,175,35,12,10,31,0,0,0,14,6,0,7,0,0,46,18,28,4,2,0,2,11,0,2,0,7,18,0,0,3,0,8,"Brooklyn village, Illinois",37,33,21,0,9,5,9,24,9,11,9,16,3,2,5,6
"Brookport city, Illinois",823,659,134,7,0,0,0,114,75,48,33,0,0,32961,208,644,823,0,464,29,18,22,58,55,86,80,52,21,43,386,35,421,119,302,0,47,53,61,109,16,71,0,4,6,4,17,08706,"Brookport city, Illinois",3,331,29,0,0,0,401,15,292,,,,66,421,92,17,12,15,0,2,10,13,4,80,23,12,31,3,32,21,29,22,0,7,23,20,9,1,48,34,4,8,5,0,0,"Brookport city, Illinois",4,43,37,9,45,14,22,24,26,19,11,17,28,13,6,20
"Broughton village, Illinois",116,110,0,0,0,0,0,8,4,9,0,0,0,23571,20,538,116,0,74,2,0,2,3,1,21,15,5,4,21,70,15,58,14,44,0,4,4,2,0,1,5,6,0,4,0,17,08875,"Broughton village, Illinois",6,26,6,0,0,0,38,3,65,,,,2,58,15,0,5,8,0,0,0,3,2,0,9,3,0,10,5,5,0,0,10,8,0,2,0,0,0,0,0,1,0,0,0,"Broughton village, Illinois",4,0,4,2,3,2,5,6,1,8,0,0,2,6,2,0
"Oquawka village, Illinois",1352,1223,8,18,0,45,0,150,87,60,67,0,0,40898,159,609,1284,22,782,0,0,14,125,66,155,68,95,5,254,659,65,627,88,539,96,26,16,18,119,101,104,15,14,9,41,17,56237,"Oquawka village, Illinois",16,530,14,0,5,0,639,29,497,,,,117,627,174,27,9,90,39,12,5,0,46,39,11,28,50,28,38,76,14,38,23,50,31,3,6,10,8,43,32,12,7,4,2,"Oquawka village, Illinois",51,3,66,33,40,19,41,61,14,22,25,61,39,51,17,28
"Orangeville village, Illinois",797,788,0,0,0,1,0,71,64,64,29,4,7,53550,73,499,795,2,458,0,0,51,61,13,28,104,27,15,159,436,88,351,107,244,36,22,15,87,96,58,27,11,2,5,20,17,56341,"Orangeville village, Illinois",3,329,42,0,0,0,479,68,148,,,,31,351,113,34,31,27,50,14,0,0,12,29,25,16,26,49,39,20,2,9,1,12,23,9,6,2,14,12,37,11,28,8,0,"Orangeville village, Illinois",3,21,19,16,24,33,24,18,2,30,5,19,16,11,4,6
"Oreana village, Illinois",954,814,27,6,0,89,2,82,62,139,24,9,3,74643,42,782,859,22,380,1,5,16,52,9,50,145,59,33,10,449,78,356,27,329,32,73,65,48,89,7,59,1,22,12,8,17,56471,"Oreana village, Illinois",5,384,32,2,0,0,486,27,237,,,,90,356,139,34,21,43,29,9,2,0,11,8,51,9,30,36,42,23,4,17,13,16,18,21,10,2,55,19,44,13,6,7,6,"Oreana village, Illinois",11,59,23,30,19,41,45,19,18,24,15,14,18,16,0,3
"Oregon city, Illinois",3747,3349,19,282,6,7,8,352,233,356,164,0,8,58125,393,681,3693,35,1892,8,0,70,72,46,213,351,353,75,704,1908,276,1758,798,960,85,196,274,152,110,158,167,66,45,146,63,17,56484,"Oregon city, Illinois",26,1181,172,24,0,0,1643,107,1421,,,,492,1758,419,158,85,102,32,5,12,0,83,51,78,130,87,121,163,97,74,149,37,220,84,18,108,82,58,135,97,83,8,30,0,"Oregon city, Illinois",66,46,88,70,153,122,205,141,52,51,32,0,151,44,61,78
"Orient city, Illinois",434,396,0,19,0,5,0,59,30,12,2,0,5,35234,113,588,427,2,216,0,2,15,11,23,11,6,18,31,99,233,66,199,29,170,10,27,10,24,27,1,17,3,14,7,5,17,56536,"Orient city, Illinois",1,102,35,0,0,0,186,21,194,,,,31,199,50,2,16,11,23,0,9,1,1,4,15,14,13,24,42,12,9,8,1,6,8,1,9,4,8,2,10,4,1,0,2,"Orient city, Illinois",3,11,14,12,24,19,22,8,2,6,9,7,17,10,3,7
"Orion village, Illinois",1895,1757,0,72,5,14,0,297,149,192,71,11,10,68625,55,640,1857,11,773,0,0,35,15,29,221,131,147,35,160,959,91,735,182,553,52,89,67,61,165,111,170,56,27,33,15,17,56601,"Orion village, Illinois",2,799,38,0,0,0,951,37,560,,,,112,735,275,43,87,43,69,34,10,7,27,83,57,113,41,30,61,85,27,9,18,19,39,14,21,22,60,57,63,24,19,41,15,"Orion village, Illinois",20,68,30,86,48,69,55,51,36,41,7,16,44,27,42,17
"Orland Hills village, Illinois",7069,5685,520,736,0,74,0,670,532,1121,478,38,16,82337,875,1170,6208,60,2475,0,0,429,484,661,724,125,42,0,10,3714,466,2386,490,1896,66,246,416,163,336,143,546,106,79,567,651,17,56627,"Orland Hills village, Illinois",214,3060,312,0,0,147,4329,189,1476,,,,302,2386,715,242,148,307,76,103,120,10,158,552,220,256,148,269,197,426,92,61,9,113,167,18,0,22,119,76,311,141,44,0,55,"Orland Hills village, Illinois",100,286,203,246,96,460,284,299,60,133,141,149,18,57,26,51
"Orland Park village, Illinois",58380,47248,2386,5056,45,3062,27,4752,4369,10936,5105,1420,626,84676,2831,1203,48714,461,23473,448,401,3282,6479,5279,4947,1320,808,345,164,28838,3639,22487,3039,19448,417,1820,2414,1949,2406,1393,3630,1129,1745,3964,3360,17,56640,"Orland Park village, Illinois",945,21545,1543,52,118,1403,29096,1115,18998,,,,2699,22487,6296,1658,1485,2343,1177,729,350,257,796,1651,1709,1419,1647,1851,1820,2582,756,1148,785,1075,1161,1002,787,845,1461,1303,1385,1365,552,234,149,"Orland Park village, Illinois",621,1188,1613,1533,1564,1722,2034,2819,966,1081,914,1391,1849,1242,1056,1305
"Osco CDP, Illinois",110,110,0,0,0,0,0,40,5,0,0,0,0,116923,6,-666666666,110,0,42,0,0,0,0,0,0,0,0,12,30,62,18,42,6,36,0,6,0,4,20,0,13,6,12,11,0,17,56796,"Osco CDP, Illinois",0,66,0,0,0,0,81,9,24,,,,0,42,17,5,0,0,0,15,0,0,0,0,5,0,0,6,12,13,0,6,0,0,0,0,0,0,0,0,0,9,0,0,0,"Osco CDP, Illinois",0,0,4,0,0,0,11,13,0,11,0,0,0,0,0,0
"Oswego village, Illinois",35470,24333,2146,7387,24,1180,0,2808,2500,5999,3385,136,180,97330,614,1513,30333,445,11655,407,385,4626,3820,940,670,236,69,103,399,17276,2894,11566,1341,10225,279,797,1554,2499,3121,612,1639,528,698,1786,1430,17,56887,"Oswego village, Illinois",811,13266,1629,28,35,514,18185,464,7765,,,,1164,11566,5197,1227,1863,1552,918,475,180,198,746,647,683,885,1657,1635,1259,1308,169,413,81,362,365,384,121,175,1390,1051,1543,1090,232,241,0,"Oswego village, Illinois",849,1132,951,1078,2037,965,1583,1206,232,312,428,425,552,431,180,259
"Ottawa city, Illinois",18742,15579,861,1725,41,89,3,1968,1186,1617,819,188,63,53544,3037,822,17964,144,8801,108,182,730,528,703,980,652,1299,895,2724,8564,1018,7764,2689,5075,370,1780,1785,1139,620,606,559,202,141,368,374,17,56926,"Ottawa city, Illinois",244,7107,788,3,0,0,9368,495,5501,,,,1028,7764,2411,573,548,476,551,197,106,96,316,574,698,323,628,547,489,713,310,292,142,361,310,168,117,193,625,715,674,355,230,266,43,"Ottawa city, Illinois",355,518,641,558,362,550,836,663,280,426,178,289,449,284,358,359
"Otterville town, Illinois",195,195,0,0,0,0,0,8,3,2,0,0,0,53264,41,-666666666,195,0,84,0,0,7,2,1,4,16,35,12,7,97,1,80,8,72,3,0,4,4,24,0,0,2,0,6,0,17,56978,"Otterville town, Illinois",0,36,4,0,0,0,46,1,115,,,,49,80,9,16,0,1,0,3,0,0,1,7,0,3,2,0,1,11,0,0,0,2,1,14,30,5,9,8,0,1,0,0,0,"Otterville town, Illinois",1,0,0,14,8,2,7,6,2,0,0,2,14,19,5,0
"Owaneco village, Illinois",259,255,0,3,0,0,0,34,19,15,0,1,0,64063,22,713,258,1,95,0,0,2,1,9,0,6,16,5,56,118,18,87,17,70,1,7,27,15,3,0,17,0,4,46,13,17,57043,"Owaneco village, Illinois",2,129,4,0,0,0,146,3,76,,,,19,87,29,3,4,2,3,13,0,7,3,4,9,11,5,12,6,6,2,8,2,2,9,3,4,0,2,8,15,7,14,0,2,"Owaneco village, Illinois",0,12,6,26,7,9,8,2,0,5,4,0,4,10,0,0
"Oxville CDP, Illinois",18,18,0,0,0,0,0,0,0,0,0,0,0,-666666666,3,-666666666,18,0,9,0,0,4,0,0,0,0,0,0,5,8,0,9,0,9,0,2,0,3,0,0,2,0,0,0,0,17,57121,"Oxville CDP, Illinois",0,7,0,0,0,0,7,0,7,,,,3,9,2,0,0,0,0,0,0,0,0,0,0,2,0,0,0,3,0,0,0,0,0,0,3,0,0,0,0,4,0,0,0,"Oxville CDP, Illinois",0,0,0,0,2,0,4,0,0,0,0,0,0,0,0,0
"Paderborn CDP, Illinois",65,65,0,0,0,0,0,0,0,0,0,0,0,-666666666,0,-666666666,65,0,35,0,0,0,0,0,0,0,0,0,35,30,0,35,0,35,0,0,0,0,0,0,0,0,0,14,0,17,57160,"Paderborn CDP, Illinois",15,14,15,0,0,0,29,0,36,,,,15,35,0,0,0,0,0,0,0,0,0,0,0,15,0,0,0,0,0,0,0,15,0,0,0,0,0,0,0,0,0,0,0,"Paderborn CDP, Illinois",0,0,0,0,0,0,0,0,0,14,0,0,0,0,0,21
"Palatine village, Illinois",67875,42803,2083,13984,18,7565,2,6260,3320,14810,7278,1127,639,83495,6717,1236,50738,358,28395,176,89,2649,3695,5048,8400,4368,2567,779,624,32272,4466,26804,8651,18153,441,2545,3331,4600,4917,2363,5374,1702,1585,3482,2287,17,57225,"Palatine village, Illinois",965,27068,3523,65,82,1501,39195,1754,14088,,,,1783,26804,8154,2321,2072,1639,1137,697,181,247,1107,2505,3036,2254,2017,2461,2013,1902,1227,1362,726,771,996,765,492,435,2528,2404,2640,1537,511,212,257,"Palatine village, Illinois",1095,2384,2962,2477,1987,2327,1981,2434,1179,1335,696,935,1468,1018,518,627
"Palestine village, Illinois",1200,1190,0,4,1,0,0,157,195,34,18,2,4,41700,147,613,1188,3,684,0,9,19,55,15,94,41,147,52,252,504,67,578,113,465,59,66,111,93,2,5,12,0,4,47,6,17,57277,"Palestine village, Illinois",1,329,66,1,0,0,469,51,502,,,,98,578,147,44,41,26,30,3,0,7,14,16,35,9,38,25,42,17,12,13,6,55,41,16,6,8,45,41,31,23,17,0,0,"Palestine village, Illinois",26,32,24,37,22,52,18,86,29,30,27,40,46,23,38,9
"Palmer village, Illinois",288,288,0,0,0,0,0,17,24,22,0,0,0,65625,12,-666666666,288,0,125,2,2,1,2,10,24,1,3,20,60,148,25,119,8,111,13,6,24,16,8,2,9,4,2,24,0,17,57303,"Palmer village, Illinois",2,106,1,0,0,0,131,7,105,,,,14,119,43,2,2,12,12,13,2,0,4,3,4,9,10,17,8,3,0,2,4,26,6,4,5,0,6,8,18,3,5,3,2,"Palmer village, Illinois",4,3,4,18,5,19,3,7,1,12,3,1,3,9,1,2
"Palmyra village, Illinois",647,621,5,9,0,0,0,61,50,29,5,0,0,31563,154,577,641,6,375,2,4,29,78,23,56,33,23,23,104,290,53,303,91,212,24,24,7,21,43,13,11,17,1,42,22,17,57329,"Palmyra village, Illinois",19,222,2,0,0,0,284,15,245,,,,19,303,89,10,21,13,27,0,1,0,2,15,17,11,27,43,10,23,0,6,8,4,14,16,4,18,3,12,36,35,0,0,3,"Palmyra village, Illinois",10,20,5,36,27,14,40,25,11,2,2,8,48,7,7,6
"Paloma CDP, Illinois",174,174,0,0,0,0,0,31,24,0,0,0,0,-666666666,0,-666666666,174,0,55,0,0,0,12,0,0,20,0,0,23,101,0,55,0,55,0,0,0,0,15,0,100,0,0,0,0,17,57342,"Paloma CDP, Illinois",0,41,74,0,0,0,127,0,26,,,,30,55,23,0,0,0,21,26,0,0,0,0,0,0,23,0,0,7,0,0,24,0,0,0,0,0,0,0,0,0,0,27,0,"Paloma CDP, Illinois",0,0,0,0,0,24,8,0,0,0,0,0,0,14,0,0
"Palos Heights city, Illinois",12460,10932,254,1032,42,174,4,1160,689,2351,1409,229,68,90995,675,1362,11338,51,4961,59,34,730,367,786,1077,774,829,239,66,5981,585,4625,261,4364,93,329,585,803,555,240,748,170,340,466,605,17,57381,"Palos Heights city, Illinois",76,4077,345,36,15,292,5848,209,4797,,,,662,4625,976,318,299,402,115,154,77,67,182,310,457,257,244,268,330,480,216,316,187,307,456,316,224,217,258,196,275,298,233,42,89,"Palos Heights city, Illinois",62,263,282,199,380,253,286,510,333,225,296,342,472,424,226,317
"Palos Hills city, Illinois",17172,14044,915,1410,0,445,0,1791,1366,2196,1144,119,167,64364,2051,1073,12561,222,7719,26,0,334,861,1065,3682,881,628,125,117,7726,1171,7247,1738,5509,9,341,803,584,796,579,1102,368,501,1096,910,17,57394,"Palos Hills city, Illinois",196,6505,257,97,11,239,8540,418,5738,,,,639,7247,1621,559,428,536,147,113,83,174,95,295,450,670,480,643,534,482,224,337,220,352,422,335,98,126,312,410,372,346,344,76,188,"Palos Hills city, Illinois",341,452,491,759,594,452,558,575,261,641,245,375,568,384,336,289
"Palos Park village, Illinois",4779,4221,43,384,0,45,0,641,158,758,503,210,91,114020,145,1617,4139,14,2311,27,28,311,267,332,402,272,426,81,165,2115,244,2104,244,1860,0,257,254,167,229,36,186,85,140,249,185,17,57407,"Palos Park village, Illinois",63,1521,98,26,14,99,2064,48,2014,,,,304,2104,395,34,71,229,36,0,0,0,14,1,36,100,177,112,137,143,133,67,152,177,208,77,149,106,33,297,32,28,57,0,0,"Palos Park village, Illinois",66,37,44,116,117,135,176,245,265,179,37,90,142,207,112,205
"Pana city, Illinois",5338,5163,69,15,0,68,0,332,326,356,91,0,27,47701,801,624,5243,36,3123,16,0,171,206,427,340,271,476,238,978,2469,217,2425,727,1698,279,460,201,120,198,192,189,8,59,412,208,17,57472,"Pana city, Illinois",19,2084,201,6,0,0,2516,34,1681,,,,398,2425,670,134,266,68,64,105,12,13,54,153,140,236,24,61,156,293,56,93,95,123,112,60,122,59,184,232,188,86,79,0,91,"Pana city, Illinois",127,147,172,143,49,142,103,299,55,89,125,89,96,158,113,72
"Panama village, Illinois",221,217,0,1,0,0,0,18,13,7,9,0,0,55114,23,667,220,0,130,1,0,11,4,7,19,8,18,0,62,103,4,111,11,100,0,5,1,6,21,12,10,19,0,10,7,17,57498,"Panama village, Illinois",4,62,30,0,0,0,106,6,77,,,,27,111,20,3,12,6,2,2,0,0,1,11,7,8,2,3,1,9,6,7,4,2,8,4,2,3,4,7,6,0,2,0,0,"Panama village, Illinois",6,0,11,6,6,4,19,5,4,4,9,2,9,3,11,0
"Panola village, Illinois",18,18,0,0,0,0,0,0,1,5,2,0,0,-666666666,0,-666666666,18,0,16,7,1,1,0,0,0,0,1,0,6,13,1,11,0,11,0,1,0,0,0,0,1,0,0,4,0,17,57524,"Panola village, Illinois",0,6,0,0,0,0,6,0,9,,,,1,11,2,2,0,0,1,0,0,0,0,0,0,1,0,0,1,0,0,7,0,0,0,0,1,0,0,0,0,0,0,0,0,"Panola village, Illinois",0,0,3,0,0,1,0,0,0,0,0,0,0,0,1,0
"Papineau village, Illinois",128,117,0,0,0,2,0,10,8,0,1,0,0,42750,15,769,127,0,66,0,0,0,13,6,8,0,13,6,20,62,9,61,20,41,1,2,14,7,5,1,8,10,0,7,0,17,57576,"Papineau village, Illinois",2,55,0,0,0,0,68,6,34,,,,9,61,13,3,4,13,1,0,0,0,0,3,0,5,3,2,7,4,1,6,1,0,4,0,5,0,1,2,2,0,0,0,4,"Papineau village, Illinois",0,1,6,0,8,1,9,5,0,5,0,1,9,5,0,7
"Paris city, Illinois",8616,8434,69,88,0,0,3,862,560,617,374,37,0,42446,1190,651,8514,65,4611,131,48,289,137,293,703,473,869,345,1323,4043,494,4137,1348,2789,499,1571,708,214,84,85,136,33,142,236,119,17,57628,"Paris city, Illinois",0,3301,420,3,0,0,4226,155,3126,,,,598,4137,1123,207,163,235,165,131,71,34,167,299,179,315,313,245,249,278,92,167,89,243,223,90,118,101,223,155,200,234,97,41,47,"Paris city, Illinois",223,238,210,248,299,264,258,384,117,238,127,158,257,112,120,192
"Park City city, Illinois",7636,1053,748,5474,0,327,0,370,101,310,107,0,7,50860,1003,930,4686,73,2540,0,27,103,750,815,655,63,68,40,19,3388,522,2455,1187,1268,159,374,505,609,500,466,405,156,163,157,118,17,57654,"Park City city, Illinois",59,2889,738,28,0,16,4192,399,1631,,,,181,2455,1125,237,290,230,222,29,107,111,211,282,381,65,300,267,255,148,43,57,8,28,79,70,7,7,188,398,369,154,246,62,130,"Park City city, Illinois",346,230,109,316,343,427,129,178,75,141,37,60,65,17,6,176
"Parkersburg village, Illinois",223,218,0,0,0,0,0,18,27,6,1,0,0,35000,28,538,223,0,99,0,1,12,9,25,16,12,9,3,12,108,5,96,16,80,1,4,13,25,28,3,0,0,6,9,13,17,57693,"Parkersburg village, Illinois",7,94,15,0,0,0,115,3,67,,,,17,96,28,4,14,3,0,11,2,0,7,7,7,9,4,3,2,3,2,11,1,5,3,2,8,0,16,0,4,1,3,0,0,"Parkersburg village, Illinois",5,6,4,1,4,3,17,8,2,8,4,1,1,4,22,1
"Park Forest village, Illinois",20715,4743,14146,982,0,90,0,3221,1965,2266,1421,224,96,56393,2605,1247,19732,160,9192,0,0,333,443,458,905,1383,4361,1130,179,9667,1144,8179,3404,4775,32,677,1137,993,1024,420,1011,474,230,1258,1166,17,57732,"Park Forest village, Illinois",370,7005,583,183,203,492,10547,1058,6065,,,,822,8179,2311,460,990,740,492,318,34,47,358,946,531,645,919,494,650,511,173,297,141,278,226,178,203,46,617,551,511,390,175,49,143,"Park Forest village, Illinois",334,754,770,652,947,828,695,637,342,590,302,486,542,223,274,226
"Park Ridge city, Illinois",37431,32124,276,1975,0,2221,0,2826,1690,9683,4770,1296,499,113809,1442,1360,31754,390,15466,431,60,1294,750,582,1364,3090,4299,1321,2275,18088,2371,14384,2478,11906,353,1165,1823,1709,1654,1468,2698,594,638,2217,1838,17,57875,"Park Ridge city, Illinois",206,12267,1051,103,574,1588,19027,608,10651,,,,1224,14384,4634,1172,1374,1375,634,538,141,175,460,784,758,985,1438,1217,1199,1329,645,675,380,720,814,421,408,620,1003,1300,1012,935,302,71,54,"Park Ridge city, Illinois",389,599,673,1200,1269,1397,1649,1670,487,932,427,503,1038,799,515,945
"Patoka village, Illinois",585,582,0,0,0,3,0,70,40,19,12,2,0,52917,63,663,582,0,266,0,3,23,18,40,43,7,26,14,92,266,51,240,33,207,18,17,13,13,42,39,72,5,8,1,12,17,58057,"Patoka village, Illinois",13,234,11,0,0,0,275,8,171,,,,23,240,78,21,26,16,4,5,0,0,12,15,16,17,18,16,35,3,7,3,20,10,7,11,2,2,12,14,35,13,6,10,3,"Patoka village, Illinois",9,13,17,16,24,15,31,27,9,10,11,10,12,7,11,4
"Pawnee village, Illinois",2522,2474,0,0,0,6,0,227,196,247,94,5,35,69891,260,892,2516,0,1172,0,24,96,228,102,239,147,114,83,139,1241,160,998,198,800,73,95,30,70,167,190,420,38,11,51,48,17,58174,"Pawnee village, Illinois",30,1137,57,0,0,0,1406,83,538,,,,158,998,398,51,84,133,41,34,23,14,76,94,61,44,93,74,96,102,24,16,41,17,52,20,30,31,78,98,91,48,9,25,12,"Pawnee village, Illinois",127,74,41,99,72,122,65,91,36,12,12,18,47,32,40,22
"Paw Paw village, Illinois",999,962,2,32,0,3,0,206,49,52,20,0,1,51696,84,755,973,0,449,0,2,25,30,17,55,91,50,21,158,531,73,389,108,281,25,27,10,25,34,24,56,31,29,69,90,17,58226,"Paw Paw village, Illinois",19,385,37,3,0,0,487,26,296,,,,69,389,107,39,31,22,7,13,12,4,27,46,73,43,7,31,42,36,8,22,15,1,22,9,14,7,34,40,43,17,4,17,0,"Paw Paw village, Illinois",10,21,43,26,31,14,41,25,12,18,1,27,15,8,8,13
"Paxton city, Illinois",4076,3656,79,264,14,44,0,397,320,436,169,3,17,51716,445,640,3997,17,1791,85,19,64,77,160,309,140,207,177,553,1898,273,1663,457,1206,483,253,134,195,137,76,256,58,42,152,18,17,58239,"Paxton city, Illinois",36,1609,153,0,0,0,1977,38,1133,,,,271,1663,528,122,213,124,60,88,17,55,35,128,97,156,72,167,126,126,60,62,65,14,105,23,16,49,106,143,198,96,14,14,24,"Paxton city, Illinois",25,102,153,85,209,106,158,110,48,32,51,45,72,122,45,138
"Payson village, Illinois",1398,1338,0,16,0,28,0,88,105,110,33,2,0,62813,152,792,1394,2,494,0,0,37,29,74,167,58,64,0,65,715,97,444,83,361,46,53,34,98,220,71,146,4,5,26,9,17,58265,"Payson village, Illinois",7,683,26,0,0,0,778,8,162,,,,55,444,201,104,70,59,18,15,0,5,30,77,58,34,37,65,32,31,23,16,5,18,10,8,0,0,40,69,103,25,15,0,0,"Payson village, Illinois",39,91,30,29,51,30,46,26,27,11,13,17,8,0,10,3
"Pearl village, Illinois",98,98,0,0,0,0,0,5,3,2,0,0,0,47188,11,-666666666,98,0,62,0,0,6,5,1,3,0,4,7,36,55,2,34,1,33,8,0,0,3,2,0,0,0,0,6,5,17,58343,"Pearl village, Illinois",3,26,1,0,0,0,30,0,49,,,,6,34,12,0,4,0,0,7,0,3,0,0,0,13,0,2,0,2,0,0,0,10,10,2,2,0,0,4,4,11,0,0,0,"Pearl village, Illinois",0,0,0,5,6,3,0,0,0,0,1,2,5,0,2,0
"Pearl City village, Illinois",831,824,0,6,0,0,0,116,60,64,29,0,0,66458,99,619,820,3,321,0,9,23,41,9,57,14,9,13,146,422,67,291,61,230,28,11,69,73,100,8,25,6,2,21,21,17,58369,"Pearl City village, Illinois",8,345,17,0,0,0,393,7,170,,,,30,291,126,68,60,24,20,6,4,4,4,10,15,27,15,38,29,34,16,13,2,5,11,5,6,6,26,22,27,65,10,0,9,"Pearl City village, Illinois",6,12,22,19,30,39,11,38,22,2,12,11,7,8,4,7
"Pecatonica village, Illinois",1957,1731,14,58,11,0,0,229,171,138,20,4,6,62250,77,925,1937,10,836,0,8,94,89,79,59,76,119,37,275,1045,123,799,164,635,33,67,43,46,142,115,247,64,35,32,29,17,58408,"Pecatonica village, Illinois",53,798,80,0,0,0,1072,61,495,,,,121,799,237,112,102,53,17,39,38,45,40,54,63,56,80,25,98,60,17,16,0,21,21,45,44,5,49,33,33,35,10,0,34,"Pecatonica village, Illinois",62,24,63,76,27,91,88,52,26,26,9,18,46,39,22,43
"Pekin city, Illinois",32796,30384,714,704,98,203,15,3497,2469,2826,1005,156,136,50552,4826,671,32447,96,15159,104,233,913,587,711,2905,2278,3299,856,3273,14956,1974,13777,4320,9457,560,2438,2484,1581,1799,1320,1992,464,163,451,292,17,58447,"Pekin city, Illinois",411,12199,1095,209,0,0,15444,845,10965,,,,1872,13777,3707,1411,1091,933,583,220,110,170,603,1176,1391,954,1027,1277,958,1010,366,668,349,641,490,343,130,285,767,1090,790,423,281,101,145,"Pekin city, Illinois",692,1212,1059,921,743,1201,727,1178,464,951,364,628,1041,691,413,728
"Penfield CDP, Illinois",235,223,0,5,0,0,0,15,15,0,4,0,0,76250,14,703,235,0,104,0,0,0,16,0,8,9,7,0,64,122,20,104,30,74,2,6,0,0,38,7,0,5,6,3,0,17,58577,"Penfield CDP, Illinois",6,73,0,0,0,0,77,4,108,,,,44,104,15,0,0,28,0,4,0,0,0,0,16,0,3,14,6,6,0,0,3,28,8,0,0,6,0,0,19,3,0,0,0,"Penfield CDP, Illinois",6,0,15,0,10,0,6,2,0,0,0,9,35,5,3,0
"Peoria city, Illinois",112644,62711,30151,7515,318,7101,0,10672,6170,15406,7526,1825,1046,51736,21494,817,102567,760,53681,709,1155,5330,3840,3678,7790,6551,7191,4226,13211,53695,5927,46430,20282,26148,1309,7236,11156,11340,6769,1915,2636,272,336,663,940,17,59000,"Peoria city, Illinois",515,38426,3943,867,0,0,53760,5192,34328,,,,5140,46430,12585,4221,4027,3433,1983,1669,1044,689,2533,4421,3851,3749,2983,2907,3075,2980,1194,1791,1337,1423,1814,1336,760,1001,4169,3825,3522,1881,1577,971,1068,"Peoria city, Illinois",2244,4424,4083,4121,2935,3309,3138,3567,1641,1930,1347,1585,2335,1655,1287,1809
"Peoria Heights village, Illinois",5825,5126,256,157,0,48,0,847,623,763,289,69,114,45921,1078,785,5620,51,3177,0,0,85,103,101,430,348,673,494,943,2666,291,2788,1240,1548,84,381,794,825,337,179,33,51,37,41,7,17,59026,"Peoria Heights village, Illinois",31,2599,77,43,0,0,3132,186,1486,,,,461,2788,569,203,270,105,57,21,0,11,52,258,186,290,162,100,196,210,91,66,42,99,112,73,21,88,148,253,174,113,45,90,0,"Peoria Heights village, Illinois",85,294,162,197,180,196,246,226,32,205,43,141,76,87,49,70
"Peotone village, Illinois",4066,3784,13,123,0,3,0,311,331,529,175,0,15,80606,185,883,4020,10,1542,61,0,258,232,107,286,69,151,69,309,2037,321,1492,401,1091,117,104,208,262,229,111,245,129,59,209,187,17,59052,"Peotone village, Illinois",109,1807,77,0,25,28,2272,159,1161,,,,173,1492,501,50,78,118,181,93,62,91,50,178,97,129,111,137,184,122,103,55,32,31,42,40,34,19,28,109,185,96,87,37,71,"Peotone village, Illinois",92,95,56,177,114,175,154,225,52,7,13,55,75,59,29,38
"Percy village, Illinois",1110,815,38,249,0,8,0,76,62,25,8,0,0,36163,238,598,1019,0,470,0,2,57,83,14,80,42,30,11,151,647,59,382,121,261,71,42,53,21,30,94,33,13,3,16,0,17,59104,"Percy village, Illinois",11,243,131,0,0,0,437,11,328,,,,54,382,159,60,99,60,47,16,0,35,66,20,14,38,62,30,29,15,16,8,0,3,13,9,2,5,55,13,57,14,31,0,10,"Percy village, Illinois",7,42,19,42,8,35,0,37,0,10,9,12,12,16,22,12
"Perry village, Illinois",274,263,8,2,0,0,0,49,29,12,9,2,0,31750,62,513,266,0,200,0,0,2,6,17,56,23,21,12,63,131,20,147,26,121,5,16,5,4,17,5,12,3,0,26,2,17,59156,"Perry village, Illinois",2,83,8,0,0,0,103,2,145,,,,18,147,30,0,5,8,6,1,2,0,0,9,6,9,1,8,12,13,2,5,6,7,15,9,6,1,2,3,8,5,2,0,2,"Perry village, Illinois",8,5,4,7,7,3,20,11,5,7,2,9,5,7,13,8
"Peru city, Illinois",9777,8581,57,865,0,103,0,1042,1012,1098,369,48,43,52635,1073,760,9293,24,5042,9,81,457,475,208,341,932,832,390,1317,4400,618,4482,1287,3195,448,1004,1353,487,292,282,201,120,0,79,35,17,59234,"Peru city, Illinois",70,3817,433,0,0,0,5021,296,2999,,,,594,4482,1149,262,417,134,53,23,21,71,182,199,291,186,257,246,372,502,48,150,129,165,261,228,46,231,389,194,270,185,97,0,25,"Peru city, Illinois",186,345,420,99,266,194,514,415,50,160,103,157,366,187,311,370
"Pesotum village, Illinois",447,424,0,6,6,0,0,38,38,78,20,0,0,76339,35,850,445,0,213,0,0,3,5,16,40,35,18,5,91,219,44,193,14,179,2,12,4,19,58,50,67,4,0,2,6,17,59273,"Pesotum village, Illinois",6,209,15,3,0,0,259,16,119,,,,21,193,46,16,4,10,6,3,0,4,12,19,11,7,8,27,17,27,20,5,2,6,4,9,2,0,7,10,16,4,12,0,3,"Pesotum village, Illinois",0,12,20,11,11,10,22,22,4,24,4,11,0,6,12,7
"Petersburg city, Illinois",2564,2415,11,31,0,9,0,258,121,247,181,26,26,62574,342,669,2538,8,1209,36,6,60,98,50,128,108,143,43,537,1255,158,1119,421,698,64,238,62,89,110,20,251,125,133,137,47,17,59312,"Petersburg city, Illinois",11,1138,108,0,0,0,1461,86,612,,,,236,1119,383,111,67,105,14,28,6,25,95,35,78,89,96,73,89,126,31,16,23,17,42,28,29,53,41,62,77,73,26,16,5,"Petersburg city, Illinois",60,79,117,75,93,113,92,96,11,13,23,25,46,41,34,70
"Phillipstown village, Illinois",45,44,1,0,0,0,0,2,6,2,0,0,0,50000,14,-666666666,45,0,24,0,0,3,3,8,0,2,6,0,2,33,6,24,6,18,0,0,0,0,11,0,6,0,0,3,3,17,59520,"Phillipstown village, Illinois",0,18,5,0,0,0,29,0,14,,,,0,24,3,0,2,0,0,0,8,0,4,0,3,0,0,6,0,7,0,2,0,0,1,0,0,0,0,0,0,0,0,0,0,"Phillipstown village, Illinois",0,2,0,0,0,0,0,7,0,0,1,0,2,0,0,0
"Philo village, Illinois",1398,1398,0,0,0,0,0,98,94,160,80,7,11,91156,44,916,1385,6,493,1,3,59,67,54,53,84,38,3,131,654,76,463,46,417,78,28,61,187,283,63,57,11,9,3,5,17,59533,"Philo village, Illinois",3,742,36,0,0,0,819,6,283,,,,65,463,178,26,28,80,21,18,10,0,18,76,35,24,62,56,20,46,19,30,17,20,22,3,17,6,54,23,59,64,22,12,10,"Philo village, Illinois",11,47,38,35,81,20,78,38,21,21,26,24,14,24,16,6
"Phoenix village, Illinois",1402,28,1116,200,0,0,0,200,65,125,19,10,0,30455,405,800,1286,0,753,0,0,31,142,29,43,137,102,99,170,637,59,612,218,394,25,62,67,11,32,26,96,39,10,75,63,17,59572,"Phoenix village, Illinois",18,413,56,18,21,0,674,101,487,,,,110,612,126,49,44,27,8,25,0,26,32,11,41,68,31,47,12,76,8,39,0,12,40,12,12,17,18,58,45,0,21,19,12,"Phoenix village, Illinois",21,45,47,43,43,21,54,76,29,46,25,15,54,17,40,16
"Pierron village, Illinois",393,383,0,10,0,0,0,109,38,15,8,0,0,70313,44,725,386,0,208,5,3,6,25,31,32,45,10,3,48,206,23,180,20,160,3,4,6,53,25,14,9,0,16,30,8,17,59709,"Pierron village, Illinois",2,145,17,5,0,0,231,0,111,,,,33,180,33,9,11,6,8,0,1,0,0,38,12,10,8,14,9,18,5,17,23,4,5,3,0,5,3,17,0,0,7,0,2,"Pierron village, Illinois",4,5,5,2,18,11,11,27,9,4,35,7,6,4,4,6
"Pinckneyville city, Illinois",5391,3391,1503,369,0,87,0,540,257,277,70,0,0,29942,788,488,5188,3,1734,0,0,88,65,320,251,127,136,115,632,1365,143,1589,617,972,174,274,128,72,133,107,72,0,21,164,15,17,59884,"Pinckneyville city, Illinois",12,964,139,0,0,0,1239,58,3658,,,,211,1589,431,132,62,99,94,79,58,50,234,452,528,365,382,325,219,222,99,69,29,27,100,64,10,0,61,33,73,32,62,0,12,"Pinckneyville city, Illinois",28,113,86,140,72,131,85,156,88,71,19,54,187,0,145,44
"Pingree Grove village, Illinois",8768,5721,201,1866,0,859,0,1023,531,2095,562,12,0,89683,704,1645,7243,122,3118,1003,269,1730,0,0,0,0,0,74,42,4342,487,2968,504,2464,79,0,142,432,544,361,374,291,406,727,623,17,59988,"Pingree Grove village, Illinois",100,3666,362,0,0,0,4722,54,1646,,,,555,2968,1304,484,409,306,119,0,0,13,129,411,183,347,448,207,280,224,236,90,49,59,189,159,0,0,90,438,559,184,0,0,0,"Pingree Grove village, Illinois",209,410,319,431,324,333,106,345,0,253,4,64,308,38,11,0
"Piper City village, Illinois",855,763,8,35,10,0,0,116,35,31,3,1,0,36310,159,577,830,4,460,0,0,3,32,16,101,86,53,16,153,397,60,398,138,260,98,61,27,39,51,5,46,8,5,15,27,17,60079,"Piper City village, Illinois",4,315,54,0,0,0,450,62,260,,,,61,398,136,29,20,26,7,16,0,16,7,20,21,12,9,32,28,41,56,11,0,14,24,10,12,3,38,18,14,0,6,7,12,"Piper City village, Illinois",50,28,6,17,48,21,29,46,6,19,0,18,17,8,6,27
"Browning village, Illinois",145,140,3,0,0,0,0,33,12,6,0,0,0,57500,0,-666666666,145,0,56,0,0,7,3,3,0,1,12,11,19,81,7,46,11,35,10,1,4,34,1,3,3,7,2,2,1,17,08953,"Browning village, Illinois",5,69,3,0,0,0,83,4,27,,,,22,46,20,22,0,0,1,0,0,0,5,8,0,0,7,6,1,5,11,1,0,4,10,0,0,0,4,4,4,5,0,0,0,"Browning village, Illinois",0,18,0,1,10,1,0,1,0,0,12,2,0,2,0,0
"Browns village, Illinois",226,213,0,0,2,0,0,44,24,12,6,0,0,63125,37,-666666666,225,0,95,0,6,2,14,6,14,7,20,16,10,117,14,91,6,85,6,14,20,13,7,7,14,4,6,6,0,17,08979,"Browns village, Illinois",1,88,10,0,0,0,100,0,68,,,,31,91,26,6,23,0,2,0,0,0,7,3,6,8,4,8,6,17,6,11,0,4,3,2,0,1,14,10,3,1,0,0,0,"Browns village, Illinois",3,10,7,0,4,11,14,4,1,8,4,11,1,0,0,3
"Brownstown village, Illinois",839,832,0,0,0,0,0,59,20,51,15,0,0,47171,219,597,839,0,343,0,0,15,22,42,23,26,48,58,109,412,37,313,103,210,19,84,29,65,16,22,69,0,9,30,0,17,08992,"Brownstown village, Illinois",4,267,42,0,0,0,379,28,280,,,,36,313,111,57,40,27,17,9,0,0,0,49,18,40,30,24,13,25,10,4,0,9,19,12,0,9,26,7,23,6,32,22,2,"Brownstown village, Illinois",28,37,33,41,16,15,17,15,5,5,8,19,15,24,11,20
"Brussels village, Illinois",113,111,0,2,0,0,0,6,8,5,0,1,0,-666666666,31,439,111,0,78,0,0,6,5,0,7,6,2,1,51,44,3,36,15,21,8,12,3,9,2,0,5,0,0,1,14,17,09148,"Brussels village, Illinois",0,34,7,0,0,0,54,0,49,,,,10,36,4,0,0,0,7,0,0,0,5,0,6,2,3,3,0,5,0,3,2,0,2,3,3,0,0,0,4,0,2,0,0,"Brussels village, Illinois",0,4,9,10,0,3,9,9,5,2,0,1,3,4,1,3
"Bryant village, Illinois",225,214,0,0,0,0,0,8,24,9,13,0,0,47188,29,588,212,4,118,0,0,3,11,14,38,6,10,7,29,124,7,86,14,72,3,21,6,7,6,0,2,2,4,34,9,17,09161,"Bryant village, Illinois",0,68,26,0,0,0,117,23,52,,,,6,86,36,17,10,11,4,0,0,0,10,0,0,17,11,1,6,10,10,5,5,4,1,2,0,0,8,6,3,1,0,2,9,"Bryant village, Illinois",0,7,8,0,10,1,6,22,4,4,0,1,3,5,0,1
"Buckingham village, Illinois",270,229,0,13,0,0,0,25,28,7,7,0,0,63750,32,725,270,0,102,0,2,4,4,9,34,10,7,0,32,131,7,90,12,78,1,15,1,4,17,6,25,5,5,9,8,17,09304,"Buckingham village, Illinois",8,99,4,0,0,0,115,4,91,,,,15,90,28,13,12,10,3,0,3,0,0,13,7,11,7,4,3,4,3,16,3,8,8,1,2,0,4,13,4,5,3,2,0,"Buckingham village, Illinois",6,4,13,5,4,12,10,11,6,14,6,1,1,15,0,0
"Buckley village, Illinois",510,491,0,19,0,0,0,50,57,40,25,1,2,57750,36,675,510,0,279,0,0,12,13,34,31,23,45,25,96,277,27,243,33,210,5,14,38,31,7,17,36,10,27,36,8,17,09317,"Buckley village, Illinois",2,171,52,0,0,0,240,2,183,,,,62,243,67,8,13,30,4,8,1,0,2,9,21,11,23,20,7,31,22,18,5,3,6,12,8,15,5,18,5,12,3,0,2,"Buckley village, Illinois",0,11,19,5,22,6,25,12,22,14,5,4,8,22,4,9
"Buckner village, Illinois",348,334,0,2,0,0,0,37,40,16,4,0,0,38542,57,720,346,0,169,0,0,9,9,15,6,14,4,31,81,181,18,151,16,135,6,5,36,18,35,5,20,0,0,12,9,17,09330,"Buckner village, Illinois",2,123,19,0,0,0,168,18,123,,,,32,151,36,10,16,7,10,1,2,1,10,17,10,7,23,4,14,1,0,2,16,4,16,2,0,8,5,6,11,4,0,3,12,"Buckner village, Illinois",14,6,9,9,14,14,17,7,1,5,4,5,9,2,3,7
"Buda village, Illinois",606,567,0,11,0,28,0,37,42,22,7,10,0,42250,78,805,584,3,268,9,0,14,2,3,20,16,40,27,137,285,65,241,41,200,36,11,11,15,42,14,24,12,19,32,41,17,09356,"Buda village, Illinois",14,247,23,0,0,0,304,31,170,,,,26,241,78,9,22,11,32,7,0,2,8,17,20,23,14,9,56,15,7,6,6,2,4,10,3,2,18,19,40,7,13,0,3,"Buda village, Illinois",16,19,9,12,21,26,42,23,10,7,3,5,12,6,8,2
"Buffalo village, Illinois",345,319,0,0,0,6,0,46,11,52,15,0,2,52750,38,905,315,2,183,3,0,0,20,34,47,16,17,15,31,179,45,153,52,101,11,8,6,32,20,12,66,0,7,10,0,17,09434,"Buffalo village, Illinois",0,147,12,0,0,0,190,8,98,,,,28,153,43,0,23,9,15,6,0,7,4,2,7,10,3,41,4,10,0,4,3,8,12,5,6,0,0,4,18,4,0,3,0,"Buffalo village, Illinois",4,7,9,22,8,10,10,11,3,15,0,0,23,4,5,6
"Buffalo Grove village, Illinois",40804,26782,1343,2667,51,8872,35,2805,2016,10925,6455,772,781,117921,2007,1700,26133,433,15775,46,69,613,3089,4932,4367,1966,541,27,125,19224,3263,15276,3158,12118,320,976,2040,2770,2849,1395,3140,731,1060,1705,1526,17,09447,"Buffalo Grove village, Illinois",792,16203,1251,155,74,1111,23361,721,9420,,,,912,15276,5576,1020,1052,1299,844,318,238,93,767,1241,1085,1377,1450,1644,1619,1441,514,718,505,583,635,339,202,316,1150,1452,1452,1031,386,272,168,"Buffalo Grove village, Illinois",714,953,1131,1471,1793,1595,1447,1612,805,921,474,724,703,386,420,444
"Buffalo Prairie CDP, Illinois",27,27,0,0,0,0,0,0,0,0,0,0,0,-666666666,0,-666666666,27,0,27,0,0,0,0,0,27,0,0,0,0,27,0,27,0,27,0,0,0,0,0,0,0,0,0,0,0,17,09499,"Buffalo Prairie CDP, Illinois",0,0,0,0,0,0,0,0,27,,,,0,27,0,0,0,0,0,0,0,0,0,0,0,0,0,0,0,27,0,0,0,0,0,0,0,0,0,0,0,0,0,0,0,"Buffalo Prairie CDP, Illinois",0,0,0,0,0,0,0,0,0,0,0,0,0,0,0,0
"Bull Valley village, Illinois",1401,1074,0,131,0,169,0,190,35,483,103,22,10,95556,66,-666666666,1195,10,555,0,0,88,127,62,141,55,32,7,43,640,67,536,33,503,0,14,53,111,69,7,23,15,10,78,116,17,09531,"Bull Valley village, Illinois",50,451,14,6,0,66,677,23,584,,,,83,536,97,22,8,16,4,23,6,4,37,49,9,32,26,19,48,63,26,45,17,72,44,47,15,8,48,10,33,22,10,0,0,"Bull Valley village, Illinois",64,12,36,8,28,27,53,94,23,58,72,61,56,29,14,3
"Bulpitt village, Illinois",236,231,0,5,0,0,0,14,25,5,2,1,2,59250,24,746,236,0,92,1,0,9,6,0,2,4,2,18,50,115,19,77,33,44,0,0,27,22,0,11,23,3,3,12,1,17,09538,"Bulpitt village, Illinois",2,99,5,0,0,0,125,10,67,,,,17,77,30,4,3,14,14,13,0,6,8,8,2,0,10,12,7,1,5,1,0,0,3,3,0,1,3,4,10,0,4,2,7,"Bulpitt village, Illinois",6,21,1,12,7,10,7,2,4,4,3,6,4,4,0,0
"Buncombe village, Illinois",283,265,0,16,0,2,0,18,5,15,4,0,0,45000,67,647,279,2,115,0,0,4,6,10,30,15,17,17,16,130,10,90,23,67,5,9,4,12,5,19,18,0,3,10,1,17,09551,"Buncombe village, Illinois",0,80,4,0,0,0,96,8,102,,,,15,90,39,18,7,11,12,18,1,0,4,9,0,3,3,5,5,14,2,3,7,4,2,2,0,0,29,8,9,7,3,0,8,"Buncombe village, Illinois",14,6,7,7,7,3,7,10,4,5,2,0,11,4,0,2
"Bunker Hill city, Illinois",1468,1439,14,5,0,6,0,146,93,121,36,3,0,53606,179,733,1429,21,726,0,0,29,68,84,101,95,121,80,148,713,81,617,209,408,36,36,10,41,38,104,150,43,61,77,62,17,09577,"Bunker Hill city, Illinois",26,608,45,6,0,0,767,43,428,,,,129,617,168,50,48,35,18,46,0,2,26,70,48,34,45,23,58,64,28,15,8,48,15,20,3,9,57,20,40,43,12,0,3,"Bunker Hill city, Illinois",32,40,39,19,44,53,59,76,20,37,35,47,15,10,33,21
"Burbank city, Illinois",28447,14669,743,11772,87,641,0,2585,1509,2251,646,78,33,70052,3022,1120,19765,677,9600,38,12,615,643,756,1240,2506,2821,620,349,14684,1799,9108,1916,7192,104,706,1119,1151,1389,774,2264,351,770,1603,1435,17,09642,"Burbank city, Illinois",769,9833,1525,313,360,113,14116,944,7802,,,,816,9108,3332,1145,742,1324,717,505,81,143,523,1225,784,902,1090,961,848,1132,401,383,407,375,359,310,194,218,638,1043,1152,583,335,103,74,"Burbank city, Illinois",732,802,773,856,1025,645,819,937,495,480,252,401,514,392,344,283
"Bureau Junction village, Illinois",220,213,0,2,0,0,0,25,5,5,0,0,0,67500,13,750,220,0,114,0,0,3,4,4,6,7,14,2,74,107,18,82,25,57,0,3,21,15,22,2,32,0,4,5,8,17,09681,"Bureau Junction village, Illinois",10,108,6,0,0,0,146,20,44,,,,9,82,19,7,4,9,6,7,0,1,8,4,1,9,5,12,6,6,4,7,6,2,0,2,1,0,0,0,7,3,3,7,0,"Bureau Junction village, Illinois",9,3,6,9,8,20,8,14,0,6,0,0,1,3,2,4
"Burlington village, Illinois",514,484,0,25,0,0,0,64,44,62,24,6,0,80833,37,1094,489,3,199,0,3,56,2,2,28,14,17,7,70,231,47,182,59,123,5,7,13,26,27,13,38,13,31,12,14,17,09759,"Burlington village, Illinois",10,187,8,0,0,0,248,4,168,,,,27,182,63,24,3,2,11,0,0,0,15,19,10,10,8,11,36,10,13,4,8,23,2,9,3,10,20,10,24,15,15,15,27,"Burlington village, Illinois",12,8,13,10,15,29,12,6,9,19,0,3,3,7,4,7
"Burnham village, Illinois",4121,561,2637,910,0,0,0,543,416,225,87,42,35,46382,589,1006,3785,12,1761,0,0,26,268,206,299,323,264,176,199,1948,187,1607,646,961,8,77,291,251,79,54,128,27,82,312,373,17,09798,"Burnham village, Illinois",109,1365,140,150,33,63,2125,205,1197,,,,111,1607,433,217,156,208,96,34,69,0,57,73,93,317,153,99,88,143,20,46,18,24,60,39,27,34,43,34,100,131,27,9,11,"Burnham village, Illinois",35,127,181,181,59,295,149,205,34,60,61,26,71,79,58,74
"Burnt Prairie village, Illinois",89,86,0,0,0,0,0,1,20,0,0,0,0,58438,4,-666666666,89,0,54,3,0,3,0,0,5,0,4,11,28,49,1,27,0,27,0,0,20,25,0,1,1,0,0,0,0,17,09889,"Burnt Prairie village, Illinois",0,46,1,0,0,0,51,4,21,,,,7,27,12,4,11,0,0,0,0,0,8,3,0,10,0,0,1,0,2,0,0,0,2,8,0,0,0,0,2,0,0,0,0,"Burnt Prairie village, Illinois",10,1,2,0,0,15,1,0,0,0,0,1,5,3,0,0
"Burr Ridge village, Illinois",10761,8125,87,597,0,1585,0,762,320,2435,1647,1215,384,151900,350,1869,8203,106,4632,193,83,787,960,1066,860,143,450,52,38,5359,662,4278,245,4033,38,185,203,251,418,344,649,68,398,544,683,17,09980,"Burr Ridge village, Illinois",116,2984,389,232,5,235,5099,152,3740,,,,355,4278,1111,242,492,440,181,92,13,11,136,61,246,207,154,380,282,373,218,304,362,199,457,248,146,120,182,248,221,176,37,0,22,"Burr Ridge village, Illinois",165,62,178,187,381,392,263,601,337,298,194,461,454,233,122,183
"Burton CDP, Illinois",41,41,0,0,0,0,0,0,0,0,0,0,0,-666666666,0,-666666666,41,0,27,0,0,0,13,0,0,0,14,0,0,14,0,27,0,27,0,0,0,0,14,0,0,0,0,0,0,17,10006,"Burton CDP, Illinois",0,14,0,0,0,0,14,0,27,,,,0,27,0,0,0,0,0,0,0,0,0,0,0,0,0,0,0,0,14,0,0,0,0,0,0,0,0,0,0,0,0,0,0,"Burton CDP, Illinois",0,0,0,0,0,0,14,0,0,0,13,0,0,0,0,0
"Burtons Bridge CDP, Illinois",273,265,0,0,0,0,0,53,9,49,0,0,0,64271,12,-666666666,262,11,97,0,0,0,0,0,67,0,22,8,0,142,10,97,10,87,0,9,23,0,16,10,10,0,0,0,9,17,10045,"Burtons Bridge CDP, Illinois",0,77,0,0,0,0,135,30,59,,,,6,97,47,23,26,0,6,0,0,0,0,13,0,10,0,10,0,20,0,9,0,9,6,10,0,0,0,18,6,0,0,0,0,"Burtons Bridge CDP, Illinois",0,12,18,0,15,0,11,0,8,18,0,6,9,10,0,0
"Bush village, Illinois",303,291,3,4,0,0,0,40,17,17,4,0,0,67639,20,475,302,0,121,0,0,17,6,28,11,10,0,8,41,155,36,101,8,93,2,1,6,37,51,11,29,0,2,3,6,17,10084,"Bush village, Illinois",1,145,4,0,0,0,177,13,61,,,,16,101,40,4,6,12,20,0,0,0,6,0,8,8,7,21,15,22,2,2,1,3,5,4,8,1,4,17,22,1,3,0,0,"Bush village, Illinois",0,4,4,16,0,12,14,27,5,3,1,1,5,8,1,0
"Bushnell city, Illinois",2789,2703,3,13,0,0,0,225,260,128,86,23,0,46667,336,611,2780,0,1340,9,0,0,78,47,234,101,265,149,457,1242,241,1088,272,816,172,176,51,108,278,74,64,9,28,69,65,17,10110,"Bushnell city, Illinois",61,943,84,10,0,0,1271,46,1018,,,,206,1088,307,88,48,29,33,72,0,0,99,57,116,58,37,154,87,45,27,34,30,65,119,0,20,24,111,72,108,47,89,21,25,"Bushnell city, Illinois",88,38,75,45,133,155,180,73,8,38,27,45,56,13,32,68
"Butler village, Illinois",269,268,0,0,1,0,0,27,19,28,0,0,0,44091,30,-666666666,269,0,117,0,0,2,14,18,19,12,14,6,32,114,0,110,30,80,0,7,7,31,2,3,53,0,11,7,9,17,10149,"Butler village, Illinois",0,124,6,0,0,0,135,5,64,,,,28,110,44,3,20,5,0,0,0,2,0,9,4,20,13,0,0,11,0,6,7,0,4,0,7,3,0,7,21,14,0,0,0,"Butler village, Illinois",0,5,5,53,11,3,6,3,7,0,1,3,4,8,3,1
"Byron city, Illinois",3607,3192,21,248,0,23,0,589,229,532,197,0,0,66607,346,787,3505,26,1569,16,26,317,288,174,192,56,152,87,261,1531,163,1509,542,967,200,252,117,250,177,128,386,58,60,103,39,17,10240,"Byron city, Illinois",0,1571,98,0,0,0,1919,68,840,,,,255,1509,425,126,143,91,43,33,0,4,48,141,119,194,118,99,83,101,47,28,24,41,28,32,0,16,185,92,177,84,62,0,55,"Byron city, Illinois",120,110,84,175,103,149,113,88,17,38,44,32,85,48,126,61
"Cabery village, Illinois",260,249,0,9,2,0,0,35,12,11,4,0,0,52344,46,742,256,0,114,0,0,1,5,2,33,8,14,4,47,132,21,99,26,73,1,9,7,27,10,7,7,7,7,17,8,17,10292,"Cabery village, Illinois",3,104,6,0,0,0,127,11,65,,,,10,99,31,17,4,6,8,0,0,0,0,4,27,8,7,15,6,4,5,3,1,4,4,4,2,3,7,14,12,3,6,0,0,"Cabery village, Illinois",5,1,10,7,8,17,8,8,0,6,0,1,6,4,5,0
"Cable CDP, Illinois",103,103,0,0,0,0,0,8,0,0,8,0,0,-666666666,11,-666666666,103,0,52,8,11,0,4,0,29,0,0,0,0,62,18,52,0,52,0,0,0,0,8,8,18,0,0,0,0,17,10305,"Cable CDP, Illinois",0,34,0,0,0,0,34,0,66,,,,26,52,8,0,0,3,0,0,0,0,0,0,0,4,0,0,18,11,0,0,0,0,0,26,0,0,0,0,0,0,0,0,0,"Cable CDP, Illinois",0,0,0,4,8,0,0,0,0,0,0,0,29,0,0,0
"Cahokia village, Illinois",14035,4327,9073,206,60,124,0,1228,746,494,295,0,98,30299,4345,905,13966,6,6525,0,219,58,373,674,798,1167,2262,564,410,6515,744,4942,2767,2175,93,498,1142,498,664,432,618,138,157,280,300,17,10370,"Cahokia village, Illinois",227,3679,583,357,89,0,6004,547,3915,,,,952,4942,1896,495,425,952,295,220,49,34,271,352,580,300,593,323,421,344,49,265,124,176,140,65,13,146,606,535,858,417,239,61,100,"Cahokia village, Illinois",171,292,676,634,417,320,331,648,123,267,168,175,103,33,127,102
"Cairo city, Illinois",1884,476,1356,20,0,0,0,179,237,140,11,17,0,27661,654,652,1884,0,1741,0,0,16,91,76,198,211,200,293,656,852,124,828,250,578,44,116,74,6,89,0,108,0,27,17,40,17,10383,"Cairo city, Illinois",71,546,0,39,0,0,685,68,871,,,,219,828,149,33,12,91,24,20,51,9,16,32,37,40,38,32,92,80,38,8,57,17,95,20,26,9,22,101,69,56,80,0,0,"Cairo city, Illinois",0,75,50,16,29,57,83,109,26,19,39,26,21,48,36,45
"Caledonia village, Illinois",195,161,0,16,0,0,0,28,16,18,6,23,0,73958,3,1313,188,6,94,0,2,0,1,0,3,3,16,10,59,110,12,89,27,62,5,7,13,22,26,12,11,4,0,5,8,17,10422,"Caledonia village, Illinois",12,123,2,0,0,0,130,5,32,,,,15,89,24,15,9,4,1,0,0,1,9,4,26,10,3,5,7,11,0,5,1,1,1,0,1,0,2,1,1,2,0,0,0,"Caledonia village, Illinois",10,1,9,12,1,9,4,15,4,3,1,0,4,0,2,0
"Calhoun village, Illinois",149,149,0,0,0,0,0,27,28,5,1,0,1,40625,43,683,149,0,88,0,0,8,7,14,13,9,0,14,23,81,15,71,8,63,2,3,23,14,11,0,11,0,2,1,8,17,10448,"Calhoun village, Illinois",0,72,1,0,0,0,82,6,47,,,,17,71,13,5,1,4,0,3,7,0,8,0,2,13,3,11,4,6,5,1,0,2,3,1,2,0,3,2,4,1,3,0,0,"Calhoun village, Illinois",7,5,2,1,2,6,3,3,9,0,1,3,5,4,0,4
"Calumet City city, Illinois",36229,2964,27734,5296,27,31,0,5591,2140,3231,916,181,96,50640,6637,959,32729,399,16451,0,0,1009,585,1135,4928,2516,3176,1224,1878,16317,1658,14166,6056,8110,282,800,1286,1414,1655,796,2196,458,693,1597,2708,17,10487,"Calumet City city, Illinois",823,10635,1701,906,173,633,18585,2535,9985,,,,1103,14166,4503,1005,1197,1345,808,577,340,366,727,1062,1347,594,1360,842,816,1164,447,730,51,554,530,254,139,62,905,1333,1224,683,366,188,299,"Calumet City city, Illinois",1112,1424,1236,1445,990,1164,1631,987,766,870,346,522,767,591,669,394
"Calumet Park village, Illinois",8383,156,7569,497,0,0,0,1164,712,477,516,71,7,50049,1623,922,7887,0,3700,0,76,224,180,70,495,524,1528,212,391,3827,640,3256,1361,1895,0,250,244,429,388,189,523,68,224,374,603,17,10513,"Calumet Park village, Illinois",124,2400,255,300,103,151,3996,418,2594,,,,367,3256,997,163,323,309,189,119,22,0,120,241,185,186,258,362,278,267,106,136,89,181,143,109,16,25,238,309,374,101,106,130,146,"Calumet Park village, Illinois",24,187,337,248,331,358,219,317,108,154,158,220,173,115,109,94
"Camargo village, Illinois",550,542,0,3,0,0,0,45,27,63,14,0,4,60469,34,538,548,0,258,19,4,29,18,33,51,29,40,3,32,256,37,205,48,157,27,15,52,29,6,6,71,28,5,22,0,17,10591,"Camargo village, Illinois",2,247,16,0,0,0,288,3,141,,,,39,205,79,7,21,24,11,4,3,0,0,10,21,10,3,15,22,46,12,6,10,10,12,4,3,2,14,8,30,10,5,3,5,"Camargo village, Illinois",3,19,3,28,12,32,8,25,15,0,18,6,27,0,19,4
"Cambria village, Illinois",1071,899,45,80,0,35,0,118,107,110,14,7,0,44375,140,689,1020,11,595,24,18,47,143,65,89,50,38,61,60,511,45,464,217,247,0,39,35,142,127,18,82,0,0,25,5,17,10630,"Cambria village, Illinois",12,465,20,0,0,0,576,60,228,,,,77,464,162,46,20,62,10,0,0,0,10,54,30,44,42,16,29,43,4,39,5,18,19,2,14,4,43,49,18,19,10,0,3,"Cambria village, Illinois",26,99,43,11,34,30,21,15,5,25,25,20,20,23,17,4
"Cambridge village, Illinois",2173,2037,58,34,20,0,0,215,174,206,62,0,4,66250,94,819,2167,0,917,4,0,24,61,34,119,186,133,42,314,1026,147,795,86,709,139,119,46,134,137,33,193,76,117,96,29,17,10643,"Cambridge village, Illinois",4,1022,90,0,0,0,1219,44,628,,,,162,795,290,68,54,46,72,73,0,17,58,91,63,109,50,56,100,69,39,45,17,31,24,50,10,5,36,58,58,58,5,0,11,"Cambridge village, Illinois",51,31,59,40,117,47,75,120,35,6,38,52,53,30,30,16
"Camden village, Illinois",71,71,0,0,0,0,0,1,4,4,0,0,0,-666666666,27,-666666666,71,0,48,0,0,0,7,3,18,4,0,2,14,36,7,35,2,33,1,0,2,11,4,1,0,0,2,0,1,17,10695,"Camden village, Illinois",0,21,1,0,0,0,26,2,31,,,,8,35,4,0,4,5,1,0,0,0,0,0,0,3,2,7,0,0,2,3,0,5,2,0,0,2,5,0,0,0,0,0,0,"Camden village, Illinois",0,0,2,0,2,3,0,2,0,1,0,5,1,0,0,14
"Cameron CDP, Illinois",146,146,0,0,0,0,0,0,12,0,10,0,0,49439,0,-666666666,146,0,76,0,0,0,0,0,20,0,0,41,15,64,15,76,41,35,0,0,0,99,22,0,0,0,0,0,0,17,10747,"Cameron CDP, Illinois",0,121,0,0,0,0,121,0,14,,,,0,76,15,0,0,0,0,0,0,0,41,0,0,0,0,15,0,0,0,0,0,0,0,8,0,0,0,0,11,0,0,0,0,"Cameron CDP, Illinois",43,0,0,0,0,10,12,0,0,0,0,0,0,6,0,0
"Campbell Hill village, Illinois",292,280,0,0,0,0,0,38,28,25,18,2,0,58125,30,675,291,1,143,3,4,2,30,9,13,9,30,9,34,125,10,126,22,104,10,16,6,10,11,9,11,14,0,11,9,17,10773,"Campbell Hill village, Illinois",4,94,15,0,0,0,145,14,78,,,,11,126,38,11,6,5,1,0,0,2,2,17,10,14,6,5,5,9,4,3,2,2,9,6,4,2,14,25,8,1,2,0,0,"Campbell Hill village, Illinois",19,1,17,7,5,0,5,4,7,15,10,1,8,4,9,5
"Campbell's Island CDP, Illinois",343,304,5,8,0,0,0,4,0,11,7,0,0,58304,65,-666666666,315,0,184,0,0,0,0,0,12,8,47,84,33,226,85,153,0,153,0,53,0,8,68,26,5,8,17,0,7,17,10786,"Campbell's Island CDP, Illinois",15,184,23,0,0,0,207,0,69,,,,55,153,42,0,20,6,22,22,22,0,0,15,4,5,0,0,85,0,0,9,0,8,0,8,0,0,12,7,0,0,0,0,0,"Campbell's Island CDP, Illinois",5,20,0,4,0,28,14,0,0,0,5,5,0,5,4,8
"Camp Point village, Illinois",1144,1125,0,0,6,4,0,105,91,59,29,6,0,52794,64,563,1134,0,483,0,0,22,45,41,41,62,83,16,173,542,71,420,99,321,19,44,64,13,68,53,197,5,35,16,9,17,10877,"Camp Point village, Illinois",2,457,68,0,0,0,570,20,276,,,,50,420,150,49,25,72,47,3,6,4,12,11,33,45,33,29,42,28,21,16,9,11,17,18,11,0,38,40,68,10,16,8,4,"Camp Point village, Illinois",3,25,34,69,25,21,17,47,14,13,12,6,14,37,27,54
"Campton Hills village, Illinois",10962,9968,109,217,0,256,0,995,560,2444,944,443,99,173503,313,2592,10456,119,3580,31,29,745,783,832,644,322,97,32,65,5490,754,3511,143,3368,90,211,563,431,625,196,539,209,194,745,570,17,10906,"Campton Hills village, Illinois",366,3814,535,0,6,237,5963,372,2520,,,,538,3511,1561,289,319,523,481,217,62,55,35,253,139,242,332,237,517,536,113,303,158,152,301,141,48,37,251,303,511,336,144,47,92,"Campton Hills village, Illinois",261,104,297,283,210,490,384,404,168,344,253,199,209,86,58,38
"Campus village, Illinois",122,122,0,0,0,0,0,19,9,12,6,0,0,81250,12,813,120,2,59,0,0,1,14,0,6,5,2,2,29,63,6,50,10,40,1,0,1,3,11,2,12,2,5,5,8,17,10916,"Campus village, Illinois",0,49,1,0,0,0,56,4,42,,,,11,50,16,1,5,9,2,0,0,0,0,4,8,4,6,4,2,6,0,3,0,3,5,0,1,0,0,5,4,1,0,0,0,"Campus village, Illinois",0,4,6,7,1,1,6,13,1,3,1,4,2,0,0,0
"Candlewick Lake CDP, Illinois",5351,3955,409,871,0,39,0,306,260,563,278,0,0,78744,45,1350,5072,0,1869,0,90,671,687,185,191,0,45,0,0,3060,585,1714,347,1367,0,0,113,192,696,173,510,123,133,303,266,17,10936,"Candlewick Lake CDP, Illinois",138,2409,238,0,0,0,2906,118,1247,,,,593,1714,667,225,58,446,195,75,0,0,253,0,310,245,238,204,381,127,77,0,46,43,107,30,0,0,49,92,152,196,117,97,0,"Candlewick Lake CDP, Illinois",150,212,181,68,122,299,0,152,0,126,44,25,37,28,0,144
"Canton city, Illinois",13600,11567,1107,716,29,16,7,1702,888,1096,537,221,7,46362,2178,578,13279,34,5897,75,69,160,413,375,1230,547,716,637,1675,5278,719,5154,1485,3669,467,1983,538,158,294,45,130,316,160,652,143,17,11007,"Canton city, Illinois",43,4370,314,0,0,0,5520,447,6151,,,,855,5154,1223,179,260,313,166,125,155,76,317,704,688,533,522,639,430,527,206,225,185,189,341,247,76,171,323,319,470,203,142,75,30,"Canton city, Illinois",104,275,375,366,255,373,251,554,336,183,79,343,441,217,281,331
"Cantrall village, Illinois",104,100,0,1,0,0,0,14,9,18,2,2,0,73125,11,-666666666,104,0,54,0,0,7,8,8,4,2,2,0,23,49,10,43,7,36,1,0,1,9,39,5,0,2,0,0,0,17,11033,"Cantrall village, Illinois",0,50,7,0,0,0,63,3,28,,,,5,43,14,5,0,0,5,0,4,0,0,2,0,6,1,1,9,7,1,1,0,1,5,0,1,0,0,2,5,5,0,2,0,"Cantrall village, Illinois",4,1,0,4,5,4,11,2,0,1,1,3,2,0,3,0
"Capron village, Illinois",1656,834,2,788,0,0,0,141,36,104,24,6,0,67316,184,736,1306,7,516,0,19,94,144,21,22,37,60,4,115,881,96,477,115,362,19,84,154,41,81,84,174,43,72,97,24,17,11124,"Capron village, Illinois",41,758,113,0,0,0,995,61,221,,,,34,477,208,118,55,81,42,14,15,28,37,80,37,69,52,40,56,59,38,10,4,8,16,15,3,4,25,39,78,44,26,0,25,"Capron village, Illinois",32,70,71,36,59,69,63,55,5,3,0,15,38,4,12,6
"Carbon Cliff village, Illinois",1937,1531,246,149,0,0,0,175,176,76,14,3,0,37500,545,826,1706,44,939,0,0,135,279,30,147,124,127,68,29,940,116,862,478,384,58,79,134,230,138,109,56,13,11,38,0,17,11150,"Carbon Cliff village, Illinois",5,641,81,0,0,0,969,79,582,,,,98,862,218,64,89,64,14,34,0,0,104,133,28,11,77,50,66,31,7,20,5,19,36,56,30,6,39,32,62,36,34,13,40,"Carbon Cliff village, Illinois",21,119,44,53,35,72,34,56,22,58,26,20,32,80,36,29
"Carbondale city, Illinois",25400,14737,6795,1428,75,1457,19,2513,852,2270,2431,384,862,24093,8667,698,22785,154,13729,212,504,2036,1888,1677,2241,2133,1550,423,1065,12582,839,11103,7914,3189,826,2629,2397,902,1072,348,734,131,47,239,118,17,11163,"Carbondale city, Illinois",72,7053,971,356,0,0,12224,1320,10709,,,,946,11103,1712,379,378,492,305,1355,652,1151,1906,1534,747,494,460,550,289,606,117,295,94,236,309,73,186,154,374,360,255,469,1376,756,921,"Carbondale city, Illinois",1621,1028,693,619,483,601,484,462,397,219,220,249,373,201,79,398
"Carbon Hill village, Illinois",386,351,0,34,0,0,0,44,15,8,15,0,1,66250,27,1054,384,1,143,0,1,2,47,10,13,24,8,13,25,182,8,139,31,108,1,51,14,13,19,7,10,12,3,16,12,17,11176,"Carbon Hill village, Illinois",0,129,29,0,0,0,171,8,91,,,,13,139,51,17,7,29,5,5,0,0,2,19,9,6,12,4,4,14,6,6,14,3,9,5,6,0,11,29,24,9,5,1,0,"Carbon Hill village, Illinois",6,20,6,17,11,7,4,5,16,8,6,4,5,2,3,5
"Carlinville city, Illinois",5645,5099,150,235,26,0,0,452,202,554,227,134,37,46754,1039,903,5479,31,2503,13,12,347,129,57,302,311,168,100,1064,2678,234,2155,711,1444,400,626,384,37,174,64,96,0,57,151,65,17,11202,"Carlinville city, Illinois",16,1689,148,8,0,0,2330,132,2227,,,,277,2155,564,170,197,174,111,101,38,83,206,136,121,227,132,115,120,89,59,91,103,122,113,138,17,56,196,105,188,54,155,137,47,"Carlinville city, Illinois",113,149,111,222,115,144,73,93,90,162,63,89,209,65,65,281
"Carlock village, Illinois",623,496,82,20,0,3,0,50,35,51,19,0,3,69167,39,1068,620,0,228,0,18,17,22,9,13,10,20,18,101,334,26,212,32,180,15,0,22,28,75,26,56,9,4,15,3,17,11215,"Carlock village, Illinois",15,254,3,0,0,0,321,7,118,,,,16,212,95,24,22,43,16,17,0,0,11,29,67,15,18,9,17,17,4,8,0,4,6,6,1,0,19,49,20,23,0,0,0,"Carlock village, Illinois",5,6,35,7,31,6,31,15,6,8,3,3,13,4,3,2
"Carlyle city, Illinois",3595,3206,56,94,0,0,0,298,232,539,48,34,0,54750,393,847,3485,25,1486,0,113,113,115,147,194,170,208,121,305,1691,154,1442,617,825,195,214,238,271,171,167,245,0,127,134,172,17,11228,"Carlyle city, Illinois",0,1526,285,20,0,0,2129,133,880,,,,279,1442,493,118,173,44,34,172,52,115,39,129,142,100,52,82,96,72,77,27,21,50,61,60,31,33,45,63,143,16,12,141,59,"Carlyle city, Illinois",69,80,77,141,102,156,134,148,46,61,11,12,109,97,42,51
"Pittsburg village, Illinois",842,819,0,5,10,0,0,101,40,66,19,0,0,50114,100,936,832,2,388,0,14,40,36,75,65,31,5,29,93,435,28,333,90,243,15,0,20,59,87,19,56,5,2,27,3,17,60209,"Pittsburg village, Illinois",2,253,26,0,0,0,331,21,356,,,,85,333,152,42,23,31,25,3,4,2,33,51,16,10,20,12,16,11,24,15,23,38,19,11,6,0,30,7,14,8,2,6,0,"Pittsburg village, Illinois",78,37,20,11,23,23,12,16,6,28,14,20,18,26,6,2
"Pittsfield city, Illinois",4215,4016,108,59,0,10,0,475,237,376,72,56,28,38573,470,570,4182,22,2006,22,0,77,135,193,284,440,235,141,479,1688,133,1783,400,1383,279,451,149,74,76,26,62,104,31,152,102,17,60222,"Pittsfield city, Illinois",77,1294,168,3,0,0,1784,93,1681,,,,324,1783,535,11,165,94,70,41,24,0,116,230,41,130,137,116,60,176,53,98,58,46,33,61,63,119,116,193,126,56,13,18,0,"Pittsfield city, Illinois",96,111,161,44,127,133,134,211,35,53,75,90,63,137,90,191
"Plainfield village, Illinois",44857,29971,3698,5568,0,4235,66,2963,2112,9680,4354,625,544,131241,800,1737,39248,253,13675,388,522,7794,3303,366,420,302,138,78,364,21702,4283,13365,1399,11966,600,1307,1831,1728,2396,1391,2436,863,1054,2996,2628,17,60287,"Plainfield village, Illinois",1297,18384,1084,74,110,564,24327,965,8599,,,,1421,13365,7063,1303,1739,2503,1271,388,377,165,725,922,1124,1302,1512,2395,1893,1283,355,515,411,394,383,261,224,310,1347,1814,2442,1266,596,353,218,"Plainfield village, Illinois",847,1063,1058,1767,2253,2158,1718,1095,549,367,235,386,523,507,176,364
"Plainville village, Illinois",285,264,0,5,0,0,0,16,24,23,2,0,0,50500,49,563,285,0,111,1,2,0,7,8,27,8,8,8,42,177,32,104,17,87,6,6,1,0,14,35,27,2,0,4,3,17,60339,"Plainville village, Illinois",1,87,4,0,0,0,133,23,86,,,,16,104,29,26,22,0,8,2,0,7,1,17,5,17,3,10,22,13,0,2,5,4,8,3,1,1,5,9,4,2,0,0,0,"Plainville village, Illinois",0,17,12,3,3,14,8,4,0,7,3,7,5,3,1,1
"Plano city, Illinois",11058,6784,712,3142,51,117,0,813,925,1218,339,5,28,79113,933,1316,9367,263,3890,0,39,1724,269,116,375,397,319,135,516,5523,679,3676,1188,2488,213,592,1164,230,460,184,421,238,441,891,501,17,60352,"Plano city, Illinois",212,4686,627,0,0,11,6360,523,1842,,,,523,3676,1705,440,523,381,25,227,82,97,130,426,597,613,389,411,268,222,55,152,52,93,122,84,30,104,741,529,200,243,140,0,143,"Plano city, Illinois",83,465,446,287,440,584,246,229,42,159,115,108,23,171,82,59
"Plattville village, Illinois",190,177,1,12,0,0,0,26,11,17,5,0,1,87083,33,-666666666,188,0,74,0,0,6,14,11,9,1,6,3,24,99,9,71,5,66,5,0,7,6,13,6,17,7,1,11,2,17,60391,"Plattville village, Illinois",8,73,2,0,0,1,93,5,62,,,,10,71,24,7,9,2,13,6,0,0,1,0,1,10,3,3,6,11,8,2,1,7,3,3,3,0,2,4,6,9,1,0,0,"Plattville village, Illinois",5,3,10,2,4,1,12,11,3,1,5,1,5,2,4,0
"Pleasant Hill village, Illinois",1122,1106,0,9,0,0,0,39,36,82,17,4,0,44234,328,614,1122,0,487,15,0,12,31,17,98,76,87,50,101,583,93,375,96,279,24,17,0,79,86,29,48,6,3,39,70,17,60534,"Pleasant Hill village, Illinois",11,301,111,0,0,0,499,37,302,,,,65,375,141,110,26,44,24,19,6,4,22,14,31,34,55,31,62,17,14,9,5,25,8,4,12,7,74,34,27,10,3,25,15,"Pleasant Hill village, Illinois",12,53,43,65,36,19,15,26,21,10,11,9,6,5,14,6
"Pleasant Plains village, Illinois",718,710,0,0,0,6,0,77,53,95,18,7,8,68750,29,775,701,11,313,3,5,29,35,21,80,24,38,8,70,362,55,308,50,258,34,29,16,12,57,87,115,14,9,25,0,17,60599,"Pleasant Plains village, Illinois",8,361,33,0,0,0,454,24,125,,,,75,308,100,12,27,25,15,8,5,3,21,35,32,34,7,33,22,35,2,6,8,15,4,6,7,0,12,29,27,11,6,3,0,"Pleasant Plains village, Illinois",14,34,17,33,18,27,26,25,11,9,8,11,3,11,6,15
"Plum Valley CDP, Illinois",379,173,206,0,0,0,0,78,42,34,40,0,17,179375,8,-666666666,379,0,153,0,0,31,26,46,50,0,0,0,0,142,0,153,40,113,0,0,9,53,0,12,14,0,17,8,32,17,60826,"Plum Valley CDP, Illinois",0,145,0,0,0,0,162,8,116,,,,29,153,63,9,26,9,0,0,0,0,12,0,0,0,15,0,0,8,19,0,0,10,0,25,9,0,24,26,7,0,0,0,0,"Plum Valley CDP, Illinois",0,32,8,0,6,0,17,26,10,0,0,10,51,0,20,0
"Plymouth village, Illinois",441,415,20,6,0,0,0,29,21,28,0,0,0,47083,93,623,432,3,249,0,2,8,0,33,27,40,10,21,108,227,25,198,51,147,18,25,3,13,28,8,16,10,39,15,2,17,60833,"Plymouth village, Illinois",5,155,23,0,0,0,211,24,152,,,,46,198,40,17,14,11,0,4,3,0,22,12,3,18,9,10,15,13,3,6,3,0,26,5,15,18,17,7,12,4,10,4,0,"Plymouth village, Illinois",8,4,11,2,2,15,14,15,6,8,4,18,15,8,25,5
"Pocahontas village, Illinois",797,770,0,14,0,0,0,149,46,76,16,0,0,51375,144,771,794,0,356,2,11,30,50,47,39,35,18,14,110,393,46,321,107,214,17,15,29,74,77,15,34,9,14,23,43,17,60872,"Pocahontas village, Illinois",0,326,9,0,0,0,432,13,240,,,,72,321,82,13,18,12,18,5,0,3,3,53,46,23,14,23,23,34,28,23,10,5,20,9,10,0,13,36,27,23,1,14,7,"Pocahontas village, Illinois",13,28,3,28,17,18,2,53,7,41,8,27,23,5,3,7
"Polo city, Illinois",2210,1990,100,85,0,26,0,200,158,124,45,14,10,41667,693,748,2093,5,1052,0,11,90,78,27,87,112,152,87,408,1090,127,878,320,558,111,121,26,78,149,165,76,0,24,39,37,17,60937,"Polo city, Illinois",37,691,119,0,0,0,972,47,610,,,,126,878,321,45,173,100,56,13,7,3,10,112,33,96,74,61,66,45,55,20,28,15,43,10,35,10,26,84,167,30,0,0,0,"Polo city, Illinois",33,101,97,79,78,56,37,82,8,31,15,22,61,39,6,48
"Pontiac city, Illinois",11430,9569,1054,495,0,172,0,1522,466,819,172,194,44,49458,1342,773,11215,26,4723,55,48,197,459,205,818,687,557,329,1368,4496,504,4353,1716,2637,403,1355,905,309,274,83,224,112,126,281,54,17,61015,"Pontiac city, Illinois",64,3299,498,0,0,0,4666,240,4792,,,,758,4353,1354,336,270,416,194,57,71,103,140,626,565,562,463,377,413,409,150,173,108,176,287,68,109,106,185,257,427,212,118,35,66,"Pontiac city, Illinois",103,347,383,381,270,195,243,340,133,258,105,153,267,259,127,387
"Pontoon Beach village, Illinois",5822,4287,378,773,0,213,0,571,406,409,99,10,53,56005,783,913,5382,21,2574,199,75,372,647,283,378,381,108,46,85,2682,372,2173,726,1447,7,295,318,587,369,287,360,188,93,40,38,17,61067,"Pontoon Beach village, Illinois",66,2306,332,7,0,0,2847,104,1507,,,,177,2173,896,250,264,122,92,32,16,30,150,224,236,184,154,194,178,114,116,90,47,79,70,19,13,8,195,126,397,134,133,0,10,"Pontoon Beach village, Illinois",93,264,218,184,218,134,212,243,51,97,92,75,139,35,33,57
"Pontoosuc village, Illinois",109,107,0,0,0,0,0,12,12,4,0,0,0,42500,6,-666666666,109,0,84,0,0,3,9,11,28,15,2,0,16,54,0,50,2,48,0,5,2,0,0,4,17,0,0,8,0,17,61080,"Pontoosuc village, Illinois",0,34,0,0,0,0,42,5,36,,,,11,50,12,3,7,7,0,0,0,0,0,1,6,11,0,0,0,2,0,2,2,2,10,0,1,0,6,0,3,5,0,0,0,"Pontoosuc village, Illinois",0,1,8,3,0,1,8,4,2,4,2,1,7,0,0,0
"Poplar Grove village, Illinois",4497,3729,318,369,81,0,0,534,313,523,329,23,30,74896,248,1565,4419,23,1599,23,25,908,261,24,138,0,22,0,198,2057,218,1501,185,1316,60,69,164,264,452,264,132,206,36,224,119,17,61145,"Poplar Grove village, Illinois",68,1807,174,7,0,9,2379,161,840,,,,166,1501,875,131,98,213,223,66,31,58,29,59,59,256,176,152,66,161,165,0,20,0,50,20,29,48,341,127,254,71,30,0,0,"Poplar Grove village, Illinois",43,129,197,213,150,250,264,117,17,15,20,24,12,40,28,45
"Port Barrington village, Illinois",1742,1487,17,137,0,64,0,183,45,343,150,64,10,144531,27,1781,1499,39,576,4,4,342,95,9,33,32,43,8,6,899,164,573,47,526,18,26,69,106,79,92,59,40,81,186,122,17,61216,"Port Barrington village, Illinois",34,782,85,0,0,26,993,19,366,,,,54,573,240,50,46,86,105,22,18,0,12,93,16,32,72,81,83,81,18,19,27,20,5,4,9,0,51,25,63,47,30,12,13,"Port Barrington village, Illinois",25,45,51,61,84,89,60,80,20,25,13,0,15,21,11,2
"Port Byron village, Illinois",2028,1918,25,61,8,0,0,251,143,352,148,16,10,81618,169,671,1946,46,810,8,6,104,194,46,127,83,59,38,145,1049,112,780,142,638,36,73,38,68,231,88,141,54,34,45,14,17,61223,"Port Byron village, Illinois",10,765,43,0,0,0,960,67,568,,,,143,780,253,59,82,116,33,27,0,43,51,39,62,99,40,34,78,48,41,46,32,31,61,6,11,10,55,64,82,54,12,4,6,"Port Byron village, Illinois",10,76,58,42,47,93,67,78,53,35,46,22,28,23,11,13
"Posen village, Illinois",5772,1132,416,4054,0,40,0,300,409,453,38,0,0,47378,604,1125,3814,467,1904,30,0,208,170,182,112,464,466,89,183,3251,346,1796,547,1249,33,66,255,800,196,129,270,134,84,288,97,17,61314,"Posen village, Illinois",118,2270,142,12,0,32,2833,318,1501,,,,93,1796,669,265,198,412,94,310,273,69,49,157,177,165,133,216,130,90,189,109,55,64,46,9,16,38,141,284,91,95,133,75,0,"Posen village, Illinois",143,112,185,160,163,327,250,99,31,49,13,12,52,33,15,45
"Potomac village, Illinois",744,623,35,27,0,39,0,40,72,45,11,0,0,50333,94,633,700,4,315,0,8,18,32,13,38,29,46,39,92,374,43,286,59,227,13,20,20,24,40,38,82,17,18,33,12,17,61366,"Potomac village, Illinois",2,308,9,0,0,0,357,20,184,,,,57,286,112,28,43,42,30,6,1,1,8,25,32,6,41,17,26,12,15,5,9,11,10,3,3,0,30,37,18,5,5,5,17,"Potomac village, Illinois",16,30,30,23,16,14,43,28,5,5,6,13,14,5,2,3
"Prairie City village, Illinois",410,297,10,23,0,11,0,26,28,13,17,0,0,35625,34,750,406,1,153,0,3,10,2,9,27,9,10,3,80,176,16,135,18,117,1,6,10,2,18,16,43,4,2,12,4,17,61548,"Prairie City village, Illinois",3,116,5,0,0,0,134,13,179,,,,33,135,48,25,19,6,18,4,0,0,0,5,0,21,13,10,9,13,5,2,6,15,10,3,2,2,3,10,16,5,14,23,0,"Prairie City village, Illinois",0,8,5,7,24,9,18,23,6,13,2,9,10,3,1,13
"Prairie du Rocher village, Illinois",441,430,0,2,0,0,2,47,45,19,5,0,0,50000,51,650,435,4,240,3,4,8,12,9,45,41,32,42,44,213,34,206,32,174,33,17,3,18,17,19,28,6,4,17,42,17,61639,"Prairie du Rocher village, Illinois",4,169,32,0,0,0,231,11,130,,,,39,206,57,3,8,18,14,0,0,3,13,12,14,20,17,9,25,7,13,6,9,9,2,9,2,0,8,16,17,2,7,0,2,"Prairie du Rocher village, Illinois",4,4,22,20,10,13,11,17,10,15,2,10,11,19,4,4
"Prairie Grove village, Illinois",2023,1828,54,53,0,47,0,212,142,432,223,34,14,109306,97,1652,1857,8,756,7,7,357,158,57,80,37,9,0,44,971,181,737,72,665,3,50,82,158,95,33,73,38,54,124,130,17,61678,"Prairie Grove village, Illinois",49,809,26,0,0,48,1132,46,516,,,,79,737,268,32,70,63,53,42,8,19,27,40,54,43,42,81,100,130,25,19,21,25,19,50,3,5,86,32,64,73,21,29,4,"Prairie Grove village, Illinois",25,30,66,54,68,93,128,70,29,48,7,22,70,9,15,9
"Prairietown CDP, Illinois",298,298,0,0,0,0,0,40,75,11,0,0,0,90274,0,-666666666,298,0,113,0,0,0,0,0,11,0,36,9,57,146,9,113,0,113,0,14,0,16,0,49,11,9,0,20,0,17,61743,"Prairietown CDP, Illinois",0,119,0,0,0,0,160,0,59,,,,43,113,41,0,0,40,0,0,0,0,0,0,0,0,41,0,9,11,22,0,0,0,0,0,0,23,0,0,0,39,0,0,0,"Prairietown CDP, Illinois",0,0,0,41,0,0,0,29,16,0,0,0,0,0,27,0
"Preemption CDP, Illinois",172,172,0,0,0,0,0,8,24,31,0,0,0,61563,8,-666666666,172,0,128,0,0,0,0,0,8,99,8,0,13,101,0,52,0,52,13,0,10,0,0,17,16,6,0,7,0,17,61782,"Preemption CDP, Illinois",0,60,9,0,0,0,69,0,38,,,,0,52,27,15,26,8,0,0,0,0,0,13,6,7,0,0,0,10,0,0,0,16,0,0,0,0,16,0,0,0,0,0,0,"Preemption CDP, Illinois",0,0,21,8,0,0,8,0,0,9,0,9,0,0,0,0
"Prestbury CDP, Illinois",1978,1951,14,13,0,0,0,111,58,516,296,92,31,112155,0,-666666666,1937,0,698,0,0,107,263,144,140,44,0,0,0,1004,13,698,0,698,22,31,70,66,52,60,33,15,0,30,58,17,61821,"Prestbury CDP, Illinois",0,408,0,0,0,29,622,0,802,,,,131,698,213,143,152,38,10,0,15,0,15,35,0,187,30,0,13,102,0,47,48,30,50,45,30,14,0,198,23,16,28,19,22,"Prestbury CDP, Illinois",0,13,0,160,0,0,48,72,20,59,49,25,32,109,66,15
"Preston Heights CDP, Illinois",2529,610,1078,688,0,7,0,225,82,133,19,16,16,37130,799,953,2202,0,1038,0,8,5,100,110,177,182,366,39,51,1219,165,964,483,481,21,137,156,154,120,84,78,45,33,92,38,17,61860,"Preston Heights CDP, Illinois",25,835,87,55,0,6,1169,94,751,,,,103,964,317,129,102,111,21,10,0,14,58,60,86,115,74,65,100,46,16,16,18,31,49,20,78,0,30,48,145,59,28,18,0,"Preston Heights CDP, Illinois",61,110,147,57,73,100,48,133,19,27,19,49,72,48,10,9
"Princeton city, Illinois",7589,7056,5,409,11,1,0,672,585,940,487,70,16,51844,1001,643,7379,33,3842,85,18,268,349,161,563,382,492,340,1184,3252,429,3453,1071,2382,278,1204,592,152,330,221,209,4,44,69,114,17,61899,"Princeton city, Illinois",17,2624,347,29,0,0,3620,143,2604,,,,478,3453,940,133,188,237,125,62,21,35,112,183,264,281,72,283,151,191,103,89,138,126,185,182,87,70,212,195,288,135,76,31,22,"Princeton city, Illinois",153,183,271,110,165,259,193,400,109,144,197,156,233,356,182,201
"Princeville village, Illinois",1684,1480,5,121,0,0,0,143,141,184,65,5,2,58542,186,778,1608,24,706,3,3,47,60,49,134,80,68,31,231,780,87,630,145,485,113,77,30,26,70,66,138,24,20,71,18,17,61925,"Princeville village, Illinois",19,608,47,3,0,0,734,27,538,,,,119,630,200,57,85,51,41,15,2,8,16,29,66,28,38,39,48,58,18,34,9,11,43,41,26,17,39,84,76,45,2,0,4,"Princeville village, Illinois",24,44,57,44,37,59,67,68,9,31,9,31,60,22,56,36
"Prophetstown city, Illinois",1965,1881,19,29,8,0,0,189,106,170,67,28,12,60294,169,716,1942,0,896,4,14,23,44,28,156,133,104,85,305,885,106,774,171,603,86,122,42,21,112,68,78,84,25,109,9,17,61977,"Prophetstown city, Illinois",0,678,55,11,0,0,882,84,825,,,,258,774,166,36,47,41,24,38,25,21,29,24,57,40,48,47,69,46,33,39,10,67,40,78,46,51,58,21,24,78,53,0,4,"Prophetstown city, Illinois",54,47,19,51,25,105,35,55,57,24,38,25,66,60,31,79
"Prospect Heights city, Illinois",15986,8337,509,5656,0,1257,0,1582,849,2663,1116,262,75,72500,1569,1150,9760,149,6246,27,0,202,631,1269,1888,1230,790,137,72,8355,880,6144,2126,4018,73,588,1072,1179,1137,627,895,164,357,379,408,17,62016,"Prospect Heights city, Illinois",250,5684,985,24,0,242,8573,295,3942,,,,446,6144,1791,667,471,755,393,268,40,30,107,449,807,612,571,479,404,408,267,203,169,203,346,250,320,145,561,303,514,169,180,52,62,"Prospect Heights city, Illinois",129,643,530,498,532,457,543,592,145,258,164,394,272,199,218,207
"Pulaski village, Illinois",257,79,148,4,0,0,0,72,6,12,5,0,0,30972,6,566,241,16,123,0,0,0,6,7,10,17,12,45,26,101,29,97,26,71,0,6,1,6,24,12,12,5,2,0,8,17,62211,"Pulaski village, Illinois",0,71,3,0,0,0,77,1,159,,,,26,97,14,0,10,10,14,0,0,0,0,3,0,0,1,1,28,19,2,1,0,1,9,0,0,2,0,0,1,0,22,0,0,"Pulaski village, Illinois",9,3,0,23,0,11,30,11,7,0,14,6,6,0,3,10
"Quincy city, Illinois",40111,35175,2549,813,60,289,3,4045,2370,4419,1861,311,173,46935,5966,688,39288,237,19093,244,257,1446,1356,1381,2306,2188,3028,1443,5444,18769,2288,17226,6289,10937,1143,4991,6188,3239,961,189,650,110,61,414,231,17,62367,"Quincy city, Illinois",167,15983,1549,149,0,0,20604,1065,11919,,,,2560,17226,4365,1244,1014,1247,669,499,170,236,845,1488,1347,1320,904,1019,1288,1332,644,500,412,636,862,661,427,471,1360,1312,1086,639,419,263,313,"Quincy city, Illinois",735,1405,1261,1054,1241,1075,1141,1512,554,654,459,755,1059,940,556,1083
"Radom village, Illinois",136,134,0,2,0,0,0,8,25,6,3,2,0,50625,4,-666666666,133,0,76,0,0,8,12,6,9,7,13,5,16,79,11,63,6,57,2,4,7,6,14,13,10,1,1,2,11,17,62523,"Radom village, Illinois",0,63,8,0,0,0,82,2,38,,,,23,63,12,5,0,6,0,0,0,0,2,3,7,3,4,5,6,10,4,2,3,4,7,5,3,0,1,4,0,2,0,1,0,"Radom village, Illinois",3,1,7,3,4,1,8,8,2,5,0,1,3,2,1,0
"Raleigh village, Illinois",268,259,0,9,0,0,0,21,23,19,2,0,0,44821,48,725,264,4,155,5,3,17,4,27,29,14,4,28,24,115,10,115,17,98,2,4,22,39,0,2,8,0,12,12,7,17,62588,"Raleigh village, Illinois",4,110,2,0,0,0,131,9,96,,,,17,115,34,2,7,9,9,4,0,1,4,1,2,8,6,10,0,13,11,3,11,6,4,2,1,1,6,2,9,5,9,11,2,"Raleigh village, Illinois",8,0,0,16,7,14,13,10,6,6,3,3,6,1,3,13
"Ramsey village, Illinois",871,855,0,0,0,0,0,80,26,20,0,0,0,31875,172,709,868,0,403,1,6,23,35,30,80,69,32,18,109,384,65,332,55,277,40,37,5,62,52,30,28,18,17,26,12,17,62627,"Ramsey village, Illinois",6,306,26,0,0,0,377,40,309,,,,52,332,106,36,12,26,19,13,0,0,27,38,12,16,33,42,23,5,20,5,2,5,6,19,6,19,16,13,48,35,0,45,1,"Ramsey village, Illinois",17,17,22,28,38,29,19,50,6,8,3,5,31,47,0,9
"Rankin village, Illinois",522,413,0,105,0,0,0,35,29,26,9,0,0,45313,111,636,512,7,244,0,0,4,31,13,25,6,12,13,140,287,42,179,61,118,3,12,23,28,39,3,11,0,8,47,4,17,62744,"Rankin village, Illinois",6,144,24,0,0,0,226,34,160,,,,19,179,89,6,42,45,19,8,0,2,8,18,12,13,24,22,20,26,2,0,2,7,4,2,4,1,8,12,16,14,11,7,0,"Rankin village, Illinois",6,3,33,9,24,22,19,14,6,1,4,0,8,11,7,0
"Ransom village, Illinois",355,307,0,40,0,0,0,51,21,6,8,1,0,63750,55,595,352,0,161,0,0,4,2,4,25,10,30,25,61,185,40,156,31,125,9,15,18,38,45,24,23,7,4,11,5,17,62757,"Ransom village, Illinois",3,196,3,0,0,0,214,11,51,,,,12,156,59,16,4,29,9,4,2,3,2,13,13,4,9,18,22,20,2,2,2,6,3,2,0,0,4,12,20,2,1,0,0,"Ransom village, Illinois",5,5,21,22,10,5,23,13,5,0,10,2,4,1,0,5
"Rantoul village, Illinois",12946,7508,2635,1477,27,279,0,1515,851,640,362,87,65,41837,2528,788,11875,244,6147,163,195,382,197,583,1092,1043,1382,486,624,5959,681,5137,2599,2538,126,658,724,485,955,844,938,56,128,54,28,17,62783,"Rantoul village, Illinois",56,4192,591,68,0,0,5802,276,3988,,,,820,5137,1586,518,423,290,640,119,50,107,263,440,498,260,463,255,426,305,96,223,162,173,149,80,82,110,483,482,525,476,61,102,52,"Rantoul village, Illinois",214,443,378,729,266,456,371,310,224,336,101,125,183,123,132,242
"Rapids City village, Illinois",1010,952,1,31,0,20,0,100,82,145,58,8,10,84583,105,875,973,8,445,14,6,63,45,33,86,48,36,47,67,529,23,401,44,357,8,4,39,75,100,76,23,14,5,8,5,17,62822,"Rapids City village, Illinois",13,357,13,0,0,0,410,9,336,,,,66,401,144,23,79,46,39,4,4,1,15,10,18,57,51,13,10,28,11,26,17,30,20,13,12,2,28,12,32,29,3,0,2,"Rapids City village, Illinois",18,10,24,62,43,20,12,23,21,38,11,17,27,13,11,25
"Pistakee Highlands CDP, Illinois",3302,3055,0,135,24,0,0,366,259,280,47,0,0,75064,111,1619,3153,58,1334,0,0,43,69,51,363,261,384,81,82,1746,245,1224,108,1116,62,117,195,172,235,88,134,16,108,171,302,17,60144,"Pistakee Highlands CDP, Illinois",128,1575,122,0,0,17,2032,123,740,,,,243,1224,386,42,39,185,39,95,44,10,34,187,115,83,69,96,149,176,38,88,13,68,66,79,23,8,66,87,86,103,0,22,11,"Pistakee Highlands CDP, Illinois",73,60,61,155,19,130,177,138,43,93,20,43,90,57,15,7
"Raritan village, Illinois",123,115,0,0,0,0,0,13,8,7,7,0,0,64464,0,-666666666,123,0,43,0,0,0,7,6,11,2,2,5,10,51,5,43,0,43,2,4,1,12,1,0,9,0,10,8,4,17,62848,"Raritan village, Illinois",0,45,2,0,0,0,52,1,30,,,,8,43,15,7,2,4,0,0,0,0,0,5,0,8,0,1,4,6,2,0,0,0,4,1,4,3,13,9,6,0,1,0,0,"Raritan village, Illinois",0,7,3,4,0,6,9,3,0,2,0,0,2,2,4,1
"Raymond village, Illinois",955,907,0,1,10,18,0,106,90,79,22,7,0,54904,122,759,903,17,435,11,3,27,42,27,71,52,42,35,125,464,81,373,88,285,75,77,36,48,39,35,31,6,19,41,21,17,62965,"Raymond village, Illinois",4,369,51,0,0,0,476,13,254,,,,86,373,128,16,44,54,55,16,8,18,0,16,11,11,22,43,38,17,3,15,16,29,8,10,2,12,16,36,42,21,9,1,1,"Raymond village, Illinois",15,27,12,32,51,40,29,39,21,5,7,33,14,8,14,18
"Red Bud city, Illinois",3504,3483,0,21,0,0,0,419,294,186,132,78,19,57000,443,689,3504,0,1595,50,46,154,289,144,220,133,235,60,264,1582,189,1462,464,998,316,175,84,144,155,31,119,82,115,130,185,17,63043,"Red Bud city, Illinois",49,1421,125,0,0,0,1744,81,971,,,,241,1462,430,91,119,144,38,57,12,9,41,123,89,61,144,93,96,114,24,77,14,74,83,23,45,25,149,199,51,27,54,0,46,"Red Bud city, Illinois",38,77,134,156,146,132,62,86,47,82,26,69,127,48,32,120
"Reddick village, Illinois",213,210,0,3,0,0,0,26,10,23,7,0,0,63125,2,771,209,0,71,0,0,3,2,3,12,7,14,4,26,137,9,69,16,53,0,2,7,23,2,13,6,5,5,21,7,17,63056,"Reddick village, Illinois",0,86,5,0,0,0,108,16,45,,,,15,69,31,10,22,14,4,2,18,2,1,13,7,3,13,2,7,5,0,0,4,0,2,2,6,0,6,1,7,1,0,0,0,"Reddick village, Illinois",1,4,12,7,9,2,5,5,1,1,0,1,1,11,0,1
"Redmon village, Illinois",165,124,0,8,0,33,0,33,18,7,1,0,0,53250,13,517,124,0,113,0,0,3,21,8,15,9,5,18,34,72,0,85,14,71,0,2,19,39,8,0,15,9,3,0,0,17,63069,"Redmon village, Illinois",1,87,9,0,0,0,118,22,29,,,,12,85,11,2,6,2,0,0,0,0,18,0,3,9,5,0,0,12,2,5,0,2,5,1,0,0,1,0,7,0,4,1,8,"Redmon village, Illinois",0,2,0,4,4,5,2,34,0,2,1,3,6,5,3,1
"Rentchler CDP, Illinois",4,4,0,0,0,0,0,0,0,0,0,0,0,-666666666,0,-666666666,4,0,4,0,0,0,4,0,0,0,0,0,0,0,0,4,0,4,0,0,4,0,0,0,0,0,0,0,0,17,63355,"Rentchler CDP, Illinois",0,4,0,0,0,0,4,0,0,,,,4,4,0,0,0,0,0,0,0,0,0,0,0,0,0,0,0,0,0,0,0,0,0,0,0,0,0,0,0,0,0,0,0,"Rentchler CDP, Illinois",0,0,0,0,0,4,0,0,0,0,0,0,0,0,0,0
"Rest Haven CDP, Illinois",550,512,0,0,0,0,0,99,37,18,15,5,0,61310,68,992,545,0,295,0,27,29,32,10,75,37,36,20,29,349,65,242,79,163,0,0,42,0,8,15,69,137,0,17,15,17,63382,"Rest Haven CDP, Illinois",0,249,54,0,0,0,363,10,149,,,,17,242,27,0,5,12,13,17,17,0,18,64,24,2,13,31,34,45,7,24,5,5,8,5,0,0,10,5,6,1,5,0,0,"Rest Haven CDP, Illinois",0,0,9,1,4,28,0,71,23,7,0,11,5,0,15,0
"Reynolds village, Illinois",680,652,3,8,0,0,0,40,49,63,32,0,0,72639,30,860,674,0,275,0,4,3,0,15,47,71,26,10,99,334,39,249,28,221,20,12,20,39,46,52,70,22,28,35,10,17,63420,"Reynolds village, Illinois",0,324,15,0,0,0,388,7,139,,,,26,249,97,9,12,17,29,13,31,8,7,34,7,25,23,19,20,14,14,6,4,6,15,13,4,4,39,34,19,13,17,0,8,"Reynolds village, Illinois",12,30,7,14,42,18,3,20,7,5,4,16,13,20,3,2
"Richfield CDP, Illinois",0,0,0,0,0,0,0,0,0,0,0,0,0,-666666666,0,-666666666,0,0,0,0,0,0,0,0,0,0,0,0,0,0,0,0,0,0,0,0,0,0,0,0,0,0,0,0,0,17,63537,"Richfield CDP, Illinois",0,0,0,0,0,0,0,0,0,,,,0,0,0,0,0,0,0,0,0,0,0,0,0,0,0,0,0,0,0,0,0,0,0,0,0,0,0,0,0,0,0,0,0,"Richfield CDP, Illinois",0,0,0,0,0,0,0,0,0,0,0,0,0,0,0,0
"Richmond village, Illinois",2106,1776,17,227,0,10,0,229,150,220,95,18,10,44265,425,962,2022,11,1169,57,25,348,196,178,59,71,77,46,112,1046,91,972,503,469,44,60,49,92,47,147,108,19,100,87,102,17,63641,"Richmond village, Illinois",33,833,44,0,0,0,1071,156,613,,,,137,972,185,101,50,83,26,29,31,6,22,93,68,35,60,39,52,72,35,45,30,48,66,18,32,5,44,64,54,36,24,10,0,"Richmond village, Illinois",61,89,57,32,77,72,34,90,27,102,16,16,62,23,29,41
"Richton Park village, Illinois",13381,1170,11440,344,7,41,0,2069,995,1489,841,120,13,63777,1513,1057,12822,216,5592,0,49,606,886,1039,1898,488,326,157,143,6349,1314,5244,2338,2906,9,121,575,445,1235,307,746,443,233,806,724,17,63706,"Richton Park village, Illinois",407,4969,268,78,140,318,7407,989,3642,,,,654,5244,1345,334,303,460,388,383,242,348,359,234,335,200,375,735,601,293,160,230,102,81,139,51,75,75,329,306,347,157,218,76,119,"Richton Park village, Illinois",237,323,271,371,572,737,441,599,200,276,176,93,281,304,264,181
"Richview village, Illinois",306,281,2,0,0,0,0,31,20,6,2,0,0,46875,80,800,306,0,124,0,0,19,28,14,28,6,6,12,11,154,12,119,14,105,3,3,4,27,27,12,20,3,4,0,3,17,63719,"Richview village, Illinois",4,93,14,0,0,0,147,21,88,,,,10,119,43,11,0,10,12,26,2,0,4,10,9,5,16,4,8,12,2,4,2,4,4,6,3,0,21,2,12,9,5,4,3,"Richview village, Illinois",2,5,13,2,16,1,5,14,3,1,4,4,8,5,9,4
"Ridge Farm village, Illinois",940,860,9,59,0,0,0,88,65,18,4,2,0,46346,87,743,915,9,415,8,0,11,45,60,26,31,36,12,186,477,84,370,121,249,4,33,17,8,25,30,138,17,36,27,30,17,63862,"Ridge Farm village, Illinois",17,360,20,0,0,0,435,24,284,,,,65,370,125,45,3,26,38,11,0,0,16,35,28,9,45,48,36,28,23,13,11,11,13,10,16,12,17,52,17,57,18,3,15,"Ridge Farm village, Illinois",25,15,20,7,32,34,33,22,35,9,6,11,4,11,8,12
"Ridgefield CDP, Illinois",274,274,0,0,0,0,0,105,0,31,0,0,0,93897,0,-666666666,251,0,85,0,0,8,0,0,0,0,25,0,52,120,23,85,0,85,0,0,0,25,59,17,15,0,0,42,0,17,63875,"Ridgefield CDP, Illinois",18,143,33,0,0,0,184,0,0,,,,19,85,60,19,0,0,16,0,0,0,0,0,43,0,19,8,15,0,0,0,0,0,0,0,0,0,20,7,44,0,0,0,0,"Ridgefield CDP, Illinois",0,19,23,17,0,8,16,0,0,0,0,0,0,0,0,0
"Ridgewood CDP, Illinois",3089,498,461,2110,0,10,0,295,10,152,19,0,0,53953,698,1103,1848,200,1031,0,8,32,123,0,189,66,107,125,381,1607,178,924,474,450,51,0,141,342,343,67,317,49,41,45,158,17,64005,"Ridgewood CDP, Illinois",24,1353,108,87,0,3,1715,106,541,,,,30,924,398,69,18,202,146,36,37,3,0,297,133,136,111,92,86,164,16,22,0,18,15,0,0,6,226,155,89,8,29,84,0,"Ridgewood CDP, Illinois",33,186,79,177,97,100,50,46,29,43,0,23,10,6,7,5
"Carman CDP, Illinois",187,187,0,0,0,0,0,49,6,39,0,0,0,-666666666,0,-666666666,187,0,91,0,0,0,10,39,35,7,0,0,0,107,0,91,0,91,7,0,6,39,20,42,0,0,0,0,0,17,11267,"Carman CDP, Illinois",0,107,0,0,0,0,127,13,60,,,,20,91,0,0,0,0,0,0,0,0,0,0,0,17,0,0,0,0,0,62,0,0,28,0,0,0,0,0,0,0,0,0,0,"Carman CDP, Illinois",0,0,0,0,0,0,0,6,0,59,0,0,7,8,0,0
"Carmi city, Illinois",4865,4597,67,111,20,17,0,333,641,375,143,47,6,43587,667,668,4803,0,2713,16,0,131,183,79,355,363,655,492,439,2356,257,2258,584,1674,322,569,319,103,47,18,190,20,114,159,163,17,11293,"Carmi city, Illinois",9,1836,175,0,0,0,2203,111,1767,,,,379,2258,513,145,105,164,77,33,73,11,101,188,181,148,163,130,146,163,35,90,30,51,175,70,101,86,151,228,57,16,29,0,47,"Carmi city, Illinois",81,143,129,77,124,127,164,146,108,110,39,120,149,52,165,137
"Carol Stream village, Illinois",39447,21536,2834,5999,0,8118,12,4227,2293,7751,2851,449,258,89820,3162,1291,28192,600,14669,28,10,852,3295,4995,3667,1135,396,107,184,19244,2366,14209,4367,9842,258,1516,2301,2546,2124,1620,3020,870,1130,1990,1629,17,11332,"Carol Stream village, Illinois",593,16676,1963,13,35,647,22732,1271,9477,,,,1132,14209,4406,1100,1167,1084,775,468,354,350,1036,1393,1412,1245,1016,1380,1040,1471,712,581,437,985,609,350,272,161,1020,1176,1145,822,443,87,133,"Carol Stream village, Illinois",746,1488,977,1264,1411,1367,1548,1900,548,850,530,560,618,498,287,631
"Carpentersville village, Illinois",37618,11852,2773,19177,0,3178,14,2465,1928,3068,1256,153,43,73105,4508,1270,25987,163,11369,55,58,2538,2506,432,1058,2020,2133,242,327,18605,2496,11004,2933,8071,154,1201,1806,2179,2592,880,3013,571,909,2418,1653,17,11358,"Carpentersville village, Illinois",628,15163,1830,43,0,148,20282,1268,7173,,,,1119,11004,5332,1430,1184,2160,956,647,223,265,890,1158,931,1045,1593,1299,1197,1006,374,572,323,337,398,445,107,79,1367,1317,1936,1015,843,266,254,"Carpentersville village, Illinois",720,1259,1096,1009,1646,1439,1391,886,228,543,297,520,451,191,186,139
"Carrier Mills village, Illinois",1819,1416,266,81,4,0,0,223,164,106,56,0,0,42711,339,734,1805,0,861,2,6,39,37,47,176,99,77,202,176,885,106,721,161,560,29,38,83,187,55,91,58,18,94,60,5,17,11397,"Carrier Mills village, Illinois",71,753,32,0,0,0,821,22,626,,,,212,721,242,64,93,30,35,19,0,0,13,16,67,121,14,50,56,125,31,37,9,47,22,14,12,10,55,70,45,45,17,18,6,"Carrier Mills village, Illinois",14,85,30,65,63,25,30,53,65,46,19,37,54,40,27,25
"Carrollton city, Illinois",2590,2461,9,90,0,0,0,272,226,162,64,17,0,60280,216,700,2554,23,1205,0,3,39,100,145,109,119,147,59,484,1281,134,1005,311,694,205,256,89,92,135,44,108,19,54,93,133,17,11462,"Carrollton city, Illinois",63,1199,30,10,0,0,1490,5,652,,,,225,1005,292,74,97,48,54,38,30,0,100,102,98,43,87,53,81,115,38,21,23,39,91,35,27,11,73,82,64,55,44,0,32,"Carrollton city, Illinois",68,61,82,91,61,100,66,80,28,19,34,74,33,82,30,26
"Carterville city, Illinois",5861,4929,195,460,7,125,0,595,406,869,609,102,111,58362,700,924,5670,71,2532,82,81,457,429,458,256,288,67,47,367,2685,290,2368,681,1687,122,262,411,633,289,262,255,47,50,99,41,17,11514,"Carterville city, Illinois",80,2430,61,19,0,0,2779,77,1640,,,,363,2368,791,271,346,194,51,73,7,77,39,242,97,185,174,187,103,128,84,98,40,104,75,94,45,23,243,133,198,140,121,63,55,"Carterville city, Illinois",142,215,143,256,123,286,92,131,149,128,15,48,117,137,19,170
"Carthage city, Illinois",2474,2270,9,97,0,9,0,249,165,563,129,37,0,70563,305,706,2398,42,1430,9,59,170,97,71,150,148,283,74,369,1179,105,1157,301,856,142,259,71,125,71,120,191,0,96,131,13,17,11527,"Carthage city, Illinois",36,1217,35,3,0,0,1356,49,727,,,,116,1157,215,40,92,76,16,32,13,42,11,62,154,59,82,32,76,90,61,34,28,18,23,44,106,29,43,13,108,49,12,0,10,"Carthage city, Illinois",21,102,82,124,57,46,70,106,32,6,3,60,56,79,88,87
"Cary village, Illinois",17926,15382,41,1658,0,191,0,2124,1049,3970,1715,158,34,105344,603,1286,16629,84,6535,0,52,1054,1795,966,1303,383,392,152,438,8959,1100,6459,856,5603,131,1158,982,1321,998,456,1183,395,428,1113,986,17,11592,"Cary village, Illinois",305,8528,458,24,0,275,11249,488,3077,,,,733,6459,2237,600,514,614,460,153,141,134,305,689,660,473,660,444,656,885,318,321,147,254,247,158,70,56,415,412,697,333,295,62,57,"Cary village, Illinois",356,542,513,679,586,563,862,932,276,375,252,252,233,90,109,76
"Casey city, Illinois",2655,2575,4,61,0,0,0,242,209,167,90,5,0,45784,206,705,2634,6,1496,10,8,29,86,161,190,274,182,157,399,1141,146,1197,365,832,274,368,146,60,53,9,47,61,79,169,30,17,11618,"Casey city, Illinois",48,1037,222,23,0,0,1438,35,747,,,,179,1197,379,56,63,80,45,31,0,40,83,78,66,57,62,79,72,118,7,27,44,39,45,29,32,23,84,48,93,77,53,33,8,"Casey city, Illinois",94,97,39,120,51,52,123,69,32,60,40,37,47,72,43,107
"Caseyville village, Illinois",4203,3031,402,350,0,0,0,523,97,262,90,0,21,51610,799,1031,4035,30,1619,26,23,58,95,172,169,169,477,187,243,2217,211,1437,414,1023,20,97,345,185,274,214,270,0,52,110,22,17,11644,"Caseyville village, Illinois",6,1290,282,8,15,0,1752,44,1472,,,,407,1437,488,245,210,88,87,56,49,17,36,123,124,123,215,157,63,205,20,132,42,24,146,55,27,44,78,104,188,111,19,8,0,"Caseyville village, Illinois",49,132,141,169,132,101,32,164,31,70,31,111,81,69,11,83
"Catlin village, Illinois",1972,1909,0,56,0,0,0,164,174,193,128,23,0,49861,190,742,1916,0,953,9,5,60,42,125,142,177,112,42,239,1011,62,928,234,694,14,127,183,301,202,7,39,11,31,58,19,17,11774,"Catlin village, Illinois",9,974,16,0,0,0,1079,26,594,,,,95,928,162,46,48,85,45,80,8,0,61,52,26,66,125,28,34,87,51,44,5,23,17,31,10,39,53,30,20,9,26,6,21,"Catlin village, Illinois",22,34,53,57,67,50,96,105,18,27,26,25,31,92,62,31
"Cave-In-Rock village, Illinois",199,194,0,0,0,0,0,18,8,3,2,0,0,24583,47,330,199,0,137,0,0,10,0,8,20,32,17,11,39,89,6,69,19,50,17,2,3,8,0,2,26,0,12,8,0,17,11826,"Cave-In-Rock village, Illinois",4,79,0,0,0,0,85,0,91,,,,19,69,20,0,5,6,2,1,0,0,5,0,17,8,6,5,1,12,0,3,4,3,2,7,2,0,0,4,8,5,0,12,0,"Cave-In-Rock village, Illinois",0,0,29,5,3,0,3,4,0,6,5,1,16,2,4,3
"Cedar Point village, Illinois",212,198,0,14,0,0,0,12,15,5,5,0,0,51250,31,875,206,0,114,4,0,3,1,7,11,13,17,14,44,108,15,100,23,77,1,9,3,41,13,3,16,0,0,1,7,17,11982,"Cedar Point village, Illinois",8,97,5,0,0,0,115,6,62,,,,19,100,30,4,2,7,2,2,0,6,7,7,5,7,11,6,9,7,3,0,7,1,6,0,8,1,8,9,4,7,0,1,0,"Cedar Point village, Illinois",8,2,11,4,5,8,3,6,0,2,2,7,11,1,2,3
"Cedarville village, Illinois",622,589,0,32,0,0,0,42,50,82,5,2,0,61154,34,717,608,0,299,0,9,16,22,17,71,16,32,11,105,314,43,284,28,256,17,41,48,85,35,17,12,1,0,18,9,17,12008,"Cedarville village, Illinois",17,279,10,0,0,0,332,6,201,,,,68,284,58,12,2,17,8,0,0,3,5,39,11,21,20,31,12,35,12,6,6,21,19,23,6,5,26,10,20,10,15,0,8,"Cedarville village, Illinois",8,16,25,6,5,32,10,35,22,6,2,11,12,18,4,7
"Central City village, Illinois",1353,1293,0,43,0,0,0,234,123,42,20,0,5,42455,310,794,1320,0,736,15,22,37,58,77,152,75,64,37,199,624,49,559,188,371,18,205,189,17,39,46,39,19,21,14,2,17,12151,"Central City village, Illinois",8,504,104,0,0,0,655,35,339,,,,37,559,242,29,108,56,48,0,0,0,20,36,47,32,102,20,29,15,12,33,6,10,9,12,0,0,25,49,50,40,26,0,0,"Central City village, Illinois",28,40,101,48,78,28,29,45,3,16,9,23,44,21,4,22
"Centralia city, Illinois",12354,9912,1044,620,8,176,0,1422,821,937,472,108,56,39117,2731,597,12088,43,6201,60,27,372,348,447,1091,1035,699,641,1481,5855,474,5458,1738,3720,363,1188,983,326,213,259,669,98,75,39,131,17,12164,"Centralia city, Illinois",24,3870,362,10,0,0,5376,627,4335,,,,925,5458,1415,407,506,409,183,193,36,86,197,362,373,293,421,236,250,433,194,196,119,179,243,310,66,240,471,373,383,248,93,31,61,"Centralia city, Illinois",227,535,207,307,434,211,346,404,132,411,101,287,336,308,195,321
"Centreville city, Illinois",4946,182,4682,0,46,12,0,541,256,144,88,0,0,22098,1991,613,4934,0,2844,132,129,181,386,229,348,268,687,107,377,2234,226,2267,1394,873,0,67,275,185,306,166,136,39,0,16,208,17,12203,"Centreville city, Illinois",0,1172,9,217,0,0,1667,263,2050,,,,229,2267,458,437,362,48,10,50,0,30,14,24,87,45,125,84,142,185,55,133,111,84,45,118,0,45,116,140,126,0,167,184,0,"Centreville city, Illinois",161,216,45,147,160,69,43,153,110,89,129,83,140,220,194,20
"Cerro Gordo village, Illinois",1275,1240,0,18,0,0,0,113,106,88,23,7,2,57750,118,824,1254,4,557,0,0,16,13,31,126,86,72,36,177,598,69,515,114,401,45,35,36,57,149,98,68,25,0,19,14,17,12268,"Cerro Gordo village, Illinois",0,511,32,0,0,0,630,52,369,,,,86,515,155,63,17,31,35,15,19,15,33,31,35,55,16,19,50,35,18,16,12,20,24,22,5,22,26,75,51,26,14,20,3,"Cerro Gordo village, Illinois",25,29,37,27,56,36,35,25,15,15,19,6,31,50,34,12
"Chadwick village, Illinois",529,507,0,18,0,0,0,69,37,72,13,0,2,50000,26,763,524,0,269,0,0,3,2,2,63,41,31,14,113,297,57,256,61,195,35,18,8,17,30,18,71,12,13,26,3,17,12294,"Chadwick village, Illinois",3,216,22,0,0,0,281,5,178,,,,53,256,51,14,13,17,4,6,0,0,17,27,12,13,0,13,44,11,19,24,3,11,14,20,7,8,5,7,7,15,2,4,0,"Chadwick village, Illinois",3,15,12,9,14,24,13,12,23,5,2,10,22,17,4,7
"Champaign city, Illinois",88288,50971,15838,5747,68,12874,10,5651,3481,10346,8241,2222,3632,49467,19174,922,73376,643,39586,2779,2012,5718,5643,4911,4569,4350,4305,1134,4165,45968,3931,34851,19503,15348,1175,6361,10970,11557,5101,1237,1543,236,132,1008,370,17,12385,"Champaign city, Illinois",124,27581,3932,2646,35,0,45509,2269,29084,,,,2787,34851,7333,2708,2424,1935,1294,3888,2181,2433,5206,4328,3027,3333,1672,2187,1789,2088,780,919,536,759,1060,717,537,440,2025,1588,2275,794,3726,2405,1985,"Champaign city, Illinois",3746,3409,2617,2654,1696,1810,1953,2134,892,1107,659,934,1230,1136,638,634
"Chandlerville village, Illinois",430,422,0,3,3,0,0,40,12,23,7,0,0,38750,86,825,430,0,253,2,0,13,26,12,40,10,26,29,95,243,25,217,38,179,4,13,18,16,23,16,31,0,0,21,15,17,12450,"Chandlerville village, Illinois",0,137,20,0,0,0,184,18,161,,,,39,217,38,23,18,4,11,6,4,0,0,6,21,2,11,17,8,12,10,8,5,10,12,4,6,45,16,16,8,2,0,6,0,"Chandlerville village, Illinois",12,2,18,3,9,34,15,6,6,2,9,0,10,6,5,2
"Channahon village, Illinois",13281,11029,259,1891,14,45,0,1508,842,1678,792,128,22,99429,571,1518,12962,26,4321,93,34,1560,1219,207,527,302,218,51,110,6525,1044,4276,473,3803,148,470,662,845,792,454,525,329,399,589,726,17,12476,"Channahon village, Illinois",281,5589,541,0,0,38,7016,415,3131,,,,737,4276,1858,435,475,498,342,170,0,94,261,345,388,397,367,570,474,382,233,136,155,138,317,128,140,80,484,452,601,338,198,134,109,"Channahon village, Illinois",120,446,246,489,426,461,554,312,179,237,143,201,311,147,100,68
"Channel Lake CDP, Illinois",1784,1575,0,97,0,10,0,300,132,169,52,29,0,51875,376,1308,1730,2,863,10,0,21,66,45,103,169,162,110,177,930,98,738,118,620,12,40,44,67,63,19,164,30,69,71,157,17,12489,"Channel Lake CDP, Illinois",37,650,108,0,0,0,877,48,551,,,,68,738,204,35,57,54,41,32,0,0,39,38,82,48,73,11,87,84,24,77,35,27,49,19,18,0,132,42,14,34,33,0,8,"Channel Lake CDP, Illinois",20,110,101,6,30,16,43,65,14,50,0,27,44,45,9,11
"Chapin village, Illinois",536,507,0,29,0,0,0,54,20,36,40,0,0,58450,36,700,534,2,248,0,0,9,13,27,22,20,33,8,116,290,47,189,32,157,26,8,43,48,58,16,28,11,13,3,8,17,12528,"Chapin village, Illinois",2,218,24,0,0,0,290,11,138,,,,57,189,74,29,28,5,7,42,0,2,16,4,12,2,9,42,5,19,0,13,0,4,38,5,5,3,9,16,16,21,0,3,22,"Chapin village, Illinois",3,21,7,19,21,14,10,19,9,5,1,8,2,5,8,7
"Charleston city, Illinois",20141,17053,1503,724,39,441,16,1837,1143,2175,1190,84,339,41436,4660,716,19372,143,9243,77,185,379,1459,1774,1700,878,798,244,1749,9505,832,7847,4265,3582,1380,2836,1633,1296,884,267,527,53,116,353,237,17,12567,"Charleston city, Illinois",95,7231,976,51,0,24,11753,785,6004,,,,997,7847,1591,288,497,371,87,853,461,753,933,812,877,472,567,481,359,401,98,382,79,222,115,143,151,218,315,381,465,144,1070,643,936,"Charleston city, Illinois",900,723,611,451,446,481,494,674,205,149,134,228,341,249,204,277
"Chatham village, Illinois",13231,12587,177,119,0,123,19,1249,869,2715,1152,220,106,96655,494,1021,12959,16,4999,204,342,1274,1024,525,828,483,122,19,178,5938,801,4815,960,3855,156,641,420,1305,1708,795,594,65,104,328,67,17,12684,"Chatham village, Illinois",222,5674,683,0,0,0,7101,97,2445,,,,685,4815,2054,283,640,517,255,112,11,93,87,360,341,667,475,437,364,299,131,261,104,100,129,158,114,0,738,657,555,373,117,207,85,"Chatham village, Illinois",221,329,584,789,414,310,450,422,157,140,96,70,193,215,80,91
"Chatsworth town, Illinois",1332,1074,0,206,0,5,0,74,42,44,24,0,0,50417,286,585,1309,3,703,0,0,0,33,27,135,85,100,52,271,725,60,603,188,415,42,63,43,142,38,19,127,22,4,41,33,17,12710,"Chatsworth town, Illinois",43,527,48,0,0,0,673,39,394,,,,151,603,156,43,33,69,17,20,8,5,53,17,54,21,23,41,19,130,59,33,15,13,16,16,9,11,57,22,33,2,17,0,12,"Chatsworth town, Illinois",47,37,32,18,43,23,31,58,21,54,19,26,19,18,5,13
"Chebanse village, Illinois",1208,1043,45,70,0,0,0,143,122,125,21,1,0,73239,49,833,1174,0,505,0,0,9,29,32,60,87,41,53,194,647,55,479,178,301,39,37,32,95,160,70,55,26,27,17,28,17,12801,"Chebanse village, Illinois",39,573,31,0,0,0,682,26,258,,,,89,479,166,16,43,66,37,10,0,5,45,38,39,61,54,29,26,39,17,17,24,10,32,24,9,6,40,41,43,15,11,4,0,"Chebanse village, Illinois",18,51,55,21,71,2,44,29,28,23,18,8,12,6,3,18
"Chemung CDP, Illinois",738,266,0,472,0,0,0,0,18,0,0,0,0,38750,342,-666666666,529,0,279,0,0,0,139,0,0,34,7,8,91,456,0,279,70,209,0,9,7,0,0,52,61,0,0,0,0,17,12879,"Chemung CDP, Illinois",17,42,104,0,0,0,223,0,244,,,,102,279,121,45,45,80,41,0,0,0,0,0,26,0,61,0,0,9,24,8,0,0,0,111,6,0,0,24,0,36,0,0,0,"Chemung CDP, Illinois",0,0,71,0,34,0,0,25,0,0,0,87,0,5,0,0
"Chenoa city, Illinois",1877,1724,32,73,0,10,0,171,89,171,51,5,0,59904,309,724,1862,3,838,2,9,71,70,75,58,155,99,42,257,913,78,701,168,533,55,71,117,187,85,57,144,10,10,40,69,17,12931,"Chenoa city, Illinois",13,772,65,0,0,0,938,38,558,,,,132,701,195,56,52,82,71,14,15,14,38,14,55,30,66,38,40,98,20,30,22,25,45,47,25,16,45,23,93,48,52,25,41,"Chenoa city, Illinois",6,34,26,52,65,65,74,77,4,38,39,16,67,25,36,13
"Cherry village, Illinois",479,447,0,17,0,0,0,47,16,31,5,0,0,49583,18,758,477,0,224,0,0,13,14,9,12,20,37,21,98,267,9,208,43,165,3,21,40,35,42,15,10,0,0,1,6,17,12970,"Cherry village, Illinois",2,171,4,0,0,0,194,5,180,,,,39,208,51,21,14,33,0,4,0,9,5,10,4,12,21,7,2,24,2,15,0,17,7,48,12,0,6,20,11,0,0,0,8,"Cherry village, Illinois",12,10,8,13,10,2,12,16,7,9,2,35,7,17,4,3
"Cherry Valley village, Illinois",2783,2320,47,214,0,164,0,357,217,515,100,36,6,68397,182,750,2570,17,1295,0,0,357,502,166,24,86,34,58,68,1406,190,1240,314,926,35,93,296,171,178,110,117,62,30,49,67,17,13074,"Cherry Valley village, Illinois",0,1101,67,11,0,0,1446,42,1019,,,,198,1240,195,117,62,29,45,17,8,0,23,190,69,60,35,106,84,151,56,73,33,32,100,51,44,37,64,37,9,8,0,10,0,"Cherry Valley village, Illinois",11,160,47,37,48,108,140,164,49,95,15,59,65,68,83,84
"Chester city, Illinois",8264,5500,2115,499,54,24,0,752,302,354,124,43,29,51830,893,609,8029,35,2508,0,0,275,214,182,379,280,309,294,575,2434,282,2195,731,1464,255,702,339,265,161,88,120,0,28,40,148,17,13139,"Chester city, Illinois",0,1872,160,0,0,0,2326,83,5104,,,,576,2195,421,99,129,125,69,123,75,32,376,668,678,567,567,493,423,358,167,221,62,95,178,52,65,117,128,30,234,92,40,11,8,"Chester city, Illinois",54,159,147,62,192,169,163,151,152,149,57,31,158,58,99,181
"Chesterfield village, Illinois",208,201,1,6,0,0,0,18,6,12,5,0,0,53977,23,-666666666,207,1,100,3,0,3,1,7,0,2,21,19,44,109,8,75,10,65,8,11,5,19,10,0,10,0,5,15,5,17,13165,"Chesterfield village, Illinois",3,86,5,0,0,0,108,13,46,,,,11,75,44,6,12,10,4,4,0,0,6,4,34,3,1,4,4,7,0,1,5,0,4,0,0,0,3,10,13,2,0,0,0,"Chesterfield village, Illinois",5,0,29,6,4,3,1,6,0,1,1,8,6,1,0,0
"Chestnut CDP, Illinois",37,37,0,0,0,0,0,0,0,0,0,0,0,33977,7,-666666666,37,0,27,0,0,0,0,0,25,0,0,2,0,12,0,27,18,9,0,0,0,11,0,7,0,0,0,0,0,17,13230,"Chestnut CDP, Illinois",2,20,0,0,0,0,20,0,7,,,,0,27,7,0,10,0,0,0,0,0,0,0,0,0,0,0,0,0,0,2,0,0,0,0,0,0,0,0,0,0,0,0,0,"Chestnut CDP, Illinois",11,7,0,0,0,0,0,0,0,0,0,7,0,0,0,0
"Chicago city, Illinois",2699347,900055,776470,772791,2345,182251,472,236127,106626,452360,222696,66095,32404,62097,458353,1154,2104116,22787,1217686,23448,16708,95407,62416,57953,93923,120031,147443,109384,490973,1292164,157764,1081143,590848,490295,11505,42400,80610,114979,145275,74777,236756,51974,84988,187612,149097,17,14000,"Chicago city, Illinois",39809,641781,101651,162884,161873,21883,1482449,120061,722305,,,,66833,1081143,274229,83388,75146,76796,43504,31997,15040,17672,63166,140971,129768,102744,86047,80826,79211,76023,27659,38940,22249,28015,38000,25538,14596,13582,82456,71073,76530,43775,33173,17248,19069,"Chicago city, Illinois",66297,144114,128238,102393,87122,82596,77723,80908,32524,43036,27968,35044,47040,34848,24441,30853
"Chicago Heights city, Illinois",29598,6262,11480,11116,0,51,0,3005,1340,2119,852,149,46,49880,7096,918,24701,184,11293,76,92,476,413,376,1210,1992,3444,1070,2144,14190,1967,9736,3557,6179,184,1140,1801,1614,1419,523,1503,405,624,1005,880,17,14026,"Chicago Heights city, Illinois",352,9312,1043,194,216,337,14002,1831,8814,,,,779,9736,3360,927,863,1068,940,506,473,122,634,836,973,717,1070,984,992,674,232,407,313,474,523,331,156,165,868,1162,1407,730,399,200,125,"Chicago Heights city, Illinois",694,989,714,887,971,970,908,977,252,519,324,411,568,349,416,378
"Chicago Ridge village, Illinois",14028,9653,1054,2030,0,393,0,1810,967,1610,417,40,173,51555,2857,973,10243,353,5836,0,30,184,405,913,1416,1336,919,446,187,6934,692,5339,2370,2969,91,325,447,808,555,298,1545,195,402,728,542,17,14065,"Chicago Ridge village, Illinois",81,5205,333,92,47,215,6821,479,4396,,,,526,5339,1455,784,425,250,252,132,69,68,94,1018,655,316,328,303,399,564,241,232,150,208,225,282,49,84,646,344,312,152,17,14,24,"Chicago Ridge village, Illinois",321,591,628,676,322,330,346,567,185,271,131,177,324,145,115,262
"Chillicothe city, Illinois",6326,5613,43,349,0,16,0,542,489,797,301,17,39,51998,913,724,6175,0,2930,158,76,158,294,264,400,378,347,192,663,2894,245,2659,599,2060,147,444,395,215,602,390,386,29,0,39,0,17,14117,"Chillicothe city, Illinois",32,2390,177,11,0,0,2966,123,2093,,,,456,2659,612,240,92,148,137,95,81,0,86,257,216,63,263,160,85,209,62,164,62,82,216,93,105,6,300,273,113,78,0,0,47,"Chillicothe city, Illinois",131,259,196,99,94,178,256,139,138,216,93,97,332,75,50,240
"Chrisman city, Illinois",1632,1602,7,0,0,14,0,231,124,174,15,19,18,51042,129,661,1594,11,699,0,0,61,37,28,103,77,154,32,207,740,72,610,196,414,133,40,19,74,118,27,90,23,20,39,20,17,14273,"Chrisman city, Illinois",5,557,28,0,0,0,707,58,519,,,,119,610,185,77,85,57,20,9,13,6,31,39,90,28,23,31,46,66,15,14,15,21,15,34,17,29,55,40,85,4,17,3,5,"Chrisman city, Illinois",5,62,41,68,31,20,90,90,8,10,12,6,29,87,9,74
"Christopher city, Illinois",2601,2510,0,34,0,20,0,394,269,230,46,0,12,33184,766,668,2549,8,1371,0,0,40,86,49,125,236,247,190,398,1186,172,1181,449,732,82,85,45,154,74,116,112,56,87,64,5,17,14286,"Christopher city, Illinois",18,762,125,0,0,0,1080,67,967,,,,216,1181,298,85,104,48,61,20,6,24,21,72,123,85,71,60,112,57,26,22,4,61,24,55,15,36,47,152,98,35,56,7,15,"Christopher city, Illinois",12,96,102,82,62,40,70,148,23,41,23,121,56,56,28,39
"Cicero town, Illinois",81471,5658,2751,72389,52,383,0,6692,2557,3884,710,131,66,53726,11115,951,48211,968,24736,9,35,122,553,505,955,1640,2627,1796,16494,39696,5616,22698,10935,11763,548,2066,3133,4376,3965,2835,7546,1682,2454,4814,3012,17,14351,"Cicero town, Illinois",574,26432,5779,1488,1373,386,39821,1871,21868,,,,1358,22698,10332,2391,3168,3170,2180,1405,998,738,2066,2858,2754,2669,2798,2734,2926,2315,1012,1007,450,668,888,372,239,292,2513,3431,3758,2172,1313,866,571,"Cicero town, Illinois",2038,3309,2919,2912,2662,2819,2020,2300,765,977,535,1051,868,536,517,521
"Cisco village, Illinois",284,273,1,0,0,0,0,40,17,8,18,0,0,56250,21,728,284,0,126,0,0,4,4,12,16,9,13,18,50,154,13,126,22,104,8,6,28,16,15,7,20,14,5,5,5,17,14442,"Cisco village, Illinois",0,92,30,0,0,0,147,9,83,,,,10,126,45,20,14,7,3,0,0,0,0,19,6,2,23,6,7,19,5,6,0,2,7,2,1,5,9,2,1,4,11,1,0,"Cisco village, Illinois",8,15,13,0,11,17,6,8,1,2,0,1,7,0,10,3
"Cisne village, Illinois",505,430,4,49,0,0,0,40,66,12,14,0,0,36500,66,530,462,0,305,0,2,11,45,80,35,27,41,25,39,195,36,260,85,175,19,24,5,74,30,2,1,2,0,19,21,17,14455,"Cisne village, Illinois",3,165,33,2,0,0,220,12,230,,,,24,260,37,8,10,10,5,4,2,2,16,0,5,5,9,17,19,17,2,6,20,18,8,12,0,4,8,3,12,1,11,7,1,"Cisne village, Illinois",0,15,1,8,26,10,27,30,5,42,0,9,17,28,11,34
"Cissna Park village, Illinois",847,754,0,42,0,0,0,67,69,119,49,11,0,42750,106,681,825,0,444,0,8,47,22,7,61,56,85,21,137,363,47,404,107,297,71,27,9,18,15,20,27,8,7,28,22,17,14468,"Cissna Park village, Illinois",31,239,17,4,0,0,286,0,411,,,,63,404,77,10,21,25,5,0,3,0,4,12,12,21,37,32,15,11,8,4,38,8,35,24,27,11,32,30,23,23,8,0,7,"Cissna Park village, Illinois",9,4,21,35,31,15,21,51,11,15,13,9,28,36,37,25
"Claremont village, Illinois",218,206,0,0,0,12,0,19,27,10,5,0,0,38125,33,620,213,2,100,2,0,6,18,12,27,8,5,6,16,110,5,92,8,84,0,11,47,13,9,0,7,1,4,3,0,17,14533,"Claremont village, Illinois",1,87,9,0,0,0,112,13,62,,,,29,92,28,5,9,7,12,7,0,0,0,2,13,3,3,1,4,14,2,6,1,12,4,1,0,4,3,8,4,6,2,0,0,"Claremont village, Illinois",0,8,10,9,7,5,12,3,0,18,0,3,1,4,5,0
"Clarendon Hills village, Illinois",8834,6980,32,532,11,1030,0,276,211,2687,1201,478,112,103486,761,970,7495,38,3524,77,77,422,572,383,257,294,1101,170,171,4146,742,3431,422,3009,36,278,425,375,464,186,391,103,196,484,315,17,14572,"Clarendon Hills village, Illinois",105,2487,90,0,13,688,4477,51,2023,,,,181,3431,1491,212,459,426,391,100,8,34,38,163,145,196,387,359,383,210,261,34,50,55,18,59,110,48,298,303,300,419,108,40,27,"Clarendon Hills village, Illinois",56,37,38,392,453,377,421,286,222,72,30,96,149,52,464,48
"Clay City village, Illinois",896,881,11,0,0,0,0,84,75,54,10,2,0,45104,198,448,896,0,472,6,7,21,32,42,109,50,67,39,99,406,52,356,108,248,24,55,83,73,52,22,18,3,4,17,36,17,14715,"Clay City village, Illinois",19,369,23,0,0,0,417,8,227,,,,47,356,127,17,30,43,7,0,0,0,17,23,45,26,18,36,16,11,31,9,13,25,4,15,4,16,66,52,40,3,15,8,11,"Clay City village, Illinois",17,35,43,11,29,22,13,32,11,14,11,5,3,24,3,22
"Clayton village, Illinois",585,577,0,6,0,0,0,47,33,22,7,0,0,44583,125,417,585,0,356,8,0,33,35,32,55,28,17,37,111,296,49,300,96,204,3,28,37,31,66,7,28,3,28,25,15,17,14767,"Clayton village, Illinois",6,249,25,0,0,0,295,2,195,,,,58,300,76,12,21,21,12,6,0,0,21,6,9,14,18,30,19,18,7,8,7,23,20,12,6,6,9,3,22,17,14,0,3,"Clayton village, Illinois",17,13,9,19,34,20,8,15,1,14,13,9,29,10,8,2
"Clear Lake village, Illinois",386,380,0,0,0,0,0,56,3,35,3,0,0,52788,26,543,386,0,176,0,1,0,48,60,30,22,8,2,5,198,26,153,33,120,6,4,47,51,26,6,4,0,1,1,0,17,14845,"Clear Lake village, Illinois",2,146,2,0,0,0,194,43,122,,,,5,153,42,15,5,4,8,18,0,19,20,15,20,10,5,17,9,5,14,6,1,0,4,1,0,2,21,18,4,4,0,2,0,"Clear Lake village, Illinois",2,24,9,3,5,21,8,34,4,0,5,8,4,4,8,0
"Cleveland village, Illinois",232,219,6,3,0,3,0,28,16,10,2,0,0,54250,22,944,225,0,94,0,0,3,7,3,30,7,13,15,16,131,24,91,17,74,3,0,18,12,17,21,8,10,0,3,6,17,14923,"Cleveland village, Illinois",0,84,11,0,0,0,109,6,75,,,,13,91,32,9,3,14,7,8,0,3,5,0,12,3,8,12,12,3,2,14,3,0,6,4,1,2,3,4,9,2,0,0,0,"Cleveland village, Illinois",2,3,1,9,19,14,3,13,1,4,5,1,2,5,1,0
"Clifton village, Illinois",1178,1116,0,23,0,6,0,87,109,96,78,6,0,72188,100,802,1168,0,515,2,0,9,26,33,145,34,96,19,151,573,62,482,135,347,18,64,39,58,132,81,89,9,26,18,38,17,14936,"Clifton village, Illinois",6,519,46,0,0,0,630,18,274,,,,85,482,168,34,12,65,22,23,1,0,12,42,41,36,53,31,31,37,32,18,4,17,30,12,9,11,43,56,52,30,8,6,0,"Clifton village, Illinois",24,21,28,34,45,56,33,28,16,15,14,21,30,23,12,10
"Clinton city, Illinois",6982,6440,127,359,0,4,0,667,442,622,113,80,9,46741,1068,693,6793,19,3460,0,33,58,238,274,429,579,470,435,944,3197,368,3102,1153,1949,557,661,375,169,121,127,654,74,49,238,52,17,15001,"Clinton city, Illinois",25,2724,181,19,0,0,3452,214,2035,,,,365,3102,774,202,237,223,103,34,82,43,156,245,192,245,230,246,122,253,82,94,78,92,71,91,91,103,257,187,278,208,72,88,0,"Clinton city, Illinois",90,263,131,199,238,248,160,215,137,65,38,114,253,138,138,150
"Coal City village, Illinois",4941,4539,69,185,0,27,0,603,416,466,249,15,0,75108,296,970,4777,20,2050,132,79,335,420,54,259,165,180,148,278,2583,329,1939,451,1488,78,282,171,225,377,205,266,80,79,280,76,17,15170,"Coal City village, Illinois",97,2036,105,0,0,0,2536,157,1220,,,,216,1939,758,172,254,167,225,52,89,0,43,126,192,98,310,225,104,101,61,64,22,66,119,62,22,9,149,101,183,118,45,5,21,"Coal City village, Illinois",50,103,175,197,329,198,111,81,48,113,10,73,128,33,54,33
"Coalton village, Illinois",337,332,0,0,5,0,0,19,21,35,5,0,0,63750,23,750,332,0,167,1,3,23,16,10,29,13,2,24,46,178,20,144,10,134,5,36,12,8,18,3,9,7,2,10,40,17,15209,"Coalton village, Illinois",1,102,42,0,0,0,163,6,101,,,,22,144,42,9,21,9,6,0,1,0,12,6,27,2,9,17,3,17,8,4,4,3,8,7,3,2,8,16,4,4,0,1,1,"Coalton village, Illinois",10,6,7,13,16,4,9,9,11,4,5,2,11,9,5,4
"Ridott village, Illinois",170,170,0,0,0,0,0,36,6,11,0,0,0,41932,22,731,170,0,83,0,0,0,4,2,21,1,2,7,46,95,14,77,20,57,0,16,3,7,10,2,8,4,0,5,8,17,64044,"Ridott village, Illinois",4,41,11,0,0,0,75,6,64,,,,6,77,14,6,7,0,0,4,6,2,3,2,7,2,7,7,7,4,1,25,1,0,1,1,1,1,4,13,1,0,0,1,0,"Ridott village, Illinois",0,1,6,8,0,6,4,9,15,3,1,0,0,3,0,0
"Riggston CDP, Illinois",15,15,0,0,0,0,0,4,0,0,0,0,0,-666666666,0,-666666666,15,0,4,0,0,0,0,0,0,0,0,4,0,4,0,4,0,4,0,0,0,0,0,0,0,0,0,0,0,17,64083,"Riggston CDP, Illinois",0,0,0,0,0,0,4,0,8,,,,4,4,4,0,0,0,0,0,0,0,0,0,0,0,0,0,0,0,0,0,0,0,0,0,4,0,0,0,3,0,0,0,0,"Riggston CDP, Illinois",0,0,0,4,0,0,0,0,0,4,0,0,0,0,0,0
"Riley CDP, Illinois",0,0,0,0,0,0,0,0,0,0,0,0,0,-666666666,0,-666666666,0,0,0,0,0,0,0,0,0,0,0,0,0,0,0,0,0,0,0,0,0,0,0,0,0,0,0,0,0,17,64094,"Riley CDP, Illinois",0,0,0,0,0,0,0,0,0,,,,0,0,0,0,0,0,0,0,0,0,0,0,0,0,0,0,0,0,0,0,0,0,0,0,0,0,0,0,0,0,0,0,0,"Riley CDP, Illinois",0,0,0,0,0,0,0,0,0,0,0,0,0,0,0,0
"Ringwood village, Illinois",735,708,10,9,0,7,0,55,63,122,39,7,2,124500,44,-666666666,724,0,284,0,4,107,33,26,41,6,5,0,62,330,73,282,11,271,62,24,46,23,37,44,58,10,6,23,77,17,64135,"Ringwood village, Illinois",27,380,18,0,0,7,475,2,155,,,,30,282,80,22,21,7,14,7,4,5,12,6,14,10,18,38,35,47,12,10,14,13,12,9,0,0,3,18,28,28,9,0,7,"Ringwood village, Illinois",26,10,5,23,20,62,27,40,8,8,9,28,16,17,8,5
"Rio village, Illinois",206,177,11,10,0,1,0,31,22,5,4,0,0,62500,24,-666666666,205,0,94,0,0,0,0,3,48,7,0,2,34,108,9,80,10,70,3,3,14,23,17,7,1,0,0,9,3,17,64148,"Rio village, Illinois",2,82,0,0,0,0,100,13,71,,,,28,80,21,8,6,0,2,2,11,8,0,3,1,5,13,6,3,8,0,4,0,8,7,3,1,9,9,6,4,0,0,0,0,"Rio village, Illinois",0,9,6,0,0,17,6,6,6,5,2,6,8,5,0,3
"Ripley village, Illinois",48,48,0,0,0,0,0,2,2,0,0,0,0,26250,6,489,48,0,43,2,0,2,5,7,8,0,2,4,13,24,2,27,11,16,0,2,6,4,0,0,0,0,0,0,0,17,64174,"Ripley village, Illinois",0,12,0,0,0,0,15,3,31,,,,0,27,4,0,0,2,0,0,0,0,0,0,2,0,1,0,2,0,0,5,0,0,12,0,0,0,0,0,0,4,0,0,0,"Ripley village, Illinois",0,0,2,0,2,2,0,4,0,0,0,7,0,0,1,2
"Ritchie CDP, Illinois",164,99,0,55,0,0,0,27,6,0,0,0,0,54402,16,-666666666,164,0,77,0,0,0,6,0,10,6,0,23,32,105,15,77,6,71,0,5,6,25,0,7,10,5,0,11,0,17,64239,"Ritchie CDP, Illinois",0,69,0,0,0,0,84,15,75,,,,15,77,5,0,0,0,5,0,0,0,0,25,0,0,5,0,15,6,5,29,0,0,0,15,0,0,0,0,5,0,7,0,0,"Ritchie CDP, Illinois",0,0,0,0,0,5,6,10,0,0,0,0,10,0,16,0
"Riverdale village, Illinois",12530,418,10722,1093,43,2,0,1829,421,761,372,0,27,38355,3503,1078,12288,13,5773,0,38,119,295,340,643,755,2066,620,897,5922,462,4472,2318,2154,108,22,278,371,480,278,897,137,312,672,769,17,64278,"Riverdale village, Illinois",228,3186,406,447,45,240,5882,1160,3133,,,,417,4472,1658,959,518,519,176,312,35,130,246,271,346,254,519,192,270,329,167,215,130,108,138,67,17,12,488,513,370,396,154,54,33,"Riverdale village, Illinois",306,414,527,437,334,403,559,548,101,278,236,44,237,71,18,79
"River Forest village, Illinois",10883,8732,654,707,0,395,0,518,247,2624,1726,996,237,125288,225,1309,9633,57,4315,0,36,343,21,112,328,421,535,466,2053,5313,741,4040,542,3498,206,216,237,462,633,299,527,230,223,799,448,17,64304,"River Forest village, Illinois",96,2633,183,98,564,435,5437,228,2953,,,,286,4040,1432,483,320,402,207,238,107,75,135,182,366,251,277,340,401,409,106,184,118,165,214,192,93,48,309,299,488,258,384,70,30,"River Forest village, Illinois",108,112,201,287,329,346,499,344,164,288,150,185,281,96,169,173
"River Grove village, Illinois",9957,6689,3,3075,0,89,0,1207,618,851,303,27,50,63193,999,984,6606,75,3917,0,10,139,11,201,648,651,1313,402,542,4708,490,3642,1325,2317,0,346,315,559,527,200,1082,150,453,425,496,17,64343,"River Grove village, Illinois",284,4307,249,54,18,114,5299,217,2515,,,,205,3642,1106,243,450,366,118,20,103,0,133,321,570,209,368,197,293,414,152,231,66,119,206,105,7,17,324,474,256,58,191,61,36,"River Grove village, Illinois",160,230,649,366,192,265,441,356,106,240,142,85,221,133,80,183
"Riverside village, Illinois",8748,6474,35,1897,0,215,0,694,374,1777,1151,420,268,120336,238,1191,7832,205,3518,0,15,74,19,73,120,131,606,617,1863,4163,521,3238,618,2620,11,271,492,344,400,173,457,189,218,766,476,17,64421,"Riverside village, Illinois",107,2856,129,0,208,599,4630,253,2260,,,,298,3238,1133,215,381,432,244,107,8,11,89,179,193,201,239,318,203,383,160,237,109,145,90,149,50,20,257,187,269,236,96,100,14,"Riverside village, Illinois",177,127,153,290,218,383,370,365,123,257,85,178,385,116,30,169
"Riverton village, Illinois",3464,3445,9,0,0,0,0,401,76,157,64,18,0,34488,715,894,3369,0,1766,30,324,104,228,69,447,141,160,209,54,1397,124,1684,713,971,92,33,362,245,381,106,58,0,53,0,0,17,64486,"Riverton village, Illinois",58,1288,69,0,0,0,1575,116,1181,,,,178,1684,387,154,72,89,63,34,71,0,0,198,13,105,17,93,31,147,0,29,71,58,70,32,50,0,193,124,63,44,52,0,0,"Riverton village, Illinois",0,218,0,195,91,102,302,120,0,86,0,50,34,51,32,310
"Riverwoods village, Illinois",3536,3324,25,88,0,99,0,203,29,956,528,468,93,231477,271,2639,3138,17,1356,0,3,140,408,177,222,108,286,0,12,1752,144,1250,61,1189,0,77,134,222,164,60,175,30,73,189,171,17,64538,"Riverwoods village, Illinois",64,1159,19,0,11,140,1745,84,1146,,,,117,1250,346,47,135,133,64,0,4,19,95,24,26,93,125,48,103,156,60,117,48,92,159,145,69,21,66,156,76,71,10,0,20,"Riverwoods village, Illinois",49,15,38,145,104,56,54,132,110,116,39,176,118,95,46,61
"Roanoke village, Illinois",1880,1749,6,111,0,0,0,146,151,181,36,0,0,64167,26,725,1876,4,793,0,0,17,113,56,116,126,132,38,195,948,115,716,192,524,83,77,100,173,44,54,97,57,67,68,13,17,64590,"Roanoke village, Illinois",6,747,72,0,0,0,933,28,571,,,,102,716,223,81,52,97,36,14,0,13,33,49,59,38,56,76,39,77,30,14,21,48,38,48,23,25,59,37,39,43,13,5,7,"Roanoke village, Illinois",41,97,59,35,52,37,36,52,21,49,30,31,30,46,29,65
"Robbins village, Illinois",5068,289,4417,219,0,22,0,1005,267,334,125,56,0,35815,1681,987,4915,0,2042,19,0,333,56,66,269,515,550,78,156,2151,205,1551,700,851,49,41,73,119,347,70,221,32,83,157,104,17,64616,"Robbins village, Illinois",17,1124,94,49,14,23,2020,255,2052,,,,250,1551,455,70,134,139,102,9,41,42,124,342,127,105,84,132,91,183,89,111,31,68,121,61,24,8,206,197,199,11,22,0,0,"Robbins village, Illinois",320,210,238,143,126,128,134,295,58,50,46,91,116,16,121,103
"Roberts village, Illinois",470,417,2,27,17,0,0,31,28,13,29,0,0,36250,155,806,456,0,226,0,0,6,0,13,26,41,28,19,93,226,44,189,68,121,45,11,5,45,27,12,23,0,25,18,7,17,64655,"Roberts village, Illinois",3,162,55,0,0,0,250,25,127,,,,20,189,64,17,13,20,11,1,1,15,10,5,6,14,22,19,25,14,0,14,1,6,3,6,1,2,20,6,11,37,10,1,2,"Roberts village, Illinois",13,2,4,14,26,41,16,7,6,8,2,7,3,1,2,5
"Robinson city, Illinois",7431,5957,1057,379,1,0,0,749,760,654,305,0,41,45137,791,654,7170,51,3082,6,157,48,206,203,296,370,703,414,679,2493,306,2611,874,1737,525,861,400,217,100,0,19,53,99,124,36,17,64707,"Robinson city, Illinois",15,2239,151,8,0,0,2815,150,3644,,,,419,2611,801,151,181,234,49,49,117,62,237,430,469,562,420,320,249,261,104,250,50,57,92,83,120,51,117,160,77,134,20,24,8,"Robinson city, Illinois",100,197,209,134,143,167,242,134,90,62,66,133,191,170,77,178
"Rochelle city, Illinois",9083,6587,130,2128,81,38,0,891,728,769,297,20,0,49413,681,807,8283,93,4288,0,30,299,443,484,809,599,487,451,686,4573,543,4035,2074,1961,283,957,277,339,304,361,589,257,326,201,171,17,64746,"Rochelle city, Illinois",120,3654,452,0,0,0,5172,542,2131,,,,590,4035,1216,309,326,207,313,98,45,195,222,351,320,341,180,349,196,271,98,154,80,130,71,136,119,94,118,255,297,85,176,83,35,"Rochelle city, Illinois",146,430,254,256,303,194,258,377,166,127,55,78,148,169,145,323
"Rochester village, Illinois",3778,3448,98,80,0,80,29,210,203,805,452,27,67,95463,55,1022,3739,19,1496,24,55,497,109,90,200,159,151,35,176,1741,173,1414,115,1299,79,99,84,441,387,123,70,7,0,99,17,17,64759,"Rochester village, Illinois",0,1350,46,0,0,0,1509,54,1335,,,,249,1414,529,102,158,192,130,35,31,0,12,76,125,47,64,123,50,146,13,58,25,151,75,30,27,71,106,141,142,105,21,9,10,"Rochester village, Illinois",66,60,119,179,75,206,55,84,72,126,18,177,117,50,20,79
"Rockbridge village, Illinois",215,198,17,0,0,0,0,11,8,22,0,0,2,56250,59,-666666666,215,0,77,0,0,5,9,6,5,18,2,2,30,106,23,58,6,52,1,1,19,6,0,6,6,3,1,10,6,17,64811,"Rockbridge village, Illinois",2,58,1,2,0,0,65,0,85,,,,6,58,30,10,16,7,17,0,0,0,0,4,6,3,2,22,1,2,0,0,0,10,0,0,4,2,20,10,2,0,0,0,0,"Rockbridge village, Illinois",0,11,9,0,2,31,0,2,0,1,0,12,3,0,6,0
"Rock City village, Illinois",354,325,0,0,24,0,0,25,22,10,17,0,0,49750,28,806,352,2,129,0,0,1,12,22,14,8,12,2,58,168,39,129,29,100,13,8,17,14,21,25,19,10,15,19,0,17,64837,"Rock City village, Illinois",3,148,10,0,0,0,181,5,67,,,,23,129,47,24,10,10,12,1,4,0,2,10,11,3,3,13,26,7,10,0,6,2,6,2,5,1,12,24,19,6,5,8,0,"Rock City village, Illinois",0,15,3,6,9,5,10,26,5,4,8,4,4,0,11,2
"Rockdale village, Illinois",2416,1162,145,1021,0,6,0,213,80,77,23,2,0,44406,613,1034,1948,11,902,0,0,62,36,64,50,99,178,176,237,1159,126,805,412,393,38,130,229,159,161,37,277,6,27,38,32,17,64902,"Rockdale village, Illinois",10,813,165,2,0,0,1319,125,614,,,,45,805,302,119,64,64,13,37,6,34,80,137,89,54,64,63,63,63,102,29,18,10,16,22,12,0,96,71,44,44,78,2,4,"Rockdale village, Illinois",109,158,61,37,53,86,79,120,22,11,43,10,30,16,83,0
"Rock Falls city, Illinois",8914,6684,133,2024,0,8,0,991,599,409,153,39,7,44264,1603,658,8641,15,4526,0,9,135,179,179,914,813,687,515,1095,4461,409,3981,1425,2556,155,652,1248,534,717,76,204,62,13,187,133,17,64928,"Rock Falls city, Illinois",107,3558,399,10,0,0,4654,263,2403,,,,857,3981,1201,395,264,344,192,121,55,36,229,270,229,258,173,164,245,293,378,123,85,190,165,124,38,121,226,240,269,199,26,160,44,"Rock Falls city, Illinois",122,308,165,358,224,246,274,351,134,191,143,167,237,145,127,66
"Rockford city, Illinois",147441,77914,31814,26996,78,5267,5,14891,8438,13796,5931,1734,559,44771,31436,784,127006,1361,68369,147,555,4069,6027,5883,9117,10461,11889,5496,14725,69774,8808,62011,28862,33149,1839,7430,11855,12783,9167,2857,5489,547,1075,2679,1613,17,65000,"Rockford city, Illinois",1746,48475,7387,1081,0,1,69912,6708,45411,,,,7900,62011,18220,4987,4952,5644,2904,1900,639,768,3012,5119,4492,3956,4148,4666,4284,4486,1894,2402,1803,2268,2593,1680,1168,1590,4921,4635,5109,2896,1623,566,1129,"Rockford city, Illinois",3203,5418,4739,4652,4171,4253,4436,5064,2109,2625,1673,2265,3329,2148,1384,3738
"Rock Island city, Illinois",37651,23158,6517,4730,120,1705,36,3992,2163,3240,1482,315,247,48120,7507,714,33799,136,17402,188,87,510,507,886,1475,1722,3023,2190,6814,18059,1815,15538,6003,9535,834,2465,3221,3710,2343,871,1244,131,126,439,467,17,65078,"Rock Island city, Illinois",160,13171,1360,295,0,8,18905,1440,11424,,,,2040,15538,4250,1275,882,1190,695,1067,615,455,714,1108,1436,955,983,959,895,1242,470,754,535,514,632,421,309,292,972,1100,1328,714,1219,263,338,"Rock Island city, Illinois",1017,1024,1012,1222,946,1161,877,1208,538,790,498,577,801,571,381,696
"Rock Island Arsenal CDP, Illinois",353,72,0,0,0,0,0,31,41,0,0,0,0,-666666666,0,-666666666,353,0,56,15,0,0,0,0,41,0,0,0,0,188,141,56,56,0,156,0,0,0,0,0,16,0,0,0,0,17,65104,"Rock Island Arsenal CDP, Illinois",0,157,0,0,0,0,213,41,0,,,,0,56,41,0,0,47,0,0,0,0,0,15,0,0,0,141,0,0,0,0,0,0,0,0,0,0,0,93,0,0,0,0,0,"Rock Island Arsenal CDP, Illinois",0,16,0,0,41,0,0,0,0,0,0,0,0,0,0,0
"Rockport CDP, Illinois",49,49,0,0,0,0,0,13,0,2,0,0,0,-666666666,0,-666666666,49,0,34,0,0,0,0,0,0,0,0,0,34,13,7,9,0,9,0,10,7,0,0,15,0,0,0,0,0,17,65130,"Rockport CDP, Illinois",0,32,0,0,0,0,32,0,5,,,,0,9,9,0,0,0,0,0,0,0,0,0,0,0,6,7,0,0,0,0,0,0,0,0,0,0,0,8,4,0,5,7,0,"Rockport CDP, Illinois",0,0,0,10,0,2,0,0,0,0,0,0,0,0,0,0
"Rockton village, Illinois",7710,6836,56,663,20,84,0,912,697,908,473,110,61,94109,431,730,7479,39,3155,21,24,1073,829,425,204,97,96,118,268,3642,599,3041,564,2477,62,374,506,741,481,468,833,129,85,74,76,17,65156,"Rockton village, Illinois",65,3365,492,0,0,0,4450,153,1747,,,,490,3041,1200,110,206,241,142,138,58,12,148,184,169,245,319,224,375,187,154,135,36,135,79,202,110,34,176,233,339,196,176,18,0,"Rockton village, Illinois",101,179,68,374,382,234,349,233,93,196,61,107,215,130,155,52
"Rockwood village, Illinois",25,25,0,0,0,0,0,3,1,0,0,0,0,49375,2,-666666666,25,0,11,0,0,1,6,1,0,0,0,0,3,13,3,11,1,10,1,0,0,5,2,1,0,0,1,0,1,17,65221,"Rockwood village, Illinois",0,10,0,0,0,0,13,2,10,,,,3,11,2,0,0,1,0,0,0,0,0,2,1,0,0,0,3,3,1,1,0,0,1,0,0,0,1,0,0,0,1,0,0,"Rockwood village, Illinois",0,0,0,0,0,1,1,2,0,0,2,0,2,0,0,2
"Rolling Meadows city, Illinois",23288,13298,506,6687,0,2247,4,1855,1177,3991,1671,333,103,78609,1298,1399,16422,435,8949,98,16,378,763,1695,1683,1608,2316,256,136,11903,1420,8491,2355,6136,269,1248,1523,1560,1898,523,1766,347,530,950,741,17,65338,"Rolling Meadows city, Illinois",188,9510,1278,1,42,213,12942,553,5417,,,,807,8491,2762,1144,747,677,358,226,279,102,346,1096,1100,678,730,646,795,934,273,339,290,225,411,231,192,169,784,541,644,388,201,30,212,"Rolling Meadows city, Illinois",237,532,1226,733,792,632,757,1020,229,299,336,277,331,437,182,480
"Rome CDP, Illinois",1394,1335,0,45,0,0,0,238,133,104,13,0,12,64868,115,885,1367,0,649,17,20,6,48,18,125,189,105,47,74,721,96,588,156,432,64,56,16,158,120,137,43,0,0,18,29,17,65403,"Rome CDP, Illinois",22,615,48,0,0,0,683,20,446,,,,88,588,169,36,11,72,34,7,0,0,6,55,35,0,85,79,17,54,40,43,18,45,30,16,38,0,13,93,33,14,27,7,10,"Rome CDP, Illinois",18,7,2,31,109,53,63,24,10,52,19,22,57,9,0,0
"Romeoville village, Illinois",39644,17754,4329,14006,0,2090,7,4016,2520,3964,1015,109,69,85888,2636,1631,30180,921,12366,134,227,5593,2472,426,1034,1644,727,39,70,19532,2749,11675,1877,9798,200,1750,2268,2157,1860,1331,3304,968,884,2082,2527,17,65442,"Romeoville village, Illinois",718,16701,2153,62,43,367,22311,923,8955,,,,1298,11675,4849,1080,1104,1337,1449,790,435,338,1138,1345,1276,1682,1270,1247,1502,1119,422,245,296,639,264,366,83,158,1260,1125,1649,692,1152,581,254,"Romeoville village, Illinois",759,1005,1320,1096,1493,1660,1524,1172,307,583,173,706,636,398,217,297
"Roodhouse city, Illinois",1656,1611,4,18,0,0,4,118,186,64,24,8,0,38977,436,625,1640,12,913,9,4,22,43,26,100,66,188,58,397,846,98,712,170,542,30,92,56,11,78,90,61,4,28,47,52,17,65481,"Roodhouse city, Illinois",25,489,74,0,0,0,658,46,650,,,,120,712,177,63,88,39,19,17,13,14,22,51,61,38,29,61,37,65,16,70,35,12,38,29,20,9,22,63,66,16,26,2,0,"Roodhouse city, Illinois",9,62,64,37,21,58,51,42,43,33,86,10,46,27,16,10
"Roscoe village, Illinois",10632,9187,383,447,0,431,0,1024,544,1516,570,139,180,98750,434,1148,9784,63,3892,24,281,1489,1262,347,158,133,90,32,76,5419,752,3738,969,2769,85,409,658,851,1012,742,796,101,51,117,158,17,65611,"Roscoe village, Illinois",116,4694,255,20,0,0,5653,191,2064,,,,489,3738,1768,649,334,502,325,93,77,73,149,178,465,334,446,398,354,254,69,237,85,103,168,80,29,21,372,567,361,158,76,106,73,"Roscoe village, Illinois",195,246,329,476,322,469,355,327,97,102,22,157,152,109,72,66
"Rose Hill village, Illinois",83,81,0,1,0,1,0,12,7,3,2,0,0,35417,10,475,82,0,49,0,0,2,2,8,14,4,2,5,12,50,0,39,8,31,4,2,2,3,5,6,2,0,9,3,2,17,65754,"Rose Hill village, Illinois",0,38,0,0,0,0,41,2,21,,,,5,39,11,1,10,6,0,3,0,0,0,1,2,3,6,0,0,11,0,2,1,0,0,2,2,0,0,0,4,0,2,0,0,"Rose Hill village, Illinois",0,3,4,5,0,3,1,5,2,0,0,3,0,1,0,0
"Roselle village, Illinois",22744,17586,570,2322,0,1618,8,2338,1018,4105,1647,282,168,92470,1004,1400,18660,247,8676,15,0,581,1385,1343,3278,1025,653,84,312,10552,1547,8519,2165,6354,348,737,1188,1435,1562,832,2186,497,479,1089,1083,17,65806,"Roselle village, Illinois",503,10451,763,0,12,595,13659,774,5086,,,,695,8519,2731,459,533,518,604,244,90,291,380,757,620,758,803,652,903,875,269,302,250,275,326,280,225,185,678,801,615,499,129,135,354,"Roselle village, Illinois",592,659,735,580,843,812,1064,1002,270,643,188,405,379,360,259,143
"Rosemont village, Illinois",4173,2025,68,1947,0,76,0,296,178,484,176,14,14,56432,449,964,2316,13,1775,19,25,14,75,192,640,431,290,25,64,2212,289,1597,1220,377,158,339,238,360,197,39,229,92,43,93,165,17,65819,"Rosemont village, Illinois",59,1452,252,129,36,9,2220,150,1244,,,,133,1597,497,98,87,190,104,108,29,19,114,171,131,51,205,144,145,257,29,98,47,46,14,36,53,36,107,117,34,92,139,0,29,"Rosemont village, Illinois",16,287,143,117,95,109,172,95,92,79,80,24,42,29,20,43
"Roseville village, Illinois",852,767,20,65,0,0,0,103,71,106,27,5,0,42368,68,650,841,10,426,0,0,33,14,10,71,38,30,37,193,387,59,368,80,288,22,11,20,31,35,33,66,4,27,4,14,17,65845,"Roseville village, Illinois",19,253,33,0,0,0,328,14,355,,,,109,368,84,10,48,29,3,0,11,4,6,25,13,39,12,37,22,15,11,19,16,24,9,29,19,7,23,28,22,17,0,0,0,"Roseville village, Illinois",13,29,11,37,7,8,19,26,10,16,21,32,14,30,39,42
"Rosewood Heights CDP, Illinois",3990,3826,63,101,0,0,0,410,421,567,131,88,13,80661,154,788,3923,0,1850,0,0,0,0,33,305,501,833,78,100,1934,235,1675,158,1517,9,226,316,346,174,60,178,117,71,153,98,17,65884,"Rosewood Heights CDP, Illinois",46,1684,110,0,0,0,2190,146,1111,,,,371,1675,503,47,113,34,77,0,24,41,34,188,233,101,87,51,184,247,20,35,35,18,202,90,13,60,221,146,72,55,3,0,18,"Rosewood Heights CDP, Illinois",125,58,254,87,9,75,216,104,13,55,54,69,195,89,81,57
"Rosiclare city, Illinois",1020,1009,0,11,0,0,0,104,120,43,23,7,4,38750,174,446,1013,0,503,0,3,6,28,30,65,54,103,67,147,558,282,354,117,237,40,86,93,6,29,8,3,35,8,17,28,17,65897,"Rosiclare city, Illinois",11,308,35,10,0,0,396,30,467,,,,34,354,102,15,11,12,22,0,0,0,11,27,24,48,8,51,231,38,15,3,4,21,0,17,0,0,27,46,35,11,20,0,22,"Rosiclare city, Illinois",5,24,15,47,11,44,61,28,0,14,5,14,7,4,16,6
"Ridgway village, Illinois",831,750,0,18,0,6,0,60,76,99,16,7,0,39575,100,518,825,0,531,3,0,15,44,31,154,38,85,51,110,378,29,445,116,329,79,39,26,55,24,39,57,16,34,7,15,17,64018,"Ridgway village, Illinois",19,372,22,2,0,0,434,17,273,,,,63,445,139,2,13,23,10,30,0,2,9,47,28,31,48,16,13,11,14,9,26,3,19,9,12,3,17,43,21,9,9,2,0,"Ridgway village, Illinois",20,13,33,42,11,12,17,18,2,18,18,28,26,16,16,62
"Rossville village, Illinois",1152,972,0,156,0,15,3,84,85,109,27,0,5,45625,141,700,1108,24,539,0,16,7,29,28,42,37,43,36,301,531,60,435,121,314,41,37,55,50,32,22,118,6,7,27,23,17,65962,"Rossville village, Illinois",4,358,55,3,0,0,480,18,354,,,,72,435,146,39,41,81,6,14,0,13,23,13,22,40,27,21,39,27,10,12,8,32,18,28,8,9,33,60,54,39,7,7,5,"Rossville village, Illinois",27,15,19,40,55,23,40,24,27,31,16,10,18,29,8,34
"Round Lake village, Illinois",18235,9805,1506,4103,5,2152,0,1697,896,3374,1082,128,68,82550,1581,1171,12575,125,6272,27,60,4103,843,245,513,127,171,68,115,8649,1672,6073,1437,4636,162,333,477,918,1295,708,1709,268,735,1302,1264,17,66027,"Round Lake village, Illinois",207,8040,953,61,48,187,10647,647,3150,,,,677,6073,2621,506,703,715,390,239,109,96,430,323,457,653,698,748,924,491,141,336,101,173,259,124,35,10,570,751,864,617,322,46,45,"Round Lake village, Illinois",304,490,471,667,984,833,771,263,301,222,200,232,367,165,47,42
"Round Lake Beach village, Illinois",27313,11275,1061,13808,121,720,0,2469,1245,1809,835,60,88,77207,1779,1255,20371,432,8961,16,111,910,3009,1175,2006,406,623,351,354,14285,1596,8502,2006,6496,242,772,1132,1221,1893,855,2126,770,1133,2244,745,17,66040,"Round Lake Beach village, Illinois",457,11307,1618,34,0,354,15274,771,5516,,,,1089,8502,3805,930,1085,1110,938,341,231,230,848,1241,915,1321,995,907,703,885,292,411,234,220,306,149,67,22,913,780,1177,739,316,122,133,"Round Lake Beach village, Illinois",472,903,956,914,772,1045,839,860,348,374,172,270,368,137,150,172
"Round Lake Heights village, Illinois",3009,1431,257,1192,0,85,0,203,82,248,124,15,5,74286,253,1293,2283,55,886,0,0,377,42,42,79,56,66,195,29,1500,184,858,146,712,10,51,73,142,169,57,206,104,198,228,141,17,66053,"Round Lake Heights village, Illinois",79,1198,186,3,0,53,1672,105,515,,,,94,858,470,76,193,116,75,65,15,44,43,123,130,102,101,77,107,131,18,9,28,16,12,12,11,0,51,113,188,150,44,23,39,"Round Lake Heights village, Illinois",69,47,83,81,192,89,77,59,19,23,29,13,54,7,3,52
"Round Lake Park village, Illinois",7744,3883,408,3150,3,81,0,500,216,336,226,103,4,48809,749,1139,5935,6,3075,45,0,761,968,391,177,171,197,294,71,3580,257,2900,420,2480,40,123,511,234,357,249,466,123,169,337,216,17,66066,"Round Lake Park village, Illinois",45,2392,460,0,0,9,3442,362,2915,,,,579,2900,610,110,285,238,100,123,63,118,172,191,208,208,178,192,65,127,167,64,34,160,185,232,61,334,258,221,205,108,55,100,226,"Round Lake Park village, Illinois",154,166,153,183,173,114,231,141,56,269,111,214,198,259,338,196
"Roxana village, Illinois",1570,1490,19,19,9,11,3,233,117,156,33,12,0,51923,249,782,1537,14,761,45,0,7,9,25,63,44,179,153,236,768,142,698,187,511,54,79,132,67,91,36,40,23,27,62,8,17,66131,"Roxana village, Illinois",11,555,45,14,0,0,704,29,594,,,,104,698,236,61,31,23,36,17,6,3,14,46,34,29,96,75,67,66,26,16,21,6,53,11,25,6,46,45,37,40,3,10,3,"Roxana village, Illinois",12,24,77,83,47,27,46,102,16,36,7,38,49,32,4,18
"Royal village, Illinois",370,338,27,0,0,0,0,43,29,59,9,0,5,75750,21,1325,368,0,154,6,6,5,24,15,34,9,20,6,29,180,13,149,23,126,13,15,7,24,22,28,50,9,4,2,0,17,66157,"Royal village, Illinois",0,161,6,0,0,0,183,5,108,,,,13,149,42,17,21,10,2,1,6,0,4,13,15,6,10,3,10,15,3,4,4,7,11,6,8,4,1,12,14,4,0,0,0,"Royal village, Illinois",22,1,24,10,9,10,7,11,5,14,6,3,8,12,13,4
"Royal Lakes village, Illinois",282,70,206,0,3,2,0,16,11,8,6,0,0,19773,74,253,282,0,170,7,5,48,43,25,17,9,7,1,8,124,11,126,55,71,0,9,0,1,0,0,4,0,5,9,4,17,66196,"Royal Lakes village, Illinois",0,26,6,0,0,0,39,6,207,,,,39,126,15,0,0,2,12,0,0,3,5,3,0,0,2,4,7,31,7,22,0,0,7,9,10,0,0,18,4,3,17,18,0,"Royal Lakes village, Illinois",0,0,0,2,0,6,20,29,0,9,3,0,20,4,5,0
"Royalton village, Illinois",1107,1019,53,25,0,0,0,102,104,156,25,0,0,33750,195,678,1091,4,632,8,4,30,105,51,69,35,47,58,225,557,116,540,140,400,8,0,26,55,77,117,79,3,13,75,28,17,66209,"Royalton village, Illinois",7,454,29,0,0,0,529,0,438,,,,93,540,94,38,17,21,10,3,3,0,5,57,22,40,51,22,94,36,17,18,26,14,21,26,12,4,0,42,12,8,19,5,18,"Royalton village, Illinois",16,18,12,54,27,50,53,25,8,26,18,36,40,23,17,23
"Ruma village, Illinois",442,426,0,3,0,5,0,37,32,17,22,1,0,78125,43,810,430,0,161,1,17,10,36,24,21,2,15,23,12,210,33,146,24,122,7,25,51,5,18,4,23,4,2,32,16,17,66287,"Ruma village, Illinois",10,170,22,3,0,0,215,8,102,,,,16,146,48,21,21,16,6,4,0,7,8,7,5,17,6,21,12,9,3,19,3,10,10,3,1,1,18,29,13,5,0,0,0,"Ruma village, Illinois",1,14,10,18,5,22,9,14,10,18,0,17,16,9,4,0
"Rushville city, Illinois",2248,2132,88,11,0,10,0,275,114,259,94,0,22,41621,256,762,2167,0,1502,12,0,83,130,127,385,136,151,151,327,1019,117,1155,426,729,135,289,98,125,157,79,140,3,10,16,58,17,66339,"Rushville city, Illinois",52,888,170,0,0,0,1249,70,702,,,,103,1155,157,64,30,59,6,66,14,0,10,101,59,55,116,83,35,50,40,50,12,38,66,44,31,28,26,44,70,25,47,20,0,"Rushville city, Illinois",16,27,82,85,9,82,77,169,28,62,29,48,50,65,57,73
"Russellville village, Illinois",75,69,0,0,0,6,0,5,8,0,2,0,0,27143,13,-666666666,69,0,70,6,0,0,5,7,25,3,8,8,8,34,4,54,12,42,5,0,1,10,14,0,0,0,0,0,2,17,66404,"Russellville village, Illinois",0,27,0,0,0,0,33,1,38,,,,1,54,5,0,2,2,0,1,0,0,0,0,6,8,2,0,4,1,3,1,0,0,4,0,0,0,0,0,0,6,0,0,0,"Russellville village, Illinois",0,0,0,3,6,0,0,1,0,1,0,9,8,0,2,5
"Rutland village, Illinois",279,265,0,10,0,0,0,16,11,9,0,0,0,43750,70,825,275,0,158,0,0,17,13,18,24,6,13,9,58,128,7,124,19,105,0,30,27,13,5,8,4,3,4,1,4,17,66443,"Rutland village, Illinois",6,99,6,0,0,0,120,8,88,,,,19,124,30,0,1,31,6,3,0,0,1,9,6,8,7,4,3,15,3,12,1,7,6,2,3,0,2,24,12,8,1,0,5,"Rutland village, Illinois",0,3,12,8,3,7,9,7,0,6,4,7,5,4,19,5
"Sadorus village, Illinois",357,344,1,6,0,0,0,40,11,15,9,1,0,49500,22,738,348,7,172,6,0,5,12,10,40,27,21,4,47,197,18,156,17,139,2,40,16,11,38,11,33,4,8,3,6,17,66534,"Sadorus village, Illinois",4,157,18,0,0,0,199,3,98,,,,37,156,38,13,9,11,5,0,5,0,0,17,7,8,7,9,9,28,5,5,0,21,11,2,3,22,8,16,1,3,3,2,2,"Sadorus village, Illinois",0,1,10,10,4,12,13,16,10,5,3,24,7,6,3,1
"Sailor Springs village, Illinois",114,108,0,3,0,0,0,4,5,0,1,0,0,63125,23,-666666666,111,0,59,0,0,2,4,23,3,2,1,1,23,66,4,49,4,45,1,1,0,5,26,2,5,0,5,0,2,17,66599,"Sailor Springs village, Illinois",0,43,2,0,0,0,55,7,47,,,,8,49,11,4,0,3,2,2,0,1,0,4,2,8,0,2,2,14,2,2,2,0,7,0,9,0,0,3,0,5,0,0,0,"Sailor Springs village, Illinois",1,0,3,0,1,9,11,2,1,4,1,2,1,3,0,1
